<?xml version="1.0" encoding="UTF-8"?>
<session sessioncode="8392756311">
<general>
<client_version>25.1.1.13</client_version>
<mode>real</mode>
<gametype>Holdem NL</gametype>
<tablename>Twister €5 SNG, 1128642008</tablename>
<tournamentcode>1128642007</tournamentcode>
<tournamentname>Twister €5 SNG</tournamentname>
<buyin>€0 + €0.35 + €4.65</buyin>
<totalbuyin>€5</totalbuyin>
<rewarddrawn>€25</rewarddrawn>
<tournamentcurrency>EUR</tournamentcurrency>
<currency>EUR</currency>
<nickname>oreiasccp</nickname>
<gamecount>24</gamecount>
<startdate>2025-06-27 07:48:15</startdate>
<place>1</place>
<win>€25</win>
<tablesize>3</tablesize>
</general>
<game gamecode="11536458326"><general><startdate>2025-06-27 07:48:30</startdate>
<round>1</round>
<failsafecounter/>
<players><player seat="6" name="gasgas" chips="500" dealer="0" win="120" bet="99" muck="1" rebuy="0" addon="0" merge="0" rebuychips="0" reg_code="8392756318"/>
<player seat="10" name="champgnepapi" chips="500" dealer="1" win="0" bet="0" muck="1" rebuy="0" addon="0" merge="0" rebuychips="0" reg_code="8392756325"/>
<player seat="3" name="oreiasccp" chips="500" dealer="0" win="0" bet="60" muck="1" rebuy="0" addon="0" merge="0" rebuychips="0" reg_code="8392756311"/>
</players>
</general>
<round no="0"><action no="1" player="oreiasccp" type="1" sum="10"/>
<action no="2" player="gasgas" type="2" discard="1" dealt="1" sum="20"/>
</round>
<round no="1"><cards type="Pocket" player="oreiasccp">SK C4</cards>
<cards type="Pocket" player="champgnepapi">X X</cards>
<cards type="Pocket" player="gasgas">X X</cards>
<action no="3" player="champgnepapi" type="0" discard="1" dealt="1" sum="0"/>
<action no="4" player="oreiasccp" type="23" sum="40"/>
<action no="5" player="gasgas" type="3" discard="1" dealt="1" sum="20"/>
</round>
<round no="2"><cards type="Flop">S8 HJ DA</cards>
<action no="6" player="oreiasccp" type="5" sum="20"/>
<action no="7" player="gasgas" type="3" discard="1" dealt="1" sum="20"/>
</round>
<round no="3"><cards type="Turn">CJ</cards>
<action no="8" player="oreiasccp" type="4" sum="0"/>
<action no="9" player="gasgas" type="5" discard="1" dealt="1" sum="39"/>
<action no="10" player="oreiasccp" type="0" sum="0"/>
</round>
</game>
<game gamecode="11536458433"><general><startdate>2025-06-27 07:49:07</startdate>
<round>1</round>
<failsafecounter/>
<players><player seat="10" name="champgnepapi" chips="500" dealer="0" win="120" bet="90" muck="1" rebuy="0" addon="0" merge="0" rebuychips="0" reg_code="8392756325"/>
<player seat="3" name="oreiasccp" chips="440" dealer="1" win="0" bet="0" muck="1" rebuy="0" addon="0" merge="0" rebuychips="0" reg_code="8392756311"/>
<player seat="6" name="gasgas" chips="560" dealer="0" win="0" bet="60" muck="1" rebuy="0" addon="0" merge="0" rebuychips="0" reg_code="8392756318"/>
</players>
</general>
<round no="0"><action no="1" player="gasgas" type="1" discard="1" dealt="1" sum="10"/>
<action no="2" player="champgnepapi" type="2" discard="1" dealt="1" sum="20"/>
</round>
<round no="1"><cards type="Pocket" player="oreiasccp">C4 H5</cards>
<cards type="Pocket" player="gasgas">X X</cards>
<cards type="Pocket" player="champgnepapi">X X</cards>
<action no="3" player="oreiasccp" type="0" sum="0"/>
<action no="4" player="gasgas" type="3" discard="1" dealt="1" sum="10"/>
<action no="5" player="champgnepapi" type="23" discard="1" dealt="1" sum="60"/>
<action no="6" player="gasgas" type="3" discard="1" dealt="1" sum="40"/>
</round>
<round no="2"><cards type="Flop">CQ H6 S2</cards>
<action no="7" player="gasgas" type="4" discard="1" dealt="1" sum="0"/>
<action no="8" player="champgnepapi" type="5" discard="1" dealt="1" sum="30"/>
<action no="9" player="gasgas" type="0" discard="1" dealt="1" sum="0"/>
</round>
</game>
<game gamecode="11536458510"><general><startdate>2025-06-27 07:49:37</startdate>
<round>1</round>
<failsafecounter/>
<players><player seat="3" name="oreiasccp" chips="440" dealer="0" win="0" bet="20" muck="1" rebuy="0" addon="0" merge="0" rebuychips="0" reg_code="8392756311"/>
<player seat="6" name="gasgas" chips="500" dealer="1" win="0" bet="40" muck="1" rebuy="0" addon="0" merge="0" rebuychips="0" reg_code="8392756318"/>
<player seat="10" name="champgnepapi" chips="560" dealer="0" win="100" bet="560" muck="1" rebuy="0" addon="0" merge="0" rebuychips="0" reg_code="8392756325"/>
</players>
</general>
<round no="0"><action no="1" player="champgnepapi" type="1" discard="1" dealt="1" sum="10"/>
<action no="2" player="oreiasccp" type="2" sum="20"/>
</round>
<round no="1"><cards type="Pocket" player="oreiasccp">CJ H8</cards>
<cards type="Pocket" player="gasgas">X X</cards>
<cards type="Pocket" player="champgnepapi">X X</cards>
<action no="3" player="gasgas" type="23" discard="1" dealt="1" sum="40"/>
<action no="4" player="champgnepapi" type="23" discard="1" dealt="1" sum="560"/>
<action no="5" player="oreiasccp" type="0" sum="0"/>
<action no="6" player="gasgas" type="0" discard="1" dealt="1" sum="0"/>
</round>
</game>
<game gamecode="11536458582"><general><startdate>2025-06-27 07:50:00</startdate>
<round>1</round>
<failsafecounter/>
<players><player seat="6" name="gasgas" chips="460" dealer="0" win="218" bet="175" muck="1" rebuy="0" addon="0" merge="0" rebuychips="0" reg_code="8392756318"/>
<player seat="10" name="champgnepapi" chips="620" dealer="1" win="0" bet="104" muck="1" rebuy="0" addon="0" merge="0" rebuychips="0" reg_code="8392756325"/>
<player seat="3" name="oreiasccp" chips="420" dealer="0" win="0" bet="10" muck="1" rebuy="0" addon="0" merge="0" rebuychips="0" reg_code="8392756311"/>
</players>
</general>
<round no="0"><action no="1" player="oreiasccp" type="1" sum="10"/>
<action no="2" player="gasgas" type="2" discard="1" dealt="1" sum="20"/>
</round>
<round no="1"><cards type="Pocket" player="oreiasccp">CA S6</cards>
<cards type="Pocket" player="gasgas">X X</cards>
<cards type="Pocket" player="champgnepapi">X X</cards>
<action no="3" player="champgnepapi" type="23" discard="1" dealt="1" sum="40"/>
<action no="4" player="oreiasccp" type="0" sum="0"/>
<action no="5" player="gasgas" type="3" discard="1" dealt="1" sum="20"/>
</round>
<round no="2"><cards type="Flop">H5 D2 D10</cards>
<action no="6" player="gasgas" type="4" discard="1" dealt="1" sum="0"/>
<action no="7" player="champgnepapi" type="5" discard="1" dealt="1" sum="22"/>
<action no="8" player="gasgas" type="23" discard="1" dealt="1" sum="64"/>
<action no="9" player="champgnepapi" type="3" discard="1" dealt="1" sum="42"/>
</round>
<round no="3"><cards type="Turn">D5</cards>
<action no="10" player="gasgas" type="5" discard="1" dealt="1" sum="71"/>
<action no="11" player="champgnepapi" type="0" discard="1" dealt="1" sum="0"/>
</round>
</game>
<game gamecode="11536458676"><general><startdate>2025-06-27 07:50:31</startdate>
<round>1</round>
<failsafecounter/>
<players><player seat="10" name="champgnepapi" chips="516" dealer="0" win="0" bet="516" muck="0" rebuy="0" addon="0" merge="0" rebuychips="0" reg_code="8392756325"/>
<player seat="3" name="oreiasccp" chips="410" dealer="1" win="840" bet="410" muck="0" rebuy="0" addon="0" merge="0" rebuychips="0" reg_code="8392756311"/>
<player seat="6" name="gasgas" chips="574" dealer="0" win="0" bet="20" muck="1" rebuy="0" addon="0" merge="0" rebuychips="0" reg_code="8392756318"/>
</players>
</general>
<round no="0"><action no="1" player="gasgas" type="15" discard="1" dealt="1" sum="5"/>
<action no="2" player="champgnepapi" type="15" discard="1" dealt="1" sum="5"/>
<action no="3" player="oreiasccp" type="15" sum="5"/>
<action no="4" player="gasgas" type="1" discard="1" dealt="1" sum="15"/>
<action no="5" player="champgnepapi" type="2" discard="1" dealt="1" sum="30"/>
</round>
<round no="1"><cards type="Pocket" player="champgnepapi">D5 DA</cards>
<cards type="Pocket" player="oreiasccp">S10 D10</cards>
<cards type="Pocket" player="gasgas">X X</cards>
<action no="6" player="oreiasccp" type="23" sum="60"/>
<action no="7" player="gasgas" type="0" discard="1" dealt="1" sum="0"/>
<action no="8" player="champgnepapi" type="23" discard="1" dealt="1" sum="511"/>
<action no="9" player="oreiasccp" type="7" sum="345"/>
</round>
<round no="2"><cards type="Flop">S6 C9 CK</cards>
</round>
<round no="3"><cards type="Turn">H4</cards>
</round>
<round no="4"><cards type="River">C8</cards>
</round>
</game>
<game gamecode="11536458735"><general><startdate>2025-06-27 07:50:54</startdate>
<round>1</round>
<failsafecounter/>
<players><player seat="3" name="oreiasccp" chips="840" dealer="0" win="217" bet="106" muck="0" rebuy="0" addon="0" merge="0" rebuychips="0" reg_code="8392756311"/>
<player seat="6" name="gasgas" chips="554" dealer="1" win="0" bet="5" muck="1" rebuy="0" addon="0" merge="0" rebuychips="0" reg_code="8392756318"/>
<player seat="10" name="champgnepapi" chips="106" dealer="0" win="0" bet="106" muck="0" rebuy="0" addon="0" merge="0" rebuychips="0" reg_code="8392756325"/>
</players>
</general>
<round no="0"><action no="1" player="champgnepapi" type="15" discard="1" dealt="1" sum="5"/>
<action no="2" player="oreiasccp" type="15" sum="5"/>
<action no="3" player="gasgas" type="15" discard="1" dealt="1" sum="5"/>
<action no="4" player="champgnepapi" type="1" discard="1" dealt="1" sum="15"/>
<action no="5" player="oreiasccp" type="2" sum="30"/>
</round>
<round no="1"><cards type="Pocket" player="champgnepapi">S6 S4</cards>
<cards type="Pocket" player="gasgas">X X</cards>
<cards type="Pocket" player="oreiasccp">S3 CA</cards>
<action no="6" player="gasgas" type="0" discard="1" dealt="1" sum="0"/>
<action no="7" player="champgnepapi" type="23" discard="1" dealt="1" sum="101"/>
<action no="8" player="oreiasccp" type="3" sum="71"/>
</round>
<round no="2"><cards type="Flop">CJ S2 S7</cards>
</round>
<round no="3"><cards type="Turn">HK</cards>
</round>
<round no="4"><cards type="River">D10</cards>
</round>
</game>
<game gamecode="11536458789"><general><startdate>2025-06-27 07:51:13</startdate>
<round>1</round>
<failsafecounter/>
<players><player seat="6" name="gasgas" chips="549" dealer="0" win="0" bet="137" muck="1" rebuy="0" addon="0" merge="0" rebuychips="0" reg_code="8392756318"/>
<player seat="3" name="oreiasccp" chips="951" dealer="1" win="274" bet="257" muck="1" rebuy="0" addon="0" merge="0" rebuychips="0" reg_code="8392756311"/>
</players>
</general>
<round no="0"><action no="1" player="oreiasccp" type="15" sum="5"/>
<action no="2" player="gasgas" type="15" discard="1" dealt="1" sum="5"/>
<action no="3" player="oreiasccp" type="1" sum="15"/>
<action no="4" player="gasgas" type="2" discard="1" dealt="1" sum="30"/>
</round>
<round no="1"><cards type="Pocket" player="gasgas">X X</cards>
<cards type="Pocket" player="oreiasccp">DA SA</cards>
<action no="5" player="oreiasccp" type="23" sum="60"/>
<action no="6" player="gasgas" type="3" discard="1" dealt="1" sum="30"/>
</round>
<round no="2"><cards type="Flop">CK H2 D7</cards>
<action no="7" player="gasgas" type="4" discard="1" dealt="1" sum="0"/>
<action no="8" player="oreiasccp" type="5" sum="30"/>
<action no="9" player="gasgas" type="23" discard="1" dealt="1" sum="72"/>
<action no="10" player="oreiasccp" type="3" sum="42"/>
</round>
<round no="3"><cards type="Turn">S6</cards>
<action no="11" player="gasgas" type="4" discard="1" dealt="1" sum="0"/>
<action no="12" player="oreiasccp" type="5" sum="120"/>
<action no="13" player="gasgas" type="0" discard="1" dealt="1" sum="0"/>
</round>
</game>
<game gamecode="11536458891"><general><startdate>2025-06-27 07:51:46</startdate>
<round>1</round>
<failsafecounter/>
<players><player seat="3" name="oreiasccp" chips="1,088" dealer="0" win="0" bet="35" muck="1" rebuy="0" addon="0" merge="0" rebuychips="0" reg_code="8392756311"/>
<player seat="6" name="gasgas" chips="412" dealer="1" win="70" bet="105" muck="1" rebuy="0" addon="0" merge="0" rebuychips="0" reg_code="8392756318"/>
</players>
</general>
<round no="0"><action no="1" player="gasgas" type="15" discard="1" dealt="1" sum="5"/>
<action no="2" player="oreiasccp" type="15" sum="5"/>
<action no="3" player="gasgas" type="1" discard="1" dealt="1" sum="15"/>
<action no="4" player="oreiasccp" type="2" sum="30"/>
</round>
<round no="1"><cards type="Pocket" player="gasgas">X X</cards>
<cards type="Pocket" player="oreiasccp">DJ D7</cards>
<action no="5" player="gasgas" type="3" discard="1" dealt="1" sum="15"/>
<action no="6" player="oreiasccp" type="4" sum="0"/>
</round>
<round no="2"><cards type="Flop">H2 C5 C2</cards>
<action no="7" player="oreiasccp" type="4" sum="0"/>
<action no="8" player="gasgas" type="4" discard="1" dealt="1" sum="0"/>
</round>
<round no="3"><cards type="Turn">S3</cards>
<action no="9" player="oreiasccp" type="4" sum="0"/>
<action no="10" player="gasgas" type="5" discard="1" dealt="1" sum="70"/>
<action no="11" player="oreiasccp" type="0" sum="0"/>
</round>
</game>
<game gamecode="11536458959"><general><startdate>2025-06-27 07:52:08</startdate>
<round>1</round>
<failsafecounter/>
<players><player seat="6" name="gasgas" chips="447" dealer="0" win="0" bet="232" muck="1" rebuy="0" addon="0" merge="0" rebuychips="0" reg_code="8392756318"/>
<player seat="3" name="oreiasccp" chips="1,053" dealer="1" win="464" bet="447" muck="1" rebuy="0" addon="0" merge="0" rebuychips="0" reg_code="8392756311"/>
</players>
</general>
<round no="0"><action no="1" player="oreiasccp" type="15" sum="5"/>
<action no="2" player="gasgas" type="15" discard="1" dealt="1" sum="5"/>
<action no="3" player="oreiasccp" type="1" sum="15"/>
<action no="4" player="gasgas" type="2" discard="1" dealt="1" sum="30"/>
</round>
<round no="1"><cards type="Pocket" player="gasgas">X X</cards>
<cards type="Pocket" player="oreiasccp">C7 CK</cards>
<action no="5" player="oreiasccp" type="3" sum="15"/>
<action no="6" player="gasgas" type="23" discard="1" dealt="1" sum="90"/>
<action no="7" player="oreiasccp" type="3" sum="60"/>
</round>
<round no="2"><cards type="Flop">C4 HA C2</cards>
<action no="8" player="gasgas" type="5" discard="1" dealt="1" sum="45"/>
<action no="9" player="oreiasccp" type="3" sum="45"/>
</round>
<round no="3"><cards type="Turn">D3</cards>
<action no="10" player="gasgas" type="5" discard="1" dealt="1" sum="92"/>
<action no="11" player="oreiasccp" type="3" sum="92"/>
</round>
<round no="4"><cards type="River">CQ</cards>
<action no="12" player="gasgas" type="4" discard="1" dealt="1" sum="0"/>
<action no="13" player="oreiasccp" type="5" sum="215"/>
<action no="14" player="gasgas" type="0" discard="1" dealt="1" sum="0"/>
</round>
</game>
<game gamecode="11536459066"><general><startdate>2025-06-27 07:52:49</startdate>
<round>1</round>
<failsafecounter/>
<players><player seat="3" name="oreiasccp" chips="1,285" dealer="0" win="0" bet="45" muck="1" rebuy="0" addon="0" merge="0" rebuychips="0" reg_code="8392756311"/>
<player seat="6" name="gasgas" chips="215" dealer="1" win="90" bet="215" muck="1" rebuy="0" addon="0" merge="0" rebuychips="0" reg_code="8392756318"/>
</players>
</general>
<round no="0"><action no="1" player="gasgas" type="15" discard="1" dealt="1" sum="5"/>
<action no="2" player="oreiasccp" type="15" sum="5"/>
<action no="3" player="gasgas" type="1" discard="1" dealt="1" sum="20"/>
<action no="4" player="oreiasccp" type="2" sum="40"/>
</round>
<round no="1"><cards type="Pocket" player="oreiasccp">DJ C2</cards>
<cards type="Pocket" player="gasgas">X X</cards>
<action no="5" player="gasgas" type="23" discard="1" dealt="1" sum="210"/>
<action no="6" player="oreiasccp" type="0" sum="0"/>
</round>
</game>
<game gamecode="11536459090"><general><startdate>2025-06-27 07:52:57</startdate>
<round>1</round>
<failsafecounter/>
<players><player seat="6" name="gasgas" chips="260" dealer="0" win="90" bet="260" muck="1" rebuy="0" addon="0" merge="0" rebuychips="0" reg_code="8392756318"/>
<player seat="3" name="oreiasccp" chips="1,240" dealer="1" win="0" bet="45" muck="1" rebuy="0" addon="0" merge="0" rebuychips="0" reg_code="8392756311"/>
</players>
</general>
<round no="0"><action no="1" player="oreiasccp" type="15" sum="5"/>
<action no="2" player="gasgas" type="15" discard="1" dealt="1" sum="5"/>
<action no="3" player="oreiasccp" type="1" sum="20"/>
<action no="4" player="gasgas" type="2" discard="1" dealt="1" sum="40"/>
</round>
<round no="1"><cards type="Pocket" player="gasgas">X X</cards>
<cards type="Pocket" player="oreiasccp">CJ S4</cards>
<action no="5" player="oreiasccp" type="3" sum="20"/>
<action no="6" player="gasgas" type="23" discard="1" dealt="1" sum="255"/>
<action no="7" player="oreiasccp" type="0" sum="0"/>
</round>
</game>
<game gamecode="11536459129"><general><startdate>2025-06-27 07:53:12</startdate>
<round>1</round>
<failsafecounter/>
<players><player seat="3" name="oreiasccp" chips="1,195" dealer="0" win="0" bet="45" muck="1" rebuy="0" addon="0" merge="0" rebuychips="0" reg_code="8392756311"/>
<player seat="6" name="gasgas" chips="305" dealer="1" win="90" bet="85" muck="1" rebuy="0" addon="0" merge="0" rebuychips="0" reg_code="8392756318"/>
</players>
</general>
<round no="0"><action no="1" player="gasgas" type="15" discard="1" dealt="1" sum="5"/>
<action no="2" player="oreiasccp" type="15" sum="5"/>
<action no="3" player="gasgas" type="1" discard="1" dealt="1" sum="20"/>
<action no="4" player="oreiasccp" type="2" sum="40"/>
</round>
<round no="1"><cards type="Pocket" player="oreiasccp">D7 CJ</cards>
<cards type="Pocket" player="gasgas">X X</cards>
<action no="5" player="gasgas" type="3" discard="1" dealt="1" sum="20"/>
<action no="6" player="oreiasccp" type="4" sum="0"/>
</round>
<round no="2"><cards type="Flop">S10 S3 S5</cards>
<action no="7" player="oreiasccp" type="4" sum="0"/>
<action no="8" player="gasgas" type="5" discard="1" dealt="1" sum="40"/>
<action no="9" player="oreiasccp" type="0" sum="0"/>
</round>
</game>
<game gamecode="11536459197"><general><startdate>2025-06-27 07:53:39</startdate>
<round>1</round>
<failsafecounter/>
<players><player seat="6" name="gasgas" chips="350" dealer="0" win="90" bet="85" muck="1" rebuy="0" addon="0" merge="0" rebuychips="0" reg_code="8392756318"/>
<player seat="3" name="oreiasccp" chips="1,150" dealer="1" win="0" bet="45" muck="1" rebuy="0" addon="0" merge="0" rebuychips="0" reg_code="8392756311"/>
</players>
</general>
<round no="0"><action no="1" player="oreiasccp" type="15" sum="5"/>
<action no="2" player="gasgas" type="15" discard="1" dealt="1" sum="5"/>
<action no="3" player="oreiasccp" type="1" sum="20"/>
<action no="4" player="gasgas" type="2" discard="1" dealt="1" sum="40"/>
</round>
<round no="1"><cards type="Pocket" player="oreiasccp">D2 D3</cards>
<cards type="Pocket" player="gasgas">X X</cards>
<action no="5" player="oreiasccp" type="3" sum="20"/>
<action no="6" player="gasgas" type="4" discard="1" dealt="1" sum="0"/>
</round>
<round no="2"><cards type="Flop">S7 C9 C8</cards>
<action no="7" player="gasgas" type="4" discard="1" dealt="1" sum="0"/>
<action no="8" player="oreiasccp" type="4" sum="0"/>
</round>
<round no="3"><cards type="Turn">D8</cards>
<action no="9" player="gasgas" type="5" discard="1" dealt="1" sum="40"/>
<action no="10" player="oreiasccp" type="0" sum="0"/>
</round>
</game>
<game gamecode="11536459275"><general><startdate>2025-06-27 07:54:12</startdate>
<round>1</round>
<failsafecounter/>
<players><player seat="3" name="oreiasccp" chips="1,105" dealer="0" win="0" bet="45" muck="1" rebuy="0" addon="0" merge="0" rebuychips="0" reg_code="8392756311"/>
<player seat="6" name="gasgas" chips="395" dealer="1" win="90" bet="395" muck="1" rebuy="0" addon="0" merge="0" rebuychips="0" reg_code="8392756318"/>
</players>
</general>
<round no="0"><action no="1" player="gasgas" type="15" discard="1" dealt="1" sum="5"/>
<action no="2" player="oreiasccp" type="15" sum="5"/>
<action no="3" player="gasgas" type="1" discard="1" dealt="1" sum="20"/>
<action no="4" player="oreiasccp" type="2" sum="40"/>
</round>
<round no="1"><cards type="Pocket" player="oreiasccp">C3 S10</cards>
<cards type="Pocket" player="gasgas">X X</cards>
<action no="5" player="gasgas" type="23" discard="1" dealt="1" sum="390"/>
<action no="6" player="oreiasccp" type="0" sum="0"/>
</round>
</game>
<game gamecode="11536459295"><general><startdate>2025-06-27 07:54:22</startdate>
<round>1</round>
<failsafecounter/>
<players><player seat="6" name="gasgas" chips="440" dealer="0" win="290" bet="185" muck="1" rebuy="0" addon="0" merge="0" rebuychips="0" reg_code="8392756318"/>
<player seat="3" name="oreiasccp" chips="1,060" dealer="1" win="0" bet="145" muck="1" rebuy="0" addon="0" merge="0" rebuychips="0" reg_code="8392756311"/>
</players>
</general>
<round no="0"><action no="1" player="oreiasccp" type="15" sum="5"/>
<action no="2" player="gasgas" type="15" discard="1" dealt="1" sum="5"/>
<action no="3" player="oreiasccp" type="1" sum="20"/>
<action no="4" player="gasgas" type="2" discard="1" dealt="1" sum="40"/>
</round>
<round no="1"><cards type="Pocket" player="gasgas">X X</cards>
<cards type="Pocket" player="oreiasccp">S9 SK</cards>
<action no="5" player="oreiasccp" type="3" sum="20"/>
<action no="6" player="gasgas" type="4" discard="1" dealt="1" sum="0"/>
</round>
<round no="2"><cards type="Flop">DQ H4 H10</cards>
<action no="7" player="gasgas" type="4" discard="1" dealt="1" sum="0"/>
<action no="8" player="oreiasccp" type="4" sum="0"/>
</round>
<round no="3"><cards type="Turn">C4</cards>
<action no="9" player="gasgas" type="5" discard="1" dealt="1" sum="100"/>
<action no="10" player="oreiasccp" type="3" sum="100"/>
</round>
<round no="4"><cards type="River">H2</cards>
<action no="11" player="gasgas" type="5" discard="1" dealt="1" sum="40"/>
<action no="12" player="oreiasccp" type="0" sum="0"/>
</round>
</game>
<game gamecode="11536459376"><general><startdate>2025-06-27 07:54:51</startdate>
<round>1</round>
<failsafecounter/>
<players><player seat="3" name="oreiasccp" chips="915" dealer="0" win="130" bet="215" muck="1" rebuy="0" addon="0" merge="0" rebuychips="0" reg_code="8392756311"/>
<player seat="6" name="gasgas" chips="585" dealer="1" win="0" bet="65" muck="1" rebuy="0" addon="0" merge="0" rebuychips="0" reg_code="8392756318"/>
</players>
</general>
<round no="0"><action no="1" player="gasgas" type="15" discard="1" dealt="1" sum="5"/>
<action no="2" player="oreiasccp" type="15" sum="5"/>
<action no="3" player="gasgas" type="1" discard="1" dealt="1" sum="30"/>
<action no="4" player="oreiasccp" type="2" sum="60"/>
</round>
<round no="1"><cards type="Pocket" player="oreiasccp">CJ DA</cards>
<cards type="Pocket" player="gasgas">X X</cards>
<action no="5" player="gasgas" type="3" discard="1" dealt="1" sum="30"/>
<action no="6" player="oreiasccp" type="23" sum="210"/>
<action no="7" player="gasgas" type="0" discard="1" dealt="1" sum="0"/>
</round>
</game>
<game gamecode="11536459408"><general><startdate>2025-06-27 07:55:07</startdate>
<round>1</round>
<failsafecounter/>
<players><player seat="6" name="gasgas" chips="520" dealer="0" win="130" bet="520" muck="1" rebuy="0" addon="0" merge="0" rebuychips="0" reg_code="8392756318"/>
<player seat="3" name="oreiasccp" chips="980" dealer="1" win="0" bet="65" muck="1" rebuy="0" addon="0" merge="0" rebuychips="0" reg_code="8392756311"/>
</players>
</general>
<round no="0"><action no="1" player="oreiasccp" type="15" sum="5"/>
<action no="2" player="gasgas" type="15" discard="1" dealt="1" sum="5"/>
<action no="3" player="oreiasccp" type="1" sum="30"/>
<action no="4" player="gasgas" type="2" discard="1" dealt="1" sum="60"/>
</round>
<round no="1"><cards type="Pocket" player="gasgas">X X</cards>
<cards type="Pocket" player="oreiasccp">C6 C8</cards>
<action no="5" player="oreiasccp" type="3" sum="30"/>
<action no="6" player="gasgas" type="23" discard="1" dealt="1" sum="515"/>
<action no="7" player="oreiasccp" type="0" sum="0"/>
</round>
</game>
<game gamecode="11536459443"><general><startdate>2025-06-27 07:55:20</startdate>
<round>1</round>
<failsafecounter/>
<players><player seat="3" name="oreiasccp" chips="915" dealer="0" win="0" bet="65" muck="1" rebuy="0" addon="0" merge="0" rebuychips="0" reg_code="8392756311"/>
<player seat="6" name="gasgas" chips="585" dealer="1" win="130" bet="585" muck="1" rebuy="0" addon="0" merge="0" rebuychips="0" reg_code="8392756318"/>
</players>
</general>
<round no="0"><action no="1" player="gasgas" type="15" discard="1" dealt="1" sum="5"/>
<action no="2" player="oreiasccp" type="15" sum="5"/>
<action no="3" player="gasgas" type="1" discard="1" dealt="1" sum="30"/>
<action no="4" player="oreiasccp" type="2" sum="60"/>
</round>
<round no="1"><cards type="Pocket" player="oreiasccp">D4 D5</cards>
<cards type="Pocket" player="gasgas">X X</cards>
<action no="5" player="gasgas" type="23" discard="1" dealt="1" sum="580"/>
<action no="6" player="oreiasccp" type="0" sum="0"/>
</round>
</game>
<game gamecode="11536459462"><general><startdate>2025-06-27 07:55:29</startdate>
<round>1</round>
<failsafecounter/>
<players><player seat="6" name="gasgas" chips="650" dealer="0" win="70" bet="65" muck="1" rebuy="0" addon="0" merge="0" rebuychips="0" reg_code="8392756318"/>
<player seat="3" name="oreiasccp" chips="850" dealer="1" win="0" bet="35" muck="1" rebuy="0" addon="0" merge="0" rebuychips="0" reg_code="8392756311"/>
</players>
</general>
<round no="0"><action no="1" player="oreiasccp" type="15" sum="5"/>
<action no="2" player="gasgas" type="15" discard="1" dealt="1" sum="5"/>
<action no="3" player="oreiasccp" type="1" sum="30"/>
<action no="4" player="gasgas" type="2" discard="1" dealt="1" sum="60"/>
</round>
<round no="1"><cards type="Pocket" player="oreiasccp">S9 C4</cards>
<cards type="Pocket" player="gasgas">X X</cards>
<action no="5" player="oreiasccp" type="0" sum="0"/>
</round>
</game>
<game gamecode="11536459479"><general><startdate>2025-06-27 07:55:34</startdate>
<round>1</round>
<failsafecounter/>
<players><player seat="3" name="oreiasccp" chips="815" dealer="0" win="250" bet="125" muck="0" rebuy="0" addon="0" merge="0" rebuychips="0" reg_code="8392756311"/>
<player seat="6" name="gasgas" chips="685" dealer="1" win="0" bet="125" muck="1" rebuy="0" addon="0" merge="0" rebuychips="0" reg_code="8392756318"/>
</players>
</general>
<round no="0"><action no="1" player="gasgas" type="15" discard="1" dealt="1" sum="5"/>
<action no="2" player="oreiasccp" type="15" sum="5"/>
<action no="3" player="gasgas" type="1" discard="1" dealt="1" sum="30"/>
<action no="4" player="oreiasccp" type="2" sum="60"/>
</round>
<round no="1"><cards type="Pocket" player="oreiasccp">C2 CQ</cards>
<cards type="Pocket" player="gasgas">DQ H3</cards>
<action no="5" player="gasgas" type="3" discard="1" dealt="1" sum="30"/>
<action no="6" player="oreiasccp" type="4" sum="0"/>
</round>
<round no="2"><cards type="Flop">S6 SA D2</cards>
<action no="7" player="oreiasccp" type="4" sum="0"/>
<action no="8" player="gasgas" type="5" discard="1" dealt="1" sum="60"/>
<action no="9" player="oreiasccp" type="3" sum="60"/>
</round>
<round no="3"><cards type="Turn">S10</cards>
<action no="10" player="oreiasccp" type="4" sum="0"/>
<action no="11" player="gasgas" type="4" discard="1" dealt="1" sum="0"/>
</round>
<round no="4"><cards type="River">H8</cards>
<action no="12" player="oreiasccp" type="4" sum="0"/>
<action no="13" player="gasgas" type="4" discard="1" dealt="1" sum="0"/>
</round>
</game>
<game gamecode="11536459545"><general><startdate>2025-06-27 07:56:05</startdate>
<round>1</round>
<failsafecounter/>
<players><player seat="6" name="gasgas" chips="560" dealer="0" win="70" bet="65" muck="1" rebuy="0" addon="0" merge="0" rebuychips="0" reg_code="8392756318"/>
<player seat="3" name="oreiasccp" chips="940" dealer="1" win="0" bet="35" muck="1" rebuy="0" addon="0" merge="0" rebuychips="0" reg_code="8392756311"/>
</players>
</general>
<round no="0"><action no="1" player="oreiasccp" type="15" sum="5"/>
<action no="2" player="gasgas" type="15" discard="1" dealt="1" sum="5"/>
<action no="3" player="oreiasccp" type="1" sum="30"/>
<action no="4" player="gasgas" type="2" discard="1" dealt="1" sum="60"/>
</round>
<round no="1"><cards type="Pocket" player="gasgas">X X</cards>
<cards type="Pocket" player="oreiasccp">H6 S4</cards>
<action no="5" player="oreiasccp" type="0" sum="0"/>
</round>
</game>
<game gamecode="11536459558"><general><startdate>2025-06-27 07:56:13</startdate>
<round>1</round>
<failsafecounter/>
<players><player seat="3" name="oreiasccp" chips="905" dealer="0" win="614" bet="595" muck="1" rebuy="0" addon="0" merge="0" rebuychips="0" reg_code="8392756311"/>
<player seat="6" name="gasgas" chips="595" dealer="1" win="0" bet="307" muck="1" rebuy="0" addon="0" merge="0" rebuychips="0" reg_code="8392756318"/>
</players>
</general>
<round no="0"><action no="1" player="gasgas" type="15" discard="1" dealt="1" sum="5"/>
<action no="2" player="oreiasccp" type="15" sum="5"/>
<action no="3" player="gasgas" type="1" discard="1" dealt="1" sum="30"/>
<action no="4" player="oreiasccp" type="2" sum="60"/>
</round>
<round no="1"><cards type="Pocket" player="oreiasccp">C4 C8</cards>
<cards type="Pocket" player="gasgas">X X</cards>
<action no="5" player="gasgas" type="23" discard="1" dealt="1" sum="120"/>
<action no="6" player="oreiasccp" type="3" sum="60"/>
</round>
<round no="2"><cards type="Flop">C5 SA D3</cards>
<action no="7" player="oreiasccp" type="4" sum="0"/>
<action no="8" player="gasgas" type="5" discard="1" dealt="1" sum="60"/>
<action no="9" player="oreiasccp" type="3" sum="60"/>
</round>
<round no="3"><cards type="Turn">D2</cards>
<action no="10" player="oreiasccp" type="4" sum="0"/>
<action no="11" player="gasgas" type="5" discard="1" dealt="1" sum="122"/>
<action no="12" player="oreiasccp" type="23" sum="410"/>
<action no="13" player="gasgas" type="0" discard="1" dealt="1" sum="0"/>
</round>
</game>
<game gamecode="11536463173"><general><startdate>2025-06-27 07:56:53</startdate>
<round>1</round>
<failsafecounter/>
<players><player seat="6" name="gasgas" chips="288" dealer="0" win="96" bet="88" muck="1" rebuy="0" addon="0" merge="0" rebuychips="0" reg_code="8392756318"/>
<player seat="3" name="oreiasccp" chips="1,212" dealer="1" win="0" bet="48" muck="1" rebuy="0" addon="0" merge="0" rebuychips="0" reg_code="8392756311"/>
</players>
</general>
<round no="0"><action no="1" player="oreiasccp" type="15" sum="8"/>
<action no="2" player="gasgas" type="15" discard="1" dealt="1" sum="8"/>
<action no="3" player="oreiasccp" type="1" sum="40"/>
<action no="4" player="gasgas" type="2" discard="1" dealt="1" sum="80"/>
</round>
<round no="1"><cards type="Pocket" player="oreiasccp">D2 D3</cards>
<cards type="Pocket" player="gasgas">X X</cards>
<action no="5" player="oreiasccp" type="0" sum="0"/>
</round>
</game>
<game gamecode="11536463191"><general><startdate>2025-06-27 07:57:00</startdate>
<round>1</round>
<failsafecounter/>
<players><player seat="3" name="oreiasccp" chips="1,164" dealer="0" win="672" bet="336" muck="0" rebuy="0" addon="0" merge="0" rebuychips="0" reg_code="8392756311"/>
<player seat="6" name="gasgas" chips="336" dealer="1" win="0" bet="336" muck="0" rebuy="0" addon="0" merge="0" rebuychips="0" reg_code="8392756318"/>
</players>
</general>
<round no="0"><action no="1" player="gasgas" type="15" discard="1" dealt="1" sum="8"/>
<action no="2" player="oreiasccp" type="15" sum="8"/>
<action no="3" player="gasgas" type="1" discard="1" dealt="1" sum="40"/>
<action no="4" player="oreiasccp" type="2" sum="80"/>
</round>
<round no="1"><cards type="Pocket" player="oreiasccp">S8 S5</cards>
<cards type="Pocket" player="gasgas">S7 D7</cards>
<action no="5" player="gasgas" type="23" discard="1" dealt="1" sum="328"/>
<action no="6" player="oreiasccp" type="3" sum="248"/>
</round>
<round no="2"><cards type="Flop">S3 H2 H10</cards>
</round>
<round no="3"><cards type="Turn">H8</cards>
</round>
<round no="4"><cards type="River">CJ</cards>
</round>
</game>
</session>
