<?xml version="1.0" encoding="UTF-8"?>
<session sessioncode="8392762248">
<general>
<client_version>25.1.1.13</client_version>
<mode>real</mode>
<gametype>Holdem NL</gametype>
<tablename>Twister €5 SNG, 1128643194</tablename>
<tournamentcode>1128643193</tournamentcode>
<tournamentname>Twister €5 SNG</tournamentname>
<buyin>€0 + €0.35 + €4.65</buyin>
<totalbuyin>€5</totalbuyin>
<rewarddrawn>€15</rewarddrawn>
<tournamentcurrency>EUR</tournamentcurrency>
<currency>EUR</currency>
<nickname>oreiasccp</nickname>
<gamecount>23</gamecount>
<startdate>2025-06-27 08:20:25</startdate>
<place>1</place>
<win>€15</win>
<tablesize>3</tablesize>
</general>
<game gamecode="11536474695"><general><startdate>2025-06-27 08:20:40</startdate>
<round>1</round>
<failsafecounter/>
<players><player seat="3" name="oreiasccp" chips="500" dealer="0" win="60" bet="500" muck="1" rebuy="0" addon="0" merge="0" rebuychips="0" reg_code="8392762248"/>
<player seat="6" name="georgessomers" chips="500" dealer="1" win="0" bet="20" muck="1" rebuy="0" addon="0" merge="0" rebuychips="0" reg_code="8392762264"/>
<player seat="10" name="robotpurple584" chips="500" dealer="0" win="0" bet="20" muck="1" rebuy="0" addon="0" merge="0" rebuychips="0" reg_code="8392762321"/>
</players>
</general>
<round no="0"><action no="1" player="robotpurple584" type="1" discard="1" dealt="1" sum="10"/>
<action no="2" player="oreiasccp" type="2" sum="20"/>
</round>
<round no="1"><cards type="Pocket" player="oreiasccp">S3 SA</cards>
<cards type="Pocket" player="georgessomers">X X</cards>
<cards type="Pocket" player="robotpurple584">X X</cards>
<action no="3" player="georgessomers" type="3" discard="1" dealt="1" sum="20"/>
<action no="4" player="robotpurple584" type="3" discard="1" dealt="1" sum="10"/>
<action no="5" player="oreiasccp" type="23" sum="500"/>
<action no="6" player="georgessomers" type="0" discard="1" dealt="1" sum="0"/>
<action no="7" player="robotpurple584" type="0" discard="1" dealt="1" sum="0"/>
</round>
</game>
<game gamecode="11536474724"><general><startdate>2025-06-27 08:20:53</startdate>
<round>1</round>
<failsafecounter/>
<players><player seat="6" name="georgessomers" chips="480" dealer="0" win="20" bet="20" muck="1" rebuy="0" addon="0" merge="0" rebuychips="0" reg_code="8392762264"/>
<player seat="10" name="robotpurple584" chips="480" dealer="1" win="0" bet="0" muck="1" rebuy="0" addon="0" merge="0" rebuychips="0" reg_code="8392762321"/>
<player seat="3" name="oreiasccp" chips="540" dealer="0" win="0" bet="10" muck="1" rebuy="0" addon="0" merge="0" rebuychips="0" reg_code="8392762248"/>
</players>
</general>
<round no="0"><action no="1" player="oreiasccp" type="1" sum="10"/>
<action no="2" player="georgessomers" type="2" discard="1" dealt="1" sum="20"/>
</round>
<round no="1"><cards type="Pocket" player="georgessomers">X X</cards>
<cards type="Pocket" player="oreiasccp">D6 C3</cards>
<cards type="Pocket" player="robotpurple584">X X</cards>
<action no="3" player="robotpurple584" type="0" discard="1" dealt="1" sum="0"/>
<action no="4" player="oreiasccp" type="0" sum="0"/>
</round>
</game>
<game gamecode="11536474744"><general><startdate>2025-06-27 08:21:00</startdate>
<round>1</round>
<failsafecounter/>
<players><player seat="10" name="robotpurple584" chips="480" dealer="0" win="0" bet="100" muck="1" rebuy="0" addon="0" merge="0" rebuychips="0" reg_code="8392762321"/>
<player seat="3" name="oreiasccp" chips="530" dealer="1" win="300" bet="100" muck="0" rebuy="0" addon="0" merge="0" rebuychips="0" reg_code="8392762248"/>
<player seat="6" name="georgessomers" chips="490" dealer="0" win="0" bet="100" muck="0" rebuy="0" addon="0" merge="0" rebuychips="0" reg_code="8392762264"/>
</players>
</general>
<round no="0"><action no="1" player="georgessomers" type="1" discard="1" dealt="1" sum="10"/>
<action no="2" player="robotpurple584" type="2" discard="1" dealt="1" sum="20"/>
</round>
<round no="1"><cards type="Pocket" player="oreiasccp">H8 CA</cards>
<cards type="Pocket" player="robotpurple584">DK DQ</cards>
<cards type="Pocket" player="georgessomers">SQ HK</cards>
<action no="3" player="oreiasccp" type="23" sum="40"/>
<action no="4" player="georgessomers" type="23" discard="1" dealt="1" sum="60"/>
<action no="5" player="robotpurple584" type="3" discard="1" dealt="1" sum="40"/>
<action no="6" player="oreiasccp" type="3" sum="20"/>
</round>
<round no="2"><cards type="Flop">SA S7 D3</cards>
<action no="7" player="georgessomers" type="4" discard="1" dealt="1" sum="0"/>
<action no="8" player="robotpurple584" type="4" discard="1" dealt="1" sum="0"/>
<action no="9" player="oreiasccp" type="4" sum="0"/>
</round>
<round no="3"><cards type="Turn">SK</cards>
<action no="10" player="georgessomers" type="5" discard="1" dealt="1" sum="20"/>
<action no="11" player="robotpurple584" type="3" discard="1" dealt="1" sum="20"/>
<action no="12" player="oreiasccp" type="3" sum="20"/>
</round>
<round no="4"><cards type="River">D10</cards>
<action no="13" player="georgessomers" type="5" discard="1" dealt="1" sum="20"/>
<action no="14" player="robotpurple584" type="3" discard="1" dealt="1" sum="20"/>
<action no="15" player="oreiasccp" type="3" sum="20"/>
</round>
</game>
<game gamecode="11536474825"><general><startdate>2025-06-27 08:21:36</startdate>
<round>1</round>
<failsafecounter/>
<players><player seat="3" name="oreiasccp" chips="730" dealer="0" win="0" bet="20" muck="1" rebuy="0" addon="0" merge="0" rebuychips="0" reg_code="8392762248"/>
<player seat="6" name="georgessomers" chips="390" dealer="1" win="0" bet="20" muck="1" rebuy="0" addon="0" merge="0" rebuychips="0" reg_code="8392762264"/>
<player seat="10" name="robotpurple584" chips="380" dealer="0" win="60" bet="380" muck="1" rebuy="0" addon="0" merge="0" rebuychips="0" reg_code="8392762321"/>
</players>
</general>
<round no="0"><action no="1" player="robotpurple584" type="1" discard="1" dealt="1" sum="10"/>
<action no="2" player="oreiasccp" type="2" sum="20"/>
</round>
<round no="1"><cards type="Pocket" player="oreiasccp">S3 S8</cards>
<cards type="Pocket" player="robotpurple584">X X</cards>
<cards type="Pocket" player="georgessomers">X X</cards>
<action no="3" player="georgessomers" type="3" discard="1" dealt="1" sum="20"/>
<action no="4" player="robotpurple584" type="23" discard="1" dealt="1" sum="380"/>
<action no="5" player="oreiasccp" type="0" sum="0"/>
<action no="6" player="georgessomers" type="0" discard="1" dealt="1" sum="0"/>
</round>
</game>
<game gamecode="11536474867"><general><startdate>2025-06-27 08:21:51</startdate>
<round>1</round>
<failsafecounter/>
<players><player seat="6" name="georgessomers" chips="370" dealer="0" win="0" bet="20" muck="1" rebuy="0" addon="0" merge="0" rebuychips="0" reg_code="8392762264"/>
<player seat="10" name="robotpurple584" chips="420" dealer="1" win="50" bet="20" muck="0" rebuy="0" addon="0" merge="0" rebuychips="0" reg_code="8392762321"/>
<player seat="3" name="oreiasccp" chips="710" dealer="0" win="0" bet="10" muck="1" rebuy="0" addon="0" merge="0" rebuychips="0" reg_code="8392762248"/>
</players>
</general>
<round no="0"><action no="1" player="oreiasccp" type="1" sum="10"/>
<action no="2" player="georgessomers" type="2" discard="1" dealt="1" sum="20"/>
</round>
<round no="1"><cards type="Pocket" player="oreiasccp">D4 HK</cards>
<cards type="Pocket" player="georgessomers">HQ D2</cards>
<cards type="Pocket" player="robotpurple584">HA D8</cards>
<action no="3" player="robotpurple584" type="3" discard="1" dealt="1" sum="20"/>
<action no="4" player="oreiasccp" type="0" sum="0"/>
<action no="5" player="georgessomers" type="4" discard="1" dealt="1" sum="0"/>
</round>
<round no="2"><cards type="Flop">C6 H9 C3</cards>
<action no="6" player="georgessomers" type="4" discard="1" dealt="1" sum="0"/>
<action no="7" player="robotpurple584" type="4" discard="1" dealt="1" sum="0"/>
</round>
<round no="3"><cards type="Turn">C9</cards>
<action no="8" player="georgessomers" type="4" discard="1" dealt="1" sum="0"/>
<action no="9" player="robotpurple584" type="4" discard="1" dealt="1" sum="0"/>
</round>
<round no="4"><cards type="River">S4</cards>
<action no="10" player="georgessomers" type="4" discard="1" dealt="1" sum="0"/>
<action no="11" player="robotpurple584" type="4" discard="1" dealt="1" sum="0"/>
</round>
</game>
<game gamecode="11536474917"><general><startdate>2025-06-27 08:22:11</startdate>
<round>1</round>
<failsafecounter/>
<players><player seat="10" name="robotpurple584" chips="450" dealer="0" win="0" bet="70" muck="1" rebuy="0" addon="0" merge="0" rebuychips="0" reg_code="8392762321"/>
<player seat="3" name="oreiasccp" chips="700" dealer="1" win="0" bet="70" muck="1" rebuy="0" addon="0" merge="0" rebuychips="0" reg_code="8392762248"/>
<player seat="6" name="georgessomers" chips="350" dealer="0" win="210" bet="175" muck="1" rebuy="0" addon="0" merge="0" rebuychips="0" reg_code="8392762264"/>
</players>
</general>
<round no="0"><action no="1" player="georgessomers" type="1" discard="1" dealt="1" sum="10"/>
<action no="2" player="robotpurple584" type="2" discard="1" dealt="1" sum="20"/>
</round>
<round no="1"><cards type="Pocket" player="georgessomers">X X</cards>
<cards type="Pocket" player="oreiasccp">HK D10</cards>
<cards type="Pocket" player="robotpurple584">X X</cards>
<action no="3" player="oreiasccp" type="23" sum="40"/>
<action no="4" player="georgessomers" type="3" discard="1" dealt="1" sum="30"/>
<action no="5" player="robotpurple584" type="3" discard="1" dealt="1" sum="20"/>
</round>
<round no="2"><cards type="Flop">H9 C4 S4</cards>
<action no="6" player="georgessomers" type="4" discard="1" dealt="1" sum="0"/>
<action no="7" player="robotpurple584" type="4" discard="1" dealt="1" sum="0"/>
<action no="8" player="oreiasccp" type="5" sum="30"/>
<action no="9" player="georgessomers" type="3" discard="1" dealt="1" sum="30"/>
<action no="10" player="robotpurple584" type="3" discard="1" dealt="1" sum="30"/>
</round>
<round no="3"><cards type="Turn">DA</cards>
<action no="11" player="georgessomers" type="5" discard="1" dealt="1" sum="105"/>
<action no="12" player="robotpurple584" type="0" discard="1" dealt="1" sum="0"/>
<action no="13" player="oreiasccp" type="0" sum="0"/>
</round>
</game>
<game gamecode="11536475002"><general><startdate>2025-06-27 08:22:46</startdate>
<round>1</round>
<failsafecounter/>
<players><player seat="3" name="oreiasccp" chips="630" dealer="0" win="0" bet="65" muck="1" rebuy="0" addon="0" merge="0" rebuychips="0" reg_code="8392762248"/>
<player seat="6" name="georgessomers" chips="490" dealer="1" win="0" bet="380" muck="1" rebuy="0" addon="0" merge="0" rebuychips="0" reg_code="8392762264"/>
<player seat="10" name="robotpurple584" chips="380" dealer="0" win="825" bet="380" muck="0" rebuy="0" addon="0" merge="0" rebuychips="0" reg_code="8392762321"/>
</players>
</general>
<round no="0"><action no="1" player="robotpurple584" type="15" discard="1" dealt="1" sum="5"/>
<action no="2" player="oreiasccp" type="15" sum="5"/>
<action no="3" player="georgessomers" type="15" discard="1" dealt="1" sum="5"/>
<action no="4" player="robotpurple584" type="1" discard="1" dealt="1" sum="15"/>
<action no="5" player="oreiasccp" type="2" sum="30"/>
</round>
<round no="1"><cards type="Pocket" player="georgessomers">CA CJ</cards>
<cards type="Pocket" player="robotpurple584">SJ C10</cards>
<cards type="Pocket" player="oreiasccp">HJ S8</cards>
<action no="6" player="georgessomers" type="23" discard="1" dealt="1" sum="60"/>
<action no="7" player="robotpurple584" type="3" discard="1" dealt="1" sum="45"/>
<action no="8" player="oreiasccp" type="3" sum="30"/>
</round>
<round no="2"><cards type="Flop">S10 H2 C9</cards>
<action no="9" player="robotpurple584" type="5" discard="1" dealt="1" sum="315"/>
<action no="10" player="oreiasccp" type="0" sum="0"/>
<action no="11" player="georgessomers" type="3" discard="1" dealt="1" sum="315"/>
</round>
<round no="3"><cards type="Turn">D9</cards>
</round>
<round no="4"><cards type="River">DK</cards>
</round>
</game>
<game gamecode="11536475058"><general><startdate>2025-06-27 08:23:14</startdate>
<round>1</round>
<failsafecounter/>
<players><player seat="6" name="georgessomers" chips="110" dealer="0" win="0" bet="35" muck="1" rebuy="0" addon="0" merge="0" rebuychips="0" reg_code="8392762264"/>
<player seat="10" name="robotpurple584" chips="825" dealer="1" win="90" bet="125" muck="1" rebuy="0" addon="0" merge="0" rebuychips="0" reg_code="8392762321"/>
<player seat="3" name="oreiasccp" chips="565" dealer="0" win="0" bet="20" muck="1" rebuy="0" addon="0" merge="0" rebuychips="0" reg_code="8392762248"/>
</players>
</general>
<round no="0"><action no="1" player="oreiasccp" type="15" sum="5"/>
<action no="2" player="georgessomers" type="15" discard="1" dealt="1" sum="5"/>
<action no="3" player="robotpurple584" type="15" discard="1" dealt="1" sum="5"/>
<action no="4" player="oreiasccp" type="1" sum="15"/>
<action no="5" player="georgessomers" type="2" discard="1" dealt="1" sum="30"/>
</round>
<round no="1"><cards type="Pocket" player="georgessomers">X X</cards>
<cards type="Pocket" player="oreiasccp">D5 H9</cards>
<cards type="Pocket" player="robotpurple584">X X</cards>
<action no="6" player="robotpurple584" type="3" discard="1" dealt="1" sum="30"/>
<action no="7" player="oreiasccp" type="0" sum="0"/>
<action no="8" player="georgessomers" type="4" discard="1" dealt="1" sum="0"/>
</round>
<round no="2"><cards type="Flop">C2 D6 S4</cards>
<action no="9" player="georgessomers" type="4" discard="1" dealt="1" sum="0"/>
<action no="10" player="robotpurple584" type="4" discard="1" dealt="1" sum="0"/>
</round>
<round no="3"><cards type="Turn">S5</cards>
<action no="11" player="georgessomers" type="4" discard="1" dealt="1" sum="0"/>
<action no="12" player="robotpurple584" type="4" discard="1" dealt="1" sum="0"/>
</round>
<round no="4"><cards type="River">S8</cards>
<action no="13" player="georgessomers" type="4" discard="1" dealt="1" sum="0"/>
<action no="14" player="robotpurple584" type="5" discard="1" dealt="1" sum="90"/>
<action no="15" player="georgessomers" type="0" discard="1" dealt="1" sum="0"/>
</round>
</game>
<game gamecode="11536475134"><general><startdate>2025-06-27 08:23:47</startdate>
<round>1</round>
<failsafecounter/>
<players><player seat="10" name="robotpurple584" chips="880" dealer="0" win="215" bet="880" muck="0" rebuy="0" addon="0" merge="0" rebuychips="0" reg_code="8392762321"/>
<player seat="3" name="oreiasccp" chips="545" dealer="1" win="0" bet="65" muck="1" rebuy="0" addon="0" merge="0" rebuychips="0" reg_code="8392762248"/>
<player seat="6" name="georgessomers" chips="75" dealer="0" win="0" bet="75" muck="1" rebuy="0" addon="0" merge="0" rebuychips="0" reg_code="8392762264"/>
</players>
</general>
<round no="0"><action no="1" player="georgessomers" type="15" discard="1" dealt="1" sum="5"/>
<action no="2" player="robotpurple584" type="15" discard="1" dealt="1" sum="5"/>
<action no="3" player="oreiasccp" type="15" sum="5"/>
<action no="4" player="georgessomers" type="1" discard="1" dealt="1" sum="15"/>
<action no="5" player="robotpurple584" type="2" discard="1" dealt="1" sum="30"/>
</round>
<round no="1"><cards type="Pocket" player="robotpurple584">CK HJ</cards>
<cards type="Pocket" player="georgessomers">D6 H4</cards>
<cards type="Pocket" player="oreiasccp">DK HQ</cards>
<action no="6" player="oreiasccp" type="23" sum="60"/>
<action no="7" player="georgessomers" type="7" discard="1" dealt="1" sum="55"/>
<action no="8" player="robotpurple584" type="23" discard="1" dealt="1" sum="875"/>
<action no="9" player="oreiasccp" type="0" sum="0"/>
</round>
<round no="2"><cards type="Flop">H9 C9 HA</cards>
</round>
<round no="3"><cards type="Turn">SA</cards>
</round>
<round no="4"><cards type="River">H8</cards>
</round>
</game>
<game gamecode="11536475189"><general><startdate>2025-06-27 08:24:12</startdate>
<round>1</round>
<failsafecounter/>
<players><player seat="3" name="oreiasccp" chips="480" dealer="0" win="0" bet="35" muck="1" rebuy="0" addon="0" merge="0" rebuychips="0" reg_code="8392762248"/>
<player seat="10" name="robotpurple584" chips="1,020" dealer="1" win="70" bet="95" muck="1" rebuy="0" addon="0" merge="0" rebuychips="0" reg_code="8392762321"/>
</players>
</general>
<round no="0"><action no="1" player="robotpurple584" type="15" discard="1" dealt="1" sum="5"/>
<action no="2" player="oreiasccp" type="15" sum="5"/>
<action no="3" player="robotpurple584" type="1" discard="1" dealt="1" sum="15"/>
<action no="4" player="oreiasccp" type="2" sum="30"/>
</round>
<round no="1"><cards type="Pocket" player="robotpurple584">X X</cards>
<cards type="Pocket" player="oreiasccp">H3 C10</cards>
<action no="5" player="robotpurple584" type="23" discard="1" dealt="1" sum="90"/>
<action no="6" player="oreiasccp" type="0" sum="0"/>
</round>
</game>
<game gamecode="11536475213"><general><startdate>2025-06-27 08:24:20</startdate>
<round>1</round>
<failsafecounter/>
<players><player seat="10" name="robotpurple584" chips="1,055" dealer="0" win="0" bet="445" muck="1" rebuy="0" addon="0" merge="0" rebuychips="0" reg_code="8392762321"/>
<player seat="3" name="oreiasccp" chips="445" dealer="1" win="890" bet="445" muck="0" rebuy="0" addon="0" merge="0" rebuychips="0" reg_code="8392762248"/>
</players>
</general>
<round no="0"><action no="1" player="oreiasccp" type="15" sum="5"/>
<action no="2" player="robotpurple584" type="15" discard="1" dealt="1" sum="5"/>
<action no="3" player="oreiasccp" type="1" sum="15"/>
<action no="4" player="robotpurple584" type="2" discard="1" dealt="1" sum="30"/>
</round>
<round no="1"><cards type="Pocket" player="robotpurple584">HQ H10</cards>
<cards type="Pocket" player="oreiasccp">DA H7</cards>
<action no="5" player="oreiasccp" type="23" sum="440"/>
<action no="6" player="robotpurple584" type="3" discard="1" dealt="1" sum="410"/>
</round>
<round no="2"><cards type="Flop">C2 H2 C5</cards>
</round>
<round no="3"><cards type="Turn">C9</cards>
</round>
<round no="4"><cards type="River">S8</cards>
</round>
</game>
<game gamecode="11536475243"><general><startdate>2025-06-27 08:24:35</startdate>
<round>1</round>
<failsafecounter/>
<players><player seat="3" name="oreiasccp" chips="890" dealer="0" win="262" bet="131" muck="0" rebuy="0" addon="0" merge="0" rebuychips="0" reg_code="8392762248"/>
<player seat="10" name="robotpurple584" chips="610" dealer="1" win="0" bet="131" muck="1" rebuy="0" addon="0" merge="0" rebuychips="0" reg_code="8392762321"/>
</players>
</general>
<round no="0"><action no="1" player="robotpurple584" type="15" discard="1" dealt="1" sum="5"/>
<action no="2" player="oreiasccp" type="15" sum="5"/>
<action no="3" player="robotpurple584" type="1" discard="1" dealt="1" sum="15"/>
<action no="4" player="oreiasccp" type="2" sum="30"/>
</round>
<round no="1"><cards type="Pocket" player="oreiasccp">S8 C4</cards>
<cards type="Pocket" player="robotpurple584">H2 H3</cards>
<action no="5" player="robotpurple584" type="3" discard="1" dealt="1" sum="15"/>
<action no="6" player="oreiasccp" type="4" sum="0"/>
</round>
<round no="2"><cards type="Flop">D6 S2 S5</cards>
<action no="7" player="oreiasccp" type="4" sum="0"/>
<action no="8" player="robotpurple584" type="4" discard="1" dealt="1" sum="0"/>
</round>
<round no="3"><cards type="Turn">S3</cards>
<action no="9" player="oreiasccp" type="5" sum="30"/>
<action no="10" player="robotpurple584" type="3" discard="1" dealt="1" sum="30"/>
</round>
<round no="4"><cards type="River">C7</cards>
<action no="11" player="oreiasccp" type="5" sum="66"/>
<action no="12" player="robotpurple584" type="3" discard="1" dealt="1" sum="66"/>
</round>
</game>
<game gamecode="11536475291"><general><startdate>2025-06-27 08:24:59</startdate>
<round>1</round>
<failsafecounter/>
<players><player seat="10" name="robotpurple584" chips="479" dealer="0" win="0" bet="45" muck="1" rebuy="0" addon="0" merge="0" rebuychips="0" reg_code="8392762321"/>
<player seat="3" name="oreiasccp" chips="1,021" dealer="1" win="90" bet="85" muck="1" rebuy="0" addon="0" merge="0" rebuychips="0" reg_code="8392762248"/>
</players>
</general>
<round no="0"><action no="1" player="oreiasccp" type="15" sum="5"/>
<action no="2" player="robotpurple584" type="15" discard="1" dealt="1" sum="5"/>
<action no="3" player="oreiasccp" type="1" sum="20"/>
<action no="4" player="robotpurple584" type="2" discard="1" dealt="1" sum="40"/>
</round>
<round no="1"><cards type="Pocket" player="robotpurple584">X X</cards>
<cards type="Pocket" player="oreiasccp">H4 DQ</cards>
<action no="5" player="oreiasccp" type="23" sum="80"/>
<action no="6" player="robotpurple584" type="0" discard="1" dealt="1" sum="0"/>
</round>
</game>
<game gamecode="11536475315"><general><startdate>2025-06-27 08:25:07</startdate>
<round>1</round>
<failsafecounter/>
<players><player seat="3" name="oreiasccp" chips="1,066" dealer="0" win="250" bet="125" muck="0" rebuy="0" addon="0" merge="0" rebuychips="0" reg_code="8392762248"/>
<player seat="10" name="robotpurple584" chips="434" dealer="1" win="0" bet="125" muck="0" rebuy="0" addon="0" merge="0" rebuychips="0" reg_code="8392762321"/>
</players>
</general>
<round no="0"><action no="1" player="robotpurple584" type="15" discard="1" dealt="1" sum="5"/>
<action no="2" player="oreiasccp" type="15" sum="5"/>
<action no="3" player="robotpurple584" type="1" discard="1" dealt="1" sum="20"/>
<action no="4" player="oreiasccp" type="2" sum="40"/>
</round>
<round no="1"><cards type="Pocket" player="oreiasccp">C5 SJ</cards>
<cards type="Pocket" player="robotpurple584">S8 H7</cards>
<action no="5" player="robotpurple584" type="3" discard="1" dealt="1" sum="20"/>
<action no="6" player="oreiasccp" type="4" sum="0"/>
</round>
<round no="2"><cards type="Flop">HJ S10 H2</cards>
<action no="7" player="oreiasccp" type="4" sum="0"/>
<action no="8" player="robotpurple584" type="4" discard="1" dealt="1" sum="0"/>
</round>
<round no="3"><cards type="Turn">C8</cards>
<action no="9" player="oreiasccp" type="4" sum="0"/>
<action no="10" player="robotpurple584" type="5" discard="1" dealt="1" sum="40"/>
<action no="11" player="oreiasccp" type="3" sum="40"/>
</round>
<round no="4"><cards type="River">C2</cards>
<action no="12" player="oreiasccp" type="4" sum="0"/>
<action no="13" player="robotpurple584" type="5" discard="1" dealt="1" sum="40"/>
<action no="14" player="oreiasccp" type="3" sum="40"/>
</round>
</game>
<game gamecode="11536475360"><general><startdate>2025-06-27 08:25:27</startdate>
<round>1</round>
<failsafecounter/>
<players><player seat="10" name="robotpurple584" chips="309" dealer="0" win="0" bet="45" muck="1" rebuy="0" addon="0" merge="0" rebuychips="0" reg_code="8392762321"/>
<player seat="3" name="oreiasccp" chips="1,191" dealer="1" win="90" bet="85" muck="1" rebuy="0" addon="0" merge="0" rebuychips="0" reg_code="8392762248"/>
</players>
</general>
<round no="0"><action no="1" player="oreiasccp" type="15" sum="5"/>
<action no="2" player="robotpurple584" type="15" discard="1" dealt="1" sum="5"/>
<action no="3" player="oreiasccp" type="1" sum="20"/>
<action no="4" player="robotpurple584" type="2" discard="1" dealt="1" sum="40"/>
</round>
<round no="1"><cards type="Pocket" player="oreiasccp">DQ S2</cards>
<cards type="Pocket" player="robotpurple584">X X</cards>
<action no="5" player="oreiasccp" type="3" sum="20"/>
<action no="6" player="robotpurple584" type="4" discard="1" dealt="1" sum="0"/>
</round>
<round no="2"><cards type="Flop">SJ C5 D9</cards>
<action no="7" player="robotpurple584" type="4" discard="1" dealt="1" sum="0"/>
<action no="8" player="oreiasccp" type="5" sum="40"/>
<action no="9" player="robotpurple584" type="0" discard="1" dealt="1" sum="0"/>
</round>
</game>
<game gamecode="11536475394"><general><startdate>2025-06-27 08:25:40</startdate>
<round>1</round>
<failsafecounter/>
<players><player seat="3" name="oreiasccp" chips="1,236" dealer="0" win="0" bet="45" muck="1" rebuy="0" addon="0" merge="0" rebuychips="0" reg_code="8392762248"/>
<player seat="10" name="robotpurple584" chips="264" dealer="1" win="90" bet="264" muck="1" rebuy="0" addon="0" merge="0" rebuychips="0" reg_code="8392762321"/>
</players>
</general>
<round no="0"><action no="1" player="robotpurple584" type="15" discard="1" dealt="1" sum="5"/>
<action no="2" player="oreiasccp" type="15" sum="5"/>
<action no="3" player="robotpurple584" type="1" discard="1" dealt="1" sum="20"/>
<action no="4" player="oreiasccp" type="2" sum="40"/>
</round>
<round no="1"><cards type="Pocket" player="robotpurple584">X X</cards>
<cards type="Pocket" player="oreiasccp">C6 H7</cards>
<action no="5" player="robotpurple584" type="23" discard="1" dealt="1" sum="259"/>
<action no="6" player="oreiasccp" type="0" sum="0"/>
</round>
</game>
<game gamecode="11536475415"><general><startdate>2025-06-27 08:25:48</startdate>
<round>1</round>
<failsafecounter/>
<players><player seat="10" name="robotpurple584" chips="309" dealer="0" win="50" bet="45" muck="1" rebuy="0" addon="0" merge="0" rebuychips="0" reg_code="8392762321"/>
<player seat="3" name="oreiasccp" chips="1,191" dealer="1" win="0" bet="25" muck="1" rebuy="0" addon="0" merge="0" rebuychips="0" reg_code="8392762248"/>
</players>
</general>
<round no="0"><action no="1" player="oreiasccp" type="15" sum="5"/>
<action no="2" player="robotpurple584" type="15" discard="1" dealt="1" sum="5"/>
<action no="3" player="oreiasccp" type="1" sum="20"/>
<action no="4" player="robotpurple584" type="2" discard="1" dealt="1" sum="40"/>
</round>
<round no="1"><cards type="Pocket" player="oreiasccp">S4 H5</cards>
<cards type="Pocket" player="robotpurple584">X X</cards>
<action no="5" player="oreiasccp" type="0" sum="0"/>
</round>
</game>
<game gamecode="11536475433"><general><startdate>2025-06-27 08:25:54</startdate>
<round>1</round>
<failsafecounter/>
<players><player seat="3" name="oreiasccp" chips="1,166" dealer="0" win="170" bet="85" muck="0" rebuy="0" addon="0" merge="0" rebuychips="0" reg_code="8392762248"/>
<player seat="10" name="robotpurple584" chips="334" dealer="1" win="0" bet="85" muck="1" rebuy="0" addon="0" merge="0" rebuychips="0" reg_code="8392762321"/>
</players>
</general>
<round no="0"><action no="1" player="robotpurple584" type="15" discard="1" dealt="1" sum="5"/>
<action no="2" player="oreiasccp" type="15" sum="5"/>
<action no="3" player="robotpurple584" type="1" discard="1" dealt="1" sum="20"/>
<action no="4" player="oreiasccp" type="2" sum="40"/>
</round>
<round no="1"><cards type="Pocket" player="oreiasccp">C2 C3</cards>
<cards type="Pocket" player="robotpurple584">S3 D10</cards>
<action no="5" player="robotpurple584" type="3" discard="1" dealt="1" sum="20"/>
<action no="6" player="oreiasccp" type="4" sum="0"/>
</round>
<round no="2"><cards type="Flop">DJ DA D8</cards>
<action no="7" player="oreiasccp" type="4" sum="0"/>
<action no="8" player="robotpurple584" type="4" discard="1" dealt="1" sum="0"/>
</round>
<round no="3"><cards type="Turn">CJ</cards>
<action no="9" player="oreiasccp" type="4" sum="0"/>
<action no="10" player="robotpurple584" type="4" discard="1" dealt="1" sum="0"/>
</round>
<round no="4"><cards type="River">H2</cards>
<action no="11" player="oreiasccp" type="5" sum="40"/>
<action no="12" player="robotpurple584" type="3" discard="1" dealt="1" sum="40"/>
</round>
</game>
<game gamecode="11536475477"><general><startdate>2025-06-27 08:26:15</startdate>
<round>1</round>
<failsafecounter/>
<players><player seat="10" name="robotpurple584" chips="249" dealer="0" win="50" bet="45" muck="1" rebuy="0" addon="0" merge="0" rebuychips="0" reg_code="8392762321"/>
<player seat="3" name="oreiasccp" chips="1,251" dealer="1" win="0" bet="25" muck="1" rebuy="0" addon="0" merge="0" rebuychips="0" reg_code="8392762248"/>
</players>
</general>
<round no="0"><action no="1" player="oreiasccp" type="15" sum="5"/>
<action no="2" player="robotpurple584" type="15" discard="1" dealt="1" sum="5"/>
<action no="3" player="oreiasccp" type="1" sum="20"/>
<action no="4" player="robotpurple584" type="2" discard="1" dealt="1" sum="40"/>
</round>
<round no="1"><cards type="Pocket" player="oreiasccp">H3 H8</cards>
<cards type="Pocket" player="robotpurple584">X X</cards>
<action no="5" player="oreiasccp" type="0" sum="0"/>
</round>
</game>
<game gamecode="11536475486"><general><startdate>2025-06-27 08:26:21</startdate>
<round>1</round>
<failsafecounter/>
<players><player seat="3" name="oreiasccp" chips="1,226" dealer="0" win="50" bet="45" muck="1" rebuy="0" addon="0" merge="0" rebuychips="0" reg_code="8392762248"/>
<player seat="10" name="robotpurple584" chips="274" dealer="1" win="0" bet="25" muck="1" rebuy="0" addon="0" merge="0" rebuychips="0" reg_code="8392762321"/>
</players>
</general>
<round no="0"><action no="1" player="robotpurple584" type="15" discard="1" dealt="1" sum="5"/>
<action no="2" player="oreiasccp" type="15" sum="5"/>
<action no="3" player="robotpurple584" type="1" discard="1" dealt="1" sum="20"/>
<action no="4" player="oreiasccp" type="2" sum="40"/>
</round>
<round no="1"><cards type="Pocket" player="oreiasccp">S10 CK</cards>
<cards type="Pocket" player="robotpurple584">X X</cards>
<action no="5" player="robotpurple584" type="0" discard="1" dealt="1" sum="0"/>
</round>
</game>
<game gamecode="11536475502"><general><startdate>2025-06-27 08:26:27</startdate>
<round>1</round>
<failsafecounter/>
<players><player seat="10" name="robotpurple584" chips="249" dealer="0" win="0" bet="45" muck="1" rebuy="0" addon="0" merge="0" rebuychips="0" reg_code="8392762321"/>
<player seat="3" name="oreiasccp" chips="1,251" dealer="1" win="90" bet="249" muck="1" rebuy="0" addon="0" merge="0" rebuychips="0" reg_code="8392762248"/>
</players>
</general>
<round no="0"><action no="1" player="oreiasccp" type="15" sum="5"/>
<action no="2" player="robotpurple584" type="15" discard="1" dealt="1" sum="5"/>
<action no="3" player="oreiasccp" type="1" sum="20"/>
<action no="4" player="robotpurple584" type="2" discard="1" dealt="1" sum="40"/>
</round>
<round no="1"><cards type="Pocket" player="robotpurple584">X X</cards>
<cards type="Pocket" player="oreiasccp">C9 C10</cards>
<action no="5" player="oreiasccp" type="23" sum="244"/>
<action no="6" player="robotpurple584" type="0" discard="1" dealt="1" sum="0"/>
</round>
</game>
<game gamecode="11536475524"><general><startdate>2025-06-27 08:26:34</startdate>
<round>1</round>
<failsafecounter/>
<players><player seat="3" name="oreiasccp" chips="1,296" dealer="0" win="0" bet="204" muck="1" rebuy="0" addon="0" merge="0" rebuychips="0" reg_code="8392762248"/>
<player seat="10" name="robotpurple584" chips="204" dealer="1" win="408" bet="204" muck="0" rebuy="0" addon="0" merge="0" rebuychips="0" reg_code="8392762321"/>
</players>
</general>
<round no="0"><action no="1" player="robotpurple584" type="15" discard="1" dealt="1" sum="5"/>
<action no="2" player="oreiasccp" type="15" sum="5"/>
<action no="3" player="robotpurple584" type="1" discard="1" dealt="1" sum="20"/>
<action no="4" player="oreiasccp" type="2" sum="40"/>
</round>
<round no="1"><cards type="Pocket" player="robotpurple584">S6 S5</cards>
<cards type="Pocket" player="oreiasccp">C10 HK</cards>
<action no="5" player="robotpurple584" type="23" discard="1" dealt="1" sum="199"/>
<action no="6" player="oreiasccp" type="3" sum="159"/>
</round>
<round no="2"><cards type="Flop">S3 C4 D2</cards>
</round>
<round no="3"><cards type="Turn">CA</cards>
</round>
<round no="4"><cards type="River">C3</cards>
</round>
</game>
<game gamecode="11536475557"><general><startdate>2025-06-27 08:26:51</startdate>
<round>1</round>
<failsafecounter/>
<players><player seat="10" name="robotpurple584" chips="408" dealer="0" win="0" bet="408" muck="0" rebuy="0" addon="0" merge="0" rebuychips="0" reg_code="8392762321"/>
<player seat="3" name="oreiasccp" chips="1,092" dealer="1" win="816" bet="408" muck="0" rebuy="0" addon="0" merge="0" rebuychips="0" reg_code="8392762248"/>
</players>
</general>
<round no="0"><action no="1" player="oreiasccp" type="15" sum="5"/>
<action no="2" player="robotpurple584" type="15" discard="1" dealt="1" sum="5"/>
<action no="3" player="oreiasccp" type="1" sum="30"/>
<action no="4" player="robotpurple584" type="2" discard="1" dealt="1" sum="60"/>
</round>
<round no="1"><cards type="Pocket" player="oreiasccp">DA HA</cards>
<cards type="Pocket" player="robotpurple584">DK S8</cards>
<action no="5" player="oreiasccp" type="3" sum="30"/>
<action no="6" player="robotpurple584" type="23" discard="1" dealt="1" sum="150"/>
<action no="7" player="oreiasccp" type="3" sum="90"/>
</round>
<round no="2"><cards type="Flop">C8 S2 CQ</cards>
<action no="8" player="robotpurple584" type="5" discard="1" dealt="1" sum="253"/>
<action no="9" player="oreiasccp" type="3" sum="253"/>
</round>
<round no="3"><cards type="Turn">C4</cards>
</round>
<round no="4"><cards type="River">S9</cards>
</round>
</game>
</session>
