<?xml version="1.0" encoding="UTF-8"?>
<session sessioncode="8392777771">
<general>
<client_version>25.1.1.13</client_version>
<mode>real</mode>
<gametype>Holdem NL</gametype>
<tablename>Twister €5 SNG, 1128645583</tablename>
<tournamentcode>1128645582</tournamentcode>
<tournamentname>Twister €5 SNG</tournamentname>
<buyin>€0 + €0.35 + €4.65</buyin>
<totalbuyin>€5</totalbuyin>
<rewarddrawn>€10</rewarddrawn>
<tournamentcurrency>EUR</tournamentcurrency>
<currency>EUR</currency>
<nickname>oreiasccp</nickname>
<gamecount>8</gamecount>
<startdate>2025-06-27 09:22:11</startdate>
<place>3</place>
<win>€0</win>
<tablesize>3</tablesize>
</general>
<game gamecode="11536516834"><general><startdate>2025-06-27 09:22:26</startdate>
<round>1</round>
<failsafecounter/>
<players><player seat="3" name="oreiasccp" chips="500" dealer="0" win="0" bet="40" muck="1" rebuy="0" addon="0" merge="0" rebuychips="0" reg_code="8392777771"/>
<player seat="6" name="Humbert25" chips="500" dealer="1" win="90" bet="107" muck="1" rebuy="0" addon="0" merge="0" rebuychips="0" reg_code="8392777782"/>
<player seat="10" name="theodicy" chips="500" dealer="0" win="0" bet="10" muck="1" rebuy="0" addon="0" merge="0" rebuychips="0" reg_code="8392777792"/>
</players>
</general>
<round no="0"><action no="1" player="theodicy" type="1" discard="1" dealt="1" sum="10"/>
<action no="2" player="oreiasccp" type="2" sum="20"/>
</round>
<round no="1"><cards type="Pocket" player="theodicy">X X</cards>
<cards type="Pocket" player="oreiasccp">C5 S4</cards>
<cards type="Pocket" player="Humbert25">X X</cards>
<action no="3" player="Humbert25" type="23" discard="1" dealt="1" sum="40"/>
<action no="4" player="theodicy" type="0" discard="1" dealt="1" sum="0"/>
<action no="5" player="oreiasccp" type="3" sum="20"/>
</round>
<round no="2"><cards type="Flop">C10 D8 H9</cards>
<action no="6" player="oreiasccp" type="4" sum="0"/>
<action no="7" player="Humbert25" type="5" discard="1" dealt="1" sum="67"/>
<action no="8" player="oreiasccp" type="0" sum="0"/>
</round>
</game>
<game gamecode="11536516896"><general><startdate>2025-06-27 09:22:53</startdate>
<round>1</round>
<failsafecounter/>
<players><player seat="6" name="Humbert25" chips="550" dealer="0" win="180" bet="85" muck="0" rebuy="0" addon="0" merge="0" rebuychips="0" reg_code="8392777782"/>
<player seat="10" name="theodicy" chips="490" dealer="1" win="0" bet="85" muck="1" rebuy="0" addon="0" merge="0" rebuychips="0" reg_code="8392777792"/>
<player seat="3" name="oreiasccp" chips="460" dealer="0" win="0" bet="10" muck="1" rebuy="0" addon="0" merge="0" rebuychips="0" reg_code="8392777771"/>
</players>
</general>
<round no="0"><action no="1" player="oreiasccp" type="1" sum="10"/>
<action no="2" player="Humbert25" type="2" discard="1" dealt="1" sum="20"/>
</round>
<round no="1"><cards type="Pocket" player="oreiasccp">S6 C8</cards>
<cards type="Pocket" player="Humbert25">D10 DJ</cards>
<cards type="Pocket" player="theodicy">DQ SJ</cards>
<action no="3" player="theodicy" type="23" discard="1" dealt="1" sum="40"/>
<action no="4" player="oreiasccp" type="0" sum="0"/>
<action no="5" player="Humbert25" type="3" discard="1" dealt="1" sum="20"/>
</round>
<round no="2"><cards type="Flop">SA C10 D6</cards>
<action no="6" player="Humbert25" type="4" discard="1" dealt="1" sum="0"/>
<action no="7" player="theodicy" type="5" discard="1" dealt="1" sum="45"/>
<action no="8" player="Humbert25" type="3" discard="1" dealt="1" sum="45"/>
</round>
<round no="3"><cards type="Turn">D3</cards>
<action no="9" player="Humbert25" type="4" discard="1" dealt="1" sum="0"/>
<action no="10" player="theodicy" type="4" discard="1" dealt="1" sum="0"/>
</round>
<round no="4"><cards type="River">C4</cards>
<action no="11" player="Humbert25" type="4" discard="1" dealt="1" sum="0"/>
<action no="12" player="theodicy" type="4" discard="1" dealt="1" sum="0"/>
</round>
</game>
<game gamecode="11536517009"><general><startdate>2025-06-27 09:23:33</startdate>
<round>1</round>
<failsafecounter/>
<players><player seat="10" name="theodicy" chips="405" dealer="0" win="20" bet="20" muck="1" rebuy="0" addon="0" merge="0" rebuychips="0" reg_code="8392777792"/>
<player seat="3" name="oreiasccp" chips="450" dealer="1" win="0" bet="0" muck="1" rebuy="0" addon="0" merge="0" rebuychips="0" reg_code="8392777771"/>
<player seat="6" name="Humbert25" chips="645" dealer="0" win="0" bet="10" muck="1" rebuy="0" addon="0" merge="0" rebuychips="0" reg_code="8392777782"/>
</players>
</general>
<round no="0"><action no="1" player="Humbert25" type="1" discard="1" dealt="1" sum="10"/>
<action no="2" player="theodicy" type="2" discard="1" dealt="1" sum="20"/>
</round>
<round no="1"><cards type="Pocket" player="Humbert25">X X</cards>
<cards type="Pocket" player="oreiasccp">D6 S2</cards>
<cards type="Pocket" player="theodicy">X X</cards>
<action no="3" player="oreiasccp" type="0" sum="0"/>
<action no="4" player="Humbert25" type="0" discard="1" dealt="1" sum="0"/>
</round>
</game>
<game gamecode="11536517029"><general><startdate>2025-06-27 09:23:41</startdate>
<round>1</round>
<failsafecounter/>
<players><player seat="3" name="oreiasccp" chips="450" dealer="0" win="134" bet="104" muck="1" rebuy="0" addon="0" merge="0" rebuychips="0" reg_code="8392777771"/>
<player seat="6" name="Humbert25" chips="635" dealer="1" win="0" bet="62" muck="1" rebuy="0" addon="0" merge="0" rebuychips="0" reg_code="8392777782"/>
<player seat="10" name="theodicy" chips="415" dealer="0" win="0" bet="10" muck="1" rebuy="0" addon="0" merge="0" rebuychips="0" reg_code="8392777792"/>
</players>
</general>
<round no="0"><action no="1" player="theodicy" type="1" discard="1" dealt="1" sum="10"/>
<action no="2" player="oreiasccp" type="2" sum="20"/>
</round>
<round no="1"><cards type="Pocket" player="oreiasccp">S4 C6</cards>
<cards type="Pocket" player="Humbert25">X X</cards>
<cards type="Pocket" player="theodicy">X X</cards>
<action no="3" player="Humbert25" type="23" discard="1" dealt="1" sum="40"/>
<action no="4" player="theodicy" type="0" discard="1" dealt="1" sum="0"/>
<action no="5" player="oreiasccp" type="3" sum="20"/>
</round>
<round no="2"><cards type="Flop">D3 S3 S2</cards>
<action no="6" player="oreiasccp" type="4" sum="0"/>
<action no="7" player="Humbert25" type="5" discard="1" dealt="1" sum="22"/>
<action no="8" player="oreiasccp" type="23" sum="64"/>
<action no="9" player="Humbert25" type="0" discard="1" dealt="1" sum="0"/>
</round>
</game>
<game gamecode="11536517107"><general><startdate>2025-06-27 09:24:08</startdate>
<round>1</round>
<failsafecounter/>
<players><player seat="6" name="Humbert25" chips="573" dealer="0" win="20" bet="20" muck="1" rebuy="0" addon="0" merge="0" rebuychips="0" reg_code="8392777782"/>
<player seat="10" name="theodicy" chips="405" dealer="1" win="0" bet="0" muck="1" rebuy="0" addon="0" merge="0" rebuychips="0" reg_code="8392777792"/>
<player seat="3" name="oreiasccp" chips="522" dealer="0" win="0" bet="10" muck="1" rebuy="0" addon="0" merge="0" rebuychips="0" reg_code="8392777771"/>
</players>
</general>
<round no="0"><action no="1" player="oreiasccp" type="1" sum="10"/>
<action no="2" player="Humbert25" type="2" discard="1" dealt="1" sum="20"/>
</round>
<round no="1"><cards type="Pocket" player="theodicy">X X</cards>
<cards type="Pocket" player="oreiasccp">H5 S8</cards>
<cards type="Pocket" player="Humbert25">X X</cards>
<action no="3" player="theodicy" type="0" discard="1" dealt="1" sum="0"/>
<action no="4" player="oreiasccp" type="0" sum="0"/>
</round>
</game>
<game gamecode="11536517140"><general><startdate>2025-06-27 09:24:20</startdate>
<round>1</round>
<failsafecounter/>
<players><player seat="10" name="theodicy" chips="405" dealer="0" win="20" bet="20" muck="1" rebuy="0" addon="0" merge="0" rebuychips="0" reg_code="8392777792"/>
<player seat="3" name="oreiasccp" chips="512" dealer="1" win="0" bet="0" muck="1" rebuy="0" addon="0" merge="0" rebuychips="0" reg_code="8392777771"/>
<player seat="6" name="Humbert25" chips="583" dealer="0" win="0" bet="10" muck="1" rebuy="0" addon="0" merge="0" rebuychips="0" reg_code="8392777782"/>
</players>
</general>
<round no="0"><action no="1" player="Humbert25" type="1" discard="1" dealt="1" sum="10"/>
<action no="2" player="theodicy" type="2" discard="1" dealt="1" sum="20"/>
</round>
<round no="1"><cards type="Pocket" player="Humbert25">X X</cards>
<cards type="Pocket" player="oreiasccp">H3 CA</cards>
<cards type="Pocket" player="theodicy">X X</cards>
<action no="3" player="oreiasccp" type="0" sum="0"/>
<action no="4" player="Humbert25" type="0" discard="1" dealt="1" sum="0"/>
</round>
</game>
<game gamecode="11536517162"><general><startdate>2025-06-27 09:24:30</startdate>
<round>1</round>
<failsafecounter/>
<players><player seat="3" name="oreiasccp" chips="512" dealer="0" win="0" bet="65" muck="1" rebuy="0" addon="0" merge="0" rebuychips="0" reg_code="8392777771"/>
<player seat="6" name="Humbert25" chips="573" dealer="1" win="0" bet="5" muck="1" rebuy="0" addon="0" merge="0" rebuychips="0" reg_code="8392777782"/>
<player seat="10" name="theodicy" chips="415" dealer="0" win="135" bet="132" muck="1" rebuy="0" addon="0" merge="0" rebuychips="0" reg_code="8392777792"/>
</players>
</general>
<round no="0"><action no="1" player="theodicy" type="15" discard="1" dealt="1" sum="5"/>
<action no="2" player="oreiasccp" type="15" sum="5"/>
<action no="3" player="Humbert25" type="15" discard="1" dealt="1" sum="5"/>
<action no="4" player="theodicy" type="1" discard="1" dealt="1" sum="15"/>
<action no="5" player="oreiasccp" type="2" sum="30"/>
</round>
<round no="1"><cards type="Pocket" player="theodicy">X X</cards>
<cards type="Pocket" player="oreiasccp">H7 C6</cards>
<cards type="Pocket" player="Humbert25">X X</cards>
<action no="6" player="Humbert25" type="0" discard="1" dealt="1" sum="0"/>
<action no="7" player="theodicy" type="23" discard="1" dealt="1" sum="60"/>
<action no="8" player="oreiasccp" type="3" sum="30"/>
</round>
<round no="2"><cards type="Flop">HJ CK D3</cards>
<action no="9" player="theodicy" type="4" discard="1" dealt="1" sum="0"/>
<action no="10" player="oreiasccp" type="4" sum="0"/>
</round>
<round no="3"><cards type="Turn">C9</cards>
<action no="11" player="theodicy" type="4" discard="1" dealt="1" sum="0"/>
<action no="12" player="oreiasccp" type="4" sum="0"/>
</round>
<round no="4"><cards type="River">SQ</cards>
<action no="13" player="theodicy" type="5" discard="1" dealt="1" sum="67"/>
<action no="14" player="oreiasccp" type="0" sum="0"/>
</round>
</game>
<game gamecode="11536517259"><general><startdate>2025-06-27 09:25:03</startdate>
<round>1</round>
<failsafecounter/>
<players><player seat="6" name="Humbert25" chips="568" dealer="0" win="899" bet="447" muck="0" rebuy="0" addon="0" merge="0" rebuychips="0" reg_code="8392777782"/>
<player seat="10" name="theodicy" chips="485" dealer="1" win="0" bet="5" muck="1" rebuy="0" addon="0" merge="0" rebuychips="0" reg_code="8392777792"/>
<player seat="3" name="oreiasccp" chips="447" dealer="0" win="0" bet="447" muck="0" rebuy="0" addon="0" merge="0" rebuychips="0" reg_code="8392777771"/>
</players>
</general>
<round no="0"><action no="1" player="oreiasccp" type="15" sum="5"/>
<action no="2" player="Humbert25" type="15" discard="1" dealt="1" sum="5"/>
<action no="3" player="theodicy" type="15" discard="1" dealt="1" sum="5"/>
<action no="4" player="oreiasccp" type="1" sum="15"/>
<action no="5" player="Humbert25" type="2" discard="1" dealt="1" sum="30"/>
</round>
<round no="1"><cards type="Pocket" player="Humbert25">C9 HA</cards>
<cards type="Pocket" player="oreiasccp">S2 H2</cards>
<cards type="Pocket" player="theodicy">X X</cards>
<action no="6" player="theodicy" type="0" discard="1" dealt="1" sum="0"/>
<action no="7" player="oreiasccp" type="23" sum="442"/>
<action no="8" player="Humbert25" type="3" discard="1" dealt="1" sum="412"/>
</round>
<round no="2"><cards type="Flop">D6 D7 HJ</cards>
</round>
<round no="3"><cards type="Turn">SA</cards>
</round>
<round no="4"><cards type="River">C3</cards>
</round>
</game>
</session>
