<?xml version="1.0" encoding="UTF-8"?>
<session sessioncode="8392867718">
<general>
<client_version>25.1.1.13</client_version>
<mode>real</mode>
<gametype>Holdem NL</gametype>
<tablename>Twister €5 SNG, 1128656771</tablename>
<tournamentcode>1128656770</tournamentcode>
<tournamentname>Twister €5 SNG</tournamentname>
<buyin>€0 + €0.35 + €4.65</buyin>
<totalbuyin>€5</totalbuyin>
<rewarddrawn>€10</rewarddrawn>
<tournamentcurrency>EUR</tournamentcurrency>
<currency>EUR</currency>
<nickname>oreiasccp</nickname>
<gamecount>33</gamecount>
<startdate>2025-06-27 13:26:38</startdate>
<place>3</place>
<win>€0</win>
<tablesize>3</tablesize>
</general>
<game gamecode="11536728343"><general><startdate>2025-06-27 13:26:53</startdate>
<round>1</round>
<failsafecounter/>
<players><player seat="6" name="TooManyTables" chips="500" dealer="0" win="0" bet="20" muck="1" rebuy="0" addon="0" merge="0" rebuychips="0" reg_code="8392867732"/>
<player seat="10" name="Freya761" chips="500" dealer="1" win="0" bet="40" muck="1" rebuy="0" addon="0" merge="0" rebuychips="0" reg_code="8392867735"/>
<player seat="3" name="oreiasccp" chips="500" dealer="0" win="100" bet="120" muck="1" rebuy="0" addon="0" merge="0" rebuychips="0" reg_code="8392867718"/>
</players>
</general>
<round no="0"><action no="1" player="oreiasccp" type="1" sum="10"/>
<action no="2" player="TooManyTables" type="2" discard="1" dealt="1" sum="20"/>
</round>
<round no="1"><cards type="Pocket" player="oreiasccp">SQ CQ</cards>
<cards type="Pocket" player="Freya761">X X</cards>
<cards type="Pocket" player="TooManyTables">X X</cards>
<action no="3" player="Freya761" type="23" discard="1" dealt="1" sum="40"/>
<action no="4" player="oreiasccp" type="23" sum="120"/>
<action no="5" player="TooManyTables" type="0" discard="1" dealt="1" sum="0"/>
<action no="6" player="Freya761" type="0" discard="1" dealt="1" sum="0"/>
</round>
</game>
<game gamecode="11536728429"><general><startdate>2025-06-27 13:27:12</startdate>
<round>1</round>
<failsafecounter/>
<players><player seat="10" name="Freya761" chips="460" dealer="0" win="20" bet="20" muck="1" rebuy="0" addon="0" merge="0" rebuychips="0" reg_code="8392867735"/>
<player seat="3" name="oreiasccp" chips="560" dealer="1" win="0" bet="0" muck="1" rebuy="0" addon="0" merge="0" rebuychips="0" reg_code="8392867718"/>
<player seat="6" name="TooManyTables" chips="480" dealer="0" win="0" bet="10" muck="1" rebuy="0" addon="0" merge="0" rebuychips="0" reg_code="8392867732"/>
</players>
</general>
<round no="0"><action no="1" player="TooManyTables" type="1" discard="1" dealt="1" sum="10"/>
<action no="2" player="Freya761" type="2" discard="1" dealt="1" sum="20"/>
</round>
<round no="1"><cards type="Pocket" player="Freya761">X X</cards>
<cards type="Pocket" player="oreiasccp">S3 H9</cards>
<cards type="Pocket" player="TooManyTables">X X</cards>
<action no="3" player="oreiasccp" type="0" sum="0"/>
<action no="4" player="TooManyTables" type="0" discard="1" dealt="1" sum="0"/>
</round>
</game>
<game gamecode="11536728468"><general><startdate>2025-06-27 13:27:21</startdate>
<round>1</round>
<failsafecounter/>
<players><player seat="3" name="oreiasccp" chips="560" dealer="0" win="20" bet="20" muck="1" rebuy="0" addon="0" merge="0" rebuychips="0" reg_code="8392867718"/>
<player seat="6" name="TooManyTables" chips="470" dealer="1" win="0" bet="0" muck="1" rebuy="0" addon="0" merge="0" rebuychips="0" reg_code="8392867732"/>
<player seat="10" name="Freya761" chips="470" dealer="0" win="0" bet="10" muck="1" rebuy="0" addon="0" merge="0" rebuychips="0" reg_code="8392867735"/>
</players>
</general>
<round no="0"><action no="1" player="Freya761" type="1" discard="1" dealt="1" sum="10"/>
<action no="2" player="oreiasccp" type="2" sum="20"/>
</round>
<round no="1"><cards type="Pocket" player="TooManyTables">X X</cards>
<cards type="Pocket" player="Freya761">X X</cards>
<cards type="Pocket" player="oreiasccp">D4 D6</cards>
<action no="3" player="TooManyTables" type="0" discard="1" dealt="1" sum="0"/>
<action no="4" player="Freya761" type="0" discard="1" dealt="1" sum="0"/>
</round>
</game>
<game gamecode="11536728509"><general><startdate>2025-06-27 13:27:30</startdate>
<round>1</round>
<failsafecounter/>
<players><player seat="6" name="TooManyTables" chips="470" dealer="0" win="940" bet="470" muck="0" rebuy="0" addon="0" merge="0" rebuychips="0" reg_code="8392867732"/>
<player seat="10" name="Freya761" chips="460" dealer="1" win="0" bet="0" muck="1" rebuy="0" addon="0" merge="0" rebuychips="0" reg_code="8392867735"/>
<player seat="3" name="oreiasccp" chips="570" dealer="0" win="0" bet="470" muck="0" rebuy="0" addon="0" merge="0" rebuychips="0" reg_code="8392867718"/>
</players>
</general>
<round no="0"><action no="1" player="oreiasccp" type="1" sum="10"/>
<action no="2" player="TooManyTables" type="2" discard="1" dealt="1" sum="20"/>
</round>
<round no="1"><cards type="Pocket" player="TooManyTables">HK HJ</cards>
<cards type="Pocket" player="Freya761">X X</cards>
<cards type="Pocket" player="oreiasccp">SA D10</cards>
<action no="3" player="Freya761" type="0" discard="1" dealt="1" sum="0"/>
<action no="4" player="oreiasccp" type="23" sum="470"/>
<action no="5" player="TooManyTables" type="7" discard="1" dealt="1" sum="450"/>
</round>
<round no="2"><cards type="Flop">D4 C2 H6</cards>
</round>
<round no="3"><cards type="Turn">DJ</cards>
</round>
<round no="4"><cards type="River">SK</cards>
</round>
</game>
<game gamecode="11536732804"><general><startdate>2025-06-27 13:27:52</startdate>
<round>1</round>
<failsafecounter/>
<players><player seat="10" name="Freya761" chips="460" dealer="0" win="20" bet="20" muck="1" rebuy="0" addon="0" merge="0" rebuychips="0" reg_code="8392867735"/>
<player seat="3" name="oreiasccp" chips="100" dealer="1" win="0" bet="0" muck="1" rebuy="0" addon="0" merge="0" rebuychips="0" reg_code="8392867718"/>
<player seat="6" name="TooManyTables" chips="940" dealer="0" win="0" bet="10" muck="1" rebuy="0" addon="0" merge="0" rebuychips="0" reg_code="8392867732"/>
</players>
</general>
<round no="0"><action no="1" player="TooManyTables" type="1" discard="1" dealt="1" sum="10"/>
<action no="2" player="Freya761" type="2" discard="1" dealt="1" sum="20"/>
</round>
<round no="1"><cards type="Pocket" player="TooManyTables">X X</cards>
<cards type="Pocket" player="Freya761">X X</cards>
<cards type="Pocket" player="oreiasccp">SJ D7</cards>
<action no="3" player="oreiasccp" type="0" sum="0"/>
<action no="4" player="TooManyTables" type="0" discard="1" dealt="1" sum="0"/>
</round>
</game>
<game gamecode="11536732843"><general><startdate>2025-06-27 13:28:00</startdate>
<round>1</round>
<failsafecounter/>
<players><player seat="3" name="oreiasccp" chips="100" dealer="0" win="20" bet="20" muck="1" rebuy="0" addon="0" merge="0" rebuychips="0" reg_code="8392867718"/>
<player seat="6" name="TooManyTables" chips="930" dealer="1" win="0" bet="0" muck="1" rebuy="0" addon="0" merge="0" rebuychips="0" reg_code="8392867732"/>
<player seat="10" name="Freya761" chips="470" dealer="0" win="0" bet="10" muck="1" rebuy="0" addon="0" merge="0" rebuychips="0" reg_code="8392867735"/>
</players>
</general>
<round no="0"><action no="1" player="Freya761" type="1" discard="1" dealt="1" sum="10"/>
<action no="2" player="oreiasccp" type="2" sum="20"/>
</round>
<round no="1"><cards type="Pocket" player="TooManyTables">X X</cards>
<cards type="Pocket" player="oreiasccp">H8 SJ</cards>
<cards type="Pocket" player="Freya761">X X</cards>
<action no="3" player="TooManyTables" type="0" discard="1" dealt="1" sum="0"/>
<action no="4" player="Freya761" type="0" discard="1" dealt="1" sum="0"/>
</round>
</game>
<game gamecode="11536732894"><general><startdate>2025-06-27 13:28:11</startdate>
<round>1</round>
<failsafecounter/>
<players><player seat="6" name="TooManyTables" chips="930" dealer="0" win="0" bet="20" muck="1" rebuy="0" addon="0" merge="0" rebuychips="0" reg_code="8392867732"/>
<player seat="10" name="Freya761" chips="460" dealer="1" win="0" bet="0" muck="1" rebuy="0" addon="0" merge="0" rebuychips="0" reg_code="8392867735"/>
<player seat="3" name="oreiasccp" chips="110" dealer="0" win="40" bet="110" muck="1" rebuy="0" addon="0" merge="0" rebuychips="0" reg_code="8392867718"/>
</players>
</general>
<round no="0"><action no="1" player="oreiasccp" type="1" sum="10"/>
<action no="2" player="TooManyTables" type="2" discard="1" dealt="1" sum="20"/>
</round>
<round no="1"><cards type="Pocket" player="TooManyTables">X X</cards>
<cards type="Pocket" player="oreiasccp">CJ DQ</cards>
<cards type="Pocket" player="Freya761">X X</cards>
<action no="3" player="Freya761" type="0" discard="1" dealt="1" sum="0"/>
<action no="4" player="oreiasccp" type="23" sum="110"/>
<action no="5" player="TooManyTables" type="0" discard="1" dealt="1" sum="0"/>
</round>
</game>
<game gamecode="11536732936"><general><startdate>2025-06-27 13:28:21</startdate>
<round>1</round>
<failsafecounter/>
<players><player seat="10" name="Freya761" chips="460" dealer="0" win="20" bet="20" muck="1" rebuy="0" addon="0" merge="0" rebuychips="0" reg_code="8392867735"/>
<player seat="3" name="oreiasccp" chips="130" dealer="1" win="0" bet="0" muck="1" rebuy="0" addon="0" merge="0" rebuychips="0" reg_code="8392867718"/>
<player seat="6" name="TooManyTables" chips="910" dealer="0" win="0" bet="10" muck="1" rebuy="0" addon="0" merge="0" rebuychips="0" reg_code="8392867732"/>
</players>
</general>
<round no="0"><action no="1" player="TooManyTables" type="1" discard="1" dealt="1" sum="10"/>
<action no="2" player="Freya761" type="2" discard="1" dealt="1" sum="20"/>
</round>
<round no="1"><cards type="Pocket" player="oreiasccp">H9 H7</cards>
<cards type="Pocket" player="TooManyTables">X X</cards>
<cards type="Pocket" player="Freya761">X X</cards>
<action no="3" player="oreiasccp" type="0" sum="0"/>
<action no="4" player="TooManyTables" type="0" discard="1" dealt="1" sum="0"/>
</round>
</game>
<game gamecode="11536732972"><general><startdate>2025-06-27 13:28:30</startdate>
<round>1</round>
<failsafecounter/>
<players><player seat="3" name="oreiasccp" chips="130" dealer="0" win="0" bet="20" muck="1" rebuy="0" addon="0" merge="0" rebuychips="0" reg_code="8392867718"/>
<player seat="6" name="TooManyTables" chips="900" dealer="1" win="50" bet="40" muck="1" rebuy="0" addon="0" merge="0" rebuychips="0" reg_code="8392867732"/>
<player seat="10" name="Freya761" chips="470" dealer="0" win="0" bet="10" muck="1" rebuy="0" addon="0" merge="0" rebuychips="0" reg_code="8392867735"/>
</players>
</general>
<round no="0"><action no="1" player="Freya761" type="1" discard="1" dealt="1" sum="10"/>
<action no="2" player="oreiasccp" type="2" sum="20"/>
</round>
<round no="1"><cards type="Pocket" player="TooManyTables">X X</cards>
<cards type="Pocket" player="Freya761">X X</cards>
<cards type="Pocket" player="oreiasccp">H6 D7</cards>
<action no="3" player="TooManyTables" type="23" discard="1" dealt="1" sum="40"/>
<action no="4" player="Freya761" type="0" discard="1" dealt="1" sum="0"/>
<action no="5" player="oreiasccp" type="0" sum="0"/>
</round>
</game>
<game gamecode="11536733035"><general><startdate>2025-06-27 13:28:45</startdate>
<round>1</round>
<failsafecounter/>
<players><player seat="6" name="TooManyTables" chips="930" dealer="0" win="0" bet="85" muck="1" rebuy="0" addon="0" merge="0" rebuychips="0" reg_code="8392867732"/>
<player seat="10" name="Freya761" chips="460" dealer="1" win="180" bet="220" muck="1" rebuy="0" addon="0" merge="0" rebuychips="0" reg_code="8392867735"/>
<player seat="3" name="oreiasccp" chips="110" dealer="0" win="0" bet="10" muck="1" rebuy="0" addon="0" merge="0" rebuychips="0" reg_code="8392867718"/>
</players>
</general>
<round no="0"><action no="1" player="oreiasccp" type="1" sum="10"/>
<action no="2" player="TooManyTables" type="2" discard="1" dealt="1" sum="20"/>
</round>
<round no="1"><cards type="Pocket" player="oreiasccp">H3 D5</cards>
<cards type="Pocket" player="Freya761">X X</cards>
<cards type="Pocket" player="TooManyTables">X X</cards>
<action no="3" player="Freya761" type="23" discard="1" dealt="1" sum="40"/>
<action no="4" player="oreiasccp" type="0" sum="0"/>
<action no="5" player="TooManyTables" type="3" discard="1" dealt="1" sum="20"/>
</round>
<round no="2"><cards type="Flop">C4 S5 C7</cards>
<action no="6" player="TooManyTables" type="4" discard="1" dealt="1" sum="0"/>
<action no="7" player="Freya761" type="5" discard="1" dealt="1" sum="45"/>
<action no="8" player="TooManyTables" type="3" discard="1" dealt="1" sum="45"/>
</round>
<round no="3"><cards type="Turn">SA</cards>
<action no="9" player="TooManyTables" type="4" discard="1" dealt="1" sum="0"/>
<action no="10" player="Freya761" type="5" discard="1" dealt="1" sum="135"/>
<action no="11" player="TooManyTables" type="0" discard="1" dealt="1" sum="0"/>
</round>
</game>
<game gamecode="11536733174"><general><startdate>2025-06-27 13:29:16</startdate>
<round>1</round>
<failsafecounter/>
<players><player seat="10" name="Freya761" chips="555" dealer="0" win="45" bet="35" muck="1" rebuy="0" addon="0" merge="0" rebuychips="0" reg_code="8392867735"/>
<player seat="3" name="oreiasccp" chips="100" dealer="1" win="0" bet="5" muck="1" rebuy="0" addon="0" merge="0" rebuychips="0" reg_code="8392867718"/>
<player seat="6" name="TooManyTables" chips="845" dealer="0" win="0" bet="20" muck="1" rebuy="0" addon="0" merge="0" rebuychips="0" reg_code="8392867732"/>
</players>
</general>
<round no="0"><action no="1" player="TooManyTables" type="15" discard="1" dealt="1" sum="5"/>
<action no="2" player="Freya761" type="15" discard="1" dealt="1" sum="5"/>
<action no="3" player="oreiasccp" type="15" sum="5"/>
<action no="4" player="TooManyTables" type="1" discard="1" dealt="1" sum="15"/>
<action no="5" player="Freya761" type="2" discard="1" dealt="1" sum="30"/>
</round>
<round no="1"><cards type="Pocket" player="oreiasccp">C9 S10</cards>
<cards type="Pocket" player="TooManyTables">X X</cards>
<cards type="Pocket" player="Freya761">X X</cards>
<action no="6" player="oreiasccp" type="0" sum="0"/>
<action no="7" player="TooManyTables" type="0" discard="1" dealt="1" sum="0"/>
</round>
</game>
<game gamecode="11536733203"><general><startdate>2025-06-27 13:29:24</startdate>
<round>1</round>
<failsafecounter/>
<players><player seat="3" name="oreiasccp" chips="95" dealer="0" win="195" bet="95" muck="0" rebuy="0" addon="0" merge="0" rebuychips="0" reg_code="8392867718"/>
<player seat="6" name="TooManyTables" chips="825" dealer="1" win="0" bet="5" muck="1" rebuy="0" addon="0" merge="0" rebuychips="0" reg_code="8392867732"/>
<player seat="10" name="Freya761" chips="580" dealer="0" win="0" bet="580" muck="1" rebuy="0" addon="0" merge="0" rebuychips="0" reg_code="8392867735"/>
</players>
</general>
<round no="0"><action no="1" player="Freya761" type="15" discard="1" dealt="1" sum="5"/>
<action no="2" player="oreiasccp" type="15" sum="5"/>
<action no="3" player="TooManyTables" type="15" discard="1" dealt="1" sum="5"/>
<action no="4" player="Freya761" type="1" discard="1" dealt="1" sum="15"/>
<action no="5" player="oreiasccp" type="2" sum="30"/>
</round>
<round no="1"><cards type="Pocket" player="TooManyTables">X X</cards>
<cards type="Pocket" player="Freya761">H6 HJ</cards>
<cards type="Pocket" player="oreiasccp">C2 C9</cards>
<action no="6" player="TooManyTables" type="0" discard="1" dealt="1" sum="0"/>
<action no="7" player="Freya761" type="23" discard="1" dealt="1" sum="575"/>
<action no="8" player="oreiasccp" type="7" sum="60"/>
</round>
<round no="2"><cards type="Flop">D9 H4 HA</cards>
</round>
<round no="3"><cards type="Turn">D10</cards>
</round>
<round no="4"><cards type="River">S6</cards>
</round>
</game>
<game gamecode="11536733307"><general><startdate>2025-06-27 13:29:48</startdate>
<round>1</round>
<failsafecounter/>
<players><player seat="6" name="TooManyTables" chips="820" dealer="0" win="45" bet="35" muck="1" rebuy="0" addon="0" merge="0" rebuychips="0" reg_code="8392867732"/>
<player seat="10" name="Freya761" chips="485" dealer="1" win="0" bet="5" muck="1" rebuy="0" addon="0" merge="0" rebuychips="0" reg_code="8392867735"/>
<player seat="3" name="oreiasccp" chips="195" dealer="0" win="0" bet="20" muck="1" rebuy="0" addon="0" merge="0" rebuychips="0" reg_code="8392867718"/>
</players>
</general>
<round no="0"><action no="1" player="oreiasccp" type="15" sum="5"/>
<action no="2" player="TooManyTables" type="15" discard="1" dealt="1" sum="5"/>
<action no="3" player="Freya761" type="15" discard="1" dealt="1" sum="5"/>
<action no="4" player="oreiasccp" type="1" sum="15"/>
<action no="5" player="TooManyTables" type="2" discard="1" dealt="1" sum="30"/>
</round>
<round no="1"><cards type="Pocket" player="Freya761">X X</cards>
<cards type="Pocket" player="TooManyTables">X X</cards>
<cards type="Pocket" player="oreiasccp">CQ D2</cards>
<action no="6" player="Freya761" type="0" discard="1" dealt="1" sum="0"/>
<action no="7" player="oreiasccp" type="0" sum="0"/>
</round>
</game>
<game gamecode="11536733354"><general><startdate>2025-06-27 13:30:02</startdate>
<round>1</round>
<failsafecounter/>
<players><player seat="10" name="Freya761" chips="480" dealer="0" win="0" bet="35" muck="1" rebuy="0" addon="0" merge="0" rebuychips="0" reg_code="8392867735"/>
<player seat="3" name="oreiasccp" chips="175" dealer="1" win="90" bet="175" muck="1" rebuy="0" addon="0" merge="0" rebuychips="0" reg_code="8392867718"/>
<player seat="6" name="TooManyTables" chips="845" dealer="0" win="0" bet="20" muck="1" rebuy="0" addon="0" merge="0" rebuychips="0" reg_code="8392867732"/>
</players>
</general>
<round no="0"><action no="1" player="TooManyTables" type="15" discard="1" dealt="1" sum="5"/>
<action no="2" player="Freya761" type="15" discard="1" dealt="1" sum="5"/>
<action no="3" player="oreiasccp" type="15" sum="5"/>
<action no="4" player="TooManyTables" type="1" discard="1" dealt="1" sum="15"/>
<action no="5" player="Freya761" type="2" discard="1" dealt="1" sum="30"/>
</round>
<round no="1"><cards type="Pocket" player="Freya761">X X</cards>
<cards type="Pocket" player="oreiasccp">SA C6</cards>
<cards type="Pocket" player="TooManyTables">X X</cards>
<action no="6" player="oreiasccp" type="23" sum="170"/>
<action no="7" player="TooManyTables" type="0" discard="1" dealt="1" sum="0"/>
<action no="8" player="Freya761" type="0" discard="1" dealt="1" sum="0"/>
</round>
</game>
<game gamecode="11536733415"><general><startdate>2025-06-27 13:30:16</startdate>
<round>1</round>
<failsafecounter/>
<players><player seat="3" name="oreiasccp" chips="230" dealer="0" win="45" bet="35" muck="1" rebuy="0" addon="0" merge="0" rebuychips="0" reg_code="8392867718"/>
<player seat="6" name="TooManyTables" chips="825" dealer="1" win="0" bet="5" muck="1" rebuy="0" addon="0" merge="0" rebuychips="0" reg_code="8392867732"/>
<player seat="10" name="Freya761" chips="445" dealer="0" win="0" bet="20" muck="1" rebuy="0" addon="0" merge="0" rebuychips="0" reg_code="8392867735"/>
</players>
</general>
<round no="0"><action no="1" player="Freya761" type="15" discard="1" dealt="1" sum="5"/>
<action no="2" player="oreiasccp" type="15" sum="5"/>
<action no="3" player="TooManyTables" type="15" discard="1" dealt="1" sum="5"/>
<action no="4" player="Freya761" type="1" discard="1" dealt="1" sum="15"/>
<action no="5" player="oreiasccp" type="2" sum="30"/>
</round>
<round no="1"><cards type="Pocket" player="Freya761">X X</cards>
<cards type="Pocket" player="TooManyTables">X X</cards>
<cards type="Pocket" player="oreiasccp">S10 C3</cards>
<action no="6" player="TooManyTables" type="0" discard="1" dealt="1" sum="0"/>
<action no="7" player="Freya761" type="0" discard="1" dealt="1" sum="0"/>
</round>
</game>
<game gamecode="11536733488"><general><startdate>2025-06-27 13:30:36</startdate>
<round>1</round>
<failsafecounter/>
<players><player seat="6" name="TooManyTables" chips="820" dealer="0" win="0" bet="35" muck="1" rebuy="0" addon="0" merge="0" rebuychips="0" reg_code="8392867732"/>
<player seat="10" name="Freya761" chips="425" dealer="1" win="0" bet="5" muck="1" rebuy="0" addon="0" merge="0" rebuychips="0" reg_code="8392867735"/>
<player seat="3" name="oreiasccp" chips="255" dealer="0" win="75" bet="255" muck="1" rebuy="0" addon="0" merge="0" rebuychips="0" reg_code="8392867718"/>
</players>
</general>
<round no="0"><action no="1" player="oreiasccp" type="15" sum="5"/>
<action no="2" player="TooManyTables" type="15" discard="1" dealt="1" sum="5"/>
<action no="3" player="Freya761" type="15" discard="1" dealt="1" sum="5"/>
<action no="4" player="oreiasccp" type="1" sum="15"/>
<action no="5" player="TooManyTables" type="2" discard="1" dealt="1" sum="30"/>
</round>
<round no="1"><cards type="Pocket" player="Freya761">X X</cards>
<cards type="Pocket" player="oreiasccp">DA C2</cards>
<cards type="Pocket" player="TooManyTables">X X</cards>
<action no="6" player="Freya761" type="0" discard="1" dealt="1" sum="0"/>
<action no="7" player="oreiasccp" type="23" sum="250"/>
<action no="8" player="TooManyTables" type="0" discard="1" dealt="1" sum="0"/>
</round>
</game>
<game gamecode="11536733539"><general><startdate>2025-06-27 13:30:47</startdate>
<round>1</round>
<failsafecounter/>
<players><player seat="10" name="Freya761" chips="420" dealer="0" win="0" bet="35" muck="1" rebuy="0" addon="0" merge="0" rebuychips="0" reg_code="8392867735"/>
<player seat="3" name="oreiasccp" chips="295" dealer="1" win="625" bet="295" muck="0" rebuy="0" addon="0" merge="0" rebuychips="0" reg_code="8392867718"/>
<player seat="6" name="TooManyTables" chips="785" dealer="0" win="0" bet="785" muck="1" rebuy="0" addon="0" merge="0" rebuychips="0" reg_code="8392867732"/>
</players>
</general>
<round no="0"><action no="1" player="TooManyTables" type="15" discard="1" dealt="1" sum="5"/>
<action no="2" player="Freya761" type="15" discard="1" dealt="1" sum="5"/>
<action no="3" player="oreiasccp" type="15" sum="5"/>
<action no="4" player="TooManyTables" type="1" discard="1" dealt="1" sum="15"/>
<action no="5" player="Freya761" type="2" discard="1" dealt="1" sum="30"/>
</round>
<round no="1"><cards type="Pocket" player="Freya761">X X</cards>
<cards type="Pocket" player="oreiasccp">HA SA</cards>
<cards type="Pocket" player="TooManyTables">C10 D10</cards>
<action no="6" player="oreiasccp" type="23" sum="60"/>
<action no="7" player="TooManyTables" type="23" discard="1" dealt="1" sum="780"/>
<action no="8" player="Freya761" type="0" discard="1" dealt="1" sum="0"/>
<action no="9" player="oreiasccp" type="7" sum="230"/>
</round>
<round no="2"><cards type="Flop">S7 D2 H8</cards>
</round>
<round no="3"><cards type="Turn">CJ</cards>
</round>
<round no="4"><cards type="River">H5</cards>
</round>
</game>
<game gamecode="11536733658"><general><startdate>2025-06-27 13:31:15</startdate>
<round>1</round>
<failsafecounter/>
<players><player seat="3" name="oreiasccp" chips="625" dealer="0" win="0" bet="45" muck="1" rebuy="0" addon="0" merge="0" rebuychips="0" reg_code="8392867718"/>
<player seat="6" name="TooManyTables" chips="490" dealer="1" win="0" bet="5" muck="1" rebuy="0" addon="0" merge="0" rebuychips="0" reg_code="8392867732"/>
<player seat="10" name="Freya761" chips="385" dealer="0" win="95" bet="385" muck="1" rebuy="0" addon="0" merge="0" rebuychips="0" reg_code="8392867735"/>
</players>
</general>
<round no="0"><action no="1" player="Freya761" type="15" discard="1" dealt="1" sum="5"/>
<action no="2" player="oreiasccp" type="15" sum="5"/>
<action no="3" player="TooManyTables" type="15" discard="1" dealt="1" sum="5"/>
<action no="4" player="Freya761" type="1" discard="1" dealt="1" sum="20"/>
<action no="5" player="oreiasccp" type="2" sum="40"/>
</round>
<round no="1"><cards type="Pocket" player="oreiasccp">D6 C5</cards>
<cards type="Pocket" player="TooManyTables">X X</cards>
<cards type="Pocket" player="Freya761">X X</cards>
<action no="6" player="TooManyTables" type="0" discard="1" dealt="1" sum="0"/>
<action no="7" player="Freya761" type="23" discard="1" dealt="1" sum="380"/>
<action no="8" player="oreiasccp" type="0" sum="0"/>
</round>
</game>
<game gamecode="11536733700"><general><startdate>2025-06-27 13:31:26</startdate>
<round>1</round>
<failsafecounter/>
<players><player seat="6" name="TooManyTables" chips="485" dealer="0" win="0" bet="45" muck="1" rebuy="0" addon="0" merge="0" rebuychips="0" reg_code="8392867732"/>
<player seat="10" name="Freya761" chips="435" dealer="1" win="115" bet="435" muck="1" rebuy="0" addon="0" merge="0" rebuychips="0" reg_code="8392867735"/>
<player seat="3" name="oreiasccp" chips="580" dealer="0" win="0" bet="25" muck="1" rebuy="0" addon="0" merge="0" rebuychips="0" reg_code="8392867718"/>
</players>
</general>
<round no="0"><action no="1" player="oreiasccp" type="15" sum="5"/>
<action no="2" player="TooManyTables" type="15" discard="1" dealt="1" sum="5"/>
<action no="3" player="Freya761" type="15" discard="1" dealt="1" sum="5"/>
<action no="4" player="oreiasccp" type="1" sum="20"/>
<action no="5" player="TooManyTables" type="2" discard="1" dealt="1" sum="40"/>
</round>
<round no="1"><cards type="Pocket" player="TooManyTables">X X</cards>
<cards type="Pocket" player="oreiasccp">D6 S5</cards>
<cards type="Pocket" player="Freya761">X X</cards>
<action no="6" player="Freya761" type="23" discard="1" dealt="1" sum="430"/>
<action no="7" player="oreiasccp" type="0" sum="0"/>
<action no="8" player="TooManyTables" type="0" discard="1" dealt="1" sum="0"/>
</round>
</game>
<game gamecode="11536733744"><general><startdate>2025-06-27 13:31:36</startdate>
<round>1</round>
<failsafecounter/>
<players><player seat="10" name="Freya761" chips="505" dealer="0" win="0" bet="45" muck="1" rebuy="0" addon="0" merge="0" rebuychips="0" reg_code="8392867735"/>
<player seat="3" name="oreiasccp" chips="555" dealer="1" win="115" bet="85" muck="1" rebuy="0" addon="0" merge="0" rebuychips="0" reg_code="8392867718"/>
<player seat="6" name="TooManyTables" chips="440" dealer="0" win="0" bet="25" muck="1" rebuy="0" addon="0" merge="0" rebuychips="0" reg_code="8392867732"/>
</players>
</general>
<round no="0"><action no="1" player="TooManyTables" type="15" discard="1" dealt="1" sum="5"/>
<action no="2" player="Freya761" type="15" discard="1" dealt="1" sum="5"/>
<action no="3" player="oreiasccp" type="15" sum="5"/>
<action no="4" player="TooManyTables" type="1" discard="1" dealt="1" sum="20"/>
<action no="5" player="Freya761" type="2" discard="1" dealt="1" sum="40"/>
</round>
<round no="1"><cards type="Pocket" player="TooManyTables">X X</cards>
<cards type="Pocket" player="oreiasccp">DQ CJ</cards>
<cards type="Pocket" player="Freya761">X X</cards>
<action no="6" player="oreiasccp" type="23" sum="80"/>
<action no="7" player="TooManyTables" type="0" discard="1" dealt="1" sum="0"/>
<action no="8" player="Freya761" type="0" discard="1" dealt="1" sum="0"/>
</round>
</game>
<game gamecode="11536733780"><general><startdate>2025-06-27 13:31:46</startdate>
<round>1</round>
<failsafecounter/>
<players><player seat="3" name="oreiasccp" chips="625" dealer="0" win="55" bet="45" muck="1" rebuy="0" addon="0" merge="0" rebuychips="0" reg_code="8392867718"/>
<player seat="6" name="TooManyTables" chips="415" dealer="1" win="0" bet="5" muck="1" rebuy="0" addon="0" merge="0" rebuychips="0" reg_code="8392867732"/>
<player seat="10" name="Freya761" chips="460" dealer="0" win="0" bet="25" muck="1" rebuy="0" addon="0" merge="0" rebuychips="0" reg_code="8392867735"/>
</players>
</general>
<round no="0"><action no="1" player="Freya761" type="15" discard="1" dealt="1" sum="5"/>
<action no="2" player="oreiasccp" type="15" sum="5"/>
<action no="3" player="TooManyTables" type="15" discard="1" dealt="1" sum="5"/>
<action no="4" player="Freya761" type="1" discard="1" dealt="1" sum="20"/>
<action no="5" player="oreiasccp" type="2" sum="40"/>
</round>
<round no="1"><cards type="Pocket" player="oreiasccp">S3 C5</cards>
<cards type="Pocket" player="TooManyTables">X X</cards>
<cards type="Pocket" player="Freya761">X X</cards>
<action no="6" player="TooManyTables" type="0" discard="1" dealt="1" sum="0"/>
<action no="7" player="Freya761" type="0" discard="1" dealt="1" sum="0"/>
</round>
</game>
<game gamecode="11536733829"><general><startdate>2025-06-27 13:31:58</startdate>
<round>1</round>
<failsafecounter/>
<players><player seat="6" name="TooManyTables" chips="410" dealer="0" win="0" bet="45" muck="1" rebuy="0" addon="0" merge="0" rebuychips="0" reg_code="8392867732"/>
<player seat="10" name="Freya761" chips="435" dealer="1" win="115" bet="435" muck="1" rebuy="0" addon="0" merge="0" rebuychips="0" reg_code="8392867735"/>
<player seat="3" name="oreiasccp" chips="655" dealer="0" win="0" bet="25" muck="1" rebuy="0" addon="0" merge="0" rebuychips="0" reg_code="8392867718"/>
</players>
</general>
<round no="0"><action no="1" player="oreiasccp" type="15" sum="5"/>
<action no="2" player="TooManyTables" type="15" discard="1" dealt="1" sum="5"/>
<action no="3" player="Freya761" type="15" discard="1" dealt="1" sum="5"/>
<action no="4" player="oreiasccp" type="1" sum="20"/>
<action no="5" player="TooManyTables" type="2" discard="1" dealt="1" sum="40"/>
</round>
<round no="1"><cards type="Pocket" player="oreiasccp">HJ S2</cards>
<cards type="Pocket" player="TooManyTables">X X</cards>
<cards type="Pocket" player="Freya761">X X</cards>
<action no="6" player="Freya761" type="23" discard="1" dealt="1" sum="430"/>
<action no="7" player="oreiasccp" type="0" sum="0"/>
<action no="8" player="TooManyTables" type="0" discard="1" dealt="1" sum="0"/>
</round>
</game>
<game gamecode="11536733870"><general><startdate>2025-06-27 13:32:11</startdate>
<round>1</round>
<failsafecounter/>
<players><player seat="10" name="Freya761" chips="505" dealer="0" win="0" bet="45" muck="1" rebuy="0" addon="0" merge="0" rebuychips="0" reg_code="8392867735"/>
<player seat="3" name="oreiasccp" chips="630" dealer="1" win="0" bet="5" muck="1" rebuy="0" addon="0" merge="0" rebuychips="0" reg_code="8392867718"/>
<player seat="6" name="TooManyTables" chips="365" dealer="0" win="95" bet="365" muck="1" rebuy="0" addon="0" merge="0" rebuychips="0" reg_code="8392867732"/>
</players>
</general>
<round no="0"><action no="1" player="TooManyTables" type="15" discard="1" dealt="1" sum="5"/>
<action no="2" player="Freya761" type="15" discard="1" dealt="1" sum="5"/>
<action no="3" player="oreiasccp" type="15" sum="5"/>
<action no="4" player="TooManyTables" type="1" discard="1" dealt="1" sum="20"/>
<action no="5" player="Freya761" type="2" discard="1" dealt="1" sum="40"/>
</round>
<round no="1"><cards type="Pocket" player="oreiasccp">H4 H8</cards>
<cards type="Pocket" player="Freya761">X X</cards>
<cards type="Pocket" player="TooManyTables">X X</cards>
<action no="6" player="oreiasccp" type="0" sum="0"/>
<action no="7" player="TooManyTables" type="23" discard="1" dealt="1" sum="360"/>
<action no="8" player="Freya761" type="0" discard="1" dealt="1" sum="0"/>
</round>
</game>
<game gamecode="11536733944"><general><startdate>2025-06-27 13:32:29</startdate>
<round>1</round>
<failsafecounter/>
<players><player seat="3" name="oreiasccp" chips="625" dealer="0" win="55" bet="45" muck="1" rebuy="0" addon="0" merge="0" rebuychips="0" reg_code="8392867718"/>
<player seat="6" name="TooManyTables" chips="415" dealer="1" win="0" bet="5" muck="1" rebuy="0" addon="0" merge="0" rebuychips="0" reg_code="8392867732"/>
<player seat="10" name="Freya761" chips="460" dealer="0" win="0" bet="25" muck="1" rebuy="0" addon="0" merge="0" rebuychips="0" reg_code="8392867735"/>
</players>
</general>
<round no="0"><action no="1" player="Freya761" type="15" discard="1" dealt="1" sum="5"/>
<action no="2" player="oreiasccp" type="15" sum="5"/>
<action no="3" player="TooManyTables" type="15" discard="1" dealt="1" sum="5"/>
<action no="4" player="Freya761" type="1" discard="1" dealt="1" sum="20"/>
<action no="5" player="oreiasccp" type="2" sum="40"/>
</round>
<round no="1"><cards type="Pocket" player="oreiasccp">HA D4</cards>
<cards type="Pocket" player="Freya761">X X</cards>
<cards type="Pocket" player="TooManyTables">X X</cards>
<action no="6" player="TooManyTables" type="0" discard="1" dealt="1" sum="0"/>
<action no="7" player="Freya761" type="0" discard="1" dealt="1" sum="0"/>
</round>
</game>
<game gamecode="11536733974"><general><startdate>2025-06-27 13:32:36</startdate>
<round>1</round>
<failsafecounter/>
<players><player seat="6" name="TooManyTables" chips="410" dealer="0" win="0" bet="45" muck="1" rebuy="0" addon="0" merge="0" rebuychips="0" reg_code="8392867732"/>
<player seat="10" name="Freya761" chips="435" dealer="1" win="115" bet="435" muck="1" rebuy="0" addon="0" merge="0" rebuychips="0" reg_code="8392867735"/>
<player seat="3" name="oreiasccp" chips="655" dealer="0" win="0" bet="25" muck="1" rebuy="0" addon="0" merge="0" rebuychips="0" reg_code="8392867718"/>
</players>
</general>
<round no="0"><action no="1" player="oreiasccp" type="15" sum="5"/>
<action no="2" player="TooManyTables" type="15" discard="1" dealt="1" sum="5"/>
<action no="3" player="Freya761" type="15" discard="1" dealt="1" sum="5"/>
<action no="4" player="oreiasccp" type="1" sum="20"/>
<action no="5" player="TooManyTables" type="2" discard="1" dealt="1" sum="40"/>
</round>
<round no="1"><cards type="Pocket" player="oreiasccp">D9 C7</cards>
<cards type="Pocket" player="TooManyTables">X X</cards>
<cards type="Pocket" player="Freya761">X X</cards>
<action no="6" player="Freya761" type="23" discard="1" dealt="1" sum="430"/>
<action no="7" player="oreiasccp" type="0" sum="0"/>
<action no="8" player="TooManyTables" type="0" discard="1" dealt="1" sum="0"/>
</round>
</game>
<game gamecode="11536734023"><general><startdate>2025-06-27 13:32:48</startdate>
<round>1</round>
<failsafecounter/>
<players><player seat="10" name="Freya761" chips="505" dealer="0" win="0" bet="149" muck="1" rebuy="0" addon="0" merge="0" rebuychips="0" reg_code="8392867735"/>
<player seat="3" name="oreiasccp" chips="630" dealer="1" win="0" bet="5" muck="1" rebuy="0" addon="0" merge="0" rebuychips="0" reg_code="8392867718"/>
<player seat="6" name="TooManyTables" chips="365" dealer="0" win="303" bet="365" muck="1" rebuy="0" addon="0" merge="0" rebuychips="0" reg_code="8392867732"/>
</players>
</general>
<round no="0"><action no="1" player="TooManyTables" type="15" discard="1" dealt="1" sum="5"/>
<action no="2" player="Freya761" type="15" discard="1" dealt="1" sum="5"/>
<action no="3" player="oreiasccp" type="15" sum="5"/>
<action no="4" player="TooManyTables" type="1" discard="1" dealt="1" sum="20"/>
<action no="5" player="Freya761" type="2" discard="1" dealt="1" sum="40"/>
</round>
<round no="1"><cards type="Pocket" player="TooManyTables">X X</cards>
<cards type="Pocket" player="oreiasccp">DQ C2</cards>
<cards type="Pocket" player="Freya761">X X</cards>
<action no="6" player="oreiasccp" type="0" sum="0"/>
<action no="7" player="TooManyTables" type="23" discard="1" dealt="1" sum="80"/>
<action no="8" player="Freya761" type="3" discard="1" dealt="1" sum="40"/>
</round>
<round no="2"><cards type="Flop">H10 H6 D5</cards>
<action no="9" player="TooManyTables" type="5" discard="1" dealt="1" sum="64"/>
<action no="10" player="Freya761" type="3" discard="1" dealt="1" sum="64"/>
</round>
<round no="3"><cards type="Turn">S3</cards>
<action no="11" player="TooManyTables" type="5" discard="1" dealt="1" sum="216"/>
<action no="12" player="Freya761" type="0" discard="1" dealt="1" sum="0"/>
</round>
</game>
<game gamecode="11536734131"><general><startdate>2025-06-27 13:33:17</startdate>
<round>1</round>
<failsafecounter/>
<players><player seat="3" name="oreiasccp" chips="625" dealer="0" win="0" bet="356" muck="1" rebuy="0" addon="0" merge="0" rebuychips="0" reg_code="8392867718"/>
<player seat="6" name="TooManyTables" chips="519" dealer="1" win="0" bet="5" muck="1" rebuy="0" addon="0" merge="0" rebuychips="0" reg_code="8392867732"/>
<player seat="10" name="Freya761" chips="356" dealer="0" win="717" bet="356" muck="0" rebuy="0" addon="0" merge="0" rebuychips="0" reg_code="8392867735"/>
</players>
</general>
<round no="0"><action no="1" player="Freya761" type="15" discard="1" dealt="1" sum="5"/>
<action no="2" player="oreiasccp" type="15" sum="5"/>
<action no="3" player="TooManyTables" type="15" discard="1" dealt="1" sum="5"/>
<action no="4" player="Freya761" type="1" discard="1" dealt="1" sum="30"/>
<action no="5" player="oreiasccp" type="2" sum="60"/>
</round>
<round no="1"><cards type="Pocket" player="oreiasccp">D10 C9</cards>
<cards type="Pocket" player="TooManyTables">X X</cards>
<cards type="Pocket" player="Freya761">SA H5</cards>
<action no="6" player="TooManyTables" type="0" discard="1" dealt="1" sum="0"/>
<action no="7" player="Freya761" type="23" discard="1" dealt="1" sum="351"/>
<action no="8" player="oreiasccp" type="3" sum="291"/>
</round>
<round no="2"><cards type="Flop">S10 S3 H2</cards>
</round>
<round no="3"><cards type="Turn">S6</cards>
</round>
<round no="4"><cards type="River">SQ</cards>
</round>
</game>
<game gamecode="11536734225"><general><startdate>2025-06-27 13:33:41</startdate>
<round>1</round>
<failsafecounter/>
<players><player seat="6" name="TooManyTables" chips="514" dealer="0" win="0" bet="65" muck="1" rebuy="0" addon="0" merge="0" rebuychips="0" reg_code="8392867732"/>
<player seat="10" name="Freya761" chips="717" dealer="1" win="165" bet="717" muck="1" rebuy="0" addon="0" merge="0" rebuychips="0" reg_code="8392867735"/>
<player seat="3" name="oreiasccp" chips="269" dealer="0" win="0" bet="35" muck="1" rebuy="0" addon="0" merge="0" rebuychips="0" reg_code="8392867718"/>
</players>
</general>
<round no="0"><action no="1" player="oreiasccp" type="15" sum="5"/>
<action no="2" player="TooManyTables" type="15" discard="1" dealt="1" sum="5"/>
<action no="3" player="Freya761" type="15" discard="1" dealt="1" sum="5"/>
<action no="4" player="oreiasccp" type="1" sum="30"/>
<action no="5" player="TooManyTables" type="2" discard="1" dealt="1" sum="60"/>
</round>
<round no="1"><cards type="Pocket" player="oreiasccp">H3 HK</cards>
<cards type="Pocket" player="TooManyTables">X X</cards>
<cards type="Pocket" player="Freya761">X X</cards>
<action no="6" player="Freya761" type="23" discard="1" dealt="1" sum="712"/>
<action no="7" player="oreiasccp" type="0" sum="0"/>
<action no="8" player="TooManyTables" type="0" discard="1" dealt="1" sum="0"/>
</round>
</game>
<game gamecode="11536734297"><general><startdate>2025-06-27 13:33:55</startdate>
<round>1</round>
<failsafecounter/>
<players><player seat="10" name="Freya761" chips="817" dealer="0" win="0" bet="65" muck="1" rebuy="0" addon="0" merge="0" rebuychips="0" reg_code="8392867735"/>
<player seat="3" name="oreiasccp" chips="234" dealer="1" win="0" bet="5" muck="1" rebuy="0" addon="0" merge="0" rebuychips="0" reg_code="8392867718"/>
<player seat="6" name="TooManyTables" chips="449" dealer="0" win="135" bet="449" muck="1" rebuy="0" addon="0" merge="0" rebuychips="0" reg_code="8392867732"/>
</players>
</general>
<round no="0"><action no="1" player="TooManyTables" type="15" discard="1" dealt="1" sum="5"/>
<action no="2" player="Freya761" type="15" discard="1" dealt="1" sum="5"/>
<action no="3" player="oreiasccp" type="15" sum="5"/>
<action no="4" player="TooManyTables" type="1" discard="1" dealt="1" sum="30"/>
<action no="5" player="Freya761" type="2" discard="1" dealt="1" sum="60"/>
</round>
<round no="1"><cards type="Pocket" player="TooManyTables">X X</cards>
<cards type="Pocket" player="oreiasccp">C8 C5</cards>
<cards type="Pocket" player="Freya761">X X</cards>
<action no="6" player="oreiasccp" type="0" sum="0"/>
<action no="7" player="TooManyTables" type="23" discard="1" dealt="1" sum="444"/>
<action no="8" player="Freya761" type="0" discard="1" dealt="1" sum="0"/>
</round>
</game>
<game gamecode="11536734356"><general><startdate>2025-06-27 13:34:11</startdate>
<round>1</round>
<failsafecounter/>
<players><player seat="3" name="oreiasccp" chips="229" dealer="0" win="0" bet="65" muck="1" rebuy="0" addon="0" merge="0" rebuychips="0" reg_code="8392867718"/>
<player seat="6" name="TooManyTables" chips="519" dealer="1" win="0" bet="5" muck="1" rebuy="0" addon="0" merge="0" rebuychips="0" reg_code="8392867732"/>
<player seat="10" name="Freya761" chips="752" dealer="0" win="135" bet="752" muck="1" rebuy="0" addon="0" merge="0" rebuychips="0" reg_code="8392867735"/>
</players>
</general>
<round no="0"><action no="1" player="Freya761" type="15" discard="1" dealt="1" sum="5"/>
<action no="2" player="oreiasccp" type="15" sum="5"/>
<action no="3" player="TooManyTables" type="15" discard="1" dealt="1" sum="5"/>
<action no="4" player="Freya761" type="1" discard="1" dealt="1" sum="30"/>
<action no="5" player="oreiasccp" type="2" sum="60"/>
</round>
<round no="1"><cards type="Pocket" player="oreiasccp">S8 C7</cards>
<cards type="Pocket" player="TooManyTables">X X</cards>
<cards type="Pocket" player="Freya761">X X</cards>
<action no="6" player="TooManyTables" type="0" discard="1" dealt="1" sum="0"/>
<action no="7" player="Freya761" type="23" discard="1" dealt="1" sum="747"/>
<action no="8" player="oreiasccp" type="0" sum="0"/>
</round>
</game>
<game gamecode="11536734416"><general><startdate>2025-06-27 13:34:24</startdate>
<round>1</round>
<failsafecounter/>
<players><player seat="6" name="TooManyTables" chips="514" dealer="0" win="1,063" bet="514" muck="0" rebuy="0" addon="0" merge="0" rebuychips="0" reg_code="8392867732"/>
<player seat="10" name="Freya761" chips="822" dealer="1" win="0" bet="822" muck="0" rebuy="0" addon="0" merge="0" rebuychips="0" reg_code="8392867735"/>
<player seat="3" name="oreiasccp" chips="164" dealer="0" win="0" bet="35" muck="1" rebuy="0" addon="0" merge="0" rebuychips="0" reg_code="8392867718"/>
</players>
</general>
<round no="0"><action no="1" player="oreiasccp" type="15" sum="5"/>
<action no="2" player="TooManyTables" type="15" discard="1" dealt="1" sum="5"/>
<action no="3" player="Freya761" type="15" discard="1" dealt="1" sum="5"/>
<action no="4" player="oreiasccp" type="1" sum="30"/>
<action no="5" player="TooManyTables" type="2" discard="1" dealt="1" sum="60"/>
</round>
<round no="1"><cards type="Pocket" player="oreiasccp">C4 SK</cards>
<cards type="Pocket" player="TooManyTables">C3 DA</cards>
<cards type="Pocket" player="Freya761">SJ DK</cards>
<action no="6" player="Freya761" type="23" discard="1" dealt="1" sum="817"/>
<action no="7" player="oreiasccp" type="0" sum="0"/>
<action no="8" player="TooManyTables" type="7" discard="1" dealt="1" sum="449"/>
</round>
<round no="2"><cards type="Flop">S10 CJ D3</cards>
</round>
<round no="3"><cards type="Turn">C6</cards>
</round>
<round no="4"><cards type="River">HA</cards>
</round>
</game>
<game gamecode="11536734517"><general><startdate>2025-06-27 13:34:51</startdate>
<round>1</round>
<failsafecounter/>
<players><player seat="10" name="Freya761" chips="308" dealer="0" win="75" bet="65" muck="1" rebuy="0" addon="0" merge="0" rebuychips="0" reg_code="8392867735"/>
<player seat="3" name="oreiasccp" chips="129" dealer="1" win="0" bet="5" muck="1" rebuy="0" addon="0" merge="0" rebuychips="0" reg_code="8392867718"/>
<player seat="6" name="TooManyTables" chips="1,063" dealer="0" win="0" bet="35" muck="1" rebuy="0" addon="0" merge="0" rebuychips="0" reg_code="8392867732"/>
</players>
</general>
<round no="0"><action no="1" player="TooManyTables" type="15" discard="1" dealt="1" sum="5"/>
<action no="2" player="Freya761" type="15" discard="1" dealt="1" sum="5"/>
<action no="3" player="oreiasccp" type="15" sum="5"/>
<action no="4" player="TooManyTables" type="1" discard="1" dealt="1" sum="30"/>
<action no="5" player="Freya761" type="2" discard="1" dealt="1" sum="60"/>
</round>
<round no="1"><cards type="Pocket" player="Freya761">X X</cards>
<cards type="Pocket" player="oreiasccp">D5 D3</cards>
<cards type="Pocket" player="TooManyTables">X X</cards>
<action no="6" player="oreiasccp" type="0" sum="0"/>
<action no="7" player="TooManyTables" type="0" discard="1" dealt="1" sum="0"/>
</round>
</game>
<game gamecode="11536734573"><general><startdate>2025-06-27 13:35:02</startdate>
<round>1</round>
<failsafecounter/>
<players><player seat="3" name="oreiasccp" chips="124" dealer="0" win="0" bet="124" muck="0" rebuy="0" addon="0" merge="0" rebuychips="0" reg_code="8392867718"/>
<player seat="6" name="TooManyTables" chips="1,028" dealer="1" win="296" bet="1,028" muck="0" rebuy="0" addon="0" merge="0" rebuychips="0" reg_code="8392867732"/>
<player seat="10" name="Freya761" chips="348" dealer="0" win="0" bet="48" muck="1" rebuy="0" addon="0" merge="0" rebuychips="0" reg_code="8392867735"/>
</players>
</general>
<round no="0"><action no="1" player="Freya761" type="15" discard="1" dealt="1" sum="8"/>
<action no="2" player="oreiasccp" type="15" sum="8"/>
<action no="3" player="TooManyTables" type="15" discard="1" dealt="1" sum="8"/>
<action no="4" player="Freya761" type="1" discard="1" dealt="1" sum="40"/>
<action no="5" player="oreiasccp" type="2" sum="80"/>
</round>
<round no="1"><cards type="Pocket" player="Freya761">X X</cards>
<cards type="Pocket" player="TooManyTables">DQ D5</cards>
<cards type="Pocket" player="oreiasccp">DA CK</cards>
<action no="6" player="TooManyTables" type="23" discard="1" dealt="1" sum="1,020"/>
<action no="7" player="Freya761" type="0" discard="1" dealt="1" sum="0"/>
<action no="8" player="oreiasccp" type="7" sum="36"/>
</round>
<round no="2"><cards type="Flop">S5 H7 C3</cards>
</round>
<round no="3"><cards type="Turn">C2</cards>
</round>
<round no="4"><cards type="River">H9</cards>
</round>
</game>
</session>
