<?xml version="1.0" encoding="UTF-8"?>
<session sessioncode="8392783328">
<general>
<client_version>25.1.1.13</client_version>
<mode>real</mode>
<gametype>Holdem NL</gametype>
<tablename>Twister €5 SNG, 1128646416</tablename>
<tournamentcode>1128646415</tournamentcode>
<tournamentname>Twister €5 SNG</tournamentname>
<buyin>€0 + €0.35 + €4.65</buyin>
<totalbuyin>€5</totalbuyin>
<rewarddrawn>€10</rewarddrawn>
<tournamentcurrency>EUR</tournamentcurrency>
<currency>EUR</currency>
<nickname>oreiasccp</nickname>
<gamecount>15</gamecount>
<startdate>2025-06-27 09:45:49</startdate>
<place>3</place>
<win>€0</win>
<tablesize>3</tablesize>
</general>
<game gamecode="11536529015"><general><startdate>2025-06-27 09:46:04</startdate>
<round>1</round>
<failsafecounter/>
<players><player seat="3" name="theodicy" chips="500" dealer="0" win="0" bet="50" muck="1" rebuy="0" addon="0" merge="0" rebuychips="0" reg_code="8392783312"/>
<player seat="6" name="oreiasccp" chips="500" dealer="1" win="0" bet="0" muck="1" rebuy="0" addon="0" merge="0" rebuychips="0" reg_code="8392783328"/>
<player seat="10" name="Humbert25" chips="500" dealer="0" win="100" bet="75" muck="1" rebuy="0" addon="0" merge="0" rebuychips="0" reg_code="8392783352"/>
</players>
</general>
<round no="0"><action no="1" player="Humbert25" type="1" discard="1" dealt="1" sum="10"/>
<action no="2" player="theodicy" type="2" discard="1" dealt="1" sum="20"/>
</round>
<round no="1"><cards type="Pocket" player="theodicy">X X</cards>
<cards type="Pocket" player="oreiasccp">D2 HJ</cards>
<cards type="Pocket" player="Humbert25">X X</cards>
<action no="3" player="oreiasccp" type="0" sum="0"/>
<action no="4" player="Humbert25" type="23" discard="1" dealt="1" sum="50"/>
<action no="5" player="theodicy" type="3" discard="1" dealt="1" sum="30"/>
</round>
<round no="2"><cards type="Flop">C9 DA D5</cards>
<action no="6" player="Humbert25" type="5" discard="1" dealt="1" sum="25"/>
<action no="7" player="theodicy" type="0" discard="1" dealt="1" sum="0"/>
</round>
</game>
<game gamecode="11536529064"><general><startdate>2025-06-27 09:46:20</startdate>
<round>1</round>
<failsafecounter/>
<players><player seat="6" name="oreiasccp" chips="500" dealer="0" win="0" bet="20" muck="1" rebuy="0" addon="0" merge="0" rebuychips="0" reg_code="8392783328"/>
<player seat="10" name="Humbert25" chips="550" dealer="1" win="50" bet="40" muck="1" rebuy="0" addon="0" merge="0" rebuychips="0" reg_code="8392783352"/>
<player seat="3" name="theodicy" chips="450" dealer="0" win="0" bet="10" muck="1" rebuy="0" addon="0" merge="0" rebuychips="0" reg_code="8392783312"/>
</players>
</general>
<round no="0"><action no="1" player="theodicy" type="1" discard="1" dealt="1" sum="10"/>
<action no="2" player="oreiasccp" type="2" sum="20"/>
</round>
<round no="1"><cards type="Pocket" player="Humbert25">X X</cards>
<cards type="Pocket" player="oreiasccp">DJ H5</cards>
<cards type="Pocket" player="theodicy">X X</cards>
<action no="3" player="Humbert25" type="23" discard="1" dealt="1" sum="40"/>
<action no="4" player="theodicy" type="0" discard="1" dealt="1" sum="0"/>
<action no="5" player="oreiasccp" type="0" sum="0"/>
</round>
</game>
<game gamecode="11536529108"><general><startdate>2025-06-27 09:46:36</startdate>
<round>1</round>
<failsafecounter/>
<players><player seat="10" name="Humbert25" chips="580" dealer="0" win="20" bet="20" muck="1" rebuy="0" addon="0" merge="0" rebuychips="0" reg_code="8392783352"/>
<player seat="3" name="theodicy" chips="440" dealer="1" win="0" bet="0" muck="1" rebuy="0" addon="0" merge="0" rebuychips="0" reg_code="8392783312"/>
<player seat="6" name="oreiasccp" chips="480" dealer="0" win="0" bet="10" muck="1" rebuy="0" addon="0" merge="0" rebuychips="0" reg_code="8392783328"/>
</players>
</general>
<round no="0"><action no="1" player="oreiasccp" type="1" sum="10"/>
<action no="2" player="Humbert25" type="2" discard="1" dealt="1" sum="20"/>
</round>
<round no="1"><cards type="Pocket" player="Humbert25">X X</cards>
<cards type="Pocket" player="theodicy">X X</cards>
<cards type="Pocket" player="oreiasccp">D7 H4</cards>
<action no="3" player="theodicy" type="0" discard="1" dealt="1" sum="0"/>
<action no="4" player="oreiasccp" type="0" sum="0"/>
</round>
</game>
<game gamecode="11536529134"><general><startdate>2025-06-27 09:46:43</startdate>
<round>1</round>
<failsafecounter/>
<players><player seat="3" name="theodicy" chips="440" dealer="0" win="20" bet="20" muck="1" rebuy="0" addon="0" merge="0" rebuychips="0" reg_code="8392783312"/>
<player seat="6" name="oreiasccp" chips="470" dealer="1" win="0" bet="0" muck="1" rebuy="0" addon="0" merge="0" rebuychips="0" reg_code="8392783328"/>
<player seat="10" name="Humbert25" chips="590" dealer="0" win="0" bet="10" muck="1" rebuy="0" addon="0" merge="0" rebuychips="0" reg_code="8392783352"/>
</players>
</general>
<round no="0"><action no="1" player="Humbert25" type="1" discard="1" dealt="1" sum="10"/>
<action no="2" player="theodicy" type="2" discard="1" dealt="1" sum="20"/>
</round>
<round no="1"><cards type="Pocket" player="theodicy">X X</cards>
<cards type="Pocket" player="Humbert25">X X</cards>
<cards type="Pocket" player="oreiasccp">D3 CQ</cards>
<action no="3" player="oreiasccp" type="0" sum="0"/>
<action no="4" player="Humbert25" type="0" discard="1" dealt="1" sum="0"/>
</round>
</game>
<game gamecode="11536529166"><general><startdate>2025-06-27 09:46:56</startdate>
<round>1</round>
<failsafecounter/>
<players><player seat="6" name="oreiasccp" chips="470" dealer="0" win="0" bet="20" muck="1" rebuy="0" addon="0" merge="0" rebuychips="0" reg_code="8392783328"/>
<player seat="10" name="Humbert25" chips="580" dealer="1" win="0" bet="0" muck="1" rebuy="0" addon="0" merge="0" rebuychips="0" reg_code="8392783352"/>
<player seat="3" name="theodicy" chips="450" dealer="0" win="40" bet="40" muck="1" rebuy="0" addon="0" merge="0" rebuychips="0" reg_code="8392783312"/>
</players>
</general>
<round no="0"><action no="1" player="theodicy" type="1" discard="1" dealt="1" sum="10"/>
<action no="2" player="oreiasccp" type="2" sum="20"/>
</round>
<round no="1"><cards type="Pocket" player="theodicy">X X</cards>
<cards type="Pocket" player="Humbert25">X X</cards>
<cards type="Pocket" player="oreiasccp">DJ D9</cards>
<action no="3" player="Humbert25" type="0" discard="1" dealt="1" sum="0"/>
<action no="4" player="theodicy" type="3" discard="1" dealt="1" sum="10"/>
<action no="5" player="oreiasccp" type="4" sum="0"/>
</round>
<round no="2"><cards type="Flop">SK C2 S4</cards>
<action no="6" player="theodicy" type="5" discard="1" dealt="1" sum="20"/>
<action no="7" player="oreiasccp" type="0" sum="0"/>
</round>
</game>
<game gamecode="11536529232"><general><startdate>2025-06-27 09:47:19</startdate>
<round>1</round>
<failsafecounter/>
<players><player seat="10" name="Humbert25" chips="580" dealer="0" win="0" bet="20" muck="1" rebuy="0" addon="0" merge="0" rebuychips="0" reg_code="8392783352"/>
<player seat="3" name="theodicy" chips="470" dealer="1" win="0" bet="0" muck="1" rebuy="0" addon="0" merge="0" rebuychips="0" reg_code="8392783312"/>
<player seat="6" name="oreiasccp" chips="450" dealer="0" win="40" bet="50" muck="1" rebuy="0" addon="0" merge="0" rebuychips="0" reg_code="8392783328"/>
</players>
</general>
<round no="0"><action no="1" player="oreiasccp" type="1" sum="10"/>
<action no="2" player="Humbert25" type="2" discard="1" dealt="1" sum="20"/>
</round>
<round no="1"><cards type="Pocket" player="Humbert25">X X</cards>
<cards type="Pocket" player="theodicy">X X</cards>
<cards type="Pocket" player="oreiasccp">DK CK</cards>
<action no="3" player="theodicy" type="0" discard="1" dealt="1" sum="0"/>
<action no="4" player="oreiasccp" type="23" sum="50"/>
<action no="5" player="Humbert25" type="0" discard="1" dealt="1" sum="0"/>
</round>
</game>
<game gamecode="11536529263"><general><startdate>2025-06-27 09:47:30</startdate>
<round>1</round>
<failsafecounter/>
<players><player seat="3" name="theodicy" chips="470" dealer="0" win="0" bet="20" muck="1" rebuy="0" addon="0" merge="0" rebuychips="0" reg_code="8392783312"/>
<player seat="6" name="oreiasccp" chips="470" dealer="1" win="0" bet="40" muck="1" rebuy="0" addon="0" merge="0" rebuychips="0" reg_code="8392783328"/>
<player seat="10" name="Humbert25" chips="560" dealer="0" win="100" bet="560" muck="1" rebuy="0" addon="0" merge="0" rebuychips="0" reg_code="8392783352"/>
</players>
</general>
<round no="0"><action no="1" player="Humbert25" type="1" discard="1" dealt="1" sum="10"/>
<action no="2" player="theodicy" type="2" discard="1" dealt="1" sum="20"/>
</round>
<round no="1"><cards type="Pocket" player="theodicy">X X</cards>
<cards type="Pocket" player="Humbert25">X X</cards>
<cards type="Pocket" player="oreiasccp">SJ DK</cards>
<action no="3" player="oreiasccp" type="23" sum="40"/>
<action no="4" player="Humbert25" type="23" discard="1" dealt="1" sum="560"/>
<action no="5" player="theodicy" type="0" discard="1" dealt="1" sum="0"/>
<action no="6" player="oreiasccp" type="0" sum="0"/>
</round>
</game>
<game gamecode="11536529302"><general><startdate>2025-06-27 09:47:42</startdate>
<round>1</round>
<failsafecounter/>
<players><player seat="6" name="oreiasccp" chips="430" dealer="0" win="20" bet="20" muck="1" rebuy="0" addon="0" merge="0" rebuychips="0" reg_code="8392783328"/>
<player seat="10" name="Humbert25" chips="620" dealer="1" win="0" bet="0" muck="1" rebuy="0" addon="0" merge="0" rebuychips="0" reg_code="8392783352"/>
<player seat="3" name="theodicy" chips="450" dealer="0" win="0" bet="10" muck="1" rebuy="0" addon="0" merge="0" rebuychips="0" reg_code="8392783312"/>
</players>
</general>
<round no="0"><action no="1" player="theodicy" type="1" discard="1" dealt="1" sum="10"/>
<action no="2" player="oreiasccp" type="2" sum="20"/>
</round>
<round no="1"><cards type="Pocket" player="oreiasccp">SA DA</cards>
<cards type="Pocket" player="Humbert25">X X</cards>
<cards type="Pocket" player="theodicy">X X</cards>
<action no="3" player="Humbert25" type="0" discard="1" dealt="1" sum="0"/>
<action no="4" player="theodicy" type="0" discard="1" dealt="1" sum="0"/>
</round>
</game>
<game gamecode="11536529328"><general><startdate>2025-06-27 09:47:51</startdate>
<round>1</round>
<failsafecounter/>
<players><player seat="10" name="Humbert25" chips="620" dealer="0" win="0" bet="20" muck="1" rebuy="0" addon="0" merge="0" rebuychips="0" reg_code="8392783352"/>
<player seat="3" name="theodicy" chips="440" dealer="1" win="50" bet="40" muck="1" rebuy="0" addon="0" merge="0" rebuychips="0" reg_code="8392783312"/>
<player seat="6" name="oreiasccp" chips="440" dealer="0" win="0" bet="10" muck="1" rebuy="0" addon="0" merge="0" rebuychips="0" reg_code="8392783328"/>
</players>
</general>
<round no="0"><action no="1" player="oreiasccp" type="1" sum="10"/>
<action no="2" player="Humbert25" type="2" discard="1" dealt="1" sum="20"/>
</round>
<round no="1"><cards type="Pocket" player="oreiasccp">C6 D2</cards>
<cards type="Pocket" player="Humbert25">X X</cards>
<cards type="Pocket" player="theodicy">X X</cards>
<action no="3" player="theodicy" type="23" discard="1" dealt="1" sum="40"/>
<action no="4" player="oreiasccp" type="0" sum="0"/>
<action no="5" player="Humbert25" type="0" discard="1" dealt="1" sum="0"/>
</round>
</game>
<game gamecode="11536529350"><general><startdate>2025-06-27 09:48:01</startdate>
<round>1</round>
<failsafecounter/>
<players><player seat="3" name="theodicy" chips="470" dealer="0" win="0" bet="20" muck="1" rebuy="0" addon="0" merge="0" rebuychips="0" reg_code="8392783312"/>
<player seat="6" name="oreiasccp" chips="430" dealer="1" win="50" bet="40" muck="1" rebuy="0" addon="0" merge="0" rebuychips="0" reg_code="8392783328"/>
<player seat="10" name="Humbert25" chips="600" dealer="0" win="0" bet="10" muck="1" rebuy="0" addon="0" merge="0" rebuychips="0" reg_code="8392783352"/>
</players>
</general>
<round no="0"><action no="1" player="Humbert25" type="1" discard="1" dealt="1" sum="10"/>
<action no="2" player="theodicy" type="2" discard="1" dealt="1" sum="20"/>
</round>
<round no="1"><cards type="Pocket" player="oreiasccp">C4 DA</cards>
<cards type="Pocket" player="theodicy">X X</cards>
<cards type="Pocket" player="Humbert25">X X</cards>
<action no="3" player="oreiasccp" type="23" sum="40"/>
<action no="4" player="Humbert25" type="0" discard="1" dealt="1" sum="0"/>
<action no="5" player="theodicy" type="0" discard="1" dealt="1" sum="0"/>
</round>
</game>
<game gamecode="11536529378"><general><startdate>2025-06-27 09:48:09</startdate>
<round>1</round>
<failsafecounter/>
<players><player seat="6" name="oreiasccp" chips="460" dealer="0" win="0" bet="35" muck="1" rebuy="0" addon="0" merge="0" rebuychips="0" reg_code="8392783328"/>
<player seat="10" name="Humbert25" chips="590" dealer="1" win="0" bet="5" muck="1" rebuy="0" addon="0" merge="0" rebuychips="0" reg_code="8392783352"/>
<player seat="3" name="theodicy" chips="450" dealer="0" win="75" bet="65" muck="1" rebuy="0" addon="0" merge="0" rebuychips="0" reg_code="8392783312"/>
</players>
</general>
<round no="0"><action no="1" player="theodicy" type="15" discard="1" dealt="1" sum="5"/>
<action no="2" player="oreiasccp" type="15" sum="5"/>
<action no="3" player="Humbert25" type="15" discard="1" dealt="1" sum="5"/>
<action no="4" player="theodicy" type="1" discard="1" dealt="1" sum="15"/>
<action no="5" player="oreiasccp" type="2" sum="30"/>
</round>
<round no="1"><cards type="Pocket" player="theodicy">X X</cards>
<cards type="Pocket" player="Humbert25">X X</cards>
<cards type="Pocket" player="oreiasccp">D2 C7</cards>
<action no="6" player="Humbert25" type="0" discard="1" dealt="1" sum="0"/>
<action no="7" player="theodicy" type="23" discard="1" dealt="1" sum="60"/>
<action no="8" player="oreiasccp" type="0" sum="0"/>
</round>
</game>
<game gamecode="11536529412"><general><startdate>2025-06-27 09:48:20</startdate>
<round>1</round>
<failsafecounter/>
<players><player seat="10" name="Humbert25" chips="585" dealer="0" win="0" bet="65" muck="1" rebuy="0" addon="0" merge="0" rebuychips="0" reg_code="8392783352"/>
<player seat="3" name="theodicy" chips="490" dealer="1" win="150" bet="65" muck="0" rebuy="0" addon="0" merge="0" rebuychips="0" reg_code="8392783312"/>
<player seat="6" name="oreiasccp" chips="425" dealer="0" win="0" bet="20" muck="1" rebuy="0" addon="0" merge="0" rebuychips="0" reg_code="8392783328"/>
</players>
</general>
<round no="0"><action no="1" player="oreiasccp" type="15" sum="5"/>
<action no="2" player="Humbert25" type="15" discard="1" dealt="1" sum="5"/>
<action no="3" player="theodicy" type="15" discard="1" dealt="1" sum="5"/>
<action no="4" player="oreiasccp" type="1" sum="15"/>
<action no="5" player="Humbert25" type="2" discard="1" dealt="1" sum="30"/>
</round>
<round no="1"><cards type="Pocket" player="theodicy">C6 CK</cards>
<cards type="Pocket" player="oreiasccp">H5 H3</cards>
<cards type="Pocket" player="Humbert25">H4 HK</cards>
<action no="6" player="theodicy" type="23" discard="1" dealt="1" sum="60"/>
<action no="7" player="oreiasccp" type="0" sum="0"/>
<action no="8" player="Humbert25" type="3" discard="1" dealt="1" sum="30"/>
</round>
<round no="2"><cards type="Flop">D5 H10 S8</cards>
<action no="9" player="Humbert25" type="4" discard="1" dealt="1" sum="0"/>
<action no="10" player="theodicy" type="4" discard="1" dealt="1" sum="0"/>
</round>
<round no="3"><cards type="Turn">S2</cards>
<action no="11" player="Humbert25" type="4" discard="1" dealt="1" sum="0"/>
<action no="12" player="theodicy" type="4" discard="1" dealt="1" sum="0"/>
</round>
<round no="4"><cards type="River">C7</cards>
<action no="13" player="Humbert25" type="4" discard="1" dealt="1" sum="0"/>
<action no="14" player="theodicy" type="4" discard="1" dealt="1" sum="0"/>
</round>
</game>
<game gamecode="11536529504"><general><startdate>2025-06-27 09:48:53</startdate>
<round>1</round>
<failsafecounter/>
<players><player seat="3" name="theodicy" chips="575" dealer="0" win="0" bet="35" muck="1" rebuy="0" addon="0" merge="0" rebuychips="0" reg_code="8392783312"/>
<player seat="6" name="oreiasccp" chips="405" dealer="1" win="90" bet="405" muck="1" rebuy="0" addon="0" merge="0" rebuychips="0" reg_code="8392783328"/>
<player seat="10" name="Humbert25" chips="520" dealer="0" win="0" bet="20" muck="1" rebuy="0" addon="0" merge="0" rebuychips="0" reg_code="8392783352"/>
</players>
</general>
<round no="0"><action no="1" player="Humbert25" type="15" discard="1" dealt="1" sum="5"/>
<action no="2" player="theodicy" type="15" discard="1" dealt="1" sum="5"/>
<action no="3" player="oreiasccp" type="15" sum="5"/>
<action no="4" player="Humbert25" type="1" discard="1" dealt="1" sum="15"/>
<action no="5" player="theodicy" type="2" discard="1" dealt="1" sum="30"/>
</round>
<round no="1"><cards type="Pocket" player="theodicy">X X</cards>
<cards type="Pocket" player="Humbert25">X X</cards>
<cards type="Pocket" player="oreiasccp">S8 D8</cards>
<action no="6" player="oreiasccp" type="23" sum="400"/>
<action no="7" player="Humbert25" type="0" discard="1" dealt="1" sum="0"/>
<action no="8" player="theodicy" type="0" discard="1" dealt="1" sum="0"/>
</round>
</game>
<game gamecode="11536529531"><general><startdate>2025-06-27 09:49:04</startdate>
<round>1</round>
<failsafecounter/>
<players><player seat="6" name="oreiasccp" chips="460" dealer="0" win="0" bet="35" muck="1" rebuy="0" addon="0" merge="0" rebuychips="0" reg_code="8392783328"/>
<player seat="10" name="Humbert25" chips="500" dealer="1" win="90" bet="500" muck="1" rebuy="0" addon="0" merge="0" rebuychips="0" reg_code="8392783352"/>
<player seat="3" name="theodicy" chips="540" dealer="0" win="0" bet="20" muck="1" rebuy="0" addon="0" merge="0" rebuychips="0" reg_code="8392783312"/>
</players>
</general>
<round no="0"><action no="1" player="theodicy" type="15" discard="1" dealt="1" sum="5"/>
<action no="2" player="oreiasccp" type="15" sum="5"/>
<action no="3" player="Humbert25" type="15" discard="1" dealt="1" sum="5"/>
<action no="4" player="theodicy" type="1" discard="1" dealt="1" sum="15"/>
<action no="5" player="oreiasccp" type="2" sum="30"/>
</round>
<round no="1"><cards type="Pocket" player="Humbert25">X X</cards>
<cards type="Pocket" player="oreiasccp">S8 H4</cards>
<cards type="Pocket" player="theodicy">X X</cards>
<action no="6" player="Humbert25" type="23" discard="1" dealt="1" sum="495"/>
<action no="7" player="theodicy" type="0" discard="1" dealt="1" sum="0"/>
<action no="8" player="oreiasccp" type="0" sum="0"/>
</round>
</game>
<game gamecode="11536529573"><general><startdate>2025-06-27 09:49:17</startdate>
<round>1</round>
<failsafecounter/>
<players><player seat="10" name="Humbert25" chips="555" dealer="0" win="0" bet="35" muck="1" rebuy="0" addon="0" merge="0" rebuychips="0" reg_code="8392783352"/>
<player seat="3" name="theodicy" chips="520" dealer="1" win="885" bet="425" muck="0" rebuy="0" addon="0" merge="0" rebuychips="0" reg_code="8392783312"/>
<player seat="6" name="oreiasccp" chips="425" dealer="0" win="0" bet="425" muck="0" rebuy="0" addon="0" merge="0" rebuychips="0" reg_code="8392783328"/>
</players>
</general>
<round no="0"><action no="1" player="oreiasccp" type="15" sum="5"/>
<action no="2" player="Humbert25" type="15" discard="1" dealt="1" sum="5"/>
<action no="3" player="theodicy" type="15" discard="1" dealt="1" sum="5"/>
<action no="4" player="oreiasccp" type="1" sum="15"/>
<action no="5" player="Humbert25" type="2" discard="1" dealt="1" sum="30"/>
</round>
<round no="1"><cards type="Pocket" player="oreiasccp">HJ CA</cards>
<cards type="Pocket" player="Humbert25">X X</cards>
<cards type="Pocket" player="theodicy">CK SK</cards>
<action no="6" player="theodicy" type="23" discard="1" dealt="1" sum="60"/>
<action no="7" player="oreiasccp" type="23" sum="420"/>
<action no="8" player="Humbert25" type="0" discard="1" dealt="1" sum="0"/>
<action no="9" player="theodicy" type="3" discard="1" dealt="1" sum="360"/>
</round>
<round no="2"><cards type="Flop">S7 HQ S10</cards>
</round>
<round no="3"><cards type="Turn">CQ</cards>
</round>
<round no="4"><cards type="River">D8</cards>
</round>
</game>
</session>
