<?xml version="1.0" encoding="UTF-8"?>
<session sessioncode="8392787174">
<general>
<client_version>25.1.1.13</client_version>
<mode>real</mode>
<gametype>Holdem NL</gametype>
<tablename>Twister €5 SNG, 1128646892</tablename>
<tournamentcode>1128646891</tournamentcode>
<tournamentname>Twister €5 SNG</tournamentname>
<buyin>€0 + €0.35 + €4.65</buyin>
<totalbuyin>€5</totalbuyin>
<rewarddrawn>€10</rewarddrawn>
<tournamentcurrency>EUR</tournamentcurrency>
<currency>EUR</currency>
<nickname>oreiasccp</nickname>
<gamecount>3</gamecount>
<startdate>2025-06-27 09:59:36</startdate>
<place>3</place>
<win>€0</win>
<tablesize>3</tablesize>
</general>
<game gamecode="11536540934"><general><startdate>2025-06-27 09:59:52</startdate>
<round>1</round>
<failsafecounter/>
<players><player seat="10" name="d0nsamag0n" chips="500" dealer="0" win="0" bet="20" muck="1" rebuy="0" addon="0" merge="0" rebuychips="0" reg_code="8392787204"/>
<player seat="3" name="oreiasccp" chips="500" dealer="1" win="0" bet="0" muck="1" rebuy="0" addon="0" merge="0" rebuychips="0" reg_code="8392787174"/>
<player seat="6" name="valkku17" chips="500" dealer="0" win="40" bet="60" muck="1" rebuy="0" addon="0" merge="0" rebuychips="0" reg_code="8392787178"/>
</players>
</general>
<round no="0"><action no="1" player="valkku17" type="1" discard="1" dealt="1" sum="10"/>
<action no="2" player="d0nsamag0n" type="2" discard="1" dealt="1" sum="20"/>
</round>
<round no="1"><cards type="Pocket" player="d0nsamag0n">X X</cards>
<cards type="Pocket" player="valkku17">X X</cards>
<cards type="Pocket" player="oreiasccp">S5 HK</cards>
<action no="3" player="oreiasccp" type="0" sum="0"/>
<action no="4" player="valkku17" type="23" discard="1" dealt="1" sum="60"/>
<action no="5" player="d0nsamag0n" type="0" discard="1" dealt="1" sum="0"/>
</round>
</game>
<game gamecode="11536540958"><general><startdate>2025-06-27 10:00:01</startdate>
<round>1</round>
<failsafecounter/>
<players><player seat="3" name="oreiasccp" chips="500" dealer="0" win="0" bet="500" muck="0" rebuy="0" addon="0" merge="0" rebuychips="0" reg_code="8392787174"/>
<player seat="6" name="valkku17" chips="520" dealer="1" win="0" bet="20" muck="1" rebuy="0" addon="0" merge="0" rebuychips="0" reg_code="8392787178"/>
<player seat="10" name="d0nsamag0n" chips="480" dealer="0" win="980" bet="480" muck="0" rebuy="0" addon="0" merge="0" rebuychips="0" reg_code="8392787204"/>
</players>
</general>
<round no="0"><action no="1" player="d0nsamag0n" type="1" discard="1" dealt="1" sum="10"/>
<action no="2" player="oreiasccp" type="2" sum="20"/>
</round>
<round no="1"><cards type="Pocket" player="valkku17">X X</cards>
<cards type="Pocket" player="oreiasccp">C5 H5</cards>
<cards type="Pocket" player="d0nsamag0n">SA H9</cards>
<action no="3" player="valkku17" type="3" discard="1" dealt="1" sum="20"/>
<action no="4" player="d0nsamag0n" type="23" discard="1" dealt="1" sum="480"/>
<action no="5" player="oreiasccp" type="7" sum="480"/>
<action no="6" player="valkku17" type="0" discard="1" dealt="1" sum="0"/>
</round>
<round no="2"><cards type="Flop">DJ SJ D9</cards>
</round>
<round no="3"><cards type="Turn">H3</cards>
</round>
<round no="4"><cards type="River">D7</cards>
</round>
</game>
<game gamecode="11536541015"><general><startdate>2025-06-27 10:00:23</startdate>
<round>1</round>
<failsafecounter/>
<players><player seat="6" name="valkku17" chips="500" dealer="0" win="0" bet="40" muck="1" rebuy="0" addon="0" merge="0" rebuychips="0" reg_code="8392787178"/>
<player seat="10" name="d0nsamag0n" chips="980" dealer="1" win="100" bet="60" muck="0" rebuy="0" addon="0" merge="0" rebuychips="0" reg_code="8392787204"/>
<player seat="3" name="oreiasccp" chips="20" dealer="0" win="0" bet="20" muck="1" rebuy="0" addon="0" merge="0" rebuychips="0" reg_code="8392787174"/>
</players>
</general>
<round no="0"><action no="1" player="oreiasccp" type="1" sum="10"/>
<action no="2" player="valkku17" type="2" discard="1" dealt="1" sum="20"/>
</round>
<round no="1"><cards type="Pocket" player="d0nsamag0n">S7 SK</cards>
<cards type="Pocket" player="valkku17">X X</cards>
<cards type="Pocket" player="oreiasccp">DJ S9</cards>
<action no="3" player="d0nsamag0n" type="23" discard="1" dealt="1" sum="40"/>
<action no="4" player="oreiasccp" type="7" sum="10"/>
<action no="5" player="valkku17" type="3" discard="1" dealt="1" sum="20"/>
</round>
<round no="2"><cards type="Flop">S8 SJ C6</cards>
<action no="6" player="valkku17" type="4" discard="1" dealt="1" sum="0"/>
<action no="7" player="d0nsamag0n" type="5" discard="1" dealt="1" sum="20"/>
<action no="8" player="valkku17" type="0" discard="1" dealt="1" sum="0"/>
</round>
<round no="3"><cards type="Turn">H7</cards>
</round>
<round no="4"><cards type="River">S10</cards>
</round>
</game>
</session>
