<?xml version="1.0" encoding="UTF-8"?>
<session sessioncode="8392854814">
<general>
<client_version>25.1.1.13</client_version>
<mode>real</mode>
<gametype>Holdem NL</gametype>
<tablename>Twister €5 SNG, 1128655223</tablename>
<tournamentcode>1128655222</tournamentcode>
<tournamentname>Twister €5 SNG</tournamentname>
<buyin>€0 + €0.35 + €4.65</buyin>
<totalbuyin>€5</totalbuyin>
<rewarddrawn>€25</rewarddrawn>
<tournamentcurrency>EUR</tournamentcurrency>
<currency>EUR</currency>
<nickname>oreiasccp</nickname>
<gamecount>27</gamecount>
<startdate>2025-06-27 12:55:56</startdate>
<place>1</place>
<win>€25</win>
<tablesize>3</tablesize>
</general>
<game gamecode="11536697026"><general><startdate>2025-06-27 12:56:11</startdate>
<round>1</round>
<failsafecounter/>
<players><player seat="6" name="VlasOff871" chips="500" dealer="0" win="0" bet="20" muck="1" rebuy="0" addon="0" merge="0" rebuychips="0" reg_code="8392854844"/>
<player seat="10" name="d0nsamag0n" chips="500" dealer="1" win="0" bet="40" muck="1" rebuy="0" addon="0" merge="0" rebuychips="0" reg_code="8392854848"/>
<player seat="3" name="oreiasccp" chips="500" dealer="0" win="100" bet="500" muck="1" rebuy="0" addon="0" merge="0" rebuychips="0" reg_code="8392854814"/>
</players>
</general>
<round no="0"><action no="1" player="oreiasccp" type="1" sum="10"/>
<action no="2" player="VlasOff871" type="2" discard="1" dealt="1" sum="20"/>
</round>
<round no="1"><cards type="Pocket" player="d0nsamag0n">X X</cards>
<cards type="Pocket" player="VlasOff871">X X</cards>
<cards type="Pocket" player="oreiasccp">DQ CK</cards>
<action no="3" player="d0nsamag0n" type="23" discard="1" dealt="1" sum="40"/>
<action no="4" player="oreiasccp" type="23" sum="500"/>
<action no="5" player="VlasOff871" type="0" discard="1" dealt="1" sum="0"/>
<action no="6" player="d0nsamag0n" type="0" discard="1" dealt="1" sum="0"/>
</round>
</game>
<game gamecode="11536697063"><general><startdate>2025-06-27 12:56:23</startdate>
<round>1</round>
<failsafecounter/>
<players><player seat="10" name="d0nsamag0n" chips="460" dealer="0" win="40" bet="460" muck="1" rebuy="0" addon="0" merge="0" rebuychips="0" reg_code="8392854848"/>
<player seat="3" name="oreiasccp" chips="560" dealer="1" win="0" bet="0" muck="1" rebuy="0" addon="0" merge="0" rebuychips="0" reg_code="8392854814"/>
<player seat="6" name="VlasOff871" chips="480" dealer="0" win="0" bet="20" muck="1" rebuy="0" addon="0" merge="0" rebuychips="0" reg_code="8392854844"/>
</players>
</general>
<round no="0"><action no="1" player="VlasOff871" type="1" discard="1" dealt="1" sum="10"/>
<action no="2" player="d0nsamag0n" type="2" discard="1" dealt="1" sum="20"/>
</round>
<round no="1"><cards type="Pocket" player="oreiasccp">C8 DQ</cards>
<cards type="Pocket" player="VlasOff871">X X</cards>
<cards type="Pocket" player="d0nsamag0n">X X</cards>
<action no="3" player="oreiasccp" type="0" sum="0"/>
<action no="4" player="VlasOff871" type="3" discard="1" dealt="1" sum="10"/>
<action no="5" player="d0nsamag0n" type="23" discard="1" dealt="1" sum="460"/>
<action no="6" player="VlasOff871" type="0" discard="1" dealt="1" sum="0"/>
</round>
</game>
<game gamecode="11536697105"><general><startdate>2025-06-27 12:56:35</startdate>
<round>1</round>
<failsafecounter/>
<players><player seat="3" name="oreiasccp" chips="560" dealer="0" win="0" bet="80" muck="1" rebuy="0" addon="0" merge="0" rebuychips="0" reg_code="8392854814"/>
<player seat="6" name="VlasOff871" chips="460" dealer="1" win="0" bet="0" muck="1" rebuy="0" addon="0" merge="0" rebuychips="0" reg_code="8392854844"/>
<player seat="10" name="d0nsamag0n" chips="480" dealer="0" win="160" bet="192" muck="1" rebuy="0" addon="0" merge="0" rebuychips="0" reg_code="8392854848"/>
</players>
</general>
<round no="0"><action no="1" player="d0nsamag0n" type="1" discard="1" dealt="1" sum="10"/>
<action no="2" player="oreiasccp" type="2" sum="20"/>
</round>
<round no="1"><cards type="Pocket" player="d0nsamag0n">X X</cards>
<cards type="Pocket" player="VlasOff871">X X</cards>
<cards type="Pocket" player="oreiasccp">D3 DJ</cards>
<action no="3" player="VlasOff871" type="0" discard="1" dealt="1" sum="0"/>
<action no="4" player="d0nsamag0n" type="23" discard="1" dealt="1" sum="40"/>
<action no="5" player="oreiasccp" type="3" sum="20"/>
</round>
<round no="2"><cards type="Flop">C10 S3 C4</cards>
<action no="6" player="d0nsamag0n" type="4" discard="1" dealt="1" sum="0"/>
<action no="7" player="oreiasccp" type="4" sum="0"/>
</round>
<round no="3"><cards type="Turn">D4</cards>
<action no="8" player="d0nsamag0n" type="5" discard="1" dealt="1" sum="40"/>
<action no="9" player="oreiasccp" type="3" sum="40"/>
</round>
<round no="4"><cards type="River">SA</cards>
<action no="10" player="d0nsamag0n" type="5" discard="1" dealt="1" sum="112"/>
<action no="11" player="oreiasccp" type="0" sum="0"/>
</round>
</game>
<game gamecode="11536697264"><general><startdate>2025-06-27 12:57:14</startdate>
<round>1</round>
<failsafecounter/>
<players><player seat="6" name="VlasOff871" chips="460" dealer="0" win="0" bet="20" muck="1" rebuy="0" addon="0" merge="0" rebuychips="0" reg_code="8392854844"/>
<player seat="10" name="d0nsamag0n" chips="560" dealer="1" win="0" bet="40" muck="1" rebuy="0" addon="0" merge="0" rebuychips="0" reg_code="8392854848"/>
<player seat="3" name="oreiasccp" chips="480" dealer="0" win="100" bet="480" muck="1" rebuy="0" addon="0" merge="0" rebuychips="0" reg_code="8392854814"/>
</players>
</general>
<round no="0"><action no="1" player="oreiasccp" type="1" sum="10"/>
<action no="2" player="VlasOff871" type="2" discard="1" dealt="1" sum="20"/>
</round>
<round no="1"><cards type="Pocket" player="VlasOff871">X X</cards>
<cards type="Pocket" player="d0nsamag0n">X X</cards>
<cards type="Pocket" player="oreiasccp">DA D7</cards>
<action no="3" player="d0nsamag0n" type="23" discard="1" dealt="1" sum="40"/>
<action no="4" player="oreiasccp" type="23" sum="480"/>
<action no="5" player="VlasOff871" type="0" discard="1" dealt="1" sum="0"/>
<action no="6" player="d0nsamag0n" type="0" discard="1" dealt="1" sum="0"/>
</round>
</game>
<game gamecode="11536697314"><general><startdate>2025-06-27 12:57:28</startdate>
<round>1</round>
<failsafecounter/>
<players><player seat="10" name="d0nsamag0n" chips="520" dealer="0" win="20" bet="20" muck="1" rebuy="0" addon="0" merge="0" rebuychips="0" reg_code="8392854848"/>
<player seat="3" name="oreiasccp" chips="540" dealer="1" win="0" bet="0" muck="1" rebuy="0" addon="0" merge="0" rebuychips="0" reg_code="8392854814"/>
<player seat="6" name="VlasOff871" chips="440" dealer="0" win="0" bet="10" muck="1" rebuy="0" addon="0" merge="0" rebuychips="0" reg_code="8392854844"/>
</players>
</general>
<round no="0"><action no="1" player="VlasOff871" type="1" discard="1" dealt="1" sum="10"/>
<action no="2" player="d0nsamag0n" type="2" discard="1" dealt="1" sum="20"/>
</round>
<round no="1"><cards type="Pocket" player="d0nsamag0n">X X</cards>
<cards type="Pocket" player="VlasOff871">X X</cards>
<cards type="Pocket" player="oreiasccp">H7 H3</cards>
<action no="3" player="oreiasccp" type="0" sum="0"/>
<action no="4" player="VlasOff871" type="0" discard="1" dealt="1" sum="0"/>
</round>
</game>
<game gamecode="11536697340"><general><startdate>2025-06-27 12:57:35</startdate>
<round>1</round>
<failsafecounter/>
<players><player seat="3" name="oreiasccp" chips="540" dealer="0" win="0" bet="20" muck="1" rebuy="0" addon="0" merge="0" rebuychips="0" reg_code="8392854814"/>
<player seat="6" name="VlasOff871" chips="430" dealer="1" win="50" bet="430" muck="1" rebuy="0" addon="0" merge="0" rebuychips="0" reg_code="8392854844"/>
<player seat="10" name="d0nsamag0n" chips="530" dealer="0" win="0" bet="10" muck="1" rebuy="0" addon="0" merge="0" rebuychips="0" reg_code="8392854848"/>
</players>
</general>
<round no="0"><action no="1" player="d0nsamag0n" type="1" discard="1" dealt="1" sum="10"/>
<action no="2" player="oreiasccp" type="2" sum="20"/>
</round>
<round no="1"><cards type="Pocket" player="oreiasccp">S5 S8</cards>
<cards type="Pocket" player="VlasOff871">X X</cards>
<cards type="Pocket" player="d0nsamag0n">X X</cards>
<action no="3" player="VlasOff871" type="23" discard="1" dealt="1" sum="430"/>
<action no="4" player="d0nsamag0n" type="0" discard="1" dealt="1" sum="0"/>
<action no="5" player="oreiasccp" type="0" sum="0"/>
</round>
</game>
<game gamecode="11536697377"><general><startdate>2025-06-27 12:57:46</startdate>
<round>1</round>
<failsafecounter/>
<players><player seat="6" name="VlasOff871" chips="460" dealer="0" win="40" bet="460" muck="1" rebuy="0" addon="0" merge="0" rebuychips="0" reg_code="8392854844"/>
<player seat="10" name="d0nsamag0n" chips="520" dealer="1" win="0" bet="0" muck="1" rebuy="0" addon="0" merge="0" rebuychips="0" reg_code="8392854848"/>
<player seat="3" name="oreiasccp" chips="520" dealer="0" win="0" bet="20" muck="1" rebuy="0" addon="0" merge="0" rebuychips="0" reg_code="8392854814"/>
</players>
</general>
<round no="0"><action no="1" player="oreiasccp" type="1" sum="10"/>
<action no="2" player="VlasOff871" type="2" discard="1" dealt="1" sum="20"/>
</round>
<round no="1"><cards type="Pocket" player="oreiasccp">S7 S4</cards>
<cards type="Pocket" player="d0nsamag0n">X X</cards>
<cards type="Pocket" player="VlasOff871">X X</cards>
<action no="3" player="d0nsamag0n" type="0" discard="1" dealt="1" sum="0"/>
<action no="4" player="oreiasccp" type="3" sum="10"/>
<action no="5" player="VlasOff871" type="23" discard="1" dealt="1" sum="460"/>
<action no="6" player="oreiasccp" type="0" sum="0"/>
</round>
</game>
<game gamecode="11536697427"><general><startdate>2025-06-27 12:58:00</startdate>
<round>1</round>
<failsafecounter/>
<players><player seat="10" name="d0nsamag0n" chips="520" dealer="0" win="0" bet="520" muck="0" rebuy="0" addon="0" merge="0" rebuychips="0" reg_code="8392854848"/>
<player seat="3" name="oreiasccp" chips="500" dealer="1" win="1,010" bet="500" muck="0" rebuy="0" addon="0" merge="0" rebuychips="0" reg_code="8392854814"/>
<player seat="6" name="VlasOff871" chips="480" dealer="0" win="0" bet="10" muck="1" rebuy="0" addon="0" merge="0" rebuychips="0" reg_code="8392854844"/>
</players>
</general>
<round no="0"><action no="1" player="VlasOff871" type="1" discard="1" dealt="1" sum="10"/>
<action no="2" player="d0nsamag0n" type="2" discard="1" dealt="1" sum="20"/>
</round>
<round no="1"><cards type="Pocket" player="VlasOff871">X X</cards>
<cards type="Pocket" player="oreiasccp">CQ CA</cards>
<cards type="Pocket" player="d0nsamag0n">SQ HK</cards>
<action no="3" player="oreiasccp" type="23" sum="40"/>
<action no="4" player="VlasOff871" type="0" discard="1" dealt="1" sum="0"/>
<action no="5" player="d0nsamag0n" type="3" discard="1" dealt="1" sum="20"/>
</round>
<round no="2"><cards type="Flop">S5 H2 CK</cards>
<action no="6" player="d0nsamag0n" type="4" discard="1" dealt="1" sum="0"/>
<action no="7" player="oreiasccp" type="5" sum="20"/>
<action no="8" player="d0nsamag0n" type="23" discard="1" dealt="1" sum="75"/>
<action no="9" player="oreiasccp" type="3" sum="55"/>
</round>
<round no="3"><cards type="Turn">C10</cards>
<action no="10" player="d0nsamag0n" type="5" discard="1" dealt="1" sum="168"/>
<action no="11" player="oreiasccp" type="3" sum="168"/>
</round>
<round no="4"><cards type="River">CJ</cards>
<action no="12" player="d0nsamag0n" type="5" discard="1" dealt="1" sum="237"/>
<action no="13" player="oreiasccp" type="7" sum="217"/>
</round>
</game>
<game gamecode="11536703213"><general><startdate>2025-06-27 12:58:31</startdate>
<round>1</round>
<failsafecounter/>
<players><player seat="3" name="oreiasccp" chips="1,010" dealer="0" win="0" bet="35" muck="1" rebuy="0" addon="0" merge="0" rebuychips="0" reg_code="8392854814"/>
<player seat="6" name="VlasOff871" chips="470" dealer="1" win="30" bet="35" muck="0" rebuy="0" addon="0" merge="0" rebuychips="0" reg_code="8392854844"/>
<player seat="10" name="d0nsamag0n" chips="20" dealer="0" win="60" bet="20" muck="0" rebuy="0" addon="0" merge="0" rebuychips="0" reg_code="8392854848"/>
</players>
</general>
<round no="0"><action no="1" player="d0nsamag0n" type="15" discard="1" dealt="1" sum="5"/>
<action no="2" player="oreiasccp" type="15" sum="5"/>
<action no="3" player="VlasOff871" type="15" discard="1" dealt="1" sum="5"/>
<action no="4" player="d0nsamag0n" type="1" discard="1" dealt="1" sum="15"/>
<action no="5" player="oreiasccp" type="2" sum="30"/>
</round>
<round no="1"><cards type="Pocket" player="VlasOff871">D8 HJ</cards>
<cards type="Pocket" player="oreiasccp">S9 S10</cards>
<cards type="Pocket" player="d0nsamag0n">DQ S8</cards>
<action no="6" player="VlasOff871" type="3" discard="1" dealt="1" sum="30"/>
<action no="7" player="oreiasccp" type="4" sum="0"/>
</round>
<round no="2"><cards type="Flop">DA S3 SQ</cards>
<action no="8" player="oreiasccp" type="4" sum="0"/>
<action no="9" player="VlasOff871" type="4" discard="1" dealt="1" sum="0"/>
</round>
<round no="3"><cards type="Turn">D4</cards>
<action no="10" player="oreiasccp" type="4" sum="0"/>
<action no="11" player="VlasOff871" type="4" discard="1" dealt="1" sum="0"/>
</round>
<round no="4"><cards type="River">D7</cards>
<action no="12" player="oreiasccp" type="4" sum="0"/>
<action no="13" player="VlasOff871" type="4" discard="1" dealt="1" sum="0"/>
</round>
</game>
<game gamecode="11536703304"><general><startdate>2025-06-27 12:58:56</startdate>
<round>1</round>
<failsafecounter/>
<players><player seat="6" name="VlasOff871" chips="465" dealer="0" win="45" bet="35" muck="1" rebuy="0" addon="0" merge="0" rebuychips="0" reg_code="8392854844"/>
<player seat="10" name="d0nsamag0n" chips="60" dealer="1" win="0" bet="5" muck="1" rebuy="0" addon="0" merge="0" rebuychips="0" reg_code="8392854848"/>
<player seat="3" name="oreiasccp" chips="975" dealer="0" win="0" bet="20" muck="1" rebuy="0" addon="0" merge="0" rebuychips="0" reg_code="8392854814"/>
</players>
</general>
<round no="0"><action no="1" player="oreiasccp" type="15" sum="5"/>
<action no="2" player="VlasOff871" type="15" discard="1" dealt="1" sum="5"/>
<action no="3" player="d0nsamag0n" type="15" discard="1" dealt="1" sum="5"/>
<action no="4" player="oreiasccp" type="1" sum="15"/>
<action no="5" player="VlasOff871" type="2" discard="1" dealt="1" sum="30"/>
</round>
<round no="1"><cards type="Pocket" player="d0nsamag0n">X X</cards>
<cards type="Pocket" player="VlasOff871">X X</cards>
<cards type="Pocket" player="oreiasccp">S10 C5</cards>
<action no="6" player="d0nsamag0n" type="0" discard="1" dealt="1" sum="0"/>
<action no="7" player="oreiasccp" type="0" sum="0"/>
</round>
</game>
<game gamecode="11536703348"><general><startdate>2025-06-27 12:59:04</startdate>
<round>1</round>
<failsafecounter/>
<players><player seat="10" name="d0nsamag0n" chips="55" dealer="0" win="130" bet="55" muck="0" rebuy="0" addon="0" merge="0" rebuychips="0" reg_code="8392854848"/>
<player seat="3" name="oreiasccp" chips="955" dealer="1" win="0" bet="65" muck="1" rebuy="0" addon="0" merge="0" rebuychips="0" reg_code="8392854814"/>
<player seat="6" name="VlasOff871" chips="490" dealer="0" win="0" bet="20" muck="1" rebuy="0" addon="0" merge="0" rebuychips="0" reg_code="8392854844"/>
</players>
</general>
<round no="0"><action no="1" player="VlasOff871" type="15" discard="1" dealt="1" sum="5"/>
<action no="2" player="d0nsamag0n" type="15" discard="1" dealt="1" sum="5"/>
<action no="3" player="oreiasccp" type="15" sum="5"/>
<action no="4" player="VlasOff871" type="1" discard="1" dealt="1" sum="15"/>
<action no="5" player="d0nsamag0n" type="2" discard="1" dealt="1" sum="30"/>
</round>
<round no="1"><cards type="Pocket" player="d0nsamag0n">SJ D2</cards>
<cards type="Pocket" player="VlasOff871">X X</cards>
<cards type="Pocket" player="oreiasccp">DQ C9</cards>
<action no="6" player="oreiasccp" type="23" sum="60"/>
<action no="7" player="VlasOff871" type="0" discard="1" dealt="1" sum="0"/>
<action no="8" player="d0nsamag0n" type="7" discard="1" dealt="1" sum="20"/>
</round>
<round no="2"><cards type="Flop">HJ H5 D6</cards>
</round>
<round no="3"><cards type="Turn">S10</cards>
</round>
<round no="4"><cards type="River">S2</cards>
</round>
</game>
<game gamecode="11536703427"><general><startdate>2025-06-27 12:59:25</startdate>
<round>1</round>
<failsafecounter/>
<players><player seat="3" name="oreiasccp" chips="900" dealer="0" win="0" bet="80" muck="1" rebuy="0" addon="0" merge="0" rebuychips="0" reg_code="8392854814"/>
<player seat="6" name="VlasOff871" chips="470" dealer="1" win="180" bet="80" muck="0" rebuy="0" addon="0" merge="0" rebuychips="0" reg_code="8392854844"/>
<player seat="10" name="d0nsamag0n" chips="130" dealer="0" win="0" bet="20" muck="1" rebuy="0" addon="0" merge="0" rebuychips="0" reg_code="8392854848"/>
</players>
</general>
<round no="0"><action no="1" player="d0nsamag0n" type="15" discard="1" dealt="1" sum="5"/>
<action no="2" player="oreiasccp" type="15" sum="5"/>
<action no="3" player="VlasOff871" type="15" discard="1" dealt="1" sum="5"/>
<action no="4" player="d0nsamag0n" type="1" discard="1" dealt="1" sum="15"/>
<action no="5" player="oreiasccp" type="2" sum="30"/>
</round>
<round no="1"><cards type="Pocket" player="VlasOff871">H2 S2</cards>
<cards type="Pocket" player="d0nsamag0n">X X</cards>
<cards type="Pocket" player="oreiasccp">H3 C4</cards>
<action no="6" player="VlasOff871" type="3" discard="1" dealt="1" sum="30"/>
<action no="7" player="d0nsamag0n" type="0" discard="1" dealt="1" sum="0"/>
<action no="8" player="oreiasccp" type="4" sum="0"/>
</round>
<round no="2"><cards type="Flop">DK H5 S9</cards>
<action no="9" player="oreiasccp" type="4" sum="0"/>
<action no="10" player="VlasOff871" type="4" discard="1" dealt="1" sum="0"/>
</round>
<round no="3"><cards type="Turn">D6</cards>
<action no="11" player="oreiasccp" type="5" sum="45"/>
<action no="12" player="VlasOff871" type="3" discard="1" dealt="1" sum="45"/>
</round>
<round no="4"><cards type="River">C5</cards>
<action no="13" player="oreiasccp" type="4" sum="0"/>
<action no="14" player="VlasOff871" type="4" discard="1" dealt="1" sum="0"/>
</round>
</game>
<game gamecode="11536703512"><general><startdate>2025-06-27 12:59:49</startdate>
<round>1</round>
<failsafecounter/>
<players><player seat="6" name="VlasOff871" chips="570" dealer="0" win="45" bet="35" muck="1" rebuy="0" addon="0" merge="0" rebuychips="0" reg_code="8392854844"/>
<player seat="10" name="d0nsamag0n" chips="110" dealer="1" win="0" bet="5" muck="1" rebuy="0" addon="0" merge="0" rebuychips="0" reg_code="8392854848"/>
<player seat="3" name="oreiasccp" chips="820" dealer="0" win="0" bet="20" muck="1" rebuy="0" addon="0" merge="0" rebuychips="0" reg_code="8392854814"/>
</players>
</general>
<round no="0"><action no="1" player="oreiasccp" type="15" sum="5"/>
<action no="2" player="VlasOff871" type="15" discard="1" dealt="1" sum="5"/>
<action no="3" player="d0nsamag0n" type="15" discard="1" dealt="1" sum="5"/>
<action no="4" player="oreiasccp" type="1" sum="15"/>
<action no="5" player="VlasOff871" type="2" discard="1" dealt="1" sum="30"/>
</round>
<round no="1"><cards type="Pocket" player="oreiasccp">C3 HQ</cards>
<cards type="Pocket" player="d0nsamag0n">X X</cards>
<cards type="Pocket" player="VlasOff871">X X</cards>
<action no="6" player="d0nsamag0n" type="0" discard="1" dealt="1" sum="0"/>
<action no="7" player="oreiasccp" type="0" sum="0"/>
</round>
</game>
<game gamecode="11536703549"><general><startdate>2025-06-27 12:59:59</startdate>
<round>1</round>
<failsafecounter/>
<players><player seat="10" name="d0nsamag0n" chips="105" dealer="0" win="0" bet="35" muck="1" rebuy="0" addon="0" merge="0" rebuychips="0" reg_code="8392854848"/>
<player seat="3" name="oreiasccp" chips="800" dealer="1" win="0" bet="341" muck="1" rebuy="0" addon="0" merge="0" rebuychips="0" reg_code="8392854814"/>
<player seat="6" name="VlasOff871" chips="595" dealer="0" win="717" bet="341" muck="0" rebuy="0" addon="0" merge="0" rebuychips="0" reg_code="8392854844"/>
</players>
</general>
<round no="0"><action no="1" player="VlasOff871" type="15" discard="1" dealt="1" sum="5"/>
<action no="2" player="d0nsamag0n" type="15" discard="1" dealt="1" sum="5"/>
<action no="3" player="oreiasccp" type="15" sum="5"/>
<action no="4" player="VlasOff871" type="1" discard="1" dealt="1" sum="15"/>
<action no="5" player="d0nsamag0n" type="2" discard="1" dealt="1" sum="30"/>
</round>
<round no="1"><cards type="Pocket" player="oreiasccp">H10 C9</cards>
<cards type="Pocket" player="d0nsamag0n">X X</cards>
<cards type="Pocket" player="VlasOff871">HJ D9</cards>
<action no="6" player="oreiasccp" type="23" sum="60"/>
<action no="7" player="VlasOff871" type="3" discard="1" dealt="1" sum="45"/>
<action no="8" player="d0nsamag0n" type="0" discard="1" dealt="1" sum="0"/>
</round>
<round no="2"><cards type="Flop">D10 CJ H2</cards>
<action no="9" player="VlasOff871" type="5" discard="1" dealt="1" sum="82"/>
<action no="10" player="oreiasccp" type="3" sum="82"/>
</round>
<round no="3"><cards type="Turn">S8</cards>
<action no="11" player="VlasOff871" type="5" discard="1" dealt="1" sum="164"/>
<action no="12" player="oreiasccp" type="3" sum="164"/>
</round>
<round no="4"><cards type="River">C3</cards>
<action no="13" player="VlasOff871" type="5" discard="1" dealt="1" sum="30"/>
<action no="14" player="oreiasccp" type="3" sum="30"/>
</round>
</game>
<game gamecode="11536703643"><general><startdate>2025-06-27 13:00:24</startdate>
<round>1</round>
<failsafecounter/>
<players><player seat="3" name="oreiasccp" chips="459" dealer="0" win="0" bet="45" muck="1" rebuy="0" addon="0" merge="0" rebuychips="0" reg_code="8392854814"/>
<player seat="6" name="VlasOff871" chips="971" dealer="1" win="185" bet="70" muck="0" rebuy="0" addon="0" merge="0" rebuychips="0" reg_code="8392854844"/>
<player seat="10" name="d0nsamag0n" chips="70" dealer="0" win="0" bet="70" muck="0" rebuy="0" addon="0" merge="0" rebuychips="0" reg_code="8392854848"/>
</players>
</general>
<round no="0"><action no="1" player="d0nsamag0n" type="15" discard="1" dealt="1" sum="5"/>
<action no="2" player="oreiasccp" type="15" sum="5"/>
<action no="3" player="VlasOff871" type="15" discard="1" dealt="1" sum="5"/>
<action no="4" player="d0nsamag0n" type="1" discard="1" dealt="1" sum="20"/>
<action no="5" player="oreiasccp" type="2" sum="40"/>
</round>
<round no="1"><cards type="Pocket" player="VlasOff871">S3 C3</cards>
<cards type="Pocket" player="oreiasccp">H9 S4</cards>
<cards type="Pocket" player="d0nsamag0n">H5 S8</cards>
<action no="6" player="VlasOff871" type="3" discard="1" dealt="1" sum="40"/>
<action no="7" player="d0nsamag0n" type="7" discard="1" dealt="1" sum="45"/>
<action no="8" player="oreiasccp" type="0" sum="0"/>
<action no="9" player="VlasOff871" type="3" discard="1" dealt="1" sum="25"/>
</round>
<round no="2"><cards type="Flop">S6 H3 H4</cards>
</round>
<round no="3"><cards type="Turn">C8</cards>
</round>
<round no="4"><cards type="River">CJ</cards>
</round>
</game>
<game gamecode="11536703739"><general><startdate>2025-06-27 13:00:49</startdate>
<round>1</round>
<failsafecounter/>
<players><player seat="6" name="VlasOff871" chips="1,086" dealer="0" win="0" bet="85" muck="1" rebuy="0" addon="0" merge="0" rebuychips="0" reg_code="8392854844"/>
<player seat="3" name="oreiasccp" chips="414" dealer="1" win="170" bet="85" muck="0" rebuy="0" addon="0" merge="0" rebuychips="0" reg_code="8392854814"/>
</players>
</general>
<round no="0"><action no="1" player="oreiasccp" type="15" sum="5"/>
<action no="2" player="VlasOff871" type="15" discard="1" dealt="1" sum="5"/>
<action no="3" player="oreiasccp" type="1" sum="20"/>
<action no="4" player="VlasOff871" type="2" discard="1" dealt="1" sum="40"/>
</round>
<round no="1"><cards type="Pocket" player="VlasOff871">D7 H5</cards>
<cards type="Pocket" player="oreiasccp">S10 D8</cards>
<action no="5" player="oreiasccp" type="23" sum="80"/>
<action no="6" player="VlasOff871" type="3" discard="1" dealt="1" sum="40"/>
</round>
<round no="2"><cards type="Flop">CJ H10 HK</cards>
<action no="7" player="VlasOff871" type="4" discard="1" dealt="1" sum="0"/>
<action no="8" player="oreiasccp" type="4" sum="0"/>
</round>
<round no="3"><cards type="Turn">S9</cards>
<action no="9" player="VlasOff871" type="4" discard="1" dealt="1" sum="0"/>
<action no="10" player="oreiasccp" type="4" sum="0"/>
</round>
<round no="4"><cards type="River">D2</cards>
<action no="11" player="VlasOff871" type="4" discard="1" dealt="1" sum="0"/>
<action no="12" player="oreiasccp" type="4" sum="0"/>
</round>
</game>
<game gamecode="11536703832"><general><startdate>2025-06-27 13:01:11</startdate>
<round>1</round>
<failsafecounter/>
<players><player seat="3" name="oreiasccp" chips="499" dealer="0" win="250" bet="188" muck="1" rebuy="0" addon="0" merge="0" rebuychips="0" reg_code="8392854814"/>
<player seat="6" name="VlasOff871" chips="1,001" dealer="1" win="0" bet="125" muck="1" rebuy="0" addon="0" merge="0" rebuychips="0" reg_code="8392854844"/>
</players>
</general>
<round no="0"><action no="1" player="VlasOff871" type="15" discard="1" dealt="1" sum="5"/>
<action no="2" player="oreiasccp" type="15" sum="5"/>
<action no="3" player="VlasOff871" type="1" discard="1" dealt="1" sum="20"/>
<action no="4" player="oreiasccp" type="2" sum="40"/>
</round>
<round no="1"><cards type="Pocket" player="VlasOff871">X X</cards>
<cards type="Pocket" player="oreiasccp">H2 S6</cards>
<action no="5" player="VlasOff871" type="3" discard="1" dealt="1" sum="20"/>
<action no="6" player="oreiasccp" type="23" sum="120"/>
<action no="7" player="VlasOff871" type="3" discard="1" dealt="1" sum="80"/>
</round>
<round no="2"><cards type="Flop">HQ S5 CK</cards>
<action no="8" player="oreiasccp" type="5" sum="63"/>
<action no="9" player="VlasOff871" type="0" discard="1" dealt="1" sum="0"/>
</round>
</game>
<game gamecode="11536703887"><general><startdate>2025-06-27 13:01:24</startdate>
<round>1</round>
<failsafecounter/>
<players><player seat="6" name="VlasOff871" chips="876" dealer="0" win="0" bet="205" muck="1" rebuy="0" addon="0" merge="0" rebuychips="0" reg_code="8392854844"/>
<player seat="3" name="oreiasccp" chips="624" dealer="1" win="410" bet="205" muck="0" rebuy="0" addon="0" merge="0" rebuychips="0" reg_code="8392854814"/>
</players>
</general>
<round no="0"><action no="1" player="oreiasccp" type="15" sum="5"/>
<action no="2" player="VlasOff871" type="15" discard="1" dealt="1" sum="5"/>
<action no="3" player="oreiasccp" type="1" sum="20"/>
<action no="4" player="VlasOff871" type="2" discard="1" dealt="1" sum="40"/>
</round>
<round no="1"><cards type="Pocket" player="oreiasccp">HK DK</cards>
<cards type="Pocket" player="VlasOff871">H4 S7</cards>
<action no="5" player="oreiasccp" type="3" sum="20"/>
<action no="6" player="VlasOff871" type="4" discard="1" dealt="1" sum="0"/>
</round>
<round no="2"><cards type="Flop">H8 S8 S4</cards>
<action no="7" player="VlasOff871" type="5" discard="1" dealt="1" sum="40"/>
<action no="8" player="oreiasccp" type="3" sum="40"/>
</round>
<round no="3"><cards type="Turn">CA</cards>
<action no="9" player="VlasOff871" type="5" discard="1" dealt="1" sum="40"/>
<action no="10" player="oreiasccp" type="3" sum="40"/>
</round>
<round no="4"><cards type="River">D5</cards>
<action no="11" player="VlasOff871" type="5" discard="1" dealt="1" sum="40"/>
<action no="12" player="oreiasccp" type="23" sum="80"/>
<action no="13" player="VlasOff871" type="3" discard="1" dealt="1" sum="40"/>
</round>
</game>
<game gamecode="11536703956"><general><startdate>2025-06-27 13:01:41</startdate>
<round>1</round>
<failsafecounter/>
<players><player seat="3" name="oreiasccp" chips="829" dealer="0" win="50" bet="45" muck="1" rebuy="0" addon="0" merge="0" rebuychips="0" reg_code="8392854814"/>
<player seat="6" name="VlasOff871" chips="671" dealer="1" win="0" bet="25" muck="1" rebuy="0" addon="0" merge="0" rebuychips="0" reg_code="8392854844"/>
</players>
</general>
<round no="0"><action no="1" player="VlasOff871" type="15" discard="1" dealt="1" sum="5"/>
<action no="2" player="oreiasccp" type="15" sum="5"/>
<action no="3" player="VlasOff871" type="1" discard="1" dealt="1" sum="20"/>
<action no="4" player="oreiasccp" type="2" sum="40"/>
</round>
<round no="1"><cards type="Pocket" player="VlasOff871">X X</cards>
<cards type="Pocket" player="oreiasccp">CJ D8</cards>
<action no="5" player="VlasOff871" type="0" discard="1" dealt="1" sum="0"/>
</round>
</game>
<game gamecode="11536703976"><general><startdate>2025-06-27 13:01:47</startdate>
<round>1</round>
<failsafecounter/>
<players><player seat="6" name="VlasOff871" chips="646" dealer="0" win="170" bet="85" muck="0" rebuy="0" addon="0" merge="0" rebuychips="0" reg_code="8392854844"/>
<player seat="3" name="oreiasccp" chips="854" dealer="1" win="0" bet="85" muck="1" rebuy="0" addon="0" merge="0" rebuychips="0" reg_code="8392854814"/>
</players>
</general>
<round no="0"><action no="1" player="oreiasccp" type="15" sum="5"/>
<action no="2" player="VlasOff871" type="15" discard="1" dealt="1" sum="5"/>
<action no="3" player="oreiasccp" type="1" sum="20"/>
<action no="4" player="VlasOff871" type="2" discard="1" dealt="1" sum="40"/>
</round>
<round no="1"><cards type="Pocket" player="VlasOff871">H10 DQ</cards>
<cards type="Pocket" player="oreiasccp">C10 D9</cards>
<action no="5" player="oreiasccp" type="23" sum="80"/>
<action no="6" player="VlasOff871" type="3" discard="1" dealt="1" sum="40"/>
</round>
<round no="2"><cards type="Flop">S5 C5 H8</cards>
<action no="7" player="VlasOff871" type="4" discard="1" dealt="1" sum="0"/>
<action no="8" player="oreiasccp" type="4" sum="0"/>
</round>
<round no="3"><cards type="Turn">H6</cards>
<action no="9" player="VlasOff871" type="4" discard="1" dealt="1" sum="0"/>
<action no="10" player="oreiasccp" type="4" sum="0"/>
</round>
<round no="4"><cards type="River">D2</cards>
<action no="11" player="VlasOff871" type="4" discard="1" dealt="1" sum="0"/>
<action no="12" player="oreiasccp" type="4" sum="0"/>
</round>
</game>
<game gamecode="11536704063"><general><startdate>2025-06-27 13:02:11</startdate>
<round>1</round>
<failsafecounter/>
<players><player seat="3" name="oreiasccp" chips="769" dealer="0" win="50" bet="45" muck="1" rebuy="0" addon="0" merge="0" rebuychips="0" reg_code="8392854814"/>
<player seat="6" name="VlasOff871" chips="731" dealer="1" win="0" bet="25" muck="1" rebuy="0" addon="0" merge="0" rebuychips="0" reg_code="8392854844"/>
</players>
</general>
<round no="0"><action no="1" player="VlasOff871" type="15" discard="1" dealt="1" sum="5"/>
<action no="2" player="oreiasccp" type="15" sum="5"/>
<action no="3" player="VlasOff871" type="1" discard="1" dealt="1" sum="20"/>
<action no="4" player="oreiasccp" type="2" sum="40"/>
</round>
<round no="1"><cards type="Pocket" player="oreiasccp">H8 D9</cards>
<cards type="Pocket" player="VlasOff871">X X</cards>
<action no="5" player="VlasOff871" type="0" discard="1" dealt="1" sum="0"/>
</round>
</game>
<game gamecode="11536704086"><general><startdate>2025-06-27 13:02:17</startdate>
<round>1</round>
<failsafecounter/>
<players><player seat="6" name="VlasOff871" chips="706" dealer="0" win="706" bet="706" muck="0" rebuy="0" addon="0" merge="0" rebuychips="0" reg_code="8392854844"/>
<player seat="3" name="oreiasccp" chips="794" dealer="1" win="706" bet="706" muck="0" rebuy="0" addon="0" merge="0" rebuychips="0" reg_code="8392854814"/>
</players>
</general>
<round no="0"><action no="1" player="oreiasccp" type="15" sum="5"/>
<action no="2" player="VlasOff871" type="15" discard="1" dealt="1" sum="5"/>
<action no="3" player="oreiasccp" type="1" sum="30"/>
<action no="4" player="VlasOff871" type="2" discard="1" dealt="1" sum="60"/>
</round>
<round no="1"><cards type="Pocket" player="VlasOff871">CA H9</cards>
<cards type="Pocket" player="oreiasccp">DA C9</cards>
<action no="5" player="oreiasccp" type="23" sum="701"/>
<action no="6" player="VlasOff871" type="7" discard="1" dealt="1" sum="641"/>
</round>
<round no="2"><cards type="Flop">SK H6 C10</cards>
</round>
<round no="3"><cards type="Turn">H7</cards>
</round>
<round no="4"><cards type="River">D2</cards>
</round>
</game>
<game gamecode="11536704200"><general><startdate>2025-06-27 13:02:43</startdate>
<round>1</round>
<failsafecounter/>
<players><player seat="3" name="oreiasccp" chips="794" dealer="0" win="0" bet="125" muck="1" rebuy="0" addon="0" merge="0" rebuychips="0" reg_code="8392854814"/>
<player seat="6" name="VlasOff871" chips="706" dealer="1" win="250" bet="125" muck="0" rebuy="0" addon="0" merge="0" rebuychips="0" reg_code="8392854844"/>
</players>
</general>
<round no="0"><action no="1" player="VlasOff871" type="15" discard="1" dealt="1" sum="5"/>
<action no="2" player="oreiasccp" type="15" sum="5"/>
<action no="3" player="VlasOff871" type="1" discard="1" dealt="1" sum="30"/>
<action no="4" player="oreiasccp" type="2" sum="60"/>
</round>
<round no="1"><cards type="Pocket" player="VlasOff871">D7 S10</cards>
<cards type="Pocket" player="oreiasccp">CK H9</cards>
<action no="5" player="VlasOff871" type="3" discard="1" dealt="1" sum="30"/>
<action no="6" player="oreiasccp" type="4" sum="0"/>
</round>
<round no="2"><cards type="Flop">CA S7 DQ</cards>
<action no="7" player="oreiasccp" type="4" sum="0"/>
<action no="8" player="VlasOff871" type="5" discard="1" dealt="1" sum="60"/>
<action no="9" player="oreiasccp" type="3" sum="60"/>
</round>
<round no="3"><cards type="Turn">D6</cards>
<action no="10" player="oreiasccp" type="4" sum="0"/>
<action no="11" player="VlasOff871" type="4" discard="1" dealt="1" sum="0"/>
</round>
<round no="4"><cards type="River">H6</cards>
<action no="12" player="oreiasccp" type="4" sum="0"/>
<action no="13" player="VlasOff871" type="4" discard="1" dealt="1" sum="0"/>
</round>
</game>
<game gamecode="11536704278"><general><startdate>2025-06-27 13:03:04</startdate>
<round>1</round>
<failsafecounter/>
<players><player seat="6" name="VlasOff871" chips="831" dealer="0" win="70" bet="65" muck="1" rebuy="0" addon="0" merge="0" rebuychips="0" reg_code="8392854844"/>
<player seat="3" name="oreiasccp" chips="669" dealer="1" win="0" bet="35" muck="1" rebuy="0" addon="0" merge="0" rebuychips="0" reg_code="8392854814"/>
</players>
</general>
<round no="0"><action no="1" player="oreiasccp" type="15" sum="5"/>
<action no="2" player="VlasOff871" type="15" discard="1" dealt="1" sum="5"/>
<action no="3" player="oreiasccp" type="1" sum="30"/>
<action no="4" player="VlasOff871" type="2" discard="1" dealt="1" sum="60"/>
</round>
<round no="1"><cards type="Pocket" player="VlasOff871">X X</cards>
<cards type="Pocket" player="oreiasccp">D4 H9</cards>
<action no="5" player="oreiasccp" type="0" sum="0"/>
</round>
</game>
<game gamecode="11536704303"><general><startdate>2025-06-27 13:03:09</startdate>
<round>1</round>
<failsafecounter/>
<players><player seat="3" name="oreiasccp" chips="634" dealer="0" win="1,268" bet="634" muck="0" rebuy="0" addon="0" merge="0" rebuychips="0" reg_code="8392854814"/>
<player seat="6" name="VlasOff871" chips="866" dealer="1" win="0" bet="634" muck="1" rebuy="0" addon="0" merge="0" rebuychips="0" reg_code="8392854844"/>
</players>
</general>
<round no="0"><action no="1" player="VlasOff871" type="15" discard="1" dealt="1" sum="5"/>
<action no="2" player="oreiasccp" type="15" sum="5"/>
<action no="3" player="VlasOff871" type="1" discard="1" dealt="1" sum="30"/>
<action no="4" player="oreiasccp" type="2" sum="60"/>
</round>
<round no="1"><cards type="Pocket" player="VlasOff871">SJ D10</cards>
<cards type="Pocket" player="oreiasccp">CK H3</cards>
<action no="5" player="VlasOff871" type="3" discard="1" dealt="1" sum="30"/>
<action no="6" player="oreiasccp" type="23" sum="629"/>
<action no="7" player="VlasOff871" type="3" discard="1" dealt="1" sum="569"/>
</round>
<round no="2"><cards type="Flop">D5 C4 S9</cards>
</round>
<round no="3"><cards type="Turn">D2</cards>
</round>
<round no="4"><cards type="River">HQ</cards>
</round>
</game>
<game gamecode="11536704363"><general><startdate>2025-06-27 13:03:27</startdate>
<round>1</round>
<failsafecounter/>
<players><player seat="6" name="VlasOff871" chips="232" dealer="0" win="0" bet="65" muck="1" rebuy="0" addon="0" merge="0" rebuychips="0" reg_code="8392854844"/>
<player seat="3" name="oreiasccp" chips="1,268" dealer="1" win="130" bet="232" muck="1" rebuy="0" addon="0" merge="0" rebuychips="0" reg_code="8392854814"/>
</players>
</general>
<round no="0"><action no="1" player="oreiasccp" type="15" sum="5"/>
<action no="2" player="VlasOff871" type="15" discard="1" dealt="1" sum="5"/>
<action no="3" player="oreiasccp" type="1" sum="30"/>
<action no="4" player="VlasOff871" type="2" discard="1" dealt="1" sum="60"/>
</round>
<round no="1"><cards type="Pocket" player="VlasOff871">X X</cards>
<cards type="Pocket" player="oreiasccp">S9 C10</cards>
<action no="5" player="oreiasccp" type="23" sum="227"/>
<action no="6" player="VlasOff871" type="0" discard="1" dealt="1" sum="0"/>
</round>
</game>
<game gamecode="11536704387"><general><startdate>2025-06-27 13:03:33</startdate>
<round>1</round>
<failsafecounter/>
<players><player seat="3" name="oreiasccp" chips="1,333" dealer="0" win="334" bet="167" muck="0" rebuy="0" addon="0" merge="0" rebuychips="0" reg_code="8392854814"/>
<player seat="6" name="VlasOff871" chips="167" dealer="1" win="0" bet="167" muck="0" rebuy="0" addon="0" merge="0" rebuychips="0" reg_code="8392854844"/>
</players>
</general>
<round no="0"><action no="1" player="VlasOff871" type="15" discard="1" dealt="1" sum="5"/>
<action no="2" player="oreiasccp" type="15" sum="5"/>
<action no="3" player="VlasOff871" type="1" discard="1" dealt="1" sum="30"/>
<action no="4" player="oreiasccp" type="2" sum="60"/>
</round>
<round no="1"><cards type="Pocket" player="oreiasccp">S5 H6</cards>
<cards type="Pocket" player="VlasOff871">C10 DJ</cards>
<action no="5" player="VlasOff871" type="23" discard="1" dealt="1" sum="162"/>
<action no="6" player="oreiasccp" type="3" sum="102"/>
</round>
<round no="2"><cards type="Flop">H8 CA S4</cards>
</round>
<round no="3"><cards type="Turn">D6</cards>
</round>
<round no="4"><cards type="River">C3</cards>
</round>
</game>
</session>
