<?xml version="1.0" encoding="UTF-8"?>
<session sessioncode="8392869910">
<general>
<client_version>25.1.1.13</client_version>
<mode>real</mode>
<gametype>Holdem NL</gametype>
<tablename>Twister €5 SNG, 1128657010</tablename>
<tournamentcode>1128657009</tournamentcode>
<tournamentname>Twister €5 SNG</tournamentname>
<buyin>€0 + €0.35 + €4.65</buyin>
<totalbuyin>€5</totalbuyin>
<rewarddrawn>€10</rewarddrawn>
<tournamentcurrency>EUR</tournamentcurrency>
<currency>EUR</currency>
<nickname>oreiasccp</nickname>
<gamecount>16</gamecount>
<startdate>2025-06-27 13:31:44</startdate>
<place>2</place>
<win>€0</win>
<tablesize>3</tablesize>
</general>
<game gamecode="11536733836"><general><startdate>2025-06-27 13:31:59</startdate>
<round>1</round>
<failsafecounter/>
<players><player seat="6" name="bobbb1" chips="500" dealer="0" win="80" bet="100" muck="1" rebuy="0" addon="0" merge="0" rebuychips="0" reg_code="8392869937"/>
<player seat="10" name="TooManyTables" chips="500" dealer="1" win="0" bet="0" muck="1" rebuy="0" addon="0" merge="0" rebuychips="0" reg_code="8392869962"/>
<player seat="3" name="oreiasccp" chips="500" dealer="0" win="0" bet="40" muck="1" rebuy="0" addon="0" merge="0" rebuychips="0" reg_code="8392869910"/>
</players>
</general>
<round no="0"><action no="1" player="oreiasccp" type="1" sum="10"/>
<action no="2" player="bobbb1" type="2" discard="1" dealt="1" sum="20"/>
</round>
<round no="1"><cards type="Pocket" player="oreiasccp">DA H6</cards>
<cards type="Pocket" player="TooManyTables">X X</cards>
<cards type="Pocket" player="bobbb1">X X</cards>
<action no="3" player="TooManyTables" type="0" discard="1" dealt="1" sum="0"/>
<action no="4" player="oreiasccp" type="23" sum="40"/>
<action no="5" player="bobbb1" type="23" discard="1" dealt="1" sum="100"/>
<action no="6" player="oreiasccp" type="0" sum="0"/>
</round>
</game>
<game gamecode="11536733894"><general><startdate>2025-06-27 13:32:17</startdate>
<round>1</round>
<failsafecounter/>
<players><player seat="10" name="TooManyTables" chips="500" dealer="0" win="0" bet="20" muck="1" rebuy="0" addon="0" merge="0" rebuychips="0" reg_code="8392869962"/>
<player seat="3" name="oreiasccp" chips="460" dealer="1" win="50" bet="40" muck="1" rebuy="0" addon="0" merge="0" rebuychips="0" reg_code="8392869910"/>
<player seat="6" name="bobbb1" chips="540" dealer="0" win="0" bet="10" muck="1" rebuy="0" addon="0" merge="0" rebuychips="0" reg_code="8392869937"/>
</players>
</general>
<round no="0"><action no="1" player="bobbb1" type="1" discard="1" dealt="1" sum="10"/>
<action no="2" player="TooManyTables" type="2" discard="1" dealt="1" sum="20"/>
</round>
<round no="1"><cards type="Pocket" player="oreiasccp">SA C5</cards>
<cards type="Pocket" player="TooManyTables">X X</cards>
<cards type="Pocket" player="bobbb1">X X</cards>
<action no="3" player="oreiasccp" type="23" sum="40"/>
<action no="4" player="bobbb1" type="0" discard="1" dealt="1" sum="0"/>
<action no="5" player="TooManyTables" type="0" discard="1" dealt="1" sum="0"/>
</round>
</game>
<game gamecode="11536733940"><general><startdate>2025-06-27 13:32:28</startdate>
<round>1</round>
<failsafecounter/>
<players><player seat="3" name="oreiasccp" chips="490" dealer="0" win="0" bet="20" muck="1" rebuy="0" addon="0" merge="0" rebuychips="0" reg_code="8392869910"/>
<player seat="6" name="bobbb1" chips="530" dealer="1" win="50" bet="40" muck="1" rebuy="0" addon="0" merge="0" rebuychips="0" reg_code="8392869937"/>
<player seat="10" name="TooManyTables" chips="480" dealer="0" win="0" bet="10" muck="1" rebuy="0" addon="0" merge="0" rebuychips="0" reg_code="8392869962"/>
</players>
</general>
<round no="0"><action no="1" player="TooManyTables" type="1" discard="1" dealt="1" sum="10"/>
<action no="2" player="oreiasccp" type="2" sum="20"/>
</round>
<round no="1"><cards type="Pocket" player="TooManyTables">X X</cards>
<cards type="Pocket" player="bobbb1">X X</cards>
<cards type="Pocket" player="oreiasccp">H6 D3</cards>
<action no="3" player="bobbb1" type="23" discard="1" dealt="1" sum="40"/>
<action no="4" player="TooManyTables" type="0" discard="1" dealt="1" sum="0"/>
<action no="5" player="oreiasccp" type="0" sum="0"/>
</round>
</game>
<game gamecode="11536733993"><general><startdate>2025-06-27 13:32:42</startdate>
<round>1</round>
<failsafecounter/>
<players><player seat="6" name="bobbb1" chips="560" dealer="0" win="0" bet="40" muck="1" rebuy="0" addon="0" merge="0" rebuychips="0" reg_code="8392869937"/>
<player seat="10" name="TooManyTables" chips="470" dealer="1" win="0" bet="0" muck="1" rebuy="0" addon="0" merge="0" rebuychips="0" reg_code="8392869962"/>
<player seat="3" name="oreiasccp" chips="470" dealer="0" win="80" bet="40" muck="0" rebuy="0" addon="0" merge="0" rebuychips="0" reg_code="8392869910"/>
</players>
</general>
<round no="0"><action no="1" player="oreiasccp" type="1" sum="10"/>
<action no="2" player="bobbb1" type="2" discard="1" dealt="1" sum="20"/>
</round>
<round no="1"><cards type="Pocket" player="oreiasccp">C3 C7</cards>
<cards type="Pocket" player="bobbb1">DK SJ</cards>
<cards type="Pocket" player="TooManyTables">X X</cards>
<action no="3" player="TooManyTables" type="0" discard="1" dealt="1" sum="0"/>
<action no="4" player="oreiasccp" type="23" sum="40"/>
<action no="5" player="bobbb1" type="3" discard="1" dealt="1" sum="20"/>
</round>
<round no="2"><cards type="Flop">H8 S3 D9</cards>
<action no="6" player="oreiasccp" type="4" sum="0"/>
<action no="7" player="bobbb1" type="4" discard="1" dealt="1" sum="0"/>
</round>
<round no="3"><cards type="Turn">H10</cards>
<action no="8" player="oreiasccp" type="4" sum="0"/>
<action no="9" player="bobbb1" type="4" discard="1" dealt="1" sum="0"/>
</round>
<round no="4"><cards type="River">SA</cards>
<action no="10" player="oreiasccp" type="4" sum="0"/>
<action no="11" player="bobbb1" type="4" discard="1" dealt="1" sum="0"/>
</round>
</game>
<game gamecode="11536734154"><general><startdate>2025-06-27 13:33:21</startdate>
<round>1</round>
<failsafecounter/>
<players><player seat="10" name="TooManyTables" chips="470" dealer="0" win="20" bet="20" muck="1" rebuy="0" addon="0" merge="0" rebuychips="0" reg_code="8392869962"/>
<player seat="3" name="oreiasccp" chips="510" dealer="1" win="0" bet="0" muck="1" rebuy="0" addon="0" merge="0" rebuychips="0" reg_code="8392869910"/>
<player seat="6" name="bobbb1" chips="520" dealer="0" win="0" bet="10" muck="1" rebuy="0" addon="0" merge="0" rebuychips="0" reg_code="8392869937"/>
</players>
</general>
<round no="0"><action no="1" player="bobbb1" type="1" discard="1" dealt="1" sum="10"/>
<action no="2" player="TooManyTables" type="2" discard="1" dealt="1" sum="20"/>
</round>
<round no="1"><cards type="Pocket" player="oreiasccp">C10 H6</cards>
<cards type="Pocket" player="bobbb1">X X</cards>
<cards type="Pocket" player="TooManyTables">X X</cards>
<action no="3" player="oreiasccp" type="0" sum="0"/>
<action no="4" player="bobbb1" type="0" discard="1" dealt="1" sum="0"/>
</round>
</game>
<game gamecode="11536734181"><general><startdate>2025-06-27 13:33:30</startdate>
<round>1</round>
<failsafecounter/>
<players><player seat="3" name="oreiasccp" chips="510" dealer="0" win="0" bet="20" muck="1" rebuy="0" addon="0" merge="0" rebuychips="0" reg_code="8392869910"/>
<player seat="6" name="bobbb1" chips="510" dealer="1" win="50" bet="40" muck="1" rebuy="0" addon="0" merge="0" rebuychips="0" reg_code="8392869937"/>
<player seat="10" name="TooManyTables" chips="480" dealer="0" win="0" bet="10" muck="1" rebuy="0" addon="0" merge="0" rebuychips="0" reg_code="8392869962"/>
</players>
</general>
<round no="0"><action no="1" player="TooManyTables" type="1" discard="1" dealt="1" sum="10"/>
<action no="2" player="oreiasccp" type="2" sum="20"/>
</round>
<round no="1"><cards type="Pocket" player="TooManyTables">X X</cards>
<cards type="Pocket" player="bobbb1">X X</cards>
<cards type="Pocket" player="oreiasccp">CQ D5</cards>
<action no="3" player="bobbb1" type="23" discard="1" dealt="1" sum="40"/>
<action no="4" player="TooManyTables" type="0" discard="1" dealt="1" sum="0"/>
<action no="5" player="oreiasccp" type="0" sum="0"/>
</round>
</game>
<game gamecode="11536734246"><general><startdate>2025-06-27 13:33:45</startdate>
<round>1</round>
<failsafecounter/>
<players><player seat="6" name="bobbb1" chips="540" dealer="0" win="0" bet="20" muck="1" rebuy="0" addon="0" merge="0" rebuychips="0" reg_code="8392869937"/>
<player seat="10" name="TooManyTables" chips="470" dealer="1" win="0" bet="40" muck="1" rebuy="0" addon="0" merge="0" rebuychips="0" reg_code="8392869962"/>
<player seat="3" name="oreiasccp" chips="490" dealer="0" win="100" bet="120" muck="1" rebuy="0" addon="0" merge="0" rebuychips="0" reg_code="8392869910"/>
</players>
</general>
<round no="0"><action no="1" player="oreiasccp" type="1" sum="10"/>
<action no="2" player="bobbb1" type="2" discard="1" dealt="1" sum="20"/>
</round>
<round no="1"><cards type="Pocket" player="bobbb1">X X</cards>
<cards type="Pocket" player="TooManyTables">X X</cards>
<cards type="Pocket" player="oreiasccp">SA SQ</cards>
<action no="3" player="TooManyTables" type="23" discard="1" dealt="1" sum="40"/>
<action no="4" player="oreiasccp" type="23" sum="120"/>
<action no="5" player="bobbb1" type="0" discard="1" dealt="1" sum="0"/>
<action no="6" player="TooManyTables" type="0" discard="1" dealt="1" sum="0"/>
</round>
</game>
<game gamecode="11536734345"><general><startdate>2025-06-27 13:34:08</startdate>
<round>1</round>
<failsafecounter/>
<players><player seat="10" name="TooManyTables" chips="430" dealer="0" win="255" bet="209" muck="1" rebuy="0" addon="0" merge="0" rebuychips="0" reg_code="8392869962"/>
<player seat="3" name="oreiasccp" chips="550" dealer="1" win="0" bet="5" muck="1" rebuy="0" addon="0" merge="0" rebuychips="0" reg_code="8392869910"/>
<player seat="6" name="bobbb1" chips="520" dealer="0" win="0" bet="125" muck="1" rebuy="0" addon="0" merge="0" rebuychips="0" reg_code="8392869937"/>
</players>
</general>
<round no="0"><action no="1" player="bobbb1" type="15" discard="1" dealt="1" sum="5"/>
<action no="2" player="TooManyTables" type="15" discard="1" dealt="1" sum="5"/>
<action no="3" player="oreiasccp" type="15" sum="5"/>
<action no="4" player="bobbb1" type="1" discard="1" dealt="1" sum="15"/>
<action no="5" player="TooManyTables" type="2" discard="1" dealt="1" sum="30"/>
</round>
<round no="1"><cards type="Pocket" player="TooManyTables">X X</cards>
<cards type="Pocket" player="bobbb1">X X</cards>
<cards type="Pocket" player="oreiasccp">C9 D5</cards>
<action no="6" player="oreiasccp" type="0" sum="0"/>
<action no="7" player="bobbb1" type="3" discard="1" dealt="1" sum="15"/>
<action no="8" player="TooManyTables" type="23" discard="1" dealt="1" sum="120"/>
<action no="9" player="bobbb1" type="3" discard="1" dealt="1" sum="90"/>
</round>
<round no="2"><cards type="Flop">C4 DJ S4</cards>
<action no="10" player="bobbb1" type="4" discard="1" dealt="1" sum="0"/>
<action no="11" player="TooManyTables" type="4" discard="1" dealt="1" sum="0"/>
</round>
<round no="3"><cards type="Turn">HA</cards>
<action no="12" player="bobbb1" type="4" discard="1" dealt="1" sum="0"/>
<action no="13" player="TooManyTables" type="4" discard="1" dealt="1" sum="0"/>
</round>
<round no="4"><cards type="River">H4</cards>
<action no="14" player="bobbb1" type="4" discard="1" dealt="1" sum="0"/>
<action no="15" player="TooManyTables" type="5" discard="1" dealt="1" sum="84"/>
<action no="16" player="bobbb1" type="0" discard="1" dealt="1" sum="0"/>
</round>
</game>
<game gamecode="11536734522"><general><startdate>2025-06-27 13:34:51</startdate>
<round>1</round>
<failsafecounter/>
<players><player seat="3" name="oreiasccp" chips="545" dealer="0" win="0" bet="85" muck="1" rebuy="0" addon="0" merge="0" rebuychips="0" reg_code="8392869910"/>
<player seat="6" name="bobbb1" chips="395" dealer="1" win="0" bet="5" muck="1" rebuy="0" addon="0" merge="0" rebuychips="0" reg_code="8392869937"/>
<player seat="10" name="TooManyTables" chips="560" dealer="0" win="175" bet="560" muck="1" rebuy="0" addon="0" merge="0" rebuychips="0" reg_code="8392869962"/>
</players>
</general>
<round no="0"><action no="1" player="TooManyTables" type="15" discard="1" dealt="1" sum="5"/>
<action no="2" player="oreiasccp" type="15" sum="5"/>
<action no="3" player="bobbb1" type="15" discard="1" dealt="1" sum="5"/>
<action no="4" player="TooManyTables" type="1" discard="1" dealt="1" sum="15"/>
<action no="5" player="oreiasccp" type="2" sum="30"/>
</round>
<round no="1"><cards type="Pocket" player="oreiasccp">C6 D7</cards>
<cards type="Pocket" player="TooManyTables">X X</cards>
<cards type="Pocket" player="bobbb1">X X</cards>
<action no="6" player="bobbb1" type="0" discard="1" dealt="1" sum="0"/>
<action no="7" player="TooManyTables" type="3" discard="1" dealt="1" sum="15"/>
<action no="8" player="oreiasccp" type="4" sum="0"/>
</round>
<round no="2"><cards type="Flop">S4 D3 S6</cards>
<action no="9" player="TooManyTables" type="4" discard="1" dealt="1" sum="0"/>
<action no="10" player="oreiasccp" type="4" sum="0"/>
</round>
<round no="3"><cards type="Turn">DQ</cards>
<action no="11" player="TooManyTables" type="5" discard="1" dealt="1" sum="50"/>
<action no="12" player="oreiasccp" type="3" sum="50"/>
</round>
<round no="4"><cards type="River">S8</cards>
<action no="13" player="TooManyTables" type="5" discard="1" dealt="1" sum="475"/>
<action no="14" player="oreiasccp" type="0" sum="0"/>
</round>
</game>
<game gamecode="11536739841"><general><startdate>2025-06-27 13:35:31</startdate>
<round>1</round>
<failsafecounter/>
<players><player seat="6" name="bobbb1" chips="390" dealer="0" win="413" bet="204" muck="0" rebuy="0" addon="0" merge="0" rebuychips="0" reg_code="8392869937"/>
<player seat="10" name="TooManyTables" chips="650" dealer="1" win="0" bet="5" muck="1" rebuy="0" addon="0" merge="0" rebuychips="0" reg_code="8392869962"/>
<player seat="3" name="oreiasccp" chips="460" dealer="0" win="0" bet="204" muck="1" rebuy="0" addon="0" merge="0" rebuychips="0" reg_code="8392869910"/>
</players>
</general>
<round no="0"><action no="1" player="oreiasccp" type="15" sum="5"/>
<action no="2" player="bobbb1" type="15" discard="1" dealt="1" sum="5"/>
<action no="3" player="TooManyTables" type="15" discard="1" dealt="1" sum="5"/>
<action no="4" player="oreiasccp" type="1" sum="15"/>
<action no="5" player="bobbb1" type="2" discard="1" dealt="1" sum="30"/>
</round>
<round no="1"><cards type="Pocket" player="oreiasccp">D9 D4</cards>
<cards type="Pocket" player="TooManyTables">X X</cards>
<cards type="Pocket" player="bobbb1">C8 C7</cards>
<action no="6" player="TooManyTables" type="0" discard="1" dealt="1" sum="0"/>
<action no="7" player="oreiasccp" type="23" sum="60"/>
<action no="8" player="bobbb1" type="3" discard="1" dealt="1" sum="30"/>
</round>
<round no="2"><cards type="Flop">S3 C3 H7</cards>
<action no="9" player="oreiasccp" type="5" sum="49"/>
<action no="10" player="bobbb1" type="3" discard="1" dealt="1" sum="49"/>
</round>
<round no="3"><cards type="Turn">SA</cards>
<action no="11" player="oreiasccp" type="5" sum="90"/>
<action no="12" player="bobbb1" type="3" discard="1" dealt="1" sum="90"/>
</round>
<round no="4"><cards type="River">SJ</cards>
<action no="13" player="oreiasccp" type="4" sum="0"/>
<action no="14" player="bobbb1" type="4" discard="1" dealt="1" sum="0"/>
</round>
</game>
<game gamecode="11536739996"><general><startdate>2025-06-27 13:36:09</startdate>
<round>1</round>
<failsafecounter/>
<players><player seat="10" name="TooManyTables" chips="645" dealer="0" win="0" bet="45" muck="1" rebuy="0" addon="0" merge="0" rebuychips="0" reg_code="8392869962"/>
<player seat="3" name="oreiasccp" chips="256" dealer="1" win="0" bet="5" muck="1" rebuy="0" addon="0" merge="0" rebuychips="0" reg_code="8392869910"/>
<player seat="6" name="bobbb1" chips="599" dealer="0" win="95" bet="599" muck="1" rebuy="0" addon="0" merge="0" rebuychips="0" reg_code="8392869937"/>
</players>
</general>
<round no="0"><action no="1" player="bobbb1" type="15" discard="1" dealt="1" sum="5"/>
<action no="2" player="TooManyTables" type="15" discard="1" dealt="1" sum="5"/>
<action no="3" player="oreiasccp" type="15" sum="5"/>
<action no="4" player="bobbb1" type="1" discard="1" dealt="1" sum="20"/>
<action no="5" player="TooManyTables" type="2" discard="1" dealt="1" sum="40"/>
</round>
<round no="1"><cards type="Pocket" player="oreiasccp">D4 C7</cards>
<cards type="Pocket" player="bobbb1">X X</cards>
<cards type="Pocket" player="TooManyTables">X X</cards>
<action no="6" player="oreiasccp" type="0" sum="0"/>
<action no="7" player="bobbb1" type="23" discard="1" dealt="1" sum="594"/>
<action no="8" player="TooManyTables" type="0" discard="1" dealt="1" sum="0"/>
</round>
</game>
<game gamecode="11536740070"><general><startdate>2025-06-27 13:36:24</startdate>
<round>1</round>
<failsafecounter/>
<players><player seat="3" name="oreiasccp" chips="251" dealer="0" win="0" bet="45" muck="1" rebuy="0" addon="0" merge="0" rebuychips="0" reg_code="8392869910"/>
<player seat="6" name="bobbb1" chips="649" dealer="1" win="0" bet="5" muck="1" rebuy="0" addon="0" merge="0" rebuychips="0" reg_code="8392869937"/>
<player seat="10" name="TooManyTables" chips="600" dealer="0" win="95" bet="600" muck="1" rebuy="0" addon="0" merge="0" rebuychips="0" reg_code="8392869962"/>
</players>
</general>
<round no="0"><action no="1" player="TooManyTables" type="15" discard="1" dealt="1" sum="5"/>
<action no="2" player="oreiasccp" type="15" sum="5"/>
<action no="3" player="bobbb1" type="15" discard="1" dealt="1" sum="5"/>
<action no="4" player="TooManyTables" type="1" discard="1" dealt="1" sum="20"/>
<action no="5" player="oreiasccp" type="2" sum="40"/>
</round>
<round no="1"><cards type="Pocket" player="oreiasccp">D6 SQ</cards>
<cards type="Pocket" player="bobbb1">X X</cards>
<cards type="Pocket" player="TooManyTables">X X</cards>
<action no="6" player="bobbb1" type="0" discard="1" dealt="1" sum="0"/>
<action no="7" player="TooManyTables" type="23" discard="1" dealt="1" sum="595"/>
<action no="8" player="oreiasccp" type="0" sum="0"/>
</round>
</game>
<game gamecode="11536740140"><general><startdate>2025-06-27 13:36:42</startdate>
<round>1</round>
<failsafecounter/>
<players><player seat="6" name="bobbb1" chips="644" dealer="0" win="0" bet="45" muck="1" rebuy="0" addon="0" merge="0" rebuychips="0" reg_code="8392869937"/>
<player seat="10" name="TooManyTables" chips="650" dealer="1" win="0" bet="5" muck="1" rebuy="0" addon="0" merge="0" rebuychips="0" reg_code="8392869962"/>
<player seat="3" name="oreiasccp" chips="206" dealer="0" win="95" bet="206" muck="1" rebuy="0" addon="0" merge="0" rebuychips="0" reg_code="8392869910"/>
</players>
</general>
<round no="0"><action no="1" player="oreiasccp" type="15" sum="5"/>
<action no="2" player="bobbb1" type="15" discard="1" dealt="1" sum="5"/>
<action no="3" player="TooManyTables" type="15" discard="1" dealt="1" sum="5"/>
<action no="4" player="oreiasccp" type="1" sum="20"/>
<action no="5" player="bobbb1" type="2" discard="1" dealt="1" sum="40"/>
</round>
<round no="1"><cards type="Pocket" player="oreiasccp">HA H4</cards>
<cards type="Pocket" player="TooManyTables">X X</cards>
<cards type="Pocket" player="bobbb1">X X</cards>
<action no="6" player="TooManyTables" type="0" discard="1" dealt="1" sum="0"/>
<action no="7" player="oreiasccp" type="23" sum="201"/>
<action no="8" player="bobbb1" type="0" discard="1" dealt="1" sum="0"/>
</round>
</game>
<game gamecode="11536740201"><general><startdate>2025-06-27 13:36:55</startdate>
<round>1</round>
<failsafecounter/>
<players><player seat="10" name="TooManyTables" chips="645" dealer="0" win="1,203" bet="645" muck="0" rebuy="0" addon="0" merge="0" rebuychips="0" reg_code="8392869962"/>
<player seat="3" name="oreiasccp" chips="256" dealer="1" win="0" bet="5" muck="1" rebuy="0" addon="0" merge="0" rebuychips="0" reg_code="8392869910"/>
<player seat="6" name="bobbb1" chips="599" dealer="0" win="0" bet="599" muck="1" rebuy="0" addon="0" merge="0" rebuychips="0" reg_code="8392869937"/>
</players>
</general>
<round no="0"><action no="1" player="bobbb1" type="15" discard="1" dealt="1" sum="5"/>
<action no="2" player="TooManyTables" type="15" discard="1" dealt="1" sum="5"/>
<action no="3" player="oreiasccp" type="15" sum="5"/>
<action no="4" player="bobbb1" type="1" discard="1" dealt="1" sum="20"/>
<action no="5" player="TooManyTables" type="2" discard="1" dealt="1" sum="40"/>
</round>
<round no="1"><cards type="Pocket" player="TooManyTables">S4 HQ</cards>
<cards type="Pocket" player="oreiasccp">H3 SJ</cards>
<cards type="Pocket" player="bobbb1">D9 D10</cards>
<action no="6" player="oreiasccp" type="0" sum="0"/>
<action no="7" player="bobbb1" type="23" discard="1" dealt="1" sum="100"/>
<action no="8" player="TooManyTables" type="3" discard="1" dealt="1" sum="60"/>
</round>
<round no="2"><cards type="Flop">DQ C10 H8</cards>
<action no="9" player="bobbb1" type="5" discard="1" dealt="1" sum="52"/>
<action no="10" player="TooManyTables" type="3" discard="1" dealt="1" sum="52"/>
</round>
<round no="3"><cards type="Turn">CQ</cards>
<action no="11" player="bobbb1" type="5" discard="1" dealt="1" sum="176"/>
<action no="12" player="TooManyTables" type="23" discard="1" dealt="1" sum="488"/>
<action no="13" player="bobbb1" type="7" discard="1" dealt="1" sum="266"/>
</round>
<round no="4"><cards type="River">C6</cards>
</round>
</game>
<game gamecode="11536740403"><general><startdate>2025-06-27 13:37:38</startdate>
<round>1</round>
<failsafecounter/>
<players><player seat="3" name="oreiasccp" chips="251" dealer="0" win="0" bet="45" muck="1" rebuy="0" addon="0" merge="0" rebuychips="0" reg_code="8392869910"/>
<player seat="10" name="TooManyTables" chips="1,249" dealer="1" win="90" bet="1,249" muck="1" rebuy="0" addon="0" merge="0" rebuychips="0" reg_code="8392869962"/>
</players>
</general>
<round no="0"><action no="1" player="TooManyTables" type="15" discard="1" dealt="1" sum="5"/>
<action no="2" player="oreiasccp" type="15" sum="5"/>
<action no="3" player="TooManyTables" type="1" discard="1" dealt="1" sum="20"/>
<action no="4" player="oreiasccp" type="2" sum="40"/>
</round>
<round no="1"><cards type="Pocket" player="oreiasccp">HQ S4</cards>
<cards type="Pocket" player="TooManyTables">X X</cards>
<action no="5" player="TooManyTables" type="23" discard="1" dealt="1" sum="1,244"/>
<action no="6" player="oreiasccp" type="0" sum="0"/>
</round>
</game>
<game gamecode="11536740438"><general><startdate>2025-06-27 13:37:47</startdate>
<round>1</round>
<failsafecounter/>
<players><player seat="10" name="TooManyTables" chips="1,294" dealer="0" win="412" bet="206" muck="0" rebuy="0" addon="0" merge="0" rebuychips="0" reg_code="8392869962"/>
<player seat="3" name="oreiasccp" chips="206" dealer="1" win="0" bet="206" muck="0" rebuy="0" addon="0" merge="0" rebuychips="0" reg_code="8392869910"/>
</players>
</general>
<round no="0"><action no="1" player="oreiasccp" type="15" sum="5"/>
<action no="2" player="TooManyTables" type="15" discard="1" dealt="1" sum="5"/>
<action no="3" player="oreiasccp" type="1" sum="20"/>
<action no="4" player="TooManyTables" type="2" discard="1" dealt="1" sum="40"/>
</round>
<round no="1"><cards type="Pocket" player="TooManyTables">SK S2</cards>
<cards type="Pocket" player="oreiasccp">SQ D7</cards>
<action no="5" player="oreiasccp" type="23" sum="201"/>
<action no="6" player="TooManyTables" type="3" discard="1" dealt="1" sum="161"/>
</round>
<round no="2"><cards type="Flop">S9 H10 C6</cards>
</round>
<round no="3"><cards type="Turn">H2</cards>
</round>
<round no="4"><cards type="River">S10</cards>
</round>
</game>
</session>
