<?xml version="1.0" encoding="UTF-8"?>
<session sessioncode="8392781537">
<general>
<client_version>25.1.1.13</client_version>
<mode>real</mode>
<gametype>Holdem NL</gametype>
<tablename>Twister €5 SNG, 1128646177</tablename>
<tournamentcode>1128646176</tournamentcode>
<tournamentname>Twister €5 SNG</tournamentname>
<buyin>€0 + €0.35 + €4.65</buyin>
<totalbuyin>€5</totalbuyin>
<rewarddrawn>€10</rewarddrawn>
<tournamentcurrency>EUR</tournamentcurrency>
<currency>EUR</currency>
<nickname>oreiasccp</nickname>
<gamecount>35</gamecount>
<startdate>2025-06-27 09:38:33</startdate>
<place>1</place>
<win>€10</win>
<tablesize>3</tablesize>
</general>
<game gamecode="11536524544"><general><startdate>2025-06-27 09:38:48</startdate>
<round>1</round>
<failsafecounter/>
<players><player seat="3" name="d0nsamag0n" chips="500" dealer="0" win="0" bet="40" muck="1" rebuy="0" addon="0" merge="0" rebuychips="0" reg_code="8392781435"/>
<player seat="6" name="oreiasccp" chips="500" dealer="1" win="0" bet="0" muck="1" rebuy="0" addon="0" merge="0" rebuychips="0" reg_code="8392781537"/>
<player seat="10" name="MinRaiseManiac" chips="500" dealer="0" win="80" bet="80" muck="1" rebuy="0" addon="0" merge="0" rebuychips="0" reg_code="8392781560"/>
</players>
</general>
<round no="0"><action no="1" player="MinRaiseManiac" type="1" discard="1" dealt="1" sum="10"/>
<action no="2" player="d0nsamag0n" type="2" discard="1" dealt="1" sum="20"/>
</round>
<round no="1"><cards type="Pocket" player="d0nsamag0n">X X</cards>
<cards type="Pocket" player="oreiasccp">C2 C8</cards>
<cards type="Pocket" player="MinRaiseManiac">X X</cards>
<action no="3" player="oreiasccp" type="0" sum="0"/>
<action no="4" player="MinRaiseManiac" type="23" discard="1" dealt="1" sum="40"/>
<action no="5" player="d0nsamag0n" type="3" discard="1" dealt="1" sum="20"/>
</round>
<round no="2"><cards type="Flop">DA H4 C6</cards>
<action no="6" player="MinRaiseManiac" type="5" discard="1" dealt="1" sum="40"/>
<action no="7" player="d0nsamag0n" type="0" discard="1" dealt="1" sum="0"/>
</round>
</game>
<game gamecode="11536524579"><general><startdate>2025-06-27 09:39:02</startdate>
<round>1</round>
<failsafecounter/>
<players><player seat="6" name="oreiasccp" chips="500" dealer="0" win="120" bet="60" muck="0" rebuy="0" addon="0" merge="0" rebuychips="0" reg_code="8392781537"/>
<player seat="10" name="MinRaiseManiac" chips="540" dealer="1" win="0" bet="0" muck="1" rebuy="0" addon="0" merge="0" rebuychips="0" reg_code="8392781560"/>
<player seat="3" name="d0nsamag0n" chips="460" dealer="0" win="0" bet="60" muck="1" rebuy="0" addon="0" merge="0" rebuychips="0" reg_code="8392781435"/>
</players>
</general>
<round no="0"><action no="1" player="d0nsamag0n" type="1" discard="1" dealt="1" sum="10"/>
<action no="2" player="oreiasccp" type="2" sum="20"/>
</round>
<round no="1"><cards type="Pocket" player="MinRaiseManiac">X X</cards>
<cards type="Pocket" player="d0nsamag0n">H5 H9</cards>
<cards type="Pocket" player="oreiasccp">HQ C9</cards>
<action no="3" player="MinRaiseManiac" type="0" discard="1" dealt="1" sum="0"/>
<action no="4" player="d0nsamag0n" type="23" discard="1" dealt="1" sum="40"/>
<action no="5" player="oreiasccp" type="3" sum="20"/>
</round>
<round no="2"><cards type="Flop">CQ C8 DK</cards>
<action no="6" player="d0nsamag0n" type="5" discard="1" dealt="1" sum="20"/>
<action no="7" player="oreiasccp" type="3" sum="20"/>
</round>
<round no="3"><cards type="Turn">SA</cards>
<action no="8" player="d0nsamag0n" type="4" discard="1" dealt="1" sum="0"/>
<action no="9" player="oreiasccp" type="4" sum="0"/>
</round>
<round no="4"><cards type="River">C3</cards>
<action no="10" player="d0nsamag0n" type="4" discard="1" dealt="1" sum="0"/>
<action no="11" player="oreiasccp" type="4" sum="0"/>
</round>
</game>
<game gamecode="11536524667"><general><startdate>2025-06-27 09:39:40</startdate>
<round>1</round>
<failsafecounter/>
<players><player seat="10" name="MinRaiseManiac" chips="540" dealer="0" win="280" bet="336" muck="1" rebuy="0" addon="0" merge="0" rebuychips="0" reg_code="8392781560"/>
<player seat="3" name="d0nsamag0n" chips="400" dealer="1" win="0" bet="0" muck="1" rebuy="0" addon="0" merge="0" rebuychips="0" reg_code="8392781435"/>
<player seat="6" name="oreiasccp" chips="560" dealer="0" win="0" bet="140" muck="1" rebuy="0" addon="0" merge="0" rebuychips="0" reg_code="8392781537"/>
</players>
</general>
<round no="0"><action no="1" player="oreiasccp" type="1" sum="10"/>
<action no="2" player="MinRaiseManiac" type="2" discard="1" dealt="1" sum="20"/>
</round>
<round no="1"><cards type="Pocket" player="oreiasccp">C8 C3</cards>
<cards type="Pocket" player="d0nsamag0n">X X</cards>
<cards type="Pocket" player="MinRaiseManiac">X X</cards>
<action no="3" player="d0nsamag0n" type="0" discard="1" dealt="1" sum="0"/>
<action no="4" player="oreiasccp" type="23" sum="40"/>
<action no="5" player="MinRaiseManiac" type="3" discard="1" dealt="1" sum="20"/>
</round>
<round no="2"><cards type="Flop">C9 H4 H5</cards>
<action no="6" player="oreiasccp" type="5" sum="20"/>
<action no="7" player="MinRaiseManiac" type="3" discard="1" dealt="1" sum="20"/>
</round>
<round no="3"><cards type="Turn">SJ</cards>
<action no="8" player="oreiasccp" type="5" sum="80"/>
<action no="9" player="MinRaiseManiac" type="3" discard="1" dealt="1" sum="80"/>
</round>
<round no="4"><cards type="River">CK</cards>
<action no="10" player="oreiasccp" type="4" sum="0"/>
<action no="11" player="MinRaiseManiac" type="5" discard="1" dealt="1" sum="196"/>
<action no="12" player="oreiasccp" type="0" sum="0"/>
</round>
</game>
<game gamecode="11536524742"><general><startdate>2025-06-27 09:40:13</startdate>
<round>1</round>
<failsafecounter/>
<players><player seat="3" name="d0nsamag0n" chips="400" dealer="0" win="0" bet="20" muck="1" rebuy="0" addon="0" merge="0" rebuychips="0" reg_code="8392781435"/>
<player seat="6" name="oreiasccp" chips="420" dealer="1" win="0" bet="0" muck="1" rebuy="0" addon="0" merge="0" rebuychips="0" reg_code="8392781537"/>
<player seat="10" name="MinRaiseManiac" chips="680" dealer="0" win="40" bet="40" muck="1" rebuy="0" addon="0" merge="0" rebuychips="0" reg_code="8392781560"/>
</players>
</general>
<round no="0"><action no="1" player="MinRaiseManiac" type="1" discard="1" dealt="1" sum="10"/>
<action no="2" player="d0nsamag0n" type="2" discard="1" dealt="1" sum="20"/>
</round>
<round no="1"><cards type="Pocket" player="MinRaiseManiac">X X</cards>
<cards type="Pocket" player="oreiasccp">D3 S6</cards>
<cards type="Pocket" player="d0nsamag0n">X X</cards>
<action no="3" player="oreiasccp" type="0" sum="0"/>
<action no="4" player="MinRaiseManiac" type="3" discard="1" dealt="1" sum="10"/>
<action no="5" player="d0nsamag0n" type="4" discard="1" dealt="1" sum="0"/>
</round>
<round no="2"><cards type="Flop">H3 S2 SK</cards>
<action no="6" player="MinRaiseManiac" type="5" discard="1" dealt="1" sum="20"/>
<action no="7" player="d0nsamag0n" type="0" discard="1" dealt="1" sum="0"/>
</round>
</game>
<game gamecode="11536524803"><general><startdate>2025-06-27 09:40:36</startdate>
<round>1</round>
<failsafecounter/>
<players><player seat="6" name="oreiasccp" chips="420" dealer="0" win="0" bet="20" muck="1" rebuy="0" addon="0" merge="0" rebuychips="0" reg_code="8392781537"/>
<player seat="10" name="MinRaiseManiac" chips="700" dealer="1" win="50" bet="40" muck="1" rebuy="0" addon="0" merge="0" rebuychips="0" reg_code="8392781560"/>
<player seat="3" name="d0nsamag0n" chips="380" dealer="0" win="0" bet="10" muck="1" rebuy="0" addon="0" merge="0" rebuychips="0" reg_code="8392781435"/>
</players>
</general>
<round no="0"><action no="1" player="d0nsamag0n" type="1" discard="1" dealt="1" sum="10"/>
<action no="2" player="oreiasccp" type="2" sum="20"/>
</round>
<round no="1"><cards type="Pocket" player="d0nsamag0n">X X</cards>
<cards type="Pocket" player="oreiasccp">H2 CQ</cards>
<cards type="Pocket" player="MinRaiseManiac">X X</cards>
<action no="3" player="MinRaiseManiac" type="23" discard="1" dealt="1" sum="40"/>
<action no="4" player="d0nsamag0n" type="0" discard="1" dealt="1" sum="0"/>
<action no="5" player="oreiasccp" type="0" sum="0"/>
</round>
</game>
<game gamecode="11536528241"><general><startdate>2025-06-27 09:40:56</startdate>
<round>1</round>
<failsafecounter/>
<players><player seat="10" name="MinRaiseManiac" chips="730" dealer="0" win="45" bet="35" muck="1" rebuy="0" addon="0" merge="0" rebuychips="0" reg_code="8392781560"/>
<player seat="3" name="d0nsamag0n" chips="370" dealer="1" win="0" bet="5" muck="1" rebuy="0" addon="0" merge="0" rebuychips="0" reg_code="8392781435"/>
<player seat="6" name="oreiasccp" chips="400" dealer="0" win="0" bet="20" muck="1" rebuy="0" addon="0" merge="0" rebuychips="0" reg_code="8392781537"/>
</players>
</general>
<round no="0"><action no="1" player="oreiasccp" type="15" sum="5"/>
<action no="2" player="MinRaiseManiac" type="15" discard="1" dealt="1" sum="5"/>
<action no="3" player="d0nsamag0n" type="15" discard="1" dealt="1" sum="5"/>
<action no="4" player="oreiasccp" type="1" sum="15"/>
<action no="5" player="MinRaiseManiac" type="2" discard="1" dealt="1" sum="30"/>
</round>
<round no="1"><cards type="Pocket" player="oreiasccp">S6 D10</cards>
<cards type="Pocket" player="d0nsamag0n">X X</cards>
<cards type="Pocket" player="MinRaiseManiac">X X</cards>
<action no="6" player="d0nsamag0n" type="0" discard="1" dealt="1" sum="0"/>
<action no="7" player="oreiasccp" type="0" sum="0"/>
</round>
</game>
<game gamecode="11536528256"><general><startdate>2025-06-27 09:41:03</startdate>
<round>1</round>
<failsafecounter/>
<players><player seat="3" name="d0nsamag0n" chips="365" dealer="0" win="0" bet="365" muck="0" rebuy="0" addon="0" merge="0" rebuychips="0" reg_code="8392781435"/>
<player seat="6" name="oreiasccp" chips="380" dealer="1" win="0" bet="5" muck="1" rebuy="0" addon="0" merge="0" rebuychips="0" reg_code="8392781537"/>
<player seat="10" name="MinRaiseManiac" chips="755" dealer="0" win="735" bet="365" muck="0" rebuy="0" addon="0" merge="0" rebuychips="0" reg_code="8392781560"/>
</players>
</general>
<round no="0"><action no="1" player="MinRaiseManiac" type="15" discard="1" dealt="1" sum="5"/>
<action no="2" player="d0nsamag0n" type="15" discard="1" dealt="1" sum="5"/>
<action no="3" player="oreiasccp" type="15" sum="5"/>
<action no="4" player="MinRaiseManiac" type="1" discard="1" dealt="1" sum="15"/>
<action no="5" player="d0nsamag0n" type="2" discard="1" dealt="1" sum="30"/>
</round>
<round no="1"><cards type="Pocket" player="oreiasccp">DQ H5</cards>
<cards type="Pocket" player="MinRaiseManiac">D4 DA</cards>
<cards type="Pocket" player="d0nsamag0n">HK SK</cards>
<action no="6" player="oreiasccp" type="0" sum="0"/>
<action no="7" player="MinRaiseManiac" type="3" discard="1" dealt="1" sum="15"/>
<action no="8" player="d0nsamag0n" type="23" discard="1" dealt="1" sum="75"/>
<action no="9" player="MinRaiseManiac" type="3" discard="1" dealt="1" sum="45"/>
</round>
<round no="2"><cards type="Flop">D3 DJ D9</cards>
<action no="10" player="MinRaiseManiac" type="4" discard="1" dealt="1" sum="0"/>
<action no="11" player="d0nsamag0n" type="5" discard="1" dealt="1" sum="82"/>
<action no="12" player="MinRaiseManiac" type="3" discard="1" dealt="1" sum="82"/>
</round>
<round no="3"><cards type="Turn">S8</cards>
<action no="13" player="MinRaiseManiac" type="4" discard="1" dealt="1" sum="0"/>
<action no="14" player="d0nsamag0n" type="5" discard="1" dealt="1" sum="203"/>
<action no="15" player="MinRaiseManiac" type="3" discard="1" dealt="1" sum="203"/>
</round>
<round no="4"><cards type="River">D5</cards>
</round>
</game>
<game gamecode="11536528359"><general><startdate>2025-06-27 09:41:48</startdate>
<round>1</round>
<failsafecounter/>
<players><player seat="6" name="oreiasccp" chips="375" dealer="0" win="130" bet="65" muck="0" rebuy="0" addon="0" merge="0" rebuychips="0" reg_code="8392781537"/>
<player seat="10" name="MinRaiseManiac" chips="1,125" dealer="1" win="0" bet="65" muck="1" rebuy="0" addon="0" merge="0" rebuychips="0" reg_code="8392781560"/>
</players>
</general>
<round no="0"><action no="1" player="MinRaiseManiac" type="15" discard="1" dealt="1" sum="5"/>
<action no="2" player="oreiasccp" type="15" sum="5"/>
<action no="3" player="MinRaiseManiac" type="1" discard="1" dealt="1" sum="15"/>
<action no="4" player="oreiasccp" type="2" sum="30"/>
</round>
<round no="1"><cards type="Pocket" player="MinRaiseManiac">S6 C4</cards>
<cards type="Pocket" player="oreiasccp">SJ H4</cards>
<action no="5" player="MinRaiseManiac" type="3" discard="1" dealt="1" sum="15"/>
<action no="6" player="oreiasccp" type="4" sum="0"/>
</round>
<round no="2"><cards type="Flop">H10 HA CJ</cards>
<action no="7" player="oreiasccp" type="4" sum="0"/>
<action no="8" player="MinRaiseManiac" type="5" discard="1" dealt="1" sum="30"/>
<action no="9" player="oreiasccp" type="3" sum="30"/>
</round>
<round no="3"><cards type="Turn">S3</cards>
<action no="10" player="oreiasccp" type="4" sum="0"/>
<action no="11" player="MinRaiseManiac" type="4" discard="1" dealt="1" sum="0"/>
</round>
<round no="4"><cards type="River">C6</cards>
<action no="12" player="oreiasccp" type="4" sum="0"/>
<action no="13" player="MinRaiseManiac" type="4" discard="1" dealt="1" sum="0"/>
</round>
</game>
<game gamecode="11536528440"><general><startdate>2025-06-27 09:42:22</startdate>
<round>1</round>
<failsafecounter/>
<players><player seat="10" name="MinRaiseManiac" chips="1,060" dealer="0" win="40" bet="35" muck="1" rebuy="0" addon="0" merge="0" rebuychips="0" reg_code="8392781560"/>
<player seat="6" name="oreiasccp" chips="440" dealer="1" win="0" bet="20" muck="1" rebuy="0" addon="0" merge="0" rebuychips="0" reg_code="8392781537"/>
</players>
</general>
<round no="0"><action no="1" player="oreiasccp" type="15" sum="5"/>
<action no="2" player="MinRaiseManiac" type="15" discard="1" dealt="1" sum="5"/>
<action no="3" player="oreiasccp" type="1" sum="15"/>
<action no="4" player="MinRaiseManiac" type="2" discard="1" dealt="1" sum="30"/>
</round>
<round no="1"><cards type="Pocket" player="MinRaiseManiac">X X</cards>
<cards type="Pocket" player="oreiasccp">S3 H10</cards>
<action no="5" player="oreiasccp" type="0" sum="0"/>
</round>
</game>
<game gamecode="11536528458"><general><startdate>2025-06-27 09:42:30</startdate>
<round>1</round>
<failsafecounter/>
<players><player seat="6" name="oreiasccp" chips="420" dealer="0" win="40" bet="35" muck="1" rebuy="0" addon="0" merge="0" rebuychips="0" reg_code="8392781537"/>
<player seat="10" name="MinRaiseManiac" chips="1,080" dealer="1" win="0" bet="20" muck="1" rebuy="0" addon="0" merge="0" rebuychips="0" reg_code="8392781560"/>
</players>
</general>
<round no="0"><action no="1" player="MinRaiseManiac" type="15" discard="1" dealt="1" sum="5"/>
<action no="2" player="oreiasccp" type="15" sum="5"/>
<action no="3" player="MinRaiseManiac" type="1" discard="1" dealt="1" sum="15"/>
<action no="4" player="oreiasccp" type="2" sum="30"/>
</round>
<round no="1"><cards type="Pocket" player="oreiasccp">H5 H9</cards>
<cards type="Pocket" player="MinRaiseManiac">X X</cards>
<action no="5" player="MinRaiseManiac" type="0" discard="1" dealt="1" sum="0"/>
</round>
</game>
<game gamecode="11536528473"><general><startdate>2025-06-27 09:42:35</startdate>
<round>1</round>
<failsafecounter/>
<players><player seat="10" name="MinRaiseManiac" chips="1,060" dealer="0" win="40" bet="35" muck="1" rebuy="0" addon="0" merge="0" rebuychips="0" reg_code="8392781560"/>
<player seat="6" name="oreiasccp" chips="440" dealer="1" win="0" bet="20" muck="1" rebuy="0" addon="0" merge="0" rebuychips="0" reg_code="8392781537"/>
</players>
</general>
<round no="0"><action no="1" player="oreiasccp" type="15" sum="5"/>
<action no="2" player="MinRaiseManiac" type="15" discard="1" dealt="1" sum="5"/>
<action no="3" player="oreiasccp" type="1" sum="15"/>
<action no="4" player="MinRaiseManiac" type="2" discard="1" dealt="1" sum="30"/>
</round>
<round no="1"><cards type="Pocket" player="oreiasccp">H2 D3</cards>
<cards type="Pocket" player="MinRaiseManiac">X X</cards>
<action no="5" player="oreiasccp" type="0" sum="0"/>
</round>
</game>
<game gamecode="11536528486"><general><startdate>2025-06-27 09:42:41</startdate>
<round>1</round>
<failsafecounter/>
<players><player seat="6" name="oreiasccp" chips="420" dealer="0" win="40" bet="35" muck="1" rebuy="0" addon="0" merge="0" rebuychips="0" reg_code="8392781537"/>
<player seat="10" name="MinRaiseManiac" chips="1,080" dealer="1" win="0" bet="20" muck="1" rebuy="0" addon="0" merge="0" rebuychips="0" reg_code="8392781560"/>
</players>
</general>
<round no="0"><action no="1" player="MinRaiseManiac" type="15" discard="1" dealt="1" sum="5"/>
<action no="2" player="oreiasccp" type="15" sum="5"/>
<action no="3" player="MinRaiseManiac" type="1" discard="1" dealt="1" sum="15"/>
<action no="4" player="oreiasccp" type="2" sum="30"/>
</round>
<round no="1"><cards type="Pocket" player="oreiasccp">HJ CQ</cards>
<cards type="Pocket" player="MinRaiseManiac">X X</cards>
<action no="5" player="MinRaiseManiac" type="0" discard="1" dealt="1" sum="0"/>
</round>
</game>
<game gamecode="11536528506"><general><startdate>2025-06-27 09:42:47</startdate>
<round>1</round>
<failsafecounter/>
<players><player seat="10" name="MinRaiseManiac" chips="1,060" dealer="0" win="170" bet="204" muck="1" rebuy="0" addon="0" merge="0" rebuychips="0" reg_code="8392781560"/>
<player seat="6" name="oreiasccp" chips="440" dealer="1" win="0" bet="85" muck="1" rebuy="0" addon="0" merge="0" rebuychips="0" reg_code="8392781537"/>
</players>
</general>
<round no="0"><action no="1" player="oreiasccp" type="15" sum="5"/>
<action no="2" player="MinRaiseManiac" type="15" discard="1" dealt="1" sum="5"/>
<action no="3" player="oreiasccp" type="1" sum="20"/>
<action no="4" player="MinRaiseManiac" type="2" discard="1" dealt="1" sum="40"/>
</round>
<round no="1"><cards type="Pocket" player="MinRaiseManiac">X X</cards>
<cards type="Pocket" player="oreiasccp">D5 H8</cards>
<action no="5" player="oreiasccp" type="3" sum="20"/>
<action no="6" player="MinRaiseManiac" type="4" discard="1" dealt="1" sum="0"/>
</round>
<round no="2"><cards type="Flop">H5 H4 S4</cards>
<action no="7" player="MinRaiseManiac" type="4" discard="1" dealt="1" sum="0"/>
<action no="8" player="oreiasccp" type="4" sum="0"/>
</round>
<round no="3"><cards type="Turn">C3</cards>
<action no="9" player="MinRaiseManiac" type="5" discard="1" dealt="1" sum="40"/>
<action no="10" player="oreiasccp" type="3" sum="40"/>
</round>
<round no="4"><cards type="River">HA</cards>
<action no="11" player="MinRaiseManiac" type="5" discard="1" dealt="1" sum="119"/>
<action no="12" player="oreiasccp" type="0" sum="0"/>
</round>
</game>
<game gamecode="11536528570"><general><startdate>2025-06-27 09:43:15</startdate>
<round>1</round>
<failsafecounter/>
<players><player seat="6" name="oreiasccp" chips="355" dealer="0" win="90" bet="355" muck="1" rebuy="0" addon="0" merge="0" rebuychips="0" reg_code="8392781537"/>
<player seat="10" name="MinRaiseManiac" chips="1,145" dealer="1" win="0" bet="45" muck="1" rebuy="0" addon="0" merge="0" rebuychips="0" reg_code="8392781560"/>
</players>
</general>
<round no="0"><action no="1" player="MinRaiseManiac" type="15" discard="1" dealt="1" sum="5"/>
<action no="2" player="oreiasccp" type="15" sum="5"/>
<action no="3" player="MinRaiseManiac" type="1" discard="1" dealt="1" sum="20"/>
<action no="4" player="oreiasccp" type="2" sum="40"/>
</round>
<round no="1"><cards type="Pocket" player="MinRaiseManiac">X X</cards>
<cards type="Pocket" player="oreiasccp">C3 S3</cards>
<action no="5" player="MinRaiseManiac" type="3" discard="1" dealt="1" sum="20"/>
<action no="6" player="oreiasccp" type="23" sum="350"/>
<action no="7" player="MinRaiseManiac" type="0" discard="1" dealt="1" sum="0"/>
</round>
</game>
<game gamecode="11536528595"><general><startdate>2025-06-27 09:43:23</startdate>
<round>1</round>
<failsafecounter/>
<players><player seat="10" name="MinRaiseManiac" chips="1,100" dealer="0" win="50" bet="45" muck="1" rebuy="0" addon="0" merge="0" rebuychips="0" reg_code="8392781560"/>
<player seat="6" name="oreiasccp" chips="400" dealer="1" win="0" bet="25" muck="1" rebuy="0" addon="0" merge="0" rebuychips="0" reg_code="8392781537"/>
</players>
</general>
<round no="0"><action no="1" player="oreiasccp" type="15" sum="5"/>
<action no="2" player="MinRaiseManiac" type="15" discard="1" dealt="1" sum="5"/>
<action no="3" player="oreiasccp" type="1" sum="20"/>
<action no="4" player="MinRaiseManiac" type="2" discard="1" dealt="1" sum="40"/>
</round>
<round no="1"><cards type="Pocket" player="oreiasccp">C9 S4</cards>
<cards type="Pocket" player="MinRaiseManiac">X X</cards>
<action no="5" player="oreiasccp" type="0" sum="0"/>
</round>
</game>
<game gamecode="11536528605"><general><startdate>2025-06-27 09:43:30</startdate>
<round>1</round>
<failsafecounter/>
<players><player seat="6" name="oreiasccp" chips="375" dealer="0" win="90" bet="375" muck="1" rebuy="0" addon="0" merge="0" rebuychips="0" reg_code="8392781537"/>
<player seat="10" name="MinRaiseManiac" chips="1,125" dealer="1" win="0" bet="45" muck="1" rebuy="0" addon="0" merge="0" rebuychips="0" reg_code="8392781560"/>
</players>
</general>
<round no="0"><action no="1" player="MinRaiseManiac" type="15" discard="1" dealt="1" sum="5"/>
<action no="2" player="oreiasccp" type="15" sum="5"/>
<action no="3" player="MinRaiseManiac" type="1" discard="1" dealt="1" sum="20"/>
<action no="4" player="oreiasccp" type="2" sum="40"/>
</round>
<round no="1"><cards type="Pocket" player="MinRaiseManiac">X X</cards>
<cards type="Pocket" player="oreiasccp">S3 C3</cards>
<action no="5" player="MinRaiseManiac" type="3" discard="1" dealt="1" sum="20"/>
<action no="6" player="oreiasccp" type="23" sum="370"/>
<action no="7" player="MinRaiseManiac" type="0" discard="1" dealt="1" sum="0"/>
</round>
</game>
<game gamecode="11536528626"><general><startdate>2025-06-27 09:43:37</startdate>
<round>1</round>
<failsafecounter/>
<players><player seat="10" name="MinRaiseManiac" chips="1,080" dealer="0" win="170" bet="204" muck="1" rebuy="0" addon="0" merge="0" rebuychips="0" reg_code="8392781560"/>
<player seat="6" name="oreiasccp" chips="420" dealer="1" win="0" bet="85" muck="1" rebuy="0" addon="0" merge="0" rebuychips="0" reg_code="8392781537"/>
</players>
</general>
<round no="0"><action no="1" player="oreiasccp" type="15" sum="5"/>
<action no="2" player="MinRaiseManiac" type="15" discard="1" dealt="1" sum="5"/>
<action no="3" player="oreiasccp" type="1" sum="20"/>
<action no="4" player="MinRaiseManiac" type="2" discard="1" dealt="1" sum="40"/>
</round>
<round no="1"><cards type="Pocket" player="oreiasccp">SJ S5</cards>
<cards type="Pocket" player="MinRaiseManiac">X X</cards>
<action no="5" player="oreiasccp" type="3" sum="20"/>
<action no="6" player="MinRaiseManiac" type="4" discard="1" dealt="1" sum="0"/>
</round>
<round no="2"><cards type="Flop">D8 C7 S7</cards>
<action no="7" player="MinRaiseManiac" type="4" discard="1" dealt="1" sum="0"/>
<action no="8" player="oreiasccp" type="5" sum="40"/>
<action no="9" player="MinRaiseManiac" type="3" discard="1" dealt="1" sum="40"/>
</round>
<round no="3"><cards type="Turn">C8</cards>
<action no="10" player="MinRaiseManiac" type="4" discard="1" dealt="1" sum="0"/>
<action no="11" player="oreiasccp" type="4" sum="0"/>
</round>
<round no="4"><cards type="River">SA</cards>
<action no="12" player="MinRaiseManiac" type="5" discard="1" dealt="1" sum="119"/>
<action no="13" player="oreiasccp" type="0" sum="0"/>
</round>
</game>
<game gamecode="11536528679"><general><startdate>2025-06-27 09:43:56</startdate>
<round>1</round>
<failsafecounter/>
<players><player seat="6" name="oreiasccp" chips="335" dealer="0" win="50" bet="45" muck="1" rebuy="0" addon="0" merge="0" rebuychips="0" reg_code="8392781537"/>
<player seat="10" name="MinRaiseManiac" chips="1,165" dealer="1" win="0" bet="25" muck="1" rebuy="0" addon="0" merge="0" rebuychips="0" reg_code="8392781560"/>
</players>
</general>
<round no="0"><action no="1" player="MinRaiseManiac" type="15" discard="1" dealt="1" sum="5"/>
<action no="2" player="oreiasccp" type="15" sum="5"/>
<action no="3" player="MinRaiseManiac" type="1" discard="1" dealt="1" sum="20"/>
<action no="4" player="oreiasccp" type="2" sum="40"/>
</round>
<round no="1"><cards type="Pocket" player="oreiasccp">DA SQ</cards>
<cards type="Pocket" player="MinRaiseManiac">X X</cards>
<action no="5" player="MinRaiseManiac" type="0" discard="1" dealt="1" sum="0"/>
</round>
</game>
<game gamecode="11536528692"><general><startdate>2025-06-27 09:44:02</startdate>
<round>1</round>
<failsafecounter/>
<players><player seat="10" name="MinRaiseManiac" chips="1,140" dealer="0" win="0" bet="45" muck="1" rebuy="0" addon="0" merge="0" rebuychips="0" reg_code="8392781560"/>
<player seat="6" name="oreiasccp" chips="360" dealer="1" win="90" bet="360" muck="1" rebuy="0" addon="0" merge="0" rebuychips="0" reg_code="8392781537"/>
</players>
</general>
<round no="0"><action no="1" player="oreiasccp" type="15" sum="5"/>
<action no="2" player="MinRaiseManiac" type="15" discard="1" dealt="1" sum="5"/>
<action no="3" player="oreiasccp" type="1" sum="20"/>
<action no="4" player="MinRaiseManiac" type="2" discard="1" dealt="1" sum="40"/>
</round>
<round no="1"><cards type="Pocket" player="MinRaiseManiac">X X</cards>
<cards type="Pocket" player="oreiasccp">D8 CK</cards>
<action no="5" player="oreiasccp" type="23" sum="355"/>
<action no="6" player="MinRaiseManiac" type="0" discard="1" dealt="1" sum="0"/>
</round>
</game>
<game gamecode="11536528710"><general><startdate>2025-06-27 09:44:10</startdate>
<round>1</round>
<failsafecounter/>
<players><player seat="6" name="oreiasccp" chips="405" dealer="0" win="90" bet="405" muck="1" rebuy="0" addon="0" merge="0" rebuychips="0" reg_code="8392781537"/>
<player seat="10" name="MinRaiseManiac" chips="1,095" dealer="1" win="0" bet="45" muck="1" rebuy="0" addon="0" merge="0" rebuychips="0" reg_code="8392781560"/>
</players>
</general>
<round no="0"><action no="1" player="MinRaiseManiac" type="15" discard="1" dealt="1" sum="5"/>
<action no="2" player="oreiasccp" type="15" sum="5"/>
<action no="3" player="MinRaiseManiac" type="1" discard="1" dealt="1" sum="20"/>
<action no="4" player="oreiasccp" type="2" sum="40"/>
</round>
<round no="1"><cards type="Pocket" player="oreiasccp">HK S3</cards>
<cards type="Pocket" player="MinRaiseManiac">X X</cards>
<action no="5" player="MinRaiseManiac" type="3" discard="1" dealt="1" sum="20"/>
<action no="6" player="oreiasccp" type="23" sum="400"/>
<action no="7" player="MinRaiseManiac" type="0" discard="1" dealt="1" sum="0"/>
</round>
</game>
<game gamecode="11536528733"><general><startdate>2025-06-27 09:44:17</startdate>
<round>1</round>
<failsafecounter/>
<players><player seat="10" name="MinRaiseManiac" chips="1,050" dealer="0" win="0" bet="45" muck="1" rebuy="0" addon="0" merge="0" rebuychips="0" reg_code="8392781560"/>
<player seat="6" name="oreiasccp" chips="450" dealer="1" win="90" bet="450" muck="1" rebuy="0" addon="0" merge="0" rebuychips="0" reg_code="8392781537"/>
</players>
</general>
<round no="0"><action no="1" player="oreiasccp" type="15" sum="5"/>
<action no="2" player="MinRaiseManiac" type="15" discard="1" dealt="1" sum="5"/>
<action no="3" player="oreiasccp" type="1" sum="20"/>
<action no="4" player="MinRaiseManiac" type="2" discard="1" dealt="1" sum="40"/>
</round>
<round no="1"><cards type="Pocket" player="MinRaiseManiac">X X</cards>
<cards type="Pocket" player="oreiasccp">CK D7</cards>
<action no="5" player="oreiasccp" type="23" sum="445"/>
<action no="6" player="MinRaiseManiac" type="0" discard="1" dealt="1" sum="0"/>
</round>
</game>
<game gamecode="11536528751"><general><startdate>2025-06-27 09:44:24</startdate>
<round>1</round>
<failsafecounter/>
<players><player seat="6" name="oreiasccp" chips="495" dealer="0" win="90" bet="145" muck="1" rebuy="0" addon="0" merge="0" rebuychips="0" reg_code="8392781537"/>
<player seat="10" name="MinRaiseManiac" chips="1,005" dealer="1" win="0" bet="45" muck="1" rebuy="0" addon="0" merge="0" rebuychips="0" reg_code="8392781560"/>
</players>
</general>
<round no="0"><action no="1" player="MinRaiseManiac" type="15" discard="1" dealt="1" sum="5"/>
<action no="2" player="oreiasccp" type="15" sum="5"/>
<action no="3" player="MinRaiseManiac" type="1" discard="1" dealt="1" sum="20"/>
<action no="4" player="oreiasccp" type="2" sum="40"/>
</round>
<round no="1"><cards type="Pocket" player="MinRaiseManiac">X X</cards>
<cards type="Pocket" player="oreiasccp">CA HQ</cards>
<action no="5" player="MinRaiseManiac" type="3" discard="1" dealt="1" sum="20"/>
<action no="6" player="oreiasccp" type="23" sum="140"/>
<action no="7" player="MinRaiseManiac" type="0" discard="1" dealt="1" sum="0"/>
</round>
</game>
<game gamecode="11536528784"><general><startdate>2025-06-27 09:44:36</startdate>
<round>1</round>
<failsafecounter/>
<players><player seat="10" name="MinRaiseManiac" chips="960" dealer="0" win="50" bet="45" muck="1" rebuy="0" addon="0" merge="0" rebuychips="0" reg_code="8392781560"/>
<player seat="6" name="oreiasccp" chips="540" dealer="1" win="0" bet="25" muck="1" rebuy="0" addon="0" merge="0" rebuychips="0" reg_code="8392781537"/>
</players>
</general>
<round no="0"><action no="1" player="oreiasccp" type="15" sum="5"/>
<action no="2" player="MinRaiseManiac" type="15" discard="1" dealt="1" sum="5"/>
<action no="3" player="oreiasccp" type="1" sum="20"/>
<action no="4" player="MinRaiseManiac" type="2" discard="1" dealt="1" sum="40"/>
</round>
<round no="1"><cards type="Pocket" player="oreiasccp">C5 S7</cards>
<cards type="Pocket" player="MinRaiseManiac">X X</cards>
<action no="5" player="oreiasccp" type="0" sum="0"/>
</round>
</game>
<game gamecode="11536528801"><general><startdate>2025-06-27 09:44:43</startdate>
<round>1</round>
<failsafecounter/>
<players><player seat="6" name="oreiasccp" chips="515" dealer="0" win="0" bet="45" muck="1" rebuy="0" addon="0" merge="0" rebuychips="0" reg_code="8392781537"/>
<player seat="10" name="MinRaiseManiac" chips="985" dealer="1" win="90" bet="985" muck="1" rebuy="0" addon="0" merge="0" rebuychips="0" reg_code="8392781560"/>
</players>
</general>
<round no="0"><action no="1" player="MinRaiseManiac" type="15" discard="1" dealt="1" sum="5"/>
<action no="2" player="oreiasccp" type="15" sum="5"/>
<action no="3" player="MinRaiseManiac" type="1" discard="1" dealt="1" sum="20"/>
<action no="4" player="oreiasccp" type="2" sum="40"/>
</round>
<round no="1"><cards type="Pocket" player="MinRaiseManiac">X X</cards>
<cards type="Pocket" player="oreiasccp">D10 C3</cards>
<action no="5" player="MinRaiseManiac" type="23" discard="1" dealt="1" sum="980"/>
<action no="6" player="oreiasccp" type="0" sum="0"/>
</round>
</game>
<game gamecode="11536528816"><general><startdate>2025-06-27 09:44:50</startdate>
<round>1</round>
<failsafecounter/>
<players><player seat="10" name="MinRaiseManiac" chips="1,030" dealer="0" win="130" bet="1,030" muck="1" rebuy="0" addon="0" merge="0" rebuychips="0" reg_code="8392781560"/>
<player seat="6" name="oreiasccp" chips="470" dealer="1" win="0" bet="65" muck="1" rebuy="0" addon="0" merge="0" rebuychips="0" reg_code="8392781537"/>
</players>
</general>
<round no="0"><action no="1" player="oreiasccp" type="15" sum="5"/>
<action no="2" player="MinRaiseManiac" type="15" discard="1" dealt="1" sum="5"/>
<action no="3" player="oreiasccp" type="1" sum="30"/>
<action no="4" player="MinRaiseManiac" type="2" discard="1" dealt="1" sum="60"/>
</round>
<round no="1"><cards type="Pocket" player="MinRaiseManiac">X X</cards>
<cards type="Pocket" player="oreiasccp">H9 H3</cards>
<action no="5" player="oreiasccp" type="3" sum="30"/>
<action no="6" player="MinRaiseManiac" type="23" discard="1" dealt="1" sum="1,025"/>
<action no="7" player="oreiasccp" type="0" sum="0"/>
</round>
</game>
<game gamecode="11536528851"><general><startdate>2025-06-27 09:45:06</startdate>
<round>1</round>
<failsafecounter/>
<players><player seat="6" name="oreiasccp" chips="405" dealer="0" win="810" bet="405" muck="0" rebuy="0" addon="0" merge="0" rebuychips="0" reg_code="8392781537"/>
<player seat="10" name="MinRaiseManiac" chips="1,095" dealer="1" win="0" bet="1,095" muck="1" rebuy="0" addon="0" merge="0" rebuychips="0" reg_code="8392781560"/>
</players>
</general>
<round no="0"><action no="1" player="MinRaiseManiac" type="15" discard="1" dealt="1" sum="5"/>
<action no="2" player="oreiasccp" type="15" sum="5"/>
<action no="3" player="MinRaiseManiac" type="1" discard="1" dealt="1" sum="30"/>
<action no="4" player="oreiasccp" type="2" sum="60"/>
</round>
<round no="1"><cards type="Pocket" player="oreiasccp">DK S5</cards>
<cards type="Pocket" player="MinRaiseManiac">CK HJ</cards>
<action no="5" player="MinRaiseManiac" type="23" discard="1" dealt="1" sum="1,090"/>
<action no="6" player="oreiasccp" type="7" sum="340"/>
</round>
<round no="2"><cards type="Flop">C3 C5 S9</cards>
</round>
<round no="3"><cards type="Turn">S7</cards>
</round>
<round no="4"><cards type="River">D4</cards>
</round>
</game>
<game gamecode="11536528900"><general><startdate>2025-06-27 09:45:25</startdate>
<round>1</round>
<failsafecounter/>
<players><player seat="10" name="MinRaiseManiac" chips="690" dealer="0" win="70" bet="65" muck="1" rebuy="0" addon="0" merge="0" rebuychips="0" reg_code="8392781560"/>
<player seat="6" name="oreiasccp" chips="810" dealer="1" win="0" bet="35" muck="1" rebuy="0" addon="0" merge="0" rebuychips="0" reg_code="8392781537"/>
</players>
</general>
<round no="0"><action no="1" player="oreiasccp" type="15" sum="5"/>
<action no="2" player="MinRaiseManiac" type="15" discard="1" dealt="1" sum="5"/>
<action no="3" player="oreiasccp" type="1" sum="30"/>
<action no="4" player="MinRaiseManiac" type="2" discard="1" dealt="1" sum="60"/>
</round>
<round no="1"><cards type="Pocket" player="MinRaiseManiac">X X</cards>
<cards type="Pocket" player="oreiasccp">C4 D3</cards>
<action no="5" player="oreiasccp" type="0" sum="0"/>
</round>
</game>
<game gamecode="11536528912"><general><startdate>2025-06-27 09:45:31</startdate>
<round>1</round>
<failsafecounter/>
<players><player seat="6" name="oreiasccp" chips="775" dealer="0" win="0" bet="125" muck="1" rebuy="0" addon="0" merge="0" rebuychips="0" reg_code="8392781537"/>
<player seat="10" name="MinRaiseManiac" chips="725" dealer="1" win="250" bet="250" muck="1" rebuy="0" addon="0" merge="0" rebuychips="0" reg_code="8392781560"/>
</players>
</general>
<round no="0"><action no="1" player="MinRaiseManiac" type="15" discard="1" dealt="1" sum="5"/>
<action no="2" player="oreiasccp" type="15" sum="5"/>
<action no="3" player="MinRaiseManiac" type="1" discard="1" dealt="1" sum="30"/>
<action no="4" player="oreiasccp" type="2" sum="60"/>
</round>
<round no="1"><cards type="Pocket" player="oreiasccp">S7 C4</cards>
<cards type="Pocket" player="MinRaiseManiac">X X</cards>
<action no="5" player="MinRaiseManiac" type="3" discard="1" dealt="1" sum="30"/>
<action no="6" player="oreiasccp" type="4" sum="0"/>
</round>
<round no="2"><cards type="Flop">H4 C9 S6</cards>
<action no="7" player="oreiasccp" type="4" sum="0"/>
<action no="8" player="MinRaiseManiac" type="5" discard="1" dealt="1" sum="60"/>
<action no="9" player="oreiasccp" type="3" sum="60"/>
</round>
<round no="3"><cards type="Turn">SK</cards>
<action no="10" player="oreiasccp" type="4" sum="0"/>
<action no="11" player="MinRaiseManiac" type="5" discard="1" dealt="1" sum="125"/>
<action no="12" player="oreiasccp" type="0" sum="0"/>
</round>
</game>
<game gamecode="11536528996"><general><startdate>2025-06-27 09:45:58</startdate>
<round>1</round>
<failsafecounter/>
<players><player seat="10" name="MinRaiseManiac" chips="850" dealer="0" win="0" bet="65" muck="1" rebuy="0" addon="0" merge="0" rebuychips="0" reg_code="8392781560"/>
<player seat="6" name="oreiasccp" chips="650" dealer="1" win="130" bet="650" muck="1" rebuy="0" addon="0" merge="0" rebuychips="0" reg_code="8392781537"/>
</players>
</general>
<round no="0"><action no="1" player="oreiasccp" type="15" sum="5"/>
<action no="2" player="MinRaiseManiac" type="15" discard="1" dealt="1" sum="5"/>
<action no="3" player="oreiasccp" type="1" sum="30"/>
<action no="4" player="MinRaiseManiac" type="2" discard="1" dealt="1" sum="60"/>
</round>
<round no="1"><cards type="Pocket" player="oreiasccp">D6 HK</cards>
<cards type="Pocket" player="MinRaiseManiac">X X</cards>
<action no="5" player="oreiasccp" type="23" sum="645"/>
<action no="6" player="MinRaiseManiac" type="0" discard="1" dealt="1" sum="0"/>
</round>
</game>
<game gamecode="11536529021"><general><startdate>2025-06-27 09:46:05</startdate>
<round>1</round>
<failsafecounter/>
<players><player seat="6" name="oreiasccp" chips="715" dealer="0" win="0" bet="65" muck="1" rebuy="0" addon="0" merge="0" rebuychips="0" reg_code="8392781537"/>
<player seat="10" name="MinRaiseManiac" chips="785" dealer="1" win="130" bet="125" muck="1" rebuy="0" addon="0" merge="0" rebuychips="0" reg_code="8392781560"/>
</players>
</general>
<round no="0"><action no="1" player="MinRaiseManiac" type="15" discard="1" dealt="1" sum="5"/>
<action no="2" player="oreiasccp" type="15" sum="5"/>
<action no="3" player="MinRaiseManiac" type="1" discard="1" dealt="1" sum="30"/>
<action no="4" player="oreiasccp" type="2" sum="60"/>
</round>
<round no="1"><cards type="Pocket" player="oreiasccp">D3 D8</cards>
<cards type="Pocket" player="MinRaiseManiac">X X</cards>
<action no="5" player="MinRaiseManiac" type="3" discard="1" dealt="1" sum="30"/>
<action no="6" player="oreiasccp" type="4" sum="0"/>
</round>
<round no="2"><cards type="Flop">C2 S10 H10</cards>
<action no="7" player="oreiasccp" type="4" sum="0"/>
<action no="8" player="MinRaiseManiac" type="5" discard="1" dealt="1" sum="60"/>
<action no="9" player="oreiasccp" type="0" sum="0"/>
</round>
</game>
<game gamecode="11536529048"><general><startdate>2025-06-27 09:46:16</startdate>
<round>1</round>
<failsafecounter/>
<players><player seat="10" name="MinRaiseManiac" chips="850" dealer="0" win="0" bet="65" muck="1" rebuy="0" addon="0" merge="0" rebuychips="0" reg_code="8392781560"/>
<player seat="6" name="oreiasccp" chips="650" dealer="1" win="130" bet="125" muck="1" rebuy="0" addon="0" merge="0" rebuychips="0" reg_code="8392781537"/>
</players>
</general>
<round no="0"><action no="1" player="oreiasccp" type="15" sum="5"/>
<action no="2" player="MinRaiseManiac" type="15" discard="1" dealt="1" sum="5"/>
<action no="3" player="oreiasccp" type="1" sum="30"/>
<action no="4" player="MinRaiseManiac" type="2" discard="1" dealt="1" sum="60"/>
</round>
<round no="1"><cards type="Pocket" player="oreiasccp">H2 SK</cards>
<cards type="Pocket" player="MinRaiseManiac">X X</cards>
<action no="5" player="oreiasccp" type="3" sum="30"/>
<action no="6" player="MinRaiseManiac" type="4" discard="1" dealt="1" sum="0"/>
</round>
<round no="2"><cards type="Flop">H10 H5 C7</cards>
<action no="7" player="MinRaiseManiac" type="4" discard="1" dealt="1" sum="0"/>
<action no="8" player="oreiasccp" type="5" sum="60"/>
<action no="9" player="MinRaiseManiac" type="0" discard="1" dealt="1" sum="0"/>
</round>
</game>
<game gamecode="11536529086"><general><startdate>2025-06-27 09:46:30</startdate>
<round>1</round>
<failsafecounter/>
<players><player seat="6" name="oreiasccp" chips="715" dealer="0" win="0" bet="245" muck="1" rebuy="0" addon="0" merge="0" rebuychips="0" reg_code="8392781537"/>
<player seat="10" name="MinRaiseManiac" chips="785" dealer="1" win="490" bet="245" muck="0" rebuy="0" addon="0" merge="0" rebuychips="0" reg_code="8392781560"/>
</players>
</general>
<round no="0"><action no="1" player="MinRaiseManiac" type="15" discard="1" dealt="1" sum="5"/>
<action no="2" player="oreiasccp" type="15" sum="5"/>
<action no="3" player="MinRaiseManiac" type="1" discard="1" dealt="1" sum="30"/>
<action no="4" player="oreiasccp" type="2" sum="60"/>
</round>
<round no="1"><cards type="Pocket" player="MinRaiseManiac">CJ DA</cards>
<cards type="Pocket" player="oreiasccp">HJ H7</cards>
<action no="5" player="MinRaiseManiac" type="23" discard="1" dealt="1" sum="120"/>
<action no="6" player="oreiasccp" type="3" sum="60"/>
</round>
<round no="2"><cards type="Flop">H6 SQ H2</cards>
<action no="7" player="oreiasccp" type="4" sum="0"/>
<action no="8" player="MinRaiseManiac" type="5" discard="1" dealt="1" sum="120"/>
<action no="9" player="oreiasccp" type="3" sum="120"/>
</round>
<round no="3"><cards type="Turn">S6</cards>
<action no="10" player="oreiasccp" type="4" sum="0"/>
<action no="11" player="MinRaiseManiac" type="4" discard="1" dealt="1" sum="0"/>
</round>
<round no="4"><cards type="River">DJ</cards>
<action no="12" player="oreiasccp" type="4" sum="0"/>
<action no="13" player="MinRaiseManiac" type="4" discard="1" dealt="1" sum="0"/>
</round>
</game>
<game gamecode="11536529178"><general><startdate>2025-06-27 09:47:00</startdate>
<round>1</round>
<failsafecounter/>
<players><player seat="10" name="MinRaiseManiac" chips="1,030" dealer="0" win="96" bet="88" muck="1" rebuy="0" addon="0" merge="0" rebuychips="0" reg_code="8392781560"/>
<player seat="6" name="oreiasccp" chips="470" dealer="1" win="0" bet="48" muck="1" rebuy="0" addon="0" merge="0" rebuychips="0" reg_code="8392781537"/>
</players>
</general>
<round no="0"><action no="1" player="oreiasccp" type="15" sum="8"/>
<action no="2" player="MinRaiseManiac" type="15" discard="1" dealt="1" sum="8"/>
<action no="3" player="oreiasccp" type="1" sum="40"/>
<action no="4" player="MinRaiseManiac" type="2" discard="1" dealt="1" sum="80"/>
</round>
<round no="1"><cards type="Pocket" player="oreiasccp">C10 S5</cards>
<cards type="Pocket" player="MinRaiseManiac">X X</cards>
<action no="5" player="oreiasccp" type="0" sum="0"/>
</round>
</game>
<game gamecode="11536529191"><general><startdate>2025-06-27 09:47:05</startdate>
<round>1</round>
<failsafecounter/>
<players><player seat="6" name="oreiasccp" chips="422" dealer="0" win="844" bet="422" muck="0" rebuy="0" addon="0" merge="0" rebuychips="0" reg_code="8392781537"/>
<player seat="10" name="MinRaiseManiac" chips="1,078" dealer="1" win="0" bet="1,078" muck="1" rebuy="0" addon="0" merge="0" rebuychips="0" reg_code="8392781560"/>
</players>
</general>
<round no="0"><action no="1" player="MinRaiseManiac" type="15" discard="1" dealt="1" sum="8"/>
<action no="2" player="oreiasccp" type="15" sum="8"/>
<action no="3" player="MinRaiseManiac" type="1" discard="1" dealt="1" sum="40"/>
<action no="4" player="oreiasccp" type="2" sum="80"/>
</round>
<round no="1"><cards type="Pocket" player="MinRaiseManiac">DK H10</cards>
<cards type="Pocket" player="oreiasccp">S9 S8</cards>
<action no="5" player="MinRaiseManiac" type="23" discard="1" dealt="1" sum="1,070"/>
<action no="6" player="oreiasccp" type="7" sum="334"/>
</round>
<round no="2"><cards type="Flop">S4 SA D9</cards>
</round>
<round no="3"><cards type="Turn">D8</cards>
</round>
<round no="4"><cards type="River">CA</cards>
</round>
</game>
<game gamecode="11536529240"><general><startdate>2025-06-27 09:47:22</startdate>
<round>1</round>
<failsafecounter/>
<players><player seat="10" name="MinRaiseManiac" chips="656" dealer="0" win="0" bet="656" muck="0" rebuy="0" addon="0" merge="0" rebuychips="0" reg_code="8392781560"/>
<player seat="6" name="oreiasccp" chips="844" dealer="1" win="1,312" bet="656" muck="0" rebuy="0" addon="0" merge="0" rebuychips="0" reg_code="8392781537"/>
</players>
</general>
<round no="0"><action no="1" player="oreiasccp" type="15" sum="8"/>
<action no="2" player="MinRaiseManiac" type="15" discard="1" dealt="1" sum="8"/>
<action no="3" player="oreiasccp" type="1" sum="40"/>
<action no="4" player="MinRaiseManiac" type="2" discard="1" dealt="1" sum="80"/>
</round>
<round no="1"><cards type="Pocket" player="oreiasccp">S10 HQ</cards>
<cards type="Pocket" player="MinRaiseManiac">D8 CK</cards>
<action no="5" player="oreiasccp" type="23" sum="648"/>
<action no="6" player="MinRaiseManiac" type="7" discard="1" dealt="1" sum="568"/>
</round>
<round no="2"><cards type="Flop">D3 HA C10</cards>
</round>
<round no="3"><cards type="Turn">D2</cards>
</round>
<round no="4"><cards type="River">S2</cards>
</round>
</game>
</session>
