<?xml version="1.0" encoding="UTF-8"?>
<session sessioncode="8392857829">
<general>
<client_version>25.1.1.13</client_version>
<mode>real</mode>
<gametype>Holdem NL</gametype>
<tablename>Twister €5 SNG, 1128655605</tablename>
<tournamentcode>1128655604</tournamentcode>
<tournamentname>Twister €5 SNG</tournamentname>
<buyin>€0 + €0.35 + €4.65</buyin>
<totalbuyin>€5</totalbuyin>
<rewarddrawn>€10</rewarddrawn>
<tournamentcurrency>EUR</tournamentcurrency>
<currency>EUR</currency>
<nickname>oreiasccp</nickname>
<gamecount>18</gamecount>
<startdate>2025-06-27 13:03:55</startdate>
<place>3</place>
<win>€0</win>
<tablesize>3</tablesize>
</general>
<game gamecode="11536704514"><general><startdate>2025-06-27 13:04:11</startdate>
<round>1</round>
<failsafecounter/>
<players><player seat="3" name="oreiasccp" chips="500" dealer="0" win="90" bet="100" muck="1" rebuy="0" addon="0" merge="0" rebuychips="0" reg_code="8392857829"/>
<player seat="6" name="kizza89" chips="500" dealer="1" win="0" bet="40" muck="1" rebuy="0" addon="0" merge="0" rebuychips="0" reg_code="8392857828"/>
<player seat="10" name="VlasOff871" chips="500" dealer="0" win="0" bet="10" muck="1" rebuy="0" addon="0" merge="0" rebuychips="0" reg_code="8392857883"/>
</players>
</general>
<round no="0"><action no="1" player="VlasOff871" type="1" discard="1" dealt="1" sum="10"/>
<action no="2" player="oreiasccp" type="2" sum="20"/>
</round>
<round no="1"><cards type="Pocket" player="oreiasccp">HQ DQ</cards>
<cards type="Pocket" player="kizza89">X X</cards>
<cards type="Pocket" player="VlasOff871">X X</cards>
<action no="3" player="kizza89" type="23" discard="1" dealt="1" sum="40"/>
<action no="4" player="VlasOff871" type="0" discard="1" dealt="1" sum="0"/>
<action no="5" player="oreiasccp" type="23" sum="100"/>
<action no="6" player="kizza89" type="0" discard="1" dealt="1" sum="0"/>
</round>
</game>
<game gamecode="11536704576"><general><startdate>2025-06-27 13:04:28</startdate>
<round>1</round>
<failsafecounter/>
<players><player seat="6" name="kizza89" chips="460" dealer="0" win="0" bet="20" muck="1" rebuy="0" addon="0" merge="0" rebuychips="0" reg_code="8392857828"/>
<player seat="10" name="VlasOff871" chips="490" dealer="1" win="400" bet="190" muck="0" rebuy="0" addon="0" merge="0" rebuychips="0" reg_code="8392857883"/>
<player seat="3" name="oreiasccp" chips="550" dealer="0" win="0" bet="190" muck="1" rebuy="0" addon="0" merge="0" rebuychips="0" reg_code="8392857829"/>
</players>
</general>
<round no="0"><action no="1" player="oreiasccp" type="1" sum="10"/>
<action no="2" player="kizza89" type="2" discard="1" dealt="1" sum="20"/>
</round>
<round no="1"><cards type="Pocket" player="kizza89">X X</cards>
<cards type="Pocket" player="oreiasccp">HJ C9</cards>
<cards type="Pocket" player="VlasOff871">SA HA</cards>
<action no="3" player="VlasOff871" type="3" discard="1" dealt="1" sum="20"/>
<action no="4" player="oreiasccp" type="3" sum="10"/>
<action no="5" player="kizza89" type="4" discard="1" dealt="1" sum="0"/>
</round>
<round no="2"><cards type="Flop">H2 DJ SQ</cards>
<action no="6" player="oreiasccp" type="4" sum="0"/>
<action no="7" player="kizza89" type="4" discard="1" dealt="1" sum="0"/>
<action no="8" player="VlasOff871" type="5" discard="1" dealt="1" sum="20"/>
<action no="9" player="oreiasccp" type="3" sum="20"/>
<action no="10" player="kizza89" type="0" discard="1" dealt="1" sum="0"/>
</round>
<round no="3"><cards type="Turn">H5</cards>
<action no="11" player="oreiasccp" type="4" sum="0"/>
<action no="12" player="VlasOff871" type="5" discard="1" dealt="1" sum="50"/>
<action no="13" player="oreiasccp" type="3" sum="50"/>
</round>
<round no="4"><cards type="River">DQ</cards>
<action no="14" player="oreiasccp" type="4" sum="0"/>
<action no="15" player="VlasOff871" type="5" discard="1" dealt="1" sum="100"/>
<action no="16" player="oreiasccp" type="3" sum="100"/>
</round>
</game>
<game gamecode="11536704727"><general><startdate>2025-06-27 13:05:17</startdate>
<round>1</round>
<failsafecounter/>
<players><player seat="10" name="VlasOff871" chips="700" dealer="0" win="0" bet="20" muck="1" rebuy="0" addon="0" merge="0" rebuychips="0" reg_code="8392857883"/>
<player seat="3" name="oreiasccp" chips="360" dealer="1" win="0" bet="0" muck="1" rebuy="0" addon="0" merge="0" rebuychips="0" reg_code="8392857829"/>
<player seat="6" name="kizza89" chips="440" dealer="0" win="40" bet="60" muck="1" rebuy="0" addon="0" merge="0" rebuychips="0" reg_code="8392857828"/>
</players>
</general>
<round no="0"><action no="1" player="kizza89" type="1" discard="1" dealt="1" sum="10"/>
<action no="2" player="VlasOff871" type="2" discard="1" dealt="1" sum="20"/>
</round>
<round no="1"><cards type="Pocket" player="VlasOff871">X X</cards>
<cards type="Pocket" player="kizza89">X X</cards>
<cards type="Pocket" player="oreiasccp">SJ H7</cards>
<action no="3" player="oreiasccp" type="0" sum="0"/>
<action no="4" player="kizza89" type="3" discard="1" dealt="1" sum="10"/>
<action no="5" player="VlasOff871" type="4" discard="1" dealt="1" sum="0"/>
</round>
<round no="2"><cards type="Flop">C9 HK DQ</cards>
<action no="6" player="kizza89" type="4" discard="1" dealt="1" sum="0"/>
<action no="7" player="VlasOff871" type="4" discard="1" dealt="1" sum="0"/>
</round>
<round no="3"><cards type="Turn">C10</cards>
<action no="8" player="kizza89" type="4" discard="1" dealt="1" sum="0"/>
<action no="9" player="VlasOff871" type="4" discard="1" dealt="1" sum="0"/>
</round>
<round no="4"><cards type="River">C2</cards>
<action no="10" player="kizza89" type="5" discard="1" dealt="1" sum="40"/>
<action no="11" player="VlasOff871" type="0" discard="1" dealt="1" sum="0"/>
</round>
</game>
<game gamecode="11536704812"><general><startdate>2025-06-27 13:05:44</startdate>
<round>1</round>
<failsafecounter/>
<players><player seat="3" name="oreiasccp" chips="360" dealer="0" win="0" bet="70" muck="1" rebuy="0" addon="0" merge="0" rebuychips="0" reg_code="8392857829"/>
<player seat="6" name="kizza89" chips="460" dealer="1" win="0" bet="0" muck="1" rebuy="0" addon="0" merge="0" rebuychips="0" reg_code="8392857828"/>
<player seat="10" name="VlasOff871" chips="680" dealer="0" win="140" bet="90" muck="1" rebuy="0" addon="0" merge="0" rebuychips="0" reg_code="8392857883"/>
</players>
</general>
<round no="0"><action no="1" player="VlasOff871" type="1" discard="1" dealt="1" sum="10"/>
<action no="2" player="oreiasccp" type="2" sum="20"/>
</round>
<round no="1"><cards type="Pocket" player="kizza89">X X</cards>
<cards type="Pocket" player="VlasOff871">X X</cards>
<cards type="Pocket" player="oreiasccp">D7 HQ</cards>
<action no="3" player="kizza89" type="0" discard="1" dealt="1" sum="0"/>
<action no="4" player="VlasOff871" type="3" discard="1" dealt="1" sum="10"/>
<action no="5" player="oreiasccp" type="23" sum="50"/>
<action no="6" player="VlasOff871" type="3" discard="1" dealt="1" sum="30"/>
</round>
<round no="2"><cards type="Flop">H9 D10 H6</cards>
<action no="7" player="VlasOff871" type="4" discard="1" dealt="1" sum="0"/>
<action no="8" player="oreiasccp" type="4" sum="0"/>
</round>
<round no="3"><cards type="Turn">C4</cards>
<action no="9" player="VlasOff871" type="5" discard="1" dealt="1" sum="20"/>
<action no="10" player="oreiasccp" type="3" sum="20"/>
</round>
<round no="4"><cards type="River">C10</cards>
<action no="11" player="VlasOff871" type="5" discard="1" dealt="1" sum="20"/>
<action no="12" player="oreiasccp" type="0" sum="0"/>
</round>
</game>
<game gamecode="11536710146"><general><startdate>2025-06-27 13:06:11</startdate>
<round>1</round>
<failsafecounter/>
<players><player seat="6" name="kizza89" chips="460" dealer="0" win="45" bet="35" muck="1" rebuy="0" addon="0" merge="0" rebuychips="0" reg_code="8392857828"/>
<player seat="10" name="VlasOff871" chips="750" dealer="1" win="0" bet="5" muck="1" rebuy="0" addon="0" merge="0" rebuychips="0" reg_code="8392857883"/>
<player seat="3" name="oreiasccp" chips="290" dealer="0" win="0" bet="20" muck="1" rebuy="0" addon="0" merge="0" rebuychips="0" reg_code="8392857829"/>
</players>
</general>
<round no="0"><action no="1" player="oreiasccp" type="15" sum="5"/>
<action no="2" player="kizza89" type="15" discard="1" dealt="1" sum="5"/>
<action no="3" player="VlasOff871" type="15" discard="1" dealt="1" sum="5"/>
<action no="4" player="oreiasccp" type="1" sum="15"/>
<action no="5" player="kizza89" type="2" discard="1" dealt="1" sum="30"/>
</round>
<round no="1"><cards type="Pocket" player="kizza89">X X</cards>
<cards type="Pocket" player="oreiasccp">D2 H9</cards>
<cards type="Pocket" player="VlasOff871">X X</cards>
<action no="6" player="VlasOff871" type="0" discard="1" dealt="1" sum="0"/>
<action no="7" player="oreiasccp" type="0" sum="0"/>
</round>
</game>
<game gamecode="11536710173"><general><startdate>2025-06-27 13:06:21</startdate>
<round>1</round>
<failsafecounter/>
<players><player seat="10" name="VlasOff871" chips="745" dealer="0" win="0" bet="65" muck="1" rebuy="0" addon="0" merge="0" rebuychips="0" reg_code="8392857883"/>
<player seat="3" name="oreiasccp" chips="270" dealer="1" win="0" bet="5" muck="1" rebuy="0" addon="0" merge="0" rebuychips="0" reg_code="8392857829"/>
<player seat="6" name="kizza89" chips="485" dealer="0" win="135" bet="185" muck="1" rebuy="0" addon="0" merge="0" rebuychips="0" reg_code="8392857828"/>
</players>
</general>
<round no="0"><action no="1" player="kizza89" type="15" discard="1" dealt="1" sum="5"/>
<action no="2" player="VlasOff871" type="15" discard="1" dealt="1" sum="5"/>
<action no="3" player="oreiasccp" type="15" sum="5"/>
<action no="4" player="kizza89" type="1" discard="1" dealt="1" sum="15"/>
<action no="5" player="VlasOff871" type="2" discard="1" dealt="1" sum="30"/>
</round>
<round no="1"><cards type="Pocket" player="VlasOff871">X X</cards>
<cards type="Pocket" player="oreiasccp">H4 SQ</cards>
<cards type="Pocket" player="kizza89">X X</cards>
<action no="6" player="oreiasccp" type="0" sum="0"/>
<action no="7" player="kizza89" type="3" discard="1" dealt="1" sum="15"/>
<action no="8" player="VlasOff871" type="4" discard="1" dealt="1" sum="0"/>
</round>
<round no="2"><cards type="Flop">C2 H7 S8</cards>
<action no="9" player="kizza89" type="4" discard="1" dealt="1" sum="0"/>
<action no="10" player="VlasOff871" type="4" discard="1" dealt="1" sum="0"/>
</round>
<round no="3"><cards type="Turn">HJ</cards>
<action no="11" player="kizza89" type="4" discard="1" dealt="1" sum="0"/>
<action no="12" player="VlasOff871" type="5" discard="1" dealt="1" sum="30"/>
<action no="13" player="kizza89" type="3" discard="1" dealt="1" sum="30"/>
</round>
<round no="4"><cards type="River">H9</cards>
<action no="14" player="kizza89" type="5" discard="1" dealt="1" sum="120"/>
<action no="15" player="VlasOff871" type="0" discard="1" dealt="1" sum="0"/>
</round>
</game>
<game gamecode="11536710256"><general><startdate>2025-06-27 13:06:48</startdate>
<round>1</round>
<failsafecounter/>
<players><player seat="3" name="oreiasccp" chips="265" dealer="0" win="0" bet="35" muck="1" rebuy="0" addon="0" merge="0" rebuychips="0" reg_code="8392857829"/>
<player seat="6" name="kizza89" chips="555" dealer="1" win="165" bet="125" muck="1" rebuy="0" addon="0" merge="0" rebuychips="0" reg_code="8392857828"/>
<player seat="10" name="VlasOff871" chips="680" dealer="0" win="0" bet="65" muck="1" rebuy="0" addon="0" merge="0" rebuychips="0" reg_code="8392857883"/>
</players>
</general>
<round no="0"><action no="1" player="VlasOff871" type="15" discard="1" dealt="1" sum="5"/>
<action no="2" player="oreiasccp" type="15" sum="5"/>
<action no="3" player="kizza89" type="15" discard="1" dealt="1" sum="5"/>
<action no="4" player="VlasOff871" type="1" discard="1" dealt="1" sum="15"/>
<action no="5" player="oreiasccp" type="2" sum="30"/>
</round>
<round no="1"><cards type="Pocket" player="kizza89">X X</cards>
<cards type="Pocket" player="oreiasccp">C3 S4</cards>
<cards type="Pocket" player="VlasOff871">X X</cards>
<action no="6" player="kizza89" type="23" discard="1" dealt="1" sum="60"/>
<action no="7" player="VlasOff871" type="3" discard="1" dealt="1" sum="45"/>
<action no="8" player="oreiasccp" type="0" sum="0"/>
</round>
<round no="2"><cards type="Flop">CA SK C5</cards>
<action no="9" player="VlasOff871" type="4" discard="1" dealt="1" sum="0"/>
<action no="10" player="kizza89" type="5" discard="1" dealt="1" sum="60"/>
<action no="11" player="VlasOff871" type="0" discard="1" dealt="1" sum="0"/>
</round>
</game>
<game gamecode="11536710308"><general><startdate>2025-06-27 13:07:05</startdate>
<round>1</round>
<failsafecounter/>
<players><player seat="6" name="kizza89" chips="655" dealer="0" win="0" bet="35" muck="1" rebuy="0" addon="0" merge="0" rebuychips="0" reg_code="8392857828"/>
<player seat="10" name="VlasOff871" chips="615" dealer="1" win="90" bet="615" muck="1" rebuy="0" addon="0" merge="0" rebuychips="0" reg_code="8392857883"/>
<player seat="3" name="oreiasccp" chips="230" dealer="0" win="0" bet="20" muck="1" rebuy="0" addon="0" merge="0" rebuychips="0" reg_code="8392857829"/>
</players>
</general>
<round no="0"><action no="1" player="oreiasccp" type="15" sum="5"/>
<action no="2" player="kizza89" type="15" discard="1" dealt="1" sum="5"/>
<action no="3" player="VlasOff871" type="15" discard="1" dealt="1" sum="5"/>
<action no="4" player="oreiasccp" type="1" sum="15"/>
<action no="5" player="kizza89" type="2" discard="1" dealt="1" sum="30"/>
</round>
<round no="1"><cards type="Pocket" player="VlasOff871">X X</cards>
<cards type="Pocket" player="oreiasccp">D9 S4</cards>
<cards type="Pocket" player="kizza89">X X</cards>
<action no="6" player="VlasOff871" type="23" discard="1" dealt="1" sum="610"/>
<action no="7" player="oreiasccp" type="0" sum="0"/>
<action no="8" player="kizza89" type="0" discard="1" dealt="1" sum="0"/>
</round>
</game>
<game gamecode="11536710345"><general><startdate>2025-06-27 13:07:16</startdate>
<round>1</round>
<failsafecounter/>
<players><player seat="10" name="VlasOff871" chips="670" dealer="0" win="0" bet="210" muck="1" rebuy="0" addon="0" merge="0" rebuychips="0" reg_code="8392857883"/>
<player seat="3" name="oreiasccp" chips="210" dealer="1" win="440" bet="210" muck="0" rebuy="0" addon="0" merge="0" rebuychips="0" reg_code="8392857829"/>
<player seat="6" name="kizza89" chips="620" dealer="0" win="0" bet="20" muck="1" rebuy="0" addon="0" merge="0" rebuychips="0" reg_code="8392857828"/>
</players>
</general>
<round no="0"><action no="1" player="kizza89" type="15" discard="1" dealt="1" sum="5"/>
<action no="2" player="VlasOff871" type="15" discard="1" dealt="1" sum="5"/>
<action no="3" player="oreiasccp" type="15" sum="5"/>
<action no="4" player="kizza89" type="1" discard="1" dealt="1" sum="15"/>
<action no="5" player="VlasOff871" type="2" discard="1" dealt="1" sum="30"/>
</round>
<round no="1"><cards type="Pocket" player="VlasOff871">HK D10</cards>
<cards type="Pocket" player="kizza89">X X</cards>
<cards type="Pocket" player="oreiasccp">H7 C7</cards>
<action no="6" player="oreiasccp" type="23" sum="205"/>
<action no="7" player="kizza89" type="0" discard="1" dealt="1" sum="0"/>
<action no="8" player="VlasOff871" type="3" discard="1" dealt="1" sum="175"/>
</round>
<round no="2"><cards type="Flop">H8 C6 HJ</cards>
</round>
<round no="3"><cards type="Turn">DJ</cards>
</round>
<round no="4"><cards type="River">SJ</cards>
</round>
</game>
<game gamecode="11536710399"><general><startdate>2025-06-27 13:07:34</startdate>
<round>1</round>
<failsafecounter/>
<players><player seat="3" name="oreiasccp" chips="440" dealer="0" win="0" bet="95" muck="1" rebuy="0" addon="0" merge="0" rebuychips="0" reg_code="8392857829"/>
<player seat="6" name="kizza89" chips="600" dealer="1" win="0" bet="5" muck="1" rebuy="0" addon="0" merge="0" rebuychips="0" reg_code="8392857828"/>
<player seat="10" name="VlasOff871" chips="460" dealer="0" win="195" bet="125" muck="1" rebuy="0" addon="0" merge="0" rebuychips="0" reg_code="8392857883"/>
</players>
</general>
<round no="0"><action no="1" player="VlasOff871" type="15" discard="1" dealt="1" sum="5"/>
<action no="2" player="oreiasccp" type="15" sum="5"/>
<action no="3" player="kizza89" type="15" discard="1" dealt="1" sum="5"/>
<action no="4" player="VlasOff871" type="1" discard="1" dealt="1" sum="15"/>
<action no="5" player="oreiasccp" type="2" sum="30"/>
</round>
<round no="1"><cards type="Pocket" player="VlasOff871">X X</cards>
<cards type="Pocket" player="kizza89">X X</cards>
<cards type="Pocket" player="oreiasccp">H7 D8</cards>
<action no="6" player="kizza89" type="0" discard="1" dealt="1" sum="0"/>
<action no="7" player="VlasOff871" type="3" discard="1" dealt="1" sum="15"/>
<action no="8" player="oreiasccp" type="4" sum="0"/>
</round>
<round no="2"><cards type="Flop">C5 SK D6</cards>
<action no="9" player="VlasOff871" type="5" discard="1" dealt="1" sum="30"/>
<action no="10" player="oreiasccp" type="3" sum="30"/>
</round>
<round no="3"><cards type="Turn">H5</cards>
<action no="11" player="VlasOff871" type="5" discard="1" dealt="1" sum="30"/>
<action no="12" player="oreiasccp" type="3" sum="30"/>
</round>
<round no="4"><cards type="River">D10</cards>
<action no="13" player="VlasOff871" type="5" discard="1" dealt="1" sum="30"/>
<action no="14" player="oreiasccp" type="0" sum="0"/>
</round>
</game>
<game gamecode="11536710452"><general><startdate>2025-06-27 13:07:51</startdate>
<round>1</round>
<failsafecounter/>
<players><player seat="6" name="kizza89" chips="595" dealer="0" win="0" bet="35" muck="1" rebuy="0" addon="0" merge="0" rebuychips="0" reg_code="8392857828"/>
<player seat="10" name="VlasOff871" chips="560" dealer="1" win="0" bet="345" muck="1" rebuy="0" addon="0" merge="0" rebuychips="0" reg_code="8392857883"/>
<player seat="3" name="oreiasccp" chips="345" dealer="0" win="725" bet="345" muck="0" rebuy="0" addon="0" merge="0" rebuychips="0" reg_code="8392857829"/>
</players>
</general>
<round no="0"><action no="1" player="oreiasccp" type="15" sum="5"/>
<action no="2" player="kizza89" type="15" discard="1" dealt="1" sum="5"/>
<action no="3" player="VlasOff871" type="15" discard="1" dealt="1" sum="5"/>
<action no="4" player="oreiasccp" type="1" sum="15"/>
<action no="5" player="kizza89" type="2" discard="1" dealt="1" sum="30"/>
</round>
<round no="1"><cards type="Pocket" player="oreiasccp">DA D5</cards>
<cards type="Pocket" player="kizza89">X X</cards>
<cards type="Pocket" player="VlasOff871">DQ D7</cards>
<action no="6" player="VlasOff871" type="23" discard="1" dealt="1" sum="60"/>
<action no="7" player="oreiasccp" type="23" sum="340"/>
<action no="8" player="kizza89" type="0" discard="1" dealt="1" sum="0"/>
<action no="9" player="VlasOff871" type="3" discard="1" dealt="1" sum="280"/>
</round>
<round no="2"><cards type="Flop">CA S3 S7</cards>
</round>
<round no="3"><cards type="Turn">SA</cards>
</round>
<round no="4"><cards type="River">H4</cards>
</round>
</game>
<game gamecode="11536710530"><general><startdate>2025-06-27 13:08:15</startdate>
<round>1</round>
<failsafecounter/>
<players><player seat="10" name="VlasOff871" chips="215" dealer="0" win="0" bet="45" muck="1" rebuy="0" addon="0" merge="0" rebuychips="0" reg_code="8392857883"/>
<player seat="3" name="oreiasccp" chips="725" dealer="1" win="115" bet="560" muck="1" rebuy="0" addon="0" merge="0" rebuychips="0" reg_code="8392857829"/>
<player seat="6" name="kizza89" chips="560" dealer="0" win="0" bet="25" muck="1" rebuy="0" addon="0" merge="0" rebuychips="0" reg_code="8392857828"/>
</players>
</general>
<round no="0"><action no="1" player="kizza89" type="15" discard="1" dealt="1" sum="5"/>
<action no="2" player="VlasOff871" type="15" discard="1" dealt="1" sum="5"/>
<action no="3" player="oreiasccp" type="15" sum="5"/>
<action no="4" player="kizza89" type="1" discard="1" dealt="1" sum="20"/>
<action no="5" player="VlasOff871" type="2" discard="1" dealt="1" sum="40"/>
</round>
<round no="1"><cards type="Pocket" player="VlasOff871">X X</cards>
<cards type="Pocket" player="kizza89">X X</cards>
<cards type="Pocket" player="oreiasccp">C6 SA</cards>
<action no="6" player="oreiasccp" type="23" sum="555"/>
<action no="7" player="kizza89" type="0" discard="1" dealt="1" sum="0"/>
<action no="8" player="VlasOff871" type="0" discard="1" dealt="1" sum="0"/>
</round>
</game>
<game gamecode="11536710565"><general><startdate>2025-06-27 13:08:23</startdate>
<round>1</round>
<failsafecounter/>
<players><player seat="3" name="oreiasccp" chips="795" dealer="0" win="0" bet="170" muck="1" rebuy="0" addon="0" merge="0" rebuychips="0" reg_code="8392857829"/>
<player seat="6" name="kizza89" chips="535" dealer="1" win="0" bet="5" muck="1" rebuy="0" addon="0" merge="0" rebuychips="0" reg_code="8392857828"/>
<player seat="10" name="VlasOff871" chips="170" dealer="0" win="345" bet="170" muck="0" rebuy="0" addon="0" merge="0" rebuychips="0" reg_code="8392857883"/>
</players>
</general>
<round no="0"><action no="1" player="VlasOff871" type="15" discard="1" dealt="1" sum="5"/>
<action no="2" player="oreiasccp" type="15" sum="5"/>
<action no="3" player="kizza89" type="15" discard="1" dealt="1" sum="5"/>
<action no="4" player="VlasOff871" type="1" discard="1" dealt="1" sum="20"/>
<action no="5" player="oreiasccp" type="2" sum="40"/>
</round>
<round no="1"><cards type="Pocket" player="oreiasccp">SQ C2</cards>
<cards type="Pocket" player="VlasOff871">S8 C9</cards>
<cards type="Pocket" player="kizza89">X X</cards>
<action no="6" player="kizza89" type="0" discard="1" dealt="1" sum="0"/>
<action no="7" player="VlasOff871" type="23" discard="1" dealt="1" sum="165"/>
<action no="8" player="oreiasccp" type="3" sum="125"/>
</round>
<round no="2"><cards type="Flop">HQ DJ S9</cards>
</round>
<round no="3"><cards type="Turn">D10</cards>
</round>
<round no="4"><cards type="River">S5</cards>
</round>
</game>
<game gamecode="11536710645"><general><startdate>2025-06-27 13:08:47</startdate>
<round>1</round>
<failsafecounter/>
<players><player seat="6" name="kizza89" chips="530" dealer="0" win="0" bet="45" muck="1" rebuy="0" addon="0" merge="0" rebuychips="0" reg_code="8392857828"/>
<player seat="10" name="VlasOff871" chips="345" dealer="1" win="115" bet="345" muck="1" rebuy="0" addon="0" merge="0" rebuychips="0" reg_code="8392857883"/>
<player seat="3" name="oreiasccp" chips="625" dealer="0" win="0" bet="25" muck="1" rebuy="0" addon="0" merge="0" rebuychips="0" reg_code="8392857829"/>
</players>
</general>
<round no="0"><action no="1" player="oreiasccp" type="15" sum="5"/>
<action no="2" player="kizza89" type="15" discard="1" dealt="1" sum="5"/>
<action no="3" player="VlasOff871" type="15" discard="1" dealt="1" sum="5"/>
<action no="4" player="oreiasccp" type="1" sum="20"/>
<action no="5" player="kizza89" type="2" discard="1" dealt="1" sum="40"/>
</round>
<round no="1"><cards type="Pocket" player="VlasOff871">X X</cards>
<cards type="Pocket" player="kizza89">X X</cards>
<cards type="Pocket" player="oreiasccp">SJ D4</cards>
<action no="6" player="VlasOff871" type="23" discard="1" dealt="1" sum="340"/>
<action no="7" player="oreiasccp" type="0" sum="0"/>
<action no="8" player="kizza89" type="0" discard="1" dealt="1" sum="0"/>
</round>
</game>
<game gamecode="11536710681"><general><startdate>2025-06-27 13:08:59</startdate>
<round>1</round>
<failsafecounter/>
<players><player seat="10" name="VlasOff871" chips="415" dealer="0" win="0" bet="45" muck="1" rebuy="0" addon="0" merge="0" rebuychips="0" reg_code="8392857883"/>
<player seat="3" name="oreiasccp" chips="600" dealer="1" win="115" bet="485" muck="1" rebuy="0" addon="0" merge="0" rebuychips="0" reg_code="8392857829"/>
<player seat="6" name="kizza89" chips="485" dealer="0" win="0" bet="25" muck="1" rebuy="0" addon="0" merge="0" rebuychips="0" reg_code="8392857828"/>
</players>
</general>
<round no="0"><action no="1" player="kizza89" type="15" discard="1" dealt="1" sum="5"/>
<action no="2" player="VlasOff871" type="15" discard="1" dealt="1" sum="5"/>
<action no="3" player="oreiasccp" type="15" sum="5"/>
<action no="4" player="kizza89" type="1" discard="1" dealt="1" sum="20"/>
<action no="5" player="VlasOff871" type="2" discard="1" dealt="1" sum="40"/>
</round>
<round no="1"><cards type="Pocket" player="VlasOff871">X X</cards>
<cards type="Pocket" player="kizza89">X X</cards>
<cards type="Pocket" player="oreiasccp">SA D6</cards>
<action no="6" player="oreiasccp" type="23" sum="480"/>
<action no="7" player="kizza89" type="0" discard="1" dealt="1" sum="0"/>
<action no="8" player="VlasOff871" type="0" discard="1" dealt="1" sum="0"/>
</round>
</game>
<game gamecode="11536710720"><general><startdate>2025-06-27 13:09:11</startdate>
<round>1</round>
<failsafecounter/>
<players><player seat="3" name="oreiasccp" chips="670" dealer="0" win="0" bet="45" muck="1" rebuy="0" addon="0" merge="0" rebuychips="0" reg_code="8392857829"/>
<player seat="6" name="kizza89" chips="460" dealer="1" win="115" bet="460" muck="1" rebuy="0" addon="0" merge="0" rebuychips="0" reg_code="8392857828"/>
<player seat="10" name="VlasOff871" chips="370" dealer="0" win="0" bet="25" muck="1" rebuy="0" addon="0" merge="0" rebuychips="0" reg_code="8392857883"/>
</players>
</general>
<round no="0"><action no="1" player="VlasOff871" type="15" discard="1" dealt="1" sum="5"/>
<action no="2" player="oreiasccp" type="15" sum="5"/>
<action no="3" player="kizza89" type="15" discard="1" dealt="1" sum="5"/>
<action no="4" player="VlasOff871" type="1" discard="1" dealt="1" sum="20"/>
<action no="5" player="oreiasccp" type="2" sum="40"/>
</round>
<round no="1"><cards type="Pocket" player="kizza89">X X</cards>
<cards type="Pocket" player="oreiasccp">SK H4</cards>
<cards type="Pocket" player="VlasOff871">X X</cards>
<action no="6" player="kizza89" type="23" discard="1" dealt="1" sum="455"/>
<action no="7" player="VlasOff871" type="0" discard="1" dealt="1" sum="0"/>
<action no="8" player="oreiasccp" type="0" sum="0"/>
</round>
</game>
<game gamecode="11536710761"><general><startdate>2025-06-27 13:09:23</startdate>
<round>1</round>
<failsafecounter/>
<players><player seat="6" name="kizza89" chips="530" dealer="0" win="0" bet="45" muck="1" rebuy="0" addon="0" merge="0" rebuychips="0" reg_code="8392857828"/>
<player seat="10" name="VlasOff871" chips="345" dealer="1" win="735" bet="345" muck="0" rebuy="0" addon="0" merge="0" rebuychips="0" reg_code="8392857883"/>
<player seat="3" name="oreiasccp" chips="625" dealer="0" win="0" bet="530" muck="1" rebuy="0" addon="0" merge="0" rebuychips="0" reg_code="8392857829"/>
</players>
</general>
<round no="0"><action no="1" player="oreiasccp" type="15" sum="5"/>
<action no="2" player="kizza89" type="15" discard="1" dealt="1" sum="5"/>
<action no="3" player="VlasOff871" type="15" discard="1" dealt="1" sum="5"/>
<action no="4" player="oreiasccp" type="1" sum="20"/>
<action no="5" player="kizza89" type="2" discard="1" dealt="1" sum="40"/>
</round>
<round no="1"><cards type="Pocket" player="kizza89">X X</cards>
<cards type="Pocket" player="VlasOff871">C2 S2</cards>
<cards type="Pocket" player="oreiasccp">SA CQ</cards>
<action no="6" player="VlasOff871" type="3" discard="1" dealt="1" sum="40"/>
<action no="7" player="oreiasccp" type="23" sum="525"/>
<action no="8" player="kizza89" type="0" discard="1" dealt="1" sum="0"/>
<action no="9" player="VlasOff871" type="7" discard="1" dealt="1" sum="300"/>
</round>
<round no="2"><cards type="Flop">S8 D3 S4</cards>
</round>
<round no="3"><cards type="Turn">H4</cards>
</round>
<round no="4"><cards type="River">HJ</cards>
</round>
</game>
<game gamecode="11536710829"><general><startdate>2025-06-27 13:09:43</startdate>
<round>1</round>
<failsafecounter/>
<players><player seat="10" name="VlasOff871" chips="735" dealer="0" win="585" bet="280" muck="0" rebuy="0" addon="0" merge="0" rebuychips="0" reg_code="8392857883"/>
<player seat="3" name="oreiasccp" chips="280" dealer="1" win="0" bet="280" muck="0" rebuy="0" addon="0" merge="0" rebuychips="0" reg_code="8392857829"/>
<player seat="6" name="kizza89" chips="485" dealer="0" win="0" bet="25" muck="1" rebuy="0" addon="0" merge="0" rebuychips="0" reg_code="8392857828"/>
</players>
</general>
<round no="0"><action no="1" player="kizza89" type="15" discard="1" dealt="1" sum="5"/>
<action no="2" player="VlasOff871" type="15" discard="1" dealt="1" sum="5"/>
<action no="3" player="oreiasccp" type="15" sum="5"/>
<action no="4" player="kizza89" type="1" discard="1" dealt="1" sum="20"/>
<action no="5" player="VlasOff871" type="2" discard="1" dealt="1" sum="40"/>
</round>
<round no="1"><cards type="Pocket" player="VlasOff871">C9 C3</cards>
<cards type="Pocket" player="oreiasccp">H10 SK</cards>
<cards type="Pocket" player="kizza89">X X</cards>
<action no="6" player="oreiasccp" type="23" sum="275"/>
<action no="7" player="kizza89" type="0" discard="1" dealt="1" sum="0"/>
<action no="8" player="VlasOff871" type="3" discard="1" dealt="1" sum="235"/>
</round>
<round no="2"><cards type="Flop">S9 S2 H3</cards>
</round>
<round no="3"><cards type="Turn">DQ</cards>
</round>
<round no="4"><cards type="River">DA</cards>
</round>
</game>
</session>
