<?xml version="1.0" encoding="UTF-8"?>
<session sessioncode="8392788382">
<general>
<client_version>25.1.1.13</client_version>
<mode>real</mode>
<gametype>Holdem NL</gametype>
<tablename>Twister €5 SNG, 1128647132</tablename>
<tournamentcode>1128647131</tournamentcode>
<tournamentname>Twister €5 SNG</tournamentname>
<buyin>€0 + €0.35 + €4.65</buyin>
<totalbuyin>€5</totalbuyin>
<rewarddrawn>€10</rewarddrawn>
<tournamentcurrency>EUR</tournamentcurrency>
<currency>EUR</currency>
<nickname>oreiasccp</nickname>
<gamecount>16</gamecount>
<startdate>2025-06-27 10:03:49</startdate>
<place>3</place>
<win>€0</win>
<tablesize>3</tablesize>
</general>
<game gamecode="11536541597"><general><startdate>2025-06-27 10:04:05</startdate>
<round>1</round>
<failsafecounter/>
<players><player seat="10" name="Perceptiveicy93" chips="500" dealer="0" win="20" bet="20" muck="1" rebuy="0" addon="0" merge="0" rebuychips="0" reg_code="8392788549"/>
<player seat="3" name="oreiasccp" chips="500" dealer="1" win="0" bet="0" muck="1" rebuy="0" addon="0" merge="0" rebuychips="0" reg_code="8392788382"/>
<player seat="6" name="gasgas" chips="500" dealer="0" win="0" bet="10" muck="1" rebuy="0" addon="0" merge="0" rebuychips="0" reg_code="8392788503"/>
</players>
</general>
<round no="0"><action no="1" player="gasgas" type="1" discard="1" dealt="1" sum="10"/>
<action no="2" player="Perceptiveicy93" type="2" discard="1" dealt="1" sum="20"/>
</round>
<round no="1"><cards type="Pocket" player="oreiasccp">CK S4</cards>
<cards type="Pocket" player="gasgas">X X</cards>
<cards type="Pocket" player="Perceptiveicy93">X X</cards>
<action no="3" player="oreiasccp" type="0" sum="0"/>
<action no="4" player="gasgas" type="0" discard="1" dealt="1" sum="0"/>
</round>
</game>
<game gamecode="11536541620"><general><startdate>2025-06-27 10:04:14</startdate>
<round>1</round>
<failsafecounter/>
<players><player seat="3" name="oreiasccp" chips="500" dealer="0" win="0" bet="20" muck="1" rebuy="0" addon="0" merge="0" rebuychips="0" reg_code="8392788382"/>
<player seat="6" name="gasgas" chips="490" dealer="1" win="0" bet="40" muck="1" rebuy="0" addon="0" merge="0" rebuychips="0" reg_code="8392788503"/>
<player seat="10" name="Perceptiveicy93" chips="510" dealer="0" win="100" bet="200" muck="1" rebuy="0" addon="0" merge="0" rebuychips="0" reg_code="8392788549"/>
</players>
</general>
<round no="0"><action no="1" player="Perceptiveicy93" type="1" discard="1" dealt="1" sum="10"/>
<action no="2" player="oreiasccp" type="2" sum="20"/>
</round>
<round no="1"><cards type="Pocket" player="gasgas">X X</cards>
<cards type="Pocket" player="oreiasccp">C5 S10</cards>
<cards type="Pocket" player="Perceptiveicy93">X X</cards>
<action no="3" player="gasgas" type="23" discard="1" dealt="1" sum="40"/>
<action no="4" player="Perceptiveicy93" type="3" discard="1" dealt="1" sum="30"/>
<action no="5" player="oreiasccp" type="0" sum="0"/>
</round>
<round no="2"><cards type="Flop">H3 S7 H5</cards>
<action no="6" player="Perceptiveicy93" type="4" discard="1" dealt="1" sum="0"/>
<action no="7" player="gasgas" type="4" discard="1" dealt="1" sum="0"/>
</round>
<round no="3"><cards type="Turn">CJ</cards>
<action no="8" player="Perceptiveicy93" type="4" discard="1" dealt="1" sum="0"/>
<action no="9" player="gasgas" type="4" discard="1" dealt="1" sum="0"/>
</round>
<round no="4"><cards type="River">C6</cards>
<action no="10" player="Perceptiveicy93" type="5" discard="1" dealt="1" sum="160"/>
<action no="11" player="gasgas" type="0" discard="1" dealt="1" sum="0"/>
</round>
</game>
<game gamecode="11536541839"><general><startdate>2025-06-27 10:05:24</startdate>
<round>1</round>
<failsafecounter/>
<players><player seat="6" name="gasgas" chips="450" dealer="0" win="130" bet="60" muck="0" rebuy="0" addon="0" merge="0" rebuychips="0" reg_code="8392788503"/>
<player seat="10" name="Perceptiveicy93" chips="570" dealer="1" win="0" bet="60" muck="1" rebuy="0" addon="0" merge="0" rebuychips="0" reg_code="8392788549"/>
<player seat="3" name="oreiasccp" chips="480" dealer="0" win="0" bet="10" muck="1" rebuy="0" addon="0" merge="0" rebuychips="0" reg_code="8392788382"/>
</players>
</general>
<round no="0"><action no="1" player="oreiasccp" type="1" sum="10"/>
<action no="2" player="gasgas" type="2" discard="1" dealt="1" sum="20"/>
</round>
<round no="1"><cards type="Pocket" player="gasgas">HQ HK</cards>
<cards type="Pocket" player="oreiasccp">S7 D5</cards>
<cards type="Pocket" player="Perceptiveicy93">D10 DK</cards>
<action no="3" player="Perceptiveicy93" type="3" discard="1" dealt="1" sum="20"/>
<action no="4" player="oreiasccp" type="0" sum="0"/>
<action no="5" player="gasgas" type="23" discard="1" dealt="1" sum="60"/>
<action no="6" player="Perceptiveicy93" type="3" discard="1" dealt="1" sum="40"/>
</round>
<round no="2"><cards type="Flop">H7 SA CA</cards>
<action no="7" player="gasgas" type="4" discard="1" dealt="1" sum="0"/>
<action no="8" player="Perceptiveicy93" type="4" discard="1" dealt="1" sum="0"/>
</round>
<round no="3"><cards type="Turn">D8</cards>
<action no="9" player="gasgas" type="4" discard="1" dealt="1" sum="0"/>
<action no="10" player="Perceptiveicy93" type="4" discard="1" dealt="1" sum="0"/>
</round>
<round no="4"><cards type="River">S2</cards>
<action no="11" player="gasgas" type="4" discard="1" dealt="1" sum="0"/>
<action no="12" player="Perceptiveicy93" type="4" discard="1" dealt="1" sum="0"/>
</round>
</game>
<game gamecode="11536541940"><general><startdate>2025-06-27 10:05:59</startdate>
<round>1</round>
<failsafecounter/>
<players><player seat="10" name="Perceptiveicy93" chips="510" dealer="0" win="0" bet="20" muck="1" rebuy="0" addon="0" merge="0" rebuychips="0" reg_code="8392788549"/>
<player seat="3" name="oreiasccp" chips="470" dealer="1" win="0" bet="0" muck="1" rebuy="0" addon="0" merge="0" rebuychips="0" reg_code="8392788382"/>
<player seat="6" name="gasgas" chips="520" dealer="0" win="40" bet="520" muck="1" rebuy="0" addon="0" merge="0" rebuychips="0" reg_code="8392788503"/>
</players>
</general>
<round no="0"><action no="1" player="gasgas" type="1" discard="1" dealt="1" sum="10"/>
<action no="2" player="Perceptiveicy93" type="2" discard="1" dealt="1" sum="20"/>
</round>
<round no="1"><cards type="Pocket" player="Perceptiveicy93">X X</cards>
<cards type="Pocket" player="oreiasccp">S5 DJ</cards>
<cards type="Pocket" player="gasgas">X X</cards>
<action no="3" player="oreiasccp" type="0" sum="0"/>
<action no="4" player="gasgas" type="23" discard="1" dealt="1" sum="520"/>
<action no="5" player="Perceptiveicy93" type="0" discard="1" dealt="1" sum="0"/>
</round>
</game>
<game gamecode="11536541983"><general><startdate>2025-06-27 10:06:13</startdate>
<round>1</round>
<failsafecounter/>
<players><player seat="3" name="oreiasccp" chips="470" dealer="0" win="0" bet="35" muck="1" rebuy="0" addon="0" merge="0" rebuychips="0" reg_code="8392788382"/>
<player seat="6" name="gasgas" chips="540" dealer="1" win="165" bet="125" muck="1" rebuy="0" addon="0" merge="0" rebuychips="0" reg_code="8392788503"/>
<player seat="10" name="Perceptiveicy93" chips="490" dealer="0" win="0" bet="65" muck="1" rebuy="0" addon="0" merge="0" rebuychips="0" reg_code="8392788549"/>
</players>
</general>
<round no="0"><action no="1" player="Perceptiveicy93" type="15" discard="1" dealt="1" sum="5"/>
<action no="2" player="oreiasccp" type="15" sum="5"/>
<action no="3" player="gasgas" type="15" discard="1" dealt="1" sum="5"/>
<action no="4" player="Perceptiveicy93" type="1" discard="1" dealt="1" sum="15"/>
<action no="5" player="oreiasccp" type="2" sum="30"/>
</round>
<round no="1"><cards type="Pocket" player="gasgas">X X</cards>
<cards type="Pocket" player="Perceptiveicy93">X X</cards>
<cards type="Pocket" player="oreiasccp">S7 H9</cards>
<action no="6" player="gasgas" type="23" discard="1" dealt="1" sum="60"/>
<action no="7" player="Perceptiveicy93" type="3" discard="1" dealt="1" sum="45"/>
<action no="8" player="oreiasccp" type="0" sum="0"/>
</round>
<round no="2"><cards type="Flop">D2 D6 H7</cards>
<action no="9" player="Perceptiveicy93" type="4" discard="1" dealt="1" sum="0"/>
<action no="10" player="gasgas" type="5" discard="1" dealt="1" sum="60"/>
<action no="11" player="Perceptiveicy93" type="0" discard="1" dealt="1" sum="0"/>
</round>
</game>
<game gamecode="11536542047"><general><startdate>2025-06-27 10:06:35</startdate>
<round>1</round>
<failsafecounter/>
<players><player seat="6" name="gasgas" chips="640" dealer="0" win="195" bet="140" muck="1" rebuy="0" addon="0" merge="0" rebuychips="0" reg_code="8392788503"/>
<player seat="10" name="Perceptiveicy93" chips="425" dealer="1" win="0" bet="5" muck="1" rebuy="0" addon="0" merge="0" rebuychips="0" reg_code="8392788549"/>
<player seat="3" name="oreiasccp" chips="435" dealer="0" win="0" bet="95" muck="1" rebuy="0" addon="0" merge="0" rebuychips="0" reg_code="8392788382"/>
</players>
</general>
<round no="0"><action no="1" player="oreiasccp" type="15" sum="5"/>
<action no="2" player="gasgas" type="15" discard="1" dealt="1" sum="5"/>
<action no="3" player="Perceptiveicy93" type="15" discard="1" dealt="1" sum="5"/>
<action no="4" player="oreiasccp" type="1" sum="15"/>
<action no="5" player="gasgas" type="2" discard="1" dealt="1" sum="30"/>
</round>
<round no="1"><cards type="Pocket" player="Perceptiveicy93">X X</cards>
<cards type="Pocket" player="gasgas">X X</cards>
<cards type="Pocket" player="oreiasccp">CJ D9</cards>
<action no="6" player="Perceptiveicy93" type="0" discard="1" dealt="1" sum="0"/>
<action no="7" player="oreiasccp" type="23" sum="60"/>
<action no="8" player="gasgas" type="3" discard="1" dealt="1" sum="30"/>
</round>
<round no="2"><cards type="Flop">CQ C4 H2</cards>
<action no="9" player="oreiasccp" type="5" sum="30"/>
<action no="10" player="gasgas" type="23" discard="1" dealt="1" sum="75"/>
<action no="11" player="oreiasccp" type="0" sum="0"/>
</round>
</game>
<game gamecode="11536542108"><general><startdate>2025-06-27 10:06:59</startdate>
<round>1</round>
<failsafecounter/>
<players><player seat="10" name="Perceptiveicy93" chips="420" dealer="0" win="45" bet="35" muck="1" rebuy="0" addon="0" merge="0" rebuychips="0" reg_code="8392788549"/>
<player seat="3" name="oreiasccp" chips="340" dealer="1" win="0" bet="5" muck="1" rebuy="0" addon="0" merge="0" rebuychips="0" reg_code="8392788382"/>
<player seat="6" name="gasgas" chips="740" dealer="0" win="0" bet="20" muck="1" rebuy="0" addon="0" merge="0" rebuychips="0" reg_code="8392788503"/>
</players>
</general>
<round no="0"><action no="1" player="gasgas" type="15" discard="1" dealt="1" sum="5"/>
<action no="2" player="Perceptiveicy93" type="15" discard="1" dealt="1" sum="5"/>
<action no="3" player="oreiasccp" type="15" sum="5"/>
<action no="4" player="gasgas" type="1" discard="1" dealt="1" sum="15"/>
<action no="5" player="Perceptiveicy93" type="2" discard="1" dealt="1" sum="30"/>
</round>
<round no="1"><cards type="Pocket" player="oreiasccp">C7 D8</cards>
<cards type="Pocket" player="gasgas">X X</cards>
<cards type="Pocket" player="Perceptiveicy93">X X</cards>
<action no="6" player="oreiasccp" type="0" sum="0"/>
<action no="7" player="gasgas" type="0" discard="1" dealt="1" sum="0"/>
</round>
</game>
<game gamecode="11536542134"><general><startdate>2025-06-27 10:07:07</startdate>
<round>1</round>
<failsafecounter/>
<players><player seat="3" name="oreiasccp" chips="335" dealer="0" win="0" bet="121" muck="1" rebuy="0" addon="0" merge="0" rebuychips="0" reg_code="8392788382"/>
<player seat="6" name="gasgas" chips="720" dealer="1" win="0" bet="5" muck="1" rebuy="0" addon="0" merge="0" rebuychips="0" reg_code="8392788503"/>
<player seat="10" name="Perceptiveicy93" chips="445" dealer="0" win="247" bet="445" muck="1" rebuy="0" addon="0" merge="0" rebuychips="0" reg_code="8392788549"/>
</players>
</general>
<round no="0"><action no="1" player="Perceptiveicy93" type="15" discard="1" dealt="1" sum="5"/>
<action no="2" player="oreiasccp" type="15" sum="5"/>
<action no="3" player="gasgas" type="15" discard="1" dealt="1" sum="5"/>
<action no="4" player="Perceptiveicy93" type="1" discard="1" dealt="1" sum="15"/>
<action no="5" player="oreiasccp" type="2" sum="30"/>
</round>
<round no="1"><cards type="Pocket" player="gasgas">X X</cards>
<cards type="Pocket" player="Perceptiveicy93">X X</cards>
<cards type="Pocket" player="oreiasccp">CQ CK</cards>
<action no="6" player="gasgas" type="0" discard="1" dealt="1" sum="0"/>
<action no="7" player="Perceptiveicy93" type="3" discard="1" dealt="1" sum="15"/>
<action no="8" player="oreiasccp" type="23" sum="75"/>
<action no="9" player="Perceptiveicy93" type="3" discard="1" dealt="1" sum="45"/>
</round>
<round no="2"><cards type="Flop">H9 S2 C7</cards>
<action no="10" player="Perceptiveicy93" type="4" discard="1" dealt="1" sum="0"/>
<action no="11" player="oreiasccp" type="4" sum="0"/>
</round>
<round no="3"><cards type="Turn">HA</cards>
<action no="12" player="Perceptiveicy93" type="4" discard="1" dealt="1" sum="0"/>
<action no="13" player="oreiasccp" type="5" sum="41"/>
<action no="14" player="Perceptiveicy93" type="23" discard="1" dealt="1" sum="365"/>
<action no="15" player="oreiasccp" type="0" sum="0"/>
</round>
</game>
<game gamecode="11536542243"><general><startdate>2025-06-27 10:07:44</startdate>
<round>1</round>
<failsafecounter/>
<players><player seat="6" name="gasgas" chips="715" dealer="0" win="45" bet="35" muck="1" rebuy="0" addon="0" merge="0" rebuychips="0" reg_code="8392788503"/>
<player seat="10" name="Perceptiveicy93" chips="571" dealer="1" win="0" bet="5" muck="1" rebuy="0" addon="0" merge="0" rebuychips="0" reg_code="8392788549"/>
<player seat="3" name="oreiasccp" chips="214" dealer="0" win="0" bet="20" muck="1" rebuy="0" addon="0" merge="0" rebuychips="0" reg_code="8392788382"/>
</players>
</general>
<round no="0"><action no="1" player="oreiasccp" type="15" sum="5"/>
<action no="2" player="gasgas" type="15" discard="1" dealt="1" sum="5"/>
<action no="3" player="Perceptiveicy93" type="15" discard="1" dealt="1" sum="5"/>
<action no="4" player="oreiasccp" type="1" sum="15"/>
<action no="5" player="gasgas" type="2" discard="1" dealt="1" sum="30"/>
</round>
<round no="1"><cards type="Pocket" player="Perceptiveicy93">X X</cards>
<cards type="Pocket" player="oreiasccp">C6 D10</cards>
<cards type="Pocket" player="gasgas">X X</cards>
<action no="6" player="Perceptiveicy93" type="0" discard="1" dealt="1" sum="0"/>
<action no="7" player="oreiasccp" type="0" sum="0"/>
</round>
</game>
<game gamecode="11536542272"><general><startdate>2025-06-27 10:07:54</startdate>
<round>1</round>
<failsafecounter/>
<players><player seat="10" name="Perceptiveicy93" chips="566" dealer="0" win="0" bet="35" muck="1" rebuy="0" addon="0" merge="0" rebuychips="0" reg_code="8392788549"/>
<player seat="3" name="oreiasccp" chips="194" dealer="1" win="0" bet="5" muck="1" rebuy="0" addon="0" merge="0" rebuychips="0" reg_code="8392788382"/>
<player seat="6" name="gasgas" chips="740" dealer="0" win="75" bet="65" muck="1" rebuy="0" addon="0" merge="0" rebuychips="0" reg_code="8392788503"/>
</players>
</general>
<round no="0"><action no="1" player="gasgas" type="15" discard="1" dealt="1" sum="5"/>
<action no="2" player="Perceptiveicy93" type="15" discard="1" dealt="1" sum="5"/>
<action no="3" player="oreiasccp" type="15" sum="5"/>
<action no="4" player="gasgas" type="1" discard="1" dealt="1" sum="15"/>
<action no="5" player="Perceptiveicy93" type="2" discard="1" dealt="1" sum="30"/>
</round>
<round no="1"><cards type="Pocket" player="Perceptiveicy93">X X</cards>
<cards type="Pocket" player="oreiasccp">HQ H4</cards>
<cards type="Pocket" player="gasgas">X X</cards>
<action no="6" player="oreiasccp" type="0" sum="0"/>
<action no="7" player="gasgas" type="3" discard="1" dealt="1" sum="15"/>
<action no="8" player="Perceptiveicy93" type="4" discard="1" dealt="1" sum="0"/>
</round>
<round no="2"><cards type="Flop">D6 C9 C3</cards>
<action no="9" player="gasgas" type="5" discard="1" dealt="1" sum="30"/>
<action no="10" player="Perceptiveicy93" type="0" discard="1" dealt="1" sum="0"/>
</round>
</game>
<game gamecode="11536549542"><general><startdate>2025-06-27 10:08:13</startdate>
<round>1</round>
<failsafecounter/>
<players><player seat="3" name="oreiasccp" chips="189" dealer="0" win="95" bet="189" muck="1" rebuy="0" addon="0" merge="0" rebuychips="0" reg_code="8392788382"/>
<player seat="6" name="gasgas" chips="780" dealer="1" win="0" bet="5" muck="1" rebuy="0" addon="0" merge="0" rebuychips="0" reg_code="8392788503"/>
<player seat="10" name="Perceptiveicy93" chips="531" dealer="0" win="0" bet="45" muck="1" rebuy="0" addon="0" merge="0" rebuychips="0" reg_code="8392788549"/>
</players>
</general>
<round no="0"><action no="1" player="Perceptiveicy93" type="15" discard="1" dealt="1" sum="5"/>
<action no="2" player="oreiasccp" type="15" sum="5"/>
<action no="3" player="gasgas" type="15" discard="1" dealt="1" sum="5"/>
<action no="4" player="Perceptiveicy93" type="1" discard="1" dealt="1" sum="20"/>
<action no="5" player="oreiasccp" type="2" sum="40"/>
</round>
<round no="1"><cards type="Pocket" player="gasgas">X X</cards>
<cards type="Pocket" player="oreiasccp">SA D6</cards>
<cards type="Pocket" player="Perceptiveicy93">X X</cards>
<action no="6" player="gasgas" type="0" discard="1" dealt="1" sum="0"/>
<action no="7" player="Perceptiveicy93" type="3" discard="1" dealt="1" sum="20"/>
<action no="8" player="oreiasccp" type="23" sum="184"/>
<action no="9" player="Perceptiveicy93" type="0" discard="1" dealt="1" sum="0"/>
</round>
</game>
<game gamecode="11536549594"><general><startdate>2025-06-27 10:08:30</startdate>
<round>1</round>
<failsafecounter/>
<players><player seat="6" name="gasgas" chips="775" dealer="0" win="0" bet="45" muck="1" rebuy="0" addon="0" merge="0" rebuychips="0" reg_code="8392788503"/>
<player seat="10" name="Perceptiveicy93" chips="486" dealer="1" win="115" bet="160" muck="1" rebuy="0" addon="0" merge="0" rebuychips="0" reg_code="8392788549"/>
<player seat="3" name="oreiasccp" chips="239" dealer="0" win="0" bet="25" muck="1" rebuy="0" addon="0" merge="0" rebuychips="0" reg_code="8392788382"/>
</players>
</general>
<round no="0"><action no="1" player="oreiasccp" type="15" sum="5"/>
<action no="2" player="gasgas" type="15" discard="1" dealt="1" sum="5"/>
<action no="3" player="Perceptiveicy93" type="15" discard="1" dealt="1" sum="5"/>
<action no="4" player="oreiasccp" type="1" sum="20"/>
<action no="5" player="gasgas" type="2" discard="1" dealt="1" sum="40"/>
</round>
<round no="1"><cards type="Pocket" player="gasgas">X X</cards>
<cards type="Pocket" player="oreiasccp">H5 D4</cards>
<cards type="Pocket" player="Perceptiveicy93">X X</cards>
<action no="6" player="Perceptiveicy93" type="3" discard="1" dealt="1" sum="40"/>
<action no="7" player="oreiasccp" type="0" sum="0"/>
<action no="8" player="gasgas" type="4" discard="1" dealt="1" sum="0"/>
</round>
<round no="2"><cards type="Flop">HQ H7 C4</cards>
<action no="9" player="gasgas" type="4" discard="1" dealt="1" sum="0"/>
<action no="10" player="Perceptiveicy93" type="5" discard="1" dealt="1" sum="115"/>
<action no="11" player="gasgas" type="0" discard="1" dealt="1" sum="0"/>
</round>
</game>
<game gamecode="11536549668"><general><startdate>2025-06-27 10:09:01</startdate>
<round>1</round>
<failsafecounter/>
<players><player seat="10" name="Perceptiveicy93" chips="556" dealer="0" win="55" bet="45" muck="1" rebuy="0" addon="0" merge="0" rebuychips="0" reg_code="8392788549"/>
<player seat="3" name="oreiasccp" chips="214" dealer="1" win="0" bet="5" muck="1" rebuy="0" addon="0" merge="0" rebuychips="0" reg_code="8392788382"/>
<player seat="6" name="gasgas" chips="730" dealer="0" win="0" bet="25" muck="1" rebuy="0" addon="0" merge="0" rebuychips="0" reg_code="8392788503"/>
</players>
</general>
<round no="0"><action no="1" player="gasgas" type="15" discard="1" dealt="1" sum="5"/>
<action no="2" player="Perceptiveicy93" type="15" discard="1" dealt="1" sum="5"/>
<action no="3" player="oreiasccp" type="15" sum="5"/>
<action no="4" player="gasgas" type="1" discard="1" dealt="1" sum="20"/>
<action no="5" player="Perceptiveicy93" type="2" discard="1" dealt="1" sum="40"/>
</round>
<round no="1"><cards type="Pocket" player="gasgas">X X</cards>
<cards type="Pocket" player="oreiasccp">H6 SK</cards>
<cards type="Pocket" player="Perceptiveicy93">X X</cards>
<action no="6" player="oreiasccp" type="0" sum="0"/>
<action no="7" player="gasgas" type="0" discard="1" dealt="1" sum="0"/>
</round>
</game>
<game gamecode="11536549701"><general><startdate>2025-06-27 10:09:12</startdate>
<round>1</round>
<failsafecounter/>
<players><player seat="3" name="oreiasccp" chips="209" dealer="0" win="0" bet="85" muck="1" rebuy="0" addon="0" merge="0" rebuychips="0" reg_code="8392788382"/>
<player seat="6" name="gasgas" chips="705" dealer="1" win="195" bet="125" muck="1" rebuy="0" addon="0" merge="0" rebuychips="0" reg_code="8392788503"/>
<player seat="10" name="Perceptiveicy93" chips="586" dealer="0" win="0" bet="25" muck="1" rebuy="0" addon="0" merge="0" rebuychips="0" reg_code="8392788549"/>
</players>
</general>
<round no="0"><action no="1" player="Perceptiveicy93" type="15" discard="1" dealt="1" sum="5"/>
<action no="2" player="oreiasccp" type="15" sum="5"/>
<action no="3" player="gasgas" type="15" discard="1" dealt="1" sum="5"/>
<action no="4" player="Perceptiveicy93" type="1" discard="1" dealt="1" sum="20"/>
<action no="5" player="oreiasccp" type="2" sum="40"/>
</round>
<round no="1"><cards type="Pocket" player="Perceptiveicy93">X X</cards>
<cards type="Pocket" player="gasgas">X X</cards>
<cards type="Pocket" player="oreiasccp">SQ SJ</cards>
<action no="6" player="gasgas" type="23" discard="1" dealt="1" sum="80"/>
<action no="7" player="Perceptiveicy93" type="0" discard="1" dealt="1" sum="0"/>
<action no="8" player="oreiasccp" type="3" sum="40"/>
</round>
<round no="2"><cards type="Flop">S4 D3 CK</cards>
<action no="9" player="oreiasccp" type="4" sum="0"/>
<action no="10" player="gasgas" type="5" discard="1" dealt="1" sum="40"/>
<action no="11" player="oreiasccp" type="0" sum="0"/>
</round>
</game>
<game gamecode="11536549806"><general><startdate>2025-06-27 10:09:50</startdate>
<round>1</round>
<failsafecounter/>
<players><player seat="6" name="gasgas" chips="815" dealer="0" win="0" bet="45" muck="1" rebuy="0" addon="0" merge="0" rebuychips="0" reg_code="8392788503"/>
<player seat="10" name="Perceptiveicy93" chips="561" dealer="1" win="115" bet="160" muck="1" rebuy="0" addon="0" merge="0" rebuychips="0" reg_code="8392788549"/>
<player seat="3" name="oreiasccp" chips="124" dealer="0" win="0" bet="25" muck="1" rebuy="0" addon="0" merge="0" rebuychips="0" reg_code="8392788382"/>
</players>
</general>
<round no="0"><action no="1" player="oreiasccp" type="15" sum="5"/>
<action no="2" player="gasgas" type="15" discard="1" dealt="1" sum="5"/>
<action no="3" player="Perceptiveicy93" type="15" discard="1" dealt="1" sum="5"/>
<action no="4" player="oreiasccp" type="1" sum="20"/>
<action no="5" player="gasgas" type="2" discard="1" dealt="1" sum="40"/>
</round>
<round no="1"><cards type="Pocket" player="oreiasccp">S3 C4</cards>
<cards type="Pocket" player="gasgas">X X</cards>
<cards type="Pocket" player="Perceptiveicy93">X X</cards>
<action no="6" player="Perceptiveicy93" type="3" discard="1" dealt="1" sum="40"/>
<action no="7" player="oreiasccp" type="0" sum="0"/>
<action no="8" player="gasgas" type="4" discard="1" dealt="1" sum="0"/>
</round>
<round no="2"><cards type="Flop">CA S9 SK</cards>
<action no="9" player="gasgas" type="4" discard="1" dealt="1" sum="0"/>
<action no="10" player="Perceptiveicy93" type="5" discard="1" dealt="1" sum="115"/>
<action no="11" player="gasgas" type="0" discard="1" dealt="1" sum="0"/>
</round>
</game>
<game gamecode="11536549889"><general><startdate>2025-06-27 10:10:18</startdate>
<round>1</round>
<failsafecounter/>
<players><player seat="10" name="Perceptiveicy93" chips="631" dealer="0" win="1,361" bet="631" muck="0" rebuy="0" addon="0" merge="0" rebuychips="0" reg_code="8392788549"/>
<player seat="3" name="oreiasccp" chips="99" dealer="1" win="0" bet="99" muck="1" rebuy="0" addon="0" merge="0" rebuychips="0" reg_code="8392788382"/>
<player seat="6" name="gasgas" chips="770" dealer="0" win="0" bet="770" muck="1" rebuy="0" addon="0" merge="0" rebuychips="0" reg_code="8392788503"/>
</players>
</general>
<round no="0"><action no="1" player="gasgas" type="15" discard="1" dealt="1" sum="5"/>
<action no="2" player="Perceptiveicy93" type="15" discard="1" dealt="1" sum="5"/>
<action no="3" player="oreiasccp" type="15" sum="5"/>
<action no="4" player="gasgas" type="1" discard="1" dealt="1" sum="30"/>
<action no="5" player="Perceptiveicy93" type="2" discard="1" dealt="1" sum="60"/>
</round>
<round no="1"><cards type="Pocket" player="Perceptiveicy93">S9 DJ</cards>
<cards type="Pocket" player="oreiasccp">H8 SQ</cards>
<cards type="Pocket" player="gasgas">D5 HA</cards>
<action no="6" player="oreiasccp" type="7" sum="94"/>
<action no="7" player="gasgas" type="23" discard="1" dealt="1" sum="765"/>
<action no="8" player="Perceptiveicy93" type="7" discard="1" dealt="1" sum="566"/>
</round>
<round no="2"><cards type="Flop">CJ C10 C8</cards>
</round>
<round no="3"><cards type="Turn">S2</cards>
</round>
<round no="4"><cards type="River">H6</cards>
</round>
</game>
</session>
