<?xml version="1.0" encoding="UTF-8"?>
<session sessioncode="8392878518">
<general>
<client_version>25.1.1.13</client_version>
<mode>real</mode>
<gametype>Holdem NL</gametype>
<tablename>Twister €5 SNG, 1128657974</tablename>
<tournamentcode>1128657973</tournamentcode>
<tournamentname>Twister €5 SNG</tournamentname>
<buyin>€0 + €0.35 + €4.65</buyin>
<totalbuyin>€5</totalbuyin>
<rewarddrawn>€15</rewarddrawn>
<tournamentcurrency>EUR</tournamentcurrency>
<currency>EUR</currency>
<nickname>oreiasccp</nickname>
<gamecount>14</gamecount>
<startdate>2025-06-27 13:50:01</startdate>
<place>3</place>
<win>€0</win>
<tablesize>3</tablesize>
</general>
<game gamecode="11536757112"><general><startdate>2025-06-27 13:50:16</startdate>
<round>1</round>
<failsafecounter/>
<players><player seat="6" name="Shrewdcruel188" chips="500" dealer="0" win="0" bet="20" muck="1" rebuy="0" addon="0" merge="0" rebuychips="0" reg_code="8392878469"/>
<player seat="10" name="oreiasccp" chips="500" dealer="1" win="0" bet="0" muck="1" rebuy="0" addon="0" merge="0" rebuychips="0" reg_code="8392878518"/>
<player seat="3" name="ineverSt0p" chips="500" dealer="0" win="40" bet="60" muck="1" rebuy="0" addon="0" merge="0" rebuychips="0" reg_code="8392878316"/>
</players>
</general>
<round no="0"><action no="1" player="ineverSt0p" type="1" discard="1" dealt="1" sum="10"/>
<action no="2" player="Shrewdcruel188" type="2" discard="1" dealt="1" sum="20"/>
</round>
<round no="1"><cards type="Pocket" player="oreiasccp">S3 DJ</cards>
<cards type="Pocket" player="Shrewdcruel188">X X</cards>
<cards type="Pocket" player="ineverSt0p">X X</cards>
<action no="3" player="oreiasccp" type="0" sum="0"/>
<action no="4" player="ineverSt0p" type="23" discard="1" dealt="1" sum="60"/>
<action no="5" player="Shrewdcruel188" type="0" discard="1" dealt="1" sum="0"/>
</round>
</game>
<game gamecode="11536757188"><general><startdate>2025-06-27 13:50:33</startdate>
<round>1</round>
<failsafecounter/>
<players><player seat="10" name="oreiasccp" chips="500" dealer="0" win="0" bet="20" muck="1" rebuy="0" addon="0" merge="0" rebuychips="0" reg_code="8392878518"/>
<player seat="3" name="ineverSt0p" chips="520" dealer="1" win="50" bet="40" muck="1" rebuy="0" addon="0" merge="0" rebuychips="0" reg_code="8392878316"/>
<player seat="6" name="Shrewdcruel188" chips="480" dealer="0" win="0" bet="10" muck="1" rebuy="0" addon="0" merge="0" rebuychips="0" reg_code="8392878469"/>
</players>
</general>
<round no="0"><action no="1" player="Shrewdcruel188" type="1" discard="1" dealt="1" sum="10"/>
<action no="2" player="oreiasccp" type="2" sum="20"/>
</round>
<round no="1"><cards type="Pocket" player="oreiasccp">DK H3</cards>
<cards type="Pocket" player="ineverSt0p">X X</cards>
<cards type="Pocket" player="Shrewdcruel188">X X</cards>
<action no="3" player="ineverSt0p" type="23" discard="1" dealt="1" sum="40"/>
<action no="4" player="Shrewdcruel188" type="0" discard="1" dealt="1" sum="0"/>
<action no="5" player="oreiasccp" type="0" sum="0"/>
</round>
</game>
<game gamecode="11536757255"><general><startdate>2025-06-27 13:50:47</startdate>
<round>1</round>
<failsafecounter/>
<players><player seat="3" name="ineverSt0p" chips="550" dealer="0" win="0" bet="85" muck="1" rebuy="0" addon="0" merge="0" rebuychips="0" reg_code="8392878316"/>
<player seat="6" name="Shrewdcruel188" chips="470" dealer="1" win="180" bet="85" muck="0" rebuy="0" addon="0" merge="0" rebuychips="0" reg_code="8392878469"/>
<player seat="10" name="oreiasccp" chips="480" dealer="0" win="0" bet="10" muck="1" rebuy="0" addon="0" merge="0" rebuychips="0" reg_code="8392878518"/>
</players>
</general>
<round no="0"><action no="1" player="oreiasccp" type="1" sum="10"/>
<action no="2" player="ineverSt0p" type="2" discard="1" dealt="1" sum="20"/>
</round>
<round no="1"><cards type="Pocket" player="Shrewdcruel188">HJ D9</cards>
<cards type="Pocket" player="ineverSt0p">C2 H7</cards>
<cards type="Pocket" player="oreiasccp">C4 SJ</cards>
<action no="3" player="Shrewdcruel188" type="3" discard="1" dealt="1" sum="20"/>
<action no="4" player="oreiasccp" type="0" sum="0"/>
<action no="5" player="ineverSt0p" type="4" discard="1" dealt="1" sum="0"/>
</round>
<round no="2"><cards type="Flop">D7 D3 CJ</cards>
<action no="6" player="ineverSt0p" type="4" discard="1" dealt="1" sum="0"/>
<action no="7" player="Shrewdcruel188" type="5" discard="1" dealt="1" sum="25"/>
<action no="8" player="ineverSt0p" type="3" discard="1" dealt="1" sum="25"/>
</round>
<round no="3"><cards type="Turn">SQ</cards>
<action no="9" player="ineverSt0p" type="4" discard="1" dealt="1" sum="0"/>
<action no="10" player="Shrewdcruel188" type="5" discard="1" dealt="1" sum="20"/>
<action no="11" player="ineverSt0p" type="3" discard="1" dealt="1" sum="20"/>
</round>
<round no="4"><cards type="River">DK</cards>
<action no="12" player="ineverSt0p" type="4" discard="1" dealt="1" sum="0"/>
<action no="13" player="Shrewdcruel188" type="5" discard="1" dealt="1" sum="20"/>
<action no="14" player="ineverSt0p" type="3" discard="1" dealt="1" sum="20"/>
</round>
</game>
<game gamecode="11536757480"><general><startdate>2025-06-27 13:51:37</startdate>
<round>1</round>
<failsafecounter/>
<players><player seat="6" name="Shrewdcruel188" chips="565" dealer="0" win="0" bet="20" muck="1" rebuy="0" addon="0" merge="0" rebuychips="0" reg_code="8392878469"/>
<player seat="10" name="oreiasccp" chips="470" dealer="1" win="0" bet="0" muck="1" rebuy="0" addon="0" merge="0" rebuychips="0" reg_code="8392878518"/>
<player seat="3" name="ineverSt0p" chips="465" dealer="0" win="40" bet="50" muck="1" rebuy="0" addon="0" merge="0" rebuychips="0" reg_code="8392878316"/>
</players>
</general>
<round no="0"><action no="1" player="ineverSt0p" type="1" discard="1" dealt="1" sum="10"/>
<action no="2" player="Shrewdcruel188" type="2" discard="1" dealt="1" sum="20"/>
</round>
<round no="1"><cards type="Pocket" player="oreiasccp">D5 DJ</cards>
<cards type="Pocket" player="Shrewdcruel188">X X</cards>
<cards type="Pocket" player="ineverSt0p">X X</cards>
<action no="3" player="oreiasccp" type="0" sum="0"/>
<action no="4" player="ineverSt0p" type="23" discard="1" dealt="1" sum="50"/>
<action no="5" player="Shrewdcruel188" type="0" discard="1" dealt="1" sum="0"/>
</round>
</game>
<game gamecode="11536757603"><general><startdate>2025-06-27 13:52:02</startdate>
<round>1</round>
<failsafecounter/>
<players><player seat="10" name="oreiasccp" chips="470" dealer="0" win="40" bet="40" muck="1" rebuy="0" addon="0" merge="0" rebuychips="0" reg_code="8392878518"/>
<player seat="3" name="ineverSt0p" chips="485" dealer="1" win="0" bet="0" muck="1" rebuy="0" addon="0" merge="0" rebuychips="0" reg_code="8392878316"/>
<player seat="6" name="Shrewdcruel188" chips="545" dealer="0" win="0" bet="20" muck="1" rebuy="0" addon="0" merge="0" rebuychips="0" reg_code="8392878469"/>
</players>
</general>
<round no="0"><action no="1" player="Shrewdcruel188" type="1" discard="1" dealt="1" sum="10"/>
<action no="2" player="oreiasccp" type="2" sum="20"/>
</round>
<round no="1"><cards type="Pocket" player="Shrewdcruel188">X X</cards>
<cards type="Pocket" player="oreiasccp">S2 CJ</cards>
<cards type="Pocket" player="ineverSt0p">X X</cards>
<action no="3" player="ineverSt0p" type="0" discard="1" dealt="1" sum="0"/>
<action no="4" player="Shrewdcruel188" type="3" discard="1" dealt="1" sum="10"/>
<action no="5" player="oreiasccp" type="4" sum="0"/>
</round>
<round no="2"><cards type="Flop">D2 DK C6</cards>
<action no="6" player="Shrewdcruel188" type="4" discard="1" dealt="1" sum="0"/>
<action no="7" player="oreiasccp" type="4" sum="0"/>
</round>
<round no="3"><cards type="Turn">H3</cards>
<action no="8" player="Shrewdcruel188" type="4" discard="1" dealt="1" sum="0"/>
<action no="9" player="oreiasccp" type="5" sum="20"/>
<action no="10" player="Shrewdcruel188" type="0" discard="1" dealt="1" sum="0"/>
</round>
</game>
<game gamecode="11536757748"><general><startdate>2025-06-27 13:52:35</startdate>
<round>1</round>
<failsafecounter/>
<players><player seat="3" name="ineverSt0p" chips="485" dealer="0" win="0" bet="35" muck="1" rebuy="0" addon="0" merge="0" rebuychips="0" reg_code="8392878316"/>
<player seat="6" name="Shrewdcruel188" chips="525" dealer="1" win="0" bet="5" muck="1" rebuy="0" addon="0" merge="0" rebuychips="0" reg_code="8392878469"/>
<player seat="10" name="oreiasccp" chips="490" dealer="0" win="75" bet="65" muck="1" rebuy="0" addon="0" merge="0" rebuychips="0" reg_code="8392878518"/>
</players>
</general>
<round no="0"><action no="1" player="oreiasccp" type="15" sum="5"/>
<action no="2" player="ineverSt0p" type="15" discard="1" dealt="1" sum="5"/>
<action no="3" player="Shrewdcruel188" type="15" discard="1" dealt="1" sum="5"/>
<action no="4" player="oreiasccp" type="1" sum="15"/>
<action no="5" player="ineverSt0p" type="2" discard="1" dealt="1" sum="30"/>
</round>
<round no="1"><cards type="Pocket" player="Shrewdcruel188">X X</cards>
<cards type="Pocket" player="ineverSt0p">X X</cards>
<cards type="Pocket" player="oreiasccp">HK H10</cards>
<action no="6" player="Shrewdcruel188" type="0" discard="1" dealt="1" sum="0"/>
<action no="7" player="oreiasccp" type="23" sum="60"/>
<action no="8" player="ineverSt0p" type="0" discard="1" dealt="1" sum="0"/>
</round>
</game>
<game gamecode="11536757806"><general><startdate>2025-06-27 13:52:47</startdate>
<round>1</round>
<failsafecounter/>
<players><player seat="6" name="Shrewdcruel188" chips="520" dealer="0" win="0" bet="35" muck="1" rebuy="0" addon="0" merge="0" rebuychips="0" reg_code="8392878469"/>
<player seat="10" name="oreiasccp" chips="530" dealer="1" win="0" bet="5" muck="1" rebuy="0" addon="0" merge="0" rebuychips="0" reg_code="8392878518"/>
<player seat="3" name="ineverSt0p" chips="450" dealer="0" win="75" bet="450" muck="1" rebuy="0" addon="0" merge="0" rebuychips="0" reg_code="8392878316"/>
</players>
</general>
<round no="0"><action no="1" player="ineverSt0p" type="15" discard="1" dealt="1" sum="5"/>
<action no="2" player="Shrewdcruel188" type="15" discard="1" dealt="1" sum="5"/>
<action no="3" player="oreiasccp" type="15" sum="5"/>
<action no="4" player="ineverSt0p" type="1" discard="1" dealt="1" sum="15"/>
<action no="5" player="Shrewdcruel188" type="2" discard="1" dealt="1" sum="30"/>
</round>
<round no="1"><cards type="Pocket" player="Shrewdcruel188">X X</cards>
<cards type="Pocket" player="ineverSt0p">X X</cards>
<cards type="Pocket" player="oreiasccp">DQ D5</cards>
<action no="6" player="oreiasccp" type="0" sum="0"/>
<action no="7" player="ineverSt0p" type="23" discard="1" dealt="1" sum="445"/>
<action no="8" player="Shrewdcruel188" type="0" discard="1" dealt="1" sum="0"/>
</round>
</game>
<game gamecode="11536757914"><general><startdate>2025-06-27 13:53:11</startdate>
<round>1</round>
<failsafecounter/>
<players><player seat="10" name="oreiasccp" chips="525" dealer="0" win="0" bet="35" muck="1" rebuy="0" addon="0" merge="0" rebuychips="0" reg_code="8392878518"/>
<player seat="3" name="ineverSt0p" chips="490" dealer="1" win="90" bet="65" muck="1" rebuy="0" addon="0" merge="0" rebuychips="0" reg_code="8392878316"/>
<player seat="6" name="Shrewdcruel188" chips="485" dealer="0" win="0" bet="20" muck="1" rebuy="0" addon="0" merge="0" rebuychips="0" reg_code="8392878469"/>
</players>
</general>
<round no="0"><action no="1" player="Shrewdcruel188" type="15" discard="1" dealt="1" sum="5"/>
<action no="2" player="oreiasccp" type="15" sum="5"/>
<action no="3" player="ineverSt0p" type="15" discard="1" dealt="1" sum="5"/>
<action no="4" player="Shrewdcruel188" type="1" discard="1" dealt="1" sum="15"/>
<action no="5" player="oreiasccp" type="2" sum="30"/>
</round>
<round no="1"><cards type="Pocket" player="oreiasccp">D8 C4</cards>
<cards type="Pocket" player="Shrewdcruel188">X X</cards>
<cards type="Pocket" player="ineverSt0p">X X</cards>
<action no="6" player="ineverSt0p" type="23" discard="1" dealt="1" sum="60"/>
<action no="7" player="Shrewdcruel188" type="0" discard="1" dealt="1" sum="0"/>
<action no="8" player="oreiasccp" type="0" sum="0"/>
</round>
</game>
<game gamecode="11536757953"><general><startdate>2025-06-27 13:53:19</startdate>
<round>1</round>
<failsafecounter/>
<players><player seat="3" name="ineverSt0p" chips="545" dealer="0" win="0" bet="35" muck="1" rebuy="0" addon="0" merge="0" rebuychips="0" reg_code="8392878316"/>
<player seat="6" name="Shrewdcruel188" chips="465" dealer="1" win="0" bet="35" muck="1" rebuy="0" addon="0" merge="0" rebuychips="0" reg_code="8392878469"/>
<player seat="10" name="oreiasccp" chips="490" dealer="0" win="105" bet="490" muck="1" rebuy="0" addon="0" merge="0" rebuychips="0" reg_code="8392878518"/>
</players>
</general>
<round no="0"><action no="1" player="oreiasccp" type="15" sum="5"/>
<action no="2" player="ineverSt0p" type="15" discard="1" dealt="1" sum="5"/>
<action no="3" player="Shrewdcruel188" type="15" discard="1" dealt="1" sum="5"/>
<action no="4" player="oreiasccp" type="1" sum="15"/>
<action no="5" player="ineverSt0p" type="2" discard="1" dealt="1" sum="30"/>
</round>
<round no="1"><cards type="Pocket" player="Shrewdcruel188">X X</cards>
<cards type="Pocket" player="oreiasccp">S9 D9</cards>
<cards type="Pocket" player="ineverSt0p">X X</cards>
<action no="6" player="Shrewdcruel188" type="3" discard="1" dealt="1" sum="30"/>
<action no="7" player="oreiasccp" type="23" sum="485"/>
<action no="8" player="ineverSt0p" type="0" discard="1" dealt="1" sum="0"/>
<action no="9" player="Shrewdcruel188" type="0" discard="1" dealt="1" sum="0"/>
</round>
</game>
<game gamecode="11536758033"><general><startdate>2025-06-27 13:53:37</startdate>
<round>1</round>
<failsafecounter/>
<players><player seat="6" name="Shrewdcruel188" chips="430" dealer="0" win="375" bet="185" muck="0" rebuy="0" addon="0" merge="0" rebuychips="0" reg_code="8392878469"/>
<player seat="10" name="oreiasccp" chips="560" dealer="1" win="0" bet="5" muck="1" rebuy="0" addon="0" merge="0" rebuychips="0" reg_code="8392878518"/>
<player seat="3" name="ineverSt0p" chips="510" dealer="0" win="0" bet="185" muck="1" rebuy="0" addon="0" merge="0" rebuychips="0" reg_code="8392878316"/>
</players>
</general>
<round no="0"><action no="1" player="ineverSt0p" type="15" discard="1" dealt="1" sum="5"/>
<action no="2" player="Shrewdcruel188" type="15" discard="1" dealt="1" sum="5"/>
<action no="3" player="oreiasccp" type="15" sum="5"/>
<action no="4" player="ineverSt0p" type="1" discard="1" dealt="1" sum="15"/>
<action no="5" player="Shrewdcruel188" type="2" discard="1" dealt="1" sum="30"/>
</round>
<round no="1"><cards type="Pocket" player="Shrewdcruel188">S10 DK</cards>
<cards type="Pocket" player="ineverSt0p">HQ S9</cards>
<cards type="Pocket" player="oreiasccp">CK S5</cards>
<action no="6" player="oreiasccp" type="0" sum="0"/>
<action no="7" player="ineverSt0p" type="3" discard="1" dealt="1" sum="15"/>
<action no="8" player="Shrewdcruel188" type="4" discard="1" dealt="1" sum="0"/>
</round>
<round no="2"><cards type="Flop">D9 HA D5</cards>
<action no="9" player="ineverSt0p" type="5" discard="1" dealt="1" sum="30"/>
<action no="10" player="Shrewdcruel188" type="3" discard="1" dealt="1" sum="30"/>
</round>
<round no="3"><cards type="Turn">D4</cards>
<action no="11" player="ineverSt0p" type="5" discard="1" dealt="1" sum="90"/>
<action no="12" player="Shrewdcruel188" type="3" discard="1" dealt="1" sum="90"/>
</round>
<round no="4"><cards type="River">SK</cards>
<action no="13" player="ineverSt0p" type="4" discard="1" dealt="1" sum="0"/>
<action no="14" player="Shrewdcruel188" type="5" discard="1" dealt="1" sum="30"/>
<action no="15" player="ineverSt0p" type="3" discard="1" dealt="1" sum="30"/>
</round>
</game>
<game gamecode="11536758254"><general><startdate>2025-06-27 13:54:21</startdate>
<round>1</round>
<failsafecounter/>
<players><player seat="10" name="oreiasccp" chips="555" dealer="0" win="0" bet="45" muck="1" rebuy="0" addon="0" merge="0" rebuychips="0" reg_code="8392878518"/>
<player seat="3" name="ineverSt0p" chips="325" dealer="1" win="115" bet="325" muck="1" rebuy="0" addon="0" merge="0" rebuychips="0" reg_code="8392878316"/>
<player seat="6" name="Shrewdcruel188" chips="620" dealer="0" win="0" bet="25" muck="1" rebuy="0" addon="0" merge="0" rebuychips="0" reg_code="8392878469"/>
</players>
</general>
<round no="0"><action no="1" player="Shrewdcruel188" type="15" discard="1" dealt="1" sum="5"/>
<action no="2" player="oreiasccp" type="15" sum="5"/>
<action no="3" player="ineverSt0p" type="15" discard="1" dealt="1" sum="5"/>
<action no="4" player="Shrewdcruel188" type="1" discard="1" dealt="1" sum="20"/>
<action no="5" player="oreiasccp" type="2" sum="40"/>
</round>
<round no="1"><cards type="Pocket" player="ineverSt0p">X X</cards>
<cards type="Pocket" player="oreiasccp">C6 C4</cards>
<cards type="Pocket" player="Shrewdcruel188">X X</cards>
<action no="6" player="ineverSt0p" type="23" discard="1" dealt="1" sum="320"/>
<action no="7" player="Shrewdcruel188" type="0" discard="1" dealt="1" sum="0"/>
<action no="8" player="oreiasccp" type="0" sum="0"/>
</round>
</game>
<game gamecode="11536758324"><general><startdate>2025-06-27 13:54:34</startdate>
<round>1</round>
<failsafecounter/>
<players><player seat="3" name="ineverSt0p" chips="395" dealer="0" win="795" bet="395" muck="0" rebuy="0" addon="0" merge="0" rebuychips="0" reg_code="8392878316"/>
<player seat="6" name="Shrewdcruel188" chips="595" dealer="1" win="0" bet="5" muck="1" rebuy="0" addon="0" merge="0" rebuychips="0" reg_code="8392878469"/>
<player seat="10" name="oreiasccp" chips="510" dealer="0" win="0" bet="395" muck="1" rebuy="0" addon="0" merge="0" rebuychips="0" reg_code="8392878518"/>
</players>
</general>
<round no="0"><action no="1" player="oreiasccp" type="15" sum="5"/>
<action no="2" player="ineverSt0p" type="15" discard="1" dealt="1" sum="5"/>
<action no="3" player="Shrewdcruel188" type="15" discard="1" dealt="1" sum="5"/>
<action no="4" player="oreiasccp" type="1" sum="20"/>
<action no="5" player="ineverSt0p" type="2" discard="1" dealt="1" sum="40"/>
</round>
<round no="1"><cards type="Pocket" player="Shrewdcruel188">X X</cards>
<cards type="Pocket" player="oreiasccp">SQ CJ</cards>
<cards type="Pocket" player="ineverSt0p">DA S10</cards>
<action no="6" player="Shrewdcruel188" type="0" discard="1" dealt="1" sum="0"/>
<action no="7" player="oreiasccp" type="23" sum="390"/>
<action no="8" player="ineverSt0p" type="7" discard="1" dealt="1" sum="350"/>
</round>
<round no="2"><cards type="Flop">SA S4 D3</cards>
</round>
<round no="3"><cards type="Turn">C6</cards>
</round>
<round no="4"><cards type="River">D5</cards>
</round>
</game>
<game gamecode="11536758413"><general><startdate>2025-06-27 13:54:53</startdate>
<round>1</round>
<failsafecounter/>
<players><player seat="6" name="Shrewdcruel188" chips="590" dealer="0" win="0" bet="45" muck="1" rebuy="0" addon="0" merge="0" rebuychips="0" reg_code="8392878469"/>
<player seat="10" name="oreiasccp" chips="115" dealer="1" win="0" bet="5" muck="1" rebuy="0" addon="0" merge="0" rebuychips="0" reg_code="8392878518"/>
<player seat="3" name="ineverSt0p" chips="795" dealer="0" win="95" bet="795" muck="1" rebuy="0" addon="0" merge="0" rebuychips="0" reg_code="8392878316"/>
</players>
</general>
<round no="0"><action no="1" player="ineverSt0p" type="15" discard="1" dealt="1" sum="5"/>
<action no="2" player="Shrewdcruel188" type="15" discard="1" dealt="1" sum="5"/>
<action no="3" player="oreiasccp" type="15" sum="5"/>
<action no="4" player="ineverSt0p" type="1" discard="1" dealt="1" sum="20"/>
<action no="5" player="Shrewdcruel188" type="2" discard="1" dealt="1" sum="40"/>
</round>
<round no="1"><cards type="Pocket" player="oreiasccp">S2 H10</cards>
<cards type="Pocket" player="ineverSt0p">X X</cards>
<cards type="Pocket" player="Shrewdcruel188">X X</cards>
<action no="6" player="oreiasccp" type="0" sum="0"/>
<action no="7" player="ineverSt0p" type="23" discard="1" dealt="1" sum="790"/>
<action no="8" player="Shrewdcruel188" type="0" discard="1" dealt="1" sum="0"/>
</round>
</game>
<game gamecode="11536764156"><general><startdate>2025-06-27 13:55:09</startdate>
<round>1</round>
<failsafecounter/>
<players><player seat="10" name="oreiasccp" chips="110" dealer="0" win="0" bet="110" muck="0" rebuy="0" addon="0" merge="0" rebuychips="0" reg_code="8392878518"/>
<player seat="3" name="ineverSt0p" chips="845" dealer="1" win="0" bet="5" muck="1" rebuy="0" addon="0" merge="0" rebuychips="0" reg_code="8392878316"/>
<player seat="6" name="Shrewdcruel188" chips="545" dealer="0" win="225" bet="110" muck="0" rebuy="0" addon="0" merge="0" rebuychips="0" reg_code="8392878469"/>
</players>
</general>
<round no="0"><action no="1" player="Shrewdcruel188" type="15" discard="1" dealt="1" sum="5"/>
<action no="2" player="oreiasccp" type="15" sum="5"/>
<action no="3" player="ineverSt0p" type="15" discard="1" dealt="1" sum="5"/>
<action no="4" player="Shrewdcruel188" type="1" discard="1" dealt="1" sum="20"/>
<action no="5" player="oreiasccp" type="2" sum="40"/>
</round>
<round no="1"><cards type="Pocket" player="oreiasccp">H10 S7</cards>
<cards type="Pocket" player="ineverSt0p">X X</cards>
<cards type="Pocket" player="Shrewdcruel188">SK CK</cards>
<action no="6" player="ineverSt0p" type="0" discard="1" dealt="1" sum="0"/>
<action no="7" player="Shrewdcruel188" type="23" discard="1" dealt="1" sum="80"/>
<action no="8" player="oreiasccp" type="7" sum="65"/>
<action no="9" player="Shrewdcruel188" type="3" discard="1" dealt="1" sum="25"/>
</round>
<round no="2"><cards type="Flop">DA DJ C3</cards>
</round>
<round no="3"><cards type="Turn">C9</cards>
</round>
<round no="4"><cards type="River">H9</cards>
</round>
</game>
</session>
