<?xml version="1.0" encoding="UTF-8"?>
<session sessioncode="8392759328">
<general>
<client_version>25.1.1.13</client_version>
<mode>real</mode>
<gametype>Holdem NL</gametype>
<tablename>Twister €5 SNG, 1128642646</tablename>
<tournamentcode>1128642645</tournamentcode>
<tournamentname>Twister €5 SNG</tournamentname>
<buyin>€0 + €0.35 + €4.65</buyin>
<totalbuyin>€5</totalbuyin>
<rewarddrawn>€10</rewarddrawn>
<tournamentcurrency>EUR</tournamentcurrency>
<currency>EUR</currency>
<nickname>oreiasccp</nickname>
<gamecount>15</gamecount>
<startdate>2025-06-27 08:05:37</startdate>
<place>1</place>
<win>€10</win>
<tablesize>3</tablesize>
</general>
<game gamecode="11536464456"><general><startdate>2025-06-27 08:05:52</startdate>
<round>1</round>
<failsafecounter/>
<players><player seat="10" name="09Leo09" chips="500" dealer="0" win="20" bet="20" muck="1" rebuy="0" addon="0" merge="0" rebuychips="0" reg_code="8392759353"/>
<player seat="3" name="oreiasccp" chips="500" dealer="1" win="0" bet="0" muck="1" rebuy="0" addon="0" merge="0" rebuychips="0" reg_code="8392759328"/>
<player seat="6" name="DaculMax" chips="500" dealer="0" win="0" bet="10" muck="1" rebuy="0" addon="0" merge="0" rebuychips="0" reg_code="8392759339"/>
</players>
</general>
<round no="0"><action no="1" player="DaculMax" type="1" discard="1" dealt="1" sum="10"/>
<action no="2" player="09Leo09" type="2" discard="1" dealt="1" sum="20"/>
</round>
<round no="1"><cards type="Pocket" player="09Leo09">X X</cards>
<cards type="Pocket" player="oreiasccp">CJ D6</cards>
<cards type="Pocket" player="DaculMax">X X</cards>
<action no="3" player="oreiasccp" type="0" sum="0"/>
<action no="4" player="DaculMax" type="0" discard="1" dealt="1" sum="0"/>
</round>
</game>
<game gamecode="11536464485"><general><startdate>2025-06-27 08:06:02</startdate>
<round>1</round>
<failsafecounter/>
<players><player seat="3" name="oreiasccp" chips="500" dealer="0" win="20" bet="20" muck="1" rebuy="0" addon="0" merge="0" rebuychips="0" reg_code="8392759328"/>
<player seat="6" name="DaculMax" chips="490" dealer="1" win="0" bet="0" muck="1" rebuy="0" addon="0" merge="0" rebuychips="0" reg_code="8392759339"/>
<player seat="10" name="09Leo09" chips="510" dealer="0" win="0" bet="10" muck="1" rebuy="0" addon="0" merge="0" rebuychips="0" reg_code="8392759353"/>
</players>
</general>
<round no="0"><action no="1" player="09Leo09" type="1" discard="1" dealt="1" sum="10"/>
<action no="2" player="oreiasccp" type="2" sum="20"/>
</round>
<round no="1"><cards type="Pocket" player="DaculMax">X X</cards>
<cards type="Pocket" player="oreiasccp">D7 S6</cards>
<cards type="Pocket" player="09Leo09">X X</cards>
<action no="3" player="DaculMax" type="0" discard="1" dealt="1" sum="0"/>
<action no="4" player="09Leo09" type="0" discard="1" dealt="1" sum="0"/>
</round>
</game>
<game gamecode="11536464506"><general><startdate>2025-06-27 08:06:10</startdate>
<round>1</round>
<failsafecounter/>
<players><player seat="6" name="DaculMax" chips="490" dealer="0" win="0" bet="490" muck="0" rebuy="0" addon="0" merge="0" rebuychips="0" reg_code="8392759339"/>
<player seat="10" name="09Leo09" chips="500" dealer="1" win="990" bet="490" muck="0" rebuy="0" addon="0" merge="0" rebuychips="0" reg_code="8392759353"/>
<player seat="3" name="oreiasccp" chips="510" dealer="0" win="0" bet="10" muck="1" rebuy="0" addon="0" merge="0" rebuychips="0" reg_code="8392759328"/>
</players>
</general>
<round no="0"><action no="1" player="oreiasccp" type="1" sum="10"/>
<action no="2" player="DaculMax" type="2" discard="1" dealt="1" sum="20"/>
</round>
<round no="1"><cards type="Pocket" player="oreiasccp">H6 D2</cards>
<cards type="Pocket" player="09Leo09">SK DK</cards>
<cards type="Pocket" player="DaculMax">S9 C9</cards>
<action no="3" player="09Leo09" type="23" discard="1" dealt="1" sum="40"/>
<action no="4" player="oreiasccp" type="0" sum="0"/>
<action no="5" player="DaculMax" type="23" discard="1" dealt="1" sum="490"/>
<action no="6" player="09Leo09" type="3" discard="1" dealt="1" sum="450"/>
</round>
<round no="2"><cards type="Flop">D5 HQ D6</cards>
</round>
<round no="3"><cards type="Turn">CJ</cards>
</round>
<round no="4"><cards type="River">C10</cards>
</round>
</game>
<game gamecode="11536464568"><general><startdate>2025-06-27 08:06:38</startdate>
<round>1</round>
<failsafecounter/>
<players><player seat="10" name="09Leo09" chips="1,000" dealer="0" win="0" bet="20" muck="1" rebuy="0" addon="0" merge="0" rebuychips="0" reg_code="8392759353"/>
<player seat="3" name="oreiasccp" chips="500" dealer="1" win="40" bet="40" muck="1" rebuy="0" addon="0" merge="0" rebuychips="0" reg_code="8392759328"/>
</players>
</general>
<round no="0"><action no="1" player="oreiasccp" type="1" sum="10"/>
<action no="2" player="09Leo09" type="2" discard="1" dealt="1" sum="20"/>
</round>
<round no="1"><cards type="Pocket" player="09Leo09">X X</cards>
<cards type="Pocket" player="oreiasccp">D3 H10</cards>
<action no="3" player="oreiasccp" type="3" sum="10"/>
<action no="4" player="09Leo09" type="4" discard="1" dealt="1" sum="0"/>
</round>
<round no="2"><cards type="Flop">S3 D10 DQ</cards>
<action no="5" player="09Leo09" type="4" discard="1" dealt="1" sum="0"/>
<action no="6" player="oreiasccp" type="5" sum="20"/>
<action no="7" player="09Leo09" type="0" discard="1" dealt="1" sum="0"/>
</round>
</game>
<game gamecode="11536464606"><general><startdate>2025-06-27 08:06:56</startdate>
<round>1</round>
<failsafecounter/>
<players><player seat="3" name="oreiasccp" chips="520" dealer="0" win="80" bet="520" muck="1" rebuy="0" addon="0" merge="0" rebuychips="0" reg_code="8392759328"/>
<player seat="10" name="09Leo09" chips="980" dealer="1" win="0" bet="40" muck="1" rebuy="0" addon="0" merge="0" rebuychips="0" reg_code="8392759353"/>
</players>
</general>
<round no="0"><action no="1" player="09Leo09" type="1" discard="1" dealt="1" sum="10"/>
<action no="2" player="oreiasccp" type="2" sum="20"/>
</round>
<round no="1"><cards type="Pocket" player="09Leo09">X X</cards>
<cards type="Pocket" player="oreiasccp">C9 SA</cards>
<action no="3" player="09Leo09" type="23" discard="1" dealt="1" sum="40"/>
<action no="4" player="oreiasccp" type="23" sum="520"/>
<action no="5" player="09Leo09" type="0" discard="1" dealt="1" sum="0"/>
</round>
</game>
<game gamecode="11536464634"><general><startdate>2025-06-27 08:07:06</startdate>
<round>1</round>
<failsafecounter/>
<players><player seat="10" name="09Leo09" chips="940" dealer="0" win="80" bet="80" muck="1" rebuy="0" addon="0" merge="0" rebuychips="0" reg_code="8392759353"/>
<player seat="3" name="oreiasccp" chips="560" dealer="1" win="0" bet="40" muck="1" rebuy="0" addon="0" merge="0" rebuychips="0" reg_code="8392759328"/>
</players>
</general>
<round no="0"><action no="1" player="oreiasccp" type="1" sum="10"/>
<action no="2" player="09Leo09" type="2" discard="1" dealt="1" sum="20"/>
</round>
<round no="1"><cards type="Pocket" player="oreiasccp">S9 D6</cards>
<cards type="Pocket" player="09Leo09">X X</cards>
<action no="3" player="oreiasccp" type="3" sum="10"/>
<action no="4" player="09Leo09" type="4" discard="1" dealt="1" sum="0"/>
</round>
<round no="2"><cards type="Flop">D3 HQ DJ</cards>
<action no="5" player="09Leo09" type="4" discard="1" dealt="1" sum="0"/>
<action no="6" player="oreiasccp" type="5" sum="20"/>
<action no="7" player="09Leo09" type="3" discard="1" dealt="1" sum="20"/>
</round>
<round no="3"><cards type="Turn">C3</cards>
<action no="8" player="09Leo09" type="5" discard="1" dealt="1" sum="40"/>
<action no="9" player="oreiasccp" type="0" sum="0"/>
</round>
</game>
<game gamecode="11536468888"><general><startdate>2025-06-27 08:07:46</startdate>
<round>1</round>
<failsafecounter/>
<players><player seat="3" name="oreiasccp" chips="520" dealer="0" win="500" bet="250" muck="0" rebuy="0" addon="0" merge="0" rebuychips="0" reg_code="8392759328"/>
<player seat="10" name="09Leo09" chips="980" dealer="1" win="0" bet="250" muck="0" rebuy="0" addon="0" merge="0" rebuychips="0" reg_code="8392759353"/>
</players>
</general>
<round no="0"><action no="1" player="09Leo09" type="1" discard="1" dealt="1" sum="10"/>
<action no="2" player="oreiasccp" type="2" sum="20"/>
</round>
<round no="1"><cards type="Pocket" player="oreiasccp">HJ H9</cards>
<cards type="Pocket" player="09Leo09">D9 D10</cards>
<action no="3" player="09Leo09" type="3" discard="1" dealt="1" sum="10"/>
<action no="4" player="oreiasccp" type="4" sum="0"/>
</round>
<round no="2"><cards type="Flop">D7 C9 D8</cards>
<action no="5" player="oreiasccp" type="4" sum="0"/>
<action no="6" player="09Leo09" type="5" discard="1" dealt="1" sum="30"/>
<action no="7" player="oreiasccp" type="3" sum="30"/>
</round>
<round no="3"><cards type="Turn">H2</cards>
<action no="8" player="oreiasccp" type="4" sum="0"/>
<action no="9" player="09Leo09" type="5" discard="1" dealt="1" sum="75"/>
<action no="10" player="oreiasccp" type="3" sum="75"/>
</round>
<round no="4"><cards type="River">SA</cards>
<action no="11" player="oreiasccp" type="4" sum="0"/>
<action no="12" player="09Leo09" type="5" discard="1" dealt="1" sum="125"/>
<action no="13" player="oreiasccp" type="3" sum="125"/>
</round>
</game>
<game gamecode="11536468986"><general><startdate>2025-06-27 08:08:27</startdate>
<round>1</round>
<failsafecounter/>
<players><player seat="10" name="09Leo09" chips="730" dealer="0" win="40" bet="35" muck="1" rebuy="0" addon="0" merge="0" rebuychips="0" reg_code="8392759353"/>
<player seat="3" name="oreiasccp" chips="770" dealer="1" win="0" bet="20" muck="1" rebuy="0" addon="0" merge="0" rebuychips="0" reg_code="8392759328"/>
</players>
</general>
<round no="0"><action no="1" player="oreiasccp" type="15" sum="5"/>
<action no="2" player="09Leo09" type="15" discard="1" dealt="1" sum="5"/>
<action no="3" player="oreiasccp" type="1" sum="15"/>
<action no="4" player="09Leo09" type="2" discard="1" dealt="1" sum="30"/>
</round>
<round no="1"><cards type="Pocket" player="oreiasccp">S5 D2</cards>
<cards type="Pocket" player="09Leo09">X X</cards>
<action no="5" player="oreiasccp" type="0" sum="0"/>
</round>
</game>
<game gamecode="11536468997"><general><startdate>2025-06-27 08:08:33</startdate>
<round>1</round>
<failsafecounter/>
<players><player seat="3" name="oreiasccp" chips="750" dealer="0" win="700" bet="350" muck="0" rebuy="0" addon="0" merge="0" rebuychips="0" reg_code="8392759328"/>
<player seat="10" name="09Leo09" chips="750" dealer="1" win="0" bet="350" muck="1" rebuy="0" addon="0" merge="0" rebuychips="0" reg_code="8392759353"/>
</players>
</general>
<round no="0"><action no="1" player="09Leo09" type="15" discard="1" dealt="1" sum="5"/>
<action no="2" player="oreiasccp" type="15" sum="5"/>
<action no="3" player="09Leo09" type="1" discard="1" dealt="1" sum="15"/>
<action no="4" player="oreiasccp" type="2" sum="30"/>
</round>
<round no="1"><cards type="Pocket" player="oreiasccp">C9 SK</cards>
<cards type="Pocket" player="09Leo09">HJ C10</cards>
<action no="5" player="09Leo09" type="23" discard="1" dealt="1" sum="60"/>
<action no="6" player="oreiasccp" type="3" sum="30"/>
</round>
<round no="2"><cards type="Flop">CK S3 DK</cards>
<action no="7" player="oreiasccp" type="4" sum="0"/>
<action no="8" player="09Leo09" type="5" discard="1" dealt="1" sum="30"/>
<action no="9" player="oreiasccp" type="23" sum="75"/>
<action no="10" player="09Leo09" type="3" discard="1" dealt="1" sum="45"/>
</round>
<round no="3"><cards type="Turn">S10</cards>
<action no="11" player="oreiasccp" type="5" sum="90"/>
<action no="12" player="09Leo09" type="3" discard="1" dealt="1" sum="90"/>
</round>
<round no="4"><cards type="River">D7</cards>
<action no="13" player="oreiasccp" type="5" sum="120"/>
<action no="14" player="09Leo09" type="3" discard="1" dealt="1" sum="120"/>
</round>
</game>
<game gamecode="11536469136"><general><startdate>2025-06-27 08:09:27</startdate>
<round>1</round>
<failsafecounter/>
<players><player seat="10" name="09Leo09" chips="400" dealer="0" win="130" bet="195" muck="1" rebuy="0" addon="0" merge="0" rebuychips="0" reg_code="8392759353"/>
<player seat="3" name="oreiasccp" chips="1,100" dealer="1" win="0" bet="65" muck="1" rebuy="0" addon="0" merge="0" rebuychips="0" reg_code="8392759328"/>
</players>
</general>
<round no="0"><action no="1" player="oreiasccp" type="15" sum="5"/>
<action no="2" player="09Leo09" type="15" discard="1" dealt="1" sum="5"/>
<action no="3" player="oreiasccp" type="1" sum="15"/>
<action no="4" player="09Leo09" type="2" discard="1" dealt="1" sum="30"/>
</round>
<round no="1"><cards type="Pocket" player="oreiasccp">S3 CJ</cards>
<cards type="Pocket" player="09Leo09">X X</cards>
<action no="5" player="oreiasccp" type="3" sum="15"/>
<action no="6" player="09Leo09" type="4" discard="1" dealt="1" sum="0"/>
</round>
<round no="2"><cards type="Flop">SK D7 CQ</cards>
<action no="7" player="09Leo09" type="4" discard="1" dealt="1" sum="0"/>
<action no="8" player="oreiasccp" type="5" sum="30"/>
<action no="9" player="09Leo09" type="3" discard="1" dealt="1" sum="30"/>
</round>
<round no="3"><cards type="Turn">S6</cards>
<action no="10" player="09Leo09" type="4" discard="1" dealt="1" sum="0"/>
<action no="11" player="oreiasccp" type="4" sum="0"/>
</round>
<round no="4"><cards type="River">H5</cards>
<action no="12" player="09Leo09" type="5" discard="1" dealt="1" sum="130"/>
<action no="13" player="oreiasccp" type="0" sum="0"/>
</round>
</game>
<game gamecode="11536469195"><general><startdate>2025-06-27 08:09:54</startdate>
<round>1</round>
<failsafecounter/>
<players><player seat="3" name="oreiasccp" chips="1,035" dealer="0" win="50" bet="45" muck="1" rebuy="0" addon="0" merge="0" rebuychips="0" reg_code="8392759328"/>
<player seat="10" name="09Leo09" chips="465" dealer="1" win="0" bet="25" muck="1" rebuy="0" addon="0" merge="0" rebuychips="0" reg_code="8392759353"/>
</players>
</general>
<round no="0"><action no="1" player="09Leo09" type="15" discard="1" dealt="1" sum="5"/>
<action no="2" player="oreiasccp" type="15" sum="5"/>
<action no="3" player="09Leo09" type="1" discard="1" dealt="1" sum="20"/>
<action no="4" player="oreiasccp" type="2" sum="40"/>
</round>
<round no="1"><cards type="Pocket" player="oreiasccp">S6 H3</cards>
<cards type="Pocket" player="09Leo09">X X</cards>
<action no="5" player="09Leo09" type="0" discard="1" dealt="1" sum="0"/>
</round>
</game>
<game gamecode="11536469213"><general><startdate>2025-06-27 08:10:03</startdate>
<round>1</round>
<failsafecounter/>
<players><player seat="10" name="09Leo09" chips="440" dealer="0" win="90" bet="440" muck="1" rebuy="0" addon="0" merge="0" rebuychips="0" reg_code="8392759353"/>
<player seat="3" name="oreiasccp" chips="1,060" dealer="1" win="0" bet="45" muck="1" rebuy="0" addon="0" merge="0" rebuychips="0" reg_code="8392759328"/>
</players>
</general>
<round no="0"><action no="1" player="oreiasccp" type="15" sum="5"/>
<action no="2" player="09Leo09" type="15" discard="1" dealt="1" sum="5"/>
<action no="3" player="oreiasccp" type="1" sum="20"/>
<action no="4" player="09Leo09" type="2" discard="1" dealt="1" sum="40"/>
</round>
<round no="1"><cards type="Pocket" player="oreiasccp">S3 S6</cards>
<cards type="Pocket" player="09Leo09">X X</cards>
<action no="5" player="oreiasccp" type="3" sum="20"/>
<action no="6" player="09Leo09" type="23" discard="1" dealt="1" sum="435"/>
<action no="7" player="oreiasccp" type="0" sum="0"/>
</round>
</game>
<game gamecode="11536469233"><general><startdate>2025-06-27 08:10:11</startdate>
<round>1</round>
<failsafecounter/>
<players><player seat="3" name="oreiasccp" chips="1,015" dealer="0" win="224" bet="112" muck="0" rebuy="0" addon="0" merge="0" rebuychips="0" reg_code="8392759328"/>
<player seat="10" name="09Leo09" chips="485" dealer="1" win="0" bet="112" muck="1" rebuy="0" addon="0" merge="0" rebuychips="0" reg_code="8392759353"/>
</players>
</general>
<round no="0"><action no="1" player="09Leo09" type="15" discard="1" dealt="1" sum="5"/>
<action no="2" player="oreiasccp" type="15" sum="5"/>
<action no="3" player="09Leo09" type="1" discard="1" dealt="1" sum="20"/>
<action no="4" player="oreiasccp" type="2" sum="40"/>
</round>
<round no="1"><cards type="Pocket" player="oreiasccp">D7 CK</cards>
<cards type="Pocket" player="09Leo09">H3 SQ</cards>
<action no="5" player="09Leo09" type="3" discard="1" dealt="1" sum="20"/>
<action no="6" player="oreiasccp" type="4" sum="0"/>
</round>
<round no="2"><cards type="Flop">D9 SJ H7</cards>
<action no="7" player="oreiasccp" type="4" sum="0"/>
<action no="8" player="09Leo09" type="4" discard="1" dealt="1" sum="0"/>
</round>
<round no="3"><cards type="Turn">H4</cards>
<action no="9" player="oreiasccp" type="4" sum="0"/>
<action no="10" player="09Leo09" type="5" discard="1" dealt="1" sum="67"/>
<action no="11" player="oreiasccp" type="3" sum="67"/>
</round>
<round no="4"><cards type="River">C10</cards>
<action no="12" player="oreiasccp" type="4" sum="0"/>
<action no="13" player="09Leo09" type="4" discard="1" dealt="1" sum="0"/>
</round>
</game>
<game gamecode="11536469295"><general><startdate>2025-06-27 08:10:37</startdate>
<round>1</round>
<failsafecounter/>
<players><player seat="10" name="09Leo09" chips="373" dealer="0" win="50" bet="45" muck="1" rebuy="0" addon="0" merge="0" rebuychips="0" reg_code="8392759353"/>
<player seat="3" name="oreiasccp" chips="1,127" dealer="1" win="0" bet="25" muck="1" rebuy="0" addon="0" merge="0" rebuychips="0" reg_code="8392759328"/>
</players>
</general>
<round no="0"><action no="1" player="oreiasccp" type="15" sum="5"/>
<action no="2" player="09Leo09" type="15" discard="1" dealt="1" sum="5"/>
<action no="3" player="oreiasccp" type="1" sum="20"/>
<action no="4" player="09Leo09" type="2" discard="1" dealt="1" sum="40"/>
</round>
<round no="1"><cards type="Pocket" player="09Leo09">X X</cards>
<cards type="Pocket" player="oreiasccp">C4 D2</cards>
<action no="5" player="oreiasccp" type="0" sum="0"/>
</round>
</game>
<game gamecode="11536469308"><general><startdate>2025-06-27 08:10:42</startdate>
<round>1</round>
<failsafecounter/>
<players><player seat="3" name="oreiasccp" chips="1,102" dealer="0" win="796" bet="398" muck="0" rebuy="0" addon="0" merge="0" rebuychips="0" reg_code="8392759328"/>
<player seat="10" name="09Leo09" chips="398" dealer="1" win="0" bet="398" muck="1" rebuy="0" addon="0" merge="0" rebuychips="0" reg_code="8392759353"/>
</players>
</general>
<round no="0"><action no="1" player="09Leo09" type="15" discard="1" dealt="1" sum="5"/>
<action no="2" player="oreiasccp" type="15" sum="5"/>
<action no="3" player="09Leo09" type="1" discard="1" dealt="1" sum="20"/>
<action no="4" player="oreiasccp" type="2" sum="40"/>
</round>
<round no="1"><cards type="Pocket" player="oreiasccp">H5 SA</cards>
<cards type="Pocket" player="09Leo09">C7 CK</cards>
<action no="5" player="09Leo09" type="3" discard="1" dealt="1" sum="20"/>
<action no="6" player="oreiasccp" type="23" sum="393"/>
<action no="7" player="09Leo09" type="7" discard="1" dealt="1" sum="353"/>
</round>
<round no="2"><cards type="Flop">D4 C2 S3</cards>
</round>
<round no="3"><cards type="Turn">C3</cards>
</round>
<round no="4"><cards type="River">S10</cards>
</round>
</game>
</session>
