<?xml version="1.0" encoding="UTF-8"?>
<session sessioncode="8392881252">
<general>
<client_version>25.1.1.13</client_version>
<mode>real</mode>
<gametype>Holdem NL</gametype>
<tablename>Twister €5 SNG, 1128658188</tablename>
<tournamentcode>1128658187</tournamentcode>
<tournamentname>Twister €5 SNG</tournamentname>
<buyin>€0 + €0.35 + €4.65</buyin>
<totalbuyin>€5</totalbuyin>
<rewarddrawn>€10</rewarddrawn>
<tournamentcurrency>EUR</tournamentcurrency>
<currency>EUR</currency>
<nickname>oreiasccp</nickname>
<gamecount>19</gamecount>
<startdate>2025-06-27 13:54:54</startdate>
<place>2</place>
<win>€0</win>
<tablesize>3</tablesize>
</general>
<game gamecode="11536764155"><general><startdate>2025-06-27 13:55:09</startdate>
<round>1</round>
<failsafecounter/>
<players><player seat="6" name="oreiasccp" chips="500" dealer="0" win="80" bet="40" muck="0" rebuy="0" addon="0" merge="0" rebuychips="0" reg_code="8392881252"/>
<player seat="10" name="HTNTN" chips="500" dealer="1" win="0" bet="0" muck="1" rebuy="0" addon="0" merge="0" rebuychips="0" reg_code="8392881282"/>
<player seat="3" name="trooperwave56" chips="500" dealer="0" win="0" bet="40" muck="1" rebuy="0" addon="0" merge="0" rebuychips="0" reg_code="8392881137"/>
</players>
</general>
<round no="0"><action no="1" player="trooperwave56" type="1" discard="1" dealt="1" sum="10"/>
<action no="2" player="oreiasccp" type="2" sum="20"/>
</round>
<round no="1"><cards type="Pocket" player="oreiasccp">D8 D4</cards>
<cards type="Pocket" player="trooperwave56">HJ D6</cards>
<cards type="Pocket" player="HTNTN">X X</cards>
<action no="3" player="HTNTN" type="0" discard="1" dealt="1" sum="0"/>
<action no="4" player="trooperwave56" type="3" discard="1" dealt="1" sum="10"/>
<action no="5" player="oreiasccp" type="4" sum="0"/>
</round>
<round no="2"><cards type="Flop">S4 D7 D5</cards>
<action no="6" player="trooperwave56" type="5" discard="1" dealt="1" sum="20"/>
<action no="7" player="oreiasccp" type="3" sum="20"/>
</round>
<round no="3"><cards type="Turn">C10</cards>
<action no="8" player="trooperwave56" type="4" discard="1" dealt="1" sum="0"/>
<action no="9" player="oreiasccp" type="4" sum="0"/>
</round>
<round no="4"><cards type="River">S10</cards>
<action no="10" player="trooperwave56" type="4" discard="1" dealt="1" sum="0"/>
<action no="11" player="oreiasccp" type="4" sum="0"/>
</round>
</game>
<game gamecode="11536764415"><general><startdate>2025-06-27 13:56:06</startdate>
<round>1</round>
<failsafecounter/>
<players><player seat="10" name="HTNTN" chips="500" dealer="0" win="0" bet="20" muck="1" rebuy="0" addon="0" merge="0" rebuychips="0" reg_code="8392881282"/>
<player seat="3" name="trooperwave56" chips="460" dealer="1" win="0" bet="120" muck="1" rebuy="0" addon="0" merge="0" rebuychips="0" reg_code="8392881137"/>
<player seat="6" name="oreiasccp" chips="540" dealer="0" win="260" bet="150" muck="1" rebuy="0" addon="0" merge="0" rebuychips="0" reg_code="8392881252"/>
</players>
</general>
<round no="0"><action no="1" player="oreiasccp" type="1" sum="10"/>
<action no="2" player="HTNTN" type="2" discard="1" dealt="1" sum="20"/>
</round>
<round no="1"><cards type="Pocket" player="HTNTN">X X</cards>
<cards type="Pocket" player="trooperwave56">X X</cards>
<cards type="Pocket" player="oreiasccp">DK HK</cards>
<action no="3" player="trooperwave56" type="3" discard="1" dealt="1" sum="20"/>
<action no="4" player="oreiasccp" type="23" sum="120"/>
<action no="5" player="HTNTN" type="0" discard="1" dealt="1" sum="0"/>
<action no="6" player="trooperwave56" type="3" discard="1" dealt="1" sum="100"/>
</round>
<round no="2"><cards type="Flop">SK C7 D5</cards>
<action no="7" player="oreiasccp" type="5" sum="30"/>
<action no="8" player="trooperwave56" type="0" discard="1" dealt="1" sum="0"/>
</round>
</game>
<game gamecode="11536764618"><general><startdate>2025-06-27 13:56:51</startdate>
<round>1</round>
<failsafecounter/>
<players><player seat="3" name="trooperwave56" chips="340" dealer="0" win="0" bet="40" muck="1" rebuy="0" addon="0" merge="0" rebuychips="0" reg_code="8392881137"/>
<player seat="6" name="oreiasccp" chips="680" dealer="1" win="90" bet="60" muck="1" rebuy="0" addon="0" merge="0" rebuychips="0" reg_code="8392881252"/>
<player seat="10" name="HTNTN" chips="480" dealer="0" win="0" bet="10" muck="1" rebuy="0" addon="0" merge="0" rebuychips="0" reg_code="8392881282"/>
</players>
</general>
<round no="0"><action no="1" player="HTNTN" type="1" discard="1" dealt="1" sum="10"/>
<action no="2" player="trooperwave56" type="2" discard="1" dealt="1" sum="20"/>
</round>
<round no="1"><cards type="Pocket" player="trooperwave56">X X</cards>
<cards type="Pocket" player="oreiasccp">S10 HJ</cards>
<cards type="Pocket" player="HTNTN">X X</cards>
<action no="3" player="oreiasccp" type="23" sum="40"/>
<action no="4" player="HTNTN" type="0" discard="1" dealt="1" sum="0"/>
<action no="5" player="trooperwave56" type="3" discard="1" dealt="1" sum="20"/>
</round>
<round no="2"><cards type="Flop">CQ DQ DA</cards>
<action no="6" player="trooperwave56" type="4" discard="1" dealt="1" sum="0"/>
<action no="7" player="oreiasccp" type="5" sum="20"/>
<action no="8" player="trooperwave56" type="0" discard="1" dealt="1" sum="0"/>
</round>
</game>
<game gamecode="11536764803"><general><startdate>2025-06-27 13:57:32</startdate>
<round>1</round>
<failsafecounter/>
<players><player seat="6" name="oreiasccp" chips="730" dealer="0" win="0" bet="35" muck="1" rebuy="0" addon="0" merge="0" rebuychips="0" reg_code="8392881252"/>
<player seat="10" name="HTNTN" chips="470" dealer="1" win="90" bet="470" muck="1" rebuy="0" addon="0" merge="0" rebuychips="0" reg_code="8392881282"/>
<player seat="3" name="trooperwave56" chips="300" dealer="0" win="0" bet="20" muck="1" rebuy="0" addon="0" merge="0" rebuychips="0" reg_code="8392881137"/>
</players>
</general>
<round no="0"><action no="1" player="trooperwave56" type="15" discard="1" dealt="1" sum="5"/>
<action no="2" player="oreiasccp" type="15" sum="5"/>
<action no="3" player="HTNTN" type="15" discard="1" dealt="1" sum="5"/>
<action no="4" player="trooperwave56" type="1" discard="1" dealt="1" sum="15"/>
<action no="5" player="oreiasccp" type="2" sum="30"/>
</round>
<round no="1"><cards type="Pocket" player="oreiasccp">HJ H2</cards>
<cards type="Pocket" player="HTNTN">X X</cards>
<cards type="Pocket" player="trooperwave56">X X</cards>
<action no="6" player="HTNTN" type="23" discard="1" dealt="1" sum="465"/>
<action no="7" player="trooperwave56" type="0" discard="1" dealt="1" sum="0"/>
<action no="8" player="oreiasccp" type="0" sum="0"/>
</round>
</game>
<game gamecode="11536764893"><general><startdate>2025-06-27 13:57:49</startdate>
<round>1</round>
<failsafecounter/>
<players><player seat="10" name="HTNTN" chips="525" dealer="0" win="0" bet="35" muck="1" rebuy="0" addon="0" merge="0" rebuychips="0" reg_code="8392881282"/>
<player seat="3" name="trooperwave56" chips="280" dealer="1" win="0" bet="5" muck="1" rebuy="0" addon="0" merge="0" rebuychips="0" reg_code="8392881137"/>
<player seat="6" name="oreiasccp" chips="695" dealer="0" win="75" bet="65" muck="1" rebuy="0" addon="0" merge="0" rebuychips="0" reg_code="8392881252"/>
</players>
</general>
<round no="0"><action no="1" player="oreiasccp" type="15" sum="5"/>
<action no="2" player="HTNTN" type="15" discard="1" dealt="1" sum="5"/>
<action no="3" player="trooperwave56" type="15" discard="1" dealt="1" sum="5"/>
<action no="4" player="oreiasccp" type="1" sum="15"/>
<action no="5" player="HTNTN" type="2" discard="1" dealt="1" sum="30"/>
</round>
<round no="1"><cards type="Pocket" player="trooperwave56">X X</cards>
<cards type="Pocket" player="HTNTN">X X</cards>
<cards type="Pocket" player="oreiasccp">H8 S9</cards>
<action no="6" player="trooperwave56" type="0" discard="1" dealt="1" sum="0"/>
<action no="7" player="oreiasccp" type="23" sum="60"/>
<action no="8" player="HTNTN" type="0" discard="1" dealt="1" sum="0"/>
</round>
</game>
<game gamecode="11536764969"><general><startdate>2025-06-27 13:58:04</startdate>
<round>1</round>
<failsafecounter/>
<players><player seat="3" name="trooperwave56" chips="275" dealer="0" win="0" bet="35" muck="1" rebuy="0" addon="0" merge="0" rebuychips="0" reg_code="8392881137"/>
<player seat="6" name="oreiasccp" chips="735" dealer="1" win="0" bet="5" muck="1" rebuy="0" addon="0" merge="0" rebuychips="0" reg_code="8392881252"/>
<player seat="10" name="HTNTN" chips="490" dealer="0" win="75" bet="490" muck="1" rebuy="0" addon="0" merge="0" rebuychips="0" reg_code="8392881282"/>
</players>
</general>
<round no="0"><action no="1" player="HTNTN" type="15" discard="1" dealt="1" sum="5"/>
<action no="2" player="trooperwave56" type="15" discard="1" dealt="1" sum="5"/>
<action no="3" player="oreiasccp" type="15" sum="5"/>
<action no="4" player="HTNTN" type="1" discard="1" dealt="1" sum="15"/>
<action no="5" player="trooperwave56" type="2" discard="1" dealt="1" sum="30"/>
</round>
<round no="1"><cards type="Pocket" player="HTNTN">X X</cards>
<cards type="Pocket" player="trooperwave56">X X</cards>
<cards type="Pocket" player="oreiasccp">D3 CK</cards>
<action no="6" player="oreiasccp" type="0" sum="0"/>
<action no="7" player="HTNTN" type="23" discard="1" dealt="1" sum="485"/>
<action no="8" player="trooperwave56" type="0" discard="1" dealt="1" sum="0"/>
</round>
</game>
<game gamecode="11536765052"><general><startdate>2025-06-27 13:58:22</startdate>
<round>1</round>
<failsafecounter/>
<players><player seat="6" name="oreiasccp" chips="730" dealer="0" win="0" bet="113" muck="1" rebuy="0" addon="0" merge="0" rebuychips="0" reg_code="8392881252"/>
<player seat="10" name="HTNTN" chips="530" dealer="1" win="291" bet="113" muck="0" rebuy="0" addon="0" merge="0" rebuychips="0" reg_code="8392881282"/>
<player seat="3" name="trooperwave56" chips="240" dealer="0" win="0" bet="65" muck="1" rebuy="0" addon="0" merge="0" rebuychips="0" reg_code="8392881137"/>
</players>
</general>
<round no="0"><action no="1" player="trooperwave56" type="15" discard="1" dealt="1" sum="5"/>
<action no="2" player="oreiasccp" type="15" sum="5"/>
<action no="3" player="HTNTN" type="15" discard="1" dealt="1" sum="5"/>
<action no="4" player="trooperwave56" type="1" discard="1" dealt="1" sum="15"/>
<action no="5" player="oreiasccp" type="2" sum="30"/>
</round>
<round no="1"><cards type="Pocket" player="trooperwave56">X X</cards>
<cards type="Pocket" player="oreiasccp">H4 H8</cards>
<cards type="Pocket" player="HTNTN">C5 C6</cards>
<action no="6" player="HTNTN" type="23" discard="1" dealt="1" sum="60"/>
<action no="7" player="trooperwave56" type="3" discard="1" dealt="1" sum="45"/>
<action no="8" player="oreiasccp" type="3" sum="30"/>
</round>
<round no="2"><cards type="Flop">C10 H2 H3</cards>
<action no="9" player="trooperwave56" type="4" discard="1" dealt="1" sum="0"/>
<action no="10" player="oreiasccp" type="4" sum="0"/>
<action no="11" player="HTNTN" type="5" discard="1" dealt="1" sum="48"/>
<action no="12" player="trooperwave56" type="0" discard="1" dealt="1" sum="0"/>
<action no="13" player="oreiasccp" type="3" sum="48"/>
</round>
<round no="3"><cards type="Turn">S5</cards>
<action no="14" player="oreiasccp" type="4" sum="0"/>
<action no="15" player="HTNTN" type="4" discard="1" dealt="1" sum="0"/>
</round>
<round no="4"><cards type="River">D9</cards>
<action no="16" player="oreiasccp" type="4" sum="0"/>
<action no="17" player="HTNTN" type="4" discard="1" dealt="1" sum="0"/>
</round>
</game>
<game gamecode="11536765378"><general><startdate>2025-06-27 13:59:31</startdate>
<round>1</round>
<failsafecounter/>
<players><player seat="10" name="HTNTN" chips="708" dealer="0" win="55" bet="45" muck="1" rebuy="0" addon="0" merge="0" rebuychips="0" reg_code="8392881282"/>
<player seat="3" name="trooperwave56" chips="175" dealer="1" win="0" bet="5" muck="1" rebuy="0" addon="0" merge="0" rebuychips="0" reg_code="8392881137"/>
<player seat="6" name="oreiasccp" chips="617" dealer="0" win="0" bet="25" muck="1" rebuy="0" addon="0" merge="0" rebuychips="0" reg_code="8392881252"/>
</players>
</general>
<round no="0"><action no="1" player="oreiasccp" type="15" sum="5"/>
<action no="2" player="HTNTN" type="15" discard="1" dealt="1" sum="5"/>
<action no="3" player="trooperwave56" type="15" discard="1" dealt="1" sum="5"/>
<action no="4" player="oreiasccp" type="1" sum="20"/>
<action no="5" player="HTNTN" type="2" discard="1" dealt="1" sum="40"/>
</round>
<round no="1"><cards type="Pocket" player="oreiasccp">S6 C9</cards>
<cards type="Pocket" player="trooperwave56">X X</cards>
<cards type="Pocket" player="HTNTN">X X</cards>
<action no="6" player="trooperwave56" type="0" discard="1" dealt="1" sum="0"/>
<action no="7" player="oreiasccp" type="0" sum="0"/>
</round>
</game>
<game gamecode="11536765413"><general><startdate>2025-06-27 13:59:39</startdate>
<round>1</round>
<failsafecounter/>
<players><player seat="3" name="trooperwave56" chips="170" dealer="0" win="365" bet="170" muck="0" rebuy="0" addon="0" merge="0" rebuychips="0" reg_code="8392881137"/>
<player seat="6" name="oreiasccp" chips="592" dealer="1" win="0" bet="170" muck="1" rebuy="0" addon="0" merge="0" rebuychips="0" reg_code="8392881252"/>
<player seat="10" name="HTNTN" chips="738" dealer="0" win="0" bet="25" muck="1" rebuy="0" addon="0" merge="0" rebuychips="0" reg_code="8392881282"/>
</players>
</general>
<round no="0"><action no="1" player="HTNTN" type="15" discard="1" dealt="1" sum="5"/>
<action no="2" player="trooperwave56" type="15" discard="1" dealt="1" sum="5"/>
<action no="3" player="oreiasccp" type="15" sum="5"/>
<action no="4" player="HTNTN" type="1" discard="1" dealt="1" sum="20"/>
<action no="5" player="trooperwave56" type="2" discard="1" dealt="1" sum="40"/>
</round>
<round no="1"><cards type="Pocket" player="trooperwave56">H2 DA</cards>
<cards type="Pocket" player="HTNTN">X X</cards>
<cards type="Pocket" player="oreiasccp">CK CQ</cards>
<action no="6" player="oreiasccp" type="23" sum="80"/>
<action no="7" player="HTNTN" type="0" discard="1" dealt="1" sum="0"/>
<action no="8" player="trooperwave56" type="23" discard="1" dealt="1" sum="165"/>
<action no="9" player="oreiasccp" type="3" sum="85"/>
</round>
<round no="2"><cards type="Flop">H6 DQ DK</cards>
</round>
<round no="3"><cards type="Turn">SA</cards>
</round>
<round no="4"><cards type="River">S2</cards>
</round>
</game>
<game gamecode="11536765525"><general><startdate>2025-06-27 14:00:01</startdate>
<round>1</round>
<failsafecounter/>
<players><player seat="6" name="oreiasccp" chips="422" dealer="0" win="0" bet="45" muck="1" rebuy="0" addon="0" merge="0" rebuychips="0" reg_code="8392881252"/>
<player seat="10" name="HTNTN" chips="713" dealer="1" win="0" bet="5" muck="1" rebuy="0" addon="0" merge="0" rebuychips="0" reg_code="8392881282"/>
<player seat="3" name="trooperwave56" chips="365" dealer="0" win="95" bet="365" muck="1" rebuy="0" addon="0" merge="0" rebuychips="0" reg_code="8392881137"/>
</players>
</general>
<round no="0"><action no="1" player="trooperwave56" type="15" discard="1" dealt="1" sum="5"/>
<action no="2" player="oreiasccp" type="15" sum="5"/>
<action no="3" player="HTNTN" type="15" discard="1" dealt="1" sum="5"/>
<action no="4" player="trooperwave56" type="1" discard="1" dealt="1" sum="20"/>
<action no="5" player="oreiasccp" type="2" sum="40"/>
</round>
<round no="1"><cards type="Pocket" player="oreiasccp">H3 H5</cards>
<cards type="Pocket" player="trooperwave56">X X</cards>
<cards type="Pocket" player="HTNTN">X X</cards>
<action no="6" player="HTNTN" type="0" discard="1" dealt="1" sum="0"/>
<action no="7" player="trooperwave56" type="23" discard="1" dealt="1" sum="360"/>
<action no="8" player="oreiasccp" type="0" sum="0"/>
</round>
</game>
<game gamecode="11536765610"><general><startdate>2025-06-27 14:00:21</startdate>
<round>1</round>
<failsafecounter/>
<players><player seat="10" name="HTNTN" chips="708" dealer="0" win="55" bet="45" muck="1" rebuy="0" addon="0" merge="0" rebuychips="0" reg_code="8392881282"/>
<player seat="3" name="trooperwave56" chips="415" dealer="1" win="0" bet="5" muck="1" rebuy="0" addon="0" merge="0" rebuychips="0" reg_code="8392881137"/>
<player seat="6" name="oreiasccp" chips="377" dealer="0" win="0" bet="25" muck="1" rebuy="0" addon="0" merge="0" rebuychips="0" reg_code="8392881252"/>
</players>
</general>
<round no="0"><action no="1" player="oreiasccp" type="15" sum="5"/>
<action no="2" player="HTNTN" type="15" discard="1" dealt="1" sum="5"/>
<action no="3" player="trooperwave56" type="15" discard="1" dealt="1" sum="5"/>
<action no="4" player="oreiasccp" type="1" sum="20"/>
<action no="5" player="HTNTN" type="2" discard="1" dealt="1" sum="40"/>
</round>
<round no="1"><cards type="Pocket" player="oreiasccp">D4 C9</cards>
<cards type="Pocket" player="trooperwave56">X X</cards>
<cards type="Pocket" player="HTNTN">X X</cards>
<action no="6" player="trooperwave56" type="0" discard="1" dealt="1" sum="0"/>
<action no="7" player="oreiasccp" type="0" sum="0"/>
</round>
</game>
<game gamecode="11536765668"><general><startdate>2025-06-27 14:00:32</startdate>
<round>1</round>
<failsafecounter/>
<players><player seat="3" name="trooperwave56" chips="410" dealer="0" win="825" bet="410" muck="0" rebuy="0" addon="0" merge="0" rebuychips="0" reg_code="8392881137"/>
<player seat="6" name="oreiasccp" chips="352" dealer="1" win="0" bet="5" muck="1" rebuy="0" addon="0" merge="0" rebuychips="0" reg_code="8392881252"/>
<player seat="10" name="HTNTN" chips="738" dealer="0" win="0" bet="738" muck="1" rebuy="0" addon="0" merge="0" rebuychips="0" reg_code="8392881282"/>
</players>
</general>
<round no="0"><action no="1" player="HTNTN" type="15" discard="1" dealt="1" sum="5"/>
<action no="2" player="trooperwave56" type="15" discard="1" dealt="1" sum="5"/>
<action no="3" player="oreiasccp" type="15" sum="5"/>
<action no="4" player="HTNTN" type="1" discard="1" dealt="1" sum="20"/>
<action no="5" player="trooperwave56" type="2" discard="1" dealt="1" sum="40"/>
</round>
<round no="1"><cards type="Pocket" player="trooperwave56">SK S2</cards>
<cards type="Pocket" player="oreiasccp">H5 S9</cards>
<cards type="Pocket" player="HTNTN">SA C9</cards>
<action no="6" player="oreiasccp" type="0" sum="0"/>
<action no="7" player="HTNTN" type="23" discard="1" dealt="1" sum="733"/>
<action no="8" player="trooperwave56" type="7" discard="1" dealt="1" sum="365"/>
</round>
<round no="2"><cards type="Flop">C10 H9 S8</cards>
</round>
<round no="3"><cards type="Turn">D4</cards>
</round>
<round no="4"><cards type="River">DK</cards>
</round>
</game>
<game gamecode="11536765821"><general><startdate>2025-06-27 14:01:03</startdate>
<round>1</round>
<failsafecounter/>
<players><player seat="6" name="oreiasccp" chips="347" dealer="0" win="55" bet="45" muck="1" rebuy="0" addon="0" merge="0" rebuychips="0" reg_code="8392881252"/>
<player seat="10" name="HTNTN" chips="328" dealer="1" win="0" bet="5" muck="1" rebuy="0" addon="0" merge="0" rebuychips="0" reg_code="8392881282"/>
<player seat="3" name="trooperwave56" chips="825" dealer="0" win="0" bet="25" muck="1" rebuy="0" addon="0" merge="0" rebuychips="0" reg_code="8392881137"/>
</players>
</general>
<round no="0"><action no="1" player="trooperwave56" type="15" discard="1" dealt="1" sum="5"/>
<action no="2" player="oreiasccp" type="15" sum="5"/>
<action no="3" player="HTNTN" type="15" discard="1" dealt="1" sum="5"/>
<action no="4" player="trooperwave56" type="1" discard="1" dealt="1" sum="20"/>
<action no="5" player="oreiasccp" type="2" sum="40"/>
</round>
<round no="1"><cards type="Pocket" player="HTNTN">X X</cards>
<cards type="Pocket" player="oreiasccp">S3 C9</cards>
<cards type="Pocket" player="trooperwave56">X X</cards>
<action no="6" player="HTNTN" type="0" discard="1" dealt="1" sum="0"/>
<action no="7" player="trooperwave56" type="0" discard="1" dealt="1" sum="0"/>
</round>
</game>
<game gamecode="11536765890"><general><startdate>2025-06-27 14:01:18</startdate>
<round>1</round>
<failsafecounter/>
<players><player seat="10" name="HTNTN" chips="323" dealer="0" win="0" bet="323" muck="0" rebuy="0" addon="0" merge="0" rebuychips="0" reg_code="8392881282"/>
<player seat="3" name="trooperwave56" chips="800" dealer="1" win="0" bet="5" muck="1" rebuy="0" addon="0" merge="0" rebuychips="0" reg_code="8392881137"/>
<player seat="6" name="oreiasccp" chips="377" dealer="0" win="651" bet="323" muck="0" rebuy="0" addon="0" merge="0" rebuychips="0" reg_code="8392881252"/>
</players>
</general>
<round no="0"><action no="1" player="oreiasccp" type="15" sum="5"/>
<action no="2" player="HTNTN" type="15" discard="1" dealt="1" sum="5"/>
<action no="3" player="trooperwave56" type="15" discard="1" dealt="1" sum="5"/>
<action no="4" player="oreiasccp" type="1" sum="30"/>
<action no="5" player="HTNTN" type="2" discard="1" dealt="1" sum="60"/>
</round>
<round no="1"><cards type="Pocket" player="oreiasccp">DA S6</cards>
<cards type="Pocket" player="HTNTN">C10 DJ</cards>
<cards type="Pocket" player="trooperwave56">X X</cards>
<action no="6" player="trooperwave56" type="0" discard="1" dealt="1" sum="0"/>
<action no="7" player="oreiasccp" type="23" sum="318"/>
<action no="8" player="HTNTN" type="7" discard="1" dealt="1" sum="258"/>
</round>
<round no="2"><cards type="Flop">S7 H7 H2</cards>
</round>
<round no="3"><cards type="Turn">C3</cards>
</round>
<round no="4"><cards type="River">HK</cards>
</round>
</game>
<game gamecode="11536765988"><general><startdate>2025-06-27 14:01:38</startdate>
<round>1</round>
<failsafecounter/>
<players><player seat="3" name="trooperwave56" chips="795" dealer="0" win="0" bet="65" muck="1" rebuy="0" addon="0" merge="0" rebuychips="0" reg_code="8392881137"/>
<player seat="6" name="oreiasccp" chips="705" dealer="1" win="130" bet="705" muck="1" rebuy="0" addon="0" merge="0" rebuychips="0" reg_code="8392881252"/>
</players>
</general>
<round no="0"><action no="1" player="oreiasccp" type="15" sum="5"/>
<action no="2" player="trooperwave56" type="15" discard="1" dealt="1" sum="5"/>
<action no="3" player="oreiasccp" type="1" sum="30"/>
<action no="4" player="trooperwave56" type="2" discard="1" dealt="1" sum="60"/>
</round>
<round no="1"><cards type="Pocket" player="trooperwave56">X X</cards>
<cards type="Pocket" player="oreiasccp">DA H9</cards>
<action no="5" player="oreiasccp" type="23" sum="700"/>
<action no="6" player="trooperwave56" type="0" discard="1" dealt="1" sum="0"/>
</round>
</game>
<game gamecode="11536766053"><general><startdate>2025-06-27 14:01:50</startdate>
<round>1</round>
<failsafecounter/>
<players><player seat="6" name="oreiasccp" chips="770" dealer="0" win="0" bet="215" muck="1" rebuy="0" addon="0" merge="0" rebuychips="0" reg_code="8392881252"/>
<player seat="3" name="trooperwave56" chips="730" dealer="1" win="430" bet="645" muck="1" rebuy="0" addon="0" merge="0" rebuychips="0" reg_code="8392881137"/>
</players>
</general>
<round no="0"><action no="1" player="trooperwave56" type="15" discard="1" dealt="1" sum="5"/>
<action no="2" player="oreiasccp" type="15" sum="5"/>
<action no="3" player="trooperwave56" type="1" discard="1" dealt="1" sum="30"/>
<action no="4" player="oreiasccp" type="2" sum="60"/>
</round>
<round no="1"><cards type="Pocket" player="oreiasccp">S10 H3</cards>
<cards type="Pocket" player="trooperwave56">X X</cards>
<action no="5" player="trooperwave56" type="3" discard="1" dealt="1" sum="30"/>
<action no="6" player="oreiasccp" type="23" sum="210"/>
<action no="7" player="trooperwave56" type="3" discard="1" dealt="1" sum="150"/>
</round>
<round no="2"><cards type="Flop">H10 CQ S8</cards>
<action no="8" player="oreiasccp" type="4" sum="0"/>
<action no="9" player="trooperwave56" type="5" discard="1" dealt="1" sum="430"/>
<action no="10" player="oreiasccp" type="0" sum="0"/>
</round>
</game>
<game gamecode="11536776002"><general><startdate>2025-06-27 14:02:27</startdate>
<round>1</round>
<failsafecounter/>
<players><player seat="3" name="trooperwave56" chips="945" dealer="0" win="70" bet="65" muck="1" rebuy="0" addon="0" merge="0" rebuychips="0" reg_code="8392881137"/>
<player seat="6" name="oreiasccp" chips="555" dealer="1" win="0" bet="35" muck="1" rebuy="0" addon="0" merge="0" rebuychips="0" reg_code="8392881252"/>
</players>
</general>
<round no="0"><action no="1" player="oreiasccp" type="15" sum="5"/>
<action no="2" player="trooperwave56" type="15" discard="1" dealt="1" sum="5"/>
<action no="3" player="oreiasccp" type="1" sum="30"/>
<action no="4" player="trooperwave56" type="2" discard="1" dealt="1" sum="60"/>
</round>
<round no="1"><cards type="Pocket" player="trooperwave56">X X</cards>
<cards type="Pocket" player="oreiasccp">CJ D3</cards>
<action no="5" player="oreiasccp" type="0" sum="0"/>
</round>
</game>
<game gamecode="11536776023"><general><startdate>2025-06-27 14:02:33</startdate>
<round>1</round>
<failsafecounter/>
<players><player seat="6" name="oreiasccp" chips="520" dealer="0" win="130" bet="160" muck="1" rebuy="0" addon="0" merge="0" rebuychips="0" reg_code="8392881252"/>
<player seat="3" name="trooperwave56" chips="980" dealer="1" win="0" bet="65" muck="1" rebuy="0" addon="0" merge="0" rebuychips="0" reg_code="8392881137"/>
</players>
</general>
<round no="0"><action no="1" player="trooperwave56" type="15" discard="1" dealt="1" sum="5"/>
<action no="2" player="oreiasccp" type="15" sum="5"/>
<action no="3" player="trooperwave56" type="1" discard="1" dealt="1" sum="30"/>
<action no="4" player="oreiasccp" type="2" sum="60"/>
</round>
<round no="1"><cards type="Pocket" player="trooperwave56">X X</cards>
<cards type="Pocket" player="oreiasccp">CJ S10</cards>
<action no="5" player="trooperwave56" type="3" discard="1" dealt="1" sum="30"/>
<action no="6" player="oreiasccp" type="4" sum="0"/>
</round>
<round no="2"><cards type="Flop">H3 DK D6</cards>
<action no="7" player="oreiasccp" type="4" sum="0"/>
<action no="8" player="trooperwave56" type="4" discard="1" dealt="1" sum="0"/>
</round>
<round no="3"><cards type="Turn">H4</cards>
<action no="9" player="oreiasccp" type="4" sum="0"/>
<action no="10" player="trooperwave56" type="4" discard="1" dealt="1" sum="0"/>
</round>
<round no="4"><cards type="River">S6</cards>
<action no="11" player="oreiasccp" type="5" sum="95"/>
<action no="12" player="trooperwave56" type="0" discard="1" dealt="1" sum="0"/>
</round>
</game>
<game gamecode="11536776245"><general><startdate>2025-06-27 14:03:21</startdate>
<round>1</round>
<failsafecounter/>
<players><player seat="3" name="trooperwave56" chips="915" dealer="0" win="1,170" bet="585" muck="0" rebuy="0" addon="0" merge="0" rebuychips="0" reg_code="8392881137"/>
<player seat="6" name="oreiasccp" chips="585" dealer="1" win="0" bet="585" muck="0" rebuy="0" addon="0" merge="0" rebuychips="0" reg_code="8392881252"/>
</players>
</general>
<round no="0"><action no="1" player="oreiasccp" type="15" sum="8"/>
<action no="2" player="trooperwave56" type="15" discard="1" dealt="1" sum="8"/>
<action no="3" player="oreiasccp" type="1" sum="40"/>
<action no="4" player="trooperwave56" type="2" discard="1" dealt="1" sum="80"/>
</round>
<round no="1"><cards type="Pocket" player="trooperwave56">HK S8</cards>
<cards type="Pocket" player="oreiasccp">D3 H3</cards>
<action no="5" player="oreiasccp" type="23" sum="577"/>
<action no="6" player="trooperwave56" type="3" discard="1" dealt="1" sum="497"/>
</round>
<round no="2"><cards type="Flop">DQ H10 C5</cards>
</round>
<round no="3"><cards type="Turn">H8</cards>
</round>
<round no="4"><cards type="River">H5</cards>
</round>
</game>
</session>
