<?xml version="1.0" encoding="UTF-8"?>
<session sessioncode="8392755433">
<general>
<client_version>25.1.1.13</client_version>
<mode>real</mode>
<gametype>Holdem NL</gametype>
<tablename>Twister €5 SNG, 1128641838</tablename>
<tournamentcode>1128641836</tournamentcode>
<tournamentname>Twister €5 SNG</tournamentname>
<buyin>€0 + €0.35 + €4.65</buyin>
<totalbuyin>€5</totalbuyin>
<rewarddrawn>€10</rewarddrawn>
<tournamentcurrency>EUR</tournamentcurrency>
<currency>EUR</currency>
<nickname>oreiasccp</nickname>
<gamecount>13</gamecount>
<startdate>2025-06-27 07:43:04</startdate>
<place>2</place>
<win>€0</win>
<tablesize>3</tablesize>
</general>
<game gamecode="11536453565"><general><startdate>2025-06-27 07:43:19</startdate>
<round>1</round>
<failsafecounter/>
<players><player seat="3" name="oreiasccp" chips="500" dealer="0" win="0" bet="120" muck="1" rebuy="0" addon="0" merge="0" rebuychips="0" reg_code="8392755433"/>
<player seat="6" name="champgnepapi" chips="500" dealer="1" win="0" bet="0" muck="1" rebuy="0" addon="0" merge="0" rebuychips="0" reg_code="8392755489"/>
<player seat="10" name="Bellatrix97" chips="500" dealer="0" win="240" bet="240" muck="1" rebuy="0" addon="0" merge="0" rebuychips="0" reg_code="8392755507"/>
</players>
</general>
<round no="0"><action no="1" player="Bellatrix97" type="1" discard="1" dealt="1" sum="10"/>
<action no="2" player="oreiasccp" type="2" sum="20"/>
</round>
<round no="1"><cards type="Pocket" player="Bellatrix97">X X</cards>
<cards type="Pocket" player="oreiasccp">S6 D7</cards>
<cards type="Pocket" player="champgnepapi">X X</cards>
<action no="3" player="champgnepapi" type="0" discard="1" dealt="1" sum="0"/>
<action no="4" player="Bellatrix97" type="3" discard="1" dealt="1" sum="10"/>
<action no="5" player="oreiasccp" type="4" sum="0"/>
</round>
<round no="2"><cards type="Flop">D2 C6 HA</cards>
<action no="6" player="Bellatrix97" type="5" discard="1" dealt="1" sum="20"/>
<action no="7" player="oreiasccp" type="3" sum="20"/>
</round>
<round no="3"><cards type="Turn">SK</cards>
<action no="8" player="Bellatrix97" type="5" discard="1" dealt="1" sum="80"/>
<action no="9" player="oreiasccp" type="3" sum="80"/>
</round>
<round no="4"><cards type="River">HJ</cards>
<action no="10" player="Bellatrix97" type="5" discard="1" dealt="1" sum="120"/>
<action no="11" player="oreiasccp" type="0" sum="0"/>
</round>
</game>
<game gamecode="11536453647"><general><startdate>2025-06-27 07:43:53</startdate>
<round>1</round>
<failsafecounter/>
<players><player seat="6" name="champgnepapi" chips="500" dealer="0" win="0" bet="20" muck="1" rebuy="0" addon="0" merge="0" rebuychips="0" reg_code="8392755489"/>
<player seat="10" name="Bellatrix97" chips="620" dealer="1" win="50" bet="40" muck="1" rebuy="0" addon="0" merge="0" rebuychips="0" reg_code="8392755507"/>
<player seat="3" name="oreiasccp" chips="380" dealer="0" win="0" bet="10" muck="1" rebuy="0" addon="0" merge="0" rebuychips="0" reg_code="8392755433"/>
</players>
</general>
<round no="0"><action no="1" player="oreiasccp" type="1" sum="10"/>
<action no="2" player="champgnepapi" type="2" discard="1" dealt="1" sum="20"/>
</round>
<round no="1"><cards type="Pocket" player="champgnepapi">X X</cards>
<cards type="Pocket" player="oreiasccp">HJ H4</cards>
<cards type="Pocket" player="Bellatrix97">X X</cards>
<action no="3" player="Bellatrix97" type="23" discard="1" dealt="1" sum="40"/>
<action no="4" player="oreiasccp" type="0" sum="0"/>
<action no="5" player="champgnepapi" type="0" discard="1" dealt="1" sum="0"/>
</round>
</game>
<game gamecode="11536453682"><general><startdate>2025-06-27 07:44:06</startdate>
<round>1</round>
<failsafecounter/>
<players><player seat="10" name="Bellatrix97" chips="650" dealer="0" win="0" bet="20" muck="1" rebuy="0" addon="0" merge="0" rebuychips="0" reg_code="8392755507"/>
<player seat="3" name="oreiasccp" chips="370" dealer="1" win="50" bet="40" muck="1" rebuy="0" addon="0" merge="0" rebuychips="0" reg_code="8392755433"/>
<player seat="6" name="champgnepapi" chips="480" dealer="0" win="0" bet="10" muck="1" rebuy="0" addon="0" merge="0" rebuychips="0" reg_code="8392755489"/>
</players>
</general>
<round no="0"><action no="1" player="champgnepapi" type="1" discard="1" dealt="1" sum="10"/>
<action no="2" player="Bellatrix97" type="2" discard="1" dealt="1" sum="20"/>
</round>
<round no="1"><cards type="Pocket" player="champgnepapi">X X</cards>
<cards type="Pocket" player="oreiasccp">DJ DK</cards>
<cards type="Pocket" player="Bellatrix97">X X</cards>
<action no="3" player="oreiasccp" type="23" sum="40"/>
<action no="4" player="champgnepapi" type="0" discard="1" dealt="1" sum="0"/>
<action no="5" player="Bellatrix97" type="0" discard="1" dealt="1" sum="0"/>
</round>
</game>
<game gamecode="11536453710"><general><startdate>2025-06-27 07:44:17</startdate>
<round>1</round>
<failsafecounter/>
<players><player seat="3" name="oreiasccp" chips="400" dealer="0" win="0" bet="20" muck="1" rebuy="0" addon="0" merge="0" rebuychips="0" reg_code="8392755433"/>
<player seat="6" name="champgnepapi" chips="470" dealer="1" win="0" bet="0" muck="1" rebuy="0" addon="0" merge="0" rebuychips="0" reg_code="8392755489"/>
<player seat="10" name="Bellatrix97" chips="630" dealer="0" win="40" bet="630" muck="1" rebuy="0" addon="0" merge="0" rebuychips="0" reg_code="8392755507"/>
</players>
</general>
<round no="0"><action no="1" player="Bellatrix97" type="1" discard="1" dealt="1" sum="10"/>
<action no="2" player="oreiasccp" type="2" sum="20"/>
</round>
<round no="1"><cards type="Pocket" player="Bellatrix97">X X</cards>
<cards type="Pocket" player="oreiasccp">D6 S5</cards>
<cards type="Pocket" player="champgnepapi">X X</cards>
<action no="3" player="champgnepapi" type="0" discard="1" dealt="1" sum="0"/>
<action no="4" player="Bellatrix97" type="23" discard="1" dealt="1" sum="630"/>
<action no="5" player="oreiasccp" type="0" sum="0"/>
</round>
</game>
<game gamecode="11536453751"><general><startdate>2025-06-27 07:44:32</startdate>
<round>1</round>
<failsafecounter/>
<players><player seat="6" name="champgnepapi" chips="470" dealer="0" win="0" bet="20" muck="1" rebuy="0" addon="0" merge="0" rebuychips="0" reg_code="8392755489"/>
<player seat="10" name="Bellatrix97" chips="650" dealer="1" win="50" bet="40" muck="1" rebuy="0" addon="0" merge="0" rebuychips="0" reg_code="8392755507"/>
<player seat="3" name="oreiasccp" chips="380" dealer="0" win="0" bet="10" muck="1" rebuy="0" addon="0" merge="0" rebuychips="0" reg_code="8392755433"/>
</players>
</general>
<round no="0"><action no="1" player="oreiasccp" type="1" sum="10"/>
<action no="2" player="champgnepapi" type="2" discard="1" dealt="1" sum="20"/>
</round>
<round no="1"><cards type="Pocket" player="oreiasccp">H8 D3</cards>
<cards type="Pocket" player="champgnepapi">X X</cards>
<cards type="Pocket" player="Bellatrix97">X X</cards>
<action no="3" player="Bellatrix97" type="23" discard="1" dealt="1" sum="40"/>
<action no="4" player="oreiasccp" type="0" sum="0"/>
<action no="5" player="champgnepapi" type="0" discard="1" dealt="1" sum="0"/>
</round>
</game>
<game gamecode="11536453799"><general><startdate>2025-06-27 07:44:45</startdate>
<round>1</round>
<failsafecounter/>
<players><player seat="10" name="Bellatrix97" chips="680" dealer="0" win="0" bet="20" muck="1" rebuy="0" addon="0" merge="0" rebuychips="0" reg_code="8392755507"/>
<player seat="3" name="oreiasccp" chips="370" dealer="1" win="50" bet="40" muck="1" rebuy="0" addon="0" merge="0" rebuychips="0" reg_code="8392755433"/>
<player seat="6" name="champgnepapi" chips="450" dealer="0" win="0" bet="10" muck="1" rebuy="0" addon="0" merge="0" rebuychips="0" reg_code="8392755489"/>
</players>
</general>
<round no="0"><action no="1" player="champgnepapi" type="1" discard="1" dealt="1" sum="10"/>
<action no="2" player="Bellatrix97" type="2" discard="1" dealt="1" sum="20"/>
</round>
<round no="1"><cards type="Pocket" player="Bellatrix97">X X</cards>
<cards type="Pocket" player="champgnepapi">X X</cards>
<cards type="Pocket" player="oreiasccp">DQ D4</cards>
<action no="3" player="oreiasccp" type="23" sum="40"/>
<action no="4" player="champgnepapi" type="0" discard="1" dealt="1" sum="0"/>
<action no="5" player="Bellatrix97" type="0" discard="1" dealt="1" sum="0"/>
</round>
</game>
<game gamecode="11536453826"><general><startdate>2025-06-27 07:44:57</startdate>
<round>1</round>
<failsafecounter/>
<players><player seat="3" name="oreiasccp" chips="400" dealer="0" win="20" bet="20" muck="1" rebuy="0" addon="0" merge="0" rebuychips="0" reg_code="8392755433"/>
<player seat="6" name="champgnepapi" chips="440" dealer="1" win="0" bet="0" muck="1" rebuy="0" addon="0" merge="0" rebuychips="0" reg_code="8392755489"/>
<player seat="10" name="Bellatrix97" chips="660" dealer="0" win="0" bet="10" muck="1" rebuy="0" addon="0" merge="0" rebuychips="0" reg_code="8392755507"/>
</players>
</general>
<round no="0"><action no="1" player="Bellatrix97" type="1" discard="1" dealt="1" sum="10"/>
<action no="2" player="oreiasccp" type="2" sum="20"/>
</round>
<round no="1"><cards type="Pocket" player="oreiasccp">S10 C5</cards>
<cards type="Pocket" player="champgnepapi">X X</cards>
<cards type="Pocket" player="Bellatrix97">X X</cards>
<action no="3" player="champgnepapi" type="0" discard="1" dealt="1" sum="0"/>
<action no="4" player="Bellatrix97" type="0" discard="1" dealt="1" sum="0"/>
</round>
</game>
<game gamecode="11536453854"><general><startdate>2025-06-27 07:45:08</startdate>
<round>1</round>
<failsafecounter/>
<players><player seat="6" name="champgnepapi" chips="440" dealer="0" win="20" bet="20" muck="1" rebuy="0" addon="0" merge="0" rebuychips="0" reg_code="8392755489"/>
<player seat="10" name="Bellatrix97" chips="650" dealer="1" win="0" bet="0" muck="1" rebuy="0" addon="0" merge="0" rebuychips="0" reg_code="8392755507"/>
<player seat="3" name="oreiasccp" chips="410" dealer="0" win="0" bet="10" muck="1" rebuy="0" addon="0" merge="0" rebuychips="0" reg_code="8392755433"/>
</players>
</general>
<round no="0"><action no="1" player="oreiasccp" type="1" sum="10"/>
<action no="2" player="champgnepapi" type="2" discard="1" dealt="1" sum="20"/>
</round>
<round no="1"><cards type="Pocket" player="champgnepapi">X X</cards>
<cards type="Pocket" player="oreiasccp">S2 D7</cards>
<cards type="Pocket" player="Bellatrix97">X X</cards>
<action no="3" player="Bellatrix97" type="0" discard="1" dealt="1" sum="0"/>
<action no="4" player="oreiasccp" type="0" sum="0"/>
</round>
</game>
<game gamecode="11536453896"><general><startdate>2025-06-27 07:45:23</startdate>
<round>1</round>
<failsafecounter/>
<players><player seat="10" name="Bellatrix97" chips="650" dealer="0" win="905" bet="450" muck="0" rebuy="0" addon="0" merge="0" rebuychips="0" reg_code="8392755507"/>
<player seat="3" name="oreiasccp" chips="400" dealer="1" win="0" bet="5" muck="1" rebuy="0" addon="0" merge="0" rebuychips="0" reg_code="8392755433"/>
<player seat="6" name="champgnepapi" chips="450" dealer="0" win="0" bet="450" muck="0" rebuy="0" addon="0" merge="0" rebuychips="0" reg_code="8392755489"/>
</players>
</general>
<round no="0"><action no="1" player="champgnepapi" type="15" discard="1" dealt="1" sum="5"/>
<action no="2" player="Bellatrix97" type="15" discard="1" dealt="1" sum="5"/>
<action no="3" player="oreiasccp" type="15" sum="5"/>
<action no="4" player="champgnepapi" type="1" discard="1" dealt="1" sum="15"/>
<action no="5" player="Bellatrix97" type="2" discard="1" dealt="1" sum="30"/>
</round>
<round no="1"><cards type="Pocket" player="oreiasccp">C2 D8</cards>
<cards type="Pocket" player="Bellatrix97">D9 H9</cards>
<cards type="Pocket" player="champgnepapi">HK C7</cards>
<action no="6" player="oreiasccp" type="0" sum="0"/>
<action no="7" player="champgnepapi" type="23" discard="1" dealt="1" sum="445"/>
<action no="8" player="Bellatrix97" type="3" discard="1" dealt="1" sum="415"/>
</round>
<round no="2"><cards type="Flop">S7 DJ S10</cards>
</round>
<round no="3"><cards type="Turn">SA</cards>
</round>
<round no="4"><cards type="River">H8</cards>
</round>
</game>
<game gamecode="11536453949"><general><startdate>2025-06-27 07:45:42</startdate>
<round>1</round>
<failsafecounter/>
<players><player seat="3" name="oreiasccp" chips="395" dealer="0" win="0" bet="35" muck="1" rebuy="0" addon="0" merge="0" rebuychips="0" reg_code="8392755433"/>
<player seat="10" name="Bellatrix97" chips="1,105" dealer="1" win="70" bet="1,105" muck="1" rebuy="0" addon="0" merge="0" rebuychips="0" reg_code="8392755507"/>
</players>
</general>
<round no="0"><action no="1" player="Bellatrix97" type="15" discard="1" dealt="1" sum="5"/>
<action no="2" player="oreiasccp" type="15" sum="5"/>
<action no="3" player="Bellatrix97" type="1" discard="1" dealt="1" sum="15"/>
<action no="4" player="oreiasccp" type="2" sum="30"/>
</round>
<round no="1"><cards type="Pocket" player="oreiasccp">H5 D10</cards>
<cards type="Pocket" player="Bellatrix97">X X</cards>
<action no="5" player="Bellatrix97" type="23" discard="1" dealt="1" sum="1,100"/>
<action no="6" player="oreiasccp" type="0" sum="0"/>
</round>
</game>
<game gamecode="11536453975"><general><startdate>2025-06-27 07:45:51</startdate>
<round>1</round>
<failsafecounter/>
<players><player seat="10" name="Bellatrix97" chips="1,140" dealer="0" win="0" bet="35" muck="1" rebuy="0" addon="0" merge="0" rebuychips="0" reg_code="8392755507"/>
<player seat="3" name="oreiasccp" chips="360" dealer="1" win="70" bet="65" muck="1" rebuy="0" addon="0" merge="0" rebuychips="0" reg_code="8392755433"/>
</players>
</general>
<round no="0"><action no="1" player="oreiasccp" type="15" sum="5"/>
<action no="2" player="Bellatrix97" type="15" discard="1" dealt="1" sum="5"/>
<action no="3" player="oreiasccp" type="1" sum="15"/>
<action no="4" player="Bellatrix97" type="2" discard="1" dealt="1" sum="30"/>
</round>
<round no="1"><cards type="Pocket" player="oreiasccp">D3 D8</cards>
<cards type="Pocket" player="Bellatrix97">X X</cards>
<action no="5" player="oreiasccp" type="3" sum="15"/>
<action no="6" player="Bellatrix97" type="4" discard="1" dealt="1" sum="0"/>
</round>
<round no="2"><cards type="Flop">C6 HA CJ</cards>
<action no="7" player="Bellatrix97" type="4" discard="1" dealt="1" sum="0"/>
<action no="8" player="oreiasccp" type="5" sum="30"/>
<action no="9" player="Bellatrix97" type="0" discard="1" dealt="1" sum="0"/>
</round>
</game>
<game gamecode="11536454012"><general><startdate>2025-06-27 07:46:07</startdate>
<round>1</round>
<failsafecounter/>
<players><player seat="3" name="oreiasccp" chips="395" dealer="0" win="0" bet="35" muck="1" rebuy="0" addon="0" merge="0" rebuychips="0" reg_code="8392755433"/>
<player seat="10" name="Bellatrix97" chips="1,105" dealer="1" win="70" bet="65" muck="1" rebuy="0" addon="0" merge="0" rebuychips="0" reg_code="8392755507"/>
</players>
</general>
<round no="0"><action no="1" player="Bellatrix97" type="15" discard="1" dealt="1" sum="5"/>
<action no="2" player="oreiasccp" type="15" sum="5"/>
<action no="3" player="Bellatrix97" type="1" discard="1" dealt="1" sum="15"/>
<action no="4" player="oreiasccp" type="2" sum="30"/>
</round>
<round no="1"><cards type="Pocket" player="oreiasccp">D3 HK</cards>
<cards type="Pocket" player="Bellatrix97">X X</cards>
<action no="5" player="Bellatrix97" type="3" discard="1" dealt="1" sum="15"/>
<action no="6" player="oreiasccp" type="4" sum="0"/>
</round>
<round no="2"><cards type="Flop">S9 D9 SA</cards>
<action no="7" player="oreiasccp" type="4" sum="0"/>
<action no="8" player="Bellatrix97" type="5" discard="1" dealt="1" sum="30"/>
<action no="9" player="oreiasccp" type="0" sum="0"/>
</round>
</game>
<game gamecode="11536454068"><general><startdate>2025-06-27 07:46:26</startdate>
<round>1</round>
<failsafecounter/>
<players><player seat="10" name="Bellatrix97" chips="1,140" dealer="0" win="720" bet="360" muck="0" rebuy="0" addon="0" merge="0" rebuychips="0" reg_code="8392755507"/>
<player seat="3" name="oreiasccp" chips="360" dealer="1" win="0" bet="360" muck="0" rebuy="0" addon="0" merge="0" rebuychips="0" reg_code="8392755433"/>
</players>
</general>
<round no="0"><action no="1" player="oreiasccp" type="15" sum="5"/>
<action no="2" player="Bellatrix97" type="15" discard="1" dealt="1" sum="5"/>
<action no="3" player="oreiasccp" type="1" sum="15"/>
<action no="4" player="Bellatrix97" type="2" discard="1" dealt="1" sum="30"/>
</round>
<round no="1"><cards type="Pocket" player="Bellatrix97">H9 C9</cards>
<cards type="Pocket" player="oreiasccp">HK D6</cards>
<action no="5" player="oreiasccp" type="23" sum="355"/>
<action no="6" player="Bellatrix97" type="3" discard="1" dealt="1" sum="325"/>
</round>
<round no="2"><cards type="Flop">C10 CQ S3</cards>
</round>
<round no="3"><cards type="Turn">SA</cards>
</round>
<round no="4"><cards type="River">D9</cards>
</round>
</game>
</session>
