<?xml version="1.0" encoding="UTF-8"?>
<session sessioncode="8392874022">
<general>
<client_version>25.1.1.13</client_version>
<mode>real</mode>
<gametype>Holdem NL</gametype>
<tablename>Twister €5 SNG, 1128657447</tablename>
<tournamentcode>1128657446</tournamentcode>
<tournamentname>Twister €5 SNG</tournamentname>
<buyin>€0 + €0.35 + €4.65</buyin>
<totalbuyin>€5</totalbuyin>
<rewarddrawn>€10</rewarddrawn>
<tournamentcurrency>EUR</tournamentcurrency>
<currency>EUR</currency>
<nickname>oreiasccp</nickname>
<gamecount>14</gamecount>
<startdate>2025-06-27 13:40:18</startdate>
<place>3</place>
<win>€0</win>
<tablesize>3</tablesize>
</general>
<game gamecode="11536741272"><general><startdate>2025-06-27 13:40:33</startdate>
<round>1</round>
<failsafecounter/>
<players><player seat="10" name="oreiasccp" chips="500" dealer="0" win="0" bet="20" muck="1" rebuy="0" addon="0" merge="0" rebuychips="0" reg_code="8392874022"/>
<player seat="3" name="bobbb1" chips="500" dealer="1" win="0" bet="0" muck="1" rebuy="0" addon="0" merge="0" rebuychips="0" reg_code="8392873992"/>
<player seat="6" name="playerfunny458" chips="500" dealer="0" win="40" bet="40" muck="1" rebuy="0" addon="0" merge="0" rebuychips="0" reg_code="8392874001"/>
</players>
</general>
<round no="0"><action no="1" player="playerfunny458" type="1" discard="1" dealt="1" sum="10"/>
<action no="2" player="oreiasccp" type="2" sum="20"/>
</round>
<round no="1"><cards type="Pocket" player="bobbb1">X X</cards>
<cards type="Pocket" player="playerfunny458">X X</cards>
<cards type="Pocket" player="oreiasccp">HJ S4</cards>
<action no="3" player="bobbb1" type="0" discard="1" dealt="1" sum="0"/>
<action no="4" player="playerfunny458" type="3" discard="1" dealt="1" sum="10"/>
<action no="5" player="oreiasccp" type="4" sum="0"/>
</round>
<round no="2"><cards type="Flop">HK CK H3</cards>
<action no="6" player="playerfunny458" type="5" discard="1" dealt="1" sum="20"/>
<action no="7" player="oreiasccp" type="0" sum="0"/>
</round>
</game>
<game gamecode="11536741362"><general><startdate>2025-06-27 13:40:50</startdate>
<round>1</round>
<failsafecounter/>
<players><player seat="3" name="bobbb1" chips="500" dealer="0" win="0" bet="20" muck="1" rebuy="0" addon="0" merge="0" rebuychips="0" reg_code="8392873992"/>
<player seat="6" name="playerfunny458" chips="520" dealer="1" win="50" bet="40" muck="1" rebuy="0" addon="0" merge="0" rebuychips="0" reg_code="8392874001"/>
<player seat="10" name="oreiasccp" chips="480" dealer="0" win="0" bet="10" muck="1" rebuy="0" addon="0" merge="0" rebuychips="0" reg_code="8392874022"/>
</players>
</general>
<round no="0"><action no="1" player="oreiasccp" type="1" sum="10"/>
<action no="2" player="bobbb1" type="2" discard="1" dealt="1" sum="20"/>
</round>
<round no="1"><cards type="Pocket" player="bobbb1">X X</cards>
<cards type="Pocket" player="playerfunny458">X X</cards>
<cards type="Pocket" player="oreiasccp">D9 CQ</cards>
<action no="3" player="playerfunny458" type="23" discard="1" dealt="1" sum="40"/>
<action no="4" player="oreiasccp" type="0" sum="0"/>
<action no="5" player="bobbb1" type="0" discard="1" dealt="1" sum="0"/>
</round>
</game>
<game gamecode="11536741425"><general><startdate>2025-06-27 13:41:02</startdate>
<round>1</round>
<failsafecounter/>
<players><player seat="6" name="playerfunny458" chips="550" dealer="0" win="40" bet="50" muck="1" rebuy="0" addon="0" merge="0" rebuychips="0" reg_code="8392874001"/>
<player seat="10" name="oreiasccp" chips="470" dealer="1" win="0" bet="0" muck="1" rebuy="0" addon="0" merge="0" rebuychips="0" reg_code="8392874022"/>
<player seat="3" name="bobbb1" chips="480" dealer="0" win="0" bet="20" muck="1" rebuy="0" addon="0" merge="0" rebuychips="0" reg_code="8392873992"/>
</players>
</general>
<round no="0"><action no="1" player="bobbb1" type="1" discard="1" dealt="1" sum="10"/>
<action no="2" player="playerfunny458" type="2" discard="1" dealt="1" sum="20"/>
</round>
<round no="1"><cards type="Pocket" player="playerfunny458">X X</cards>
<cards type="Pocket" player="oreiasccp">H4 C10</cards>
<cards type="Pocket" player="bobbb1">X X</cards>
<action no="3" player="oreiasccp" type="0" sum="0"/>
<action no="4" player="bobbb1" type="3" discard="1" dealt="1" sum="10"/>
<action no="5" player="playerfunny458" type="23" discard="1" dealt="1" sum="50"/>
<action no="6" player="bobbb1" type="0" discard="1" dealt="1" sum="0"/>
</round>
</game>
<game gamecode="11536741506"><general><startdate>2025-06-27 13:41:21</startdate>
<round>1</round>
<failsafecounter/>
<players><player seat="10" name="oreiasccp" chips="470" dealer="0" win="0" bet="20" muck="1" rebuy="0" addon="0" merge="0" rebuychips="0" reg_code="8392874022"/>
<player seat="3" name="bobbb1" chips="460" dealer="1" win="0" bet="0" muck="1" rebuy="0" addon="0" merge="0" rebuychips="0" reg_code="8392873992"/>
<player seat="6" name="playerfunny458" chips="570" dealer="0" win="40" bet="40" muck="1" rebuy="0" addon="0" merge="0" rebuychips="0" reg_code="8392874001"/>
</players>
</general>
<round no="0"><action no="1" player="playerfunny458" type="1" discard="1" dealt="1" sum="10"/>
<action no="2" player="oreiasccp" type="2" sum="20"/>
</round>
<round no="1"><cards type="Pocket" player="playerfunny458">X X</cards>
<cards type="Pocket" player="oreiasccp">C6 C3</cards>
<cards type="Pocket" player="bobbb1">X X</cards>
<action no="3" player="bobbb1" type="0" discard="1" dealt="1" sum="0"/>
<action no="4" player="playerfunny458" type="3" discard="1" dealt="1" sum="10"/>
<action no="5" player="oreiasccp" type="4" sum="0"/>
</round>
<round no="2"><cards type="Flop">C4 HQ DJ</cards>
<action no="6" player="playerfunny458" type="4" discard="1" dealt="1" sum="0"/>
<action no="7" player="oreiasccp" type="4" sum="0"/>
</round>
<round no="3"><cards type="Turn">HA</cards>
<action no="8" player="playerfunny458" type="5" discard="1" dealt="1" sum="20"/>
<action no="9" player="oreiasccp" type="0" sum="0"/>
</round>
</game>
<game gamecode="11536741586"><general><startdate>2025-06-27 13:41:38</startdate>
<round>1</round>
<failsafecounter/>
<players><player seat="3" name="bobbb1" chips="460" dealer="0" win="0" bet="20" muck="1" rebuy="0" addon="0" merge="0" rebuychips="0" reg_code="8392873992"/>
<player seat="6" name="playerfunny458" chips="590" dealer="1" win="60" bet="80" muck="1" rebuy="0" addon="0" merge="0" rebuychips="0" reg_code="8392874001"/>
<player seat="10" name="oreiasccp" chips="450" dealer="0" win="0" bet="20" muck="1" rebuy="0" addon="0" merge="0" rebuychips="0" reg_code="8392874022"/>
</players>
</general>
<round no="0"><action no="1" player="oreiasccp" type="1" sum="10"/>
<action no="2" player="bobbb1" type="2" discard="1" dealt="1" sum="20"/>
</round>
<round no="1"><cards type="Pocket" player="oreiasccp">C5 C7</cards>
<cards type="Pocket" player="playerfunny458">X X</cards>
<cards type="Pocket" player="bobbb1">X X</cards>
<action no="3" player="playerfunny458" type="3" discard="1" dealt="1" sum="20"/>
<action no="4" player="oreiasccp" type="3" sum="10"/>
<action no="5" player="bobbb1" type="4" discard="1" dealt="1" sum="0"/>
</round>
<round no="2"><cards type="Flop">H8 CA S4</cards>
<action no="6" player="oreiasccp" type="4" sum="0"/>
<action no="7" player="bobbb1" type="4" discard="1" dealt="1" sum="0"/>
<action no="8" player="playerfunny458" type="5" discard="1" dealt="1" sum="60"/>
<action no="9" player="oreiasccp" type="0" sum="0"/>
<action no="10" player="bobbb1" type="0" discard="1" dealt="1" sum="0"/>
</round>
</game>
<game gamecode="11536748892"><general><startdate>2025-06-27 13:42:06</startdate>
<round>1</round>
<failsafecounter/>
<players><player seat="6" name="playerfunny458" chips="630" dealer="0" win="0" bet="40" muck="1" rebuy="0" addon="0" merge="0" rebuychips="0" reg_code="8392874001"/>
<player seat="10" name="oreiasccp" chips="430" dealer="1" win="90" bet="60" muck="1" rebuy="0" addon="0" merge="0" rebuychips="0" reg_code="8392874022"/>
<player seat="3" name="bobbb1" chips="440" dealer="0" win="0" bet="10" muck="1" rebuy="0" addon="0" merge="0" rebuychips="0" reg_code="8392873992"/>
</players>
</general>
<round no="0"><action no="1" player="bobbb1" type="1" discard="1" dealt="1" sum="10"/>
<action no="2" player="playerfunny458" type="2" discard="1" dealt="1" sum="20"/>
</round>
<round no="1"><cards type="Pocket" player="bobbb1">X X</cards>
<cards type="Pocket" player="playerfunny458">X X</cards>
<cards type="Pocket" player="oreiasccp">DK DJ</cards>
<action no="3" player="oreiasccp" type="23" sum="40"/>
<action no="4" player="bobbb1" type="0" discard="1" dealt="1" sum="0"/>
<action no="5" player="playerfunny458" type="3" discard="1" dealt="1" sum="20"/>
</round>
<round no="2"><cards type="Flop">H7 D7 D6</cards>
<action no="6" player="playerfunny458" type="4" discard="1" dealt="1" sum="0"/>
<action no="7" player="oreiasccp" type="5" sum="20"/>
<action no="8" player="playerfunny458" type="0" discard="1" dealt="1" sum="0"/>
</round>
</game>
<game gamecode="11536748964"><general><startdate>2025-06-27 13:42:23</startdate>
<round>1</round>
<failsafecounter/>
<players><player seat="10" name="oreiasccp" chips="480" dealer="0" win="0" bet="40" muck="1" rebuy="0" addon="0" merge="0" rebuychips="0" reg_code="8392874022"/>
<player seat="3" name="bobbb1" chips="430" dealer="1" win="0" bet="0" muck="1" rebuy="0" addon="0" merge="0" rebuychips="0" reg_code="8392873992"/>
<player seat="6" name="playerfunny458" chips="590" dealer="0" win="80" bet="80" muck="1" rebuy="0" addon="0" merge="0" rebuychips="0" reg_code="8392874001"/>
</players>
</general>
<round no="0"><action no="1" player="playerfunny458" type="1" discard="1" dealt="1" sum="10"/>
<action no="2" player="oreiasccp" type="2" sum="20"/>
</round>
<round no="1"><cards type="Pocket" player="oreiasccp">C5 CQ</cards>
<cards type="Pocket" player="playerfunny458">X X</cards>
<cards type="Pocket" player="bobbb1">X X</cards>
<action no="3" player="bobbb1" type="0" discard="1" dealt="1" sum="0"/>
<action no="4" player="playerfunny458" type="23" discard="1" dealt="1" sum="40"/>
<action no="5" player="oreiasccp" type="3" sum="20"/>
</round>
<round no="2"><cards type="Flop">CJ D2 S7</cards>
<action no="6" player="playerfunny458" type="5" discard="1" dealt="1" sum="40"/>
<action no="7" player="oreiasccp" type="0" sum="0"/>
</round>
</game>
<game gamecode="11536749050"><general><startdate>2025-06-27 13:42:40</startdate>
<round>1</round>
<failsafecounter/>
<players><player seat="3" name="bobbb1" chips="430" dealer="0" win="0" bet="35" muck="1" rebuy="0" addon="0" merge="0" rebuychips="0" reg_code="8392873992"/>
<player seat="6" name="playerfunny458" chips="630" dealer="1" win="0" bet="65" muck="1" rebuy="0" addon="0" merge="0" rebuychips="0" reg_code="8392874001"/>
<player seat="10" name="oreiasccp" chips="440" dealer="0" win="165" bet="440" muck="1" rebuy="0" addon="0" merge="0" rebuychips="0" reg_code="8392874022"/>
</players>
</general>
<round no="0"><action no="1" player="oreiasccp" type="15" sum="5"/>
<action no="2" player="bobbb1" type="15" discard="1" dealt="1" sum="5"/>
<action no="3" player="playerfunny458" type="15" discard="1" dealt="1" sum="5"/>
<action no="4" player="oreiasccp" type="1" sum="15"/>
<action no="5" player="bobbb1" type="2" discard="1" dealt="1" sum="30"/>
</round>
<round no="1"><cards type="Pocket" player="oreiasccp">C8 CA</cards>
<cards type="Pocket" player="bobbb1">X X</cards>
<cards type="Pocket" player="playerfunny458">X X</cards>
<action no="6" player="playerfunny458" type="23" discard="1" dealt="1" sum="60"/>
<action no="7" player="oreiasccp" type="23" sum="435"/>
<action no="8" player="bobbb1" type="0" discard="1" dealt="1" sum="0"/>
<action no="9" player="playerfunny458" type="0" discard="1" dealt="1" sum="0"/>
</round>
</game>
<game gamecode="11536749118"><general><startdate>2025-06-27 13:42:55</startdate>
<round>1</round>
<failsafecounter/>
<players><player seat="6" name="playerfunny458" chips="565" dealer="0" win="255" bet="305" muck="1" rebuy="0" addon="0" merge="0" rebuychips="0" reg_code="8392874001"/>
<player seat="10" name="oreiasccp" chips="540" dealer="1" win="0" bet="5" muck="1" rebuy="0" addon="0" merge="0" rebuychips="0" reg_code="8392874022"/>
<player seat="3" name="bobbb1" chips="395" dealer="0" win="0" bet="125" muck="1" rebuy="0" addon="0" merge="0" rebuychips="0" reg_code="8392873992"/>
</players>
</general>
<round no="0"><action no="1" player="bobbb1" type="15" discard="1" dealt="1" sum="5"/>
<action no="2" player="playerfunny458" type="15" discard="1" dealt="1" sum="5"/>
<action no="3" player="oreiasccp" type="15" sum="5"/>
<action no="4" player="bobbb1" type="1" discard="1" dealt="1" sum="15"/>
<action no="5" player="playerfunny458" type="2" discard="1" dealt="1" sum="30"/>
</round>
<round no="1"><cards type="Pocket" player="playerfunny458">X X</cards>
<cards type="Pocket" player="oreiasccp">C4 C7</cards>
<cards type="Pocket" player="bobbb1">X X</cards>
<action no="6" player="oreiasccp" type="0" sum="0"/>
<action no="7" player="bobbb1" type="23" discard="1" dealt="1" sum="60"/>
<action no="8" player="playerfunny458" type="3" discard="1" dealt="1" sum="30"/>
</round>
<round no="2"><cards type="Flop">S4 S7 D3</cards>
<action no="9" player="bobbb1" type="5" discard="1" dealt="1" sum="60"/>
<action no="10" player="playerfunny458" type="3" discard="1" dealt="1" sum="60"/>
</round>
<round no="3"><cards type="Turn">SK</cards>
<action no="11" player="bobbb1" type="4" discard="1" dealt="1" sum="0"/>
<action no="12" player="playerfunny458" type="5" discard="1" dealt="1" sum="180"/>
<action no="13" player="bobbb1" type="0" discard="1" dealt="1" sum="0"/>
</round>
</game>
<game gamecode="11536749260"><general><startdate>2025-06-27 13:43:27</startdate>
<round>1</round>
<failsafecounter/>
<players><player seat="10" name="oreiasccp" chips="535" dealer="0" win="75" bet="535" muck="1" rebuy="0" addon="0" merge="0" rebuychips="0" reg_code="8392874022"/>
<player seat="3" name="bobbb1" chips="270" dealer="1" win="0" bet="5" muck="1" rebuy="0" addon="0" merge="0" rebuychips="0" reg_code="8392873992"/>
<player seat="6" name="playerfunny458" chips="695" dealer="0" win="0" bet="35" muck="1" rebuy="0" addon="0" merge="0" rebuychips="0" reg_code="8392874001"/>
</players>
</general>
<round no="0"><action no="1" player="playerfunny458" type="15" discard="1" dealt="1" sum="5"/>
<action no="2" player="oreiasccp" type="15" sum="5"/>
<action no="3" player="bobbb1" type="15" discard="1" dealt="1" sum="5"/>
<action no="4" player="playerfunny458" type="1" discard="1" dealt="1" sum="15"/>
<action no="5" player="oreiasccp" type="2" sum="30"/>
</round>
<round no="1"><cards type="Pocket" player="oreiasccp">HA H4</cards>
<cards type="Pocket" player="bobbb1">X X</cards>
<cards type="Pocket" player="playerfunny458">X X</cards>
<action no="6" player="bobbb1" type="0" discard="1" dealt="1" sum="0"/>
<action no="7" player="playerfunny458" type="3" discard="1" dealt="1" sum="15"/>
<action no="8" player="oreiasccp" type="23" sum="530"/>
<action no="9" player="playerfunny458" type="0" discard="1" dealt="1" sum="0"/>
</round>
</game>
<game gamecode="11536749311"><general><startdate>2025-06-27 13:43:38</startdate>
<round>1</round>
<failsafecounter/>
<players><player seat="3" name="bobbb1" chips="265" dealer="0" win="0" bet="35" muck="1" rebuy="0" addon="0" merge="0" rebuychips="0" reg_code="8392873992"/>
<player seat="6" name="playerfunny458" chips="660" dealer="1" win="90" bet="65" muck="1" rebuy="0" addon="0" merge="0" rebuychips="0" reg_code="8392874001"/>
<player seat="10" name="oreiasccp" chips="575" dealer="0" win="0" bet="20" muck="1" rebuy="0" addon="0" merge="0" rebuychips="0" reg_code="8392874022"/>
</players>
</general>
<round no="0"><action no="1" player="oreiasccp" type="15" sum="5"/>
<action no="2" player="bobbb1" type="15" discard="1" dealt="1" sum="5"/>
<action no="3" player="playerfunny458" type="15" discard="1" dealt="1" sum="5"/>
<action no="4" player="oreiasccp" type="1" sum="15"/>
<action no="5" player="bobbb1" type="2" discard="1" dealt="1" sum="30"/>
</round>
<round no="1"><cards type="Pocket" player="oreiasccp">HK C4</cards>
<cards type="Pocket" player="playerfunny458">X X</cards>
<cards type="Pocket" player="bobbb1">X X</cards>
<action no="6" player="playerfunny458" type="23" discard="1" dealt="1" sum="60"/>
<action no="7" player="oreiasccp" type="0" sum="0"/>
<action no="8" player="bobbb1" type="0" discard="1" dealt="1" sum="0"/>
</round>
</game>
<game gamecode="11536749366"><general><startdate>2025-06-27 13:43:49</startdate>
<round>1</round>
<failsafecounter/>
<players><player seat="6" name="playerfunny458" chips="715" dealer="0" win="0" bet="35" muck="1" rebuy="0" addon="0" merge="0" rebuychips="0" reg_code="8392874001"/>
<player seat="10" name="oreiasccp" chips="555" dealer="1" win="90" bet="65" muck="1" rebuy="0" addon="0" merge="0" rebuychips="0" reg_code="8392874022"/>
<player seat="3" name="bobbb1" chips="230" dealer="0" win="0" bet="20" muck="1" rebuy="0" addon="0" merge="0" rebuychips="0" reg_code="8392873992"/>
</players>
</general>
<round no="0"><action no="1" player="bobbb1" type="15" discard="1" dealt="1" sum="5"/>
<action no="2" player="playerfunny458" type="15" discard="1" dealt="1" sum="5"/>
<action no="3" player="oreiasccp" type="15" sum="5"/>
<action no="4" player="bobbb1" type="1" discard="1" dealt="1" sum="15"/>
<action no="5" player="playerfunny458" type="2" discard="1" dealt="1" sum="30"/>
</round>
<round no="1"><cards type="Pocket" player="playerfunny458">X X</cards>
<cards type="Pocket" player="oreiasccp">H8 C8</cards>
<cards type="Pocket" player="bobbb1">X X</cards>
<action no="6" player="oreiasccp" type="23" sum="60"/>
<action no="7" player="bobbb1" type="0" discard="1" dealt="1" sum="0"/>
<action no="8" player="playerfunny458" type="0" discard="1" dealt="1" sum="0"/>
</round>
</game>
<game gamecode="11536749416"><general><startdate>2025-06-27 13:43:58</startdate>
<round>1</round>
<failsafecounter/>
<players><player seat="10" name="oreiasccp" chips="610" dealer="0" win="0" bet="35" muck="1" rebuy="0" addon="0" merge="0" rebuychips="0" reg_code="8392874022"/>
<player seat="3" name="bobbb1" chips="210" dealer="1" win="90" bet="210" muck="1" rebuy="0" addon="0" merge="0" rebuychips="0" reg_code="8392873992"/>
<player seat="6" name="playerfunny458" chips="680" dealer="0" win="0" bet="20" muck="1" rebuy="0" addon="0" merge="0" rebuychips="0" reg_code="8392874001"/>
</players>
</general>
<round no="0"><action no="1" player="playerfunny458" type="15" discard="1" dealt="1" sum="5"/>
<action no="2" player="oreiasccp" type="15" sum="5"/>
<action no="3" player="bobbb1" type="15" discard="1" dealt="1" sum="5"/>
<action no="4" player="playerfunny458" type="1" discard="1" dealt="1" sum="15"/>
<action no="5" player="oreiasccp" type="2" sum="30"/>
</round>
<round no="1"><cards type="Pocket" player="bobbb1">X X</cards>
<cards type="Pocket" player="playerfunny458">X X</cards>
<cards type="Pocket" player="oreiasccp">H6 C8</cards>
<action no="6" player="bobbb1" type="23" discard="1" dealt="1" sum="205"/>
<action no="7" player="playerfunny458" type="0" discard="1" dealt="1" sum="0"/>
<action no="8" player="oreiasccp" type="0" sum="0"/>
</round>
</game>
<game gamecode="11536749504"><general><startdate>2025-06-27 13:44:17</startdate>
<round>1</round>
<failsafecounter/>
<players><player seat="3" name="bobbb1" chips="265" dealer="0" win="0" bet="35" muck="1" rebuy="0" addon="0" merge="0" rebuychips="0" reg_code="8392873992"/>
<player seat="6" name="playerfunny458" chips="660" dealer="1" win="1,185" bet="605" muck="0" rebuy="0" addon="0" merge="0" rebuychips="0" reg_code="8392874001"/>
<player seat="10" name="oreiasccp" chips="575" dealer="0" win="0" bet="575" muck="1" rebuy="0" addon="0" merge="0" rebuychips="0" reg_code="8392874022"/>
</players>
</general>
<round no="0"><action no="1" player="oreiasccp" type="15" sum="5"/>
<action no="2" player="bobbb1" type="15" discard="1" dealt="1" sum="5"/>
<action no="3" player="playerfunny458" type="15" discard="1" dealt="1" sum="5"/>
<action no="4" player="oreiasccp" type="1" sum="15"/>
<action no="5" player="bobbb1" type="2" discard="1" dealt="1" sum="30"/>
</round>
<round no="1"><cards type="Pocket" player="bobbb1">X X</cards>
<cards type="Pocket" player="playerfunny458">DK DJ</cards>
<cards type="Pocket" player="oreiasccp">HA CA</cards>
<action no="6" player="playerfunny458" type="23" discard="1" dealt="1" sum="60"/>
<action no="7" player="oreiasccp" type="23" sum="150"/>
<action no="8" player="bobbb1" type="0" discard="1" dealt="1" sum="0"/>
<action no="9" player="playerfunny458" type="3" discard="1" dealt="1" sum="90"/>
</round>
<round no="2"><cards type="Flop">SJ S2 CK</cards>
<action no="10" player="oreiasccp" type="5" sum="60"/>
<action no="11" player="playerfunny458" type="23" discard="1" dealt="1" sum="210"/>
<action no="12" player="oreiasccp" type="3" sum="150"/>
</round>
<round no="3"><cards type="Turn">C3</cards>
<action no="13" player="oreiasccp" type="4" sum="0"/>
<action no="14" player="playerfunny458" type="5" discard="1" dealt="1" sum="240"/>
<action no="15" player="oreiasccp" type="7" sum="210"/>
</round>
<round no="4"><cards type="River">C8</cards>
</round>
</game>
</session>
