<?xml version="1.0" encoding="UTF-8"?>
<session sessioncode="8392863016">
<general>
<client_version>25.1.1.13</client_version>
<mode>real</mode>
<gametype>Holdem NL</gametype>
<tablename>Twister €5 SNG, 1128656248</tablename>
<tournamentcode>1128656247</tournamentcode>
<tournamentname>Twister €5 SNG</tournamentname>
<buyin>€0 + €0.35 + €4.65</buyin>
<totalbuyin>€5</totalbuyin>
<rewarddrawn>€10</rewarddrawn>
<tournamentcurrency>EUR</tournamentcurrency>
<currency>EUR</currency>
<nickname>oreiasccp</nickname>
<gamecount>18</gamecount>
<startdate>2025-06-27 13:15:36</startdate>
<place>2</place>
<win>€0</win>
<tablesize>3</tablesize>
</general>
<game gamecode="11536718189"><general><startdate>2025-06-27 13:15:51</startdate>
<round>1</round>
<failsafecounter/>
<players><player seat="3" name="oreiasccp" chips="500" dealer="0" win="0" bet="20" muck="1" rebuy="0" addon="0" merge="0" rebuychips="0" reg_code="8392863016"/>
<player seat="6" name="lightpoker689" chips="500" dealer="1" win="50" bet="90" muck="1" rebuy="0" addon="0" merge="0" rebuychips="0" reg_code="8392863036"/>
<player seat="10" name="bobbb1" chips="500" dealer="0" win="0" bet="10" muck="1" rebuy="0" addon="0" merge="0" rebuychips="0" reg_code="8392863042"/>
</players>
</general>
<round no="0"><action no="1" player="bobbb1" type="1" discard="1" dealt="1" sum="10"/>
<action no="2" player="oreiasccp" type="2" sum="20"/>
</round>
<round no="1"><cards type="Pocket" player="lightpoker689">X X</cards>
<cards type="Pocket" player="bobbb1">X X</cards>
<cards type="Pocket" player="oreiasccp">H5 D3</cards>
<action no="3" player="lightpoker689" type="23" discard="1" dealt="1" sum="90"/>
<action no="4" player="bobbb1" type="0" discard="1" dealt="1" sum="0"/>
<action no="5" player="oreiasccp" type="0" sum="0"/>
</round>
</game>
<game gamecode="11536718263"><general><startdate>2025-06-27 13:16:11</startdate>
<round>1</round>
<failsafecounter/>
<players><player seat="6" name="lightpoker689" chips="530" dealer="0" win="20" bet="20" muck="1" rebuy="0" addon="0" merge="0" rebuychips="0" reg_code="8392863036"/>
<player seat="10" name="bobbb1" chips="490" dealer="1" win="0" bet="0" muck="1" rebuy="0" addon="0" merge="0" rebuychips="0" reg_code="8392863042"/>
<player seat="3" name="oreiasccp" chips="480" dealer="0" win="0" bet="10" muck="1" rebuy="0" addon="0" merge="0" rebuychips="0" reg_code="8392863016"/>
</players>
</general>
<round no="0"><action no="1" player="oreiasccp" type="1" sum="10"/>
<action no="2" player="lightpoker689" type="2" discard="1" dealt="1" sum="20"/>
</round>
<round no="1"><cards type="Pocket" player="oreiasccp">S2 C8</cards>
<cards type="Pocket" player="lightpoker689">X X</cards>
<cards type="Pocket" player="bobbb1">X X</cards>
<action no="3" player="bobbb1" type="0" discard="1" dealt="1" sum="0"/>
<action no="4" player="oreiasccp" type="0" sum="0"/>
</round>
</game>
<game gamecode="11536718298"><general><startdate>2025-06-27 13:16:19</startdate>
<round>1</round>
<failsafecounter/>
<players><player seat="10" name="bobbb1" chips="490" dealer="0" win="0" bet="20" muck="1" rebuy="0" addon="0" merge="0" rebuychips="0" reg_code="8392863042"/>
<player seat="3" name="oreiasccp" chips="470" dealer="1" win="0" bet="0" muck="1" rebuy="0" addon="0" merge="0" rebuychips="0" reg_code="8392863016"/>
<player seat="6" name="lightpoker689" chips="540" dealer="0" win="40" bet="60" muck="1" rebuy="0" addon="0" merge="0" rebuychips="0" reg_code="8392863036"/>
</players>
</general>
<round no="0"><action no="1" player="lightpoker689" type="1" discard="1" dealt="1" sum="10"/>
<action no="2" player="bobbb1" type="2" discard="1" dealt="1" sum="20"/>
</round>
<round no="1"><cards type="Pocket" player="lightpoker689">X X</cards>
<cards type="Pocket" player="bobbb1">X X</cards>
<cards type="Pocket" player="oreiasccp">D5 C2</cards>
<action no="3" player="oreiasccp" type="0" sum="0"/>
<action no="4" player="lightpoker689" type="23" discard="1" dealt="1" sum="60"/>
<action no="5" player="bobbb1" type="0" discard="1" dealt="1" sum="0"/>
</round>
</game>
<game gamecode="11536718340"><general><startdate>2025-06-27 13:16:29</startdate>
<round>1</round>
<failsafecounter/>
<players><player seat="3" name="oreiasccp" chips="470" dealer="0" win="280" bet="190" muck="1" rebuy="0" addon="0" merge="0" rebuychips="0" reg_code="8392863016"/>
<player seat="6" name="lightpoker689" chips="560" dealer="1" win="0" bet="130" muck="1" rebuy="0" addon="0" merge="0" rebuychips="0" reg_code="8392863036"/>
<player seat="10" name="bobbb1" chips="470" dealer="0" win="0" bet="20" muck="1" rebuy="0" addon="0" merge="0" rebuychips="0" reg_code="8392863042"/>
</players>
</general>
<round no="0"><action no="1" player="bobbb1" type="1" discard="1" dealt="1" sum="10"/>
<action no="2" player="oreiasccp" type="2" sum="20"/>
</round>
<round no="1"><cards type="Pocket" player="oreiasccp">S9 H10</cards>
<cards type="Pocket" player="bobbb1">X X</cards>
<cards type="Pocket" player="lightpoker689">X X</cards>
<action no="3" player="lightpoker689" type="3" discard="1" dealt="1" sum="20"/>
<action no="4" player="bobbb1" type="3" discard="1" dealt="1" sum="10"/>
<action no="5" player="oreiasccp" type="4" sum="0"/>
</round>
<round no="2"><cards type="Flop">D10 C3 H4</cards>
<action no="6" player="bobbb1" type="4" discard="1" dealt="1" sum="0"/>
<action no="7" player="oreiasccp" type="5" sum="30"/>
<action no="8" player="lightpoker689" type="3" discard="1" dealt="1" sum="30"/>
<action no="9" player="bobbb1" type="0" discard="1" dealt="1" sum="0"/>
</round>
<round no="3"><cards type="Turn">H5</cards>
<action no="10" player="oreiasccp" type="5" sum="80"/>
<action no="11" player="lightpoker689" type="3" discard="1" dealt="1" sum="80"/>
</round>
<round no="4"><cards type="River">CA</cards>
<action no="12" player="oreiasccp" type="5" sum="60"/>
<action no="13" player="lightpoker689" type="0" discard="1" dealt="1" sum="0"/>
</round>
</game>
<game gamecode="11536718490"><general><startdate>2025-06-27 13:17:09</startdate>
<round>1</round>
<failsafecounter/>
<players><player seat="6" name="lightpoker689" chips="430" dealer="0" win="0" bet="50" muck="1" rebuy="0" addon="0" merge="0" rebuychips="0" reg_code="8392863036"/>
<player seat="10" name="bobbb1" chips="450" dealer="1" win="0" bet="0" muck="1" rebuy="0" addon="0" merge="0" rebuychips="0" reg_code="8392863042"/>
<player seat="3" name="oreiasccp" chips="620" dealer="0" win="100" bet="75" muck="1" rebuy="0" addon="0" merge="0" rebuychips="0" reg_code="8392863016"/>
</players>
</general>
<round no="0"><action no="1" player="oreiasccp" type="1" sum="10"/>
<action no="2" player="lightpoker689" type="2" discard="1" dealt="1" sum="20"/>
</round>
<round no="1"><cards type="Pocket" player="bobbb1">X X</cards>
<cards type="Pocket" player="lightpoker689">X X</cards>
<cards type="Pocket" player="oreiasccp">HA SQ</cards>
<action no="3" player="bobbb1" type="0" discard="1" dealt="1" sum="0"/>
<action no="4" player="oreiasccp" type="23" sum="50"/>
<action no="5" player="lightpoker689" type="3" discard="1" dealt="1" sum="30"/>
</round>
<round no="2"><cards type="Flop">S10 D10 H7</cards>
<action no="6" player="oreiasccp" type="5" sum="25"/>
<action no="7" player="lightpoker689" type="0" discard="1" dealt="1" sum="0"/>
</round>
</game>
<game gamecode="11536718577"><general><startdate>2025-06-27 13:17:28</startdate>
<round>1</round>
<failsafecounter/>
<players><player seat="10" name="bobbb1" chips="450" dealer="0" win="0" bet="20" muck="1" rebuy="0" addon="0" merge="0" rebuychips="0" reg_code="8392863042"/>
<player seat="3" name="oreiasccp" chips="670" dealer="1" win="0" bet="0" muck="1" rebuy="0" addon="0" merge="0" rebuychips="0" reg_code="8392863016"/>
<player seat="6" name="lightpoker689" chips="380" dealer="0" win="40" bet="60" muck="1" rebuy="0" addon="0" merge="0" rebuychips="0" reg_code="8392863036"/>
</players>
</general>
<round no="0"><action no="1" player="lightpoker689" type="1" discard="1" dealt="1" sum="10"/>
<action no="2" player="bobbb1" type="2" discard="1" dealt="1" sum="20"/>
</round>
<round no="1"><cards type="Pocket" player="oreiasccp">C2 C10</cards>
<cards type="Pocket" player="lightpoker689">X X</cards>
<cards type="Pocket" player="bobbb1">X X</cards>
<action no="3" player="oreiasccp" type="0" sum="0"/>
<action no="4" player="lightpoker689" type="23" discard="1" dealt="1" sum="60"/>
<action no="5" player="bobbb1" type="0" discard="1" dealt="1" sum="0"/>
</round>
</game>
<game gamecode="11536718624"><general><startdate>2025-06-27 13:17:38</startdate>
<round>1</round>
<failsafecounter/>
<players><player seat="3" name="oreiasccp" chips="670" dealer="0" win="0" bet="20" muck="1" rebuy="0" addon="0" merge="0" rebuychips="0" reg_code="8392863016"/>
<player seat="6" name="lightpoker689" chips="400" dealer="1" win="50" bet="40" muck="1" rebuy="0" addon="0" merge="0" rebuychips="0" reg_code="8392863036"/>
<player seat="10" name="bobbb1" chips="430" dealer="0" win="0" bet="10" muck="1" rebuy="0" addon="0" merge="0" rebuychips="0" reg_code="8392863042"/>
</players>
</general>
<round no="0"><action no="1" player="bobbb1" type="1" discard="1" dealt="1" sum="10"/>
<action no="2" player="oreiasccp" type="2" sum="20"/>
</round>
<round no="1"><cards type="Pocket" player="oreiasccp">DJ H6</cards>
<cards type="Pocket" player="bobbb1">X X</cards>
<cards type="Pocket" player="lightpoker689">X X</cards>
<action no="3" player="lightpoker689" type="3" discard="1" dealt="1" sum="20"/>
<action no="4" player="bobbb1" type="0" discard="1" dealt="1" sum="0"/>
<action no="5" player="oreiasccp" type="4" sum="0"/>
</round>
<round no="2"><cards type="Flop">C3 SK S2</cards>
<action no="6" player="oreiasccp" type="4" sum="0"/>
<action no="7" player="lightpoker689" type="5" discard="1" dealt="1" sum="20"/>
<action no="8" player="oreiasccp" type="0" sum="0"/>
</round>
</game>
<game gamecode="11536718696"><general><startdate>2025-06-27 13:17:56</startdate>
<round>1</round>
<failsafecounter/>
<players><player seat="6" name="lightpoker689" chips="430" dealer="0" win="0" bet="420" muck="1" rebuy="0" addon="0" merge="0" rebuychips="0" reg_code="8392863036"/>
<player seat="10" name="bobbb1" chips="420" dealer="1" win="860" bet="420" muck="0" rebuy="0" addon="0" merge="0" rebuychips="0" reg_code="8392863042"/>
<player seat="3" name="oreiasccp" chips="650" dealer="0" win="0" bet="20" muck="1" rebuy="0" addon="0" merge="0" rebuychips="0" reg_code="8392863016"/>
</players>
</general>
<round no="0"><action no="1" player="oreiasccp" type="15" sum="5"/>
<action no="2" player="lightpoker689" type="15" discard="1" dealt="1" sum="5"/>
<action no="3" player="bobbb1" type="15" discard="1" dealt="1" sum="5"/>
<action no="4" player="oreiasccp" type="1" sum="15"/>
<action no="5" player="lightpoker689" type="2" discard="1" dealt="1" sum="30"/>
</round>
<round no="1"><cards type="Pocket" player="bobbb1">SQ DQ</cards>
<cards type="Pocket" player="oreiasccp">C3 CK</cards>
<cards type="Pocket" player="lightpoker689">SK D2</cards>
<action no="6" player="bobbb1" type="23" discard="1" dealt="1" sum="60"/>
<action no="7" player="oreiasccp" type="0" sum="0"/>
<action no="8" player="lightpoker689" type="3" discard="1" dealt="1" sum="30"/>
</round>
<round no="2"><cards type="Flop">H5 S5 S2</cards>
<action no="9" player="lightpoker689" type="4" discard="1" dealt="1" sum="0"/>
<action no="10" player="bobbb1" type="5" discard="1" dealt="1" sum="36"/>
<action no="11" player="lightpoker689" type="23" discard="1" dealt="1" sum="258"/>
<action no="12" player="bobbb1" type="7" discard="1" dealt="1" sum="319"/>
<action no="13" player="lightpoker689" type="3" discard="1" dealt="1" sum="97"/>
</round>
<round no="3"><cards type="Turn">S6</cards>
</round>
<round no="4"><cards type="River">H4</cards>
</round>
</game>
<game gamecode="11536718856"><general><startdate>2025-06-27 13:18:33</startdate>
<round>1</round>
<failsafecounter/>
<players><player seat="10" name="bobbb1" chips="860" dealer="0" win="0" bet="35" muck="0" rebuy="0" addon="0" merge="0" rebuychips="0" reg_code="8392863042"/>
<player seat="3" name="oreiasccp" chips="630" dealer="1" win="0" bet="5" muck="1" rebuy="0" addon="0" merge="0" rebuychips="0" reg_code="8392863016"/>
<player seat="6" name="lightpoker689" chips="10" dealer="0" win="25" bet="10" muck="0" rebuy="0" addon="0" merge="0" rebuychips="0" reg_code="8392863036"/>
</players>
</general>
<round no="0"><action no="1" player="lightpoker689" type="15" discard="1" dealt="1" sum="5"/>
<action no="2" player="bobbb1" type="15" discard="1" dealt="1" sum="5"/>
<action no="3" player="oreiasccp" type="15" sum="5"/>
<action no="4" player="lightpoker689" type="1" discard="1" dealt="1" sum="5"/>
<action no="5" player="bobbb1" type="2" discard="1" dealt="1" sum="30"/>
</round>
<round no="1"><cards type="Pocket" player="oreiasccp">D6 S8</cards>
<cards type="Pocket" player="lightpoker689">S7 S9</cards>
<cards type="Pocket" player="bobbb1">S4 D8</cards>
<action no="6" player="oreiasccp" type="0" sum="0"/>
</round>
<round no="2"><cards type="Flop">C7 DK C4</cards>
</round>
<round no="3"><cards type="Turn">H5</cards>
</round>
<round no="4"><cards type="River">DQ</cards>
</round>
</game>
<game gamecode="11536718912"><general><startdate>2025-06-27 13:18:48</startdate>
<round>1</round>
<failsafecounter/>
<players><player seat="3" name="oreiasccp" chips="625" dealer="0" win="335" bet="155" muck="0" rebuy="0" addon="0" merge="0" rebuychips="0" reg_code="8392863016"/>
<player seat="6" name="lightpoker689" chips="25" dealer="1" win="0" bet="25" muck="0" rebuy="0" addon="0" merge="0" rebuychips="0" reg_code="8392863036"/>
<player seat="10" name="bobbb1" chips="850" dealer="0" win="0" bet="155" muck="1" rebuy="0" addon="0" merge="0" rebuychips="0" reg_code="8392863042"/>
</players>
</general>
<round no="0"><action no="1" player="bobbb1" type="15" discard="1" dealt="1" sum="5"/>
<action no="2" player="oreiasccp" type="15" sum="5"/>
<action no="3" player="lightpoker689" type="15" discard="1" dealt="1" sum="5"/>
<action no="4" player="bobbb1" type="1" discard="1" dealt="1" sum="15"/>
<action no="5" player="oreiasccp" type="2" sum="30"/>
</round>
<round no="1"><cards type="Pocket" player="bobbb1">S2 SQ</cards>
<cards type="Pocket" player="lightpoker689">DQ SA</cards>
<cards type="Pocket" player="oreiasccp">H10 D3</cards>
<action no="6" player="lightpoker689" type="7" discard="1" dealt="1" sum="20"/>
<action no="7" player="bobbb1" type="3" discard="1" dealt="1" sum="15"/>
<action no="8" player="oreiasccp" type="4" sum="0"/>
</round>
<round no="2"><cards type="Flop">S8 S10 H4</cards>
<action no="9" player="bobbb1" type="4" discard="1" dealt="1" sum="0"/>
<action no="10" player="oreiasccp" type="5" sum="30"/>
<action no="11" player="bobbb1" type="3" discard="1" dealt="1" sum="30"/>
</round>
<round no="3"><cards type="Turn">C2</cards>
<action no="12" player="bobbb1" type="4" discard="1" dealt="1" sum="0"/>
<action no="13" player="oreiasccp" type="5" sum="90"/>
<action no="14" player="bobbb1" type="3" discard="1" dealt="1" sum="90"/>
</round>
<round no="4"><cards type="River">H7</cards>
<action no="15" player="bobbb1" type="4" discard="1" dealt="1" sum="0"/>
<action no="16" player="oreiasccp" type="4" sum="0"/>
</round>
</game>
<game gamecode="11536719069"><general><startdate>2025-06-27 13:19:25</startdate>
<round>1</round>
<failsafecounter/>
<players><player seat="3" name="oreiasccp" chips="805" dealer="0" win="0" bet="35" muck="1" rebuy="0" addon="0" merge="0" rebuychips="0" reg_code="8392863016"/>
<player seat="10" name="bobbb1" chips="695" dealer="1" win="70" bet="65" muck="1" rebuy="0" addon="0" merge="0" rebuychips="0" reg_code="8392863042"/>
</players>
</general>
<round no="0"><action no="1" player="bobbb1" type="15" discard="1" dealt="1" sum="5"/>
<action no="2" player="oreiasccp" type="15" sum="5"/>
<action no="3" player="bobbb1" type="1" discard="1" dealt="1" sum="15"/>
<action no="4" player="oreiasccp" type="2" sum="30"/>
</round>
<round no="1"><cards type="Pocket" player="oreiasccp">S10 D8</cards>
<cards type="Pocket" player="bobbb1">X X</cards>
<action no="5" player="bobbb1" type="3" discard="1" dealt="1" sum="15"/>
<action no="6" player="oreiasccp" type="4" sum="0"/>
</round>
<round no="2"><cards type="Flop">H2 D2 SK</cards>
<action no="7" player="oreiasccp" type="4" sum="0"/>
<action no="8" player="bobbb1" type="5" discard="1" dealt="1" sum="30"/>
<action no="9" player="oreiasccp" type="0" sum="0"/>
</round>
</game>
<game gamecode="11536719150"><general><startdate>2025-06-27 13:19:44</startdate>
<round>1</round>
<failsafecounter/>
<players><player seat="10" name="bobbb1" chips="730" dealer="0" win="260" bet="730" muck="1" rebuy="0" addon="0" merge="0" rebuychips="0" reg_code="8392863042"/>
<player seat="3" name="oreiasccp" chips="770" dealer="1" win="0" bet="130" muck="1" rebuy="0" addon="0" merge="0" rebuychips="0" reg_code="8392863016"/>
</players>
</general>
<round no="0"><action no="1" player="oreiasccp" type="15" sum="5"/>
<action no="2" player="bobbb1" type="15" discard="1" dealt="1" sum="5"/>
<action no="3" player="oreiasccp" type="1" sum="15"/>
<action no="4" player="bobbb1" type="2" discard="1" dealt="1" sum="30"/>
</round>
<round no="1"><cards type="Pocket" player="bobbb1">X X</cards>
<cards type="Pocket" player="oreiasccp">H10 D10</cards>
<action no="5" player="oreiasccp" type="23" sum="60"/>
<action no="6" player="bobbb1" type="3" discard="1" dealt="1" sum="30"/>
</round>
<round no="2"><cards type="Flop">H5 S2 S7</cards>
<action no="7" player="bobbb1" type="4" discard="1" dealt="1" sum="0"/>
<action no="8" player="oreiasccp" type="5" sum="65"/>
<action no="9" player="bobbb1" type="3" discard="1" dealt="1" sum="65"/>
</round>
<round no="3"><cards type="Turn">SK</cards>
<action no="10" player="bobbb1" type="4" discard="1" dealt="1" sum="0"/>
<action no="11" player="oreiasccp" type="4" sum="0"/>
</round>
<round no="4"><cards type="River">HQ</cards>
<action no="12" player="bobbb1" type="5" discard="1" dealt="1" sum="600"/>
<action no="13" player="oreiasccp" type="0" sum="0"/>
</round>
</game>
<game gamecode="11536719272"><general><startdate>2025-06-27 13:20:12</startdate>
<round>1</round>
<failsafecounter/>
<players><player seat="3" name="oreiasccp" chips="640" dealer="0" win="0" bet="45" muck="1" rebuy="0" addon="0" merge="0" rebuychips="0" reg_code="8392863016"/>
<player seat="10" name="bobbb1" chips="860" dealer="1" win="90" bet="85" muck="1" rebuy="0" addon="0" merge="0" rebuychips="0" reg_code="8392863042"/>
</players>
</general>
<round no="0"><action no="1" player="bobbb1" type="15" discard="1" dealt="1" sum="5"/>
<action no="2" player="oreiasccp" type="15" sum="5"/>
<action no="3" player="bobbb1" type="1" discard="1" dealt="1" sum="20"/>
<action no="4" player="oreiasccp" type="2" sum="40"/>
</round>
<round no="1"><cards type="Pocket" player="bobbb1">X X</cards>
<cards type="Pocket" player="oreiasccp">D2 HK</cards>
<action no="5" player="bobbb1" type="3" discard="1" dealt="1" sum="20"/>
<action no="6" player="oreiasccp" type="4" sum="0"/>
</round>
<round no="2"><cards type="Flop">HQ S5 H7</cards>
<action no="7" player="oreiasccp" type="4" sum="0"/>
<action no="8" player="bobbb1" type="5" discard="1" dealt="1" sum="40"/>
<action no="9" player="oreiasccp" type="0" sum="0"/>
</round>
</game>
<game gamecode="11536719347"><general><startdate>2025-06-27 13:20:28</startdate>
<round>1</round>
<failsafecounter/>
<players><player seat="10" name="bobbb1" chips="905" dealer="0" win="90" bet="125" muck="1" rebuy="0" addon="0" merge="0" rebuychips="0" reg_code="8392863042"/>
<player seat="3" name="oreiasccp" chips="595" dealer="1" win="0" bet="45" muck="1" rebuy="0" addon="0" merge="0" rebuychips="0" reg_code="8392863016"/>
</players>
</general>
<round no="0"><action no="1" player="oreiasccp" type="15" sum="5"/>
<action no="2" player="bobbb1" type="15" discard="1" dealt="1" sum="5"/>
<action no="3" player="oreiasccp" type="1" sum="20"/>
<action no="4" player="bobbb1" type="2" discard="1" dealt="1" sum="40"/>
</round>
<round no="1"><cards type="Pocket" player="oreiasccp">D2 D6</cards>
<cards type="Pocket" player="bobbb1">X X</cards>
<action no="5" player="oreiasccp" type="3" sum="20"/>
<action no="6" player="bobbb1" type="23" discard="1" dealt="1" sum="120"/>
<action no="7" player="oreiasccp" type="0" sum="0"/>
</round>
</game>
<game gamecode="11536719403"><general><startdate>2025-06-27 13:20:44</startdate>
<round>1</round>
<failsafecounter/>
<players><player seat="3" name="oreiasccp" chips="550" dealer="0" win="0" bet="85" muck="1" rebuy="0" addon="0" merge="0" rebuychips="0" reg_code="8392863016"/>
<player seat="10" name="bobbb1" chips="950" dealer="1" win="170" bet="136" muck="1" rebuy="0" addon="0" merge="0" rebuychips="0" reg_code="8392863042"/>
</players>
</general>
<round no="0"><action no="1" player="bobbb1" type="15" discard="1" dealt="1" sum="5"/>
<action no="2" player="oreiasccp" type="15" sum="5"/>
<action no="3" player="bobbb1" type="1" discard="1" dealt="1" sum="20"/>
<action no="4" player="oreiasccp" type="2" sum="40"/>
</round>
<round no="1"><cards type="Pocket" player="bobbb1">X X</cards>
<cards type="Pocket" player="oreiasccp">HK D4</cards>
<action no="5" player="bobbb1" type="23" discard="1" dealt="1" sum="80"/>
<action no="6" player="oreiasccp" type="3" sum="40"/>
</round>
<round no="2"><cards type="Flop">C5 H8 DA</cards>
<action no="7" player="oreiasccp" type="4" sum="0"/>
<action no="8" player="bobbb1" type="5" discard="1" dealt="1" sum="51"/>
<action no="9" player="oreiasccp" type="0" sum="0"/>
</round>
</game>
<game gamecode="11536719498"><general><startdate>2025-06-27 13:21:04</startdate>
<round>1</round>
<failsafecounter/>
<players><player seat="10" name="bobbb1" chips="1,035" dealer="0" win="90" bet="165" muck="1" rebuy="0" addon="0" merge="0" rebuychips="0" reg_code="8392863042"/>
<player seat="3" name="oreiasccp" chips="465" dealer="1" win="0" bet="45" muck="1" rebuy="0" addon="0" merge="0" rebuychips="0" reg_code="8392863016"/>
</players>
</general>
<round no="0"><action no="1" player="oreiasccp" type="15" sum="5"/>
<action no="2" player="bobbb1" type="15" discard="1" dealt="1" sum="5"/>
<action no="3" player="oreiasccp" type="1" sum="20"/>
<action no="4" player="bobbb1" type="2" discard="1" dealt="1" sum="40"/>
</round>
<round no="1"><cards type="Pocket" player="oreiasccp">SK C4</cards>
<cards type="Pocket" player="bobbb1">X X</cards>
<action no="5" player="oreiasccp" type="3" sum="20"/>
<action no="6" player="bobbb1" type="23" discard="1" dealt="1" sum="160"/>
<action no="7" player="oreiasccp" type="0" sum="0"/>
</round>
</game>
<game gamecode="11536726879"><general><startdate>2025-06-27 13:21:20</startdate>
<round>1</round>
<failsafecounter/>
<players><player seat="3" name="oreiasccp" chips="420" dealer="0" win="90" bet="111" muck="1" rebuy="0" addon="0" merge="0" rebuychips="0" reg_code="8392863016"/>
<player seat="10" name="bobbb1" chips="1,080" dealer="1" win="0" bet="45" muck="1" rebuy="0" addon="0" merge="0" rebuychips="0" reg_code="8392863042"/>
</players>
</general>
<round no="0"><action no="1" player="bobbb1" type="15" discard="1" dealt="1" sum="5"/>
<action no="2" player="oreiasccp" type="15" sum="5"/>
<action no="3" player="bobbb1" type="1" discard="1" dealt="1" sum="20"/>
<action no="4" player="oreiasccp" type="2" sum="40"/>
</round>
<round no="1"><cards type="Pocket" player="bobbb1">X X</cards>
<cards type="Pocket" player="oreiasccp">S10 S7</cards>
<action no="5" player="bobbb1" type="3" discard="1" dealt="1" sum="20"/>
<action no="6" player="oreiasccp" type="4" sum="0"/>
</round>
<round no="2"><cards type="Flop">C6 D2 H3</cards>
<action no="7" player="oreiasccp" type="4" sum="0"/>
<action no="8" player="bobbb1" type="4" discard="1" dealt="1" sum="0"/>
</round>
<round no="3"><cards type="Turn">C10</cards>
<action no="9" player="oreiasccp" type="5" sum="66"/>
<action no="10" player="bobbb1" type="0" discard="1" dealt="1" sum="0"/>
</round>
</game>
<game gamecode="11536726972"><general><startdate>2025-06-27 13:21:42</startdate>
<round>1</round>
<failsafecounter/>
<players><player seat="10" name="bobbb1" chips="1,035" dealer="0" win="930" bet="465" muck="0" rebuy="0" addon="0" merge="0" rebuychips="0" reg_code="8392863042"/>
<player seat="3" name="oreiasccp" chips="465" dealer="1" win="0" bet="465" muck="0" rebuy="0" addon="0" merge="0" rebuychips="0" reg_code="8392863016"/>
</players>
</general>
<round no="0"><action no="1" player="oreiasccp" type="15" sum="5"/>
<action no="2" player="bobbb1" type="15" discard="1" dealt="1" sum="5"/>
<action no="3" player="oreiasccp" type="1" sum="20"/>
<action no="4" player="bobbb1" type="2" discard="1" dealt="1" sum="40"/>
</round>
<round no="1"><cards type="Pocket" player="bobbb1">HJ CA</cards>
<cards type="Pocket" player="oreiasccp">HA H2</cards>
<action no="5" player="oreiasccp" type="23" sum="460"/>
<action no="6" player="bobbb1" type="3" discard="1" dealt="1" sum="420"/>
</round>
<round no="2"><cards type="Flop">D8 HK D5</cards>
</round>
<round no="3"><cards type="Turn">CQ</cards>
</round>
<round no="4"><cards type="River">D4</cards>
</round>
</game>
</session>
