<?xml version="1.0" encoding="UTF-8"?>
<session sessioncode="8392754083">
<general>
<client_version>25.1.1.13</client_version>
<mode>real</mode>
<gametype>Holdem NL</gametype>
<tablename>Twister €5 SNG, 1128641540</tablename>
<tournamentcode>1128641539</tournamentcode>
<tournamentname>Twister €5 SNG</tournamentname>
<buyin>€0 + €0.35 + €4.65</buyin>
<totalbuyin>€5</totalbuyin>
<rewarddrawn>€15</rewarddrawn>
<tournamentcurrency>EUR</tournamentcurrency>
<currency>EUR</currency>
<nickname>oreiasccp</nickname>
<gamecount>22</gamecount>
<startdate>2025-06-27 07:33:53</startdate>
<place>2</place>
<win>€0</win>
<tablesize>3</tablesize>
</general>
<game gamecode="11536449643"><general><startdate>2025-06-27 07:34:08</startdate>
<round>1</round>
<failsafecounter/>
<players><player seat="10" name="hjartis" chips="500" dealer="0" win="0" bet="85" muck="1" rebuy="0" addon="0" merge="0" rebuychips="0" reg_code="8392754144"/>
<player seat="3" name="oreiasccp" chips="500" dealer="1" win="180" bet="85" muck="0" rebuy="0" addon="0" merge="0" rebuychips="0" reg_code="8392754083"/>
<player seat="6" name="heymari" chips="500" dealer="0" win="0" bet="10" muck="1" rebuy="0" addon="0" merge="0" rebuychips="0" reg_code="8392754131"/>
</players>
</general>
<round no="0"><action no="1" player="heymari" type="1" discard="1" dealt="1" sum="10"/>
<action no="2" player="hjartis" type="2" discard="1" dealt="1" sum="20"/>
</round>
<round no="1"><cards type="Pocket" player="heymari">X X</cards>
<cards type="Pocket" player="hjartis">S6 S3</cards>
<cards type="Pocket" player="oreiasccp">D9 DJ</cards>
<action no="3" player="oreiasccp" type="23" sum="40"/>
<action no="4" player="heymari" type="0" discard="1" dealt="1" sum="0"/>
<action no="5" player="hjartis" type="3" discard="1" dealt="1" sum="20"/>
</round>
<round no="2"><cards type="Flop">HQ H6 HJ</cards>
<action no="6" player="hjartis" type="5" discard="1" dealt="1" sum="45"/>
<action no="7" player="oreiasccp" type="3" sum="45"/>
</round>
<round no="3"><cards type="Turn">S4</cards>
<action no="8" player="hjartis" type="4" discard="1" dealt="1" sum="0"/>
<action no="9" player="oreiasccp" type="4" sum="0"/>
</round>
<round no="4"><cards type="River">DA</cards>
<action no="10" player="hjartis" type="4" discard="1" dealt="1" sum="0"/>
<action no="11" player="oreiasccp" type="4" sum="0"/>
</round>
</game>
<game gamecode="11536449702"><general><startdate>2025-06-27 07:34:29</startdate>
<round>1</round>
<failsafecounter/>
<players><player seat="3" name="oreiasccp" chips="595" dealer="0" win="830" bet="415" muck="0" rebuy="0" addon="0" merge="0" rebuychips="0" reg_code="8392754083"/>
<player seat="6" name="heymari" chips="490" dealer="1" win="0" bet="0" muck="1" rebuy="0" addon="0" merge="0" rebuychips="0" reg_code="8392754131"/>
<player seat="10" name="hjartis" chips="415" dealer="0" win="0" bet="415" muck="0" rebuy="0" addon="0" merge="0" rebuychips="0" reg_code="8392754144"/>
</players>
</general>
<round no="0"><action no="1" player="hjartis" type="1" discard="1" dealt="1" sum="10"/>
<action no="2" player="oreiasccp" type="2" sum="20"/>
</round>
<round no="1"><cards type="Pocket" player="hjartis">HK D10</cards>
<cards type="Pocket" player="heymari">X X</cards>
<cards type="Pocket" player="oreiasccp">SQ DQ</cards>
<action no="3" player="heymari" type="0" discard="1" dealt="1" sum="0"/>
<action no="4" player="hjartis" type="23" discard="1" dealt="1" sum="40"/>
<action no="5" player="oreiasccp" type="23" sum="100"/>
<action no="6" player="hjartis" type="3" discard="1" dealt="1" sum="60"/>
</round>
<round no="2"><cards type="Flop">H7 H5 D5</cards>
<action no="7" player="hjartis" type="5" discard="1" dealt="1" sum="100"/>
<action no="8" player="oreiasccp" type="3" sum="100"/>
</round>
<round no="3"><cards type="Turn">S2</cards>
<action no="9" player="hjartis" type="5" discard="1" dealt="1" sum="215"/>
<action no="10" player="oreiasccp" type="3" sum="215"/>
</round>
<round no="4"><cards type="River">C6</cards>
</round>
</game>
<game gamecode="11536449773"><general><startdate>2025-06-27 07:34:57</startdate>
<round>1</round>
<failsafecounter/>
<players><player seat="6" name="heymari" chips="490" dealer="0" win="120" bet="120" muck="1" rebuy="0" addon="0" merge="0" rebuychips="0" reg_code="8392754131"/>
<player seat="3" name="oreiasccp" chips="1,010" dealer="1" win="0" bet="60" muck="1" rebuy="0" addon="0" merge="0" rebuychips="0" reg_code="8392754083"/>
</players>
</general>
<round no="0"><action no="1" player="oreiasccp" type="1" sum="10"/>
<action no="2" player="heymari" type="2" discard="1" dealt="1" sum="20"/>
</round>
<round no="1"><cards type="Pocket" player="heymari">X X</cards>
<cards type="Pocket" player="oreiasccp">SJ C8</cards>
<action no="3" player="oreiasccp" type="23" sum="40"/>
<action no="4" player="heymari" type="3" discard="1" dealt="1" sum="20"/>
</round>
<round no="2"><cards type="Flop">HQ S2 D6</cards>
<action no="5" player="heymari" type="4" discard="1" dealt="1" sum="0"/>
<action no="6" player="oreiasccp" type="5" sum="20"/>
<action no="7" player="heymari" type="23" discard="1" dealt="1" sum="80"/>
<action no="8" player="oreiasccp" type="0" sum="0"/>
</round>
</game>
<game gamecode="11536449852"><general><startdate>2025-06-27 07:35:29</startdate>
<round>1</round>
<failsafecounter/>
<players><player seat="3" name="oreiasccp" chips="950" dealer="0" win="120" bet="60" muck="0" rebuy="0" addon="0" merge="0" rebuychips="0" reg_code="8392754083"/>
<player seat="6" name="heymari" chips="550" dealer="1" win="0" bet="60" muck="1" rebuy="0" addon="0" merge="0" rebuychips="0" reg_code="8392754131"/>
</players>
</general>
<round no="0"><action no="1" player="heymari" type="1" discard="1" dealt="1" sum="10"/>
<action no="2" player="oreiasccp" type="2" sum="20"/>
</round>
<round no="1"><cards type="Pocket" player="heymari">CJ HA</cards>
<cards type="Pocket" player="oreiasccp">S5 HK</cards>
<action no="3" player="heymari" type="23" discard="1" dealt="1" sum="40"/>
<action no="4" player="oreiasccp" type="3" sum="20"/>
</round>
<round no="2"><cards type="Flop">DK C10 S6</cards>
<action no="5" player="oreiasccp" type="4" sum="0"/>
<action no="6" player="heymari" type="5" discard="1" dealt="1" sum="20"/>
<action no="7" player="oreiasccp" type="3" sum="20"/>
</round>
<round no="3"><cards type="Turn">S3</cards>
<action no="8" player="oreiasccp" type="4" sum="0"/>
<action no="9" player="heymari" type="4" discard="1" dealt="1" sum="0"/>
</round>
<round no="4"><cards type="River">D6</cards>
<action no="10" player="oreiasccp" type="4" sum="0"/>
<action no="11" player="heymari" type="4" discard="1" dealt="1" sum="0"/>
</round>
</game>
<game gamecode="11536449940"><general><startdate>2025-06-27 07:35:59</startdate>
<round>1</round>
<failsafecounter/>
<players><player seat="6" name="heymari" chips="490" dealer="0" win="20" bet="20" muck="1" rebuy="0" addon="0" merge="0" rebuychips="0" reg_code="8392754131"/>
<player seat="3" name="oreiasccp" chips="1,010" dealer="1" win="0" bet="10" muck="1" rebuy="0" addon="0" merge="0" rebuychips="0" reg_code="8392754083"/>
</players>
</general>
<round no="0"><action no="1" player="oreiasccp" type="1" sum="10"/>
<action no="2" player="heymari" type="2" discard="1" dealt="1" sum="20"/>
</round>
<round no="1"><cards type="Pocket" player="heymari">X X</cards>
<cards type="Pocket" player="oreiasccp">C3 D8</cards>
<action no="3" player="oreiasccp" type="0" sum="0"/>
</round>
</game>
<game gamecode="11536449956"><general><startdate>2025-06-27 07:36:05</startdate>
<round>1</round>
<failsafecounter/>
<players><player seat="3" name="oreiasccp" chips="1,000" dealer="0" win="0" bet="100" muck="1" rebuy="0" addon="0" merge="0" rebuychips="0" reg_code="8392754083"/>
<player seat="6" name="heymari" chips="500" dealer="1" win="200" bet="200" muck="1" rebuy="0" addon="0" merge="0" rebuychips="0" reg_code="8392754131"/>
</players>
</general>
<round no="0"><action no="1" player="heymari" type="1" discard="1" dealt="1" sum="10"/>
<action no="2" player="oreiasccp" type="2" sum="20"/>
</round>
<round no="1"><cards type="Pocket" player="heymari">X X</cards>
<cards type="Pocket" player="oreiasccp">D9 DQ</cards>
<action no="3" player="heymari" type="23" discard="1" dealt="1" sum="40"/>
<action no="4" player="oreiasccp" type="3" sum="20"/>
</round>
<round no="2"><cards type="Flop">D7 SJ C5</cards>
<action no="5" player="oreiasccp" type="4" sum="0"/>
<action no="6" player="heymari" type="4" discard="1" dealt="1" sum="0"/>
</round>
<round no="3"><cards type="Turn">C8</cards>
<action no="7" player="oreiasccp" type="4" sum="0"/>
<action no="8" player="heymari" type="5" discard="1" dealt="1" sum="60"/>
<action no="9" player="oreiasccp" type="3" sum="60"/>
</round>
<round no="4"><cards type="River">H7</cards>
<action no="10" player="oreiasccp" type="4" sum="0"/>
<action no="11" player="heymari" type="5" discard="1" dealt="1" sum="100"/>
<action no="12" player="oreiasccp" type="0" sum="0"/>
</round>
</game>
<game gamecode="11536450104"><general><startdate>2025-06-27 07:37:01</startdate>
<round>1</round>
<failsafecounter/>
<players><player seat="6" name="heymari" chips="600" dealer="0" win="70" bet="600" muck="1" rebuy="0" addon="0" merge="0" rebuychips="0" reg_code="8392754131"/>
<player seat="3" name="oreiasccp" chips="900" dealer="1" win="0" bet="35" muck="1" rebuy="0" addon="0" merge="0" rebuychips="0" reg_code="8392754083"/>
</players>
</general>
<round no="0"><action no="1" player="oreiasccp" type="15" sum="5"/>
<action no="2" player="heymari" type="15" discard="1" dealt="1" sum="5"/>
<action no="3" player="oreiasccp" type="1" sum="15"/>
<action no="4" player="heymari" type="2" discard="1" dealt="1" sum="30"/>
</round>
<round no="1"><cards type="Pocket" player="heymari">X X</cards>
<cards type="Pocket" player="oreiasccp">DJ H6</cards>
<action no="5" player="oreiasccp" type="3" sum="15"/>
<action no="6" player="heymari" type="23" discard="1" dealt="1" sum="595"/>
<action no="7" player="oreiasccp" type="0" sum="0"/>
</round>
</game>
<game gamecode="11536450143"><general><startdate>2025-06-27 07:37:12</startdate>
<round>1</round>
<failsafecounter/>
<players><player seat="3" name="oreiasccp" chips="865" dealer="0" win="0" bet="35" muck="1" rebuy="0" addon="0" merge="0" rebuychips="0" reg_code="8392754083"/>
<player seat="6" name="heymari" chips="635" dealer="1" win="70" bet="65" muck="1" rebuy="0" addon="0" merge="0" rebuychips="0" reg_code="8392754131"/>
</players>
</general>
<round no="0"><action no="1" player="heymari" type="15" discard="1" dealt="1" sum="5"/>
<action no="2" player="oreiasccp" type="15" sum="5"/>
<action no="3" player="heymari" type="1" discard="1" dealt="1" sum="15"/>
<action no="4" player="oreiasccp" type="2" sum="30"/>
</round>
<round no="1"><cards type="Pocket" player="heymari">X X</cards>
<cards type="Pocket" player="oreiasccp">D8 C2</cards>
<action no="5" player="heymari" type="23" discard="1" dealt="1" sum="60"/>
<action no="6" player="oreiasccp" type="0" sum="0"/>
</round>
</game>
<game gamecode="11536452704"><general><startdate>2025-06-27 07:37:24</startdate>
<round>1</round>
<failsafecounter/>
<players><player seat="6" name="heymari" chips="670" dealer="0" win="0" bet="35" muck="1" rebuy="0" addon="0" merge="0" rebuychips="0" reg_code="8392754131"/>
<player seat="3" name="oreiasccp" chips="830" dealer="1" win="70" bet="35" muck="0" rebuy="0" addon="0" merge="0" rebuychips="0" reg_code="8392754083"/>
</players>
</general>
<round no="0"><action no="1" player="oreiasccp" type="15" sum="5"/>
<action no="2" player="heymari" type="15" discard="1" dealt="1" sum="5"/>
<action no="3" player="oreiasccp" type="1" sum="15"/>
<action no="4" player="heymari" type="2" discard="1" dealt="1" sum="30"/>
</round>
<round no="1"><cards type="Pocket" player="heymari">CQ H8</cards>
<cards type="Pocket" player="oreiasccp">D2 SJ</cards>
<action no="5" player="oreiasccp" type="3" sum="15"/>
<action no="6" player="heymari" type="4" discard="1" dealt="1" sum="0"/>
</round>
<round no="2"><cards type="Flop">D3 D5 S2</cards>
<action no="7" player="heymari" type="4" discard="1" dealt="1" sum="0"/>
<action no="8" player="oreiasccp" type="4" sum="0"/>
</round>
<round no="3"><cards type="Turn">C9</cards>
<action no="9" player="heymari" type="4" discard="1" dealt="1" sum="0"/>
<action no="10" player="oreiasccp" type="4" sum="0"/>
</round>
<round no="4"><cards type="River">C4</cards>
<action no="11" player="heymari" type="4" discard="1" dealt="1" sum="0"/>
<action no="12" player="oreiasccp" type="4" sum="0"/>
</round>
</game>
<game gamecode="11536452767"><general><startdate>2025-06-27 07:37:51</startdate>
<round>1</round>
<failsafecounter/>
<players><player seat="3" name="oreiasccp" chips="865" dealer="0" win="0" bet="635" muck="1" rebuy="0" addon="0" merge="0" rebuychips="0" reg_code="8392754083"/>
<player seat="6" name="heymari" chips="635" dealer="1" win="1,270" bet="635" muck="0" rebuy="0" addon="0" merge="0" rebuychips="0" reg_code="8392754131"/>
</players>
</general>
<round no="0"><action no="1" player="heymari" type="15" discard="1" dealt="1" sum="5"/>
<action no="2" player="oreiasccp" type="15" sum="5"/>
<action no="3" player="heymari" type="1" discard="1" dealt="1" sum="15"/>
<action no="4" player="oreiasccp" type="2" sum="30"/>
</round>
<round no="1"><cards type="Pocket" player="oreiasccp">D10 DJ</cards>
<cards type="Pocket" player="heymari">H4 H6</cards>
<action no="5" player="heymari" type="3" discard="1" dealt="1" sum="15"/>
<action no="6" player="oreiasccp" type="23" sum="75"/>
<action no="7" player="heymari" type="3" discard="1" dealt="1" sum="45"/>
</round>
<round no="2"><cards type="Flop">SJ H3 H9</cards>
<action no="8" player="oreiasccp" type="4" sum="0"/>
<action no="9" player="heymari" type="5" discard="1" dealt="1" sum="40"/>
<action no="10" player="oreiasccp" type="3" sum="40"/>
</round>
<round no="3"><cards type="Turn">HQ</cards>
<action no="11" player="oreiasccp" type="4" sum="0"/>
<action no="12" player="heymari" type="5" discard="1" dealt="1" sum="120"/>
<action no="13" player="oreiasccp" type="3" sum="120"/>
</round>
<round no="4"><cards type="River">D5</cards>
<action no="14" player="oreiasccp" type="4" sum="0"/>
<action no="15" player="heymari" type="5" discard="1" dealt="1" sum="395"/>
<action no="16" player="oreiasccp" type="3" sum="395"/>
</round>
</game>
<game gamecode="11536452904"><general><startdate>2025-06-27 07:38:45</startdate>
<round>1</round>
<failsafecounter/>
<players><player seat="6" name="heymari" chips="1,270" dealer="0" win="0" bet="230" muck="1" rebuy="0" addon="0" merge="0" rebuychips="0" reg_code="8392754131"/>
<player seat="3" name="oreiasccp" chips="230" dealer="1" win="460" bet="230" muck="0" rebuy="0" addon="0" merge="0" rebuychips="0" reg_code="8392754083"/>
</players>
</general>
<round no="0"><action no="1" player="oreiasccp" type="15" sum="5"/>
<action no="2" player="heymari" type="15" discard="1" dealt="1" sum="5"/>
<action no="3" player="oreiasccp" type="1" sum="20"/>
<action no="4" player="heymari" type="2" discard="1" dealt="1" sum="40"/>
</round>
<round no="1"><cards type="Pocket" player="heymari">DQ H6</cards>
<cards type="Pocket" player="oreiasccp">D8 SA</cards>
<action no="5" player="oreiasccp" type="23" sum="225"/>
<action no="6" player="heymari" type="3" discard="1" dealt="1" sum="185"/>
</round>
<round no="2"><cards type="Flop">C4 C2 CK</cards>
</round>
<round no="3"><cards type="Turn">D10</cards>
</round>
<round no="4"><cards type="River">SJ</cards>
</round>
</game>
<game gamecode="11536452955"><general><startdate>2025-06-27 07:39:11</startdate>
<round>1</round>
<failsafecounter/>
<players><player seat="3" name="oreiasccp" chips="460" dealer="0" win="50" bet="45" muck="1" rebuy="0" addon="0" merge="0" rebuychips="0" reg_code="8392754083"/>
<player seat="6" name="heymari" chips="1,040" dealer="1" win="0" bet="25" muck="1" rebuy="0" addon="0" merge="0" rebuychips="0" reg_code="8392754131"/>
</players>
</general>
<round no="0"><action no="1" player="heymari" type="15" discard="1" dealt="1" sum="5"/>
<action no="2" player="oreiasccp" type="15" sum="5"/>
<action no="3" player="heymari" type="1" discard="1" dealt="1" sum="20"/>
<action no="4" player="oreiasccp" type="2" sum="40"/>
</round>
<round no="1"><cards type="Pocket" player="oreiasccp">DA H5</cards>
<cards type="Pocket" player="heymari">X X</cards>
<action no="5" player="heymari" type="0" discard="1" dealt="1" sum="0"/>
</round>
</game>
<game gamecode="11536452970"><general><startdate>2025-06-27 07:39:16</startdate>
<round>1</round>
<failsafecounter/>
<players><player seat="6" name="heymari" chips="1,015" dealer="0" win="0" bet="485" muck="1" rebuy="0" addon="0" merge="0" rebuychips="0" reg_code="8392754131"/>
<player seat="3" name="oreiasccp" chips="485" dealer="1" win="970" bet="485" muck="0" rebuy="0" addon="0" merge="0" rebuychips="0" reg_code="8392754083"/>
</players>
</general>
<round no="0"><action no="1" player="oreiasccp" type="15" sum="5"/>
<action no="2" player="heymari" type="15" discard="1" dealt="1" sum="5"/>
<action no="3" player="oreiasccp" type="1" sum="20"/>
<action no="4" player="heymari" type="2" discard="1" dealt="1" sum="40"/>
</round>
<round no="1"><cards type="Pocket" player="heymari">D10 DQ</cards>
<cards type="Pocket" player="oreiasccp">H8 SK</cards>
<action no="5" player="oreiasccp" type="23" sum="480"/>
<action no="6" player="heymari" type="3" discard="1" dealt="1" sum="440"/>
</round>
<round no="2"><cards type="Flop">C8 C6 D5</cards>
</round>
<round no="3"><cards type="Turn">HA</cards>
</round>
<round no="4"><cards type="River">D9</cards>
</round>
</game>
<game gamecode="11536453013"><general><startdate>2025-06-27 07:39:35</startdate>
<round>1</round>
<failsafecounter/>
<players><player seat="3" name="oreiasccp" chips="970" dealer="0" win="50" bet="45" muck="1" rebuy="0" addon="0" merge="0" rebuychips="0" reg_code="8392754083"/>
<player seat="6" name="heymari" chips="530" dealer="1" win="0" bet="25" muck="1" rebuy="0" addon="0" merge="0" rebuychips="0" reg_code="8392754131"/>
</players>
</general>
<round no="0"><action no="1" player="heymari" type="15" discard="1" dealt="1" sum="5"/>
<action no="2" player="oreiasccp" type="15" sum="5"/>
<action no="3" player="heymari" type="1" discard="1" dealt="1" sum="20"/>
<action no="4" player="oreiasccp" type="2" sum="40"/>
</round>
<round no="1"><cards type="Pocket" player="oreiasccp">S5 D7</cards>
<cards type="Pocket" player="heymari">X X</cards>
<action no="5" player="heymari" type="0" discard="1" dealt="1" sum="0"/>
</round>
</game>
<game gamecode="11536453031"><general><startdate>2025-06-27 07:39:42</startdate>
<round>1</round>
<failsafecounter/>
<players><player seat="6" name="heymari" chips="505" dealer="0" win="224" bet="224" muck="1" rebuy="0" addon="0" merge="0" rebuychips="0" reg_code="8392754131"/>
<player seat="3" name="oreiasccp" chips="995" dealer="1" win="0" bet="112" muck="1" rebuy="0" addon="0" merge="0" rebuychips="0" reg_code="8392754083"/>
</players>
</general>
<round no="0"><action no="1" player="oreiasccp" type="15" sum="5"/>
<action no="2" player="heymari" type="15" discard="1" dealt="1" sum="5"/>
<action no="3" player="oreiasccp" type="1" sum="20"/>
<action no="4" player="heymari" type="2" discard="1" dealt="1" sum="40"/>
</round>
<round no="1"><cards type="Pocket" player="heymari">X X</cards>
<cards type="Pocket" player="oreiasccp">SA DK</cards>
<action no="5" player="oreiasccp" type="3" sum="20"/>
<action no="6" player="heymari" type="4" discard="1" dealt="1" sum="0"/>
</round>
<round no="2"><cards type="Flop">H2 S6 S5</cards>
<action no="7" player="heymari" type="5" discard="1" dealt="1" sum="67"/>
<action no="8" player="oreiasccp" type="3" sum="67"/>
</round>
<round no="3"><cards type="Turn">HJ</cards>
<action no="9" player="heymari" type="5" discard="1" dealt="1" sum="112"/>
<action no="10" player="oreiasccp" type="0" sum="0"/>
</round>
</game>
<game gamecode="11536453094"><general><startdate>2025-06-27 07:40:08</startdate>
<round>1</round>
<failsafecounter/>
<players><player seat="3" name="oreiasccp" chips="883" dealer="0" win="70" bet="65" muck="1" rebuy="0" addon="0" merge="0" rebuychips="0" reg_code="8392754083"/>
<player seat="6" name="heymari" chips="617" dealer="1" win="0" bet="35" muck="1" rebuy="0" addon="0" merge="0" rebuychips="0" reg_code="8392754131"/>
</players>
</general>
<round no="0"><action no="1" player="heymari" type="15" discard="1" dealt="1" sum="5"/>
<action no="2" player="oreiasccp" type="15" sum="5"/>
<action no="3" player="heymari" type="1" discard="1" dealt="1" sum="30"/>
<action no="4" player="oreiasccp" type="2" sum="60"/>
</round>
<round no="1"><cards type="Pocket" player="heymari">X X</cards>
<cards type="Pocket" player="oreiasccp">H5 H8</cards>
<action no="5" player="heymari" type="0" discard="1" dealt="1" sum="0"/>
</round>
</game>
<game gamecode="11536453107"><general><startdate>2025-06-27 07:40:14</startdate>
<round>1</round>
<failsafecounter/>
<players><player seat="6" name="heymari" chips="582" dealer="0" win="430" bet="215" muck="0" rebuy="0" addon="0" merge="0" rebuychips="0" reg_code="8392754131"/>
<player seat="3" name="oreiasccp" chips="918" dealer="1" win="0" bet="215" muck="1" rebuy="0" addon="0" merge="0" rebuychips="0" reg_code="8392754083"/>
</players>
</general>
<round no="0"><action no="1" player="oreiasccp" type="15" sum="5"/>
<action no="2" player="heymari" type="15" discard="1" dealt="1" sum="5"/>
<action no="3" player="oreiasccp" type="1" sum="30"/>
<action no="4" player="heymari" type="2" discard="1" dealt="1" sum="60"/>
</round>
<round no="1"><cards type="Pocket" player="oreiasccp">DJ SQ</cards>
<cards type="Pocket" player="heymari">D5 D7</cards>
<action no="5" player="oreiasccp" type="3" sum="30"/>
<action no="6" player="heymari" type="4" discard="1" dealt="1" sum="0"/>
</round>
<round no="2"><cards type="Flop">DK DA HK</cards>
<action no="7" player="heymari" type="4" discard="1" dealt="1" sum="0"/>
<action no="8" player="oreiasccp" type="5" sum="60"/>
<action no="9" player="heymari" type="3" discard="1" dealt="1" sum="60"/>
</round>
<round no="3"><cards type="Turn">H5</cards>
<action no="10" player="heymari" type="4" discard="1" dealt="1" sum="0"/>
<action no="11" player="oreiasccp" type="5" sum="90"/>
<action no="12" player="heymari" type="3" discard="1" dealt="1" sum="90"/>
</round>
<round no="4"><cards type="River">S4</cards>
<action no="13" player="heymari" type="4" discard="1" dealt="1" sum="0"/>
<action no="14" player="oreiasccp" type="4" sum="0"/>
</round>
</game>
<game gamecode="11536453212"><general><startdate>2025-06-27 07:40:54</startdate>
<round>1</round>
<failsafecounter/>
<players><player seat="3" name="oreiasccp" chips="703" dealer="0" win="703" bet="703" muck="0" rebuy="0" addon="0" merge="0" rebuychips="0" reg_code="8392754083"/>
<player seat="6" name="heymari" chips="797" dealer="1" win="703" bet="797" muck="0" rebuy="0" addon="0" merge="0" rebuychips="0" reg_code="8392754131"/>
</players>
</general>
<round no="0"><action no="1" player="heymari" type="15" discard="1" dealt="1" sum="5"/>
<action no="2" player="oreiasccp" type="15" sum="5"/>
<action no="3" player="heymari" type="1" discard="1" dealt="1" sum="30"/>
<action no="4" player="oreiasccp" type="2" sum="60"/>
</round>
<round no="1"><cards type="Pocket" player="oreiasccp">S3 DA</cards>
<cards type="Pocket" player="heymari">HA D7</cards>
<action no="5" player="heymari" type="23" discard="1" dealt="1" sum="792"/>
<action no="6" player="oreiasccp" type="7" sum="638"/>
</round>
<round no="2"><cards type="Flop">S8 C7 C6</cards>
</round>
<round no="3"><cards type="Turn">H5</cards>
</round>
<round no="4"><cards type="River">H4</cards>
</round>
</game>
<game gamecode="11536453258"><general><startdate>2025-06-27 07:41:12</startdate>
<round>1</round>
<failsafecounter/>
<players><player seat="6" name="heymari" chips="797" dealer="0" win="370" bet="277" muck="1" rebuy="0" addon="0" merge="0" rebuychips="0" reg_code="8392754131"/>
<player seat="3" name="oreiasccp" chips="703" dealer="1" win="0" bet="185" muck="1" rebuy="0" addon="0" merge="0" rebuychips="0" reg_code="8392754083"/>
</players>
</general>
<round no="0"><action no="1" player="oreiasccp" type="15" sum="5"/>
<action no="2" player="heymari" type="15" discard="1" dealt="1" sum="5"/>
<action no="3" player="oreiasccp" type="1" sum="30"/>
<action no="4" player="heymari" type="2" discard="1" dealt="1" sum="60"/>
</round>
<round no="1"><cards type="Pocket" player="oreiasccp">S6 HQ</cards>
<cards type="Pocket" player="heymari">X X</cards>
<action no="5" player="oreiasccp" type="23" sum="120"/>
<action no="6" player="heymari" type="3" discard="1" dealt="1" sum="60"/>
</round>
<round no="2"><cards type="Flop">C4 S7 H2</cards>
<action no="7" player="heymari" type="4" discard="1" dealt="1" sum="0"/>
<action no="8" player="oreiasccp" type="5" sum="60"/>
<action no="9" player="heymari" type="3" discard="1" dealt="1" sum="60"/>
</round>
<round no="3"><cards type="Turn">H5</cards>
<action no="10" player="heymari" type="4" discard="1" dealt="1" sum="0"/>
<action no="11" player="oreiasccp" type="4" sum="0"/>
</round>
<round no="4"><cards type="River">C9</cards>
<action no="12" player="heymari" type="5" discard="1" dealt="1" sum="92"/>
<action no="13" player="oreiasccp" type="0" sum="0"/>
</round>
</game>
<game gamecode="11536453361"><general><startdate>2025-06-27 07:41:58</startdate>
<round>1</round>
<failsafecounter/>
<players><player seat="3" name="oreiasccp" chips="518" dealer="0" win="70" bet="65" muck="1" rebuy="0" addon="0" merge="0" rebuychips="0" reg_code="8392754083"/>
<player seat="6" name="heymari" chips="982" dealer="1" win="0" bet="35" muck="1" rebuy="0" addon="0" merge="0" rebuychips="0" reg_code="8392754131"/>
</players>
</general>
<round no="0"><action no="1" player="heymari" type="15" discard="1" dealt="1" sum="5"/>
<action no="2" player="oreiasccp" type="15" sum="5"/>
<action no="3" player="heymari" type="1" discard="1" dealt="1" sum="30"/>
<action no="4" player="oreiasccp" type="2" sum="60"/>
</round>
<round no="1"><cards type="Pocket" player="oreiasccp">C6 DQ</cards>
<cards type="Pocket" player="heymari">X X</cards>
<action no="5" player="heymari" type="0" discard="1" dealt="1" sum="0"/>
</round>
</game>
<game gamecode="11536453384"><general><startdate>2025-06-27 07:42:07</startdate>
<round>1</round>
<failsafecounter/>
<players><player seat="6" name="heymari" chips="947" dealer="0" win="96" bet="88" muck="1" rebuy="0" addon="0" merge="0" rebuychips="0" reg_code="8392754131"/>
<player seat="3" name="oreiasccp" chips="553" dealer="1" win="0" bet="48" muck="1" rebuy="0" addon="0" merge="0" rebuychips="0" reg_code="8392754083"/>
</players>
</general>
<round no="0"><action no="1" player="oreiasccp" type="15" sum="8"/>
<action no="2" player="heymari" type="15" discard="1" dealt="1" sum="8"/>
<action no="3" player="oreiasccp" type="1" sum="40"/>
<action no="4" player="heymari" type="2" discard="1" dealt="1" sum="80"/>
</round>
<round no="1"><cards type="Pocket" player="oreiasccp">H3 H2</cards>
<cards type="Pocket" player="heymari">X X</cards>
<action no="5" player="oreiasccp" type="0" sum="0"/>
</round>
</game>
<game gamecode="11536453402"><general><startdate>2025-06-27 07:42:14</startdate>
<round>1</round>
<failsafecounter/>
<players><player seat="3" name="oreiasccp" chips="505" dealer="0" win="0" bet="505" muck="0" rebuy="0" addon="0" merge="0" rebuychips="0" reg_code="8392754083"/>
<player seat="6" name="heymari" chips="995" dealer="1" win="1,010" bet="995" muck="0" rebuy="0" addon="0" merge="0" rebuychips="0" reg_code="8392754131"/>
</players>
</general>
<round no="0"><action no="1" player="heymari" type="15" discard="1" dealt="1" sum="8"/>
<action no="2" player="oreiasccp" type="15" sum="8"/>
<action no="3" player="heymari" type="1" discard="1" dealt="1" sum="40"/>
<action no="4" player="oreiasccp" type="2" sum="80"/>
</round>
<round no="1"><cards type="Pocket" player="heymari">C8 DJ</cards>
<cards type="Pocket" player="oreiasccp">DA D3</cards>
<action no="5" player="heymari" type="23" discard="1" dealt="1" sum="987"/>
<action no="6" player="oreiasccp" type="7" sum="417"/>
</round>
<round no="2"><cards type="Flop">SJ S7 C5</cards>
</round>
<round no="3"><cards type="Turn">C7</cards>
</round>
<round no="4"><cards type="River">S6</cards>
</round>
</game>
</session>
