<?xml version="1.0" encoding="UTF-8"?>
<session sessioncode="8392755505">
<general>
<client_version>25.1.1.13</client_version>
<mode>real</mode>
<gametype>Holdem NL</gametype>
<tablename>Twister €5 SNG, 1128641854</tablename>
<tournamentcode>1128641853</tournamentcode>
<tournamentname>Twister €5 SNG</tournamentname>
<buyin>€0 + €0.35 + €4.65</buyin>
<totalbuyin>€5</totalbuyin>
<rewarddrawn>€10</rewarddrawn>
<tournamentcurrency>EUR</tournamentcurrency>
<currency>EUR</currency>
<nickname>oreiasccp</nickname>
<gamecount>16</gamecount>
<startdate>2025-06-27 07:44:03</startdate>
<place>3</place>
<win>€0</win>
<tablesize>3</tablesize>
</general>
<game gamecode="11536453712"><general><startdate>2025-06-27 07:44:18</startdate>
<round>1</round>
<failsafecounter/>
<players><player seat="6" name="Bellatrix97" chips="500" dealer="0" win="20" bet="20" muck="1" rebuy="0" addon="0" merge="0" rebuychips="0" reg_code="8392755625"/>
<player seat="10" name="AndersonP09" chips="500" dealer="1" win="0" bet="0" muck="1" rebuy="0" addon="0" merge="0" rebuychips="0" reg_code="8392755663"/>
<player seat="3" name="oreiasccp" chips="500" dealer="0" win="0" bet="10" muck="1" rebuy="0" addon="0" merge="0" rebuychips="0" reg_code="8392755505"/>
</players>
</general>
<round no="0"><action no="1" player="oreiasccp" type="1" sum="10"/>
<action no="2" player="Bellatrix97" type="2" discard="1" dealt="1" sum="20"/>
</round>
<round no="1"><cards type="Pocket" player="Bellatrix97">X X</cards>
<cards type="Pocket" player="oreiasccp">S6 D2</cards>
<cards type="Pocket" player="AndersonP09">X X</cards>
<action no="3" player="AndersonP09" type="0" discard="1" dealt="1" sum="0"/>
<action no="4" player="oreiasccp" type="0" sum="0"/>
</round>
</game>
<game gamecode="11536453749"><general><startdate>2025-06-27 07:44:31</startdate>
<round>1</round>
<failsafecounter/>
<players><player seat="10" name="AndersonP09" chips="500" dealer="0" win="20" bet="20" muck="1" rebuy="0" addon="0" merge="0" rebuychips="0" reg_code="8392755663"/>
<player seat="3" name="oreiasccp" chips="490" dealer="1" win="0" bet="0" muck="1" rebuy="0" addon="0" merge="0" rebuychips="0" reg_code="8392755505"/>
<player seat="6" name="Bellatrix97" chips="510" dealer="0" win="0" bet="10" muck="1" rebuy="0" addon="0" merge="0" rebuychips="0" reg_code="8392755625"/>
</players>
</general>
<round no="0"><action no="1" player="Bellatrix97" type="1" discard="1" dealt="1" sum="10"/>
<action no="2" player="AndersonP09" type="2" discard="1" dealt="1" sum="20"/>
</round>
<round no="1"><cards type="Pocket" player="AndersonP09">X X</cards>
<cards type="Pocket" player="oreiasccp">HQ C8</cards>
<cards type="Pocket" player="Bellatrix97">X X</cards>
<action no="3" player="oreiasccp" type="0" sum="0"/>
<action no="4" player="Bellatrix97" type="0" discard="1" dealt="1" sum="0"/>
</round>
</game>
<game gamecode="11536453779"><general><startdate>2025-06-27 07:44:41</startdate>
<round>1</round>
<failsafecounter/>
<players><player seat="3" name="oreiasccp" chips="490" dealer="0" win="0" bet="20" muck="1" rebuy="0" addon="0" merge="0" rebuychips="0" reg_code="8392755505"/>
<player seat="6" name="Bellatrix97" chips="500" dealer="1" win="0" bet="0" muck="1" rebuy="0" addon="0" merge="0" rebuychips="0" reg_code="8392755625"/>
<player seat="10" name="AndersonP09" chips="510" dealer="0" win="40" bet="510" muck="1" rebuy="0" addon="0" merge="0" rebuychips="0" reg_code="8392755663"/>
</players>
</general>
<round no="0"><action no="1" player="AndersonP09" type="1" discard="1" dealt="1" sum="10"/>
<action no="2" player="oreiasccp" type="2" sum="20"/>
</round>
<round no="1"><cards type="Pocket" player="Bellatrix97">X X</cards>
<cards type="Pocket" player="oreiasccp">H6 D7</cards>
<cards type="Pocket" player="AndersonP09">X X</cards>
<action no="3" player="Bellatrix97" type="0" discard="1" dealt="1" sum="0"/>
<action no="4" player="AndersonP09" type="23" discard="1" dealt="1" sum="510"/>
<action no="5" player="oreiasccp" type="0" sum="0"/>
</round>
</game>
<game gamecode="11536453833"><general><startdate>2025-06-27 07:44:59</startdate>
<round>1</round>
<failsafecounter/>
<players><player seat="6" name="Bellatrix97" chips="500" dealer="0" win="0" bet="60" muck="1" rebuy="0" addon="0" merge="0" rebuychips="0" reg_code="8392755625"/>
<player seat="10" name="AndersonP09" chips="530" dealer="1" win="0" bet="0" muck="1" rebuy="0" addon="0" merge="0" rebuychips="0" reg_code="8392755663"/>
<player seat="3" name="oreiasccp" chips="470" dealer="0" win="120" bet="148" muck="1" rebuy="0" addon="0" merge="0" rebuychips="0" reg_code="8392755505"/>
</players>
</general>
<round no="0"><action no="1" player="oreiasccp" type="1" sum="10"/>
<action no="2" player="Bellatrix97" type="2" discard="1" dealt="1" sum="20"/>
</round>
<round no="1"><cards type="Pocket" player="AndersonP09">X X</cards>
<cards type="Pocket" player="Bellatrix97">X X</cards>
<cards type="Pocket" player="oreiasccp">HJ H8</cards>
<action no="3" player="AndersonP09" type="0" discard="1" dealt="1" sum="0"/>
<action no="4" player="oreiasccp" type="23" sum="40"/>
<action no="5" player="Bellatrix97" type="3" discard="1" dealt="1" sum="20"/>
</round>
<round no="2"><cards type="Flop">C8 S10 S8</cards>
<action no="6" player="oreiasccp" type="5" sum="20"/>
<action no="7" player="Bellatrix97" type="3" discard="1" dealt="1" sum="20"/>
</round>
<round no="3"><cards type="Turn">HQ</cards>
<action no="8" player="oreiasccp" type="5" sum="88"/>
<action no="9" player="Bellatrix97" type="0" discard="1" dealt="1" sum="0"/>
</round>
</game>
<game gamecode="11536453959"><general><startdate>2025-06-27 07:45:46</startdate>
<round>1</round>
<failsafecounter/>
<players><player seat="10" name="AndersonP09" chips="530" dealer="0" win="0" bet="40" muck="1" rebuy="0" addon="0" merge="0" rebuychips="0" reg_code="8392755663"/>
<player seat="3" name="oreiasccp" chips="530" dealer="1" win="0" bet="0" muck="1" rebuy="0" addon="0" merge="0" rebuychips="0" reg_code="8392755505"/>
<player seat="6" name="Bellatrix97" chips="440" dealer="0" win="80" bet="40" muck="0" rebuy="0" addon="0" merge="0" rebuychips="0" reg_code="8392755625"/>
</players>
</general>
<round no="0"><action no="1" player="Bellatrix97" type="1" discard="1" dealt="1" sum="10"/>
<action no="2" player="AndersonP09" type="2" discard="1" dealt="1" sum="20"/>
</round>
<round no="1"><cards type="Pocket" player="Bellatrix97">C8 H6</cards>
<cards type="Pocket" player="AndersonP09">C3 S5</cards>
<cards type="Pocket" player="oreiasccp">SQ H8</cards>
<action no="3" player="oreiasccp" type="0" sum="0"/>
<action no="4" player="Bellatrix97" type="3" discard="1" dealt="1" sum="10"/>
<action no="5" player="AndersonP09" type="4" discard="1" dealt="1" sum="0"/>
</round>
<round no="2"><cards type="Flop">C6 CA D5</cards>
<action no="6" player="Bellatrix97" type="5" discard="1" dealt="1" sum="20"/>
<action no="7" player="AndersonP09" type="3" discard="1" dealt="1" sum="20"/>
</round>
<round no="3"><cards type="Turn">CQ</cards>
<action no="8" player="Bellatrix97" type="4" discard="1" dealt="1" sum="0"/>
<action no="9" player="AndersonP09" type="4" discard="1" dealt="1" sum="0"/>
</round>
<round no="4"><cards type="River">SK</cards>
<action no="10" player="Bellatrix97" type="4" discard="1" dealt="1" sum="0"/>
<action no="11" player="AndersonP09" type="4" discard="1" dealt="1" sum="0"/>
</round>
</game>
<game gamecode="11536454147"><general><startdate>2025-06-27 07:46:53</startdate>
<round>1</round>
<failsafecounter/>
<players><player seat="3" name="oreiasccp" chips="530" dealer="0" win="183" bet="89" muck="0" rebuy="0" addon="0" merge="0" rebuychips="0" reg_code="8392755505"/>
<player seat="6" name="Bellatrix97" chips="480" dealer="1" win="0" bet="5" muck="1" rebuy="0" addon="0" merge="0" rebuychips="0" reg_code="8392755625"/>
<player seat="10" name="AndersonP09" chips="490" dealer="0" win="0" bet="89" muck="1" rebuy="0" addon="0" merge="0" rebuychips="0" reg_code="8392755663"/>
</players>
</general>
<round no="0"><action no="1" player="AndersonP09" type="15" discard="1" dealt="1" sum="5"/>
<action no="2" player="oreiasccp" type="15" sum="5"/>
<action no="3" player="Bellatrix97" type="15" discard="1" dealt="1" sum="5"/>
<action no="4" player="AndersonP09" type="1" discard="1" dealt="1" sum="15"/>
<action no="5" player="oreiasccp" type="2" sum="30"/>
</round>
<round no="1"><cards type="Pocket" player="oreiasccp">HJ S3</cards>
<cards type="Pocket" player="AndersonP09">H5 H8</cards>
<cards type="Pocket" player="Bellatrix97">X X</cards>
<action no="6" player="Bellatrix97" type="0" discard="1" dealt="1" sum="0"/>
<action no="7" player="AndersonP09" type="3" discard="1" dealt="1" sum="15"/>
<action no="8" player="oreiasccp" type="4" sum="0"/>
</round>
<round no="2"><cards type="Flop">SJ S6 S9</cards>
<action no="9" player="AndersonP09" type="4" discard="1" dealt="1" sum="0"/>
<action no="10" player="oreiasccp" type="4" sum="0"/>
</round>
<round no="3"><cards type="Turn">H7</cards>
<action no="11" player="AndersonP09" type="5" discard="1" dealt="1" sum="54"/>
<action no="12" player="oreiasccp" type="3" sum="54"/>
</round>
<round no="4"><cards type="River">SQ</cards>
<action no="13" player="AndersonP09" type="4" discard="1" dealt="1" sum="0"/>
<action no="14" player="oreiasccp" type="4" sum="0"/>
</round>
</game>
<game gamecode="11536458198"><general><startdate>2025-06-27 07:47:45</startdate>
<round>1</round>
<failsafecounter/>
<players><player seat="6" name="Bellatrix97" chips="475" dealer="0" win="0" bet="35" muck="1" rebuy="0" addon="0" merge="0" rebuychips="0" reg_code="8392755625"/>
<player seat="10" name="AndersonP09" chips="401" dealer="1" win="0" bet="5" muck="1" rebuy="0" addon="0" merge="0" rebuychips="0" reg_code="8392755663"/>
<player seat="3" name="oreiasccp" chips="624" dealer="0" win="75" bet="65" muck="1" rebuy="0" addon="0" merge="0" rebuychips="0" reg_code="8392755505"/>
</players>
</general>
<round no="0"><action no="1" player="oreiasccp" type="15" sum="5"/>
<action no="2" player="Bellatrix97" type="15" discard="1" dealt="1" sum="5"/>
<action no="3" player="AndersonP09" type="15" discard="1" dealt="1" sum="5"/>
<action no="4" player="oreiasccp" type="1" sum="15"/>
<action no="5" player="Bellatrix97" type="2" discard="1" dealt="1" sum="30"/>
</round>
<round no="1"><cards type="Pocket" player="AndersonP09">X X</cards>
<cards type="Pocket" player="Bellatrix97">X X</cards>
<cards type="Pocket" player="oreiasccp">DJ D9</cards>
<action no="6" player="AndersonP09" type="0" discard="1" dealt="1" sum="0"/>
<action no="7" player="oreiasccp" type="23" sum="60"/>
<action no="8" player="Bellatrix97" type="0" discard="1" dealt="1" sum="0"/>
</round>
</game>
<game gamecode="11536458249"><general><startdate>2025-06-27 07:48:03</startdate>
<round>1</round>
<failsafecounter/>
<players><player seat="10" name="AndersonP09" chips="396" dealer="0" win="0" bet="35" muck="1" rebuy="0" addon="0" merge="0" rebuychips="0" reg_code="8392755663"/>
<player seat="3" name="oreiasccp" chips="664" dealer="1" win="0" bet="5" muck="1" rebuy="0" addon="0" merge="0" rebuychips="0" reg_code="8392755505"/>
<player seat="6" name="Bellatrix97" chips="440" dealer="0" win="75" bet="440" muck="1" rebuy="0" addon="0" merge="0" rebuychips="0" reg_code="8392755625"/>
</players>
</general>
<round no="0"><action no="1" player="Bellatrix97" type="15" discard="1" dealt="1" sum="5"/>
<action no="2" player="AndersonP09" type="15" discard="1" dealt="1" sum="5"/>
<action no="3" player="oreiasccp" type="15" sum="5"/>
<action no="4" player="Bellatrix97" type="1" discard="1" dealt="1" sum="15"/>
<action no="5" player="AndersonP09" type="2" discard="1" dealt="1" sum="30"/>
</round>
<round no="1"><cards type="Pocket" player="Bellatrix97">X X</cards>
<cards type="Pocket" player="oreiasccp">D7 CQ</cards>
<cards type="Pocket" player="AndersonP09">X X</cards>
<action no="6" player="oreiasccp" type="0" sum="0"/>
<action no="7" player="Bellatrix97" type="23" discard="1" dealt="1" sum="435"/>
<action no="8" player="AndersonP09" type="0" discard="1" dealt="1" sum="0"/>
</round>
</game>
<game gamecode="11536458301"><general><startdate>2025-06-27 07:48:23</startdate>
<round>1</round>
<failsafecounter/>
<players><player seat="3" name="oreiasccp" chips="659" dealer="0" win="0" bet="45" muck="1" rebuy="0" addon="0" merge="0" rebuychips="0" reg_code="8392755505"/>
<player seat="6" name="Bellatrix97" chips="480" dealer="1" win="0" bet="5" muck="1" rebuy="0" addon="0" merge="0" rebuychips="0" reg_code="8392755625"/>
<player seat="10" name="AndersonP09" chips="361" dealer="0" win="95" bet="361" muck="1" rebuy="0" addon="0" merge="0" rebuychips="0" reg_code="8392755663"/>
</players>
</general>
<round no="0"><action no="1" player="AndersonP09" type="15" discard="1" dealt="1" sum="5"/>
<action no="2" player="oreiasccp" type="15" sum="5"/>
<action no="3" player="Bellatrix97" type="15" discard="1" dealt="1" sum="5"/>
<action no="4" player="AndersonP09" type="1" discard="1" dealt="1" sum="20"/>
<action no="5" player="oreiasccp" type="2" sum="40"/>
</round>
<round no="1"><cards type="Pocket" player="oreiasccp">H9 C4</cards>
<cards type="Pocket" player="Bellatrix97">X X</cards>
<cards type="Pocket" player="AndersonP09">X X</cards>
<action no="6" player="Bellatrix97" type="0" discard="1" dealt="1" sum="0"/>
<action no="7" player="AndersonP09" type="23" discard="1" dealt="1" sum="356"/>
<action no="8" player="oreiasccp" type="0" sum="0"/>
</round>
</game>
<game gamecode="11536458366"><general><startdate>2025-06-27 07:48:44</startdate>
<round>1</round>
<failsafecounter/>
<players><player seat="6" name="Bellatrix97" chips="475" dealer="0" win="323" bet="199" muck="1" rebuy="0" addon="0" merge="0" rebuychips="0" reg_code="8392755625"/>
<player seat="10" name="AndersonP09" chips="411" dealer="1" win="0" bet="5" muck="1" rebuy="0" addon="0" merge="0" rebuychips="0" reg_code="8392755663"/>
<player seat="3" name="oreiasccp" chips="614" dealer="0" win="0" bet="159" muck="1" rebuy="0" addon="0" merge="0" rebuychips="0" reg_code="8392755505"/>
</players>
</general>
<round no="0"><action no="1" player="oreiasccp" type="15" sum="5"/>
<action no="2" player="Bellatrix97" type="15" discard="1" dealt="1" sum="5"/>
<action no="3" player="AndersonP09" type="15" discard="1" dealt="1" sum="5"/>
<action no="4" player="oreiasccp" type="1" sum="20"/>
<action no="5" player="Bellatrix97" type="2" discard="1" dealt="1" sum="40"/>
</round>
<round no="1"><cards type="Pocket" player="oreiasccp">D6 D10</cards>
<cards type="Pocket" player="Bellatrix97">X X</cards>
<cards type="Pocket" player="AndersonP09">X X</cards>
<action no="6" player="AndersonP09" type="0" discard="1" dealt="1" sum="0"/>
<action no="7" player="oreiasccp" type="3" sum="20"/>
<action no="8" player="Bellatrix97" type="23" discard="1" dealt="1" sum="100"/>
<action no="9" player="oreiasccp" type="3" sum="60"/>
</round>
<round no="2"><cards type="Flop">H7 S8 SA</cards>
<action no="10" player="oreiasccp" type="4" sum="0"/>
<action no="11" player="Bellatrix97" type="5" discard="1" dealt="1" sum="54"/>
<action no="12" player="oreiasccp" type="3" sum="54"/>
</round>
<round no="3"><cards type="Turn">D8</cards>
<action no="13" player="oreiasccp" type="4" sum="0"/>
<action no="14" player="Bellatrix97" type="4" discard="1" dealt="1" sum="0"/>
</round>
<round no="4"><cards type="River">S4</cards>
<action no="15" player="oreiasccp" type="4" sum="0"/>
<action no="16" player="Bellatrix97" type="5" discard="1" dealt="1" sum="40"/>
<action no="17" player="oreiasccp" type="0" sum="0"/>
</round>
</game>
<game gamecode="11536458573"><general><startdate>2025-06-27 07:49:57</startdate>
<round>1</round>
<failsafecounter/>
<players><player seat="10" name="AndersonP09" chips="406" dealer="0" win="0" bet="45" muck="1" rebuy="0" addon="0" merge="0" rebuychips="0" reg_code="8392755663"/>
<player seat="3" name="oreiasccp" chips="455" dealer="1" win="115" bet="455" muck="1" rebuy="0" addon="0" merge="0" rebuychips="0" reg_code="8392755505"/>
<player seat="6" name="Bellatrix97" chips="639" dealer="0" win="0" bet="25" muck="1" rebuy="0" addon="0" merge="0" rebuychips="0" reg_code="8392755625"/>
</players>
</general>
<round no="0"><action no="1" player="Bellatrix97" type="15" discard="1" dealt="1" sum="5"/>
<action no="2" player="AndersonP09" type="15" discard="1" dealt="1" sum="5"/>
<action no="3" player="oreiasccp" type="15" sum="5"/>
<action no="4" player="Bellatrix97" type="1" discard="1" dealt="1" sum="20"/>
<action no="5" player="AndersonP09" type="2" discard="1" dealt="1" sum="40"/>
</round>
<round no="1"><cards type="Pocket" player="Bellatrix97">X X</cards>
<cards type="Pocket" player="oreiasccp">DJ DK</cards>
<cards type="Pocket" player="AndersonP09">X X</cards>
<action no="6" player="oreiasccp" type="23" sum="450"/>
<action no="7" player="Bellatrix97" type="0" discard="1" dealt="1" sum="0"/>
<action no="8" player="AndersonP09" type="0" discard="1" dealt="1" sum="0"/>
</round>
</game>
<game gamecode="11536458632"><general><startdate>2025-06-27 07:50:14</startdate>
<round>1</round>
<failsafecounter/>
<players><player seat="3" name="oreiasccp" chips="525" dealer="0" win="0" bet="45" muck="1" rebuy="0" addon="0" merge="0" rebuychips="0" reg_code="8392755505"/>
<player seat="6" name="Bellatrix97" chips="614" dealer="1" win="115" bet="614" muck="1" rebuy="0" addon="0" merge="0" rebuychips="0" reg_code="8392755625"/>
<player seat="10" name="AndersonP09" chips="361" dealer="0" win="0" bet="25" muck="1" rebuy="0" addon="0" merge="0" rebuychips="0" reg_code="8392755663"/>
</players>
</general>
<round no="0"><action no="1" player="AndersonP09" type="15" discard="1" dealt="1" sum="5"/>
<action no="2" player="oreiasccp" type="15" sum="5"/>
<action no="3" player="Bellatrix97" type="15" discard="1" dealt="1" sum="5"/>
<action no="4" player="AndersonP09" type="1" discard="1" dealt="1" sum="20"/>
<action no="5" player="oreiasccp" type="2" sum="40"/>
</round>
<round no="1"><cards type="Pocket" player="oreiasccp">C5 D6</cards>
<cards type="Pocket" player="AndersonP09">X X</cards>
<cards type="Pocket" player="Bellatrix97">X X</cards>
<action no="6" player="Bellatrix97" type="23" discard="1" dealt="1" sum="609"/>
<action no="7" player="AndersonP09" type="0" discard="1" dealt="1" sum="0"/>
<action no="8" player="oreiasccp" type="0" sum="0"/>
</round>
</game>
<game gamecode="11536458692"><general><startdate>2025-06-27 07:50:36</startdate>
<round>1</round>
<failsafecounter/>
<players><player seat="6" name="Bellatrix97" chips="684" dealer="0" win="0" bet="65" muck="1" rebuy="0" addon="0" merge="0" rebuychips="0" reg_code="8392755625"/>
<player seat="10" name="AndersonP09" chips="336" dealer="1" win="165" bet="336" muck="1" rebuy="0" addon="0" merge="0" rebuychips="0" reg_code="8392755663"/>
<player seat="3" name="oreiasccp" chips="480" dealer="0" win="0" bet="35" muck="1" rebuy="0" addon="0" merge="0" rebuychips="0" reg_code="8392755505"/>
</players>
</general>
<round no="0"><action no="1" player="oreiasccp" type="15" sum="5"/>
<action no="2" player="Bellatrix97" type="15" discard="1" dealt="1" sum="5"/>
<action no="3" player="AndersonP09" type="15" discard="1" dealt="1" sum="5"/>
<action no="4" player="oreiasccp" type="1" sum="30"/>
<action no="5" player="Bellatrix97" type="2" discard="1" dealt="1" sum="60"/>
</round>
<round no="1"><cards type="Pocket" player="oreiasccp">H4 CQ</cards>
<cards type="Pocket" player="Bellatrix97">X X</cards>
<cards type="Pocket" player="AndersonP09">X X</cards>
<action no="6" player="AndersonP09" type="23" discard="1" dealt="1" sum="331"/>
<action no="7" player="oreiasccp" type="0" sum="0"/>
<action no="8" player="Bellatrix97" type="0" discard="1" dealt="1" sum="0"/>
</round>
</game>
<game gamecode="11536458733"><general><startdate>2025-06-27 07:50:54</startdate>
<round>1</round>
<failsafecounter/>
<players><player seat="10" name="AndersonP09" chips="436" dealer="0" win="75" bet="65" muck="1" rebuy="0" addon="0" merge="0" rebuychips="0" reg_code="8392755663"/>
<player seat="3" name="oreiasccp" chips="445" dealer="1" win="0" bet="5" muck="1" rebuy="0" addon="0" merge="0" rebuychips="0" reg_code="8392755505"/>
<player seat="6" name="Bellatrix97" chips="619" dealer="0" win="0" bet="35" muck="1" rebuy="0" addon="0" merge="0" rebuychips="0" reg_code="8392755625"/>
</players>
</general>
<round no="0"><action no="1" player="Bellatrix97" type="15" discard="1" dealt="1" sum="5"/>
<action no="2" player="AndersonP09" type="15" discard="1" dealt="1" sum="5"/>
<action no="3" player="oreiasccp" type="15" sum="5"/>
<action no="4" player="Bellatrix97" type="1" discard="1" dealt="1" sum="30"/>
<action no="5" player="AndersonP09" type="2" discard="1" dealt="1" sum="60"/>
</round>
<round no="1"><cards type="Pocket" player="Bellatrix97">X X</cards>
<cards type="Pocket" player="AndersonP09">X X</cards>
<cards type="Pocket" player="oreiasccp">S9 DQ</cards>
<action no="6" player="oreiasccp" type="0" sum="0"/>
<action no="7" player="Bellatrix97" type="0" discard="1" dealt="1" sum="0"/>
</round>
</game>
<game gamecode="11536458765"><general><startdate>2025-06-27 07:51:04</startdate>
<round>1</round>
<failsafecounter/>
<players><player seat="3" name="oreiasccp" chips="440" dealer="0" win="75" bet="65" muck="1" rebuy="0" addon="0" merge="0" rebuychips="0" reg_code="8392755505"/>
<player seat="6" name="Bellatrix97" chips="584" dealer="1" win="0" bet="5" muck="1" rebuy="0" addon="0" merge="0" rebuychips="0" reg_code="8392755625"/>
<player seat="10" name="AndersonP09" chips="476" dealer="0" win="0" bet="35" muck="1" rebuy="0" addon="0" merge="0" rebuychips="0" reg_code="8392755663"/>
</players>
</general>
<round no="0"><action no="1" player="AndersonP09" type="15" discard="1" dealt="1" sum="5"/>
<action no="2" player="oreiasccp" type="15" sum="5"/>
<action no="3" player="Bellatrix97" type="15" discard="1" dealt="1" sum="5"/>
<action no="4" player="AndersonP09" type="1" discard="1" dealt="1" sum="30"/>
<action no="5" player="oreiasccp" type="2" sum="60"/>
</round>
<round no="1"><cards type="Pocket" player="AndersonP09">X X</cards>
<cards type="Pocket" player="Bellatrix97">X X</cards>
<cards type="Pocket" player="oreiasccp">DA D4</cards>
<action no="6" player="Bellatrix97" type="0" discard="1" dealt="1" sum="0"/>
<action no="7" player="AndersonP09" type="0" discard="1" dealt="1" sum="0"/>
</round>
</game>
<game gamecode="11536458818"><general><startdate>2025-06-27 07:51:20</startdate>
<round>1</round>
<failsafecounter/>
<players><player seat="6" name="Bellatrix97" chips="579" dealer="0" win="965" bet="480" muck="0" rebuy="0" addon="0" merge="0" rebuychips="0" reg_code="8392755625"/>
<player seat="10" name="AndersonP09" chips="441" dealer="1" win="0" bet="5" muck="1" rebuy="0" addon="0" merge="0" rebuychips="0" reg_code="8392755663"/>
<player seat="3" name="oreiasccp" chips="480" dealer="0" win="0" bet="480" muck="0" rebuy="0" addon="0" merge="0" rebuychips="0" reg_code="8392755505"/>
</players>
</general>
<round no="0"><action no="1" player="oreiasccp" type="15" sum="5"/>
<action no="2" player="Bellatrix97" type="15" discard="1" dealt="1" sum="5"/>
<action no="3" player="AndersonP09" type="15" discard="1" dealt="1" sum="5"/>
<action no="4" player="oreiasccp" type="1" sum="30"/>
<action no="5" player="Bellatrix97" type="2" discard="1" dealt="1" sum="60"/>
</round>
<round no="1"><cards type="Pocket" player="oreiasccp">D4 SK</cards>
<cards type="Pocket" player="AndersonP09">X X</cards>
<cards type="Pocket" player="Bellatrix97">CA H4</cards>
<action no="6" player="AndersonP09" type="0" discard="1" dealt="1" sum="0"/>
<action no="7" player="oreiasccp" type="23" sum="475"/>
<action no="8" player="Bellatrix97" type="3" discard="1" dealt="1" sum="415"/>
</round>
<round no="2"><cards type="Flop">S10 H3 H7</cards>
</round>
<round no="3"><cards type="Turn">C3</cards>
</round>
<round no="4"><cards type="River">S3</cards>
</round>
</game>
</session>
