<?xml version="1.0" encoding="UTF-8"?>
<session sessioncode="8392768722">
<general>
<client_version>25.1.1.13</client_version>
<mode>real</mode>
<gametype>Holdem NL</gametype>
<tablename>Twister €5 SNG, 1128644277</tablename>
<tournamentcode>1128644276</tournamentcode>
<tournamentname>Twister €5 SNG</tournamentname>
<buyin>€0 + €0.35 + €4.65</buyin>
<totalbuyin>€5</totalbuyin>
<rewarddrawn>€10</rewarddrawn>
<tournamentcurrency>EUR</tournamentcurrency>
<currency>EUR</currency>
<nickname>oreiasccp</nickname>
<gamecount>17</gamecount>
<startdate>2025-06-27 08:48:25</startdate>
<place>1</place>
<win>€10</win>
<tablesize>3</tablesize>
</general>
<game gamecode="11536492968"><general><startdate>2025-06-27 08:48:40</startdate>
<round>1</round>
<failsafecounter/>
<players><player seat="3" name="oreiasccp" chips="500" dealer="0" win="0" bet="40" muck="1" rebuy="0" addon="0" merge="0" rebuychips="0" reg_code="8392768722"/>
<player seat="6" name="6SP9" chips="500" dealer="1" win="90" bet="107" muck="1" rebuy="0" addon="0" merge="0" rebuychips="0" reg_code="8392768729"/>
<player seat="10" name="09Leo09" chips="500" dealer="0" win="0" bet="10" muck="1" rebuy="0" addon="0" merge="0" rebuychips="0" reg_code="8392768732"/>
</players>
</general>
<round no="0"><action no="1" player="09Leo09" type="1" discard="1" dealt="1" sum="10"/>
<action no="2" player="oreiasccp" type="2" sum="20"/>
</round>
<round no="1"><cards type="Pocket" player="09Leo09">X X</cards>
<cards type="Pocket" player="oreiasccp">D3 D2</cards>
<cards type="Pocket" player="6SP9">X X</cards>
<action no="3" player="6SP9" type="23" discard="1" dealt="1" sum="40"/>
<action no="4" player="09Leo09" type="0" discard="1" dealt="1" sum="0"/>
<action no="5" player="oreiasccp" type="3" sum="20"/>
</round>
<round no="2"><cards type="Flop">S8 CJ C10</cards>
<action no="6" player="oreiasccp" type="4" sum="0"/>
<action no="7" player="6SP9" type="4" discard="1" dealt="1" sum="0"/>
</round>
<round no="3"><cards type="Turn">SQ</cards>
<action no="8" player="oreiasccp" type="4" sum="0"/>
<action no="9" player="6SP9" type="4" discard="1" dealt="1" sum="0"/>
</round>
<round no="4"><cards type="River">HA</cards>
<action no="10" player="oreiasccp" type="4" sum="0"/>
<action no="11" player="6SP9" type="5" discard="1" dealt="1" sum="67"/>
<action no="12" player="oreiasccp" type="0" sum="0"/>
</round>
</game>
<game gamecode="11536493090"><general><startdate>2025-06-27 08:49:16</startdate>
<round>1</round>
<failsafecounter/>
<players><player seat="6" name="6SP9" chips="550" dealer="0" win="0" bet="62" muck="1" rebuy="0" addon="0" merge="0" rebuychips="0" reg_code="8392768729"/>
<player seat="10" name="09Leo09" chips="490" dealer="1" win="134" bet="142" muck="1" rebuy="0" addon="0" merge="0" rebuychips="0" reg_code="8392768732"/>
<player seat="3" name="oreiasccp" chips="460" dealer="0" win="0" bet="10" muck="1" rebuy="0" addon="0" merge="0" rebuychips="0" reg_code="8392768722"/>
</players>
</general>
<round no="0"><action no="1" player="oreiasccp" type="1" sum="10"/>
<action no="2" player="6SP9" type="2" discard="1" dealt="1" sum="20"/>
</round>
<round no="1"><cards type="Pocket" player="oreiasccp">H3 SA</cards>
<cards type="Pocket" player="6SP9">X X</cards>
<cards type="Pocket" player="09Leo09">X X</cards>
<action no="3" player="09Leo09" type="23" discard="1" dealt="1" sum="40"/>
<action no="4" player="oreiasccp" type="0" sum="0"/>
<action no="5" player="6SP9" type="3" discard="1" dealt="1" sum="20"/>
</round>
<round no="2"><cards type="Flop">C7 S6 H10</cards>
<action no="6" player="6SP9" type="4" discard="1" dealt="1" sum="0"/>
<action no="7" player="09Leo09" type="5" discard="1" dealt="1" sum="22"/>
<action no="8" player="6SP9" type="3" discard="1" dealt="1" sum="22"/>
</round>
<round no="3"><cards type="Turn">DA</cards>
<action no="9" player="6SP9" type="4" discard="1" dealt="1" sum="0"/>
<action no="10" player="09Leo09" type="5" discard="1" dealt="1" sum="80"/>
<action no="11" player="6SP9" type="0" discard="1" dealt="1" sum="0"/>
</round>
</game>
<game gamecode="11536493218"><general><startdate>2025-06-27 08:49:56</startdate>
<round>1</round>
<failsafecounter/>
<players><player seat="10" name="09Leo09" chips="562" dealer="0" win="80" bet="100" muck="1" rebuy="0" addon="0" merge="0" rebuychips="0" reg_code="8392768732"/>
<player seat="3" name="oreiasccp" chips="450" dealer="1" win="0" bet="0" muck="1" rebuy="0" addon="0" merge="0" rebuychips="0" reg_code="8392768722"/>
<player seat="6" name="6SP9" chips="488" dealer="0" win="0" bet="40" muck="1" rebuy="0" addon="0" merge="0" rebuychips="0" reg_code="8392768729"/>
</players>
</general>
<round no="0"><action no="1" player="6SP9" type="1" discard="1" dealt="1" sum="10"/>
<action no="2" player="09Leo09" type="2" discard="1" dealt="1" sum="20"/>
</round>
<round no="1"><cards type="Pocket" player="oreiasccp">C10 D5</cards>
<cards type="Pocket" player="09Leo09">X X</cards>
<cards type="Pocket" player="6SP9">X X</cards>
<action no="3" player="oreiasccp" type="0" sum="0"/>
<action no="4" player="6SP9" type="3" discard="1" dealt="1" sum="10"/>
<action no="5" player="09Leo09" type="4" discard="1" dealt="1" sum="0"/>
</round>
<round no="2"><cards type="Flop">SK S6 CK</cards>
<action no="6" player="6SP9" type="5" discard="1" dealt="1" sum="20"/>
<action no="7" player="09Leo09" type="3" discard="1" dealt="1" sum="20"/>
</round>
<round no="3"><cards type="Turn">S4</cards>
<action no="8" player="6SP9" type="4" discard="1" dealt="1" sum="0"/>
<action no="9" player="09Leo09" type="5" discard="1" dealt="1" sum="60"/>
<action no="10" player="6SP9" type="0" discard="1" dealt="1" sum="0"/>
</round>
</game>
<game gamecode="11536493297"><general><startdate>2025-06-27 08:50:19</startdate>
<round>1</round>
<failsafecounter/>
<players><player seat="3" name="oreiasccp" chips="450" dealer="0" win="0" bet="40" muck="1" rebuy="0" addon="0" merge="0" rebuychips="0" reg_code="8392768722"/>
<player seat="6" name="6SP9" chips="448" dealer="1" win="0" bet="0" muck="1" rebuy="0" addon="0" merge="0" rebuychips="0" reg_code="8392768729"/>
<player seat="10" name="09Leo09" chips="602" dealer="0" win="80" bet="60" muck="1" rebuy="0" addon="0" merge="0" rebuychips="0" reg_code="8392768732"/>
</players>
</general>
<round no="0"><action no="1" player="09Leo09" type="1" discard="1" dealt="1" sum="10"/>
<action no="2" player="oreiasccp" type="2" sum="20"/>
</round>
<round no="1"><cards type="Pocket" player="oreiasccp">S10 S9</cards>
<cards type="Pocket" player="6SP9">X X</cards>
<cards type="Pocket" player="09Leo09">X X</cards>
<action no="3" player="6SP9" type="0" discard="1" dealt="1" sum="0"/>
<action no="4" player="09Leo09" type="23" discard="1" dealt="1" sum="40"/>
<action no="5" player="oreiasccp" type="3" sum="20"/>
</round>
<round no="2"><cards type="Flop">H3 HQ DQ</cards>
<action no="6" player="09Leo09" type="5" discard="1" dealt="1" sum="20"/>
<action no="7" player="oreiasccp" type="0" sum="0"/>
</round>
</game>
<game gamecode="11536493348"><general><startdate>2025-06-27 08:50:34</startdate>
<round>1</round>
<failsafecounter/>
<players><player seat="6" name="6SP9" chips="448" dealer="0" win="0" bet="20" muck="1" rebuy="0" addon="0" merge="0" rebuychips="0" reg_code="8392768729"/>
<player seat="10" name="09Leo09" chips="642" dealer="1" win="0" bet="0" muck="1" rebuy="0" addon="0" merge="0" rebuychips="0" reg_code="8392768732"/>
<player seat="3" name="oreiasccp" chips="410" dealer="0" win="40" bet="40" muck="1" rebuy="0" addon="0" merge="0" rebuychips="0" reg_code="8392768722"/>
</players>
</general>
<round no="0"><action no="1" player="oreiasccp" type="1" sum="10"/>
<action no="2" player="6SP9" type="2" discard="1" dealt="1" sum="20"/>
</round>
<round no="1"><cards type="Pocket" player="6SP9">X X</cards>
<cards type="Pocket" player="09Leo09">X X</cards>
<cards type="Pocket" player="oreiasccp">SK D7</cards>
<action no="3" player="09Leo09" type="0" discard="1" dealt="1" sum="0"/>
<action no="4" player="oreiasccp" type="23" sum="40"/>
<action no="5" player="6SP9" type="0" discard="1" dealt="1" sum="0"/>
</round>
</game>
<game gamecode="11536493386"><general><startdate>2025-06-27 08:50:44</startdate>
<round>1</round>
<failsafecounter/>
<players><player seat="10" name="09Leo09" chips="642" dealer="0" win="0" bet="35" muck="1" rebuy="0" addon="0" merge="0" rebuychips="0" reg_code="8392768732"/>
<player seat="3" name="oreiasccp" chips="430" dealer="1" win="0" bet="5" muck="1" rebuy="0" addon="0" merge="0" rebuychips="0" reg_code="8392768722"/>
<player seat="6" name="6SP9" chips="428" dealer="0" win="75" bet="428" muck="1" rebuy="0" addon="0" merge="0" rebuychips="0" reg_code="8392768729"/>
</players>
</general>
<round no="0"><action no="1" player="6SP9" type="15" discard="1" dealt="1" sum="5"/>
<action no="2" player="09Leo09" type="15" discard="1" dealt="1" sum="5"/>
<action no="3" player="oreiasccp" type="15" sum="5"/>
<action no="4" player="6SP9" type="1" discard="1" dealt="1" sum="15"/>
<action no="5" player="09Leo09" type="2" discard="1" dealt="1" sum="30"/>
</round>
<round no="1"><cards type="Pocket" player="6SP9">X X</cards>
<cards type="Pocket" player="09Leo09">X X</cards>
<cards type="Pocket" player="oreiasccp">SJ D2</cards>
<action no="6" player="oreiasccp" type="0" sum="0"/>
<action no="7" player="6SP9" type="23" discard="1" dealt="1" sum="423"/>
<action no="8" player="09Leo09" type="0" discard="1" dealt="1" sum="0"/>
</round>
</game>
<game gamecode="11536493422"><general><startdate>2025-06-27 08:50:54</startdate>
<round>1</round>
<failsafecounter/>
<players><player seat="3" name="oreiasccp" chips="425" dealer="0" win="0" bet="35" muck="1" rebuy="0" addon="0" merge="0" rebuychips="0" reg_code="8392768722"/>
<player seat="6" name="6SP9" chips="468" dealer="1" win="0" bet="468" muck="0" rebuy="0" addon="0" merge="0" rebuychips="0" reg_code="8392768729"/>
<player seat="10" name="09Leo09" chips="607" dealer="0" win="971" bet="607" muck="0" rebuy="0" addon="0" merge="0" rebuychips="0" reg_code="8392768732"/>
</players>
</general>
<round no="0"><action no="1" player="09Leo09" type="15" discard="1" dealt="1" sum="5"/>
<action no="2" player="oreiasccp" type="15" sum="5"/>
<action no="3" player="6SP9" type="15" discard="1" dealt="1" sum="5"/>
<action no="4" player="09Leo09" type="1" discard="1" dealt="1" sum="15"/>
<action no="5" player="oreiasccp" type="2" sum="30"/>
</round>
<round no="1"><cards type="Pocket" player="oreiasccp">C3 H3</cards>
<cards type="Pocket" player="6SP9">CQ HK</cards>
<cards type="Pocket" player="09Leo09">DA C10</cards>
<action no="6" player="6SP9" type="23" discard="1" dealt="1" sum="463"/>
<action no="7" player="09Leo09" type="7" discard="1" dealt="1" sum="587"/>
<action no="8" player="oreiasccp" type="0" sum="0"/>
</round>
<round no="2"><cards type="Flop">SK SA S9</cards>
</round>
<round no="3"><cards type="Turn">S4</cards>
</round>
<round no="4"><cards type="River">D9</cards>
</round>
</game>
<game gamecode="11536493509"><general><startdate>2025-06-27 08:51:19</startdate>
<round>1</round>
<failsafecounter/>
<players><player seat="3" name="oreiasccp" chips="390" dealer="0" win="70" bet="65" muck="1" rebuy="0" addon="0" merge="0" rebuychips="0" reg_code="8392768722"/>
<player seat="10" name="09Leo09" chips="1,110" dealer="1" win="0" bet="35" muck="1" rebuy="0" addon="0" merge="0" rebuychips="0" reg_code="8392768732"/>
</players>
</general>
<round no="0"><action no="1" player="09Leo09" type="15" discard="1" dealt="1" sum="5"/>
<action no="2" player="oreiasccp" type="15" sum="5"/>
<action no="3" player="09Leo09" type="1" discard="1" dealt="1" sum="15"/>
<action no="4" player="oreiasccp" type="2" sum="30"/>
</round>
<round no="1"><cards type="Pocket" player="oreiasccp">S7 D2</cards>
<cards type="Pocket" player="09Leo09">X X</cards>
<action no="5" player="09Leo09" type="3" discard="1" dealt="1" sum="15"/>
<action no="6" player="oreiasccp" type="4" sum="0"/>
</round>
<round no="2"><cards type="Flop">C4 H3 CJ</cards>
<action no="7" player="oreiasccp" type="4" sum="0"/>
<action no="8" player="09Leo09" type="4" discard="1" dealt="1" sum="0"/>
</round>
<round no="3"><cards type="Turn">HJ</cards>
<action no="9" player="oreiasccp" type="4" sum="0"/>
<action no="10" player="09Leo09" type="4" discard="1" dealt="1" sum="0"/>
</round>
<round no="4"><cards type="River">D7</cards>
<action no="11" player="oreiasccp" type="5" sum="30"/>
<action no="12" player="09Leo09" type="0" discard="1" dealt="1" sum="0"/>
</round>
</game>
<game gamecode="11536493599"><general><startdate>2025-06-27 08:51:42</startdate>
<round>1</round>
<failsafecounter/>
<players><player seat="10" name="09Leo09" chips="1,075" dealer="0" win="40" bet="35" muck="1" rebuy="0" addon="0" merge="0" rebuychips="0" reg_code="8392768732"/>
<player seat="3" name="oreiasccp" chips="425" dealer="1" win="0" bet="20" muck="1" rebuy="0" addon="0" merge="0" rebuychips="0" reg_code="8392768722"/>
</players>
</general>
<round no="0"><action no="1" player="oreiasccp" type="15" sum="5"/>
<action no="2" player="09Leo09" type="15" discard="1" dealt="1" sum="5"/>
<action no="3" player="oreiasccp" type="1" sum="15"/>
<action no="4" player="09Leo09" type="2" discard="1" dealt="1" sum="30"/>
</round>
<round no="1"><cards type="Pocket" player="09Leo09">X X</cards>
<cards type="Pocket" player="oreiasccp">D9 S3</cards>
<action no="5" player="oreiasccp" type="0" sum="0"/>
</round>
</game>
<game gamecode="11536493611"><general><startdate>2025-06-27 08:51:47</startdate>
<round>1</round>
<failsafecounter/>
<players><player seat="3" name="oreiasccp" chips="405" dealer="0" win="70" bet="80" muck="1" rebuy="0" addon="0" merge="0" rebuychips="0" reg_code="8392768722"/>
<player seat="10" name="09Leo09" chips="1,095" dealer="1" win="0" bet="35" muck="1" rebuy="0" addon="0" merge="0" rebuychips="0" reg_code="8392768732"/>
</players>
</general>
<round no="0"><action no="1" player="09Leo09" type="15" discard="1" dealt="1" sum="5"/>
<action no="2" player="oreiasccp" type="15" sum="5"/>
<action no="3" player="09Leo09" type="1" discard="1" dealt="1" sum="15"/>
<action no="4" player="oreiasccp" type="2" sum="30"/>
</round>
<round no="1"><cards type="Pocket" player="09Leo09">X X</cards>
<cards type="Pocket" player="oreiasccp">H10 D10</cards>
<action no="5" player="09Leo09" type="3" discard="1" dealt="1" sum="15"/>
<action no="6" player="oreiasccp" type="23" sum="75"/>
<action no="7" player="09Leo09" type="0" discard="1" dealt="1" sum="0"/>
</round>
</game>
<game gamecode="11536493679"><general><startdate>2025-06-27 08:52:05</startdate>
<round>1</round>
<failsafecounter/>
<players><player seat="10" name="09Leo09" chips="1,060" dealer="0" win="70" bet="1,060" muck="1" rebuy="0" addon="0" merge="0" rebuychips="0" reg_code="8392768732"/>
<player seat="3" name="oreiasccp" chips="440" dealer="1" win="0" bet="35" muck="1" rebuy="0" addon="0" merge="0" rebuychips="0" reg_code="8392768722"/>
</players>
</general>
<round no="0"><action no="1" player="oreiasccp" type="15" sum="5"/>
<action no="2" player="09Leo09" type="15" discard="1" dealt="1" sum="5"/>
<action no="3" player="oreiasccp" type="1" sum="15"/>
<action no="4" player="09Leo09" type="2" discard="1" dealt="1" sum="30"/>
</round>
<round no="1"><cards type="Pocket" player="oreiasccp">C3 C8</cards>
<cards type="Pocket" player="09Leo09">X X</cards>
<action no="5" player="oreiasccp" type="3" sum="15"/>
<action no="6" player="09Leo09" type="23" discard="1" dealt="1" sum="1,055"/>
<action no="7" player="oreiasccp" type="0" sum="0"/>
</round>
</game>
<game gamecode="11536493711"><general><startdate>2025-06-27 08:52:15</startdate>
<round>1</round>
<failsafecounter/>
<players><player seat="3" name="oreiasccp" chips="405" dealer="0" win="0" bet="35" muck="1" rebuy="0" addon="0" merge="0" rebuychips="0" reg_code="8392768722"/>
<player seat="10" name="09Leo09" chips="1,095" dealer="1" win="70" bet="1,095" muck="1" rebuy="0" addon="0" merge="0" rebuychips="0" reg_code="8392768732"/>
</players>
</general>
<round no="0"><action no="1" player="09Leo09" type="15" discard="1" dealt="1" sum="5"/>
<action no="2" player="oreiasccp" type="15" sum="5"/>
<action no="3" player="09Leo09" type="1" discard="1" dealt="1" sum="15"/>
<action no="4" player="oreiasccp" type="2" sum="30"/>
</round>
<round no="1"><cards type="Pocket" player="09Leo09">X X</cards>
<cards type="Pocket" player="oreiasccp">CQ H3</cards>
<action no="5" player="09Leo09" type="23" discard="1" dealt="1" sum="1,090"/>
<action no="6" player="oreiasccp" type="0" sum="0"/>
</round>
</game>
<game gamecode="11536493750"><general><startdate>2025-06-27 08:52:23</startdate>
<round>1</round>
<failsafecounter/>
<players><player seat="10" name="09Leo09" chips="1,130" dealer="0" win="0" bet="35" muck="1" rebuy="0" addon="0" merge="0" rebuychips="0" reg_code="8392768732"/>
<player seat="3" name="oreiasccp" chips="370" dealer="1" win="70" bet="370" muck="1" rebuy="0" addon="0" merge="0" rebuychips="0" reg_code="8392768722"/>
</players>
</general>
<round no="0"><action no="1" player="oreiasccp" type="15" sum="5"/>
<action no="2" player="09Leo09" type="15" discard="1" dealt="1" sum="5"/>
<action no="3" player="oreiasccp" type="1" sum="15"/>
<action no="4" player="09Leo09" type="2" discard="1" dealt="1" sum="30"/>
</round>
<round no="1"><cards type="Pocket" player="09Leo09">X X</cards>
<cards type="Pocket" player="oreiasccp">D4 S4</cards>
<action no="5" player="oreiasccp" type="23" sum="365"/>
<action no="6" player="09Leo09" type="0" discard="1" dealt="1" sum="0"/>
</round>
</game>
<game gamecode="11536493767"><general><startdate>2025-06-27 08:52:31</startdate>
<round>1</round>
<failsafecounter/>
<players><player seat="3" name="oreiasccp" chips="405" dealer="0" win="810" bet="405" muck="0" rebuy="0" addon="0" merge="0" rebuychips="0" reg_code="8392768722"/>
<player seat="10" name="09Leo09" chips="1,095" dealer="1" win="0" bet="405" muck="1" rebuy="0" addon="0" merge="0" rebuychips="0" reg_code="8392768732"/>
</players>
</general>
<round no="0"><action no="1" player="09Leo09" type="15" discard="1" dealt="1" sum="5"/>
<action no="2" player="oreiasccp" type="15" sum="5"/>
<action no="3" player="09Leo09" type="1" discard="1" dealt="1" sum="15"/>
<action no="4" player="oreiasccp" type="2" sum="30"/>
</round>
<round no="1"><cards type="Pocket" player="09Leo09">DQ CQ</cards>
<cards type="Pocket" player="oreiasccp">S5 C5</cards>
<action no="5" player="09Leo09" type="3" discard="1" dealt="1" sum="15"/>
<action no="6" player="oreiasccp" type="23" sum="400"/>
<action no="7" player="09Leo09" type="3" discard="1" dealt="1" sum="370"/>
</round>
<round no="2"><cards type="Flop">HK H9 H5</cards>
</round>
<round no="3"><cards type="Turn">H4</cards>
</round>
<round no="4"><cards type="River">C10</cards>
</round>
</game>
<game gamecode="11536493833"><general><startdate>2025-06-27 08:52:49</startdate>
<round>1</round>
<failsafecounter/>
<players><player seat="10" name="09Leo09" chips="690" dealer="0" win="0" bet="45" muck="1" rebuy="0" addon="0" merge="0" rebuychips="0" reg_code="8392768732"/>
<player seat="3" name="oreiasccp" chips="810" dealer="1" win="90" bet="85" muck="1" rebuy="0" addon="0" merge="0" rebuychips="0" reg_code="8392768722"/>
</players>
</general>
<round no="0"><action no="1" player="oreiasccp" type="15" sum="5"/>
<action no="2" player="09Leo09" type="15" discard="1" dealt="1" sum="5"/>
<action no="3" player="oreiasccp" type="1" sum="20"/>
<action no="4" player="09Leo09" type="2" discard="1" dealt="1" sum="40"/>
</round>
<round no="1"><cards type="Pocket" player="09Leo09">X X</cards>
<cards type="Pocket" player="oreiasccp">CQ D4</cards>
<action no="5" player="oreiasccp" type="23" sum="80"/>
<action no="6" player="09Leo09" type="0" discard="1" dealt="1" sum="0"/>
</round>
</game>
<game gamecode="11536493856"><general><startdate>2025-06-27 08:52:58</startdate>
<round>1</round>
<failsafecounter/>
<players><player seat="3" name="oreiasccp" chips="855" dealer="0" win="0" bet="45" muck="1" rebuy="0" addon="0" merge="0" rebuychips="0" reg_code="8392768722"/>
<player seat="10" name="09Leo09" chips="645" dealer="1" win="90" bet="645" muck="1" rebuy="0" addon="0" merge="0" rebuychips="0" reg_code="8392768732"/>
</players>
</general>
<round no="0"><action no="1" player="09Leo09" type="15" discard="1" dealt="1" sum="5"/>
<action no="2" player="oreiasccp" type="15" sum="5"/>
<action no="3" player="09Leo09" type="1" discard="1" dealt="1" sum="20"/>
<action no="4" player="oreiasccp" type="2" sum="40"/>
</round>
<round no="1"><cards type="Pocket" player="09Leo09">X X</cards>
<cards type="Pocket" player="oreiasccp">H10 HJ</cards>
<action no="5" player="09Leo09" type="23" discard="1" dealt="1" sum="640"/>
<action no="6" player="oreiasccp" type="0" sum="0"/>
</round>
</game>
<game gamecode="11536493877"><general><startdate>2025-06-27 08:53:06</startdate>
<round>1</round>
<failsafecounter/>
<players><player seat="10" name="09Leo09" chips="690" dealer="0" win="0" bet="690" muck="1" rebuy="0" addon="0" merge="0" rebuychips="0" reg_code="8392768732"/>
<player seat="3" name="oreiasccp" chips="810" dealer="1" win="1,380" bet="690" muck="0" rebuy="0" addon="0" merge="0" rebuychips="0" reg_code="8392768722"/>
</players>
</general>
<round no="0"><action no="1" player="oreiasccp" type="15" sum="5"/>
<action no="2" player="09Leo09" type="15" discard="1" dealt="1" sum="5"/>
<action no="3" player="oreiasccp" type="1" sum="20"/>
<action no="4" player="09Leo09" type="2" discard="1" dealt="1" sum="40"/>
</round>
<round no="1"><cards type="Pocket" player="oreiasccp">HJ CJ</cards>
<cards type="Pocket" player="09Leo09">SK D8</cards>
<action no="5" player="oreiasccp" type="23" sum="80"/>
<action no="6" player="09Leo09" type="3" discard="1" dealt="1" sum="40"/>
</round>
<round no="2"><cards type="Flop">C8 D7 S7</cards>
<action no="7" player="09Leo09" type="4" discard="1" dealt="1" sum="0"/>
<action no="8" player="oreiasccp" type="5" sum="40"/>
<action no="9" player="09Leo09" type="3" discard="1" dealt="1" sum="40"/>
</round>
<round no="3"><cards type="Turn">S3</cards>
<action no="10" player="09Leo09" type="4" discard="1" dealt="1" sum="0"/>
<action no="11" player="oreiasccp" type="5" sum="125"/>
<action no="12" player="09Leo09" type="3" discard="1" dealt="1" sum="125"/>
</round>
<round no="4"><cards type="River">C5</cards>
<action no="13" player="09Leo09" type="4" discard="1" dealt="1" sum="0"/>
<action no="14" player="oreiasccp" type="5" sum="440"/>
<action no="15" player="09Leo09" type="7" discard="1" dealt="1" sum="440"/>
</round>
</game>
</session>
