<?xml version="1.0" encoding="UTF-8"?>
<session sessioncode="8392855473">
<general>
<client_version>25.1.1.13</client_version>
<mode>real</mode>
<gametype>Holdem NL</gametype>
<tablename>Twister €5 SNG, 1128655380</tablename>
<tournamentcode>1128655379</tournamentcode>
<tournamentname>Twister €5 SNG</tournamentname>
<buyin>€0 + €0.35 + €4.65</buyin>
<totalbuyin>€5</totalbuyin>
<rewarddrawn>€15</rewarddrawn>
<tournamentcurrency>EUR</tournamentcurrency>
<currency>EUR</currency>
<nickname>oreiasccp</nickname>
<gamecount>6</gamecount>
<startdate>2025-06-27 12:57:32</startdate>
<place>3</place>
<win>€0</win>
<tablesize>3</tablesize>
</general>
<game gamecode="11536697380"><general><startdate>2025-06-27 12:57:47</startdate>
<round>1</round>
<failsafecounter/>
<players><player seat="10" name="Freya761" chips="500" dealer="0" win="0" bet="40" muck="1" rebuy="0" addon="0" merge="0" rebuychips="0" reg_code="8392855502"/>
<player seat="3" name="oreiasccp" chips="500" dealer="1" win="90" bet="63" muck="1" rebuy="0" addon="0" merge="0" rebuychips="0" reg_code="8392855473"/>
<player seat="6" name="Rhai" chips="500" dealer="0" win="0" bet="10" muck="1" rebuy="0" addon="0" merge="0" rebuychips="0" reg_code="8392855499"/>
</players>
</general>
<round no="0"><action no="1" player="Rhai" type="1" discard="1" dealt="1" sum="10"/>
<action no="2" player="Freya761" type="2" discard="1" dealt="1" sum="20"/>
</round>
<round no="1"><cards type="Pocket" player="oreiasccp">HK SA</cards>
<cards type="Pocket" player="Freya761">X X</cards>
<cards type="Pocket" player="Rhai">X X</cards>
<action no="3" player="oreiasccp" type="23" sum="40"/>
<action no="4" player="Rhai" type="0" discard="1" dealt="1" sum="0"/>
<action no="5" player="Freya761" type="3" discard="1" dealt="1" sum="20"/>
</round>
<round no="2"><cards type="Flop">C7 D9 HA</cards>
<action no="6" player="Freya761" type="4" discard="1" dealt="1" sum="0"/>
<action no="7" player="oreiasccp" type="5" sum="23"/>
<action no="8" player="Freya761" type="0" discard="1" dealt="1" sum="0"/>
</round>
</game>
<game gamecode="11536697460"><general><startdate>2025-06-27 12:58:10</startdate>
<round>1</round>
<failsafecounter/>
<players><player seat="3" name="oreiasccp" chips="550" dealer="0" win="0" bet="20" muck="1" rebuy="0" addon="0" merge="0" rebuychips="0" reg_code="8392855473"/>
<player seat="6" name="Rhai" chips="490" dealer="1" win="0" bet="0" muck="1" rebuy="0" addon="0" merge="0" rebuychips="0" reg_code="8392855499"/>
<player seat="10" name="Freya761" chips="460" dealer="0" win="40" bet="60" muck="1" rebuy="0" addon="0" merge="0" rebuychips="0" reg_code="8392855502"/>
</players>
</general>
<round no="0"><action no="1" player="Freya761" type="1" discard="1" dealt="1" sum="10"/>
<action no="2" player="oreiasccp" type="2" sum="20"/>
</round>
<round no="1"><cards type="Pocket" player="Rhai">X X</cards>
<cards type="Pocket" player="oreiasccp">S6 D4</cards>
<cards type="Pocket" player="Freya761">X X</cards>
<action no="3" player="Rhai" type="0" discard="1" dealt="1" sum="0"/>
<action no="4" player="Freya761" type="23" discard="1" dealt="1" sum="60"/>
<action no="5" player="oreiasccp" type="0" sum="0"/>
</round>
</game>
<game gamecode="11536703215"><general><startdate>2025-06-27 12:58:31</startdate>
<round>1</round>
<failsafecounter/>
<players><player seat="6" name="Rhai" chips="490" dealer="0" win="20" bet="20" muck="1" rebuy="0" addon="0" merge="0" rebuychips="0" reg_code="8392855499"/>
<player seat="10" name="Freya761" chips="480" dealer="1" win="0" bet="0" muck="1" rebuy="0" addon="0" merge="0" rebuychips="0" reg_code="8392855502"/>
<player seat="3" name="oreiasccp" chips="530" dealer="0" win="0" bet="10" muck="1" rebuy="0" addon="0" merge="0" rebuychips="0" reg_code="8392855473"/>
</players>
</general>
<round no="0"><action no="1" player="oreiasccp" type="1" sum="10"/>
<action no="2" player="Rhai" type="2" discard="1" dealt="1" sum="20"/>
</round>
<round no="1"><cards type="Pocket" player="Freya761">X X</cards>
<cards type="Pocket" player="Rhai">X X</cards>
<cards type="Pocket" player="oreiasccp">SJ C3</cards>
<action no="3" player="Freya761" type="0" discard="1" dealt="1" sum="0"/>
<action no="4" player="oreiasccp" type="0" sum="0"/>
</round>
</game>
<game gamecode="11536703263"><general><startdate>2025-06-27 12:58:44</startdate>
<round>1</round>
<failsafecounter/>
<players><player seat="10" name="Freya761" chips="480" dealer="0" win="0" bet="20" muck="1" rebuy="0" addon="0" merge="0" rebuychips="0" reg_code="8392855502"/>
<player seat="3" name="oreiasccp" chips="520" dealer="1" win="50" bet="40" muck="1" rebuy="0" addon="0" merge="0" rebuychips="0" reg_code="8392855473"/>
<player seat="6" name="Rhai" chips="500" dealer="0" win="0" bet="10" muck="1" rebuy="0" addon="0" merge="0" rebuychips="0" reg_code="8392855499"/>
</players>
</general>
<round no="0"><action no="1" player="Rhai" type="1" discard="1" dealt="1" sum="10"/>
<action no="2" player="Freya761" type="2" discard="1" dealt="1" sum="20"/>
</round>
<round no="1"><cards type="Pocket" player="oreiasccp">HK DK</cards>
<cards type="Pocket" player="Freya761">X X</cards>
<cards type="Pocket" player="Rhai">X X</cards>
<action no="3" player="oreiasccp" type="23" sum="40"/>
<action no="4" player="Rhai" type="0" discard="1" dealt="1" sum="0"/>
<action no="5" player="Freya761" type="0" discard="1" dealt="1" sum="0"/>
</round>
</game>
<game gamecode="11536703310"><general><startdate>2025-06-27 12:58:57</startdate>
<round>1</round>
<failsafecounter/>
<players><player seat="3" name="oreiasccp" chips="550" dealer="0" win="0" bet="460" muck="1" rebuy="0" addon="0" merge="0" rebuychips="0" reg_code="8392855473"/>
<player seat="6" name="Rhai" chips="490" dealer="1" win="0" bet="0" muck="1" rebuy="0" addon="0" merge="0" rebuychips="0" reg_code="8392855499"/>
<player seat="10" name="Freya761" chips="460" dealer="0" win="920" bet="460" muck="0" rebuy="0" addon="0" merge="0" rebuychips="0" reg_code="8392855502"/>
</players>
</general>
<round no="0"><action no="1" player="Freya761" type="1" discard="1" dealt="1" sum="10"/>
<action no="2" player="oreiasccp" type="2" sum="20"/>
</round>
<round no="1"><cards type="Pocket" player="Rhai">X X</cards>
<cards type="Pocket" player="oreiasccp">D3 CA</cards>
<cards type="Pocket" player="Freya761">S8 S5</cards>
<action no="3" player="Rhai" type="0" discard="1" dealt="1" sum="0"/>
<action no="4" player="Freya761" type="23" discard="1" dealt="1" sum="40"/>
<action no="5" player="oreiasccp" type="3" sum="20"/>
</round>
<round no="2"><cards type="Flop">SA S6 CQ</cards>
<action no="6" player="Freya761" type="5" discard="1" dealt="1" sum="80"/>
<action no="7" player="oreiasccp" type="3" sum="80"/>
</round>
<round no="3"><cards type="Turn">DK</cards>
<action no="8" player="Freya761" type="5" discard="1" dealt="1" sum="340"/>
<action no="9" player="oreiasccp" type="3" sum="340"/>
</round>
<round no="4"><cards type="River">SQ</cards>
</round>
</game>
<game gamecode="11536703448"><general><startdate>2025-06-27 12:59:33</startdate>
<round>1</round>
<failsafecounter/>
<players><player seat="6" name="Rhai" chips="490" dealer="0" win="180" bet="90" muck="0" rebuy="0" addon="0" merge="0" rebuychips="0" reg_code="8392855499"/>
<player seat="10" name="Freya761" chips="920" dealer="1" win="0" bet="0" muck="1" rebuy="0" addon="0" merge="0" rebuychips="0" reg_code="8392855502"/>
<player seat="3" name="oreiasccp" chips="90" dealer="0" win="0" bet="90" muck="0" rebuy="0" addon="0" merge="0" rebuychips="0" reg_code="8392855473"/>
</players>
</general>
<round no="0"><action no="1" player="oreiasccp" type="1" sum="10"/>
<action no="2" player="Rhai" type="2" discard="1" dealt="1" sum="20"/>
</round>
<round no="1"><cards type="Pocket" player="oreiasccp">D6 SA</cards>
<cards type="Pocket" player="Freya761">X X</cards>
<cards type="Pocket" player="Rhai">DA D5</cards>
<action no="3" player="Freya761" type="0" discard="1" dealt="1" sum="0"/>
<action no="4" player="oreiasccp" type="23" sum="90"/>
<action no="5" player="Rhai" type="3" discard="1" dealt="1" sum="70"/>
</round>
<round no="2"><cards type="Flop">C3 S3 H9</cards>
</round>
<round no="3"><cards type="Turn">C5</cards>
</round>
<round no="4"><cards type="River">S10</cards>
</round>
</game>
</session>
