<?xml version="1.0" encoding="UTF-8"?>
<session sessioncode="8392783802">
<general>
<client_version>25.1.1.13</client_version>
<mode>real</mode>
<gametype>Holdem NL</gametype>
<tablename>Twister €5 SNG, 1128646503</tablename>
<tournamentcode>1128646502</tournamentcode>
<tournamentname>Twister €5 SNG</tournamentname>
<buyin>€0 + €0.35 + €4.65</buyin>
<totalbuyin>€5</totalbuyin>
<rewarddrawn>€10</rewarddrawn>
<tournamentcurrency>EUR</tournamentcurrency>
<currency>EUR</currency>
<nickname>oreiasccp</nickname>
<gamecount>4</gamecount>
<startdate>2025-06-27 09:47:43</startdate>
<place>3</place>
<win>€0</win>
<tablesize>3</tablesize>
</general>
<game gamecode="11536529343"><general><startdate>2025-06-27 09:47:58</startdate>
<round>1</round>
<failsafecounter/>
<players><player seat="10" name="FknMoneyMan" chips="500" dealer="0" win="20" bet="20" muck="1" rebuy="0" addon="0" merge="0" rebuychips="0" reg_code="8392783823"/>
<player seat="3" name="Bobbymunk" chips="500" dealer="1" win="0" bet="0" muck="1" rebuy="0" addon="0" merge="0" rebuychips="0" reg_code="8392783786"/>
<player seat="6" name="oreiasccp" chips="500" dealer="0" win="0" bet="10" muck="1" rebuy="0" addon="0" merge="0" rebuychips="0" reg_code="8392783802"/>
</players>
</general>
<round no="0"><action no="1" player="oreiasccp" type="1" sum="10"/>
<action no="2" player="FknMoneyMan" type="2" discard="1" dealt="1" sum="20"/>
</round>
<round no="1"><cards type="Pocket" player="FknMoneyMan">X X</cards>
<cards type="Pocket" player="oreiasccp">SQ D2</cards>
<cards type="Pocket" player="Bobbymunk">X X</cards>
<action no="3" player="Bobbymunk" type="0" discard="1" dealt="1" sum="0"/>
<action no="4" player="oreiasccp" type="0" sum="0"/>
</round>
</game>
<game gamecode="11536529369"><general><startdate>2025-06-27 09:48:06</startdate>
<round>1</round>
<failsafecounter/>
<players><player seat="3" name="Bobbymunk" chips="500" dealer="0" win="40" bet="40" muck="1" rebuy="0" addon="0" merge="0" rebuychips="0" reg_code="8392783786"/>
<player seat="6" name="oreiasccp" chips="490" dealer="1" win="0" bet="0" muck="1" rebuy="0" addon="0" merge="0" rebuychips="0" reg_code="8392783802"/>
<player seat="10" name="FknMoneyMan" chips="510" dealer="0" win="0" bet="20" muck="1" rebuy="0" addon="0" merge="0" rebuychips="0" reg_code="8392783823"/>
</players>
</general>
<round no="0"><action no="1" player="FknMoneyMan" type="1" discard="1" dealt="1" sum="10"/>
<action no="2" player="Bobbymunk" type="2" discard="1" dealt="1" sum="20"/>
</round>
<round no="1"><cards type="Pocket" player="oreiasccp">C6 CJ</cards>
<cards type="Pocket" player="FknMoneyMan">X X</cards>
<cards type="Pocket" player="Bobbymunk">X X</cards>
<action no="3" player="oreiasccp" type="0" sum="0"/>
<action no="4" player="FknMoneyMan" type="3" discard="1" dealt="1" sum="10"/>
<action no="5" player="Bobbymunk" type="4" discard="1" dealt="1" sum="0"/>
</round>
<round no="2"><cards type="Flop">D3 C3 D10</cards>
<action no="6" player="FknMoneyMan" type="4" discard="1" dealt="1" sum="0"/>
<action no="7" player="Bobbymunk" type="4" discard="1" dealt="1" sum="0"/>
</round>
<round no="3"><cards type="Turn">SQ</cards>
<action no="8" player="FknMoneyMan" type="4" discard="1" dealt="1" sum="0"/>
<action no="9" player="Bobbymunk" type="5" discard="1" dealt="1" sum="20"/>
<action no="10" player="FknMoneyMan" type="0" discard="1" dealt="1" sum="0"/>
</round>
</game>
<game gamecode="11536529437"><general><startdate>2025-06-27 09:48:30</startdate>
<round>1</round>
<failsafecounter/>
<players><player seat="6" name="oreiasccp" chips="490" dealer="0" win="0" bet="40" muck="1" rebuy="0" addon="0" merge="0" rebuychips="0" reg_code="8392783802"/>
<player seat="10" name="FknMoneyMan" chips="490" dealer="1" win="0" bet="40" muck="1" rebuy="0" addon="0" merge="0" rebuychips="0" reg_code="8392783823"/>
<player seat="3" name="Bobbymunk" chips="520" dealer="0" win="120" bet="160" muck="1" rebuy="0" addon="0" merge="0" rebuychips="0" reg_code="8392783786"/>
</players>
</general>
<round no="0"><action no="1" player="Bobbymunk" type="1" discard="1" dealt="1" sum="10"/>
<action no="2" player="oreiasccp" type="2" sum="20"/>
</round>
<round no="1"><cards type="Pocket" player="Bobbymunk">X X</cards>
<cards type="Pocket" player="FknMoneyMan">X X</cards>
<cards type="Pocket" player="oreiasccp">CQ H7</cards>
<action no="3" player="FknMoneyMan" type="3" discard="1" dealt="1" sum="20"/>
<action no="4" player="Bobbymunk" type="3" discard="1" dealt="1" sum="10"/>
<action no="5" player="oreiasccp" type="4" sum="0"/>
</round>
<round no="2"><cards type="Flop">SK H5 DQ</cards>
<action no="6" player="Bobbymunk" type="4" discard="1" dealt="1" sum="0"/>
<action no="7" player="oreiasccp" type="4" sum="0"/>
<action no="8" player="FknMoneyMan" type="4" discard="1" dealt="1" sum="0"/>
</round>
<round no="3"><cards type="Turn">S3</cards>
<action no="9" player="Bobbymunk" type="4" discard="1" dealt="1" sum="0"/>
<action no="10" player="oreiasccp" type="5" sum="20"/>
<action no="11" player="FknMoneyMan" type="3" discard="1" dealt="1" sum="20"/>
<action no="12" player="Bobbymunk" type="3" discard="1" dealt="1" sum="20"/>
</round>
<round no="4"><cards type="River">HK</cards>
<action no="13" player="Bobbymunk" type="5" discard="1" dealt="1" sum="120"/>
<action no="14" player="oreiasccp" type="0" sum="0"/>
<action no="15" player="FknMoneyMan" type="0" discard="1" dealt="1" sum="0"/>
</round>
</game>
<game gamecode="11536529571"><general><startdate>2025-06-27 09:49:16</startdate>
<round>1</round>
<failsafecounter/>
<players><player seat="10" name="FknMoneyMan" chips="450" dealer="0" win="0" bet="20" muck="1" rebuy="0" addon="0" merge="0" rebuychips="0" reg_code="8392783823"/>
<player seat="3" name="Bobbymunk" chips="600" dealer="1" win="920" bet="450" muck="0" rebuy="0" addon="0" merge="0" rebuychips="0" reg_code="8392783786"/>
<player seat="6" name="oreiasccp" chips="450" dealer="0" win="0" bet="450" muck="0" rebuy="0" addon="0" merge="0" rebuychips="0" reg_code="8392783802"/>
</players>
</general>
<round no="0"><action no="1" player="oreiasccp" type="1" sum="10"/>
<action no="2" player="FknMoneyMan" type="2" discard="1" dealt="1" sum="20"/>
</round>
<round no="1"><cards type="Pocket" player="FknMoneyMan">X X</cards>
<cards type="Pocket" player="oreiasccp">D9 CA</cards>
<cards type="Pocket" player="Bobbymunk">H4 S4</cards>
<action no="3" player="Bobbymunk" type="23" discard="1" dealt="1" sum="40"/>
<action no="4" player="oreiasccp" type="23" sum="450"/>
<action no="5" player="FknMoneyMan" type="0" discard="1" dealt="1" sum="0"/>
<action no="6" player="Bobbymunk" type="3" discard="1" dealt="1" sum="410"/>
</round>
<round no="2"><cards type="Flop">D3 HK H8</cards>
</round>
<round no="3"><cards type="Turn">C4</cards>
</round>
<round no="4"><cards type="River">C9</cards>
</round>
</game>
</session>
