<?xml version="1.0" encoding="UTF-8"?>
<session sessioncode="8392756836">
<general>
<client_version>25.1.1.13</client_version>
<mode>real</mode>
<gametype>Holdem NL</gametype>
<tablename>Twister €5 SNG, 1128642105</tablename>
<tournamentcode>1128642104</tournamentcode>
<tournamentname>Twister €5 SNG</tournamentname>
<buyin>€0 + €0.35 + €4.65</buyin>
<totalbuyin>€5</totalbuyin>
<rewarddrawn>€10</rewarddrawn>
<tournamentcurrency>EUR</tournamentcurrency>
<currency>EUR</currency>
<nickname>oreiasccp</nickname>
<gamecount>14</gamecount>
<startdate>2025-06-27 07:51:56</startdate>
<place>2</place>
<win>€0</win>
<tablesize>3</tablesize>
</general>
<game gamecode="11536458969"><general><startdate>2025-06-27 07:52:12</startdate>
<round>1</round>
<failsafecounter/>
<players><player seat="3" name="oreiasccp" chips="500" dealer="0" win="0" bet="20" muck="1" rebuy="0" addon="0" merge="0" rebuychips="0" reg_code="8392756836"/>
<player seat="6" name="bugtense149" chips="500" dealer="1" win="0" bet="500" muck="0" rebuy="0" addon="0" merge="0" rebuychips="0" reg_code="8392756843"/>
<player seat="10" name="pedroocaldas" chips="500" dealer="0" win="1,020" bet="500" muck="0" rebuy="0" addon="0" merge="0" rebuychips="0" reg_code="8392756863"/>
</players>
</general>
<round no="0"><action no="1" player="pedroocaldas" type="1" discard="1" dealt="1" sum="10"/>
<action no="2" player="oreiasccp" type="2" sum="20"/>
</round>
<round no="1"><cards type="Pocket" player="oreiasccp">C8 C2</cards>
<cards type="Pocket" player="pedroocaldas">H10 C10</cards>
<cards type="Pocket" player="bugtense149">DQ D2</cards>
<action no="3" player="bugtense149" type="23" discard="1" dealt="1" sum="500"/>
<action no="4" player="pedroocaldas" type="7" discard="1" dealt="1" sum="490"/>
<action no="5" player="oreiasccp" type="0" sum="0"/>
</round>
<round no="2"><cards type="Flop">D8 D9 C6</cards>
</round>
<round no="3"><cards type="Turn">S5</cards>
</round>
<round no="4"><cards type="River">C9</cards>
</round>
</game>
<game gamecode="11536459022"><general><startdate>2025-06-27 07:52:34</startdate>
<round>1</round>
<failsafecounter/>
<players><player seat="3" name="oreiasccp" chips="480" dealer="0" win="0" bet="20" muck="1" rebuy="0" addon="0" merge="0" rebuychips="0" reg_code="8392756836"/>
<player seat="10" name="pedroocaldas" chips="1,020" dealer="1" win="40" bet="40" muck="1" rebuy="0" addon="0" merge="0" rebuychips="0" reg_code="8392756863"/>
</players>
</general>
<round no="0"><action no="1" player="pedroocaldas" type="1" discard="1" dealt="1" sum="10"/>
<action no="2" player="oreiasccp" type="2" sum="20"/>
</round>
<round no="1"><cards type="Pocket" player="oreiasccp">C10 D4</cards>
<cards type="Pocket" player="pedroocaldas">X X</cards>
<action no="3" player="pedroocaldas" type="3" discard="1" dealt="1" sum="10"/>
<action no="4" player="oreiasccp" type="4" sum="0"/>
</round>
<round no="2"><cards type="Flop">CJ SJ HK</cards>
<action no="5" player="oreiasccp" type="4" sum="0"/>
<action no="6" player="pedroocaldas" type="4" discard="1" dealt="1" sum="0"/>
</round>
<round no="3"><cards type="Turn">D5</cards>
<action no="7" player="oreiasccp" type="4" sum="0"/>
<action no="8" player="pedroocaldas" type="5" discard="1" dealt="1" sum="20"/>
<action no="9" player="oreiasccp" type="0" sum="0"/>
</round>
</game>
<game gamecode="11536459092"><general><startdate>2025-06-27 07:52:59</startdate>
<round>1</round>
<failsafecounter/>
<players><player seat="10" name="pedroocaldas" chips="1,040" dealer="0" win="200" bet="100" muck="0" rebuy="0" addon="0" merge="0" rebuychips="0" reg_code="8392756863"/>
<player seat="3" name="oreiasccp" chips="460" dealer="1" win="0" bet="100" muck="1" rebuy="0" addon="0" merge="0" rebuychips="0" reg_code="8392756836"/>
</players>
</general>
<round no="0"><action no="1" player="oreiasccp" type="1" sum="10"/>
<action no="2" player="pedroocaldas" type="2" discard="1" dealt="1" sum="20"/>
</round>
<round no="1"><cards type="Pocket" player="oreiasccp">H4 S8</cards>
<cards type="Pocket" player="pedroocaldas">H8 SA</cards>
<action no="3" player="oreiasccp" type="3" sum="10"/>
<action no="4" player="pedroocaldas" type="4" discard="1" dealt="1" sum="0"/>
</round>
<round no="2"><cards type="Flop">C2 SJ S4</cards>
<action no="5" player="pedroocaldas" type="4" discard="1" dealt="1" sum="0"/>
<action no="6" player="oreiasccp" type="4" sum="0"/>
</round>
<round no="3"><cards type="Turn">D8</cards>
<action no="7" player="pedroocaldas" type="4" discard="1" dealt="1" sum="0"/>
<action no="8" player="oreiasccp" type="5" sum="20"/>
<action no="9" player="pedroocaldas" type="3" discard="1" dealt="1" sum="20"/>
</round>
<round no="4"><cards type="River">HA</cards>
<action no="10" player="pedroocaldas" type="5" discard="1" dealt="1" sum="60"/>
<action no="11" player="oreiasccp" type="3" sum="60"/>
</round>
</game>
<game gamecode="11536459207"><general><startdate>2025-06-27 07:53:44</startdate>
<round>1</round>
<failsafecounter/>
<players><player seat="3" name="oreiasccp" chips="360" dealer="0" win="40" bet="40" muck="0" rebuy="0" addon="0" merge="0" rebuychips="0" reg_code="8392756836"/>
<player seat="10" name="pedroocaldas" chips="1,140" dealer="1" win="40" bet="40" muck="0" rebuy="0" addon="0" merge="0" rebuychips="0" reg_code="8392756863"/>
</players>
</general>
<round no="0"><action no="1" player="pedroocaldas" type="1" discard="1" dealt="1" sum="10"/>
<action no="2" player="oreiasccp" type="2" sum="20"/>
</round>
<round no="1"><cards type="Pocket" player="oreiasccp">H6 SQ</cards>
<cards type="Pocket" player="pedroocaldas">CQ H5</cards>
<action no="3" player="pedroocaldas" type="3" discard="1" dealt="1" sum="10"/>
<action no="4" player="oreiasccp" type="4" sum="0"/>
</round>
<round no="2"><cards type="Flop">S10 DK H9</cards>
<action no="5" player="oreiasccp" type="4" sum="0"/>
<action no="6" player="pedroocaldas" type="5" discard="1" dealt="1" sum="20"/>
<action no="7" player="oreiasccp" type="3" sum="20"/>
</round>
<round no="3"><cards type="Turn">D2</cards>
<action no="8" player="oreiasccp" type="4" sum="0"/>
<action no="9" player="pedroocaldas" type="4" discard="1" dealt="1" sum="0"/>
</round>
<round no="4"><cards type="River">H10</cards>
<action no="10" player="oreiasccp" type="4" sum="0"/>
<action no="11" player="pedroocaldas" type="4" discard="1" dealt="1" sum="0"/>
</round>
</game>
<game gamecode="11536459267"><general><startdate>2025-06-27 07:54:11</startdate>
<round>1</round>
<failsafecounter/>
<players><player seat="10" name="pedroocaldas" chips="1,140" dealer="0" win="40" bet="1,140" muck="1" rebuy="0" addon="0" merge="0" rebuychips="0" reg_code="8392756863"/>
<player seat="3" name="oreiasccp" chips="360" dealer="1" win="0" bet="20" muck="1" rebuy="0" addon="0" merge="0" rebuychips="0" reg_code="8392756836"/>
</players>
</general>
<round no="0"><action no="1" player="oreiasccp" type="1" sum="10"/>
<action no="2" player="pedroocaldas" type="2" discard="1" dealt="1" sum="20"/>
</round>
<round no="1"><cards type="Pocket" player="oreiasccp">D7 D5</cards>
<cards type="Pocket" player="pedroocaldas">X X</cards>
<action no="3" player="oreiasccp" type="3" sum="10"/>
<action no="4" player="pedroocaldas" type="23" discard="1" dealt="1" sum="1,140"/>
<action no="5" player="oreiasccp" type="0" sum="0"/>
</round>
</game>
<game gamecode="11536459294"><general><startdate>2025-06-27 07:54:21</startdate>
<round>1</round>
<failsafecounter/>
<players><player seat="3" name="oreiasccp" chips="340" dealer="0" win="70" bet="340" muck="1" rebuy="0" addon="0" merge="0" rebuychips="0" reg_code="8392756836"/>
<player seat="10" name="pedroocaldas" chips="1,160" dealer="1" win="0" bet="35" muck="1" rebuy="0" addon="0" merge="0" rebuychips="0" reg_code="8392756863"/>
</players>
</general>
<round no="0"><action no="1" player="pedroocaldas" type="15" discard="1" dealt="1" sum="5"/>
<action no="2" player="oreiasccp" type="15" sum="5"/>
<action no="3" player="pedroocaldas" type="1" discard="1" dealt="1" sum="15"/>
<action no="4" player="oreiasccp" type="2" sum="30"/>
</round>
<round no="1"><cards type="Pocket" player="oreiasccp">S9 HK</cards>
<cards type="Pocket" player="pedroocaldas">X X</cards>
<action no="5" player="pedroocaldas" type="3" discard="1" dealt="1" sum="15"/>
<action no="6" player="oreiasccp" type="23" sum="335"/>
<action no="7" player="pedroocaldas" type="0" discard="1" dealt="1" sum="0"/>
</round>
</game>
<game gamecode="11536459363"><general><startdate>2025-06-27 07:54:45</startdate>
<round>1</round>
<failsafecounter/>
<players><player seat="10" name="pedroocaldas" chips="1,125" dealer="0" win="174" bet="177" muck="1" rebuy="0" addon="0" merge="0" rebuychips="0" reg_code="8392756863"/>
<player seat="3" name="oreiasccp" chips="375" dealer="1" win="0" bet="87" muck="1" rebuy="0" addon="0" merge="0" rebuychips="0" reg_code="8392756836"/>
</players>
</general>
<round no="0"><action no="1" player="oreiasccp" type="15" sum="5"/>
<action no="2" player="pedroocaldas" type="15" discard="1" dealt="1" sum="5"/>
<action no="3" player="oreiasccp" type="1" sum="15"/>
<action no="4" player="pedroocaldas" type="2" discard="1" dealt="1" sum="30"/>
</round>
<round no="1"><cards type="Pocket" player="pedroocaldas">X X</cards>
<cards type="Pocket" player="oreiasccp">HJ H2</cards>
<action no="5" player="oreiasccp" type="3" sum="15"/>
<action no="6" player="pedroocaldas" type="4" discard="1" dealt="1" sum="0"/>
</round>
<round no="2"><cards type="Flop">CK D2 CQ</cards>
<action no="7" player="pedroocaldas" type="4" discard="1" dealt="1" sum="0"/>
<action no="8" player="oreiasccp" type="4" sum="0"/>
</round>
<round no="3"><cards type="Turn">S4</cards>
<action no="9" player="pedroocaldas" type="5" discard="1" dealt="1" sum="52"/>
<action no="10" player="oreiasccp" type="3" sum="52"/>
</round>
<round no="4"><cards type="River">S8</cards>
<action no="11" player="pedroocaldas" type="5" discard="1" dealt="1" sum="90"/>
<action no="12" player="oreiasccp" type="0" sum="0"/>
</round>
</game>
<game gamecode="11536459441"><general><startdate>2025-06-27 07:55:19</startdate>
<round>1</round>
<failsafecounter/>
<players><player seat="3" name="oreiasccp" chips="288" dealer="0" win="0" bet="35" muck="1" rebuy="0" addon="0" merge="0" rebuychips="0" reg_code="8392756836"/>
<player seat="10" name="pedroocaldas" chips="1,212" dealer="1" win="70" bet="65" muck="1" rebuy="0" addon="0" merge="0" rebuychips="0" reg_code="8392756863"/>
</players>
</general>
<round no="0"><action no="1" player="pedroocaldas" type="15" discard="1" dealt="1" sum="5"/>
<action no="2" player="oreiasccp" type="15" sum="5"/>
<action no="3" player="pedroocaldas" type="1" discard="1" dealt="1" sum="15"/>
<action no="4" player="oreiasccp" type="2" sum="30"/>
</round>
<round no="1"><cards type="Pocket" player="oreiasccp">D8 H9</cards>
<cards type="Pocket" player="pedroocaldas">X X</cards>
<action no="5" player="pedroocaldas" type="3" discard="1" dealt="1" sum="15"/>
<action no="6" player="oreiasccp" type="4" sum="0"/>
</round>
<round no="2"><cards type="Flop">D4 CA C7</cards>
<action no="7" player="oreiasccp" type="4" sum="0"/>
<action no="8" player="pedroocaldas" type="4" discard="1" dealt="1" sum="0"/>
</round>
<round no="3"><cards type="Turn">D7</cards>
<action no="9" player="oreiasccp" type="4" sum="0"/>
<action no="10" player="pedroocaldas" type="5" discard="1" dealt="1" sum="30"/>
<action no="11" player="oreiasccp" type="0" sum="0"/>
</round>
</game>
<game gamecode="11536459494"><general><startdate>2025-06-27 07:55:42</startdate>
<round>1</round>
<failsafecounter/>
<players><player seat="10" name="pedroocaldas" chips="1,247" dealer="0" win="0" bet="35" muck="1" rebuy="0" addon="0" merge="0" rebuychips="0" reg_code="8392756863"/>
<player seat="3" name="oreiasccp" chips="253" dealer="1" win="70" bet="253" muck="1" rebuy="0" addon="0" merge="0" rebuychips="0" reg_code="8392756836"/>
</players>
</general>
<round no="0"><action no="1" player="oreiasccp" type="15" sum="5"/>
<action no="2" player="pedroocaldas" type="15" discard="1" dealt="1" sum="5"/>
<action no="3" player="oreiasccp" type="1" sum="15"/>
<action no="4" player="pedroocaldas" type="2" discard="1" dealt="1" sum="30"/>
</round>
<round no="1"><cards type="Pocket" player="pedroocaldas">X X</cards>
<cards type="Pocket" player="oreiasccp">H7 SA</cards>
<action no="5" player="oreiasccp" type="23" sum="248"/>
<action no="6" player="pedroocaldas" type="0" discard="1" dealt="1" sum="0"/>
</round>
</game>
<game gamecode="11536459515"><general><startdate>2025-06-27 07:55:49</startdate>
<round>1</round>
<failsafecounter/>
<players><player seat="3" name="oreiasccp" chips="288" dealer="0" win="40" bet="35" muck="1" rebuy="0" addon="0" merge="0" rebuychips="0" reg_code="8392756836"/>
<player seat="10" name="pedroocaldas" chips="1,212" dealer="1" win="0" bet="20" muck="1" rebuy="0" addon="0" merge="0" rebuychips="0" reg_code="8392756863"/>
</players>
</general>
<round no="0"><action no="1" player="pedroocaldas" type="15" discard="1" dealt="1" sum="5"/>
<action no="2" player="oreiasccp" type="15" sum="5"/>
<action no="3" player="pedroocaldas" type="1" discard="1" dealt="1" sum="15"/>
<action no="4" player="oreiasccp" type="2" sum="30"/>
</round>
<round no="1"><cards type="Pocket" player="pedroocaldas">X X</cards>
<cards type="Pocket" player="oreiasccp">H8 C10</cards>
<action no="5" player="pedroocaldas" type="0" discard="1" dealt="1" sum="0"/>
</round>
</game>
<game gamecode="11536459542"><general><startdate>2025-06-27 07:56:04</startdate>
<round>1</round>
<failsafecounter/>
<players><player seat="10" name="pedroocaldas" chips="1,192" dealer="0" win="146" bet="313" muck="1" rebuy="0" addon="0" merge="0" rebuychips="0" reg_code="8392756863"/>
<player seat="3" name="oreiasccp" chips="308" dealer="1" win="0" bet="73" muck="1" rebuy="0" addon="0" merge="0" rebuychips="0" reg_code="8392756836"/>
</players>
</general>
<round no="0"><action no="1" player="oreiasccp" type="15" sum="5"/>
<action no="2" player="pedroocaldas" type="15" discard="1" dealt="1" sum="5"/>
<action no="3" player="oreiasccp" type="1" sum="15"/>
<action no="4" player="pedroocaldas" type="2" discard="1" dealt="1" sum="30"/>
</round>
<round no="1"><cards type="Pocket" player="oreiasccp">C8 S8</cards>
<cards type="Pocket" player="pedroocaldas">X X</cards>
<action no="5" player="oreiasccp" type="3" sum="15"/>
<action no="6" player="pedroocaldas" type="4" discard="1" dealt="1" sum="0"/>
</round>
<round no="2"><cards type="Flop">S3 HA S5</cards>
<action no="7" player="pedroocaldas" type="5" discard="1" dealt="1" sum="38"/>
<action no="8" player="oreiasccp" type="3" sum="38"/>
</round>
<round no="3"><cards type="Turn">D4</cards>
<action no="9" player="pedroocaldas" type="5" discard="1" dealt="1" sum="240"/>
<action no="10" player="oreiasccp" type="0" sum="0"/>
</round>
</game>
<game gamecode="11536459630"><general><startdate>2025-06-27 07:56:43</startdate>
<round>1</round>
<failsafecounter/>
<players><player seat="3" name="oreiasccp" chips="235" dealer="0" win="50" bet="45" muck="1" rebuy="0" addon="0" merge="0" rebuychips="0" reg_code="8392756836"/>
<player seat="10" name="pedroocaldas" chips="1,265" dealer="1" win="0" bet="25" muck="1" rebuy="0" addon="0" merge="0" rebuychips="0" reg_code="8392756863"/>
</players>
</general>
<round no="0"><action no="1" player="pedroocaldas" type="15" discard="1" dealt="1" sum="5"/>
<action no="2" player="oreiasccp" type="15" sum="5"/>
<action no="3" player="pedroocaldas" type="1" discard="1" dealt="1" sum="20"/>
<action no="4" player="oreiasccp" type="2" sum="40"/>
</round>
<round no="1"><cards type="Pocket" player="oreiasccp">S8 D2</cards>
<cards type="Pocket" player="pedroocaldas">X X</cards>
<action no="5" player="pedroocaldas" type="0" discard="1" dealt="1" sum="0"/>
</round>
</game>
<game gamecode="11536463162"><general><startdate>2025-06-27 07:56:50</startdate>
<round>1</round>
<failsafecounter/>
<players><player seat="10" name="pedroocaldas" chips="1,240" dealer="0" win="50" bet="45" muck="1" rebuy="0" addon="0" merge="0" rebuychips="0" reg_code="8392756863"/>
<player seat="3" name="oreiasccp" chips="260" dealer="1" win="0" bet="25" muck="1" rebuy="0" addon="0" merge="0" rebuychips="0" reg_code="8392756836"/>
</players>
</general>
<round no="0"><action no="1" player="oreiasccp" type="15" sum="5"/>
<action no="2" player="pedroocaldas" type="15" discard="1" dealt="1" sum="5"/>
<action no="3" player="oreiasccp" type="1" sum="20"/>
<action no="4" player="pedroocaldas" type="2" discard="1" dealt="1" sum="40"/>
</round>
<round no="1"><cards type="Pocket" player="oreiasccp">D4 C9</cards>
<cards type="Pocket" player="pedroocaldas">X X</cards>
<action no="5" player="oreiasccp" type="0" sum="0"/>
</round>
</game>
<game gamecode="11536463183"><general><startdate>2025-06-27 07:56:56</startdate>
<round>1</round>
<failsafecounter/>
<players><player seat="3" name="oreiasccp" chips="235" dealer="0" win="0" bet="235" muck="0" rebuy="0" addon="0" merge="0" rebuychips="0" reg_code="8392756836"/>
<player seat="10" name="pedroocaldas" chips="1,265" dealer="1" win="470" bet="1,265" muck="0" rebuy="0" addon="0" merge="0" rebuychips="0" reg_code="8392756863"/>
</players>
</general>
<round no="0"><action no="1" player="pedroocaldas" type="15" discard="1" dealt="1" sum="5"/>
<action no="2" player="oreiasccp" type="15" sum="5"/>
<action no="3" player="pedroocaldas" type="1" discard="1" dealt="1" sum="20"/>
<action no="4" player="oreiasccp" type="2" sum="40"/>
</round>
<round no="1"><cards type="Pocket" player="oreiasccp">CQ CJ</cards>
<cards type="Pocket" player="pedroocaldas">S9 S7</cards>
<action no="5" player="pedroocaldas" type="23" discard="1" dealt="1" sum="1,260"/>
<action no="6" player="oreiasccp" type="7" sum="190"/>
</round>
<round no="2"><cards type="Flop">C7 H3 S6</cards>
</round>
<round no="3"><cards type="Turn">DK</cards>
</round>
<round no="4"><cards type="River">C8</cards>
</round>
</game>
</session>
