<?xml version="1.0" encoding="UTF-8"?>
<session sessioncode="8392875479">
<general>
<client_version>25.1.1.13</client_version>
<mode>real</mode>
<gametype>Holdem NL</gametype>
<tablename>Twister €5 SNG, 1128657661</tablename>
<tournamentcode>1128657659</tournamentcode>
<tournamentname>Twister €5 SNG</tournamentname>
<buyin>€0 + €0.35 + €4.65</buyin>
<totalbuyin>€5</totalbuyin>
<rewarddrawn>€25</rewarddrawn>
<tournamentcurrency>EUR</tournamentcurrency>
<currency>EUR</currency>
<nickname>oreiasccp</nickname>
<gamecount>18</gamecount>
<startdate>2025-06-27 13:43:46</startdate>
<place>1</place>
<win>€25</win>
<tablesize>3</tablesize>
</general>
<game gamecode="11536749426"><general><startdate>2025-06-27 13:44:01</startdate>
<round>1</round>
<failsafecounter/>
<players><player seat="6" name="oreiasccp" chips="500" dealer="0" win="0" bet="99" muck="1" rebuy="0" addon="0" merge="0" rebuychips="0" reg_code="8392875479"/>
<player seat="10" name="MentalGame1" chips="500" dealer="1" win="0" bet="0" muck="1" rebuy="0" addon="0" merge="0" rebuychips="0" reg_code="8392875520"/>
<player seat="3" name="TooManyTables" chips="500" dealer="0" win="198" bet="207" muck="1" rebuy="0" addon="0" merge="0" rebuychips="0" reg_code="8392875425"/>
</players>
</general>
<round no="0"><action no="1" player="TooManyTables" type="1" discard="1" dealt="1" sum="10"/>
<action no="2" player="oreiasccp" type="2" sum="20"/>
</round>
<round no="1"><cards type="Pocket" player="MentalGame1">X X</cards>
<cards type="Pocket" player="TooManyTables">X X</cards>
<cards type="Pocket" player="oreiasccp">D7 C6</cards>
<action no="3" player="MentalGame1" type="0" discard="1" dealt="1" sum="0"/>
<action no="4" player="TooManyTables" type="23" discard="1" dealt="1" sum="60"/>
<action no="5" player="oreiasccp" type="3" sum="40"/>
</round>
<round no="2"><cards type="Flop">CA S3 D6</cards>
<action no="6" player="TooManyTables" type="5" discard="1" dealt="1" sum="39"/>
<action no="7" player="oreiasccp" type="3" sum="39"/>
</round>
<round no="3"><cards type="Turn">HJ</cards>
<action no="8" player="TooManyTables" type="4" discard="1" dealt="1" sum="0"/>
<action no="9" player="oreiasccp" type="4" sum="0"/>
</round>
<round no="4"><cards type="River">SQ</cards>
<action no="10" player="TooManyTables" type="5" discard="1" dealt="1" sum="108"/>
<action no="11" player="oreiasccp" type="0" sum="0"/>
</round>
</game>
<game gamecode="11536749649"><general><startdate>2025-06-27 13:44:47</startdate>
<round>1</round>
<failsafecounter/>
<players><player seat="10" name="MentalGame1" chips="500" dealer="0" win="0" bet="100" muck="1" rebuy="0" addon="0" merge="0" rebuychips="0" reg_code="8392875520"/>
<player seat="3" name="TooManyTables" chips="599" dealer="1" win="210" bet="100" muck="0" rebuy="0" addon="0" merge="0" rebuychips="0" reg_code="8392875425"/>
<player seat="6" name="oreiasccp" chips="401" dealer="0" win="0" bet="10" muck="1" rebuy="0" addon="0" merge="0" rebuychips="0" reg_code="8392875479"/>
</players>
</general>
<round no="0"><action no="1" player="oreiasccp" type="1" sum="10"/>
<action no="2" player="MentalGame1" type="2" discard="1" dealt="1" sum="20"/>
</round>
<round no="1"><cards type="Pocket" player="oreiasccp">S2 C3</cards>
<cards type="Pocket" player="MentalGame1">C8 C7</cards>
<cards type="Pocket" player="TooManyTables">D3 DA</cards>
<action no="3" player="TooManyTables" type="23" discard="1" dealt="1" sum="40"/>
<action no="4" player="oreiasccp" type="0" sum="0"/>
<action no="5" player="MentalGame1" type="3" discard="1" dealt="1" sum="20"/>
</round>
<round no="2"><cards type="Flop">SJ S8 HA</cards>
<action no="6" player="MentalGame1" type="4" discard="1" dealt="1" sum="0"/>
<action no="7" player="TooManyTables" type="5" discard="1" dealt="1" sum="60"/>
<action no="8" player="MentalGame1" type="3" discard="1" dealt="1" sum="60"/>
</round>
<round no="3"><cards type="Turn">SK</cards>
<action no="9" player="MentalGame1" type="4" discard="1" dealt="1" sum="0"/>
<action no="10" player="TooManyTables" type="4" discard="1" dealt="1" sum="0"/>
</round>
<round no="4"><cards type="River">HQ</cards>
<action no="11" player="MentalGame1" type="4" discard="1" dealt="1" sum="0"/>
<action no="12" player="TooManyTables" type="4" discard="1" dealt="1" sum="0"/>
</round>
</game>
<game gamecode="11536749832"><general><startdate>2025-06-27 13:45:27</startdate>
<round>1</round>
<failsafecounter/>
<players><player seat="3" name="TooManyTables" chips="709" dealer="0" win="0" bet="40" muck="1" rebuy="0" addon="0" merge="0" rebuychips="0" reg_code="8392875425"/>
<player seat="6" name="oreiasccp" chips="391" dealer="1" win="120" bet="70" muck="1" rebuy="0" addon="0" merge="0" rebuychips="0" reg_code="8392875479"/>
<player seat="10" name="MentalGame1" chips="400" dealer="0" win="0" bet="40" muck="1" rebuy="0" addon="0" merge="0" rebuychips="0" reg_code="8392875520"/>
</players>
</general>
<round no="0"><action no="1" player="MentalGame1" type="1" discard="1" dealt="1" sum="10"/>
<action no="2" player="TooManyTables" type="2" discard="1" dealt="1" sum="20"/>
</round>
<round no="1"><cards type="Pocket" player="MentalGame1">X X</cards>
<cards type="Pocket" player="TooManyTables">X X</cards>
<cards type="Pocket" player="oreiasccp">HK H5</cards>
<action no="3" player="oreiasccp" type="23" sum="40"/>
<action no="4" player="MentalGame1" type="3" discard="1" dealt="1" sum="30"/>
<action no="5" player="TooManyTables" type="3" discard="1" dealt="1" sum="20"/>
</round>
<round no="2"><cards type="Flop">HQ C8 CK</cards>
<action no="6" player="MentalGame1" type="4" discard="1" dealt="1" sum="0"/>
<action no="7" player="TooManyTables" type="4" discard="1" dealt="1" sum="0"/>
<action no="8" player="oreiasccp" type="5" sum="30"/>
<action no="9" player="MentalGame1" type="0" discard="1" dealt="1" sum="0"/>
<action no="10" player="TooManyTables" type="0" discard="1" dealt="1" sum="0"/>
</round>
</game>
<game gamecode="11536750016"><general><startdate>2025-06-27 13:46:04</startdate>
<round>1</round>
<failsafecounter/>
<players><player seat="6" name="oreiasccp" chips="471" dealer="0" win="0" bet="35" muck="1" rebuy="0" addon="0" merge="0" rebuychips="0" reg_code="8392875479"/>
<player seat="10" name="MentalGame1" chips="360" dealer="1" win="90" bet="80" muck="1" rebuy="0" addon="0" merge="0" rebuychips="0" reg_code="8392875520"/>
<player seat="3" name="TooManyTables" chips="669" dealer="0" win="0" bet="20" muck="1" rebuy="0" addon="0" merge="0" rebuychips="0" reg_code="8392875425"/>
</players>
</general>
<round no="0"><action no="1" player="TooManyTables" type="15" discard="1" dealt="1" sum="5"/>
<action no="2" player="oreiasccp" type="15" sum="5"/>
<action no="3" player="MentalGame1" type="15" discard="1" dealt="1" sum="5"/>
<action no="4" player="TooManyTables" type="1" discard="1" dealt="1" sum="15"/>
<action no="5" player="oreiasccp" type="2" sum="30"/>
</round>
<round no="1"><cards type="Pocket" player="TooManyTables">X X</cards>
<cards type="Pocket" player="oreiasccp">CK H2</cards>
<cards type="Pocket" player="MentalGame1">X X</cards>
<action no="6" player="MentalGame1" type="23" discard="1" dealt="1" sum="75"/>
<action no="7" player="TooManyTables" type="0" discard="1" dealt="1" sum="0"/>
<action no="8" player="oreiasccp" type="0" sum="0"/>
</round>
</game>
<game gamecode="11536750078"><general><startdate>2025-06-27 13:46:18</startdate>
<round>1</round>
<failsafecounter/>
<players><player seat="10" name="MentalGame1" chips="415" dealer="0" win="0" bet="223" muck="1" rebuy="0" addon="0" merge="0" rebuychips="0" reg_code="8392875520"/>
<player seat="3" name="TooManyTables" chips="649" dealer="1" win="0" bet="5" muck="1" rebuy="0" addon="0" merge="0" rebuychips="0" reg_code="8392875425"/>
<player seat="6" name="oreiasccp" chips="436" dealer="0" win="451" bet="223" muck="0" rebuy="0" addon="0" merge="0" rebuychips="0" reg_code="8392875479"/>
</players>
</general>
<round no="0"><action no="1" player="oreiasccp" type="15" sum="5"/>
<action no="2" player="MentalGame1" type="15" discard="1" dealt="1" sum="5"/>
<action no="3" player="TooManyTables" type="15" discard="1" dealt="1" sum="5"/>
<action no="4" player="oreiasccp" type="1" sum="15"/>
<action no="5" player="MentalGame1" type="2" discard="1" dealt="1" sum="30"/>
</round>
<round no="1"><cards type="Pocket" player="MentalGame1">SQ C10</cards>
<cards type="Pocket" player="TooManyTables">X X</cards>
<cards type="Pocket" player="oreiasccp">CJ CQ</cards>
<action no="6" player="TooManyTables" type="0" discard="1" dealt="1" sum="0"/>
<action no="7" player="oreiasccp" type="23" sum="60"/>
<action no="8" player="MentalGame1" type="3" discard="1" dealt="1" sum="30"/>
</round>
<round no="2"><cards type="Flop">H7 S2 C5</cards>
<action no="9" player="oreiasccp" type="5" sum="68"/>
<action no="10" player="MentalGame1" type="3" discard="1" dealt="1" sum="68"/>
</round>
<round no="3"><cards type="Turn">DA</cards>
<action no="11" player="oreiasccp" type="4" sum="0"/>
<action no="12" player="MentalGame1" type="4" discard="1" dealt="1" sum="0"/>
</round>
<round no="4"><cards type="River">HQ</cards>
<action no="13" player="oreiasccp" type="5" sum="90"/>
<action no="14" player="MentalGame1" type="3" discard="1" dealt="1" sum="90"/>
</round>
</game>
<game gamecode="11536750236"><general><startdate>2025-06-27 13:46:50</startdate>
<round>1</round>
<failsafecounter/>
<players><player seat="3" name="TooManyTables" chips="644" dealer="0" win="45" bet="35" muck="1" rebuy="0" addon="0" merge="0" rebuychips="0" reg_code="8392875425"/>
<player seat="6" name="oreiasccp" chips="664" dealer="1" win="0" bet="5" muck="1" rebuy="0" addon="0" merge="0" rebuychips="0" reg_code="8392875479"/>
<player seat="10" name="MentalGame1" chips="192" dealer="0" win="0" bet="20" muck="1" rebuy="0" addon="0" merge="0" rebuychips="0" reg_code="8392875520"/>
</players>
</general>
<round no="0"><action no="1" player="MentalGame1" type="15" discard="1" dealt="1" sum="5"/>
<action no="2" player="TooManyTables" type="15" discard="1" dealt="1" sum="5"/>
<action no="3" player="oreiasccp" type="15" sum="5"/>
<action no="4" player="MentalGame1" type="1" discard="1" dealt="1" sum="15"/>
<action no="5" player="TooManyTables" type="2" discard="1" dealt="1" sum="30"/>
</round>
<round no="1"><cards type="Pocket" player="MentalGame1">X X</cards>
<cards type="Pocket" player="oreiasccp">C6 C2</cards>
<cards type="Pocket" player="TooManyTables">X X</cards>
<action no="6" player="oreiasccp" type="0" sum="0"/>
<action no="7" player="MentalGame1" type="0" discard="1" dealt="1" sum="0"/>
</round>
</game>
<game gamecode="11536750288"><general><startdate>2025-06-27 13:47:00</startdate>
<round>1</round>
<failsafecounter/>
<players><player seat="6" name="oreiasccp" chips="659" dealer="0" win="0" bet="35" muck="1" rebuy="0" addon="0" merge="0" rebuychips="0" reg_code="8392875479"/>
<player seat="10" name="MentalGame1" chips="172" dealer="1" win="90" bet="172" muck="1" rebuy="0" addon="0" merge="0" rebuychips="0" reg_code="8392875520"/>
<player seat="3" name="TooManyTables" chips="669" dealer="0" win="0" bet="20" muck="1" rebuy="0" addon="0" merge="0" rebuychips="0" reg_code="8392875425"/>
</players>
</general>
<round no="0"><action no="1" player="TooManyTables" type="15" discard="1" dealt="1" sum="5"/>
<action no="2" player="oreiasccp" type="15" sum="5"/>
<action no="3" player="MentalGame1" type="15" discard="1" dealt="1" sum="5"/>
<action no="4" player="TooManyTables" type="1" discard="1" dealt="1" sum="15"/>
<action no="5" player="oreiasccp" type="2" sum="30"/>
</round>
<round no="1"><cards type="Pocket" player="oreiasccp">D2 DQ</cards>
<cards type="Pocket" player="TooManyTables">X X</cards>
<cards type="Pocket" player="MentalGame1">X X</cards>
<action no="6" player="MentalGame1" type="23" discard="1" dealt="1" sum="167"/>
<action no="7" player="TooManyTables" type="0" discard="1" dealt="1" sum="0"/>
<action no="8" player="oreiasccp" type="0" sum="0"/>
</round>
</game>
<game gamecode="11536750335"><general><startdate>2025-06-27 13:47:11</startdate>
<round>1</round>
<failsafecounter/>
<players><player seat="10" name="MentalGame1" chips="227" dealer="0" win="0" bet="35" muck="1" rebuy="0" addon="0" merge="0" rebuychips="0" reg_code="8392875520"/>
<player seat="3" name="TooManyTables" chips="649" dealer="1" win="90" bet="65" muck="1" rebuy="0" addon="0" merge="0" rebuychips="0" reg_code="8392875425"/>
<player seat="6" name="oreiasccp" chips="624" dealer="0" win="0" bet="20" muck="1" rebuy="0" addon="0" merge="0" rebuychips="0" reg_code="8392875479"/>
</players>
</general>
<round no="0"><action no="1" player="oreiasccp" type="15" sum="5"/>
<action no="2" player="MentalGame1" type="15" discard="1" dealt="1" sum="5"/>
<action no="3" player="TooManyTables" type="15" discard="1" dealt="1" sum="5"/>
<action no="4" player="oreiasccp" type="1" sum="15"/>
<action no="5" player="MentalGame1" type="2" discard="1" dealt="1" sum="30"/>
</round>
<round no="1"><cards type="Pocket" player="oreiasccp">DQ S3</cards>
<cards type="Pocket" player="MentalGame1">X X</cards>
<cards type="Pocket" player="TooManyTables">X X</cards>
<action no="6" player="TooManyTables" type="23" discard="1" dealt="1" sum="60"/>
<action no="7" player="oreiasccp" type="0" sum="0"/>
<action no="8" player="MentalGame1" type="0" discard="1" dealt="1" sum="0"/>
</round>
</game>
<game gamecode="11536750385"><general><startdate>2025-06-27 13:47:23</startdate>
<round>1</round>
<failsafecounter/>
<players><player seat="3" name="TooManyTables" chips="704" dealer="0" win="270" bet="125" muck="0" rebuy="0" addon="0" merge="0" rebuychips="0" reg_code="8392875425"/>
<player seat="6" name="oreiasccp" chips="604" dealer="1" win="0" bet="125" muck="1" rebuy="0" addon="0" merge="0" rebuychips="0" reg_code="8392875479"/>
<player seat="10" name="MentalGame1" chips="192" dealer="0" win="0" bet="20" muck="1" rebuy="0" addon="0" merge="0" rebuychips="0" reg_code="8392875520"/>
</players>
</general>
<round no="0"><action no="1" player="MentalGame1" type="15" discard="1" dealt="1" sum="5"/>
<action no="2" player="TooManyTables" type="15" discard="1" dealt="1" sum="5"/>
<action no="3" player="oreiasccp" type="15" sum="5"/>
<action no="4" player="MentalGame1" type="1" discard="1" dealt="1" sum="15"/>
<action no="5" player="TooManyTables" type="2" discard="1" dealt="1" sum="30"/>
</round>
<round no="1"><cards type="Pocket" player="MentalGame1">X X</cards>
<cards type="Pocket" player="oreiasccp">SK S8</cards>
<cards type="Pocket" player="TooManyTables">C3 C7</cards>
<action no="6" player="oreiasccp" type="23" sum="60"/>
<action no="7" player="MentalGame1" type="0" discard="1" dealt="1" sum="0"/>
<action no="8" player="TooManyTables" type="3" discard="1" dealt="1" sum="30"/>
</round>
<round no="2"><cards type="Flop">D8 C10 C9</cards>
<action no="9" player="TooManyTables" type="4" discard="1" dealt="1" sum="0"/>
<action no="10" player="oreiasccp" type="4" sum="0"/>
</round>
<round no="3"><cards type="Turn">D9</cards>
<action no="11" player="TooManyTables" type="4" discard="1" dealt="1" sum="0"/>
<action no="12" player="oreiasccp" type="5" sum="60"/>
<action no="13" player="TooManyTables" type="3" discard="1" dealt="1" sum="60"/>
</round>
<round no="4"><cards type="River">C6</cards>
<action no="14" player="TooManyTables" type="4" discard="1" dealt="1" sum="0"/>
<action no="15" player="oreiasccp" type="4" sum="0"/>
</round>
</game>
<game gamecode="11536750532"><general><startdate>2025-06-27 13:47:55</startdate>
<round>1</round>
<failsafecounter/>
<players><player seat="6" name="oreiasccp" chips="479" dealer="0" win="0" bet="35" muck="1" rebuy="0" addon="0" merge="0" rebuychips="0" reg_code="8392875479"/>
<player seat="10" name="MentalGame1" chips="172" dealer="1" win="90" bet="172" muck="1" rebuy="0" addon="0" merge="0" rebuychips="0" reg_code="8392875520"/>
<player seat="3" name="TooManyTables" chips="849" dealer="0" win="0" bet="20" muck="1" rebuy="0" addon="0" merge="0" rebuychips="0" reg_code="8392875425"/>
</players>
</general>
<round no="0"><action no="1" player="TooManyTables" type="15" discard="1" dealt="1" sum="5"/>
<action no="2" player="oreiasccp" type="15" sum="5"/>
<action no="3" player="MentalGame1" type="15" discard="1" dealt="1" sum="5"/>
<action no="4" player="TooManyTables" type="1" discard="1" dealt="1" sum="15"/>
<action no="5" player="oreiasccp" type="2" sum="30"/>
</round>
<round no="1"><cards type="Pocket" player="TooManyTables">X X</cards>
<cards type="Pocket" player="oreiasccp">C8 S3</cards>
<cards type="Pocket" player="MentalGame1">X X</cards>
<action no="6" player="MentalGame1" type="23" discard="1" dealt="1" sum="167"/>
<action no="7" player="TooManyTables" type="0" discard="1" dealt="1" sum="0"/>
<action no="8" player="oreiasccp" type="0" sum="0"/>
</round>
</game>
<game gamecode="11536750587"><general><startdate>2025-06-27 13:48:07</startdate>
<round>1</round>
<failsafecounter/>
<players><player seat="10" name="MentalGame1" chips="227" dealer="0" win="0" bet="45" muck="1" rebuy="0" addon="0" merge="0" rebuychips="0" reg_code="8392875520"/>
<player seat="3" name="TooManyTables" chips="829" dealer="1" win="115" bet="85" muck="1" rebuy="0" addon="0" merge="0" rebuychips="0" reg_code="8392875425"/>
<player seat="6" name="oreiasccp" chips="444" dealer="0" win="0" bet="25" muck="1" rebuy="0" addon="0" merge="0" rebuychips="0" reg_code="8392875479"/>
</players>
</general>
<round no="0"><action no="1" player="oreiasccp" type="15" sum="5"/>
<action no="2" player="MentalGame1" type="15" discard="1" dealt="1" sum="5"/>
<action no="3" player="TooManyTables" type="15" discard="1" dealt="1" sum="5"/>
<action no="4" player="oreiasccp" type="1" sum="20"/>
<action no="5" player="MentalGame1" type="2" discard="1" dealt="1" sum="40"/>
</round>
<round no="1"><cards type="Pocket" player="MentalGame1">X X</cards>
<cards type="Pocket" player="oreiasccp">D7 HQ</cards>
<cards type="Pocket" player="TooManyTables">X X</cards>
<action no="6" player="TooManyTables" type="23" discard="1" dealt="1" sum="80"/>
<action no="7" player="oreiasccp" type="0" sum="0"/>
<action no="8" player="MentalGame1" type="0" discard="1" dealt="1" sum="0"/>
</round>
</game>
<game gamecode="11536756560"><general><startdate>2025-06-27 13:48:21</startdate>
<round>1</round>
<failsafecounter/>
<players><player seat="3" name="TooManyTables" chips="899" dealer="0" win="0" bet="45" muck="1" rebuy="0" addon="0" merge="0" rebuychips="0" reg_code="8392875425"/>
<player seat="6" name="oreiasccp" chips="419" dealer="1" win="409" bet="419" muck="0" rebuy="0" addon="0" merge="0" rebuychips="0" reg_code="8392875479"/>
<player seat="10" name="MentalGame1" chips="182" dealer="0" win="0" bet="182" muck="1" rebuy="0" addon="0" merge="0" rebuychips="0" reg_code="8392875520"/>
</players>
</general>
<round no="0"><action no="1" player="MentalGame1" type="15" discard="1" dealt="1" sum="5"/>
<action no="2" player="TooManyTables" type="15" discard="1" dealt="1" sum="5"/>
<action no="3" player="oreiasccp" type="15" sum="5"/>
<action no="4" player="MentalGame1" type="1" discard="1" dealt="1" sum="20"/>
<action no="5" player="TooManyTables" type="2" discard="1" dealt="1" sum="40"/>
</round>
<round no="1"><cards type="Pocket" player="MentalGame1">S9 H9</cards>
<cards type="Pocket" player="TooManyTables">X X</cards>
<cards type="Pocket" player="oreiasccp">D3 DA</cards>
<action no="6" player="oreiasccp" type="23" sum="414"/>
<action no="7" player="MentalGame1" type="7" discard="1" dealt="1" sum="157"/>
<action no="8" player="TooManyTables" type="0" discard="1" dealt="1" sum="0"/>
</round>
<round no="2"><cards type="Flop">C9 C5 SQ</cards>
</round>
<round no="3"><cards type="Turn">C4</cards>
</round>
<round no="4"><cards type="River">H2</cards>
</round>
</game>
<game gamecode="11536756654"><general><startdate>2025-06-27 13:48:40</startdate>
<round>1</round>
<failsafecounter/>
<players><player seat="6" name="oreiasccp" chips="646" dealer="0" win="170" bet="170" muck="1" rebuy="0" addon="0" merge="0" rebuychips="0" reg_code="8392875479"/>
<player seat="3" name="TooManyTables" chips="854" dealer="1" win="0" bet="85" muck="1" rebuy="0" addon="0" merge="0" rebuychips="0" reg_code="8392875425"/>
</players>
</general>
<round no="0"><action no="1" player="TooManyTables" type="15" discard="1" dealt="1" sum="5"/>
<action no="2" player="oreiasccp" type="15" sum="5"/>
<action no="3" player="TooManyTables" type="1" discard="1" dealt="1" sum="20"/>
<action no="4" player="oreiasccp" type="2" sum="40"/>
</round>
<round no="1"><cards type="Pocket" player="oreiasccp">H4 H7</cards>
<cards type="Pocket" player="TooManyTables">X X</cards>
<action no="5" player="TooManyTables" type="23" discard="1" dealt="1" sum="80"/>
<action no="6" player="oreiasccp" type="3" sum="40"/>
</round>
<round no="2"><cards type="Flop">C5 S3 CJ</cards>
<action no="7" player="oreiasccp" type="4" sum="0"/>
<action no="8" player="TooManyTables" type="4" discard="1" dealt="1" sum="0"/>
</round>
<round no="3"><cards type="Turn">S9</cards>
<action no="9" player="oreiasccp" type="5" sum="85"/>
<action no="10" player="TooManyTables" type="0" discard="1" dealt="1" sum="0"/>
</round>
</game>
<game gamecode="11536756757"><general><startdate>2025-06-27 13:49:03</startdate>
<round>1</round>
<failsafecounter/>
<players><player seat="3" name="TooManyTables" chips="769" dealer="0" win="0" bet="85" muck="1" rebuy="0" addon="0" merge="0" rebuychips="0" reg_code="8392875425"/>
<player seat="6" name="oreiasccp" chips="731" dealer="1" win="170" bet="125" muck="1" rebuy="0" addon="0" merge="0" rebuychips="0" reg_code="8392875479"/>
</players>
</general>
<round no="0"><action no="1" player="oreiasccp" type="15" sum="5"/>
<action no="2" player="TooManyTables" type="15" discard="1" dealt="1" sum="5"/>
<action no="3" player="oreiasccp" type="1" sum="20"/>
<action no="4" player="TooManyTables" type="2" discard="1" dealt="1" sum="40"/>
</round>
<round no="1"><cards type="Pocket" player="oreiasccp">D4 DJ</cards>
<cards type="Pocket" player="TooManyTables">X X</cards>
<action no="5" player="oreiasccp" type="23" sum="80"/>
<action no="6" player="TooManyTables" type="3" discard="1" dealt="1" sum="40"/>
</round>
<round no="2"><cards type="Flop">H3 S8 SK</cards>
<action no="7" player="TooManyTables" type="4" discard="1" dealt="1" sum="0"/>
<action no="8" player="oreiasccp" type="5" sum="40"/>
<action no="9" player="TooManyTables" type="0" discard="1" dealt="1" sum="0"/>
</round>
</game>
<game gamecode="11536756860"><general><startdate>2025-06-27 13:49:25</startdate>
<round>1</round>
<failsafecounter/>
<players><player seat="6" name="oreiasccp" chips="816" dealer="0" win="90" bet="684" muck="1" rebuy="0" addon="0" merge="0" rebuychips="0" reg_code="8392875479"/>
<player seat="3" name="TooManyTables" chips="684" dealer="1" win="0" bet="45" muck="1" rebuy="0" addon="0" merge="0" rebuychips="0" reg_code="8392875425"/>
</players>
</general>
<round no="0"><action no="1" player="TooManyTables" type="15" discard="1" dealt="1" sum="5"/>
<action no="2" player="oreiasccp" type="15" sum="5"/>
<action no="3" player="TooManyTables" type="1" discard="1" dealt="1" sum="20"/>
<action no="4" player="oreiasccp" type="2" sum="40"/>
</round>
<round no="1"><cards type="Pocket" player="TooManyTables">X X</cards>
<cards type="Pocket" player="oreiasccp">H9 DA</cards>
<action no="5" player="TooManyTables" type="3" discard="1" dealt="1" sum="20"/>
<action no="6" player="oreiasccp" type="23" sum="679"/>
<action no="7" player="TooManyTables" type="0" discard="1" dealt="1" sum="0"/>
</round>
</game>
<game gamecode="11536756914"><general><startdate>2025-06-27 13:49:36</startdate>
<round>1</round>
<failsafecounter/>
<players><player seat="3" name="TooManyTables" chips="639" dealer="0" win="0" bet="169" muck="1" rebuy="0" addon="0" merge="0" rebuychips="0" reg_code="8392875425"/>
<player seat="6" name="oreiasccp" chips="861" dealer="1" win="338" bet="169" muck="0" rebuy="0" addon="0" merge="0" rebuychips="0" reg_code="8392875479"/>
</players>
</general>
<round no="0"><action no="1" player="oreiasccp" type="15" sum="5"/>
<action no="2" player="TooManyTables" type="15" discard="1" dealt="1" sum="5"/>
<action no="3" player="oreiasccp" type="1" sum="20"/>
<action no="4" player="TooManyTables" type="2" discard="1" dealt="1" sum="40"/>
</round>
<round no="1"><cards type="Pocket" player="oreiasccp">SA DQ</cards>
<cards type="Pocket" player="TooManyTables">H9 H5</cards>
<action no="5" player="oreiasccp" type="23" sum="80"/>
<action no="6" player="TooManyTables" type="3" discard="1" dealt="1" sum="40"/>
</round>
<round no="2"><cards type="Flop">D2 C6 S6</cards>
<action no="7" player="TooManyTables" type="4" discard="1" dealt="1" sum="0"/>
<action no="8" player="oreiasccp" type="4" sum="0"/>
</round>
<round no="3"><cards type="Turn">S7</cards>
<action no="9" player="TooManyTables" type="5" discard="1" dealt="1" sum="84"/>
<action no="10" player="oreiasccp" type="3" sum="84"/>
</round>
<round no="4"><cards type="River">HA</cards>
<action no="11" player="TooManyTables" type="4" discard="1" dealt="1" sum="0"/>
<action no="12" player="oreiasccp" type="4" sum="0"/>
</round>
</game>
<game gamecode="11536757059"><general><startdate>2025-06-27 13:50:05</startdate>
<round>1</round>
<failsafecounter/>
<players><player seat="6" name="oreiasccp" chips="1,030" dealer="0" win="0" bet="65" muck="1" rebuy="0" addon="0" merge="0" rebuychips="0" reg_code="8392875479"/>
<player seat="3" name="TooManyTables" chips="470" dealer="1" win="130" bet="125" muck="1" rebuy="0" addon="0" merge="0" rebuychips="0" reg_code="8392875425"/>
</players>
</general>
<round no="0"><action no="1" player="TooManyTables" type="15" discard="1" dealt="1" sum="5"/>
<action no="2" player="oreiasccp" type="15" sum="5"/>
<action no="3" player="TooManyTables" type="1" discard="1" dealt="1" sum="30"/>
<action no="4" player="oreiasccp" type="2" sum="60"/>
</round>
<round no="1"><cards type="Pocket" player="TooManyTables">X X</cards>
<cards type="Pocket" player="oreiasccp">S4 S10</cards>
<action no="5" player="TooManyTables" type="3" discard="1" dealt="1" sum="30"/>
<action no="6" player="oreiasccp" type="4" sum="0"/>
</round>
<round no="2"><cards type="Flop">SA C8 C9</cards>
<action no="7" player="oreiasccp" type="4" sum="0"/>
<action no="8" player="TooManyTables" type="5" discard="1" dealt="1" sum="60"/>
<action no="9" player="oreiasccp" type="0" sum="0"/>
</round>
</game>
<game gamecode="11536757140"><general><startdate>2025-06-27 13:50:22</startdate>
<round>1</round>
<failsafecounter/>
<players><player seat="3" name="TooManyTables" chips="535" dealer="0" win="0" bet="535" muck="0" rebuy="0" addon="0" merge="0" rebuychips="0" reg_code="8392875425"/>
<player seat="6" name="oreiasccp" chips="965" dealer="1" win="1,070" bet="535" muck="0" rebuy="0" addon="0" merge="0" rebuychips="0" reg_code="8392875479"/>
</players>
</general>
<round no="0"><action no="1" player="oreiasccp" type="15" sum="5"/>
<action no="2" player="TooManyTables" type="15" discard="1" dealt="1" sum="5"/>
<action no="3" player="oreiasccp" type="1" sum="30"/>
<action no="4" player="TooManyTables" type="2" discard="1" dealt="1" sum="60"/>
</round>
<round no="1"><cards type="Pocket" player="TooManyTables">HA C7</cards>
<cards type="Pocket" player="oreiasccp">SJ SA</cards>
<action no="5" player="oreiasccp" type="3" sum="30"/>
<action no="6" player="TooManyTables" type="23" discard="1" dealt="1" sum="530"/>
<action no="7" player="oreiasccp" type="3" sum="470"/>
</round>
<round no="2"><cards type="Flop">S9 DK S5</cards>
</round>
<round no="3"><cards type="Turn">SQ</cards>
</round>
<round no="4"><cards type="River">D8</cards>
</round>
</game>
</session>
