<?xml version="1.0" encoding="UTF-8"?>
<session sessioncode="8392768420">
<general>
<client_version>25.1.1.13</client_version>
<mode>real</mode>
<gametype>Holdem NL</gametype>
<tablename>Twister €5 SNG, 1128644250</tablename>
<tournamentcode>1128644249</tournamentcode>
<tournamentname>Twister €5 SNG</tournamentname>
<buyin>€0 + €0.35 + €4.65</buyin>
<totalbuyin>€5</totalbuyin>
<rewarddrawn>€10</rewarddrawn>
<tournamentcurrency>EUR</tournamentcurrency>
<currency>EUR</currency>
<nickname>oreiasccp</nickname>
<gamecount>28</gamecount>
<startdate>2025-06-27 08:47:35</startdate>
<place>3</place>
<win>€0</win>
<tablesize>3</tablesize>
</general>
<game gamecode="11536492781"><general><startdate>2025-06-27 08:47:50</startdate>
<round>1</round>
<failsafecounter/>
<players><player seat="10" name="danielbrad" chips="500" dealer="0" win="0" bet="20" muck="1" rebuy="0" addon="0" merge="0" rebuychips="0" reg_code="8392768482"/>
<player seat="3" name="oreiasccp" chips="500" dealer="1" win="0" bet="0" muck="1" rebuy="0" addon="0" merge="0" rebuychips="0" reg_code="8392768420"/>
<player seat="6" name="RachelWeisz" chips="500" dealer="0" win="40" bet="40" muck="1" rebuy="0" addon="0" merge="0" rebuychips="0" reg_code="8392768435"/>
</players>
</general>
<round no="0"><action no="1" player="RachelWeisz" type="1" discard="1" dealt="1" sum="10"/>
<action no="2" player="danielbrad" type="2" discard="1" dealt="1" sum="20"/>
</round>
<round no="1"><cards type="Pocket" player="RachelWeisz">X X</cards>
<cards type="Pocket" player="danielbrad">X X</cards>
<cards type="Pocket" player="oreiasccp">H2 H9</cards>
<action no="3" player="oreiasccp" type="0" sum="0"/>
<action no="4" player="RachelWeisz" type="3" discard="1" dealt="1" sum="10"/>
<action no="5" player="danielbrad" type="4" discard="1" dealt="1" sum="0"/>
</round>
<round no="2"><cards type="Flop">S2 D2 CQ</cards>
<action no="6" player="RachelWeisz" type="4" discard="1" dealt="1" sum="0"/>
<action no="7" player="danielbrad" type="4" discard="1" dealt="1" sum="0"/>
</round>
<round no="3"><cards type="Turn">H10</cards>
<action no="8" player="RachelWeisz" type="5" discard="1" dealt="1" sum="20"/>
<action no="9" player="danielbrad" type="0" discard="1" dealt="1" sum="0"/>
</round>
</game>
<game gamecode="11536492883"><general><startdate>2025-06-27 08:48:17</startdate>
<round>1</round>
<failsafecounter/>
<players><player seat="3" name="oreiasccp" chips="500" dealer="0" win="268" bet="129" muck="0" rebuy="0" addon="0" merge="0" rebuychips="0" reg_code="8392768420"/>
<player seat="6" name="RachelWeisz" chips="520" dealer="1" win="0" bet="129" muck="1" rebuy="0" addon="0" merge="0" rebuychips="0" reg_code="8392768435"/>
<player seat="10" name="danielbrad" chips="480" dealer="0" win="0" bet="10" muck="1" rebuy="0" addon="0" merge="0" rebuychips="0" reg_code="8392768482"/>
</players>
</general>
<round no="0"><action no="1" player="danielbrad" type="1" discard="1" dealt="1" sum="10"/>
<action no="2" player="oreiasccp" type="2" sum="20"/>
</round>
<round no="1"><cards type="Pocket" player="danielbrad">X X</cards>
<cards type="Pocket" player="RachelWeisz">D10 SQ</cards>
<cards type="Pocket" player="oreiasccp">H8 SJ</cards>
<action no="3" player="RachelWeisz" type="23" discard="1" dealt="1" sum="40"/>
<action no="4" player="danielbrad" type="0" discard="1" dealt="1" sum="0"/>
<action no="5" player="oreiasccp" type="3" sum="20"/>
</round>
<round no="2"><cards type="Flop">S9 C7 S4</cards>
<action no="6" player="oreiasccp" type="4" sum="0"/>
<action no="7" player="RachelWeisz" type="5" discard="1" dealt="1" sum="22"/>
<action no="8" player="oreiasccp" type="3" sum="22"/>
</round>
<round no="3"><cards type="Turn">C6</cards>
<action no="9" player="oreiasccp" type="4" sum="0"/>
<action no="10" player="RachelWeisz" type="4" discard="1" dealt="1" sum="0"/>
</round>
<round no="4"><cards type="River">S10</cards>
<action no="11" player="oreiasccp" type="5" sum="67"/>
<action no="12" player="RachelWeisz" type="3" discard="1" dealt="1" sum="67"/>
</round>
</game>
<game gamecode="11536493002"><general><startdate>2025-06-27 08:48:50</startdate>
<round>1</round>
<failsafecounter/>
<players><player seat="6" name="RachelWeisz" chips="391" dealer="0" win="80" bet="391" muck="1" rebuy="0" addon="0" merge="0" rebuychips="0" reg_code="8392768435"/>
<player seat="10" name="danielbrad" chips="470" dealer="1" win="0" bet="0" muck="1" rebuy="0" addon="0" merge="0" rebuychips="0" reg_code="8392768482"/>
<player seat="3" name="oreiasccp" chips="639" dealer="0" win="0" bet="40" muck="1" rebuy="0" addon="0" merge="0" rebuychips="0" reg_code="8392768420"/>
</players>
</general>
<round no="0"><action no="1" player="oreiasccp" type="1" sum="10"/>
<action no="2" player="RachelWeisz" type="2" discard="1" dealt="1" sum="20"/>
</round>
<round no="1"><cards type="Pocket" player="oreiasccp">H4 SA</cards>
<cards type="Pocket" player="RachelWeisz">X X</cards>
<cards type="Pocket" player="danielbrad">X X</cards>
<action no="3" player="danielbrad" type="0" discard="1" dealt="1" sum="0"/>
<action no="4" player="oreiasccp" type="23" sum="40"/>
<action no="5" player="RachelWeisz" type="23" discard="1" dealt="1" sum="391"/>
<action no="6" player="oreiasccp" type="0" sum="0"/>
</round>
</game>
<game gamecode="11536493048"><general><startdate>2025-06-27 08:49:04</startdate>
<round>1</round>
<failsafecounter/>
<players><player seat="10" name="danielbrad" chips="470" dealer="0" win="0" bet="20" muck="1" rebuy="0" addon="0" merge="0" rebuychips="0" reg_code="8392768482"/>
<player seat="3" name="oreiasccp" chips="599" dealer="1" win="0" bet="0" muck="1" rebuy="0" addon="0" merge="0" rebuychips="0" reg_code="8392768420"/>
<player seat="6" name="RachelWeisz" chips="431" dealer="0" win="40" bet="50" muck="1" rebuy="0" addon="0" merge="0" rebuychips="0" reg_code="8392768435"/>
</players>
</general>
<round no="0"><action no="1" player="RachelWeisz" type="1" discard="1" dealt="1" sum="10"/>
<action no="2" player="danielbrad" type="2" discard="1" dealt="1" sum="20"/>
</round>
<round no="1"><cards type="Pocket" player="oreiasccp">DK C4</cards>
<cards type="Pocket" player="danielbrad">X X</cards>
<cards type="Pocket" player="RachelWeisz">X X</cards>
<action no="3" player="oreiasccp" type="0" sum="0"/>
<action no="4" player="RachelWeisz" type="23" discard="1" dealt="1" sum="50"/>
<action no="5" player="danielbrad" type="0" discard="1" dealt="1" sum="0"/>
</round>
</game>
<game gamecode="11536493108"><general><startdate>2025-06-27 08:49:23</startdate>
<round>1</round>
<failsafecounter/>
<players><player seat="3" name="oreiasccp" chips="599" dealer="0" win="268" bet="451" muck="1" rebuy="0" addon="0" merge="0" rebuychips="0" reg_code="8392768420"/>
<player seat="6" name="RachelWeisz" chips="451" dealer="1" win="0" bet="129" muck="1" rebuy="0" addon="0" merge="0" rebuychips="0" reg_code="8392768435"/>
<player seat="10" name="danielbrad" chips="450" dealer="0" win="0" bet="10" muck="1" rebuy="0" addon="0" merge="0" rebuychips="0" reg_code="8392768482"/>
</players>
</general>
<round no="0"><action no="1" player="danielbrad" type="1" discard="1" dealt="1" sum="10"/>
<action no="2" player="oreiasccp" type="2" sum="20"/>
</round>
<round no="1"><cards type="Pocket" player="oreiasccp">H6 HK</cards>
<cards type="Pocket" player="RachelWeisz">X X</cards>
<cards type="Pocket" player="danielbrad">X X</cards>
<action no="3" player="RachelWeisz" type="23" discard="1" dealt="1" sum="40"/>
<action no="4" player="danielbrad" type="0" discard="1" dealt="1" sum="0"/>
<action no="5" player="oreiasccp" type="3" sum="20"/>
</round>
<round no="2"><cards type="Flop">S6 HJ D10</cards>
<action no="6" player="oreiasccp" type="4" sum="0"/>
<action no="7" player="RachelWeisz" type="5" discard="1" dealt="1" sum="22"/>
<action no="8" player="oreiasccp" type="3" sum="22"/>
</round>
<round no="3"><cards type="Turn">SK</cards>
<action no="9" player="oreiasccp" type="4" sum="0"/>
<action no="10" player="RachelWeisz" type="5" discard="1" dealt="1" sum="67"/>
<action no="11" player="oreiasccp" type="23" sum="389"/>
<action no="12" player="RachelWeisz" type="0" discard="1" dealt="1" sum="0"/>
</round>
</game>
<game gamecode="11536493195"><general><startdate>2025-06-27 08:49:50</startdate>
<round>1</round>
<failsafecounter/>
<players><player seat="6" name="RachelWeisz" chips="322" dealer="0" win="0" bet="35" muck="1" rebuy="0" addon="0" merge="0" rebuychips="0" reg_code="8392768435"/>
<player seat="10" name="danielbrad" chips="440" dealer="1" win="90" bet="440" muck="1" rebuy="0" addon="0" merge="0" rebuychips="0" reg_code="8392768482"/>
<player seat="3" name="oreiasccp" chips="738" dealer="0" win="0" bet="20" muck="1" rebuy="0" addon="0" merge="0" rebuychips="0" reg_code="8392768420"/>
</players>
</general>
<round no="0"><action no="1" player="oreiasccp" type="15" sum="5"/>
<action no="2" player="RachelWeisz" type="15" discard="1" dealt="1" sum="5"/>
<action no="3" player="danielbrad" type="15" discard="1" dealt="1" sum="5"/>
<action no="4" player="oreiasccp" type="1" sum="15"/>
<action no="5" player="RachelWeisz" type="2" discard="1" dealt="1" sum="30"/>
</round>
<round no="1"><cards type="Pocket" player="RachelWeisz">X X</cards>
<cards type="Pocket" player="oreiasccp">S8 HJ</cards>
<cards type="Pocket" player="danielbrad">X X</cards>
<action no="6" player="danielbrad" type="23" discard="1" dealt="1" sum="435"/>
<action no="7" player="oreiasccp" type="0" sum="0"/>
<action no="8" player="RachelWeisz" type="0" discard="1" dealt="1" sum="0"/>
</round>
</game>
<game gamecode="11536493267"><general><startdate>2025-06-27 08:50:10</startdate>
<round>1</round>
<failsafecounter/>
<players><player seat="10" name="danielbrad" chips="495" dealer="0" win="45" bet="35" muck="1" rebuy="0" addon="0" merge="0" rebuychips="0" reg_code="8392768482"/>
<player seat="3" name="oreiasccp" chips="718" dealer="1" win="0" bet="5" muck="1" rebuy="0" addon="0" merge="0" rebuychips="0" reg_code="8392768420"/>
<player seat="6" name="RachelWeisz" chips="287" dealer="0" win="0" bet="20" muck="1" rebuy="0" addon="0" merge="0" rebuychips="0" reg_code="8392768435"/>
</players>
</general>
<round no="0"><action no="1" player="RachelWeisz" type="15" discard="1" dealt="1" sum="5"/>
<action no="2" player="danielbrad" type="15" discard="1" dealt="1" sum="5"/>
<action no="3" player="oreiasccp" type="15" sum="5"/>
<action no="4" player="RachelWeisz" type="1" discard="1" dealt="1" sum="15"/>
<action no="5" player="danielbrad" type="2" discard="1" dealt="1" sum="30"/>
</round>
<round no="1"><cards type="Pocket" player="danielbrad">X X</cards>
<cards type="Pocket" player="oreiasccp">D6 S4</cards>
<cards type="Pocket" player="RachelWeisz">X X</cards>
<action no="6" player="oreiasccp" type="0" sum="0"/>
<action no="7" player="RachelWeisz" type="0" discard="1" dealt="1" sum="0"/>
</round>
</game>
<game gamecode="11536493290"><general><startdate>2025-06-27 08:50:17</startdate>
<round>1</round>
<failsafecounter/>
<players><player seat="3" name="oreiasccp" chips="713" dealer="0" win="0" bet="35" muck="1" rebuy="0" addon="0" merge="0" rebuychips="0" reg_code="8392768420"/>
<player seat="6" name="RachelWeisz" chips="267" dealer="1" win="90" bet="267" muck="1" rebuy="0" addon="0" merge="0" rebuychips="0" reg_code="8392768435"/>
<player seat="10" name="danielbrad" chips="520" dealer="0" win="0" bet="20" muck="1" rebuy="0" addon="0" merge="0" rebuychips="0" reg_code="8392768482"/>
</players>
</general>
<round no="0"><action no="1" player="danielbrad" type="15" discard="1" dealt="1" sum="5"/>
<action no="2" player="oreiasccp" type="15" sum="5"/>
<action no="3" player="RachelWeisz" type="15" discard="1" dealt="1" sum="5"/>
<action no="4" player="danielbrad" type="1" discard="1" dealt="1" sum="15"/>
<action no="5" player="oreiasccp" type="2" sum="30"/>
</round>
<round no="1"><cards type="Pocket" player="RachelWeisz">X X</cards>
<cards type="Pocket" player="oreiasccp">C7 D5</cards>
<cards type="Pocket" player="danielbrad">X X</cards>
<action no="6" player="RachelWeisz" type="23" discard="1" dealt="1" sum="262"/>
<action no="7" player="danielbrad" type="0" discard="1" dealt="1" sum="0"/>
<action no="8" player="oreiasccp" type="0" sum="0"/>
</round>
</game>
<game gamecode="11536493330"><general><startdate>2025-06-27 08:50:29</startdate>
<round>1</round>
<failsafecounter/>
<players><player seat="6" name="RachelWeisz" chips="322" dealer="0" win="649" bet="322" muck="0" rebuy="0" addon="0" merge="0" rebuychips="0" reg_code="8392768435"/>
<player seat="10" name="danielbrad" chips="500" dealer="1" win="0" bet="5" muck="1" rebuy="0" addon="0" merge="0" rebuychips="0" reg_code="8392768482"/>
<player seat="3" name="oreiasccp" chips="678" dealer="0" win="0" bet="322" muck="0" rebuy="0" addon="0" merge="0" rebuychips="0" reg_code="8392768420"/>
</players>
</general>
<round no="0"><action no="1" player="oreiasccp" type="15" sum="5"/>
<action no="2" player="RachelWeisz" type="15" discard="1" dealt="1" sum="5"/>
<action no="3" player="danielbrad" type="15" discard="1" dealt="1" sum="5"/>
<action no="4" player="oreiasccp" type="1" sum="15"/>
<action no="5" player="RachelWeisz" type="2" discard="1" dealt="1" sum="30"/>
</round>
<round no="1"><cards type="Pocket" player="RachelWeisz">HK C8</cards>
<cards type="Pocket" player="oreiasccp">HA SJ</cards>
<cards type="Pocket" player="danielbrad">X X</cards>
<action no="6" player="danielbrad" type="0" discard="1" dealt="1" sum="0"/>
<action no="7" player="oreiasccp" type="23" sum="317"/>
<action no="8" player="RachelWeisz" type="7" discard="1" dealt="1" sum="287"/>
</round>
<round no="2"><cards type="Flop">C7 H8 SQ</cards>
</round>
<round no="3"><cards type="Turn">D10</cards>
</round>
<round no="4"><cards type="River">S8</cards>
</round>
</game>
<game gamecode="11536493397"><general><startdate>2025-06-27 08:50:49</startdate>
<round>1</round>
<failsafecounter/>
<players><player seat="10" name="danielbrad" chips="495" dealer="0" win="45" bet="35" muck="1" rebuy="0" addon="0" merge="0" rebuychips="0" reg_code="8392768482"/>
<player seat="3" name="oreiasccp" chips="356" dealer="1" win="0" bet="5" muck="1" rebuy="0" addon="0" merge="0" rebuychips="0" reg_code="8392768420"/>
<player seat="6" name="RachelWeisz" chips="649" dealer="0" win="0" bet="20" muck="1" rebuy="0" addon="0" merge="0" rebuychips="0" reg_code="8392768435"/>
</players>
</general>
<round no="0"><action no="1" player="RachelWeisz" type="15" discard="1" dealt="1" sum="5"/>
<action no="2" player="danielbrad" type="15" discard="1" dealt="1" sum="5"/>
<action no="3" player="oreiasccp" type="15" sum="5"/>
<action no="4" player="RachelWeisz" type="1" discard="1" dealt="1" sum="15"/>
<action no="5" player="danielbrad" type="2" discard="1" dealt="1" sum="30"/>
</round>
<round no="1"><cards type="Pocket" player="RachelWeisz">X X</cards>
<cards type="Pocket" player="oreiasccp">H5 S9</cards>
<cards type="Pocket" player="danielbrad">X X</cards>
<action no="6" player="oreiasccp" type="0" sum="0"/>
<action no="7" player="RachelWeisz" type="0" discard="1" dealt="1" sum="0"/>
</round>
</game>
<game gamecode="11536493436"><general><startdate>2025-06-27 08:50:58</startdate>
<round>1</round>
<failsafecounter/>
<players><player seat="3" name="oreiasccp" chips="351" dealer="0" win="45" bet="35" muck="1" rebuy="0" addon="0" merge="0" rebuychips="0" reg_code="8392768420"/>
<player seat="6" name="RachelWeisz" chips="629" dealer="1" win="0" bet="5" muck="1" rebuy="0" addon="0" merge="0" rebuychips="0" reg_code="8392768435"/>
<player seat="10" name="danielbrad" chips="520" dealer="0" win="0" bet="20" muck="1" rebuy="0" addon="0" merge="0" rebuychips="0" reg_code="8392768482"/>
</players>
</general>
<round no="0"><action no="1" player="danielbrad" type="15" discard="1" dealt="1" sum="5"/>
<action no="2" player="oreiasccp" type="15" sum="5"/>
<action no="3" player="RachelWeisz" type="15" discard="1" dealt="1" sum="5"/>
<action no="4" player="danielbrad" type="1" discard="1" dealt="1" sum="15"/>
<action no="5" player="oreiasccp" type="2" sum="30"/>
</round>
<round no="1"><cards type="Pocket" player="oreiasccp">D3 DK</cards>
<cards type="Pocket" player="danielbrad">X X</cards>
<cards type="Pocket" player="RachelWeisz">X X</cards>
<action no="6" player="RachelWeisz" type="0" discard="1" dealt="1" sum="0"/>
<action no="7" player="danielbrad" type="0" discard="1" dealt="1" sum="0"/>
</round>
</game>
<game gamecode="11536493466"><general><startdate>2025-06-27 08:51:07</startdate>
<round>1</round>
<failsafecounter/>
<players><player seat="6" name="RachelWeisz" chips="624" dealer="0" win="0" bet="35" muck="1" rebuy="0" addon="0" merge="0" rebuychips="0" reg_code="8392768435"/>
<player seat="10" name="danielbrad" chips="500" dealer="1" win="90" bet="500" muck="1" rebuy="0" addon="0" merge="0" rebuychips="0" reg_code="8392768482"/>
<player seat="3" name="oreiasccp" chips="376" dealer="0" win="0" bet="20" muck="1" rebuy="0" addon="0" merge="0" rebuychips="0" reg_code="8392768420"/>
</players>
</general>
<round no="0"><action no="1" player="oreiasccp" type="15" sum="5"/>
<action no="2" player="RachelWeisz" type="15" discard="1" dealt="1" sum="5"/>
<action no="3" player="danielbrad" type="15" discard="1" dealt="1" sum="5"/>
<action no="4" player="oreiasccp" type="1" sum="15"/>
<action no="5" player="RachelWeisz" type="2" discard="1" dealt="1" sum="30"/>
</round>
<round no="1"><cards type="Pocket" player="oreiasccp">H4 C2</cards>
<cards type="Pocket" player="RachelWeisz">X X</cards>
<cards type="Pocket" player="danielbrad">X X</cards>
<action no="6" player="danielbrad" type="23" discard="1" dealt="1" sum="495"/>
<action no="7" player="oreiasccp" type="0" sum="0"/>
<action no="8" player="RachelWeisz" type="0" discard="1" dealt="1" sum="0"/>
</round>
</game>
<game gamecode="11536493502"><general><startdate>2025-06-27 08:51:18</startdate>
<round>1</round>
<failsafecounter/>
<players><player seat="10" name="danielbrad" chips="555" dealer="0" win="0" bet="35" muck="1" rebuy="0" addon="0" merge="0" rebuychips="0" reg_code="8392768482"/>
<player seat="3" name="oreiasccp" chips="356" dealer="1" win="0" bet="5" muck="1" rebuy="0" addon="0" merge="0" rebuychips="0" reg_code="8392768420"/>
<player seat="6" name="RachelWeisz" chips="589" dealer="0" win="75" bet="72" muck="1" rebuy="0" addon="0" merge="0" rebuychips="0" reg_code="8392768435"/>
</players>
</general>
<round no="0"><action no="1" player="RachelWeisz" type="15" discard="1" dealt="1" sum="5"/>
<action no="2" player="danielbrad" type="15" discard="1" dealt="1" sum="5"/>
<action no="3" player="oreiasccp" type="15" sum="5"/>
<action no="4" player="RachelWeisz" type="1" discard="1" dealt="1" sum="15"/>
<action no="5" player="danielbrad" type="2" discard="1" dealt="1" sum="30"/>
</round>
<round no="1"><cards type="Pocket" player="oreiasccp">H4 C6</cards>
<cards type="Pocket" player="danielbrad">X X</cards>
<cards type="Pocket" player="RachelWeisz">X X</cards>
<action no="6" player="oreiasccp" type="0" sum="0"/>
<action no="7" player="RachelWeisz" type="3" discard="1" dealt="1" sum="15"/>
<action no="8" player="danielbrad" type="4" discard="1" dealt="1" sum="0"/>
</round>
<round no="2"><cards type="Flop">D9 CJ S4</cards>
<action no="9" player="RachelWeisz" type="5" discard="1" dealt="1" sum="37"/>
<action no="10" player="danielbrad" type="0" discard="1" dealt="1" sum="0"/>
</round>
</game>
<game gamecode="11536493571"><general><startdate>2025-06-27 08:51:36</startdate>
<round>1</round>
<failsafecounter/>
<players><player seat="3" name="oreiasccp" chips="351" dealer="0" win="0" bet="80" muck="1" rebuy="0" addon="0" merge="0" rebuychips="0" reg_code="8392768420"/>
<player seat="6" name="RachelWeisz" chips="629" dealer="1" win="0" bet="5" muck="1" rebuy="0" addon="0" merge="0" rebuychips="0" reg_code="8392768435"/>
<player seat="10" name="danielbrad" chips="520" dealer="0" win="165" bet="185" muck="1" rebuy="0" addon="0" merge="0" rebuychips="0" reg_code="8392768482"/>
</players>
</general>
<round no="0"><action no="1" player="danielbrad" type="15" discard="1" dealt="1" sum="5"/>
<action no="2" player="oreiasccp" type="15" sum="5"/>
<action no="3" player="RachelWeisz" type="15" discard="1" dealt="1" sum="5"/>
<action no="4" player="danielbrad" type="1" discard="1" dealt="1" sum="15"/>
<action no="5" player="oreiasccp" type="2" sum="30"/>
</round>
<round no="1"><cards type="Pocket" player="RachelWeisz">X X</cards>
<cards type="Pocket" player="danielbrad">X X</cards>
<cards type="Pocket" player="oreiasccp">H8 H9</cards>
<action no="6" player="RachelWeisz" type="0" discard="1" dealt="1" sum="0"/>
<action no="7" player="danielbrad" type="3" discard="1" dealt="1" sum="15"/>
<action no="8" player="oreiasccp" type="4" sum="0"/>
</round>
<round no="2"><cards type="Flop">CJ CA D9</cards>
<action no="9" player="danielbrad" type="4" discard="1" dealt="1" sum="0"/>
<action no="10" player="oreiasccp" type="4" sum="0"/>
</round>
<round no="3"><cards type="Turn">C10</cards>
<action no="11" player="danielbrad" type="5" discard="1" dealt="1" sum="45"/>
<action no="12" player="oreiasccp" type="3" sum="45"/>
</round>
<round no="4"><cards type="River">D8</cards>
<action no="13" player="danielbrad" type="5" discard="1" dealt="1" sum="105"/>
<action no="14" player="oreiasccp" type="0" sum="0"/>
</round>
</game>
<game gamecode="11536493695"><general><startdate>2025-06-27 08:52:10</startdate>
<round>1</round>
<failsafecounter/>
<players><player seat="6" name="RachelWeisz" chips="624" dealer="0" win="0" bet="45" muck="1" rebuy="0" addon="0" merge="0" rebuychips="0" reg_code="8392768435"/>
<player seat="10" name="danielbrad" chips="605" dealer="1" win="115" bet="85" muck="1" rebuy="0" addon="0" merge="0" rebuychips="0" reg_code="8392768482"/>
<player seat="3" name="oreiasccp" chips="271" dealer="0" win="0" bet="25" muck="1" rebuy="0" addon="0" merge="0" rebuychips="0" reg_code="8392768420"/>
</players>
</general>
<round no="0"><action no="1" player="oreiasccp" type="15" sum="5"/>
<action no="2" player="RachelWeisz" type="15" discard="1" dealt="1" sum="5"/>
<action no="3" player="danielbrad" type="15" discard="1" dealt="1" sum="5"/>
<action no="4" player="oreiasccp" type="1" sum="20"/>
<action no="5" player="RachelWeisz" type="2" discard="1" dealt="1" sum="40"/>
</round>
<round no="1"><cards type="Pocket" player="RachelWeisz">X X</cards>
<cards type="Pocket" player="oreiasccp">H6 H5</cards>
<cards type="Pocket" player="danielbrad">X X</cards>
<action no="6" player="danielbrad" type="23" discard="1" dealt="1" sum="80"/>
<action no="7" player="oreiasccp" type="0" sum="0"/>
<action no="8" player="RachelWeisz" type="0" discard="1" dealt="1" sum="0"/>
</round>
</game>
<game gamecode="11536493747"><general><startdate>2025-06-27 08:52:23</startdate>
<round>1</round>
<failsafecounter/>
<players><player seat="10" name="danielbrad" chips="675" dealer="0" win="0" bet="85" muck="1" rebuy="0" addon="0" merge="0" rebuychips="0" reg_code="8392768482"/>
<player seat="3" name="oreiasccp" chips="246" dealer="1" win="0" bet="5" muck="1" rebuy="0" addon="0" merge="0" rebuychips="0" reg_code="8392768420"/>
<player seat="6" name="RachelWeisz" chips="579" dealer="0" win="175" bet="172" muck="1" rebuy="0" addon="0" merge="0" rebuychips="0" reg_code="8392768435"/>
</players>
</general>
<round no="0"><action no="1" player="RachelWeisz" type="15" discard="1" dealt="1" sum="5"/>
<action no="2" player="danielbrad" type="15" discard="1" dealt="1" sum="5"/>
<action no="3" player="oreiasccp" type="15" sum="5"/>
<action no="4" player="RachelWeisz" type="1" discard="1" dealt="1" sum="20"/>
<action no="5" player="danielbrad" type="2" discard="1" dealt="1" sum="40"/>
</round>
<round no="1"><cards type="Pocket" player="danielbrad">X X</cards>
<cards type="Pocket" player="oreiasccp">D6 D3</cards>
<cards type="Pocket" player="RachelWeisz">X X</cards>
<action no="6" player="oreiasccp" type="0" sum="0"/>
<action no="7" player="RachelWeisz" type="3" discard="1" dealt="1" sum="20"/>
<action no="8" player="danielbrad" type="4" discard="1" dealt="1" sum="0"/>
</round>
<round no="2"><cards type="Flop">SA H5 SQ</cards>
<action no="9" player="RachelWeisz" type="5" discard="1" dealt="1" sum="40"/>
<action no="10" player="danielbrad" type="3" discard="1" dealt="1" sum="40"/>
</round>
<round no="3"><cards type="Turn">D9</cards>
<action no="11" player="RachelWeisz" type="5" discard="1" dealt="1" sum="87"/>
<action no="12" player="danielbrad" type="0" discard="1" dealt="1" sum="0"/>
</round>
</game>
<game gamecode="11536493850"><general><startdate>2025-06-27 08:52:55</startdate>
<round>1</round>
<failsafecounter/>
<players><player seat="3" name="oreiasccp" chips="241" dealer="0" win="0" bet="45" muck="1" rebuy="0" addon="0" merge="0" rebuychips="0" reg_code="8392768420"/>
<player seat="6" name="RachelWeisz" chips="669" dealer="1" win="0" bet="5" muck="1" rebuy="0" addon="0" merge="0" rebuychips="0" reg_code="8392768435"/>
<player seat="10" name="danielbrad" chips="590" dealer="0" win="95" bet="590" muck="1" rebuy="0" addon="0" merge="0" rebuychips="0" reg_code="8392768482"/>
</players>
</general>
<round no="0"><action no="1" player="danielbrad" type="15" discard="1" dealt="1" sum="5"/>
<action no="2" player="oreiasccp" type="15" sum="5"/>
<action no="3" player="RachelWeisz" type="15" discard="1" dealt="1" sum="5"/>
<action no="4" player="danielbrad" type="1" discard="1" dealt="1" sum="20"/>
<action no="5" player="oreiasccp" type="2" sum="40"/>
</round>
<round no="1"><cards type="Pocket" player="oreiasccp">S9 S6</cards>
<cards type="Pocket" player="RachelWeisz">X X</cards>
<cards type="Pocket" player="danielbrad">X X</cards>
<action no="6" player="RachelWeisz" type="0" discard="1" dealt="1" sum="0"/>
<action no="7" player="danielbrad" type="23" discard="1" dealt="1" sum="585"/>
<action no="8" player="oreiasccp" type="0" sum="0"/>
</round>
</game>
<game gamecode="11536493887"><general><startdate>2025-06-27 08:53:08</startdate>
<round>1</round>
<failsafecounter/>
<players><player seat="6" name="RachelWeisz" chips="664" dealer="0" win="55" bet="45" muck="1" rebuy="0" addon="0" merge="0" rebuychips="0" reg_code="8392768435"/>
<player seat="10" name="danielbrad" chips="640" dealer="1" win="0" bet="5" muck="1" rebuy="0" addon="0" merge="0" rebuychips="0" reg_code="8392768482"/>
<player seat="3" name="oreiasccp" chips="196" dealer="0" win="0" bet="25" muck="1" rebuy="0" addon="0" merge="0" rebuychips="0" reg_code="8392768420"/>
</players>
</general>
<round no="0"><action no="1" player="oreiasccp" type="15" sum="5"/>
<action no="2" player="RachelWeisz" type="15" discard="1" dealt="1" sum="5"/>
<action no="3" player="danielbrad" type="15" discard="1" dealt="1" sum="5"/>
<action no="4" player="oreiasccp" type="1" sum="20"/>
<action no="5" player="RachelWeisz" type="2" discard="1" dealt="1" sum="40"/>
</round>
<round no="1"><cards type="Pocket" player="oreiasccp">H2 S5</cards>
<cards type="Pocket" player="danielbrad">X X</cards>
<cards type="Pocket" player="RachelWeisz">X X</cards>
<action no="6" player="danielbrad" type="0" discard="1" dealt="1" sum="0"/>
<action no="7" player="oreiasccp" type="0" sum="0"/>
</round>
</game>
<game gamecode="11536493909"><general><startdate>2025-06-27 08:53:16</startdate>
<round>1</round>
<failsafecounter/>
<players><player seat="10" name="danielbrad" chips="635" dealer="0" win="55" bet="45" muck="1" rebuy="0" addon="0" merge="0" rebuychips="0" reg_code="8392768482"/>
<player seat="3" name="oreiasccp" chips="171" dealer="1" win="0" bet="5" muck="1" rebuy="0" addon="0" merge="0" rebuychips="0" reg_code="8392768420"/>
<player seat="6" name="RachelWeisz" chips="694" dealer="0" win="0" bet="25" muck="1" rebuy="0" addon="0" merge="0" rebuychips="0" reg_code="8392768435"/>
</players>
</general>
<round no="0"><action no="1" player="RachelWeisz" type="15" discard="1" dealt="1" sum="5"/>
<action no="2" player="danielbrad" type="15" discard="1" dealt="1" sum="5"/>
<action no="3" player="oreiasccp" type="15" sum="5"/>
<action no="4" player="RachelWeisz" type="1" discard="1" dealt="1" sum="20"/>
<action no="5" player="danielbrad" type="2" discard="1" dealt="1" sum="40"/>
</round>
<round no="1"><cards type="Pocket" player="danielbrad">X X</cards>
<cards type="Pocket" player="oreiasccp">D7 CQ</cards>
<cards type="Pocket" player="RachelWeisz">X X</cards>
<action no="6" player="oreiasccp" type="0" sum="0"/>
<action no="7" player="RachelWeisz" type="0" discard="1" dealt="1" sum="0"/>
</round>
</game>
<game gamecode="11536493937"><general><startdate>2025-06-27 08:53:26</startdate>
<round>1</round>
<failsafecounter/>
<players><player seat="3" name="oreiasccp" chips="166" dealer="0" win="0" bet="85" muck="1" rebuy="0" addon="0" merge="0" rebuychips="0" reg_code="8392768420"/>
<player seat="6" name="RachelWeisz" chips="669" dealer="1" win="195" bet="133" muck="1" rebuy="0" addon="0" merge="0" rebuychips="0" reg_code="8392768435"/>
<player seat="10" name="danielbrad" chips="665" dealer="0" win="0" bet="25" muck="1" rebuy="0" addon="0" merge="0" rebuychips="0" reg_code="8392768482"/>
</players>
</general>
<round no="0"><action no="1" player="danielbrad" type="15" discard="1" dealt="1" sum="5"/>
<action no="2" player="oreiasccp" type="15" sum="5"/>
<action no="3" player="RachelWeisz" type="15" discard="1" dealt="1" sum="5"/>
<action no="4" player="danielbrad" type="1" discard="1" dealt="1" sum="20"/>
<action no="5" player="oreiasccp" type="2" sum="40"/>
</round>
<round no="1"><cards type="Pocket" player="RachelWeisz">X X</cards>
<cards type="Pocket" player="oreiasccp">C5 C2</cards>
<cards type="Pocket" player="danielbrad">X X</cards>
<action no="6" player="RachelWeisz" type="23" discard="1" dealt="1" sum="80"/>
<action no="7" player="danielbrad" type="0" discard="1" dealt="1" sum="0"/>
<action no="8" player="oreiasccp" type="3" sum="40"/>
</round>
<round no="2"><cards type="Flop">S6 S9 CK</cards>
<action no="9" player="oreiasccp" type="4" sum="0"/>
<action no="10" player="RachelWeisz" type="5" discard="1" dealt="1" sum="48"/>
<action no="11" player="oreiasccp" type="0" sum="0"/>
</round>
</game>
<game gamecode="11536497986"><general><startdate>2025-06-27 08:53:47</startdate>
<round>1</round>
<failsafecounter/>
<players><player seat="6" name="RachelWeisz" chips="779" dealer="0" win="55" bet="45" muck="1" rebuy="0" addon="0" merge="0" rebuychips="0" reg_code="8392768435"/>
<player seat="10" name="danielbrad" chips="640" dealer="1" win="0" bet="5" muck="1" rebuy="0" addon="0" merge="0" rebuychips="0" reg_code="8392768482"/>
<player seat="3" name="oreiasccp" chips="81" dealer="0" win="0" bet="25" muck="1" rebuy="0" addon="0" merge="0" rebuychips="0" reg_code="8392768420"/>
</players>
</general>
<round no="0"><action no="1" player="oreiasccp" type="15" sum="5"/>
<action no="2" player="RachelWeisz" type="15" discard="1" dealt="1" sum="5"/>
<action no="3" player="danielbrad" type="15" discard="1" dealt="1" sum="5"/>
<action no="4" player="oreiasccp" type="1" sum="20"/>
<action no="5" player="RachelWeisz" type="2" discard="1" dealt="1" sum="40"/>
</round>
<round no="1"><cards type="Pocket" player="oreiasccp">S8 C2</cards>
<cards type="Pocket" player="danielbrad">X X</cards>
<cards type="Pocket" player="RachelWeisz">X X</cards>
<action no="6" player="danielbrad" type="0" discard="1" dealt="1" sum="0"/>
<action no="7" player="oreiasccp" type="0" sum="0"/>
</round>
</game>
<game gamecode="11536498029"><general><startdate>2025-06-27 08:54:01</startdate>
<round>1</round>
<failsafecounter/>
<players><player seat="10" name="danielbrad" chips="635" dealer="0" win="0" bet="65" muck="0" rebuy="0" addon="0" merge="0" rebuychips="0" reg_code="8392768482"/>
<player seat="3" name="oreiasccp" chips="56" dealer="1" win="147" bet="56" muck="0" rebuy="0" addon="0" merge="0" rebuychips="0" reg_code="8392768420"/>
<player seat="6" name="RachelWeisz" chips="809" dealer="0" win="0" bet="35" muck="1" rebuy="0" addon="0" merge="0" rebuychips="0" reg_code="8392768435"/>
</players>
</general>
<round no="0"><action no="1" player="RachelWeisz" type="15" discard="1" dealt="1" sum="5"/>
<action no="2" player="danielbrad" type="15" discard="1" dealt="1" sum="5"/>
<action no="3" player="oreiasccp" type="15" sum="5"/>
<action no="4" player="RachelWeisz" type="1" discard="1" dealt="1" sum="30"/>
<action no="5" player="danielbrad" type="2" discard="1" dealt="1" sum="60"/>
</round>
<round no="1"><cards type="Pocket" player="RachelWeisz">X X</cards>
<cards type="Pocket" player="danielbrad">H6 S8</cards>
<cards type="Pocket" player="oreiasccp">D8 SK</cards>
<action no="6" player="oreiasccp" type="7" sum="51"/>
<action no="7" player="RachelWeisz" type="0" discard="1" dealt="1" sum="0"/>
</round>
<round no="2"><cards type="Flop">S7 D3 S9</cards>
</round>
<round no="3"><cards type="Turn">CQ</cards>
</round>
<round no="4"><cards type="River">CJ</cards>
</round>
</game>
<game gamecode="11536498083"><general><startdate>2025-06-27 08:54:17</startdate>
<round>1</round>
<failsafecounter/>
<players><player seat="3" name="oreiasccp" chips="147" dealer="0" win="0" bet="65" muck="1" rebuy="0" addon="0" merge="0" rebuychips="0" reg_code="8392768420"/>
<player seat="6" name="RachelWeisz" chips="774" dealer="1" win="0" bet="5" muck="1" rebuy="0" addon="0" merge="0" rebuychips="0" reg_code="8392768435"/>
<player seat="10" name="danielbrad" chips="579" dealer="0" win="135" bet="155" muck="1" rebuy="0" addon="0" merge="0" rebuychips="0" reg_code="8392768482"/>
</players>
</general>
<round no="0"><action no="1" player="danielbrad" type="15" discard="1" dealt="1" sum="5"/>
<action no="2" player="oreiasccp" type="15" sum="5"/>
<action no="3" player="RachelWeisz" type="15" discard="1" dealt="1" sum="5"/>
<action no="4" player="danielbrad" type="1" discard="1" dealt="1" sum="30"/>
<action no="5" player="oreiasccp" type="2" sum="60"/>
</round>
<round no="1"><cards type="Pocket" player="RachelWeisz">X X</cards>
<cards type="Pocket" player="oreiasccp">H3 C9</cards>
<cards type="Pocket" player="danielbrad">X X</cards>
<action no="6" player="RachelWeisz" type="0" discard="1" dealt="1" sum="0"/>
<action no="7" player="danielbrad" type="23" discard="1" dealt="1" sum="150"/>
<action no="8" player="oreiasccp" type="0" sum="0"/>
</round>
</game>
<game gamecode="11536498128"><general><startdate>2025-06-27 08:54:31</startdate>
<round>1</round>
<failsafecounter/>
<players><player seat="6" name="RachelWeisz" chips="769" dealer="0" win="0" bet="65" muck="1" rebuy="0" addon="0" merge="0" rebuychips="0" reg_code="8392768435"/>
<player seat="10" name="danielbrad" chips="649" dealer="1" win="0" bet="649" muck="0" rebuy="0" addon="0" merge="0" rebuychips="0" reg_code="8392768482"/>
<player seat="3" name="oreiasccp" chips="82" dealer="0" win="229" bet="82" muck="0" rebuy="0" addon="0" merge="0" rebuychips="0" reg_code="8392768420"/>
</players>
</general>
<round no="0"><action no="1" player="oreiasccp" type="15" sum="5"/>
<action no="2" player="RachelWeisz" type="15" discard="1" dealt="1" sum="5"/>
<action no="3" player="danielbrad" type="15" discard="1" dealt="1" sum="5"/>
<action no="4" player="oreiasccp" type="1" sum="30"/>
<action no="5" player="RachelWeisz" type="2" discard="1" dealt="1" sum="60"/>
</round>
<round no="1"><cards type="Pocket" player="RachelWeisz">X X</cards>
<cards type="Pocket" player="danielbrad">S5 HA</cards>
<cards type="Pocket" player="oreiasccp">SA HJ</cards>
<action no="6" player="danielbrad" type="23" discard="1" dealt="1" sum="644"/>
<action no="7" player="oreiasccp" type="7" sum="47"/>
<action no="8" player="RachelWeisz" type="0" discard="1" dealt="1" sum="0"/>
</round>
<round no="2"><cards type="Flop">CA CK S10</cards>
</round>
<round no="3"><cards type="Turn">D4</cards>
</round>
<round no="4"><cards type="River">H8</cards>
</round>
</game>
<game gamecode="11536498190"><general><startdate>2025-06-27 08:54:53</startdate>
<round>1</round>
<failsafecounter/>
<players><player seat="10" name="danielbrad" chips="567" dealer="0" win="0" bet="65" muck="1" rebuy="0" addon="0" merge="0" rebuychips="0" reg_code="8392768482"/>
<player seat="3" name="oreiasccp" chips="229" dealer="1" win="523" bet="229" muck="0" rebuy="0" addon="0" merge="0" rebuychips="0" reg_code="8392768420"/>
<player seat="6" name="RachelWeisz" chips="704" dealer="0" win="0" bet="704" muck="1" rebuy="0" addon="0" merge="0" rebuychips="0" reg_code="8392768435"/>
</players>
</general>
<round no="0"><action no="1" player="RachelWeisz" type="15" discard="1" dealt="1" sum="5"/>
<action no="2" player="danielbrad" type="15" discard="1" dealt="1" sum="5"/>
<action no="3" player="oreiasccp" type="15" sum="5"/>
<action no="4" player="RachelWeisz" type="1" discard="1" dealt="1" sum="30"/>
<action no="5" player="danielbrad" type="2" discard="1" dealt="1" sum="60"/>
</round>
<round no="1"><cards type="Pocket" player="RachelWeisz">S4 CK</cards>
<cards type="Pocket" player="danielbrad">X X</cards>
<cards type="Pocket" player="oreiasccp">H3 S3</cards>
<action no="6" player="oreiasccp" type="23" sum="224"/>
<action no="7" player="RachelWeisz" type="23" discard="1" dealt="1" sum="699"/>
<action no="8" player="danielbrad" type="0" discard="1" dealt="1" sum="0"/>
</round>
<round no="2"><cards type="Flop">C6 CA H7</cards>
</round>
<round no="3"><cards type="Turn">H8</cards>
</round>
<round no="4"><cards type="River">D10</cards>
</round>
</game>
<game gamecode="11536498256"><general><startdate>2025-06-27 08:55:16</startdate>
<round>1</round>
<failsafecounter/>
<players><player seat="3" name="oreiasccp" chips="523" dealer="0" win="0" bet="65" muck="1" rebuy="0" addon="0" merge="0" rebuychips="0" reg_code="8392768420"/>
<player seat="6" name="RachelWeisz" chips="475" dealer="1" win="0" bet="5" muck="1" rebuy="0" addon="0" merge="0" rebuychips="0" reg_code="8392768435"/>
<player seat="10" name="danielbrad" chips="502" dealer="0" win="135" bet="502" muck="1" rebuy="0" addon="0" merge="0" rebuychips="0" reg_code="8392768482"/>
</players>
</general>
<round no="0"><action no="1" player="danielbrad" type="15" discard="1" dealt="1" sum="5"/>
<action no="2" player="oreiasccp" type="15" sum="5"/>
<action no="3" player="RachelWeisz" type="15" discard="1" dealt="1" sum="5"/>
<action no="4" player="danielbrad" type="1" discard="1" dealt="1" sum="30"/>
<action no="5" player="oreiasccp" type="2" sum="60"/>
</round>
<round no="1"><cards type="Pocket" player="RachelWeisz">X X</cards>
<cards type="Pocket" player="oreiasccp">H6 S3</cards>
<cards type="Pocket" player="danielbrad">X X</cards>
<action no="6" player="RachelWeisz" type="0" discard="1" dealt="1" sum="0"/>
<action no="7" player="danielbrad" type="23" discard="1" dealt="1" sum="497"/>
<action no="8" player="oreiasccp" type="0" sum="0"/>
</round>
</game>
<game gamecode="11536498286"><general><startdate>2025-06-27 08:55:27</startdate>
<round>1</round>
<failsafecounter/>
<players><player seat="6" name="RachelWeisz" chips="470" dealer="0" win="0" bet="65" muck="1" rebuy="0" addon="0" merge="0" rebuychips="0" reg_code="8392768435"/>
<player seat="10" name="danielbrad" chips="572" dealer="1" win="0" bet="5" muck="1" rebuy="0" addon="0" merge="0" rebuychips="0" reg_code="8392768482"/>
<player seat="3" name="oreiasccp" chips="458" dealer="0" win="135" bet="458" muck="1" rebuy="0" addon="0" merge="0" rebuychips="0" reg_code="8392768420"/>
</players>
</general>
<round no="0"><action no="1" player="oreiasccp" type="15" sum="5"/>
<action no="2" player="RachelWeisz" type="15" discard="1" dealt="1" sum="5"/>
<action no="3" player="danielbrad" type="15" discard="1" dealt="1" sum="5"/>
<action no="4" player="oreiasccp" type="1" sum="30"/>
<action no="5" player="RachelWeisz" type="2" discard="1" dealt="1" sum="60"/>
</round>
<round no="1"><cards type="Pocket" player="RachelWeisz">X X</cards>
<cards type="Pocket" player="danielbrad">X X</cards>
<cards type="Pocket" player="oreiasccp">S5 D5</cards>
<action no="6" player="danielbrad" type="0" discard="1" dealt="1" sum="0"/>
<action no="7" player="oreiasccp" type="23" sum="453"/>
<action no="8" player="RachelWeisz" type="0" discard="1" dealt="1" sum="0"/>
</round>
</game>
<game gamecode="11536498324"><general><startdate>2025-06-27 08:55:40</startdate>
<round>1</round>
<failsafecounter/>
<players><player seat="10" name="danielbrad" chips="567" dealer="0" win="1,091" bet="528" muck="0" rebuy="0" addon="0" merge="0" rebuychips="0" reg_code="8392768482"/>
<player seat="3" name="oreiasccp" chips="528" dealer="1" win="0" bet="528" muck="0" rebuy="0" addon="0" merge="0" rebuychips="0" reg_code="8392768420"/>
<player seat="6" name="RachelWeisz" chips="405" dealer="0" win="0" bet="35" muck="1" rebuy="0" addon="0" merge="0" rebuychips="0" reg_code="8392768435"/>
</players>
</general>
<round no="0"><action no="1" player="RachelWeisz" type="15" discard="1" dealt="1" sum="5"/>
<action no="2" player="danielbrad" type="15" discard="1" dealt="1" sum="5"/>
<action no="3" player="oreiasccp" type="15" sum="5"/>
<action no="4" player="RachelWeisz" type="1" discard="1" dealt="1" sum="30"/>
<action no="5" player="danielbrad" type="2" discard="1" dealt="1" sum="60"/>
</round>
<round no="1"><cards type="Pocket" player="danielbrad">CQ DQ</cards>
<cards type="Pocket" player="oreiasccp">D4 SA</cards>
<cards type="Pocket" player="RachelWeisz">X X</cards>
<action no="6" player="oreiasccp" type="23" sum="523"/>
<action no="7" player="RachelWeisz" type="0" discard="1" dealt="1" sum="0"/>
<action no="8" player="danielbrad" type="3" discard="1" dealt="1" sum="463"/>
</round>
<round no="2"><cards type="Flop">H10 CK C9</cards>
</round>
<round no="3"><cards type="Turn">D7</cards>
</round>
<round no="4"><cards type="River">CJ</cards>
</round>
</game>
</session>
