<?xml version="1.0" encoding="UTF-8"?>
<session sessioncode="8392785763">
<general>
<client_version>25.1.1.13</client_version>
<mode>real</mode>
<gametype>Holdem NL</gametype>
<tablename>Twister €5 SNG, 1128646791</tablename>
<tournamentcode>1128646790</tournamentcode>
<tournamentname>Twister €5 SNG</tournamentname>
<buyin>€0 + €0.35 + €4.65</buyin>
<totalbuyin>€5</totalbuyin>
<rewarddrawn>€10</rewarddrawn>
<tournamentcurrency>EUR</tournamentcurrency>
<currency>EUR</currency>
<nickname>oreiasccp</nickname>
<gamecount>17</gamecount>
<startdate>2025-06-27 09:54:57</startdate>
<place>1</place>
<win>€10</win>
<tablesize>3</tablesize>
</general>
<game gamecode="11536535666"><general><startdate>2025-06-27 09:55:12</startdate>
<round>1</round>
<failsafecounter/>
<players><player seat="3" name="Brilliantfast83" chips="500" dealer="0" win="0" bet="20" muck="1" rebuy="0" addon="0" merge="0" rebuychips="0" reg_code="8392785759"/>
<player seat="6" name="oreiasccp" chips="500" dealer="1" win="0" bet="0" muck="1" rebuy="0" addon="0" merge="0" rebuychips="0" reg_code="8392785763"/>
<player seat="10" name="ravengiant752" chips="500" dealer="0" win="40" bet="60" muck="1" rebuy="0" addon="0" merge="0" rebuychips="0" reg_code="8392785774"/>
</players>
</general>
<round no="0"><action no="1" player="ravengiant752" type="1" discard="1" dealt="1" sum="10"/>
<action no="2" player="Brilliantfast83" type="2" discard="1" dealt="1" sum="20"/>
</round>
<round no="1"><cards type="Pocket" player="oreiasccp">H3 C8</cards>
<cards type="Pocket" player="Brilliantfast83">X X</cards>
<cards type="Pocket" player="ravengiant752">X X</cards>
<action no="3" player="oreiasccp" type="0" sum="0"/>
<action no="4" player="ravengiant752" type="23" discard="1" dealt="1" sum="60"/>
<action no="5" player="Brilliantfast83" type="0" discard="1" dealt="1" sum="0"/>
</round>
</game>
<game gamecode="11536535700"><general><startdate>2025-06-27 09:55:23</startdate>
<round>1</round>
<failsafecounter/>
<players><player seat="6" name="oreiasccp" chips="500" dealer="0" win="0" bet="80" muck="1" rebuy="0" addon="0" merge="0" rebuychips="0" reg_code="8392785763"/>
<player seat="10" name="ravengiant752" chips="520" dealer="1" win="0" bet="0" muck="1" rebuy="0" addon="0" merge="0" rebuychips="0" reg_code="8392785774"/>
<player seat="3" name="Brilliantfast83" chips="480" dealer="0" win="160" bet="160" muck="1" rebuy="0" addon="0" merge="0" rebuychips="0" reg_code="8392785759"/>
</players>
</general>
<round no="0"><action no="1" player="Brilliantfast83" type="1" discard="1" dealt="1" sum="10"/>
<action no="2" player="oreiasccp" type="2" sum="20"/>
</round>
<round no="1"><cards type="Pocket" player="Brilliantfast83">X X</cards>
<cards type="Pocket" player="oreiasccp">C8 D9</cards>
<cards type="Pocket" player="ravengiant752">X X</cards>
<action no="3" player="ravengiant752" type="0" discard="1" dealt="1" sum="0"/>
<action no="4" player="Brilliantfast83" type="23" discard="1" dealt="1" sum="40"/>
<action no="5" player="oreiasccp" type="3" sum="20"/>
</round>
<round no="2"><cards type="Flop">C6 HA S5</cards>
<action no="6" player="Brilliantfast83" type="5" discard="1" dealt="1" sum="40"/>
<action no="7" player="oreiasccp" type="3" sum="40"/>
</round>
<round no="3"><cards type="Turn">C4</cards>
<action no="8" player="Brilliantfast83" type="5" discard="1" dealt="1" sum="80"/>
<action no="9" player="oreiasccp" type="0" sum="0"/>
</round>
</game>
<game gamecode="11536535772"><general><startdate>2025-06-27 09:55:45</startdate>
<round>1</round>
<failsafecounter/>
<players><player seat="10" name="ravengiant752" chips="520" dealer="0" win="0" bet="220" muck="1" rebuy="0" addon="0" merge="0" rebuychips="0" reg_code="8392785774"/>
<player seat="3" name="Brilliantfast83" chips="560" dealer="1" win="0" bet="0" muck="1" rebuy="0" addon="0" merge="0" rebuychips="0" reg_code="8392785759"/>
<player seat="6" name="oreiasccp" chips="420" dealer="0" win="440" bet="220" muck="0" rebuy="0" addon="0" merge="0" rebuychips="0" reg_code="8392785763"/>
</players>
</general>
<round no="0"><action no="1" player="oreiasccp" type="1" sum="10"/>
<action no="2" player="ravengiant752" type="2" discard="1" dealt="1" sum="20"/>
</round>
<round no="1"><cards type="Pocket" player="oreiasccp">DJ CQ</cards>
<cards type="Pocket" player="Brilliantfast83">X X</cards>
<cards type="Pocket" player="ravengiant752">SJ H9</cards>
<action no="3" player="Brilliantfast83" type="0" discard="1" dealt="1" sum="0"/>
<action no="4" player="oreiasccp" type="23" sum="40"/>
<action no="5" player="ravengiant752" type="3" discard="1" dealt="1" sum="20"/>
</round>
<round no="2"><cards type="Flop">S2 D3 HJ</cards>
<action no="6" player="oreiasccp" type="5" sum="20"/>
<action no="7" player="ravengiant752" type="23" discard="1" dealt="1" sum="70"/>
<action no="8" player="oreiasccp" type="3" sum="50"/>
</round>
<round no="3"><cards type="Turn">DK</cards>
<action no="9" player="oreiasccp" type="4" sum="0"/>
<action no="10" player="ravengiant752" type="5" discard="1" dealt="1" sum="110"/>
<action no="11" player="oreiasccp" type="3" sum="110"/>
</round>
<round no="4"><cards type="River">DA</cards>
<action no="12" player="oreiasccp" type="4" sum="0"/>
<action no="13" player="ravengiant752" type="4" discard="1" dealt="1" sum="0"/>
</round>
</game>
<game gamecode="11536535861"><general><startdate>2025-06-27 09:56:16</startdate>
<round>1</round>
<failsafecounter/>
<players><player seat="3" name="Brilliantfast83" chips="560" dealer="0" win="120" bet="120" muck="1" rebuy="0" addon="0" merge="0" rebuychips="0" reg_code="8392785759"/>
<player seat="6" name="oreiasccp" chips="640" dealer="1" win="0" bet="0" muck="1" rebuy="0" addon="0" merge="0" rebuychips="0" reg_code="8392785763"/>
<player seat="10" name="ravengiant752" chips="300" dealer="0" win="0" bet="60" muck="1" rebuy="0" addon="0" merge="0" rebuychips="0" reg_code="8392785774"/>
</players>
</general>
<round no="0"><action no="1" player="ravengiant752" type="1" discard="1" dealt="1" sum="10"/>
<action no="2" player="Brilliantfast83" type="2" discard="1" dealt="1" sum="20"/>
</round>
<round no="1"><cards type="Pocket" player="ravengiant752">X X</cards>
<cards type="Pocket" player="oreiasccp">HK C7</cards>
<cards type="Pocket" player="Brilliantfast83">X X</cards>
<action no="3" player="oreiasccp" type="0" sum="0"/>
<action no="4" player="ravengiant752" type="3" discard="1" dealt="1" sum="10"/>
<action no="5" player="Brilliantfast83" type="23" discard="1" dealt="1" sum="60"/>
<action no="6" player="ravengiant752" type="3" discard="1" dealt="1" sum="40"/>
</round>
<round no="2"><cards type="Flop">SK CQ S4</cards>
<action no="7" player="ravengiant752" type="4" discard="1" dealt="1" sum="0"/>
<action no="8" player="Brilliantfast83" type="5" discard="1" dealt="1" sum="60"/>
<action no="9" player="ravengiant752" type="0" discard="1" dealt="1" sum="0"/>
</round>
</game>
<game gamecode="11536535927"><general><startdate>2025-06-27 09:56:36</startdate>
<round>1</round>
<failsafecounter/>
<players><player seat="6" name="oreiasccp" chips="640" dealer="0" win="20" bet="20" muck="1" rebuy="0" addon="0" merge="0" rebuychips="0" reg_code="8392785763"/>
<player seat="10" name="ravengiant752" chips="240" dealer="1" win="0" bet="0" muck="1" rebuy="0" addon="0" merge="0" rebuychips="0" reg_code="8392785774"/>
<player seat="3" name="Brilliantfast83" chips="620" dealer="0" win="0" bet="10" muck="1" rebuy="0" addon="0" merge="0" rebuychips="0" reg_code="8392785759"/>
</players>
</general>
<round no="0"><action no="1" player="Brilliantfast83" type="1" discard="1" dealt="1" sum="10"/>
<action no="2" player="oreiasccp" type="2" sum="20"/>
</round>
<round no="1"><cards type="Pocket" player="oreiasccp">HQ C4</cards>
<cards type="Pocket" player="Brilliantfast83">X X</cards>
<cards type="Pocket" player="ravengiant752">X X</cards>
<action no="3" player="ravengiant752" type="0" discard="1" dealt="1" sum="0"/>
<action no="4" player="Brilliantfast83" type="0" discard="1" dealt="1" sum="0"/>
</round>
</game>
<game gamecode="11536535963"><general><startdate>2025-06-27 09:56:46</startdate>
<round>1</round>
<failsafecounter/>
<players><player seat="10" name="ravengiant752" chips="240" dealer="0" win="0" bet="240" muck="0" rebuy="0" addon="0" merge="0" rebuychips="0" reg_code="8392785774"/>
<player seat="3" name="Brilliantfast83" chips="610" dealer="1" win="0" bet="20" muck="1" rebuy="0" addon="0" merge="0" rebuychips="0" reg_code="8392785759"/>
<player seat="6" name="oreiasccp" chips="650" dealer="0" win="500" bet="610" muck="0" rebuy="0" addon="0" merge="0" rebuychips="0" reg_code="8392785763"/>
</players>
</general>
<round no="0"><action no="1" player="oreiasccp" type="1" sum="10"/>
<action no="2" player="ravengiant752" type="2" discard="1" dealt="1" sum="20"/>
</round>
<round no="1"><cards type="Pocket" player="oreiasccp">DQ CA</cards>
<cards type="Pocket" player="Brilliantfast83">X X</cards>
<cards type="Pocket" player="ravengiant752">SQ CK</cards>
<action no="3" player="Brilliantfast83" type="3" discard="1" dealt="1" sum="20"/>
<action no="4" player="oreiasccp" type="23" sum="610"/>
<action no="5" player="ravengiant752" type="7" discard="1" dealt="1" sum="220"/>
<action no="6" player="Brilliantfast83" type="0" discard="1" dealt="1" sum="0"/>
</round>
<round no="2"><cards type="Flop">HJ D2 H4</cards>
</round>
<round no="3"><cards type="Turn">D6</cards>
</round>
<round no="4"><cards type="River">S7</cards>
</round>
</game>
<game gamecode="11536536046"><general><startdate>2025-06-27 09:57:16</startdate>
<round>1</round>
<failsafecounter/>
<players><player seat="3" name="Brilliantfast83" chips="590" dealer="0" win="0" bet="35" muck="1" rebuy="0" addon="0" merge="0" rebuychips="0" reg_code="8392785759"/>
<player seat="6" name="oreiasccp" chips="910" dealer="1" win="70" bet="65" muck="1" rebuy="0" addon="0" merge="0" rebuychips="0" reg_code="8392785763"/>
</players>
</general>
<round no="0"><action no="1" player="oreiasccp" type="15" sum="5"/>
<action no="2" player="Brilliantfast83" type="15" discard="1" dealt="1" sum="5"/>
<action no="3" player="oreiasccp" type="1" sum="15"/>
<action no="4" player="Brilliantfast83" type="2" discard="1" dealt="1" sum="30"/>
</round>
<round no="1"><cards type="Pocket" player="oreiasccp">S9 H5</cards>
<cards type="Pocket" player="Brilliantfast83">X X</cards>
<action no="5" player="oreiasccp" type="23" sum="60"/>
<action no="6" player="Brilliantfast83" type="0" discard="1" dealt="1" sum="0"/>
</round>
</game>
<game gamecode="11536536069"><general><startdate>2025-06-27 09:57:24</startdate>
<round>1</round>
<failsafecounter/>
<players><player seat="6" name="oreiasccp" chips="945" dealer="0" win="40" bet="35" muck="1" rebuy="0" addon="0" merge="0" rebuychips="0" reg_code="8392785763"/>
<player seat="3" name="Brilliantfast83" chips="555" dealer="1" win="0" bet="20" muck="1" rebuy="0" addon="0" merge="0" rebuychips="0" reg_code="8392785759"/>
</players>
</general>
<round no="0"><action no="1" player="Brilliantfast83" type="15" discard="1" dealt="1" sum="5"/>
<action no="2" player="oreiasccp" type="15" sum="5"/>
<action no="3" player="Brilliantfast83" type="1" discard="1" dealt="1" sum="15"/>
<action no="4" player="oreiasccp" type="2" sum="30"/>
</round>
<round no="1"><cards type="Pocket" player="Brilliantfast83">X X</cards>
<cards type="Pocket" player="oreiasccp">SA H9</cards>
<action no="5" player="Brilliantfast83" type="0" discard="1" dealt="1" sum="0"/>
</round>
</game>
<game gamecode="11536536087"><general><startdate>2025-06-27 09:57:31</startdate>
<round>1</round>
<failsafecounter/>
<players><player seat="3" name="Brilliantfast83" chips="535" dealer="0" win="0" bet="250" muck="0" rebuy="0" addon="0" merge="0" rebuychips="0" reg_code="8392785759"/>
<player seat="6" name="oreiasccp" chips="965" dealer="1" win="500" bet="250" muck="0" rebuy="0" addon="0" merge="0" rebuychips="0" reg_code="8392785763"/>
</players>
</general>
<round no="0"><action no="1" player="oreiasccp" type="15" sum="5"/>
<action no="2" player="Brilliantfast83" type="15" discard="1" dealt="1" sum="5"/>
<action no="3" player="oreiasccp" type="1" sum="15"/>
<action no="4" player="Brilliantfast83" type="2" discard="1" dealt="1" sum="30"/>
</round>
<round no="1"><cards type="Pocket" player="Brilliantfast83">H4 HJ</cards>
<cards type="Pocket" player="oreiasccp">D6 D4</cards>
<action no="5" player="oreiasccp" type="3" sum="15"/>
<action no="6" player="Brilliantfast83" type="4" discard="1" dealt="1" sum="0"/>
</round>
<round no="2"><cards type="Flop">S4 C10 C6</cards>
<action no="7" player="Brilliantfast83" type="4" discard="1" dealt="1" sum="0"/>
<action no="8" player="oreiasccp" type="5" sum="30"/>
<action no="9" player="Brilliantfast83" type="23" discard="1" dealt="1" sum="90"/>
<action no="10" player="oreiasccp" type="3" sum="60"/>
</round>
<round no="3"><cards type="Turn">D5</cards>
<action no="11" player="Brilliantfast83" type="4" discard="1" dealt="1" sum="0"/>
<action no="12" player="oreiasccp" type="4" sum="0"/>
</round>
<round no="4"><cards type="River">HK</cards>
<action no="13" player="Brilliantfast83" type="5" discard="1" dealt="1" sum="125"/>
<action no="14" player="oreiasccp" type="3" sum="125"/>
</round>
</game>
<game gamecode="11536536191"><general><startdate>2025-06-27 09:58:02</startdate>
<round>1</round>
<failsafecounter/>
<players><player seat="6" name="oreiasccp" chips="1,215" dealer="0" win="40" bet="35" muck="1" rebuy="0" addon="0" merge="0" rebuychips="0" reg_code="8392785763"/>
<player seat="3" name="Brilliantfast83" chips="285" dealer="1" win="0" bet="20" muck="1" rebuy="0" addon="0" merge="0" rebuychips="0" reg_code="8392785759"/>
</players>
</general>
<round no="0"><action no="1" player="Brilliantfast83" type="15" discard="1" dealt="1" sum="5"/>
<action no="2" player="oreiasccp" type="15" sum="5"/>
<action no="3" player="Brilliantfast83" type="1" discard="1" dealt="1" sum="15"/>
<action no="4" player="oreiasccp" type="2" sum="30"/>
</round>
<round no="1"><cards type="Pocket" player="oreiasccp">D6 DQ</cards>
<cards type="Pocket" player="Brilliantfast83">X X</cards>
<action no="5" player="Brilliantfast83" type="0" discard="1" dealt="1" sum="0"/>
</round>
</game>
<game gamecode="11536536207"><general><startdate>2025-06-27 09:58:10</startdate>
<round>1</round>
<failsafecounter/>
<players><player seat="3" name="Brilliantfast83" chips="265" dealer="0" win="40" bet="35" muck="1" rebuy="0" addon="0" merge="0" rebuychips="0" reg_code="8392785759"/>
<player seat="6" name="oreiasccp" chips="1,235" dealer="1" win="0" bet="20" muck="1" rebuy="0" addon="0" merge="0" rebuychips="0" reg_code="8392785763"/>
</players>
</general>
<round no="0"><action no="1" player="oreiasccp" type="15" sum="5"/>
<action no="2" player="Brilliantfast83" type="15" discard="1" dealt="1" sum="5"/>
<action no="3" player="oreiasccp" type="1" sum="15"/>
<action no="4" player="Brilliantfast83" type="2" discard="1" dealt="1" sum="30"/>
</round>
<round no="1"><cards type="Pocket" player="oreiasccp">D5 H10</cards>
<cards type="Pocket" player="Brilliantfast83">X X</cards>
<action no="5" player="oreiasccp" type="0" sum="0"/>
</round>
</game>
<game gamecode="11536536226"><general><startdate>2025-06-27 09:58:15</startdate>
<round>1</round>
<failsafecounter/>
<players><player seat="6" name="oreiasccp" chips="1,215" dealer="0" win="40" bet="35" muck="1" rebuy="0" addon="0" merge="0" rebuychips="0" reg_code="8392785763"/>
<player seat="3" name="Brilliantfast83" chips="285" dealer="1" win="0" bet="20" muck="1" rebuy="0" addon="0" merge="0" rebuychips="0" reg_code="8392785759"/>
</players>
</general>
<round no="0"><action no="1" player="Brilliantfast83" type="15" discard="1" dealt="1" sum="5"/>
<action no="2" player="oreiasccp" type="15" sum="5"/>
<action no="3" player="Brilliantfast83" type="1" discard="1" dealt="1" sum="15"/>
<action no="4" player="oreiasccp" type="2" sum="30"/>
</round>
<round no="1"><cards type="Pocket" player="Brilliantfast83">X X</cards>
<cards type="Pocket" player="oreiasccp">CJ S10</cards>
<action no="5" player="Brilliantfast83" type="0" discard="1" dealt="1" sum="0"/>
</round>
</game>
<game gamecode="11536536243"><general><startdate>2025-06-27 09:58:21</startdate>
<round>1</round>
<failsafecounter/>
<players><player seat="3" name="Brilliantfast83" chips="265" dealer="0" win="70" bet="95" muck="1" rebuy="0" addon="0" merge="0" rebuychips="0" reg_code="8392785759"/>
<player seat="6" name="oreiasccp" chips="1,235" dealer="1" win="0" bet="35" muck="1" rebuy="0" addon="0" merge="0" rebuychips="0" reg_code="8392785763"/>
</players>
</general>
<round no="0"><action no="1" player="oreiasccp" type="15" sum="5"/>
<action no="2" player="Brilliantfast83" type="15" discard="1" dealt="1" sum="5"/>
<action no="3" player="oreiasccp" type="1" sum="15"/>
<action no="4" player="Brilliantfast83" type="2" discard="1" dealt="1" sum="30"/>
</round>
<round no="1"><cards type="Pocket" player="Brilliantfast83">X X</cards>
<cards type="Pocket" player="oreiasccp">H8 CJ</cards>
<action no="5" player="oreiasccp" type="3" sum="15"/>
<action no="6" player="Brilliantfast83" type="23" discard="1" dealt="1" sum="90"/>
<action no="7" player="oreiasccp" type="0" sum="0"/>
</round>
</game>
<game gamecode="11536540726"><general><startdate>2025-06-27 09:58:32</startdate>
<round>1</round>
<failsafecounter/>
<players><player seat="6" name="oreiasccp" chips="1,200" dealer="0" win="0" bet="35" muck="1" rebuy="0" addon="0" merge="0" rebuychips="0" reg_code="8392785763"/>
<player seat="3" name="Brilliantfast83" chips="300" dealer="1" win="70" bet="300" muck="1" rebuy="0" addon="0" merge="0" rebuychips="0" reg_code="8392785759"/>
</players>
</general>
<round no="0"><action no="1" player="Brilliantfast83" type="15" discard="1" dealt="1" sum="5"/>
<action no="2" player="oreiasccp" type="15" sum="5"/>
<action no="3" player="Brilliantfast83" type="1" discard="1" dealt="1" sum="15"/>
<action no="4" player="oreiasccp" type="2" sum="30"/>
</round>
<round no="1"><cards type="Pocket" player="oreiasccp">C6 CQ</cards>
<cards type="Pocket" player="Brilliantfast83">X X</cards>
<action no="5" player="Brilliantfast83" type="23" discard="1" dealt="1" sum="295"/>
<action no="6" player="oreiasccp" type="0" sum="0"/>
</round>
</game>
<game gamecode="11536540749"><general><startdate>2025-06-27 09:58:40</startdate>
<round>1</round>
<failsafecounter/>
<players><player seat="3" name="Brilliantfast83" chips="335" dealer="0" win="70" bet="95" muck="1" rebuy="0" addon="0" merge="0" rebuychips="0" reg_code="8392785759"/>
<player seat="6" name="oreiasccp" chips="1,165" dealer="1" win="0" bet="35" muck="1" rebuy="0" addon="0" merge="0" rebuychips="0" reg_code="8392785763"/>
</players>
</general>
<round no="0"><action no="1" player="oreiasccp" type="15" sum="5"/>
<action no="2" player="Brilliantfast83" type="15" discard="1" dealt="1" sum="5"/>
<action no="3" player="oreiasccp" type="1" sum="15"/>
<action no="4" player="Brilliantfast83" type="2" discard="1" dealt="1" sum="30"/>
</round>
<round no="1"><cards type="Pocket" player="oreiasccp">S2 S4</cards>
<cards type="Pocket" player="Brilliantfast83">X X</cards>
<action no="5" player="oreiasccp" type="3" sum="15"/>
<action no="6" player="Brilliantfast83" type="23" discard="1" dealt="1" sum="90"/>
<action no="7" player="oreiasccp" type="0" sum="0"/>
</round>
</game>
<game gamecode="11536540782"><general><startdate>2025-06-27 09:58:51</startdate>
<round>1</round>
<failsafecounter/>
<players><player seat="6" name="oreiasccp" chips="1,130" dealer="0" win="0" bet="35" muck="1" rebuy="0" addon="0" merge="0" rebuychips="0" reg_code="8392785763"/>
<player seat="3" name="Brilliantfast83" chips="370" dealer="1" win="70" bet="370" muck="1" rebuy="0" addon="0" merge="0" rebuychips="0" reg_code="8392785759"/>
</players>
</general>
<round no="0"><action no="1" player="Brilliantfast83" type="15" discard="1" dealt="1" sum="5"/>
<action no="2" player="oreiasccp" type="15" sum="5"/>
<action no="3" player="Brilliantfast83" type="1" discard="1" dealt="1" sum="15"/>
<action no="4" player="oreiasccp" type="2" sum="30"/>
</round>
<round no="1"><cards type="Pocket" player="oreiasccp">SA H3</cards>
<cards type="Pocket" player="Brilliantfast83">X X</cards>
<action no="5" player="Brilliantfast83" type="23" discard="1" dealt="1" sum="365"/>
<action no="6" player="oreiasccp" type="0" sum="0"/>
</round>
</game>
<game gamecode="11536540816"><general><startdate>2025-06-27 09:59:05</startdate>
<round>1</round>
<failsafecounter/>
<players><player seat="3" name="Brilliantfast83" chips="405" dealer="0" win="0" bet="405" muck="0" rebuy="0" addon="0" merge="0" rebuychips="0" reg_code="8392785759"/>
<player seat="6" name="oreiasccp" chips="1,095" dealer="1" win="810" bet="405" muck="0" rebuy="0" addon="0" merge="0" rebuychips="0" reg_code="8392785763"/>
</players>
</general>
<round no="0"><action no="1" player="oreiasccp" type="15" sum="5"/>
<action no="2" player="Brilliantfast83" type="15" discard="1" dealt="1" sum="5"/>
<action no="3" player="oreiasccp" type="1" sum="15"/>
<action no="4" player="Brilliantfast83" type="2" discard="1" dealt="1" sum="30"/>
</round>
<round no="1"><cards type="Pocket" player="Brilliantfast83">H7 D7</cards>
<cards type="Pocket" player="oreiasccp">H9 HJ</cards>
<action no="5" player="oreiasccp" type="3" sum="15"/>
<action no="6" player="Brilliantfast83" type="23" discard="1" dealt="1" sum="90"/>
<action no="7" player="oreiasccp" type="3" sum="60"/>
</round>
<round no="2"><cards type="Flop">S9 SA H10</cards>
<action no="8" player="Brilliantfast83" type="5" discard="1" dealt="1" sum="190"/>
<action no="9" player="oreiasccp" type="3" sum="190"/>
</round>
<round no="3"><cards type="Turn">C9</cards>
<action no="10" player="Brilliantfast83" type="5" discard="1" dealt="1" sum="120"/>
<action no="11" player="oreiasccp" type="3" sum="120"/>
</round>
<round no="4"><cards type="River">DA</cards>
</round>
</game>
</session>
