<?xml version="1.0" encoding="UTF-8"?>
<session sessioncode="8392872918">
<general>
<client_version>25.1.1.13</client_version>
<mode>real</mode>
<gametype>Holdem NL</gametype>
<tablename>Twister €5 SNG, 1128657367</tablename>
<tournamentcode>1128657366</tournamentcode>
<tournamentname>Twister €5 SNG</tournamentname>
<buyin>€0 + €0.35 + €4.65</buyin>
<totalbuyin>€5</totalbuyin>
<rewarddrawn>€15</rewarddrawn>
<tournamentcurrency>EUR</tournamentcurrency>
<currency>EUR</currency>
<nickname>oreiasccp</nickname>
<gamecount>7</gamecount>
<startdate>2025-06-27 13:38:10</startdate>
<place>3</place>
<win>€0</win>
<tablesize>3</tablesize>
</general>
<game gamecode="11536740627"><general><startdate>2025-06-27 13:38:25</startdate>
<round>1</round>
<failsafecounter/>
<players><player seat="10" name="HTNTN" chips="500" dealer="0" win="20" bet="20" muck="1" rebuy="0" addon="0" merge="0" rebuychips="0" reg_code="8392872924"/>
<player seat="3" name="TooManyTables" chips="500" dealer="1" win="0" bet="0" muck="1" rebuy="0" addon="0" merge="0" rebuychips="0" reg_code="8392872920"/>
<player seat="6" name="oreiasccp" chips="500" dealer="0" win="0" bet="10" muck="1" rebuy="0" addon="0" merge="0" rebuychips="0" reg_code="8392872918"/>
</players>
</general>
<round no="0"><action no="1" player="oreiasccp" type="1" sum="10"/>
<action no="2" player="HTNTN" type="2" discard="1" dealt="1" sum="20"/>
</round>
<round no="1"><cards type="Pocket" player="HTNTN">X X</cards>
<cards type="Pocket" player="oreiasccp">C2 S5</cards>
<cards type="Pocket" player="TooManyTables">X X</cards>
<action no="3" player="TooManyTables" type="0" discard="1" dealt="1" sum="0"/>
<action no="4" player="oreiasccp" type="0" sum="0"/>
</round>
</game>
<game gamecode="11536740665"><general><startdate>2025-06-27 13:38:32</startdate>
<round>1</round>
<failsafecounter/>
<players><player seat="3" name="TooManyTables" chips="500" dealer="0" win="20" bet="20" muck="1" rebuy="0" addon="0" merge="0" rebuychips="0" reg_code="8392872920"/>
<player seat="6" name="oreiasccp" chips="490" dealer="1" win="0" bet="0" muck="1" rebuy="0" addon="0" merge="0" rebuychips="0" reg_code="8392872918"/>
<player seat="10" name="HTNTN" chips="510" dealer="0" win="0" bet="10" muck="1" rebuy="0" addon="0" merge="0" rebuychips="0" reg_code="8392872924"/>
</players>
</general>
<round no="0"><action no="1" player="HTNTN" type="1" discard="1" dealt="1" sum="10"/>
<action no="2" player="TooManyTables" type="2" discard="1" dealt="1" sum="20"/>
</round>
<round no="1"><cards type="Pocket" player="oreiasccp">HQ S4</cards>
<cards type="Pocket" player="HTNTN">X X</cards>
<cards type="Pocket" player="TooManyTables">X X</cards>
<action no="3" player="oreiasccp" type="0" sum="0"/>
<action no="4" player="HTNTN" type="0" discard="1" dealt="1" sum="0"/>
</round>
</game>
<game gamecode="11536740704"><general><startdate>2025-06-27 13:38:40</startdate>
<round>1</round>
<failsafecounter/>
<players><player seat="6" name="oreiasccp" chips="490" dealer="0" win="0" bet="246" muck="0" rebuy="0" addon="0" merge="0" rebuychips="0" reg_code="8392872918"/>
<player seat="10" name="HTNTN" chips="500" dealer="1" win="502" bet="246" muck="0" rebuy="0" addon="0" merge="0" rebuychips="0" reg_code="8392872924"/>
<player seat="3" name="TooManyTables" chips="510" dealer="0" win="0" bet="10" muck="1" rebuy="0" addon="0" merge="0" rebuychips="0" reg_code="8392872920"/>
</players>
</general>
<round no="0"><action no="1" player="TooManyTables" type="1" discard="1" dealt="1" sum="10"/>
<action no="2" player="oreiasccp" type="2" sum="20"/>
</round>
<round no="1"><cards type="Pocket" player="oreiasccp">SK DJ</cards>
<cards type="Pocket" player="TooManyTables">X X</cards>
<cards type="Pocket" player="HTNTN">H10 SA</cards>
<action no="3" player="HTNTN" type="23" discard="1" dealt="1" sum="40"/>
<action no="4" player="TooManyTables" type="0" discard="1" dealt="1" sum="0"/>
<action no="5" player="oreiasccp" type="3" sum="20"/>
</round>
<round no="2"><cards type="Flop">DQ D10 D8</cards>
<action no="6" player="oreiasccp" type="4" sum="0"/>
<action no="7" player="HTNTN" type="4" discard="1" dealt="1" sum="0"/>
</round>
<round no="3"><cards type="Turn">H6</cards>
<action no="8" player="oreiasccp" type="5" sum="66"/>
<action no="9" player="HTNTN" type="3" discard="1" dealt="1" sum="66"/>
</round>
<round no="4"><cards type="River">C5</cards>
<action no="10" player="oreiasccp" type="5" sum="140"/>
<action no="11" player="HTNTN" type="3" discard="1" dealt="1" sum="140"/>
</round>
</game>
<game gamecode="11536740858"><general><startdate>2025-06-27 13:39:10</startdate>
<round>1</round>
<failsafecounter/>
<players><player seat="10" name="HTNTN" chips="756" dealer="0" win="0" bet="20" muck="1" rebuy="0" addon="0" merge="0" rebuychips="0" reg_code="8392872924"/>
<player seat="3" name="TooManyTables" chips="500" dealer="1" win="50" bet="40" muck="1" rebuy="0" addon="0" merge="0" rebuychips="0" reg_code="8392872920"/>
<player seat="6" name="oreiasccp" chips="244" dealer="0" win="0" bet="10" muck="1" rebuy="0" addon="0" merge="0" rebuychips="0" reg_code="8392872918"/>
</players>
</general>
<round no="0"><action no="1" player="oreiasccp" type="1" sum="10"/>
<action no="2" player="HTNTN" type="2" discard="1" dealt="1" sum="20"/>
</round>
<round no="1"><cards type="Pocket" player="TooManyTables">X X</cards>
<cards type="Pocket" player="oreiasccp">D2 D10</cards>
<cards type="Pocket" player="HTNTN">X X</cards>
<action no="3" player="TooManyTables" type="23" discard="1" dealt="1" sum="40"/>
<action no="4" player="oreiasccp" type="0" sum="0"/>
<action no="5" player="HTNTN" type="0" discard="1" dealt="1" sum="0"/>
</round>
</game>
<game gamecode="11536740926"><general><startdate>2025-06-27 13:39:24</startdate>
<round>1</round>
<failsafecounter/>
<players><player seat="3" name="TooManyTables" chips="530" dealer="0" win="20" bet="20" muck="1" rebuy="0" addon="0" merge="0" rebuychips="0" reg_code="8392872920"/>
<player seat="6" name="oreiasccp" chips="234" dealer="1" win="0" bet="0" muck="1" rebuy="0" addon="0" merge="0" rebuychips="0" reg_code="8392872918"/>
<player seat="10" name="HTNTN" chips="736" dealer="0" win="0" bet="10" muck="1" rebuy="0" addon="0" merge="0" rebuychips="0" reg_code="8392872924"/>
</players>
</general>
<round no="0"><action no="1" player="HTNTN" type="1" discard="1" dealt="1" sum="10"/>
<action no="2" player="TooManyTables" type="2" discard="1" dealt="1" sum="20"/>
</round>
<round no="1"><cards type="Pocket" player="HTNTN">X X</cards>
<cards type="Pocket" player="TooManyTables">X X</cards>
<cards type="Pocket" player="oreiasccp">H3 CK</cards>
<action no="3" player="oreiasccp" type="0" sum="0"/>
<action no="4" player="HTNTN" type="0" discard="1" dealt="1" sum="0"/>
</round>
</game>
<game gamecode="11536740961"><general><startdate>2025-06-27 13:39:31</startdate>
<round>1</round>
<failsafecounter/>
<players><player seat="6" name="oreiasccp" chips="234" dealer="0" win="0" bet="60" muck="1" rebuy="0" addon="0" merge="0" rebuychips="0" reg_code="8392872918"/>
<player seat="10" name="HTNTN" chips="726" dealer="1" win="0" bet="0" muck="1" rebuy="0" addon="0" merge="0" rebuychips="0" reg_code="8392872924"/>
<player seat="3" name="TooManyTables" chips="540" dealer="0" win="120" bet="99" muck="1" rebuy="0" addon="0" merge="0" rebuychips="0" reg_code="8392872920"/>
</players>
</general>
<round no="0"><action no="1" player="TooManyTables" type="1" discard="1" dealt="1" sum="10"/>
<action no="2" player="oreiasccp" type="2" sum="20"/>
</round>
<round no="1"><cards type="Pocket" player="oreiasccp">S8 C10</cards>
<cards type="Pocket" player="HTNTN">X X</cards>
<cards type="Pocket" player="TooManyTables">X X</cards>
<action no="3" player="HTNTN" type="0" discard="1" dealt="1" sum="0"/>
<action no="4" player="TooManyTables" type="23" discard="1" dealt="1" sum="40"/>
<action no="5" player="oreiasccp" type="3" sum="20"/>
</round>
<round no="2"><cards type="Flop">CK DJ D10</cards>
<action no="6" player="TooManyTables" type="5" discard="1" dealt="1" sum="20"/>
<action no="7" player="oreiasccp" type="3" sum="20"/>
</round>
<round no="3"><cards type="Turn">H3</cards>
<action no="8" player="TooManyTables" type="5" discard="1" dealt="1" sum="39"/>
<action no="9" player="oreiasccp" type="0" sum="0"/>
</round>
</game>
<game gamecode="11536741084"><general><startdate>2025-06-27 13:39:56</startdate>
<round>1</round>
<failsafecounter/>
<players><player seat="10" name="HTNTN" chips="726" dealer="0" win="348" bet="174" muck="0" rebuy="0" addon="0" merge="0" rebuychips="0" reg_code="8392872924"/>
<player seat="3" name="TooManyTables" chips="600" dealer="1" win="0" bet="0" muck="1" rebuy="0" addon="0" merge="0" rebuychips="0" reg_code="8392872920"/>
<player seat="6" name="oreiasccp" chips="174" dealer="0" win="0" bet="174" muck="0" rebuy="0" addon="0" merge="0" rebuychips="0" reg_code="8392872918"/>
</players>
</general>
<round no="0"><action no="1" player="oreiasccp" type="1" sum="10"/>
<action no="2" player="HTNTN" type="2" discard="1" dealt="1" sum="20"/>
</round>
<round no="1"><cards type="Pocket" player="HTNTN">H6 SK</cards>
<cards type="Pocket" player="TooManyTables">X X</cards>
<cards type="Pocket" player="oreiasccp">CQ SA</cards>
<action no="3" player="TooManyTables" type="0" discard="1" dealt="1" sum="0"/>
<action no="4" player="oreiasccp" type="23" sum="174"/>
<action no="5" player="HTNTN" type="3" discard="1" dealt="1" sum="154"/>
</round>
<round no="2"><cards type="Flop">D10 DK H8</cards>
</round>
<round no="3"><cards type="Turn">D8</cards>
</round>
<round no="4"><cards type="River">C9</cards>
</round>
</game>
</session>
