<?xml version="1.0" encoding="UTF-8"?>
<session sessioncode="8392847892">
<general>
<client_version>25.1.1.13</client_version>
<mode>real</mode>
<gametype>Holdem NL</gametype>
<tablename>Twister €5 SNG, 1128654263</tablename>
<tournamentcode>1128654262</tournamentcode>
<tournamentname>Twister €5 SNG</tournamentname>
<buyin>€0 + €0.35 + €4.65</buyin>
<totalbuyin>€5</totalbuyin>
<rewarddrawn>€15</rewarddrawn>
<tournamentcurrency>EUR</tournamentcurrency>
<currency>EUR</currency>
<nickname>oreiasccp</nickname>
<gamecount>13</gamecount>
<startdate>2025-06-27 12:38:24</startdate>
<place>2</place>
<win>€0</win>
<tablesize>3</tablesize>
</general>
<game gamecode="11536681877"><general><startdate>2025-06-27 12:38:39</startdate>
<round>1</round>
<failsafecounter/>
<players><player seat="10" name="Raresoft468" chips="500" dealer="0" win="0" bet="20" muck="1" rebuy="0" addon="0" merge="0" rebuychips="0" reg_code="8392847902"/>
<player seat="3" name="spadesaber45" chips="500" dealer="1" win="0" bet="20" muck="1" rebuy="0" addon="0" merge="0" rebuychips="0" reg_code="8392847856"/>
<player seat="6" name="oreiasccp" chips="500" dealer="0" win="60" bet="500" muck="1" rebuy="0" addon="0" merge="0" rebuychips="0" reg_code="8392847892"/>
</players>
</general>
<round no="0"><action no="1" player="oreiasccp" type="1" sum="10"/>
<action no="2" player="Raresoft468" type="2" discard="1" dealt="1" sum="20"/>
</round>
<round no="1"><cards type="Pocket" player="spadesaber45">X X</cards>
<cards type="Pocket" player="oreiasccp">HA S5</cards>
<cards type="Pocket" player="Raresoft468">X X</cards>
<action no="3" player="spadesaber45" type="3" discard="1" dealt="1" sum="20"/>
<action no="4" player="oreiasccp" type="23" sum="500"/>
<action no="5" player="Raresoft468" type="0" discard="1" dealt="1" sum="0"/>
<action no="6" player="spadesaber45" type="0" discard="1" dealt="1" sum="0"/>
</round>
</game>
<game gamecode="11536681910"><general><startdate>2025-06-27 12:38:49</startdate>
<round>1</round>
<failsafecounter/>
<players><player seat="3" name="spadesaber45" chips="480" dealer="0" win="120" bet="60" muck="0" rebuy="0" addon="0" merge="0" rebuychips="0" reg_code="8392847856"/>
<player seat="6" name="oreiasccp" chips="540" dealer="1" win="0" bet="0" muck="1" rebuy="0" addon="0" merge="0" rebuychips="0" reg_code="8392847892"/>
<player seat="10" name="Raresoft468" chips="480" dealer="0" win="0" bet="60" muck="1" rebuy="0" addon="0" merge="0" rebuychips="0" reg_code="8392847902"/>
</players>
</general>
<round no="0"><action no="1" player="Raresoft468" type="1" discard="1" dealt="1" sum="10"/>
<action no="2" player="spadesaber45" type="2" discard="1" dealt="1" sum="20"/>
</round>
<round no="1"><cards type="Pocket" player="Raresoft468">S4 D4</cards>
<cards type="Pocket" player="oreiasccp">CJ C4</cards>
<cards type="Pocket" player="spadesaber45">C9 S3</cards>
<action no="3" player="oreiasccp" type="0" sum="0"/>
<action no="4" player="Raresoft468" type="3" discard="1" dealt="1" sum="10"/>
<action no="5" player="spadesaber45" type="4" discard="1" dealt="1" sum="0"/>
</round>
<round no="2"><cards type="Flop">D9 HK D10</cards>
<action no="6" player="Raresoft468" type="4" discard="1" dealt="1" sum="0"/>
<action no="7" player="spadesaber45" type="5" discard="1" dealt="1" sum="20"/>
<action no="8" player="Raresoft468" type="3" discard="1" dealt="1" sum="20"/>
</round>
<round no="3"><cards type="Turn">H5</cards>
<action no="9" player="Raresoft468" type="4" discard="1" dealt="1" sum="0"/>
<action no="10" player="spadesaber45" type="5" discard="1" dealt="1" sum="20"/>
<action no="11" player="Raresoft468" type="3" discard="1" dealt="1" sum="20"/>
</round>
<round no="4"><cards type="River">SK</cards>
<action no="12" player="Raresoft468" type="4" discard="1" dealt="1" sum="0"/>
<action no="13" player="spadesaber45" type="4" discard="1" dealt="1" sum="0"/>
</round>
</game>
<game gamecode="11536681980"><general><startdate>2025-06-27 12:39:07</startdate>
<round>1</round>
<failsafecounter/>
<players><player seat="6" name="oreiasccp" chips="540" dealer="0" win="0" bet="40" muck="1" rebuy="0" addon="0" merge="0" rebuychips="0" reg_code="8392847892"/>
<player seat="10" name="Raresoft468" chips="420" dealer="1" win="90" bet="100" muck="1" rebuy="0" addon="0" merge="0" rebuychips="0" reg_code="8392847902"/>
<player seat="3" name="spadesaber45" chips="540" dealer="0" win="0" bet="10" muck="1" rebuy="0" addon="0" merge="0" rebuychips="0" reg_code="8392847856"/>
</players>
</general>
<round no="0"><action no="1" player="spadesaber45" type="1" discard="1" dealt="1" sum="10"/>
<action no="2" player="oreiasccp" type="2" sum="20"/>
</round>
<round no="1"><cards type="Pocket" player="spadesaber45">X X</cards>
<cards type="Pocket" player="oreiasccp">D2 H10</cards>
<cards type="Pocket" player="Raresoft468">X X</cards>
<action no="3" player="Raresoft468" type="3" discard="1" dealt="1" sum="20"/>
<action no="4" player="spadesaber45" type="0" discard="1" dealt="1" sum="0"/>
<action no="5" player="oreiasccp" type="4" sum="0"/>
</round>
<round no="2"><cards type="Flop">CJ S4 S10</cards>
<action no="6" player="oreiasccp" type="4" sum="0"/>
<action no="7" player="Raresoft468" type="5" discard="1" dealt="1" sum="20"/>
<action no="8" player="oreiasccp" type="3" sum="20"/>
</round>
<round no="3"><cards type="Turn">SK</cards>
<action no="9" player="oreiasccp" type="4" sum="0"/>
<action no="10" player="Raresoft468" type="5" discard="1" dealt="1" sum="60"/>
<action no="11" player="oreiasccp" type="0" sum="0"/>
</round>
</game>
<game gamecode="11536682069"><general><startdate>2025-06-27 12:39:30</startdate>
<round>1</round>
<failsafecounter/>
<players><player seat="10" name="Raresoft468" chips="470" dealer="0" win="0" bet="100" muck="1" rebuy="0" addon="0" merge="0" rebuychips="0" reg_code="8392847902"/>
<player seat="3" name="spadesaber45" chips="530" dealer="1" win="210" bet="100" muck="0" rebuy="0" addon="0" merge="0" rebuychips="0" reg_code="8392847856"/>
<player seat="6" name="oreiasccp" chips="500" dealer="0" win="0" bet="10" muck="1" rebuy="0" addon="0" merge="0" rebuychips="0" reg_code="8392847892"/>
</players>
</general>
<round no="0"><action no="1" player="oreiasccp" type="1" sum="10"/>
<action no="2" player="Raresoft468" type="2" discard="1" dealt="1" sum="20"/>
</round>
<round no="1"><cards type="Pocket" player="spadesaber45">D3 DK</cards>
<cards type="Pocket" player="Raresoft468">D5 C5</cards>
<cards type="Pocket" player="oreiasccp">CJ H6</cards>
<action no="3" player="spadesaber45" type="3" discard="1" dealt="1" sum="20"/>
<action no="4" player="oreiasccp" type="0" sum="0"/>
<action no="5" player="Raresoft468" type="4" discard="1" dealt="1" sum="0"/>
</round>
<round no="2"><cards type="Flop">HK C10 D4</cards>
<action no="6" player="Raresoft468" type="4" discard="1" dealt="1" sum="0"/>
<action no="7" player="spadesaber45" type="5" discard="1" dealt="1" sum="40"/>
<action no="8" player="Raresoft468" type="3" discard="1" dealt="1" sum="40"/>
</round>
<round no="3"><cards type="Turn">D10</cards>
<action no="9" player="Raresoft468" type="4" discard="1" dealt="1" sum="0"/>
<action no="10" player="spadesaber45" type="5" discard="1" dealt="1" sum="40"/>
<action no="11" player="Raresoft468" type="3" discard="1" dealt="1" sum="40"/>
</round>
<round no="4"><cards type="River">S8</cards>
<action no="12" player="Raresoft468" type="4" discard="1" dealt="1" sum="0"/>
<action no="13" player="spadesaber45" type="4" discard="1" dealt="1" sum="0"/>
</round>
</game>
<game gamecode="11536682148"><general><startdate>2025-06-27 12:39:51</startdate>
<round>1</round>
<failsafecounter/>
<players><player seat="3" name="spadesaber45" chips="640" dealer="0" win="0" bet="20" muck="1" rebuy="0" addon="0" merge="0" rebuychips="0" reg_code="8392847856"/>
<player seat="6" name="oreiasccp" chips="490" dealer="1" win="420" bet="370" muck="1" rebuy="0" addon="0" merge="0" rebuychips="0" reg_code="8392847892"/>
<player seat="10" name="Raresoft468" chips="370" dealer="0" win="0" bet="200" muck="1" rebuy="0" addon="0" merge="0" rebuychips="0" reg_code="8392847902"/>
</players>
</general>
<round no="0"><action no="1" player="Raresoft468" type="1" discard="1" dealt="1" sum="10"/>
<action no="2" player="spadesaber45" type="2" discard="1" dealt="1" sum="20"/>
</round>
<round no="1"><cards type="Pocket" player="spadesaber45">X X</cards>
<cards type="Pocket" player="oreiasccp">HQ S9</cards>
<cards type="Pocket" player="Raresoft468">X X</cards>
<action no="3" player="oreiasccp" type="23" sum="40"/>
<action no="4" player="Raresoft468" type="3" discard="1" dealt="1" sum="30"/>
<action no="5" player="spadesaber45" type="0" discard="1" dealt="1" sum="0"/>
</round>
<round no="2"><cards type="Flop">H9 H7 DK</cards>
<action no="6" player="Raresoft468" type="4" discard="1" dealt="1" sum="0"/>
<action no="7" player="oreiasccp" type="5" sum="20"/>
<action no="8" player="Raresoft468" type="3" discard="1" dealt="1" sum="20"/>
</round>
<round no="3"><cards type="Turn">S7</cards>
<action no="9" player="Raresoft468" type="4" discard="1" dealt="1" sum="0"/>
<action no="10" player="oreiasccp" type="4" sum="0"/>
</round>
<round no="4"><cards type="River">D9</cards>
<action no="11" player="Raresoft468" type="5" discard="1" dealt="1" sum="140"/>
<action no="12" player="oreiasccp" type="23" sum="310"/>
<action no="13" player="Raresoft468" type="0" discard="1" dealt="1" sum="0"/>
</round>
</game>
<game gamecode="11536682272"><general><startdate>2025-06-27 12:40:23</startdate>
<round>1</round>
<failsafecounter/>
<players><player seat="6" name="oreiasccp" chips="710" dealer="0" win="40" bet="40" muck="1" rebuy="0" addon="0" merge="0" rebuychips="0" reg_code="8392847892"/>
<player seat="10" name="Raresoft468" chips="170" dealer="1" win="0" bet="0" muck="1" rebuy="0" addon="0" merge="0" rebuychips="0" reg_code="8392847902"/>
<player seat="3" name="spadesaber45" chips="620" dealer="0" win="0" bet="20" muck="1" rebuy="0" addon="0" merge="0" rebuychips="0" reg_code="8392847856"/>
</players>
</general>
<round no="0"><action no="1" player="spadesaber45" type="1" discard="1" dealt="1" sum="10"/>
<action no="2" player="oreiasccp" type="2" sum="20"/>
</round>
<round no="1"><cards type="Pocket" player="spadesaber45">X X</cards>
<cards type="Pocket" player="Raresoft468">X X</cards>
<cards type="Pocket" player="oreiasccp">H9 DQ</cards>
<action no="3" player="Raresoft468" type="0" discard="1" dealt="1" sum="0"/>
<action no="4" player="spadesaber45" type="3" discard="1" dealt="1" sum="10"/>
<action no="5" player="oreiasccp" type="4" sum="0"/>
</round>
<round no="2"><cards type="Flop">S5 D10 CQ</cards>
<action no="6" player="spadesaber45" type="4" discard="1" dealt="1" sum="0"/>
<action no="7" player="oreiasccp" type="4" sum="0"/>
</round>
<round no="3"><cards type="Turn">HA</cards>
<action no="8" player="spadesaber45" type="4" discard="1" dealt="1" sum="0"/>
<action no="9" player="oreiasccp" type="4" sum="0"/>
</round>
<round no="4"><cards type="River">CA</cards>
<action no="10" player="spadesaber45" type="4" discard="1" dealt="1" sum="0"/>
<action no="11" player="oreiasccp" type="5" sum="20"/>
<action no="12" player="spadesaber45" type="0" discard="1" dealt="1" sum="0"/>
</round>
</game>
<game gamecode="11536682335"><general><startdate>2025-06-27 12:40:43</startdate>
<round>1</round>
<failsafecounter/>
<players><player seat="10" name="Raresoft468" chips="170" dealer="0" win="0" bet="35" muck="1" rebuy="0" addon="0" merge="0" rebuychips="0" reg_code="8392847902"/>
<player seat="3" name="spadesaber45" chips="600" dealer="1" win="0" bet="5" muck="1" rebuy="0" addon="0" merge="0" rebuychips="0" reg_code="8392847856"/>
<player seat="6" name="oreiasccp" chips="730" dealer="0" win="75" bet="170" muck="1" rebuy="0" addon="0" merge="0" rebuychips="0" reg_code="8392847892"/>
</players>
</general>
<round no="0"><action no="1" player="oreiasccp" type="15" sum="5"/>
<action no="2" player="Raresoft468" type="15" discard="1" dealt="1" sum="5"/>
<action no="3" player="spadesaber45" type="15" discard="1" dealt="1" sum="5"/>
<action no="4" player="oreiasccp" type="1" sum="15"/>
<action no="5" player="Raresoft468" type="2" discard="1" dealt="1" sum="30"/>
</round>
<round no="1"><cards type="Pocket" player="spadesaber45">X X</cards>
<cards type="Pocket" player="oreiasccp">D7 CK</cards>
<cards type="Pocket" player="Raresoft468">X X</cards>
<action no="6" player="spadesaber45" type="0" discard="1" dealt="1" sum="0"/>
<action no="7" player="oreiasccp" type="23" sum="165"/>
<action no="8" player="Raresoft468" type="0" discard="1" dealt="1" sum="0"/>
</round>
</game>
<game gamecode="11536682366"><general><startdate>2025-06-27 12:40:54</startdate>
<round>1</round>
<failsafecounter/>
<players><player seat="3" name="spadesaber45" chips="595" dealer="0" win="0" bet="135" muck="1" rebuy="0" addon="0" merge="0" rebuychips="0" reg_code="8392847856"/>
<player seat="6" name="oreiasccp" chips="770" dealer="1" win="0" bet="5" muck="1" rebuy="0" addon="0" merge="0" rebuychips="0" reg_code="8392847892"/>
<player seat="10" name="Raresoft468" chips="135" dealer="0" win="275" bet="135" muck="0" rebuy="0" addon="0" merge="0" rebuychips="0" reg_code="8392847902"/>
</players>
</general>
<round no="0"><action no="1" player="Raresoft468" type="15" discard="1" dealt="1" sum="5"/>
<action no="2" player="spadesaber45" type="15" discard="1" dealt="1" sum="5"/>
<action no="3" player="oreiasccp" type="15" sum="5"/>
<action no="4" player="Raresoft468" type="1" discard="1" dealt="1" sum="15"/>
<action no="5" player="spadesaber45" type="2" discard="1" dealt="1" sum="30"/>
</round>
<round no="1"><cards type="Pocket" player="spadesaber45">SK S6</cards>
<cards type="Pocket" player="Raresoft468">CA DJ</cards>
<cards type="Pocket" player="oreiasccp">DQ C8</cards>
<action no="6" player="oreiasccp" type="0" sum="0"/>
<action no="7" player="Raresoft468" type="23" discard="1" dealt="1" sum="130"/>
<action no="8" player="spadesaber45" type="3" discard="1" dealt="1" sum="100"/>
</round>
<round no="2"><cards type="Flop">CJ C9 H7</cards>
</round>
<round no="3"><cards type="Turn">D5</cards>
</round>
<round no="4"><cards type="River">H3</cards>
</round>
</game>
<game gamecode="11536682427"><general><startdate>2025-06-27 12:41:11</startdate>
<round>1</round>
<failsafecounter/>
<players><player seat="6" name="oreiasccp" chips="765" dealer="0" win="0" bet="35" muck="1" rebuy="0" addon="0" merge="0" rebuychips="0" reg_code="8392847892"/>
<player seat="10" name="Raresoft468" chips="275" dealer="1" win="0" bet="275" muck="0" rebuy="0" addon="0" merge="0" rebuychips="0" reg_code="8392847902"/>
<player seat="3" name="spadesaber45" chips="460" dealer="0" win="585" bet="275" muck="0" rebuy="0" addon="0" merge="0" rebuychips="0" reg_code="8392847856"/>
</players>
</general>
<round no="0"><action no="1" player="spadesaber45" type="15" discard="1" dealt="1" sum="5"/>
<action no="2" player="oreiasccp" type="15" sum="5"/>
<action no="3" player="Raresoft468" type="15" discard="1" dealt="1" sum="5"/>
<action no="4" player="spadesaber45" type="1" discard="1" dealt="1" sum="15"/>
<action no="5" player="oreiasccp" type="2" sum="30"/>
</round>
<round no="1"><cards type="Pocket" player="oreiasccp">C10 H4</cards>
<cards type="Pocket" player="spadesaber45">D4 SA</cards>
<cards type="Pocket" player="Raresoft468">SQ DQ</cards>
<action no="6" player="Raresoft468" type="3" discard="1" dealt="1" sum="30"/>
<action no="7" player="spadesaber45" type="23" discard="1" dealt="1" sum="90"/>
<action no="8" player="oreiasccp" type="0" sum="0"/>
<action no="9" player="Raresoft468" type="23" discard="1" dealt="1" sum="270"/>
<action no="10" player="spadesaber45" type="3" discard="1" dealt="1" sum="180"/>
</round>
<round no="2"><cards type="Flop">C7 DA H3</cards>
</round>
<round no="3"><cards type="Turn">H6</cards>
</round>
<round no="4"><cards type="River">S7</cards>
</round>
</game>
<game gamecode="11536682498"><general><startdate>2025-06-27 12:41:33</startdate>
<round>1</round>
<failsafecounter/>
<players><player seat="6" name="oreiasccp" chips="730" dealer="0" win="40" bet="35" muck="1" rebuy="0" addon="0" merge="0" rebuychips="0" reg_code="8392847892"/>
<player seat="3" name="spadesaber45" chips="770" dealer="1" win="0" bet="20" muck="1" rebuy="0" addon="0" merge="0" rebuychips="0" reg_code="8392847856"/>
</players>
</general>
<round no="0"><action no="1" player="spadesaber45" type="15" discard="1" dealt="1" sum="5"/>
<action no="2" player="oreiasccp" type="15" sum="5"/>
<action no="3" player="spadesaber45" type="1" discard="1" dealt="1" sum="15"/>
<action no="4" player="oreiasccp" type="2" sum="30"/>
</round>
<round no="1"><cards type="Pocket" player="spadesaber45">X X</cards>
<cards type="Pocket" player="oreiasccp">CJ CK</cards>
<action no="5" player="spadesaber45" type="0" discard="1" dealt="1" sum="0"/>
</round>
</game>
<game gamecode="11536682534"><general><startdate>2025-06-27 12:41:43</startdate>
<round>1</round>
<failsafecounter/>
<players><player seat="3" name="spadesaber45" chips="750" dealer="0" win="190" bet="185" muck="1" rebuy="0" addon="0" merge="0" rebuychips="0" reg_code="8392847856"/>
<player seat="6" name="oreiasccp" chips="750" dealer="1" win="0" bet="95" muck="1" rebuy="0" addon="0" merge="0" rebuychips="0" reg_code="8392847892"/>
</players>
</general>
<round no="0"><action no="1" player="oreiasccp" type="15" sum="5"/>
<action no="2" player="spadesaber45" type="15" discard="1" dealt="1" sum="5"/>
<action no="3" player="oreiasccp" type="1" sum="15"/>
<action no="4" player="spadesaber45" type="2" discard="1" dealt="1" sum="30"/>
</round>
<round no="1"><cards type="Pocket" player="oreiasccp">DK S6</cards>
<cards type="Pocket" player="spadesaber45">X X</cards>
<action no="5" player="oreiasccp" type="23" sum="60"/>
<action no="6" player="spadesaber45" type="3" discard="1" dealt="1" sum="30"/>
</round>
<round no="2"><cards type="Flop">D9 SA HJ</cards>
<action no="7" player="spadesaber45" type="4" discard="1" dealt="1" sum="0"/>
<action no="8" player="oreiasccp" type="5" sum="30"/>
<action no="9" player="spadesaber45" type="3" discard="1" dealt="1" sum="30"/>
</round>
<round no="3"><cards type="Turn">S7</cards>
<action no="10" player="spadesaber45" type="4" discard="1" dealt="1" sum="0"/>
<action no="11" player="oreiasccp" type="4" sum="0"/>
</round>
<round no="4"><cards type="River">C2</cards>
<action no="12" player="spadesaber45" type="5" discard="1" dealt="1" sum="90"/>
<action no="13" player="oreiasccp" type="0" sum="0"/>
</round>
</game>
<game gamecode="11536682590"><general><startdate>2025-06-27 12:42:04</startdate>
<round>1</round>
<failsafecounter/>
<players><player seat="6" name="oreiasccp" chips="655" dealer="0" win="0" bet="35" muck="1" rebuy="0" addon="0" merge="0" rebuychips="0" reg_code="8392847892"/>
<player seat="3" name="spadesaber45" chips="845" dealer="1" win="70" bet="185" muck="1" rebuy="0" addon="0" merge="0" rebuychips="0" reg_code="8392847856"/>
</players>
</general>
<round no="0"><action no="1" player="spadesaber45" type="15" discard="1" dealt="1" sum="5"/>
<action no="2" player="oreiasccp" type="15" sum="5"/>
<action no="3" player="spadesaber45" type="1" discard="1" dealt="1" sum="15"/>
<action no="4" player="oreiasccp" type="2" sum="30"/>
</round>
<round no="1"><cards type="Pocket" player="oreiasccp">C5 CK</cards>
<cards type="Pocket" player="spadesaber45">X X</cards>
<action no="5" player="spadesaber45" type="23" discard="1" dealt="1" sum="180"/>
<action no="6" player="oreiasccp" type="0" sum="0"/>
</round>
</game>
<game gamecode="11536687494"><general><startdate>2025-06-27 12:42:15</startdate>
<round>1</round>
<failsafecounter/>
<players><player seat="3" name="spadesaber45" chips="880" dealer="0" win="1,240" bet="880" muck="0" rebuy="0" addon="0" merge="0" rebuychips="0" reg_code="8392847856"/>
<player seat="6" name="oreiasccp" chips="620" dealer="1" win="0" bet="620" muck="1" rebuy="0" addon="0" merge="0" rebuychips="0" reg_code="8392847892"/>
</players>
</general>
<round no="0"><action no="1" player="oreiasccp" type="15" sum="5"/>
<action no="2" player="spadesaber45" type="15" discard="1" dealt="1" sum="5"/>
<action no="3" player="oreiasccp" type="1" sum="15"/>
<action no="4" player="spadesaber45" type="2" discard="1" dealt="1" sum="30"/>
</round>
<round no="1"><cards type="Pocket" player="oreiasccp">CQ SK</cards>
<cards type="Pocket" player="spadesaber45">S8 CA</cards>
<action no="5" player="oreiasccp" type="3" sum="15"/>
<action no="6" player="spadesaber45" type="23" discard="1" dealt="1" sum="120"/>
<action no="7" player="oreiasccp" type="3" sum="90"/>
</round>
<round no="2"><cards type="Flop">C2 DA HK</cards>
<action no="8" player="spadesaber45" type="5" discard="1" dealt="1" sum="90"/>
<action no="9" player="oreiasccp" type="3" sum="90"/>
</round>
<round no="3"><cards type="Turn">H9</cards>
<action no="10" player="spadesaber45" type="5" discard="1" dealt="1" sum="150"/>
<action no="11" player="oreiasccp" type="3" sum="150"/>
</round>
<round no="4"><cards type="River">H5</cards>
<action no="12" player="spadesaber45" type="5" discard="1" dealt="1" sum="515"/>
<action no="13" player="oreiasccp" type="7" sum="255"/>
</round>
</game>
</session>
