<?xml version="1.0" encoding="UTF-8"?>
<session sessioncode="8392844433">
<general>
<client_version>25.1.1.13</client_version>
<mode>real</mode>
<gametype>Holdem NL</gametype>
<tablename>Twister €5 SNG, 1128653914</tablename>
<tournamentcode>1128653913</tournamentcode>
<tournamentname>Twister €5 SNG</tournamentname>
<buyin>€0 + €0.35 + €4.65</buyin>
<totalbuyin>€5</totalbuyin>
<rewarddrawn>€10</rewarddrawn>
<tournamentcurrency>EUR</tournamentcurrency>
<currency>EUR</currency>
<nickname>oreiasccp</nickname>
<gamecount>1</gamecount>
<startdate>2025-06-27 12:29:33</startdate>
<place>3</place>
<win>€0</win>
<tablesize>3</tablesize>
</general>
<game gamecode="11536674204"><general><startdate>2025-06-27 12:29:48</startdate>
<round>1</round>
<failsafecounter/>
<players><player seat="3" name="bobbb1" chips="500" dealer="0" win="1,000" bet="500" muck="0" rebuy="0" addon="0" merge="0" rebuychips="0" reg_code="8392844277"/>
<player seat="6" name="doctorbrave29" chips="500" dealer="1" win="0" bet="0" muck="1" rebuy="0" addon="0" merge="0" rebuychips="0" reg_code="8392844298"/>
<player seat="10" name="oreiasccp" chips="500" dealer="0" win="0" bet="500" muck="1" rebuy="0" addon="0" merge="0" rebuychips="0" reg_code="8392844433"/>
</players>
</general>
<round no="0"><action no="1" player="oreiasccp" type="1" sum="10"/>
<action no="2" player="bobbb1" type="2" discard="1" dealt="1" sum="20"/>
</round>
<round no="1"><cards type="Pocket" player="oreiasccp">D9 SQ</cards>
<cards type="Pocket" player="doctorbrave29">X X</cards>
<cards type="Pocket" player="bobbb1">D8 D5</cards>
<action no="3" player="doctorbrave29" type="0" discard="1" dealt="1" sum="0"/>
<action no="4" player="oreiasccp" type="23" sum="40"/>
<action no="5" player="bobbb1" type="3" discard="1" dealt="1" sum="20"/>
</round>
<round no="2"><cards type="Flop">DJ S5 H9</cards>
<action no="6" player="oreiasccp" type="5" sum="69"/>
<action no="7" player="bobbb1" type="3" discard="1" dealt="1" sum="69"/>
</round>
<round no="3"><cards type="Turn">S8</cards>
<action no="8" player="oreiasccp" type="5" sum="187"/>
<action no="9" player="bobbb1" type="3" discard="1" dealt="1" sum="187"/>
</round>
<round no="4"><cards type="River">C6</cards>
<action no="10" player="oreiasccp" type="5" sum="204"/>
<action no="11" player="bobbb1" type="7" discard="1" dealt="1" sum="204"/>
</round>
</game>
</session>
