<?xml version="1.0" encoding="UTF-8"?>
<session sessioncode="8392766232">
<general>
<client_version>25.1.1.13</client_version>
<mode>real</mode>
<gametype>Holdem NL</gametype>
<tablename>Twister €5 SNG, 1128643889</tablename>
<tournamentcode>1128643888</tournamentcode>
<tournamentname>Twister €5 SNG</tournamentname>
<buyin>€0 + €0.35 + €4.65</buyin>
<totalbuyin>€5</totalbuyin>
<rewarddrawn>€25</rewarddrawn>
<tournamentcurrency>EUR</tournamentcurrency>
<currency>EUR</currency>
<nickname>oreiasccp</nickname>
<gamecount>33</gamecount>
<startdate>2025-06-27 08:39:02</startdate>
<place>1</place>
<win>€25</win>
<tablesize>3</tablesize>
</general>
<game gamecode="11536486040"><general><startdate>2025-06-27 08:39:17</startdate>
<round>1</round>
<failsafecounter/>
<players><player seat="3" name="piortrek1" chips="500" dealer="0" win="20" bet="20" muck="1" rebuy="0" addon="0" merge="0" rebuychips="0" reg_code="8392766162"/>
<player seat="6" name="Easymode" chips="500" dealer="1" win="0" bet="0" muck="1" rebuy="0" addon="0" merge="0" rebuychips="0" reg_code="8392766233"/>
<player seat="10" name="oreiasccp" chips="500" dealer="0" win="0" bet="10" muck="1" rebuy="0" addon="0" merge="0" rebuychips="0" reg_code="8392766232"/>
</players>
</general>
<round no="0"><action no="1" player="oreiasccp" type="1" sum="10"/>
<action no="2" player="piortrek1" type="2" discard="1" dealt="1" sum="20"/>
</round>
<round no="1"><cards type="Pocket" player="oreiasccp">C10 D5</cards>
<cards type="Pocket" player="Easymode">X X</cards>
<cards type="Pocket" player="piortrek1">X X</cards>
<action no="3" player="Easymode" type="0" discard="1" dealt="1" sum="0"/>
<action no="4" player="oreiasccp" type="0" sum="0"/>
</round>
</game>
<game gamecode="11536486056"><general><startdate>2025-06-27 08:39:24</startdate>
<round>1</round>
<failsafecounter/>
<players><player seat="6" name="Easymode" chips="500" dealer="0" win="0" bet="20" muck="1" rebuy="0" addon="0" merge="0" rebuychips="0" reg_code="8392766233"/>
<player seat="10" name="oreiasccp" chips="490" dealer="1" win="50" bet="490" muck="1" rebuy="0" addon="0" merge="0" rebuychips="0" reg_code="8392766232"/>
<player seat="3" name="piortrek1" chips="510" dealer="0" win="0" bet="10" muck="1" rebuy="0" addon="0" merge="0" rebuychips="0" reg_code="8392766162"/>
</players>
</general>
<round no="0"><action no="1" player="piortrek1" type="1" discard="1" dealt="1" sum="10"/>
<action no="2" player="Easymode" type="2" discard="1" dealt="1" sum="20"/>
</round>
<round no="1"><cards type="Pocket" player="piortrek1">X X</cards>
<cards type="Pocket" player="oreiasccp">DA C10</cards>
<cards type="Pocket" player="Easymode">X X</cards>
<action no="3" player="oreiasccp" type="23" sum="490"/>
<action no="4" player="piortrek1" type="0" discard="1" dealt="1" sum="0"/>
<action no="5" player="Easymode" type="0" discard="1" dealt="1" sum="0"/>
</round>
</game>
<game gamecode="11536486103"><general><startdate>2025-06-27 08:39:41</startdate>
<round>1</round>
<failsafecounter/>
<players><player seat="10" name="oreiasccp" chips="520" dealer="0" win="80" bet="80" muck="1" rebuy="0" addon="0" merge="0" rebuychips="0" reg_code="8392766232"/>
<player seat="3" name="piortrek1" chips="500" dealer="1" win="0" bet="0" muck="1" rebuy="0" addon="0" merge="0" rebuychips="0" reg_code="8392766162"/>
<player seat="6" name="Easymode" chips="480" dealer="0" win="0" bet="40" muck="1" rebuy="0" addon="0" merge="0" rebuychips="0" reg_code="8392766233"/>
</players>
</general>
<round no="0"><action no="1" player="Easymode" type="1" discard="1" dealt="1" sum="10"/>
<action no="2" player="oreiasccp" type="2" sum="20"/>
</round>
<round no="1"><cards type="Pocket" player="oreiasccp">SK C5</cards>
<cards type="Pocket" player="Easymode">X X</cards>
<cards type="Pocket" player="piortrek1">X X</cards>
<action no="3" player="piortrek1" type="0" discard="1" dealt="1" sum="0"/>
<action no="4" player="Easymode" type="3" discard="1" dealt="1" sum="10"/>
<action no="5" player="oreiasccp" type="4" sum="0"/>
</round>
<round no="2"><cards type="Flop">D6 H3 C7</cards>
<action no="6" player="Easymode" type="4" discard="1" dealt="1" sum="0"/>
<action no="7" player="oreiasccp" type="4" sum="0"/>
</round>
<round no="3"><cards type="Turn">C4</cards>
<action no="8" player="Easymode" type="4" discard="1" dealt="1" sum="0"/>
<action no="9" player="oreiasccp" type="5" sum="20"/>
<action no="10" player="Easymode" type="3" discard="1" dealt="1" sum="20"/>
</round>
<round no="4"><cards type="River">CA</cards>
<action no="11" player="Easymode" type="4" discard="1" dealt="1" sum="0"/>
<action no="12" player="oreiasccp" type="5" sum="40"/>
<action no="13" player="Easymode" type="0" discard="1" dealt="1" sum="0"/>
</round>
</game>
<game gamecode="11536486167"><general><startdate>2025-06-27 08:40:05</startdate>
<round>1</round>
<failsafecounter/>
<players><player seat="3" name="piortrek1" chips="500" dealer="0" win="0" bet="20" muck="1" rebuy="0" addon="0" merge="0" rebuychips="0" reg_code="8392766162"/>
<player seat="6" name="Easymode" chips="440" dealer="1" win="60" bet="50" muck="1" rebuy="0" addon="0" merge="0" rebuychips="0" reg_code="8392766233"/>
<player seat="10" name="oreiasccp" chips="560" dealer="0" win="0" bet="20" muck="1" rebuy="0" addon="0" merge="0" rebuychips="0" reg_code="8392766232"/>
</players>
</general>
<round no="0"><action no="1" player="oreiasccp" type="1" sum="10"/>
<action no="2" player="piortrek1" type="2" discard="1" dealt="1" sum="20"/>
</round>
<round no="1"><cards type="Pocket" player="piortrek1">X X</cards>
<cards type="Pocket" player="Easymode">X X</cards>
<cards type="Pocket" player="oreiasccp">D8 D10</cards>
<action no="3" player="Easymode" type="3" discard="1" dealt="1" sum="20"/>
<action no="4" player="oreiasccp" type="3" sum="10"/>
<action no="5" player="piortrek1" type="4" discard="1" dealt="1" sum="0"/>
</round>
<round no="2"><cards type="Flop">C7 CQ C2</cards>
<action no="6" player="oreiasccp" type="4" sum="0"/>
<action no="7" player="piortrek1" type="4" discard="1" dealt="1" sum="0"/>
<action no="8" player="Easymode" type="5" discard="1" dealt="1" sum="30"/>
<action no="9" player="oreiasccp" type="0" sum="0"/>
<action no="10" player="piortrek1" type="0" discard="1" dealt="1" sum="0"/>
</round>
</game>
<game gamecode="11536486247"><general><startdate>2025-06-27 08:40:37</startdate>
<round>1</round>
<failsafecounter/>
<players><player seat="6" name="Easymode" chips="480" dealer="0" win="20" bet="20" muck="1" rebuy="0" addon="0" merge="0" rebuychips="0" reg_code="8392766233"/>
<player seat="10" name="oreiasccp" chips="540" dealer="1" win="0" bet="0" muck="1" rebuy="0" addon="0" merge="0" rebuychips="0" reg_code="8392766232"/>
<player seat="3" name="piortrek1" chips="480" dealer="0" win="0" bet="10" muck="1" rebuy="0" addon="0" merge="0" rebuychips="0" reg_code="8392766162"/>
</players>
</general>
<round no="0"><action no="1" player="piortrek1" type="1" discard="1" dealt="1" sum="10"/>
<action no="2" player="Easymode" type="2" discard="1" dealt="1" sum="20"/>
</round>
<round no="1"><cards type="Pocket" player="piortrek1">X X</cards>
<cards type="Pocket" player="oreiasccp">S5 D10</cards>
<cards type="Pocket" player="Easymode">X X</cards>
<action no="3" player="oreiasccp" type="0" sum="0"/>
<action no="4" player="piortrek1" type="0" discard="1" dealt="1" sum="0"/>
</round>
</game>
<game gamecode="11536486272"><general><startdate>2025-06-27 08:40:49</startdate>
<round>1</round>
<failsafecounter/>
<players><player seat="10" name="oreiasccp" chips="540" dealer="0" win="190" bet="200" muck="1" rebuy="0" addon="0" merge="0" rebuychips="0" reg_code="8392766232"/>
<player seat="3" name="piortrek1" chips="470" dealer="1" win="0" bet="90" muck="1" rebuy="0" addon="0" merge="0" rebuychips="0" reg_code="8392766162"/>
<player seat="6" name="Easymode" chips="490" dealer="0" win="0" bet="10" muck="1" rebuy="0" addon="0" merge="0" rebuychips="0" reg_code="8392766233"/>
</players>
</general>
<round no="0"><action no="1" player="Easymode" type="1" discard="1" dealt="1" sum="10"/>
<action no="2" player="oreiasccp" type="2" sum="20"/>
</round>
<round no="1"><cards type="Pocket" player="oreiasccp">DJ SQ</cards>
<cards type="Pocket" player="Easymode">X X</cards>
<cards type="Pocket" player="piortrek1">X X</cards>
<action no="3" player="piortrek1" type="23" discard="1" dealt="1" sum="40"/>
<action no="4" player="Easymode" type="0" discard="1" dealt="1" sum="0"/>
<action no="5" player="oreiasccp" type="3" sum="20"/>
</round>
<round no="2"><cards type="Flop">D3 CJ C5</cards>
<action no="6" player="oreiasccp" type="4" sum="0"/>
<action no="7" player="piortrek1" type="5" discard="1" dealt="1" sum="50"/>
<action no="8" player="oreiasccp" type="23" sum="160"/>
<action no="9" player="piortrek1" type="0" discard="1" dealt="1" sum="0"/>
</round>
</game>
<game gamecode="11536486363"><general><startdate>2025-06-27 08:41:17</startdate>
<round>1</round>
<failsafecounter/>
<players><player seat="3" name="piortrek1" chips="380" dealer="0" win="0" bet="65" muck="1" rebuy="0" addon="0" merge="0" rebuychips="0" reg_code="8392766162"/>
<player seat="6" name="Easymode" chips="480" dealer="1" win="0" bet="5" muck="1" rebuy="0" addon="0" merge="0" rebuychips="0" reg_code="8392766233"/>
<player seat="10" name="oreiasccp" chips="640" dealer="0" win="135" bet="95" muck="1" rebuy="0" addon="0" merge="0" rebuychips="0" reg_code="8392766232"/>
</players>
</general>
<round no="0"><action no="1" player="oreiasccp" type="15" sum="5"/>
<action no="2" player="piortrek1" type="15" discard="1" dealt="1" sum="5"/>
<action no="3" player="Easymode" type="15" discard="1" dealt="1" sum="5"/>
<action no="4" player="oreiasccp" type="1" sum="15"/>
<action no="5" player="piortrek1" type="2" discard="1" dealt="1" sum="30"/>
</round>
<round no="1"><cards type="Pocket" player="piortrek1">X X</cards>
<cards type="Pocket" player="oreiasccp">H4 H9</cards>
<cards type="Pocket" player="Easymode">X X</cards>
<action no="6" player="Easymode" type="0" discard="1" dealt="1" sum="0"/>
<action no="7" player="oreiasccp" type="23" sum="60"/>
<action no="8" player="piortrek1" type="3" discard="1" dealt="1" sum="30"/>
</round>
<round no="2"><cards type="Flop">HA C4 H2</cards>
<action no="9" player="oreiasccp" type="5" sum="30"/>
<action no="10" player="piortrek1" type="0" discard="1" dealt="1" sum="0"/>
</round>
</game>
<game gamecode="11536486417"><general><startdate>2025-06-27 08:41:34</startdate>
<round>1</round>
<failsafecounter/>
<players><player seat="6" name="Easymode" chips="475" dealer="0" win="635" bet="315" muck="0" rebuy="0" addon="0" merge="0" rebuychips="0" reg_code="8392766233"/>
<player seat="10" name="oreiasccp" chips="710" dealer="1" win="0" bet="5" muck="1" rebuy="0" addon="0" merge="0" rebuychips="0" reg_code="8392766232"/>
<player seat="3" name="piortrek1" chips="315" dealer="0" win="0" bet="315" muck="0" rebuy="0" addon="0" merge="0" rebuychips="0" reg_code="8392766162"/>
</players>
</general>
<round no="0"><action no="1" player="piortrek1" type="15" discard="1" dealt="1" sum="5"/>
<action no="2" player="Easymode" type="15" discard="1" dealt="1" sum="5"/>
<action no="3" player="oreiasccp" type="15" sum="5"/>
<action no="4" player="piortrek1" type="1" discard="1" dealt="1" sum="15"/>
<action no="5" player="Easymode" type="2" discard="1" dealt="1" sum="30"/>
</round>
<round no="1"><cards type="Pocket" player="Easymode">HA D8</cards>
<cards type="Pocket" player="piortrek1">S10 DJ</cards>
<cards type="Pocket" player="oreiasccp">H6 D3</cards>
<action no="6" player="oreiasccp" type="0" sum="0"/>
<action no="7" player="piortrek1" type="23" discard="1" dealt="1" sum="310"/>
<action no="8" player="Easymode" type="3" discard="1" dealt="1" sum="280"/>
</round>
<round no="2"><cards type="Flop">CK S2 C3</cards>
</round>
<round no="3"><cards type="Turn">CA</cards>
</round>
<round no="4"><cards type="River">H9</cards>
</round>
</game>
<game gamecode="11536486482"><general><startdate>2025-06-27 08:41:53</startdate>
<round>1</round>
<failsafecounter/>
<players><player seat="10" name="oreiasccp" chips="705" dealer="0" win="0" bet="35" muck="1" rebuy="0" addon="0" merge="0" rebuychips="0" reg_code="8392766232"/>
<player seat="6" name="Easymode" chips="795" dealer="1" win="70" bet="65" muck="1" rebuy="0" addon="0" merge="0" rebuychips="0" reg_code="8392766233"/>
</players>
</general>
<round no="0"><action no="1" player="Easymode" type="15" discard="1" dealt="1" sum="5"/>
<action no="2" player="oreiasccp" type="15" sum="5"/>
<action no="3" player="Easymode" type="1" discard="1" dealt="1" sum="15"/>
<action no="4" player="oreiasccp" type="2" sum="30"/>
</round>
<round no="1"><cards type="Pocket" player="oreiasccp">D2 C6</cards>
<cards type="Pocket" player="Easymode">X X</cards>
<action no="5" player="Easymode" type="23" discard="1" dealt="1" sum="60"/>
<action no="6" player="oreiasccp" type="0" sum="0"/>
</round>
</game>
<game gamecode="11536486502"><general><startdate>2025-06-27 08:42:02</startdate>
<round>1</round>
<failsafecounter/>
<players><player seat="6" name="Easymode" chips="830" dealer="0" win="0" bet="95" muck="1" rebuy="0" addon="0" merge="0" rebuychips="0" reg_code="8392766233"/>
<player seat="10" name="oreiasccp" chips="670" dealer="1" win="190" bet="234" muck="1" rebuy="0" addon="0" merge="0" rebuychips="0" reg_code="8392766232"/>
</players>
</general>
<round no="0"><action no="1" player="oreiasccp" type="15" sum="5"/>
<action no="2" player="Easymode" type="15" discard="1" dealt="1" sum="5"/>
<action no="3" player="oreiasccp" type="1" sum="15"/>
<action no="4" player="Easymode" type="2" discard="1" dealt="1" sum="30"/>
</round>
<round no="1"><cards type="Pocket" player="oreiasccp">H3 H10</cards>
<cards type="Pocket" player="Easymode">X X</cards>
<action no="5" player="oreiasccp" type="23" sum="60"/>
<action no="6" player="Easymode" type="3" discard="1" dealt="1" sum="30"/>
</round>
<round no="2"><cards type="Flop">DK S4 S2</cards>
<action no="7" player="Easymode" type="4" discard="1" dealt="1" sum="0"/>
<action no="8" player="oreiasccp" type="5" sum="30"/>
<action no="9" player="Easymode" type="3" discard="1" dealt="1" sum="30"/>
</round>
<round no="3"><cards type="Turn">C9</cards>
<action no="10" player="Easymode" type="4" discard="1" dealt="1" sum="0"/>
<action no="11" player="oreiasccp" type="5" sum="139"/>
<action no="12" player="Easymode" type="0" discard="1" dealt="1" sum="0"/>
</round>
</game>
<game gamecode="11536486579"><general><startdate>2025-06-27 08:42:31</startdate>
<round>1</round>
<failsafecounter/>
<players><player seat="10" name="oreiasccp" chips="765" dealer="0" win="40" bet="35" muck="1" rebuy="0" addon="0" merge="0" rebuychips="0" reg_code="8392766232"/>
<player seat="6" name="Easymode" chips="735" dealer="1" win="0" bet="20" muck="1" rebuy="0" addon="0" merge="0" rebuychips="0" reg_code="8392766233"/>
</players>
</general>
<round no="0"><action no="1" player="Easymode" type="15" discard="1" dealt="1" sum="5"/>
<action no="2" player="oreiasccp" type="15" sum="5"/>
<action no="3" player="Easymode" type="1" discard="1" dealt="1" sum="15"/>
<action no="4" player="oreiasccp" type="2" sum="30"/>
</round>
<round no="1"><cards type="Pocket" player="oreiasccp">C3 C6</cards>
<cards type="Pocket" player="Easymode">X X</cards>
<action no="5" player="Easymode" type="0" discard="1" dealt="1" sum="0"/>
</round>
</game>
<game gamecode="11536486593"><general><startdate>2025-06-27 08:42:37</startdate>
<round>1</round>
<failsafecounter/>
<players><player seat="6" name="Easymode" chips="715" dealer="0" win="0" bet="200" muck="1" rebuy="0" addon="0" merge="0" rebuychips="0" reg_code="8392766233"/>
<player seat="10" name="oreiasccp" chips="785" dealer="1" win="400" bet="200" muck="0" rebuy="0" addon="0" merge="0" rebuychips="0" reg_code="8392766232"/>
</players>
</general>
<round no="0"><action no="1" player="oreiasccp" type="15" sum="5"/>
<action no="2" player="Easymode" type="15" discard="1" dealt="1" sum="5"/>
<action no="3" player="oreiasccp" type="1" sum="15"/>
<action no="4" player="Easymode" type="2" discard="1" dealt="1" sum="30"/>
</round>
<round no="1"><cards type="Pocket" player="Easymode">C5 D9</cards>
<cards type="Pocket" player="oreiasccp">H6 S8</cards>
<action no="5" player="oreiasccp" type="23" sum="60"/>
<action no="6" player="Easymode" type="3" discard="1" dealt="1" sum="30"/>
</round>
<round no="2"><cards type="Flop">S9 CK S7</cards>
<action no="7" player="Easymode" type="5" discard="1" dealt="1" sum="30"/>
<action no="8" player="oreiasccp" type="3" sum="30"/>
</round>
<round no="3"><cards type="Turn">HJ</cards>
<action no="9" player="Easymode" type="5" discard="1" dealt="1" sum="30"/>
<action no="10" player="oreiasccp" type="3" sum="30"/>
</round>
<round no="4"><cards type="River">H10</cards>
<action no="11" player="Easymode" type="5" discard="1" dealt="1" sum="30"/>
<action no="12" player="oreiasccp" type="23" sum="75"/>
<action no="13" player="Easymode" type="3" discard="1" dealt="1" sum="45"/>
</round>
</game>
<game gamecode="11536486657"><general><startdate>2025-06-27 08:42:58</startdate>
<round>1</round>
<failsafecounter/>
<players><player seat="10" name="oreiasccp" chips="985" dealer="0" win="250" bet="515" muck="1" rebuy="0" addon="0" merge="0" rebuychips="0" reg_code="8392766232"/>
<player seat="6" name="Easymode" chips="515" dealer="1" win="0" bet="125" muck="1" rebuy="0" addon="0" merge="0" rebuychips="0" reg_code="8392766233"/>
</players>
</general>
<round no="0"><action no="1" player="Easymode" type="15" discard="1" dealt="1" sum="5"/>
<action no="2" player="oreiasccp" type="15" sum="5"/>
<action no="3" player="Easymode" type="1" discard="1" dealt="1" sum="15"/>
<action no="4" player="oreiasccp" type="2" sum="30"/>
</round>
<round no="1"><cards type="Pocket" player="Easymode">X X</cards>
<cards type="Pocket" player="oreiasccp">CQ H6</cards>
<action no="5" player="Easymode" type="3" discard="1" dealt="1" sum="15"/>
<action no="6" player="oreiasccp" type="4" sum="0"/>
</round>
<round no="2"><cards type="Flop">S5 HQ S6</cards>
<action no="7" player="oreiasccp" type="4" sum="0"/>
<action no="8" player="Easymode" type="5" discard="1" dealt="1" sum="30"/>
<action no="9" player="oreiasccp" type="23" sum="90"/>
<action no="10" player="Easymode" type="3" discard="1" dealt="1" sum="60"/>
</round>
<round no="3"><cards type="Turn">S10</cards>
<action no="11" player="oreiasccp" type="5" sum="390"/>
<action no="12" player="Easymode" type="0" discard="1" dealt="1" sum="0"/>
</round>
</game>
<game gamecode="11536486713"><general><startdate>2025-06-27 08:43:18</startdate>
<round>1</round>
<failsafecounter/>
<players><player seat="6" name="Easymode" chips="390" dealer="0" win="0" bet="45" muck="1" rebuy="0" addon="0" merge="0" rebuychips="0" reg_code="8392766233"/>
<player seat="10" name="oreiasccp" chips="1,110" dealer="1" win="90" bet="390" muck="1" rebuy="0" addon="0" merge="0" rebuychips="0" reg_code="8392766232"/>
</players>
</general>
<round no="0"><action no="1" player="oreiasccp" type="15" sum="5"/>
<action no="2" player="Easymode" type="15" discard="1" dealt="1" sum="5"/>
<action no="3" player="oreiasccp" type="1" sum="20"/>
<action no="4" player="Easymode" type="2" discard="1" dealt="1" sum="40"/>
</round>
<round no="1"><cards type="Pocket" player="Easymode">X X</cards>
<cards type="Pocket" player="oreiasccp">HK CJ</cards>
<action no="5" player="oreiasccp" type="23" sum="385"/>
<action no="6" player="Easymode" type="0" discard="1" dealt="1" sum="0"/>
</round>
</game>
<game gamecode="11536486732"><general><startdate>2025-06-27 08:43:25</startdate>
<round>1</round>
<failsafecounter/>
<players><player seat="10" name="oreiasccp" chips="1,155" dealer="0" win="0" bet="45" muck="1" rebuy="0" addon="0" merge="0" rebuychips="0" reg_code="8392766232"/>
<player seat="6" name="Easymode" chips="345" dealer="1" win="90" bet="85" muck="1" rebuy="0" addon="0" merge="0" rebuychips="0" reg_code="8392766233"/>
</players>
</general>
<round no="0"><action no="1" player="Easymode" type="15" discard="1" dealt="1" sum="5"/>
<action no="2" player="oreiasccp" type="15" sum="5"/>
<action no="3" player="Easymode" type="1" discard="1" dealt="1" sum="20"/>
<action no="4" player="oreiasccp" type="2" sum="40"/>
</round>
<round no="1"><cards type="Pocket" player="oreiasccp">D4 H8</cards>
<cards type="Pocket" player="Easymode">X X</cards>
<action no="5" player="Easymode" type="23" discard="1" dealt="1" sum="80"/>
<action no="6" player="oreiasccp" type="0" sum="0"/>
</round>
</game>
<game gamecode="11536486763"><general><startdate>2025-06-27 08:43:32</startdate>
<round>1</round>
<failsafecounter/>
<players><player seat="6" name="Easymode" chips="390" dealer="0" win="170" bet="85" muck="0" rebuy="0" addon="0" merge="0" rebuychips="0" reg_code="8392766233"/>
<player seat="10" name="oreiasccp" chips="1,110" dealer="1" win="0" bet="85" muck="1" rebuy="0" addon="0" merge="0" rebuychips="0" reg_code="8392766232"/>
</players>
</general>
<round no="0"><action no="1" player="oreiasccp" type="15" sum="5"/>
<action no="2" player="Easymode" type="15" discard="1" dealt="1" sum="5"/>
<action no="3" player="oreiasccp" type="1" sum="20"/>
<action no="4" player="Easymode" type="2" discard="1" dealt="1" sum="40"/>
</round>
<round no="1"><cards type="Pocket" player="oreiasccp">CJ C3</cards>
<cards type="Pocket" player="Easymode">S2 H8</cards>
<action no="5" player="oreiasccp" type="3" sum="20"/>
<action no="6" player="Easymode" type="4" discard="1" dealt="1" sum="0"/>
</round>
<round no="2"><cards type="Flop">D2 S10 SQ</cards>
<action no="7" player="Easymode" type="4" discard="1" dealt="1" sum="0"/>
<action no="8" player="oreiasccp" type="5" sum="40"/>
<action no="9" player="Easymode" type="3" discard="1" dealt="1" sum="40"/>
</round>
<round no="3"><cards type="Turn">H7</cards>
<action no="10" player="Easymode" type="4" discard="1" dealt="1" sum="0"/>
<action no="11" player="oreiasccp" type="4" sum="0"/>
</round>
<round no="4"><cards type="River">DA</cards>
<action no="12" player="Easymode" type="4" discard="1" dealt="1" sum="0"/>
<action no="13" player="oreiasccp" type="4" sum="0"/>
</round>
</game>
<game gamecode="11536486824"><general><startdate>2025-06-27 08:43:52</startdate>
<round>1</round>
<failsafecounter/>
<players><player seat="10" name="oreiasccp" chips="1,025" dealer="0" win="0" bet="45" muck="1" rebuy="0" addon="0" merge="0" rebuychips="0" reg_code="8392766232"/>
<player seat="6" name="Easymode" chips="475" dealer="1" win="90" bet="85" muck="1" rebuy="0" addon="0" merge="0" rebuychips="0" reg_code="8392766233"/>
</players>
</general>
<round no="0"><action no="1" player="Easymode" type="15" discard="1" dealt="1" sum="5"/>
<action no="2" player="oreiasccp" type="15" sum="5"/>
<action no="3" player="Easymode" type="1" discard="1" dealt="1" sum="20"/>
<action no="4" player="oreiasccp" type="2" sum="40"/>
</round>
<round no="1"><cards type="Pocket" player="oreiasccp">D5 C9</cards>
<cards type="Pocket" player="Easymode">X X</cards>
<action no="5" player="Easymode" type="23" discard="1" dealt="1" sum="80"/>
<action no="6" player="oreiasccp" type="0" sum="0"/>
</round>
</game>
<game gamecode="11536486851"><general><startdate>2025-06-27 08:44:00</startdate>
<round>1</round>
<failsafecounter/>
<players><player seat="6" name="Easymode" chips="520" dealer="0" win="0" bet="85" muck="1" rebuy="0" addon="0" merge="0" rebuychips="0" reg_code="8392766233"/>
<player seat="10" name="oreiasccp" chips="980" dealer="1" win="170" bet="85" muck="0" rebuy="0" addon="0" merge="0" rebuychips="0" reg_code="8392766232"/>
</players>
</general>
<round no="0"><action no="1" player="oreiasccp" type="15" sum="5"/>
<action no="2" player="Easymode" type="15" discard="1" dealt="1" sum="5"/>
<action no="3" player="oreiasccp" type="1" sum="20"/>
<action no="4" player="Easymode" type="2" discard="1" dealt="1" sum="40"/>
</round>
<round no="1"><cards type="Pocket" player="oreiasccp">S4 SA</cards>
<cards type="Pocket" player="Easymode">S6 H8</cards>
<action no="5" player="oreiasccp" type="3" sum="20"/>
<action no="6" player="Easymode" type="4" discard="1" dealt="1" sum="0"/>
</round>
<round no="2"><cards type="Flop">S7 C4 SJ</cards>
<action no="7" player="Easymode" type="4" discard="1" dealt="1" sum="0"/>
<action no="8" player="oreiasccp" type="5" sum="40"/>
<action no="9" player="Easymode" type="3" discard="1" dealt="1" sum="40"/>
</round>
<round no="3"><cards type="Turn">CK</cards>
<action no="10" player="Easymode" type="4" discard="1" dealt="1" sum="0"/>
<action no="11" player="oreiasccp" type="4" sum="0"/>
</round>
<round no="4"><cards type="River">C7</cards>
<action no="12" player="Easymode" type="4" discard="1" dealt="1" sum="0"/>
<action no="13" player="oreiasccp" type="4" sum="0"/>
</round>
</game>
<game gamecode="11536486907"><general><startdate>2025-06-27 08:44:17</startdate>
<round>1</round>
<failsafecounter/>
<players><player seat="10" name="oreiasccp" chips="1,065" dealer="0" win="170" bet="170" muck="1" rebuy="0" addon="0" merge="0" rebuychips="0" reg_code="8392766232"/>
<player seat="6" name="Easymode" chips="435" dealer="1" win="0" bet="85" muck="1" rebuy="0" addon="0" merge="0" rebuychips="0" reg_code="8392766233"/>
</players>
</general>
<round no="0"><action no="1" player="Easymode" type="15" discard="1" dealt="1" sum="5"/>
<action no="2" player="oreiasccp" type="15" sum="5"/>
<action no="3" player="Easymode" type="1" discard="1" dealt="1" sum="20"/>
<action no="4" player="oreiasccp" type="2" sum="40"/>
</round>
<round no="1"><cards type="Pocket" player="oreiasccp">H9 SQ</cards>
<cards type="Pocket" player="Easymode">X X</cards>
<action no="5" player="Easymode" type="23" discard="1" dealt="1" sum="80"/>
<action no="6" player="oreiasccp" type="3" sum="40"/>
</round>
<round no="2"><cards type="Flop">S5 SA S10</cards>
<action no="7" player="oreiasccp" type="4" sum="0"/>
<action no="8" player="Easymode" type="4" discard="1" dealt="1" sum="0"/>
</round>
<round no="3"><cards type="Turn">D5</cards>
<action no="9" player="oreiasccp" type="5" sum="85"/>
<action no="10" player="Easymode" type="0" discard="1" dealt="1" sum="0"/>
</round>
</game>
<game gamecode="11536486954"><general><startdate>2025-06-27 08:44:32</startdate>
<round>1</round>
<failsafecounter/>
<players><player seat="6" name="Easymode" chips="350" dealer="0" win="90" bet="85" muck="1" rebuy="0" addon="0" merge="0" rebuychips="0" reg_code="8392766233"/>
<player seat="10" name="oreiasccp" chips="1,150" dealer="1" win="0" bet="45" muck="1" rebuy="0" addon="0" merge="0" rebuychips="0" reg_code="8392766232"/>
</players>
</general>
<round no="0"><action no="1" player="oreiasccp" type="15" sum="5"/>
<action no="2" player="Easymode" type="15" discard="1" dealt="1" sum="5"/>
<action no="3" player="oreiasccp" type="1" sum="20"/>
<action no="4" player="Easymode" type="2" discard="1" dealt="1" sum="40"/>
</round>
<round no="1"><cards type="Pocket" player="Easymode">X X</cards>
<cards type="Pocket" player="oreiasccp">S2 S8</cards>
<action no="5" player="oreiasccp" type="3" sum="20"/>
<action no="6" player="Easymode" type="23" discard="1" dealt="1" sum="80"/>
<action no="7" player="oreiasccp" type="0" sum="0"/>
</round>
</game>
<game gamecode="11536486986"><general><startdate>2025-06-27 08:44:40</startdate>
<round>1</round>
<failsafecounter/>
<players><player seat="10" name="oreiasccp" chips="1,105" dealer="0" win="0" bet="85" muck="1" rebuy="0" addon="0" merge="0" rebuychips="0" reg_code="8392766232"/>
<player seat="6" name="Easymode" chips="395" dealer="1" win="170" bet="204" muck="1" rebuy="0" addon="0" merge="0" rebuychips="0" reg_code="8392766233"/>
</players>
</general>
<round no="0"><action no="1" player="Easymode" type="15" discard="1" dealt="1" sum="5"/>
<action no="2" player="oreiasccp" type="15" sum="5"/>
<action no="3" player="Easymode" type="1" discard="1" dealt="1" sum="20"/>
<action no="4" player="oreiasccp" type="2" sum="40"/>
</round>
<round no="1"><cards type="Pocket" player="oreiasccp">H2 H3</cards>
<cards type="Pocket" player="Easymode">X X</cards>
<action no="5" player="Easymode" type="23" discard="1" dealt="1" sum="80"/>
<action no="6" player="oreiasccp" type="3" sum="40"/>
</round>
<round no="2"><cards type="Flop">DK CJ HK</cards>
<action no="7" player="oreiasccp" type="4" sum="0"/>
<action no="8" player="Easymode" type="5" discard="1" dealt="1" sum="119"/>
<action no="9" player="oreiasccp" type="0" sum="0"/>
</round>
</game>
<game gamecode="11536487047"><general><startdate>2025-06-27 08:44:57</startdate>
<round>1</round>
<failsafecounter/>
<players><player seat="6" name="Easymode" chips="480" dealer="0" win="0" bet="45" muck="1" rebuy="0" addon="0" merge="0" rebuychips="0" reg_code="8392766233"/>
<player seat="10" name="oreiasccp" chips="1,020" dealer="1" win="90" bet="480" muck="1" rebuy="0" addon="0" merge="0" rebuychips="0" reg_code="8392766232"/>
</players>
</general>
<round no="0"><action no="1" player="oreiasccp" type="15" sum="5"/>
<action no="2" player="Easymode" type="15" discard="1" dealt="1" sum="5"/>
<action no="3" player="oreiasccp" type="1" sum="20"/>
<action no="4" player="Easymode" type="2" discard="1" dealt="1" sum="40"/>
</round>
<round no="1"><cards type="Pocket" player="Easymode">X X</cards>
<cards type="Pocket" player="oreiasccp">DK D5</cards>
<action no="5" player="oreiasccp" type="23" sum="475"/>
<action no="6" player="Easymode" type="0" discard="1" dealt="1" sum="0"/>
</round>
</game>
<game gamecode="11536487082"><general><startdate>2025-06-27 08:45:07</startdate>
<round>1</round>
<failsafecounter/>
<players><player seat="10" name="oreiasccp" chips="1,065" dealer="0" win="0" bet="45" muck="1" rebuy="0" addon="0" merge="0" rebuychips="0" reg_code="8392766232"/>
<player seat="6" name="Easymode" chips="435" dealer="1" win="90" bet="85" muck="1" rebuy="0" addon="0" merge="0" rebuychips="0" reg_code="8392766233"/>
</players>
</general>
<round no="0"><action no="1" player="Easymode" type="15" discard="1" dealt="1" sum="5"/>
<action no="2" player="oreiasccp" type="15" sum="5"/>
<action no="3" player="Easymode" type="1" discard="1" dealt="1" sum="20"/>
<action no="4" player="oreiasccp" type="2" sum="40"/>
</round>
<round no="1"><cards type="Pocket" player="oreiasccp">H6 C4</cards>
<cards type="Pocket" player="Easymode">X X</cards>
<action no="5" player="Easymode" type="23" discard="1" dealt="1" sum="80"/>
<action no="6" player="oreiasccp" type="0" sum="0"/>
</round>
</game>
<game gamecode="11536487137"><general><startdate>2025-06-27 08:45:22</startdate>
<round>1</round>
<failsafecounter/>
<players><player seat="6" name="Easymode" chips="480" dealer="0" win="70" bet="65" muck="1" rebuy="0" addon="0" merge="0" rebuychips="0" reg_code="8392766233"/>
<player seat="10" name="oreiasccp" chips="1,020" dealer="1" win="0" bet="35" muck="1" rebuy="0" addon="0" merge="0" rebuychips="0" reg_code="8392766232"/>
</players>
</general>
<round no="0"><action no="1" player="oreiasccp" type="15" sum="5"/>
<action no="2" player="Easymode" type="15" discard="1" dealt="1" sum="5"/>
<action no="3" player="oreiasccp" type="1" sum="30"/>
<action no="4" player="Easymode" type="2" discard="1" dealt="1" sum="60"/>
</round>
<round no="1"><cards type="Pocket" player="oreiasccp">D10 H2</cards>
<cards type="Pocket" player="Easymode">X X</cards>
<action no="5" player="oreiasccp" type="0" sum="0"/>
</round>
</game>
<game gamecode="11536487157"><general><startdate>2025-06-27 08:45:28</startdate>
<round>1</round>
<failsafecounter/>
<players><player seat="10" name="oreiasccp" chips="985" dealer="0" win="0" bet="125" muck="0" rebuy="0" addon="0" merge="0" rebuychips="0" reg_code="8392766232"/>
<player seat="6" name="Easymode" chips="515" dealer="1" win="250" bet="125" muck="0" rebuy="0" addon="0" merge="0" rebuychips="0" reg_code="8392766233"/>
</players>
</general>
<round no="0"><action no="1" player="Easymode" type="15" discard="1" dealt="1" sum="5"/>
<action no="2" player="oreiasccp" type="15" sum="5"/>
<action no="3" player="Easymode" type="1" discard="1" dealt="1" sum="30"/>
<action no="4" player="oreiasccp" type="2" sum="60"/>
</round>
<round no="1"><cards type="Pocket" player="oreiasccp">S2 C4</cards>
<cards type="Pocket" player="Easymode">C7 S8</cards>
<action no="5" player="Easymode" type="3" discard="1" dealt="1" sum="30"/>
<action no="6" player="oreiasccp" type="4" sum="0"/>
</round>
<round no="2"><cards type="Flop">HK D9 S6</cards>
<action no="7" player="oreiasccp" type="4" sum="0"/>
<action no="8" player="Easymode" type="4" discard="1" dealt="1" sum="0"/>
</round>
<round no="3"><cards type="Turn">H9</cards>
<action no="9" player="oreiasccp" type="4" sum="0"/>
<action no="10" player="Easymode" type="4" discard="1" dealt="1" sum="0"/>
</round>
<round no="4"><cards type="River">H8</cards>
<action no="11" player="oreiasccp" type="5" sum="60"/>
<action no="12" player="Easymode" type="3" discard="1" dealt="1" sum="60"/>
</round>
</game>
<game gamecode="11536487213"><general><startdate>2025-06-27 08:45:44</startdate>
<round>1</round>
<failsafecounter/>
<players><player seat="6" name="Easymode" chips="640" dealer="0" win="70" bet="65" muck="1" rebuy="0" addon="0" merge="0" rebuychips="0" reg_code="8392766233"/>
<player seat="10" name="oreiasccp" chips="860" dealer="1" win="0" bet="35" muck="1" rebuy="0" addon="0" merge="0" rebuychips="0" reg_code="8392766232"/>
</players>
</general>
<round no="0"><action no="1" player="oreiasccp" type="15" sum="5"/>
<action no="2" player="Easymode" type="15" discard="1" dealt="1" sum="5"/>
<action no="3" player="oreiasccp" type="1" sum="30"/>
<action no="4" player="Easymode" type="2" discard="1" dealt="1" sum="60"/>
</round>
<round no="1"><cards type="Pocket" player="oreiasccp">S4 CJ</cards>
<cards type="Pocket" player="Easymode">X X</cards>
<action no="5" player="oreiasccp" type="0" sum="0"/>
</round>
</game>
<game gamecode="11536487233"><general><startdate>2025-06-27 08:45:49</startdate>
<round>1</round>
<failsafecounter/>
<players><player seat="10" name="oreiasccp" chips="825" dealer="0" win="0" bet="65" muck="1" rebuy="0" addon="0" merge="0" rebuychips="0" reg_code="8392766232"/>
<player seat="6" name="Easymode" chips="675" dealer="1" win="130" bet="125" muck="1" rebuy="0" addon="0" merge="0" rebuychips="0" reg_code="8392766233"/>
</players>
</general>
<round no="0"><action no="1" player="Easymode" type="15" discard="1" dealt="1" sum="5"/>
<action no="2" player="oreiasccp" type="15" sum="5"/>
<action no="3" player="Easymode" type="1" discard="1" dealt="1" sum="30"/>
<action no="4" player="oreiasccp" type="2" sum="60"/>
</round>
<round no="1"><cards type="Pocket" player="Easymode">X X</cards>
<cards type="Pocket" player="oreiasccp">C8 S4</cards>
<action no="5" player="Easymode" type="23" discard="1" dealt="1" sum="120"/>
<action no="6" player="oreiasccp" type="0" sum="0"/>
</round>
</game>
<game gamecode="11536487254"><general><startdate>2025-06-27 08:45:55</startdate>
<round>1</round>
<failsafecounter/>
<players><player seat="6" name="Easymode" chips="740" dealer="0" win="0" bet="65" muck="1" rebuy="0" addon="0" merge="0" rebuychips="0" reg_code="8392766233"/>
<player seat="10" name="oreiasccp" chips="760" dealer="1" win="130" bet="740" muck="1" rebuy="0" addon="0" merge="0" rebuychips="0" reg_code="8392766232"/>
</players>
</general>
<round no="0"><action no="1" player="oreiasccp" type="15" sum="5"/>
<action no="2" player="Easymode" type="15" discard="1" dealt="1" sum="5"/>
<action no="3" player="oreiasccp" type="1" sum="30"/>
<action no="4" player="Easymode" type="2" discard="1" dealt="1" sum="60"/>
</round>
<round no="1"><cards type="Pocket" player="Easymode">X X</cards>
<cards type="Pocket" player="oreiasccp">SK D8</cards>
<action no="5" player="oreiasccp" type="23" sum="735"/>
<action no="6" player="Easymode" type="0" discard="1" dealt="1" sum="0"/>
</round>
</game>
<game gamecode="11536492446"><general><startdate>2025-06-27 08:46:13</startdate>
<round>1</round>
<failsafecounter/>
<players><player seat="10" name="oreiasccp" chips="825" dealer="0" win="130" bet="65" muck="0" rebuy="0" addon="0" merge="0" rebuychips="0" reg_code="8392766232"/>
<player seat="6" name="Easymode" chips="675" dealer="1" win="0" bet="65" muck="1" rebuy="0" addon="0" merge="0" rebuychips="0" reg_code="8392766233"/>
</players>
</general>
<round no="0"><action no="1" player="Easymode" type="15" discard="1" dealt="1" sum="5"/>
<action no="2" player="oreiasccp" type="15" sum="5"/>
<action no="3" player="Easymode" type="1" discard="1" dealt="1" sum="30"/>
<action no="4" player="oreiasccp" type="2" sum="60"/>
</round>
<round no="1"><cards type="Pocket" player="oreiasccp">H10 D7</cards>
<cards type="Pocket" player="Easymode">CJ H6</cards>
<action no="5" player="Easymode" type="3" discard="1" dealt="1" sum="30"/>
<action no="6" player="oreiasccp" type="4" sum="0"/>
</round>
<round no="2"><cards type="Flop">D4 S2 S7</cards>
<action no="7" player="oreiasccp" type="4" sum="0"/>
<action no="8" player="Easymode" type="4" discard="1" dealt="1" sum="0"/>
</round>
<round no="3"><cards type="Turn">S8</cards>
<action no="9" player="oreiasccp" type="4" sum="0"/>
<action no="10" player="Easymode" type="4" discard="1" dealt="1" sum="0"/>
</round>
<round no="4"><cards type="River">DK</cards>
<action no="11" player="oreiasccp" type="4" sum="0"/>
<action no="12" player="Easymode" type="4" discard="1" dealt="1" sum="0"/>
</round>
</game>
<game gamecode="11536492527"><general><startdate>2025-06-27 08:46:39</startdate>
<round>1</round>
<failsafecounter/>
<players><player seat="6" name="Easymode" chips="610" dealer="0" win="130" bet="125" muck="1" rebuy="0" addon="0" merge="0" rebuychips="0" reg_code="8392766233"/>
<player seat="10" name="oreiasccp" chips="890" dealer="1" win="0" bet="65" muck="1" rebuy="0" addon="0" merge="0" rebuychips="0" reg_code="8392766232"/>
</players>
</general>
<round no="0"><action no="1" player="oreiasccp" type="15" sum="5"/>
<action no="2" player="Easymode" type="15" discard="1" dealt="1" sum="5"/>
<action no="3" player="oreiasccp" type="1" sum="30"/>
<action no="4" player="Easymode" type="2" discard="1" dealt="1" sum="60"/>
</round>
<round no="1"><cards type="Pocket" player="Easymode">X X</cards>
<cards type="Pocket" player="oreiasccp">H5 C6</cards>
<action no="5" player="oreiasccp" type="3" sum="30"/>
<action no="6" player="Easymode" type="23" discard="1" dealt="1" sum="120"/>
<action no="7" player="oreiasccp" type="0" sum="0"/>
</round>
</game>
<game gamecode="11536492564"><general><startdate>2025-06-27 08:46:48</startdate>
<round>1</round>
<failsafecounter/>
<players><player seat="10" name="oreiasccp" chips="825" dealer="0" win="70" bet="65" muck="1" rebuy="0" addon="0" merge="0" rebuychips="0" reg_code="8392766232"/>
<player seat="6" name="Easymode" chips="675" dealer="1" win="0" bet="35" muck="1" rebuy="0" addon="0" merge="0" rebuychips="0" reg_code="8392766233"/>
</players>
</general>
<round no="0"><action no="1" player="Easymode" type="15" discard="1" dealt="1" sum="5"/>
<action no="2" player="oreiasccp" type="15" sum="5"/>
<action no="3" player="Easymode" type="1" discard="1" dealt="1" sum="30"/>
<action no="4" player="oreiasccp" type="2" sum="60"/>
</round>
<round no="1"><cards type="Pocket" player="Easymode">X X</cards>
<cards type="Pocket" player="oreiasccp">C7 D7</cards>
<action no="5" player="Easymode" type="0" discard="1" dealt="1" sum="0"/>
</round>
</game>
<game gamecode="11536492588"><general><startdate>2025-06-27 08:46:55</startdate>
<round>1</round>
<failsafecounter/>
<players><player seat="6" name="Easymode" chips="640" dealer="0" win="0" bet="65" muck="1" rebuy="0" addon="0" merge="0" rebuychips="0" reg_code="8392766233"/>
<player seat="10" name="oreiasccp" chips="860" dealer="1" win="130" bet="640" muck="1" rebuy="0" addon="0" merge="0" rebuychips="0" reg_code="8392766232"/>
</players>
</general>
<round no="0"><action no="1" player="oreiasccp" type="15" sum="5"/>
<action no="2" player="Easymode" type="15" discard="1" dealt="1" sum="5"/>
<action no="3" player="oreiasccp" type="1" sum="30"/>
<action no="4" player="Easymode" type="2" discard="1" dealt="1" sum="60"/>
</round>
<round no="1"><cards type="Pocket" player="Easymode">X X</cards>
<cards type="Pocket" player="oreiasccp">H9 CK</cards>
<action no="5" player="oreiasccp" type="23" sum="635"/>
<action no="6" player="Easymode" type="0" discard="1" dealt="1" sum="0"/>
</round>
</game>
<game gamecode="11536492615"><general><startdate>2025-06-27 08:47:02</startdate>
<round>1</round>
<failsafecounter/>
<players><player seat="10" name="oreiasccp" chips="925" dealer="0" win="1,150" bet="575" muck="0" rebuy="0" addon="0" merge="0" rebuychips="0" reg_code="8392766232"/>
<player seat="6" name="Easymode" chips="575" dealer="1" win="0" bet="575" muck="1" rebuy="0" addon="0" merge="0" rebuychips="0" reg_code="8392766233"/>
</players>
</general>
<round no="0"><action no="1" player="Easymode" type="15" discard="1" dealt="1" sum="5"/>
<action no="2" player="oreiasccp" type="15" sum="5"/>
<action no="3" player="Easymode" type="1" discard="1" dealt="1" sum="30"/>
<action no="4" player="oreiasccp" type="2" sum="60"/>
</round>
<round no="1"><cards type="Pocket" player="Easymode">H7 DQ</cards>
<cards type="Pocket" player="oreiasccp">DA D4</cards>
<action no="5" player="Easymode" type="23" discard="1" dealt="1" sum="120"/>
<action no="6" player="oreiasccp" type="23" sum="570"/>
<action no="7" player="Easymode" type="7" discard="1" dealt="1" sum="450"/>
</round>
<round no="2"><cards type="Flop">DJ H2 D10</cards>
</round>
<round no="3"><cards type="Turn">S6</cards>
</round>
<round no="4"><cards type="River">D3</cards>
</round>
</game>
</session>
