<?xml version="1.0" encoding="UTF-8"?>
<session sessioncode="8392785833">
<general>
<client_version>25.1.1.13</client_version>
<mode>real</mode>
<gametype>Holdem NL</gametype>
<tablename>Twister €5 SNG, 1128646797</tablename>
<tournamentcode>1128646796</tournamentcode>
<tournamentname>Twister €5 SNG</tournamentname>
<buyin>€0 + €0.35 + €4.65</buyin>
<totalbuyin>€5</totalbuyin>
<rewarddrawn>€10</rewarddrawn>
<tournamentcurrency>EUR</tournamentcurrency>
<currency>EUR</currency>
<nickname>oreiasccp</nickname>
<gamecount>25</gamecount>
<startdate>2025-06-27 09:55:10</startdate>
<place>1</place>
<win>€10</win>
<tablesize>3</tablesize>
</general>
<game gamecode="11536535706"><general><startdate>2025-06-27 09:55:26</startdate>
<round>1</round>
<failsafecounter/>
<players><player seat="3" name="oreiasccp" chips="500" dealer="0" win="0" bet="80" muck="1" rebuy="0" addon="0" merge="0" rebuychips="0" reg_code="8392785833"/>
<player seat="6" name="gamercool352" chips="500" dealer="1" win="0" bet="0" muck="1" rebuy="0" addon="0" merge="0" rebuychips="0" reg_code="8392785803"/>
<player seat="10" name="LiviuTDR" chips="500" dealer="0" win="160" bet="80" muck="0" rebuy="0" addon="0" merge="0" rebuychips="0" reg_code="8392785840"/>
</players>
</general>
<round no="0"><action no="1" player="LiviuTDR" type="1" discard="1" dealt="1" sum="10"/>
<action no="2" player="oreiasccp" type="2" sum="20"/>
</round>
<round no="1"><cards type="Pocket" player="LiviuTDR">HA C9</cards>
<cards type="Pocket" player="gamercool352">X X</cards>
<cards type="Pocket" player="oreiasccp">C3 C2</cards>
<action no="3" player="gamercool352" type="0" discard="1" dealt="1" sum="0"/>
<action no="4" player="LiviuTDR" type="3" discard="1" dealt="1" sum="10"/>
<action no="5" player="oreiasccp" type="4" sum="0"/>
</round>
<round no="2"><cards type="Flop">C5 D8 CK</cards>
<action no="6" player="LiviuTDR" type="5" discard="1" dealt="1" sum="20"/>
<action no="7" player="oreiasccp" type="3" sum="20"/>
</round>
<round no="3"><cards type="Turn">H9</cards>
<action no="8" player="LiviuTDR" type="5" discard="1" dealt="1" sum="40"/>
<action no="9" player="oreiasccp" type="3" sum="40"/>
</round>
<round no="4"><cards type="River">S3</cards>
<action no="10" player="LiviuTDR" type="4" discard="1" dealt="1" sum="0"/>
<action no="11" player="oreiasccp" type="4" sum="0"/>
</round>
</game>
<game gamecode="11536535791"><general><startdate>2025-06-27 09:55:52</startdate>
<round>1</round>
<failsafecounter/>
<players><player seat="6" name="gamercool352" chips="500" dealer="0" win="20" bet="20" muck="1" rebuy="0" addon="0" merge="0" rebuychips="0" reg_code="8392785803"/>
<player seat="10" name="LiviuTDR" chips="580" dealer="1" win="0" bet="0" muck="1" rebuy="0" addon="0" merge="0" rebuychips="0" reg_code="8392785840"/>
<player seat="3" name="oreiasccp" chips="420" dealer="0" win="0" bet="10" muck="1" rebuy="0" addon="0" merge="0" rebuychips="0" reg_code="8392785833"/>
</players>
</general>
<round no="0"><action no="1" player="oreiasccp" type="1" sum="10"/>
<action no="2" player="gamercool352" type="2" discard="1" dealt="1" sum="20"/>
</round>
<round no="1"><cards type="Pocket" player="gamercool352">X X</cards>
<cards type="Pocket" player="oreiasccp">C5 D3</cards>
<cards type="Pocket" player="LiviuTDR">X X</cards>
<action no="3" player="LiviuTDR" type="0" discard="1" dealt="1" sum="0"/>
<action no="4" player="oreiasccp" type="0" sum="0"/>
</round>
</game>
<game gamecode="11536535809"><general><startdate>2025-06-27 09:56:00</startdate>
<round>1</round>
<failsafecounter/>
<players><player seat="10" name="LiviuTDR" chips="580" dealer="0" win="20" bet="20" muck="1" rebuy="0" addon="0" merge="0" rebuychips="0" reg_code="8392785840"/>
<player seat="3" name="oreiasccp" chips="410" dealer="1" win="0" bet="0" muck="1" rebuy="0" addon="0" merge="0" rebuychips="0" reg_code="8392785833"/>
<player seat="6" name="gamercool352" chips="510" dealer="0" win="0" bet="10" muck="1" rebuy="0" addon="0" merge="0" rebuychips="0" reg_code="8392785803"/>
</players>
</general>
<round no="0"><action no="1" player="gamercool352" type="1" discard="1" dealt="1" sum="10"/>
<action no="2" player="LiviuTDR" type="2" discard="1" dealt="1" sum="20"/>
</round>
<round no="1"><cards type="Pocket" player="gamercool352">X X</cards>
<cards type="Pocket" player="oreiasccp">S3 H7</cards>
<cards type="Pocket" player="LiviuTDR">X X</cards>
<action no="3" player="oreiasccp" type="0" sum="0"/>
<action no="4" player="gamercool352" type="0" discard="1" dealt="1" sum="0"/>
</round>
</game>
<game gamecode="11536535829"><general><startdate>2025-06-27 09:56:05</startdate>
<round>1</round>
<failsafecounter/>
<players><player seat="3" name="oreiasccp" chips="410" dealer="0" win="0" bet="20" muck="1" rebuy="0" addon="0" merge="0" rebuychips="0" reg_code="8392785833"/>
<player seat="6" name="gamercool352" chips="500" dealer="1" win="50" bet="60" muck="1" rebuy="0" addon="0" merge="0" rebuychips="0" reg_code="8392785803"/>
<player seat="10" name="LiviuTDR" chips="590" dealer="0" win="0" bet="10" muck="1" rebuy="0" addon="0" merge="0" rebuychips="0" reg_code="8392785840"/>
</players>
</general>
<round no="0"><action no="1" player="LiviuTDR" type="1" discard="1" dealt="1" sum="10"/>
<action no="2" player="oreiasccp" type="2" sum="20"/>
</round>
<round no="1"><cards type="Pocket" player="gamercool352">X X</cards>
<cards type="Pocket" player="oreiasccp">S6 H7</cards>
<cards type="Pocket" player="LiviuTDR">X X</cards>
<action no="3" player="gamercool352" type="23" discard="1" dealt="1" sum="60"/>
<action no="4" player="LiviuTDR" type="0" discard="1" dealt="1" sum="0"/>
<action no="5" player="oreiasccp" type="0" sum="0"/>
</round>
</game>
<game gamecode="11536535876"><general><startdate>2025-06-27 09:56:19</startdate>
<round>1</round>
<failsafecounter/>
<players><player seat="6" name="gamercool352" chips="530" dealer="0" win="0" bet="40" muck="1" rebuy="0" addon="0" merge="0" rebuychips="0" reg_code="8392785803"/>
<player seat="10" name="LiviuTDR" chips="580" dealer="1" win="90" bet="70" muck="1" rebuy="0" addon="0" merge="0" rebuychips="0" reg_code="8392785840"/>
<player seat="3" name="oreiasccp" chips="390" dealer="0" win="0" bet="10" muck="1" rebuy="0" addon="0" merge="0" rebuychips="0" reg_code="8392785833"/>
</players>
</general>
<round no="0"><action no="1" player="oreiasccp" type="1" sum="10"/>
<action no="2" player="gamercool352" type="2" discard="1" dealt="1" sum="20"/>
</round>
<round no="1"><cards type="Pocket" player="gamercool352">X X</cards>
<cards type="Pocket" player="LiviuTDR">X X</cards>
<cards type="Pocket" player="oreiasccp">S6 C5</cards>
<action no="3" player="LiviuTDR" type="23" discard="1" dealt="1" sum="40"/>
<action no="4" player="oreiasccp" type="0" sum="0"/>
<action no="5" player="gamercool352" type="3" discard="1" dealt="1" sum="20"/>
</round>
<round no="2"><cards type="Flop">CJ SJ C3</cards>
<action no="6" player="gamercool352" type="4" discard="1" dealt="1" sum="0"/>
<action no="7" player="LiviuTDR" type="5" discard="1" dealt="1" sum="30"/>
<action no="8" player="gamercool352" type="0" discard="1" dealt="1" sum="0"/>
</round>
</game>
<game gamecode="11536535922"><general><startdate>2025-06-27 09:56:33</startdate>
<round>1</round>
<failsafecounter/>
<players><player seat="10" name="LiviuTDR" chips="630" dealer="0" win="0" bet="20" muck="1" rebuy="0" addon="0" merge="0" rebuychips="0" reg_code="8392785840"/>
<player seat="3" name="oreiasccp" chips="380" dealer="1" win="50" bet="380" muck="1" rebuy="0" addon="0" merge="0" rebuychips="0" reg_code="8392785833"/>
<player seat="6" name="gamercool352" chips="490" dealer="0" win="0" bet="10" muck="1" rebuy="0" addon="0" merge="0" rebuychips="0" reg_code="8392785803"/>
</players>
</general>
<round no="0"><action no="1" player="gamercool352" type="1" discard="1" dealt="1" sum="10"/>
<action no="2" player="LiviuTDR" type="2" discard="1" dealt="1" sum="20"/>
</round>
<round no="1"><cards type="Pocket" player="LiviuTDR">X X</cards>
<cards type="Pocket" player="gamercool352">X X</cards>
<cards type="Pocket" player="oreiasccp">CA H10</cards>
<action no="3" player="oreiasccp" type="23" sum="380"/>
<action no="4" player="gamercool352" type="0" discard="1" dealt="1" sum="0"/>
<action no="5" player="LiviuTDR" type="0" discard="1" dealt="1" sum="0"/>
</round>
</game>
<game gamecode="11536535948"><general><startdate>2025-06-27 09:56:42</startdate>
<round>1</round>
<failsafecounter/>
<players><player seat="3" name="oreiasccp" chips="410" dealer="0" win="0" bet="20" muck="1" rebuy="0" addon="0" merge="0" rebuychips="0" reg_code="8392785833"/>
<player seat="6" name="gamercool352" chips="480" dealer="1" win="50" bet="60" muck="1" rebuy="0" addon="0" merge="0" rebuychips="0" reg_code="8392785803"/>
<player seat="10" name="LiviuTDR" chips="610" dealer="0" win="0" bet="10" muck="1" rebuy="0" addon="0" merge="0" rebuychips="0" reg_code="8392785840"/>
</players>
</general>
<round no="0"><action no="1" player="LiviuTDR" type="1" discard="1" dealt="1" sum="10"/>
<action no="2" player="oreiasccp" type="2" sum="20"/>
</round>
<round no="1"><cards type="Pocket" player="oreiasccp">D7 S2</cards>
<cards type="Pocket" player="gamercool352">X X</cards>
<cards type="Pocket" player="LiviuTDR">X X</cards>
<action no="3" player="gamercool352" type="23" discard="1" dealt="1" sum="60"/>
<action no="4" player="LiviuTDR" type="0" discard="1" dealt="1" sum="0"/>
<action no="5" player="oreiasccp" type="0" sum="0"/>
</round>
</game>
<game gamecode="11536535972"><general><startdate>2025-06-27 09:56:51</startdate>
<round>1</round>
<failsafecounter/>
<players><player seat="6" name="gamercool352" chips="510" dealer="0" win="0" bet="20" muck="1" rebuy="0" addon="0" merge="0" rebuychips="0" reg_code="8392785803"/>
<player seat="10" name="LiviuTDR" chips="600" dealer="1" win="0" bet="40" muck="1" rebuy="0" addon="0" merge="0" rebuychips="0" reg_code="8392785840"/>
<player seat="3" name="oreiasccp" chips="390" dealer="0" win="100" bet="390" muck="1" rebuy="0" addon="0" merge="0" rebuychips="0" reg_code="8392785833"/>
</players>
</general>
<round no="0"><action no="1" player="oreiasccp" type="1" sum="10"/>
<action no="2" player="gamercool352" type="2" discard="1" dealt="1" sum="20"/>
</round>
<round no="1"><cards type="Pocket" player="gamercool352">X X</cards>
<cards type="Pocket" player="LiviuTDR">X X</cards>
<cards type="Pocket" player="oreiasccp">D6 DA</cards>
<action no="3" player="LiviuTDR" type="23" discard="1" dealt="1" sum="40"/>
<action no="4" player="oreiasccp" type="23" sum="390"/>
<action no="5" player="gamercool352" type="0" discard="1" dealt="1" sum="0"/>
<action no="6" player="LiviuTDR" type="0" discard="1" dealt="1" sum="0"/>
</round>
</game>
<game gamecode="11536536000"><general><startdate>2025-06-27 09:57:01</startdate>
<round>1</round>
<failsafecounter/>
<players><player seat="10" name="LiviuTDR" chips="560" dealer="0" win="20" bet="20" muck="1" rebuy="0" addon="0" merge="0" rebuychips="0" reg_code="8392785840"/>
<player seat="3" name="oreiasccp" chips="450" dealer="1" win="0" bet="0" muck="1" rebuy="0" addon="0" merge="0" rebuychips="0" reg_code="8392785833"/>
<player seat="6" name="gamercool352" chips="490" dealer="0" win="0" bet="10" muck="1" rebuy="0" addon="0" merge="0" rebuychips="0" reg_code="8392785803"/>
</players>
</general>
<round no="0"><action no="1" player="gamercool352" type="1" discard="1" dealt="1" sum="10"/>
<action no="2" player="LiviuTDR" type="2" discard="1" dealt="1" sum="20"/>
</round>
<round no="1"><cards type="Pocket" player="oreiasccp">H9 C5</cards>
<cards type="Pocket" player="LiviuTDR">X X</cards>
<cards type="Pocket" player="gamercool352">X X</cards>
<action no="3" player="oreiasccp" type="0" sum="0"/>
<action no="4" player="gamercool352" type="0" discard="1" dealt="1" sum="0"/>
</round>
</game>
<game gamecode="11536536020"><general><startdate>2025-06-27 09:57:07</startdate>
<round>1</round>
<failsafecounter/>
<players><player seat="3" name="oreiasccp" chips="450" dealer="0" win="0" bet="20" muck="1" rebuy="0" addon="0" merge="0" rebuychips="0" reg_code="8392785833"/>
<player seat="6" name="gamercool352" chips="480" dealer="1" win="50" bet="60" muck="1" rebuy="0" addon="0" merge="0" rebuychips="0" reg_code="8392785803"/>
<player seat="10" name="LiviuTDR" chips="570" dealer="0" win="0" bet="10" muck="1" rebuy="0" addon="0" merge="0" rebuychips="0" reg_code="8392785840"/>
</players>
</general>
<round no="0"><action no="1" player="LiviuTDR" type="1" discard="1" dealt="1" sum="10"/>
<action no="2" player="oreiasccp" type="2" sum="20"/>
</round>
<round no="1"><cards type="Pocket" player="oreiasccp">C5 D6</cards>
<cards type="Pocket" player="gamercool352">X X</cards>
<cards type="Pocket" player="LiviuTDR">X X</cards>
<action no="3" player="gamercool352" type="23" discard="1" dealt="1" sum="60"/>
<action no="4" player="LiviuTDR" type="0" discard="1" dealt="1" sum="0"/>
<action no="5" player="oreiasccp" type="0" sum="0"/>
</round>
</game>
<game gamecode="11536536048"><general><startdate>2025-06-27 09:57:16</startdate>
<round>1</round>
<failsafecounter/>
<players><player seat="6" name="gamercool352" chips="510" dealer="0" win="20" bet="20" muck="1" rebuy="0" addon="0" merge="0" rebuychips="0" reg_code="8392785803"/>
<player seat="10" name="LiviuTDR" chips="560" dealer="1" win="0" bet="0" muck="1" rebuy="0" addon="0" merge="0" rebuychips="0" reg_code="8392785840"/>
<player seat="3" name="oreiasccp" chips="430" dealer="0" win="0" bet="10" muck="1" rebuy="0" addon="0" merge="0" rebuychips="0" reg_code="8392785833"/>
</players>
</general>
<round no="0"><action no="1" player="oreiasccp" type="1" sum="10"/>
<action no="2" player="gamercool352" type="2" discard="1" dealt="1" sum="20"/>
</round>
<round no="1"><cards type="Pocket" player="oreiasccp">S9 D6</cards>
<cards type="Pocket" player="LiviuTDR">X X</cards>
<cards type="Pocket" player="gamercool352">X X</cards>
<action no="3" player="LiviuTDR" type="0" discard="1" dealt="1" sum="0"/>
<action no="4" player="oreiasccp" type="0" sum="0"/>
</round>
</game>
<game gamecode="11536536082"><general><startdate>2025-06-27 09:57:29</startdate>
<round>1</round>
<failsafecounter/>
<players><player seat="10" name="LiviuTDR" chips="560" dealer="0" win="45" bet="35" muck="1" rebuy="0" addon="0" merge="0" rebuychips="0" reg_code="8392785840"/>
<player seat="3" name="oreiasccp" chips="420" dealer="1" win="0" bet="5" muck="1" rebuy="0" addon="0" merge="0" rebuychips="0" reg_code="8392785833"/>
<player seat="6" name="gamercool352" chips="520" dealer="0" win="0" bet="20" muck="1" rebuy="0" addon="0" merge="0" rebuychips="0" reg_code="8392785803"/>
</players>
</general>
<round no="0"><action no="1" player="gamercool352" type="15" discard="1" dealt="1" sum="5"/>
<action no="2" player="LiviuTDR" type="15" discard="1" dealt="1" sum="5"/>
<action no="3" player="oreiasccp" type="15" sum="5"/>
<action no="4" player="gamercool352" type="1" discard="1" dealt="1" sum="15"/>
<action no="5" player="LiviuTDR" type="2" discard="1" dealt="1" sum="30"/>
</round>
<round no="1"><cards type="Pocket" player="gamercool352">X X</cards>
<cards type="Pocket" player="oreiasccp">S5 H4</cards>
<cards type="Pocket" player="LiviuTDR">X X</cards>
<action no="6" player="oreiasccp" type="0" sum="0"/>
<action no="7" player="gamercool352" type="0" discard="1" dealt="1" sum="0"/>
</round>
</game>
<game gamecode="11536536101"><general><startdate>2025-06-27 09:57:34</startdate>
<round>1</round>
<failsafecounter/>
<players><player seat="3" name="oreiasccp" chips="415" dealer="0" win="0" bet="35" muck="1" rebuy="0" addon="0" merge="0" rebuychips="0" reg_code="8392785833"/>
<player seat="6" name="gamercool352" chips="500" dealer="1" win="90" bet="95" muck="1" rebuy="0" addon="0" merge="0" rebuychips="0" reg_code="8392785803"/>
<player seat="10" name="LiviuTDR" chips="585" dealer="0" win="0" bet="20" muck="1" rebuy="0" addon="0" merge="0" rebuychips="0" reg_code="8392785840"/>
</players>
</general>
<round no="0"><action no="1" player="LiviuTDR" type="15" discard="1" dealt="1" sum="5"/>
<action no="2" player="oreiasccp" type="15" sum="5"/>
<action no="3" player="gamercool352" type="15" discard="1" dealt="1" sum="5"/>
<action no="4" player="LiviuTDR" type="1" discard="1" dealt="1" sum="15"/>
<action no="5" player="oreiasccp" type="2" sum="30"/>
</round>
<round no="1"><cards type="Pocket" player="LiviuTDR">X X</cards>
<cards type="Pocket" player="gamercool352">X X</cards>
<cards type="Pocket" player="oreiasccp">C4 H3</cards>
<action no="6" player="gamercool352" type="23" discard="1" dealt="1" sum="90"/>
<action no="7" player="LiviuTDR" type="0" discard="1" dealt="1" sum="0"/>
<action no="8" player="oreiasccp" type="0" sum="0"/>
</round>
</game>
<game gamecode="11536536135"><general><startdate>2025-06-27 09:57:45</startdate>
<round>1</round>
<failsafecounter/>
<players><player seat="6" name="gamercool352" chips="555" dealer="0" win="45" bet="35" muck="1" rebuy="0" addon="0" merge="0" rebuychips="0" reg_code="8392785803"/>
<player seat="10" name="LiviuTDR" chips="565" dealer="1" win="0" bet="5" muck="1" rebuy="0" addon="0" merge="0" rebuychips="0" reg_code="8392785840"/>
<player seat="3" name="oreiasccp" chips="380" dealer="0" win="0" bet="20" muck="1" rebuy="0" addon="0" merge="0" rebuychips="0" reg_code="8392785833"/>
</players>
</general>
<round no="0"><action no="1" player="oreiasccp" type="15" sum="5"/>
<action no="2" player="gamercool352" type="15" discard="1" dealt="1" sum="5"/>
<action no="3" player="LiviuTDR" type="15" discard="1" dealt="1" sum="5"/>
<action no="4" player="oreiasccp" type="1" sum="15"/>
<action no="5" player="gamercool352" type="2" discard="1" dealt="1" sum="30"/>
</round>
<round no="1"><cards type="Pocket" player="oreiasccp">H7 D4</cards>
<cards type="Pocket" player="gamercool352">X X</cards>
<cards type="Pocket" player="LiviuTDR">X X</cards>
<action no="6" player="LiviuTDR" type="0" discard="1" dealt="1" sum="0"/>
<action no="7" player="oreiasccp" type="0" sum="0"/>
</round>
</game>
<game gamecode="11536536176"><general><startdate>2025-06-27 09:57:57</startdate>
<round>1</round>
<failsafecounter/>
<players><player seat="10" name="LiviuTDR" chips="560" dealer="0" win="311" bet="258" muck="1" rebuy="0" addon="0" merge="0" rebuychips="0" reg_code="8392785840"/>
<player seat="3" name="oreiasccp" chips="360" dealer="1" win="0" bet="5" muck="1" rebuy="0" addon="0" merge="0" rebuychips="0" reg_code="8392785833"/>
<player seat="6" name="gamercool352" chips="580" dealer="0" win="0" bet="153" muck="1" rebuy="0" addon="0" merge="0" rebuychips="0" reg_code="8392785803"/>
</players>
</general>
<round no="0"><action no="1" player="gamercool352" type="15" discard="1" dealt="1" sum="5"/>
<action no="2" player="LiviuTDR" type="15" discard="1" dealt="1" sum="5"/>
<action no="3" player="oreiasccp" type="15" sum="5"/>
<action no="4" player="gamercool352" type="1" discard="1" dealt="1" sum="15"/>
<action no="5" player="LiviuTDR" type="2" discard="1" dealt="1" sum="30"/>
</round>
<round no="1"><cards type="Pocket" player="gamercool352">X X</cards>
<cards type="Pocket" player="LiviuTDR">X X</cards>
<cards type="Pocket" player="oreiasccp">C9 H8</cards>
<action no="6" player="oreiasccp" type="0" sum="0"/>
<action no="7" player="gamercool352" type="3" discard="1" dealt="1" sum="15"/>
<action no="8" player="LiviuTDR" type="23" discard="1" dealt="1" sum="90"/>
<action no="9" player="gamercool352" type="3" discard="1" dealt="1" sum="60"/>
</round>
<round no="2"><cards type="Flop">CJ C10 DK</cards>
<action no="10" player="gamercool352" type="4" discard="1" dealt="1" sum="0"/>
<action no="11" player="LiviuTDR" type="5" discard="1" dealt="1" sum="58"/>
<action no="12" player="gamercool352" type="3" discard="1" dealt="1" sum="58"/>
</round>
<round no="3"><cards type="Turn">D5</cards>
<action no="13" player="gamercool352" type="4" discard="1" dealt="1" sum="0"/>
<action no="14" player="LiviuTDR" type="5" discard="1" dealt="1" sum="105"/>
<action no="15" player="gamercool352" type="0" discard="1" dealt="1" sum="0"/>
</round>
</game>
<game gamecode="11536540737"><general><startdate>2025-06-27 09:58:34</startdate>
<round>1</round>
<failsafecounter/>
<players><player seat="3" name="oreiasccp" chips="355" dealer="0" win="715" bet="355" muck="0" rebuy="0" addon="0" merge="0" rebuychips="0" reg_code="8392785833"/>
<player seat="6" name="gamercool352" chips="427" dealer="1" win="0" bet="5" muck="1" rebuy="0" addon="0" merge="0" rebuychips="0" reg_code="8392785803"/>
<player seat="10" name="LiviuTDR" chips="718" dealer="0" win="0" bet="718" muck="1" rebuy="0" addon="0" merge="0" rebuychips="0" reg_code="8392785840"/>
</players>
</general>
<round no="0"><action no="1" player="LiviuTDR" type="15" discard="1" dealt="1" sum="5"/>
<action no="2" player="oreiasccp" type="15" sum="5"/>
<action no="3" player="gamercool352" type="15" discard="1" dealt="1" sum="5"/>
<action no="4" player="LiviuTDR" type="1" discard="1" dealt="1" sum="15"/>
<action no="5" player="oreiasccp" type="2" sum="30"/>
</round>
<round no="1"><cards type="Pocket" player="oreiasccp">C3 S3</cards>
<cards type="Pocket" player="gamercool352">X X</cards>
<cards type="Pocket" player="LiviuTDR">DQ CK</cards>
<action no="6" player="gamercool352" type="0" discard="1" dealt="1" sum="0"/>
<action no="7" player="LiviuTDR" type="23" discard="1" dealt="1" sum="713"/>
<action no="8" player="oreiasccp" type="7" sum="320"/>
</round>
<round no="2"><cards type="Flop">S5 S4 H7</cards>
</round>
<round no="3"><cards type="Turn">SA</cards>
</round>
<round no="4"><cards type="River">H9</cards>
</round>
</game>
<game gamecode="11536540787"><general><startdate>2025-06-27 09:58:53</startdate>
<round>1</round>
<failsafecounter/>
<players><player seat="6" name="gamercool352" chips="422" dealer="0" win="45" bet="35" muck="1" rebuy="0" addon="0" merge="0" rebuychips="0" reg_code="8392785803"/>
<player seat="10" name="LiviuTDR" chips="363" dealer="1" win="0" bet="5" muck="1" rebuy="0" addon="0" merge="0" rebuychips="0" reg_code="8392785840"/>
<player seat="3" name="oreiasccp" chips="715" dealer="0" win="0" bet="20" muck="1" rebuy="0" addon="0" merge="0" rebuychips="0" reg_code="8392785833"/>
</players>
</general>
<round no="0"><action no="1" player="oreiasccp" type="15" sum="5"/>
<action no="2" player="gamercool352" type="15" discard="1" dealt="1" sum="5"/>
<action no="3" player="LiviuTDR" type="15" discard="1" dealt="1" sum="5"/>
<action no="4" player="oreiasccp" type="1" sum="15"/>
<action no="5" player="gamercool352" type="2" discard="1" dealt="1" sum="30"/>
</round>
<round no="1"><cards type="Pocket" player="gamercool352">X X</cards>
<cards type="Pocket" player="LiviuTDR">X X</cards>
<cards type="Pocket" player="oreiasccp">H2 C8</cards>
<action no="6" player="LiviuTDR" type="0" discard="1" dealt="1" sum="0"/>
<action no="7" player="oreiasccp" type="0" sum="0"/>
</round>
</game>
<game gamecode="11536540822"><general><startdate>2025-06-27 09:59:05</startdate>
<round>1</round>
<failsafecounter/>
<players><player seat="10" name="LiviuTDR" chips="358" dealer="0" win="210" bet="200" muck="1" rebuy="0" addon="0" merge="0" rebuychips="0" reg_code="8392785840"/>
<player seat="3" name="oreiasccp" chips="695" dealer="1" win="0" bet="95" muck="1" rebuy="0" addon="0" merge="0" rebuychips="0" reg_code="8392785833"/>
<player seat="6" name="gamercool352" chips="447" dealer="0" win="0" bet="20" muck="1" rebuy="0" addon="0" merge="0" rebuychips="0" reg_code="8392785803"/>
</players>
</general>
<round no="0"><action no="1" player="gamercool352" type="15" discard="1" dealt="1" sum="5"/>
<action no="2" player="LiviuTDR" type="15" discard="1" dealt="1" sum="5"/>
<action no="3" player="oreiasccp" type="15" sum="5"/>
<action no="4" player="gamercool352" type="1" discard="1" dealt="1" sum="15"/>
<action no="5" player="LiviuTDR" type="2" discard="1" dealt="1" sum="30"/>
</round>
<round no="1"><cards type="Pocket" player="LiviuTDR">X X</cards>
<cards type="Pocket" player="gamercool352">X X</cards>
<cards type="Pocket" player="oreiasccp">S9 CQ</cards>
<action no="6" player="oreiasccp" type="23" sum="60"/>
<action no="7" player="gamercool352" type="0" discard="1" dealt="1" sum="0"/>
<action no="8" player="LiviuTDR" type="3" discard="1" dealt="1" sum="30"/>
</round>
<round no="2"><cards type="Flop">C10 D4 D5</cards>
<action no="9" player="LiviuTDR" type="4" discard="1" dealt="1" sum="0"/>
<action no="10" player="oreiasccp" type="5" sum="30"/>
<action no="11" player="LiviuTDR" type="3" discard="1" dealt="1" sum="30"/>
</round>
<round no="3"><cards type="Turn">H10</cards>
<action no="12" player="LiviuTDR" type="4" discard="1" dealt="1" sum="0"/>
<action no="13" player="oreiasccp" type="4" sum="0"/>
</round>
<round no="4"><cards type="River">C7</cards>
<action no="14" player="LiviuTDR" type="5" discard="1" dealt="1" sum="105"/>
<action no="15" player="oreiasccp" type="0" sum="0"/>
</round>
</game>
<game gamecode="11536540919"><general><startdate>2025-06-27 09:59:45</startdate>
<round>1</round>
<failsafecounter/>
<players><player seat="3" name="oreiasccp" chips="600" dealer="0" win="55" bet="45" muck="1" rebuy="0" addon="0" merge="0" rebuychips="0" reg_code="8392785833"/>
<player seat="6" name="gamercool352" chips="427" dealer="1" win="0" bet="5" muck="1" rebuy="0" addon="0" merge="0" rebuychips="0" reg_code="8392785803"/>
<player seat="10" name="LiviuTDR" chips="473" dealer="0" win="0" bet="25" muck="1" rebuy="0" addon="0" merge="0" rebuychips="0" reg_code="8392785840"/>
</players>
</general>
<round no="0"><action no="1" player="LiviuTDR" type="15" discard="1" dealt="1" sum="5"/>
<action no="2" player="oreiasccp" type="15" sum="5"/>
<action no="3" player="gamercool352" type="15" discard="1" dealt="1" sum="5"/>
<action no="4" player="LiviuTDR" type="1" discard="1" dealt="1" sum="20"/>
<action no="5" player="oreiasccp" type="2" sum="40"/>
</round>
<round no="1"><cards type="Pocket" player="gamercool352">X X</cards>
<cards type="Pocket" player="oreiasccp">HJ HK</cards>
<cards type="Pocket" player="LiviuTDR">X X</cards>
<action no="6" player="gamercool352" type="0" discard="1" dealt="1" sum="0"/>
<action no="7" player="LiviuTDR" type="0" discard="1" dealt="1" sum="0"/>
</round>
</game>
<game gamecode="11536540956"><general><startdate>2025-06-27 10:00:01</startdate>
<round>1</round>
<failsafecounter/>
<players><player seat="6" name="gamercool352" chips="422" dealer="0" win="0" bet="45" muck="1" rebuy="0" addon="0" merge="0" rebuychips="0" reg_code="8392785803"/>
<player seat="10" name="LiviuTDR" chips="448" dealer="1" win="0" bet="5" muck="1" rebuy="0" addon="0" merge="0" rebuychips="0" reg_code="8392785840"/>
<player seat="3" name="oreiasccp" chips="630" dealer="0" win="95" bet="422" muck="1" rebuy="0" addon="0" merge="0" rebuychips="0" reg_code="8392785833"/>
</players>
</general>
<round no="0"><action no="1" player="oreiasccp" type="15" sum="5"/>
<action no="2" player="gamercool352" type="15" discard="1" dealt="1" sum="5"/>
<action no="3" player="LiviuTDR" type="15" discard="1" dealt="1" sum="5"/>
<action no="4" player="oreiasccp" type="1" sum="20"/>
<action no="5" player="gamercool352" type="2" discard="1" dealt="1" sum="40"/>
</round>
<round no="1"><cards type="Pocket" player="LiviuTDR">X X</cards>
<cards type="Pocket" player="gamercool352">X X</cards>
<cards type="Pocket" player="oreiasccp">HQ H6</cards>
<action no="6" player="LiviuTDR" type="0" discard="1" dealt="1" sum="0"/>
<action no="7" player="oreiasccp" type="23" sum="417"/>
<action no="8" player="gamercool352" type="0" discard="1" dealt="1" sum="0"/>
</round>
</game>
<game gamecode="11536540995"><general><startdate>2025-06-27 10:00:16</startdate>
<round>1</round>
<failsafecounter/>
<players><player seat="10" name="LiviuTDR" chips="443" dealer="0" win="0" bet="45" muck="1" rebuy="0" addon="0" merge="0" rebuychips="0" reg_code="8392785840"/>
<player seat="3" name="oreiasccp" chips="680" dealer="1" win="0" bet="85" muck="1" rebuy="0" addon="0" merge="0" rebuychips="0" reg_code="8392785833"/>
<player seat="6" name="gamercool352" chips="377" dealer="0" win="215" bet="377" muck="1" rebuy="0" addon="0" merge="0" rebuychips="0" reg_code="8392785803"/>
</players>
</general>
<round no="0"><action no="1" player="gamercool352" type="15" discard="1" dealt="1" sum="5"/>
<action no="2" player="LiviuTDR" type="15" discard="1" dealt="1" sum="5"/>
<action no="3" player="oreiasccp" type="15" sum="5"/>
<action no="4" player="gamercool352" type="1" discard="1" dealt="1" sum="20"/>
<action no="5" player="LiviuTDR" type="2" discard="1" dealt="1" sum="40"/>
</round>
<round no="1"><cards type="Pocket" player="LiviuTDR">X X</cards>
<cards type="Pocket" player="oreiasccp">HJ H8</cards>
<cards type="Pocket" player="gamercool352">X X</cards>
<action no="6" player="oreiasccp" type="23" sum="80"/>
<action no="7" player="gamercool352" type="23" discard="1" dealt="1" sum="372"/>
<action no="8" player="LiviuTDR" type="0" discard="1" dealt="1" sum="0"/>
<action no="9" player="oreiasccp" type="0" sum="0"/>
</round>
</game>
<game gamecode="11536541030"><general><startdate>2025-06-27 10:00:27</startdate>
<round>1</round>
<failsafecounter/>
<players><player seat="3" name="oreiasccp" chips="595" dealer="0" win="135" bet="144" muck="1" rebuy="0" addon="0" merge="0" rebuychips="0" reg_code="8392785833"/>
<player seat="6" name="gamercool352" chips="507" dealer="1" win="0" bet="45" muck="1" rebuy="0" addon="0" merge="0" rebuychips="0" reg_code="8392785803"/>
<player seat="10" name="LiviuTDR" chips="398" dealer="0" win="0" bet="45" muck="1" rebuy="0" addon="0" merge="0" rebuychips="0" reg_code="8392785840"/>
</players>
</general>
<round no="0"><action no="1" player="LiviuTDR" type="15" discard="1" dealt="1" sum="5"/>
<action no="2" player="oreiasccp" type="15" sum="5"/>
<action no="3" player="gamercool352" type="15" discard="1" dealt="1" sum="5"/>
<action no="4" player="LiviuTDR" type="1" discard="1" dealt="1" sum="20"/>
<action no="5" player="oreiasccp" type="2" sum="40"/>
</round>
<round no="1"><cards type="Pocket" player="LiviuTDR">X X</cards>
<cards type="Pocket" player="gamercool352">X X</cards>
<cards type="Pocket" player="oreiasccp">SQ H9</cards>
<action no="6" player="gamercool352" type="3" discard="1" dealt="1" sum="40"/>
<action no="7" player="LiviuTDR" type="3" discard="1" dealt="1" sum="20"/>
<action no="8" player="oreiasccp" type="4" sum="0"/>
</round>
<round no="2"><cards type="Flop">C3 C9 HQ</cards>
<action no="9" player="LiviuTDR" type="4" discard="1" dealt="1" sum="0"/>
<action no="10" player="oreiasccp" type="4" sum="0"/>
<action no="11" player="gamercool352" type="4" discard="1" dealt="1" sum="0"/>
</round>
<round no="3"><cards type="Turn">D6</cards>
<action no="12" player="LiviuTDR" type="4" discard="1" dealt="1" sum="0"/>
<action no="13" player="oreiasccp" type="5" sum="99"/>
<action no="14" player="gamercool352" type="0" discard="1" dealt="1" sum="0"/>
<action no="15" player="LiviuTDR" type="0" discard="1" dealt="1" sum="0"/>
</round>
</game>
<game gamecode="11536541132"><general><startdate>2025-06-27 10:01:06</startdate>
<round>1</round>
<failsafecounter/>
<players><player seat="6" name="gamercool352" chips="462" dealer="0" win="0" bet="45" muck="1" rebuy="0" addon="0" merge="0" rebuychips="0" reg_code="8392785803"/>
<player seat="10" name="LiviuTDR" chips="353" dealer="1" win="0" bet="353" muck="0" rebuy="0" addon="0" merge="0" rebuychips="0" reg_code="8392785840"/>
<player seat="3" name="oreiasccp" chips="685" dealer="0" win="751" bet="661" muck="0" rebuy="0" addon="0" merge="0" rebuychips="0" reg_code="8392785833"/>
</players>
</general>
<round no="0"><action no="1" player="oreiasccp" type="15" sum="5"/>
<action no="2" player="gamercool352" type="15" discard="1" dealt="1" sum="5"/>
<action no="3" player="LiviuTDR" type="15" discard="1" dealt="1" sum="5"/>
<action no="4" player="oreiasccp" type="1" sum="20"/>
<action no="5" player="gamercool352" type="2" discard="1" dealt="1" sum="40"/>
</round>
<round no="1"><cards type="Pocket" player="LiviuTDR">D10 SQ</cards>
<cards type="Pocket" player="oreiasccp">CK DK</cards>
<cards type="Pocket" player="gamercool352">X X</cards>
<action no="6" player="LiviuTDR" type="23" discard="1" dealt="1" sum="348"/>
<action no="7" player="oreiasccp" type="23" sum="656"/>
<action no="8" player="gamercool352" type="0" discard="1" dealt="1" sum="0"/>
</round>
<round no="2"><cards type="Flop">H10 D2 HJ</cards>
</round>
<round no="3"><cards type="Turn">D6</cards>
</round>
<round no="4"><cards type="River">H8</cards>
</round>
</game>
<game gamecode="11536541193"><general><startdate>2025-06-27 10:01:27</startdate>
<round>1</round>
<failsafecounter/>
<players><player seat="6" name="gamercool352" chips="417" dealer="0" win="70" bet="65" muck="1" rebuy="0" addon="0" merge="0" rebuychips="0" reg_code="8392785803"/>
<player seat="3" name="oreiasccp" chips="1,083" dealer="1" win="0" bet="35" muck="1" rebuy="0" addon="0" merge="0" rebuychips="0" reg_code="8392785833"/>
</players>
</general>
<round no="0"><action no="1" player="oreiasccp" type="15" sum="5"/>
<action no="2" player="gamercool352" type="15" discard="1" dealt="1" sum="5"/>
<action no="3" player="oreiasccp" type="1" sum="30"/>
<action no="4" player="gamercool352" type="2" discard="1" dealt="1" sum="60"/>
</round>
<round no="1"><cards type="Pocket" player="oreiasccp">H4 SJ</cards>
<cards type="Pocket" player="gamercool352">X X</cards>
<action no="5" player="oreiasccp" type="0" sum="0"/>
</round>
</game>
<game gamecode="11536541212"><general><startdate>2025-06-27 10:01:32</startdate>
<round>1</round>
<failsafecounter/>
<players><player seat="3" name="oreiasccp" chips="1,048" dealer="0" win="904" bet="452" muck="0" rebuy="0" addon="0" merge="0" rebuychips="0" reg_code="8392785833"/>
<player seat="6" name="gamercool352" chips="452" dealer="1" win="0" bet="452" muck="0" rebuy="0" addon="0" merge="0" rebuychips="0" reg_code="8392785803"/>
</players>
</general>
<round no="0"><action no="1" player="gamercool352" type="15" discard="1" dealt="1" sum="5"/>
<action no="2" player="oreiasccp" type="15" sum="5"/>
<action no="3" player="gamercool352" type="1" discard="1" dealt="1" sum="30"/>
<action no="4" player="oreiasccp" type="2" sum="60"/>
</round>
<round no="1"><cards type="Pocket" player="gamercool352">SK C9</cards>
<cards type="Pocket" player="oreiasccp">H9 D9</cards>
<action no="5" player="gamercool352" type="23" discard="1" dealt="1" sum="447"/>
<action no="6" player="oreiasccp" type="3" sum="387"/>
</round>
<round no="2"><cards type="Flop">S8 H8 C4</cards>
</round>
<round no="3"><cards type="Turn">D4</cards>
</round>
<round no="4"><cards type="River">D2</cards>
</round>
</game>
</session>
