<?xml version="1.0" encoding="UTF-8"?>
<session sessioncode="8392792413">
<general>
<client_version>25.1.1.13</client_version>
<mode>real</mode>
<gametype>Holdem NL</gametype>
<tablename>Twister €5 SNG, 1128647594</tablename>
<tournamentcode>1128647593</tournamentcode>
<tournamentname>Twister €5 SNG</tournamentname>
<buyin>€0 + €0.35 + €4.65</buyin>
<totalbuyin>€5</totalbuyin>
<rewarddrawn>€40</rewarddrawn>
<tournamentcurrency>EUR</tournamentcurrency>
<currency>EUR</currency>
<nickname>oreiasccp</nickname>
<gamecount>26</gamecount>
<startdate>2025-06-27 10:15:04</startdate>
<place>1</place>
<win>€40</win>
<tablesize>3</tablesize>
</general>
<game gamecode="11536550825"><general><startdate>2025-06-27 10:15:20</startdate>
<round>1</round>
<failsafecounter/>
<players><player seat="3" name="gasgas" chips="500" dealer="0" win="120" bet="90" muck="1" rebuy="0" addon="0" merge="0" rebuychips="0" reg_code="8392792315"/>
<player seat="6" name="saiger1" chips="500" dealer="1" win="0" bet="0" muck="1" rebuy="0" addon="0" merge="0" rebuychips="0" reg_code="8392792327"/>
<player seat="10" name="oreiasccp" chips="500" dealer="0" win="0" bet="60" muck="1" rebuy="0" addon="0" merge="0" rebuychips="0" reg_code="8392792413"/>
</players>
</general>
<round no="0"><action no="1" player="oreiasccp" type="1" sum="10"/>
<action no="2" player="gasgas" type="2" discard="1" dealt="1" sum="20"/>
</round>
<round no="1"><cards type="Pocket" player="oreiasccp">DJ C9</cards>
<cards type="Pocket" player="saiger1">X X</cards>
<cards type="Pocket" player="gasgas">X X</cards>
<action no="3" player="saiger1" type="0" discard="1" dealt="1" sum="0"/>
<action no="4" player="oreiasccp" type="23" sum="40"/>
<action no="5" player="gasgas" type="3" discard="1" dealt="1" sum="20"/>
</round>
<round no="2"><cards type="Flop">SQ D6 D5</cards>
<action no="6" player="oreiasccp" type="5" sum="20"/>
<action no="7" player="gasgas" type="23" discard="1" dealt="1" sum="50"/>
<action no="8" player="oreiasccp" type="0" sum="0"/>
</round>
</game>
<game gamecode="11536550902"><general><startdate>2025-06-27 10:15:46</startdate>
<round>1</round>
<failsafecounter/>
<players><player seat="6" name="saiger1" chips="500" dealer="0" win="0" bet="155" muck="1" rebuy="0" addon="0" merge="0" rebuychips="0" reg_code="8392792327"/>
<player seat="10" name="oreiasccp" chips="440" dealer="1" win="320" bet="155" muck="0" rebuy="0" addon="0" merge="0" rebuychips="0" reg_code="8392792413"/>
<player seat="3" name="gasgas" chips="560" dealer="0" win="0" bet="10" muck="1" rebuy="0" addon="0" merge="0" rebuychips="0" reg_code="8392792315"/>
</players>
</general>
<round no="0"><action no="1" player="gasgas" type="1" discard="1" dealt="1" sum="10"/>
<action no="2" player="saiger1" type="2" discard="1" dealt="1" sum="20"/>
</round>
<round no="1"><cards type="Pocket" player="gasgas">X X</cards>
<cards type="Pocket" player="saiger1">HK H5</cards>
<cards type="Pocket" player="oreiasccp">C5 HA</cards>
<action no="3" player="oreiasccp" type="23" sum="40"/>
<action no="4" player="gasgas" type="0" discard="1" dealt="1" sum="0"/>
<action no="5" player="saiger1" type="3" discard="1" dealt="1" sum="20"/>
</round>
<round no="2"><cards type="Flop">CA C7 S5</cards>
<action no="6" player="saiger1" type="4" discard="1" dealt="1" sum="0"/>
<action no="7" player="oreiasccp" type="5" sum="20"/>
<action no="8" player="saiger1" type="3" discard="1" dealt="1" sum="20"/>
</round>
<round no="3"><cards type="Turn">D8</cards>
<action no="9" player="saiger1" type="4" discard="1" dealt="1" sum="0"/>
<action no="10" player="oreiasccp" type="5" sum="95"/>
<action no="11" player="saiger1" type="3" discard="1" dealt="1" sum="95"/>
</round>
<round no="4"><cards type="River">D9</cards>
<action no="12" player="saiger1" type="4" discard="1" dealt="1" sum="0"/>
<action no="13" player="oreiasccp" type="4" sum="0"/>
</round>
</game>
<game gamecode="11536550978"><general><startdate>2025-06-27 10:16:11</startdate>
<round>1</round>
<failsafecounter/>
<players><player seat="10" name="oreiasccp" chips="605" dealer="0" win="20" bet="20" muck="1" rebuy="0" addon="0" merge="0" rebuychips="0" reg_code="8392792413"/>
<player seat="3" name="gasgas" chips="550" dealer="1" win="0" bet="0" muck="1" rebuy="0" addon="0" merge="0" rebuychips="0" reg_code="8392792315"/>
<player seat="6" name="saiger1" chips="345" dealer="0" win="0" bet="10" muck="1" rebuy="0" addon="0" merge="0" rebuychips="0" reg_code="8392792327"/>
</players>
</general>
<round no="0"><action no="1" player="saiger1" type="1" discard="1" dealt="1" sum="10"/>
<action no="2" player="oreiasccp" type="2" sum="20"/>
</round>
<round no="1"><cards type="Pocket" player="oreiasccp">SQ H5</cards>
<cards type="Pocket" player="saiger1">X X</cards>
<cards type="Pocket" player="gasgas">X X</cards>
<action no="3" player="gasgas" type="0" discard="1" dealt="1" sum="0"/>
<action no="4" player="saiger1" type="0" discard="1" dealt="1" sum="0"/>
</round>
</game>
<game gamecode="11536551008"><general><startdate>2025-06-27 10:16:19</startdate>
<round>1</round>
<failsafecounter/>
<players><player seat="3" name="gasgas" chips="550" dealer="0" win="0" bet="550" muck="0" rebuy="0" addon="0" merge="0" rebuychips="0" reg_code="8392792315"/>
<player seat="6" name="saiger1" chips="335" dealer="1" win="0" bet="0" muck="1" rebuy="0" addon="0" merge="0" rebuychips="0" reg_code="8392792327"/>
<player seat="10" name="oreiasccp" chips="615" dealer="0" win="1,100" bet="550" muck="0" rebuy="0" addon="0" merge="0" rebuychips="0" reg_code="8392792413"/>
</players>
</general>
<round no="0"><action no="1" player="oreiasccp" type="1" sum="10"/>
<action no="2" player="gasgas" type="2" discard="1" dealt="1" sum="20"/>
</round>
<round no="1"><cards type="Pocket" player="gasgas">HA CJ</cards>
<cards type="Pocket" player="saiger1">X X</cards>
<cards type="Pocket" player="oreiasccp">DK SA</cards>
<action no="3" player="saiger1" type="0" discard="1" dealt="1" sum="0"/>
<action no="4" player="oreiasccp" type="23" sum="60"/>
<action no="5" player="gasgas" type="23" discard="1" dealt="1" sum="550"/>
<action no="6" player="oreiasccp" type="3" sum="490"/>
</round>
<round no="2"><cards type="Flop">C7 S4 S2</cards>
</round>
<round no="3"><cards type="Turn">H10</cards>
</round>
<round no="4"><cards type="River">H5</cards>
</round>
</game>
<game gamecode="11536555843"><general><startdate>2025-06-27 10:16:43</startdate>
<round>1</round>
<failsafecounter/>
<players><player seat="6" name="saiger1" chips="335" dealer="0" win="40" bet="335" muck="1" rebuy="0" addon="0" merge="0" rebuychips="0" reg_code="8392792327"/>
<player seat="10" name="oreiasccp" chips="1,165" dealer="1" win="0" bet="20" muck="1" rebuy="0" addon="0" merge="0" rebuychips="0" reg_code="8392792413"/>
</players>
</general>
<round no="0"><action no="1" player="oreiasccp" type="1" sum="10"/>
<action no="2" player="saiger1" type="2" discard="1" dealt="1" sum="20"/>
</round>
<round no="1"><cards type="Pocket" player="oreiasccp">D2 DK</cards>
<cards type="Pocket" player="saiger1">X X</cards>
<action no="3" player="oreiasccp" type="3" sum="10"/>
<action no="4" player="saiger1" type="23" discard="1" dealt="1" sum="335"/>
<action no="5" player="oreiasccp" type="0" sum="0"/>
</round>
</game>
<game gamecode="11536555882"><general><startdate>2025-06-27 10:16:56</startdate>
<round>1</round>
<failsafecounter/>
<players><player seat="10" name="oreiasccp" chips="1,145" dealer="0" win="80" bet="80" muck="1" rebuy="0" addon="0" merge="0" rebuychips="0" reg_code="8392792413"/>
<player seat="6" name="saiger1" chips="355" dealer="1" win="0" bet="40" muck="1" rebuy="0" addon="0" merge="0" rebuychips="0" reg_code="8392792327"/>
</players>
</general>
<round no="0"><action no="1" player="saiger1" type="1" discard="1" dealt="1" sum="10"/>
<action no="2" player="oreiasccp" type="2" sum="20"/>
</round>
<round no="1"><cards type="Pocket" player="oreiasccp">S5 C6</cards>
<cards type="Pocket" player="saiger1">X X</cards>
<action no="3" player="saiger1" type="3" discard="1" dealt="1" sum="10"/>
<action no="4" player="oreiasccp" type="4" sum="0"/>
</round>
<round no="2"><cards type="Flop">S3 S2 C4</cards>
<action no="5" player="oreiasccp" type="4" sum="0"/>
<action no="6" player="saiger1" type="4" discard="1" dealt="1" sum="0"/>
</round>
<round no="3"><cards type="Turn">D6</cards>
<action no="7" player="oreiasccp" type="5" sum="20"/>
<action no="8" player="saiger1" type="3" discard="1" dealt="1" sum="20"/>
</round>
<round no="4"><cards type="River">D2</cards>
<action no="9" player="oreiasccp" type="5" sum="40"/>
<action no="10" player="saiger1" type="0" discard="1" dealt="1" sum="0"/>
</round>
</game>
<game gamecode="11536555959"><general><startdate>2025-06-27 10:17:20</startdate>
<round>1</round>
<failsafecounter/>
<players><player seat="6" name="saiger1" chips="315" dealer="0" win="630" bet="315" muck="0" rebuy="0" addon="0" merge="0" rebuychips="0" reg_code="8392792327"/>
<player seat="10" name="oreiasccp" chips="1,185" dealer="1" win="0" bet="315" muck="1" rebuy="0" addon="0" merge="0" rebuychips="0" reg_code="8392792413"/>
</players>
</general>
<round no="0"><action no="1" player="oreiasccp" type="15" sum="5"/>
<action no="2" player="saiger1" type="15" discard="1" dealt="1" sum="5"/>
<action no="3" player="oreiasccp" type="1" sum="15"/>
<action no="4" player="saiger1" type="2" discard="1" dealt="1" sum="30"/>
</round>
<round no="1"><cards type="Pocket" player="saiger1">H2 CK</cards>
<cards type="Pocket" player="oreiasccp">CA S5</cards>
<action no="5" player="oreiasccp" type="23" sum="310"/>
<action no="6" player="saiger1" type="7" discard="1" dealt="1" sum="280"/>
</round>
<round no="2"><cards type="Flop">S9 C6 SK</cards>
</round>
<round no="3"><cards type="Turn">H9</cards>
</round>
<round no="4"><cards type="River">CQ</cards>
</round>
</game>
<game gamecode="11536556021"><general><startdate>2025-06-27 10:17:38</startdate>
<round>1</round>
<failsafecounter/>
<players><player seat="10" name="oreiasccp" chips="870" dealer="0" win="260" bet="130" muck="0" rebuy="0" addon="0" merge="0" rebuychips="0" reg_code="8392792413"/>
<player seat="6" name="saiger1" chips="630" dealer="1" win="0" bet="130" muck="1" rebuy="0" addon="0" merge="0" rebuychips="0" reg_code="8392792327"/>
</players>
</general>
<round no="0"><action no="1" player="saiger1" type="15" discard="1" dealt="1" sum="5"/>
<action no="2" player="oreiasccp" type="15" sum="5"/>
<action no="3" player="saiger1" type="1" discard="1" dealt="1" sum="15"/>
<action no="4" player="oreiasccp" type="2" sum="30"/>
</round>
<round no="1"><cards type="Pocket" player="oreiasccp">DK S6</cards>
<cards type="Pocket" player="saiger1">DQ CK</cards>
<action no="5" player="saiger1" type="23" discard="1" dealt="1" sum="60"/>
<action no="6" player="oreiasccp" type="3" sum="30"/>
</round>
<round no="2"><cards type="Flop">H2 C4 C6</cards>
<action no="7" player="oreiasccp" type="4" sum="0"/>
<action no="8" player="saiger1" type="5" discard="1" dealt="1" sum="65"/>
<action no="9" player="oreiasccp" type="3" sum="65"/>
</round>
<round no="3"><cards type="Turn">CA</cards>
<action no="10" player="oreiasccp" type="4" sum="0"/>
<action no="11" player="saiger1" type="4" discard="1" dealt="1" sum="0"/>
</round>
<round no="4"><cards type="River">D4</cards>
<action no="12" player="oreiasccp" type="4" sum="0"/>
<action no="13" player="saiger1" type="4" discard="1" dealt="1" sum="0"/>
</round>
</game>
<game gamecode="11536556110"><general><startdate>2025-06-27 10:18:06</startdate>
<round>1</round>
<failsafecounter/>
<players><player seat="6" name="saiger1" chips="500" dealer="0" win="70" bet="65" muck="1" rebuy="0" addon="0" merge="0" rebuychips="0" reg_code="8392792327"/>
<player seat="10" name="oreiasccp" chips="1,000" dealer="1" win="0" bet="35" muck="1" rebuy="0" addon="0" merge="0" rebuychips="0" reg_code="8392792413"/>
</players>
</general>
<round no="0"><action no="1" player="oreiasccp" type="15" sum="5"/>
<action no="2" player="saiger1" type="15" discard="1" dealt="1" sum="5"/>
<action no="3" player="oreiasccp" type="1" sum="15"/>
<action no="4" player="saiger1" type="2" discard="1" dealt="1" sum="30"/>
</round>
<round no="1"><cards type="Pocket" player="saiger1">X X</cards>
<cards type="Pocket" player="oreiasccp">S9 DK</cards>
<action no="5" player="oreiasccp" type="3" sum="15"/>
<action no="6" player="saiger1" type="4" discard="1" dealt="1" sum="0"/>
</round>
<round no="2"><cards type="Flop">H10 D2 H7</cards>
<action no="7" player="saiger1" type="4" discard="1" dealt="1" sum="0"/>
<action no="8" player="oreiasccp" type="4" sum="0"/>
</round>
<round no="3"><cards type="Turn">S4</cards>
<action no="9" player="saiger1" type="5" discard="1" dealt="1" sum="30"/>
<action no="10" player="oreiasccp" type="0" sum="0"/>
</round>
</game>
<game gamecode="11536556164"><general><startdate>2025-06-27 10:18:21</startdate>
<round>1</round>
<failsafecounter/>
<players><player seat="10" name="oreiasccp" chips="965" dealer="0" win="0" bet="35" muck="1" rebuy="0" addon="0" merge="0" rebuychips="0" reg_code="8392792413"/>
<player seat="6" name="saiger1" chips="535" dealer="1" win="70" bet="87" muck="1" rebuy="0" addon="0" merge="0" rebuychips="0" reg_code="8392792327"/>
</players>
</general>
<round no="0"><action no="1" player="saiger1" type="15" discard="1" dealt="1" sum="5"/>
<action no="2" player="oreiasccp" type="15" sum="5"/>
<action no="3" player="saiger1" type="1" discard="1" dealt="1" sum="15"/>
<action no="4" player="oreiasccp" type="2" sum="30"/>
</round>
<round no="1"><cards type="Pocket" player="oreiasccp">CQ C5</cards>
<cards type="Pocket" player="saiger1">X X</cards>
<action no="5" player="saiger1" type="3" discard="1" dealt="1" sum="15"/>
<action no="6" player="oreiasccp" type="4" sum="0"/>
</round>
<round no="2"><cards type="Flop">SK CJ D6</cards>
<action no="7" player="oreiasccp" type="4" sum="0"/>
<action no="8" player="saiger1" type="4" discard="1" dealt="1" sum="0"/>
</round>
<round no="3"><cards type="Turn">S3</cards>
<action no="9" player="oreiasccp" type="4" sum="0"/>
<action no="10" player="saiger1" type="5" discard="1" dealt="1" sum="52"/>
<action no="11" player="oreiasccp" type="0" sum="0"/>
</round>
</game>
<game gamecode="11536556227"><general><startdate>2025-06-27 10:18:37</startdate>
<round>1</round>
<failsafecounter/>
<players><player seat="6" name="saiger1" chips="570" dealer="0" win="0" bet="35" muck="1" rebuy="0" addon="0" merge="0" rebuychips="0" reg_code="8392792327"/>
<player seat="10" name="oreiasccp" chips="930" dealer="1" win="70" bet="65" muck="1" rebuy="0" addon="0" merge="0" rebuychips="0" reg_code="8392792413"/>
</players>
</general>
<round no="0"><action no="1" player="oreiasccp" type="15" sum="5"/>
<action no="2" player="saiger1" type="15" discard="1" dealt="1" sum="5"/>
<action no="3" player="oreiasccp" type="1" sum="15"/>
<action no="4" player="saiger1" type="2" discard="1" dealt="1" sum="30"/>
</round>
<round no="1"><cards type="Pocket" player="saiger1">X X</cards>
<cards type="Pocket" player="oreiasccp">SQ CA</cards>
<action no="5" player="oreiasccp" type="23" sum="60"/>
<action no="6" player="saiger1" type="0" discard="1" dealt="1" sum="0"/>
</round>
</game>
<game gamecode="11536556256"><general><startdate>2025-06-27 10:18:45</startdate>
<round>1</round>
<failsafecounter/>
<players><player seat="10" name="oreiasccp" chips="965" dealer="0" win="0" bet="35" muck="1" rebuy="0" addon="0" merge="0" rebuychips="0" reg_code="8392792413"/>
<player seat="6" name="saiger1" chips="535" dealer="1" win="70" bet="65" muck="1" rebuy="0" addon="0" merge="0" rebuychips="0" reg_code="8392792327"/>
</players>
</general>
<round no="0"><action no="1" player="saiger1" type="15" discard="1" dealt="1" sum="5"/>
<action no="2" player="oreiasccp" type="15" sum="5"/>
<action no="3" player="saiger1" type="1" discard="1" dealt="1" sum="15"/>
<action no="4" player="oreiasccp" type="2" sum="30"/>
</round>
<round no="1"><cards type="Pocket" player="oreiasccp">D2 C5</cards>
<cards type="Pocket" player="saiger1">X X</cards>
<action no="5" player="saiger1" type="23" discard="1" dealt="1" sum="60"/>
<action no="6" player="oreiasccp" type="0" sum="0"/>
</round>
</game>
<game gamecode="11536556275"><general><startdate>2025-06-27 10:18:52</startdate>
<round>1</round>
<failsafecounter/>
<players><player seat="6" name="saiger1" chips="570" dealer="0" win="40" bet="35" muck="1" rebuy="0" addon="0" merge="0" rebuychips="0" reg_code="8392792327"/>
<player seat="10" name="oreiasccp" chips="930" dealer="1" win="0" bet="20" muck="1" rebuy="0" addon="0" merge="0" rebuychips="0" reg_code="8392792413"/>
</players>
</general>
<round no="0"><action no="1" player="oreiasccp" type="15" sum="5"/>
<action no="2" player="saiger1" type="15" discard="1" dealt="1" sum="5"/>
<action no="3" player="oreiasccp" type="1" sum="15"/>
<action no="4" player="saiger1" type="2" discard="1" dealt="1" sum="30"/>
</round>
<round no="1"><cards type="Pocket" player="oreiasccp">D3 H8</cards>
<cards type="Pocket" player="saiger1">X X</cards>
<action no="5" player="oreiasccp" type="0" sum="0"/>
</round>
</game>
<game gamecode="11536556293"><general><startdate>2025-06-27 10:18:57</startdate>
<round>1</round>
<failsafecounter/>
<players><player seat="10" name="oreiasccp" chips="910" dealer="0" win="70" bet="590" muck="1" rebuy="0" addon="0" merge="0" rebuychips="0" reg_code="8392792413"/>
<player seat="6" name="saiger1" chips="590" dealer="1" win="0" bet="35" muck="1" rebuy="0" addon="0" merge="0" rebuychips="0" reg_code="8392792327"/>
</players>
</general>
<round no="0"><action no="1" player="saiger1" type="15" discard="1" dealt="1" sum="5"/>
<action no="2" player="oreiasccp" type="15" sum="5"/>
<action no="3" player="saiger1" type="1" discard="1" dealt="1" sum="15"/>
<action no="4" player="oreiasccp" type="2" sum="30"/>
</round>
<round no="1"><cards type="Pocket" player="saiger1">X X</cards>
<cards type="Pocket" player="oreiasccp">SQ DA</cards>
<action no="5" player="saiger1" type="3" discard="1" dealt="1" sum="15"/>
<action no="6" player="oreiasccp" type="23" sum="585"/>
<action no="7" player="saiger1" type="0" discard="1" dealt="1" sum="0"/>
</round>
</game>
<game gamecode="11536556331"><general><startdate>2025-06-27 10:19:08</startdate>
<round>1</round>
<failsafecounter/>
<players><player seat="6" name="saiger1" chips="555" dealer="0" win="40" bet="35" muck="1" rebuy="0" addon="0" merge="0" rebuychips="0" reg_code="8392792327"/>
<player seat="10" name="oreiasccp" chips="945" dealer="1" win="0" bet="20" muck="1" rebuy="0" addon="0" merge="0" rebuychips="0" reg_code="8392792413"/>
</players>
</general>
<round no="0"><action no="1" player="oreiasccp" type="15" sum="5"/>
<action no="2" player="saiger1" type="15" discard="1" dealt="1" sum="5"/>
<action no="3" player="oreiasccp" type="1" sum="15"/>
<action no="4" player="saiger1" type="2" discard="1" dealt="1" sum="30"/>
</round>
<round no="1"><cards type="Pocket" player="saiger1">X X</cards>
<cards type="Pocket" player="oreiasccp">H3 S6</cards>
<action no="5" player="oreiasccp" type="0" sum="0"/>
</round>
</game>
<game gamecode="11536556351"><general><startdate>2025-06-27 10:19:13</startdate>
<round>1</round>
<failsafecounter/>
<players><player seat="10" name="oreiasccp" chips="925" dealer="0" win="0" bet="35" muck="1" rebuy="0" addon="0" merge="0" rebuychips="0" reg_code="8392792413"/>
<player seat="6" name="saiger1" chips="575" dealer="1" win="70" bet="65" muck="1" rebuy="0" addon="0" merge="0" rebuychips="0" reg_code="8392792327"/>
</players>
</general>
<round no="0"><action no="1" player="saiger1" type="15" discard="1" dealt="1" sum="5"/>
<action no="2" player="oreiasccp" type="15" sum="5"/>
<action no="3" player="saiger1" type="1" discard="1" dealt="1" sum="15"/>
<action no="4" player="oreiasccp" type="2" sum="30"/>
</round>
<round no="1"><cards type="Pocket" player="oreiasccp">C2 H8</cards>
<cards type="Pocket" player="saiger1">X X</cards>
<action no="5" player="saiger1" type="3" discard="1" dealt="1" sum="15"/>
<action no="6" player="oreiasccp" type="4" sum="0"/>
</round>
<round no="2"><cards type="Flop">H4 S7 C7</cards>
<action no="7" player="oreiasccp" type="4" sum="0"/>
<action no="8" player="saiger1" type="5" discard="1" dealt="1" sum="30"/>
<action no="9" player="oreiasccp" type="0" sum="0"/>
</round>
</game>
<game gamecode="11536556397"><general><startdate>2025-06-27 10:19:26</startdate>
<round>1</round>
<failsafecounter/>
<players><player seat="6" name="saiger1" chips="610" dealer="0" win="0" bet="45" muck="1" rebuy="0" addon="0" merge="0" rebuychips="0" reg_code="8392792327"/>
<player seat="10" name="oreiasccp" chips="890" dealer="1" win="90" bet="85" muck="1" rebuy="0" addon="0" merge="0" rebuychips="0" reg_code="8392792413"/>
</players>
</general>
<round no="0"><action no="1" player="oreiasccp" type="15" sum="5"/>
<action no="2" player="saiger1" type="15" discard="1" dealt="1" sum="5"/>
<action no="3" player="oreiasccp" type="1" sum="20"/>
<action no="4" player="saiger1" type="2" discard="1" dealt="1" sum="40"/>
</round>
<round no="1"><cards type="Pocket" player="oreiasccp">CQ D9</cards>
<cards type="Pocket" player="saiger1">X X</cards>
<action no="5" player="oreiasccp" type="3" sum="20"/>
<action no="6" player="saiger1" type="4" discard="1" dealt="1" sum="0"/>
</round>
<round no="2"><cards type="Flop">DJ H4 D4</cards>
<action no="7" player="saiger1" type="4" discard="1" dealt="1" sum="0"/>
<action no="8" player="oreiasccp" type="5" sum="40"/>
<action no="9" player="saiger1" type="0" discard="1" dealt="1" sum="0"/>
</round>
</game>
<game gamecode="11536556429"><general><startdate>2025-06-27 10:19:36</startdate>
<round>1</round>
<failsafecounter/>
<players><player seat="10" name="oreiasccp" chips="935" dealer="0" win="0" bet="45" muck="1" rebuy="0" addon="0" merge="0" rebuychips="0" reg_code="8392792413"/>
<player seat="6" name="saiger1" chips="565" dealer="1" win="90" bet="85" muck="1" rebuy="0" addon="0" merge="0" rebuychips="0" reg_code="8392792327"/>
</players>
</general>
<round no="0"><action no="1" player="saiger1" type="15" discard="1" dealt="1" sum="5"/>
<action no="2" player="oreiasccp" type="15" sum="5"/>
<action no="3" player="saiger1" type="1" discard="1" dealt="1" sum="20"/>
<action no="4" player="oreiasccp" type="2" sum="40"/>
</round>
<round no="1"><cards type="Pocket" player="oreiasccp">H4 C8</cards>
<cards type="Pocket" player="saiger1">X X</cards>
<action no="5" player="saiger1" type="3" discard="1" dealt="1" sum="20"/>
<action no="6" player="oreiasccp" type="4" sum="0"/>
</round>
<round no="2"><cards type="Flop">SJ H3 C2</cards>
<action no="7" player="oreiasccp" type="4" sum="0"/>
<action no="8" player="saiger1" type="5" discard="1" dealt="1" sum="40"/>
<action no="9" player="oreiasccp" type="0" sum="0"/>
</round>
</game>
<game gamecode="11536556488"><general><startdate>2025-06-27 10:19:56</startdate>
<round>1</round>
<failsafecounter/>
<players><player seat="6" name="saiger1" chips="610" dealer="0" win="50" bet="45" muck="1" rebuy="0" addon="0" merge="0" rebuychips="0" reg_code="8392792327"/>
<player seat="10" name="oreiasccp" chips="890" dealer="1" win="0" bet="25" muck="1" rebuy="0" addon="0" merge="0" rebuychips="0" reg_code="8392792413"/>
</players>
</general>
<round no="0"><action no="1" player="oreiasccp" type="15" sum="5"/>
<action no="2" player="saiger1" type="15" discard="1" dealt="1" sum="5"/>
<action no="3" player="oreiasccp" type="1" sum="20"/>
<action no="4" player="saiger1" type="2" discard="1" dealt="1" sum="40"/>
</round>
<round no="1"><cards type="Pocket" player="oreiasccp">S4 CJ</cards>
<cards type="Pocket" player="saiger1">X X</cards>
<action no="5" player="oreiasccp" type="0" sum="0"/>
</round>
</game>
<game gamecode="11536556506"><general><startdate>2025-06-27 10:20:01</startdate>
<round>1</round>
<failsafecounter/>
<players><player seat="10" name="oreiasccp" chips="865" dealer="0" win="0" bet="45" muck="1" rebuy="0" addon="0" merge="0" rebuychips="0" reg_code="8392792413"/>
<player seat="6" name="saiger1" chips="635" dealer="1" win="90" bet="635" muck="1" rebuy="0" addon="0" merge="0" rebuychips="0" reg_code="8392792327"/>
</players>
</general>
<round no="0"><action no="1" player="saiger1" type="15" discard="1" dealt="1" sum="5"/>
<action no="2" player="oreiasccp" type="15" sum="5"/>
<action no="3" player="saiger1" type="1" discard="1" dealt="1" sum="20"/>
<action no="4" player="oreiasccp" type="2" sum="40"/>
</round>
<round no="1"><cards type="Pocket" player="oreiasccp">C2 HA</cards>
<cards type="Pocket" player="saiger1">X X</cards>
<action no="5" player="saiger1" type="23" discard="1" dealt="1" sum="630"/>
<action no="6" player="oreiasccp" type="0" sum="0"/>
</round>
</game>
<game gamecode="11536556540"><general><startdate>2025-06-27 10:20:11</startdate>
<round>1</round>
<failsafecounter/>
<players><player seat="6" name="saiger1" chips="680" dealer="0" win="90" bet="680" muck="1" rebuy="0" addon="0" merge="0" rebuychips="0" reg_code="8392792327"/>
<player seat="10" name="oreiasccp" chips="820" dealer="1" win="0" bet="45" muck="1" rebuy="0" addon="0" merge="0" rebuychips="0" reg_code="8392792413"/>
</players>
</general>
<round no="0"><action no="1" player="oreiasccp" type="15" sum="5"/>
<action no="2" player="saiger1" type="15" discard="1" dealt="1" sum="5"/>
<action no="3" player="oreiasccp" type="1" sum="20"/>
<action no="4" player="saiger1" type="2" discard="1" dealt="1" sum="40"/>
</round>
<round no="1"><cards type="Pocket" player="saiger1">X X</cards>
<cards type="Pocket" player="oreiasccp">C9 DQ</cards>
<action no="5" player="oreiasccp" type="3" sum="20"/>
<action no="6" player="saiger1" type="23" discard="1" dealt="1" sum="675"/>
<action no="7" player="oreiasccp" type="0" sum="0"/>
</round>
</game>
<game gamecode="11536556569"><general><startdate>2025-06-27 10:20:20</startdate>
<round>1</round>
<failsafecounter/>
<players><player seat="10" name="oreiasccp" chips="775" dealer="0" win="725" bet="725" muck="0" rebuy="0" addon="0" merge="0" rebuychips="0" reg_code="8392792413"/>
<player seat="6" name="saiger1" chips="725" dealer="1" win="725" bet="725" muck="0" rebuy="0" addon="0" merge="0" rebuychips="0" reg_code="8392792327"/>
</players>
</general>
<round no="0"><action no="1" player="saiger1" type="15" discard="1" dealt="1" sum="5"/>
<action no="2" player="oreiasccp" type="15" sum="5"/>
<action no="3" player="saiger1" type="1" discard="1" dealt="1" sum="20"/>
<action no="4" player="oreiasccp" type="2" sum="40"/>
</round>
<round no="1"><cards type="Pocket" player="saiger1">HQ H8</cards>
<cards type="Pocket" player="oreiasccp">S8 S7</cards>
<action no="5" player="saiger1" type="3" discard="1" dealt="1" sum="20"/>
<action no="6" player="oreiasccp" type="4" sum="0"/>
</round>
<round no="2"><cards type="Flop">H10 SK CQ</cards>
<action no="7" player="oreiasccp" type="4" sum="0"/>
<action no="8" player="saiger1" type="4" discard="1" dealt="1" sum="0"/>
</round>
<round no="3"><cards type="Turn">SJ</cards>
<action no="9" player="oreiasccp" type="5" sum="40"/>
<action no="10" player="saiger1" type="3" discard="1" dealt="1" sum="40"/>
</round>
<round no="4"><cards type="River">HA</cards>
<action no="11" player="oreiasccp" type="5" sum="640"/>
<action no="12" player="saiger1" type="7" discard="1" dealt="1" sum="640"/>
</round>
</game>
<game gamecode="11536556647"><general><startdate>2025-06-27 10:20:41</startdate>
<round>1</round>
<failsafecounter/>
<players><player seat="6" name="saiger1" chips="725" dealer="0" win="0" bet="45" muck="1" rebuy="0" addon="0" merge="0" rebuychips="0" reg_code="8392792327"/>
<player seat="10" name="oreiasccp" chips="775" dealer="1" win="90" bet="85" muck="1" rebuy="0" addon="0" merge="0" rebuychips="0" reg_code="8392792413"/>
</players>
</general>
<round no="0"><action no="1" player="oreiasccp" type="15" sum="5"/>
<action no="2" player="saiger1" type="15" discard="1" dealt="1" sum="5"/>
<action no="3" player="oreiasccp" type="1" sum="20"/>
<action no="4" player="saiger1" type="2" discard="1" dealt="1" sum="40"/>
</round>
<round no="1"><cards type="Pocket" player="oreiasccp">D8 D3</cards>
<cards type="Pocket" player="saiger1">X X</cards>
<action no="5" player="oreiasccp" type="23" sum="80"/>
<action no="6" player="saiger1" type="0" discard="1" dealt="1" sum="0"/>
</round>
</game>
<game gamecode="11536556674"><general><startdate>2025-06-27 10:20:48</startdate>
<round>1</round>
<failsafecounter/>
<players><player seat="10" name="oreiasccp" chips="820" dealer="0" win="222" bet="111" muck="0" rebuy="0" addon="0" merge="0" rebuychips="0" reg_code="8392792413"/>
<player seat="6" name="saiger1" chips="680" dealer="1" win="0" bet="111" muck="1" rebuy="0" addon="0" merge="0" rebuychips="0" reg_code="8392792327"/>
</players>
</general>
<round no="0"><action no="1" player="saiger1" type="15" discard="1" dealt="1" sum="5"/>
<action no="2" player="oreiasccp" type="15" sum="5"/>
<action no="3" player="saiger1" type="1" discard="1" dealt="1" sum="20"/>
<action no="4" player="oreiasccp" type="2" sum="40"/>
</round>
<round no="1"><cards type="Pocket" player="oreiasccp">C6 CJ</cards>
<cards type="Pocket" player="saiger1">C5 S5</cards>
<action no="5" player="saiger1" type="3" discard="1" dealt="1" sum="20"/>
<action no="6" player="oreiasccp" type="4" sum="0"/>
</round>
<round no="2"><cards type="Flop">CK HJ D10</cards>
<action no="7" player="oreiasccp" type="4" sum="0"/>
<action no="8" player="saiger1" type="4" discard="1" dealt="1" sum="0"/>
</round>
<round no="3"><cards type="Turn">H8</cards>
<action no="9" player="oreiasccp" type="4" sum="0"/>
<action no="10" player="saiger1" type="4" discard="1" dealt="1" sum="0"/>
</round>
<round no="4"><cards type="River">C4</cards>
<action no="11" player="oreiasccp" type="5" sum="66"/>
<action no="12" player="saiger1" type="3" discard="1" dealt="1" sum="66"/>
</round>
</game>
<game gamecode="11536556749"><general><startdate>2025-06-27 10:21:11</startdate>
<round>1</round>
<failsafecounter/>
<players><player seat="6" name="saiger1" chips="569" dealer="0" win="0" bet="45" muck="1" rebuy="0" addon="0" merge="0" rebuychips="0" reg_code="8392792327"/>
<player seat="10" name="oreiasccp" chips="931" dealer="1" win="90" bet="569" muck="1" rebuy="0" addon="0" merge="0" rebuychips="0" reg_code="8392792413"/>
</players>
</general>
<round no="0"><action no="1" player="oreiasccp" type="15" sum="5"/>
<action no="2" player="saiger1" type="15" discard="1" dealt="1" sum="5"/>
<action no="3" player="oreiasccp" type="1" sum="20"/>
<action no="4" player="saiger1" type="2" discard="1" dealt="1" sum="40"/>
</round>
<round no="1"><cards type="Pocket" player="oreiasccp">C3 DA</cards>
<cards type="Pocket" player="saiger1">X X</cards>
<action no="5" player="oreiasccp" type="23" sum="564"/>
<action no="6" player="saiger1" type="0" discard="1" dealt="1" sum="0"/>
</round>
</game>
<game gamecode="11536556784"><general><startdate>2025-06-27 10:21:20</startdate>
<round>1</round>
<failsafecounter/>
<players><player seat="10" name="oreiasccp" chips="976" dealer="0" win="1,048" bet="524" muck="0" rebuy="0" addon="0" merge="0" rebuychips="0" reg_code="8392792413"/>
<player seat="6" name="saiger1" chips="524" dealer="1" win="0" bet="524" muck="0" rebuy="0" addon="0" merge="0" rebuychips="0" reg_code="8392792327"/>
</players>
</general>
<round no="0"><action no="1" player="saiger1" type="15" discard="1" dealt="1" sum="5"/>
<action no="2" player="oreiasccp" type="15" sum="5"/>
<action no="3" player="saiger1" type="1" discard="1" dealt="1" sum="30"/>
<action no="4" player="oreiasccp" type="2" sum="60"/>
</round>
<round no="1"><cards type="Pocket" player="saiger1">DA S6</cards>
<cards type="Pocket" player="oreiasccp">C9 S9</cards>
<action no="5" player="saiger1" type="23" discard="1" dealt="1" sum="519"/>
<action no="6" player="oreiasccp" type="3" sum="459"/>
</round>
<round no="2"><cards type="Flop">S7 HQ D5</cards>
</round>
<round no="3"><cards type="Turn">SJ</cards>
</round>
<round no="4"><cards type="River">C5</cards>
</round>
</game>
</session>
