<?xml version="1.0" encoding="UTF-8"?>
<session sessioncode="8392772254">
<general>
<client_version>25.1.1.13</client_version>
<mode>real</mode>
<gametype>Holdem NL</gametype>
<tablename>Twister €5 SNG, 1128644798</tablename>
<tournamentcode>1128644797</tournamentcode>
<tournamentname>Twister €5 SNG</tournamentname>
<buyin>€0 + €0.35 + €4.65</buyin>
<totalbuyin>€5</totalbuyin>
<rewarddrawn>€15</rewarddrawn>
<tournamentcurrency>EUR</tournamentcurrency>
<currency>EUR</currency>
<nickname>oreiasccp</nickname>
<gamecount>28</gamecount>
<startdate>2025-06-27 09:00:25</startdate>
<place>1</place>
<win>€15</win>
<tablesize>3</tablesize>
</general>
<game gamecode="11536499260"><general><startdate>2025-06-27 09:00:41</startdate>
<round>1</round>
<failsafecounter/>
<players><player seat="10" name="Humbert25" chips="500" dealer="0" win="0" bet="20" muck="1" rebuy="0" addon="0" merge="0" rebuychips="0" reg_code="8392772257"/>
<player seat="3" name="d0nsamag0n" chips="500" dealer="1" win="0" bet="0" muck="1" rebuy="0" addon="0" merge="0" rebuychips="0" reg_code="8392772243"/>
<player seat="6" name="oreiasccp" chips="500" dealer="0" win="40" bet="40" muck="1" rebuy="0" addon="0" merge="0" rebuychips="0" reg_code="8392772254"/>
</players>
</general>
<round no="0"><action no="1" player="oreiasccp" type="1" sum="10"/>
<action no="2" player="Humbert25" type="2" discard="1" dealt="1" sum="20"/>
</round>
<round no="1"><cards type="Pocket" player="d0nsamag0n">X X</cards>
<cards type="Pocket" player="Humbert25">X X</cards>
<cards type="Pocket" player="oreiasccp">SA H6</cards>
<action no="3" player="d0nsamag0n" type="0" discard="1" dealt="1" sum="0"/>
<action no="4" player="oreiasccp" type="23" sum="40"/>
<action no="5" player="Humbert25" type="0" discard="1" dealt="1" sum="0"/>
</round>
</game>
<game gamecode="11536499313"><general><startdate>2025-06-27 09:00:55</startdate>
<round>1</round>
<failsafecounter/>
<players><player seat="3" name="d0nsamag0n" chips="500" dealer="0" win="20" bet="20" muck="1" rebuy="0" addon="0" merge="0" rebuychips="0" reg_code="8392772243"/>
<player seat="6" name="oreiasccp" chips="520" dealer="1" win="0" bet="0" muck="1" rebuy="0" addon="0" merge="0" rebuychips="0" reg_code="8392772254"/>
<player seat="10" name="Humbert25" chips="480" dealer="0" win="0" bet="10" muck="1" rebuy="0" addon="0" merge="0" rebuychips="0" reg_code="8392772257"/>
</players>
</general>
<round no="0"><action no="1" player="Humbert25" type="1" discard="1" dealt="1" sum="10"/>
<action no="2" player="d0nsamag0n" type="2" discard="1" dealt="1" sum="20"/>
</round>
<round no="1"><cards type="Pocket" player="d0nsamag0n">X X</cards>
<cards type="Pocket" player="oreiasccp">D4 D2</cards>
<cards type="Pocket" player="Humbert25">X X</cards>
<action no="3" player="oreiasccp" type="0" sum="0"/>
<action no="4" player="Humbert25" type="0" discard="1" dealt="1" sum="0"/>
</round>
</game>
<game gamecode="11536499339"><general><startdate>2025-06-27 09:01:02</startdate>
<round>1</round>
<failsafecounter/>
<players><player seat="6" name="oreiasccp" chips="520" dealer="0" win="950" bet="470" muck="0" rebuy="0" addon="0" merge="0" rebuychips="0" reg_code="8392772254"/>
<player seat="10" name="Humbert25" chips="470" dealer="1" win="0" bet="470" muck="0" rebuy="0" addon="0" merge="0" rebuychips="0" reg_code="8392772257"/>
<player seat="3" name="d0nsamag0n" chips="510" dealer="0" win="0" bet="10" muck="1" rebuy="0" addon="0" merge="0" rebuychips="0" reg_code="8392772243"/>
</players>
</general>
<round no="0"><action no="1" player="d0nsamag0n" type="1" discard="1" dealt="1" sum="10"/>
<action no="2" player="oreiasccp" type="2" sum="20"/>
</round>
<round no="1"><cards type="Pocket" player="d0nsamag0n">X X</cards>
<cards type="Pocket" player="Humbert25">SA CJ</cards>
<cards type="Pocket" player="oreiasccp">C10 DK</cards>
<action no="3" player="Humbert25" type="23" discard="1" dealt="1" sum="40"/>
<action no="4" player="d0nsamag0n" type="0" discard="1" dealt="1" sum="0"/>
<action no="5" player="oreiasccp" type="3" sum="20"/>
</round>
<round no="2"><cards type="Flop">HK S10 H9</cards>
<action no="6" player="oreiasccp" type="4" sum="0"/>
<action no="7" player="Humbert25" type="4" discard="1" dealt="1" sum="0"/>
</round>
<round no="3"><cards type="Turn">DQ</cards>
<action no="8" player="oreiasccp" type="4" sum="0"/>
<action no="9" player="Humbert25" type="5" discard="1" dealt="1" sum="22"/>
<action no="10" player="oreiasccp" type="3" sum="22"/>
</round>
<round no="4"><cards type="River">CK</cards>
<action no="11" player="oreiasccp" type="4" sum="0"/>
<action no="12" player="Humbert25" type="5" discard="1" dealt="1" sum="100"/>
<action no="13" player="oreiasccp" type="23" sum="408"/>
<action no="14" player="Humbert25" type="7" discard="1" dealt="1" sum="308"/>
</round>
</game>
<game gamecode="11536499427"><general><startdate>2025-06-27 09:01:33</startdate>
<round>1</round>
<failsafecounter/>
<players><player seat="6" name="oreiasccp" chips="1,000" dealer="0" win="0" bet="150" muck="1" rebuy="0" addon="0" merge="0" rebuychips="0" reg_code="8392772254"/>
<player seat="3" name="d0nsamag0n" chips="500" dealer="1" win="300" bet="300" muck="1" rebuy="0" addon="0" merge="0" rebuychips="0" reg_code="8392772243"/>
</players>
</general>
<round no="0"><action no="1" player="d0nsamag0n" type="1" discard="1" dealt="1" sum="10"/>
<action no="2" player="oreiasccp" type="2" sum="20"/>
</round>
<round no="1"><cards type="Pocket" player="oreiasccp">S6 C7</cards>
<cards type="Pocket" player="d0nsamag0n">X X</cards>
<action no="3" player="d0nsamag0n" type="23" discard="1" dealt="1" sum="40"/>
<action no="4" player="oreiasccp" type="3" sum="20"/>
</round>
<round no="2"><cards type="Flop">SK D7 HK</cards>
<action no="5" player="oreiasccp" type="4" sum="0"/>
<action no="6" player="d0nsamag0n" type="5" discard="1" dealt="1" sum="20"/>
<action no="7" player="oreiasccp" type="3" sum="20"/>
</round>
<round no="3"><cards type="Turn">H3</cards>
<action no="8" player="oreiasccp" type="4" sum="0"/>
<action no="9" player="d0nsamag0n" type="5" discard="1" dealt="1" sum="90"/>
<action no="10" player="oreiasccp" type="3" sum="90"/>
</round>
<round no="4"><cards type="River">C8</cards>
<action no="11" player="oreiasccp" type="4" sum="0"/>
<action no="12" player="d0nsamag0n" type="5" discard="1" dealt="1" sum="150"/>
<action no="13" player="oreiasccp" type="0" sum="0"/>
</round>
</game>
<game gamecode="11536499532"><general><startdate>2025-06-27 09:02:09</startdate>
<round>1</round>
<failsafecounter/>
<players><player seat="3" name="d0nsamag0n" chips="650" dealer="0" win="0" bet="20" muck="1" rebuy="0" addon="0" merge="0" rebuychips="0" reg_code="8392772243"/>
<player seat="6" name="oreiasccp" chips="850" dealer="1" win="40" bet="40" muck="1" rebuy="0" addon="0" merge="0" rebuychips="0" reg_code="8392772254"/>
</players>
</general>
<round no="0"><action no="1" player="oreiasccp" type="1" sum="10"/>
<action no="2" player="d0nsamag0n" type="2" discard="1" dealt="1" sum="20"/>
</round>
<round no="1"><cards type="Pocket" player="d0nsamag0n">X X</cards>
<cards type="Pocket" player="oreiasccp">C6 S7</cards>
<action no="3" player="oreiasccp" type="3" sum="10"/>
<action no="4" player="d0nsamag0n" type="4" discard="1" dealt="1" sum="0"/>
</round>
<round no="2"><cards type="Flop">H5 C2 C8</cards>
<action no="5" player="d0nsamag0n" type="4" discard="1" dealt="1" sum="0"/>
<action no="6" player="oreiasccp" type="5" sum="20"/>
<action no="7" player="d0nsamag0n" type="0" discard="1" dealt="1" sum="0"/>
</round>
</game>
<game gamecode="11536499598"><general><startdate>2025-06-27 09:02:28</startdate>
<round>1</round>
<failsafecounter/>
<players><player seat="6" name="oreiasccp" chips="870" dealer="0" win="0" bet="40" muck="1" rebuy="0" addon="0" merge="0" rebuychips="0" reg_code="8392772254"/>
<player seat="3" name="d0nsamag0n" chips="630" dealer="1" win="80" bet="60" muck="1" rebuy="0" addon="0" merge="0" rebuychips="0" reg_code="8392772243"/>
</players>
</general>
<round no="0"><action no="1" player="d0nsamag0n" type="1" discard="1" dealt="1" sum="10"/>
<action no="2" player="oreiasccp" type="2" sum="20"/>
</round>
<round no="1"><cards type="Pocket" player="d0nsamag0n">X X</cards>
<cards type="Pocket" player="oreiasccp">HQ D8</cards>
<action no="3" player="d0nsamag0n" type="23" discard="1" dealt="1" sum="40"/>
<action no="4" player="oreiasccp" type="3" sum="20"/>
</round>
<round no="2"><cards type="Flop">DA C5 D4</cards>
<action no="5" player="oreiasccp" type="4" sum="0"/>
<action no="6" player="d0nsamag0n" type="5" discard="1" dealt="1" sum="20"/>
<action no="7" player="oreiasccp" type="0" sum="0"/>
</round>
</game>
<game gamecode="11536504077"><general><startdate>2025-06-27 09:02:56</startdate>
<round>1</round>
<failsafecounter/>
<players><player seat="3" name="d0nsamag0n" chips="670" dealer="0" win="70" bet="84" muck="1" rebuy="0" addon="0" merge="0" rebuychips="0" reg_code="8392772243"/>
<player seat="6" name="oreiasccp" chips="830" dealer="1" win="0" bet="35" muck="1" rebuy="0" addon="0" merge="0" rebuychips="0" reg_code="8392772254"/>
</players>
</general>
<round no="0"><action no="1" player="oreiasccp" type="15" sum="5"/>
<action no="2" player="d0nsamag0n" type="15" discard="1" dealt="1" sum="5"/>
<action no="3" player="oreiasccp" type="1" sum="15"/>
<action no="4" player="d0nsamag0n" type="2" discard="1" dealt="1" sum="30"/>
</round>
<round no="1"><cards type="Pocket" player="d0nsamag0n">X X</cards>
<cards type="Pocket" player="oreiasccp">DJ S3</cards>
<action no="5" player="oreiasccp" type="3" sum="15"/>
<action no="6" player="d0nsamag0n" type="4" discard="1" dealt="1" sum="0"/>
</round>
<round no="2"><cards type="Flop">SQ H3 S4</cards>
<action no="7" player="d0nsamag0n" type="4" discard="1" dealt="1" sum="0"/>
<action no="8" player="oreiasccp" type="4" sum="0"/>
</round>
<round no="3"><cards type="Turn">C5</cards>
<action no="9" player="d0nsamag0n" type="5" discard="1" dealt="1" sum="49"/>
<action no="10" player="oreiasccp" type="0" sum="0"/>
</round>
</game>
<game gamecode="11536504169"><general><startdate>2025-06-27 09:03:25</startdate>
<round>1</round>
<failsafecounter/>
<players><player seat="6" name="oreiasccp" chips="795" dealer="0" win="0" bet="65" muck="1" rebuy="0" addon="0" merge="0" rebuychips="0" reg_code="8392772254"/>
<player seat="3" name="d0nsamag0n" chips="705" dealer="1" win="130" bet="156" muck="1" rebuy="0" addon="0" merge="0" rebuychips="0" reg_code="8392772243"/>
</players>
</general>
<round no="0"><action no="1" player="d0nsamag0n" type="15" discard="1" dealt="1" sum="5"/>
<action no="2" player="oreiasccp" type="15" sum="5"/>
<action no="3" player="d0nsamag0n" type="1" discard="1" dealt="1" sum="15"/>
<action no="4" player="oreiasccp" type="2" sum="30"/>
</round>
<round no="1"><cards type="Pocket" player="oreiasccp">DK C5</cards>
<cards type="Pocket" player="d0nsamag0n">X X</cards>
<action no="5" player="d0nsamag0n" type="3" discard="1" dealt="1" sum="15"/>
<action no="6" player="oreiasccp" type="4" sum="0"/>
</round>
<round no="2"><cards type="Flop">D2 C3 DQ</cards>
<action no="7" player="oreiasccp" type="4" sum="0"/>
<action no="8" player="d0nsamag0n" type="5" discard="1" dealt="1" sum="30"/>
<action no="9" player="oreiasccp" type="3" sum="30"/>
</round>
<round no="3"><cards type="Turn">S10</cards>
<action no="10" player="oreiasccp" type="4" sum="0"/>
<action no="11" player="d0nsamag0n" type="5" discard="1" dealt="1" sum="91"/>
<action no="12" player="oreiasccp" type="0" sum="0"/>
</round>
</game>
<game gamecode="11536504239"><general><startdate>2025-06-27 09:03:48</startdate>
<round>1</round>
<failsafecounter/>
<players><player seat="3" name="d0nsamag0n" chips="770" dealer="0" win="40" bet="35" muck="1" rebuy="0" addon="0" merge="0" rebuychips="0" reg_code="8392772243"/>
<player seat="6" name="oreiasccp" chips="730" dealer="1" win="0" bet="20" muck="1" rebuy="0" addon="0" merge="0" rebuychips="0" reg_code="8392772254"/>
</players>
</general>
<round no="0"><action no="1" player="oreiasccp" type="15" sum="5"/>
<action no="2" player="d0nsamag0n" type="15" discard="1" dealt="1" sum="5"/>
<action no="3" player="oreiasccp" type="1" sum="15"/>
<action no="4" player="d0nsamag0n" type="2" discard="1" dealt="1" sum="30"/>
</round>
<round no="1"><cards type="Pocket" player="d0nsamag0n">X X</cards>
<cards type="Pocket" player="oreiasccp">S3 C9</cards>
<action no="5" player="oreiasccp" type="0" sum="0"/>
</round>
</game>
<game gamecode="11536504267"><general><startdate>2025-06-27 09:03:54</startdate>
<round>1</round>
<failsafecounter/>
<players><player seat="6" name="oreiasccp" chips="710" dealer="0" win="0" bet="35" muck="1" rebuy="0" addon="0" merge="0" rebuychips="0" reg_code="8392772254"/>
<player seat="3" name="d0nsamag0n" chips="790" dealer="1" win="70" bet="65" muck="1" rebuy="0" addon="0" merge="0" rebuychips="0" reg_code="8392772243"/>
</players>
</general>
<round no="0"><action no="1" player="d0nsamag0n" type="15" discard="1" dealt="1" sum="5"/>
<action no="2" player="oreiasccp" type="15" sum="5"/>
<action no="3" player="d0nsamag0n" type="1" discard="1" dealt="1" sum="15"/>
<action no="4" player="oreiasccp" type="2" sum="30"/>
</round>
<round no="1"><cards type="Pocket" player="d0nsamag0n">X X</cards>
<cards type="Pocket" player="oreiasccp">S4 S3</cards>
<action no="5" player="d0nsamag0n" type="3" discard="1" dealt="1" sum="15"/>
<action no="6" player="oreiasccp" type="4" sum="0"/>
</round>
<round no="2"><cards type="Flop">H5 D7 C8</cards>
<action no="7" player="oreiasccp" type="4" sum="0"/>
<action no="8" player="d0nsamag0n" type="4" discard="1" dealt="1" sum="0"/>
</round>
<round no="3"><cards type="Turn">S8</cards>
<action no="9" player="oreiasccp" type="4" sum="0"/>
<action no="10" player="d0nsamag0n" type="5" discard="1" dealt="1" sum="30"/>
<action no="11" player="oreiasccp" type="0" sum="0"/>
</round>
</game>
<game gamecode="11536504323"><general><startdate>2025-06-27 09:04:11</startdate>
<round>1</round>
<failsafecounter/>
<players><player seat="3" name="d0nsamag0n" chips="825" dealer="0" win="40" bet="35" muck="1" rebuy="0" addon="0" merge="0" rebuychips="0" reg_code="8392772243"/>
<player seat="6" name="oreiasccp" chips="675" dealer="1" win="0" bet="20" muck="1" rebuy="0" addon="0" merge="0" rebuychips="0" reg_code="8392772254"/>
</players>
</general>
<round no="0"><action no="1" player="oreiasccp" type="15" sum="5"/>
<action no="2" player="d0nsamag0n" type="15" discard="1" dealt="1" sum="5"/>
<action no="3" player="oreiasccp" type="1" sum="15"/>
<action no="4" player="d0nsamag0n" type="2" discard="1" dealt="1" sum="30"/>
</round>
<round no="1"><cards type="Pocket" player="d0nsamag0n">X X</cards>
<cards type="Pocket" player="oreiasccp">C4 S10</cards>
<action no="5" player="oreiasccp" type="0" sum="0"/>
</round>
</game>
<game gamecode="11536504344"><general><startdate>2025-06-27 09:04:17</startdate>
<round>1</round>
<failsafecounter/>
<players><player seat="6" name="oreiasccp" chips="655" dealer="0" win="0" bet="35" muck="1" rebuy="0" addon="0" merge="0" rebuychips="0" reg_code="8392772254"/>
<player seat="3" name="d0nsamag0n" chips="845" dealer="1" win="70" bet="65" muck="1" rebuy="0" addon="0" merge="0" rebuychips="0" reg_code="8392772243"/>
</players>
</general>
<round no="0"><action no="1" player="d0nsamag0n" type="15" discard="1" dealt="1" sum="5"/>
<action no="2" player="oreiasccp" type="15" sum="5"/>
<action no="3" player="d0nsamag0n" type="1" discard="1" dealt="1" sum="15"/>
<action no="4" player="oreiasccp" type="2" sum="30"/>
</round>
<round no="1"><cards type="Pocket" player="oreiasccp">C3 S10</cards>
<cards type="Pocket" player="d0nsamag0n">X X</cards>
<action no="5" player="d0nsamag0n" type="3" discard="1" dealt="1" sum="15"/>
<action no="6" player="oreiasccp" type="4" sum="0"/>
</round>
<round no="2"><cards type="Flop">CA HQ S2</cards>
<action no="7" player="oreiasccp" type="4" sum="0"/>
<action no="8" player="d0nsamag0n" type="5" discard="1" dealt="1" sum="30"/>
<action no="9" player="oreiasccp" type="0" sum="0"/>
</round>
</game>
<game gamecode="11536504414"><general><startdate>2025-06-27 09:04:41</startdate>
<round>1</round>
<failsafecounter/>
<players><player seat="3" name="d0nsamag0n" chips="880" dealer="0" win="0" bet="45" muck="1" rebuy="0" addon="0" merge="0" rebuychips="0" reg_code="8392772243"/>
<player seat="6" name="oreiasccp" chips="620" dealer="1" win="90" bet="85" muck="1" rebuy="0" addon="0" merge="0" rebuychips="0" reg_code="8392772254"/>
</players>
</general>
<round no="0"><action no="1" player="oreiasccp" type="15" sum="5"/>
<action no="2" player="d0nsamag0n" type="15" discard="1" dealt="1" sum="5"/>
<action no="3" player="oreiasccp" type="1" sum="20"/>
<action no="4" player="d0nsamag0n" type="2" discard="1" dealt="1" sum="40"/>
</round>
<round no="1"><cards type="Pocket" player="d0nsamag0n">X X</cards>
<cards type="Pocket" player="oreiasccp">SA D10</cards>
<action no="5" player="oreiasccp" type="23" sum="80"/>
<action no="6" player="d0nsamag0n" type="0" discard="1" dealt="1" sum="0"/>
</round>
</game>
<game gamecode="11536504445"><general><startdate>2025-06-27 09:04:51</startdate>
<round>1</round>
<failsafecounter/>
<players><player seat="6" name="oreiasccp" chips="665" dealer="0" win="50" bet="45" muck="1" rebuy="0" addon="0" merge="0" rebuychips="0" reg_code="8392772254"/>
<player seat="3" name="d0nsamag0n" chips="835" dealer="1" win="0" bet="25" muck="1" rebuy="0" addon="0" merge="0" rebuychips="0" reg_code="8392772243"/>
</players>
</general>
<round no="0"><action no="1" player="d0nsamag0n" type="15" discard="1" dealt="1" sum="5"/>
<action no="2" player="oreiasccp" type="15" sum="5"/>
<action no="3" player="d0nsamag0n" type="1" discard="1" dealt="1" sum="20"/>
<action no="4" player="oreiasccp" type="2" sum="40"/>
</round>
<round no="1"><cards type="Pocket" player="d0nsamag0n">X X</cards>
<cards type="Pocket" player="oreiasccp">C9 S8</cards>
<action no="5" player="d0nsamag0n" type="0" discard="1" dealt="1" sum="0"/>
</round>
</game>
<game gamecode="11536504480"><general><startdate>2025-06-27 09:05:01</startdate>
<round>1</round>
<failsafecounter/>
<players><player seat="3" name="d0nsamag0n" chips="810" dealer="0" win="0" bet="45" muck="1" rebuy="0" addon="0" merge="0" rebuychips="0" reg_code="8392772243"/>
<player seat="6" name="oreiasccp" chips="690" dealer="1" win="90" bet="690" muck="1" rebuy="0" addon="0" merge="0" rebuychips="0" reg_code="8392772254"/>
</players>
</general>
<round no="0"><action no="1" player="oreiasccp" type="15" sum="5"/>
<action no="2" player="d0nsamag0n" type="15" discard="1" dealt="1" sum="5"/>
<action no="3" player="oreiasccp" type="1" sum="20"/>
<action no="4" player="d0nsamag0n" type="2" discard="1" dealt="1" sum="40"/>
</round>
<round no="1"><cards type="Pocket" player="oreiasccp">HA S6</cards>
<cards type="Pocket" player="d0nsamag0n">X X</cards>
<action no="5" player="oreiasccp" type="23" sum="685"/>
<action no="6" player="d0nsamag0n" type="0" discard="1" dealt="1" sum="0"/>
</round>
</game>
<game gamecode="11536504513"><general><startdate>2025-06-27 09:05:12</startdate>
<round>1</round>
<failsafecounter/>
<players><player seat="6" name="oreiasccp" chips="735" dealer="0" win="0" bet="45" muck="1" rebuy="0" addon="0" merge="0" rebuychips="0" reg_code="8392772254"/>
<player seat="3" name="d0nsamag0n" chips="765" dealer="1" win="90" bet="85" muck="1" rebuy="0" addon="0" merge="0" rebuychips="0" reg_code="8392772243"/>
</players>
</general>
<round no="0"><action no="1" player="d0nsamag0n" type="15" discard="1" dealt="1" sum="5"/>
<action no="2" player="oreiasccp" type="15" sum="5"/>
<action no="3" player="d0nsamag0n" type="1" discard="1" dealt="1" sum="20"/>
<action no="4" player="oreiasccp" type="2" sum="40"/>
</round>
<round no="1"><cards type="Pocket" player="d0nsamag0n">X X</cards>
<cards type="Pocket" player="oreiasccp">D6 H9</cards>
<action no="5" player="d0nsamag0n" type="3" discard="1" dealt="1" sum="20"/>
<action no="6" player="oreiasccp" type="4" sum="0"/>
</round>
<round no="2"><cards type="Flop">CK HK CA</cards>
<action no="7" player="oreiasccp" type="4" sum="0"/>
<action no="8" player="d0nsamag0n" type="4" discard="1" dealt="1" sum="0"/>
</round>
<round no="3"><cards type="Turn">H4</cards>
<action no="9" player="oreiasccp" type="4" sum="0"/>
<action no="10" player="d0nsamag0n" type="5" discard="1" dealt="1" sum="40"/>
<action no="11" player="oreiasccp" type="0" sum="0"/>
</round>
</game>
<game gamecode="11536504631"><general><startdate>2025-06-27 09:05:48</startdate>
<round>1</round>
<failsafecounter/>
<players><player seat="3" name="d0nsamag0n" chips="810" dealer="0" win="0" bet="45" muck="1" rebuy="0" addon="0" merge="0" rebuychips="0" reg_code="8392772243"/>
<player seat="6" name="oreiasccp" chips="690" dealer="1" win="90" bet="85" muck="1" rebuy="0" addon="0" merge="0" rebuychips="0" reg_code="8392772254"/>
</players>
</general>
<round no="0"><action no="1" player="oreiasccp" type="15" sum="5"/>
<action no="2" player="d0nsamag0n" type="15" discard="1" dealt="1" sum="5"/>
<action no="3" player="oreiasccp" type="1" sum="20"/>
<action no="4" player="d0nsamag0n" type="2" discard="1" dealt="1" sum="40"/>
</round>
<round no="1"><cards type="Pocket" player="d0nsamag0n">X X</cards>
<cards type="Pocket" player="oreiasccp">S10 SQ</cards>
<action no="5" player="oreiasccp" type="3" sum="20"/>
<action no="6" player="d0nsamag0n" type="4" discard="1" dealt="1" sum="0"/>
</round>
<round no="2"><cards type="Flop">S7 D2 HK</cards>
<action no="7" player="d0nsamag0n" type="4" discard="1" dealt="1" sum="0"/>
<action no="8" player="oreiasccp" type="5" sum="40"/>
<action no="9" player="d0nsamag0n" type="0" discard="1" dealt="1" sum="0"/>
</round>
</game>
<game gamecode="11536504678"><general><startdate>2025-06-27 09:06:03</startdate>
<round>1</round>
<failsafecounter/>
<players><player seat="6" name="oreiasccp" chips="735" dealer="0" win="170" bet="735" muck="1" rebuy="0" addon="0" merge="0" rebuychips="0" reg_code="8392772254"/>
<player seat="3" name="d0nsamag0n" chips="765" dealer="1" win="0" bet="85" muck="1" rebuy="0" addon="0" merge="0" rebuychips="0" reg_code="8392772243"/>
</players>
</general>
<round no="0"><action no="1" player="d0nsamag0n" type="15" discard="1" dealt="1" sum="5"/>
<action no="2" player="oreiasccp" type="15" sum="5"/>
<action no="3" player="d0nsamag0n" type="1" discard="1" dealt="1" sum="20"/>
<action no="4" player="oreiasccp" type="2" sum="40"/>
</round>
<round no="1"><cards type="Pocket" player="oreiasccp">C2 CA</cards>
<cards type="Pocket" player="d0nsamag0n">X X</cards>
<action no="5" player="d0nsamag0n" type="23" discard="1" dealt="1" sum="80"/>
<action no="6" player="oreiasccp" type="23" sum="730"/>
<action no="7" player="d0nsamag0n" type="0" discard="1" dealt="1" sum="0"/>
</round>
</game>
<game gamecode="11536504706"><general><startdate>2025-06-27 09:06:14</startdate>
<round>1</round>
<failsafecounter/>
<players><player seat="3" name="d0nsamag0n" chips="680" dealer="0" win="0" bet="45" muck="1" rebuy="0" addon="0" merge="0" rebuychips="0" reg_code="8392772243"/>
<player seat="6" name="oreiasccp" chips="820" dealer="1" win="90" bet="85" muck="1" rebuy="0" addon="0" merge="0" rebuychips="0" reg_code="8392772254"/>
</players>
</general>
<round no="0"><action no="1" player="oreiasccp" type="15" sum="5"/>
<action no="2" player="d0nsamag0n" type="15" discard="1" dealt="1" sum="5"/>
<action no="3" player="oreiasccp" type="1" sum="20"/>
<action no="4" player="d0nsamag0n" type="2" discard="1" dealt="1" sum="40"/>
</round>
<round no="1"><cards type="Pocket" player="d0nsamag0n">X X</cards>
<cards type="Pocket" player="oreiasccp">D4 C9</cards>
<action no="5" player="oreiasccp" type="3" sum="20"/>
<action no="6" player="d0nsamag0n" type="4" discard="1" dealt="1" sum="0"/>
</round>
<round no="2"><cards type="Flop">DK CA H9</cards>
<action no="7" player="d0nsamag0n" type="4" discard="1" dealt="1" sum="0"/>
<action no="8" player="oreiasccp" type="5" sum="40"/>
<action no="9" player="d0nsamag0n" type="0" discard="1" dealt="1" sum="0"/>
</round>
</game>
<game gamecode="11536504772"><general><startdate>2025-06-27 09:06:36</startdate>
<round>1</round>
<failsafecounter/>
<players><player seat="6" name="oreiasccp" chips="865" dealer="0" win="170" bet="145" muck="1" rebuy="0" addon="0" merge="0" rebuychips="0" reg_code="8392772254"/>
<player seat="3" name="d0nsamag0n" chips="635" dealer="1" win="0" bet="85" muck="1" rebuy="0" addon="0" merge="0" rebuychips="0" reg_code="8392772243"/>
</players>
</general>
<round no="0"><action no="1" player="d0nsamag0n" type="15" discard="1" dealt="1" sum="5"/>
<action no="2" player="oreiasccp" type="15" sum="5"/>
<action no="3" player="d0nsamag0n" type="1" discard="1" dealt="1" sum="20"/>
<action no="4" player="oreiasccp" type="2" sum="40"/>
</round>
<round no="1"><cards type="Pocket" player="d0nsamag0n">X X</cards>
<cards type="Pocket" player="oreiasccp">D7 SJ</cards>
<action no="5" player="d0nsamag0n" type="3" discard="1" dealt="1" sum="20"/>
<action no="6" player="oreiasccp" type="4" sum="0"/>
</round>
<round no="2"><cards type="Flop">SA D9 D4</cards>
<action no="7" player="oreiasccp" type="4" sum="0"/>
<action no="8" player="d0nsamag0n" type="5" discard="1" dealt="1" sum="40"/>
<action no="9" player="oreiasccp" type="23" sum="100"/>
<action no="10" player="d0nsamag0n" type="0" discard="1" dealt="1" sum="0"/>
</round>
</game>
<game gamecode="11536504854"><general><startdate>2025-06-27 09:07:07</startdate>
<round>1</round>
<failsafecounter/>
<players><player seat="3" name="d0nsamag0n" chips="550" dealer="0" win="70" bet="65" muck="1" rebuy="0" addon="0" merge="0" rebuychips="0" reg_code="8392772243"/>
<player seat="6" name="oreiasccp" chips="950" dealer="1" win="0" bet="35" muck="1" rebuy="0" addon="0" merge="0" rebuychips="0" reg_code="8392772254"/>
</players>
</general>
<round no="0"><action no="1" player="oreiasccp" type="15" sum="5"/>
<action no="2" player="d0nsamag0n" type="15" discard="1" dealt="1" sum="5"/>
<action no="3" player="oreiasccp" type="1" sum="30"/>
<action no="4" player="d0nsamag0n" type="2" discard="1" dealt="1" sum="60"/>
</round>
<round no="1"><cards type="Pocket" player="oreiasccp">H4 DJ</cards>
<cards type="Pocket" player="d0nsamag0n">X X</cards>
<action no="5" player="oreiasccp" type="0" sum="0"/>
</round>
</game>
<game gamecode="11536504870"><general><startdate>2025-06-27 09:07:13</startdate>
<round>1</round>
<failsafecounter/>
<players><player seat="6" name="oreiasccp" chips="915" dealer="0" win="0" bet="65" muck="1" rebuy="0" addon="0" merge="0" rebuychips="0" reg_code="8392772254"/>
<player seat="3" name="d0nsamag0n" chips="585" dealer="1" win="130" bet="585" muck="1" rebuy="0" addon="0" merge="0" rebuychips="0" reg_code="8392772243"/>
</players>
</general>
<round no="0"><action no="1" player="d0nsamag0n" type="15" discard="1" dealt="1" sum="5"/>
<action no="2" player="oreiasccp" type="15" sum="5"/>
<action no="3" player="d0nsamag0n" type="1" discard="1" dealt="1" sum="30"/>
<action no="4" player="oreiasccp" type="2" sum="60"/>
</round>
<round no="1"><cards type="Pocket" player="oreiasccp">H8 C6</cards>
<cards type="Pocket" player="d0nsamag0n">X X</cards>
<action no="5" player="d0nsamag0n" type="23" discard="1" dealt="1" sum="580"/>
<action no="6" player="oreiasccp" type="0" sum="0"/>
</round>
</game>
<game gamecode="11536504890"><general><startdate>2025-06-27 09:07:20</startdate>
<round>1</round>
<failsafecounter/>
<players><player seat="3" name="d0nsamag0n" chips="650" dealer="0" win="70" bet="65" muck="1" rebuy="0" addon="0" merge="0" rebuychips="0" reg_code="8392772243"/>
<player seat="6" name="oreiasccp" chips="850" dealer="1" win="0" bet="35" muck="1" rebuy="0" addon="0" merge="0" rebuychips="0" reg_code="8392772254"/>
</players>
</general>
<round no="0"><action no="1" player="oreiasccp" type="15" sum="5"/>
<action no="2" player="d0nsamag0n" type="15" discard="1" dealt="1" sum="5"/>
<action no="3" player="oreiasccp" type="1" sum="30"/>
<action no="4" player="d0nsamag0n" type="2" discard="1" dealt="1" sum="60"/>
</round>
<round no="1"><cards type="Pocket" player="oreiasccp">CQ D3</cards>
<cards type="Pocket" player="d0nsamag0n">X X</cards>
<action no="5" player="oreiasccp" type="0" sum="0"/>
</round>
</game>
<game gamecode="11536504923"><general><startdate>2025-06-27 09:07:33</startdate>
<round>1</round>
<failsafecounter/>
<players><player seat="6" name="oreiasccp" chips="815" dealer="0" win="310" bet="233" muck="1" rebuy="0" addon="0" merge="0" rebuychips="0" reg_code="8392772254"/>
<player seat="3" name="d0nsamag0n" chips="685" dealer="1" win="0" bet="155" muck="1" rebuy="0" addon="0" merge="0" rebuychips="0" reg_code="8392772243"/>
</players>
</general>
<round no="0"><action no="1" player="d0nsamag0n" type="15" discard="1" dealt="1" sum="5"/>
<action no="2" player="oreiasccp" type="15" sum="5"/>
<action no="3" player="d0nsamag0n" type="1" discard="1" dealt="1" sum="30"/>
<action no="4" player="oreiasccp" type="2" sum="60"/>
</round>
<round no="1"><cards type="Pocket" player="d0nsamag0n">X X</cards>
<cards type="Pocket" player="oreiasccp">CA CQ</cards>
<action no="5" player="d0nsamag0n" type="3" discard="1" dealt="1" sum="30"/>
<action no="6" player="oreiasccp" type="23" sum="150"/>
<action no="7" player="d0nsamag0n" type="3" discard="1" dealt="1" sum="90"/>
</round>
<round no="2"><cards type="Flop">SA D2 D5</cards>
<action no="8" player="oreiasccp" type="5" sum="78"/>
<action no="9" player="d0nsamag0n" type="0" discard="1" dealt="1" sum="0"/>
</round>
</game>
<game gamecode="11536504965"><general><startdate>2025-06-27 09:07:49</startdate>
<round>1</round>
<failsafecounter/>
<players><player seat="3" name="d0nsamag0n" chips="530" dealer="0" win="70" bet="65" muck="1" rebuy="0" addon="0" merge="0" rebuychips="0" reg_code="8392772243"/>
<player seat="6" name="oreiasccp" chips="970" dealer="1" win="0" bet="35" muck="1" rebuy="0" addon="0" merge="0" rebuychips="0" reg_code="8392772254"/>
</players>
</general>
<round no="0"><action no="1" player="oreiasccp" type="15" sum="5"/>
<action no="2" player="d0nsamag0n" type="15" discard="1" dealt="1" sum="5"/>
<action no="3" player="oreiasccp" type="1" sum="30"/>
<action no="4" player="d0nsamag0n" type="2" discard="1" dealt="1" sum="60"/>
</round>
<round no="1"><cards type="Pocket" player="d0nsamag0n">X X</cards>
<cards type="Pocket" player="oreiasccp">D5 H3</cards>
<action no="5" player="oreiasccp" type="0" sum="0"/>
</round>
</game>
<game gamecode="11536504980"><general><startdate>2025-06-27 09:07:54</startdate>
<round>1</round>
<failsafecounter/>
<players><player seat="6" name="oreiasccp" chips="935" dealer="0" win="70" bet="65" muck="1" rebuy="0" addon="0" merge="0" rebuychips="0" reg_code="8392772254"/>
<player seat="3" name="d0nsamag0n" chips="565" dealer="1" win="0" bet="35" muck="1" rebuy="0" addon="0" merge="0" rebuychips="0" reg_code="8392772243"/>
</players>
</general>
<round no="0"><action no="1" player="d0nsamag0n" type="15" discard="1" dealt="1" sum="5"/>
<action no="2" player="oreiasccp" type="15" sum="5"/>
<action no="3" player="d0nsamag0n" type="1" discard="1" dealt="1" sum="30"/>
<action no="4" player="oreiasccp" type="2" sum="60"/>
</round>
<round no="1"><cards type="Pocket" player="d0nsamag0n">X X</cards>
<cards type="Pocket" player="oreiasccp">H2 D10</cards>
<action no="5" player="d0nsamag0n" type="0" discard="1" dealt="1" sum="0"/>
</round>
</game>
<game gamecode="11536505002"><general><startdate>2025-06-27 09:08:02</startdate>
<round>1</round>
<failsafecounter/>
<players><player seat="3" name="d0nsamag0n" chips="530" dealer="0" win="0" bet="65" muck="1" rebuy="0" addon="0" merge="0" rebuychips="0" reg_code="8392772243"/>
<player seat="6" name="oreiasccp" chips="970" dealer="1" win="130" bet="530" muck="1" rebuy="0" addon="0" merge="0" rebuychips="0" reg_code="8392772254"/>
</players>
</general>
<round no="0"><action no="1" player="oreiasccp" type="15" sum="5"/>
<action no="2" player="d0nsamag0n" type="15" discard="1" dealt="1" sum="5"/>
<action no="3" player="oreiasccp" type="1" sum="30"/>
<action no="4" player="d0nsamag0n" type="2" discard="1" dealt="1" sum="60"/>
</round>
<round no="1"><cards type="Pocket" player="d0nsamag0n">X X</cards>
<cards type="Pocket" player="oreiasccp">CA S7</cards>
<action no="5" player="oreiasccp" type="23" sum="525"/>
<action no="6" player="d0nsamag0n" type="0" discard="1" dealt="1" sum="0"/>
</round>
</game>
<game gamecode="11536505028"><general><startdate>2025-06-27 09:08:10</startdate>
<round>1</round>
<failsafecounter/>
<players><player seat="6" name="oreiasccp" chips="1,035" dealer="0" win="930" bet="465" muck="0" rebuy="0" addon="0" merge="0" rebuychips="0" reg_code="8392772254"/>
<player seat="3" name="d0nsamag0n" chips="465" dealer="1" win="0" bet="465" muck="0" rebuy="0" addon="0" merge="0" rebuychips="0" reg_code="8392772243"/>
</players>
</general>
<round no="0"><action no="1" player="d0nsamag0n" type="15" discard="1" dealt="1" sum="5"/>
<action no="2" player="oreiasccp" type="15" sum="5"/>
<action no="3" player="d0nsamag0n" type="1" discard="1" dealt="1" sum="30"/>
<action no="4" player="oreiasccp" type="2" sum="60"/>
</round>
<round no="1"><cards type="Pocket" player="d0nsamag0n">CK S3</cards>
<cards type="Pocket" player="oreiasccp">D9 DK</cards>
<action no="5" player="d0nsamag0n" type="23" discard="1" dealt="1" sum="460"/>
<action no="6" player="oreiasccp" type="3" sum="400"/>
</round>
<round no="2"><cards type="Flop">HQ DJ C4</cards>
</round>
<round no="3"><cards type="Turn">S10</cards>
</round>
<round no="4"><cards type="River">S4</cards>
</round>
</game>
</session>
