<?xml version="1.0" encoding="UTF-8"?>
<session sessioncode="8392760538">
<general>
<client_version>25.1.1.13</client_version>
<mode>real</mode>
<gametype>Holdem NL</gametype>
<tablename>Twister €5 SNG, 1128642911</tablename>
<tournamentcode>1128642910</tournamentcode>
<tournamentname>Twister €5 SNG</tournamentname>
<buyin>€0 + €0.35 + €4.65</buyin>
<totalbuyin>€5</totalbuyin>
<rewarddrawn>€15</rewarddrawn>
<tournamentcurrency>EUR</tournamentcurrency>
<currency>EUR</currency>
<nickname>oreiasccp</nickname>
<gamecount>23</gamecount>
<startdate>2025-06-27 08:11:11</startdate>
<place>1</place>
<win>€15</win>
<tablesize>3</tablesize>
</general>
<game gamecode="11536469415"><general><startdate>2025-06-27 08:11:26</startdate>
<round>1</round>
<failsafecounter/>
<players><player seat="6" name="oreiasccp" chips="500" dealer="0" win="0" bet="20" muck="1" rebuy="0" addon="0" merge="0" rebuychips="0" reg_code="8392760538"/>
<player seat="10" name="robotpurple584" chips="500" dealer="1" win="140" bet="60" muck="0" rebuy="0" addon="0" merge="0" rebuychips="0" reg_code="8392760558"/>
<player seat="3" name="georgessomers" chips="500" dealer="0" win="0" bet="60" muck="1" rebuy="0" addon="0" merge="0" rebuychips="0" reg_code="8392760537"/>
</players>
</general>
<round no="0"><action no="1" player="georgessomers" type="1" discard="1" dealt="1" sum="10"/>
<action no="2" player="oreiasccp" type="2" sum="20"/>
</round>
<round no="1"><cards type="Pocket" player="georgessomers">CK H10</cards>
<cards type="Pocket" player="oreiasccp">S5 C10</cards>
<cards type="Pocket" player="robotpurple584">CJ HA</cards>
<action no="3" player="robotpurple584" type="23" discard="1" dealt="1" sum="60"/>
<action no="4" player="georgessomers" type="3" discard="1" dealt="1" sum="50"/>
<action no="5" player="oreiasccp" type="0" sum="0"/>
</round>
<round no="2"><cards type="Flop">CQ H8 C9</cards>
<action no="6" player="georgessomers" type="4" discard="1" dealt="1" sum="0"/>
<action no="7" player="robotpurple584" type="4" discard="1" dealt="1" sum="0"/>
</round>
<round no="3"><cards type="Turn">DQ</cards>
<action no="8" player="georgessomers" type="4" discard="1" dealt="1" sum="0"/>
<action no="9" player="robotpurple584" type="4" discard="1" dealt="1" sum="0"/>
</round>
<round no="4"><cards type="River">C2</cards>
<action no="10" player="georgessomers" type="4" discard="1" dealt="1" sum="0"/>
<action no="11" player="robotpurple584" type="4" discard="1" dealt="1" sum="0"/>
</round>
</game>
<game gamecode="11536469474"><general><startdate>2025-06-27 08:11:47</startdate>
<round>1</round>
<failsafecounter/>
<players><player seat="10" name="robotpurple584" chips="580" dealer="0" win="0" bet="20" muck="1" rebuy="0" addon="0" merge="0" rebuychips="0" reg_code="8392760558"/>
<player seat="3" name="georgessomers" chips="440" dealer="1" win="0" bet="160" muck="1" rebuy="0" addon="0" merge="0" rebuychips="0" reg_code="8392760537"/>
<player seat="6" name="oreiasccp" chips="480" dealer="0" win="340" bet="440" muck="1" rebuy="0" addon="0" merge="0" rebuychips="0" reg_code="8392760538"/>
</players>
</general>
<round no="0"><action no="1" player="oreiasccp" type="1" sum="10"/>
<action no="2" player="robotpurple584" type="2" discard="1" dealt="1" sum="20"/>
</round>
<round no="1"><cards type="Pocket" player="oreiasccp">CK HK</cards>
<cards type="Pocket" player="georgessomers">X X</cards>
<cards type="Pocket" player="robotpurple584">X X</cards>
<action no="3" player="georgessomers" type="3" discard="1" dealt="1" sum="20"/>
<action no="4" player="oreiasccp" type="23" sum="120"/>
<action no="5" player="robotpurple584" type="0" discard="1" dealt="1" sum="0"/>
<action no="6" player="georgessomers" type="3" discard="1" dealt="1" sum="100"/>
</round>
<round no="2"><cards type="Flop">SA S4 H5</cards>
<action no="7" player="oreiasccp" type="5" sum="40"/>
<action no="8" player="georgessomers" type="3" discard="1" dealt="1" sum="40"/>
</round>
<round no="3"><cards type="Turn">S9</cards>
<action no="9" player="oreiasccp" type="5" sum="280"/>
<action no="10" player="georgessomers" type="0" discard="1" dealt="1" sum="0"/>
</round>
</game>
<game gamecode="11536469562"><general><startdate>2025-06-27 08:12:20</startdate>
<round>1</round>
<failsafecounter/>
<players><player seat="3" name="georgessomers" chips="280" dealer="0" win="560" bet="280" muck="0" rebuy="0" addon="0" merge="0" rebuychips="0" reg_code="8392760537"/>
<player seat="6" name="oreiasccp" chips="660" dealer="1" win="0" bet="0" muck="1" rebuy="0" addon="0" merge="0" rebuychips="0" reg_code="8392760538"/>
<player seat="10" name="robotpurple584" chips="560" dealer="0" win="0" bet="280" muck="1" rebuy="0" addon="0" merge="0" rebuychips="0" reg_code="8392760558"/>
</players>
</general>
<round no="0"><action no="1" player="robotpurple584" type="1" discard="1" dealt="1" sum="10"/>
<action no="2" player="georgessomers" type="2" discard="1" dealt="1" sum="20"/>
</round>
<round no="1"><cards type="Pocket" player="georgessomers">S3 D2</cards>
<cards type="Pocket" player="oreiasccp">D9 S4</cards>
<cards type="Pocket" player="robotpurple584">HQ S8</cards>
<action no="3" player="oreiasccp" type="0" sum="0"/>
<action no="4" player="robotpurple584" type="3" discard="1" dealt="1" sum="10"/>
<action no="5" player="georgessomers" type="4" discard="1" dealt="1" sum="0"/>
</round>
<round no="2"><cards type="Flop">H3 DQ D4</cards>
<action no="6" player="robotpurple584" type="5" discard="1" dealt="1" sum="260"/>
<action no="7" player="georgessomers" type="7" discard="1" dealt="1" sum="260"/>
</round>
<round no="3"><cards type="Turn">D5</cards>
</round>
<round no="4"><cards type="River">C6</cards>
</round>
</game>
<game gamecode="11536469625"><general><startdate>2025-06-27 08:12:50</startdate>
<round>1</round>
<failsafecounter/>
<players><player seat="6" name="oreiasccp" chips="660" dealer="0" win="0" bet="20" muck="1" rebuy="0" addon="0" merge="0" rebuychips="0" reg_code="8392760538"/>
<player seat="10" name="robotpurple584" chips="280" dealer="1" win="0" bet="280" muck="0" rebuy="0" addon="0" merge="0" rebuychips="0" reg_code="8392760558"/>
<player seat="3" name="georgessomers" chips="560" dealer="0" win="580" bet="280" muck="0" rebuy="0" addon="0" merge="0" rebuychips="0" reg_code="8392760537"/>
</players>
</general>
<round no="0"><action no="1" player="georgessomers" type="1" discard="1" dealt="1" sum="10"/>
<action no="2" player="oreiasccp" type="2" sum="20"/>
</round>
<round no="1"><cards type="Pocket" player="robotpurple584">H2 D2</cards>
<cards type="Pocket" player="georgessomers">DA SK</cards>
<cards type="Pocket" player="oreiasccp">C3 D4</cards>
<action no="3" player="robotpurple584" type="23" discard="1" dealt="1" sum="280"/>
<action no="4" player="georgessomers" type="3" discard="1" dealt="1" sum="270"/>
<action no="5" player="oreiasccp" type="0" sum="0"/>
</round>
<round no="2"><cards type="Flop">S3 D10 CK</cards>
</round>
<round no="3"><cards type="Turn">H9</cards>
</round>
<round no="4"><cards type="River">H5</cards>
</round>
</game>
<game gamecode="11536469665"><general><startdate>2025-06-27 08:13:09</startdate>
<round>1</round>
<failsafecounter/>
<players><player seat="6" name="oreiasccp" chips="640" dealer="0" win="120" bet="60" muck="0" rebuy="0" addon="0" merge="0" rebuychips="0" reg_code="8392760538"/>
<player seat="3" name="georgessomers" chips="860" dealer="1" win="0" bet="60" muck="1" rebuy="0" addon="0" merge="0" rebuychips="0" reg_code="8392760537"/>
</players>
</general>
<round no="0"><action no="1" player="georgessomers" type="1" discard="1" dealt="1" sum="10"/>
<action no="2" player="oreiasccp" type="2" sum="20"/>
</round>
<round no="1"><cards type="Pocket" player="oreiasccp">S5 D6</cards>
<cards type="Pocket" player="georgessomers">SK SA</cards>
<action no="3" player="georgessomers" type="23" discard="1" dealt="1" sum="40"/>
<action no="4" player="oreiasccp" type="3" sum="20"/>
</round>
<round no="2"><cards type="Flop">D9 S9 S6</cards>
<action no="5" player="oreiasccp" type="4" sum="0"/>
<action no="6" player="georgessomers" type="4" discard="1" dealt="1" sum="0"/>
</round>
<round no="3"><cards type="Turn">D4</cards>
<action no="7" player="oreiasccp" type="4" sum="0"/>
<action no="8" player="georgessomers" type="4" discard="1" dealt="1" sum="0"/>
</round>
<round no="4"><cards type="River">C5</cards>
<action no="9" player="oreiasccp" type="5" sum="20"/>
<action no="10" player="georgessomers" type="3" discard="1" dealt="1" sum="20"/>
</round>
</game>
<game gamecode="11536469731"><general><startdate>2025-06-27 08:13:36</startdate>
<round>1</round>
<failsafecounter/>
<players><player seat="3" name="georgessomers" chips="800" dealer="0" win="130" bet="95" muck="1" rebuy="0" addon="0" merge="0" rebuychips="0" reg_code="8392760537"/>
<player seat="6" name="oreiasccp" chips="700" dealer="1" win="0" bet="65" muck="1" rebuy="0" addon="0" merge="0" rebuychips="0" reg_code="8392760538"/>
</players>
</general>
<round no="0"><action no="1" player="oreiasccp" type="15" sum="5"/>
<action no="2" player="georgessomers" type="15" discard="1" dealt="1" sum="5"/>
<action no="3" player="oreiasccp" type="1" sum="15"/>
<action no="4" player="georgessomers" type="2" discard="1" dealt="1" sum="30"/>
</round>
<round no="1"><cards type="Pocket" player="georgessomers">X X</cards>
<cards type="Pocket" player="oreiasccp">C2 HK</cards>
<action no="5" player="oreiasccp" type="23" sum="60"/>
<action no="6" player="georgessomers" type="23" discard="1" dealt="1" sum="90"/>
<action no="7" player="oreiasccp" type="0" sum="0"/>
</round>
</game>
<game gamecode="11536469763"><general><startdate>2025-06-27 08:13:48</startdate>
<round>1</round>
<failsafecounter/>
<players><player seat="6" name="oreiasccp" chips="635" dealer="0" win="0" bet="65" muck="1" rebuy="0" addon="0" merge="0" rebuychips="0" reg_code="8392760538"/>
<player seat="3" name="georgessomers" chips="865" dealer="1" win="130" bet="130" muck="1" rebuy="0" addon="0" merge="0" rebuychips="0" reg_code="8392760537"/>
</players>
</general>
<round no="0"><action no="1" player="georgessomers" type="15" discard="1" dealt="1" sum="5"/>
<action no="2" player="oreiasccp" type="15" sum="5"/>
<action no="3" player="georgessomers" type="1" discard="1" dealt="1" sum="15"/>
<action no="4" player="oreiasccp" type="2" sum="30"/>
</round>
<round no="1"><cards type="Pocket" player="georgessomers">X X</cards>
<cards type="Pocket" player="oreiasccp">C7 DJ</cards>
<action no="5" player="georgessomers" type="23" discard="1" dealt="1" sum="60"/>
<action no="6" player="oreiasccp" type="3" sum="30"/>
</round>
<round no="2"><cards type="Flop">SJ C8 H9</cards>
<action no="7" player="oreiasccp" type="4" sum="0"/>
<action no="8" player="georgessomers" type="4" discard="1" dealt="1" sum="0"/>
</round>
<round no="3"><cards type="Turn">CQ</cards>
<action no="9" player="oreiasccp" type="4" sum="0"/>
<action no="10" player="georgessomers" type="5" discard="1" dealt="1" sum="65"/>
<action no="11" player="oreiasccp" type="0" sum="0"/>
</round>
</game>
<game gamecode="11536469827"><general><startdate>2025-06-27 08:14:14</startdate>
<round>1</round>
<failsafecounter/>
<players><player seat="3" name="georgessomers" chips="930" dealer="0" win="0" bet="65" muck="1" rebuy="0" addon="0" merge="0" rebuychips="0" reg_code="8392760537"/>
<player seat="6" name="oreiasccp" chips="570" dealer="1" win="130" bet="65" muck="0" rebuy="0" addon="0" merge="0" rebuychips="0" reg_code="8392760538"/>
</players>
</general>
<round no="0"><action no="1" player="oreiasccp" type="15" sum="5"/>
<action no="2" player="georgessomers" type="15" discard="1" dealt="1" sum="5"/>
<action no="3" player="oreiasccp" type="1" sum="15"/>
<action no="4" player="georgessomers" type="2" discard="1" dealt="1" sum="30"/>
</round>
<round no="1"><cards type="Pocket" player="georgessomers">S5 HA</cards>
<cards type="Pocket" player="oreiasccp">H9 SQ</cards>
<action no="5" player="oreiasccp" type="3" sum="15"/>
<action no="6" player="georgessomers" type="4" discard="1" dealt="1" sum="0"/>
</round>
<round no="2"><cards type="Flop">C3 D10 DQ</cards>
<action no="7" player="georgessomers" type="4" discard="1" dealt="1" sum="0"/>
<action no="8" player="oreiasccp" type="5" sum="30"/>
<action no="9" player="georgessomers" type="3" discard="1" dealt="1" sum="30"/>
</round>
<round no="3"><cards type="Turn">S10</cards>
<action no="10" player="georgessomers" type="4" discard="1" dealt="1" sum="0"/>
<action no="11" player="oreiasccp" type="4" sum="0"/>
</round>
<round no="4"><cards type="River">D8</cards>
<action no="12" player="georgessomers" type="4" discard="1" dealt="1" sum="0"/>
<action no="13" player="oreiasccp" type="4" sum="0"/>
</round>
</game>
<game gamecode="11536469876"><general><startdate>2025-06-27 08:14:34</startdate>
<round>1</round>
<failsafecounter/>
<players><player seat="6" name="oreiasccp" chips="635" dealer="0" win="130" bet="65" muck="0" rebuy="0" addon="0" merge="0" rebuychips="0" reg_code="8392760538"/>
<player seat="3" name="georgessomers" chips="865" dealer="1" win="0" bet="65" muck="1" rebuy="0" addon="0" merge="0" rebuychips="0" reg_code="8392760537"/>
</players>
</general>
<round no="0"><action no="1" player="georgessomers" type="15" discard="1" dealt="1" sum="5"/>
<action no="2" player="oreiasccp" type="15" sum="5"/>
<action no="3" player="georgessomers" type="1" discard="1" dealt="1" sum="15"/>
<action no="4" player="oreiasccp" type="2" sum="30"/>
</round>
<round no="1"><cards type="Pocket" player="oreiasccp">C8 S4</cards>
<cards type="Pocket" player="georgessomers">DJ H3</cards>
<action no="5" player="georgessomers" type="3" discard="1" dealt="1" sum="15"/>
<action no="6" player="oreiasccp" type="4" sum="0"/>
</round>
<round no="2"><cards type="Flop">H4 DA C2</cards>
<action no="7" player="oreiasccp" type="4" sum="0"/>
<action no="8" player="georgessomers" type="4" discard="1" dealt="1" sum="0"/>
</round>
<round no="3"><cards type="Turn">S3</cards>
<action no="9" player="oreiasccp" type="4" sum="0"/>
<action no="10" player="georgessomers" type="4" discard="1" dealt="1" sum="0"/>
</round>
<round no="4"><cards type="River">H8</cards>
<action no="11" player="oreiasccp" type="5" sum="30"/>
<action no="12" player="georgessomers" type="3" discard="1" dealt="1" sum="30"/>
</round>
</game>
<game gamecode="11536469929"><general><startdate>2025-06-27 08:14:52</startdate>
<round>1</round>
<failsafecounter/>
<players><player seat="3" name="georgessomers" chips="800" dealer="0" win="0" bet="800" muck="0" rebuy="0" addon="0" merge="0" rebuychips="0" reg_code="8392760537"/>
<player seat="6" name="oreiasccp" chips="700" dealer="1" win="1,400" bet="700" muck="0" rebuy="0" addon="0" merge="0" rebuychips="0" reg_code="8392760538"/>
</players>
</general>
<round no="0"><action no="1" player="oreiasccp" type="15" sum="5"/>
<action no="2" player="georgessomers" type="15" discard="1" dealt="1" sum="5"/>
<action no="3" player="oreiasccp" type="1" sum="15"/>
<action no="4" player="georgessomers" type="2" discard="1" dealt="1" sum="30"/>
</round>
<round no="1"><cards type="Pocket" player="oreiasccp">HA DA</cards>
<cards type="Pocket" player="georgessomers">S9 H9</cards>
<action no="5" player="oreiasccp" type="23" sum="60"/>
<action no="6" player="georgessomers" type="23" discard="1" dealt="1" sum="795"/>
<action no="7" player="oreiasccp" type="7" sum="635"/>
</round>
<round no="2"><cards type="Flop">CA S5 D3</cards>
</round>
<round no="3"><cards type="Turn">H10</cards>
</round>
<round no="4"><cards type="River">CK</cards>
</round>
</game>
<game gamecode="11536469977"><general><startdate>2025-06-27 08:15:12</startdate>
<round>1</round>
<failsafecounter/>
<players><player seat="6" name="oreiasccp" chips="1,400" dealer="0" win="0" bet="100" muck="1" rebuy="0" addon="0" merge="0" rebuychips="0" reg_code="8392760538"/>
<player seat="3" name="georgessomers" chips="100" dealer="1" win="200" bet="100" muck="0" rebuy="0" addon="0" merge="0" rebuychips="0" reg_code="8392760537"/>
</players>
</general>
<round no="0"><action no="1" player="georgessomers" type="15" discard="1" dealt="1" sum="5"/>
<action no="2" player="oreiasccp" type="15" sum="5"/>
<action no="3" player="georgessomers" type="1" discard="1" dealt="1" sum="15"/>
<action no="4" player="oreiasccp" type="2" sum="30"/>
</round>
<round no="1"><cards type="Pocket" player="oreiasccp">D4 D8</cards>
<cards type="Pocket" player="georgessomers">CK S5</cards>
<action no="5" player="georgessomers" type="3" discard="1" dealt="1" sum="15"/>
<action no="6" player="oreiasccp" type="4" sum="0"/>
</round>
<round no="2"><cards type="Flop">HK H4 D2</cards>
<action no="7" player="oreiasccp" type="4" sum="0"/>
<action no="8" player="georgessomers" type="5" discard="1" dealt="1" sum="30"/>
<action no="9" player="oreiasccp" type="23" sum="65"/>
<action no="10" player="georgessomers" type="7" discard="1" dealt="1" sum="35"/>
</round>
<round no="3"><cards type="Turn">CA</cards>
</round>
<round no="4"><cards type="River">D10</cards>
</round>
</game>
<game gamecode="11536470040"><general><startdate>2025-06-27 08:15:35</startdate>
<round>1</round>
<failsafecounter/>
<players><player seat="3" name="georgessomers" chips="200" dealer="0" win="50" bet="45" muck="1" rebuy="0" addon="0" merge="0" rebuychips="0" reg_code="8392760537"/>
<player seat="6" name="oreiasccp" chips="1,300" dealer="1" win="0" bet="25" muck="1" rebuy="0" addon="0" merge="0" rebuychips="0" reg_code="8392760538"/>
</players>
</general>
<round no="0"><action no="1" player="oreiasccp" type="15" sum="5"/>
<action no="2" player="georgessomers" type="15" discard="1" dealt="1" sum="5"/>
<action no="3" player="oreiasccp" type="1" sum="20"/>
<action no="4" player="georgessomers" type="2" discard="1" dealt="1" sum="40"/>
</round>
<round no="1"><cards type="Pocket" player="georgessomers">X X</cards>
<cards type="Pocket" player="oreiasccp">D3 C5</cards>
<action no="5" player="oreiasccp" type="0" sum="0"/>
</round>
</game>
<game gamecode="11536470053"><general><startdate>2025-06-27 08:15:41</startdate>
<round>1</round>
<failsafecounter/>
<players><player seat="6" name="oreiasccp" chips="1,275" dealer="0" win="0" bet="45" muck="1" rebuy="0" addon="0" merge="0" rebuychips="0" reg_code="8392760538"/>
<player seat="3" name="georgessomers" chips="225" dealer="1" win="90" bet="85" muck="1" rebuy="0" addon="0" merge="0" rebuychips="0" reg_code="8392760537"/>
</players>
</general>
<round no="0"><action no="1" player="georgessomers" type="15" discard="1" dealt="1" sum="5"/>
<action no="2" player="oreiasccp" type="15" sum="5"/>
<action no="3" player="georgessomers" type="1" discard="1" dealt="1" sum="20"/>
<action no="4" player="oreiasccp" type="2" sum="40"/>
</round>
<round no="1"><cards type="Pocket" player="oreiasccp">C10 S6</cards>
<cards type="Pocket" player="georgessomers">X X</cards>
<action no="5" player="georgessomers" type="23" discard="1" dealt="1" sum="80"/>
<action no="6" player="oreiasccp" type="0" sum="0"/>
</round>
</game>
<game gamecode="11536470071"><general><startdate>2025-06-27 08:15:47</startdate>
<round>1</round>
<failsafecounter/>
<players><player seat="3" name="georgessomers" chips="270" dealer="0" win="540" bet="270" muck="0" rebuy="0" addon="0" merge="0" rebuychips="0" reg_code="8392760537"/>
<player seat="6" name="oreiasccp" chips="1,230" dealer="1" win="0" bet="270" muck="1" rebuy="0" addon="0" merge="0" rebuychips="0" reg_code="8392760538"/>
</players>
</general>
<round no="0"><action no="1" player="oreiasccp" type="15" sum="5"/>
<action no="2" player="georgessomers" type="15" discard="1" dealt="1" sum="5"/>
<action no="3" player="oreiasccp" type="1" sum="20"/>
<action no="4" player="georgessomers" type="2" discard="1" dealt="1" sum="40"/>
</round>
<round no="1"><cards type="Pocket" player="oreiasccp">C9 H8</cards>
<cards type="Pocket" player="georgessomers">D7 SJ</cards>
<action no="5" player="oreiasccp" type="23" sum="265"/>
<action no="6" player="georgessomers" type="7" discard="1" dealt="1" sum="225"/>
</round>
<round no="2"><cards type="Flop">C7 H7 D9</cards>
</round>
<round no="3"><cards type="Turn">DJ</cards>
</round>
<round no="4"><cards type="River">DK</cards>
</round>
</game>
<game gamecode="11536470152"><general><startdate>2025-06-27 08:16:16</startdate>
<round>1</round>
<failsafecounter/>
<players><player seat="6" name="oreiasccp" chips="960" dealer="0" win="0" bet="45" muck="1" rebuy="0" addon="0" merge="0" rebuychips="0" reg_code="8392760538"/>
<player seat="3" name="georgessomers" chips="540" dealer="1" win="90" bet="45" muck="0" rebuy="0" addon="0" merge="0" rebuychips="0" reg_code="8392760537"/>
</players>
</general>
<round no="0"><action no="1" player="georgessomers" type="15" discard="1" dealt="1" sum="5"/>
<action no="2" player="oreiasccp" type="15" sum="5"/>
<action no="3" player="georgessomers" type="1" discard="1" dealt="1" sum="20"/>
<action no="4" player="oreiasccp" type="2" sum="40"/>
</round>
<round no="1"><cards type="Pocket" player="georgessomers">D5 S8</cards>
<cards type="Pocket" player="oreiasccp">C6 S3</cards>
<action no="5" player="georgessomers" type="3" discard="1" dealt="1" sum="20"/>
<action no="6" player="oreiasccp" type="4" sum="0"/>
</round>
<round no="2"><cards type="Flop">D7 DJ H9</cards>
<action no="7" player="oreiasccp" type="4" sum="0"/>
<action no="8" player="georgessomers" type="4" discard="1" dealt="1" sum="0"/>
</round>
<round no="3"><cards type="Turn">S2</cards>
<action no="9" player="oreiasccp" type="4" sum="0"/>
<action no="10" player="georgessomers" type="4" discard="1" dealt="1" sum="0"/>
</round>
<round no="4"><cards type="River">D4</cards>
<action no="11" player="oreiasccp" type="4" sum="0"/>
<action no="12" player="georgessomers" type="4" discard="1" dealt="1" sum="0"/>
</round>
</game>
<game gamecode="11536470240"><general><startdate>2025-06-27 08:16:49</startdate>
<round>1</round>
<failsafecounter/>
<players><player seat="3" name="georgessomers" chips="585" dealer="0" win="0" bet="85" muck="1" rebuy="0" addon="0" merge="0" rebuychips="0" reg_code="8392760537"/>
<player seat="6" name="oreiasccp" chips="915" dealer="1" win="170" bet="125" muck="1" rebuy="0" addon="0" merge="0" rebuychips="0" reg_code="8392760538"/>
</players>
</general>
<round no="0"><action no="1" player="oreiasccp" type="15" sum="5"/>
<action no="2" player="georgessomers" type="15" discard="1" dealt="1" sum="5"/>
<action no="3" player="oreiasccp" type="1" sum="20"/>
<action no="4" player="georgessomers" type="2" discard="1" dealt="1" sum="40"/>
</round>
<round no="1"><cards type="Pocket" player="georgessomers">X X</cards>
<cards type="Pocket" player="oreiasccp">S7 CQ</cards>
<action no="5" player="oreiasccp" type="23" sum="80"/>
<action no="6" player="georgessomers" type="3" discard="1" dealt="1" sum="40"/>
</round>
<round no="2"><cards type="Flop">H7 C8 SQ</cards>
<action no="7" player="georgessomers" type="4" discard="1" dealt="1" sum="0"/>
<action no="8" player="oreiasccp" type="5" sum="40"/>
<action no="9" player="georgessomers" type="0" discard="1" dealt="1" sum="0"/>
</round>
</game>
<game gamecode="11536470309"><general><startdate>2025-06-27 08:17:12</startdate>
<round>1</round>
<failsafecounter/>
<players><player seat="6" name="oreiasccp" chips="1,000" dealer="0" win="292" bet="146" muck="0" rebuy="0" addon="0" merge="0" rebuychips="0" reg_code="8392760538"/>
<player seat="3" name="georgessomers" chips="500" dealer="1" win="0" bet="146" muck="1" rebuy="0" addon="0" merge="0" rebuychips="0" reg_code="8392760537"/>
</players>
</general>
<round no="0"><action no="1" player="georgessomers" type="15" discard="1" dealt="1" sum="5"/>
<action no="2" player="oreiasccp" type="15" sum="5"/>
<action no="3" player="georgessomers" type="1" discard="1" dealt="1" sum="20"/>
<action no="4" player="oreiasccp" type="2" sum="40"/>
</round>
<round no="1"><cards type="Pocket" player="georgessomers">H9 C2</cards>
<cards type="Pocket" player="oreiasccp">S2 S8</cards>
<action no="5" player="georgessomers" type="3" discard="1" dealt="1" sum="20"/>
<action no="6" player="oreiasccp" type="4" sum="0"/>
</round>
<round no="2"><cards type="Flop">S9 H6 D5</cards>
<action no="7" player="oreiasccp" type="4" sum="0"/>
<action no="8" player="georgessomers" type="5" discard="1" dealt="1" sum="40"/>
<action no="9" player="oreiasccp" type="3" sum="40"/>
</round>
<round no="3"><cards type="Turn">S10</cards>
<action no="10" player="oreiasccp" type="4" sum="0"/>
<action no="11" player="georgessomers" type="4" discard="1" dealt="1" sum="0"/>
</round>
<round no="4"><cards type="River">D7</cards>
<action no="12" player="oreiasccp" type="5" sum="61"/>
<action no="13" player="georgessomers" type="3" discard="1" dealt="1" sum="61"/>
</round>
</game>
<game gamecode="11536474246"><general><startdate>2025-06-27 08:17:43</startdate>
<round>1</round>
<failsafecounter/>
<players><player seat="3" name="georgessomers" chips="354" dealer="0" win="708" bet="354" muck="0" rebuy="0" addon="0" merge="0" rebuychips="0" reg_code="8392760537"/>
<player seat="6" name="oreiasccp" chips="1,146" dealer="1" win="0" bet="354" muck="1" rebuy="0" addon="0" merge="0" rebuychips="0" reg_code="8392760538"/>
</players>
</general>
<round no="0"><action no="1" player="oreiasccp" type="15" sum="5"/>
<action no="2" player="georgessomers" type="15" discard="1" dealt="1" sum="5"/>
<action no="3" player="oreiasccp" type="1" sum="30"/>
<action no="4" player="georgessomers" type="2" discard="1" dealt="1" sum="60"/>
</round>
<round no="1"><cards type="Pocket" player="oreiasccp">H10 SA</cards>
<cards type="Pocket" player="georgessomers">CA DK</cards>
<action no="5" player="oreiasccp" type="23" sum="349"/>
<action no="6" player="georgessomers" type="7" discard="1" dealt="1" sum="289"/>
</round>
<round no="2"><cards type="Flop">H3 CQ CK</cards>
</round>
<round no="3"><cards type="Turn">D8</cards>
</round>
<round no="4"><cards type="River">SK</cards>
</round>
</game>
<game gamecode="11536474300"><general><startdate>2025-06-27 08:18:04</startdate>
<round>1</round>
<failsafecounter/>
<players><player seat="6" name="oreiasccp" chips="792" dealer="0" win="130" bet="125" muck="1" rebuy="0" addon="0" merge="0" rebuychips="0" reg_code="8392760538"/>
<player seat="3" name="georgessomers" chips="708" dealer="1" win="0" bet="65" muck="1" rebuy="0" addon="0" merge="0" rebuychips="0" reg_code="8392760537"/>
</players>
</general>
<round no="0"><action no="1" player="georgessomers" type="15" discard="1" dealt="1" sum="5"/>
<action no="2" player="oreiasccp" type="15" sum="5"/>
<action no="3" player="georgessomers" type="1" discard="1" dealt="1" sum="30"/>
<action no="4" player="oreiasccp" type="2" sum="60"/>
</round>
<round no="1"><cards type="Pocket" player="georgessomers">X X</cards>
<cards type="Pocket" player="oreiasccp">SK D7</cards>
<action no="5" player="georgessomers" type="3" discard="1" dealt="1" sum="30"/>
<action no="6" player="oreiasccp" type="4" sum="0"/>
</round>
<round no="2"><cards type="Flop">S7 C5 HA</cards>
<action no="7" player="oreiasccp" type="4" sum="0"/>
<action no="8" player="georgessomers" type="4" discard="1" dealt="1" sum="0"/>
</round>
<round no="3"><cards type="Turn">HQ</cards>
<action no="9" player="oreiasccp" type="4" sum="0"/>
<action no="10" player="georgessomers" type="4" discard="1" dealt="1" sum="0"/>
</round>
<round no="4"><cards type="River">H7</cards>
<action no="11" player="oreiasccp" type="5" sum="60"/>
<action no="12" player="georgessomers" type="0" discard="1" dealt="1" sum="0"/>
</round>
</game>
<game gamecode="11536474341"><general><startdate>2025-06-27 08:18:23</startdate>
<round>1</round>
<failsafecounter/>
<players><player seat="3" name="georgessomers" chips="643" dealer="0" win="0" bet="65" muck="1" rebuy="0" addon="0" merge="0" rebuychips="0" reg_code="8392760537"/>
<player seat="6" name="oreiasccp" chips="857" dealer="1" win="130" bet="125" muck="1" rebuy="0" addon="0" merge="0" rebuychips="0" reg_code="8392760538"/>
</players>
</general>
<round no="0"><action no="1" player="oreiasccp" type="15" sum="5"/>
<action no="2" player="georgessomers" type="15" discard="1" dealt="1" sum="5"/>
<action no="3" player="oreiasccp" type="1" sum="30"/>
<action no="4" player="georgessomers" type="2" discard="1" dealt="1" sum="60"/>
</round>
<round no="1"><cards type="Pocket" player="georgessomers">X X</cards>
<cards type="Pocket" player="oreiasccp">C6 C10</cards>
<action no="5" player="oreiasccp" type="3" sum="30"/>
<action no="6" player="georgessomers" type="4" discard="1" dealt="1" sum="0"/>
</round>
<round no="2"><cards type="Flop">C8 HQ SQ</cards>
<action no="7" player="georgessomers" type="4" discard="1" dealt="1" sum="0"/>
<action no="8" player="oreiasccp" type="5" sum="60"/>
<action no="9" player="georgessomers" type="0" discard="1" dealt="1" sum="0"/>
</round>
</game>
<game gamecode="11536474396"><general><startdate>2025-06-27 08:18:43</startdate>
<round>1</round>
<failsafecounter/>
<players><player seat="6" name="oreiasccp" chips="922" dealer="0" win="130" bet="65" muck="0" rebuy="0" addon="0" merge="0" rebuychips="0" reg_code="8392760538"/>
<player seat="3" name="georgessomers" chips="578" dealer="1" win="0" bet="65" muck="1" rebuy="0" addon="0" merge="0" rebuychips="0" reg_code="8392760537"/>
</players>
</general>
<round no="0"><action no="1" player="georgessomers" type="15" discard="1" dealt="1" sum="5"/>
<action no="2" player="oreiasccp" type="15" sum="5"/>
<action no="3" player="georgessomers" type="1" discard="1" dealt="1" sum="30"/>
<action no="4" player="oreiasccp" type="2" sum="60"/>
</round>
<round no="1"><cards type="Pocket" player="oreiasccp">H4 CQ</cards>
<cards type="Pocket" player="georgessomers">DK D5</cards>
<action no="5" player="georgessomers" type="3" discard="1" dealt="1" sum="30"/>
<action no="6" player="oreiasccp" type="4" sum="0"/>
</round>
<round no="2"><cards type="Flop">H9 H10 D8</cards>
<action no="7" player="oreiasccp" type="4" sum="0"/>
<action no="8" player="georgessomers" type="4" discard="1" dealt="1" sum="0"/>
</round>
<round no="3"><cards type="Turn">C9</cards>
<action no="9" player="oreiasccp" type="4" sum="0"/>
<action no="10" player="georgessomers" type="4" discard="1" dealt="1" sum="0"/>
</round>
<round no="4"><cards type="River">HQ</cards>
<action no="11" player="oreiasccp" type="4" sum="0"/>
<action no="12" player="georgessomers" type="4" discard="1" dealt="1" sum="0"/>
</round>
</game>
<game gamecode="11536474475"><general><startdate>2025-06-27 08:19:12</startdate>
<round>1</round>
<failsafecounter/>
<players><player seat="3" name="georgessomers" chips="513" dealer="0" win="250" bet="125" muck="0" rebuy="0" addon="0" merge="0" rebuychips="0" reg_code="8392760537"/>
<player seat="6" name="oreiasccp" chips="987" dealer="1" win="0" bet="125" muck="1" rebuy="0" addon="0" merge="0" rebuychips="0" reg_code="8392760538"/>
</players>
</general>
<round no="0"><action no="1" player="oreiasccp" type="15" sum="5"/>
<action no="2" player="georgessomers" type="15" discard="1" dealt="1" sum="5"/>
<action no="3" player="oreiasccp" type="1" sum="30"/>
<action no="4" player="georgessomers" type="2" discard="1" dealt="1" sum="60"/>
</round>
<round no="1"><cards type="Pocket" player="georgessomers">H4 SA</cards>
<cards type="Pocket" player="oreiasccp">S9 D6</cards>
<action no="5" player="oreiasccp" type="3" sum="30"/>
<action no="6" player="georgessomers" type="4" discard="1" dealt="1" sum="0"/>
</round>
<round no="2"><cards type="Flop">D5 D8 C8</cards>
<action no="7" player="georgessomers" type="4" discard="1" dealt="1" sum="0"/>
<action no="8" player="oreiasccp" type="4" sum="0"/>
</round>
<round no="3"><cards type="Turn">C4</cards>
<action no="9" player="georgessomers" type="5" discard="1" dealt="1" sum="60"/>
<action no="10" player="oreiasccp" type="3" sum="60"/>
</round>
<round no="4"><cards type="River">HJ</cards>
<action no="11" player="georgessomers" type="4" discard="1" dealt="1" sum="0"/>
<action no="12" player="oreiasccp" type="4" sum="0"/>
</round>
</game>
<game gamecode="11536474543"><general><startdate>2025-06-27 08:19:41</startdate>
<round>1</round>
<failsafecounter/>
<players><player seat="6" name="oreiasccp" chips="862" dealer="0" win="1,276" bet="638" muck="0" rebuy="0" addon="0" merge="0" rebuychips="0" reg_code="8392760538"/>
<player seat="3" name="georgessomers" chips="638" dealer="1" win="0" bet="638" muck="0" rebuy="0" addon="0" merge="0" rebuychips="0" reg_code="8392760537"/>
</players>
</general>
<round no="0"><action no="1" player="georgessomers" type="15" discard="1" dealt="1" sum="8"/>
<action no="2" player="oreiasccp" type="15" sum="8"/>
<action no="3" player="georgessomers" type="1" discard="1" dealt="1" sum="40"/>
<action no="4" player="oreiasccp" type="2" sum="80"/>
</round>
<round no="1"><cards type="Pocket" player="oreiasccp">C7 D2</cards>
<cards type="Pocket" player="georgessomers">H5 HQ</cards>
<action no="5" player="georgessomers" type="3" discard="1" dealt="1" sum="40"/>
<action no="6" player="oreiasccp" type="23" sum="240"/>
<action no="7" player="georgessomers" type="3" discard="1" dealt="1" sum="160"/>
</round>
<round no="2"><cards type="Flop">DJ C5 H2</cards>
<action no="8" player="oreiasccp" type="5" sum="390"/>
<action no="9" player="georgessomers" type="7" discard="1" dealt="1" sum="390"/>
</round>
<round no="3"><cards type="Turn">H10</cards>
</round>
<round no="4"><cards type="River">D7</cards>
</round>
</game>
</session>
