<?xml version="1.0" encoding="UTF-8"?>
<session sessioncode="8392847061">
<general>
<client_version>25.1.1.13</client_version>
<mode>real</mode>
<gametype>Holdem NL</gametype>
<tablename>Twister €5 SNG, 1128654174</tablename>
<tournamentcode>1128654173</tournamentcode>
<tournamentname>Twister €5 SNG</tournamentname>
<buyin>€0 + €0.35 + €4.65</buyin>
<totalbuyin>€5</totalbuyin>
<rewarddrawn>€10</rewarddrawn>
<tournamentcurrency>EUR</tournamentcurrency>
<currency>EUR</currency>
<nickname>oreiasccp</nickname>
<gamecount>40</gamecount>
<startdate>2025-06-27 12:36:27</startdate>
<place>2</place>
<win>€0</win>
<tablesize>3</tablesize>
</general>
<game gamecode="11536681429"><general><startdate>2025-06-27 12:36:42</startdate>
<round>1</round>
<failsafecounter/>
<players><player seat="3" name="adriaan0" chips="500" dealer="0" win="0" bet="20" muck="1" rebuy="0" addon="0" merge="0" rebuychips="0" reg_code="8392846968"/>
<player seat="6" name="oreiasccp" chips="500" dealer="1" win="50" bet="40" muck="1" rebuy="0" addon="0" merge="0" rebuychips="0" reg_code="8392847061"/>
<player seat="10" name="setsea15" chips="500" dealer="0" win="0" bet="10" muck="1" rebuy="0" addon="0" merge="0" rebuychips="0" reg_code="8392847141"/>
</players>
</general>
<round no="0"><action no="1" player="setsea15" type="1" discard="1" dealt="1" sum="10"/>
<action no="2" player="adriaan0" type="2" discard="1" dealt="1" sum="20"/>
</round>
<round no="1"><cards type="Pocket" player="oreiasccp">DJ C10</cards>
<cards type="Pocket" player="adriaan0">X X</cards>
<cards type="Pocket" player="setsea15">X X</cards>
<action no="3" player="oreiasccp" type="23" sum="40"/>
<action no="4" player="setsea15" type="0" discard="1" dealt="1" sum="0"/>
<action no="5" player="adriaan0" type="0" discard="1" dealt="1" sum="0"/>
</round>
</game>
<game gamecode="11536681478"><general><startdate>2025-06-27 12:36:56</startdate>
<round>1</round>
<failsafecounter/>
<players><player seat="6" name="oreiasccp" chips="530" dealer="0" win="20" bet="20" muck="1" rebuy="0" addon="0" merge="0" rebuychips="0" reg_code="8392847061"/>
<player seat="10" name="setsea15" chips="490" dealer="1" win="0" bet="0" muck="1" rebuy="0" addon="0" merge="0" rebuychips="0" reg_code="8392847141"/>
<player seat="3" name="adriaan0" chips="480" dealer="0" win="0" bet="10" muck="1" rebuy="0" addon="0" merge="0" rebuychips="0" reg_code="8392846968"/>
</players>
</general>
<round no="0"><action no="1" player="adriaan0" type="1" discard="1" dealt="1" sum="10"/>
<action no="2" player="oreiasccp" type="2" sum="20"/>
</round>
<round no="1"><cards type="Pocket" player="oreiasccp">S3 S2</cards>
<cards type="Pocket" player="setsea15">X X</cards>
<cards type="Pocket" player="adriaan0">X X</cards>
<action no="3" player="setsea15" type="0" discard="1" dealt="1" sum="0"/>
<action no="4" player="adriaan0" type="0" discard="1" dealt="1" sum="0"/>
</round>
</game>
<game gamecode="11536681502"><general><startdate>2025-06-27 12:37:03</startdate>
<round>1</round>
<failsafecounter/>
<players><player seat="10" name="setsea15" chips="490" dealer="0" win="0" bet="20" muck="1" rebuy="0" addon="0" merge="0" rebuychips="0" reg_code="8392847141"/>
<player seat="3" name="adriaan0" chips="470" dealer="1" win="340" bet="260" muck="1" rebuy="0" addon="0" merge="0" rebuychips="0" reg_code="8392846968"/>
<player seat="6" name="oreiasccp" chips="540" dealer="0" win="0" bet="160" muck="1" rebuy="0" addon="0" merge="0" rebuychips="0" reg_code="8392847061"/>
</players>
</general>
<round no="0"><action no="1" player="oreiasccp" type="1" sum="10"/>
<action no="2" player="setsea15" type="2" discard="1" dealt="1" sum="20"/>
</round>
<round no="1"><cards type="Pocket" player="oreiasccp">CK D10</cards>
<cards type="Pocket" player="setsea15">X X</cards>
<cards type="Pocket" player="adriaan0">X X</cards>
<action no="3" player="adriaan0" type="23" discard="1" dealt="1" sum="40"/>
<action no="4" player="oreiasccp" type="23" sum="120"/>
<action no="5" player="setsea15" type="0" discard="1" dealt="1" sum="0"/>
<action no="6" player="adriaan0" type="3" discard="1" dealt="1" sum="80"/>
</round>
<round no="2"><cards type="Flop">C6 H8 CJ</cards>
<action no="7" player="oreiasccp" type="5" sum="40"/>
<action no="8" player="adriaan0" type="23" discard="1" dealt="1" sum="140"/>
<action no="9" player="oreiasccp" type="0" sum="0"/>
</round>
</game>
<game gamecode="11536681608"><general><startdate>2025-06-27 12:37:30</startdate>
<round>1</round>
<failsafecounter/>
<players><player seat="3" name="adriaan0" chips="650" dealer="0" win="120" bet="100" muck="1" rebuy="0" addon="0" merge="0" rebuychips="0" reg_code="8392846968"/>
<player seat="6" name="oreiasccp" chips="380" dealer="1" win="0" bet="0" muck="1" rebuy="0" addon="0" merge="0" rebuychips="0" reg_code="8392847061"/>
<player seat="10" name="setsea15" chips="470" dealer="0" win="0" bet="60" muck="1" rebuy="0" addon="0" merge="0" rebuychips="0" reg_code="8392847141"/>
</players>
</general>
<round no="0"><action no="1" player="setsea15" type="1" discard="1" dealt="1" sum="10"/>
<action no="2" player="adriaan0" type="2" discard="1" dealt="1" sum="20"/>
</round>
<round no="1"><cards type="Pocket" player="adriaan0">X X</cards>
<cards type="Pocket" player="setsea15">X X</cards>
<cards type="Pocket" player="oreiasccp">CJ D5</cards>
<action no="3" player="oreiasccp" type="0" sum="0"/>
<action no="4" player="setsea15" type="23" discard="1" dealt="1" sum="40"/>
<action no="5" player="adriaan0" type="3" discard="1" dealt="1" sum="20"/>
</round>
<round no="2"><cards type="Flop">SQ H8 C7</cards>
<action no="6" player="setsea15" type="5" discard="1" dealt="1" sum="20"/>
<action no="7" player="adriaan0" type="3" discard="1" dealt="1" sum="20"/>
</round>
<round no="3"><cards type="Turn">C10</cards>
<action no="8" player="setsea15" type="4" discard="1" dealt="1" sum="0"/>
<action no="9" player="adriaan0" type="5" discard="1" dealt="1" sum="40"/>
<action no="10" player="setsea15" type="0" discard="1" dealt="1" sum="0"/>
</round>
</game>
<game gamecode="11536681730"><general><startdate>2025-06-27 12:38:00</startdate>
<round>1</round>
<failsafecounter/>
<players><player seat="6" name="oreiasccp" chips="380" dealer="0" win="80" bet="40" muck="0" rebuy="0" addon="0" merge="0" rebuychips="0" reg_code="8392847061"/>
<player seat="10" name="setsea15" chips="410" dealer="1" win="0" bet="0" muck="1" rebuy="0" addon="0" merge="0" rebuychips="0" reg_code="8392847141"/>
<player seat="3" name="adriaan0" chips="710" dealer="0" win="0" bet="40" muck="0" rebuy="0" addon="0" merge="0" rebuychips="0" reg_code="8392846968"/>
</players>
</general>
<round no="0"><action no="1" player="adriaan0" type="1" discard="1" dealt="1" sum="10"/>
<action no="2" player="oreiasccp" type="2" sum="20"/>
</round>
<round no="1"><cards type="Pocket" player="setsea15">X X</cards>
<cards type="Pocket" player="oreiasccp">H4 DJ</cards>
<cards type="Pocket" player="adriaan0">H9 CQ</cards>
<action no="3" player="setsea15" type="0" discard="1" dealt="1" sum="0"/>
<action no="4" player="adriaan0" type="3" discard="1" dealt="1" sum="10"/>
<action no="5" player="oreiasccp" type="4" sum="0"/>
</round>
<round no="2"><cards type="Flop">D8 SA HJ</cards>
<action no="6" player="adriaan0" type="4" discard="1" dealt="1" sum="0"/>
<action no="7" player="oreiasccp" type="4" sum="0"/>
</round>
<round no="3"><cards type="Turn">DK</cards>
<action no="8" player="adriaan0" type="4" discard="1" dealt="1" sum="0"/>
<action no="9" player="oreiasccp" type="4" sum="0"/>
</round>
<round no="4"><cards type="River">CA</cards>
<action no="10" player="adriaan0" type="5" discard="1" dealt="1" sum="20"/>
<action no="11" player="oreiasccp" type="3" sum="20"/>
</round>
</game>
<game gamecode="11536681830"><general><startdate>2025-06-27 12:38:27</startdate>
<round>1</round>
<failsafecounter/>
<players><player seat="10" name="setsea15" chips="410" dealer="0" win="250" bet="245" muck="1" rebuy="0" addon="0" merge="0" rebuychips="0" reg_code="8392847141"/>
<player seat="3" name="adriaan0" chips="670" dealer="1" win="0" bet="120" muck="1" rebuy="0" addon="0" merge="0" rebuychips="0" reg_code="8392846968"/>
<player seat="6" name="oreiasccp" chips="420" dealer="0" win="0" bet="10" muck="1" rebuy="0" addon="0" merge="0" rebuychips="0" reg_code="8392847061"/>
</players>
</general>
<round no="0"><action no="1" player="oreiasccp" type="1" sum="10"/>
<action no="2" player="setsea15" type="2" discard="1" dealt="1" sum="20"/>
</round>
<round no="1"><cards type="Pocket" player="setsea15">X X</cards>
<cards type="Pocket" player="oreiasccp">S7 H5</cards>
<cards type="Pocket" player="adriaan0">X X</cards>
<action no="3" player="adriaan0" type="23" discard="1" dealt="1" sum="40"/>
<action no="4" player="oreiasccp" type="0" sum="0"/>
<action no="5" player="setsea15" type="3" discard="1" dealt="1" sum="20"/>
</round>
<round no="2"><cards type="Flop">D8 C7 C3</cards>
<action no="6" player="setsea15" type="4" discard="1" dealt="1" sum="0"/>
<action no="7" player="adriaan0" type="5" discard="1" dealt="1" sum="40"/>
<action no="8" player="setsea15" type="23" discard="1" dealt="1" sum="80"/>
<action no="9" player="adriaan0" type="3" discard="1" dealt="1" sum="40"/>
</round>
<round no="3"><cards type="Turn">DA</cards>
<action no="10" player="setsea15" type="5" discard="1" dealt="1" sum="125"/>
<action no="11" player="adriaan0" type="0" discard="1" dealt="1" sum="0"/>
</round>
</game>
<game gamecode="11536681914"><general><startdate>2025-06-27 12:38:51</startdate>
<round>1</round>
<failsafecounter/>
<players><player seat="3" name="adriaan0" chips="550" dealer="0" win="0" bet="35" muck="1" rebuy="0" addon="0" merge="0" rebuychips="0" reg_code="8392846968"/>
<player seat="6" name="oreiasccp" chips="410" dealer="1" win="90" bet="410" muck="1" rebuy="0" addon="0" merge="0" rebuychips="0" reg_code="8392847061"/>
<player seat="10" name="setsea15" chips="540" dealer="0" win="0" bet="20" muck="1" rebuy="0" addon="0" merge="0" rebuychips="0" reg_code="8392847141"/>
</players>
</general>
<round no="0"><action no="1" player="setsea15" type="15" discard="1" dealt="1" sum="5"/>
<action no="2" player="adriaan0" type="15" discard="1" dealt="1" sum="5"/>
<action no="3" player="oreiasccp" type="15" sum="5"/>
<action no="4" player="setsea15" type="1" discard="1" dealt="1" sum="15"/>
<action no="5" player="adriaan0" type="2" discard="1" dealt="1" sum="30"/>
</round>
<round no="1"><cards type="Pocket" player="adriaan0">X X</cards>
<cards type="Pocket" player="setsea15">X X</cards>
<cards type="Pocket" player="oreiasccp">DA CQ</cards>
<action no="6" player="oreiasccp" type="23" sum="405"/>
<action no="7" player="setsea15" type="0" discard="1" dealt="1" sum="0"/>
<action no="8" player="adriaan0" type="0" discard="1" dealt="1" sum="0"/>
</round>
</game>
<game gamecode="11536681951"><general><startdate>2025-06-27 12:39:01</startdate>
<round>1</round>
<failsafecounter/>
<players><player seat="6" name="oreiasccp" chips="465" dealer="0" win="0" bet="35" muck="1" rebuy="0" addon="0" merge="0" rebuychips="0" reg_code="8392847061"/>
<player seat="10" name="setsea15" chips="520" dealer="1" win="0" bet="5" muck="1" rebuy="0" addon="0" merge="0" rebuychips="0" reg_code="8392847141"/>
<player seat="3" name="adriaan0" chips="515" dealer="0" win="75" bet="95" muck="1" rebuy="0" addon="0" merge="0" rebuychips="0" reg_code="8392846968"/>
</players>
</general>
<round no="0"><action no="1" player="adriaan0" type="15" discard="1" dealt="1" sum="5"/>
<action no="2" player="oreiasccp" type="15" sum="5"/>
<action no="3" player="setsea15" type="15" discard="1" dealt="1" sum="5"/>
<action no="4" player="adriaan0" type="1" discard="1" dealt="1" sum="15"/>
<action no="5" player="oreiasccp" type="2" sum="30"/>
</round>
<round no="1"><cards type="Pocket" player="adriaan0">X X</cards>
<cards type="Pocket" player="oreiasccp">C8 C5</cards>
<cards type="Pocket" player="setsea15">X X</cards>
<action no="6" player="setsea15" type="0" discard="1" dealt="1" sum="0"/>
<action no="7" player="adriaan0" type="3" discard="1" dealt="1" sum="15"/>
<action no="8" player="oreiasccp" type="4" sum="0"/>
</round>
<round no="2"><cards type="Flop">CA S6 S2</cards>
<action no="9" player="adriaan0" type="5" discard="1" dealt="1" sum="60"/>
<action no="10" player="oreiasccp" type="0" sum="0"/>
</round>
</game>
<game gamecode="11536682020"><general><startdate>2025-06-27 12:39:19</startdate>
<round>1</round>
<failsafecounter/>
<players><player seat="10" name="setsea15" chips="515" dealer="0" win="0" bet="35" muck="1" rebuy="0" addon="0" merge="0" rebuychips="0" reg_code="8392847141"/>
<player seat="3" name="adriaan0" chips="555" dealer="1" win="0" bet="35" muck="1" rebuy="0" addon="0" merge="0" rebuychips="0" reg_code="8392846968"/>
<player seat="6" name="oreiasccp" chips="430" dealer="0" win="105" bet="430" muck="1" rebuy="0" addon="0" merge="0" rebuychips="0" reg_code="8392847061"/>
</players>
</general>
<round no="0"><action no="1" player="oreiasccp" type="15" sum="5"/>
<action no="2" player="setsea15" type="15" discard="1" dealt="1" sum="5"/>
<action no="3" player="adriaan0" type="15" discard="1" dealt="1" sum="5"/>
<action no="4" player="oreiasccp" type="1" sum="15"/>
<action no="5" player="setsea15" type="2" discard="1" dealt="1" sum="30"/>
</round>
<round no="1"><cards type="Pocket" player="adriaan0">X X</cards>
<cards type="Pocket" player="setsea15">X X</cards>
<cards type="Pocket" player="oreiasccp">SK H7</cards>
<action no="6" player="adriaan0" type="3" discard="1" dealt="1" sum="30"/>
<action no="7" player="oreiasccp" type="23" sum="425"/>
<action no="8" player="setsea15" type="0" discard="1" dealt="1" sum="0"/>
<action no="9" player="adriaan0" type="0" discard="1" dealt="1" sum="0"/>
</round>
</game>
<game gamecode="11536682075"><general><startdate>2025-06-27 12:39:31</startdate>
<round>1</round>
<failsafecounter/>
<players><player seat="3" name="adriaan0" chips="520" dealer="0" win="0" bet="35" muck="1" rebuy="0" addon="0" merge="0" rebuychips="0" reg_code="8392846968"/>
<player seat="6" name="oreiasccp" chips="500" dealer="1" win="0" bet="5" muck="1" rebuy="0" addon="0" merge="0" rebuychips="0" reg_code="8392847061"/>
<player seat="10" name="setsea15" chips="480" dealer="0" win="75" bet="480" muck="1" rebuy="0" addon="0" merge="0" rebuychips="0" reg_code="8392847141"/>
</players>
</general>
<round no="0"><action no="1" player="setsea15" type="15" discard="1" dealt="1" sum="5"/>
<action no="2" player="adriaan0" type="15" discard="1" dealt="1" sum="5"/>
<action no="3" player="oreiasccp" type="15" sum="5"/>
<action no="4" player="setsea15" type="1" discard="1" dealt="1" sum="15"/>
<action no="5" player="adriaan0" type="2" discard="1" dealt="1" sum="30"/>
</round>
<round no="1"><cards type="Pocket" player="adriaan0">X X</cards>
<cards type="Pocket" player="setsea15">X X</cards>
<cards type="Pocket" player="oreiasccp">SJ S4</cards>
<action no="6" player="oreiasccp" type="0" sum="0"/>
<action no="7" player="setsea15" type="23" discard="1" dealt="1" sum="475"/>
<action no="8" player="adriaan0" type="0" discard="1" dealt="1" sum="0"/>
</round>
</game>
<game gamecode="11536682112"><general><startdate>2025-06-27 12:39:41</startdate>
<round>1</round>
<failsafecounter/>
<players><player seat="6" name="oreiasccp" chips="495" dealer="0" win="45" bet="35" muck="1" rebuy="0" addon="0" merge="0" rebuychips="0" reg_code="8392847061"/>
<player seat="10" name="setsea15" chips="520" dealer="1" win="0" bet="5" muck="1" rebuy="0" addon="0" merge="0" rebuychips="0" reg_code="8392847141"/>
<player seat="3" name="adriaan0" chips="485" dealer="0" win="0" bet="20" muck="1" rebuy="0" addon="0" merge="0" rebuychips="0" reg_code="8392846968"/>
</players>
</general>
<round no="0"><action no="1" player="adriaan0" type="15" discard="1" dealt="1" sum="5"/>
<action no="2" player="oreiasccp" type="15" sum="5"/>
<action no="3" player="setsea15" type="15" discard="1" dealt="1" sum="5"/>
<action no="4" player="adriaan0" type="1" discard="1" dealt="1" sum="15"/>
<action no="5" player="oreiasccp" type="2" sum="30"/>
</round>
<round no="1"><cards type="Pocket" player="adriaan0">X X</cards>
<cards type="Pocket" player="oreiasccp">DJ D7</cards>
<cards type="Pocket" player="setsea15">X X</cards>
<action no="6" player="setsea15" type="0" discard="1" dealt="1" sum="0"/>
<action no="7" player="adriaan0" type="0" discard="1" dealt="1" sum="0"/>
</round>
</game>
<game gamecode="11536682153"><general><startdate>2025-06-27 12:39:51</startdate>
<round>1</round>
<failsafecounter/>
<players><player seat="10" name="setsea15" chips="515" dealer="0" win="0" bet="35" muck="1" rebuy="0" addon="0" merge="0" rebuychips="0" reg_code="8392847141"/>
<player seat="3" name="adriaan0" chips="465" dealer="1" win="0" bet="5" muck="1" rebuy="0" addon="0" merge="0" rebuychips="0" reg_code="8392846968"/>
<player seat="6" name="oreiasccp" chips="520" dealer="0" win="75" bet="515" muck="1" rebuy="0" addon="0" merge="0" rebuychips="0" reg_code="8392847061"/>
</players>
</general>
<round no="0"><action no="1" player="oreiasccp" type="15" sum="5"/>
<action no="2" player="setsea15" type="15" discard="1" dealt="1" sum="5"/>
<action no="3" player="adriaan0" type="15" discard="1" dealt="1" sum="5"/>
<action no="4" player="oreiasccp" type="1" sum="15"/>
<action no="5" player="setsea15" type="2" discard="1" dealt="1" sum="30"/>
</round>
<round no="1"><cards type="Pocket" player="adriaan0">X X</cards>
<cards type="Pocket" player="setsea15">X X</cards>
<cards type="Pocket" player="oreiasccp">DA S9</cards>
<action no="6" player="adriaan0" type="0" discard="1" dealt="1" sum="0"/>
<action no="7" player="oreiasccp" type="23" sum="510"/>
<action no="8" player="setsea15" type="0" discard="1" dealt="1" sum="0"/>
</round>
</game>
<game gamecode="11536682195"><general><startdate>2025-06-27 12:40:02</startdate>
<round>1</round>
<failsafecounter/>
<players><player seat="3" name="adriaan0" chips="460" dealer="0" win="0" bet="460" muck="0" rebuy="0" addon="0" merge="0" rebuychips="0" reg_code="8392846968"/>
<player seat="6" name="oreiasccp" chips="560" dealer="1" win="0" bet="5" muck="1" rebuy="0" addon="0" merge="0" rebuychips="0" reg_code="8392847061"/>
<player seat="10" name="setsea15" chips="480" dealer="0" win="925" bet="480" muck="0" rebuy="0" addon="0" merge="0" rebuychips="0" reg_code="8392847141"/>
</players>
</general>
<round no="0"><action no="1" player="setsea15" type="15" discard="1" dealt="1" sum="5"/>
<action no="2" player="adriaan0" type="15" discard="1" dealt="1" sum="5"/>
<action no="3" player="oreiasccp" type="15" sum="5"/>
<action no="4" player="setsea15" type="1" discard="1" dealt="1" sum="15"/>
<action no="5" player="adriaan0" type="2" discard="1" dealt="1" sum="30"/>
</round>
<round no="1"><cards type="Pocket" player="adriaan0">DJ H9</cards>
<cards type="Pocket" player="oreiasccp">D3 D10</cards>
<cards type="Pocket" player="setsea15">DA S9</cards>
<action no="6" player="oreiasccp" type="0" sum="0"/>
<action no="7" player="setsea15" type="23" discard="1" dealt="1" sum="475"/>
<action no="8" player="adriaan0" type="7" discard="1" dealt="1" sum="425"/>
</round>
<round no="2"><cards type="Flop">D5 S6 HQ</cards>
</round>
<round no="3"><cards type="Turn">SK</cards>
</round>
<round no="4"><cards type="River">D2</cards>
</round>
</game>
<game gamecode="11536682267"><general><startdate>2025-06-27 12:40:22</startdate>
<round>1</round>
<failsafecounter/>
<players><player seat="6" name="oreiasccp" chips="555" dealer="0" win="0" bet="35" muck="1" rebuy="0" addon="0" merge="0" rebuychips="0" reg_code="8392847061"/>
<player seat="10" name="setsea15" chips="945" dealer="1" win="70" bet="945" muck="1" rebuy="0" addon="0" merge="0" rebuychips="0" reg_code="8392847141"/>
</players>
</general>
<round no="0"><action no="1" player="setsea15" type="15" discard="1" dealt="1" sum="5"/>
<action no="2" player="oreiasccp" type="15" sum="5"/>
<action no="3" player="setsea15" type="1" discard="1" dealt="1" sum="15"/>
<action no="4" player="oreiasccp" type="2" sum="30"/>
</round>
<round no="1"><cards type="Pocket" player="setsea15">X X</cards>
<cards type="Pocket" player="oreiasccp">DK D6</cards>
<action no="5" player="setsea15" type="23" discard="1" dealt="1" sum="940"/>
<action no="6" player="oreiasccp" type="0" sum="0"/>
</round>
</game>
<game gamecode="11536682303"><general><startdate>2025-06-27 12:40:31</startdate>
<round>1</round>
<failsafecounter/>
<players><player seat="10" name="setsea15" chips="980" dealer="0" win="0" bet="98" muck="1" rebuy="0" addon="0" merge="0" rebuychips="0" reg_code="8392847141"/>
<player seat="6" name="oreiasccp" chips="520" dealer="1" win="196" bet="188" muck="1" rebuy="0" addon="0" merge="0" rebuychips="0" reg_code="8392847061"/>
</players>
</general>
<round no="0"><action no="1" player="oreiasccp" type="15" sum="5"/>
<action no="2" player="setsea15" type="15" discard="1" dealt="1" sum="5"/>
<action no="3" player="oreiasccp" type="1" sum="15"/>
<action no="4" player="setsea15" type="2" discard="1" dealt="1" sum="30"/>
</round>
<round no="1"><cards type="Pocket" player="setsea15">X X</cards>
<cards type="Pocket" player="oreiasccp">DJ DA</cards>
<action no="5" player="oreiasccp" type="23" sum="60"/>
<action no="6" player="setsea15" type="3" discard="1" dealt="1" sum="30"/>
</round>
<round no="2"><cards type="Flop">DK HA S8</cards>
<action no="7" player="setsea15" type="4" discard="1" dealt="1" sum="0"/>
<action no="8" player="oreiasccp" type="5" sum="33"/>
<action no="9" player="setsea15" type="3" discard="1" dealt="1" sum="33"/>
</round>
<round no="3"><cards type="Turn">D2</cards>
<action no="10" player="setsea15" type="4" discard="1" dealt="1" sum="0"/>
<action no="11" player="oreiasccp" type="5" sum="90"/>
<action no="12" player="setsea15" type="0" discard="1" dealt="1" sum="0"/>
</round>
</game>
<game gamecode="11536682367"><general><startdate>2025-06-27 12:40:54</startdate>
<round>1</round>
<failsafecounter/>
<players><player seat="6" name="oreiasccp" chips="618" dealer="0" win="50" bet="45" muck="1" rebuy="0" addon="0" merge="0" rebuychips="0" reg_code="8392847061"/>
<player seat="10" name="setsea15" chips="882" dealer="1" win="0" bet="25" muck="1" rebuy="0" addon="0" merge="0" rebuychips="0" reg_code="8392847141"/>
</players>
</general>
<round no="0"><action no="1" player="setsea15" type="15" discard="1" dealt="1" sum="5"/>
<action no="2" player="oreiasccp" type="15" sum="5"/>
<action no="3" player="setsea15" type="1" discard="1" dealt="1" sum="20"/>
<action no="4" player="oreiasccp" type="2" sum="40"/>
</round>
<round no="1"><cards type="Pocket" player="oreiasccp">SQ C3</cards>
<cards type="Pocket" player="setsea15">X X</cards>
<action no="5" player="setsea15" type="0" discard="1" dealt="1" sum="0"/>
</round>
</game>
<game gamecode="11536682392"><general><startdate>2025-06-27 12:41:00</startdate>
<round>1</round>
<failsafecounter/>
<players><player seat="10" name="setsea15" chips="857" dealer="0" win="50" bet="45" muck="1" rebuy="0" addon="0" merge="0" rebuychips="0" reg_code="8392847141"/>
<player seat="6" name="oreiasccp" chips="643" dealer="1" win="0" bet="25" muck="1" rebuy="0" addon="0" merge="0" rebuychips="0" reg_code="8392847061"/>
</players>
</general>
<round no="0"><action no="1" player="oreiasccp" type="15" sum="5"/>
<action no="2" player="setsea15" type="15" discard="1" dealt="1" sum="5"/>
<action no="3" player="oreiasccp" type="1" sum="20"/>
<action no="4" player="setsea15" type="2" discard="1" dealt="1" sum="40"/>
</round>
<round no="1"><cards type="Pocket" player="setsea15">X X</cards>
<cards type="Pocket" player="oreiasccp">C2 S5</cards>
<action no="5" player="oreiasccp" type="0" sum="0"/>
</round>
</game>
<game gamecode="11536682408"><general><startdate>2025-06-27 12:41:06</startdate>
<round>1</round>
<failsafecounter/>
<players><player seat="6" name="oreiasccp" chips="618" dealer="0" win="0" bet="45" muck="1" rebuy="0" addon="0" merge="0" rebuychips="0" reg_code="8392847061"/>
<player seat="10" name="setsea15" chips="882" dealer="1" win="90" bet="85" muck="1" rebuy="0" addon="0" merge="0" rebuychips="0" reg_code="8392847141"/>
</players>
</general>
<round no="0"><action no="1" player="setsea15" type="15" discard="1" dealt="1" sum="5"/>
<action no="2" player="oreiasccp" type="15" sum="5"/>
<action no="3" player="setsea15" type="1" discard="1" dealt="1" sum="20"/>
<action no="4" player="oreiasccp" type="2" sum="40"/>
</round>
<round no="1"><cards type="Pocket" player="oreiasccp">C3 S5</cards>
<cards type="Pocket" player="setsea15">X X</cards>
<action no="5" player="setsea15" type="3" discard="1" dealt="1" sum="20"/>
<action no="6" player="oreiasccp" type="4" sum="0"/>
</round>
<round no="2"><cards type="Flop">S7 SQ DJ</cards>
<action no="7" player="oreiasccp" type="4" sum="0"/>
<action no="8" player="setsea15" type="5" discard="1" dealt="1" sum="40"/>
<action no="9" player="oreiasccp" type="0" sum="0"/>
</round>
</game>
<game gamecode="11536682459"><general><startdate>2025-06-27 12:41:23</startdate>
<round>1</round>
<failsafecounter/>
<players><player seat="10" name="setsea15" chips="927" dealer="0" win="50" bet="45" muck="1" rebuy="0" addon="0" merge="0" rebuychips="0" reg_code="8392847141"/>
<player seat="6" name="oreiasccp" chips="573" dealer="1" win="0" bet="25" muck="1" rebuy="0" addon="0" merge="0" rebuychips="0" reg_code="8392847061"/>
</players>
</general>
<round no="0"><action no="1" player="oreiasccp" type="15" sum="5"/>
<action no="2" player="setsea15" type="15" discard="1" dealt="1" sum="5"/>
<action no="3" player="oreiasccp" type="1" sum="20"/>
<action no="4" player="setsea15" type="2" discard="1" dealt="1" sum="40"/>
</round>
<round no="1"><cards type="Pocket" player="oreiasccp">H3 C4</cards>
<cards type="Pocket" player="setsea15">X X</cards>
<action no="5" player="oreiasccp" type="0" sum="0"/>
</round>
</game>
<game gamecode="11536682481"><general><startdate>2025-06-27 12:41:28</startdate>
<round>1</round>
<failsafecounter/>
<players><player seat="6" name="oreiasccp" chips="548" dealer="0" win="90" bet="165" muck="1" rebuy="0" addon="0" merge="0" rebuychips="0" reg_code="8392847061"/>
<player seat="10" name="setsea15" chips="952" dealer="1" win="0" bet="45" muck="1" rebuy="0" addon="0" merge="0" rebuychips="0" reg_code="8392847141"/>
</players>
</general>
<round no="0"><action no="1" player="setsea15" type="15" discard="1" dealt="1" sum="5"/>
<action no="2" player="oreiasccp" type="15" sum="5"/>
<action no="3" player="setsea15" type="1" discard="1" dealt="1" sum="20"/>
<action no="4" player="oreiasccp" type="2" sum="40"/>
</round>
<round no="1"><cards type="Pocket" player="oreiasccp">SQ HK</cards>
<cards type="Pocket" player="setsea15">X X</cards>
<action no="5" player="setsea15" type="3" discard="1" dealt="1" sum="20"/>
<action no="6" player="oreiasccp" type="23" sum="160"/>
<action no="7" player="setsea15" type="0" discard="1" dealt="1" sum="0"/>
</round>
</game>
<game gamecode="11536682517"><general><startdate>2025-06-27 12:41:39</startdate>
<round>1</round>
<failsafecounter/>
<players><player seat="10" name="setsea15" chips="907" dealer="0" win="0" bet="125" muck="1" rebuy="0" addon="0" merge="0" rebuychips="0" reg_code="8392847141"/>
<player seat="6" name="oreiasccp" chips="593" dealer="1" win="250" bet="215" muck="1" rebuy="0" addon="0" merge="0" rebuychips="0" reg_code="8392847061"/>
</players>
</general>
<round no="0"><action no="1" player="oreiasccp" type="15" sum="5"/>
<action no="2" player="setsea15" type="15" discard="1" dealt="1" sum="5"/>
<action no="3" player="oreiasccp" type="1" sum="20"/>
<action no="4" player="setsea15" type="2" discard="1" dealt="1" sum="40"/>
</round>
<round no="1"><cards type="Pocket" player="setsea15">X X</cards>
<cards type="Pocket" player="oreiasccp">H4 HJ</cards>
<action no="5" player="oreiasccp" type="23" sum="80"/>
<action no="6" player="setsea15" type="3" discard="1" dealt="1" sum="40"/>
</round>
<round no="2"><cards type="Flop">C4 C10 CQ</cards>
<action no="7" player="setsea15" type="4" discard="1" dealt="1" sum="0"/>
<action no="8" player="oreiasccp" type="4" sum="0"/>
</round>
<round no="3"><cards type="Turn">H6</cards>
<action no="9" player="setsea15" type="4" discard="1" dealt="1" sum="0"/>
<action no="10" player="oreiasccp" type="5" sum="40"/>
<action no="11" player="setsea15" type="3" discard="1" dealt="1" sum="40"/>
</round>
<round no="4"><cards type="River">DJ</cards>
<action no="12" player="setsea15" type="4" discard="1" dealt="1" sum="0"/>
<action no="13" player="oreiasccp" type="5" sum="90"/>
<action no="14" player="setsea15" type="0" discard="1" dealt="1" sum="0"/>
</round>
</game>
<game gamecode="11536687497"><general><startdate>2025-06-27 12:42:16</startdate>
<round>1</round>
<failsafecounter/>
<players><player seat="6" name="oreiasccp" chips="718" dealer="0" win="90" bet="185" muck="1" rebuy="0" addon="0" merge="0" rebuychips="0" reg_code="8392847061"/>
<player seat="10" name="setsea15" chips="782" dealer="1" win="0" bet="45" muck="1" rebuy="0" addon="0" merge="0" rebuychips="0" reg_code="8392847141"/>
</players>
</general>
<round no="0"><action no="1" player="setsea15" type="15" discard="1" dealt="1" sum="5"/>
<action no="2" player="oreiasccp" type="15" sum="5"/>
<action no="3" player="setsea15" type="1" discard="1" dealt="1" sum="20"/>
<action no="4" player="oreiasccp" type="2" sum="40"/>
</round>
<round no="1"><cards type="Pocket" player="setsea15">X X</cards>
<cards type="Pocket" player="oreiasccp">SA HQ</cards>
<action no="5" player="setsea15" type="3" discard="1" dealt="1" sum="20"/>
<action no="6" player="oreiasccp" type="23" sum="180"/>
<action no="7" player="setsea15" type="0" discard="1" dealt="1" sum="0"/>
</round>
</game>
<game gamecode="11536687552"><general><startdate>2025-06-27 12:42:29</startdate>
<round>1</round>
<failsafecounter/>
<players><player seat="10" name="setsea15" chips="737" dealer="0" win="0" bet="85" muck="1" rebuy="0" addon="0" merge="0" rebuychips="0" reg_code="8392847141"/>
<player seat="6" name="oreiasccp" chips="763" dealer="1" win="170" bet="85" muck="0" rebuy="0" addon="0" merge="0" rebuychips="0" reg_code="8392847061"/>
</players>
</general>
<round no="0"><action no="1" player="oreiasccp" type="15" sum="5"/>
<action no="2" player="setsea15" type="15" discard="1" dealt="1" sum="5"/>
<action no="3" player="oreiasccp" type="1" sum="20"/>
<action no="4" player="setsea15" type="2" discard="1" dealt="1" sum="40"/>
</round>
<round no="1"><cards type="Pocket" player="oreiasccp">H2 H4</cards>
<cards type="Pocket" player="setsea15">D6 S7</cards>
<action no="5" player="oreiasccp" type="3" sum="20"/>
<action no="6" player="setsea15" type="4" discard="1" dealt="1" sum="0"/>
</round>
<round no="2"><cards type="Flop">C2 C3 H10</cards>
<action no="7" player="setsea15" type="4" discard="1" dealt="1" sum="0"/>
<action no="8" player="oreiasccp" type="4" sum="0"/>
</round>
<round no="3"><cards type="Turn">DK</cards>
<action no="9" player="setsea15" type="5" discard="1" dealt="1" sum="40"/>
<action no="10" player="oreiasccp" type="3" sum="40"/>
</round>
<round no="4"><cards type="River">DA</cards>
<action no="11" player="setsea15" type="4" discard="1" dealt="1" sum="0"/>
<action no="12" player="oreiasccp" type="4" sum="0"/>
</round>
</game>
<game gamecode="11536687618"><general><startdate>2025-06-27 12:42:50</startdate>
<round>1</round>
<failsafecounter/>
<players><player seat="6" name="oreiasccp" chips="848" dealer="0" win="0" bet="185" muck="1" rebuy="0" addon="0" merge="0" rebuychips="0" reg_code="8392847061"/>
<player seat="10" name="setsea15" chips="652" dealer="1" win="370" bet="185" muck="0" rebuy="0" addon="0" merge="0" rebuychips="0" reg_code="8392847141"/>
</players>
</general>
<round no="0"><action no="1" player="setsea15" type="15" discard="1" dealt="1" sum="5"/>
<action no="2" player="oreiasccp" type="15" sum="5"/>
<action no="3" player="setsea15" type="1" discard="1" dealt="1" sum="30"/>
<action no="4" player="oreiasccp" type="2" sum="60"/>
</round>
<round no="1"><cards type="Pocket" player="oreiasccp">C2 DJ</cards>
<cards type="Pocket" player="setsea15">D6 H9</cards>
<action no="5" player="setsea15" type="3" discard="1" dealt="1" sum="30"/>
<action no="6" player="oreiasccp" type="4" sum="0"/>
</round>
<round no="2"><cards type="Flop">S9 SK D4</cards>
<action no="7" player="oreiasccp" type="4" sum="0"/>
<action no="8" player="setsea15" type="4" discard="1" dealt="1" sum="0"/>
</round>
<round no="3"><cards type="Turn">S2</cards>
<action no="9" player="oreiasccp" type="4" sum="0"/>
<action no="10" player="setsea15" type="5" discard="1" dealt="1" sum="60"/>
<action no="11" player="oreiasccp" type="3" sum="60"/>
</round>
<round no="4"><cards type="River">H5</cards>
<action no="12" player="oreiasccp" type="4" sum="0"/>
<action no="13" player="setsea15" type="5" discard="1" dealt="1" sum="60"/>
<action no="14" player="oreiasccp" type="3" sum="60"/>
</round>
</game>
<game gamecode="11536687690"><general><startdate>2025-06-27 12:43:12</startdate>
<round>1</round>
<failsafecounter/>
<players><player seat="10" name="setsea15" chips="837" dealer="0" win="0" bet="65" muck="1" rebuy="0" addon="0" merge="0" rebuychips="0" reg_code="8392847141"/>
<player seat="6" name="oreiasccp" chips="663" dealer="1" win="130" bet="125" muck="1" rebuy="0" addon="0" merge="0" rebuychips="0" reg_code="8392847061"/>
</players>
</general>
<round no="0"><action no="1" player="oreiasccp" type="15" sum="5"/>
<action no="2" player="setsea15" type="15" discard="1" dealt="1" sum="5"/>
<action no="3" player="oreiasccp" type="1" sum="30"/>
<action no="4" player="setsea15" type="2" discard="1" dealt="1" sum="60"/>
</round>
<round no="1"><cards type="Pocket" player="oreiasccp">DK S3</cards>
<cards type="Pocket" player="setsea15">X X</cards>
<action no="5" player="oreiasccp" type="3" sum="30"/>
<action no="6" player="setsea15" type="4" discard="1" dealt="1" sum="0"/>
</round>
<round no="2"><cards type="Flop">HQ H5 S10</cards>
<action no="7" player="setsea15" type="4" discard="1" dealt="1" sum="0"/>
<action no="8" player="oreiasccp" type="5" sum="60"/>
<action no="9" player="setsea15" type="0" discard="1" dealt="1" sum="0"/>
</round>
</game>
<game gamecode="11536687727"><general><startdate>2025-06-27 12:43:23</startdate>
<round>1</round>
<failsafecounter/>
<players><player seat="6" name="oreiasccp" chips="728" dealer="0" win="0" bet="65" muck="1" rebuy="0" addon="0" merge="0" rebuychips="0" reg_code="8392847061"/>
<player seat="10" name="setsea15" chips="772" dealer="1" win="130" bet="772" muck="1" rebuy="0" addon="0" merge="0" rebuychips="0" reg_code="8392847141"/>
</players>
</general>
<round no="0"><action no="1" player="setsea15" type="15" discard="1" dealt="1" sum="5"/>
<action no="2" player="oreiasccp" type="15" sum="5"/>
<action no="3" player="setsea15" type="1" discard="1" dealt="1" sum="30"/>
<action no="4" player="oreiasccp" type="2" sum="60"/>
</round>
<round no="1"><cards type="Pocket" player="setsea15">X X</cards>
<cards type="Pocket" player="oreiasccp">CJ SQ</cards>
<action no="5" player="setsea15" type="23" discard="1" dealt="1" sum="767"/>
<action no="6" player="oreiasccp" type="0" sum="0"/>
</round>
</game>
<game gamecode="11536687752"><general><startdate>2025-06-27 12:43:32</startdate>
<round>1</round>
<failsafecounter/>
<players><player seat="10" name="setsea15" chips="837" dealer="0" win="70" bet="65" muck="1" rebuy="0" addon="0" merge="0" rebuychips="0" reg_code="8392847141"/>
<player seat="6" name="oreiasccp" chips="663" dealer="1" win="0" bet="35" muck="1" rebuy="0" addon="0" merge="0" rebuychips="0" reg_code="8392847061"/>
</players>
</general>
<round no="0"><action no="1" player="oreiasccp" type="15" sum="5"/>
<action no="2" player="setsea15" type="15" discard="1" dealt="1" sum="5"/>
<action no="3" player="oreiasccp" type="1" sum="30"/>
<action no="4" player="setsea15" type="2" discard="1" dealt="1" sum="60"/>
</round>
<round no="1"><cards type="Pocket" player="oreiasccp">D8 S3</cards>
<cards type="Pocket" player="setsea15">X X</cards>
<action no="5" player="oreiasccp" type="0" sum="0"/>
</round>
</game>
<game gamecode="11536687777"><general><startdate>2025-06-27 12:43:38</startdate>
<round>1</round>
<failsafecounter/>
<players><player seat="6" name="oreiasccp" chips="628" dealer="0" win="70" bet="65" muck="1" rebuy="0" addon="0" merge="0" rebuychips="0" reg_code="8392847061"/>
<player seat="10" name="setsea15" chips="872" dealer="1" win="0" bet="35" muck="1" rebuy="0" addon="0" merge="0" rebuychips="0" reg_code="8392847141"/>
</players>
</general>
<round no="0"><action no="1" player="setsea15" type="15" discard="1" dealt="1" sum="5"/>
<action no="2" player="oreiasccp" type="15" sum="5"/>
<action no="3" player="setsea15" type="1" discard="1" dealt="1" sum="30"/>
<action no="4" player="oreiasccp" type="2" sum="60"/>
</round>
<round no="1"><cards type="Pocket" player="oreiasccp">SK S3</cards>
<cards type="Pocket" player="setsea15">X X</cards>
<action no="5" player="setsea15" type="0" discard="1" dealt="1" sum="0"/>
</round>
</game>
<game gamecode="11536687794"><general><startdate>2025-06-27 12:43:43</startdate>
<round>1</round>
<failsafecounter/>
<players><player seat="10" name="setsea15" chips="837" dealer="0" win="376" bet="188" muck="0" rebuy="0" addon="0" merge="0" rebuychips="0" reg_code="8392847141"/>
<player seat="6" name="oreiasccp" chips="663" dealer="1" win="0" bet="188" muck="1" rebuy="0" addon="0" merge="0" rebuychips="0" reg_code="8392847061"/>
</players>
</general>
<round no="0"><action no="1" player="oreiasccp" type="15" sum="5"/>
<action no="2" player="setsea15" type="15" discard="1" dealt="1" sum="5"/>
<action no="3" player="oreiasccp" type="1" sum="30"/>
<action no="4" player="setsea15" type="2" discard="1" dealt="1" sum="60"/>
</round>
<round no="1"><cards type="Pocket" player="setsea15">S10 H6</cards>
<cards type="Pocket" player="oreiasccp">SJ HJ</cards>
<action no="5" player="oreiasccp" type="3" sum="30"/>
<action no="6" player="setsea15" type="4" discard="1" dealt="1" sum="0"/>
</round>
<round no="2"><cards type="Flop">C7 H3 S5</cards>
<action no="7" player="setsea15" type="4" discard="1" dealt="1" sum="0"/>
<action no="8" player="oreiasccp" type="5" sum="60"/>
<action no="9" player="setsea15" type="3" discard="1" dealt="1" sum="60"/>
</round>
<round no="3"><cards type="Turn">C4</cards>
<action no="10" player="setsea15" type="4" discard="1" dealt="1" sum="0"/>
<action no="11" player="oreiasccp" type="5" sum="63"/>
<action no="12" player="setsea15" type="3" discard="1" dealt="1" sum="63"/>
</round>
<round no="4"><cards type="River">HQ</cards>
<action no="13" player="setsea15" type="4" discard="1" dealt="1" sum="0"/>
<action no="14" player="oreiasccp" type="4" sum="0"/>
</round>
</game>
<game gamecode="11536687886"><general><startdate>2025-06-27 12:44:13</startdate>
<round>1</round>
<failsafecounter/>
<players><player seat="6" name="oreiasccp" chips="475" dealer="0" win="130" bet="160" muck="1" rebuy="0" addon="0" merge="0" rebuychips="0" reg_code="8392847061"/>
<player seat="10" name="setsea15" chips="1,025" dealer="1" win="0" bet="65" muck="1" rebuy="0" addon="0" merge="0" rebuychips="0" reg_code="8392847141"/>
</players>
</general>
<round no="0"><action no="1" player="setsea15" type="15" discard="1" dealt="1" sum="5"/>
<action no="2" player="oreiasccp" type="15" sum="5"/>
<action no="3" player="setsea15" type="1" discard="1" dealt="1" sum="30"/>
<action no="4" player="oreiasccp" type="2" sum="60"/>
</round>
<round no="1"><cards type="Pocket" player="oreiasccp">D9 S10</cards>
<cards type="Pocket" player="setsea15">X X</cards>
<action no="5" player="setsea15" type="3" discard="1" dealt="1" sum="30"/>
<action no="6" player="oreiasccp" type="4" sum="0"/>
</round>
<round no="2"><cards type="Flop">D5 D10 H9</cards>
<action no="7" player="oreiasccp" type="4" sum="0"/>
<action no="8" player="setsea15" type="4" discard="1" dealt="1" sum="0"/>
</round>
<round no="3"><cards type="Turn">CA</cards>
<action no="9" player="oreiasccp" type="4" sum="0"/>
<action no="10" player="setsea15" type="4" discard="1" dealt="1" sum="0"/>
</round>
<round no="4"><cards type="River">S8</cards>
<action no="11" player="oreiasccp" type="5" sum="95"/>
<action no="12" player="setsea15" type="0" discard="1" dealt="1" sum="0"/>
</round>
</game>
<game gamecode="11536687947"><general><startdate>2025-06-27 12:44:34</startdate>
<round>1</round>
<failsafecounter/>
<players><player seat="10" name="setsea15" chips="960" dealer="0" win="70" bet="65" muck="1" rebuy="0" addon="0" merge="0" rebuychips="0" reg_code="8392847141"/>
<player seat="6" name="oreiasccp" chips="540" dealer="1" win="0" bet="35" muck="1" rebuy="0" addon="0" merge="0" rebuychips="0" reg_code="8392847061"/>
</players>
</general>
<round no="0"><action no="1" player="oreiasccp" type="15" sum="5"/>
<action no="2" player="setsea15" type="15" discard="1" dealt="1" sum="5"/>
<action no="3" player="oreiasccp" type="1" sum="30"/>
<action no="4" player="setsea15" type="2" discard="1" dealt="1" sum="60"/>
</round>
<round no="1"><cards type="Pocket" player="setsea15">X X</cards>
<cards type="Pocket" player="oreiasccp">D3 S4</cards>
<action no="5" player="oreiasccp" type="0" sum="0"/>
</round>
</game>
<game gamecode="11536687964"><general><startdate>2025-06-27 12:44:39</startdate>
<round>1</round>
<failsafecounter/>
<players><player seat="6" name="oreiasccp" chips="505" dealer="0" win="1,010" bet="505" muck="0" rebuy="0" addon="0" merge="0" rebuychips="0" reg_code="8392847061"/>
<player seat="10" name="setsea15" chips="995" dealer="1" win="0" bet="995" muck="1" rebuy="0" addon="0" merge="0" rebuychips="0" reg_code="8392847141"/>
</players>
</general>
<round no="0"><action no="1" player="setsea15" type="15" discard="1" dealt="1" sum="5"/>
<action no="2" player="oreiasccp" type="15" sum="5"/>
<action no="3" player="setsea15" type="1" discard="1" dealt="1" sum="30"/>
<action no="4" player="oreiasccp" type="2" sum="60"/>
</round>
<round no="1"><cards type="Pocket" player="oreiasccp">DJ C3</cards>
<cards type="Pocket" player="setsea15">D7 C8</cards>
<action no="5" player="setsea15" type="3" discard="1" dealt="1" sum="30"/>
<action no="6" player="oreiasccp" type="4" sum="0"/>
</round>
<round no="2"><cards type="Flop">C9 CA CK</cards>
<action no="7" player="oreiasccp" type="4" sum="0"/>
<action no="8" player="setsea15" type="5" discard="1" dealt="1" sum="60"/>
<action no="9" player="oreiasccp" type="3" sum="60"/>
</round>
<round no="3"><cards type="Turn">HJ</cards>
<action no="10" player="oreiasccp" type="4" sum="0"/>
<action no="11" player="setsea15" type="5" discard="1" dealt="1" sum="870"/>
<action no="12" player="oreiasccp" type="7" sum="380"/>
</round>
<round no="4"><cards type="River">HK</cards>
</round>
</game>
<game gamecode="11536688041"><general><startdate>2025-06-27 12:45:04</startdate>
<round>1</round>
<failsafecounter/>
<players><player seat="10" name="setsea15" chips="490" dealer="0" win="96" bet="88" muck="1" rebuy="0" addon="0" merge="0" rebuychips="0" reg_code="8392847141"/>
<player seat="6" name="oreiasccp" chips="1,010" dealer="1" win="0" bet="48" muck="1" rebuy="0" addon="0" merge="0" rebuychips="0" reg_code="8392847061"/>
</players>
</general>
<round no="0"><action no="1" player="oreiasccp" type="15" sum="8"/>
<action no="2" player="setsea15" type="15" discard="1" dealt="1" sum="8"/>
<action no="3" player="oreiasccp" type="1" sum="40"/>
<action no="4" player="setsea15" type="2" discard="1" dealt="1" sum="80"/>
</round>
<round no="1"><cards type="Pocket" player="oreiasccp">H6 D3</cards>
<cards type="Pocket" player="setsea15">X X</cards>
<action no="5" player="oreiasccp" type="0" sum="0"/>
</round>
</game>
<game gamecode="11536688062"><general><startdate>2025-06-27 12:45:10</startdate>
<round>1</round>
<failsafecounter/>
<players><player seat="6" name="oreiasccp" chips="962" dealer="0" win="0" bet="538" muck="1" rebuy="0" addon="0" merge="0" rebuychips="0" reg_code="8392847061"/>
<player seat="10" name="setsea15" chips="538" dealer="1" win="1,076" bet="538" muck="0" rebuy="0" addon="0" merge="0" rebuychips="0" reg_code="8392847141"/>
</players>
</general>
<round no="0"><action no="1" player="setsea15" type="15" discard="1" dealt="1" sum="8"/>
<action no="2" player="oreiasccp" type="15" sum="8"/>
<action no="3" player="setsea15" type="1" discard="1" dealt="1" sum="40"/>
<action no="4" player="oreiasccp" type="2" sum="80"/>
</round>
<round no="1"><cards type="Pocket" player="oreiasccp">DJ CQ</cards>
<cards type="Pocket" player="setsea15">S9 HQ</cards>
<action no="5" player="setsea15" type="23" discard="1" dealt="1" sum="530"/>
<action no="6" player="oreiasccp" type="3" sum="450"/>
</round>
<round no="2"><cards type="Flop">C5 H6 C9</cards>
</round>
<round no="3"><cards type="Turn">SA</cards>
</round>
<round no="4"><cards type="River">S2</cards>
</round>
</game>
<game gamecode="11536688119"><general><startdate>2025-06-27 12:45:26</startdate>
<round>1</round>
<failsafecounter/>
<players><player seat="10" name="setsea15" chips="1,076" dealer="0" win="0" bet="88" muck="1" rebuy="0" addon="0" merge="0" rebuychips="0" reg_code="8392847141"/>
<player seat="6" name="oreiasccp" chips="424" dealer="1" win="176" bet="424" muck="1" rebuy="0" addon="0" merge="0" rebuychips="0" reg_code="8392847061"/>
</players>
</general>
<round no="0"><action no="1" player="oreiasccp" type="15" sum="8"/>
<action no="2" player="setsea15" type="15" discard="1" dealt="1" sum="8"/>
<action no="3" player="oreiasccp" type="1" sum="40"/>
<action no="4" player="setsea15" type="2" discard="1" dealt="1" sum="80"/>
</round>
<round no="1"><cards type="Pocket" player="oreiasccp">DK C2</cards>
<cards type="Pocket" player="setsea15">X X</cards>
<action no="5" player="oreiasccp" type="23" sum="416"/>
<action no="6" player="setsea15" type="0" discard="1" dealt="1" sum="0"/>
</round>
</game>
<game gamecode="11536688160"><general><startdate>2025-06-27 12:45:40</startdate>
<round>1</round>
<failsafecounter/>
<players><player seat="6" name="oreiasccp" chips="512" dealer="0" win="0" bet="88" muck="1" rebuy="0" addon="0" merge="0" rebuychips="0" reg_code="8392847061"/>
<player seat="10" name="setsea15" chips="988" dealer="1" win="176" bet="88" muck="0" rebuy="0" addon="0" merge="0" rebuychips="0" reg_code="8392847141"/>
</players>
</general>
<round no="0"><action no="1" player="setsea15" type="15" discard="1" dealt="1" sum="8"/>
<action no="2" player="oreiasccp" type="15" sum="8"/>
<action no="3" player="setsea15" type="1" discard="1" dealt="1" sum="40"/>
<action no="4" player="oreiasccp" type="2" sum="80"/>
</round>
<round no="1"><cards type="Pocket" player="oreiasccp">S7 D5</cards>
<cards type="Pocket" player="setsea15">D10 S8</cards>
<action no="5" player="setsea15" type="3" discard="1" dealt="1" sum="40"/>
<action no="6" player="oreiasccp" type="4" sum="0"/>
</round>
<round no="2"><cards type="Flop">HA H2 HK</cards>
<action no="7" player="oreiasccp" type="4" sum="0"/>
<action no="8" player="setsea15" type="4" discard="1" dealt="1" sum="0"/>
</round>
<round no="3"><cards type="Turn">C6</cards>
<action no="9" player="oreiasccp" type="4" sum="0"/>
<action no="10" player="setsea15" type="4" discard="1" dealt="1" sum="0"/>
</round>
<round no="4"><cards type="River">S6</cards>
<action no="11" player="oreiasccp" type="4" sum="0"/>
<action no="12" player="setsea15" type="4" discard="1" dealt="1" sum="0"/>
</round>
</game>
<game gamecode="11536688244"><general><startdate>2025-06-27 12:46:11</startdate>
<round>1</round>
<failsafecounter/>
<players><player seat="10" name="setsea15" chips="1,076" dealer="0" win="0" bet="424" muck="1" rebuy="0" addon="0" merge="0" rebuychips="0" reg_code="8392847141"/>
<player seat="6" name="oreiasccp" chips="424" dealer="1" win="848" bet="424" muck="0" rebuy="0" addon="0" merge="0" rebuychips="0" reg_code="8392847061"/>
</players>
</general>
<round no="0"><action no="1" player="oreiasccp" type="15" sum="8"/>
<action no="2" player="setsea15" type="15" discard="1" dealt="1" sum="8"/>
<action no="3" player="oreiasccp" type="1" sum="40"/>
<action no="4" player="setsea15" type="2" discard="1" dealt="1" sum="80"/>
</round>
<round no="1"><cards type="Pocket" player="setsea15">H5 HQ</cards>
<cards type="Pocket" player="oreiasccp">SA S9</cards>
<action no="5" player="oreiasccp" type="23" sum="416"/>
<action no="6" player="setsea15" type="3" discard="1" dealt="1" sum="336"/>
</round>
<round no="2"><cards type="Flop">C4 DA D3</cards>
</round>
<round no="3"><cards type="Turn">H6</cards>
</round>
<round no="4"><cards type="River">S5</cards>
</round>
</game>
<game gamecode="11536688304"><general><startdate>2025-06-27 12:46:27</startdate>
<round>1</round>
<failsafecounter/>
<players><player seat="6" name="oreiasccp" chips="848" dealer="0" win="0" bet="652" muck="1" rebuy="0" addon="0" merge="0" rebuychips="0" reg_code="8392847061"/>
<player seat="10" name="setsea15" chips="652" dealer="1" win="1,304" bet="652" muck="0" rebuy="0" addon="0" merge="0" rebuychips="0" reg_code="8392847141"/>
</players>
</general>
<round no="0"><action no="1" player="setsea15" type="15" discard="1" dealt="1" sum="8"/>
<action no="2" player="oreiasccp" type="15" sum="8"/>
<action no="3" player="setsea15" type="1" discard="1" dealt="1" sum="40"/>
<action no="4" player="oreiasccp" type="2" sum="80"/>
</round>
<round no="1"><cards type="Pocket" player="setsea15">SK D4</cards>
<cards type="Pocket" player="oreiasccp">CQ HA</cards>
<action no="5" player="setsea15" type="23" discard="1" dealt="1" sum="644"/>
<action no="6" player="oreiasccp" type="3" sum="564"/>
</round>
<round no="2"><cards type="Flop">C3 CK D2</cards>
</round>
<round no="3"><cards type="Turn">S8</cards>
</round>
<round no="4"><cards type="River">D10</cards>
</round>
</game>
<game gamecode="11536688364"><general><startdate>2025-06-27 12:46:46</startdate>
<round>1</round>
<failsafecounter/>
<players><player seat="10" name="setsea15" chips="1,304" dealer="0" win="0" bet="196" muck="1" rebuy="0" addon="0" merge="0" rebuychips="0" reg_code="8392847141"/>
<player seat="6" name="oreiasccp" chips="196" dealer="1" win="392" bet="196" muck="0" rebuy="0" addon="0" merge="0" rebuychips="0" reg_code="8392847061"/>
</players>
</general>
<round no="0"><action no="1" player="oreiasccp" type="15" sum="10"/>
<action no="2" player="setsea15" type="15" discard="1" dealt="1" sum="10"/>
<action no="3" player="oreiasccp" type="1" sum="50"/>
<action no="4" player="setsea15" type="2" discard="1" dealt="1" sum="100"/>
</round>
<round no="1"><cards type="Pocket" player="oreiasccp">D3 HQ</cards>
<cards type="Pocket" player="setsea15">SJ C4</cards>
<action no="5" player="oreiasccp" type="7" sum="136"/>
<action no="6" player="setsea15" type="3" discard="1" dealt="1" sum="86"/>
</round>
<round no="2"><cards type="Flop">C2 DK C9</cards>
</round>
<round no="3"><cards type="Turn">S3</cards>
</round>
<round no="4"><cards type="River">CQ</cards>
</round>
</game>
<game gamecode="11536688421"><general><startdate>2025-06-27 12:47:02</startdate>
<round>1</round>
<failsafecounter/>
<players><player seat="6" name="oreiasccp" chips="392" dealer="0" win="0" bet="392" muck="0" rebuy="0" addon="0" merge="0" rebuychips="0" reg_code="8392847061"/>
<player seat="10" name="setsea15" chips="1,108" dealer="1" win="784" bet="1,108" muck="0" rebuy="0" addon="0" merge="0" rebuychips="0" reg_code="8392847141"/>
</players>
</general>
<round no="0"><action no="1" player="setsea15" type="15" discard="1" dealt="1" sum="10"/>
<action no="2" player="oreiasccp" type="15" sum="10"/>
<action no="3" player="setsea15" type="1" discard="1" dealt="1" sum="50"/>
<action no="4" player="oreiasccp" type="2" sum="100"/>
</round>
<round no="1"><cards type="Pocket" player="oreiasccp">DQ DK</cards>
<cards type="Pocket" player="setsea15">S5 DA</cards>
<action no="5" player="setsea15" type="23" discard="1" dealt="1" sum="1,098"/>
<action no="6" player="oreiasccp" type="7" sum="282"/>
</round>
<round no="2"><cards type="Flop">SA H3 S7</cards>
</round>
<round no="3"><cards type="Turn">C9</cards>
</round>
<round no="4"><cards type="River">S9</cards>
</round>
</game>
</session>
