<?xml version="1.0" encoding="UTF-8"?>
<session sessioncode="8392859397">
<general>
<client_version>25.1.1.13</client_version>
<mode>real</mode>
<gametype>Holdem NL</gametype>
<tablename>Twister €5 SNG, 1128655803</tablename>
<tournamentcode>1128655802</tournamentcode>
<tournamentname>Twister €5 SNG</tournamentname>
<buyin>€0 + €0.35 + €4.65</buyin>
<totalbuyin>€5</totalbuyin>
<rewarddrawn>€25</rewarddrawn>
<tournamentcurrency>EUR</tournamentcurrency>
<currency>EUR</currency>
<nickname>oreiasccp</nickname>
<gamecount>32</gamecount>
<startdate>2025-06-27 13:07:29</startdate>
<place>2</place>
<win>€0</win>
<tablesize>3</tablesize>
</general>
<game gamecode="11536710432"><general><startdate>2025-06-27 13:07:45</startdate>
<round>1</round>
<failsafecounter/>
<players><player seat="3" name="Methodicalcruel6" chips="500" dealer="0" win="0" bet="20" muck="1" rebuy="0" addon="0" merge="0" rebuychips="0" reg_code="8392859215"/>
<player seat="6" name="moonfast896" chips="500" dealer="1" win="0" bet="0" muck="1" rebuy="0" addon="0" merge="0" rebuychips="0" reg_code="8392859216"/>
<player seat="10" name="oreiasccp" chips="500" dealer="0" win="40" bet="40" muck="1" rebuy="0" addon="0" merge="0" rebuychips="0" reg_code="8392859397"/>
</players>
</general>
<round no="0"><action no="1" player="oreiasccp" type="1" sum="10"/>
<action no="2" player="Methodicalcruel6" type="2" discard="1" dealt="1" sum="20"/>
</round>
<round no="1"><cards type="Pocket" player="moonfast896">X X</cards>
<cards type="Pocket" player="oreiasccp">H8 H7</cards>
<cards type="Pocket" player="Methodicalcruel6">X X</cards>
<action no="3" player="moonfast896" type="0" discard="1" dealt="1" sum="0"/>
<action no="4" player="oreiasccp" type="23" sum="40"/>
<action no="5" player="Methodicalcruel6" type="0" discard="1" dealt="1" sum="0"/>
</round>
</game>
<game gamecode="11536710473"><general><startdate>2025-06-27 13:07:56</startdate>
<round>1</round>
<failsafecounter/>
<players><player seat="6" name="moonfast896" chips="500" dealer="0" win="20" bet="20" muck="1" rebuy="0" addon="0" merge="0" rebuychips="0" reg_code="8392859216"/>
<player seat="10" name="oreiasccp" chips="520" dealer="1" win="0" bet="0" muck="1" rebuy="0" addon="0" merge="0" rebuychips="0" reg_code="8392859397"/>
<player seat="3" name="Methodicalcruel6" chips="480" dealer="0" win="0" bet="10" muck="1" rebuy="0" addon="0" merge="0" rebuychips="0" reg_code="8392859215"/>
</players>
</general>
<round no="0"><action no="1" player="Methodicalcruel6" type="1" discard="1" dealt="1" sum="10"/>
<action no="2" player="moonfast896" type="2" discard="1" dealt="1" sum="20"/>
</round>
<round no="1"><cards type="Pocket" player="Methodicalcruel6">X X</cards>
<cards type="Pocket" player="oreiasccp">S2 H4</cards>
<cards type="Pocket" player="moonfast896">X X</cards>
<action no="3" player="oreiasccp" type="0" sum="0"/>
<action no="4" player="Methodicalcruel6" type="0" discard="1" dealt="1" sum="0"/>
</round>
</game>
<game gamecode="11536710491"><general><startdate>2025-06-27 13:08:03</startdate>
<round>1</round>
<failsafecounter/>
<players><player seat="10" name="oreiasccp" chips="520" dealer="0" win="20" bet="20" muck="1" rebuy="0" addon="0" merge="0" rebuychips="0" reg_code="8392859397"/>
<player seat="3" name="Methodicalcruel6" chips="470" dealer="1" win="0" bet="0" muck="1" rebuy="0" addon="0" merge="0" rebuychips="0" reg_code="8392859215"/>
<player seat="6" name="moonfast896" chips="510" dealer="0" win="0" bet="10" muck="1" rebuy="0" addon="0" merge="0" rebuychips="0" reg_code="8392859216"/>
</players>
</general>
<round no="0"><action no="1" player="moonfast896" type="1" discard="1" dealt="1" sum="10"/>
<action no="2" player="oreiasccp" type="2" sum="20"/>
</round>
<round no="1"><cards type="Pocket" player="Methodicalcruel6">X X</cards>
<cards type="Pocket" player="moonfast896">X X</cards>
<cards type="Pocket" player="oreiasccp">S3 D9</cards>
<action no="3" player="Methodicalcruel6" type="0" discard="1" dealt="1" sum="0"/>
<action no="4" player="moonfast896" type="0" discard="1" dealt="1" sum="0"/>
</round>
</game>
<game gamecode="11536710515"><general><startdate>2025-06-27 13:08:12</startdate>
<round>1</round>
<failsafecounter/>
<players><player seat="3" name="Methodicalcruel6" chips="470" dealer="0" win="20" bet="20" muck="1" rebuy="0" addon="0" merge="0" rebuychips="0" reg_code="8392859215"/>
<player seat="6" name="moonfast896" chips="500" dealer="1" win="0" bet="0" muck="1" rebuy="0" addon="0" merge="0" rebuychips="0" reg_code="8392859216"/>
<player seat="10" name="oreiasccp" chips="530" dealer="0" win="0" bet="10" muck="1" rebuy="0" addon="0" merge="0" rebuychips="0" reg_code="8392859397"/>
</players>
</general>
<round no="0"><action no="1" player="oreiasccp" type="1" sum="10"/>
<action no="2" player="Methodicalcruel6" type="2" discard="1" dealt="1" sum="20"/>
</round>
<round no="1"><cards type="Pocket" player="moonfast896">X X</cards>
<cards type="Pocket" player="Methodicalcruel6">X X</cards>
<cards type="Pocket" player="oreiasccp">H2 S10</cards>
<action no="3" player="moonfast896" type="0" discard="1" dealt="1" sum="0"/>
<action no="4" player="oreiasccp" type="0" sum="0"/>
</round>
</game>
<game gamecode="11536710545"><general><startdate>2025-06-27 13:08:19</startdate>
<round>1</round>
<failsafecounter/>
<players><player seat="6" name="moonfast896" chips="500" dealer="0" win="480" bet="240" muck="0" rebuy="0" addon="0" merge="0" rebuychips="0" reg_code="8392859216"/>
<player seat="10" name="oreiasccp" chips="520" dealer="1" win="0" bet="0" muck="1" rebuy="0" addon="0" merge="0" rebuychips="0" reg_code="8392859397"/>
<player seat="3" name="Methodicalcruel6" chips="480" dealer="0" win="0" bet="240" muck="1" rebuy="0" addon="0" merge="0" rebuychips="0" reg_code="8392859215"/>
</players>
</general>
<round no="0"><action no="1" player="Methodicalcruel6" type="1" discard="1" dealt="1" sum="10"/>
<action no="2" player="moonfast896" type="2" discard="1" dealt="1" sum="20"/>
</round>
<round no="1"><cards type="Pocket" player="oreiasccp">H3 H4</cards>
<cards type="Pocket" player="Methodicalcruel6">CJ CA</cards>
<cards type="Pocket" player="moonfast896">S9 HK</cards>
<action no="3" player="oreiasccp" type="0" sum="0"/>
<action no="4" player="Methodicalcruel6" type="23" discard="1" dealt="1" sum="40"/>
<action no="5" player="moonfast896" type="3" discard="1" dealt="1" sum="20"/>
</round>
<round no="2"><cards type="Flop">C7 H8 SJ</cards>
<action no="6" player="Methodicalcruel6" type="4" discard="1" dealt="1" sum="0"/>
<action no="7" player="moonfast896" type="5" discard="1" dealt="1" sum="20"/>
<action no="8" player="Methodicalcruel6" type="3" discard="1" dealt="1" sum="20"/>
</round>
<round no="3"><cards type="Turn">H10</cards>
<action no="9" player="Methodicalcruel6" type="4" discard="1" dealt="1" sum="0"/>
<action no="10" player="moonfast896" type="5" discard="1" dealt="1" sum="60"/>
<action no="11" player="Methodicalcruel6" type="3" discard="1" dealt="1" sum="60"/>
</round>
<round no="4"><cards type="River">D10</cards>
<action no="12" player="Methodicalcruel6" type="4" discard="1" dealt="1" sum="0"/>
<action no="13" player="moonfast896" type="5" discard="1" dealt="1" sum="120"/>
<action no="14" player="Methodicalcruel6" type="3" discard="1" dealt="1" sum="120"/>
</round>
</game>
<game gamecode="11536710625"><general><startdate>2025-06-27 13:08:41</startdate>
<round>1</round>
<failsafecounter/>
<players><player seat="10" name="oreiasccp" chips="520" dealer="0" win="0" bet="20" muck="1" rebuy="0" addon="0" merge="0" rebuychips="0" reg_code="8392859397"/>
<player seat="3" name="Methodicalcruel6" chips="240" dealer="1" win="50" bet="240" muck="1" rebuy="0" addon="0" merge="0" rebuychips="0" reg_code="8392859215"/>
<player seat="6" name="moonfast896" chips="740" dealer="0" win="0" bet="10" muck="1" rebuy="0" addon="0" merge="0" rebuychips="0" reg_code="8392859216"/>
</players>
</general>
<round no="0"><action no="1" player="moonfast896" type="1" discard="1" dealt="1" sum="10"/>
<action no="2" player="oreiasccp" type="2" sum="20"/>
</round>
<round no="1"><cards type="Pocket" player="oreiasccp">HQ C3</cards>
<cards type="Pocket" player="moonfast896">X X</cards>
<cards type="Pocket" player="Methodicalcruel6">X X</cards>
<action no="3" player="Methodicalcruel6" type="23" discard="1" dealt="1" sum="240"/>
<action no="4" player="moonfast896" type="0" discard="1" dealt="1" sum="0"/>
<action no="5" player="oreiasccp" type="0" sum="0"/>
</round>
</game>
<game gamecode="11536710656"><general><startdate>2025-06-27 13:08:52</startdate>
<round>1</round>
<failsafecounter/>
<players><player seat="3" name="Methodicalcruel6" chips="270" dealer="0" win="0" bet="20" muck="1" rebuy="0" addon="0" merge="0" rebuychips="0" reg_code="8392859215"/>
<player seat="6" name="moonfast896" chips="730" dealer="1" win="0" bet="0" muck="1" rebuy="0" addon="0" merge="0" rebuychips="0" reg_code="8392859216"/>
<player seat="10" name="oreiasccp" chips="500" dealer="0" win="40" bet="44" muck="1" rebuy="0" addon="0" merge="0" rebuychips="0" reg_code="8392859397"/>
</players>
</general>
<round no="0"><action no="1" player="oreiasccp" type="1" sum="10"/>
<action no="2" player="Methodicalcruel6" type="2" discard="1" dealt="1" sum="20"/>
</round>
<round no="1"><cards type="Pocket" player="Methodicalcruel6">X X</cards>
<cards type="Pocket" player="moonfast896">X X</cards>
<cards type="Pocket" player="oreiasccp">SA SQ</cards>
<action no="3" player="moonfast896" type="0" discard="1" dealt="1" sum="0"/>
<action no="4" player="oreiasccp" type="23" sum="44"/>
<action no="5" player="Methodicalcruel6" type="0" discard="1" dealt="1" sum="0"/>
</round>
</game>
<game gamecode="11536710701"><general><startdate>2025-06-27 13:09:04</startdate>
<round>1</round>
<failsafecounter/>
<players><player seat="6" name="moonfast896" chips="730" dealer="0" win="20" bet="20" muck="1" rebuy="0" addon="0" merge="0" rebuychips="0" reg_code="8392859216"/>
<player seat="10" name="oreiasccp" chips="520" dealer="1" win="0" bet="0" muck="1" rebuy="0" addon="0" merge="0" rebuychips="0" reg_code="8392859397"/>
<player seat="3" name="Methodicalcruel6" chips="250" dealer="0" win="0" bet="10" muck="1" rebuy="0" addon="0" merge="0" rebuychips="0" reg_code="8392859215"/>
</players>
</general>
<round no="0"><action no="1" player="Methodicalcruel6" type="1" discard="1" dealt="1" sum="10"/>
<action no="2" player="moonfast896" type="2" discard="1" dealt="1" sum="20"/>
</round>
<round no="1"><cards type="Pocket" player="moonfast896">X X</cards>
<cards type="Pocket" player="oreiasccp">H9 H5</cards>
<cards type="Pocket" player="Methodicalcruel6">X X</cards>
<action no="3" player="oreiasccp" type="0" sum="0"/>
<action no="4" player="Methodicalcruel6" type="0" discard="1" dealt="1" sum="0"/>
</round>
</game>
<game gamecode="11536710733"><general><startdate>2025-06-27 13:09:14</startdate>
<round>1</round>
<failsafecounter/>
<players><player seat="10" name="oreiasccp" chips="520" dealer="0" win="20" bet="20" muck="1" rebuy="0" addon="0" merge="0" rebuychips="0" reg_code="8392859397"/>
<player seat="3" name="Methodicalcruel6" chips="240" dealer="1" win="0" bet="0" muck="1" rebuy="0" addon="0" merge="0" rebuychips="0" reg_code="8392859215"/>
<player seat="6" name="moonfast896" chips="740" dealer="0" win="0" bet="10" muck="1" rebuy="0" addon="0" merge="0" rebuychips="0" reg_code="8392859216"/>
</players>
</general>
<round no="0"><action no="1" player="moonfast896" type="1" discard="1" dealt="1" sum="10"/>
<action no="2" player="oreiasccp" type="2" sum="20"/>
</round>
<round no="1"><cards type="Pocket" player="moonfast896">X X</cards>
<cards type="Pocket" player="Methodicalcruel6">X X</cards>
<cards type="Pocket" player="oreiasccp">D2 C2</cards>
<action no="3" player="Methodicalcruel6" type="0" discard="1" dealt="1" sum="0"/>
<action no="4" player="moonfast896" type="0" discard="1" dealt="1" sum="0"/>
</round>
</game>
<game gamecode="11536710778"><general><startdate>2025-06-27 13:09:27</startdate>
<round>1</round>
<failsafecounter/>
<players><player seat="3" name="Methodicalcruel6" chips="240" dealer="0" win="0" bet="240" muck="0" rebuy="0" addon="0" merge="0" rebuychips="0" reg_code="8392859215"/>
<player seat="6" name="moonfast896" chips="730" dealer="1" win="490" bet="240" muck="0" rebuy="0" addon="0" merge="0" rebuychips="0" reg_code="8392859216"/>
<player seat="10" name="oreiasccp" chips="530" dealer="0" win="0" bet="10" muck="1" rebuy="0" addon="0" merge="0" rebuychips="0" reg_code="8392859397"/>
</players>
</general>
<round no="0"><action no="1" player="oreiasccp" type="1" sum="10"/>
<action no="2" player="Methodicalcruel6" type="2" discard="1" dealt="1" sum="20"/>
</round>
<round no="1"><cards type="Pocket" player="Methodicalcruel6">H5 SA</cards>
<cards type="Pocket" player="moonfast896">H7 D7</cards>
<cards type="Pocket" player="oreiasccp">D2 HA</cards>
<action no="3" player="moonfast896" type="23" discard="1" dealt="1" sum="40"/>
<action no="4" player="oreiasccp" type="0" sum="0"/>
<action no="5" player="Methodicalcruel6" type="3" discard="1" dealt="1" sum="20"/>
</round>
<round no="2"><cards type="Flop">H2 HQ DQ</cards>
<action no="6" player="Methodicalcruel6" type="4" discard="1" dealt="1" sum="0"/>
<action no="7" player="moonfast896" type="5" discard="1" dealt="1" sum="45"/>
<action no="8" player="Methodicalcruel6" type="3" discard="1" dealt="1" sum="45"/>
</round>
<round no="3"><cards type="Turn">H6</cards>
<action no="9" player="Methodicalcruel6" type="4" discard="1" dealt="1" sum="0"/>
<action no="10" player="moonfast896" type="5" discard="1" dealt="1" sum="90"/>
<action no="11" player="Methodicalcruel6" type="3" discard="1" dealt="1" sum="90"/>
</round>
<round no="4"><cards type="River">D3</cards>
<action no="12" player="Methodicalcruel6" type="5" discard="1" dealt="1" sum="65"/>
<action no="13" player="moonfast896" type="3" discard="1" dealt="1" sum="65"/>
</round>
</game>
<game gamecode="11536710859"><general><startdate>2025-06-27 13:09:53</startdate>
<round>1</round>
<failsafecounter/>
<players><player seat="6" name="moonfast896" chips="980" dealer="0" win="260" bet="190" muck="1" rebuy="0" addon="0" merge="0" rebuychips="0" reg_code="8392859216"/>
<player seat="10" name="oreiasccp" chips="520" dealer="1" win="0" bet="130" muck="1" rebuy="0" addon="0" merge="0" rebuychips="0" reg_code="8392859397"/>
</players>
</general>
<round no="0"><action no="1" player="oreiasccp" type="15" sum="5"/>
<action no="2" player="moonfast896" type="15" discard="1" dealt="1" sum="5"/>
<action no="3" player="oreiasccp" type="1" sum="15"/>
<action no="4" player="moonfast896" type="2" discard="1" dealt="1" sum="30"/>
</round>
<round no="1"><cards type="Pocket" player="moonfast896">X X</cards>
<cards type="Pocket" player="oreiasccp">H8 DQ</cards>
<action no="5" player="oreiasccp" type="23" sum="60"/>
<action no="6" player="moonfast896" type="3" discard="1" dealt="1" sum="30"/>
</round>
<round no="2"><cards type="Flop">C8 H5 S10</cards>
<action no="7" player="moonfast896" type="5" discard="1" dealt="1" sum="65"/>
<action no="8" player="oreiasccp" type="3" sum="65"/>
</round>
<round no="3"><cards type="Turn">D4</cards>
<action no="9" player="moonfast896" type="5" discard="1" dealt="1" sum="60"/>
<action no="10" player="oreiasccp" type="0" sum="0"/>
</round>
</game>
<game gamecode="11536710944"><general><startdate>2025-06-27 13:10:17</startdate>
<round>1</round>
<failsafecounter/>
<players><player seat="10" name="oreiasccp" chips="390" dealer="0" win="780" bet="390" muck="0" rebuy="0" addon="0" merge="0" rebuychips="0" reg_code="8392859397"/>
<player seat="6" name="moonfast896" chips="1,110" dealer="1" win="0" bet="390" muck="1" rebuy="0" addon="0" merge="0" rebuychips="0" reg_code="8392859216"/>
</players>
</general>
<round no="0"><action no="1" player="moonfast896" type="15" discard="1" dealt="1" sum="5"/>
<action no="2" player="oreiasccp" type="15" sum="5"/>
<action no="3" player="moonfast896" type="1" discard="1" dealt="1" sum="15"/>
<action no="4" player="oreiasccp" type="2" sum="30"/>
</round>
<round no="1"><cards type="Pocket" player="oreiasccp">DA S7</cards>
<cards type="Pocket" player="moonfast896">SK H10</cards>
<action no="5" player="moonfast896" type="23" discard="1" dealt="1" sum="60"/>
<action no="6" player="oreiasccp" type="23" sum="385"/>
<action no="7" player="moonfast896" type="3" discard="1" dealt="1" sum="325"/>
</round>
<round no="2"><cards type="Flop">C6 CJ D5</cards>
</round>
<round no="3"><cards type="Turn">C3</cards>
</round>
<round no="4"><cards type="River">HQ</cards>
</round>
</game>
<game gamecode="11536711002"><general><startdate>2025-06-27 13:10:35</startdate>
<round>1</round>
<failsafecounter/>
<players><player seat="6" name="moonfast896" chips="720" dealer="0" win="0" bet="35" muck="1" rebuy="0" addon="0" merge="0" rebuychips="0" reg_code="8392859216"/>
<player seat="10" name="oreiasccp" chips="780" dealer="1" win="70" bet="65" muck="1" rebuy="0" addon="0" merge="0" rebuychips="0" reg_code="8392859397"/>
</players>
</general>
<round no="0"><action no="1" player="oreiasccp" type="15" sum="5"/>
<action no="2" player="moonfast896" type="15" discard="1" dealt="1" sum="5"/>
<action no="3" player="oreiasccp" type="1" sum="15"/>
<action no="4" player="moonfast896" type="2" discard="1" dealt="1" sum="30"/>
</round>
<round no="1"><cards type="Pocket" player="oreiasccp">C10 C7</cards>
<cards type="Pocket" player="moonfast896">X X</cards>
<action no="5" player="oreiasccp" type="3" sum="15"/>
<action no="6" player="moonfast896" type="4" discard="1" dealt="1" sum="0"/>
</round>
<round no="2"><cards type="Flop">DK SK D4</cards>
<action no="7" player="moonfast896" type="4" discard="1" dealt="1" sum="0"/>
<action no="8" player="oreiasccp" type="5" sum="30"/>
<action no="9" player="moonfast896" type="0" discard="1" dealt="1" sum="0"/>
</round>
</game>
<game gamecode="11536711047"><general><startdate>2025-06-27 13:10:48</startdate>
<round>1</round>
<failsafecounter/>
<players><player seat="10" name="oreiasccp" chips="815" dealer="0" win="40" bet="35" muck="1" rebuy="0" addon="0" merge="0" rebuychips="0" reg_code="8392859397"/>
<player seat="6" name="moonfast896" chips="685" dealer="1" win="0" bet="20" muck="1" rebuy="0" addon="0" merge="0" rebuychips="0" reg_code="8392859216"/>
</players>
</general>
<round no="0"><action no="1" player="moonfast896" type="15" discard="1" dealt="1" sum="5"/>
<action no="2" player="oreiasccp" type="15" sum="5"/>
<action no="3" player="moonfast896" type="1" discard="1" dealt="1" sum="15"/>
<action no="4" player="oreiasccp" type="2" sum="30"/>
</round>
<round no="1"><cards type="Pocket" player="oreiasccp">S10 S9</cards>
<cards type="Pocket" player="moonfast896">X X</cards>
<action no="5" player="moonfast896" type="0" discard="1" dealt="1" sum="0"/>
</round>
</game>
<game gamecode="11536711073"><general><startdate>2025-06-27 13:10:55</startdate>
<round>1</round>
<failsafecounter/>
<players><player seat="6" name="moonfast896" chips="665" dealer="0" win="0" bet="35" muck="1" rebuy="0" addon="0" merge="0" rebuychips="0" reg_code="8392859216"/>
<player seat="10" name="oreiasccp" chips="835" dealer="1" win="70" bet="65" muck="1" rebuy="0" addon="0" merge="0" rebuychips="0" reg_code="8392859397"/>
</players>
</general>
<round no="0"><action no="1" player="oreiasccp" type="15" sum="5"/>
<action no="2" player="moonfast896" type="15" discard="1" dealt="1" sum="5"/>
<action no="3" player="oreiasccp" type="1" sum="15"/>
<action no="4" player="moonfast896" type="2" discard="1" dealt="1" sum="30"/>
</round>
<round no="1"><cards type="Pocket" player="moonfast896">X X</cards>
<cards type="Pocket" player="oreiasccp">S6 CJ</cards>
<action no="5" player="oreiasccp" type="23" sum="60"/>
<action no="6" player="moonfast896" type="0" discard="1" dealt="1" sum="0"/>
</round>
</game>
<game gamecode="11536711109"><general><startdate>2025-06-27 13:11:05</startdate>
<round>1</round>
<failsafecounter/>
<players><player seat="10" name="oreiasccp" chips="870" dealer="0" win="40" bet="35" muck="1" rebuy="0" addon="0" merge="0" rebuychips="0" reg_code="8392859397"/>
<player seat="6" name="moonfast896" chips="630" dealer="1" win="0" bet="20" muck="1" rebuy="0" addon="0" merge="0" rebuychips="0" reg_code="8392859216"/>
</players>
</general>
<round no="0"><action no="1" player="moonfast896" type="15" discard="1" dealt="1" sum="5"/>
<action no="2" player="oreiasccp" type="15" sum="5"/>
<action no="3" player="moonfast896" type="1" discard="1" dealt="1" sum="15"/>
<action no="4" player="oreiasccp" type="2" sum="30"/>
</round>
<round no="1"><cards type="Pocket" player="moonfast896">X X</cards>
<cards type="Pocket" player="oreiasccp">C4 S3</cards>
<action no="5" player="moonfast896" type="0" discard="1" dealt="1" sum="0"/>
</round>
</game>
<game gamecode="11536711129"><general><startdate>2025-06-27 13:11:11</startdate>
<round>1</round>
<failsafecounter/>
<players><player seat="6" name="moonfast896" chips="610" dealer="0" win="70" bet="65" muck="1" rebuy="0" addon="0" merge="0" rebuychips="0" reg_code="8392859216"/>
<player seat="10" name="oreiasccp" chips="890" dealer="1" win="0" bet="35" muck="1" rebuy="0" addon="0" merge="0" rebuychips="0" reg_code="8392859397"/>
</players>
</general>
<round no="0"><action no="1" player="oreiasccp" type="15" sum="5"/>
<action no="2" player="moonfast896" type="15" discard="1" dealt="1" sum="5"/>
<action no="3" player="oreiasccp" type="1" sum="15"/>
<action no="4" player="moonfast896" type="2" discard="1" dealt="1" sum="30"/>
</round>
<round no="1"><cards type="Pocket" player="oreiasccp">H4 C6</cards>
<cards type="Pocket" player="moonfast896">X X</cards>
<action no="5" player="oreiasccp" type="3" sum="15"/>
<action no="6" player="moonfast896" type="23" discard="1" dealt="1" sum="60"/>
<action no="7" player="oreiasccp" type="0" sum="0"/>
</round>
</game>
<game gamecode="11536711167"><general><startdate>2025-06-27 13:11:20</startdate>
<round>1</round>
<failsafecounter/>
<players><player seat="10" name="oreiasccp" chips="855" dealer="0" win="0" bet="35" muck="1" rebuy="0" addon="0" merge="0" rebuychips="0" reg_code="8392859397"/>
<player seat="6" name="moonfast896" chips="645" dealer="1" win="70" bet="65" muck="1" rebuy="0" addon="0" merge="0" rebuychips="0" reg_code="8392859216"/>
</players>
</general>
<round no="0"><action no="1" player="moonfast896" type="15" discard="1" dealt="1" sum="5"/>
<action no="2" player="oreiasccp" type="15" sum="5"/>
<action no="3" player="moonfast896" type="1" discard="1" dealt="1" sum="15"/>
<action no="4" player="oreiasccp" type="2" sum="30"/>
</round>
<round no="1"><cards type="Pocket" player="oreiasccp">H9 S3</cards>
<cards type="Pocket" player="moonfast896">X X</cards>
<action no="5" player="moonfast896" type="3" discard="1" dealt="1" sum="15"/>
<action no="6" player="oreiasccp" type="4" sum="0"/>
</round>
<round no="2"><cards type="Flop">SQ HQ H2</cards>
<action no="7" player="oreiasccp" type="4" sum="0"/>
<action no="8" player="moonfast896" type="5" discard="1" dealt="1" sum="30"/>
<action no="9" player="oreiasccp" type="0" sum="0"/>
</round>
</game>
<game gamecode="11536711213"><general><startdate>2025-06-27 13:11:32</startdate>
<round>1</round>
<failsafecounter/>
<players><player seat="6" name="moonfast896" chips="680" dealer="0" win="130" bet="147" muck="1" rebuy="0" addon="0" merge="0" rebuychips="0" reg_code="8392859216"/>
<player seat="10" name="oreiasccp" chips="820" dealer="1" win="0" bet="65" muck="1" rebuy="0" addon="0" merge="0" rebuychips="0" reg_code="8392859397"/>
</players>
</general>
<round no="0"><action no="1" player="oreiasccp" type="15" sum="5"/>
<action no="2" player="moonfast896" type="15" discard="1" dealt="1" sum="5"/>
<action no="3" player="oreiasccp" type="1" sum="15"/>
<action no="4" player="moonfast896" type="2" discard="1" dealt="1" sum="30"/>
</round>
<round no="1"><cards type="Pocket" player="moonfast896">X X</cards>
<cards type="Pocket" player="oreiasccp">S4 S3</cards>
<action no="5" player="oreiasccp" type="3" sum="15"/>
<action no="6" player="moonfast896" type="4" discard="1" dealt="1" sum="0"/>
</round>
<round no="2"><cards type="Flop">DA HA CJ</cards>
<action no="7" player="moonfast896" type="4" discard="1" dealt="1" sum="0"/>
<action no="8" player="oreiasccp" type="5" sum="30"/>
<action no="9" player="moonfast896" type="23" discard="1" dealt="1" sum="112"/>
<action no="10" player="oreiasccp" type="0" sum="0"/>
</round>
</game>
<game gamecode="11536711283"><general><startdate>2025-06-27 13:11:52</startdate>
<round>1</round>
<failsafecounter/>
<players><player seat="10" name="oreiasccp" chips="755" dealer="0" win="0" bet="405" muck="1" rebuy="0" addon="0" merge="0" rebuychips="0" reg_code="8392859397"/>
<player seat="6" name="moonfast896" chips="745" dealer="1" win="810" bet="405" muck="0" rebuy="0" addon="0" merge="0" rebuychips="0" reg_code="8392859216"/>
</players>
</general>
<round no="0"><action no="1" player="moonfast896" type="15" discard="1" dealt="1" sum="5"/>
<action no="2" player="oreiasccp" type="15" sum="5"/>
<action no="3" player="moonfast896" type="1" discard="1" dealt="1" sum="20"/>
<action no="4" player="oreiasccp" type="2" sum="40"/>
</round>
<round no="1"><cards type="Pocket" player="oreiasccp">C3 C7</cards>
<cards type="Pocket" player="moonfast896">C8 DJ</cards>
<action no="5" player="moonfast896" type="3" discard="1" dealt="1" sum="20"/>
<action no="6" player="oreiasccp" type="4" sum="0"/>
</round>
<round no="2"><cards type="Flop">CA C10 C2</cards>
<action no="7" player="oreiasccp" type="4" sum="0"/>
<action no="8" player="moonfast896" type="5" discard="1" dealt="1" sum="80"/>
<action no="9" player="oreiasccp" type="23" sum="240"/>
<action no="10" player="moonfast896" type="3" discard="1" dealt="1" sum="160"/>
</round>
<round no="3"><cards type="Turn">C4</cards>
<action no="11" player="oreiasccp" type="4" sum="0"/>
<action no="12" player="moonfast896" type="4" discard="1" dealt="1" sum="0"/>
</round>
<round no="4"><cards type="River">SA</cards>
<action no="13" player="oreiasccp" type="4" sum="0"/>
<action no="14" player="moonfast896" type="5" discard="1" dealt="1" sum="120"/>
<action no="15" player="oreiasccp" type="3" sum="120"/>
</round>
</game>
<game gamecode="11536711412"><general><startdate>2025-06-27 13:12:30</startdate>
<round>1</round>
<failsafecounter/>
<players><player seat="6" name="moonfast896" chips="1,150" dealer="0" win="50" bet="45" muck="1" rebuy="0" addon="0" merge="0" rebuychips="0" reg_code="8392859216"/>
<player seat="10" name="oreiasccp" chips="350" dealer="1" win="0" bet="25" muck="1" rebuy="0" addon="0" merge="0" rebuychips="0" reg_code="8392859397"/>
</players>
</general>
<round no="0"><action no="1" player="oreiasccp" type="15" sum="5"/>
<action no="2" player="moonfast896" type="15" discard="1" dealt="1" sum="5"/>
<action no="3" player="oreiasccp" type="1" sum="20"/>
<action no="4" player="moonfast896" type="2" discard="1" dealt="1" sum="40"/>
</round>
<round no="1"><cards type="Pocket" player="oreiasccp">D6 S3</cards>
<cards type="Pocket" player="moonfast896">X X</cards>
<action no="5" player="oreiasccp" type="0" sum="0"/>
</round>
</game>
<game gamecode="11536711441"><general><startdate>2025-06-27 13:12:35</startdate>
<round>1</round>
<failsafecounter/>
<players><player seat="10" name="oreiasccp" chips="325" dealer="0" win="0" bet="45" muck="1" rebuy="0" addon="0" merge="0" rebuychips="0" reg_code="8392859397"/>
<player seat="6" name="moonfast896" chips="1,175" dealer="1" win="90" bet="85" muck="1" rebuy="0" addon="0" merge="0" rebuychips="0" reg_code="8392859216"/>
</players>
</general>
<round no="0"><action no="1" player="moonfast896" type="15" discard="1" dealt="1" sum="5"/>
<action no="2" player="oreiasccp" type="15" sum="5"/>
<action no="3" player="moonfast896" type="1" discard="1" dealt="1" sum="20"/>
<action no="4" player="oreiasccp" type="2" sum="40"/>
</round>
<round no="1"><cards type="Pocket" player="moonfast896">X X</cards>
<cards type="Pocket" player="oreiasccp">HJ S5</cards>
<action no="5" player="moonfast896" type="23" discard="1" dealt="1" sum="80"/>
<action no="6" player="oreiasccp" type="0" sum="0"/>
</round>
</game>
<game gamecode="11536711467"><general><startdate>2025-06-27 13:12:42</startdate>
<round>1</round>
<failsafecounter/>
<players><player seat="6" name="moonfast896" chips="1,220" dealer="0" win="0" bet="45" muck="1" rebuy="0" addon="0" merge="0" rebuychips="0" reg_code="8392859216"/>
<player seat="10" name="oreiasccp" chips="280" dealer="1" win="90" bet="280" muck="1" rebuy="0" addon="0" merge="0" rebuychips="0" reg_code="8392859397"/>
</players>
</general>
<round no="0"><action no="1" player="oreiasccp" type="15" sum="5"/>
<action no="2" player="moonfast896" type="15" discard="1" dealt="1" sum="5"/>
<action no="3" player="oreiasccp" type="1" sum="20"/>
<action no="4" player="moonfast896" type="2" discard="1" dealt="1" sum="40"/>
</round>
<round no="1"><cards type="Pocket" player="moonfast896">X X</cards>
<cards type="Pocket" player="oreiasccp">CA C6</cards>
<action no="5" player="oreiasccp" type="23" sum="275"/>
<action no="6" player="moonfast896" type="0" discard="1" dealt="1" sum="0"/>
</round>
</game>
<game gamecode="11536711526"><general><startdate>2025-06-27 13:12:58</startdate>
<round>1</round>
<failsafecounter/>
<players><player seat="10" name="oreiasccp" chips="325" dealer="0" win="90" bet="325" muck="1" rebuy="0" addon="0" merge="0" rebuychips="0" reg_code="8392859397"/>
<player seat="6" name="moonfast896" chips="1,175" dealer="1" win="0" bet="45" muck="1" rebuy="0" addon="0" merge="0" rebuychips="0" reg_code="8392859216"/>
</players>
</general>
<round no="0"><action no="1" player="moonfast896" type="15" discard="1" dealt="1" sum="5"/>
<action no="2" player="oreiasccp" type="15" sum="5"/>
<action no="3" player="moonfast896" type="1" discard="1" dealt="1" sum="20"/>
<action no="4" player="oreiasccp" type="2" sum="40"/>
</round>
<round no="1"><cards type="Pocket" player="oreiasccp">DK C2</cards>
<cards type="Pocket" player="moonfast896">X X</cards>
<action no="5" player="moonfast896" type="3" discard="1" dealt="1" sum="20"/>
<action no="6" player="oreiasccp" type="23" sum="320"/>
<action no="7" player="moonfast896" type="0" discard="1" dealt="1" sum="0"/>
</round>
</game>
<game gamecode="11536711582"><general><startdate>2025-06-27 13:13:14</startdate>
<round>1</round>
<failsafecounter/>
<players><player seat="6" name="moonfast896" chips="1,130" dealer="0" win="50" bet="45" muck="1" rebuy="0" addon="0" merge="0" rebuychips="0" reg_code="8392859216"/>
<player seat="10" name="oreiasccp" chips="370" dealer="1" win="0" bet="25" muck="1" rebuy="0" addon="0" merge="0" rebuychips="0" reg_code="8392859397"/>
</players>
</general>
<round no="0"><action no="1" player="oreiasccp" type="15" sum="5"/>
<action no="2" player="moonfast896" type="15" discard="1" dealt="1" sum="5"/>
<action no="3" player="oreiasccp" type="1" sum="20"/>
<action no="4" player="moonfast896" type="2" discard="1" dealt="1" sum="40"/>
</round>
<round no="1"><cards type="Pocket" player="oreiasccp">C3 H4</cards>
<cards type="Pocket" player="moonfast896">X X</cards>
<action no="5" player="oreiasccp" type="0" sum="0"/>
</round>
</game>
<game gamecode="11536711603"><general><startdate>2025-06-27 13:13:19</startdate>
<round>1</round>
<failsafecounter/>
<players><player seat="10" name="oreiasccp" chips="345" dealer="0" win="50" bet="45" muck="1" rebuy="0" addon="0" merge="0" rebuychips="0" reg_code="8392859397"/>
<player seat="6" name="moonfast896" chips="1,155" dealer="1" win="0" bet="25" muck="1" rebuy="0" addon="0" merge="0" rebuychips="0" reg_code="8392859216"/>
</players>
</general>
<round no="0"><action no="1" player="moonfast896" type="15" discard="1" dealt="1" sum="5"/>
<action no="2" player="oreiasccp" type="15" sum="5"/>
<action no="3" player="moonfast896" type="1" discard="1" dealt="1" sum="20"/>
<action no="4" player="oreiasccp" type="2" sum="40"/>
</round>
<round no="1"><cards type="Pocket" player="oreiasccp">DQ H5</cards>
<cards type="Pocket" player="moonfast896">X X</cards>
<action no="5" player="moonfast896" type="0" discard="1" dealt="1" sum="0"/>
</round>
</game>
<game gamecode="11536711627"><general><startdate>2025-06-27 13:13:25</startdate>
<round>1</round>
<failsafecounter/>
<players><player seat="6" name="moonfast896" chips="1,130" dealer="0" win="0" bet="370" muck="1" rebuy="0" addon="0" merge="0" rebuychips="0" reg_code="8392859216"/>
<player seat="10" name="oreiasccp" chips="370" dealer="1" win="740" bet="370" muck="0" rebuy="0" addon="0" merge="0" rebuychips="0" reg_code="8392859397"/>
</players>
</general>
<round no="0"><action no="1" player="oreiasccp" type="15" sum="5"/>
<action no="2" player="moonfast896" type="15" discard="1" dealt="1" sum="5"/>
<action no="3" player="oreiasccp" type="1" sum="20"/>
<action no="4" player="moonfast896" type="2" discard="1" dealt="1" sum="40"/>
</round>
<round no="1"><cards type="Pocket" player="moonfast896">H4 DA</cards>
<cards type="Pocket" player="oreiasccp">HK C10</cards>
<action no="5" player="oreiasccp" type="23" sum="365"/>
<action no="6" player="moonfast896" type="3" discard="1" dealt="1" sum="325"/>
</round>
<round no="2"><cards type="Flop">SK D8 D9</cards>
</round>
<round no="3"><cards type="Turn">C8</cards>
</round>
<round no="4"><cards type="River">HQ</cards>
</round>
</game>
<game gamecode="11536711686"><general><startdate>2025-06-27 13:13:42</startdate>
<round>1</round>
<failsafecounter/>
<players><player seat="10" name="oreiasccp" chips="740" dealer="0" win="0" bet="250" muck="1" rebuy="0" addon="0" merge="0" rebuychips="0" reg_code="8392859397"/>
<player seat="6" name="moonfast896" chips="760" dealer="1" win="500" bet="490" muck="1" rebuy="0" addon="0" merge="0" rebuychips="0" reg_code="8392859216"/>
</players>
</general>
<round no="0"><action no="1" player="moonfast896" type="15" discard="1" dealt="1" sum="5"/>
<action no="2" player="oreiasccp" type="15" sum="5"/>
<action no="3" player="moonfast896" type="1" discard="1" dealt="1" sum="20"/>
<action no="4" player="oreiasccp" type="2" sum="40"/>
</round>
<round no="1"><cards type="Pocket" player="moonfast896">X X</cards>
<cards type="Pocket" player="oreiasccp">H3 H10</cards>
<action no="5" player="moonfast896" type="3" discard="1" dealt="1" sum="20"/>
<action no="6" player="oreiasccp" type="4" sum="0"/>
</round>
<round no="2"><cards type="Flop">H8 C5 H9</cards>
<action no="7" player="oreiasccp" type="4" sum="0"/>
<action no="8" player="moonfast896" type="5" discard="1" dealt="1" sum="80"/>
<action no="9" player="oreiasccp" type="3" sum="80"/>
</round>
<round no="3"><cards type="Turn">D6</cards>
<action no="10" player="oreiasccp" type="4" sum="0"/>
<action no="11" player="moonfast896" type="5" discard="1" dealt="1" sum="125"/>
<action no="12" player="oreiasccp" type="3" sum="125"/>
</round>
<round no="4"><cards type="River">SQ</cards>
<action no="13" player="oreiasccp" type="4" sum="0"/>
<action no="14" player="moonfast896" type="5" discard="1" dealt="1" sum="240"/>
<action no="15" player="oreiasccp" type="0" sum="0"/>
</round>
</game>
<game gamecode="11536711841"><general><startdate>2025-06-27 13:14:24</startdate>
<round>1</round>
<failsafecounter/>
<players><player seat="6" name="moonfast896" chips="1,010" dealer="0" win="0" bet="65" muck="1" rebuy="0" addon="0" merge="0" rebuychips="0" reg_code="8392859216"/>
<player seat="10" name="oreiasccp" chips="490" dealer="1" win="130" bet="490" muck="1" rebuy="0" addon="0" merge="0" rebuychips="0" reg_code="8392859397"/>
</players>
</general>
<round no="0"><action no="1" player="oreiasccp" type="15" sum="5"/>
<action no="2" player="moonfast896" type="15" discard="1" dealt="1" sum="5"/>
<action no="3" player="oreiasccp" type="1" sum="30"/>
<action no="4" player="moonfast896" type="2" discard="1" dealt="1" sum="60"/>
</round>
<round no="1"><cards type="Pocket" player="oreiasccp">CK D10</cards>
<cards type="Pocket" player="moonfast896">X X</cards>
<action no="5" player="oreiasccp" type="23" sum="485"/>
<action no="6" player="moonfast896" type="0" discard="1" dealt="1" sum="0"/>
</round>
</game>
<game gamecode="11536711882"><general><startdate>2025-06-27 13:14:33</startdate>
<round>1</round>
<failsafecounter/>
<players><player seat="10" name="oreiasccp" chips="555" dealer="0" win="70" bet="65" muck="1" rebuy="0" addon="0" merge="0" rebuychips="0" reg_code="8392859397"/>
<player seat="6" name="moonfast896" chips="945" dealer="1" win="0" bet="35" muck="1" rebuy="0" addon="0" merge="0" rebuychips="0" reg_code="8392859216"/>
</players>
</general>
<round no="0"><action no="1" player="moonfast896" type="15" discard="1" dealt="1" sum="5"/>
<action no="2" player="oreiasccp" type="15" sum="5"/>
<action no="3" player="moonfast896" type="1" discard="1" dealt="1" sum="30"/>
<action no="4" player="oreiasccp" type="2" sum="60"/>
</round>
<round no="1"><cards type="Pocket" player="moonfast896">X X</cards>
<cards type="Pocket" player="oreiasccp">CA S8</cards>
<action no="5" player="moonfast896" type="0" discard="1" dealt="1" sum="0"/>
</round>
</game>
<game gamecode="11536711910"><general><startdate>2025-06-27 13:14:41</startdate>
<round>1</round>
<failsafecounter/>
<players><player seat="6" name="moonfast896" chips="910" dealer="0" win="70" bet="65" muck="1" rebuy="0" addon="0" merge="0" rebuychips="0" reg_code="8392859216"/>
<player seat="10" name="oreiasccp" chips="590" dealer="1" win="0" bet="35" muck="1" rebuy="0" addon="0" merge="0" rebuychips="0" reg_code="8392859397"/>
</players>
</general>
<round no="0"><action no="1" player="oreiasccp" type="15" sum="5"/>
<action no="2" player="moonfast896" type="15" discard="1" dealt="1" sum="5"/>
<action no="3" player="oreiasccp" type="1" sum="30"/>
<action no="4" player="moonfast896" type="2" discard="1" dealt="1" sum="60"/>
</round>
<round no="1"><cards type="Pocket" player="moonfast896">X X</cards>
<cards type="Pocket" player="oreiasccp">D8 S4</cards>
<action no="5" player="oreiasccp" type="0" sum="0"/>
</round>
</game>
<game gamecode="11536717938"><general><startdate>2025-06-27 13:14:46</startdate>
<round>1</round>
<failsafecounter/>
<players><player seat="10" name="oreiasccp" chips="555" dealer="0" win="0" bet="555" muck="0" rebuy="0" addon="0" merge="0" rebuychips="0" reg_code="8392859397"/>
<player seat="6" name="moonfast896" chips="945" dealer="1" win="1,110" bet="555" muck="0" rebuy="0" addon="0" merge="0" rebuychips="0" reg_code="8392859216"/>
</players>
</general>
<round no="0"><action no="1" player="moonfast896" type="15" discard="1" dealt="1" sum="5"/>
<action no="2" player="oreiasccp" type="15" sum="5"/>
<action no="3" player="moonfast896" type="1" discard="1" dealt="1" sum="30"/>
<action no="4" player="oreiasccp" type="2" sum="60"/>
</round>
<round no="1"><cards type="Pocket" player="moonfast896">CA D10</cards>
<cards type="Pocket" player="oreiasccp">CK H9</cards>
<action no="5" player="moonfast896" type="23" discard="1" dealt="1" sum="120"/>
<action no="6" player="oreiasccp" type="23" sum="550"/>
<action no="7" player="moonfast896" type="3" discard="1" dealt="1" sum="430"/>
</round>
<round no="2"><cards type="Flop">CQ DK D3</cards>
</round>
<round no="3"><cards type="Turn">H3</cards>
</round>
<round no="4"><cards type="River">SJ</cards>
</round>
</game>
</session>
