<?xml version="1.0" encoding="UTF-8"?>
<session sessioncode="8392776104">
<general>
<client_version>25.1.1.13</client_version>
<mode>real</mode>
<gametype>Holdem NL</gametype>
<tablename>Twister €5 SNG, 1128645339</tablename>
<tournamentcode>1128645338</tournamentcode>
<tournamentname>Twister €5 SNG</tournamentname>
<buyin>€0 + €0.35 + €4.65</buyin>
<totalbuyin>€5</totalbuyin>
<rewarddrawn>€10</rewarddrawn>
<tournamentcurrency>EUR</tournamentcurrency>
<currency>EUR</currency>
<nickname>oreiasccp</nickname>
<gamecount>26</gamecount>
<startdate>2025-06-27 09:14:54</startdate>
<place>2</place>
<win>€0</win>
<tablesize>3</tablesize>
</general>
<game gamecode="11536511042"><general><startdate>2025-06-27 09:15:09</startdate>
<round>1</round>
<failsafecounter/>
<players><player seat="10" name="theodicy" chips="500" dealer="0" win="0" bet="20" muck="1" rebuy="0" addon="0" merge="0" rebuychips="0" reg_code="8392776105"/>
<player seat="3" name="Humbert25" chips="500" dealer="1" win="0" bet="40" muck="1" rebuy="0" addon="0" merge="0" rebuychips="0" reg_code="8392776091"/>
<player seat="6" name="oreiasccp" chips="500" dealer="0" win="100" bet="120" muck="1" rebuy="0" addon="0" merge="0" rebuychips="0" reg_code="8392776104"/>
</players>
</general>
<round no="0"><action no="1" player="oreiasccp" type="1" sum="10"/>
<action no="2" player="theodicy" type="2" discard="1" dealt="1" sum="20"/>
</round>
<round no="1"><cards type="Pocket" player="theodicy">X X</cards>
<cards type="Pocket" player="oreiasccp">SQ CQ</cards>
<cards type="Pocket" player="Humbert25">X X</cards>
<action no="3" player="Humbert25" type="23" discard="1" dealt="1" sum="40"/>
<action no="4" player="oreiasccp" type="23" sum="120"/>
<action no="5" player="theodicy" type="0" discard="1" dealt="1" sum="0"/>
<action no="6" player="Humbert25" type="0" discard="1" dealt="1" sum="0"/>
</round>
</game>
<game gamecode="11536511076"><general><startdate>2025-06-27 09:15:22</startdate>
<round>1</round>
<failsafecounter/>
<players><player seat="3" name="Humbert25" chips="460" dealer="0" win="0" bet="60" muck="1" rebuy="0" addon="0" merge="0" rebuychips="0" reg_code="8392776091"/>
<player seat="6" name="oreiasccp" chips="560" dealer="1" win="130" bet="125" muck="1" rebuy="0" addon="0" merge="0" rebuychips="0" reg_code="8392776104"/>
<player seat="10" name="theodicy" chips="480" dealer="0" win="0" bet="10" muck="1" rebuy="0" addon="0" merge="0" rebuychips="0" reg_code="8392776105"/>
</players>
</general>
<round no="0"><action no="1" player="theodicy" type="1" discard="1" dealt="1" sum="10"/>
<action no="2" player="Humbert25" type="2" discard="1" dealt="1" sum="20"/>
</round>
<round no="1"><cards type="Pocket" player="Humbert25">X X</cards>
<cards type="Pocket" player="theodicy">X X</cards>
<cards type="Pocket" player="oreiasccp">CQ C5</cards>
<action no="3" player="oreiasccp" type="23" sum="40"/>
<action no="4" player="theodicy" type="0" discard="1" dealt="1" sum="0"/>
<action no="5" player="Humbert25" type="3" discard="1" dealt="1" sum="20"/>
</round>
<round no="2"><cards type="Flop">D7 C10 H4</cards>
<action no="6" player="Humbert25" type="4" discard="1" dealt="1" sum="0"/>
<action no="7" player="oreiasccp" type="5" sum="20"/>
<action no="8" player="Humbert25" type="3" discard="1" dealt="1" sum="20"/>
</round>
<round no="3"><cards type="Turn">HK</cards>
<action no="9" player="Humbert25" type="4" discard="1" dealt="1" sum="0"/>
<action no="10" player="oreiasccp" type="5" sum="65"/>
<action no="11" player="Humbert25" type="0" discard="1" dealt="1" sum="0"/>
</round>
</game>
<game gamecode="11536511146"><general><startdate>2025-06-27 09:15:46</startdate>
<round>1</round>
<failsafecounter/>
<players><player seat="6" name="oreiasccp" chips="630" dealer="0" win="0" bet="20" muck="1" rebuy="0" addon="0" merge="0" rebuychips="0" reg_code="8392776104"/>
<player seat="10" name="theodicy" chips="470" dealer="1" win="0" bet="0" muck="1" rebuy="0" addon="0" merge="0" rebuychips="0" reg_code="8392776105"/>
<player seat="3" name="Humbert25" chips="400" dealer="0" win="40" bet="60" muck="1" rebuy="0" addon="0" merge="0" rebuychips="0" reg_code="8392776091"/>
</players>
</general>
<round no="0"><action no="1" player="Humbert25" type="1" discard="1" dealt="1" sum="10"/>
<action no="2" player="oreiasccp" type="2" sum="20"/>
</round>
<round no="1"><cards type="Pocket" player="Humbert25">X X</cards>
<cards type="Pocket" player="oreiasccp">DK H7</cards>
<cards type="Pocket" player="theodicy">X X</cards>
<action no="3" player="theodicy" type="0" discard="1" dealt="1" sum="0"/>
<action no="4" player="Humbert25" type="23" discard="1" dealt="1" sum="60"/>
<action no="5" player="oreiasccp" type="0" sum="0"/>
</round>
</game>
<game gamecode="11536511181"><general><startdate>2025-06-27 09:15:59</startdate>
<round>1</round>
<failsafecounter/>
<players><player seat="10" name="theodicy" chips="470" dealer="0" win="0" bet="60" muck="1" rebuy="0" addon="0" merge="0" rebuychips="0" reg_code="8392776105"/>
<player seat="3" name="Humbert25" chips="420" dealer="1" win="0" bet="0" muck="1" rebuy="0" addon="0" merge="0" rebuychips="0" reg_code="8392776091"/>
<player seat="6" name="oreiasccp" chips="610" dealer="0" win="120" bet="120" muck="1" rebuy="0" addon="0" merge="0" rebuychips="0" reg_code="8392776104"/>
</players>
</general>
<round no="0"><action no="1" player="oreiasccp" type="1" sum="10"/>
<action no="2" player="theodicy" type="2" discard="1" dealt="1" sum="20"/>
</round>
<round no="1"><cards type="Pocket" player="theodicy">X X</cards>
<cards type="Pocket" player="Humbert25">X X</cards>
<cards type="Pocket" player="oreiasccp">S9 HK</cards>
<action no="3" player="Humbert25" type="0" discard="1" dealt="1" sum="0"/>
<action no="4" player="oreiasccp" type="23" sum="40"/>
<action no="5" player="theodicy" type="3" discard="1" dealt="1" sum="20"/>
</round>
<round no="2"><cards type="Flop">HA C7 HQ</cards>
<action no="6" player="oreiasccp" type="5" sum="20"/>
<action no="7" player="theodicy" type="3" discard="1" dealt="1" sum="20"/>
</round>
<round no="3"><cards type="Turn">H10</cards>
<action no="8" player="oreiasccp" type="5" sum="60"/>
<action no="9" player="theodicy" type="0" discard="1" dealt="1" sum="0"/>
</round>
</game>
<game gamecode="11536511271"><general><startdate>2025-06-27 09:16:30</startdate>
<round>1</round>
<failsafecounter/>
<players><player seat="3" name="Humbert25" chips="420" dealer="0" win="100" bet="420" muck="1" rebuy="0" addon="0" merge="0" rebuychips="0" reg_code="8392776091"/>
<player seat="6" name="oreiasccp" chips="670" dealer="1" win="0" bet="0" muck="1" rebuy="0" addon="0" merge="0" rebuychips="0" reg_code="8392776104"/>
<player seat="10" name="theodicy" chips="410" dealer="0" win="0" bet="50" muck="1" rebuy="0" addon="0" merge="0" rebuychips="0" reg_code="8392776105"/>
</players>
</general>
<round no="0"><action no="1" player="theodicy" type="1" discard="1" dealt="1" sum="10"/>
<action no="2" player="Humbert25" type="2" discard="1" dealt="1" sum="20"/>
</round>
<round no="1"><cards type="Pocket" player="Humbert25">X X</cards>
<cards type="Pocket" player="oreiasccp">H5 S8</cards>
<cards type="Pocket" player="theodicy">X X</cards>
<action no="3" player="oreiasccp" type="0" sum="0"/>
<action no="4" player="theodicy" type="23" discard="1" dealt="1" sum="50"/>
<action no="5" player="Humbert25" type="23" discard="1" dealt="1" sum="420"/>
<action no="6" player="theodicy" type="0" discard="1" dealt="1" sum="0"/>
</round>
</game>
<game gamecode="11536511321"><general><startdate>2025-06-27 09:16:48</startdate>
<round>1</round>
<failsafecounter/>
<players><player seat="6" name="oreiasccp" chips="670" dealer="0" win="0" bet="20" muck="1" rebuy="0" addon="0" merge="0" rebuychips="0" reg_code="8392776104"/>
<player seat="10" name="theodicy" chips="360" dealer="1" win="0" bet="40" muck="1" rebuy="0" addon="0" merge="0" rebuychips="0" reg_code="8392776105"/>
<player seat="3" name="Humbert25" chips="470" dealer="0" win="100" bet="470" muck="1" rebuy="0" addon="0" merge="0" rebuychips="0" reg_code="8392776091"/>
</players>
</general>
<round no="0"><action no="1" player="Humbert25" type="1" discard="1" dealt="1" sum="10"/>
<action no="2" player="oreiasccp" type="2" sum="20"/>
</round>
<round no="1"><cards type="Pocket" player="oreiasccp">H9 D6</cards>
<cards type="Pocket" player="theodicy">X X</cards>
<cards type="Pocket" player="Humbert25">X X</cards>
<action no="3" player="theodicy" type="23" discard="1" dealt="1" sum="40"/>
<action no="4" player="Humbert25" type="23" discard="1" dealt="1" sum="470"/>
<action no="5" player="oreiasccp" type="0" sum="0"/>
<action no="6" player="theodicy" type="0" discard="1" dealt="1" sum="0"/>
</round>
</game>
<game gamecode="11536511368"><general><startdate>2025-06-27 09:17:05</startdate>
<round>1</round>
<failsafecounter/>
<players><player seat="10" name="theodicy" chips="320" dealer="0" win="0" bet="20" muck="1" rebuy="0" addon="0" merge="0" rebuychips="0" reg_code="8392776105"/>
<player seat="3" name="Humbert25" chips="530" dealer="1" win="0" bet="0" muck="1" rebuy="0" addon="0" merge="0" rebuychips="0" reg_code="8392776091"/>
<player seat="6" name="oreiasccp" chips="650" dealer="0" win="40" bet="320" muck="1" rebuy="0" addon="0" merge="0" rebuychips="0" reg_code="8392776104"/>
</players>
</general>
<round no="0"><action no="1" player="oreiasccp" type="1" sum="10"/>
<action no="2" player="theodicy" type="2" discard="1" dealt="1" sum="20"/>
</round>
<round no="1"><cards type="Pocket" player="Humbert25">X X</cards>
<cards type="Pocket" player="theodicy">X X</cards>
<cards type="Pocket" player="oreiasccp">S10 HA</cards>
<action no="3" player="Humbert25" type="0" discard="1" dealt="1" sum="0"/>
<action no="4" player="oreiasccp" type="23" sum="320"/>
<action no="5" player="theodicy" type="0" discard="1" dealt="1" sum="0"/>
</round>
</game>
<game gamecode="11536511393"><general><startdate>2025-06-27 09:17:17</startdate>
<round>1</round>
<failsafecounter/>
<players><player seat="3" name="Humbert25" chips="530" dealer="0" win="150" bet="140" muck="1" rebuy="0" addon="0" merge="0" rebuychips="0" reg_code="8392776091"/>
<player seat="6" name="oreiasccp" chips="670" dealer="1" win="0" bet="65" muck="1" rebuy="0" addon="0" merge="0" rebuychips="0" reg_code="8392776104"/>
<player seat="10" name="theodicy" chips="300" dealer="0" win="0" bet="20" muck="1" rebuy="0" addon="0" merge="0" rebuychips="0" reg_code="8392776105"/>
</players>
</general>
<round no="0"><action no="1" player="theodicy" type="15" discard="1" dealt="1" sum="5"/>
<action no="2" player="Humbert25" type="15" discard="1" dealt="1" sum="5"/>
<action no="3" player="oreiasccp" type="15" sum="5"/>
<action no="4" player="theodicy" type="1" discard="1" dealt="1" sum="15"/>
<action no="5" player="Humbert25" type="2" discard="1" dealt="1" sum="30"/>
</round>
<round no="1"><cards type="Pocket" player="oreiasccp">S2 CA</cards>
<cards type="Pocket" player="Humbert25">X X</cards>
<cards type="Pocket" player="theodicy">X X</cards>
<action no="6" player="oreiasccp" type="23" sum="60"/>
<action no="7" player="theodicy" type="0" discard="1" dealt="1" sum="0"/>
<action no="8" player="Humbert25" type="3" discard="1" dealt="1" sum="30"/>
</round>
<round no="2"><cards type="Flop">C7 H8 H10</cards>
<action no="9" player="Humbert25" type="4" discard="1" dealt="1" sum="0"/>
<action no="10" player="oreiasccp" type="4" sum="0"/>
</round>
<round no="3"><cards type="Turn">C4</cards>
<action no="11" player="Humbert25" type="5" discard="1" dealt="1" sum="75"/>
<action no="12" player="oreiasccp" type="0" sum="0"/>
</round>
</game>
<game gamecode="11536511448"><general><startdate>2025-06-27 09:17:36</startdate>
<round>1</round>
<failsafecounter/>
<players><player seat="6" name="oreiasccp" chips="605" dealer="0" win="45" bet="35" muck="1" rebuy="0" addon="0" merge="0" rebuychips="0" reg_code="8392776104"/>
<player seat="10" name="theodicy" chips="280" dealer="1" win="0" bet="5" muck="1" rebuy="0" addon="0" merge="0" rebuychips="0" reg_code="8392776105"/>
<player seat="3" name="Humbert25" chips="615" dealer="0" win="0" bet="20" muck="1" rebuy="0" addon="0" merge="0" rebuychips="0" reg_code="8392776091"/>
</players>
</general>
<round no="0"><action no="1" player="Humbert25" type="15" discard="1" dealt="1" sum="5"/>
<action no="2" player="oreiasccp" type="15" sum="5"/>
<action no="3" player="theodicy" type="15" discard="1" dealt="1" sum="5"/>
<action no="4" player="Humbert25" type="1" discard="1" dealt="1" sum="15"/>
<action no="5" player="oreiasccp" type="2" sum="30"/>
</round>
<round no="1"><cards type="Pocket" player="theodicy">X X</cards>
<cards type="Pocket" player="oreiasccp">C9 DJ</cards>
<cards type="Pocket" player="Humbert25">X X</cards>
<action no="6" player="theodicy" type="0" discard="1" dealt="1" sum="0"/>
<action no="7" player="Humbert25" type="0" discard="1" dealt="1" sum="0"/>
</round>
</game>
<game gamecode="11536511461"><general><startdate>2025-06-27 09:17:44</startdate>
<round>1</round>
<failsafecounter/>
<players><player seat="10" name="theodicy" chips="275" dealer="0" win="0" bet="65" muck="1" rebuy="0" addon="0" merge="0" rebuychips="0" reg_code="8392776105"/>
<player seat="3" name="Humbert25" chips="595" dealer="1" win="150" bet="177" muck="1" rebuy="0" addon="0" merge="0" rebuychips="0" reg_code="8392776091"/>
<player seat="6" name="oreiasccp" chips="630" dealer="0" win="0" bet="20" muck="1" rebuy="0" addon="0" merge="0" rebuychips="0" reg_code="8392776104"/>
</players>
</general>
<round no="0"><action no="1" player="oreiasccp" type="15" sum="5"/>
<action no="2" player="theodicy" type="15" discard="1" dealt="1" sum="5"/>
<action no="3" player="Humbert25" type="15" discard="1" dealt="1" sum="5"/>
<action no="4" player="oreiasccp" type="1" sum="15"/>
<action no="5" player="theodicy" type="2" discard="1" dealt="1" sum="30"/>
</round>
<round no="1"><cards type="Pocket" player="oreiasccp">H4 C9</cards>
<cards type="Pocket" player="Humbert25">X X</cards>
<cards type="Pocket" player="theodicy">X X</cards>
<action no="6" player="Humbert25" type="23" discard="1" dealt="1" sum="60"/>
<action no="7" player="oreiasccp" type="0" sum="0"/>
<action no="8" player="theodicy" type="3" discard="1" dealt="1" sum="30"/>
</round>
<round no="2"><cards type="Flop">HK S5 C5</cards>
<action no="9" player="theodicy" type="4" discard="1" dealt="1" sum="0"/>
<action no="10" player="Humbert25" type="5" discard="1" dealt="1" sum="112"/>
<action no="11" player="theodicy" type="0" discard="1" dealt="1" sum="0"/>
</round>
</game>
<game gamecode="11536511501"><general><startdate>2025-06-27 09:18:02</startdate>
<round>1</round>
<failsafecounter/>
<players><player seat="3" name="Humbert25" chips="680" dealer="0" win="0" bet="35" muck="1" rebuy="0" addon="0" merge="0" rebuychips="0" reg_code="8392776091"/>
<player seat="6" name="oreiasccp" chips="610" dealer="1" win="455" bet="210" muck="0" rebuy="0" addon="0" merge="0" rebuychips="0" reg_code="8392776104"/>
<player seat="10" name="theodicy" chips="210" dealer="0" win="0" bet="210" muck="0" rebuy="0" addon="0" merge="0" rebuychips="0" reg_code="8392776105"/>
</players>
</general>
<round no="0"><action no="1" player="theodicy" type="15" discard="1" dealt="1" sum="5"/>
<action no="2" player="Humbert25" type="15" discard="1" dealt="1" sum="5"/>
<action no="3" player="oreiasccp" type="15" sum="5"/>
<action no="4" player="theodicy" type="1" discard="1" dealt="1" sum="15"/>
<action no="5" player="Humbert25" type="2" discard="1" dealt="1" sum="30"/>
</round>
<round no="1"><cards type="Pocket" player="Humbert25">X X</cards>
<cards type="Pocket" player="theodicy">DJ CK</cards>
<cards type="Pocket" player="oreiasccp">SJ CA</cards>
<action no="6" player="oreiasccp" type="23" sum="60"/>
<action no="7" player="theodicy" type="23" discard="1" dealt="1" sum="205"/>
<action no="8" player="Humbert25" type="0" discard="1" dealt="1" sum="0"/>
<action no="9" player="oreiasccp" type="3" sum="145"/>
</round>
<round no="2"><cards type="Flop">H9 DQ D8</cards>
</round>
<round no="3"><cards type="Turn">S4</cards>
</round>
<round no="4"><cards type="River">S9</cards>
</round>
</game>
<game gamecode="11536511551"><general><startdate>2025-06-27 09:18:24</startdate>
<round>1</round>
<failsafecounter/>
<players><player seat="6" name="oreiasccp" chips="855" dealer="0" win="0" bet="65" muck="1" rebuy="0" addon="0" merge="0" rebuychips="0" reg_code="8392776104"/>
<player seat="3" name="Humbert25" chips="645" dealer="1" win="130" bet="162" muck="1" rebuy="0" addon="0" merge="0" rebuychips="0" reg_code="8392776091"/>
</players>
</general>
<round no="0"><action no="1" player="Humbert25" type="15" discard="1" dealt="1" sum="5"/>
<action no="2" player="oreiasccp" type="15" sum="5"/>
<action no="3" player="Humbert25" type="1" discard="1" dealt="1" sum="15"/>
<action no="4" player="oreiasccp" type="2" sum="30"/>
</round>
<round no="1"><cards type="Pocket" player="Humbert25">X X</cards>
<cards type="Pocket" player="oreiasccp">C8 DJ</cards>
<action no="5" player="Humbert25" type="23" discard="1" dealt="1" sum="60"/>
<action no="6" player="oreiasccp" type="3" sum="30"/>
</round>
<round no="2"><cards type="Flop">S2 D3 S6</cards>
<action no="7" player="oreiasccp" type="4" sum="0"/>
<action no="8" player="Humbert25" type="5" discard="1" dealt="1" sum="97"/>
<action no="9" player="oreiasccp" type="0" sum="0"/>
</round>
</game>
<game gamecode="11536511594"><general><startdate>2025-06-27 09:18:40</startdate>
<round>1</round>
<failsafecounter/>
<players><player seat="3" name="Humbert25" chips="710" dealer="0" win="0" bet="35" muck="1" rebuy="0" addon="0" merge="0" rebuychips="0" reg_code="8392776091"/>
<player seat="6" name="oreiasccp" chips="790" dealer="1" win="70" bet="65" muck="1" rebuy="0" addon="0" merge="0" rebuychips="0" reg_code="8392776104"/>
</players>
</general>
<round no="0"><action no="1" player="oreiasccp" type="15" sum="5"/>
<action no="2" player="Humbert25" type="15" discard="1" dealt="1" sum="5"/>
<action no="3" player="oreiasccp" type="1" sum="15"/>
<action no="4" player="Humbert25" type="2" discard="1" dealt="1" sum="30"/>
</round>
<round no="1"><cards type="Pocket" player="Humbert25">X X</cards>
<cards type="Pocket" player="oreiasccp">D10 H8</cards>
<action no="5" player="oreiasccp" type="23" sum="60"/>
<action no="6" player="Humbert25" type="0" discard="1" dealt="1" sum="0"/>
</round>
</game>
<game gamecode="11536511639"><general><startdate>2025-06-27 09:18:55</startdate>
<round>1</round>
<failsafecounter/>
<players><player seat="6" name="oreiasccp" chips="825" dealer="0" win="40" bet="35" muck="1" rebuy="0" addon="0" merge="0" rebuychips="0" reg_code="8392776104"/>
<player seat="3" name="Humbert25" chips="675" dealer="1" win="0" bet="20" muck="1" rebuy="0" addon="0" merge="0" rebuychips="0" reg_code="8392776091"/>
</players>
</general>
<round no="0"><action no="1" player="Humbert25" type="15" discard="1" dealt="1" sum="5"/>
<action no="2" player="oreiasccp" type="15" sum="5"/>
<action no="3" player="Humbert25" type="1" discard="1" dealt="1" sum="15"/>
<action no="4" player="oreiasccp" type="2" sum="30"/>
</round>
<round no="1"><cards type="Pocket" player="Humbert25">X X</cards>
<cards type="Pocket" player="oreiasccp">C9 S7</cards>
<action no="5" player="Humbert25" type="0" discard="1" dealt="1" sum="0"/>
</round>
</game>
<game gamecode="11536511657"><general><startdate>2025-06-27 09:19:01</startdate>
<round>1</round>
<failsafecounter/>
<players><player seat="3" name="Humbert25" chips="655" dealer="0" win="40" bet="35" muck="1" rebuy="0" addon="0" merge="0" rebuychips="0" reg_code="8392776091"/>
<player seat="6" name="oreiasccp" chips="845" dealer="1" win="0" bet="20" muck="1" rebuy="0" addon="0" merge="0" rebuychips="0" reg_code="8392776104"/>
</players>
</general>
<round no="0"><action no="1" player="oreiasccp" type="15" sum="5"/>
<action no="2" player="Humbert25" type="15" discard="1" dealt="1" sum="5"/>
<action no="3" player="oreiasccp" type="1" sum="15"/>
<action no="4" player="Humbert25" type="2" discard="1" dealt="1" sum="30"/>
</round>
<round no="1"><cards type="Pocket" player="Humbert25">X X</cards>
<cards type="Pocket" player="oreiasccp">C3 D7</cards>
<action no="5" player="oreiasccp" type="0" sum="0"/>
</round>
</game>
<game gamecode="11536511668"><general><startdate>2025-06-27 09:19:06</startdate>
<round>1</round>
<failsafecounter/>
<players><player seat="6" name="oreiasccp" chips="825" dealer="0" win="0" bet="35" muck="1" rebuy="0" addon="0" merge="0" rebuychips="0" reg_code="8392776104"/>
<player seat="3" name="Humbert25" chips="675" dealer="1" win="70" bet="70" muck="1" rebuy="0" addon="0" merge="0" rebuychips="0" reg_code="8392776091"/>
</players>
</general>
<round no="0"><action no="1" player="Humbert25" type="15" discard="1" dealt="1" sum="5"/>
<action no="2" player="oreiasccp" type="15" sum="5"/>
<action no="3" player="Humbert25" type="1" discard="1" dealt="1" sum="15"/>
<action no="4" player="oreiasccp" type="2" sum="30"/>
</round>
<round no="1"><cards type="Pocket" player="oreiasccp">D6 D8</cards>
<cards type="Pocket" player="Humbert25">X X</cards>
<action no="5" player="Humbert25" type="3" discard="1" dealt="1" sum="15"/>
<action no="6" player="oreiasccp" type="4" sum="0"/>
</round>
<round no="2"><cards type="Flop">CA H10 DQ</cards>
<action no="7" player="oreiasccp" type="4" sum="0"/>
<action no="8" player="Humbert25" type="4" discard="1" dealt="1" sum="0"/>
</round>
<round no="3"><cards type="Turn">C2</cards>
<action no="9" player="oreiasccp" type="4" sum="0"/>
<action no="10" player="Humbert25" type="5" discard="1" dealt="1" sum="35"/>
<action no="11" player="oreiasccp" type="0" sum="0"/>
</round>
</game>
<game gamecode="11536511735"><general><startdate>2025-06-27 09:19:30</startdate>
<round>1</round>
<failsafecounter/>
<players><player seat="3" name="Humbert25" chips="710" dealer="0" win="90" bet="710" muck="1" rebuy="0" addon="0" merge="0" rebuychips="0" reg_code="8392776091"/>
<player seat="6" name="oreiasccp" chips="790" dealer="1" win="0" bet="45" muck="1" rebuy="0" addon="0" merge="0" rebuychips="0" reg_code="8392776104"/>
</players>
</general>
<round no="0"><action no="1" player="oreiasccp" type="15" sum="5"/>
<action no="2" player="Humbert25" type="15" discard="1" dealt="1" sum="5"/>
<action no="3" player="oreiasccp" type="1" sum="20"/>
<action no="4" player="Humbert25" type="2" discard="1" dealt="1" sum="40"/>
</round>
<round no="1"><cards type="Pocket" player="Humbert25">X X</cards>
<cards type="Pocket" player="oreiasccp">CQ SK</cards>
<action no="5" player="oreiasccp" type="3" sum="20"/>
<action no="6" player="Humbert25" type="23" discard="1" dealt="1" sum="705"/>
<action no="7" player="oreiasccp" type="0" sum="0"/>
</round>
</game>
<game gamecode="11536511760"><general><startdate>2025-06-27 09:19:41</startdate>
<round>1</round>
<failsafecounter/>
<players><player seat="6" name="oreiasccp" chips="745" dealer="0" win="0" bet="112" muck="1" rebuy="0" addon="0" merge="0" rebuychips="0" reg_code="8392776104"/>
<player seat="3" name="Humbert25" chips="755" dealer="1" win="224" bet="280" muck="1" rebuy="0" addon="0" merge="0" rebuychips="0" reg_code="8392776091"/>
</players>
</general>
<round no="0"><action no="1" player="Humbert25" type="15" discard="1" dealt="1" sum="5"/>
<action no="2" player="oreiasccp" type="15" sum="5"/>
<action no="3" player="Humbert25" type="1" discard="1" dealt="1" sum="20"/>
<action no="4" player="oreiasccp" type="2" sum="40"/>
</round>
<round no="1"><cards type="Pocket" player="Humbert25">X X</cards>
<cards type="Pocket" player="oreiasccp">HQ D4</cards>
<action no="5" player="Humbert25" type="3" discard="1" dealt="1" sum="20"/>
<action no="6" player="oreiasccp" type="4" sum="0"/>
</round>
<round no="2"><cards type="Flop">C9 SJ H10</cards>
<action no="7" player="oreiasccp" type="4" sum="0"/>
<action no="8" player="Humbert25" type="5" discard="1" dealt="1" sum="67"/>
<action no="9" player="oreiasccp" type="3" sum="67"/>
</round>
<round no="3"><cards type="Turn">D10</cards>
<action no="10" player="oreiasccp" type="4" sum="0"/>
<action no="11" player="Humbert25" type="5" discard="1" dealt="1" sum="168"/>
<action no="12" player="oreiasccp" type="0" sum="0"/>
</round>
</game>
<game gamecode="11536511832"><general><startdate>2025-06-27 09:20:08</startdate>
<round>1</round>
<failsafecounter/>
<players><player seat="3" name="Humbert25" chips="867" dealer="0" win="250" bet="125" muck="0" rebuy="0" addon="0" merge="0" rebuychips="0" reg_code="8392776091"/>
<player seat="6" name="oreiasccp" chips="633" dealer="1" win="0" bet="125" muck="1" rebuy="0" addon="0" merge="0" rebuychips="0" reg_code="8392776104"/>
</players>
</general>
<round no="0"><action no="1" player="oreiasccp" type="15" sum="5"/>
<action no="2" player="Humbert25" type="15" discard="1" dealt="1" sum="5"/>
<action no="3" player="oreiasccp" type="1" sum="20"/>
<action no="4" player="Humbert25" type="2" discard="1" dealt="1" sum="40"/>
</round>
<round no="1"><cards type="Pocket" player="Humbert25">D5 H9</cards>
<cards type="Pocket" player="oreiasccp">H6 DJ</cards>
<action no="5" player="oreiasccp" type="3" sum="20"/>
<action no="6" player="Humbert25" type="4" discard="1" dealt="1" sum="0"/>
</round>
<round no="2"><cards type="Flop">D9 D8 SJ</cards>
<action no="7" player="Humbert25" type="4" discard="1" dealt="1" sum="0"/>
<action no="8" player="oreiasccp" type="4" sum="0"/>
</round>
<round no="3"><cards type="Turn">C5</cards>
<action no="9" player="Humbert25" type="5" discard="1" dealt="1" sum="80"/>
<action no="10" player="oreiasccp" type="3" sum="80"/>
</round>
<round no="4"><cards type="River">DQ</cards>
<action no="11" player="Humbert25" type="4" discard="1" dealt="1" sum="0"/>
<action no="12" player="oreiasccp" type="4" sum="0"/>
</round>
</game>
<game gamecode="11536511899"><general><startdate>2025-06-27 09:20:34</startdate>
<round>1</round>
<failsafecounter/>
<players><player seat="6" name="oreiasccp" chips="508" dealer="0" win="90" bet="125" muck="1" rebuy="0" addon="0" merge="0" rebuychips="0" reg_code="8392776104"/>
<player seat="3" name="Humbert25" chips="992" dealer="1" win="0" bet="45" muck="1" rebuy="0" addon="0" merge="0" rebuychips="0" reg_code="8392776091"/>
</players>
</general>
<round no="0"><action no="1" player="Humbert25" type="15" discard="1" dealt="1" sum="5"/>
<action no="2" player="oreiasccp" type="15" sum="5"/>
<action no="3" player="Humbert25" type="1" discard="1" dealt="1" sum="20"/>
<action no="4" player="oreiasccp" type="2" sum="40"/>
</round>
<round no="1"><cards type="Pocket" player="Humbert25">X X</cards>
<cards type="Pocket" player="oreiasccp">SJ D7</cards>
<action no="5" player="Humbert25" type="3" discard="1" dealt="1" sum="20"/>
<action no="6" player="oreiasccp" type="23" sum="120"/>
<action no="7" player="Humbert25" type="0" discard="1" dealt="1" sum="0"/>
</round>
</game>
<game gamecode="11536511926"><general><startdate>2025-06-27 09:20:45</startdate>
<round>1</round>
<failsafecounter/>
<players><player seat="3" name="Humbert25" chips="947" dealer="0" win="0" bet="45" muck="1" rebuy="0" addon="0" merge="0" rebuychips="0" reg_code="8392776091"/>
<player seat="6" name="oreiasccp" chips="553" dealer="1" win="90" bet="85" muck="1" rebuy="0" addon="0" merge="0" rebuychips="0" reg_code="8392776104"/>
</players>
</general>
<round no="0"><action no="1" player="oreiasccp" type="15" sum="5"/>
<action no="2" player="Humbert25" type="15" discard="1" dealt="1" sum="5"/>
<action no="3" player="oreiasccp" type="1" sum="20"/>
<action no="4" player="Humbert25" type="2" discard="1" dealt="1" sum="40"/>
</round>
<round no="1"><cards type="Pocket" player="Humbert25">X X</cards>
<cards type="Pocket" player="oreiasccp">D6 SQ</cards>
<action no="5" player="oreiasccp" type="23" sum="80"/>
<action no="6" player="Humbert25" type="0" discard="1" dealt="1" sum="0"/>
</round>
</game>
<game gamecode="11536511951"><general><startdate>2025-06-27 09:20:53</startdate>
<round>1</round>
<failsafecounter/>
<players><player seat="6" name="oreiasccp" chips="598" dealer="0" win="0" bet="111" muck="1" rebuy="0" addon="0" merge="0" rebuychips="0" reg_code="8392776104"/>
<player seat="3" name="Humbert25" chips="902" dealer="1" win="222" bet="189" muck="1" rebuy="0" addon="0" merge="0" rebuychips="0" reg_code="8392776091"/>
</players>
</general>
<round no="0"><action no="1" player="Humbert25" type="15" discard="1" dealt="1" sum="5"/>
<action no="2" player="oreiasccp" type="15" sum="5"/>
<action no="3" player="Humbert25" type="1" discard="1" dealt="1" sum="20"/>
<action no="4" player="oreiasccp" type="2" sum="40"/>
</round>
<round no="1"><cards type="Pocket" player="oreiasccp">S6 CJ</cards>
<cards type="Pocket" player="Humbert25">X X</cards>
<action no="5" player="Humbert25" type="3" discard="1" dealt="1" sum="20"/>
<action no="6" player="oreiasccp" type="4" sum="0"/>
</round>
<round no="2"><cards type="Flop">S5 S8 D5</cards>
<action no="7" player="oreiasccp" type="4" sum="0"/>
<action no="8" player="Humbert25" type="4" discard="1" dealt="1" sum="0"/>
</round>
<round no="3"><cards type="Turn">SQ</cards>
<action no="9" player="oreiasccp" type="5" sum="66"/>
<action no="10" player="Humbert25" type="23" discard="1" dealt="1" sum="144"/>
<action no="11" player="oreiasccp" type="0" sum="0"/>
</round>
</game>
<game gamecode="11536512006"><general><startdate>2025-06-27 09:21:15</startdate>
<round>1</round>
<failsafecounter/>
<players><player seat="3" name="Humbert25" chips="1,013" dealer="0" win="0" bet="65" muck="1" rebuy="0" addon="0" merge="0" rebuychips="0" reg_code="8392776091"/>
<player seat="6" name="oreiasccp" chips="487" dealer="1" win="130" bet="125" muck="1" rebuy="0" addon="0" merge="0" rebuychips="0" reg_code="8392776104"/>
</players>
</general>
<round no="0"><action no="1" player="oreiasccp" type="15" sum="5"/>
<action no="2" player="Humbert25" type="15" discard="1" dealt="1" sum="5"/>
<action no="3" player="oreiasccp" type="1" sum="30"/>
<action no="4" player="Humbert25" type="2" discard="1" dealt="1" sum="60"/>
</round>
<round no="1"><cards type="Pocket" player="Humbert25">X X</cards>
<cards type="Pocket" player="oreiasccp">C10 CA</cards>
<action no="5" player="oreiasccp" type="3" sum="30"/>
<action no="6" player="Humbert25" type="4" discard="1" dealt="1" sum="0"/>
</round>
<round no="2"><cards type="Flop">SA CQ H7</cards>
<action no="7" player="Humbert25" type="4" discard="1" dealt="1" sum="0"/>
<action no="8" player="oreiasccp" type="5" sum="60"/>
<action no="9" player="Humbert25" type="0" discard="1" dealt="1" sum="0"/>
</round>
</game>
<game gamecode="11536516691"><general><startdate>2025-06-27 09:21:34</startdate>
<round>1</round>
<failsafecounter/>
<players><player seat="6" name="oreiasccp" chips="552" dealer="0" win="70" bet="65" muck="1" rebuy="0" addon="0" merge="0" rebuychips="0" reg_code="8392776104"/>
<player seat="3" name="Humbert25" chips="948" dealer="1" win="0" bet="35" muck="1" rebuy="0" addon="0" merge="0" rebuychips="0" reg_code="8392776091"/>
</players>
</general>
<round no="0"><action no="1" player="Humbert25" type="15" discard="1" dealt="1" sum="5"/>
<action no="2" player="oreiasccp" type="15" sum="5"/>
<action no="3" player="Humbert25" type="1" discard="1" dealt="1" sum="30"/>
<action no="4" player="oreiasccp" type="2" sum="60"/>
</round>
<round no="1"><cards type="Pocket" player="Humbert25">X X</cards>
<cards type="Pocket" player="oreiasccp">H2 C7</cards>
<action no="5" player="Humbert25" type="0" discard="1" dealt="1" sum="0"/>
</round>
</game>
<game gamecode="11536516706"><general><startdate>2025-06-27 09:21:41</startdate>
<round>1</round>
<failsafecounter/>
<players><player seat="3" name="Humbert25" chips="913" dealer="0" win="70" bet="65" muck="1" rebuy="0" addon="0" merge="0" rebuychips="0" reg_code="8392776091"/>
<player seat="6" name="oreiasccp" chips="587" dealer="1" win="0" bet="35" muck="1" rebuy="0" addon="0" merge="0" rebuychips="0" reg_code="8392776104"/>
</players>
</general>
<round no="0"><action no="1" player="oreiasccp" type="15" sum="5"/>
<action no="2" player="Humbert25" type="15" discard="1" dealt="1" sum="5"/>
<action no="3" player="oreiasccp" type="1" sum="30"/>
<action no="4" player="Humbert25" type="2" discard="1" dealt="1" sum="60"/>
</round>
<round no="1"><cards type="Pocket" player="Humbert25">X X</cards>
<cards type="Pocket" player="oreiasccp">D5 S6</cards>
<action no="5" player="oreiasccp" type="0" sum="0"/>
</round>
</game>
<game gamecode="11536516730"><general><startdate>2025-06-27 09:21:48</startdate>
<round>1</round>
<failsafecounter/>
<players><player seat="6" name="oreiasccp" chips="552" dealer="0" win="0" bet="552" muck="1" rebuy="0" addon="0" merge="0" rebuychips="0" reg_code="8392776104"/>
<player seat="3" name="Humbert25" chips="948" dealer="1" win="1,104" bet="948" muck="0" rebuy="0" addon="0" merge="0" rebuychips="0" reg_code="8392776091"/>
</players>
</general>
<round no="0"><action no="1" player="Humbert25" type="15" discard="1" dealt="1" sum="5"/>
<action no="2" player="oreiasccp" type="15" sum="5"/>
<action no="3" player="Humbert25" type="1" discard="1" dealt="1" sum="30"/>
<action no="4" player="oreiasccp" type="2" sum="60"/>
</round>
<round no="1"><cards type="Pocket" player="oreiasccp">SA H3</cards>
<cards type="Pocket" player="Humbert25">DA C4</cards>
<action no="5" player="Humbert25" type="23" discard="1" dealt="1" sum="943"/>
<action no="6" player="oreiasccp" type="7" sum="487"/>
</round>
<round no="2"><cards type="Flop">D4 SK S10</cards>
</round>
<round no="3"><cards type="Turn">C2</cards>
</round>
<round no="4"><cards type="River">D10</cards>
</round>
</game>
</session>
