<?xml version="1.0" encoding="UTF-8"?>
<session sessioncode="8392763340">
<general>
<client_version>25.1.1.13</client_version>
<mode>real</mode>
<gametype>Holdem NL</gametype>
<tablename>Twister €5 SNG, 1128643284</tablename>
<tournamentcode>1128643283</tournamentcode>
<tournamentname>Twister €5 SNG</tournamentname>
<buyin>€0 + €0.35 + €4.65</buyin>
<totalbuyin>€5</totalbuyin>
<rewarddrawn>€10</rewarddrawn>
<tournamentcurrency>EUR</tournamentcurrency>
<currency>EUR</currency>
<nickname>oreiasccp</nickname>
<gamecount>27</gamecount>
<startdate>2025-06-27 08:25:17</startdate>
<place>2</place>
<win>€0</win>
<tablesize>3</tablesize>
</general>
<game gamecode="11536475374"><general><startdate>2025-06-27 08:25:33</startdate>
<round>1</round>
<failsafecounter/>
<players><player seat="3" name="TMART85" chips="500" dealer="0" win="20" bet="20" muck="1" rebuy="0" addon="0" merge="0" rebuychips="0" reg_code="8392763249"/>
<player seat="6" name="troybomber" chips="500" dealer="1" win="0" bet="0" muck="1" rebuy="0" addon="0" merge="0" rebuychips="0" reg_code="8392763189"/>
<player seat="10" name="oreiasccp" chips="500" dealer="0" win="0" bet="10" muck="1" rebuy="0" addon="0" merge="0" rebuychips="0" reg_code="8392763340"/>
</players>
</general>
<round no="0"><action no="1" player="oreiasccp" type="1" sum="10"/>
<action no="2" player="TMART85" type="2" discard="1" dealt="1" sum="20"/>
</round>
<round no="1"><cards type="Pocket" player="troybomber">X X</cards>
<cards type="Pocket" player="oreiasccp">D3 C10</cards>
<cards type="Pocket" player="TMART85">X X</cards>
<action no="3" player="troybomber" type="0" discard="1" dealt="1" sum="0"/>
<action no="4" player="oreiasccp" type="0" sum="0"/>
</round>
</game>
<game gamecode="11536475396"><general><startdate>2025-06-27 08:25:42</startdate>
<round>1</round>
<failsafecounter/>
<players><player seat="6" name="troybomber" chips="500" dealer="0" win="0" bet="20" muck="1" rebuy="0" addon="0" merge="0" rebuychips="0" reg_code="8392763189"/>
<player seat="10" name="oreiasccp" chips="490" dealer="1" win="0" bet="0" muck="1" rebuy="0" addon="0" merge="0" rebuychips="0" reg_code="8392763340"/>
<player seat="3" name="TMART85" chips="510" dealer="0" win="40" bet="60" muck="1" rebuy="0" addon="0" merge="0" rebuychips="0" reg_code="8392763249"/>
</players>
</general>
<round no="0"><action no="1" player="TMART85" type="1" discard="1" dealt="1" sum="10"/>
<action no="2" player="troybomber" type="2" discard="1" dealt="1" sum="20"/>
</round>
<round no="1"><cards type="Pocket" player="troybomber">X X</cards>
<cards type="Pocket" player="oreiasccp">D8 C7</cards>
<cards type="Pocket" player="TMART85">X X</cards>
<action no="3" player="oreiasccp" type="0" sum="0"/>
<action no="4" player="TMART85" type="23" discard="1" dealt="1" sum="60"/>
<action no="5" player="troybomber" type="0" discard="1" dealt="1" sum="0"/>
</round>
</game>
<game gamecode="11536475442"><general><startdate>2025-06-27 08:25:58</startdate>
<round>1</round>
<failsafecounter/>
<players><player seat="10" name="oreiasccp" chips="490" dealer="0" win="0" bet="20" muck="1" rebuy="0" addon="0" merge="0" rebuychips="0" reg_code="8392763340"/>
<player seat="3" name="TMART85" chips="530" dealer="1" win="0" bet="480" muck="1" rebuy="0" addon="0" merge="0" rebuychips="0" reg_code="8392763249"/>
<player seat="6" name="troybomber" chips="480" dealer="0" win="980" bet="480" muck="0" rebuy="0" addon="0" merge="0" rebuychips="0" reg_code="8392763189"/>
</players>
</general>
<round no="0"><action no="1" player="troybomber" type="1" discard="1" dealt="1" sum="10"/>
<action no="2" player="oreiasccp" type="2" sum="20"/>
</round>
<round no="1"><cards type="Pocket" player="oreiasccp">D4 C9</cards>
<cards type="Pocket" player="troybomber">S7 HQ</cards>
<cards type="Pocket" player="TMART85">S10 D10</cards>
<action no="3" player="TMART85" type="3" discard="1" dealt="1" sum="20"/>
<action no="4" player="troybomber" type="3" discard="1" dealt="1" sum="10"/>
<action no="5" player="oreiasccp" type="4" sum="0"/>
</round>
<round no="2"><cards type="Flop">D7 SQ S8</cards>
<action no="6" player="troybomber" type="5" discard="1" dealt="1" sum="45"/>
<action no="7" player="oreiasccp" type="0" sum="0"/>
<action no="8" player="TMART85" type="23" discard="1" dealt="1" sum="90"/>
<action no="9" player="troybomber" type="23" discard="1" dealt="1" sum="460"/>
<action no="10" player="TMART85" type="3" discard="1" dealt="1" sum="370"/>
</round>
<round no="3"><cards type="Turn">C6</cards>
</round>
<round no="4"><cards type="River">H2</cards>
</round>
</game>
<game gamecode="11536475523"><general><startdate>2025-06-27 08:26:34</startdate>
<round>1</round>
<failsafecounter/>
<players><player seat="3" name="TMART85" chips="50" dealer="0" win="0" bet="50" muck="0" rebuy="0" addon="0" merge="0" rebuychips="0" reg_code="8392763249"/>
<player seat="6" name="troybomber" chips="980" dealer="1" win="0" bet="0" muck="1" rebuy="0" addon="0" merge="0" rebuychips="0" reg_code="8392763189"/>
<player seat="10" name="oreiasccp" chips="470" dealer="0" win="100" bet="50" muck="0" rebuy="0" addon="0" merge="0" rebuychips="0" reg_code="8392763340"/>
</players>
</general>
<round no="0"><action no="1" player="oreiasccp" type="1" sum="10"/>
<action no="2" player="TMART85" type="2" discard="1" dealt="1" sum="20"/>
</round>
<round no="1"><cards type="Pocket" player="TMART85">D6 S2</cards>
<cards type="Pocket" player="oreiasccp">S4 CQ</cards>
<cards type="Pocket" player="troybomber">X X</cards>
<action no="3" player="troybomber" type="0" discard="1" dealt="1" sum="0"/>
<action no="4" player="oreiasccp" type="23" sum="50"/>
<action no="5" player="TMART85" type="7" discard="1" dealt="1" sum="30"/>
</round>
<round no="2"><cards type="Flop">SK H3 C9</cards>
</round>
<round no="3"><cards type="Turn">C8</cards>
</round>
<round no="4"><cards type="River">HA</cards>
</round>
</game>
<game gamecode="11536475566"><general><startdate>2025-06-27 08:26:57</startdate>
<round>1</round>
<failsafecounter/>
<players><player seat="6" name="troybomber" chips="980" dealer="0" win="40" bet="980" muck="1" rebuy="0" addon="0" merge="0" rebuychips="0" reg_code="8392763189"/>
<player seat="10" name="oreiasccp" chips="520" dealer="1" win="0" bet="20" muck="1" rebuy="0" addon="0" merge="0" rebuychips="0" reg_code="8392763340"/>
</players>
</general>
<round no="0"><action no="1" player="oreiasccp" type="1" sum="10"/>
<action no="2" player="troybomber" type="2" discard="1" dealt="1" sum="20"/>
</round>
<round no="1"><cards type="Pocket" player="oreiasccp">C3 SQ</cards>
<cards type="Pocket" player="troybomber">X X</cards>
<action no="3" player="oreiasccp" type="3" sum="10"/>
<action no="4" player="troybomber" type="23" discard="1" dealt="1" sum="980"/>
<action no="5" player="oreiasccp" type="0" sum="0"/>
</round>
</game>
<game gamecode="11536475597"><general><startdate>2025-06-27 08:27:08</startdate>
<round>1</round>
<failsafecounter/>
<players><player seat="10" name="oreiasccp" chips="500" dealer="0" win="0" bet="20" muck="1" rebuy="0" addon="0" merge="0" rebuychips="0" reg_code="8392763340"/>
<player seat="6" name="troybomber" chips="1,000" dealer="1" win="40" bet="1,000" muck="1" rebuy="0" addon="0" merge="0" rebuychips="0" reg_code="8392763189"/>
</players>
</general>
<round no="0"><action no="1" player="troybomber" type="1" discard="1" dealt="1" sum="10"/>
<action no="2" player="oreiasccp" type="2" sum="20"/>
</round>
<round no="1"><cards type="Pocket" player="oreiasccp">S5 D3</cards>
<cards type="Pocket" player="troybomber">X X</cards>
<action no="3" player="troybomber" type="23" discard="1" dealt="1" sum="1,000"/>
<action no="4" player="oreiasccp" type="0" sum="0"/>
</round>
</game>
<game gamecode="11536475632"><general><startdate>2025-06-27 08:27:20</startdate>
<round>1</round>
<failsafecounter/>
<players><player seat="6" name="troybomber" chips="1,020" dealer="0" win="0" bet="40" muck="1" rebuy="0" addon="0" merge="0" rebuychips="0" reg_code="8392763189"/>
<player seat="10" name="oreiasccp" chips="480" dealer="1" win="80" bet="60" muck="1" rebuy="0" addon="0" merge="0" rebuychips="0" reg_code="8392763340"/>
</players>
</general>
<round no="0"><action no="1" player="oreiasccp" type="1" sum="10"/>
<action no="2" player="troybomber" type="2" discard="1" dealt="1" sum="20"/>
</round>
<round no="1"><cards type="Pocket" player="troybomber">X X</cards>
<cards type="Pocket" player="oreiasccp">C3 C10</cards>
<action no="3" player="oreiasccp" type="23" sum="40"/>
<action no="4" player="troybomber" type="3" discard="1" dealt="1" sum="20"/>
</round>
<round no="2"><cards type="Flop">DJ H5 D8</cards>
<action no="5" player="troybomber" type="4" discard="1" dealt="1" sum="0"/>
<action no="6" player="oreiasccp" type="5" sum="20"/>
<action no="7" player="troybomber" type="0" discard="1" dealt="1" sum="0"/>
</round>
</game>
<game gamecode="11536479060"><general><startdate>2025-06-27 08:27:34</startdate>
<round>1</round>
<failsafecounter/>
<players><player seat="10" name="oreiasccp" chips="520" dealer="0" win="196" bet="161" muck="1" rebuy="0" addon="0" merge="0" rebuychips="0" reg_code="8392763340"/>
<player seat="6" name="troybomber" chips="980" dealer="1" win="0" bet="98" muck="1" rebuy="0" addon="0" merge="0" rebuychips="0" reg_code="8392763189"/>
</players>
</general>
<round no="0"><action no="1" player="troybomber" type="15" discard="1" dealt="1" sum="5"/>
<action no="2" player="oreiasccp" type="15" sum="5"/>
<action no="3" player="troybomber" type="1" discard="1" dealt="1" sum="15"/>
<action no="4" player="oreiasccp" type="2" sum="30"/>
</round>
<round no="1"><cards type="Pocket" player="oreiasccp">H8 H10</cards>
<cards type="Pocket" player="troybomber">X X</cards>
<action no="5" player="troybomber" type="23" discard="1" dealt="1" sum="60"/>
<action no="6" player="oreiasccp" type="3" sum="30"/>
</round>
<round no="2"><cards type="Flop">H2 D9 C7</cards>
<action no="7" player="oreiasccp" type="4" sum="0"/>
<action no="8" player="troybomber" type="5" discard="1" dealt="1" sum="33"/>
<action no="9" player="oreiasccp" type="23" sum="96"/>
<action no="10" player="troybomber" type="0" discard="1" dealt="1" sum="0"/>
</round>
</game>
<game gamecode="11536479126"><general><startdate>2025-06-27 08:27:59</startdate>
<round>1</round>
<failsafecounter/>
<players><player seat="6" name="troybomber" chips="882" dealer="0" win="0" bet="35" muck="1" rebuy="0" addon="0" merge="0" rebuychips="0" reg_code="8392763189"/>
<player seat="10" name="oreiasccp" chips="618" dealer="1" win="70" bet="65" muck="1" rebuy="0" addon="0" merge="0" rebuychips="0" reg_code="8392763340"/>
</players>
</general>
<round no="0"><action no="1" player="oreiasccp" type="15" sum="5"/>
<action no="2" player="troybomber" type="15" discard="1" dealt="1" sum="5"/>
<action no="3" player="oreiasccp" type="1" sum="15"/>
<action no="4" player="troybomber" type="2" discard="1" dealt="1" sum="30"/>
</round>
<round no="1"><cards type="Pocket" player="oreiasccp">D8 S10</cards>
<cards type="Pocket" player="troybomber">X X</cards>
<action no="5" player="oreiasccp" type="23" sum="60"/>
<action no="6" player="troybomber" type="0" discard="1" dealt="1" sum="0"/>
</round>
</game>
<game gamecode="11536479144"><general><startdate>2025-06-27 08:28:06</startdate>
<round>1</round>
<failsafecounter/>
<players><player seat="10" name="oreiasccp" chips="653" dealer="0" win="70" bet="653" muck="1" rebuy="0" addon="0" merge="0" rebuychips="0" reg_code="8392763340"/>
<player seat="6" name="troybomber" chips="847" dealer="1" win="0" bet="35" muck="1" rebuy="0" addon="0" merge="0" rebuychips="0" reg_code="8392763189"/>
</players>
</general>
<round no="0"><action no="1" player="troybomber" type="15" discard="1" dealt="1" sum="5"/>
<action no="2" player="oreiasccp" type="15" sum="5"/>
<action no="3" player="troybomber" type="1" discard="1" dealt="1" sum="15"/>
<action no="4" player="oreiasccp" type="2" sum="30"/>
</round>
<round no="1"><cards type="Pocket" player="troybomber">X X</cards>
<cards type="Pocket" player="oreiasccp">D9 CA</cards>
<action no="5" player="troybomber" type="3" discard="1" dealt="1" sum="15"/>
<action no="6" player="oreiasccp" type="23" sum="648"/>
<action no="7" player="troybomber" type="0" discard="1" dealt="1" sum="0"/>
</round>
</game>
<game gamecode="11536479169"><general><startdate>2025-06-27 08:28:16</startdate>
<round>1</round>
<failsafecounter/>
<players><player seat="6" name="troybomber" chips="812" dealer="0" win="40" bet="35" muck="1" rebuy="0" addon="0" merge="0" rebuychips="0" reg_code="8392763189"/>
<player seat="10" name="oreiasccp" chips="688" dealer="1" win="0" bet="20" muck="1" rebuy="0" addon="0" merge="0" rebuychips="0" reg_code="8392763340"/>
</players>
</general>
<round no="0"><action no="1" player="oreiasccp" type="15" sum="5"/>
<action no="2" player="troybomber" type="15" discard="1" dealt="1" sum="5"/>
<action no="3" player="oreiasccp" type="1" sum="15"/>
<action no="4" player="troybomber" type="2" discard="1" dealt="1" sum="30"/>
</round>
<round no="1"><cards type="Pocket" player="troybomber">X X</cards>
<cards type="Pocket" player="oreiasccp">CQ D2</cards>
<action no="5" player="oreiasccp" type="0" sum="0"/>
</round>
</game>
<game gamecode="11536479186"><general><startdate>2025-06-27 08:28:25</startdate>
<round>1</round>
<failsafecounter/>
<players><player seat="10" name="oreiasccp" chips="668" dealer="0" win="172" bet="86" muck="0" rebuy="0" addon="0" merge="0" rebuychips="0" reg_code="8392763340"/>
<player seat="6" name="troybomber" chips="832" dealer="1" win="0" bet="86" muck="1" rebuy="0" addon="0" merge="0" rebuychips="0" reg_code="8392763189"/>
</players>
</general>
<round no="0"><action no="1" player="troybomber" type="15" discard="1" dealt="1" sum="5"/>
<action no="2" player="oreiasccp" type="15" sum="5"/>
<action no="3" player="troybomber" type="1" discard="1" dealt="1" sum="15"/>
<action no="4" player="oreiasccp" type="2" sum="30"/>
</round>
<round no="1"><cards type="Pocket" player="oreiasccp">H3 D7</cards>
<cards type="Pocket" player="troybomber">CK C7</cards>
<action no="5" player="troybomber" type="3" discard="1" dealt="1" sum="15"/>
<action no="6" player="oreiasccp" type="4" sum="0"/>
</round>
<round no="2"><cards type="Flop">H6 C3 SJ</cards>
<action no="7" player="oreiasccp" type="4" sum="0"/>
<action no="8" player="troybomber" type="4" discard="1" dealt="1" sum="0"/>
</round>
<round no="3"><cards type="Turn">CA</cards>
<action no="9" player="oreiasccp" type="4" sum="0"/>
<action no="10" player="troybomber" type="4" discard="1" dealt="1" sum="0"/>
</round>
<round no="4"><cards type="River">S3</cards>
<action no="11" player="oreiasccp" type="5" sum="51"/>
<action no="12" player="troybomber" type="3" discard="1" dealt="1" sum="51"/>
</round>
</game>
<game gamecode="11536479274"><general><startdate>2025-06-27 08:28:59</startdate>
<round>1</round>
<failsafecounter/>
<players><player seat="6" name="troybomber" chips="746" dealer="0" win="190" bet="162" muck="1" rebuy="0" addon="0" merge="0" rebuychips="0" reg_code="8392763189"/>
<player seat="10" name="oreiasccp" chips="754" dealer="1" win="0" bet="95" muck="1" rebuy="0" addon="0" merge="0" rebuychips="0" reg_code="8392763340"/>
</players>
</general>
<round no="0"><action no="1" player="oreiasccp" type="15" sum="5"/>
<action no="2" player="troybomber" type="15" discard="1" dealt="1" sum="5"/>
<action no="3" player="oreiasccp" type="1" sum="15"/>
<action no="4" player="troybomber" type="2" discard="1" dealt="1" sum="30"/>
</round>
<round no="1"><cards type="Pocket" player="troybomber">X X</cards>
<cards type="Pocket" player="oreiasccp">SJ C7</cards>
<action no="5" player="oreiasccp" type="23" sum="60"/>
<action no="6" player="troybomber" type="3" discard="1" dealt="1" sum="30"/>
</round>
<round no="2"><cards type="Flop">D10 H6 SA</cards>
<action no="7" player="troybomber" type="4" discard="1" dealt="1" sum="0"/>
<action no="8" player="oreiasccp" type="5" sum="30"/>
<action no="9" player="troybomber" type="3" discard="1" dealt="1" sum="30"/>
</round>
<round no="3"><cards type="Turn">H9</cards>
<action no="10" player="troybomber" type="4" discard="1" dealt="1" sum="0"/>
<action no="11" player="oreiasccp" type="4" sum="0"/>
</round>
<round no="4"><cards type="River">C5</cards>
<action no="12" player="troybomber" type="5" discard="1" dealt="1" sum="67"/>
<action no="13" player="oreiasccp" type="0" sum="0"/>
</round>
</game>
<game gamecode="11536479365"><general><startdate>2025-06-27 08:29:34</startdate>
<round>1</round>
<failsafecounter/>
<players><player seat="10" name="oreiasccp" chips="659" dealer="0" win="0" bet="45" muck="1" rebuy="0" addon="0" merge="0" rebuychips="0" reg_code="8392763340"/>
<player seat="6" name="troybomber" chips="841" dealer="1" win="90" bet="841" muck="1" rebuy="0" addon="0" merge="0" rebuychips="0" reg_code="8392763189"/>
</players>
</general>
<round no="0"><action no="1" player="troybomber" type="15" discard="1" dealt="1" sum="5"/>
<action no="2" player="oreiasccp" type="15" sum="5"/>
<action no="3" player="troybomber" type="1" discard="1" dealt="1" sum="20"/>
<action no="4" player="oreiasccp" type="2" sum="40"/>
</round>
<round no="1"><cards type="Pocket" player="oreiasccp">S6 C4</cards>
<cards type="Pocket" player="troybomber">X X</cards>
<action no="5" player="troybomber" type="23" discard="1" dealt="1" sum="836"/>
<action no="6" player="oreiasccp" type="0" sum="0"/>
</round>
</game>
<game gamecode="11536479393"><general><startdate>2025-06-27 08:29:45</startdate>
<round>1</round>
<failsafecounter/>
<players><player seat="6" name="troybomber" chips="886" dealer="0" win="90" bet="886" muck="1" rebuy="0" addon="0" merge="0" rebuychips="0" reg_code="8392763189"/>
<player seat="10" name="oreiasccp" chips="614" dealer="1" win="0" bet="45" muck="1" rebuy="0" addon="0" merge="0" rebuychips="0" reg_code="8392763340"/>
</players>
</general>
<round no="0"><action no="1" player="oreiasccp" type="15" sum="5"/>
<action no="2" player="troybomber" type="15" discard="1" dealt="1" sum="5"/>
<action no="3" player="oreiasccp" type="1" sum="20"/>
<action no="4" player="troybomber" type="2" discard="1" dealt="1" sum="40"/>
</round>
<round no="1"><cards type="Pocket" player="troybomber">X X</cards>
<cards type="Pocket" player="oreiasccp">C9 H5</cards>
<action no="5" player="oreiasccp" type="3" sum="20"/>
<action no="6" player="troybomber" type="23" discard="1" dealt="1" sum="881"/>
<action no="7" player="oreiasccp" type="0" sum="0"/>
</round>
</game>
<game gamecode="11536479433"><general><startdate>2025-06-27 08:30:03</startdate>
<round>1</round>
<failsafecounter/>
<players><player seat="10" name="oreiasccp" chips="569" dealer="0" win="90" bet="145" muck="1" rebuy="0" addon="0" merge="0" rebuychips="0" reg_code="8392763340"/>
<player seat="6" name="troybomber" chips="931" dealer="1" win="0" bet="45" muck="1" rebuy="0" addon="0" merge="0" rebuychips="0" reg_code="8392763189"/>
</players>
</general>
<round no="0"><action no="1" player="troybomber" type="15" discard="1" dealt="1" sum="5"/>
<action no="2" player="oreiasccp" type="15" sum="5"/>
<action no="3" player="troybomber" type="1" discard="1" dealt="1" sum="20"/>
<action no="4" player="oreiasccp" type="2" sum="40"/>
</round>
<round no="1"><cards type="Pocket" player="troybomber">X X</cards>
<cards type="Pocket" player="oreiasccp">HA SK</cards>
<action no="5" player="troybomber" type="3" discard="1" dealt="1" sum="20"/>
<action no="6" player="oreiasccp" type="23" sum="140"/>
<action no="7" player="troybomber" type="0" discard="1" dealt="1" sum="0"/>
</round>
</game>
<game gamecode="11536479468"><general><startdate>2025-06-27 08:30:17</startdate>
<round>1</round>
<failsafecounter/>
<players><player seat="6" name="troybomber" chips="886" dealer="0" win="170" bet="85" muck="0" rebuy="0" addon="0" merge="0" rebuychips="0" reg_code="8392763189"/>
<player seat="10" name="oreiasccp" chips="614" dealer="1" win="0" bet="85" muck="1" rebuy="0" addon="0" merge="0" rebuychips="0" reg_code="8392763340"/>
</players>
</general>
<round no="0"><action no="1" player="oreiasccp" type="15" sum="5"/>
<action no="2" player="troybomber" type="15" discard="1" dealt="1" sum="5"/>
<action no="3" player="oreiasccp" type="1" sum="20"/>
<action no="4" player="troybomber" type="2" discard="1" dealt="1" sum="40"/>
</round>
<round no="1"><cards type="Pocket" player="oreiasccp">D7 C8</cards>
<cards type="Pocket" player="troybomber">C9 C4</cards>
<action no="5" player="oreiasccp" type="3" sum="20"/>
<action no="6" player="troybomber" type="4" discard="1" dealt="1" sum="0"/>
</round>
<round no="2"><cards type="Flop">H4 CJ SK</cards>
<action no="7" player="troybomber" type="4" discard="1" dealt="1" sum="0"/>
<action no="8" player="oreiasccp" type="5" sum="40"/>
<action no="9" player="troybomber" type="3" discard="1" dealt="1" sum="40"/>
</round>
<round no="3"><cards type="Turn">HJ</cards>
<action no="10" player="troybomber" type="4" discard="1" dealt="1" sum="0"/>
<action no="11" player="oreiasccp" type="4" sum="0"/>
</round>
<round no="4"><cards type="River">D10</cards>
<action no="12" player="troybomber" type="4" discard="1" dealt="1" sum="0"/>
<action no="13" player="oreiasccp" type="4" sum="0"/>
</round>
</game>
<game gamecode="11536479555"><general><startdate>2025-06-27 08:30:54</startdate>
<round>1</round>
<failsafecounter/>
<players><player seat="10" name="oreiasccp" chips="529" dealer="0" win="529" bet="529" muck="0" rebuy="0" addon="0" merge="0" rebuychips="0" reg_code="8392763340"/>
<player seat="6" name="troybomber" chips="971" dealer="1" win="529" bet="529" muck="0" rebuy="0" addon="0" merge="0" rebuychips="0" reg_code="8392763189"/>
</players>
</general>
<round no="0"><action no="1" player="troybomber" type="15" discard="1" dealt="1" sum="5"/>
<action no="2" player="oreiasccp" type="15" sum="5"/>
<action no="3" player="troybomber" type="1" discard="1" dealt="1" sum="20"/>
<action no="4" player="oreiasccp" type="2" sum="40"/>
</round>
<round no="1"><cards type="Pocket" player="oreiasccp">C7 CK</cards>
<cards type="Pocket" player="troybomber">D6 H5</cards>
<action no="5" player="troybomber" type="23" discard="1" dealt="1" sum="80"/>
<action no="6" player="oreiasccp" type="3" sum="40"/>
</round>
<round no="2"><cards type="Flop">SK DA HA</cards>
<action no="7" player="oreiasccp" type="4" sum="0"/>
<action no="8" player="troybomber" type="5" discard="1" dealt="1" sum="43"/>
<action no="9" player="oreiasccp" type="3" sum="43"/>
</round>
<round no="3"><cards type="Turn">CA</cards>
<action no="10" player="oreiasccp" type="4" sum="0"/>
<action no="11" player="troybomber" type="4" discard="1" dealt="1" sum="0"/>
</round>
<round no="4"><cards type="River">SA</cards>
<action no="12" player="oreiasccp" type="5" sum="401"/>
<action no="13" player="troybomber" type="3" discard="1" dealt="1" sum="401"/>
</round>
</game>
<game gamecode="11536479605"><general><startdate>2025-06-27 08:31:15</startdate>
<round>1</round>
<failsafecounter/>
<players><player seat="6" name="troybomber" chips="971" dealer="0" win="50" bet="45" muck="1" rebuy="0" addon="0" merge="0" rebuychips="0" reg_code="8392763189"/>
<player seat="10" name="oreiasccp" chips="529" dealer="1" win="0" bet="25" muck="1" rebuy="0" addon="0" merge="0" rebuychips="0" reg_code="8392763340"/>
</players>
</general>
<round no="0"><action no="1" player="oreiasccp" type="15" sum="5"/>
<action no="2" player="troybomber" type="15" discard="1" dealt="1" sum="5"/>
<action no="3" player="oreiasccp" type="1" sum="20"/>
<action no="4" player="troybomber" type="2" discard="1" dealt="1" sum="40"/>
</round>
<round no="1"><cards type="Pocket" player="oreiasccp">C4 D10</cards>
<cards type="Pocket" player="troybomber">X X</cards>
<action no="5" player="oreiasccp" type="0" sum="0"/>
</round>
</game>
<game gamecode="11536479620"><general><startdate>2025-06-27 08:31:21</startdate>
<round>1</round>
<failsafecounter/>
<players><player seat="10" name="oreiasccp" chips="504" dealer="0" win="0" bet="45" muck="1" rebuy="0" addon="0" merge="0" rebuychips="0" reg_code="8392763340"/>
<player seat="6" name="troybomber" chips="996" dealer="1" win="90" bet="85" muck="1" rebuy="0" addon="0" merge="0" rebuychips="0" reg_code="8392763189"/>
</players>
</general>
<round no="0"><action no="1" player="troybomber" type="15" discard="1" dealt="1" sum="5"/>
<action no="2" player="oreiasccp" type="15" sum="5"/>
<action no="3" player="troybomber" type="1" discard="1" dealt="1" sum="20"/>
<action no="4" player="oreiasccp" type="2" sum="40"/>
</round>
<round no="1"><cards type="Pocket" player="oreiasccp">CJ H2</cards>
<cards type="Pocket" player="troybomber">X X</cards>
<action no="5" player="troybomber" type="23" discard="1" dealt="1" sum="80"/>
<action no="6" player="oreiasccp" type="0" sum="0"/>
</round>
</game>
<game gamecode="11536479643"><general><startdate>2025-06-27 08:31:29</startdate>
<round>1</round>
<failsafecounter/>
<players><player seat="6" name="troybomber" chips="1,041" dealer="0" win="50" bet="45" muck="1" rebuy="0" addon="0" merge="0" rebuychips="0" reg_code="8392763189"/>
<player seat="10" name="oreiasccp" chips="459" dealer="1" win="0" bet="25" muck="1" rebuy="0" addon="0" merge="0" rebuychips="0" reg_code="8392763340"/>
</players>
</general>
<round no="0"><action no="1" player="oreiasccp" type="15" sum="5"/>
<action no="2" player="troybomber" type="15" discard="1" dealt="1" sum="5"/>
<action no="3" player="oreiasccp" type="1" sum="20"/>
<action no="4" player="troybomber" type="2" discard="1" dealt="1" sum="40"/>
</round>
<round no="1"><cards type="Pocket" player="troybomber">X X</cards>
<cards type="Pocket" player="oreiasccp">H8 D6</cards>
<action no="5" player="oreiasccp" type="0" sum="0"/>
</round>
</game>
<game gamecode="11536479656"><general><startdate>2025-06-27 08:31:35</startdate>
<round>1</round>
<failsafecounter/>
<players><player seat="10" name="oreiasccp" chips="434" dealer="0" win="0" bet="65" muck="1" rebuy="0" addon="0" merge="0" rebuychips="0" reg_code="8392763340"/>
<player seat="6" name="troybomber" chips="1,066" dealer="1" win="130" bet="1,066" muck="1" rebuy="0" addon="0" merge="0" rebuychips="0" reg_code="8392763189"/>
</players>
</general>
<round no="0"><action no="1" player="troybomber" type="15" discard="1" dealt="1" sum="5"/>
<action no="2" player="oreiasccp" type="15" sum="5"/>
<action no="3" player="troybomber" type="1" discard="1" dealt="1" sum="30"/>
<action no="4" player="oreiasccp" type="2" sum="60"/>
</round>
<round no="1"><cards type="Pocket" player="oreiasccp">C8 C4</cards>
<cards type="Pocket" player="troybomber">X X</cards>
<action no="5" player="troybomber" type="23" discard="1" dealt="1" sum="1,061"/>
<action no="6" player="oreiasccp" type="0" sum="0"/>
</round>
</game>
<game gamecode="11536479673"><general><startdate>2025-06-27 08:31:41</startdate>
<round>1</round>
<failsafecounter/>
<players><player seat="6" name="troybomber" chips="1,131" dealer="0" win="0" bet="65" muck="1" rebuy="0" addon="0" merge="0" rebuychips="0" reg_code="8392763189"/>
<player seat="10" name="oreiasccp" chips="369" dealer="1" win="130" bet="369" muck="1" rebuy="0" addon="0" merge="0" rebuychips="0" reg_code="8392763340"/>
</players>
</general>
<round no="0"><action no="1" player="oreiasccp" type="15" sum="5"/>
<action no="2" player="troybomber" type="15" discard="1" dealt="1" sum="5"/>
<action no="3" player="oreiasccp" type="1" sum="30"/>
<action no="4" player="troybomber" type="2" discard="1" dealt="1" sum="60"/>
</round>
<round no="1"><cards type="Pocket" player="oreiasccp">D7 H10</cards>
<cards type="Pocket" player="troybomber">X X</cards>
<action no="5" player="oreiasccp" type="23" sum="364"/>
<action no="6" player="troybomber" type="0" discard="1" dealt="1" sum="0"/>
</round>
</game>
<game gamecode="11536479696"><general><startdate>2025-06-27 08:31:50</startdate>
<round>1</round>
<failsafecounter/>
<players><player seat="10" name="oreiasccp" chips="434" dealer="0" win="0" bet="65" muck="1" rebuy="0" addon="0" merge="0" rebuychips="0" reg_code="8392763340"/>
<player seat="6" name="troybomber" chips="1,066" dealer="1" win="130" bet="125" muck="1" rebuy="0" addon="0" merge="0" rebuychips="0" reg_code="8392763189"/>
</players>
</general>
<round no="0"><action no="1" player="troybomber" type="15" discard="1" dealt="1" sum="5"/>
<action no="2" player="oreiasccp" type="15" sum="5"/>
<action no="3" player="troybomber" type="1" discard="1" dealt="1" sum="30"/>
<action no="4" player="oreiasccp" type="2" sum="60"/>
</round>
<round no="1"><cards type="Pocket" player="oreiasccp">H2 S5</cards>
<cards type="Pocket" player="troybomber">X X</cards>
<action no="5" player="troybomber" type="3" discard="1" dealt="1" sum="30"/>
<action no="6" player="oreiasccp" type="4" sum="0"/>
</round>
<round no="2"><cards type="Flop">S7 SJ DK</cards>
<action no="7" player="oreiasccp" type="4" sum="0"/>
<action no="8" player="troybomber" type="5" discard="1" dealt="1" sum="60"/>
<action no="9" player="oreiasccp" type="0" sum="0"/>
</round>
</game>
<game gamecode="11536479776"><general><startdate>2025-06-27 08:32:23</startdate>
<round>1</round>
<failsafecounter/>
<players><player seat="6" name="troybomber" chips="1,131" dealer="0" win="0" bet="65" muck="1" rebuy="0" addon="0" merge="0" rebuychips="0" reg_code="8392763189"/>
<player seat="10" name="oreiasccp" chips="369" dealer="1" win="130" bet="369" muck="1" rebuy="0" addon="0" merge="0" rebuychips="0" reg_code="8392763340"/>
</players>
</general>
<round no="0"><action no="1" player="oreiasccp" type="15" sum="5"/>
<action no="2" player="troybomber" type="15" discard="1" dealt="1" sum="5"/>
<action no="3" player="oreiasccp" type="1" sum="30"/>
<action no="4" player="troybomber" type="2" discard="1" dealt="1" sum="60"/>
</round>
<round no="1"><cards type="Pocket" player="oreiasccp">C9 D8</cards>
<cards type="Pocket" player="troybomber">X X</cards>
<action no="5" player="oreiasccp" type="23" sum="364"/>
<action no="6" player="troybomber" type="0" discard="1" dealt="1" sum="0"/>
</round>
</game>
<game gamecode="11536479809"><general><startdate>2025-06-27 08:32:33</startdate>
<round>1</round>
<failsafecounter/>
<players><player seat="10" name="oreiasccp" chips="434" dealer="0" win="0" bet="65" muck="1" rebuy="0" addon="0" merge="0" rebuychips="0" reg_code="8392763340"/>
<player seat="6" name="troybomber" chips="1,066" dealer="1" win="130" bet="1,066" muck="1" rebuy="0" addon="0" merge="0" rebuychips="0" reg_code="8392763189"/>
</players>
</general>
<round no="0"><action no="1" player="troybomber" type="15" discard="1" dealt="1" sum="5"/>
<action no="2" player="oreiasccp" type="15" sum="5"/>
<action no="3" player="troybomber" type="1" discard="1" dealt="1" sum="30"/>
<action no="4" player="oreiasccp" type="2" sum="60"/>
</round>
<round no="1"><cards type="Pocket" player="troybomber">X X</cards>
<cards type="Pocket" player="oreiasccp">S4 CQ</cards>
<action no="5" player="troybomber" type="23" discard="1" dealt="1" sum="1,061"/>
<action no="6" player="oreiasccp" type="0" sum="0"/>
</round>
</game>
<game gamecode="11536479836"><general><startdate>2025-06-27 08:32:43</startdate>
<round>1</round>
<failsafecounter/>
<players><player seat="6" name="troybomber" chips="1,131" dealer="0" win="738" bet="369" muck="0" rebuy="0" addon="0" merge="0" rebuychips="0" reg_code="8392763189"/>
<player seat="10" name="oreiasccp" chips="369" dealer="1" win="0" bet="369" muck="0" rebuy="0" addon="0" merge="0" rebuychips="0" reg_code="8392763340"/>
</players>
</general>
<round no="0"><action no="1" player="oreiasccp" type="15" sum="5"/>
<action no="2" player="troybomber" type="15" discard="1" dealt="1" sum="5"/>
<action no="3" player="oreiasccp" type="1" sum="30"/>
<action no="4" player="troybomber" type="2" discard="1" dealt="1" sum="60"/>
</round>
<round no="1"><cards type="Pocket" player="oreiasccp">DA C6</cards>
<cards type="Pocket" player="troybomber">SA H8</cards>
<action no="5" player="oreiasccp" type="23" sum="364"/>
<action no="6" player="troybomber" type="3" discard="1" dealt="1" sum="304"/>
</round>
<round no="2"><cards type="Flop">SK DJ C4</cards>
</round>
<round no="3"><cards type="Turn">H3</cards>
</round>
<round no="4"><cards type="River">H5</cards>
</round>
</game>
</session>
