<?xml version="1.0" encoding="UTF-8"?>
<session sessioncode="8392758049">
<general>
<client_version>25.1.1.13</client_version>
<mode>real</mode>
<gametype>Holdem NL</gametype>
<tablename>Twister €5 SNG, 1128642301</tablename>
<tournamentcode>1128642300</tournamentcode>
<tournamentname>Twister €5 SNG</tournamentname>
<buyin>€0 + €0.35 + €4.65</buyin>
<totalbuyin>€5</totalbuyin>
<rewarddrawn>€25</rewarddrawn>
<tournamentcurrency>EUR</tournamentcurrency>
<currency>EUR</currency>
<nickname>oreiasccp</nickname>
<gamecount>20</gamecount>
<startdate>2025-06-27 07:59:14</startdate>
<place>3</place>
<win>€0</win>
<tablesize>3</tablesize>
</general>
<game gamecode="11536463557"><general><startdate>2025-06-27 07:59:29</startdate>
<round>1</round>
<failsafecounter/>
<players><player seat="6" name="oreiasccp" chips="500" dealer="0" win="0" bet="20" muck="1" rebuy="0" addon="0" merge="0" rebuychips="0" reg_code="8392758049"/>
<player seat="10" name="mark39Mark" chips="500" dealer="1" win="50" bet="40" muck="1" rebuy="0" addon="0" merge="0" rebuychips="0" reg_code="8392758070"/>
<player seat="3" name="gasgas" chips="500" dealer="0" win="0" bet="10" muck="1" rebuy="0" addon="0" merge="0" rebuychips="0" reg_code="8392758045"/>
</players>
</general>
<round no="0"><action no="1" player="gasgas" type="1" discard="1" dealt="1" sum="10"/>
<action no="2" player="oreiasccp" type="2" sum="20"/>
</round>
<round no="1"><cards type="Pocket" player="mark39Mark">X X</cards>
<cards type="Pocket" player="oreiasccp">D10 S4</cards>
<cards type="Pocket" player="gasgas">X X</cards>
<action no="3" player="mark39Mark" type="23" discard="1" dealt="1" sum="40"/>
<action no="4" player="gasgas" type="0" discard="1" dealt="1" sum="0"/>
<action no="5" player="oreiasccp" type="0" sum="0"/>
</round>
</game>
<game gamecode="11536463597"><general><startdate>2025-06-27 07:59:44</startdate>
<round>1</round>
<failsafecounter/>
<players><player seat="10" name="mark39Mark" chips="530" dealer="0" win="0" bet="180" muck="1" rebuy="0" addon="0" merge="0" rebuychips="0" reg_code="8392758070"/>
<player seat="3" name="gasgas" chips="490" dealer="1" win="0" bet="0" muck="1" rebuy="0" addon="0" merge="0" rebuychips="0" reg_code="8392758045"/>
<player seat="6" name="oreiasccp" chips="480" dealer="0" win="360" bet="480" muck="1" rebuy="0" addon="0" merge="0" rebuychips="0" reg_code="8392758049"/>
</players>
</general>
<round no="0"><action no="1" player="oreiasccp" type="1" sum="10"/>
<action no="2" player="mark39Mark" type="2" discard="1" dealt="1" sum="20"/>
</round>
<round no="1"><cards type="Pocket" player="gasgas">X X</cards>
<cards type="Pocket" player="mark39Mark">X X</cards>
<cards type="Pocket" player="oreiasccp">DK D8</cards>
<action no="3" player="gasgas" type="0" discard="1" dealt="1" sum="0"/>
<action no="4" player="oreiasccp" type="23" sum="40"/>
<action no="5" player="mark39Mark" type="3" discard="1" dealt="1" sum="20"/>
</round>
<round no="2"><cards type="Flop">H8 S4 HJ</cards>
<action no="6" player="oreiasccp" type="5" sum="20"/>
<action no="7" player="mark39Mark" type="23" discard="1" dealt="1" sum="40"/>
<action no="8" player="oreiasccp" type="3" sum="20"/>
</round>
<round no="3"><cards type="Turn">CK</cards>
<action no="9" player="oreiasccp" type="4" sum="0"/>
<action no="10" player="mark39Mark" type="5" discard="1" dealt="1" sum="20"/>
<action no="11" player="oreiasccp" type="23" sum="100"/>
<action no="12" player="mark39Mark" type="3" discard="1" dealt="1" sum="80"/>
</round>
<round no="4"><cards type="River">DA</cards>
<action no="13" player="oreiasccp" type="5" sum="300"/>
<action no="14" player="mark39Mark" type="0" discard="1" dealt="1" sum="0"/>
</round>
</game>
<game gamecode="11536463679"><general><startdate>2025-06-27 08:00:15</startdate>
<round>1</round>
<failsafecounter/>
<players><player seat="3" name="gasgas" chips="490" dealer="0" win="40" bet="490" muck="1" rebuy="0" addon="0" merge="0" rebuychips="0" reg_code="8392758045"/>
<player seat="6" name="oreiasccp" chips="660" dealer="1" win="0" bet="0" muck="1" rebuy="0" addon="0" merge="0" rebuychips="0" reg_code="8392758049"/>
<player seat="10" name="mark39Mark" chips="350" dealer="0" win="0" bet="20" muck="1" rebuy="0" addon="0" merge="0" rebuychips="0" reg_code="8392758070"/>
</players>
</general>
<round no="0"><action no="1" player="mark39Mark" type="1" discard="1" dealt="1" sum="10"/>
<action no="2" player="gasgas" type="2" discard="1" dealt="1" sum="20"/>
</round>
<round no="1"><cards type="Pocket" player="mark39Mark">X X</cards>
<cards type="Pocket" player="gasgas">X X</cards>
<cards type="Pocket" player="oreiasccp">S7 D6</cards>
<action no="3" player="oreiasccp" type="0" sum="0"/>
<action no="4" player="mark39Mark" type="3" discard="1" dealt="1" sum="10"/>
<action no="5" player="gasgas" type="23" discard="1" dealt="1" sum="490"/>
<action no="6" player="mark39Mark" type="0" discard="1" dealt="1" sum="0"/>
</round>
</game>
<game gamecode="11536463714"><general><startdate>2025-06-27 08:00:28</startdate>
<round>1</round>
<failsafecounter/>
<players><player seat="6" name="oreiasccp" chips="660" dealer="0" win="40" bet="60" muck="1" rebuy="0" addon="0" merge="0" rebuychips="0" reg_code="8392758049"/>
<player seat="10" name="mark39Mark" chips="330" dealer="1" win="0" bet="0" muck="1" rebuy="0" addon="0" merge="0" rebuychips="0" reg_code="8392758070"/>
<player seat="3" name="gasgas" chips="510" dealer="0" win="0" bet="20" muck="1" rebuy="0" addon="0" merge="0" rebuychips="0" reg_code="8392758045"/>
</players>
</general>
<round no="0"><action no="1" player="gasgas" type="1" discard="1" dealt="1" sum="10"/>
<action no="2" player="oreiasccp" type="2" sum="20"/>
</round>
<round no="1"><cards type="Pocket" player="oreiasccp">SA H3</cards>
<cards type="Pocket" player="gasgas">X X</cards>
<cards type="Pocket" player="mark39Mark">X X</cards>
<action no="3" player="mark39Mark" type="0" discard="1" dealt="1" sum="0"/>
<action no="4" player="gasgas" type="3" discard="1" dealt="1" sum="10"/>
<action no="5" player="oreiasccp" type="4" sum="0"/>
</round>
<round no="2"><cards type="Flop">H9 D2 C5</cards>
<action no="6" player="gasgas" type="4" discard="1" dealt="1" sum="0"/>
<action no="7" player="oreiasccp" type="4" sum="0"/>
</round>
<round no="3"><cards type="Turn">D8</cards>
<action no="8" player="gasgas" type="4" discard="1" dealt="1" sum="0"/>
<action no="9" player="oreiasccp" type="4" sum="0"/>
</round>
<round no="4"><cards type="River">H4</cards>
<action no="10" player="gasgas" type="4" discard="1" dealt="1" sum="0"/>
<action no="11" player="oreiasccp" type="5" sum="40"/>
<action no="12" player="gasgas" type="0" discard="1" dealt="1" sum="0"/>
</round>
</game>
<game gamecode="11536463802"><general><startdate>2025-06-27 08:01:02</startdate>
<round>1</round>
<failsafecounter/>
<players><player seat="10" name="mark39Mark" chips="330" dealer="0" win="20" bet="20" muck="1" rebuy="0" addon="0" merge="0" rebuychips="0" reg_code="8392758070"/>
<player seat="3" name="gasgas" chips="490" dealer="1" win="0" bet="0" muck="1" rebuy="0" addon="0" merge="0" rebuychips="0" reg_code="8392758045"/>
<player seat="6" name="oreiasccp" chips="680" dealer="0" win="0" bet="10" muck="1" rebuy="0" addon="0" merge="0" rebuychips="0" reg_code="8392758049"/>
</players>
</general>
<round no="0"><action no="1" player="oreiasccp" type="1" sum="10"/>
<action no="2" player="mark39Mark" type="2" discard="1" dealt="1" sum="20"/>
</round>
<round no="1"><cards type="Pocket" player="mark39Mark">X X</cards>
<cards type="Pocket" player="gasgas">X X</cards>
<cards type="Pocket" player="oreiasccp">H4 S2</cards>
<action no="3" player="gasgas" type="0" discard="1" dealt="1" sum="0"/>
<action no="4" player="oreiasccp" type="0" sum="0"/>
</round>
</game>
<game gamecode="11536463817"><general><startdate>2025-06-27 08:01:12</startdate>
<round>1</round>
<failsafecounter/>
<players><player seat="3" name="gasgas" chips="490" dealer="0" win="0" bet="40" muck="1" rebuy="0" addon="0" merge="0" rebuychips="0" reg_code="8392758045"/>
<player seat="6" name="oreiasccp" chips="670" dealer="1" win="0" bet="0" muck="1" rebuy="0" addon="0" merge="0" rebuychips="0" reg_code="8392758049"/>
<player seat="10" name="mark39Mark" chips="340" dealer="0" win="80" bet="60" muck="1" rebuy="0" addon="0" merge="0" rebuychips="0" reg_code="8392758070"/>
</players>
</general>
<round no="0"><action no="1" player="mark39Mark" type="1" discard="1" dealt="1" sum="10"/>
<action no="2" player="gasgas" type="2" discard="1" dealt="1" sum="20"/>
</round>
<round no="1"><cards type="Pocket" player="gasgas">X X</cards>
<cards type="Pocket" player="oreiasccp">C6 C10</cards>
<cards type="Pocket" player="mark39Mark">X X</cards>
<action no="3" player="oreiasccp" type="0" sum="0"/>
<action no="4" player="mark39Mark" type="23" discard="1" dealt="1" sum="40"/>
<action no="5" player="gasgas" type="3" discard="1" dealt="1" sum="20"/>
</round>
<round no="2"><cards type="Flop">SQ C3 SA</cards>
<action no="6" player="mark39Mark" type="5" discard="1" dealt="1" sum="20"/>
<action no="7" player="gasgas" type="0" discard="1" dealt="1" sum="0"/>
</round>
</game>
<game gamecode="11536463849"><general><startdate>2025-06-27 08:01:27</startdate>
<round>1</round>
<failsafecounter/>
<players><player seat="6" name="oreiasccp" chips="670" dealer="0" win="0" bet="20" muck="1" rebuy="0" addon="0" merge="0" rebuychips="0" reg_code="8392758049"/>
<player seat="10" name="mark39Mark" chips="380" dealer="1" win="50" bet="40" muck="1" rebuy="0" addon="0" merge="0" rebuychips="0" reg_code="8392758070"/>
<player seat="3" name="gasgas" chips="450" dealer="0" win="0" bet="10" muck="1" rebuy="0" addon="0" merge="0" rebuychips="0" reg_code="8392758045"/>
</players>
</general>
<round no="0"><action no="1" player="gasgas" type="1" discard="1" dealt="1" sum="10"/>
<action no="2" player="oreiasccp" type="2" sum="20"/>
</round>
<round no="1"><cards type="Pocket" player="mark39Mark">X X</cards>
<cards type="Pocket" player="oreiasccp">D2 C8</cards>
<cards type="Pocket" player="gasgas">X X</cards>
<action no="3" player="mark39Mark" type="23" discard="1" dealt="1" sum="40"/>
<action no="4" player="gasgas" type="0" discard="1" dealt="1" sum="0"/>
<action no="5" player="oreiasccp" type="0" sum="0"/>
</round>
</game>
<game gamecode="11536463872"><general><startdate>2025-06-27 08:01:35</startdate>
<round>1</round>
<failsafecounter/>
<players><player seat="10" name="mark39Mark" chips="410" dealer="0" win="0" bet="35" muck="1" rebuy="0" addon="0" merge="0" rebuychips="0" reg_code="8392758070"/>
<player seat="3" name="gasgas" chips="440" dealer="1" win="0" bet="5" muck="1" rebuy="0" addon="0" merge="0" rebuychips="0" reg_code="8392758045"/>
<player seat="6" name="oreiasccp" chips="650" dealer="0" win="75" bet="410" muck="1" rebuy="0" addon="0" merge="0" rebuychips="0" reg_code="8392758049"/>
</players>
</general>
<round no="0"><action no="1" player="oreiasccp" type="15" sum="5"/>
<action no="2" player="mark39Mark" type="15" discard="1" dealt="1" sum="5"/>
<action no="3" player="gasgas" type="15" discard="1" dealt="1" sum="5"/>
<action no="4" player="oreiasccp" type="1" sum="15"/>
<action no="5" player="mark39Mark" type="2" discard="1" dealt="1" sum="30"/>
</round>
<round no="1"><cards type="Pocket" player="oreiasccp">CK C4</cards>
<cards type="Pocket" player="mark39Mark">X X</cards>
<cards type="Pocket" player="gasgas">X X</cards>
<action no="6" player="gasgas" type="0" discard="1" dealt="1" sum="0"/>
<action no="7" player="oreiasccp" type="23" sum="405"/>
<action no="8" player="mark39Mark" type="0" discard="1" dealt="1" sum="0"/>
</round>
</game>
<game gamecode="11536463908"><general><startdate>2025-06-27 08:01:51</startdate>
<round>1</round>
<failsafecounter/>
<players><player seat="3" name="gasgas" chips="435" dealer="0" win="0" bet="35" muck="1" rebuy="0" addon="0" merge="0" rebuychips="0" reg_code="8392758045"/>
<player seat="6" name="oreiasccp" chips="690" dealer="1" win="90" bet="435" muck="1" rebuy="0" addon="0" merge="0" rebuychips="0" reg_code="8392758049"/>
<player seat="10" name="mark39Mark" chips="375" dealer="0" win="0" bet="20" muck="1" rebuy="0" addon="0" merge="0" rebuychips="0" reg_code="8392758070"/>
</players>
</general>
<round no="0"><action no="1" player="mark39Mark" type="15" discard="1" dealt="1" sum="5"/>
<action no="2" player="gasgas" type="15" discard="1" dealt="1" sum="5"/>
<action no="3" player="oreiasccp" type="15" sum="5"/>
<action no="4" player="mark39Mark" type="1" discard="1" dealt="1" sum="15"/>
<action no="5" player="gasgas" type="2" discard="1" dealt="1" sum="30"/>
</round>
<round no="1"><cards type="Pocket" player="mark39Mark">X X</cards>
<cards type="Pocket" player="gasgas">X X</cards>
<cards type="Pocket" player="oreiasccp">HA CJ</cards>
<action no="6" player="oreiasccp" type="23" sum="430"/>
<action no="7" player="mark39Mark" type="0" discard="1" dealt="1" sum="0"/>
<action no="8" player="gasgas" type="0" discard="1" dealt="1" sum="0"/>
</round>
</game>
<game gamecode="11536463959"><general><startdate>2025-06-27 08:02:15</startdate>
<round>1</round>
<failsafecounter/>
<players><player seat="6" name="oreiasccp" chips="745" dealer="0" win="0" bet="35" muck="1" rebuy="0" addon="0" merge="0" rebuychips="0" reg_code="8392758049"/>
<player seat="10" name="mark39Mark" chips="355" dealer="1" win="105" bet="65" muck="1" rebuy="0" addon="0" merge="0" rebuychips="0" reg_code="8392758070"/>
<player seat="3" name="gasgas" chips="400" dealer="0" win="0" bet="35" muck="1" rebuy="0" addon="0" merge="0" rebuychips="0" reg_code="8392758045"/>
</players>
</general>
<round no="0"><action no="1" player="gasgas" type="15" discard="1" dealt="1" sum="5"/>
<action no="2" player="oreiasccp" type="15" sum="5"/>
<action no="3" player="mark39Mark" type="15" discard="1" dealt="1" sum="5"/>
<action no="4" player="gasgas" type="1" discard="1" dealt="1" sum="15"/>
<action no="5" player="oreiasccp" type="2" sum="30"/>
</round>
<round no="1"><cards type="Pocket" player="gasgas">X X</cards>
<cards type="Pocket" player="oreiasccp">C10 H3</cards>
<cards type="Pocket" player="mark39Mark">X X</cards>
<action no="6" player="mark39Mark" type="3" discard="1" dealt="1" sum="30"/>
<action no="7" player="gasgas" type="3" discard="1" dealt="1" sum="15"/>
<action no="8" player="oreiasccp" type="4" sum="0"/>
</round>
<round no="2"><cards type="Flop">CA DK S2</cards>
<action no="9" player="gasgas" type="4" discard="1" dealt="1" sum="0"/>
<action no="10" player="oreiasccp" type="4" sum="0"/>
<action no="11" player="mark39Mark" type="4" discard="1" dealt="1" sum="0"/>
</round>
<round no="3"><cards type="Turn">HK</cards>
<action no="12" player="gasgas" type="4" discard="1" dealt="1" sum="0"/>
<action no="13" player="oreiasccp" type="4" sum="0"/>
<action no="14" player="mark39Mark" type="5" discard="1" dealt="1" sum="30"/>
<action no="15" player="gasgas" type="0" discard="1" dealt="1" sum="0"/>
<action no="16" player="oreiasccp" type="0" sum="0"/>
</round>
</game>
<game gamecode="11536464035"><general><startdate>2025-06-27 08:02:45</startdate>
<round>1</round>
<failsafecounter/>
<players><player seat="10" name="mark39Mark" chips="425" dealer="0" win="546" bet="263" muck="0" rebuy="0" addon="0" merge="0" rebuychips="0" reg_code="8392758070"/>
<player seat="3" name="gasgas" chips="365" dealer="1" win="0" bet="263" muck="1" rebuy="0" addon="0" merge="0" rebuychips="0" reg_code="8392758045"/>
<player seat="6" name="oreiasccp" chips="710" dealer="0" win="0" bet="20" muck="1" rebuy="0" addon="0" merge="0" rebuychips="0" reg_code="8392758049"/>
</players>
</general>
<round no="0"><action no="1" player="oreiasccp" type="15" sum="5"/>
<action no="2" player="mark39Mark" type="15" discard="1" dealt="1" sum="5"/>
<action no="3" player="gasgas" type="15" discard="1" dealt="1" sum="5"/>
<action no="4" player="oreiasccp" type="1" sum="15"/>
<action no="5" player="mark39Mark" type="2" discard="1" dealt="1" sum="30"/>
</round>
<round no="1"><cards type="Pocket" player="gasgas">C10 H10</cards>
<cards type="Pocket" player="oreiasccp">D3 HK</cards>
<cards type="Pocket" player="mark39Mark">S9 S7</cards>
<action no="6" player="gasgas" type="23" discard="1" dealt="1" sum="60"/>
<action no="7" player="oreiasccp" type="0" sum="0"/>
<action no="8" player="mark39Mark" type="3" discard="1" dealt="1" sum="30"/>
</round>
<round no="2"><cards type="Flop">C7 S6 D2</cards>
<action no="9" player="mark39Mark" type="5" discard="1" dealt="1" sum="30"/>
<action no="10" player="gasgas" type="23" discard="1" dealt="1" sum="90"/>
<action no="11" player="mark39Mark" type="3" discard="1" dealt="1" sum="60"/>
</round>
<round no="3"><cards type="Turn">CK</cards>
<action no="12" player="mark39Mark" type="4" discard="1" dealt="1" sum="0"/>
<action no="13" player="gasgas" type="5" discard="1" dealt="1" sum="108"/>
<action no="14" player="mark39Mark" type="3" discard="1" dealt="1" sum="108"/>
</round>
<round no="4"><cards type="River">H9</cards>
<action no="15" player="mark39Mark" type="4" discard="1" dealt="1" sum="0"/>
<action no="16" player="gasgas" type="4" discard="1" dealt="1" sum="0"/>
</round>
</game>
<game gamecode="11536464127"><general><startdate>2025-06-27 08:03:26</startdate>
<round>1</round>
<failsafecounter/>
<players><player seat="3" name="gasgas" chips="102" dealer="0" win="209" bet="102" muck="0" rebuy="0" addon="0" merge="0" rebuychips="0" reg_code="8392758045"/>
<player seat="6" name="oreiasccp" chips="690" dealer="1" win="0" bet="5" muck="1" rebuy="0" addon="0" merge="0" rebuychips="0" reg_code="8392758049"/>
<player seat="10" name="mark39Mark" chips="708" dealer="0" win="0" bet="102" muck="1" rebuy="0" addon="0" merge="0" rebuychips="0" reg_code="8392758070"/>
</players>
</general>
<round no="0"><action no="1" player="mark39Mark" type="15" discard="1" dealt="1" sum="5"/>
<action no="2" player="gasgas" type="15" discard="1" dealt="1" sum="5"/>
<action no="3" player="oreiasccp" type="15" sum="5"/>
<action no="4" player="mark39Mark" type="1" discard="1" dealt="1" sum="15"/>
<action no="5" player="gasgas" type="2" discard="1" dealt="1" sum="30"/>
</round>
<round no="1"><cards type="Pocket" player="gasgas">S10 CJ</cards>
<cards type="Pocket" player="mark39Mark">SJ C5</cards>
<cards type="Pocket" player="oreiasccp">C9 D5</cards>
<action no="6" player="oreiasccp" type="0" sum="0"/>
<action no="7" player="mark39Mark" type="3" discard="1" dealt="1" sum="15"/>
<action no="8" player="gasgas" type="23" discard="1" dealt="1" sum="97"/>
<action no="9" player="mark39Mark" type="3" discard="1" dealt="1" sum="67"/>
</round>
<round no="2"><cards type="Flop">DJ H8 DQ</cards>
</round>
<round no="3"><cards type="Turn">C2</cards>
</round>
<round no="4"><cards type="River">D7</cards>
</round>
</game>
<game gamecode="11536464182"><general><startdate>2025-06-27 08:03:47</startdate>
<round>1</round>
<failsafecounter/>
<players><player seat="6" name="oreiasccp" chips="685" dealer="0" win="0" bet="45" muck="1" rebuy="0" addon="0" merge="0" rebuychips="0" reg_code="8392758049"/>
<player seat="10" name="mark39Mark" chips="606" dealer="1" win="0" bet="209" muck="1" rebuy="0" addon="0" merge="0" rebuychips="0" reg_code="8392758070"/>
<player seat="3" name="gasgas" chips="209" dealer="0" win="463" bet="209" muck="0" rebuy="0" addon="0" merge="0" rebuychips="0" reg_code="8392758045"/>
</players>
</general>
<round no="0"><action no="1" player="gasgas" type="15" discard="1" dealt="1" sum="5"/>
<action no="2" player="oreiasccp" type="15" sum="5"/>
<action no="3" player="mark39Mark" type="15" discard="1" dealt="1" sum="5"/>
<action no="4" player="gasgas" type="1" discard="1" dealt="1" sum="20"/>
<action no="5" player="oreiasccp" type="2" sum="40"/>
</round>
<round no="1"><cards type="Pocket" player="oreiasccp">H4 H10</cards>
<cards type="Pocket" player="gasgas">CA C10</cards>
<cards type="Pocket" player="mark39Mark">SA D7</cards>
<action no="6" player="mark39Mark" type="23" discard="1" dealt="1" sum="80"/>
<action no="7" player="gasgas" type="23" discard="1" dealt="1" sum="204"/>
<action no="8" player="oreiasccp" type="0" sum="0"/>
<action no="9" player="mark39Mark" type="3" discard="1" dealt="1" sum="124"/>
</round>
<round no="2"><cards type="Flop">DJ SK S4</cards>
</round>
<round no="3"><cards type="Turn">S9</cards>
</round>
<round no="4"><cards type="River">H8</cards>
</round>
</game>
<game gamecode="11536464225"><general><startdate>2025-06-27 08:04:08</startdate>
<round>1</round>
<failsafecounter/>
<players><player seat="10" name="mark39Mark" chips="397" dealer="0" win="799" bet="397" muck="0" rebuy="0" addon="0" merge="0" rebuychips="0" reg_code="8392758070"/>
<player seat="3" name="gasgas" chips="463" dealer="1" win="0" bet="5" muck="1" rebuy="0" addon="0" merge="0" rebuychips="0" reg_code="8392758045"/>
<player seat="6" name="oreiasccp" chips="640" dealer="0" win="0" bet="397" muck="1" rebuy="0" addon="0" merge="0" rebuychips="0" reg_code="8392758049"/>
</players>
</general>
<round no="0"><action no="1" player="oreiasccp" type="15" sum="5"/>
<action no="2" player="mark39Mark" type="15" discard="1" dealt="1" sum="5"/>
<action no="3" player="gasgas" type="15" discard="1" dealt="1" sum="5"/>
<action no="4" player="oreiasccp" type="1" sum="20"/>
<action no="5" player="mark39Mark" type="2" discard="1" dealt="1" sum="40"/>
</round>
<round no="1"><cards type="Pocket" player="mark39Mark">HJ HQ</cards>
<cards type="Pocket" player="gasgas">X X</cards>
<cards type="Pocket" player="oreiasccp">CQ D8</cards>
<action no="6" player="gasgas" type="0" discard="1" dealt="1" sum="0"/>
<action no="7" player="oreiasccp" type="23" sum="392"/>
<action no="8" player="mark39Mark" type="7" discard="1" dealt="1" sum="352"/>
</round>
<round no="2"><cards type="Flop">SA CJ D4</cards>
</round>
<round no="3"><cards type="Turn">H3</cards>
</round>
<round no="4"><cards type="River">S3</cards>
</round>
</game>
<game gamecode="11536464272"><general><startdate>2025-06-27 08:04:28</startdate>
<round>1</round>
<failsafecounter/>
<players><player seat="3" name="gasgas" chips="458" dealer="0" win="0" bet="145" muck="1" rebuy="0" addon="0" merge="0" rebuychips="0" reg_code="8392758045"/>
<player seat="6" name="oreiasccp" chips="243" dealer="1" win="0" bet="5" muck="1" rebuy="0" addon="0" merge="0" rebuychips="0" reg_code="8392758049"/>
<player seat="10" name="mark39Mark" chips="799" dealer="0" win="295" bet="345" muck="1" rebuy="0" addon="0" merge="0" rebuychips="0" reg_code="8392758070"/>
</players>
</general>
<round no="0"><action no="1" player="mark39Mark" type="15" discard="1" dealt="1" sum="5"/>
<action no="2" player="gasgas" type="15" discard="1" dealt="1" sum="5"/>
<action no="3" player="oreiasccp" type="15" sum="5"/>
<action no="4" player="mark39Mark" type="1" discard="1" dealt="1" sum="20"/>
<action no="5" player="gasgas" type="2" discard="1" dealt="1" sum="40"/>
</round>
<round no="1"><cards type="Pocket" player="oreiasccp">H2 H5</cards>
<cards type="Pocket" player="mark39Mark">X X</cards>
<cards type="Pocket" player="gasgas">X X</cards>
<action no="6" player="oreiasccp" type="0" sum="0"/>
<action no="7" player="mark39Mark" type="3" discard="1" dealt="1" sum="20"/>
<action no="8" player="gasgas" type="23" discard="1" dealt="1" sum="100"/>
<action no="9" player="mark39Mark" type="3" discard="1" dealt="1" sum="60"/>
</round>
<round no="2"><cards type="Flop">HK DQ C3</cards>
<action no="10" player="mark39Mark" type="4" discard="1" dealt="1" sum="0"/>
<action no="11" player="gasgas" type="4" discard="1" dealt="1" sum="0"/>
</round>
<round no="3"><cards type="Turn">D9</cards>
<action no="12" player="mark39Mark" type="5" discard="1" dealt="1" sum="40"/>
<action no="13" player="gasgas" type="3" discard="1" dealt="1" sum="40"/>
</round>
<round no="4"><cards type="River">C4</cards>
<action no="14" player="mark39Mark" type="5" discard="1" dealt="1" sum="200"/>
<action no="15" player="gasgas" type="0" discard="1" dealt="1" sum="0"/>
</round>
</game>
<game gamecode="11536464370"><general><startdate>2025-06-27 08:05:13</startdate>
<round>1</round>
<failsafecounter/>
<players><player seat="6" name="oreiasccp" chips="238" dealer="0" win="55" bet="45" muck="1" rebuy="0" addon="0" merge="0" rebuychips="0" reg_code="8392758049"/>
<player seat="10" name="mark39Mark" chips="949" dealer="1" win="0" bet="5" muck="1" rebuy="0" addon="0" merge="0" rebuychips="0" reg_code="8392758070"/>
<player seat="3" name="gasgas" chips="313" dealer="0" win="0" bet="25" muck="1" rebuy="0" addon="0" merge="0" rebuychips="0" reg_code="8392758045"/>
</players>
</general>
<round no="0"><action no="1" player="gasgas" type="15" discard="1" dealt="1" sum="5"/>
<action no="2" player="oreiasccp" type="15" sum="5"/>
<action no="3" player="mark39Mark" type="15" discard="1" dealt="1" sum="5"/>
<action no="4" player="gasgas" type="1" discard="1" dealt="1" sum="20"/>
<action no="5" player="oreiasccp" type="2" sum="40"/>
</round>
<round no="1"><cards type="Pocket" player="mark39Mark">X X</cards>
<cards type="Pocket" player="oreiasccp">C9 D10</cards>
<cards type="Pocket" player="gasgas">X X</cards>
<action no="6" player="mark39Mark" type="0" discard="1" dealt="1" sum="0"/>
<action no="7" player="gasgas" type="0" discard="1" dealt="1" sum="0"/>
</round>
</game>
<game gamecode="11536464423"><general><startdate>2025-06-27 08:05:36</startdate>
<round>1</round>
<failsafecounter/>
<players><player seat="10" name="mark39Mark" chips="944" dealer="0" win="0" bet="65" muck="1" rebuy="0" addon="0" merge="0" rebuychips="0" reg_code="8392758070"/>
<player seat="3" name="gasgas" chips="288" dealer="1" win="165" bet="288" muck="1" rebuy="0" addon="0" merge="0" rebuychips="0" reg_code="8392758045"/>
<player seat="6" name="oreiasccp" chips="268" dealer="0" win="0" bet="35" muck="1" rebuy="0" addon="0" merge="0" rebuychips="0" reg_code="8392758049"/>
</players>
</general>
<round no="0"><action no="1" player="oreiasccp" type="15" sum="5"/>
<action no="2" player="mark39Mark" type="15" discard="1" dealt="1" sum="5"/>
<action no="3" player="gasgas" type="15" discard="1" dealt="1" sum="5"/>
<action no="4" player="oreiasccp" type="1" sum="30"/>
<action no="5" player="mark39Mark" type="2" discard="1" dealt="1" sum="60"/>
</round>
<round no="1"><cards type="Pocket" player="oreiasccp">SJ H8</cards>
<cards type="Pocket" player="mark39Mark">X X</cards>
<cards type="Pocket" player="gasgas">X X</cards>
<action no="6" player="gasgas" type="23" discard="1" dealt="1" sum="283"/>
<action no="7" player="oreiasccp" type="0" sum="0"/>
<action no="8" player="mark39Mark" type="0" discard="1" dealt="1" sum="0"/>
</round>
</game>
<game gamecode="11536464468"><general><startdate>2025-06-27 08:05:57</startdate>
<round>1</round>
<failsafecounter/>
<players><player seat="3" name="gasgas" chips="388" dealer="0" win="781" bet="388" muck="0" rebuy="0" addon="0" merge="0" rebuychips="0" reg_code="8392758045"/>
<player seat="6" name="oreiasccp" chips="233" dealer="1" win="0" bet="5" muck="1" rebuy="0" addon="0" merge="0" rebuychips="0" reg_code="8392758049"/>
<player seat="10" name="mark39Mark" chips="879" dealer="0" win="0" bet="879" muck="1" rebuy="0" addon="0" merge="0" rebuychips="0" reg_code="8392758070"/>
</players>
</general>
<round no="0"><action no="1" player="mark39Mark" type="15" discard="1" dealt="1" sum="5"/>
<action no="2" player="gasgas" type="15" discard="1" dealt="1" sum="5"/>
<action no="3" player="oreiasccp" type="15" sum="5"/>
<action no="4" player="mark39Mark" type="1" discard="1" dealt="1" sum="30"/>
<action no="5" player="gasgas" type="2" discard="1" dealt="1" sum="60"/>
</round>
<round no="1"><cards type="Pocket" player="oreiasccp">C5 C6</cards>
<cards type="Pocket" player="mark39Mark">DQ S6</cards>
<cards type="Pocket" player="gasgas">D9 CJ</cards>
<action no="6" player="oreiasccp" type="0" sum="0"/>
<action no="7" player="mark39Mark" type="23" discard="1" dealt="1" sum="874"/>
<action no="8" player="gasgas" type="7" discard="1" dealt="1" sum="323"/>
</round>
<round no="2"><cards type="Flop">H8 D4 H10</cards>
</round>
<round no="3"><cards type="Turn">D7</cards>
</round>
<round no="4"><cards type="River">DA</cards>
</round>
</game>
<game gamecode="11536464528"><general><startdate>2025-06-27 08:06:18</startdate>
<round>1</round>
<failsafecounter/>
<players><player seat="6" name="oreiasccp" chips="228" dealer="0" win="0" bet="65" muck="1" rebuy="0" addon="0" merge="0" rebuychips="0" reg_code="8392758049"/>
<player seat="10" name="mark39Mark" chips="491" dealer="1" win="165" bet="491" muck="1" rebuy="0" addon="0" merge="0" rebuychips="0" reg_code="8392758070"/>
<player seat="3" name="gasgas" chips="781" dealer="0" win="0" bet="35" muck="1" rebuy="0" addon="0" merge="0" rebuychips="0" reg_code="8392758045"/>
</players>
</general>
<round no="0"><action no="1" player="gasgas" type="15" discard="1" dealt="1" sum="5"/>
<action no="2" player="oreiasccp" type="15" sum="5"/>
<action no="3" player="mark39Mark" type="15" discard="1" dealt="1" sum="5"/>
<action no="4" player="gasgas" type="1" discard="1" dealt="1" sum="30"/>
<action no="5" player="oreiasccp" type="2" sum="60"/>
</round>
<round no="1"><cards type="Pocket" player="gasgas">X X</cards>
<cards type="Pocket" player="oreiasccp">DK C7</cards>
<cards type="Pocket" player="mark39Mark">X X</cards>
<action no="6" player="mark39Mark" type="23" discard="1" dealt="1" sum="486"/>
<action no="7" player="gasgas" type="0" discard="1" dealt="1" sum="0"/>
<action no="8" player="oreiasccp" type="0" sum="0"/>
</round>
</game>
<game gamecode="11536464551"><general><startdate>2025-06-27 08:06:28</startdate>
<round>1</round>
<failsafecounter/>
<players><player seat="10" name="mark39Mark" chips="591" dealer="0" win="331" bet="163" muck="0" rebuy="0" addon="0" merge="0" rebuychips="0" reg_code="8392758070"/>
<player seat="3" name="gasgas" chips="746" dealer="1" win="0" bet="5" muck="1" rebuy="0" addon="0" merge="0" rebuychips="0" reg_code="8392758045"/>
<player seat="6" name="oreiasccp" chips="163" dealer="0" win="0" bet="163" muck="0" rebuy="0" addon="0" merge="0" rebuychips="0" reg_code="8392758049"/>
</players>
</general>
<round no="0"><action no="1" player="oreiasccp" type="15" sum="5"/>
<action no="2" player="mark39Mark" type="15" discard="1" dealt="1" sum="5"/>
<action no="3" player="gasgas" type="15" discard="1" dealt="1" sum="5"/>
<action no="4" player="oreiasccp" type="1" sum="30"/>
<action no="5" player="mark39Mark" type="2" discard="1" dealt="1" sum="60"/>
</round>
<round no="1"><cards type="Pocket" player="gasgas">X X</cards>
<cards type="Pocket" player="mark39Mark">S7 H7</cards>
<cards type="Pocket" player="oreiasccp">SA CK</cards>
<action no="6" player="gasgas" type="0" discard="1" dealt="1" sum="0"/>
<action no="7" player="oreiasccp" type="23" sum="158"/>
<action no="8" player="mark39Mark" type="3" discard="1" dealt="1" sum="98"/>
</round>
<round no="2"><cards type="Flop">SJ H5 C10</cards>
</round>
<round no="3"><cards type="Turn">H9</cards>
</round>
<round no="4"><cards type="River">C7</cards>
</round>
</game>
</session>
