<?xml version="1.0" encoding="UTF-8"?>
<session sessioncode="8392778539">
<general>
<client_version>25.1.1.13</client_version>
<mode>real</mode>
<gametype>Holdem NL</gametype>
<tablename>Twister €5 SNG, 1128645714</tablename>
<tournamentcode>1128645713</tournamentcode>
<tournamentname>Twister €5 SNG</tournamentname>
<buyin>€0 + €0.35 + €4.65</buyin>
<totalbuyin>€5</totalbuyin>
<rewarddrawn>€15</rewarddrawn>
<tournamentcurrency>EUR</tournamentcurrency>
<currency>EUR</currency>
<nickname>oreiasccp</nickname>
<gamecount>9</gamecount>
<startdate>2025-06-27 09:25:28</startdate>
<place>2</place>
<win>€0</win>
<tablesize>3</tablesize>
</general>
<game gamecode="11536517370"><general><startdate>2025-06-27 09:25:43</startdate>
<round>1</round>
<failsafecounter/>
<players><player seat="10" name="oreiasccp" chips="500" dealer="0" win="0" bet="100" muck="1" rebuy="0" addon="0" merge="0" rebuychips="0" reg_code="8392778539"/>
<player seat="3" name="Celticcrypt" chips="500" dealer="1" win="0" bet="0" muck="1" rebuy="0" addon="0" merge="0" rebuychips="0" reg_code="8392778449"/>
<player seat="6" name="Player1563" chips="500" dealer="0" win="200" bet="160" muck="1" rebuy="0" addon="0" merge="0" rebuychips="0" reg_code="8392778469"/>
</players>
</general>
<round no="0"><action no="1" player="Player1563" type="1" discard="1" dealt="1" sum="10"/>
<action no="2" player="oreiasccp" type="2" sum="20"/>
</round>
<round no="1"><cards type="Pocket" player="oreiasccp">DJ C10</cards>
<cards type="Pocket" player="Celticcrypt">X X</cards>
<cards type="Pocket" player="Player1563">X X</cards>
<action no="3" player="Celticcrypt" type="0" discard="1" dealt="1" sum="0"/>
<action no="4" player="Player1563" type="23" discard="1" dealt="1" sum="60"/>
<action no="5" player="oreiasccp" type="3" sum="40"/>
</round>
<round no="2"><cards type="Flop">C5 H9 H3</cards>
<action no="6" player="Player1563" type="4" discard="1" dealt="1" sum="0"/>
<action no="7" player="oreiasccp" type="4" sum="0"/>
</round>
<round no="3"><cards type="Turn">C8</cards>
<action no="8" player="Player1563" type="5" discard="1" dealt="1" sum="40"/>
<action no="9" player="oreiasccp" type="3" sum="40"/>
</round>
<round no="4"><cards type="River">C6</cards>
<action no="10" player="Player1563" type="5" discard="1" dealt="1" sum="60"/>
<action no="11" player="oreiasccp" type="0" sum="0"/>
</round>
</game>
<game gamecode="11536517452"><general><startdate>2025-06-27 09:26:13</startdate>
<round>1</round>
<failsafecounter/>
<players><player seat="3" name="Celticcrypt" chips="500" dealer="0" win="0" bet="130" muck="1" rebuy="0" addon="0" merge="0" rebuychips="0" reg_code="8392778449"/>
<player seat="6" name="Player1563" chips="600" dealer="1" win="0" bet="0" muck="1" rebuy="0" addon="0" merge="0" rebuychips="0" reg_code="8392778469"/>
<player seat="10" name="oreiasccp" chips="400" dealer="0" win="260" bet="400" muck="1" rebuy="0" addon="0" merge="0" rebuychips="0" reg_code="8392778539"/>
</players>
</general>
<round no="0"><action no="1" player="oreiasccp" type="1" sum="10"/>
<action no="2" player="Celticcrypt" type="2" discard="1" dealt="1" sum="20"/>
</round>
<round no="1"><cards type="Pocket" player="oreiasccp">HK DK</cards>
<cards type="Pocket" player="Celticcrypt">X X</cards>
<cards type="Pocket" player="Player1563">X X</cards>
<action no="3" player="Player1563" type="0" discard="1" dealt="1" sum="0"/>
<action no="4" player="oreiasccp" type="23" sum="50"/>
<action no="5" player="Celticcrypt" type="3" discard="1" dealt="1" sum="30"/>
</round>
<round no="2"><cards type="Flop">D9 D2 CA</cards>
<action no="6" player="oreiasccp" type="5" sum="20"/>
<action no="7" player="Celticcrypt" type="3" discard="1" dealt="1" sum="20"/>
</round>
<round no="3"><cards type="Turn">D6</cards>
<action no="8" player="oreiasccp" type="5" sum="60"/>
<action no="9" player="Celticcrypt" type="3" discard="1" dealt="1" sum="60"/>
</round>
<round no="4"><cards type="River">D7</cards>
<action no="10" player="oreiasccp" type="5" sum="270"/>
<action no="11" player="Celticcrypt" type="0" discard="1" dealt="1" sum="0"/>
</round>
</game>
<game gamecode="11536517519"><general><startdate>2025-06-27 09:26:39</startdate>
<round>1</round>
<failsafecounter/>
<players><player seat="6" name="Player1563" chips="600" dealer="0" win="320" bet="300" muck="1" rebuy="0" addon="0" merge="0" rebuychips="0" reg_code="8392778469"/>
<player seat="10" name="oreiasccp" chips="530" dealer="1" win="0" bet="40" muck="1" rebuy="0" addon="0" merge="0" rebuychips="0" reg_code="8392778539"/>
<player seat="3" name="Celticcrypt" chips="370" dealer="0" win="0" bet="140" muck="1" rebuy="0" addon="0" merge="0" rebuychips="0" reg_code="8392778449"/>
</players>
</general>
<round no="0"><action no="1" player="Celticcrypt" type="1" discard="1" dealt="1" sum="10"/>
<action no="2" player="Player1563" type="2" discard="1" dealt="1" sum="20"/>
</round>
<round no="1"><cards type="Pocket" player="Player1563">X X</cards>
<cards type="Pocket" player="oreiasccp">H4 S4</cards>
<cards type="Pocket" player="Celticcrypt">X X</cards>
<action no="3" player="oreiasccp" type="23" sum="40"/>
<action no="4" player="Celticcrypt" type="3" discard="1" dealt="1" sum="30"/>
<action no="5" player="Player1563" type="23" discard="1" dealt="1" sum="140"/>
<action no="6" player="oreiasccp" type="0" sum="0"/>
<action no="7" player="Celticcrypt" type="3" discard="1" dealt="1" sum="100"/>
</round>
<round no="2"><cards type="Flop">DJ DA HA</cards>
<action no="8" player="Celticcrypt" type="4" discard="1" dealt="1" sum="0"/>
<action no="9" player="Player1563" type="5" discard="1" dealt="1" sum="160"/>
<action no="10" player="Celticcrypt" type="0" discard="1" dealt="1" sum="0"/>
</round>
</game>
<game gamecode="11536517584"><general><startdate>2025-06-27 09:27:04</startdate>
<round>1</round>
<failsafecounter/>
<players><player seat="10" name="oreiasccp" chips="490" dealer="0" win="0" bet="20" muck="1" rebuy="0" addon="0" merge="0" rebuychips="0" reg_code="8392778539"/>
<player seat="3" name="Celticcrypt" chips="230" dealer="1" win="50" bet="40" muck="1" rebuy="0" addon="0" merge="0" rebuychips="0" reg_code="8392778449"/>
<player seat="6" name="Player1563" chips="780" dealer="0" win="0" bet="10" muck="1" rebuy="0" addon="0" merge="0" rebuychips="0" reg_code="8392778469"/>
</players>
</general>
<round no="0"><action no="1" player="Player1563" type="1" discard="1" dealt="1" sum="10"/>
<action no="2" player="oreiasccp" type="2" sum="20"/>
</round>
<round no="1"><cards type="Pocket" player="oreiasccp">CK H6</cards>
<cards type="Pocket" player="Player1563">X X</cards>
<cards type="Pocket" player="Celticcrypt">X X</cards>
<action no="3" player="Celticcrypt" type="23" discard="1" dealt="1" sum="40"/>
<action no="4" player="Player1563" type="0" discard="1" dealt="1" sum="0"/>
<action no="5" player="oreiasccp" type="0" sum="0"/>
</round>
</game>
<game gamecode="11536517614"><general><startdate>2025-06-27 09:27:15</startdate>
<round>1</round>
<failsafecounter/>
<players><player seat="3" name="Celticcrypt" chips="260" dealer="0" win="20" bet="20" muck="1" rebuy="0" addon="0" merge="0" rebuychips="0" reg_code="8392778449"/>
<player seat="6" name="Player1563" chips="770" dealer="1" win="0" bet="0" muck="1" rebuy="0" addon="0" merge="0" rebuychips="0" reg_code="8392778469"/>
<player seat="10" name="oreiasccp" chips="470" dealer="0" win="0" bet="10" muck="1" rebuy="0" addon="0" merge="0" rebuychips="0" reg_code="8392778539"/>
</players>
</general>
<round no="0"><action no="1" player="oreiasccp" type="1" sum="10"/>
<action no="2" player="Celticcrypt" type="2" discard="1" dealt="1" sum="20"/>
</round>
<round no="1"><cards type="Pocket" player="Player1563">X X</cards>
<cards type="Pocket" player="Celticcrypt">X X</cards>
<cards type="Pocket" player="oreiasccp">H10 S5</cards>
<action no="3" player="Player1563" type="0" discard="1" dealt="1" sum="0"/>
<action no="4" player="oreiasccp" type="0" sum="0"/>
</round>
</game>
<game gamecode="11536517636"><general><startdate>2025-06-27 09:27:22</startdate>
<round>1</round>
<failsafecounter/>
<players><player seat="6" name="Player1563" chips="770" dealer="0" win="580" bet="270" muck="0" rebuy="0" addon="0" merge="0" rebuychips="0" reg_code="8392778469"/>
<player seat="10" name="oreiasccp" chips="460" dealer="1" win="0" bet="40" muck="1" rebuy="0" addon="0" merge="0" rebuychips="0" reg_code="8392778539"/>
<player seat="3" name="Celticcrypt" chips="270" dealer="0" win="0" bet="270" muck="0" rebuy="0" addon="0" merge="0" rebuychips="0" reg_code="8392778449"/>
</players>
</general>
<round no="0"><action no="1" player="Celticcrypt" type="1" discard="1" dealt="1" sum="10"/>
<action no="2" player="Player1563" type="2" discard="1" dealt="1" sum="20"/>
</round>
<round no="1"><cards type="Pocket" player="Celticcrypt">SK HJ</cards>
<cards type="Pocket" player="Player1563">DJ SJ</cards>
<cards type="Pocket" player="oreiasccp">SQ CK</cards>
<action no="3" player="oreiasccp" type="23" sum="40"/>
<action no="4" player="Celticcrypt" type="3" discard="1" dealt="1" sum="30"/>
<action no="5" player="Player1563" type="23" discard="1" dealt="1" sum="140"/>
<action no="6" player="oreiasccp" type="0" sum="0"/>
<action no="7" player="Celticcrypt" type="3" discard="1" dealt="1" sum="100"/>
</round>
<round no="2"><cards type="Flop">H10 D7 HA</cards>
<action no="8" player="Celticcrypt" type="5" discard="1" dealt="1" sum="130"/>
<action no="9" player="Player1563" type="3" discard="1" dealt="1" sum="130"/>
</round>
<round no="3"><cards type="Turn">C4</cards>
</round>
<round no="4"><cards type="River">D4</cards>
</round>
</game>
<game gamecode="11536517709"><general><startdate>2025-06-27 09:27:50</startdate>
<round>1</round>
<failsafecounter/>
<players><player seat="10" name="oreiasccp" chips="420" dealer="0" win="40" bet="35" muck="1" rebuy="0" addon="0" merge="0" rebuychips="0" reg_code="8392778539"/>
<player seat="6" name="Player1563" chips="1,080" dealer="1" win="0" bet="20" muck="1" rebuy="0" addon="0" merge="0" rebuychips="0" reg_code="8392778469"/>
</players>
</general>
<round no="0"><action no="1" player="Player1563" type="15" discard="1" dealt="1" sum="5"/>
<action no="2" player="oreiasccp" type="15" sum="5"/>
<action no="3" player="Player1563" type="1" discard="1" dealt="1" sum="15"/>
<action no="4" player="oreiasccp" type="2" sum="30"/>
</round>
<round no="1"><cards type="Pocket" player="oreiasccp">H8 C3</cards>
<cards type="Pocket" player="Player1563">X X</cards>
<action no="5" player="Player1563" type="0" discard="1" dealt="1" sum="0"/>
</round>
</game>
<game gamecode="11536517723"><general><startdate>2025-06-27 09:27:55</startdate>
<round>1</round>
<failsafecounter/>
<players><player seat="6" name="Player1563" chips="1,060" dealer="0" win="0" bet="35" muck="1" rebuy="0" addon="0" merge="0" rebuychips="0" reg_code="8392778469"/>
<player seat="10" name="oreiasccp" chips="440" dealer="1" win="70" bet="65" muck="1" rebuy="0" addon="0" merge="0" rebuychips="0" reg_code="8392778539"/>
</players>
</general>
<round no="0"><action no="1" player="oreiasccp" type="15" sum="5"/>
<action no="2" player="Player1563" type="15" discard="1" dealt="1" sum="5"/>
<action no="3" player="oreiasccp" type="1" sum="15"/>
<action no="4" player="Player1563" type="2" discard="1" dealt="1" sum="30"/>
</round>
<round no="1"><cards type="Pocket" player="Player1563">X X</cards>
<cards type="Pocket" player="oreiasccp">S5 HQ</cards>
<action no="5" player="oreiasccp" type="23" sum="60"/>
<action no="6" player="Player1563" type="0" discard="1" dealt="1" sum="0"/>
</round>
</game>
<game gamecode="11536517745"><general><startdate>2025-06-27 09:28:03</startdate>
<round>1</round>
<failsafecounter/>
<players><player seat="10" name="oreiasccp" chips="475" dealer="0" win="0" bet="475" muck="0" rebuy="0" addon="0" merge="0" rebuychips="0" reg_code="8392778539"/>
<player seat="6" name="Player1563" chips="1,025" dealer="1" win="950" bet="475" muck="0" rebuy="0" addon="0" merge="0" rebuychips="0" reg_code="8392778469"/>
</players>
</general>
<round no="0"><action no="1" player="Player1563" type="15" discard="1" dealt="1" sum="5"/>
<action no="2" player="oreiasccp" type="15" sum="5"/>
<action no="3" player="Player1563" type="1" discard="1" dealt="1" sum="15"/>
<action no="4" player="oreiasccp" type="2" sum="30"/>
</round>
<round no="1"><cards type="Pocket" player="Player1563">S10 DK</cards>
<cards type="Pocket" player="oreiasccp">C5 SA</cards>
<action no="5" player="Player1563" type="23" discard="1" dealt="1" sum="120"/>
<action no="6" player="oreiasccp" type="23" sum="470"/>
<action no="7" player="Player1563" type="3" discard="1" dealt="1" sum="350"/>
</round>
<round no="2"><cards type="Flop">DJ H8 HK</cards>
</round>
<round no="3"><cards type="Turn">C3</cards>
</round>
<round no="4"><cards type="River">D8</cards>
</round>
</game>
</session>
