<?xml version="1.0" encoding="UTF-8"?>
<session sessioncode="8392781217">
<general>
<client_version>25.1.1.13</client_version>
<mode>real</mode>
<gametype>Holdem NL</gametype>
<tablename>Twister €5 SNG, 1128646128</tablename>
<tournamentcode>1128646127</tournamentcode>
<tournamentname>Twister €5 SNG</tournamentname>
<buyin>€0 + €0.35 + €4.65</buyin>
<totalbuyin>€5</totalbuyin>
<rewarddrawn>€10</rewarddrawn>
<tournamentcurrency>EUR</tournamentcurrency>
<currency>EUR</currency>
<nickname>oreiasccp</nickname>
<gamecount>20</gamecount>
<startdate>2025-06-27 09:37:10</startdate>
<place>3</place>
<win>€0</win>
<tablesize>3</tablesize>
</general>
<game gamecode="11536524335"><general><startdate>2025-06-27 09:37:26</startdate>
<round>1</round>
<failsafecounter/>
<players><player seat="3" name="WODZIN" chips="500" dealer="0" win="0" bet="40" muck="1" rebuy="0" addon="0" merge="0" rebuychips="0" reg_code="8392781180"/>
<player seat="6" name="oreiasccp" chips="500" dealer="1" win="0" bet="0" muck="1" rebuy="0" addon="0" merge="0" rebuychips="0" reg_code="8392781217"/>
<player seat="10" name="AndersonP09" chips="500" dealer="0" win="80" bet="66" muck="1" rebuy="0" addon="0" merge="0" rebuychips="0" reg_code="8392781225"/>
</players>
</general>
<round no="0"><action no="1" player="AndersonP09" type="1" discard="1" dealt="1" sum="10"/>
<action no="2" player="WODZIN" type="2" discard="1" dealt="1" sum="20"/>
</round>
<round no="1"><cards type="Pocket" player="oreiasccp">DK H5</cards>
<cards type="Pocket" player="WODZIN">X X</cards>
<cards type="Pocket" player="AndersonP09">X X</cards>
<action no="3" player="oreiasccp" type="0" sum="0"/>
<action no="4" player="AndersonP09" type="23" discard="1" dealt="1" sum="40"/>
<action no="5" player="WODZIN" type="3" discard="1" dealt="1" sum="20"/>
</round>
<round no="2"><cards type="Flop">SJ H6 S2</cards>
<action no="6" player="AndersonP09" type="5" discard="1" dealt="1" sum="26"/>
<action no="7" player="WODZIN" type="0" discard="1" dealt="1" sum="0"/>
</round>
</game>
<game gamecode="11536524398"><general><startdate>2025-06-27 09:37:49</startdate>
<round>1</round>
<failsafecounter/>
<players><player seat="6" name="oreiasccp" chips="500" dealer="0" win="0" bet="20" muck="1" rebuy="0" addon="0" merge="0" rebuychips="0" reg_code="8392781217"/>
<player seat="10" name="AndersonP09" chips="540" dealer="1" win="100" bet="72" muck="1" rebuy="0" addon="0" merge="0" rebuychips="0" reg_code="8392781225"/>
<player seat="3" name="WODZIN" chips="460" dealer="0" win="0" bet="40" muck="1" rebuy="0" addon="0" merge="0" rebuychips="0" reg_code="8392781180"/>
</players>
</general>
<round no="0"><action no="1" player="WODZIN" type="1" discard="1" dealt="1" sum="10"/>
<action no="2" player="oreiasccp" type="2" sum="20"/>
</round>
<round no="1"><cards type="Pocket" player="oreiasccp">S10 C6</cards>
<cards type="Pocket" player="WODZIN">X X</cards>
<cards type="Pocket" player="AndersonP09">X X</cards>
<action no="3" player="AndersonP09" type="23" discard="1" dealt="1" sum="40"/>
<action no="4" player="WODZIN" type="3" discard="1" dealt="1" sum="30"/>
<action no="5" player="oreiasccp" type="0" sum="0"/>
</round>
<round no="2"><cards type="Flop">H5 DA HK</cards>
<action no="6" player="WODZIN" type="4" discard="1" dealt="1" sum="0"/>
<action no="7" player="AndersonP09" type="5" discard="1" dealt="1" sum="32"/>
<action no="8" player="WODZIN" type="0" discard="1" dealt="1" sum="0"/>
</round>
</game>
<game gamecode="11536524455"><general><startdate>2025-06-27 09:38:14</startdate>
<round>1</round>
<failsafecounter/>
<players><player seat="10" name="AndersonP09" chips="600" dealer="0" win="120" bet="150" muck="1" rebuy="0" addon="0" merge="0" rebuychips="0" reg_code="8392781225"/>
<player seat="3" name="WODZIN" chips="420" dealer="1" win="0" bet="0" muck="1" rebuy="0" addon="0" merge="0" rebuychips="0" reg_code="8392781180"/>
<player seat="6" name="oreiasccp" chips="480" dealer="0" win="0" bet="60" muck="1" rebuy="0" addon="0" merge="0" rebuychips="0" reg_code="8392781217"/>
</players>
</general>
<round no="0"><action no="1" player="oreiasccp" type="1" sum="10"/>
<action no="2" player="AndersonP09" type="2" discard="1" dealt="1" sum="20"/>
</round>
<round no="1"><cards type="Pocket" player="AndersonP09">X X</cards>
<cards type="Pocket" player="oreiasccp">D2 SA</cards>
<cards type="Pocket" player="WODZIN">X X</cards>
<action no="3" player="WODZIN" type="0" discard="1" dealt="1" sum="0"/>
<action no="4" player="oreiasccp" type="23" sum="40"/>
<action no="5" player="AndersonP09" type="3" discard="1" dealt="1" sum="20"/>
</round>
<round no="2"><cards type="Flop">DJ S7 H4</cards>
<action no="6" player="oreiasccp" type="5" sum="20"/>
<action no="7" player="AndersonP09" type="3" discard="1" dealt="1" sum="20"/>
</round>
<round no="3"><cards type="Turn">H9</cards>
<action no="8" player="oreiasccp" type="4" sum="0"/>
<action no="9" player="AndersonP09" type="5" discard="1" dealt="1" sum="90"/>
<action no="10" player="oreiasccp" type="0" sum="0"/>
</round>
</game>
<game gamecode="11536524554"><general><startdate>2025-06-27 09:38:51</startdate>
<round>1</round>
<failsafecounter/>
<players><player seat="3" name="WODZIN" chips="420" dealer="0" win="20" bet="20" muck="1" rebuy="0" addon="0" merge="0" rebuychips="0" reg_code="8392781180"/>
<player seat="6" name="oreiasccp" chips="420" dealer="1" win="0" bet="0" muck="1" rebuy="0" addon="0" merge="0" rebuychips="0" reg_code="8392781217"/>
<player seat="10" name="AndersonP09" chips="660" dealer="0" win="0" bet="10" muck="1" rebuy="0" addon="0" merge="0" rebuychips="0" reg_code="8392781225"/>
</players>
</general>
<round no="0"><action no="1" player="AndersonP09" type="1" discard="1" dealt="1" sum="10"/>
<action no="2" player="WODZIN" type="2" discard="1" dealt="1" sum="20"/>
</round>
<round no="1"><cards type="Pocket" player="WODZIN">X X</cards>
<cards type="Pocket" player="oreiasccp">H4 H6</cards>
<cards type="Pocket" player="AndersonP09">X X</cards>
<action no="3" player="oreiasccp" type="0" sum="0"/>
<action no="4" player="AndersonP09" type="0" discard="1" dealt="1" sum="0"/>
</round>
</game>
<game gamecode="11536524592"><general><startdate>2025-06-27 09:39:07</startdate>
<round>1</round>
<failsafecounter/>
<players><player seat="6" name="oreiasccp" chips="420" dealer="0" win="0" bet="20" muck="1" rebuy="0" addon="0" merge="0" rebuychips="0" reg_code="8392781217"/>
<player seat="10" name="AndersonP09" chips="650" dealer="1" win="0" bet="172" muck="1" rebuy="0" addon="0" merge="0" rebuychips="0" reg_code="8392781225"/>
<player seat="3" name="WODZIN" chips="430" dealer="0" win="364" bet="272" muck="1" rebuy="0" addon="0" merge="0" rebuychips="0" reg_code="8392781180"/>
</players>
</general>
<round no="0"><action no="1" player="WODZIN" type="1" discard="1" dealt="1" sum="10"/>
<action no="2" player="oreiasccp" type="2" sum="20"/>
</round>
<round no="1"><cards type="Pocket" player="oreiasccp">DK S3</cards>
<cards type="Pocket" player="WODZIN">X X</cards>
<cards type="Pocket" player="AndersonP09">X X</cards>
<action no="3" player="AndersonP09" type="23" discard="1" dealt="1" sum="40"/>
<action no="4" player="WODZIN" type="3" discard="1" dealt="1" sum="30"/>
<action no="5" player="oreiasccp" type="0" sum="0"/>
</round>
<round no="2"><cards type="Flop">H2 D8 SK</cards>
<action no="6" player="WODZIN" type="4" discard="1" dealt="1" sum="0"/>
<action no="7" player="AndersonP09" type="5" discard="1" dealt="1" sum="32"/>
<action no="8" player="WODZIN" type="3" discard="1" dealt="1" sum="32"/>
</round>
<round no="3"><cards type="Turn">D9</cards>
<action no="9" player="WODZIN" type="4" discard="1" dealt="1" sum="0"/>
<action no="10" player="AndersonP09" type="5" discard="1" dealt="1" sum="100"/>
<action no="11" player="WODZIN" type="23" discard="1" dealt="1" sum="200"/>
<action no="12" player="AndersonP09" type="0" discard="1" dealt="1" sum="0"/>
</round>
</game>
<game gamecode="11536524699"><general><startdate>2025-06-27 09:39:55</startdate>
<round>1</round>
<failsafecounter/>
<players><player seat="10" name="AndersonP09" chips="478" dealer="0" win="0" bet="35" muck="1" rebuy="0" addon="0" merge="0" rebuychips="0" reg_code="8392781225"/>
<player seat="3" name="WODZIN" chips="622" dealer="1" win="0" bet="5" muck="1" rebuy="0" addon="0" merge="0" rebuychips="0" reg_code="8392781180"/>
<player seat="6" name="oreiasccp" chips="400" dealer="0" win="75" bet="400" muck="1" rebuy="0" addon="0" merge="0" rebuychips="0" reg_code="8392781217"/>
</players>
</general>
<round no="0"><action no="1" player="oreiasccp" type="15" sum="5"/>
<action no="2" player="AndersonP09" type="15" discard="1" dealt="1" sum="5"/>
<action no="3" player="WODZIN" type="15" discard="1" dealt="1" sum="5"/>
<action no="4" player="oreiasccp" type="1" sum="15"/>
<action no="5" player="AndersonP09" type="2" discard="1" dealt="1" sum="30"/>
</round>
<round no="1"><cards type="Pocket" player="AndersonP09">X X</cards>
<cards type="Pocket" player="oreiasccp">CJ DQ</cards>
<cards type="Pocket" player="WODZIN">X X</cards>
<action no="6" player="WODZIN" type="0" discard="1" dealt="1" sum="0"/>
<action no="7" player="oreiasccp" type="23" sum="395"/>
<action no="8" player="AndersonP09" type="0" discard="1" dealt="1" sum="0"/>
</round>
</game>
<game gamecode="11536524743"><general><startdate>2025-06-27 09:40:14</startdate>
<round>1</round>
<failsafecounter/>
<players><player seat="3" name="WODZIN" chips="617" dealer="0" win="0" bet="87" muck="1" rebuy="0" addon="0" merge="0" rebuychips="0" reg_code="8392781180"/>
<player seat="6" name="oreiasccp" chips="440" dealer="1" win="0" bet="5" muck="1" rebuy="0" addon="0" merge="0" rebuychips="0" reg_code="8392781217"/>
<player seat="10" name="AndersonP09" chips="443" dealer="0" win="179" bet="266" muck="1" rebuy="0" addon="0" merge="0" rebuychips="0" reg_code="8392781225"/>
</players>
</general>
<round no="0"><action no="1" player="AndersonP09" type="15" discard="1" dealt="1" sum="5"/>
<action no="2" player="WODZIN" type="15" discard="1" dealt="1" sum="5"/>
<action no="3" player="oreiasccp" type="15" sum="5"/>
<action no="4" player="AndersonP09" type="1" discard="1" dealt="1" sum="15"/>
<action no="5" player="WODZIN" type="2" discard="1" dealt="1" sum="30"/>
</round>
<round no="1"><cards type="Pocket" player="AndersonP09">X X</cards>
<cards type="Pocket" player="WODZIN">X X</cards>
<cards type="Pocket" player="oreiasccp">C7 H10</cards>
<action no="6" player="oreiasccp" type="0" sum="0"/>
<action no="7" player="AndersonP09" type="3" discard="1" dealt="1" sum="15"/>
<action no="8" player="WODZIN" type="4" discard="1" dealt="1" sum="0"/>
</round>
<round no="2"><cards type="Flop">H8 SJ S10</cards>
<action no="9" player="AndersonP09" type="4" discard="1" dealt="1" sum="0"/>
<action no="10" player="WODZIN" type="4" discard="1" dealt="1" sum="0"/>
</round>
<round no="3"><cards type="Turn">H3</cards>
<action no="11" player="AndersonP09" type="5" discard="1" dealt="1" sum="52"/>
<action no="12" player="WODZIN" type="3" discard="1" dealt="1" sum="52"/>
</round>
<round no="4"><cards type="River">C10</cards>
<action no="13" player="AndersonP09" type="5" discard="1" dealt="1" sum="179"/>
<action no="14" player="WODZIN" type="0" discard="1" dealt="1" sum="0"/>
</round>
</game>
<game gamecode="11536528255"><general><startdate>2025-06-27 09:41:03</startdate>
<round>1</round>
<failsafecounter/>
<players><player seat="6" name="oreiasccp" chips="435" dealer="0" win="0" bet="113" muck="1" rebuy="0" addon="0" merge="0" rebuychips="0" reg_code="8392781217"/>
<player seat="10" name="AndersonP09" chips="535" dealer="1" win="246" bet="535" muck="1" rebuy="0" addon="0" merge="0" rebuychips="0" reg_code="8392781225"/>
<player seat="3" name="WODZIN" chips="530" dealer="0" win="0" bet="20" muck="1" rebuy="0" addon="0" merge="0" rebuychips="0" reg_code="8392781180"/>
</players>
</general>
<round no="0"><action no="1" player="WODZIN" type="15" discard="1" dealt="1" sum="5"/>
<action no="2" player="oreiasccp" type="15" sum="5"/>
<action no="3" player="AndersonP09" type="15" discard="1" dealt="1" sum="5"/>
<action no="4" player="WODZIN" type="1" discard="1" dealt="1" sum="15"/>
<action no="5" player="oreiasccp" type="2" sum="30"/>
</round>
<round no="1"><cards type="Pocket" player="WODZIN">X X</cards>
<cards type="Pocket" player="oreiasccp">HA S3</cards>
<cards type="Pocket" player="AndersonP09">X X</cards>
<action no="6" player="AndersonP09" type="23" discard="1" dealt="1" sum="60"/>
<action no="7" player="WODZIN" type="0" discard="1" dealt="1" sum="0"/>
<action no="8" player="oreiasccp" type="3" sum="30"/>
</round>
<round no="2"><cards type="Flop">S7 S4 SK</cards>
<action no="9" player="oreiasccp" type="4" sum="0"/>
<action no="10" player="AndersonP09" type="5" discard="1" dealt="1" sum="48"/>
<action no="11" player="oreiasccp" type="3" sum="48"/>
</round>
<round no="3"><cards type="Turn">D3</cards>
<action no="12" player="oreiasccp" type="4" sum="0"/>
<action no="13" player="AndersonP09" type="5" discard="1" dealt="1" sum="422"/>
<action no="14" player="oreiasccp" type="0" sum="0"/>
</round>
</game>
<game gamecode="11536528358"><general><startdate>2025-06-27 09:41:47</startdate>
<round>1</round>
<failsafecounter/>
<players><player seat="10" name="AndersonP09" chips="668" dealer="0" win="115" bet="668" muck="1" rebuy="0" addon="0" merge="0" rebuychips="0" reg_code="8392781225"/>
<player seat="3" name="WODZIN" chips="510" dealer="1" win="0" bet="45" muck="1" rebuy="0" addon="0" merge="0" rebuychips="0" reg_code="8392781180"/>
<player seat="6" name="oreiasccp" chips="322" dealer="0" win="0" bet="25" muck="1" rebuy="0" addon="0" merge="0" rebuychips="0" reg_code="8392781217"/>
</players>
</general>
<round no="0"><action no="1" player="oreiasccp" type="15" sum="5"/>
<action no="2" player="AndersonP09" type="15" discard="1" dealt="1" sum="5"/>
<action no="3" player="WODZIN" type="15" discard="1" dealt="1" sum="5"/>
<action no="4" player="oreiasccp" type="1" sum="20"/>
<action no="5" player="AndersonP09" type="2" discard="1" dealt="1" sum="40"/>
</round>
<round no="1"><cards type="Pocket" player="WODZIN">X X</cards>
<cards type="Pocket" player="oreiasccp">D8 S5</cards>
<cards type="Pocket" player="AndersonP09">X X</cards>
<action no="6" player="WODZIN" type="3" discard="1" dealt="1" sum="40"/>
<action no="7" player="oreiasccp" type="0" sum="0"/>
<action no="8" player="AndersonP09" type="23" discard="1" dealt="1" sum="663"/>
<action no="9" player="WODZIN" type="0" discard="1" dealt="1" sum="0"/>
</round>
</game>
<game gamecode="11536528399"><general><startdate>2025-06-27 09:42:05</startdate>
<round>1</round>
<failsafecounter/>
<players><player seat="3" name="WODZIN" chips="465" dealer="0" win="55" bet="45" muck="1" rebuy="0" addon="0" merge="0" rebuychips="0" reg_code="8392781180"/>
<player seat="6" name="oreiasccp" chips="297" dealer="1" win="0" bet="5" muck="1" rebuy="0" addon="0" merge="0" rebuychips="0" reg_code="8392781217"/>
<player seat="10" name="AndersonP09" chips="738" dealer="0" win="0" bet="25" muck="1" rebuy="0" addon="0" merge="0" rebuychips="0" reg_code="8392781225"/>
</players>
</general>
<round no="0"><action no="1" player="AndersonP09" type="15" discard="1" dealt="1" sum="5"/>
<action no="2" player="WODZIN" type="15" discard="1" dealt="1" sum="5"/>
<action no="3" player="oreiasccp" type="15" sum="5"/>
<action no="4" player="AndersonP09" type="1" discard="1" dealt="1" sum="20"/>
<action no="5" player="WODZIN" type="2" discard="1" dealt="1" sum="40"/>
</round>
<round no="1"><cards type="Pocket" player="oreiasccp">D3 H6</cards>
<cards type="Pocket" player="AndersonP09">X X</cards>
<cards type="Pocket" player="WODZIN">X X</cards>
<action no="6" player="oreiasccp" type="0" sum="0"/>
<action no="7" player="AndersonP09" type="0" discard="1" dealt="1" sum="0"/>
</round>
</game>
<game gamecode="11536528434"><general><startdate>2025-06-27 09:42:21</startdate>
<round>1</round>
<failsafecounter/>
<players><player seat="6" name="oreiasccp" chips="292" dealer="0" win="95" bet="292" muck="1" rebuy="0" addon="0" merge="0" rebuychips="0" reg_code="8392781217"/>
<player seat="10" name="AndersonP09" chips="713" dealer="1" win="0" bet="5" muck="1" rebuy="0" addon="0" merge="0" rebuychips="0" reg_code="8392781225"/>
<player seat="3" name="WODZIN" chips="495" dealer="0" win="0" bet="45" muck="1" rebuy="0" addon="0" merge="0" rebuychips="0" reg_code="8392781180"/>
</players>
</general>
<round no="0"><action no="1" player="WODZIN" type="15" discard="1" dealt="1" sum="5"/>
<action no="2" player="oreiasccp" type="15" sum="5"/>
<action no="3" player="AndersonP09" type="15" discard="1" dealt="1" sum="5"/>
<action no="4" player="WODZIN" type="1" discard="1" dealt="1" sum="20"/>
<action no="5" player="oreiasccp" type="2" sum="40"/>
</round>
<round no="1"><cards type="Pocket" player="AndersonP09">X X</cards>
<cards type="Pocket" player="WODZIN">X X</cards>
<cards type="Pocket" player="oreiasccp">CK S6</cards>
<action no="6" player="AndersonP09" type="0" discard="1" dealt="1" sum="0"/>
<action no="7" player="WODZIN" type="3" discard="1" dealt="1" sum="20"/>
<action no="8" player="oreiasccp" type="23" sum="287"/>
<action no="9" player="WODZIN" type="0" discard="1" dealt="1" sum="0"/>
</round>
</game>
<game gamecode="11536528487"><general><startdate>2025-06-27 09:42:41</startdate>
<round>1</round>
<failsafecounter/>
<players><player seat="10" name="AndersonP09" chips="708" dealer="0" win="115" bet="708" muck="1" rebuy="0" addon="0" merge="0" rebuychips="0" reg_code="8392781225"/>
<player seat="3" name="WODZIN" chips="450" dealer="1" win="0" bet="45" muck="1" rebuy="0" addon="0" merge="0" rebuychips="0" reg_code="8392781180"/>
<player seat="6" name="oreiasccp" chips="342" dealer="0" win="0" bet="25" muck="1" rebuy="0" addon="0" merge="0" rebuychips="0" reg_code="8392781217"/>
</players>
</general>
<round no="0"><action no="1" player="oreiasccp" type="15" sum="5"/>
<action no="2" player="AndersonP09" type="15" discard="1" dealt="1" sum="5"/>
<action no="3" player="WODZIN" type="15" discard="1" dealt="1" sum="5"/>
<action no="4" player="oreiasccp" type="1" sum="20"/>
<action no="5" player="AndersonP09" type="2" discard="1" dealt="1" sum="40"/>
</round>
<round no="1"><cards type="Pocket" player="AndersonP09">X X</cards>
<cards type="Pocket" player="WODZIN">X X</cards>
<cards type="Pocket" player="oreiasccp">C10 H9</cards>
<action no="6" player="WODZIN" type="3" discard="1" dealt="1" sum="40"/>
<action no="7" player="oreiasccp" type="0" sum="0"/>
<action no="8" player="AndersonP09" type="23" discard="1" dealt="1" sum="703"/>
<action no="9" player="WODZIN" type="0" discard="1" dealt="1" sum="0"/>
</round>
</game>
<game gamecode="11536528536"><general><startdate>2025-06-27 09:43:00</startdate>
<round>1</round>
<failsafecounter/>
<players><player seat="3" name="WODZIN" chips="405" dealer="0" win="55" bet="45" muck="1" rebuy="0" addon="0" merge="0" rebuychips="0" reg_code="8392781180"/>
<player seat="6" name="oreiasccp" chips="317" dealer="1" win="0" bet="5" muck="1" rebuy="0" addon="0" merge="0" rebuychips="0" reg_code="8392781217"/>
<player seat="10" name="AndersonP09" chips="778" dealer="0" win="0" bet="25" muck="1" rebuy="0" addon="0" merge="0" rebuychips="0" reg_code="8392781225"/>
</players>
</general>
<round no="0"><action no="1" player="AndersonP09" type="15" discard="1" dealt="1" sum="5"/>
<action no="2" player="WODZIN" type="15" discard="1" dealt="1" sum="5"/>
<action no="3" player="oreiasccp" type="15" sum="5"/>
<action no="4" player="AndersonP09" type="1" discard="1" dealt="1" sum="20"/>
<action no="5" player="WODZIN" type="2" discard="1" dealt="1" sum="40"/>
</round>
<round no="1"><cards type="Pocket" player="WODZIN">X X</cards>
<cards type="Pocket" player="oreiasccp">S5 H3</cards>
<cards type="Pocket" player="AndersonP09">X X</cards>
<action no="6" player="oreiasccp" type="0" sum="0"/>
<action no="7" player="AndersonP09" type="0" discard="1" dealt="1" sum="0"/>
</round>
</game>
<game gamecode="11536528572"><general><startdate>2025-06-27 09:43:15</startdate>
<round>1</round>
<failsafecounter/>
<players><player seat="6" name="oreiasccp" chips="312" dealer="0" win="0" bet="45" muck="1" rebuy="0" addon="0" merge="0" rebuychips="0" reg_code="8392781217"/>
<player seat="10" name="AndersonP09" chips="753" dealer="1" win="0" bet="5" muck="1" rebuy="0" addon="0" merge="0" rebuychips="0" reg_code="8392781225"/>
<player seat="3" name="WODZIN" chips="435" dealer="0" win="95" bet="85" muck="1" rebuy="0" addon="0" merge="0" rebuychips="0" reg_code="8392781180"/>
</players>
</general>
<round no="0"><action no="1" player="WODZIN" type="15" discard="1" dealt="1" sum="5"/>
<action no="2" player="oreiasccp" type="15" sum="5"/>
<action no="3" player="AndersonP09" type="15" discard="1" dealt="1" sum="5"/>
<action no="4" player="WODZIN" type="1" discard="1" dealt="1" sum="20"/>
<action no="5" player="oreiasccp" type="2" sum="40"/>
</round>
<round no="1"><cards type="Pocket" player="WODZIN">X X</cards>
<cards type="Pocket" player="AndersonP09">X X</cards>
<cards type="Pocket" player="oreiasccp">S5 DJ</cards>
<action no="6" player="AndersonP09" type="0" discard="1" dealt="1" sum="0"/>
<action no="7" player="WODZIN" type="23" discard="1" dealt="1" sum="80"/>
<action no="8" player="oreiasccp" type="0" sum="0"/>
</round>
</game>
<game gamecode="11536528613"><general><startdate>2025-06-27 09:43:32</startdate>
<round>1</round>
<failsafecounter/>
<players><player seat="10" name="AndersonP09" chips="748" dealer="0" win="75" bet="65" muck="1" rebuy="0" addon="0" merge="0" rebuychips="0" reg_code="8392781225"/>
<player seat="3" name="WODZIN" chips="485" dealer="1" win="0" bet="5" muck="1" rebuy="0" addon="0" merge="0" rebuychips="0" reg_code="8392781180"/>
<player seat="6" name="oreiasccp" chips="267" dealer="0" win="0" bet="35" muck="1" rebuy="0" addon="0" merge="0" rebuychips="0" reg_code="8392781217"/>
</players>
</general>
<round no="0"><action no="1" player="oreiasccp" type="15" sum="5"/>
<action no="2" player="AndersonP09" type="15" discard="1" dealt="1" sum="5"/>
<action no="3" player="WODZIN" type="15" discard="1" dealt="1" sum="5"/>
<action no="4" player="oreiasccp" type="1" sum="30"/>
<action no="5" player="AndersonP09" type="2" discard="1" dealt="1" sum="60"/>
</round>
<round no="1"><cards type="Pocket" player="AndersonP09">X X</cards>
<cards type="Pocket" player="WODZIN">X X</cards>
<cards type="Pocket" player="oreiasccp">H7 H3</cards>
<action no="6" player="WODZIN" type="0" discard="1" dealt="1" sum="0"/>
<action no="7" player="oreiasccp" type="0" sum="0"/>
</round>
</game>
<game gamecode="11536528639"><general><startdate>2025-06-27 09:43:40</startdate>
<round>1</round>
<failsafecounter/>
<players><player seat="3" name="WODZIN" chips="480" dealer="0" win="75" bet="65" muck="1" rebuy="0" addon="0" merge="0" rebuychips="0" reg_code="8392781180"/>
<player seat="6" name="oreiasccp" chips="232" dealer="1" win="0" bet="5" muck="1" rebuy="0" addon="0" merge="0" rebuychips="0" reg_code="8392781217"/>
<player seat="10" name="AndersonP09" chips="788" dealer="0" win="0" bet="35" muck="1" rebuy="0" addon="0" merge="0" rebuychips="0" reg_code="8392781225"/>
</players>
</general>
<round no="0"><action no="1" player="AndersonP09" type="15" discard="1" dealt="1" sum="5"/>
<action no="2" player="WODZIN" type="15" discard="1" dealt="1" sum="5"/>
<action no="3" player="oreiasccp" type="15" sum="5"/>
<action no="4" player="AndersonP09" type="1" discard="1" dealt="1" sum="30"/>
<action no="5" player="WODZIN" type="2" discard="1" dealt="1" sum="60"/>
</round>
<round no="1"><cards type="Pocket" player="oreiasccp">HK C4</cards>
<cards type="Pocket" player="AndersonP09">X X</cards>
<cards type="Pocket" player="WODZIN">X X</cards>
<action no="6" player="oreiasccp" type="0" sum="0"/>
<action no="7" player="AndersonP09" type="0" discard="1" dealt="1" sum="0"/>
</round>
</game>
<game gamecode="11536528682"><general><startdate>2025-06-27 09:43:57</startdate>
<round>1</round>
<failsafecounter/>
<players><player seat="6" name="oreiasccp" chips="227" dealer="0" win="0" bet="65" muck="1" rebuy="0" addon="0" merge="0" rebuychips="0" reg_code="8392781217"/>
<player seat="10" name="AndersonP09" chips="753" dealer="1" win="0" bet="5" muck="1" rebuy="0" addon="0" merge="0" rebuychips="0" reg_code="8392781225"/>
<player seat="3" name="WODZIN" chips="520" dealer="0" win="135" bet="125" muck="1" rebuy="0" addon="0" merge="0" rebuychips="0" reg_code="8392781180"/>
</players>
</general>
<round no="0"><action no="1" player="WODZIN" type="15" discard="1" dealt="1" sum="5"/>
<action no="2" player="oreiasccp" type="15" sum="5"/>
<action no="3" player="AndersonP09" type="15" discard="1" dealt="1" sum="5"/>
<action no="4" player="WODZIN" type="1" discard="1" dealt="1" sum="30"/>
<action no="5" player="oreiasccp" type="2" sum="60"/>
</round>
<round no="1"><cards type="Pocket" player="WODZIN">X X</cards>
<cards type="Pocket" player="oreiasccp">D10 C3</cards>
<cards type="Pocket" player="AndersonP09">X X</cards>
<action no="6" player="AndersonP09" type="0" discard="1" dealt="1" sum="0"/>
<action no="7" player="WODZIN" type="3" discard="1" dealt="1" sum="30"/>
<action no="8" player="oreiasccp" type="4" sum="0"/>
</round>
<round no="2"><cards type="Flop">CQ C6 D7</cards>
<action no="9" player="WODZIN" type="4" discard="1" dealt="1" sum="0"/>
<action no="10" player="oreiasccp" type="4" sum="0"/>
</round>
<round no="3"><cards type="Turn">S2</cards>
<action no="11" player="WODZIN" type="5" discard="1" dealt="1" sum="60"/>
<action no="12" player="oreiasccp" type="0" sum="0"/>
</round>
</game>
<game gamecode="11536528720"><general><startdate>2025-06-27 09:44:14</startdate>
<round>1</round>
<failsafecounter/>
<players><player seat="10" name="AndersonP09" chips="748" dealer="0" win="0" bet="65" muck="1" rebuy="0" addon="0" merge="0" rebuychips="0" reg_code="8392781225"/>
<player seat="3" name="WODZIN" chips="590" dealer="1" win="165" bet="125" muck="1" rebuy="0" addon="0" merge="0" rebuychips="0" reg_code="8392781180"/>
<player seat="6" name="oreiasccp" chips="162" dealer="0" win="0" bet="35" muck="1" rebuy="0" addon="0" merge="0" rebuychips="0" reg_code="8392781217"/>
</players>
</general>
<round no="0"><action no="1" player="oreiasccp" type="15" sum="5"/>
<action no="2" player="AndersonP09" type="15" discard="1" dealt="1" sum="5"/>
<action no="3" player="WODZIN" type="15" discard="1" dealt="1" sum="5"/>
<action no="4" player="oreiasccp" type="1" sum="30"/>
<action no="5" player="AndersonP09" type="2" discard="1" dealt="1" sum="60"/>
</round>
<round no="1"><cards type="Pocket" player="AndersonP09">X X</cards>
<cards type="Pocket" player="WODZIN">X X</cards>
<cards type="Pocket" player="oreiasccp">C4 D8</cards>
<action no="6" player="WODZIN" type="3" discard="1" dealt="1" sum="60"/>
<action no="7" player="oreiasccp" type="0" sum="0"/>
<action no="8" player="AndersonP09" type="4" discard="1" dealt="1" sum="0"/>
</round>
<round no="2"><cards type="Flop">S7 H8 D9</cards>
<action no="9" player="AndersonP09" type="4" discard="1" dealt="1" sum="0"/>
<action no="10" player="WODZIN" type="5" discard="1" dealt="1" sum="60"/>
<action no="11" player="AndersonP09" type="0" discard="1" dealt="1" sum="0"/>
</round>
</game>
<game gamecode="11536528809"><general><startdate>2025-06-27 09:44:48</startdate>
<round>1</round>
<failsafecounter/>
<players><player seat="3" name="WODZIN" chips="690" dealer="0" win="75" bet="65" muck="1" rebuy="0" addon="0" merge="0" rebuychips="0" reg_code="8392781180"/>
<player seat="6" name="oreiasccp" chips="127" dealer="1" win="0" bet="5" muck="1" rebuy="0" addon="0" merge="0" rebuychips="0" reg_code="8392781217"/>
<player seat="10" name="AndersonP09" chips="683" dealer="0" win="0" bet="35" muck="1" rebuy="0" addon="0" merge="0" rebuychips="0" reg_code="8392781225"/>
</players>
</general>
<round no="0"><action no="1" player="AndersonP09" type="15" discard="1" dealt="1" sum="5"/>
<action no="2" player="WODZIN" type="15" discard="1" dealt="1" sum="5"/>
<action no="3" player="oreiasccp" type="15" sum="5"/>
<action no="4" player="AndersonP09" type="1" discard="1" dealt="1" sum="30"/>
<action no="5" player="WODZIN" type="2" discard="1" dealt="1" sum="60"/>
</round>
<round no="1"><cards type="Pocket" player="AndersonP09">X X</cards>
<cards type="Pocket" player="WODZIN">X X</cards>
<cards type="Pocket" player="oreiasccp">S8 C9</cards>
<action no="6" player="oreiasccp" type="0" sum="0"/>
<action no="7" player="AndersonP09" type="0" discard="1" dealt="1" sum="0"/>
</round>
</game>
<game gamecode="11536528850"><general><startdate>2025-06-27 09:45:06</startdate>
<round>1</round>
<failsafecounter/>
<players><player seat="6" name="oreiasccp" chips="122" dealer="0" win="0" bet="122" muck="1" rebuy="0" addon="0" merge="0" rebuychips="0" reg_code="8392781217"/>
<player seat="10" name="AndersonP09" chips="648" dealer="1" win="0" bet="5" muck="1" rebuy="0" addon="0" merge="0" rebuychips="0" reg_code="8392781225"/>
<player seat="3" name="WODZIN" chips="730" dealer="0" win="249" bet="125" muck="0" rebuy="0" addon="0" merge="0" rebuychips="0" reg_code="8392781180"/>
</players>
</general>
<round no="0"><action no="1" player="WODZIN" type="15" discard="1" dealt="1" sum="5"/>
<action no="2" player="oreiasccp" type="15" sum="5"/>
<action no="3" player="AndersonP09" type="15" discard="1" dealt="1" sum="5"/>
<action no="4" player="WODZIN" type="1" discard="1" dealt="1" sum="30"/>
<action no="5" player="oreiasccp" type="2" sum="60"/>
</round>
<round no="1"><cards type="Pocket" player="AndersonP09">X X</cards>
<cards type="Pocket" player="oreiasccp">C7 D5</cards>
<cards type="Pocket" player="WODZIN">C9 DQ</cards>
<action no="6" player="AndersonP09" type="0" discard="1" dealt="1" sum="0"/>
<action no="7" player="WODZIN" type="3" discard="1" dealt="1" sum="30"/>
<action no="8" player="oreiasccp" type="4" sum="0"/>
</round>
<round no="2"><cards type="Flop">S6 HK D4</cards>
<action no="9" player="WODZIN" type="5" discard="1" dealt="1" sum="60"/>
<action no="10" player="oreiasccp" type="7" sum="57"/>
</round>
<round no="3"><cards type="Turn">SJ</cards>
</round>
<round no="4"><cards type="River">H9</cards>
</round>
</game>
</session>
