<?xml version="1.0" encoding="UTF-8"?>
<session sessioncode="8392861907">
<general>
<client_version>25.1.1.13</client_version>
<mode>real</mode>
<gametype>Holdem NL</gametype>
<tablename>Twister €5 SNG, 1128656056</tablename>
<tournamentcode>1128656055</tournamentcode>
<tournamentname>Twister €5 SNG</tournamentname>
<buyin>€0 + €0.35 + €4.65</buyin>
<totalbuyin>€5</totalbuyin>
<rewarddrawn>€15</rewarddrawn>
<tournamentcurrency>EUR</tournamentcurrency>
<currency>EUR</currency>
<nickname>oreiasccp</nickname>
<gamecount>6</gamecount>
<startdate>2025-06-27 13:13:05</startdate>
<place>1</place>
<win>€15</win>
<tablesize>3</tablesize>
</general>
<game gamecode="11536711604"><general><startdate>2025-06-27 13:13:20</startdate>
<round>1</round>
<failsafecounter/>
<players><player seat="6" name="oreiasccp" chips="500" dealer="0" win="0" bet="60" muck="1" rebuy="0" addon="0" merge="0" rebuychips="0" reg_code="8392861907"/>
<player seat="10" name="winniewin" chips="500" dealer="1" win="0" bet="60" muck="1" rebuy="0" addon="0" merge="0" rebuychips="0" reg_code="8392861908"/>
<player seat="3" name="machinewild898" chips="500" dealer="0" win="180" bet="500" muck="1" rebuy="0" addon="0" merge="0" rebuychips="0" reg_code="8392861901"/>
</players>
</general>
<round no="0"><action no="1" player="machinewild898" type="1" discard="1" dealt="1" sum="10"/>
<action no="2" player="oreiasccp" type="2" sum="20"/>
</round>
<round no="1"><cards type="Pocket" player="machinewild898">X X</cards>
<cards type="Pocket" player="oreiasccp">H3 SA</cards>
<cards type="Pocket" player="winniewin">X X</cards>
<action no="3" player="winniewin" type="3" discard="1" dealt="1" sum="20"/>
<action no="4" player="machinewild898" type="23" discard="1" dealt="1" sum="60"/>
<action no="5" player="oreiasccp" type="3" sum="40"/>
<action no="6" player="winniewin" type="3" discard="1" dealt="1" sum="40"/>
</round>
<round no="2"><cards type="Flop">H8 D2 H2</cards>
<action no="7" player="machinewild898" type="4" discard="1" dealt="1" sum="0"/>
<action no="8" player="oreiasccp" type="4" sum="0"/>
<action no="9" player="winniewin" type="4" discard="1" dealt="1" sum="0"/>
</round>
<round no="3"><cards type="Turn">H6</cards>
<action no="10" player="machinewild898" type="4" discard="1" dealt="1" sum="0"/>
<action no="11" player="oreiasccp" type="4" sum="0"/>
<action no="12" player="winniewin" type="4" discard="1" dealt="1" sum="0"/>
</round>
<round no="4"><cards type="River">D8</cards>
<action no="13" player="machinewild898" type="5" discard="1" dealt="1" sum="440"/>
<action no="14" player="oreiasccp" type="0" sum="0"/>
<action no="15" player="winniewin" type="0" discard="1" dealt="1" sum="0"/>
</round>
</game>
<game gamecode="11536711719"><general><startdate>2025-06-27 13:13:53</startdate>
<round>1</round>
<failsafecounter/>
<players><player seat="10" name="winniewin" chips="440" dealer="0" win="0" bet="440" muck="0" rebuy="0" addon="0" merge="0" rebuychips="0" reg_code="8392861908"/>
<player seat="3" name="machinewild898" chips="620" dealer="1" win="890" bet="440" muck="0" rebuy="0" addon="0" merge="0" rebuychips="0" reg_code="8392861901"/>
<player seat="6" name="oreiasccp" chips="440" dealer="0" win="0" bet="10" muck="1" rebuy="0" addon="0" merge="0" rebuychips="0" reg_code="8392861907"/>
</players>
</general>
<round no="0"><action no="1" player="oreiasccp" type="1" sum="10"/>
<action no="2" player="winniewin" type="2" discard="1" dealt="1" sum="20"/>
</round>
<round no="1"><cards type="Pocket" player="oreiasccp">C3 DK</cards>
<cards type="Pocket" player="machinewild898">C10 S8</cards>
<cards type="Pocket" player="winniewin">D10 D9</cards>
<action no="3" player="machinewild898" type="23" discard="1" dealt="1" sum="40"/>
<action no="4" player="oreiasccp" type="0" sum="0"/>
<action no="5" player="winniewin" type="3" discard="1" dealt="1" sum="20"/>
</round>
<round no="2"><cards type="Flop">H2 HQ C8</cards>
<action no="6" player="winniewin" type="4" discard="1" dealt="1" sum="0"/>
<action no="7" player="machinewild898" type="5" discard="1" dealt="1" sum="20"/>
<action no="8" player="winniewin" type="3" discard="1" dealt="1" sum="20"/>
</round>
<round no="3"><cards type="Turn">D8</cards>
<action no="9" player="winniewin" type="4" discard="1" dealt="1" sum="0"/>
<action no="10" player="machinewild898" type="5" discard="1" dealt="1" sum="130"/>
<action no="11" player="winniewin" type="3" discard="1" dealt="1" sum="130"/>
</round>
<round no="4"><cards type="River">D2</cards>
<action no="12" player="winniewin" type="5" discard="1" dealt="1" sum="250"/>
<action no="13" player="machinewild898" type="3" discard="1" dealt="1" sum="250"/>
</round>
</game>
<game gamecode="11536711805"><general><startdate>2025-06-27 13:14:16</startdate>
<round>1</round>
<failsafecounter/>
<players><player seat="3" name="machinewild898" chips="1,070" dealer="0" win="40" bet="60" muck="1" rebuy="0" addon="0" merge="0" rebuychips="0" reg_code="8392861901"/>
<player seat="6" name="oreiasccp" chips="430" dealer="1" win="0" bet="20" muck="1" rebuy="0" addon="0" merge="0" rebuychips="0" reg_code="8392861907"/>
</players>
</general>
<round no="0"><action no="1" player="oreiasccp" type="1" sum="10"/>
<action no="2" player="machinewild898" type="2" discard="1" dealt="1" sum="20"/>
</round>
<round no="1"><cards type="Pocket" player="oreiasccp">S5 HJ</cards>
<cards type="Pocket" player="machinewild898">X X</cards>
<action no="3" player="oreiasccp" type="3" sum="10"/>
<action no="4" player="machinewild898" type="23" discard="1" dealt="1" sum="60"/>
<action no="5" player="oreiasccp" type="0" sum="0"/>
</round>
</game>
<game gamecode="11536711846"><general><startdate>2025-06-27 13:14:24</startdate>
<round>1</round>
<failsafecounter/>
<players><player seat="6" name="oreiasccp" chips="410" dealer="0" win="820" bet="410" muck="0" rebuy="0" addon="0" merge="0" rebuychips="0" reg_code="8392861907"/>
<player seat="3" name="machinewild898" chips="1,090" dealer="1" win="0" bet="410" muck="1" rebuy="0" addon="0" merge="0" rebuychips="0" reg_code="8392861901"/>
</players>
</general>
<round no="0"><action no="1" player="machinewild898" type="1" discard="1" dealt="1" sum="10"/>
<action no="2" player="oreiasccp" type="2" sum="20"/>
</round>
<round no="1"><cards type="Pocket" player="oreiasccp">CA DQ</cards>
<cards type="Pocket" player="machinewild898">D5 SK</cards>
<action no="3" player="machinewild898" type="23" discard="1" dealt="1" sum="40"/>
<action no="4" player="oreiasccp" type="23" sum="410"/>
<action no="5" player="machinewild898" type="3" discard="1" dealt="1" sum="370"/>
</round>
<round no="2"><cards type="Flop">S9 D10 H2</cards>
</round>
<round no="3"><cards type="Turn">H3</cards>
</round>
<round no="4"><cards type="River">C9</cards>
</round>
</game>
<game gamecode="11536711918"><general><startdate>2025-06-27 13:14:43</startdate>
<round>1</round>
<failsafecounter/>
<players><player seat="3" name="machinewild898" chips="680" dealer="0" win="80" bet="680" muck="1" rebuy="0" addon="0" merge="0" rebuychips="0" reg_code="8392861901"/>
<player seat="6" name="oreiasccp" chips="820" dealer="1" win="0" bet="40" muck="1" rebuy="0" addon="0" merge="0" rebuychips="0" reg_code="8392861907"/>
</players>
</general>
<round no="0"><action no="1" player="oreiasccp" type="1" sum="10"/>
<action no="2" player="machinewild898" type="2" discard="1" dealt="1" sum="20"/>
</round>
<round no="1"><cards type="Pocket" player="oreiasccp">C7 CQ</cards>
<cards type="Pocket" player="machinewild898">X X</cards>
<action no="3" player="oreiasccp" type="3" sum="10"/>
<action no="4" player="machinewild898" type="4" discard="1" dealt="1" sum="0"/>
</round>
<round no="2"><cards type="Flop">SA H2 SK</cards>
<action no="5" player="machinewild898" type="4" discard="1" dealt="1" sum="0"/>
<action no="6" player="oreiasccp" type="5" sum="20"/>
<action no="7" player="machinewild898" type="3" discard="1" dealt="1" sum="20"/>
</round>
<round no="3"><cards type="Turn">S5</cards>
<action no="8" player="machinewild898" type="5" discard="1" dealt="1" sum="640"/>
<action no="9" player="oreiasccp" type="0" sum="0"/>
</round>
</game>
<game gamecode="11536718034"><general><startdate>2025-06-27 13:15:10</startdate>
<round>1</round>
<failsafecounter/>
<players><player seat="6" name="oreiasccp" chips="780" dealer="0" win="1,440" bet="720" muck="0" rebuy="0" addon="0" merge="0" rebuychips="0" reg_code="8392861907"/>
<player seat="3" name="machinewild898" chips="720" dealer="1" win="0" bet="720" muck="0" rebuy="0" addon="0" merge="0" rebuychips="0" reg_code="8392861901"/>
</players>
</general>
<round no="0"><action no="1" player="machinewild898" type="1" discard="1" dealt="1" sum="10"/>
<action no="2" player="oreiasccp" type="2" sum="20"/>
</round>
<round no="1"><cards type="Pocket" player="oreiasccp">S6 CA</cards>
<cards type="Pocket" player="machinewild898">H5 HA</cards>
<action no="3" player="machinewild898" type="23" discard="1" dealt="1" sum="40"/>
<action no="4" player="oreiasccp" type="23" sum="720"/>
<action no="5" player="machinewild898" type="7" discard="1" dealt="1" sum="680"/>
</round>
<round no="2"><cards type="Flop">D2 D7 S5</cards>
</round>
<round no="3"><cards type="Turn">H6</cards>
</round>
<round no="4"><cards type="River">S2</cards>
</round>
</game>
</session>
