<?xml version="1.0" encoding="UTF-8"?>
<session sessioncode="8392845178">
<general>
<client_version>25.1.1.13</client_version>
<mode>real</mode>
<gametype>Holdem NL</gametype>
<tablename>Twister €5 SNG, 1128654008</tablename>
<tournamentcode>1128654007</tournamentcode>
<tournamentname>Twister €5 SNG</tournamentname>
<buyin>€0 + €0.35 + €4.65</buyin>
<totalbuyin>€5</totalbuyin>
<rewarddrawn>€10</rewarddrawn>
<tournamentcurrency>EUR</tournamentcurrency>
<currency>EUR</currency>
<nickname>oreiasccp</nickname>
<gamecount>13</gamecount>
<startdate>2025-06-27 12:31:38</startdate>
<place>3</place>
<win>€0</win>
<tablesize>3</tablesize>
</general>
<game gamecode="11536674764"><general><startdate>2025-06-27 12:31:53</startdate>
<round>1</round>
<failsafecounter/>
<players><player seat="3" name="ucanhaveit" chips="500" dealer="0" win="0" bet="40" muck="1" rebuy="0" addon="0" merge="0" rebuychips="0" reg_code="8392845119"/>
<player seat="6" name="oreiasccp" chips="500" dealer="1" win="0" bet="0" muck="1" rebuy="0" addon="0" merge="0" rebuychips="0" reg_code="8392845178"/>
<player seat="10" name="Tbag69" chips="500" dealer="0" win="80" bet="60" muck="1" rebuy="0" addon="0" merge="0" rebuychips="0" reg_code="8392845181"/>
</players>
</general>
<round no="0"><action no="1" player="Tbag69" type="1" discard="1" dealt="1" sum="10"/>
<action no="2" player="ucanhaveit" type="2" discard="1" dealt="1" sum="20"/>
</round>
<round no="1"><cards type="Pocket" player="Tbag69">X X</cards>
<cards type="Pocket" player="oreiasccp">C7 H4</cards>
<cards type="Pocket" player="ucanhaveit">X X</cards>
<action no="3" player="oreiasccp" type="0" sum="0"/>
<action no="4" player="Tbag69" type="3" discard="1" dealt="1" sum="10"/>
<action no="5" player="ucanhaveit" type="4" discard="1" dealt="1" sum="0"/>
</round>
<round no="2"><cards type="Flop">S5 D3 S8</cards>
<action no="6" player="Tbag69" type="4" discard="1" dealt="1" sum="0"/>
<action no="7" player="ucanhaveit" type="4" discard="1" dealt="1" sum="0"/>
</round>
<round no="3"><cards type="Turn">CK</cards>
<action no="8" player="Tbag69" type="5" discard="1" dealt="1" sum="20"/>
<action no="9" player="ucanhaveit" type="3" discard="1" dealt="1" sum="20"/>
</round>
<round no="4"><cards type="River">C5</cards>
<action no="10" player="Tbag69" type="5" discard="1" dealt="1" sum="20"/>
<action no="11" player="ucanhaveit" type="0" discard="1" dealt="1" sum="0"/>
</round>
</game>
<game gamecode="11536674857"><general><startdate>2025-06-27 12:32:16</startdate>
<round>1</round>
<failsafecounter/>
<players><player seat="6" name="oreiasccp" chips="500" dealer="0" win="0" bet="20" muck="1" rebuy="0" addon="0" merge="0" rebuychips="0" reg_code="8392845178"/>
<player seat="10" name="Tbag69" chips="540" dealer="1" win="50" bet="40" muck="1" rebuy="0" addon="0" merge="0" rebuychips="0" reg_code="8392845181"/>
<player seat="3" name="ucanhaveit" chips="460" dealer="0" win="0" bet="10" muck="1" rebuy="0" addon="0" merge="0" rebuychips="0" reg_code="8392845119"/>
</players>
</general>
<round no="0"><action no="1" player="ucanhaveit" type="1" discard="1" dealt="1" sum="10"/>
<action no="2" player="oreiasccp" type="2" sum="20"/>
</round>
<round no="1"><cards type="Pocket" player="oreiasccp">C8 H2</cards>
<cards type="Pocket" player="ucanhaveit">X X</cards>
<cards type="Pocket" player="Tbag69">X X</cards>
<action no="3" player="Tbag69" type="23" discard="1" dealt="1" sum="40"/>
<action no="4" player="ucanhaveit" type="0" discard="1" dealt="1" sum="0"/>
<action no="5" player="oreiasccp" type="0" sum="0"/>
</round>
</game>
<game gamecode="11536674906"><general><startdate>2025-06-27 12:32:26</startdate>
<round>1</round>
<failsafecounter/>
<players><player seat="10" name="Tbag69" chips="570" dealer="0" win="0" bet="20" muck="1" rebuy="0" addon="0" merge="0" rebuychips="0" reg_code="8392845181"/>
<player seat="3" name="ucanhaveit" chips="450" dealer="1" win="50" bet="40" muck="1" rebuy="0" addon="0" merge="0" rebuychips="0" reg_code="8392845119"/>
<player seat="6" name="oreiasccp" chips="480" dealer="0" win="0" bet="10" muck="1" rebuy="0" addon="0" merge="0" rebuychips="0" reg_code="8392845178"/>
</players>
</general>
<round no="0"><action no="1" player="oreiasccp" type="1" sum="10"/>
<action no="2" player="Tbag69" type="2" discard="1" dealt="1" sum="20"/>
</round>
<round no="1"><cards type="Pocket" player="oreiasccp">H2 CK</cards>
<cards type="Pocket" player="Tbag69">X X</cards>
<cards type="Pocket" player="ucanhaveit">X X</cards>
<action no="3" player="ucanhaveit" type="23" discard="1" dealt="1" sum="40"/>
<action no="4" player="oreiasccp" type="0" sum="0"/>
<action no="5" player="Tbag69" type="0" discard="1" dealt="1" sum="0"/>
</round>
</game>
<game gamecode="11536674956"><general><startdate>2025-06-27 12:32:38</startdate>
<round>1</round>
<failsafecounter/>
<players><player seat="3" name="ucanhaveit" chips="480" dealer="0" win="40" bet="60" muck="1" rebuy="0" addon="0" merge="0" rebuychips="0" reg_code="8392845119"/>
<player seat="6" name="oreiasccp" chips="470" dealer="1" win="0" bet="0" muck="1" rebuy="0" addon="0" merge="0" rebuychips="0" reg_code="8392845178"/>
<player seat="10" name="Tbag69" chips="550" dealer="0" win="0" bet="20" muck="1" rebuy="0" addon="0" merge="0" rebuychips="0" reg_code="8392845181"/>
</players>
</general>
<round no="0"><action no="1" player="Tbag69" type="1" discard="1" dealt="1" sum="10"/>
<action no="2" player="ucanhaveit" type="2" discard="1" dealt="1" sum="20"/>
</round>
<round no="1"><cards type="Pocket" player="Tbag69">X X</cards>
<cards type="Pocket" player="ucanhaveit">X X</cards>
<cards type="Pocket" player="oreiasccp">S6 D7</cards>
<action no="3" player="oreiasccp" type="0" sum="0"/>
<action no="4" player="Tbag69" type="3" discard="1" dealt="1" sum="10"/>
<action no="5" player="ucanhaveit" type="23" discard="1" dealt="1" sum="60"/>
<action no="6" player="Tbag69" type="0" discard="1" dealt="1" sum="0"/>
</round>
</game>
<game gamecode="11536675004"><general><startdate>2025-06-27 12:32:48</startdate>
<round>1</round>
<failsafecounter/>
<players><player seat="6" name="oreiasccp" chips="470" dealer="0" win="80" bet="470" muck="1" rebuy="0" addon="0" merge="0" rebuychips="0" reg_code="8392845178"/>
<player seat="10" name="Tbag69" chips="530" dealer="1" win="0" bet="0" muck="1" rebuy="0" addon="0" merge="0" rebuychips="0" reg_code="8392845181"/>
<player seat="3" name="ucanhaveit" chips="500" dealer="0" win="0" bet="40" muck="1" rebuy="0" addon="0" merge="0" rebuychips="0" reg_code="8392845119"/>
</players>
</general>
<round no="0"><action no="1" player="ucanhaveit" type="1" discard="1" dealt="1" sum="10"/>
<action no="2" player="oreiasccp" type="2" sum="20"/>
</round>
<round no="1"><cards type="Pocket" player="ucanhaveit">X X</cards>
<cards type="Pocket" player="oreiasccp">D4 S4</cards>
<cards type="Pocket" player="Tbag69">X X</cards>
<action no="3" player="Tbag69" type="0" discard="1" dealt="1" sum="0"/>
<action no="4" player="ucanhaveit" type="23" discard="1" dealt="1" sum="40"/>
<action no="5" player="oreiasccp" type="23" sum="470"/>
<action no="6" player="ucanhaveit" type="0" discard="1" dealt="1" sum="0"/>
</round>
</game>
<game gamecode="11536675083"><general><startdate>2025-06-27 12:33:04</startdate>
<round>1</round>
<failsafecounter/>
<players><player seat="10" name="Tbag69" chips="530" dealer="0" win="280" bet="140" muck="0" rebuy="0" addon="0" merge="0" rebuychips="0" reg_code="8392845181"/>
<player seat="3" name="ucanhaveit" chips="460" dealer="1" win="0" bet="0" muck="1" rebuy="0" addon="0" merge="0" rebuychips="0" reg_code="8392845119"/>
<player seat="6" name="oreiasccp" chips="510" dealer="0" win="0" bet="140" muck="1" rebuy="0" addon="0" merge="0" rebuychips="0" reg_code="8392845178"/>
</players>
</general>
<round no="0"><action no="1" player="oreiasccp" type="1" sum="10"/>
<action no="2" player="Tbag69" type="2" discard="1" dealt="1" sum="20"/>
</round>
<round no="1"><cards type="Pocket" player="oreiasccp">C6 H8</cards>
<cards type="Pocket" player="Tbag69">H10 SQ</cards>
<cards type="Pocket" player="ucanhaveit">X X</cards>
<action no="3" player="ucanhaveit" type="0" discard="1" dealt="1" sum="0"/>
<action no="4" player="oreiasccp" type="23" sum="40"/>
<action no="5" player="Tbag69" type="3" discard="1" dealt="1" sum="20"/>
</round>
<round no="2"><cards type="Flop">D3 CQ S6</cards>
<action no="6" player="oreiasccp" type="4" sum="0"/>
<action no="7" player="Tbag69" type="4" discard="1" dealt="1" sum="0"/>
</round>
<round no="3"><cards type="Turn">DQ</cards>
<action no="8" player="oreiasccp" type="4" sum="0"/>
<action no="9" player="Tbag69" type="5" discard="1" dealt="1" sum="20"/>
<action no="10" player="oreiasccp" type="3" sum="20"/>
</round>
<round no="4"><cards type="River">D7</cards>
<action no="11" player="oreiasccp" type="4" sum="0"/>
<action no="12" player="Tbag69" type="5" discard="1" dealt="1" sum="80"/>
<action no="13" player="oreiasccp" type="3" sum="80"/>
</round>
</game>
<game gamecode="11536675237"><general><startdate>2025-06-27 12:33:39</startdate>
<round>1</round>
<failsafecounter/>
<players><player seat="3" name="ucanhaveit" chips="460" dealer="0" win="20" bet="20" muck="1" rebuy="0" addon="0" merge="0" rebuychips="0" reg_code="8392845119"/>
<player seat="6" name="oreiasccp" chips="370" dealer="1" win="0" bet="0" muck="1" rebuy="0" addon="0" merge="0" rebuychips="0" reg_code="8392845178"/>
<player seat="10" name="Tbag69" chips="670" dealer="0" win="0" bet="10" muck="1" rebuy="0" addon="0" merge="0" rebuychips="0" reg_code="8392845181"/>
</players>
</general>
<round no="0"><action no="1" player="Tbag69" type="1" discard="1" dealt="1" sum="10"/>
<action no="2" player="ucanhaveit" type="2" discard="1" dealt="1" sum="20"/>
</round>
<round no="1"><cards type="Pocket" player="Tbag69">X X</cards>
<cards type="Pocket" player="oreiasccp">C7 D3</cards>
<cards type="Pocket" player="ucanhaveit">X X</cards>
<action no="3" player="oreiasccp" type="0" sum="0"/>
<action no="4" player="Tbag69" type="0" discard="1" dealt="1" sum="0"/>
</round>
</game>
<game gamecode="11536675264"><general><startdate>2025-06-27 12:33:46</startdate>
<round>1</round>
<failsafecounter/>
<players><player seat="6" name="oreiasccp" chips="370" dealer="0" win="0" bet="20" muck="1" rebuy="0" addon="0" merge="0" rebuychips="0" reg_code="8392845178"/>
<player seat="10" name="Tbag69" chips="660" dealer="1" win="0" bet="0" muck="1" rebuy="0" addon="0" merge="0" rebuychips="0" reg_code="8392845181"/>
<player seat="3" name="ucanhaveit" chips="470" dealer="0" win="40" bet="40" muck="1" rebuy="0" addon="0" merge="0" rebuychips="0" reg_code="8392845119"/>
</players>
</general>
<round no="0"><action no="1" player="ucanhaveit" type="1" discard="1" dealt="1" sum="10"/>
<action no="2" player="oreiasccp" type="2" sum="20"/>
</round>
<round no="1"><cards type="Pocket" player="ucanhaveit">X X</cards>
<cards type="Pocket" player="Tbag69">X X</cards>
<cards type="Pocket" player="oreiasccp">S10 C2</cards>
<action no="3" player="Tbag69" type="0" discard="1" dealt="1" sum="0"/>
<action no="4" player="ucanhaveit" type="23" discard="1" dealt="1" sum="40"/>
<action no="5" player="oreiasccp" type="0" sum="0"/>
</round>
</game>
<game gamecode="11536675302"><general><startdate>2025-06-27 12:33:55</startdate>
<round>1</round>
<failsafecounter/>
<players><player seat="10" name="Tbag69" chips="660" dealer="0" win="0" bet="35" muck="1" rebuy="0" addon="0" merge="0" rebuychips="0" reg_code="8392845181"/>
<player seat="3" name="ucanhaveit" chips="490" dealer="1" win="0" bet="5" muck="1" rebuy="0" addon="0" merge="0" rebuychips="0" reg_code="8392845119"/>
<player seat="6" name="oreiasccp" chips="350" dealer="0" win="75" bet="350" muck="1" rebuy="0" addon="0" merge="0" rebuychips="0" reg_code="8392845178"/>
</players>
</general>
<round no="0"><action no="1" player="oreiasccp" type="15" sum="5"/>
<action no="2" player="Tbag69" type="15" discard="1" dealt="1" sum="5"/>
<action no="3" player="ucanhaveit" type="15" discard="1" dealt="1" sum="5"/>
<action no="4" player="oreiasccp" type="1" sum="15"/>
<action no="5" player="Tbag69" type="2" discard="1" dealt="1" sum="30"/>
</round>
<round no="1"><cards type="Pocket" player="ucanhaveit">X X</cards>
<cards type="Pocket" player="Tbag69">X X</cards>
<cards type="Pocket" player="oreiasccp">DK S10</cards>
<action no="6" player="ucanhaveit" type="0" discard="1" dealt="1" sum="0"/>
<action no="7" player="oreiasccp" type="23" sum="345"/>
<action no="8" player="Tbag69" type="0" discard="1" dealt="1" sum="0"/>
</round>
</game>
<game gamecode="11536675344"><general><startdate>2025-06-27 12:34:04</startdate>
<round>1</round>
<failsafecounter/>
<players><player seat="3" name="ucanhaveit" chips="485" dealer="0" win="0" bet="35" muck="1" rebuy="0" addon="0" merge="0" rebuychips="0" reg_code="8392845119"/>
<player seat="6" name="oreiasccp" chips="390" dealer="1" win="0" bet="5" muck="1" rebuy="0" addon="0" merge="0" rebuychips="0" reg_code="8392845178"/>
<player seat="10" name="Tbag69" chips="625" dealer="0" win="75" bet="65" muck="1" rebuy="0" addon="0" merge="0" rebuychips="0" reg_code="8392845181"/>
</players>
</general>
<round no="0"><action no="1" player="Tbag69" type="15" discard="1" dealt="1" sum="5"/>
<action no="2" player="ucanhaveit" type="15" discard="1" dealt="1" sum="5"/>
<action no="3" player="oreiasccp" type="15" sum="5"/>
<action no="4" player="Tbag69" type="1" discard="1" dealt="1" sum="15"/>
<action no="5" player="ucanhaveit" type="2" discard="1" dealt="1" sum="30"/>
</round>
<round no="1"><cards type="Pocket" player="oreiasccp">C3 S4</cards>
<cards type="Pocket" player="ucanhaveit">X X</cards>
<cards type="Pocket" player="Tbag69">X X</cards>
<action no="6" player="oreiasccp" type="0" sum="0"/>
<action no="7" player="Tbag69" type="3" discard="1" dealt="1" sum="15"/>
<action no="8" player="ucanhaveit" type="4" discard="1" dealt="1" sum="0"/>
</round>
<round no="2"><cards type="Flop">H5 S10 H6</cards>
<action no="9" player="Tbag69" type="4" discard="1" dealt="1" sum="0"/>
<action no="10" player="ucanhaveit" type="4" discard="1" dealt="1" sum="0"/>
</round>
<round no="3"><cards type="Turn">C9</cards>
<action no="11" player="Tbag69" type="4" discard="1" dealt="1" sum="0"/>
<action no="12" player="ucanhaveit" type="4" discard="1" dealt="1" sum="0"/>
</round>
<round no="4"><cards type="River">CQ</cards>
<action no="13" player="Tbag69" type="5" discard="1" dealt="1" sum="30"/>
<action no="14" player="ucanhaveit" type="0" discard="1" dealt="1" sum="0"/>
</round>
</game>
<game gamecode="11536680877"><general><startdate>2025-06-27 12:34:21</startdate>
<round>1</round>
<failsafecounter/>
<players><player seat="6" name="oreiasccp" chips="385" dealer="0" win="0" bet="35" muck="1" rebuy="0" addon="0" merge="0" rebuychips="0" reg_code="8392845178"/>
<player seat="10" name="Tbag69" chips="665" dealer="1" win="0" bet="140" muck="1" rebuy="0" addon="0" merge="0" rebuychips="0" reg_code="8392845181"/>
<player seat="3" name="ucanhaveit" chips="450" dealer="0" win="315" bet="450" muck="1" rebuy="0" addon="0" merge="0" rebuychips="0" reg_code="8392845119"/>
</players>
</general>
<round no="0"><action no="1" player="ucanhaveit" type="15" discard="1" dealt="1" sum="5"/>
<action no="2" player="oreiasccp" type="15" sum="5"/>
<action no="3" player="Tbag69" type="15" discard="1" dealt="1" sum="5"/>
<action no="4" player="ucanhaveit" type="1" discard="1" dealt="1" sum="15"/>
<action no="5" player="oreiasccp" type="2" sum="30"/>
</round>
<round no="1"><cards type="Pocket" player="ucanhaveit">X X</cards>
<cards type="Pocket" player="oreiasccp">S4 CJ</cards>
<cards type="Pocket" player="Tbag69">X X</cards>
<action no="6" player="Tbag69" type="3" discard="1" dealt="1" sum="30"/>
<action no="7" player="ucanhaveit" type="3" discard="1" dealt="1" sum="15"/>
<action no="8" player="oreiasccp" type="4" sum="0"/>
</round>
<round no="2"><cards type="Flop">S6 C10 S2</cards>
<action no="9" player="ucanhaveit" type="5" discard="1" dealt="1" sum="105"/>
<action no="10" player="oreiasccp" type="0" sum="0"/>
<action no="11" player="Tbag69" type="3" discard="1" dealt="1" sum="105"/>
</round>
<round no="3"><cards type="Turn">SJ</cards>
<action no="12" player="ucanhaveit" type="5" discard="1" dealt="1" sum="310"/>
<action no="13" player="Tbag69" type="0" discard="1" dealt="1" sum="0"/>
</round>
</game>
<game gamecode="11536680964"><general><startdate>2025-06-27 12:34:43</startdate>
<round>1</round>
<failsafecounter/>
<players><player seat="10" name="Tbag69" chips="525" dealer="0" win="45" bet="35" muck="1" rebuy="0" addon="0" merge="0" rebuychips="0" reg_code="8392845181"/>
<player seat="3" name="ucanhaveit" chips="625" dealer="1" win="0" bet="5" muck="1" rebuy="0" addon="0" merge="0" rebuychips="0" reg_code="8392845119"/>
<player seat="6" name="oreiasccp" chips="350" dealer="0" win="0" bet="20" muck="1" rebuy="0" addon="0" merge="0" rebuychips="0" reg_code="8392845178"/>
</players>
</general>
<round no="0"><action no="1" player="oreiasccp" type="15" sum="5"/>
<action no="2" player="Tbag69" type="15" discard="1" dealt="1" sum="5"/>
<action no="3" player="ucanhaveit" type="15" discard="1" dealt="1" sum="5"/>
<action no="4" player="oreiasccp" type="1" sum="15"/>
<action no="5" player="Tbag69" type="2" discard="1" dealt="1" sum="30"/>
</round>
<round no="1"><cards type="Pocket" player="oreiasccp">D6 C3</cards>
<cards type="Pocket" player="ucanhaveit">X X</cards>
<cards type="Pocket" player="Tbag69">X X</cards>
<action no="6" player="ucanhaveit" type="0" discard="1" dealt="1" sum="0"/>
<action no="7" player="oreiasccp" type="0" sum="0"/>
</round>
</game>
<game gamecode="11536680997"><general><startdate>2025-06-27 12:34:51</startdate>
<round>1</round>
<failsafecounter/>
<players><player seat="3" name="ucanhaveit" chips="620" dealer="0" win="680" bet="330" muck="0" rebuy="0" addon="0" merge="0" rebuychips="0" reg_code="8392845119"/>
<player seat="6" name="oreiasccp" chips="330" dealer="1" win="0" bet="330" muck="0" rebuy="0" addon="0" merge="0" rebuychips="0" reg_code="8392845178"/>
<player seat="10" name="Tbag69" chips="550" dealer="0" win="0" bet="20" muck="1" rebuy="0" addon="0" merge="0" rebuychips="0" reg_code="8392845181"/>
</players>
</general>
<round no="0"><action no="1" player="Tbag69" type="15" discard="1" dealt="1" sum="5"/>
<action no="2" player="ucanhaveit" type="15" discard="1" dealt="1" sum="5"/>
<action no="3" player="oreiasccp" type="15" sum="5"/>
<action no="4" player="Tbag69" type="1" discard="1" dealt="1" sum="15"/>
<action no="5" player="ucanhaveit" type="2" discard="1" dealt="1" sum="30"/>
</round>
<round no="1"><cards type="Pocket" player="Tbag69">X X</cards>
<cards type="Pocket" player="ucanhaveit">C6 SA</cards>
<cards type="Pocket" player="oreiasccp">S8 DA</cards>
<action no="6" player="oreiasccp" type="23" sum="325"/>
<action no="7" player="Tbag69" type="0" discard="1" dealt="1" sum="0"/>
<action no="8" player="ucanhaveit" type="3" discard="1" dealt="1" sum="295"/>
</round>
<round no="2"><cards type="Flop">H6 CA D5</cards>
</round>
<round no="3"><cards type="Turn">DJ</cards>
</round>
<round no="4"><cards type="River">S10</cards>
</round>
</game>
</session>
