<?xml version="1.0" encoding="UTF-8"?>
<session sessioncode="8392778432">
<general>
<client_version>25.1.1.13</client_version>
<mode>real</mode>
<gametype>Holdem NL</gametype>
<tablename>Twister €5 SNG, 1128645701</tablename>
<tournamentcode>1128645700</tournamentcode>
<tournamentname>Twister €5 SNG</tournamentname>
<buyin>€0 + €0.35 + €4.65</buyin>
<totalbuyin>€5</totalbuyin>
<rewarddrawn>€10</rewarddrawn>
<tournamentcurrency>EUR</tournamentcurrency>
<currency>EUR</currency>
<nickname>oreiasccp</nickname>
<gamecount>8</gamecount>
<startdate>2025-06-27 09:24:54</startdate>
<place>3</place>
<win>€0</win>
<tablesize>3</tablesize>
</general>
<game gamecode="11536517280"><general><startdate>2025-06-27 09:25:10</startdate>
<round>1</round>
<failsafecounter/>
<players><player seat="3" name="d0nsamag0n" chips="500" dealer="0" win="440" bet="500" muck="1" rebuy="0" addon="0" merge="0" rebuychips="0" reg_code="8392778395"/>
<player seat="6" name="theodicy" chips="500" dealer="1" win="0" bet="0" muck="1" rebuy="0" addon="0" merge="0" rebuychips="0" reg_code="8392778426"/>
<player seat="10" name="oreiasccp" chips="500" dealer="0" win="0" bet="220" muck="1" rebuy="0" addon="0" merge="0" rebuychips="0" reg_code="8392778432"/>
</players>
</general>
<round no="0"><action no="1" player="oreiasccp" type="1" sum="10"/>
<action no="2" player="d0nsamag0n" type="2" discard="1" dealt="1" sum="20"/>
</round>
<round no="1"><cards type="Pocket" player="theodicy">X X</cards>
<cards type="Pocket" player="d0nsamag0n">X X</cards>
<cards type="Pocket" player="oreiasccp">D8 SK</cards>
<action no="3" player="theodicy" type="0" discard="1" dealt="1" sum="0"/>
<action no="4" player="oreiasccp" type="23" sum="40"/>
<action no="5" player="d0nsamag0n" type="3" discard="1" dealt="1" sum="20"/>
</round>
<round no="2"><cards type="Flop">DQ D3 CJ</cards>
<action no="6" player="oreiasccp" type="5" sum="20"/>
<action no="7" player="d0nsamag0n" type="3" discard="1" dealt="1" sum="20"/>
</round>
<round no="3"><cards type="Turn">C10</cards>
<action no="8" player="oreiasccp" type="5" sum="60"/>
<action no="9" player="d0nsamag0n" type="23" discard="1" dealt="1" sum="160"/>
<action no="10" player="oreiasccp" type="3" sum="100"/>
</round>
<round no="4"><cards type="River">C8</cards>
<action no="11" player="oreiasccp" type="4" sum="0"/>
<action no="12" player="d0nsamag0n" type="5" discard="1" dealt="1" sum="280"/>
<action no="13" player="oreiasccp" type="0" sum="0"/>
</round>
</game>
<game gamecode="11536517380"><general><startdate>2025-06-27 09:25:47</startdate>
<round>1</round>
<failsafecounter/>
<players><player seat="6" name="theodicy" chips="500" dealer="0" win="80" bet="80" muck="1" rebuy="0" addon="0" merge="0" rebuychips="0" reg_code="8392778426"/>
<player seat="10" name="oreiasccp" chips="280" dealer="1" win="0" bet="0" muck="1" rebuy="0" addon="0" merge="0" rebuychips="0" reg_code="8392778432"/>
<player seat="3" name="d0nsamag0n" chips="720" dealer="0" win="0" bet="40" muck="1" rebuy="0" addon="0" merge="0" rebuychips="0" reg_code="8392778395"/>
</players>
</general>
<round no="0"><action no="1" player="d0nsamag0n" type="1" discard="1" dealt="1" sum="10"/>
<action no="2" player="theodicy" type="2" discard="1" dealt="1" sum="20"/>
</round>
<round no="1"><cards type="Pocket" player="oreiasccp">C3 D2</cards>
<cards type="Pocket" player="theodicy">X X</cards>
<cards type="Pocket" player="d0nsamag0n">X X</cards>
<action no="3" player="oreiasccp" type="0" sum="0"/>
<action no="4" player="d0nsamag0n" type="3" discard="1" dealt="1" sum="10"/>
<action no="5" player="theodicy" type="4" discard="1" dealt="1" sum="0"/>
</round>
<round no="2"><cards type="Flop">D4 CK D3</cards>
<action no="6" player="d0nsamag0n" type="5" discard="1" dealt="1" sum="20"/>
<action no="7" player="theodicy" type="23" discard="1" dealt="1" sum="60"/>
<action no="8" player="d0nsamag0n" type="0" discard="1" dealt="1" sum="0"/>
</round>
</game>
<game gamecode="11536517461"><general><startdate>2025-06-27 09:26:16</startdate>
<round>1</round>
<failsafecounter/>
<players><player seat="10" name="oreiasccp" chips="280" dealer="0" win="0" bet="40" muck="1" rebuy="0" addon="0" merge="0" rebuychips="0" reg_code="8392778432"/>
<player seat="3" name="d0nsamag0n" chips="680" dealer="1" win="90" bet="60" muck="1" rebuy="0" addon="0" merge="0" rebuychips="0" reg_code="8392778395"/>
<player seat="6" name="theodicy" chips="540" dealer="0" win="0" bet="10" muck="1" rebuy="0" addon="0" merge="0" rebuychips="0" reg_code="8392778426"/>
</players>
</general>
<round no="0"><action no="1" player="theodicy" type="1" discard="1" dealt="1" sum="10"/>
<action no="2" player="oreiasccp" type="2" sum="20"/>
</round>
<round no="1"><cards type="Pocket" player="theodicy">X X</cards>
<cards type="Pocket" player="d0nsamag0n">X X</cards>
<cards type="Pocket" player="oreiasccp">C10 CJ</cards>
<action no="3" player="d0nsamag0n" type="23" discard="1" dealt="1" sum="40"/>
<action no="4" player="theodicy" type="0" discard="1" dealt="1" sum="0"/>
<action no="5" player="oreiasccp" type="3" sum="20"/>
</round>
<round no="2"><cards type="Flop">SQ S2 C4</cards>
<action no="6" player="oreiasccp" type="4" sum="0"/>
<action no="7" player="d0nsamag0n" type="5" discard="1" dealt="1" sum="20"/>
<action no="8" player="oreiasccp" type="0" sum="0"/>
</round>
</game>
<game gamecode="11536517509"><general><startdate>2025-06-27 09:26:36</startdate>
<round>1</round>
<failsafecounter/>
<players><player seat="3" name="d0nsamag0n" chips="730" dealer="0" win="0" bet="20" muck="1" rebuy="0" addon="0" merge="0" rebuychips="0" reg_code="8392778395"/>
<player seat="6" name="theodicy" chips="530" dealer="1" win="0" bet="0" muck="1" rebuy="0" addon="0" merge="0" rebuychips="0" reg_code="8392778426"/>
<player seat="10" name="oreiasccp" chips="240" dealer="0" win="40" bet="240" muck="1" rebuy="0" addon="0" merge="0" rebuychips="0" reg_code="8392778432"/>
</players>
</general>
<round no="0"><action no="1" player="oreiasccp" type="1" sum="10"/>
<action no="2" player="d0nsamag0n" type="2" discard="1" dealt="1" sum="20"/>
</round>
<round no="1"><cards type="Pocket" player="oreiasccp">H7 CA</cards>
<cards type="Pocket" player="d0nsamag0n">X X</cards>
<cards type="Pocket" player="theodicy">X X</cards>
<action no="3" player="theodicy" type="0" discard="1" dealt="1" sum="0"/>
<action no="4" player="oreiasccp" type="23" sum="240"/>
<action no="5" player="d0nsamag0n" type="0" discard="1" dealt="1" sum="0"/>
</round>
</game>
<game gamecode="11536517530"><general><startdate>2025-06-27 09:26:46</startdate>
<round>1</round>
<failsafecounter/>
<players><player seat="6" name="theodicy" chips="530" dealer="0" win="0" bet="40" muck="1" rebuy="0" addon="0" merge="0" rebuychips="0" reg_code="8392778426"/>
<player seat="10" name="oreiasccp" chips="260" dealer="1" win="0" bet="0" muck="1" rebuy="0" addon="0" merge="0" rebuychips="0" reg_code="8392778432"/>
<player seat="3" name="d0nsamag0n" chips="710" dealer="0" win="80" bet="60" muck="1" rebuy="0" addon="0" merge="0" rebuychips="0" reg_code="8392778395"/>
</players>
</general>
<round no="0"><action no="1" player="d0nsamag0n" type="1" discard="1" dealt="1" sum="10"/>
<action no="2" player="theodicy" type="2" discard="1" dealt="1" sum="20"/>
</round>
<round no="1"><cards type="Pocket" player="oreiasccp">D7 C8</cards>
<cards type="Pocket" player="d0nsamag0n">X X</cards>
<cards type="Pocket" player="theodicy">X X</cards>
<action no="3" player="oreiasccp" type="0" sum="0"/>
<action no="4" player="d0nsamag0n" type="23" discard="1" dealt="1" sum="40"/>
<action no="5" player="theodicy" type="3" discard="1" dealt="1" sum="20"/>
</round>
<round no="2"><cards type="Flop">D5 D9 D10</cards>
<action no="6" player="d0nsamag0n" type="5" discard="1" dealt="1" sum="20"/>
<action no="7" player="theodicy" type="0" discard="1" dealt="1" sum="0"/>
</round>
</game>
<game gamecode="11536517586"><general><startdate>2025-06-27 09:27:04</startdate>
<round>1</round>
<failsafecounter/>
<players><player seat="10" name="oreiasccp" chips="260" dealer="0" win="0" bet="40" muck="1" rebuy="0" addon="0" merge="0" rebuychips="0" reg_code="8392778432"/>
<player seat="3" name="d0nsamag0n" chips="750" dealer="1" win="90" bet="60" muck="1" rebuy="0" addon="0" merge="0" rebuychips="0" reg_code="8392778395"/>
<player seat="6" name="theodicy" chips="490" dealer="0" win="0" bet="10" muck="1" rebuy="0" addon="0" merge="0" rebuychips="0" reg_code="8392778426"/>
</players>
</general>
<round no="0"><action no="1" player="theodicy" type="1" discard="1" dealt="1" sum="10"/>
<action no="2" player="oreiasccp" type="2" sum="20"/>
</round>
<round no="1"><cards type="Pocket" player="d0nsamag0n">X X</cards>
<cards type="Pocket" player="oreiasccp">S10 C7</cards>
<cards type="Pocket" player="theodicy">X X</cards>
<action no="3" player="d0nsamag0n" type="23" discard="1" dealt="1" sum="40"/>
<action no="4" player="theodicy" type="0" discard="1" dealt="1" sum="0"/>
<action no="5" player="oreiasccp" type="3" sum="20"/>
</round>
<round no="2"><cards type="Flop">H3 S3 DJ</cards>
<action no="6" player="oreiasccp" type="4" sum="0"/>
<action no="7" player="d0nsamag0n" type="5" discard="1" dealt="1" sum="20"/>
<action no="8" player="oreiasccp" type="0" sum="0"/>
</round>
</game>
<game gamecode="11536517647"><general><startdate>2025-06-27 09:27:27</startdate>
<round>1</round>
<failsafecounter/>
<players><player seat="3" name="d0nsamag0n" chips="800" dealer="0" win="45" bet="35" muck="1" rebuy="0" addon="0" merge="0" rebuychips="0" reg_code="8392778395"/>
<player seat="6" name="theodicy" chips="480" dealer="1" win="0" bet="5" muck="1" rebuy="0" addon="0" merge="0" rebuychips="0" reg_code="8392778426"/>
<player seat="10" name="oreiasccp" chips="220" dealer="0" win="0" bet="20" muck="1" rebuy="0" addon="0" merge="0" rebuychips="0" reg_code="8392778432"/>
</players>
</general>
<round no="0"><action no="1" player="oreiasccp" type="15" sum="5"/>
<action no="2" player="d0nsamag0n" type="15" discard="1" dealt="1" sum="5"/>
<action no="3" player="theodicy" type="15" discard="1" dealt="1" sum="5"/>
<action no="4" player="oreiasccp" type="1" sum="15"/>
<action no="5" player="d0nsamag0n" type="2" discard="1" dealt="1" sum="30"/>
</round>
<round no="1"><cards type="Pocket" player="oreiasccp">C10 D4</cards>
<cards type="Pocket" player="theodicy">X X</cards>
<cards type="Pocket" player="d0nsamag0n">X X</cards>
<action no="6" player="theodicy" type="0" discard="1" dealt="1" sum="0"/>
<action no="7" player="oreiasccp" type="0" sum="0"/>
</round>
</game>
<game gamecode="11536517674"><general><startdate>2025-06-27 09:27:37</startdate>
<round>1</round>
<failsafecounter/>
<players><player seat="6" name="theodicy" chips="475" dealer="0" win="420" bet="200" muck="0" rebuy="0" addon="0" merge="0" rebuychips="0" reg_code="8392778426"/>
<player seat="10" name="oreiasccp" chips="200" dealer="1" win="0" bet="200" muck="0" rebuy="0" addon="0" merge="0" rebuychips="0" reg_code="8392778432"/>
<player seat="3" name="d0nsamag0n" chips="825" dealer="0" win="0" bet="20" muck="1" rebuy="0" addon="0" merge="0" rebuychips="0" reg_code="8392778395"/>
</players>
</general>
<round no="0"><action no="1" player="d0nsamag0n" type="15" discard="1" dealt="1" sum="5"/>
<action no="2" player="theodicy" type="15" discard="1" dealt="1" sum="5"/>
<action no="3" player="oreiasccp" type="15" sum="5"/>
<action no="4" player="d0nsamag0n" type="1" discard="1" dealt="1" sum="15"/>
<action no="5" player="theodicy" type="2" discard="1" dealt="1" sum="30"/>
</round>
<round no="1"><cards type="Pocket" player="theodicy">S8 H8</cards>
<cards type="Pocket" player="d0nsamag0n">X X</cards>
<cards type="Pocket" player="oreiasccp">CJ CQ</cards>
<action no="6" player="oreiasccp" type="23" sum="195"/>
<action no="7" player="d0nsamag0n" type="0" discard="1" dealt="1" sum="0"/>
<action no="8" player="theodicy" type="3" discard="1" dealt="1" sum="165"/>
</round>
<round no="2"><cards type="Flop">D4 D8 DK</cards>
</round>
<round no="3"><cards type="Turn">H2</cards>
</round>
<round no="4"><cards type="River">SA</cards>
</round>
</game>
</session>
