<?xml version="1.0" encoding="UTF-8"?>
<session sessioncode="8392779196">
<general>
<client_version>25.1.1.13</client_version>
<mode>real</mode>
<gametype>Holdem NL</gametype>
<tablename>Twister €5 SNG, 1128645799</tablename>
<tournamentcode>1128645798</tournamentcode>
<tournamentname>Twister €5 SNG</tournamentname>
<buyin>€0 + €0.35 + €4.65</buyin>
<totalbuyin>€5</totalbuyin>
<rewarddrawn>€10</rewarddrawn>
<tournamentcurrency>EUR</tournamentcurrency>
<currency>EUR</currency>
<nickname>oreiasccp</nickname>
<gamecount>22</gamecount>
<startdate>2025-06-27 09:28:22</startdate>
<place>2</place>
<win>€0</win>
<tablesize>3</tablesize>
</general>
<game gamecode="11536517846"><general><startdate>2025-06-27 09:28:38</startdate>
<round>1</round>
<failsafecounter/>
<players><player seat="6" name="theodicy" chips="500" dealer="0" win="0" bet="50" muck="1" rebuy="0" addon="0" merge="0" rebuychips="0" reg_code="8392779194"/>
<player seat="10" name="oreiasccp" chips="500" dealer="1" win="0" bet="0" muck="1" rebuy="0" addon="0" merge="0" rebuychips="0" reg_code="8392779196"/>
<player seat="3" name="LiviuTDR" chips="500" dealer="0" win="100" bet="80" muck="1" rebuy="0" addon="0" merge="0" rebuychips="0" reg_code="8392779164"/>
</players>
</general>
<round no="0"><action no="1" player="LiviuTDR" type="1" discard="1" dealt="1" sum="10"/>
<action no="2" player="theodicy" type="2" discard="1" dealt="1" sum="20"/>
</round>
<round no="1"><cards type="Pocket" player="theodicy">X X</cards>
<cards type="Pocket" player="oreiasccp">S5 H2</cards>
<cards type="Pocket" player="LiviuTDR">X X</cards>
<action no="3" player="oreiasccp" type="0" sum="0"/>
<action no="4" player="LiviuTDR" type="23" discard="1" dealt="1" sum="50"/>
<action no="5" player="theodicy" type="3" discard="1" dealt="1" sum="30"/>
</round>
<round no="2"><cards type="Flop">D7 SQ S6</cards>
<action no="6" player="LiviuTDR" type="5" discard="1" dealt="1" sum="30"/>
<action no="7" player="theodicy" type="0" discard="1" dealt="1" sum="0"/>
</round>
</game>
<game gamecode="11536517887"><general><startdate>2025-06-27 09:28:54</startdate>
<round>1</round>
<failsafecounter/>
<players><player seat="10" name="oreiasccp" chips="500" dealer="0" win="0" bet="20" muck="1" rebuy="0" addon="0" merge="0" rebuychips="0" reg_code="8392779196"/>
<player seat="3" name="LiviuTDR" chips="550" dealer="1" win="0" bet="0" muck="1" rebuy="0" addon="0" merge="0" rebuychips="0" reg_code="8392779164"/>
<player seat="6" name="theodicy" chips="450" dealer="0" win="40" bet="450" muck="1" rebuy="0" addon="0" merge="0" rebuychips="0" reg_code="8392779194"/>
</players>
</general>
<round no="0"><action no="1" player="theodicy" type="1" discard="1" dealt="1" sum="10"/>
<action no="2" player="oreiasccp" type="2" sum="20"/>
</round>
<round no="1"><cards type="Pocket" player="oreiasccp">D10 S4</cards>
<cards type="Pocket" player="LiviuTDR">X X</cards>
<cards type="Pocket" player="theodicy">X X</cards>
<action no="3" player="LiviuTDR" type="0" discard="1" dealt="1" sum="0"/>
<action no="4" player="theodicy" type="23" discard="1" dealt="1" sum="450"/>
<action no="5" player="oreiasccp" type="0" sum="0"/>
</round>
</game>
<game gamecode="11536517930"><general><startdate>2025-06-27 09:29:08</startdate>
<round>1</round>
<failsafecounter/>
<players><player seat="3" name="LiviuTDR" chips="550" dealer="0" win="0" bet="107" muck="1" rebuy="0" addon="0" merge="0" rebuychips="0" reg_code="8392779164"/>
<player seat="6" name="theodicy" chips="470" dealer="1" win="224" bet="470" muck="1" rebuy="0" addon="0" merge="0" rebuychips="0" reg_code="8392779194"/>
<player seat="10" name="oreiasccp" chips="480" dealer="0" win="0" bet="10" muck="1" rebuy="0" addon="0" merge="0" rebuychips="0" reg_code="8392779196"/>
</players>
</general>
<round no="0"><action no="1" player="oreiasccp" type="1" sum="10"/>
<action no="2" player="LiviuTDR" type="2" discard="1" dealt="1" sum="20"/>
</round>
<round no="1"><cards type="Pocket" player="oreiasccp">D8 H2</cards>
<cards type="Pocket" player="LiviuTDR">X X</cards>
<cards type="Pocket" player="theodicy">X X</cards>
<action no="3" player="theodicy" type="23" discard="1" dealt="1" sum="40"/>
<action no="4" player="oreiasccp" type="0" sum="0"/>
<action no="5" player="LiviuTDR" type="3" discard="1" dealt="1" sum="20"/>
</round>
<round no="2"><cards type="Flop">S3 H3 C7</cards>
<action no="6" player="LiviuTDR" type="4" discard="1" dealt="1" sum="0"/>
<action no="7" player="theodicy" type="4" discard="1" dealt="1" sum="0"/>
</round>
<round no="3"><cards type="Turn">DA</cards>
<action no="8" player="LiviuTDR" type="4" discard="1" dealt="1" sum="0"/>
<action no="9" player="theodicy" type="4" discard="1" dealt="1" sum="0"/>
</round>
<round no="4"><cards type="River">D3</cards>
<action no="10" player="LiviuTDR" type="5" discard="1" dealt="1" sum="67"/>
<action no="11" player="theodicy" type="23" discard="1" dealt="1" sum="430"/>
<action no="12" player="LiviuTDR" type="0" discard="1" dealt="1" sum="0"/>
</round>
</game>
<game gamecode="11536518088"><general><startdate>2025-06-27 09:30:04</startdate>
<round>1</round>
<failsafecounter/>
<players><player seat="6" name="theodicy" chips="587" dealer="0" win="0" bet="20" muck="1" rebuy="0" addon="0" merge="0" rebuychips="0" reg_code="8392779194"/>
<player seat="10" name="oreiasccp" chips="470" dealer="1" win="220" bet="443" muck="1" rebuy="0" addon="0" merge="0" rebuychips="0" reg_code="8392779196"/>
<player seat="3" name="LiviuTDR" chips="443" dealer="0" win="0" bet="100" muck="1" rebuy="0" addon="0" merge="0" rebuychips="0" reg_code="8392779164"/>
</players>
</general>
<round no="0"><action no="1" player="LiviuTDR" type="1" discard="1" dealt="1" sum="10"/>
<action no="2" player="theodicy" type="2" discard="1" dealt="1" sum="20"/>
</round>
<round no="1"><cards type="Pocket" player="oreiasccp">CK SA</cards>
<cards type="Pocket" player="theodicy">X X</cards>
<cards type="Pocket" player="LiviuTDR">X X</cards>
<action no="3" player="oreiasccp" type="23" sum="40"/>
<action no="4" player="LiviuTDR" type="23" discard="1" dealt="1" sum="100"/>
<action no="5" player="theodicy" type="0" discard="1" dealt="1" sum="0"/>
<action no="6" player="oreiasccp" type="23" sum="443"/>
<action no="7" player="LiviuTDR" type="0" discard="1" dealt="1" sum="0"/>
</round>
</game>
<game gamecode="11536518134"><general><startdate>2025-06-27 09:30:23</startdate>
<round>1</round>
<failsafecounter/>
<players><player seat="10" name="oreiasccp" chips="590" dealer="0" win="300" bet="150" muck="0" rebuy="0" addon="0" merge="0" rebuychips="0" reg_code="8392779196"/>
<player seat="3" name="LiviuTDR" chips="343" dealer="1" win="0" bet="0" muck="1" rebuy="0" addon="0" merge="0" rebuychips="0" reg_code="8392779164"/>
<player seat="6" name="theodicy" chips="567" dealer="0" win="0" bet="150" muck="0" rebuy="0" addon="0" merge="0" rebuychips="0" reg_code="8392779194"/>
</players>
</general>
<round no="0"><action no="1" player="theodicy" type="1" discard="1" dealt="1" sum="10"/>
<action no="2" player="oreiasccp" type="2" sum="20"/>
</round>
<round no="1"><cards type="Pocket" player="oreiasccp">SJ D8</cards>
<cards type="Pocket" player="LiviuTDR">X X</cards>
<cards type="Pocket" player="theodicy">S7 D6</cards>
<action no="3" player="LiviuTDR" type="0" discard="1" dealt="1" sum="0"/>
<action no="4" player="theodicy" type="23" discard="1" dealt="1" sum="40"/>
<action no="5" player="oreiasccp" type="3" sum="20"/>
</round>
<round no="2"><cards type="Flop">S5 DQ C10</cards>
<action no="6" player="theodicy" type="5" discard="1" dealt="1" sum="20"/>
<action no="7" player="oreiasccp" type="3" sum="20"/>
</round>
<round no="3"><cards type="Turn">HJ</cards>
<action no="8" player="theodicy" type="4" discard="1" dealt="1" sum="0"/>
<action no="9" player="oreiasccp" type="4" sum="0"/>
</round>
<round no="4"><cards type="River">H2</cards>
<action no="10" player="theodicy" type="5" discard="1" dealt="1" sum="90"/>
<action no="11" player="oreiasccp" type="3" sum="90"/>
</round>
</game>
<game gamecode="11536523309"><general><startdate>2025-06-27 09:31:13</startdate>
<round>1</round>
<failsafecounter/>
<players><player seat="3" name="LiviuTDR" chips="343" dealer="0" win="0" bet="35" muck="1" rebuy="0" addon="0" merge="0" rebuychips="0" reg_code="8392779164"/>
<player seat="6" name="theodicy" chips="417" dealer="1" win="90" bet="417" muck="1" rebuy="0" addon="0" merge="0" rebuychips="0" reg_code="8392779194"/>
<player seat="10" name="oreiasccp" chips="740" dealer="0" win="0" bet="20" muck="1" rebuy="0" addon="0" merge="0" rebuychips="0" reg_code="8392779196"/>
</players>
</general>
<round no="0"><action no="1" player="oreiasccp" type="15" sum="5"/>
<action no="2" player="LiviuTDR" type="15" discard="1" dealt="1" sum="5"/>
<action no="3" player="theodicy" type="15" discard="1" dealt="1" sum="5"/>
<action no="4" player="oreiasccp" type="1" sum="15"/>
<action no="5" player="LiviuTDR" type="2" discard="1" dealt="1" sum="30"/>
</round>
<round no="1"><cards type="Pocket" player="LiviuTDR">X X</cards>
<cards type="Pocket" player="theodicy">X X</cards>
<cards type="Pocket" player="oreiasccp">HJ S8</cards>
<action no="6" player="theodicy" type="23" discard="1" dealt="1" sum="412"/>
<action no="7" player="oreiasccp" type="0" sum="0"/>
<action no="8" player="LiviuTDR" type="0" discard="1" dealt="1" sum="0"/>
</round>
</game>
<game gamecode="11536523341"><general><startdate>2025-06-27 09:31:23</startdate>
<round>1</round>
<failsafecounter/>
<players><player seat="6" name="theodicy" chips="472" dealer="0" win="0" bet="35" muck="1" rebuy="0" addon="0" merge="0" rebuychips="0" reg_code="8392779194"/>
<player seat="10" name="oreiasccp" chips="720" dealer="1" win="0" bet="5" muck="1" rebuy="0" addon="0" merge="0" rebuychips="0" reg_code="8392779196"/>
<player seat="3" name="LiviuTDR" chips="308" dealer="0" win="75" bet="308" muck="1" rebuy="0" addon="0" merge="0" rebuychips="0" reg_code="8392779164"/>
</players>
</general>
<round no="0"><action no="1" player="LiviuTDR" type="15" discard="1" dealt="1" sum="5"/>
<action no="2" player="theodicy" type="15" discard="1" dealt="1" sum="5"/>
<action no="3" player="oreiasccp" type="15" sum="5"/>
<action no="4" player="LiviuTDR" type="1" discard="1" dealt="1" sum="15"/>
<action no="5" player="theodicy" type="2" discard="1" dealt="1" sum="30"/>
</round>
<round no="1"><cards type="Pocket" player="LiviuTDR">X X</cards>
<cards type="Pocket" player="theodicy">X X</cards>
<cards type="Pocket" player="oreiasccp">H7 C9</cards>
<action no="6" player="oreiasccp" type="0" sum="0"/>
<action no="7" player="LiviuTDR" type="23" discard="1" dealt="1" sum="303"/>
<action no="8" player="theodicy" type="0" discard="1" dealt="1" sum="0"/>
</round>
</game>
<game gamecode="11536523385"><general><startdate>2025-06-27 09:31:39</startdate>
<round>1</round>
<failsafecounter/>
<players><player seat="10" name="oreiasccp" chips="715" dealer="0" win="0" bet="65" muck="1" rebuy="0" addon="0" merge="0" rebuychips="0" reg_code="8392779196"/>
<player seat="3" name="LiviuTDR" chips="348" dealer="1" win="0" bet="5" muck="1" rebuy="0" addon="0" merge="0" rebuychips="0" reg_code="8392779164"/>
<player seat="6" name="theodicy" chips="437" dealer="0" win="135" bet="95" muck="1" rebuy="0" addon="0" merge="0" rebuychips="0" reg_code="8392779194"/>
</players>
</general>
<round no="0"><action no="1" player="theodicy" type="15" discard="1" dealt="1" sum="5"/>
<action no="2" player="oreiasccp" type="15" sum="5"/>
<action no="3" player="LiviuTDR" type="15" discard="1" dealt="1" sum="5"/>
<action no="4" player="theodicy" type="1" discard="1" dealt="1" sum="15"/>
<action no="5" player="oreiasccp" type="2" sum="30"/>
</round>
<round no="1"><cards type="Pocket" player="theodicy">X X</cards>
<cards type="Pocket" player="oreiasccp">C8 H10</cards>
<cards type="Pocket" player="LiviuTDR">X X</cards>
<action no="6" player="LiviuTDR" type="0" discard="1" dealt="1" sum="0"/>
<action no="7" player="theodicy" type="23" discard="1" dealt="1" sum="60"/>
<action no="8" player="oreiasccp" type="3" sum="30"/>
</round>
<round no="2"><cards type="Flop">S3 HA S5</cards>
<action no="9" player="theodicy" type="5" discard="1" dealt="1" sum="30"/>
<action no="10" player="oreiasccp" type="0" sum="0"/>
</round>
</game>
<game gamecode="11536523472"><general><startdate>2025-06-27 09:32:11</startdate>
<round>1</round>
<failsafecounter/>
<players><player seat="3" name="LiviuTDR" chips="343" dealer="0" win="45" bet="35" muck="1" rebuy="0" addon="0" merge="0" rebuychips="0" reg_code="8392779164"/>
<player seat="6" name="theodicy" chips="507" dealer="1" win="0" bet="5" muck="1" rebuy="0" addon="0" merge="0" rebuychips="0" reg_code="8392779194"/>
<player seat="10" name="oreiasccp" chips="650" dealer="0" win="0" bet="20" muck="1" rebuy="0" addon="0" merge="0" rebuychips="0" reg_code="8392779196"/>
</players>
</general>
<round no="0"><action no="1" player="oreiasccp" type="15" sum="5"/>
<action no="2" player="LiviuTDR" type="15" discard="1" dealt="1" sum="5"/>
<action no="3" player="theodicy" type="15" discard="1" dealt="1" sum="5"/>
<action no="4" player="oreiasccp" type="1" sum="15"/>
<action no="5" player="LiviuTDR" type="2" discard="1" dealt="1" sum="30"/>
</round>
<round no="1"><cards type="Pocket" player="oreiasccp">S4 C9</cards>
<cards type="Pocket" player="LiviuTDR">X X</cards>
<cards type="Pocket" player="theodicy">X X</cards>
<action no="6" player="theodicy" type="0" discard="1" dealt="1" sum="0"/>
<action no="7" player="oreiasccp" type="0" sum="0"/>
</round>
</game>
<game gamecode="11536523493"><general><startdate>2025-06-27 09:32:20</startdate>
<round>1</round>
<failsafecounter/>
<players><player seat="6" name="theodicy" chips="502" dealer="0" win="0" bet="35" muck="1" rebuy="0" addon="0" merge="0" rebuychips="0" reg_code="8392779194"/>
<player seat="10" name="oreiasccp" chips="630" dealer="1" win="0" bet="368" muck="1" rebuy="0" addon="0" merge="0" rebuychips="0" reg_code="8392779196"/>
<player seat="3" name="LiviuTDR" chips="368" dealer="0" win="771" bet="368" muck="0" rebuy="0" addon="0" merge="0" rebuychips="0" reg_code="8392779164"/>
</players>
</general>
<round no="0"><action no="1" player="LiviuTDR" type="15" discard="1" dealt="1" sum="5"/>
<action no="2" player="theodicy" type="15" discard="1" dealt="1" sum="5"/>
<action no="3" player="oreiasccp" type="15" sum="5"/>
<action no="4" player="LiviuTDR" type="1" discard="1" dealt="1" sum="15"/>
<action no="5" player="theodicy" type="2" discard="1" dealt="1" sum="30"/>
</round>
<round no="1"><cards type="Pocket" player="LiviuTDR">CQ DQ</cards>
<cards type="Pocket" player="theodicy">X X</cards>
<cards type="Pocket" player="oreiasccp">DK SQ</cards>
<action no="6" player="oreiasccp" type="23" sum="60"/>
<action no="7" player="LiviuTDR" type="23" discard="1" dealt="1" sum="363"/>
<action no="8" player="theodicy" type="0" discard="1" dealt="1" sum="0"/>
<action no="9" player="oreiasccp" type="3" sum="303"/>
</round>
<round no="2"><cards type="Flop">H6 C8 DA</cards>
</round>
<round no="3"><cards type="Turn">D6</cards>
</round>
<round no="4"><cards type="River">CJ</cards>
</round>
</game>
<game gamecode="11536523563"><general><startdate>2025-06-27 09:32:46</startdate>
<round>1</round>
<failsafecounter/>
<players><player seat="10" name="oreiasccp" chips="262" dealer="0" win="55" bet="45" muck="1" rebuy="0" addon="0" merge="0" rebuychips="0" reg_code="8392779196"/>
<player seat="3" name="LiviuTDR" chips="771" dealer="1" win="0" bet="5" muck="1" rebuy="0" addon="0" merge="0" rebuychips="0" reg_code="8392779164"/>
<player seat="6" name="theodicy" chips="467" dealer="0" win="0" bet="25" muck="1" rebuy="0" addon="0" merge="0" rebuychips="0" reg_code="8392779194"/>
</players>
</general>
<round no="0"><action no="1" player="theodicy" type="15" discard="1" dealt="1" sum="5"/>
<action no="2" player="oreiasccp" type="15" sum="5"/>
<action no="3" player="LiviuTDR" type="15" discard="1" dealt="1" sum="5"/>
<action no="4" player="theodicy" type="1" discard="1" dealt="1" sum="20"/>
<action no="5" player="oreiasccp" type="2" sum="40"/>
</round>
<round no="1"><cards type="Pocket" player="oreiasccp">CA S9</cards>
<cards type="Pocket" player="theodicy">X X</cards>
<cards type="Pocket" player="LiviuTDR">X X</cards>
<action no="6" player="LiviuTDR" type="0" discard="1" dealt="1" sum="0"/>
<action no="7" player="theodicy" type="0" discard="1" dealt="1" sum="0"/>
</round>
</game>
<game gamecode="11536523594"><general><startdate>2025-06-27 09:32:55</startdate>
<round>1</round>
<failsafecounter/>
<players><player seat="3" name="LiviuTDR" chips="766" dealer="0" win="0" bet="45" muck="1" rebuy="0" addon="0" merge="0" rebuychips="0" reg_code="8392779164"/>
<player seat="6" name="theodicy" chips="442" dealer="1" win="0" bet="5" muck="1" rebuy="0" addon="0" merge="0" rebuychips="0" reg_code="8392779194"/>
<player seat="10" name="oreiasccp" chips="292" dealer="0" win="95" bet="292" muck="1" rebuy="0" addon="0" merge="0" rebuychips="0" reg_code="8392779196"/>
</players>
</general>
<round no="0"><action no="1" player="oreiasccp" type="15" sum="5"/>
<action no="2" player="LiviuTDR" type="15" discard="1" dealt="1" sum="5"/>
<action no="3" player="theodicy" type="15" discard="1" dealt="1" sum="5"/>
<action no="4" player="oreiasccp" type="1" sum="20"/>
<action no="5" player="LiviuTDR" type="2" discard="1" dealt="1" sum="40"/>
</round>
<round no="1"><cards type="Pocket" player="LiviuTDR">X X</cards>
<cards type="Pocket" player="theodicy">X X</cards>
<cards type="Pocket" player="oreiasccp">DK D7</cards>
<action no="6" player="theodicy" type="0" discard="1" dealt="1" sum="0"/>
<action no="7" player="oreiasccp" type="23" sum="287"/>
<action no="8" player="LiviuTDR" type="0" discard="1" dealt="1" sum="0"/>
</round>
</game>
<game gamecode="11536523618"><general><startdate>2025-06-27 09:33:07</startdate>
<round>1</round>
<failsafecounter/>
<players><player seat="6" name="theodicy" chips="437" dealer="0" win="55" bet="45" muck="1" rebuy="0" addon="0" merge="0" rebuychips="0" reg_code="8392779194"/>
<player seat="10" name="oreiasccp" chips="342" dealer="1" win="0" bet="5" muck="1" rebuy="0" addon="0" merge="0" rebuychips="0" reg_code="8392779196"/>
<player seat="3" name="LiviuTDR" chips="721" dealer="0" win="0" bet="25" muck="1" rebuy="0" addon="0" merge="0" rebuychips="0" reg_code="8392779164"/>
</players>
</general>
<round no="0"><action no="1" player="LiviuTDR" type="15" discard="1" dealt="1" sum="5"/>
<action no="2" player="theodicy" type="15" discard="1" dealt="1" sum="5"/>
<action no="3" player="oreiasccp" type="15" sum="5"/>
<action no="4" player="LiviuTDR" type="1" discard="1" dealt="1" sum="20"/>
<action no="5" player="theodicy" type="2" discard="1" dealt="1" sum="40"/>
</round>
<round no="1"><cards type="Pocket" player="theodicy">X X</cards>
<cards type="Pocket" player="LiviuTDR">X X</cards>
<cards type="Pocket" player="oreiasccp">DJ C8</cards>
<action no="6" player="oreiasccp" type="0" sum="0"/>
<action no="7" player="LiviuTDR" type="0" discard="1" dealt="1" sum="0"/>
</round>
</game>
<game gamecode="11536523676"><general><startdate>2025-06-27 09:33:28</startdate>
<round>1</round>
<failsafecounter/>
<players><player seat="10" name="oreiasccp" chips="337" dealer="0" win="699" bet="337" muck="0" rebuy="0" addon="0" merge="0" rebuychips="0" reg_code="8392779196"/>
<player seat="3" name="LiviuTDR" chips="696" dealer="1" win="0" bet="696" muck="1" rebuy="0" addon="0" merge="0" rebuychips="0" reg_code="8392779164"/>
<player seat="6" name="theodicy" chips="467" dealer="0" win="0" bet="25" muck="1" rebuy="0" addon="0" merge="0" rebuychips="0" reg_code="8392779194"/>
</players>
</general>
<round no="0"><action no="1" player="theodicy" type="15" discard="1" dealt="1" sum="5"/>
<action no="2" player="oreiasccp" type="15" sum="5"/>
<action no="3" player="LiviuTDR" type="15" discard="1" dealt="1" sum="5"/>
<action no="4" player="theodicy" type="1" discard="1" dealt="1" sum="20"/>
<action no="5" player="oreiasccp" type="2" sum="40"/>
</round>
<round no="1"><cards type="Pocket" player="theodicy">X X</cards>
<cards type="Pocket" player="LiviuTDR">S8 HA</cards>
<cards type="Pocket" player="oreiasccp">HQ SA</cards>
<action no="6" player="LiviuTDR" type="23" discard="1" dealt="1" sum="691"/>
<action no="7" player="theodicy" type="0" discard="1" dealt="1" sum="0"/>
<action no="8" player="oreiasccp" type="7" sum="292"/>
</round>
<round no="2"><cards type="Flop">DA H9 CJ</cards>
</round>
<round no="3"><cards type="Turn">HJ</cards>
</round>
<round no="4"><cards type="River">H10</cards>
</round>
</game>
<game gamecode="11536523737"><general><startdate>2025-06-27 09:33:52</startdate>
<round>1</round>
<failsafecounter/>
<players><player seat="3" name="LiviuTDR" chips="359" dealer="0" win="55" bet="45" muck="1" rebuy="0" addon="0" merge="0" rebuychips="0" reg_code="8392779164"/>
<player seat="6" name="theodicy" chips="442" dealer="1" win="0" bet="5" muck="1" rebuy="0" addon="0" merge="0" rebuychips="0" reg_code="8392779194"/>
<player seat="10" name="oreiasccp" chips="699" dealer="0" win="0" bet="25" muck="1" rebuy="0" addon="0" merge="0" rebuychips="0" reg_code="8392779196"/>
</players>
</general>
<round no="0"><action no="1" player="oreiasccp" type="15" sum="5"/>
<action no="2" player="LiviuTDR" type="15" discard="1" dealt="1" sum="5"/>
<action no="3" player="theodicy" type="15" discard="1" dealt="1" sum="5"/>
<action no="4" player="oreiasccp" type="1" sum="20"/>
<action no="5" player="LiviuTDR" type="2" discard="1" dealt="1" sum="40"/>
</round>
<round no="1"><cards type="Pocket" player="LiviuTDR">X X</cards>
<cards type="Pocket" player="oreiasccp">DQ H2</cards>
<cards type="Pocket" player="theodicy">X X</cards>
<action no="6" player="theodicy" type="0" discard="1" dealt="1" sum="0"/>
<action no="7" player="oreiasccp" type="0" sum="0"/>
</round>
</game>
<game gamecode="11536523778"><general><startdate>2025-06-27 09:34:03</startdate>
<round>1</round>
<failsafecounter/>
<players><player seat="6" name="theodicy" chips="437" dealer="0" win="0" bet="45" muck="1" rebuy="0" addon="0" merge="0" rebuychips="0" reg_code="8392779194"/>
<player seat="10" name="oreiasccp" chips="674" dealer="1" win="0" bet="5" muck="1" rebuy="0" addon="0" merge="0" rebuychips="0" reg_code="8392779196"/>
<player seat="3" name="LiviuTDR" chips="389" dealer="0" win="95" bet="389" muck="1" rebuy="0" addon="0" merge="0" rebuychips="0" reg_code="8392779164"/>
</players>
</general>
<round no="0"><action no="1" player="LiviuTDR" type="15" discard="1" dealt="1" sum="5"/>
<action no="2" player="theodicy" type="15" discard="1" dealt="1" sum="5"/>
<action no="3" player="oreiasccp" type="15" sum="5"/>
<action no="4" player="LiviuTDR" type="1" discard="1" dealt="1" sum="20"/>
<action no="5" player="theodicy" type="2" discard="1" dealt="1" sum="40"/>
</round>
<round no="1"><cards type="Pocket" player="LiviuTDR">X X</cards>
<cards type="Pocket" player="oreiasccp">C4 D8</cards>
<cards type="Pocket" player="theodicy">X X</cards>
<action no="6" player="oreiasccp" type="0" sum="0"/>
<action no="7" player="LiviuTDR" type="23" discard="1" dealt="1" sum="384"/>
<action no="8" player="theodicy" type="0" discard="1" dealt="1" sum="0"/>
</round>
</game>
<game gamecode="11536523809"><general><startdate>2025-06-27 09:34:17</startdate>
<round>1</round>
<failsafecounter/>
<players><player seat="10" name="oreiasccp" chips="669" dealer="0" win="55" bet="45" muck="1" rebuy="0" addon="0" merge="0" rebuychips="0" reg_code="8392779196"/>
<player seat="3" name="LiviuTDR" chips="439" dealer="1" win="0" bet="5" muck="1" rebuy="0" addon="0" merge="0" rebuychips="0" reg_code="8392779164"/>
<player seat="6" name="theodicy" chips="392" dealer="0" win="0" bet="25" muck="1" rebuy="0" addon="0" merge="0" rebuychips="0" reg_code="8392779194"/>
</players>
</general>
<round no="0"><action no="1" player="theodicy" type="15" discard="1" dealt="1" sum="5"/>
<action no="2" player="oreiasccp" type="15" sum="5"/>
<action no="3" player="LiviuTDR" type="15" discard="1" dealt="1" sum="5"/>
<action no="4" player="theodicy" type="1" discard="1" dealt="1" sum="20"/>
<action no="5" player="oreiasccp" type="2" sum="40"/>
</round>
<round no="1"><cards type="Pocket" player="theodicy">X X</cards>
<cards type="Pocket" player="oreiasccp">H5 CK</cards>
<cards type="Pocket" player="LiviuTDR">X X</cards>
<action no="6" player="LiviuTDR" type="0" discard="1" dealt="1" sum="0"/>
<action no="7" player="theodicy" type="0" discard="1" dealt="1" sum="0"/>
</round>
</game>
<game gamecode="11536523853"><general><startdate>2025-06-27 09:34:30</startdate>
<round>1</round>
<failsafecounter/>
<players><player seat="3" name="LiviuTDR" chips="434" dealer="0" win="0" bet="45" muck="1" rebuy="0" addon="0" merge="0" rebuychips="0" reg_code="8392779164"/>
<player seat="6" name="theodicy" chips="367" dealer="1" win="0" bet="5" muck="1" rebuy="0" addon="0" merge="0" rebuychips="0" reg_code="8392779194"/>
<player seat="10" name="oreiasccp" chips="699" dealer="0" win="95" bet="434" muck="1" rebuy="0" addon="0" merge="0" rebuychips="0" reg_code="8392779196"/>
</players>
</general>
<round no="0"><action no="1" player="oreiasccp" type="15" sum="5"/>
<action no="2" player="LiviuTDR" type="15" discard="1" dealt="1" sum="5"/>
<action no="3" player="theodicy" type="15" discard="1" dealt="1" sum="5"/>
<action no="4" player="oreiasccp" type="1" sum="20"/>
<action no="5" player="LiviuTDR" type="2" discard="1" dealt="1" sum="40"/>
</round>
<round no="1"><cards type="Pocket" player="LiviuTDR">X X</cards>
<cards type="Pocket" player="theodicy">X X</cards>
<cards type="Pocket" player="oreiasccp">C7 DK</cards>
<action no="6" player="theodicy" type="0" discard="1" dealt="1" sum="0"/>
<action no="7" player="oreiasccp" type="23" sum="429"/>
<action no="8" player="LiviuTDR" type="0" discard="1" dealt="1" sum="0"/>
</round>
</game>
<game gamecode="11536523896"><general><startdate>2025-06-27 09:34:44</startdate>
<round>1</round>
<failsafecounter/>
<players><player seat="6" name="theodicy" chips="362" dealer="0" win="0" bet="362" muck="1" rebuy="0" addon="0" merge="0" rebuychips="0" reg_code="8392779194"/>
<player seat="10" name="oreiasccp" chips="749" dealer="1" win="0" bet="5" muck="1" rebuy="0" addon="0" merge="0" rebuychips="0" reg_code="8392779196"/>
<player seat="3" name="LiviuTDR" chips="389" dealer="0" win="729" bet="389" muck="0" rebuy="0" addon="0" merge="0" rebuychips="0" reg_code="8392779164"/>
</players>
</general>
<round no="0"><action no="1" player="LiviuTDR" type="15" discard="1" dealt="1" sum="5"/>
<action no="2" player="theodicy" type="15" discard="1" dealt="1" sum="5"/>
<action no="3" player="oreiasccp" type="15" sum="5"/>
<action no="4" player="LiviuTDR" type="1" discard="1" dealt="1" sum="30"/>
<action no="5" player="theodicy" type="2" discard="1" dealt="1" sum="60"/>
</round>
<round no="1"><cards type="Pocket" player="oreiasccp">H5 D4</cards>
<cards type="Pocket" player="theodicy">S7 DQ</cards>
<cards type="Pocket" player="LiviuTDR">SQ S8</cards>
<action no="6" player="oreiasccp" type="0" sum="0"/>
<action no="7" player="LiviuTDR" type="23" discard="1" dealt="1" sum="384"/>
<action no="8" player="theodicy" type="7" discard="1" dealt="1" sum="297"/>
</round>
<round no="2"><cards type="Flop">D7 D6 D9</cards>
</round>
<round no="3"><cards type="Turn">CJ</cards>
</round>
<round no="4"><cards type="River">C8</cards>
</round>
</game>
<game gamecode="11536523941"><general><startdate>2025-06-27 09:35:01</startdate>
<round>1</round>
<failsafecounter/>
<players><player seat="10" name="oreiasccp" chips="744" dealer="0" win="0" bet="65" muck="1" rebuy="0" addon="0" merge="0" rebuychips="0" reg_code="8392779196"/>
<player seat="3" name="LiviuTDR" chips="756" dealer="1" win="130" bet="756" muck="1" rebuy="0" addon="0" merge="0" rebuychips="0" reg_code="8392779164"/>
</players>
</general>
<round no="0"><action no="1" player="LiviuTDR" type="15" discard="1" dealt="1" sum="5"/>
<action no="2" player="oreiasccp" type="15" sum="5"/>
<action no="3" player="LiviuTDR" type="1" discard="1" dealt="1" sum="30"/>
<action no="4" player="oreiasccp" type="2" sum="60"/>
</round>
<round no="1"><cards type="Pocket" player="oreiasccp">C7 CQ</cards>
<cards type="Pocket" player="LiviuTDR">X X</cards>
<action no="5" player="LiviuTDR" type="23" discard="1" dealt="1" sum="751"/>
<action no="6" player="oreiasccp" type="0" sum="0"/>
</round>
</game>
<game gamecode="11536523960"><general><startdate>2025-06-27 09:35:09</startdate>
<round>1</round>
<failsafecounter/>
<players><player seat="3" name="LiviuTDR" chips="821" dealer="0" win="0" bet="65" muck="1" rebuy="0" addon="0" merge="0" rebuychips="0" reg_code="8392779164"/>
<player seat="10" name="oreiasccp" chips="679" dealer="1" win="130" bet="679" muck="1" rebuy="0" addon="0" merge="0" rebuychips="0" reg_code="8392779196"/>
</players>
</general>
<round no="0"><action no="1" player="oreiasccp" type="15" sum="5"/>
<action no="2" player="LiviuTDR" type="15" discard="1" dealt="1" sum="5"/>
<action no="3" player="oreiasccp" type="1" sum="30"/>
<action no="4" player="LiviuTDR" type="2" discard="1" dealt="1" sum="60"/>
</round>
<round no="1"><cards type="Pocket" player="LiviuTDR">X X</cards>
<cards type="Pocket" player="oreiasccp">D10 SQ</cards>
<action no="5" player="oreiasccp" type="23" sum="674"/>
<action no="6" player="LiviuTDR" type="0" discard="1" dealt="1" sum="0"/>
</round>
</game>
<game gamecode="11536523988"><general><startdate>2025-06-27 09:35:17</startdate>
<round>1</round>
<failsafecounter/>
<players><player seat="10" name="oreiasccp" chips="744" dealer="0" win="0" bet="744" muck="0" rebuy="0" addon="0" merge="0" rebuychips="0" reg_code="8392779196"/>
<player seat="3" name="LiviuTDR" chips="756" dealer="1" win="1,488" bet="744" muck="0" rebuy="0" addon="0" merge="0" rebuychips="0" reg_code="8392779164"/>
</players>
</general>
<round no="0"><action no="1" player="LiviuTDR" type="15" discard="1" dealt="1" sum="5"/>
<action no="2" player="oreiasccp" type="15" sum="5"/>
<action no="3" player="LiviuTDR" type="1" discard="1" dealt="1" sum="30"/>
<action no="4" player="oreiasccp" type="2" sum="60"/>
</round>
<round no="1"><cards type="Pocket" player="oreiasccp">C4 D4</cards>
<cards type="Pocket" player="LiviuTDR">SJ SA</cards>
<action no="5" player="LiviuTDR" type="3" discard="1" dealt="1" sum="30"/>
<action no="6" player="oreiasccp" type="23" sum="739"/>
<action no="7" player="LiviuTDR" type="3" discard="1" dealt="1" sum="679"/>
</round>
<round no="2"><cards type="Flop">DA H8 S9</cards>
</round>
<round no="3"><cards type="Turn">SQ</cards>
</round>
<round no="4"><cards type="River">H6</cards>
</round>
</game>
</session>
