<?xml version="1.0" encoding="UTF-8"?>
<session sessioncode="8392843436">
<general>
<client_version>25.1.1.13</client_version>
<mode>real</mode>
<gametype>Holdem NL</gametype>
<tablename>Twister €5 SNG, 1128653798</tablename>
<tournamentcode>1128653797</tournamentcode>
<tournamentname>Twister €5 SNG</tournamentname>
<buyin>€0 + €0.35 + €4.65</buyin>
<totalbuyin>€5</totalbuyin>
<rewarddrawn>€10</rewarddrawn>
<tournamentcurrency>EUR</tournamentcurrency>
<currency>EUR</currency>
<nickname>oreiasccp</nickname>
<gamecount>11</gamecount>
<startdate>2025-06-27 12:27:42</startdate>
<place>2</place>
<win>€0</win>
<tablesize>3</tablesize>
</general>
<game gamecode="11536673717"><general><startdate>2025-06-27 12:27:57</startdate>
<round>1</round>
<failsafecounter/>
<players><player seat="3" name="oreiasccp" chips="500" dealer="0" win="20" bet="20" muck="1" rebuy="0" addon="0" merge="0" rebuychips="0" reg_code="8392843436"/>
<player seat="6" name="GGreeDD" chips="500" dealer="1" win="0" bet="0" muck="1" rebuy="0" addon="0" merge="0" rebuychips="0" reg_code="8392843636"/>
<player seat="10" name="Ucanstickit" chips="500" dealer="0" win="0" bet="10" muck="1" rebuy="0" addon="0" merge="0" rebuychips="0" reg_code="8392843766"/>
</players>
</general>
<round no="0"><action no="1" player="Ucanstickit" type="1" discard="1" dealt="1" sum="10"/>
<action no="2" player="oreiasccp" type="2" sum="20"/>
</round>
<round no="1"><cards type="Pocket" player="GGreeDD">X X</cards>
<cards type="Pocket" player="oreiasccp">D6 S6</cards>
<cards type="Pocket" player="Ucanstickit">X X</cards>
<action no="3" player="GGreeDD" type="0" discard="1" dealt="1" sum="0"/>
<action no="4" player="Ucanstickit" type="0" discard="1" dealt="1" sum="0"/>
</round>
</game>
<game gamecode="11536673750"><general><startdate>2025-06-27 12:28:05</startdate>
<round>1</round>
<failsafecounter/>
<players><player seat="6" name="GGreeDD" chips="500" dealer="0" win="990" bet="500" muck="0" rebuy="0" addon="0" merge="0" rebuychips="0" reg_code="8392843636"/>
<player seat="10" name="Ucanstickit" chips="490" dealer="1" win="0" bet="490" muck="0" rebuy="0" addon="0" merge="0" rebuychips="0" reg_code="8392843766"/>
<player seat="3" name="oreiasccp" chips="510" dealer="0" win="0" bet="10" muck="1" rebuy="0" addon="0" merge="0" rebuychips="0" reg_code="8392843436"/>
</players>
</general>
<round no="0"><action no="1" player="oreiasccp" type="1" sum="10"/>
<action no="2" player="GGreeDD" type="2" discard="1" dealt="1" sum="20"/>
</round>
<round no="1"><cards type="Pocket" player="oreiasccp">C3 S6</cards>
<cards type="Pocket" player="Ucanstickit">S7 H6</cards>
<cards type="Pocket" player="GGreeDD">D9 D8</cards>
<action no="3" player="Ucanstickit" type="23" discard="1" dealt="1" sum="40"/>
<action no="4" player="oreiasccp" type="0" sum="0"/>
<action no="5" player="GGreeDD" type="3" discard="1" dealt="1" sum="20"/>
</round>
<round no="2"><cards type="Flop">S8 C7 CK</cards>
<action no="6" player="GGreeDD" type="4" discard="1" dealt="1" sum="0"/>
<action no="7" player="Ucanstickit" type="5" discard="1" dealt="1" sum="40"/>
<action no="8" player="GGreeDD" type="3" discard="1" dealt="1" sum="40"/>
</round>
<round no="3"><cards type="Turn">H9</cards>
<action no="9" player="GGreeDD" type="4" discard="1" dealt="1" sum="0"/>
<action no="10" player="Ucanstickit" type="5" discard="1" dealt="1" sum="60"/>
<action no="11" player="GGreeDD" type="23" discard="1" dealt="1" sum="420"/>
<action no="12" player="Ucanstickit" type="7" discard="1" dealt="1" sum="350"/>
</round>
<round no="4"><cards type="River">S9</cards>
</round>
</game>
<game gamecode="11536673880"><general><startdate>2025-06-27 12:28:35</startdate>
<round>1</round>
<failsafecounter/>
<players><player seat="6" name="GGreeDD" chips="1,000" dealer="0" win="80" bet="120" muck="1" rebuy="0" addon="0" merge="0" rebuychips="0" reg_code="8392843636"/>
<player seat="3" name="oreiasccp" chips="500" dealer="1" win="0" bet="40" muck="1" rebuy="0" addon="0" merge="0" rebuychips="0" reg_code="8392843436"/>
</players>
</general>
<round no="0"><action no="1" player="oreiasccp" type="1" sum="10"/>
<action no="2" player="GGreeDD" type="2" discard="1" dealt="1" sum="20"/>
</round>
<round no="1"><cards type="Pocket" player="oreiasccp">HQ H7</cards>
<cards type="Pocket" player="GGreeDD">X X</cards>
<action no="3" player="oreiasccp" type="3" sum="10"/>
<action no="4" player="GGreeDD" type="4" discard="1" dealt="1" sum="0"/>
</round>
<round no="2"><cards type="Flop">SK D9 C5</cards>
<action no="5" player="GGreeDD" type="4" discard="1" dealt="1" sum="0"/>
<action no="6" player="oreiasccp" type="5" sum="20"/>
<action no="7" player="GGreeDD" type="3" discard="1" dealt="1" sum="20"/>
</round>
<round no="3"><cards type="Turn">D8</cards>
<action no="8" player="GGreeDD" type="4" discard="1" dealt="1" sum="0"/>
<action no="9" player="oreiasccp" type="4" sum="0"/>
</round>
<round no="4"><cards type="River">HK</cards>
<action no="10" player="GGreeDD" type="5" discard="1" dealt="1" sum="80"/>
<action no="11" player="oreiasccp" type="0" sum="0"/>
</round>
</game>
<game gamecode="11536674090"><general><startdate>2025-06-27 12:29:23</startdate>
<round>1</round>
<failsafecounter/>
<players><player seat="3" name="oreiasccp" chips="460" dealer="0" win="0" bet="20" muck="1" rebuy="0" addon="0" merge="0" rebuychips="0" reg_code="8392843436"/>
<player seat="6" name="GGreeDD" chips="1,040" dealer="1" win="40" bet="40" muck="1" rebuy="0" addon="0" merge="0" rebuychips="0" reg_code="8392843636"/>
</players>
</general>
<round no="0"><action no="1" player="GGreeDD" type="1" discard="1" dealt="1" sum="10"/>
<action no="2" player="oreiasccp" type="2" sum="20"/>
</round>
<round no="1"><cards type="Pocket" player="GGreeDD">X X</cards>
<cards type="Pocket" player="oreiasccp">S6 S9</cards>
<action no="3" player="GGreeDD" type="3" discard="1" dealt="1" sum="10"/>
<action no="4" player="oreiasccp" type="4" sum="0"/>
</round>
<round no="2"><cards type="Flop">C3 DQ C7</cards>
<action no="5" player="oreiasccp" type="4" sum="0"/>
<action no="6" player="GGreeDD" type="5" discard="1" dealt="1" sum="20"/>
<action no="7" player="oreiasccp" type="0" sum="0"/>
</round>
</game>
<game gamecode="11536674165"><general><startdate>2025-06-27 12:29:40</startdate>
<round>1</round>
<failsafecounter/>
<players><player seat="6" name="GGreeDD" chips="1,060" dealer="0" win="0" bet="40" muck="1" rebuy="0" addon="0" merge="0" rebuychips="0" reg_code="8392843636"/>
<player seat="3" name="oreiasccp" chips="440" dealer="1" win="80" bet="60" muck="1" rebuy="0" addon="0" merge="0" rebuychips="0" reg_code="8392843436"/>
</players>
</general>
<round no="0"><action no="1" player="oreiasccp" type="1" sum="10"/>
<action no="2" player="GGreeDD" type="2" discard="1" dealt="1" sum="20"/>
</round>
<round no="1"><cards type="Pocket" player="GGreeDD">X X</cards>
<cards type="Pocket" player="oreiasccp">S2 S7</cards>
<action no="3" player="oreiasccp" type="23" sum="40"/>
<action no="4" player="GGreeDD" type="3" discard="1" dealt="1" sum="20"/>
</round>
<round no="2"><cards type="Flop">C8 C5 C10</cards>
<action no="5" player="GGreeDD" type="4" discard="1" dealt="1" sum="0"/>
<action no="6" player="oreiasccp" type="5" sum="20"/>
<action no="7" player="GGreeDD" type="0" discard="1" dealt="1" sum="0"/>
</round>
</game>
<game gamecode="11536674247"><general><startdate>2025-06-27 12:29:58</startdate>
<round>1</round>
<failsafecounter/>
<players><player seat="3" name="oreiasccp" chips="480" dealer="0" win="0" bet="35" muck="1" rebuy="0" addon="0" merge="0" rebuychips="0" reg_code="8392843436"/>
<player seat="6" name="GGreeDD" chips="1,020" dealer="1" win="70" bet="65" muck="1" rebuy="0" addon="0" merge="0" rebuychips="0" reg_code="8392843636"/>
</players>
</general>
<round no="0"><action no="1" player="GGreeDD" type="15" discard="1" dealt="1" sum="5"/>
<action no="2" player="oreiasccp" type="15" sum="5"/>
<action no="3" player="GGreeDD" type="1" discard="1" dealt="1" sum="15"/>
<action no="4" player="oreiasccp" type="2" sum="30"/>
</round>
<round no="1"><cards type="Pocket" player="oreiasccp">S4 D3</cards>
<cards type="Pocket" player="GGreeDD">X X</cards>
<action no="5" player="GGreeDD" type="23" discard="1" dealt="1" sum="60"/>
<action no="6" player="oreiasccp" type="0" sum="0"/>
</round>
</game>
<game gamecode="11536674288"><general><startdate>2025-06-27 12:30:06</startdate>
<round>1</round>
<failsafecounter/>
<players><player seat="6" name="GGreeDD" chips="1,055" dealer="0" win="70" bet="1,055" muck="1" rebuy="0" addon="0" merge="0" rebuychips="0" reg_code="8392843636"/>
<player seat="3" name="oreiasccp" chips="445" dealer="1" win="0" bet="35" muck="1" rebuy="0" addon="0" merge="0" rebuychips="0" reg_code="8392843436"/>
</players>
</general>
<round no="0"><action no="1" player="oreiasccp" type="15" sum="5"/>
<action no="2" player="GGreeDD" type="15" discard="1" dealt="1" sum="5"/>
<action no="3" player="oreiasccp" type="1" sum="15"/>
<action no="4" player="GGreeDD" type="2" discard="1" dealt="1" sum="30"/>
</round>
<round no="1"><cards type="Pocket" player="GGreeDD">X X</cards>
<cards type="Pocket" player="oreiasccp">D10 S4</cards>
<action no="5" player="oreiasccp" type="3" sum="15"/>
<action no="6" player="GGreeDD" type="23" discard="1" dealt="1" sum="1,050"/>
<action no="7" player="oreiasccp" type="0" sum="0"/>
</round>
</game>
<game gamecode="11536674385"><general><startdate>2025-06-27 12:30:25</startdate>
<round>1</round>
<failsafecounter/>
<players><player seat="3" name="oreiasccp" chips="410" dealer="0" win="0" bet="35" muck="1" rebuy="0" addon="0" merge="0" rebuychips="0" reg_code="8392843436"/>
<player seat="6" name="GGreeDD" chips="1,090" dealer="1" win="70" bet="65" muck="1" rebuy="0" addon="0" merge="0" rebuychips="0" reg_code="8392843636"/>
</players>
</general>
<round no="0"><action no="1" player="GGreeDD" type="15" discard="1" dealt="1" sum="5"/>
<action no="2" player="oreiasccp" type="15" sum="5"/>
<action no="3" player="GGreeDD" type="1" discard="1" dealt="1" sum="15"/>
<action no="4" player="oreiasccp" type="2" sum="30"/>
</round>
<round no="1"><cards type="Pocket" player="oreiasccp">H4 S7</cards>
<cards type="Pocket" player="GGreeDD">X X</cards>
<action no="5" player="GGreeDD" type="3" discard="1" dealt="1" sum="15"/>
<action no="6" player="oreiasccp" type="4" sum="0"/>
</round>
<round no="2"><cards type="Flop">S9 HK H6</cards>
<action no="7" player="oreiasccp" type="4" sum="0"/>
<action no="8" player="GGreeDD" type="5" discard="1" dealt="1" sum="30"/>
<action no="9" player="oreiasccp" type="0" sum="0"/>
</round>
</game>
<game gamecode="11536674488"><general><startdate>2025-06-27 12:30:48</startdate>
<round>1</round>
<failsafecounter/>
<players><player seat="6" name="GGreeDD" chips="1,125" dealer="0" win="40" bet="35" muck="1" rebuy="0" addon="0" merge="0" rebuychips="0" reg_code="8392843636"/>
<player seat="3" name="oreiasccp" chips="375" dealer="1" win="0" bet="20" muck="1" rebuy="0" addon="0" merge="0" rebuychips="0" reg_code="8392843436"/>
</players>
</general>
<round no="0"><action no="1" player="oreiasccp" type="15" sum="5"/>
<action no="2" player="GGreeDD" type="15" discard="1" dealt="1" sum="5"/>
<action no="3" player="oreiasccp" type="1" sum="15"/>
<action no="4" player="GGreeDD" type="2" discard="1" dealt="1" sum="30"/>
</round>
<round no="1"><cards type="Pocket" player="oreiasccp">S10 C5</cards>
<cards type="Pocket" player="GGreeDD">X X</cards>
<action no="5" player="oreiasccp" type="0" sum="0"/>
</round>
</game>
<game gamecode="11536674508"><general><startdate>2025-06-27 12:30:54</startdate>
<round>1</round>
<failsafecounter/>
<players><player seat="3" name="oreiasccp" chips="355" dealer="0" win="0" bet="35" muck="1" rebuy="0" addon="0" merge="0" rebuychips="0" reg_code="8392843436"/>
<player seat="6" name="GGreeDD" chips="1,145" dealer="1" win="70" bet="65" muck="1" rebuy="0" addon="0" merge="0" rebuychips="0" reg_code="8392843636"/>
</players>
</general>
<round no="0"><action no="1" player="GGreeDD" type="15" discard="1" dealt="1" sum="5"/>
<action no="2" player="oreiasccp" type="15" sum="5"/>
<action no="3" player="GGreeDD" type="1" discard="1" dealt="1" sum="15"/>
<action no="4" player="oreiasccp" type="2" sum="30"/>
</round>
<round no="1"><cards type="Pocket" player="GGreeDD">X X</cards>
<cards type="Pocket" player="oreiasccp">C3 D6</cards>
<action no="5" player="GGreeDD" type="23" discard="1" dealt="1" sum="60"/>
<action no="6" player="oreiasccp" type="0" sum="0"/>
</round>
</game>
<game gamecode="11536674549"><general><startdate>2025-06-27 12:31:02</startdate>
<round>1</round>
<failsafecounter/>
<players><player seat="6" name="GGreeDD" chips="1,180" dealer="0" win="640" bet="320" muck="0" rebuy="0" addon="0" merge="0" rebuychips="0" reg_code="8392843636"/>
<player seat="3" name="oreiasccp" chips="320" dealer="1" win="0" bet="320" muck="0" rebuy="0" addon="0" merge="0" rebuychips="0" reg_code="8392843436"/>
</players>
</general>
<round no="0"><action no="1" player="oreiasccp" type="15" sum="5"/>
<action no="2" player="GGreeDD" type="15" discard="1" dealt="1" sum="5"/>
<action no="3" player="oreiasccp" type="1" sum="15"/>
<action no="4" player="GGreeDD" type="2" discard="1" dealt="1" sum="30"/>
</round>
<round no="1"><cards type="Pocket" player="oreiasccp">HA DJ</cards>
<cards type="Pocket" player="GGreeDD">H10 S10</cards>
<action no="5" player="oreiasccp" type="3" sum="15"/>
<action no="6" player="GGreeDD" type="23" discard="1" dealt="1" sum="75"/>
<action no="7" player="oreiasccp" type="23" sum="315"/>
<action no="8" player="GGreeDD" type="3" discard="1" dealt="1" sum="240"/>
</round>
<round no="2"><cards type="Flop">CQ S5 C3</cards>
</round>
<round no="3"><cards type="Turn">D5</cards>
</round>
<round no="4"><cards type="River">H4</cards>
</round>
</game>
</session>
