<?xml version="1.0" encoding="UTF-8"?>
<session sessioncode="8392757702">
<general>
<client_version>25.1.1.13</client_version>
<mode>real</mode>
<gametype>Holdem NL</gametype>
<tablename>Twister €5 SNG, 1128642260</tablename>
<tournamentcode>1128642259</tournamentcode>
<tournamentname>Twister €5 SNG</tournamentname>
<buyin>€0 + €0.35 + €4.65</buyin>
<totalbuyin>€5</totalbuyin>
<rewarddrawn>€10</rewarddrawn>
<tournamentcurrency>EUR</tournamentcurrency>
<currency>EUR</currency>
<nickname>oreiasccp</nickname>
<gamecount>10</gamecount>
<startdate>2025-06-27 07:57:25</startdate>
<place>2</place>
<win>€0</win>
<tablesize>3</tablesize>
</general>
<game gamecode="11536463286"><general><startdate>2025-06-27 07:57:40</startdate>
<round>1</round>
<failsafecounter/>
<players><player seat="10" name="gasgas" chips="500" dealer="0" win="120" bet="139" muck="1" rebuy="0" addon="0" merge="0" rebuychips="0" reg_code="8392757747"/>
<player seat="3" name="champgnepapi" chips="500" dealer="1" win="0" bet="0" muck="1" rebuy="0" addon="0" merge="0" rebuychips="0" reg_code="8392757620"/>
<player seat="6" name="oreiasccp" chips="500" dealer="0" win="0" bet="60" muck="1" rebuy="0" addon="0" merge="0" rebuychips="0" reg_code="8392757702"/>
</players>
</general>
<round no="0"><action no="1" player="oreiasccp" type="1" sum="10"/>
<action no="2" player="gasgas" type="2" discard="1" dealt="1" sum="20"/>
</round>
<round no="1"><cards type="Pocket" player="gasgas">X X</cards>
<cards type="Pocket" player="oreiasccp">SK C7</cards>
<cards type="Pocket" player="champgnepapi">X X</cards>
<action no="3" player="champgnepapi" type="0" discard="1" dealt="1" sum="0"/>
<action no="4" player="oreiasccp" type="23" sum="40"/>
<action no="5" player="gasgas" type="3" discard="1" dealt="1" sum="20"/>
</round>
<round no="2"><cards type="Flop">D7 DJ D6</cards>
<action no="6" player="oreiasccp" type="4" sum="0"/>
<action no="7" player="gasgas" type="5" discard="1" dealt="1" sum="20"/>
<action no="8" player="oreiasccp" type="3" sum="20"/>
</round>
<round no="3"><cards type="Turn">C10</cards>
<action no="9" player="oreiasccp" type="4" sum="0"/>
<action no="10" player="gasgas" type="5" discard="1" dealt="1" sum="79"/>
<action no="11" player="oreiasccp" type="0" sum="0"/>
</round>
</game>
<game gamecode="11536463396"><general><startdate>2025-06-27 07:58:25</startdate>
<round>1</round>
<failsafecounter/>
<players><player seat="3" name="champgnepapi" chips="500" dealer="0" win="440" bet="500" muck="1" rebuy="0" addon="0" merge="0" rebuychips="0" reg_code="8392757620"/>
<player seat="6" name="oreiasccp" chips="440" dealer="1" win="0" bet="215" muck="1" rebuy="0" addon="0" merge="0" rebuychips="0" reg_code="8392757702"/>
<player seat="10" name="gasgas" chips="560" dealer="0" win="0" bet="10" muck="1" rebuy="0" addon="0" merge="0" rebuychips="0" reg_code="8392757747"/>
</players>
</general>
<round no="0"><action no="1" player="gasgas" type="1" discard="1" dealt="1" sum="10"/>
<action no="2" player="champgnepapi" type="2" discard="1" dealt="1" sum="20"/>
</round>
<round no="1"><cards type="Pocket" player="gasgas">X X</cards>
<cards type="Pocket" player="champgnepapi">X X</cards>
<cards type="Pocket" player="oreiasccp">HQ HK</cards>
<action no="3" player="oreiasccp" type="23" sum="40"/>
<action no="4" player="gasgas" type="0" discard="1" dealt="1" sum="0"/>
<action no="5" player="champgnepapi" type="3" discard="1" dealt="1" sum="20"/>
</round>
<round no="2"><cards type="Flop">H9 H3 S4</cards>
<action no="6" player="champgnepapi" type="4" discard="1" dealt="1" sum="0"/>
<action no="7" player="oreiasccp" type="5" sum="20"/>
<action no="8" player="champgnepapi" type="23" discard="1" dealt="1" sum="75"/>
<action no="9" player="oreiasccp" type="3" sum="55"/>
</round>
<round no="3"><cards type="Turn">D4</cards>
<action no="10" player="champgnepapi" type="5" discard="1" dealt="1" sum="100"/>
<action no="11" player="oreiasccp" type="3" sum="100"/>
</round>
<round no="4"><cards type="River">D7</cards>
<action no="12" player="champgnepapi" type="5" discard="1" dealt="1" sum="285"/>
<action no="13" player="oreiasccp" type="0" sum="0"/>
</round>
</game>
<game gamecode="11536463485"><general><startdate>2025-06-27 07:59:02</startdate>
<round>1</round>
<failsafecounter/>
<players><player seat="6" name="oreiasccp" chips="225" dealer="0" win="0" bet="40" muck="1" rebuy="0" addon="0" merge="0" rebuychips="0" reg_code="8392757702"/>
<player seat="10" name="gasgas" chips="550" dealer="1" win="90" bet="130" muck="1" rebuy="0" addon="0" merge="0" rebuychips="0" reg_code="8392757747"/>
<player seat="3" name="champgnepapi" chips="725" dealer="0" win="0" bet="10" muck="1" rebuy="0" addon="0" merge="0" rebuychips="0" reg_code="8392757620"/>
</players>
</general>
<round no="0"><action no="1" player="champgnepapi" type="1" discard="1" dealt="1" sum="10"/>
<action no="2" player="oreiasccp" type="2" sum="20"/>
</round>
<round no="1"><cards type="Pocket" player="gasgas">X X</cards>
<cards type="Pocket" player="champgnepapi">X X</cards>
<cards type="Pocket" player="oreiasccp">SQ S7</cards>
<action no="3" player="gasgas" type="23" discard="1" dealt="1" sum="40"/>
<action no="4" player="champgnepapi" type="0" discard="1" dealt="1" sum="0"/>
<action no="5" player="oreiasccp" type="3" sum="20"/>
</round>
<round no="2"><cards type="Flop">H2 D9 D10</cards>
<action no="6" player="oreiasccp" type="4" sum="0"/>
<action no="7" player="gasgas" type="5" discard="1" dealt="1" sum="90"/>
<action no="8" player="oreiasccp" type="0" sum="0"/>
</round>
</game>
<game gamecode="11536463528"><general><startdate>2025-06-27 07:59:18</startdate>
<round>1</round>
<failsafecounter/>
<players><player seat="10" name="gasgas" chips="600" dealer="0" win="0" bet="20" muck="1" rebuy="0" addon="0" merge="0" rebuychips="0" reg_code="8392757747"/>
<player seat="3" name="champgnepapi" chips="715" dealer="1" win="0" bet="40" muck="1" rebuy="0" addon="0" merge="0" rebuychips="0" reg_code="8392757620"/>
<player seat="6" name="oreiasccp" chips="185" dealer="0" win="100" bet="185" muck="1" rebuy="0" addon="0" merge="0" rebuychips="0" reg_code="8392757702"/>
</players>
</general>
<round no="0"><action no="1" player="oreiasccp" type="1" sum="10"/>
<action no="2" player="gasgas" type="2" discard="1" dealt="1" sum="20"/>
</round>
<round no="1"><cards type="Pocket" player="gasgas">X X</cards>
<cards type="Pocket" player="champgnepapi">X X</cards>
<cards type="Pocket" player="oreiasccp">DA SJ</cards>
<action no="3" player="champgnepapi" type="23" discard="1" dealt="1" sum="40"/>
<action no="4" player="oreiasccp" type="23" sum="185"/>
<action no="5" player="gasgas" type="0" discard="1" dealt="1" sum="0"/>
<action no="6" player="champgnepapi" type="0" discard="1" dealt="1" sum="0"/>
</round>
</game>
<game gamecode="11536463559"><general><startdate>2025-06-27 07:59:31</startdate>
<round>1</round>
<failsafecounter/>
<players><player seat="3" name="champgnepapi" chips="675" dealer="0" win="0" bet="20" muck="1" rebuy="0" addon="0" merge="0" rebuychips="0" reg_code="8392757620"/>
<player seat="6" name="oreiasccp" chips="245" dealer="1" win="0" bet="0" muck="1" rebuy="0" addon="0" merge="0" rebuychips="0" reg_code="8392757702"/>
<player seat="10" name="gasgas" chips="580" dealer="0" win="40" bet="60" muck="1" rebuy="0" addon="0" merge="0" rebuychips="0" reg_code="8392757747"/>
</players>
</general>
<round no="0"><action no="1" player="gasgas" type="1" discard="1" dealt="1" sum="10"/>
<action no="2" player="champgnepapi" type="2" discard="1" dealt="1" sum="20"/>
</round>
<round no="1"><cards type="Pocket" player="oreiasccp">H7 DK</cards>
<cards type="Pocket" player="gasgas">X X</cards>
<cards type="Pocket" player="champgnepapi">X X</cards>
<action no="3" player="oreiasccp" type="0" sum="0"/>
<action no="4" player="gasgas" type="23" discard="1" dealt="1" sum="60"/>
<action no="5" player="champgnepapi" type="0" discard="1" dealt="1" sum="0"/>
</round>
</game>
<game gamecode="11536463610"><general><startdate>2025-06-27 07:59:50</startdate>
<round>1</round>
<failsafecounter/>
<players><player seat="6" name="oreiasccp" chips="245" dealer="0" win="0" bet="35" muck="1" rebuy="0" addon="0" merge="0" rebuychips="0" reg_code="8392757702"/>
<player seat="10" name="gasgas" chips="600" dealer="1" win="0" bet="600" muck="0" rebuy="0" addon="0" merge="0" rebuychips="0" reg_code="8392757747"/>
<player seat="3" name="champgnepapi" chips="655" dealer="0" win="1,235" bet="655" muck="0" rebuy="0" addon="0" merge="0" rebuychips="0" reg_code="8392757620"/>
</players>
</general>
<round no="0"><action no="1" player="champgnepapi" type="15" discard="1" dealt="1" sum="5"/>
<action no="2" player="oreiasccp" type="15" sum="5"/>
<action no="3" player="gasgas" type="15" discard="1" dealt="1" sum="5"/>
<action no="4" player="champgnepapi" type="1" discard="1" dealt="1" sum="15"/>
<action no="5" player="oreiasccp" type="2" sum="30"/>
</round>
<round no="1"><cards type="Pocket" player="gasgas">CJ CK</cards>
<cards type="Pocket" player="champgnepapi">HK HA</cards>
<cards type="Pocket" player="oreiasccp">D4 DK</cards>
<action no="6" player="gasgas" type="23" discard="1" dealt="1" sum="60"/>
<action no="7" player="champgnepapi" type="23" discard="1" dealt="1" sum="650"/>
<action no="8" player="oreiasccp" type="0" sum="0"/>
<action no="9" player="gasgas" type="7" discard="1" dealt="1" sum="535"/>
</round>
<round no="2"><cards type="Flop">H7 S9 D2</cards>
</round>
<round no="3"><cards type="Turn">H8</cards>
</round>
<round no="4"><cards type="River">H2</cards>
</round>
</game>
<game gamecode="11536463670"><general><startdate>2025-06-27 08:00:12</startdate>
<round>1</round>
<failsafecounter/>
<players><player seat="6" name="oreiasccp" chips="210" dealer="0" win="0" bet="35" muck="1" rebuy="0" addon="0" merge="0" rebuychips="0" reg_code="8392757702"/>
<player seat="3" name="champgnepapi" chips="1,290" dealer="1" win="70" bet="1,290" muck="1" rebuy="0" addon="0" merge="0" rebuychips="0" reg_code="8392757620"/>
</players>
</general>
<round no="0"><action no="1" player="champgnepapi" type="15" discard="1" dealt="1" sum="5"/>
<action no="2" player="oreiasccp" type="15" sum="5"/>
<action no="3" player="champgnepapi" type="1" discard="1" dealt="1" sum="15"/>
<action no="4" player="oreiasccp" type="2" sum="30"/>
</round>
<round no="1"><cards type="Pocket" player="oreiasccp">H10 H4</cards>
<cards type="Pocket" player="champgnepapi">X X</cards>
<action no="5" player="champgnepapi" type="23" discard="1" dealt="1" sum="1,285"/>
<action no="6" player="oreiasccp" type="0" sum="0"/>
</round>
</game>
<game gamecode="11536463696"><general><startdate>2025-06-27 08:00:22</startdate>
<round>1</round>
<failsafecounter/>
<players><player seat="3" name="champgnepapi" chips="1,325" dealer="0" win="40" bet="35" muck="1" rebuy="0" addon="0" merge="0" rebuychips="0" reg_code="8392757620"/>
<player seat="6" name="oreiasccp" chips="175" dealer="1" win="0" bet="20" muck="1" rebuy="0" addon="0" merge="0" rebuychips="0" reg_code="8392757702"/>
</players>
</general>
<round no="0"><action no="1" player="oreiasccp" type="15" sum="5"/>
<action no="2" player="champgnepapi" type="15" discard="1" dealt="1" sum="5"/>
<action no="3" player="oreiasccp" type="1" sum="15"/>
<action no="4" player="champgnepapi" type="2" discard="1" dealt="1" sum="30"/>
</round>
<round no="1"><cards type="Pocket" player="champgnepapi">X X</cards>
<cards type="Pocket" player="oreiasccp">S5 H10</cards>
<action no="5" player="oreiasccp" type="0" sum="0"/>
</round>
</game>
<game gamecode="11536463715"><general><startdate>2025-06-27 08:00:29</startdate>
<round>1</round>
<failsafecounter/>
<players><player seat="6" name="oreiasccp" chips="155" dealer="0" win="0" bet="35" muck="1" rebuy="0" addon="0" merge="0" rebuychips="0" reg_code="8392757702"/>
<player seat="3" name="champgnepapi" chips="1,345" dealer="1" win="70" bet="1,345" muck="1" rebuy="0" addon="0" merge="0" rebuychips="0" reg_code="8392757620"/>
</players>
</general>
<round no="0"><action no="1" player="champgnepapi" type="15" discard="1" dealt="1" sum="5"/>
<action no="2" player="oreiasccp" type="15" sum="5"/>
<action no="3" player="champgnepapi" type="1" discard="1" dealt="1" sum="15"/>
<action no="4" player="oreiasccp" type="2" sum="30"/>
</round>
<round no="1"><cards type="Pocket" player="champgnepapi">X X</cards>
<cards type="Pocket" player="oreiasccp">S9 S6</cards>
<action no="5" player="champgnepapi" type="23" discard="1" dealt="1" sum="1,340"/>
<action no="6" player="oreiasccp" type="0" sum="0"/>
</round>
</game>
<game gamecode="11536463734"><general><startdate>2025-06-27 08:00:37</startdate>
<round>1</round>
<failsafecounter/>
<players><player seat="3" name="champgnepapi" chips="1,380" dealer="0" win="240" bet="120" muck="0" rebuy="0" addon="0" merge="0" rebuychips="0" reg_code="8392757620"/>
<player seat="6" name="oreiasccp" chips="120" dealer="1" win="0" bet="120" muck="0" rebuy="0" addon="0" merge="0" rebuychips="0" reg_code="8392757702"/>
</players>
</general>
<round no="0"><action no="1" player="oreiasccp" type="15" sum="5"/>
<action no="2" player="champgnepapi" type="15" discard="1" dealt="1" sum="5"/>
<action no="3" player="oreiasccp" type="1" sum="15"/>
<action no="4" player="champgnepapi" type="2" discard="1" dealt="1" sum="30"/>
</round>
<round no="1"><cards type="Pocket" player="champgnepapi">D10 CK</cards>
<cards type="Pocket" player="oreiasccp">C8 SJ</cards>
<action no="5" player="oreiasccp" type="23" sum="115"/>
<action no="6" player="champgnepapi" type="3" discard="1" dealt="1" sum="85"/>
</round>
<round no="2"><cards type="Flop">HK S7 S9</cards>
</round>
<round no="3"><cards type="Turn">DJ</cards>
</round>
<round no="4"><cards type="River">HQ</cards>
</round>
</game>
</session>
