<?xml version="1.0" encoding="UTF-8"?>
<session sessioncode="8392843435">
<general>
<client_version>25.1.1.13</client_version>
<mode>real</mode>
<gametype>Holdem NL</gametype>
<tablename>Twister €5 SNG, 1128653793</tablename>
<tournamentcode>1128653792</tournamentcode>
<tournamentname>Twister €5 SNG</tournamentname>
<buyin>€0 + €0.35 + €4.65</buyin>
<totalbuyin>€5</totalbuyin>
<rewarddrawn>€10</rewarddrawn>
<tournamentcurrency>EUR</tournamentcurrency>
<currency>EUR</currency>
<nickname>oreiasccp</nickname>
<gamecount>24</gamecount>
<startdate>2025-06-27 12:27:25</startdate>
<place>2</place>
<win>€0</win>
<tablesize>3</tablesize>
</general>
<game gamecode="11536667650"><general><startdate>2025-06-27 12:27:40</startdate>
<round>1</round>
<failsafecounter/>
<players><player seat="6" name="Amigo2015" chips="500" dealer="0" win="20" bet="20" muck="1" rebuy="0" addon="0" merge="0" rebuychips="0" reg_code="8392843559"/>
<player seat="10" name="heymari" chips="500" dealer="1" win="0" bet="0" muck="1" rebuy="0" addon="0" merge="0" rebuychips="0" reg_code="8392843629"/>
<player seat="3" name="oreiasccp" chips="500" dealer="0" win="0" bet="10" muck="1" rebuy="0" addon="0" merge="0" rebuychips="0" reg_code="8392843435"/>
</players>
</general>
<round no="0"><action no="1" player="oreiasccp" type="1" sum="10"/>
<action no="2" player="Amigo2015" type="2" discard="1" dealt="1" sum="20"/>
</round>
<round no="1"><cards type="Pocket" player="Amigo2015">X X</cards>
<cards type="Pocket" player="heymari">X X</cards>
<cards type="Pocket" player="oreiasccp">CQ D3</cards>
<action no="3" player="heymari" type="0" discard="1" dealt="1" sum="0"/>
<action no="4" player="oreiasccp" type="0" sum="0"/>
</round>
</game>
<game gamecode="11536667678"><general><startdate>2025-06-27 12:27:47</startdate>
<round>1</round>
<failsafecounter/>
<players><player seat="10" name="heymari" chips="500" dealer="0" win="1,000" bet="500" muck="0" rebuy="0" addon="0" merge="0" rebuychips="0" reg_code="8392843629"/>
<player seat="3" name="oreiasccp" chips="490" dealer="1" win="0" bet="0" muck="1" rebuy="0" addon="0" merge="0" rebuychips="0" reg_code="8392843435"/>
<player seat="6" name="Amigo2015" chips="510" dealer="0" win="0" bet="500" muck="1" rebuy="0" addon="0" merge="0" rebuychips="0" reg_code="8392843559"/>
</players>
</general>
<round no="0"><action no="1" player="Amigo2015" type="1" discard="1" dealt="1" sum="10"/>
<action no="2" player="heymari" type="2" discard="1" dealt="1" sum="20"/>
</round>
<round no="1"><cards type="Pocket" player="oreiasccp">H10 H4</cards>
<cards type="Pocket" player="heymari">SK SA</cards>
<cards type="Pocket" player="Amigo2015">CA S6</cards>
<action no="3" player="oreiasccp" type="0" sum="0"/>
<action no="4" player="Amigo2015" type="3" discard="1" dealt="1" sum="10"/>
<action no="5" player="heymari" type="23" discard="1" dealt="1" sum="60"/>
<action no="6" player="Amigo2015" type="23" discard="1" dealt="1" sum="275"/>
<action no="7" player="heymari" type="23" discard="1" dealt="1" sum="500"/>
<action no="8" player="Amigo2015" type="3" discard="1" dealt="1" sum="225"/>
</round>
<round no="2"><cards type="Flop">C9 CJ HQ</cards>
</round>
<round no="3"><cards type="Turn">DQ</cards>
</round>
<round no="4"><cards type="River">SQ</cards>
</round>
</game>
<game gamecode="11536673782"><general><startdate>2025-06-27 12:28:12</startdate>
<round>1</round>
<failsafecounter/>
<players><player seat="3" name="oreiasccp" chips="490" dealer="0" win="100" bet="81" muck="0" rebuy="0" addon="0" merge="0" rebuychips="0" reg_code="8392843435"/>
<player seat="6" name="Amigo2015" chips="10" dealer="1" win="0" bet="10" muck="1" rebuy="0" addon="0" merge="0" rebuychips="0" reg_code="8392843559"/>
<player seat="10" name="heymari" chips="1,000" dealer="0" win="0" bet="45" muck="1" rebuy="0" addon="0" merge="0" rebuychips="0" reg_code="8392843629"/>
</players>
</general>
<round no="0"><action no="1" player="heymari" type="1" discard="1" dealt="1" sum="10"/>
<action no="2" player="oreiasccp" type="2" sum="20"/>
</round>
<round no="1"><cards type="Pocket" player="oreiasccp">S6 C7</cards>
<cards type="Pocket" player="Amigo2015">S9 C9</cards>
<cards type="Pocket" player="heymari">X X</cards>
<action no="3" player="Amigo2015" type="7" discard="1" dealt="1" sum="10"/>
<action no="4" player="heymari" type="3" discard="1" dealt="1" sum="10"/>
<action no="5" player="oreiasccp" type="4" sum="0"/>
</round>
<round no="2"><cards type="Flop">S10 DA C6</cards>
<action no="6" player="heymari" type="4" discard="1" dealt="1" sum="0"/>
<action no="7" player="oreiasccp" type="4" sum="0"/>
</round>
<round no="3"><cards type="Turn">H7</cards>
<action no="8" player="heymari" type="4" discard="1" dealt="1" sum="0"/>
<action no="9" player="oreiasccp" type="5" sum="25"/>
<action no="10" player="heymari" type="3" discard="1" dealt="1" sum="25"/>
</round>
<round no="4"><cards type="River">S5</cards>
<action no="11" player="heymari" type="4" discard="1" dealt="1" sum="0"/>
<action no="12" player="oreiasccp" type="5" sum="36"/>
<action no="13" player="heymari" type="0" discard="1" dealt="1" sum="0"/>
</round>
</game>
<game gamecode="11536673973"><general><startdate>2025-06-27 12:28:57</startdate>
<round>1</round>
<failsafecounter/>
<players><player seat="3" name="oreiasccp" chips="545" dealer="0" win="108" bet="54" muck="0" rebuy="0" addon="0" merge="0" rebuychips="0" reg_code="8392843435"/>
<player seat="10" name="heymari" chips="955" dealer="1" win="0" bet="54" muck="1" rebuy="0" addon="0" merge="0" rebuychips="0" reg_code="8392843629"/>
</players>
</general>
<round no="0"><action no="1" player="heymari" type="1" discard="1" dealt="1" sum="10"/>
<action no="2" player="oreiasccp" type="2" sum="20"/>
</round>
<round no="1"><cards type="Pocket" player="oreiasccp">H8 H4</cards>
<cards type="Pocket" player="heymari">DA C4</cards>
<action no="3" player="heymari" type="3" discard="1" dealt="1" sum="10"/>
<action no="4" player="oreiasccp" type="4" sum="0"/>
</round>
<round no="2"><cards type="Flop">C6 S4 D8</cards>
<action no="5" player="oreiasccp" type="4" sum="0"/>
<action no="6" player="heymari" type="4" discard="1" dealt="1" sum="0"/>
</round>
<round no="3"><cards type="Turn">CQ</cards>
<action no="7" player="oreiasccp" type="4" sum="0"/>
<action no="8" player="heymari" type="4" discard="1" dealt="1" sum="0"/>
</round>
<round no="4"><cards type="River">S2</cards>
<action no="9" player="oreiasccp" type="5" sum="34"/>
<action no="10" player="heymari" type="3" discard="1" dealt="1" sum="34"/>
</round>
</game>
<game gamecode="11536674107"><general><startdate>2025-06-27 12:29:27</startdate>
<round>1</round>
<failsafecounter/>
<players><player seat="10" name="heymari" chips="901" dealer="0" win="0" bet="20" muck="1" rebuy="0" addon="0" merge="0" rebuychips="0" reg_code="8392843629"/>
<player seat="3" name="oreiasccp" chips="599" dealer="1" win="40" bet="40" muck="1" rebuy="0" addon="0" merge="0" rebuychips="0" reg_code="8392843435"/>
</players>
</general>
<round no="0"><action no="1" player="oreiasccp" type="1" sum="10"/>
<action no="2" player="heymari" type="2" discard="1" dealt="1" sum="20"/>
</round>
<round no="1"><cards type="Pocket" player="oreiasccp">S2 S4</cards>
<cards type="Pocket" player="heymari">X X</cards>
<action no="3" player="oreiasccp" type="3" sum="10"/>
<action no="4" player="heymari" type="4" discard="1" dealt="1" sum="0"/>
</round>
<round no="2"><cards type="Flop">S3 CJ C9</cards>
<action no="5" player="heymari" type="4" discard="1" dealt="1" sum="0"/>
<action no="6" player="oreiasccp" type="5" sum="20"/>
<action no="7" player="heymari" type="0" discard="1" dealt="1" sum="0"/>
</round>
</game>
<game gamecode="11536674253"><general><startdate>2025-06-27 12:30:00</startdate>
<round>1</round>
<failsafecounter/>
<players><player seat="3" name="oreiasccp" chips="619" dealer="0" win="0" bet="65" muck="1" rebuy="0" addon="0" merge="0" rebuychips="0" reg_code="8392843435"/>
<player seat="10" name="heymari" chips="881" dealer="1" win="130" bet="185" muck="1" rebuy="0" addon="0" merge="0" rebuychips="0" reg_code="8392843629"/>
</players>
</general>
<round no="0"><action no="1" player="heymari" type="15" discard="1" dealt="1" sum="5"/>
<action no="2" player="oreiasccp" type="15" sum="5"/>
<action no="3" player="heymari" type="1" discard="1" dealt="1" sum="15"/>
<action no="4" player="oreiasccp" type="2" sum="30"/>
</round>
<round no="1"><cards type="Pocket" player="heymari">X X</cards>
<cards type="Pocket" player="oreiasccp">S2 D8</cards>
<action no="5" player="heymari" type="3" discard="1" dealt="1" sum="15"/>
<action no="6" player="oreiasccp" type="4" sum="0"/>
</round>
<round no="2"><cards type="Flop">D5 C2 HJ</cards>
<action no="7" player="oreiasccp" type="4" sum="0"/>
<action no="8" player="heymari" type="5" discard="1" dealt="1" sum="30"/>
<action no="9" player="oreiasccp" type="3" sum="30"/>
</round>
<round no="3"><cards type="Turn">C9</cards>
<action no="10" player="oreiasccp" type="4" sum="0"/>
<action no="11" player="heymari" type="5" discard="1" dealt="1" sum="120"/>
<action no="12" player="oreiasccp" type="0" sum="0"/>
</round>
</game>
<game gamecode="11536674438"><general><startdate>2025-06-27 12:30:38</startdate>
<round>1</round>
<failsafecounter/>
<players><player seat="10" name="heymari" chips="946" dealer="0" win="190" bet="142" muck="1" rebuy="0" addon="0" merge="0" rebuychips="0" reg_code="8392843629"/>
<player seat="3" name="oreiasccp" chips="554" dealer="1" win="0" bet="95" muck="1" rebuy="0" addon="0" merge="0" rebuychips="0" reg_code="8392843435"/>
</players>
</general>
<round no="0"><action no="1" player="oreiasccp" type="15" sum="5"/>
<action no="2" player="heymari" type="15" discard="1" dealt="1" sum="5"/>
<action no="3" player="oreiasccp" type="1" sum="15"/>
<action no="4" player="heymari" type="2" discard="1" dealt="1" sum="30"/>
</round>
<round no="1"><cards type="Pocket" player="heymari">X X</cards>
<cards type="Pocket" player="oreiasccp">C10 DJ</cards>
<action no="5" player="oreiasccp" type="3" sum="15"/>
<action no="6" player="heymari" type="23" discard="1" dealt="1" sum="90"/>
<action no="7" player="oreiasccp" type="3" sum="60"/>
</round>
<round no="2"><cards type="Flop">DK H7 SK</cards>
<action no="8" player="heymari" type="5" discard="1" dealt="1" sum="47"/>
<action no="9" player="oreiasccp" type="0" sum="0"/>
</round>
</game>
<game gamecode="11536674559"><general><startdate>2025-06-27 12:31:04</startdate>
<round>1</round>
<failsafecounter/>
<players><player seat="3" name="oreiasccp" chips="459" dealer="0" win="70" bet="86" muck="1" rebuy="0" addon="0" merge="0" rebuychips="0" reg_code="8392843435"/>
<player seat="10" name="heymari" chips="1,041" dealer="1" win="0" bet="35" muck="1" rebuy="0" addon="0" merge="0" rebuychips="0" reg_code="8392843629"/>
</players>
</general>
<round no="0"><action no="1" player="heymari" type="15" discard="1" dealt="1" sum="5"/>
<action no="2" player="oreiasccp" type="15" sum="5"/>
<action no="3" player="heymari" type="1" discard="1" dealt="1" sum="15"/>
<action no="4" player="oreiasccp" type="2" sum="30"/>
</round>
<round no="1"><cards type="Pocket" player="oreiasccp">D8 S6</cards>
<cards type="Pocket" player="heymari">X X</cards>
<action no="5" player="heymari" type="3" discard="1" dealt="1" sum="15"/>
<action no="6" player="oreiasccp" type="4" sum="0"/>
</round>
<round no="2"><cards type="Flop">H8 H4 CJ</cards>
<action no="7" player="oreiasccp" type="4" sum="0"/>
<action no="8" player="heymari" type="4" discard="1" dealt="1" sum="0"/>
</round>
<round no="3"><cards type="Turn">C7</cards>
<action no="9" player="oreiasccp" type="4" sum="0"/>
<action no="10" player="heymari" type="4" discard="1" dealt="1" sum="0"/>
</round>
<round no="4"><cards type="River">C6</cards>
<action no="11" player="oreiasccp" type="5" sum="51"/>
<action no="12" player="heymari" type="0" discard="1" dealt="1" sum="0"/>
</round>
</game>
<game gamecode="11536674692"><general><startdate>2025-06-27 12:31:37</startdate>
<round>1</round>
<failsafecounter/>
<players><player seat="10" name="heymari" chips="1,006" dealer="0" win="280" bet="215" muck="1" rebuy="0" addon="0" merge="0" rebuychips="0" reg_code="8392843629"/>
<player seat="3" name="oreiasccp" chips="494" dealer="1" win="0" bet="140" muck="1" rebuy="0" addon="0" merge="0" rebuychips="0" reg_code="8392843435"/>
</players>
</general>
<round no="0"><action no="1" player="oreiasccp" type="15" sum="5"/>
<action no="2" player="heymari" type="15" discard="1" dealt="1" sum="5"/>
<action no="3" player="oreiasccp" type="1" sum="15"/>
<action no="4" player="heymari" type="2" discard="1" dealt="1" sum="30"/>
</round>
<round no="1"><cards type="Pocket" player="oreiasccp">H10 D6</cards>
<cards type="Pocket" player="heymari">X X</cards>
<action no="5" player="oreiasccp" type="3" sum="15"/>
<action no="6" player="heymari" type="4" discard="1" dealt="1" sum="0"/>
</round>
<round no="2"><cards type="Flop">H2 DA H9</cards>
<action no="7" player="heymari" type="4" discard="1" dealt="1" sum="0"/>
<action no="8" player="oreiasccp" type="5" sum="30"/>
<action no="9" player="heymari" type="3" discard="1" dealt="1" sum="30"/>
</round>
<round no="3"><cards type="Turn">D7</cards>
<action no="10" player="heymari" type="4" discard="1" dealt="1" sum="0"/>
<action no="11" player="oreiasccp" type="5" sum="75"/>
<action no="12" player="heymari" type="23" discard="1" dealt="1" sum="150"/>
<action no="13" player="oreiasccp" type="0" sum="0"/>
</round>
</game>
<game gamecode="11536674874"><general><startdate>2025-06-27 12:32:19</startdate>
<round>1</round>
<failsafecounter/>
<players><player seat="3" name="oreiasccp" chips="354" dealer="0" win="708" bet="354" muck="0" rebuy="0" addon="0" merge="0" rebuychips="0" reg_code="8392843435"/>
<player seat="10" name="heymari" chips="1,146" dealer="1" win="0" bet="1,146" muck="1" rebuy="0" addon="0" merge="0" rebuychips="0" reg_code="8392843629"/>
</players>
</general>
<round no="0"><action no="1" player="heymari" type="15" discard="1" dealt="1" sum="5"/>
<action no="2" player="oreiasccp" type="15" sum="5"/>
<action no="3" player="heymari" type="1" discard="1" dealt="1" sum="20"/>
<action no="4" player="oreiasccp" type="2" sum="40"/>
</round>
<round no="1"><cards type="Pocket" player="heymari">DK CQ</cards>
<cards type="Pocket" player="oreiasccp">HA C2</cards>
<action no="5" player="heymari" type="23" discard="1" dealt="1" sum="1,141"/>
<action no="6" player="oreiasccp" type="7" sum="309"/>
</round>
<round no="2"><cards type="Flop">H5 D9 HJ</cards>
</round>
<round no="3"><cards type="Turn">S7</cards>
</round>
<round no="4"><cards type="River">H2</cards>
</round>
</game>
<game gamecode="11536674968"><general><startdate>2025-06-27 12:32:40</startdate>
<round>1</round>
<failsafecounter/>
<players><player seat="10" name="heymari" chips="792" dealer="0" win="0" bet="90" muck="1" rebuy="0" addon="0" merge="0" rebuychips="0" reg_code="8392843629"/>
<player seat="3" name="oreiasccp" chips="708" dealer="1" win="180" bet="90" muck="0" rebuy="0" addon="0" merge="0" rebuychips="0" reg_code="8392843435"/>
</players>
</general>
<round no="0"><action no="1" player="oreiasccp" type="15" sum="5"/>
<action no="2" player="heymari" type="15" discard="1" dealt="1" sum="5"/>
<action no="3" player="oreiasccp" type="1" sum="20"/>
<action no="4" player="heymari" type="2" discard="1" dealt="1" sum="40"/>
</round>
<round no="1"><cards type="Pocket" player="oreiasccp">D4 D7</cards>
<cards type="Pocket" player="heymari">SK S5</cards>
<action no="5" player="oreiasccp" type="3" sum="20"/>
<action no="6" player="heymari" type="4" discard="1" dealt="1" sum="0"/>
</round>
<round no="2"><cards type="Flop">C4 D10 H10</cards>
<action no="7" player="heymari" type="4" discard="1" dealt="1" sum="0"/>
<action no="8" player="oreiasccp" type="4" sum="0"/>
</round>
<round no="3"><cards type="Turn">H4</cards>
<action no="9" player="heymari" type="4" discard="1" dealt="1" sum="0"/>
<action no="10" player="oreiasccp" type="4" sum="0"/>
</round>
<round no="4"><cards type="River">DQ</cards>
<action no="11" player="heymari" type="4" discard="1" dealt="1" sum="0"/>
<action no="12" player="oreiasccp" type="5" sum="45"/>
<action no="13" player="heymari" type="3" discard="1" dealt="1" sum="45"/>
</round>
</game>
<game gamecode="11536675142"><general><startdate>2025-06-27 12:33:17</startdate>
<round>1</round>
<failsafecounter/>
<players><player seat="3" name="oreiasccp" chips="798" dealer="0" win="0" bet="45" muck="1" rebuy="0" addon="0" merge="0" rebuychips="0" reg_code="8392843435"/>
<player seat="10" name="heymari" chips="702" dealer="1" win="90" bet="85" muck="1" rebuy="0" addon="0" merge="0" rebuychips="0" reg_code="8392843629"/>
</players>
</general>
<round no="0"><action no="1" player="heymari" type="15" discard="1" dealt="1" sum="5"/>
<action no="2" player="oreiasccp" type="15" sum="5"/>
<action no="3" player="heymari" type="1" discard="1" dealt="1" sum="20"/>
<action no="4" player="oreiasccp" type="2" sum="40"/>
</round>
<round no="1"><cards type="Pocket" player="oreiasccp">C2 S8</cards>
<cards type="Pocket" player="heymari">X X</cards>
<action no="5" player="heymari" type="23" discard="1" dealt="1" sum="80"/>
<action no="6" player="oreiasccp" type="0" sum="0"/>
</round>
</game>
<game gamecode="11536675169"><general><startdate>2025-06-27 12:33:24</startdate>
<round>1</round>
<failsafecounter/>
<players><player seat="10" name="heymari" chips="747" dealer="0" win="50" bet="45" muck="1" rebuy="0" addon="0" merge="0" rebuychips="0" reg_code="8392843629"/>
<player seat="3" name="oreiasccp" chips="753" dealer="1" win="0" bet="25" muck="1" rebuy="0" addon="0" merge="0" rebuychips="0" reg_code="8392843435"/>
</players>
</general>
<round no="0"><action no="1" player="oreiasccp" type="15" sum="5"/>
<action no="2" player="heymari" type="15" discard="1" dealt="1" sum="5"/>
<action no="3" player="oreiasccp" type="1" sum="20"/>
<action no="4" player="heymari" type="2" discard="1" dealt="1" sum="40"/>
</round>
<round no="1"><cards type="Pocket" player="oreiasccp">D9 H4</cards>
<cards type="Pocket" player="heymari">X X</cards>
<action no="5" player="oreiasccp" type="0" sum="0"/>
</round>
</game>
<game gamecode="11536675207"><general><startdate>2025-06-27 12:33:33</startdate>
<round>1</round>
<failsafecounter/>
<players><player seat="3" name="oreiasccp" chips="728" dealer="0" win="0" bet="45" muck="1" rebuy="0" addon="0" merge="0" rebuychips="0" reg_code="8392843435"/>
<player seat="10" name="heymari" chips="772" dealer="1" win="90" bet="112" muck="1" rebuy="0" addon="0" merge="0" rebuychips="0" reg_code="8392843629"/>
</players>
</general>
<round no="0"><action no="1" player="heymari" type="15" discard="1" dealt="1" sum="5"/>
<action no="2" player="oreiasccp" type="15" sum="5"/>
<action no="3" player="heymari" type="1" discard="1" dealt="1" sum="20"/>
<action no="4" player="oreiasccp" type="2" sum="40"/>
</round>
<round no="1"><cards type="Pocket" player="oreiasccp">C9 D4</cards>
<cards type="Pocket" player="heymari">X X</cards>
<action no="5" player="heymari" type="3" discard="1" dealt="1" sum="20"/>
<action no="6" player="oreiasccp" type="4" sum="0"/>
</round>
<round no="2"><cards type="Flop">D8 D6 D10</cards>
<action no="7" player="oreiasccp" type="4" sum="0"/>
<action no="8" player="heymari" type="4" discard="1" dealt="1" sum="0"/>
</round>
<round no="3"><cards type="Turn">SQ</cards>
<action no="9" player="oreiasccp" type="4" sum="0"/>
<action no="10" player="heymari" type="5" discard="1" dealt="1" sum="67"/>
<action no="11" player="oreiasccp" type="0" sum="0"/>
</round>
</game>
<game gamecode="11536675289"><general><startdate>2025-06-27 12:33:52</startdate>
<round>1</round>
<failsafecounter/>
<players><player seat="10" name="heymari" chips="817" dealer="0" win="0" bet="65" muck="1" rebuy="0" addon="0" merge="0" rebuychips="0" reg_code="8392843629"/>
<player seat="3" name="oreiasccp" chips="683" dealer="1" win="130" bet="683" muck="1" rebuy="0" addon="0" merge="0" rebuychips="0" reg_code="8392843435"/>
</players>
</general>
<round no="0"><action no="1" player="oreiasccp" type="15" sum="5"/>
<action no="2" player="heymari" type="15" discard="1" dealt="1" sum="5"/>
<action no="3" player="oreiasccp" type="1" sum="30"/>
<action no="4" player="heymari" type="2" discard="1" dealt="1" sum="60"/>
</round>
<round no="1"><cards type="Pocket" player="oreiasccp">D6 DK</cards>
<cards type="Pocket" player="heymari">X X</cards>
<action no="5" player="oreiasccp" type="23" sum="678"/>
<action no="6" player="heymari" type="0" discard="1" dealt="1" sum="0"/>
</round>
</game>
<game gamecode="11536675321"><general><startdate>2025-06-27 12:33:59</startdate>
<round>1</round>
<failsafecounter/>
<players><player seat="3" name="oreiasccp" chips="748" dealer="0" win="130" bet="215" muck="1" rebuy="0" addon="0" merge="0" rebuychips="0" reg_code="8392843435"/>
<player seat="10" name="heymari" chips="752" dealer="1" win="0" bet="65" muck="1" rebuy="0" addon="0" merge="0" rebuychips="0" reg_code="8392843629"/>
</players>
</general>
<round no="0"><action no="1" player="heymari" type="15" discard="1" dealt="1" sum="5"/>
<action no="2" player="oreiasccp" type="15" sum="5"/>
<action no="3" player="heymari" type="1" discard="1" dealt="1" sum="30"/>
<action no="4" player="oreiasccp" type="2" sum="60"/>
</round>
<round no="1"><cards type="Pocket" player="oreiasccp">CK DQ</cards>
<cards type="Pocket" player="heymari">X X</cards>
<action no="5" player="heymari" type="3" discard="1" dealt="1" sum="30"/>
<action no="6" player="oreiasccp" type="23" sum="210"/>
<action no="7" player="heymari" type="0" discard="1" dealt="1" sum="0"/>
</round>
</game>
<game gamecode="11536675356"><general><startdate>2025-06-27 12:34:07</startdate>
<round>1</round>
<failsafecounter/>
<players><player seat="10" name="heymari" chips="687" dealer="0" win="648" bet="687" muck="1" rebuy="0" addon="0" merge="0" rebuychips="0" reg_code="8392843629"/>
<player seat="3" name="oreiasccp" chips="813" dealer="1" win="0" bet="324" muck="1" rebuy="0" addon="0" merge="0" rebuychips="0" reg_code="8392843435"/>
</players>
</general>
<round no="0"><action no="1" player="oreiasccp" type="15" sum="5"/>
<action no="2" player="heymari" type="15" discard="1" dealt="1" sum="5"/>
<action no="3" player="oreiasccp" type="1" sum="30"/>
<action no="4" player="heymari" type="2" discard="1" dealt="1" sum="60"/>
</round>
<round no="1"><cards type="Pocket" player="heymari">X X</cards>
<cards type="Pocket" player="oreiasccp">C8 D6</cards>
<action no="5" player="oreiasccp" type="3" sum="30"/>
<action no="6" player="heymari" type="4" discard="1" dealt="1" sum="0"/>
</round>
<round no="2"><cards type="Flop">C7 C9 H6</cards>
<action no="7" player="heymari" type="5" discard="1" dealt="1" sum="97"/>
<action no="8" player="oreiasccp" type="3" sum="97"/>
</round>
<round no="3"><cards type="Turn">H3</cards>
<action no="9" player="heymari" type="5" discard="1" dealt="1" sum="162"/>
<action no="10" player="oreiasccp" type="3" sum="162"/>
</round>
<round no="4"><cards type="River">C2</cards>
<action no="11" player="heymari" type="5" discard="1" dealt="1" sum="363"/>
<action no="12" player="oreiasccp" type="0" sum="0"/>
</round>
</game>
<game gamecode="11536680962"><general><startdate>2025-06-27 12:34:42</startdate>
<round>1</round>
<failsafecounter/>
<players><player seat="3" name="oreiasccp" chips="489" dealer="0" win="978" bet="489" muck="0" rebuy="0" addon="0" merge="0" rebuychips="0" reg_code="8392843435"/>
<player seat="10" name="heymari" chips="1,011" dealer="1" win="0" bet="1,011" muck="1" rebuy="0" addon="0" merge="0" rebuychips="0" reg_code="8392843629"/>
</players>
</general>
<round no="0"><action no="1" player="heymari" type="15" discard="1" dealt="1" sum="5"/>
<action no="2" player="oreiasccp" type="15" sum="5"/>
<action no="3" player="heymari" type="1" discard="1" dealt="1" sum="30"/>
<action no="4" player="oreiasccp" type="2" sum="60"/>
</round>
<round no="1"><cards type="Pocket" player="heymari">DK D9</cards>
<cards type="Pocket" player="oreiasccp">DA H10</cards>
<action no="5" player="heymari" type="3" discard="1" dealt="1" sum="30"/>
<action no="6" player="oreiasccp" type="23" sum="240"/>
<action no="7" player="heymari" type="23" discard="1" dealt="1" sum="1,006"/>
<action no="8" player="oreiasccp" type="7" sum="244"/>
</round>
<round no="2"><cards type="Flop">D7 H6 C7</cards>
</round>
<round no="3"><cards type="Turn">HA</cards>
</round>
<round no="4"><cards type="River">SA</cards>
</round>
</game>
<game gamecode="11536681051"><general><startdate>2025-06-27 12:35:03</startdate>
<round>1</round>
<failsafecounter/>
<players><player seat="10" name="heymari" chips="522" dealer="0" win="70" bet="65" muck="1" rebuy="0" addon="0" merge="0" rebuychips="0" reg_code="8392843629"/>
<player seat="3" name="oreiasccp" chips="978" dealer="1" win="0" bet="35" muck="1" rebuy="0" addon="0" merge="0" rebuychips="0" reg_code="8392843435"/>
</players>
</general>
<round no="0"><action no="1" player="oreiasccp" type="15" sum="5"/>
<action no="2" player="heymari" type="15" discard="1" dealt="1" sum="5"/>
<action no="3" player="oreiasccp" type="1" sum="30"/>
<action no="4" player="heymari" type="2" discard="1" dealt="1" sum="60"/>
</round>
<round no="1"><cards type="Pocket" player="oreiasccp">H5 C9</cards>
<cards type="Pocket" player="heymari">X X</cards>
<action no="5" player="oreiasccp" type="0" sum="0"/>
</round>
</game>
<game gamecode="11536681076"><general><startdate>2025-06-27 12:35:10</startdate>
<round>1</round>
<failsafecounter/>
<players><player seat="3" name="oreiasccp" chips="943" dealer="0" win="0" bet="557" muck="1" rebuy="0" addon="0" merge="0" rebuychips="0" reg_code="8392843435"/>
<player seat="10" name="heymari" chips="557" dealer="1" win="1,114" bet="557" muck="0" rebuy="0" addon="0" merge="0" rebuychips="0" reg_code="8392843629"/>
</players>
</general>
<round no="0"><action no="1" player="heymari" type="15" discard="1" dealt="1" sum="5"/>
<action no="2" player="oreiasccp" type="15" sum="5"/>
<action no="3" player="heymari" type="1" discard="1" dealt="1" sum="30"/>
<action no="4" player="oreiasccp" type="2" sum="60"/>
</round>
<round no="1"><cards type="Pocket" player="oreiasccp">CK H10</cards>
<cards type="Pocket" player="heymari">D4 D6</cards>
<action no="5" player="heymari" type="23" discard="1" dealt="1" sum="552"/>
<action no="6" player="oreiasccp" type="3" sum="492"/>
</round>
<round no="2"><cards type="Flop">D3 C2 S4</cards>
</round>
<round no="3"><cards type="Turn">H7</cards>
</round>
<round no="4"><cards type="River">H3</cards>
</round>
</game>
<game gamecode="11536681138"><general><startdate>2025-06-27 12:35:29</startdate>
<round>1</round>
<failsafecounter/>
<players><player seat="10" name="heymari" chips="1,114" dealer="0" win="0" bet="65" muck="1" rebuy="0" addon="0" merge="0" rebuychips="0" reg_code="8392843629"/>
<player seat="3" name="oreiasccp" chips="386" dealer="1" win="130" bet="386" muck="1" rebuy="0" addon="0" merge="0" rebuychips="0" reg_code="8392843435"/>
</players>
</general>
<round no="0"><action no="1" player="oreiasccp" type="15" sum="5"/>
<action no="2" player="heymari" type="15" discard="1" dealt="1" sum="5"/>
<action no="3" player="oreiasccp" type="1" sum="30"/>
<action no="4" player="heymari" type="2" discard="1" dealt="1" sum="60"/>
</round>
<round no="1"><cards type="Pocket" player="heymari">X X</cards>
<cards type="Pocket" player="oreiasccp">SA HQ</cards>
<action no="5" player="oreiasccp" type="23" sum="381"/>
<action no="6" player="heymari" type="0" discard="1" dealt="1" sum="0"/>
</round>
</game>
<game gamecode="11536681173"><general><startdate>2025-06-27 12:35:37</startdate>
<round>1</round>
<failsafecounter/>
<players><player seat="3" name="oreiasccp" chips="451" dealer="0" win="130" bet="155" muck="1" rebuy="0" addon="0" merge="0" rebuychips="0" reg_code="8392843435"/>
<player seat="10" name="heymari" chips="1,049" dealer="1" win="0" bet="65" muck="1" rebuy="0" addon="0" merge="0" rebuychips="0" reg_code="8392843629"/>
</players>
</general>
<round no="0"><action no="1" player="heymari" type="15" discard="1" dealt="1" sum="5"/>
<action no="2" player="oreiasccp" type="15" sum="5"/>
<action no="3" player="heymari" type="1" discard="1" dealt="1" sum="30"/>
<action no="4" player="oreiasccp" type="2" sum="60"/>
</round>
<round no="1"><cards type="Pocket" player="oreiasccp">H6 C6</cards>
<cards type="Pocket" player="heymari">X X</cards>
<action no="5" player="heymari" type="3" discard="1" dealt="1" sum="30"/>
<action no="6" player="oreiasccp" type="23" sum="150"/>
<action no="7" player="heymari" type="0" discard="1" dealt="1" sum="0"/>
</round>
</game>
<game gamecode="11536681218"><general><startdate>2025-06-27 12:35:48</startdate>
<round>1</round>
<failsafecounter/>
<players><player seat="10" name="heymari" chips="984" dealer="0" win="0" bet="88" muck="1" rebuy="0" addon="0" merge="0" rebuychips="0" reg_code="8392843629"/>
<player seat="3" name="oreiasccp" chips="516" dealer="1" win="176" bet="516" muck="1" rebuy="0" addon="0" merge="0" rebuychips="0" reg_code="8392843435"/>
</players>
</general>
<round no="0"><action no="1" player="oreiasccp" type="15" sum="8"/>
<action no="2" player="heymari" type="15" discard="1" dealt="1" sum="8"/>
<action no="3" player="oreiasccp" type="1" sum="40"/>
<action no="4" player="heymari" type="2" discard="1" dealt="1" sum="80"/>
</round>
<round no="1"><cards type="Pocket" player="oreiasccp">H4 CA</cards>
<cards type="Pocket" player="heymari">X X</cards>
<action no="5" player="oreiasccp" type="23" sum="508"/>
<action no="6" player="heymari" type="0" discard="1" dealt="1" sum="0"/>
</round>
</game>
<game gamecode="11536681241"><general><startdate>2025-06-27 12:35:54</startdate>
<round>1</round>
<failsafecounter/>
<players><player seat="3" name="oreiasccp" chips="604" dealer="0" win="0" bet="604" muck="0" rebuy="0" addon="0" merge="0" rebuychips="0" reg_code="8392843435"/>
<player seat="10" name="heymari" chips="896" dealer="1" win="1,208" bet="896" muck="0" rebuy="0" addon="0" merge="0" rebuychips="0" reg_code="8392843629"/>
</players>
</general>
<round no="0"><action no="1" player="heymari" type="15" discard="1" dealt="1" sum="8"/>
<action no="2" player="oreiasccp" type="15" sum="8"/>
<action no="3" player="heymari" type="1" discard="1" dealt="1" sum="40"/>
<action no="4" player="oreiasccp" type="2" sum="80"/>
</round>
<round no="1"><cards type="Pocket" player="oreiasccp">D10 CA</cards>
<cards type="Pocket" player="heymari">D4 D7</cards>
<action no="5" player="heymari" type="23" discard="1" dealt="1" sum="888"/>
<action no="6" player="oreiasccp" type="7" sum="516"/>
</round>
<round no="2"><cards type="Flop">DA H4 DJ</cards>
</round>
<round no="3"><cards type="Turn">DK</cards>
</round>
<round no="4"><cards type="River">C8</cards>
</round>
</game>
</session>
