<?xml version="1.0" encoding="UTF-8"?>
<session sessioncode="8392871897">
<general>
<client_version>25.1.1.13</client_version>
<mode>real</mode>
<gametype>Holdem NL</gametype>
<tablename>Twister €5 SNG, 1128657241</tablename>
<tournamentcode>1128657240</tournamentcode>
<tournamentname>Twister €5 SNG</tournamentname>
<buyin>€0 + €0.35 + €4.65</buyin>
<totalbuyin>€5</totalbuyin>
<rewarddrawn>€10</rewarddrawn>
<tournamentcurrency>EUR</tournamentcurrency>
<currency>EUR</currency>
<nickname>oreiasccp</nickname>
<gamecount>16</gamecount>
<startdate>2025-06-27 13:36:20</startdate>
<place>1</place>
<win>€10</win>
<tablesize>3</tablesize>
</general>
<game gamecode="11536740104"><general><startdate>2025-06-27 13:36:35</startdate>
<round>1</round>
<failsafecounter/>
<players><player seat="6" name="p0k3r5n8k3" chips="500" dealer="0" win="0" bet="40" muck="1" rebuy="0" addon="0" merge="0" rebuychips="0" reg_code="8392872024"/>
<player seat="10" name="duketeal4" chips="500" dealer="1" win="90" bet="60" muck="1" rebuy="0" addon="0" merge="0" rebuychips="0" reg_code="8392872066"/>
<player seat="3" name="oreiasccp" chips="500" dealer="0" win="0" bet="10" muck="1" rebuy="0" addon="0" merge="0" rebuychips="0" reg_code="8392871897"/>
</players>
</general>
<round no="0"><action no="1" player="oreiasccp" type="1" sum="10"/>
<action no="2" player="p0k3r5n8k3" type="2" discard="1" dealt="1" sum="20"/>
</round>
<round no="1"><cards type="Pocket" player="oreiasccp">S4 HK</cards>
<cards type="Pocket" player="p0k3r5n8k3">X X</cards>
<cards type="Pocket" player="duketeal4">X X</cards>
<action no="3" player="duketeal4" type="23" discard="1" dealt="1" sum="40"/>
<action no="4" player="oreiasccp" type="0" sum="0"/>
<action no="5" player="p0k3r5n8k3" type="3" discard="1" dealt="1" sum="20"/>
</round>
<round no="2"><cards type="Flop">S5 C2 HA</cards>
<action no="6" player="p0k3r5n8k3" type="4" discard="1" dealt="1" sum="0"/>
<action no="7" player="duketeal4" type="5" discard="1" dealt="1" sum="20"/>
<action no="8" player="p0k3r5n8k3" type="0" discard="1" dealt="1" sum="0"/>
</round>
</game>
<game gamecode="11536740188"><general><startdate>2025-06-27 13:36:52</startdate>
<round>1</round>
<failsafecounter/>
<players><player seat="10" name="duketeal4" chips="550" dealer="0" win="20" bet="20" muck="1" rebuy="0" addon="0" merge="0" rebuychips="0" reg_code="8392872066"/>
<player seat="3" name="oreiasccp" chips="490" dealer="1" win="0" bet="0" muck="1" rebuy="0" addon="0" merge="0" rebuychips="0" reg_code="8392871897"/>
<player seat="6" name="p0k3r5n8k3" chips="460" dealer="0" win="0" bet="10" muck="1" rebuy="0" addon="0" merge="0" rebuychips="0" reg_code="8392872024"/>
</players>
</general>
<round no="0"><action no="1" player="p0k3r5n8k3" type="1" discard="1" dealt="1" sum="10"/>
<action no="2" player="duketeal4" type="2" discard="1" dealt="1" sum="20"/>
</round>
<round no="1"><cards type="Pocket" player="duketeal4">X X</cards>
<cards type="Pocket" player="oreiasccp">S8 S4</cards>
<cards type="Pocket" player="p0k3r5n8k3">X X</cards>
<action no="3" player="oreiasccp" type="0" sum="0"/>
<action no="4" player="p0k3r5n8k3" type="0" discard="1" dealt="1" sum="0"/>
</round>
</game>
<game gamecode="11536740217"><general><startdate>2025-06-27 13:36:59</startdate>
<round>1</round>
<failsafecounter/>
<players><player seat="3" name="oreiasccp" chips="490" dealer="0" win="40" bet="49" muck="1" rebuy="0" addon="0" merge="0" rebuychips="0" reg_code="8392871897"/>
<player seat="6" name="p0k3r5n8k3" chips="450" dealer="1" win="0" bet="0" muck="1" rebuy="0" addon="0" merge="0" rebuychips="0" reg_code="8392872024"/>
<player seat="10" name="duketeal4" chips="560" dealer="0" win="0" bet="20" muck="1" rebuy="0" addon="0" merge="0" rebuychips="0" reg_code="8392872066"/>
</players>
</general>
<round no="0"><action no="1" player="duketeal4" type="1" discard="1" dealt="1" sum="10"/>
<action no="2" player="oreiasccp" type="2" sum="20"/>
</round>
<round no="1"><cards type="Pocket" player="oreiasccp">S10 S5</cards>
<cards type="Pocket" player="duketeal4">X X</cards>
<cards type="Pocket" player="p0k3r5n8k3">X X</cards>
<action no="3" player="p0k3r5n8k3" type="0" discard="1" dealt="1" sum="0"/>
<action no="4" player="duketeal4" type="3" discard="1" dealt="1" sum="10"/>
<action no="5" player="oreiasccp" type="4" sum="0"/>
</round>
<round no="2"><cards type="Flop">C9 C6 S8</cards>
<action no="6" player="duketeal4" type="4" discard="1" dealt="1" sum="0"/>
<action no="7" player="oreiasccp" type="4" sum="0"/>
</round>
<round no="3"><cards type="Turn">SK</cards>
<action no="8" player="duketeal4" type="4" discard="1" dealt="1" sum="0"/>
<action no="9" player="oreiasccp" type="5" sum="29"/>
<action no="10" player="duketeal4" type="0" discard="1" dealt="1" sum="0"/>
</round>
</game>
<game gamecode="11536740355"><general><startdate>2025-06-27 13:37:29</startdate>
<round>1</round>
<failsafecounter/>
<players><player seat="6" name="p0k3r5n8k3" chips="450" dealer="0" win="0" bet="20" muck="1" rebuy="0" addon="0" merge="0" rebuychips="0" reg_code="8392872024"/>
<player seat="10" name="duketeal4" chips="540" dealer="1" win="220" bet="160" muck="1" rebuy="0" addon="0" merge="0" rebuychips="0" reg_code="8392872066"/>
<player seat="3" name="oreiasccp" chips="510" dealer="0" win="0" bet="100" muck="1" rebuy="0" addon="0" merge="0" rebuychips="0" reg_code="8392871897"/>
</players>
</general>
<round no="0"><action no="1" player="oreiasccp" type="1" sum="10"/>
<action no="2" player="p0k3r5n8k3" type="2" discard="1" dealt="1" sum="20"/>
</round>
<round no="1"><cards type="Pocket" player="p0k3r5n8k3">X X</cards>
<cards type="Pocket" player="duketeal4">X X</cards>
<cards type="Pocket" player="oreiasccp">C5 C3</cards>
<action no="3" player="duketeal4" type="3" discard="1" dealt="1" sum="20"/>
<action no="4" player="oreiasccp" type="3" sum="10"/>
<action no="5" player="p0k3r5n8k3" type="4" discard="1" dealt="1" sum="0"/>
</round>
<round no="2"><cards type="Flop">H6 H10 D5</cards>
<action no="6" player="oreiasccp" type="4" sum="0"/>
<action no="7" player="p0k3r5n8k3" type="4" discard="1" dealt="1" sum="0"/>
<action no="8" player="duketeal4" type="5" discard="1" dealt="1" sum="40"/>
<action no="9" player="oreiasccp" type="3" sum="40"/>
<action no="10" player="p0k3r5n8k3" type="0" discard="1" dealt="1" sum="0"/>
</round>
<round no="3"><cards type="Turn">CK</cards>
<action no="11" player="oreiasccp" type="4" sum="0"/>
<action no="12" player="duketeal4" type="5" discard="1" dealt="1" sum="40"/>
<action no="13" player="oreiasccp" type="3" sum="40"/>
</round>
<round no="4"><cards type="River">SK</cards>
<action no="14" player="oreiasccp" type="4" sum="0"/>
<action no="15" player="duketeal4" type="5" discard="1" dealt="1" sum="60"/>
<action no="16" player="oreiasccp" type="0" sum="0"/>
</round>
</game>
<game gamecode="11536740517"><general><startdate>2025-06-27 13:38:02</startdate>
<round>1</round>
<failsafecounter/>
<players><player seat="10" name="duketeal4" chips="660" dealer="0" win="0" bet="80" muck="1" rebuy="0" addon="0" merge="0" rebuychips="0" reg_code="8392872066"/>
<player seat="3" name="oreiasccp" chips="410" dealer="1" win="0" bet="0" muck="1" rebuy="0" addon="0" merge="0" rebuychips="0" reg_code="8392871897"/>
<player seat="6" name="p0k3r5n8k3" chips="430" dealer="0" win="160" bet="160" muck="1" rebuy="0" addon="0" merge="0" rebuychips="0" reg_code="8392872024"/>
</players>
</general>
<round no="0"><action no="1" player="p0k3r5n8k3" type="1" discard="1" dealt="1" sum="10"/>
<action no="2" player="duketeal4" type="2" discard="1" dealt="1" sum="20"/>
</round>
<round no="1"><cards type="Pocket" player="duketeal4">X X</cards>
<cards type="Pocket" player="oreiasccp">C7 DJ</cards>
<cards type="Pocket" player="p0k3r5n8k3">X X</cards>
<action no="3" player="oreiasccp" type="0" sum="0"/>
<action no="4" player="p0k3r5n8k3" type="23" discard="1" dealt="1" sum="40"/>
<action no="5" player="duketeal4" type="3" discard="1" dealt="1" sum="20"/>
</round>
<round no="2"><cards type="Flop">H8 DA SJ</cards>
<action no="6" player="p0k3r5n8k3" type="5" discard="1" dealt="1" sum="40"/>
<action no="7" player="duketeal4" type="3" discard="1" dealt="1" sum="40"/>
</round>
<round no="3"><cards type="Turn">CJ</cards>
<action no="8" player="p0k3r5n8k3" type="5" discard="1" dealt="1" sum="80"/>
<action no="9" player="duketeal4" type="0" discard="1" dealt="1" sum="0"/>
</round>
</game>
<game gamecode="11536740590"><general><startdate>2025-06-27 13:38:18</startdate>
<round>1</round>
<failsafecounter/>
<players><player seat="3" name="oreiasccp" chips="410" dealer="0" win="0" bet="40" muck="1" rebuy="0" addon="0" merge="0" rebuychips="0" reg_code="8392871897"/>
<player seat="6" name="p0k3r5n8k3" chips="510" dealer="1" win="120" bet="100" muck="1" rebuy="0" addon="0" merge="0" rebuychips="0" reg_code="8392872024"/>
<player seat="10" name="duketeal4" chips="580" dealer="0" win="0" bet="40" muck="1" rebuy="0" addon="0" merge="0" rebuychips="0" reg_code="8392872066"/>
</players>
</general>
<round no="0"><action no="1" player="duketeal4" type="1" discard="1" dealt="1" sum="10"/>
<action no="2" player="oreiasccp" type="2" sum="20"/>
</round>
<round no="1"><cards type="Pocket" player="p0k3r5n8k3">X X</cards>
<cards type="Pocket" player="duketeal4">X X</cards>
<cards type="Pocket" player="oreiasccp">SJ S5</cards>
<action no="3" player="p0k3r5n8k3" type="23" discard="1" dealt="1" sum="40"/>
<action no="4" player="duketeal4" type="3" discard="1" dealt="1" sum="30"/>
<action no="5" player="oreiasccp" type="3" sum="20"/>
</round>
<round no="2"><cards type="Flop">D6 SA D10</cards>
<action no="6" player="duketeal4" type="4" discard="1" dealt="1" sum="0"/>
<action no="7" player="oreiasccp" type="4" sum="0"/>
<action no="8" player="p0k3r5n8k3" type="5" discard="1" dealt="1" sum="60"/>
<action no="9" player="duketeal4" type="0" discard="1" dealt="1" sum="0"/>
<action no="10" player="oreiasccp" type="0" sum="0"/>
</round>
</game>
<game gamecode="11536740717"><general><startdate>2025-06-27 13:38:42</startdate>
<round>1</round>
<failsafecounter/>
<players><player seat="6" name="p0k3r5n8k3" chips="590" dealer="0" win="173" bet="155" muck="0" rebuy="0" addon="0" merge="0" rebuychips="0" reg_code="8392872024"/>
<player seat="10" name="duketeal4" chips="540" dealer="1" win="172" bet="155" muck="0" rebuy="0" addon="0" merge="0" rebuychips="0" reg_code="8392872066"/>
<player seat="3" name="oreiasccp" chips="370" dealer="0" win="0" bet="35" muck="1" rebuy="0" addon="0" merge="0" rebuychips="0" reg_code="8392871897"/>
</players>
</general>
<round no="0"><action no="1" player="oreiasccp" type="15" sum="5"/>
<action no="2" player="p0k3r5n8k3" type="15" discard="1" dealt="1" sum="5"/>
<action no="3" player="duketeal4" type="15" discard="1" dealt="1" sum="5"/>
<action no="4" player="oreiasccp" type="1" sum="15"/>
<action no="5" player="p0k3r5n8k3" type="2" discard="1" dealt="1" sum="30"/>
</round>
<round no="1"><cards type="Pocket" player="oreiasccp">C7 C8</cards>
<cards type="Pocket" player="p0k3r5n8k3">H2 CK</cards>
<cards type="Pocket" player="duketeal4">H8 D4</cards>
<action no="6" player="duketeal4" type="3" discard="1" dealt="1" sum="30"/>
<action no="7" player="oreiasccp" type="3" sum="15"/>
<action no="8" player="p0k3r5n8k3" type="4" discard="1" dealt="1" sum="0"/>
</round>
<round no="2"><cards type="Flop">S5 HJ H5</cards>
<action no="9" player="oreiasccp" type="4" sum="0"/>
<action no="10" player="p0k3r5n8k3" type="4" discard="1" dealt="1" sum="0"/>
<action no="11" player="duketeal4" type="4" discard="1" dealt="1" sum="0"/>
</round>
<round no="3"><cards type="Turn">D5</cards>
<action no="12" player="oreiasccp" type="4" sum="0"/>
<action no="13" player="p0k3r5n8k3" type="4" discard="1" dealt="1" sum="0"/>
<action no="14" player="duketeal4" type="5" discard="1" dealt="1" sum="30"/>
<action no="15" player="oreiasccp" type="0" sum="0"/>
<action no="16" player="p0k3r5n8k3" type="3" discard="1" dealt="1" sum="30"/>
</round>
<round no="4"><cards type="River">SJ</cards>
<action no="17" player="p0k3r5n8k3" type="4" discard="1" dealt="1" sum="0"/>
<action no="18" player="duketeal4" type="5" discard="1" dealt="1" sum="90"/>
<action no="19" player="p0k3r5n8k3" type="3" discard="1" dealt="1" sum="90"/>
</round>
</game>
<game gamecode="11536740861"><general><startdate>2025-06-27 13:39:10</startdate>
<round>1</round>
<failsafecounter/>
<players><player seat="10" name="duketeal4" chips="557" dealer="0" win="0" bet="95" muck="0" rebuy="0" addon="0" merge="0" rebuychips="0" reg_code="8392872066"/>
<player seat="3" name="oreiasccp" chips="335" dealer="1" win="0" bet="5" muck="1" rebuy="0" addon="0" merge="0" rebuychips="0" reg_code="8392871897"/>
<player seat="6" name="p0k3r5n8k3" chips="608" dealer="0" win="195" bet="95" muck="0" rebuy="0" addon="0" merge="0" rebuychips="0" reg_code="8392872024"/>
</players>
</general>
<round no="0"><action no="1" player="p0k3r5n8k3" type="15" discard="1" dealt="1" sum="5"/>
<action no="2" player="duketeal4" type="15" discard="1" dealt="1" sum="5"/>
<action no="3" player="oreiasccp" type="15" sum="5"/>
<action no="4" player="p0k3r5n8k3" type="1" discard="1" dealt="1" sum="15"/>
<action no="5" player="duketeal4" type="2" discard="1" dealt="1" sum="30"/>
</round>
<round no="1"><cards type="Pocket" player="oreiasccp">S9 D6</cards>
<cards type="Pocket" player="duketeal4">C9 HQ</cards>
<cards type="Pocket" player="p0k3r5n8k3">CA D4</cards>
<action no="6" player="oreiasccp" type="0" sum="0"/>
<action no="7" player="p0k3r5n8k3" type="3" discard="1" dealt="1" sum="15"/>
<action no="8" player="duketeal4" type="4" discard="1" dealt="1" sum="0"/>
</round>
<round no="2"><cards type="Flop">S6 H6 H10</cards>
<action no="9" player="p0k3r5n8k3" type="4" discard="1" dealt="1" sum="0"/>
<action no="10" player="duketeal4" type="4" discard="1" dealt="1" sum="0"/>
</round>
<round no="3"><cards type="Turn">H4</cards>
<action no="11" player="p0k3r5n8k3" type="5" discard="1" dealt="1" sum="30"/>
<action no="12" player="duketeal4" type="3" discard="1" dealt="1" sum="30"/>
</round>
<round no="4"><cards type="River">S8</cards>
<action no="13" player="p0k3r5n8k3" type="4" discard="1" dealt="1" sum="0"/>
<action no="14" player="duketeal4" type="5" discard="1" dealt="1" sum="30"/>
<action no="15" player="p0k3r5n8k3" type="3" discard="1" dealt="1" sum="30"/>
</round>
</game>
<game gamecode="11536740956"><general><startdate>2025-06-27 13:39:30</startdate>
<round>1</round>
<failsafecounter/>
<players><player seat="3" name="oreiasccp" chips="330" dealer="0" win="0" bet="35" muck="1" rebuy="0" addon="0" merge="0" rebuychips="0" reg_code="8392871897"/>
<player seat="6" name="p0k3r5n8k3" chips="708" dealer="1" win="0" bet="65" muck="1" rebuy="0" addon="0" merge="0" rebuychips="0" reg_code="8392872024"/>
<player seat="10" name="duketeal4" chips="462" dealer="0" win="165" bet="95" muck="1" rebuy="0" addon="0" merge="0" rebuychips="0" reg_code="8392872066"/>
</players>
</general>
<round no="0"><action no="1" player="duketeal4" type="15" discard="1" dealt="1" sum="5"/>
<action no="2" player="oreiasccp" type="15" sum="5"/>
<action no="3" player="p0k3r5n8k3" type="15" discard="1" dealt="1" sum="5"/>
<action no="4" player="duketeal4" type="1" discard="1" dealt="1" sum="15"/>
<action no="5" player="oreiasccp" type="2" sum="30"/>
</round>
<round no="1"><cards type="Pocket" player="p0k3r5n8k3">X X</cards>
<cards type="Pocket" player="oreiasccp">CJ H4</cards>
<cards type="Pocket" player="duketeal4">X X</cards>
<action no="6" player="p0k3r5n8k3" type="23" discard="1" dealt="1" sum="60"/>
<action no="7" player="duketeal4" type="3" discard="1" dealt="1" sum="45"/>
<action no="8" player="oreiasccp" type="0" sum="0"/>
</round>
<round no="2"><cards type="Flop">CQ H2 SJ</cards>
<action no="9" player="duketeal4" type="5" discard="1" dealt="1" sum="30"/>
<action no="10" player="p0k3r5n8k3" type="0" discard="1" dealt="1" sum="0"/>
</round>
</game>
<game gamecode="11536741032"><general><startdate>2025-06-27 13:39:45</startdate>
<round>1</round>
<failsafecounter/>
<players><player seat="6" name="p0k3r5n8k3" chips="643" dealer="0" win="0" bet="35" muck="1" rebuy="0" addon="0" merge="0" rebuychips="0" reg_code="8392872024"/>
<player seat="10" name="duketeal4" chips="562" dealer="1" win="0" bet="295" muck="1" rebuy="0" addon="0" merge="0" rebuychips="0" reg_code="8392872066"/>
<player seat="3" name="oreiasccp" chips="295" dealer="0" win="625" bet="295" muck="0" rebuy="0" addon="0" merge="0" rebuychips="0" reg_code="8392871897"/>
</players>
</general>
<round no="0"><action no="1" player="oreiasccp" type="15" sum="5"/>
<action no="2" player="p0k3r5n8k3" type="15" discard="1" dealt="1" sum="5"/>
<action no="3" player="duketeal4" type="15" discard="1" dealt="1" sum="5"/>
<action no="4" player="oreiasccp" type="1" sum="15"/>
<action no="5" player="p0k3r5n8k3" type="2" discard="1" dealt="1" sum="30"/>
</round>
<round no="1"><cards type="Pocket" player="oreiasccp">CK SQ</cards>
<cards type="Pocket" player="duketeal4">C3 HQ</cards>
<cards type="Pocket" player="p0k3r5n8k3">X X</cards>
<action no="6" player="duketeal4" type="3" discard="1" dealt="1" sum="30"/>
<action no="7" player="oreiasccp" type="23" sum="290"/>
<action no="8" player="p0k3r5n8k3" type="0" discard="1" dealt="1" sum="0"/>
<action no="9" player="duketeal4" type="3" discard="1" dealt="1" sum="260"/>
</round>
<round no="2"><cards type="Flop">SJ DJ S4</cards>
</round>
<round no="3"><cards type="Turn">HJ</cards>
</round>
<round no="4"><cards type="River">H6</cards>
</round>
</game>
<game gamecode="11536741130"><general><startdate>2025-06-27 13:40:04</startdate>
<round>1</round>
<failsafecounter/>
<players><player seat="10" name="duketeal4" chips="267" dealer="0" win="75" bet="267" muck="1" rebuy="0" addon="0" merge="0" rebuychips="0" reg_code="8392872066"/>
<player seat="3" name="oreiasccp" chips="625" dealer="1" win="0" bet="5" muck="1" rebuy="0" addon="0" merge="0" rebuychips="0" reg_code="8392871897"/>
<player seat="6" name="p0k3r5n8k3" chips="608" dealer="0" win="0" bet="35" muck="1" rebuy="0" addon="0" merge="0" rebuychips="0" reg_code="8392872024"/>
</players>
</general>
<round no="0"><action no="1" player="p0k3r5n8k3" type="15" discard="1" dealt="1" sum="5"/>
<action no="2" player="duketeal4" type="15" discard="1" dealt="1" sum="5"/>
<action no="3" player="oreiasccp" type="15" sum="5"/>
<action no="4" player="p0k3r5n8k3" type="1" discard="1" dealt="1" sum="15"/>
<action no="5" player="duketeal4" type="2" discard="1" dealt="1" sum="30"/>
</round>
<round no="1"><cards type="Pocket" player="duketeal4">X X</cards>
<cards type="Pocket" player="p0k3r5n8k3">X X</cards>
<cards type="Pocket" player="oreiasccp">S3 C2</cards>
<action no="6" player="oreiasccp" type="0" sum="0"/>
<action no="7" player="p0k3r5n8k3" type="3" discard="1" dealt="1" sum="15"/>
<action no="8" player="duketeal4" type="23" discard="1" dealt="1" sum="262"/>
<action no="9" player="p0k3r5n8k3" type="0" discard="1" dealt="1" sum="0"/>
</round>
</game>
<game gamecode="11536741172"><general><startdate>2025-06-27 13:40:13</startdate>
<round>1</round>
<failsafecounter/>
<players><player seat="3" name="oreiasccp" chips="620" dealer="0" win="619" bet="307" muck="0" rebuy="0" addon="0" merge="0" rebuychips="0" reg_code="8392871897"/>
<player seat="6" name="p0k3r5n8k3" chips="573" dealer="1" win="0" bet="5" muck="1" rebuy="0" addon="0" merge="0" rebuychips="0" reg_code="8392872024"/>
<player seat="10" name="duketeal4" chips="307" dealer="0" win="0" bet="307" muck="0" rebuy="0" addon="0" merge="0" rebuychips="0" reg_code="8392872066"/>
</players>
</general>
<round no="0"><action no="1" player="duketeal4" type="15" discard="1" dealt="1" sum="5"/>
<action no="2" player="oreiasccp" type="15" sum="5"/>
<action no="3" player="p0k3r5n8k3" type="15" discard="1" dealt="1" sum="5"/>
<action no="4" player="duketeal4" type="1" discard="1" dealt="1" sum="15"/>
<action no="5" player="oreiasccp" type="2" sum="30"/>
</round>
<round no="1"><cards type="Pocket" player="duketeal4">D5 S9</cards>
<cards type="Pocket" player="oreiasccp">DJ DQ</cards>
<cards type="Pocket" player="p0k3r5n8k3">X X</cards>
<action no="6" player="p0k3r5n8k3" type="0" discard="1" dealt="1" sum="0"/>
<action no="7" player="duketeal4" type="3" discard="1" dealt="1" sum="15"/>
<action no="8" player="oreiasccp" type="23" sum="75"/>
<action no="9" player="duketeal4" type="3" discard="1" dealt="1" sum="45"/>
</round>
<round no="2"><cards type="Flop">DK S2 D8</cards>
<action no="10" player="duketeal4" type="5" discard="1" dealt="1" sum="227"/>
<action no="11" player="oreiasccp" type="3" sum="227"/>
</round>
<round no="3"><cards type="Turn">SA</cards>
</round>
<round no="4"><cards type="River">H7</cards>
</round>
</game>
<game gamecode="11536741303"><general><startdate>2025-06-27 13:40:39</startdate>
<round>1</round>
<failsafecounter/>
<players><player seat="6" name="p0k3r5n8k3" chips="568" dealer="0" win="50" bet="45" muck="1" rebuy="0" addon="0" merge="0" rebuychips="0" reg_code="8392872024"/>
<player seat="3" name="oreiasccp" chips="932" dealer="1" win="0" bet="25" muck="1" rebuy="0" addon="0" merge="0" rebuychips="0" reg_code="8392871897"/>
</players>
</general>
<round no="0"><action no="1" player="oreiasccp" type="15" sum="5"/>
<action no="2" player="p0k3r5n8k3" type="15" discard="1" dealt="1" sum="5"/>
<action no="3" player="oreiasccp" type="1" sum="20"/>
<action no="4" player="p0k3r5n8k3" type="2" discard="1" dealt="1" sum="40"/>
</round>
<round no="1"><cards type="Pocket" player="oreiasccp">D2 S10</cards>
<cards type="Pocket" player="p0k3r5n8k3">X X</cards>
<action no="5" player="oreiasccp" type="0" sum="0"/>
</round>
</game>
<game gamecode="11536741339"><general><startdate>2025-06-27 13:40:46</startdate>
<round>1</round>
<failsafecounter/>
<players><player seat="3" name="oreiasccp" chips="907" dealer="0" win="170" bet="593" muck="1" rebuy="0" addon="0" merge="0" rebuychips="0" reg_code="8392871897"/>
<player seat="6" name="p0k3r5n8k3" chips="593" dealer="1" win="0" bet="85" muck="1" rebuy="0" addon="0" merge="0" rebuychips="0" reg_code="8392872024"/>
</players>
</general>
<round no="0"><action no="1" player="p0k3r5n8k3" type="15" discard="1" dealt="1" sum="5"/>
<action no="2" player="oreiasccp" type="15" sum="5"/>
<action no="3" player="p0k3r5n8k3" type="1" discard="1" dealt="1" sum="20"/>
<action no="4" player="oreiasccp" type="2" sum="40"/>
</round>
<round no="1"><cards type="Pocket" player="p0k3r5n8k3">X X</cards>
<cards type="Pocket" player="oreiasccp">DA H7</cards>
<action no="5" player="p0k3r5n8k3" type="23" discard="1" dealt="1" sum="80"/>
<action no="6" player="oreiasccp" type="23" sum="588"/>
<action no="7" player="p0k3r5n8k3" type="0" discard="1" dealt="1" sum="0"/>
</round>
</game>
<game gamecode="11536741397"><general><startdate>2025-06-27 13:40:57</startdate>
<round>1</round>
<failsafecounter/>
<players><player seat="6" name="p0k3r5n8k3" chips="508" dealer="0" win="0" bet="93" muck="1" rebuy="0" addon="0" merge="0" rebuychips="0" reg_code="8392872024"/>
<player seat="3" name="oreiasccp" chips="992" dealer="1" win="186" bet="93" muck="0" rebuy="0" addon="0" merge="0" rebuychips="0" reg_code="8392871897"/>
</players>
</general>
<round no="0"><action no="1" player="oreiasccp" type="15" sum="5"/>
<action no="2" player="p0k3r5n8k3" type="15" discard="1" dealt="1" sum="5"/>
<action no="3" player="oreiasccp" type="1" sum="20"/>
<action no="4" player="p0k3r5n8k3" type="2" discard="1" dealt="1" sum="40"/>
</round>
<round no="1"><cards type="Pocket" player="p0k3r5n8k3">C2 S5</cards>
<cards type="Pocket" player="oreiasccp">S9 D5</cards>
<action no="5" player="oreiasccp" type="3" sum="20"/>
<action no="6" player="p0k3r5n8k3" type="4" discard="1" dealt="1" sum="0"/>
</round>
<round no="2"><cards type="Flop">C4 D9 H10</cards>
<action no="7" player="p0k3r5n8k3" type="4" discard="1" dealt="1" sum="0"/>
<action no="8" player="oreiasccp" type="4" sum="0"/>
</round>
<round no="3"><cards type="Turn">H2</cards>
<action no="9" player="p0k3r5n8k3" type="4" discard="1" dealt="1" sum="0"/>
<action no="10" player="oreiasccp" type="4" sum="0"/>
</round>
<round no="4"><cards type="River">D10</cards>
<action no="11" player="p0k3r5n8k3" type="4" discard="1" dealt="1" sum="0"/>
<action no="12" player="oreiasccp" type="5" sum="48"/>
<action no="13" player="p0k3r5n8k3" type="3" discard="1" dealt="1" sum="48"/>
</round>
</game>
<game gamecode="11536741514"><general><startdate>2025-06-27 13:41:23</startdate>
<round>1</round>
<failsafecounter/>
<players><player seat="3" name="oreiasccp" chips="1,085" dealer="0" win="830" bet="415" muck="0" rebuy="0" addon="0" merge="0" rebuychips="0" reg_code="8392871897"/>
<player seat="6" name="p0k3r5n8k3" chips="415" dealer="1" win="0" bet="415" muck="1" rebuy="0" addon="0" merge="0" rebuychips="0" reg_code="8392872024"/>
</players>
</general>
<round no="0"><action no="1" player="p0k3r5n8k3" type="15" discard="1" dealt="1" sum="5"/>
<action no="2" player="oreiasccp" type="15" sum="5"/>
<action no="3" player="p0k3r5n8k3" type="1" discard="1" dealt="1" sum="20"/>
<action no="4" player="oreiasccp" type="2" sum="40"/>
</round>
<round no="1"><cards type="Pocket" player="oreiasccp">D10 S10</cards>
<cards type="Pocket" player="p0k3r5n8k3">DJ CA</cards>
<action no="5" player="p0k3r5n8k3" type="23" discard="1" dealt="1" sum="80"/>
<action no="6" player="oreiasccp" type="23" sum="410"/>
<action no="7" player="p0k3r5n8k3" type="7" discard="1" dealt="1" sum="330"/>
</round>
<round no="2"><cards type="Flop">S4 DQ H7</cards>
</round>
<round no="3"><cards type="Turn">H6</cards>
</round>
<round no="4"><cards type="River">H2</cards>
</round>
</game>
</session>
