<?xml version="1.0" encoding="UTF-8"?>
<session sessioncode="8392755672">
<general>
<client_version>25.1.1.13</client_version>
<mode>real</mode>
<gametype>Holdem NL</gametype>
<tablename>Twister €5 SNG, 1128641858</tablename>
<tournamentcode>1128641856</tournamentcode>
<tournamentname>Twister €5 SNG</tournamentname>
<buyin>€0 + €0.35 + €4.65</buyin>
<totalbuyin>€5</totalbuyin>
<rewarddrawn>€10</rewarddrawn>
<tournamentcurrency>EUR</tournamentcurrency>
<currency>EUR</currency>
<nickname>oreiasccp</nickname>
<gamecount>23</gamecount>
<startdate>2025-06-27 07:44:10</startdate>
<place>3</place>
<win>€0</win>
<tablesize>3</tablesize>
</general>
<game gamecode="11536453730"><general><startdate>2025-06-27 07:44:25</startdate>
<round>1</round>
<failsafecounter/>
<players><player seat="10" name="Humbert25" chips="500" dealer="0" win="60" bet="500" muck="1" rebuy="0" addon="0" merge="0" rebuychips="0" reg_code="8392755690"/>
<player seat="3" name="Ambitiouszone45" chips="500" dealer="1" win="0" bet="20" muck="1" rebuy="0" addon="0" merge="0" rebuychips="0" reg_code="8392755674"/>
<player seat="6" name="oreiasccp" chips="500" dealer="0" win="0" bet="20" muck="1" rebuy="0" addon="0" merge="0" rebuychips="0" reg_code="8392755672"/>
</players>
</general>
<round no="0"><action no="1" player="oreiasccp" type="1" sum="10"/>
<action no="2" player="Humbert25" type="2" discard="1" dealt="1" sum="20"/>
</round>
<round no="1"><cards type="Pocket" player="Ambitiouszone45">X X</cards>
<cards type="Pocket" player="oreiasccp">C8 C5</cards>
<cards type="Pocket" player="Humbert25">X X</cards>
<action no="3" player="Ambitiouszone45" type="3" discard="1" dealt="1" sum="20"/>
<action no="4" player="oreiasccp" type="3" sum="10"/>
<action no="5" player="Humbert25" type="23" discard="1" dealt="1" sum="500"/>
<action no="6" player="Ambitiouszone45" type="0" discard="1" dealt="1" sum="0"/>
<action no="7" player="oreiasccp" type="0" sum="0"/>
</round>
</game>
<game gamecode="11536453805"><general><startdate>2025-06-27 07:44:48</startdate>
<round>1</round>
<failsafecounter/>
<players><player seat="3" name="Ambitiouszone45" chips="480" dealer="0" win="0" bet="40" muck="1" rebuy="0" addon="0" merge="0" rebuychips="0" reg_code="8392755674"/>
<player seat="6" name="oreiasccp" chips="480" dealer="1" win="90" bet="60" muck="1" rebuy="0" addon="0" merge="0" rebuychips="0" reg_code="8392755672"/>
<player seat="10" name="Humbert25" chips="540" dealer="0" win="0" bet="10" muck="1" rebuy="0" addon="0" merge="0" rebuychips="0" reg_code="8392755690"/>
</players>
</general>
<round no="0"><action no="1" player="Humbert25" type="1" discard="1" dealt="1" sum="10"/>
<action no="2" player="Ambitiouszone45" type="2" discard="1" dealt="1" sum="20"/>
</round>
<round no="1"><cards type="Pocket" player="Humbert25">X X</cards>
<cards type="Pocket" player="Ambitiouszone45">X X</cards>
<cards type="Pocket" player="oreiasccp">CA D4</cards>
<action no="3" player="oreiasccp" type="23" sum="40"/>
<action no="4" player="Humbert25" type="0" discard="1" dealt="1" sum="0"/>
<action no="5" player="Ambitiouszone45" type="3" discard="1" dealt="1" sum="20"/>
</round>
<round no="2"><cards type="Flop">HK CJ D9</cards>
<action no="6" player="Ambitiouszone45" type="4" discard="1" dealt="1" sum="0"/>
<action no="7" player="oreiasccp" type="5" sum="20"/>
<action no="8" player="Ambitiouszone45" type="0" discard="1" dealt="1" sum="0"/>
</round>
</game>
<game gamecode="11536453876"><general><startdate>2025-06-27 07:45:16</startdate>
<round>1</round>
<failsafecounter/>
<players><player seat="6" name="oreiasccp" chips="530" dealer="0" win="206" bet="143" muck="1" rebuy="0" addon="0" merge="0" rebuychips="0" reg_code="8392755672"/>
<player seat="10" name="Humbert25" chips="530" dealer="1" win="0" bet="0" muck="1" rebuy="0" addon="0" merge="0" rebuychips="0" reg_code="8392755690"/>
<player seat="3" name="Ambitiouszone45" chips="440" dealer="0" win="0" bet="103" muck="1" rebuy="0" addon="0" merge="0" rebuychips="0" reg_code="8392755674"/>
</players>
</general>
<round no="0"><action no="1" player="Ambitiouszone45" type="1" discard="1" dealt="1" sum="10"/>
<action no="2" player="oreiasccp" type="2" sum="20"/>
</round>
<round no="1"><cards type="Pocket" player="Humbert25">X X</cards>
<cards type="Pocket" player="oreiasccp">S8 C9</cards>
<cards type="Pocket" player="Ambitiouszone45">X X</cards>
<action no="3" player="Humbert25" type="0" discard="1" dealt="1" sum="0"/>
<action no="4" player="Ambitiouszone45" type="23" discard="1" dealt="1" sum="60"/>
<action no="5" player="oreiasccp" type="3" sum="40"/>
</round>
<round no="2"><cards type="Flop">C7 D8 C6</cards>
<action no="6" player="Ambitiouszone45" type="4" discard="1" dealt="1" sum="0"/>
<action no="7" player="oreiasccp" type="5" sum="43"/>
<action no="8" player="Ambitiouszone45" type="3" discard="1" dealt="1" sum="43"/>
</round>
<round no="3"><cards type="Turn">CJ</cards>
<action no="9" player="Ambitiouszone45" type="4" discard="1" dealt="1" sum="0"/>
<action no="10" player="oreiasccp" type="4" sum="0"/>
</round>
<round no="4"><cards type="River">SJ</cards>
<action no="11" player="Ambitiouszone45" type="4" discard="1" dealt="1" sum="0"/>
<action no="12" player="oreiasccp" type="5" sum="40"/>
<action no="13" player="Ambitiouszone45" type="0" discard="1" dealt="1" sum="0"/>
</round>
</game>
<game gamecode="11536453974"><general><startdate>2025-06-27 07:45:51</startdate>
<round>1</round>
<failsafecounter/>
<players><player seat="10" name="Humbert25" chips="530" dealer="0" win="20" bet="20" muck="1" rebuy="0" addon="0" merge="0" rebuychips="0" reg_code="8392755690"/>
<player seat="3" name="Ambitiouszone45" chips="337" dealer="1" win="0" bet="0" muck="1" rebuy="0" addon="0" merge="0" rebuychips="0" reg_code="8392755674"/>
<player seat="6" name="oreiasccp" chips="633" dealer="0" win="0" bet="10" muck="1" rebuy="0" addon="0" merge="0" rebuychips="0" reg_code="8392755672"/>
</players>
</general>
<round no="0"><action no="1" player="oreiasccp" type="1" sum="10"/>
<action no="2" player="Humbert25" type="2" discard="1" dealt="1" sum="20"/>
</round>
<round no="1"><cards type="Pocket" player="oreiasccp">H4 D3</cards>
<cards type="Pocket" player="Ambitiouszone45">X X</cards>
<cards type="Pocket" player="Humbert25">X X</cards>
<action no="3" player="Ambitiouszone45" type="0" discard="1" dealt="1" sum="0"/>
<action no="4" player="oreiasccp" type="0" sum="0"/>
</round>
</game>
<game gamecode="11536454006"><general><startdate>2025-06-27 07:46:04</startdate>
<round>1</round>
<failsafecounter/>
<players><player seat="3" name="Ambitiouszone45" chips="337" dealer="0" win="0" bet="20" muck="1" rebuy="0" addon="0" merge="0" rebuychips="0" reg_code="8392755674"/>
<player seat="6" name="oreiasccp" chips="623" dealer="1" win="0" bet="0" muck="1" rebuy="0" addon="0" merge="0" rebuychips="0" reg_code="8392755672"/>
<player seat="10" name="Humbert25" chips="540" dealer="0" win="40" bet="540" muck="1" rebuy="0" addon="0" merge="0" rebuychips="0" reg_code="8392755690"/>
</players>
</general>
<round no="0"><action no="1" player="Humbert25" type="1" discard="1" dealt="1" sum="10"/>
<action no="2" player="Ambitiouszone45" type="2" discard="1" dealt="1" sum="20"/>
</round>
<round no="1"><cards type="Pocket" player="Humbert25">X X</cards>
<cards type="Pocket" player="oreiasccp">C4 DK</cards>
<cards type="Pocket" player="Ambitiouszone45">X X</cards>
<action no="3" player="oreiasccp" type="0" sum="0"/>
<action no="4" player="Humbert25" type="23" discard="1" dealt="1" sum="540"/>
<action no="5" player="Ambitiouszone45" type="0" discard="1" dealt="1" sum="0"/>
</round>
</game>
<game gamecode="11536454079"><general><startdate>2025-06-27 07:46:31</startdate>
<round>1</round>
<failsafecounter/>
<players><player seat="6" name="oreiasccp" chips="623" dealer="0" win="75" bet="317" muck="1" rebuy="0" addon="0" merge="0" rebuychips="0" reg_code="8392755672"/>
<player seat="10" name="Humbert25" chips="560" dealer="1" win="0" bet="5" muck="1" rebuy="0" addon="0" merge="0" rebuychips="0" reg_code="8392755690"/>
<player seat="3" name="Ambitiouszone45" chips="317" dealer="0" win="0" bet="35" muck="1" rebuy="0" addon="0" merge="0" rebuychips="0" reg_code="8392755674"/>
</players>
</general>
<round no="0"><action no="1" player="Ambitiouszone45" type="15" discard="1" dealt="1" sum="5"/>
<action no="2" player="oreiasccp" type="15" sum="5"/>
<action no="3" player="Humbert25" type="15" discard="1" dealt="1" sum="5"/>
<action no="4" player="Ambitiouszone45" type="1" discard="1" dealt="1" sum="15"/>
<action no="5" player="oreiasccp" type="2" sum="30"/>
</round>
<round no="1"><cards type="Pocket" player="oreiasccp">DA C9</cards>
<cards type="Pocket" player="Humbert25">X X</cards>
<cards type="Pocket" player="Ambitiouszone45">X X</cards>
<action no="6" player="Humbert25" type="0" discard="1" dealt="1" sum="0"/>
<action no="7" player="Ambitiouszone45" type="3" discard="1" dealt="1" sum="15"/>
<action no="8" player="oreiasccp" type="23" sum="312"/>
<action no="9" player="Ambitiouszone45" type="0" discard="1" dealt="1" sum="0"/>
</round>
</game>
<game gamecode="11536454140"><general><startdate>2025-06-27 07:46:49</startdate>
<round>1</round>
<failsafecounter/>
<players><player seat="10" name="Humbert25" chips="555" dealer="0" win="0" bet="35" muck="1" rebuy="0" addon="0" merge="0" rebuychips="0" reg_code="8392755690"/>
<player seat="3" name="Ambitiouszone45" chips="282" dealer="1" win="0" bet="5" muck="1" rebuy="0" addon="0" merge="0" rebuychips="0" reg_code="8392755674"/>
<player seat="6" name="oreiasccp" chips="663" dealer="0" win="75" bet="65" muck="1" rebuy="0" addon="0" merge="0" rebuychips="0" reg_code="8392755672"/>
</players>
</general>
<round no="0"><action no="1" player="oreiasccp" type="15" sum="5"/>
<action no="2" player="Humbert25" type="15" discard="1" dealt="1" sum="5"/>
<action no="3" player="Ambitiouszone45" type="15" discard="1" dealt="1" sum="5"/>
<action no="4" player="oreiasccp" type="1" sum="15"/>
<action no="5" player="Humbert25" type="2" discard="1" dealt="1" sum="30"/>
</round>
<round no="1"><cards type="Pocket" player="Ambitiouszone45">X X</cards>
<cards type="Pocket" player="Humbert25">X X</cards>
<cards type="Pocket" player="oreiasccp">CJ H10</cards>
<action no="6" player="Ambitiouszone45" type="0" discard="1" dealt="1" sum="0"/>
<action no="7" player="oreiasccp" type="23" sum="60"/>
<action no="8" player="Humbert25" type="0" discard="1" dealt="1" sum="0"/>
</round>
</game>
<game gamecode="11536454167"><general><startdate>2025-06-27 07:46:59</startdate>
<round>1</round>
<failsafecounter/>
<players><player seat="3" name="Ambitiouszone45" chips="277" dealer="0" win="75" bet="65" muck="1" rebuy="0" addon="0" merge="0" rebuychips="0" reg_code="8392755674"/>
<player seat="6" name="oreiasccp" chips="703" dealer="1" win="0" bet="5" muck="1" rebuy="0" addon="0" merge="0" rebuychips="0" reg_code="8392755672"/>
<player seat="10" name="Humbert25" chips="520" dealer="0" win="0" bet="35" muck="1" rebuy="0" addon="0" merge="0" rebuychips="0" reg_code="8392755690"/>
</players>
</general>
<round no="0"><action no="1" player="Humbert25" type="15" discard="1" dealt="1" sum="5"/>
<action no="2" player="Ambitiouszone45" type="15" discard="1" dealt="1" sum="5"/>
<action no="3" player="oreiasccp" type="15" sum="5"/>
<action no="4" player="Humbert25" type="1" discard="1" dealt="1" sum="15"/>
<action no="5" player="Ambitiouszone45" type="2" discard="1" dealt="1" sum="30"/>
</round>
<round no="1"><cards type="Pocket" player="Humbert25">X X</cards>
<cards type="Pocket" player="Ambitiouszone45">X X</cards>
<cards type="Pocket" player="oreiasccp">CQ S4</cards>
<action no="6" player="oreiasccp" type="0" sum="0"/>
<action no="7" player="Humbert25" type="3" discard="1" dealt="1" sum="15"/>
<action no="8" player="Ambitiouszone45" type="4" discard="1" dealt="1" sum="0"/>
</round>
<round no="2"><cards type="Flop">C2 D9 D5</cards>
<action no="9" player="Humbert25" type="4" discard="1" dealt="1" sum="0"/>
<action no="10" player="Ambitiouszone45" type="5" discard="1" dealt="1" sum="30"/>
<action no="11" player="Humbert25" type="0" discard="1" dealt="1" sum="0"/>
</round>
</game>
<game gamecode="11536454213"><general><startdate>2025-06-27 07:47:17</startdate>
<round>1</round>
<failsafecounter/>
<players><player seat="6" name="oreiasccp" chips="698" dealer="0" win="45" bet="35" muck="1" rebuy="0" addon="0" merge="0" rebuychips="0" reg_code="8392755672"/>
<player seat="10" name="Humbert25" chips="485" dealer="1" win="0" bet="5" muck="1" rebuy="0" addon="0" merge="0" rebuychips="0" reg_code="8392755690"/>
<player seat="3" name="Ambitiouszone45" chips="317" dealer="0" win="0" bet="20" muck="1" rebuy="0" addon="0" merge="0" rebuychips="0" reg_code="8392755674"/>
</players>
</general>
<round no="0"><action no="1" player="Ambitiouszone45" type="15" discard="1" dealt="1" sum="5"/>
<action no="2" player="oreiasccp" type="15" sum="5"/>
<action no="3" player="Humbert25" type="15" discard="1" dealt="1" sum="5"/>
<action no="4" player="Ambitiouszone45" type="1" discard="1" dealt="1" sum="15"/>
<action no="5" player="oreiasccp" type="2" sum="30"/>
</round>
<round no="1"><cards type="Pocket" player="Ambitiouszone45">X X</cards>
<cards type="Pocket" player="oreiasccp">H4 SK</cards>
<cards type="Pocket" player="Humbert25">X X</cards>
<action no="6" player="Humbert25" type="0" discard="1" dealt="1" sum="0"/>
<action no="7" player="Ambitiouszone45" type="0" discard="1" dealt="1" sum="0"/>
</round>
</game>
<game gamecode="11536458143"><general><startdate>2025-06-27 07:47:25</startdate>
<round>1</round>
<failsafecounter/>
<players><player seat="10" name="Humbert25" chips="480" dealer="0" win="0" bet="35" muck="1" rebuy="0" addon="0" merge="0" rebuychips="0" reg_code="8392755690"/>
<player seat="3" name="Ambitiouszone45" chips="297" dealer="1" win="0" bet="35" muck="1" rebuy="0" addon="0" merge="0" rebuychips="0" reg_code="8392755674"/>
<player seat="6" name="oreiasccp" chips="723" dealer="0" win="105" bet="125" muck="1" rebuy="0" addon="0" merge="0" rebuychips="0" reg_code="8392755672"/>
</players>
</general>
<round no="0"><action no="1" player="oreiasccp" type="15" sum="5"/>
<action no="2" player="Humbert25" type="15" discard="1" dealt="1" sum="5"/>
<action no="3" player="Ambitiouszone45" type="15" discard="1" dealt="1" sum="5"/>
<action no="4" player="oreiasccp" type="1" sum="15"/>
<action no="5" player="Humbert25" type="2" discard="1" dealt="1" sum="30"/>
</round>
<round no="1"><cards type="Pocket" player="Humbert25">X X</cards>
<cards type="Pocket" player="Ambitiouszone45">X X</cards>
<cards type="Pocket" player="oreiasccp">CJ HJ</cards>
<action no="6" player="Ambitiouszone45" type="3" discard="1" dealt="1" sum="30"/>
<action no="7" player="oreiasccp" type="23" sum="120"/>
<action no="8" player="Humbert25" type="0" discard="1" dealt="1" sum="0"/>
<action no="9" player="Ambitiouszone45" type="0" discard="1" dealt="1" sum="0"/>
</round>
</game>
<game gamecode="11536458213"><general><startdate>2025-06-27 07:47:51</startdate>
<round>1</round>
<failsafecounter/>
<players><player seat="3" name="Ambitiouszone45" chips="262" dealer="0" win="45" bet="35" muck="1" rebuy="0" addon="0" merge="0" rebuychips="0" reg_code="8392755674"/>
<player seat="6" name="oreiasccp" chips="793" dealer="1" win="0" bet="5" muck="1" rebuy="0" addon="0" merge="0" rebuychips="0" reg_code="8392755672"/>
<player seat="10" name="Humbert25" chips="445" dealer="0" win="0" bet="20" muck="1" rebuy="0" addon="0" merge="0" rebuychips="0" reg_code="8392755690"/>
</players>
</general>
<round no="0"><action no="1" player="Humbert25" type="15" discard="1" dealt="1" sum="5"/>
<action no="2" player="Ambitiouszone45" type="15" discard="1" dealt="1" sum="5"/>
<action no="3" player="oreiasccp" type="15" sum="5"/>
<action no="4" player="Humbert25" type="1" discard="1" dealt="1" sum="15"/>
<action no="5" player="Ambitiouszone45" type="2" discard="1" dealt="1" sum="30"/>
</round>
<round no="1"><cards type="Pocket" player="oreiasccp">S5 D10</cards>
<cards type="Pocket" player="Humbert25">X X</cards>
<cards type="Pocket" player="Ambitiouszone45">X X</cards>
<action no="6" player="oreiasccp" type="0" sum="0"/>
<action no="7" player="Humbert25" type="0" discard="1" dealt="1" sum="0"/>
</round>
</game>
<game gamecode="11536458239"><general><startdate>2025-06-27 07:47:58</startdate>
<round>1</round>
<failsafecounter/>
<players><player seat="6" name="oreiasccp" chips="788" dealer="0" win="45" bet="35" muck="1" rebuy="0" addon="0" merge="0" rebuychips="0" reg_code="8392755672"/>
<player seat="10" name="Humbert25" chips="425" dealer="1" win="0" bet="5" muck="1" rebuy="0" addon="0" merge="0" rebuychips="0" reg_code="8392755690"/>
<player seat="3" name="Ambitiouszone45" chips="287" dealer="0" win="0" bet="20" muck="1" rebuy="0" addon="0" merge="0" rebuychips="0" reg_code="8392755674"/>
</players>
</general>
<round no="0"><action no="1" player="Ambitiouszone45" type="15" discard="1" dealt="1" sum="5"/>
<action no="2" player="oreiasccp" type="15" sum="5"/>
<action no="3" player="Humbert25" type="15" discard="1" dealt="1" sum="5"/>
<action no="4" player="Ambitiouszone45" type="1" discard="1" dealt="1" sum="15"/>
<action no="5" player="oreiasccp" type="2" sum="30"/>
</round>
<round no="1"><cards type="Pocket" player="Humbert25">X X</cards>
<cards type="Pocket" player="oreiasccp">C9 C7</cards>
<cards type="Pocket" player="Ambitiouszone45">X X</cards>
<action no="6" player="Humbert25" type="0" discard="1" dealt="1" sum="0"/>
<action no="7" player="Ambitiouszone45" type="0" discard="1" dealt="1" sum="0"/>
</round>
</game>
<game gamecode="11536458271"><general><startdate>2025-06-27 07:48:10</startdate>
<round>1</round>
<failsafecounter/>
<players><player seat="10" name="Humbert25" chips="420" dealer="0" win="0" bet="35" muck="1" rebuy="0" addon="0" merge="0" rebuychips="0" reg_code="8392755690"/>
<player seat="3" name="Ambitiouszone45" chips="267" dealer="1" win="0" bet="5" muck="1" rebuy="0" addon="0" merge="0" rebuychips="0" reg_code="8392755674"/>
<player seat="6" name="oreiasccp" chips="813" dealer="0" win="75" bet="71" muck="1" rebuy="0" addon="0" merge="0" rebuychips="0" reg_code="8392755672"/>
</players>
</general>
<round no="0"><action no="1" player="oreiasccp" type="15" sum="5"/>
<action no="2" player="Humbert25" type="15" discard="1" dealt="1" sum="5"/>
<action no="3" player="Ambitiouszone45" type="15" discard="1" dealt="1" sum="5"/>
<action no="4" player="oreiasccp" type="1" sum="15"/>
<action no="5" player="Humbert25" type="2" discard="1" dealt="1" sum="30"/>
</round>
<round no="1"><cards type="Pocket" player="Humbert25">X X</cards>
<cards type="Pocket" player="oreiasccp">CA SK</cards>
<cards type="Pocket" player="Ambitiouszone45">X X</cards>
<action no="6" player="Ambitiouszone45" type="0" discard="1" dealt="1" sum="0"/>
<action no="7" player="oreiasccp" type="23" sum="66"/>
<action no="8" player="Humbert25" type="0" discard="1" dealt="1" sum="0"/>
</round>
</game>
<game gamecode="11536458338"><general><startdate>2025-06-27 07:48:34</startdate>
<round>1</round>
<failsafecounter/>
<players><player seat="3" name="Ambitiouszone45" chips="262" dealer="0" win="55" bet="45" muck="1" rebuy="0" addon="0" merge="0" rebuychips="0" reg_code="8392755674"/>
<player seat="6" name="oreiasccp" chips="853" dealer="1" win="0" bet="5" muck="1" rebuy="0" addon="0" merge="0" rebuychips="0" reg_code="8392755672"/>
<player seat="10" name="Humbert25" chips="385" dealer="0" win="0" bet="25" muck="1" rebuy="0" addon="0" merge="0" rebuychips="0" reg_code="8392755690"/>
</players>
</general>
<round no="0"><action no="1" player="Humbert25" type="15" discard="1" dealt="1" sum="5"/>
<action no="2" player="Ambitiouszone45" type="15" discard="1" dealt="1" sum="5"/>
<action no="3" player="oreiasccp" type="15" sum="5"/>
<action no="4" player="Humbert25" type="1" discard="1" dealt="1" sum="20"/>
<action no="5" player="Ambitiouszone45" type="2" discard="1" dealt="1" sum="40"/>
</round>
<round no="1"><cards type="Pocket" player="Humbert25">X X</cards>
<cards type="Pocket" player="oreiasccp">D2 S8</cards>
<cards type="Pocket" player="Ambitiouszone45">X X</cards>
<action no="6" player="oreiasccp" type="0" sum="0"/>
<action no="7" player="Humbert25" type="0" discard="1" dealt="1" sum="0"/>
</round>
</game>
<game gamecode="11536458356"><general><startdate>2025-06-27 07:48:40</startdate>
<round>1</round>
<failsafecounter/>
<players><player seat="6" name="oreiasccp" chips="848" dealer="0" win="0" bet="292" muck="1" rebuy="0" addon="0" merge="0" rebuychips="0" reg_code="8392755672"/>
<player seat="10" name="Humbert25" chips="360" dealer="1" win="0" bet="5" muck="1" rebuy="0" addon="0" merge="0" rebuychips="0" reg_code="8392755690"/>
<player seat="3" name="Ambitiouszone45" chips="292" dealer="0" win="589" bet="292" muck="0" rebuy="0" addon="0" merge="0" rebuychips="0" reg_code="8392755674"/>
</players>
</general>
<round no="0"><action no="1" player="Ambitiouszone45" type="15" discard="1" dealt="1" sum="5"/>
<action no="2" player="oreiasccp" type="15" sum="5"/>
<action no="3" player="Humbert25" type="15" discard="1" dealt="1" sum="5"/>
<action no="4" player="Ambitiouszone45" type="1" discard="1" dealt="1" sum="20"/>
<action no="5" player="oreiasccp" type="2" sum="40"/>
</round>
<round no="1"><cards type="Pocket" player="oreiasccp">CA HJ</cards>
<cards type="Pocket" player="Humbert25">X X</cards>
<cards type="Pocket" player="Ambitiouszone45">H6 SA</cards>
<action no="6" player="Humbert25" type="0" discard="1" dealt="1" sum="0"/>
<action no="7" player="Ambitiouszone45" type="23" discard="1" dealt="1" sum="287"/>
<action no="8" player="oreiasccp" type="3" sum="247"/>
</round>
<round no="2"><cards type="Flop">S2 C6 D5</cards>
</round>
<round no="3"><cards type="Turn">S4</cards>
</round>
<round no="4"><cards type="River">D9</cards>
</round>
</game>
<game gamecode="11536458409"><general><startdate>2025-06-27 07:48:59</startdate>
<round>1</round>
<failsafecounter/>
<players><player seat="10" name="Humbert25" chips="355" dealer="0" win="735" bet="355" muck="0" rebuy="0" addon="0" merge="0" rebuychips="0" reg_code="8392755690"/>
<player seat="3" name="Ambitiouszone45" chips="589" dealer="1" win="0" bet="355" muck="1" rebuy="0" addon="0" merge="0" rebuychips="0" reg_code="8392755674"/>
<player seat="6" name="oreiasccp" chips="556" dealer="0" win="0" bet="25" muck="1" rebuy="0" addon="0" merge="0" rebuychips="0" reg_code="8392755672"/>
</players>
</general>
<round no="0"><action no="1" player="oreiasccp" type="15" sum="5"/>
<action no="2" player="Humbert25" type="15" discard="1" dealt="1" sum="5"/>
<action no="3" player="Ambitiouszone45" type="15" discard="1" dealt="1" sum="5"/>
<action no="4" player="oreiasccp" type="1" sum="20"/>
<action no="5" player="Humbert25" type="2" discard="1" dealt="1" sum="40"/>
</round>
<round no="1"><cards type="Pocket" player="Humbert25">D3 SK</cards>
<cards type="Pocket" player="Ambitiouszone45">HQ HA</cards>
<cards type="Pocket" player="oreiasccp">D2 S3</cards>
<action no="6" player="Ambitiouszone45" type="3" discard="1" dealt="1" sum="40"/>
<action no="7" player="oreiasccp" type="0" sum="0"/>
<action no="8" player="Humbert25" type="23" discard="1" dealt="1" sum="350"/>
<action no="9" player="Ambitiouszone45" type="3" discard="1" dealt="1" sum="310"/>
</round>
<round no="2"><cards type="Flop">D4 S6 H5</cards>
</round>
<round no="3"><cards type="Turn">C5</cards>
</round>
<round no="4"><cards type="River">C7</cards>
</round>
</game>
<game gamecode="11536458465"><general><startdate>2025-06-27 07:49:21</startdate>
<round>1</round>
<failsafecounter/>
<players><player seat="3" name="Ambitiouszone45" chips="234" dealer="0" win="473" bet="234" muck="0" rebuy="0" addon="0" merge="0" rebuychips="0" reg_code="8392755674"/>
<player seat="6" name="oreiasccp" chips="531" dealer="1" win="0" bet="5" muck="1" rebuy="0" addon="0" merge="0" rebuychips="0" reg_code="8392755672"/>
<player seat="10" name="Humbert25" chips="735" dealer="0" win="0" bet="735" muck="1" rebuy="0" addon="0" merge="0" rebuychips="0" reg_code="8392755690"/>
</players>
</general>
<round no="0"><action no="1" player="Humbert25" type="15" discard="1" dealt="1" sum="5"/>
<action no="2" player="Ambitiouszone45" type="15" discard="1" dealt="1" sum="5"/>
<action no="3" player="oreiasccp" type="15" sum="5"/>
<action no="4" player="Humbert25" type="1" discard="1" dealt="1" sum="20"/>
<action no="5" player="Ambitiouszone45" type="2" discard="1" dealt="1" sum="40"/>
</round>
<round no="1"><cards type="Pocket" player="Humbert25">C5 SQ</cards>
<cards type="Pocket" player="oreiasccp">CQ S3</cards>
<cards type="Pocket" player="Ambitiouszone45">HK S8</cards>
<action no="6" player="oreiasccp" type="0" sum="0"/>
<action no="7" player="Humbert25" type="23" discard="1" dealt="1" sum="730"/>
<action no="8" player="Ambitiouszone45" type="7" discard="1" dealt="1" sum="189"/>
</round>
<round no="2"><cards type="Flop">C10 SK H6</cards>
</round>
<round no="3"><cards type="Turn">CK</cards>
</round>
<round no="4"><cards type="River">D5</cards>
</round>
</game>
<game gamecode="11536458520"><general><startdate>2025-06-27 07:49:40</startdate>
<round>1</round>
<failsafecounter/>
<players><player seat="6" name="oreiasccp" chips="526" dealer="0" win="0" bet="45" muck="1" rebuy="0" addon="0" merge="0" rebuychips="0" reg_code="8392755672"/>
<player seat="10" name="Humbert25" chips="501" dealer="1" win="0" bet="5" muck="1" rebuy="0" addon="0" merge="0" rebuychips="0" reg_code="8392755690"/>
<player seat="3" name="Ambitiouszone45" chips="473" dealer="0" win="95" bet="85" muck="1" rebuy="0" addon="0" merge="0" rebuychips="0" reg_code="8392755674"/>
</players>
</general>
<round no="0"><action no="1" player="Ambitiouszone45" type="15" discard="1" dealt="1" sum="5"/>
<action no="2" player="oreiasccp" type="15" sum="5"/>
<action no="3" player="Humbert25" type="15" discard="1" dealt="1" sum="5"/>
<action no="4" player="Ambitiouszone45" type="1" discard="1" dealt="1" sum="20"/>
<action no="5" player="oreiasccp" type="2" sum="40"/>
</round>
<round no="1"><cards type="Pocket" player="Humbert25">X X</cards>
<cards type="Pocket" player="oreiasccp">CJ S2</cards>
<cards type="Pocket" player="Ambitiouszone45">X X</cards>
<action no="6" player="Humbert25" type="0" discard="1" dealt="1" sum="0"/>
<action no="7" player="Ambitiouszone45" type="3" discard="1" dealt="1" sum="20"/>
<action no="8" player="oreiasccp" type="4" sum="0"/>
</round>
<round no="2"><cards type="Flop">H2 D7 H8</cards>
<action no="9" player="Ambitiouszone45" type="5" discard="1" dealt="1" sum="40"/>
<action no="10" player="oreiasccp" type="0" sum="0"/>
</round>
</game>
<game gamecode="11536458581"><general><startdate>2025-06-27 07:50:00</startdate>
<round>1</round>
<failsafecounter/>
<players><player seat="10" name="Humbert25" chips="496" dealer="0" win="55" bet="45" muck="1" rebuy="0" addon="0" merge="0" rebuychips="0" reg_code="8392755690"/>
<player seat="3" name="Ambitiouszone45" chips="523" dealer="1" win="0" bet="5" muck="1" rebuy="0" addon="0" merge="0" rebuychips="0" reg_code="8392755674"/>
<player seat="6" name="oreiasccp" chips="481" dealer="0" win="0" bet="25" muck="1" rebuy="0" addon="0" merge="0" rebuychips="0" reg_code="8392755672"/>
</players>
</general>
<round no="0"><action no="1" player="oreiasccp" type="15" sum="5"/>
<action no="2" player="Humbert25" type="15" discard="1" dealt="1" sum="5"/>
<action no="3" player="Ambitiouszone45" type="15" discard="1" dealt="1" sum="5"/>
<action no="4" player="oreiasccp" type="1" sum="20"/>
<action no="5" player="Humbert25" type="2" discard="1" dealt="1" sum="40"/>
</round>
<round no="1"><cards type="Pocket" player="Ambitiouszone45">X X</cards>
<cards type="Pocket" player="oreiasccp">H6 S8</cards>
<cards type="Pocket" player="Humbert25">X X</cards>
<action no="6" player="Ambitiouszone45" type="0" discard="1" dealt="1" sum="0"/>
<action no="7" player="oreiasccp" type="0" sum="0"/>
</round>
</game>
<game gamecode="11536458611"><general><startdate>2025-06-27 07:50:07</startdate>
<round>1</round>
<failsafecounter/>
<players><player seat="3" name="Ambitiouszone45" chips="518" dealer="0" win="0" bet="45" muck="1" rebuy="0" addon="0" merge="0" rebuychips="0" reg_code="8392755674"/>
<player seat="6" name="oreiasccp" chips="456" dealer="1" win="115" bet="456" muck="1" rebuy="0" addon="0" merge="0" rebuychips="0" reg_code="8392755672"/>
<player seat="10" name="Humbert25" chips="526" dealer="0" win="0" bet="25" muck="1" rebuy="0" addon="0" merge="0" rebuychips="0" reg_code="8392755690"/>
</players>
</general>
<round no="0"><action no="1" player="Humbert25" type="15" discard="1" dealt="1" sum="5"/>
<action no="2" player="Ambitiouszone45" type="15" discard="1" dealt="1" sum="5"/>
<action no="3" player="oreiasccp" type="15" sum="5"/>
<action no="4" player="Humbert25" type="1" discard="1" dealt="1" sum="20"/>
<action no="5" player="Ambitiouszone45" type="2" discard="1" dealt="1" sum="40"/>
</round>
<round no="1"><cards type="Pocket" player="Ambitiouszone45">X X</cards>
<cards type="Pocket" player="oreiasccp">H4 HA</cards>
<cards type="Pocket" player="Humbert25">X X</cards>
<action no="6" player="oreiasccp" type="23" sum="451"/>
<action no="7" player="Humbert25" type="0" discard="1" dealt="1" sum="0"/>
<action no="8" player="Ambitiouszone45" type="0" discard="1" dealt="1" sum="0"/>
</round>
</game>
<game gamecode="11536458642"><general><startdate>2025-06-27 07:50:18</startdate>
<round>1</round>
<failsafecounter/>
<players><player seat="6" name="oreiasccp" chips="526" dealer="0" win="0" bet="45" muck="1" rebuy="0" addon="0" merge="0" rebuychips="0" reg_code="8392755672"/>
<player seat="10" name="Humbert25" chips="501" dealer="1" win="0" bet="5" muck="1" rebuy="0" addon="0" merge="0" rebuychips="0" reg_code="8392755690"/>
<player seat="3" name="Ambitiouszone45" chips="473" dealer="0" win="95" bet="45" muck="0" rebuy="0" addon="0" merge="0" rebuychips="0" reg_code="8392755674"/>
</players>
</general>
<round no="0"><action no="1" player="Ambitiouszone45" type="15" discard="1" dealt="1" sum="5"/>
<action no="2" player="oreiasccp" type="15" sum="5"/>
<action no="3" player="Humbert25" type="15" discard="1" dealt="1" sum="5"/>
<action no="4" player="Ambitiouszone45" type="1" discard="1" dealt="1" sum="20"/>
<action no="5" player="oreiasccp" type="2" sum="40"/>
</round>
<round no="1"><cards type="Pocket" player="Humbert25">X X</cards>
<cards type="Pocket" player="oreiasccp">D3 D10</cards>
<cards type="Pocket" player="Ambitiouszone45">DK D4</cards>
<action no="6" player="Humbert25" type="0" discard="1" dealt="1" sum="0"/>
<action no="7" player="Ambitiouszone45" type="3" discard="1" dealt="1" sum="20"/>
<action no="8" player="oreiasccp" type="4" sum="0"/>
</round>
<round no="2"><cards type="Flop">DA HQ SJ</cards>
<action no="9" player="Ambitiouszone45" type="4" discard="1" dealt="1" sum="0"/>
<action no="10" player="oreiasccp" type="4" sum="0"/>
</round>
<round no="3"><cards type="Turn">C7</cards>
<action no="11" player="Ambitiouszone45" type="4" discard="1" dealt="1" sum="0"/>
<action no="12" player="oreiasccp" type="4" sum="0"/>
</round>
<round no="4"><cards type="River">S5</cards>
<action no="13" player="Ambitiouszone45" type="4" discard="1" dealt="1" sum="0"/>
<action no="14" player="oreiasccp" type="4" sum="0"/>
</round>
</game>
<game gamecode="11536458703"><general><startdate>2025-06-27 07:50:42</startdate>
<round>1</round>
<failsafecounter/>
<players><player seat="10" name="Humbert25" chips="496" dealer="0" win="0" bet="65" muck="1" rebuy="0" addon="0" merge="0" rebuychips="0" reg_code="8392755690"/>
<player seat="3" name="Ambitiouszone45" chips="523" dealer="1" win="165" bet="65" muck="0" rebuy="0" addon="0" merge="0" rebuychips="0" reg_code="8392755674"/>
<player seat="6" name="oreiasccp" chips="481" dealer="0" win="0" bet="35" muck="1" rebuy="0" addon="0" merge="0" rebuychips="0" reg_code="8392755672"/>
</players>
</general>
<round no="0"><action no="1" player="oreiasccp" type="15" sum="5"/>
<action no="2" player="Humbert25" type="15" discard="1" dealt="1" sum="5"/>
<action no="3" player="Ambitiouszone45" type="15" discard="1" dealt="1" sum="5"/>
<action no="4" player="oreiasccp" type="1" sum="30"/>
<action no="5" player="Humbert25" type="2" discard="1" dealt="1" sum="60"/>
</round>
<round no="1"><cards type="Pocket" player="oreiasccp">CQ S5</cards>
<cards type="Pocket" player="Humbert25">D3 H8</cards>
<cards type="Pocket" player="Ambitiouszone45">HJ H9</cards>
<action no="6" player="Ambitiouszone45" type="3" discard="1" dealt="1" sum="60"/>
<action no="7" player="oreiasccp" type="0" sum="0"/>
<action no="8" player="Humbert25" type="4" discard="1" dealt="1" sum="0"/>
</round>
<round no="2"><cards type="Flop">C4 S2 S7</cards>
<action no="9" player="Humbert25" type="4" discard="1" dealt="1" sum="0"/>
<action no="10" player="Ambitiouszone45" type="4" discard="1" dealt="1" sum="0"/>
</round>
<round no="3"><cards type="Turn">H6</cards>
<action no="11" player="Humbert25" type="4" discard="1" dealt="1" sum="0"/>
<action no="12" player="Ambitiouszone45" type="4" discard="1" dealt="1" sum="0"/>
</round>
<round no="4"><cards type="River">DQ</cards>
<action no="13" player="Humbert25" type="4" discard="1" dealt="1" sum="0"/>
<action no="14" player="Ambitiouszone45" type="4" discard="1" dealt="1" sum="0"/>
</round>
</game>
<game gamecode="11536458773"><general><startdate>2025-06-27 07:51:08</startdate>
<round>1</round>
<failsafecounter/>
<players><player seat="3" name="Ambitiouszone45" chips="623" dealer="0" win="927" bet="446" muck="0" rebuy="0" addon="0" merge="0" rebuychips="0" reg_code="8392755674"/>
<player seat="6" name="oreiasccp" chips="446" dealer="1" win="0" bet="446" muck="0" rebuy="0" addon="0" merge="0" rebuychips="0" reg_code="8392755672"/>
<player seat="10" name="Humbert25" chips="431" dealer="0" win="0" bet="35" muck="1" rebuy="0" addon="0" merge="0" rebuychips="0" reg_code="8392755690"/>
</players>
</general>
<round no="0"><action no="1" player="Humbert25" type="15" discard="1" dealt="1" sum="5"/>
<action no="2" player="Ambitiouszone45" type="15" discard="1" dealt="1" sum="5"/>
<action no="3" player="oreiasccp" type="15" sum="5"/>
<action no="4" player="Humbert25" type="1" discard="1" dealt="1" sum="30"/>
<action no="5" player="Ambitiouszone45" type="2" discard="1" dealt="1" sum="60"/>
</round>
<round no="1"><cards type="Pocket" player="oreiasccp">DA S6</cards>
<cards type="Pocket" player="Ambitiouszone45">CJ SA</cards>
<cards type="Pocket" player="Humbert25">X X</cards>
<action no="6" player="oreiasccp" type="23" sum="441"/>
<action no="7" player="Humbert25" type="0" discard="1" dealt="1" sum="0"/>
<action no="8" player="Ambitiouszone45" type="3" discard="1" dealt="1" sum="381"/>
</round>
<round no="2"><cards type="Flop">S2 SQ D8</cards>
</round>
<round no="3"><cards type="Turn">H9</cards>
</round>
<round no="4"><cards type="River">H2</cards>
</round>
</game>
</session>
