<?xml version="1.0" encoding="UTF-8"?>
<session sessioncode="8392865012">
<general>
<client_version>25.1.1.13</client_version>
<mode>real</mode>
<gametype>Holdem NL</gametype>
<tablename>Twister €5 SNG, 1128656435</tablename>
<tournamentcode>1128656434</tournamentcode>
<tournamentname>Twister €5 SNG</tournamentname>
<buyin>€0 + €0.35 + €4.65</buyin>
<totalbuyin>€5</totalbuyin>
<rewarddrawn>€10</rewarddrawn>
<tournamentcurrency>EUR</tournamentcurrency>
<currency>EUR</currency>
<nickname>oreiasccp</nickname>
<gamecount>47</gamecount>
<startdate>2025-06-27 13:20:11</startdate>
<place>1</place>
<win>€10</win>
<tablesize>3</tablesize>
</general>
<game gamecode="11536719341"><general><startdate>2025-06-27 13:20:27</startdate>
<round>1</round>
<failsafecounter/>
<players><player seat="6" name="Jennav25" chips="500" dealer="0" win="20" bet="20" muck="1" rebuy="0" addon="0" merge="0" rebuychips="0" reg_code="8392865062"/>
<player seat="10" name="Tetfred12" chips="500" dealer="1" win="0" bet="0" muck="1" rebuy="0" addon="0" merge="0" rebuychips="0" reg_code="8392865109"/>
<player seat="3" name="oreiasccp" chips="500" dealer="0" win="0" bet="10" muck="1" rebuy="0" addon="0" merge="0" rebuychips="0" reg_code="8392865012"/>
</players>
</general>
<round no="0"><action no="1" player="oreiasccp" type="1" sum="10"/>
<action no="2" player="Jennav25" type="2" discard="1" dealt="1" sum="20"/>
</round>
<round no="1"><cards type="Pocket" player="Tetfred12">X X</cards>
<cards type="Pocket" player="Jennav25">X X</cards>
<cards type="Pocket" player="oreiasccp">C5 S2</cards>
<action no="3" player="Tetfred12" type="0" discard="1" dealt="1" sum="0"/>
<action no="4" player="oreiasccp" type="0" sum="0"/>
</round>
</game>
<game gamecode="11536719363"><general><startdate>2025-06-27 13:20:33</startdate>
<round>1</round>
<failsafecounter/>
<players><player seat="10" name="Tetfred12" chips="500" dealer="0" win="0" bet="40" muck="1" rebuy="0" addon="0" merge="0" rebuychips="0" reg_code="8392865109"/>
<player seat="3" name="oreiasccp" chips="490" dealer="1" win="120" bet="70" muck="1" rebuy="0" addon="0" merge="0" rebuychips="0" reg_code="8392865012"/>
<player seat="6" name="Jennav25" chips="510" dealer="0" win="0" bet="40" muck="1" rebuy="0" addon="0" merge="0" rebuychips="0" reg_code="8392865062"/>
</players>
</general>
<round no="0"><action no="1" player="Jennav25" type="1" discard="1" dealt="1" sum="10"/>
<action no="2" player="Tetfred12" type="2" discard="1" dealt="1" sum="20"/>
</round>
<round no="1"><cards type="Pocket" player="Tetfred12">X X</cards>
<cards type="Pocket" player="Jennav25">X X</cards>
<cards type="Pocket" player="oreiasccp">CK H9</cards>
<action no="3" player="oreiasccp" type="23" sum="40"/>
<action no="4" player="Jennav25" type="3" discard="1" dealt="1" sum="30"/>
<action no="5" player="Tetfred12" type="3" discard="1" dealt="1" sum="20"/>
</round>
<round no="2"><cards type="Flop">HK C3 CQ</cards>
<action no="6" player="Jennav25" type="4" discard="1" dealt="1" sum="0"/>
<action no="7" player="Tetfred12" type="4" discard="1" dealt="1" sum="0"/>
<action no="8" player="oreiasccp" type="5" sum="30"/>
<action no="9" player="Jennav25" type="0" discard="1" dealt="1" sum="0"/>
<action no="10" player="Tetfred12" type="0" discard="1" dealt="1" sum="0"/>
</round>
</game>
<game gamecode="11536719440"><general><startdate>2025-06-27 13:20:51</startdate>
<round>1</round>
<failsafecounter/>
<players><player seat="3" name="oreiasccp" chips="570" dealer="0" win="0" bet="20" muck="1" rebuy="0" addon="0" merge="0" rebuychips="0" reg_code="8392865012"/>
<player seat="6" name="Jennav25" chips="470" dealer="1" win="0" bet="0" muck="1" rebuy="0" addon="0" merge="0" rebuychips="0" reg_code="8392865062"/>
<player seat="10" name="Tetfred12" chips="460" dealer="0" win="40" bet="40" muck="1" rebuy="0" addon="0" merge="0" rebuychips="0" reg_code="8392865109"/>
</players>
</general>
<round no="0"><action no="1" player="Tetfred12" type="1" discard="1" dealt="1" sum="10"/>
<action no="2" player="oreiasccp" type="2" sum="20"/>
</round>
<round no="1"><cards type="Pocket" player="Jennav25">X X</cards>
<cards type="Pocket" player="Tetfred12">X X</cards>
<cards type="Pocket" player="oreiasccp">C3 D10</cards>
<action no="3" player="Jennav25" type="0" discard="1" dealt="1" sum="0"/>
<action no="4" player="Tetfred12" type="23" discard="1" dealt="1" sum="40"/>
<action no="5" player="oreiasccp" type="0" sum="0"/>
</round>
</game>
<game gamecode="11536719478"><general><startdate>2025-06-27 13:21:00</startdate>
<round>1</round>
<failsafecounter/>
<players><player seat="6" name="Jennav25" chips="470" dealer="0" win="0" bet="40" muck="1" rebuy="0" addon="0" merge="0" rebuychips="0" reg_code="8392865062"/>
<player seat="10" name="Tetfred12" chips="480" dealer="1" win="0" bet="0" muck="1" rebuy="0" addon="0" merge="0" rebuychips="0" reg_code="8392865109"/>
<player seat="3" name="oreiasccp" chips="550" dealer="0" win="80" bet="98" muck="1" rebuy="0" addon="0" merge="0" rebuychips="0" reg_code="8392865012"/>
</players>
</general>
<round no="0"><action no="1" player="oreiasccp" type="1" sum="10"/>
<action no="2" player="Jennav25" type="2" discard="1" dealt="1" sum="20"/>
</round>
<round no="1"><cards type="Pocket" player="Jennav25">X X</cards>
<cards type="Pocket" player="Tetfred12">X X</cards>
<cards type="Pocket" player="oreiasccp">SJ H10</cards>
<action no="3" player="Tetfred12" type="0" discard="1" dealt="1" sum="0"/>
<action no="4" player="oreiasccp" type="23" sum="40"/>
<action no="5" player="Jennav25" type="3" discard="1" dealt="1" sum="20"/>
</round>
<round no="2"><cards type="Flop">H9 C5 H7</cards>
<action no="6" player="oreiasccp" type="5" sum="58"/>
<action no="7" player="Jennav25" type="0" discard="1" dealt="1" sum="0"/>
</round>
</game>
<game gamecode="11536726861"><general><startdate>2025-06-27 13:21:16</startdate>
<round>1</round>
<failsafecounter/>
<players><player seat="10" name="Tetfred12" chips="480" dealer="0" win="0" bet="40" muck="1" rebuy="0" addon="0" merge="0" rebuychips="0" reg_code="8392865109"/>
<player seat="3" name="oreiasccp" chips="590" dealer="1" win="120" bet="84" muck="1" rebuy="0" addon="0" merge="0" rebuychips="0" reg_code="8392865012"/>
<player seat="6" name="Jennav25" chips="430" dealer="0" win="0" bet="40" muck="1" rebuy="0" addon="0" merge="0" rebuychips="0" reg_code="8392865062"/>
</players>
</general>
<round no="0"><action no="1" player="Jennav25" type="1" discard="1" dealt="1" sum="10"/>
<action no="2" player="Tetfred12" type="2" discard="1" dealt="1" sum="20"/>
</round>
<round no="1"><cards type="Pocket" player="Tetfred12">X X</cards>
<cards type="Pocket" player="oreiasccp">CA D9</cards>
<cards type="Pocket" player="Jennav25">X X</cards>
<action no="3" player="oreiasccp" type="23" sum="40"/>
<action no="4" player="Jennav25" type="3" discard="1" dealt="1" sum="30"/>
<action no="5" player="Tetfred12" type="3" discard="1" dealt="1" sum="20"/>
</round>
<round no="2"><cards type="Flop">DA H8 HQ</cards>
<action no="6" player="Jennav25" type="4" discard="1" dealt="1" sum="0"/>
<action no="7" player="Tetfred12" type="4" discard="1" dealt="1" sum="0"/>
<action no="8" player="oreiasccp" type="5" sum="44"/>
<action no="9" player="Jennav25" type="0" discard="1" dealt="1" sum="0"/>
<action no="10" player="Tetfred12" type="0" discard="1" dealt="1" sum="0"/>
</round>
</game>
<game gamecode="11536726944"><general><startdate>2025-06-27 13:21:36</startdate>
<round>1</round>
<failsafecounter/>
<players><player seat="3" name="oreiasccp" chips="670" dealer="0" win="90" bet="390" muck="1" rebuy="0" addon="0" merge="0" rebuychips="0" reg_code="8392865012"/>
<player seat="6" name="Jennav25" chips="390" dealer="1" win="0" bet="40" muck="1" rebuy="0" addon="0" merge="0" rebuychips="0" reg_code="8392865062"/>
<player seat="10" name="Tetfred12" chips="440" dealer="0" win="0" bet="10" muck="1" rebuy="0" addon="0" merge="0" rebuychips="0" reg_code="8392865109"/>
</players>
</general>
<round no="0"><action no="1" player="Tetfred12" type="1" discard="1" dealt="1" sum="10"/>
<action no="2" player="oreiasccp" type="2" sum="20"/>
</round>
<round no="1"><cards type="Pocket" player="Jennav25">X X</cards>
<cards type="Pocket" player="Tetfred12">X X</cards>
<cards type="Pocket" player="oreiasccp">DJ SA</cards>
<action no="3" player="Jennav25" type="23" discard="1" dealt="1" sum="40"/>
<action no="4" player="Tetfred12" type="0" discard="1" dealt="1" sum="0"/>
<action no="5" player="oreiasccp" type="23" sum="390"/>
<action no="6" player="Jennav25" type="0" discard="1" dealt="1" sum="0"/>
</round>
</game>
<game gamecode="11536726998"><general><startdate>2025-06-27 13:21:48</startdate>
<round>1</round>
<failsafecounter/>
<players><player seat="6" name="Jennav25" chips="350" dealer="0" win="0" bet="60" muck="0" rebuy="0" addon="0" merge="0" rebuychips="0" reg_code="8392865062"/>
<player seat="10" name="Tetfred12" chips="430" dealer="1" win="130" bet="60" muck="0" rebuy="0" addon="0" merge="0" rebuychips="0" reg_code="8392865109"/>
<player seat="3" name="oreiasccp" chips="720" dealer="0" win="0" bet="10" muck="1" rebuy="0" addon="0" merge="0" rebuychips="0" reg_code="8392865012"/>
</players>
</general>
<round no="0"><action no="1" player="oreiasccp" type="1" sum="10"/>
<action no="2" player="Jennav25" type="2" discard="1" dealt="1" sum="20"/>
</round>
<round no="1"><cards type="Pocket" player="oreiasccp">S8 C6</cards>
<cards type="Pocket" player="Jennav25">S9 SJ</cards>
<cards type="Pocket" player="Tetfred12">H9 SA</cards>
<action no="3" player="Tetfred12" type="23" discard="1" dealt="1" sum="40"/>
<action no="4" player="oreiasccp" type="0" sum="0"/>
<action no="5" player="Jennav25" type="3" discard="1" dealt="1" sum="20"/>
</round>
<round no="2"><cards type="Flop">SK C7 C3</cards>
<action no="6" player="Jennav25" type="4" discard="1" dealt="1" sum="0"/>
<action no="7" player="Tetfred12" type="4" discard="1" dealt="1" sum="0"/>
</round>
<round no="3"><cards type="Turn">D10</cards>
<action no="8" player="Jennav25" type="4" discard="1" dealt="1" sum="0"/>
<action no="9" player="Tetfred12" type="4" discard="1" dealt="1" sum="0"/>
</round>
<round no="4"><cards type="River">S3</cards>
<action no="10" player="Jennav25" type="5" discard="1" dealt="1" sum="20"/>
<action no="11" player="Tetfred12" type="3" discard="1" dealt="1" sum="20"/>
</round>
</game>
<game gamecode="11536727082"><general><startdate>2025-06-27 13:22:11</startdate>
<round>1</round>
<failsafecounter/>
<players><player seat="10" name="Tetfred12" chips="500" dealer="0" win="0" bet="20" muck="1" rebuy="0" addon="0" merge="0" rebuychips="0" reg_code="8392865109"/>
<player seat="3" name="oreiasccp" chips="710" dealer="1" win="220" bet="290" muck="1" rebuy="0" addon="0" merge="0" rebuychips="0" reg_code="8392865012"/>
<player seat="6" name="Jennav25" chips="290" dealer="0" win="0" bet="100" muck="1" rebuy="0" addon="0" merge="0" rebuychips="0" reg_code="8392865062"/>
</players>
</general>
<round no="0"><action no="1" player="Jennav25" type="1" discard="1" dealt="1" sum="10"/>
<action no="2" player="Tetfred12" type="2" discard="1" dealt="1" sum="20"/>
</round>
<round no="1"><cards type="Pocket" player="Tetfred12">X X</cards>
<cards type="Pocket" player="oreiasccp">D4 DA</cards>
<cards type="Pocket" player="Jennav25">X X</cards>
<action no="3" player="oreiasccp" type="23" sum="40"/>
<action no="4" player="Jennav25" type="3" discard="1" dealt="1" sum="30"/>
<action no="5" player="Tetfred12" type="0" discard="1" dealt="1" sum="0"/>
</round>
<round no="2"><cards type="Flop">C9 SA C2</cards>
<action no="6" player="Jennav25" type="5" discard="1" dealt="1" sum="20"/>
<action no="7" player="oreiasccp" type="3" sum="20"/>
</round>
<round no="3"><cards type="Turn">D2</cards>
<action no="8" player="Jennav25" type="5" discard="1" dealt="1" sum="20"/>
<action no="9" player="oreiasccp" type="3" sum="20"/>
</round>
<round no="4"><cards type="River">H4</cards>
<action no="10" player="Jennav25" type="5" discard="1" dealt="1" sum="20"/>
<action no="11" player="oreiasccp" type="23" sum="210"/>
<action no="12" player="Jennav25" type="0" discard="1" dealt="1" sum="0"/>
</round>
</game>
<game gamecode="11536727195"><general><startdate>2025-06-27 13:22:35</startdate>
<round>1</round>
<failsafecounter/>
<players><player seat="3" name="oreiasccp" chips="830" dealer="0" win="0" bet="155" muck="1" rebuy="0" addon="0" merge="0" rebuychips="0" reg_code="8392865012"/>
<player seat="6" name="Jennav25" chips="190" dealer="1" win="0" bet="5" muck="1" rebuy="0" addon="0" merge="0" rebuychips="0" reg_code="8392865062"/>
<player seat="10" name="Tetfred12" chips="480" dealer="0" win="315" bet="155" muck="0" rebuy="0" addon="0" merge="0" rebuychips="0" reg_code="8392865109"/>
</players>
</general>
<round no="0"><action no="1" player="Tetfred12" type="15" discard="1" dealt="1" sum="5"/>
<action no="2" player="oreiasccp" type="15" sum="5"/>
<action no="3" player="Jennav25" type="15" discard="1" dealt="1" sum="5"/>
<action no="4" player="Tetfred12" type="1" discard="1" dealt="1" sum="15"/>
<action no="5" player="oreiasccp" type="2" sum="30"/>
</round>
<round no="1"><cards type="Pocket" player="Jennav25">X X</cards>
<cards type="Pocket" player="oreiasccp">H2 C9</cards>
<cards type="Pocket" player="Tetfred12">SJ DK</cards>
<action no="6" player="Jennav25" type="0" discard="1" dealt="1" sum="0"/>
<action no="7" player="Tetfred12" type="3" discard="1" dealt="1" sum="15"/>
<action no="8" player="oreiasccp" type="4" sum="0"/>
</round>
<round no="2"><cards type="Flop">H7 CJ D10</cards>
<action no="9" player="Tetfred12" type="5" discard="1" dealt="1" sum="60"/>
<action no="10" player="oreiasccp" type="3" sum="60"/>
</round>
<round no="3"><cards type="Turn">S2</cards>
<action no="11" player="Tetfred12" type="5" discard="1" dealt="1" sum="60"/>
<action no="12" player="oreiasccp" type="3" sum="60"/>
</round>
<round no="4"><cards type="River">CA</cards>
<action no="13" player="Tetfred12" type="4" discard="1" dealt="1" sum="0"/>
<action no="14" player="oreiasccp" type="4" sum="0"/>
</round>
</game>
<game gamecode="11536727371"><general><startdate>2025-06-27 13:23:18</startdate>
<round>1</round>
<failsafecounter/>
<players><player seat="6" name="Jennav25" chips="185" dealer="0" win="45" bet="35" muck="1" rebuy="0" addon="0" merge="0" rebuychips="0" reg_code="8392865062"/>
<player seat="10" name="Tetfred12" chips="640" dealer="1" win="0" bet="5" muck="1" rebuy="0" addon="0" merge="0" rebuychips="0" reg_code="8392865109"/>
<player seat="3" name="oreiasccp" chips="675" dealer="0" win="0" bet="20" muck="1" rebuy="0" addon="0" merge="0" rebuychips="0" reg_code="8392865012"/>
</players>
</general>
<round no="0"><action no="1" player="oreiasccp" type="15" sum="5"/>
<action no="2" player="Jennav25" type="15" discard="1" dealt="1" sum="5"/>
<action no="3" player="Tetfred12" type="15" discard="1" dealt="1" sum="5"/>
<action no="4" player="oreiasccp" type="1" sum="15"/>
<action no="5" player="Jennav25" type="2" discard="1" dealt="1" sum="30"/>
</round>
<round no="1"><cards type="Pocket" player="Jennav25">X X</cards>
<cards type="Pocket" player="oreiasccp">S6 H4</cards>
<cards type="Pocket" player="Tetfred12">X X</cards>
<action no="6" player="Tetfred12" type="0" discard="1" dealt="1" sum="0"/>
<action no="7" player="oreiasccp" type="0" sum="0"/>
</round>
</game>
<game gamecode="11536727402"><general><startdate>2025-06-27 13:23:24</startdate>
<round>1</round>
<failsafecounter/>
<players><player seat="10" name="Tetfred12" chips="635" dealer="0" win="0" bet="35" muck="1" rebuy="0" addon="0" merge="0" rebuychips="0" reg_code="8392865109"/>
<player seat="3" name="oreiasccp" chips="655" dealer="1" win="0" bet="210" muck="1" rebuy="0" addon="0" merge="0" rebuychips="0" reg_code="8392865012"/>
<player seat="6" name="Jennav25" chips="210" dealer="0" win="455" bet="210" muck="0" rebuy="0" addon="0" merge="0" rebuychips="0" reg_code="8392865062"/>
</players>
</general>
<round no="0"><action no="1" player="Jennav25" type="15" discard="1" dealt="1" sum="5"/>
<action no="2" player="Tetfred12" type="15" discard="1" dealt="1" sum="5"/>
<action no="3" player="oreiasccp" type="15" sum="5"/>
<action no="4" player="Jennav25" type="1" discard="1" dealt="1" sum="15"/>
<action no="5" player="Tetfred12" type="2" discard="1" dealt="1" sum="30"/>
</round>
<round no="1"><cards type="Pocket" player="Tetfred12">X X</cards>
<cards type="Pocket" player="oreiasccp">DA C7</cards>
<cards type="Pocket" player="Jennav25">CK C8</cards>
<action no="6" player="oreiasccp" type="23" sum="60"/>
<action no="7" player="Jennav25" type="23" discard="1" dealt="1" sum="205"/>
<action no="8" player="Tetfred12" type="0" discard="1" dealt="1" sum="0"/>
<action no="9" player="oreiasccp" type="3" sum="145"/>
</round>
<round no="2"><cards type="Flop">H4 S8 C4</cards>
</round>
<round no="3"><cards type="Turn">D5</cards>
</round>
<round no="4"><cards type="River">S4</cards>
</round>
</game>
<game gamecode="11536727498"><general><startdate>2025-06-27 13:23:46</startdate>
<round>1</round>
<failsafecounter/>
<players><player seat="3" name="oreiasccp" chips="445" dealer="0" win="0" bet="35" muck="1" rebuy="0" addon="0" merge="0" rebuychips="0" reg_code="8392865012"/>
<player seat="6" name="Jennav25" chips="455" dealer="1" win="0" bet="35" muck="1" rebuy="0" addon="0" merge="0" rebuychips="0" reg_code="8392865062"/>
<player seat="10" name="Tetfred12" chips="600" dealer="0" win="105" bet="125" muck="1" rebuy="0" addon="0" merge="0" rebuychips="0" reg_code="8392865109"/>
</players>
</general>
<round no="0"><action no="1" player="Tetfred12" type="15" discard="1" dealt="1" sum="5"/>
<action no="2" player="oreiasccp" type="15" sum="5"/>
<action no="3" player="Jennav25" type="15" discard="1" dealt="1" sum="5"/>
<action no="4" player="Tetfred12" type="1" discard="1" dealt="1" sum="15"/>
<action no="5" player="oreiasccp" type="2" sum="30"/>
</round>
<round no="1"><cards type="Pocket" player="Jennav25">X X</cards>
<cards type="Pocket" player="Tetfred12">X X</cards>
<cards type="Pocket" player="oreiasccp">C9 C10</cards>
<action no="6" player="Jennav25" type="3" discard="1" dealt="1" sum="30"/>
<action no="7" player="Tetfred12" type="3" discard="1" dealt="1" sum="15"/>
<action no="8" player="oreiasccp" type="4" sum="0"/>
</round>
<round no="2"><cards type="Flop">HJ DA S3</cards>
<action no="9" player="Tetfred12" type="5" discard="1" dealt="1" sum="90"/>
<action no="10" player="oreiasccp" type="0" sum="0"/>
<action no="11" player="Jennav25" type="0" discard="1" dealt="1" sum="0"/>
</round>
</game>
<game gamecode="11536727589"><general><startdate>2025-06-27 13:24:06</startdate>
<round>1</round>
<failsafecounter/>
<players><player seat="6" name="Jennav25" chips="420" dealer="0" win="45" bet="35" muck="1" rebuy="0" addon="0" merge="0" rebuychips="0" reg_code="8392865062"/>
<player seat="10" name="Tetfred12" chips="670" dealer="1" win="0" bet="5" muck="1" rebuy="0" addon="0" merge="0" rebuychips="0" reg_code="8392865109"/>
<player seat="3" name="oreiasccp" chips="410" dealer="0" win="0" bet="20" muck="1" rebuy="0" addon="0" merge="0" rebuychips="0" reg_code="8392865012"/>
</players>
</general>
<round no="0"><action no="1" player="oreiasccp" type="15" sum="5"/>
<action no="2" player="Jennav25" type="15" discard="1" dealt="1" sum="5"/>
<action no="3" player="Tetfred12" type="15" discard="1" dealt="1" sum="5"/>
<action no="4" player="oreiasccp" type="1" sum="15"/>
<action no="5" player="Jennav25" type="2" discard="1" dealt="1" sum="30"/>
</round>
<round no="1"><cards type="Pocket" player="Jennav25">X X</cards>
<cards type="Pocket" player="Tetfred12">X X</cards>
<cards type="Pocket" player="oreiasccp">S2 D10</cards>
<action no="6" player="Tetfred12" type="0" discard="1" dealt="1" sum="0"/>
<action no="7" player="oreiasccp" type="0" sum="0"/>
</round>
</game>
<game gamecode="11536727620"><general><startdate>2025-06-27 13:24:14</startdate>
<round>1</round>
<failsafecounter/>
<players><player seat="10" name="Tetfred12" chips="665" dealer="0" win="45" bet="35" muck="1" rebuy="0" addon="0" merge="0" rebuychips="0" reg_code="8392865109"/>
<player seat="3" name="oreiasccp" chips="390" dealer="1" win="0" bet="5" muck="1" rebuy="0" addon="0" merge="0" rebuychips="0" reg_code="8392865012"/>
<player seat="6" name="Jennav25" chips="445" dealer="0" win="0" bet="20" muck="1" rebuy="0" addon="0" merge="0" rebuychips="0" reg_code="8392865062"/>
</players>
</general>
<round no="0"><action no="1" player="Jennav25" type="15" discard="1" dealt="1" sum="5"/>
<action no="2" player="Tetfred12" type="15" discard="1" dealt="1" sum="5"/>
<action no="3" player="oreiasccp" type="15" sum="5"/>
<action no="4" player="Jennav25" type="1" discard="1" dealt="1" sum="15"/>
<action no="5" player="Tetfred12" type="2" discard="1" dealt="1" sum="30"/>
</round>
<round no="1"><cards type="Pocket" player="Jennav25">X X</cards>
<cards type="Pocket" player="Tetfred12">X X</cards>
<cards type="Pocket" player="oreiasccp">CK H7</cards>
<action no="6" player="oreiasccp" type="0" sum="0"/>
<action no="7" player="Jennav25" type="0" discard="1" dealt="1" sum="0"/>
</round>
</game>
<game gamecode="11536727675"><general><startdate>2025-06-27 13:24:26</startdate>
<round>1</round>
<failsafecounter/>
<players><player seat="3" name="oreiasccp" chips="385" dealer="0" win="0" bet="45" muck="1" rebuy="0" addon="0" merge="0" rebuychips="0" reg_code="8392865012"/>
<player seat="6" name="Jennav25" chips="425" dealer="1" win="0" bet="5" muck="1" rebuy="0" addon="0" merge="0" rebuychips="0" reg_code="8392865062"/>
<player seat="10" name="Tetfred12" chips="690" dealer="0" win="95" bet="125" muck="1" rebuy="0" addon="0" merge="0" rebuychips="0" reg_code="8392865109"/>
</players>
</general>
<round no="0"><action no="1" player="Tetfred12" type="15" discard="1" dealt="1" sum="5"/>
<action no="2" player="oreiasccp" type="15" sum="5"/>
<action no="3" player="Jennav25" type="15" discard="1" dealt="1" sum="5"/>
<action no="4" player="Tetfred12" type="1" discard="1" dealt="1" sum="20"/>
<action no="5" player="oreiasccp" type="2" sum="40"/>
</round>
<round no="1"><cards type="Pocket" player="Jennav25">X X</cards>
<cards type="Pocket" player="oreiasccp">S2 C10</cards>
<cards type="Pocket" player="Tetfred12">X X</cards>
<action no="6" player="Jennav25" type="0" discard="1" dealt="1" sum="0"/>
<action no="7" player="Tetfred12" type="3" discard="1" dealt="1" sum="20"/>
<action no="8" player="oreiasccp" type="4" sum="0"/>
</round>
<round no="2"><cards type="Flop">CK C4 D9</cards>
<action no="9" player="Tetfred12" type="5" discard="1" dealt="1" sum="80"/>
<action no="10" player="oreiasccp" type="0" sum="0"/>
</round>
</game>
<game gamecode="11536727737"><general><startdate>2025-06-27 13:24:41</startdate>
<round>1</round>
<failsafecounter/>
<players><player seat="6" name="Jennav25" chips="420" dealer="0" win="0" bet="45" muck="1" rebuy="0" addon="0" merge="0" rebuychips="0" reg_code="8392865062"/>
<player seat="10" name="Tetfred12" chips="740" dealer="1" win="0" bet="5" muck="1" rebuy="0" addon="0" merge="0" rebuychips="0" reg_code="8392865109"/>
<player seat="3" name="oreiasccp" chips="340" dealer="0" win="95" bet="340" muck="1" rebuy="0" addon="0" merge="0" rebuychips="0" reg_code="8392865012"/>
</players>
</general>
<round no="0"><action no="1" player="oreiasccp" type="15" sum="5"/>
<action no="2" player="Jennav25" type="15" discard="1" dealt="1" sum="5"/>
<action no="3" player="Tetfred12" type="15" discard="1" dealt="1" sum="5"/>
<action no="4" player="oreiasccp" type="1" sum="20"/>
<action no="5" player="Jennav25" type="2" discard="1" dealt="1" sum="40"/>
</round>
<round no="1"><cards type="Pocket" player="oreiasccp">DK S5</cards>
<cards type="Pocket" player="Tetfred12">X X</cards>
<cards type="Pocket" player="Jennav25">X X</cards>
<action no="6" player="Tetfred12" type="0" discard="1" dealt="1" sum="0"/>
<action no="7" player="oreiasccp" type="23" sum="335"/>
<action no="8" player="Jennav25" type="0" discard="1" dealt="1" sum="0"/>
</round>
</game>
<game gamecode="11536727786"><general><startdate>2025-06-27 13:24:52</startdate>
<round>1</round>
<failsafecounter/>
<players><player seat="10" name="Tetfred12" chips="735" dealer="0" win="55" bet="45" muck="1" rebuy="0" addon="0" merge="0" rebuychips="0" reg_code="8392865109"/>
<player seat="3" name="oreiasccp" chips="390" dealer="1" win="0" bet="5" muck="1" rebuy="0" addon="0" merge="0" rebuychips="0" reg_code="8392865012"/>
<player seat="6" name="Jennav25" chips="375" dealer="0" win="0" bet="25" muck="1" rebuy="0" addon="0" merge="0" rebuychips="0" reg_code="8392865062"/>
</players>
</general>
<round no="0"><action no="1" player="Jennav25" type="15" discard="1" dealt="1" sum="5"/>
<action no="2" player="Tetfred12" type="15" discard="1" dealt="1" sum="5"/>
<action no="3" player="oreiasccp" type="15" sum="5"/>
<action no="4" player="Jennav25" type="1" discard="1" dealt="1" sum="20"/>
<action no="5" player="Tetfred12" type="2" discard="1" dealt="1" sum="40"/>
</round>
<round no="1"><cards type="Pocket" player="Tetfred12">X X</cards>
<cards type="Pocket" player="Jennav25">X X</cards>
<cards type="Pocket" player="oreiasccp">C6 S4</cards>
<action no="6" player="oreiasccp" type="0" sum="0"/>
<action no="7" player="Jennav25" type="0" discard="1" dealt="1" sum="0"/>
</round>
</game>
<game gamecode="11536727875"><general><startdate>2025-06-27 13:25:10</startdate>
<round>1</round>
<failsafecounter/>
<players><player seat="3" name="oreiasccp" chips="385" dealer="0" win="0" bet="85" muck="1" rebuy="0" addon="0" merge="0" rebuychips="0" reg_code="8392865012"/>
<player seat="6" name="Jennav25" chips="350" dealer="1" win="0" bet="5" muck="1" rebuy="0" addon="0" merge="0" rebuychips="0" reg_code="8392865062"/>
<player seat="10" name="Tetfred12" chips="765" dealer="0" win="175" bet="205" muck="1" rebuy="0" addon="0" merge="0" rebuychips="0" reg_code="8392865109"/>
</players>
</general>
<round no="0"><action no="1" player="Tetfred12" type="15" discard="1" dealt="1" sum="5"/>
<action no="2" player="oreiasccp" type="15" sum="5"/>
<action no="3" player="Jennav25" type="15" discard="1" dealt="1" sum="5"/>
<action no="4" player="Tetfred12" type="1" discard="1" dealt="1" sum="20"/>
<action no="5" player="oreiasccp" type="2" sum="40"/>
</round>
<round no="1"><cards type="Pocket" player="Tetfred12">X X</cards>
<cards type="Pocket" player="Jennav25">X X</cards>
<cards type="Pocket" player="oreiasccp">DJ D6</cards>
<action no="6" player="Jennav25" type="0" discard="1" dealt="1" sum="0"/>
<action no="7" player="Tetfred12" type="23" discard="1" dealt="1" sum="80"/>
<action no="8" player="oreiasccp" type="3" sum="40"/>
</round>
<round no="2"><cards type="Flop">DQ S2 H9</cards>
<action no="9" player="Tetfred12" type="5" discard="1" dealt="1" sum="120"/>
<action no="10" player="oreiasccp" type="0" sum="0"/>
</round>
</game>
<game gamecode="11536727978"><general><startdate>2025-06-27 13:25:32</startdate>
<round>1</round>
<failsafecounter/>
<players><player seat="6" name="Jennav25" chips="345" dealer="0" win="0" bet="345" muck="1" rebuy="0" addon="0" merge="0" rebuychips="0" reg_code="8392865062"/>
<player seat="10" name="Tetfred12" chips="855" dealer="1" win="0" bet="45" muck="1" rebuy="0" addon="0" merge="0" rebuychips="0" reg_code="8392865109"/>
<player seat="3" name="oreiasccp" chips="300" dealer="0" win="645" bet="300" muck="0" rebuy="0" addon="0" merge="0" rebuychips="0" reg_code="8392865012"/>
</players>
</general>
<round no="0"><action no="1" player="oreiasccp" type="15" sum="5"/>
<action no="2" player="Jennav25" type="15" discard="1" dealt="1" sum="5"/>
<action no="3" player="Tetfred12" type="15" discard="1" dealt="1" sum="5"/>
<action no="4" player="oreiasccp" type="1" sum="20"/>
<action no="5" player="Jennav25" type="2" discard="1" dealt="1" sum="40"/>
</round>
<round no="1"><cards type="Pocket" player="Tetfred12">X X</cards>
<cards type="Pocket" player="Jennav25">DK C6</cards>
<cards type="Pocket" player="oreiasccp">C7 D7</cards>
<action no="6" player="Tetfred12" type="3" discard="1" dealt="1" sum="40"/>
<action no="7" player="oreiasccp" type="23" sum="295"/>
<action no="8" player="Jennav25" type="7" discard="1" dealt="1" sum="300"/>
<action no="9" player="Tetfred12" type="0" discard="1" dealt="1" sum="0"/>
</round>
<round no="2"><cards type="Flop">DQ C2 C9</cards>
</round>
<round no="3"><cards type="Turn">CA</cards>
</round>
<round no="4"><cards type="River">D5</cards>
</round>
</game>
<game gamecode="11536728086"><general><startdate>2025-06-27 13:25:53</startdate>
<round>1</round>
<failsafecounter/>
<players><player seat="10" name="Tetfred12" chips="810" dealer="0" win="0" bet="45" muck="0" rebuy="0" addon="0" merge="0" rebuychips="0" reg_code="8392865109"/>
<player seat="3" name="oreiasccp" chips="645" dealer="1" win="0" bet="5" muck="1" rebuy="0" addon="0" merge="0" rebuychips="0" reg_code="8392865012"/>
<player seat="6" name="Jennav25" chips="45" dealer="0" win="95" bet="45" muck="0" rebuy="0" addon="0" merge="0" rebuychips="0" reg_code="8392865062"/>
</players>
</general>
<round no="0"><action no="1" player="Jennav25" type="15" discard="1" dealt="1" sum="5"/>
<action no="2" player="Tetfred12" type="15" discard="1" dealt="1" sum="5"/>
<action no="3" player="oreiasccp" type="15" sum="5"/>
<action no="4" player="Jennav25" type="1" discard="1" dealt="1" sum="20"/>
<action no="5" player="Tetfred12" type="2" discard="1" dealt="1" sum="40"/>
</round>
<round no="1"><cards type="Pocket" player="oreiasccp">SJ C5</cards>
<cards type="Pocket" player="Jennav25">CK D2</cards>
<cards type="Pocket" player="Tetfred12">D3 C2</cards>
<action no="6" player="oreiasccp" type="0" sum="0"/>
<action no="7" player="Jennav25" type="7" discard="1" dealt="1" sum="20"/>
</round>
<round no="2"><cards type="Flop">S8 HK SK</cards>
</round>
<round no="3"><cards type="Turn">D8</cards>
</round>
<round no="4"><cards type="River">H9</cards>
</round>
</game>
<game gamecode="11536728161"><general><startdate>2025-06-27 13:26:10</startdate>
<round>1</round>
<failsafecounter/>
<players><player seat="3" name="oreiasccp" chips="640" dealer="0" win="0" bet="95" muck="1" rebuy="0" addon="0" merge="0" rebuychips="0" reg_code="8392865012"/>
<player seat="6" name="Jennav25" chips="95" dealer="1" win="215" bet="95" muck="0" rebuy="0" addon="0" merge="0" rebuychips="0" reg_code="8392865062"/>
<player seat="10" name="Tetfred12" chips="765" dealer="0" win="0" bet="25" muck="1" rebuy="0" addon="0" merge="0" rebuychips="0" reg_code="8392865109"/>
</players>
</general>
<round no="0"><action no="1" player="Tetfred12" type="15" discard="1" dealt="1" sum="5"/>
<action no="2" player="oreiasccp" type="15" sum="5"/>
<action no="3" player="Jennav25" type="15" discard="1" dealt="1" sum="5"/>
<action no="4" player="Tetfred12" type="1" discard="1" dealt="1" sum="20"/>
<action no="5" player="oreiasccp" type="2" sum="40"/>
</round>
<round no="1"><cards type="Pocket" player="oreiasccp">HQ DJ</cards>
<cards type="Pocket" player="Jennav25">H7 C10</cards>
<cards type="Pocket" player="Tetfred12">X X</cards>
<action no="6" player="Jennav25" type="23" discard="1" dealt="1" sum="90"/>
<action no="7" player="Tetfred12" type="0" discard="1" dealt="1" sum="0"/>
<action no="8" player="oreiasccp" type="3" sum="50"/>
</round>
<round no="2"><cards type="Flop">D2 D7 H2</cards>
</round>
<round no="3"><cards type="Turn">C3</cards>
</round>
<round no="4"><cards type="River">C8</cards>
</round>
</game>
<game gamecode="11536728255"><general><startdate>2025-06-27 13:26:34</startdate>
<round>1</round>
<failsafecounter/>
<players><player seat="6" name="Jennav25" chips="215" dealer="0" win="75" bet="65" muck="1" rebuy="0" addon="0" merge="0" rebuychips="0" reg_code="8392865062"/>
<player seat="10" name="Tetfred12" chips="740" dealer="1" win="0" bet="5" muck="1" rebuy="0" addon="0" merge="0" rebuychips="0" reg_code="8392865109"/>
<player seat="3" name="oreiasccp" chips="545" dealer="0" win="0" bet="35" muck="1" rebuy="0" addon="0" merge="0" rebuychips="0" reg_code="8392865012"/>
</players>
</general>
<round no="0"><action no="1" player="oreiasccp" type="15" sum="5"/>
<action no="2" player="Jennav25" type="15" discard="1" dealt="1" sum="5"/>
<action no="3" player="Tetfred12" type="15" discard="1" dealt="1" sum="5"/>
<action no="4" player="oreiasccp" type="1" sum="30"/>
<action no="5" player="Jennav25" type="2" discard="1" dealt="1" sum="60"/>
</round>
<round no="1"><cards type="Pocket" player="oreiasccp">D3 S6</cards>
<cards type="Pocket" player="Tetfred12">X X</cards>
<cards type="Pocket" player="Jennav25">X X</cards>
<action no="6" player="Tetfred12" type="0" discard="1" dealt="1" sum="0"/>
<action no="7" player="oreiasccp" type="0" sum="0"/>
</round>
</game>
<game gamecode="11536728302"><general><startdate>2025-06-27 13:26:44</startdate>
<round>1</round>
<failsafecounter/>
<players><player seat="10" name="Tetfred12" chips="735" dealer="0" win="0" bet="65" muck="1" rebuy="0" addon="0" merge="0" rebuychips="0" reg_code="8392865109"/>
<player seat="3" name="oreiasccp" chips="510" dealer="1" win="165" bet="510" muck="1" rebuy="0" addon="0" merge="0" rebuychips="0" reg_code="8392865012"/>
<player seat="6" name="Jennav25" chips="255" dealer="0" win="0" bet="35" muck="1" rebuy="0" addon="0" merge="0" rebuychips="0" reg_code="8392865062"/>
</players>
</general>
<round no="0"><action no="1" player="Jennav25" type="15" discard="1" dealt="1" sum="5"/>
<action no="2" player="Tetfred12" type="15" discard="1" dealt="1" sum="5"/>
<action no="3" player="oreiasccp" type="15" sum="5"/>
<action no="4" player="Jennav25" type="1" discard="1" dealt="1" sum="30"/>
<action no="5" player="Tetfred12" type="2" discard="1" dealt="1" sum="60"/>
</round>
<round no="1"><cards type="Pocket" player="Jennav25">X X</cards>
<cards type="Pocket" player="oreiasccp">C9 C8</cards>
<cards type="Pocket" player="Tetfred12">X X</cards>
<action no="6" player="oreiasccp" type="23" sum="505"/>
<action no="7" player="Jennav25" type="0" discard="1" dealt="1" sum="0"/>
<action no="8" player="Tetfred12" type="0" discard="1" dealt="1" sum="0"/>
</round>
</game>
<game gamecode="11536728396"><general><startdate>2025-06-27 13:27:05</startdate>
<round>1</round>
<failsafecounter/>
<players><player seat="3" name="oreiasccp" chips="610" dealer="0" win="475" bet="220" muck="0" rebuy="0" addon="0" merge="0" rebuychips="0" reg_code="8392865012"/>
<player seat="6" name="Jennav25" chips="220" dealer="1" win="0" bet="220" muck="0" rebuy="0" addon="0" merge="0" rebuychips="0" reg_code="8392865062"/>
<player seat="10" name="Tetfred12" chips="670" dealer="0" win="0" bet="35" muck="1" rebuy="0" addon="0" merge="0" rebuychips="0" reg_code="8392865109"/>
</players>
</general>
<round no="0"><action no="1" player="Tetfred12" type="15" discard="1" dealt="1" sum="5"/>
<action no="2" player="oreiasccp" type="15" sum="5"/>
<action no="3" player="Jennav25" type="15" discard="1" dealt="1" sum="5"/>
<action no="4" player="Tetfred12" type="1" discard="1" dealt="1" sum="30"/>
<action no="5" player="oreiasccp" type="2" sum="60"/>
</round>
<round no="1"><cards type="Pocket" player="Jennav25">C5 CQ</cards>
<cards type="Pocket" player="oreiasccp">C6 DK</cards>
<cards type="Pocket" player="Tetfred12">X X</cards>
<action no="6" player="Jennav25" type="23" discard="1" dealt="1" sum="215"/>
<action no="7" player="Tetfred12" type="0" discard="1" dealt="1" sum="0"/>
<action no="8" player="oreiasccp" type="3" sum="155"/>
</round>
<round no="2"><cards type="Flop">S9 S7 D4</cards>
</round>
<round no="3"><cards type="Turn">H8</cards>
</round>
<round no="4"><cards type="River">HJ</cards>
</round>
</game>
<game gamecode="11536728493"><general><startdate>2025-06-27 13:27:27</startdate>
<round>1</round>
<failsafecounter/>
<players><player seat="3" name="oreiasccp" chips="865" dealer="0" win="0" bet="125" muck="1" rebuy="0" addon="0" merge="0" rebuychips="0" reg_code="8392865012"/>
<player seat="10" name="Tetfred12" chips="635" dealer="1" win="250" bet="245" muck="1" rebuy="0" addon="0" merge="0" rebuychips="0" reg_code="8392865109"/>
</players>
</general>
<round no="0"><action no="1" player="Tetfred12" type="15" discard="1" dealt="1" sum="5"/>
<action no="2" player="oreiasccp" type="15" sum="5"/>
<action no="3" player="Tetfred12" type="1" discard="1" dealt="1" sum="30"/>
<action no="4" player="oreiasccp" type="2" sum="60"/>
</round>
<round no="1"><cards type="Pocket" player="oreiasccp">C6 H7</cards>
<cards type="Pocket" player="Tetfred12">X X</cards>
<action no="5" player="Tetfred12" type="3" discard="1" dealt="1" sum="30"/>
<action no="6" player="oreiasccp" type="4" sum="0"/>
</round>
<round no="2"><cards type="Flop">D10 H10 H6</cards>
<action no="7" player="oreiasccp" type="4" sum="0"/>
<action no="8" player="Tetfred12" type="4" discard="1" dealt="1" sum="0"/>
</round>
<round no="3"><cards type="Turn">D9</cards>
<action no="9" player="oreiasccp" type="4" sum="0"/>
<action no="10" player="Tetfred12" type="4" discard="1" dealt="1" sum="0"/>
</round>
<round no="4"><cards type="River">DA</cards>
<action no="11" player="oreiasccp" type="5" sum="60"/>
<action no="12" player="Tetfred12" type="23" discard="1" dealt="1" sum="180"/>
<action no="13" player="oreiasccp" type="0" sum="0"/>
</round>
</game>
<game gamecode="11536732790"><general><startdate>2025-06-27 13:27:49</startdate>
<round>1</round>
<failsafecounter/>
<players><player seat="10" name="Tetfred12" chips="760" dealer="0" win="0" bet="65" muck="1" rebuy="0" addon="0" merge="0" rebuychips="0" reg_code="8392865109"/>
<player seat="3" name="oreiasccp" chips="740" dealer="1" win="130" bet="740" muck="1" rebuy="0" addon="0" merge="0" rebuychips="0" reg_code="8392865012"/>
</players>
</general>
<round no="0"><action no="1" player="oreiasccp" type="15" sum="5"/>
<action no="2" player="Tetfred12" type="15" discard="1" dealt="1" sum="5"/>
<action no="3" player="oreiasccp" type="1" sum="30"/>
<action no="4" player="Tetfred12" type="2" discard="1" dealt="1" sum="60"/>
</round>
<round no="1"><cards type="Pocket" player="oreiasccp">D6 SA</cards>
<cards type="Pocket" player="Tetfred12">X X</cards>
<action no="5" player="oreiasccp" type="23" sum="735"/>
<action no="6" player="Tetfred12" type="0" discard="1" dealt="1" sum="0"/>
</round>
</game>
<game gamecode="11536732828"><general><startdate>2025-06-27 13:27:56</startdate>
<round>1</round>
<failsafecounter/>
<players><player seat="3" name="oreiasccp" chips="805" dealer="0" win="70" bet="65" muck="1" rebuy="0" addon="0" merge="0" rebuychips="0" reg_code="8392865012"/>
<player seat="10" name="Tetfred12" chips="695" dealer="1" win="0" bet="35" muck="1" rebuy="0" addon="0" merge="0" rebuychips="0" reg_code="8392865109"/>
</players>
</general>
<round no="0"><action no="1" player="Tetfred12" type="15" discard="1" dealt="1" sum="5"/>
<action no="2" player="oreiasccp" type="15" sum="5"/>
<action no="3" player="Tetfred12" type="1" discard="1" dealt="1" sum="30"/>
<action no="4" player="oreiasccp" type="2" sum="60"/>
</round>
<round no="1"><cards type="Pocket" player="Tetfred12">X X</cards>
<cards type="Pocket" player="oreiasccp">SJ C6</cards>
<action no="5" player="Tetfred12" type="0" discard="1" dealt="1" sum="0"/>
</round>
</game>
<game gamecode="11536732850"><general><startdate>2025-06-27 13:28:02</startdate>
<round>1</round>
<failsafecounter/>
<players><player seat="10" name="Tetfred12" chips="660" dealer="0" win="250" bet="125" muck="0" rebuy="0" addon="0" merge="0" rebuychips="0" reg_code="8392865109"/>
<player seat="3" name="oreiasccp" chips="840" dealer="1" win="0" bet="125" muck="1" rebuy="0" addon="0" merge="0" rebuychips="0" reg_code="8392865012"/>
</players>
</general>
<round no="0"><action no="1" player="oreiasccp" type="15" sum="5"/>
<action no="2" player="Tetfred12" type="15" discard="1" dealt="1" sum="5"/>
<action no="3" player="oreiasccp" type="1" sum="30"/>
<action no="4" player="Tetfred12" type="2" discard="1" dealt="1" sum="60"/>
</round>
<round no="1"><cards type="Pocket" player="oreiasccp">H6 S4</cards>
<cards type="Pocket" player="Tetfred12">C6 SA</cards>
<action no="5" player="oreiasccp" type="3" sum="30"/>
<action no="6" player="Tetfred12" type="4" discard="1" dealt="1" sum="0"/>
</round>
<round no="2"><cards type="Flop">H8 D3 D6</cards>
<action no="7" player="Tetfred12" type="4" discard="1" dealt="1" sum="0"/>
<action no="8" player="oreiasccp" type="4" sum="0"/>
</round>
<round no="3"><cards type="Turn">DJ</cards>
<action no="9" player="Tetfred12" type="5" discard="1" dealt="1" sum="60"/>
<action no="10" player="oreiasccp" type="3" sum="60"/>
</round>
<round no="4"><cards type="River">S10</cards>
<action no="11" player="Tetfred12" type="4" discard="1" dealt="1" sum="0"/>
<action no="12" player="oreiasccp" type="4" sum="0"/>
</round>
</game>
<game gamecode="11536732931"><general><startdate>2025-06-27 13:28:20</startdate>
<round>1</round>
<failsafecounter/>
<players><player seat="3" name="oreiasccp" chips="715" dealer="0" win="70" bet="65" muck="1" rebuy="0" addon="0" merge="0" rebuychips="0" reg_code="8392865012"/>
<player seat="10" name="Tetfred12" chips="785" dealer="1" win="0" bet="35" muck="1" rebuy="0" addon="0" merge="0" rebuychips="0" reg_code="8392865109"/>
</players>
</general>
<round no="0"><action no="1" player="Tetfred12" type="15" discard="1" dealt="1" sum="5"/>
<action no="2" player="oreiasccp" type="15" sum="5"/>
<action no="3" player="Tetfred12" type="1" discard="1" dealt="1" sum="30"/>
<action no="4" player="oreiasccp" type="2" sum="60"/>
</round>
<round no="1"><cards type="Pocket" player="oreiasccp">C4 DK</cards>
<cards type="Pocket" player="Tetfred12">X X</cards>
<action no="5" player="Tetfred12" type="0" discard="1" dealt="1" sum="0"/>
</round>
</game>
<game gamecode="11536732959"><general><startdate>2025-06-27 13:28:26</startdate>
<round>1</round>
<failsafecounter/>
<players><player seat="10" name="Tetfred12" chips="750" dealer="0" win="96" bet="88" muck="1" rebuy="0" addon="0" merge="0" rebuychips="0" reg_code="8392865109"/>
<player seat="3" name="oreiasccp" chips="750" dealer="1" win="0" bet="48" muck="1" rebuy="0" addon="0" merge="0" rebuychips="0" reg_code="8392865012"/>
</players>
</general>
<round no="0"><action no="1" player="oreiasccp" type="15" sum="8"/>
<action no="2" player="Tetfred12" type="15" discard="1" dealt="1" sum="8"/>
<action no="3" player="oreiasccp" type="1" sum="40"/>
<action no="4" player="Tetfred12" type="2" discard="1" dealt="1" sum="80"/>
</round>
<round no="1"><cards type="Pocket" player="Tetfred12">X X</cards>
<cards type="Pocket" player="oreiasccp">D7 S4</cards>
<action no="5" player="oreiasccp" type="0" sum="0"/>
</round>
</game>
<game gamecode="11536732981"><general><startdate>2025-06-27 13:28:31</startdate>
<round>1</round>
<failsafecounter/>
<players><player seat="3" name="oreiasccp" chips="702" dealer="0" win="0" bet="248" muck="1" rebuy="0" addon="0" merge="0" rebuychips="0" reg_code="8392865012"/>
<player seat="10" name="Tetfred12" chips="798" dealer="1" win="496" bet="248" muck="0" rebuy="0" addon="0" merge="0" rebuychips="0" reg_code="8392865109"/>
</players>
</general>
<round no="0"><action no="1" player="Tetfred12" type="15" discard="1" dealt="1" sum="8"/>
<action no="2" player="oreiasccp" type="15" sum="8"/>
<action no="3" player="Tetfred12" type="1" discard="1" dealt="1" sum="40"/>
<action no="4" player="oreiasccp" type="2" sum="80"/>
</round>
<round no="1"><cards type="Pocket" player="oreiasccp">SQ C6</cards>
<cards type="Pocket" player="Tetfred12">CJ C8</cards>
<action no="5" player="Tetfred12" type="3" discard="1" dealt="1" sum="40"/>
<action no="6" player="oreiasccp" type="4" sum="0"/>
</round>
<round no="2"><cards type="Flop">HK SJ H6</cards>
<action no="7" player="oreiasccp" type="4" sum="0"/>
<action no="8" player="Tetfred12" type="5" discard="1" dealt="1" sum="160"/>
<action no="9" player="oreiasccp" type="3" sum="160"/>
</round>
<round no="3"><cards type="Turn">C2</cards>
<action no="10" player="oreiasccp" type="4" sum="0"/>
<action no="11" player="Tetfred12" type="4" discard="1" dealt="1" sum="0"/>
</round>
<round no="4"><cards type="River">S7</cards>
<action no="12" player="oreiasccp" type="4" sum="0"/>
<action no="13" player="Tetfred12" type="4" discard="1" dealt="1" sum="0"/>
</round>
</game>
<game gamecode="11536733104"><general><startdate>2025-06-27 13:29:01</startdate>
<round>1</round>
<failsafecounter/>
<players><player seat="10" name="Tetfred12" chips="1,046" dealer="0" win="0" bet="88" muck="1" rebuy="0" addon="0" merge="0" rebuychips="0" reg_code="8392865109"/>
<player seat="3" name="oreiasccp" chips="454" dealer="1" win="176" bet="454" muck="1" rebuy="0" addon="0" merge="0" rebuychips="0" reg_code="8392865012"/>
</players>
</general>
<round no="0"><action no="1" player="oreiasccp" type="15" sum="8"/>
<action no="2" player="Tetfred12" type="15" discard="1" dealt="1" sum="8"/>
<action no="3" player="oreiasccp" type="1" sum="40"/>
<action no="4" player="Tetfred12" type="2" discard="1" dealt="1" sum="80"/>
</round>
<round no="1"><cards type="Pocket" player="Tetfred12">X X</cards>
<cards type="Pocket" player="oreiasccp">CA S6</cards>
<action no="5" player="oreiasccp" type="23" sum="446"/>
<action no="6" player="Tetfred12" type="0" discard="1" dealt="1" sum="0"/>
</round>
</game>
<game gamecode="11536733133"><general><startdate>2025-06-27 13:29:08</startdate>
<round>1</round>
<failsafecounter/>
<players><player seat="3" name="oreiasccp" chips="542" dealer="0" win="176" bet="542" muck="1" rebuy="0" addon="0" merge="0" rebuychips="0" reg_code="8392865012"/>
<player seat="10" name="Tetfred12" chips="958" dealer="1" win="0" bet="88" muck="1" rebuy="0" addon="0" merge="0" rebuychips="0" reg_code="8392865109"/>
</players>
</general>
<round no="0"><action no="1" player="Tetfred12" type="15" discard="1" dealt="1" sum="8"/>
<action no="2" player="oreiasccp" type="15" sum="8"/>
<action no="3" player="Tetfred12" type="1" discard="1" dealt="1" sum="40"/>
<action no="4" player="oreiasccp" type="2" sum="80"/>
</round>
<round no="1"><cards type="Pocket" player="oreiasccp">D3 HA</cards>
<cards type="Pocket" player="Tetfred12">X X</cards>
<action no="5" player="Tetfred12" type="3" discard="1" dealt="1" sum="40"/>
<action no="6" player="oreiasccp" type="23" sum="534"/>
<action no="7" player="Tetfred12" type="0" discard="1" dealt="1" sum="0"/>
</round>
</game>
<game gamecode="11536733182"><general><startdate>2025-06-27 13:29:19</startdate>
<round>1</round>
<failsafecounter/>
<players><player seat="10" name="Tetfred12" chips="870" dealer="0" win="96" bet="88" muck="1" rebuy="0" addon="0" merge="0" rebuychips="0" reg_code="8392865109"/>
<player seat="3" name="oreiasccp" chips="630" dealer="1" win="0" bet="48" muck="1" rebuy="0" addon="0" merge="0" rebuychips="0" reg_code="8392865012"/>
</players>
</general>
<round no="0"><action no="1" player="oreiasccp" type="15" sum="8"/>
<action no="2" player="Tetfred12" type="15" discard="1" dealt="1" sum="8"/>
<action no="3" player="oreiasccp" type="1" sum="40"/>
<action no="4" player="Tetfred12" type="2" discard="1" dealt="1" sum="80"/>
</round>
<round no="1"><cards type="Pocket" player="oreiasccp">D3 C10</cards>
<cards type="Pocket" player="Tetfred12">X X</cards>
<action no="5" player="oreiasccp" type="0" sum="0"/>
</round>
</game>
<game gamecode="11536733202"><general><startdate>2025-06-27 13:29:24</startdate>
<round>1</round>
<failsafecounter/>
<players><player seat="3" name="oreiasccp" chips="582" dealer="0" win="96" bet="88" muck="1" rebuy="0" addon="0" merge="0" rebuychips="0" reg_code="8392865012"/>
<player seat="10" name="Tetfred12" chips="918" dealer="1" win="0" bet="48" muck="1" rebuy="0" addon="0" merge="0" rebuychips="0" reg_code="8392865109"/>
</players>
</general>
<round no="0"><action no="1" player="Tetfred12" type="15" discard="1" dealt="1" sum="8"/>
<action no="2" player="oreiasccp" type="15" sum="8"/>
<action no="3" player="Tetfred12" type="1" discard="1" dealt="1" sum="40"/>
<action no="4" player="oreiasccp" type="2" sum="80"/>
</round>
<round no="1"><cards type="Pocket" player="oreiasccp">C6 D6</cards>
<cards type="Pocket" player="Tetfred12">X X</cards>
<action no="5" player="Tetfred12" type="0" discard="1" dealt="1" sum="0"/>
</round>
</game>
<game gamecode="11536733223"><general><startdate>2025-06-27 13:29:30</startdate>
<round>1</round>
<failsafecounter/>
<players><player seat="10" name="Tetfred12" chips="870" dealer="0" win="96" bet="88" muck="1" rebuy="0" addon="0" merge="0" rebuychips="0" reg_code="8392865109"/>
<player seat="3" name="oreiasccp" chips="630" dealer="1" win="0" bet="48" muck="1" rebuy="0" addon="0" merge="0" rebuychips="0" reg_code="8392865012"/>
</players>
</general>
<round no="0"><action no="1" player="oreiasccp" type="15" sum="8"/>
<action no="2" player="Tetfred12" type="15" discard="1" dealt="1" sum="8"/>
<action no="3" player="oreiasccp" type="1" sum="40"/>
<action no="4" player="Tetfred12" type="2" discard="1" dealt="1" sum="80"/>
</round>
<round no="1"><cards type="Pocket" player="Tetfred12">X X</cards>
<cards type="Pocket" player="oreiasccp">H2 S10</cards>
<action no="5" player="oreiasccp" type="0" sum="0"/>
</round>
</game>
<game gamecode="11536733242"><general><startdate>2025-06-27 13:29:35</startdate>
<round>1</round>
<failsafecounter/>
<players><player seat="3" name="oreiasccp" chips="582" dealer="0" win="1,164" bet="582" muck="0" rebuy="0" addon="0" merge="0" rebuychips="0" reg_code="8392865012"/>
<player seat="10" name="Tetfred12" chips="918" dealer="1" win="0" bet="582" muck="1" rebuy="0" addon="0" merge="0" rebuychips="0" reg_code="8392865109"/>
</players>
</general>
<round no="0"><action no="1" player="Tetfred12" type="15" discard="1" dealt="1" sum="8"/>
<action no="2" player="oreiasccp" type="15" sum="8"/>
<action no="3" player="Tetfred12" type="1" discard="1" dealt="1" sum="40"/>
<action no="4" player="oreiasccp" type="2" sum="80"/>
</round>
<round no="1"><cards type="Pocket" player="oreiasccp">DJ D5</cards>
<cards type="Pocket" player="Tetfred12">H9 SK</cards>
<action no="5" player="Tetfred12" type="3" discard="1" dealt="1" sum="40"/>
<action no="6" player="oreiasccp" type="4" sum="0"/>
</round>
<round no="2"><cards type="Flop">HJ CK H5</cards>
<action no="7" player="oreiasccp" type="4" sum="0"/>
<action no="8" player="Tetfred12" type="4" discard="1" dealt="1" sum="0"/>
</round>
<round no="3"><cards type="Turn">C6</cards>
<action no="9" player="oreiasccp" type="4" sum="0"/>
<action no="10" player="Tetfred12" type="5" discard="1" dealt="1" sum="160"/>
<action no="11" player="oreiasccp" type="23" sum="494"/>
<action no="12" player="Tetfred12" type="3" discard="1" dealt="1" sum="334"/>
</round>
<round no="4"><cards type="River">S8</cards>
</round>
</game>
<game gamecode="11536733339"><general><startdate>2025-06-27 13:29:58</startdate>
<round>1</round>
<failsafecounter/>
<players><player seat="10" name="Tetfred12" chips="336" dealer="0" win="96" bet="88" muck="1" rebuy="0" addon="0" merge="0" rebuychips="0" reg_code="8392865109"/>
<player seat="3" name="oreiasccp" chips="1,164" dealer="1" win="0" bet="48" muck="1" rebuy="0" addon="0" merge="0" rebuychips="0" reg_code="8392865012"/>
</players>
</general>
<round no="0"><action no="1" player="oreiasccp" type="15" sum="8"/>
<action no="2" player="Tetfred12" type="15" discard="1" dealt="1" sum="8"/>
<action no="3" player="oreiasccp" type="1" sum="40"/>
<action no="4" player="Tetfred12" type="2" discard="1" dealt="1" sum="80"/>
</round>
<round no="1"><cards type="Pocket" player="oreiasccp">C3 D2</cards>
<cards type="Pocket" player="Tetfred12">X X</cards>
<action no="5" player="oreiasccp" type="0" sum="0"/>
</round>
</game>
<game gamecode="11536733361"><general><startdate>2025-06-27 13:30:04</startdate>
<round>1</round>
<failsafecounter/>
<players><player seat="3" name="oreiasccp" chips="1,116" dealer="0" win="0" bet="88" muck="1" rebuy="0" addon="0" merge="0" rebuychips="0" reg_code="8392865012"/>
<player seat="10" name="Tetfred12" chips="384" dealer="1" win="176" bet="168" muck="1" rebuy="0" addon="0" merge="0" rebuychips="0" reg_code="8392865109"/>
</players>
</general>
<round no="0"><action no="1" player="Tetfred12" type="15" discard="1" dealt="1" sum="8"/>
<action no="2" player="oreiasccp" type="15" sum="8"/>
<action no="3" player="Tetfred12" type="1" discard="1" dealt="1" sum="40"/>
<action no="4" player="oreiasccp" type="2" sum="80"/>
</round>
<round no="1"><cards type="Pocket" player="Tetfred12">X X</cards>
<cards type="Pocket" player="oreiasccp">S5 C4</cards>
<action no="5" player="Tetfred12" type="23" discard="1" dealt="1" sum="160"/>
<action no="6" player="oreiasccp" type="0" sum="0"/>
</round>
</game>
<game gamecode="11536733416"><general><startdate>2025-06-27 13:30:16</startdate>
<round>1</round>
<failsafecounter/>
<players><player seat="10" name="Tetfred12" chips="472" dealer="0" win="96" bet="88" muck="1" rebuy="0" addon="0" merge="0" rebuychips="0" reg_code="8392865109"/>
<player seat="3" name="oreiasccp" chips="1,028" dealer="1" win="0" bet="48" muck="1" rebuy="0" addon="0" merge="0" rebuychips="0" reg_code="8392865012"/>
</players>
</general>
<round no="0"><action no="1" player="oreiasccp" type="15" sum="8"/>
<action no="2" player="Tetfred12" type="15" discard="1" dealt="1" sum="8"/>
<action no="3" player="oreiasccp" type="1" sum="40"/>
<action no="4" player="Tetfred12" type="2" discard="1" dealt="1" sum="80"/>
</round>
<round no="1"><cards type="Pocket" player="Tetfred12">X X</cards>
<cards type="Pocket" player="oreiasccp">D6 S2</cards>
<action no="5" player="oreiasccp" type="0" sum="0"/>
</round>
</game>
<game gamecode="11536733437"><general><startdate>2025-06-27 13:30:22</startdate>
<round>1</round>
<failsafecounter/>
<players><player seat="3" name="oreiasccp" chips="980" dealer="0" win="176" bet="208" muck="1" rebuy="0" addon="0" merge="0" rebuychips="0" reg_code="8392865012"/>
<player seat="10" name="Tetfred12" chips="520" dealer="1" win="0" bet="88" muck="1" rebuy="0" addon="0" merge="0" rebuychips="0" reg_code="8392865109"/>
</players>
</general>
<round no="0"><action no="1" player="Tetfred12" type="15" discard="1" dealt="1" sum="8"/>
<action no="2" player="oreiasccp" type="15" sum="8"/>
<action no="3" player="Tetfred12" type="1" discard="1" dealt="1" sum="40"/>
<action no="4" player="oreiasccp" type="2" sum="80"/>
</round>
<round no="1"><cards type="Pocket" player="Tetfred12">X X</cards>
<cards type="Pocket" player="oreiasccp">HK H10</cards>
<action no="5" player="Tetfred12" type="3" discard="1" dealt="1" sum="40"/>
<action no="6" player="oreiasccp" type="23" sum="200"/>
<action no="7" player="Tetfred12" type="0" discard="1" dealt="1" sum="0"/>
</round>
</game>
<game gamecode="11536733471"><general><startdate>2025-06-27 13:30:31</startdate>
<round>1</round>
<failsafecounter/>
<players><player seat="10" name="Tetfred12" chips="432" dealer="0" win="120" bet="110" muck="1" rebuy="0" addon="0" merge="0" rebuychips="0" reg_code="8392865109"/>
<player seat="3" name="oreiasccp" chips="1,068" dealer="1" win="0" bet="60" muck="1" rebuy="0" addon="0" merge="0" rebuychips="0" reg_code="8392865012"/>
</players>
</general>
<round no="0"><action no="1" player="oreiasccp" type="15" sum="10"/>
<action no="2" player="Tetfred12" type="15" discard="1" dealt="1" sum="10"/>
<action no="3" player="oreiasccp" type="1" sum="50"/>
<action no="4" player="Tetfred12" type="2" discard="1" dealt="1" sum="100"/>
</round>
<round no="1"><cards type="Pocket" player="oreiasccp">H7 C3</cards>
<cards type="Pocket" player="Tetfred12">X X</cards>
<action no="5" player="oreiasccp" type="0" sum="0"/>
</round>
</game>
<game gamecode="11536733491"><general><startdate>2025-06-27 13:30:36</startdate>
<round>1</round>
<failsafecounter/>
<players><player seat="3" name="oreiasccp" chips="1,008" dealer="0" win="0" bet="110" muck="1" rebuy="0" addon="0" merge="0" rebuychips="0" reg_code="8392865012"/>
<player seat="10" name="Tetfred12" chips="492" dealer="1" win="220" bet="110" muck="0" rebuy="0" addon="0" merge="0" rebuychips="0" reg_code="8392865109"/>
</players>
</general>
<round no="0"><action no="1" player="Tetfred12" type="15" discard="1" dealt="1" sum="10"/>
<action no="2" player="oreiasccp" type="15" sum="10"/>
<action no="3" player="Tetfred12" type="1" discard="1" dealt="1" sum="50"/>
<action no="4" player="oreiasccp" type="2" sum="100"/>
</round>
<round no="1"><cards type="Pocket" player="Tetfred12">SQ D8</cards>
<cards type="Pocket" player="oreiasccp">D7 D10</cards>
<action no="5" player="Tetfred12" type="3" discard="1" dealt="1" sum="50"/>
<action no="6" player="oreiasccp" type="4" sum="0"/>
</round>
<round no="2"><cards type="Flop">CJ H2 CK</cards>
<action no="7" player="oreiasccp" type="4" sum="0"/>
<action no="8" player="Tetfred12" type="4" discard="1" dealt="1" sum="0"/>
</round>
<round no="3"><cards type="Turn">C5</cards>
<action no="9" player="oreiasccp" type="4" sum="0"/>
<action no="10" player="Tetfred12" type="4" discard="1" dealt="1" sum="0"/>
</round>
<round no="4"><cards type="River">C4</cards>
<action no="11" player="oreiasccp" type="4" sum="0"/>
<action no="12" player="Tetfred12" type="4" discard="1" dealt="1" sum="0"/>
</round>
</game>
<game gamecode="11536733557"><general><startdate>2025-06-27 13:30:52</startdate>
<round>1</round>
<failsafecounter/>
<players><player seat="10" name="Tetfred12" chips="602" dealer="0" win="0" bet="110" muck="1" rebuy="0" addon="0" merge="0" rebuychips="0" reg_code="8392865109"/>
<player seat="3" name="oreiasccp" chips="898" dealer="1" win="220" bet="602" muck="1" rebuy="0" addon="0" merge="0" rebuychips="0" reg_code="8392865012"/>
</players>
</general>
<round no="0"><action no="1" player="oreiasccp" type="15" sum="10"/>
<action no="2" player="Tetfred12" type="15" discard="1" dealt="1" sum="10"/>
<action no="3" player="oreiasccp" type="1" sum="50"/>
<action no="4" player="Tetfred12" type="2" discard="1" dealt="1" sum="100"/>
</round>
<round no="1"><cards type="Pocket" player="oreiasccp">HA H5</cards>
<cards type="Pocket" player="Tetfred12">X X</cards>
<action no="5" player="oreiasccp" type="23" sum="592"/>
<action no="6" player="Tetfred12" type="0" discard="1" dealt="1" sum="0"/>
</round>
</game>
<game gamecode="11536733594"><general><startdate>2025-06-27 13:31:01</startdate>
<round>1</round>
<failsafecounter/>
<players><player seat="3" name="oreiasccp" chips="1,008" dealer="0" win="220" bet="492" muck="1" rebuy="0" addon="0" merge="0" rebuychips="0" reg_code="8392865012"/>
<player seat="10" name="Tetfred12" chips="492" dealer="1" win="0" bet="110" muck="1" rebuy="0" addon="0" merge="0" rebuychips="0" reg_code="8392865109"/>
</players>
</general>
<round no="0"><action no="1" player="Tetfred12" type="15" discard="1" dealt="1" sum="10"/>
<action no="2" player="oreiasccp" type="15" sum="10"/>
<action no="3" player="Tetfred12" type="1" discard="1" dealt="1" sum="50"/>
<action no="4" player="oreiasccp" type="2" sum="100"/>
</round>
<round no="1"><cards type="Pocket" player="oreiasccp">DQ C3</cards>
<cards type="Pocket" player="Tetfred12">X X</cards>
<action no="5" player="Tetfred12" type="3" discard="1" dealt="1" sum="50"/>
<action no="6" player="oreiasccp" type="23" sum="482"/>
<action no="7" player="Tetfred12" type="0" discard="1" dealt="1" sum="0"/>
</round>
</game>
<game gamecode="11536733644"><general><startdate>2025-06-27 13:31:12</startdate>
<round>1</round>
<failsafecounter/>
<players><player seat="10" name="Tetfred12" chips="382" dealer="0" win="120" bet="110" muck="1" rebuy="0" addon="0" merge="0" rebuychips="0" reg_code="8392865109"/>
<player seat="3" name="oreiasccp" chips="1,118" dealer="1" win="0" bet="60" muck="1" rebuy="0" addon="0" merge="0" rebuychips="0" reg_code="8392865012"/>
</players>
</general>
<round no="0"><action no="1" player="oreiasccp" type="15" sum="10"/>
<action no="2" player="Tetfred12" type="15" discard="1" dealt="1" sum="10"/>
<action no="3" player="oreiasccp" type="1" sum="50"/>
<action no="4" player="Tetfred12" type="2" discard="1" dealt="1" sum="100"/>
</round>
<round no="1"><cards type="Pocket" player="Tetfred12">X X</cards>
<cards type="Pocket" player="oreiasccp">C5 H3</cards>
<action no="5" player="oreiasccp" type="0" sum="0"/>
</round>
</game>
<game gamecode="11536733664"><general><startdate>2025-06-27 13:31:17</startdate>
<round>1</round>
<failsafecounter/>
<players><player seat="3" name="oreiasccp" chips="1,058" dealer="0" win="884" bet="442" muck="0" rebuy="0" addon="0" merge="0" rebuychips="0" reg_code="8392865012"/>
<player seat="10" name="Tetfred12" chips="442" dealer="1" win="0" bet="442" muck="0" rebuy="0" addon="0" merge="0" rebuychips="0" reg_code="8392865109"/>
</players>
</general>
<round no="0"><action no="1" player="Tetfred12" type="15" discard="1" dealt="1" sum="10"/>
<action no="2" player="oreiasccp" type="15" sum="10"/>
<action no="3" player="Tetfred12" type="1" discard="1" dealt="1" sum="50"/>
<action no="4" player="oreiasccp" type="2" sum="100"/>
</round>
<round no="1"><cards type="Pocket" player="oreiasccp">D3 DQ</cards>
<cards type="Pocket" player="Tetfred12">CQ C6</cards>
<action no="5" player="Tetfred12" type="23" discard="1" dealt="1" sum="200"/>
<action no="6" player="oreiasccp" type="3" sum="100"/>
</round>
<round no="2"><cards type="Flop">S3 SQ H10</cards>
<action no="7" player="oreiasccp" type="4" sum="0"/>
<action no="8" player="Tetfred12" type="5" discard="1" dealt="1" sum="232"/>
<action no="9" player="oreiasccp" type="3" sum="232"/>
</round>
<round no="3"><cards type="Turn">HQ</cards>
</round>
<round no="4"><cards type="River">H7</cards>
</round>
</game>
</session>
