<?xml version="1.0" encoding="UTF-8"?>
<session sessioncode="8392790031">
<general>
<client_version>25.1.1.13</client_version>
<mode>real</mode>
<gametype>Holdem NL</gametype>
<tablename>Twister €5 SNG, 1128647299</tablename>
<tournamentcode>1128647298</tournamentcode>
<tournamentname>Twister €5 SNG</tournamentname>
<buyin>€0 + €0.35 + €4.65</buyin>
<totalbuyin>€5</totalbuyin>
<rewarddrawn>€10</rewarddrawn>
<tournamentcurrency>EUR</tournamentcurrency>
<currency>EUR</currency>
<nickname>oreiasccp</nickname>
<gamecount>14</gamecount>
<startdate>2025-06-27 10:08:06</startdate>
<place>3</place>
<win>€0</win>
<tablesize>3</tablesize>
</general>
<game gamecode="11536549563"><general><startdate>2025-06-27 10:08:21</startdate>
<round>1</round>
<failsafecounter/>
<players><player seat="6" name="oreiasccp" chips="500" dealer="0" win="20" bet="20" muck="1" rebuy="0" addon="0" merge="0" rebuychips="0" reg_code="8392790031"/>
<player seat="10" name="ykcul168" chips="500" dealer="1" win="0" bet="0" muck="1" rebuy="0" addon="0" merge="0" rebuychips="0" reg_code="8392790071"/>
<player seat="3" name="Humbert25" chips="500" dealer="0" win="0" bet="10" muck="1" rebuy="0" addon="0" merge="0" rebuychips="0" reg_code="8392789828"/>
</players>
</general>
<round no="0"><action no="1" player="Humbert25" type="1" discard="1" dealt="1" sum="10"/>
<action no="2" player="oreiasccp" type="2" sum="20"/>
</round>
<round no="1"><cards type="Pocket" player="ykcul168">X X</cards>
<cards type="Pocket" player="Humbert25">X X</cards>
<cards type="Pocket" player="oreiasccp">C7 S4</cards>
<action no="3" player="ykcul168" type="0" discard="1" dealt="1" sum="0"/>
<action no="4" player="Humbert25" type="0" discard="1" dealt="1" sum="0"/>
</round>
</game>
<game gamecode="11536549585"><general><startdate>2025-06-27 10:08:27</startdate>
<round>1</round>
<failsafecounter/>
<players><player seat="10" name="ykcul168" chips="500" dealer="0" win="0" bet="40" muck="1" rebuy="0" addon="0" merge="0" rebuychips="0" reg_code="8392790071"/>
<player seat="3" name="Humbert25" chips="490" dealer="1" win="90" bet="85" muck="1" rebuy="0" addon="0" merge="0" rebuychips="0" reg_code="8392789828"/>
<player seat="6" name="oreiasccp" chips="510" dealer="0" win="0" bet="10" muck="1" rebuy="0" addon="0" merge="0" rebuychips="0" reg_code="8392790031"/>
</players>
</general>
<round no="0"><action no="1" player="oreiasccp" type="1" sum="10"/>
<action no="2" player="ykcul168" type="2" discard="1" dealt="1" sum="20"/>
</round>
<round no="1"><cards type="Pocket" player="oreiasccp">HJ C3</cards>
<cards type="Pocket" player="Humbert25">X X</cards>
<cards type="Pocket" player="ykcul168">X X</cards>
<action no="3" player="Humbert25" type="23" discard="1" dealt="1" sum="40"/>
<action no="4" player="oreiasccp" type="0" sum="0"/>
<action no="5" player="ykcul168" type="3" discard="1" dealt="1" sum="20"/>
</round>
<round no="2"><cards type="Flop">S2 C7 D5</cards>
<action no="6" player="ykcul168" type="4" discard="1" dealt="1" sum="0"/>
<action no="7" player="Humbert25" type="5" discard="1" dealt="1" sum="45"/>
<action no="8" player="ykcul168" type="0" discard="1" dealt="1" sum="0"/>
</round>
</game>
<game gamecode="11536549628"><general><startdate>2025-06-27 10:08:46</startdate>
<round>1</round>
<failsafecounter/>
<players><player seat="3" name="Humbert25" chips="540" dealer="0" win="0" bet="20" muck="1" rebuy="0" addon="0" merge="0" rebuychips="0" reg_code="8392789828"/>
<player seat="6" name="oreiasccp" chips="500" dealer="1" win="0" bet="80" muck="1" rebuy="0" addon="0" merge="0" rebuychips="0" reg_code="8392790031"/>
<player seat="10" name="ykcul168" chips="460" dealer="0" win="180" bet="80" muck="0" rebuy="0" addon="0" merge="0" rebuychips="0" reg_code="8392790071"/>
</players>
</general>
<round no="0"><action no="1" player="ykcul168" type="1" discard="1" dealt="1" sum="10"/>
<action no="2" player="Humbert25" type="2" discard="1" dealt="1" sum="20"/>
</round>
<round no="1"><cards type="Pocket" player="Humbert25">X X</cards>
<cards type="Pocket" player="oreiasccp">S4 HA</cards>
<cards type="Pocket" player="ykcul168">C10 H8</cards>
<action no="3" player="oreiasccp" type="23" sum="40"/>
<action no="4" player="ykcul168" type="3" discard="1" dealt="1" sum="30"/>
<action no="5" player="Humbert25" type="0" discard="1" dealt="1" sum="0"/>
</round>
<round no="2"><cards type="Flop">H6 HQ CK</cards>
<action no="6" player="ykcul168" type="4" discard="1" dealt="1" sum="0"/>
<action no="7" player="oreiasccp" type="4" sum="0"/>
</round>
<round no="3"><cards type="Turn">H10</cards>
<action no="8" player="ykcul168" type="5" discard="1" dealt="1" sum="40"/>
<action no="9" player="oreiasccp" type="3" sum="40"/>
</round>
<round no="4"><cards type="River">D9</cards>
<action no="10" player="ykcul168" type="4" discard="1" dealt="1" sum="0"/>
<action no="11" player="oreiasccp" type="4" sum="0"/>
</round>
</game>
<game gamecode="11536549737"><general><startdate>2025-06-27 10:09:26</startdate>
<round>1</round>
<failsafecounter/>
<players><player seat="6" name="oreiasccp" chips="420" dealer="0" win="40" bet="49" muck="1" rebuy="0" addon="0" merge="0" rebuychips="0" reg_code="8392790031"/>
<player seat="10" name="ykcul168" chips="560" dealer="1" win="0" bet="0" muck="1" rebuy="0" addon="0" merge="0" rebuychips="0" reg_code="8392790071"/>
<player seat="3" name="Humbert25" chips="520" dealer="0" win="0" bet="20" muck="1" rebuy="0" addon="0" merge="0" rebuychips="0" reg_code="8392789828"/>
</players>
</general>
<round no="0"><action no="1" player="Humbert25" type="1" discard="1" dealt="1" sum="10"/>
<action no="2" player="oreiasccp" type="2" sum="20"/>
</round>
<round no="1"><cards type="Pocket" player="Humbert25">X X</cards>
<cards type="Pocket" player="oreiasccp">S7 D2</cards>
<cards type="Pocket" player="ykcul168">X X</cards>
<action no="3" player="ykcul168" type="0" discard="1" dealt="1" sum="0"/>
<action no="4" player="Humbert25" type="3" discard="1" dealt="1" sum="10"/>
<action no="5" player="oreiasccp" type="4" sum="0"/>
</round>
<round no="2"><cards type="Flop">H2 C2 C8</cards>
<action no="6" player="Humbert25" type="4" discard="1" dealt="1" sum="0"/>
<action no="7" player="oreiasccp" type="4" sum="0"/>
</round>
<round no="3"><cards type="Turn">S5</cards>
<action no="8" player="Humbert25" type="4" discard="1" dealt="1" sum="0"/>
<action no="9" player="oreiasccp" type="4" sum="0"/>
</round>
<round no="4"><cards type="River">HQ</cards>
<action no="10" player="Humbert25" type="4" discard="1" dealt="1" sum="0"/>
<action no="11" player="oreiasccp" type="5" sum="29"/>
<action no="12" player="Humbert25" type="0" discard="1" dealt="1" sum="0"/>
</round>
</game>
<game gamecode="11536549828"><general><startdate>2025-06-27 10:09:57</startdate>
<round>1</round>
<failsafecounter/>
<players><player seat="10" name="ykcul168" chips="560" dealer="0" win="20" bet="20" muck="1" rebuy="0" addon="0" merge="0" rebuychips="0" reg_code="8392790071"/>
<player seat="3" name="Humbert25" chips="500" dealer="1" win="0" bet="0" muck="1" rebuy="0" addon="0" merge="0" rebuychips="0" reg_code="8392789828"/>
<player seat="6" name="oreiasccp" chips="440" dealer="0" win="0" bet="10" muck="1" rebuy="0" addon="0" merge="0" rebuychips="0" reg_code="8392790031"/>
</players>
</general>
<round no="0"><action no="1" player="oreiasccp" type="1" sum="10"/>
<action no="2" player="ykcul168" type="2" discard="1" dealt="1" sum="20"/>
</round>
<round no="1"><cards type="Pocket" player="oreiasccp">C5 H7</cards>
<cards type="Pocket" player="Humbert25">X X</cards>
<cards type="Pocket" player="ykcul168">X X</cards>
<action no="3" player="Humbert25" type="0" discard="1" dealt="1" sum="0"/>
<action no="4" player="oreiasccp" type="0" sum="0"/>
</round>
</game>
<game gamecode="11536549854"><general><startdate>2025-06-27 10:10:06</startdate>
<round>1</round>
<failsafecounter/>
<players><player seat="3" name="Humbert25" chips="500" dealer="0" win="40" bet="20" muck="0" rebuy="0" addon="0" merge="0" rebuychips="0" reg_code="8392789828"/>
<player seat="6" name="oreiasccp" chips="430" dealer="1" win="0" bet="0" muck="1" rebuy="0" addon="0" merge="0" rebuychips="0" reg_code="8392790031"/>
<player seat="10" name="ykcul168" chips="570" dealer="0" win="0" bet="20" muck="1" rebuy="0" addon="0" merge="0" rebuychips="0" reg_code="8392790071"/>
</players>
</general>
<round no="0"><action no="1" player="ykcul168" type="1" discard="1" dealt="1" sum="10"/>
<action no="2" player="Humbert25" type="2" discard="1" dealt="1" sum="20"/>
</round>
<round no="1"><cards type="Pocket" player="ykcul168">S3 HA</cards>
<cards type="Pocket" player="Humbert25">D10 D5</cards>
<cards type="Pocket" player="oreiasccp">S9 D7</cards>
<action no="3" player="oreiasccp" type="0" sum="0"/>
<action no="4" player="ykcul168" type="3" discard="1" dealt="1" sum="10"/>
<action no="5" player="Humbert25" type="4" discard="1" dealt="1" sum="0"/>
</round>
<round no="2"><cards type="Flop">DQ H2 HQ</cards>
<action no="6" player="ykcul168" type="4" discard="1" dealt="1" sum="0"/>
<action no="7" player="Humbert25" type="4" discard="1" dealt="1" sum="0"/>
</round>
<round no="3"><cards type="Turn">C9</cards>
<action no="8" player="ykcul168" type="4" discard="1" dealt="1" sum="0"/>
<action no="9" player="Humbert25" type="4" discard="1" dealt="1" sum="0"/>
</round>
<round no="4"><cards type="River">S10</cards>
<action no="10" player="ykcul168" type="4" discard="1" dealt="1" sum="0"/>
<action no="11" player="Humbert25" type="4" discard="1" dealt="1" sum="0"/>
</round>
</game>
<game gamecode="11536549959"><general><startdate>2025-06-27 10:10:44</startdate>
<round>1</round>
<failsafecounter/>
<players><player seat="6" name="oreiasccp" chips="430" dealer="0" win="45" bet="35" muck="1" rebuy="0" addon="0" merge="0" rebuychips="0" reg_code="8392790031"/>
<player seat="10" name="ykcul168" chips="550" dealer="1" win="0" bet="5" muck="1" rebuy="0" addon="0" merge="0" rebuychips="0" reg_code="8392790071"/>
<player seat="3" name="Humbert25" chips="520" dealer="0" win="0" bet="20" muck="1" rebuy="0" addon="0" merge="0" rebuychips="0" reg_code="8392789828"/>
</players>
</general>
<round no="0"><action no="1" player="Humbert25" type="15" discard="1" dealt="1" sum="5"/>
<action no="2" player="oreiasccp" type="15" sum="5"/>
<action no="3" player="ykcul168" type="15" discard="1" dealt="1" sum="5"/>
<action no="4" player="Humbert25" type="1" discard="1" dealt="1" sum="15"/>
<action no="5" player="oreiasccp" type="2" sum="30"/>
</round>
<round no="1"><cards type="Pocket" player="oreiasccp">H6 C2</cards>
<cards type="Pocket" player="ykcul168">X X</cards>
<cards type="Pocket" player="Humbert25">X X</cards>
<action no="6" player="ykcul168" type="0" discard="1" dealt="1" sum="0"/>
<action no="7" player="Humbert25" type="0" discard="1" dealt="1" sum="0"/>
</round>
</game>
<game gamecode="11536549998"><general><startdate>2025-06-27 10:10:57</startdate>
<round>1</round>
<failsafecounter/>
<players><player seat="10" name="ykcul168" chips="545" dealer="0" win="0" bet="35" muck="1" rebuy="0" addon="0" merge="0" rebuychips="0" reg_code="8392790071"/>
<player seat="3" name="Humbert25" chips="500" dealer="1" win="90" bet="65" muck="1" rebuy="0" addon="0" merge="0" rebuychips="0" reg_code="8392789828"/>
<player seat="6" name="oreiasccp" chips="455" dealer="0" win="0" bet="20" muck="1" rebuy="0" addon="0" merge="0" rebuychips="0" reg_code="8392790031"/>
</players>
</general>
<round no="0"><action no="1" player="oreiasccp" type="15" sum="5"/>
<action no="2" player="ykcul168" type="15" discard="1" dealt="1" sum="5"/>
<action no="3" player="Humbert25" type="15" discard="1" dealt="1" sum="5"/>
<action no="4" player="oreiasccp" type="1" sum="15"/>
<action no="5" player="ykcul168" type="2" discard="1" dealt="1" sum="30"/>
</round>
<round no="1"><cards type="Pocket" player="oreiasccp">C4 S3</cards>
<cards type="Pocket" player="ykcul168">X X</cards>
<cards type="Pocket" player="Humbert25">X X</cards>
<action no="6" player="Humbert25" type="23" discard="1" dealt="1" sum="60"/>
<action no="7" player="oreiasccp" type="0" sum="0"/>
<action no="8" player="ykcul168" type="0" discard="1" dealt="1" sum="0"/>
</round>
</game>
<game gamecode="11536550031"><general><startdate>2025-06-27 10:11:08</startdate>
<round>1</round>
<failsafecounter/>
<players><player seat="3" name="Humbert25" chips="555" dealer="0" win="0" bet="35" muck="1" rebuy="0" addon="0" merge="0" rebuychips="0" reg_code="8392789828"/>
<player seat="6" name="oreiasccp" chips="435" dealer="1" win="0" bet="65" muck="1" rebuy="0" addon="0" merge="0" rebuychips="0" reg_code="8392790031"/>
<player seat="10" name="ykcul168" chips="510" dealer="0" win="165" bet="485" muck="1" rebuy="0" addon="0" merge="0" rebuychips="0" reg_code="8392790071"/>
</players>
</general>
<round no="0"><action no="1" player="ykcul168" type="15" discard="1" dealt="1" sum="5"/>
<action no="2" player="Humbert25" type="15" discard="1" dealt="1" sum="5"/>
<action no="3" player="oreiasccp" type="15" sum="5"/>
<action no="4" player="ykcul168" type="1" discard="1" dealt="1" sum="15"/>
<action no="5" player="Humbert25" type="2" discard="1" dealt="1" sum="30"/>
</round>
<round no="1"><cards type="Pocket" player="Humbert25">X X</cards>
<cards type="Pocket" player="ykcul168">X X</cards>
<cards type="Pocket" player="oreiasccp">S9 SQ</cards>
<action no="6" player="oreiasccp" type="23" sum="60"/>
<action no="7" player="ykcul168" type="23" discard="1" dealt="1" sum="480"/>
<action no="8" player="Humbert25" type="0" discard="1" dealt="1" sum="0"/>
<action no="9" player="oreiasccp" type="0" sum="0"/>
</round>
</game>
<game gamecode="11536550086"><general><startdate>2025-06-27 10:11:24</startdate>
<round>1</round>
<failsafecounter/>
<players><player seat="6" name="oreiasccp" chips="370" dealer="0" win="0" bet="35" muck="1" rebuy="0" addon="0" merge="0" rebuychips="0" reg_code="8392790031"/>
<player seat="10" name="ykcul168" chips="610" dealer="1" win="90" bet="155" muck="1" rebuy="0" addon="0" merge="0" rebuychips="0" reg_code="8392790071"/>
<player seat="3" name="Humbert25" chips="520" dealer="0" win="0" bet="20" muck="1" rebuy="0" addon="0" merge="0" rebuychips="0" reg_code="8392789828"/>
</players>
</general>
<round no="0"><action no="1" player="Humbert25" type="15" discard="1" dealt="1" sum="5"/>
<action no="2" player="oreiasccp" type="15" sum="5"/>
<action no="3" player="ykcul168" type="15" discard="1" dealt="1" sum="5"/>
<action no="4" player="Humbert25" type="1" discard="1" dealt="1" sum="15"/>
<action no="5" player="oreiasccp" type="2" sum="30"/>
</round>
<round no="1"><cards type="Pocket" player="oreiasccp">SQ DJ</cards>
<cards type="Pocket" player="Humbert25">X X</cards>
<cards type="Pocket" player="ykcul168">X X</cards>
<action no="6" player="ykcul168" type="23" discard="1" dealt="1" sum="150"/>
<action no="7" player="Humbert25" type="0" discard="1" dealt="1" sum="0"/>
<action no="8" player="oreiasccp" type="0" sum="0"/>
</round>
</game>
<game gamecode="11536550121"><general><startdate>2025-06-27 10:11:37</startdate>
<round>1</round>
<failsafecounter/>
<players><player seat="10" name="ykcul168" chips="665" dealer="0" win="45" bet="35" muck="1" rebuy="0" addon="0" merge="0" rebuychips="0" reg_code="8392790071"/>
<player seat="3" name="Humbert25" chips="500" dealer="1" win="0" bet="5" muck="1" rebuy="0" addon="0" merge="0" rebuychips="0" reg_code="8392789828"/>
<player seat="6" name="oreiasccp" chips="335" dealer="0" win="0" bet="20" muck="1" rebuy="0" addon="0" merge="0" rebuychips="0" reg_code="8392790031"/>
</players>
</general>
<round no="0"><action no="1" player="oreiasccp" type="15" sum="5"/>
<action no="2" player="ykcul168" type="15" discard="1" dealt="1" sum="5"/>
<action no="3" player="Humbert25" type="15" discard="1" dealt="1" sum="5"/>
<action no="4" player="oreiasccp" type="1" sum="15"/>
<action no="5" player="ykcul168" type="2" discard="1" dealt="1" sum="30"/>
</round>
<round no="1"><cards type="Pocket" player="Humbert25">X X</cards>
<cards type="Pocket" player="ykcul168">X X</cards>
<cards type="Pocket" player="oreiasccp">D3 H9</cards>
<action no="6" player="Humbert25" type="0" discard="1" dealt="1" sum="0"/>
<action no="7" player="oreiasccp" type="0" sum="0"/>
</round>
</game>
<game gamecode="11536550174"><general><startdate>2025-06-27 10:11:54</startdate>
<round>1</round>
<failsafecounter/>
<players><player seat="3" name="Humbert25" chips="495" dealer="0" win="45" bet="35" muck="1" rebuy="0" addon="0" merge="0" rebuychips="0" reg_code="8392789828"/>
<player seat="6" name="oreiasccp" chips="315" dealer="1" win="0" bet="5" muck="1" rebuy="0" addon="0" merge="0" rebuychips="0" reg_code="8392790031"/>
<player seat="10" name="ykcul168" chips="690" dealer="0" win="0" bet="20" muck="1" rebuy="0" addon="0" merge="0" rebuychips="0" reg_code="8392790071"/>
</players>
</general>
<round no="0"><action no="1" player="ykcul168" type="15" discard="1" dealt="1" sum="5"/>
<action no="2" player="Humbert25" type="15" discard="1" dealt="1" sum="5"/>
<action no="3" player="oreiasccp" type="15" sum="5"/>
<action no="4" player="ykcul168" type="1" discard="1" dealt="1" sum="15"/>
<action no="5" player="Humbert25" type="2" discard="1" dealt="1" sum="30"/>
</round>
<round no="1"><cards type="Pocket" player="oreiasccp">DK H2</cards>
<cards type="Pocket" player="Humbert25">X X</cards>
<cards type="Pocket" player="ykcul168">X X</cards>
<action no="6" player="oreiasccp" type="0" sum="0"/>
<action no="7" player="ykcul168" type="0" discard="1" dealt="1" sum="0"/>
</round>
</game>
<game gamecode="11536550213"><general><startdate>2025-06-27 10:12:04</startdate>
<round>1</round>
<failsafecounter/>
<players><player seat="6" name="oreiasccp" chips="310" dealer="0" win="45" bet="35" muck="1" rebuy="0" addon="0" merge="0" rebuychips="0" reg_code="8392790031"/>
<player seat="10" name="ykcul168" chips="670" dealer="1" win="0" bet="5" muck="1" rebuy="0" addon="0" merge="0" rebuychips="0" reg_code="8392790071"/>
<player seat="3" name="Humbert25" chips="520" dealer="0" win="0" bet="20" muck="1" rebuy="0" addon="0" merge="0" rebuychips="0" reg_code="8392789828"/>
</players>
</general>
<round no="0"><action no="1" player="Humbert25" type="15" discard="1" dealt="1" sum="5"/>
<action no="2" player="oreiasccp" type="15" sum="5"/>
<action no="3" player="ykcul168" type="15" discard="1" dealt="1" sum="5"/>
<action no="4" player="Humbert25" type="1" discard="1" dealt="1" sum="15"/>
<action no="5" player="oreiasccp" type="2" sum="30"/>
</round>
<round no="1"><cards type="Pocket" player="ykcul168">X X</cards>
<cards type="Pocket" player="Humbert25">X X</cards>
<cards type="Pocket" player="oreiasccp">SA CA</cards>
<action no="6" player="ykcul168" type="0" discard="1" dealt="1" sum="0"/>
<action no="7" player="Humbert25" type="0" discard="1" dealt="1" sum="0"/>
</round>
</game>
<game gamecode="11536550252"><general><startdate>2025-06-27 10:12:19</startdate>
<round>1</round>
<failsafecounter/>
<players><player seat="10" name="ykcul168" chips="665" dealer="0" win="0" bet="35" muck="1" rebuy="0" addon="0" merge="0" rebuychips="0" reg_code="8392790071"/>
<player seat="3" name="Humbert25" chips="500" dealer="1" win="705" bet="335" muck="0" rebuy="0" addon="0" merge="0" rebuychips="0" reg_code="8392789828"/>
<player seat="6" name="oreiasccp" chips="335" dealer="0" win="0" bet="335" muck="0" rebuy="0" addon="0" merge="0" rebuychips="0" reg_code="8392790031"/>
</players>
</general>
<round no="0"><action no="1" player="oreiasccp" type="15" sum="5"/>
<action no="2" player="ykcul168" type="15" discard="1" dealt="1" sum="5"/>
<action no="3" player="Humbert25" type="15" discard="1" dealt="1" sum="5"/>
<action no="4" player="oreiasccp" type="1" sum="15"/>
<action no="5" player="ykcul168" type="2" discard="1" dealt="1" sum="30"/>
</round>
<round no="1"><cards type="Pocket" player="Humbert25">HQ SA</cards>
<cards type="Pocket" player="oreiasccp">HA HJ</cards>
<cards type="Pocket" player="ykcul168">X X</cards>
<action no="6" player="Humbert25" type="23" discard="1" dealt="1" sum="60"/>
<action no="7" player="oreiasccp" type="23" sum="330"/>
<action no="8" player="ykcul168" type="0" discard="1" dealt="1" sum="0"/>
<action no="9" player="Humbert25" type="3" discard="1" dealt="1" sum="270"/>
</round>
<round no="2"><cards type="Flop">SK C4 D9</cards>
</round>
<round no="3"><cards type="Turn">DK</cards>
</round>
<round no="4"><cards type="River">H7</cards>
</round>
</game>
</session>
