<?xml version="1.0" encoding="UTF-8"?>
<session sessioncode="8393541096">
<general>
<client_version>25.1.1.13</client_version>
<mode>real</mode>
<gametype>Holdem NL</gametype>
<tablename>Twister €5 SNG, 1128750145</tablename>
<tournamentcode>1128750144</tournamentcode>
<tournamentname>Twister €5 SNG</tournamentname>
<buyin>€0 + €0.35 + €4.65</buyin>
<totalbuyin>€5</totalbuyin>
<rewarddrawn>€10</rewarddrawn>
<tournamentcurrency>EUR</tournamentcurrency>
<currency>EUR</currency>
<nickname>oreiasccp</nickname>
<gamecount>47</gamecount>
<startdate>2025-06-28 09:08:39</startdate>
<place>1</place>
<win>€10</win>
<tablesize>3</tablesize>
</general>
<game gamecode="11538597055"><general><startdate>2025-06-28 09:08:54</startdate>
<round>1</round>
<failsafecounter/>
<players><player seat="6" name="BenjaModello" chips="500" dealer="0" win="0" bet="20" muck="1" rebuy="0" addon="0" merge="0" rebuychips="0" reg_code="8393541074"/>
<player seat="10" name="oreiasccp" chips="500" dealer="1" win="50" bet="40" muck="1" rebuy="0" addon="0" merge="0" rebuychips="0" reg_code="8393541096"/>
<player seat="3" name="Skyder19" chips="500" dealer="0" win="0" bet="10" muck="1" rebuy="0" addon="0" merge="0" rebuychips="0" reg_code="8393540992"/>
</players>
</general>
<round no="0"><action no="1" player="Skyder19" type="1" discard="1" dealt="1" sum="10"/>
<action no="2" player="BenjaModello" type="2" discard="1" dealt="1" sum="20"/>
</round>
<round no="1"><cards type="Pocket" player="Skyder19">X X</cards>
<cards type="Pocket" player="BenjaModello">X X</cards>
<cards type="Pocket" player="oreiasccp">DQ HJ</cards>
<action no="3" player="oreiasccp" type="23" sum="40"/>
<action no="4" player="Skyder19" type="0" discard="1" dealt="1" sum="0"/>
<action no="5" player="BenjaModello" type="0" discard="1" dealt="1" sum="0"/>
</round>
</game>
<game gamecode="11538597100"><general><startdate>2025-06-28 09:09:07</startdate>
<round>1</round>
<failsafecounter/>
<players><player seat="10" name="oreiasccp" chips="530" dealer="0" win="0" bet="100" muck="1" rebuy="0" addon="0" merge="0" rebuychips="0" reg_code="8393541096"/>
<player seat="3" name="Skyder19" chips="490" dealer="1" win="300" bet="250" muck="1" rebuy="0" addon="0" merge="0" rebuychips="0" reg_code="8393540992"/>
<player seat="6" name="BenjaModello" chips="480" dealer="0" win="0" bet="100" muck="1" rebuy="0" addon="0" merge="0" rebuychips="0" reg_code="8393541074"/>
</players>
</general>
<round no="0"><action no="1" player="BenjaModello" type="1" discard="1" dealt="1" sum="10"/>
<action no="2" player="oreiasccp" type="2" sum="20"/>
</round>
<round no="1"><cards type="Pocket" player="oreiasccp">S7 H9</cards>
<cards type="Pocket" player="Skyder19">X X</cards>
<cards type="Pocket" player="BenjaModello">X X</cards>
<action no="3" player="Skyder19" type="23" discard="1" dealt="1" sum="40"/>
<action no="4" player="BenjaModello" type="3" discard="1" dealt="1" sum="30"/>
<action no="5" player="oreiasccp" type="3" sum="20"/>
</round>
<round no="2"><cards type="Flop">S10 C4 HJ</cards>
<action no="6" player="BenjaModello" type="4" discard="1" dealt="1" sum="0"/>
<action no="7" player="oreiasccp" type="4" sum="0"/>
<action no="8" player="Skyder19" type="5" discard="1" dealt="1" sum="60"/>
<action no="9" player="BenjaModello" type="3" discard="1" dealt="1" sum="60"/>
<action no="10" player="oreiasccp" type="3" sum="60"/>
</round>
<round no="3"><cards type="Turn">DJ</cards>
<action no="11" player="BenjaModello" type="4" discard="1" dealt="1" sum="0"/>
<action no="12" player="oreiasccp" type="4" sum="0"/>
<action no="13" player="Skyder19" type="4" discard="1" dealt="1" sum="0"/>
</round>
<round no="4"><cards type="River">D5</cards>
<action no="14" player="BenjaModello" type="4" discard="1" dealt="1" sum="0"/>
<action no="15" player="oreiasccp" type="4" sum="0"/>
<action no="16" player="Skyder19" type="5" discard="1" dealt="1" sum="150"/>
<action no="17" player="BenjaModello" type="0" discard="1" dealt="1" sum="0"/>
<action no="18" player="oreiasccp" type="0" sum="0"/>
</round>
</game>
<game gamecode="11538597247"><general><startdate>2025-06-28 09:09:51</startdate>
<round>1</round>
<failsafecounter/>
<players><player seat="3" name="Skyder19" chips="690" dealer="0" win="0" bet="20" muck="1" rebuy="0" addon="0" merge="0" rebuychips="0" reg_code="8393540992"/>
<player seat="6" name="BenjaModello" chips="380" dealer="1" win="50" bet="380" muck="1" rebuy="0" addon="0" merge="0" rebuychips="0" reg_code="8393541074"/>
<player seat="10" name="oreiasccp" chips="430" dealer="0" win="0" bet="10" muck="1" rebuy="0" addon="0" merge="0" rebuychips="0" reg_code="8393541096"/>
</players>
</general>
<round no="0"><action no="1" player="oreiasccp" type="1" sum="10"/>
<action no="2" player="Skyder19" type="2" discard="1" dealt="1" sum="20"/>
</round>
<round no="1"><cards type="Pocket" player="BenjaModello">X X</cards>
<cards type="Pocket" player="Skyder19">X X</cards>
<cards type="Pocket" player="oreiasccp">DJ H9</cards>
<action no="3" player="BenjaModello" type="23" discard="1" dealt="1" sum="380"/>
<action no="4" player="oreiasccp" type="0" sum="0"/>
<action no="5" player="Skyder19" type="0" discard="1" dealt="1" sum="0"/>
</round>
</game>
<game gamecode="11538597293"><general><startdate>2025-06-28 09:10:04</startdate>
<round>1</round>
<failsafecounter/>
<players><player seat="6" name="BenjaModello" chips="410" dealer="0" win="90" bet="410" muck="1" rebuy="0" addon="0" merge="0" rebuychips="0" reg_code="8393541074"/>
<player seat="10" name="oreiasccp" chips="420" dealer="1" win="0" bet="40" muck="1" rebuy="0" addon="0" merge="0" rebuychips="0" reg_code="8393541096"/>
<player seat="3" name="Skyder19" chips="670" dealer="0" win="0" bet="10" muck="1" rebuy="0" addon="0" merge="0" rebuychips="0" reg_code="8393540992"/>
</players>
</general>
<round no="0"><action no="1" player="Skyder19" type="1" discard="1" dealt="1" sum="10"/>
<action no="2" player="BenjaModello" type="2" discard="1" dealt="1" sum="20"/>
</round>
<round no="1"><cards type="Pocket" player="BenjaModello">X X</cards>
<cards type="Pocket" player="oreiasccp">DQ D5</cards>
<cards type="Pocket" player="Skyder19">X X</cards>
<action no="3" player="oreiasccp" type="23" sum="40"/>
<action no="4" player="Skyder19" type="0" discard="1" dealt="1" sum="0"/>
<action no="5" player="BenjaModello" type="3" discard="1" dealt="1" sum="20"/>
</round>
<round no="2"><cards type="Flop">S8 C10 S6</cards>
<action no="6" player="BenjaModello" type="5" discard="1" dealt="1" sum="370"/>
<action no="7" player="oreiasccp" type="0" sum="0"/>
</round>
</game>
<game gamecode="11538597357"><general><startdate>2025-06-28 09:10:22</startdate>
<round>1</round>
<failsafecounter/>
<players><player seat="10" name="oreiasccp" chips="380" dealer="0" win="80" bet="60" muck="1" rebuy="0" addon="0" merge="0" rebuychips="0" reg_code="8393541096"/>
<player seat="3" name="Skyder19" chips="660" dealer="1" win="0" bet="0" muck="1" rebuy="0" addon="0" merge="0" rebuychips="0" reg_code="8393540992"/>
<player seat="6" name="BenjaModello" chips="460" dealer="0" win="0" bet="40" muck="1" rebuy="0" addon="0" merge="0" rebuychips="0" reg_code="8393541074"/>
</players>
</general>
<round no="0"><action no="1" player="BenjaModello" type="1" discard="1" dealt="1" sum="10"/>
<action no="2" player="oreiasccp" type="2" sum="20"/>
</round>
<round no="1"><cards type="Pocket" player="oreiasccp">DK C2</cards>
<cards type="Pocket" player="Skyder19">X X</cards>
<cards type="Pocket" player="BenjaModello">X X</cards>
<action no="3" player="Skyder19" type="0" discard="1" dealt="1" sum="0"/>
<action no="4" player="BenjaModello" type="3" discard="1" dealt="1" sum="10"/>
<action no="5" player="oreiasccp" type="4" sum="0"/>
</round>
<round no="2"><cards type="Flop">H3 C9 H9</cards>
<action no="6" player="BenjaModello" type="4" discard="1" dealt="1" sum="0"/>
<action no="7" player="oreiasccp" type="4" sum="0"/>
</round>
<round no="3"><cards type="Turn">S9</cards>
<action no="8" player="BenjaModello" type="4" discard="1" dealt="1" sum="0"/>
<action no="9" player="oreiasccp" type="5" sum="20"/>
<action no="10" player="BenjaModello" type="3" discard="1" dealt="1" sum="20"/>
</round>
<round no="4"><cards type="River">H2</cards>
<action no="11" player="BenjaModello" type="4" discard="1" dealt="1" sum="0"/>
<action no="12" player="oreiasccp" type="5" sum="20"/>
<action no="13" player="BenjaModello" type="0" discard="1" dealt="1" sum="0"/>
</round>
</game>
<game gamecode="11538597449"><general><startdate>2025-06-28 09:10:49</startdate>
<round>1</round>
<failsafecounter/>
<players><player seat="3" name="Skyder19" chips="660" dealer="0" win="20" bet="20" muck="1" rebuy="0" addon="0" merge="0" rebuychips="0" reg_code="8393540992"/>
<player seat="6" name="BenjaModello" chips="420" dealer="1" win="0" bet="0" muck="1" rebuy="0" addon="0" merge="0" rebuychips="0" reg_code="8393541074"/>
<player seat="10" name="oreiasccp" chips="420" dealer="0" win="0" bet="10" muck="1" rebuy="0" addon="0" merge="0" rebuychips="0" reg_code="8393541096"/>
</players>
</general>
<round no="0"><action no="1" player="oreiasccp" type="1" sum="10"/>
<action no="2" player="Skyder19" type="2" discard="1" dealt="1" sum="20"/>
</round>
<round no="1"><cards type="Pocket" player="oreiasccp">H6 D10</cards>
<cards type="Pocket" player="BenjaModello">X X</cards>
<cards type="Pocket" player="Skyder19">X X</cards>
<action no="3" player="BenjaModello" type="0" discard="1" dealt="1" sum="0"/>
<action no="4" player="oreiasccp" type="0" sum="0"/>
</round>
</game>
<game gamecode="11538597478"><general><startdate>2025-06-28 09:10:55</startdate>
<round>1</round>
<failsafecounter/>
<players><player seat="6" name="BenjaModello" chips="420" dealer="0" win="0" bet="35" muck="1" rebuy="0" addon="0" merge="0" rebuychips="0" reg_code="8393541074"/>
<player seat="10" name="oreiasccp" chips="410" dealer="1" win="90" bet="410" muck="1" rebuy="0" addon="0" merge="0" rebuychips="0" reg_code="8393541096"/>
<player seat="3" name="Skyder19" chips="670" dealer="0" win="0" bet="20" muck="1" rebuy="0" addon="0" merge="0" rebuychips="0" reg_code="8393540992"/>
</players>
</general>
<round no="0"><action no="1" player="Skyder19" type="15" discard="1" dealt="1" sum="5"/>
<action no="2" player="BenjaModello" type="15" discard="1" dealt="1" sum="5"/>
<action no="3" player="oreiasccp" type="15" sum="5"/>
<action no="4" player="Skyder19" type="1" discard="1" dealt="1" sum="15"/>
<action no="5" player="BenjaModello" type="2" discard="1" dealt="1" sum="30"/>
</round>
<round no="1"><cards type="Pocket" player="BenjaModello">X X</cards>
<cards type="Pocket" player="Skyder19">X X</cards>
<cards type="Pocket" player="oreiasccp">HK DJ</cards>
<action no="6" player="oreiasccp" type="23" sum="405"/>
<action no="7" player="Skyder19" type="0" discard="1" dealt="1" sum="0"/>
<action no="8" player="BenjaModello" type="0" discard="1" dealt="1" sum="0"/>
</round>
</game>
<game gamecode="11538597522"><general><startdate>2025-06-28 09:11:09</startdate>
<round>1</round>
<failsafecounter/>
<players><player seat="10" name="oreiasccp" chips="465" dealer="0" win="0" bet="35" muck="1" rebuy="0" addon="0" merge="0" rebuychips="0" reg_code="8393541096"/>
<player seat="3" name="Skyder19" chips="650" dealer="1" win="0" bet="5" muck="1" rebuy="0" addon="0" merge="0" rebuychips="0" reg_code="8393540992"/>
<player seat="6" name="BenjaModello" chips="385" dealer="0" win="75" bet="385" muck="1" rebuy="0" addon="0" merge="0" rebuychips="0" reg_code="8393541074"/>
</players>
</general>
<round no="0"><action no="1" player="BenjaModello" type="15" discard="1" dealt="1" sum="5"/>
<action no="2" player="oreiasccp" type="15" sum="5"/>
<action no="3" player="Skyder19" type="15" discard="1" dealt="1" sum="5"/>
<action no="4" player="BenjaModello" type="1" discard="1" dealt="1" sum="15"/>
<action no="5" player="oreiasccp" type="2" sum="30"/>
</round>
<round no="1"><cards type="Pocket" player="oreiasccp">DQ H8</cards>
<cards type="Pocket" player="Skyder19">X X</cards>
<cards type="Pocket" player="BenjaModello">X X</cards>
<action no="6" player="Skyder19" type="0" discard="1" dealt="1" sum="0"/>
<action no="7" player="BenjaModello" type="23" discard="1" dealt="1" sum="380"/>
<action no="8" player="oreiasccp" type="0" sum="0"/>
</round>
</game>
<game gamecode="11538597560"><general><startdate>2025-06-28 09:11:19</startdate>
<round>1</round>
<failsafecounter/>
<players><player seat="3" name="Skyder19" chips="645" dealer="0" win="90" bet="98" muck="1" rebuy="0" addon="0" merge="0" rebuychips="0" reg_code="8393540992"/>
<player seat="6" name="BenjaModello" chips="425" dealer="1" win="0" bet="35" muck="1" rebuy="0" addon="0" merge="0" rebuychips="0" reg_code="8393541074"/>
<player seat="10" name="oreiasccp" chips="430" dealer="0" win="0" bet="20" muck="1" rebuy="0" addon="0" merge="0" rebuychips="0" reg_code="8393541096"/>
</players>
</general>
<round no="0"><action no="1" player="oreiasccp" type="15" sum="5"/>
<action no="2" player="Skyder19" type="15" discard="1" dealt="1" sum="5"/>
<action no="3" player="BenjaModello" type="15" discard="1" dealt="1" sum="5"/>
<action no="4" player="oreiasccp" type="1" sum="15"/>
<action no="5" player="Skyder19" type="2" discard="1" dealt="1" sum="30"/>
</round>
<round no="1"><cards type="Pocket" player="Skyder19">X X</cards>
<cards type="Pocket" player="oreiasccp">CJ H3</cards>
<cards type="Pocket" player="BenjaModello">X X</cards>
<action no="6" player="BenjaModello" type="3" discard="1" dealt="1" sum="30"/>
<action no="7" player="oreiasccp" type="0" sum="0"/>
<action no="8" player="Skyder19" type="4" discard="1" dealt="1" sum="0"/>
</round>
<round no="2"><cards type="Flop">H2 H6 D3</cards>
<action no="9" player="Skyder19" type="4" discard="1" dealt="1" sum="0"/>
<action no="10" player="BenjaModello" type="4" discard="1" dealt="1" sum="0"/>
</round>
<round no="3"><cards type="Turn">DA</cards>
<action no="11" player="Skyder19" type="4" discard="1" dealt="1" sum="0"/>
<action no="12" player="BenjaModello" type="4" discard="1" dealt="1" sum="0"/>
</round>
<round no="4"><cards type="River">D5</cards>
<action no="13" player="Skyder19" type="5" discard="1" dealt="1" sum="63"/>
<action no="14" player="BenjaModello" type="0" discard="1" dealt="1" sum="0"/>
</round>
</game>
<game gamecode="11538597681"><general><startdate>2025-06-28 09:11:57</startdate>
<round>1</round>
<failsafecounter/>
<players><player seat="6" name="BenjaModello" chips="390" dealer="0" win="0" bet="35" muck="1" rebuy="0" addon="0" merge="0" rebuychips="0" reg_code="8393541074"/>
<player seat="10" name="oreiasccp" chips="410" dealer="1" win="90" bet="410" muck="1" rebuy="0" addon="0" merge="0" rebuychips="0" reg_code="8393541096"/>
<player seat="3" name="Skyder19" chips="700" dealer="0" win="0" bet="20" muck="1" rebuy="0" addon="0" merge="0" rebuychips="0" reg_code="8393540992"/>
</players>
</general>
<round no="0"><action no="1" player="Skyder19" type="15" discard="1" dealt="1" sum="5"/>
<action no="2" player="BenjaModello" type="15" discard="1" dealt="1" sum="5"/>
<action no="3" player="oreiasccp" type="15" sum="5"/>
<action no="4" player="Skyder19" type="1" discard="1" dealt="1" sum="15"/>
<action no="5" player="BenjaModello" type="2" discard="1" dealt="1" sum="30"/>
</round>
<round no="1"><cards type="Pocket" player="Skyder19">X X</cards>
<cards type="Pocket" player="BenjaModello">X X</cards>
<cards type="Pocket" player="oreiasccp">S6 SA</cards>
<action no="6" player="oreiasccp" type="23" sum="405"/>
<action no="7" player="Skyder19" type="0" discard="1" dealt="1" sum="0"/>
<action no="8" player="BenjaModello" type="0" discard="1" dealt="1" sum="0"/>
</round>
</game>
<game gamecode="11538597707"><general><startdate>2025-06-28 09:12:06</startdate>
<round>1</round>
<failsafecounter/>
<players><player seat="10" name="oreiasccp" chips="465" dealer="0" win="0" bet="35" muck="1" rebuy="0" addon="0" merge="0" rebuychips="0" reg_code="8393541096"/>
<player seat="3" name="Skyder19" chips="680" dealer="1" win="0" bet="5" muck="1" rebuy="0" addon="0" merge="0" rebuychips="0" reg_code="8393540992"/>
<player seat="6" name="BenjaModello" chips="355" dealer="0" win="75" bet="72" muck="1" rebuy="0" addon="0" merge="0" rebuychips="0" reg_code="8393541074"/>
</players>
</general>
<round no="0"><action no="1" player="BenjaModello" type="15" discard="1" dealt="1" sum="5"/>
<action no="2" player="oreiasccp" type="15" sum="5"/>
<action no="3" player="Skyder19" type="15" discard="1" dealt="1" sum="5"/>
<action no="4" player="BenjaModello" type="1" discard="1" dealt="1" sum="15"/>
<action no="5" player="oreiasccp" type="2" sum="30"/>
</round>
<round no="1"><cards type="Pocket" player="oreiasccp">D8 C3</cards>
<cards type="Pocket" player="BenjaModello">X X</cards>
<cards type="Pocket" player="Skyder19">X X</cards>
<action no="6" player="Skyder19" type="0" discard="1" dealt="1" sum="0"/>
<action no="7" player="BenjaModello" type="3" discard="1" dealt="1" sum="15"/>
<action no="8" player="oreiasccp" type="4" sum="0"/>
</round>
<round no="2"><cards type="Flop">S9 D6 HJ</cards>
<action no="9" player="BenjaModello" type="4" discard="1" dealt="1" sum="0"/>
<action no="10" player="oreiasccp" type="4" sum="0"/>
</round>
<round no="3"><cards type="Turn">CA</cards>
<action no="11" player="BenjaModello" type="4" discard="1" dealt="1" sum="0"/>
<action no="12" player="oreiasccp" type="4" sum="0"/>
</round>
<round no="4"><cards type="River">D7</cards>
<action no="13" player="BenjaModello" type="5" discard="1" dealt="1" sum="37"/>
<action no="14" player="oreiasccp" type="0" sum="0"/>
</round>
</game>
<game gamecode="11538602676"><general><startdate>2025-06-28 09:12:33</startdate>
<round>1</round>
<failsafecounter/>
<players><player seat="3" name="Skyder19" chips="675" dealer="0" win="0" bet="35" muck="1" rebuy="0" addon="0" merge="0" rebuychips="0" reg_code="8393540992"/>
<player seat="6" name="BenjaModello" chips="395" dealer="1" win="0" bet="95" muck="1" rebuy="0" addon="0" merge="0" rebuychips="0" reg_code="8393541074"/>
<player seat="10" name="oreiasccp" chips="430" dealer="0" win="225" bet="140" muck="1" rebuy="0" addon="0" merge="0" rebuychips="0" reg_code="8393541096"/>
</players>
</general>
<round no="0"><action no="1" player="oreiasccp" type="15" sum="5"/>
<action no="2" player="Skyder19" type="15" discard="1" dealt="1" sum="5"/>
<action no="3" player="BenjaModello" type="15" discard="1" dealt="1" sum="5"/>
<action no="4" player="oreiasccp" type="1" sum="15"/>
<action no="5" player="Skyder19" type="2" discard="1" dealt="1" sum="30"/>
</round>
<round no="1"><cards type="Pocket" player="BenjaModello">X X</cards>
<cards type="Pocket" player="Skyder19">X X</cards>
<cards type="Pocket" player="oreiasccp">DA CA</cards>
<action no="6" player="BenjaModello" type="3" discard="1" dealt="1" sum="30"/>
<action no="7" player="oreiasccp" type="23" sum="90"/>
<action no="8" player="Skyder19" type="0" discard="1" dealt="1" sum="0"/>
<action no="9" player="BenjaModello" type="3" discard="1" dealt="1" sum="60"/>
</round>
<round no="2"><cards type="Flop">S3 S2 HJ</cards>
<action no="10" player="oreiasccp" type="5" sum="45"/>
<action no="11" player="BenjaModello" type="0" discard="1" dealt="1" sum="0"/>
</round>
</game>
<game gamecode="11538602732"><general><startdate>2025-06-28 09:12:53</startdate>
<round>1</round>
<failsafecounter/>
<players><player seat="6" name="BenjaModello" chips="300" dealer="0" win="0" bet="45" muck="1" rebuy="0" addon="0" merge="0" rebuychips="0" reg_code="8393541074"/>
<player seat="10" name="oreiasccp" chips="560" dealer="1" win="0" bet="85" muck="1" rebuy="0" addon="0" merge="0" rebuychips="0" reg_code="8393541096"/>
<player seat="3" name="Skyder19" chips="640" dealer="0" win="215" bet="640" muck="1" rebuy="0" addon="0" merge="0" rebuychips="0" reg_code="8393540992"/>
</players>
</general>
<round no="0"><action no="1" player="Skyder19" type="15" discard="1" dealt="1" sum="5"/>
<action no="2" player="BenjaModello" type="15" discard="1" dealt="1" sum="5"/>
<action no="3" player="oreiasccp" type="15" sum="5"/>
<action no="4" player="Skyder19" type="1" discard="1" dealt="1" sum="20"/>
<action no="5" player="BenjaModello" type="2" discard="1" dealt="1" sum="40"/>
</round>
<round no="1"><cards type="Pocket" player="BenjaModello">X X</cards>
<cards type="Pocket" player="Skyder19">X X</cards>
<cards type="Pocket" player="oreiasccp">H9 CK</cards>
<action no="6" player="oreiasccp" type="23" sum="80"/>
<action no="7" player="Skyder19" type="23" discard="1" dealt="1" sum="635"/>
<action no="8" player="BenjaModello" type="0" discard="1" dealt="1" sum="0"/>
<action no="9" player="oreiasccp" type="0" sum="0"/>
</round>
</game>
<game gamecode="11538602777"><general><startdate>2025-06-28 09:13:07</startdate>
<round>1</round>
<failsafecounter/>
<players><player seat="10" name="oreiasccp" chips="475" dealer="0" win="55" bet="45" muck="1" rebuy="0" addon="0" merge="0" rebuychips="0" reg_code="8393541096"/>
<player seat="3" name="Skyder19" chips="770" dealer="1" win="0" bet="5" muck="1" rebuy="0" addon="0" merge="0" rebuychips="0" reg_code="8393540992"/>
<player seat="6" name="BenjaModello" chips="255" dealer="0" win="0" bet="25" muck="1" rebuy="0" addon="0" merge="0" rebuychips="0" reg_code="8393541074"/>
</players>
</general>
<round no="0"><action no="1" player="BenjaModello" type="15" discard="1" dealt="1" sum="5"/>
<action no="2" player="oreiasccp" type="15" sum="5"/>
<action no="3" player="Skyder19" type="15" discard="1" dealt="1" sum="5"/>
<action no="4" player="BenjaModello" type="1" discard="1" dealt="1" sum="20"/>
<action no="5" player="oreiasccp" type="2" sum="40"/>
</round>
<round no="1"><cards type="Pocket" player="Skyder19">X X</cards>
<cards type="Pocket" player="oreiasccp">H6 DQ</cards>
<cards type="Pocket" player="BenjaModello">X X</cards>
<action no="6" player="Skyder19" type="0" discard="1" dealt="1" sum="0"/>
<action no="7" player="BenjaModello" type="0" discard="1" dealt="1" sum="0"/>
</round>
</game>
<game gamecode="11538602803"><general><startdate>2025-06-28 09:13:14</startdate>
<round>1</round>
<failsafecounter/>
<players><player seat="3" name="Skyder19" chips="765" dealer="0" win="0" bet="45" muck="1" rebuy="0" addon="0" merge="0" rebuychips="0" reg_code="8393540992"/>
<player seat="6" name="BenjaModello" chips="230" dealer="1" win="505" bet="230" muck="0" rebuy="0" addon="0" merge="0" rebuychips="0" reg_code="8393541074"/>
<player seat="10" name="oreiasccp" chips="505" dealer="0" win="0" bet="505" muck="1" rebuy="0" addon="0" merge="0" rebuychips="0" reg_code="8393541096"/>
</players>
</general>
<round no="0"><action no="1" player="oreiasccp" type="15" sum="5"/>
<action no="2" player="Skyder19" type="15" discard="1" dealt="1" sum="5"/>
<action no="3" player="BenjaModello" type="15" discard="1" dealt="1" sum="5"/>
<action no="4" player="oreiasccp" type="1" sum="20"/>
<action no="5" player="Skyder19" type="2" discard="1" dealt="1" sum="40"/>
</round>
<round no="1"><cards type="Pocket" player="BenjaModello">S9 CK</cards>
<cards type="Pocket" player="Skyder19">X X</cards>
<cards type="Pocket" player="oreiasccp">HA C8</cards>
<action no="6" player="BenjaModello" type="23" discard="1" dealt="1" sum="225"/>
<action no="7" player="oreiasccp" type="23" sum="500"/>
<action no="8" player="Skyder19" type="0" discard="1" dealt="1" sum="0"/>
</round>
<round no="2"><cards type="Flop">SK C9 H3</cards>
</round>
<round no="3"><cards type="Turn">HK</cards>
</round>
<round no="4"><cards type="River">H6</cards>
</round>
</game>
<game gamecode="11538602876"><general><startdate>2025-06-28 09:13:39</startdate>
<round>1</round>
<failsafecounter/>
<players><player seat="6" name="BenjaModello" chips="505" dealer="0" win="0" bet="45" muck="1" rebuy="0" addon="0" merge="0" rebuychips="0" reg_code="8393541074"/>
<player seat="10" name="oreiasccp" chips="275" dealer="1" win="595" bet="275" muck="0" rebuy="0" addon="0" merge="0" rebuychips="0" reg_code="8393541096"/>
<player seat="3" name="Skyder19" chips="720" dealer="0" win="0" bet="720" muck="1" rebuy="0" addon="0" merge="0" rebuychips="0" reg_code="8393540992"/>
</players>
</general>
<round no="0"><action no="1" player="Skyder19" type="15" discard="1" dealt="1" sum="5"/>
<action no="2" player="BenjaModello" type="15" discard="1" dealt="1" sum="5"/>
<action no="3" player="oreiasccp" type="15" sum="5"/>
<action no="4" player="Skyder19" type="1" discard="1" dealt="1" sum="20"/>
<action no="5" player="BenjaModello" type="2" discard="1" dealt="1" sum="40"/>
</round>
<round no="1"><cards type="Pocket" player="BenjaModello">X X</cards>
<cards type="Pocket" player="oreiasccp">HJ HQ</cards>
<cards type="Pocket" player="Skyder19">H7 CA</cards>
<action no="6" player="oreiasccp" type="23" sum="270"/>
<action no="7" player="Skyder19" type="23" discard="1" dealt="1" sum="715"/>
<action no="8" player="BenjaModello" type="0" discard="1" dealt="1" sum="0"/>
</round>
<round no="2"><cards type="Flop">D8 DQ S5</cards>
</round>
<round no="3"><cards type="Turn">CQ</cards>
</round>
<round no="4"><cards type="River">S7</cards>
</round>
</game>
<game gamecode="11538602963"><general><startdate>2025-06-28 09:14:07</startdate>
<round>1</round>
<failsafecounter/>
<players><player seat="10" name="oreiasccp" chips="595" dealer="0" win="0" bet="85" muck="1" rebuy="0" addon="0" merge="0" rebuychips="0" reg_code="8393541096"/>
<player seat="3" name="Skyder19" chips="445" dealer="1" win="0" bet="5" muck="1" rebuy="0" addon="0" merge="0" rebuychips="0" reg_code="8393540992"/>
<player seat="6" name="BenjaModello" chips="460" dealer="0" win="175" bet="85" muck="0" rebuy="0" addon="0" merge="0" rebuychips="0" reg_code="8393541074"/>
</players>
</general>
<round no="0"><action no="1" player="BenjaModello" type="15" discard="1" dealt="1" sum="5"/>
<action no="2" player="oreiasccp" type="15" sum="5"/>
<action no="3" player="Skyder19" type="15" discard="1" dealt="1" sum="5"/>
<action no="4" player="BenjaModello" type="1" discard="1" dealt="1" sum="20"/>
<action no="5" player="oreiasccp" type="2" sum="40"/>
</round>
<round no="1"><cards type="Pocket" player="oreiasccp">HK S5</cards>
<cards type="Pocket" player="BenjaModello">CA S6</cards>
<cards type="Pocket" player="Skyder19">X X</cards>
<action no="6" player="Skyder19" type="0" discard="1" dealt="1" sum="0"/>
<action no="7" player="BenjaModello" type="3" discard="1" dealt="1" sum="20"/>
<action no="8" player="oreiasccp" type="4" sum="0"/>
</round>
<round no="2"><cards type="Flop">S10 H8 H10</cards>
<action no="9" player="BenjaModello" type="4" discard="1" dealt="1" sum="0"/>
<action no="10" player="oreiasccp" type="4" sum="0"/>
</round>
<round no="3"><cards type="Turn">D6</cards>
<action no="11" player="BenjaModello" type="4" discard="1" dealt="1" sum="0"/>
<action no="12" player="oreiasccp" type="4" sum="0"/>
</round>
<round no="4"><cards type="River">D10</cards>
<action no="13" player="BenjaModello" type="5" discard="1" dealt="1" sum="40"/>
<action no="14" player="oreiasccp" type="3" sum="40"/>
</round>
</game>
<game gamecode="11538603069"><general><startdate>2025-06-28 09:14:41</startdate>
<round>1</round>
<failsafecounter/>
<players><player seat="3" name="Skyder19" chips="440" dealer="0" win="0" bet="45" muck="1" rebuy="0" addon="0" merge="0" rebuychips="0" reg_code="8393540992"/>
<player seat="6" name="BenjaModello" chips="550" dealer="1" win="0" bet="5" muck="1" rebuy="0" addon="0" merge="0" rebuychips="0" reg_code="8393541074"/>
<player seat="10" name="oreiasccp" chips="510" dealer="0" win="95" bet="440" muck="1" rebuy="0" addon="0" merge="0" rebuychips="0" reg_code="8393541096"/>
</players>
</general>
<round no="0"><action no="1" player="oreiasccp" type="15" sum="5"/>
<action no="2" player="Skyder19" type="15" discard="1" dealt="1" sum="5"/>
<action no="3" player="BenjaModello" type="15" discard="1" dealt="1" sum="5"/>
<action no="4" player="oreiasccp" type="1" sum="20"/>
<action no="5" player="Skyder19" type="2" discard="1" dealt="1" sum="40"/>
</round>
<round no="1"><cards type="Pocket" player="BenjaModello">X X</cards>
<cards type="Pocket" player="Skyder19">X X</cards>
<cards type="Pocket" player="oreiasccp">H10 HA</cards>
<action no="6" player="BenjaModello" type="0" discard="1" dealt="1" sum="0"/>
<action no="7" player="oreiasccp" type="23" sum="435"/>
<action no="8" player="Skyder19" type="0" discard="1" dealt="1" sum="0"/>
</round>
</game>
<game gamecode="11538603105"><general><startdate>2025-06-28 09:14:53</startdate>
<round>1</round>
<failsafecounter/>
<players><player seat="6" name="BenjaModello" chips="545" dealer="0" win="75" bet="65" muck="1" rebuy="0" addon="0" merge="0" rebuychips="0" reg_code="8393541074"/>
<player seat="10" name="oreiasccp" chips="560" dealer="1" win="0" bet="5" muck="1" rebuy="0" addon="0" merge="0" rebuychips="0" reg_code="8393541096"/>
<player seat="3" name="Skyder19" chips="395" dealer="0" win="0" bet="35" muck="1" rebuy="0" addon="0" merge="0" rebuychips="0" reg_code="8393540992"/>
</players>
</general>
<round no="0"><action no="1" player="Skyder19" type="15" discard="1" dealt="1" sum="5"/>
<action no="2" player="BenjaModello" type="15" discard="1" dealt="1" sum="5"/>
<action no="3" player="oreiasccp" type="15" sum="5"/>
<action no="4" player="Skyder19" type="1" discard="1" dealt="1" sum="30"/>
<action no="5" player="BenjaModello" type="2" discard="1" dealt="1" sum="60"/>
</round>
<round no="1"><cards type="Pocket" player="BenjaModello">X X</cards>
<cards type="Pocket" player="Skyder19">X X</cards>
<cards type="Pocket" player="oreiasccp">C9 D6</cards>
<action no="6" player="oreiasccp" type="0" sum="0"/>
<action no="7" player="Skyder19" type="0" discard="1" dealt="1" sum="0"/>
</round>
</game>
<game gamecode="11538603144"><general><startdate>2025-06-28 09:15:04</startdate>
<round>1</round>
<failsafecounter/>
<players><player seat="10" name="oreiasccp" chips="555" dealer="0" win="0" bet="65" muck="1" rebuy="0" addon="0" merge="0" rebuychips="0" reg_code="8393541096"/>
<player seat="3" name="Skyder19" chips="360" dealer="1" win="785" bet="360" muck="0" rebuy="0" addon="0" merge="0" rebuychips="0" reg_code="8393540992"/>
<player seat="6" name="BenjaModello" chips="585" dealer="0" win="0" bet="585" muck="1" rebuy="0" addon="0" merge="0" rebuychips="0" reg_code="8393541074"/>
</players>
</general>
<round no="0"><action no="1" player="BenjaModello" type="15" discard="1" dealt="1" sum="5"/>
<action no="2" player="oreiasccp" type="15" sum="5"/>
<action no="3" player="Skyder19" type="15" discard="1" dealt="1" sum="5"/>
<action no="4" player="BenjaModello" type="1" discard="1" dealt="1" sum="30"/>
<action no="5" player="oreiasccp" type="2" sum="60"/>
</round>
<round no="1"><cards type="Pocket" player="oreiasccp">S7 DJ</cards>
<cards type="Pocket" player="BenjaModello">H6 D6</cards>
<cards type="Pocket" player="Skyder19">CQ CA</cards>
<action no="6" player="Skyder19" type="23" discard="1" dealt="1" sum="355"/>
<action no="7" player="BenjaModello" type="7" discard="1" dealt="1" sum="550"/>
<action no="8" player="oreiasccp" type="0" sum="0"/>
</round>
<round no="2"><cards type="Flop">S5 C3 D8</cards>
</round>
<round no="3"><cards type="Turn">H5</cards>
</round>
<round no="4"><cards type="River">DQ</cards>
</round>
</game>
<game gamecode="11538603203"><general><startdate>2025-06-28 09:15:24</startdate>
<round>1</round>
<failsafecounter/>
<players><player seat="3" name="Skyder19" chips="785" dealer="0" win="0" bet="65" muck="1" rebuy="0" addon="0" merge="0" rebuychips="0" reg_code="8393540992"/>
<player seat="6" name="BenjaModello" chips="225" dealer="1" win="165" bet="225" muck="1" rebuy="0" addon="0" merge="0" rebuychips="0" reg_code="8393541074"/>
<player seat="10" name="oreiasccp" chips="490" dealer="0" win="0" bet="35" muck="1" rebuy="0" addon="0" merge="0" rebuychips="0" reg_code="8393541096"/>
</players>
</general>
<round no="0"><action no="1" player="oreiasccp" type="15" sum="5"/>
<action no="2" player="Skyder19" type="15" discard="1" dealt="1" sum="5"/>
<action no="3" player="BenjaModello" type="15" discard="1" dealt="1" sum="5"/>
<action no="4" player="oreiasccp" type="1" sum="30"/>
<action no="5" player="Skyder19" type="2" discard="1" dealt="1" sum="60"/>
</round>
<round no="1"><cards type="Pocket" player="BenjaModello">X X</cards>
<cards type="Pocket" player="oreiasccp">HQ D6</cards>
<cards type="Pocket" player="Skyder19">X X</cards>
<action no="6" player="BenjaModello" type="23" discard="1" dealt="1" sum="220"/>
<action no="7" player="oreiasccp" type="0" sum="0"/>
<action no="8" player="Skyder19" type="0" discard="1" dealt="1" sum="0"/>
</round>
</game>
<game gamecode="11538603256"><general><startdate>2025-06-28 09:15:45</startdate>
<round>1</round>
<failsafecounter/>
<players><player seat="6" name="BenjaModello" chips="325" dealer="0" win="0" bet="325" muck="1" rebuy="0" addon="0" merge="0" rebuychips="0" reg_code="8393541074"/>
<player seat="10" name="oreiasccp" chips="455" dealer="1" win="685" bet="455" muck="0" rebuy="0" addon="0" merge="0" rebuychips="0" reg_code="8393541096"/>
<player seat="3" name="Skyder19" chips="720" dealer="0" win="0" bet="35" muck="1" rebuy="0" addon="0" merge="0" rebuychips="0" reg_code="8393540992"/>
</players>
</general>
<round no="0"><action no="1" player="Skyder19" type="15" discard="1" dealt="1" sum="5"/>
<action no="2" player="BenjaModello" type="15" discard="1" dealt="1" sum="5"/>
<action no="3" player="oreiasccp" type="15" sum="5"/>
<action no="4" player="Skyder19" type="1" discard="1" dealt="1" sum="30"/>
<action no="5" player="BenjaModello" type="2" discard="1" dealt="1" sum="60"/>
</round>
<round no="1"><cards type="Pocket" player="BenjaModello">HK CQ</cards>
<cards type="Pocket" player="Skyder19">X X</cards>
<cards type="Pocket" player="oreiasccp">H6 D6</cards>
<action no="6" player="oreiasccp" type="23" sum="450"/>
<action no="7" player="Skyder19" type="0" discard="1" dealt="1" sum="0"/>
<action no="8" player="BenjaModello" type="7" discard="1" dealt="1" sum="260"/>
</round>
<round no="2"><cards type="Flop">D3 S5 C2</cards>
</round>
<round no="3"><cards type="Turn">HJ</cards>
</round>
<round no="4"><cards type="River">D10</cards>
</round>
</game>
<game gamecode="11538603321"><general><startdate>2025-06-28 09:16:06</startdate>
<round>1</round>
<failsafecounter/>
<players><player seat="10" name="oreiasccp" chips="815" dealer="0" win="130" bet="685" muck="1" rebuy="0" addon="0" merge="0" rebuychips="0" reg_code="8393541096"/>
<player seat="3" name="Skyder19" chips="685" dealer="1" win="0" bet="65" muck="1" rebuy="0" addon="0" merge="0" rebuychips="0" reg_code="8393540992"/>
</players>
</general>
<round no="0"><action no="1" player="Skyder19" type="15" discard="1" dealt="1" sum="5"/>
<action no="2" player="oreiasccp" type="15" sum="5"/>
<action no="3" player="Skyder19" type="1" discard="1" dealt="1" sum="30"/>
<action no="4" player="oreiasccp" type="2" sum="60"/>
</round>
<round no="1"><cards type="Pocket" player="oreiasccp">HA D4</cards>
<cards type="Pocket" player="Skyder19">X X</cards>
<action no="5" player="Skyder19" type="3" discard="1" dealt="1" sum="30"/>
<action no="6" player="oreiasccp" type="23" sum="680"/>
<action no="7" player="Skyder19" type="0" discard="1" dealt="1" sum="0"/>
</round>
</game>
<game gamecode="11538603387"><general><startdate>2025-06-28 09:16:29</startdate>
<round>1</round>
<failsafecounter/>
<players><player seat="3" name="Skyder19" chips="620" dealer="0" win="0" bet="65" muck="1" rebuy="0" addon="0" merge="0" rebuychips="0" reg_code="8393540992"/>
<player seat="10" name="oreiasccp" chips="880" dealer="1" win="130" bet="620" muck="1" rebuy="0" addon="0" merge="0" rebuychips="0" reg_code="8393541096"/>
</players>
</general>
<round no="0"><action no="1" player="oreiasccp" type="15" sum="5"/>
<action no="2" player="Skyder19" type="15" discard="1" dealt="1" sum="5"/>
<action no="3" player="oreiasccp" type="1" sum="30"/>
<action no="4" player="Skyder19" type="2" discard="1" dealt="1" sum="60"/>
</round>
<round no="1"><cards type="Pocket" player="oreiasccp">CK DA</cards>
<cards type="Pocket" player="Skyder19">X X</cards>
<action no="5" player="oreiasccp" type="23" sum="615"/>
<action no="6" player="Skyder19" type="0" discard="1" dealt="1" sum="0"/>
</round>
</game>
<game gamecode="11538603414"><general><startdate>2025-06-28 09:16:38</startdate>
<round>1</round>
<failsafecounter/>
<players><player seat="10" name="oreiasccp" chips="945" dealer="0" win="130" bet="555" muck="1" rebuy="0" addon="0" merge="0" rebuychips="0" reg_code="8393541096"/>
<player seat="3" name="Skyder19" chips="555" dealer="1" win="0" bet="65" muck="1" rebuy="0" addon="0" merge="0" rebuychips="0" reg_code="8393540992"/>
</players>
</general>
<round no="0"><action no="1" player="Skyder19" type="15" discard="1" dealt="1" sum="5"/>
<action no="2" player="oreiasccp" type="15" sum="5"/>
<action no="3" player="Skyder19" type="1" discard="1" dealt="1" sum="30"/>
<action no="4" player="oreiasccp" type="2" sum="60"/>
</round>
<round no="1"><cards type="Pocket" player="Skyder19">X X</cards>
<cards type="Pocket" player="oreiasccp">CA H6</cards>
<action no="5" player="Skyder19" type="3" discard="1" dealt="1" sum="30"/>
<action no="6" player="oreiasccp" type="23" sum="550"/>
<action no="7" player="Skyder19" type="0" discard="1" dealt="1" sum="0"/>
</round>
</game>
<game gamecode="11538603439"><general><startdate>2025-06-28 09:16:47</startdate>
<round>1</round>
<failsafecounter/>
<players><player seat="3" name="Skyder19" chips="490" dealer="0" win="0" bet="65" muck="1" rebuy="0" addon="0" merge="0" rebuychips="0" reg_code="8393540992"/>
<player seat="10" name="oreiasccp" chips="1,010" dealer="1" win="130" bet="125" muck="1" rebuy="0" addon="0" merge="0" rebuychips="0" reg_code="8393541096"/>
</players>
</general>
<round no="0"><action no="1" player="oreiasccp" type="15" sum="5"/>
<action no="2" player="Skyder19" type="15" discard="1" dealt="1" sum="5"/>
<action no="3" player="oreiasccp" type="1" sum="30"/>
<action no="4" player="Skyder19" type="2" discard="1" dealt="1" sum="60"/>
</round>
<round no="1"><cards type="Pocket" player="oreiasccp">H8 H6</cards>
<cards type="Pocket" player="Skyder19">X X</cards>
<action no="5" player="oreiasccp" type="3" sum="30"/>
<action no="6" player="Skyder19" type="4" discard="1" dealt="1" sum="0"/>
</round>
<round no="2"><cards type="Flop">HK HQ H2</cards>
<action no="7" player="Skyder19" type="4" discard="1" dealt="1" sum="0"/>
<action no="8" player="oreiasccp" type="5" sum="60"/>
<action no="9" player="Skyder19" type="0" discard="1" dealt="1" sum="0"/>
</round>
</game>
<game gamecode="11538603485"><general><startdate>2025-06-28 09:17:03</startdate>
<round>1</round>
<failsafecounter/>
<players><player seat="10" name="oreiasccp" chips="1,075" dealer="0" win="96" bet="88" muck="1" rebuy="0" addon="0" merge="0" rebuychips="0" reg_code="8393541096"/>
<player seat="3" name="Skyder19" chips="425" dealer="1" win="0" bet="48" muck="1" rebuy="0" addon="0" merge="0" rebuychips="0" reg_code="8393540992"/>
</players>
</general>
<round no="0"><action no="1" player="Skyder19" type="15" discard="1" dealt="1" sum="8"/>
<action no="2" player="oreiasccp" type="15" sum="8"/>
<action no="3" player="Skyder19" type="1" discard="1" dealt="1" sum="40"/>
<action no="4" player="oreiasccp" type="2" sum="80"/>
</round>
<round no="1"><cards type="Pocket" player="oreiasccp">S10 C8</cards>
<cards type="Pocket" player="Skyder19">X X</cards>
<action no="5" player="Skyder19" type="0" discard="1" dealt="1" sum="0"/>
</round>
</game>
<game gamecode="11538603525"><general><startdate>2025-06-28 09:17:16</startdate>
<round>1</round>
<failsafecounter/>
<players><player seat="3" name="Skyder19" chips="377" dealer="0" win="96" bet="88" muck="1" rebuy="0" addon="0" merge="0" rebuychips="0" reg_code="8393540992"/>
<player seat="10" name="oreiasccp" chips="1,123" dealer="1" win="0" bet="48" muck="1" rebuy="0" addon="0" merge="0" rebuychips="0" reg_code="8393541096"/>
</players>
</general>
<round no="0"><action no="1" player="oreiasccp" type="15" sum="8"/>
<action no="2" player="Skyder19" type="15" discard="1" dealt="1" sum="8"/>
<action no="3" player="oreiasccp" type="1" sum="40"/>
<action no="4" player="Skyder19" type="2" discard="1" dealt="1" sum="80"/>
</round>
<round no="1"><cards type="Pocket" player="oreiasccp">H6 D5</cards>
<cards type="Pocket" player="Skyder19">X X</cards>
<action no="5" player="oreiasccp" type="0" sum="0"/>
</round>
</game>
<game gamecode="11538603546"><general><startdate>2025-06-28 09:17:22</startdate>
<round>1</round>
<failsafecounter/>
<players><player seat="10" name="oreiasccp" chips="1,075" dealer="0" win="96" bet="88" muck="1" rebuy="0" addon="0" merge="0" rebuychips="0" reg_code="8393541096"/>
<player seat="3" name="Skyder19" chips="425" dealer="1" win="0" bet="48" muck="1" rebuy="0" addon="0" merge="0" rebuychips="0" reg_code="8393540992"/>
</players>
</general>
<round no="0"><action no="1" player="Skyder19" type="15" discard="1" dealt="1" sum="8"/>
<action no="2" player="oreiasccp" type="15" sum="8"/>
<action no="3" player="Skyder19" type="1" discard="1" dealt="1" sum="40"/>
<action no="4" player="oreiasccp" type="2" sum="80"/>
</round>
<round no="1"><cards type="Pocket" player="Skyder19">X X</cards>
<cards type="Pocket" player="oreiasccp">C2 HK</cards>
<action no="5" player="Skyder19" type="0" discard="1" dealt="1" sum="0"/>
</round>
</game>
<game gamecode="11538603568"><general><startdate>2025-06-28 09:17:28</startdate>
<round>1</round>
<failsafecounter/>
<players><player seat="3" name="Skyder19" chips="377" dealer="0" win="754" bet="377" muck="0" rebuy="0" addon="0" merge="0" rebuychips="0" reg_code="8393540992"/>
<player seat="10" name="oreiasccp" chips="1,123" dealer="1" win="0" bet="377" muck="1" rebuy="0" addon="0" merge="0" rebuychips="0" reg_code="8393541096"/>
</players>
</general>
<round no="0"><action no="1" player="oreiasccp" type="15" sum="8"/>
<action no="2" player="Skyder19" type="15" discard="1" dealt="1" sum="8"/>
<action no="3" player="oreiasccp" type="1" sum="40"/>
<action no="4" player="Skyder19" type="2" discard="1" dealt="1" sum="80"/>
</round>
<round no="1"><cards type="Pocket" player="oreiasccp">S6 S4</cards>
<cards type="Pocket" player="Skyder19">H7 HK</cards>
<action no="5" player="oreiasccp" type="23" sum="369"/>
<action no="6" player="Skyder19" type="7" discard="1" dealt="1" sum="289"/>
</round>
<round no="2"><cards type="Flop">S7 D6 CK</cards>
</round>
<round no="3"><cards type="Turn">SK</cards>
</round>
<round no="4"><cards type="River">CJ</cards>
</round>
</game>
<game gamecode="11538603609"><general><startdate>2025-06-28 09:17:44</startdate>
<round>1</round>
<failsafecounter/>
<players><player seat="10" name="oreiasccp" chips="746" dealer="0" win="96" bet="88" muck="1" rebuy="0" addon="0" merge="0" rebuychips="0" reg_code="8393541096"/>
<player seat="3" name="Skyder19" chips="754" dealer="1" win="0" bet="48" muck="1" rebuy="0" addon="0" merge="0" rebuychips="0" reg_code="8393540992"/>
</players>
</general>
<round no="0"><action no="1" player="Skyder19" type="15" discard="1" dealt="1" sum="8"/>
<action no="2" player="oreiasccp" type="15" sum="8"/>
<action no="3" player="Skyder19" type="1" discard="1" dealt="1" sum="40"/>
<action no="4" player="oreiasccp" type="2" sum="80"/>
</round>
<round no="1"><cards type="Pocket" player="Skyder19">X X</cards>
<cards type="Pocket" player="oreiasccp">H2 H9</cards>
<action no="5" player="Skyder19" type="0" discard="1" dealt="1" sum="0"/>
</round>
</game>
<game gamecode="11538603634"><general><startdate>2025-06-28 09:17:52</startdate>
<round>1</round>
<failsafecounter/>
<players><player seat="3" name="Skyder19" chips="706" dealer="0" win="0" bet="88" muck="1" rebuy="0" addon="0" merge="0" rebuychips="0" reg_code="8393540992"/>
<player seat="10" name="oreiasccp" chips="794" dealer="1" win="176" bet="706" muck="1" rebuy="0" addon="0" merge="0" rebuychips="0" reg_code="8393541096"/>
</players>
</general>
<round no="0"><action no="1" player="oreiasccp" type="15" sum="8"/>
<action no="2" player="Skyder19" type="15" discard="1" dealt="1" sum="8"/>
<action no="3" player="oreiasccp" type="1" sum="40"/>
<action no="4" player="Skyder19" type="2" discard="1" dealt="1" sum="80"/>
</round>
<round no="1"><cards type="Pocket" player="oreiasccp">SA H9</cards>
<cards type="Pocket" player="Skyder19">X X</cards>
<action no="5" player="oreiasccp" type="23" sum="698"/>
<action no="6" player="Skyder19" type="0" discard="1" dealt="1" sum="0"/>
</round>
</game>
<game gamecode="11538603652"><general><startdate>2025-06-28 09:18:00</startdate>
<round>1</round>
<failsafecounter/>
<players><player seat="10" name="oreiasccp" chips="882" dealer="0" win="96" bet="88" muck="1" rebuy="0" addon="0" merge="0" rebuychips="0" reg_code="8393541096"/>
<player seat="3" name="Skyder19" chips="618" dealer="1" win="0" bet="48" muck="1" rebuy="0" addon="0" merge="0" rebuychips="0" reg_code="8393540992"/>
</players>
</general>
<round no="0"><action no="1" player="Skyder19" type="15" discard="1" dealt="1" sum="8"/>
<action no="2" player="oreiasccp" type="15" sum="8"/>
<action no="3" player="Skyder19" type="1" discard="1" dealt="1" sum="40"/>
<action no="4" player="oreiasccp" type="2" sum="80"/>
</round>
<round no="1"><cards type="Pocket" player="oreiasccp">C2 C8</cards>
<cards type="Pocket" player="Skyder19">X X</cards>
<action no="5" player="Skyder19" type="0" discard="1" dealt="1" sum="0"/>
</round>
</game>
<game gamecode="11538603671"><general><startdate>2025-06-28 09:18:06</startdate>
<round>1</round>
<failsafecounter/>
<players><player seat="3" name="Skyder19" chips="570" dealer="0" win="96" bet="88" muck="1" rebuy="0" addon="0" merge="0" rebuychips="0" reg_code="8393540992"/>
<player seat="10" name="oreiasccp" chips="930" dealer="1" win="0" bet="48" muck="1" rebuy="0" addon="0" merge="0" rebuychips="0" reg_code="8393541096"/>
</players>
</general>
<round no="0"><action no="1" player="oreiasccp" type="15" sum="8"/>
<action no="2" player="Skyder19" type="15" discard="1" dealt="1" sum="8"/>
<action no="3" player="oreiasccp" type="1" sum="40"/>
<action no="4" player="Skyder19" type="2" discard="1" dealt="1" sum="80"/>
</round>
<round no="1"><cards type="Pocket" player="oreiasccp">S10 D4</cards>
<cards type="Pocket" player="Skyder19">X X</cards>
<action no="5" player="oreiasccp" type="0" sum="0"/>
</round>
</game>
<game gamecode="11538603689"><general><startdate>2025-06-28 09:18:12</startdate>
<round>1</round>
<failsafecounter/>
<players><player seat="10" name="oreiasccp" chips="882" dealer="0" win="0" bet="88" muck="1" rebuy="0" addon="0" merge="0" rebuychips="0" reg_code="8393541096"/>
<player seat="3" name="Skyder19" chips="618" dealer="1" win="176" bet="618" muck="1" rebuy="0" addon="0" merge="0" rebuychips="0" reg_code="8393540992"/>
</players>
</general>
<round no="0"><action no="1" player="Skyder19" type="15" discard="1" dealt="1" sum="8"/>
<action no="2" player="oreiasccp" type="15" sum="8"/>
<action no="3" player="Skyder19" type="1" discard="1" dealt="1" sum="40"/>
<action no="4" player="oreiasccp" type="2" sum="80"/>
</round>
<round no="1"><cards type="Pocket" player="oreiasccp">S6 HJ</cards>
<cards type="Pocket" player="Skyder19">X X</cards>
<action no="5" player="Skyder19" type="23" discard="1" dealt="1" sum="610"/>
<action no="6" player="oreiasccp" type="0" sum="0"/>
</round>
</game>
<game gamecode="11538603714"><general><startdate>2025-06-28 09:18:20</startdate>
<round>1</round>
<failsafecounter/>
<players><player seat="3" name="Skyder19" chips="706" dealer="0" win="0" bet="88" muck="1" rebuy="0" addon="0" merge="0" rebuychips="0" reg_code="8393540992"/>
<player seat="10" name="oreiasccp" chips="794" dealer="1" win="176" bet="706" muck="1" rebuy="0" addon="0" merge="0" rebuychips="0" reg_code="8393541096"/>
</players>
</general>
<round no="0"><action no="1" player="oreiasccp" type="15" sum="8"/>
<action no="2" player="Skyder19" type="15" discard="1" dealt="1" sum="8"/>
<action no="3" player="oreiasccp" type="1" sum="40"/>
<action no="4" player="Skyder19" type="2" discard="1" dealt="1" sum="80"/>
</round>
<round no="1"><cards type="Pocket" player="Skyder19">X X</cards>
<cards type="Pocket" player="oreiasccp">DQ C8</cards>
<action no="5" player="oreiasccp" type="23" sum="698"/>
<action no="6" player="Skyder19" type="0" discard="1" dealt="1" sum="0"/>
</round>
</game>
<game gamecode="11538603742"><general><startdate>2025-06-28 09:18:28</startdate>
<round>1</round>
<failsafecounter/>
<players><player seat="10" name="oreiasccp" chips="882" dealer="0" win="0" bet="88" muck="1" rebuy="0" addon="0" merge="0" rebuychips="0" reg_code="8393541096"/>
<player seat="3" name="Skyder19" chips="618" dealer="1" win="176" bet="618" muck="1" rebuy="0" addon="0" merge="0" rebuychips="0" reg_code="8393540992"/>
</players>
</general>
<round no="0"><action no="1" player="Skyder19" type="15" discard="1" dealt="1" sum="8"/>
<action no="2" player="oreiasccp" type="15" sum="8"/>
<action no="3" player="Skyder19" type="1" discard="1" dealt="1" sum="40"/>
<action no="4" player="oreiasccp" type="2" sum="80"/>
</round>
<round no="1"><cards type="Pocket" player="oreiasccp">H10 H7</cards>
<cards type="Pocket" player="Skyder19">X X</cards>
<action no="5" player="Skyder19" type="23" discard="1" dealt="1" sum="610"/>
<action no="6" player="oreiasccp" type="0" sum="0"/>
</round>
</game>
<game gamecode="11538603767"><general><startdate>2025-06-28 09:18:36</startdate>
<round>1</round>
<failsafecounter/>
<players><player seat="3" name="Skyder19" chips="706" dealer="0" win="0" bet="88" muck="1" rebuy="0" addon="0" merge="0" rebuychips="0" reg_code="8393540992"/>
<player seat="10" name="oreiasccp" chips="794" dealer="1" win="176" bet="706" muck="1" rebuy="0" addon="0" merge="0" rebuychips="0" reg_code="8393541096"/>
</players>
</general>
<round no="0"><action no="1" player="oreiasccp" type="15" sum="8"/>
<action no="2" player="Skyder19" type="15" discard="1" dealt="1" sum="8"/>
<action no="3" player="oreiasccp" type="1" sum="40"/>
<action no="4" player="Skyder19" type="2" discard="1" dealt="1" sum="80"/>
</round>
<round no="1"><cards type="Pocket" player="oreiasccp">S3 D3</cards>
<cards type="Pocket" player="Skyder19">X X</cards>
<action no="5" player="oreiasccp" type="23" sum="698"/>
<action no="6" player="Skyder19" type="0" discard="1" dealt="1" sum="0"/>
</round>
</game>
<game gamecode="11538603788"><general><startdate>2025-06-28 09:18:44</startdate>
<round>1</round>
<failsafecounter/>
<players><player seat="10" name="oreiasccp" chips="882" dealer="0" win="96" bet="88" muck="1" rebuy="0" addon="0" merge="0" rebuychips="0" reg_code="8393541096"/>
<player seat="3" name="Skyder19" chips="618" dealer="1" win="0" bet="48" muck="1" rebuy="0" addon="0" merge="0" rebuychips="0" reg_code="8393540992"/>
</players>
</general>
<round no="0"><action no="1" player="Skyder19" type="15" discard="1" dealt="1" sum="8"/>
<action no="2" player="oreiasccp" type="15" sum="8"/>
<action no="3" player="Skyder19" type="1" discard="1" dealt="1" sum="40"/>
<action no="4" player="oreiasccp" type="2" sum="80"/>
</round>
<round no="1"><cards type="Pocket" player="Skyder19">X X</cards>
<cards type="Pocket" player="oreiasccp">DQ HQ</cards>
<action no="5" player="Skyder19" type="0" discard="1" dealt="1" sum="0"/>
</round>
</game>
<game gamecode="11538603808"><general><startdate>2025-06-28 09:18:49</startdate>
<round>1</round>
<failsafecounter/>
<players><player seat="3" name="Skyder19" chips="570" dealer="0" win="0" bet="88" muck="1" rebuy="0" addon="0" merge="0" rebuychips="0" reg_code="8393540992"/>
<player seat="10" name="oreiasccp" chips="930" dealer="1" win="176" bet="570" muck="1" rebuy="0" addon="0" merge="0" rebuychips="0" reg_code="8393541096"/>
</players>
</general>
<round no="0"><action no="1" player="oreiasccp" type="15" sum="8"/>
<action no="2" player="Skyder19" type="15" discard="1" dealt="1" sum="8"/>
<action no="3" player="oreiasccp" type="1" sum="40"/>
<action no="4" player="Skyder19" type="2" discard="1" dealt="1" sum="80"/>
</round>
<round no="1"><cards type="Pocket" player="Skyder19">X X</cards>
<cards type="Pocket" player="oreiasccp">S4 D4</cards>
<action no="5" player="oreiasccp" type="23" sum="562"/>
<action no="6" player="Skyder19" type="0" discard="1" dealt="1" sum="0"/>
</round>
</game>
<game gamecode="11538603828"><general><startdate>2025-06-28 09:18:57</startdate>
<round>1</round>
<failsafecounter/>
<players><player seat="10" name="oreiasccp" chips="1,018" dealer="0" win="0" bet="110" muck="1" rebuy="0" addon="0" merge="0" rebuychips="0" reg_code="8393541096"/>
<player seat="3" name="Skyder19" chips="482" dealer="1" win="220" bet="482" muck="1" rebuy="0" addon="0" merge="0" rebuychips="0" reg_code="8393540992"/>
</players>
</general>
<round no="0"><action no="1" player="Skyder19" type="15" discard="1" dealt="1" sum="10"/>
<action no="2" player="oreiasccp" type="15" sum="10"/>
<action no="3" player="Skyder19" type="1" discard="1" dealt="1" sum="50"/>
<action no="4" player="oreiasccp" type="2" sum="100"/>
</round>
<round no="1"><cards type="Pocket" player="oreiasccp">S3 D7</cards>
<cards type="Pocket" player="Skyder19">X X</cards>
<action no="5" player="Skyder19" type="23" discard="1" dealt="1" sum="472"/>
<action no="6" player="oreiasccp" type="0" sum="0"/>
</round>
</game>
<game gamecode="11538603846"><general><startdate>2025-06-28 09:19:04</startdate>
<round>1</round>
<failsafecounter/>
<players><player seat="3" name="Skyder19" chips="592" dealer="0" win="0" bet="110" muck="1" rebuy="0" addon="0" merge="0" rebuychips="0" reg_code="8393540992"/>
<player seat="10" name="oreiasccp" chips="908" dealer="1" win="220" bet="592" muck="1" rebuy="0" addon="0" merge="0" rebuychips="0" reg_code="8393541096"/>
</players>
</general>
<round no="0"><action no="1" player="oreiasccp" type="15" sum="10"/>
<action no="2" player="Skyder19" type="15" discard="1" dealt="1" sum="10"/>
<action no="3" player="oreiasccp" type="1" sum="50"/>
<action no="4" player="Skyder19" type="2" discard="1" dealt="1" sum="100"/>
</round>
<round no="1"><cards type="Pocket" player="Skyder19">X X</cards>
<cards type="Pocket" player="oreiasccp">HK S10</cards>
<action no="5" player="oreiasccp" type="23" sum="582"/>
<action no="6" player="Skyder19" type="0" discard="1" dealt="1" sum="0"/>
</round>
</game>
<game gamecode="11538603876"><general><startdate>2025-06-28 09:19:12</startdate>
<round>1</round>
<failsafecounter/>
<players><player seat="10" name="oreiasccp" chips="1,018" dealer="0" win="0" bet="482" muck="1" rebuy="0" addon="0" merge="0" rebuychips="0" reg_code="8393541096"/>
<player seat="3" name="Skyder19" chips="482" dealer="1" win="964" bet="482" muck="0" rebuy="0" addon="0" merge="0" rebuychips="0" reg_code="8393540992"/>
</players>
</general>
<round no="0"><action no="1" player="Skyder19" type="15" discard="1" dealt="1" sum="10"/>
<action no="2" player="oreiasccp" type="15" sum="10"/>
<action no="3" player="Skyder19" type="1" discard="1" dealt="1" sum="50"/>
<action no="4" player="oreiasccp" type="2" sum="100"/>
</round>
<round no="1"><cards type="Pocket" player="oreiasccp">D6 SK</cards>
<cards type="Pocket" player="Skyder19">CQ D8</cards>
<action no="5" player="Skyder19" type="23" discard="1" dealt="1" sum="472"/>
<action no="6" player="oreiasccp" type="3" sum="372"/>
</round>
<round no="2"><cards type="Flop">DJ D3 SQ</cards>
</round>
<round no="3"><cards type="Turn">H9</cards>
</round>
<round no="4"><cards type="River">H3</cards>
</round>
</game>
<game gamecode="11538603929"><general><startdate>2025-06-28 09:19:28</startdate>
<round>1</round>
<failsafecounter/>
<players><player seat="3" name="Skyder19" chips="964" dealer="0" win="0" bet="210" muck="1" rebuy="0" addon="0" merge="0" rebuychips="0" reg_code="8393540992"/>
<player seat="10" name="oreiasccp" chips="536" dealer="1" win="420" bet="536" muck="1" rebuy="0" addon="0" merge="0" rebuychips="0" reg_code="8393541096"/>
</players>
</general>
<round no="0"><action no="1" player="oreiasccp" type="15" sum="10"/>
<action no="2" player="Skyder19" type="15" discard="1" dealt="1" sum="10"/>
<action no="3" player="oreiasccp" type="1" sum="50"/>
<action no="4" player="Skyder19" type="2" discard="1" dealt="1" sum="100"/>
</round>
<round no="1"><cards type="Pocket" player="Skyder19">X X</cards>
<cards type="Pocket" player="oreiasccp">HQ DQ</cards>
<action no="5" player="oreiasccp" type="3" sum="50"/>
<action no="6" player="Skyder19" type="4" discard="1" dealt="1" sum="0"/>
</round>
<round no="2"><cards type="Flop">S9 H4 H6</cards>
<action no="7" player="Skyder19" type="4" discard="1" dealt="1" sum="0"/>
<action no="8" player="oreiasccp" type="5" sum="100"/>
<action no="9" player="Skyder19" type="3" discard="1" dealt="1" sum="100"/>
</round>
<round no="3"><cards type="Turn">D9</cards>
<action no="10" player="Skyder19" type="4" discard="1" dealt="1" sum="0"/>
<action no="11" player="oreiasccp" type="5" sum="326"/>
<action no="12" player="Skyder19" type="0" discard="1" dealt="1" sum="0"/>
</round>
</game>
<game gamecode="11538603998"><general><startdate>2025-06-28 09:19:50</startdate>
<round>1</round>
<failsafecounter/>
<players><player seat="10" name="oreiasccp" chips="746" dealer="0" win="0" bet="110" muck="1" rebuy="0" addon="0" merge="0" rebuychips="0" reg_code="8393541096"/>
<player seat="3" name="Skyder19" chips="754" dealer="1" win="220" bet="754" muck="1" rebuy="0" addon="0" merge="0" rebuychips="0" reg_code="8393540992"/>
</players>
</general>
<round no="0"><action no="1" player="Skyder19" type="15" discard="1" dealt="1" sum="10"/>
<action no="2" player="oreiasccp" type="15" sum="10"/>
<action no="3" player="Skyder19" type="1" discard="1" dealt="1" sum="50"/>
<action no="4" player="oreiasccp" type="2" sum="100"/>
</round>
<round no="1"><cards type="Pocket" player="oreiasccp">CK D4</cards>
<cards type="Pocket" player="Skyder19">X X</cards>
<action no="5" player="Skyder19" type="23" discard="1" dealt="1" sum="744"/>
<action no="6" player="oreiasccp" type="0" sum="0"/>
</round>
</game>
<game gamecode="11538604042"><general><startdate>2025-06-28 09:20:03</startdate>
<round>1</round>
<failsafecounter/>
<players><player seat="3" name="Skyder19" chips="864" dealer="0" win="0" bet="210" muck="1" rebuy="0" addon="0" merge="0" rebuychips="0" reg_code="8393540992"/>
<player seat="10" name="oreiasccp" chips="636" dealer="1" win="420" bet="636" muck="1" rebuy="0" addon="0" merge="0" rebuychips="0" reg_code="8393541096"/>
</players>
</general>
<round no="0"><action no="1" player="oreiasccp" type="15" sum="10"/>
<action no="2" player="Skyder19" type="15" discard="1" dealt="1" sum="10"/>
<action no="3" player="oreiasccp" type="1" sum="50"/>
<action no="4" player="Skyder19" type="2" discard="1" dealt="1" sum="100"/>
</round>
<round no="1"><cards type="Pocket" player="Skyder19">X X</cards>
<cards type="Pocket" player="oreiasccp">H7 D9</cards>
<action no="5" player="oreiasccp" type="3" sum="50"/>
<action no="6" player="Skyder19" type="4" discard="1" dealt="1" sum="0"/>
</round>
<round no="2"><cards type="Flop">S3 S8 DQ</cards>
<action no="7" player="Skyder19" type="4" discard="1" dealt="1" sum="0"/>
<action no="8" player="oreiasccp" type="5" sum="100"/>
<action no="9" player="Skyder19" type="3" discard="1" dealt="1" sum="100"/>
</round>
<round no="3"><cards type="Turn">HA</cards>
<action no="10" player="Skyder19" type="4" discard="1" dealt="1" sum="0"/>
<action no="11" player="oreiasccp" type="4" sum="0"/>
</round>
<round no="4"><cards type="River">S10</cards>
<action no="12" player="Skyder19" type="4" discard="1" dealt="1" sum="0"/>
<action no="13" player="oreiasccp" type="5" sum="426"/>
<action no="14" player="Skyder19" type="0" discard="1" dealt="1" sum="0"/>
</round>
</game>
<game gamecode="11538604141"><general><startdate>2025-06-28 09:20:34</startdate>
<round>1</round>
<failsafecounter/>
<players><player seat="10" name="oreiasccp" chips="846" dealer="0" win="1,308" bet="654" muck="0" rebuy="0" addon="0" merge="0" rebuychips="0" reg_code="8393541096"/>
<player seat="3" name="Skyder19" chips="654" dealer="1" win="0" bet="654" muck="0" rebuy="0" addon="0" merge="0" rebuychips="0" reg_code="8393540992"/>
</players>
</general>
<round no="0"><action no="1" player="Skyder19" type="15" discard="1" dealt="1" sum="10"/>
<action no="2" player="oreiasccp" type="15" sum="10"/>
<action no="3" player="Skyder19" type="1" discard="1" dealt="1" sum="50"/>
<action no="4" player="oreiasccp" type="2" sum="100"/>
</round>
<round no="1"><cards type="Pocket" player="Skyder19">H5 H7</cards>
<cards type="Pocket" player="oreiasccp">CJ CQ</cards>
<action no="5" player="Skyder19" type="23" discard="1" dealt="1" sum="644"/>
<action no="6" player="oreiasccp" type="3" sum="544"/>
</round>
<round no="2"><cards type="Flop">CK D10 H2</cards>
</round>
<round no="3"><cards type="Turn">DJ</cards>
</round>
<round no="4"><cards type="River">H8</cards>
</round>
</game>
</session>
