<?xml version="1.0" encoding="UTF-8"?>
<session sessioncode="8393533688">
<general>
<client_version>25.1.1.13</client_version>
<mode>real</mode>
<gametype>Holdem NL</gametype>
<tablename>Twister €5 SNG, 1128749055</tablename>
<tournamentcode>1128749054</tournamentcode>
<tournamentname>Twister €5 SNG</tournamentname>
<buyin>€0 + €0.35 + €4.65</buyin>
<totalbuyin>€5</totalbuyin>
<rewarddrawn>€40</rewarddrawn>
<tournamentcurrency>EUR</tournamentcurrency>
<currency>EUR</currency>
<nickname>oreiasccp</nickname>
<gamecount>40</gamecount>
<startdate>2025-06-28 08:42:12</startdate>
<place>1</place>
<win>€40</win>
<tablesize>3</tablesize>
</general>
<game gamecode="11538578375"><general><startdate>2025-06-28 08:42:28</startdate>
<round>1</round>
<failsafecounter/>
<players><player seat="10" name="oreiasccp" chips="500" dealer="0" win="0" bet="320" muck="0" rebuy="0" addon="0" merge="0" rebuychips="0" reg_code="8393533688"/>
<player seat="3" name="ilyaxr4" chips="500" dealer="1" win="0" bet="0" muck="1" rebuy="0" addon="0" merge="0" rebuychips="0" reg_code="8393533566"/>
<player seat="6" name="sineax6" chips="500" dealer="0" win="640" bet="320" muck="0" rebuy="0" addon="0" merge="0" rebuychips="0" reg_code="8393533644"/>
</players>
</general>
<round no="0"><action no="1" player="sineax6" type="1" discard="1" dealt="1" sum="10"/>
<action no="2" player="oreiasccp" type="2" sum="20"/>
</round>
<round no="1"><cards type="Pocket" player="ilyaxr4">X X</cards>
<cards type="Pocket" player="sineax6">D6 D8</cards>
<cards type="Pocket" player="oreiasccp">SQ CK</cards>
<action no="3" player="ilyaxr4" type="0" discard="1" dealt="1" sum="0"/>
<action no="4" player="sineax6" type="23" discard="1" dealt="1" sum="40"/>
<action no="5" player="oreiasccp" type="3" sum="20"/>
</round>
<round no="2"><cards type="Flop">S8 SK C4</cards>
<action no="6" player="sineax6" type="5" discard="1" dealt="1" sum="40"/>
<action no="7" player="oreiasccp" type="3" sum="40"/>
</round>
<round no="3"><cards type="Turn">H8</cards>
<action no="8" player="sineax6" type="5" discard="1" dealt="1" sum="80"/>
<action no="9" player="oreiasccp" type="3" sum="80"/>
</round>
<round no="4"><cards type="River">S3</cards>
<action no="10" player="sineax6" type="4" discard="1" dealt="1" sum="0"/>
<action no="11" player="oreiasccp" type="5" sum="160"/>
<action no="12" player="sineax6" type="3" discard="1" dealt="1" sum="160"/>
</round>
</game>
<game gamecode="11538578513"><general><startdate>2025-06-28 08:43:10</startdate>
<round>1</round>
<failsafecounter/>
<players><player seat="3" name="ilyaxr4" chips="500" dealer="0" win="0" bet="20" muck="1" rebuy="0" addon="0" merge="0" rebuychips="0" reg_code="8393533566"/>
<player seat="6" name="sineax6" chips="820" dealer="1" win="0" bet="20" muck="1" rebuy="0" addon="0" merge="0" rebuychips="0" reg_code="8393533644"/>
<player seat="10" name="oreiasccp" chips="180" dealer="0" win="60" bet="180" muck="1" rebuy="0" addon="0" merge="0" rebuychips="0" reg_code="8393533688"/>
</players>
</general>
<round no="0"><action no="1" player="oreiasccp" type="1" sum="10"/>
<action no="2" player="ilyaxr4" type="2" discard="1" dealt="1" sum="20"/>
</round>
<round no="1"><cards type="Pocket" player="oreiasccp">H8 DA</cards>
<cards type="Pocket" player="sineax6">X X</cards>
<cards type="Pocket" player="ilyaxr4">X X</cards>
<action no="3" player="sineax6" type="3" discard="1" dealt="1" sum="20"/>
<action no="4" player="oreiasccp" type="23" sum="180"/>
<action no="5" player="ilyaxr4" type="0" discard="1" dealt="1" sum="0"/>
<action no="6" player="sineax6" type="0" discard="1" dealt="1" sum="0"/>
</round>
</game>
<game gamecode="11538578554"><general><startdate>2025-06-28 08:43:21</startdate>
<round>1</round>
<failsafecounter/>
<players><player seat="6" name="sineax6" chips="800" dealer="0" win="160" bet="160" muck="1" rebuy="0" addon="0" merge="0" rebuychips="0" reg_code="8393533644"/>
<player seat="10" name="oreiasccp" chips="220" dealer="1" win="0" bet="0" muck="1" rebuy="0" addon="0" merge="0" rebuychips="0" reg_code="8393533688"/>
<player seat="3" name="ilyaxr4" chips="480" dealer="0" win="0" bet="80" muck="1" rebuy="0" addon="0" merge="0" rebuychips="0" reg_code="8393533566"/>
</players>
</general>
<round no="0"><action no="1" player="ilyaxr4" type="1" discard="1" dealt="1" sum="10"/>
<action no="2" player="sineax6" type="2" discard="1" dealt="1" sum="20"/>
</round>
<round no="1"><cards type="Pocket" player="ilyaxr4">X X</cards>
<cards type="Pocket" player="sineax6">X X</cards>
<cards type="Pocket" player="oreiasccp">CK H4</cards>
<action no="3" player="oreiasccp" type="0" sum="0"/>
<action no="4" player="ilyaxr4" type="3" discard="1" dealt="1" sum="10"/>
<action no="5" player="sineax6" type="4" discard="1" dealt="1" sum="0"/>
</round>
<round no="2"><cards type="Flop">C10 D4 DA</cards>
<action no="6" player="ilyaxr4" type="5" discard="1" dealt="1" sum="20"/>
<action no="7" player="sineax6" type="3" discard="1" dealt="1" sum="20"/>
</round>
<round no="3"><cards type="Turn">S2</cards>
<action no="8" player="ilyaxr4" type="4" discard="1" dealt="1" sum="0"/>
<action no="9" player="sineax6" type="5" discard="1" dealt="1" sum="40"/>
<action no="10" player="ilyaxr4" type="3" discard="1" dealt="1" sum="40"/>
</round>
<round no="4"><cards type="River">C5</cards>
<action no="11" player="ilyaxr4" type="4" discard="1" dealt="1" sum="0"/>
<action no="12" player="sineax6" type="5" discard="1" dealt="1" sum="80"/>
<action no="13" player="ilyaxr4" type="0" discard="1" dealt="1" sum="0"/>
</round>
</game>
<game gamecode="11538578652"><general><startdate>2025-06-28 08:43:48</startdate>
<round>1</round>
<failsafecounter/>
<players><player seat="10" name="oreiasccp" chips="220" dealer="0" win="440" bet="220" muck="0" rebuy="0" addon="0" merge="0" rebuychips="0" reg_code="8393533688"/>
<player seat="3" name="ilyaxr4" chips="400" dealer="1" win="0" bet="0" muck="1" rebuy="0" addon="0" merge="0" rebuychips="0" reg_code="8393533566"/>
<player seat="6" name="sineax6" chips="880" dealer="0" win="0" bet="220" muck="1" rebuy="0" addon="0" merge="0" rebuychips="0" reg_code="8393533644"/>
</players>
</general>
<round no="0"><action no="1" player="sineax6" type="1" discard="1" dealt="1" sum="10"/>
<action no="2" player="oreiasccp" type="2" sum="20"/>
</round>
<round no="1"><cards type="Pocket" player="ilyaxr4">X X</cards>
<cards type="Pocket" player="sineax6">D8 DA</cards>
<cards type="Pocket" player="oreiasccp">D3 H3</cards>
<action no="3" player="ilyaxr4" type="0" discard="1" dealt="1" sum="0"/>
<action no="4" player="sineax6" type="23" discard="1" dealt="1" sum="50"/>
<action no="5" player="oreiasccp" type="23" sum="220"/>
<action no="6" player="sineax6" type="3" discard="1" dealt="1" sum="170"/>
</round>
<round no="2"><cards type="Flop">H5 S5 H2</cards>
</round>
<round no="3"><cards type="Turn">HJ</cards>
</round>
<round no="4"><cards type="River">DK</cards>
</round>
</game>
<game gamecode="11538578737"><general><startdate>2025-06-28 08:44:11</startdate>
<round>1</round>
<failsafecounter/>
<players><player seat="3" name="ilyaxr4" chips="400" dealer="0" win="50" bet="57" muck="1" rebuy="0" addon="0" merge="0" rebuychips="0" reg_code="8393533566"/>
<player seat="6" name="sineax6" chips="660" dealer="1" win="0" bet="20" muck="1" rebuy="0" addon="0" merge="0" rebuychips="0" reg_code="8393533644"/>
<player seat="10" name="oreiasccp" chips="440" dealer="0" win="0" bet="10" muck="1" rebuy="0" addon="0" merge="0" rebuychips="0" reg_code="8393533688"/>
</players>
</general>
<round no="0"><action no="1" player="oreiasccp" type="1" sum="10"/>
<action no="2" player="ilyaxr4" type="2" discard="1" dealt="1" sum="20"/>
</round>
<round no="1"><cards type="Pocket" player="sineax6">X X</cards>
<cards type="Pocket" player="oreiasccp">C5 D8</cards>
<cards type="Pocket" player="ilyaxr4">X X</cards>
<action no="3" player="sineax6" type="3" discard="1" dealt="1" sum="20"/>
<action no="4" player="oreiasccp" type="0" sum="0"/>
<action no="5" player="ilyaxr4" type="4" discard="1" dealt="1" sum="0"/>
</round>
<round no="2"><cards type="Flop">S2 H7 DA</cards>
<action no="6" player="ilyaxr4" type="4" discard="1" dealt="1" sum="0"/>
<action no="7" player="sineax6" type="4" discard="1" dealt="1" sum="0"/>
</round>
<round no="3"><cards type="Turn">H3</cards>
<action no="8" player="ilyaxr4" type="5" discard="1" dealt="1" sum="37"/>
<action no="9" player="sineax6" type="0" discard="1" dealt="1" sum="0"/>
</round>
</game>
<game gamecode="11538578795"><general><startdate>2025-06-28 08:44:26</startdate>
<round>1</round>
<failsafecounter/>
<players><player seat="6" name="sineax6" chips="640" dealer="0" win="0" bet="35" muck="1" rebuy="0" addon="0" merge="0" rebuychips="0" reg_code="8393533644"/>
<player seat="10" name="oreiasccp" chips="430" dealer="1" win="90" bet="430" muck="1" rebuy="0" addon="0" merge="0" rebuychips="0" reg_code="8393533688"/>
<player seat="3" name="ilyaxr4" chips="430" dealer="0" win="0" bet="20" muck="1" rebuy="0" addon="0" merge="0" rebuychips="0" reg_code="8393533566"/>
</players>
</general>
<round no="0"><action no="1" player="ilyaxr4" type="15" discard="1" dealt="1" sum="5"/>
<action no="2" player="sineax6" type="15" discard="1" dealt="1" sum="5"/>
<action no="3" player="oreiasccp" type="15" sum="5"/>
<action no="4" player="ilyaxr4" type="1" discard="1" dealt="1" sum="15"/>
<action no="5" player="sineax6" type="2" discard="1" dealt="1" sum="30"/>
</round>
<round no="1"><cards type="Pocket" player="ilyaxr4">X X</cards>
<cards type="Pocket" player="sineax6">X X</cards>
<cards type="Pocket" player="oreiasccp">C6 DA</cards>
<action no="6" player="oreiasccp" type="23" sum="425"/>
<action no="7" player="ilyaxr4" type="0" discard="1" dealt="1" sum="0"/>
<action no="8" player="sineax6" type="0" discard="1" dealt="1" sum="0"/>
</round>
</game>
<game gamecode="11538578853"><general><startdate>2025-06-28 08:44:43</startdate>
<round>1</round>
<failsafecounter/>
<players><player seat="10" name="oreiasccp" chips="485" dealer="0" win="0" bet="35" muck="1" rebuy="0" addon="0" merge="0" rebuychips="0" reg_code="8393533688"/>
<player seat="3" name="ilyaxr4" chips="410" dealer="1" win="90" bet="410" muck="1" rebuy="0" addon="0" merge="0" rebuychips="0" reg_code="8393533566"/>
<player seat="6" name="sineax6" chips="605" dealer="0" win="0" bet="20" muck="1" rebuy="0" addon="0" merge="0" rebuychips="0" reg_code="8393533644"/>
</players>
</general>
<round no="0"><action no="1" player="sineax6" type="15" discard="1" dealt="1" sum="5"/>
<action no="2" player="oreiasccp" type="15" sum="5"/>
<action no="3" player="ilyaxr4" type="15" discard="1" dealt="1" sum="5"/>
<action no="4" player="sineax6" type="1" discard="1" dealt="1" sum="15"/>
<action no="5" player="oreiasccp" type="2" sum="30"/>
</round>
<round no="1"><cards type="Pocket" player="sineax6">X X</cards>
<cards type="Pocket" player="ilyaxr4">X X</cards>
<cards type="Pocket" player="oreiasccp">HJ CK</cards>
<action no="6" player="ilyaxr4" type="23" discard="1" dealt="1" sum="405"/>
<action no="7" player="sineax6" type="0" discard="1" dealt="1" sum="0"/>
<action no="8" player="oreiasccp" type="0" sum="0"/>
</round>
</game>
<game gamecode="11538578891"><general><startdate>2025-06-28 08:44:53</startdate>
<round>1</round>
<failsafecounter/>
<players><player seat="3" name="ilyaxr4" chips="465" dealer="0" win="0" bet="35" muck="1" rebuy="0" addon="0" merge="0" rebuychips="0" reg_code="8393533566"/>
<player seat="6" name="sineax6" chips="585" dealer="1" win="0" bet="35" muck="1" rebuy="0" addon="0" merge="0" rebuychips="0" reg_code="8393533644"/>
<player seat="10" name="oreiasccp" chips="450" dealer="0" win="105" bet="450" muck="1" rebuy="0" addon="0" merge="0" rebuychips="0" reg_code="8393533688"/>
</players>
</general>
<round no="0"><action no="1" player="oreiasccp" type="15" sum="5"/>
<action no="2" player="ilyaxr4" type="15" discard="1" dealt="1" sum="5"/>
<action no="3" player="sineax6" type="15" discard="1" dealt="1" sum="5"/>
<action no="4" player="oreiasccp" type="1" sum="15"/>
<action no="5" player="ilyaxr4" type="2" discard="1" dealt="1" sum="30"/>
</round>
<round no="1"><cards type="Pocket" player="ilyaxr4">X X</cards>
<cards type="Pocket" player="sineax6">X X</cards>
<cards type="Pocket" player="oreiasccp">S9 CA</cards>
<action no="6" player="sineax6" type="3" discard="1" dealt="1" sum="30"/>
<action no="7" player="oreiasccp" type="23" sum="445"/>
<action no="8" player="ilyaxr4" type="0" discard="1" dealt="1" sum="0"/>
<action no="9" player="sineax6" type="0" discard="1" dealt="1" sum="0"/>
</round>
</game>
<game gamecode="11538578923"><general><startdate>2025-06-28 08:45:03</startdate>
<round>1</round>
<failsafecounter/>
<players><player seat="6" name="sineax6" chips="550" dealer="0" win="75" bet="95" muck="1" rebuy="0" addon="0" merge="0" rebuychips="0" reg_code="8393533644"/>
<player seat="10" name="oreiasccp" chips="520" dealer="1" win="0" bet="5" muck="1" rebuy="0" addon="0" merge="0" rebuychips="0" reg_code="8393533688"/>
<player seat="3" name="ilyaxr4" chips="430" dealer="0" win="0" bet="35" muck="1" rebuy="0" addon="0" merge="0" rebuychips="0" reg_code="8393533566"/>
</players>
</general>
<round no="0"><action no="1" player="ilyaxr4" type="15" discard="1" dealt="1" sum="5"/>
<action no="2" player="sineax6" type="15" discard="1" dealt="1" sum="5"/>
<action no="3" player="oreiasccp" type="15" sum="5"/>
<action no="4" player="ilyaxr4" type="1" discard="1" dealt="1" sum="15"/>
<action no="5" player="sineax6" type="2" discard="1" dealt="1" sum="30"/>
</round>
<round no="1"><cards type="Pocket" player="ilyaxr4">X X</cards>
<cards type="Pocket" player="oreiasccp">SJ D3</cards>
<cards type="Pocket" player="sineax6">X X</cards>
<action no="6" player="oreiasccp" type="0" sum="0"/>
<action no="7" player="ilyaxr4" type="3" discard="1" dealt="1" sum="15"/>
<action no="8" player="sineax6" type="23" discard="1" dealt="1" sum="90"/>
<action no="9" player="ilyaxr4" type="0" discard="1" dealt="1" sum="0"/>
</round>
</game>
<game gamecode="11538578971"><general><startdate>2025-06-28 08:45:16</startdate>
<round>1</round>
<failsafecounter/>
<players><player seat="10" name="oreiasccp" chips="515" dealer="0" win="0" bet="65" muck="1" rebuy="0" addon="0" merge="0" rebuychips="0" reg_code="8393533688"/>
<player seat="3" name="ilyaxr4" chips="395" dealer="1" win="150" bet="117" muck="1" rebuy="0" addon="0" merge="0" rebuychips="0" reg_code="8393533566"/>
<player seat="6" name="sineax6" chips="590" dealer="0" win="0" bet="20" muck="1" rebuy="0" addon="0" merge="0" rebuychips="0" reg_code="8393533644"/>
</players>
</general>
<round no="0"><action no="1" player="sineax6" type="15" discard="1" dealt="1" sum="5"/>
<action no="2" player="oreiasccp" type="15" sum="5"/>
<action no="3" player="ilyaxr4" type="15" discard="1" dealt="1" sum="5"/>
<action no="4" player="sineax6" type="1" discard="1" dealt="1" sum="15"/>
<action no="5" player="oreiasccp" type="2" sum="30"/>
</round>
<round no="1"><cards type="Pocket" player="oreiasccp">H6 S8</cards>
<cards type="Pocket" player="ilyaxr4">X X</cards>
<cards type="Pocket" player="sineax6">X X</cards>
<action no="6" player="ilyaxr4" type="23" discard="1" dealt="1" sum="60"/>
<action no="7" player="sineax6" type="0" discard="1" dealt="1" sum="0"/>
<action no="8" player="oreiasccp" type="3" sum="30"/>
</round>
<round no="2"><cards type="Flop">SQ S7 CQ</cards>
<action no="9" player="oreiasccp" type="4" sum="0"/>
<action no="10" player="ilyaxr4" type="5" discard="1" dealt="1" sum="52"/>
<action no="11" player="oreiasccp" type="0" sum="0"/>
</round>
</game>
<game gamecode="11538579051"><general><startdate>2025-06-28 08:45:38</startdate>
<round>1</round>
<failsafecounter/>
<players><player seat="3" name="ilyaxr4" chips="480" dealer="0" win="225" bet="278" muck="1" rebuy="0" addon="0" merge="0" rebuychips="0" reg_code="8393533566"/>
<player seat="6" name="sineax6" chips="570" dealer="1" win="0" bet="5" muck="1" rebuy="0" addon="0" merge="0" rebuychips="0" reg_code="8393533644"/>
<player seat="10" name="oreiasccp" chips="450" dealer="0" win="0" bet="110" muck="1" rebuy="0" addon="0" merge="0" rebuychips="0" reg_code="8393533688"/>
</players>
</general>
<round no="0"><action no="1" player="oreiasccp" type="15" sum="5"/>
<action no="2" player="ilyaxr4" type="15" discard="1" dealt="1" sum="5"/>
<action no="3" player="sineax6" type="15" discard="1" dealt="1" sum="5"/>
<action no="4" player="oreiasccp" type="1" sum="15"/>
<action no="5" player="ilyaxr4" type="2" discard="1" dealt="1" sum="30"/>
</round>
<round no="1"><cards type="Pocket" player="oreiasccp">CK CA</cards>
<cards type="Pocket" player="ilyaxr4">X X</cards>
<cards type="Pocket" player="sineax6">X X</cards>
<action no="6" player="sineax6" type="0" discard="1" dealt="1" sum="0"/>
<action no="7" player="oreiasccp" type="23" sum="75"/>
<action no="8" player="ilyaxr4" type="3" discard="1" dealt="1" sum="45"/>
</round>
<round no="2"><cards type="Flop">D3 CQ D9</cards>
<action no="9" player="oreiasccp" type="5" sum="30"/>
<action no="10" player="ilyaxr4" type="3" discard="1" dealt="1" sum="30"/>
</round>
<round no="3"><cards type="Turn">D6</cards>
<action no="11" player="oreiasccp" type="4" sum="0"/>
<action no="12" player="ilyaxr4" type="5" discard="1" dealt="1" sum="168"/>
<action no="13" player="oreiasccp" type="0" sum="0"/>
</round>
</game>
<game gamecode="11538582673"><general><startdate>2025-06-28 08:46:10</startdate>
<round>1</round>
<failsafecounter/>
<players><player seat="6" name="sineax6" chips="565" dealer="0" win="149" bet="109" muck="1" rebuy="0" addon="0" merge="0" rebuychips="0" reg_code="8393533644"/>
<player seat="10" name="oreiasccp" chips="340" dealer="1" win="0" bet="5" muck="1" rebuy="0" addon="0" merge="0" rebuychips="0" reg_code="8393533688"/>
<player seat="3" name="ilyaxr4" chips="595" dealer="0" win="0" bet="72" muck="1" rebuy="0" addon="0" merge="0" rebuychips="0" reg_code="8393533566"/>
</players>
</general>
<round no="0"><action no="1" player="ilyaxr4" type="15" discard="1" dealt="1" sum="5"/>
<action no="2" player="sineax6" type="15" discard="1" dealt="1" sum="5"/>
<action no="3" player="oreiasccp" type="15" sum="5"/>
<action no="4" player="ilyaxr4" type="1" discard="1" dealt="1" sum="15"/>
<action no="5" player="sineax6" type="2" discard="1" dealt="1" sum="30"/>
</round>
<round no="1"><cards type="Pocket" player="ilyaxr4">X X</cards>
<cards type="Pocket" player="oreiasccp">H9 D2</cards>
<cards type="Pocket" player="sineax6">X X</cards>
<action no="6" player="oreiasccp" type="0" sum="0"/>
<action no="7" player="ilyaxr4" type="3" discard="1" dealt="1" sum="15"/>
<action no="8" player="sineax6" type="4" discard="1" dealt="1" sum="0"/>
</round>
<round no="2"><cards type="Flop">D4 D9 S6</cards>
<action no="9" player="ilyaxr4" type="5" discard="1" dealt="1" sum="37"/>
<action no="10" player="sineax6" type="23" discard="1" dealt="1" sum="74"/>
<action no="11" player="ilyaxr4" type="0" discard="1" dealt="1" sum="0"/>
</round>
</game>
<game gamecode="11538582743"><general><startdate>2025-06-28 08:46:27</startdate>
<round>1</round>
<failsafecounter/>
<players><player seat="10" name="oreiasccp" chips="335" dealer="0" win="0" bet="45" muck="1" rebuy="0" addon="0" merge="0" rebuychips="0" reg_code="8393533688"/>
<player seat="3" name="ilyaxr4" chips="523" dealer="1" win="0" bet="5" muck="1" rebuy="0" addon="0" merge="0" rebuychips="0" reg_code="8393533566"/>
<player seat="6" name="sineax6" chips="642" dealer="0" win="95" bet="85" muck="1" rebuy="0" addon="0" merge="0" rebuychips="0" reg_code="8393533644"/>
</players>
</general>
<round no="0"><action no="1" player="sineax6" type="15" discard="1" dealt="1" sum="5"/>
<action no="2" player="oreiasccp" type="15" sum="5"/>
<action no="3" player="ilyaxr4" type="15" discard="1" dealt="1" sum="5"/>
<action no="4" player="sineax6" type="1" discard="1" dealt="1" sum="20"/>
<action no="5" player="oreiasccp" type="2" sum="40"/>
</round>
<round no="1"><cards type="Pocket" player="sineax6">X X</cards>
<cards type="Pocket" player="ilyaxr4">X X</cards>
<cards type="Pocket" player="oreiasccp">H3 C10</cards>
<action no="6" player="ilyaxr4" type="0" discard="1" dealt="1" sum="0"/>
<action no="7" player="sineax6" type="23" discard="1" dealt="1" sum="80"/>
<action no="8" player="oreiasccp" type="0" sum="0"/>
</round>
</game>
<game gamecode="11538582773"><general><startdate>2025-06-28 08:46:37</startdate>
<round>1</round>
<failsafecounter/>
<players><player seat="3" name="ilyaxr4" chips="518" dealer="0" win="115" bet="131" muck="1" rebuy="0" addon="0" merge="0" rebuychips="0" reg_code="8393533566"/>
<player seat="6" name="sineax6" chips="692" dealer="1" win="0" bet="45" muck="1" rebuy="0" addon="0" merge="0" rebuychips="0" reg_code="8393533644"/>
<player seat="10" name="oreiasccp" chips="290" dealer="0" win="0" bet="25" muck="1" rebuy="0" addon="0" merge="0" rebuychips="0" reg_code="8393533688"/>
</players>
</general>
<round no="0"><action no="1" player="oreiasccp" type="15" sum="5"/>
<action no="2" player="ilyaxr4" type="15" discard="1" dealt="1" sum="5"/>
<action no="3" player="sineax6" type="15" discard="1" dealt="1" sum="5"/>
<action no="4" player="oreiasccp" type="1" sum="20"/>
<action no="5" player="ilyaxr4" type="2" discard="1" dealt="1" sum="40"/>
</round>
<round no="1"><cards type="Pocket" player="ilyaxr4">X X</cards>
<cards type="Pocket" player="sineax6">X X</cards>
<cards type="Pocket" player="oreiasccp">H8 DJ</cards>
<action no="6" player="sineax6" type="3" discard="1" dealt="1" sum="40"/>
<action no="7" player="oreiasccp" type="0" sum="0"/>
<action no="8" player="ilyaxr4" type="4" discard="1" dealt="1" sum="0"/>
</round>
<round no="2"><cards type="Flop">D9 SA DQ</cards>
<action no="9" player="ilyaxr4" type="4" discard="1" dealt="1" sum="0"/>
<action no="10" player="sineax6" type="4" discard="1" dealt="1" sum="0"/>
</round>
<round no="3"><cards type="Turn">D4</cards>
<action no="11" player="ilyaxr4" type="5" discard="1" dealt="1" sum="86"/>
<action no="12" player="sineax6" type="0" discard="1" dealt="1" sum="0"/>
</round>
</game>
<game gamecode="11538582825"><general><startdate>2025-06-28 08:46:53</startdate>
<round>1</round>
<failsafecounter/>
<players><player seat="6" name="sineax6" chips="647" dealer="0" win="95" bet="105" muck="1" rebuy="0" addon="0" merge="0" rebuychips="0" reg_code="8393533644"/>
<player seat="10" name="oreiasccp" chips="265" dealer="1" win="0" bet="5" muck="1" rebuy="0" addon="0" merge="0" rebuychips="0" reg_code="8393533688"/>
<player seat="3" name="ilyaxr4" chips="588" dealer="0" win="0" bet="45" muck="1" rebuy="0" addon="0" merge="0" rebuychips="0" reg_code="8393533566"/>
</players>
</general>
<round no="0"><action no="1" player="ilyaxr4" type="15" discard="1" dealt="1" sum="5"/>
<action no="2" player="sineax6" type="15" discard="1" dealt="1" sum="5"/>
<action no="3" player="oreiasccp" type="15" sum="5"/>
<action no="4" player="ilyaxr4" type="1" discard="1" dealt="1" sum="20"/>
<action no="5" player="sineax6" type="2" discard="1" dealt="1" sum="40"/>
</round>
<round no="1"><cards type="Pocket" player="ilyaxr4">X X</cards>
<cards type="Pocket" player="oreiasccp">S2 H8</cards>
<cards type="Pocket" player="sineax6">X X</cards>
<action no="6" player="oreiasccp" type="0" sum="0"/>
<action no="7" player="ilyaxr4" type="3" discard="1" dealt="1" sum="20"/>
<action no="8" player="sineax6" type="23" discard="1" dealt="1" sum="100"/>
<action no="9" player="ilyaxr4" type="0" discard="1" dealt="1" sum="0"/>
</round>
</game>
<game gamecode="11538582886"><general><startdate>2025-06-28 08:47:07</startdate>
<round>1</round>
<failsafecounter/>
<players><player seat="10" name="oreiasccp" chips="260" dealer="0" win="0" bet="85" muck="1" rebuy="0" addon="0" merge="0" rebuychips="0" reg_code="8393533688"/>
<player seat="3" name="ilyaxr4" chips="543" dealer="1" win="0" bet="5" muck="1" rebuy="0" addon="0" merge="0" rebuychips="0" reg_code="8393533566"/>
<player seat="6" name="sineax6" chips="697" dealer="0" win="175" bet="260" muck="1" rebuy="0" addon="0" merge="0" rebuychips="0" reg_code="8393533644"/>
</players>
</general>
<round no="0"><action no="1" player="sineax6" type="15" discard="1" dealt="1" sum="5"/>
<action no="2" player="oreiasccp" type="15" sum="5"/>
<action no="3" player="ilyaxr4" type="15" discard="1" dealt="1" sum="5"/>
<action no="4" player="sineax6" type="1" discard="1" dealt="1" sum="20"/>
<action no="5" player="oreiasccp" type="2" sum="40"/>
</round>
<round no="1"><cards type="Pocket" player="sineax6">X X</cards>
<cards type="Pocket" player="ilyaxr4">X X</cards>
<cards type="Pocket" player="oreiasccp">HQ H9</cards>
<action no="6" player="ilyaxr4" type="0" discard="1" dealt="1" sum="0"/>
<action no="7" player="sineax6" type="3" discard="1" dealt="1" sum="20"/>
<action no="8" player="oreiasccp" type="4" sum="0"/>
</round>
<round no="2"><cards type="Flop">SK H10 S5</cards>
<action no="9" player="sineax6" type="4" discard="1" dealt="1" sum="0"/>
<action no="10" player="oreiasccp" type="4" sum="0"/>
</round>
<round no="3"><cards type="Turn">S2</cards>
<action no="11" player="sineax6" type="5" discard="1" dealt="1" sum="40"/>
<action no="12" player="oreiasccp" type="3" sum="40"/>
</round>
<round no="4"><cards type="River">C9</cards>
<action no="13" player="sineax6" type="5" discard="1" dealt="1" sum="175"/>
<action no="14" player="oreiasccp" type="0" sum="0"/>
</round>
</game>
<game gamecode="11538582949"><general><startdate>2025-06-28 08:47:26</startdate>
<round>1</round>
<failsafecounter/>
<players><player seat="3" name="ilyaxr4" chips="538" dealer="0" win="0" bet="175" muck="1" rebuy="0" addon="0" merge="0" rebuychips="0" reg_code="8393533566"/>
<player seat="6" name="sineax6" chips="787" dealer="1" win="0" bet="5" muck="1" rebuy="0" addon="0" merge="0" rebuychips="0" reg_code="8393533644"/>
<player seat="10" name="oreiasccp" chips="175" dealer="0" win="355" bet="175" muck="0" rebuy="0" addon="0" merge="0" rebuychips="0" reg_code="8393533688"/>
</players>
</general>
<round no="0"><action no="1" player="oreiasccp" type="15" sum="5"/>
<action no="2" player="ilyaxr4" type="15" discard="1" dealt="1" sum="5"/>
<action no="3" player="sineax6" type="15" discard="1" dealt="1" sum="5"/>
<action no="4" player="oreiasccp" type="1" sum="20"/>
<action no="5" player="ilyaxr4" type="2" discard="1" dealt="1" sum="40"/>
</round>
<round no="1"><cards type="Pocket" player="sineax6">X X</cards>
<cards type="Pocket" player="oreiasccp">DJ H10</cards>
<cards type="Pocket" player="ilyaxr4">S7 S10</cards>
<action no="6" player="sineax6" type="0" discard="1" dealt="1" sum="0"/>
<action no="7" player="oreiasccp" type="23" sum="170"/>
<action no="8" player="ilyaxr4" type="3" discard="1" dealt="1" sum="130"/>
</round>
<round no="2"><cards type="Flop">CJ SA CA</cards>
</round>
<round no="3"><cards type="Turn">D5</cards>
</round>
<round no="4"><cards type="River">H2</cards>
</round>
</game>
<game gamecode="11538583020"><general><startdate>2025-06-28 08:47:44</startdate>
<round>1</round>
<failsafecounter/>
<players><player seat="6" name="sineax6" chips="782" dealer="0" win="0" bet="363" muck="1" rebuy="0" addon="0" merge="0" rebuychips="0" reg_code="8393533644"/>
<player seat="10" name="oreiasccp" chips="355" dealer="1" win="0" bet="5" muck="1" rebuy="0" addon="0" merge="0" rebuychips="0" reg_code="8393533688"/>
<player seat="3" name="ilyaxr4" chips="363" dealer="0" win="731" bet="363" muck="0" rebuy="0" addon="0" merge="0" rebuychips="0" reg_code="8393533566"/>
</players>
</general>
<round no="0"><action no="1" player="ilyaxr4" type="15" discard="1" dealt="1" sum="5"/>
<action no="2" player="sineax6" type="15" discard="1" dealt="1" sum="5"/>
<action no="3" player="oreiasccp" type="15" sum="5"/>
<action no="4" player="ilyaxr4" type="1" discard="1" dealt="1" sum="20"/>
<action no="5" player="sineax6" type="2" discard="1" dealt="1" sum="40"/>
</round>
<round no="1"><cards type="Pocket" player="sineax6">C5 HA</cards>
<cards type="Pocket" player="oreiasccp">S3 S5</cards>
<cards type="Pocket" player="ilyaxr4">C7 S8</cards>
<action no="6" player="oreiasccp" type="0" sum="0"/>
<action no="7" player="ilyaxr4" type="23" discard="1" dealt="1" sum="358"/>
<action no="8" player="sineax6" type="3" discard="1" dealt="1" sum="318"/>
</round>
<round no="2"><cards type="Flop">S2 SK D8</cards>
</round>
<round no="3"><cards type="Turn">D9</cards>
</round>
<round no="4"><cards type="River">D7</cards>
</round>
</game>
<game gamecode="11538583083"><general><startdate>2025-06-28 08:48:04</startdate>
<round>1</round>
<failsafecounter/>
<players><player seat="10" name="oreiasccp" chips="350" dealer="0" win="255" bet="350" muck="1" rebuy="0" addon="0" merge="0" rebuychips="0" reg_code="8393533688"/>
<player seat="3" name="ilyaxr4" chips="731" dealer="1" win="0" bet="85" muck="1" rebuy="0" addon="0" merge="0" rebuychips="0" reg_code="8393533566"/>
<player seat="6" name="sineax6" chips="419" dealer="0" win="0" bet="85" muck="1" rebuy="0" addon="0" merge="0" rebuychips="0" reg_code="8393533644"/>
</players>
</general>
<round no="0"><action no="1" player="sineax6" type="15" discard="1" dealt="1" sum="5"/>
<action no="2" player="oreiasccp" type="15" sum="5"/>
<action no="3" player="ilyaxr4" type="15" discard="1" dealt="1" sum="5"/>
<action no="4" player="sineax6" type="1" discard="1" dealt="1" sum="20"/>
<action no="5" player="oreiasccp" type="2" sum="40"/>
</round>
<round no="1"><cards type="Pocket" player="oreiasccp">DA S6</cards>
<cards type="Pocket" player="ilyaxr4">X X</cards>
<cards type="Pocket" player="sineax6">X X</cards>
<action no="6" player="ilyaxr4" type="23" discard="1" dealt="1" sum="80"/>
<action no="7" player="sineax6" type="3" discard="1" dealt="1" sum="60"/>
<action no="8" player="oreiasccp" type="23" sum="345"/>
<action no="9" player="ilyaxr4" type="0" discard="1" dealt="1" sum="0"/>
<action no="10" player="sineax6" type="0" discard="1" dealt="1" sum="0"/>
</round>
</game>
<game gamecode="11538583132"><general><startdate>2025-06-28 08:48:20</startdate>
<round>1</round>
<failsafecounter/>
<players><player seat="3" name="ilyaxr4" chips="646" dealer="0" win="0" bet="646" muck="0" rebuy="0" addon="0" merge="0" rebuychips="0" reg_code="8393533566"/>
<player seat="6" name="sineax6" chips="334" dealer="1" win="693" bet="334" muck="0" rebuy="0" addon="0" merge="0" rebuychips="0" reg_code="8393533644"/>
<player seat="10" name="oreiasccp" chips="520" dealer="0" win="0" bet="25" muck="1" rebuy="0" addon="0" merge="0" rebuychips="0" reg_code="8393533688"/>
</players>
</general>
<round no="0"><action no="1" player="oreiasccp" type="15" sum="5"/>
<action no="2" player="ilyaxr4" type="15" discard="1" dealt="1" sum="5"/>
<action no="3" player="sineax6" type="15" discard="1" dealt="1" sum="5"/>
<action no="4" player="oreiasccp" type="1" sum="20"/>
<action no="5" player="ilyaxr4" type="2" discard="1" dealt="1" sum="40"/>
</round>
<round no="1"><cards type="Pocket" player="oreiasccp">DJ S3</cards>
<cards type="Pocket" player="ilyaxr4">SA DQ</cards>
<cards type="Pocket" player="sineax6">D10 CK</cards>
<action no="6" player="sineax6" type="3" discard="1" dealt="1" sum="40"/>
<action no="7" player="oreiasccp" type="0" sum="0"/>
<action no="8" player="ilyaxr4" type="23" discard="1" dealt="1" sum="641"/>
<action no="9" player="sineax6" type="7" discard="1" dealt="1" sum="289"/>
</round>
<round no="2"><cards type="Flop">S4 C6 S5</cards>
</round>
<round no="3"><cards type="Turn">CQ</cards>
</round>
<round no="4"><cards type="River">SK</cards>
</round>
</game>
<game gamecode="11538583192"><general><startdate>2025-06-28 08:48:40</startdate>
<round>1</round>
<failsafecounter/>
<players><player seat="6" name="sineax6" chips="693" dealer="0" win="0" bet="65" muck="1" rebuy="0" addon="0" merge="0" rebuychips="0" reg_code="8393533644"/>
<player seat="10" name="oreiasccp" chips="495" dealer="1" win="0" bet="5" muck="1" rebuy="0" addon="0" merge="0" rebuychips="0" reg_code="8393533688"/>
<player seat="3" name="ilyaxr4" chips="312" dealer="0" win="135" bet="312" muck="1" rebuy="0" addon="0" merge="0" rebuychips="0" reg_code="8393533566"/>
</players>
</general>
<round no="0"><action no="1" player="ilyaxr4" type="15" discard="1" dealt="1" sum="5"/>
<action no="2" player="sineax6" type="15" discard="1" dealt="1" sum="5"/>
<action no="3" player="oreiasccp" type="15" sum="5"/>
<action no="4" player="ilyaxr4" type="1" discard="1" dealt="1" sum="30"/>
<action no="5" player="sineax6" type="2" discard="1" dealt="1" sum="60"/>
</round>
<round no="1"><cards type="Pocket" player="ilyaxr4">X X</cards>
<cards type="Pocket" player="oreiasccp">S4 S2</cards>
<cards type="Pocket" player="sineax6">X X</cards>
<action no="6" player="oreiasccp" type="0" sum="0"/>
<action no="7" player="ilyaxr4" type="23" discard="1" dealt="1" sum="307"/>
<action no="8" player="sineax6" type="0" discard="1" dealt="1" sum="0"/>
</round>
</game>
<game gamecode="11538583236"><general><startdate>2025-06-28 08:48:52</startdate>
<round>1</round>
<failsafecounter/>
<players><player seat="10" name="oreiasccp" chips="490" dealer="0" win="135" bet="200" muck="1" rebuy="0" addon="0" merge="0" rebuychips="0" reg_code="8393533688"/>
<player seat="3" name="ilyaxr4" chips="382" dealer="1" win="0" bet="5" muck="1" rebuy="0" addon="0" merge="0" rebuychips="0" reg_code="8393533566"/>
<player seat="6" name="sineax6" chips="628" dealer="0" win="0" bet="65" muck="1" rebuy="0" addon="0" merge="0" rebuychips="0" reg_code="8393533644"/>
</players>
</general>
<round no="0"><action no="1" player="sineax6" type="15" discard="1" dealt="1" sum="5"/>
<action no="2" player="oreiasccp" type="15" sum="5"/>
<action no="3" player="ilyaxr4" type="15" discard="1" dealt="1" sum="5"/>
<action no="4" player="sineax6" type="1" discard="1" dealt="1" sum="30"/>
<action no="5" player="oreiasccp" type="2" sum="60"/>
</round>
<round no="1"><cards type="Pocket" player="ilyaxr4">X X</cards>
<cards type="Pocket" player="oreiasccp">H4 D9</cards>
<cards type="Pocket" player="sineax6">X X</cards>
<action no="6" player="ilyaxr4" type="0" discard="1" dealt="1" sum="0"/>
<action no="7" player="sineax6" type="3" discard="1" dealt="1" sum="30"/>
<action no="8" player="oreiasccp" type="4" sum="0"/>
</round>
<round no="2"><cards type="Flop">C7 C2 D8</cards>
<action no="9" player="sineax6" type="4" discard="1" dealt="1" sum="0"/>
<action no="10" player="oreiasccp" type="4" sum="0"/>
</round>
<round no="3"><cards type="Turn">H8</cards>
<action no="11" player="sineax6" type="4" discard="1" dealt="1" sum="0"/>
<action no="12" player="oreiasccp" type="4" sum="0"/>
</round>
<round no="4"><cards type="River">D3</cards>
<action no="13" player="sineax6" type="4" discard="1" dealt="1" sum="0"/>
<action no="14" player="oreiasccp" type="5" sum="135"/>
<action no="15" player="sineax6" type="0" discard="1" dealt="1" sum="0"/>
</round>
</game>
<game gamecode="11538583320"><general><startdate>2025-06-28 08:49:20</startdate>
<round>1</round>
<failsafecounter/>
<players><player seat="3" name="ilyaxr4" chips="377" dealer="0" win="0" bet="65" muck="1" rebuy="0" addon="0" merge="0" rebuychips="0" reg_code="8393533566"/>
<player seat="6" name="sineax6" chips="563" dealer="1" win="165" bet="125" muck="1" rebuy="0" addon="0" merge="0" rebuychips="0" reg_code="8393533644"/>
<player seat="10" name="oreiasccp" chips="560" dealer="0" win="0" bet="35" muck="1" rebuy="0" addon="0" merge="0" rebuychips="0" reg_code="8393533688"/>
</players>
</general>
<round no="0"><action no="1" player="oreiasccp" type="15" sum="5"/>
<action no="2" player="ilyaxr4" type="15" discard="1" dealt="1" sum="5"/>
<action no="3" player="sineax6" type="15" discard="1" dealt="1" sum="5"/>
<action no="4" player="oreiasccp" type="1" sum="30"/>
<action no="5" player="ilyaxr4" type="2" discard="1" dealt="1" sum="60"/>
</round>
<round no="1"><cards type="Pocket" player="oreiasccp">S5 H10</cards>
<cards type="Pocket" player="sineax6">X X</cards>
<cards type="Pocket" player="ilyaxr4">X X</cards>
<action no="6" player="sineax6" type="3" discard="1" dealt="1" sum="60"/>
<action no="7" player="oreiasccp" type="0" sum="0"/>
<action no="8" player="ilyaxr4" type="4" discard="1" dealt="1" sum="0"/>
</round>
<round no="2"><cards type="Flop">D6 DJ D9</cards>
<action no="9" player="ilyaxr4" type="4" discard="1" dealt="1" sum="0"/>
<action no="10" player="sineax6" type="4" discard="1" dealt="1" sum="0"/>
</round>
<round no="3"><cards type="Turn">HK</cards>
<action no="11" player="ilyaxr4" type="4" discard="1" dealt="1" sum="0"/>
<action no="12" player="sineax6" type="5" discard="1" dealt="1" sum="60"/>
<action no="13" player="ilyaxr4" type="0" discard="1" dealt="1" sum="0"/>
</round>
</game>
<game gamecode="11538583379"><general><startdate>2025-06-28 08:49:40</startdate>
<round>1</round>
<failsafecounter/>
<players><player seat="6" name="sineax6" chips="663" dealer="0" win="0" bet="65" muck="1" rebuy="0" addon="0" merge="0" rebuychips="0" reg_code="8393533644"/>
<player seat="10" name="oreiasccp" chips="525" dealer="1" win="0" bet="5" muck="1" rebuy="0" addon="0" merge="0" rebuychips="0" reg_code="8393533688"/>
<player seat="3" name="ilyaxr4" chips="312" dealer="0" win="135" bet="312" muck="1" rebuy="0" addon="0" merge="0" rebuychips="0" reg_code="8393533566"/>
</players>
</general>
<round no="0"><action no="1" player="ilyaxr4" type="15" discard="1" dealt="1" sum="5"/>
<action no="2" player="sineax6" type="15" discard="1" dealt="1" sum="5"/>
<action no="3" player="oreiasccp" type="15" sum="5"/>
<action no="4" player="ilyaxr4" type="1" discard="1" dealt="1" sum="30"/>
<action no="5" player="sineax6" type="2" discard="1" dealt="1" sum="60"/>
</round>
<round no="1"><cards type="Pocket" player="oreiasccp">S6 CQ</cards>
<cards type="Pocket" player="ilyaxr4">X X</cards>
<cards type="Pocket" player="sineax6">X X</cards>
<action no="6" player="oreiasccp" type="0" sum="0"/>
<action no="7" player="ilyaxr4" type="23" discard="1" dealt="1" sum="307"/>
<action no="8" player="sineax6" type="0" discard="1" dealt="1" sum="0"/>
</round>
</game>
<game gamecode="11538583421"><general><startdate>2025-06-28 08:49:51</startdate>
<round>1</round>
<failsafecounter/>
<players><player seat="10" name="oreiasccp" chips="520" dealer="0" win="75" bet="65" muck="1" rebuy="0" addon="0" merge="0" rebuychips="0" reg_code="8393533688"/>
<player seat="3" name="ilyaxr4" chips="382" dealer="1" win="0" bet="5" muck="1" rebuy="0" addon="0" merge="0" rebuychips="0" reg_code="8393533566"/>
<player seat="6" name="sineax6" chips="598" dealer="0" win="0" bet="35" muck="1" rebuy="0" addon="0" merge="0" rebuychips="0" reg_code="8393533644"/>
</players>
</general>
<round no="0"><action no="1" player="sineax6" type="15" discard="1" dealt="1" sum="5"/>
<action no="2" player="oreiasccp" type="15" sum="5"/>
<action no="3" player="ilyaxr4" type="15" discard="1" dealt="1" sum="5"/>
<action no="4" player="sineax6" type="1" discard="1" dealt="1" sum="30"/>
<action no="5" player="oreiasccp" type="2" sum="60"/>
</round>
<round no="1"><cards type="Pocket" player="ilyaxr4">X X</cards>
<cards type="Pocket" player="oreiasccp">S9 D8</cards>
<cards type="Pocket" player="sineax6">X X</cards>
<action no="6" player="ilyaxr4" type="0" discard="1" dealt="1" sum="0"/>
<action no="7" player="sineax6" type="0" discard="1" dealt="1" sum="0"/>
</round>
</game>
<game gamecode="11538583438"><general><startdate>2025-06-28 08:50:00</startdate>
<round>1</round>
<failsafecounter/>
<players><player seat="3" name="ilyaxr4" chips="377" dealer="0" win="75" bet="65" muck="1" rebuy="0" addon="0" merge="0" rebuychips="0" reg_code="8393533566"/>
<player seat="6" name="sineax6" chips="563" dealer="1" win="0" bet="5" muck="1" rebuy="0" addon="0" merge="0" rebuychips="0" reg_code="8393533644"/>
<player seat="10" name="oreiasccp" chips="560" dealer="0" win="0" bet="35" muck="1" rebuy="0" addon="0" merge="0" rebuychips="0" reg_code="8393533688"/>
</players>
</general>
<round no="0"><action no="1" player="oreiasccp" type="15" sum="5"/>
<action no="2" player="ilyaxr4" type="15" discard="1" dealt="1" sum="5"/>
<action no="3" player="sineax6" type="15" discard="1" dealt="1" sum="5"/>
<action no="4" player="oreiasccp" type="1" sum="30"/>
<action no="5" player="ilyaxr4" type="2" discard="1" dealt="1" sum="60"/>
</round>
<round no="1"><cards type="Pocket" player="oreiasccp">D7 C2</cards>
<cards type="Pocket" player="ilyaxr4">X X</cards>
<cards type="Pocket" player="sineax6">X X</cards>
<action no="6" player="sineax6" type="0" discard="1" dealt="1" sum="0"/>
<action no="7" player="oreiasccp" type="0" sum="0"/>
</round>
</game>
<game gamecode="11538583452"><general><startdate>2025-06-28 08:50:06</startdate>
<round>1</round>
<failsafecounter/>
<players><player seat="6" name="sineax6" chips="558" dealer="0" win="0" bet="65" muck="1" rebuy="0" addon="0" merge="0" rebuychips="0" reg_code="8393533644"/>
<player seat="10" name="oreiasccp" chips="525" dealer="1" win="0" bet="5" muck="1" rebuy="0" addon="0" merge="0" rebuychips="0" reg_code="8393533688"/>
<player seat="3" name="ilyaxr4" chips="417" dealer="0" win="135" bet="417" muck="1" rebuy="0" addon="0" merge="0" rebuychips="0" reg_code="8393533566"/>
</players>
</general>
<round no="0"><action no="1" player="ilyaxr4" type="15" discard="1" dealt="1" sum="5"/>
<action no="2" player="sineax6" type="15" discard="1" dealt="1" sum="5"/>
<action no="3" player="oreiasccp" type="15" sum="5"/>
<action no="4" player="ilyaxr4" type="1" discard="1" dealt="1" sum="30"/>
<action no="5" player="sineax6" type="2" discard="1" dealt="1" sum="60"/>
</round>
<round no="1"><cards type="Pocket" player="oreiasccp">S5 CJ</cards>
<cards type="Pocket" player="ilyaxr4">X X</cards>
<cards type="Pocket" player="sineax6">X X</cards>
<action no="6" player="oreiasccp" type="0" sum="0"/>
<action no="7" player="ilyaxr4" type="23" discard="1" dealt="1" sum="412"/>
<action no="8" player="sineax6" type="0" discard="1" dealt="1" sum="0"/>
</round>
</game>
<game gamecode="11538583484"><general><startdate>2025-06-28 08:50:15</startdate>
<round>1</round>
<failsafecounter/>
<players><player seat="10" name="oreiasccp" chips="520" dealer="0" win="1,009" bet="487" muck="0" rebuy="0" addon="0" merge="0" rebuychips="0" reg_code="8393533688"/>
<player seat="3" name="ilyaxr4" chips="487" dealer="1" win="0" bet="487" muck="0" rebuy="0" addon="0" merge="0" rebuychips="0" reg_code="8393533566"/>
<player seat="6" name="sineax6" chips="493" dealer="0" win="0" bet="35" muck="1" rebuy="0" addon="0" merge="0" rebuychips="0" reg_code="8393533644"/>
</players>
</general>
<round no="0"><action no="1" player="sineax6" type="15" discard="1" dealt="1" sum="5"/>
<action no="2" player="oreiasccp" type="15" sum="5"/>
<action no="3" player="ilyaxr4" type="15" discard="1" dealt="1" sum="5"/>
<action no="4" player="sineax6" type="1" discard="1" dealt="1" sum="30"/>
<action no="5" player="oreiasccp" type="2" sum="60"/>
</round>
<round no="1"><cards type="Pocket" player="ilyaxr4">H7 DA</cards>
<cards type="Pocket" player="sineax6">X X</cards>
<cards type="Pocket" player="oreiasccp">S10 HA</cards>
<action no="6" player="ilyaxr4" type="23" discard="1" dealt="1" sum="482"/>
<action no="7" player="sineax6" type="0" discard="1" dealt="1" sum="0"/>
<action no="8" player="oreiasccp" type="3" sum="422"/>
</round>
<round no="2"><cards type="Flop">H4 S3 D10</cards>
</round>
<round no="3"><cards type="Turn">S8</cards>
</round>
<round no="4"><cards type="River">D5</cards>
</round>
</game>
<game gamecode="11538583551"><general><startdate>2025-06-28 08:50:36</startdate>
<round>1</round>
<failsafecounter/>
<players><player seat="10" name="oreiasccp" chips="1,042" dealer="0" win="96" bet="88" muck="1" rebuy="0" addon="0" merge="0" rebuychips="0" reg_code="8393533688"/>
<player seat="6" name="sineax6" chips="458" dealer="1" win="0" bet="48" muck="1" rebuy="0" addon="0" merge="0" rebuychips="0" reg_code="8393533644"/>
</players>
</general>
<round no="0"><action no="1" player="sineax6" type="15" discard="1" dealt="1" sum="8"/>
<action no="2" player="oreiasccp" type="15" sum="8"/>
<action no="3" player="sineax6" type="1" discard="1" dealt="1" sum="40"/>
<action no="4" player="oreiasccp" type="2" sum="80"/>
</round>
<round no="1"><cards type="Pocket" player="oreiasccp">SQ H3</cards>
<cards type="Pocket" player="sineax6">X X</cards>
<action no="5" player="sineax6" type="0" discard="1" dealt="1" sum="0"/>
</round>
</game>
<game gamecode="11538583565"><general><startdate>2025-06-28 08:50:42</startdate>
<round>1</round>
<failsafecounter/>
<players><player seat="6" name="sineax6" chips="410" dealer="0" win="0" bet="88" muck="1" rebuy="0" addon="0" merge="0" rebuychips="0" reg_code="8393533644"/>
<player seat="10" name="oreiasccp" chips="1,090" dealer="1" win="176" bet="410" muck="1" rebuy="0" addon="0" merge="0" rebuychips="0" reg_code="8393533688"/>
</players>
</general>
<round no="0"><action no="1" player="oreiasccp" type="15" sum="8"/>
<action no="2" player="sineax6" type="15" discard="1" dealt="1" sum="8"/>
<action no="3" player="oreiasccp" type="1" sum="40"/>
<action no="4" player="sineax6" type="2" discard="1" dealt="1" sum="80"/>
</round>
<round no="1"><cards type="Pocket" player="oreiasccp">SA SK</cards>
<cards type="Pocket" player="sineax6">X X</cards>
<action no="5" player="oreiasccp" type="23" sum="402"/>
<action no="6" player="sineax6" type="0" discard="1" dealt="1" sum="0"/>
</round>
</game>
<game gamecode="11538583589"><general><startdate>2025-06-28 08:50:49</startdate>
<round>1</round>
<failsafecounter/>
<players><player seat="10" name="oreiasccp" chips="1,178" dealer="0" win="322" bet="322" muck="0" rebuy="0" addon="0" merge="0" rebuychips="0" reg_code="8393533688"/>
<player seat="6" name="sineax6" chips="322" dealer="1" win="322" bet="322" muck="0" rebuy="0" addon="0" merge="0" rebuychips="0" reg_code="8393533644"/>
</players>
</general>
<round no="0"><action no="1" player="sineax6" type="15" discard="1" dealt="1" sum="8"/>
<action no="2" player="oreiasccp" type="15" sum="8"/>
<action no="3" player="sineax6" type="1" discard="1" dealt="1" sum="40"/>
<action no="4" player="oreiasccp" type="2" sum="80"/>
</round>
<round no="1"><cards type="Pocket" player="oreiasccp">S10 C10</cards>
<cards type="Pocket" player="sineax6">D6 H10</cards>
<action no="5" player="sineax6" type="23" discard="1" dealt="1" sum="314"/>
<action no="6" player="oreiasccp" type="3" sum="234"/>
</round>
<round no="2"><cards type="Flop">S2 HK C9</cards>
</round>
<round no="3"><cards type="Turn">SJ</cards>
</round>
<round no="4"><cards type="River">DQ</cards>
</round>
</game>
<game gamecode="11538583635"><general><startdate>2025-06-28 08:51:05</startdate>
<round>1</round>
<failsafecounter/>
<players><player seat="6" name="sineax6" chips="322" dealer="0" win="96" bet="88" muck="1" rebuy="0" addon="0" merge="0" rebuychips="0" reg_code="8393533644"/>
<player seat="10" name="oreiasccp" chips="1,178" dealer="1" win="0" bet="48" muck="1" rebuy="0" addon="0" merge="0" rebuychips="0" reg_code="8393533688"/>
</players>
</general>
<round no="0"><action no="1" player="oreiasccp" type="15" sum="8"/>
<action no="2" player="sineax6" type="15" discard="1" dealt="1" sum="8"/>
<action no="3" player="oreiasccp" type="1" sum="40"/>
<action no="4" player="sineax6" type="2" discard="1" dealt="1" sum="80"/>
</round>
<round no="1"><cards type="Pocket" player="sineax6">X X</cards>
<cards type="Pocket" player="oreiasccp">D5 H3</cards>
<action no="5" player="oreiasccp" type="0" sum="0"/>
</round>
</game>
<game gamecode="11538583654"><general><startdate>2025-06-28 08:51:10</startdate>
<round>1</round>
<failsafecounter/>
<players><player seat="10" name="oreiasccp" chips="1,130" dealer="0" win="96" bet="88" muck="1" rebuy="0" addon="0" merge="0" rebuychips="0" reg_code="8393533688"/>
<player seat="6" name="sineax6" chips="370" dealer="1" win="0" bet="48" muck="1" rebuy="0" addon="0" merge="0" rebuychips="0" reg_code="8393533644"/>
</players>
</general>
<round no="0"><action no="1" player="sineax6" type="15" discard="1" dealt="1" sum="8"/>
<action no="2" player="oreiasccp" type="15" sum="8"/>
<action no="3" player="sineax6" type="1" discard="1" dealt="1" sum="40"/>
<action no="4" player="oreiasccp" type="2" sum="80"/>
</round>
<round no="1"><cards type="Pocket" player="oreiasccp">C5 S4</cards>
<cards type="Pocket" player="sineax6">X X</cards>
<action no="5" player="sineax6" type="0" discard="1" dealt="1" sum="0"/>
</round>
</game>
<game gamecode="11538583674"><general><startdate>2025-06-28 08:51:16</startdate>
<round>1</round>
<failsafecounter/>
<players><player seat="6" name="sineax6" chips="322" dealer="0" win="96" bet="88" muck="1" rebuy="0" addon="0" merge="0" rebuychips="0" reg_code="8393533644"/>
<player seat="10" name="oreiasccp" chips="1,178" dealer="1" win="0" bet="48" muck="1" rebuy="0" addon="0" merge="0" rebuychips="0" reg_code="8393533688"/>
</players>
</general>
<round no="0"><action no="1" player="oreiasccp" type="15" sum="8"/>
<action no="2" player="sineax6" type="15" discard="1" dealt="1" sum="8"/>
<action no="3" player="oreiasccp" type="1" sum="40"/>
<action no="4" player="sineax6" type="2" discard="1" dealt="1" sum="80"/>
</round>
<round no="1"><cards type="Pocket" player="sineax6">X X</cards>
<cards type="Pocket" player="oreiasccp">D5 C9</cards>
<action no="5" player="oreiasccp" type="0" sum="0"/>
</round>
</game>
<game gamecode="11538583696"><general><startdate>2025-06-28 08:51:21</startdate>
<round>1</round>
<failsafecounter/>
<players><player seat="10" name="oreiasccp" chips="1,130" dealer="0" win="0" bet="88" muck="1" rebuy="0" addon="0" merge="0" rebuychips="0" reg_code="8393533688"/>
<player seat="6" name="sineax6" chips="370" dealer="1" win="176" bet="370" muck="1" rebuy="0" addon="0" merge="0" rebuychips="0" reg_code="8393533644"/>
</players>
</general>
<round no="0"><action no="1" player="sineax6" type="15" discard="1" dealt="1" sum="8"/>
<action no="2" player="oreiasccp" type="15" sum="8"/>
<action no="3" player="sineax6" type="1" discard="1" dealt="1" sum="40"/>
<action no="4" player="oreiasccp" type="2" sum="80"/>
</round>
<round no="1"><cards type="Pocket" player="oreiasccp">S10 H5</cards>
<cards type="Pocket" player="sineax6">X X</cards>
<action no="5" player="sineax6" type="23" discard="1" dealt="1" sum="362"/>
<action no="6" player="oreiasccp" type="0" sum="0"/>
</round>
</game>
<game gamecode="11538583720"><general><startdate>2025-06-28 08:51:28</startdate>
<round>1</round>
<failsafecounter/>
<players><player seat="6" name="sineax6" chips="458" dealer="0" win="0" bet="88" muck="1" rebuy="0" addon="0" merge="0" rebuychips="0" reg_code="8393533644"/>
<player seat="10" name="oreiasccp" chips="1,042" dealer="1" win="176" bet="458" muck="1" rebuy="0" addon="0" merge="0" rebuychips="0" reg_code="8393533688"/>
</players>
</general>
<round no="0"><action no="1" player="oreiasccp" type="15" sum="8"/>
<action no="2" player="sineax6" type="15" discard="1" dealt="1" sum="8"/>
<action no="3" player="oreiasccp" type="1" sum="40"/>
<action no="4" player="sineax6" type="2" discard="1" dealt="1" sum="80"/>
</round>
<round no="1"><cards type="Pocket" player="oreiasccp">C6 C5</cards>
<cards type="Pocket" player="sineax6">X X</cards>
<action no="5" player="oreiasccp" type="23" sum="450"/>
<action no="6" player="sineax6" type="0" discard="1" dealt="1" sum="0"/>
</round>
</game>
<game gamecode="11538583741"><general><startdate>2025-06-28 08:51:34</startdate>
<round>1</round>
<failsafecounter/>
<players><player seat="10" name="oreiasccp" chips="1,130" dealer="0" win="96" bet="88" muck="1" rebuy="0" addon="0" merge="0" rebuychips="0" reg_code="8393533688"/>
<player seat="6" name="sineax6" chips="370" dealer="1" win="0" bet="48" muck="1" rebuy="0" addon="0" merge="0" rebuychips="0" reg_code="8393533644"/>
</players>
</general>
<round no="0"><action no="1" player="sineax6" type="15" discard="1" dealt="1" sum="8"/>
<action no="2" player="oreiasccp" type="15" sum="8"/>
<action no="3" player="sineax6" type="1" discard="1" dealt="1" sum="40"/>
<action no="4" player="oreiasccp" type="2" sum="80"/>
</round>
<round no="1"><cards type="Pocket" player="sineax6">X X</cards>
<cards type="Pocket" player="oreiasccp">D9 CA</cards>
<action no="5" player="sineax6" type="0" discard="1" dealt="1" sum="0"/>
</round>
</game>
<game gamecode="11538583762"><general><startdate>2025-06-28 08:51:40</startdate>
<round>1</round>
<failsafecounter/>
<players><player seat="6" name="sineax6" chips="322" dealer="0" win="644" bet="322" muck="0" rebuy="0" addon="0" merge="0" rebuychips="0" reg_code="8393533644"/>
<player seat="10" name="oreiasccp" chips="1,178" dealer="1" win="0" bet="322" muck="1" rebuy="0" addon="0" merge="0" rebuychips="0" reg_code="8393533688"/>
</players>
</general>
<round no="0"><action no="1" player="oreiasccp" type="15" sum="8"/>
<action no="2" player="sineax6" type="15" discard="1" dealt="1" sum="8"/>
<action no="3" player="oreiasccp" type="1" sum="40"/>
<action no="4" player="sineax6" type="2" discard="1" dealt="1" sum="80"/>
</round>
<round no="1"><cards type="Pocket" player="sineax6">C8 CQ</cards>
<cards type="Pocket" player="oreiasccp">H9 DJ</cards>
<action no="5" player="oreiasccp" type="23" sum="314"/>
<action no="6" player="sineax6" type="7" discard="1" dealt="1" sum="234"/>
</round>
<round no="2"><cards type="Flop">DK S5 CA</cards>
</round>
<round no="3"><cards type="Turn">C10</cards>
</round>
<round no="4"><cards type="River">H6</cards>
</round>
</game>
<game gamecode="11538583824"><general><startdate>2025-06-28 08:51:55</startdate>
<round>1</round>
<failsafecounter/>
<players><player seat="10" name="oreiasccp" chips="856" dealer="0" win="0" bet="88" muck="1" rebuy="0" addon="0" merge="0" rebuychips="0" reg_code="8393533688"/>
<player seat="6" name="sineax6" chips="644" dealer="1" win="176" bet="644" muck="1" rebuy="0" addon="0" merge="0" rebuychips="0" reg_code="8393533644"/>
</players>
</general>
<round no="0"><action no="1" player="sineax6" type="15" discard="1" dealt="1" sum="8"/>
<action no="2" player="oreiasccp" type="15" sum="8"/>
<action no="3" player="sineax6" type="1" discard="1" dealt="1" sum="40"/>
<action no="4" player="oreiasccp" type="2" sum="80"/>
</round>
<round no="1"><cards type="Pocket" player="sineax6">X X</cards>
<cards type="Pocket" player="oreiasccp">S8 S3</cards>
<action no="5" player="sineax6" type="23" discard="1" dealt="1" sum="636"/>
<action no="6" player="oreiasccp" type="0" sum="0"/>
</round>
</game>
<game gamecode="11538583847"><general><startdate>2025-06-28 08:52:03</startdate>
<round>1</round>
<failsafecounter/>
<players><player seat="6" name="sineax6" chips="732" dealer="0" win="0" bet="732" muck="0" rebuy="0" addon="0" merge="0" rebuychips="0" reg_code="8393533644"/>
<player seat="10" name="oreiasccp" chips="768" dealer="1" win="1,464" bet="732" muck="0" rebuy="0" addon="0" merge="0" rebuychips="0" reg_code="8393533688"/>
</players>
</general>
<round no="0"><action no="1" player="oreiasccp" type="15" sum="8"/>
<action no="2" player="sineax6" type="15" discard="1" dealt="1" sum="8"/>
<action no="3" player="oreiasccp" type="1" sum="40"/>
<action no="4" player="sineax6" type="2" discard="1" dealt="1" sum="80"/>
</round>
<round no="1"><cards type="Pocket" player="sineax6">CQ S10</cards>
<cards type="Pocket" player="oreiasccp">CA D3</cards>
<action no="5" player="oreiasccp" type="23" sum="724"/>
<action no="6" player="sineax6" type="7" discard="1" dealt="1" sum="644"/>
</round>
<round no="2"><cards type="Flop">H4 C8 C9</cards>
</round>
<round no="3"><cards type="Turn">C2</cards>
</round>
<round no="4"><cards type="River">H6</cards>
</round>
</game>
</session>
