<?xml version="1.0" encoding="UTF-8"?>
<session sessioncode="8393569415">
<general>
<client_version>25.1.1.13</client_version>
<mode>real</mode>
<gametype>Holdem NL</gametype>
<tablename>Twister €5 SNG, 1128754242</tablename>
<tournamentcode>1128754241</tournamentcode>
<tournamentname>Twister €5 SNG</tournamentname>
<buyin>€0 + €0.35 + €4.65</buyin>
<totalbuyin>€5</totalbuyin>
<rewarddrawn>€15</rewarddrawn>
<tournamentcurrency>EUR</tournamentcurrency>
<currency>EUR</currency>
<nickname>oreiasccp</nickname>
<gamecount>22</gamecount>
<startdate>2025-06-28 10:32:54</startdate>
<place>3</place>
<win>€0</win>
<tablesize>3</tablesize>
</general>
<game gamecode="11538669051"><general><startdate>2025-06-28 10:33:09</startdate>
<round>1</round>
<failsafecounter/>
<players><player seat="10" name="HTNTN" chips="500" dealer="0" win="20" bet="20" muck="1" rebuy="0" addon="0" merge="0" rebuychips="0" reg_code="8393569414"/>
<player seat="3" name="revolver10" chips="500" dealer="1" win="0" bet="0" muck="1" rebuy="0" addon="0" merge="0" rebuychips="0" reg_code="8393569397"/>
<player seat="6" name="oreiasccp" chips="500" dealer="0" win="0" bet="10" muck="1" rebuy="0" addon="0" merge="0" rebuychips="0" reg_code="8393569415"/>
</players>
</general>
<round no="0"><action no="1" player="oreiasccp" type="1" sum="10"/>
<action no="2" player="HTNTN" type="2" discard="1" dealt="1" sum="20"/>
</round>
<round no="1"><cards type="Pocket" player="HTNTN">X X</cards>
<cards type="Pocket" player="revolver10">X X</cards>
<cards type="Pocket" player="oreiasccp">H8 C2</cards>
<action no="3" player="revolver10" type="0" discard="1" dealt="1" sum="0"/>
<action no="4" player="oreiasccp" type="0" sum="0"/>
</round>
</game>
<game gamecode="11538669090"><general><startdate>2025-06-28 10:33:17</startdate>
<round>1</round>
<failsafecounter/>
<players><player seat="3" name="revolver10" chips="500" dealer="0" win="0" bet="20" muck="1" rebuy="0" addon="0" merge="0" rebuychips="0" reg_code="8393569397"/>
<player seat="6" name="oreiasccp" chips="490" dealer="1" win="0" bet="0" muck="1" rebuy="0" addon="0" merge="0" rebuychips="0" reg_code="8393569415"/>
<player seat="10" name="HTNTN" chips="510" dealer="0" win="40" bet="40" muck="1" rebuy="0" addon="0" merge="0" rebuychips="0" reg_code="8393569414"/>
</players>
</general>
<round no="0"><action no="1" player="HTNTN" type="1" discard="1" dealt="1" sum="10"/>
<action no="2" player="revolver10" type="2" discard="1" dealt="1" sum="20"/>
</round>
<round no="1"><cards type="Pocket" player="oreiasccp">C3 S6</cards>
<cards type="Pocket" player="HTNTN">X X</cards>
<cards type="Pocket" player="revolver10">X X</cards>
<action no="3" player="oreiasccp" type="0" sum="0"/>
<action no="4" player="HTNTN" type="3" discard="1" dealt="1" sum="10"/>
<action no="5" player="revolver10" type="4" discard="1" dealt="1" sum="0"/>
</round>
<round no="2"><cards type="Flop">DA H9 H2</cards>
<action no="6" player="HTNTN" type="5" discard="1" dealt="1" sum="20"/>
<action no="7" player="revolver10" type="0" discard="1" dealt="1" sum="0"/>
</round>
</game>
<game gamecode="11538669161"><general><startdate>2025-06-28 10:33:34</startdate>
<round>1</round>
<failsafecounter/>
<players><player seat="6" name="oreiasccp" chips="490" dealer="0" win="20" bet="20" muck="1" rebuy="0" addon="0" merge="0" rebuychips="0" reg_code="8393569415"/>
<player seat="10" name="HTNTN" chips="530" dealer="1" win="0" bet="0" muck="1" rebuy="0" addon="0" merge="0" rebuychips="0" reg_code="8393569414"/>
<player seat="3" name="revolver10" chips="480" dealer="0" win="0" bet="10" muck="1" rebuy="0" addon="0" merge="0" rebuychips="0" reg_code="8393569397"/>
</players>
</general>
<round no="0"><action no="1" player="revolver10" type="1" discard="1" dealt="1" sum="10"/>
<action no="2" player="oreiasccp" type="2" sum="20"/>
</round>
<round no="1"><cards type="Pocket" player="revolver10">X X</cards>
<cards type="Pocket" player="oreiasccp">DA C10</cards>
<cards type="Pocket" player="HTNTN">X X</cards>
<action no="3" player="HTNTN" type="0" discard="1" dealt="1" sum="0"/>
<action no="4" player="revolver10" type="0" discard="1" dealt="1" sum="0"/>
</round>
</game>
<game gamecode="11538669221"><general><startdate>2025-06-28 10:33:46</startdate>
<round>1</round>
<failsafecounter/>
<players><player seat="10" name="HTNTN" chips="530" dealer="0" win="90" bet="120" muck="1" rebuy="0" addon="0" merge="0" rebuychips="0" reg_code="8393569414"/>
<player seat="3" name="revolver10" chips="470" dealer="1" win="0" bet="40" muck="1" rebuy="0" addon="0" merge="0" rebuychips="0" reg_code="8393569397"/>
<player seat="6" name="oreiasccp" chips="500" dealer="0" win="0" bet="10" muck="1" rebuy="0" addon="0" merge="0" rebuychips="0" reg_code="8393569415"/>
</players>
</general>
<round no="0"><action no="1" player="oreiasccp" type="1" sum="10"/>
<action no="2" player="HTNTN" type="2" discard="1" dealt="1" sum="20"/>
</round>
<round no="1"><cards type="Pocket" player="revolver10">X X</cards>
<cards type="Pocket" player="HTNTN">X X</cards>
<cards type="Pocket" player="oreiasccp">C5 H9</cards>
<action no="3" player="revolver10" type="3" discard="1" dealt="1" sum="20"/>
<action no="4" player="oreiasccp" type="0" sum="0"/>
<action no="5" player="HTNTN" type="4" discard="1" dealt="1" sum="0"/>
</round>
<round no="2"><cards type="Flop">S9 C8 D9</cards>
<action no="6" player="HTNTN" type="4" discard="1" dealt="1" sum="0"/>
<action no="7" player="revolver10" type="4" discard="1" dealt="1" sum="0"/>
</round>
<round no="3"><cards type="Turn">C3</cards>
<action no="8" player="HTNTN" type="5" discard="1" dealt="1" sum="20"/>
<action no="9" player="revolver10" type="3" discard="1" dealt="1" sum="20"/>
</round>
<round no="4"><cards type="River">H8</cards>
<action no="10" player="HTNTN" type="5" discard="1" dealt="1" sum="80"/>
<action no="11" player="revolver10" type="0" discard="1" dealt="1" sum="0"/>
</round>
</game>
<game gamecode="11538669383"><general><startdate>2025-06-28 10:34:23</startdate>
<round>1</round>
<failsafecounter/>
<players><player seat="3" name="revolver10" chips="430" dealer="0" win="0" bet="20" muck="1" rebuy="0" addon="0" merge="0" rebuychips="0" reg_code="8393569397"/>
<player seat="6" name="oreiasccp" chips="490" dealer="1" win="0" bet="0" muck="1" rebuy="0" addon="0" merge="0" rebuychips="0" reg_code="8393569415"/>
<player seat="10" name="HTNTN" chips="580" dealer="0" win="40" bet="50" muck="1" rebuy="0" addon="0" merge="0" rebuychips="0" reg_code="8393569414"/>
</players>
</general>
<round no="0"><action no="1" player="HTNTN" type="1" discard="1" dealt="1" sum="10"/>
<action no="2" player="revolver10" type="2" discard="1" dealt="1" sum="20"/>
</round>
<round no="1"><cards type="Pocket" player="revolver10">X X</cards>
<cards type="Pocket" player="oreiasccp">H3 SJ</cards>
<cards type="Pocket" player="HTNTN">X X</cards>
<action no="3" player="oreiasccp" type="0" sum="0"/>
<action no="4" player="HTNTN" type="23" discard="1" dealt="1" sum="50"/>
<action no="5" player="revolver10" type="0" discard="1" dealt="1" sum="0"/>
</round>
</game>
<game gamecode="11538669424"><general><startdate>2025-06-28 10:34:32</startdate>
<round>1</round>
<failsafecounter/>
<players><player seat="6" name="oreiasccp" chips="490" dealer="0" win="0" bet="20" muck="1" rebuy="0" addon="0" merge="0" rebuychips="0" reg_code="8393569415"/>
<player seat="10" name="HTNTN" chips="600" dealer="1" win="0" bet="0" muck="1" rebuy="0" addon="0" merge="0" rebuychips="0" reg_code="8393569414"/>
<player seat="3" name="revolver10" chips="410" dealer="0" win="40" bet="40" muck="1" rebuy="0" addon="0" merge="0" rebuychips="0" reg_code="8393569397"/>
</players>
</general>
<round no="0"><action no="1" player="revolver10" type="1" discard="1" dealt="1" sum="10"/>
<action no="2" player="oreiasccp" type="2" sum="20"/>
</round>
<round no="1"><cards type="Pocket" player="HTNTN">X X</cards>
<cards type="Pocket" player="oreiasccp">D7 H6</cards>
<cards type="Pocket" player="revolver10">X X</cards>
<action no="3" player="HTNTN" type="0" discard="1" dealt="1" sum="0"/>
<action no="4" player="revolver10" type="3" discard="1" dealt="1" sum="10"/>
<action no="5" player="oreiasccp" type="4" sum="0"/>
</round>
<round no="2"><cards type="Flop">CJ DA H3</cards>
<action no="6" player="revolver10" type="4" discard="1" dealt="1" sum="0"/>
<action no="7" player="oreiasccp" type="4" sum="0"/>
</round>
<round no="3"><cards type="Turn">HQ</cards>
<action no="8" player="revolver10" type="5" discard="1" dealt="1" sum="20"/>
<action no="9" player="oreiasccp" type="0" sum="0"/>
</round>
</game>
<game gamecode="11538669491"><general><startdate>2025-06-28 10:34:49</startdate>
<round>1</round>
<failsafecounter/>
<players><player seat="10" name="HTNTN" chips="600" dealer="0" win="0" bet="20" muck="1" rebuy="0" addon="0" merge="0" rebuychips="0" reg_code="8393569414"/>
<player seat="3" name="revolver10" chips="430" dealer="1" win="0" bet="0" muck="1" rebuy="0" addon="0" merge="0" rebuychips="0" reg_code="8393569397"/>
<player seat="6" name="oreiasccp" chips="470" dealer="0" win="40" bet="470" muck="1" rebuy="0" addon="0" merge="0" rebuychips="0" reg_code="8393569415"/>
</players>
</general>
<round no="0"><action no="1" player="oreiasccp" type="1" sum="10"/>
<action no="2" player="HTNTN" type="2" discard="1" dealt="1" sum="20"/>
</round>
<round no="1"><cards type="Pocket" player="HTNTN">X X</cards>
<cards type="Pocket" player="revolver10">X X</cards>
<cards type="Pocket" player="oreiasccp">SA CJ</cards>
<action no="3" player="revolver10" type="0" discard="1" dealt="1" sum="0"/>
<action no="4" player="oreiasccp" type="23" sum="470"/>
<action no="5" player="HTNTN" type="0" discard="1" dealt="1" sum="0"/>
</round>
</game>
<game gamecode="11538669552"><general><startdate>2025-06-28 10:35:01</startdate>
<round>1</round>
<failsafecounter/>
<players><player seat="3" name="revolver10" chips="430" dealer="0" win="130" bet="140" muck="1" rebuy="0" addon="0" merge="0" rebuychips="0" reg_code="8393569397"/>
<player seat="6" name="oreiasccp" chips="490" dealer="1" win="0" bet="60" muck="1" rebuy="0" addon="0" merge="0" rebuychips="0" reg_code="8393569415"/>
<player seat="10" name="HTNTN" chips="580" dealer="0" win="0" bet="10" muck="1" rebuy="0" addon="0" merge="0" rebuychips="0" reg_code="8393569414"/>
</players>
</general>
<round no="0"><action no="1" player="HTNTN" type="1" discard="1" dealt="1" sum="10"/>
<action no="2" player="revolver10" type="2" discard="1" dealt="1" sum="20"/>
</round>
<round no="1"><cards type="Pocket" player="revolver10">X X</cards>
<cards type="Pocket" player="oreiasccp">C10 HJ</cards>
<cards type="Pocket" player="HTNTN">X X</cards>
<action no="3" player="oreiasccp" type="23" sum="40"/>
<action no="4" player="HTNTN" type="0" discard="1" dealt="1" sum="0"/>
<action no="5" player="revolver10" type="3" discard="1" dealt="1" sum="20"/>
</round>
<round no="2"><cards type="Flop">C6 D2 C9</cards>
<action no="6" player="revolver10" type="4" discard="1" dealt="1" sum="0"/>
<action no="7" player="oreiasccp" type="5" sum="20"/>
<action no="8" player="revolver10" type="3" discard="1" dealt="1" sum="20"/>
</round>
<round no="3"><cards type="Turn">S2</cards>
<action no="9" player="revolver10" type="4" discard="1" dealt="1" sum="0"/>
<action no="10" player="oreiasccp" type="4" sum="0"/>
</round>
<round no="4"><cards type="River">H6</cards>
<action no="11" player="revolver10" type="5" discard="1" dealt="1" sum="80"/>
<action no="12" player="oreiasccp" type="0" sum="0"/>
</round>
</game>
<game gamecode="11538669679"><general><startdate>2025-06-28 10:35:28</startdate>
<round>1</round>
<failsafecounter/>
<players><player seat="6" name="oreiasccp" chips="430" dealer="0" win="0" bet="35" muck="1" rebuy="0" addon="0" merge="0" rebuychips="0" reg_code="8393569415"/>
<player seat="10" name="HTNTN" chips="570" dealer="1" win="90" bet="65" muck="1" rebuy="0" addon="0" merge="0" rebuychips="0" reg_code="8393569414"/>
<player seat="3" name="revolver10" chips="500" dealer="0" win="0" bet="20" muck="1" rebuy="0" addon="0" merge="0" rebuychips="0" reg_code="8393569397"/>
</players>
</general>
<round no="0"><action no="1" player="revolver10" type="15" discard="1" dealt="1" sum="5"/>
<action no="2" player="oreiasccp" type="15" sum="5"/>
<action no="3" player="HTNTN" type="15" discard="1" dealt="1" sum="5"/>
<action no="4" player="revolver10" type="1" discard="1" dealt="1" sum="15"/>
<action no="5" player="oreiasccp" type="2" sum="30"/>
</round>
<round no="1"><cards type="Pocket" player="revolver10">X X</cards>
<cards type="Pocket" player="oreiasccp">S6 DQ</cards>
<cards type="Pocket" player="HTNTN">X X</cards>
<action no="6" player="HTNTN" type="23" discard="1" dealt="1" sum="60"/>
<action no="7" player="revolver10" type="0" discard="1" dealt="1" sum="0"/>
<action no="8" player="oreiasccp" type="0" sum="0"/>
</round>
</game>
<game gamecode="11538674788"><general><startdate>2025-06-28 10:35:40</startdate>
<round>1</round>
<failsafecounter/>
<players><player seat="10" name="HTNTN" chips="625" dealer="0" win="75" bet="575" muck="1" rebuy="0" addon="0" merge="0" rebuychips="0" reg_code="8393569414"/>
<player seat="3" name="revolver10" chips="480" dealer="1" win="0" bet="5" muck="1" rebuy="0" addon="0" merge="0" rebuychips="0" reg_code="8393569397"/>
<player seat="6" name="oreiasccp" chips="395" dealer="0" win="0" bet="35" muck="1" rebuy="0" addon="0" merge="0" rebuychips="0" reg_code="8393569415"/>
</players>
</general>
<round no="0"><action no="1" player="oreiasccp" type="15" sum="5"/>
<action no="2" player="HTNTN" type="15" discard="1" dealt="1" sum="5"/>
<action no="3" player="revolver10" type="15" discard="1" dealt="1" sum="5"/>
<action no="4" player="oreiasccp" type="1" sum="15"/>
<action no="5" player="HTNTN" type="2" discard="1" dealt="1" sum="30"/>
</round>
<round no="1"><cards type="Pocket" player="oreiasccp">H9 H6</cards>
<cards type="Pocket" player="revolver10">X X</cards>
<cards type="Pocket" player="HTNTN">X X</cards>
<action no="6" player="revolver10" type="0" discard="1" dealt="1" sum="0"/>
<action no="7" player="oreiasccp" type="3" sum="15"/>
<action no="8" player="HTNTN" type="23" discard="1" dealt="1" sum="570"/>
<action no="9" player="oreiasccp" type="0" sum="0"/>
</round>
</game>
<game gamecode="11538674868"><general><startdate>2025-06-28 10:35:58</startdate>
<round>1</round>
<failsafecounter/>
<players><player seat="3" name="revolver10" chips="475" dealer="0" win="0" bet="35" muck="1" rebuy="0" addon="0" merge="0" rebuychips="0" reg_code="8393569397"/>
<player seat="6" name="oreiasccp" chips="360" dealer="1" win="90" bet="360" muck="1" rebuy="0" addon="0" merge="0" rebuychips="0" reg_code="8393569415"/>
<player seat="10" name="HTNTN" chips="665" dealer="0" win="0" bet="20" muck="1" rebuy="0" addon="0" merge="0" rebuychips="0" reg_code="8393569414"/>
</players>
</general>
<round no="0"><action no="1" player="HTNTN" type="15" discard="1" dealt="1" sum="5"/>
<action no="2" player="revolver10" type="15" discard="1" dealt="1" sum="5"/>
<action no="3" player="oreiasccp" type="15" sum="5"/>
<action no="4" player="HTNTN" type="1" discard="1" dealt="1" sum="15"/>
<action no="5" player="revolver10" type="2" discard="1" dealt="1" sum="30"/>
</round>
<round no="1"><cards type="Pocket" player="revolver10">X X</cards>
<cards type="Pocket" player="oreiasccp">DK S10</cards>
<cards type="Pocket" player="HTNTN">X X</cards>
<action no="6" player="oreiasccp" type="23" sum="355"/>
<action no="7" player="HTNTN" type="0" discard="1" dealt="1" sum="0"/>
<action no="8" player="revolver10" type="0" discard="1" dealt="1" sum="0"/>
</round>
</game>
<game gamecode="11538674916"><general><startdate>2025-06-28 10:36:07</startdate>
<round>1</round>
<failsafecounter/>
<players><player seat="6" name="oreiasccp" chips="415" dealer="0" win="0" bet="35" muck="1" rebuy="0" addon="0" merge="0" rebuychips="0" reg_code="8393569415"/>
<player seat="10" name="HTNTN" chips="645" dealer="1" win="0" bet="5" muck="1" rebuy="0" addon="0" merge="0" rebuychips="0" reg_code="8393569414"/>
<player seat="3" name="revolver10" chips="440" dealer="0" win="75" bet="65" muck="1" rebuy="0" addon="0" merge="0" rebuychips="0" reg_code="8393569397"/>
</players>
</general>
<round no="0"><action no="1" player="revolver10" type="15" discard="1" dealt="1" sum="5"/>
<action no="2" player="oreiasccp" type="15" sum="5"/>
<action no="3" player="HTNTN" type="15" discard="1" dealt="1" sum="5"/>
<action no="4" player="revolver10" type="1" discard="1" dealt="1" sum="15"/>
<action no="5" player="oreiasccp" type="2" sum="30"/>
</round>
<round no="1"><cards type="Pocket" player="HTNTN">X X</cards>
<cards type="Pocket" player="oreiasccp">C8 S4</cards>
<cards type="Pocket" player="revolver10">X X</cards>
<action no="6" player="HTNTN" type="0" discard="1" dealt="1" sum="0"/>
<action no="7" player="revolver10" type="23" discard="1" dealt="1" sum="60"/>
<action no="8" player="oreiasccp" type="0" sum="0"/>
</round>
</game>
<game gamecode="11538674967"><general><startdate>2025-06-28 10:36:18</startdate>
<round>1</round>
<failsafecounter/>
<players><player seat="10" name="HTNTN" chips="640" dealer="0" win="0" bet="35" muck="1" rebuy="0" addon="0" merge="0" rebuychips="0" reg_code="8393569414"/>
<player seat="3" name="revolver10" chips="480" dealer="1" win="0" bet="5" muck="1" rebuy="0" addon="0" merge="0" rebuychips="0" reg_code="8393569397"/>
<player seat="6" name="oreiasccp" chips="380" dealer="0" win="75" bet="380" muck="1" rebuy="0" addon="0" merge="0" rebuychips="0" reg_code="8393569415"/>
</players>
</general>
<round no="0"><action no="1" player="oreiasccp" type="15" sum="5"/>
<action no="2" player="HTNTN" type="15" discard="1" dealt="1" sum="5"/>
<action no="3" player="revolver10" type="15" discard="1" dealt="1" sum="5"/>
<action no="4" player="oreiasccp" type="1" sum="15"/>
<action no="5" player="HTNTN" type="2" discard="1" dealt="1" sum="30"/>
</round>
<round no="1"><cards type="Pocket" player="oreiasccp">H7 CK</cards>
<cards type="Pocket" player="revolver10">X X</cards>
<cards type="Pocket" player="HTNTN">X X</cards>
<action no="6" player="revolver10" type="0" discard="1" dealt="1" sum="0"/>
<action no="7" player="oreiasccp" type="23" sum="375"/>
<action no="8" player="HTNTN" type="0" discard="1" dealt="1" sum="0"/>
</round>
</game>
<game gamecode="11538675040"><general><startdate>2025-06-28 10:36:31</startdate>
<round>1</round>
<failsafecounter/>
<players><player seat="3" name="revolver10" chips="475" dealer="0" win="0" bet="35" muck="1" rebuy="0" addon="0" merge="0" rebuychips="0" reg_code="8393569397"/>
<player seat="6" name="oreiasccp" chips="420" dealer="1" win="0" bet="65" muck="1" rebuy="0" addon="0" merge="0" rebuychips="0" reg_code="8393569415"/>
<player seat="10" name="HTNTN" chips="605" dealer="0" win="165" bet="605" muck="1" rebuy="0" addon="0" merge="0" rebuychips="0" reg_code="8393569414"/>
</players>
</general>
<round no="0"><action no="1" player="HTNTN" type="15" discard="1" dealt="1" sum="5"/>
<action no="2" player="revolver10" type="15" discard="1" dealt="1" sum="5"/>
<action no="3" player="oreiasccp" type="15" sum="5"/>
<action no="4" player="HTNTN" type="1" discard="1" dealt="1" sum="15"/>
<action no="5" player="revolver10" type="2" discard="1" dealt="1" sum="30"/>
</round>
<round no="1"><cards type="Pocket" player="oreiasccp">HA C5</cards>
<cards type="Pocket" player="revolver10">X X</cards>
<cards type="Pocket" player="HTNTN">X X</cards>
<action no="6" player="oreiasccp" type="23" sum="60"/>
<action no="7" player="HTNTN" type="23" discard="1" dealt="1" sum="600"/>
<action no="8" player="revolver10" type="0" discard="1" dealt="1" sum="0"/>
<action no="9" player="oreiasccp" type="0" sum="0"/>
</round>
</game>
<game gamecode="11538675101"><general><startdate>2025-06-28 10:36:45</startdate>
<round>1</round>
<failsafecounter/>
<players><player seat="6" name="oreiasccp" chips="355" dealer="0" win="135" bet="65" muck="0" rebuy="0" addon="0" merge="0" rebuychips="0" reg_code="8393569415"/>
<player seat="10" name="HTNTN" chips="705" dealer="1" win="0" bet="5" muck="1" rebuy="0" addon="0" merge="0" rebuychips="0" reg_code="8393569414"/>
<player seat="3" name="revolver10" chips="440" dealer="0" win="0" bet="65" muck="1" rebuy="0" addon="0" merge="0" rebuychips="0" reg_code="8393569397"/>
</players>
</general>
<round no="0"><action no="1" player="revolver10" type="15" discard="1" dealt="1" sum="5"/>
<action no="2" player="oreiasccp" type="15" sum="5"/>
<action no="3" player="HTNTN" type="15" discard="1" dealt="1" sum="5"/>
<action no="4" player="revolver10" type="1" discard="1" dealt="1" sum="15"/>
<action no="5" player="oreiasccp" type="2" sum="30"/>
</round>
<round no="1"><cards type="Pocket" player="revolver10">S6 S3</cards>
<cards type="Pocket" player="oreiasccp">S9 SK</cards>
<cards type="Pocket" player="HTNTN">X X</cards>
<action no="6" player="HTNTN" type="0" discard="1" dealt="1" sum="0"/>
<action no="7" player="revolver10" type="3" discard="1" dealt="1" sum="15"/>
<action no="8" player="oreiasccp" type="23" sum="60"/>
<action no="9" player="revolver10" type="3" discard="1" dealt="1" sum="30"/>
</round>
<round no="2"><cards type="Flop">D10 H6 D9</cards>
<action no="10" player="revolver10" type="4" discard="1" dealt="1" sum="0"/>
<action no="11" player="oreiasccp" type="4" sum="0"/>
</round>
<round no="3"><cards type="Turn">DA</cards>
<action no="12" player="revolver10" type="4" discard="1" dealt="1" sum="0"/>
<action no="13" player="oreiasccp" type="4" sum="0"/>
</round>
<round no="4"><cards type="River">D4</cards>
<action no="14" player="revolver10" type="4" discard="1" dealt="1" sum="0"/>
<action no="15" player="oreiasccp" type="4" sum="0"/>
</round>
</game>
<game gamecode="11538675217"><general><startdate>2025-06-28 10:37:11</startdate>
<round>1</round>
<failsafecounter/>
<players><player seat="10" name="HTNTN" chips="700" dealer="0" win="55" bet="45" muck="1" rebuy="0" addon="0" merge="0" rebuychips="0" reg_code="8393569414"/>
<player seat="3" name="revolver10" chips="375" dealer="1" win="0" bet="5" muck="1" rebuy="0" addon="0" merge="0" rebuychips="0" reg_code="8393569397"/>
<player seat="6" name="oreiasccp" chips="425" dealer="0" win="0" bet="25" muck="1" rebuy="0" addon="0" merge="0" rebuychips="0" reg_code="8393569415"/>
</players>
</general>
<round no="0"><action no="1" player="oreiasccp" type="15" sum="5"/>
<action no="2" player="HTNTN" type="15" discard="1" dealt="1" sum="5"/>
<action no="3" player="revolver10" type="15" discard="1" dealt="1" sum="5"/>
<action no="4" player="oreiasccp" type="1" sum="20"/>
<action no="5" player="HTNTN" type="2" discard="1" dealt="1" sum="40"/>
</round>
<round no="1"><cards type="Pocket" player="revolver10">X X</cards>
<cards type="Pocket" player="oreiasccp">S10 D2</cards>
<cards type="Pocket" player="HTNTN">X X</cards>
<action no="6" player="revolver10" type="0" discard="1" dealt="1" sum="0"/>
<action no="7" player="oreiasccp" type="0" sum="0"/>
</round>
</game>
<game gamecode="11538675248"><general><startdate>2025-06-28 10:37:17</startdate>
<round>1</round>
<failsafecounter/>
<players><player seat="3" name="revolver10" chips="370" dealer="0" win="55" bet="45" muck="1" rebuy="0" addon="0" merge="0" rebuychips="0" reg_code="8393569397"/>
<player seat="6" name="oreiasccp" chips="400" dealer="1" win="0" bet="5" muck="1" rebuy="0" addon="0" merge="0" rebuychips="0" reg_code="8393569415"/>
<player seat="10" name="HTNTN" chips="730" dealer="0" win="0" bet="25" muck="1" rebuy="0" addon="0" merge="0" rebuychips="0" reg_code="8393569414"/>
</players>
</general>
<round no="0"><action no="1" player="HTNTN" type="15" discard="1" dealt="1" sum="5"/>
<action no="2" player="revolver10" type="15" discard="1" dealt="1" sum="5"/>
<action no="3" player="oreiasccp" type="15" sum="5"/>
<action no="4" player="HTNTN" type="1" discard="1" dealt="1" sum="20"/>
<action no="5" player="revolver10" type="2" discard="1" dealt="1" sum="40"/>
</round>
<round no="1"><cards type="Pocket" player="oreiasccp">H10 C6</cards>
<cards type="Pocket" player="HTNTN">X X</cards>
<cards type="Pocket" player="revolver10">X X</cards>
<action no="6" player="oreiasccp" type="0" sum="0"/>
<action no="7" player="HTNTN" type="0" discard="1" dealt="1" sum="0"/>
</round>
</game>
<game gamecode="11538675292"><general><startdate>2025-06-28 10:37:26</startdate>
<round>1</round>
<failsafecounter/>
<players><player seat="6" name="oreiasccp" chips="395" dealer="0" win="55" bet="45" muck="1" rebuy="0" addon="0" merge="0" rebuychips="0" reg_code="8393569415"/>
<player seat="10" name="HTNTN" chips="705" dealer="1" win="0" bet="5" muck="1" rebuy="0" addon="0" merge="0" rebuychips="0" reg_code="8393569414"/>
<player seat="3" name="revolver10" chips="400" dealer="0" win="0" bet="25" muck="1" rebuy="0" addon="0" merge="0" rebuychips="0" reg_code="8393569397"/>
</players>
</general>
<round no="0"><action no="1" player="revolver10" type="15" discard="1" dealt="1" sum="5"/>
<action no="2" player="oreiasccp" type="15" sum="5"/>
<action no="3" player="HTNTN" type="15" discard="1" dealt="1" sum="5"/>
<action no="4" player="revolver10" type="1" discard="1" dealt="1" sum="20"/>
<action no="5" player="oreiasccp" type="2" sum="40"/>
</round>
<round no="1"><cards type="Pocket" player="oreiasccp">C7 D8</cards>
<cards type="Pocket" player="HTNTN">X X</cards>
<cards type="Pocket" player="revolver10">X X</cards>
<action no="6" player="HTNTN" type="0" discard="1" dealt="1" sum="0"/>
<action no="7" player="revolver10" type="0" discard="1" dealt="1" sum="0"/>
</round>
</game>
<game gamecode="11538675362"><general><startdate>2025-06-28 10:37:40</startdate>
<round>1</round>
<failsafecounter/>
<players><player seat="10" name="HTNTN" chips="700" dealer="0" win="55" bet="45" muck="1" rebuy="0" addon="0" merge="0" rebuychips="0" reg_code="8393569414"/>
<player seat="3" name="revolver10" chips="375" dealer="1" win="0" bet="5" muck="1" rebuy="0" addon="0" merge="0" rebuychips="0" reg_code="8393569397"/>
<player seat="6" name="oreiasccp" chips="425" dealer="0" win="0" bet="25" muck="1" rebuy="0" addon="0" merge="0" rebuychips="0" reg_code="8393569415"/>
</players>
</general>
<round no="0"><action no="1" player="oreiasccp" type="15" sum="5"/>
<action no="2" player="HTNTN" type="15" discard="1" dealt="1" sum="5"/>
<action no="3" player="revolver10" type="15" discard="1" dealt="1" sum="5"/>
<action no="4" player="oreiasccp" type="1" sum="20"/>
<action no="5" player="HTNTN" type="2" discard="1" dealt="1" sum="40"/>
</round>
<round no="1"><cards type="Pocket" player="oreiasccp">C5 SJ</cards>
<cards type="Pocket" player="revolver10">X X</cards>
<cards type="Pocket" player="HTNTN">X X</cards>
<action no="6" player="revolver10" type="0" discard="1" dealt="1" sum="0"/>
<action no="7" player="oreiasccp" type="0" sum="0"/>
</round>
</game>
<game gamecode="11538675392"><general><startdate>2025-06-28 10:37:47</startdate>
<round>1</round>
<failsafecounter/>
<players><player seat="3" name="revolver10" chips="370" dealer="0" win="55" bet="45" muck="1" rebuy="0" addon="0" merge="0" rebuychips="0" reg_code="8393569397"/>
<player seat="6" name="oreiasccp" chips="400" dealer="1" win="0" bet="5" muck="1" rebuy="0" addon="0" merge="0" rebuychips="0" reg_code="8393569415"/>
<player seat="10" name="HTNTN" chips="730" dealer="0" win="0" bet="25" muck="1" rebuy="0" addon="0" merge="0" rebuychips="0" reg_code="8393569414"/>
</players>
</general>
<round no="0"><action no="1" player="HTNTN" type="15" discard="1" dealt="1" sum="5"/>
<action no="2" player="revolver10" type="15" discard="1" dealt="1" sum="5"/>
<action no="3" player="oreiasccp" type="15" sum="5"/>
<action no="4" player="HTNTN" type="1" discard="1" dealt="1" sum="20"/>
<action no="5" player="revolver10" type="2" discard="1" dealt="1" sum="40"/>
</round>
<round no="1"><cards type="Pocket" player="HTNTN">X X</cards>
<cards type="Pocket" player="revolver10">X X</cards>
<cards type="Pocket" player="oreiasccp">S5 DQ</cards>
<action no="6" player="oreiasccp" type="0" sum="0"/>
<action no="7" player="HTNTN" type="0" discard="1" dealt="1" sum="0"/>
</round>
</game>
<game gamecode="11538675475"><general><startdate>2025-06-28 10:38:03</startdate>
<round>1</round>
<failsafecounter/>
<players><player seat="6" name="oreiasccp" chips="395" dealer="0" win="0" bet="45" muck="1" rebuy="0" addon="0" merge="0" rebuychips="0" reg_code="8393569415"/>
<player seat="10" name="HTNTN" chips="705" dealer="1" win="115" bet="85" muck="1" rebuy="0" addon="0" merge="0" rebuychips="0" reg_code="8393569414"/>
<player seat="3" name="revolver10" chips="400" dealer="0" win="0" bet="25" muck="1" rebuy="0" addon="0" merge="0" rebuychips="0" reg_code="8393569397"/>
</players>
</general>
<round no="0"><action no="1" player="revolver10" type="15" discard="1" dealt="1" sum="5"/>
<action no="2" player="oreiasccp" type="15" sum="5"/>
<action no="3" player="HTNTN" type="15" discard="1" dealt="1" sum="5"/>
<action no="4" player="revolver10" type="1" discard="1" dealt="1" sum="20"/>
<action no="5" player="oreiasccp" type="2" sum="40"/>
</round>
<round no="1"><cards type="Pocket" player="revolver10">X X</cards>
<cards type="Pocket" player="oreiasccp">DJ H5</cards>
<cards type="Pocket" player="HTNTN">X X</cards>
<action no="6" player="HTNTN" type="23" discard="1" dealt="1" sum="80"/>
<action no="7" player="revolver10" type="0" discard="1" dealt="1" sum="0"/>
<action no="8" player="oreiasccp" type="0" sum="0"/>
</round>
</game>
<game gamecode="11538675551"><general><startdate>2025-06-28 10:38:19</startdate>
<round>1</round>
<failsafecounter/>
<players><player seat="10" name="HTNTN" chips="775" dealer="0" win="705" bet="350" muck="0" rebuy="0" addon="0" merge="0" rebuychips="0" reg_code="8393569414"/>
<player seat="3" name="revolver10" chips="375" dealer="1" win="0" bet="5" muck="1" rebuy="0" addon="0" merge="0" rebuychips="0" reg_code="8393569397"/>
<player seat="6" name="oreiasccp" chips="350" dealer="0" win="0" bet="350" muck="0" rebuy="0" addon="0" merge="0" rebuychips="0" reg_code="8393569415"/>
</players>
</general>
<round no="0"><action no="1" player="oreiasccp" type="15" sum="5"/>
<action no="2" player="HTNTN" type="15" discard="1" dealt="1" sum="5"/>
<action no="3" player="revolver10" type="15" discard="1" dealt="1" sum="5"/>
<action no="4" player="oreiasccp" type="1" sum="20"/>
<action no="5" player="HTNTN" type="2" discard="1" dealt="1" sum="40"/>
</round>
<round no="1"><cards type="Pocket" player="oreiasccp">C4 SA</cards>
<cards type="Pocket" player="revolver10">X X</cards>
<cards type="Pocket" player="HTNTN">D3 DQ</cards>
<action no="6" player="revolver10" type="0" discard="1" dealt="1" sum="0"/>
<action no="7" player="oreiasccp" type="23" sum="345"/>
<action no="8" player="HTNTN" type="3" discard="1" dealt="1" sum="305"/>
</round>
<round no="2"><cards type="Flop">S3 H3 DK</cards>
</round>
<round no="3"><cards type="Turn">S4</cards>
</round>
<round no="4"><cards type="River">DJ</cards>
</round>
</game>
</session>
