<?xml version="1.0" encoding="UTF-8"?>
<session sessioncode="8393524164">
<general>
<client_version>25.1.1.13</client_version>
<mode>real</mode>
<gametype>Holdem NL</gametype>
<tablename>Twister €5 SNG, 1128747364</tablename>
<tournamentcode>1128747363</tournamentcode>
<tournamentname>Twister €5 SNG</tournamentname>
<buyin>€0 + €0.35 + €4.65</buyin>
<totalbuyin>€5</totalbuyin>
<rewarddrawn>€10</rewarddrawn>
<tournamentcurrency>EUR</tournamentcurrency>
<currency>EUR</currency>
<nickname>oreiasccp</nickname>
<gamecount>15</gamecount>
<startdate>2025-06-28 08:02:39</startdate>
<place>2</place>
<win>€0</win>
<tablesize>3</tablesize>
</general>
<game gamecode="11538546540"><general><startdate>2025-06-28 08:02:55</startdate>
<round>1</round>
<failsafecounter/>
<players><player seat="3" name="giannhsKollias" chips="500" dealer="0" win="400" bet="280" muck="1" rebuy="0" addon="0" merge="0" rebuychips="0" reg_code="8393524159"/>
<player seat="6" name="oreiasccp" chips="500" dealer="1" win="0" bet="40" muck="1" rebuy="0" addon="0" merge="0" rebuychips="0" reg_code="8393524164"/>
<player seat="10" name="housefalse512" chips="500" dealer="0" win="0" bet="180" muck="1" rebuy="0" addon="0" merge="0" rebuychips="0" reg_code="8393524179"/>
</players>
</general>
<round no="0"><action no="1" player="housefalse512" type="1" discard="1" dealt="1" sum="10"/>
<action no="2" player="giannhsKollias" type="2" discard="1" dealt="1" sum="20"/>
</round>
<round no="1"><cards type="Pocket" player="oreiasccp">D7 D6</cards>
<cards type="Pocket" player="giannhsKollias">X X</cards>
<cards type="Pocket" player="housefalse512">X X</cards>
<action no="3" player="oreiasccp" type="23" sum="40"/>
<action no="4" player="housefalse512" type="3" discard="1" dealt="1" sum="30"/>
<action no="5" player="giannhsKollias" type="3" discard="1" dealt="1" sum="20"/>
</round>
<round no="2"><cards type="Flop">H4 DK SQ</cards>
<action no="6" player="housefalse512" type="5" discard="1" dealt="1" sum="20"/>
<action no="7" player="giannhsKollias" type="23" discard="1" dealt="1" sum="40"/>
<action no="8" player="oreiasccp" type="0" sum="0"/>
<action no="9" player="housefalse512" type="3" discard="1" dealt="1" sum="20"/>
</round>
<round no="3"><cards type="Turn">H5</cards>
<action no="10" player="housefalse512" type="5" discard="1" dealt="1" sum="100"/>
<action no="11" player="giannhsKollias" type="23" discard="1" dealt="1" sum="200"/>
<action no="12" player="housefalse512" type="0" discard="1" dealt="1" sum="0"/>
</round>
</game>
<game gamecode="11538546579"><general><startdate>2025-06-28 08:03:14</startdate>
<round>1</round>
<failsafecounter/>
<players><player seat="6" name="oreiasccp" chips="460" dealer="0" win="80" bet="40" muck="0" rebuy="0" addon="0" merge="0" rebuychips="0" reg_code="8393524164"/>
<player seat="10" name="housefalse512" chips="320" dealer="1" win="0" bet="0" muck="1" rebuy="0" addon="0" merge="0" rebuychips="0" reg_code="8393524179"/>
<player seat="3" name="giannhsKollias" chips="720" dealer="0" win="0" bet="40" muck="1" rebuy="0" addon="0" merge="0" rebuychips="0" reg_code="8393524159"/>
</players>
</general>
<round no="0"><action no="1" player="giannhsKollias" type="1" discard="1" dealt="1" sum="10"/>
<action no="2" player="oreiasccp" type="2" sum="20"/>
</round>
<round no="1"><cards type="Pocket" player="giannhsKollias">HK S8</cards>
<cards type="Pocket" player="housefalse512">X X</cards>
<cards type="Pocket" player="oreiasccp">HJ D7</cards>
<action no="3" player="housefalse512" type="0" discard="1" dealt="1" sum="0"/>
<action no="4" player="giannhsKollias" type="3" discard="1" dealt="1" sum="10"/>
<action no="5" player="oreiasccp" type="4" sum="0"/>
</round>
<round no="2"><cards type="Flop">HA H7 C5</cards>
<action no="6" player="giannhsKollias" type="4" discard="1" dealt="1" sum="0"/>
<action no="7" player="oreiasccp" type="4" sum="0"/>
</round>
<round no="3"><cards type="Turn">S10</cards>
<action no="8" player="giannhsKollias" type="4" discard="1" dealt="1" sum="0"/>
<action no="9" player="oreiasccp" type="4" sum="0"/>
</round>
<round no="4"><cards type="River">C10</cards>
<action no="10" player="giannhsKollias" type="4" discard="1" dealt="1" sum="0"/>
<action no="11" player="oreiasccp" type="5" sum="20"/>
<action no="12" player="giannhsKollias" type="3" discard="1" dealt="1" sum="20"/>
</round>
</game>
<game gamecode="11538546629"><general><startdate>2025-06-28 08:03:32</startdate>
<round>1</round>
<failsafecounter/>
<players><player seat="10" name="housefalse512" chips="320" dealer="0" win="0" bet="320" muck="0" rebuy="0" addon="0" merge="0" rebuychips="0" reg_code="8393524179"/>
<player seat="3" name="giannhsKollias" chips="680" dealer="1" win="660" bet="680" muck="0" rebuy="0" addon="0" merge="0" rebuychips="0" reg_code="8393524159"/>
<player seat="6" name="oreiasccp" chips="500" dealer="0" win="0" bet="20" muck="1" rebuy="0" addon="0" merge="0" rebuychips="0" reg_code="8393524164"/>
</players>
</general>
<round no="0"><action no="1" player="oreiasccp" type="1" sum="10"/>
<action no="2" player="housefalse512" type="2" discard="1" dealt="1" sum="20"/>
</round>
<round no="1"><cards type="Pocket" player="housefalse512">HQ SQ</cards>
<cards type="Pocket" player="oreiasccp">S8 C9</cards>
<cards type="Pocket" player="giannhsKollias">DK CK</cards>
<action no="3" player="giannhsKollias" type="3" discard="1" dealt="1" sum="20"/>
<action no="4" player="oreiasccp" type="3" sum="10"/>
<action no="5" player="housefalse512" type="4" discard="1" dealt="1" sum="0"/>
</round>
<round no="2"><cards type="Flop">C2 SK D3</cards>
<action no="6" player="oreiasccp" type="4" sum="0"/>
<action no="7" player="housefalse512" type="4" discard="1" dealt="1" sum="0"/>
<action no="8" player="giannhsKollias" type="5" discard="1" dealt="1" sum="20"/>
<action no="9" player="oreiasccp" type="0" sum="0"/>
<action no="10" player="housefalse512" type="23" discard="1" dealt="1" sum="40"/>
<action no="11" player="giannhsKollias" type="23" discard="1" dealt="1" sum="60"/>
<action no="12" player="housefalse512" type="3" discard="1" dealt="1" sum="20"/>
</round>
<round no="3"><cards type="Turn">DJ</cards>
<action no="13" player="housefalse512" type="4" discard="1" dealt="1" sum="0"/>
<action no="14" player="giannhsKollias" type="5" discard="1" dealt="1" sum="20"/>
<action no="15" player="housefalse512" type="3" discard="1" dealt="1" sum="20"/>
</round>
<round no="4"><cards type="River">S6</cards>
<action no="16" player="housefalse512" type="4" discard="1" dealt="1" sum="0"/>
<action no="17" player="giannhsKollias" type="5" discard="1" dealt="1" sum="20"/>
<action no="18" player="housefalse512" type="23" discard="1" dealt="1" sum="40"/>
<action no="19" player="giannhsKollias" type="23" discard="1" dealt="1" sum="580"/>
<action no="20" player="housefalse512" type="7" discard="1" dealt="1" sum="180"/>
</round>
</game>
<game gamecode="11538546713"><general><startdate>2025-06-28 08:04:03</startdate>
<round>1</round>
<failsafecounter/>
<players><player seat="3" name="giannhsKollias" chips="1,020" dealer="0" win="0" bet="20" muck="1" rebuy="0" addon="0" merge="0" rebuychips="0" reg_code="8393524159"/>
<player seat="6" name="oreiasccp" chips="480" dealer="1" win="40" bet="40" muck="1" rebuy="0" addon="0" merge="0" rebuychips="0" reg_code="8393524164"/>
</players>
</general>
<round no="0"><action no="1" player="oreiasccp" type="1" sum="10"/>
<action no="2" player="giannhsKollias" type="2" discard="1" dealt="1" sum="20"/>
</round>
<round no="1"><cards type="Pocket" player="giannhsKollias">X X</cards>
<cards type="Pocket" player="oreiasccp">SK SQ</cards>
<action no="3" player="oreiasccp" type="3" sum="10"/>
<action no="4" player="giannhsKollias" type="4" discard="1" dealt="1" sum="0"/>
</round>
<round no="2"><cards type="Flop">DQ D7 SA</cards>
<action no="5" player="giannhsKollias" type="4" discard="1" dealt="1" sum="0"/>
<action no="6" player="oreiasccp" type="5" sum="20"/>
<action no="7" player="giannhsKollias" type="0" discard="1" dealt="1" sum="0"/>
</round>
</game>
<game gamecode="11538546744"><general><startdate>2025-06-28 08:04:14</startdate>
<round>1</round>
<failsafecounter/>
<players><player seat="6" name="oreiasccp" chips="500" dealer="0" win="0" bet="40" muck="1" rebuy="0" addon="0" merge="0" rebuychips="0" reg_code="8393524164"/>
<player seat="3" name="giannhsKollias" chips="1,000" dealer="1" win="80" bet="40" muck="0" rebuy="0" addon="0" merge="0" rebuychips="0" reg_code="8393524159"/>
</players>
</general>
<round no="0"><action no="1" player="giannhsKollias" type="1" discard="1" dealt="1" sum="10"/>
<action no="2" player="oreiasccp" type="2" sum="20"/>
</round>
<round no="1"><cards type="Pocket" player="giannhsKollias">D7 S5</cards>
<cards type="Pocket" player="oreiasccp">S2 S6</cards>
<action no="3" player="giannhsKollias" type="3" discard="1" dealt="1" sum="10"/>
<action no="4" player="oreiasccp" type="4" sum="0"/>
</round>
<round no="2"><cards type="Flop">S7 CJ C8</cards>
<action no="5" player="oreiasccp" type="4" sum="0"/>
<action no="6" player="giannhsKollias" type="4" discard="1" dealt="1" sum="0"/>
</round>
<round no="3"><cards type="Turn">SQ</cards>
<action no="7" player="oreiasccp" type="5" sum="20"/>
<action no="8" player="giannhsKollias" type="3" discard="1" dealt="1" sum="20"/>
</round>
<round no="4"><cards type="River">H4</cards>
<action no="9" player="oreiasccp" type="4" sum="0"/>
<action no="10" player="giannhsKollias" type="4" discard="1" dealt="1" sum="0"/>
</round>
</game>
<game gamecode="11538554158"><general><startdate>2025-06-28 08:04:29</startdate>
<round>1</round>
<failsafecounter/>
<players><player seat="3" name="giannhsKollias" chips="1,040" dealer="0" win="80" bet="40" muck="0" rebuy="0" addon="0" merge="0" rebuychips="0" reg_code="8393524159"/>
<player seat="6" name="oreiasccp" chips="460" dealer="1" win="0" bet="40" muck="1" rebuy="0" addon="0" merge="0" rebuychips="0" reg_code="8393524164"/>
</players>
</general>
<round no="0"><action no="1" player="oreiasccp" type="1" sum="10"/>
<action no="2" player="giannhsKollias" type="2" discard="1" dealt="1" sum="20"/>
</round>
<round no="1"><cards type="Pocket" player="oreiasccp">D5 C8</cards>
<cards type="Pocket" player="giannhsKollias">HA D6</cards>
<action no="3" player="oreiasccp" type="3" sum="10"/>
<action no="4" player="giannhsKollias" type="4" discard="1" dealt="1" sum="0"/>
</round>
<round no="2"><cards type="Flop">S2 H2 C9</cards>
<action no="5" player="giannhsKollias" type="4" discard="1" dealt="1" sum="0"/>
<action no="6" player="oreiasccp" type="5" sum="20"/>
<action no="7" player="giannhsKollias" type="3" discard="1" dealt="1" sum="20"/>
</round>
<round no="3"><cards type="Turn">DJ</cards>
<action no="8" player="giannhsKollias" type="4" discard="1" dealt="1" sum="0"/>
<action no="9" player="oreiasccp" type="4" sum="0"/>
</round>
<round no="4"><cards type="River">D7</cards>
<action no="10" player="giannhsKollias" type="4" discard="1" dealt="1" sum="0"/>
<action no="11" player="oreiasccp" type="4" sum="0"/>
</round>
</game>
<game gamecode="11538554215"><general><startdate>2025-06-28 08:04:47</startdate>
<round>1</round>
<failsafecounter/>
<players><player seat="6" name="oreiasccp" chips="420" dealer="0" win="0" bet="40" muck="0" rebuy="0" addon="0" merge="0" rebuychips="0" reg_code="8393524164"/>
<player seat="3" name="giannhsKollias" chips="1,080" dealer="1" win="80" bet="40" muck="0" rebuy="0" addon="0" merge="0" rebuychips="0" reg_code="8393524159"/>
</players>
</general>
<round no="0"><action no="1" player="giannhsKollias" type="1" discard="1" dealt="1" sum="10"/>
<action no="2" player="oreiasccp" type="2" sum="20"/>
</round>
<round no="1"><cards type="Pocket" player="oreiasccp">C4 D9</cards>
<cards type="Pocket" player="giannhsKollias">DA D3</cards>
<action no="3" player="giannhsKollias" type="3" discard="1" dealt="1" sum="10"/>
<action no="4" player="oreiasccp" type="4" sum="0"/>
</round>
<round no="2"><cards type="Flop">H10 CK C6</cards>
<action no="5" player="oreiasccp" type="4" sum="0"/>
<action no="6" player="giannhsKollias" type="4" discard="1" dealt="1" sum="0"/>
</round>
<round no="3"><cards type="Turn">D5</cards>
<action no="7" player="oreiasccp" type="4" sum="0"/>
<action no="8" player="giannhsKollias" type="4" discard="1" dealt="1" sum="0"/>
</round>
<round no="4"><cards type="River">CJ</cards>
<action no="9" player="oreiasccp" type="5" sum="20"/>
<action no="10" player="giannhsKollias" type="3" discard="1" dealt="1" sum="20"/>
</round>
</game>
<game gamecode="11538554278"><general><startdate>2025-06-28 08:05:12</startdate>
<round>1</round>
<failsafecounter/>
<players><player seat="3" name="giannhsKollias" chips="1,120" dealer="0" win="190" bet="190" muck="1" rebuy="0" addon="0" merge="0" rebuychips="0" reg_code="8393524159"/>
<player seat="6" name="oreiasccp" chips="380" dealer="1" win="0" bet="95" muck="1" rebuy="0" addon="0" merge="0" rebuychips="0" reg_code="8393524164"/>
</players>
</general>
<round no="0"><action no="1" player="oreiasccp" type="15" sum="5"/>
<action no="2" player="giannhsKollias" type="15" discard="1" dealt="1" sum="5"/>
<action no="3" player="oreiasccp" type="1" sum="15"/>
<action no="4" player="giannhsKollias" type="2" discard="1" dealt="1" sum="30"/>
</round>
<round no="1"><cards type="Pocket" player="oreiasccp">DQ C6</cards>
<cards type="Pocket" player="giannhsKollias">X X</cards>
<action no="5" player="oreiasccp" type="23" sum="60"/>
<action no="6" player="giannhsKollias" type="3" discard="1" dealt="1" sum="30"/>
</round>
<round no="2"><cards type="Flop">S3 HJ S2</cards>
<action no="7" player="giannhsKollias" type="4" discard="1" dealt="1" sum="0"/>
<action no="8" player="oreiasccp" type="5" sum="30"/>
<action no="9" player="giannhsKollias" type="3" discard="1" dealt="1" sum="30"/>
</round>
<round no="3"><cards type="Turn">D4</cards>
<action no="10" player="giannhsKollias" type="4" discard="1" dealt="1" sum="0"/>
<action no="11" player="oreiasccp" type="4" sum="0"/>
</round>
<round no="4"><cards type="River">D6</cards>
<action no="12" player="giannhsKollias" type="5" discard="1" dealt="1" sum="95"/>
<action no="13" player="oreiasccp" type="0" sum="0"/>
</round>
</game>
<game gamecode="11538554341"><general><startdate>2025-06-28 08:05:36</startdate>
<round>1</round>
<failsafecounter/>
<players><player seat="6" name="oreiasccp" chips="285" dealer="0" win="0" bet="35" muck="1" rebuy="0" addon="0" merge="0" rebuychips="0" reg_code="8393524164"/>
<player seat="3" name="giannhsKollias" chips="1,215" dealer="1" win="70" bet="1,215" muck="1" rebuy="0" addon="0" merge="0" rebuychips="0" reg_code="8393524159"/>
</players>
</general>
<round no="0"><action no="1" player="giannhsKollias" type="15" discard="1" dealt="1" sum="5"/>
<action no="2" player="oreiasccp" type="15" sum="5"/>
<action no="3" player="giannhsKollias" type="1" discard="1" dealt="1" sum="15"/>
<action no="4" player="oreiasccp" type="2" sum="30"/>
</round>
<round no="1"><cards type="Pocket" player="oreiasccp">S4 S2</cards>
<cards type="Pocket" player="giannhsKollias">X X</cards>
<action no="5" player="giannhsKollias" type="23" discard="1" dealt="1" sum="1,210"/>
<action no="6" player="oreiasccp" type="0" sum="0"/>
</round>
</game>
<game gamecode="11538554362"><general><startdate>2025-06-28 08:05:44</startdate>
<round>1</round>
<failsafecounter/>
<players><player seat="3" name="giannhsKollias" chips="1,250" dealer="0" win="0" bet="35" muck="1" rebuy="0" addon="0" merge="0" rebuychips="0" reg_code="8393524159"/>
<player seat="6" name="oreiasccp" chips="250" dealer="1" win="70" bet="250" muck="1" rebuy="0" addon="0" merge="0" rebuychips="0" reg_code="8393524164"/>
</players>
</general>
<round no="0"><action no="1" player="oreiasccp" type="15" sum="5"/>
<action no="2" player="giannhsKollias" type="15" discard="1" dealt="1" sum="5"/>
<action no="3" player="oreiasccp" type="1" sum="15"/>
<action no="4" player="giannhsKollias" type="2" discard="1" dealt="1" sum="30"/>
</round>
<round no="1"><cards type="Pocket" player="oreiasccp">S6 SK</cards>
<cards type="Pocket" player="giannhsKollias">X X</cards>
<action no="5" player="oreiasccp" type="23" sum="245"/>
<action no="6" player="giannhsKollias" type="0" discard="1" dealt="1" sum="0"/>
</round>
</game>
<game gamecode="11538554385"><general><startdate>2025-06-28 08:05:51</startdate>
<round>1</round>
<failsafecounter/>
<players><player seat="6" name="oreiasccp" chips="285" dealer="0" win="0" bet="35" muck="1" rebuy="0" addon="0" merge="0" rebuychips="0" reg_code="8393524164"/>
<player seat="3" name="giannhsKollias" chips="1,215" dealer="1" win="70" bet="105" muck="1" rebuy="0" addon="0" merge="0" rebuychips="0" reg_code="8393524159"/>
</players>
</general>
<round no="0"><action no="1" player="giannhsKollias" type="15" discard="1" dealt="1" sum="5"/>
<action no="2" player="oreiasccp" type="15" sum="5"/>
<action no="3" player="giannhsKollias" type="1" discard="1" dealt="1" sum="15"/>
<action no="4" player="oreiasccp" type="2" sum="30"/>
</round>
<round no="1"><cards type="Pocket" player="oreiasccp">S6 H10</cards>
<cards type="Pocket" player="giannhsKollias">X X</cards>
<action no="5" player="giannhsKollias" type="3" discard="1" dealt="1" sum="15"/>
<action no="6" player="oreiasccp" type="4" sum="0"/>
</round>
<round no="2"><cards type="Flop">CQ SK D7</cards>
<action no="7" player="oreiasccp" type="4" sum="0"/>
<action no="8" player="giannhsKollias" type="4" discard="1" dealt="1" sum="0"/>
</round>
<round no="3"><cards type="Turn">CA</cards>
<action no="9" player="oreiasccp" type="4" sum="0"/>
<action no="10" player="giannhsKollias" type="4" discard="1" dealt="1" sum="0"/>
</round>
<round no="4"><cards type="River">DK</cards>
<action no="11" player="oreiasccp" type="4" sum="0"/>
<action no="12" player="giannhsKollias" type="5" discard="1" dealt="1" sum="70"/>
<action no="13" player="oreiasccp" type="0" sum="0"/>
</round>
</game>
<game gamecode="11538554440"><general><startdate>2025-06-28 08:06:09</startdate>
<round>1</round>
<failsafecounter/>
<players><player seat="3" name="giannhsKollias" chips="1,250" dealer="0" win="190" bet="95" muck="0" rebuy="0" addon="0" merge="0" rebuychips="0" reg_code="8393524159"/>
<player seat="6" name="oreiasccp" chips="250" dealer="1" win="0" bet="95" muck="1" rebuy="0" addon="0" merge="0" rebuychips="0" reg_code="8393524164"/>
</players>
</general>
<round no="0"><action no="1" player="oreiasccp" type="15" sum="5"/>
<action no="2" player="giannhsKollias" type="15" discard="1" dealt="1" sum="5"/>
<action no="3" player="oreiasccp" type="1" sum="15"/>
<action no="4" player="giannhsKollias" type="2" discard="1" dealt="1" sum="30"/>
</round>
<round no="1"><cards type="Pocket" player="oreiasccp">SJ S10</cards>
<cards type="Pocket" player="giannhsKollias">H3 D9</cards>
<action no="5" player="oreiasccp" type="3" sum="15"/>
<action no="6" player="giannhsKollias" type="4" discard="1" dealt="1" sum="0"/>
</round>
<round no="2"><cards type="Flop">CA H9 S9</cards>
<action no="7" player="giannhsKollias" type="4" discard="1" dealt="1" sum="0"/>
<action no="8" player="oreiasccp" type="5" sum="30"/>
<action no="9" player="giannhsKollias" type="3" discard="1" dealt="1" sum="30"/>
</round>
<round no="3"><cards type="Turn">DJ</cards>
<action no="10" player="giannhsKollias" type="4" discard="1" dealt="1" sum="0"/>
<action no="11" player="oreiasccp" type="4" sum="0"/>
</round>
<round no="4"><cards type="River">SQ</cards>
<action no="12" player="giannhsKollias" type="5" discard="1" dealt="1" sum="30"/>
<action no="13" player="oreiasccp" type="3" sum="30"/>
</round>
</game>
<game gamecode="11538554503"><general><startdate>2025-06-28 08:06:29</startdate>
<round>1</round>
<failsafecounter/>
<players><player seat="6" name="oreiasccp" chips="155" dealer="0" win="35" bet="35" muck="0" rebuy="0" addon="0" merge="0" rebuychips="0" reg_code="8393524164"/>
<player seat="3" name="giannhsKollias" chips="1,345" dealer="1" win="35" bet="35" muck="0" rebuy="0" addon="0" merge="0" rebuychips="0" reg_code="8393524159"/>
</players>
</general>
<round no="0"><action no="1" player="giannhsKollias" type="15" discard="1" dealt="1" sum="5"/>
<action no="2" player="oreiasccp" type="15" sum="5"/>
<action no="3" player="giannhsKollias" type="1" discard="1" dealt="1" sum="15"/>
<action no="4" player="oreiasccp" type="2" sum="30"/>
</round>
<round no="1"><cards type="Pocket" player="oreiasccp">D5 H10</cards>
<cards type="Pocket" player="giannhsKollias">S10 C4</cards>
<action no="5" player="giannhsKollias" type="3" discard="1" dealt="1" sum="15"/>
<action no="6" player="oreiasccp" type="4" sum="0"/>
</round>
<round no="2"><cards type="Flop">DA H9 S7</cards>
<action no="7" player="oreiasccp" type="4" sum="0"/>
<action no="8" player="giannhsKollias" type="4" discard="1" dealt="1" sum="0"/>
</round>
<round no="3"><cards type="Turn">SQ</cards>
<action no="9" player="oreiasccp" type="4" sum="0"/>
<action no="10" player="giannhsKollias" type="4" discard="1" dealt="1" sum="0"/>
</round>
<round no="4"><cards type="River">C2</cards>
<action no="11" player="oreiasccp" type="4" sum="0"/>
<action no="12" player="giannhsKollias" type="4" discard="1" dealt="1" sum="0"/>
</round>
</game>
<game gamecode="11538554557"><general><startdate>2025-06-28 08:06:49</startdate>
<round>1</round>
<failsafecounter/>
<players><player seat="3" name="giannhsKollias" chips="1,345" dealer="0" win="40" bet="35" muck="1" rebuy="0" addon="0" merge="0" rebuychips="0" reg_code="8393524159"/>
<player seat="6" name="oreiasccp" chips="155" dealer="1" win="0" bet="20" muck="1" rebuy="0" addon="0" merge="0" rebuychips="0" reg_code="8393524164"/>
</players>
</general>
<round no="0"><action no="1" player="oreiasccp" type="15" sum="5"/>
<action no="2" player="giannhsKollias" type="15" discard="1" dealt="1" sum="5"/>
<action no="3" player="oreiasccp" type="1" sum="15"/>
<action no="4" player="giannhsKollias" type="2" discard="1" dealt="1" sum="30"/>
</round>
<round no="1"><cards type="Pocket" player="giannhsKollias">X X</cards>
<cards type="Pocket" player="oreiasccp">S3 D8</cards>
<action no="5" player="oreiasccp" type="0" sum="0"/>
</round>
</game>
<game gamecode="11538554577"><general><startdate>2025-06-28 08:06:54</startdate>
<round>1</round>
<failsafecounter/>
<players><player seat="6" name="oreiasccp" chips="135" dealer="0" win="0" bet="135" muck="1" rebuy="0" addon="0" merge="0" rebuychips="0" reg_code="8393524164"/>
<player seat="3" name="giannhsKollias" chips="1,365" dealer="1" win="270" bet="1,365" muck="0" rebuy="0" addon="0" merge="0" rebuychips="0" reg_code="8393524159"/>
</players>
</general>
<round no="0"><action no="1" player="giannhsKollias" type="15" discard="1" dealt="1" sum="5"/>
<action no="2" player="oreiasccp" type="15" sum="5"/>
<action no="3" player="giannhsKollias" type="1" discard="1" dealt="1" sum="20"/>
<action no="4" player="oreiasccp" type="2" sum="40"/>
</round>
<round no="1"><cards type="Pocket" player="oreiasccp">DA HK</cards>
<cards type="Pocket" player="giannhsKollias">CQ H7</cards>
<action no="5" player="giannhsKollias" type="23" discard="1" dealt="1" sum="1,360"/>
<action no="6" player="oreiasccp" type="7" sum="90"/>
</round>
<round no="2"><cards type="Flop">S4 S5 D5</cards>
</round>
<round no="3"><cards type="Turn">DQ</cards>
</round>
<round no="4"><cards type="River">C5</cards>
</round>
</game>
</session>
