<?xml version="1.0" encoding="UTF-8"?>
<session sessioncode="8393531731">
<general>
<client_version>25.1.1.13</client_version>
<mode>real</mode>
<gametype>Holdem NL</gametype>
<tablename>Twister €5 SNG, 1128748602</tablename>
<tournamentcode>1128748601</tournamentcode>
<tournamentname>Twister €5 SNG</tournamentname>
<buyin>€0 + €0.35 + €4.65</buyin>
<totalbuyin>€5</totalbuyin>
<rewarddrawn>€40</rewarddrawn>
<tournamentcurrency>EUR</tournamentcurrency>
<currency>EUR</currency>
<nickname>oreiasccp</nickname>
<gamecount>10</gamecount>
<startdate>2025-06-28 08:32:52</startdate>
<place>1</place>
<win>€40</win>
<tablesize>3</tablesize>
</general>
<game gamecode="11538572644"><general><startdate>2025-06-28 08:33:07</startdate>
<round>1</round>
<failsafecounter/>
<players><player seat="3" name="Skyder19" chips="500" dealer="0" win="90" bet="500" muck="1" rebuy="0" addon="0" merge="0" rebuychips="0" reg_code="8393531661"/>
<player seat="6" name="oreiasccp" chips="500" dealer="1" win="0" bet="40" muck="1" rebuy="0" addon="0" merge="0" rebuychips="0" reg_code="8393531731"/>
<player seat="10" name="designrapid969" chips="500" dealer="0" win="0" bet="10" muck="1" rebuy="0" addon="0" merge="0" rebuychips="0" reg_code="8393531755"/>
</players>
</general>
<round no="0"><action no="1" player="designrapid969" type="1" discard="1" dealt="1" sum="10"/>
<action no="2" player="Skyder19" type="2" discard="1" dealt="1" sum="20"/>
</round>
<round no="1"><cards type="Pocket" player="Skyder19">X X</cards>
<cards type="Pocket" player="designrapid969">X X</cards>
<cards type="Pocket" player="oreiasccp">HK D9</cards>
<action no="3" player="oreiasccp" type="23" sum="40"/>
<action no="4" player="designrapid969" type="0" discard="1" dealt="1" sum="0"/>
<action no="5" player="Skyder19" type="23" discard="1" dealt="1" sum="500"/>
<action no="6" player="oreiasccp" type="0" sum="0"/>
</round>
</game>
<game gamecode="11538572695"><general><startdate>2025-06-28 08:33:24</startdate>
<round>1</round>
<failsafecounter/>
<players><player seat="6" name="oreiasccp" chips="460" dealer="0" win="0" bet="20" muck="1" rebuy="0" addon="0" merge="0" rebuychips="0" reg_code="8393531731"/>
<player seat="10" name="designrapid969" chips="490" dealer="1" win="50" bet="40" muck="1" rebuy="0" addon="0" merge="0" rebuychips="0" reg_code="8393531755"/>
<player seat="3" name="Skyder19" chips="550" dealer="0" win="0" bet="10" muck="1" rebuy="0" addon="0" merge="0" rebuychips="0" reg_code="8393531661"/>
</players>
</general>
<round no="0"><action no="1" player="Skyder19" type="1" discard="1" dealt="1" sum="10"/>
<action no="2" player="oreiasccp" type="2" sum="20"/>
</round>
<round no="1"><cards type="Pocket" player="Skyder19">X X</cards>
<cards type="Pocket" player="oreiasccp">C6 D2</cards>
<cards type="Pocket" player="designrapid969">X X</cards>
<action no="3" player="designrapid969" type="23" discard="1" dealt="1" sum="40"/>
<action no="4" player="Skyder19" type="0" discard="1" dealt="1" sum="0"/>
<action no="5" player="oreiasccp" type="0" sum="0"/>
</round>
</game>
<game gamecode="11538572740"><general><startdate>2025-06-28 08:33:38</startdate>
<round>1</round>
<failsafecounter/>
<players><player seat="10" name="designrapid969" chips="520" dealer="0" win="0" bet="40" muck="1" rebuy="0" addon="0" merge="0" rebuychips="0" reg_code="8393531755"/>
<player seat="3" name="Skyder19" chips="540" dealer="1" win="0" bet="0" muck="1" rebuy="0" addon="0" merge="0" rebuychips="0" reg_code="8393531661"/>
<player seat="6" name="oreiasccp" chips="440" dealer="0" win="80" bet="60" muck="1" rebuy="0" addon="0" merge="0" rebuychips="0" reg_code="8393531731"/>
</players>
</general>
<round no="0"><action no="1" player="oreiasccp" type="1" sum="10"/>
<action no="2" player="designrapid969" type="2" discard="1" dealt="1" sum="20"/>
</round>
<round no="1"><cards type="Pocket" player="Skyder19">X X</cards>
<cards type="Pocket" player="designrapid969">X X</cards>
<cards type="Pocket" player="oreiasccp">DQ H5</cards>
<action no="3" player="Skyder19" type="0" discard="1" dealt="1" sum="0"/>
<action no="4" player="oreiasccp" type="23" sum="40"/>
<action no="5" player="designrapid969" type="3" discard="1" dealt="1" sum="20"/>
</round>
<round no="2"><cards type="Flop">S9 DK SA</cards>
<action no="6" player="oreiasccp" type="5" sum="20"/>
<action no="7" player="designrapid969" type="0" discard="1" dealt="1" sum="0"/>
</round>
</game>
<game gamecode="11538572848"><general><startdate>2025-06-28 08:34:14</startdate>
<round>1</round>
<failsafecounter/>
<players><player seat="3" name="Skyder19" chips="540" dealer="0" win="0" bet="20" muck="1" rebuy="0" addon="0" merge="0" rebuychips="0" reg_code="8393531661"/>
<player seat="6" name="oreiasccp" chips="480" dealer="1" win="220" bet="200" muck="1" rebuy="0" addon="0" merge="0" rebuychips="0" reg_code="8393531731"/>
<player seat="10" name="designrapid969" chips="480" dealer="0" win="0" bet="100" muck="1" rebuy="0" addon="0" merge="0" rebuychips="0" reg_code="8393531755"/>
</players>
</general>
<round no="0"><action no="1" player="designrapid969" type="1" discard="1" dealt="1" sum="10"/>
<action no="2" player="Skyder19" type="2" discard="1" dealt="1" sum="20"/>
</round>
<round no="1"><cards type="Pocket" player="oreiasccp">C3 H3</cards>
<cards type="Pocket" player="designrapid969">X X</cards>
<cards type="Pocket" player="Skyder19">X X</cards>
<action no="3" player="oreiasccp" type="23" sum="40"/>
<action no="4" player="designrapid969" type="23" discard="1" dealt="1" sum="60"/>
<action no="5" player="Skyder19" type="0" discard="1" dealt="1" sum="0"/>
<action no="6" player="oreiasccp" type="3" sum="20"/>
</round>
<round no="2"><cards type="Flop">C7 C5 D4</cards>
<action no="7" player="designrapid969" type="5" discard="1" dealt="1" sum="40"/>
<action no="8" player="oreiasccp" type="3" sum="40"/>
</round>
<round no="3"><cards type="Turn">H9</cards>
<action no="9" player="designrapid969" type="4" discard="1" dealt="1" sum="0"/>
<action no="10" player="oreiasccp" type="5" sum="100"/>
<action no="11" player="designrapid969" type="0" discard="1" dealt="1" sum="0"/>
</round>
</game>
<game gamecode="11538572963"><general><startdate>2025-06-28 08:34:54</startdate>
<round>1</round>
<failsafecounter/>
<players><player seat="6" name="oreiasccp" chips="600" dealer="0" win="770" bet="380" muck="0" rebuy="0" addon="0" merge="0" rebuychips="0" reg_code="8393531731"/>
<player seat="10" name="designrapid969" chips="380" dealer="1" win="0" bet="380" muck="0" rebuy="0" addon="0" merge="0" rebuychips="0" reg_code="8393531755"/>
<player seat="3" name="Skyder19" chips="520" dealer="0" win="0" bet="10" muck="1" rebuy="0" addon="0" merge="0" rebuychips="0" reg_code="8393531661"/>
</players>
</general>
<round no="0"><action no="1" player="Skyder19" type="1" discard="1" dealt="1" sum="10"/>
<action no="2" player="oreiasccp" type="2" sum="20"/>
</round>
<round no="1"><cards type="Pocket" player="designrapid969">SA DK</cards>
<cards type="Pocket" player="oreiasccp">HJ DA</cards>
<cards type="Pocket" player="Skyder19">X X</cards>
<action no="3" player="designrapid969" type="23" discard="1" dealt="1" sum="40"/>
<action no="4" player="Skyder19" type="0" discard="1" dealt="1" sum="0"/>
<action no="5" player="oreiasccp" type="23" sum="380"/>
<action no="6" player="designrapid969" type="7" discard="1" dealt="1" sum="340"/>
</round>
<round no="2"><cards type="Flop">C5 C4 H9</cards>
</round>
<round no="3"><cards type="Turn">SJ</cards>
</round>
<round no="4"><cards type="River">C6</cards>
</round>
</game>
<game gamecode="11538573095"><general><startdate>2025-06-28 08:35:35</startdate>
<round>1</round>
<failsafecounter/>
<players><player seat="6" name="oreiasccp" chips="990" dealer="0" win="70" bet="510" muck="1" rebuy="0" addon="0" merge="0" rebuychips="0" reg_code="8393531731"/>
<player seat="3" name="Skyder19" chips="510" dealer="1" win="0" bet="35" muck="1" rebuy="0" addon="0" merge="0" rebuychips="0" reg_code="8393531661"/>
</players>
</general>
<round no="0"><action no="1" player="Skyder19" type="15" discard="1" dealt="1" sum="5"/>
<action no="2" player="oreiasccp" type="15" sum="5"/>
<action no="3" player="Skyder19" type="1" discard="1" dealt="1" sum="15"/>
<action no="4" player="oreiasccp" type="2" sum="30"/>
</round>
<round no="1"><cards type="Pocket" player="oreiasccp">C4 S4</cards>
<cards type="Pocket" player="Skyder19">X X</cards>
<action no="5" player="Skyder19" type="3" discard="1" dealt="1" sum="15"/>
<action no="6" player="oreiasccp" type="23" sum="505"/>
<action no="7" player="Skyder19" type="0" discard="1" dealt="1" sum="0"/>
</round>
</game>
<game gamecode="11538573127"><general><startdate>2025-06-28 08:35:45</startdate>
<round>1</round>
<failsafecounter/>
<players><player seat="3" name="Skyder19" chips="475" dealer="0" win="0" bet="35" muck="1" rebuy="0" addon="0" merge="0" rebuychips="0" reg_code="8393531661"/>
<player seat="6" name="oreiasccp" chips="1,025" dealer="1" win="70" bet="65" muck="1" rebuy="0" addon="0" merge="0" rebuychips="0" reg_code="8393531731"/>
</players>
</general>
<round no="0"><action no="1" player="oreiasccp" type="15" sum="5"/>
<action no="2" player="Skyder19" type="15" discard="1" dealt="1" sum="5"/>
<action no="3" player="oreiasccp" type="1" sum="15"/>
<action no="4" player="Skyder19" type="2" discard="1" dealt="1" sum="30"/>
</round>
<round no="1"><cards type="Pocket" player="Skyder19">X X</cards>
<cards type="Pocket" player="oreiasccp">CQ C6</cards>
<action no="5" player="oreiasccp" type="3" sum="15"/>
<action no="6" player="Skyder19" type="4" discard="1" dealt="1" sum="0"/>
</round>
<round no="2"><cards type="Flop">C10 H10 H4</cards>
<action no="7" player="Skyder19" type="4" discard="1" dealt="1" sum="0"/>
<action no="8" player="oreiasccp" type="5" sum="30"/>
<action no="9" player="Skyder19" type="0" discard="1" dealt="1" sum="0"/>
</round>
</game>
<game gamecode="11538573237"><general><startdate>2025-06-28 08:36:20</startdate>
<round>1</round>
<failsafecounter/>
<players><player seat="6" name="oreiasccp" chips="1,060" dealer="0" win="416" bet="208" muck="0" rebuy="0" addon="0" merge="0" rebuychips="0" reg_code="8393531731"/>
<player seat="3" name="Skyder19" chips="440" dealer="1" win="0" bet="208" muck="1" rebuy="0" addon="0" merge="0" rebuychips="0" reg_code="8393531661"/>
</players>
</general>
<round no="0"><action no="1" player="Skyder19" type="15" discard="1" dealt="1" sum="5"/>
<action no="2" player="oreiasccp" type="15" sum="5"/>
<action no="3" player="Skyder19" type="1" discard="1" dealt="1" sum="15"/>
<action no="4" player="oreiasccp" type="2" sum="30"/>
</round>
<round no="1"><cards type="Pocket" player="oreiasccp">CA H3</cards>
<cards type="Pocket" player="Skyder19">DJ SK</cards>
<action no="5" player="Skyder19" type="23" discard="1" dealt="1" sum="60"/>
<action no="6" player="oreiasccp" type="3" sum="30"/>
</round>
<round no="2"><cards type="Flop">DA S10 S4</cards>
<action no="7" player="oreiasccp" type="4" sum="0"/>
<action no="8" player="Skyder19" type="5" discard="1" dealt="1" sum="39"/>
<action no="9" player="oreiasccp" type="3" sum="39"/>
</round>
<round no="3"><cards type="Turn">C7</cards>
<action no="10" player="oreiasccp" type="4" sum="0"/>
<action no="11" player="Skyder19" type="5" discard="1" dealt="1" sum="104"/>
<action no="12" player="oreiasccp" type="3" sum="104"/>
</round>
<round no="4"><cards type="River">H7</cards>
<action no="13" player="oreiasccp" type="4" sum="0"/>
<action no="14" player="Skyder19" type="4" discard="1" dealt="1" sum="0"/>
</round>
</game>
<game gamecode="11538573369"><general><startdate>2025-06-28 08:37:01</startdate>
<round>1</round>
<failsafecounter/>
<players><player seat="3" name="Skyder19" chips="232" dealer="0" win="40" bet="35" muck="1" rebuy="0" addon="0" merge="0" rebuychips="0" reg_code="8393531661"/>
<player seat="6" name="oreiasccp" chips="1,268" dealer="1" win="0" bet="20" muck="1" rebuy="0" addon="0" merge="0" rebuychips="0" reg_code="8393531731"/>
</players>
</general>
<round no="0"><action no="1" player="oreiasccp" type="15" sum="5"/>
<action no="2" player="Skyder19" type="15" discard="1" dealt="1" sum="5"/>
<action no="3" player="oreiasccp" type="1" sum="15"/>
<action no="4" player="Skyder19" type="2" discard="1" dealt="1" sum="30"/>
</round>
<round no="1"><cards type="Pocket" player="oreiasccp">D10 C4</cards>
<cards type="Pocket" player="Skyder19">X X</cards>
<action no="5" player="oreiasccp" type="0" sum="0"/>
</round>
</game>
<game gamecode="11538573388"><general><startdate>2025-06-28 08:37:06</startdate>
<round>1</round>
<failsafecounter/>
<players><player seat="6" name="oreiasccp" chips="1,248" dealer="0" win="504" bet="252" muck="0" rebuy="0" addon="0" merge="0" rebuychips="0" reg_code="8393531731"/>
<player seat="3" name="Skyder19" chips="252" dealer="1" win="0" bet="252" muck="0" rebuy="0" addon="0" merge="0" rebuychips="0" reg_code="8393531661"/>
</players>
</general>
<round no="0"><action no="1" player="Skyder19" type="15" discard="1" dealt="1" sum="5"/>
<action no="2" player="oreiasccp" type="15" sum="5"/>
<action no="3" player="Skyder19" type="1" discard="1" dealt="1" sum="20"/>
<action no="4" player="oreiasccp" type="2" sum="40"/>
</round>
<round no="1"><cards type="Pocket" player="Skyder19">HQ H7</cards>
<cards type="Pocket" player="oreiasccp">CA SQ</cards>
<action no="5" player="Skyder19" type="23" discard="1" dealt="1" sum="247"/>
<action no="6" player="oreiasccp" type="3" sum="207"/>
</round>
<round no="2"><cards type="Flop">D9 S4 SJ</cards>
</round>
<round no="3"><cards type="Turn">SK</cards>
</round>
<round no="4"><cards type="River">C6</cards>
</round>
</game>
</session>
