<?xml version="1.0" encoding="UTF-8"?>
<session sessioncode="8393540367">
<general>
<client_version>25.1.1.13</client_version>
<mode>real</mode>
<gametype>Holdem NL</gametype>
<tablename>Twister €5 SNG, 1128749982</tablename>
<tournamentcode>1128749980</tournamentcode>
<tournamentname>Twister €5 SNG</tournamentname>
<buyin>€0 + €0.35 + €4.65</buyin>
<totalbuyin>€5</totalbuyin>
<rewarddrawn>€10</rewarddrawn>
<tournamentcurrency>EUR</tournamentcurrency>
<currency>EUR</currency>
<nickname>oreiasccp</nickname>
<gamecount>5</gamecount>
<startdate>2025-06-28 09:06:29</startdate>
<place>1</place>
<win>€10</win>
<tablesize>3</tablesize>
</general>
<game gamecode="11538596627"><general><startdate>2025-06-28 09:06:44</startdate>
<round>1</round>
<failsafecounter/>
<players><player seat="10" name="bobbb1" chips="500" dealer="0" win="0" bet="20" muck="1" rebuy="0" addon="0" merge="0" rebuychips="0" reg_code="8393540426"/>
<player seat="3" name="oreiasccp" chips="500" dealer="1" win="1,020" bet="500" muck="0" rebuy="0" addon="0" merge="0" rebuychips="0" reg_code="8393540367"/>
<player seat="6" name="Onlysilva" chips="500" dealer="0" win="0" bet="500" muck="1" rebuy="0" addon="0" merge="0" rebuychips="0" reg_code="8393540418"/>
</players>
</general>
<round no="0"><action no="1" player="Onlysilva" type="1" discard="1" dealt="1" sum="10"/>
<action no="2" player="bobbb1" type="2" discard="1" dealt="1" sum="20"/>
</round>
<round no="1"><cards type="Pocket" player="Onlysilva">D7 DJ</cards>
<cards type="Pocket" player="oreiasccp">H7 H6</cards>
<cards type="Pocket" player="bobbb1">X X</cards>
<action no="3" player="oreiasccp" type="23" sum="40"/>
<action no="4" player="Onlysilva" type="3" discard="1" dealt="1" sum="30"/>
<action no="5" player="bobbb1" type="0" discard="1" dealt="1" sum="0"/>
</round>
<round no="2"><cards type="Flop">H5 C6 C7</cards>
<action no="6" player="Onlysilva" type="5" discard="1" dealt="1" sum="460"/>
<action no="7" player="oreiasccp" type="7" sum="460"/>
</round>
<round no="3"><cards type="Turn">CA</cards>
</round>
<round no="4"><cards type="River">C5</cards>
</round>
</game>
<game gamecode="11538596716"><general><startdate>2025-06-28 09:07:09</startdate>
<round>1</round>
<failsafecounter/>
<players><player seat="3" name="oreiasccp" chips="1,020" dealer="0" win="40" bet="20" muck="0" rebuy="0" addon="0" merge="0" rebuychips="0" reg_code="8393540367"/>
<player seat="10" name="bobbb1" chips="480" dealer="1" win="0" bet="20" muck="1" rebuy="0" addon="0" merge="0" rebuychips="0" reg_code="8393540426"/>
</players>
</general>
<round no="0"><action no="1" player="bobbb1" type="1" discard="1" dealt="1" sum="10"/>
<action no="2" player="oreiasccp" type="2" sum="20"/>
</round>
<round no="1"><cards type="Pocket" player="bobbb1">DQ SA</cards>
<cards type="Pocket" player="oreiasccp">H6 D3</cards>
<action no="3" player="bobbb1" type="3" discard="1" dealt="1" sum="10"/>
<action no="4" player="oreiasccp" type="4" sum="0"/>
</round>
<round no="2"><cards type="Flop">C3 SJ H7</cards>
<action no="5" player="oreiasccp" type="4" sum="0"/>
<action no="6" player="bobbb1" type="4" discard="1" dealt="1" sum="0"/>
</round>
<round no="3"><cards type="Turn">D8</cards>
<action no="7" player="oreiasccp" type="4" sum="0"/>
<action no="8" player="bobbb1" type="4" discard="1" dealt="1" sum="0"/>
</round>
<round no="4"><cards type="River">D5</cards>
<action no="9" player="oreiasccp" type="4" sum="0"/>
<action no="10" player="bobbb1" type="4" discard="1" dealt="1" sum="0"/>
</round>
</game>
<game gamecode="11538596817"><general><startdate>2025-06-28 09:07:41</startdate>
<round>1</round>
<failsafecounter/>
<players><player seat="10" name="bobbb1" chips="460" dealer="0" win="0" bet="20" muck="1" rebuy="0" addon="0" merge="0" rebuychips="0" reg_code="8393540426"/>
<player seat="3" name="oreiasccp" chips="1,040" dealer="1" win="40" bet="40" muck="1" rebuy="0" addon="0" merge="0" rebuychips="0" reg_code="8393540367"/>
</players>
</general>
<round no="0"><action no="1" player="oreiasccp" type="1" sum="10"/>
<action no="2" player="bobbb1" type="2" discard="1" dealt="1" sum="20"/>
</round>
<round no="1"><cards type="Pocket" player="oreiasccp">DJ DK</cards>
<cards type="Pocket" player="bobbb1">X X</cards>
<action no="3" player="oreiasccp" type="23" sum="40"/>
<action no="4" player="bobbb1" type="0" discard="1" dealt="1" sum="0"/>
</round>
</game>
<game gamecode="11538596851"><general><startdate>2025-06-28 09:07:50</startdate>
<round>1</round>
<failsafecounter/>
<players><player seat="3" name="oreiasccp" chips="1,060" dealer="0" win="40" bet="40" muck="0" rebuy="0" addon="0" merge="0" rebuychips="0" reg_code="8393540367"/>
<player seat="10" name="bobbb1" chips="440" dealer="1" win="40" bet="40" muck="0" rebuy="0" addon="0" merge="0" rebuychips="0" reg_code="8393540426"/>
</players>
</general>
<round no="0"><action no="1" player="bobbb1" type="1" discard="1" dealt="1" sum="10"/>
<action no="2" player="oreiasccp" type="2" sum="20"/>
</round>
<round no="1"><cards type="Pocket" player="oreiasccp">C2 S8</cards>
<cards type="Pocket" player="bobbb1">S5 H2</cards>
<action no="3" player="bobbb1" type="3" discard="1" dealt="1" sum="10"/>
<action no="4" player="oreiasccp" type="4" sum="0"/>
</round>
<round no="2"><cards type="Flop">H7 SA S2</cards>
<action no="5" player="oreiasccp" type="4" sum="0"/>
<action no="6" player="bobbb1" type="5" discard="1" dealt="1" sum="20"/>
<action no="7" player="oreiasccp" type="3" sum="20"/>
</round>
<round no="3"><cards type="Turn">SQ</cards>
<action no="8" player="oreiasccp" type="4" sum="0"/>
<action no="9" player="bobbb1" type="4" discard="1" dealt="1" sum="0"/>
</round>
<round no="4"><cards type="River">DK</cards>
<action no="10" player="oreiasccp" type="4" sum="0"/>
<action no="11" player="bobbb1" type="4" discard="1" dealt="1" sum="0"/>
</round>
</game>
<game gamecode="11538596948"><general><startdate>2025-06-28 09:08:21</startdate>
<round>1</round>
<failsafecounter/>
<players><player seat="10" name="bobbb1" chips="440" dealer="0" win="0" bet="440" muck="0" rebuy="0" addon="0" merge="0" rebuychips="0" reg_code="8393540426"/>
<player seat="3" name="oreiasccp" chips="1,060" dealer="1" win="880" bet="440" muck="0" rebuy="0" addon="0" merge="0" rebuychips="0" reg_code="8393540367"/>
</players>
</general>
<round no="0"><action no="1" player="oreiasccp" type="1" sum="10"/>
<action no="2" player="bobbb1" type="2" discard="1" dealt="1" sum="20"/>
</round>
<round no="1"><cards type="Pocket" player="bobbb1">DA C10</cards>
<cards type="Pocket" player="oreiasccp">CQ HQ</cards>
<action no="3" player="oreiasccp" type="23" sum="40"/>
<action no="4" player="bobbb1" type="23" discard="1" dealt="1" sum="440"/>
<action no="5" player="oreiasccp" type="3" sum="400"/>
</round>
<round no="2"><cards type="Flop">CK SJ H6</cards>
</round>
<round no="3"><cards type="Turn">S6</cards>
</round>
<round no="4"><cards type="River">D2</cards>
</round>
</game>
</session>
