<?xml version="1.0" encoding="UTF-8"?>
<session sessioncode="8393531157">
<general>
<client_version>25.1.1.13</client_version>
<mode>real</mode>
<gametype>Holdem NL</gametype>
<tablename>Twister €5 SNG, 1128748493</tablename>
<tournamentcode>1128748492</tournamentcode>
<tournamentname>Twister €5 SNG</tournamentname>
<buyin>€0 + €0.35 + €4.65</buyin>
<totalbuyin>€5</totalbuyin>
<rewarddrawn>€10</rewarddrawn>
<tournamentcurrency>EUR</tournamentcurrency>
<currency>EUR</currency>
<nickname>oreiasccp</nickname>
<gamecount>7</gamecount>
<startdate>2025-06-28 08:30:16</startdate>
<place>3</place>
<win>€0</win>
<tablesize>3</tablesize>
</general>
<game gamecode="11538572123"><general><startdate>2025-06-28 08:30:31</startdate>
<round>1</round>
<failsafecounter/>
<players><player seat="3" name="barabAKa1" chips="500" dealer="0" win="0" bet="60" muck="1" rebuy="0" addon="0" merge="0" rebuychips="0" reg_code="8393531092"/>
<player seat="6" name="oreiasccp" chips="500" dealer="1" win="130" bet="60" muck="0" rebuy="0" addon="0" merge="0" rebuychips="0" reg_code="8393531157"/>
<player seat="10" name="Obolonsky99" chips="500" dealer="0" win="0" bet="10" muck="1" rebuy="0" addon="0" merge="0" rebuychips="0" reg_code="8393531185"/>
</players>
</general>
<round no="0"><action no="1" player="Obolonsky99" type="1" discard="1" dealt="1" sum="10"/>
<action no="2" player="barabAKa1" type="2" discard="1" dealt="1" sum="20"/>
</round>
<round no="1"><cards type="Pocket" player="barabAKa1">C4 C2</cards>
<cards type="Pocket" player="Obolonsky99">X X</cards>
<cards type="Pocket" player="oreiasccp">S8 H8</cards>
<action no="3" player="oreiasccp" type="23" sum="40"/>
<action no="4" player="Obolonsky99" type="0" discard="1" dealt="1" sum="0"/>
<action no="5" player="barabAKa1" type="3" discard="1" dealt="1" sum="20"/>
</round>
<round no="2"><cards type="Flop">D10 D4 SA</cards>
<action no="6" player="barabAKa1" type="4" discard="1" dealt="1" sum="0"/>
<action no="7" player="oreiasccp" type="5" sum="20"/>
<action no="8" player="barabAKa1" type="3" discard="1" dealt="1" sum="20"/>
</round>
<round no="3"><cards type="Turn">SQ</cards>
<action no="9" player="barabAKa1" type="4" discard="1" dealt="1" sum="0"/>
<action no="10" player="oreiasccp" type="4" sum="0"/>
</round>
<round no="4"><cards type="River">DQ</cards>
<action no="11" player="barabAKa1" type="4" discard="1" dealt="1" sum="0"/>
<action no="12" player="oreiasccp" type="4" sum="0"/>
</round>
</game>
<game gamecode="11538572241"><general><startdate>2025-06-28 08:31:04</startdate>
<round>1</round>
<failsafecounter/>
<players><player seat="6" name="oreiasccp" chips="570" dealer="0" win="0" bet="20" muck="1" rebuy="0" addon="0" merge="0" rebuychips="0" reg_code="8393531157"/>
<player seat="10" name="Obolonsky99" chips="490" dealer="1" win="0" bet="0" muck="1" rebuy="0" addon="0" merge="0" rebuychips="0" reg_code="8393531185"/>
<player seat="3" name="barabAKa1" chips="440" dealer="0" win="40" bet="60" muck="1" rebuy="0" addon="0" merge="0" rebuychips="0" reg_code="8393531092"/>
</players>
</general>
<round no="0"><action no="1" player="barabAKa1" type="1" discard="1" dealt="1" sum="10"/>
<action no="2" player="oreiasccp" type="2" sum="20"/>
</round>
<round no="1"><cards type="Pocket" player="Obolonsky99">X X</cards>
<cards type="Pocket" player="oreiasccp">D6 C9</cards>
<cards type="Pocket" player="barabAKa1">X X</cards>
<action no="3" player="Obolonsky99" type="0" discard="1" dealt="1" sum="0"/>
<action no="4" player="barabAKa1" type="23" discard="1" dealt="1" sum="60"/>
<action no="5" player="oreiasccp" type="0" sum="0"/>
</round>
</game>
<game gamecode="11538572273"><general><startdate>2025-06-28 08:31:14</startdate>
<round>1</round>
<failsafecounter/>
<players><player seat="10" name="Obolonsky99" chips="490" dealer="0" win="980" bet="490" muck="0" rebuy="0" addon="0" merge="0" rebuychips="0" reg_code="8393531185"/>
<player seat="3" name="barabAKa1" chips="460" dealer="1" win="0" bet="0" muck="1" rebuy="0" addon="0" merge="0" rebuychips="0" reg_code="8393531092"/>
<player seat="6" name="oreiasccp" chips="550" dealer="0" win="0" bet="490" muck="1" rebuy="0" addon="0" merge="0" rebuychips="0" reg_code="8393531157"/>
</players>
</general>
<round no="0"><action no="1" player="oreiasccp" type="1" sum="10"/>
<action no="2" player="Obolonsky99" type="2" discard="1" dealt="1" sum="20"/>
</round>
<round no="1"><cards type="Pocket" player="Obolonsky99">DJ CJ</cards>
<cards type="Pocket" player="oreiasccp">HA D9</cards>
<cards type="Pocket" player="barabAKa1">X X</cards>
<action no="3" player="barabAKa1" type="0" discard="1" dealt="1" sum="0"/>
<action no="4" player="oreiasccp" type="23" sum="490"/>
<action no="5" player="Obolonsky99" type="7" discard="1" dealt="1" sum="470"/>
</round>
<round no="2"><cards type="Flop">DQ H9 S10</cards>
</round>
<round no="3"><cards type="Turn">D10</cards>
</round>
<round no="4"><cards type="River">SJ</cards>
</round>
</game>
<game gamecode="11538572339"><general><startdate>2025-06-28 08:31:33</startdate>
<round>1</round>
<failsafecounter/>
<players><player seat="3" name="barabAKa1" chips="460" dealer="0" win="0" bet="60" muck="1" rebuy="0" addon="0" merge="0" rebuychips="0" reg_code="8393531092"/>
<player seat="6" name="oreiasccp" chips="60" dealer="1" win="130" bet="60" muck="0" rebuy="0" addon="0" merge="0" rebuychips="0" reg_code="8393531157"/>
<player seat="10" name="Obolonsky99" chips="980" dealer="0" win="0" bet="10" muck="1" rebuy="0" addon="0" merge="0" rebuychips="0" reg_code="8393531185"/>
</players>
</general>
<round no="0"><action no="1" player="Obolonsky99" type="1" discard="1" dealt="1" sum="10"/>
<action no="2" player="barabAKa1" type="2" discard="1" dealt="1" sum="20"/>
</round>
<round no="1"><cards type="Pocket" player="oreiasccp">CQ H10</cards>
<cards type="Pocket" player="Obolonsky99">X X</cards>
<cards type="Pocket" player="barabAKa1">HA S4</cards>
<action no="3" player="oreiasccp" type="23" sum="60"/>
<action no="4" player="Obolonsky99" type="0" discard="1" dealt="1" sum="0"/>
<action no="5" player="barabAKa1" type="3" discard="1" dealt="1" sum="40"/>
</round>
<round no="2"><cards type="Flop">D9 C4 S6</cards>
</round>
<round no="3"><cards type="Turn">SQ</cards>
</round>
<round no="4"><cards type="River">C10</cards>
</round>
</game>
<game gamecode="11538572399"><general><startdate>2025-06-28 08:31:53</startdate>
<round>1</round>
<failsafecounter/>
<players><player seat="6" name="oreiasccp" chips="130" dealer="0" win="0" bet="20" muck="1" rebuy="0" addon="0" merge="0" rebuychips="0" reg_code="8393531157"/>
<player seat="10" name="Obolonsky99" chips="970" dealer="1" win="0" bet="0" muck="1" rebuy="0" addon="0" merge="0" rebuychips="0" reg_code="8393531185"/>
<player seat="3" name="barabAKa1" chips="400" dealer="0" win="40" bet="400" muck="1" rebuy="0" addon="0" merge="0" rebuychips="0" reg_code="8393531092"/>
</players>
</general>
<round no="0"><action no="1" player="barabAKa1" type="1" discard="1" dealt="1" sum="10"/>
<action no="2" player="oreiasccp" type="2" sum="20"/>
</round>
<round no="1"><cards type="Pocket" player="Obolonsky99">X X</cards>
<cards type="Pocket" player="oreiasccp">HQ D7</cards>
<cards type="Pocket" player="barabAKa1">X X</cards>
<action no="3" player="Obolonsky99" type="0" discard="1" dealt="1" sum="0"/>
<action no="4" player="barabAKa1" type="23" discard="1" dealt="1" sum="400"/>
<action no="5" player="oreiasccp" type="0" sum="0"/>
</round>
</game>
<game gamecode="11538572435"><general><startdate>2025-06-28 08:32:03</startdate>
<round>1</round>
<failsafecounter/>
<players><player seat="10" name="Obolonsky99" chips="970" dealer="0" win="0" bet="40" muck="1" rebuy="0" addon="0" merge="0" rebuychips="0" reg_code="8393531185"/>
<player seat="3" name="barabAKa1" chips="420" dealer="1" win="90" bet="62" muck="1" rebuy="0" addon="0" merge="0" rebuychips="0" reg_code="8393531092"/>
<player seat="6" name="oreiasccp" chips="110" dealer="0" win="0" bet="10" muck="1" rebuy="0" addon="0" merge="0" rebuychips="0" reg_code="8393531157"/>
</players>
</general>
<round no="0"><action no="1" player="oreiasccp" type="1" sum="10"/>
<action no="2" player="Obolonsky99" type="2" discard="1" dealt="1" sum="20"/>
</round>
<round no="1"><cards type="Pocket" player="oreiasccp">D6 C10</cards>
<cards type="Pocket" player="Obolonsky99">X X</cards>
<cards type="Pocket" player="barabAKa1">X X</cards>
<action no="3" player="barabAKa1" type="23" discard="1" dealt="1" sum="40"/>
<action no="4" player="oreiasccp" type="0" sum="0"/>
<action no="5" player="Obolonsky99" type="3" discard="1" dealt="1" sum="20"/>
</round>
<round no="2"><cards type="Flop">D2 DK C3</cards>
<action no="6" player="Obolonsky99" type="4" discard="1" dealt="1" sum="0"/>
<action no="7" player="barabAKa1" type="5" discard="1" dealt="1" sum="22"/>
<action no="8" player="Obolonsky99" type="0" discard="1" dealt="1" sum="0"/>
</round>
</game>
<game gamecode="11538572491"><general><startdate>2025-06-28 08:32:22</startdate>
<round>1</round>
<failsafecounter/>
<players><player seat="3" name="barabAKa1" chips="470" dealer="0" win="210" bet="100" muck="0" rebuy="0" addon="0" merge="0" rebuychips="0" reg_code="8393531092"/>
<player seat="6" name="oreiasccp" chips="100" dealer="1" win="0" bet="100" muck="0" rebuy="0" addon="0" merge="0" rebuychips="0" reg_code="8393531157"/>
<player seat="10" name="Obolonsky99" chips="930" dealer="0" win="0" bet="10" muck="1" rebuy="0" addon="0" merge="0" rebuychips="0" reg_code="8393531185"/>
</players>
</general>
<round no="0"><action no="1" player="Obolonsky99" type="1" discard="1" dealt="1" sum="10"/>
<action no="2" player="barabAKa1" type="2" discard="1" dealt="1" sum="20"/>
</round>
<round no="1"><cards type="Pocket" player="oreiasccp">DQ CA</cards>
<cards type="Pocket" player="Obolonsky99">X X</cards>
<cards type="Pocket" player="barabAKa1">DJ D7</cards>
<action no="3" player="oreiasccp" type="23" sum="100"/>
<action no="4" player="Obolonsky99" type="0" discard="1" dealt="1" sum="0"/>
<action no="5" player="barabAKa1" type="3" discard="1" dealt="1" sum="80"/>
</round>
<round no="2"><cards type="Flop">H3 HJ S7</cards>
</round>
<round no="3"><cards type="Turn">C7</cards>
</round>
<round no="4"><cards type="River">D6</cards>
</round>
</game>
</session>
