<?xml version="1.0" encoding="UTF-8"?>
<session sessioncode="8393559294">
<general>
<client_version>25.1.1.13</client_version>
<mode>real</mode>
<gametype>Holdem NL</gametype>
<tablename>Twister €5 SNG, 1128752762</tablename>
<tournamentcode>1128752761</tournamentcode>
<tournamentname>Twister €5 SNG</tournamentname>
<buyin>€0 + €0.35 + €4.65</buyin>
<totalbuyin>€5</totalbuyin>
<rewarddrawn>€25</rewarddrawn>
<tournamentcurrency>EUR</tournamentcurrency>
<currency>EUR</currency>
<nickname>oreiasccp</nickname>
<gamecount>27</gamecount>
<startdate>2025-06-28 10:04:52</startdate>
<place>1</place>
<win>€25</win>
<tablesize>3</tablesize>
</general>
<game gamecode="11538641294"><general><startdate>2025-06-28 10:05:07</startdate>
<round>1</round>
<failsafecounter/>
<players><player seat="10" name="pigeonbold91" chips="500" dealer="0" win="0" bet="40" muck="1" rebuy="0" addon="0" merge="0" rebuychips="0" reg_code="8393559420"/>
<player seat="3" name="oreiasccp" chips="500" dealer="1" win="0" bet="0" muck="1" rebuy="0" addon="0" merge="0" rebuychips="0" reg_code="8393559294"/>
<player seat="6" name="DeusVult92" chips="500" dealer="0" win="80" bet="60" muck="1" rebuy="0" addon="0" merge="0" rebuychips="0" reg_code="8393559300"/>
</players>
</general>
<round no="0"><action no="1" player="DeusVult92" type="1" discard="1" dealt="1" sum="10"/>
<action no="2" player="pigeonbold91" type="2" discard="1" dealt="1" sum="20"/>
</round>
<round no="1"><cards type="Pocket" player="DeusVult92">X X</cards>
<cards type="Pocket" player="oreiasccp">D3 S5</cards>
<cards type="Pocket" player="pigeonbold91">X X</cards>
<action no="3" player="oreiasccp" type="0" sum="0"/>
<action no="4" player="DeusVult92" type="23" discard="1" dealt="1" sum="40"/>
<action no="5" player="pigeonbold91" type="3" discard="1" dealt="1" sum="20"/>
</round>
<round no="2"><cards type="Flop">DK D2 SA</cards>
<action no="6" player="DeusVult92" type="5" discard="1" dealt="1" sum="20"/>
<action no="7" player="pigeonbold91" type="0" discard="1" dealt="1" sum="0"/>
</round>
</game>
<game gamecode="11538641369"><general><startdate>2025-06-28 10:05:25</startdate>
<round>1</round>
<failsafecounter/>
<players><player seat="3" name="oreiasccp" chips="500" dealer="0" win="0" bet="20" muck="1" rebuy="0" addon="0" merge="0" rebuychips="0" reg_code="8393559294"/>
<player seat="6" name="DeusVult92" chips="540" dealer="1" win="420" bet="200" muck="0" rebuy="0" addon="0" merge="0" rebuychips="0" reg_code="8393559300"/>
<player seat="10" name="pigeonbold91" chips="460" dealer="0" win="0" bet="200" muck="1" rebuy="0" addon="0" merge="0" rebuychips="0" reg_code="8393559420"/>
</players>
</general>
<round no="0"><action no="1" player="pigeonbold91" type="1" discard="1" dealt="1" sum="10"/>
<action no="2" player="oreiasccp" type="2" sum="20"/>
</round>
<round no="1"><cards type="Pocket" player="oreiasccp">S3 D5</cards>
<cards type="Pocket" player="pigeonbold91">S8 HJ</cards>
<cards type="Pocket" player="DeusVult92">DA H7</cards>
<action no="3" player="DeusVult92" type="23" discard="1" dealt="1" sum="40"/>
<action no="4" player="pigeonbold91" type="3" discard="1" dealt="1" sum="30"/>
<action no="5" player="oreiasccp" type="0" sum="0"/>
</round>
<round no="2"><cards type="Flop">DJ S10 SK</cards>
<action no="6" player="pigeonbold91" type="4" discard="1" dealt="1" sum="0"/>
<action no="7" player="DeusVult92" type="4" discard="1" dealt="1" sum="0"/>
</round>
<round no="3"><cards type="Turn">S9</cards>
<action no="8" player="pigeonbold91" type="5" discard="1" dealt="1" sum="20"/>
<action no="9" player="DeusVult92" type="3" discard="1" dealt="1" sum="20"/>
</round>
<round no="4"><cards type="River">C8</cards>
<action no="10" player="pigeonbold91" type="4" discard="1" dealt="1" sum="0"/>
<action no="11" player="DeusVult92" type="5" discard="1" dealt="1" sum="140"/>
<action no="12" player="pigeonbold91" type="3" discard="1" dealt="1" sum="140"/>
</round>
</game>
<game gamecode="11538641537"><general><startdate>2025-06-28 10:06:01</startdate>
<round>1</round>
<failsafecounter/>
<players><player seat="6" name="DeusVult92" chips="760" dealer="0" win="0" bet="60" muck="1" rebuy="0" addon="0" merge="0" rebuychips="0" reg_code="8393559300"/>
<player seat="10" name="pigeonbold91" chips="260" dealer="1" win="0" bet="0" muck="1" rebuy="0" addon="0" merge="0" rebuychips="0" reg_code="8393559420"/>
<player seat="3" name="oreiasccp" chips="480" dealer="0" win="120" bet="100" muck="1" rebuy="0" addon="0" merge="0" rebuychips="0" reg_code="8393559294"/>
</players>
</general>
<round no="0"><action no="1" player="oreiasccp" type="1" sum="10"/>
<action no="2" player="DeusVult92" type="2" discard="1" dealt="1" sum="20"/>
</round>
<round no="1"><cards type="Pocket" player="oreiasccp">DK S5</cards>
<cards type="Pocket" player="pigeonbold91">X X</cards>
<cards type="Pocket" player="DeusVult92">X X</cards>
<action no="3" player="pigeonbold91" type="0" discard="1" dealt="1" sum="0"/>
<action no="4" player="oreiasccp" type="23" sum="40"/>
<action no="5" player="DeusVult92" type="3" discard="1" dealt="1" sum="20"/>
</round>
<round no="2"><cards type="Flop">C10 D4 SK</cards>
<action no="6" player="oreiasccp" type="5" sum="20"/>
<action no="7" player="DeusVult92" type="3" discard="1" dealt="1" sum="20"/>
</round>
<round no="3"><cards type="Turn">HA</cards>
<action no="8" player="oreiasccp" type="4" sum="0"/>
<action no="9" player="DeusVult92" type="4" discard="1" dealt="1" sum="0"/>
</round>
<round no="4"><cards type="River">HJ</cards>
<action no="10" player="oreiasccp" type="5" sum="40"/>
<action no="11" player="DeusVult92" type="0" discard="1" dealt="1" sum="0"/>
</round>
</game>
<game gamecode="11538649670"><general><startdate>2025-06-28 10:06:39</startdate>
<round>1</round>
<failsafecounter/>
<players><player seat="10" name="pigeonbold91" chips="260" dealer="0" win="0" bet="60" muck="1" rebuy="0" addon="0" merge="0" rebuychips="0" reg_code="8393559420"/>
<player seat="3" name="oreiasccp" chips="540" dealer="1" win="0" bet="0" muck="1" rebuy="0" addon="0" merge="0" rebuychips="0" reg_code="8393559294"/>
<player seat="6" name="DeusVult92" chips="700" dealer="0" win="120" bet="144" muck="1" rebuy="0" addon="0" merge="0" rebuychips="0" reg_code="8393559300"/>
</players>
</general>
<round no="0"><action no="1" player="DeusVult92" type="1" discard="1" dealt="1" sum="10"/>
<action no="2" player="pigeonbold91" type="2" discard="1" dealt="1" sum="20"/>
</round>
<round no="1"><cards type="Pocket" player="DeusVult92">X X</cards>
<cards type="Pocket" player="pigeonbold91">X X</cards>
<cards type="Pocket" player="oreiasccp">S8 S4</cards>
<action no="3" player="oreiasccp" type="0" sum="0"/>
<action no="4" player="DeusVult92" type="23" discard="1" dealt="1" sum="40"/>
<action no="5" player="pigeonbold91" type="3" discard="1" dealt="1" sum="20"/>
</round>
<round no="2"><cards type="Flop">DQ CA C10</cards>
<action no="6" player="DeusVult92" type="5" discard="1" dealt="1" sum="20"/>
<action no="7" player="pigeonbold91" type="3" discard="1" dealt="1" sum="20"/>
</round>
<round no="3"><cards type="Turn">H2</cards>
<action no="8" player="DeusVult92" type="5" discard="1" dealt="1" sum="84"/>
<action no="9" player="pigeonbold91" type="0" discard="1" dealt="1" sum="0"/>
</round>
</game>
<game gamecode="11538649776"><general><startdate>2025-06-28 10:07:05</startdate>
<round>1</round>
<failsafecounter/>
<players><player seat="3" name="oreiasccp" chips="540" dealer="0" win="400" bet="200" muck="0" rebuy="0" addon="0" merge="0" rebuychips="0" reg_code="8393559294"/>
<player seat="6" name="DeusVult92" chips="760" dealer="1" win="0" bet="0" muck="1" rebuy="0" addon="0" merge="0" rebuychips="0" reg_code="8393559300"/>
<player seat="10" name="pigeonbold91" chips="200" dealer="0" win="0" bet="200" muck="1" rebuy="0" addon="0" merge="0" rebuychips="0" reg_code="8393559420"/>
</players>
</general>
<round no="0"><action no="1" player="pigeonbold91" type="1" discard="1" dealt="1" sum="10"/>
<action no="2" player="oreiasccp" type="2" sum="20"/>
</round>
<round no="1"><cards type="Pocket" player="pigeonbold91">DJ HJ</cards>
<cards type="Pocket" player="DeusVult92">X X</cards>
<cards type="Pocket" player="oreiasccp">HQ SA</cards>
<action no="3" player="DeusVult92" type="0" discard="1" dealt="1" sum="0"/>
<action no="4" player="pigeonbold91" type="23" discard="1" dealt="1" sum="40"/>
<action no="5" player="oreiasccp" type="23" sum="200"/>
<action no="6" player="pigeonbold91" type="7" discard="1" dealt="1" sum="160"/>
</round>
<round no="2"><cards type="Flop">S3 SQ H4</cards>
</round>
<round no="3"><cards type="Turn">D9</cards>
</round>
<round no="4"><cards type="River">D2</cards>
</round>
</game>
<game gamecode="11538649871"><general><startdate>2025-06-28 10:07:28</startdate>
<round>1</round>
<failsafecounter/>
<players><player seat="6" name="DeusVult92" chips="760" dealer="0" win="0" bet="86" muck="1" rebuy="0" addon="0" merge="0" rebuychips="0" reg_code="8393559300"/>
<player seat="3" name="oreiasccp" chips="740" dealer="1" win="172" bet="86" muck="0" rebuy="0" addon="0" merge="0" rebuychips="0" reg_code="8393559294"/>
</players>
</general>
<round no="0"><action no="1" player="oreiasccp" type="15" sum="5"/>
<action no="2" player="DeusVult92" type="15" discard="1" dealt="1" sum="5"/>
<action no="3" player="oreiasccp" type="1" sum="15"/>
<action no="4" player="DeusVult92" type="2" discard="1" dealt="1" sum="30"/>
</round>
<round no="1"><cards type="Pocket" player="oreiasccp">C8 H5</cards>
<cards type="Pocket" player="DeusVult92">C4 S5</cards>
<action no="5" player="oreiasccp" type="3" sum="15"/>
<action no="6" player="DeusVult92" type="4" discard="1" dealt="1" sum="0"/>
</round>
<round no="2"><cards type="Flop">S4 S6 H2</cards>
<action no="7" player="DeusVult92" type="4" discard="1" dealt="1" sum="0"/>
<action no="8" player="oreiasccp" type="4" sum="0"/>
</round>
<round no="3"><cards type="Turn">C2</cards>
<action no="9" player="DeusVult92" type="4" discard="1" dealt="1" sum="0"/>
<action no="10" player="oreiasccp" type="4" sum="0"/>
</round>
<round no="4"><cards type="River">S7</cards>
<action no="11" player="DeusVult92" type="4" discard="1" dealt="1" sum="0"/>
<action no="12" player="oreiasccp" type="5" sum="51"/>
<action no="13" player="DeusVult92" type="3" discard="1" dealt="1" sum="51"/>
</round>
</game>
<game gamecode="11538650040"><general><startdate>2025-06-28 10:08:11</startdate>
<round>1</round>
<failsafecounter/>
<players><player seat="3" name="oreiasccp" chips="826" dealer="0" win="130" bet="155" muck="1" rebuy="0" addon="0" merge="0" rebuychips="0" reg_code="8393559294"/>
<player seat="6" name="DeusVult92" chips="674" dealer="1" win="0" bet="65" muck="1" rebuy="0" addon="0" merge="0" rebuychips="0" reg_code="8393559300"/>
</players>
</general>
<round no="0"><action no="1" player="DeusVult92" type="15" discard="1" dealt="1" sum="5"/>
<action no="2" player="oreiasccp" type="15" sum="5"/>
<action no="3" player="DeusVult92" type="1" discard="1" dealt="1" sum="15"/>
<action no="4" player="oreiasccp" type="2" sum="30"/>
</round>
<round no="1"><cards type="Pocket" player="oreiasccp">SQ CQ</cards>
<cards type="Pocket" player="DeusVult92">X X</cards>
<action no="5" player="DeusVult92" type="23" discard="1" dealt="1" sum="60"/>
<action no="6" player="oreiasccp" type="23" sum="150"/>
<action no="7" player="DeusVult92" type="0" discard="1" dealt="1" sum="0"/>
</round>
</game>
<game gamecode="11538650124"><general><startdate>2025-06-28 10:08:32</startdate>
<round>1</round>
<failsafecounter/>
<players><player seat="6" name="DeusVult92" chips="609" dealer="0" win="190" bet="155" muck="1" rebuy="0" addon="0" merge="0" rebuychips="0" reg_code="8393559300"/>
<player seat="3" name="oreiasccp" chips="891" dealer="1" win="0" bet="95" muck="1" rebuy="0" addon="0" merge="0" rebuychips="0" reg_code="8393559294"/>
</players>
</general>
<round no="0"><action no="1" player="oreiasccp" type="15" sum="5"/>
<action no="2" player="DeusVult92" type="15" discard="1" dealt="1" sum="5"/>
<action no="3" player="oreiasccp" type="1" sum="15"/>
<action no="4" player="DeusVult92" type="2" discard="1" dealt="1" sum="30"/>
</round>
<round no="1"><cards type="Pocket" player="DeusVult92">X X</cards>
<cards type="Pocket" player="oreiasccp">D2 D9</cards>
<action no="5" player="oreiasccp" type="23" sum="60"/>
<action no="6" player="DeusVult92" type="3" discard="1" dealt="1" sum="30"/>
</round>
<round no="2"><cards type="Flop">CJ H3 CK</cards>
<action no="7" player="DeusVult92" type="4" discard="1" dealt="1" sum="0"/>
<action no="8" player="oreiasccp" type="5" sum="30"/>
<action no="9" player="DeusVult92" type="23" discard="1" dealt="1" sum="90"/>
<action no="10" player="oreiasccp" type="0" sum="0"/>
</round>
</game>
<game gamecode="11538650201"><general><startdate>2025-06-28 10:08:52</startdate>
<round>1</round>
<failsafecounter/>
<players><player seat="3" name="oreiasccp" chips="796" dealer="0" win="70" bet="95" muck="1" rebuy="0" addon="0" merge="0" rebuychips="0" reg_code="8393559294"/>
<player seat="6" name="DeusVult92" chips="704" dealer="1" win="0" bet="35" muck="1" rebuy="0" addon="0" merge="0" rebuychips="0" reg_code="8393559300"/>
</players>
</general>
<round no="0"><action no="1" player="DeusVult92" type="15" discard="1" dealt="1" sum="5"/>
<action no="2" player="oreiasccp" type="15" sum="5"/>
<action no="3" player="DeusVult92" type="1" discard="1" dealt="1" sum="15"/>
<action no="4" player="oreiasccp" type="2" sum="30"/>
</round>
<round no="1"><cards type="Pocket" player="DeusVult92">X X</cards>
<cards type="Pocket" player="oreiasccp">C10 HQ</cards>
<action no="5" player="DeusVult92" type="3" discard="1" dealt="1" sum="15"/>
<action no="6" player="oreiasccp" type="23" sum="90"/>
<action no="7" player="DeusVult92" type="0" discard="1" dealt="1" sum="0"/>
</round>
</game>
<game gamecode="11538650285"><general><startdate>2025-06-28 10:09:10</startdate>
<round>1</round>
<failsafecounter/>
<players><player seat="6" name="DeusVult92" chips="669" dealer="0" win="0" bet="45" muck="1" rebuy="0" addon="0" merge="0" rebuychips="0" reg_code="8393559300"/>
<player seat="3" name="oreiasccp" chips="831" dealer="1" win="90" bet="85" muck="1" rebuy="0" addon="0" merge="0" rebuychips="0" reg_code="8393559294"/>
</players>
</general>
<round no="0"><action no="1" player="oreiasccp" type="15" sum="5"/>
<action no="2" player="DeusVult92" type="15" discard="1" dealt="1" sum="5"/>
<action no="3" player="oreiasccp" type="1" sum="20"/>
<action no="4" player="DeusVult92" type="2" discard="1" dealt="1" sum="40"/>
</round>
<round no="1"><cards type="Pocket" player="oreiasccp">D10 D9</cards>
<cards type="Pocket" player="DeusVult92">X X</cards>
<action no="5" player="oreiasccp" type="3" sum="20"/>
<action no="6" player="DeusVult92" type="4" discard="1" dealt="1" sum="0"/>
</round>
<round no="2"><cards type="Flop">DK HQ C9</cards>
<action no="7" player="DeusVult92" type="4" discard="1" dealt="1" sum="0"/>
<action no="8" player="oreiasccp" type="4" sum="0"/>
</round>
<round no="3"><cards type="Turn">C5</cards>
<action no="9" player="DeusVult92" type="4" discard="1" dealt="1" sum="0"/>
<action no="10" player="oreiasccp" type="4" sum="0"/>
</round>
<round no="4"><cards type="River">S7</cards>
<action no="11" player="DeusVult92" type="4" discard="1" dealt="1" sum="0"/>
<action no="12" player="oreiasccp" type="5" sum="40"/>
<action no="13" player="DeusVult92" type="0" discard="1" dealt="1" sum="0"/>
</round>
</game>
<game gamecode="11538650471"><general><startdate>2025-06-28 10:09:57</startdate>
<round>1</round>
<failsafecounter/>
<players><player seat="3" name="oreiasccp" chips="876" dealer="0" win="0" bet="45" muck="1" rebuy="0" addon="0" merge="0" rebuychips="0" reg_code="8393559294"/>
<player seat="6" name="DeusVult92" chips="624" dealer="1" win="90" bet="85" muck="1" rebuy="0" addon="0" merge="0" rebuychips="0" reg_code="8393559300"/>
</players>
</general>
<round no="0"><action no="1" player="DeusVult92" type="15" discard="1" dealt="1" sum="5"/>
<action no="2" player="oreiasccp" type="15" sum="5"/>
<action no="3" player="DeusVult92" type="1" discard="1" dealt="1" sum="20"/>
<action no="4" player="oreiasccp" type="2" sum="40"/>
</round>
<round no="1"><cards type="Pocket" player="oreiasccp">C3 SQ</cards>
<cards type="Pocket" player="DeusVult92">X X</cards>
<action no="5" player="DeusVult92" type="3" discard="1" dealt="1" sum="20"/>
<action no="6" player="oreiasccp" type="4" sum="0"/>
</round>
<round no="2"><cards type="Flop">D2 H7 SK</cards>
<action no="7" player="oreiasccp" type="4" sum="0"/>
<action no="8" player="DeusVult92" type="5" discard="1" dealt="1" sum="40"/>
<action no="9" player="oreiasccp" type="0" sum="0"/>
</round>
</game>
<game gamecode="11538650551"><general><startdate>2025-06-28 10:10:15</startdate>
<round>1</round>
<failsafecounter/>
<players><player seat="6" name="DeusVult92" chips="669" dealer="0" win="0" bet="125" muck="1" rebuy="0" addon="0" merge="0" rebuychips="0" reg_code="8393559300"/>
<player seat="3" name="oreiasccp" chips="831" dealer="1" win="250" bet="308" muck="1" rebuy="0" addon="0" merge="0" rebuychips="0" reg_code="8393559294"/>
</players>
</general>
<round no="0"><action no="1" player="oreiasccp" type="15" sum="5"/>
<action no="2" player="DeusVult92" type="15" discard="1" dealt="1" sum="5"/>
<action no="3" player="oreiasccp" type="1" sum="20"/>
<action no="4" player="DeusVult92" type="2" discard="1" dealt="1" sum="40"/>
</round>
<round no="1"><cards type="Pocket" player="DeusVult92">X X</cards>
<cards type="Pocket" player="oreiasccp">C9 D8</cards>
<action no="5" player="oreiasccp" type="23" sum="80"/>
<action no="6" player="DeusVult92" type="3" discard="1" dealt="1" sum="40"/>
</round>
<round no="2"><cards type="Flop">S8 D10 C8</cards>
<action no="7" player="DeusVult92" type="4" discard="1" dealt="1" sum="0"/>
<action no="8" player="oreiasccp" type="5" sum="40"/>
<action no="9" player="DeusVult92" type="3" discard="1" dealt="1" sum="40"/>
</round>
<round no="3"><cards type="Turn">CJ</cards>
<action no="10" player="DeusVult92" type="4" discard="1" dealt="1" sum="0"/>
<action no="11" player="oreiasccp" type="5" sum="183"/>
<action no="12" player="DeusVult92" type="0" discard="1" dealt="1" sum="0"/>
</round>
</game>
<game gamecode="11538650644"><general><startdate>2025-06-28 10:10:39</startdate>
<round>1</round>
<failsafecounter/>
<players><player seat="3" name="oreiasccp" chips="956" dealer="0" win="0" bet="135" muck="0" rebuy="0" addon="0" merge="0" rebuychips="0" reg_code="8393559294"/>
<player seat="6" name="DeusVult92" chips="544" dealer="1" win="270" bet="135" muck="0" rebuy="0" addon="0" merge="0" rebuychips="0" reg_code="8393559300"/>
</players>
</general>
<round no="0"><action no="1" player="DeusVult92" type="15" discard="1" dealt="1" sum="5"/>
<action no="2" player="oreiasccp" type="15" sum="5"/>
<action no="3" player="DeusVult92" type="1" discard="1" dealt="1" sum="20"/>
<action no="4" player="oreiasccp" type="2" sum="40"/>
</round>
<round no="1"><cards type="Pocket" player="oreiasccp">D8 S10</cards>
<cards type="Pocket" player="DeusVult92">DJ DQ</cards>
<action no="5" player="DeusVult92" type="3" discard="1" dealt="1" sum="20"/>
<action no="6" player="oreiasccp" type="4" sum="0"/>
</round>
<round no="2"><cards type="Flop">S4 S3 DK</cards>
<action no="7" player="oreiasccp" type="4" sum="0"/>
<action no="8" player="DeusVult92" type="4" discard="1" dealt="1" sum="0"/>
</round>
<round no="3"><cards type="Turn">DA</cards>
<action no="9" player="oreiasccp" type="4" sum="0"/>
<action no="10" player="DeusVult92" type="4" discard="1" dealt="1" sum="0"/>
</round>
<round no="4"><cards type="River">C3</cards>
<action no="11" player="oreiasccp" type="5" sum="90"/>
<action no="12" player="DeusVult92" type="3" discard="1" dealt="1" sum="90"/>
</round>
</game>
<game gamecode="11538650791"><general><startdate>2025-06-28 10:11:14</startdate>
<round>1</round>
<failsafecounter/>
<players><player seat="6" name="DeusVult92" chips="679" dealer="0" win="0" bet="280" muck="1" rebuy="0" addon="0" merge="0" rebuychips="0" reg_code="8393559300"/>
<player seat="3" name="oreiasccp" chips="821" dealer="1" win="560" bet="280" muck="0" rebuy="0" addon="0" merge="0" rebuychips="0" reg_code="8393559294"/>
</players>
</general>
<round no="0"><action no="1" player="oreiasccp" type="15" sum="5"/>
<action no="2" player="DeusVult92" type="15" discard="1" dealt="1" sum="5"/>
<action no="3" player="oreiasccp" type="1" sum="30"/>
<action no="4" player="DeusVult92" type="2" discard="1" dealt="1" sum="60"/>
</round>
<round no="1"><cards type="Pocket" player="DeusVult92">H3 H8</cards>
<cards type="Pocket" player="oreiasccp">SQ D2</cards>
<action no="5" player="oreiasccp" type="3" sum="30"/>
<action no="6" player="DeusVult92" type="4" discard="1" dealt="1" sum="0"/>
</round>
<round no="2"><cards type="Flop">D8 HQ C5</cards>
<action no="7" player="DeusVult92" type="4" discard="1" dealt="1" sum="0"/>
<action no="8" player="oreiasccp" type="4" sum="0"/>
</round>
<round no="3"><cards type="Turn">H9</cards>
<action no="9" player="DeusVult92" type="4" discard="1" dealt="1" sum="0"/>
<action no="10" player="oreiasccp" type="5" sum="95"/>
<action no="11" player="DeusVult92" type="3" discard="1" dealt="1" sum="95"/>
</round>
<round no="4"><cards type="River">C9</cards>
<action no="12" player="DeusVult92" type="4" discard="1" dealt="1" sum="0"/>
<action no="13" player="oreiasccp" type="5" sum="120"/>
<action no="14" player="DeusVult92" type="3" discard="1" dealt="1" sum="120"/>
</round>
</game>
<game gamecode="11538650932"><general><startdate>2025-06-28 10:11:45</startdate>
<round>1</round>
<failsafecounter/>
<players><player seat="3" name="oreiasccp" chips="1,101" dealer="0" win="70" bet="65" muck="1" rebuy="0" addon="0" merge="0" rebuychips="0" reg_code="8393559294"/>
<player seat="6" name="DeusVult92" chips="399" dealer="1" win="0" bet="35" muck="1" rebuy="0" addon="0" merge="0" rebuychips="0" reg_code="8393559300"/>
</players>
</general>
<round no="0"><action no="1" player="DeusVult92" type="15" discard="1" dealt="1" sum="5"/>
<action no="2" player="oreiasccp" type="15" sum="5"/>
<action no="3" player="DeusVult92" type="1" discard="1" dealt="1" sum="30"/>
<action no="4" player="oreiasccp" type="2" sum="60"/>
</round>
<round no="1"><cards type="Pocket" player="oreiasccp">S7 C4</cards>
<cards type="Pocket" player="DeusVult92">X X</cards>
<action no="5" player="DeusVult92" type="0" discard="1" dealt="1" sum="0"/>
</round>
</game>
<game gamecode="11538650953"><general><startdate>2025-06-28 10:11:50</startdate>
<round>1</round>
<failsafecounter/>
<players><player seat="6" name="DeusVult92" chips="364" dealer="0" win="70" bet="65" muck="1" rebuy="0" addon="0" merge="0" rebuychips="0" reg_code="8393559300"/>
<player seat="3" name="oreiasccp" chips="1,136" dealer="1" win="0" bet="35" muck="1" rebuy="0" addon="0" merge="0" rebuychips="0" reg_code="8393559294"/>
</players>
</general>
<round no="0"><action no="1" player="oreiasccp" type="15" sum="5"/>
<action no="2" player="DeusVult92" type="15" discard="1" dealt="1" sum="5"/>
<action no="3" player="oreiasccp" type="1" sum="30"/>
<action no="4" player="DeusVult92" type="2" discard="1" dealt="1" sum="60"/>
</round>
<round no="1"><cards type="Pocket" player="DeusVult92">X X</cards>
<cards type="Pocket" player="oreiasccp">D4 H2</cards>
<action no="5" player="oreiasccp" type="0" sum="0"/>
</round>
</game>
<game gamecode="11538650979"><general><startdate>2025-06-28 10:11:55</startdate>
<round>1</round>
<failsafecounter/>
<players><player seat="3" name="oreiasccp" chips="1,101" dealer="0" win="70" bet="65" muck="1" rebuy="0" addon="0" merge="0" rebuychips="0" reg_code="8393559294"/>
<player seat="6" name="DeusVult92" chips="399" dealer="1" win="0" bet="35" muck="1" rebuy="0" addon="0" merge="0" rebuychips="0" reg_code="8393559300"/>
</players>
</general>
<round no="0"><action no="1" player="DeusVult92" type="15" discard="1" dealt="1" sum="5"/>
<action no="2" player="oreiasccp" type="15" sum="5"/>
<action no="3" player="DeusVult92" type="1" discard="1" dealt="1" sum="30"/>
<action no="4" player="oreiasccp" type="2" sum="60"/>
</round>
<round no="1"><cards type="Pocket" player="oreiasccp">H8 H7</cards>
<cards type="Pocket" player="DeusVult92">X X</cards>
<action no="5" player="DeusVult92" type="0" discard="1" dealt="1" sum="0"/>
</round>
</game>
<game gamecode="11538650995"><general><startdate>2025-06-28 10:12:01</startdate>
<round>1</round>
<failsafecounter/>
<players><player seat="6" name="DeusVult92" chips="364" dealer="0" win="0" bet="65" muck="1" rebuy="0" addon="0" merge="0" rebuychips="0" reg_code="8393559300"/>
<player seat="3" name="oreiasccp" chips="1,136" dealer="1" win="130" bet="364" muck="1" rebuy="0" addon="0" merge="0" rebuychips="0" reg_code="8393559294"/>
</players>
</general>
<round no="0"><action no="1" player="oreiasccp" type="15" sum="5"/>
<action no="2" player="DeusVult92" type="15" discard="1" dealt="1" sum="5"/>
<action no="3" player="oreiasccp" type="1" sum="30"/>
<action no="4" player="DeusVult92" type="2" discard="1" dealt="1" sum="60"/>
</round>
<round no="1"><cards type="Pocket" player="DeusVult92">X X</cards>
<cards type="Pocket" player="oreiasccp">S8 DA</cards>
<action no="5" player="oreiasccp" type="23" sum="359"/>
<action no="6" player="DeusVult92" type="0" discard="1" dealt="1" sum="0"/>
</round>
</game>
<game gamecode="11538651046"><general><startdate>2025-06-28 10:12:11</startdate>
<round>1</round>
<failsafecounter/>
<players><player seat="3" name="oreiasccp" chips="1,201" dealer="0" win="0" bet="65" muck="1" rebuy="0" addon="0" merge="0" rebuychips="0" reg_code="8393559294"/>
<player seat="6" name="DeusVult92" chips="299" dealer="1" win="130" bet="299" muck="1" rebuy="0" addon="0" merge="0" rebuychips="0" reg_code="8393559300"/>
</players>
</general>
<round no="0"><action no="1" player="DeusVult92" type="15" discard="1" dealt="1" sum="5"/>
<action no="2" player="oreiasccp" type="15" sum="5"/>
<action no="3" player="DeusVult92" type="1" discard="1" dealt="1" sum="30"/>
<action no="4" player="oreiasccp" type="2" sum="60"/>
</round>
<round no="1"><cards type="Pocket" player="oreiasccp">D3 H4</cards>
<cards type="Pocket" player="DeusVult92">X X</cards>
<action no="5" player="DeusVult92" type="23" discard="1" dealt="1" sum="294"/>
<action no="6" player="oreiasccp" type="0" sum="0"/>
</round>
</game>
<game gamecode="11538651071"><general><startdate>2025-06-28 10:12:18</startdate>
<round>1</round>
<failsafecounter/>
<players><player seat="6" name="DeusVult92" chips="364" dealer="0" win="0" bet="65" muck="1" rebuy="0" addon="0" merge="0" rebuychips="0" reg_code="8393559300"/>
<player seat="3" name="oreiasccp" chips="1,136" dealer="1" win="130" bet="364" muck="1" rebuy="0" addon="0" merge="0" rebuychips="0" reg_code="8393559294"/>
</players>
</general>
<round no="0"><action no="1" player="oreiasccp" type="15" sum="5"/>
<action no="2" player="DeusVult92" type="15" discard="1" dealt="1" sum="5"/>
<action no="3" player="oreiasccp" type="1" sum="30"/>
<action no="4" player="DeusVult92" type="2" discard="1" dealt="1" sum="60"/>
</round>
<round no="1"><cards type="Pocket" player="DeusVult92">X X</cards>
<cards type="Pocket" player="oreiasccp">SJ S7</cards>
<action no="5" player="oreiasccp" type="23" sum="359"/>
<action no="6" player="DeusVult92" type="0" discard="1" dealt="1" sum="0"/>
</round>
</game>
<game gamecode="11538651103"><general><startdate>2025-06-28 10:12:25</startdate>
<round>1</round>
<failsafecounter/>
<players><player seat="3" name="oreiasccp" chips="1,201" dealer="0" win="0" bet="65" muck="1" rebuy="0" addon="0" merge="0" rebuychips="0" reg_code="8393559294"/>
<player seat="6" name="DeusVult92" chips="299" dealer="1" win="130" bet="299" muck="1" rebuy="0" addon="0" merge="0" rebuychips="0" reg_code="8393559300"/>
</players>
</general>
<round no="0"><action no="1" player="DeusVult92" type="15" discard="1" dealt="1" sum="5"/>
<action no="2" player="oreiasccp" type="15" sum="5"/>
<action no="3" player="DeusVult92" type="1" discard="1" dealt="1" sum="30"/>
<action no="4" player="oreiasccp" type="2" sum="60"/>
</round>
<round no="1"><cards type="Pocket" player="oreiasccp">S3 D4</cards>
<cards type="Pocket" player="DeusVult92">X X</cards>
<action no="5" player="DeusVult92" type="23" discard="1" dealt="1" sum="294"/>
<action no="6" player="oreiasccp" type="0" sum="0"/>
</round>
</game>
<game gamecode="11538651127"><general><startdate>2025-06-28 10:12:31</startdate>
<round>1</round>
<failsafecounter/>
<players><player seat="6" name="DeusVult92" chips="364" dealer="0" win="0" bet="65" muck="1" rebuy="0" addon="0" merge="0" rebuychips="0" reg_code="8393559300"/>
<player seat="3" name="oreiasccp" chips="1,136" dealer="1" win="130" bet="364" muck="1" rebuy="0" addon="0" merge="0" rebuychips="0" reg_code="8393559294"/>
</players>
</general>
<round no="0"><action no="1" player="oreiasccp" type="15" sum="5"/>
<action no="2" player="DeusVult92" type="15" discard="1" dealt="1" sum="5"/>
<action no="3" player="oreiasccp" type="1" sum="30"/>
<action no="4" player="DeusVult92" type="2" discard="1" dealt="1" sum="60"/>
</round>
<round no="1"><cards type="Pocket" player="DeusVult92">X X</cards>
<cards type="Pocket" player="oreiasccp">S8 HQ</cards>
<action no="5" player="oreiasccp" type="23" sum="359"/>
<action no="6" player="DeusVult92" type="0" discard="1" dealt="1" sum="0"/>
</round>
</game>
<game gamecode="11538651170"><general><startdate>2025-06-28 10:12:39</startdate>
<round>1</round>
<failsafecounter/>
<players><player seat="3" name="oreiasccp" chips="1,201" dealer="0" win="70" bet="65" muck="1" rebuy="0" addon="0" merge="0" rebuychips="0" reg_code="8393559294"/>
<player seat="6" name="DeusVult92" chips="299" dealer="1" win="0" bet="35" muck="1" rebuy="0" addon="0" merge="0" rebuychips="0" reg_code="8393559300"/>
</players>
</general>
<round no="0"><action no="1" player="DeusVult92" type="15" discard="1" dealt="1" sum="5"/>
<action no="2" player="oreiasccp" type="15" sum="5"/>
<action no="3" player="DeusVult92" type="1" discard="1" dealt="1" sum="30"/>
<action no="4" player="oreiasccp" type="2" sum="60"/>
</round>
<round no="1"><cards type="Pocket" player="DeusVult92">X X</cards>
<cards type="Pocket" player="oreiasccp">SQ D2</cards>
<action no="5" player="DeusVult92" type="0" discard="1" dealt="1" sum="0"/>
</round>
</game>
<game gamecode="11538651198"><general><startdate>2025-06-28 10:12:45</startdate>
<round>1</round>
<failsafecounter/>
<players><player seat="6" name="DeusVult92" chips="264" dealer="0" win="0" bet="65" muck="1" rebuy="0" addon="0" merge="0" rebuychips="0" reg_code="8393559300"/>
<player seat="3" name="oreiasccp" chips="1,236" dealer="1" win="130" bet="264" muck="1" rebuy="0" addon="0" merge="0" rebuychips="0" reg_code="8393559294"/>
</players>
</general>
<round no="0"><action no="1" player="oreiasccp" type="15" sum="5"/>
<action no="2" player="DeusVult92" type="15" discard="1" dealt="1" sum="5"/>
<action no="3" player="oreiasccp" type="1" sum="30"/>
<action no="4" player="DeusVult92" type="2" discard="1" dealt="1" sum="60"/>
</round>
<round no="1"><cards type="Pocket" player="DeusVult92">X X</cards>
<cards type="Pocket" player="oreiasccp">D5 DK</cards>
<action no="5" player="oreiasccp" type="23" sum="259"/>
<action no="6" player="DeusVult92" type="0" discard="1" dealt="1" sum="0"/>
</round>
</game>
<game gamecode="11538651242"><general><startdate>2025-06-28 10:12:56</startdate>
<round>1</round>
<failsafecounter/>
<players><player seat="3" name="oreiasccp" chips="1,301" dealer="0" win="70" bet="65" muck="1" rebuy="0" addon="0" merge="0" rebuychips="0" reg_code="8393559294"/>
<player seat="6" name="DeusVult92" chips="199" dealer="1" win="0" bet="35" muck="1" rebuy="0" addon="0" merge="0" rebuychips="0" reg_code="8393559300"/>
</players>
</general>
<round no="0"><action no="1" player="DeusVult92" type="15" discard="1" dealt="1" sum="5"/>
<action no="2" player="oreiasccp" type="15" sum="5"/>
<action no="3" player="DeusVult92" type="1" discard="1" dealt="1" sum="30"/>
<action no="4" player="oreiasccp" type="2" sum="60"/>
</round>
<round no="1"><cards type="Pocket" player="DeusVult92">X X</cards>
<cards type="Pocket" player="oreiasccp">C9 CJ</cards>
<action no="5" player="DeusVult92" type="0" discard="1" dealt="1" sum="0"/>
</round>
</game>
<game gamecode="11538651284"><general><startdate>2025-06-28 10:13:03</startdate>
<round>1</round>
<failsafecounter/>
<players><player seat="6" name="DeusVult92" chips="164" dealer="0" win="70" bet="65" muck="1" rebuy="0" addon="0" merge="0" rebuychips="0" reg_code="8393559300"/>
<player seat="3" name="oreiasccp" chips="1,336" dealer="1" win="0" bet="35" muck="1" rebuy="0" addon="0" merge="0" rebuychips="0" reg_code="8393559294"/>
</players>
</general>
<round no="0"><action no="1" player="oreiasccp" type="15" sum="5"/>
<action no="2" player="DeusVult92" type="15" discard="1" dealt="1" sum="5"/>
<action no="3" player="oreiasccp" type="1" sum="30"/>
<action no="4" player="DeusVult92" type="2" discard="1" dealt="1" sum="60"/>
</round>
<round no="1"><cards type="Pocket" player="oreiasccp">S2 C3</cards>
<cards type="Pocket" player="DeusVult92">X X</cards>
<action no="5" player="oreiasccp" type="0" sum="0"/>
</round>
</game>
<game gamecode="11538651310"><general><startdate>2025-06-28 10:13:10</startdate>
<round>1</round>
<failsafecounter/>
<players><player seat="3" name="oreiasccp" chips="1,301" dealer="0" win="398" bet="199" muck="0" rebuy="0" addon="0" merge="0" rebuychips="0" reg_code="8393559294"/>
<player seat="6" name="DeusVult92" chips="199" dealer="1" win="0" bet="199" muck="0" rebuy="0" addon="0" merge="0" rebuychips="0" reg_code="8393559300"/>
</players>
</general>
<round no="0"><action no="1" player="DeusVult92" type="15" discard="1" dealt="1" sum="8"/>
<action no="2" player="oreiasccp" type="15" sum="8"/>
<action no="3" player="DeusVult92" type="1" discard="1" dealt="1" sum="40"/>
<action no="4" player="oreiasccp" type="2" sum="80"/>
</round>
<round no="1"><cards type="Pocket" player="DeusVult92">D7 S10</cards>
<cards type="Pocket" player="oreiasccp">SA H7</cards>
<action no="5" player="DeusVult92" type="23" discard="1" dealt="1" sum="191"/>
<action no="6" player="oreiasccp" type="3" sum="111"/>
</round>
<round no="2"><cards type="Flop">HQ C3 DA</cards>
</round>
<round no="3"><cards type="Turn">D10</cards>
</round>
<round no="4"><cards type="River">D3</cards>
</round>
</game>
</session>
