<?xml version="1.0" encoding="UTF-8"?>
<session sessioncode="8393528406">
<general>
<client_version>25.1.1.13</client_version>
<mode>real</mode>
<gametype>Holdem NL</gametype>
<tablename>Twister €5 SNG, 1128747973</tablename>
<tournamentcode>1128747972</tournamentcode>
<tournamentname>Twister €5 SNG</tournamentname>
<buyin>€0 + €0.35 + €4.65</buyin>
<totalbuyin>€5</totalbuyin>
<rewarddrawn>€25</rewarddrawn>
<tournamentcurrency>EUR</tournamentcurrency>
<currency>EUR</currency>
<nickname>oreiasccp</nickname>
<gamecount>29</gamecount>
<startdate>2025-06-28 08:17:51</startdate>
<place>2</place>
<win>€0</win>
<tablesize>3</tablesize>
</general>
<game gamecode="11538559902"><general><startdate>2025-06-28 08:18:06</startdate>
<round>1</round>
<failsafecounter/>
<players><player seat="3" name="oreiasccp" chips="500" dealer="0" win="0" bet="20" muck="1" rebuy="0" addon="0" merge="0" rebuychips="0" reg_code="8393528406"/>
<player seat="6" name="Sktzi" chips="500" dealer="1" win="0" bet="0" muck="1" rebuy="0" addon="0" merge="0" rebuychips="0" reg_code="8393528425"/>
<player seat="10" name="barabAKa1" chips="500" dealer="0" win="40" bet="500" muck="1" rebuy="0" addon="0" merge="0" rebuychips="0" reg_code="8393528454"/>
</players>
</general>
<round no="0"><action no="1" player="barabAKa1" type="1" discard="1" dealt="1" sum="10"/>
<action no="2" player="oreiasccp" type="2" sum="20"/>
</round>
<round no="1"><cards type="Pocket" player="Sktzi">X X</cards>
<cards type="Pocket" player="barabAKa1">X X</cards>
<cards type="Pocket" player="oreiasccp">D10 DQ</cards>
<action no="3" player="Sktzi" type="0" discard="1" dealt="1" sum="0"/>
<action no="4" player="barabAKa1" type="23" discard="1" dealt="1" sum="500"/>
<action no="5" player="oreiasccp" type="0" sum="0"/>
</round>
</game>
<game gamecode="11538559956"><general><startdate>2025-06-28 08:18:21</startdate>
<round>1</round>
<failsafecounter/>
<players><player seat="6" name="Sktzi" chips="500" dealer="0" win="120" bet="110" muck="1" rebuy="0" addon="0" merge="0" rebuychips="0" reg_code="8393528425"/>
<player seat="10" name="barabAKa1" chips="520" dealer="1" win="0" bet="0" muck="1" rebuy="0" addon="0" merge="0" rebuychips="0" reg_code="8393528454"/>
<player seat="3" name="oreiasccp" chips="480" dealer="0" win="0" bet="60" muck="1" rebuy="0" addon="0" merge="0" rebuychips="0" reg_code="8393528406"/>
</players>
</general>
<round no="0"><action no="1" player="oreiasccp" type="1" sum="10"/>
<action no="2" player="Sktzi" type="2" discard="1" dealt="1" sum="20"/>
</round>
<round no="1"><cards type="Pocket" player="barabAKa1">X X</cards>
<cards type="Pocket" player="oreiasccp">HK S5</cards>
<cards type="Pocket" player="Sktzi">X X</cards>
<action no="3" player="barabAKa1" type="0" discard="1" dealt="1" sum="0"/>
<action no="4" player="oreiasccp" type="23" sum="40"/>
<action no="5" player="Sktzi" type="3" discard="1" dealt="1" sum="20"/>
</round>
<round no="2"><cards type="Flop">SJ D2 S4</cards>
<action no="6" player="oreiasccp" type="5" sum="20"/>
<action no="7" player="Sktzi" type="23" discard="1" dealt="1" sum="70"/>
<action no="8" player="oreiasccp" type="0" sum="0"/>
</round>
</game>
<game gamecode="11538560020"><general><startdate>2025-06-28 08:18:42</startdate>
<round>1</round>
<failsafecounter/>
<players><player seat="10" name="barabAKa1" chips="520" dealer="0" win="0" bet="100" muck="1" rebuy="0" addon="0" merge="0" rebuychips="0" reg_code="8393528454"/>
<player seat="3" name="oreiasccp" chips="420" dealer="1" win="210" bet="100" muck="0" rebuy="0" addon="0" merge="0" rebuychips="0" reg_code="8393528406"/>
<player seat="6" name="Sktzi" chips="560" dealer="0" win="0" bet="10" muck="1" rebuy="0" addon="0" merge="0" rebuychips="0" reg_code="8393528425"/>
</players>
</general>
<round no="0"><action no="1" player="Sktzi" type="1" discard="1" dealt="1" sum="10"/>
<action no="2" player="barabAKa1" type="2" discard="1" dealt="1" sum="20"/>
</round>
<round no="1"><cards type="Pocket" player="Sktzi">X X</cards>
<cards type="Pocket" player="barabAKa1">HQ SK</cards>
<cards type="Pocket" player="oreiasccp">CJ H10</cards>
<action no="3" player="oreiasccp" type="23" sum="40"/>
<action no="4" player="Sktzi" type="0" discard="1" dealt="1" sum="0"/>
<action no="5" player="barabAKa1" type="3" discard="1" dealt="1" sum="20"/>
</round>
<round no="2"><cards type="Flop">S4 CA C10</cards>
<action no="6" player="barabAKa1" type="4" discard="1" dealt="1" sum="0"/>
<action no="7" player="oreiasccp" type="5" sum="20"/>
<action no="8" player="barabAKa1" type="3" discard="1" dealt="1" sum="20"/>
</round>
<round no="3"><cards type="Turn">S7</cards>
<action no="9" player="barabAKa1" type="4" discard="1" dealt="1" sum="0"/>
<action no="10" player="oreiasccp" type="4" sum="0"/>
</round>
<round no="4"><cards type="River">C8</cards>
<action no="11" player="barabAKa1" type="4" discard="1" dealt="1" sum="0"/>
<action no="12" player="oreiasccp" type="5" sum="40"/>
<action no="13" player="barabAKa1" type="3" discard="1" dealt="1" sum="40"/>
</round>
</game>
<game gamecode="11538560126"><general><startdate>2025-06-28 08:19:17</startdate>
<round>1</round>
<failsafecounter/>
<players><player seat="3" name="oreiasccp" chips="530" dealer="0" win="90" bet="40" muck="0" rebuy="0" addon="0" merge="0" rebuychips="0" reg_code="8393528406"/>
<player seat="6" name="Sktzi" chips="550" dealer="1" win="0" bet="40" muck="1" rebuy="0" addon="0" merge="0" rebuychips="0" reg_code="8393528425"/>
<player seat="10" name="barabAKa1" chips="420" dealer="0" win="0" bet="10" muck="1" rebuy="0" addon="0" merge="0" rebuychips="0" reg_code="8393528454"/>
</players>
</general>
<round no="0"><action no="1" player="barabAKa1" type="1" discard="1" dealt="1" sum="10"/>
<action no="2" player="oreiasccp" type="2" sum="20"/>
</round>
<round no="1"><cards type="Pocket" player="oreiasccp">C8 S10</cards>
<cards type="Pocket" player="barabAKa1">X X</cards>
<cards type="Pocket" player="Sktzi">H5 H4</cards>
<action no="3" player="Sktzi" type="3" discard="1" dealt="1" sum="20"/>
<action no="4" player="barabAKa1" type="0" discard="1" dealt="1" sum="0"/>
<action no="5" player="oreiasccp" type="4" sum="0"/>
</round>
<round no="2"><cards type="Flop">H9 H10 C2</cards>
<action no="6" player="oreiasccp" type="4" sum="0"/>
<action no="7" player="Sktzi" type="4" discard="1" dealt="1" sum="0"/>
</round>
<round no="3"><cards type="Turn">DQ</cards>
<action no="8" player="oreiasccp" type="4" sum="0"/>
<action no="9" player="Sktzi" type="4" discard="1" dealt="1" sum="0"/>
</round>
<round no="4"><cards type="River">D5</cards>
<action no="10" player="oreiasccp" type="5" sum="20"/>
<action no="11" player="Sktzi" type="3" discard="1" dealt="1" sum="20"/>
</round>
</game>
<game gamecode="11538560219"><general><startdate>2025-06-28 08:19:48</startdate>
<round>1</round>
<failsafecounter/>
<players><player seat="6" name="Sktzi" chips="510" dealer="0" win="0" bet="40" muck="1" rebuy="0" addon="0" merge="0" rebuychips="0" reg_code="8393528425"/>
<player seat="10" name="barabAKa1" chips="410" dealer="1" win="90" bet="62" muck="1" rebuy="0" addon="0" merge="0" rebuychips="0" reg_code="8393528454"/>
<player seat="3" name="oreiasccp" chips="580" dealer="0" win="0" bet="10" muck="1" rebuy="0" addon="0" merge="0" rebuychips="0" reg_code="8393528406"/>
</players>
</general>
<round no="0"><action no="1" player="oreiasccp" type="1" sum="10"/>
<action no="2" player="Sktzi" type="2" discard="1" dealt="1" sum="20"/>
</round>
<round no="1"><cards type="Pocket" player="Sktzi">X X</cards>
<cards type="Pocket" player="barabAKa1">X X</cards>
<cards type="Pocket" player="oreiasccp">DJ C7</cards>
<action no="3" player="barabAKa1" type="23" discard="1" dealt="1" sum="40"/>
<action no="4" player="oreiasccp" type="0" sum="0"/>
<action no="5" player="Sktzi" type="3" discard="1" dealt="1" sum="20"/>
</round>
<round no="2"><cards type="Flop">SA D7 C3</cards>
<action no="6" player="Sktzi" type="4" discard="1" dealt="1" sum="0"/>
<action no="7" player="barabAKa1" type="5" discard="1" dealt="1" sum="22"/>
<action no="8" player="Sktzi" type="0" discard="1" dealt="1" sum="0"/>
</round>
</game>
<game gamecode="11538560300"><general><startdate>2025-06-28 08:20:15</startdate>
<round>1</round>
<failsafecounter/>
<players><player seat="10" name="barabAKa1" chips="460" dealer="0" win="0" bet="35" muck="1" rebuy="0" addon="0" merge="0" rebuychips="0" reg_code="8393528454"/>
<player seat="3" name="oreiasccp" chips="570" dealer="1" win="0" bet="5" muck="1" rebuy="0" addon="0" merge="0" rebuychips="0" reg_code="8393528406"/>
<player seat="6" name="Sktzi" chips="470" dealer="0" win="75" bet="95" muck="1" rebuy="0" addon="0" merge="0" rebuychips="0" reg_code="8393528425"/>
</players>
</general>
<round no="0"><action no="1" player="Sktzi" type="15" discard="1" dealt="1" sum="5"/>
<action no="2" player="barabAKa1" type="15" discard="1" dealt="1" sum="5"/>
<action no="3" player="oreiasccp" type="15" sum="5"/>
<action no="4" player="Sktzi" type="1" discard="1" dealt="1" sum="15"/>
<action no="5" player="barabAKa1" type="2" discard="1" dealt="1" sum="30"/>
</round>
<round no="1"><cards type="Pocket" player="Sktzi">X X</cards>
<cards type="Pocket" player="oreiasccp">C5 D3</cards>
<cards type="Pocket" player="barabAKa1">X X</cards>
<action no="6" player="oreiasccp" type="0" sum="0"/>
<action no="7" player="Sktzi" type="3" discard="1" dealt="1" sum="15"/>
<action no="8" player="barabAKa1" type="4" discard="1" dealt="1" sum="0"/>
</round>
<round no="2"><cards type="Flop">DJ HA CK</cards>
<action no="9" player="Sktzi" type="5" discard="1" dealt="1" sum="60"/>
<action no="10" player="barabAKa1" type="0" discard="1" dealt="1" sum="0"/>
</round>
</game>
<game gamecode="11538560367"><general><startdate>2025-06-28 08:20:36</startdate>
<round>1</round>
<failsafecounter/>
<players><player seat="3" name="oreiasccp" chips="565" dealer="0" win="0" bet="35" muck="1" rebuy="0" addon="0" merge="0" rebuychips="0" reg_code="8393528406"/>
<player seat="6" name="Sktzi" chips="510" dealer="1" win="209" bet="87" muck="0" rebuy="0" addon="0" merge="0" rebuychips="0" reg_code="8393528425"/>
<player seat="10" name="barabAKa1" chips="425" dealer="0" win="0" bet="87" muck="1" rebuy="0" addon="0" merge="0" rebuychips="0" reg_code="8393528454"/>
</players>
</general>
<round no="0"><action no="1" player="barabAKa1" type="15" discard="1" dealt="1" sum="5"/>
<action no="2" player="oreiasccp" type="15" sum="5"/>
<action no="3" player="Sktzi" type="15" discard="1" dealt="1" sum="5"/>
<action no="4" player="barabAKa1" type="1" discard="1" dealt="1" sum="15"/>
<action no="5" player="oreiasccp" type="2" sum="30"/>
</round>
<round no="1"><cards type="Pocket" player="oreiasccp">S10 D7</cards>
<cards type="Pocket" player="Sktzi">S7 HA</cards>
<cards type="Pocket" player="barabAKa1">D4 D6</cards>
<action no="6" player="Sktzi" type="3" discard="1" dealt="1" sum="30"/>
<action no="7" player="barabAKa1" type="3" discard="1" dealt="1" sum="15"/>
<action no="8" player="oreiasccp" type="4" sum="0"/>
</round>
<round no="2"><cards type="Flop">H8 SA S5</cards>
<action no="9" player="barabAKa1" type="4" discard="1" dealt="1" sum="0"/>
<action no="10" player="oreiasccp" type="4" sum="0"/>
<action no="11" player="Sktzi" type="5" discard="1" dealt="1" sum="52"/>
<action no="12" player="barabAKa1" type="3" discard="1" dealt="1" sum="52"/>
<action no="13" player="oreiasccp" type="0" sum="0"/>
</round>
<round no="3"><cards type="Turn">SJ</cards>
<action no="14" player="barabAKa1" type="4" discard="1" dealt="1" sum="0"/>
<action no="15" player="Sktzi" type="4" discard="1" dealt="1" sum="0"/>
</round>
<round no="4"><cards type="River">HK</cards>
<action no="16" player="barabAKa1" type="4" discard="1" dealt="1" sum="0"/>
<action no="17" player="Sktzi" type="4" discard="1" dealt="1" sum="0"/>
</round>
</game>
<game gamecode="11538560458"><general><startdate>2025-06-28 08:21:05</startdate>
<round>1</round>
<failsafecounter/>
<players><player seat="6" name="Sktzi" chips="632" dealer="0" win="0" bet="35" muck="1" rebuy="0" addon="0" merge="0" rebuychips="0" reg_code="8393528425"/>
<player seat="10" name="barabAKa1" chips="338" dealer="1" win="90" bet="338" muck="1" rebuy="0" addon="0" merge="0" rebuychips="0" reg_code="8393528454"/>
<player seat="3" name="oreiasccp" chips="530" dealer="0" win="0" bet="20" muck="1" rebuy="0" addon="0" merge="0" rebuychips="0" reg_code="8393528406"/>
</players>
</general>
<round no="0"><action no="1" player="oreiasccp" type="15" sum="5"/>
<action no="2" player="Sktzi" type="15" discard="1" dealt="1" sum="5"/>
<action no="3" player="barabAKa1" type="15" discard="1" dealt="1" sum="5"/>
<action no="4" player="oreiasccp" type="1" sum="15"/>
<action no="5" player="Sktzi" type="2" discard="1" dealt="1" sum="30"/>
</round>
<round no="1"><cards type="Pocket" player="barabAKa1">X X</cards>
<cards type="Pocket" player="oreiasccp">SK C9</cards>
<cards type="Pocket" player="Sktzi">X X</cards>
<action no="6" player="barabAKa1" type="23" discard="1" dealt="1" sum="333"/>
<action no="7" player="oreiasccp" type="0" sum="0"/>
<action no="8" player="Sktzi" type="0" discard="1" dealt="1" sum="0"/>
</round>
</game>
<game gamecode="11538560515"><general><startdate>2025-06-28 08:21:20</startdate>
<round>1</round>
<failsafecounter/>
<players><player seat="10" name="barabAKa1" chips="393" dealer="0" win="0" bet="170" muck="0" rebuy="0" addon="0" merge="0" rebuychips="0" reg_code="8393528454"/>
<player seat="3" name="oreiasccp" chips="510" dealer="1" win="0" bet="5" muck="1" rebuy="0" addon="0" merge="0" rebuychips="0" reg_code="8393528406"/>
<player seat="6" name="Sktzi" chips="597" dealer="0" win="345" bet="170" muck="0" rebuy="0" addon="0" merge="0" rebuychips="0" reg_code="8393528425"/>
</players>
</general>
<round no="0"><action no="1" player="Sktzi" type="15" discard="1" dealt="1" sum="5"/>
<action no="2" player="barabAKa1" type="15" discard="1" dealt="1" sum="5"/>
<action no="3" player="oreiasccp" type="15" sum="5"/>
<action no="4" player="Sktzi" type="1" discard="1" dealt="1" sum="15"/>
<action no="5" player="barabAKa1" type="2" discard="1" dealt="1" sum="30"/>
</round>
<round no="1"><cards type="Pocket" player="Sktzi">CJ C8</cards>
<cards type="Pocket" player="oreiasccp">S8 C6</cards>
<cards type="Pocket" player="barabAKa1">C5 C9</cards>
<action no="6" player="oreiasccp" type="0" sum="0"/>
<action no="7" player="Sktzi" type="3" discard="1" dealt="1" sum="15"/>
<action no="8" player="barabAKa1" type="4" discard="1" dealt="1" sum="0"/>
</round>
<round no="2"><cards type="Flop">HQ HA SJ</cards>
<action no="9" player="Sktzi" type="4" discard="1" dealt="1" sum="0"/>
<action no="10" player="barabAKa1" type="4" discard="1" dealt="1" sum="0"/>
</round>
<round no="3"><cards type="Turn">H10</cards>
<action no="11" player="Sktzi" type="4" discard="1" dealt="1" sum="0"/>
<action no="12" player="barabAKa1" type="5" discard="1" dealt="1" sum="45"/>
<action no="13" player="Sktzi" type="3" discard="1" dealt="1" sum="45"/>
</round>
<round no="4"><cards type="River">SA</cards>
<action no="14" player="Sktzi" type="4" discard="1" dealt="1" sum="0"/>
<action no="15" player="barabAKa1" type="5" discard="1" dealt="1" sum="90"/>
<action no="16" player="Sktzi" type="3" discard="1" dealt="1" sum="90"/>
</round>
</game>
<game gamecode="11538565004"><general><startdate>2025-06-28 08:21:46</startdate>
<round>1</round>
<failsafecounter/>
<players><player seat="3" name="oreiasccp" chips="505" dealer="0" win="0" bet="35" muck="1" rebuy="0" addon="0" merge="0" rebuychips="0" reg_code="8393528406"/>
<player seat="6" name="Sktzi" chips="772" dealer="1" win="481" bet="223" muck="0" rebuy="0" addon="0" merge="0" rebuychips="0" reg_code="8393528425"/>
<player seat="10" name="barabAKa1" chips="223" dealer="0" win="0" bet="223" muck="0" rebuy="0" addon="0" merge="0" rebuychips="0" reg_code="8393528454"/>
</players>
</general>
<round no="0"><action no="1" player="barabAKa1" type="15" discard="1" dealt="1" sum="5"/>
<action no="2" player="oreiasccp" type="15" sum="5"/>
<action no="3" player="Sktzi" type="15" discard="1" dealt="1" sum="5"/>
<action no="4" player="barabAKa1" type="1" discard="1" dealt="1" sum="15"/>
<action no="5" player="oreiasccp" type="2" sum="30"/>
</round>
<round no="1"><cards type="Pocket" player="Sktzi">S10 HA</cards>
<cards type="Pocket" player="oreiasccp">S3 C10</cards>
<cards type="Pocket" player="barabAKa1">C9 S7</cards>
<action no="6" player="Sktzi" type="3" discard="1" dealt="1" sum="30"/>
<action no="7" player="barabAKa1" type="23" discard="1" dealt="1" sum="218"/>
<action no="8" player="oreiasccp" type="0" sum="0"/>
<action no="9" player="Sktzi" type="3" discard="1" dealt="1" sum="188"/>
</round>
<round no="2"><cards type="Flop">CK H10 D9</cards>
</round>
<round no="3"><cards type="Turn">CA</cards>
</round>
<round no="4"><cards type="River">S6</cards>
</round>
</game>
<game gamecode="11538565080"><general><startdate>2025-06-28 08:22:08</startdate>
<round>1</round>
<failsafecounter/>
<players><player seat="6" name="Sktzi" chips="1,030" dealer="0" win="170" bet="85" muck="0" rebuy="0" addon="0" merge="0" rebuychips="0" reg_code="8393528425"/>
<player seat="3" name="oreiasccp" chips="470" dealer="1" win="0" bet="85" muck="1" rebuy="0" addon="0" merge="0" rebuychips="0" reg_code="8393528406"/>
</players>
</general>
<round no="0"><action no="1" player="oreiasccp" type="15" sum="5"/>
<action no="2" player="Sktzi" type="15" discard="1" dealt="1" sum="5"/>
<action no="3" player="oreiasccp" type="1" sum="20"/>
<action no="4" player="Sktzi" type="2" discard="1" dealt="1" sum="40"/>
</round>
<round no="1"><cards type="Pocket" player="Sktzi">HQ DJ</cards>
<cards type="Pocket" player="oreiasccp">S6 CJ</cards>
<action no="5" player="oreiasccp" type="3" sum="20"/>
<action no="6" player="Sktzi" type="4" discard="1" dealt="1" sum="0"/>
</round>
<round no="2"><cards type="Flop">D9 CK H3</cards>
<action no="7" player="Sktzi" type="4" discard="1" dealt="1" sum="0"/>
<action no="8" player="oreiasccp" type="5" sum="40"/>
<action no="9" player="Sktzi" type="3" discard="1" dealt="1" sum="40"/>
</round>
<round no="3"><cards type="Turn">CQ</cards>
<action no="10" player="Sktzi" type="4" discard="1" dealt="1" sum="0"/>
<action no="11" player="oreiasccp" type="4" sum="0"/>
</round>
<round no="4"><cards type="River">H7</cards>
<action no="12" player="Sktzi" type="4" discard="1" dealt="1" sum="0"/>
<action no="13" player="oreiasccp" type="4" sum="0"/>
</round>
</game>
<game gamecode="11538565177"><general><startdate>2025-06-28 08:22:39</startdate>
<round>1</round>
<failsafecounter/>
<players><player seat="3" name="oreiasccp" chips="385" dealer="0" win="90" bet="45" muck="0" rebuy="0" addon="0" merge="0" rebuychips="0" reg_code="8393528406"/>
<player seat="6" name="Sktzi" chips="1,115" dealer="1" win="0" bet="45" muck="1" rebuy="0" addon="0" merge="0" rebuychips="0" reg_code="8393528425"/>
</players>
</general>
<round no="0"><action no="1" player="Sktzi" type="15" discard="1" dealt="1" sum="5"/>
<action no="2" player="oreiasccp" type="15" sum="5"/>
<action no="3" player="Sktzi" type="1" discard="1" dealt="1" sum="20"/>
<action no="4" player="oreiasccp" type="2" sum="40"/>
</round>
<round no="1"><cards type="Pocket" player="oreiasccp">H6 HQ</cards>
<cards type="Pocket" player="Sktzi">S2 S5</cards>
<action no="5" player="Sktzi" type="3" discard="1" dealt="1" sum="20"/>
<action no="6" player="oreiasccp" type="4" sum="0"/>
</round>
<round no="2"><cards type="Flop">S7 C6 CK</cards>
<action no="7" player="oreiasccp" type="4" sum="0"/>
<action no="8" player="Sktzi" type="4" discard="1" dealt="1" sum="0"/>
</round>
<round no="3"><cards type="Turn">S9</cards>
<action no="9" player="oreiasccp" type="4" sum="0"/>
<action no="10" player="Sktzi" type="4" discard="1" dealt="1" sum="0"/>
</round>
<round no="4"><cards type="River">DA</cards>
<action no="11" player="oreiasccp" type="4" sum="0"/>
<action no="12" player="Sktzi" type="4" discard="1" dealt="1" sum="0"/>
</round>
</game>
<game gamecode="11538565279"><general><startdate>2025-06-28 08:23:07</startdate>
<round>1</round>
<failsafecounter/>
<players><player seat="6" name="Sktzi" chips="1,070" dealer="0" win="50" bet="45" muck="1" rebuy="0" addon="0" merge="0" rebuychips="0" reg_code="8393528425"/>
<player seat="3" name="oreiasccp" chips="430" dealer="1" win="0" bet="25" muck="1" rebuy="0" addon="0" merge="0" rebuychips="0" reg_code="8393528406"/>
</players>
</general>
<round no="0"><action no="1" player="oreiasccp" type="15" sum="5"/>
<action no="2" player="Sktzi" type="15" discard="1" dealt="1" sum="5"/>
<action no="3" player="oreiasccp" type="1" sum="20"/>
<action no="4" player="Sktzi" type="2" discard="1" dealt="1" sum="40"/>
</round>
<round no="1"><cards type="Pocket" player="oreiasccp">H2 D8</cards>
<cards type="Pocket" player="Sktzi">X X</cards>
<action no="5" player="oreiasccp" type="0" sum="0"/>
</round>
</game>
<game gamecode="11538565299"><general><startdate>2025-06-28 08:23:13</startdate>
<round>1</round>
<failsafecounter/>
<players><player seat="3" name="oreiasccp" chips="405" dealer="0" win="90" bet="105" muck="1" rebuy="0" addon="0" merge="0" rebuychips="0" reg_code="8393528406"/>
<player seat="6" name="Sktzi" chips="1,095" dealer="1" win="0" bet="45" muck="1" rebuy="0" addon="0" merge="0" rebuychips="0" reg_code="8393528425"/>
</players>
</general>
<round no="0"><action no="1" player="Sktzi" type="15" discard="1" dealt="1" sum="5"/>
<action no="2" player="oreiasccp" type="15" sum="5"/>
<action no="3" player="Sktzi" type="1" discard="1" dealt="1" sum="20"/>
<action no="4" player="oreiasccp" type="2" sum="40"/>
</round>
<round no="1"><cards type="Pocket" player="oreiasccp">HQ C7</cards>
<cards type="Pocket" player="Sktzi">X X</cards>
<action no="5" player="Sktzi" type="3" discard="1" dealt="1" sum="20"/>
<action no="6" player="oreiasccp" type="23" sum="100"/>
<action no="7" player="Sktzi" type="0" discard="1" dealt="1" sum="0"/>
</round>
</game>
<game gamecode="11538565356"><general><startdate>2025-06-28 08:23:29</startdate>
<round>1</round>
<failsafecounter/>
<players><player seat="6" name="Sktzi" chips="1,050" dealer="0" win="0" bet="45" muck="1" rebuy="0" addon="0" merge="0" rebuychips="0" reg_code="8393528425"/>
<player seat="3" name="oreiasccp" chips="450" dealer="1" win="90" bet="450" muck="1" rebuy="0" addon="0" merge="0" rebuychips="0" reg_code="8393528406"/>
</players>
</general>
<round no="0"><action no="1" player="oreiasccp" type="15" sum="5"/>
<action no="2" player="Sktzi" type="15" discard="1" dealt="1" sum="5"/>
<action no="3" player="oreiasccp" type="1" sum="20"/>
<action no="4" player="Sktzi" type="2" discard="1" dealt="1" sum="40"/>
</round>
<round no="1"><cards type="Pocket" player="Sktzi">X X</cards>
<cards type="Pocket" player="oreiasccp">C5 HK</cards>
<action no="5" player="oreiasccp" type="23" sum="445"/>
<action no="6" player="Sktzi" type="0" discard="1" dealt="1" sum="0"/>
</round>
</game>
<game gamecode="11538565383"><general><startdate>2025-06-28 08:23:37</startdate>
<round>1</round>
<failsafecounter/>
<players><player seat="3" name="oreiasccp" chips="495" dealer="0" win="0" bet="90" muck="1" rebuy="0" addon="0" merge="0" rebuychips="0" reg_code="8393528406"/>
<player seat="6" name="Sktzi" chips="1,005" dealer="1" win="180" bet="170" muck="1" rebuy="0" addon="0" merge="0" rebuychips="0" reg_code="8393528425"/>
</players>
</general>
<round no="0"><action no="1" player="Sktzi" type="15" discard="1" dealt="1" sum="5"/>
<action no="2" player="oreiasccp" type="15" sum="5"/>
<action no="3" player="Sktzi" type="1" discard="1" dealt="1" sum="20"/>
<action no="4" player="oreiasccp" type="2" sum="40"/>
</round>
<round no="1"><cards type="Pocket" player="oreiasccp">S3 S7</cards>
<cards type="Pocket" player="Sktzi">X X</cards>
<action no="5" player="Sktzi" type="3" discard="1" dealt="1" sum="20"/>
<action no="6" player="oreiasccp" type="4" sum="0"/>
</round>
<round no="2"><cards type="Flop">D4 CK SA</cards>
<action no="7" player="oreiasccp" type="4" sum="0"/>
<action no="8" player="Sktzi" type="4" discard="1" dealt="1" sum="0"/>
</round>
<round no="3"><cards type="Turn">S2</cards>
<action no="9" player="oreiasccp" type="5" sum="45"/>
<action no="10" player="Sktzi" type="3" discard="1" dealt="1" sum="45"/>
</round>
<round no="4"><cards type="River">D10</cards>
<action no="11" player="oreiasccp" type="4" sum="0"/>
<action no="12" player="Sktzi" type="5" discard="1" dealt="1" sum="80"/>
<action no="13" player="oreiasccp" type="0" sum="0"/>
</round>
</game>
<game gamecode="11538565480"><general><startdate>2025-06-28 08:24:06</startdate>
<round>1</round>
<failsafecounter/>
<players><player seat="6" name="Sktzi" chips="1,095" dealer="0" win="0" bet="65" muck="1" rebuy="0" addon="0" merge="0" rebuychips="0" reg_code="8393528425"/>
<player seat="3" name="oreiasccp" chips="405" dealer="1" win="130" bet="405" muck="1" rebuy="0" addon="0" merge="0" rebuychips="0" reg_code="8393528406"/>
</players>
</general>
<round no="0"><action no="1" player="oreiasccp" type="15" sum="5"/>
<action no="2" player="Sktzi" type="15" discard="1" dealt="1" sum="5"/>
<action no="3" player="oreiasccp" type="1" sum="30"/>
<action no="4" player="Sktzi" type="2" discard="1" dealt="1" sum="60"/>
</round>
<round no="1"><cards type="Pocket" player="Sktzi">X X</cards>
<cards type="Pocket" player="oreiasccp">H8 SK</cards>
<action no="5" player="oreiasccp" type="23" sum="400"/>
<action no="6" player="Sktzi" type="0" discard="1" dealt="1" sum="0"/>
</round>
</game>
<game gamecode="11538565503"><general><startdate>2025-06-28 08:24:16</startdate>
<round>1</round>
<failsafecounter/>
<players><player seat="3" name="oreiasccp" chips="470" dealer="0" win="70" bet="65" muck="1" rebuy="0" addon="0" merge="0" rebuychips="0" reg_code="8393528406"/>
<player seat="6" name="Sktzi" chips="1,030" dealer="1" win="0" bet="35" muck="1" rebuy="0" addon="0" merge="0" rebuychips="0" reg_code="8393528425"/>
</players>
</general>
<round no="0"><action no="1" player="Sktzi" type="15" discard="1" dealt="1" sum="5"/>
<action no="2" player="oreiasccp" type="15" sum="5"/>
<action no="3" player="Sktzi" type="1" discard="1" dealt="1" sum="30"/>
<action no="4" player="oreiasccp" type="2" sum="60"/>
</round>
<round no="1"><cards type="Pocket" player="oreiasccp">C5 S5</cards>
<cards type="Pocket" player="Sktzi">X X</cards>
<action no="5" player="Sktzi" type="0" discard="1" dealt="1" sum="0"/>
</round>
</game>
<game gamecode="11538565527"><general><startdate>2025-06-28 08:24:21</startdate>
<round>1</round>
<failsafecounter/>
<players><player seat="6" name="Sktzi" chips="995" dealer="0" win="70" bet="65" muck="1" rebuy="0" addon="0" merge="0" rebuychips="0" reg_code="8393528425"/>
<player seat="3" name="oreiasccp" chips="505" dealer="1" win="0" bet="35" muck="1" rebuy="0" addon="0" merge="0" rebuychips="0" reg_code="8393528406"/>
</players>
</general>
<round no="0"><action no="1" player="oreiasccp" type="15" sum="5"/>
<action no="2" player="Sktzi" type="15" discard="1" dealt="1" sum="5"/>
<action no="3" player="oreiasccp" type="1" sum="30"/>
<action no="4" player="Sktzi" type="2" discard="1" dealt="1" sum="60"/>
</round>
<round no="1"><cards type="Pocket" player="oreiasccp">D2 C6</cards>
<cards type="Pocket" player="Sktzi">X X</cards>
<action no="5" player="oreiasccp" type="0" sum="0"/>
</round>
</game>
<game gamecode="11538565551"><general><startdate>2025-06-28 08:24:26</startdate>
<round>1</round>
<failsafecounter/>
<players><player seat="3" name="oreiasccp" chips="470" dealer="0" win="940" bet="470" muck="0" rebuy="0" addon="0" merge="0" rebuychips="0" reg_code="8393528406"/>
<player seat="6" name="Sktzi" chips="1,030" dealer="1" win="0" bet="470" muck="1" rebuy="0" addon="0" merge="0" rebuychips="0" reg_code="8393528425"/>
</players>
</general>
<round no="0"><action no="1" player="Sktzi" type="15" discard="1" dealt="1" sum="5"/>
<action no="2" player="oreiasccp" type="15" sum="5"/>
<action no="3" player="Sktzi" type="1" discard="1" dealt="1" sum="30"/>
<action no="4" player="oreiasccp" type="2" sum="60"/>
</round>
<round no="1"><cards type="Pocket" player="oreiasccp">DJ C9</cards>
<cards type="Pocket" player="Sktzi">D10 H10</cards>
<action no="5" player="Sktzi" type="3" discard="1" dealt="1" sum="30"/>
<action no="6" player="oreiasccp" type="4" sum="0"/>
</round>
<round no="2"><cards type="Flop">D7 CJ D8</cards>
<action no="7" player="oreiasccp" type="4" sum="0"/>
<action no="8" player="Sktzi" type="5" discard="1" dealt="1" sum="60"/>
<action no="9" player="oreiasccp" type="23" sum="150"/>
<action no="10" player="Sktzi" type="3" discard="1" dealt="1" sum="90"/>
</round>
<round no="3"><cards type="Turn">DK</cards>
<action no="11" player="oreiasccp" type="5" sum="255"/>
<action no="12" player="Sktzi" type="3" discard="1" dealt="1" sum="255"/>
</round>
<round no="4"><cards type="River">C10</cards>
</round>
</game>
<game gamecode="11538565645"><general><startdate>2025-06-28 08:24:57</startdate>
<round>1</round>
<failsafecounter/>
<players><player seat="6" name="Sktzi" chips="560" dealer="0" win="0" bet="65" muck="1" rebuy="0" addon="0" merge="0" rebuychips="0" reg_code="8393528425"/>
<player seat="3" name="oreiasccp" chips="940" dealer="1" win="130" bet="560" muck="1" rebuy="0" addon="0" merge="0" rebuychips="0" reg_code="8393528406"/>
</players>
</general>
<round no="0"><action no="1" player="oreiasccp" type="15" sum="5"/>
<action no="2" player="Sktzi" type="15" discard="1" dealt="1" sum="5"/>
<action no="3" player="oreiasccp" type="1" sum="30"/>
<action no="4" player="Sktzi" type="2" discard="1" dealt="1" sum="60"/>
</round>
<round no="1"><cards type="Pocket" player="oreiasccp">S3 DA</cards>
<cards type="Pocket" player="Sktzi">X X</cards>
<action no="5" player="oreiasccp" type="23" sum="555"/>
<action no="6" player="Sktzi" type="0" discard="1" dealt="1" sum="0"/>
</round>
</game>
<game gamecode="11538565701"><general><startdate>2025-06-28 08:25:14</startdate>
<round>1</round>
<failsafecounter/>
<players><player seat="3" name="oreiasccp" chips="1,005" dealer="0" win="0" bet="125" muck="1" rebuy="0" addon="0" merge="0" rebuychips="0" reg_code="8393528406"/>
<player seat="6" name="Sktzi" chips="495" dealer="1" win="250" bet="495" muck="1" rebuy="0" addon="0" merge="0" rebuychips="0" reg_code="8393528425"/>
</players>
</general>
<round no="0"><action no="1" player="Sktzi" type="15" discard="1" dealt="1" sum="5"/>
<action no="2" player="oreiasccp" type="15" sum="5"/>
<action no="3" player="Sktzi" type="1" discard="1" dealt="1" sum="30"/>
<action no="4" player="oreiasccp" type="2" sum="60"/>
</round>
<round no="1"><cards type="Pocket" player="Sktzi">X X</cards>
<cards type="Pocket" player="oreiasccp">C3 C2</cards>
<action no="5" player="Sktzi" type="3" discard="1" dealt="1" sum="30"/>
<action no="6" player="oreiasccp" type="4" sum="0"/>
</round>
<round no="2"><cards type="Flop">S3 D6 S5</cards>
<action no="7" player="oreiasccp" type="4" sum="0"/>
<action no="8" player="Sktzi" type="5" discard="1" dealt="1" sum="60"/>
<action no="9" player="oreiasccp" type="3" sum="60"/>
</round>
<round no="3"><cards type="Turn">D8</cards>
<action no="10" player="oreiasccp" type="4" sum="0"/>
<action no="11" player="Sktzi" type="5" discard="1" dealt="1" sum="370"/>
<action no="12" player="oreiasccp" type="0" sum="0"/>
</round>
</game>
<game gamecode="11538565779"><general><startdate>2025-06-28 08:25:35</startdate>
<round>1</round>
<failsafecounter/>
<players><player seat="6" name="Sktzi" chips="620" dealer="0" win="70" bet="65" muck="1" rebuy="0" addon="0" merge="0" rebuychips="0" reg_code="8393528425"/>
<player seat="3" name="oreiasccp" chips="880" dealer="1" win="0" bet="35" muck="1" rebuy="0" addon="0" merge="0" rebuychips="0" reg_code="8393528406"/>
</players>
</general>
<round no="0"><action no="1" player="oreiasccp" type="15" sum="5"/>
<action no="2" player="Sktzi" type="15" discard="1" dealt="1" sum="5"/>
<action no="3" player="oreiasccp" type="1" sum="30"/>
<action no="4" player="Sktzi" type="2" discard="1" dealt="1" sum="60"/>
</round>
<round no="1"><cards type="Pocket" player="oreiasccp">C8 H3</cards>
<cards type="Pocket" player="Sktzi">X X</cards>
<action no="5" player="oreiasccp" type="0" sum="0"/>
</round>
</game>
<game gamecode="11538565793"><general><startdate>2025-06-28 08:25:40</startdate>
<round>1</round>
<failsafecounter/>
<players><player seat="3" name="oreiasccp" chips="845" dealer="0" win="130" bet="125" muck="1" rebuy="0" addon="0" merge="0" rebuychips="0" reg_code="8393528406"/>
<player seat="6" name="Sktzi" chips="655" dealer="1" win="0" bet="65" muck="1" rebuy="0" addon="0" merge="0" rebuychips="0" reg_code="8393528425"/>
</players>
</general>
<round no="0"><action no="1" player="Sktzi" type="15" discard="1" dealt="1" sum="5"/>
<action no="2" player="oreiasccp" type="15" sum="5"/>
<action no="3" player="Sktzi" type="1" discard="1" dealt="1" sum="30"/>
<action no="4" player="oreiasccp" type="2" sum="60"/>
</round>
<round no="1"><cards type="Pocket" player="Sktzi">X X</cards>
<cards type="Pocket" player="oreiasccp">C2 D5</cards>
<action no="5" player="Sktzi" type="3" discard="1" dealt="1" sum="30"/>
<action no="6" player="oreiasccp" type="4" sum="0"/>
</round>
<round no="2"><cards type="Flop">S2 C6 HA</cards>
<action no="7" player="oreiasccp" type="4" sum="0"/>
<action no="8" player="Sktzi" type="4" discard="1" dealt="1" sum="0"/>
</round>
<round no="3"><cards type="Turn">C7</cards>
<action no="9" player="oreiasccp" type="4" sum="0"/>
<action no="10" player="Sktzi" type="4" discard="1" dealt="1" sum="0"/>
</round>
<round no="4"><cards type="River">DA</cards>
<action no="11" player="oreiasccp" type="5" sum="60"/>
<action no="12" player="Sktzi" type="0" discard="1" dealt="1" sum="0"/>
</round>
</game>
<game gamecode="11538565876"><general><startdate>2025-06-28 08:26:04</startdate>
<round>1</round>
<failsafecounter/>
<players><player seat="6" name="Sktzi" chips="590" dealer="0" win="70" bet="65" muck="1" rebuy="0" addon="0" merge="0" rebuychips="0" reg_code="8393528425"/>
<player seat="3" name="oreiasccp" chips="910" dealer="1" win="0" bet="35" muck="1" rebuy="0" addon="0" merge="0" rebuychips="0" reg_code="8393528406"/>
</players>
</general>
<round no="0"><action no="1" player="oreiasccp" type="15" sum="5"/>
<action no="2" player="Sktzi" type="15" discard="1" dealt="1" sum="5"/>
<action no="3" player="oreiasccp" type="1" sum="30"/>
<action no="4" player="Sktzi" type="2" discard="1" dealt="1" sum="60"/>
</round>
<round no="1"><cards type="Pocket" player="oreiasccp">S7 H3</cards>
<cards type="Pocket" player="Sktzi">X X</cards>
<action no="5" player="oreiasccp" type="0" sum="0"/>
</round>
</game>
<game gamecode="11538565896"><general><startdate>2025-06-28 08:26:11</startdate>
<round>1</round>
<failsafecounter/>
<players><player seat="3" name="oreiasccp" chips="875" dealer="0" win="0" bet="625" muck="0" rebuy="0" addon="0" merge="0" rebuychips="0" reg_code="8393528406"/>
<player seat="6" name="Sktzi" chips="625" dealer="1" win="1,250" bet="625" muck="0" rebuy="0" addon="0" merge="0" rebuychips="0" reg_code="8393528425"/>
</players>
</general>
<round no="0"><action no="1" player="Sktzi" type="15" discard="1" dealt="1" sum="8"/>
<action no="2" player="oreiasccp" type="15" sum="8"/>
<action no="3" player="Sktzi" type="1" discard="1" dealt="1" sum="40"/>
<action no="4" player="oreiasccp" type="2" sum="80"/>
</round>
<round no="1"><cards type="Pocket" player="Sktzi">HQ SJ</cards>
<cards type="Pocket" player="oreiasccp">H6 C6</cards>
<action no="5" player="Sktzi" type="23" discard="1" dealt="1" sum="160"/>
<action no="6" player="oreiasccp" type="23" sum="617"/>
<action no="7" player="Sktzi" type="7" discard="1" dealt="1" sum="457"/>
</round>
<round no="2"><cards type="Flop">HJ C3 H4</cards>
</round>
<round no="3"><cards type="Turn">H9</cards>
</round>
<round no="4"><cards type="River">S9</cards>
</round>
</game>
<game gamecode="11538565954"><general><startdate>2025-06-28 08:26:29</startdate>
<round>1</round>
<failsafecounter/>
<players><player seat="6" name="Sktzi" chips="1,250" dealer="0" win="0" bet="88" muck="1" rebuy="0" addon="0" merge="0" rebuychips="0" reg_code="8393528425"/>
<player seat="3" name="oreiasccp" chips="250" dealer="1" win="176" bet="250" muck="1" rebuy="0" addon="0" merge="0" rebuychips="0" reg_code="8393528406"/>
</players>
</general>
<round no="0"><action no="1" player="oreiasccp" type="15" sum="8"/>
<action no="2" player="Sktzi" type="15" discard="1" dealt="1" sum="8"/>
<action no="3" player="oreiasccp" type="1" sum="40"/>
<action no="4" player="Sktzi" type="2" discard="1" dealt="1" sum="80"/>
</round>
<round no="1"><cards type="Pocket" player="Sktzi">X X</cards>
<cards type="Pocket" player="oreiasccp">CJ HJ</cards>
<action no="5" player="oreiasccp" type="23" sum="242"/>
<action no="6" player="Sktzi" type="0" discard="1" dealt="1" sum="0"/>
</round>
</game>
<game gamecode="11538565989"><general><startdate>2025-06-28 08:26:38</startdate>
<round>1</round>
<failsafecounter/>
<players><player seat="3" name="oreiasccp" chips="338" dealer="0" win="0" bet="168" muck="1" rebuy="0" addon="0" merge="0" rebuychips="0" reg_code="8393528406"/>
<player seat="6" name="Sktzi" chips="1,162" dealer="1" win="336" bet="1,162" muck="1" rebuy="0" addon="0" merge="0" rebuychips="0" reg_code="8393528425"/>
</players>
</general>
<round no="0"><action no="1" player="Sktzi" type="15" discard="1" dealt="1" sum="8"/>
<action no="2" player="oreiasccp" type="15" sum="8"/>
<action no="3" player="Sktzi" type="1" discard="1" dealt="1" sum="40"/>
<action no="4" player="oreiasccp" type="2" sum="80"/>
</round>
<round no="1"><cards type="Pocket" player="Sktzi">X X</cards>
<cards type="Pocket" player="oreiasccp">C7 D9</cards>
<action no="5" player="Sktzi" type="3" discard="1" dealt="1" sum="40"/>
<action no="6" player="oreiasccp" type="4" sum="0"/>
</round>
<round no="2"><cards type="Flop">D10 H10 C8</cards>
<action no="7" player="oreiasccp" type="4" sum="0"/>
<action no="8" player="Sktzi" type="4" discard="1" dealt="1" sum="0"/>
</round>
<round no="3"><cards type="Turn">DQ</cards>
<action no="9" player="oreiasccp" type="5" sum="80"/>
<action no="10" player="Sktzi" type="23" discard="1" dealt="1" sum="1,074"/>
<action no="11" player="oreiasccp" type="0" sum="0"/>
</round>
</game>
<game gamecode="11538566046"><general><startdate>2025-06-28 08:26:54</startdate>
<round>1</round>
<failsafecounter/>
<players><player seat="6" name="Sktzi" chips="1,330" dealer="0" win="340" bet="170" muck="0" rebuy="0" addon="0" merge="0" rebuychips="0" reg_code="8393528425"/>
<player seat="3" name="oreiasccp" chips="170" dealer="1" win="0" bet="170" muck="0" rebuy="0" addon="0" merge="0" rebuychips="0" reg_code="8393528406"/>
</players>
</general>
<round no="0"><action no="1" player="oreiasccp" type="15" sum="8"/>
<action no="2" player="Sktzi" type="15" discard="1" dealt="1" sum="8"/>
<action no="3" player="oreiasccp" type="1" sum="40"/>
<action no="4" player="Sktzi" type="2" discard="1" dealt="1" sum="80"/>
</round>
<round no="1"><cards type="Pocket" player="oreiasccp">C3 DA</cards>
<cards type="Pocket" player="Sktzi">C2 H5</cards>
<action no="5" player="oreiasccp" type="23" sum="162"/>
<action no="6" player="Sktzi" type="3" discard="1" dealt="1" sum="82"/>
</round>
<round no="2"><cards type="Flop">H10 H6 C5</cards>
</round>
<round no="3"><cards type="Turn">D9</cards>
</round>
<round no="4"><cards type="River">D4</cards>
</round>
</game>
</session>
