<?xml version="1.0" encoding="UTF-8"?>
<session sessioncode="8393515013">
<general>
<client_version>25.1.1.13</client_version>
<mode>real</mode>
<gametype>Holdem NL</gametype>
<tablename>Twister €5 SNG, 1128745896</tablename>
<tournamentcode>1128745895</tournamentcode>
<tournamentname>Twister €5 SNG</tournamentname>
<buyin>€0 + €0.35 + €4.65</buyin>
<totalbuyin>€5</totalbuyin>
<rewarddrawn>€10</rewarddrawn>
<tournamentcurrency>EUR</tournamentcurrency>
<currency>EUR</currency>
<nickname>oreiasccp</nickname>
<gamecount>17</gamecount>
<startdate>2025-06-28 07:25:53</startdate>
<place>1</place>
<win>€10</win>
<tablesize>3</tablesize>
</general>
<game gamecode="11538525973"><general><startdate>2025-06-28 07:26:08</startdate>
<round>1</round>
<failsafecounter/>
<players><player seat="10" name="spadewild724" chips="500" dealer="0" win="240" bet="360" muck="1" rebuy="0" addon="0" merge="0" rebuychips="0" reg_code="8393515130"/>
<player seat="3" name="oreiasccp" chips="500" dealer="1" win="0" bet="0" muck="1" rebuy="0" addon="0" merge="0" rebuychips="0" reg_code="8393515013"/>
<player seat="6" name="giannhsKollias" chips="500" dealer="0" win="0" bet="120" muck="1" rebuy="0" addon="0" merge="0" rebuychips="0" reg_code="8393515075"/>
</players>
</general>
<round no="0"><action no="1" player="giannhsKollias" type="1" discard="1" dealt="1" sum="10"/>
<action no="2" player="spadewild724" type="2" discard="1" dealt="1" sum="20"/>
</round>
<round no="1"><cards type="Pocket" player="oreiasccp">H5 H9</cards>
<cards type="Pocket" player="spadewild724">X X</cards>
<cards type="Pocket" player="giannhsKollias">X X</cards>
<action no="3" player="oreiasccp" type="0" sum="0"/>
<action no="4" player="giannhsKollias" type="23" discard="1" dealt="1" sum="40"/>
<action no="5" player="spadewild724" type="3" discard="1" dealt="1" sum="20"/>
</round>
<round no="2"><cards type="Flop">SA H4 D4</cards>
<action no="6" player="giannhsKollias" type="5" discard="1" dealt="1" sum="20"/>
<action no="7" player="spadewild724" type="23" discard="1" dealt="1" sum="40"/>
<action no="8" player="giannhsKollias" type="3" discard="1" dealt="1" sum="20"/>
</round>
<round no="3"><cards type="Turn">DA</cards>
<action no="9" player="giannhsKollias" type="5" discard="1" dealt="1" sum="20"/>
<action no="10" player="spadewild724" type="3" discard="1" dealt="1" sum="20"/>
</round>
<round no="4"><cards type="River">S7</cards>
<action no="11" player="giannhsKollias" type="5" discard="1" dealt="1" sum="20"/>
<action no="12" player="spadewild724" type="23" discard="1" dealt="1" sum="260"/>
<action no="13" player="giannhsKollias" type="0" discard="1" dealt="1" sum="0"/>
</round>
</game>
<game gamecode="11538526029"><general><startdate>2025-06-28 07:26:31</startdate>
<round>1</round>
<failsafecounter/>
<players><player seat="3" name="oreiasccp" chips="500" dealer="0" win="50" bet="380" muck="1" rebuy="0" addon="0" merge="0" rebuychips="0" reg_code="8393515013"/>
<player seat="6" name="giannhsKollias" chips="380" dealer="1" win="0" bet="20" muck="1" rebuy="0" addon="0" merge="0" rebuychips="0" reg_code="8393515075"/>
<player seat="10" name="spadewild724" chips="620" dealer="0" win="0" bet="10" muck="1" rebuy="0" addon="0" merge="0" rebuychips="0" reg_code="8393515130"/>
</players>
</general>
<round no="0"><action no="1" player="spadewild724" type="1" discard="1" dealt="1" sum="10"/>
<action no="2" player="oreiasccp" type="2" sum="20"/>
</round>
<round no="1"><cards type="Pocket" player="spadewild724">X X</cards>
<cards type="Pocket" player="giannhsKollias">X X</cards>
<cards type="Pocket" player="oreiasccp">SA S7</cards>
<action no="3" player="giannhsKollias" type="3" discard="1" dealt="1" sum="20"/>
<action no="4" player="spadewild724" type="0" discard="1" dealt="1" sum="0"/>
<action no="5" player="oreiasccp" type="23" sum="380"/>
<action no="6" player="giannhsKollias" type="0" discard="1" dealt="1" sum="0"/>
</round>
</game>
<game gamecode="11538526062"><general><startdate>2025-06-28 07:26:42</startdate>
<round>1</round>
<failsafecounter/>
<players><player seat="6" name="giannhsKollias" chips="360" dealer="0" win="0" bet="100" muck="1" rebuy="0" addon="0" merge="0" rebuychips="0" reg_code="8393515075"/>
<player seat="10" name="spadewild724" chips="610" dealer="1" win="220" bet="100" muck="0" rebuy="0" addon="0" merge="0" rebuychips="0" reg_code="8393515130"/>
<player seat="3" name="oreiasccp" chips="530" dealer="0" win="0" bet="20" muck="1" rebuy="0" addon="0" merge="0" rebuychips="0" reg_code="8393515013"/>
</players>
</general>
<round no="0"><action no="1" player="oreiasccp" type="1" sum="10"/>
<action no="2" player="giannhsKollias" type="2" discard="1" dealt="1" sum="20"/>
</round>
<round no="1"><cards type="Pocket" player="spadewild724">D8 CK</cards>
<cards type="Pocket" player="giannhsKollias">S6 H5</cards>
<cards type="Pocket" player="oreiasccp">HJ H8</cards>
<action no="3" player="spadewild724" type="3" discard="1" dealt="1" sum="20"/>
<action no="4" player="oreiasccp" type="3" sum="10"/>
<action no="5" player="giannhsKollias" type="4" discard="1" dealt="1" sum="0"/>
</round>
<round no="2"><cards type="Flop">SK H6 DQ</cards>
<action no="6" player="oreiasccp" type="4" sum="0"/>
<action no="7" player="giannhsKollias" type="5" discard="1" dealt="1" sum="20"/>
<action no="8" player="spadewild724" type="23" discard="1" dealt="1" sum="40"/>
<action no="9" player="oreiasccp" type="0" sum="0"/>
<action no="10" player="giannhsKollias" type="3" discard="1" dealt="1" sum="20"/>
</round>
<round no="3"><cards type="Turn">D4</cards>
<action no="11" player="giannhsKollias" type="4" discard="1" dealt="1" sum="0"/>
<action no="12" player="spadewild724" type="4" discard="1" dealt="1" sum="0"/>
</round>
<round no="4"><cards type="River">S10</cards>
<action no="13" player="giannhsKollias" type="5" discard="1" dealt="1" sum="20"/>
<action no="14" player="spadewild724" type="23" discard="1" dealt="1" sum="40"/>
<action no="15" player="giannhsKollias" type="3" discard="1" dealt="1" sum="20"/>
</round>
</game>
<game gamecode="11538528950"><general><startdate>2025-06-28 07:27:04</startdate>
<round>1</round>
<failsafecounter/>
<players><player seat="10" name="spadewild724" chips="730" dealer="0" win="0" bet="20" muck="1" rebuy="0" addon="0" merge="0" rebuychips="0" reg_code="8393515130"/>
<player seat="3" name="oreiasccp" chips="510" dealer="1" win="50" bet="510" muck="1" rebuy="0" addon="0" merge="0" rebuychips="0" reg_code="8393515013"/>
<player seat="6" name="giannhsKollias" chips="260" dealer="0" win="0" bet="10" muck="1" rebuy="0" addon="0" merge="0" rebuychips="0" reg_code="8393515075"/>
</players>
</general>
<round no="0"><action no="1" player="giannhsKollias" type="1" discard="1" dealt="1" sum="10"/>
<action no="2" player="spadewild724" type="2" discard="1" dealt="1" sum="20"/>
</round>
<round no="1"><cards type="Pocket" player="spadewild724">X X</cards>
<cards type="Pocket" player="giannhsKollias">X X</cards>
<cards type="Pocket" player="oreiasccp">H4 S4</cards>
<action no="3" player="oreiasccp" type="23" sum="510"/>
<action no="4" player="giannhsKollias" type="0" discard="1" dealt="1" sum="0"/>
<action no="5" player="spadewild724" type="0" discard="1" dealt="1" sum="0"/>
</round>
</game>
<game gamecode="11538528975"><general><startdate>2025-06-28 07:27:14</startdate>
<round>1</round>
<failsafecounter/>
<players><player seat="3" name="oreiasccp" chips="540" dealer="0" win="0" bet="40" muck="1" rebuy="0" addon="0" merge="0" rebuychips="0" reg_code="8393515013"/>
<player seat="6" name="giannhsKollias" chips="250" dealer="1" win="0" bet="0" muck="1" rebuy="0" addon="0" merge="0" rebuychips="0" reg_code="8393515075"/>
<player seat="10" name="spadewild724" chips="710" dealer="0" win="80" bet="120" muck="1" rebuy="0" addon="0" merge="0" rebuychips="0" reg_code="8393515130"/>
</players>
</general>
<round no="0"><action no="1" player="spadewild724" type="1" discard="1" dealt="1" sum="10"/>
<action no="2" player="oreiasccp" type="2" sum="20"/>
</round>
<round no="1"><cards type="Pocket" player="oreiasccp">C7 H8</cards>
<cards type="Pocket" player="spadewild724">X X</cards>
<cards type="Pocket" player="giannhsKollias">X X</cards>
<action no="3" player="giannhsKollias" type="0" discard="1" dealt="1" sum="0"/>
<action no="4" player="spadewild724" type="3" discard="1" dealt="1" sum="10"/>
<action no="5" player="oreiasccp" type="4" sum="0"/>
</round>
<round no="2"><cards type="Flop">HK S5 S3</cards>
<action no="6" player="spadewild724" type="4" discard="1" dealt="1" sum="0"/>
<action no="7" player="oreiasccp" type="4" sum="0"/>
</round>
<round no="3"><cards type="Turn">D6</cards>
<action no="8" player="spadewild724" type="4" discard="1" dealt="1" sum="0"/>
<action no="9" player="oreiasccp" type="5" sum="20"/>
<action no="10" player="spadewild724" type="3" discard="1" dealt="1" sum="20"/>
</round>
<round no="4"><cards type="River">HA</cards>
<action no="11" player="spadewild724" type="5" discard="1" dealt="1" sum="80"/>
<action no="12" player="oreiasccp" type="0" sum="0"/>
</round>
</game>
<game gamecode="11538529050"><general><startdate>2025-06-28 07:27:43</startdate>
<round>1</round>
<failsafecounter/>
<players><player seat="6" name="giannhsKollias" chips="250" dealer="0" win="80" bet="250" muck="1" rebuy="0" addon="0" merge="0" rebuychips="0" reg_code="8393515075"/>
<player seat="10" name="spadewild724" chips="750" dealer="1" win="0" bet="0" muck="1" rebuy="0" addon="0" merge="0" rebuychips="0" reg_code="8393515130"/>
<player seat="3" name="oreiasccp" chips="500" dealer="0" win="0" bet="40" muck="1" rebuy="0" addon="0" merge="0" rebuychips="0" reg_code="8393515013"/>
</players>
</general>
<round no="0"><action no="1" player="oreiasccp" type="1" sum="10"/>
<action no="2" player="giannhsKollias" type="2" discard="1" dealt="1" sum="20"/>
</round>
<round no="1"><cards type="Pocket" player="spadewild724">X X</cards>
<cards type="Pocket" player="giannhsKollias">X X</cards>
<cards type="Pocket" player="oreiasccp">H10 DQ</cards>
<action no="3" player="spadewild724" type="0" discard="1" dealt="1" sum="0"/>
<action no="4" player="oreiasccp" type="23" sum="40"/>
<action no="5" player="giannhsKollias" type="23" discard="1" dealt="1" sum="250"/>
<action no="6" player="oreiasccp" type="0" sum="0"/>
</round>
</game>
<game gamecode="11538529098"><general><startdate>2025-06-28 07:28:00</startdate>
<round>1</round>
<failsafecounter/>
<players><player seat="10" name="spadewild724" chips="750" dealer="0" win="160" bet="750" muck="1" rebuy="0" addon="0" merge="0" rebuychips="0" reg_code="8393515130"/>
<player seat="3" name="oreiasccp" chips="460" dealer="1" win="0" bet="0" muck="1" rebuy="0" addon="0" merge="0" rebuychips="0" reg_code="8393515013"/>
<player seat="6" name="giannhsKollias" chips="290" dealer="0" win="0" bet="80" muck="1" rebuy="0" addon="0" merge="0" rebuychips="0" reg_code="8393515075"/>
</players>
</general>
<round no="0"><action no="1" player="giannhsKollias" type="1" discard="1" dealt="1" sum="10"/>
<action no="2" player="spadewild724" type="2" discard="1" dealt="1" sum="20"/>
</round>
<round no="1"><cards type="Pocket" player="spadewild724">X X</cards>
<cards type="Pocket" player="giannhsKollias">X X</cards>
<cards type="Pocket" player="oreiasccp">H4 HQ</cards>
<action no="3" player="oreiasccp" type="0" sum="0"/>
<action no="4" player="giannhsKollias" type="3" discard="1" dealt="1" sum="10"/>
<action no="5" player="spadewild724" type="4" discard="1" dealt="1" sum="0"/>
</round>
<round no="2"><cards type="Flop">D9 D8 S4</cards>
<action no="6" player="giannhsKollias" type="5" discard="1" dealt="1" sum="40"/>
<action no="7" player="spadewild724" type="3" discard="1" dealt="1" sum="40"/>
</round>
<round no="3"><cards type="Turn">DQ</cards>
<action no="8" player="giannhsKollias" type="5" discard="1" dealt="1" sum="20"/>
<action no="9" player="spadewild724" type="3" discard="1" dealt="1" sum="20"/>
</round>
<round no="4"><cards type="River">C6</cards>
<action no="10" player="giannhsKollias" type="4" discard="1" dealt="1" sum="0"/>
<action no="11" player="spadewild724" type="5" discard="1" dealt="1" sum="670"/>
<action no="12" player="giannhsKollias" type="0" discard="1" dealt="1" sum="0"/>
</round>
</game>
<game gamecode="11538529201"><general><startdate>2025-06-28 07:28:36</startdate>
<round>1</round>
<failsafecounter/>
<players><player seat="3" name="oreiasccp" chips="460" dealer="0" win="0" bet="35" muck="1" rebuy="0" addon="0" merge="0" rebuychips="0" reg_code="8393515013"/>
<player seat="6" name="giannhsKollias" chips="210" dealer="1" win="0" bet="210" muck="0" rebuy="0" addon="0" merge="0" rebuychips="0" reg_code="8393515075"/>
<player seat="10" name="spadewild724" chips="830" dealer="0" win="455" bet="830" muck="0" rebuy="0" addon="0" merge="0" rebuychips="0" reg_code="8393515130"/>
</players>
</general>
<round no="0"><action no="1" player="spadewild724" type="15" discard="1" dealt="1" sum="5"/>
<action no="2" player="oreiasccp" type="15" sum="5"/>
<action no="3" player="giannhsKollias" type="15" discard="1" dealt="1" sum="5"/>
<action no="4" player="spadewild724" type="1" discard="1" dealt="1" sum="15"/>
<action no="5" player="oreiasccp" type="2" sum="30"/>
</round>
<round no="1"><cards type="Pocket" player="spadewild724">H8 D8</cards>
<cards type="Pocket" player="oreiasccp">H4 S3</cards>
<cards type="Pocket" player="giannhsKollias">HA SJ</cards>
<action no="6" player="giannhsKollias" type="23" discard="1" dealt="1" sum="205"/>
<action no="7" player="spadewild724" type="23" discard="1" dealt="1" sum="825"/>
<action no="8" player="oreiasccp" type="0" sum="0"/>
</round>
<round no="2"><cards type="Flop">DJ C2 C8</cards>
</round>
<round no="3"><cards type="Turn">HK</cards>
</round>
<round no="4"><cards type="River">H6</cards>
</round>
</game>
<game gamecode="11538529253"><general><startdate>2025-06-28 07:28:52</startdate>
<round>1</round>
<failsafecounter/>
<players><player seat="3" name="oreiasccp" chips="425" dealer="0" win="850" bet="425" muck="0" rebuy="0" addon="0" merge="0" rebuychips="0" reg_code="8393515013"/>
<player seat="10" name="spadewild724" chips="1,075" dealer="1" win="0" bet="425" muck="1" rebuy="0" addon="0" merge="0" rebuychips="0" reg_code="8393515130"/>
</players>
</general>
<round no="0"><action no="1" player="spadewild724" type="15" discard="1" dealt="1" sum="5"/>
<action no="2" player="oreiasccp" type="15" sum="5"/>
<action no="3" player="spadewild724" type="1" discard="1" dealt="1" sum="15"/>
<action no="4" player="oreiasccp" type="2" sum="30"/>
</round>
<round no="1"><cards type="Pocket" player="oreiasccp">H3 HA</cards>
<cards type="Pocket" player="spadewild724">DK SQ</cards>
<action no="5" player="spadewild724" type="3" discard="1" dealt="1" sum="15"/>
<action no="6" player="oreiasccp" type="23" sum="420"/>
<action no="7" player="spadewild724" type="3" discard="1" dealt="1" sum="390"/>
</round>
<round no="2"><cards type="Flop">S4 C8 D4</cards>
</round>
<round no="3"><cards type="Turn">C10</cards>
</round>
<round no="4"><cards type="River">C3</cards>
</round>
</game>
<game gamecode="11538529298"><general><startdate>2025-06-28 07:29:10</startdate>
<round>1</round>
<failsafecounter/>
<players><player seat="10" name="spadewild724" chips="650" dealer="0" win="0" bet="65" muck="1" rebuy="0" addon="0" merge="0" rebuychips="0" reg_code="8393515130"/>
<player seat="3" name="oreiasccp" chips="850" dealer="1" win="130" bet="95" muck="1" rebuy="0" addon="0" merge="0" rebuychips="0" reg_code="8393515013"/>
</players>
</general>
<round no="0"><action no="1" player="oreiasccp" type="15" sum="5"/>
<action no="2" player="spadewild724" type="15" discard="1" dealt="1" sum="5"/>
<action no="3" player="oreiasccp" type="1" sum="15"/>
<action no="4" player="spadewild724" type="2" discard="1" dealt="1" sum="30"/>
</round>
<round no="1"><cards type="Pocket" player="spadewild724">X X</cards>
<cards type="Pocket" player="oreiasccp">S3 S7</cards>
<action no="5" player="oreiasccp" type="23" sum="60"/>
<action no="6" player="spadewild724" type="3" discard="1" dealt="1" sum="30"/>
</round>
<round no="2"><cards type="Flop">H8 DQ S6</cards>
<action no="7" player="spadewild724" type="4" discard="1" dealt="1" sum="0"/>
<action no="8" player="oreiasccp" type="5" sum="30"/>
<action no="9" player="spadewild724" type="0" discard="1" dealt="1" sum="0"/>
</round>
</game>
<game gamecode="11538529361"><general><startdate>2025-06-28 07:29:31</startdate>
<round>1</round>
<failsafecounter/>
<players><player seat="3" name="oreiasccp" chips="915" dealer="0" win="40" bet="35" muck="1" rebuy="0" addon="0" merge="0" rebuychips="0" reg_code="8393515013"/>
<player seat="10" name="spadewild724" chips="585" dealer="1" win="0" bet="20" muck="1" rebuy="0" addon="0" merge="0" rebuychips="0" reg_code="8393515130"/>
</players>
</general>
<round no="0"><action no="1" player="spadewild724" type="15" discard="1" dealt="1" sum="5"/>
<action no="2" player="oreiasccp" type="15" sum="5"/>
<action no="3" player="spadewild724" type="1" discard="1" dealt="1" sum="15"/>
<action no="4" player="oreiasccp" type="2" sum="30"/>
</round>
<round no="1"><cards type="Pocket" player="oreiasccp">DA HQ</cards>
<cards type="Pocket" player="spadewild724">X X</cards>
<action no="5" player="spadewild724" type="0" discard="1" dealt="1" sum="0"/>
</round>
</game>
<game gamecode="11538529384"><general><startdate>2025-06-28 07:29:37</startdate>
<round>1</round>
<failsafecounter/>
<players><player seat="10" name="spadewild724" chips="565" dealer="0" win="130" bet="95" muck="1" rebuy="0" addon="0" merge="0" rebuychips="0" reg_code="8393515130"/>
<player seat="3" name="oreiasccp" chips="935" dealer="1" win="0" bet="65" muck="1" rebuy="0" addon="0" merge="0" rebuychips="0" reg_code="8393515013"/>
</players>
</general>
<round no="0"><action no="1" player="oreiasccp" type="15" sum="5"/>
<action no="2" player="spadewild724" type="15" discard="1" dealt="1" sum="5"/>
<action no="3" player="oreiasccp" type="1" sum="15"/>
<action no="4" player="spadewild724" type="2" discard="1" dealt="1" sum="30"/>
</round>
<round no="1"><cards type="Pocket" player="spadewild724">X X</cards>
<cards type="Pocket" player="oreiasccp">D8 SA</cards>
<action no="5" player="oreiasccp" type="3" sum="15"/>
<action no="6" player="spadewild724" type="4" discard="1" dealt="1" sum="0"/>
</round>
<round no="2"><cards type="Flop">DK D3 H2</cards>
<action no="7" player="spadewild724" type="4" discard="1" dealt="1" sum="0"/>
<action no="8" player="oreiasccp" type="5" sum="30"/>
<action no="9" player="spadewild724" type="23" discard="1" dealt="1" sum="60"/>
<action no="10" player="oreiasccp" type="0" sum="0"/>
</round>
</game>
<game gamecode="11538529430"><general><startdate>2025-06-28 07:29:55</startdate>
<round>1</round>
<failsafecounter/>
<players><player seat="3" name="oreiasccp" chips="870" dealer="0" win="40" bet="35" muck="1" rebuy="0" addon="0" merge="0" rebuychips="0" reg_code="8393515013"/>
<player seat="10" name="spadewild724" chips="630" dealer="1" win="0" bet="20" muck="1" rebuy="0" addon="0" merge="0" rebuychips="0" reg_code="8393515130"/>
</players>
</general>
<round no="0"><action no="1" player="spadewild724" type="15" discard="1" dealt="1" sum="5"/>
<action no="2" player="oreiasccp" type="15" sum="5"/>
<action no="3" player="spadewild724" type="1" discard="1" dealt="1" sum="15"/>
<action no="4" player="oreiasccp" type="2" sum="30"/>
</round>
<round no="1"><cards type="Pocket" player="oreiasccp">CK S7</cards>
<cards type="Pocket" player="spadewild724">X X</cards>
<action no="5" player="spadewild724" type="0" discard="1" dealt="1" sum="0"/>
</round>
</game>
<game gamecode="11538529454"><general><startdate>2025-06-28 07:30:03</startdate>
<round>1</round>
<failsafecounter/>
<players><player seat="10" name="spadewild724" chips="610" dealer="0" win="0" bet="65" muck="1" rebuy="0" addon="0" merge="0" rebuychips="0" reg_code="8393515130"/>
<player seat="3" name="oreiasccp" chips="890" dealer="1" win="130" bet="160" muck="1" rebuy="0" addon="0" merge="0" rebuychips="0" reg_code="8393515013"/>
</players>
</general>
<round no="0"><action no="1" player="oreiasccp" type="15" sum="5"/>
<action no="2" player="spadewild724" type="15" discard="1" dealt="1" sum="5"/>
<action no="3" player="oreiasccp" type="1" sum="15"/>
<action no="4" player="spadewild724" type="2" discard="1" dealt="1" sum="30"/>
</round>
<round no="1"><cards type="Pocket" player="spadewild724">X X</cards>
<cards type="Pocket" player="oreiasccp">HJ HA</cards>
<action no="5" player="oreiasccp" type="23" sum="60"/>
<action no="6" player="spadewild724" type="3" discard="1" dealt="1" sum="30"/>
</round>
<round no="2"><cards type="Flop">S3 CQ D10</cards>
<action no="7" player="spadewild724" type="4" discard="1" dealt="1" sum="0"/>
<action no="8" player="oreiasccp" type="4" sum="0"/>
</round>
<round no="3"><cards type="Turn">SA</cards>
<action no="9" player="spadewild724" type="4" discard="1" dealt="1" sum="0"/>
<action no="10" player="oreiasccp" type="5" sum="95"/>
<action no="11" player="spadewild724" type="0" discard="1" dealt="1" sum="0"/>
</round>
</game>
<game gamecode="11538529518"><general><startdate>2025-06-28 07:30:26</startdate>
<round>1</round>
<failsafecounter/>
<players><player seat="3" name="oreiasccp" chips="955" dealer="0" win="610" bet="545" muck="1" rebuy="0" addon="0" merge="0" rebuychips="0" reg_code="8393515013"/>
<player seat="10" name="spadewild724" chips="545" dealer="1" win="0" bet="305" muck="1" rebuy="0" addon="0" merge="0" rebuychips="0" reg_code="8393515130"/>
</players>
</general>
<round no="0"><action no="1" player="spadewild724" type="15" discard="1" dealt="1" sum="5"/>
<action no="2" player="oreiasccp" type="15" sum="5"/>
<action no="3" player="spadewild724" type="1" discard="1" dealt="1" sum="20"/>
<action no="4" player="oreiasccp" type="2" sum="40"/>
</round>
<round no="1"><cards type="Pocket" player="oreiasccp">C2 H7</cards>
<cards type="Pocket" player="spadewild724">X X</cards>
<action no="5" player="spadewild724" type="3" discard="1" dealt="1" sum="20"/>
<action no="6" player="oreiasccp" type="4" sum="0"/>
</round>
<round no="2"><cards type="Flop">C9 D4 H2</cards>
<action no="7" player="oreiasccp" type="4" sum="0"/>
<action no="8" player="spadewild724" type="4" discard="1" dealt="1" sum="0"/>
</round>
<round no="3"><cards type="Turn">D7</cards>
<action no="9" player="oreiasccp" type="4" sum="0"/>
<action no="10" player="spadewild724" type="5" discard="1" dealt="1" sum="90"/>
<action no="11" player="oreiasccp" type="23" sum="260"/>
<action no="12" player="spadewild724" type="3" discard="1" dealt="1" sum="170"/>
</round>
<round no="4"><cards type="River">CJ</cards>
<action no="13" player="oreiasccp" type="5" sum="240"/>
<action no="14" player="spadewild724" type="0" discard="1" dealt="1" sum="0"/>
</round>
</game>
<game gamecode="11538529620"><general><startdate>2025-06-28 07:30:58</startdate>
<round>1</round>
<failsafecounter/>
<players><player seat="10" name="spadewild724" chips="240" dealer="0" win="50" bet="45" muck="1" rebuy="0" addon="0" merge="0" rebuychips="0" reg_code="8393515130"/>
<player seat="3" name="oreiasccp" chips="1,260" dealer="1" win="0" bet="25" muck="1" rebuy="0" addon="0" merge="0" rebuychips="0" reg_code="8393515013"/>
</players>
</general>
<round no="0"><action no="1" player="oreiasccp" type="15" sum="5"/>
<action no="2" player="spadewild724" type="15" discard="1" dealt="1" sum="5"/>
<action no="3" player="oreiasccp" type="1" sum="20"/>
<action no="4" player="spadewild724" type="2" discard="1" dealt="1" sum="40"/>
</round>
<round no="1"><cards type="Pocket" player="spadewild724">X X</cards>
<cards type="Pocket" player="oreiasccp">S4 D3</cards>
<action no="5" player="oreiasccp" type="0" sum="0"/>
</round>
</game>
<game gamecode="11538529632"><general><startdate>2025-06-28 07:31:04</startdate>
<round>1</round>
<failsafecounter/>
<players><player seat="3" name="oreiasccp" chips="1,235" dealer="0" win="530" bet="265" muck="0" rebuy="0" addon="0" merge="0" rebuychips="0" reg_code="8393515013"/>
<player seat="10" name="spadewild724" chips="265" dealer="1" win="0" bet="265" muck="0" rebuy="0" addon="0" merge="0" rebuychips="0" reg_code="8393515130"/>
</players>
</general>
<round no="0"><action no="1" player="spadewild724" type="15" discard="1" dealt="1" sum="5"/>
<action no="2" player="oreiasccp" type="15" sum="5"/>
<action no="3" player="spadewild724" type="1" discard="1" dealt="1" sum="20"/>
<action no="4" player="oreiasccp" type="2" sum="40"/>
</round>
<round no="1"><cards type="Pocket" player="oreiasccp">C5 S3</cards>
<cards type="Pocket" player="spadewild724">SA S2</cards>
<action no="5" player="spadewild724" type="3" discard="1" dealt="1" sum="20"/>
<action no="6" player="oreiasccp" type="4" sum="0"/>
</round>
<round no="2"><cards type="Flop">CA H8 S5</cards>
<action no="7" player="oreiasccp" type="4" sum="0"/>
<action no="8" player="spadewild724" type="4" discard="1" dealt="1" sum="0"/>
</round>
<round no="3"><cards type="Turn">D7</cards>
<action no="9" player="oreiasccp" type="4" sum="0"/>
<action no="10" player="spadewild724" type="5" discard="1" dealt="1" sum="40"/>
<action no="11" player="oreiasccp" type="3" sum="40"/>
</round>
<round no="4"><cards type="River">H3</cards>
<action no="12" player="oreiasccp" type="4" sum="0"/>
<action no="13" player="spadewild724" type="5" discard="1" dealt="1" sum="180"/>
<action no="14" player="oreiasccp" type="3" sum="180"/>
</round>
</game>
</session>
