<?xml version="1.0" encoding="UTF-8"?>
<session sessioncode="8393511546">
<general>
<client_version>25.1.1.13</client_version>
<mode>real</mode>
<gametype>Holdem NL</gametype>
<tablename>Twister €5 SNG, 1128745238</tablename>
<tournamentcode>1128745237</tournamentcode>
<tournamentname>Twister €5 SNG</tournamentname>
<buyin>€0 + €0.35 + €4.65</buyin>
<totalbuyin>€5</totalbuyin>
<rewarddrawn>€10</rewarddrawn>
<tournamentcurrency>EUR</tournamentcurrency>
<currency>EUR</currency>
<nickname>oreiasccp</nickname>
<gamecount>13</gamecount>
<startdate>2025-06-28 07:07:37</startdate>
<place>3</place>
<win>€0</win>
<tablesize>3</tablesize>
</general>
<game gamecode="11538518825"><general><startdate>2025-06-28 07:07:52</startdate>
<round>1</round>
<failsafecounter/>
<players><player seat="6" name="oreiasccp" chips="500" dealer="0" win="0" bet="20" muck="1" rebuy="0" addon="0" merge="0" rebuychips="0" reg_code="8393511546"/>
<player seat="10" name="putte12345" chips="500" dealer="1" win="50" bet="60" muck="1" rebuy="0" addon="0" merge="0" rebuychips="0" reg_code="8393511549"/>
<player seat="3" name="Humbert25" chips="500" dealer="0" win="0" bet="10" muck="1" rebuy="0" addon="0" merge="0" rebuychips="0" reg_code="8393511496"/>
</players>
</general>
<round no="0"><action no="1" player="Humbert25" type="1" discard="1" dealt="1" sum="10"/>
<action no="2" player="oreiasccp" type="2" sum="20"/>
</round>
<round no="1"><cards type="Pocket" player="putte12345">X X</cards>
<cards type="Pocket" player="Humbert25">X X</cards>
<cards type="Pocket" player="oreiasccp">S3 H9</cards>
<action no="3" player="putte12345" type="23" discard="1" dealt="1" sum="60"/>
<action no="4" player="Humbert25" type="0" discard="1" dealt="1" sum="0"/>
<action no="5" player="oreiasccp" type="0" sum="0"/>
</round>
</game>
<game gamecode="11538518843"><general><startdate>2025-06-28 07:08:03</startdate>
<round>1</round>
<failsafecounter/>
<players><player seat="10" name="putte12345" chips="530" dealer="0" win="90" bet="530" muck="1" rebuy="0" addon="0" merge="0" rebuychips="0" reg_code="8393511549"/>
<player seat="3" name="Humbert25" chips="490" dealer="1" win="0" bet="40" muck="1" rebuy="0" addon="0" merge="0" rebuychips="0" reg_code="8393511496"/>
<player seat="6" name="oreiasccp" chips="480" dealer="0" win="0" bet="10" muck="1" rebuy="0" addon="0" merge="0" rebuychips="0" reg_code="8393511546"/>
</players>
</general>
<round no="0"><action no="1" player="oreiasccp" type="1" sum="10"/>
<action no="2" player="putte12345" type="2" discard="1" dealt="1" sum="20"/>
</round>
<round no="1"><cards type="Pocket" player="putte12345">X X</cards>
<cards type="Pocket" player="oreiasccp">D3 SK</cards>
<cards type="Pocket" player="Humbert25">X X</cards>
<action no="3" player="Humbert25" type="23" discard="1" dealt="1" sum="40"/>
<action no="4" player="oreiasccp" type="0" sum="0"/>
<action no="5" player="putte12345" type="23" discard="1" dealt="1" sum="530"/>
<action no="6" player="Humbert25" type="0" discard="1" dealt="1" sum="0"/>
</round>
</game>
<game gamecode="11538518872"><general><startdate>2025-06-28 07:08:15</startdate>
<round>1</round>
<failsafecounter/>
<players><player seat="3" name="Humbert25" chips="450" dealer="0" win="0" bet="20" muck="1" rebuy="0" addon="0" merge="0" rebuychips="0" reg_code="8393511496"/>
<player seat="6" name="oreiasccp" chips="470" dealer="1" win="50" bet="470" muck="1" rebuy="0" addon="0" merge="0" rebuychips="0" reg_code="8393511546"/>
<player seat="10" name="putte12345" chips="580" dealer="0" win="0" bet="10" muck="1" rebuy="0" addon="0" merge="0" rebuychips="0" reg_code="8393511549"/>
</players>
</general>
<round no="0"><action no="1" player="putte12345" type="1" discard="1" dealt="1" sum="10"/>
<action no="2" player="Humbert25" type="2" discard="1" dealt="1" sum="20"/>
</round>
<round no="1"><cards type="Pocket" player="Humbert25">X X</cards>
<cards type="Pocket" player="oreiasccp">S5 H5</cards>
<cards type="Pocket" player="putte12345">X X</cards>
<action no="3" player="oreiasccp" type="23" sum="470"/>
<action no="4" player="putte12345" type="0" discard="1" dealt="1" sum="0"/>
<action no="5" player="Humbert25" type="0" discard="1" dealt="1" sum="0"/>
</round>
</game>
<game gamecode="11538518901"><general><startdate>2025-06-28 07:08:27</startdate>
<round>1</round>
<failsafecounter/>
<players><player seat="6" name="oreiasccp" chips="500" dealer="0" win="20" bet="20" muck="1" rebuy="0" addon="0" merge="0" rebuychips="0" reg_code="8393511546"/>
<player seat="10" name="putte12345" chips="570" dealer="1" win="0" bet="0" muck="1" rebuy="0" addon="0" merge="0" rebuychips="0" reg_code="8393511549"/>
<player seat="3" name="Humbert25" chips="430" dealer="0" win="0" bet="10" muck="1" rebuy="0" addon="0" merge="0" rebuychips="0" reg_code="8393511496"/>
</players>
</general>
<round no="0"><action no="1" player="Humbert25" type="1" discard="1" dealt="1" sum="10"/>
<action no="2" player="oreiasccp" type="2" sum="20"/>
</round>
<round no="1"><cards type="Pocket" player="oreiasccp">HK S5</cards>
<cards type="Pocket" player="putte12345">X X</cards>
<cards type="Pocket" player="Humbert25">X X</cards>
<action no="3" player="putte12345" type="0" discard="1" dealt="1" sum="0"/>
<action no="4" player="Humbert25" type="0" discard="1" dealt="1" sum="0"/>
</round>
</game>
<game gamecode="11538518913"><general><startdate>2025-06-28 07:08:34</startdate>
<round>1</round>
<failsafecounter/>
<players><player seat="10" name="putte12345" chips="570" dealer="0" win="0" bet="40" muck="1" rebuy="0" addon="0" merge="0" rebuychips="0" reg_code="8393511549"/>
<player seat="3" name="Humbert25" chips="420" dealer="1" win="90" bet="120" muck="1" rebuy="0" addon="0" merge="0" rebuychips="0" reg_code="8393511496"/>
<player seat="6" name="oreiasccp" chips="510" dealer="0" win="0" bet="10" muck="1" rebuy="0" addon="0" merge="0" rebuychips="0" reg_code="8393511546"/>
</players>
</general>
<round no="0"><action no="1" player="oreiasccp" type="1" sum="10"/>
<action no="2" player="putte12345" type="2" discard="1" dealt="1" sum="20"/>
</round>
<round no="1"><cards type="Pocket" player="Humbert25">X X</cards>
<cards type="Pocket" player="putte12345">X X</cards>
<cards type="Pocket" player="oreiasccp">HQ CJ</cards>
<action no="3" player="Humbert25" type="23" discard="1" dealt="1" sum="40"/>
<action no="4" player="oreiasccp" type="0" sum="0"/>
<action no="5" player="putte12345" type="3" discard="1" dealt="1" sum="20"/>
</round>
<round no="2"><cards type="Flop">CQ D7 C9</cards>
<action no="6" player="putte12345" type="4" discard="1" dealt="1" sum="0"/>
<action no="7" player="Humbert25" type="4" discard="1" dealt="1" sum="0"/>
</round>
<round no="3"><cards type="Turn">CK</cards>
<action no="8" player="putte12345" type="4" discard="1" dealt="1" sum="0"/>
<action no="9" player="Humbert25" type="5" discard="1" dealt="1" sum="80"/>
<action no="10" player="putte12345" type="0" discard="1" dealt="1" sum="0"/>
</round>
</game>
<game gamecode="11538518979"><general><startdate>2025-06-28 07:09:02</startdate>
<round>1</round>
<failsafecounter/>
<players><player seat="3" name="Humbert25" chips="470" dealer="0" win="0" bet="20" muck="1" rebuy="0" addon="0" merge="0" rebuychips="0" reg_code="8393511496"/>
<player seat="6" name="oreiasccp" chips="500" dealer="1" win="50" bet="40" muck="1" rebuy="0" addon="0" merge="0" rebuychips="0" reg_code="8393511546"/>
<player seat="10" name="putte12345" chips="530" dealer="0" win="0" bet="10" muck="1" rebuy="0" addon="0" merge="0" rebuychips="0" reg_code="8393511549"/>
</players>
</general>
<round no="0"><action no="1" player="putte12345" type="1" discard="1" dealt="1" sum="10"/>
<action no="2" player="Humbert25" type="2" discard="1" dealt="1" sum="20"/>
</round>
<round no="1"><cards type="Pocket" player="Humbert25">X X</cards>
<cards type="Pocket" player="putte12345">X X</cards>
<cards type="Pocket" player="oreiasccp">SK S5</cards>
<action no="3" player="oreiasccp" type="23" sum="40"/>
<action no="4" player="putte12345" type="0" discard="1" dealt="1" sum="0"/>
<action no="5" player="Humbert25" type="0" discard="1" dealt="1" sum="0"/>
</round>
</game>
<game gamecode="11538519000"><general><startdate>2025-06-28 07:09:11</startdate>
<round>1</round>
<failsafecounter/>
<players><player seat="6" name="oreiasccp" chips="530" dealer="0" win="0" bet="20" muck="1" rebuy="0" addon="0" merge="0" rebuychips="0" reg_code="8393511546"/>
<player seat="10" name="putte12345" chips="520" dealer="1" win="0" bet="20" muck="1" rebuy="0" addon="0" merge="0" rebuychips="0" reg_code="8393511549"/>
<player seat="3" name="Humbert25" chips="450" dealer="0" win="60" bet="450" muck="1" rebuy="0" addon="0" merge="0" rebuychips="0" reg_code="8393511496"/>
</players>
</general>
<round no="0"><action no="1" player="Humbert25" type="1" discard="1" dealt="1" sum="10"/>
<action no="2" player="oreiasccp" type="2" sum="20"/>
</round>
<round no="1"><cards type="Pocket" player="Humbert25">X X</cards>
<cards type="Pocket" player="oreiasccp">D2 HQ</cards>
<cards type="Pocket" player="putte12345">X X</cards>
<action no="3" player="putte12345" type="3" discard="1" dealt="1" sum="20"/>
<action no="4" player="Humbert25" type="23" discard="1" dealt="1" sum="450"/>
<action no="5" player="oreiasccp" type="0" sum="0"/>
<action no="6" player="putte12345" type="0" discard="1" dealt="1" sum="0"/>
</round>
</game>
<game gamecode="11538519035"><general><startdate>2025-06-28 07:09:26</startdate>
<round>1</round>
<failsafecounter/>
<players><player seat="10" name="putte12345" chips="500" dealer="0" win="138" bet="169" muck="1" rebuy="0" addon="0" merge="0" rebuychips="0" reg_code="8393511549"/>
<player seat="3" name="Humbert25" chips="490" dealer="1" win="0" bet="0" muck="1" rebuy="0" addon="0" merge="0" rebuychips="0" reg_code="8393511496"/>
<player seat="6" name="oreiasccp" chips="510" dealer="0" win="0" bet="69" muck="1" rebuy="0" addon="0" merge="0" rebuychips="0" reg_code="8393511546"/>
</players>
</general>
<round no="0"><action no="1" player="oreiasccp" type="1" sum="10"/>
<action no="2" player="putte12345" type="2" discard="1" dealt="1" sum="20"/>
</round>
<round no="1"><cards type="Pocket" player="Humbert25">X X</cards>
<cards type="Pocket" player="oreiasccp">C6 C3</cards>
<cards type="Pocket" player="putte12345">X X</cards>
<action no="3" player="Humbert25" type="0" discard="1" dealt="1" sum="0"/>
<action no="4" player="oreiasccp" type="23" sum="40"/>
<action no="5" player="putte12345" type="3" discard="1" dealt="1" sum="20"/>
</round>
<round no="2"><cards type="Flop">DK H4 H7</cards>
<action no="6" player="oreiasccp" type="5" sum="29"/>
<action no="7" player="putte12345" type="3" discard="1" dealt="1" sum="29"/>
</round>
<round no="3"><cards type="Turn">S7</cards>
<action no="8" player="oreiasccp" type="4" sum="0"/>
<action no="9" player="putte12345" type="4" discard="1" dealt="1" sum="0"/>
</round>
<round no="4"><cards type="River">D4</cards>
<action no="10" player="oreiasccp" type="4" sum="0"/>
<action no="11" player="putte12345" type="5" discard="1" dealt="1" sum="100"/>
<action no="12" player="oreiasccp" type="0" sum="0"/>
</round>
</game>
<game gamecode="11538519103"><general><startdate>2025-06-28 07:09:55</startdate>
<round>1</round>
<failsafecounter/>
<players><player seat="3" name="Humbert25" chips="490" dealer="0" win="0" bet="35" muck="1" rebuy="0" addon="0" merge="0" rebuychips="0" reg_code="8393511496"/>
<player seat="6" name="oreiasccp" chips="441" dealer="1" win="90" bet="65" muck="1" rebuy="0" addon="0" merge="0" rebuychips="0" reg_code="8393511546"/>
<player seat="10" name="putte12345" chips="569" dealer="0" win="0" bet="20" muck="1" rebuy="0" addon="0" merge="0" rebuychips="0" reg_code="8393511549"/>
</players>
</general>
<round no="0"><action no="1" player="putte12345" type="15" discard="1" dealt="1" sum="5"/>
<action no="2" player="Humbert25" type="15" discard="1" dealt="1" sum="5"/>
<action no="3" player="oreiasccp" type="15" sum="5"/>
<action no="4" player="putte12345" type="1" discard="1" dealt="1" sum="15"/>
<action no="5" player="Humbert25" type="2" discard="1" dealt="1" sum="30"/>
</round>
<round no="1"><cards type="Pocket" player="oreiasccp">D8 D7</cards>
<cards type="Pocket" player="putte12345">X X</cards>
<cards type="Pocket" player="Humbert25">X X</cards>
<action no="6" player="oreiasccp" type="23" sum="60"/>
<action no="7" player="putte12345" type="0" discard="1" dealt="1" sum="0"/>
<action no="8" player="Humbert25" type="0" discard="1" dealt="1" sum="0"/>
</round>
</game>
<game gamecode="11538519121"><general><startdate>2025-06-28 07:10:04</startdate>
<round>1</round>
<failsafecounter/>
<players><player seat="6" name="oreiasccp" chips="496" dealer="0" win="0" bet="455" muck="1" rebuy="0" addon="0" merge="0" rebuychips="0" reg_code="8393511546"/>
<player seat="10" name="putte12345" chips="549" dealer="1" win="0" bet="5" muck="1" rebuy="0" addon="0" merge="0" rebuychips="0" reg_code="8393511549"/>
<player seat="3" name="Humbert25" chips="455" dealer="0" win="915" bet="455" muck="0" rebuy="0" addon="0" merge="0" rebuychips="0" reg_code="8393511496"/>
</players>
</general>
<round no="0"><action no="1" player="Humbert25" type="15" discard="1" dealt="1" sum="5"/>
<action no="2" player="oreiasccp" type="15" sum="5"/>
<action no="3" player="putte12345" type="15" discard="1" dealt="1" sum="5"/>
<action no="4" player="Humbert25" type="1" discard="1" dealt="1" sum="15"/>
<action no="5" player="oreiasccp" type="2" sum="30"/>
</round>
<round no="1"><cards type="Pocket" player="Humbert25">C8 CA</cards>
<cards type="Pocket" player="putte12345">X X</cards>
<cards type="Pocket" player="oreiasccp">H8 D8</cards>
<action no="6" player="putte12345" type="0" discard="1" dealt="1" sum="0"/>
<action no="7" player="Humbert25" type="23" discard="1" dealt="1" sum="450"/>
<action no="8" player="oreiasccp" type="3" sum="420"/>
</round>
<round no="2"><cards type="Flop">H7 DA DK</cards>
</round>
<round no="3"><cards type="Turn">S9</cards>
</round>
<round no="4"><cards type="River">SK</cards>
</round>
</game>
<game gamecode="11538519170"><general><startdate>2025-06-28 07:10:22</startdate>
<round>1</round>
<failsafecounter/>
<players><player seat="10" name="putte12345" chips="544" dealer="0" win="0" bet="41" muck="1" rebuy="0" addon="0" merge="0" rebuychips="0" reg_code="8393511549"/>
<player seat="3" name="Humbert25" chips="915" dealer="1" win="0" bet="5" muck="1" rebuy="0" addon="0" merge="0" rebuychips="0" reg_code="8393511496"/>
<player seat="6" name="oreiasccp" chips="41" dealer="0" win="87" bet="41" muck="0" rebuy="0" addon="0" merge="0" rebuychips="0" reg_code="8393511546"/>
</players>
</general>
<round no="0"><action no="1" player="oreiasccp" type="15" sum="5"/>
<action no="2" player="putte12345" type="15" discard="1" dealt="1" sum="5"/>
<action no="3" player="Humbert25" type="15" discard="1" dealt="1" sum="5"/>
<action no="4" player="oreiasccp" type="1" sum="15"/>
<action no="5" player="putte12345" type="2" discard="1" dealt="1" sum="30"/>
</round>
<round no="1"><cards type="Pocket" player="putte12345">C2 H7</cards>
<cards type="Pocket" player="Humbert25">X X</cards>
<cards type="Pocket" player="oreiasccp">HK CK</cards>
<action no="6" player="Humbert25" type="0" discard="1" dealt="1" sum="0"/>
<action no="7" player="oreiasccp" type="7" sum="21"/>
<action no="8" player="putte12345" type="3" discard="1" dealt="1" sum="6"/>
</round>
<round no="2"><cards type="Flop">SQ D5 H10</cards>
</round>
<round no="3"><cards type="Turn">S5</cards>
</round>
<round no="4"><cards type="River">D2</cards>
</round>
</game>
<game gamecode="11538519212"><general><startdate>2025-06-28 07:10:40</startdate>
<round>1</round>
<failsafecounter/>
<players><player seat="3" name="Humbert25" chips="910" dealer="0" win="0" bet="35" muck="1" rebuy="0" addon="0" merge="0" rebuychips="0" reg_code="8393511496"/>
<player seat="6" name="oreiasccp" chips="87" dealer="1" win="0" bet="5" muck="1" rebuy="0" addon="0" merge="0" rebuychips="0" reg_code="8393511546"/>
<player seat="10" name="putte12345" chips="503" dealer="0" win="75" bet="35" muck="0" rebuy="0" addon="0" merge="0" rebuychips="0" reg_code="8393511549"/>
</players>
</general>
<round no="0"><action no="1" player="putte12345" type="15" discard="1" dealt="1" sum="5"/>
<action no="2" player="Humbert25" type="15" discard="1" dealt="1" sum="5"/>
<action no="3" player="oreiasccp" type="15" sum="5"/>
<action no="4" player="putte12345" type="1" discard="1" dealt="1" sum="15"/>
<action no="5" player="Humbert25" type="2" discard="1" dealt="1" sum="30"/>
</round>
<round no="1"><cards type="Pocket" player="oreiasccp">CQ S7</cards>
<cards type="Pocket" player="putte12345">SJ D3</cards>
<cards type="Pocket" player="Humbert25">D4 C8</cards>
<action no="6" player="oreiasccp" type="0" sum="0"/>
<action no="7" player="putte12345" type="3" discard="1" dealt="1" sum="15"/>
<action no="8" player="Humbert25" type="4" discard="1" dealt="1" sum="0"/>
</round>
<round no="2"><cards type="Flop">DQ HJ C2</cards>
<action no="9" player="putte12345" type="4" discard="1" dealt="1" sum="0"/>
<action no="10" player="Humbert25" type="4" discard="1" dealt="1" sum="0"/>
</round>
<round no="3"><cards type="Turn">D6</cards>
<action no="11" player="putte12345" type="4" discard="1" dealt="1" sum="0"/>
<action no="12" player="Humbert25" type="4" discard="1" dealt="1" sum="0"/>
</round>
<round no="4"><cards type="River">S9</cards>
<action no="13" player="putte12345" type="4" discard="1" dealt="1" sum="0"/>
<action no="14" player="Humbert25" type="4" discard="1" dealt="1" sum="0"/>
</round>
</game>
<game gamecode="11538519259"><general><startdate>2025-06-28 07:11:01</startdate>
<round>1</round>
<failsafecounter/>
<players><player seat="6" name="oreiasccp" chips="82" dealer="0" win="0" bet="82" muck="1" rebuy="0" addon="0" merge="0" rebuychips="0" reg_code="8393511546"/>
<player seat="10" name="putte12345" chips="543" dealer="1" win="0" bet="35" muck="1" rebuy="0" addon="0" merge="0" rebuychips="0" reg_code="8393511549"/>
<player seat="3" name="Humbert25" chips="875" dealer="0" win="199" bet="875" muck="0" rebuy="0" addon="0" merge="0" rebuychips="0" reg_code="8393511496"/>
</players>
</general>
<round no="0"><action no="1" player="Humbert25" type="15" discard="1" dealt="1" sum="5"/>
<action no="2" player="oreiasccp" type="15" sum="5"/>
<action no="3" player="putte12345" type="15" discard="1" dealt="1" sum="5"/>
<action no="4" player="Humbert25" type="1" discard="1" dealt="1" sum="15"/>
<action no="5" player="oreiasccp" type="2" sum="30"/>
</round>
<round no="1"><cards type="Pocket" player="Humbert25">CK HJ</cards>
<cards type="Pocket" player="putte12345">X X</cards>
<cards type="Pocket" player="oreiasccp">CQ HK</cards>
<action no="6" player="putte12345" type="3" discard="1" dealt="1" sum="30"/>
<action no="7" player="Humbert25" type="23" discard="1" dealt="1" sum="870"/>
<action no="8" player="oreiasccp" type="7" sum="47"/>
<action no="9" player="putte12345" type="0" discard="1" dealt="1" sum="0"/>
</round>
<round no="2"><cards type="Flop">H2 S8 D4</cards>
</round>
<round no="3"><cards type="Turn">S5</cards>
</round>
<round no="4"><cards type="River">SJ</cards>
</round>
</game>
</session>
