<?xml version="1.0" encoding="UTF-8"?>
<session sessioncode="8393515605">
<general>
<client_version>25.1.1.13</client_version>
<mode>real</mode>
<gametype>Holdem NL</gametype>
<tablename>Twister €5 SNG, 1128745962</tablename>
<tournamentcode>1128745961</tournamentcode>
<tournamentname>Twister €5 SNG</tournamentname>
<buyin>€0 + €0.35 + €4.65</buyin>
<totalbuyin>€5</totalbuyin>
<rewarddrawn>€25</rewarddrawn>
<tournamentcurrency>EUR</tournamentcurrency>
<currency>EUR</currency>
<nickname>oreiasccp</nickname>
<gamecount>5</gamecount>
<startdate>2025-06-28 07:27:45</startdate>
<place>3</place>
<win>€0</win>
<tablesize>3</tablesize>
</general>
<game gamecode="11538529100"><general><startdate>2025-06-28 07:28:01</startdate>
<round>1</round>
<failsafecounter/>
<players><player seat="10" name="oreiasccp" chips="500" dealer="0" win="0" bet="67" muck="1" rebuy="0" addon="0" merge="0" rebuychips="0" reg_code="8393515605"/>
<player seat="3" name="Necromonger13" chips="500" dealer="1" win="144" bet="177" muck="1" rebuy="0" addon="0" merge="0" rebuychips="0" reg_code="8393515509"/>
<player seat="6" name="VolteSempre" chips="500" dealer="0" win="0" bet="10" muck="1" rebuy="0" addon="0" merge="0" rebuychips="0" reg_code="8393515593"/>
</players>
</general>
<round no="0"><action no="1" player="VolteSempre" type="1" discard="1" dealt="1" sum="10"/>
<action no="2" player="oreiasccp" type="2" sum="20"/>
</round>
<round no="1"><cards type="Pocket" player="oreiasccp">DK H3</cards>
<cards type="Pocket" player="VolteSempre">X X</cards>
<cards type="Pocket" player="Necromonger13">X X</cards>
<action no="3" player="Necromonger13" type="23" discard="1" dealt="1" sum="40"/>
<action no="4" player="VolteSempre" type="0" discard="1" dealt="1" sum="0"/>
<action no="5" player="oreiasccp" type="3" sum="20"/>
</round>
<round no="2"><cards type="Flop">S9 CK DA</cards>
<action no="6" player="oreiasccp" type="4" sum="0"/>
<action no="7" player="Necromonger13" type="5" discard="1" dealt="1" sum="27"/>
<action no="8" player="oreiasccp" type="3" sum="27"/>
</round>
<round no="3"><cards type="Turn">S5</cards>
<action no="9" player="oreiasccp" type="4" sum="0"/>
<action no="10" player="Necromonger13" type="5" discard="1" dealt="1" sum="110"/>
<action no="11" player="oreiasccp" type="0" sum="0"/>
</round>
</game>
<game gamecode="11538529198"><general><startdate>2025-06-28 07:28:35</startdate>
<round>1</round>
<failsafecounter/>
<players><player seat="3" name="Necromonger13" chips="577" dealer="0" win="20" bet="20" muck="1" rebuy="0" addon="0" merge="0" rebuychips="0" reg_code="8393515509"/>
<player seat="6" name="VolteSempre" chips="490" dealer="1" win="0" bet="0" muck="1" rebuy="0" addon="0" merge="0" rebuychips="0" reg_code="8393515593"/>
<player seat="10" name="oreiasccp" chips="433" dealer="0" win="0" bet="10" muck="1" rebuy="0" addon="0" merge="0" rebuychips="0" reg_code="8393515605"/>
</players>
</general>
<round no="0"><action no="1" player="oreiasccp" type="1" sum="10"/>
<action no="2" player="Necromonger13" type="2" discard="1" dealt="1" sum="20"/>
</round>
<round no="1"><cards type="Pocket" player="oreiasccp">H3 C6</cards>
<cards type="Pocket" player="Necromonger13">X X</cards>
<cards type="Pocket" player="VolteSempre">X X</cards>
<action no="3" player="VolteSempre" type="0" discard="1" dealt="1" sum="0"/>
<action no="4" player="oreiasccp" type="0" sum="0"/>
</round>
</game>
<game gamecode="11538529231"><general><startdate>2025-06-28 07:28:47</startdate>
<round>1</round>
<failsafecounter/>
<players><player seat="6" name="VolteSempre" chips="490" dealer="0" win="20" bet="20" muck="1" rebuy="0" addon="0" merge="0" rebuychips="0" reg_code="8393515593"/>
<player seat="10" name="oreiasccp" chips="423" dealer="1" win="0" bet="0" muck="1" rebuy="0" addon="0" merge="0" rebuychips="0" reg_code="8393515605"/>
<player seat="3" name="Necromonger13" chips="587" dealer="0" win="0" bet="10" muck="1" rebuy="0" addon="0" merge="0" rebuychips="0" reg_code="8393515509"/>
</players>
</general>
<round no="0"><action no="1" player="Necromonger13" type="1" discard="1" dealt="1" sum="10"/>
<action no="2" player="VolteSempre" type="2" discard="1" dealt="1" sum="20"/>
</round>
<round no="1"><cards type="Pocket" player="Necromonger13">X X</cards>
<cards type="Pocket" player="oreiasccp">S4 S3</cards>
<cards type="Pocket" player="VolteSempre">X X</cards>
<action no="3" player="oreiasccp" type="0" sum="0"/>
<action no="4" player="Necromonger13" type="0" discard="1" dealt="1" sum="0"/>
</round>
</game>
<game gamecode="11538529255"><general><startdate>2025-06-28 07:28:54</startdate>
<round>1</round>
<failsafecounter/>
<players><player seat="10" name="oreiasccp" chips="423" dealer="0" win="0" bet="20" muck="1" rebuy="0" addon="0" merge="0" rebuychips="0" reg_code="8393515605"/>
<player seat="3" name="Necromonger13" chips="577" dealer="1" win="50" bet="40" muck="1" rebuy="0" addon="0" merge="0" rebuychips="0" reg_code="8393515509"/>
<player seat="6" name="VolteSempre" chips="500" dealer="0" win="0" bet="10" muck="1" rebuy="0" addon="0" merge="0" rebuychips="0" reg_code="8393515593"/>
</players>
</general>
<round no="0"><action no="1" player="VolteSempre" type="1" discard="1" dealt="1" sum="10"/>
<action no="2" player="oreiasccp" type="2" sum="20"/>
</round>
<round no="1"><cards type="Pocket" player="oreiasccp">H3 C6</cards>
<cards type="Pocket" player="VolteSempre">X X</cards>
<cards type="Pocket" player="Necromonger13">X X</cards>
<action no="3" player="Necromonger13" type="23" discard="1" dealt="1" sum="40"/>
<action no="4" player="VolteSempre" type="0" discard="1" dealt="1" sum="0"/>
<action no="5" player="oreiasccp" type="0" sum="0"/>
</round>
</game>
<game gamecode="11538529287"><general><startdate>2025-06-28 07:29:05</startdate>
<round>1</round>
<failsafecounter/>
<players><player seat="3" name="Necromonger13" chips="607" dealer="0" win="0" bet="20" muck="1" rebuy="0" addon="0" merge="0" rebuychips="0" reg_code="8393515509"/>
<player seat="6" name="VolteSempre" chips="490" dealer="1" win="826" bet="490" muck="0" rebuy="0" addon="0" merge="0" rebuychips="0" reg_code="8393515593"/>
<player seat="10" name="oreiasccp" chips="403" dealer="0" win="0" bet="403" muck="1" rebuy="0" addon="0" merge="0" rebuychips="0" reg_code="8393515605"/>
</players>
</general>
<round no="0"><action no="1" player="oreiasccp" type="1" sum="10"/>
<action no="2" player="Necromonger13" type="2" discard="1" dealt="1" sum="20"/>
</round>
<round no="1"><cards type="Pocket" player="Necromonger13">X X</cards>
<cards type="Pocket" player="VolteSempre">SA H9</cards>
<cards type="Pocket" player="oreiasccp">HQ DA</cards>
<action no="3" player="VolteSempre" type="23" discard="1" dealt="1" sum="490"/>
<action no="4" player="oreiasccp" type="7" sum="393"/>
<action no="5" player="Necromonger13" type="0" discard="1" dealt="1" sum="0"/>
</round>
<round no="2"><cards type="Flop">H10 H2 S9</cards>
</round>
<round no="3"><cards type="Turn">C6</cards>
</round>
<round no="4"><cards type="River">HK</cards>
</round>
</game>
</session>
