<?xml version="1.0" encoding="UTF-8"?>
<session sessioncode="8393555070">
<general>
<client_version>25.1.1.13</client_version>
<mode>real</mode>
<gametype>Holdem NL</gametype>
<tablename>Twister €5 SNG, 1128751976</tablename>
<tournamentcode>1128751975</tournamentcode>
<tournamentname>Twister €5 SNG</tournamentname>
<buyin>€0 + €0.35 + €4.65</buyin>
<totalbuyin>€5</totalbuyin>
<rewarddrawn>€10</rewarddrawn>
<tournamentcurrency>EUR</tournamentcurrency>
<currency>EUR</currency>
<nickname>oreiasccp</nickname>
<gamecount>6</gamecount>
<startdate>2025-06-28 09:51:30</startdate>
<place>3</place>
<win>€0</win>
<tablesize>3</tablesize>
</general>
<game gamecode="11538629646"><general><startdate>2025-06-28 09:51:45</startdate>
<round>1</round>
<failsafecounter/>
<players><player seat="6" name="DeusVult92" chips="500" dealer="0" win="400" bet="180" muck="0" rebuy="0" addon="0" merge="0" rebuychips="0" reg_code="8393555056"/>
<player seat="10" name="oreiasccp" chips="500" dealer="1" win="0" bet="40" muck="1" rebuy="0" addon="0" merge="0" rebuychips="0" reg_code="8393555070"/>
<player seat="3" name="StoneyLOWC" chips="500" dealer="0" win="0" bet="180" muck="0" rebuy="0" addon="0" merge="0" rebuychips="0" reg_code="8393555022"/>
</players>
</general>
<round no="0"><action no="1" player="StoneyLOWC" type="1" discard="1" dealt="1" sum="10"/>
<action no="2" player="DeusVult92" type="2" discard="1" dealt="1" sum="20"/>
</round>
<round no="1"><cards type="Pocket" player="DeusVult92">D8 SJ</cards>
<cards type="Pocket" player="oreiasccp">S9 H10</cards>
<cards type="Pocket" player="StoneyLOWC">SQ H8</cards>
<action no="3" player="oreiasccp" type="23" sum="40"/>
<action no="4" player="StoneyLOWC" type="3" discard="1" dealt="1" sum="30"/>
<action no="5" player="DeusVult92" type="3" discard="1" dealt="1" sum="20"/>
</round>
<round no="2"><cards type="Flop">CJ D6 C2</cards>
<action no="6" player="StoneyLOWC" type="5" discard="1" dealt="1" sum="20"/>
<action no="7" player="DeusVult92" type="3" discard="1" dealt="1" sum="20"/>
<action no="8" player="oreiasccp" type="0" sum="0"/>
</round>
<round no="3"><cards type="Turn">H4</cards>
<action no="9" player="StoneyLOWC" type="5" discard="1" dealt="1" sum="20"/>
<action no="10" player="DeusVult92" type="3" discard="1" dealt="1" sum="20"/>
</round>
<round no="4"><cards type="River">D7</cards>
<action no="11" player="StoneyLOWC" type="5" discard="1" dealt="1" sum="100"/>
<action no="12" player="DeusVult92" type="3" discard="1" dealt="1" sum="100"/>
</round>
</game>
<game gamecode="11538633669"><general><startdate>2025-06-28 09:52:19</startdate>
<round>1</round>
<failsafecounter/>
<players><player seat="10" name="oreiasccp" chips="460" dealer="0" win="110" bet="320" muck="1" rebuy="0" addon="0" merge="0" rebuychips="0" reg_code="8393555070"/>
<player seat="3" name="StoneyLOWC" chips="320" dealer="1" win="0" bet="50" muck="1" rebuy="0" addon="0" merge="0" rebuychips="0" reg_code="8393555022"/>
<player seat="6" name="DeusVult92" chips="720" dealer="0" win="0" bet="10" muck="1" rebuy="0" addon="0" merge="0" rebuychips="0" reg_code="8393555056"/>
</players>
</general>
<round no="0"><action no="1" player="DeusVult92" type="1" discard="1" dealt="1" sum="10"/>
<action no="2" player="oreiasccp" type="2" sum="20"/>
</round>
<round no="1"><cards type="Pocket" player="StoneyLOWC">X X</cards>
<cards type="Pocket" player="DeusVult92">X X</cards>
<cards type="Pocket" player="oreiasccp">CA H10</cards>
<action no="3" player="StoneyLOWC" type="23" discard="1" dealt="1" sum="50"/>
<action no="4" player="DeusVult92" type="0" discard="1" dealt="1" sum="0"/>
<action no="5" player="oreiasccp" type="23" sum="320"/>
<action no="6" player="StoneyLOWC" type="0" discard="1" dealt="1" sum="0"/>
</round>
</game>
<game gamecode="11538633744"><general><startdate>2025-06-28 09:52:35</startdate>
<round>1</round>
<failsafecounter/>
<players><player seat="3" name="StoneyLOWC" chips="270" dealer="0" win="20" bet="20" muck="1" rebuy="0" addon="0" merge="0" rebuychips="0" reg_code="8393555022"/>
<player seat="6" name="DeusVult92" chips="710" dealer="1" win="0" bet="0" muck="1" rebuy="0" addon="0" merge="0" rebuychips="0" reg_code="8393555056"/>
<player seat="10" name="oreiasccp" chips="520" dealer="0" win="0" bet="10" muck="1" rebuy="0" addon="0" merge="0" rebuychips="0" reg_code="8393555070"/>
</players>
</general>
<round no="0"><action no="1" player="oreiasccp" type="1" sum="10"/>
<action no="2" player="StoneyLOWC" type="2" discard="1" dealt="1" sum="20"/>
</round>
<round no="1"><cards type="Pocket" player="oreiasccp">D5 S8</cards>
<cards type="Pocket" player="StoneyLOWC">X X</cards>
<cards type="Pocket" player="DeusVult92">X X</cards>
<action no="3" player="DeusVult92" type="0" discard="1" dealt="1" sum="0"/>
<action no="4" player="oreiasccp" type="0" sum="0"/>
</round>
</game>
<game gamecode="11538633793"><general><startdate>2025-06-28 09:52:45</startdate>
<round>1</round>
<failsafecounter/>
<players><player seat="6" name="DeusVult92" chips="710" dealer="0" win="0" bet="20" muck="1" rebuy="0" addon="0" merge="0" rebuychips="0" reg_code="8393555056"/>
<player seat="10" name="oreiasccp" chips="510" dealer="1" win="0" bet="40" muck="1" rebuy="0" addon="0" merge="0" rebuychips="0" reg_code="8393555070"/>
<player seat="3" name="StoneyLOWC" chips="280" dealer="0" win="100" bet="60" muck="1" rebuy="0" addon="0" merge="0" rebuychips="0" reg_code="8393555022"/>
</players>
</general>
<round no="0"><action no="1" player="StoneyLOWC" type="1" discard="1" dealt="1" sum="10"/>
<action no="2" player="DeusVult92" type="2" discard="1" dealt="1" sum="20"/>
</round>
<round no="1"><cards type="Pocket" player="DeusVult92">X X</cards>
<cards type="Pocket" player="oreiasccp">H4 D4</cards>
<cards type="Pocket" player="StoneyLOWC">X X</cards>
<action no="3" player="oreiasccp" type="23" sum="40"/>
<action no="4" player="StoneyLOWC" type="3" discard="1" dealt="1" sum="30"/>
<action no="5" player="DeusVult92" type="0" discard="1" dealt="1" sum="0"/>
</round>
<round no="2"><cards type="Flop">CJ S10 HQ</cards>
<action no="6" player="StoneyLOWC" type="5" discard="1" dealt="1" sum="20"/>
<action no="7" player="oreiasccp" type="0" sum="0"/>
</round>
</game>
<game gamecode="11538633885"><general><startdate>2025-06-28 09:53:06</startdate>
<round>1</round>
<failsafecounter/>
<players><player seat="10" name="oreiasccp" chips="470" dealer="0" win="480" bet="470" muck="0" rebuy="0" addon="0" merge="0" rebuychips="0" reg_code="8393555070"/>
<player seat="3" name="StoneyLOWC" chips="340" dealer="1" win="0" bet="20" muck="1" rebuy="0" addon="0" merge="0" rebuychips="0" reg_code="8393555022"/>
<player seat="6" name="DeusVult92" chips="690" dealer="0" win="480" bet="690" muck="0" rebuy="0" addon="0" merge="0" rebuychips="0" reg_code="8393555056"/>
</players>
</general>
<round no="0"><action no="1" player="DeusVult92" type="1" discard="1" dealt="1" sum="10"/>
<action no="2" player="oreiasccp" type="2" sum="20"/>
</round>
<round no="1"><cards type="Pocket" player="oreiasccp">SA H10</cards>
<cards type="Pocket" player="StoneyLOWC">X X</cards>
<cards type="Pocket" player="DeusVult92">DA C5</cards>
<action no="3" player="StoneyLOWC" type="3" discard="1" dealt="1" sum="20"/>
<action no="4" player="DeusVult92" type="23" discard="1" dealt="1" sum="690"/>
<action no="5" player="oreiasccp" type="7" sum="450"/>
<action no="6" player="StoneyLOWC" type="0" discard="1" dealt="1" sum="0"/>
</round>
<round no="2"><cards type="Flop">HJ C6 C3</cards>
</round>
<round no="3"><cards type="Turn">HA</cards>
</round>
<round no="4"><cards type="River">H6</cards>
</round>
</game>
<game gamecode="11538634010"><general><startdate>2025-06-28 09:53:35</startdate>
<round>1</round>
<failsafecounter/>
<players><player seat="3" name="StoneyLOWC" chips="320" dealer="0" win="960" bet="320" muck="0" rebuy="0" addon="0" merge="0" rebuychips="0" reg_code="8393555022"/>
<player seat="6" name="DeusVult92" chips="700" dealer="1" win="320" bet="480" muck="0" rebuy="0" addon="0" merge="0" rebuychips="0" reg_code="8393555056"/>
<player seat="10" name="oreiasccp" chips="480" dealer="0" win="0" bet="480" muck="1" rebuy="0" addon="0" merge="0" rebuychips="0" reg_code="8393555070"/>
</players>
</general>
<round no="0"><action no="1" player="oreiasccp" type="1" sum="10"/>
<action no="2" player="StoneyLOWC" type="2" discard="1" dealt="1" sum="20"/>
</round>
<round no="1"><cards type="Pocket" player="DeusVult92">CJ DJ</cards>
<cards type="Pocket" player="oreiasccp">D10 S10</cards>
<cards type="Pocket" player="StoneyLOWC">HK SQ</cards>
<action no="3" player="DeusVult92" type="23" discard="1" dealt="1" sum="40"/>
<action no="4" player="oreiasccp" type="23" sum="480"/>
<action no="5" player="StoneyLOWC" type="7" discard="1" dealt="1" sum="300"/>
<action no="6" player="DeusVult92" type="3" discard="1" dealt="1" sum="440"/>
</round>
<round no="2"><cards type="Flop">SA C2 CA</cards>
</round>
<round no="3"><cards type="Turn">DK</cards>
</round>
<round no="4"><cards type="River">C9</cards>
</round>
</game>
</session>
