<?xml version="1.0" encoding="UTF-8"?>
<session sessioncode="8393603969">
<general>
<client_version>25.1.1.13</client_version>
<mode>real</mode>
<gametype>Holdem NL</gametype>
<tablename>Twister €5 SNG, 1128759188</tablename>
<tournamentcode>1128759186</tournamentcode>
<tournamentname>Twister €5 SNG</tournamentname>
<buyin>€0 + €0.35 + €4.65</buyin>
<totalbuyin>€5</totalbuyin>
<rewarddrawn>€15</rewarddrawn>
<tournamentcurrency>EUR</tournamentcurrency>
<currency>EUR</currency>
<nickname>oreiasccp</nickname>
<gamecount>15</gamecount>
<startdate>2025-06-28 12:03:58</startdate>
<place>2</place>
<win>€0</win>
<tablesize>3</tablesize>
</general>
<game gamecode="11538752207"><general><startdate>2025-06-28 12:04:14</startdate>
<round>1</round>
<failsafecounter/>
<players><player seat="3" name="Vendetta1978" chips="500" dealer="0" win="0" bet="500" muck="0" rebuy="0" addon="0" merge="0" rebuychips="0" reg_code="8393603863"/>
<player seat="6" name="Humbert25" chips="500" dealer="1" win="1,010" bet="500" muck="0" rebuy="0" addon="0" merge="0" rebuychips="0" reg_code="8393603897"/>
<player seat="10" name="oreiasccp" chips="500" dealer="0" win="0" bet="10" muck="1" rebuy="0" addon="0" merge="0" rebuychips="0" reg_code="8393603969"/>
</players>
</general>
<round no="0"><action no="1" player="oreiasccp" type="1" sum="10"/>
<action no="2" player="Vendetta1978" type="2" discard="1" dealt="1" sum="20"/>
</round>
<round no="1"><cards type="Pocket" player="Humbert25">SK HK</cards>
<cards type="Pocket" player="oreiasccp">H4 SA</cards>
<cards type="Pocket" player="Vendetta1978">H8 CJ</cards>
<action no="3" player="Humbert25" type="23" discard="1" dealt="1" sum="40"/>
<action no="4" player="oreiasccp" type="0" sum="0"/>
<action no="5" player="Vendetta1978" type="3" discard="1" dealt="1" sum="20"/>
</round>
<round no="2"><cards type="Flop">S10 C3 H5</cards>
<action no="6" player="Vendetta1978" type="5" discard="1" dealt="1" sum="29"/>
<action no="7" player="Humbert25" type="3" discard="1" dealt="1" sum="29"/>
</round>
<round no="3"><cards type="Turn">S2</cards>
<action no="8" player="Vendetta1978" type="5" discard="1" dealt="1" sum="80"/>
<action no="9" player="Humbert25" type="3" discard="1" dealt="1" sum="80"/>
</round>
<round no="4"><cards type="River">C4</cards>
<action no="10" player="Vendetta1978" type="5" discard="1" dealt="1" sum="351"/>
<action no="11" player="Humbert25" type="7" discard="1" dealt="1" sum="351"/>
</round>
</game>
<game gamecode="11538752345"><general><startdate>2025-06-28 12:04:50</startdate>
<round>1</round>
<failsafecounter/>
<players><player seat="6" name="Humbert25" chips="1,010" dealer="0" win="40" bet="1,010" muck="1" rebuy="0" addon="0" merge="0" rebuychips="0" reg_code="8393603897"/>
<player seat="10" name="oreiasccp" chips="490" dealer="1" win="0" bet="20" muck="1" rebuy="0" addon="0" merge="0" rebuychips="0" reg_code="8393603969"/>
</players>
</general>
<round no="0"><action no="1" player="oreiasccp" type="1" sum="10"/>
<action no="2" player="Humbert25" type="2" discard="1" dealt="1" sum="20"/>
</round>
<round no="1"><cards type="Pocket" player="Humbert25">X X</cards>
<cards type="Pocket" player="oreiasccp">D4 HJ</cards>
<action no="3" player="oreiasccp" type="3" sum="10"/>
<action no="4" player="Humbert25" type="23" discard="1" dealt="1" sum="1,010"/>
<action no="5" player="oreiasccp" type="0" sum="0"/>
</round>
</game>
<game gamecode="11538761551"><general><startdate>2025-06-28 12:05:04</startdate>
<round>1</round>
<failsafecounter/>
<players><player seat="10" name="oreiasccp" chips="470" dealer="0" win="0" bet="20" muck="1" rebuy="0" addon="0" merge="0" rebuychips="0" reg_code="8393603969"/>
<player seat="6" name="Humbert25" chips="1,030" dealer="1" win="40" bet="40" muck="1" rebuy="0" addon="0" merge="0" rebuychips="0" reg_code="8393603897"/>
</players>
</general>
<round no="0"><action no="1" player="Humbert25" type="1" discard="1" dealt="1" sum="10"/>
<action no="2" player="oreiasccp" type="2" sum="20"/>
</round>
<round no="1"><cards type="Pocket" player="oreiasccp">C3 H7</cards>
<cards type="Pocket" player="Humbert25">X X</cards>
<action no="3" player="Humbert25" type="23" discard="1" dealt="1" sum="40"/>
<action no="4" player="oreiasccp" type="0" sum="0"/>
</round>
</game>
<game gamecode="11538761593"><general><startdate>2025-06-28 12:05:13</startdate>
<round>1</round>
<failsafecounter/>
<players><player seat="6" name="Humbert25" chips="1,050" dealer="0" win="20" bet="20" muck="1" rebuy="0" addon="0" merge="0" rebuychips="0" reg_code="8393603897"/>
<player seat="10" name="oreiasccp" chips="450" dealer="1" win="0" bet="10" muck="1" rebuy="0" addon="0" merge="0" rebuychips="0" reg_code="8393603969"/>
</players>
</general>
<round no="0"><action no="1" player="oreiasccp" type="1" sum="10"/>
<action no="2" player="Humbert25" type="2" discard="1" dealt="1" sum="20"/>
</round>
<round no="1"><cards type="Pocket" player="Humbert25">X X</cards>
<cards type="Pocket" player="oreiasccp">S2 D5</cards>
<action no="3" player="oreiasccp" type="0" sum="0"/>
</round>
</game>
<game gamecode="11538761630"><general><startdate>2025-06-28 12:05:22</startdate>
<round>1</round>
<failsafecounter/>
<players><player seat="10" name="oreiasccp" chips="440" dealer="0" win="20" bet="20" muck="1" rebuy="0" addon="0" merge="0" rebuychips="0" reg_code="8393603969"/>
<player seat="6" name="Humbert25" chips="1,060" dealer="1" win="0" bet="10" muck="1" rebuy="0" addon="0" merge="0" rebuychips="0" reg_code="8393603897"/>
</players>
</general>
<round no="0"><action no="1" player="Humbert25" type="1" discard="1" dealt="1" sum="10"/>
<action no="2" player="oreiasccp" type="2" sum="20"/>
</round>
<round no="1"><cards type="Pocket" player="oreiasccp">C5 H5</cards>
<cards type="Pocket" player="Humbert25">X X</cards>
<action no="3" player="Humbert25" type="0" discard="1" dealt="1" sum="0"/>
</round>
</game>
<game gamecode="11538761646"><general><startdate>2025-06-28 12:05:28</startdate>
<round>1</round>
<failsafecounter/>
<players><player seat="6" name="Humbert25" chips="1,050" dealer="0" win="0" bet="20" muck="1" rebuy="0" addon="0" merge="0" rebuychips="0" reg_code="8393603897"/>
<player seat="10" name="oreiasccp" chips="450" dealer="1" win="40" bet="40" muck="1" rebuy="0" addon="0" merge="0" rebuychips="0" reg_code="8393603969"/>
</players>
</general>
<round no="0"><action no="1" player="oreiasccp" type="1" sum="10"/>
<action no="2" player="Humbert25" type="2" discard="1" dealt="1" sum="20"/>
</round>
<round no="1"><cards type="Pocket" player="Humbert25">X X</cards>
<cards type="Pocket" player="oreiasccp">DJ C10</cards>
<action no="3" player="oreiasccp" type="3" sum="10"/>
<action no="4" player="Humbert25" type="4" discard="1" dealt="1" sum="0"/>
</round>
<round no="2"><cards type="Flop">DQ CK HA</cards>
<action no="5" player="Humbert25" type="4" discard="1" dealt="1" sum="0"/>
<action no="6" player="oreiasccp" type="5" sum="20"/>
<action no="7" player="Humbert25" type="0" discard="1" dealt="1" sum="0"/>
</round>
</game>
<game gamecode="11538761699"><general><startdate>2025-06-28 12:05:43</startdate>
<round>1</round>
<failsafecounter/>
<players><player seat="10" name="oreiasccp" chips="470" dealer="0" win="40" bet="60" muck="1" rebuy="0" addon="0" merge="0" rebuychips="0" reg_code="8393603969"/>
<player seat="6" name="Humbert25" chips="1,030" dealer="1" win="0" bet="20" muck="1" rebuy="0" addon="0" merge="0" rebuychips="0" reg_code="8393603897"/>
</players>
</general>
<round no="0"><action no="1" player="Humbert25" type="1" discard="1" dealt="1" sum="10"/>
<action no="2" player="oreiasccp" type="2" sum="20"/>
</round>
<round no="1"><cards type="Pocket" player="oreiasccp">H10 S10</cards>
<cards type="Pocket" player="Humbert25">X X</cards>
<action no="3" player="Humbert25" type="3" discard="1" dealt="1" sum="10"/>
<action no="4" player="oreiasccp" type="23" sum="60"/>
<action no="5" player="Humbert25" type="0" discard="1" dealt="1" sum="0"/>
</round>
</game>
<game gamecode="11538761751"><general><startdate>2025-06-28 12:05:55</startdate>
<round>1</round>
<failsafecounter/>
<players><player seat="6" name="Humbert25" chips="1,010" dealer="0" win="168" bet="179" muck="1" rebuy="0" addon="0" merge="0" rebuychips="0" reg_code="8393603897"/>
<player seat="10" name="oreiasccp" chips="490" dealer="1" win="0" bet="84" muck="1" rebuy="0" addon="0" merge="0" rebuychips="0" reg_code="8393603969"/>
</players>
</general>
<round no="0"><action no="1" player="oreiasccp" type="1" sum="10"/>
<action no="2" player="Humbert25" type="2" discard="1" dealt="1" sum="20"/>
</round>
<round no="1"><cards type="Pocket" player="Humbert25">X X</cards>
<cards type="Pocket" player="oreiasccp">C9 SA</cards>
<action no="3" player="oreiasccp" type="3" sum="10"/>
<action no="4" player="Humbert25" type="4" discard="1" dealt="1" sum="0"/>
</round>
<round no="2"><cards type="Flop">C6 D3 H5</cards>
<action no="5" player="Humbert25" type="4" discard="1" dealt="1" sum="0"/>
<action no="6" player="oreiasccp" type="4" sum="0"/>
</round>
<round no="3"><cards type="Turn">DA</cards>
<action no="7" player="Humbert25" type="4" discard="1" dealt="1" sum="0"/>
<action no="8" player="oreiasccp" type="5" sum="29"/>
<action no="9" player="Humbert25" type="3" discard="1" dealt="1" sum="29"/>
</round>
<round no="4"><cards type="River">H8</cards>
<action no="10" player="Humbert25" type="4" discard="1" dealt="1" sum="0"/>
<action no="11" player="oreiasccp" type="5" sum="35"/>
<action no="12" player="Humbert25" type="23" discard="1" dealt="1" sum="130"/>
<action no="13" player="oreiasccp" type="0" sum="0"/>
</round>
</game>
<game gamecode="11538761882"><general><startdate>2025-06-28 12:06:24</startdate>
<round>1</round>
<failsafecounter/>
<players><player seat="10" name="oreiasccp" chips="406" dealer="0" win="0" bet="87" muck="1" rebuy="0" addon="0" merge="0" rebuychips="0" reg_code="8393603969"/>
<player seat="6" name="Humbert25" chips="1,094" dealer="1" win="174" bet="87" muck="0" rebuy="0" addon="0" merge="0" rebuychips="0" reg_code="8393603897"/>
</players>
</general>
<round no="0"><action no="1" player="Humbert25" type="15" discard="1" dealt="1" sum="5"/>
<action no="2" player="oreiasccp" type="15" sum="5"/>
<action no="3" player="Humbert25" type="1" discard="1" dealt="1" sum="15"/>
<action no="4" player="oreiasccp" type="2" sum="30"/>
</round>
<round no="1"><cards type="Pocket" player="oreiasccp">H4 D6</cards>
<cards type="Pocket" player="Humbert25">D5 HJ</cards>
<action no="5" player="Humbert25" type="3" discard="1" dealt="1" sum="15"/>
<action no="6" player="oreiasccp" type="4" sum="0"/>
</round>
<round no="2"><cards type="Flop">C5 C3 C8</cards>
<action no="7" player="oreiasccp" type="4" sum="0"/>
<action no="8" player="Humbert25" type="4" discard="1" dealt="1" sum="0"/>
</round>
<round no="3"><cards type="Turn">S4</cards>
<action no="9" player="oreiasccp" type="4" sum="0"/>
<action no="10" player="Humbert25" type="5" discard="1" dealt="1" sum="52"/>
<action no="11" player="oreiasccp" type="3" sum="52"/>
</round>
<round no="4"><cards type="River">DA</cards>
<action no="12" player="oreiasccp" type="4" sum="0"/>
<action no="13" player="Humbert25" type="4" discard="1" dealt="1" sum="0"/>
</round>
</game>
<game gamecode="11538761975"><general><startdate>2025-06-28 12:06:46</startdate>
<round>1</round>
<failsafecounter/>
<players><player seat="6" name="Humbert25" chips="1,181" dealer="0" win="0" bet="35" muck="1" rebuy="0" addon="0" merge="0" rebuychips="0" reg_code="8393603897"/>
<player seat="10" name="oreiasccp" chips="319" dealer="1" win="70" bet="319" muck="1" rebuy="0" addon="0" merge="0" rebuychips="0" reg_code="8393603969"/>
</players>
</general>
<round no="0"><action no="1" player="oreiasccp" type="15" sum="5"/>
<action no="2" player="Humbert25" type="15" discard="1" dealt="1" sum="5"/>
<action no="3" player="oreiasccp" type="1" sum="15"/>
<action no="4" player="Humbert25" type="2" discard="1" dealt="1" sum="30"/>
</round>
<round no="1"><cards type="Pocket" player="oreiasccp">DA H6</cards>
<cards type="Pocket" player="Humbert25">X X</cards>
<action no="5" player="oreiasccp" type="23" sum="314"/>
<action no="6" player="Humbert25" type="0" discard="1" dealt="1" sum="0"/>
</round>
</game>
<game gamecode="11538762005"><general><startdate>2025-06-28 12:06:53</startdate>
<round>1</round>
<failsafecounter/>
<players><player seat="10" name="oreiasccp" chips="354" dealer="0" win="0" bet="35" muck="1" rebuy="0" addon="0" merge="0" rebuychips="0" reg_code="8393603969"/>
<player seat="6" name="Humbert25" chips="1,146" dealer="1" win="70" bet="1,146" muck="1" rebuy="0" addon="0" merge="0" rebuychips="0" reg_code="8393603897"/>
</players>
</general>
<round no="0"><action no="1" player="Humbert25" type="15" discard="1" dealt="1" sum="5"/>
<action no="2" player="oreiasccp" type="15" sum="5"/>
<action no="3" player="Humbert25" type="1" discard="1" dealt="1" sum="15"/>
<action no="4" player="oreiasccp" type="2" sum="30"/>
</round>
<round no="1"><cards type="Pocket" player="oreiasccp">D9 D3</cards>
<cards type="Pocket" player="Humbert25">X X</cards>
<action no="5" player="Humbert25" type="23" discard="1" dealt="1" sum="1,141"/>
<action no="6" player="oreiasccp" type="0" sum="0"/>
</round>
</game>
<game gamecode="11538762035"><general><startdate>2025-06-28 12:07:02</startdate>
<round>1</round>
<failsafecounter/>
<players><player seat="6" name="Humbert25" chips="1,181" dealer="0" win="40" bet="35" muck="1" rebuy="0" addon="0" merge="0" rebuychips="0" reg_code="8393603897"/>
<player seat="10" name="oreiasccp" chips="319" dealer="1" win="0" bet="20" muck="1" rebuy="0" addon="0" merge="0" rebuychips="0" reg_code="8393603969"/>
</players>
</general>
<round no="0"><action no="1" player="oreiasccp" type="15" sum="5"/>
<action no="2" player="Humbert25" type="15" discard="1" dealt="1" sum="5"/>
<action no="3" player="oreiasccp" type="1" sum="15"/>
<action no="4" player="Humbert25" type="2" discard="1" dealt="1" sum="30"/>
</round>
<round no="1"><cards type="Pocket" player="Humbert25">X X</cards>
<cards type="Pocket" player="oreiasccp">C2 S8</cards>
<action no="5" player="oreiasccp" type="0" sum="0"/>
</round>
</game>
<game gamecode="11538762064"><general><startdate>2025-06-28 12:07:07</startdate>
<round>1</round>
<failsafecounter/>
<players><player seat="10" name="oreiasccp" chips="299" dealer="0" win="0" bet="35" muck="1" rebuy="0" addon="0" merge="0" rebuychips="0" reg_code="8393603969"/>
<player seat="6" name="Humbert25" chips="1,201" dealer="1" win="70" bet="95" muck="1" rebuy="0" addon="0" merge="0" rebuychips="0" reg_code="8393603897"/>
</players>
</general>
<round no="0"><action no="1" player="Humbert25" type="15" discard="1" dealt="1" sum="5"/>
<action no="2" player="oreiasccp" type="15" sum="5"/>
<action no="3" player="Humbert25" type="1" discard="1" dealt="1" sum="15"/>
<action no="4" player="oreiasccp" type="2" sum="30"/>
</round>
<round no="1"><cards type="Pocket" player="oreiasccp">D7 C9</cards>
<cards type="Pocket" player="Humbert25">X X</cards>
<action no="5" player="Humbert25" type="3" discard="1" dealt="1" sum="15"/>
<action no="6" player="oreiasccp" type="4" sum="0"/>
</round>
<round no="2"><cards type="Flop">D3 D2 C5</cards>
<action no="7" player="oreiasccp" type="4" sum="0"/>
<action no="8" player="Humbert25" type="4" discard="1" dealt="1" sum="0"/>
</round>
<round no="3"><cards type="Turn">S10</cards>
<action no="9" player="oreiasccp" type="4" sum="0"/>
<action no="10" player="Humbert25" type="5" discard="1" dealt="1" sum="60"/>
<action no="11" player="oreiasccp" type="0" sum="0"/>
</round>
</game>
<game gamecode="11538762131"><general><startdate>2025-06-28 12:07:23</startdate>
<round>1</round>
<failsafecounter/>
<players><player seat="6" name="Humbert25" chips="1,236" dealer="0" win="0" bet="264" muck="1" rebuy="0" addon="0" merge="0" rebuychips="0" reg_code="8393603897"/>
<player seat="10" name="oreiasccp" chips="264" dealer="1" win="528" bet="264" muck="0" rebuy="0" addon="0" merge="0" rebuychips="0" reg_code="8393603969"/>
</players>
</general>
<round no="0"><action no="1" player="oreiasccp" type="15" sum="5"/>
<action no="2" player="Humbert25" type="15" discard="1" dealt="1" sum="5"/>
<action no="3" player="oreiasccp" type="1" sum="15"/>
<action no="4" player="Humbert25" type="2" discard="1" dealt="1" sum="30"/>
</round>
<round no="1"><cards type="Pocket" player="oreiasccp">S8 CK</cards>
<cards type="Pocket" player="Humbert25">SJ S7</cards>
<action no="5" player="oreiasccp" type="23" sum="259"/>
<action no="6" player="Humbert25" type="3" discard="1" dealt="1" sum="229"/>
</round>
<round no="2"><cards type="Flop">H8 H7 S6</cards>
</round>
<round no="3"><cards type="Turn">S2</cards>
</round>
<round no="4"><cards type="River">H9</cards>
</round>
</game>
<game gamecode="11538762199"><general><startdate>2025-06-28 12:07:39</startdate>
<round>1</round>
<failsafecounter/>
<players><player seat="10" name="oreiasccp" chips="528" dealer="0" win="0" bet="528" muck="0" rebuy="0" addon="0" merge="0" rebuychips="0" reg_code="8393603969"/>
<player seat="6" name="Humbert25" chips="972" dealer="1" win="1,056" bet="528" muck="0" rebuy="0" addon="0" merge="0" rebuychips="0" reg_code="8393603897"/>
</players>
</general>
<round no="0"><action no="1" player="Humbert25" type="15" discard="1" dealt="1" sum="5"/>
<action no="2" player="oreiasccp" type="15" sum="5"/>
<action no="3" player="Humbert25" type="1" discard="1" dealt="1" sum="15"/>
<action no="4" player="oreiasccp" type="2" sum="30"/>
</round>
<round no="1"><cards type="Pocket" player="Humbert25">DA D4</cards>
<cards type="Pocket" player="oreiasccp">DQ SA</cards>
<action no="5" player="Humbert25" type="3" discard="1" dealt="1" sum="15"/>
<action no="6" player="oreiasccp" type="23" sum="523"/>
<action no="7" player="Humbert25" type="3" discard="1" dealt="1" sum="493"/>
</round>
<round no="2"><cards type="Flop">S4 C9 C4</cards>
</round>
<round no="3"><cards type="Turn">H10</cards>
</round>
<round no="4"><cards type="River">H9</cards>
</round>
</game>
</session>
