<?xml version="1.0" encoding="UTF-8"?>
<session sessioncode="8393512618">
<general>
<client_version>25.1.1.13</client_version>
<mode>real</mode>
<gametype>Holdem NL</gametype>
<tablename>Twister €5 SNG, 1128745410</tablename>
<tournamentcode>1128745409</tournamentcode>
<tournamentname>Twister €5 SNG</tournamentname>
<buyin>€0 + €0.35 + €4.65</buyin>
<totalbuyin>€5</totalbuyin>
<rewarddrawn>€10</rewarddrawn>
<tournamentcurrency>EUR</tournamentcurrency>
<currency>EUR</currency>
<nickname>oreiasccp</nickname>
<gamecount>19</gamecount>
<startdate>2025-06-28 07:12:42</startdate>
<place>2</place>
<win>€0</win>
<tablesize>3</tablesize>
</general>
<game gamecode="11538519524"><general><startdate>2025-06-28 07:12:57</startdate>
<round>1</round>
<failsafecounter/>
<players><player seat="10" name="oreiasccp" chips="500" dealer="0" win="20" bet="20" muck="1" rebuy="0" addon="0" merge="0" rebuychips="0" reg_code="8393512618"/>
<player seat="3" name="VolteSempre" chips="500" dealer="1" win="0" bet="0" muck="1" rebuy="0" addon="0" merge="0" rebuychips="0" reg_code="8393512423"/>
<player seat="6" name="coolcatz69" chips="500" dealer="0" win="0" bet="10" muck="1" rebuy="0" addon="0" merge="0" rebuychips="0" reg_code="8393512579"/>
</players>
</general>
<round no="0"><action no="1" player="coolcatz69" type="1" discard="1" dealt="1" sum="10"/>
<action no="2" player="oreiasccp" type="2" sum="20"/>
</round>
<round no="1"><cards type="Pocket" player="oreiasccp">DK C9</cards>
<cards type="Pocket" player="coolcatz69">X X</cards>
<cards type="Pocket" player="VolteSempre">X X</cards>
<action no="3" player="VolteSempre" type="0" discard="1" dealt="1" sum="0"/>
<action no="4" player="coolcatz69" type="0" discard="1" dealt="1" sum="0"/>
</round>
</game>
<game gamecode="11538519555"><general><startdate>2025-06-28 07:13:11</startdate>
<round>1</round>
<failsafecounter/>
<players><player seat="3" name="VolteSempre" chips="500" dealer="0" win="20" bet="20" muck="1" rebuy="0" addon="0" merge="0" rebuychips="0" reg_code="8393512423"/>
<player seat="6" name="coolcatz69" chips="490" dealer="1" win="0" bet="0" muck="1" rebuy="0" addon="0" merge="0" rebuychips="0" reg_code="8393512579"/>
<player seat="10" name="oreiasccp" chips="510" dealer="0" win="0" bet="10" muck="1" rebuy="0" addon="0" merge="0" rebuychips="0" reg_code="8393512618"/>
</players>
</general>
<round no="0"><action no="1" player="oreiasccp" type="1" sum="10"/>
<action no="2" player="VolteSempre" type="2" discard="1" dealt="1" sum="20"/>
</round>
<round no="1"><cards type="Pocket" player="VolteSempre">X X</cards>
<cards type="Pocket" player="oreiasccp">C3 H6</cards>
<cards type="Pocket" player="coolcatz69">X X</cards>
<action no="3" player="coolcatz69" type="0" discard="1" dealt="1" sum="0"/>
<action no="4" player="oreiasccp" type="0" sum="0"/>
</round>
</game>
<game gamecode="11538519582"><general><startdate>2025-06-28 07:13:20</startdate>
<round>1</round>
<failsafecounter/>
<players><player seat="6" name="coolcatz69" chips="490" dealer="0" win="0" bet="40" muck="1" rebuy="0" addon="0" merge="0" rebuychips="0" reg_code="8393512579"/>
<player seat="10" name="oreiasccp" chips="500" dealer="1" win="90" bet="63" muck="1" rebuy="0" addon="0" merge="0" rebuychips="0" reg_code="8393512618"/>
<player seat="3" name="VolteSempre" chips="510" dealer="0" win="0" bet="10" muck="1" rebuy="0" addon="0" merge="0" rebuychips="0" reg_code="8393512423"/>
</players>
</general>
<round no="0"><action no="1" player="VolteSempre" type="1" discard="1" dealt="1" sum="10"/>
<action no="2" player="coolcatz69" type="2" discard="1" dealt="1" sum="20"/>
</round>
<round no="1"><cards type="Pocket" player="oreiasccp">S5 CA</cards>
<cards type="Pocket" player="coolcatz69">X X</cards>
<cards type="Pocket" player="VolteSempre">X X</cards>
<action no="3" player="oreiasccp" type="23" sum="40"/>
<action no="4" player="VolteSempre" type="0" discard="1" dealt="1" sum="0"/>
<action no="5" player="coolcatz69" type="3" discard="1" dealt="1" sum="20"/>
</round>
<round no="2"><cards type="Flop">SA H4 H7</cards>
<action no="6" player="coolcatz69" type="4" discard="1" dealt="1" sum="0"/>
<action no="7" player="oreiasccp" type="5" sum="23"/>
<action no="8" player="coolcatz69" type="0" discard="1" dealt="1" sum="0"/>
</round>
</game>
<game gamecode="11538519625"><general><startdate>2025-06-28 07:13:36</startdate>
<round>1</round>
<failsafecounter/>
<players><player seat="10" name="oreiasccp" chips="550" dealer="0" win="20" bet="20" muck="1" rebuy="0" addon="0" merge="0" rebuychips="0" reg_code="8393512618"/>
<player seat="3" name="VolteSempre" chips="500" dealer="1" win="0" bet="0" muck="1" rebuy="0" addon="0" merge="0" rebuychips="0" reg_code="8393512423"/>
<player seat="6" name="coolcatz69" chips="450" dealer="0" win="0" bet="10" muck="1" rebuy="0" addon="0" merge="0" rebuychips="0" reg_code="8393512579"/>
</players>
</general>
<round no="0"><action no="1" player="coolcatz69" type="1" discard="1" dealt="1" sum="10"/>
<action no="2" player="oreiasccp" type="2" sum="20"/>
</round>
<round no="1"><cards type="Pocket" player="VolteSempre">X X</cards>
<cards type="Pocket" player="oreiasccp">H8 S2</cards>
<cards type="Pocket" player="coolcatz69">X X</cards>
<action no="3" player="VolteSempre" type="0" discard="1" dealt="1" sum="0"/>
<action no="4" player="coolcatz69" type="0" discard="1" dealt="1" sum="0"/>
</round>
</game>
<game gamecode="11538519656"><general><startdate>2025-06-28 07:13:48</startdate>
<round>1</round>
<failsafecounter/>
<players><player seat="3" name="VolteSempre" chips="500" dealer="0" win="0" bet="20" muck="1" rebuy="0" addon="0" merge="0" rebuychips="0" reg_code="8393512423"/>
<player seat="6" name="coolcatz69" chips="440" dealer="1" win="0" bet="0" muck="1" rebuy="0" addon="0" merge="0" rebuychips="0" reg_code="8393512579"/>
<player seat="10" name="oreiasccp" chips="560" dealer="0" win="40" bet="60" muck="1" rebuy="0" addon="0" merge="0" rebuychips="0" reg_code="8393512618"/>
</players>
</general>
<round no="0"><action no="1" player="oreiasccp" type="1" sum="10"/>
<action no="2" player="VolteSempre" type="2" discard="1" dealt="1" sum="20"/>
</round>
<round no="1"><cards type="Pocket" player="coolcatz69">X X</cards>
<cards type="Pocket" player="VolteSempre">X X</cards>
<cards type="Pocket" player="oreiasccp">DQ SQ</cards>
<action no="3" player="coolcatz69" type="0" discard="1" dealt="1" sum="0"/>
<action no="4" player="oreiasccp" type="23" sum="60"/>
<action no="5" player="VolteSempre" type="0" discard="1" dealt="1" sum="0"/>
</round>
</game>
<game gamecode="11538519683"><general><startdate>2025-06-28 07:14:02</startdate>
<round>1</round>
<failsafecounter/>
<players><player seat="6" name="coolcatz69" chips="440" dealer="0" win="0" bet="20" muck="1" rebuy="0" addon="0" merge="0" rebuychips="0" reg_code="8393512579"/>
<player seat="10" name="oreiasccp" chips="580" dealer="1" win="50" bet="480" muck="1" rebuy="0" addon="0" merge="0" rebuychips="0" reg_code="8393512618"/>
<player seat="3" name="VolteSempre" chips="480" dealer="0" win="0" bet="10" muck="1" rebuy="0" addon="0" merge="0" rebuychips="0" reg_code="8393512423"/>
</players>
</general>
<round no="0"><action no="1" player="VolteSempre" type="1" discard="1" dealt="1" sum="10"/>
<action no="2" player="coolcatz69" type="2" discard="1" dealt="1" sum="20"/>
</round>
<round no="1"><cards type="Pocket" player="oreiasccp">H4 D4</cards>
<cards type="Pocket" player="VolteSempre">X X</cards>
<cards type="Pocket" player="coolcatz69">X X</cards>
<action no="3" player="oreiasccp" type="23" sum="480"/>
<action no="4" player="VolteSempre" type="0" discard="1" dealt="1" sum="0"/>
<action no="5" player="coolcatz69" type="0" discard="1" dealt="1" sum="0"/>
</round>
</game>
<game gamecode="11538519729"><general><startdate>2025-06-28 07:14:19</startdate>
<round>1</round>
<failsafecounter/>
<players><player seat="10" name="oreiasccp" chips="610" dealer="0" win="0" bet="40" muck="1" rebuy="0" addon="0" merge="0" rebuychips="0" reg_code="8393512618"/>
<player seat="3" name="VolteSempre" chips="470" dealer="1" win="120" bet="470" muck="1" rebuy="0" addon="0" merge="0" rebuychips="0" reg_code="8393512423"/>
<player seat="6" name="coolcatz69" chips="420" dealer="0" win="0" bet="40" muck="1" rebuy="0" addon="0" merge="0" rebuychips="0" reg_code="8393512579"/>
</players>
</general>
<round no="0"><action no="1" player="coolcatz69" type="1" discard="1" dealt="1" sum="10"/>
<action no="2" player="oreiasccp" type="2" sum="20"/>
</round>
<round no="1"><cards type="Pocket" player="VolteSempre">X X</cards>
<cards type="Pocket" player="coolcatz69">X X</cards>
<cards type="Pocket" player="oreiasccp">D10 SQ</cards>
<action no="3" player="VolteSempre" type="23" discard="1" dealt="1" sum="40"/>
<action no="4" player="coolcatz69" type="3" discard="1" dealt="1" sum="30"/>
<action no="5" player="oreiasccp" type="3" sum="20"/>
</round>
<round no="2"><cards type="Flop">C9 H5 H8</cards>
<action no="6" player="coolcatz69" type="4" discard="1" dealt="1" sum="0"/>
<action no="7" player="oreiasccp" type="4" sum="0"/>
<action no="8" player="VolteSempre" type="5" discard="1" dealt="1" sum="430"/>
<action no="9" player="coolcatz69" type="0" discard="1" dealt="1" sum="0"/>
<action no="10" player="oreiasccp" type="0" sum="0"/>
</round>
</game>
<game gamecode="11538519814"><general><startdate>2025-06-28 07:14:59</startdate>
<round>1</round>
<failsafecounter/>
<players><player seat="3" name="VolteSempre" chips="550" dealer="0" win="0" bet="35" muck="1" rebuy="0" addon="0" merge="0" rebuychips="0" reg_code="8393512423"/>
<player seat="6" name="coolcatz69" chips="380" dealer="1" win="90" bet="65" muck="1" rebuy="0" addon="0" merge="0" rebuychips="0" reg_code="8393512579"/>
<player seat="10" name="oreiasccp" chips="570" dealer="0" win="0" bet="20" muck="1" rebuy="0" addon="0" merge="0" rebuychips="0" reg_code="8393512618"/>
</players>
</general>
<round no="0"><action no="1" player="oreiasccp" type="15" sum="5"/>
<action no="2" player="VolteSempre" type="15" discard="1" dealt="1" sum="5"/>
<action no="3" player="coolcatz69" type="15" discard="1" dealt="1" sum="5"/>
<action no="4" player="oreiasccp" type="1" sum="15"/>
<action no="5" player="VolteSempre" type="2" discard="1" dealt="1" sum="30"/>
</round>
<round no="1"><cards type="Pocket" player="oreiasccp">C7 SK</cards>
<cards type="Pocket" player="VolteSempre">X X</cards>
<cards type="Pocket" player="coolcatz69">X X</cards>
<action no="6" player="coolcatz69" type="23" discard="1" dealt="1" sum="60"/>
<action no="7" player="oreiasccp" type="0" sum="0"/>
<action no="8" player="VolteSempre" type="0" discard="1" dealt="1" sum="0"/>
</round>
</game>
<game gamecode="11538519849"><general><startdate>2025-06-28 07:15:11</startdate>
<round>1</round>
<failsafecounter/>
<players><player seat="6" name="coolcatz69" chips="435" dealer="0" win="150" bet="95" muck="1" rebuy="0" addon="0" merge="0" rebuychips="0" reg_code="8393512579"/>
<player seat="10" name="oreiasccp" chips="550" dealer="1" win="0" bet="65" muck="1" rebuy="0" addon="0" merge="0" rebuychips="0" reg_code="8393512618"/>
<player seat="3" name="VolteSempre" chips="515" dealer="0" win="0" bet="20" muck="1" rebuy="0" addon="0" merge="0" rebuychips="0" reg_code="8393512423"/>
</players>
</general>
<round no="0"><action no="1" player="VolteSempre" type="15" discard="1" dealt="1" sum="5"/>
<action no="2" player="coolcatz69" type="15" discard="1" dealt="1" sum="5"/>
<action no="3" player="oreiasccp" type="15" sum="5"/>
<action no="4" player="VolteSempre" type="1" discard="1" dealt="1" sum="15"/>
<action no="5" player="coolcatz69" type="2" discard="1" dealt="1" sum="30"/>
</round>
<round no="1"><cards type="Pocket" player="coolcatz69">X X</cards>
<cards type="Pocket" player="VolteSempre">X X</cards>
<cards type="Pocket" player="oreiasccp">HA C8</cards>
<action no="6" player="oreiasccp" type="23" sum="60"/>
<action no="7" player="VolteSempre" type="0" discard="1" dealt="1" sum="0"/>
<action no="8" player="coolcatz69" type="23" discard="1" dealt="1" sum="90"/>
<action no="9" player="oreiasccp" type="0" sum="0"/>
</round>
</game>
<game gamecode="11538519895"><general><startdate>2025-06-28 07:15:30</startdate>
<round>1</round>
<failsafecounter/>
<players><player seat="10" name="oreiasccp" chips="485" dealer="0" win="75" bet="65" muck="1" rebuy="0" addon="0" merge="0" rebuychips="0" reg_code="8393512618"/>
<player seat="3" name="VolteSempre" chips="495" dealer="1" win="0" bet="5" muck="1" rebuy="0" addon="0" merge="0" rebuychips="0" reg_code="8393512423"/>
<player seat="6" name="coolcatz69" chips="520" dealer="0" win="0" bet="35" muck="1" rebuy="0" addon="0" merge="0" rebuychips="0" reg_code="8393512579"/>
</players>
</general>
<round no="0"><action no="1" player="coolcatz69" type="15" discard="1" dealt="1" sum="5"/>
<action no="2" player="oreiasccp" type="15" sum="5"/>
<action no="3" player="VolteSempre" type="15" discard="1" dealt="1" sum="5"/>
<action no="4" player="coolcatz69" type="1" discard="1" dealt="1" sum="15"/>
<action no="5" player="oreiasccp" type="2" sum="30"/>
</round>
<round no="1"><cards type="Pocket" player="coolcatz69">X X</cards>
<cards type="Pocket" player="oreiasccp">S2 HQ</cards>
<cards type="Pocket" player="VolteSempre">X X</cards>
<action no="6" player="VolteSempre" type="0" discard="1" dealt="1" sum="0"/>
<action no="7" player="coolcatz69" type="3" discard="1" dealt="1" sum="15"/>
<action no="8" player="oreiasccp" type="4" sum="0"/>
</round>
<round no="2"><cards type="Flop">H10 S10 D7</cards>
<action no="9" player="coolcatz69" type="4" discard="1" dealt="1" sum="0"/>
<action no="10" player="oreiasccp" type="4" sum="0"/>
</round>
<round no="3"><cards type="Turn">S7</cards>
<action no="11" player="coolcatz69" type="4" discard="1" dealt="1" sum="0"/>
<action no="12" player="oreiasccp" type="5" sum="30"/>
<action no="13" player="coolcatz69" type="0" discard="1" dealt="1" sum="0"/>
</round>
</game>
<game gamecode="11538519989"><general><startdate>2025-06-28 07:16:09</startdate>
<round>1</round>
<failsafecounter/>
<players><player seat="3" name="VolteSempre" chips="490" dealer="0" win="990" bet="490" muck="0" rebuy="0" addon="0" merge="0" rebuychips="0" reg_code="8393512423"/>
<player seat="6" name="coolcatz69" chips="485" dealer="1" win="0" bet="485" muck="1" rebuy="0" addon="0" merge="0" rebuychips="0" reg_code="8393512579"/>
<player seat="10" name="oreiasccp" chips="525" dealer="0" win="0" bet="20" muck="1" rebuy="0" addon="0" merge="0" rebuychips="0" reg_code="8393512618"/>
</players>
</general>
<round no="0"><action no="1" player="oreiasccp" type="15" sum="5"/>
<action no="2" player="VolteSempre" type="15" discard="1" dealt="1" sum="5"/>
<action no="3" player="coolcatz69" type="15" discard="1" dealt="1" sum="5"/>
<action no="4" player="oreiasccp" type="1" sum="15"/>
<action no="5" player="VolteSempre" type="2" discard="1" dealt="1" sum="30"/>
</round>
<round no="1"><cards type="Pocket" player="VolteSempre">SJ SQ</cards>
<cards type="Pocket" player="coolcatz69">DA HA</cards>
<cards type="Pocket" player="oreiasccp">S7 H4</cards>
<action no="6" player="coolcatz69" type="23" discard="1" dealt="1" sum="60"/>
<action no="7" player="oreiasccp" type="0" sum="0"/>
<action no="8" player="VolteSempre" type="23" discard="1" dealt="1" sum="485"/>
<action no="9" player="coolcatz69" type="7" discard="1" dealt="1" sum="420"/>
</round>
<round no="2"><cards type="Flop">H3 DJ CQ</cards>
</round>
<round no="3"><cards type="Turn">H6</cards>
</round>
<round no="4"><cards type="River">S2</cards>
</round>
</game>
<game gamecode="11538520043"><general><startdate>2025-06-28 07:16:31</startdate>
<round>1</round>
<failsafecounter/>
<players><player seat="3" name="VolteSempre" chips="995" dealer="0" win="0" bet="35" muck="1" rebuy="0" addon="0" merge="0" rebuychips="0" reg_code="8393512423"/>
<player seat="10" name="oreiasccp" chips="505" dealer="1" win="70" bet="65" muck="1" rebuy="0" addon="0" merge="0" rebuychips="0" reg_code="8393512618"/>
</players>
</general>
<round no="0"><action no="1" player="oreiasccp" type="15" sum="5"/>
<action no="2" player="VolteSempre" type="15" discard="1" dealt="1" sum="5"/>
<action no="3" player="oreiasccp" type="1" sum="15"/>
<action no="4" player="VolteSempre" type="2" discard="1" dealt="1" sum="30"/>
</round>
<round no="1"><cards type="Pocket" player="oreiasccp">S6 SA</cards>
<cards type="Pocket" player="VolteSempre">X X</cards>
<action no="5" player="oreiasccp" type="3" sum="15"/>
<action no="6" player="VolteSempre" type="4" discard="1" dealt="1" sum="0"/>
</round>
<round no="2"><cards type="Flop">C8 S7 S4</cards>
<action no="7" player="VolteSempre" type="4" discard="1" dealt="1" sum="0"/>
<action no="8" player="oreiasccp" type="5" sum="30"/>
<action no="9" player="VolteSempre" type="0" discard="1" dealt="1" sum="0"/>
</round>
</game>
<game gamecode="11538520106"><general><startdate>2025-06-28 07:16:57</startdate>
<round>1</round>
<failsafecounter/>
<players><player seat="10" name="oreiasccp" chips="540" dealer="0" win="0" bet="45" muck="1" rebuy="0" addon="0" merge="0" rebuychips="0" reg_code="8393512618"/>
<player seat="3" name="VolteSempre" chips="960" dealer="1" win="90" bet="90" muck="1" rebuy="0" addon="0" merge="0" rebuychips="0" reg_code="8393512423"/>
</players>
</general>
<round no="0"><action no="1" player="VolteSempre" type="15" discard="1" dealt="1" sum="5"/>
<action no="2" player="oreiasccp" type="15" sum="5"/>
<action no="3" player="VolteSempre" type="1" discard="1" dealt="1" sum="20"/>
<action no="4" player="oreiasccp" type="2" sum="40"/>
</round>
<round no="1"><cards type="Pocket" player="oreiasccp">C9 D2</cards>
<cards type="Pocket" player="VolteSempre">X X</cards>
<action no="5" player="VolteSempre" type="3" discard="1" dealt="1" sum="20"/>
<action no="6" player="oreiasccp" type="4" sum="0"/>
</round>
<round no="2"><cards type="Flop">DQ CQ H5</cards>
<action no="7" player="oreiasccp" type="4" sum="0"/>
<action no="8" player="VolteSempre" type="5" discard="1" dealt="1" sum="45"/>
<action no="9" player="oreiasccp" type="0" sum="0"/>
</round>
</game>
<game gamecode="11538520160"><general><startdate>2025-06-28 07:17:15</startdate>
<round>1</round>
<failsafecounter/>
<players><player seat="3" name="VolteSempre" chips="1,005" dealer="0" win="0" bet="45" muck="1" rebuy="0" addon="0" merge="0" rebuychips="0" reg_code="8393512423"/>
<player seat="10" name="oreiasccp" chips="495" dealer="1" win="90" bet="495" muck="1" rebuy="0" addon="0" merge="0" rebuychips="0" reg_code="8393512618"/>
</players>
</general>
<round no="0"><action no="1" player="oreiasccp" type="15" sum="5"/>
<action no="2" player="VolteSempre" type="15" discard="1" dealt="1" sum="5"/>
<action no="3" player="oreiasccp" type="1" sum="20"/>
<action no="4" player="VolteSempre" type="2" discard="1" dealt="1" sum="40"/>
</round>
<round no="1"><cards type="Pocket" player="VolteSempre">X X</cards>
<cards type="Pocket" player="oreiasccp">DA S2</cards>
<action no="5" player="oreiasccp" type="23" sum="490"/>
<action no="6" player="VolteSempre" type="0" discard="1" dealt="1" sum="0"/>
</round>
</game>
<game gamecode="11538520187"><general><startdate>2025-06-28 07:17:25</startdate>
<round>1</round>
<failsafecounter/>
<players><player seat="10" name="oreiasccp" chips="540" dealer="0" win="90" bet="111" muck="1" rebuy="0" addon="0" merge="0" rebuychips="0" reg_code="8393512618"/>
<player seat="3" name="VolteSempre" chips="960" dealer="1" win="0" bet="45" muck="1" rebuy="0" addon="0" merge="0" rebuychips="0" reg_code="8393512423"/>
</players>
</general>
<round no="0"><action no="1" player="VolteSempre" type="15" discard="1" dealt="1" sum="5"/>
<action no="2" player="oreiasccp" type="15" sum="5"/>
<action no="3" player="VolteSempre" type="1" discard="1" dealt="1" sum="20"/>
<action no="4" player="oreiasccp" type="2" sum="40"/>
</round>
<round no="1"><cards type="Pocket" player="VolteSempre">X X</cards>
<cards type="Pocket" player="oreiasccp">D7 C10</cards>
<action no="5" player="VolteSempre" type="3" discard="1" dealt="1" sum="20"/>
<action no="6" player="oreiasccp" type="4" sum="0"/>
</round>
<round no="2"><cards type="Flop">S9 D6 CJ</cards>
<action no="7" player="oreiasccp" type="4" sum="0"/>
<action no="8" player="VolteSempre" type="4" discard="1" dealt="1" sum="0"/>
</round>
<round no="3"><cards type="Turn">SJ</cards>
<action no="9" player="oreiasccp" type="5" sum="66"/>
<action no="10" player="VolteSempre" type="0" discard="1" dealt="1" sum="0"/>
</round>
</game>
<game gamecode="11538524586"><general><startdate>2025-06-28 07:17:47</startdate>
<round>1</round>
<failsafecounter/>
<players><player seat="3" name="VolteSempre" chips="915" dealer="0" win="340" bet="915" muck="1" rebuy="0" addon="0" merge="0" rebuychips="0" reg_code="8393512423"/>
<player seat="10" name="oreiasccp" chips="585" dealer="1" win="0" bet="170" muck="1" rebuy="0" addon="0" merge="0" rebuychips="0" reg_code="8393512618"/>
</players>
</general>
<round no="0"><action no="1" player="oreiasccp" type="15" sum="5"/>
<action no="2" player="VolteSempre" type="15" discard="1" dealt="1" sum="5"/>
<action no="3" player="oreiasccp" type="1" sum="20"/>
<action no="4" player="VolteSempre" type="2" discard="1" dealt="1" sum="40"/>
</round>
<round no="1"><cards type="Pocket" player="VolteSempre">X X</cards>
<cards type="Pocket" player="oreiasccp">S7 CK</cards>
<action no="5" player="oreiasccp" type="23" sum="80"/>
<action no="6" player="VolteSempre" type="3" discard="1" dealt="1" sum="40"/>
</round>
<round no="2"><cards type="Flop">S6 D8 C6</cards>
<action no="7" player="VolteSempre" type="4" discard="1" dealt="1" sum="0"/>
<action no="8" player="oreiasccp" type="4" sum="0"/>
</round>
<round no="3"><cards type="Turn">SA</cards>
<action no="9" player="VolteSempre" type="4" discard="1" dealt="1" sum="0"/>
<action no="10" player="oreiasccp" type="5" sum="85"/>
<action no="11" player="VolteSempre" type="23" discard="1" dealt="1" sum="830"/>
<action no="12" player="oreiasccp" type="0" sum="0"/>
</round>
</game>
<game gamecode="11538524705"><general><startdate>2025-06-28 07:18:34</startdate>
<round>1</round>
<failsafecounter/>
<players><player seat="10" name="oreiasccp" chips="415" dealer="0" win="90" bet="145" muck="1" rebuy="0" addon="0" merge="0" rebuychips="0" reg_code="8393512618"/>
<player seat="3" name="VolteSempre" chips="1,085" dealer="1" win="0" bet="45" muck="1" rebuy="0" addon="0" merge="0" rebuychips="0" reg_code="8393512423"/>
</players>
</general>
<round no="0"><action no="1" player="VolteSempre" type="15" discard="1" dealt="1" sum="5"/>
<action no="2" player="oreiasccp" type="15" sum="5"/>
<action no="3" player="VolteSempre" type="1" discard="1" dealt="1" sum="20"/>
<action no="4" player="oreiasccp" type="2" sum="40"/>
</round>
<round no="1"><cards type="Pocket" player="oreiasccp">HK SJ</cards>
<cards type="Pocket" player="VolteSempre">X X</cards>
<action no="5" player="VolteSempre" type="3" discard="1" dealt="1" sum="20"/>
<action no="6" player="oreiasccp" type="23" sum="140"/>
<action no="7" player="VolteSempre" type="0" discard="1" dealt="1" sum="0"/>
</round>
</game>
<game gamecode="11538524772"><general><startdate>2025-06-28 07:19:01</startdate>
<round>1</round>
<failsafecounter/>
<players><player seat="3" name="VolteSempre" chips="1,040" dealer="0" win="130" bet="1,040" muck="1" rebuy="0" addon="0" merge="0" rebuychips="0" reg_code="8393512423"/>
<player seat="10" name="oreiasccp" chips="460" dealer="1" win="0" bet="65" muck="1" rebuy="0" addon="0" merge="0" rebuychips="0" reg_code="8393512618"/>
</players>
</general>
<round no="0"><action no="1" player="oreiasccp" type="15" sum="5"/>
<action no="2" player="VolteSempre" type="15" discard="1" dealt="1" sum="5"/>
<action no="3" player="oreiasccp" type="1" sum="30"/>
<action no="4" player="VolteSempre" type="2" discard="1" dealt="1" sum="60"/>
</round>
<round no="1"><cards type="Pocket" player="oreiasccp">D10 C8</cards>
<cards type="Pocket" player="VolteSempre">X X</cards>
<action no="5" player="oreiasccp" type="3" sum="30"/>
<action no="6" player="VolteSempre" type="23" discard="1" dealt="1" sum="1,035"/>
<action no="7" player="oreiasccp" type="0" sum="0"/>
</round>
</game>
<game gamecode="11538524815"><general><startdate>2025-06-28 07:19:17</startdate>
<round>1</round>
<failsafecounter/>
<players><player seat="10" name="oreiasccp" chips="395" dealer="0" win="0" bet="395" muck="1" rebuy="0" addon="0" merge="0" rebuychips="0" reg_code="8393512618"/>
<player seat="3" name="VolteSempre" chips="1,105" dealer="1" win="790" bet="1,105" muck="0" rebuy="0" addon="0" merge="0" rebuychips="0" reg_code="8393512423"/>
</players>
</general>
<round no="0"><action no="1" player="VolteSempre" type="15" discard="1" dealt="1" sum="5"/>
<action no="2" player="oreiasccp" type="15" sum="5"/>
<action no="3" player="VolteSempre" type="1" discard="1" dealt="1" sum="30"/>
<action no="4" player="oreiasccp" type="2" sum="60"/>
</round>
<round no="1"><cards type="Pocket" player="VolteSempre">CA DJ</cards>
<cards type="Pocket" player="oreiasccp">HJ DK</cards>
<action no="5" player="VolteSempre" type="23" discard="1" dealt="1" sum="1,100"/>
<action no="6" player="oreiasccp" type="7" sum="330"/>
</round>
<round no="2"><cards type="Flop">D4 H4 C10</cards>
</round>
<round no="3"><cards type="Turn">HQ</cards>
</round>
<round no="4"><cards type="River">SQ</cards>
</round>
</game>
</session>
