<?xml version="1.0" encoding="UTF-8"?>
<session sessioncode="8393587459">
<general>
<client_version>25.1.1.13</client_version>
<mode>real</mode>
<gametype>Holdem NL</gametype>
<tablename>Twister €5 SNG, 1128756701</tablename>
<tournamentcode>1128756700</tournamentcode>
<tournamentname>Twister €5 SNG</tournamentname>
<buyin>€0 + €0.35 + €4.65</buyin>
<totalbuyin>€5</totalbuyin>
<rewarddrawn>€10</rewarddrawn>
<tournamentcurrency>EUR</tournamentcurrency>
<currency>EUR</currency>
<nickname>oreiasccp</nickname>
<gamecount>18</gamecount>
<startdate>2025-06-28 11:23:18</startdate>
<place>1</place>
<win>€10</win>
<tablesize>3</tablesize>
</general>
<game gamecode="11538715774"><general><startdate>2025-06-28 11:23:33</startdate>
<round>1</round>
<failsafecounter/>
<players><player seat="3" name="oreiasccp" chips="500" dealer="0" win="90" bet="500" muck="1" rebuy="0" addon="0" merge="0" rebuychips="0" reg_code="8393587459"/>
<player seat="6" name="Amigo2015" chips="500" dealer="1" win="0" bet="40" muck="1" rebuy="0" addon="0" merge="0" rebuychips="0" reg_code="8393587463"/>
<player seat="10" name="hideandseek123" chips="500" dealer="0" win="0" bet="10" muck="1" rebuy="0" addon="0" merge="0" rebuychips="0" reg_code="8393587502"/>
</players>
</general>
<round no="0"><action no="1" player="hideandseek123" type="1" discard="1" dealt="1" sum="10"/>
<action no="2" player="oreiasccp" type="2" sum="20"/>
</round>
<round no="1"><cards type="Pocket" player="hideandseek123">X X</cards>
<cards type="Pocket" player="Amigo2015">X X</cards>
<cards type="Pocket" player="oreiasccp">DQ DA</cards>
<action no="3" player="Amigo2015" type="23" discard="1" dealt="1" sum="40"/>
<action no="4" player="hideandseek123" type="0" discard="1" dealt="1" sum="0"/>
<action no="5" player="oreiasccp" type="23" sum="500"/>
<action no="6" player="Amigo2015" type="0" discard="1" dealt="1" sum="0"/>
</round>
</game>
<game gamecode="11538715826"><general><startdate>2025-06-28 11:23:50</startdate>
<round>1</round>
<failsafecounter/>
<players><player seat="6" name="Amigo2015" chips="460" dealer="0" win="0" bet="60" muck="1" rebuy="0" addon="0" merge="0" rebuychips="0" reg_code="8393587463"/>
<player seat="10" name="hideandseek123" chips="490" dealer="1" win="0" bet="0" muck="1" rebuy="0" addon="0" merge="0" rebuychips="0" reg_code="8393587502"/>
<player seat="3" name="oreiasccp" chips="550" dealer="0" win="120" bet="90" muck="1" rebuy="0" addon="0" merge="0" rebuychips="0" reg_code="8393587459"/>
</players>
</general>
<round no="0"><action no="1" player="oreiasccp" type="1" sum="10"/>
<action no="2" player="Amigo2015" type="2" discard="1" dealt="1" sum="20"/>
</round>
<round no="1"><cards type="Pocket" player="hideandseek123">X X</cards>
<cards type="Pocket" player="Amigo2015">X X</cards>
<cards type="Pocket" player="oreiasccp">DA CK</cards>
<action no="3" player="hideandseek123" type="0" discard="1" dealt="1" sum="0"/>
<action no="4" player="oreiasccp" type="23" sum="60"/>
<action no="5" player="Amigo2015" type="3" discard="1" dealt="1" sum="40"/>
</round>
<round no="2"><cards type="Flop">S10 SA H5</cards>
<action no="6" player="oreiasccp" type="5" sum="30"/>
<action no="7" player="Amigo2015" type="0" discard="1" dealt="1" sum="0"/>
</round>
</game>
<game gamecode="11538715878"><general><startdate>2025-06-28 11:24:06</startdate>
<round>1</round>
<failsafecounter/>
<players><player seat="10" name="hideandseek123" chips="490" dealer="0" win="0" bet="132" muck="1" rebuy="0" addon="0" merge="0" rebuychips="0" reg_code="8393587502"/>
<player seat="3" name="oreiasccp" chips="610" dealer="1" win="0" bet="0" muck="1" rebuy="0" addon="0" merge="0" rebuychips="0" reg_code="8393587459"/>
<player seat="6" name="Amigo2015" chips="400" dealer="0" win="264" bet="219" muck="1" rebuy="0" addon="0" merge="0" rebuychips="0" reg_code="8393587463"/>
</players>
</general>
<round no="0"><action no="1" player="Amigo2015" type="1" discard="1" dealt="1" sum="10"/>
<action no="2" player="hideandseek123" type="2" discard="1" dealt="1" sum="20"/>
</round>
<round no="1"><cards type="Pocket" player="hideandseek123">X X</cards>
<cards type="Pocket" player="oreiasccp">S6 C9</cards>
<cards type="Pocket" player="Amigo2015">X X</cards>
<action no="3" player="oreiasccp" type="0" sum="0"/>
<action no="4" player="Amigo2015" type="23" discard="1" dealt="1" sum="40"/>
<action no="5" player="hideandseek123" type="3" discard="1" dealt="1" sum="20"/>
</round>
<round no="2"><cards type="Flop">S4 HQ SQ</cards>
<action no="6" player="Amigo2015" type="5" discard="1" dealt="1" sum="32"/>
<action no="7" player="hideandseek123" type="3" discard="1" dealt="1" sum="32"/>
</round>
<round no="3"><cards type="Turn">S3</cards>
<action no="8" player="Amigo2015" type="4" discard="1" dealt="1" sum="0"/>
<action no="9" player="hideandseek123" type="5" discard="1" dealt="1" sum="60"/>
<action no="10" player="Amigo2015" type="3" discard="1" dealt="1" sum="60"/>
</round>
<round no="4"><cards type="River">H9</cards>
<action no="11" player="Amigo2015" type="5" discard="1" dealt="1" sum="87"/>
<action no="12" player="hideandseek123" type="0" discard="1" dealt="1" sum="0"/>
</round>
</game>
<game gamecode="11538716006"><general><startdate>2025-06-28 11:24:39</startdate>
<round>1</round>
<failsafecounter/>
<players><player seat="3" name="oreiasccp" chips="610" dealer="0" win="0" bet="20" muck="1" rebuy="0" addon="0" merge="0" rebuychips="0" reg_code="8393587459"/>
<player seat="6" name="Amigo2015" chips="532" dealer="1" win="180" bet="160" muck="1" rebuy="0" addon="0" merge="0" rebuychips="0" reg_code="8393587463"/>
<player seat="10" name="hideandseek123" chips="358" dealer="0" win="0" bet="80" muck="1" rebuy="0" addon="0" merge="0" rebuychips="0" reg_code="8393587502"/>
</players>
</general>
<round no="0"><action no="1" player="hideandseek123" type="1" discard="1" dealt="1" sum="10"/>
<action no="2" player="oreiasccp" type="2" sum="20"/>
</round>
<round no="1"><cards type="Pocket" player="hideandseek123">X X</cards>
<cards type="Pocket" player="oreiasccp">C9 D5</cards>
<cards type="Pocket" player="Amigo2015">X X</cards>
<action no="3" player="Amigo2015" type="23" discard="1" dealt="1" sum="40"/>
<action no="4" player="hideandseek123" type="3" discard="1" dealt="1" sum="30"/>
<action no="5" player="oreiasccp" type="0" sum="0"/>
</round>
<round no="2"><cards type="Flop">HK H5 CA</cards>
<action no="6" player="hideandseek123" type="4" discard="1" dealt="1" sum="0"/>
<action no="7" player="Amigo2015" type="5" discard="1" dealt="1" sum="40"/>
<action no="8" player="hideandseek123" type="3" discard="1" dealt="1" sum="40"/>
</round>
<round no="3"><cards type="Turn">CJ</cards>
<action no="9" player="hideandseek123" type="4" discard="1" dealt="1" sum="0"/>
<action no="10" player="Amigo2015" type="5" discard="1" dealt="1" sum="80"/>
<action no="11" player="hideandseek123" type="0" discard="1" dealt="1" sum="0"/>
</round>
</game>
<game gamecode="11538716118"><general><startdate>2025-06-28 11:25:06</startdate>
<round>1</round>
<failsafecounter/>
<players><player seat="6" name="Amigo2015" chips="632" dealer="0" win="20" bet="20" muck="1" rebuy="0" addon="0" merge="0" rebuychips="0" reg_code="8393587463"/>
<player seat="10" name="hideandseek123" chips="278" dealer="1" win="0" bet="0" muck="1" rebuy="0" addon="0" merge="0" rebuychips="0" reg_code="8393587502"/>
<player seat="3" name="oreiasccp" chips="590" dealer="0" win="0" bet="10" muck="1" rebuy="0" addon="0" merge="0" rebuychips="0" reg_code="8393587459"/>
</players>
</general>
<round no="0"><action no="1" player="oreiasccp" type="1" sum="10"/>
<action no="2" player="Amigo2015" type="2" discard="1" dealt="1" sum="20"/>
</round>
<round no="1"><cards type="Pocket" player="oreiasccp">S9 D4</cards>
<cards type="Pocket" player="Amigo2015">X X</cards>
<cards type="Pocket" player="hideandseek123">X X</cards>
<action no="3" player="hideandseek123" type="0" discard="1" dealt="1" sum="0"/>
<action no="4" player="oreiasccp" type="0" sum="0"/>
</round>
</game>
<game gamecode="11538716153"><general><startdate>2025-06-28 11:25:15</startdate>
<round>1</round>
<failsafecounter/>
<players><player seat="10" name="hideandseek123" chips="278" dealer="0" win="20" bet="20" muck="1" rebuy="0" addon="0" merge="0" rebuychips="0" reg_code="8393587502"/>
<player seat="3" name="oreiasccp" chips="580" dealer="1" win="0" bet="0" muck="1" rebuy="0" addon="0" merge="0" rebuychips="0" reg_code="8393587459"/>
<player seat="6" name="Amigo2015" chips="642" dealer="0" win="0" bet="10" muck="1" rebuy="0" addon="0" merge="0" rebuychips="0" reg_code="8393587463"/>
</players>
</general>
<round no="0"><action no="1" player="Amigo2015" type="1" discard="1" dealt="1" sum="10"/>
<action no="2" player="hideandseek123" type="2" discard="1" dealt="1" sum="20"/>
</round>
<round no="1"><cards type="Pocket" player="oreiasccp">D3 H5</cards>
<cards type="Pocket" player="hideandseek123">X X</cards>
<cards type="Pocket" player="Amigo2015">X X</cards>
<action no="3" player="oreiasccp" type="0" sum="0"/>
<action no="4" player="Amigo2015" type="0" discard="1" dealt="1" sum="0"/>
</round>
</game>
<game gamecode="11538716204"><general><startdate>2025-06-28 11:25:24</startdate>
<round>1</round>
<failsafecounter/>
<players><player seat="3" name="oreiasccp" chips="580" dealer="0" win="0" bet="20" muck="1" rebuy="0" addon="0" merge="0" rebuychips="0" reg_code="8393587459"/>
<player seat="6" name="Amigo2015" chips="632" dealer="1" win="0" bet="73" muck="1" rebuy="0" addon="0" merge="0" rebuychips="0" reg_code="8393587463"/>
<player seat="10" name="hideandseek123" chips="288" dealer="0" win="166" bet="288" muck="1" rebuy="0" addon="0" merge="0" rebuychips="0" reg_code="8393587502"/>
</players>
</general>
<round no="0"><action no="1" player="hideandseek123" type="1" discard="1" dealt="1" sum="10"/>
<action no="2" player="oreiasccp" type="2" sum="20"/>
</round>
<round no="1"><cards type="Pocket" player="hideandseek123">X X</cards>
<cards type="Pocket" player="Amigo2015">X X</cards>
<cards type="Pocket" player="oreiasccp">C5 DJ</cards>
<action no="3" player="Amigo2015" type="23" discard="1" dealt="1" sum="40"/>
<action no="4" player="hideandseek123" type="3" discard="1" dealt="1" sum="30"/>
<action no="5" player="oreiasccp" type="0" sum="0"/>
</round>
<round no="2"><cards type="Flop">C3 S7 H5</cards>
<action no="6" player="hideandseek123" type="4" discard="1" dealt="1" sum="0"/>
<action no="7" player="Amigo2015" type="5" discard="1" dealt="1" sum="33"/>
<action no="8" player="hideandseek123" type="23" discard="1" dealt="1" sum="248"/>
<action no="9" player="Amigo2015" type="0" discard="1" dealt="1" sum="0"/>
</round>
</game>
<game gamecode="11538716301"><general><startdate>2025-06-28 11:25:48</startdate>
<round>1</round>
<failsafecounter/>
<players><player seat="6" name="Amigo2015" chips="559" dealer="0" win="0" bet="35" muck="1" rebuy="0" addon="0" merge="0" rebuychips="0" reg_code="8393587463"/>
<player seat="10" name="hideandseek123" chips="381" dealer="1" win="0" bet="35" muck="1" rebuy="0" addon="0" merge="0" rebuychips="0" reg_code="8393587502"/>
<player seat="3" name="oreiasccp" chips="560" dealer="0" win="105" bet="559" muck="1" rebuy="0" addon="0" merge="0" rebuychips="0" reg_code="8393587459"/>
</players>
</general>
<round no="0"><action no="1" player="oreiasccp" type="15" sum="5"/>
<action no="2" player="Amigo2015" type="15" discard="1" dealt="1" sum="5"/>
<action no="3" player="hideandseek123" type="15" discard="1" dealt="1" sum="5"/>
<action no="4" player="oreiasccp" type="1" sum="15"/>
<action no="5" player="Amigo2015" type="2" discard="1" dealt="1" sum="30"/>
</round>
<round no="1"><cards type="Pocket" player="hideandseek123">X X</cards>
<cards type="Pocket" player="Amigo2015">X X</cards>
<cards type="Pocket" player="oreiasccp">DA H4</cards>
<action no="6" player="hideandseek123" type="3" discard="1" dealt="1" sum="30"/>
<action no="7" player="oreiasccp" type="23" sum="554"/>
<action no="8" player="Amigo2015" type="0" discard="1" dealt="1" sum="0"/>
<action no="9" player="hideandseek123" type="0" discard="1" dealt="1" sum="0"/>
</round>
</game>
<game gamecode="11538716351"><general><startdate>2025-06-28 11:26:00</startdate>
<round>1</round>
<failsafecounter/>
<players><player seat="10" name="hideandseek123" chips="346" dealer="0" win="0" bet="35" muck="1" rebuy="0" addon="0" merge="0" rebuychips="0" reg_code="8393587502"/>
<player seat="3" name="oreiasccp" chips="630" dealer="1" win="0" bet="5" muck="1" rebuy="0" addon="0" merge="0" rebuychips="0" reg_code="8393587459"/>
<player seat="6" name="Amigo2015" chips="524" dealer="0" win="75" bet="193" muck="1" rebuy="0" addon="0" merge="0" rebuychips="0" reg_code="8393587463"/>
</players>
</general>
<round no="0"><action no="1" player="Amigo2015" type="15" discard="1" dealt="1" sum="5"/>
<action no="2" player="hideandseek123" type="15" discard="1" dealt="1" sum="5"/>
<action no="3" player="oreiasccp" type="15" sum="5"/>
<action no="4" player="Amigo2015" type="1" discard="1" dealt="1" sum="15"/>
<action no="5" player="hideandseek123" type="2" discard="1" dealt="1" sum="30"/>
</round>
<round no="1"><cards type="Pocket" player="hideandseek123">X X</cards>
<cards type="Pocket" player="oreiasccp">H7 C10</cards>
<cards type="Pocket" player="Amigo2015">X X</cards>
<action no="6" player="oreiasccp" type="0" sum="0"/>
<action no="7" player="Amigo2015" type="23" discard="1" dealt="1" sum="188"/>
<action no="8" player="hideandseek123" type="0" discard="1" dealt="1" sum="0"/>
</round>
</game>
<game gamecode="11538716395"><general><startdate>2025-06-28 11:26:10</startdate>
<round>1</round>
<failsafecounter/>
<players><player seat="3" name="oreiasccp" chips="625" dealer="0" win="0" bet="35" muck="1" rebuy="0" addon="0" merge="0" rebuychips="0" reg_code="8393587459"/>
<player seat="6" name="Amigo2015" chips="564" dealer="1" win="0" bet="5" muck="1" rebuy="0" addon="0" merge="0" rebuychips="0" reg_code="8393587463"/>
<player seat="10" name="hideandseek123" chips="311" dealer="0" win="75" bet="311" muck="1" rebuy="0" addon="0" merge="0" rebuychips="0" reg_code="8393587502"/>
</players>
</general>
<round no="0"><action no="1" player="hideandseek123" type="15" discard="1" dealt="1" sum="5"/>
<action no="2" player="oreiasccp" type="15" sum="5"/>
<action no="3" player="Amigo2015" type="15" discard="1" dealt="1" sum="5"/>
<action no="4" player="hideandseek123" type="1" discard="1" dealt="1" sum="15"/>
<action no="5" player="oreiasccp" type="2" sum="30"/>
</round>
<round no="1"><cards type="Pocket" player="Amigo2015">X X</cards>
<cards type="Pocket" player="hideandseek123">X X</cards>
<cards type="Pocket" player="oreiasccp">HJ D6</cards>
<action no="6" player="Amigo2015" type="0" discard="1" dealt="1" sum="0"/>
<action no="7" player="hideandseek123" type="23" discard="1" dealt="1" sum="306"/>
<action no="8" player="oreiasccp" type="0" sum="0"/>
</round>
</game>
<game gamecode="11538716454"><general><startdate>2025-06-28 11:26:23</startdate>
<round>1</round>
<failsafecounter/>
<players><player seat="6" name="Amigo2015" chips="559" dealer="0" win="0" bet="35" muck="1" rebuy="0" addon="0" merge="0" rebuychips="0" reg_code="8393587463"/>
<player seat="10" name="hideandseek123" chips="351" dealer="1" win="90" bet="65" muck="1" rebuy="0" addon="0" merge="0" rebuychips="0" reg_code="8393587502"/>
<player seat="3" name="oreiasccp" chips="590" dealer="0" win="0" bet="20" muck="1" rebuy="0" addon="0" merge="0" rebuychips="0" reg_code="8393587459"/>
</players>
</general>
<round no="0"><action no="1" player="oreiasccp" type="15" sum="5"/>
<action no="2" player="Amigo2015" type="15" discard="1" dealt="1" sum="5"/>
<action no="3" player="hideandseek123" type="15" discard="1" dealt="1" sum="5"/>
<action no="4" player="oreiasccp" type="1" sum="15"/>
<action no="5" player="Amigo2015" type="2" discard="1" dealt="1" sum="30"/>
</round>
<round no="1"><cards type="Pocket" player="Amigo2015">X X</cards>
<cards type="Pocket" player="oreiasccp">S6 C10</cards>
<cards type="Pocket" player="hideandseek123">X X</cards>
<action no="6" player="hideandseek123" type="23" discard="1" dealt="1" sum="60"/>
<action no="7" player="oreiasccp" type="0" sum="0"/>
<action no="8" player="Amigo2015" type="0" discard="1" dealt="1" sum="0"/>
</round>
</game>
<game gamecode="11538716486"><general><startdate>2025-06-28 11:26:34</startdate>
<round>1</round>
<failsafecounter/>
<players><player seat="10" name="hideandseek123" chips="406" dealer="0" win="0" bet="35" muck="1" rebuy="0" addon="0" merge="0" rebuychips="0" reg_code="8393587502"/>
<player seat="3" name="oreiasccp" chips="570" dealer="1" win="90" bet="65" muck="1" rebuy="0" addon="0" merge="0" rebuychips="0" reg_code="8393587459"/>
<player seat="6" name="Amigo2015" chips="524" dealer="0" win="0" bet="20" muck="1" rebuy="0" addon="0" merge="0" rebuychips="0" reg_code="8393587463"/>
</players>
</general>
<round no="0"><action no="1" player="Amigo2015" type="15" discard="1" dealt="1" sum="5"/>
<action no="2" player="hideandseek123" type="15" discard="1" dealt="1" sum="5"/>
<action no="3" player="oreiasccp" type="15" sum="5"/>
<action no="4" player="Amigo2015" type="1" discard="1" dealt="1" sum="15"/>
<action no="5" player="hideandseek123" type="2" discard="1" dealt="1" sum="30"/>
</round>
<round no="1"><cards type="Pocket" player="oreiasccp">SK SA</cards>
<cards type="Pocket" player="Amigo2015">X X</cards>
<cards type="Pocket" player="hideandseek123">X X</cards>
<action no="6" player="oreiasccp" type="23" sum="60"/>
<action no="7" player="Amigo2015" type="0" discard="1" dealt="1" sum="0"/>
<action no="8" player="hideandseek123" type="0" discard="1" dealt="1" sum="0"/>
</round>
</game>
<game gamecode="11538716540"><general><startdate>2025-06-28 11:26:45</startdate>
<round>1</round>
<failsafecounter/>
<players><player seat="3" name="oreiasccp" chips="625" dealer="0" win="0" bet="65" muck="1" rebuy="0" addon="0" merge="0" rebuychips="0" reg_code="8393587459"/>
<player seat="6" name="Amigo2015" chips="504" dealer="1" win="150" bet="125" muck="1" rebuy="0" addon="0" merge="0" rebuychips="0" reg_code="8393587463"/>
<player seat="10" name="hideandseek123" chips="371" dealer="0" win="0" bet="20" muck="1" rebuy="0" addon="0" merge="0" rebuychips="0" reg_code="8393587502"/>
</players>
</general>
<round no="0"><action no="1" player="hideandseek123" type="15" discard="1" dealt="1" sum="5"/>
<action no="2" player="oreiasccp" type="15" sum="5"/>
<action no="3" player="Amigo2015" type="15" discard="1" dealt="1" sum="5"/>
<action no="4" player="hideandseek123" type="1" discard="1" dealt="1" sum="15"/>
<action no="5" player="oreiasccp" type="2" sum="30"/>
</round>
<round no="1"><cards type="Pocket" player="hideandseek123">X X</cards>
<cards type="Pocket" player="oreiasccp">H7 DK</cards>
<cards type="Pocket" player="Amigo2015">X X</cards>
<action no="6" player="Amigo2015" type="23" discard="1" dealt="1" sum="60"/>
<action no="7" player="hideandseek123" type="0" discard="1" dealt="1" sum="0"/>
<action no="8" player="oreiasccp" type="3" sum="30"/>
</round>
<round no="2"><cards type="Flop">C4 C2 SQ</cards>
<action no="9" player="oreiasccp" type="4" sum="0"/>
<action no="10" player="Amigo2015" type="5" discard="1" dealt="1" sum="60"/>
<action no="11" player="oreiasccp" type="0" sum="0"/>
</round>
</game>
<game gamecode="11538716613"><general><startdate>2025-06-28 11:27:05</startdate>
<round>1</round>
<failsafecounter/>
<players><player seat="6" name="Amigo2015" chips="589" dealer="0" win="45" bet="35" muck="1" rebuy="0" addon="0" merge="0" rebuychips="0" reg_code="8393587463"/>
<player seat="10" name="hideandseek123" chips="351" dealer="1" win="0" bet="5" muck="1" rebuy="0" addon="0" merge="0" rebuychips="0" reg_code="8393587502"/>
<player seat="3" name="oreiasccp" chips="560" dealer="0" win="0" bet="20" muck="1" rebuy="0" addon="0" merge="0" rebuychips="0" reg_code="8393587459"/>
</players>
</general>
<round no="0"><action no="1" player="oreiasccp" type="15" sum="5"/>
<action no="2" player="Amigo2015" type="15" discard="1" dealt="1" sum="5"/>
<action no="3" player="hideandseek123" type="15" discard="1" dealt="1" sum="5"/>
<action no="4" player="oreiasccp" type="1" sum="15"/>
<action no="5" player="Amigo2015" type="2" discard="1" dealt="1" sum="30"/>
</round>
<round no="1"><cards type="Pocket" player="Amigo2015">X X</cards>
<cards type="Pocket" player="oreiasccp">H3 S4</cards>
<cards type="Pocket" player="hideandseek123">X X</cards>
<action no="6" player="hideandseek123" type="0" discard="1" dealt="1" sum="0"/>
<action no="7" player="oreiasccp" type="0" sum="0"/>
</round>
</game>
<game gamecode="11538716667"><general><startdate>2025-06-28 11:27:16</startdate>
<round>1</round>
<failsafecounter/>
<players><player seat="10" name="hideandseek123" chips="346" dealer="0" win="45" bet="35" muck="1" rebuy="0" addon="0" merge="0" rebuychips="0" reg_code="8393587502"/>
<player seat="3" name="oreiasccp" chips="540" dealer="1" win="0" bet="5" muck="1" rebuy="0" addon="0" merge="0" rebuychips="0" reg_code="8393587459"/>
<player seat="6" name="Amigo2015" chips="614" dealer="0" win="0" bet="20" muck="1" rebuy="0" addon="0" merge="0" rebuychips="0" reg_code="8393587463"/>
</players>
</general>
<round no="0"><action no="1" player="Amigo2015" type="15" discard="1" dealt="1" sum="5"/>
<action no="2" player="hideandseek123" type="15" discard="1" dealt="1" sum="5"/>
<action no="3" player="oreiasccp" type="15" sum="5"/>
<action no="4" player="Amigo2015" type="1" discard="1" dealt="1" sum="15"/>
<action no="5" player="hideandseek123" type="2" discard="1" dealt="1" sum="30"/>
</round>
<round no="1"><cards type="Pocket" player="hideandseek123">X X</cards>
<cards type="Pocket" player="Amigo2015">X X</cards>
<cards type="Pocket" player="oreiasccp">DJ C8</cards>
<action no="6" player="oreiasccp" type="0" sum="0"/>
<action no="7" player="Amigo2015" type="0" discard="1" dealt="1" sum="0"/>
</round>
</game>
<game gamecode="11538716687"><general><startdate>2025-06-28 11:27:23</startdate>
<round>1</round>
<failsafecounter/>
<players><player seat="3" name="oreiasccp" chips="535" dealer="0" win="45" bet="35" muck="1" rebuy="0" addon="0" merge="0" rebuychips="0" reg_code="8393587459"/>
<player seat="6" name="Amigo2015" chips="594" dealer="1" win="0" bet="5" muck="1" rebuy="0" addon="0" merge="0" rebuychips="0" reg_code="8393587463"/>
<player seat="10" name="hideandseek123" chips="371" dealer="0" win="0" bet="20" muck="1" rebuy="0" addon="0" merge="0" rebuychips="0" reg_code="8393587502"/>
</players>
</general>
<round no="0"><action no="1" player="hideandseek123" type="15" discard="1" dealt="1" sum="5"/>
<action no="2" player="oreiasccp" type="15" sum="5"/>
<action no="3" player="Amigo2015" type="15" discard="1" dealt="1" sum="5"/>
<action no="4" player="hideandseek123" type="1" discard="1" dealt="1" sum="15"/>
<action no="5" player="oreiasccp" type="2" sum="30"/>
</round>
<round no="1"><cards type="Pocket" player="hideandseek123">X X</cards>
<cards type="Pocket" player="oreiasccp">S3 H7</cards>
<cards type="Pocket" player="Amigo2015">X X</cards>
<action no="6" player="Amigo2015" type="0" discard="1" dealt="1" sum="0"/>
<action no="7" player="hideandseek123" type="0" discard="1" dealt="1" sum="0"/>
</round>
</game>
<game gamecode="11538716721"><general><startdate>2025-06-28 11:27:32</startdate>
<round>1</round>
<failsafecounter/>
<players><player seat="6" name="Amigo2015" chips="589" dealer="0" win="0" bet="45" muck="1" rebuy="0" addon="0" merge="0" rebuychips="0" reg_code="8393587463"/>
<player seat="10" name="hideandseek123" chips="351" dealer="1" win="0" bet="351" muck="0" rebuy="0" addon="0" merge="0" rebuychips="0" reg_code="8393587502"/>
<player seat="3" name="oreiasccp" chips="560" dealer="0" win="747" bet="560" muck="0" rebuy="0" addon="0" merge="0" rebuychips="0" reg_code="8393587459"/>
</players>
</general>
<round no="0"><action no="1" player="oreiasccp" type="15" sum="5"/>
<action no="2" player="Amigo2015" type="15" discard="1" dealt="1" sum="5"/>
<action no="3" player="hideandseek123" type="15" discard="1" dealt="1" sum="5"/>
<action no="4" player="oreiasccp" type="1" sum="20"/>
<action no="5" player="Amigo2015" type="2" discard="1" dealt="1" sum="40"/>
</round>
<round no="1"><cards type="Pocket" player="Amigo2015">X X</cards>
<cards type="Pocket" player="oreiasccp">D7 H7</cards>
<cards type="Pocket" player="hideandseek123">CQ SA</cards>
<action no="6" player="hideandseek123" type="23" discard="1" dealt="1" sum="120"/>
<action no="7" player="oreiasccp" type="23" sum="555"/>
<action no="8" player="Amigo2015" type="0" discard="1" dealt="1" sum="0"/>
<action no="9" player="hideandseek123" type="7" discard="1" dealt="1" sum="226"/>
</round>
<round no="2"><cards type="Flop">D10 D6 S8</cards>
</round>
<round no="3"><cards type="Turn">SJ</cards>
</round>
<round no="4"><cards type="River">DJ</cards>
</round>
</game>
<game gamecode="11538716800"><general><startdate>2025-06-28 11:27:52</startdate>
<round>1</round>
<failsafecounter/>
<players><player seat="6" name="Amigo2015" chips="544" dealer="0" win="0" bet="544" muck="1" rebuy="0" addon="0" merge="0" rebuychips="0" reg_code="8393587463"/>
<player seat="3" name="oreiasccp" chips="956" dealer="1" win="1,088" bet="956" muck="0" rebuy="0" addon="0" merge="0" rebuychips="0" reg_code="8393587459"/>
</players>
</general>
<round no="0"><action no="1" player="oreiasccp" type="15" sum="5"/>
<action no="2" player="Amigo2015" type="15" discard="1" dealt="1" sum="5"/>
<action no="3" player="oreiasccp" type="1" sum="20"/>
<action no="4" player="Amigo2015" type="2" discard="1" dealt="1" sum="40"/>
</round>
<round no="1"><cards type="Pocket" player="oreiasccp">H7 S7</cards>
<cards type="Pocket" player="Amigo2015">SA H2</cards>
<action no="5" player="oreiasccp" type="3" sum="20"/>
<action no="6" player="Amigo2015" type="23" discard="1" dealt="1" sum="296"/>
<action no="7" player="oreiasccp" type="23" sum="951"/>
<action no="8" player="Amigo2015" type="7" discard="1" dealt="1" sum="243"/>
</round>
<round no="2"><cards type="Flop">SK C2 H4</cards>
</round>
<round no="3"><cards type="Turn">S8</cards>
</round>
<round no="4"><cards type="River">DQ</cards>
</round>
</game>
</session>
