<?xml version="1.0" encoding="UTF-8"?>
<session sessioncode="8393510751">
<general>
<client_version>25.1.1.13</client_version>
<mode>real</mode>
<gametype>Holdem NL</gametype>
<tablename>Twister €5 SNG, 1128745149</tablename>
<tournamentcode>1128745148</tournamentcode>
<tournamentname>Twister €5 SNG</tournamentname>
<buyin>€0 + €0.35 + €4.65</buyin>
<totalbuyin>€5</totalbuyin>
<rewarddrawn>€25</rewarddrawn>
<tournamentcurrency>EUR</tournamentcurrency>
<currency>EUR</currency>
<nickname>oreiasccp</nickname>
<gamecount>23</gamecount>
<startdate>2025-06-28 07:04:02</startdate>
<place>2</place>
<win>€0</win>
<tablesize>3</tablesize>
</general>
<game gamecode="11538514875"><general><startdate>2025-06-28 07:04:17</startdate>
<round>1</round>
<failsafecounter/>
<players><player seat="10" name="beesecond543" chips="500" dealer="0" win="40" bet="60" muck="1" rebuy="0" addon="0" merge="0" rebuychips="0" reg_code="8393510891"/>
<player seat="3" name="oreiasccp" chips="500" dealer="1" win="0" bet="0" muck="1" rebuy="0" addon="0" merge="0" rebuychips="0" reg_code="8393510751"/>
<player seat="6" name="mojorisin6" chips="500" dealer="0" win="0" bet="20" muck="1" rebuy="0" addon="0" merge="0" rebuychips="0" reg_code="8393510883"/>
</players>
</general>
<round no="0"><action no="1" player="mojorisin6" type="1" discard="1" dealt="1" sum="10"/>
<action no="2" player="beesecond543" type="2" discard="1" dealt="1" sum="20"/>
</round>
<round no="1"><cards type="Pocket" player="oreiasccp">DK H3</cards>
<cards type="Pocket" player="beesecond543">X X</cards>
<cards type="Pocket" player="mojorisin6">X X</cards>
<action no="3" player="oreiasccp" type="0" sum="0"/>
<action no="4" player="mojorisin6" type="3" discard="1" dealt="1" sum="10"/>
<action no="5" player="beesecond543" type="23" discard="1" dealt="1" sum="60"/>
<action no="6" player="mojorisin6" type="0" discard="1" dealt="1" sum="0"/>
</round>
</game>
<game gamecode="11538514926"><general><startdate>2025-06-28 07:04:40</startdate>
<round>1</round>
<failsafecounter/>
<players><player seat="3" name="oreiasccp" chips="500" dealer="0" win="0" bet="20" muck="1" rebuy="0" addon="0" merge="0" rebuychips="0" reg_code="8393510751"/>
<player seat="6" name="mojorisin6" chips="480" dealer="1" win="980" bet="480" muck="0" rebuy="0" addon="0" merge="0" rebuychips="0" reg_code="8393510883"/>
<player seat="10" name="beesecond543" chips="520" dealer="0" win="0" bet="520" muck="1" rebuy="0" addon="0" merge="0" rebuychips="0" reg_code="8393510891"/>
</players>
</general>
<round no="0"><action no="1" player="beesecond543" type="1" discard="1" dealt="1" sum="10"/>
<action no="2" player="oreiasccp" type="2" sum="20"/>
</round>
<round no="1"><cards type="Pocket" player="mojorisin6">H8 C8</cards>
<cards type="Pocket" player="oreiasccp">H10 D2</cards>
<cards type="Pocket" player="beesecond543">S7 DA</cards>
<action no="3" player="mojorisin6" type="23" discard="1" dealt="1" sum="40"/>
<action no="4" player="beesecond543" type="23" discard="1" dealt="1" sum="520"/>
<action no="5" player="oreiasccp" type="0" sum="0"/>
<action no="6" player="mojorisin6" type="7" discard="1" dealt="1" sum="440"/>
</round>
<round no="2"><cards type="Flop">C4 H5 HQ</cards>
</round>
<round no="3"><cards type="Turn">S2</cards>
</round>
<round no="4"><cards type="River">CK</cards>
</round>
</game>
<game gamecode="11538514986"><general><startdate>2025-06-28 07:05:07</startdate>
<round>1</round>
<failsafecounter/>
<players><player seat="6" name="mojorisin6" chips="980" dealer="0" win="120" bet="126" muck="1" rebuy="0" addon="0" merge="0" rebuychips="0" reg_code="8393510883"/>
<player seat="10" name="beesecond543" chips="40" dealer="1" win="0" bet="0" muck="1" rebuy="0" addon="0" merge="0" rebuychips="0" reg_code="8393510891"/>
<player seat="3" name="oreiasccp" chips="480" dealer="0" win="0" bet="60" muck="1" rebuy="0" addon="0" merge="0" rebuychips="0" reg_code="8393510751"/>
</players>
</general>
<round no="0"><action no="1" player="oreiasccp" type="1" sum="10"/>
<action no="2" player="mojorisin6" type="2" discard="1" dealt="1" sum="20"/>
</round>
<round no="1"><cards type="Pocket" player="beesecond543">X X</cards>
<cards type="Pocket" player="oreiasccp">CK C8</cards>
<cards type="Pocket" player="mojorisin6">X X</cards>
<action no="3" player="beesecond543" type="0" discard="1" dealt="1" sum="0"/>
<action no="4" player="oreiasccp" type="23" sum="40"/>
<action no="5" player="mojorisin6" type="3" discard="1" dealt="1" sum="20"/>
</round>
<round no="2"><cards type="Flop">H5 S2 H6</cards>
<action no="6" player="oreiasccp" type="5" sum="20"/>
<action no="7" player="mojorisin6" type="23" discard="1" dealt="1" sum="86"/>
<action no="8" player="oreiasccp" type="0" sum="0"/>
</round>
</game>
<game gamecode="11538515082"><general><startdate>2025-06-28 07:05:45</startdate>
<round>1</round>
<failsafecounter/>
<players><player seat="10" name="beesecond543" chips="40" dealer="0" win="0" bet="40" muck="0" rebuy="0" addon="0" merge="0" rebuychips="0" reg_code="8393510891"/>
<player seat="3" name="oreiasccp" chips="420" dealer="1" win="90" bet="40" muck="0" rebuy="0" addon="0" merge="0" rebuychips="0" reg_code="8393510751"/>
<player seat="6" name="mojorisin6" chips="1,040" dealer="0" win="0" bet="10" muck="1" rebuy="0" addon="0" merge="0" rebuychips="0" reg_code="8393510883"/>
</players>
</general>
<round no="0"><action no="1" player="mojorisin6" type="1" discard="1" dealt="1" sum="10"/>
<action no="2" player="beesecond543" type="2" discard="1" dealt="1" sum="20"/>
</round>
<round no="1"><cards type="Pocket" player="mojorisin6">X X</cards>
<cards type="Pocket" player="beesecond543">HQ D5</cards>
<cards type="Pocket" player="oreiasccp">S10 HA</cards>
<action no="3" player="oreiasccp" type="23" sum="40"/>
<action no="4" player="mojorisin6" type="0" discard="1" dealt="1" sum="0"/>
<action no="5" player="beesecond543" type="7" discard="1" dealt="1" sum="20"/>
</round>
<round no="2"><cards type="Flop">C3 D6 SK</cards>
</round>
<round no="3"><cards type="Turn">H7</cards>
</round>
<round no="4"><cards type="River">S3</cards>
</round>
</game>
<game gamecode="11538515119"><general><startdate>2025-06-28 07:06:03</startdate>
<round>1</round>
<failsafecounter/>
<players><player seat="3" name="oreiasccp" chips="470" dealer="0" win="0" bet="20" muck="1" rebuy="0" addon="0" merge="0" rebuychips="0" reg_code="8393510751"/>
<player seat="6" name="mojorisin6" chips="1,030" dealer="1" win="40" bet="40" muck="1" rebuy="0" addon="0" merge="0" rebuychips="0" reg_code="8393510883"/>
</players>
</general>
<round no="0"><action no="1" player="mojorisin6" type="1" discard="1" dealt="1" sum="10"/>
<action no="2" player="oreiasccp" type="2" sum="20"/>
</round>
<round no="1"><cards type="Pocket" player="mojorisin6">X X</cards>
<cards type="Pocket" player="oreiasccp">CQ S6</cards>
<action no="3" player="mojorisin6" type="3" discard="1" dealt="1" sum="10"/>
<action no="4" player="oreiasccp" type="4" sum="0"/>
</round>
<round no="2"><cards type="Flop">D3 CJ H9</cards>
<action no="5" player="oreiasccp" type="4" sum="0"/>
<action no="6" player="mojorisin6" type="5" discard="1" dealt="1" sum="20"/>
<action no="7" player="oreiasccp" type="0" sum="0"/>
</round>
</game>
<game gamecode="11538515174"><general><startdate>2025-06-28 07:06:25</startdate>
<round>1</round>
<failsafecounter/>
<players><player seat="6" name="mojorisin6" chips="1,050" dealer="0" win="70" bet="86" muck="1" rebuy="0" addon="0" merge="0" rebuychips="0" reg_code="8393510883"/>
<player seat="3" name="oreiasccp" chips="450" dealer="1" win="0" bet="35" muck="1" rebuy="0" addon="0" merge="0" rebuychips="0" reg_code="8393510751"/>
</players>
</general>
<round no="0"><action no="1" player="oreiasccp" type="15" sum="5"/>
<action no="2" player="mojorisin6" type="15" discard="1" dealt="1" sum="5"/>
<action no="3" player="oreiasccp" type="1" sum="15"/>
<action no="4" player="mojorisin6" type="2" discard="1" dealt="1" sum="30"/>
</round>
<round no="1"><cards type="Pocket" player="mojorisin6">X X</cards>
<cards type="Pocket" player="oreiasccp">HK DJ</cards>
<action no="5" player="oreiasccp" type="3" sum="15"/>
<action no="6" player="mojorisin6" type="4" discard="1" dealt="1" sum="0"/>
</round>
<round no="2"><cards type="Flop">H5 D3 H10</cards>
<action no="7" player="mojorisin6" type="4" discard="1" dealt="1" sum="0"/>
<action no="8" player="oreiasccp" type="4" sum="0"/>
</round>
<round no="3"><cards type="Turn">S4</cards>
<action no="9" player="mojorisin6" type="4" discard="1" dealt="1" sum="0"/>
<action no="10" player="oreiasccp" type="4" sum="0"/>
</round>
<round no="4"><cards type="River">C9</cards>
<action no="11" player="mojorisin6" type="5" discard="1" dealt="1" sum="51"/>
<action no="12" player="oreiasccp" type="0" sum="0"/>
</round>
</game>
<game gamecode="11538518692"><general><startdate>2025-06-28 07:07:03</startdate>
<round>1</round>
<failsafecounter/>
<players><player seat="3" name="oreiasccp" chips="415" dealer="0" win="70" bet="415" muck="1" rebuy="0" addon="0" merge="0" rebuychips="0" reg_code="8393510751"/>
<player seat="6" name="mojorisin6" chips="1,085" dealer="1" win="0" bet="35" muck="1" rebuy="0" addon="0" merge="0" rebuychips="0" reg_code="8393510883"/>
</players>
</general>
<round no="0"><action no="1" player="mojorisin6" type="15" discard="1" dealt="1" sum="5"/>
<action no="2" player="oreiasccp" type="15" sum="5"/>
<action no="3" player="mojorisin6" type="1" discard="1" dealt="1" sum="15"/>
<action no="4" player="oreiasccp" type="2" sum="30"/>
</round>
<round no="1"><cards type="Pocket" player="mojorisin6">X X</cards>
<cards type="Pocket" player="oreiasccp">S2 SA</cards>
<action no="5" player="mojorisin6" type="3" discard="1" dealt="1" sum="15"/>
<action no="6" player="oreiasccp" type="23" sum="410"/>
<action no="7" player="mojorisin6" type="0" discard="1" dealt="1" sum="0"/>
</round>
</game>
<game gamecode="11538518733"><general><startdate>2025-06-28 07:07:17</startdate>
<round>1</round>
<failsafecounter/>
<players><player seat="6" name="mojorisin6" chips="1,050" dealer="0" win="0" bet="35" muck="1" rebuy="0" addon="0" merge="0" rebuychips="0" reg_code="8393510883"/>
<player seat="3" name="oreiasccp" chips="450" dealer="1" win="70" bet="450" muck="1" rebuy="0" addon="0" merge="0" rebuychips="0" reg_code="8393510751"/>
</players>
</general>
<round no="0"><action no="1" player="oreiasccp" type="15" sum="5"/>
<action no="2" player="mojorisin6" type="15" discard="1" dealt="1" sum="5"/>
<action no="3" player="oreiasccp" type="1" sum="15"/>
<action no="4" player="mojorisin6" type="2" discard="1" dealt="1" sum="30"/>
</round>
<round no="1"><cards type="Pocket" player="oreiasccp">HA D4</cards>
<cards type="Pocket" player="mojorisin6">X X</cards>
<action no="5" player="oreiasccp" type="23" sum="445"/>
<action no="6" player="mojorisin6" type="0" discard="1" dealt="1" sum="0"/>
</round>
</game>
<game gamecode="11538518757"><general><startdate>2025-06-28 07:07:26</startdate>
<round>1</round>
<failsafecounter/>
<players><player seat="3" name="oreiasccp" chips="485" dealer="0" win="370" bet="485" muck="1" rebuy="0" addon="0" merge="0" rebuychips="0" reg_code="8393510751"/>
<player seat="6" name="mojorisin6" chips="1,015" dealer="1" win="0" bet="185" muck="1" rebuy="0" addon="0" merge="0" rebuychips="0" reg_code="8393510883"/>
</players>
</general>
<round no="0"><action no="1" player="mojorisin6" type="15" discard="1" dealt="1" sum="5"/>
<action no="2" player="oreiasccp" type="15" sum="5"/>
<action no="3" player="mojorisin6" type="1" discard="1" dealt="1" sum="15"/>
<action no="4" player="oreiasccp" type="2" sum="30"/>
</round>
<round no="1"><cards type="Pocket" player="mojorisin6">X X</cards>
<cards type="Pocket" player="oreiasccp">H2 S10</cards>
<action no="5" player="mojorisin6" type="3" discard="1" dealt="1" sum="15"/>
<action no="6" player="oreiasccp" type="4" sum="0"/>
</round>
<round no="2"><cards type="Flop">S2 C10 D5</cards>
<action no="7" player="oreiasccp" type="4" sum="0"/>
<action no="8" player="mojorisin6" type="5" discard="1" dealt="1" sum="30"/>
<action no="9" player="oreiasccp" type="23" sum="75"/>
<action no="10" player="mojorisin6" type="23" discard="1" dealt="1" sum="150"/>
<action no="11" player="oreiasccp" type="3" sum="75"/>
</round>
<round no="3"><cards type="Turn">HQ</cards>
<action no="12" player="oreiasccp" type="4" sum="0"/>
<action no="13" player="mojorisin6" type="4" discard="1" dealt="1" sum="0"/>
</round>
<round no="4"><cards type="River">C6</cards>
<action no="14" player="oreiasccp" type="5" sum="300"/>
<action no="15" player="mojorisin6" type="0" discard="1" dealt="1" sum="0"/>
</round>
</game>
<game gamecode="11538518945"><general><startdate>2025-06-28 07:08:48</startdate>
<round>1</round>
<failsafecounter/>
<players><player seat="6" name="mojorisin6" chips="830" dealer="0" win="0" bet="45" muck="1" rebuy="0" addon="0" merge="0" rebuychips="0" reg_code="8393510883"/>
<player seat="3" name="oreiasccp" chips="670" dealer="1" win="90" bet="85" muck="1" rebuy="0" addon="0" merge="0" rebuychips="0" reg_code="8393510751"/>
</players>
</general>
<round no="0"><action no="1" player="oreiasccp" type="15" sum="5"/>
<action no="2" player="mojorisin6" type="15" discard="1" dealt="1" sum="5"/>
<action no="3" player="oreiasccp" type="1" sum="20"/>
<action no="4" player="mojorisin6" type="2" discard="1" dealt="1" sum="40"/>
</round>
<round no="1"><cards type="Pocket" player="mojorisin6">X X</cards>
<cards type="Pocket" player="oreiasccp">DA CK</cards>
<action no="5" player="oreiasccp" type="23" sum="80"/>
<action no="6" player="mojorisin6" type="0" discard="1" dealt="1" sum="0"/>
</round>
</game>
<game gamecode="11538518971"><general><startdate>2025-06-28 07:08:59</startdate>
<round>1</round>
<failsafecounter/>
<players><player seat="3" name="oreiasccp" chips="715" dealer="0" win="0" bet="45" muck="1" rebuy="0" addon="0" merge="0" rebuychips="0" reg_code="8393510751"/>
<player seat="6" name="mojorisin6" chips="785" dealer="1" win="90" bet="85" muck="1" rebuy="0" addon="0" merge="0" rebuychips="0" reg_code="8393510883"/>
</players>
</general>
<round no="0"><action no="1" player="mojorisin6" type="15" discard="1" dealt="1" sum="5"/>
<action no="2" player="oreiasccp" type="15" sum="5"/>
<action no="3" player="mojorisin6" type="1" discard="1" dealt="1" sum="20"/>
<action no="4" player="oreiasccp" type="2" sum="40"/>
</round>
<round no="1"><cards type="Pocket" player="mojorisin6">X X</cards>
<cards type="Pocket" player="oreiasccp">H7 C9</cards>
<action no="5" player="mojorisin6" type="3" discard="1" dealt="1" sum="20"/>
<action no="6" player="oreiasccp" type="4" sum="0"/>
</round>
<round no="2"><cards type="Flop">SJ D3 D2</cards>
<action no="7" player="oreiasccp" type="4" sum="0"/>
<action no="8" player="mojorisin6" type="5" discard="1" dealt="1" sum="40"/>
<action no="9" player="oreiasccp" type="0" sum="0"/>
</round>
</game>
<game gamecode="11538519014"><general><startdate>2025-06-28 07:09:18</startdate>
<round>1</round>
<failsafecounter/>
<players><player seat="6" name="mojorisin6" chips="830" dealer="0" win="90" bet="830" muck="1" rebuy="0" addon="0" merge="0" rebuychips="0" reg_code="8393510883"/>
<player seat="3" name="oreiasccp" chips="670" dealer="1" win="0" bet="45" muck="1" rebuy="0" addon="0" merge="0" rebuychips="0" reg_code="8393510751"/>
</players>
</general>
<round no="0"><action no="1" player="oreiasccp" type="15" sum="5"/>
<action no="2" player="mojorisin6" type="15" discard="1" dealt="1" sum="5"/>
<action no="3" player="oreiasccp" type="1" sum="20"/>
<action no="4" player="mojorisin6" type="2" discard="1" dealt="1" sum="40"/>
</round>
<round no="1"><cards type="Pocket" player="mojorisin6">X X</cards>
<cards type="Pocket" player="oreiasccp">HJ H8</cards>
<action no="5" player="oreiasccp" type="3" sum="20"/>
<action no="6" player="mojorisin6" type="23" discard="1" dealt="1" sum="825"/>
<action no="7" player="oreiasccp" type="0" sum="0"/>
</round>
</game>
<game gamecode="11538519043"><general><startdate>2025-06-28 07:09:28</startdate>
<round>1</round>
<failsafecounter/>
<players><player seat="3" name="oreiasccp" chips="625" dealer="0" win="90" bet="625" muck="1" rebuy="0" addon="0" merge="0" rebuychips="0" reg_code="8393510751"/>
<player seat="6" name="mojorisin6" chips="875" dealer="1" win="0" bet="45" muck="1" rebuy="0" addon="0" merge="0" rebuychips="0" reg_code="8393510883"/>
</players>
</general>
<round no="0"><action no="1" player="mojorisin6" type="15" discard="1" dealt="1" sum="5"/>
<action no="2" player="oreiasccp" type="15" sum="5"/>
<action no="3" player="mojorisin6" type="1" discard="1" dealt="1" sum="20"/>
<action no="4" player="oreiasccp" type="2" sum="40"/>
</round>
<round no="1"><cards type="Pocket" player="mojorisin6">X X</cards>
<cards type="Pocket" player="oreiasccp">CA D8</cards>
<action no="5" player="mojorisin6" type="3" discard="1" dealt="1" sum="20"/>
<action no="6" player="oreiasccp" type="23" sum="620"/>
<action no="7" player="mojorisin6" type="0" discard="1" dealt="1" sum="0"/>
</round>
</game>
<game gamecode="11538519068"><general><startdate>2025-06-28 07:09:39</startdate>
<round>1</round>
<failsafecounter/>
<players><player seat="6" name="mojorisin6" chips="830" dealer="0" win="50" bet="45" muck="1" rebuy="0" addon="0" merge="0" rebuychips="0" reg_code="8393510883"/>
<player seat="3" name="oreiasccp" chips="670" dealer="1" win="0" bet="25" muck="1" rebuy="0" addon="0" merge="0" rebuychips="0" reg_code="8393510751"/>
</players>
</general>
<round no="0"><action no="1" player="oreiasccp" type="15" sum="5"/>
<action no="2" player="mojorisin6" type="15" discard="1" dealt="1" sum="5"/>
<action no="3" player="oreiasccp" type="1" sum="20"/>
<action no="4" player="mojorisin6" type="2" discard="1" dealt="1" sum="40"/>
</round>
<round no="1"><cards type="Pocket" player="mojorisin6">X X</cards>
<cards type="Pocket" player="oreiasccp">C2 H6</cards>
<action no="5" player="oreiasccp" type="0" sum="0"/>
</round>
</game>
<game gamecode="11538519076"><general><startdate>2025-06-28 07:09:44</startdate>
<round>1</round>
<failsafecounter/>
<players><player seat="3" name="oreiasccp" chips="645" dealer="0" win="0" bet="45" muck="1" rebuy="0" addon="0" merge="0" rebuychips="0" reg_code="8393510751"/>
<player seat="6" name="mojorisin6" chips="855" dealer="1" win="90" bet="85" muck="1" rebuy="0" addon="0" merge="0" rebuychips="0" reg_code="8393510883"/>
</players>
</general>
<round no="0"><action no="1" player="mojorisin6" type="15" discard="1" dealt="1" sum="5"/>
<action no="2" player="oreiasccp" type="15" sum="5"/>
<action no="3" player="mojorisin6" type="1" discard="1" dealt="1" sum="20"/>
<action no="4" player="oreiasccp" type="2" sum="40"/>
</round>
<round no="1"><cards type="Pocket" player="oreiasccp">DK S6</cards>
<cards type="Pocket" player="mojorisin6">X X</cards>
<action no="5" player="mojorisin6" type="3" discard="1" dealt="1" sum="20"/>
<action no="6" player="oreiasccp" type="4" sum="0"/>
</round>
<round no="2"><cards type="Flop">C8 D5 D10</cards>
<action no="7" player="oreiasccp" type="4" sum="0"/>
<action no="8" player="mojorisin6" type="4" discard="1" dealt="1" sum="0"/>
</round>
<round no="3"><cards type="Turn">C5</cards>
<action no="9" player="oreiasccp" type="4" sum="0"/>
<action no="10" player="mojorisin6" type="5" discard="1" dealt="1" sum="40"/>
<action no="11" player="oreiasccp" type="0" sum="0"/>
</round>
</game>
<game gamecode="11538519167"><general><startdate>2025-06-28 07:10:21</startdate>
<round>1</round>
<failsafecounter/>
<players><player seat="6" name="mojorisin6" chips="900" dealer="0" win="130" bet="900" muck="1" rebuy="0" addon="0" merge="0" rebuychips="0" reg_code="8393510883"/>
<player seat="3" name="oreiasccp" chips="600" dealer="1" win="0" bet="65" muck="1" rebuy="0" addon="0" merge="0" rebuychips="0" reg_code="8393510751"/>
</players>
</general>
<round no="0"><action no="1" player="oreiasccp" type="15" sum="5"/>
<action no="2" player="mojorisin6" type="15" discard="1" dealt="1" sum="5"/>
<action no="3" player="oreiasccp" type="1" sum="30"/>
<action no="4" player="mojorisin6" type="2" discard="1" dealt="1" sum="60"/>
</round>
<round no="1"><cards type="Pocket" player="mojorisin6">X X</cards>
<cards type="Pocket" player="oreiasccp">H7 C9</cards>
<action no="5" player="oreiasccp" type="3" sum="30"/>
<action no="6" player="mojorisin6" type="23" discard="1" dealt="1" sum="895"/>
<action no="7" player="oreiasccp" type="0" sum="0"/>
</round>
</game>
<game gamecode="11538519195"><general><startdate>2025-06-28 07:10:34</startdate>
<round>1</round>
<failsafecounter/>
<players><player seat="3" name="oreiasccp" chips="535" dealer="0" win="1,070" bet="535" muck="0" rebuy="0" addon="0" merge="0" rebuychips="0" reg_code="8393510751"/>
<player seat="6" name="mojorisin6" chips="965" dealer="1" win="0" bet="965" muck="1" rebuy="0" addon="0" merge="0" rebuychips="0" reg_code="8393510883"/>
</players>
</general>
<round no="0"><action no="1" player="mojorisin6" type="15" discard="1" dealt="1" sum="5"/>
<action no="2" player="oreiasccp" type="15" sum="5"/>
<action no="3" player="mojorisin6" type="1" discard="1" dealt="1" sum="30"/>
<action no="4" player="oreiasccp" type="2" sum="60"/>
</round>
<round no="1"><cards type="Pocket" player="mojorisin6">H6 SA</cards>
<cards type="Pocket" player="oreiasccp">DJ DA</cards>
<action no="5" player="mojorisin6" type="23" discard="1" dealt="1" sum="960"/>
<action no="6" player="oreiasccp" type="7" sum="470"/>
</round>
<round no="2"><cards type="Flop">D4 HQ C3</cards>
</round>
<round no="3"><cards type="Turn">C7</cards>
</round>
<round no="4"><cards type="River">C4</cards>
</round>
</game>
<game gamecode="11538519240"><general><startdate>2025-06-28 07:10:54</startdate>
<round>1</round>
<failsafecounter/>
<players><player seat="6" name="mojorisin6" chips="430" dealer="0" win="292" bet="430" muck="1" rebuy="0" addon="0" merge="0" rebuychips="0" reg_code="8393510883"/>
<player seat="3" name="oreiasccp" chips="1,070" dealer="1" win="0" bet="146" muck="1" rebuy="0" addon="0" merge="0" rebuychips="0" reg_code="8393510751"/>
</players>
</general>
<round no="0"><action no="1" player="oreiasccp" type="15" sum="5"/>
<action no="2" player="mojorisin6" type="15" discard="1" dealt="1" sum="5"/>
<action no="3" player="oreiasccp" type="1" sum="30"/>
<action no="4" player="mojorisin6" type="2" discard="1" dealt="1" sum="60"/>
</round>
<round no="1"><cards type="Pocket" player="oreiasccp">H10 S8</cards>
<cards type="Pocket" player="mojorisin6">X X</cards>
<action no="5" player="oreiasccp" type="3" sum="30"/>
<action no="6" player="mojorisin6" type="4" discard="1" dealt="1" sum="0"/>
</round>
<round no="2"><cards type="Flop">SJ S3 D7</cards>
<action no="7" player="mojorisin6" type="4" discard="1" dealt="1" sum="0"/>
<action no="8" player="oreiasccp" type="4" sum="0"/>
</round>
<round no="3"><cards type="Turn">H8</cards>
<action no="9" player="mojorisin6" type="5" discard="1" dealt="1" sum="81"/>
<action no="10" player="oreiasccp" type="3" sum="81"/>
</round>
<round no="4"><cards type="River">C7</cards>
<action no="11" player="mojorisin6" type="5" discard="1" dealt="1" sum="284"/>
<action no="12" player="oreiasccp" type="0" sum="0"/>
</round>
</game>
<game gamecode="11538519356"><general><startdate>2025-06-28 07:11:48</startdate>
<round>1</round>
<failsafecounter/>
<players><player seat="3" name="oreiasccp" chips="924" dealer="0" win="0" bet="576" muck="1" rebuy="0" addon="0" merge="0" rebuychips="0" reg_code="8393510751"/>
<player seat="6" name="mojorisin6" chips="576" dealer="1" win="1,152" bet="576" muck="0" rebuy="0" addon="0" merge="0" rebuychips="0" reg_code="8393510883"/>
</players>
</general>
<round no="0"><action no="1" player="mojorisin6" type="15" discard="1" dealt="1" sum="5"/>
<action no="2" player="oreiasccp" type="15" sum="5"/>
<action no="3" player="mojorisin6" type="1" discard="1" dealt="1" sum="30"/>
<action no="4" player="oreiasccp" type="2" sum="60"/>
</round>
<round no="1"><cards type="Pocket" player="oreiasccp">SJ CQ</cards>
<cards type="Pocket" player="mojorisin6">SK S9</cards>
<action no="5" player="mojorisin6" type="23" discard="1" dealt="1" sum="571"/>
<action no="6" player="oreiasccp" type="3" sum="511"/>
</round>
<round no="2"><cards type="Flop">C4 C3 S10</cards>
</round>
<round no="3"><cards type="Turn">D6</cards>
</round>
<round no="4"><cards type="River">S7</cards>
</round>
</game>
<game gamecode="11538519409"><general><startdate>2025-06-28 07:12:11</startdate>
<round>1</round>
<failsafecounter/>
<players><player seat="6" name="mojorisin6" chips="1,152" dealer="0" win="0" bet="65" muck="1" rebuy="0" addon="0" merge="0" rebuychips="0" reg_code="8393510883"/>
<player seat="3" name="oreiasccp" chips="348" dealer="1" win="130" bet="348" muck="1" rebuy="0" addon="0" merge="0" rebuychips="0" reg_code="8393510751"/>
</players>
</general>
<round no="0"><action no="1" player="oreiasccp" type="15" sum="5"/>
<action no="2" player="mojorisin6" type="15" discard="1" dealt="1" sum="5"/>
<action no="3" player="oreiasccp" type="1" sum="30"/>
<action no="4" player="mojorisin6" type="2" discard="1" dealt="1" sum="60"/>
</round>
<round no="1"><cards type="Pocket" player="oreiasccp">HK HA</cards>
<cards type="Pocket" player="mojorisin6">X X</cards>
<action no="5" player="oreiasccp" type="23" sum="343"/>
<action no="6" player="mojorisin6" type="0" discard="1" dealt="1" sum="0"/>
</round>
</game>
<game gamecode="11538519426"><general><startdate>2025-06-28 07:12:18</startdate>
<round>1</round>
<failsafecounter/>
<players><player seat="3" name="oreiasccp" chips="413" dealer="0" win="0" bet="88" muck="1" rebuy="0" addon="0" merge="0" rebuychips="0" reg_code="8393510751"/>
<player seat="6" name="mojorisin6" chips="1,087" dealer="1" win="176" bet="1,087" muck="1" rebuy="0" addon="0" merge="0" rebuychips="0" reg_code="8393510883"/>
</players>
</general>
<round no="0"><action no="1" player="mojorisin6" type="15" discard="1" dealt="1" sum="8"/>
<action no="2" player="oreiasccp" type="15" sum="8"/>
<action no="3" player="mojorisin6" type="1" discard="1" dealt="1" sum="40"/>
<action no="4" player="oreiasccp" type="2" sum="80"/>
</round>
<round no="1"><cards type="Pocket" player="mojorisin6">X X</cards>
<cards type="Pocket" player="oreiasccp">S9 H3</cards>
<action no="5" player="mojorisin6" type="23" discard="1" dealt="1" sum="1,079"/>
<action no="6" player="oreiasccp" type="0" sum="0"/>
</round>
</game>
<game gamecode="11538519445"><general><startdate>2025-06-28 07:12:26</startdate>
<round>1</round>
<failsafecounter/>
<players><player seat="6" name="mojorisin6" chips="1,175" dealer="0" win="0" bet="88" muck="1" rebuy="0" addon="0" merge="0" rebuychips="0" reg_code="8393510883"/>
<player seat="3" name="oreiasccp" chips="325" dealer="1" win="176" bet="325" muck="1" rebuy="0" addon="0" merge="0" rebuychips="0" reg_code="8393510751"/>
</players>
</general>
<round no="0"><action no="1" player="oreiasccp" type="15" sum="8"/>
<action no="2" player="mojorisin6" type="15" discard="1" dealt="1" sum="8"/>
<action no="3" player="oreiasccp" type="1" sum="40"/>
<action no="4" player="mojorisin6" type="2" discard="1" dealt="1" sum="80"/>
</round>
<round no="1"><cards type="Pocket" player="oreiasccp">DJ SQ</cards>
<cards type="Pocket" player="mojorisin6">X X</cards>
<action no="5" player="oreiasccp" type="23" sum="317"/>
<action no="6" player="mojorisin6" type="0" discard="1" dealt="1" sum="0"/>
</round>
</game>
<game gamecode="11538519467"><general><startdate>2025-06-28 07:12:36</startdate>
<round>1</round>
<failsafecounter/>
<players><player seat="3" name="oreiasccp" chips="413" dealer="0" win="0" bet="413" muck="0" rebuy="0" addon="0" merge="0" rebuychips="0" reg_code="8393510751"/>
<player seat="6" name="mojorisin6" chips="1,087" dealer="1" win="826" bet="1,087" muck="0" rebuy="0" addon="0" merge="0" rebuychips="0" reg_code="8393510883"/>
</players>
</general>
<round no="0"><action no="1" player="mojorisin6" type="15" discard="1" dealt="1" sum="8"/>
<action no="2" player="oreiasccp" type="15" sum="8"/>
<action no="3" player="mojorisin6" type="1" discard="1" dealt="1" sum="40"/>
<action no="4" player="oreiasccp" type="2" sum="80"/>
</round>
<round no="1"><cards type="Pocket" player="oreiasccp">D2 CK</cards>
<cards type="Pocket" player="mojorisin6">HA D6</cards>
<action no="5" player="mojorisin6" type="23" discard="1" dealt="1" sum="1,079"/>
<action no="6" player="oreiasccp" type="7" sum="325"/>
</round>
<round no="2"><cards type="Flop">D10 S9 S7</cards>
</round>
<round no="3"><cards type="Turn">SQ</cards>
</round>
<round no="4"><cards type="River">C10</cards>
</round>
</game>
</session>
