<?xml version="1.0" encoding="UTF-8"?>
<session sessioncode="8393542985">
<general>
<client_version>25.1.1.13</client_version>
<mode>real</mode>
<gametype>Holdem NL</gametype>
<tablename>Twister €5 SNG, 1128750428</tablename>
<tournamentcode>1128750427</tournamentcode>
<tournamentname>Twister €5 SNG</tournamentname>
<buyin>€0 + €0.35 + €4.65</buyin>
<totalbuyin>€5</totalbuyin>
<rewarddrawn>€15</rewarddrawn>
<tournamentcurrency>EUR</tournamentcurrency>
<currency>EUR</currency>
<nickname>oreiasccp</nickname>
<gamecount>1</gamecount>
<startdate>2025-06-28 09:15:36</startdate>
<place>1</place>
<win>€15</win>
<tablesize>3</tablesize>
</general>
<game gamecode="11538603279"><general><startdate>2025-06-28 09:15:51</startdate>
<round>1</round>
<failsafecounter/>
<players><player seat="3" name="Lbeds" chips="500" dealer="0" win="0" bet="500" muck="0" rebuy="0" addon="0" merge="0" rebuychips="0" reg_code="8393542958"/>
<player seat="6" name="oreiasccp" chips="500" dealer="1" win="1,500" bet="500" muck="0" rebuy="0" addon="0" merge="0" rebuychips="0" reg_code="8393542985"/>
<player seat="10" name="Vendetta1978" chips="500" dealer="0" win="0" bet="500" muck="1" rebuy="0" addon="0" merge="0" rebuychips="0" reg_code="8393543020"/>
</players>
</general>
<round no="0"><action no="1" player="Vendetta1978" type="1" discard="1" dealt="1" sum="10"/>
<action no="2" player="Lbeds" type="2" discard="1" dealt="1" sum="20"/>
</round>
<round no="1"><cards type="Pocket" player="oreiasccp">D10 C10</cards>
<cards type="Pocket" player="Lbeds">SK CA</cards>
<cards type="Pocket" player="Vendetta1978">H8 S8</cards>
<action no="3" player="oreiasccp" type="23" sum="40"/>
<action no="4" player="Vendetta1978" type="23" discard="1" dealt="1" sum="500"/>
<action no="5" player="Lbeds" type="7" discard="1" dealt="1" sum="480"/>
<action no="6" player="oreiasccp" type="7" sum="460"/>
</round>
<round no="2"><cards type="Flop">S5 D9 S10</cards>
</round>
<round no="3"><cards type="Turn">C9</cards>
</round>
<round no="4"><cards type="River">HA</cards>
</round>
</game>
</session>
