<?xml version="1.0" encoding="UTF-8"?>
<session sessioncode="8393587341">
<general>
<client_version>25.1.1.13</client_version>
<mode>real</mode>
<gametype>Holdem NL</gametype>
<tablename>Twister €5 SNG, 1128756675</tablename>
<tournamentcode>1128756674</tournamentcode>
<tournamentname>Twister €5 SNG</tournamentname>
<buyin>€0 + €0.35 + €4.65</buyin>
<totalbuyin>€5</totalbuyin>
<rewarddrawn>€25</rewarddrawn>
<tournamentcurrency>EUR</tournamentcurrency>
<currency>EUR</currency>
<nickname>oreiasccp</nickname>
<gamecount>10</gamecount>
<startdate>2025-06-28 11:22:57</startdate>
<place>3</place>
<win>€0</win>
<tablesize>3</tablesize>
</general>
<game gamecode="11538715697"><general><startdate>2025-06-28 11:23:12</startdate>
<round>1</round>
<failsafecounter/>
<players><player seat="3" name="oreiasccp" chips="500" dealer="0" win="20" bet="20" muck="1" rebuy="0" addon="0" merge="0" rebuychips="0" reg_code="8393587341"/>
<player seat="6" name="Mexicanloco" chips="500" dealer="1" win="0" bet="0" muck="1" rebuy="0" addon="0" merge="0" rebuychips="0" reg_code="8393587350"/>
<player seat="10" name="JoonaPie" chips="500" dealer="0" win="0" bet="10" muck="1" rebuy="0" addon="0" merge="0" rebuychips="0" reg_code="8393587364"/>
</players>
</general>
<round no="0"><action no="1" player="JoonaPie" type="1" discard="1" dealt="1" sum="10"/>
<action no="2" player="oreiasccp" type="2" sum="20"/>
</round>
<round no="1"><cards type="Pocket" player="oreiasccp">SA C4</cards>
<cards type="Pocket" player="Mexicanloco">X X</cards>
<cards type="Pocket" player="JoonaPie">X X</cards>
<action no="3" player="Mexicanloco" type="0" discard="1" dealt="1" sum="0"/>
<action no="4" player="JoonaPie" type="0" discard="1" dealt="1" sum="0"/>
</round>
</game>
<game gamecode="11538715733"><general><startdate>2025-06-28 11:23:24</startdate>
<round>1</round>
<failsafecounter/>
<players><player seat="6" name="Mexicanloco" chips="500" dealer="0" win="290" bet="500" muck="1" rebuy="0" addon="0" merge="0" rebuychips="0" reg_code="8393587350"/>
<player seat="10" name="JoonaPie" chips="490" dealer="1" win="0" bet="140" muck="1" rebuy="0" addon="0" merge="0" rebuychips="0" reg_code="8393587364"/>
<player seat="3" name="oreiasccp" chips="510" dealer="0" win="0" bet="10" muck="1" rebuy="0" addon="0" merge="0" rebuychips="0" reg_code="8393587341"/>
</players>
</general>
<round no="0"><action no="1" player="oreiasccp" type="1" sum="10"/>
<action no="2" player="Mexicanloco" type="2" discard="1" dealt="1" sum="20"/>
</round>
<round no="1"><cards type="Pocket" player="Mexicanloco">X X</cards>
<cards type="Pocket" player="JoonaPie">X X</cards>
<cards type="Pocket" player="oreiasccp">D5 S2</cards>
<action no="3" player="JoonaPie" type="23" discard="1" dealt="1" sum="40"/>
<action no="4" player="oreiasccp" type="0" sum="0"/>
<action no="5" player="Mexicanloco" type="23" discard="1" dealt="1" sum="140"/>
<action no="6" player="JoonaPie" type="3" discard="1" dealt="1" sum="100"/>
</round>
<round no="2"><cards type="Flop">SA D2 SK</cards>
<action no="7" player="Mexicanloco" type="4" discard="1" dealt="1" sum="0"/>
<action no="8" player="JoonaPie" type="4" discard="1" dealt="1" sum="0"/>
</round>
<round no="3"><cards type="Turn">CA</cards>
<action no="9" player="Mexicanloco" type="5" discard="1" dealt="1" sum="360"/>
<action no="10" player="JoonaPie" type="0" discard="1" dealt="1" sum="0"/>
</round>
</game>
<game gamecode="11538715810"><general><startdate>2025-06-28 11:23:45</startdate>
<round>1</round>
<failsafecounter/>
<players><player seat="10" name="JoonaPie" chips="350" dealer="0" win="760" bet="350" muck="0" rebuy="0" addon="0" merge="0" rebuychips="0" reg_code="8393587364"/>
<player seat="3" name="oreiasccp" chips="500" dealer="1" win="0" bet="490" muck="1" rebuy="0" addon="0" merge="0" rebuychips="0" reg_code="8393587341"/>
<player seat="6" name="Mexicanloco" chips="650" dealer="0" win="0" bet="60" muck="1" rebuy="0" addon="0" merge="0" rebuychips="0" reg_code="8393587350"/>
</players>
</general>
<round no="0"><action no="1" player="Mexicanloco" type="1" discard="1" dealt="1" sum="10"/>
<action no="2" player="JoonaPie" type="2" discard="1" dealt="1" sum="20"/>
</round>
<round no="1"><cards type="Pocket" player="Mexicanloco">X X</cards>
<cards type="Pocket" player="JoonaPie">D6 SJ</cards>
<cards type="Pocket" player="oreiasccp">C9 H9</cards>
<action no="3" player="oreiasccp" type="23" sum="40"/>
<action no="4" player="Mexicanloco" type="3" discard="1" dealt="1" sum="30"/>
<action no="5" player="JoonaPie" type="3" discard="1" dealt="1" sum="20"/>
</round>
<round no="2"><cards type="Flop">H5 D5 H6</cards>
<action no="6" player="Mexicanloco" type="5" discard="1" dealt="1" sum="20"/>
<action no="7" player="JoonaPie" type="23" discard="1" dealt="1" sum="60"/>
<action no="8" player="oreiasccp" type="3" sum="60"/>
<action no="9" player="Mexicanloco" type="0" discard="1" dealt="1" sum="0"/>
</round>
<round no="3"><cards type="Turn">C5</cards>
<action no="10" player="JoonaPie" type="5" discard="1" dealt="1" sum="130"/>
<action no="11" player="oreiasccp" type="23" sum="390"/>
<action no="12" player="JoonaPie" type="7" discard="1" dealt="1" sum="120"/>
</round>
<round no="4"><cards type="River">DJ</cards>
</round>
</game>
<game gamecode="11538715975"><general><startdate>2025-06-28 11:24:31</startdate>
<round>1</round>
<failsafecounter/>
<players><player seat="3" name="oreiasccp" chips="150" dealer="0" win="0" bet="20" muck="1" rebuy="0" addon="0" merge="0" rebuychips="0" reg_code="8393587341"/>
<player seat="6" name="Mexicanloco" chips="590" dealer="1" win="0" bet="0" muck="1" rebuy="0" addon="0" merge="0" rebuychips="0" reg_code="8393587350"/>
<player seat="10" name="JoonaPie" chips="760" dealer="0" win="40" bet="50" muck="1" rebuy="0" addon="0" merge="0" rebuychips="0" reg_code="8393587364"/>
</players>
</general>
<round no="0"><action no="1" player="JoonaPie" type="1" discard="1" dealt="1" sum="10"/>
<action no="2" player="oreiasccp" type="2" sum="20"/>
</round>
<round no="1"><cards type="Pocket" player="oreiasccp">C4 H9</cards>
<cards type="Pocket" player="Mexicanloco">X X</cards>
<cards type="Pocket" player="JoonaPie">X X</cards>
<action no="3" player="Mexicanloco" type="0" discard="1" dealt="1" sum="0"/>
<action no="4" player="JoonaPie" type="23" discard="1" dealt="1" sum="50"/>
<action no="5" player="oreiasccp" type="0" sum="0"/>
</round>
</game>
<game gamecode="11538716004"><general><startdate>2025-06-28 11:24:39</startdate>
<round>1</round>
<failsafecounter/>
<players><player seat="6" name="Mexicanloco" chips="590" dealer="0" win="180" bet="590" muck="1" rebuy="0" addon="0" merge="0" rebuychips="0" reg_code="8393587350"/>
<player seat="10" name="JoonaPie" chips="780" dealer="1" win="0" bet="85" muck="1" rebuy="0" addon="0" merge="0" rebuychips="0" reg_code="8393587364"/>
<player seat="3" name="oreiasccp" chips="130" dealer="0" win="0" bet="10" muck="1" rebuy="0" addon="0" merge="0" rebuychips="0" reg_code="8393587341"/>
</players>
</general>
<round no="0"><action no="1" player="oreiasccp" type="1" sum="10"/>
<action no="2" player="Mexicanloco" type="2" discard="1" dealt="1" sum="20"/>
</round>
<round no="1"><cards type="Pocket" player="oreiasccp">S7 S2</cards>
<cards type="Pocket" player="Mexicanloco">X X</cards>
<cards type="Pocket" player="JoonaPie">X X</cards>
<action no="3" player="JoonaPie" type="23" discard="1" dealt="1" sum="40"/>
<action no="4" player="oreiasccp" type="0" sum="0"/>
<action no="5" player="Mexicanloco" type="3" discard="1" dealt="1" sum="20"/>
</round>
<round no="2"><cards type="Flop">D3 C10 H3</cards>
<action no="6" player="Mexicanloco" type="4" discard="1" dealt="1" sum="0"/>
<action no="7" player="JoonaPie" type="4" discard="1" dealt="1" sum="0"/>
</round>
<round no="3"><cards type="Turn">CJ</cards>
<action no="8" player="Mexicanloco" type="4" discard="1" dealt="1" sum="0"/>
<action no="9" player="JoonaPie" type="5" discard="1" dealt="1" sum="45"/>
<action no="10" player="Mexicanloco" type="23" discard="1" dealt="1" sum="550"/>
<action no="11" player="JoonaPie" type="0" discard="1" dealt="1" sum="0"/>
</round>
</game>
<game gamecode="11538716146"><general><startdate>2025-06-28 11:25:12</startdate>
<round>1</round>
<failsafecounter/>
<players><player seat="10" name="JoonaPie" chips="695" dealer="0" win="0" bet="109" muck="1" rebuy="0" addon="0" merge="0" rebuychips="0" reg_code="8393587364"/>
<player seat="3" name="oreiasccp" chips="120" dealer="1" win="0" bet="5" muck="1" rebuy="0" addon="0" merge="0" rebuychips="0" reg_code="8393587341"/>
<player seat="6" name="Mexicanloco" chips="685" dealer="0" win="223" bet="685" muck="1" rebuy="0" addon="0" merge="0" rebuychips="0" reg_code="8393587350"/>
</players>
</general>
<round no="0"><action no="1" player="Mexicanloco" type="15" discard="1" dealt="1" sum="5"/>
<action no="2" player="JoonaPie" type="15" discard="1" dealt="1" sum="5"/>
<action no="3" player="oreiasccp" type="15" sum="5"/>
<action no="4" player="Mexicanloco" type="1" discard="1" dealt="1" sum="15"/>
<action no="5" player="JoonaPie" type="2" discard="1" dealt="1" sum="30"/>
</round>
<round no="1"><cards type="Pocket" player="oreiasccp">S4 C5</cards>
<cards type="Pocket" player="Mexicanloco">X X</cards>
<cards type="Pocket" player="JoonaPie">X X</cards>
<action no="6" player="oreiasccp" type="0" sum="0"/>
<action no="7" player="Mexicanloco" type="3" discard="1" dealt="1" sum="15"/>
<action no="8" player="JoonaPie" type="4" discard="1" dealt="1" sum="0"/>
</round>
<round no="2"><cards type="Flop">H8 D9 HA</cards>
<action no="9" player="Mexicanloco" type="4" discard="1" dealt="1" sum="0"/>
<action no="10" player="JoonaPie" type="4" discard="1" dealt="1" sum="0"/>
</round>
<round no="3"><cards type="Turn">H5</cards>
<action no="11" player="Mexicanloco" type="4" discard="1" dealt="1" sum="0"/>
<action no="12" player="JoonaPie" type="5" discard="1" dealt="1" sum="37"/>
<action no="13" player="Mexicanloco" type="23" discard="1" dealt="1" sum="74"/>
<action no="14" player="JoonaPie" type="3" discard="1" dealt="1" sum="37"/>
</round>
<round no="4"><cards type="River">H3</cards>
<action no="15" player="Mexicanloco" type="5" discard="1" dealt="1" sum="576"/>
<action no="16" player="JoonaPie" type="0" discard="1" dealt="1" sum="0"/>
</round>
</game>
<game gamecode="11538716305"><general><startdate>2025-06-28 11:25:49</startdate>
<round>1</round>
<failsafecounter/>
<players><player seat="3" name="oreiasccp" chips="115" dealer="0" win="0" bet="35" muck="1" rebuy="0" addon="0" merge="0" rebuychips="0" reg_code="8393587341"/>
<player seat="6" name="Mexicanloco" chips="799" dealer="1" win="0" bet="5" muck="1" rebuy="0" addon="0" merge="0" rebuychips="0" reg_code="8393587350"/>
<player seat="10" name="JoonaPie" chips="586" dealer="0" win="75" bet="95" muck="1" rebuy="0" addon="0" merge="0" rebuychips="0" reg_code="8393587364"/>
</players>
</general>
<round no="0"><action no="1" player="JoonaPie" type="15" discard="1" dealt="1" sum="5"/>
<action no="2" player="oreiasccp" type="15" sum="5"/>
<action no="3" player="Mexicanloco" type="15" discard="1" dealt="1" sum="5"/>
<action no="4" player="JoonaPie" type="1" discard="1" dealt="1" sum="15"/>
<action no="5" player="oreiasccp" type="2" sum="30"/>
</round>
<round no="1"><cards type="Pocket" player="Mexicanloco">X X</cards>
<cards type="Pocket" player="oreiasccp">H7 C6</cards>
<cards type="Pocket" player="JoonaPie">X X</cards>
<action no="6" player="Mexicanloco" type="0" discard="1" dealt="1" sum="0"/>
<action no="7" player="JoonaPie" type="23" discard="1" dealt="1" sum="90"/>
<action no="8" player="oreiasccp" type="0" sum="0"/>
</round>
</game>
<game gamecode="11538716348"><general><startdate>2025-06-28 11:25:59</startdate>
<round>1</round>
<failsafecounter/>
<players><player seat="6" name="Mexicanloco" chips="794" dealer="0" win="90" bet="95" muck="1" rebuy="0" addon="0" merge="0" rebuychips="0" reg_code="8393587350"/>
<player seat="10" name="JoonaPie" chips="626" dealer="1" win="0" bet="35" muck="1" rebuy="0" addon="0" merge="0" rebuychips="0" reg_code="8393587364"/>
<player seat="3" name="oreiasccp" chips="80" dealer="0" win="0" bet="20" muck="1" rebuy="0" addon="0" merge="0" rebuychips="0" reg_code="8393587341"/>
</players>
</general>
<round no="0"><action no="1" player="oreiasccp" type="15" sum="5"/>
<action no="2" player="Mexicanloco" type="15" discard="1" dealt="1" sum="5"/>
<action no="3" player="JoonaPie" type="15" discard="1" dealt="1" sum="5"/>
<action no="4" player="oreiasccp" type="1" sum="15"/>
<action no="5" player="Mexicanloco" type="2" discard="1" dealt="1" sum="30"/>
</round>
<round no="1"><cards type="Pocket" player="Mexicanloco">X X</cards>
<cards type="Pocket" player="JoonaPie">X X</cards>
<cards type="Pocket" player="oreiasccp">S5 HJ</cards>
<action no="6" player="JoonaPie" type="3" discard="1" dealt="1" sum="30"/>
<action no="7" player="oreiasccp" type="0" sum="0"/>
<action no="8" player="Mexicanloco" type="4" discard="1" dealt="1" sum="0"/>
</round>
<round no="2"><cards type="Flop">C8 S10 HK</cards>
<action no="9" player="Mexicanloco" type="4" discard="1" dealt="1" sum="0"/>
<action no="10" player="JoonaPie" type="4" discard="1" dealt="1" sum="0"/>
</round>
<round no="3"><cards type="Turn">H10</cards>
<action no="11" player="Mexicanloco" type="5" discard="1" dealt="1" sum="60"/>
<action no="12" player="JoonaPie" type="0" discard="1" dealt="1" sum="0"/>
</round>
</game>
<game gamecode="11538716485"><general><startdate>2025-06-28 11:26:33</startdate>
<round>1</round>
<failsafecounter/>
<players><player seat="10" name="JoonaPie" chips="591" dealer="0" win="165" bet="245" muck="1" rebuy="0" addon="0" merge="0" rebuychips="0" reg_code="8393587364"/>
<player seat="3" name="oreiasccp" chips="60" dealer="1" win="0" bet="5" muck="1" rebuy="0" addon="0" merge="0" rebuychips="0" reg_code="8393587341"/>
<player seat="6" name="Mexicanloco" chips="849" dealer="0" win="0" bet="80" muck="1" rebuy="0" addon="0" merge="0" rebuychips="0" reg_code="8393587350"/>
</players>
</general>
<round no="0"><action no="1" player="Mexicanloco" type="15" discard="1" dealt="1" sum="5"/>
<action no="2" player="JoonaPie" type="15" discard="1" dealt="1" sum="5"/>
<action no="3" player="oreiasccp" type="15" sum="5"/>
<action no="4" player="Mexicanloco" type="1" discard="1" dealt="1" sum="15"/>
<action no="5" player="JoonaPie" type="2" discard="1" dealt="1" sum="30"/>
</round>
<round no="1"><cards type="Pocket" player="JoonaPie">X X</cards>
<cards type="Pocket" player="oreiasccp">D9 H6</cards>
<cards type="Pocket" player="Mexicanloco">X X</cards>
<action no="6" player="oreiasccp" type="0" sum="0"/>
<action no="7" player="Mexicanloco" type="3" discard="1" dealt="1" sum="15"/>
<action no="8" player="JoonaPie" type="23" discard="1" dealt="1" sum="75"/>
<action no="9" player="Mexicanloco" type="3" discard="1" dealt="1" sum="45"/>
</round>
<round no="2"><cards type="Flop">C7 S5 H7</cards>
<action no="10" player="Mexicanloco" type="4" discard="1" dealt="1" sum="0"/>
<action no="11" player="JoonaPie" type="4" discard="1" dealt="1" sum="0"/>
</round>
<round no="3"><cards type="Turn">H5</cards>
<action no="12" player="Mexicanloco" type="4" discard="1" dealt="1" sum="0"/>
<action no="13" player="JoonaPie" type="5" discard="1" dealt="1" sum="165"/>
<action no="14" player="Mexicanloco" type="0" discard="1" dealt="1" sum="0"/>
</round>
</game>
<game gamecode="11538716575"><general><startdate>2025-06-28 11:26:54</startdate>
<round>1</round>
<failsafecounter/>
<players><player seat="3" name="oreiasccp" chips="55" dealer="0" win="0" bet="55" muck="0" rebuy="0" addon="0" merge="0" rebuychips="0" reg_code="8393587341"/>
<player seat="6" name="Mexicanloco" chips="769" dealer="1" win="130" bet="65" muck="0" rebuy="0" addon="0" merge="0" rebuychips="0" reg_code="8393587350"/>
<player seat="10" name="JoonaPie" chips="676" dealer="0" win="0" bet="20" muck="1" rebuy="0" addon="0" merge="0" rebuychips="0" reg_code="8393587364"/>
</players>
</general>
<round no="0"><action no="1" player="JoonaPie" type="15" discard="1" dealt="1" sum="5"/>
<action no="2" player="oreiasccp" type="15" sum="5"/>
<action no="3" player="Mexicanloco" type="15" discard="1" dealt="1" sum="5"/>
<action no="4" player="JoonaPie" type="1" discard="1" dealt="1" sum="15"/>
<action no="5" player="oreiasccp" type="2" sum="30"/>
</round>
<round no="1"><cards type="Pocket" player="Mexicanloco">D7 CQ</cards>
<cards type="Pocket" player="oreiasccp">C9 HA</cards>
<cards type="Pocket" player="JoonaPie">X X</cards>
<action no="6" player="Mexicanloco" type="23" discard="1" dealt="1" sum="60"/>
<action no="7" player="JoonaPie" type="0" discard="1" dealt="1" sum="0"/>
<action no="8" player="oreiasccp" type="7" sum="20"/>
</round>
<round no="2"><cards type="Flop">S7 H3 C7</cards>
</round>
<round no="3"><cards type="Turn">S6</cards>
</round>
<round no="4"><cards type="River">C5</cards>
</round>
</game>
</session>
