<?xml version="1.0" encoding="UTF-8"?>
<session sessioncode="8393603817">
<general>
<client_version>25.1.1.13</client_version>
<mode>real</mode>
<gametype>Holdem NL</gametype>
<tablename>Twister €5 SNG, 1128759172</tablename>
<tournamentcode>1128759171</tournamentcode>
<tournamentname>Twister €5 SNG</tournamentname>
<buyin>€0 + €0.35 + €4.65</buyin>
<totalbuyin>€5</totalbuyin>
<rewarddrawn>€10</rewarddrawn>
<tournamentcurrency>EUR</tournamentcurrency>
<currency>EUR</currency>
<nickname>oreiasccp</nickname>
<gamecount>14</gamecount>
<startdate>2025-06-28 12:03:36</startdate>
<place>1</place>
<win>€10</win>
<tablesize>3</tablesize>
</general>
<game gamecode="11538752132"><general><startdate>2025-06-28 12:03:51</startdate>
<round>1</round>
<failsafecounter/>
<players><player seat="3" name="propheticstone7" chips="500" dealer="0" win="0" bet="20" muck="1" rebuy="0" addon="0" merge="0" rebuychips="0" reg_code="8393603803"/>
<player seat="6" name="oreiasccp" chips="500" dealer="1" win="0" bet="40" muck="1" rebuy="0" addon="0" merge="0" rebuychips="0" reg_code="8393603817"/>
<player seat="10" name="IceStorM85" chips="500" dealer="0" win="100" bet="500" muck="1" rebuy="0" addon="0" merge="0" rebuychips="0" reg_code="8393603821"/>
</players>
</general>
<round no="0"><action no="1" player="IceStorM85" type="1" discard="1" dealt="1" sum="10"/>
<action no="2" player="propheticstone7" type="2" discard="1" dealt="1" sum="20"/>
</round>
<round no="1"><cards type="Pocket" player="propheticstone7">X X</cards>
<cards type="Pocket" player="oreiasccp">HJ DK</cards>
<cards type="Pocket" player="IceStorM85">X X</cards>
<action no="3" player="oreiasccp" type="23" sum="40"/>
<action no="4" player="IceStorM85" type="23" discard="1" dealt="1" sum="500"/>
<action no="5" player="propheticstone7" type="0" discard="1" dealt="1" sum="0"/>
<action no="6" player="oreiasccp" type="0" sum="0"/>
</round>
</game>
<game gamecode="11538752243"><general><startdate>2025-06-28 12:04:21</startdate>
<round>1</round>
<failsafecounter/>
<players><player seat="6" name="oreiasccp" chips="460" dealer="0" win="930" bet="460" muck="0" rebuy="0" addon="0" merge="0" rebuychips="0" reg_code="8393603817"/>
<player seat="10" name="IceStorM85" chips="560" dealer="1" win="0" bet="460" muck="1" rebuy="0" addon="0" merge="0" rebuychips="0" reg_code="8393603821"/>
<player seat="3" name="propheticstone7" chips="480" dealer="0" win="0" bet="10" muck="1" rebuy="0" addon="0" merge="0" rebuychips="0" reg_code="8393603803"/>
</players>
</general>
<round no="0"><action no="1" player="propheticstone7" type="1" discard="1" dealt="1" sum="10"/>
<action no="2" player="oreiasccp" type="2" sum="20"/>
</round>
<round no="1"><cards type="Pocket" player="oreiasccp">S5 C5</cards>
<cards type="Pocket" player="IceStorM85">D7 DA</cards>
<cards type="Pocket" player="propheticstone7">X X</cards>
<action no="3" player="IceStorM85" type="23" discard="1" dealt="1" sum="40"/>
<action no="4" player="propheticstone7" type="0" discard="1" dealt="1" sum="0"/>
<action no="5" player="oreiasccp" type="23" sum="460"/>
<action no="6" player="IceStorM85" type="3" discard="1" dealt="1" sum="420"/>
</round>
<round no="2"><cards type="Flop">H9 D6 CQ</cards>
</round>
<round no="3"><cards type="Turn">S2</cards>
</round>
<round no="4"><cards type="River">S10</cards>
</round>
</game>
<game gamecode="11538752351"><general><startdate>2025-06-28 12:04:52</startdate>
<round>1</round>
<failsafecounter/>
<players><player seat="10" name="IceStorM85" chips="100" dealer="0" win="0" bet="20" muck="1" rebuy="0" addon="0" merge="0" rebuychips="0" reg_code="8393603821"/>
<player seat="3" name="propheticstone7" chips="470" dealer="1" win="0" bet="0" muck="1" rebuy="0" addon="0" merge="0" rebuychips="0" reg_code="8393603803"/>
<player seat="6" name="oreiasccp" chips="930" dealer="0" win="40" bet="100" muck="1" rebuy="0" addon="0" merge="0" rebuychips="0" reg_code="8393603817"/>
</players>
</general>
<round no="0"><action no="1" player="oreiasccp" type="1" sum="10"/>
<action no="2" player="IceStorM85" type="2" discard="1" dealt="1" sum="20"/>
</round>
<round no="1"><cards type="Pocket" player="IceStorM85">X X</cards>
<cards type="Pocket" player="propheticstone7">X X</cards>
<cards type="Pocket" player="oreiasccp">CJ H9</cards>
<action no="3" player="propheticstone7" type="0" discard="1" dealt="1" sum="0"/>
<action no="4" player="oreiasccp" type="23" sum="100"/>
<action no="5" player="IceStorM85" type="0" discard="1" dealt="1" sum="0"/>
</round>
</game>
<game gamecode="11538752396"><general><startdate>2025-06-28 12:05:03</startdate>
<round>1</round>
<failsafecounter/>
<players><player seat="3" name="propheticstone7" chips="470" dealer="0" win="0" bet="20" muck="1" rebuy="0" addon="0" merge="0" rebuychips="0" reg_code="8393603803"/>
<player seat="6" name="oreiasccp" chips="950" dealer="1" win="50" bet="40" muck="1" rebuy="0" addon="0" merge="0" rebuychips="0" reg_code="8393603817"/>
<player seat="10" name="IceStorM85" chips="80" dealer="0" win="0" bet="10" muck="1" rebuy="0" addon="0" merge="0" rebuychips="0" reg_code="8393603821"/>
</players>
</general>
<round no="0"><action no="1" player="IceStorM85" type="1" discard="1" dealt="1" sum="10"/>
<action no="2" player="propheticstone7" type="2" discard="1" dealt="1" sum="20"/>
</round>
<round no="1"><cards type="Pocket" player="propheticstone7">X X</cards>
<cards type="Pocket" player="oreiasccp">C6 CK</cards>
<cards type="Pocket" player="IceStorM85">X X</cards>
<action no="3" player="oreiasccp" type="23" sum="40"/>
<action no="4" player="IceStorM85" type="0" discard="1" dealt="1" sum="0"/>
<action no="5" player="propheticstone7" type="0" discard="1" dealt="1" sum="0"/>
</round>
</game>
<game gamecode="11538761628"><general><startdate>2025-06-28 12:05:22</startdate>
<round>1</round>
<failsafecounter/>
<players><player seat="6" name="oreiasccp" chips="980" dealer="0" win="196" bet="98" muck="0" rebuy="0" addon="0" merge="0" rebuychips="0" reg_code="8393603817"/>
<player seat="10" name="IceStorM85" chips="70" dealer="1" win="0" bet="0" muck="1" rebuy="0" addon="0" merge="0" rebuychips="0" reg_code="8393603821"/>
<player seat="3" name="propheticstone7" chips="450" dealer="0" win="0" bet="98" muck="1" rebuy="0" addon="0" merge="0" rebuychips="0" reg_code="8393603803"/>
</players>
</general>
<round no="0"><action no="1" player="propheticstone7" type="1" discard="1" dealt="1" sum="10"/>
<action no="2" player="oreiasccp" type="2" sum="20"/>
</round>
<round no="1"><cards type="Pocket" player="IceStorM85">X X</cards>
<cards type="Pocket" player="propheticstone7">H9 H7</cards>
<cards type="Pocket" player="oreiasccp">DJ S9</cards>
<action no="3" player="IceStorM85" type="0" discard="1" dealt="1" sum="0"/>
<action no="4" player="propheticstone7" type="3" discard="1" dealt="1" sum="10"/>
<action no="5" player="oreiasccp" type="4" sum="0"/>
</round>
<round no="2"><cards type="Flop">CJ D9 H6</cards>
<action no="6" player="propheticstone7" type="4" discard="1" dealt="1" sum="0"/>
<action no="7" player="oreiasccp" type="5" sum="20"/>
<action no="8" player="propheticstone7" type="3" discard="1" dealt="1" sum="20"/>
</round>
<round no="3"><cards type="Turn">D8</cards>
<action no="9" player="propheticstone7" type="4" discard="1" dealt="1" sum="0"/>
<action no="10" player="oreiasccp" type="5" sum="58"/>
<action no="11" player="propheticstone7" type="3" discard="1" dealt="1" sum="58"/>
</round>
<round no="4"><cards type="River">S8</cards>
<action no="12" player="propheticstone7" type="4" discard="1" dealt="1" sum="0"/>
<action no="13" player="oreiasccp" type="4" sum="0"/>
</round>
</game>
<game gamecode="11538761782"><general><startdate>2025-06-28 12:06:01</startdate>
<round>1</round>
<failsafecounter/>
<players><player seat="10" name="IceStorM85" chips="70" dealer="0" win="45" bet="35" muck="1" rebuy="0" addon="0" merge="0" rebuychips="0" reg_code="8393603821"/>
<player seat="3" name="propheticstone7" chips="352" dealer="1" win="0" bet="5" muck="1" rebuy="0" addon="0" merge="0" rebuychips="0" reg_code="8393603803"/>
<player seat="6" name="oreiasccp" chips="1,078" dealer="0" win="0" bet="20" muck="1" rebuy="0" addon="0" merge="0" rebuychips="0" reg_code="8393603817"/>
</players>
</general>
<round no="0"><action no="1" player="oreiasccp" type="15" sum="5"/>
<action no="2" player="IceStorM85" type="15" discard="1" dealt="1" sum="5"/>
<action no="3" player="propheticstone7" type="15" discard="1" dealt="1" sum="5"/>
<action no="4" player="oreiasccp" type="1" sum="15"/>
<action no="5" player="IceStorM85" type="2" discard="1" dealt="1" sum="30"/>
</round>
<round no="1"><cards type="Pocket" player="propheticstone7">X X</cards>
<cards type="Pocket" player="oreiasccp">C6 H3</cards>
<cards type="Pocket" player="IceStorM85">X X</cards>
<action no="6" player="propheticstone7" type="0" discard="1" dealt="1" sum="0"/>
<action no="7" player="oreiasccp" type="0" sum="0"/>
</round>
</game>
<game gamecode="11538761815"><general><startdate>2025-06-28 12:06:09</startdate>
<round>1</round>
<failsafecounter/>
<players><player seat="3" name="propheticstone7" chips="347" dealer="0" win="0" bet="35" muck="1" rebuy="0" addon="0" merge="0" rebuychips="0" reg_code="8393603803"/>
<player seat="6" name="oreiasccp" chips="1,058" dealer="1" win="90" bet="347" muck="1" rebuy="0" addon="0" merge="0" rebuychips="0" reg_code="8393603817"/>
<player seat="10" name="IceStorM85" chips="95" dealer="0" win="0" bet="20" muck="1" rebuy="0" addon="0" merge="0" rebuychips="0" reg_code="8393603821"/>
</players>
</general>
<round no="0"><action no="1" player="IceStorM85" type="15" discard="1" dealt="1" sum="5"/>
<action no="2" player="propheticstone7" type="15" discard="1" dealt="1" sum="5"/>
<action no="3" player="oreiasccp" type="15" sum="5"/>
<action no="4" player="IceStorM85" type="1" discard="1" dealt="1" sum="15"/>
<action no="5" player="propheticstone7" type="2" discard="1" dealt="1" sum="30"/>
</round>
<round no="1"><cards type="Pocket" player="IceStorM85">X X</cards>
<cards type="Pocket" player="propheticstone7">X X</cards>
<cards type="Pocket" player="oreiasccp">HJ HK</cards>
<action no="6" player="oreiasccp" type="23" sum="342"/>
<action no="7" player="IceStorM85" type="0" discard="1" dealt="1" sum="0"/>
<action no="8" player="propheticstone7" type="0" discard="1" dealt="1" sum="0"/>
</round>
</game>
<game gamecode="11538761889"><general><startdate>2025-06-28 12:06:24</startdate>
<round>1</round>
<failsafecounter/>
<players><player seat="6" name="oreiasccp" chips="1,113" dealer="0" win="0" bet="35" muck="1" rebuy="0" addon="0" merge="0" rebuychips="0" reg_code="8393603817"/>
<player seat="10" name="IceStorM85" chips="75" dealer="1" win="0" bet="5" muck="1" rebuy="0" addon="0" merge="0" rebuychips="0" reg_code="8393603821"/>
<player seat="3" name="propheticstone7" chips="312" dealer="0" win="75" bet="312" muck="1" rebuy="0" addon="0" merge="0" rebuychips="0" reg_code="8393603803"/>
</players>
</general>
<round no="0"><action no="1" player="propheticstone7" type="15" discard="1" dealt="1" sum="5"/>
<action no="2" player="oreiasccp" type="15" sum="5"/>
<action no="3" player="IceStorM85" type="15" discard="1" dealt="1" sum="5"/>
<action no="4" player="propheticstone7" type="1" discard="1" dealt="1" sum="15"/>
<action no="5" player="oreiasccp" type="2" sum="30"/>
</round>
<round no="1"><cards type="Pocket" player="IceStorM85">X X</cards>
<cards type="Pocket" player="oreiasccp">S8 H5</cards>
<cards type="Pocket" player="propheticstone7">X X</cards>
<action no="6" player="IceStorM85" type="0" discard="1" dealt="1" sum="0"/>
<action no="7" player="propheticstone7" type="23" discard="1" dealt="1" sum="307"/>
<action no="8" player="oreiasccp" type="0" sum="0"/>
</round>
</game>
<game gamecode="11538761957"><general><startdate>2025-06-28 12:06:41</startdate>
<round>1</round>
<failsafecounter/>
<players><player seat="10" name="IceStorM85" chips="70" dealer="0" win="0" bet="35" muck="1" rebuy="0" addon="0" merge="0" rebuychips="0" reg_code="8393603821"/>
<player seat="3" name="propheticstone7" chips="352" dealer="1" win="0" bet="5" muck="1" rebuy="0" addon="0" merge="0" rebuychips="0" reg_code="8393603803"/>
<player seat="6" name="oreiasccp" chips="1,078" dealer="0" win="75" bet="70" muck="1" rebuy="0" addon="0" merge="0" rebuychips="0" reg_code="8393603817"/>
</players>
</general>
<round no="0"><action no="1" player="oreiasccp" type="15" sum="5"/>
<action no="2" player="IceStorM85" type="15" discard="1" dealt="1" sum="5"/>
<action no="3" player="propheticstone7" type="15" discard="1" dealt="1" sum="5"/>
<action no="4" player="oreiasccp" type="1" sum="15"/>
<action no="5" player="IceStorM85" type="2" discard="1" dealt="1" sum="30"/>
</round>
<round no="1"><cards type="Pocket" player="IceStorM85">X X</cards>
<cards type="Pocket" player="propheticstone7">X X</cards>
<cards type="Pocket" player="oreiasccp">HQ C7</cards>
<action no="6" player="propheticstone7" type="0" discard="1" dealt="1" sum="0"/>
<action no="7" player="oreiasccp" type="23" sum="65"/>
<action no="8" player="IceStorM85" type="0" discard="1" dealt="1" sum="0"/>
</round>
</game>
<game gamecode="11538761989"><general><startdate>2025-06-28 12:06:50</startdate>
<round>1</round>
<failsafecounter/>
<players><player seat="3" name="propheticstone7" chips="347" dealer="0" win="0" bet="35" muck="1" rebuy="0" addon="0" merge="0" rebuychips="0" reg_code="8393603803"/>
<player seat="6" name="oreiasccp" chips="1,118" dealer="1" win="105" bet="347" muck="0" rebuy="0" addon="0" merge="0" rebuychips="0" reg_code="8393603817"/>
<player seat="10" name="IceStorM85" chips="35" dealer="0" win="0" bet="35" muck="1" rebuy="0" addon="0" merge="0" rebuychips="0" reg_code="8393603821"/>
</players>
</general>
<round no="0"><action no="1" player="IceStorM85" type="15" discard="1" dealt="1" sum="5"/>
<action no="2" player="propheticstone7" type="15" discard="1" dealt="1" sum="5"/>
<action no="3" player="oreiasccp" type="15" sum="5"/>
<action no="4" player="IceStorM85" type="1" discard="1" dealt="1" sum="15"/>
<action no="5" player="propheticstone7" type="2" discard="1" dealt="1" sum="30"/>
</round>
<round no="1"><cards type="Pocket" player="propheticstone7">X X</cards>
<cards type="Pocket" player="IceStorM85">DJ DA</cards>
<cards type="Pocket" player="oreiasccp">CA D3</cards>
<action no="6" player="oreiasccp" type="23" sum="342"/>
<action no="7" player="IceStorM85" type="7" discard="1" dealt="1" sum="15"/>
<action no="8" player="propheticstone7" type="0" discard="1" dealt="1" sum="0"/>
</round>
<round no="2"><cards type="Flop">H6 C3 D2</cards>
</round>
<round no="3"><cards type="Turn">C5</cards>
</round>
<round no="4"><cards type="River">D5</cards>
</round>
</game>
<game gamecode="11538762093"><general><startdate>2025-06-28 12:07:13</startdate>
<round>1</round>
<failsafecounter/>
<players><player seat="6" name="oreiasccp" chips="1,188" dealer="0" win="172" bet="86" muck="0" rebuy="0" addon="0" merge="0" rebuychips="0" reg_code="8393603817"/>
<player seat="3" name="propheticstone7" chips="312" dealer="1" win="0" bet="86" muck="1" rebuy="0" addon="0" merge="0" rebuychips="0" reg_code="8393603803"/>
</players>
</general>
<round no="0"><action no="1" player="propheticstone7" type="15" discard="1" dealt="1" sum="5"/>
<action no="2" player="oreiasccp" type="15" sum="5"/>
<action no="3" player="propheticstone7" type="1" discard="1" dealt="1" sum="15"/>
<action no="4" player="oreiasccp" type="2" sum="30"/>
</round>
<round no="1"><cards type="Pocket" player="oreiasccp">H10 C2</cards>
<cards type="Pocket" player="propheticstone7">C9 DJ</cards>
<action no="5" player="propheticstone7" type="3" discard="1" dealt="1" sum="15"/>
<action no="6" player="oreiasccp" type="4" sum="0"/>
</round>
<round no="2"><cards type="Flop">C10 C4 D4</cards>
<action no="7" player="oreiasccp" type="4" sum="0"/>
<action no="8" player="propheticstone7" type="4" discard="1" dealt="1" sum="0"/>
</round>
<round no="3"><cards type="Turn">D7</cards>
<action no="9" player="oreiasccp" type="4" sum="0"/>
<action no="10" player="propheticstone7" type="4" discard="1" dealt="1" sum="0"/>
</round>
<round no="4"><cards type="River">H9</cards>
<action no="11" player="oreiasccp" type="5" sum="51"/>
<action no="12" player="propheticstone7" type="3" discard="1" dealt="1" sum="51"/>
</round>
</game>
<game gamecode="11538762198"><general><startdate>2025-06-28 12:07:39</startdate>
<round>1</round>
<failsafecounter/>
<players><player seat="3" name="propheticstone7" chips="226" dealer="0" win="70" bet="226" muck="1" rebuy="0" addon="0" merge="0" rebuychips="0" reg_code="8393603803"/>
<player seat="6" name="oreiasccp" chips="1,274" dealer="1" win="0" bet="35" muck="1" rebuy="0" addon="0" merge="0" rebuychips="0" reg_code="8393603817"/>
</players>
</general>
<round no="0"><action no="1" player="oreiasccp" type="15" sum="5"/>
<action no="2" player="propheticstone7" type="15" discard="1" dealt="1" sum="5"/>
<action no="3" player="oreiasccp" type="1" sum="15"/>
<action no="4" player="propheticstone7" type="2" discard="1" dealt="1" sum="30"/>
</round>
<round no="1"><cards type="Pocket" player="oreiasccp">H5 CJ</cards>
<cards type="Pocket" player="propheticstone7">X X</cards>
<action no="5" player="oreiasccp" type="3" sum="15"/>
<action no="6" player="propheticstone7" type="23" discard="1" dealt="1" sum="221"/>
<action no="7" player="oreiasccp" type="0" sum="0"/>
</round>
</game>
<game gamecode="11538762235"><general><startdate>2025-06-28 12:07:48</startdate>
<round>1</round>
<failsafecounter/>
<players><player seat="6" name="oreiasccp" chips="1,239" dealer="0" win="40" bet="35" muck="1" rebuy="0" addon="0" merge="0" rebuychips="0" reg_code="8393603817"/>
<player seat="3" name="propheticstone7" chips="261" dealer="1" win="0" bet="20" muck="1" rebuy="0" addon="0" merge="0" rebuychips="0" reg_code="8393603803"/>
</players>
</general>
<round no="0"><action no="1" player="propheticstone7" type="15" discard="1" dealt="1" sum="5"/>
<action no="2" player="oreiasccp" type="15" sum="5"/>
<action no="3" player="propheticstone7" type="1" discard="1" dealt="1" sum="15"/>
<action no="4" player="oreiasccp" type="2" sum="30"/>
</round>
<round no="1"><cards type="Pocket" player="oreiasccp">C8 CQ</cards>
<cards type="Pocket" player="propheticstone7">X X</cards>
<action no="5" player="propheticstone7" type="0" discard="1" dealt="1" sum="0"/>
</round>
</game>
<game gamecode="11538762310"><general><startdate>2025-06-28 12:08:04</startdate>
<round>1</round>
<failsafecounter/>
<players><player seat="3" name="propheticstone7" chips="241" dealer="0" win="0" bet="241" muck="0" rebuy="0" addon="0" merge="0" rebuychips="0" reg_code="8393603803"/>
<player seat="6" name="oreiasccp" chips="1,259" dealer="1" win="482" bet="241" muck="0" rebuy="0" addon="0" merge="0" rebuychips="0" reg_code="8393603817"/>
</players>
</general>
<round no="0"><action no="1" player="oreiasccp" type="15" sum="5"/>
<action no="2" player="propheticstone7" type="15" discard="1" dealt="1" sum="5"/>
<action no="3" player="oreiasccp" type="1" sum="20"/>
<action no="4" player="propheticstone7" type="2" discard="1" dealt="1" sum="40"/>
</round>
<round no="1"><cards type="Pocket" player="oreiasccp">HA C6</cards>
<cards type="Pocket" player="propheticstone7">H7 SK</cards>
<action no="5" player="oreiasccp" type="23" sum="236"/>
<action no="6" player="propheticstone7" type="7" discard="1" dealt="1" sum="196"/>
</round>
<round no="2"><cards type="Flop">S2 SJ S10</cards>
</round>
<round no="3"><cards type="Turn">DJ</cards>
</round>
<round no="4"><cards type="River">D4</cards>
</round>
</game>
</session>
