<?xml version="1.0" encoding="UTF-8"?>
<session sessioncode="8393569741">
<general>
<client_version>25.1.1.13</client_version>
<mode>real</mode>
<gametype>Holdem NL</gametype>
<tablename>Twister €5 SNG, 1128754285</tablename>
<tournamentcode>1128754284</tournamentcode>
<tournamentname>Twister €5 SNG</tournamentname>
<buyin>€0 + €0.35 + €4.65</buyin>
<totalbuyin>€5</totalbuyin>
<rewarddrawn>€40</rewarddrawn>
<tournamentcurrency>EUR</tournamentcurrency>
<currency>EUR</currency>
<nickname>oreiasccp</nickname>
<gamecount>15</gamecount>
<startdate>2025-06-28 10:33:46</startdate>
<place>2</place>
<win>€0</win>
<tablesize>3</tablesize>
</general>
<game gamecode="11538669291"><general><startdate>2025-06-28 10:34:01</startdate>
<round>1</round>
<failsafecounter/>
<players><player seat="6" name="1021064082000900" chips="500" dealer="0" win="0" bet="40" muck="1" rebuy="0" addon="0" merge="0" rebuychips="0" reg_code="8393569683"/>
<player seat="10" name="krolewski2" chips="500" dealer="1" win="0" bet="0" muck="1" rebuy="0" addon="0" merge="0" rebuychips="0" reg_code="8393569758"/>
<player seat="3" name="oreiasccp" chips="500" dealer="0" win="80" bet="60" muck="1" rebuy="0" addon="0" merge="0" rebuychips="0" reg_code="8393569741"/>
</players>
</general>
<round no="0"><action no="1" player="oreiasccp" type="1" sum="10"/>
<action no="2" player="1021064082000900" type="2" discard="1" dealt="1" sum="20"/>
</round>
<round no="1"><cards type="Pocket" player="krolewski2">X X</cards>
<cards type="Pocket" player="1021064082000900">X X</cards>
<cards type="Pocket" player="oreiasccp">SK S8</cards>
<action no="3" player="krolewski2" type="0" discard="1" dealt="1" sum="0"/>
<action no="4" player="oreiasccp" type="23" sum="40"/>
<action no="5" player="1021064082000900" type="3" discard="1" dealt="1" sum="20"/>
</round>
<round no="2"><cards type="Flop">C9 CJ C3</cards>
<action no="6" player="oreiasccp" type="5" sum="20"/>
<action no="7" player="1021064082000900" type="0" discard="1" dealt="1" sum="0"/>
</round>
</game>
<game gamecode="11538669347"><general><startdate>2025-06-28 10:34:15</startdate>
<round>1</round>
<failsafecounter/>
<players><player seat="10" name="krolewski2" chips="500" dealer="0" win="0" bet="460" muck="1" rebuy="0" addon="0" merge="0" rebuychips="0" reg_code="8393569758"/>
<player seat="3" name="oreiasccp" chips="540" dealer="1" win="0" bet="0" muck="1" rebuy="0" addon="0" merge="0" rebuychips="0" reg_code="8393569741"/>
<player seat="6" name="1021064082000900" chips="460" dealer="0" win="920" bet="460" muck="0" rebuy="0" addon="0" merge="0" rebuychips="0" reg_code="8393569683"/>
</players>
</general>
<round no="0"><action no="1" player="1021064082000900" type="1" discard="1" dealt="1" sum="10"/>
<action no="2" player="krolewski2" type="2" discard="1" dealt="1" sum="20"/>
</round>
<round no="1"><cards type="Pocket" player="krolewski2">C4 CK</cards>
<cards type="Pocket" player="1021064082000900">D7 S7</cards>
<cards type="Pocket" player="oreiasccp">CQ S6</cards>
<action no="3" player="oreiasccp" type="0" sum="0"/>
<action no="4" player="1021064082000900" type="3" discard="1" dealt="1" sum="10"/>
<action no="5" player="krolewski2" type="23" discard="1" dealt="1" sum="60"/>
<action no="6" player="1021064082000900" type="23" discard="1" dealt="1" sum="100"/>
<action no="7" player="krolewski2" type="3" discard="1" dealt="1" sum="40"/>
</round>
<round no="2"><cards type="Flop">C2 D2 H10</cards>
<action no="8" player="1021064082000900" type="4" discard="1" dealt="1" sum="0"/>
<action no="9" player="krolewski2" type="4" discard="1" dealt="1" sum="0"/>
</round>
<round no="3"><cards type="Turn">D4</cards>
<action no="10" player="1021064082000900" type="5" discard="1" dealt="1" sum="360"/>
<action no="11" player="krolewski2" type="3" discard="1" dealt="1" sum="360"/>
</round>
<round no="4"><cards type="River">D6</cards>
</round>
</game>
<game gamecode="11538669463"><general><startdate>2025-06-28 10:34:43</startdate>
<round>1</round>
<failsafecounter/>
<players><player seat="3" name="oreiasccp" chips="540" dealer="0" win="100" bet="540" muck="0" rebuy="0" addon="0" merge="0" rebuychips="0" reg_code="8393569741"/>
<player seat="6" name="1021064082000900" chips="920" dealer="1" win="0" bet="20" muck="1" rebuy="0" addon="0" merge="0" rebuychips="0" reg_code="8393569683"/>
<player seat="10" name="krolewski2" chips="40" dealer="0" win="0" bet="40" muck="1" rebuy="0" addon="0" merge="0" rebuychips="0" reg_code="8393569758"/>
</players>
</general>
<round no="0"><action no="1" player="krolewski2" type="1" discard="1" dealt="1" sum="10"/>
<action no="2" player="oreiasccp" type="2" sum="20"/>
</round>
<round no="1"><cards type="Pocket" player="krolewski2">DQ S8</cards>
<cards type="Pocket" player="1021064082000900">X X</cards>
<cards type="Pocket" player="oreiasccp">CQ CK</cards>
<action no="3" player="1021064082000900" type="3" discard="1" dealt="1" sum="20"/>
<action no="4" player="krolewski2" type="7" discard="1" dealt="1" sum="30"/>
<action no="5" player="oreiasccp" type="23" sum="540"/>
<action no="6" player="1021064082000900" type="0" discard="1" dealt="1" sum="0"/>
</round>
<round no="2"><cards type="Flop">C10 HA HJ</cards>
</round>
<round no="3"><cards type="Turn">C3</cards>
</round>
<round no="4"><cards type="River">D5</cards>
</round>
</game>
<game gamecode="11538669563"><general><startdate>2025-06-28 10:35:04</startdate>
<round>1</round>
<failsafecounter/>
<players><player seat="6" name="1021064082000900" chips="900" dealer="0" win="40" bet="40" muck="1" rebuy="0" addon="0" merge="0" rebuychips="0" reg_code="8393569683"/>
<player seat="3" name="oreiasccp" chips="600" dealer="1" win="0" bet="20" muck="1" rebuy="0" addon="0" merge="0" rebuychips="0" reg_code="8393569741"/>
</players>
</general>
<round no="0"><action no="1" player="oreiasccp" type="1" sum="10"/>
<action no="2" player="1021064082000900" type="2" discard="1" dealt="1" sum="20"/>
</round>
<round no="1"><cards type="Pocket" player="1021064082000900">X X</cards>
<cards type="Pocket" player="oreiasccp">S9 S6</cards>
<action no="3" player="oreiasccp" type="3" sum="10"/>
<action no="4" player="1021064082000900" type="4" discard="1" dealt="1" sum="0"/>
</round>
<round no="2"><cards type="Flop">H7 D3 HK</cards>
<action no="5" player="1021064082000900" type="5" discard="1" dealt="1" sum="20"/>
<action no="6" player="oreiasccp" type="0" sum="0"/>
</round>
</game>
<game gamecode="11538669608"><general><startdate>2025-06-28 10:35:13</startdate>
<round>1</round>
<failsafecounter/>
<players><player seat="3" name="oreiasccp" chips="580" dealer="0" win="20" bet="20" muck="1" rebuy="0" addon="0" merge="0" rebuychips="0" reg_code="8393569741"/>
<player seat="6" name="1021064082000900" chips="920" dealer="1" win="0" bet="10" muck="1" rebuy="0" addon="0" merge="0" rebuychips="0" reg_code="8393569683"/>
</players>
</general>
<round no="0"><action no="1" player="1021064082000900" type="1" discard="1" dealt="1" sum="10"/>
<action no="2" player="oreiasccp" type="2" sum="20"/>
</round>
<round no="1"><cards type="Pocket" player="1021064082000900">X X</cards>
<cards type="Pocket" player="oreiasccp">D10 DJ</cards>
<action no="3" player="1021064082000900" type="0" discard="1" dealt="1" sum="0"/>
</round>
</game>
<game gamecode="11538669628"><general><startdate>2025-06-28 10:35:19</startdate>
<round>1</round>
<failsafecounter/>
<players><player seat="6" name="1021064082000900" chips="910" dealer="0" win="160" bet="240" muck="1" rebuy="0" addon="0" merge="0" rebuychips="0" reg_code="8393569683"/>
<player seat="3" name="oreiasccp" chips="590" dealer="1" win="0" bet="80" muck="1" rebuy="0" addon="0" merge="0" rebuychips="0" reg_code="8393569741"/>
</players>
</general>
<round no="0"><action no="1" player="oreiasccp" type="1" sum="10"/>
<action no="2" player="1021064082000900" type="2" discard="1" dealt="1" sum="20"/>
</round>
<round no="1"><cards type="Pocket" player="1021064082000900">X X</cards>
<cards type="Pocket" player="oreiasccp">HQ D7</cards>
<action no="3" player="oreiasccp" type="23" sum="40"/>
<action no="4" player="1021064082000900" type="3" discard="1" dealt="1" sum="20"/>
</round>
<round no="2"><cards type="Flop">CQ DJ CA</cards>
<action no="5" player="1021064082000900" type="5" discard="1" dealt="1" sum="40"/>
<action no="6" player="oreiasccp" type="3" sum="40"/>
</round>
<round no="3"><cards type="Turn">D4</cards>
<action no="7" player="1021064082000900" type="4" discard="1" dealt="1" sum="0"/>
<action no="8" player="oreiasccp" type="4" sum="0"/>
</round>
<round no="4"><cards type="River">C8</cards>
<action no="9" player="1021064082000900" type="5" discard="1" dealt="1" sum="160"/>
<action no="10" player="oreiasccp" type="0" sum="0"/>
</round>
</game>
<game gamecode="11538674817"><general><startdate>2025-06-28 10:35:47</startdate>
<round>1</round>
<failsafecounter/>
<players><player seat="3" name="oreiasccp" chips="510" dealer="0" win="20" bet="20" muck="1" rebuy="0" addon="0" merge="0" rebuychips="0" reg_code="8393569741"/>
<player seat="6" name="1021064082000900" chips="990" dealer="1" win="0" bet="10" muck="1" rebuy="0" addon="0" merge="0" rebuychips="0" reg_code="8393569683"/>
</players>
</general>
<round no="0"><action no="1" player="1021064082000900" type="1" discard="1" dealt="1" sum="10"/>
<action no="2" player="oreiasccp" type="2" sum="20"/>
</round>
<round no="1"><cards type="Pocket" player="1021064082000900">X X</cards>
<cards type="Pocket" player="oreiasccp">S7 CQ</cards>
<action no="3" player="1021064082000900" type="0" discard="1" dealt="1" sum="0"/>
</round>
</game>
<game gamecode="11538674841"><general><startdate>2025-06-28 10:35:53</startdate>
<round>1</round>
<failsafecounter/>
<players><player seat="6" name="1021064082000900" chips="980" dealer="0" win="20" bet="20" muck="1" rebuy="0" addon="0" merge="0" rebuychips="0" reg_code="8393569683"/>
<player seat="3" name="oreiasccp" chips="520" dealer="1" win="0" bet="10" muck="1" rebuy="0" addon="0" merge="0" rebuychips="0" reg_code="8393569741"/>
</players>
</general>
<round no="0"><action no="1" player="oreiasccp" type="1" sum="10"/>
<action no="2" player="1021064082000900" type="2" discard="1" dealt="1" sum="20"/>
</round>
<round no="1"><cards type="Pocket" player="1021064082000900">X X</cards>
<cards type="Pocket" player="oreiasccp">S8 H2</cards>
<action no="3" player="oreiasccp" type="0" sum="0"/>
</round>
</game>
<game gamecode="11538674876"><general><startdate>2025-06-28 10:35:59</startdate>
<round>1</round>
<failsafecounter/>
<players><player seat="3" name="oreiasccp" chips="510" dealer="0" win="40" bet="510" muck="1" rebuy="0" addon="0" merge="0" rebuychips="0" reg_code="8393569741"/>
<player seat="6" name="1021064082000900" chips="990" dealer="1" win="0" bet="20" muck="1" rebuy="0" addon="0" merge="0" rebuychips="0" reg_code="8393569683"/>
</players>
</general>
<round no="0"><action no="1" player="1021064082000900" type="1" discard="1" dealt="1" sum="10"/>
<action no="2" player="oreiasccp" type="2" sum="20"/>
</round>
<round no="1"><cards type="Pocket" player="oreiasccp">SA D3</cards>
<cards type="Pocket" player="1021064082000900">X X</cards>
<action no="3" player="1021064082000900" type="3" discard="1" dealt="1" sum="10"/>
<action no="4" player="oreiasccp" type="23" sum="510"/>
<action no="5" player="1021064082000900" type="0" discard="1" dealt="1" sum="0"/>
</round>
</game>
<game gamecode="11538674931"><general><startdate>2025-06-28 10:36:10</startdate>
<round>1</round>
<failsafecounter/>
<players><player seat="6" name="1021064082000900" chips="970" dealer="0" win="130" bet="95" muck="1" rebuy="0" addon="0" merge="0" rebuychips="0" reg_code="8393569683"/>
<player seat="3" name="oreiasccp" chips="530" dealer="1" win="0" bet="65" muck="1" rebuy="0" addon="0" merge="0" rebuychips="0" reg_code="8393569741"/>
</players>
</general>
<round no="0"><action no="1" player="oreiasccp" type="15" sum="5"/>
<action no="2" player="1021064082000900" type="15" discard="1" dealt="1" sum="5"/>
<action no="3" player="oreiasccp" type="1" sum="15"/>
<action no="4" player="1021064082000900" type="2" discard="1" dealt="1" sum="30"/>
</round>
<round no="1"><cards type="Pocket" player="oreiasccp">S7 CJ</cards>
<cards type="Pocket" player="1021064082000900">X X</cards>
<action no="5" player="oreiasccp" type="23" sum="60"/>
<action no="6" player="1021064082000900" type="23" discard="1" dealt="1" sum="90"/>
<action no="7" player="oreiasccp" type="0" sum="0"/>
</round>
</game>
<game gamecode="11538674979"><general><startdate>2025-06-28 10:36:20</startdate>
<round>1</round>
<failsafecounter/>
<players><player seat="3" name="oreiasccp" chips="465" dealer="0" win="0" bet="225" muck="1" rebuy="0" addon="0" merge="0" rebuychips="0" reg_code="8393569741"/>
<player seat="6" name="1021064082000900" chips="1,035" dealer="1" win="450" bet="1,035" muck="1" rebuy="0" addon="0" merge="0" rebuychips="0" reg_code="8393569683"/>
</players>
</general>
<round no="0"><action no="1" player="1021064082000900" type="15" discard="1" dealt="1" sum="5"/>
<action no="2" player="oreiasccp" type="15" sum="5"/>
<action no="3" player="1021064082000900" type="1" discard="1" dealt="1" sum="15"/>
<action no="4" player="oreiasccp" type="2" sum="30"/>
</round>
<round no="1"><cards type="Pocket" player="oreiasccp">D5 DJ</cards>
<cards type="Pocket" player="1021064082000900">X X</cards>
<action no="5" player="1021064082000900" type="3" discard="1" dealt="1" sum="15"/>
<action no="6" player="oreiasccp" type="4" sum="0"/>
</round>
<round no="2"><cards type="Flop">D8 H9 DA</cards>
<action no="7" player="oreiasccp" type="4" sum="0"/>
<action no="8" player="1021064082000900" type="5" discard="1" dealt="1" sum="70"/>
<action no="9" player="oreiasccp" type="3" sum="70"/>
</round>
<round no="3"><cards type="Turn">S9</cards>
<action no="10" player="oreiasccp" type="4" sum="0"/>
<action no="11" player="1021064082000900" type="4" discard="1" dealt="1" sum="0"/>
</round>
<round no="4"><cards type="River">S6</cards>
<action no="12" player="oreiasccp" type="5" sum="120"/>
<action no="13" player="1021064082000900" type="23" discard="1" dealt="1" sum="930"/>
<action no="14" player="oreiasccp" type="0" sum="0"/>
</round>
</game>
<game gamecode="11538675158"><general><startdate>2025-06-28 10:36:58</startdate>
<round>1</round>
<failsafecounter/>
<players><player seat="6" name="1021064082000900" chips="1,260" dealer="0" win="40" bet="35" muck="1" rebuy="0" addon="0" merge="0" rebuychips="0" reg_code="8393569683"/>
<player seat="3" name="oreiasccp" chips="240" dealer="1" win="0" bet="20" muck="1" rebuy="0" addon="0" merge="0" rebuychips="0" reg_code="8393569741"/>
</players>
</general>
<round no="0"><action no="1" player="oreiasccp" type="15" sum="5"/>
<action no="2" player="1021064082000900" type="15" discard="1" dealt="1" sum="5"/>
<action no="3" player="oreiasccp" type="1" sum="15"/>
<action no="4" player="1021064082000900" type="2" discard="1" dealt="1" sum="30"/>
</round>
<round no="1"><cards type="Pocket" player="oreiasccp">D8 S2</cards>
<cards type="Pocket" player="1021064082000900">X X</cards>
<action no="5" player="oreiasccp" type="0" sum="0"/>
</round>
</game>
<game gamecode="11538675180"><general><startdate>2025-06-28 10:37:03</startdate>
<round>1</round>
<failsafecounter/>
<players><player seat="3" name="oreiasccp" chips="220" dealer="0" win="0" bet="35" muck="1" rebuy="0" addon="0" merge="0" rebuychips="0" reg_code="8393569741"/>
<player seat="6" name="1021064082000900" chips="1,280" dealer="1" win="70" bet="105" muck="1" rebuy="0" addon="0" merge="0" rebuychips="0" reg_code="8393569683"/>
</players>
</general>
<round no="0"><action no="1" player="1021064082000900" type="15" discard="1" dealt="1" sum="5"/>
<action no="2" player="oreiasccp" type="15" sum="5"/>
<action no="3" player="1021064082000900" type="1" discard="1" dealt="1" sum="15"/>
<action no="4" player="oreiasccp" type="2" sum="30"/>
</round>
<round no="1"><cards type="Pocket" player="1021064082000900">X X</cards>
<cards type="Pocket" player="oreiasccp">D8 H4</cards>
<action no="5" player="1021064082000900" type="3" discard="1" dealt="1" sum="15"/>
<action no="6" player="oreiasccp" type="4" sum="0"/>
</round>
<round no="2"><cards type="Flop">D7 D10 DA</cards>
<action no="7" player="oreiasccp" type="4" sum="0"/>
<action no="8" player="1021064082000900" type="5" discard="1" dealt="1" sum="70"/>
<action no="9" player="oreiasccp" type="0" sum="0"/>
</round>
</game>
<game gamecode="11538675240"><general><startdate>2025-06-28 10:37:16</startdate>
<round>1</round>
<failsafecounter/>
<players><player seat="6" name="1021064082000900" chips="1,315" dealer="0" win="40" bet="35" muck="1" rebuy="0" addon="0" merge="0" rebuychips="0" reg_code="8393569683"/>
<player seat="3" name="oreiasccp" chips="185" dealer="1" win="0" bet="20" muck="1" rebuy="0" addon="0" merge="0" rebuychips="0" reg_code="8393569741"/>
</players>
</general>
<round no="0"><action no="1" player="oreiasccp" type="15" sum="5"/>
<action no="2" player="1021064082000900" type="15" discard="1" dealt="1" sum="5"/>
<action no="3" player="oreiasccp" type="1" sum="15"/>
<action no="4" player="1021064082000900" type="2" discard="1" dealt="1" sum="30"/>
</round>
<round no="1"><cards type="Pocket" player="oreiasccp">H4 S7</cards>
<cards type="Pocket" player="1021064082000900">X X</cards>
<action no="5" player="oreiasccp" type="0" sum="0"/>
</round>
</game>
<game gamecode="11538675266"><general><startdate>2025-06-28 10:37:21</startdate>
<round>1</round>
<failsafecounter/>
<players><player seat="3" name="oreiasccp" chips="165" dealer="0" win="0" bet="165" muck="0" rebuy="0" addon="0" merge="0" rebuychips="0" reg_code="8393569741"/>
<player seat="6" name="1021064082000900" chips="1,335" dealer="1" win="330" bet="165" muck="0" rebuy="0" addon="0" merge="0" rebuychips="0" reg_code="8393569683"/>
</players>
</general>
<round no="0"><action no="1" player="1021064082000900" type="15" discard="1" dealt="1" sum="5"/>
<action no="2" player="oreiasccp" type="15" sum="5"/>
<action no="3" player="1021064082000900" type="1" discard="1" dealt="1" sum="15"/>
<action no="4" player="oreiasccp" type="2" sum="30"/>
</round>
<round no="1"><cards type="Pocket" player="1021064082000900">HK H6</cards>
<cards type="Pocket" player="oreiasccp">S9 D7</cards>
<action no="5" player="1021064082000900" type="3" discard="1" dealt="1" sum="15"/>
<action no="6" player="oreiasccp" type="4" sum="0"/>
</round>
<round no="2"><cards type="Flop">SK H8 H9</cards>
<action no="7" player="oreiasccp" type="4" sum="0"/>
<action no="8" player="1021064082000900" type="5" discard="1" dealt="1" sum="70"/>
<action no="9" player="oreiasccp" type="7" sum="130"/>
<action no="10" player="1021064082000900" type="3" discard="1" dealt="1" sum="60"/>
</round>
<round no="3"><cards type="Turn">H3</cards>
</round>
<round no="4"><cards type="River">CK</cards>
</round>
</game>
</session>
