<?xml version="1.0" encoding="UTF-8"?>
<session sessioncode="8393545558">
<general>
<client_version>25.1.1.13</client_version>
<mode>real</mode>
<gametype>Holdem NL</gametype>
<tablename>Twister €5 SNG, 1128750665</tablename>
<tournamentcode>1128750663</tournamentcode>
<tournamentname>Twister €5 SNG</tournamentname>
<buyin>€0 + €0.35 + €4.65</buyin>
<totalbuyin>€5</totalbuyin>
<rewarddrawn>€10</rewarddrawn>
<tournamentcurrency>EUR</tournamentcurrency>
<currency>EUR</currency>
<nickname>oreiasccp</nickname>
<gamecount>22</gamecount>
<startdate>2025-06-28 09:23:47</startdate>
<place>1</place>
<win>€10</win>
<tablesize>3</tablesize>
</general>
<game gamecode="11538608871"><general><startdate>2025-06-28 09:24:02</startdate>
<round>1</round>
<failsafecounter/>
<players><player seat="10" name="oreiasccp" chips="500" dealer="0" win="20" bet="20" muck="1" rebuy="0" addon="0" merge="0" rebuychips="0" reg_code="8393545558"/>
<player seat="3" name="DeusVult92" chips="500" dealer="1" win="0" bet="0" muck="1" rebuy="0" addon="0" merge="0" rebuychips="0" reg_code="8393545541"/>
<player seat="6" name="bobbb1" chips="500" dealer="0" win="0" bet="10" muck="1" rebuy="0" addon="0" merge="0" rebuychips="0" reg_code="8393545553"/>
</players>
</general>
<round no="0"><action no="1" player="bobbb1" type="1" discard="1" dealt="1" sum="10"/>
<action no="2" player="oreiasccp" type="2" sum="20"/>
</round>
<round no="1"><cards type="Pocket" player="bobbb1">X X</cards>
<cards type="Pocket" player="DeusVult92">X X</cards>
<cards type="Pocket" player="oreiasccp">HJ HQ</cards>
<action no="3" player="DeusVult92" type="0" discard="1" dealt="1" sum="0"/>
<action no="4" player="bobbb1" type="0" discard="1" dealt="1" sum="0"/>
</round>
</game>
<game gamecode="11538608916"><general><startdate>2025-06-28 09:24:14</startdate>
<round>1</round>
<failsafecounter/>
<players><player seat="3" name="DeusVult92" chips="500" dealer="0" win="130" bet="140" muck="1" rebuy="0" addon="0" merge="0" rebuychips="0" reg_code="8393545541"/>
<player seat="6" name="bobbb1" chips="490" dealer="1" win="0" bet="60" muck="1" rebuy="0" addon="0" merge="0" rebuychips="0" reg_code="8393545553"/>
<player seat="10" name="oreiasccp" chips="510" dealer="0" win="0" bet="10" muck="1" rebuy="0" addon="0" merge="0" rebuychips="0" reg_code="8393545558"/>
</players>
</general>
<round no="0"><action no="1" player="oreiasccp" type="1" sum="10"/>
<action no="2" player="DeusVult92" type="2" discard="1" dealt="1" sum="20"/>
</round>
<round no="1"><cards type="Pocket" player="bobbb1">X X</cards>
<cards type="Pocket" player="DeusVult92">X X</cards>
<cards type="Pocket" player="oreiasccp">HJ S5</cards>
<action no="3" player="bobbb1" type="23" discard="1" dealt="1" sum="40"/>
<action no="4" player="oreiasccp" type="0" sum="0"/>
<action no="5" player="DeusVult92" type="3" discard="1" dealt="1" sum="20"/>
</round>
<round no="2"><cards type="Flop">H9 S4 SQ</cards>
<action no="6" player="DeusVult92" type="4" discard="1" dealt="1" sum="0"/>
<action no="7" player="bobbb1" type="5" discard="1" dealt="1" sum="20"/>
<action no="8" player="DeusVult92" type="3" discard="1" dealt="1" sum="20"/>
</round>
<round no="3"><cards type="Turn">S9</cards>
<action no="9" player="DeusVult92" type="5" discard="1" dealt="1" sum="80"/>
<action no="10" player="bobbb1" type="0" discard="1" dealt="1" sum="0"/>
</round>
</game>
<game gamecode="11538609041"><general><startdate>2025-06-28 09:24:51</startdate>
<round>1</round>
<failsafecounter/>
<players><player seat="6" name="bobbb1" chips="430" dealer="0" win="0" bet="20" muck="1" rebuy="0" addon="0" merge="0" rebuychips="0" reg_code="8393545553"/>
<player seat="10" name="oreiasccp" chips="500" dealer="1" win="0" bet="0" muck="1" rebuy="0" addon="0" merge="0" rebuychips="0" reg_code="8393545558"/>
<player seat="3" name="DeusVult92" chips="570" dealer="0" win="40" bet="50" muck="1" rebuy="0" addon="0" merge="0" rebuychips="0" reg_code="8393545541"/>
</players>
</general>
<round no="0"><action no="1" player="DeusVult92" type="1" discard="1" dealt="1" sum="10"/>
<action no="2" player="bobbb1" type="2" discard="1" dealt="1" sum="20"/>
</round>
<round no="1"><cards type="Pocket" player="oreiasccp">C8 SQ</cards>
<cards type="Pocket" player="DeusVult92">X X</cards>
<cards type="Pocket" player="bobbb1">X X</cards>
<action no="3" player="oreiasccp" type="0" sum="0"/>
<action no="4" player="DeusVult92" type="23" discard="1" dealt="1" sum="50"/>
<action no="5" player="bobbb1" type="0" discard="1" dealt="1" sum="0"/>
</round>
</game>
<game gamecode="11538609106"><general><startdate>2025-06-28 09:25:10</startdate>
<round>1</round>
<failsafecounter/>
<players><player seat="10" name="oreiasccp" chips="500" dealer="0" win="0" bet="80" muck="1" rebuy="0" addon="0" merge="0" rebuychips="0" reg_code="8393545558"/>
<player seat="3" name="DeusVult92" chips="590" dealer="1" win="0" bet="0" muck="1" rebuy="0" addon="0" merge="0" rebuychips="0" reg_code="8393545541"/>
<player seat="6" name="bobbb1" chips="410" dealer="0" win="160" bet="80" muck="0" rebuy="0" addon="0" merge="0" rebuychips="0" reg_code="8393545553"/>
</players>
</general>
<round no="0"><action no="1" player="bobbb1" type="1" discard="1" dealt="1" sum="10"/>
<action no="2" player="oreiasccp" type="2" sum="20"/>
</round>
<round no="1"><cards type="Pocket" player="oreiasccp">HQ H2</cards>
<cards type="Pocket" player="DeusVult92">X X</cards>
<cards type="Pocket" player="bobbb1">C5 CA</cards>
<action no="3" player="DeusVult92" type="0" discard="1" dealt="1" sum="0"/>
<action no="4" player="bobbb1" type="23" discard="1" dealt="1" sum="50"/>
<action no="5" player="oreiasccp" type="3" sum="30"/>
</round>
<round no="2"><cards type="Flop">D4 CJ H5</cards>
<action no="6" player="bobbb1" type="4" discard="1" dealt="1" sum="0"/>
<action no="7" player="oreiasccp" type="4" sum="0"/>
</round>
<round no="3"><cards type="Turn">H4</cards>
<action no="8" player="bobbb1" type="5" discard="1" dealt="1" sum="30"/>
<action no="9" player="oreiasccp" type="3" sum="30"/>
</round>
<round no="4"><cards type="River">S3</cards>
<action no="10" player="bobbb1" type="4" discard="1" dealt="1" sum="0"/>
<action no="11" player="oreiasccp" type="4" sum="0"/>
</round>
</game>
<game gamecode="11538609248"><general><startdate>2025-06-28 09:25:53</startdate>
<round>1</round>
<failsafecounter/>
<players><player seat="3" name="DeusVult92" chips="590" dealer="0" win="20" bet="20" muck="1" rebuy="0" addon="0" merge="0" rebuychips="0" reg_code="8393545541"/>
<player seat="6" name="bobbb1" chips="490" dealer="1" win="0" bet="0" muck="1" rebuy="0" addon="0" merge="0" rebuychips="0" reg_code="8393545553"/>
<player seat="10" name="oreiasccp" chips="420" dealer="0" win="0" bet="10" muck="1" rebuy="0" addon="0" merge="0" rebuychips="0" reg_code="8393545558"/>
</players>
</general>
<round no="0"><action no="1" player="oreiasccp" type="1" sum="10"/>
<action no="2" player="DeusVult92" type="2" discard="1" dealt="1" sum="20"/>
</round>
<round no="1"><cards type="Pocket" player="oreiasccp">CJ S6</cards>
<cards type="Pocket" player="DeusVult92">X X</cards>
<cards type="Pocket" player="bobbb1">X X</cards>
<action no="3" player="bobbb1" type="0" discard="1" dealt="1" sum="0"/>
<action no="4" player="oreiasccp" type="0" sum="0"/>
</round>
</game>
<game gamecode="11538609282"><general><startdate>2025-06-28 09:26:05</startdate>
<round>1</round>
<failsafecounter/>
<players><player seat="6" name="bobbb1" chips="490" dealer="0" win="150" bet="490" muck="1" rebuy="0" addon="0" merge="0" rebuychips="0" reg_code="8393545553"/>
<player seat="10" name="oreiasccp" chips="410" dealer="1" win="0" bet="65" muck="1" rebuy="0" addon="0" merge="0" rebuychips="0" reg_code="8393545558"/>
<player seat="3" name="DeusVult92" chips="600" dealer="0" win="0" bet="20" muck="1" rebuy="0" addon="0" merge="0" rebuychips="0" reg_code="8393545541"/>
</players>
</general>
<round no="0"><action no="1" player="DeusVult92" type="15" discard="1" dealt="1" sum="5"/>
<action no="2" player="bobbb1" type="15" discard="1" dealt="1" sum="5"/>
<action no="3" player="oreiasccp" type="15" sum="5"/>
<action no="4" player="DeusVult92" type="1" discard="1" dealt="1" sum="15"/>
<action no="5" player="bobbb1" type="2" discard="1" dealt="1" sum="30"/>
</round>
<round no="1"><cards type="Pocket" player="bobbb1">X X</cards>
<cards type="Pocket" player="oreiasccp">H10 SK</cards>
<cards type="Pocket" player="DeusVult92">X X</cards>
<action no="6" player="oreiasccp" type="23" sum="60"/>
<action no="7" player="DeusVult92" type="0" discard="1" dealt="1" sum="0"/>
<action no="8" player="bobbb1" type="23" discard="1" dealt="1" sum="485"/>
<action no="9" player="oreiasccp" type="0" sum="0"/>
</round>
</game>
<game gamecode="11538609351"><general><startdate>2025-06-28 09:26:29</startdate>
<round>1</round>
<failsafecounter/>
<players><player seat="10" name="oreiasccp" chips="345" dealer="0" win="0" bet="35" muck="1" rebuy="0" addon="0" merge="0" rebuychips="0" reg_code="8393545558"/>
<player seat="3" name="DeusVult92" chips="580" dealer="1" win="1,185" bet="575" muck="0" rebuy="0" addon="0" merge="0" rebuychips="0" reg_code="8393545541"/>
<player seat="6" name="bobbb1" chips="575" dealer="0" win="0" bet="575" muck="0" rebuy="0" addon="0" merge="0" rebuychips="0" reg_code="8393545553"/>
</players>
</general>
<round no="0"><action no="1" player="bobbb1" type="15" discard="1" dealt="1" sum="5"/>
<action no="2" player="oreiasccp" type="15" sum="5"/>
<action no="3" player="DeusVult92" type="15" discard="1" dealt="1" sum="5"/>
<action no="4" player="bobbb1" type="1" discard="1" dealt="1" sum="15"/>
<action no="5" player="oreiasccp" type="2" sum="30"/>
</round>
<round no="1"><cards type="Pocket" player="DeusVult92">SQ HA</cards>
<cards type="Pocket" player="oreiasccp">C3 S2</cards>
<cards type="Pocket" player="bobbb1">H10 DA</cards>
<action no="6" player="DeusVult92" type="23" discard="1" dealt="1" sum="60"/>
<action no="7" player="bobbb1" type="23" discard="1" dealt="1" sum="570"/>
<action no="8" player="oreiasccp" type="0" sum="0"/>
<action no="9" player="DeusVult92" type="3" discard="1" dealt="1" sum="510"/>
</round>
<round no="2"><cards type="Flop">HQ S6 S8</cards>
</round>
<round no="3"><cards type="Turn">DJ</cards>
</round>
<round no="4"><cards type="River">D2</cards>
</round>
</game>
<game gamecode="11538609438"><general><startdate>2025-06-28 09:26:54</startdate>
<round>1</round>
<failsafecounter/>
<players><player seat="3" name="DeusVult92" chips="1,190" dealer="0" win="70" bet="1,190" muck="1" rebuy="0" addon="0" merge="0" rebuychips="0" reg_code="8393545541"/>
<player seat="10" name="oreiasccp" chips="310" dealer="1" win="0" bet="35" muck="1" rebuy="0" addon="0" merge="0" rebuychips="0" reg_code="8393545558"/>
</players>
</general>
<round no="0"><action no="1" player="oreiasccp" type="15" sum="5"/>
<action no="2" player="DeusVult92" type="15" discard="1" dealt="1" sum="5"/>
<action no="3" player="oreiasccp" type="1" sum="15"/>
<action no="4" player="DeusVult92" type="2" discard="1" dealt="1" sum="30"/>
</round>
<round no="1"><cards type="Pocket" player="oreiasccp">D4 DJ</cards>
<cards type="Pocket" player="DeusVult92">X X</cards>
<action no="5" player="oreiasccp" type="3" sum="15"/>
<action no="6" player="DeusVult92" type="23" discard="1" dealt="1" sum="1,185"/>
<action no="7" player="oreiasccp" type="0" sum="0"/>
</round>
</game>
<game gamecode="11538609479"><general><startdate>2025-06-28 09:27:08</startdate>
<round>1</round>
<failsafecounter/>
<players><player seat="10" name="oreiasccp" chips="275" dealer="0" win="70" bet="275" muck="1" rebuy="0" addon="0" merge="0" rebuychips="0" reg_code="8393545558"/>
<player seat="3" name="DeusVult92" chips="1,225" dealer="1" win="0" bet="35" muck="1" rebuy="0" addon="0" merge="0" rebuychips="0" reg_code="8393545541"/>
</players>
</general>
<round no="0"><action no="1" player="DeusVult92" type="15" discard="1" dealt="1" sum="5"/>
<action no="2" player="oreiasccp" type="15" sum="5"/>
<action no="3" player="DeusVult92" type="1" discard="1" dealt="1" sum="15"/>
<action no="4" player="oreiasccp" type="2" sum="30"/>
</round>
<round no="1"><cards type="Pocket" player="DeusVult92">X X</cards>
<cards type="Pocket" player="oreiasccp">DA S4</cards>
<action no="5" player="DeusVult92" type="3" discard="1" dealt="1" sum="15"/>
<action no="6" player="oreiasccp" type="23" sum="270"/>
<action no="7" player="DeusVult92" type="0" discard="1" dealt="1" sum="0"/>
</round>
</game>
<game gamecode="11538609520"><general><startdate>2025-06-28 09:27:20</startdate>
<round>1</round>
<failsafecounter/>
<players><player seat="3" name="DeusVult92" chips="1,190" dealer="0" win="0" bet="35" muck="1" rebuy="0" addon="0" merge="0" rebuychips="0" reg_code="8393545541"/>
<player seat="10" name="oreiasccp" chips="310" dealer="1" win="70" bet="310" muck="1" rebuy="0" addon="0" merge="0" rebuychips="0" reg_code="8393545558"/>
</players>
</general>
<round no="0"><action no="1" player="oreiasccp" type="15" sum="5"/>
<action no="2" player="DeusVult92" type="15" discard="1" dealt="1" sum="5"/>
<action no="3" player="oreiasccp" type="1" sum="15"/>
<action no="4" player="DeusVult92" type="2" discard="1" dealt="1" sum="30"/>
</round>
<round no="1"><cards type="Pocket" player="DeusVult92">X X</cards>
<cards type="Pocket" player="oreiasccp">S7 DA</cards>
<action no="5" player="oreiasccp" type="23" sum="305"/>
<action no="6" player="DeusVult92" type="0" discard="1" dealt="1" sum="0"/>
</round>
</game>
<game gamecode="11538609547"><general><startdate>2025-06-28 09:27:27</startdate>
<round>1</round>
<failsafecounter/>
<players><player seat="10" name="oreiasccp" chips="345" dealer="0" win="690" bet="345" muck="0" rebuy="0" addon="0" merge="0" rebuychips="0" reg_code="8393545558"/>
<player seat="3" name="DeusVult92" chips="1,155" dealer="1" win="0" bet="1,155" muck="0" rebuy="0" addon="0" merge="0" rebuychips="0" reg_code="8393545541"/>
</players>
</general>
<round no="0"><action no="1" player="DeusVult92" type="15" discard="1" dealt="1" sum="5"/>
<action no="2" player="oreiasccp" type="15" sum="5"/>
<action no="3" player="DeusVult92" type="1" discard="1" dealt="1" sum="15"/>
<action no="4" player="oreiasccp" type="2" sum="30"/>
</round>
<round no="1"><cards type="Pocket" player="oreiasccp">S7 CA</cards>
<cards type="Pocket" player="DeusVult92">C6 SA</cards>
<action no="5" player="DeusVult92" type="23" discard="1" dealt="1" sum="1,150"/>
<action no="6" player="oreiasccp" type="7" sum="310"/>
</round>
<round no="2"><cards type="Flop">SQ D7 C4</cards>
</round>
<round no="3"><cards type="Turn">H5</cards>
</round>
<round no="4"><cards type="River">H9</cards>
</round>
</game>
<game gamecode="11538609619"><general><startdate>2025-06-28 09:27:47</startdate>
<round>1</round>
<failsafecounter/>
<players><player seat="3" name="DeusVult92" chips="810" dealer="0" win="130" bet="810" muck="1" rebuy="0" addon="0" merge="0" rebuychips="0" reg_code="8393545541"/>
<player seat="10" name="oreiasccp" chips="690" dealer="1" win="0" bet="65" muck="1" rebuy="0" addon="0" merge="0" rebuychips="0" reg_code="8393545558"/>
</players>
</general>
<round no="0"><action no="1" player="oreiasccp" type="15" sum="5"/>
<action no="2" player="DeusVult92" type="15" discard="1" dealt="1" sum="5"/>
<action no="3" player="oreiasccp" type="1" sum="15"/>
<action no="4" player="DeusVult92" type="2" discard="1" dealt="1" sum="30"/>
</round>
<round no="1"><cards type="Pocket" player="oreiasccp">C6 H9</cards>
<cards type="Pocket" player="DeusVult92">X X</cards>
<action no="5" player="oreiasccp" type="23" sum="60"/>
<action no="6" player="DeusVult92" type="23" discard="1" dealt="1" sum="805"/>
<action no="7" player="oreiasccp" type="0" sum="0"/>
</round>
</game>
<game gamecode="11538609651"><general><startdate>2025-06-28 09:27:56</startdate>
<round>1</round>
<failsafecounter/>
<players><player seat="10" name="oreiasccp" chips="625" dealer="0" win="40" bet="35" muck="1" rebuy="0" addon="0" merge="0" rebuychips="0" reg_code="8393545558"/>
<player seat="3" name="DeusVult92" chips="875" dealer="1" win="0" bet="20" muck="1" rebuy="0" addon="0" merge="0" rebuychips="0" reg_code="8393545541"/>
</players>
</general>
<round no="0"><action no="1" player="DeusVult92" type="15" discard="1" dealt="1" sum="5"/>
<action no="2" player="oreiasccp" type="15" sum="5"/>
<action no="3" player="DeusVult92" type="1" discard="1" dealt="1" sum="15"/>
<action no="4" player="oreiasccp" type="2" sum="30"/>
</round>
<round no="1"><cards type="Pocket" player="oreiasccp">HK S4</cards>
<cards type="Pocket" player="DeusVult92">X X</cards>
<action no="5" player="DeusVult92" type="0" discard="1" dealt="1" sum="0"/>
</round>
</game>
<game gamecode="11538609679"><general><startdate>2025-06-28 09:28:04</startdate>
<round>1</round>
<failsafecounter/>
<players><player seat="3" name="DeusVult92" chips="855" dealer="0" win="170" bet="85" muck="0" rebuy="0" addon="0" merge="0" rebuychips="0" reg_code="8393545541"/>
<player seat="10" name="oreiasccp" chips="645" dealer="1" win="0" bet="85" muck="1" rebuy="0" addon="0" merge="0" rebuychips="0" reg_code="8393545558"/>
</players>
</general>
<round no="0"><action no="1" player="oreiasccp" type="15" sum="5"/>
<action no="2" player="DeusVult92" type="15" discard="1" dealt="1" sum="5"/>
<action no="3" player="oreiasccp" type="1" sum="20"/>
<action no="4" player="DeusVult92" type="2" discard="1" dealt="1" sum="40"/>
</round>
<round no="1"><cards type="Pocket" player="DeusVult92">S2 DK</cards>
<cards type="Pocket" player="oreiasccp">D6 D3</cards>
<action no="5" player="oreiasccp" type="3" sum="20"/>
<action no="6" player="DeusVult92" type="4" discard="1" dealt="1" sum="0"/>
</round>
<round no="2"><cards type="Flop">HJ C10 CK</cards>
<action no="7" player="DeusVult92" type="4" discard="1" dealt="1" sum="0"/>
<action no="8" player="oreiasccp" type="5" sum="40"/>
<action no="9" player="DeusVult92" type="3" discard="1" dealt="1" sum="40"/>
</round>
<round no="3"><cards type="Turn">H6</cards>
<action no="10" player="DeusVult92" type="4" discard="1" dealt="1" sum="0"/>
<action no="11" player="oreiasccp" type="4" sum="0"/>
</round>
<round no="4"><cards type="River">DQ</cards>
<action no="12" player="DeusVult92" type="4" discard="1" dealt="1" sum="0"/>
<action no="13" player="oreiasccp" type="4" sum="0"/>
</round>
</game>
<game gamecode="11538609839"><general><startdate>2025-06-28 09:28:50</startdate>
<round>1</round>
<failsafecounter/>
<players><player seat="10" name="oreiasccp" chips="560" dealer="0" win="0" bet="85" muck="1" rebuy="0" addon="0" merge="0" rebuychips="0" reg_code="8393545558"/>
<player seat="3" name="DeusVult92" chips="940" dealer="1" win="170" bet="205" muck="1" rebuy="0" addon="0" merge="0" rebuychips="0" reg_code="8393545541"/>
</players>
</general>
<round no="0"><action no="1" player="DeusVult92" type="15" discard="1" dealt="1" sum="5"/>
<action no="2" player="oreiasccp" type="15" sum="5"/>
<action no="3" player="DeusVult92" type="1" discard="1" dealt="1" sum="20"/>
<action no="4" player="oreiasccp" type="2" sum="40"/>
</round>
<round no="1"><cards type="Pocket" player="oreiasccp">D5 D4</cards>
<cards type="Pocket" player="DeusVult92">X X</cards>
<action no="5" player="DeusVult92" type="3" discard="1" dealt="1" sum="20"/>
<action no="6" player="oreiasccp" type="4" sum="0"/>
</round>
<round no="2"><cards type="Flop">H6 CA S7</cards>
<action no="7" player="oreiasccp" type="4" sum="0"/>
<action no="8" player="DeusVult92" type="5" discard="1" dealt="1" sum="40"/>
<action no="9" player="oreiasccp" type="3" sum="40"/>
</round>
<round no="3"><cards type="Turn">HQ</cards>
<action no="10" player="oreiasccp" type="4" sum="0"/>
<action no="11" player="DeusVult92" type="5" discard="1" dealt="1" sum="120"/>
<action no="12" player="oreiasccp" type="0" sum="0"/>
</round>
</game>
<game gamecode="11538614899"><general><startdate>2025-06-28 09:29:36</startdate>
<round>1</round>
<failsafecounter/>
<players><player seat="3" name="DeusVult92" chips="1,025" dealer="0" win="90" bet="1,025" muck="1" rebuy="0" addon="0" merge="0" rebuychips="0" reg_code="8393545541"/>
<player seat="10" name="oreiasccp" chips="475" dealer="1" win="0" bet="45" muck="1" rebuy="0" addon="0" merge="0" rebuychips="0" reg_code="8393545558"/>
</players>
</general>
<round no="0"><action no="1" player="oreiasccp" type="15" sum="5"/>
<action no="2" player="DeusVult92" type="15" discard="1" dealt="1" sum="5"/>
<action no="3" player="oreiasccp" type="1" sum="20"/>
<action no="4" player="DeusVult92" type="2" discard="1" dealt="1" sum="40"/>
</round>
<round no="1"><cards type="Pocket" player="oreiasccp">SK S2</cards>
<cards type="Pocket" player="DeusVult92">X X</cards>
<action no="5" player="oreiasccp" type="3" sum="20"/>
<action no="6" player="DeusVult92" type="23" discard="1" dealt="1" sum="1,020"/>
<action no="7" player="oreiasccp" type="0" sum="0"/>
</round>
</game>
<game gamecode="11538614936"><general><startdate>2025-06-28 09:29:46</startdate>
<round>1</round>
<failsafecounter/>
<players><player seat="10" name="oreiasccp" chips="430" dealer="0" win="90" bet="430" muck="1" rebuy="0" addon="0" merge="0" rebuychips="0" reg_code="8393545558"/>
<player seat="3" name="DeusVult92" chips="1,070" dealer="1" win="0" bet="45" muck="1" rebuy="0" addon="0" merge="0" rebuychips="0" reg_code="8393545541"/>
</players>
</general>
<round no="0"><action no="1" player="DeusVult92" type="15" discard="1" dealt="1" sum="5"/>
<action no="2" player="oreiasccp" type="15" sum="5"/>
<action no="3" player="DeusVult92" type="1" discard="1" dealt="1" sum="20"/>
<action no="4" player="oreiasccp" type="2" sum="40"/>
</round>
<round no="1"><cards type="Pocket" player="oreiasccp">D5 CQ</cards>
<cards type="Pocket" player="DeusVult92">X X</cards>
<action no="5" player="DeusVult92" type="3" discard="1" dealt="1" sum="20"/>
<action no="6" player="oreiasccp" type="23" sum="425"/>
<action no="7" player="DeusVult92" type="0" discard="1" dealt="1" sum="0"/>
</round>
</game>
<game gamecode="11538615023"><general><startdate>2025-06-28 09:30:12</startdate>
<round>1</round>
<failsafecounter/>
<players><player seat="3" name="DeusVult92" chips="1,025" dealer="0" win="0" bet="65" muck="1" rebuy="0" addon="0" merge="0" rebuychips="0" reg_code="8393545541"/>
<player seat="10" name="oreiasccp" chips="475" dealer="1" win="130" bet="475" muck="1" rebuy="0" addon="0" merge="0" rebuychips="0" reg_code="8393545558"/>
</players>
</general>
<round no="0"><action no="1" player="oreiasccp" type="15" sum="5"/>
<action no="2" player="DeusVult92" type="15" discard="1" dealt="1" sum="5"/>
<action no="3" player="oreiasccp" type="1" sum="30"/>
<action no="4" player="DeusVult92" type="2" discard="1" dealt="1" sum="60"/>
</round>
<round no="1"><cards type="Pocket" player="oreiasccp">DA C3</cards>
<cards type="Pocket" player="DeusVult92">X X</cards>
<action no="5" player="oreiasccp" type="23" sum="470"/>
<action no="6" player="DeusVult92" type="0" discard="1" dealt="1" sum="0"/>
</round>
</game>
<game gamecode="11538615063"><general><startdate>2025-06-28 09:30:21</startdate>
<round>1</round>
<failsafecounter/>
<players><player seat="10" name="oreiasccp" chips="540" dealer="0" win="250" bet="125" muck="0" rebuy="0" addon="0" merge="0" rebuychips="0" reg_code="8393545558"/>
<player seat="3" name="DeusVult92" chips="960" dealer="1" win="0" bet="125" muck="1" rebuy="0" addon="0" merge="0" rebuychips="0" reg_code="8393545541"/>
</players>
</general>
<round no="0"><action no="1" player="DeusVult92" type="15" discard="1" dealt="1" sum="5"/>
<action no="2" player="oreiasccp" type="15" sum="5"/>
<action no="3" player="DeusVult92" type="1" discard="1" dealt="1" sum="30"/>
<action no="4" player="oreiasccp" type="2" sum="60"/>
</round>
<round no="1"><cards type="Pocket" player="oreiasccp">H4 C7</cards>
<cards type="Pocket" player="DeusVult92">S10 SA</cards>
<action no="5" player="DeusVult92" type="3" discard="1" dealt="1" sum="30"/>
<action no="6" player="oreiasccp" type="4" sum="0"/>
</round>
<round no="2"><cards type="Flop">C4 DJ D6</cards>
<action no="7" player="oreiasccp" type="4" sum="0"/>
<action no="8" player="DeusVult92" type="4" discard="1" dealt="1" sum="0"/>
</round>
<round no="3"><cards type="Turn">CQ</cards>
<action no="9" player="oreiasccp" type="4" sum="0"/>
<action no="10" player="DeusVult92" type="4" discard="1" dealt="1" sum="0"/>
</round>
<round no="4"><cards type="River">DQ</cards>
<action no="11" player="oreiasccp" type="5" sum="60"/>
<action no="12" player="DeusVult92" type="3" discard="1" dealt="1" sum="60"/>
</round>
</game>
<game gamecode="11538615153"><general><startdate>2025-06-28 09:30:49</startdate>
<round>1</round>
<failsafecounter/>
<players><player seat="3" name="DeusVult92" chips="835" dealer="0" win="0" bet="835" muck="0" rebuy="0" addon="0" merge="0" rebuychips="0" reg_code="8393545541"/>
<player seat="10" name="oreiasccp" chips="665" dealer="1" win="1,330" bet="665" muck="0" rebuy="0" addon="0" merge="0" rebuychips="0" reg_code="8393545558"/>
</players>
</general>
<round no="0"><action no="1" player="oreiasccp" type="15" sum="5"/>
<action no="2" player="DeusVult92" type="15" discard="1" dealt="1" sum="5"/>
<action no="3" player="oreiasccp" type="1" sum="30"/>
<action no="4" player="DeusVult92" type="2" discard="1" dealt="1" sum="60"/>
</round>
<round no="1"><cards type="Pocket" player="oreiasccp">DJ S10</cards>
<cards type="Pocket" player="DeusVult92">H7 S9</cards>
<action no="5" player="oreiasccp" type="3" sum="30"/>
<action no="6" player="DeusVult92" type="4" discard="1" dealt="1" sum="0"/>
</round>
<round no="2"><cards type="Flop">H3 C8 H9</cards>
<action no="7" player="DeusVult92" type="4" discard="1" dealt="1" sum="0"/>
<action no="8" player="oreiasccp" type="5" sum="60"/>
<action no="9" player="DeusVult92" type="23" discard="1" dealt="1" sum="180"/>
<action no="10" player="oreiasccp" type="3" sum="120"/>
</round>
<round no="3"><cards type="Turn">C7</cards>
<action no="11" player="DeusVult92" type="5" discard="1" dealt="1" sum="590"/>
<action no="12" player="oreiasccp" type="7" sum="420"/>
</round>
<round no="4"><cards type="River">D3</cards>
</round>
</game>
<game gamecode="11538615278"><general><startdate>2025-06-28 09:31:25</startdate>
<round>1</round>
<failsafecounter/>
<players><player seat="10" name="oreiasccp" chips="1,330" dealer="0" win="0" bet="65" muck="1" rebuy="0" addon="0" merge="0" rebuychips="0" reg_code="8393545558"/>
<player seat="3" name="DeusVult92" chips="170" dealer="1" win="130" bet="170" muck="1" rebuy="0" addon="0" merge="0" rebuychips="0" reg_code="8393545541"/>
</players>
</general>
<round no="0"><action no="1" player="DeusVult92" type="15" discard="1" dealt="1" sum="5"/>
<action no="2" player="oreiasccp" type="15" sum="5"/>
<action no="3" player="DeusVult92" type="1" discard="1" dealt="1" sum="30"/>
<action no="4" player="oreiasccp" type="2" sum="60"/>
</round>
<round no="1"><cards type="Pocket" player="DeusVult92">X X</cards>
<cards type="Pocket" player="oreiasccp">D10 H2</cards>
<action no="5" player="DeusVult92" type="23" discard="1" dealt="1" sum="165"/>
<action no="6" player="oreiasccp" type="0" sum="0"/>
</round>
</game>
<game gamecode="11538615318"><general><startdate>2025-06-28 09:31:37</startdate>
<round>1</round>
<failsafecounter/>
<players><player seat="3" name="DeusVult92" chips="235" dealer="0" win="0" bet="235" muck="0" rebuy="0" addon="0" merge="0" rebuychips="0" reg_code="8393545541"/>
<player seat="10" name="oreiasccp" chips="1,265" dealer="1" win="470" bet="235" muck="0" rebuy="0" addon="0" merge="0" rebuychips="0" reg_code="8393545558"/>
</players>
</general>
<round no="0"><action no="1" player="oreiasccp" type="15" sum="5"/>
<action no="2" player="DeusVult92" type="15" discard="1" dealt="1" sum="5"/>
<action no="3" player="oreiasccp" type="1" sum="30"/>
<action no="4" player="DeusVult92" type="2" discard="1" dealt="1" sum="60"/>
</round>
<round no="1"><cards type="Pocket" player="DeusVult92">DK C2</cards>
<cards type="Pocket" player="oreiasccp">CQ C7</cards>
<action no="5" player="oreiasccp" type="23" sum="230"/>
<action no="6" player="DeusVult92" type="7" discard="1" dealt="1" sum="170"/>
</round>
<round no="2"><cards type="Flop">HQ C10 DA</cards>
</round>
<round no="3"><cards type="Turn">D4</cards>
</round>
<round no="4"><cards type="River">H8</cards>
</round>
</game>
</session>
