<?xml version="1.0" encoding="UTF-8"?>
<session sessioncode="8393588745">
<general>
<client_version>25.1.1.13</client_version>
<mode>real</mode>
<gametype>Holdem NL</gametype>
<tablename>Twister €5 SNG, 1128756922</tablename>
<tournamentcode>1128756921</tournamentcode>
<tournamentname>Twister €5 SNG</tournamentname>
<buyin>€0 + €0.35 + €4.65</buyin>
<totalbuyin>€5</totalbuyin>
<rewarddrawn>€40</rewarddrawn>
<tournamentcurrency>EUR</tournamentcurrency>
<currency>EUR</currency>
<nickname>oreiasccp</nickname>
<gamecount>31</gamecount>
<startdate>2025-06-28 11:26:36</startdate>
<place>1</place>
<win>€40</win>
<tablesize>3</tablesize>
</general>
<game gamecode="11538716562"><general><startdate>2025-06-28 11:26:51</startdate>
<round>1</round>
<failsafecounter/>
<players><player seat="6" name="Sural2089" chips="500" dealer="0" win="0" bet="60" muck="1" rebuy="0" addon="0" merge="0" rebuychips="0" reg_code="8393588764"/>
<player seat="10" name="CatsInHats" chips="500" dealer="1" win="0" bet="0" muck="1" rebuy="0" addon="0" merge="0" rebuychips="0" reg_code="8393588773"/>
<player seat="3" name="oreiasccp" chips="500" dealer="0" win="120" bet="90" muck="1" rebuy="0" addon="0" merge="0" rebuychips="0" reg_code="8393588745"/>
</players>
</general>
<round no="0"><action no="1" player="oreiasccp" type="1" sum="10"/>
<action no="2" player="Sural2089" type="2" discard="1" dealt="1" sum="20"/>
</round>
<round no="1"><cards type="Pocket" player="oreiasccp">D10 C10</cards>
<cards type="Pocket" player="Sural2089">X X</cards>
<cards type="Pocket" player="CatsInHats">X X</cards>
<action no="3" player="CatsInHats" type="0" discard="1" dealt="1" sum="0"/>
<action no="4" player="oreiasccp" type="23" sum="60"/>
<action no="5" player="Sural2089" type="3" discard="1" dealt="1" sum="40"/>
</round>
<round no="2"><cards type="Flop">S3 D2 DK</cards>
<action no="6" player="oreiasccp" type="5" sum="30"/>
<action no="7" player="Sural2089" type="0" discard="1" dealt="1" sum="0"/>
</round>
</game>
<game gamecode="11538716623"><general><startdate>2025-06-28 11:27:07</startdate>
<round>1</round>
<failsafecounter/>
<players><player seat="10" name="CatsInHats" chips="500" dealer="0" win="0" bet="20" muck="1" rebuy="0" addon="0" merge="0" rebuychips="0" reg_code="8393588773"/>
<player seat="3" name="oreiasccp" chips="560" dealer="1" win="50" bet="40" muck="1" rebuy="0" addon="0" merge="0" rebuychips="0" reg_code="8393588745"/>
<player seat="6" name="Sural2089" chips="440" dealer="0" win="0" bet="10" muck="1" rebuy="0" addon="0" merge="0" rebuychips="0" reg_code="8393588764"/>
</players>
</general>
<round no="0"><action no="1" player="Sural2089" type="1" discard="1" dealt="1" sum="10"/>
<action no="2" player="CatsInHats" type="2" discard="1" dealt="1" sum="20"/>
</round>
<round no="1"><cards type="Pocket" player="CatsInHats">X X</cards>
<cards type="Pocket" player="Sural2089">X X</cards>
<cards type="Pocket" player="oreiasccp">S10 HK</cards>
<action no="3" player="oreiasccp" type="23" sum="40"/>
<action no="4" player="Sural2089" type="0" discard="1" dealt="1" sum="0"/>
<action no="5" player="CatsInHats" type="0" discard="1" dealt="1" sum="0"/>
</round>
</game>
<game gamecode="11538716675"><general><startdate>2025-06-28 11:27:18</startdate>
<round>1</round>
<failsafecounter/>
<players><player seat="3" name="oreiasccp" chips="590" dealer="0" win="0" bet="40" muck="1" rebuy="0" addon="0" merge="0" rebuychips="0" reg_code="8393588745"/>
<player seat="6" name="Sural2089" chips="430" dealer="1" win="90" bet="85" muck="1" rebuy="0" addon="0" merge="0" rebuychips="0" reg_code="8393588764"/>
<player seat="10" name="CatsInHats" chips="480" dealer="0" win="0" bet="10" muck="1" rebuy="0" addon="0" merge="0" rebuychips="0" reg_code="8393588773"/>
</players>
</general>
<round no="0"><action no="1" player="CatsInHats" type="1" discard="1" dealt="1" sum="10"/>
<action no="2" player="oreiasccp" type="2" sum="20"/>
</round>
<round no="1"><cards type="Pocket" player="oreiasccp">D7 HJ</cards>
<cards type="Pocket" player="Sural2089">X X</cards>
<cards type="Pocket" player="CatsInHats">X X</cards>
<action no="3" player="Sural2089" type="23" discard="1" dealt="1" sum="40"/>
<action no="4" player="CatsInHats" type="0" discard="1" dealt="1" sum="0"/>
<action no="5" player="oreiasccp" type="3" sum="20"/>
</round>
<round no="2"><cards type="Flop">D4 C8 DQ</cards>
<action no="6" player="oreiasccp" type="4" sum="0"/>
<action no="7" player="Sural2089" type="5" discard="1" dealt="1" sum="45"/>
<action no="8" player="oreiasccp" type="0" sum="0"/>
</round>
</game>
<game gamecode="11538716754"><general><startdate>2025-06-28 11:27:40</startdate>
<round>1</round>
<failsafecounter/>
<players><player seat="6" name="Sural2089" chips="480" dealer="0" win="0" bet="169" muck="1" rebuy="0" addon="0" merge="0" rebuychips="0" reg_code="8393588764"/>
<player seat="10" name="CatsInHats" chips="470" dealer="1" win="0" bet="0" muck="1" rebuy="0" addon="0" merge="0" rebuychips="0" reg_code="8393588773"/>
<player seat="3" name="oreiasccp" chips="550" dealer="0" win="338" bet="480" muck="1" rebuy="0" addon="0" merge="0" rebuychips="0" reg_code="8393588745"/>
</players>
</general>
<round no="0"><action no="1" player="oreiasccp" type="1" sum="10"/>
<action no="2" player="Sural2089" type="2" discard="1" dealt="1" sum="20"/>
</round>
<round no="1"><cards type="Pocket" player="CatsInHats">X X</cards>
<cards type="Pocket" player="oreiasccp">D10 D3</cards>
<cards type="Pocket" player="Sural2089">X X</cards>
<action no="3" player="CatsInHats" type="0" discard="1" dealt="1" sum="0"/>
<action no="4" player="oreiasccp" type="23" sum="40"/>
<action no="5" player="Sural2089" type="3" discard="1" dealt="1" sum="20"/>
</round>
<round no="2"><cards type="Flop">C10 D8 H3</cards>
<action no="6" player="oreiasccp" type="5" sum="29"/>
<action no="7" player="Sural2089" type="3" discard="1" dealt="1" sum="29"/>
</round>
<round no="3"><cards type="Turn">H7</cards>
<action no="8" player="oreiasccp" type="4" sum="0"/>
<action no="9" player="Sural2089" type="5" discard="1" dealt="1" sum="100"/>
<action no="10" player="oreiasccp" type="23" sum="411"/>
<action no="11" player="Sural2089" type="0" discard="1" dealt="1" sum="0"/>
</round>
</game>
<game gamecode="11538716855"><general><startdate>2025-06-28 11:28:03</startdate>
<round>1</round>
<failsafecounter/>
<players><player seat="10" name="CatsInHats" chips="470" dealer="0" win="0" bet="20" muck="1" rebuy="0" addon="0" merge="0" rebuychips="0" reg_code="8393588773"/>
<player seat="3" name="oreiasccp" chips="719" dealer="1" win="200" bet="150" muck="1" rebuy="0" addon="0" merge="0" rebuychips="0" reg_code="8393588745"/>
<player seat="6" name="Sural2089" chips="311" dealer="0" win="0" bet="90" muck="1" rebuy="0" addon="0" merge="0" rebuychips="0" reg_code="8393588764"/>
</players>
</general>
<round no="0"><action no="1" player="Sural2089" type="1" discard="1" dealt="1" sum="10"/>
<action no="2" player="CatsInHats" type="2" discard="1" dealt="1" sum="20"/>
</round>
<round no="1"><cards type="Pocket" player="Sural2089">X X</cards>
<cards type="Pocket" player="CatsInHats">X X</cards>
<cards type="Pocket" player="oreiasccp">DA D6</cards>
<action no="3" player="oreiasccp" type="23" sum="40"/>
<action no="4" player="Sural2089" type="3" discard="1" dealt="1" sum="30"/>
<action no="5" player="CatsInHats" type="0" discard="1" dealt="1" sum="0"/>
</round>
<round no="2"><cards type="Flop">C10 DJ D3</cards>
<action no="6" player="Sural2089" type="5" discard="1" dealt="1" sum="50"/>
<action no="7" player="oreiasccp" type="3" sum="50"/>
</round>
<round no="3"><cards type="Turn">D9</cards>
<action no="8" player="Sural2089" type="4" discard="1" dealt="1" sum="0"/>
<action no="9" player="oreiasccp" type="5" sum="60"/>
<action no="10" player="Sural2089" type="0" discard="1" dealt="1" sum="0"/>
</round>
</game>
<game gamecode="11538716970"><general><startdate>2025-06-28 11:28:29</startdate>
<round>1</round>
<failsafecounter/>
<players><player seat="3" name="oreiasccp" chips="829" dealer="0" win="0" bet="40" muck="1" rebuy="0" addon="0" merge="0" rebuychips="0" reg_code="8393588745"/>
<player seat="6" name="Sural2089" chips="221" dealer="1" win="0" bet="0" muck="1" rebuy="0" addon="0" merge="0" rebuychips="0" reg_code="8393588764"/>
<player seat="10" name="CatsInHats" chips="450" dealer="0" win="80" bet="80" muck="1" rebuy="0" addon="0" merge="0" rebuychips="0" reg_code="8393588773"/>
</players>
</general>
<round no="0"><action no="1" player="CatsInHats" type="1" discard="1" dealt="1" sum="10"/>
<action no="2" player="oreiasccp" type="2" sum="20"/>
</round>
<round no="1"><cards type="Pocket" player="Sural2089">X X</cards>
<cards type="Pocket" player="CatsInHats">X X</cards>
<cards type="Pocket" player="oreiasccp">S7 DK</cards>
<action no="3" player="Sural2089" type="0" discard="1" dealt="1" sum="0"/>
<action no="4" player="CatsInHats" type="23" discard="1" dealt="1" sum="40"/>
<action no="5" player="oreiasccp" type="3" sum="20"/>
</round>
<round no="2"><cards type="Flop">C3 HA S6</cards>
<action no="6" player="CatsInHats" type="5" discard="1" dealt="1" sum="40"/>
<action no="7" player="oreiasccp" type="0" sum="0"/>
</round>
</game>
<game gamecode="11538717030"><general><startdate>2025-06-28 11:28:45</startdate>
<round>1</round>
<failsafecounter/>
<players><player seat="6" name="Sural2089" chips="221" dealer="0" win="0" bet="20" muck="1" rebuy="0" addon="0" merge="0" rebuychips="0" reg_code="8393588764"/>
<player seat="10" name="CatsInHats" chips="490" dealer="1" win="0" bet="0" muck="1" rebuy="0" addon="0" merge="0" rebuychips="0" reg_code="8393588773"/>
<player seat="3" name="oreiasccp" chips="789" dealer="0" win="40" bet="221" muck="1" rebuy="0" addon="0" merge="0" rebuychips="0" reg_code="8393588745"/>
</players>
</general>
<round no="0"><action no="1" player="oreiasccp" type="1" sum="10"/>
<action no="2" player="Sural2089" type="2" discard="1" dealt="1" sum="20"/>
</round>
<round no="1"><cards type="Pocket" player="oreiasccp">H9 C9</cards>
<cards type="Pocket" player="Sural2089">X X</cards>
<cards type="Pocket" player="CatsInHats">X X</cards>
<action no="3" player="CatsInHats" type="0" discard="1" dealt="1" sum="0"/>
<action no="4" player="oreiasccp" type="23" sum="221"/>
<action no="5" player="Sural2089" type="0" discard="1" dealt="1" sum="0"/>
</round>
</game>
<game gamecode="11538717072"><general><startdate>2025-06-28 11:28:56</startdate>
<round>1</round>
<failsafecounter/>
<players><player seat="10" name="CatsInHats" chips="490" dealer="0" win="0" bet="35" muck="1" rebuy="0" addon="0" merge="0" rebuychips="0" reg_code="8393588773"/>
<player seat="3" name="oreiasccp" chips="809" dealer="1" win="90" bet="65" muck="1" rebuy="0" addon="0" merge="0" rebuychips="0" reg_code="8393588745"/>
<player seat="6" name="Sural2089" chips="201" dealer="0" win="0" bet="20" muck="1" rebuy="0" addon="0" merge="0" rebuychips="0" reg_code="8393588764"/>
</players>
</general>
<round no="0"><action no="1" player="Sural2089" type="15" discard="1" dealt="1" sum="5"/>
<action no="2" player="CatsInHats" type="15" discard="1" dealt="1" sum="5"/>
<action no="3" player="oreiasccp" type="15" sum="5"/>
<action no="4" player="Sural2089" type="1" discard="1" dealt="1" sum="15"/>
<action no="5" player="CatsInHats" type="2" discard="1" dealt="1" sum="30"/>
</round>
<round no="1"><cards type="Pocket" player="CatsInHats">X X</cards>
<cards type="Pocket" player="Sural2089">X X</cards>
<cards type="Pocket" player="oreiasccp">HJ DQ</cards>
<action no="6" player="oreiasccp" type="23" sum="60"/>
<action no="7" player="Sural2089" type="0" discard="1" dealt="1" sum="0"/>
<action no="8" player="CatsInHats" type="0" discard="1" dealt="1" sum="0"/>
</round>
</game>
<game gamecode="11538722187"><general><startdate>2025-06-28 11:29:09</startdate>
<round>1</round>
<failsafecounter/>
<players><player seat="3" name="oreiasccp" chips="864" dealer="0" win="0" bet="35" muck="1" rebuy="0" addon="0" merge="0" rebuychips="0" reg_code="8393588745"/>
<player seat="6" name="Sural2089" chips="181" dealer="1" win="0" bet="5" muck="1" rebuy="0" addon="0" merge="0" rebuychips="0" reg_code="8393588764"/>
<player seat="10" name="CatsInHats" chips="455" dealer="0" win="75" bet="72" muck="1" rebuy="0" addon="0" merge="0" rebuychips="0" reg_code="8393588773"/>
</players>
</general>
<round no="0"><action no="1" player="CatsInHats" type="15" discard="1" dealt="1" sum="5"/>
<action no="2" player="oreiasccp" type="15" sum="5"/>
<action no="3" player="Sural2089" type="15" discard="1" dealt="1" sum="5"/>
<action no="4" player="CatsInHats" type="1" discard="1" dealt="1" sum="15"/>
<action no="5" player="oreiasccp" type="2" sum="30"/>
</round>
<round no="1"><cards type="Pocket" player="oreiasccp">S7 D3</cards>
<cards type="Pocket" player="Sural2089">X X</cards>
<cards type="Pocket" player="CatsInHats">X X</cards>
<action no="6" player="Sural2089" type="0" discard="1" dealt="1" sum="0"/>
<action no="7" player="CatsInHats" type="3" discard="1" dealt="1" sum="15"/>
<action no="8" player="oreiasccp" type="4" sum="0"/>
</round>
<round no="2"><cards type="Flop">C2 H4 H2</cards>
<action no="9" player="CatsInHats" type="4" discard="1" dealt="1" sum="0"/>
<action no="10" player="oreiasccp" type="4" sum="0"/>
</round>
<round no="3"><cards type="Turn">S4</cards>
<action no="11" player="CatsInHats" type="5" discard="1" dealt="1" sum="37"/>
<action no="12" player="oreiasccp" type="0" sum="0"/>
</round>
</game>
<game gamecode="11538722295"><general><startdate>2025-06-28 11:29:34</startdate>
<round>1</round>
<failsafecounter/>
<players><player seat="6" name="Sural2089" chips="176" dealer="0" win="387" bet="176" muck="0" rebuy="0" addon="0" merge="0" rebuychips="0" reg_code="8393588764"/>
<player seat="10" name="CatsInHats" chips="495" dealer="1" win="0" bet="35" muck="1" rebuy="0" addon="0" merge="0" rebuychips="0" reg_code="8393588773"/>
<player seat="3" name="oreiasccp" chips="829" dealer="0" win="0" bet="176" muck="1" rebuy="0" addon="0" merge="0" rebuychips="0" reg_code="8393588745"/>
</players>
</general>
<round no="0"><action no="1" player="oreiasccp" type="15" sum="5"/>
<action no="2" player="Sural2089" type="15" discard="1" dealt="1" sum="5"/>
<action no="3" player="CatsInHats" type="15" discard="1" dealt="1" sum="5"/>
<action no="4" player="oreiasccp" type="1" sum="15"/>
<action no="5" player="Sural2089" type="2" discard="1" dealt="1" sum="30"/>
</round>
<round no="1"><cards type="Pocket" player="Sural2089">S10 H8</cards>
<cards type="Pocket" player="CatsInHats">X X</cards>
<cards type="Pocket" player="oreiasccp">CJ C7</cards>
<action no="6" player="CatsInHats" type="3" discard="1" dealt="1" sum="30"/>
<action no="7" player="oreiasccp" type="3" sum="15"/>
<action no="8" player="Sural2089" type="4" discard="1" dealt="1" sum="0"/>
</round>
<round no="2"><cards type="Flop">C8 C10 SA</cards>
<action no="9" player="oreiasccp" type="5" sum="30"/>
<action no="10" player="Sural2089" type="23" discard="1" dealt="1" sum="141"/>
<action no="11" player="CatsInHats" type="0" discard="1" dealt="1" sum="0"/>
<action no="12" player="oreiasccp" type="3" sum="111"/>
</round>
<round no="3"><cards type="Turn">DA</cards>
</round>
<round no="4"><cards type="River">HK</cards>
</round>
</game>
<game gamecode="11538722397"><general><startdate>2025-06-28 11:29:58</startdate>
<round>1</round>
<failsafecounter/>
<players><player seat="10" name="CatsInHats" chips="460" dealer="0" win="45" bet="35" muck="1" rebuy="0" addon="0" merge="0" rebuychips="0" reg_code="8393588773"/>
<player seat="3" name="oreiasccp" chips="653" dealer="1" win="0" bet="5" muck="1" rebuy="0" addon="0" merge="0" rebuychips="0" reg_code="8393588745"/>
<player seat="6" name="Sural2089" chips="387" dealer="0" win="0" bet="20" muck="1" rebuy="0" addon="0" merge="0" rebuychips="0" reg_code="8393588764"/>
</players>
</general>
<round no="0"><action no="1" player="Sural2089" type="15" discard="1" dealt="1" sum="5"/>
<action no="2" player="CatsInHats" type="15" discard="1" dealt="1" sum="5"/>
<action no="3" player="oreiasccp" type="15" sum="5"/>
<action no="4" player="Sural2089" type="1" discard="1" dealt="1" sum="15"/>
<action no="5" player="CatsInHats" type="2" discard="1" dealt="1" sum="30"/>
</round>
<round no="1"><cards type="Pocket" player="oreiasccp">H6 S2</cards>
<cards type="Pocket" player="CatsInHats">X X</cards>
<cards type="Pocket" player="Sural2089">X X</cards>
<action no="6" player="oreiasccp" type="0" sum="0"/>
<action no="7" player="Sural2089" type="0" discard="1" dealt="1" sum="0"/>
</round>
</game>
<game gamecode="11538722431"><general><startdate>2025-06-28 11:30:06</startdate>
<round>1</round>
<failsafecounter/>
<players><player seat="3" name="oreiasccp" chips="648" dealer="0" win="45" bet="35" muck="1" rebuy="0" addon="0" merge="0" rebuychips="0" reg_code="8393588745"/>
<player seat="6" name="Sural2089" chips="367" dealer="1" win="0" bet="5" muck="1" rebuy="0" addon="0" merge="0" rebuychips="0" reg_code="8393588764"/>
<player seat="10" name="CatsInHats" chips="485" dealer="0" win="0" bet="20" muck="1" rebuy="0" addon="0" merge="0" rebuychips="0" reg_code="8393588773"/>
</players>
</general>
<round no="0"><action no="1" player="CatsInHats" type="15" discard="1" dealt="1" sum="5"/>
<action no="2" player="oreiasccp" type="15" sum="5"/>
<action no="3" player="Sural2089" type="15" discard="1" dealt="1" sum="5"/>
<action no="4" player="CatsInHats" type="1" discard="1" dealt="1" sum="15"/>
<action no="5" player="oreiasccp" type="2" sum="30"/>
</round>
<round no="1"><cards type="Pocket" player="Sural2089">X X</cards>
<cards type="Pocket" player="oreiasccp">SJ H4</cards>
<cards type="Pocket" player="CatsInHats">X X</cards>
<action no="6" player="Sural2089" type="0" discard="1" dealt="1" sum="0"/>
<action no="7" player="CatsInHats" type="0" discard="1" dealt="1" sum="0"/>
</round>
</game>
<game gamecode="11538722467"><general><startdate>2025-06-28 11:30:13</startdate>
<round>1</round>
<failsafecounter/>
<players><player seat="6" name="Sural2089" chips="362" dealer="0" win="0" bet="35" muck="1" rebuy="0" addon="0" merge="0" rebuychips="0" reg_code="8393588764"/>
<player seat="10" name="CatsInHats" chips="465" dealer="1" win="0" bet="5" muck="1" rebuy="0" addon="0" merge="0" rebuychips="0" reg_code="8393588773"/>
<player seat="3" name="oreiasccp" chips="673" dealer="0" win="75" bet="362" muck="1" rebuy="0" addon="0" merge="0" rebuychips="0" reg_code="8393588745"/>
</players>
</general>
<round no="0"><action no="1" player="oreiasccp" type="15" sum="5"/>
<action no="2" player="Sural2089" type="15" discard="1" dealt="1" sum="5"/>
<action no="3" player="CatsInHats" type="15" discard="1" dealt="1" sum="5"/>
<action no="4" player="oreiasccp" type="1" sum="15"/>
<action no="5" player="Sural2089" type="2" discard="1" dealt="1" sum="30"/>
</round>
<round no="1"><cards type="Pocket" player="Sural2089">X X</cards>
<cards type="Pocket" player="CatsInHats">X X</cards>
<cards type="Pocket" player="oreiasccp">SK S5</cards>
<action no="6" player="CatsInHats" type="0" discard="1" dealt="1" sum="0"/>
<action no="7" player="oreiasccp" type="23" sum="357"/>
<action no="8" player="Sural2089" type="0" discard="1" dealt="1" sum="0"/>
</round>
</game>
<game gamecode="11538722508"><general><startdate>2025-06-28 11:30:22</startdate>
<round>1</round>
<failsafecounter/>
<players><player seat="10" name="CatsInHats" chips="460" dealer="0" win="210" bet="185" muck="1" rebuy="0" addon="0" merge="0" rebuychips="0" reg_code="8393588773"/>
<player seat="3" name="oreiasccp" chips="713" dealer="1" win="0" bet="95" muck="1" rebuy="0" addon="0" merge="0" rebuychips="0" reg_code="8393588745"/>
<player seat="6" name="Sural2089" chips="327" dealer="0" win="0" bet="20" muck="1" rebuy="0" addon="0" merge="0" rebuychips="0" reg_code="8393588764"/>
</players>
</general>
<round no="0"><action no="1" player="Sural2089" type="15" discard="1" dealt="1" sum="5"/>
<action no="2" player="CatsInHats" type="15" discard="1" dealt="1" sum="5"/>
<action no="3" player="oreiasccp" type="15" sum="5"/>
<action no="4" player="Sural2089" type="1" discard="1" dealt="1" sum="15"/>
<action no="5" player="CatsInHats" type="2" discard="1" dealt="1" sum="30"/>
</round>
<round no="1"><cards type="Pocket" player="oreiasccp">HJ C10</cards>
<cards type="Pocket" player="CatsInHats">X X</cards>
<cards type="Pocket" player="Sural2089">X X</cards>
<action no="6" player="oreiasccp" type="23" sum="60"/>
<action no="7" player="Sural2089" type="0" discard="1" dealt="1" sum="0"/>
<action no="8" player="CatsInHats" type="3" discard="1" dealt="1" sum="30"/>
</round>
<round no="2"><cards type="Flop">C2 S2 HQ</cards>
<action no="9" player="CatsInHats" type="4" discard="1" dealt="1" sum="0"/>
<action no="10" player="oreiasccp" type="5" sum="30"/>
<action no="11" player="CatsInHats" type="23" discard="1" dealt="1" sum="120"/>
<action no="12" player="oreiasccp" type="0" sum="0"/>
</round>
</game>
<game gamecode="11538722578"><general><startdate>2025-06-28 11:30:38</startdate>
<round>1</round>
<failsafecounter/>
<players><player seat="3" name="oreiasccp" chips="618" dealer="0" win="0" bet="163" muck="1" rebuy="0" addon="0" merge="0" rebuychips="0" reg_code="8393588745"/>
<player seat="6" name="Sural2089" chips="307" dealer="1" win="0" bet="5" muck="1" rebuy="0" addon="0" merge="0" rebuychips="0" reg_code="8393588764"/>
<player seat="10" name="CatsInHats" chips="575" dealer="0" win="331" bet="328" muck="1" rebuy="0" addon="0" merge="0" rebuychips="0" reg_code="8393588773"/>
</players>
</general>
<round no="0"><action no="1" player="CatsInHats" type="15" discard="1" dealt="1" sum="5"/>
<action no="2" player="oreiasccp" type="15" sum="5"/>
<action no="3" player="Sural2089" type="15" discard="1" dealt="1" sum="5"/>
<action no="4" player="CatsInHats" type="1" discard="1" dealt="1" sum="15"/>
<action no="5" player="oreiasccp" type="2" sum="30"/>
</round>
<round no="1"><cards type="Pocket" player="CatsInHats">X X</cards>
<cards type="Pocket" player="Sural2089">X X</cards>
<cards type="Pocket" player="oreiasccp">C8 H8</cards>
<action no="6" player="Sural2089" type="0" discard="1" dealt="1" sum="0"/>
<action no="7" player="CatsInHats" type="3" discard="1" dealt="1" sum="15"/>
<action no="8" player="oreiasccp" type="23" sum="75"/>
<action no="9" player="CatsInHats" type="3" discard="1" dealt="1" sum="45"/>
</round>
<round no="2"><cards type="Flop">HJ H2 C3</cards>
<action no="10" player="CatsInHats" type="4" discard="1" dealt="1" sum="0"/>
<action no="11" player="oreiasccp" type="4" sum="0"/>
</round>
<round no="3"><cards type="Turn">D5</cards>
<action no="12" player="CatsInHats" type="4" discard="1" dealt="1" sum="0"/>
<action no="13" player="oreiasccp" type="5" sum="83"/>
<action no="14" player="CatsInHats" type="3" discard="1" dealt="1" sum="83"/>
</round>
<round no="4"><cards type="River">DK</cards>
<action no="15" player="CatsInHats" type="5" discard="1" dealt="1" sum="165"/>
<action no="16" player="oreiasccp" type="0" sum="0"/>
</round>
</game>
<game gamecode="11538722668"><general><startdate>2025-06-28 11:30:59</startdate>
<round>1</round>
<failsafecounter/>
<players><player seat="6" name="Sural2089" chips="302" dealer="0" win="0" bet="45" muck="1" rebuy="0" addon="0" merge="0" rebuychips="0" reg_code="8393588764"/>
<player seat="10" name="CatsInHats" chips="743" dealer="1" win="115" bet="85" muck="1" rebuy="0" addon="0" merge="0" rebuychips="0" reg_code="8393588773"/>
<player seat="3" name="oreiasccp" chips="455" dealer="0" win="0" bet="25" muck="1" rebuy="0" addon="0" merge="0" rebuychips="0" reg_code="8393588745"/>
</players>
</general>
<round no="0"><action no="1" player="oreiasccp" type="15" sum="5"/>
<action no="2" player="Sural2089" type="15" discard="1" dealt="1" sum="5"/>
<action no="3" player="CatsInHats" type="15" discard="1" dealt="1" sum="5"/>
<action no="4" player="oreiasccp" type="1" sum="20"/>
<action no="5" player="Sural2089" type="2" discard="1" dealt="1" sum="40"/>
</round>
<round no="1"><cards type="Pocket" player="oreiasccp">D6 D5</cards>
<cards type="Pocket" player="CatsInHats">X X</cards>
<cards type="Pocket" player="Sural2089">X X</cards>
<action no="6" player="CatsInHats" type="23" discard="1" dealt="1" sum="80"/>
<action no="7" player="oreiasccp" type="0" sum="0"/>
<action no="8" player="Sural2089" type="0" discard="1" dealt="1" sum="0"/>
</round>
</game>
<game gamecode="11538722706"><general><startdate>2025-06-28 11:31:08</startdate>
<round>1</round>
<failsafecounter/>
<players><player seat="10" name="CatsInHats" chips="813" dealer="0" win="0" bet="45" muck="1" rebuy="0" addon="0" merge="0" rebuychips="0" reg_code="8393588773"/>
<player seat="3" name="oreiasccp" chips="430" dealer="1" win="115" bet="430" muck="1" rebuy="0" addon="0" merge="0" rebuychips="0" reg_code="8393588745"/>
<player seat="6" name="Sural2089" chips="257" dealer="0" win="0" bet="25" muck="1" rebuy="0" addon="0" merge="0" rebuychips="0" reg_code="8393588764"/>
</players>
</general>
<round no="0"><action no="1" player="Sural2089" type="15" discard="1" dealt="1" sum="5"/>
<action no="2" player="CatsInHats" type="15" discard="1" dealt="1" sum="5"/>
<action no="3" player="oreiasccp" type="15" sum="5"/>
<action no="4" player="Sural2089" type="1" discard="1" dealt="1" sum="20"/>
<action no="5" player="CatsInHats" type="2" discard="1" dealt="1" sum="40"/>
</round>
<round no="1"><cards type="Pocket" player="oreiasccp">H3 HA</cards>
<cards type="Pocket" player="CatsInHats">X X</cards>
<cards type="Pocket" player="Sural2089">X X</cards>
<action no="6" player="oreiasccp" type="23" sum="425"/>
<action no="7" player="Sural2089" type="0" discard="1" dealt="1" sum="0"/>
<action no="8" player="CatsInHats" type="0" discard="1" dealt="1" sum="0"/>
</round>
</game>
<game gamecode="11538722737"><general><startdate>2025-06-28 11:31:15</startdate>
<round>1</round>
<failsafecounter/>
<players><player seat="3" name="oreiasccp" chips="500" dealer="0" win="55" bet="45" muck="1" rebuy="0" addon="0" merge="0" rebuychips="0" reg_code="8393588745"/>
<player seat="6" name="Sural2089" chips="232" dealer="1" win="0" bet="5" muck="1" rebuy="0" addon="0" merge="0" rebuychips="0" reg_code="8393588764"/>
<player seat="10" name="CatsInHats" chips="768" dealer="0" win="0" bet="25" muck="1" rebuy="0" addon="0" merge="0" rebuychips="0" reg_code="8393588773"/>
</players>
</general>
<round no="0"><action no="1" player="CatsInHats" type="15" discard="1" dealt="1" sum="5"/>
<action no="2" player="oreiasccp" type="15" sum="5"/>
<action no="3" player="Sural2089" type="15" discard="1" dealt="1" sum="5"/>
<action no="4" player="CatsInHats" type="1" discard="1" dealt="1" sum="20"/>
<action no="5" player="oreiasccp" type="2" sum="40"/>
</round>
<round no="1"><cards type="Pocket" player="CatsInHats">X X</cards>
<cards type="Pocket" player="oreiasccp">C9 H9</cards>
<cards type="Pocket" player="Sural2089">X X</cards>
<action no="6" player="Sural2089" type="0" discard="1" dealt="1" sum="0"/>
<action no="7" player="CatsInHats" type="0" discard="1" dealt="1" sum="0"/>
</round>
</game>
<game gamecode="11538722767"><general><startdate>2025-06-28 11:31:21</startdate>
<round>1</round>
<failsafecounter/>
<players><player seat="6" name="Sural2089" chips="227" dealer="0" win="55" bet="45" muck="1" rebuy="0" addon="0" merge="0" rebuychips="0" reg_code="8393588764"/>
<player seat="10" name="CatsInHats" chips="743" dealer="1" win="0" bet="5" muck="1" rebuy="0" addon="0" merge="0" rebuychips="0" reg_code="8393588773"/>
<player seat="3" name="oreiasccp" chips="530" dealer="0" win="0" bet="25" muck="1" rebuy="0" addon="0" merge="0" rebuychips="0" reg_code="8393588745"/>
</players>
</general>
<round no="0"><action no="1" player="oreiasccp" type="15" sum="5"/>
<action no="2" player="Sural2089" type="15" discard="1" dealt="1" sum="5"/>
<action no="3" player="CatsInHats" type="15" discard="1" dealt="1" sum="5"/>
<action no="4" player="oreiasccp" type="1" sum="20"/>
<action no="5" player="Sural2089" type="2" discard="1" dealt="1" sum="40"/>
</round>
<round no="1"><cards type="Pocket" player="CatsInHats">X X</cards>
<cards type="Pocket" player="oreiasccp">S6 H5</cards>
<cards type="Pocket" player="Sural2089">X X</cards>
<action no="6" player="CatsInHats" type="0" discard="1" dealt="1" sum="0"/>
<action no="7" player="oreiasccp" type="0" sum="0"/>
</round>
</game>
<game gamecode="11538722807"><general><startdate>2025-06-28 11:31:32</startdate>
<round>1</round>
<failsafecounter/>
<players><player seat="10" name="CatsInHats" chips="738" dealer="0" win="55" bet="45" muck="1" rebuy="0" addon="0" merge="0" rebuychips="0" reg_code="8393588773"/>
<player seat="3" name="oreiasccp" chips="505" dealer="1" win="0" bet="5" muck="1" rebuy="0" addon="0" merge="0" rebuychips="0" reg_code="8393588745"/>
<player seat="6" name="Sural2089" chips="257" dealer="0" win="0" bet="25" muck="1" rebuy="0" addon="0" merge="0" rebuychips="0" reg_code="8393588764"/>
</players>
</general>
<round no="0"><action no="1" player="Sural2089" type="15" discard="1" dealt="1" sum="5"/>
<action no="2" player="CatsInHats" type="15" discard="1" dealt="1" sum="5"/>
<action no="3" player="oreiasccp" type="15" sum="5"/>
<action no="4" player="Sural2089" type="1" discard="1" dealt="1" sum="20"/>
<action no="5" player="CatsInHats" type="2" discard="1" dealt="1" sum="40"/>
</round>
<round no="1"><cards type="Pocket" player="Sural2089">X X</cards>
<cards type="Pocket" player="CatsInHats">X X</cards>
<cards type="Pocket" player="oreiasccp">HQ D5</cards>
<action no="6" player="oreiasccp" type="0" sum="0"/>
<action no="7" player="Sural2089" type="0" discard="1" dealt="1" sum="0"/>
</round>
</game>
<game gamecode="11538722874"><general><startdate>2025-06-28 11:31:47</startdate>
<round>1</round>
<failsafecounter/>
<players><player seat="3" name="oreiasccp" chips="500" dealer="0" win="175" bet="500" muck="1" rebuy="0" addon="0" merge="0" rebuychips="0" reg_code="8393588745"/>
<player seat="6" name="Sural2089" chips="232" dealer="1" win="0" bet="5" muck="1" rebuy="0" addon="0" merge="0" rebuychips="0" reg_code="8393588764"/>
<player seat="10" name="CatsInHats" chips="768" dealer="0" win="0" bet="85" muck="1" rebuy="0" addon="0" merge="0" rebuychips="0" reg_code="8393588773"/>
</players>
</general>
<round no="0"><action no="1" player="CatsInHats" type="15" discard="1" dealt="1" sum="5"/>
<action no="2" player="oreiasccp" type="15" sum="5"/>
<action no="3" player="Sural2089" type="15" discard="1" dealt="1" sum="5"/>
<action no="4" player="CatsInHats" type="1" discard="1" dealt="1" sum="20"/>
<action no="5" player="oreiasccp" type="2" sum="40"/>
</round>
<round no="1"><cards type="Pocket" player="oreiasccp">D7 HA</cards>
<cards type="Pocket" player="Sural2089">X X</cards>
<cards type="Pocket" player="CatsInHats">X X</cards>
<action no="6" player="Sural2089" type="0" discard="1" dealt="1" sum="0"/>
<action no="7" player="CatsInHats" type="23" discard="1" dealt="1" sum="80"/>
<action no="8" player="oreiasccp" type="23" sum="495"/>
<action no="9" player="CatsInHats" type="0" discard="1" dealt="1" sum="0"/>
</round>
</game>
<game gamecode="11538722948"><general><startdate>2025-06-28 11:32:06</startdate>
<round>1</round>
<failsafecounter/>
<players><player seat="6" name="Sural2089" chips="227" dealer="0" win="0" bet="45" muck="1" rebuy="0" addon="0" merge="0" rebuychips="0" reg_code="8393588764"/>
<player seat="10" name="CatsInHats" chips="683" dealer="1" win="0" bet="45" muck="1" rebuy="0" addon="0" merge="0" rebuychips="0" reg_code="8393588773"/>
<player seat="3" name="oreiasccp" chips="590" dealer="0" win="135" bet="590" muck="1" rebuy="0" addon="0" merge="0" rebuychips="0" reg_code="8393588745"/>
</players>
</general>
<round no="0"><action no="1" player="oreiasccp" type="15" sum="5"/>
<action no="2" player="Sural2089" type="15" discard="1" dealt="1" sum="5"/>
<action no="3" player="CatsInHats" type="15" discard="1" dealt="1" sum="5"/>
<action no="4" player="oreiasccp" type="1" sum="20"/>
<action no="5" player="Sural2089" type="2" discard="1" dealt="1" sum="40"/>
</round>
<round no="1"><cards type="Pocket" player="Sural2089">X X</cards>
<cards type="Pocket" player="CatsInHats">X X</cards>
<cards type="Pocket" player="oreiasccp">SJ HK</cards>
<action no="6" player="CatsInHats" type="3" discard="1" dealt="1" sum="40"/>
<action no="7" player="oreiasccp" type="23" sum="585"/>
<action no="8" player="Sural2089" type="0" discard="1" dealt="1" sum="0"/>
<action no="9" player="CatsInHats" type="0" discard="1" dealt="1" sum="0"/>
</round>
</game>
<game gamecode="11538723002"><general><startdate>2025-06-28 11:32:18</startdate>
<round>1</round>
<failsafecounter/>
<players><player seat="10" name="CatsInHats" chips="638" dealer="0" win="55" bet="45" muck="1" rebuy="0" addon="0" merge="0" rebuychips="0" reg_code="8393588773"/>
<player seat="3" name="oreiasccp" chips="680" dealer="1" win="0" bet="5" muck="1" rebuy="0" addon="0" merge="0" rebuychips="0" reg_code="8393588745"/>
<player seat="6" name="Sural2089" chips="182" dealer="0" win="0" bet="25" muck="1" rebuy="0" addon="0" merge="0" rebuychips="0" reg_code="8393588764"/>
</players>
</general>
<round no="0"><action no="1" player="Sural2089" type="15" discard="1" dealt="1" sum="5"/>
<action no="2" player="CatsInHats" type="15" discard="1" dealt="1" sum="5"/>
<action no="3" player="oreiasccp" type="15" sum="5"/>
<action no="4" player="Sural2089" type="1" discard="1" dealt="1" sum="20"/>
<action no="5" player="CatsInHats" type="2" discard="1" dealt="1" sum="40"/>
</round>
<round no="1"><cards type="Pocket" player="oreiasccp">H6 SJ</cards>
<cards type="Pocket" player="CatsInHats">X X</cards>
<cards type="Pocket" player="Sural2089">X X</cards>
<action no="6" player="oreiasccp" type="0" sum="0"/>
<action no="7" player="Sural2089" type="0" discard="1" dealt="1" sum="0"/>
</round>
</game>
<game gamecode="11538723043"><general><startdate>2025-06-28 11:32:27</startdate>
<round>1</round>
<failsafecounter/>
<players><player seat="3" name="oreiasccp" chips="675" dealer="0" win="55" bet="45" muck="1" rebuy="0" addon="0" merge="0" rebuychips="0" reg_code="8393588745"/>
<player seat="6" name="Sural2089" chips="157" dealer="1" win="0" bet="5" muck="1" rebuy="0" addon="0" merge="0" rebuychips="0" reg_code="8393588764"/>
<player seat="10" name="CatsInHats" chips="668" dealer="0" win="0" bet="25" muck="1" rebuy="0" addon="0" merge="0" rebuychips="0" reg_code="8393588773"/>
</players>
</general>
<round no="0"><action no="1" player="CatsInHats" type="15" discard="1" dealt="1" sum="5"/>
<action no="2" player="oreiasccp" type="15" sum="5"/>
<action no="3" player="Sural2089" type="15" discard="1" dealt="1" sum="5"/>
<action no="4" player="CatsInHats" type="1" discard="1" dealt="1" sum="20"/>
<action no="5" player="oreiasccp" type="2" sum="40"/>
</round>
<round no="1"><cards type="Pocket" player="oreiasccp">CK S6</cards>
<cards type="Pocket" player="CatsInHats">X X</cards>
<cards type="Pocket" player="Sural2089">X X</cards>
<action no="6" player="Sural2089" type="0" discard="1" dealt="1" sum="0"/>
<action no="7" player="CatsInHats" type="0" discard="1" dealt="1" sum="0"/>
</round>
</game>
<game gamecode="11538723066"><general><startdate>2025-06-28 11:32:34</startdate>
<round>1</round>
<failsafecounter/>
<players><player seat="6" name="Sural2089" chips="152" dealer="0" win="0" bet="152" muck="1" rebuy="0" addon="0" merge="0" rebuychips="0" reg_code="8393588764"/>
<player seat="10" name="CatsInHats" chips="643" dealer="1" win="0" bet="5" muck="1" rebuy="0" addon="0" merge="0" rebuychips="0" reg_code="8393588773"/>
<player seat="3" name="oreiasccp" chips="705" dealer="0" win="309" bet="152" muck="0" rebuy="0" addon="0" merge="0" rebuychips="0" reg_code="8393588745"/>
</players>
</general>
<round no="0"><action no="1" player="oreiasccp" type="15" sum="5"/>
<action no="2" player="Sural2089" type="15" discard="1" dealt="1" sum="5"/>
<action no="3" player="CatsInHats" type="15" discard="1" dealt="1" sum="5"/>
<action no="4" player="oreiasccp" type="1" sum="20"/>
<action no="5" player="Sural2089" type="2" discard="1" dealt="1" sum="40"/>
</round>
<round no="1"><cards type="Pocket" player="Sural2089">C10 DK</cards>
<cards type="Pocket" player="CatsInHats">X X</cards>
<cards type="Pocket" player="oreiasccp">HQ D9</cards>
<action no="6" player="CatsInHats" type="0" discard="1" dealt="1" sum="0"/>
<action no="7" player="oreiasccp" type="23" sum="147"/>
<action no="8" player="Sural2089" type="7" discard="1" dealt="1" sum="107"/>
</round>
<round no="2"><cards type="Flop">CQ C5 D5</cards>
</round>
<round no="3"><cards type="Turn">H4</cards>
</round>
<round no="4"><cards type="River">C4</cards>
</round>
</game>
<game gamecode="11538723137"><general><startdate>2025-06-28 11:32:51</startdate>
<round>1</round>
<failsafecounter/>
<players><player seat="10" name="CatsInHats" chips="638" dealer="0" win="0" bet="135" muck="1" rebuy="0" addon="0" merge="0" rebuychips="0" reg_code="8393588773"/>
<player seat="3" name="oreiasccp" chips="862" dealer="1" win="270" bet="135" muck="0" rebuy="0" addon="0" merge="0" rebuychips="0" reg_code="8393588745"/>
</players>
</general>
<round no="0"><action no="1" player="oreiasccp" type="15" sum="5"/>
<action no="2" player="CatsInHats" type="15" discard="1" dealt="1" sum="5"/>
<action no="3" player="oreiasccp" type="1" sum="20"/>
<action no="4" player="CatsInHats" type="2" discard="1" dealt="1" sum="40"/>
</round>
<round no="1"><cards type="Pocket" player="oreiasccp">C9 S9</cards>
<cards type="Pocket" player="CatsInHats">SQ S6</cards>
<action no="5" player="oreiasccp" type="3" sum="20"/>
<action no="6" player="CatsInHats" type="4" discard="1" dealt="1" sum="0"/>
</round>
<round no="2"><cards type="Flop">D8 HK C10</cards>
<action no="7" player="CatsInHats" type="4" discard="1" dealt="1" sum="0"/>
<action no="8" player="oreiasccp" type="4" sum="0"/>
</round>
<round no="3"><cards type="Turn">D5</cards>
<action no="9" player="CatsInHats" type="4" discard="1" dealt="1" sum="0"/>
<action no="10" player="oreiasccp" type="4" sum="0"/>
</round>
<round no="4"><cards type="River">H6</cards>
<action no="11" player="CatsInHats" type="4" discard="1" dealt="1" sum="0"/>
<action no="12" player="oreiasccp" type="5" sum="90"/>
<action no="13" player="CatsInHats" type="3" discard="1" dealt="1" sum="90"/>
</round>
</game>
<game gamecode="11538723208"><general><startdate>2025-06-28 11:33:09</startdate>
<round>1</round>
<failsafecounter/>
<players><player seat="3" name="oreiasccp" chips="997" dealer="0" win="70" bet="65" muck="1" rebuy="0" addon="0" merge="0" rebuychips="0" reg_code="8393588745"/>
<player seat="10" name="CatsInHats" chips="503" dealer="1" win="0" bet="35" muck="1" rebuy="0" addon="0" merge="0" rebuychips="0" reg_code="8393588773"/>
</players>
</general>
<round no="0"><action no="1" player="CatsInHats" type="15" discard="1" dealt="1" sum="5"/>
<action no="2" player="oreiasccp" type="15" sum="5"/>
<action no="3" player="CatsInHats" type="1" discard="1" dealt="1" sum="30"/>
<action no="4" player="oreiasccp" type="2" sum="60"/>
</round>
<round no="1"><cards type="Pocket" player="CatsInHats">X X</cards>
<cards type="Pocket" player="oreiasccp">H4 H10</cards>
<action no="5" player="CatsInHats" type="0" discard="1" dealt="1" sum="0"/>
</round>
</game>
<game gamecode="11538723230"><general><startdate>2025-06-28 11:33:15</startdate>
<round>1</round>
<failsafecounter/>
<players><player seat="10" name="CatsInHats" chips="468" dealer="0" win="0" bet="65" muck="1" rebuy="0" addon="0" merge="0" rebuychips="0" reg_code="8393588773"/>
<player seat="3" name="oreiasccp" chips="1,032" dealer="1" win="130" bet="468" muck="1" rebuy="0" addon="0" merge="0" rebuychips="0" reg_code="8393588745"/>
</players>
</general>
<round no="0"><action no="1" player="oreiasccp" type="15" sum="5"/>
<action no="2" player="CatsInHats" type="15" discard="1" dealt="1" sum="5"/>
<action no="3" player="oreiasccp" type="1" sum="30"/>
<action no="4" player="CatsInHats" type="2" discard="1" dealt="1" sum="60"/>
</round>
<round no="1"><cards type="Pocket" player="oreiasccp">H8 CA</cards>
<cards type="Pocket" player="CatsInHats">X X</cards>
<action no="5" player="oreiasccp" type="23" sum="463"/>
<action no="6" player="CatsInHats" type="0" discard="1" dealt="1" sum="0"/>
</round>
</game>
<game gamecode="11538723258"><general><startdate>2025-06-28 11:33:21</startdate>
<round>1</round>
<failsafecounter/>
<players><player seat="3" name="oreiasccp" chips="1,097" dealer="0" win="70" bet="65" muck="1" rebuy="0" addon="0" merge="0" rebuychips="0" reg_code="8393588745"/>
<player seat="10" name="CatsInHats" chips="403" dealer="1" win="0" bet="35" muck="1" rebuy="0" addon="0" merge="0" rebuychips="0" reg_code="8393588773"/>
</players>
</general>
<round no="0"><action no="1" player="CatsInHats" type="15" discard="1" dealt="1" sum="5"/>
<action no="2" player="oreiasccp" type="15" sum="5"/>
<action no="3" player="CatsInHats" type="1" discard="1" dealt="1" sum="30"/>
<action no="4" player="oreiasccp" type="2" sum="60"/>
</round>
<round no="1"><cards type="Pocket" player="oreiasccp">S10 C3</cards>
<cards type="Pocket" player="CatsInHats">X X</cards>
<action no="5" player="CatsInHats" type="0" discard="1" dealt="1" sum="0"/>
</round>
</game>
<game gamecode="11538723280"><general><startdate>2025-06-28 11:33:27</startdate>
<round>1</round>
<failsafecounter/>
<players><player seat="10" name="CatsInHats" chips="368" dealer="0" win="70" bet="65" muck="1" rebuy="0" addon="0" merge="0" rebuychips="0" reg_code="8393588773"/>
<player seat="3" name="oreiasccp" chips="1,132" dealer="1" win="0" bet="35" muck="1" rebuy="0" addon="0" merge="0" rebuychips="0" reg_code="8393588745"/>
</players>
</general>
<round no="0"><action no="1" player="oreiasccp" type="15" sum="5"/>
<action no="2" player="CatsInHats" type="15" discard="1" dealt="1" sum="5"/>
<action no="3" player="oreiasccp" type="1" sum="30"/>
<action no="4" player="CatsInHats" type="2" discard="1" dealt="1" sum="60"/>
</round>
<round no="1"><cards type="Pocket" player="oreiasccp">D3 H4</cards>
<cards type="Pocket" player="CatsInHats">X X</cards>
<action no="5" player="oreiasccp" type="0" sum="0"/>
</round>
</game>
<game gamecode="11538723310"><general><startdate>2025-06-28 11:33:32</startdate>
<round>1</round>
<failsafecounter/>
<players><player seat="3" name="oreiasccp" chips="1,097" dealer="0" win="806" bet="403" muck="0" rebuy="0" addon="0" merge="0" rebuychips="0" reg_code="8393588745"/>
<player seat="10" name="CatsInHats" chips="403" dealer="1" win="0" bet="403" muck="1" rebuy="0" addon="0" merge="0" rebuychips="0" reg_code="8393588773"/>
</players>
</general>
<round no="0"><action no="1" player="CatsInHats" type="15" discard="1" dealt="1" sum="5"/>
<action no="2" player="oreiasccp" type="15" sum="5"/>
<action no="3" player="CatsInHats" type="1" discard="1" dealt="1" sum="30"/>
<action no="4" player="oreiasccp" type="2" sum="60"/>
</round>
<round no="1"><cards type="Pocket" player="oreiasccp">CA D6</cards>
<cards type="Pocket" player="CatsInHats">D10 CK</cards>
<action no="5" player="CatsInHats" type="3" discard="1" dealt="1" sum="30"/>
<action no="6" player="oreiasccp" type="23" sum="398"/>
<action no="7" player="CatsInHats" type="7" discard="1" dealt="1" sum="338"/>
</round>
<round no="2"><cards type="Flop">D9 H5 D3</cards>
</round>
<round no="3"><cards type="Turn">H4</cards>
</round>
<round no="4"><cards type="River">H6</cards>
</round>
</game>
</session>
