<?xml version="1.0" encoding="UTF-8"?>
<session sessioncode="8393516125">
<general>
<client_version>25.1.1.13</client_version>
<mode>real</mode>
<gametype>Holdem NL</gametype>
<tablename>Twister €5 SNG, 1128746041</tablename>
<tournamentcode>1128746040</tournamentcode>
<tournamentname>Twister €5 SNG</tournamentname>
<buyin>€0 + €0.35 + €4.65</buyin>
<totalbuyin>€5</totalbuyin>
<rewarddrawn>€10</rewarddrawn>
<tournamentcurrency>EUR</tournamentcurrency>
<currency>EUR</currency>
<nickname>oreiasccp</nickname>
<gamecount>33</gamecount>
<startdate>2025-06-28 07:30:15</startdate>
<place>2</place>
<win>€0</win>
<tablesize>3</tablesize>
</general>
<game gamecode="11538529533"><general><startdate>2025-06-28 07:30:30</startdate>
<round>1</round>
<failsafecounter/>
<players><player seat="3" name="oreiasccp" chips="500" dealer="0" win="98" bet="49" muck="0" rebuy="0" addon="0" merge="0" rebuychips="0" reg_code="8393516125"/>
<player seat="6" name="ilyaxr4" chips="500" dealer="1" win="0" bet="0" muck="1" rebuy="0" addon="0" merge="0" rebuychips="0" reg_code="8393516176"/>
<player seat="10" name="shipfourth89" chips="500" dealer="0" win="0" bet="49" muck="1" rebuy="0" addon="0" merge="0" rebuychips="0" reg_code="8393516195"/>
</players>
</general>
<round no="0"><action no="1" player="shipfourth89" type="1" discard="1" dealt="1" sum="10"/>
<action no="2" player="oreiasccp" type="2" sum="20"/>
</round>
<round no="1"><cards type="Pocket" player="ilyaxr4">X X</cards>
<cards type="Pocket" player="shipfourth89">H5 SQ</cards>
<cards type="Pocket" player="oreiasccp">H8 CQ</cards>
<action no="3" player="ilyaxr4" type="0" discard="1" dealt="1" sum="0"/>
<action no="4" player="shipfourth89" type="3" discard="1" dealt="1" sum="10"/>
<action no="5" player="oreiasccp" type="4" sum="0"/>
</round>
<round no="2"><cards type="Flop">D4 S4 DJ</cards>
<action no="6" player="shipfourth89" type="4" discard="1" dealt="1" sum="0"/>
<action no="7" player="oreiasccp" type="4" sum="0"/>
</round>
<round no="3"><cards type="Turn">H10</cards>
<action no="8" player="shipfourth89" type="4" discard="1" dealt="1" sum="0"/>
<action no="9" player="oreiasccp" type="4" sum="0"/>
</round>
<round no="4"><cards type="River">S9</cards>
<action no="10" player="shipfourth89" type="4" discard="1" dealt="1" sum="0"/>
<action no="11" player="oreiasccp" type="5" sum="29"/>
<action no="12" player="shipfourth89" type="3" discard="1" dealt="1" sum="29"/>
</round>
</game>
<game gamecode="11538529642"><general><startdate>2025-06-28 07:31:06</startdate>
<round>1</round>
<failsafecounter/>
<players><player seat="6" name="ilyaxr4" chips="500" dealer="0" win="0" bet="20" muck="1" rebuy="0" addon="0" merge="0" rebuychips="0" reg_code="8393516176"/>
<player seat="10" name="shipfourth89" chips="451" dealer="1" win="0" bet="20" muck="1" rebuy="0" addon="0" merge="0" rebuychips="0" reg_code="8393516195"/>
<player seat="3" name="oreiasccp" chips="549" dealer="0" win="60" bet="500" muck="1" rebuy="0" addon="0" merge="0" rebuychips="0" reg_code="8393516125"/>
</players>
</general>
<round no="0"><action no="1" player="oreiasccp" type="1" sum="10"/>
<action no="2" player="ilyaxr4" type="2" discard="1" dealt="1" sum="20"/>
</round>
<round no="1"><cards type="Pocket" player="ilyaxr4">X X</cards>
<cards type="Pocket" player="oreiasccp">H10 SA</cards>
<cards type="Pocket" player="shipfourth89">X X</cards>
<action no="3" player="shipfourth89" type="3" discard="1" dealt="1" sum="20"/>
<action no="4" player="oreiasccp" type="23" sum="500"/>
<action no="5" player="ilyaxr4" type="0" discard="1" dealt="1" sum="0"/>
<action no="6" player="shipfourth89" type="0" discard="1" dealt="1" sum="0"/>
</round>
</game>
<game gamecode="11538529679"><general><startdate>2025-06-28 07:31:19</startdate>
<round>1</round>
<failsafecounter/>
<players><player seat="10" name="shipfourth89" chips="431" dealer="0" win="0" bet="20" muck="1" rebuy="0" addon="0" merge="0" rebuychips="0" reg_code="8393516195"/>
<player seat="3" name="oreiasccp" chips="589" dealer="1" win="0" bet="0" muck="1" rebuy="0" addon="0" merge="0" rebuychips="0" reg_code="8393516125"/>
<player seat="6" name="ilyaxr4" chips="480" dealer="0" win="40" bet="480" muck="1" rebuy="0" addon="0" merge="0" rebuychips="0" reg_code="8393516176"/>
</players>
</general>
<round no="0"><action no="1" player="ilyaxr4" type="1" discard="1" dealt="1" sum="10"/>
<action no="2" player="shipfourth89" type="2" discard="1" dealt="1" sum="20"/>
</round>
<round no="1"><cards type="Pocket" player="ilyaxr4">X X</cards>
<cards type="Pocket" player="oreiasccp">HK C8</cards>
<cards type="Pocket" player="shipfourth89">X X</cards>
<action no="3" player="oreiasccp" type="0" sum="0"/>
<action no="4" player="ilyaxr4" type="23" discard="1" dealt="1" sum="480"/>
<action no="5" player="shipfourth89" type="0" discard="1" dealt="1" sum="0"/>
</round>
</game>
<game gamecode="11538529720"><general><startdate>2025-06-28 07:31:34</startdate>
<round>1</round>
<failsafecounter/>
<players><player seat="3" name="oreiasccp" chips="589" dealer="0" win="40" bet="20" muck="0" rebuy="0" addon="0" merge="0" rebuychips="0" reg_code="8393516125"/>
<player seat="6" name="ilyaxr4" chips="500" dealer="1" win="0" bet="0" muck="1" rebuy="0" addon="0" merge="0" rebuychips="0" reg_code="8393516176"/>
<player seat="10" name="shipfourth89" chips="411" dealer="0" win="0" bet="20" muck="1" rebuy="0" addon="0" merge="0" rebuychips="0" reg_code="8393516195"/>
</players>
</general>
<round no="0"><action no="1" player="shipfourth89" type="1" discard="1" dealt="1" sum="10"/>
<action no="2" player="oreiasccp" type="2" sum="20"/>
</round>
<round no="1"><cards type="Pocket" player="oreiasccp">S8 D2</cards>
<cards type="Pocket" player="ilyaxr4">X X</cards>
<cards type="Pocket" player="shipfourth89">S9 D8</cards>
<action no="3" player="ilyaxr4" type="0" discard="1" dealt="1" sum="0"/>
<action no="4" player="shipfourth89" type="3" discard="1" dealt="1" sum="10"/>
<action no="5" player="oreiasccp" type="4" sum="0"/>
</round>
<round no="2"><cards type="Flop">C7 C6 H6</cards>
<action no="6" player="shipfourth89" type="4" discard="1" dealt="1" sum="0"/>
<action no="7" player="oreiasccp" type="4" sum="0"/>
</round>
<round no="3"><cards type="Turn">S3</cards>
<action no="8" player="shipfourth89" type="4" discard="1" dealt="1" sum="0"/>
<action no="9" player="oreiasccp" type="4" sum="0"/>
</round>
<round no="4"><cards type="River">C2</cards>
<action no="10" player="shipfourth89" type="4" discard="1" dealt="1" sum="0"/>
<action no="11" player="oreiasccp" type="4" sum="0"/>
</round>
</game>
<game gamecode="11538529823"><general><startdate>2025-06-28 07:32:05</startdate>
<round>1</round>
<failsafecounter/>
<players><player seat="6" name="ilyaxr4" chips="500" dealer="0" win="20" bet="20" muck="1" rebuy="0" addon="0" merge="0" rebuychips="0" reg_code="8393516176"/>
<player seat="10" name="shipfourth89" chips="391" dealer="1" win="0" bet="0" muck="1" rebuy="0" addon="0" merge="0" rebuychips="0" reg_code="8393516195"/>
<player seat="3" name="oreiasccp" chips="609" dealer="0" win="0" bet="10" muck="1" rebuy="0" addon="0" merge="0" rebuychips="0" reg_code="8393516125"/>
</players>
</general>
<round no="0"><action no="1" player="oreiasccp" type="1" sum="10"/>
<action no="2" player="ilyaxr4" type="2" discard="1" dealt="1" sum="20"/>
</round>
<round no="1"><cards type="Pocket" player="shipfourth89">X X</cards>
<cards type="Pocket" player="ilyaxr4">X X</cards>
<cards type="Pocket" player="oreiasccp">H2 C8</cards>
<action no="3" player="shipfourth89" type="0" discard="1" dealt="1" sum="0"/>
<action no="4" player="oreiasccp" type="0" sum="0"/>
</round>
</game>
<game gamecode="11538529843"><general><startdate>2025-06-28 07:32:13</startdate>
<round>1</round>
<failsafecounter/>
<players><player seat="10" name="shipfourth89" chips="391" dealer="0" win="0" bet="20" muck="1" rebuy="0" addon="0" merge="0" rebuychips="0" reg_code="8393516195"/>
<player seat="3" name="oreiasccp" chips="599" dealer="1" win="0" bet="0" muck="1" rebuy="0" addon="0" merge="0" rebuychips="0" reg_code="8393516125"/>
<player seat="6" name="ilyaxr4" chips="510" dealer="0" win="40" bet="50" muck="1" rebuy="0" addon="0" merge="0" rebuychips="0" reg_code="8393516176"/>
</players>
</general>
<round no="0"><action no="1" player="ilyaxr4" type="1" discard="1" dealt="1" sum="10"/>
<action no="2" player="shipfourth89" type="2" discard="1" dealt="1" sum="20"/>
</round>
<round no="1"><cards type="Pocket" player="oreiasccp">D5 D8</cards>
<cards type="Pocket" player="ilyaxr4">X X</cards>
<cards type="Pocket" player="shipfourth89">X X</cards>
<action no="3" player="oreiasccp" type="0" sum="0"/>
<action no="4" player="ilyaxr4" type="23" discard="1" dealt="1" sum="50"/>
<action no="5" player="shipfourth89" type="0" discard="1" dealt="1" sum="0"/>
</round>
</game>
<game gamecode="11538529876"><general><startdate>2025-06-28 07:32:25</startdate>
<round>1</round>
<failsafecounter/>
<players><player seat="3" name="oreiasccp" chips="599" dealer="0" win="0" bet="60" muck="1" rebuy="0" addon="0" merge="0" rebuychips="0" reg_code="8393516125"/>
<player seat="6" name="ilyaxr4" chips="530" dealer="1" win="0" bet="0" muck="1" rebuy="0" addon="0" merge="0" rebuychips="0" reg_code="8393516176"/>
<player seat="10" name="shipfourth89" chips="371" dealer="0" win="120" bet="80" muck="1" rebuy="0" addon="0" merge="0" rebuychips="0" reg_code="8393516195"/>
</players>
</general>
<round no="0"><action no="1" player="shipfourth89" type="1" discard="1" dealt="1" sum="10"/>
<action no="2" player="oreiasccp" type="2" sum="20"/>
</round>
<round no="1"><cards type="Pocket" player="shipfourth89">X X</cards>
<cards type="Pocket" player="ilyaxr4">X X</cards>
<cards type="Pocket" player="oreiasccp">C7 DQ</cards>
<action no="3" player="ilyaxr4" type="0" discard="1" dealt="1" sum="0"/>
<action no="4" player="shipfourth89" type="3" discard="1" dealt="1" sum="10"/>
<action no="5" player="oreiasccp" type="4" sum="0"/>
</round>
<round no="2"><cards type="Flop">HJ S7 DK</cards>
<action no="6" player="shipfourth89" type="4" discard="1" dealt="1" sum="0"/>
<action no="7" player="oreiasccp" type="4" sum="0"/>
</round>
<round no="3"><cards type="Turn">S5</cards>
<action no="8" player="shipfourth89" type="4" discard="1" dealt="1" sum="0"/>
<action no="9" player="oreiasccp" type="5" sum="20"/>
<action no="10" player="shipfourth89" type="3" discard="1" dealt="1" sum="20"/>
</round>
<round no="4"><cards type="River">D6</cards>
<action no="11" player="shipfourth89" type="4" discard="1" dealt="1" sum="0"/>
<action no="12" player="oreiasccp" type="5" sum="20"/>
<action no="13" player="shipfourth89" type="23" discard="1" dealt="1" sum="40"/>
<action no="14" player="oreiasccp" type="0" sum="0"/>
</round>
</game>
<game gamecode="11538529986"><general><startdate>2025-06-28 07:33:02</startdate>
<round>1</round>
<failsafecounter/>
<players><player seat="6" name="ilyaxr4" chips="530" dealer="0" win="0" bet="306" muck="1" rebuy="0" addon="0" merge="0" rebuychips="0" reg_code="8393516176"/>
<player seat="10" name="shipfourth89" chips="431" dealer="1" win="0" bet="5" muck="1" rebuy="0" addon="0" merge="0" rebuychips="0" reg_code="8393516195"/>
<player seat="3" name="oreiasccp" chips="539" dealer="0" win="617" bet="306" muck="0" rebuy="0" addon="0" merge="0" rebuychips="0" reg_code="8393516125"/>
</players>
</general>
<round no="0"><action no="1" player="oreiasccp" type="15" sum="5"/>
<action no="2" player="ilyaxr4" type="15" discard="1" dealt="1" sum="5"/>
<action no="3" player="shipfourth89" type="15" discard="1" dealt="1" sum="5"/>
<action no="4" player="oreiasccp" type="1" sum="15"/>
<action no="5" player="ilyaxr4" type="2" discard="1" dealt="1" sum="30"/>
</round>
<round no="1"><cards type="Pocket" player="shipfourth89">X X</cards>
<cards type="Pocket" player="ilyaxr4">CK S8</cards>
<cards type="Pocket" player="oreiasccp">C10 CA</cards>
<action no="6" player="shipfourth89" type="0" discard="1" dealt="1" sum="0"/>
<action no="7" player="oreiasccp" type="23" sum="75"/>
<action no="8" player="ilyaxr4" type="3" discard="1" dealt="1" sum="45"/>
</round>
<round no="2"><cards type="Flop">C5 HA S5</cards>
<action no="9" player="oreiasccp" type="5" sum="41"/>
<action no="10" player="ilyaxr4" type="3" discard="1" dealt="1" sum="41"/>
</round>
<round no="3"><cards type="Turn">H3</cards>
<action no="11" player="oreiasccp" type="4" sum="0"/>
<action no="12" player="ilyaxr4" type="5" discard="1" dealt="1" sum="185"/>
<action no="13" player="oreiasccp" type="3" sum="185"/>
</round>
<round no="4"><cards type="River">SQ</cards>
<action no="14" player="oreiasccp" type="4" sum="0"/>
<action no="15" player="ilyaxr4" type="4" discard="1" dealt="1" sum="0"/>
</round>
</game>
<game gamecode="11538530062"><general><startdate>2025-06-28 07:33:30</startdate>
<round>1</round>
<failsafecounter/>
<players><player seat="10" name="shipfourth89" chips="426" dealer="0" win="45" bet="35" muck="1" rebuy="0" addon="0" merge="0" rebuychips="0" reg_code="8393516195"/>
<player seat="3" name="oreiasccp" chips="850" dealer="1" win="0" bet="5" muck="1" rebuy="0" addon="0" merge="0" rebuychips="0" reg_code="8393516125"/>
<player seat="6" name="ilyaxr4" chips="224" dealer="0" win="0" bet="20" muck="1" rebuy="0" addon="0" merge="0" rebuychips="0" reg_code="8393516176"/>
</players>
</general>
<round no="0"><action no="1" player="ilyaxr4" type="15" discard="1" dealt="1" sum="5"/>
<action no="2" player="shipfourth89" type="15" discard="1" dealt="1" sum="5"/>
<action no="3" player="oreiasccp" type="15" sum="5"/>
<action no="4" player="ilyaxr4" type="1" discard="1" dealt="1" sum="15"/>
<action no="5" player="shipfourth89" type="2" discard="1" dealt="1" sum="30"/>
</round>
<round no="1"><cards type="Pocket" player="oreiasccp">CJ D7</cards>
<cards type="Pocket" player="shipfourth89">X X</cards>
<cards type="Pocket" player="ilyaxr4">X X</cards>
<action no="6" player="oreiasccp" type="0" sum="0"/>
<action no="7" player="ilyaxr4" type="0" discard="1" dealt="1" sum="0"/>
</round>
</game>
<game gamecode="11538530106"><general><startdate>2025-06-28 07:33:44</startdate>
<round>1</round>
<failsafecounter/>
<players><player seat="3" name="oreiasccp" chips="845" dealer="0" win="0" bet="35" muck="1" rebuy="0" addon="0" merge="0" rebuychips="0" reg_code="8393516125"/>
<player seat="6" name="ilyaxr4" chips="204" dealer="1" win="90" bet="204" muck="1" rebuy="0" addon="0" merge="0" rebuychips="0" reg_code="8393516176"/>
<player seat="10" name="shipfourth89" chips="451" dealer="0" win="0" bet="20" muck="1" rebuy="0" addon="0" merge="0" rebuychips="0" reg_code="8393516195"/>
</players>
</general>
<round no="0"><action no="1" player="shipfourth89" type="15" discard="1" dealt="1" sum="5"/>
<action no="2" player="oreiasccp" type="15" sum="5"/>
<action no="3" player="ilyaxr4" type="15" discard="1" dealt="1" sum="5"/>
<action no="4" player="shipfourth89" type="1" discard="1" dealt="1" sum="15"/>
<action no="5" player="oreiasccp" type="2" sum="30"/>
</round>
<round no="1"><cards type="Pocket" player="oreiasccp">D4 S9</cards>
<cards type="Pocket" player="shipfourth89">X X</cards>
<cards type="Pocket" player="ilyaxr4">X X</cards>
<action no="6" player="ilyaxr4" type="23" discard="1" dealt="1" sum="199"/>
<action no="7" player="shipfourth89" type="0" discard="1" dealt="1" sum="0"/>
<action no="8" player="oreiasccp" type="0" sum="0"/>
</round>
</game>
<game gamecode="11538530139"><general><startdate>2025-06-28 07:33:54</startdate>
<round>1</round>
<failsafecounter/>
<players><player seat="6" name="ilyaxr4" chips="259" dealer="0" win="0" bet="35" muck="1" rebuy="0" addon="0" merge="0" rebuychips="0" reg_code="8393516176"/>
<player seat="10" name="shipfourth89" chips="431" dealer="1" win="331" bet="148" muck="0" rebuy="0" addon="0" merge="0" rebuychips="0" reg_code="8393516195"/>
<player seat="3" name="oreiasccp" chips="810" dealer="0" win="0" bet="148" muck="0" rebuy="0" addon="0" merge="0" rebuychips="0" reg_code="8393516125"/>
</players>
</general>
<round no="0"><action no="1" player="oreiasccp" type="15" sum="5"/>
<action no="2" player="ilyaxr4" type="15" discard="1" dealt="1" sum="5"/>
<action no="3" player="shipfourth89" type="15" discard="1" dealt="1" sum="5"/>
<action no="4" player="oreiasccp" type="1" sum="15"/>
<action no="5" player="ilyaxr4" type="2" discard="1" dealt="1" sum="30"/>
</round>
<round no="1"><cards type="Pocket" player="ilyaxr4">X X</cards>
<cards type="Pocket" player="shipfourth89">C7 HA</cards>
<cards type="Pocket" player="oreiasccp">D9 HK</cards>
<action no="6" player="shipfourth89" type="3" discard="1" dealt="1" sum="30"/>
<action no="7" player="oreiasccp" type="3" sum="15"/>
<action no="8" player="ilyaxr4" type="4" discard="1" dealt="1" sum="0"/>
</round>
<round no="2"><cards type="Flop">D3 H8 SA</cards>
<action no="9" player="oreiasccp" type="4" sum="0"/>
<action no="10" player="ilyaxr4" type="4" discard="1" dealt="1" sum="0"/>
<action no="11" player="shipfourth89" type="4" discard="1" dealt="1" sum="0"/>
</round>
<round no="3"><cards type="Turn">C9</cards>
<action no="12" player="oreiasccp" type="5" sum="53"/>
<action no="13" player="ilyaxr4" type="0" discard="1" dealt="1" sum="0"/>
<action no="14" player="shipfourth89" type="3" discard="1" dealt="1" sum="53"/>
</round>
<round no="4"><cards type="River">HJ</cards>
<action no="15" player="oreiasccp" type="5" sum="60"/>
<action no="16" player="shipfourth89" type="3" discard="1" dealt="1" sum="60"/>
</round>
</game>
<game gamecode="11538530228"><general><startdate>2025-06-28 07:34:27</startdate>
<round>1</round>
<failsafecounter/>
<players><player seat="10" name="shipfourth89" chips="614" dealer="0" win="0" bet="35" muck="1" rebuy="0" addon="0" merge="0" rebuychips="0" reg_code="8393516195"/>
<player seat="3" name="oreiasccp" chips="662" dealer="1" win="0" bet="5" muck="1" rebuy="0" addon="0" merge="0" rebuychips="0" reg_code="8393516125"/>
<player seat="6" name="ilyaxr4" chips="224" dealer="0" win="75" bet="224" muck="1" rebuy="0" addon="0" merge="0" rebuychips="0" reg_code="8393516176"/>
</players>
</general>
<round no="0"><action no="1" player="ilyaxr4" type="15" discard="1" dealt="1" sum="5"/>
<action no="2" player="shipfourth89" type="15" discard="1" dealt="1" sum="5"/>
<action no="3" player="oreiasccp" type="15" sum="5"/>
<action no="4" player="ilyaxr4" type="1" discard="1" dealt="1" sum="15"/>
<action no="5" player="shipfourth89" type="2" discard="1" dealt="1" sum="30"/>
</round>
<round no="1"><cards type="Pocket" player="oreiasccp">H2 S4</cards>
<cards type="Pocket" player="shipfourth89">X X</cards>
<cards type="Pocket" player="ilyaxr4">X X</cards>
<action no="6" player="oreiasccp" type="0" sum="0"/>
<action no="7" player="ilyaxr4" type="23" discard="1" dealt="1" sum="219"/>
<action no="8" player="shipfourth89" type="0" discard="1" dealt="1" sum="0"/>
</round>
</game>
<game gamecode="11538530244"><general><startdate>2025-06-28 07:34:36</startdate>
<round>1</round>
<failsafecounter/>
<players><player seat="3" name="oreiasccp" chips="657" dealer="0" win="95" bet="579" muck="1" rebuy="0" addon="0" merge="0" rebuychips="0" reg_code="8393516125"/>
<player seat="6" name="ilyaxr4" chips="264" dealer="1" win="0" bet="5" muck="1" rebuy="0" addon="0" merge="0" rebuychips="0" reg_code="8393516176"/>
<player seat="10" name="shipfourth89" chips="579" dealer="0" win="0" bet="45" muck="1" rebuy="0" addon="0" merge="0" rebuychips="0" reg_code="8393516195"/>
</players>
</general>
<round no="0"><action no="1" player="shipfourth89" type="15" discard="1" dealt="1" sum="5"/>
<action no="2" player="oreiasccp" type="15" sum="5"/>
<action no="3" player="ilyaxr4" type="15" discard="1" dealt="1" sum="5"/>
<action no="4" player="shipfourth89" type="1" discard="1" dealt="1" sum="20"/>
<action no="5" player="oreiasccp" type="2" sum="40"/>
</round>
<round no="1"><cards type="Pocket" player="ilyaxr4">X X</cards>
<cards type="Pocket" player="shipfourth89">X X</cards>
<cards type="Pocket" player="oreiasccp">D5 DA</cards>
<action no="6" player="ilyaxr4" type="0" discard="1" dealt="1" sum="0"/>
<action no="7" player="shipfourth89" type="3" discard="1" dealt="1" sum="20"/>
<action no="8" player="oreiasccp" type="23" sum="574"/>
<action no="9" player="shipfourth89" type="0" discard="1" dealt="1" sum="0"/>
</round>
</game>
<game gamecode="11538530276"><general><startdate>2025-06-28 07:34:49</startdate>
<round>1</round>
<failsafecounter/>
<players><player seat="6" name="ilyaxr4" chips="259" dealer="0" win="0" bet="45" muck="1" rebuy="0" addon="0" merge="0" rebuychips="0" reg_code="8393516176"/>
<player seat="10" name="shipfourth89" chips="534" dealer="1" win="0" bet="5" muck="1" rebuy="0" addon="0" merge="0" rebuychips="0" reg_code="8393516195"/>
<player seat="3" name="oreiasccp" chips="707" dealer="0" win="95" bet="259" muck="1" rebuy="0" addon="0" merge="0" rebuychips="0" reg_code="8393516125"/>
</players>
</general>
<round no="0"><action no="1" player="oreiasccp" type="15" sum="5"/>
<action no="2" player="ilyaxr4" type="15" discard="1" dealt="1" sum="5"/>
<action no="3" player="shipfourth89" type="15" discard="1" dealt="1" sum="5"/>
<action no="4" player="oreiasccp" type="1" sum="20"/>
<action no="5" player="ilyaxr4" type="2" discard="1" dealt="1" sum="40"/>
</round>
<round no="1"><cards type="Pocket" player="oreiasccp">C8 HK</cards>
<cards type="Pocket" player="ilyaxr4">X X</cards>
<cards type="Pocket" player="shipfourth89">X X</cards>
<action no="6" player="shipfourth89" type="0" discard="1" dealt="1" sum="0"/>
<action no="7" player="oreiasccp" type="23" sum="254"/>
<action no="8" player="ilyaxr4" type="0" discard="1" dealt="1" sum="0"/>
</round>
</game>
<game gamecode="11538530306"><general><startdate>2025-06-28 07:34:59</startdate>
<round>1</round>
<failsafecounter/>
<players><player seat="10" name="shipfourth89" chips="529" dealer="0" win="0" bet="45" muck="1" rebuy="0" addon="0" merge="0" rebuychips="0" reg_code="8393516195"/>
<player seat="3" name="oreiasccp" chips="757" dealer="1" win="0" bet="5" muck="1" rebuy="0" addon="0" merge="0" rebuychips="0" reg_code="8393516125"/>
<player seat="6" name="ilyaxr4" chips="214" dealer="0" win="95" bet="214" muck="1" rebuy="0" addon="0" merge="0" rebuychips="0" reg_code="8393516176"/>
</players>
</general>
<round no="0"><action no="1" player="ilyaxr4" type="15" discard="1" dealt="1" sum="5"/>
<action no="2" player="shipfourth89" type="15" discard="1" dealt="1" sum="5"/>
<action no="3" player="oreiasccp" type="15" sum="5"/>
<action no="4" player="ilyaxr4" type="1" discard="1" dealt="1" sum="20"/>
<action no="5" player="shipfourth89" type="2" discard="1" dealt="1" sum="40"/>
</round>
<round no="1"><cards type="Pocket" player="shipfourth89">X X</cards>
<cards type="Pocket" player="ilyaxr4">X X</cards>
<cards type="Pocket" player="oreiasccp">D9 S2</cards>
<action no="6" player="oreiasccp" type="0" sum="0"/>
<action no="7" player="ilyaxr4" type="23" discard="1" dealt="1" sum="209"/>
<action no="8" player="shipfourth89" type="0" discard="1" dealt="1" sum="0"/>
</round>
</game>
<game gamecode="11538530340"><general><startdate>2025-06-28 07:35:10</startdate>
<round>1</round>
<failsafecounter/>
<players><player seat="3" name="oreiasccp" chips="752" dealer="0" win="55" bet="45" muck="1" rebuy="0" addon="0" merge="0" rebuychips="0" reg_code="8393516125"/>
<player seat="6" name="ilyaxr4" chips="264" dealer="1" win="0" bet="5" muck="1" rebuy="0" addon="0" merge="0" rebuychips="0" reg_code="8393516176"/>
<player seat="10" name="shipfourth89" chips="484" dealer="0" win="0" bet="25" muck="1" rebuy="0" addon="0" merge="0" rebuychips="0" reg_code="8393516195"/>
</players>
</general>
<round no="0"><action no="1" player="shipfourth89" type="15" discard="1" dealt="1" sum="5"/>
<action no="2" player="oreiasccp" type="15" sum="5"/>
<action no="3" player="ilyaxr4" type="15" discard="1" dealt="1" sum="5"/>
<action no="4" player="shipfourth89" type="1" discard="1" dealt="1" sum="20"/>
<action no="5" player="oreiasccp" type="2" sum="40"/>
</round>
<round no="1"><cards type="Pocket" player="shipfourth89">X X</cards>
<cards type="Pocket" player="ilyaxr4">X X</cards>
<cards type="Pocket" player="oreiasccp">S8 DA</cards>
<action no="6" player="ilyaxr4" type="0" discard="1" dealt="1" sum="0"/>
<action no="7" player="shipfourth89" type="0" discard="1" dealt="1" sum="0"/>
</round>
</game>
<game gamecode="11538530362"><general><startdate>2025-06-28 07:35:17</startdate>
<round>1</round>
<failsafecounter/>
<players><player seat="6" name="ilyaxr4" chips="259" dealer="0" win="0" bet="259" muck="1" rebuy="0" addon="0" merge="0" rebuychips="0" reg_code="8393516176"/>
<player seat="10" name="shipfourth89" chips="459" dealer="1" win="0" bet="5" muck="1" rebuy="0" addon="0" merge="0" rebuychips="0" reg_code="8393516195"/>
<player seat="3" name="oreiasccp" chips="782" dealer="0" win="523" bet="259" muck="0" rebuy="0" addon="0" merge="0" rebuychips="0" reg_code="8393516125"/>
</players>
</general>
<round no="0"><action no="1" player="oreiasccp" type="15" sum="5"/>
<action no="2" player="ilyaxr4" type="15" discard="1" dealt="1" sum="5"/>
<action no="3" player="shipfourth89" type="15" discard="1" dealt="1" sum="5"/>
<action no="4" player="oreiasccp" type="1" sum="20"/>
<action no="5" player="ilyaxr4" type="2" discard="1" dealt="1" sum="40"/>
</round>
<round no="1"><cards type="Pocket" player="oreiasccp">SK SA</cards>
<cards type="Pocket" player="ilyaxr4">S4 HK</cards>
<cards type="Pocket" player="shipfourth89">X X</cards>
<action no="6" player="shipfourth89" type="0" discard="1" dealt="1" sum="0"/>
<action no="7" player="oreiasccp" type="23" sum="254"/>
<action no="8" player="ilyaxr4" type="7" discard="1" dealt="1" sum="214"/>
</round>
<round no="2"><cards type="Flop">C7 C5 D7</cards>
</round>
<round no="3"><cards type="Turn">D8</cards>
</round>
<round no="4"><cards type="River">CJ</cards>
</round>
</game>
<game gamecode="11538530419"><general><startdate>2025-06-28 07:35:38</startdate>
<round>1</round>
<failsafecounter/>
<players><player seat="10" name="shipfourth89" chips="454" dealer="0" win="50" bet="45" muck="1" rebuy="0" addon="0" merge="0" rebuychips="0" reg_code="8393516195"/>
<player seat="3" name="oreiasccp" chips="1,046" dealer="1" win="0" bet="25" muck="1" rebuy="0" addon="0" merge="0" rebuychips="0" reg_code="8393516125"/>
</players>
</general>
<round no="0"><action no="1" player="oreiasccp" type="15" sum="5"/>
<action no="2" player="shipfourth89" type="15" discard="1" dealt="1" sum="5"/>
<action no="3" player="oreiasccp" type="1" sum="20"/>
<action no="4" player="shipfourth89" type="2" discard="1" dealt="1" sum="40"/>
</round>
<round no="1"><cards type="Pocket" player="shipfourth89">X X</cards>
<cards type="Pocket" player="oreiasccp">H2 C7</cards>
<action no="5" player="oreiasccp" type="0" sum="0"/>
</round>
</game>
<game gamecode="11538530435"><general><startdate>2025-06-28 07:35:43</startdate>
<round>1</round>
<failsafecounter/>
<players><player seat="3" name="oreiasccp" chips="1,021" dealer="0" win="0" bet="479" muck="0" rebuy="0" addon="0" merge="0" rebuychips="0" reg_code="8393516125"/>
<player seat="10" name="shipfourth89" chips="479" dealer="1" win="958" bet="479" muck="0" rebuy="0" addon="0" merge="0" rebuychips="0" reg_code="8393516195"/>
</players>
</general>
<round no="0"><action no="1" player="shipfourth89" type="15" discard="1" dealt="1" sum="5"/>
<action no="2" player="oreiasccp" type="15" sum="5"/>
<action no="3" player="shipfourth89" type="1" discard="1" dealt="1" sum="20"/>
<action no="4" player="oreiasccp" type="2" sum="40"/>
</round>
<round no="1"><cards type="Pocket" player="shipfourth89">DQ CJ</cards>
<cards type="Pocket" player="oreiasccp">DA C4</cards>
<action no="5" player="shipfourth89" type="3" discard="1" dealt="1" sum="20"/>
<action no="6" player="oreiasccp" type="23" sum="474"/>
<action no="7" player="shipfourth89" type="7" discard="1" dealt="1" sum="434"/>
</round>
<round no="2"><cards type="Flop">SJ DJ SA</cards>
</round>
<round no="3"><cards type="Turn">D8</cards>
</round>
<round no="4"><cards type="River">S6</cards>
</round>
</game>
<game gamecode="11538534193"><general><startdate>2025-06-28 07:36:04</startdate>
<round>1</round>
<failsafecounter/>
<players><player seat="10" name="shipfourth89" chips="958" dealer="0" win="340" bet="170" muck="0" rebuy="0" addon="0" merge="0" rebuychips="0" reg_code="8393516195"/>
<player seat="3" name="oreiasccp" chips="542" dealer="1" win="0" bet="170" muck="1" rebuy="0" addon="0" merge="0" rebuychips="0" reg_code="8393516125"/>
</players>
</general>
<round no="0"><action no="1" player="oreiasccp" type="15" sum="5"/>
<action no="2" player="shipfourth89" type="15" discard="1" dealt="1" sum="5"/>
<action no="3" player="oreiasccp" type="1" sum="20"/>
<action no="4" player="shipfourth89" type="2" discard="1" dealt="1" sum="40"/>
</round>
<round no="1"><cards type="Pocket" player="shipfourth89">S3 C9</cards>
<cards type="Pocket" player="oreiasccp">HA HJ</cards>
<action no="5" player="oreiasccp" type="3" sum="20"/>
<action no="6" player="shipfourth89" type="4" discard="1" dealt="1" sum="0"/>
</round>
<round no="2"><cards type="Flop">D3 H3 DA</cards>
<action no="7" player="shipfourth89" type="4" discard="1" dealt="1" sum="0"/>
<action no="8" player="oreiasccp" type="5" sum="40"/>
<action no="9" player="shipfourth89" type="3" discard="1" dealt="1" sum="40"/>
</round>
<round no="3"><cards type="Turn">S10</cards>
<action no="10" player="shipfourth89" type="4" discard="1" dealt="1" sum="0"/>
<action no="11" player="oreiasccp" type="5" sum="85"/>
<action no="12" player="shipfourth89" type="3" discard="1" dealt="1" sum="85"/>
</round>
<round no="4"><cards type="River">D5</cards>
<action no="13" player="shipfourth89" type="4" discard="1" dealt="1" sum="0"/>
<action no="14" player="oreiasccp" type="4" sum="0"/>
</round>
</game>
<game gamecode="11538534258"><general><startdate>2025-06-28 07:36:32</startdate>
<round>1</round>
<failsafecounter/>
<players><player seat="3" name="oreiasccp" chips="372" dealer="0" win="250" bet="125" muck="0" rebuy="0" addon="0" merge="0" rebuychips="0" reg_code="8393516125"/>
<player seat="10" name="shipfourth89" chips="1,128" dealer="1" win="0" bet="125" muck="1" rebuy="0" addon="0" merge="0" rebuychips="0" reg_code="8393516195"/>
</players>
</general>
<round no="0"><action no="1" player="shipfourth89" type="15" discard="1" dealt="1" sum="5"/>
<action no="2" player="oreiasccp" type="15" sum="5"/>
<action no="3" player="shipfourth89" type="1" discard="1" dealt="1" sum="30"/>
<action no="4" player="oreiasccp" type="2" sum="60"/>
</round>
<round no="1"><cards type="Pocket" player="oreiasccp">S9 D7</cards>
<cards type="Pocket" player="shipfourth89">HA SQ</cards>
<action no="5" player="shipfourth89" type="3" discard="1" dealt="1" sum="30"/>
<action no="6" player="oreiasccp" type="4" sum="0"/>
</round>
<round no="2"><cards type="Flop">S10 C7 H9</cards>
<action no="7" player="oreiasccp" type="4" sum="0"/>
<action no="8" player="shipfourth89" type="4" discard="1" dealt="1" sum="0"/>
</round>
<round no="3"><cards type="Turn">H8</cards>
<action no="9" player="oreiasccp" type="4" sum="0"/>
<action no="10" player="shipfourth89" type="4" discard="1" dealt="1" sum="0"/>
</round>
<round no="4"><cards type="River">C4</cards>
<action no="11" player="oreiasccp" type="5" sum="60"/>
<action no="12" player="shipfourth89" type="3" discard="1" dealt="1" sum="60"/>
</round>
</game>
<game gamecode="11538534309"><general><startdate>2025-06-28 07:36:50</startdate>
<round>1</round>
<failsafecounter/>
<players><player seat="10" name="shipfourth89" chips="1,003" dealer="0" win="70" bet="65" muck="1" rebuy="0" addon="0" merge="0" rebuychips="0" reg_code="8393516195"/>
<player seat="3" name="oreiasccp" chips="497" dealer="1" win="0" bet="35" muck="1" rebuy="0" addon="0" merge="0" rebuychips="0" reg_code="8393516125"/>
</players>
</general>
<round no="0"><action no="1" player="oreiasccp" type="15" sum="5"/>
<action no="2" player="shipfourth89" type="15" discard="1" dealt="1" sum="5"/>
<action no="3" player="oreiasccp" type="1" sum="30"/>
<action no="4" player="shipfourth89" type="2" discard="1" dealt="1" sum="60"/>
</round>
<round no="1"><cards type="Pocket" player="oreiasccp">D5 CJ</cards>
<cards type="Pocket" player="shipfourth89">X X</cards>
<action no="5" player="oreiasccp" type="0" sum="0"/>
</round>
</game>
<game gamecode="11538534321"><general><startdate>2025-06-28 07:36:55</startdate>
<round>1</round>
<failsafecounter/>
<players><player seat="3" name="oreiasccp" chips="462" dealer="0" win="0" bet="65" muck="1" rebuy="0" addon="0" merge="0" rebuychips="0" reg_code="8393516125"/>
<player seat="10" name="shipfourth89" chips="1,038" dealer="1" win="130" bet="125" muck="1" rebuy="0" addon="0" merge="0" rebuychips="0" reg_code="8393516195"/>
</players>
</general>
<round no="0"><action no="1" player="shipfourth89" type="15" discard="1" dealt="1" sum="5"/>
<action no="2" player="oreiasccp" type="15" sum="5"/>
<action no="3" player="shipfourth89" type="1" discard="1" dealt="1" sum="30"/>
<action no="4" player="oreiasccp" type="2" sum="60"/>
</round>
<round no="1"><cards type="Pocket" player="oreiasccp">H2 D3</cards>
<cards type="Pocket" player="shipfourth89">X X</cards>
<action no="5" player="shipfourth89" type="3" discard="1" dealt="1" sum="30"/>
<action no="6" player="oreiasccp" type="4" sum="0"/>
</round>
<round no="2"><cards type="Flop">H4 SJ H9</cards>
<action no="7" player="oreiasccp" type="4" sum="0"/>
<action no="8" player="shipfourth89" type="4" discard="1" dealt="1" sum="0"/>
</round>
<round no="3"><cards type="Turn">CK</cards>
<action no="9" player="oreiasccp" type="4" sum="0"/>
<action no="10" player="shipfourth89" type="4" discard="1" dealt="1" sum="0"/>
</round>
<round no="4"><cards type="River">D8</cards>
<action no="11" player="oreiasccp" type="4" sum="0"/>
<action no="12" player="shipfourth89" type="5" discard="1" dealt="1" sum="60"/>
<action no="13" player="oreiasccp" type="0" sum="0"/>
</round>
</game>
<game gamecode="11538534385"><general><startdate>2025-06-28 07:37:21</startdate>
<round>1</round>
<failsafecounter/>
<players><player seat="10" name="shipfourth89" chips="1,103" dealer="0" win="0" bet="250" muck="1" rebuy="0" addon="0" merge="0" rebuychips="0" reg_code="8393516195"/>
<player seat="3" name="oreiasccp" chips="397" dealer="1" win="500" bet="397" muck="1" rebuy="0" addon="0" merge="0" rebuychips="0" reg_code="8393516125"/>
</players>
</general>
<round no="0"><action no="1" player="oreiasccp" type="15" sum="5"/>
<action no="2" player="shipfourth89" type="15" discard="1" dealt="1" sum="5"/>
<action no="3" player="oreiasccp" type="1" sum="30"/>
<action no="4" player="shipfourth89" type="2" discard="1" dealt="1" sum="60"/>
</round>
<round no="1"><cards type="Pocket" player="oreiasccp">SA DA</cards>
<cards type="Pocket" player="shipfourth89">X X</cards>
<action no="5" player="oreiasccp" type="3" sum="30"/>
<action no="6" player="shipfourth89" type="23" discard="1" dealt="1" sum="120"/>
<action no="7" player="oreiasccp" type="3" sum="60"/>
</round>
<round no="2"><cards type="Flop">S2 D7 H7</cards>
<action no="8" player="shipfourth89" type="4" discard="1" dealt="1" sum="0"/>
<action no="9" player="oreiasccp" type="4" sum="0"/>
</round>
<round no="3"><cards type="Turn">CA</cards>
<action no="10" player="shipfourth89" type="5" discard="1" dealt="1" sum="125"/>
<action no="11" player="oreiasccp" type="3" sum="125"/>
</round>
<round no="4"><cards type="River">DJ</cards>
<action no="12" player="shipfourth89" type="4" discard="1" dealt="1" sum="0"/>
<action no="13" player="oreiasccp" type="5" sum="147"/>
<action no="14" player="shipfourth89" type="0" discard="1" dealt="1" sum="0"/>
</round>
</game>
<game gamecode="11538534461"><general><startdate>2025-06-28 07:37:49</startdate>
<round>1</round>
<failsafecounter/>
<players><player seat="3" name="oreiasccp" chips="647" dealer="0" win="0" bet="195" muck="1" rebuy="0" addon="0" merge="0" rebuychips="0" reg_code="8393516125"/>
<player seat="10" name="shipfourth89" chips="853" dealer="1" win="390" bet="195" muck="0" rebuy="0" addon="0" merge="0" rebuychips="0" reg_code="8393516195"/>
</players>
</general>
<round no="0"><action no="1" player="shipfourth89" type="15" discard="1" dealt="1" sum="5"/>
<action no="2" player="oreiasccp" type="15" sum="5"/>
<action no="3" player="shipfourth89" type="1" discard="1" dealt="1" sum="30"/>
<action no="4" player="oreiasccp" type="2" sum="60"/>
</round>
<round no="1"><cards type="Pocket" player="oreiasccp">S4 H3</cards>
<cards type="Pocket" player="shipfourth89">HJ DQ</cards>
<action no="5" player="shipfourth89" type="3" discard="1" dealt="1" sum="30"/>
<action no="6" player="oreiasccp" type="4" sum="0"/>
</round>
<round no="2"><cards type="Flop">CJ H4 C4</cards>
<action no="7" player="oreiasccp" type="4" sum="0"/>
<action no="8" player="shipfourth89" type="4" discard="1" dealt="1" sum="0"/>
</round>
<round no="3"><cards type="Turn">DJ</cards>
<action no="9" player="oreiasccp" type="4" sum="0"/>
<action no="10" player="shipfourth89" type="4" discard="1" dealt="1" sum="0"/>
</round>
<round no="4"><cards type="River">SJ</cards>
<action no="11" player="oreiasccp" type="4" sum="0"/>
<action no="12" player="shipfourth89" type="5" discard="1" dealt="1" sum="130"/>
<action no="13" player="oreiasccp" type="3" sum="130"/>
</round>
</game>
<game gamecode="11538534548"><general><startdate>2025-06-28 07:38:16</startdate>
<round>1</round>
<failsafecounter/>
<players><player seat="10" name="shipfourth89" chips="1,048" dealer="0" win="0" bet="65" muck="1" rebuy="0" addon="0" merge="0" rebuychips="0" reg_code="8393516195"/>
<player seat="3" name="oreiasccp" chips="452" dealer="1" win="130" bet="452" muck="1" rebuy="0" addon="0" merge="0" rebuychips="0" reg_code="8393516125"/>
</players>
</general>
<round no="0"><action no="1" player="oreiasccp" type="15" sum="5"/>
<action no="2" player="shipfourth89" type="15" discard="1" dealt="1" sum="5"/>
<action no="3" player="oreiasccp" type="1" sum="30"/>
<action no="4" player="shipfourth89" type="2" discard="1" dealt="1" sum="60"/>
</round>
<round no="1"><cards type="Pocket" player="oreiasccp">S4 SA</cards>
<cards type="Pocket" player="shipfourth89">X X</cards>
<action no="5" player="oreiasccp" type="23" sum="447"/>
<action no="6" player="shipfourth89" type="0" discard="1" dealt="1" sum="0"/>
</round>
</game>
<game gamecode="11538534571"><general><startdate>2025-06-28 07:38:25</startdate>
<round>1</round>
<failsafecounter/>
<players><player seat="3" name="oreiasccp" chips="517" dealer="0" win="0" bet="65" muck="1" rebuy="0" addon="0" merge="0" rebuychips="0" reg_code="8393516125"/>
<player seat="10" name="shipfourth89" chips="983" dealer="1" win="130" bet="65" muck="0" rebuy="0" addon="0" merge="0" rebuychips="0" reg_code="8393516195"/>
</players>
</general>
<round no="0"><action no="1" player="shipfourth89" type="15" discard="1" dealt="1" sum="5"/>
<action no="2" player="oreiasccp" type="15" sum="5"/>
<action no="3" player="shipfourth89" type="1" discard="1" dealt="1" sum="30"/>
<action no="4" player="oreiasccp" type="2" sum="60"/>
</round>
<round no="1"><cards type="Pocket" player="oreiasccp">D4 H7</cards>
<cards type="Pocket" player="shipfourth89">H6 S6</cards>
<action no="5" player="shipfourth89" type="3" discard="1" dealt="1" sum="30"/>
<action no="6" player="oreiasccp" type="4" sum="0"/>
</round>
<round no="2"><cards type="Flop">C10 D2 H8</cards>
<action no="7" player="oreiasccp" type="4" sum="0"/>
<action no="8" player="shipfourth89" type="4" discard="1" dealt="1" sum="0"/>
</round>
<round no="3"><cards type="Turn">H2</cards>
<action no="9" player="oreiasccp" type="4" sum="0"/>
<action no="10" player="shipfourth89" type="4" discard="1" dealt="1" sum="0"/>
</round>
<round no="4"><cards type="River">HJ</cards>
<action no="11" player="oreiasccp" type="4" sum="0"/>
<action no="12" player="shipfourth89" type="4" discard="1" dealt="1" sum="0"/>
</round>
</game>
<game gamecode="11538534622"><general><startdate>2025-06-28 07:38:43</startdate>
<round>1</round>
<failsafecounter/>
<players><player seat="10" name="shipfourth89" chips="1,048" dealer="0" win="96" bet="88" muck="1" rebuy="0" addon="0" merge="0" rebuychips="0" reg_code="8393516195"/>
<player seat="3" name="oreiasccp" chips="452" dealer="1" win="0" bet="48" muck="1" rebuy="0" addon="0" merge="0" rebuychips="0" reg_code="8393516125"/>
</players>
</general>
<round no="0"><action no="1" player="oreiasccp" type="15" sum="8"/>
<action no="2" player="shipfourth89" type="15" discard="1" dealt="1" sum="8"/>
<action no="3" player="oreiasccp" type="1" sum="40"/>
<action no="4" player="shipfourth89" type="2" discard="1" dealt="1" sum="80"/>
</round>
<round no="1"><cards type="Pocket" player="oreiasccp">C10 D5</cards>
<cards type="Pocket" player="shipfourth89">X X</cards>
<action no="5" player="oreiasccp" type="0" sum="0"/>
</round>
</game>
<game gamecode="11538534634"><general><startdate>2025-06-28 07:38:49</startdate>
<round>1</round>
<failsafecounter/>
<players><player seat="3" name="oreiasccp" chips="404" dealer="0" win="176" bet="404" muck="1" rebuy="0" addon="0" merge="0" rebuychips="0" reg_code="8393516125"/>
<player seat="10" name="shipfourth89" chips="1,096" dealer="1" win="0" bet="88" muck="1" rebuy="0" addon="0" merge="0" rebuychips="0" reg_code="8393516195"/>
</players>
</general>
<round no="0"><action no="1" player="shipfourth89" type="15" discard="1" dealt="1" sum="8"/>
<action no="2" player="oreiasccp" type="15" sum="8"/>
<action no="3" player="shipfourth89" type="1" discard="1" dealt="1" sum="40"/>
<action no="4" player="oreiasccp" type="2" sum="80"/>
</round>
<round no="1"><cards type="Pocket" player="shipfourth89">X X</cards>
<cards type="Pocket" player="oreiasccp">DA C9</cards>
<action no="5" player="shipfourth89" type="3" discard="1" dealt="1" sum="40"/>
<action no="6" player="oreiasccp" type="23" sum="396"/>
<action no="7" player="shipfourth89" type="0" discard="1" dealt="1" sum="0"/>
</round>
</game>
<game gamecode="11538534660"><general><startdate>2025-06-28 07:38:58</startdate>
<round>1</round>
<failsafecounter/>
<players><player seat="10" name="shipfourth89" chips="1,008" dealer="0" win="96" bet="88" muck="1" rebuy="0" addon="0" merge="0" rebuychips="0" reg_code="8393516195"/>
<player seat="3" name="oreiasccp" chips="492" dealer="1" win="0" bet="48" muck="1" rebuy="0" addon="0" merge="0" rebuychips="0" reg_code="8393516125"/>
</players>
</general>
<round no="0"><action no="1" player="oreiasccp" type="15" sum="8"/>
<action no="2" player="shipfourth89" type="15" discard="1" dealt="1" sum="8"/>
<action no="3" player="oreiasccp" type="1" sum="40"/>
<action no="4" player="shipfourth89" type="2" discard="1" dealt="1" sum="80"/>
</round>
<round no="1"><cards type="Pocket" player="shipfourth89">X X</cards>
<cards type="Pocket" player="oreiasccp">S4 D8</cards>
<action no="5" player="oreiasccp" type="0" sum="0"/>
</round>
</game>
<game gamecode="11538534681"><general><startdate>2025-06-28 07:39:07</startdate>
<round>1</round>
<failsafecounter/>
<players><player seat="3" name="oreiasccp" chips="444" dealer="0" win="96" bet="88" muck="1" rebuy="0" addon="0" merge="0" rebuychips="0" reg_code="8393516125"/>
<player seat="10" name="shipfourth89" chips="1,056" dealer="1" win="0" bet="48" muck="1" rebuy="0" addon="0" merge="0" rebuychips="0" reg_code="8393516195"/>
</players>
</general>
<round no="0"><action no="1" player="shipfourth89" type="15" discard="1" dealt="1" sum="8"/>
<action no="2" player="oreiasccp" type="15" sum="8"/>
<action no="3" player="shipfourth89" type="1" discard="1" dealt="1" sum="40"/>
<action no="4" player="oreiasccp" type="2" sum="80"/>
</round>
<round no="1"><cards type="Pocket" player="shipfourth89">X X</cards>
<cards type="Pocket" player="oreiasccp">S5 S2</cards>
<action no="5" player="shipfourth89" type="0" discard="1" dealt="1" sum="0"/>
</round>
</game>
<game gamecode="11538534697"><general><startdate>2025-06-28 07:39:13</startdate>
<round>1</round>
<failsafecounter/>
<players><player seat="10" name="shipfourth89" chips="1,008" dealer="0" win="96" bet="88" muck="1" rebuy="0" addon="0" merge="0" rebuychips="0" reg_code="8393516195"/>
<player seat="3" name="oreiasccp" chips="492" dealer="1" win="0" bet="48" muck="1" rebuy="0" addon="0" merge="0" rebuychips="0" reg_code="8393516125"/>
</players>
</general>
<round no="0"><action no="1" player="oreiasccp" type="15" sum="8"/>
<action no="2" player="shipfourth89" type="15" discard="1" dealt="1" sum="8"/>
<action no="3" player="oreiasccp" type="1" sum="40"/>
<action no="4" player="shipfourth89" type="2" discard="1" dealt="1" sum="80"/>
</round>
<round no="1"><cards type="Pocket" player="shipfourth89">X X</cards>
<cards type="Pocket" player="oreiasccp">D3 H8</cards>
<action no="5" player="oreiasccp" type="0" sum="0"/>
</round>
</game>
<game gamecode="11538534720"><general><startdate>2025-06-28 07:39:18</startdate>
<round>1</round>
<failsafecounter/>
<players><player seat="3" name="oreiasccp" chips="444" dealer="0" win="0" bet="444" muck="0" rebuy="0" addon="0" merge="0" rebuychips="0" reg_code="8393516125"/>
<player seat="10" name="shipfourth89" chips="1,056" dealer="1" win="888" bet="444" muck="0" rebuy="0" addon="0" merge="0" rebuychips="0" reg_code="8393516195"/>
</players>
</general>
<round no="0"><action no="1" player="shipfourth89" type="15" discard="1" dealt="1" sum="8"/>
<action no="2" player="oreiasccp" type="15" sum="8"/>
<action no="3" player="shipfourth89" type="1" discard="1" dealt="1" sum="40"/>
<action no="4" player="oreiasccp" type="2" sum="80"/>
</round>
<round no="1"><cards type="Pocket" player="shipfourth89">H9 DJ</cards>
<cards type="Pocket" player="oreiasccp">D10 H3</cards>
<action no="5" player="shipfourth89" type="3" discard="1" dealt="1" sum="40"/>
<action no="6" player="oreiasccp" type="4" sum="0"/>
</round>
<round no="2"><cards type="Flop">H4 H5 D2</cards>
<action no="7" player="oreiasccp" type="4" sum="0"/>
<action no="8" player="shipfourth89" type="5" discard="1" dealt="1" sum="80"/>
<action no="9" player="oreiasccp" type="3" sum="80"/>
</round>
<round no="3"><cards type="Turn">HJ</cards>
<action no="10" player="oreiasccp" type="4" sum="0"/>
<action no="11" player="shipfourth89" type="4" discard="1" dealt="1" sum="0"/>
</round>
<round no="4"><cards type="River">C8</cards>
<action no="12" player="oreiasccp" type="5" sum="276"/>
<action no="13" player="shipfourth89" type="3" discard="1" dealt="1" sum="276"/>
</round>
</game>
</session>
