<?xml version="1.0" encoding="UTF-8"?>
<session sessioncode="8393520401">
<general>
<client_version>25.1.1.13</client_version>
<mode>real</mode>
<gametype>Holdem NL</gametype>
<tablename>Twister €5 SNG, 1128746679</tablename>
<tournamentcode>1128746678</tournamentcode>
<tournamentname>Twister €5 SNG</tournamentname>
<buyin>€0 + €0.35 + €4.65</buyin>
<totalbuyin>€5</totalbuyin>
<rewarddrawn>€15</rewarddrawn>
<tournamentcurrency>EUR</tournamentcurrency>
<currency>EUR</currency>
<nickname>oreiasccp</nickname>
<gamecount>23</gamecount>
<startdate>2025-06-28 07:48:27</startdate>
<place>1</place>
<win>€15</win>
<tablesize>3</tablesize>
</general>
<game gamecode="11538540513"><general><startdate>2025-06-28 07:48:42</startdate>
<round>1</round>
<failsafecounter/>
<players><player seat="3" name="Necromonger13" chips="500" dealer="0" win="0" bet="20" muck="1" rebuy="0" addon="0" merge="0" rebuychips="0" reg_code="8393520282"/>
<player seat="6" name="oreiasccp" chips="500" dealer="1" win="0" bet="0" muck="1" rebuy="0" addon="0" merge="0" rebuychips="0" reg_code="8393520401"/>
<player seat="10" name="giannhsKollias" chips="500" dealer="0" win="40" bet="40" muck="1" rebuy="0" addon="0" merge="0" rebuychips="0" reg_code="8393520406"/>
</players>
</general>
<round no="0"><action no="1" player="giannhsKollias" type="1" discard="1" dealt="1" sum="10"/>
<action no="2" player="Necromonger13" type="2" discard="1" dealt="1" sum="20"/>
</round>
<round no="1"><cards type="Pocket" player="Necromonger13">X X</cards>
<cards type="Pocket" player="giannhsKollias">X X</cards>
<cards type="Pocket" player="oreiasccp">H10 C2</cards>
<action no="3" player="oreiasccp" type="0" sum="0"/>
<action no="4" player="giannhsKollias" type="3" discard="1" dealt="1" sum="10"/>
<action no="5" player="Necromonger13" type="4" discard="1" dealt="1" sum="0"/>
</round>
<round no="2"><cards type="Flop">C10 D5 S10</cards>
<action no="6" player="giannhsKollias" type="5" discard="1" dealt="1" sum="20"/>
<action no="7" player="Necromonger13" type="0" discard="1" dealt="1" sum="0"/>
</round>
</game>
<game gamecode="11538540555"><general><startdate>2025-06-28 07:48:55</startdate>
<round>1</round>
<failsafecounter/>
<players><player seat="6" name="oreiasccp" chips="500" dealer="0" win="0" bet="20" muck="1" rebuy="0" addon="0" merge="0" rebuychips="0" reg_code="8393520401"/>
<player seat="10" name="giannhsKollias" chips="520" dealer="1" win="50" bet="70" muck="1" rebuy="0" addon="0" merge="0" rebuychips="0" reg_code="8393520406"/>
<player seat="3" name="Necromonger13" chips="480" dealer="0" win="0" bet="10" muck="1" rebuy="0" addon="0" merge="0" rebuychips="0" reg_code="8393520282"/>
</players>
</general>
<round no="0"><action no="1" player="Necromonger13" type="1" discard="1" dealt="1" sum="10"/>
<action no="2" player="oreiasccp" type="2" sum="20"/>
</round>
<round no="1"><cards type="Pocket" player="giannhsKollias">X X</cards>
<cards type="Pocket" player="Necromonger13">X X</cards>
<cards type="Pocket" player="oreiasccp">CK D2</cards>
<action no="3" player="giannhsKollias" type="3" discard="1" dealt="1" sum="20"/>
<action no="4" player="Necromonger13" type="0" discard="1" dealt="1" sum="0"/>
<action no="5" player="oreiasccp" type="4" sum="0"/>
</round>
<round no="2"><cards type="Flop">H4 S8 C8</cards>
<action no="6" player="oreiasccp" type="4" sum="0"/>
<action no="7" player="giannhsKollias" type="5" discard="1" dealt="1" sum="50"/>
<action no="8" player="oreiasccp" type="0" sum="0"/>
</round>
</game>
<game gamecode="11538540611"><general><startdate>2025-06-28 07:49:13</startdate>
<round>1</round>
<failsafecounter/>
<players><player seat="10" name="giannhsKollias" chips="550" dealer="0" win="0" bet="120" muck="1" rebuy="0" addon="0" merge="0" rebuychips="0" reg_code="8393520406"/>
<player seat="3" name="Necromonger13" chips="470" dealer="1" win="0" bet="0" muck="1" rebuy="0" addon="0" merge="0" rebuychips="0" reg_code="8393520282"/>
<player seat="6" name="oreiasccp" chips="480" dealer="0" win="240" bet="120" muck="0" rebuy="0" addon="0" merge="0" rebuychips="0" reg_code="8393520401"/>
</players>
</general>
<round no="0"><action no="1" player="oreiasccp" type="1" sum="10"/>
<action no="2" player="giannhsKollias" type="2" discard="1" dealt="1" sum="20"/>
</round>
<round no="1"><cards type="Pocket" player="giannhsKollias">D3 D9</cards>
<cards type="Pocket" player="Necromonger13">X X</cards>
<cards type="Pocket" player="oreiasccp">S9 H8</cards>
<action no="3" player="Necromonger13" type="0" discard="1" dealt="1" sum="0"/>
<action no="4" player="oreiasccp" type="23" sum="40"/>
<action no="5" player="giannhsKollias" type="3" discard="1" dealt="1" sum="20"/>
</round>
<round no="2"><cards type="Flop">S8 SJ SK</cards>
<action no="6" player="oreiasccp" type="4" sum="0"/>
<action no="7" player="giannhsKollias" type="5" discard="1" dealt="1" sum="80"/>
<action no="8" player="oreiasccp" type="3" sum="80"/>
</round>
<round no="3"><cards type="Turn">H3</cards>
<action no="9" player="oreiasccp" type="4" sum="0"/>
<action no="10" player="giannhsKollias" type="4" discard="1" dealt="1" sum="0"/>
</round>
<round no="4"><cards type="River">H2</cards>
<action no="11" player="oreiasccp" type="4" sum="0"/>
<action no="12" player="giannhsKollias" type="4" discard="1" dealt="1" sum="0"/>
</round>
</game>
<game gamecode="11538540690"><general><startdate>2025-06-28 07:49:41</startdate>
<round>1</round>
<failsafecounter/>
<players><player seat="3" name="Necromonger13" chips="470" dealer="0" win="40" bet="50" muck="1" rebuy="0" addon="0" merge="0" rebuychips="0" reg_code="8393520282"/>
<player seat="6" name="oreiasccp" chips="600" dealer="1" win="0" bet="0" muck="1" rebuy="0" addon="0" merge="0" rebuychips="0" reg_code="8393520401"/>
<player seat="10" name="giannhsKollias" chips="430" dealer="0" win="0" bet="20" muck="1" rebuy="0" addon="0" merge="0" rebuychips="0" reg_code="8393520406"/>
</players>
</general>
<round no="0"><action no="1" player="giannhsKollias" type="1" discard="1" dealt="1" sum="10"/>
<action no="2" player="Necromonger13" type="2" discard="1" dealt="1" sum="20"/>
</round>
<round no="1"><cards type="Pocket" player="Necromonger13">X X</cards>
<cards type="Pocket" player="giannhsKollias">X X</cards>
<cards type="Pocket" player="oreiasccp">HJ D3</cards>
<action no="3" player="oreiasccp" type="0" sum="0"/>
<action no="4" player="giannhsKollias" type="3" discard="1" dealt="1" sum="10"/>
<action no="5" player="Necromonger13" type="4" discard="1" dealt="1" sum="0"/>
</round>
<round no="2"><cards type="Flop">C9 H10 S3</cards>
<action no="6" player="giannhsKollias" type="4" discard="1" dealt="1" sum="0"/>
<action no="7" player="Necromonger13" type="5" discard="1" dealt="1" sum="30"/>
<action no="8" player="giannhsKollias" type="0" discard="1" dealt="1" sum="0"/>
</round>
</game>
<game gamecode="11538540720"><general><startdate>2025-06-28 07:49:54</startdate>
<round>1</round>
<failsafecounter/>
<players><player seat="6" name="oreiasccp" chips="600" dealer="0" win="0" bet="80" muck="1" rebuy="0" addon="0" merge="0" rebuychips="0" reg_code="8393520401"/>
<player seat="10" name="giannhsKollias" chips="410" dealer="1" win="170" bet="80" muck="0" rebuy="0" addon="0" merge="0" rebuychips="0" reg_code="8393520406"/>
<player seat="3" name="Necromonger13" chips="490" dealer="0" win="0" bet="10" muck="1" rebuy="0" addon="0" merge="0" rebuychips="0" reg_code="8393520282"/>
</players>
</general>
<round no="0"><action no="1" player="Necromonger13" type="1" discard="1" dealt="1" sum="10"/>
<action no="2" player="oreiasccp" type="2" sum="20"/>
</round>
<round no="1"><cards type="Pocket" player="oreiasccp">C8 SK</cards>
<cards type="Pocket" player="giannhsKollias">DQ CJ</cards>
<cards type="Pocket" player="Necromonger13">X X</cards>
<action no="3" player="giannhsKollias" type="3" discard="1" dealt="1" sum="20"/>
<action no="4" player="Necromonger13" type="0" discard="1" dealt="1" sum="0"/>
<action no="5" player="oreiasccp" type="4" sum="0"/>
</round>
<round no="2"><cards type="Flop">H8 SQ D10</cards>
<action no="6" player="oreiasccp" type="4" sum="0"/>
<action no="7" player="giannhsKollias" type="5" discard="1" dealt="1" sum="20"/>
<action no="8" player="oreiasccp" type="3" sum="20"/>
</round>
<round no="3"><cards type="Turn">H5</cards>
<action no="9" player="oreiasccp" type="4" sum="0"/>
<action no="10" player="giannhsKollias" type="5" discard="1" dealt="1" sum="20"/>
<action no="11" player="oreiasccp" type="3" sum="20"/>
</round>
<round no="4"><cards type="River">H4</cards>
<action no="12" player="oreiasccp" type="4" sum="0"/>
<action no="13" player="giannhsKollias" type="5" discard="1" dealt="1" sum="20"/>
<action no="14" player="oreiasccp" type="3" sum="20"/>
</round>
</game>
<game gamecode="11538540787"><general><startdate>2025-06-28 07:50:21</startdate>
<round>1</round>
<failsafecounter/>
<players><player seat="10" name="giannhsKollias" chips="500" dealer="0" win="20" bet="20" muck="1" rebuy="0" addon="0" merge="0" rebuychips="0" reg_code="8393520406"/>
<player seat="3" name="Necromonger13" chips="480" dealer="1" win="0" bet="0" muck="1" rebuy="0" addon="0" merge="0" rebuychips="0" reg_code="8393520282"/>
<player seat="6" name="oreiasccp" chips="520" dealer="0" win="0" bet="10" muck="1" rebuy="0" addon="0" merge="0" rebuychips="0" reg_code="8393520401"/>
</players>
</general>
<round no="0"><action no="1" player="oreiasccp" type="1" sum="10"/>
<action no="2" player="giannhsKollias" type="2" discard="1" dealt="1" sum="20"/>
</round>
<round no="1"><cards type="Pocket" player="oreiasccp">C3 H6</cards>
<cards type="Pocket" player="Necromonger13">X X</cards>
<cards type="Pocket" player="giannhsKollias">X X</cards>
<action no="3" player="Necromonger13" type="0" discard="1" dealt="1" sum="0"/>
<action no="4" player="oreiasccp" type="0" sum="0"/>
</round>
</game>
<game gamecode="11538540806"><general><startdate>2025-06-28 07:50:28</startdate>
<round>1</round>
<failsafecounter/>
<players><player seat="3" name="Necromonger13" chips="480" dealer="0" win="0" bet="20" muck="1" rebuy="0" addon="0" merge="0" rebuychips="0" reg_code="8393520282"/>
<player seat="6" name="oreiasccp" chips="510" dealer="1" win="0" bet="0" muck="1" rebuy="0" addon="0" merge="0" rebuychips="0" reg_code="8393520401"/>
<player seat="10" name="giannhsKollias" chips="510" dealer="0" win="40" bet="40" muck="1" rebuy="0" addon="0" merge="0" rebuychips="0" reg_code="8393520406"/>
</players>
</general>
<round no="0"><action no="1" player="giannhsKollias" type="1" discard="1" dealt="1" sum="10"/>
<action no="2" player="Necromonger13" type="2" discard="1" dealt="1" sum="20"/>
</round>
<round no="1"><cards type="Pocket" player="Necromonger13">X X</cards>
<cards type="Pocket" player="giannhsKollias">X X</cards>
<cards type="Pocket" player="oreiasccp">C7 H6</cards>
<action no="3" player="oreiasccp" type="0" sum="0"/>
<action no="4" player="giannhsKollias" type="3" discard="1" dealt="1" sum="10"/>
<action no="5" player="Necromonger13" type="4" discard="1" dealt="1" sum="0"/>
</round>
<round no="2"><cards type="Flop">SJ C5 S9</cards>
<action no="6" player="giannhsKollias" type="4" discard="1" dealt="1" sum="0"/>
<action no="7" player="Necromonger13" type="4" discard="1" dealt="1" sum="0"/>
</round>
<round no="3"><cards type="Turn">DQ</cards>
<action no="8" player="giannhsKollias" type="4" discard="1" dealt="1" sum="0"/>
<action no="9" player="Necromonger13" type="4" discard="1" dealt="1" sum="0"/>
</round>
<round no="4"><cards type="River">D6</cards>
<action no="10" player="giannhsKollias" type="5" discard="1" dealt="1" sum="20"/>
<action no="11" player="Necromonger13" type="0" discard="1" dealt="1" sum="0"/>
</round>
</game>
<game gamecode="11538540859"><general><startdate>2025-06-28 07:50:50</startdate>
<round>1</round>
<failsafecounter/>
<players><player seat="6" name="oreiasccp" chips="510" dealer="0" win="0" bet="35" muck="1" rebuy="0" addon="0" merge="0" rebuychips="0" reg_code="8393520401"/>
<player seat="10" name="giannhsKollias" chips="530" dealer="1" win="90" bet="65" muck="1" rebuy="0" addon="0" merge="0" rebuychips="0" reg_code="8393520406"/>
<player seat="3" name="Necromonger13" chips="460" dealer="0" win="0" bet="20" muck="1" rebuy="0" addon="0" merge="0" rebuychips="0" reg_code="8393520282"/>
</players>
</general>
<round no="0"><action no="1" player="Necromonger13" type="15" discard="1" dealt="1" sum="5"/>
<action no="2" player="oreiasccp" type="15" sum="5"/>
<action no="3" player="giannhsKollias" type="15" discard="1" dealt="1" sum="5"/>
<action no="4" player="Necromonger13" type="1" discard="1" dealt="1" sum="15"/>
<action no="5" player="oreiasccp" type="2" sum="30"/>
</round>
<round no="1"><cards type="Pocket" player="giannhsKollias">X X</cards>
<cards type="Pocket" player="Necromonger13">X X</cards>
<cards type="Pocket" player="oreiasccp">CJ H5</cards>
<action no="6" player="giannhsKollias" type="3" discard="1" dealt="1" sum="30"/>
<action no="7" player="Necromonger13" type="0" discard="1" dealt="1" sum="0"/>
<action no="8" player="oreiasccp" type="4" sum="0"/>
</round>
<round no="2"><cards type="Flop">D7 H10 HQ</cards>
<action no="9" player="oreiasccp" type="4" sum="0"/>
<action no="10" player="giannhsKollias" type="5" discard="1" dealt="1" sum="30"/>
<action no="11" player="oreiasccp" type="0" sum="0"/>
</round>
</game>
<game gamecode="11538540907"><general><startdate>2025-06-28 07:51:07</startdate>
<round>1</round>
<failsafecounter/>
<players><player seat="10" name="giannhsKollias" chips="585" dealer="0" win="0" bet="65" muck="1" rebuy="0" addon="0" merge="0" rebuychips="0" reg_code="8393520406"/>
<player seat="3" name="Necromonger13" chips="440" dealer="1" win="150" bet="110" muck="1" rebuy="0" addon="0" merge="0" rebuychips="0" reg_code="8393520282"/>
<player seat="6" name="oreiasccp" chips="475" dealer="0" win="0" bet="20" muck="1" rebuy="0" addon="0" merge="0" rebuychips="0" reg_code="8393520401"/>
</players>
</general>
<round no="0"><action no="1" player="oreiasccp" type="15" sum="5"/>
<action no="2" player="giannhsKollias" type="15" discard="1" dealt="1" sum="5"/>
<action no="3" player="Necromonger13" type="15" discard="1" dealt="1" sum="5"/>
<action no="4" player="oreiasccp" type="1" sum="15"/>
<action no="5" player="giannhsKollias" type="2" discard="1" dealt="1" sum="30"/>
</round>
<round no="1"><cards type="Pocket" player="Necromonger13">X X</cards>
<cards type="Pocket" player="oreiasccp">S10 S4</cards>
<cards type="Pocket" player="giannhsKollias">X X</cards>
<action no="6" player="Necromonger13" type="23" discard="1" dealt="1" sum="60"/>
<action no="7" player="oreiasccp" type="0" sum="0"/>
<action no="8" player="giannhsKollias" type="3" discard="1" dealt="1" sum="30"/>
</round>
<round no="2"><cards type="Flop">D3 SQ H9</cards>
<action no="9" player="giannhsKollias" type="4" discard="1" dealt="1" sum="0"/>
<action no="10" player="Necromonger13" type="5" discard="1" dealt="1" sum="45"/>
<action no="11" player="giannhsKollias" type="0" discard="1" dealt="1" sum="0"/>
</round>
</game>
<game gamecode="11538540941"><general><startdate>2025-06-28 07:51:21</startdate>
<round>1</round>
<failsafecounter/>
<players><player seat="3" name="Necromonger13" chips="525" dealer="0" win="0" bet="35" muck="1" rebuy="0" addon="0" merge="0" rebuychips="0" reg_code="8393520282"/>
<player seat="6" name="oreiasccp" chips="455" dealer="1" win="0" bet="65" muck="1" rebuy="0" addon="0" merge="0" rebuychips="0" reg_code="8393520401"/>
<player seat="10" name="giannhsKollias" chips="520" dealer="0" win="165" bet="95" muck="1" rebuy="0" addon="0" merge="0" rebuychips="0" reg_code="8393520406"/>
</players>
</general>
<round no="0"><action no="1" player="giannhsKollias" type="15" discard="1" dealt="1" sum="5"/>
<action no="2" player="Necromonger13" type="15" discard="1" dealt="1" sum="5"/>
<action no="3" player="oreiasccp" type="15" sum="5"/>
<action no="4" player="giannhsKollias" type="1" discard="1" dealt="1" sum="15"/>
<action no="5" player="Necromonger13" type="2" discard="1" dealt="1" sum="30"/>
</round>
<round no="1"><cards type="Pocket" player="Necromonger13">X X</cards>
<cards type="Pocket" player="giannhsKollias">X X</cards>
<cards type="Pocket" player="oreiasccp">SJ SA</cards>
<action no="6" player="oreiasccp" type="23" sum="60"/>
<action no="7" player="giannhsKollias" type="3" discard="1" dealt="1" sum="45"/>
<action no="8" player="Necromonger13" type="0" discard="1" dealt="1" sum="0"/>
</round>
<round no="2"><cards type="Flop">D10 DK D5</cards>
<action no="9" player="giannhsKollias" type="5" discard="1" dealt="1" sum="30"/>
<action no="10" player="oreiasccp" type="0" sum="0"/>
</round>
</game>
<game gamecode="11538540989"><general><startdate>2025-06-28 07:51:34</startdate>
<round>1</round>
<failsafecounter/>
<players><player seat="6" name="oreiasccp" chips="390" dealer="0" win="90" bet="390" muck="1" rebuy="0" addon="0" merge="0" rebuychips="0" reg_code="8393520401"/>
<player seat="10" name="giannhsKollias" chips="620" dealer="1" win="0" bet="35" muck="1" rebuy="0" addon="0" merge="0" rebuychips="0" reg_code="8393520406"/>
<player seat="3" name="Necromonger13" chips="490" dealer="0" win="0" bet="20" muck="1" rebuy="0" addon="0" merge="0" rebuychips="0" reg_code="8393520282"/>
</players>
</general>
<round no="0"><action no="1" player="Necromonger13" type="15" discard="1" dealt="1" sum="5"/>
<action no="2" player="oreiasccp" type="15" sum="5"/>
<action no="3" player="giannhsKollias" type="15" discard="1" dealt="1" sum="5"/>
<action no="4" player="Necromonger13" type="1" discard="1" dealt="1" sum="15"/>
<action no="5" player="oreiasccp" type="2" sum="30"/>
</round>
<round no="1"><cards type="Pocket" player="Necromonger13">X X</cards>
<cards type="Pocket" player="oreiasccp">CA DQ</cards>
<cards type="Pocket" player="giannhsKollias">X X</cards>
<action no="6" player="giannhsKollias" type="3" discard="1" dealt="1" sum="30"/>
<action no="7" player="Necromonger13" type="0" discard="1" dealt="1" sum="0"/>
<action no="8" player="oreiasccp" type="23" sum="385"/>
<action no="9" player="giannhsKollias" type="0" discard="1" dealt="1" sum="0"/>
</round>
</game>
<game gamecode="11538541015"><general><startdate>2025-06-28 07:51:45</startdate>
<round>1</round>
<failsafecounter/>
<players><player seat="10" name="giannhsKollias" chips="585" dealer="0" win="0" bet="585" muck="0" rebuy="0" addon="0" merge="0" rebuychips="0" reg_code="8393520406"/>
<player seat="3" name="Necromonger13" chips="470" dealer="1" win="0" bet="5" muck="1" rebuy="0" addon="0" merge="0" rebuychips="0" reg_code="8393520282"/>
<player seat="6" name="oreiasccp" chips="445" dealer="0" win="895" bet="445" muck="0" rebuy="0" addon="0" merge="0" rebuychips="0" reg_code="8393520401"/>
</players>
</general>
<round no="0"><action no="1" player="oreiasccp" type="15" sum="5"/>
<action no="2" player="giannhsKollias" type="15" discard="1" dealt="1" sum="5"/>
<action no="3" player="Necromonger13" type="15" discard="1" dealt="1" sum="5"/>
<action no="4" player="oreiasccp" type="1" sum="15"/>
<action no="5" player="giannhsKollias" type="2" discard="1" dealt="1" sum="30"/>
</round>
<round no="1"><cards type="Pocket" player="Necromonger13">X X</cards>
<cards type="Pocket" player="oreiasccp">CA CQ</cards>
<cards type="Pocket" player="giannhsKollias">H7 HA</cards>
<action no="6" player="Necromonger13" type="0" discard="1" dealt="1" sum="0"/>
<action no="7" player="oreiasccp" type="23" sum="75"/>
<action no="8" player="giannhsKollias" type="23" discard="1" dealt="1" sum="580"/>
<action no="9" player="oreiasccp" type="7" sum="365"/>
</round>
<round no="2"><cards type="Flop">H4 S9 C3</cards>
</round>
<round no="3"><cards type="Turn">SA</cards>
</round>
<round no="4"><cards type="River">H8</cards>
</round>
</game>
<game gamecode="11538541079"><general><startdate>2025-06-28 07:52:07</startdate>
<round>1</round>
<failsafecounter/>
<players><player seat="3" name="Necromonger13" chips="465" dealer="0" win="0" bet="465" muck="0" rebuy="0" addon="0" merge="0" rebuychips="0" reg_code="8393520282"/>
<player seat="6" name="oreiasccp" chips="895" dealer="1" win="0" bet="65" muck="1" rebuy="0" addon="0" merge="0" rebuychips="0" reg_code="8393520401"/>
<player seat="10" name="giannhsKollias" chips="140" dealer="0" win="345" bet="140" muck="0" rebuy="0" addon="0" merge="0" rebuychips="0" reg_code="8393520406"/>
</players>
</general>
<round no="0"><action no="1" player="giannhsKollias" type="15" discard="1" dealt="1" sum="5"/>
<action no="2" player="Necromonger13" type="15" discard="1" dealt="1" sum="5"/>
<action no="3" player="oreiasccp" type="15" sum="5"/>
<action no="4" player="giannhsKollias" type="1" discard="1" dealt="1" sum="15"/>
<action no="5" player="Necromonger13" type="2" discard="1" dealt="1" sum="30"/>
</round>
<round no="1"><cards type="Pocket" player="Necromonger13">CJ CQ</cards>
<cards type="Pocket" player="oreiasccp">C10 CK</cards>
<cards type="Pocket" player="giannhsKollias">HJ SA</cards>
<action no="6" player="oreiasccp" type="23" sum="60"/>
<action no="7" player="giannhsKollias" type="23" discard="1" dealt="1" sum="135"/>
<action no="8" player="Necromonger13" type="23" discard="1" dealt="1" sum="460"/>
<action no="9" player="oreiasccp" type="0" sum="0"/>
</round>
<round no="2"><cards type="Flop">C5 SK D2</cards>
</round>
<round no="3"><cards type="Turn">D9</cards>
</round>
<round no="4"><cards type="River">C4</cards>
</round>
</game>
<game gamecode="11538541159"><general><startdate>2025-06-28 07:52:38</startdate>
<round>1</round>
<failsafecounter/>
<players><player seat="6" name="oreiasccp" chips="830" dealer="0" win="0" bet="99" muck="1" rebuy="0" addon="0" merge="0" rebuychips="0" reg_code="8393520401"/>
<player seat="10" name="giannhsKollias" chips="345" dealer="1" win="218" bet="208" muck="1" rebuy="0" addon="0" merge="0" rebuychips="0" reg_code="8393520406"/>
<player seat="3" name="Necromonger13" chips="325" dealer="0" win="0" bet="20" muck="1" rebuy="0" addon="0" merge="0" rebuychips="0" reg_code="8393520282"/>
</players>
</general>
<round no="0"><action no="1" player="Necromonger13" type="15" discard="1" dealt="1" sum="5"/>
<action no="2" player="oreiasccp" type="15" sum="5"/>
<action no="3" player="giannhsKollias" type="15" discard="1" dealt="1" sum="5"/>
<action no="4" player="Necromonger13" type="1" discard="1" dealt="1" sum="15"/>
<action no="5" player="oreiasccp" type="2" sum="30"/>
</round>
<round no="1"><cards type="Pocket" player="Necromonger13">X X</cards>
<cards type="Pocket" player="giannhsKollias">X X</cards>
<cards type="Pocket" player="oreiasccp">DQ C9</cards>
<action no="6" player="giannhsKollias" type="3" discard="1" dealt="1" sum="30"/>
<action no="7" player="Necromonger13" type="0" discard="1" dealt="1" sum="0"/>
<action no="8" player="oreiasccp" type="4" sum="0"/>
</round>
<round no="2"><cards type="Flop">DK CK S10</cards>
<action no="9" player="oreiasccp" type="4" sum="0"/>
<action no="10" player="giannhsKollias" type="4" discard="1" dealt="1" sum="0"/>
</round>
<round no="3"><cards type="Turn">C3</cards>
<action no="11" player="oreiasccp" type="5" sum="32"/>
<action no="12" player="giannhsKollias" type="23" discard="1" dealt="1" sum="64"/>
<action no="13" player="oreiasccp" type="3" sum="32"/>
</round>
<round no="4"><cards type="River">S3</cards>
<action no="14" player="oreiasccp" type="4" sum="0"/>
<action no="15" player="giannhsKollias" type="5" discard="1" dealt="1" sum="109"/>
<action no="16" player="oreiasccp" type="0" sum="0"/>
</round>
</game>
<game gamecode="11538541221"><general><startdate>2025-06-28 07:53:02</startdate>
<round>1</round>
<failsafecounter/>
<players><player seat="10" name="giannhsKollias" chips="464" dealer="0" win="0" bet="45" muck="1" rebuy="0" addon="0" merge="0" rebuychips="0" reg_code="8393520406"/>
<player seat="3" name="Necromonger13" chips="305" dealer="1" win="327" bet="305" muck="0" rebuy="0" addon="0" merge="0" rebuychips="0" reg_code="8393520282"/>
<player seat="6" name="oreiasccp" chips="731" dealer="0" win="328" bet="565" muck="0" rebuy="0" addon="0" merge="0" rebuychips="0" reg_code="8393520401"/>
</players>
</general>
<round no="0"><action no="1" player="oreiasccp" type="15" sum="5"/>
<action no="2" player="giannhsKollias" type="15" discard="1" dealt="1" sum="5"/>
<action no="3" player="Necromonger13" type="15" discard="1" dealt="1" sum="5"/>
<action no="4" player="oreiasccp" type="1" sum="20"/>
<action no="5" player="giannhsKollias" type="2" discard="1" dealt="1" sum="40"/>
</round>
<round no="1"><cards type="Pocket" player="oreiasccp">S5 CA</cards>
<cards type="Pocket" player="Necromonger13">H6 SA</cards>
<cards type="Pocket" player="giannhsKollias">X X</cards>
<action no="6" player="Necromonger13" type="23" discard="1" dealt="1" sum="300"/>
<action no="7" player="oreiasccp" type="23" sum="560"/>
<action no="8" player="giannhsKollias" type="0" discard="1" dealt="1" sum="0"/>
</round>
<round no="2"><cards type="Flop">H5 HQ DQ</cards>
</round>
<round no="3"><cards type="Turn">CK</cards>
</round>
<round no="4"><cards type="River">DA</cards>
</round>
</game>
<game gamecode="11538541272"><general><startdate>2025-06-28 07:53:22</startdate>
<round>1</round>
<failsafecounter/>
<players><player seat="3" name="Necromonger13" chips="327" dealer="0" win="0" bet="45" muck="1" rebuy="0" addon="0" merge="0" rebuychips="0" reg_code="8393520282"/>
<player seat="6" name="oreiasccp" chips="754" dealer="1" win="115" bet="419" muck="1" rebuy="0" addon="0" merge="0" rebuychips="0" reg_code="8393520401"/>
<player seat="10" name="giannhsKollias" chips="419" dealer="0" win="0" bet="25" muck="1" rebuy="0" addon="0" merge="0" rebuychips="0" reg_code="8393520406"/>
</players>
</general>
<round no="0"><action no="1" player="giannhsKollias" type="15" discard="1" dealt="1" sum="5"/>
<action no="2" player="Necromonger13" type="15" discard="1" dealt="1" sum="5"/>
<action no="3" player="oreiasccp" type="15" sum="5"/>
<action no="4" player="giannhsKollias" type="1" discard="1" dealt="1" sum="20"/>
<action no="5" player="Necromonger13" type="2" discard="1" dealt="1" sum="40"/>
</round>
<round no="1"><cards type="Pocket" player="Necromonger13">X X</cards>
<cards type="Pocket" player="giannhsKollias">X X</cards>
<cards type="Pocket" player="oreiasccp">H10 HA</cards>
<action no="6" player="oreiasccp" type="23" sum="414"/>
<action no="7" player="giannhsKollias" type="0" discard="1" dealt="1" sum="0"/>
<action no="8" player="Necromonger13" type="0" discard="1" dealt="1" sum="0"/>
</round>
</game>
<game gamecode="11538541303"><general><startdate>2025-06-28 07:53:33</startdate>
<round>1</round>
<failsafecounter/>
<players><player seat="6" name="oreiasccp" chips="824" dealer="0" win="345" bet="160" muck="0" rebuy="0" addon="0" merge="0" rebuychips="0" reg_code="8393520401"/>
<player seat="10" name="giannhsKollias" chips="394" dealer="1" win="0" bet="160" muck="1" rebuy="0" addon="0" merge="0" rebuychips="0" reg_code="8393520406"/>
<player seat="3" name="Necromonger13" chips="282" dealer="0" win="0" bet="25" muck="1" rebuy="0" addon="0" merge="0" rebuychips="0" reg_code="8393520282"/>
</players>
</general>
<round no="0"><action no="1" player="Necromonger13" type="15" discard="1" dealt="1" sum="5"/>
<action no="2" player="oreiasccp" type="15" sum="5"/>
<action no="3" player="giannhsKollias" type="15" discard="1" dealt="1" sum="5"/>
<action no="4" player="Necromonger13" type="1" discard="1" dealt="1" sum="20"/>
<action no="5" player="oreiasccp" type="2" sum="40"/>
</round>
<round no="1"><cards type="Pocket" player="oreiasccp">S2 DK</cards>
<cards type="Pocket" player="Necromonger13">X X</cards>
<cards type="Pocket" player="giannhsKollias">H7 C8</cards>
<action no="6" player="giannhsKollias" type="3" discard="1" dealt="1" sum="40"/>
<action no="7" player="Necromonger13" type="0" discard="1" dealt="1" sum="0"/>
<action no="8" player="oreiasccp" type="4" sum="0"/>
</round>
<round no="2"><cards type="Flop">S6 HK HJ</cards>
<action no="9" player="oreiasccp" type="4" sum="0"/>
<action no="10" player="giannhsKollias" type="5" discard="1" dealt="1" sum="115"/>
<action no="11" player="oreiasccp" type="3" sum="115"/>
</round>
<round no="3"><cards type="Turn">S5</cards>
<action no="12" player="oreiasccp" type="4" sum="0"/>
<action no="13" player="giannhsKollias" type="4" discard="1" dealt="1" sum="0"/>
</round>
<round no="4"><cards type="River">D8</cards>
<action no="14" player="oreiasccp" type="4" sum="0"/>
<action no="15" player="giannhsKollias" type="4" discard="1" dealt="1" sum="0"/>
</round>
</game>
<game gamecode="11538541367"><general><startdate>2025-06-28 07:53:55</startdate>
<round>1</round>
<failsafecounter/>
<players><player seat="10" name="giannhsKollias" chips="234" dealer="0" win="473" bet="234" muck="0" rebuy="0" addon="0" merge="0" rebuychips="0" reg_code="8393520406"/>
<player seat="3" name="Necromonger13" chips="257" dealer="1" win="0" bet="5" muck="1" rebuy="0" addon="0" merge="0" rebuychips="0" reg_code="8393520282"/>
<player seat="6" name="oreiasccp" chips="1,009" dealer="0" win="0" bet="234" muck="1" rebuy="0" addon="0" merge="0" rebuychips="0" reg_code="8393520401"/>
</players>
</general>
<round no="0"><action no="1" player="oreiasccp" type="15" sum="5"/>
<action no="2" player="giannhsKollias" type="15" discard="1" dealt="1" sum="5"/>
<action no="3" player="Necromonger13" type="15" discard="1" dealt="1" sum="5"/>
<action no="4" player="oreiasccp" type="1" sum="20"/>
<action no="5" player="giannhsKollias" type="2" discard="1" dealt="1" sum="40"/>
</round>
<round no="1"><cards type="Pocket" player="oreiasccp">H10 CJ</cards>
<cards type="Pocket" player="giannhsKollias">H4 DQ</cards>
<cards type="Pocket" player="Necromonger13">X X</cards>
<action no="6" player="Necromonger13" type="0" discard="1" dealt="1" sum="0"/>
<action no="7" player="oreiasccp" type="23" sum="229"/>
<action no="8" player="giannhsKollias" type="7" discard="1" dealt="1" sum="189"/>
</round>
<round no="2"><cards type="Flop">S9 H6 S2</cards>
</round>
<round no="3"><cards type="Turn">CQ</cards>
</round>
<round no="4"><cards type="River">D6</cards>
</round>
</game>
<game gamecode="11538541412"><general><startdate>2025-06-28 07:54:12</startdate>
<round>1</round>
<failsafecounter/>
<players><player seat="3" name="Necromonger13" chips="252" dealer="0" win="0" bet="45" muck="1" rebuy="0" addon="0" merge="0" rebuychips="0" reg_code="8393520282"/>
<player seat="6" name="oreiasccp" chips="775" dealer="1" win="115" bet="473" muck="1" rebuy="0" addon="0" merge="0" rebuychips="0" reg_code="8393520401"/>
<player seat="10" name="giannhsKollias" chips="473" dealer="0" win="0" bet="25" muck="1" rebuy="0" addon="0" merge="0" rebuychips="0" reg_code="8393520406"/>
</players>
</general>
<round no="0"><action no="1" player="giannhsKollias" type="15" discard="1" dealt="1" sum="5"/>
<action no="2" player="Necromonger13" type="15" discard="1" dealt="1" sum="5"/>
<action no="3" player="oreiasccp" type="15" sum="5"/>
<action no="4" player="giannhsKollias" type="1" discard="1" dealt="1" sum="20"/>
<action no="5" player="Necromonger13" type="2" discard="1" dealt="1" sum="40"/>
</round>
<round no="1"><cards type="Pocket" player="Necromonger13">X X</cards>
<cards type="Pocket" player="oreiasccp">SA C4</cards>
<cards type="Pocket" player="giannhsKollias">X X</cards>
<action no="6" player="oreiasccp" type="23" sum="468"/>
<action no="7" player="giannhsKollias" type="0" discard="1" dealt="1" sum="0"/>
<action no="8" player="Necromonger13" type="0" discard="1" dealt="1" sum="0"/>
</round>
</game>
<game gamecode="11538541442"><general><startdate>2025-06-28 07:54:24</startdate>
<round>1</round>
<failsafecounter/>
<players><player seat="6" name="oreiasccp" chips="845" dealer="0" win="0" bet="45" muck="1" rebuy="0" addon="0" merge="0" rebuychips="0" reg_code="8393520401"/>
<player seat="10" name="giannhsKollias" chips="448" dealer="1" win="115" bet="448" muck="1" rebuy="0" addon="0" merge="0" rebuychips="0" reg_code="8393520406"/>
<player seat="3" name="Necromonger13" chips="207" dealer="0" win="0" bet="25" muck="1" rebuy="0" addon="0" merge="0" rebuychips="0" reg_code="8393520282"/>
</players>
</general>
<round no="0"><action no="1" player="Necromonger13" type="15" discard="1" dealt="1" sum="5"/>
<action no="2" player="oreiasccp" type="15" sum="5"/>
<action no="3" player="giannhsKollias" type="15" discard="1" dealt="1" sum="5"/>
<action no="4" player="Necromonger13" type="1" discard="1" dealt="1" sum="20"/>
<action no="5" player="oreiasccp" type="2" sum="40"/>
</round>
<round no="1"><cards type="Pocket" player="giannhsKollias">X X</cards>
<cards type="Pocket" player="Necromonger13">X X</cards>
<cards type="Pocket" player="oreiasccp">D2 S2</cards>
<action no="6" player="giannhsKollias" type="23" discard="1" dealt="1" sum="443"/>
<action no="7" player="Necromonger13" type="0" discard="1" dealt="1" sum="0"/>
<action no="8" player="oreiasccp" type="0" sum="0"/>
</round>
</game>
<game gamecode="11538541469"><general><startdate>2025-06-28 07:54:36</startdate>
<round>1</round>
<failsafecounter/>
<players><player seat="10" name="giannhsKollias" chips="518" dealer="0" win="0" bet="45" muck="1" rebuy="0" addon="0" merge="0" rebuychips="0" reg_code="8393520406"/>
<player seat="3" name="Necromonger13" chips="182" dealer="1" win="0" bet="182" muck="0" rebuy="0" addon="0" merge="0" rebuychips="0" reg_code="8393520282"/>
<player seat="6" name="oreiasccp" chips="800" dealer="0" win="409" bet="518" muck="0" rebuy="0" addon="0" merge="0" rebuychips="0" reg_code="8393520401"/>
</players>
</general>
<round no="0"><action no="1" player="oreiasccp" type="15" sum="5"/>
<action no="2" player="giannhsKollias" type="15" discard="1" dealt="1" sum="5"/>
<action no="3" player="Necromonger13" type="15" discard="1" dealt="1" sum="5"/>
<action no="4" player="oreiasccp" type="1" sum="20"/>
<action no="5" player="giannhsKollias" type="2" discard="1" dealt="1" sum="40"/>
</round>
<round no="1"><cards type="Pocket" player="Necromonger13">C8 HA</cards>
<cards type="Pocket" player="oreiasccp">D8 H8</cards>
<cards type="Pocket" player="giannhsKollias">X X</cards>
<action no="6" player="Necromonger13" type="23" discard="1" dealt="1" sum="177"/>
<action no="7" player="oreiasccp" type="23" sum="513"/>
<action no="8" player="giannhsKollias" type="0" discard="1" dealt="1" sum="0"/>
</round>
<round no="2"><cards type="Flop">SQ H9 S6</cards>
</round>
<round no="3"><cards type="Turn">H5</cards>
</round>
<round no="4"><cards type="River">C3</cards>
</round>
</game>
<game gamecode="11538545121"><general><startdate>2025-06-28 07:54:54</startdate>
<round>1</round>
<failsafecounter/>
<players><player seat="10" name="giannhsKollias" chips="473" dealer="0" win="70" bet="65" muck="1" rebuy="0" addon="0" merge="0" rebuychips="0" reg_code="8393520406"/>
<player seat="6" name="oreiasccp" chips="1,027" dealer="1" win="0" bet="35" muck="1" rebuy="0" addon="0" merge="0" rebuychips="0" reg_code="8393520401"/>
</players>
</general>
<round no="0"><action no="1" player="oreiasccp" type="15" sum="5"/>
<action no="2" player="giannhsKollias" type="15" discard="1" dealt="1" sum="5"/>
<action no="3" player="oreiasccp" type="1" sum="30"/>
<action no="4" player="giannhsKollias" type="2" discard="1" dealt="1" sum="60"/>
</round>
<round no="1"><cards type="Pocket" player="oreiasccp">SJ C2</cards>
<cards type="Pocket" player="giannhsKollias">X X</cards>
<action no="5" player="oreiasccp" type="0" sum="0"/>
</round>
</game>
<game gamecode="11538545137"><general><startdate>2025-06-28 07:55:01</startdate>
<round>1</round>
<failsafecounter/>
<players><player seat="6" name="oreiasccp" chips="992" dealer="0" win="1,016" bet="508" muck="0" rebuy="0" addon="0" merge="0" rebuychips="0" reg_code="8393520401"/>
<player seat="10" name="giannhsKollias" chips="508" dealer="1" win="0" bet="508" muck="0" rebuy="0" addon="0" merge="0" rebuychips="0" reg_code="8393520406"/>
</players>
</general>
<round no="0"><action no="1" player="giannhsKollias" type="15" discard="1" dealt="1" sum="5"/>
<action no="2" player="oreiasccp" type="15" sum="5"/>
<action no="3" player="giannhsKollias" type="1" discard="1" dealt="1" sum="30"/>
<action no="4" player="oreiasccp" type="2" sum="60"/>
</round>
<round no="1"><cards type="Pocket" player="giannhsKollias">D10 D5</cards>
<cards type="Pocket" player="oreiasccp">H3 H7</cards>
<action no="5" player="giannhsKollias" type="3" discard="1" dealt="1" sum="30"/>
<action no="6" player="oreiasccp" type="4" sum="0"/>
</round>
<round no="2"><cards type="Flop">H5 C3 D7</cards>
<action no="7" player="oreiasccp" type="4" sum="0"/>
<action no="8" player="giannhsKollias" type="5" discard="1" dealt="1" sum="65"/>
<action no="9" player="oreiasccp" type="23" sum="190"/>
<action no="10" player="giannhsKollias" type="23" discard="1" dealt="1" sum="443"/>
<action no="11" player="oreiasccp" type="3" sum="253"/>
</round>
<round no="3"><cards type="Turn">C8</cards>
</round>
<round no="4"><cards type="River">S8</cards>
</round>
</game>
</session>
