<?xml version="1.0" encoding="UTF-8"?>
<session sessioncode="8393528066">
<general>
<client_version>25.1.1.13</client_version>
<mode>real</mode>
<gametype>Holdem NL</gametype>
<tablename>Twister €5 SNG, 1128747909</tablename>
<tournamentcode>1128747908</tournamentcode>
<tournamentname>Twister €5 SNG</tournamentname>
<buyin>€0 + €0.35 + €4.65</buyin>
<totalbuyin>€5</totalbuyin>
<rewarddrawn>€10</rewarddrawn>
<tournamentcurrency>EUR</tournamentcurrency>
<currency>EUR</currency>
<nickname>oreiasccp</nickname>
<gamecount>44</gamecount>
<startdate>2025-06-28 08:16:39</startdate>
<place>1</place>
<win>€10</win>
<tablesize>3</tablesize>
</general>
<game gamecode="11538559677"><general><startdate>2025-06-28 08:16:54</startdate>
<round>1</round>
<failsafecounter/>
<players><player seat="3" name="dealertight664" chips="500" dealer="0" win="20" bet="20" muck="1" rebuy="0" addon="0" merge="0" rebuychips="0" reg_code="8393528017"/>
<player seat="6" name="oreiasccp" chips="500" dealer="1" win="0" bet="0" muck="1" rebuy="0" addon="0" merge="0" rebuychips="0" reg_code="8393528066"/>
<player seat="10" name="barabAKa1" chips="500" dealer="0" win="0" bet="10" muck="1" rebuy="0" addon="0" merge="0" rebuychips="0" reg_code="8393528095"/>
</players>
</general>
<round no="0"><action no="1" player="barabAKa1" type="1" discard="1" dealt="1" sum="10"/>
<action no="2" player="dealertight664" type="2" discard="1" dealt="1" sum="20"/>
</round>
<round no="1"><cards type="Pocket" player="dealertight664">X X</cards>
<cards type="Pocket" player="barabAKa1">X X</cards>
<cards type="Pocket" player="oreiasccp">CK H5</cards>
<action no="3" player="oreiasccp" type="0" sum="0"/>
<action no="4" player="barabAKa1" type="0" discard="1" dealt="1" sum="0"/>
</round>
</game>
<game gamecode="11538559708"><general><startdate>2025-06-28 08:17:04</startdate>
<round>1</round>
<failsafecounter/>
<players><player seat="6" name="oreiasccp" chips="500" dealer="0" win="20" bet="20" muck="1" rebuy="0" addon="0" merge="0" rebuychips="0" reg_code="8393528066"/>
<player seat="10" name="barabAKa1" chips="490" dealer="1" win="0" bet="0" muck="1" rebuy="0" addon="0" merge="0" rebuychips="0" reg_code="8393528095"/>
<player seat="3" name="dealertight664" chips="510" dealer="0" win="0" bet="10" muck="1" rebuy="0" addon="0" merge="0" rebuychips="0" reg_code="8393528017"/>
</players>
</general>
<round no="0"><action no="1" player="dealertight664" type="1" discard="1" dealt="1" sum="10"/>
<action no="2" player="oreiasccp" type="2" sum="20"/>
</round>
<round no="1"><cards type="Pocket" player="dealertight664">X X</cards>
<cards type="Pocket" player="barabAKa1">X X</cards>
<cards type="Pocket" player="oreiasccp">HJ CA</cards>
<action no="3" player="barabAKa1" type="0" discard="1" dealt="1" sum="0"/>
<action no="4" player="dealertight664" type="0" discard="1" dealt="1" sum="0"/>
</round>
</game>
<game gamecode="11538559753"><general><startdate>2025-06-28 08:17:19</startdate>
<round>1</round>
<failsafecounter/>
<players><player seat="10" name="barabAKa1" chips="490" dealer="0" win="0" bet="490" muck="0" rebuy="0" addon="0" merge="0" rebuychips="0" reg_code="8393528095"/>
<player seat="3" name="dealertight664" chips="500" dealer="1" win="0" bet="60" muck="1" rebuy="0" addon="0" merge="0" rebuychips="0" reg_code="8393528017"/>
<player seat="6" name="oreiasccp" chips="510" dealer="0" win="1,040" bet="500" muck="0" rebuy="0" addon="0" merge="0" rebuychips="0" reg_code="8393528066"/>
</players>
</general>
<round no="0"><action no="1" player="oreiasccp" type="1" sum="10"/>
<action no="2" player="barabAKa1" type="2" discard="1" dealt="1" sum="20"/>
</round>
<round no="1"><cards type="Pocket" player="dealertight664">X X</cards>
<cards type="Pocket" player="barabAKa1">SK HA</cards>
<cards type="Pocket" player="oreiasccp">H10 D10</cards>
<action no="3" player="dealertight664" type="23" discard="1" dealt="1" sum="60"/>
<action no="4" player="oreiasccp" type="23" sum="500"/>
<action no="5" player="barabAKa1" type="7" discard="1" dealt="1" sum="470"/>
<action no="6" player="dealertight664" type="0" discard="1" dealt="1" sum="0"/>
</round>
<round no="2"><cards type="Flop">D7 C8 S5</cards>
</round>
<round no="3"><cards type="Turn">D6</cards>
</round>
<round no="4"><cards type="River">DJ</cards>
</round>
</game>
<game gamecode="11538559839"><general><startdate>2025-06-28 08:17:44</startdate>
<round>1</round>
<failsafecounter/>
<players><player seat="3" name="dealertight664" chips="440" dealer="0" win="0" bet="60" muck="1" rebuy="0" addon="0" merge="0" rebuychips="0" reg_code="8393528017"/>
<player seat="6" name="oreiasccp" chips="1,060" dealer="1" win="120" bet="120" muck="1" rebuy="0" addon="0" merge="0" rebuychips="0" reg_code="8393528066"/>
</players>
</general>
<round no="0"><action no="1" player="oreiasccp" type="1" sum="10"/>
<action no="2" player="dealertight664" type="2" discard="1" dealt="1" sum="20"/>
</round>
<round no="1"><cards type="Pocket" player="oreiasccp">D7 H10</cards>
<cards type="Pocket" player="dealertight664">X X</cards>
<action no="3" player="oreiasccp" type="23" sum="40"/>
<action no="4" player="dealertight664" type="3" discard="1" dealt="1" sum="20"/>
</round>
<round no="2"><cards type="Flop">D6 DA D10</cards>
<action no="5" player="dealertight664" type="4" discard="1" dealt="1" sum="0"/>
<action no="6" player="oreiasccp" type="5" sum="20"/>
<action no="7" player="dealertight664" type="3" discard="1" dealt="1" sum="20"/>
</round>
<round no="3"><cards type="Turn">S9</cards>
<action no="8" player="dealertight664" type="4" discard="1" dealt="1" sum="0"/>
<action no="9" player="oreiasccp" type="5" sum="60"/>
<action no="10" player="dealertight664" type="0" discard="1" dealt="1" sum="0"/>
</round>
</game>
<game gamecode="11538559888"><general><startdate>2025-06-28 08:18:01</startdate>
<round>1</round>
<failsafecounter/>
<players><player seat="6" name="oreiasccp" chips="1,120" dealer="0" win="20" bet="20" muck="1" rebuy="0" addon="0" merge="0" rebuychips="0" reg_code="8393528066"/>
<player seat="3" name="dealertight664" chips="380" dealer="1" win="0" bet="10" muck="1" rebuy="0" addon="0" merge="0" rebuychips="0" reg_code="8393528017"/>
</players>
</general>
<round no="0"><action no="1" player="dealertight664" type="1" discard="1" dealt="1" sum="10"/>
<action no="2" player="oreiasccp" type="2" sum="20"/>
</round>
<round no="1"><cards type="Pocket" player="dealertight664">X X</cards>
<cards type="Pocket" player="oreiasccp">S8 C6</cards>
<action no="3" player="dealertight664" type="0" discard="1" dealt="1" sum="0"/>
</round>
</game>
<game gamecode="11538559906"><general><startdate>2025-06-28 08:18:07</startdate>
<round>1</round>
<failsafecounter/>
<players><player seat="3" name="dealertight664" chips="370" dealer="0" win="20" bet="20" muck="1" rebuy="0" addon="0" merge="0" rebuychips="0" reg_code="8393528017"/>
<player seat="6" name="oreiasccp" chips="1,130" dealer="1" win="0" bet="10" muck="1" rebuy="0" addon="0" merge="0" rebuychips="0" reg_code="8393528066"/>
</players>
</general>
<round no="0"><action no="1" player="oreiasccp" type="1" sum="10"/>
<action no="2" player="dealertight664" type="2" discard="1" dealt="1" sum="20"/>
</round>
<round no="1"><cards type="Pocket" player="oreiasccp">S9 H2</cards>
<cards type="Pocket" player="dealertight664">X X</cards>
<action no="3" player="oreiasccp" type="0" sum="0"/>
</round>
</game>
<game gamecode="11538559927"><general><startdate>2025-06-28 08:18:13</startdate>
<round>1</round>
<failsafecounter/>
<players><player seat="6" name="oreiasccp" chips="1,120" dealer="0" win="20" bet="20" muck="1" rebuy="0" addon="0" merge="0" rebuychips="0" reg_code="8393528066"/>
<player seat="3" name="dealertight664" chips="380" dealer="1" win="0" bet="10" muck="1" rebuy="0" addon="0" merge="0" rebuychips="0" reg_code="8393528017"/>
</players>
</general>
<round no="0"><action no="1" player="dealertight664" type="1" discard="1" dealt="1" sum="10"/>
<action no="2" player="oreiasccp" type="2" sum="20"/>
</round>
<round no="1"><cards type="Pocket" player="oreiasccp">CA DJ</cards>
<cards type="Pocket" player="dealertight664">X X</cards>
<action no="3" player="dealertight664" type="0" discard="1" dealt="1" sum="0"/>
</round>
</game>
<game gamecode="11538559948"><general><startdate>2025-06-28 08:18:19</startdate>
<round>1</round>
<failsafecounter/>
<players><player seat="3" name="dealertight664" chips="370" dealer="0" win="20" bet="20" muck="1" rebuy="0" addon="0" merge="0" rebuychips="0" reg_code="8393528017"/>
<player seat="6" name="oreiasccp" chips="1,130" dealer="1" win="0" bet="10" muck="1" rebuy="0" addon="0" merge="0" rebuychips="0" reg_code="8393528066"/>
</players>
</general>
<round no="0"><action no="1" player="oreiasccp" type="1" sum="10"/>
<action no="2" player="dealertight664" type="2" discard="1" dealt="1" sum="20"/>
</round>
<round no="1"><cards type="Pocket" player="oreiasccp">D6 H2</cards>
<cards type="Pocket" player="dealertight664">X X</cards>
<action no="3" player="oreiasccp" type="0" sum="0"/>
</round>
</game>
<game gamecode="11538559965"><general><startdate>2025-06-28 08:18:24</startdate>
<round>1</round>
<failsafecounter/>
<players><player seat="6" name="oreiasccp" chips="1,120" dealer="0" win="0" bet="20" muck="1" rebuy="0" addon="0" merge="0" rebuychips="0" reg_code="8393528066"/>
<player seat="3" name="dealertight664" chips="380" dealer="1" win="40" bet="60" muck="1" rebuy="0" addon="0" merge="0" rebuychips="0" reg_code="8393528017"/>
</players>
</general>
<round no="0"><action no="1" player="dealertight664" type="1" discard="1" dealt="1" sum="10"/>
<action no="2" player="oreiasccp" type="2" sum="20"/>
</round>
<round no="1"><cards type="Pocket" player="dealertight664">X X</cards>
<cards type="Pocket" player="oreiasccp">S3 C9</cards>
<action no="3" player="dealertight664" type="3" discard="1" dealt="1" sum="10"/>
<action no="4" player="oreiasccp" type="4" sum="0"/>
</round>
<round no="2"><cards type="Flop">SQ S4 SA</cards>
<action no="5" player="oreiasccp" type="4" sum="0"/>
<action no="6" player="dealertight664" type="5" discard="1" dealt="1" sum="40"/>
<action no="7" player="oreiasccp" type="0" sum="0"/>
</round>
</game>
<game gamecode="11538560017"><general><startdate>2025-06-28 08:18:40</startdate>
<round>1</round>
<failsafecounter/>
<players><player seat="3" name="dealertight664" chips="400" dealer="0" win="40" bet="60" muck="1" rebuy="0" addon="0" merge="0" rebuychips="0" reg_code="8393528017"/>
<player seat="6" name="oreiasccp" chips="1,100" dealer="1" win="0" bet="20" muck="1" rebuy="0" addon="0" merge="0" rebuychips="0" reg_code="8393528066"/>
</players>
</general>
<round no="0"><action no="1" player="oreiasccp" type="1" sum="10"/>
<action no="2" player="dealertight664" type="2" discard="1" dealt="1" sum="20"/>
</round>
<round no="1"><cards type="Pocket" player="dealertight664">X X</cards>
<cards type="Pocket" player="oreiasccp">C3 SJ</cards>
<action no="3" player="oreiasccp" type="3" sum="10"/>
<action no="4" player="dealertight664" type="23" discard="1" dealt="1" sum="60"/>
<action no="5" player="oreiasccp" type="0" sum="0"/>
</round>
</game>
<game gamecode="11538560053"><general><startdate>2025-06-28 08:18:52</startdate>
<round>1</round>
<failsafecounter/>
<players><player seat="6" name="oreiasccp" chips="1,080" dealer="0" win="40" bet="40" muck="1" rebuy="0" addon="0" merge="0" rebuychips="0" reg_code="8393528066"/>
<player seat="3" name="dealertight664" chips="420" dealer="1" win="0" bet="20" muck="1" rebuy="0" addon="0" merge="0" rebuychips="0" reg_code="8393528017"/>
</players>
</general>
<round no="0"><action no="1" player="dealertight664" type="1" discard="1" dealt="1" sum="10"/>
<action no="2" player="oreiasccp" type="2" sum="20"/>
</round>
<round no="1"><cards type="Pocket" player="oreiasccp">S6 CK</cards>
<cards type="Pocket" player="dealertight664">X X</cards>
<action no="3" player="dealertight664" type="3" discard="1" dealt="1" sum="10"/>
<action no="4" player="oreiasccp" type="4" sum="0"/>
</round>
<round no="2"><cards type="Flop">DJ SK D10</cards>
<action no="5" player="oreiasccp" type="4" sum="0"/>
<action no="6" player="dealertight664" type="4" discard="1" dealt="1" sum="0"/>
</round>
<round no="3"><cards type="Turn">H9</cards>
<action no="7" player="oreiasccp" type="4" sum="0"/>
<action no="8" player="dealertight664" type="4" discard="1" dealt="1" sum="0"/>
</round>
<round no="4"><cards type="River">D3</cards>
<action no="9" player="oreiasccp" type="5" sum="20"/>
<action no="10" player="dealertight664" type="0" discard="1" dealt="1" sum="0"/>
</round>
</game>
<game gamecode="11538560105"><general><startdate>2025-06-28 08:19:10</startdate>
<round>1</round>
<failsafecounter/>
<players><player seat="3" name="dealertight664" chips="400" dealer="0" win="70" bet="95" muck="1" rebuy="0" addon="0" merge="0" rebuychips="0" reg_code="8393528017"/>
<player seat="6" name="oreiasccp" chips="1,100" dealer="1" win="0" bet="35" muck="1" rebuy="0" addon="0" merge="0" rebuychips="0" reg_code="8393528066"/>
</players>
</general>
<round no="0"><action no="1" player="oreiasccp" type="15" sum="5"/>
<action no="2" player="dealertight664" type="15" discard="1" dealt="1" sum="5"/>
<action no="3" player="oreiasccp" type="1" sum="15"/>
<action no="4" player="dealertight664" type="2" discard="1" dealt="1" sum="30"/>
</round>
<round no="1"><cards type="Pocket" player="oreiasccp">H8 H4</cards>
<cards type="Pocket" player="dealertight664">X X</cards>
<action no="5" player="oreiasccp" type="3" sum="15"/>
<action no="6" player="dealertight664" type="23" discard="1" dealt="1" sum="90"/>
<action no="7" player="oreiasccp" type="0" sum="0"/>
</round>
</game>
<game gamecode="11538560141"><general><startdate>2025-06-28 08:19:20</startdate>
<round>1</round>
<failsafecounter/>
<players><player seat="6" name="oreiasccp" chips="1,065" dealer="0" win="40" bet="35" muck="1" rebuy="0" addon="0" merge="0" rebuychips="0" reg_code="8393528066"/>
<player seat="3" name="dealertight664" chips="435" dealer="1" win="0" bet="20" muck="1" rebuy="0" addon="0" merge="0" rebuychips="0" reg_code="8393528017"/>
</players>
</general>
<round no="0"><action no="1" player="dealertight664" type="15" discard="1" dealt="1" sum="5"/>
<action no="2" player="oreiasccp" type="15" sum="5"/>
<action no="3" player="dealertight664" type="1" discard="1" dealt="1" sum="15"/>
<action no="4" player="oreiasccp" type="2" sum="30"/>
</round>
<round no="1"><cards type="Pocket" player="oreiasccp">S3 S6</cards>
<cards type="Pocket" player="dealertight664">X X</cards>
<action no="5" player="dealertight664" type="0" discard="1" dealt="1" sum="0"/>
</round>
</game>
<game gamecode="11538560161"><general><startdate>2025-06-28 08:19:26</startdate>
<round>1</round>
<failsafecounter/>
<players><player seat="3" name="dealertight664" chips="415" dealer="0" win="40" bet="35" muck="1" rebuy="0" addon="0" merge="0" rebuychips="0" reg_code="8393528017"/>
<player seat="6" name="oreiasccp" chips="1,085" dealer="1" win="0" bet="20" muck="1" rebuy="0" addon="0" merge="0" rebuychips="0" reg_code="8393528066"/>
</players>
</general>
<round no="0"><action no="1" player="oreiasccp" type="15" sum="5"/>
<action no="2" player="dealertight664" type="15" discard="1" dealt="1" sum="5"/>
<action no="3" player="oreiasccp" type="1" sum="15"/>
<action no="4" player="dealertight664" type="2" discard="1" dealt="1" sum="30"/>
</round>
<round no="1"><cards type="Pocket" player="oreiasccp">DJ H2</cards>
<cards type="Pocket" player="dealertight664">X X</cards>
<action no="5" player="oreiasccp" type="0" sum="0"/>
</round>
</game>
<game gamecode="11538560178"><general><startdate>2025-06-28 08:19:33</startdate>
<round>1</round>
<failsafecounter/>
<players><player seat="6" name="oreiasccp" chips="1,065" dealer="0" win="260" bet="190" muck="1" rebuy="0" addon="0" merge="0" rebuychips="0" reg_code="8393528066"/>
<player seat="3" name="dealertight664" chips="435" dealer="1" win="0" bet="130" muck="1" rebuy="0" addon="0" merge="0" rebuychips="0" reg_code="8393528017"/>
</players>
</general>
<round no="0"><action no="1" player="dealertight664" type="15" discard="1" dealt="1" sum="5"/>
<action no="2" player="oreiasccp" type="15" sum="5"/>
<action no="3" player="dealertight664" type="1" discard="1" dealt="1" sum="15"/>
<action no="4" player="oreiasccp" type="2" sum="30"/>
</round>
<round no="1"><cards type="Pocket" player="dealertight664">X X</cards>
<cards type="Pocket" player="oreiasccp">H10 H4</cards>
<action no="5" player="dealertight664" type="23" discard="1" dealt="1" sum="60"/>
<action no="6" player="oreiasccp" type="3" sum="30"/>
</round>
<round no="2"><cards type="Flop">S8 C10 H2</cards>
<action no="7" player="oreiasccp" type="4" sum="0"/>
<action no="8" player="dealertight664" type="5" discard="1" dealt="1" sum="65"/>
<action no="9" player="oreiasccp" type="3" sum="65"/>
</round>
<round no="3"><cards type="Turn">H7</cards>
<action no="10" player="oreiasccp" type="4" sum="0"/>
<action no="11" player="dealertight664" type="4" discard="1" dealt="1" sum="0"/>
</round>
<round no="4"><cards type="River">DK</cards>
<action no="12" player="oreiasccp" type="5" sum="60"/>
<action no="13" player="dealertight664" type="0" discard="1" dealt="1" sum="0"/>
</round>
</game>
<game gamecode="11538560255"><general><startdate>2025-06-28 08:20:01</startdate>
<round>1</round>
<failsafecounter/>
<players><player seat="3" name="dealertight664" chips="305" dealer="0" win="40" bet="35" muck="1" rebuy="0" addon="0" merge="0" rebuychips="0" reg_code="8393528017"/>
<player seat="6" name="oreiasccp" chips="1,195" dealer="1" win="0" bet="20" muck="1" rebuy="0" addon="0" merge="0" rebuychips="0" reg_code="8393528066"/>
</players>
</general>
<round no="0"><action no="1" player="oreiasccp" type="15" sum="5"/>
<action no="2" player="dealertight664" type="15" discard="1" dealt="1" sum="5"/>
<action no="3" player="oreiasccp" type="1" sum="15"/>
<action no="4" player="dealertight664" type="2" discard="1" dealt="1" sum="30"/>
</round>
<round no="1"><cards type="Pocket" player="dealertight664">X X</cards>
<cards type="Pocket" player="oreiasccp">D10 S5</cards>
<action no="5" player="oreiasccp" type="0" sum="0"/>
</round>
</game>
<game gamecode="11538560275"><general><startdate>2025-06-28 08:20:07</startdate>
<round>1</round>
<failsafecounter/>
<players><player seat="6" name="oreiasccp" chips="1,175" dealer="0" win="40" bet="35" muck="1" rebuy="0" addon="0" merge="0" rebuychips="0" reg_code="8393528066"/>
<player seat="3" name="dealertight664" chips="325" dealer="1" win="0" bet="20" muck="1" rebuy="0" addon="0" merge="0" rebuychips="0" reg_code="8393528017"/>
</players>
</general>
<round no="0"><action no="1" player="dealertight664" type="15" discard="1" dealt="1" sum="5"/>
<action no="2" player="oreiasccp" type="15" sum="5"/>
<action no="3" player="dealertight664" type="1" discard="1" dealt="1" sum="15"/>
<action no="4" player="oreiasccp" type="2" sum="30"/>
</round>
<round no="1"><cards type="Pocket" player="dealertight664">X X</cards>
<cards type="Pocket" player="oreiasccp">SJ H7</cards>
<action no="5" player="dealertight664" type="0" discard="1" dealt="1" sum="0"/>
</round>
</game>
<game gamecode="11538560292"><general><startdate>2025-06-28 08:20:13</startdate>
<round>1</round>
<failsafecounter/>
<players><player seat="3" name="dealertight664" chips="305" dealer="0" win="610" bet="305" muck="0" rebuy="0" addon="0" merge="0" rebuychips="0" reg_code="8393528017"/>
<player seat="6" name="oreiasccp" chips="1,195" dealer="1" win="0" bet="305" muck="1" rebuy="0" addon="0" merge="0" rebuychips="0" reg_code="8393528066"/>
</players>
</general>
<round no="0"><action no="1" player="oreiasccp" type="15" sum="5"/>
<action no="2" player="dealertight664" type="15" discard="1" dealt="1" sum="5"/>
<action no="3" player="oreiasccp" type="1" sum="15"/>
<action no="4" player="dealertight664" type="2" discard="1" dealt="1" sum="30"/>
</round>
<round no="1"><cards type="Pocket" player="oreiasccp">C7 H8</cards>
<cards type="Pocket" player="dealertight664">S7 SJ</cards>
<action no="5" player="oreiasccp" type="3" sum="15"/>
<action no="6" player="dealertight664" type="4" discard="1" dealt="1" sum="0"/>
</round>
<round no="2"><cards type="Flop">D7 S5 S2</cards>
<action no="7" player="dealertight664" type="4" discard="1" dealt="1" sum="0"/>
<action no="8" player="oreiasccp" type="5" sum="30"/>
<action no="9" player="dealertight664" type="23" discard="1" dealt="1" sum="270"/>
<action no="10" player="oreiasccp" type="3" sum="240"/>
</round>
<round no="3"><cards type="Turn">SA</cards>
</round>
<round no="4"><cards type="River">H2</cards>
</round>
</game>
<game gamecode="11538560360"><general><startdate>2025-06-28 08:20:33</startdate>
<round>1</round>
<failsafecounter/>
<players><player seat="6" name="oreiasccp" chips="890" dealer="0" win="0" bet="95" muck="1" rebuy="0" addon="0" merge="0" rebuychips="0" reg_code="8393528066"/>
<player seat="3" name="dealertight664" chips="610" dealer="1" win="190" bet="610" muck="1" rebuy="0" addon="0" merge="0" rebuychips="0" reg_code="8393528017"/>
</players>
</general>
<round no="0"><action no="1" player="dealertight664" type="15" discard="1" dealt="1" sum="5"/>
<action no="2" player="oreiasccp" type="15" sum="5"/>
<action no="3" player="dealertight664" type="1" discard="1" dealt="1" sum="15"/>
<action no="4" player="oreiasccp" type="2" sum="30"/>
</round>
<round no="1"><cards type="Pocket" player="dealertight664">X X</cards>
<cards type="Pocket" player="oreiasccp">S9 HQ</cards>
<action no="5" player="dealertight664" type="3" discard="1" dealt="1" sum="15"/>
<action no="6" player="oreiasccp" type="23" sum="90"/>
<action no="7" player="dealertight664" type="23" discard="1" dealt="1" sum="605"/>
<action no="8" player="oreiasccp" type="0" sum="0"/>
</round>
</game>
<game gamecode="11538560407"><general><startdate>2025-06-28 08:20:50</startdate>
<round>1</round>
<failsafecounter/>
<players><player seat="3" name="dealertight664" chips="705" dealer="0" win="40" bet="35" muck="1" rebuy="0" addon="0" merge="0" rebuychips="0" reg_code="8393528017"/>
<player seat="6" name="oreiasccp" chips="795" dealer="1" win="0" bet="20" muck="1" rebuy="0" addon="0" merge="0" rebuychips="0" reg_code="8393528066"/>
</players>
</general>
<round no="0"><action no="1" player="oreiasccp" type="15" sum="5"/>
<action no="2" player="dealertight664" type="15" discard="1" dealt="1" sum="5"/>
<action no="3" player="oreiasccp" type="1" sum="15"/>
<action no="4" player="dealertight664" type="2" discard="1" dealt="1" sum="30"/>
</round>
<round no="1"><cards type="Pocket" player="oreiasccp">S3 C6</cards>
<cards type="Pocket" player="dealertight664">X X</cards>
<action no="5" player="oreiasccp" type="0" sum="0"/>
</round>
</game>
<game gamecode="11538560422"><general><startdate>2025-06-28 08:20:55</startdate>
<round>1</round>
<failsafecounter/>
<players><player seat="6" name="oreiasccp" chips="775" dealer="0" win="50" bet="45" muck="1" rebuy="0" addon="0" merge="0" rebuychips="0" reg_code="8393528066"/>
<player seat="3" name="dealertight664" chips="725" dealer="1" win="0" bet="25" muck="1" rebuy="0" addon="0" merge="0" rebuychips="0" reg_code="8393528017"/>
</players>
</general>
<round no="0"><action no="1" player="dealertight664" type="15" discard="1" dealt="1" sum="5"/>
<action no="2" player="oreiasccp" type="15" sum="5"/>
<action no="3" player="dealertight664" type="1" discard="1" dealt="1" sum="20"/>
<action no="4" player="oreiasccp" type="2" sum="40"/>
</round>
<round no="1"><cards type="Pocket" player="dealertight664">X X</cards>
<cards type="Pocket" player="oreiasccp">CA C7</cards>
<action no="5" player="dealertight664" type="0" discard="1" dealt="1" sum="0"/>
</round>
</game>
<game gamecode="11538560442"><general><startdate>2025-06-28 08:21:01</startdate>
<round>1</round>
<failsafecounter/>
<players><player seat="3" name="dealertight664" chips="700" dealer="0" win="50" bet="45" muck="1" rebuy="0" addon="0" merge="0" rebuychips="0" reg_code="8393528017"/>
<player seat="6" name="oreiasccp" chips="800" dealer="1" win="0" bet="25" muck="1" rebuy="0" addon="0" merge="0" rebuychips="0" reg_code="8393528066"/>
</players>
</general>
<round no="0"><action no="1" player="oreiasccp" type="15" sum="5"/>
<action no="2" player="dealertight664" type="15" discard="1" dealt="1" sum="5"/>
<action no="3" player="oreiasccp" type="1" sum="20"/>
<action no="4" player="dealertight664" type="2" discard="1" dealt="1" sum="40"/>
</round>
<round no="1"><cards type="Pocket" player="dealertight664">X X</cards>
<cards type="Pocket" player="oreiasccp">C7 D2</cards>
<action no="5" player="oreiasccp" type="0" sum="0"/>
</round>
</game>
<game gamecode="11538560461"><general><startdate>2025-06-28 08:21:06</startdate>
<round>1</round>
<failsafecounter/>
<players><player seat="6" name="oreiasccp" chips="775" dealer="0" win="50" bet="45" muck="1" rebuy="0" addon="0" merge="0" rebuychips="0" reg_code="8393528066"/>
<player seat="3" name="dealertight664" chips="725" dealer="1" win="0" bet="25" muck="1" rebuy="0" addon="0" merge="0" rebuychips="0" reg_code="8393528017"/>
</players>
</general>
<round no="0"><action no="1" player="dealertight664" type="15" discard="1" dealt="1" sum="5"/>
<action no="2" player="oreiasccp" type="15" sum="5"/>
<action no="3" player="dealertight664" type="1" discard="1" dealt="1" sum="20"/>
<action no="4" player="oreiasccp" type="2" sum="40"/>
</round>
<round no="1"><cards type="Pocket" player="oreiasccp">SJ CA</cards>
<cards type="Pocket" player="dealertight664">X X</cards>
<action no="5" player="dealertight664" type="0" discard="1" dealt="1" sum="0"/>
</round>
</game>
<game gamecode="11538560484"><general><startdate>2025-06-28 08:21:12</startdate>
<round>1</round>
<failsafecounter/>
<players><player seat="3" name="dealertight664" chips="700" dealer="0" win="50" bet="45" muck="1" rebuy="0" addon="0" merge="0" rebuychips="0" reg_code="8393528017"/>
<player seat="6" name="oreiasccp" chips="800" dealer="1" win="0" bet="25" muck="1" rebuy="0" addon="0" merge="0" rebuychips="0" reg_code="8393528066"/>
</players>
</general>
<round no="0"><action no="1" player="oreiasccp" type="15" sum="5"/>
<action no="2" player="dealertight664" type="15" discard="1" dealt="1" sum="5"/>
<action no="3" player="oreiasccp" type="1" sum="20"/>
<action no="4" player="dealertight664" type="2" discard="1" dealt="1" sum="40"/>
</round>
<round no="1"><cards type="Pocket" player="dealertight664">X X</cards>
<cards type="Pocket" player="oreiasccp">C2 D10</cards>
<action no="5" player="oreiasccp" type="0" sum="0"/>
</round>
</game>
<game gamecode="11538560497"><general><startdate>2025-06-28 08:21:17</startdate>
<round>1</round>
<failsafecounter/>
<players><player seat="6" name="oreiasccp" chips="775" dealer="0" win="0" bet="45" muck="1" rebuy="0" addon="0" merge="0" rebuychips="0" reg_code="8393528066"/>
<player seat="3" name="dealertight664" chips="725" dealer="1" win="90" bet="135" muck="1" rebuy="0" addon="0" merge="0" rebuychips="0" reg_code="8393528017"/>
</players>
</general>
<round no="0"><action no="1" player="dealertight664" type="15" discard="1" dealt="1" sum="5"/>
<action no="2" player="oreiasccp" type="15" sum="5"/>
<action no="3" player="dealertight664" type="1" discard="1" dealt="1" sum="20"/>
<action no="4" player="oreiasccp" type="2" sum="40"/>
</round>
<round no="1"><cards type="Pocket" player="dealertight664">X X</cards>
<cards type="Pocket" player="oreiasccp">C8 H7</cards>
<action no="5" player="dealertight664" type="3" discard="1" dealt="1" sum="20"/>
<action no="6" player="oreiasccp" type="4" sum="0"/>
</round>
<round no="2"><cards type="Flop">HA S2 H5</cards>
<action no="7" player="oreiasccp" type="4" sum="0"/>
<action no="8" player="dealertight664" type="5" discard="1" dealt="1" sum="90"/>
<action no="9" player="oreiasccp" type="0" sum="0"/>
</round>
</game>
<game gamecode="11538564965"><general><startdate>2025-06-28 08:21:34</startdate>
<round>1</round>
<failsafecounter/>
<players><player seat="3" name="dealertight664" chips="770" dealer="0" win="0" bet="45" muck="1" rebuy="0" addon="0" merge="0" rebuychips="0" reg_code="8393528017"/>
<player seat="6" name="oreiasccp" chips="730" dealer="1" win="90" bet="730" muck="1" rebuy="0" addon="0" merge="0" rebuychips="0" reg_code="8393528066"/>
</players>
</general>
<round no="0"><action no="1" player="oreiasccp" type="15" sum="5"/>
<action no="2" player="dealertight664" type="15" discard="1" dealt="1" sum="5"/>
<action no="3" player="oreiasccp" type="1" sum="20"/>
<action no="4" player="dealertight664" type="2" discard="1" dealt="1" sum="40"/>
</round>
<round no="1"><cards type="Pocket" player="dealertight664">X X</cards>
<cards type="Pocket" player="oreiasccp">D2 H2</cards>
<action no="5" player="oreiasccp" type="23" sum="725"/>
<action no="6" player="dealertight664" type="0" discard="1" dealt="1" sum="0"/>
</round>
</game>
<game gamecode="11538564991"><general><startdate>2025-06-28 08:21:42</startdate>
<round>1</round>
<failsafecounter/>
<players><player seat="6" name="oreiasccp" chips="775" dealer="0" win="50" bet="45" muck="1" rebuy="0" addon="0" merge="0" rebuychips="0" reg_code="8393528066"/>
<player seat="3" name="dealertight664" chips="725" dealer="1" win="0" bet="25" muck="1" rebuy="0" addon="0" merge="0" rebuychips="0" reg_code="8393528017"/>
</players>
</general>
<round no="0"><action no="1" player="dealertight664" type="15" discard="1" dealt="1" sum="5"/>
<action no="2" player="oreiasccp" type="15" sum="5"/>
<action no="3" player="dealertight664" type="1" discard="1" dealt="1" sum="20"/>
<action no="4" player="oreiasccp" type="2" sum="40"/>
</round>
<round no="1"><cards type="Pocket" player="oreiasccp">S10 D5</cards>
<cards type="Pocket" player="dealertight664">X X</cards>
<action no="5" player="dealertight664" type="0" discard="1" dealt="1" sum="0"/>
</round>
</game>
<game gamecode="11538565013"><general><startdate>2025-06-28 08:21:49</startdate>
<round>1</round>
<failsafecounter/>
<players><player seat="3" name="dealertight664" chips="700" dealer="0" win="50" bet="45" muck="1" rebuy="0" addon="0" merge="0" rebuychips="0" reg_code="8393528017"/>
<player seat="6" name="oreiasccp" chips="800" dealer="1" win="0" bet="25" muck="1" rebuy="0" addon="0" merge="0" rebuychips="0" reg_code="8393528066"/>
</players>
</general>
<round no="0"><action no="1" player="oreiasccp" type="15" sum="5"/>
<action no="2" player="dealertight664" type="15" discard="1" dealt="1" sum="5"/>
<action no="3" player="oreiasccp" type="1" sum="20"/>
<action no="4" player="dealertight664" type="2" discard="1" dealt="1" sum="40"/>
</round>
<round no="1"><cards type="Pocket" player="oreiasccp">D4 S10</cards>
<cards type="Pocket" player="dealertight664">X X</cards>
<action no="5" player="oreiasccp" type="0" sum="0"/>
</round>
</game>
<game gamecode="11538565034"><general><startdate>2025-06-28 08:21:54</startdate>
<round>1</round>
<failsafecounter/>
<players><player seat="6" name="oreiasccp" chips="775" dealer="0" win="50" bet="45" muck="1" rebuy="0" addon="0" merge="0" rebuychips="0" reg_code="8393528066"/>
<player seat="3" name="dealertight664" chips="725" dealer="1" win="0" bet="25" muck="1" rebuy="0" addon="0" merge="0" rebuychips="0" reg_code="8393528017"/>
</players>
</general>
<round no="0"><action no="1" player="dealertight664" type="15" discard="1" dealt="1" sum="5"/>
<action no="2" player="oreiasccp" type="15" sum="5"/>
<action no="3" player="dealertight664" type="1" discard="1" dealt="1" sum="20"/>
<action no="4" player="oreiasccp" type="2" sum="40"/>
</round>
<round no="1"><cards type="Pocket" player="oreiasccp">SJ S5</cards>
<cards type="Pocket" player="dealertight664">X X</cards>
<action no="5" player="dealertight664" type="0" discard="1" dealt="1" sum="0"/>
</round>
</game>
<game gamecode="11538565052"><general><startdate>2025-06-28 08:22:01</startdate>
<round>1</round>
<failsafecounter/>
<players><player seat="3" name="dealertight664" chips="700" dealer="0" win="90" bet="85" muck="1" rebuy="0" addon="0" merge="0" rebuychips="0" reg_code="8393528017"/>
<player seat="6" name="oreiasccp" chips="800" dealer="1" win="0" bet="45" muck="1" rebuy="0" addon="0" merge="0" rebuychips="0" reg_code="8393528066"/>
</players>
</general>
<round no="0"><action no="1" player="oreiasccp" type="15" sum="5"/>
<action no="2" player="dealertight664" type="15" discard="1" dealt="1" sum="5"/>
<action no="3" player="oreiasccp" type="1" sum="20"/>
<action no="4" player="dealertight664" type="2" discard="1" dealt="1" sum="40"/>
</round>
<round no="1"><cards type="Pocket" player="dealertight664">X X</cards>
<cards type="Pocket" player="oreiasccp">H9 CK</cards>
<action no="5" player="oreiasccp" type="3" sum="20"/>
<action no="6" player="dealertight664" type="4" discard="1" dealt="1" sum="0"/>
</round>
<round no="2"><cards type="Flop">S6 DQ D7</cards>
<action no="7" player="dealertight664" type="4" discard="1" dealt="1" sum="0"/>
<action no="8" player="oreiasccp" type="4" sum="0"/>
</round>
<round no="3"><cards type="Turn">S7</cards>
<action no="9" player="dealertight664" type="5" discard="1" dealt="1" sum="40"/>
<action no="10" player="oreiasccp" type="0" sum="0"/>
</round>
</game>
<game gamecode="11538565139"><general><startdate>2025-06-28 08:22:28</startdate>
<round>1</round>
<failsafecounter/>
<players><player seat="6" name="oreiasccp" chips="755" dealer="0" win="50" bet="45" muck="1" rebuy="0" addon="0" merge="0" rebuychips="0" reg_code="8393528066"/>
<player seat="3" name="dealertight664" chips="745" dealer="1" win="0" bet="25" muck="1" rebuy="0" addon="0" merge="0" rebuychips="0" reg_code="8393528017"/>
</players>
</general>
<round no="0"><action no="1" player="dealertight664" type="15" discard="1" dealt="1" sum="5"/>
<action no="2" player="oreiasccp" type="15" sum="5"/>
<action no="3" player="dealertight664" type="1" discard="1" dealt="1" sum="20"/>
<action no="4" player="oreiasccp" type="2" sum="40"/>
</round>
<round no="1"><cards type="Pocket" player="oreiasccp">C6 S10</cards>
<cards type="Pocket" player="dealertight664">X X</cards>
<action no="5" player="dealertight664" type="0" discard="1" dealt="1" sum="0"/>
</round>
</game>
<game gamecode="11538565161"><general><startdate>2025-06-28 08:22:35</startdate>
<round>1</round>
<failsafecounter/>
<players><player seat="3" name="dealertight664" chips="720" dealer="0" win="750" bet="720" muck="1" rebuy="0" addon="0" merge="0" rebuychips="0" reg_code="8393528017"/>
<player seat="6" name="oreiasccp" chips="780" dealer="1" win="0" bet="375" muck="1" rebuy="0" addon="0" merge="0" rebuychips="0" reg_code="8393528066"/>
</players>
</general>
<round no="0"><action no="1" player="oreiasccp" type="15" sum="5"/>
<action no="2" player="dealertight664" type="15" discard="1" dealt="1" sum="5"/>
<action no="3" player="oreiasccp" type="1" sum="20"/>
<action no="4" player="dealertight664" type="2" discard="1" dealt="1" sum="40"/>
</round>
<round no="1"><cards type="Pocket" player="oreiasccp">DA S3</cards>
<cards type="Pocket" player="dealertight664">X X</cards>
<action no="5" player="oreiasccp" type="3" sum="20"/>
<action no="6" player="dealertight664" type="23" discard="1" dealt="1" sum="120"/>
<action no="7" player="oreiasccp" type="3" sum="80"/>
</round>
<round no="2"><cards type="Flop">C3 HK D5</cards>
<action no="8" player="dealertight664" type="4" discard="1" dealt="1" sum="0"/>
<action no="9" player="oreiasccp" type="4" sum="0"/>
</round>
<round no="3"><cards type="Turn">D9</cards>
<action no="10" player="dealertight664" type="5" discard="1" dealt="1" sum="250"/>
<action no="11" player="oreiasccp" type="3" sum="250"/>
</round>
<round no="4"><cards type="River">H4</cards>
<action no="12" player="dealertight664" type="5" discard="1" dealt="1" sum="345"/>
<action no="13" player="oreiasccp" type="0" sum="0"/>
</round>
</game>
<game gamecode="11538565249"><general><startdate>2025-06-28 08:22:59</startdate>
<round>1</round>
<failsafecounter/>
<players><player seat="6" name="oreiasccp" chips="405" dealer="0" win="70" bet="65" muck="1" rebuy="0" addon="0" merge="0" rebuychips="0" reg_code="8393528066"/>
<player seat="3" name="dealertight664" chips="1,095" dealer="1" win="0" bet="35" muck="1" rebuy="0" addon="0" merge="0" rebuychips="0" reg_code="8393528017"/>
</players>
</general>
<round no="0"><action no="1" player="dealertight664" type="15" discard="1" dealt="1" sum="5"/>
<action no="2" player="oreiasccp" type="15" sum="5"/>
<action no="3" player="dealertight664" type="1" discard="1" dealt="1" sum="30"/>
<action no="4" player="oreiasccp" type="2" sum="60"/>
</round>
<round no="1"><cards type="Pocket" player="oreiasccp">H4 S10</cards>
<cards type="Pocket" player="dealertight664">X X</cards>
<action no="5" player="dealertight664" type="0" discard="1" dealt="1" sum="0"/>
</round>
</game>
<game gamecode="11538565269"><general><startdate>2025-06-28 08:23:06</startdate>
<round>1</round>
<failsafecounter/>
<players><player seat="3" name="dealertight664" chips="1,060" dealer="0" win="130" bet="1,060" muck="1" rebuy="0" addon="0" merge="0" rebuychips="0" reg_code="8393528017"/>
<player seat="6" name="oreiasccp" chips="440" dealer="1" win="0" bet="65" muck="1" rebuy="0" addon="0" merge="0" rebuychips="0" reg_code="8393528066"/>
</players>
</general>
<round no="0"><action no="1" player="oreiasccp" type="15" sum="5"/>
<action no="2" player="dealertight664" type="15" discard="1" dealt="1" sum="5"/>
<action no="3" player="oreiasccp" type="1" sum="30"/>
<action no="4" player="dealertight664" type="2" discard="1" dealt="1" sum="60"/>
</round>
<round no="1"><cards type="Pocket" player="oreiasccp">H10 H4</cards>
<cards type="Pocket" player="dealertight664">X X</cards>
<action no="5" player="oreiasccp" type="3" sum="30"/>
<action no="6" player="dealertight664" type="4" discard="1" dealt="1" sum="0"/>
</round>
<round no="2"><cards type="Flop">C4 H3 S5</cards>
<action no="7" player="dealertight664" type="4" discard="1" dealt="1" sum="0"/>
<action no="8" player="oreiasccp" type="4" sum="0"/>
</round>
<round no="3"><cards type="Turn">C9</cards>
<action no="9" player="dealertight664" type="5" discard="1" dealt="1" sum="995"/>
<action no="10" player="oreiasccp" type="0" sum="0"/>
</round>
</game>
<game gamecode="11538565321"><general><startdate>2025-06-28 08:23:20</startdate>
<round>1</round>
<failsafecounter/>
<players><player seat="6" name="oreiasccp" chips="375" dealer="0" win="70" bet="65" muck="1" rebuy="0" addon="0" merge="0" rebuychips="0" reg_code="8393528066"/>
<player seat="3" name="dealertight664" chips="1,125" dealer="1" win="0" bet="35" muck="1" rebuy="0" addon="0" merge="0" rebuychips="0" reg_code="8393528017"/>
</players>
</general>
<round no="0"><action no="1" player="dealertight664" type="15" discard="1" dealt="1" sum="5"/>
<action no="2" player="oreiasccp" type="15" sum="5"/>
<action no="3" player="dealertight664" type="1" discard="1" dealt="1" sum="30"/>
<action no="4" player="oreiasccp" type="2" sum="60"/>
</round>
<round no="1"><cards type="Pocket" player="oreiasccp">S7 H8</cards>
<cards type="Pocket" player="dealertight664">X X</cards>
<action no="5" player="dealertight664" type="0" discard="1" dealt="1" sum="0"/>
</round>
</game>
<game gamecode="11538565346"><general><startdate>2025-06-28 08:23:26</startdate>
<round>1</round>
<failsafecounter/>
<players><player seat="3" name="dealertight664" chips="1,090" dealer="0" win="0" bet="65" muck="1" rebuy="0" addon="0" merge="0" rebuychips="0" reg_code="8393528017"/>
<player seat="6" name="oreiasccp" chips="410" dealer="1" win="130" bet="410" muck="1" rebuy="0" addon="0" merge="0" rebuychips="0" reg_code="8393528066"/>
</players>
</general>
<round no="0"><action no="1" player="oreiasccp" type="15" sum="5"/>
<action no="2" player="dealertight664" type="15" discard="1" dealt="1" sum="5"/>
<action no="3" player="oreiasccp" type="1" sum="30"/>
<action no="4" player="dealertight664" type="2" discard="1" dealt="1" sum="60"/>
</round>
<round no="1"><cards type="Pocket" player="dealertight664">X X</cards>
<cards type="Pocket" player="oreiasccp">D8 S10</cards>
<action no="5" player="oreiasccp" type="23" sum="405"/>
<action no="6" player="dealertight664" type="0" discard="1" dealt="1" sum="0"/>
</round>
</game>
<game gamecode="11538565379"><general><startdate>2025-06-28 08:23:36</startdate>
<round>1</round>
<failsafecounter/>
<players><player seat="6" name="oreiasccp" chips="475" dealer="0" win="70" bet="65" muck="1" rebuy="0" addon="0" merge="0" rebuychips="0" reg_code="8393528066"/>
<player seat="3" name="dealertight664" chips="1,025" dealer="1" win="0" bet="35" muck="1" rebuy="0" addon="0" merge="0" rebuychips="0" reg_code="8393528017"/>
</players>
</general>
<round no="0"><action no="1" player="dealertight664" type="15" discard="1" dealt="1" sum="5"/>
<action no="2" player="oreiasccp" type="15" sum="5"/>
<action no="3" player="dealertight664" type="1" discard="1" dealt="1" sum="30"/>
<action no="4" player="oreiasccp" type="2" sum="60"/>
</round>
<round no="1"><cards type="Pocket" player="oreiasccp">S10 C10</cards>
<cards type="Pocket" player="dealertight664">X X</cards>
<action no="5" player="dealertight664" type="0" discard="1" dealt="1" sum="0"/>
</round>
</game>
<game gamecode="11538565399"><general><startdate>2025-06-28 08:23:42</startdate>
<round>1</round>
<failsafecounter/>
<players><player seat="3" name="dealertight664" chips="990" dealer="0" win="0" bet="65" muck="1" rebuy="0" addon="0" merge="0" rebuychips="0" reg_code="8393528017"/>
<player seat="6" name="oreiasccp" chips="510" dealer="1" win="130" bet="510" muck="1" rebuy="0" addon="0" merge="0" rebuychips="0" reg_code="8393528066"/>
</players>
</general>
<round no="0"><action no="1" player="oreiasccp" type="15" sum="5"/>
<action no="2" player="dealertight664" type="15" discard="1" dealt="1" sum="5"/>
<action no="3" player="oreiasccp" type="1" sum="30"/>
<action no="4" player="dealertight664" type="2" discard="1" dealt="1" sum="60"/>
</round>
<round no="1"><cards type="Pocket" player="dealertight664">X X</cards>
<cards type="Pocket" player="oreiasccp">D5 DK</cards>
<action no="5" player="oreiasccp" type="23" sum="505"/>
<action no="6" player="dealertight664" type="0" discard="1" dealt="1" sum="0"/>
</round>
</game>
<game gamecode="11538565418"><general><startdate>2025-06-28 08:23:49</startdate>
<round>1</round>
<failsafecounter/>
<players><player seat="6" name="oreiasccp" chips="575" dealer="0" win="70" bet="65" muck="1" rebuy="0" addon="0" merge="0" rebuychips="0" reg_code="8393528066"/>
<player seat="3" name="dealertight664" chips="925" dealer="1" win="0" bet="35" muck="1" rebuy="0" addon="0" merge="0" rebuychips="0" reg_code="8393528017"/>
</players>
</general>
<round no="0"><action no="1" player="dealertight664" type="15" discard="1" dealt="1" sum="5"/>
<action no="2" player="oreiasccp" type="15" sum="5"/>
<action no="3" player="dealertight664" type="1" discard="1" dealt="1" sum="30"/>
<action no="4" player="oreiasccp" type="2" sum="60"/>
</round>
<round no="1"><cards type="Pocket" player="dealertight664">X X</cards>
<cards type="Pocket" player="oreiasccp">CJ SK</cards>
<action no="5" player="dealertight664" type="0" discard="1" dealt="1" sum="0"/>
</round>
</game>
<game gamecode="11538565437"><general><startdate>2025-06-28 08:23:55</startdate>
<round>1</round>
<failsafecounter/>
<players><player seat="3" name="dealertight664" chips="890" dealer="0" win="0" bet="65" muck="1" rebuy="0" addon="0" merge="0" rebuychips="0" reg_code="8393528017"/>
<player seat="6" name="oreiasccp" chips="610" dealer="1" win="130" bet="610" muck="1" rebuy="0" addon="0" merge="0" rebuychips="0" reg_code="8393528066"/>
</players>
</general>
<round no="0"><action no="1" player="oreiasccp" type="15" sum="5"/>
<action no="2" player="dealertight664" type="15" discard="1" dealt="1" sum="5"/>
<action no="3" player="oreiasccp" type="1" sum="30"/>
<action no="4" player="dealertight664" type="2" discard="1" dealt="1" sum="60"/>
</round>
<round no="1"><cards type="Pocket" player="dealertight664">X X</cards>
<cards type="Pocket" player="oreiasccp">CJ DK</cards>
<action no="5" player="oreiasccp" type="23" sum="605"/>
<action no="6" player="dealertight664" type="0" discard="1" dealt="1" sum="0"/>
</round>
</game>
<game gamecode="11538565469"><general><startdate>2025-06-28 08:24:03</startdate>
<round>1</round>
<failsafecounter/>
<players><player seat="6" name="oreiasccp" chips="675" dealer="0" win="1,350" bet="675" muck="0" rebuy="0" addon="0" merge="0" rebuychips="0" reg_code="8393528066"/>
<player seat="3" name="dealertight664" chips="825" dealer="1" win="0" bet="675" muck="1" rebuy="0" addon="0" merge="0" rebuychips="0" reg_code="8393528017"/>
</players>
</general>
<round no="0"><action no="1" player="dealertight664" type="15" discard="1" dealt="1" sum="5"/>
<action no="2" player="oreiasccp" type="15" sum="5"/>
<action no="3" player="dealertight664" type="1" discard="1" dealt="1" sum="30"/>
<action no="4" player="oreiasccp" type="2" sum="60"/>
</round>
<round no="1"><cards type="Pocket" player="dealertight664">HA C2</cards>
<cards type="Pocket" player="oreiasccp">CA S8</cards>
<action no="5" player="dealertight664" type="3" discard="1" dealt="1" sum="30"/>
<action no="6" player="oreiasccp" type="23" sum="670"/>
<action no="7" player="dealertight664" type="3" discard="1" dealt="1" sum="610"/>
</round>
<round no="2"><cards type="Flop">S10 H8 H9</cards>
</round>
<round no="3"><cards type="Turn">S3</cards>
</round>
<round no="4"><cards type="River">S2</cards>
</round>
</game>
<game gamecode="11538565526"><general><startdate>2025-06-28 08:24:21</startdate>
<round>1</round>
<failsafecounter/>
<players><player seat="3" name="dealertight664" chips="150" dealer="0" win="150" bet="150" muck="0" rebuy="0" addon="0" merge="0" rebuychips="0" reg_code="8393528017"/>
<player seat="6" name="oreiasccp" chips="1,350" dealer="1" win="150" bet="150" muck="0" rebuy="0" addon="0" merge="0" rebuychips="0" reg_code="8393528066"/>
</players>
</general>
<round no="0"><action no="1" player="oreiasccp" type="15" sum="5"/>
<action no="2" player="dealertight664" type="15" discard="1" dealt="1" sum="5"/>
<action no="3" player="oreiasccp" type="1" sum="30"/>
<action no="4" player="dealertight664" type="2" discard="1" dealt="1" sum="60"/>
</round>
<round no="1"><cards type="Pocket" player="dealertight664">D7 SJ</cards>
<cards type="Pocket" player="oreiasccp">H4 DQ</cards>
<action no="5" player="oreiasccp" type="23" sum="145"/>
<action no="6" player="dealertight664" type="7" discard="1" dealt="1" sum="85"/>
</round>
<round no="2"><cards type="Flop">S3 C2 HA</cards>
</round>
<round no="3"><cards type="Turn">S2</cards>
</round>
<round no="4"><cards type="River">H3</cards>
</round>
</game>
<game gamecode="11538565578"><general><startdate>2025-06-28 08:24:38</startdate>
<round>1</round>
<failsafecounter/>
<players><player seat="6" name="oreiasccp" chips="1,350" dealer="0" win="70" bet="65" muck="1" rebuy="0" addon="0" merge="0" rebuychips="0" reg_code="8393528066"/>
<player seat="3" name="dealertight664" chips="150" dealer="1" win="0" bet="35" muck="1" rebuy="0" addon="0" merge="0" rebuychips="0" reg_code="8393528017"/>
</players>
</general>
<round no="0"><action no="1" player="dealertight664" type="15" discard="1" dealt="1" sum="5"/>
<action no="2" player="oreiasccp" type="15" sum="5"/>
<action no="3" player="dealertight664" type="1" discard="1" dealt="1" sum="30"/>
<action no="4" player="oreiasccp" type="2" sum="60"/>
</round>
<round no="1"><cards type="Pocket" player="dealertight664">X X</cards>
<cards type="Pocket" player="oreiasccp">CJ S8</cards>
<action no="5" player="dealertight664" type="0" discard="1" dealt="1" sum="0"/>
</round>
</game>
<game gamecode="11538565601"><general><startdate>2025-06-28 08:24:44</startdate>
<round>1</round>
<failsafecounter/>
<players><player seat="3" name="dealertight664" chips="115" dealer="0" win="0" bet="115" muck="0" rebuy="0" addon="0" merge="0" rebuychips="0" reg_code="8393528017"/>
<player seat="6" name="oreiasccp" chips="1,385" dealer="1" win="230" bet="215" muck="0" rebuy="0" addon="0" merge="0" rebuychips="0" reg_code="8393528066"/>
</players>
</general>
<round no="0"><action no="1" player="oreiasccp" type="15" sum="5"/>
<action no="2" player="dealertight664" type="15" discard="1" dealt="1" sum="5"/>
<action no="3" player="oreiasccp" type="1" sum="30"/>
<action no="4" player="dealertight664" type="2" discard="1" dealt="1" sum="60"/>
</round>
<round no="1"><cards type="Pocket" player="dealertight664">D2 H7</cards>
<cards type="Pocket" player="oreiasccp">C10 D7</cards>
<action no="5" player="oreiasccp" type="23" sum="210"/>
<action no="6" player="dealertight664" type="7" discard="1" dealt="1" sum="50"/>
</round>
<round no="2"><cards type="Flop">S7 SJ CJ</cards>
</round>
<round no="3"><cards type="Turn">S8</cards>
</round>
<round no="4"><cards type="River">S10</cards>
</round>
</game>
</session>
