<?xml version="1.0" encoding="UTF-8"?>
<session sessioncode="8393530526">
<general>
<client_version>25.1.1.13</client_version>
<mode>real</mode>
<gametype>Holdem NL</gametype>
<tablename>Twister €5 SNG, 1128748354</tablename>
<tournamentcode>1128748353</tournamentcode>
<tournamentname>Twister €5 SNG</tournamentname>
<buyin>€0 + €0.35 + €4.65</buyin>
<totalbuyin>€5</totalbuyin>
<rewarddrawn>€15</rewarddrawn>
<tournamentcurrency>EUR</tournamentcurrency>
<currency>EUR</currency>
<nickname>oreiasccp</nickname>
<gamecount>6</gamecount>
<startdate>2025-06-28 08:27:13</startdate>
<place>3</place>
<win>€0</win>
<tablesize>3</tablesize>
</general>
<game gamecode="11538566165"><general><startdate>2025-06-28 08:27:28</startdate>
<round>1</round>
<failsafecounter/>
<players><player seat="10" name="oreiasccp" chips="500" dealer="0" win="20" bet="20" muck="1" rebuy="0" addon="0" merge="0" rebuychips="0" reg_code="8393530526"/>
<player seat="3" name="Necromonger13" chips="500" dealer="1" win="0" bet="0" muck="1" rebuy="0" addon="0" merge="0" rebuychips="0" reg_code="8393530501"/>
<player seat="6" name="specio11" chips="500" dealer="0" win="0" bet="10" muck="1" rebuy="0" addon="0" merge="0" rebuychips="0" reg_code="8393530513"/>
</players>
</general>
<round no="0"><action no="1" player="specio11" type="1" discard="1" dealt="1" sum="10"/>
<action no="2" player="oreiasccp" type="2" sum="20"/>
</round>
<round no="1"><cards type="Pocket" player="Necromonger13">X X</cards>
<cards type="Pocket" player="specio11">X X</cards>
<cards type="Pocket" player="oreiasccp">SK D7</cards>
<action no="3" player="Necromonger13" type="0" discard="1" dealt="1" sum="0"/>
<action no="4" player="specio11" type="0" discard="1" dealt="1" sum="0"/>
</round>
</game>
<game gamecode="11538566195"><general><startdate>2025-06-28 08:27:36</startdate>
<round>1</round>
<failsafecounter/>
<players><player seat="3" name="Necromonger13" chips="500" dealer="0" win="280" bet="140" muck="0" rebuy="0" addon="0" merge="0" rebuychips="0" reg_code="8393530501"/>
<player seat="6" name="specio11" chips="490" dealer="1" win="0" bet="0" muck="1" rebuy="0" addon="0" merge="0" rebuychips="0" reg_code="8393530513"/>
<player seat="10" name="oreiasccp" chips="510" dealer="0" win="0" bet="140" muck="0" rebuy="0" addon="0" merge="0" rebuychips="0" reg_code="8393530526"/>
</players>
</general>
<round no="0"><action no="1" player="oreiasccp" type="1" sum="10"/>
<action no="2" player="Necromonger13" type="2" discard="1" dealt="1" sum="20"/>
</round>
<round no="1"><cards type="Pocket" player="specio11">X X</cards>
<cards type="Pocket" player="oreiasccp">D3 D10</cards>
<cards type="Pocket" player="Necromonger13">SK C6</cards>
<action no="3" player="specio11" type="0" discard="1" dealt="1" sum="0"/>
<action no="4" player="oreiasccp" type="23" sum="40"/>
<action no="5" player="Necromonger13" type="3" discard="1" dealt="1" sum="20"/>
</round>
<round no="2"><cards type="Flop">C8 S4 D2</cards>
<action no="6" player="oreiasccp" type="5" sum="20"/>
<action no="7" player="Necromonger13" type="3" discard="1" dealt="1" sum="20"/>
</round>
<round no="3"><cards type="Turn">CA</cards>
<action no="8" player="oreiasccp" type="4" sum="0"/>
<action no="9" player="Necromonger13" type="4" discard="1" dealt="1" sum="0"/>
</round>
<round no="4"><cards type="River">DK</cards>
<action no="10" player="oreiasccp" type="5" sum="80"/>
<action no="11" player="Necromonger13" type="3" discard="1" dealt="1" sum="80"/>
</round>
</game>
<game gamecode="11538566320"><general><startdate>2025-06-28 08:28:14</startdate>
<round>1</round>
<failsafecounter/>
<players><player seat="6" name="specio11" chips="490" dealer="0" win="100" bet="116" muck="1" rebuy="0" addon="0" merge="0" rebuychips="0" reg_code="8393530513"/>
<player seat="10" name="oreiasccp" chips="370" dealer="1" win="0" bet="0" muck="1" rebuy="0" addon="0" merge="0" rebuychips="0" reg_code="8393530526"/>
<player seat="3" name="Necromonger13" chips="640" dealer="0" win="0" bet="50" muck="1" rebuy="0" addon="0" merge="0" rebuychips="0" reg_code="8393530501"/>
</players>
</general>
<round no="0"><action no="1" player="Necromonger13" type="1" discard="1" dealt="1" sum="10"/>
<action no="2" player="specio11" type="2" discard="1" dealt="1" sum="20"/>
</round>
<round no="1"><cards type="Pocket" player="oreiasccp">D10 H6</cards>
<cards type="Pocket" player="Necromonger13">X X</cards>
<cards type="Pocket" player="specio11">X X</cards>
<action no="3" player="oreiasccp" type="0" sum="0"/>
<action no="4" player="Necromonger13" type="23" discard="1" dealt="1" sum="50"/>
<action no="5" player="specio11" type="3" discard="1" dealt="1" sum="30"/>
</round>
<round no="2"><cards type="Flop">C6 S3 C2</cards>
<action no="6" player="Necromonger13" type="4" discard="1" dealt="1" sum="0"/>
<action no="7" player="specio11" type="4" discard="1" dealt="1" sum="0"/>
</round>
<round no="3"><cards type="Turn">C7</cards>
<action no="8" player="Necromonger13" type="4" discard="1" dealt="1" sum="0"/>
<action no="9" player="specio11" type="5" discard="1" dealt="1" sum="66"/>
<action no="10" player="Necromonger13" type="0" discard="1" dealt="1" sum="0"/>
</round>
</game>
<game gamecode="11538566482"><general><startdate>2025-06-28 08:28:58</startdate>
<round>1</round>
<failsafecounter/>
<players><player seat="10" name="oreiasccp" chips="370" dealer="0" win="0" bet="20" muck="1" rebuy="0" addon="0" merge="0" rebuychips="0" reg_code="8393530526"/>
<player seat="3" name="Necromonger13" chips="590" dealer="1" win="0" bet="0" muck="1" rebuy="0" addon="0" merge="0" rebuychips="0" reg_code="8393530501"/>
<player seat="6" name="specio11" chips="540" dealer="0" win="40" bet="540" muck="1" rebuy="0" addon="0" merge="0" rebuychips="0" reg_code="8393530513"/>
</players>
</general>
<round no="0"><action no="1" player="specio11" type="1" discard="1" dealt="1" sum="10"/>
<action no="2" player="oreiasccp" type="2" sum="20"/>
</round>
<round no="1"><cards type="Pocket" player="oreiasccp">D4 CA</cards>
<cards type="Pocket" player="Necromonger13">X X</cards>
<cards type="Pocket" player="specio11">X X</cards>
<action no="3" player="Necromonger13" type="0" discard="1" dealt="1" sum="0"/>
<action no="4" player="specio11" type="23" discard="1" dealt="1" sum="540"/>
<action no="5" player="oreiasccp" type="0" sum="0"/>
</round>
</game>
<game gamecode="11538566536"><general><startdate>2025-06-28 08:29:12</startdate>
<round>1</round>
<failsafecounter/>
<players><player seat="3" name="Necromonger13" chips="590" dealer="0" win="242" bet="116" muck="0" rebuy="0" addon="0" merge="0" rebuychips="0" reg_code="8393530501"/>
<player seat="6" name="specio11" chips="560" dealer="1" win="0" bet="116" muck="1" rebuy="0" addon="0" merge="0" rebuychips="0" reg_code="8393530513"/>
<player seat="10" name="oreiasccp" chips="350" dealer="0" win="0" bet="10" muck="1" rebuy="0" addon="0" merge="0" rebuychips="0" reg_code="8393530526"/>
</players>
</general>
<round no="0"><action no="1" player="oreiasccp" type="1" sum="10"/>
<action no="2" player="Necromonger13" type="2" discard="1" dealt="1" sum="20"/>
</round>
<round no="1"><cards type="Pocket" player="specio11">HA HJ</cards>
<cards type="Pocket" player="oreiasccp">SK D4</cards>
<cards type="Pocket" player="Necromonger13">C5 C8</cards>
<action no="3" player="specio11" type="23" discard="1" dealt="1" sum="40"/>
<action no="4" player="oreiasccp" type="0" sum="0"/>
<action no="5" player="Necromonger13" type="3" discard="1" dealt="1" sum="20"/>
</round>
<round no="2"><cards type="Flop">H8 H5 S7</cards>
<action no="6" player="Necromonger13" type="4" discard="1" dealt="1" sum="0"/>
<action no="7" player="specio11" type="4" discard="1" dealt="1" sum="0"/>
</round>
<round no="3"><cards type="Turn">D6</cards>
<action no="8" player="Necromonger13" type="5" discard="1" dealt="1" sum="76"/>
<action no="9" player="specio11" type="3" discard="1" dealt="1" sum="76"/>
</round>
<round no="4"><cards type="River">C6</cards>
<action no="10" player="Necromonger13" type="4" discard="1" dealt="1" sum="0"/>
<action no="11" player="specio11" type="4" discard="1" dealt="1" sum="0"/>
</round>
</game>
<game gamecode="11538571977"><general><startdate>2025-06-28 08:29:46</startdate>
<round>1</round>
<failsafecounter/>
<players><player seat="6" name="specio11" chips="444" dealer="0" win="700" bet="340" muck="0" rebuy="0" addon="0" merge="0" rebuychips="0" reg_code="8393530513"/>
<player seat="10" name="oreiasccp" chips="340" dealer="1" win="0" bet="340" muck="0" rebuy="0" addon="0" merge="0" rebuychips="0" reg_code="8393530526"/>
<player seat="3" name="Necromonger13" chips="716" dealer="0" win="0" bet="20" muck="1" rebuy="0" addon="0" merge="0" rebuychips="0" reg_code="8393530501"/>
</players>
</general>
<round no="0"><action no="1" player="Necromonger13" type="15" discard="1" dealt="1" sum="5"/>
<action no="2" player="specio11" type="15" discard="1" dealt="1" sum="5"/>
<action no="3" player="oreiasccp" type="15" sum="5"/>
<action no="4" player="Necromonger13" type="1" discard="1" dealt="1" sum="15"/>
<action no="5" player="specio11" type="2" discard="1" dealt="1" sum="30"/>
</round>
<round no="1"><cards type="Pocket" player="specio11">CA D7</cards>
<cards type="Pocket" player="Necromonger13">X X</cards>
<cards type="Pocket" player="oreiasccp">D2 H2</cards>
<action no="6" player="oreiasccp" type="23" sum="335"/>
<action no="7" player="Necromonger13" type="0" discard="1" dealt="1" sum="0"/>
<action no="8" player="specio11" type="3" discard="1" dealt="1" sum="305"/>
</round>
<round no="2"><cards type="Flop">D8 H7 DJ</cards>
</round>
<round no="3"><cards type="Turn">C7</cards>
</round>
<round no="4"><cards type="River">DQ</cards>
</round>
</game>
</session>
