<?xml version="1.0" encoding="UTF-8"?>
<session sessioncode="8393544930">
<general>
<client_version>25.1.1.13</client_version>
<mode>real</mode>
<gametype>Holdem NL</gametype>
<tablename>Twister €5 SNG, 1128750593</tablename>
<tournamentcode>1128750592</tournamentcode>
<tournamentname>Twister €5 SNG</tournamentname>
<buyin>€0 + €0.35 + €4.65</buyin>
<totalbuyin>€5</totalbuyin>
<rewarddrawn>€10</rewarddrawn>
<tournamentcurrency>EUR</tournamentcurrency>
<currency>EUR</currency>
<nickname>oreiasccp</nickname>
<gamecount>37</gamecount>
<startdate>2025-06-28 09:21:44</startdate>
<place>1</place>
<win>€10</win>
<tablesize>3</tablesize>
</general>
<game gamecode="11538608489"><general><startdate>2025-06-28 09:21:59</startdate>
<round>1</round>
<failsafecounter/>
<players><player seat="6" name="oreiasccp" chips="500" dealer="0" win="0" bet="20" muck="1" rebuy="0" addon="0" merge="0" rebuychips="0" reg_code="8393544930"/>
<player seat="10" name="Humbert25" chips="500" dealer="1" win="0" bet="40" muck="1" rebuy="0" addon="0" merge="0" rebuychips="0" reg_code="8393544942"/>
<player seat="3" name="giannhsKollias" chips="500" dealer="0" win="100" bet="140" muck="1" rebuy="0" addon="0" merge="0" rebuychips="0" reg_code="8393544840"/>
</players>
</general>
<round no="0"><action no="1" player="giannhsKollias" type="1" discard="1" dealt="1" sum="10"/>
<action no="2" player="oreiasccp" type="2" sum="20"/>
</round>
<round no="1"><cards type="Pocket" player="oreiasccp">H4 S8</cards>
<cards type="Pocket" player="giannhsKollias">X X</cards>
<cards type="Pocket" player="Humbert25">X X</cards>
<action no="3" player="Humbert25" type="23" discard="1" dealt="1" sum="40"/>
<action no="4" player="giannhsKollias" type="3" discard="1" dealt="1" sum="30"/>
<action no="5" player="oreiasccp" type="0" sum="0"/>
</round>
<round no="2"><cards type="Flop">CA SK H5</cards>
<action no="6" player="giannhsKollias" type="5" discard="1" dealt="1" sum="100"/>
<action no="7" player="Humbert25" type="0" discard="1" dealt="1" sum="0"/>
</round>
</game>
<game gamecode="11538608530"><general><startdate>2025-06-28 09:22:14</startdate>
<round>1</round>
<failsafecounter/>
<players><player seat="10" name="Humbert25" chips="460" dealer="0" win="0" bet="460" muck="0" rebuy="0" addon="0" merge="0" rebuychips="0" reg_code="8393544942"/>
<player seat="3" name="giannhsKollias" chips="560" dealer="1" win="930" bet="560" muck="0" rebuy="0" addon="0" merge="0" rebuychips="0" reg_code="8393544840"/>
<player seat="6" name="oreiasccp" chips="480" dealer="0" win="0" bet="10" muck="1" rebuy="0" addon="0" merge="0" rebuychips="0" reg_code="8393544930"/>
</players>
</general>
<round no="0"><action no="1" player="oreiasccp" type="1" sum="10"/>
<action no="2" player="Humbert25" type="2" discard="1" dealt="1" sum="20"/>
</round>
<round no="1"><cards type="Pocket" player="Humbert25">DJ HJ</cards>
<cards type="Pocket" player="oreiasccp">SJ S7</cards>
<cards type="Pocket" player="giannhsKollias">H2 C2</cards>
<action no="3" player="giannhsKollias" type="23" discard="1" dealt="1" sum="560"/>
<action no="4" player="oreiasccp" type="0" sum="0"/>
<action no="5" player="Humbert25" type="7" discard="1" dealt="1" sum="440"/>
</round>
<round no="2"><cards type="Flop">D2 H7 D7</cards>
</round>
<round no="3"><cards type="Turn">SQ</cards>
</round>
<round no="4"><cards type="River">S9</cards>
</round>
</game>
<game gamecode="11538608612"><general><startdate>2025-06-28 09:22:38</startdate>
<round>1</round>
<failsafecounter/>
<players><player seat="3" name="giannhsKollias" chips="1,030" dealer="0" win="0" bet="20" muck="1" rebuy="0" addon="0" merge="0" rebuychips="0" reg_code="8393544840"/>
<player seat="6" name="oreiasccp" chips="470" dealer="1" win="40" bet="40" muck="1" rebuy="0" addon="0" merge="0" rebuychips="0" reg_code="8393544930"/>
</players>
</general>
<round no="0"><action no="1" player="oreiasccp" type="1" sum="10"/>
<action no="2" player="giannhsKollias" type="2" discard="1" dealt="1" sum="20"/>
</round>
<round no="1"><cards type="Pocket" player="giannhsKollias">X X</cards>
<cards type="Pocket" player="oreiasccp">S4 DA</cards>
<action no="3" player="oreiasccp" type="3" sum="10"/>
<action no="4" player="giannhsKollias" type="4" discard="1" dealt="1" sum="0"/>
</round>
<round no="2"><cards type="Flop">C7 S6 DQ</cards>
<action no="5" player="giannhsKollias" type="4" discard="1" dealt="1" sum="0"/>
<action no="6" player="oreiasccp" type="4" sum="0"/>
</round>
<round no="3"><cards type="Turn">CK</cards>
<action no="7" player="giannhsKollias" type="4" discard="1" dealt="1" sum="0"/>
<action no="8" player="oreiasccp" type="5" sum="20"/>
<action no="9" player="giannhsKollias" type="0" discard="1" dealt="1" sum="0"/>
</round>
</game>
<game gamecode="11538608674"><general><startdate>2025-06-28 09:22:58</startdate>
<round>1</round>
<failsafecounter/>
<players><player seat="6" name="oreiasccp" chips="490" dealer="0" win="0" bet="20" muck="1" rebuy="0" addon="0" merge="0" rebuychips="0" reg_code="8393544930"/>
<player seat="3" name="giannhsKollias" chips="1,010" dealer="1" win="40" bet="60" muck="1" rebuy="0" addon="0" merge="0" rebuychips="0" reg_code="8393544840"/>
</players>
</general>
<round no="0"><action no="1" player="giannhsKollias" type="1" discard="1" dealt="1" sum="10"/>
<action no="2" player="oreiasccp" type="2" sum="20"/>
</round>
<round no="1"><cards type="Pocket" player="giannhsKollias">X X</cards>
<cards type="Pocket" player="oreiasccp">D2 D8</cards>
<action no="3" player="giannhsKollias" type="3" discard="1" dealt="1" sum="10"/>
<action no="4" player="oreiasccp" type="4" sum="0"/>
</round>
<round no="2"><cards type="Flop">H10 CA H6</cards>
<action no="5" player="oreiasccp" type="4" sum="0"/>
<action no="6" player="giannhsKollias" type="4" discard="1" dealt="1" sum="0"/>
</round>
<round no="3"><cards type="Turn">SA</cards>
<action no="7" player="oreiasccp" type="4" sum="0"/>
<action no="8" player="giannhsKollias" type="4" discard="1" dealt="1" sum="0"/>
</round>
<round no="4"><cards type="River">S10</cards>
<action no="9" player="oreiasccp" type="4" sum="0"/>
<action no="10" player="giannhsKollias" type="5" discard="1" dealt="1" sum="40"/>
<action no="11" player="oreiasccp" type="0" sum="0"/>
</round>
</game>
<game gamecode="11538608732"><general><startdate>2025-06-28 09:23:18</startdate>
<round>1</round>
<failsafecounter/>
<players><player seat="3" name="giannhsKollias" chips="1,030" dealer="0" win="0" bet="80" muck="1" rebuy="0" addon="0" merge="0" rebuychips="0" reg_code="8393544840"/>
<player seat="6" name="oreiasccp" chips="470" dealer="1" win="160" bet="80" muck="0" rebuy="0" addon="0" merge="0" rebuychips="0" reg_code="8393544930"/>
</players>
</general>
<round no="0"><action no="1" player="oreiasccp" type="1" sum="10"/>
<action no="2" player="giannhsKollias" type="2" discard="1" dealt="1" sum="20"/>
</round>
<round no="1"><cards type="Pocket" player="giannhsKollias">H8 SK</cards>
<cards type="Pocket" player="oreiasccp">H4 D4</cards>
<action no="3" player="oreiasccp" type="3" sum="10"/>
<action no="4" player="giannhsKollias" type="4" discard="1" dealt="1" sum="0"/>
</round>
<round no="2"><cards type="Flop">SA C7 C10</cards>
<action no="5" player="giannhsKollias" type="5" discard="1" dealt="1" sum="40"/>
<action no="6" player="oreiasccp" type="3" sum="40"/>
</round>
<round no="3"><cards type="Turn">H9</cards>
<action no="7" player="giannhsKollias" type="5" discard="1" dealt="1" sum="20"/>
<action no="8" player="oreiasccp" type="3" sum="20"/>
</round>
<round no="4"><cards type="River">C5</cards>
<action no="9" player="giannhsKollias" type="4" discard="1" dealt="1" sum="0"/>
<action no="10" player="oreiasccp" type="4" sum="0"/>
</round>
</game>
<game gamecode="11538608798"><general><startdate>2025-06-28 09:23:40</startdate>
<round>1</round>
<failsafecounter/>
<players><player seat="6" name="oreiasccp" chips="550" dealer="0" win="0" bet="20" muck="1" rebuy="0" addon="0" merge="0" rebuychips="0" reg_code="8393544930"/>
<player seat="3" name="giannhsKollias" chips="950" dealer="1" win="40" bet="40" muck="1" rebuy="0" addon="0" merge="0" rebuychips="0" reg_code="8393544840"/>
</players>
</general>
<round no="0"><action no="1" player="giannhsKollias" type="1" discard="1" dealt="1" sum="10"/>
<action no="2" player="oreiasccp" type="2" sum="20"/>
</round>
<round no="1"><cards type="Pocket" player="oreiasccp">C6 H8</cards>
<cards type="Pocket" player="giannhsKollias">X X</cards>
<action no="3" player="giannhsKollias" type="3" discard="1" dealt="1" sum="10"/>
<action no="4" player="oreiasccp" type="4" sum="0"/>
</round>
<round no="2"><cards type="Flop">D9 CJ S9</cards>
<action no="5" player="oreiasccp" type="4" sum="0"/>
<action no="6" player="giannhsKollias" type="5" discard="1" dealt="1" sum="20"/>
<action no="7" player="oreiasccp" type="0" sum="0"/>
</round>
</game>
<game gamecode="11538608842"><general><startdate>2025-06-28 09:23:52</startdate>
<round>1</round>
<failsafecounter/>
<players><player seat="3" name="giannhsKollias" chips="970" dealer="0" win="0" bet="100" muck="1" rebuy="0" addon="0" merge="0" rebuychips="0" reg_code="8393544840"/>
<player seat="6" name="oreiasccp" chips="530" dealer="1" win="200" bet="246" muck="1" rebuy="0" addon="0" merge="0" rebuychips="0" reg_code="8393544930"/>
</players>
</general>
<round no="0"><action no="1" player="oreiasccp" type="1" sum="10"/>
<action no="2" player="giannhsKollias" type="2" discard="1" dealt="1" sum="20"/>
</round>
<round no="1"><cards type="Pocket" player="oreiasccp">C9 S6</cards>
<cards type="Pocket" player="giannhsKollias">X X</cards>
<action no="3" player="oreiasccp" type="3" sum="10"/>
<action no="4" player="giannhsKollias" type="4" discard="1" dealt="1" sum="0"/>
</round>
<round no="2"><cards type="Flop">H3 H6 C6</cards>
<action no="5" player="giannhsKollias" type="5" discard="1" dealt="1" sum="20"/>
<action no="6" player="oreiasccp" type="3" sum="20"/>
</round>
<round no="3"><cards type="Turn">SJ</cards>
<action no="7" player="giannhsKollias" type="5" discard="1" dealt="1" sum="20"/>
<action no="8" player="oreiasccp" type="23" sum="60"/>
<action no="9" player="giannhsKollias" type="3" discard="1" dealt="1" sum="40"/>
</round>
<round no="4"><cards type="River">S10</cards>
<action no="10" player="giannhsKollias" type="4" discard="1" dealt="1" sum="0"/>
<action no="11" player="oreiasccp" type="5" sum="146"/>
<action no="12" player="giannhsKollias" type="0" discard="1" dealt="1" sum="0"/>
</round>
</game>
<game gamecode="11538608913"><general><startdate>2025-06-28 09:24:13</startdate>
<round>1</round>
<failsafecounter/>
<players><player seat="6" name="oreiasccp" chips="630" dealer="0" win="0" bet="170" muck="1" rebuy="0" addon="0" merge="0" rebuychips="0" reg_code="8393544930"/>
<player seat="3" name="giannhsKollias" chips="870" dealer="1" win="340" bet="170" muck="0" rebuy="0" addon="0" merge="0" rebuychips="0" reg_code="8393544840"/>
</players>
</general>
<round no="0"><action no="1" player="giannhsKollias" type="15" discard="1" dealt="1" sum="5"/>
<action no="2" player="oreiasccp" type="15" sum="5"/>
<action no="3" player="giannhsKollias" type="1" discard="1" dealt="1" sum="15"/>
<action no="4" player="oreiasccp" type="2" sum="30"/>
</round>
<round no="1"><cards type="Pocket" player="oreiasccp">HK C4</cards>
<cards type="Pocket" player="giannhsKollias">HA S10</cards>
<action no="5" player="giannhsKollias" type="3" discard="1" dealt="1" sum="15"/>
<action no="6" player="oreiasccp" type="4" sum="0"/>
</round>
<round no="2"><cards type="Flop">CK S7 DJ</cards>
<action no="7" player="oreiasccp" type="4" sum="0"/>
<action no="8" player="giannhsKollias" type="4" discard="1" dealt="1" sum="0"/>
</round>
<round no="3"><cards type="Turn">C10</cards>
<action no="9" player="oreiasccp" type="5" sum="35"/>
<action no="10" player="giannhsKollias" type="3" discard="1" dealt="1" sum="35"/>
</round>
<round no="4"><cards type="River">H10</cards>
<action no="11" player="oreiasccp" type="5" sum="50"/>
<action no="12" player="giannhsKollias" type="23" discard="1" dealt="1" sum="100"/>
<action no="13" player="oreiasccp" type="3" sum="50"/>
</round>
</game>
<game gamecode="11538608969"><general><startdate>2025-06-28 09:24:30</startdate>
<round>1</round>
<failsafecounter/>
<players><player seat="3" name="giannhsKollias" chips="1,040" dealer="0" win="0" bet="65" muck="1" rebuy="0" addon="0" merge="0" rebuychips="0" reg_code="8393544840"/>
<player seat="6" name="oreiasccp" chips="460" dealer="1" win="130" bet="95" muck="1" rebuy="0" addon="0" merge="0" rebuychips="0" reg_code="8393544930"/>
</players>
</general>
<round no="0"><action no="1" player="oreiasccp" type="15" sum="5"/>
<action no="2" player="giannhsKollias" type="15" discard="1" dealt="1" sum="5"/>
<action no="3" player="oreiasccp" type="1" sum="15"/>
<action no="4" player="giannhsKollias" type="2" discard="1" dealt="1" sum="30"/>
</round>
<round no="1"><cards type="Pocket" player="giannhsKollias">X X</cards>
<cards type="Pocket" player="oreiasccp">H4 H10</cards>
<action no="5" player="oreiasccp" type="23" sum="60"/>
<action no="6" player="giannhsKollias" type="3" discard="1" dealt="1" sum="30"/>
</round>
<round no="2"><cards type="Flop">C4 CA H8</cards>
<action no="7" player="giannhsKollias" type="4" discard="1" dealt="1" sum="0"/>
<action no="8" player="oreiasccp" type="5" sum="30"/>
<action no="9" player="giannhsKollias" type="0" discard="1" dealt="1" sum="0"/>
</round>
</game>
<game gamecode="11538609003"><general><startdate>2025-06-28 09:24:41</startdate>
<round>1</round>
<failsafecounter/>
<players><player seat="6" name="oreiasccp" chips="525" dealer="0" win="0" bet="35" muck="1" rebuy="0" addon="0" merge="0" rebuychips="0" reg_code="8393544930"/>
<player seat="3" name="giannhsKollias" chips="975" dealer="1" win="70" bet="35" muck="0" rebuy="0" addon="0" merge="0" rebuychips="0" reg_code="8393544840"/>
</players>
</general>
<round no="0"><action no="1" player="giannhsKollias" type="15" discard="1" dealt="1" sum="5"/>
<action no="2" player="oreiasccp" type="15" sum="5"/>
<action no="3" player="giannhsKollias" type="1" discard="1" dealt="1" sum="15"/>
<action no="4" player="oreiasccp" type="2" sum="30"/>
</round>
<round no="1"><cards type="Pocket" player="oreiasccp">S2 D10</cards>
<cards type="Pocket" player="giannhsKollias">SJ H2</cards>
<action no="5" player="giannhsKollias" type="3" discard="1" dealt="1" sum="15"/>
<action no="6" player="oreiasccp" type="4" sum="0"/>
</round>
<round no="2"><cards type="Flop">D5 H5 CJ</cards>
<action no="7" player="oreiasccp" type="4" sum="0"/>
<action no="8" player="giannhsKollias" type="4" discard="1" dealt="1" sum="0"/>
</round>
<round no="3"><cards type="Turn">DQ</cards>
<action no="9" player="oreiasccp" type="4" sum="0"/>
<action no="10" player="giannhsKollias" type="4" discard="1" dealt="1" sum="0"/>
</round>
<round no="4"><cards type="River">CK</cards>
<action no="11" player="oreiasccp" type="4" sum="0"/>
<action no="12" player="giannhsKollias" type="4" discard="1" dealt="1" sum="0"/>
</round>
</game>
<game gamecode="11538609059"><general><startdate>2025-06-28 09:24:56</startdate>
<round>1</round>
<failsafecounter/>
<players><player seat="3" name="giannhsKollias" chips="1,010" dealer="0" win="130" bet="95" muck="1" rebuy="0" addon="0" merge="0" rebuychips="0" reg_code="8393544840"/>
<player seat="6" name="oreiasccp" chips="490" dealer="1" win="0" bet="65" muck="1" rebuy="0" addon="0" merge="0" rebuychips="0" reg_code="8393544930"/>
</players>
</general>
<round no="0"><action no="1" player="oreiasccp" type="15" sum="5"/>
<action no="2" player="giannhsKollias" type="15" discard="1" dealt="1" sum="5"/>
<action no="3" player="oreiasccp" type="1" sum="15"/>
<action no="4" player="giannhsKollias" type="2" discard="1" dealt="1" sum="30"/>
</round>
<round no="1"><cards type="Pocket" player="giannhsKollias">X X</cards>
<cards type="Pocket" player="oreiasccp">H4 HQ</cards>
<action no="5" player="oreiasccp" type="23" sum="60"/>
<action no="6" player="giannhsKollias" type="3" discard="1" dealt="1" sum="30"/>
</round>
<round no="2"><cards type="Flop">H8 S10 DA</cards>
<action no="7" player="giannhsKollias" type="5" discard="1" dealt="1" sum="30"/>
<action no="8" player="oreiasccp" type="0" sum="0"/>
</round>
</game>
<game gamecode="11538609104"><general><startdate>2025-06-28 09:25:10</startdate>
<round>1</round>
<failsafecounter/>
<players><player seat="6" name="oreiasccp" chips="425" dealer="0" win="0" bet="35" muck="1" rebuy="0" addon="0" merge="0" rebuychips="0" reg_code="8393544930"/>
<player seat="3" name="giannhsKollias" chips="1,075" dealer="1" win="70" bet="65" muck="1" rebuy="0" addon="0" merge="0" rebuychips="0" reg_code="8393544840"/>
</players>
</general>
<round no="0"><action no="1" player="giannhsKollias" type="15" discard="1" dealt="1" sum="5"/>
<action no="2" player="oreiasccp" type="15" sum="5"/>
<action no="3" player="giannhsKollias" type="1" discard="1" dealt="1" sum="15"/>
<action no="4" player="oreiasccp" type="2" sum="30"/>
</round>
<round no="1"><cards type="Pocket" player="giannhsKollias">X X</cards>
<cards type="Pocket" player="oreiasccp">D8 C10</cards>
<action no="5" player="giannhsKollias" type="3" discard="1" dealt="1" sum="15"/>
<action no="6" player="oreiasccp" type="4" sum="0"/>
</round>
<round no="2"><cards type="Flop">H5 HA S3</cards>
<action no="7" player="oreiasccp" type="4" sum="0"/>
<action no="8" player="giannhsKollias" type="5" discard="1" dealt="1" sum="30"/>
<action no="9" player="oreiasccp" type="0" sum="0"/>
</round>
</game>
<game gamecode="11538609158"><general><startdate>2025-06-28 09:25:28</startdate>
<round>1</round>
<failsafecounter/>
<players><player seat="3" name="giannhsKollias" chips="1,110" dealer="0" win="0" bet="125" muck="1" rebuy="0" addon="0" merge="0" rebuychips="0" reg_code="8393544840"/>
<player seat="6" name="oreiasccp" chips="390" dealer="1" win="250" bet="390" muck="1" rebuy="0" addon="0" merge="0" rebuychips="0" reg_code="8393544930"/>
</players>
</general>
<round no="0"><action no="1" player="oreiasccp" type="15" sum="5"/>
<action no="2" player="giannhsKollias" type="15" discard="1" dealt="1" sum="5"/>
<action no="3" player="oreiasccp" type="1" sum="15"/>
<action no="4" player="giannhsKollias" type="2" discard="1" dealt="1" sum="30"/>
</round>
<round no="1"><cards type="Pocket" player="giannhsKollias">X X</cards>
<cards type="Pocket" player="oreiasccp">C4 SK</cards>
<action no="5" player="oreiasccp" type="23" sum="60"/>
<action no="6" player="giannhsKollias" type="3" discard="1" dealt="1" sum="30"/>
</round>
<round no="2"><cards type="Flop">C3 DA H2</cards>
<action no="7" player="giannhsKollias" type="5" discard="1" dealt="1" sum="30"/>
<action no="8" player="oreiasccp" type="3" sum="30"/>
</round>
<round no="3"><cards type="Turn">S10</cards>
<action no="9" player="giannhsKollias" type="5" discard="1" dealt="1" sum="30"/>
<action no="10" player="oreiasccp" type="3" sum="30"/>
</round>
<round no="4"><cards type="River">D9</cards>
<action no="11" player="giannhsKollias" type="4" discard="1" dealt="1" sum="0"/>
<action no="12" player="oreiasccp" type="5" sum="265"/>
<action no="13" player="giannhsKollias" type="0" discard="1" dealt="1" sum="0"/>
</round>
</game>
<game gamecode="11538609213"><general><startdate>2025-06-28 09:25:44</startdate>
<round>1</round>
<failsafecounter/>
<players><player seat="6" name="oreiasccp" chips="515" dealer="0" win="70" bet="515" muck="1" rebuy="0" addon="0" merge="0" rebuychips="0" reg_code="8393544930"/>
<player seat="3" name="giannhsKollias" chips="985" dealer="1" win="0" bet="35" muck="1" rebuy="0" addon="0" merge="0" rebuychips="0" reg_code="8393544840"/>
</players>
</general>
<round no="0"><action no="1" player="giannhsKollias" type="15" discard="1" dealt="1" sum="5"/>
<action no="2" player="oreiasccp" type="15" sum="5"/>
<action no="3" player="giannhsKollias" type="1" discard="1" dealt="1" sum="15"/>
<action no="4" player="oreiasccp" type="2" sum="30"/>
</round>
<round no="1"><cards type="Pocket" player="giannhsKollias">X X</cards>
<cards type="Pocket" player="oreiasccp">CA H10</cards>
<action no="5" player="giannhsKollias" type="3" discard="1" dealt="1" sum="15"/>
<action no="6" player="oreiasccp" type="23" sum="510"/>
<action no="7" player="giannhsKollias" type="0" discard="1" dealt="1" sum="0"/>
</round>
</game>
<game gamecode="11538609240"><general><startdate>2025-06-28 09:25:52</startdate>
<round>1</round>
<failsafecounter/>
<players><player seat="3" name="giannhsKollias" chips="950" dealer="0" win="0" bet="65" muck="1" rebuy="0" addon="0" merge="0" rebuychips="0" reg_code="8393544840"/>
<player seat="6" name="oreiasccp" chips="550" dealer="1" win="130" bet="130" muck="1" rebuy="0" addon="0" merge="0" rebuychips="0" reg_code="8393544930"/>
</players>
</general>
<round no="0"><action no="1" player="oreiasccp" type="15" sum="5"/>
<action no="2" player="giannhsKollias" type="15" discard="1" dealt="1" sum="5"/>
<action no="3" player="oreiasccp" type="1" sum="15"/>
<action no="4" player="giannhsKollias" type="2" discard="1" dealt="1" sum="30"/>
</round>
<round no="1"><cards type="Pocket" player="giannhsKollias">X X</cards>
<cards type="Pocket" player="oreiasccp">S10 HQ</cards>
<action no="5" player="oreiasccp" type="3" sum="15"/>
<action no="6" player="giannhsKollias" type="4" discard="1" dealt="1" sum="0"/>
</round>
<round no="2"><cards type="Flop">S2 D9 C4</cards>
<action no="7" player="giannhsKollias" type="5" discard="1" dealt="1" sum="30"/>
<action no="8" player="oreiasccp" type="3" sum="30"/>
</round>
<round no="3"><cards type="Turn">D10</cards>
<action no="9" player="giannhsKollias" type="4" discard="1" dealt="1" sum="0"/>
<action no="10" player="oreiasccp" type="5" sum="65"/>
<action no="11" player="giannhsKollias" type="0" discard="1" dealt="1" sum="0"/>
</round>
</game>
<game gamecode="11538609287"><general><startdate>2025-06-28 09:26:06</startdate>
<round>1</round>
<failsafecounter/>
<players><player seat="6" name="oreiasccp" chips="615" dealer="0" win="256" bet="128" muck="0" rebuy="0" addon="0" merge="0" rebuychips="0" reg_code="8393544930"/>
<player seat="3" name="giannhsKollias" chips="885" dealer="1" win="0" bet="128" muck="1" rebuy="0" addon="0" merge="0" rebuychips="0" reg_code="8393544840"/>
</players>
</general>
<round no="0"><action no="1" player="giannhsKollias" type="15" discard="1" dealt="1" sum="5"/>
<action no="2" player="oreiasccp" type="15" sum="5"/>
<action no="3" player="giannhsKollias" type="1" discard="1" dealt="1" sum="20"/>
<action no="4" player="oreiasccp" type="2" sum="40"/>
</round>
<round no="1"><cards type="Pocket" player="giannhsKollias">C8 DJ</cards>
<cards type="Pocket" player="oreiasccp">S9 DQ</cards>
<action no="5" player="giannhsKollias" type="3" discard="1" dealt="1" sum="20"/>
<action no="6" player="oreiasccp" type="4" sum="0"/>
</round>
<round no="2"><cards type="Flop">D9 S10 D8</cards>
<action no="7" player="oreiasccp" type="4" sum="0"/>
<action no="8" player="giannhsKollias" type="5" discard="1" dealt="1" sum="40"/>
<action no="9" player="oreiasccp" type="3" sum="40"/>
</round>
<round no="3"><cards type="Turn">S6</cards>
<action no="10" player="oreiasccp" type="4" sum="0"/>
<action no="11" player="giannhsKollias" type="4" discard="1" dealt="1" sum="0"/>
</round>
<round no="4"><cards type="River">S2</cards>
<action no="12" player="oreiasccp" type="5" sum="43"/>
<action no="13" player="giannhsKollias" type="3" discard="1" dealt="1" sum="43"/>
</round>
</game>
<game gamecode="11538609332"><general><startdate>2025-06-28 09:26:24</startdate>
<round>1</round>
<failsafecounter/>
<players><player seat="3" name="giannhsKollias" chips="757" dealer="0" win="0" bet="128" muck="1" rebuy="0" addon="0" merge="0" rebuychips="0" reg_code="8393544840"/>
<player seat="6" name="oreiasccp" chips="743" dealer="1" win="256" bet="315" muck="1" rebuy="0" addon="0" merge="0" rebuychips="0" reg_code="8393544930"/>
</players>
</general>
<round no="0"><action no="1" player="oreiasccp" type="15" sum="5"/>
<action no="2" player="giannhsKollias" type="15" discard="1" dealt="1" sum="5"/>
<action no="3" player="oreiasccp" type="1" sum="20"/>
<action no="4" player="giannhsKollias" type="2" discard="1" dealt="1" sum="40"/>
</round>
<round no="1"><cards type="Pocket" player="giannhsKollias">X X</cards>
<cards type="Pocket" player="oreiasccp">CQ SQ</cards>
<action no="5" player="oreiasccp" type="23" sum="80"/>
<action no="6" player="giannhsKollias" type="3" discard="1" dealt="1" sum="40"/>
</round>
<round no="2"><cards type="Flop">DJ D2 S8</cards>
<action no="7" player="giannhsKollias" type="4" discard="1" dealt="1" sum="0"/>
<action no="8" player="oreiasccp" type="5" sum="43"/>
<action no="9" player="giannhsKollias" type="3" discard="1" dealt="1" sum="43"/>
</round>
<round no="3"><cards type="Turn">C6</cards>
<action no="10" player="giannhsKollias" type="4" discard="1" dealt="1" sum="0"/>
<action no="11" player="oreiasccp" type="5" sum="187"/>
<action no="12" player="giannhsKollias" type="0" discard="1" dealt="1" sum="0"/>
</round>
</game>
<game gamecode="11538609389"><general><startdate>2025-06-28 09:26:41</startdate>
<round>1</round>
<failsafecounter/>
<players><player seat="6" name="oreiasccp" chips="871" dealer="0" win="90" bet="629" muck="1" rebuy="0" addon="0" merge="0" rebuychips="0" reg_code="8393544930"/>
<player seat="3" name="giannhsKollias" chips="629" dealer="1" win="0" bet="45" muck="1" rebuy="0" addon="0" merge="0" rebuychips="0" reg_code="8393544840"/>
</players>
</general>
<round no="0"><action no="1" player="giannhsKollias" type="15" discard="1" dealt="1" sum="5"/>
<action no="2" player="oreiasccp" type="15" sum="5"/>
<action no="3" player="giannhsKollias" type="1" discard="1" dealt="1" sum="20"/>
<action no="4" player="oreiasccp" type="2" sum="40"/>
</round>
<round no="1"><cards type="Pocket" player="giannhsKollias">X X</cards>
<cards type="Pocket" player="oreiasccp">DA D2</cards>
<action no="5" player="giannhsKollias" type="3" discard="1" dealt="1" sum="20"/>
<action no="6" player="oreiasccp" type="23" sum="624"/>
<action no="7" player="giannhsKollias" type="0" discard="1" dealt="1" sum="0"/>
</round>
</game>
<game gamecode="11538609429"><general><startdate>2025-06-28 09:26:52</startdate>
<round>1</round>
<failsafecounter/>
<players><player seat="3" name="giannhsKollias" chips="584" dealer="0" win="250" bet="165" muck="1" rebuy="0" addon="0" merge="0" rebuychips="0" reg_code="8393544840"/>
<player seat="6" name="oreiasccp" chips="916" dealer="1" win="0" bet="125" muck="1" rebuy="0" addon="0" merge="0" rebuychips="0" reg_code="8393544930"/>
</players>
</general>
<round no="0"><action no="1" player="oreiasccp" type="15" sum="5"/>
<action no="2" player="giannhsKollias" type="15" discard="1" dealt="1" sum="5"/>
<action no="3" player="oreiasccp" type="1" sum="20"/>
<action no="4" player="giannhsKollias" type="2" discard="1" dealt="1" sum="40"/>
</round>
<round no="1"><cards type="Pocket" player="giannhsKollias">X X</cards>
<cards type="Pocket" player="oreiasccp">S10 S4</cards>
<action no="5" player="oreiasccp" type="3" sum="20"/>
<action no="6" player="giannhsKollias" type="4" discard="1" dealt="1" sum="0"/>
</round>
<round no="2"><cards type="Flop">HA C3 H2</cards>
<action no="7" player="giannhsKollias" type="5" discard="1" dealt="1" sum="40"/>
<action no="8" player="oreiasccp" type="3" sum="40"/>
</round>
<round no="3"><cards type="Turn">D8</cards>
<action no="9" player="giannhsKollias" type="5" discard="1" dealt="1" sum="40"/>
<action no="10" player="oreiasccp" type="3" sum="40"/>
</round>
<round no="4"><cards type="River">S2</cards>
<action no="11" player="giannhsKollias" type="5" discard="1" dealt="1" sum="40"/>
<action no="12" player="oreiasccp" type="0" sum="0"/>
</round>
</game>
<game gamecode="11538609474"><general><startdate>2025-06-28 09:27:06</startdate>
<round>1</round>
<failsafecounter/>
<players><player seat="6" name="oreiasccp" chips="791" dealer="0" win="90" bet="709" muck="1" rebuy="0" addon="0" merge="0" rebuychips="0" reg_code="8393544930"/>
<player seat="3" name="giannhsKollias" chips="709" dealer="1" win="0" bet="45" muck="1" rebuy="0" addon="0" merge="0" rebuychips="0" reg_code="8393544840"/>
</players>
</general>
<round no="0"><action no="1" player="giannhsKollias" type="15" discard="1" dealt="1" sum="5"/>
<action no="2" player="oreiasccp" type="15" sum="5"/>
<action no="3" player="giannhsKollias" type="1" discard="1" dealt="1" sum="20"/>
<action no="4" player="oreiasccp" type="2" sum="40"/>
</round>
<round no="1"><cards type="Pocket" player="oreiasccp">DA C2</cards>
<cards type="Pocket" player="giannhsKollias">X X</cards>
<action no="5" player="giannhsKollias" type="3" discard="1" dealt="1" sum="20"/>
<action no="6" player="oreiasccp" type="23" sum="704"/>
<action no="7" player="giannhsKollias" type="0" discard="1" dealt="1" sum="0"/>
</round>
</game>
<game gamecode="11538609504"><general><startdate>2025-06-28 09:27:14</startdate>
<round>1</round>
<failsafecounter/>
<players><player seat="3" name="giannhsKollias" chips="664" dealer="0" win="90" bet="664" muck="1" rebuy="0" addon="0" merge="0" rebuychips="0" reg_code="8393544840"/>
<player seat="6" name="oreiasccp" chips="836" dealer="1" win="0" bet="45" muck="1" rebuy="0" addon="0" merge="0" rebuychips="0" reg_code="8393544930"/>
</players>
</general>
<round no="0"><action no="1" player="oreiasccp" type="15" sum="5"/>
<action no="2" player="giannhsKollias" type="15" discard="1" dealt="1" sum="5"/>
<action no="3" player="oreiasccp" type="1" sum="20"/>
<action no="4" player="giannhsKollias" type="2" discard="1" dealt="1" sum="40"/>
</round>
<round no="1"><cards type="Pocket" player="oreiasccp">S5 S8</cards>
<cards type="Pocket" player="giannhsKollias">X X</cards>
<action no="5" player="oreiasccp" type="3" sum="20"/>
<action no="6" player="giannhsKollias" type="23" discard="1" dealt="1" sum="659"/>
<action no="7" player="oreiasccp" type="0" sum="0"/>
</round>
</game>
<game gamecode="11538609531"><general><startdate>2025-06-28 09:27:22</startdate>
<round>1</round>
<failsafecounter/>
<players><player seat="6" name="oreiasccp" chips="791" dealer="0" win="0" bet="85" muck="1" rebuy="0" addon="0" merge="0" rebuychips="0" reg_code="8393544930"/>
<player seat="3" name="giannhsKollias" chips="709" dealer="1" win="170" bet="170" muck="1" rebuy="0" addon="0" merge="0" rebuychips="0" reg_code="8393544840"/>
</players>
</general>
<round no="0"><action no="1" player="giannhsKollias" type="15" discard="1" dealt="1" sum="5"/>
<action no="2" player="oreiasccp" type="15" sum="5"/>
<action no="3" player="giannhsKollias" type="1" discard="1" dealt="1" sum="20"/>
<action no="4" player="oreiasccp" type="2" sum="40"/>
</round>
<round no="1"><cards type="Pocket" player="oreiasccp">S7 HK</cards>
<cards type="Pocket" player="giannhsKollias">X X</cards>
<action no="5" player="giannhsKollias" type="3" discard="1" dealt="1" sum="20"/>
<action no="6" player="oreiasccp" type="4" sum="0"/>
</round>
<round no="2"><cards type="Flop">H6 S4 C10</cards>
<action no="7" player="oreiasccp" type="4" sum="0"/>
<action no="8" player="giannhsKollias" type="4" discard="1" dealt="1" sum="0"/>
</round>
<round no="3"><cards type="Turn">C9</cards>
<action no="9" player="oreiasccp" type="4" sum="0"/>
<action no="10" player="giannhsKollias" type="5" discard="1" dealt="1" sum="40"/>
<action no="11" player="oreiasccp" type="3" sum="40"/>
</round>
<round no="4"><cards type="River">C6</cards>
<action no="12" player="oreiasccp" type="4" sum="0"/>
<action no="13" player="giannhsKollias" type="5" discard="1" dealt="1" sum="85"/>
<action no="14" player="oreiasccp" type="0" sum="0"/>
</round>
</game>
<game gamecode="11538609623"><general><startdate>2025-06-28 09:27:48</startdate>
<round>1</round>
<failsafecounter/>
<players><player seat="3" name="giannhsKollias" chips="794" dealer="0" win="0" bet="45" muck="1" rebuy="0" addon="0" merge="0" rebuychips="0" reg_code="8393544840"/>
<player seat="6" name="oreiasccp" chips="706" dealer="1" win="90" bet="45" muck="0" rebuy="0" addon="0" merge="0" rebuychips="0" reg_code="8393544930"/>
</players>
</general>
<round no="0"><action no="1" player="oreiasccp" type="15" sum="5"/>
<action no="2" player="giannhsKollias" type="15" discard="1" dealt="1" sum="5"/>
<action no="3" player="oreiasccp" type="1" sum="20"/>
<action no="4" player="giannhsKollias" type="2" discard="1" dealt="1" sum="40"/>
</round>
<round no="1"><cards type="Pocket" player="giannhsKollias">C4 CQ</cards>
<cards type="Pocket" player="oreiasccp">S2 HJ</cards>
<action no="5" player="oreiasccp" type="3" sum="20"/>
<action no="6" player="giannhsKollias" type="4" discard="1" dealt="1" sum="0"/>
</round>
<round no="2"><cards type="Flop">H8 S9 H5</cards>
<action no="7" player="giannhsKollias" type="4" discard="1" dealt="1" sum="0"/>
<action no="8" player="oreiasccp" type="4" sum="0"/>
</round>
<round no="3"><cards type="Turn">H2</cards>
<action no="9" player="giannhsKollias" type="4" discard="1" dealt="1" sum="0"/>
<action no="10" player="oreiasccp" type="4" sum="0"/>
</round>
<round no="4"><cards type="River">S8</cards>
<action no="11" player="giannhsKollias" type="4" discard="1" dealt="1" sum="0"/>
<action no="12" player="oreiasccp" type="4" sum="0"/>
</round>
</game>
<game gamecode="11538609673"><general><startdate>2025-06-28 09:28:04</startdate>
<round>1</round>
<failsafecounter/>
<players><player seat="6" name="oreiasccp" chips="751" dealer="0" win="130" bet="160" muck="1" rebuy="0" addon="0" merge="0" rebuychips="0" reg_code="8393544930"/>
<player seat="3" name="giannhsKollias" chips="749" dealer="1" win="0" bet="65" muck="1" rebuy="0" addon="0" merge="0" rebuychips="0" reg_code="8393544840"/>
</players>
</general>
<round no="0"><action no="1" player="giannhsKollias" type="15" discard="1" dealt="1" sum="5"/>
<action no="2" player="oreiasccp" type="15" sum="5"/>
<action no="3" player="giannhsKollias" type="1" discard="1" dealt="1" sum="30"/>
<action no="4" player="oreiasccp" type="2" sum="60"/>
</round>
<round no="1"><cards type="Pocket" player="oreiasccp">C8 S7</cards>
<cards type="Pocket" player="giannhsKollias">X X</cards>
<action no="5" player="giannhsKollias" type="3" discard="1" dealt="1" sum="30"/>
<action no="6" player="oreiasccp" type="4" sum="0"/>
</round>
<round no="2"><cards type="Flop">S9 D10 S6</cards>
<action no="7" player="oreiasccp" type="4" sum="0"/>
<action no="8" player="giannhsKollias" type="4" discard="1" dealt="1" sum="0"/>
</round>
<round no="3"><cards type="Turn">H8</cards>
<action no="9" player="oreiasccp" type="5" sum="95"/>
<action no="10" player="giannhsKollias" type="0" discard="1" dealt="1" sum="0"/>
</round>
</game>
<game gamecode="11538609729"><general><startdate>2025-06-28 09:28:20</startdate>
<round>1</round>
<failsafecounter/>
<players><player seat="3" name="giannhsKollias" chips="684" dealer="0" win="616" bet="308" muck="0" rebuy="0" addon="0" merge="0" rebuychips="0" reg_code="8393544840"/>
<player seat="6" name="oreiasccp" chips="816" dealer="1" win="0" bet="308" muck="1" rebuy="0" addon="0" merge="0" rebuychips="0" reg_code="8393544930"/>
</players>
</general>
<round no="0"><action no="1" player="oreiasccp" type="15" sum="5"/>
<action no="2" player="giannhsKollias" type="15" discard="1" dealt="1" sum="5"/>
<action no="3" player="oreiasccp" type="1" sum="30"/>
<action no="4" player="giannhsKollias" type="2" discard="1" dealt="1" sum="60"/>
</round>
<round no="1"><cards type="Pocket" player="giannhsKollias">S3 HK</cards>
<cards type="Pocket" player="oreiasccp">H10 C8</cards>
<action no="5" player="oreiasccp" type="3" sum="30"/>
<action no="6" player="giannhsKollias" type="4" discard="1" dealt="1" sum="0"/>
</round>
<round no="2"><cards type="Flop">CA C4 S2</cards>
<action no="7" player="giannhsKollias" type="4" discard="1" dealt="1" sum="0"/>
<action no="8" player="oreiasccp" type="5" sum="60"/>
<action no="9" player="giannhsKollias" type="3" discard="1" dealt="1" sum="60"/>
</round>
<round no="3"><cards type="Turn">SK</cards>
<action no="10" player="giannhsKollias" type="4" discard="1" dealt="1" sum="0"/>
<action no="11" player="oreiasccp" type="5" sum="183"/>
<action no="12" player="giannhsKollias" type="3" discard="1" dealt="1" sum="183"/>
</round>
<round no="4"><cards type="River">S4</cards>
<action no="13" player="giannhsKollias" type="4" discard="1" dealt="1" sum="0"/>
<action no="14" player="oreiasccp" type="4" sum="0"/>
</round>
</game>
<game gamecode="11538609796"><general><startdate>2025-06-28 09:28:39</startdate>
<round>1</round>
<failsafecounter/>
<players><player seat="6" name="oreiasccp" chips="508" dealer="0" win="130" bet="155" muck="1" rebuy="0" addon="0" merge="0" rebuychips="0" reg_code="8393544930"/>
<player seat="3" name="giannhsKollias" chips="992" dealer="1" win="0" bet="65" muck="1" rebuy="0" addon="0" merge="0" rebuychips="0" reg_code="8393544840"/>
</players>
</general>
<round no="0"><action no="1" player="giannhsKollias" type="15" discard="1" dealt="1" sum="5"/>
<action no="2" player="oreiasccp" type="15" sum="5"/>
<action no="3" player="giannhsKollias" type="1" discard="1" dealt="1" sum="30"/>
<action no="4" player="oreiasccp" type="2" sum="60"/>
</round>
<round no="1"><cards type="Pocket" player="oreiasccp">C6 H6</cards>
<cards type="Pocket" player="giannhsKollias">X X</cards>
<action no="5" player="giannhsKollias" type="3" discard="1" dealt="1" sum="30"/>
<action no="6" player="oreiasccp" type="23" sum="150"/>
<action no="7" player="giannhsKollias" type="0" discard="1" dealt="1" sum="0"/>
</round>
</game>
<game gamecode="11538609832"><general><startdate>2025-06-28 09:28:48</startdate>
<round>1</round>
<failsafecounter/>
<players><player seat="3" name="giannhsKollias" chips="927" dealer="0" win="0" bet="65" muck="1" rebuy="0" addon="0" merge="0" rebuychips="0" reg_code="8393544840"/>
<player seat="6" name="oreiasccp" chips="573" dealer="1" win="130" bet="125" muck="1" rebuy="0" addon="0" merge="0" rebuychips="0" reg_code="8393544930"/>
</players>
</general>
<round no="0"><action no="1" player="oreiasccp" type="15" sum="5"/>
<action no="2" player="giannhsKollias" type="15" discard="1" dealt="1" sum="5"/>
<action no="3" player="oreiasccp" type="1" sum="30"/>
<action no="4" player="giannhsKollias" type="2" discard="1" dealt="1" sum="60"/>
</round>
<round no="1"><cards type="Pocket" player="oreiasccp">S9 S7</cards>
<cards type="Pocket" player="giannhsKollias">X X</cards>
<action no="5" player="oreiasccp" type="3" sum="30"/>
<action no="6" player="giannhsKollias" type="4" discard="1" dealt="1" sum="0"/>
</round>
<round no="2"><cards type="Flop">SA CJ D6</cards>
<action no="7" player="giannhsKollias" type="4" discard="1" dealt="1" sum="0"/>
<action no="8" player="oreiasccp" type="5" sum="60"/>
<action no="9" player="giannhsKollias" type="0" discard="1" dealt="1" sum="0"/>
</round>
</game>
<game gamecode="11538609865"><general><startdate>2025-06-28 09:28:59</startdate>
<round>1</round>
<failsafecounter/>
<players><player seat="6" name="oreiasccp" chips="638" dealer="0" win="354" bet="177" muck="0" rebuy="0" addon="0" merge="0" rebuychips="0" reg_code="8393544930"/>
<player seat="3" name="giannhsKollias" chips="862" dealer="1" win="0" bet="177" muck="1" rebuy="0" addon="0" merge="0" rebuychips="0" reg_code="8393544840"/>
</players>
</general>
<round no="0"><action no="1" player="giannhsKollias" type="15" discard="1" dealt="1" sum="5"/>
<action no="2" player="oreiasccp" type="15" sum="5"/>
<action no="3" player="giannhsKollias" type="1" discard="1" dealt="1" sum="30"/>
<action no="4" player="oreiasccp" type="2" sum="60"/>
</round>
<round no="1"><cards type="Pocket" player="oreiasccp">D3 S5</cards>
<cards type="Pocket" player="giannhsKollias">DK HJ</cards>
<action no="5" player="giannhsKollias" type="3" discard="1" dealt="1" sum="30"/>
<action no="6" player="oreiasccp" type="4" sum="0"/>
</round>
<round no="2"><cards type="Flop">S2 H5 C4</cards>
<action no="7" player="oreiasccp" type="4" sum="0"/>
<action no="8" player="giannhsKollias" type="4" discard="1" dealt="1" sum="0"/>
</round>
<round no="3"><cards type="Turn">SA</cards>
<action no="9" player="oreiasccp" type="4" sum="0"/>
<action no="10" player="giannhsKollias" type="4" discard="1" dealt="1" sum="0"/>
</round>
<round no="4"><cards type="River">D8</cards>
<action no="11" player="oreiasccp" type="5" sum="112"/>
<action no="12" player="giannhsKollias" type="3" discard="1" dealt="1" sum="112"/>
</round>
</game>
<game gamecode="11538609942"><general><startdate>2025-06-28 09:29:16</startdate>
<round>1</round>
<failsafecounter/>
<players><player seat="3" name="giannhsKollias" chips="685" dealer="0" win="0" bet="185" muck="1" rebuy="0" addon="0" merge="0" rebuychips="0" reg_code="8393544840"/>
<player seat="6" name="oreiasccp" chips="815" dealer="1" win="370" bet="185" muck="0" rebuy="0" addon="0" merge="0" rebuychips="0" reg_code="8393544930"/>
</players>
</general>
<round no="0"><action no="1" player="oreiasccp" type="15" sum="5"/>
<action no="2" player="giannhsKollias" type="15" discard="1" dealt="1" sum="5"/>
<action no="3" player="oreiasccp" type="1" sum="30"/>
<action no="4" player="giannhsKollias" type="2" discard="1" dealt="1" sum="60"/>
</round>
<round no="1"><cards type="Pocket" player="oreiasccp">H10 H8</cards>
<cards type="Pocket" player="giannhsKollias">H4 S4</cards>
<action no="5" player="oreiasccp" type="3" sum="30"/>
<action no="6" player="giannhsKollias" type="4" discard="1" dealt="1" sum="0"/>
</round>
<round no="2"><cards type="Flop">SQ S10 H2</cards>
<action no="7" player="giannhsKollias" type="5" discard="1" dealt="1" sum="60"/>
<action no="8" player="oreiasccp" type="3" sum="60"/>
</round>
<round no="3"><cards type="Turn">H5</cards>
<action no="9" player="giannhsKollias" type="5" discard="1" dealt="1" sum="60"/>
<action no="10" player="oreiasccp" type="3" sum="60"/>
</round>
<round no="4"><cards type="River">DA</cards>
<action no="11" player="giannhsKollias" type="4" discard="1" dealt="1" sum="0"/>
<action no="12" player="oreiasccp" type="4" sum="0"/>
</round>
</game>
<game gamecode="11538614898"><general><startdate>2025-06-28 09:29:36</startdate>
<round>1</round>
<failsafecounter/>
<players><player seat="6" name="oreiasccp" chips="1,000" dealer="0" win="0" bet="65" muck="1" rebuy="0" addon="0" merge="0" rebuychips="0" reg_code="8393544930"/>
<player seat="3" name="giannhsKollias" chips="500" dealer="1" win="130" bet="195" muck="1" rebuy="0" addon="0" merge="0" rebuychips="0" reg_code="8393544840"/>
</players>
</general>
<round no="0"><action no="1" player="giannhsKollias" type="15" discard="1" dealt="1" sum="5"/>
<action no="2" player="oreiasccp" type="15" sum="5"/>
<action no="3" player="giannhsKollias" type="1" discard="1" dealt="1" sum="30"/>
<action no="4" player="oreiasccp" type="2" sum="60"/>
</round>
<round no="1"><cards type="Pocket" player="giannhsKollias">X X</cards>
<cards type="Pocket" player="oreiasccp">D10 H2</cards>
<action no="5" player="giannhsKollias" type="3" discard="1" dealt="1" sum="30"/>
<action no="6" player="oreiasccp" type="4" sum="0"/>
</round>
<round no="2"><cards type="Flop">S7 HJ H9</cards>
<action no="7" player="oreiasccp" type="4" sum="0"/>
<action no="8" player="giannhsKollias" type="4" discard="1" dealt="1" sum="0"/>
</round>
<round no="3"><cards type="Turn">D3</cards>
<action no="9" player="oreiasccp" type="4" sum="0"/>
<action no="10" player="giannhsKollias" type="4" discard="1" dealt="1" sum="0"/>
</round>
<round no="4"><cards type="River">S10</cards>
<action no="11" player="oreiasccp" type="4" sum="0"/>
<action no="12" player="giannhsKollias" type="5" discard="1" dealt="1" sum="130"/>
<action no="13" player="oreiasccp" type="0" sum="0"/>
</round>
</game>
<game gamecode="11538614965"><general><startdate>2025-06-28 09:29:55</startdate>
<round>1</round>
<failsafecounter/>
<players><player seat="3" name="giannhsKollias" chips="565" dealer="0" win="130" bet="125" muck="1" rebuy="0" addon="0" merge="0" rebuychips="0" reg_code="8393544840"/>
<player seat="6" name="oreiasccp" chips="935" dealer="1" win="0" bet="65" muck="1" rebuy="0" addon="0" merge="0" rebuychips="0" reg_code="8393544930"/>
</players>
</general>
<round no="0"><action no="1" player="oreiasccp" type="15" sum="5"/>
<action no="2" player="giannhsKollias" type="15" discard="1" dealt="1" sum="5"/>
<action no="3" player="oreiasccp" type="1" sum="30"/>
<action no="4" player="giannhsKollias" type="2" discard="1" dealt="1" sum="60"/>
</round>
<round no="1"><cards type="Pocket" player="oreiasccp">D6 C8</cards>
<cards type="Pocket" player="giannhsKollias">X X</cards>
<action no="5" player="oreiasccp" type="3" sum="30"/>
<action no="6" player="giannhsKollias" type="4" discard="1" dealt="1" sum="0"/>
</round>
<round no="2"><cards type="Flop">C4 D10 DK</cards>
<action no="7" player="giannhsKollias" type="5" discard="1" dealt="1" sum="60"/>
<action no="8" player="oreiasccp" type="0" sum="0"/>
</round>
</game>
<game gamecode="11538614999"><general><startdate>2025-06-28 09:30:05</startdate>
<round>1</round>
<failsafecounter/>
<players><player seat="6" name="oreiasccp" chips="870" dealer="0" win="0" bet="88" muck="1" rebuy="0" addon="0" merge="0" rebuychips="0" reg_code="8393544930"/>
<player seat="3" name="giannhsKollias" chips="630" dealer="1" win="176" bet="168" muck="1" rebuy="0" addon="0" merge="0" rebuychips="0" reg_code="8393544840"/>
</players>
</general>
<round no="0"><action no="1" player="giannhsKollias" type="15" discard="1" dealt="1" sum="8"/>
<action no="2" player="oreiasccp" type="15" sum="8"/>
<action no="3" player="giannhsKollias" type="1" discard="1" dealt="1" sum="40"/>
<action no="4" player="oreiasccp" type="2" sum="80"/>
</round>
<round no="1"><cards type="Pocket" player="oreiasccp">H6 H5</cards>
<cards type="Pocket" player="giannhsKollias">X X</cards>
<action no="5" player="giannhsKollias" type="3" discard="1" dealt="1" sum="40"/>
<action no="6" player="oreiasccp" type="4" sum="0"/>
</round>
<round no="2"><cards type="Flop">D2 CA CJ</cards>
<action no="7" player="oreiasccp" type="4" sum="0"/>
<action no="8" player="giannhsKollias" type="5" discard="1" dealt="1" sum="80"/>
<action no="9" player="oreiasccp" type="0" sum="0"/>
</round>
</game>
<game gamecode="11538615041"><general><startdate>2025-06-28 09:30:16</startdate>
<round>1</round>
<failsafecounter/>
<players><player seat="3" name="giannhsKollias" chips="718" dealer="0" win="0" bet="88" muck="1" rebuy="0" addon="0" merge="0" rebuychips="0" reg_code="8393544840"/>
<player seat="6" name="oreiasccp" chips="782" dealer="1" win="176" bet="168" muck="1" rebuy="0" addon="0" merge="0" rebuychips="0" reg_code="8393544930"/>
</players>
</general>
<round no="0"><action no="1" player="oreiasccp" type="15" sum="8"/>
<action no="2" player="giannhsKollias" type="15" discard="1" dealt="1" sum="8"/>
<action no="3" player="oreiasccp" type="1" sum="40"/>
<action no="4" player="giannhsKollias" type="2" discard="1" dealt="1" sum="80"/>
</round>
<round no="1"><cards type="Pocket" player="oreiasccp">D10 D7</cards>
<cards type="Pocket" player="giannhsKollias">X X</cards>
<action no="5" player="oreiasccp" type="3" sum="40"/>
<action no="6" player="giannhsKollias" type="4" discard="1" dealt="1" sum="0"/>
</round>
<round no="2"><cards type="Flop">C5 S4 DK</cards>
<action no="7" player="giannhsKollias" type="4" discard="1" dealt="1" sum="0"/>
<action no="8" player="oreiasccp" type="5" sum="80"/>
<action no="9" player="giannhsKollias" type="0" discard="1" dealt="1" sum="0"/>
</round>
</game>
<game gamecode="11538615091"><general><startdate>2025-06-28 09:30:29</startdate>
<round>1</round>
<failsafecounter/>
<players><player seat="6" name="oreiasccp" chips="870" dealer="0" win="416" bet="288" muck="1" rebuy="0" addon="0" merge="0" rebuychips="0" reg_code="8393544930"/>
<player seat="3" name="giannhsKollias" chips="630" dealer="1" win="0" bet="208" muck="1" rebuy="0" addon="0" merge="0" rebuychips="0" reg_code="8393544840"/>
</players>
</general>
<round no="0"><action no="1" player="giannhsKollias" type="15" discard="1" dealt="1" sum="8"/>
<action no="2" player="oreiasccp" type="15" sum="8"/>
<action no="3" player="giannhsKollias" type="1" discard="1" dealt="1" sum="40"/>
<action no="4" player="oreiasccp" type="2" sum="80"/>
</round>
<round no="1"><cards type="Pocket" player="oreiasccp">HK DK</cards>
<cards type="Pocket" player="giannhsKollias">X X</cards>
<action no="5" player="giannhsKollias" type="3" discard="1" dealt="1" sum="40"/>
<action no="6" player="oreiasccp" type="23" sum="200"/>
<action no="7" player="giannhsKollias" type="3" discard="1" dealt="1" sum="120"/>
</round>
<round no="2"><cards type="Flop">S10 H8 DA</cards>
<action no="8" player="oreiasccp" type="5" sum="80"/>
<action no="9" player="giannhsKollias" type="0" discard="1" dealt="1" sum="0"/>
</round>
</game>
<game gamecode="11538615133"><general><startdate>2025-06-28 09:30:42</startdate>
<round>1</round>
<failsafecounter/>
<players><player seat="3" name="giannhsKollias" chips="422" dealer="0" win="96" bet="88" muck="1" rebuy="0" addon="0" merge="0" rebuychips="0" reg_code="8393544840"/>
<player seat="6" name="oreiasccp" chips="1,078" dealer="1" win="0" bet="48" muck="1" rebuy="0" addon="0" merge="0" rebuychips="0" reg_code="8393544930"/>
</players>
</general>
<round no="0"><action no="1" player="oreiasccp" type="15" sum="8"/>
<action no="2" player="giannhsKollias" type="15" discard="1" dealt="1" sum="8"/>
<action no="3" player="oreiasccp" type="1" sum="40"/>
<action no="4" player="giannhsKollias" type="2" discard="1" dealt="1" sum="80"/>
</round>
<round no="1"><cards type="Pocket" player="oreiasccp">H6 D7</cards>
<cards type="Pocket" player="giannhsKollias">X X</cards>
<action no="5" player="oreiasccp" type="0" sum="0"/>
</round>
</game>
<game gamecode="11538615150"><general><startdate>2025-06-28 09:30:48</startdate>
<round>1</round>
<failsafecounter/>
<players><player seat="6" name="oreiasccp" chips="1,030" dealer="0" win="176" bet="470" muck="1" rebuy="0" addon="0" merge="0" rebuychips="0" reg_code="8393544930"/>
<player seat="3" name="giannhsKollias" chips="470" dealer="1" win="0" bet="88" muck="1" rebuy="0" addon="0" merge="0" rebuychips="0" reg_code="8393544840"/>
</players>
</general>
<round no="0"><action no="1" player="giannhsKollias" type="15" discard="1" dealt="1" sum="8"/>
<action no="2" player="oreiasccp" type="15" sum="8"/>
<action no="3" player="giannhsKollias" type="1" discard="1" dealt="1" sum="40"/>
<action no="4" player="oreiasccp" type="2" sum="80"/>
</round>
<round no="1"><cards type="Pocket" player="oreiasccp">HK C6</cards>
<cards type="Pocket" player="giannhsKollias">X X</cards>
<action no="5" player="giannhsKollias" type="3" discard="1" dealt="1" sum="40"/>
<action no="6" player="oreiasccp" type="23" sum="462"/>
<action no="7" player="giannhsKollias" type="0" discard="1" dealt="1" sum="0"/>
</round>
</game>
<game gamecode="11538615174"><general><startdate>2025-06-28 09:30:58</startdate>
<round>1</round>
<failsafecounter/>
<players><player seat="3" name="giannhsKollias" chips="382" dealer="0" win="0" bet="382" muck="0" rebuy="0" addon="0" merge="0" rebuychips="0" reg_code="8393544840"/>
<player seat="6" name="oreiasccp" chips="1,118" dealer="1" win="764" bet="382" muck="0" rebuy="0" addon="0" merge="0" rebuychips="0" reg_code="8393544930"/>
</players>
</general>
<round no="0"><action no="1" player="oreiasccp" type="15" sum="8"/>
<action no="2" player="giannhsKollias" type="15" discard="1" dealt="1" sum="8"/>
<action no="3" player="oreiasccp" type="1" sum="40"/>
<action no="4" player="giannhsKollias" type="2" discard="1" dealt="1" sum="80"/>
</round>
<round no="1"><cards type="Pocket" player="giannhsKollias">D5 H6</cards>
<cards type="Pocket" player="oreiasccp">H3 HK</cards>
<action no="5" player="oreiasccp" type="23" sum="374"/>
<action no="6" player="giannhsKollias" type="7" discard="1" dealt="1" sum="294"/>
</round>
<round no="2"><cards type="Flop">C8 D10 SA</cards>
</round>
<round no="3"><cards type="Turn">DA</cards>
</round>
<round no="4"><cards type="River">S3</cards>
</round>
</game>
</session>
