<?xml version="1.0" encoding="UTF-8"?>
<session sessioncode="8393577758">
<general>
<client_version>25.1.1.13</client_version>
<mode>real</mode>
<gametype>Holdem NL</gametype>
<tablename>Twister €5 SNG, 1128755444</tablename>
<tournamentcode>1128755443</tournamentcode>
<tournamentname>Twister €5 SNG</tournamentname>
<buyin>€0 + €0.35 + €4.65</buyin>
<totalbuyin>€5</totalbuyin>
<rewarddrawn>€15</rewarddrawn>
<tournamentcurrency>EUR</tournamentcurrency>
<currency>EUR</currency>
<nickname>oreiasccp</nickname>
<gamecount>12</gamecount>
<startdate>2025-06-28 10:57:06</startdate>
<place>2</place>
<win>€0</win>
<tablesize>3</tablesize>
</general>
<game gamecode="11538687321"><general><startdate>2025-06-28 10:57:21</startdate>
<round>1</round>
<failsafecounter/>
<players><player seat="3" name="oreiasccp" chips="500" dealer="0" win="100" bet="86" muck="1" rebuy="0" addon="0" merge="0" rebuychips="0" reg_code="8393577758"/>
<player seat="6" name="troybomber" chips="500" dealer="1" win="0" bet="0" muck="1" rebuy="0" addon="0" merge="0" rebuychips="0" reg_code="8393577767"/>
<player seat="10" name="Scoooopy" chips="500" dealer="0" win="0" bet="50" muck="1" rebuy="0" addon="0" merge="0" rebuychips="0" reg_code="8393577772"/>
</players>
</general>
<round no="0"><action no="1" player="Scoooopy" type="1" discard="1" dealt="1" sum="10"/>
<action no="2" player="oreiasccp" type="2" sum="20"/>
</round>
<round no="1"><cards type="Pocket" player="Scoooopy">X X</cards>
<cards type="Pocket" player="troybomber">X X</cards>
<cards type="Pocket" player="oreiasccp">HQ SK</cards>
<action no="3" player="troybomber" type="0" discard="1" dealt="1" sum="0"/>
<action no="4" player="Scoooopy" type="3" discard="1" dealt="1" sum="10"/>
<action no="5" player="oreiasccp" type="23" sum="50"/>
<action no="6" player="Scoooopy" type="3" discard="1" dealt="1" sum="30"/>
</round>
<round no="2"><cards type="Flop">D6 DK D10</cards>
<action no="7" player="Scoooopy" type="4" discard="1" dealt="1" sum="0"/>
<action no="8" player="oreiasccp" type="5" sum="36"/>
<action no="9" player="Scoooopy" type="0" discard="1" dealt="1" sum="0"/>
</round>
</game>
<game gamecode="11538692868"><general><startdate>2025-06-28 10:57:46</startdate>
<round>1</round>
<failsafecounter/>
<players><player seat="6" name="troybomber" chips="500" dealer="0" win="0" bet="170" muck="1" rebuy="0" addon="0" merge="0" rebuychips="0" reg_code="8393577767"/>
<player seat="10" name="Scoooopy" chips="450" dealer="1" win="0" bet="0" muck="1" rebuy="0" addon="0" merge="0" rebuychips="0" reg_code="8393577772"/>
<player seat="3" name="oreiasccp" chips="550" dealer="0" win="340" bet="170" muck="0" rebuy="0" addon="0" merge="0" rebuychips="0" reg_code="8393577758"/>
</players>
</general>
<round no="0"><action no="1" player="oreiasccp" type="1" sum="10"/>
<action no="2" player="troybomber" type="2" discard="1" dealt="1" sum="20"/>
</round>
<round no="1"><cards type="Pocket" player="Scoooopy">X X</cards>
<cards type="Pocket" player="oreiasccp">C7 C4</cards>
<cards type="Pocket" player="troybomber">C6 S10</cards>
<action no="3" player="Scoooopy" type="0" discard="1" dealt="1" sum="0"/>
<action no="4" player="oreiasccp" type="23" sum="40"/>
<action no="5" player="troybomber" type="3" discard="1" dealt="1" sum="20"/>
</round>
<round no="2"><cards type="Flop">H6 S7 H2</cards>
<action no="6" player="oreiasccp" type="4" sum="0"/>
<action no="7" player="troybomber" type="5" discard="1" dealt="1" sum="60"/>
<action no="8" player="oreiasccp" type="3" sum="60"/>
</round>
<round no="3"><cards type="Turn">DA</cards>
<action no="9" player="oreiasccp" type="4" sum="0"/>
<action no="10" player="troybomber" type="5" discard="1" dealt="1" sum="70"/>
<action no="11" player="oreiasccp" type="3" sum="70"/>
</round>
<round no="4"><cards type="River">DK</cards>
<action no="12" player="oreiasccp" type="4" sum="0"/>
<action no="13" player="troybomber" type="4" discard="1" dealt="1" sum="0"/>
</round>
</game>
<game gamecode="11538692981"><general><startdate>2025-06-28 10:58:18</startdate>
<round>1</round>
<failsafecounter/>
<players><player seat="10" name="Scoooopy" chips="450" dealer="0" win="840" bet="415" muck="0" rebuy="0" addon="0" merge="0" rebuychips="0" reg_code="8393577772"/>
<player seat="3" name="oreiasccp" chips="720" dealer="1" win="0" bet="415" muck="1" rebuy="0" addon="0" merge="0" rebuychips="0" reg_code="8393577758"/>
<player seat="6" name="troybomber" chips="330" dealer="0" win="0" bet="10" muck="1" rebuy="0" addon="0" merge="0" rebuychips="0" reg_code="8393577767"/>
</players>
</general>
<round no="0"><action no="1" player="troybomber" type="1" discard="1" dealt="1" sum="10"/>
<action no="2" player="Scoooopy" type="2" discard="1" dealt="1" sum="20"/>
</round>
<round no="1"><cards type="Pocket" player="troybomber">X X</cards>
<cards type="Pocket" player="Scoooopy">HK H5</cards>
<cards type="Pocket" player="oreiasccp">DA CJ</cards>
<action no="3" player="oreiasccp" type="23" sum="40"/>
<action no="4" player="troybomber" type="0" discard="1" dealt="1" sum="0"/>
<action no="5" player="Scoooopy" type="3" discard="1" dealt="1" sum="20"/>
</round>
<round no="2"><cards type="Flop">HJ D6 S5</cards>
<action no="6" player="Scoooopy" type="4" discard="1" dealt="1" sum="0"/>
<action no="7" player="oreiasccp" type="5" sum="23"/>
<action no="8" player="Scoooopy" type="3" discard="1" dealt="1" sum="23"/>
</round>
<round no="3"><cards type="Turn">H9</cards>
<action no="9" player="Scoooopy" type="4" discard="1" dealt="1" sum="0"/>
<action no="10" player="oreiasccp" type="5" sum="100"/>
<action no="11" player="Scoooopy" type="3" discard="1" dealt="1" sum="100"/>
</round>
<round no="4"><cards type="River">SK</cards>
<action no="12" player="Scoooopy" type="5" discard="1" dealt="1" sum="252"/>
<action no="13" player="oreiasccp" type="3" sum="252"/>
</round>
</game>
<game gamecode="11538693072"><general><startdate>2025-06-28 10:58:43</startdate>
<round>1</round>
<failsafecounter/>
<players><player seat="3" name="oreiasccp" chips="305" dealer="0" win="0" bet="66" muck="1" rebuy="0" addon="0" merge="0" rebuychips="0" reg_code="8393577758"/>
<player seat="6" name="troybomber" chips="320" dealer="1" win="0" bet="0" muck="1" rebuy="0" addon="0" merge="0" rebuychips="0" reg_code="8393577767"/>
<player seat="10" name="Scoooopy" chips="875" dealer="0" win="132" bet="66" muck="0" rebuy="0" addon="0" merge="0" rebuychips="0" reg_code="8393577772"/>
</players>
</general>
<round no="0"><action no="1" player="Scoooopy" type="1" discard="1" dealt="1" sum="10"/>
<action no="2" player="oreiasccp" type="2" sum="20"/>
</round>
<round no="1"><cards type="Pocket" player="troybomber">X X</cards>
<cards type="Pocket" player="Scoooopy">CJ HJ</cards>
<cards type="Pocket" player="oreiasccp">SJ CQ</cards>
<action no="3" player="troybomber" type="0" discard="1" dealt="1" sum="0"/>
<action no="4" player="Scoooopy" type="23" discard="1" dealt="1" sum="40"/>
<action no="5" player="oreiasccp" type="3" sum="20"/>
</round>
<round no="2"><cards type="Flop">C2 CK HA</cards>
<action no="6" player="Scoooopy" type="5" discard="1" dealt="1" sum="26"/>
<action no="7" player="oreiasccp" type="3" sum="26"/>
</round>
<round no="3"><cards type="Turn">D4</cards>
<action no="8" player="Scoooopy" type="4" discard="1" dealt="1" sum="0"/>
<action no="9" player="oreiasccp" type="4" sum="0"/>
</round>
<round no="4"><cards type="River">H9</cards>
<action no="10" player="Scoooopy" type="4" discard="1" dealt="1" sum="0"/>
<action no="11" player="oreiasccp" type="4" sum="0"/>
</round>
</game>
<game gamecode="11538693144"><general><startdate>2025-06-28 10:59:05</startdate>
<round>1</round>
<failsafecounter/>
<players><player seat="6" name="troybomber" chips="320" dealer="0" win="0" bet="20" muck="1" rebuy="0" addon="0" merge="0" rebuychips="0" reg_code="8393577767"/>
<player seat="10" name="Scoooopy" chips="941" dealer="1" win="50" bet="40" muck="1" rebuy="0" addon="0" merge="0" rebuychips="0" reg_code="8393577772"/>
<player seat="3" name="oreiasccp" chips="239" dealer="0" win="0" bet="10" muck="1" rebuy="0" addon="0" merge="0" rebuychips="0" reg_code="8393577758"/>
</players>
</general>
<round no="0"><action no="1" player="oreiasccp" type="1" sum="10"/>
<action no="2" player="troybomber" type="2" discard="1" dealt="1" sum="20"/>
</round>
<round no="1"><cards type="Pocket" player="Scoooopy">X X</cards>
<cards type="Pocket" player="troybomber">X X</cards>
<cards type="Pocket" player="oreiasccp">DJ C8</cards>
<action no="3" player="Scoooopy" type="23" discard="1" dealt="1" sum="40"/>
<action no="4" player="oreiasccp" type="0" sum="0"/>
<action no="5" player="troybomber" type="0" discard="1" dealt="1" sum="0"/>
</round>
</game>
<game gamecode="11538693176"><general><startdate>2025-06-28 10:59:13</startdate>
<round>1</round>
<failsafecounter/>
<players><player seat="10" name="Scoooopy" chips="971" dealer="0" win="0" bet="229" muck="1" rebuy="0" addon="0" merge="0" rebuychips="0" reg_code="8393577772"/>
<player seat="3" name="oreiasccp" chips="229" dealer="1" win="468" bet="229" muck="0" rebuy="0" addon="0" merge="0" rebuychips="0" reg_code="8393577758"/>
<player seat="6" name="troybomber" chips="300" dealer="0" win="0" bet="10" muck="1" rebuy="0" addon="0" merge="0" rebuychips="0" reg_code="8393577767"/>
</players>
</general>
<round no="0"><action no="1" player="troybomber" type="1" discard="1" dealt="1" sum="10"/>
<action no="2" player="Scoooopy" type="2" discard="1" dealt="1" sum="20"/>
</round>
<round no="1"><cards type="Pocket" player="Scoooopy">D9 HA</cards>
<cards type="Pocket" player="troybomber">X X</cards>
<cards type="Pocket" player="oreiasccp">CA D4</cards>
<action no="3" player="oreiasccp" type="23" sum="229"/>
<action no="4" player="troybomber" type="0" discard="1" dealt="1" sum="0"/>
<action no="5" player="Scoooopy" type="3" discard="1" dealt="1" sum="209"/>
</round>
<round no="2"><cards type="Flop">D8 H7 DA</cards>
</round>
<round no="3"><cards type="Turn">H4</cards>
</round>
<round no="4"><cards type="River">HJ</cards>
</round>
</game>
<game gamecode="11538693244"><general><startdate>2025-06-28 10:59:31</startdate>
<round>1</round>
<failsafecounter/>
<players><player seat="3" name="oreiasccp" chips="468" dealer="0" win="45" bet="35" muck="1" rebuy="0" addon="0" merge="0" rebuychips="0" reg_code="8393577758"/>
<player seat="6" name="troybomber" chips="290" dealer="1" win="0" bet="5" muck="1" rebuy="0" addon="0" merge="0" rebuychips="0" reg_code="8393577767"/>
<player seat="10" name="Scoooopy" chips="742" dealer="0" win="0" bet="20" muck="1" rebuy="0" addon="0" merge="0" rebuychips="0" reg_code="8393577772"/>
</players>
</general>
<round no="0"><action no="1" player="Scoooopy" type="15" discard="1" dealt="1" sum="5"/>
<action no="2" player="oreiasccp" type="15" sum="5"/>
<action no="3" player="troybomber" type="15" discard="1" dealt="1" sum="5"/>
<action no="4" player="Scoooopy" type="1" discard="1" dealt="1" sum="15"/>
<action no="5" player="oreiasccp" type="2" sum="30"/>
</round>
<round no="1"><cards type="Pocket" player="oreiasccp">H6 DQ</cards>
<cards type="Pocket" player="troybomber">X X</cards>
<cards type="Pocket" player="Scoooopy">X X</cards>
<action no="6" player="troybomber" type="0" discard="1" dealt="1" sum="0"/>
<action no="7" player="Scoooopy" type="0" discard="1" dealt="1" sum="0"/>
</round>
</game>
<game gamecode="11538693289"><general><startdate>2025-06-28 10:59:42</startdate>
<round>1</round>
<failsafecounter/>
<players><player seat="6" name="troybomber" chips="285" dealer="0" win="45" bet="35" muck="1" rebuy="0" addon="0" merge="0" rebuychips="0" reg_code="8393577767"/>
<player seat="10" name="Scoooopy" chips="722" dealer="1" win="0" bet="5" muck="1" rebuy="0" addon="0" merge="0" rebuychips="0" reg_code="8393577772"/>
<player seat="3" name="oreiasccp" chips="493" dealer="0" win="0" bet="20" muck="1" rebuy="0" addon="0" merge="0" rebuychips="0" reg_code="8393577758"/>
</players>
</general>
<round no="0"><action no="1" player="oreiasccp" type="15" sum="5"/>
<action no="2" player="troybomber" type="15" discard="1" dealt="1" sum="5"/>
<action no="3" player="Scoooopy" type="15" discard="1" dealt="1" sum="5"/>
<action no="4" player="oreiasccp" type="1" sum="15"/>
<action no="5" player="troybomber" type="2" discard="1" dealt="1" sum="30"/>
</round>
<round no="1"><cards type="Pocket" player="oreiasccp">D10 S3</cards>
<cards type="Pocket" player="troybomber">X X</cards>
<cards type="Pocket" player="Scoooopy">X X</cards>
<action no="6" player="Scoooopy" type="0" discard="1" dealt="1" sum="0"/>
<action no="7" player="oreiasccp" type="0" sum="0"/>
</round>
</game>
<game gamecode="11538693322"><general><startdate>2025-06-28 10:59:49</startdate>
<round>1</round>
<failsafecounter/>
<players><player seat="10" name="Scoooopy" chips="717" dealer="0" win="625" bet="310" muck="0" rebuy="0" addon="0" merge="0" rebuychips="0" reg_code="8393577772"/>
<player seat="3" name="oreiasccp" chips="473" dealer="1" win="0" bet="5" muck="1" rebuy="0" addon="0" merge="0" rebuychips="0" reg_code="8393577758"/>
<player seat="6" name="troybomber" chips="310" dealer="0" win="0" bet="310" muck="0" rebuy="0" addon="0" merge="0" rebuychips="0" reg_code="8393577767"/>
</players>
</general>
<round no="0"><action no="1" player="troybomber" type="15" discard="1" dealt="1" sum="5"/>
<action no="2" player="Scoooopy" type="15" discard="1" dealt="1" sum="5"/>
<action no="3" player="oreiasccp" type="15" sum="5"/>
<action no="4" player="troybomber" type="1" discard="1" dealt="1" sum="15"/>
<action no="5" player="Scoooopy" type="2" discard="1" dealt="1" sum="30"/>
</round>
<round no="1"><cards type="Pocket" player="troybomber">S10 S9</cards>
<cards type="Pocket" player="oreiasccp">S5 HK</cards>
<cards type="Pocket" player="Scoooopy">HJ DQ</cards>
<action no="6" player="oreiasccp" type="0" sum="0"/>
<action no="7" player="troybomber" type="23" discard="1" dealt="1" sum="305"/>
<action no="8" player="Scoooopy" type="3" discard="1" dealt="1" sum="275"/>
</round>
<round no="2"><cards type="Flop">HQ S6 C2</cards>
</round>
<round no="3"><cards type="Turn">CJ</cards>
</round>
<round no="4"><cards type="River">H7</cards>
</round>
</game>
<game gamecode="11538693406"><general><startdate>2025-06-28 11:00:07</startdate>
<round>1</round>
<failsafecounter/>
<players><player seat="3" name="oreiasccp" chips="468" dealer="0" win="40" bet="35" muck="1" rebuy="0" addon="0" merge="0" rebuychips="0" reg_code="8393577758"/>
<player seat="10" name="Scoooopy" chips="1,032" dealer="1" win="0" bet="20" muck="1" rebuy="0" addon="0" merge="0" rebuychips="0" reg_code="8393577772"/>
</players>
</general>
<round no="0"><action no="1" player="Scoooopy" type="15" discard="1" dealt="1" sum="5"/>
<action no="2" player="oreiasccp" type="15" sum="5"/>
<action no="3" player="Scoooopy" type="1" discard="1" dealt="1" sum="15"/>
<action no="4" player="oreiasccp" type="2" sum="30"/>
</round>
<round no="1"><cards type="Pocket" player="oreiasccp">SA S7</cards>
<cards type="Pocket" player="Scoooopy">X X</cards>
<action no="5" player="Scoooopy" type="0" discard="1" dealt="1" sum="0"/>
</round>
</game>
<game gamecode="11538693432"><general><startdate>2025-06-28 11:00:14</startdate>
<round>1</round>
<failsafecounter/>
<players><player seat="10" name="Scoooopy" chips="1,012" dealer="0" win="0" bet="35" muck="1" rebuy="0" addon="0" merge="0" rebuychips="0" reg_code="8393577772"/>
<player seat="3" name="oreiasccp" chips="488" dealer="1" win="70" bet="65" muck="1" rebuy="0" addon="0" merge="0" rebuychips="0" reg_code="8393577758"/>
</players>
</general>
<round no="0"><action no="1" player="oreiasccp" type="15" sum="5"/>
<action no="2" player="Scoooopy" type="15" discard="1" dealt="1" sum="5"/>
<action no="3" player="oreiasccp" type="1" sum="15"/>
<action no="4" player="Scoooopy" type="2" discard="1" dealt="1" sum="30"/>
</round>
<round no="1"><cards type="Pocket" player="oreiasccp">HJ S3</cards>
<cards type="Pocket" player="Scoooopy">X X</cards>
<action no="5" player="oreiasccp" type="3" sum="15"/>
<action no="6" player="Scoooopy" type="4" discard="1" dealt="1" sum="0"/>
</round>
<round no="2"><cards type="Flop">CK D2 C6</cards>
<action no="7" player="Scoooopy" type="4" discard="1" dealt="1" sum="0"/>
<action no="8" player="oreiasccp" type="5" sum="30"/>
<action no="9" player="Scoooopy" type="0" discard="1" dealt="1" sum="0"/>
</round>
</game>
<game gamecode="11538693495"><general><startdate>2025-06-28 11:00:28</startdate>
<round>1</round>
<failsafecounter/>
<players><player seat="3" name="oreiasccp" chips="523" dealer="0" win="0" bet="523" muck="0" rebuy="0" addon="0" merge="0" rebuychips="0" reg_code="8393577758"/>
<player seat="10" name="Scoooopy" chips="977" dealer="1" win="1,046" bet="977" muck="0" rebuy="0" addon="0" merge="0" rebuychips="0" reg_code="8393577772"/>
</players>
</general>
<round no="0"><action no="1" player="Scoooopy" type="15" discard="1" dealt="1" sum="5"/>
<action no="2" player="oreiasccp" type="15" sum="5"/>
<action no="3" player="Scoooopy" type="1" discard="1" dealt="1" sum="15"/>
<action no="4" player="oreiasccp" type="2" sum="30"/>
</round>
<round no="1"><cards type="Pocket" player="Scoooopy">D2 HA</cards>
<cards type="Pocket" player="oreiasccp">C6 DA</cards>
<action no="5" player="Scoooopy" type="23" discard="1" dealt="1" sum="972"/>
<action no="6" player="oreiasccp" type="7" sum="488"/>
</round>
<round no="2"><cards type="Flop">S5 HJ HQ</cards>
</round>
<round no="3"><cards type="Turn">C2</cards>
</round>
<round no="4"><cards type="River">H9</cards>
</round>
</game>
</session>
