<?xml version="1.0" encoding="UTF-8"?>
<session sessioncode="8393593347">
<general>
<client_version>25.1.1.13</client_version>
<mode>real</mode>
<gametype>Holdem NL</gametype>
<tablename>Twister €5 SNG, 1128757581</tablename>
<tournamentcode>1128757580</tournamentcode>
<tournamentname>Twister €5 SNG</tournamentname>
<buyin>€0 + €0.35 + €4.65</buyin>
<totalbuyin>€5</totalbuyin>
<rewarddrawn>€10</rewarddrawn>
<tournamentcurrency>EUR</tournamentcurrency>
<currency>EUR</currency>
<nickname>oreiasccp</nickname>
<gamecount>21</gamecount>
<startdate>2025-06-28 11:38:00</startdate>
<place>2</place>
<win>€0</win>
<tablesize>3</tablesize>
</general>
<game gamecode="11538729167"><general><startdate>2025-06-28 11:38:15</startdate>
<round>1</round>
<failsafecounter/>
<players><player seat="6" name="oreiasccp" chips="500" dealer="0" win="0" bet="20" muck="1" rebuy="0" addon="0" merge="0" rebuychips="0" reg_code="8393593347"/>
<player seat="10" name="Showtimepsc" chips="500" dealer="1" win="50" bet="20" muck="0" rebuy="0" addon="0" merge="0" rebuychips="0" reg_code="8393593375"/>
<player seat="3" name="HTNTN" chips="500" dealer="0" win="0" bet="10" muck="1" rebuy="0" addon="0" merge="0" rebuychips="0" reg_code="8393593344"/>
</players>
</general>
<round no="0"><action no="1" player="HTNTN" type="1" discard="1" dealt="1" sum="10"/>
<action no="2" player="oreiasccp" type="2" sum="20"/>
</round>
<round no="1"><cards type="Pocket" player="oreiasccp">SQ H2</cards>
<cards type="Pocket" player="Showtimepsc">H9 S10</cards>
<cards type="Pocket" player="HTNTN">X X</cards>
<action no="3" player="Showtimepsc" type="3" discard="1" dealt="1" sum="20"/>
<action no="4" player="HTNTN" type="0" discard="1" dealt="1" sum="0"/>
<action no="5" player="oreiasccp" type="4" sum="0"/>
</round>
<round no="2"><cards type="Flop">C2 C9 D8</cards>
<action no="6" player="oreiasccp" type="4" sum="0"/>
<action no="7" player="Showtimepsc" type="4" discard="1" dealt="1" sum="0"/>
</round>
<round no="3"><cards type="Turn">D7</cards>
<action no="8" player="oreiasccp" type="4" sum="0"/>
<action no="9" player="Showtimepsc" type="4" discard="1" dealt="1" sum="0"/>
</round>
<round no="4"><cards type="River">CK</cards>
<action no="10" player="oreiasccp" type="4" sum="0"/>
<action no="11" player="Showtimepsc" type="4" discard="1" dealt="1" sum="0"/>
</round>
</game>
<game gamecode="11538729255"><general><startdate>2025-06-28 11:38:34</startdate>
<round>1</round>
<failsafecounter/>
<players><player seat="10" name="Showtimepsc" chips="530" dealer="0" win="20" bet="20" muck="1" rebuy="0" addon="0" merge="0" rebuychips="0" reg_code="8393593375"/>
<player seat="3" name="HTNTN" chips="490" dealer="1" win="0" bet="0" muck="1" rebuy="0" addon="0" merge="0" rebuychips="0" reg_code="8393593344"/>
<player seat="6" name="oreiasccp" chips="480" dealer="0" win="0" bet="10" muck="1" rebuy="0" addon="0" merge="0" rebuychips="0" reg_code="8393593347"/>
</players>
</general>
<round no="0"><action no="1" player="oreiasccp" type="1" sum="10"/>
<action no="2" player="Showtimepsc" type="2" discard="1" dealt="1" sum="20"/>
</round>
<round no="1"><cards type="Pocket" player="HTNTN">X X</cards>
<cards type="Pocket" player="Showtimepsc">X X</cards>
<cards type="Pocket" player="oreiasccp">H7 D3</cards>
<action no="3" player="HTNTN" type="0" discard="1" dealt="1" sum="0"/>
<action no="4" player="oreiasccp" type="0" sum="0"/>
</round>
</game>
<game gamecode="11538729295"><general><startdate>2025-06-28 11:38:44</startdate>
<round>1</round>
<failsafecounter/>
<players><player seat="3" name="HTNTN" chips="490" dealer="0" win="980" bet="490" muck="0" rebuy="0" addon="0" merge="0" rebuychips="0" reg_code="8393593344"/>
<player seat="6" name="oreiasccp" chips="470" dealer="1" win="0" bet="0" muck="1" rebuy="0" addon="0" merge="0" rebuychips="0" reg_code="8393593347"/>
<player seat="10" name="Showtimepsc" chips="540" dealer="0" win="0" bet="490" muck="1" rebuy="0" addon="0" merge="0" rebuychips="0" reg_code="8393593375"/>
</players>
</general>
<round no="0"><action no="1" player="Showtimepsc" type="1" discard="1" dealt="1" sum="10"/>
<action no="2" player="HTNTN" type="2" discard="1" dealt="1" sum="20"/>
</round>
<round no="1"><cards type="Pocket" player="Showtimepsc">H9 HJ</cards>
<cards type="Pocket" player="oreiasccp">S7 CJ</cards>
<cards type="Pocket" player="HTNTN">S3 SA</cards>
<action no="3" player="oreiasccp" type="0" sum="0"/>
<action no="4" player="Showtimepsc" type="3" discard="1" dealt="1" sum="10"/>
<action no="5" player="HTNTN" type="23" discard="1" dealt="1" sum="60"/>
<action no="6" player="Showtimepsc" type="3" discard="1" dealt="1" sum="40"/>
</round>
<round no="2"><cards type="Flop">C2 SQ S9</cards>
<action no="7" player="Showtimepsc" type="4" discard="1" dealt="1" sum="0"/>
<action no="8" player="HTNTN" type="5" discard="1" dealt="1" sum="60"/>
<action no="9" player="Showtimepsc" type="3" discard="1" dealt="1" sum="60"/>
</round>
<round no="3"><cards type="Turn">S4</cards>
<action no="10" player="Showtimepsc" type="4" discard="1" dealt="1" sum="0"/>
<action no="11" player="HTNTN" type="5" discard="1" dealt="1" sum="160"/>
<action no="12" player="Showtimepsc" type="3" discard="1" dealt="1" sum="160"/>
</round>
<round no="4"><cards type="River">H7</cards>
<action no="13" player="Showtimepsc" type="4" discard="1" dealt="1" sum="0"/>
<action no="14" player="HTNTN" type="5" discard="1" dealt="1" sum="210"/>
<action no="15" player="Showtimepsc" type="3" discard="1" dealt="1" sum="210"/>
</round>
</game>
<game gamecode="11538729423"><general><startdate>2025-06-28 11:39:14</startdate>
<round>1</round>
<failsafecounter/>
<players><player seat="6" name="oreiasccp" chips="470" dealer="0" win="0" bet="20" muck="1" rebuy="0" addon="0" merge="0" rebuychips="0" reg_code="8393593347"/>
<player seat="10" name="Showtimepsc" chips="50" dealer="1" win="50" bet="50" muck="1" rebuy="0" addon="0" merge="0" rebuychips="0" reg_code="8393593375"/>
<player seat="3" name="HTNTN" chips="980" dealer="0" win="0" bet="10" muck="1" rebuy="0" addon="0" merge="0" rebuychips="0" reg_code="8393593344"/>
</players>
</general>
<round no="0"><action no="1" player="HTNTN" type="1" discard="1" dealt="1" sum="10"/>
<action no="2" player="oreiasccp" type="2" sum="20"/>
</round>
<round no="1"><cards type="Pocket" player="HTNTN">X X</cards>
<cards type="Pocket" player="oreiasccp">C8 DJ</cards>
<cards type="Pocket" player="Showtimepsc">X X</cards>
<action no="3" player="Showtimepsc" type="3" discard="1" dealt="1" sum="20"/>
<action no="4" player="HTNTN" type="0" discard="1" dealt="1" sum="0"/>
<action no="5" player="oreiasccp" type="4" sum="0"/>
</round>
<round no="2"><cards type="Flop">H5 CA C9</cards>
<action no="6" player="oreiasccp" type="4" sum="0"/>
<action no="7" player="Showtimepsc" type="5" discard="1" dealt="1" sum="30"/>
<action no="8" player="oreiasccp" type="0" sum="0"/>
</round>
</game>
<game gamecode="11538729496"><general><startdate>2025-06-28 11:39:32</startdate>
<round>1</round>
<failsafecounter/>
<players><player seat="10" name="Showtimepsc" chips="80" dealer="0" win="0" bet="80" muck="0" rebuy="0" addon="0" merge="0" rebuychips="0" reg_code="8393593375"/>
<player seat="3" name="HTNTN" chips="970" dealer="1" win="170" bet="80" muck="0" rebuy="0" addon="0" merge="0" rebuychips="0" reg_code="8393593344"/>
<player seat="6" name="oreiasccp" chips="450" dealer="0" win="0" bet="10" muck="1" rebuy="0" addon="0" merge="0" rebuychips="0" reg_code="8393593347"/>
</players>
</general>
<round no="0"><action no="1" player="oreiasccp" type="1" sum="10"/>
<action no="2" player="Showtimepsc" type="2" discard="1" dealt="1" sum="20"/>
</round>
<round no="1"><cards type="Pocket" player="HTNTN">DJ HQ</cards>
<cards type="Pocket" player="oreiasccp">H5 C7</cards>
<cards type="Pocket" player="Showtimepsc">HJ S10</cards>
<action no="3" player="HTNTN" type="23" discard="1" dealt="1" sum="40"/>
<action no="4" player="oreiasccp" type="0" sum="0"/>
<action no="5" player="Showtimepsc" type="23" discard="1" dealt="1" sum="80"/>
<action no="6" player="HTNTN" type="3" discard="1" dealt="1" sum="40"/>
</round>
<round no="2"><cards type="Flop">S3 SQ H3</cards>
</round>
<round no="3"><cards type="Turn">C6</cards>
</round>
<round no="4"><cards type="River">S4</cards>
</round>
</game>
<game gamecode="11538729578"><general><startdate>2025-06-28 11:39:52</startdate>
<round>1</round>
<failsafecounter/>
<players><player seat="3" name="HTNTN" chips="1,060" dealer="0" win="120" bet="160" muck="1" rebuy="0" addon="0" merge="0" rebuychips="0" reg_code="8393593344"/>
<player seat="6" name="oreiasccp" chips="440" dealer="1" win="0" bet="60" muck="1" rebuy="0" addon="0" merge="0" rebuychips="0" reg_code="8393593347"/>
</players>
</general>
<round no="0"><action no="1" player="oreiasccp" type="1" sum="10"/>
<action no="2" player="HTNTN" type="2" discard="1" dealt="1" sum="20"/>
</round>
<round no="1"><cards type="Pocket" player="HTNTN">X X</cards>
<cards type="Pocket" player="oreiasccp">C9 D10</cards>
<action no="3" player="oreiasccp" type="23" sum="40"/>
<action no="4" player="HTNTN" type="3" discard="1" dealt="1" sum="20"/>
</round>
<round no="2"><cards type="Flop">DQ H3 SK</cards>
<action no="5" player="HTNTN" type="4" discard="1" dealt="1" sum="0"/>
<action no="6" player="oreiasccp" type="5" sum="20"/>
<action no="7" player="HTNTN" type="3" discard="1" dealt="1" sum="20"/>
</round>
<round no="3"><cards type="Turn">S9</cards>
<action no="8" player="HTNTN" type="4" discard="1" dealt="1" sum="0"/>
<action no="9" player="oreiasccp" type="4" sum="0"/>
</round>
<round no="4"><cards type="River">SQ</cards>
<action no="10" player="HTNTN" type="5" discard="1" dealt="1" sum="100"/>
<action no="11" player="oreiasccp" type="0" sum="0"/>
</round>
</game>
<game gamecode="11538729670"><general><startdate>2025-06-28 11:40:14</startdate>
<round>1</round>
<failsafecounter/>
<players><player seat="6" name="oreiasccp" chips="380" dealer="0" win="0" bet="35" muck="1" rebuy="0" addon="0" merge="0" rebuychips="0" reg_code="8393593347"/>
<player seat="3" name="HTNTN" chips="1,120" dealer="1" win="70" bet="1,120" muck="1" rebuy="0" addon="0" merge="0" rebuychips="0" reg_code="8393593344"/>
</players>
</general>
<round no="0"><action no="1" player="HTNTN" type="15" discard="1" dealt="1" sum="5"/>
<action no="2" player="oreiasccp" type="15" sum="5"/>
<action no="3" player="HTNTN" type="1" discard="1" dealt="1" sum="15"/>
<action no="4" player="oreiasccp" type="2" sum="30"/>
</round>
<round no="1"><cards type="Pocket" player="oreiasccp">D8 C6</cards>
<cards type="Pocket" player="HTNTN">X X</cards>
<action no="5" player="HTNTN" type="23" discard="1" dealt="1" sum="1,115"/>
<action no="6" player="oreiasccp" type="0" sum="0"/>
</round>
</game>
<game gamecode="11538729702"><general><startdate>2025-06-28 11:40:21</startdate>
<round>1</round>
<failsafecounter/>
<players><player seat="3" name="HTNTN" chips="1,155" dealer="0" win="70" bet="575" muck="1" rebuy="0" addon="0" merge="0" rebuychips="0" reg_code="8393593344"/>
<player seat="6" name="oreiasccp" chips="345" dealer="1" win="0" bet="35" muck="1" rebuy="0" addon="0" merge="0" rebuychips="0" reg_code="8393593347"/>
</players>
</general>
<round no="0"><action no="1" player="oreiasccp" type="15" sum="5"/>
<action no="2" player="HTNTN" type="15" discard="1" dealt="1" sum="5"/>
<action no="3" player="oreiasccp" type="1" sum="15"/>
<action no="4" player="HTNTN" type="2" discard="1" dealt="1" sum="30"/>
</round>
<round no="1"><cards type="Pocket" player="oreiasccp">D10 D5</cards>
<cards type="Pocket" player="HTNTN">X X</cards>
<action no="5" player="oreiasccp" type="3" sum="15"/>
<action no="6" player="HTNTN" type="23" discard="1" dealt="1" sum="570"/>
<action no="7" player="oreiasccp" type="0" sum="0"/>
</round>
</game>
<game gamecode="11538729753"><general><startdate>2025-06-28 11:40:32</startdate>
<round>1</round>
<failsafecounter/>
<players><player seat="6" name="oreiasccp" chips="310" dealer="0" win="40" bet="35" muck="1" rebuy="0" addon="0" merge="0" rebuychips="0" reg_code="8393593347"/>
<player seat="3" name="HTNTN" chips="1,190" dealer="1" win="0" bet="20" muck="1" rebuy="0" addon="0" merge="0" rebuychips="0" reg_code="8393593344"/>
</players>
</general>
<round no="0"><action no="1" player="HTNTN" type="15" discard="1" dealt="1" sum="5"/>
<action no="2" player="oreiasccp" type="15" sum="5"/>
<action no="3" player="HTNTN" type="1" discard="1" dealt="1" sum="15"/>
<action no="4" player="oreiasccp" type="2" sum="30"/>
</round>
<round no="1"><cards type="Pocket" player="HTNTN">X X</cards>
<cards type="Pocket" player="oreiasccp">HQ C4</cards>
<action no="5" player="HTNTN" type="0" discard="1" dealt="1" sum="0"/>
</round>
</game>
<game gamecode="11538729784"><general><startdate>2025-06-28 11:40:40</startdate>
<round>1</round>
<failsafecounter/>
<players><player seat="3" name="HTNTN" chips="1,170" dealer="0" win="0" bet="65" muck="1" rebuy="0" addon="0" merge="0" rebuychips="0" reg_code="8393593344"/>
<player seat="6" name="oreiasccp" chips="330" dealer="1" win="130" bet="95" muck="1" rebuy="0" addon="0" merge="0" rebuychips="0" reg_code="8393593347"/>
</players>
</general>
<round no="0"><action no="1" player="oreiasccp" type="15" sum="5"/>
<action no="2" player="HTNTN" type="15" discard="1" dealt="1" sum="5"/>
<action no="3" player="oreiasccp" type="1" sum="15"/>
<action no="4" player="HTNTN" type="2" discard="1" dealt="1" sum="30"/>
</round>
<round no="1"><cards type="Pocket" player="oreiasccp">S7 HJ</cards>
<cards type="Pocket" player="HTNTN">X X</cards>
<action no="5" player="oreiasccp" type="23" sum="60"/>
<action no="6" player="HTNTN" type="3" discard="1" dealt="1" sum="30"/>
</round>
<round no="2"><cards type="Flop">CA H7 H6</cards>
<action no="7" player="HTNTN" type="4" discard="1" dealt="1" sum="0"/>
<action no="8" player="oreiasccp" type="5" sum="30"/>
<action no="9" player="HTNTN" type="0" discard="1" dealt="1" sum="0"/>
</round>
</game>
<game gamecode="11538729831"><general><startdate>2025-06-28 11:40:53</startdate>
<round>1</round>
<failsafecounter/>
<players><player seat="6" name="oreiasccp" chips="395" dealer="0" win="0" bet="35" muck="1" rebuy="0" addon="0" merge="0" rebuychips="0" reg_code="8393593347"/>
<player seat="3" name="HTNTN" chips="1,105" dealer="1" win="70" bet="65" muck="1" rebuy="0" addon="0" merge="0" rebuychips="0" reg_code="8393593344"/>
</players>
</general>
<round no="0"><action no="1" player="HTNTN" type="15" discard="1" dealt="1" sum="5"/>
<action no="2" player="oreiasccp" type="15" sum="5"/>
<action no="3" player="HTNTN" type="1" discard="1" dealt="1" sum="15"/>
<action no="4" player="oreiasccp" type="2" sum="30"/>
</round>
<round no="1"><cards type="Pocket" player="oreiasccp">H5 D10</cards>
<cards type="Pocket" player="HTNTN">X X</cards>
<action no="5" player="HTNTN" type="3" discard="1" dealt="1" sum="15"/>
<action no="6" player="oreiasccp" type="4" sum="0"/>
</round>
<round no="2"><cards type="Flop">DK SJ C6</cards>
<action no="7" player="oreiasccp" type="4" sum="0"/>
<action no="8" player="HTNTN" type="5" discard="1" dealt="1" sum="30"/>
<action no="9" player="oreiasccp" type="0" sum="0"/>
</round>
</game>
<game gamecode="11538729885"><general><startdate>2025-06-28 11:41:08</startdate>
<round>1</round>
<failsafecounter/>
<players><player seat="3" name="HTNTN" chips="1,140" dealer="0" win="0" bet="35" muck="1" rebuy="0" addon="0" merge="0" rebuychips="0" reg_code="8393593344"/>
<player seat="6" name="oreiasccp" chips="360" dealer="1" win="70" bet="65" muck="1" rebuy="0" addon="0" merge="0" rebuychips="0" reg_code="8393593347"/>
</players>
</general>
<round no="0"><action no="1" player="oreiasccp" type="15" sum="5"/>
<action no="2" player="HTNTN" type="15" discard="1" dealt="1" sum="5"/>
<action no="3" player="oreiasccp" type="1" sum="15"/>
<action no="4" player="HTNTN" type="2" discard="1" dealt="1" sum="30"/>
</round>
<round no="1"><cards type="Pocket" player="oreiasccp">DJ D2</cards>
<cards type="Pocket" player="HTNTN">X X</cards>
<action no="5" player="oreiasccp" type="3" sum="15"/>
<action no="6" player="HTNTN" type="4" discard="1" dealt="1" sum="0"/>
</round>
<round no="2"><cards type="Flop">S3 CK D9</cards>
<action no="7" player="HTNTN" type="4" discard="1" dealt="1" sum="0"/>
<action no="8" player="oreiasccp" type="5" sum="30"/>
<action no="9" player="HTNTN" type="0" discard="1" dealt="1" sum="0"/>
</round>
</game>
<game gamecode="11538729955"><general><startdate>2025-06-28 11:41:25</startdate>
<round>1</round>
<failsafecounter/>
<players><player seat="6" name="oreiasccp" chips="395" dealer="0" win="0" bet="35" muck="1" rebuy="0" addon="0" merge="0" rebuychips="0" reg_code="8393593347"/>
<player seat="3" name="HTNTN" chips="1,105" dealer="1" win="70" bet="65" muck="1" rebuy="0" addon="0" merge="0" rebuychips="0" reg_code="8393593344"/>
</players>
</general>
<round no="0"><action no="1" player="HTNTN" type="15" discard="1" dealt="1" sum="5"/>
<action no="2" player="oreiasccp" type="15" sum="5"/>
<action no="3" player="HTNTN" type="1" discard="1" dealt="1" sum="15"/>
<action no="4" player="oreiasccp" type="2" sum="30"/>
</round>
<round no="1"><cards type="Pocket" player="oreiasccp">D6 C4</cards>
<cards type="Pocket" player="HTNTN">X X</cards>
<action no="5" player="HTNTN" type="3" discard="1" dealt="1" sum="15"/>
<action no="6" player="oreiasccp" type="4" sum="0"/>
</round>
<round no="2"><cards type="Flop">DA SA HK</cards>
<action no="7" player="oreiasccp" type="4" sum="0"/>
<action no="8" player="HTNTN" type="5" discard="1" dealt="1" sum="30"/>
<action no="9" player="oreiasccp" type="0" sum="0"/>
</round>
</game>
<game gamecode="11538730011"><general><startdate>2025-06-28 11:41:40</startdate>
<round>1</round>
<failsafecounter/>
<players><player seat="3" name="HTNTN" chips="1,140" dealer="0" win="70" bet="1,140" muck="1" rebuy="0" addon="0" merge="0" rebuychips="0" reg_code="8393593344"/>
<player seat="6" name="oreiasccp" chips="360" dealer="1" win="0" bet="35" muck="1" rebuy="0" addon="0" merge="0" rebuychips="0" reg_code="8393593347"/>
</players>
</general>
<round no="0"><action no="1" player="oreiasccp" type="15" sum="5"/>
<action no="2" player="HTNTN" type="15" discard="1" dealt="1" sum="5"/>
<action no="3" player="oreiasccp" type="1" sum="15"/>
<action no="4" player="HTNTN" type="2" discard="1" dealt="1" sum="30"/>
</round>
<round no="1"><cards type="Pocket" player="oreiasccp">D3 D4</cards>
<cards type="Pocket" player="HTNTN">X X</cards>
<action no="5" player="oreiasccp" type="3" sum="15"/>
<action no="6" player="HTNTN" type="23" discard="1" dealt="1" sum="1,135"/>
<action no="7" player="oreiasccp" type="0" sum="0"/>
</round>
</game>
<game gamecode="11538730064"><general><startdate>2025-06-28 11:41:53</startdate>
<round>1</round>
<failsafecounter/>
<players><player seat="6" name="oreiasccp" chips="325" dealer="0" win="130" bet="110" muck="1" rebuy="0" addon="0" merge="0" rebuychips="0" reg_code="8393593347"/>
<player seat="3" name="HTNTN" chips="1,175" dealer="1" win="0" bet="65" muck="1" rebuy="0" addon="0" merge="0" rebuychips="0" reg_code="8393593344"/>
</players>
</general>
<round no="0"><action no="1" player="HTNTN" type="15" discard="1" dealt="1" sum="5"/>
<action no="2" player="oreiasccp" type="15" sum="5"/>
<action no="3" player="HTNTN" type="1" discard="1" dealt="1" sum="15"/>
<action no="4" player="oreiasccp" type="2" sum="30"/>
</round>
<round no="1"><cards type="Pocket" player="HTNTN">X X</cards>
<cards type="Pocket" player="oreiasccp">H10 SQ</cards>
<action no="5" player="HTNTN" type="3" discard="1" dealt="1" sum="15"/>
<action no="6" player="oreiasccp" type="4" sum="0"/>
</round>
<round no="2"><cards type="Flop">DA C3 CQ</cards>
<action no="7" player="oreiasccp" type="4" sum="0"/>
<action no="8" player="HTNTN" type="5" discard="1" dealt="1" sum="30"/>
<action no="9" player="oreiasccp" type="23" sum="75"/>
<action no="10" player="HTNTN" type="0" discard="1" dealt="1" sum="0"/>
</round>
</game>
<game gamecode="11538730129"><general><startdate>2025-06-28 11:42:11</startdate>
<round>1</round>
<failsafecounter/>
<players><player seat="3" name="HTNTN" chips="1,110" dealer="0" win="40" bet="35" muck="1" rebuy="0" addon="0" merge="0" rebuychips="0" reg_code="8393593344"/>
<player seat="6" name="oreiasccp" chips="390" dealer="1" win="0" bet="20" muck="1" rebuy="0" addon="0" merge="0" rebuychips="0" reg_code="8393593347"/>
</players>
</general>
<round no="0"><action no="1" player="oreiasccp" type="15" sum="5"/>
<action no="2" player="HTNTN" type="15" discard="1" dealt="1" sum="5"/>
<action no="3" player="oreiasccp" type="1" sum="15"/>
<action no="4" player="HTNTN" type="2" discard="1" dealt="1" sum="30"/>
</round>
<round no="1"><cards type="Pocket" player="oreiasccp">C4 D6</cards>
<cards type="Pocket" player="HTNTN">X X</cards>
<action no="5" player="oreiasccp" type="0" sum="0"/>
</round>
</game>
<game gamecode="11538730172"><general><startdate>2025-06-28 11:42:18</startdate>
<round>1</round>
<failsafecounter/>
<players><player seat="6" name="oreiasccp" chips="370" dealer="0" win="50" bet="45" muck="1" rebuy="0" addon="0" merge="0" rebuychips="0" reg_code="8393593347"/>
<player seat="3" name="HTNTN" chips="1,130" dealer="1" win="0" bet="25" muck="1" rebuy="0" addon="0" merge="0" rebuychips="0" reg_code="8393593344"/>
</players>
</general>
<round no="0"><action no="1" player="HTNTN" type="15" discard="1" dealt="1" sum="5"/>
<action no="2" player="oreiasccp" type="15" sum="5"/>
<action no="3" player="HTNTN" type="1" discard="1" dealt="1" sum="20"/>
<action no="4" player="oreiasccp" type="2" sum="40"/>
</round>
<round no="1"><cards type="Pocket" player="oreiasccp">S2 HJ</cards>
<cards type="Pocket" player="HTNTN">X X</cards>
<action no="5" player="HTNTN" type="0" discard="1" dealt="1" sum="0"/>
</round>
</game>
<game gamecode="11538730207"><general><startdate>2025-06-28 11:42:25</startdate>
<round>1</round>
<failsafecounter/>
<players><player seat="3" name="HTNTN" chips="1,105" dealer="0" win="50" bet="45" muck="1" rebuy="0" addon="0" merge="0" rebuychips="0" reg_code="8393593344"/>
<player seat="6" name="oreiasccp" chips="395" dealer="1" win="0" bet="25" muck="1" rebuy="0" addon="0" merge="0" rebuychips="0" reg_code="8393593347"/>
</players>
</general>
<round no="0"><action no="1" player="oreiasccp" type="15" sum="5"/>
<action no="2" player="HTNTN" type="15" discard="1" dealt="1" sum="5"/>
<action no="3" player="oreiasccp" type="1" sum="20"/>
<action no="4" player="HTNTN" type="2" discard="1" dealt="1" sum="40"/>
</round>
<round no="1"><cards type="Pocket" player="HTNTN">X X</cards>
<cards type="Pocket" player="oreiasccp">S6 C10</cards>
<action no="5" player="oreiasccp" type="0" sum="0"/>
</round>
</game>
<game gamecode="11538730232"><general><startdate>2025-06-28 11:42:31</startdate>
<round>1</round>
<failsafecounter/>
<players><player seat="6" name="oreiasccp" chips="370" dealer="0" win="0" bet="170" muck="1" rebuy="0" addon="0" merge="0" rebuychips="0" reg_code="8393593347"/>
<player seat="3" name="HTNTN" chips="1,130" dealer="1" win="340" bet="690" muck="1" rebuy="0" addon="0" merge="0" rebuychips="0" reg_code="8393593344"/>
</players>
</general>
<round no="0"><action no="1" player="HTNTN" type="15" discard="1" dealt="1" sum="5"/>
<action no="2" player="oreiasccp" type="15" sum="5"/>
<action no="3" player="HTNTN" type="1" discard="1" dealt="1" sum="20"/>
<action no="4" player="oreiasccp" type="2" sum="40"/>
</round>
<round no="1"><cards type="Pocket" player="HTNTN">X X</cards>
<cards type="Pocket" player="oreiasccp">D9 S7</cards>
<action no="5" player="HTNTN" type="3" discard="1" dealt="1" sum="20"/>
<action no="6" player="oreiasccp" type="4" sum="0"/>
</round>
<round no="2"><cards type="Flop">D3 S4 H7</cards>
<action no="7" player="oreiasccp" type="4" sum="0"/>
<action no="8" player="HTNTN" type="5" discard="1" dealt="1" sum="40"/>
<action no="9" player="oreiasccp" type="3" sum="40"/>
</round>
<round no="3"><cards type="Turn">HJ</cards>
<action no="10" player="oreiasccp" type="4" sum="0"/>
<action no="11" player="HTNTN" type="5" discard="1" dealt="1" sum="85"/>
<action no="12" player="oreiasccp" type="3" sum="85"/>
</round>
<round no="4"><cards type="River">DQ</cards>
<action no="13" player="oreiasccp" type="4" sum="0"/>
<action no="14" player="HTNTN" type="5" discard="1" dealt="1" sum="520"/>
<action no="15" player="oreiasccp" type="0" sum="0"/>
</round>
</game>
<game gamecode="11538730366"><general><startdate>2025-06-28 11:43:02</startdate>
<round>1</round>
<failsafecounter/>
<players><player seat="3" name="HTNTN" chips="1,300" dealer="0" win="0" bet="200" muck="1" rebuy="0" addon="0" merge="0" rebuychips="0" reg_code="8393593344"/>
<player seat="6" name="oreiasccp" chips="200" dealer="1" win="400" bet="200" muck="0" rebuy="0" addon="0" merge="0" rebuychips="0" reg_code="8393593347"/>
</players>
</general>
<round no="0"><action no="1" player="oreiasccp" type="15" sum="5"/>
<action no="2" player="HTNTN" type="15" discard="1" dealt="1" sum="5"/>
<action no="3" player="oreiasccp" type="1" sum="20"/>
<action no="4" player="HTNTN" type="2" discard="1" dealt="1" sum="40"/>
</round>
<round no="1"><cards type="Pocket" player="oreiasccp">DQ S9</cards>
<cards type="Pocket" player="HTNTN">CJ H2</cards>
<action no="5" player="oreiasccp" type="23" sum="195"/>
<action no="6" player="HTNTN" type="3" discard="1" dealt="1" sum="155"/>
</round>
<round no="2"><cards type="Flop">H3 H8 DK</cards>
</round>
<round no="3"><cards type="Turn">S6</cards>
</round>
<round no="4"><cards type="River">D9</cards>
</round>
</game>
<game gamecode="11538735965"><general><startdate>2025-06-28 11:43:18</startdate>
<round>1</round>
<failsafecounter/>
<players><player seat="6" name="oreiasccp" chips="400" dealer="0" win="0" bet="400" muck="1" rebuy="0" addon="0" merge="0" rebuychips="0" reg_code="8393593347"/>
<player seat="3" name="HTNTN" chips="1,100" dealer="1" win="800" bet="965" muck="0" rebuy="0" addon="0" merge="0" rebuychips="0" reg_code="8393593344"/>
</players>
</general>
<round no="0"><action no="1" player="HTNTN" type="15" discard="1" dealt="1" sum="5"/>
<action no="2" player="oreiasccp" type="15" sum="5"/>
<action no="3" player="HTNTN" type="1" discard="1" dealt="1" sum="20"/>
<action no="4" player="oreiasccp" type="2" sum="40"/>
</round>
<round no="1"><cards type="Pocket" player="HTNTN">D8 D6</cards>
<cards type="Pocket" player="oreiasccp">SK C8</cards>
<action no="5" player="HTNTN" type="23" discard="1" dealt="1" sum="960"/>
<action no="6" player="oreiasccp" type="7" sum="355"/>
</round>
<round no="2"><cards type="Flop">S9 CQ SJ</cards>
</round>
<round no="3"><cards type="Turn">S6</cards>
</round>
<round no="4"><cards type="River">H2</cards>
</round>
</game>
</session>
