<?xml version="1.0" encoding="UTF-8"?>
<session sessioncode="8393566976">
<general>
<client_version>25.1.1.13</client_version>
<mode>real</mode>
<gametype>Holdem NL</gametype>
<tablename>Twister €5 SNG, 1128753871</tablename>
<tournamentcode>1128753870</tournamentcode>
<tournamentname>Twister €5 SNG</tournamentname>
<buyin>€0 + €0.35 + €4.65</buyin>
<totalbuyin>€5</totalbuyin>
<rewarddrawn>€10</rewarddrawn>
<tournamentcurrency>EUR</tournamentcurrency>
<currency>EUR</currency>
<nickname>oreiasccp</nickname>
<gamecount>26</gamecount>
<startdate>2025-06-28 10:25:57</startdate>
<place>3</place>
<win>€0</win>
<tablesize>3</tablesize>
</general>
<game gamecode="11538661554"><general><startdate>2025-06-28 10:26:12</startdate>
<round>1</round>
<failsafecounter/>
<players><player seat="3" name="oreiasccp" chips="500" dealer="0" win="20" bet="20" muck="1" rebuy="0" addon="0" merge="0" rebuychips="0" reg_code="8393566976"/>
<player seat="6" name="IceStorM85" chips="500" dealer="1" win="0" bet="0" muck="1" rebuy="0" addon="0" merge="0" rebuychips="0" reg_code="8393566980"/>
<player seat="10" name="Engagingquiet76" chips="500" dealer="0" win="0" bet="10" muck="1" rebuy="0" addon="0" merge="0" rebuychips="0" reg_code="8393567007"/>
</players>
</general>
<round no="0"><action no="1" player="Engagingquiet76" type="1" discard="1" dealt="1" sum="10"/>
<action no="2" player="oreiasccp" type="2" sum="20"/>
</round>
<round no="1"><cards type="Pocket" player="oreiasccp">C3 C5</cards>
<cards type="Pocket" player="Engagingquiet76">X X</cards>
<cards type="Pocket" player="IceStorM85">X X</cards>
<action no="3" player="IceStorM85" type="0" discard="1" dealt="1" sum="0"/>
<action no="4" player="Engagingquiet76" type="0" discard="1" dealt="1" sum="0"/>
</round>
</game>
<game gamecode="11538661590"><general><startdate>2025-06-28 10:26:19</startdate>
<round>1</round>
<failsafecounter/>
<players><player seat="6" name="IceStorM85" chips="500" dealer="0" win="20" bet="20" muck="1" rebuy="0" addon="0" merge="0" rebuychips="0" reg_code="8393566980"/>
<player seat="10" name="Engagingquiet76" chips="490" dealer="1" win="0" bet="0" muck="1" rebuy="0" addon="0" merge="0" rebuychips="0" reg_code="8393567007"/>
<player seat="3" name="oreiasccp" chips="510" dealer="0" win="0" bet="10" muck="1" rebuy="0" addon="0" merge="0" rebuychips="0" reg_code="8393566976"/>
</players>
</general>
<round no="0"><action no="1" player="oreiasccp" type="1" sum="10"/>
<action no="2" player="IceStorM85" type="2" discard="1" dealt="1" sum="20"/>
</round>
<round no="1"><cards type="Pocket" player="Engagingquiet76">X X</cards>
<cards type="Pocket" player="oreiasccp">H9 D4</cards>
<cards type="Pocket" player="IceStorM85">X X</cards>
<action no="3" player="Engagingquiet76" type="0" discard="1" dealt="1" sum="0"/>
<action no="4" player="oreiasccp" type="0" sum="0"/>
</round>
</game>
<game gamecode="11538661617"><general><startdate>2025-06-28 10:26:24</startdate>
<round>1</round>
<failsafecounter/>
<players><player seat="10" name="Engagingquiet76" chips="490" dealer="0" win="0" bet="20" muck="1" rebuy="0" addon="0" merge="0" rebuychips="0" reg_code="8393567007"/>
<player seat="3" name="oreiasccp" chips="500" dealer="1" win="0" bet="40" muck="1" rebuy="0" addon="0" merge="0" rebuychips="0" reg_code="8393566976"/>
<player seat="6" name="IceStorM85" chips="510" dealer="0" win="100" bet="510" muck="1" rebuy="0" addon="0" merge="0" rebuychips="0" reg_code="8393566980"/>
</players>
</general>
<round no="0"><action no="1" player="IceStorM85" type="1" discard="1" dealt="1" sum="10"/>
<action no="2" player="Engagingquiet76" type="2" discard="1" dealt="1" sum="20"/>
</round>
<round no="1"><cards type="Pocket" player="Engagingquiet76">X X</cards>
<cards type="Pocket" player="oreiasccp">S4 HA</cards>
<cards type="Pocket" player="IceStorM85">X X</cards>
<action no="3" player="oreiasccp" type="23" sum="40"/>
<action no="4" player="IceStorM85" type="23" discard="1" dealt="1" sum="510"/>
<action no="5" player="Engagingquiet76" type="0" discard="1" dealt="1" sum="0"/>
<action no="6" player="oreiasccp" type="0" sum="0"/>
</round>
</game>
<game gamecode="11538661677"><general><startdate>2025-06-28 10:26:37</startdate>
<round>1</round>
<failsafecounter/>
<players><player seat="3" name="oreiasccp" chips="460" dealer="0" win="160" bet="218" muck="1" rebuy="0" addon="0" merge="0" rebuychips="0" reg_code="8393566976"/>
<player seat="6" name="IceStorM85" chips="570" dealer="1" win="0" bet="0" muck="1" rebuy="0" addon="0" merge="0" rebuychips="0" reg_code="8393566980"/>
<player seat="10" name="Engagingquiet76" chips="470" dealer="0" win="0" bet="80" muck="1" rebuy="0" addon="0" merge="0" rebuychips="0" reg_code="8393567007"/>
</players>
</general>
<round no="0"><action no="1" player="Engagingquiet76" type="1" discard="1" dealt="1" sum="10"/>
<action no="2" player="oreiasccp" type="2" sum="20"/>
</round>
<round no="1"><cards type="Pocket" player="IceStorM85">X X</cards>
<cards type="Pocket" player="Engagingquiet76">X X</cards>
<cards type="Pocket" player="oreiasccp">C8 D9</cards>
<action no="3" player="IceStorM85" type="0" discard="1" dealt="1" sum="0"/>
<action no="4" player="Engagingquiet76" type="3" discard="1" dealt="1" sum="10"/>
<action no="5" player="oreiasccp" type="4" sum="0"/>
</round>
<round no="2"><cards type="Flop">S10 D6 C4</cards>
<action no="6" player="Engagingquiet76" type="4" discard="1" dealt="1" sum="0"/>
<action no="7" player="oreiasccp" type="4" sum="0"/>
</round>
<round no="3"><cards type="Turn">S7</cards>
<action no="8" player="Engagingquiet76" type="5" discard="1" dealt="1" sum="20"/>
<action no="9" player="oreiasccp" type="23" sum="60"/>
<action no="10" player="Engagingquiet76" type="3" discard="1" dealt="1" sum="40"/>
</round>
<round no="4"><cards type="River">H6</cards>
<action no="11" player="Engagingquiet76" type="4" discard="1" dealt="1" sum="0"/>
<action no="12" player="oreiasccp" type="5" sum="138"/>
<action no="13" player="Engagingquiet76" type="0" discard="1" dealt="1" sum="0"/>
</round>
</game>
<game gamecode="11538661800"><general><startdate>2025-06-28 10:27:05</startdate>
<round>1</round>
<failsafecounter/>
<players><player seat="6" name="IceStorM85" chips="570" dealer="0" win="20" bet="20" muck="1" rebuy="0" addon="0" merge="0" rebuychips="0" reg_code="8393566980"/>
<player seat="10" name="Engagingquiet76" chips="390" dealer="1" win="0" bet="0" muck="1" rebuy="0" addon="0" merge="0" rebuychips="0" reg_code="8393567007"/>
<player seat="3" name="oreiasccp" chips="540" dealer="0" win="0" bet="10" muck="1" rebuy="0" addon="0" merge="0" rebuychips="0" reg_code="8393566976"/>
</players>
</general>
<round no="0"><action no="1" player="oreiasccp" type="1" sum="10"/>
<action no="2" player="IceStorM85" type="2" discard="1" dealt="1" sum="20"/>
</round>
<round no="1"><cards type="Pocket" player="Engagingquiet76">X X</cards>
<cards type="Pocket" player="IceStorM85">X X</cards>
<cards type="Pocket" player="oreiasccp">H5 S3</cards>
<action no="3" player="Engagingquiet76" type="0" discard="1" dealt="1" sum="0"/>
<action no="4" player="oreiasccp" type="0" sum="0"/>
</round>
</game>
<game gamecode="11538661821"><general><startdate>2025-06-28 10:27:11</startdate>
<round>1</round>
<failsafecounter/>
<players><player seat="10" name="Engagingquiet76" chips="390" dealer="0" win="130" bet="100" muck="1" rebuy="0" addon="0" merge="0" rebuychips="0" reg_code="8393567007"/>
<player seat="3" name="oreiasccp" chips="530" dealer="1" win="0" bet="60" muck="1" rebuy="0" addon="0" merge="0" rebuychips="0" reg_code="8393566976"/>
<player seat="6" name="IceStorM85" chips="580" dealer="0" win="0" bet="10" muck="1" rebuy="0" addon="0" merge="0" rebuychips="0" reg_code="8393566980"/>
</players>
</general>
<round no="0"><action no="1" player="IceStorM85" type="1" discard="1" dealt="1" sum="10"/>
<action no="2" player="Engagingquiet76" type="2" discard="1" dealt="1" sum="20"/>
</round>
<round no="1"><cards type="Pocket" player="IceStorM85">X X</cards>
<cards type="Pocket" player="oreiasccp">D3 H3</cards>
<cards type="Pocket" player="Engagingquiet76">X X</cards>
<action no="3" player="oreiasccp" type="23" sum="40"/>
<action no="4" player="IceStorM85" type="0" discard="1" dealt="1" sum="0"/>
<action no="5" player="Engagingquiet76" type="3" discard="1" dealt="1" sum="20"/>
</round>
<round no="2"><cards type="Flop">H2 D5 CQ</cards>
<action no="6" player="Engagingquiet76" type="4" discard="1" dealt="1" sum="0"/>
<action no="7" player="oreiasccp" type="5" sum="20"/>
<action no="8" player="Engagingquiet76" type="3" discard="1" dealt="1" sum="20"/>
</round>
<round no="3"><cards type="Turn">D10</cards>
<action no="9" player="Engagingquiet76" type="4" discard="1" dealt="1" sum="0"/>
<action no="10" player="oreiasccp" type="4" sum="0"/>
</round>
<round no="4"><cards type="River">H9</cards>
<action no="11" player="Engagingquiet76" type="5" discard="1" dealt="1" sum="40"/>
<action no="12" player="oreiasccp" type="0" sum="0"/>
</round>
</game>
<game gamecode="11538661954"><general><startdate>2025-06-28 10:27:40</startdate>
<round>1</round>
<failsafecounter/>
<players><player seat="3" name="oreiasccp" chips="470" dealer="0" win="196" bet="218" muck="1" rebuy="0" addon="0" merge="0" rebuychips="0" reg_code="8393566976"/>
<player seat="6" name="IceStorM85" chips="570" dealer="1" win="0" bet="0" muck="1" rebuy="0" addon="0" merge="0" rebuychips="0" reg_code="8393566980"/>
<player seat="10" name="Engagingquiet76" chips="460" dealer="0" win="0" bet="98" muck="1" rebuy="0" addon="0" merge="0" rebuychips="0" reg_code="8393567007"/>
</players>
</general>
<round no="0"><action no="1" player="Engagingquiet76" type="1" discard="1" dealt="1" sum="10"/>
<action no="2" player="oreiasccp" type="2" sum="20"/>
</round>
<round no="1"><cards type="Pocket" player="oreiasccp">SQ HJ</cards>
<cards type="Pocket" player="Engagingquiet76">X X</cards>
<cards type="Pocket" player="IceStorM85">X X</cards>
<action no="3" player="IceStorM85" type="0" discard="1" dealt="1" sum="0"/>
<action no="4" player="Engagingquiet76" type="3" discard="1" dealt="1" sum="10"/>
<action no="5" player="oreiasccp" type="4" sum="0"/>
</round>
<round no="2"><cards type="Flop">C10 D2 CQ</cards>
<action no="6" player="Engagingquiet76" type="4" discard="1" dealt="1" sum="0"/>
<action no="7" player="oreiasccp" type="5" sum="20"/>
<action no="8" player="Engagingquiet76" type="3" discard="1" dealt="1" sum="20"/>
</round>
<round no="3"><cards type="Turn">S6</cards>
<action no="9" player="Engagingquiet76" type="4" discard="1" dealt="1" sum="0"/>
<action no="10" player="oreiasccp" type="5" sum="58"/>
<action no="11" player="Engagingquiet76" type="3" discard="1" dealt="1" sum="58"/>
</round>
<round no="4"><cards type="River">H9</cards>
<action no="12" player="Engagingquiet76" type="4" discard="1" dealt="1" sum="0"/>
<action no="13" player="oreiasccp" type="5" sum="120"/>
<action no="14" player="Engagingquiet76" type="0" discard="1" dealt="1" sum="0"/>
</round>
</game>
<game gamecode="11538662071"><general><startdate>2025-06-28 10:28:08</startdate>
<round>1</round>
<failsafecounter/>
<players><player seat="6" name="IceStorM85" chips="570" dealer="0" win="0" bet="40" muck="1" rebuy="0" addon="0" merge="0" rebuychips="0" reg_code="8393566980"/>
<player seat="10" name="Engagingquiet76" chips="362" dealer="1" win="90" bet="80" muck="1" rebuy="0" addon="0" merge="0" rebuychips="0" reg_code="8393567007"/>
<player seat="3" name="oreiasccp" chips="568" dealer="0" win="0" bet="10" muck="1" rebuy="0" addon="0" merge="0" rebuychips="0" reg_code="8393566976"/>
</players>
</general>
<round no="0"><action no="1" player="oreiasccp" type="1" sum="10"/>
<action no="2" player="IceStorM85" type="2" discard="1" dealt="1" sum="20"/>
</round>
<round no="1"><cards type="Pocket" player="IceStorM85">X X</cards>
<cards type="Pocket" player="Engagingquiet76">X X</cards>
<cards type="Pocket" player="oreiasccp">SQ H8</cards>
<action no="3" player="Engagingquiet76" type="23" discard="1" dealt="1" sum="40"/>
<action no="4" player="oreiasccp" type="0" sum="0"/>
<action no="5" player="IceStorM85" type="3" discard="1" dealt="1" sum="20"/>
</round>
<round no="2"><cards type="Flop">C8 S8 SA</cards>
<action no="6" player="IceStorM85" type="4" discard="1" dealt="1" sum="0"/>
<action no="7" player="Engagingquiet76" type="5" discard="1" dealt="1" sum="40"/>
<action no="8" player="IceStorM85" type="0" discard="1" dealt="1" sum="0"/>
</round>
</game>
<game gamecode="11538662131"><general><startdate>2025-06-28 10:28:24</startdate>
<round>1</round>
<failsafecounter/>
<players><player seat="10" name="Engagingquiet76" chips="412" dealer="0" win="0" bet="35" muck="1" rebuy="0" addon="0" merge="0" rebuychips="0" reg_code="8393567007"/>
<player seat="3" name="oreiasccp" chips="558" dealer="1" win="0" bet="5" muck="1" rebuy="0" addon="0" merge="0" rebuychips="0" reg_code="8393566976"/>
<player seat="6" name="IceStorM85" chips="530" dealer="0" win="75" bet="65" muck="1" rebuy="0" addon="0" merge="0" rebuychips="0" reg_code="8393566980"/>
</players>
</general>
<round no="0"><action no="1" player="IceStorM85" type="15" discard="1" dealt="1" sum="5"/>
<action no="2" player="Engagingquiet76" type="15" discard="1" dealt="1" sum="5"/>
<action no="3" player="oreiasccp" type="15" sum="5"/>
<action no="4" player="IceStorM85" type="1" discard="1" dealt="1" sum="15"/>
<action no="5" player="Engagingquiet76" type="2" discard="1" dealt="1" sum="30"/>
</round>
<round no="1"><cards type="Pocket" player="oreiasccp">S10 H8</cards>
<cards type="Pocket" player="Engagingquiet76">X X</cards>
<cards type="Pocket" player="IceStorM85">X X</cards>
<action no="6" player="oreiasccp" type="0" sum="0"/>
<action no="7" player="IceStorM85" type="23" discard="1" dealt="1" sum="60"/>
<action no="8" player="Engagingquiet76" type="0" discard="1" dealt="1" sum="0"/>
</round>
</game>
<game gamecode="11538667958"><general><startdate>2025-06-28 10:28:36</startdate>
<round>1</round>
<failsafecounter/>
<players><player seat="3" name="oreiasccp" chips="553" dealer="0" win="0" bet="100" muck="1" rebuy="0" addon="0" merge="0" rebuychips="0" reg_code="8393566976"/>
<player seat="6" name="IceStorM85" chips="570" dealer="1" win="0" bet="5" muck="1" rebuy="0" addon="0" merge="0" rebuychips="0" reg_code="8393566980"/>
<player seat="10" name="Engagingquiet76" chips="377" dealer="0" win="205" bet="100" muck="0" rebuy="0" addon="0" merge="0" rebuychips="0" reg_code="8393567007"/>
</players>
</general>
<round no="0"><action no="1" player="Engagingquiet76" type="15" discard="1" dealt="1" sum="5"/>
<action no="2" player="oreiasccp" type="15" sum="5"/>
<action no="3" player="IceStorM85" type="15" discard="1" dealt="1" sum="5"/>
<action no="4" player="Engagingquiet76" type="1" discard="1" dealt="1" sum="15"/>
<action no="5" player="oreiasccp" type="2" sum="30"/>
</round>
<round no="1"><cards type="Pocket" player="IceStorM85">X X</cards>
<cards type="Pocket" player="oreiasccp">D5 C7</cards>
<cards type="Pocket" player="Engagingquiet76">H10 H5</cards>
<action no="6" player="IceStorM85" type="0" discard="1" dealt="1" sum="0"/>
<action no="7" player="Engagingquiet76" type="3" discard="1" dealt="1" sum="15"/>
<action no="8" player="oreiasccp" type="4" sum="0"/>
</round>
<round no="2"><cards type="Flop">C6 CK DK</cards>
<action no="9" player="Engagingquiet76" type="4" discard="1" dealt="1" sum="0"/>
<action no="10" player="oreiasccp" type="4" sum="0"/>
</round>
<round no="3"><cards type="Turn">S10</cards>
<action no="11" player="Engagingquiet76" type="4" discard="1" dealt="1" sum="0"/>
<action no="12" player="oreiasccp" type="5" sum="65"/>
<action no="13" player="Engagingquiet76" type="3" discard="1" dealt="1" sum="65"/>
</round>
<round no="4"><cards type="River">H3</cards>
<action no="14" player="Engagingquiet76" type="4" discard="1" dealt="1" sum="0"/>
<action no="15" player="oreiasccp" type="4" sum="0"/>
</round>
</game>
<game gamecode="11538668045"><general><startdate>2025-06-28 10:28:59</startdate>
<round>1</round>
<failsafecounter/>
<players><player seat="6" name="IceStorM85" chips="565" dealer="0" win="0" bet="35" muck="1" rebuy="0" addon="0" merge="0" rebuychips="0" reg_code="8393566980"/>
<player seat="10" name="Engagingquiet76" chips="482" dealer="1" win="90" bet="95" muck="1" rebuy="0" addon="0" merge="0" rebuychips="0" reg_code="8393567007"/>
<player seat="3" name="oreiasccp" chips="453" dealer="0" win="0" bet="20" muck="1" rebuy="0" addon="0" merge="0" rebuychips="0" reg_code="8393566976"/>
</players>
</general>
<round no="0"><action no="1" player="oreiasccp" type="15" sum="5"/>
<action no="2" player="IceStorM85" type="15" discard="1" dealt="1" sum="5"/>
<action no="3" player="Engagingquiet76" type="15" discard="1" dealt="1" sum="5"/>
<action no="4" player="oreiasccp" type="1" sum="15"/>
<action no="5" player="IceStorM85" type="2" discard="1" dealt="1" sum="30"/>
</round>
<round no="1"><cards type="Pocket" player="oreiasccp">S3 H2</cards>
<cards type="Pocket" player="IceStorM85">X X</cards>
<cards type="Pocket" player="Engagingquiet76">X X</cards>
<action no="6" player="Engagingquiet76" type="3" discard="1" dealt="1" sum="30"/>
<action no="7" player="oreiasccp" type="0" sum="0"/>
<action no="8" player="IceStorM85" type="4" discard="1" dealt="1" sum="0"/>
</round>
<round no="2"><cards type="Flop">D9 SJ SQ</cards>
<action no="9" player="IceStorM85" type="4" discard="1" dealt="1" sum="0"/>
<action no="10" player="Engagingquiet76" type="5" discard="1" dealt="1" sum="60"/>
<action no="11" player="IceStorM85" type="0" discard="1" dealt="1" sum="0"/>
</round>
</game>
<game gamecode="11538668125"><general><startdate>2025-06-28 10:29:20</startdate>
<round>1</round>
<failsafecounter/>
<players><player seat="10" name="Engagingquiet76" chips="537" dealer="0" win="0" bet="35" muck="1" rebuy="0" addon="0" merge="0" rebuychips="0" reg_code="8393567007"/>
<player seat="3" name="oreiasccp" chips="433" dealer="1" win="90" bet="433" muck="1" rebuy="0" addon="0" merge="0" rebuychips="0" reg_code="8393566976"/>
<player seat="6" name="IceStorM85" chips="530" dealer="0" win="0" bet="20" muck="1" rebuy="0" addon="0" merge="0" rebuychips="0" reg_code="8393566980"/>
</players>
</general>
<round no="0"><action no="1" player="IceStorM85" type="15" discard="1" dealt="1" sum="5"/>
<action no="2" player="Engagingquiet76" type="15" discard="1" dealt="1" sum="5"/>
<action no="3" player="oreiasccp" type="15" sum="5"/>
<action no="4" player="IceStorM85" type="1" discard="1" dealt="1" sum="15"/>
<action no="5" player="Engagingquiet76" type="2" discard="1" dealt="1" sum="30"/>
</round>
<round no="1"><cards type="Pocket" player="IceStorM85">X X</cards>
<cards type="Pocket" player="Engagingquiet76">X X</cards>
<cards type="Pocket" player="oreiasccp">D8 HA</cards>
<action no="6" player="oreiasccp" type="23" sum="428"/>
<action no="7" player="IceStorM85" type="0" discard="1" dealt="1" sum="0"/>
<action no="8" player="Engagingquiet76" type="0" discard="1" dealt="1" sum="0"/>
</round>
</game>
<game gamecode="11538668160"><general><startdate>2025-06-28 10:29:29</startdate>
<round>1</round>
<failsafecounter/>
<players><player seat="3" name="oreiasccp" chips="488" dealer="0" win="75" bet="488" muck="1" rebuy="0" addon="0" merge="0" rebuychips="0" reg_code="8393566976"/>
<player seat="6" name="IceStorM85" chips="510" dealer="1" win="0" bet="5" muck="1" rebuy="0" addon="0" merge="0" rebuychips="0" reg_code="8393566980"/>
<player seat="10" name="Engagingquiet76" chips="502" dealer="0" win="0" bet="35" muck="1" rebuy="0" addon="0" merge="0" rebuychips="0" reg_code="8393567007"/>
</players>
</general>
<round no="0"><action no="1" player="Engagingquiet76" type="15" discard="1" dealt="1" sum="5"/>
<action no="2" player="oreiasccp" type="15" sum="5"/>
<action no="3" player="IceStorM85" type="15" discard="1" dealt="1" sum="5"/>
<action no="4" player="Engagingquiet76" type="1" discard="1" dealt="1" sum="15"/>
<action no="5" player="oreiasccp" type="2" sum="30"/>
</round>
<round no="1"><cards type="Pocket" player="IceStorM85">X X</cards>
<cards type="Pocket" player="oreiasccp">SA HJ</cards>
<cards type="Pocket" player="Engagingquiet76">X X</cards>
<action no="6" player="IceStorM85" type="0" discard="1" dealt="1" sum="0"/>
<action no="7" player="Engagingquiet76" type="3" discard="1" dealt="1" sum="15"/>
<action no="8" player="oreiasccp" type="23" sum="483"/>
<action no="9" player="Engagingquiet76" type="0" discard="1" dealt="1" sum="0"/>
</round>
</game>
<game gamecode="11538668211"><general><startdate>2025-06-28 10:29:43</startdate>
<round>1</round>
<failsafecounter/>
<players><player seat="6" name="IceStorM85" chips="505" dealer="0" win="0" bet="35" muck="1" rebuy="0" addon="0" merge="0" rebuychips="0" reg_code="8393566980"/>
<player seat="10" name="Engagingquiet76" chips="467" dealer="1" win="105" bet="125" muck="1" rebuy="0" addon="0" merge="0" rebuychips="0" reg_code="8393567007"/>
<player seat="3" name="oreiasccp" chips="528" dealer="0" win="0" bet="35" muck="1" rebuy="0" addon="0" merge="0" rebuychips="0" reg_code="8393566976"/>
</players>
</general>
<round no="0"><action no="1" player="oreiasccp" type="15" sum="5"/>
<action no="2" player="IceStorM85" type="15" discard="1" dealt="1" sum="5"/>
<action no="3" player="Engagingquiet76" type="15" discard="1" dealt="1" sum="5"/>
<action no="4" player="oreiasccp" type="1" sum="15"/>
<action no="5" player="IceStorM85" type="2" discard="1" dealt="1" sum="30"/>
</round>
<round no="1"><cards type="Pocket" player="oreiasccp">H8 C9</cards>
<cards type="Pocket" player="IceStorM85">X X</cards>
<cards type="Pocket" player="Engagingquiet76">X X</cards>
<action no="6" player="Engagingquiet76" type="3" discard="1" dealt="1" sum="30"/>
<action no="7" player="oreiasccp" type="3" sum="15"/>
<action no="8" player="IceStorM85" type="4" discard="1" dealt="1" sum="0"/>
</round>
<round no="2"><cards type="Flop">CQ CK C6</cards>
<action no="9" player="oreiasccp" type="4" sum="0"/>
<action no="10" player="IceStorM85" type="4" discard="1" dealt="1" sum="0"/>
<action no="11" player="Engagingquiet76" type="4" discard="1" dealt="1" sum="0"/>
</round>
<round no="3"><cards type="Turn">HA</cards>
<action no="12" player="oreiasccp" type="4" sum="0"/>
<action no="13" player="IceStorM85" type="4" discard="1" dealt="1" sum="0"/>
<action no="14" player="Engagingquiet76" type="4" discard="1" dealt="1" sum="0"/>
</round>
<round no="4"><cards type="River">C4</cards>
<action no="15" player="oreiasccp" type="4" sum="0"/>
<action no="16" player="IceStorM85" type="4" discard="1" dealt="1" sum="0"/>
<action no="17" player="Engagingquiet76" type="5" discard="1" dealt="1" sum="90"/>
<action no="18" player="oreiasccp" type="0" sum="0"/>
<action no="19" player="IceStorM85" type="0" discard="1" dealt="1" sum="0"/>
</round>
</game>
<game gamecode="11538668332"><general><startdate>2025-06-28 10:30:16</startdate>
<round>1</round>
<failsafecounter/>
<players><player seat="10" name="Engagingquiet76" chips="537" dealer="0" win="55" bet="45" muck="1" rebuy="0" addon="0" merge="0" rebuychips="0" reg_code="8393567007"/>
<player seat="3" name="oreiasccp" chips="493" dealer="1" win="0" bet="5" muck="1" rebuy="0" addon="0" merge="0" rebuychips="0" reg_code="8393566976"/>
<player seat="6" name="IceStorM85" chips="470" dealer="0" win="0" bet="25" muck="1" rebuy="0" addon="0" merge="0" rebuychips="0" reg_code="8393566980"/>
</players>
</general>
<round no="0"><action no="1" player="IceStorM85" type="15" discard="1" dealt="1" sum="5"/>
<action no="2" player="Engagingquiet76" type="15" discard="1" dealt="1" sum="5"/>
<action no="3" player="oreiasccp" type="15" sum="5"/>
<action no="4" player="IceStorM85" type="1" discard="1" dealt="1" sum="20"/>
<action no="5" player="Engagingquiet76" type="2" discard="1" dealt="1" sum="40"/>
</round>
<round no="1"><cards type="Pocket" player="oreiasccp">HJ D9</cards>
<cards type="Pocket" player="IceStorM85">X X</cards>
<cards type="Pocket" player="Engagingquiet76">X X</cards>
<action no="6" player="oreiasccp" type="0" sum="0"/>
<action no="7" player="IceStorM85" type="0" discard="1" dealt="1" sum="0"/>
</round>
</game>
<game gamecode="11538668370"><general><startdate>2025-06-28 10:30:23</startdate>
<round>1</round>
<failsafecounter/>
<players><player seat="3" name="oreiasccp" chips="488" dealer="0" win="0" bet="140" muck="1" rebuy="0" addon="0" merge="0" rebuychips="0" reg_code="8393566976"/>
<player seat="6" name="IceStorM85" chips="445" dealer="1" win="0" bet="5" muck="1" rebuy="0" addon="0" merge="0" rebuychips="0" reg_code="8393566980"/>
<player seat="10" name="Engagingquiet76" chips="567" dealer="0" win="285" bet="140" muck="0" rebuy="0" addon="0" merge="0" rebuychips="0" reg_code="8393567007"/>
</players>
</general>
<round no="0"><action no="1" player="Engagingquiet76" type="15" discard="1" dealt="1" sum="5"/>
<action no="2" player="oreiasccp" type="15" sum="5"/>
<action no="3" player="IceStorM85" type="15" discard="1" dealt="1" sum="5"/>
<action no="4" player="Engagingquiet76" type="1" discard="1" dealt="1" sum="20"/>
<action no="5" player="oreiasccp" type="2" sum="40"/>
</round>
<round no="1"><cards type="Pocket" player="IceStorM85">X X</cards>
<cards type="Pocket" player="oreiasccp">D5 H4</cards>
<cards type="Pocket" player="Engagingquiet76">CJ H5</cards>
<action no="6" player="IceStorM85" type="0" discard="1" dealt="1" sum="0"/>
<action no="7" player="Engagingquiet76" type="3" discard="1" dealt="1" sum="20"/>
<action no="8" player="oreiasccp" type="4" sum="0"/>
</round>
<round no="2"><cards type="Flop">D8 C6 DJ</cards>
<action no="9" player="Engagingquiet76" type="4" discard="1" dealt="1" sum="0"/>
<action no="10" player="oreiasccp" type="4" sum="0"/>
</round>
<round no="3"><cards type="Turn">SJ</cards>
<action no="11" player="Engagingquiet76" type="4" discard="1" dealt="1" sum="0"/>
<action no="12" player="oreiasccp" type="5" sum="95"/>
<action no="13" player="Engagingquiet76" type="3" discard="1" dealt="1" sum="95"/>
</round>
<round no="4"><cards type="River">HQ</cards>
<action no="14" player="Engagingquiet76" type="4" discard="1" dealt="1" sum="0"/>
<action no="15" player="oreiasccp" type="4" sum="0"/>
</round>
</game>
<game gamecode="11538668452"><general><startdate>2025-06-28 10:30:43</startdate>
<round>1</round>
<failsafecounter/>
<players><player seat="6" name="IceStorM85" chips="440" dealer="0" win="55" bet="45" muck="1" rebuy="0" addon="0" merge="0" rebuychips="0" reg_code="8393566980"/>
<player seat="10" name="Engagingquiet76" chips="712" dealer="1" win="0" bet="5" muck="1" rebuy="0" addon="0" merge="0" rebuychips="0" reg_code="8393567007"/>
<player seat="3" name="oreiasccp" chips="348" dealer="0" win="0" bet="25" muck="1" rebuy="0" addon="0" merge="0" rebuychips="0" reg_code="8393566976"/>
</players>
</general>
<round no="0"><action no="1" player="oreiasccp" type="15" sum="5"/>
<action no="2" player="IceStorM85" type="15" discard="1" dealt="1" sum="5"/>
<action no="3" player="Engagingquiet76" type="15" discard="1" dealt="1" sum="5"/>
<action no="4" player="oreiasccp" type="1" sum="20"/>
<action no="5" player="IceStorM85" type="2" discard="1" dealt="1" sum="40"/>
</round>
<round no="1"><cards type="Pocket" player="Engagingquiet76">X X</cards>
<cards type="Pocket" player="oreiasccp">H10 C4</cards>
<cards type="Pocket" player="IceStorM85">X X</cards>
<action no="6" player="Engagingquiet76" type="0" discard="1" dealt="1" sum="0"/>
<action no="7" player="oreiasccp" type="0" sum="0"/>
</round>
</game>
<game gamecode="11538668490"><general><startdate>2025-06-28 10:30:52</startdate>
<round>1</round>
<failsafecounter/>
<players><player seat="10" name="Engagingquiet76" chips="707" dealer="0" win="0" bet="45" muck="1" rebuy="0" addon="0" merge="0" rebuychips="0" reg_code="8393567007"/>
<player seat="3" name="oreiasccp" chips="323" dealer="1" win="0" bet="5" muck="1" rebuy="0" addon="0" merge="0" rebuychips="0" reg_code="8393566976"/>
<player seat="6" name="IceStorM85" chips="470" dealer="0" win="95" bet="470" muck="1" rebuy="0" addon="0" merge="0" rebuychips="0" reg_code="8393566980"/>
</players>
</general>
<round no="0"><action no="1" player="IceStorM85" type="15" discard="1" dealt="1" sum="5"/>
<action no="2" player="Engagingquiet76" type="15" discard="1" dealt="1" sum="5"/>
<action no="3" player="oreiasccp" type="15" sum="5"/>
<action no="4" player="IceStorM85" type="1" discard="1" dealt="1" sum="20"/>
<action no="5" player="Engagingquiet76" type="2" discard="1" dealt="1" sum="40"/>
</round>
<round no="1"><cards type="Pocket" player="Engagingquiet76">X X</cards>
<cards type="Pocket" player="oreiasccp">S2 D8</cards>
<cards type="Pocket" player="IceStorM85">X X</cards>
<action no="6" player="oreiasccp" type="0" sum="0"/>
<action no="7" player="IceStorM85" type="23" discard="1" dealt="1" sum="465"/>
<action no="8" player="Engagingquiet76" type="0" discard="1" dealt="1" sum="0"/>
</round>
</game>
<game gamecode="11538668533"><general><startdate>2025-06-28 10:31:01</startdate>
<round>1</round>
<failsafecounter/>
<players><player seat="3" name="oreiasccp" chips="318" dealer="0" win="55" bet="45" muck="1" rebuy="0" addon="0" merge="0" rebuychips="0" reg_code="8393566976"/>
<player seat="6" name="IceStorM85" chips="520" dealer="1" win="0" bet="5" muck="1" rebuy="0" addon="0" merge="0" rebuychips="0" reg_code="8393566980"/>
<player seat="10" name="Engagingquiet76" chips="662" dealer="0" win="0" bet="25" muck="1" rebuy="0" addon="0" merge="0" rebuychips="0" reg_code="8393567007"/>
</players>
</general>
<round no="0"><action no="1" player="Engagingquiet76" type="15" discard="1" dealt="1" sum="5"/>
<action no="2" player="oreiasccp" type="15" sum="5"/>
<action no="3" player="IceStorM85" type="15" discard="1" dealt="1" sum="5"/>
<action no="4" player="Engagingquiet76" type="1" discard="1" dealt="1" sum="20"/>
<action no="5" player="oreiasccp" type="2" sum="40"/>
</round>
<round no="1"><cards type="Pocket" player="oreiasccp">H9 C7</cards>
<cards type="Pocket" player="IceStorM85">X X</cards>
<cards type="Pocket" player="Engagingquiet76">X X</cards>
<action no="6" player="IceStorM85" type="0" discard="1" dealt="1" sum="0"/>
<action no="7" player="Engagingquiet76" type="0" discard="1" dealt="1" sum="0"/>
</round>
</game>
<game gamecode="11538668558"><general><startdate>2025-06-28 10:31:08</startdate>
<round>1</round>
<failsafecounter/>
<players><player seat="6" name="IceStorM85" chips="515" dealer="0" win="0" bet="45" muck="1" rebuy="0" addon="0" merge="0" rebuychips="0" reg_code="8393566980"/>
<player seat="10" name="Engagingquiet76" chips="637" dealer="1" win="0" bet="5" muck="1" rebuy="0" addon="0" merge="0" rebuychips="0" reg_code="8393567007"/>
<player seat="3" name="oreiasccp" chips="348" dealer="0" win="95" bet="348" muck="1" rebuy="0" addon="0" merge="0" rebuychips="0" reg_code="8393566976"/>
</players>
</general>
<round no="0"><action no="1" player="oreiasccp" type="15" sum="5"/>
<action no="2" player="IceStorM85" type="15" discard="1" dealt="1" sum="5"/>
<action no="3" player="Engagingquiet76" type="15" discard="1" dealt="1" sum="5"/>
<action no="4" player="oreiasccp" type="1" sum="20"/>
<action no="5" player="IceStorM85" type="2" discard="1" dealt="1" sum="40"/>
</round>
<round no="1"><cards type="Pocket" player="IceStorM85">X X</cards>
<cards type="Pocket" player="Engagingquiet76">X X</cards>
<cards type="Pocket" player="oreiasccp">DQ D10</cards>
<action no="6" player="Engagingquiet76" type="0" discard="1" dealt="1" sum="0"/>
<action no="7" player="oreiasccp" type="23" sum="343"/>
<action no="8" player="IceStorM85" type="0" discard="1" dealt="1" sum="0"/>
</round>
</game>
<game gamecode="11538668602"><general><startdate>2025-06-28 10:31:19</startdate>
<round>1</round>
<failsafecounter/>
<players><player seat="10" name="Engagingquiet76" chips="632" dealer="0" win="0" bet="45" muck="1" rebuy="0" addon="0" merge="0" rebuychips="0" reg_code="8393567007"/>
<player seat="3" name="oreiasccp" chips="398" dealer="1" win="0" bet="5" muck="1" rebuy="0" addon="0" merge="0" rebuychips="0" reg_code="8393566976"/>
<player seat="6" name="IceStorM85" chips="470" dealer="0" win="95" bet="470" muck="1" rebuy="0" addon="0" merge="0" rebuychips="0" reg_code="8393566980"/>
</players>
</general>
<round no="0"><action no="1" player="IceStorM85" type="15" discard="1" dealt="1" sum="5"/>
<action no="2" player="Engagingquiet76" type="15" discard="1" dealt="1" sum="5"/>
<action no="3" player="oreiasccp" type="15" sum="5"/>
<action no="4" player="IceStorM85" type="1" discard="1" dealt="1" sum="20"/>
<action no="5" player="Engagingquiet76" type="2" discard="1" dealt="1" sum="40"/>
</round>
<round no="1"><cards type="Pocket" player="Engagingquiet76">X X</cards>
<cards type="Pocket" player="oreiasccp">D8 C4</cards>
<cards type="Pocket" player="IceStorM85">X X</cards>
<action no="6" player="oreiasccp" type="0" sum="0"/>
<action no="7" player="IceStorM85" type="23" discard="1" dealt="1" sum="465"/>
<action no="8" player="Engagingquiet76" type="0" discard="1" dealt="1" sum="0"/>
</round>
</game>
<game gamecode="11538668638"><general><startdate>2025-06-28 10:31:27</startdate>
<round>1</round>
<failsafecounter/>
<players><player seat="3" name="oreiasccp" chips="393" dealer="0" win="95" bet="393" muck="1" rebuy="0" addon="0" merge="0" rebuychips="0" reg_code="8393566976"/>
<player seat="6" name="IceStorM85" chips="520" dealer="1" win="0" bet="5" muck="1" rebuy="0" addon="0" merge="0" rebuychips="0" reg_code="8393566980"/>
<player seat="10" name="Engagingquiet76" chips="587" dealer="0" win="0" bet="45" muck="1" rebuy="0" addon="0" merge="0" rebuychips="0" reg_code="8393567007"/>
</players>
</general>
<round no="0"><action no="1" player="Engagingquiet76" type="15" discard="1" dealt="1" sum="5"/>
<action no="2" player="oreiasccp" type="15" sum="5"/>
<action no="3" player="IceStorM85" type="15" discard="1" dealt="1" sum="5"/>
<action no="4" player="Engagingquiet76" type="1" discard="1" dealt="1" sum="20"/>
<action no="5" player="oreiasccp" type="2" sum="40"/>
</round>
<round no="1"><cards type="Pocket" player="Engagingquiet76">X X</cards>
<cards type="Pocket" player="IceStorM85">X X</cards>
<cards type="Pocket" player="oreiasccp">DA SJ</cards>
<action no="6" player="IceStorM85" type="0" discard="1" dealt="1" sum="0"/>
<action no="7" player="Engagingquiet76" type="3" discard="1" dealt="1" sum="20"/>
<action no="8" player="oreiasccp" type="23" sum="388"/>
<action no="9" player="Engagingquiet76" type="0" discard="1" dealt="1" sum="0"/>
</round>
</game>
<game gamecode="11538668684"><general><startdate>2025-06-28 10:31:38</startdate>
<round>1</round>
<failsafecounter/>
<players><player seat="6" name="IceStorM85" chips="515" dealer="0" win="0" bet="45" muck="1" rebuy="0" addon="0" merge="0" rebuychips="0" reg_code="8393566980"/>
<player seat="10" name="Engagingquiet76" chips="542" dealer="1" win="0" bet="45" muck="1" rebuy="0" addon="0" merge="0" rebuychips="0" reg_code="8393567007"/>
<player seat="3" name="oreiasccp" chips="443" dealer="0" win="135" bet="443" muck="1" rebuy="0" addon="0" merge="0" rebuychips="0" reg_code="8393566976"/>
</players>
</general>
<round no="0"><action no="1" player="oreiasccp" type="15" sum="5"/>
<action no="2" player="IceStorM85" type="15" discard="1" dealt="1" sum="5"/>
<action no="3" player="Engagingquiet76" type="15" discard="1" dealt="1" sum="5"/>
<action no="4" player="oreiasccp" type="1" sum="20"/>
<action no="5" player="IceStorM85" type="2" discard="1" dealt="1" sum="40"/>
</round>
<round no="1"><cards type="Pocket" player="IceStorM85">X X</cards>
<cards type="Pocket" player="oreiasccp">S4 DK</cards>
<cards type="Pocket" player="Engagingquiet76">X X</cards>
<action no="6" player="Engagingquiet76" type="3" discard="1" dealt="1" sum="40"/>
<action no="7" player="oreiasccp" type="23" sum="438"/>
<action no="8" player="IceStorM85" type="0" discard="1" dealt="1" sum="0"/>
<action no="9" player="Engagingquiet76" type="0" discard="1" dealt="1" sum="0"/>
</round>
</game>
<game gamecode="11538668734"><general><startdate>2025-06-28 10:31:51</startdate>
<round>1</round>
<failsafecounter/>
<players><player seat="10" name="Engagingquiet76" chips="497" dealer="0" win="0" bet="142" muck="1" rebuy="0" addon="0" merge="0" rebuychips="0" reg_code="8393567007"/>
<player seat="3" name="oreiasccp" chips="533" dealer="1" win="0" bet="5" muck="1" rebuy="0" addon="0" merge="0" rebuychips="0" reg_code="8393566976"/>
<player seat="6" name="IceStorM85" chips="470" dealer="0" win="289" bet="470" muck="1" rebuy="0" addon="0" merge="0" rebuychips="0" reg_code="8393566980"/>
</players>
</general>
<round no="0"><action no="1" player="IceStorM85" type="15" discard="1" dealt="1" sum="5"/>
<action no="2" player="Engagingquiet76" type="15" discard="1" dealt="1" sum="5"/>
<action no="3" player="oreiasccp" type="15" sum="5"/>
<action no="4" player="IceStorM85" type="1" discard="1" dealt="1" sum="20"/>
<action no="5" player="Engagingquiet76" type="2" discard="1" dealt="1" sum="40"/>
</round>
<round no="1"><cards type="Pocket" player="IceStorM85">X X</cards>
<cards type="Pocket" player="oreiasccp">C2 C10</cards>
<cards type="Pocket" player="Engagingquiet76">X X</cards>
<action no="6" player="oreiasccp" type="0" sum="0"/>
<action no="7" player="IceStorM85" type="23" discard="1" dealt="1" sum="80"/>
<action no="8" player="Engagingquiet76" type="3" discard="1" dealt="1" sum="40"/>
</round>
<round no="2"><cards type="Flop">S9 CK D6</cards>
<action no="9" player="IceStorM85" type="5" discard="1" dealt="1" sum="57"/>
<action no="10" player="Engagingquiet76" type="3" discard="1" dealt="1" sum="57"/>
</round>
<round no="3"><cards type="Turn">SQ</cards>
<action no="11" player="IceStorM85" type="5" discard="1" dealt="1" sum="328"/>
<action no="12" player="Engagingquiet76" type="0" discard="1" dealt="1" sum="0"/>
</round>
</game>
<game gamecode="11538668853"><general><startdate>2025-06-28 10:32:19</startdate>
<round>1</round>
<failsafecounter/>
<players><player seat="3" name="oreiasccp" chips="528" dealer="0" win="0" bet="65" muck="1" rebuy="0" addon="0" merge="0" rebuychips="0" reg_code="8393566976"/>
<player seat="6" name="IceStorM85" chips="617" dealer="1" win="0" bet="5" muck="1" rebuy="0" addon="0" merge="0" rebuychips="0" reg_code="8393566980"/>
<player seat="10" name="Engagingquiet76" chips="355" dealer="0" win="135" bet="155" muck="1" rebuy="0" addon="0" merge="0" rebuychips="0" reg_code="8393567007"/>
</players>
</general>
<round no="0"><action no="1" player="Engagingquiet76" type="15" discard="1" dealt="1" sum="5"/>
<action no="2" player="oreiasccp" type="15" sum="5"/>
<action no="3" player="IceStorM85" type="15" discard="1" dealt="1" sum="5"/>
<action no="4" player="Engagingquiet76" type="1" discard="1" dealt="1" sum="30"/>
<action no="5" player="oreiasccp" type="2" sum="60"/>
</round>
<round no="1"><cards type="Pocket" player="Engagingquiet76">X X</cards>
<cards type="Pocket" player="oreiasccp">H2 D8</cards>
<cards type="Pocket" player="IceStorM85">X X</cards>
<action no="6" player="IceStorM85" type="0" discard="1" dealt="1" sum="0"/>
<action no="7" player="Engagingquiet76" type="23" discard="1" dealt="1" sum="150"/>
<action no="8" player="oreiasccp" type="0" sum="0"/>
</round>
</game>
<game gamecode="11538668901"><general><startdate>2025-06-28 10:32:32</startdate>
<round>1</round>
<failsafecounter/>
<players><player seat="6" name="IceStorM85" chips="612" dealer="0" win="931" bet="463" muck="0" rebuy="0" addon="0" merge="0" rebuychips="0" reg_code="8393566980"/>
<player seat="10" name="Engagingquiet76" chips="425" dealer="1" win="0" bet="5" muck="1" rebuy="0" addon="0" merge="0" rebuychips="0" reg_code="8393567007"/>
<player seat="3" name="oreiasccp" chips="463" dealer="0" win="0" bet="463" muck="0" rebuy="0" addon="0" merge="0" rebuychips="0" reg_code="8393566976"/>
</players>
</general>
<round no="0"><action no="1" player="oreiasccp" type="15" sum="5"/>
<action no="2" player="IceStorM85" type="15" discard="1" dealt="1" sum="5"/>
<action no="3" player="Engagingquiet76" type="15" discard="1" dealt="1" sum="5"/>
<action no="4" player="oreiasccp" type="1" sum="30"/>
<action no="5" player="IceStorM85" type="2" discard="1" dealt="1" sum="60"/>
</round>
<round no="1"><cards type="Pocket" player="IceStorM85">CA C2</cards>
<cards type="Pocket" player="Engagingquiet76">X X</cards>
<cards type="Pocket" player="oreiasccp">DQ S10</cards>
<action no="6" player="Engagingquiet76" type="0" discard="1" dealt="1" sum="0"/>
<action no="7" player="oreiasccp" type="23" sum="458"/>
<action no="8" player="IceStorM85" type="3" discard="1" dealt="1" sum="398"/>
</round>
<round no="2"><cards type="Flop">C5 HK SA</cards>
</round>
<round no="3"><cards type="Turn">HQ</cards>
</round>
<round no="4"><cards type="River">H7</cards>
</round>
</game>
</session>
