<?xml version="1.0" encoding="UTF-8"?>
<session sessioncode="8393569056">
<general>
<client_version>25.1.1.13</client_version>
<mode>real</mode>
<gametype>Holdem NL</gametype>
<tablename>Twister €5 SNG, 1128754189</tablename>
<tournamentcode>1128754188</tournamentcode>
<tournamentname>Twister €5 SNG</tournamentname>
<buyin>€0 + €0.35 + €4.65</buyin>
<totalbuyin>€5</totalbuyin>
<rewarddrawn>€10</rewarddrawn>
<tournamentcurrency>EUR</tournamentcurrency>
<currency>EUR</currency>
<nickname>oreiasccp</nickname>
<gamecount>20</gamecount>
<startdate>2025-06-28 10:32:05</startdate>
<place>1</place>
<win>€10</win>
<tablesize>3</tablesize>
</general>
<game gamecode="11538668857"><general><startdate>2025-06-28 10:32:20</startdate>
<round>1</round>
<failsafecounter/>
<players><player seat="3" name="d0nsamag0n" chips="500" dealer="0" win="0" bet="40" muck="1" rebuy="0" addon="0" merge="0" rebuychips="0" reg_code="8393568745"/>
<player seat="6" name="oreiasccp" chips="500" dealer="1" win="0" bet="0" muck="1" rebuy="0" addon="0" merge="0" rebuychips="0" reg_code="8393569056"/>
<player seat="10" name="HTNTN" chips="500" dealer="0" win="80" bet="95" muck="1" rebuy="0" addon="0" merge="0" rebuychips="0" reg_code="8393569092"/>
</players>
</general>
<round no="0"><action no="1" player="HTNTN" type="1" discard="1" dealt="1" sum="10"/>
<action no="2" player="d0nsamag0n" type="2" discard="1" dealt="1" sum="20"/>
</round>
<round no="1"><cards type="Pocket" player="d0nsamag0n">X X</cards>
<cards type="Pocket" player="HTNTN">X X</cards>
<cards type="Pocket" player="oreiasccp">S10 D5</cards>
<action no="3" player="oreiasccp" type="0" sum="0"/>
<action no="4" player="HTNTN" type="3" discard="1" dealt="1" sum="10"/>
<action no="5" player="d0nsamag0n" type="4" discard="1" dealt="1" sum="0"/>
</round>
<round no="2"><cards type="Flop">H8 S2 S7</cards>
<action no="6" player="HTNTN" type="5" discard="1" dealt="1" sum="20"/>
<action no="7" player="d0nsamag0n" type="3" discard="1" dealt="1" sum="20"/>
</round>
<round no="3"><cards type="Turn">HA</cards>
<action no="8" player="HTNTN" type="5" discard="1" dealt="1" sum="55"/>
<action no="9" player="d0nsamag0n" type="0" discard="1" dealt="1" sum="0"/>
</round>
</game>
<game gamecode="11538669032"><general><startdate>2025-06-28 10:33:05</startdate>
<round>1</round>
<failsafecounter/>
<players><player seat="6" name="oreiasccp" chips="500" dealer="0" win="20" bet="20" muck="1" rebuy="0" addon="0" merge="0" rebuychips="0" reg_code="8393569056"/>
<player seat="10" name="HTNTN" chips="540" dealer="1" win="0" bet="0" muck="1" rebuy="0" addon="0" merge="0" rebuychips="0" reg_code="8393569092"/>
<player seat="3" name="d0nsamag0n" chips="460" dealer="0" win="0" bet="10" muck="1" rebuy="0" addon="0" merge="0" rebuychips="0" reg_code="8393568745"/>
</players>
</general>
<round no="0"><action no="1" player="d0nsamag0n" type="1" discard="1" dealt="1" sum="10"/>
<action no="2" player="oreiasccp" type="2" sum="20"/>
</round>
<round no="1"><cards type="Pocket" player="HTNTN">X X</cards>
<cards type="Pocket" player="oreiasccp">HJ C4</cards>
<cards type="Pocket" player="d0nsamag0n">X X</cards>
<action no="3" player="HTNTN" type="0" discard="1" dealt="1" sum="0"/>
<action no="4" player="d0nsamag0n" type="0" discard="1" dealt="1" sum="0"/>
</round>
</game>
<game gamecode="11538669072"><general><startdate>2025-06-28 10:33:14</startdate>
<round>1</round>
<failsafecounter/>
<players><player seat="10" name="HTNTN" chips="540" dealer="0" win="0" bet="140" muck="1" rebuy="0" addon="0" merge="0" rebuychips="0" reg_code="8393569092"/>
<player seat="3" name="d0nsamag0n" chips="450" dealer="1" win="0" bet="0" muck="1" rebuy="0" addon="0" merge="0" rebuychips="0" reg_code="8393568745"/>
<player seat="6" name="oreiasccp" chips="510" dealer="0" win="280" bet="140" muck="0" rebuy="0" addon="0" merge="0" rebuychips="0" reg_code="8393569056"/>
</players>
</general>
<round no="0"><action no="1" player="oreiasccp" type="1" sum="10"/>
<action no="2" player="HTNTN" type="2" discard="1" dealt="1" sum="20"/>
</round>
<round no="1"><cards type="Pocket" player="HTNTN">DK S6</cards>
<cards type="Pocket" player="oreiasccp">HQ C5</cards>
<cards type="Pocket" player="d0nsamag0n">X X</cards>
<action no="3" player="d0nsamag0n" type="0" discard="1" dealt="1" sum="0"/>
<action no="4" player="oreiasccp" type="23" sum="40"/>
<action no="5" player="HTNTN" type="3" discard="1" dealt="1" sum="20"/>
</round>
<round no="2"><cards type="Flop">SA D5 DA</cards>
<action no="6" player="oreiasccp" type="5" sum="20"/>
<action no="7" player="HTNTN" type="3" discard="1" dealt="1" sum="20"/>
</round>
<round no="3"><cards type="Turn">D8</cards>
<action no="8" player="oreiasccp" type="4" sum="0"/>
<action no="9" player="HTNTN" type="5" discard="1" dealt="1" sum="80"/>
<action no="10" player="oreiasccp" type="3" sum="80"/>
</round>
<round no="4"><cards type="River">S10</cards>
<action no="11" player="oreiasccp" type="4" sum="0"/>
<action no="12" player="HTNTN" type="4" discard="1" dealt="1" sum="0"/>
</round>
</game>
<game gamecode="11538669216"><general><startdate>2025-06-28 10:33:45</startdate>
<round>1</round>
<failsafecounter/>
<players><player seat="3" name="d0nsamag0n" chips="450" dealer="0" win="0" bet="450" muck="0" rebuy="0" addon="0" merge="0" rebuychips="0" reg_code="8393568745"/>
<player seat="6" name="oreiasccp" chips="650" dealer="1" win="0" bet="0" muck="1" rebuy="0" addon="0" merge="0" rebuychips="0" reg_code="8393569056"/>
<player seat="10" name="HTNTN" chips="400" dealer="0" win="800" bet="400" muck="0" rebuy="0" addon="0" merge="0" rebuychips="0" reg_code="8393569092"/>
</players>
</general>
<round no="0"><action no="1" player="HTNTN" type="1" discard="1" dealt="1" sum="10"/>
<action no="2" player="d0nsamag0n" type="2" discard="1" dealt="1" sum="20"/>
</round>
<round no="1"><cards type="Pocket" player="oreiasccp">HQ D5</cards>
<cards type="Pocket" player="HTNTN">H5 HA</cards>
<cards type="Pocket" player="d0nsamag0n">CQ SQ</cards>
<action no="3" player="oreiasccp" type="0" sum="0"/>
<action no="4" player="HTNTN" type="23" discard="1" dealt="1" sum="50"/>
<action no="5" player="d0nsamag0n" type="23" discard="1" dealt="1" sum="450"/>
<action no="6" player="HTNTN" type="7" discard="1" dealt="1" sum="350"/>
</round>
<round no="2"><cards type="Flop">C4 DJ S3</cards>
</round>
<round no="3"><cards type="Turn">H6</cards>
</round>
<round no="4"><cards type="River">DA</cards>
</round>
</game>
<game gamecode="11538669311"><general><startdate>2025-06-28 10:34:06</startdate>
<round>1</round>
<failsafecounter/>
<players><player seat="6" name="oreiasccp" chips="650" dealer="0" win="20" bet="20" muck="1" rebuy="0" addon="0" merge="0" rebuychips="0" reg_code="8393569056"/>
<player seat="10" name="HTNTN" chips="800" dealer="1" win="0" bet="0" muck="1" rebuy="0" addon="0" merge="0" rebuychips="0" reg_code="8393569092"/>
<player seat="3" name="d0nsamag0n" chips="50" dealer="0" win="0" bet="10" muck="1" rebuy="0" addon="0" merge="0" rebuychips="0" reg_code="8393568745"/>
</players>
</general>
<round no="0"><action no="1" player="d0nsamag0n" type="1" discard="1" dealt="1" sum="10"/>
<action no="2" player="oreiasccp" type="2" sum="20"/>
</round>
<round no="1"><cards type="Pocket" player="d0nsamag0n">X X</cards>
<cards type="Pocket" player="HTNTN">X X</cards>
<cards type="Pocket" player="oreiasccp">CJ D3</cards>
<action no="3" player="HTNTN" type="0" discard="1" dealt="1" sum="0"/>
<action no="4" player="d0nsamag0n" type="0" discard="1" dealt="1" sum="0"/>
</round>
</game>
<game gamecode="11538669354"><general><startdate>2025-06-28 10:34:16</startdate>
<round>1</round>
<failsafecounter/>
<players><player seat="10" name="HTNTN" chips="800" dealer="0" win="0" bet="40" muck="1" rebuy="0" addon="0" merge="0" rebuychips="0" reg_code="8393569092"/>
<player seat="3" name="d0nsamag0n" chips="40" dealer="1" win="0" bet="0" muck="1" rebuy="0" addon="0" merge="0" rebuychips="0" reg_code="8393568745"/>
<player seat="6" name="oreiasccp" chips="660" dealer="0" win="80" bet="60" muck="1" rebuy="0" addon="0" merge="0" rebuychips="0" reg_code="8393569056"/>
</players>
</general>
<round no="0"><action no="1" player="oreiasccp" type="1" sum="10"/>
<action no="2" player="HTNTN" type="2" discard="1" dealt="1" sum="20"/>
</round>
<round no="1"><cards type="Pocket" player="d0nsamag0n">X X</cards>
<cards type="Pocket" player="HTNTN">X X</cards>
<cards type="Pocket" player="oreiasccp">C9 S8</cards>
<action no="3" player="d0nsamag0n" type="0" discard="1" dealt="1" sum="0"/>
<action no="4" player="oreiasccp" type="23" sum="40"/>
<action no="5" player="HTNTN" type="3" discard="1" dealt="1" sum="20"/>
</round>
<round no="2"><cards type="Flop">CK D2 D7</cards>
<action no="6" player="oreiasccp" type="5" sum="20"/>
<action no="7" player="HTNTN" type="0" discard="1" dealt="1" sum="0"/>
</round>
</game>
<game gamecode="11538669440"><general><startdate>2025-06-28 10:34:37</startdate>
<round>1</round>
<failsafecounter/>
<players><player seat="3" name="d0nsamag0n" chips="40" dealer="0" win="0" bet="40" muck="0" rebuy="0" addon="0" merge="0" rebuychips="0" reg_code="8393568745"/>
<player seat="6" name="oreiasccp" chips="700" dealer="1" win="0" bet="5" muck="1" rebuy="0" addon="0" merge="0" rebuychips="0" reg_code="8393569056"/>
<player seat="10" name="HTNTN" chips="760" dealer="0" win="85" bet="185" muck="0" rebuy="0" addon="0" merge="0" rebuychips="0" reg_code="8393569092"/>
</players>
</general>
<round no="0"><action no="1" player="HTNTN" type="15" discard="1" dealt="1" sum="5"/>
<action no="2" player="d0nsamag0n" type="15" discard="1" dealt="1" sum="5"/>
<action no="3" player="oreiasccp" type="15" sum="5"/>
<action no="4" player="HTNTN" type="1" discard="1" dealt="1" sum="15"/>
<action no="5" player="d0nsamag0n" type="2" discard="1" dealt="1" sum="30"/>
</round>
<round no="1"><cards type="Pocket" player="d0nsamag0n">C3 C8</cards>
<cards type="Pocket" player="oreiasccp">S4 HK</cards>
<cards type="Pocket" player="HTNTN">S10 D10</cards>
<action no="6" player="oreiasccp" type="0" sum="0"/>
<action no="7" player="HTNTN" type="23" discard="1" dealt="1" sum="180"/>
<action no="8" player="d0nsamag0n" type="7" discard="1" dealt="1" sum="5"/>
</round>
<round no="2"><cards type="Flop">C5 H5 S9</cards>
</round>
<round no="3"><cards type="Turn">HA</cards>
</round>
<round no="4"><cards type="River">D8</cards>
</round>
</game>
<game gamecode="11538669542"><general><startdate>2025-06-28 10:34:59</startdate>
<round>1</round>
<failsafecounter/>
<players><player seat="6" name="oreiasccp" chips="695" dealer="0" win="250" bet="215" muck="1" rebuy="0" addon="0" merge="0" rebuychips="0" reg_code="8393569056"/>
<player seat="10" name="HTNTN" chips="805" dealer="1" win="0" bet="125" muck="1" rebuy="0" addon="0" merge="0" rebuychips="0" reg_code="8393569092"/>
</players>
</general>
<round no="0"><action no="1" player="HTNTN" type="15" discard="1" dealt="1" sum="5"/>
<action no="2" player="oreiasccp" type="15" sum="5"/>
<action no="3" player="HTNTN" type="1" discard="1" dealt="1" sum="15"/>
<action no="4" player="oreiasccp" type="2" sum="30"/>
</round>
<round no="1"><cards type="Pocket" player="oreiasccp">H3 H4</cards>
<cards type="Pocket" player="HTNTN">X X</cards>
<action no="5" player="HTNTN" type="3" discard="1" dealt="1" sum="15"/>
<action no="6" player="oreiasccp" type="4" sum="0"/>
</round>
<round no="2"><cards type="Flop">H2 H9 C7</cards>
<action no="7" player="oreiasccp" type="4" sum="0"/>
<action no="8" player="HTNTN" type="5" discard="1" dealt="1" sum="30"/>
<action no="9" player="oreiasccp" type="23" sum="90"/>
<action no="10" player="HTNTN" type="3" discard="1" dealt="1" sum="60"/>
</round>
<round no="3"><cards type="Turn">S2</cards>
<action no="11" player="oreiasccp" type="5" sum="90"/>
<action no="12" player="HTNTN" type="0" discard="1" dealt="1" sum="0"/>
</round>
</game>
<game gamecode="11538674741"><general><startdate>2025-06-28 10:35:37</startdate>
<round>1</round>
<failsafecounter/>
<players><player seat="10" name="HTNTN" chips="680" dealer="0" win="0" bet="35" muck="1" rebuy="0" addon="0" merge="0" rebuychips="0" reg_code="8393569092"/>
<player seat="6" name="oreiasccp" chips="820" dealer="1" win="70" bet="65" muck="1" rebuy="0" addon="0" merge="0" rebuychips="0" reg_code="8393569056"/>
</players>
</general>
<round no="0"><action no="1" player="oreiasccp" type="15" sum="5"/>
<action no="2" player="HTNTN" type="15" discard="1" dealt="1" sum="5"/>
<action no="3" player="oreiasccp" type="1" sum="15"/>
<action no="4" player="HTNTN" type="2" discard="1" dealt="1" sum="30"/>
</round>
<round no="1"><cards type="Pocket" player="HTNTN">X X</cards>
<cards type="Pocket" player="oreiasccp">DK D6</cards>
<action no="5" player="oreiasccp" type="3" sum="15"/>
<action no="6" player="HTNTN" type="4" discard="1" dealt="1" sum="0"/>
</round>
<round no="2"><cards type="Flop">CA H3 H10</cards>
<action no="7" player="HTNTN" type="4" discard="1" dealt="1" sum="0"/>
<action no="8" player="oreiasccp" type="5" sum="30"/>
<action no="9" player="HTNTN" type="0" discard="1" dealt="1" sum="0"/>
</round>
</game>
<game gamecode="11538674875"><general><startdate>2025-06-28 10:35:59</startdate>
<round>1</round>
<failsafecounter/>
<players><player seat="6" name="oreiasccp" chips="855" dealer="0" win="0" bet="35" muck="1" rebuy="0" addon="0" merge="0" rebuychips="0" reg_code="8393569056"/>
<player seat="10" name="HTNTN" chips="645" dealer="1" win="70" bet="65" muck="1" rebuy="0" addon="0" merge="0" rebuychips="0" reg_code="8393569092"/>
</players>
</general>
<round no="0"><action no="1" player="HTNTN" type="15" discard="1" dealt="1" sum="5"/>
<action no="2" player="oreiasccp" type="15" sum="5"/>
<action no="3" player="HTNTN" type="1" discard="1" dealt="1" sum="15"/>
<action no="4" player="oreiasccp" type="2" sum="30"/>
</round>
<round no="1"><cards type="Pocket" player="oreiasccp">DK S8</cards>
<cards type="Pocket" player="HTNTN">X X</cards>
<action no="5" player="HTNTN" type="3" discard="1" dealt="1" sum="15"/>
<action no="6" player="oreiasccp" type="4" sum="0"/>
</round>
<round no="2"><cards type="Flop">H7 DJ C6</cards>
<action no="7" player="oreiasccp" type="4" sum="0"/>
<action no="8" player="HTNTN" type="5" discard="1" dealt="1" sum="30"/>
<action no="9" player="oreiasccp" type="0" sum="0"/>
</round>
</game>
<game gamecode="11538674974"><general><startdate>2025-06-28 10:36:19</startdate>
<round>1</round>
<failsafecounter/>
<players><player seat="10" name="HTNTN" chips="680" dealer="0" win="0" bet="85" muck="1" rebuy="0" addon="0" merge="0" rebuychips="0" reg_code="8393569092"/>
<player seat="6" name="oreiasccp" chips="820" dealer="1" win="170" bet="146" muck="1" rebuy="0" addon="0" merge="0" rebuychips="0" reg_code="8393569056"/>
</players>
</general>
<round no="0"><action no="1" player="oreiasccp" type="15" sum="5"/>
<action no="2" player="HTNTN" type="15" discard="1" dealt="1" sum="5"/>
<action no="3" player="oreiasccp" type="1" sum="20"/>
<action no="4" player="HTNTN" type="2" discard="1" dealt="1" sum="40"/>
</round>
<round no="1"><cards type="Pocket" player="HTNTN">X X</cards>
<cards type="Pocket" player="oreiasccp">SK D6</cards>
<action no="5" player="oreiasccp" type="23" sum="80"/>
<action no="6" player="HTNTN" type="3" discard="1" dealt="1" sum="40"/>
</round>
<round no="2"><cards type="Flop">C8 H4 C4</cards>
<action no="7" player="HTNTN" type="4" discard="1" dealt="1" sum="0"/>
<action no="8" player="oreiasccp" type="5" sum="61"/>
<action no="9" player="HTNTN" type="0" discard="1" dealt="1" sum="0"/>
</round>
</game>
<game gamecode="11538675054"><general><startdate>2025-06-28 10:36:35</startdate>
<round>1</round>
<failsafecounter/>
<players><player seat="6" name="oreiasccp" chips="905" dealer="0" win="50" bet="45" muck="1" rebuy="0" addon="0" merge="0" rebuychips="0" reg_code="8393569056"/>
<player seat="10" name="HTNTN" chips="595" dealer="1" win="0" bet="25" muck="1" rebuy="0" addon="0" merge="0" rebuychips="0" reg_code="8393569092"/>
</players>
</general>
<round no="0"><action no="1" player="HTNTN" type="15" discard="1" dealt="1" sum="5"/>
<action no="2" player="oreiasccp" type="15" sum="5"/>
<action no="3" player="HTNTN" type="1" discard="1" dealt="1" sum="20"/>
<action no="4" player="oreiasccp" type="2" sum="40"/>
</round>
<round no="1"><cards type="Pocket" player="oreiasccp">D7 S8</cards>
<cards type="Pocket" player="HTNTN">X X</cards>
<action no="5" player="HTNTN" type="0" discard="1" dealt="1" sum="0"/>
</round>
</game>
<game gamecode="11538675122"><general><startdate>2025-06-28 10:36:50</startdate>
<round>1</round>
<failsafecounter/>
<players><player seat="10" name="HTNTN" chips="570" dealer="0" win="250" bet="125" muck="0" rebuy="0" addon="0" merge="0" rebuychips="0" reg_code="8393569092"/>
<player seat="6" name="oreiasccp" chips="930" dealer="1" win="0" bet="125" muck="1" rebuy="0" addon="0" merge="0" rebuychips="0" reg_code="8393569056"/>
</players>
</general>
<round no="0"><action no="1" player="oreiasccp" type="15" sum="5"/>
<action no="2" player="HTNTN" type="15" discard="1" dealt="1" sum="5"/>
<action no="3" player="oreiasccp" type="1" sum="20"/>
<action no="4" player="HTNTN" type="2" discard="1" dealt="1" sum="40"/>
</round>
<round no="1"><cards type="Pocket" player="oreiasccp">SQ C2</cards>
<cards type="Pocket" player="HTNTN">HQ S7</cards>
<action no="5" player="oreiasccp" type="23" sum="80"/>
<action no="6" player="HTNTN" type="3" discard="1" dealt="1" sum="40"/>
</round>
<round no="2"><cards type="Flop">S10 SA H6</cards>
<action no="7" player="HTNTN" type="4" discard="1" dealt="1" sum="0"/>
<action no="8" player="oreiasccp" type="5" sum="40"/>
<action no="9" player="HTNTN" type="3" discard="1" dealt="1" sum="40"/>
</round>
<round no="3"><cards type="Turn">S4</cards>
<action no="10" player="HTNTN" type="4" discard="1" dealt="1" sum="0"/>
<action no="11" player="oreiasccp" type="4" sum="0"/>
</round>
<round no="4"><cards type="River">DJ</cards>
<action no="12" player="HTNTN" type="4" discard="1" dealt="1" sum="0"/>
<action no="13" player="oreiasccp" type="4" sum="0"/>
</round>
</game>
<game gamecode="11538675282"><general><startdate>2025-06-28 10:37:24</startdate>
<round>1</round>
<failsafecounter/>
<players><player seat="6" name="oreiasccp" chips="805" dealer="0" win="50" bet="45" muck="1" rebuy="0" addon="0" merge="0" rebuychips="0" reg_code="8393569056"/>
<player seat="10" name="HTNTN" chips="695" dealer="1" win="0" bet="25" muck="1" rebuy="0" addon="0" merge="0" rebuychips="0" reg_code="8393569092"/>
</players>
</general>
<round no="0"><action no="1" player="HTNTN" type="15" discard="1" dealt="1" sum="5"/>
<action no="2" player="oreiasccp" type="15" sum="5"/>
<action no="3" player="HTNTN" type="1" discard="1" dealt="1" sum="20"/>
<action no="4" player="oreiasccp" type="2" sum="40"/>
</round>
<round no="1"><cards type="Pocket" player="HTNTN">X X</cards>
<cards type="Pocket" player="oreiasccp">D5 C9</cards>
<action no="5" player="HTNTN" type="0" discard="1" dealt="1" sum="0"/>
</round>
</game>
<game gamecode="11538675341"><general><startdate>2025-06-28 10:37:37</startdate>
<round>1</round>
<failsafecounter/>
<players><player seat="10" name="HTNTN" chips="670" dealer="0" win="0" bet="45" muck="1" rebuy="0" addon="0" merge="0" rebuychips="0" reg_code="8393569092"/>
<player seat="6" name="oreiasccp" chips="830" dealer="1" win="90" bet="85" muck="1" rebuy="0" addon="0" merge="0" rebuychips="0" reg_code="8393569056"/>
</players>
</general>
<round no="0"><action no="1" player="oreiasccp" type="15" sum="5"/>
<action no="2" player="HTNTN" type="15" discard="1" dealt="1" sum="5"/>
<action no="3" player="oreiasccp" type="1" sum="20"/>
<action no="4" player="HTNTN" type="2" discard="1" dealt="1" sum="40"/>
</round>
<round no="1"><cards type="Pocket" player="HTNTN">X X</cards>
<cards type="Pocket" player="oreiasccp">DA HJ</cards>
<action no="5" player="oreiasccp" type="23" sum="80"/>
<action no="6" player="HTNTN" type="0" discard="1" dealt="1" sum="0"/>
</round>
</game>
<game gamecode="11538675381"><general><startdate>2025-06-28 10:37:45</startdate>
<round>1</round>
<failsafecounter/>
<players><player seat="6" name="oreiasccp" chips="875" dealer="0" win="170" bet="85" muck="0" rebuy="0" addon="0" merge="0" rebuychips="0" reg_code="8393569056"/>
<player seat="10" name="HTNTN" chips="625" dealer="1" win="0" bet="85" muck="1" rebuy="0" addon="0" merge="0" rebuychips="0" reg_code="8393569092"/>
</players>
</general>
<round no="0"><action no="1" player="HTNTN" type="15" discard="1" dealt="1" sum="5"/>
<action no="2" player="oreiasccp" type="15" sum="5"/>
<action no="3" player="HTNTN" type="1" discard="1" dealt="1" sum="20"/>
<action no="4" player="oreiasccp" type="2" sum="40"/>
</round>
<round no="1"><cards type="Pocket" player="oreiasccp">SJ D2</cards>
<cards type="Pocket" player="HTNTN">C7 H10</cards>
<action no="5" player="HTNTN" type="3" discard="1" dealt="1" sum="20"/>
<action no="6" player="oreiasccp" type="4" sum="0"/>
</round>
<round no="2"><cards type="Flop">C9 H2 CQ</cards>
<action no="7" player="oreiasccp" type="4" sum="0"/>
<action no="8" player="HTNTN" type="5" discard="1" dealt="1" sum="40"/>
<action no="9" player="oreiasccp" type="3" sum="40"/>
</round>
<round no="3"><cards type="Turn">HA</cards>
<action no="10" player="oreiasccp" type="4" sum="0"/>
<action no="11" player="HTNTN" type="4" discard="1" dealt="1" sum="0"/>
</round>
<round no="4"><cards type="River">D5</cards>
<action no="12" player="oreiasccp" type="4" sum="0"/>
<action no="13" player="HTNTN" type="4" discard="1" dealt="1" sum="0"/>
</round>
</game>
<game gamecode="11538675557"><general><startdate>2025-06-28 10:38:21</startdate>
<round>1</round>
<failsafecounter/>
<players><player seat="10" name="HTNTN" chips="540" dealer="0" win="130" bet="185" muck="1" rebuy="0" addon="0" merge="0" rebuychips="0" reg_code="8393569092"/>
<player seat="6" name="oreiasccp" chips="960" dealer="1" win="0" bet="65" muck="1" rebuy="0" addon="0" merge="0" rebuychips="0" reg_code="8393569056"/>
</players>
</general>
<round no="0"><action no="1" player="oreiasccp" type="15" sum="5"/>
<action no="2" player="HTNTN" type="15" discard="1" dealt="1" sum="5"/>
<action no="3" player="oreiasccp" type="1" sum="30"/>
<action no="4" player="HTNTN" type="2" discard="1" dealt="1" sum="60"/>
</round>
<round no="1"><cards type="Pocket" player="HTNTN">X X</cards>
<cards type="Pocket" player="oreiasccp">DA D6</cards>
<action no="5" player="oreiasccp" type="3" sum="30"/>
<action no="6" player="HTNTN" type="4" discard="1" dealt="1" sum="0"/>
</round>
<round no="2"><cards type="Flop">S10 S8 H4</cards>
<action no="7" player="HTNTN" type="4" discard="1" dealt="1" sum="0"/>
<action no="8" player="oreiasccp" type="4" sum="0"/>
</round>
<round no="3"><cards type="Turn">S2</cards>
<action no="9" player="HTNTN" type="4" discard="1" dealt="1" sum="0"/>
<action no="10" player="oreiasccp" type="4" sum="0"/>
</round>
<round no="4"><cards type="River">SK</cards>
<action no="11" player="HTNTN" type="5" discard="1" dealt="1" sum="120"/>
<action no="12" player="oreiasccp" type="0" sum="0"/>
</round>
</game>
<game gamecode="11538675679"><general><startdate>2025-06-28 10:38:47</startdate>
<round>1</round>
<failsafecounter/>
<players><player seat="6" name="oreiasccp" chips="895" dealer="0" win="130" bet="605" muck="1" rebuy="0" addon="0" merge="0" rebuychips="0" reg_code="8393569056"/>
<player seat="10" name="HTNTN" chips="605" dealer="1" win="0" bet="65" muck="1" rebuy="0" addon="0" merge="0" rebuychips="0" reg_code="8393569092"/>
</players>
</general>
<round no="0"><action no="1" player="HTNTN" type="15" discard="1" dealt="1" sum="5"/>
<action no="2" player="oreiasccp" type="15" sum="5"/>
<action no="3" player="HTNTN" type="1" discard="1" dealt="1" sum="30"/>
<action no="4" player="oreiasccp" type="2" sum="60"/>
</round>
<round no="1"><cards type="Pocket" player="oreiasccp">SA C3</cards>
<cards type="Pocket" player="HTNTN">X X</cards>
<action no="5" player="HTNTN" type="3" discard="1" dealt="1" sum="30"/>
<action no="6" player="oreiasccp" type="23" sum="600"/>
<action no="7" player="HTNTN" type="0" discard="1" dealt="1" sum="0"/>
</round>
</game>
<game gamecode="11538675745"><general><startdate>2025-06-28 10:39:01</startdate>
<round>1</round>
<failsafecounter/>
<players><player seat="10" name="HTNTN" chips="540" dealer="0" win="0" bet="65" muck="1" rebuy="0" addon="0" merge="0" rebuychips="0" reg_code="8393569092"/>
<player seat="6" name="oreiasccp" chips="960" dealer="1" win="130" bet="540" muck="1" rebuy="0" addon="0" merge="0" rebuychips="0" reg_code="8393569056"/>
</players>
</general>
<round no="0"><action no="1" player="oreiasccp" type="15" sum="5"/>
<action no="2" player="HTNTN" type="15" discard="1" dealt="1" sum="5"/>
<action no="3" player="oreiasccp" type="1" sum="30"/>
<action no="4" player="HTNTN" type="2" discard="1" dealt="1" sum="60"/>
</round>
<round no="1"><cards type="Pocket" player="HTNTN">X X</cards>
<cards type="Pocket" player="oreiasccp">S4 HA</cards>
<action no="5" player="oreiasccp" type="23" sum="535"/>
<action no="6" player="HTNTN" type="0" discard="1" dealt="1" sum="0"/>
</round>
</game>
<game gamecode="11538675783"><general><startdate>2025-06-28 10:39:10</startdate>
<round>1</round>
<failsafecounter/>
<players><player seat="6" name="oreiasccp" chips="1,025" dealer="0" win="950" bet="475" muck="0" rebuy="0" addon="0" merge="0" rebuychips="0" reg_code="8393569056"/>
<player seat="10" name="HTNTN" chips="475" dealer="1" win="0" bet="475" muck="0" rebuy="0" addon="0" merge="0" rebuychips="0" reg_code="8393569092"/>
</players>
</general>
<round no="0"><action no="1" player="HTNTN" type="15" discard="1" dealt="1" sum="5"/>
<action no="2" player="oreiasccp" type="15" sum="5"/>
<action no="3" player="HTNTN" type="1" discard="1" dealt="1" sum="30"/>
<action no="4" player="oreiasccp" type="2" sum="60"/>
</round>
<round no="1"><cards type="Pocket" player="oreiasccp">CQ HK</cards>
<cards type="Pocket" player="HTNTN">C10 CJ</cards>
<action no="5" player="HTNTN" type="23" discard="1" dealt="1" sum="470"/>
<action no="6" player="oreiasccp" type="3" sum="410"/>
</round>
<round no="2"><cards type="Flop">C5 D5 D3</cards>
</round>
<round no="3"><cards type="Turn">S8</cards>
</round>
<round no="4"><cards type="River">C2</cards>
</round>
</game>
</session>
