<?xml version="1.0" encoding="UTF-8"?>
<session sessioncode="8393565642">
<general>
<client_version>25.1.1.13</client_version>
<mode>real</mode>
<gametype>Holdem NL</gametype>
<tablename>Twister €5 SNG, 1128753610</tablename>
<tournamentcode>1128753609</tournamentcode>
<tournamentname>Twister €5 SNG</tournamentname>
<buyin>€0 + €0.35 + €4.65</buyin>
<totalbuyin>€5</totalbuyin>
<rewarddrawn>€10</rewarddrawn>
<tournamentcurrency>EUR</tournamentcurrency>
<currency>EUR</currency>
<nickname>oreiasccp</nickname>
<gamecount>13</gamecount>
<startdate>2025-06-28 10:22:14</startdate>
<place>1</place>
<win>€10</win>
<tablesize>3</tablesize>
</general>
<game gamecode="11538660594"><general><startdate>2025-06-28 10:22:29</startdate>
<round>1</round>
<failsafecounter/>
<players><player seat="6" name="oreiasccp" chips="500" dealer="0" win="0" bet="40" muck="1" rebuy="0" addon="0" merge="0" rebuychips="0" reg_code="8393565642"/>
<player seat="10" name="DimiAA" chips="500" dealer="1" win="0" bet="0" muck="1" rebuy="0" addon="0" merge="0" rebuychips="0" reg_code="8393565683"/>
<player seat="3" name="desrius" chips="500" dealer="0" win="80" bet="120" muck="1" rebuy="0" addon="0" merge="0" rebuychips="0" reg_code="8393565494"/>
</players>
</general>
<round no="0"><action no="1" player="desrius" type="1" discard="1" dealt="1" sum="10"/>
<action no="2" player="oreiasccp" type="2" sum="20"/>
</round>
<round no="1"><cards type="Pocket" player="oreiasccp">C5 D3</cards>
<cards type="Pocket" player="DimiAA">X X</cards>
<cards type="Pocket" player="desrius">X X</cards>
<action no="3" player="DimiAA" type="0" discard="1" dealt="1" sum="0"/>
<action no="4" player="desrius" type="23" discard="1" dealt="1" sum="40"/>
<action no="5" player="oreiasccp" type="3" sum="20"/>
</round>
<round no="2"><cards type="Flop">S10 DJ C7</cards>
<action no="6" player="desrius" type="5" discard="1" dealt="1" sum="80"/>
<action no="7" player="oreiasccp" type="0" sum="0"/>
</round>
</game>
<game gamecode="11538660707"><general><startdate>2025-06-28 10:22:59</startdate>
<round>1</round>
<failsafecounter/>
<players><player seat="10" name="DimiAA" chips="500" dealer="0" win="0" bet="20" muck="1" rebuy="0" addon="0" merge="0" rebuychips="0" reg_code="8393565683"/>
<player seat="3" name="desrius" chips="540" dealer="1" win="50" bet="60" muck="1" rebuy="0" addon="0" merge="0" rebuychips="0" reg_code="8393565494"/>
<player seat="6" name="oreiasccp" chips="460" dealer="0" win="0" bet="10" muck="1" rebuy="0" addon="0" merge="0" rebuychips="0" reg_code="8393565642"/>
</players>
</general>
<round no="0"><action no="1" player="oreiasccp" type="1" sum="10"/>
<action no="2" player="DimiAA" type="2" discard="1" dealt="1" sum="20"/>
</round>
<round no="1"><cards type="Pocket" player="oreiasccp">H2 C4</cards>
<cards type="Pocket" player="desrius">X X</cards>
<cards type="Pocket" player="DimiAA">X X</cards>
<action no="3" player="desrius" type="23" discard="1" dealt="1" sum="60"/>
<action no="4" player="oreiasccp" type="0" sum="0"/>
<action no="5" player="DimiAA" type="0" discard="1" dealt="1" sum="0"/>
</round>
</game>
<game gamecode="11538660752"><general><startdate>2025-06-28 10:23:09</startdate>
<round>1</round>
<failsafecounter/>
<players><player seat="3" name="desrius" chips="570" dealer="0" win="0" bet="60" muck="1" rebuy="0" addon="0" merge="0" rebuychips="0" reg_code="8393565494"/>
<player seat="6" name="oreiasccp" chips="450" dealer="1" win="0" bet="0" muck="1" rebuy="0" addon="0" merge="0" rebuychips="0" reg_code="8393565642"/>
<player seat="10" name="DimiAA" chips="480" dealer="0" win="120" bet="160" muck="1" rebuy="0" addon="0" merge="0" rebuychips="0" reg_code="8393565683"/>
</players>
</general>
<round no="0"><action no="1" player="DimiAA" type="1" discard="1" dealt="1" sum="10"/>
<action no="2" player="desrius" type="2" discard="1" dealt="1" sum="20"/>
</round>
<round no="1"><cards type="Pocket" player="DimiAA">X X</cards>
<cards type="Pocket" player="oreiasccp">H10 C6</cards>
<cards type="Pocket" player="desrius">X X</cards>
<action no="3" player="oreiasccp" type="0" sum="0"/>
<action no="4" player="DimiAA" type="23" discard="1" dealt="1" sum="60"/>
<action no="5" player="desrius" type="3" discard="1" dealt="1" sum="40"/>
</round>
<round no="2"><cards type="Flop">H3 SA HK</cards>
<action no="6" player="DimiAA" type="5" discard="1" dealt="1" sum="100"/>
<action no="7" player="desrius" type="0" discard="1" dealt="1" sum="0"/>
</round>
</game>
<game gamecode="11538660845"><general><startdate>2025-06-28 10:23:30</startdate>
<round>1</round>
<failsafecounter/>
<players><player seat="6" name="oreiasccp" chips="450" dealer="0" win="0" bet="40" muck="1" rebuy="0" addon="0" merge="0" rebuychips="0" reg_code="8393565642"/>
<player seat="10" name="DimiAA" chips="540" dealer="1" win="0" bet="0" muck="1" rebuy="0" addon="0" merge="0" rebuychips="0" reg_code="8393565683"/>
<player seat="3" name="desrius" chips="510" dealer="0" win="80" bet="120" muck="1" rebuy="0" addon="0" merge="0" rebuychips="0" reg_code="8393565494"/>
</players>
</general>
<round no="0"><action no="1" player="desrius" type="1" discard="1" dealt="1" sum="10"/>
<action no="2" player="oreiasccp" type="2" sum="20"/>
</round>
<round no="1"><cards type="Pocket" player="DimiAA">X X</cards>
<cards type="Pocket" player="oreiasccp">C3 C8</cards>
<cards type="Pocket" player="desrius">X X</cards>
<action no="3" player="DimiAA" type="0" discard="1" dealt="1" sum="0"/>
<action no="4" player="desrius" type="23" discard="1" dealt="1" sum="40"/>
<action no="5" player="oreiasccp" type="3" sum="20"/>
</round>
<round no="2"><cards type="Flop">D7 H4 C6</cards>
<action no="6" player="desrius" type="4" discard="1" dealt="1" sum="0"/>
<action no="7" player="oreiasccp" type="4" sum="0"/>
</round>
<round no="3"><cards type="Turn">D9</cards>
<action no="8" player="desrius" type="5" discard="1" dealt="1" sum="80"/>
<action no="9" player="oreiasccp" type="0" sum="0"/>
</round>
</game>
<game gamecode="11538660928"><general><startdate>2025-06-28 10:23:51</startdate>
<round>1</round>
<failsafecounter/>
<players><player seat="10" name="DimiAA" chips="540" dealer="0" win="0" bet="20" muck="1" rebuy="0" addon="0" merge="0" rebuychips="0" reg_code="8393565683"/>
<player seat="3" name="desrius" chips="550" dealer="1" win="50" bet="60" muck="1" rebuy="0" addon="0" merge="0" rebuychips="0" reg_code="8393565494"/>
<player seat="6" name="oreiasccp" chips="410" dealer="0" win="0" bet="10" muck="1" rebuy="0" addon="0" merge="0" rebuychips="0" reg_code="8393565642"/>
</players>
</general>
<round no="0"><action no="1" player="oreiasccp" type="1" sum="10"/>
<action no="2" player="DimiAA" type="2" discard="1" dealt="1" sum="20"/>
</round>
<round no="1"><cards type="Pocket" player="oreiasccp">C2 SA</cards>
<cards type="Pocket" player="DimiAA">X X</cards>
<cards type="Pocket" player="desrius">X X</cards>
<action no="3" player="desrius" type="23" discard="1" dealt="1" sum="60"/>
<action no="4" player="oreiasccp" type="0" sum="0"/>
<action no="5" player="DimiAA" type="0" discard="1" dealt="1" sum="0"/>
</round>
</game>
<game gamecode="11538660982"><general><startdate>2025-06-28 10:24:04</startdate>
<round>1</round>
<failsafecounter/>
<players><player seat="3" name="desrius" chips="580" dealer="0" win="0" bet="20" muck="1" rebuy="0" addon="0" merge="0" rebuychips="0" reg_code="8393565494"/>
<player seat="6" name="oreiasccp" chips="400" dealer="1" win="50" bet="40" muck="1" rebuy="0" addon="0" merge="0" rebuychips="0" reg_code="8393565642"/>
<player seat="10" name="DimiAA" chips="520" dealer="0" win="0" bet="10" muck="1" rebuy="0" addon="0" merge="0" rebuychips="0" reg_code="8393565683"/>
</players>
</general>
<round no="0"><action no="1" player="DimiAA" type="1" discard="1" dealt="1" sum="10"/>
<action no="2" player="desrius" type="2" discard="1" dealt="1" sum="20"/>
</round>
<round no="1"><cards type="Pocket" player="DimiAA">X X</cards>
<cards type="Pocket" player="oreiasccp">H9 C9</cards>
<cards type="Pocket" player="desrius">X X</cards>
<action no="3" player="oreiasccp" type="23" sum="40"/>
<action no="4" player="DimiAA" type="0" discard="1" dealt="1" sum="0"/>
<action no="5" player="desrius" type="0" discard="1" dealt="1" sum="0"/>
</round>
</game>
<game gamecode="11538661024"><general><startdate>2025-06-28 10:24:14</startdate>
<round>1</round>
<failsafecounter/>
<players><player seat="6" name="oreiasccp" chips="430" dealer="0" win="0" bet="60" muck="1" rebuy="0" addon="0" merge="0" rebuychips="0" reg_code="8393565642"/>
<player seat="10" name="DimiAA" chips="510" dealer="1" win="0" bet="0" muck="1" rebuy="0" addon="0" merge="0" rebuychips="0" reg_code="8393565683"/>
<player seat="3" name="desrius" chips="560" dealer="0" win="120" bet="560" muck="1" rebuy="0" addon="0" merge="0" rebuychips="0" reg_code="8393565494"/>
</players>
</general>
<round no="0"><action no="1" player="desrius" type="1" discard="1" dealt="1" sum="10"/>
<action no="2" player="oreiasccp" type="2" sum="20"/>
</round>
<round no="1"><cards type="Pocket" player="DimiAA">X X</cards>
<cards type="Pocket" player="desrius">X X</cards>
<cards type="Pocket" player="oreiasccp">CJ H9</cards>
<action no="3" player="DimiAA" type="0" discard="1" dealt="1" sum="0"/>
<action no="4" player="desrius" type="23" discard="1" dealt="1" sum="60"/>
<action no="5" player="oreiasccp" type="3" sum="40"/>
</round>
<round no="2"><cards type="Flop">S9 DK DQ</cards>
<action no="6" player="desrius" type="5" discard="1" dealt="1" sum="500"/>
<action no="7" player="oreiasccp" type="0" sum="0"/>
</round>
</game>
<game gamecode="11538661086"><general><startdate>2025-06-28 10:24:29</startdate>
<round>1</round>
<failsafecounter/>
<players><player seat="10" name="DimiAA" chips="510" dealer="0" win="0" bet="510" muck="0" rebuy="0" addon="0" merge="0" rebuychips="0" reg_code="8393565683"/>
<player seat="3" name="desrius" chips="620" dealer="1" win="1,040" bet="510" muck="0" rebuy="0" addon="0" merge="0" rebuychips="0" reg_code="8393565494"/>
<player seat="6" name="oreiasccp" chips="370" dealer="0" win="0" bet="20" muck="1" rebuy="0" addon="0" merge="0" rebuychips="0" reg_code="8393565642"/>
</players>
</general>
<round no="0"><action no="1" player="oreiasccp" type="15" sum="5"/>
<action no="2" player="DimiAA" type="15" discard="1" dealt="1" sum="5"/>
<action no="3" player="desrius" type="15" discard="1" dealt="1" sum="5"/>
<action no="4" player="oreiasccp" type="1" sum="15"/>
<action no="5" player="DimiAA" type="2" discard="1" dealt="1" sum="30"/>
</round>
<round no="1"><cards type="Pocket" player="oreiasccp">D2 DJ</cards>
<cards type="Pocket" player="desrius">C9 CJ</cards>
<cards type="Pocket" player="DimiAA">H4 HA</cards>
<action no="6" player="desrius" type="23" discard="1" dealt="1" sum="60"/>
<action no="7" player="oreiasccp" type="0" sum="0"/>
<action no="8" player="DimiAA" type="23" discard="1" dealt="1" sum="505"/>
<action no="9" player="desrius" type="3" discard="1" dealt="1" sum="445"/>
</round>
<round no="2"><cards type="Flop">H6 D4 S9</cards>
</round>
<round no="3"><cards type="Turn">H9</cards>
</round>
<round no="4"><cards type="River">S5</cards>
</round>
</game>
<game gamecode="11538661185"><general><startdate>2025-06-28 10:24:52</startdate>
<round>1</round>
<failsafecounter/>
<players><player seat="3" name="desrius" chips="1,150" dealer="0" win="40" bet="35" muck="1" rebuy="0" addon="0" merge="0" rebuychips="0" reg_code="8393565494"/>
<player seat="6" name="oreiasccp" chips="350" dealer="1" win="0" bet="20" muck="1" rebuy="0" addon="0" merge="0" rebuychips="0" reg_code="8393565642"/>
</players>
</general>
<round no="0"><action no="1" player="oreiasccp" type="15" sum="5"/>
<action no="2" player="desrius" type="15" discard="1" dealt="1" sum="5"/>
<action no="3" player="oreiasccp" type="1" sum="15"/>
<action no="4" player="desrius" type="2" discard="1" dealt="1" sum="30"/>
</round>
<round no="1"><cards type="Pocket" player="desrius">X X</cards>
<cards type="Pocket" player="oreiasccp">C10 S3</cards>
<action no="5" player="oreiasccp" type="0" sum="0"/>
</round>
</game>
<game gamecode="11538661216"><general><startdate>2025-06-28 10:24:57</startdate>
<round>1</round>
<failsafecounter/>
<players><player seat="6" name="oreiasccp" chips="330" dealer="0" win="40" bet="35" muck="1" rebuy="0" addon="0" merge="0" rebuychips="0" reg_code="8393565642"/>
<player seat="3" name="desrius" chips="1,170" dealer="1" win="0" bet="20" muck="1" rebuy="0" addon="0" merge="0" rebuychips="0" reg_code="8393565494"/>
</players>
</general>
<round no="0"><action no="1" player="desrius" type="15" discard="1" dealt="1" sum="5"/>
<action no="2" player="oreiasccp" type="15" sum="5"/>
<action no="3" player="desrius" type="1" discard="1" dealt="1" sum="15"/>
<action no="4" player="oreiasccp" type="2" sum="30"/>
</round>
<round no="1"><cards type="Pocket" player="oreiasccp">C10 HJ</cards>
<cards type="Pocket" player="desrius">X X</cards>
<action no="5" player="desrius" type="0" discard="1" dealt="1" sum="0"/>
</round>
</game>
<game gamecode="11538661244"><general><startdate>2025-06-28 10:25:03</startdate>
<round>1</round>
<failsafecounter/>
<players><player seat="3" name="desrius" chips="1,150" dealer="0" win="0" bet="350" muck="1" rebuy="0" addon="0" merge="0" rebuychips="0" reg_code="8393565494"/>
<player seat="6" name="oreiasccp" chips="350" dealer="1" win="700" bet="350" muck="0" rebuy="0" addon="0" merge="0" rebuychips="0" reg_code="8393565642"/>
</players>
</general>
<round no="0"><action no="1" player="oreiasccp" type="15" sum="5"/>
<action no="2" player="desrius" type="15" discard="1" dealt="1" sum="5"/>
<action no="3" player="oreiasccp" type="1" sum="15"/>
<action no="4" player="desrius" type="2" discard="1" dealt="1" sum="30"/>
</round>
<round no="1"><cards type="Pocket" player="desrius">H9 S4</cards>
<cards type="Pocket" player="oreiasccp">D8 H8</cards>
<action no="5" player="oreiasccp" type="3" sum="15"/>
<action no="6" player="desrius" type="4" discard="1" dealt="1" sum="0"/>
</round>
<round no="2"><cards type="Flop">D2 C7 D4</cards>
<action no="7" player="desrius" type="5" discard="1" dealt="1" sum="60"/>
<action no="8" player="oreiasccp" type="3" sum="60"/>
</round>
<round no="3"><cards type="Turn">DK</cards>
<action no="9" player="desrius" type="5" discard="1" dealt="1" sum="190"/>
<action no="10" player="oreiasccp" type="7" sum="255"/>
<action no="11" player="desrius" type="3" discard="1" dealt="1" sum="65"/>
</round>
<round no="4"><cards type="River">H10</cards>
</round>
</game>
<game gamecode="11538661350"><general><startdate>2025-06-28 10:25:27</startdate>
<round>1</round>
<failsafecounter/>
<players><player seat="6" name="oreiasccp" chips="700" dealer="0" win="130" bet="700" muck="1" rebuy="0" addon="0" merge="0" rebuychips="0" reg_code="8393565642"/>
<player seat="3" name="desrius" chips="800" dealer="1" win="0" bet="65" muck="1" rebuy="0" addon="0" merge="0" rebuychips="0" reg_code="8393565494"/>
</players>
</general>
<round no="0"><action no="1" player="desrius" type="15" discard="1" dealt="1" sum="5"/>
<action no="2" player="oreiasccp" type="15" sum="5"/>
<action no="3" player="desrius" type="1" discard="1" dealt="1" sum="15"/>
<action no="4" player="oreiasccp" type="2" sum="30"/>
</round>
<round no="1"><cards type="Pocket" player="desrius">X X</cards>
<cards type="Pocket" player="oreiasccp">DA S9</cards>
<action no="5" player="desrius" type="23" discard="1" dealt="1" sum="60"/>
<action no="6" player="oreiasccp" type="23" sum="695"/>
<action no="7" player="desrius" type="0" discard="1" dealt="1" sum="0"/>
</round>
</game>
<game gamecode="11538661393"><general><startdate>2025-06-28 10:25:37</startdate>
<round>1</round>
<failsafecounter/>
<players><player seat="3" name="desrius" chips="735" dealer="0" win="0" bet="735" muck="0" rebuy="0" addon="0" merge="0" rebuychips="0" reg_code="8393565494"/>
<player seat="6" name="oreiasccp" chips="765" dealer="1" win="1,470" bet="735" muck="0" rebuy="0" addon="0" merge="0" rebuychips="0" reg_code="8393565642"/>
</players>
</general>
<round no="0"><action no="1" player="oreiasccp" type="15" sum="5"/>
<action no="2" player="desrius" type="15" discard="1" dealt="1" sum="5"/>
<action no="3" player="oreiasccp" type="1" sum="15"/>
<action no="4" player="desrius" type="2" discard="1" dealt="1" sum="30"/>
</round>
<round no="1"><cards type="Pocket" player="desrius">D8 H4</cards>
<cards type="Pocket" player="oreiasccp">SQ D3</cards>
<action no="5" player="oreiasccp" type="23" sum="60"/>
<action no="6" player="desrius" type="3" discard="1" dealt="1" sum="30"/>
</round>
<round no="2"><cards type="Flop">D4 S3 HQ</cards>
<action no="7" player="desrius" type="5" discard="1" dealt="1" sum="670"/>
<action no="8" player="oreiasccp" type="3" sum="670"/>
</round>
<round no="3"><cards type="Turn">C7</cards>
</round>
<round no="4"><cards type="River">H7</cards>
</round>
</game>
</session>
