<?xml version="1.0" encoding="UTF-8"?>
<session sessioncode="8393574204">
<general>
<client_version>25.1.1.13</client_version>
<mode>real</mode>
<gametype>Holdem NL</gametype>
<tablename>Twister €5 SNG, 1128754885</tablename>
<tournamentcode>1128754884</tournamentcode>
<tournamentname>Twister €5 SNG</tournamentname>
<buyin>€0 + €0.35 + €4.65</buyin>
<totalbuyin>€5</totalbuyin>
<rewarddrawn>€10</rewarddrawn>
<tournamentcurrency>EUR</tournamentcurrency>
<currency>EUR</currency>
<nickname>oreiasccp</nickname>
<gamecount>32</gamecount>
<startdate>2025-06-28 10:46:45</startdate>
<place>2</place>
<win>€0</win>
<tablesize>3</tablesize>
</general>
<game gamecode="11538682425"><general><startdate>2025-06-28 10:47:00</startdate>
<round>1</round>
<failsafecounter/>
<players><player seat="3" name="Freya761" chips="500" dealer="0" win="0" bet="40" muck="1" rebuy="0" addon="0" merge="0" rebuychips="0" reg_code="8393574155"/>
<player seat="6" name="DeusVult92" chips="500" dealer="1" win="90" bet="80" muck="1" rebuy="0" addon="0" merge="0" rebuychips="0" reg_code="8393574169"/>
<player seat="10" name="oreiasccp" chips="500" dealer="0" win="0" bet="10" muck="1" rebuy="0" addon="0" merge="0" rebuychips="0" reg_code="8393574204"/>
</players>
</general>
<round no="0"><action no="1" player="oreiasccp" type="1" sum="10"/>
<action no="2" player="Freya761" type="2" discard="1" dealt="1" sum="20"/>
</round>
<round no="1"><cards type="Pocket" player="oreiasccp">H9 C7</cards>
<cards type="Pocket" player="Freya761">X X</cards>
<cards type="Pocket" player="DeusVult92">X X</cards>
<action no="3" player="DeusVult92" type="23" discard="1" dealt="1" sum="40"/>
<action no="4" player="oreiasccp" type="0" sum="0"/>
<action no="5" player="Freya761" type="3" discard="1" dealt="1" sum="20"/>
</round>
<round no="2"><cards type="Flop">SQ SJ D9</cards>
<action no="6" player="Freya761" type="4" discard="1" dealt="1" sum="0"/>
<action no="7" player="DeusVult92" type="5" discard="1" dealt="1" sum="40"/>
<action no="8" player="Freya761" type="0" discard="1" dealt="1" sum="0"/>
</round>
</game>
<game gamecode="11538682509"><general><startdate>2025-06-28 10:47:19</startdate>
<round>1</round>
<failsafecounter/>
<players><player seat="6" name="DeusVult92" chips="550" dealer="0" win="90" bet="94" muck="1" rebuy="0" addon="0" merge="0" rebuychips="0" reg_code="8393574169"/>
<player seat="10" name="oreiasccp" chips="490" dealer="1" win="0" bet="40" muck="1" rebuy="0" addon="0" merge="0" rebuychips="0" reg_code="8393574204"/>
<player seat="3" name="Freya761" chips="460" dealer="0" win="0" bet="10" muck="1" rebuy="0" addon="0" merge="0" rebuychips="0" reg_code="8393574155"/>
</players>
</general>
<round no="0"><action no="1" player="Freya761" type="1" discard="1" dealt="1" sum="10"/>
<action no="2" player="DeusVult92" type="2" discard="1" dealt="1" sum="20"/>
</round>
<round no="1"><cards type="Pocket" player="Freya761">X X</cards>
<cards type="Pocket" player="oreiasccp">C6 CA</cards>
<cards type="Pocket" player="DeusVult92">X X</cards>
<action no="3" player="oreiasccp" type="23" sum="40"/>
<action no="4" player="Freya761" type="0" discard="1" dealt="1" sum="0"/>
<action no="5" player="DeusVult92" type="3" discard="1" dealt="1" sum="20"/>
</round>
<round no="2"><cards type="Flop">S5 D9 D8</cards>
<action no="6" player="DeusVult92" type="4" discard="1" dealt="1" sum="0"/>
<action no="7" player="oreiasccp" type="4" sum="0"/>
</round>
<round no="3"><cards type="Turn">H10</cards>
<action no="8" player="DeusVult92" type="5" discard="1" dealt="1" sum="54"/>
<action no="9" player="oreiasccp" type="0" sum="0"/>
</round>
</game>
<game gamecode="11538682640"><general><startdate>2025-06-28 10:47:51</startdate>
<round>1</round>
<failsafecounter/>
<players><player seat="10" name="oreiasccp" chips="450" dealer="0" win="20" bet="20" muck="1" rebuy="0" addon="0" merge="0" rebuychips="0" reg_code="8393574204"/>
<player seat="3" name="Freya761" chips="450" dealer="1" win="0" bet="0" muck="1" rebuy="0" addon="0" merge="0" rebuychips="0" reg_code="8393574155"/>
<player seat="6" name="DeusVult92" chips="600" dealer="0" win="0" bet="10" muck="1" rebuy="0" addon="0" merge="0" rebuychips="0" reg_code="8393574169"/>
</players>
</general>
<round no="0"><action no="1" player="DeusVult92" type="1" discard="1" dealt="1" sum="10"/>
<action no="2" player="oreiasccp" type="2" sum="20"/>
</round>
<round no="1"><cards type="Pocket" player="Freya761">X X</cards>
<cards type="Pocket" player="DeusVult92">X X</cards>
<cards type="Pocket" player="oreiasccp">SJ HQ</cards>
<action no="3" player="Freya761" type="0" discard="1" dealt="1" sum="0"/>
<action no="4" player="DeusVult92" type="0" discard="1" dealt="1" sum="0"/>
</round>
</game>
<game gamecode="11538682703"><general><startdate>2025-06-28 10:48:04</startdate>
<round>1</round>
<failsafecounter/>
<players><player seat="3" name="Freya761" chips="450" dealer="0" win="0" bet="20" muck="1" rebuy="0" addon="0" merge="0" rebuychips="0" reg_code="8393574155"/>
<player seat="6" name="DeusVult92" chips="590" dealer="1" win="0" bet="0" muck="1" rebuy="0" addon="0" merge="0" rebuychips="0" reg_code="8393574169"/>
<player seat="10" name="oreiasccp" chips="460" dealer="0" win="40" bet="60" muck="1" rebuy="0" addon="0" merge="0" rebuychips="0" reg_code="8393574204"/>
</players>
</general>
<round no="0"><action no="1" player="oreiasccp" type="1" sum="10"/>
<action no="2" player="Freya761" type="2" discard="1" dealt="1" sum="20"/>
</round>
<round no="1"><cards type="Pocket" player="oreiasccp">D10 S10</cards>
<cards type="Pocket" player="DeusVult92">X X</cards>
<cards type="Pocket" player="Freya761">X X</cards>
<action no="3" player="DeusVult92" type="0" discard="1" dealt="1" sum="0"/>
<action no="4" player="oreiasccp" type="23" sum="60"/>
<action no="5" player="Freya761" type="0" discard="1" dealt="1" sum="0"/>
</round>
</game>
<game gamecode="11538682775"><general><startdate>2025-06-28 10:48:21</startdate>
<round>1</round>
<failsafecounter/>
<players><player seat="6" name="DeusVult92" chips="590" dealer="0" win="0" bet="590" muck="1" rebuy="0" addon="0" merge="0" rebuychips="0" reg_code="8393574169"/>
<player seat="10" name="oreiasccp" chips="480" dealer="1" win="970" bet="480" muck="0" rebuy="0" addon="0" merge="0" rebuychips="0" reg_code="8393574204"/>
<player seat="3" name="Freya761" chips="430" dealer="0" win="0" bet="10" muck="1" rebuy="0" addon="0" merge="0" rebuychips="0" reg_code="8393574155"/>
</players>
</general>
<round no="0"><action no="1" player="Freya761" type="1" discard="1" dealt="1" sum="10"/>
<action no="2" player="DeusVult92" type="2" discard="1" dealt="1" sum="20"/>
</round>
<round no="1"><cards type="Pocket" player="oreiasccp">CK D10</cards>
<cards type="Pocket" player="Freya761">X X</cards>
<cards type="Pocket" player="DeusVult92">HA C7</cards>
<action no="3" player="oreiasccp" type="23" sum="40"/>
<action no="4" player="Freya761" type="0" discard="1" dealt="1" sum="0"/>
<action no="5" player="DeusVult92" type="3" discard="1" dealt="1" sum="20"/>
</round>
<round no="2"><cards type="Flop">C5 D8 S10</cards>
<action no="6" player="DeusVult92" type="4" discard="1" dealt="1" sum="0"/>
<action no="7" player="oreiasccp" type="5" sum="23"/>
<action no="8" player="DeusVult92" type="3" discard="1" dealt="1" sum="23"/>
</round>
<round no="3"><cards type="Turn">D4</cards>
<action no="9" player="DeusVult92" type="5" discard="1" dealt="1" sum="82"/>
<action no="10" player="oreiasccp" type="3" sum="82"/>
</round>
<round no="4"><cards type="River">H4</cards>
<action no="11" player="DeusVult92" type="5" discard="1" dealt="1" sum="445"/>
<action no="12" player="oreiasccp" type="7" sum="335"/>
</round>
</game>
<game gamecode="11538682939"><general><startdate>2025-06-28 10:49:00</startdate>
<round>1</round>
<failsafecounter/>
<players><player seat="10" name="oreiasccp" chips="970" dealer="0" win="0" bet="20" muck="1" rebuy="0" addon="0" merge="0" rebuychips="0" reg_code="8393574204"/>
<player seat="3" name="Freya761" chips="420" dealer="1" win="50" bet="40" muck="1" rebuy="0" addon="0" merge="0" rebuychips="0" reg_code="8393574155"/>
<player seat="6" name="DeusVult92" chips="110" dealer="0" win="0" bet="10" muck="1" rebuy="0" addon="0" merge="0" rebuychips="0" reg_code="8393574169"/>
</players>
</general>
<round no="0"><action no="1" player="DeusVult92" type="1" discard="1" dealt="1" sum="10"/>
<action no="2" player="oreiasccp" type="2" sum="20"/>
</round>
<round no="1"><cards type="Pocket" player="oreiasccp">H3 D9</cards>
<cards type="Pocket" player="Freya761">X X</cards>
<cards type="Pocket" player="DeusVult92">X X</cards>
<action no="3" player="Freya761" type="23" discard="1" dealt="1" sum="40"/>
<action no="4" player="DeusVult92" type="0" discard="1" dealt="1" sum="0"/>
<action no="5" player="oreiasccp" type="0" sum="0"/>
</round>
</game>
<game gamecode="11538682984"><general><startdate>2025-06-28 10:49:10</startdate>
<round>1</round>
<failsafecounter/>
<players><player seat="3" name="Freya761" chips="450" dealer="0" win="0" bet="35" muck="1" rebuy="0" addon="0" merge="0" rebuychips="0" reg_code="8393574155"/>
<player seat="6" name="DeusVult92" chips="100" dealer="1" win="235" bet="100" muck="0" rebuy="0" addon="0" merge="0" rebuychips="0" reg_code="8393574169"/>
<player seat="10" name="oreiasccp" chips="950" dealer="0" win="0" bet="100" muck="1" rebuy="0" addon="0" merge="0" rebuychips="0" reg_code="8393574204"/>
</players>
</general>
<round no="0"><action no="1" player="oreiasccp" type="15" sum="5"/>
<action no="2" player="Freya761" type="15" discard="1" dealt="1" sum="5"/>
<action no="3" player="DeusVult92" type="15" discard="1" dealt="1" sum="5"/>
<action no="4" player="oreiasccp" type="1" sum="15"/>
<action no="5" player="Freya761" type="2" discard="1" dealt="1" sum="30"/>
</round>
<round no="1"><cards type="Pocket" player="Freya761">X X</cards>
<cards type="Pocket" player="oreiasccp">HQ S10</cards>
<cards type="Pocket" player="DeusVult92">H9 DK</cards>
<action no="6" player="DeusVult92" type="23" discard="1" dealt="1" sum="95"/>
<action no="7" player="oreiasccp" type="3" sum="80"/>
<action no="8" player="Freya761" type="0" discard="1" dealt="1" sum="0"/>
</round>
<round no="2"><cards type="Flop">CA DA H7</cards>
</round>
<round no="3"><cards type="Turn">S5</cards>
</round>
<round no="4"><cards type="River">SK</cards>
</round>
</game>
<game gamecode="11538685518"><general><startdate>2025-06-28 10:49:31</startdate>
<round>1</round>
<failsafecounter/>
<players><player seat="6" name="DeusVult92" chips="235" dealer="0" win="0" bet="35" muck="1" rebuy="0" addon="0" merge="0" rebuychips="0" reg_code="8393574169"/>
<player seat="10" name="oreiasccp" chips="850" dealer="1" win="90" bet="65" muck="1" rebuy="0" addon="0" merge="0" rebuychips="0" reg_code="8393574204"/>
<player seat="3" name="Freya761" chips="415" dealer="0" win="0" bet="20" muck="1" rebuy="0" addon="0" merge="0" rebuychips="0" reg_code="8393574155"/>
</players>
</general>
<round no="0"><action no="1" player="Freya761" type="15" discard="1" dealt="1" sum="5"/>
<action no="2" player="DeusVult92" type="15" discard="1" dealt="1" sum="5"/>
<action no="3" player="oreiasccp" type="15" sum="5"/>
<action no="4" player="Freya761" type="1" discard="1" dealt="1" sum="15"/>
<action no="5" player="DeusVult92" type="2" discard="1" dealt="1" sum="30"/>
</round>
<round no="1"><cards type="Pocket" player="oreiasccp">H8 H7</cards>
<cards type="Pocket" player="DeusVult92">X X</cards>
<cards type="Pocket" player="Freya761">X X</cards>
<action no="6" player="oreiasccp" type="23" sum="60"/>
<action no="7" player="Freya761" type="0" discard="1" dealt="1" sum="0"/>
<action no="8" player="DeusVult92" type="0" discard="1" dealt="1" sum="0"/>
</round>
</game>
<game gamecode="11538685557"><general><startdate>2025-06-28 10:49:42</startdate>
<round>1</round>
<failsafecounter/>
<players><player seat="10" name="oreiasccp" chips="905" dealer="0" win="0" bet="35" muck="1" rebuy="0" addon="0" merge="0" rebuychips="0" reg_code="8393574204"/>
<player seat="3" name="Freya761" chips="395" dealer="1" win="0" bet="5" muck="1" rebuy="0" addon="0" merge="0" rebuychips="0" reg_code="8393574155"/>
<player seat="6" name="DeusVult92" chips="200" dealer="0" win="75" bet="200" muck="1" rebuy="0" addon="0" merge="0" rebuychips="0" reg_code="8393574169"/>
</players>
</general>
<round no="0"><action no="1" player="DeusVult92" type="15" discard="1" dealt="1" sum="5"/>
<action no="2" player="oreiasccp" type="15" sum="5"/>
<action no="3" player="Freya761" type="15" discard="1" dealt="1" sum="5"/>
<action no="4" player="DeusVult92" type="1" discard="1" dealt="1" sum="15"/>
<action no="5" player="oreiasccp" type="2" sum="30"/>
</round>
<round no="1"><cards type="Pocket" player="DeusVult92">X X</cards>
<cards type="Pocket" player="oreiasccp">C4 D3</cards>
<cards type="Pocket" player="Freya761">X X</cards>
<action no="6" player="Freya761" type="0" discard="1" dealt="1" sum="0"/>
<action no="7" player="DeusVult92" type="23" discard="1" dealt="1" sum="195"/>
<action no="8" player="oreiasccp" type="0" sum="0"/>
</round>
</game>
<game gamecode="11538685593"><general><startdate>2025-06-28 10:49:52</startdate>
<round>1</round>
<failsafecounter/>
<players><player seat="3" name="Freya761" chips="390" dealer="0" win="135" bet="390" muck="1" rebuy="0" addon="0" merge="0" rebuychips="0" reg_code="8393574155"/>
<player seat="6" name="DeusVult92" chips="240" dealer="1" win="0" bet="5" muck="1" rebuy="0" addon="0" merge="0" rebuychips="0" reg_code="8393574169"/>
<player seat="10" name="oreiasccp" chips="870" dealer="0" win="0" bet="65" muck="1" rebuy="0" addon="0" merge="0" rebuychips="0" reg_code="8393574204"/>
</players>
</general>
<round no="0"><action no="1" player="oreiasccp" type="15" sum="5"/>
<action no="2" player="Freya761" type="15" discard="1" dealt="1" sum="5"/>
<action no="3" player="DeusVult92" type="15" discard="1" dealt="1" sum="5"/>
<action no="4" player="oreiasccp" type="1" sum="15"/>
<action no="5" player="Freya761" type="2" discard="1" dealt="1" sum="30"/>
</round>
<round no="1"><cards type="Pocket" player="DeusVult92">X X</cards>
<cards type="Pocket" player="Freya761">X X</cards>
<cards type="Pocket" player="oreiasccp">D10 D3</cards>
<action no="6" player="DeusVult92" type="0" discard="1" dealt="1" sum="0"/>
<action no="7" player="oreiasccp" type="23" sum="60"/>
<action no="8" player="Freya761" type="23" discard="1" dealt="1" sum="385"/>
<action no="9" player="oreiasccp" type="0" sum="0"/>
</round>
</game>
<game gamecode="11538685655"><general><startdate>2025-06-28 10:50:05</startdate>
<round>1</round>
<failsafecounter/>
<players><player seat="6" name="DeusVult92" chips="235" dealer="0" win="0" bet="35" muck="1" rebuy="0" addon="0" merge="0" rebuychips="0" reg_code="8393574169"/>
<player seat="10" name="oreiasccp" chips="805" dealer="1" win="90" bet="65" muck="1" rebuy="0" addon="0" merge="0" rebuychips="0" reg_code="8393574204"/>
<player seat="3" name="Freya761" chips="460" dealer="0" win="0" bet="20" muck="1" rebuy="0" addon="0" merge="0" rebuychips="0" reg_code="8393574155"/>
</players>
</general>
<round no="0"><action no="1" player="Freya761" type="15" discard="1" dealt="1" sum="5"/>
<action no="2" player="DeusVult92" type="15" discard="1" dealt="1" sum="5"/>
<action no="3" player="oreiasccp" type="15" sum="5"/>
<action no="4" player="Freya761" type="1" discard="1" dealt="1" sum="15"/>
<action no="5" player="DeusVult92" type="2" discard="1" dealt="1" sum="30"/>
</round>
<round no="1"><cards type="Pocket" player="DeusVult92">X X</cards>
<cards type="Pocket" player="Freya761">X X</cards>
<cards type="Pocket" player="oreiasccp">H8 S8</cards>
<action no="6" player="oreiasccp" type="23" sum="60"/>
<action no="7" player="Freya761" type="0" discard="1" dealt="1" sum="0"/>
<action no="8" player="DeusVult92" type="0" discard="1" dealt="1" sum="0"/>
</round>
</game>
<game gamecode="11538685696"><general><startdate>2025-06-28 10:50:15</startdate>
<round>1</round>
<failsafecounter/>
<players><player seat="10" name="oreiasccp" chips="860" dealer="0" win="0" bet="35" muck="1" rebuy="0" addon="0" merge="0" rebuychips="0" reg_code="8393574204"/>
<player seat="3" name="Freya761" chips="440" dealer="1" win="0" bet="65" muck="1" rebuy="0" addon="0" merge="0" rebuychips="0" reg_code="8393574155"/>
<player seat="6" name="DeusVult92" chips="200" dealer="0" win="165" bet="200" muck="1" rebuy="0" addon="0" merge="0" rebuychips="0" reg_code="8393574169"/>
</players>
</general>
<round no="0"><action no="1" player="DeusVult92" type="15" discard="1" dealt="1" sum="5"/>
<action no="2" player="oreiasccp" type="15" sum="5"/>
<action no="3" player="Freya761" type="15" discard="1" dealt="1" sum="5"/>
<action no="4" player="DeusVult92" type="1" discard="1" dealt="1" sum="15"/>
<action no="5" player="oreiasccp" type="2" sum="30"/>
</round>
<round no="1"><cards type="Pocket" player="Freya761">X X</cards>
<cards type="Pocket" player="oreiasccp">C4 DQ</cards>
<cards type="Pocket" player="DeusVult92">X X</cards>
<action no="6" player="Freya761" type="23" discard="1" dealt="1" sum="60"/>
<action no="7" player="DeusVult92" type="23" discard="1" dealt="1" sum="195"/>
<action no="8" player="oreiasccp" type="0" sum="0"/>
<action no="9" player="Freya761" type="0" discard="1" dealt="1" sum="0"/>
</round>
</game>
<game gamecode="11538685753"><general><startdate>2025-06-28 10:50:29</startdate>
<round>1</round>
<failsafecounter/>
<players><player seat="3" name="Freya761" chips="375" dealer="0" win="0" bet="65" muck="1" rebuy="0" addon="0" merge="0" rebuychips="0" reg_code="8393574155"/>
<player seat="6" name="DeusVult92" chips="300" dealer="1" win="0" bet="5" muck="1" rebuy="0" addon="0" merge="0" rebuychips="0" reg_code="8393574169"/>
<player seat="10" name="oreiasccp" chips="825" dealer="0" win="135" bet="95" muck="1" rebuy="0" addon="0" merge="0" rebuychips="0" reg_code="8393574204"/>
</players>
</general>
<round no="0"><action no="1" player="oreiasccp" type="15" sum="5"/>
<action no="2" player="Freya761" type="15" discard="1" dealt="1" sum="5"/>
<action no="3" player="DeusVult92" type="15" discard="1" dealt="1" sum="5"/>
<action no="4" player="oreiasccp" type="1" sum="15"/>
<action no="5" player="Freya761" type="2" discard="1" dealt="1" sum="30"/>
</round>
<round no="1"><cards type="Pocket" player="Freya761">X X</cards>
<cards type="Pocket" player="DeusVult92">X X</cards>
<cards type="Pocket" player="oreiasccp">C10 H9</cards>
<action no="6" player="DeusVult92" type="0" discard="1" dealt="1" sum="0"/>
<action no="7" player="oreiasccp" type="23" sum="60"/>
<action no="8" player="Freya761" type="3" discard="1" dealt="1" sum="30"/>
</round>
<round no="2"><cards type="Flop">D10 H2 CK</cards>
<action no="9" player="oreiasccp" type="5" sum="30"/>
<action no="10" player="Freya761" type="0" discard="1" dealt="1" sum="0"/>
</round>
</game>
<game gamecode="11538685844"><general><startdate>2025-06-28 10:50:52</startdate>
<round>1</round>
<failsafecounter/>
<players><player seat="6" name="DeusVult92" chips="295" dealer="0" win="45" bet="35" muck="1" rebuy="0" addon="0" merge="0" rebuychips="0" reg_code="8393574169"/>
<player seat="10" name="oreiasccp" chips="895" dealer="1" win="0" bet="5" muck="1" rebuy="0" addon="0" merge="0" rebuychips="0" reg_code="8393574204"/>
<player seat="3" name="Freya761" chips="310" dealer="0" win="0" bet="20" muck="1" rebuy="0" addon="0" merge="0" rebuychips="0" reg_code="8393574155"/>
</players>
</general>
<round no="0"><action no="1" player="Freya761" type="15" discard="1" dealt="1" sum="5"/>
<action no="2" player="DeusVult92" type="15" discard="1" dealt="1" sum="5"/>
<action no="3" player="oreiasccp" type="15" sum="5"/>
<action no="4" player="Freya761" type="1" discard="1" dealt="1" sum="15"/>
<action no="5" player="DeusVult92" type="2" discard="1" dealt="1" sum="30"/>
</round>
<round no="1"><cards type="Pocket" player="oreiasccp">H2 H10</cards>
<cards type="Pocket" player="DeusVult92">X X</cards>
<cards type="Pocket" player="Freya761">X X</cards>
<action no="6" player="oreiasccp" type="0" sum="0"/>
<action no="7" player="Freya761" type="0" discard="1" dealt="1" sum="0"/>
</round>
</game>
<game gamecode="11538685884"><general><startdate>2025-06-28 10:51:04</startdate>
<round>1</round>
<failsafecounter/>
<players><player seat="10" name="oreiasccp" chips="890" dealer="0" win="605" bet="290" muck="0" rebuy="0" addon="0" merge="0" rebuychips="0" reg_code="8393574204"/>
<player seat="3" name="Freya761" chips="290" dealer="1" win="0" bet="290" muck="0" rebuy="0" addon="0" merge="0" rebuychips="0" reg_code="8393574155"/>
<player seat="6" name="DeusVult92" chips="320" dealer="0" win="0" bet="25" muck="1" rebuy="0" addon="0" merge="0" rebuychips="0" reg_code="8393574169"/>
</players>
</general>
<round no="0"><action no="1" player="DeusVult92" type="15" discard="1" dealt="1" sum="5"/>
<action no="2" player="oreiasccp" type="15" sum="5"/>
<action no="3" player="Freya761" type="15" discard="1" dealt="1" sum="5"/>
<action no="4" player="DeusVult92" type="1" discard="1" dealt="1" sum="20"/>
<action no="5" player="oreiasccp" type="2" sum="40"/>
</round>
<round no="1"><cards type="Pocket" player="oreiasccp">S8 CA</cards>
<cards type="Pocket" player="DeusVult92">X X</cards>
<cards type="Pocket" player="Freya761">H9 DK</cards>
<action no="6" player="Freya761" type="23" discard="1" dealt="1" sum="285"/>
<action no="7" player="DeusVult92" type="0" discard="1" dealt="1" sum="0"/>
<action no="8" player="oreiasccp" type="3" sum="245"/>
</round>
<round no="2"><cards type="Flop">S7 H5 D4</cards>
</round>
<round no="3"><cards type="Turn">H7</cards>
</round>
<round no="4"><cards type="River">D6</cards>
</round>
</game>
<game gamecode="11538685960"><general><startdate>2025-06-28 10:51:21</startdate>
<round>1</round>
<failsafecounter/>
<players><player seat="10" name="oreiasccp" chips="1,205" dealer="0" win="0" bet="45" muck="1" rebuy="0" addon="0" merge="0" rebuychips="0" reg_code="8393574204"/>
<player seat="6" name="DeusVult92" chips="295" dealer="1" win="90" bet="295" muck="1" rebuy="0" addon="0" merge="0" rebuychips="0" reg_code="8393574169"/>
</players>
</general>
<round no="0"><action no="1" player="DeusVult92" type="15" discard="1" dealt="1" sum="5"/>
<action no="2" player="oreiasccp" type="15" sum="5"/>
<action no="3" player="DeusVult92" type="1" discard="1" dealt="1" sum="20"/>
<action no="4" player="oreiasccp" type="2" sum="40"/>
</round>
<round no="1"><cards type="Pocket" player="oreiasccp">C10 H7</cards>
<cards type="Pocket" player="DeusVult92">X X</cards>
<action no="5" player="DeusVult92" type="23" discard="1" dealt="1" sum="290"/>
<action no="6" player="oreiasccp" type="0" sum="0"/>
</round>
</game>
<game gamecode="11538686011"><general><startdate>2025-06-28 10:51:33</startdate>
<round>1</round>
<failsafecounter/>
<players><player seat="6" name="DeusVult92" chips="340" dealer="0" win="170" bet="340" muck="1" rebuy="0" addon="0" merge="0" rebuychips="0" reg_code="8393574169"/>
<player seat="10" name="oreiasccp" chips="1,160" dealer="1" win="0" bet="85" muck="1" rebuy="0" addon="0" merge="0" rebuychips="0" reg_code="8393574204"/>
</players>
</general>
<round no="0"><action no="1" player="oreiasccp" type="15" sum="5"/>
<action no="2" player="DeusVult92" type="15" discard="1" dealt="1" sum="5"/>
<action no="3" player="oreiasccp" type="1" sum="20"/>
<action no="4" player="DeusVult92" type="2" discard="1" dealt="1" sum="40"/>
</round>
<round no="1"><cards type="Pocket" player="oreiasccp">C10 D6</cards>
<cards type="Pocket" player="DeusVult92">X X</cards>
<action no="5" player="oreiasccp" type="3" sum="20"/>
<action no="6" player="DeusVult92" type="4" discard="1" dealt="1" sum="0"/>
</round>
<round no="2"><cards type="Flop">S6 S2 C7</cards>
<action no="7" player="DeusVult92" type="4" discard="1" dealt="1" sum="0"/>
<action no="8" player="oreiasccp" type="4" sum="0"/>
</round>
<round no="3"><cards type="Turn">C5</cards>
<action no="9" player="DeusVult92" type="5" discard="1" dealt="1" sum="40"/>
<action no="10" player="oreiasccp" type="3" sum="40"/>
</round>
<round no="4"><cards type="River">H7</cards>
<action no="11" player="DeusVult92" type="5" discard="1" dealt="1" sum="255"/>
<action no="12" player="oreiasccp" type="0" sum="0"/>
</round>
</game>
<game gamecode="11538686121"><general><startdate>2025-06-28 10:52:04</startdate>
<round>1</round>
<failsafecounter/>
<players><player seat="10" name="oreiasccp" chips="1,075" dealer="0" win="250" bet="425" muck="1" rebuy="0" addon="0" merge="0" rebuychips="0" reg_code="8393574204"/>
<player seat="6" name="DeusVult92" chips="425" dealer="1" win="0" bet="125" muck="1" rebuy="0" addon="0" merge="0" rebuychips="0" reg_code="8393574169"/>
</players>
</general>
<round no="0"><action no="1" player="DeusVult92" type="15" discard="1" dealt="1" sum="5"/>
<action no="2" player="oreiasccp" type="15" sum="5"/>
<action no="3" player="DeusVult92" type="1" discard="1" dealt="1" sum="20"/>
<action no="4" player="oreiasccp" type="2" sum="40"/>
</round>
<round no="1"><cards type="Pocket" player="oreiasccp">S2 D9</cards>
<cards type="Pocket" player="DeusVult92">X X</cards>
<action no="5" player="DeusVult92" type="3" discard="1" dealt="1" sum="20"/>
<action no="6" player="oreiasccp" type="23" sum="120"/>
<action no="7" player="DeusVult92" type="3" discard="1" dealt="1" sum="80"/>
</round>
<round no="2"><cards type="Flop">D2 SA S4</cards>
<action no="8" player="oreiasccp" type="5" sum="300"/>
<action no="9" player="DeusVult92" type="0" discard="1" dealt="1" sum="0"/>
</round>
</game>
<game gamecode="11538686199"><general><startdate>2025-06-28 10:52:23</startdate>
<round>1</round>
<failsafecounter/>
<players><player seat="6" name="DeusVult92" chips="300" dealer="0" win="300" bet="300" muck="0" rebuy="0" addon="0" merge="0" rebuychips="0" reg_code="8393574169"/>
<player seat="10" name="oreiasccp" chips="1,200" dealer="1" win="300" bet="300" muck="0" rebuy="0" addon="0" merge="0" rebuychips="0" reg_code="8393574204"/>
</players>
</general>
<round no="0"><action no="1" player="oreiasccp" type="15" sum="5"/>
<action no="2" player="DeusVult92" type="15" discard="1" dealt="1" sum="5"/>
<action no="3" player="oreiasccp" type="1" sum="20"/>
<action no="4" player="DeusVult92" type="2" discard="1" dealt="1" sum="40"/>
</round>
<round no="1"><cards type="Pocket" player="DeusVult92">SK H6</cards>
<cards type="Pocket" player="oreiasccp">CK CA</cards>
<action no="5" player="oreiasccp" type="3" sum="20"/>
<action no="6" player="DeusVult92" type="23" discard="1" dealt="1" sum="295"/>
<action no="7" player="oreiasccp" type="3" sum="255"/>
</round>
<round no="2"><cards type="Flop">D10 DJ D4</cards>
</round>
<round no="3"><cards type="Turn">D6</cards>
</round>
<round no="4"><cards type="River">D9</cards>
</round>
</game>
<game gamecode="11538686276"><general><startdate>2025-06-28 10:52:42</startdate>
<round>1</round>
<failsafecounter/>
<players><player seat="10" name="oreiasccp" chips="1,200" dealer="0" win="0" bet="45" muck="1" rebuy="0" addon="0" merge="0" rebuychips="0" reg_code="8393574204"/>
<player seat="6" name="DeusVult92" chips="300" dealer="1" win="90" bet="300" muck="1" rebuy="0" addon="0" merge="0" rebuychips="0" reg_code="8393574169"/>
</players>
</general>
<round no="0"><action no="1" player="DeusVult92" type="15" discard="1" dealt="1" sum="5"/>
<action no="2" player="oreiasccp" type="15" sum="5"/>
<action no="3" player="DeusVult92" type="1" discard="1" dealt="1" sum="20"/>
<action no="4" player="oreiasccp" type="2" sum="40"/>
</round>
<round no="1"><cards type="Pocket" player="DeusVult92">X X</cards>
<cards type="Pocket" player="oreiasccp">D5 C8</cards>
<action no="5" player="DeusVult92" type="23" discard="1" dealt="1" sum="295"/>
<action no="6" player="oreiasccp" type="0" sum="0"/>
</round>
</game>
<game gamecode="11538686318"><general><startdate>2025-06-28 10:52:51</startdate>
<round>1</round>
<failsafecounter/>
<players><player seat="6" name="DeusVult92" chips="345" dealer="0" win="50" bet="45" muck="1" rebuy="0" addon="0" merge="0" rebuychips="0" reg_code="8393574169"/>
<player seat="10" name="oreiasccp" chips="1,155" dealer="1" win="0" bet="25" muck="1" rebuy="0" addon="0" merge="0" rebuychips="0" reg_code="8393574204"/>
</players>
</general>
<round no="0"><action no="1" player="oreiasccp" type="15" sum="5"/>
<action no="2" player="DeusVult92" type="15" discard="1" dealt="1" sum="5"/>
<action no="3" player="oreiasccp" type="1" sum="20"/>
<action no="4" player="DeusVult92" type="2" discard="1" dealt="1" sum="40"/>
</round>
<round no="1"><cards type="Pocket" player="oreiasccp">H8 C3</cards>
<cards type="Pocket" player="DeusVult92">X X</cards>
<action no="5" player="oreiasccp" type="0" sum="0"/>
</round>
</game>
<game gamecode="11538686350"><general><startdate>2025-06-28 10:53:00</startdate>
<round>1</round>
<failsafecounter/>
<players><player seat="10" name="oreiasccp" chips="1,130" dealer="0" win="70" bet="65" muck="1" rebuy="0" addon="0" merge="0" rebuychips="0" reg_code="8393574204"/>
<player seat="6" name="DeusVult92" chips="370" dealer="1" win="0" bet="35" muck="1" rebuy="0" addon="0" merge="0" rebuychips="0" reg_code="8393574169"/>
</players>
</general>
<round no="0"><action no="1" player="DeusVult92" type="15" discard="1" dealt="1" sum="5"/>
<action no="2" player="oreiasccp" type="15" sum="5"/>
<action no="3" player="DeusVult92" type="1" discard="1" dealt="1" sum="30"/>
<action no="4" player="oreiasccp" type="2" sum="60"/>
</round>
<round no="1"><cards type="Pocket" player="DeusVult92">X X</cards>
<cards type="Pocket" player="oreiasccp">D4 DQ</cards>
<action no="5" player="DeusVult92" type="0" discard="1" dealt="1" sum="0"/>
</round>
</game>
<game gamecode="11538686373"><general><startdate>2025-06-28 10:53:05</startdate>
<round>1</round>
<failsafecounter/>
<players><player seat="6" name="DeusVult92" chips="335" dealer="0" win="70" bet="65" muck="1" rebuy="0" addon="0" merge="0" rebuychips="0" reg_code="8393574169"/>
<player seat="10" name="oreiasccp" chips="1,165" dealer="1" win="0" bet="35" muck="1" rebuy="0" addon="0" merge="0" rebuychips="0" reg_code="8393574204"/>
</players>
</general>
<round no="0"><action no="1" player="oreiasccp" type="15" sum="5"/>
<action no="2" player="DeusVult92" type="15" discard="1" dealt="1" sum="5"/>
<action no="3" player="oreiasccp" type="1" sum="30"/>
<action no="4" player="DeusVult92" type="2" discard="1" dealt="1" sum="60"/>
</round>
<round no="1"><cards type="Pocket" player="oreiasccp">H3 D7</cards>
<cards type="Pocket" player="DeusVult92">X X</cards>
<action no="5" player="oreiasccp" type="0" sum="0"/>
</round>
</game>
<game gamecode="11538686395"><general><startdate>2025-06-28 10:53:10</startdate>
<round>1</round>
<failsafecounter/>
<players><player seat="10" name="oreiasccp" chips="1,130" dealer="0" win="0" bet="65" muck="1" rebuy="0" addon="0" merge="0" rebuychips="0" reg_code="8393574204"/>
<player seat="6" name="DeusVult92" chips="370" dealer="1" win="130" bet="125" muck="1" rebuy="0" addon="0" merge="0" rebuychips="0" reg_code="8393574169"/>
</players>
</general>
<round no="0"><action no="1" player="DeusVult92" type="15" discard="1" dealt="1" sum="5"/>
<action no="2" player="oreiasccp" type="15" sum="5"/>
<action no="3" player="DeusVult92" type="1" discard="1" dealt="1" sum="30"/>
<action no="4" player="oreiasccp" type="2" sum="60"/>
</round>
<round no="1"><cards type="Pocket" player="oreiasccp">H6 H10</cards>
<cards type="Pocket" player="DeusVult92">X X</cards>
<action no="5" player="DeusVult92" type="3" discard="1" dealt="1" sum="30"/>
<action no="6" player="oreiasccp" type="4" sum="0"/>
</round>
<round no="2"><cards type="Flop">HQ CK S8</cards>
<action no="7" player="oreiasccp" type="4" sum="0"/>
<action no="8" player="DeusVult92" type="5" discard="1" dealt="1" sum="60"/>
<action no="9" player="oreiasccp" type="0" sum="0"/>
</round>
</game>
<game gamecode="11538686464"><general><startdate>2025-06-28 10:53:29</startdate>
<round>1</round>
<failsafecounter/>
<players><player seat="6" name="DeusVult92" chips="435" dealer="0" win="130" bet="435" muck="1" rebuy="0" addon="0" merge="0" rebuychips="0" reg_code="8393574169"/>
<player seat="10" name="oreiasccp" chips="1,065" dealer="1" win="0" bet="65" muck="1" rebuy="0" addon="0" merge="0" rebuychips="0" reg_code="8393574204"/>
</players>
</general>
<round no="0"><action no="1" player="oreiasccp" type="15" sum="5"/>
<action no="2" player="DeusVult92" type="15" discard="1" dealt="1" sum="5"/>
<action no="3" player="oreiasccp" type="1" sum="30"/>
<action no="4" player="DeusVult92" type="2" discard="1" dealt="1" sum="60"/>
</round>
<round no="1"><cards type="Pocket" player="DeusVult92">X X</cards>
<cards type="Pocket" player="oreiasccp">C4 S6</cards>
<action no="5" player="oreiasccp" type="3" sum="30"/>
<action no="6" player="DeusVult92" type="4" discard="1" dealt="1" sum="0"/>
</round>
<round no="2"><cards type="Flop">SJ D8 CQ</cards>
<action no="7" player="DeusVult92" type="5" discard="1" dealt="1" sum="370"/>
<action no="8" player="oreiasccp" type="0" sum="0"/>
</round>
</game>
<game gamecode="11538686532"><general><startdate>2025-06-28 10:53:47</startdate>
<round>1</round>
<failsafecounter/>
<players><player seat="10" name="oreiasccp" chips="1,000" dealer="0" win="70" bet="65" muck="1" rebuy="0" addon="0" merge="0" rebuychips="0" reg_code="8393574204"/>
<player seat="6" name="DeusVult92" chips="500" dealer="1" win="0" bet="35" muck="1" rebuy="0" addon="0" merge="0" rebuychips="0" reg_code="8393574169"/>
</players>
</general>
<round no="0"><action no="1" player="DeusVult92" type="15" discard="1" dealt="1" sum="5"/>
<action no="2" player="oreiasccp" type="15" sum="5"/>
<action no="3" player="DeusVult92" type="1" discard="1" dealt="1" sum="30"/>
<action no="4" player="oreiasccp" type="2" sum="60"/>
</round>
<round no="1"><cards type="Pocket" player="DeusVult92">X X</cards>
<cards type="Pocket" player="oreiasccp">C9 H2</cards>
<action no="5" player="DeusVult92" type="0" discard="1" dealt="1" sum="0"/>
</round>
</game>
<game gamecode="11538686563"><general><startdate>2025-06-28 10:53:54</startdate>
<round>1</round>
<failsafecounter/>
<players><player seat="6" name="DeusVult92" chips="465" dealer="0" win="130" bet="465" muck="1" rebuy="0" addon="0" merge="0" rebuychips="0" reg_code="8393574169"/>
<player seat="10" name="oreiasccp" chips="1,035" dealer="1" win="0" bet="65" muck="1" rebuy="0" addon="0" merge="0" rebuychips="0" reg_code="8393574204"/>
</players>
</general>
<round no="0"><action no="1" player="oreiasccp" type="15" sum="5"/>
<action no="2" player="DeusVult92" type="15" discard="1" dealt="1" sum="5"/>
<action no="3" player="oreiasccp" type="1" sum="30"/>
<action no="4" player="DeusVult92" type="2" discard="1" dealt="1" sum="60"/>
</round>
<round no="1"><cards type="Pocket" player="oreiasccp">D5 D3</cards>
<cards type="Pocket" player="DeusVult92">X X</cards>
<action no="5" player="oreiasccp" type="3" sum="30"/>
<action no="6" player="DeusVult92" type="23" discard="1" dealt="1" sum="460"/>
<action no="7" player="oreiasccp" type="0" sum="0"/>
</round>
</game>
<game gamecode="11538686593"><general><startdate>2025-06-28 10:54:02</startdate>
<round>1</round>
<failsafecounter/>
<players><player seat="10" name="oreiasccp" chips="970" dealer="0" win="0" bet="65" muck="1" rebuy="0" addon="0" merge="0" rebuychips="0" reg_code="8393574204"/>
<player seat="6" name="DeusVult92" chips="530" dealer="1" win="130" bet="125" muck="1" rebuy="0" addon="0" merge="0" rebuychips="0" reg_code="8393574169"/>
</players>
</general>
<round no="0"><action no="1" player="DeusVult92" type="15" discard="1" dealt="1" sum="5"/>
<action no="2" player="oreiasccp" type="15" sum="5"/>
<action no="3" player="DeusVult92" type="1" discard="1" dealt="1" sum="30"/>
<action no="4" player="oreiasccp" type="2" sum="60"/>
</round>
<round no="1"><cards type="Pocket" player="DeusVult92">X X</cards>
<cards type="Pocket" player="oreiasccp">D3 DQ</cards>
<action no="5" player="DeusVult92" type="3" discard="1" dealt="1" sum="30"/>
<action no="6" player="oreiasccp" type="4" sum="0"/>
</round>
<round no="2"><cards type="Flop">H8 HJ CA</cards>
<action no="7" player="oreiasccp" type="4" sum="0"/>
<action no="8" player="DeusVult92" type="5" discard="1" dealt="1" sum="60"/>
<action no="9" player="oreiasccp" type="0" sum="0"/>
</round>
</game>
<game gamecode="11538686638"><general><startdate>2025-06-28 10:54:18</startdate>
<round>1</round>
<failsafecounter/>
<players><player seat="6" name="DeusVult92" chips="595" dealer="0" win="0" bet="65" muck="1" rebuy="0" addon="0" merge="0" rebuychips="0" reg_code="8393574169"/>
<player seat="10" name="oreiasccp" chips="905" dealer="1" win="130" bet="125" muck="1" rebuy="0" addon="0" merge="0" rebuychips="0" reg_code="8393574204"/>
</players>
</general>
<round no="0"><action no="1" player="oreiasccp" type="15" sum="5"/>
<action no="2" player="DeusVult92" type="15" discard="1" dealt="1" sum="5"/>
<action no="3" player="oreiasccp" type="1" sum="30"/>
<action no="4" player="DeusVult92" type="2" discard="1" dealt="1" sum="60"/>
</round>
<round no="1"><cards type="Pocket" player="oreiasccp">S6 S10</cards>
<cards type="Pocket" player="DeusVult92">X X</cards>
<action no="5" player="oreiasccp" type="3" sum="30"/>
<action no="6" player="DeusVult92" type="4" discard="1" dealt="1" sum="0"/>
</round>
<round no="2"><cards type="Flop">C7 S4 C4</cards>
<action no="7" player="DeusVult92" type="4" discard="1" dealt="1" sum="0"/>
<action no="8" player="oreiasccp" type="5" sum="60"/>
<action no="9" player="DeusVult92" type="0" discard="1" dealt="1" sum="0"/>
</round>
</game>
<game gamecode="11538686725"><general><startdate>2025-06-28 10:54:40</startdate>
<round>1</round>
<failsafecounter/>
<players><player seat="10" name="oreiasccp" chips="970" dealer="0" win="530" bet="530" muck="0" rebuy="0" addon="0" merge="0" rebuychips="0" reg_code="8393574204"/>
<player seat="6" name="DeusVult92" chips="530" dealer="1" win="530" bet="530" muck="0" rebuy="0" addon="0" merge="0" rebuychips="0" reg_code="8393574169"/>
</players>
</general>
<round no="0"><action no="1" player="DeusVult92" type="15" discard="1" dealt="1" sum="5"/>
<action no="2" player="oreiasccp" type="15" sum="5"/>
<action no="3" player="DeusVult92" type="1" discard="1" dealt="1" sum="30"/>
<action no="4" player="oreiasccp" type="2" sum="60"/>
</round>
<round no="1"><cards type="Pocket" player="oreiasccp">HK HA</cards>
<cards type="Pocket" player="DeusVult92">HQ CA</cards>
<action no="5" player="DeusVult92" type="3" discard="1" dealt="1" sum="30"/>
<action no="6" player="oreiasccp" type="23" sum="150"/>
<action no="7" player="DeusVult92" type="23" discard="1" dealt="1" sum="525"/>
<action no="8" player="oreiasccp" type="3" sum="375"/>
</round>
<round no="2"><cards type="Flop">SQ H5 C10</cards>
</round>
<round no="3"><cards type="Turn">SK</cards>
</round>
<round no="4"><cards type="River">DJ</cards>
</round>
</game>
<game gamecode="11538686819"><general><startdate>2025-06-28 10:55:02</startdate>
<round>1</round>
<failsafecounter/>
<players><player seat="6" name="DeusVult92" chips="530" dealer="0" win="1,060" bet="530" muck="0" rebuy="0" addon="0" merge="0" rebuychips="0" reg_code="8393574169"/>
<player seat="10" name="oreiasccp" chips="970" dealer="1" win="0" bet="530" muck="1" rebuy="0" addon="0" merge="0" rebuychips="0" reg_code="8393574204"/>
</players>
</general>
<round no="0"><action no="1" player="oreiasccp" type="15" sum="8"/>
<action no="2" player="DeusVult92" type="15" discard="1" dealt="1" sum="8"/>
<action no="3" player="oreiasccp" type="1" sum="40"/>
<action no="4" player="DeusVult92" type="2" discard="1" dealt="1" sum="80"/>
</round>
<round no="1"><cards type="Pocket" player="DeusVult92">SQ S5</cards>
<cards type="Pocket" player="oreiasccp">SK SJ</cards>
<action no="5" player="oreiasccp" type="3" sum="40"/>
<action no="6" player="DeusVult92" type="23" discard="1" dealt="1" sum="522"/>
<action no="7" player="oreiasccp" type="3" sum="442"/>
</round>
<round no="2"><cards type="Flop">D4 S3 D5</cards>
</round>
<round no="3"><cards type="Turn">H5</cards>
</round>
<round no="4"><cards type="River">S4</cards>
</round>
</game>
<game gamecode="11538686892"><general><startdate>2025-06-28 10:55:25</startdate>
<round>1</round>
<failsafecounter/>
<players><player seat="10" name="oreiasccp" chips="440" dealer="0" win="0" bet="440" muck="0" rebuy="0" addon="0" merge="0" rebuychips="0" reg_code="8393574204"/>
<player seat="6" name="DeusVult92" chips="1,060" dealer="1" win="880" bet="1,060" muck="0" rebuy="0" addon="0" merge="0" rebuychips="0" reg_code="8393574169"/>
</players>
</general>
<round no="0"><action no="1" player="DeusVult92" type="15" discard="1" dealt="1" sum="8"/>
<action no="2" player="oreiasccp" type="15" sum="8"/>
<action no="3" player="DeusVult92" type="1" discard="1" dealt="1" sum="40"/>
<action no="4" player="oreiasccp" type="2" sum="80"/>
</round>
<round no="1"><cards type="Pocket" player="oreiasccp">C3 D3</cards>
<cards type="Pocket" player="DeusVult92">DJ DQ</cards>
<action no="5" player="DeusVult92" type="23" discard="1" dealt="1" sum="1,052"/>
<action no="6" player="oreiasccp" type="7" sum="352"/>
</round>
<round no="2"><cards type="Flop">HQ S10 D4</cards>
</round>
<round no="3"><cards type="Turn">CJ</cards>
</round>
<round no="4"><cards type="River">D5</cards>
</round>
</game>
</session>
