<?xml version="1.0" encoding="UTF-8"?>
<session sessioncode="8393561394">
<general>
<client_version>25.1.1.13</client_version>
<mode>real</mode>
<gametype>Holdem NL</gametype>
<tablename>Twister €5 SNG, 1128753129</tablename>
<tournamentcode>1128753128</tournamentcode>
<tournamentname>Twister €5 SNG</tournamentname>
<buyin>€0 + €0.35 + €4.65</buyin>
<totalbuyin>€5</totalbuyin>
<rewarddrawn>€10</rewarddrawn>
<tournamentcurrency>EUR</tournamentcurrency>
<currency>EUR</currency>
<nickname>oreiasccp</nickname>
<gamecount>29</gamecount>
<startdate>2025-06-28 10:10:42</startdate>
<place>3</place>
<win>€0</win>
<tablesize>3</tablesize>
</general>
<game gamecode="11538650723"><general><startdate>2025-06-28 10:10:57</startdate>
<round>1</round>
<failsafecounter/>
<players><player seat="10" name="Visionarystar52" chips="500" dealer="0" win="148" bet="109" muck="1" rebuy="0" addon="0" merge="0" rebuychips="0" reg_code="8393561434"/>
<player seat="3" name="IceStorM85" chips="500" dealer="1" win="0" bet="69" muck="1" rebuy="0" addon="0" merge="0" rebuychips="0" reg_code="8393561387"/>
<player seat="6" name="oreiasccp" chips="500" dealer="0" win="0" bet="10" muck="1" rebuy="0" addon="0" merge="0" rebuychips="0" reg_code="8393561394"/>
</players>
</general>
<round no="0"><action no="1" player="oreiasccp" type="1" sum="10"/>
<action no="2" player="Visionarystar52" type="2" discard="1" dealt="1" sum="20"/>
</round>
<round no="1"><cards type="Pocket" player="oreiasccp">DK C9</cards>
<cards type="Pocket" player="IceStorM85">X X</cards>
<cards type="Pocket" player="Visionarystar52">X X</cards>
<action no="3" player="IceStorM85" type="23" discard="1" dealt="1" sum="40"/>
<action no="4" player="oreiasccp" type="0" sum="0"/>
<action no="5" player="Visionarystar52" type="3" discard="1" dealt="1" sum="20"/>
</round>
<round no="2"><cards type="Flop">SK C7 H5</cards>
<action no="6" player="Visionarystar52" type="4" discard="1" dealt="1" sum="0"/>
<action no="7" player="IceStorM85" type="5" discard="1" dealt="1" sum="29"/>
<action no="8" player="Visionarystar52" type="3" discard="1" dealt="1" sum="29"/>
</round>
<round no="3"><cards type="Turn">S7</cards>
<action no="9" player="Visionarystar52" type="4" discard="1" dealt="1" sum="0"/>
<action no="10" player="IceStorM85" type="4" discard="1" dealt="1" sum="0"/>
</round>
<round no="4"><cards type="River">D2</cards>
<action no="11" player="Visionarystar52" type="5" discard="1" dealt="1" sum="40"/>
<action no="12" player="IceStorM85" type="0" discard="1" dealt="1" sum="0"/>
</round>
</game>
<game gamecode="11538650853"><general><startdate>2025-06-28 10:11:27</startdate>
<round>1</round>
<failsafecounter/>
<players><player seat="3" name="IceStorM85" chips="431" dealer="0" win="92" bet="107" muck="1" rebuy="0" addon="0" merge="0" rebuychips="0" reg_code="8393561387"/>
<player seat="6" name="oreiasccp" chips="490" dealer="1" win="0" bet="0" muck="1" rebuy="0" addon="0" merge="0" rebuychips="0" reg_code="8393561394"/>
<player seat="10" name="Visionarystar52" chips="579" dealer="0" win="0" bet="46" muck="1" rebuy="0" addon="0" merge="0" rebuychips="0" reg_code="8393561434"/>
</players>
</general>
<round no="0"><action no="1" player="Visionarystar52" type="1" discard="1" dealt="1" sum="10"/>
<action no="2" player="IceStorM85" type="2" discard="1" dealt="1" sum="20"/>
</round>
<round no="1"><cards type="Pocket" player="Visionarystar52">X X</cards>
<cards type="Pocket" player="IceStorM85">X X</cards>
<cards type="Pocket" player="oreiasccp">CJ D6</cards>
<action no="3" player="oreiasccp" type="0" sum="0"/>
<action no="4" player="Visionarystar52" type="3" discard="1" dealt="1" sum="10"/>
<action no="5" player="IceStorM85" type="4" discard="1" dealt="1" sum="0"/>
</round>
<round no="2"><cards type="Flop">S3 S4 CA</cards>
<action no="6" player="Visionarystar52" type="4" discard="1" dealt="1" sum="0"/>
<action no="7" player="IceStorM85" type="4" discard="1" dealt="1" sum="0"/>
</round>
<round no="3"><cards type="Turn">D5</cards>
<action no="8" player="Visionarystar52" type="4" discard="1" dealt="1" sum="0"/>
<action no="9" player="IceStorM85" type="5" discard="1" dealt="1" sum="26"/>
<action no="10" player="Visionarystar52" type="3" discard="1" dealt="1" sum="26"/>
</round>
<round no="4"><cards type="River">SK</cards>
<action no="11" player="Visionarystar52" type="4" discard="1" dealt="1" sum="0"/>
<action no="12" player="IceStorM85" type="5" discard="1" dealt="1" sum="61"/>
<action no="13" player="Visionarystar52" type="0" discard="1" dealt="1" sum="0"/>
</round>
</game>
<game gamecode="11538651014"><general><startdate>2025-06-28 10:12:04</startdate>
<round>1</round>
<failsafecounter/>
<players><player seat="6" name="oreiasccp" chips="490" dealer="0" win="0" bet="20" muck="1" rebuy="0" addon="0" merge="0" rebuychips="0" reg_code="8393561394"/>
<player seat="10" name="Visionarystar52" chips="533" dealer="1" win="50" bet="40" muck="1" rebuy="0" addon="0" merge="0" rebuychips="0" reg_code="8393561434"/>
<player seat="3" name="IceStorM85" chips="477" dealer="0" win="0" bet="10" muck="1" rebuy="0" addon="0" merge="0" rebuychips="0" reg_code="8393561387"/>
</players>
</general>
<round no="0"><action no="1" player="IceStorM85" type="1" discard="1" dealt="1" sum="10"/>
<action no="2" player="oreiasccp" type="2" sum="20"/>
</round>
<round no="1"><cards type="Pocket" player="oreiasccp">H2 D6</cards>
<cards type="Pocket" player="Visionarystar52">X X</cards>
<cards type="Pocket" player="IceStorM85">X X</cards>
<action no="3" player="Visionarystar52" type="23" discard="1" dealt="1" sum="40"/>
<action no="4" player="IceStorM85" type="0" discard="1" dealt="1" sum="0"/>
<action no="5" player="oreiasccp" type="0" sum="0"/>
</round>
</game>
<game gamecode="11538651057"><general><startdate>2025-06-28 10:12:13</startdate>
<round>1</round>
<failsafecounter/>
<players><player seat="10" name="Visionarystar52" chips="563" dealer="0" win="0" bet="20" muck="1" rebuy="0" addon="0" merge="0" rebuychips="0" reg_code="8393561434"/>
<player seat="3" name="IceStorM85" chips="467" dealer="1" win="0" bet="0" muck="1" rebuy="0" addon="0" merge="0" rebuychips="0" reg_code="8393561387"/>
<player seat="6" name="oreiasccp" chips="470" dealer="0" win="40" bet="40" muck="1" rebuy="0" addon="0" merge="0" rebuychips="0" reg_code="8393561394"/>
</players>
</general>
<round no="0"><action no="1" player="oreiasccp" type="1" sum="10"/>
<action no="2" player="Visionarystar52" type="2" discard="1" dealt="1" sum="20"/>
</round>
<round no="1"><cards type="Pocket" player="Visionarystar52">X X</cards>
<cards type="Pocket" player="IceStorM85">X X</cards>
<cards type="Pocket" player="oreiasccp">C8 D10</cards>
<action no="3" player="IceStorM85" type="0" discard="1" dealt="1" sum="0"/>
<action no="4" player="oreiasccp" type="23" sum="40"/>
<action no="5" player="Visionarystar52" type="0" discard="1" dealt="1" sum="0"/>
</round>
</game>
<game gamecode="11538651095"><general><startdate>2025-06-28 10:12:22</startdate>
<round>1</round>
<failsafecounter/>
<players><player seat="3" name="IceStorM85" chips="467" dealer="0" win="120" bet="99" muck="1" rebuy="0" addon="0" merge="0" rebuychips="0" reg_code="8393561387"/>
<player seat="6" name="oreiasccp" chips="490" dealer="1" win="0" bet="0" muck="1" rebuy="0" addon="0" merge="0" rebuychips="0" reg_code="8393561394"/>
<player seat="10" name="Visionarystar52" chips="543" dealer="0" win="0" bet="60" muck="1" rebuy="0" addon="0" merge="0" rebuychips="0" reg_code="8393561434"/>
</players>
</general>
<round no="0"><action no="1" player="Visionarystar52" type="1" discard="1" dealt="1" sum="10"/>
<action no="2" player="IceStorM85" type="2" discard="1" dealt="1" sum="20"/>
</round>
<round no="1"><cards type="Pocket" player="Visionarystar52">X X</cards>
<cards type="Pocket" player="oreiasccp">S2 S7</cards>
<cards type="Pocket" player="IceStorM85">X X</cards>
<action no="3" player="oreiasccp" type="0" sum="0"/>
<action no="4" player="Visionarystar52" type="3" discard="1" dealt="1" sum="10"/>
<action no="5" player="IceStorM85" type="23" discard="1" dealt="1" sum="60"/>
<action no="6" player="Visionarystar52" type="3" discard="1" dealt="1" sum="40"/>
</round>
<round no="2"><cards type="Flop">S9 D3 SQ</cards>
<action no="7" player="Visionarystar52" type="4" discard="1" dealt="1" sum="0"/>
<action no="8" player="IceStorM85" type="5" discard="1" dealt="1" sum="39"/>
<action no="9" player="Visionarystar52" type="0" discard="1" dealt="1" sum="0"/>
</round>
</game>
<game gamecode="11538651160"><general><startdate>2025-06-28 10:12:37</startdate>
<round>1</round>
<failsafecounter/>
<players><player seat="6" name="oreiasccp" chips="490" dealer="0" win="100" bet="490" muck="1" rebuy="0" addon="0" merge="0" rebuychips="0" reg_code="8393561394"/>
<player seat="10" name="Visionarystar52" chips="483" dealer="1" win="0" bet="0" muck="1" rebuy="0" addon="0" merge="0" rebuychips="0" reg_code="8393561434"/>
<player seat="3" name="IceStorM85" chips="527" dealer="0" win="0" bet="50" muck="1" rebuy="0" addon="0" merge="0" rebuychips="0" reg_code="8393561387"/>
</players>
</general>
<round no="0"><action no="1" player="IceStorM85" type="1" discard="1" dealt="1" sum="10"/>
<action no="2" player="oreiasccp" type="2" sum="20"/>
</round>
<round no="1"><cards type="Pocket" player="Visionarystar52">X X</cards>
<cards type="Pocket" player="oreiasccp">SA D10</cards>
<cards type="Pocket" player="IceStorM85">X X</cards>
<action no="3" player="Visionarystar52" type="0" discard="1" dealt="1" sum="0"/>
<action no="4" player="IceStorM85" type="23" discard="1" dealt="1" sum="50"/>
<action no="5" player="oreiasccp" type="23" sum="490"/>
<action no="6" player="IceStorM85" type="0" discard="1" dealt="1" sum="0"/>
</round>
</game>
<game gamecode="11538651215"><general><startdate>2025-06-28 10:12:49</startdate>
<round>1</round>
<failsafecounter/>
<players><player seat="10" name="Visionarystar52" chips="483" dealer="0" win="160" bet="140" muck="1" rebuy="0" addon="0" merge="0" rebuychips="0" reg_code="8393561434"/>
<player seat="3" name="IceStorM85" chips="477" dealer="1" win="0" bet="0" muck="1" rebuy="0" addon="0" merge="0" rebuychips="0" reg_code="8393561387"/>
<player seat="6" name="oreiasccp" chips="540" dealer="0" win="0" bet="80" muck="1" rebuy="0" addon="0" merge="0" rebuychips="0" reg_code="8393561394"/>
</players>
</general>
<round no="0"><action no="1" player="oreiasccp" type="1" sum="10"/>
<action no="2" player="Visionarystar52" type="2" discard="1" dealt="1" sum="20"/>
</round>
<round no="1"><cards type="Pocket" player="Visionarystar52">X X</cards>
<cards type="Pocket" player="IceStorM85">X X</cards>
<cards type="Pocket" player="oreiasccp">SQ H9</cards>
<action no="3" player="IceStorM85" type="0" discard="1" dealt="1" sum="0"/>
<action no="4" player="oreiasccp" type="23" sum="40"/>
<action no="5" player="Visionarystar52" type="3" discard="1" dealt="1" sum="20"/>
</round>
<round no="2"><cards type="Flop">S7 H8 CJ</cards>
<action no="6" player="oreiasccp" type="5" sum="20"/>
<action no="7" player="Visionarystar52" type="23" discard="1" dealt="1" sum="40"/>
<action no="8" player="oreiasccp" type="3" sum="20"/>
</round>
<round no="3"><cards type="Turn">HA</cards>
<action no="9" player="oreiasccp" type="4" sum="0"/>
<action no="10" player="Visionarystar52" type="4" discard="1" dealt="1" sum="0"/>
</round>
<round no="4"><cards type="River">H2</cards>
<action no="11" player="oreiasccp" type="4" sum="0"/>
<action no="12" player="Visionarystar52" type="5" discard="1" dealt="1" sum="60"/>
<action no="13" player="oreiasccp" type="0" sum="0"/>
</round>
</game>
<game gamecode="11538651351"><general><startdate>2025-06-28 10:13:20</startdate>
<round>1</round>
<failsafecounter/>
<players><player seat="3" name="IceStorM85" chips="477" dealer="0" win="75" bet="155" muck="1" rebuy="0" addon="0" merge="0" rebuychips="0" reg_code="8393561387"/>
<player seat="6" name="oreiasccp" chips="460" dealer="1" win="0" bet="5" muck="1" rebuy="0" addon="0" merge="0" rebuychips="0" reg_code="8393561394"/>
<player seat="10" name="Visionarystar52" chips="563" dealer="0" win="0" bet="35" muck="1" rebuy="0" addon="0" merge="0" rebuychips="0" reg_code="8393561434"/>
</players>
</general>
<round no="0"><action no="1" player="Visionarystar52" type="15" discard="1" dealt="1" sum="5"/>
<action no="2" player="IceStorM85" type="15" discard="1" dealt="1" sum="5"/>
<action no="3" player="oreiasccp" type="15" sum="5"/>
<action no="4" player="Visionarystar52" type="1" discard="1" dealt="1" sum="15"/>
<action no="5" player="IceStorM85" type="2" discard="1" dealt="1" sum="30"/>
</round>
<round no="1"><cards type="Pocket" player="IceStorM85">X X</cards>
<cards type="Pocket" player="oreiasccp">S5 C7</cards>
<cards type="Pocket" player="Visionarystar52">X X</cards>
<action no="6" player="oreiasccp" type="0" sum="0"/>
<action no="7" player="Visionarystar52" type="3" discard="1" dealt="1" sum="15"/>
<action no="8" player="IceStorM85" type="23" discard="1" dealt="1" sum="150"/>
<action no="9" player="Visionarystar52" type="0" discard="1" dealt="1" sum="0"/>
</round>
</game>
<game gamecode="11538654425"><general><startdate>2025-06-28 10:13:38</startdate>
<round>1</round>
<failsafecounter/>
<players><player seat="6" name="oreiasccp" chips="455" dealer="0" win="0" bet="65" muck="1" rebuy="0" addon="0" merge="0" rebuychips="0" reg_code="8393561394"/>
<player seat="10" name="Visionarystar52" chips="528" dealer="1" win="0" bet="5" muck="1" rebuy="0" addon="0" merge="0" rebuychips="0" reg_code="8393561434"/>
<player seat="3" name="IceStorM85" chips="517" dealer="0" win="135" bet="109" muck="1" rebuy="0" addon="0" merge="0" rebuychips="0" reg_code="8393561387"/>
</players>
</general>
<round no="0"><action no="1" player="IceStorM85" type="15" discard="1" dealt="1" sum="5"/>
<action no="2" player="oreiasccp" type="15" sum="5"/>
<action no="3" player="Visionarystar52" type="15" discard="1" dealt="1" sum="5"/>
<action no="4" player="IceStorM85" type="1" discard="1" dealt="1" sum="15"/>
<action no="5" player="oreiasccp" type="2" sum="30"/>
</round>
<round no="1"><cards type="Pocket" player="Visionarystar52">X X</cards>
<cards type="Pocket" player="oreiasccp">D4 CK</cards>
<cards type="Pocket" player="IceStorM85">X X</cards>
<action no="6" player="Visionarystar52" type="0" discard="1" dealt="1" sum="0"/>
<action no="7" player="IceStorM85" type="23" discard="1" dealt="1" sum="60"/>
<action no="8" player="oreiasccp" type="3" sum="30"/>
</round>
<round no="2"><cards type="Flop">CA H2 SA</cards>
<action no="9" player="IceStorM85" type="5" discard="1" dealt="1" sum="44"/>
<action no="10" player="oreiasccp" type="0" sum="0"/>
</round>
</game>
<game gamecode="11538654548"><general><startdate>2025-06-28 10:14:07</startdate>
<round>1</round>
<failsafecounter/>
<players><player seat="10" name="Visionarystar52" chips="523" dealer="0" win="150" bet="523" muck="1" rebuy="0" addon="0" merge="0" rebuychips="0" reg_code="8393561434"/>
<player seat="3" name="IceStorM85" chips="587" dealer="1" win="0" bet="65" muck="1" rebuy="0" addon="0" merge="0" rebuychips="0" reg_code="8393561387"/>
<player seat="6" name="oreiasccp" chips="390" dealer="0" win="0" bet="20" muck="1" rebuy="0" addon="0" merge="0" rebuychips="0" reg_code="8393561394"/>
</players>
</general>
<round no="0"><action no="1" player="oreiasccp" type="15" sum="5"/>
<action no="2" player="Visionarystar52" type="15" discard="1" dealt="1" sum="5"/>
<action no="3" player="IceStorM85" type="15" discard="1" dealt="1" sum="5"/>
<action no="4" player="oreiasccp" type="1" sum="15"/>
<action no="5" player="Visionarystar52" type="2" discard="1" dealt="1" sum="30"/>
</round>
<round no="1"><cards type="Pocket" player="Visionarystar52">X X</cards>
<cards type="Pocket" player="IceStorM85">X X</cards>
<cards type="Pocket" player="oreiasccp">HQ D8</cards>
<action no="6" player="IceStorM85" type="23" discard="1" dealt="1" sum="60"/>
<action no="7" player="oreiasccp" type="0" sum="0"/>
<action no="8" player="Visionarystar52" type="23" discard="1" dealt="1" sum="518"/>
<action no="9" player="IceStorM85" type="0" discard="1" dealt="1" sum="0"/>
</round>
</game>
<game gamecode="11538654602"><general><startdate>2025-06-28 10:14:19</startdate>
<round>1</round>
<failsafecounter/>
<players><player seat="3" name="IceStorM85" chips="522" dealer="0" win="0" bet="35" muck="1" rebuy="0" addon="0" merge="0" rebuychips="0" reg_code="8393561387"/>
<player seat="6" name="oreiasccp" chips="370" dealer="1" win="90" bet="370" muck="1" rebuy="0" addon="0" merge="0" rebuychips="0" reg_code="8393561394"/>
<player seat="10" name="Visionarystar52" chips="608" dealer="0" win="0" bet="20" muck="1" rebuy="0" addon="0" merge="0" rebuychips="0" reg_code="8393561434"/>
</players>
</general>
<round no="0"><action no="1" player="Visionarystar52" type="15" discard="1" dealt="1" sum="5"/>
<action no="2" player="IceStorM85" type="15" discard="1" dealt="1" sum="5"/>
<action no="3" player="oreiasccp" type="15" sum="5"/>
<action no="4" player="Visionarystar52" type="1" discard="1" dealt="1" sum="15"/>
<action no="5" player="IceStorM85" type="2" discard="1" dealt="1" sum="30"/>
</round>
<round no="1"><cards type="Pocket" player="IceStorM85">X X</cards>
<cards type="Pocket" player="Visionarystar52">X X</cards>
<cards type="Pocket" player="oreiasccp">DA CJ</cards>
<action no="6" player="oreiasccp" type="23" sum="365"/>
<action no="7" player="Visionarystar52" type="0" discard="1" dealt="1" sum="0"/>
<action no="8" player="IceStorM85" type="0" discard="1" dealt="1" sum="0"/>
</round>
</game>
<game gamecode="11538654635"><general><startdate>2025-06-28 10:14:28</startdate>
<round>1</round>
<failsafecounter/>
<players><player seat="6" name="oreiasccp" chips="425" dealer="0" win="0" bet="35" muck="1" rebuy="0" addon="0" merge="0" rebuychips="0" reg_code="8393561394"/>
<player seat="10" name="Visionarystar52" chips="588" dealer="1" win="0" bet="5" muck="1" rebuy="0" addon="0" merge="0" rebuychips="0" reg_code="8393561434"/>
<player seat="3" name="IceStorM85" chips="487" dealer="0" win="75" bet="487" muck="1" rebuy="0" addon="0" merge="0" rebuychips="0" reg_code="8393561387"/>
</players>
</general>
<round no="0"><action no="1" player="IceStorM85" type="15" discard="1" dealt="1" sum="5"/>
<action no="2" player="oreiasccp" type="15" sum="5"/>
<action no="3" player="Visionarystar52" type="15" discard="1" dealt="1" sum="5"/>
<action no="4" player="IceStorM85" type="1" discard="1" dealt="1" sum="15"/>
<action no="5" player="oreiasccp" type="2" sum="30"/>
</round>
<round no="1"><cards type="Pocket" player="IceStorM85">X X</cards>
<cards type="Pocket" player="oreiasccp">S7 SK</cards>
<cards type="Pocket" player="Visionarystar52">X X</cards>
<action no="6" player="Visionarystar52" type="0" discard="1" dealt="1" sum="0"/>
<action no="7" player="IceStorM85" type="23" discard="1" dealt="1" sum="482"/>
<action no="8" player="oreiasccp" type="0" sum="0"/>
</round>
</game>
<game gamecode="11538654699"><general><startdate>2025-06-28 10:14:46</startdate>
<round>1</round>
<failsafecounter/>
<players><player seat="10" name="Visionarystar52" chips="583" dealer="0" win="0" bet="35" muck="1" rebuy="0" addon="0" merge="0" rebuychips="0" reg_code="8393561434"/>
<player seat="3" name="IceStorM85" chips="527" dealer="1" win="0" bet="5" muck="1" rebuy="0" addon="0" merge="0" rebuychips="0" reg_code="8393561387"/>
<player seat="6" name="oreiasccp" chips="390" dealer="0" win="75" bet="65" muck="1" rebuy="0" addon="0" merge="0" rebuychips="0" reg_code="8393561394"/>
</players>
</general>
<round no="0"><action no="1" player="oreiasccp" type="15" sum="5"/>
<action no="2" player="Visionarystar52" type="15" discard="1" dealt="1" sum="5"/>
<action no="3" player="IceStorM85" type="15" discard="1" dealt="1" sum="5"/>
<action no="4" player="oreiasccp" type="1" sum="15"/>
<action no="5" player="Visionarystar52" type="2" discard="1" dealt="1" sum="30"/>
</round>
<round no="1"><cards type="Pocket" player="oreiasccp">CJ D7</cards>
<cards type="Pocket" player="IceStorM85">X X</cards>
<cards type="Pocket" player="Visionarystar52">X X</cards>
<action no="6" player="IceStorM85" type="0" discard="1" dealt="1" sum="0"/>
<action no="7" player="oreiasccp" type="23" sum="60"/>
<action no="8" player="Visionarystar52" type="0" discard="1" dealt="1" sum="0"/>
</round>
</game>
<game gamecode="11538654741"><general><startdate>2025-06-28 10:14:57</startdate>
<round>1</round>
<failsafecounter/>
<players><player seat="3" name="IceStorM85" chips="522" dealer="0" win="0" bet="45" muck="1" rebuy="0" addon="0" merge="0" rebuychips="0" reg_code="8393561387"/>
<player seat="6" name="oreiasccp" chips="430" dealer="1" win="115" bet="430" muck="1" rebuy="0" addon="0" merge="0" rebuychips="0" reg_code="8393561394"/>
<player seat="10" name="Visionarystar52" chips="548" dealer="0" win="0" bet="25" muck="1" rebuy="0" addon="0" merge="0" rebuychips="0" reg_code="8393561434"/>
</players>
</general>
<round no="0"><action no="1" player="Visionarystar52" type="15" discard="1" dealt="1" sum="5"/>
<action no="2" player="IceStorM85" type="15" discard="1" dealt="1" sum="5"/>
<action no="3" player="oreiasccp" type="15" sum="5"/>
<action no="4" player="Visionarystar52" type="1" discard="1" dealt="1" sum="20"/>
<action no="5" player="IceStorM85" type="2" discard="1" dealt="1" sum="40"/>
</round>
<round no="1"><cards type="Pocket" player="oreiasccp">H2 SA</cards>
<cards type="Pocket" player="Visionarystar52">X X</cards>
<cards type="Pocket" player="IceStorM85">X X</cards>
<action no="6" player="oreiasccp" type="23" sum="425"/>
<action no="7" player="Visionarystar52" type="0" discard="1" dealt="1" sum="0"/>
<action no="8" player="IceStorM85" type="0" discard="1" dealt="1" sum="0"/>
</round>
</game>
<game gamecode="11538654779"><general><startdate>2025-06-28 10:15:06</startdate>
<round>1</round>
<failsafecounter/>
<players><player seat="6" name="oreiasccp" chips="500" dealer="0" win="0" bet="45" muck="1" rebuy="0" addon="0" merge="0" rebuychips="0" reg_code="8393561394"/>
<player seat="10" name="Visionarystar52" chips="523" dealer="1" win="0" bet="5" muck="1" rebuy="0" addon="0" merge="0" rebuychips="0" reg_code="8393561434"/>
<player seat="3" name="IceStorM85" chips="477" dealer="0" win="95" bet="477" muck="1" rebuy="0" addon="0" merge="0" rebuychips="0" reg_code="8393561387"/>
</players>
</general>
<round no="0"><action no="1" player="IceStorM85" type="15" discard="1" dealt="1" sum="5"/>
<action no="2" player="oreiasccp" type="15" sum="5"/>
<action no="3" player="Visionarystar52" type="15" discard="1" dealt="1" sum="5"/>
<action no="4" player="IceStorM85" type="1" discard="1" dealt="1" sum="20"/>
<action no="5" player="oreiasccp" type="2" sum="40"/>
</round>
<round no="1"><cards type="Pocket" player="Visionarystar52">X X</cards>
<cards type="Pocket" player="oreiasccp">H4 CK</cards>
<cards type="Pocket" player="IceStorM85">X X</cards>
<action no="6" player="Visionarystar52" type="0" discard="1" dealt="1" sum="0"/>
<action no="7" player="IceStorM85" type="23" discard="1" dealt="1" sum="472"/>
<action no="8" player="oreiasccp" type="0" sum="0"/>
</round>
</game>
<game gamecode="11538654822"><general><startdate>2025-06-28 10:15:15</startdate>
<round>1</round>
<failsafecounter/>
<players><player seat="10" name="Visionarystar52" chips="518" dealer="0" win="0" bet="45" muck="1" rebuy="0" addon="0" merge="0" rebuychips="0" reg_code="8393561434"/>
<player seat="3" name="IceStorM85" chips="527" dealer="1" win="0" bet="5" muck="1" rebuy="0" addon="0" merge="0" rebuychips="0" reg_code="8393561387"/>
<player seat="6" name="oreiasccp" chips="455" dealer="0" win="95" bet="85" muck="1" rebuy="0" addon="0" merge="0" rebuychips="0" reg_code="8393561394"/>
</players>
</general>
<round no="0"><action no="1" player="oreiasccp" type="15" sum="5"/>
<action no="2" player="Visionarystar52" type="15" discard="1" dealt="1" sum="5"/>
<action no="3" player="IceStorM85" type="15" discard="1" dealt="1" sum="5"/>
<action no="4" player="oreiasccp" type="1" sum="20"/>
<action no="5" player="Visionarystar52" type="2" discard="1" dealt="1" sum="40"/>
</round>
<round no="1"><cards type="Pocket" player="Visionarystar52">X X</cards>
<cards type="Pocket" player="IceStorM85">X X</cards>
<cards type="Pocket" player="oreiasccp">DK CK</cards>
<action no="6" player="IceStorM85" type="0" discard="1" dealt="1" sum="0"/>
<action no="7" player="oreiasccp" type="23" sum="80"/>
<action no="8" player="Visionarystar52" type="0" discard="1" dealt="1" sum="0"/>
</round>
</game>
<game gamecode="11538654863"><general><startdate>2025-06-28 10:15:25</startdate>
<round>1</round>
<failsafecounter/>
<players><player seat="3" name="IceStorM85" chips="522" dealer="0" win="55" bet="45" muck="1" rebuy="0" addon="0" merge="0" rebuychips="0" reg_code="8393561387"/>
<player seat="6" name="oreiasccp" chips="505" dealer="1" win="0" bet="5" muck="1" rebuy="0" addon="0" merge="0" rebuychips="0" reg_code="8393561394"/>
<player seat="10" name="Visionarystar52" chips="473" dealer="0" win="0" bet="25" muck="1" rebuy="0" addon="0" merge="0" rebuychips="0" reg_code="8393561434"/>
</players>
</general>
<round no="0"><action no="1" player="Visionarystar52" type="15" discard="1" dealt="1" sum="5"/>
<action no="2" player="IceStorM85" type="15" discard="1" dealt="1" sum="5"/>
<action no="3" player="oreiasccp" type="15" sum="5"/>
<action no="4" player="Visionarystar52" type="1" discard="1" dealt="1" sum="20"/>
<action no="5" player="IceStorM85" type="2" discard="1" dealt="1" sum="40"/>
</round>
<round no="1"><cards type="Pocket" player="Visionarystar52">X X</cards>
<cards type="Pocket" player="IceStorM85">X X</cards>
<cards type="Pocket" player="oreiasccp">D4 S2</cards>
<action no="6" player="oreiasccp" type="0" sum="0"/>
<action no="7" player="Visionarystar52" type="0" discard="1" dealt="1" sum="0"/>
</round>
</game>
<game gamecode="11538654887"><general><startdate>2025-06-28 10:15:31</startdate>
<round>1</round>
<failsafecounter/>
<players><player seat="6" name="oreiasccp" chips="500" dealer="0" win="289" bet="262" muck="1" rebuy="0" addon="0" merge="0" rebuychips="0" reg_code="8393561394"/>
<player seat="10" name="Visionarystar52" chips="448" dealer="1" win="0" bet="5" muck="1" rebuy="0" addon="0" merge="0" rebuychips="0" reg_code="8393561434"/>
<player seat="3" name="IceStorM85" chips="552" dealer="0" win="0" bet="142" muck="1" rebuy="0" addon="0" merge="0" rebuychips="0" reg_code="8393561387"/>
</players>
</general>
<round no="0"><action no="1" player="IceStorM85" type="15" discard="1" dealt="1" sum="5"/>
<action no="2" player="oreiasccp" type="15" sum="5"/>
<action no="3" player="Visionarystar52" type="15" discard="1" dealt="1" sum="5"/>
<action no="4" player="IceStorM85" type="1" discard="1" dealt="1" sum="20"/>
<action no="5" player="oreiasccp" type="2" sum="40"/>
</round>
<round no="1"><cards type="Pocket" player="Visionarystar52">X X</cards>
<cards type="Pocket" player="IceStorM85">X X</cards>
<cards type="Pocket" player="oreiasccp">S9 SK</cards>
<action no="6" player="Visionarystar52" type="0" discard="1" dealt="1" sum="0"/>
<action no="7" player="IceStorM85" type="23" discard="1" dealt="1" sum="80"/>
<action no="8" player="oreiasccp" type="3" sum="40"/>
</round>
<round no="2"><cards type="Flop">D4 HJ CK</cards>
<action no="9" player="IceStorM85" type="5" discard="1" dealt="1" sum="57"/>
<action no="10" player="oreiasccp" type="3" sum="57"/>
</round>
<round no="3"><cards type="Turn">D6</cards>
<action no="11" player="IceStorM85" type="4" discard="1" dealt="1" sum="0"/>
<action no="12" player="oreiasccp" type="5" sum="120"/>
<action no="13" player="IceStorM85" type="0" discard="1" dealt="1" sum="0"/>
</round>
</game>
<game gamecode="11538655029"><general><startdate>2025-06-28 10:16:02</startdate>
<round>1</round>
<failsafecounter/>
<players><player seat="10" name="Visionarystar52" chips="443" dealer="0" win="0" bet="45" muck="1" rebuy="0" addon="0" merge="0" rebuychips="0" reg_code="8393561434"/>
<player seat="3" name="IceStorM85" chips="410" dealer="1" win="0" bet="5" muck="1" rebuy="0" addon="0" merge="0" rebuychips="0" reg_code="8393561387"/>
<player seat="6" name="oreiasccp" chips="647" dealer="0" win="95" bet="443" muck="1" rebuy="0" addon="0" merge="0" rebuychips="0" reg_code="8393561394"/>
</players>
</general>
<round no="0"><action no="1" player="oreiasccp" type="15" sum="5"/>
<action no="2" player="Visionarystar52" type="15" discard="1" dealt="1" sum="5"/>
<action no="3" player="IceStorM85" type="15" discard="1" dealt="1" sum="5"/>
<action no="4" player="oreiasccp" type="1" sum="20"/>
<action no="5" player="Visionarystar52" type="2" discard="1" dealt="1" sum="40"/>
</round>
<round no="1"><cards type="Pocket" player="Visionarystar52">X X</cards>
<cards type="Pocket" player="IceStorM85">X X</cards>
<cards type="Pocket" player="oreiasccp">H5 SA</cards>
<action no="6" player="IceStorM85" type="0" discard="1" dealt="1" sum="0"/>
<action no="7" player="oreiasccp" type="23" sum="438"/>
<action no="8" player="Visionarystar52" type="0" discard="1" dealt="1" sum="0"/>
</round>
</game>
<game gamecode="11538655073"><general><startdate>2025-06-28 10:16:14</startdate>
<round>1</round>
<failsafecounter/>
<players><player seat="3" name="IceStorM85" chips="405" dealer="0" win="0" bet="45" muck="1" rebuy="0" addon="0" merge="0" rebuychips="0" reg_code="8393561387"/>
<player seat="6" name="oreiasccp" chips="697" dealer="1" win="115" bet="405" muck="1" rebuy="0" addon="0" merge="0" rebuychips="0" reg_code="8393561394"/>
<player seat="10" name="Visionarystar52" chips="398" dealer="0" win="0" bet="25" muck="1" rebuy="0" addon="0" merge="0" rebuychips="0" reg_code="8393561434"/>
</players>
</general>
<round no="0"><action no="1" player="Visionarystar52" type="15" discard="1" dealt="1" sum="5"/>
<action no="2" player="IceStorM85" type="15" discard="1" dealt="1" sum="5"/>
<action no="3" player="oreiasccp" type="15" sum="5"/>
<action no="4" player="Visionarystar52" type="1" discard="1" dealt="1" sum="20"/>
<action no="5" player="IceStorM85" type="2" discard="1" dealt="1" sum="40"/>
</round>
<round no="1"><cards type="Pocket" player="IceStorM85">X X</cards>
<cards type="Pocket" player="Visionarystar52">X X</cards>
<cards type="Pocket" player="oreiasccp">HA D6</cards>
<action no="6" player="oreiasccp" type="23" sum="400"/>
<action no="7" player="Visionarystar52" type="0" discard="1" dealt="1" sum="0"/>
<action no="8" player="IceStorM85" type="0" discard="1" dealt="1" sum="0"/>
</round>
</game>
<game gamecode="11538655111"><general><startdate>2025-06-28 10:16:23</startdate>
<round>1</round>
<failsafecounter/>
<players><player seat="6" name="oreiasccp" chips="767" dealer="0" win="0" bet="45" muck="1" rebuy="0" addon="0" merge="0" rebuychips="0" reg_code="8393561394"/>
<player seat="10" name="Visionarystar52" chips="373" dealer="1" win="115" bet="85" muck="1" rebuy="0" addon="0" merge="0" rebuychips="0" reg_code="8393561434"/>
<player seat="3" name="IceStorM85" chips="360" dealer="0" win="0" bet="25" muck="1" rebuy="0" addon="0" merge="0" rebuychips="0" reg_code="8393561387"/>
</players>
</general>
<round no="0"><action no="1" player="IceStorM85" type="15" discard="1" dealt="1" sum="5"/>
<action no="2" player="oreiasccp" type="15" sum="5"/>
<action no="3" player="Visionarystar52" type="15" discard="1" dealt="1" sum="5"/>
<action no="4" player="IceStorM85" type="1" discard="1" dealt="1" sum="20"/>
<action no="5" player="oreiasccp" type="2" sum="40"/>
</round>
<round no="1"><cards type="Pocket" player="IceStorM85">X X</cards>
<cards type="Pocket" player="Visionarystar52">X X</cards>
<cards type="Pocket" player="oreiasccp">SK C8</cards>
<action no="6" player="Visionarystar52" type="23" discard="1" dealt="1" sum="80"/>
<action no="7" player="IceStorM85" type="0" discard="1" dealt="1" sum="0"/>
<action no="8" player="oreiasccp" type="0" sum="0"/>
</round>
</game>
<game gamecode="11538655149"><general><startdate>2025-06-28 10:16:33</startdate>
<round>1</round>
<failsafecounter/>
<players><player seat="10" name="Visionarystar52" chips="443" dealer="0" win="0" bet="45" muck="1" rebuy="0" addon="0" merge="0" rebuychips="0" reg_code="8393561434"/>
<player seat="3" name="IceStorM85" chips="335" dealer="1" win="0" bet="5" muck="1" rebuy="0" addon="0" merge="0" rebuychips="0" reg_code="8393561387"/>
<player seat="6" name="oreiasccp" chips="722" dealer="0" win="95" bet="443" muck="1" rebuy="0" addon="0" merge="0" rebuychips="0" reg_code="8393561394"/>
</players>
</general>
<round no="0"><action no="1" player="oreiasccp" type="15" sum="5"/>
<action no="2" player="Visionarystar52" type="15" discard="1" dealt="1" sum="5"/>
<action no="3" player="IceStorM85" type="15" discard="1" dealt="1" sum="5"/>
<action no="4" player="oreiasccp" type="1" sum="20"/>
<action no="5" player="Visionarystar52" type="2" discard="1" dealt="1" sum="40"/>
</round>
<round no="1"><cards type="Pocket" player="Visionarystar52">X X</cards>
<cards type="Pocket" player="IceStorM85">X X</cards>
<cards type="Pocket" player="oreiasccp">S4 SA</cards>
<action no="6" player="IceStorM85" type="0" discard="1" dealt="1" sum="0"/>
<action no="7" player="oreiasccp" type="23" sum="438"/>
<action no="8" player="Visionarystar52" type="0" discard="1" dealt="1" sum="0"/>
</round>
</game>
<game gamecode="11538655181"><general><startdate>2025-06-28 10:16:43</startdate>
<round>1</round>
<failsafecounter/>
<players><player seat="3" name="IceStorM85" chips="330" dealer="0" win="55" bet="45" muck="1" rebuy="0" addon="0" merge="0" rebuychips="0" reg_code="8393561387"/>
<player seat="6" name="oreiasccp" chips="772" dealer="1" win="0" bet="5" muck="1" rebuy="0" addon="0" merge="0" rebuychips="0" reg_code="8393561394"/>
<player seat="10" name="Visionarystar52" chips="398" dealer="0" win="0" bet="25" muck="1" rebuy="0" addon="0" merge="0" rebuychips="0" reg_code="8393561434"/>
</players>
</general>
<round no="0"><action no="1" player="Visionarystar52" type="15" discard="1" dealt="1" sum="5"/>
<action no="2" player="IceStorM85" type="15" discard="1" dealt="1" sum="5"/>
<action no="3" player="oreiasccp" type="15" sum="5"/>
<action no="4" player="Visionarystar52" type="1" discard="1" dealt="1" sum="20"/>
<action no="5" player="IceStorM85" type="2" discard="1" dealt="1" sum="40"/>
</round>
<round no="1"><cards type="Pocket" player="Visionarystar52">X X</cards>
<cards type="Pocket" player="IceStorM85">X X</cards>
<cards type="Pocket" player="oreiasccp">C9 H2</cards>
<action no="6" player="oreiasccp" type="0" sum="0"/>
<action no="7" player="Visionarystar52" type="0" discard="1" dealt="1" sum="0"/>
</round>
</game>
<game gamecode="11538655209"><general><startdate>2025-06-28 10:16:50</startdate>
<round>1</round>
<failsafecounter/>
<players><player seat="6" name="oreiasccp" chips="767" dealer="0" win="55" bet="45" muck="1" rebuy="0" addon="0" merge="0" rebuychips="0" reg_code="8393561394"/>
<player seat="10" name="Visionarystar52" chips="373" dealer="1" win="0" bet="5" muck="1" rebuy="0" addon="0" merge="0" rebuychips="0" reg_code="8393561434"/>
<player seat="3" name="IceStorM85" chips="360" dealer="0" win="0" bet="25" muck="1" rebuy="0" addon="0" merge="0" rebuychips="0" reg_code="8393561387"/>
</players>
</general>
<round no="0"><action no="1" player="IceStorM85" type="15" discard="1" dealt="1" sum="5"/>
<action no="2" player="oreiasccp" type="15" sum="5"/>
<action no="3" player="Visionarystar52" type="15" discard="1" dealt="1" sum="5"/>
<action no="4" player="IceStorM85" type="1" discard="1" dealt="1" sum="20"/>
<action no="5" player="oreiasccp" type="2" sum="40"/>
</round>
<round no="1"><cards type="Pocket" player="oreiasccp">H10 D8</cards>
<cards type="Pocket" player="IceStorM85">X X</cards>
<cards type="Pocket" player="Visionarystar52">X X</cards>
<action no="6" player="Visionarystar52" type="0" discard="1" dealt="1" sum="0"/>
<action no="7" player="IceStorM85" type="0" discard="1" dealt="1" sum="0"/>
</round>
</game>
<game gamecode="11538655248"><general><startdate>2025-06-28 10:17:01</startdate>
<round>1</round>
<failsafecounter/>
<players><player seat="10" name="Visionarystar52" chips="368" dealer="0" win="741" bet="368" muck="0" rebuy="0" addon="0" merge="0" rebuychips="0" reg_code="8393561434"/>
<player seat="3" name="IceStorM85" chips="335" dealer="1" win="0" bet="5" muck="1" rebuy="0" addon="0" merge="0" rebuychips="0" reg_code="8393561387"/>
<player seat="6" name="oreiasccp" chips="797" dealer="0" win="0" bet="368" muck="1" rebuy="0" addon="0" merge="0" rebuychips="0" reg_code="8393561394"/>
</players>
</general>
<round no="0"><action no="1" player="oreiasccp" type="15" sum="5"/>
<action no="2" player="Visionarystar52" type="15" discard="1" dealt="1" sum="5"/>
<action no="3" player="IceStorM85" type="15" discard="1" dealt="1" sum="5"/>
<action no="4" player="oreiasccp" type="1" sum="30"/>
<action no="5" player="Visionarystar52" type="2" discard="1" dealt="1" sum="60"/>
</round>
<round no="1"><cards type="Pocket" player="IceStorM85">X X</cards>
<cards type="Pocket" player="oreiasccp">C2 CJ</cards>
<cards type="Pocket" player="Visionarystar52">S10 SK</cards>
<action no="6" player="IceStorM85" type="0" discard="1" dealt="1" sum="0"/>
<action no="7" player="oreiasccp" type="23" sum="363"/>
<action no="8" player="Visionarystar52" type="7" discard="1" dealt="1" sum="303"/>
</round>
<round no="2"><cards type="Flop">CQ SA C5</cards>
</round>
<round no="3"><cards type="Turn">HJ</cards>
</round>
<round no="4"><cards type="River">SQ</cards>
</round>
</game>
<game gamecode="11538655352"><general><startdate>2025-06-28 10:17:26</startdate>
<round>1</round>
<failsafecounter/>
<players><player seat="3" name="IceStorM85" chips="330" dealer="0" win="75" bet="65" muck="1" rebuy="0" addon="0" merge="0" rebuychips="0" reg_code="8393561387"/>
<player seat="6" name="oreiasccp" chips="429" dealer="1" win="0" bet="5" muck="1" rebuy="0" addon="0" merge="0" rebuychips="0" reg_code="8393561394"/>
<player seat="10" name="Visionarystar52" chips="741" dealer="0" win="0" bet="35" muck="1" rebuy="0" addon="0" merge="0" rebuychips="0" reg_code="8393561434"/>
</players>
</general>
<round no="0"><action no="1" player="Visionarystar52" type="15" discard="1" dealt="1" sum="5"/>
<action no="2" player="IceStorM85" type="15" discard="1" dealt="1" sum="5"/>
<action no="3" player="oreiasccp" type="15" sum="5"/>
<action no="4" player="Visionarystar52" type="1" discard="1" dealt="1" sum="30"/>
<action no="5" player="IceStorM85" type="2" discard="1" dealt="1" sum="60"/>
</round>
<round no="1"><cards type="Pocket" player="IceStorM85">X X</cards>
<cards type="Pocket" player="Visionarystar52">X X</cards>
<cards type="Pocket" player="oreiasccp">H5 H2</cards>
<action no="6" player="oreiasccp" type="0" sum="0"/>
<action no="7" player="Visionarystar52" type="0" discard="1" dealt="1" sum="0"/>
</round>
</game>
<game gamecode="11538655385"><general><startdate>2025-06-28 10:17:33</startdate>
<round>1</round>
<failsafecounter/>
<players><player seat="6" name="oreiasccp" chips="424" dealer="0" win="0" bet="65" muck="1" rebuy="0" addon="0" merge="0" rebuychips="0" reg_code="8393561394"/>
<player seat="10" name="Visionarystar52" chips="706" dealer="1" win="0" bet="5" muck="1" rebuy="0" addon="0" merge="0" rebuychips="0" reg_code="8393561434"/>
<player seat="3" name="IceStorM85" chips="370" dealer="0" win="135" bet="370" muck="1" rebuy="0" addon="0" merge="0" rebuychips="0" reg_code="8393561387"/>
</players>
</general>
<round no="0"><action no="1" player="IceStorM85" type="15" discard="1" dealt="1" sum="5"/>
<action no="2" player="oreiasccp" type="15" sum="5"/>
<action no="3" player="Visionarystar52" type="15" discard="1" dealt="1" sum="5"/>
<action no="4" player="IceStorM85" type="1" discard="1" dealt="1" sum="30"/>
<action no="5" player="oreiasccp" type="2" sum="60"/>
</round>
<round no="1"><cards type="Pocket" player="oreiasccp">C3 C7</cards>
<cards type="Pocket" player="IceStorM85">X X</cards>
<cards type="Pocket" player="Visionarystar52">X X</cards>
<action no="6" player="Visionarystar52" type="0" discard="1" dealt="1" sum="0"/>
<action no="7" player="IceStorM85" type="23" discard="1" dealt="1" sum="365"/>
<action no="8" player="oreiasccp" type="0" sum="0"/>
</round>
</game>
<game gamecode="11538655438"><general><startdate>2025-06-28 10:17:47</startdate>
<round>1</round>
<failsafecounter/>
<players><player seat="10" name="Visionarystar52" chips="701" dealer="0" win="0" bet="65" muck="1" rebuy="0" addon="0" merge="0" rebuychips="0" reg_code="8393561434"/>
<player seat="3" name="IceStorM85" chips="440" dealer="1" win="0" bet="5" muck="1" rebuy="0" addon="0" merge="0" rebuychips="0" reg_code="8393561387"/>
<player seat="6" name="oreiasccp" chips="359" dealer="0" win="135" bet="359" muck="1" rebuy="0" addon="0" merge="0" rebuychips="0" reg_code="8393561394"/>
</players>
</general>
<round no="0"><action no="1" player="oreiasccp" type="15" sum="5"/>
<action no="2" player="Visionarystar52" type="15" discard="1" dealt="1" sum="5"/>
<action no="3" player="IceStorM85" type="15" discard="1" dealt="1" sum="5"/>
<action no="4" player="oreiasccp" type="1" sum="30"/>
<action no="5" player="Visionarystar52" type="2" discard="1" dealt="1" sum="60"/>
</round>
<round no="1"><cards type="Pocket" player="Visionarystar52">X X</cards>
<cards type="Pocket" player="IceStorM85">X X</cards>
<cards type="Pocket" player="oreiasccp">S4 H4</cards>
<action no="6" player="IceStorM85" type="0" discard="1" dealt="1" sum="0"/>
<action no="7" player="oreiasccp" type="23" sum="354"/>
<action no="8" player="Visionarystar52" type="0" discard="1" dealt="1" sum="0"/>
</round>
</game>
<game gamecode="11538655472"><general><startdate>2025-06-28 10:17:57</startdate>
<round>1</round>
<failsafecounter/>
<players><player seat="3" name="IceStorM85" chips="435" dealer="0" win="893" bet="429" muck="0" rebuy="0" addon="0" merge="0" rebuychips="0" reg_code="8393561387"/>
<player seat="6" name="oreiasccp" chips="429" dealer="1" win="0" bet="429" muck="0" rebuy="0" addon="0" merge="0" rebuychips="0" reg_code="8393561394"/>
<player seat="10" name="Visionarystar52" chips="636" dealer="0" win="0" bet="35" muck="1" rebuy="0" addon="0" merge="0" rebuychips="0" reg_code="8393561434"/>
</players>
</general>
<round no="0"><action no="1" player="Visionarystar52" type="15" discard="1" dealt="1" sum="5"/>
<action no="2" player="IceStorM85" type="15" discard="1" dealt="1" sum="5"/>
<action no="3" player="oreiasccp" type="15" sum="5"/>
<action no="4" player="Visionarystar52" type="1" discard="1" dealt="1" sum="30"/>
<action no="5" player="IceStorM85" type="2" discard="1" dealt="1" sum="60"/>
</round>
<round no="1"><cards type="Pocket" player="oreiasccp">C5 S5</cards>
<cards type="Pocket" player="Visionarystar52">X X</cards>
<cards type="Pocket" player="IceStorM85">CA HJ</cards>
<action no="6" player="oreiasccp" type="23" sum="424"/>
<action no="7" player="Visionarystar52" type="0" discard="1" dealt="1" sum="0"/>
<action no="8" player="IceStorM85" type="3" discard="1" dealt="1" sum="364"/>
</round>
<round no="2"><cards type="Flop">S10 DK D2</cards>
</round>
<round no="3"><cards type="Turn">SJ</cards>
</round>
<round no="4"><cards type="River">S4</cards>
</round>
</game>
</session>
