<?xml version="1.0" encoding="UTF-8"?>
<session sessioncode="8393543089">
<general>
<client_version>25.1.1.13</client_version>
<mode>real</mode>
<gametype>Holdem NL</gametype>
<tablename>Twister €5 SNG, 1128750432</tablename>
<tournamentcode>1128750431</tournamentcode>
<tournamentname>Twister €5 SNG</tournamentname>
<buyin>€0 + €0.35 + €4.65</buyin>
<totalbuyin>€5</totalbuyin>
<rewarddrawn>€10</rewarddrawn>
<tournamentcurrency>EUR</tournamentcurrency>
<currency>EUR</currency>
<nickname>oreiasccp</nickname>
<gamecount>18</gamecount>
<startdate>2025-06-28 09:15:49</startdate>
<place>2</place>
<win>€0</win>
<tablesize>3</tablesize>
</general>
<game gamecode="11538603313"><general><startdate>2025-06-28 09:16:04</startdate>
<round>1</round>
<failsafecounter/>
<players><player seat="3" name="giannhsKollias" chips="500" dealer="0" win="20" bet="20" muck="1" rebuy="0" addon="0" merge="0" rebuychips="0" reg_code="8393543036"/>
<player seat="6" name="Humbert25" chips="500" dealer="1" win="0" bet="0" muck="1" rebuy="0" addon="0" merge="0" rebuychips="0" reg_code="8393543064"/>
<player seat="10" name="oreiasccp" chips="500" dealer="0" win="0" bet="10" muck="1" rebuy="0" addon="0" merge="0" rebuychips="0" reg_code="8393543089"/>
</players>
</general>
<round no="0"><action no="1" player="oreiasccp" type="1" sum="10"/>
<action no="2" player="giannhsKollias" type="2" discard="1" dealt="1" sum="20"/>
</round>
<round no="1"><cards type="Pocket" player="Humbert25">X X</cards>
<cards type="Pocket" player="giannhsKollias">X X</cards>
<cards type="Pocket" player="oreiasccp">S6 D10</cards>
<action no="3" player="Humbert25" type="0" discard="1" dealt="1" sum="0"/>
<action no="4" player="oreiasccp" type="0" sum="0"/>
</round>
</game>
<game gamecode="11538603343"><general><startdate>2025-06-28 09:16:15</startdate>
<round>1</round>
<failsafecounter/>
<players><player seat="6" name="Humbert25" chips="500" dealer="0" win="0" bet="20" muck="1" rebuy="0" addon="0" merge="0" rebuychips="0" reg_code="8393543064"/>
<player seat="10" name="oreiasccp" chips="490" dealer="1" win="0" bet="0" muck="1" rebuy="0" addon="0" merge="0" rebuychips="0" reg_code="8393543089"/>
<player seat="3" name="giannhsKollias" chips="510" dealer="0" win="40" bet="100" muck="1" rebuy="0" addon="0" merge="0" rebuychips="0" reg_code="8393543036"/>
</players>
</general>
<round no="0"><action no="1" player="giannhsKollias" type="1" discard="1" dealt="1" sum="10"/>
<action no="2" player="Humbert25" type="2" discard="1" dealt="1" sum="20"/>
</round>
<round no="1"><cards type="Pocket" player="Humbert25">X X</cards>
<cards type="Pocket" player="oreiasccp">D7 H6</cards>
<cards type="Pocket" player="giannhsKollias">X X</cards>
<action no="3" player="oreiasccp" type="0" sum="0"/>
<action no="4" player="giannhsKollias" type="3" discard="1" dealt="1" sum="10"/>
<action no="5" player="Humbert25" type="4" discard="1" dealt="1" sum="0"/>
</round>
<round no="2"><cards type="Flop">C10 DK C5</cards>
<action no="6" player="giannhsKollias" type="5" discard="1" dealt="1" sum="80"/>
<action no="7" player="Humbert25" type="0" discard="1" dealt="1" sum="0"/>
</round>
</game>
<game gamecode="11538603402"><general><startdate>2025-06-28 09:16:34</startdate>
<round>1</round>
<failsafecounter/>
<players><player seat="10" name="oreiasccp" chips="490" dealer="0" win="0" bet="20" muck="1" rebuy="0" addon="0" merge="0" rebuychips="0" reg_code="8393543089"/>
<player seat="3" name="giannhsKollias" chips="530" dealer="1" win="0" bet="140" muck="1" rebuy="0" addon="0" merge="0" rebuychips="0" reg_code="8393543036"/>
<player seat="6" name="Humbert25" chips="480" dealer="0" win="300" bet="480" muck="1" rebuy="0" addon="0" merge="0" rebuychips="0" reg_code="8393543064"/>
</players>
</general>
<round no="0"><action no="1" player="Humbert25" type="1" discard="1" dealt="1" sum="10"/>
<action no="2" player="oreiasccp" type="2" sum="20"/>
</round>
<round no="1"><cards type="Pocket" player="giannhsKollias">X X</cards>
<cards type="Pocket" player="Humbert25">X X</cards>
<cards type="Pocket" player="oreiasccp">H10 S5</cards>
<action no="3" player="giannhsKollias" type="3" discard="1" dealt="1" sum="20"/>
<action no="4" player="Humbert25" type="3" discard="1" dealt="1" sum="10"/>
<action no="5" player="oreiasccp" type="4" sum="0"/>
</round>
<round no="2"><cards type="Flop">D7 C6 DK</cards>
<action no="6" player="Humbert25" type="5" discard="1" dealt="1" sum="45"/>
<action no="7" player="oreiasccp" type="0" sum="0"/>
<action no="8" player="giannhsKollias" type="3" discard="1" dealt="1" sum="45"/>
</round>
<round no="3"><cards type="Turn">SK</cards>
<action no="9" player="Humbert25" type="5" discard="1" dealt="1" sum="75"/>
<action no="10" player="giannhsKollias" type="3" discard="1" dealt="1" sum="75"/>
</round>
<round no="4"><cards type="River">CA</cards>
<action no="11" player="Humbert25" type="5" discard="1" dealt="1" sum="340"/>
<action no="12" player="giannhsKollias" type="0" discard="1" dealt="1" sum="0"/>
</round>
</game>
<game gamecode="11538603508"><general><startdate>2025-06-28 09:17:11</startdate>
<round>1</round>
<failsafecounter/>
<players><player seat="3" name="giannhsKollias" chips="390" dealer="0" win="120" bet="180" muck="1" rebuy="0" addon="0" merge="0" rebuychips="0" reg_code="8393543036"/>
<player seat="6" name="Humbert25" chips="640" dealer="1" win="0" bet="0" muck="1" rebuy="0" addon="0" merge="0" rebuychips="0" reg_code="8393543064"/>
<player seat="10" name="oreiasccp" chips="470" dealer="0" win="0" bet="60" muck="1" rebuy="0" addon="0" merge="0" rebuychips="0" reg_code="8393543089"/>
</players>
</general>
<round no="0"><action no="1" player="oreiasccp" type="1" sum="10"/>
<action no="2" player="giannhsKollias" type="2" discard="1" dealt="1" sum="20"/>
</round>
<round no="1"><cards type="Pocket" player="giannhsKollias">X X</cards>
<cards type="Pocket" player="Humbert25">X X</cards>
<cards type="Pocket" player="oreiasccp">S4 SQ</cards>
<action no="3" player="Humbert25" type="0" discard="1" dealt="1" sum="0"/>
<action no="4" player="oreiasccp" type="23" sum="40"/>
<action no="5" player="giannhsKollias" type="3" discard="1" dealt="1" sum="20"/>
</round>
<round no="2"><cards type="Flop">D10 S3 H9</cards>
<action no="6" player="oreiasccp" type="5" sum="20"/>
<action no="7" player="giannhsKollias" type="3" discard="1" dealt="1" sum="20"/>
</round>
<round no="3"><cards type="Turn">C9</cards>
<action no="8" player="oreiasccp" type="4" sum="0"/>
<action no="9" player="giannhsKollias" type="5" discard="1" dealt="1" sum="120"/>
<action no="10" player="oreiasccp" type="0" sum="0"/>
</round>
</game>
<game gamecode="11538603579"><general><startdate>2025-06-28 09:17:31</startdate>
<round>1</round>
<failsafecounter/>
<players><player seat="6" name="Humbert25" chips="640" dealer="0" win="0" bet="20" muck="1" rebuy="0" addon="0" merge="0" rebuychips="0" reg_code="8393543064"/>
<player seat="10" name="oreiasccp" chips="410" dealer="1" win="0" bet="140" muck="1" rebuy="0" addon="0" merge="0" rebuychips="0" reg_code="8393543089"/>
<player seat="3" name="giannhsKollias" chips="450" dealer="0" win="300" bet="290" muck="1" rebuy="0" addon="0" merge="0" rebuychips="0" reg_code="8393543036"/>
</players>
</general>
<round no="0"><action no="1" player="giannhsKollias" type="1" discard="1" dealt="1" sum="10"/>
<action no="2" player="Humbert25" type="2" discard="1" dealt="1" sum="20"/>
</round>
<round no="1"><cards type="Pocket" player="oreiasccp">CK C4</cards>
<cards type="Pocket" player="giannhsKollias">X X</cards>
<cards type="Pocket" player="Humbert25">X X</cards>
<action no="3" player="oreiasccp" type="23" sum="40"/>
<action no="4" player="giannhsKollias" type="3" discard="1" dealt="1" sum="30"/>
<action no="5" player="Humbert25" type="0" discard="1" dealt="1" sum="0"/>
</round>
<round no="2"><cards type="Flop">D5 C6 CQ</cards>
<action no="6" player="giannhsKollias" type="5" discard="1" dealt="1" sum="100"/>
<action no="7" player="oreiasccp" type="3" sum="100"/>
</round>
<round no="3"><cards type="Turn">SA</cards>
<action no="8" player="giannhsKollias" type="4" discard="1" dealt="1" sum="0"/>
<action no="9" player="oreiasccp" type="4" sum="0"/>
</round>
<round no="4"><cards type="River">DQ</cards>
<action no="10" player="giannhsKollias" type="5" discard="1" dealt="1" sum="150"/>
<action no="11" player="oreiasccp" type="0" sum="0"/>
</round>
</game>
<game gamecode="11538603632"><general><startdate>2025-06-28 09:17:51</startdate>
<round>1</round>
<failsafecounter/>
<players><player seat="10" name="oreiasccp" chips="270" dealer="0" win="0" bet="150" muck="1" rebuy="0" addon="0" merge="0" rebuychips="0" reg_code="8393543089"/>
<player seat="3" name="giannhsKollias" chips="610" dealer="1" win="0" bet="0" muck="1" rebuy="0" addon="0" merge="0" rebuychips="0" reg_code="8393543036"/>
<player seat="6" name="Humbert25" chips="620" dealer="0" win="300" bet="300" muck="1" rebuy="0" addon="0" merge="0" rebuychips="0" reg_code="8393543064"/>
</players>
</general>
<round no="0"><action no="1" player="Humbert25" type="1" discard="1" dealt="1" sum="10"/>
<action no="2" player="oreiasccp" type="2" sum="20"/>
</round>
<round no="1"><cards type="Pocket" player="giannhsKollias">X X</cards>
<cards type="Pocket" player="oreiasccp">D4 SK</cards>
<cards type="Pocket" player="Humbert25">X X</cards>
<action no="3" player="giannhsKollias" type="0" discard="1" dealt="1" sum="0"/>
<action no="4" player="Humbert25" type="23" discard="1" dealt="1" sum="40"/>
<action no="5" player="oreiasccp" type="3" sum="20"/>
</round>
<round no="2"><cards type="Flop">S4 S7 SQ</cards>
<action no="6" player="Humbert25" type="5" discard="1" dealt="1" sum="20"/>
<action no="7" player="oreiasccp" type="3" sum="20"/>
</round>
<round no="3"><cards type="Turn">DA</cards>
<action no="8" player="Humbert25" type="5" discard="1" dealt="1" sum="90"/>
<action no="9" player="oreiasccp" type="3" sum="90"/>
</round>
<round no="4"><cards type="River">H8</cards>
<action no="10" player="Humbert25" type="5" discard="1" dealt="1" sum="150"/>
<action no="11" player="oreiasccp" type="0" sum="0"/>
</round>
</game>
<game gamecode="11538603726"><general><startdate>2025-06-28 09:18:23</startdate>
<round>1</round>
<failsafecounter/>
<players><player seat="3" name="giannhsKollias" chips="610" dealer="0" win="150" bet="215" muck="1" rebuy="0" addon="0" merge="0" rebuychips="0" reg_code="8393543036"/>
<player seat="6" name="Humbert25" chips="770" dealer="1" win="0" bet="65" muck="1" rebuy="0" addon="0" merge="0" rebuychips="0" reg_code="8393543064"/>
<player seat="10" name="oreiasccp" chips="120" dealer="0" win="0" bet="20" muck="1" rebuy="0" addon="0" merge="0" rebuychips="0" reg_code="8393543089"/>
</players>
</general>
<round no="0"><action no="1" player="oreiasccp" type="15" sum="5"/>
<action no="2" player="giannhsKollias" type="15" discard="1" dealt="1" sum="5"/>
<action no="3" player="Humbert25" type="15" discard="1" dealt="1" sum="5"/>
<action no="4" player="oreiasccp" type="1" sum="15"/>
<action no="5" player="giannhsKollias" type="2" discard="1" dealt="1" sum="30"/>
</round>
<round no="1"><cards type="Pocket" player="giannhsKollias">X X</cards>
<cards type="Pocket" player="Humbert25">X X</cards>
<cards type="Pocket" player="oreiasccp">H10 SK</cards>
<action no="6" player="Humbert25" type="23" discard="1" dealt="1" sum="60"/>
<action no="7" player="oreiasccp" type="0" sum="0"/>
<action no="8" player="giannhsKollias" type="3" discard="1" dealt="1" sum="30"/>
</round>
<round no="2"><cards type="Flop">H8 S3 C3</cards>
<action no="9" player="giannhsKollias" type="5" discard="1" dealt="1" sum="150"/>
<action no="10" player="Humbert25" type="0" discard="1" dealt="1" sum="0"/>
</round>
</game>
<game gamecode="11538603798"><general><startdate>2025-06-28 09:18:47</startdate>
<round>1</round>
<failsafecounter/>
<players><player seat="6" name="Humbert25" chips="705" dealer="0" win="0" bet="35" muck="1" rebuy="0" addon="0" merge="0" rebuychips="0" reg_code="8393543064"/>
<player seat="10" name="oreiasccp" chips="100" dealer="1" win="0" bet="5" muck="1" rebuy="0" addon="0" merge="0" rebuychips="0" reg_code="8393543089"/>
<player seat="3" name="giannhsKollias" chips="695" dealer="0" win="75" bet="65" muck="1" rebuy="0" addon="0" merge="0" rebuychips="0" reg_code="8393543036"/>
</players>
</general>
<round no="0"><action no="1" player="giannhsKollias" type="15" discard="1" dealt="1" sum="5"/>
<action no="2" player="Humbert25" type="15" discard="1" dealt="1" sum="5"/>
<action no="3" player="oreiasccp" type="15" sum="5"/>
<action no="4" player="giannhsKollias" type="1" discard="1" dealt="1" sum="15"/>
<action no="5" player="Humbert25" type="2" discard="1" dealt="1" sum="30"/>
</round>
<round no="1"><cards type="Pocket" player="oreiasccp">C2 S8</cards>
<cards type="Pocket" player="giannhsKollias">X X</cards>
<cards type="Pocket" player="Humbert25">X X</cards>
<action no="6" player="oreiasccp" type="0" sum="0"/>
<action no="7" player="giannhsKollias" type="23" discard="1" dealt="1" sum="60"/>
<action no="8" player="Humbert25" type="0" discard="1" dealt="1" sum="0"/>
</round>
</game>
<game gamecode="11538603833"><general><startdate>2025-06-28 09:18:59</startdate>
<round>1</round>
<failsafecounter/>
<players><player seat="10" name="oreiasccp" chips="95" dealer="0" win="0" bet="35" muck="1" rebuy="0" addon="0" merge="0" rebuychips="0" reg_code="8393543089"/>
<player seat="3" name="giannhsKollias" chips="735" dealer="1" win="0" bet="5" muck="1" rebuy="0" addon="0" merge="0" rebuychips="0" reg_code="8393543036"/>
<player seat="6" name="Humbert25" chips="670" dealer="0" win="75" bet="95" muck="1" rebuy="0" addon="0" merge="0" rebuychips="0" reg_code="8393543064"/>
</players>
</general>
<round no="0"><action no="1" player="Humbert25" type="15" discard="1" dealt="1" sum="5"/>
<action no="2" player="oreiasccp" type="15" sum="5"/>
<action no="3" player="giannhsKollias" type="15" discard="1" dealt="1" sum="5"/>
<action no="4" player="Humbert25" type="1" discard="1" dealt="1" sum="15"/>
<action no="5" player="oreiasccp" type="2" sum="30"/>
</round>
<round no="1"><cards type="Pocket" player="giannhsKollias">X X</cards>
<cards type="Pocket" player="Humbert25">X X</cards>
<cards type="Pocket" player="oreiasccp">S6 C10</cards>
<action no="6" player="giannhsKollias" type="0" discard="1" dealt="1" sum="0"/>
<action no="7" player="Humbert25" type="23" discard="1" dealt="1" sum="90"/>
<action no="8" player="oreiasccp" type="0" sum="0"/>
</round>
</game>
<game gamecode="11538603867"><general><startdate>2025-06-28 09:19:10</startdate>
<round>1</round>
<failsafecounter/>
<players><player seat="3" name="giannhsKollias" chips="730" dealer="0" win="0" bet="35" muck="1" rebuy="0" addon="0" merge="0" rebuychips="0" reg_code="8393543036"/>
<player seat="6" name="Humbert25" chips="710" dealer="1" win="0" bet="65" muck="0" rebuy="0" addon="0" merge="0" rebuychips="0" reg_code="8393543064"/>
<player seat="10" name="oreiasccp" chips="60" dealer="0" win="155" bet="60" muck="0" rebuy="0" addon="0" merge="0" rebuychips="0" reg_code="8393543089"/>
</players>
</general>
<round no="0"><action no="1" player="oreiasccp" type="15" sum="5"/>
<action no="2" player="giannhsKollias" type="15" discard="1" dealt="1" sum="5"/>
<action no="3" player="Humbert25" type="15" discard="1" dealt="1" sum="5"/>
<action no="4" player="oreiasccp" type="1" sum="15"/>
<action no="5" player="giannhsKollias" type="2" discard="1" dealt="1" sum="30"/>
</round>
<round no="1"><cards type="Pocket" player="giannhsKollias">X X</cards>
<cards type="Pocket" player="Humbert25">HK SJ</cards>
<cards type="Pocket" player="oreiasccp">DA S10</cards>
<action no="6" player="Humbert25" type="23" discard="1" dealt="1" sum="60"/>
<action no="7" player="oreiasccp" type="7" sum="40"/>
<action no="8" player="giannhsKollias" type="0" discard="1" dealt="1" sum="0"/>
</round>
<round no="2"><cards type="Flop">CA S5 SQ</cards>
</round>
<round no="3"><cards type="Turn">D7</cards>
</round>
<round no="4"><cards type="River">C5</cards>
</round>
</game>
<game gamecode="11538603930"><general><startdate>2025-06-28 09:19:29</startdate>
<round>1</round>
<failsafecounter/>
<players><player seat="6" name="Humbert25" chips="650" dealer="0" win="0" bet="35" muck="1" rebuy="0" addon="0" merge="0" rebuychips="0" reg_code="8393543064"/>
<player seat="10" name="oreiasccp" chips="155" dealer="1" win="90" bet="155" muck="1" rebuy="0" addon="0" merge="0" rebuychips="0" reg_code="8393543089"/>
<player seat="3" name="giannhsKollias" chips="695" dealer="0" win="0" bet="20" muck="1" rebuy="0" addon="0" merge="0" rebuychips="0" reg_code="8393543036"/>
</players>
</general>
<round no="0"><action no="1" player="giannhsKollias" type="15" discard="1" dealt="1" sum="5"/>
<action no="2" player="Humbert25" type="15" discard="1" dealt="1" sum="5"/>
<action no="3" player="oreiasccp" type="15" sum="5"/>
<action no="4" player="giannhsKollias" type="1" discard="1" dealt="1" sum="15"/>
<action no="5" player="Humbert25" type="2" discard="1" dealt="1" sum="30"/>
</round>
<round no="1"><cards type="Pocket" player="Humbert25">X X</cards>
<cards type="Pocket" player="giannhsKollias">X X</cards>
<cards type="Pocket" player="oreiasccp">SK D9</cards>
<action no="6" player="oreiasccp" type="23" sum="150"/>
<action no="7" player="giannhsKollias" type="0" discard="1" dealt="1" sum="0"/>
<action no="8" player="Humbert25" type="0" discard="1" dealt="1" sum="0"/>
</round>
</game>
<game gamecode="11538603974"><general><startdate>2025-06-28 09:19:40</startdate>
<round>1</round>
<failsafecounter/>
<players><player seat="10" name="oreiasccp" chips="210" dealer="0" win="212" bet="210" muck="0" rebuy="0" addon="0" merge="0" rebuychips="0" reg_code="8393543089"/>
<player seat="3" name="giannhsKollias" chips="675" dealer="1" win="0" bet="5" muck="1" rebuy="0" addon="0" merge="0" rebuychips="0" reg_code="8393543036"/>
<player seat="6" name="Humbert25" chips="615" dealer="0" win="213" bet="615" muck="0" rebuy="0" addon="0" merge="0" rebuychips="0" reg_code="8393543064"/>
</players>
</general>
<round no="0"><action no="1" player="Humbert25" type="15" discard="1" dealt="1" sum="5"/>
<action no="2" player="oreiasccp" type="15" sum="5"/>
<action no="3" player="giannhsKollias" type="15" discard="1" dealt="1" sum="5"/>
<action no="4" player="Humbert25" type="1" discard="1" dealt="1" sum="15"/>
<action no="5" player="oreiasccp" type="2" sum="30"/>
</round>
<round no="1"><cards type="Pocket" player="oreiasccp">H7 SK</cards>
<cards type="Pocket" player="giannhsKollias">X X</cards>
<cards type="Pocket" player="Humbert25">C7 C8</cards>
<action no="6" player="giannhsKollias" type="0" discard="1" dealt="1" sum="0"/>
<action no="7" player="Humbert25" type="23" discard="1" dealt="1" sum="610"/>
<action no="8" player="oreiasccp" type="7" sum="175"/>
</round>
<round no="2"><cards type="Flop">D5 D9 S8</cards>
</round>
<round no="3"><cards type="Turn">S6</cards>
</round>
<round no="4"><cards type="River">SA</cards>
</round>
</game>
<game gamecode="11538604051"><general><startdate>2025-06-28 09:20:05</startdate>
<round>1</round>
<failsafecounter/>
<players><player seat="3" name="giannhsKollias" chips="670" dealer="0" win="0" bet="45" muck="1" rebuy="0" addon="0" merge="0" rebuychips="0" reg_code="8393543036"/>
<player seat="6" name="Humbert25" chips="618" dealer="1" win="115" bet="618" muck="1" rebuy="0" addon="0" merge="0" rebuychips="0" reg_code="8393543064"/>
<player seat="10" name="oreiasccp" chips="212" dealer="0" win="0" bet="25" muck="1" rebuy="0" addon="0" merge="0" rebuychips="0" reg_code="8393543089"/>
</players>
</general>
<round no="0"><action no="1" player="oreiasccp" type="15" sum="5"/>
<action no="2" player="giannhsKollias" type="15" discard="1" dealt="1" sum="5"/>
<action no="3" player="Humbert25" type="15" discard="1" dealt="1" sum="5"/>
<action no="4" player="oreiasccp" type="1" sum="20"/>
<action no="5" player="giannhsKollias" type="2" discard="1" dealt="1" sum="40"/>
</round>
<round no="1"><cards type="Pocket" player="giannhsKollias">X X</cards>
<cards type="Pocket" player="oreiasccp">S4 D6</cards>
<cards type="Pocket" player="Humbert25">X X</cards>
<action no="6" player="Humbert25" type="23" discard="1" dealt="1" sum="613"/>
<action no="7" player="oreiasccp" type="0" sum="0"/>
<action no="8" player="giannhsKollias" type="0" discard="1" dealt="1" sum="0"/>
</round>
</game>
<game gamecode="11538604104"><general><startdate>2025-06-28 09:20:23</startdate>
<round>1</round>
<failsafecounter/>
<players><player seat="6" name="Humbert25" chips="688" dealer="0" win="0" bet="45" muck="1" rebuy="0" addon="0" merge="0" rebuychips="0" reg_code="8393543064"/>
<player seat="10" name="oreiasccp" chips="187" dealer="1" win="0" bet="5" muck="1" rebuy="0" addon="0" merge="0" rebuychips="0" reg_code="8393543089"/>
<player seat="3" name="giannhsKollias" chips="625" dealer="0" win="95" bet="625" muck="1" rebuy="0" addon="0" merge="0" rebuychips="0" reg_code="8393543036"/>
</players>
</general>
<round no="0"><action no="1" player="giannhsKollias" type="15" discard="1" dealt="1" sum="5"/>
<action no="2" player="Humbert25" type="15" discard="1" dealt="1" sum="5"/>
<action no="3" player="oreiasccp" type="15" sum="5"/>
<action no="4" player="giannhsKollias" type="1" discard="1" dealt="1" sum="20"/>
<action no="5" player="Humbert25" type="2" discard="1" dealt="1" sum="40"/>
</round>
<round no="1"><cards type="Pocket" player="Humbert25">X X</cards>
<cards type="Pocket" player="oreiasccp">S4 S2</cards>
<cards type="Pocket" player="giannhsKollias">X X</cards>
<action no="6" player="oreiasccp" type="0" sum="0"/>
<action no="7" player="giannhsKollias" type="23" discard="1" dealt="1" sum="620"/>
<action no="8" player="Humbert25" type="0" discard="1" dealt="1" sum="0"/>
</round>
</game>
<game gamecode="11538604139"><general><startdate>2025-06-28 09:20:33</startdate>
<round>1</round>
<failsafecounter/>
<players><player seat="10" name="oreiasccp" chips="182" dealer="0" win="55" bet="45" muck="1" rebuy="0" addon="0" merge="0" rebuychips="0" reg_code="8393543089"/>
<player seat="3" name="giannhsKollias" chips="675" dealer="1" win="0" bet="5" muck="1" rebuy="0" addon="0" merge="0" rebuychips="0" reg_code="8393543036"/>
<player seat="6" name="Humbert25" chips="643" dealer="0" win="0" bet="25" muck="1" rebuy="0" addon="0" merge="0" rebuychips="0" reg_code="8393543064"/>
</players>
</general>
<round no="0"><action no="1" player="Humbert25" type="15" discard="1" dealt="1" sum="5"/>
<action no="2" player="oreiasccp" type="15" sum="5"/>
<action no="3" player="giannhsKollias" type="15" discard="1" dealt="1" sum="5"/>
<action no="4" player="Humbert25" type="1" discard="1" dealt="1" sum="20"/>
<action no="5" player="oreiasccp" type="2" sum="40"/>
</round>
<round no="1"><cards type="Pocket" player="Humbert25">X X</cards>
<cards type="Pocket" player="giannhsKollias">X X</cards>
<cards type="Pocket" player="oreiasccp">D5 C2</cards>
<action no="6" player="giannhsKollias" type="0" discard="1" dealt="1" sum="0"/>
<action no="7" player="Humbert25" type="0" discard="1" dealt="1" sum="0"/>
</round>
</game>
<game gamecode="11538604161"><general><startdate>2025-06-28 09:20:41</startdate>
<round>1</round>
<failsafecounter/>
<players><player seat="3" name="giannhsKollias" chips="670" dealer="0" win="0" bet="376" muck="1" rebuy="0" addon="0" merge="0" rebuychips="0" reg_code="8393543036"/>
<player seat="6" name="Humbert25" chips="618" dealer="1" win="777" bet="570" muck="1" rebuy="0" addon="0" merge="0" rebuychips="0" reg_code="8393543064"/>
<player seat="10" name="oreiasccp" chips="212" dealer="0" win="0" bet="25" muck="1" rebuy="0" addon="0" merge="0" rebuychips="0" reg_code="8393543089"/>
</players>
</general>
<round no="0"><action no="1" player="oreiasccp" type="15" sum="5"/>
<action no="2" player="giannhsKollias" type="15" discard="1" dealt="1" sum="5"/>
<action no="3" player="Humbert25" type="15" discard="1" dealt="1" sum="5"/>
<action no="4" player="oreiasccp" type="1" sum="20"/>
<action no="5" player="giannhsKollias" type="2" discard="1" dealt="1" sum="40"/>
</round>
<round no="1"><cards type="Pocket" player="giannhsKollias">X X</cards>
<cards type="Pocket" player="oreiasccp">H8 H3</cards>
<cards type="Pocket" player="Humbert25">X X</cards>
<action no="6" player="Humbert25" type="23" discard="1" dealt="1" sum="80"/>
<action no="7" player="oreiasccp" type="0" sum="0"/>
<action no="8" player="giannhsKollias" type="3" discard="1" dealt="1" sum="40"/>
</round>
<round no="2"><cards type="Flop">C7 D6 S7</cards>
<action no="9" player="giannhsKollias" type="5" discard="1" dealt="1" sum="97"/>
<action no="10" player="Humbert25" type="3" discard="1" dealt="1" sum="97"/>
</round>
<round no="3"><cards type="Turn">D7</cards>
<action no="11" player="giannhsKollias" type="5" discard="1" dealt="1" sum="194"/>
<action no="12" player="Humbert25" type="23" discard="1" dealt="1" sum="388"/>
<action no="13" player="giannhsKollias" type="0" discard="1" dealt="1" sum="0"/>
</round>
</game>
<game gamecode="11538604230"><general><startdate>2025-06-28 09:21:04</startdate>
<round>1</round>
<failsafecounter/>
<players><player seat="6" name="Humbert25" chips="1,019" dealer="0" win="593" bet="1,019" muck="0" rebuy="0" addon="0" merge="0" rebuychips="0" reg_code="8393543064"/>
<player seat="10" name="oreiasccp" chips="187" dealer="1" win="0" bet="5" muck="1" rebuy="0" addon="0" merge="0" rebuychips="0" reg_code="8393543089"/>
<player seat="3" name="giannhsKollias" chips="294" dealer="0" win="0" bet="294" muck="0" rebuy="0" addon="0" merge="0" rebuychips="0" reg_code="8393543036"/>
</players>
</general>
<round no="0"><action no="1" player="giannhsKollias" type="15" discard="1" dealt="1" sum="5"/>
<action no="2" player="Humbert25" type="15" discard="1" dealt="1" sum="5"/>
<action no="3" player="oreiasccp" type="15" sum="5"/>
<action no="4" player="giannhsKollias" type="1" discard="1" dealt="1" sum="20"/>
<action no="5" player="Humbert25" type="2" discard="1" dealt="1" sum="40"/>
</round>
<round no="1"><cards type="Pocket" player="Humbert25">SQ C9</cards>
<cards type="Pocket" player="oreiasccp">C8 C2</cards>
<cards type="Pocket" player="giannhsKollias">DA SJ</cards>
<action no="6" player="oreiasccp" type="0" sum="0"/>
<action no="7" player="giannhsKollias" type="3" discard="1" dealt="1" sum="20"/>
<action no="8" player="Humbert25" type="23" discard="1" dealt="1" sum="1,014"/>
<action no="9" player="giannhsKollias" type="7" discard="1" dealt="1" sum="249"/>
</round>
<round no="2"><cards type="Flop">D2 CQ D4</cards>
</round>
<round no="3"><cards type="Turn">S4</cards>
</round>
<round no="4"><cards type="River">HK</cards>
</round>
</game>
<game gamecode="11538608373"><general><startdate>2025-06-28 09:21:23</startdate>
<round>1</round>
<failsafecounter/>
<players><player seat="10" name="oreiasccp" chips="182" dealer="0" win="0" bet="182" muck="0" rebuy="0" addon="0" merge="0" rebuychips="0" reg_code="8393543089"/>
<player seat="6" name="Humbert25" chips="1,318" dealer="1" win="364" bet="1,318" muck="0" rebuy="0" addon="0" merge="0" rebuychips="0" reg_code="8393543064"/>
</players>
</general>
<round no="0"><action no="1" player="Humbert25" type="15" discard="1" dealt="1" sum="5"/>
<action no="2" player="oreiasccp" type="15" sum="5"/>
<action no="3" player="Humbert25" type="1" discard="1" dealt="1" sum="20"/>
<action no="4" player="oreiasccp" type="2" sum="40"/>
</round>
<round no="1"><cards type="Pocket" player="oreiasccp">D10 CQ</cards>
<cards type="Pocket" player="Humbert25">HK D5</cards>
<action no="5" player="Humbert25" type="23" discard="1" dealt="1" sum="1,313"/>
<action no="6" player="oreiasccp" type="7" sum="137"/>
</round>
<round no="2"><cards type="Flop">H8 S2 HJ</cards>
</round>
<round no="3"><cards type="Turn">H2</cards>
</round>
<round no="4"><cards type="River">H3</cards>
</round>
</game>
</session>
