<?xml version="1.0" encoding="UTF-8"?>
<session sessioncode="8393510750">
<general>
<client_version>25.1.1.13</client_version>
<mode>real</mode>
<gametype>Holdem NL</gametype>
<tablename>Twister €5 SNG, 1128745128</tablename>
<tournamentcode>1128745127</tournamentcode>
<tournamentname>Twister €5 SNG</tournamentname>
<buyin>€0 + €0.35 + €4.65</buyin>
<totalbuyin>€5</totalbuyin>
<rewarddrawn>€10</rewarddrawn>
<tournamentcurrency>EUR</tournamentcurrency>
<currency>EUR</currency>
<nickname>oreiasccp</nickname>
<gamecount>14</gamecount>
<startdate>2025-06-28 07:03:45</startdate>
<place>2</place>
<win>€0</win>
<tablesize>3</tablesize>
</general>
<game gamecode="11538514829"><general><startdate>2025-06-28 07:04:00</startdate>
<round>1</round>
<failsafecounter/>
<players><player seat="10" name="Humbert25" chips="500" dealer="0" win="0" bet="20" muck="1" rebuy="0" addon="0" merge="0" rebuychips="0" reg_code="8393510843"/>
<player seat="3" name="oreiasccp" chips="500" dealer="1" win="0" bet="0" muck="1" rebuy="0" addon="0" merge="0" rebuychips="0" reg_code="8393510750"/>
<player seat="6" name="SHADYZPHONE1" chips="500" dealer="0" win="40" bet="40" muck="1" rebuy="0" addon="0" merge="0" rebuychips="0" reg_code="8393510821"/>
</players>
</general>
<round no="0"><action no="1" player="SHADYZPHONE1" type="1" discard="1" dealt="1" sum="10"/>
<action no="2" player="Humbert25" type="2" discard="1" dealt="1" sum="20"/>
</round>
<round no="1"><cards type="Pocket" player="Humbert25">X X</cards>
<cards type="Pocket" player="oreiasccp">D5 D7</cards>
<cards type="Pocket" player="SHADYZPHONE1">X X</cards>
<action no="3" player="oreiasccp" type="0" sum="0"/>
<action no="4" player="SHADYZPHONE1" type="3" discard="1" dealt="1" sum="10"/>
<action no="5" player="Humbert25" type="4" discard="1" dealt="1" sum="0"/>
</round>
<round no="2"><cards type="Flop">SQ S2 D2</cards>
<action no="6" player="SHADYZPHONE1" type="4" discard="1" dealt="1" sum="0"/>
<action no="7" player="Humbert25" type="4" discard="1" dealt="1" sum="0"/>
</round>
<round no="3"><cards type="Turn">C5</cards>
<action no="8" player="SHADYZPHONE1" type="4" discard="1" dealt="1" sum="0"/>
<action no="9" player="Humbert25" type="4" discard="1" dealt="1" sum="0"/>
</round>
<round no="4"><cards type="River">S8</cards>
<action no="10" player="SHADYZPHONE1" type="5" discard="1" dealt="1" sum="20"/>
<action no="11" player="Humbert25" type="0" discard="1" dealt="1" sum="0"/>
</round>
</game>
<game gamecode="11538514903"><general><startdate>2025-06-28 07:04:30</startdate>
<round>1</round>
<failsafecounter/>
<players><player seat="3" name="oreiasccp" chips="500" dealer="0" win="0" bet="40" muck="1" rebuy="0" addon="0" merge="0" rebuychips="0" reg_code="8393510750"/>
<player seat="6" name="SHADYZPHONE1" chips="520" dealer="1" win="90" bet="40" muck="0" rebuy="0" addon="0" merge="0" rebuychips="0" reg_code="8393510821"/>
<player seat="10" name="Humbert25" chips="480" dealer="0" win="0" bet="10" muck="1" rebuy="0" addon="0" merge="0" rebuychips="0" reg_code="8393510843"/>
</players>
</general>
<round no="0"><action no="1" player="Humbert25" type="1" discard="1" dealt="1" sum="10"/>
<action no="2" player="oreiasccp" type="2" sum="20"/>
</round>
<round no="1"><cards type="Pocket" player="SHADYZPHONE1">D9 H10</cards>
<cards type="Pocket" player="Humbert25">X X</cards>
<cards type="Pocket" player="oreiasccp">C2 S4</cards>
<action no="3" player="SHADYZPHONE1" type="3" discard="1" dealt="1" sum="20"/>
<action no="4" player="Humbert25" type="0" discard="1" dealt="1" sum="0"/>
<action no="5" player="oreiasccp" type="4" sum="0"/>
</round>
<round no="2"><cards type="Flop">H6 DK S8</cards>
<action no="6" player="oreiasccp" type="4" sum="0"/>
<action no="7" player="SHADYZPHONE1" type="4" discard="1" dealt="1" sum="0"/>
</round>
<round no="3"><cards type="Turn">C9</cards>
<action no="8" player="oreiasccp" type="4" sum="0"/>
<action no="9" player="SHADYZPHONE1" type="4" discard="1" dealt="1" sum="0"/>
</round>
<round no="4"><cards type="River">H4</cards>
<action no="10" player="oreiasccp" type="4" sum="0"/>
<action no="11" player="SHADYZPHONE1" type="5" discard="1" dealt="1" sum="20"/>
<action no="12" player="oreiasccp" type="3" sum="20"/>
</round>
</game>
<game gamecode="11538514959"><general><startdate>2025-06-28 07:04:56</startdate>
<round>1</round>
<failsafecounter/>
<players><player seat="6" name="SHADYZPHONE1" chips="570" dealer="0" win="0" bet="40" muck="1" rebuy="0" addon="0" merge="0" rebuychips="0" reg_code="8393510821"/>
<player seat="10" name="Humbert25" chips="470" dealer="1" win="0" bet="0" muck="1" rebuy="0" addon="0" merge="0" rebuychips="0" reg_code="8393510843"/>
<player seat="3" name="oreiasccp" chips="460" dealer="0" win="80" bet="80" muck="1" rebuy="0" addon="0" merge="0" rebuychips="0" reg_code="8393510750"/>
</players>
</general>
<round no="0"><action no="1" player="oreiasccp" type="1" sum="10"/>
<action no="2" player="SHADYZPHONE1" type="2" discard="1" dealt="1" sum="20"/>
</round>
<round no="1"><cards type="Pocket" player="Humbert25">X X</cards>
<cards type="Pocket" player="oreiasccp">DJ C8</cards>
<cards type="Pocket" player="SHADYZPHONE1">X X</cards>
<action no="3" player="Humbert25" type="0" discard="1" dealt="1" sum="0"/>
<action no="4" player="oreiasccp" type="23" sum="40"/>
<action no="5" player="SHADYZPHONE1" type="3" discard="1" dealt="1" sum="20"/>
</round>
<round no="2"><cards type="Flop">H8 D2 C10</cards>
<action no="6" player="oreiasccp" type="4" sum="0"/>
<action no="7" player="SHADYZPHONE1" type="4" discard="1" dealt="1" sum="0"/>
</round>
<round no="3"><cards type="Turn">C3</cards>
<action no="8" player="oreiasccp" type="5" sum="40"/>
<action no="9" player="SHADYZPHONE1" type="0" discard="1" dealt="1" sum="0"/>
</round>
</game>
<game gamecode="11538515002"><general><startdate>2025-06-28 07:05:14</startdate>
<round>1</round>
<failsafecounter/>
<players><player seat="10" name="Humbert25" chips="470" dealer="0" win="0" bet="20" muck="1" rebuy="0" addon="0" merge="0" rebuychips="0" reg_code="8393510843"/>
<player seat="3" name="oreiasccp" chips="500" dealer="1" win="0" bet="0" muck="1" rebuy="0" addon="0" merge="0" rebuychips="0" reg_code="8393510750"/>
<player seat="6" name="SHADYZPHONE1" chips="530" dealer="0" win="40" bet="20" muck="0" rebuy="0" addon="0" merge="0" rebuychips="0" reg_code="8393510821"/>
</players>
</general>
<round no="0"><action no="1" player="SHADYZPHONE1" type="1" discard="1" dealt="1" sum="10"/>
<action no="2" player="Humbert25" type="2" discard="1" dealt="1" sum="20"/>
</round>
<round no="1"><cards type="Pocket" player="SHADYZPHONE1">CK C5</cards>
<cards type="Pocket" player="Humbert25">S6 CQ</cards>
<cards type="Pocket" player="oreiasccp">H9 S4</cards>
<action no="3" player="oreiasccp" type="0" sum="0"/>
<action no="4" player="SHADYZPHONE1" type="3" discard="1" dealt="1" sum="10"/>
<action no="5" player="Humbert25" type="4" discard="1" dealt="1" sum="0"/>
</round>
<round no="2"><cards type="Flop">H2 SJ C8</cards>
<action no="6" player="SHADYZPHONE1" type="4" discard="1" dealt="1" sum="0"/>
<action no="7" player="Humbert25" type="4" discard="1" dealt="1" sum="0"/>
</round>
<round no="3"><cards type="Turn">H3</cards>
<action no="8" player="SHADYZPHONE1" type="4" discard="1" dealt="1" sum="0"/>
<action no="9" player="Humbert25" type="4" discard="1" dealt="1" sum="0"/>
</round>
<round no="4"><cards type="River">D9</cards>
<action no="10" player="SHADYZPHONE1" type="4" discard="1" dealt="1" sum="0"/>
<action no="11" player="Humbert25" type="4" discard="1" dealt="1" sum="0"/>
</round>
</game>
<game gamecode="11538515063"><general><startdate>2025-06-28 07:05:38</startdate>
<round>1</round>
<failsafecounter/>
<players><player seat="3" name="oreiasccp" chips="500" dealer="0" win="0" bet="20" muck="1" rebuy="0" addon="0" merge="0" rebuychips="0" reg_code="8393510750"/>
<player seat="6" name="SHADYZPHONE1" chips="550" dealer="1" win="0" bet="20" muck="1" rebuy="0" addon="0" merge="0" rebuychips="0" reg_code="8393510821"/>
<player seat="10" name="Humbert25" chips="450" dealer="0" win="60" bet="20" muck="0" rebuy="0" addon="0" merge="0" rebuychips="0" reg_code="8393510843"/>
</players>
</general>
<round no="0"><action no="1" player="Humbert25" type="1" discard="1" dealt="1" sum="10"/>
<action no="2" player="oreiasccp" type="2" sum="20"/>
</round>
<round no="1"><cards type="Pocket" player="oreiasccp">H7 H4</cards>
<cards type="Pocket" player="Humbert25">S9 CJ</cards>
<cards type="Pocket" player="SHADYZPHONE1">D3 C4</cards>
<action no="3" player="SHADYZPHONE1" type="3" discard="1" dealt="1" sum="20"/>
<action no="4" player="Humbert25" type="3" discard="1" dealt="1" sum="10"/>
<action no="5" player="oreiasccp" type="4" sum="0"/>
</round>
<round no="2"><cards type="Flop">D2 C9 HQ</cards>
<action no="6" player="Humbert25" type="4" discard="1" dealt="1" sum="0"/>
<action no="7" player="oreiasccp" type="4" sum="0"/>
<action no="8" player="SHADYZPHONE1" type="4" discard="1" dealt="1" sum="0"/>
</round>
<round no="3"><cards type="Turn">HK</cards>
<action no="9" player="Humbert25" type="4" discard="1" dealt="1" sum="0"/>
<action no="10" player="oreiasccp" type="4" sum="0"/>
<action no="11" player="SHADYZPHONE1" type="4" discard="1" dealt="1" sum="0"/>
</round>
<round no="4"><cards type="River">D7</cards>
<action no="12" player="Humbert25" type="4" discard="1" dealt="1" sum="0"/>
<action no="13" player="oreiasccp" type="4" sum="0"/>
<action no="14" player="SHADYZPHONE1" type="4" discard="1" dealt="1" sum="0"/>
</round>
</game>
<game gamecode="11538515143"><general><startdate>2025-06-28 07:06:13</startdate>
<round>1</round>
<failsafecounter/>
<players><player seat="6" name="SHADYZPHONE1" chips="530" dealer="0" win="0" bet="490" muck="1" rebuy="0" addon="0" merge="0" rebuychips="0" reg_code="8393510821"/>
<player seat="10" name="Humbert25" chips="490" dealer="1" win="1,000" bet="490" muck="0" rebuy="0" addon="0" merge="0" rebuychips="0" reg_code="8393510843"/>
<player seat="3" name="oreiasccp" chips="480" dealer="0" win="0" bet="20" muck="1" rebuy="0" addon="0" merge="0" rebuychips="0" reg_code="8393510750"/>
</players>
</general>
<round no="0"><action no="1" player="oreiasccp" type="15" sum="5"/>
<action no="2" player="SHADYZPHONE1" type="15" discard="1" dealt="1" sum="5"/>
<action no="3" player="Humbert25" type="15" discard="1" dealt="1" sum="5"/>
<action no="4" player="oreiasccp" type="1" sum="15"/>
<action no="5" player="SHADYZPHONE1" type="2" discard="1" dealt="1" sum="30"/>
</round>
<round no="1"><cards type="Pocket" player="oreiasccp">D9 D6</cards>
<cards type="Pocket" player="SHADYZPHONE1">CJ D8</cards>
<cards type="Pocket" player="Humbert25">C2 DA</cards>
<action no="6" player="Humbert25" type="23" discard="1" dealt="1" sum="485"/>
<action no="7" player="oreiasccp" type="0" sum="0"/>
<action no="8" player="SHADYZPHONE1" type="3" discard="1" dealt="1" sum="455"/>
</round>
<round no="2"><cards type="Flop">HA HJ H9</cards>
</round>
<round no="3"><cards type="Turn">C4</cards>
</round>
<round no="4"><cards type="River">HQ</cards>
</round>
</game>
<game gamecode="11538518623"><general><startdate>2025-06-28 07:06:34</startdate>
<round>1</round>
<failsafecounter/>
<players><player seat="10" name="Humbert25" chips="1,000" dealer="0" win="0" bet="65" muck="0" rebuy="0" addon="0" merge="0" rebuychips="0" reg_code="8393510843"/>
<player seat="3" name="oreiasccp" chips="460" dealer="1" win="0" bet="5" muck="1" rebuy="0" addon="0" merge="0" rebuychips="0" reg_code="8393510750"/>
<player seat="6" name="SHADYZPHONE1" chips="40" dealer="0" win="85" bet="40" muck="0" rebuy="0" addon="0" merge="0" rebuychips="0" reg_code="8393510821"/>
</players>
</general>
<round no="0"><action no="1" player="SHADYZPHONE1" type="15" discard="1" dealt="1" sum="5"/>
<action no="2" player="Humbert25" type="15" discard="1" dealt="1" sum="5"/>
<action no="3" player="oreiasccp" type="15" sum="5"/>
<action no="4" player="SHADYZPHONE1" type="1" discard="1" dealt="1" sum="15"/>
<action no="5" player="Humbert25" type="2" discard="1" dealt="1" sum="30"/>
</round>
<round no="1"><cards type="Pocket" player="oreiasccp">C9 C6</cards>
<cards type="Pocket" player="SHADYZPHONE1">C10 D7</cards>
<cards type="Pocket" player="Humbert25">D6 DK</cards>
<action no="6" player="oreiasccp" type="0" sum="0"/>
<action no="7" player="SHADYZPHONE1" type="3" discard="1" dealt="1" sum="15"/>
<action no="8" player="Humbert25" type="23" discard="1" dealt="1" sum="60"/>
<action no="9" player="SHADYZPHONE1" type="7" discard="1" dealt="1" sum="5"/>
</round>
<round no="2"><cards type="Flop">HJ H5 S10</cards>
</round>
<round no="3"><cards type="Turn">S3</cards>
</round>
<round no="4"><cards type="River">D8</cards>
</round>
</game>
<game gamecode="11538518674"><general><startdate>2025-06-28 07:06:55</startdate>
<round>1</round>
<failsafecounter/>
<players><player seat="3" name="oreiasccp" chips="455" dealer="0" win="0" bet="35" muck="1" rebuy="0" addon="0" merge="0" rebuychips="0" reg_code="8393510750"/>
<player seat="6" name="SHADYZPHONE1" chips="85" dealer="1" win="0" bet="85" muck="0" rebuy="0" addon="0" merge="0" rebuychips="0" reg_code="8393510821"/>
<player seat="10" name="Humbert25" chips="960" dealer="0" win="205" bet="960" muck="0" rebuy="0" addon="0" merge="0" rebuychips="0" reg_code="8393510843"/>
</players>
</general>
<round no="0"><action no="1" player="Humbert25" type="15" discard="1" dealt="1" sum="5"/>
<action no="2" player="oreiasccp" type="15" sum="5"/>
<action no="3" player="SHADYZPHONE1" type="15" discard="1" dealt="1" sum="5"/>
<action no="4" player="Humbert25" type="1" discard="1" dealt="1" sum="15"/>
<action no="5" player="oreiasccp" type="2" sum="30"/>
</round>
<round no="1"><cards type="Pocket" player="oreiasccp">C9 C2</cards>
<cards type="Pocket" player="Humbert25">C6 CA</cards>
<cards type="Pocket" player="SHADYZPHONE1">H7 HK</cards>
<action no="6" player="SHADYZPHONE1" type="23" discard="1" dealt="1" sum="60"/>
<action no="7" player="Humbert25" type="23" discard="1" dealt="1" sum="955"/>
<action no="8" player="oreiasccp" type="0" sum="0"/>
<action no="9" player="SHADYZPHONE1" type="7" discard="1" dealt="1" sum="20"/>
</round>
<round no="2"><cards type="Flop">C5 HQ S10</cards>
</round>
<round no="3"><cards type="Turn">C10</cards>
</round>
<round no="4"><cards type="River">DJ</cards>
</round>
</game>
<game gamecode="11538518726"><general><startdate>2025-06-28 07:07:14</startdate>
<round>1</round>
<failsafecounter/>
<players><player seat="3" name="oreiasccp" chips="420" dealer="0" win="0" bet="65" muck="1" rebuy="0" addon="0" merge="0" rebuychips="0" reg_code="8393510750"/>
<player seat="10" name="Humbert25" chips="1,080" dealer="1" win="130" bet="97" muck="1" rebuy="0" addon="0" merge="0" rebuychips="0" reg_code="8393510843"/>
</players>
</general>
<round no="0"><action no="1" player="Humbert25" type="15" discard="1" dealt="1" sum="5"/>
<action no="2" player="oreiasccp" type="15" sum="5"/>
<action no="3" player="Humbert25" type="1" discard="1" dealt="1" sum="15"/>
<action no="4" player="oreiasccp" type="2" sum="30"/>
</round>
<round no="1"><cards type="Pocket" player="oreiasccp">D7 HK</cards>
<cards type="Pocket" player="Humbert25">X X</cards>
<action no="5" player="Humbert25" type="23" discard="1" dealt="1" sum="60"/>
<action no="6" player="oreiasccp" type="3" sum="30"/>
</round>
<round no="2"><cards type="Flop">D8 DQ H3</cards>
<action no="7" player="oreiasccp" type="4" sum="0"/>
<action no="8" player="Humbert25" type="5" discard="1" dealt="1" sum="32"/>
<action no="9" player="oreiasccp" type="0" sum="0"/>
</round>
</game>
<game gamecode="11538518770"><general><startdate>2025-06-28 07:07:31</startdate>
<round>1</round>
<failsafecounter/>
<players><player seat="10" name="Humbert25" chips="1,145" dealer="0" win="0" bet="35" muck="1" rebuy="0" addon="0" merge="0" rebuychips="0" reg_code="8393510843"/>
<player seat="3" name="oreiasccp" chips="355" dealer="1" win="70" bet="355" muck="1" rebuy="0" addon="0" merge="0" rebuychips="0" reg_code="8393510750"/>
</players>
</general>
<round no="0"><action no="1" player="oreiasccp" type="15" sum="5"/>
<action no="2" player="Humbert25" type="15" discard="1" dealt="1" sum="5"/>
<action no="3" player="oreiasccp" type="1" sum="15"/>
<action no="4" player="Humbert25" type="2" discard="1" dealt="1" sum="30"/>
</round>
<round no="1"><cards type="Pocket" player="oreiasccp">DA D3</cards>
<cards type="Pocket" player="Humbert25">X X</cards>
<action no="5" player="oreiasccp" type="23" sum="350"/>
<action no="6" player="Humbert25" type="0" discard="1" dealt="1" sum="0"/>
</round>
</game>
<game gamecode="11538518790"><general><startdate>2025-06-28 07:07:38</startdate>
<round>1</round>
<failsafecounter/>
<players><player seat="3" name="oreiasccp" chips="390" dealer="0" win="0" bet="35" muck="1" rebuy="0" addon="0" merge="0" rebuychips="0" reg_code="8393510750"/>
<player seat="10" name="Humbert25" chips="1,110" dealer="1" win="70" bet="1,110" muck="1" rebuy="0" addon="0" merge="0" rebuychips="0" reg_code="8393510843"/>
</players>
</general>
<round no="0"><action no="1" player="Humbert25" type="15" discard="1" dealt="1" sum="5"/>
<action no="2" player="oreiasccp" type="15" sum="5"/>
<action no="3" player="Humbert25" type="1" discard="1" dealt="1" sum="15"/>
<action no="4" player="oreiasccp" type="2" sum="30"/>
</round>
<round no="1"><cards type="Pocket" player="oreiasccp">C10 S7</cards>
<cards type="Pocket" player="Humbert25">X X</cards>
<action no="5" player="Humbert25" type="23" discard="1" dealt="1" sum="1,105"/>
<action no="6" player="oreiasccp" type="0" sum="0"/>
</round>
</game>
<game gamecode="11538518810"><general><startdate>2025-06-28 07:07:47</startdate>
<round>1</round>
<failsafecounter/>
<players><player seat="10" name="Humbert25" chips="1,145" dealer="0" win="40" bet="35" muck="1" rebuy="0" addon="0" merge="0" rebuychips="0" reg_code="8393510843"/>
<player seat="3" name="oreiasccp" chips="355" dealer="1" win="0" bet="20" muck="1" rebuy="0" addon="0" merge="0" rebuychips="0" reg_code="8393510750"/>
</players>
</general>
<round no="0"><action no="1" player="oreiasccp" type="15" sum="5"/>
<action no="2" player="Humbert25" type="15" discard="1" dealt="1" sum="5"/>
<action no="3" player="oreiasccp" type="1" sum="15"/>
<action no="4" player="Humbert25" type="2" discard="1" dealt="1" sum="30"/>
</round>
<round no="1"><cards type="Pocket" player="Humbert25">X X</cards>
<cards type="Pocket" player="oreiasccp">D5 S2</cards>
<action no="5" player="oreiasccp" type="0" sum="0"/>
</round>
</game>
<game gamecode="11538518829"><general><startdate>2025-06-28 07:07:54</startdate>
<round>1</round>
<failsafecounter/>
<players><player seat="3" name="oreiasccp" chips="335" dealer="0" win="0" bet="35" muck="1" rebuy="0" addon="0" merge="0" rebuychips="0" reg_code="8393510750"/>
<player seat="10" name="Humbert25" chips="1,165" dealer="1" win="70" bet="1,165" muck="1" rebuy="0" addon="0" merge="0" rebuychips="0" reg_code="8393510843"/>
</players>
</general>
<round no="0"><action no="1" player="Humbert25" type="15" discard="1" dealt="1" sum="5"/>
<action no="2" player="oreiasccp" type="15" sum="5"/>
<action no="3" player="Humbert25" type="1" discard="1" dealt="1" sum="15"/>
<action no="4" player="oreiasccp" type="2" sum="30"/>
</round>
<round no="1"><cards type="Pocket" player="oreiasccp">S3 SK</cards>
<cards type="Pocket" player="Humbert25">X X</cards>
<action no="5" player="Humbert25" type="23" discard="1" dealt="1" sum="1,160"/>
<action no="6" player="oreiasccp" type="0" sum="0"/>
</round>
</game>
<game gamecode="11538518842"><general><startdate>2025-06-28 07:08:02</startdate>
<round>1</round>
<failsafecounter/>
<players><player seat="10" name="Humbert25" chips="1,200" dealer="0" win="600" bet="300" muck="0" rebuy="0" addon="0" merge="0" rebuychips="0" reg_code="8393510843"/>
<player seat="3" name="oreiasccp" chips="300" dealer="1" win="0" bet="300" muck="0" rebuy="0" addon="0" merge="0" rebuychips="0" reg_code="8393510750"/>
</players>
</general>
<round no="0"><action no="1" player="oreiasccp" type="15" sum="5"/>
<action no="2" player="Humbert25" type="15" discard="1" dealt="1" sum="5"/>
<action no="3" player="oreiasccp" type="1" sum="20"/>
<action no="4" player="Humbert25" type="2" discard="1" dealt="1" sum="40"/>
</round>
<round no="1"><cards type="Pocket" player="oreiasccp">CA S2</cards>
<cards type="Pocket" player="Humbert25">DJ SK</cards>
<action no="5" player="oreiasccp" type="23" sum="295"/>
<action no="6" player="Humbert25" type="3" discard="1" dealt="1" sum="255"/>
</round>
<round no="2"><cards type="Flop">D6 D4 DA</cards>
</round>
<round no="3"><cards type="Turn">SJ</cards>
</round>
<round no="4"><cards type="River">CJ</cards>
</round>
</game>
</session>
