<?xml version="1.0" encoding="UTF-8"?>
<session sessioncode="8393536653">
<general>
<client_version>25.1.1.13</client_version>
<mode>real</mode>
<gametype>Holdem NL</gametype>
<tablename>Twister €5 SNG, 1128749490</tablename>
<tournamentcode>1128749489</tournamentcode>
<tournamentname>Twister €5 SNG</tournamentname>
<buyin>€0 + €0.35 + €4.65</buyin>
<totalbuyin>€5</totalbuyin>
<rewarddrawn>€25</rewarddrawn>
<tournamentcurrency>EUR</tournamentcurrency>
<currency>EUR</currency>
<nickname>oreiasccp</nickname>
<gamecount>22</gamecount>
<startdate>2025-06-28 08:53:19</startdate>
<place>2</place>
<win>€0</win>
<tablesize>3</tablesize>
</general>
<game gamecode="11538584130"><general><startdate>2025-06-28 08:53:35</startdate>
<round>1</round>
<failsafecounter/>
<players><player seat="6" name="6SP9" chips="500" dealer="0" win="0" bet="20" muck="1" rebuy="0" addon="0" merge="0" rebuychips="0" reg_code="8393536598"/>
<player seat="10" name="oreiasccp" chips="500" dealer="1" win="0" bet="0" muck="1" rebuy="0" addon="0" merge="0" rebuychips="0" reg_code="8393536653"/>
<player seat="3" name="Serbefou" chips="500" dealer="0" win="40" bet="40" muck="1" rebuy="0" addon="0" merge="0" rebuychips="0" reg_code="8393536576"/>
</players>
</general>
<round no="0"><action no="1" player="Serbefou" type="1" discard="1" dealt="1" sum="10"/>
<action no="2" player="6SP9" type="2" discard="1" dealt="1" sum="20"/>
</round>
<round no="1"><cards type="Pocket" player="oreiasccp">D2 S5</cards>
<cards type="Pocket" player="6SP9">X X</cards>
<cards type="Pocket" player="Serbefou">X X</cards>
<action no="3" player="oreiasccp" type="0" sum="0"/>
<action no="4" player="Serbefou" type="23" discard="1" dealt="1" sum="40"/>
<action no="5" player="6SP9" type="0" discard="1" dealt="1" sum="0"/>
</round>
</game>
<game gamecode="11538584183"><general><startdate>2025-06-28 08:53:50</startdate>
<round>1</round>
<failsafecounter/>
<players><player seat="10" name="oreiasccp" chips="500" dealer="0" win="0" bet="210" muck="1" rebuy="0" addon="0" merge="0" rebuychips="0" reg_code="8393536653"/>
<player seat="3" name="Serbefou" chips="520" dealer="1" win="510" bet="520" muck="1" rebuy="0" addon="0" merge="0" rebuychips="0" reg_code="8393536576"/>
<player seat="6" name="6SP9" chips="480" dealer="0" win="0" bet="90" muck="1" rebuy="0" addon="0" merge="0" rebuychips="0" reg_code="8393536598"/>
</players>
</general>
<round no="0"><action no="1" player="6SP9" type="1" discard="1" dealt="1" sum="10"/>
<action no="2" player="oreiasccp" type="2" sum="20"/>
</round>
<round no="1"><cards type="Pocket" player="Serbefou">X X</cards>
<cards type="Pocket" player="6SP9">X X</cards>
<cards type="Pocket" player="oreiasccp">HK CJ</cards>
<action no="3" player="Serbefou" type="3" discard="1" dealt="1" sum="20"/>
<action no="4" player="6SP9" type="3" discard="1" dealt="1" sum="10"/>
<action no="5" player="oreiasccp" type="23" sum="90"/>
<action no="6" player="Serbefou" type="3" discard="1" dealt="1" sum="70"/>
<action no="7" player="6SP9" type="3" discard="1" dealt="1" sum="70"/>
</round>
<round no="2"><cards type="Flop">H6 H8 C10</cards>
<action no="8" player="6SP9" type="4" discard="1" dealt="1" sum="0"/>
<action no="9" player="oreiasccp" type="4" sum="0"/>
<action no="10" player="Serbefou" type="5" discard="1" dealt="1" sum="120"/>
<action no="11" player="6SP9" type="0" discard="1" dealt="1" sum="0"/>
<action no="12" player="oreiasccp" type="3" sum="120"/>
</round>
<round no="3"><cards type="Turn">S7</cards>
<action no="13" player="oreiasccp" type="4" sum="0"/>
<action no="14" player="Serbefou" type="5" discard="1" dealt="1" sum="310"/>
<action no="15" player="oreiasccp" type="0" sum="0"/>
</round>
</game>
<game gamecode="11538584323"><general><startdate>2025-06-28 08:54:38</startdate>
<round>1</round>
<failsafecounter/>
<players><player seat="3" name="Serbefou" chips="820" dealer="0" win="20" bet="20" muck="1" rebuy="0" addon="0" merge="0" rebuychips="0" reg_code="8393536576"/>
<player seat="6" name="6SP9" chips="390" dealer="1" win="0" bet="0" muck="1" rebuy="0" addon="0" merge="0" rebuychips="0" reg_code="8393536598"/>
<player seat="10" name="oreiasccp" chips="290" dealer="0" win="0" bet="10" muck="1" rebuy="0" addon="0" merge="0" rebuychips="0" reg_code="8393536653"/>
</players>
</general>
<round no="0"><action no="1" player="oreiasccp" type="1" sum="10"/>
<action no="2" player="Serbefou" type="2" discard="1" dealt="1" sum="20"/>
</round>
<round no="1"><cards type="Pocket" player="oreiasccp">S10 H4</cards>
<cards type="Pocket" player="6SP9">X X</cards>
<cards type="Pocket" player="Serbefou">X X</cards>
<action no="3" player="6SP9" type="0" discard="1" dealt="1" sum="0"/>
<action no="4" player="oreiasccp" type="0" sum="0"/>
</round>
</game>
<game gamecode="11538584345"><general><startdate>2025-06-28 08:54:45</startdate>
<round>1</round>
<failsafecounter/>
<players><player seat="6" name="6SP9" chips="390" dealer="0" win="40" bet="390" muck="1" rebuy="0" addon="0" merge="0" rebuychips="0" reg_code="8393536598"/>
<player seat="10" name="oreiasccp" chips="280" dealer="1" win="0" bet="0" muck="1" rebuy="0" addon="0" merge="0" rebuychips="0" reg_code="8393536653"/>
<player seat="3" name="Serbefou" chips="830" dealer="0" win="0" bet="20" muck="1" rebuy="0" addon="0" merge="0" rebuychips="0" reg_code="8393536576"/>
</players>
</general>
<round no="0"><action no="1" player="Serbefou" type="1" discard="1" dealt="1" sum="10"/>
<action no="2" player="6SP9" type="2" discard="1" dealt="1" sum="20"/>
</round>
<round no="1"><cards type="Pocket" player="6SP9">X X</cards>
<cards type="Pocket" player="oreiasccp">D3 CJ</cards>
<cards type="Pocket" player="Serbefou">X X</cards>
<action no="3" player="oreiasccp" type="0" sum="0"/>
<action no="4" player="Serbefou" type="3" discard="1" dealt="1" sum="10"/>
<action no="5" player="6SP9" type="23" discard="1" dealt="1" sum="390"/>
<action no="6" player="Serbefou" type="0" discard="1" dealt="1" sum="0"/>
</round>
</game>
<game gamecode="11538589771"><general><startdate>2025-06-28 08:54:57</startdate>
<round>1</round>
<failsafecounter/>
<players><player seat="10" name="oreiasccp" chips="280" dealer="0" win="0" bet="20" muck="1" rebuy="0" addon="0" merge="0" rebuychips="0" reg_code="8393536653"/>
<player seat="3" name="Serbefou" chips="810" dealer="1" win="0" bet="80" muck="1" rebuy="0" addon="0" merge="0" rebuychips="0" reg_code="8393536576"/>
<player seat="6" name="6SP9" chips="410" dealer="0" win="180" bet="125" muck="1" rebuy="0" addon="0" merge="0" rebuychips="0" reg_code="8393536598"/>
</players>
</general>
<round no="0"><action no="1" player="6SP9" type="1" discard="1" dealt="1" sum="10"/>
<action no="2" player="oreiasccp" type="2" sum="20"/>
</round>
<round no="1"><cards type="Pocket" player="oreiasccp">H4 D3</cards>
<cards type="Pocket" player="Serbefou">X X</cards>
<cards type="Pocket" player="6SP9">X X</cards>
<action no="3" player="Serbefou" type="3" discard="1" dealt="1" sum="20"/>
<action no="4" player="6SP9" type="23" discard="1" dealt="1" sum="80"/>
<action no="5" player="oreiasccp" type="0" sum="0"/>
<action no="6" player="Serbefou" type="3" discard="1" dealt="1" sum="60"/>
</round>
<round no="2"><cards type="Flop">D9 HA C7</cards>
<action no="7" player="6SP9" type="5" discard="1" dealt="1" sum="45"/>
<action no="8" player="Serbefou" type="0" discard="1" dealt="1" sum="0"/>
</round>
</game>
<game gamecode="11538589854"><general><startdate>2025-06-28 08:55:25</startdate>
<round>1</round>
<failsafecounter/>
<players><player seat="3" name="Serbefou" chips="730" dealer="0" win="20" bet="20" muck="1" rebuy="0" addon="0" merge="0" rebuychips="0" reg_code="8393536576"/>
<player seat="6" name="6SP9" chips="510" dealer="1" win="0" bet="0" muck="1" rebuy="0" addon="0" merge="0" rebuychips="0" reg_code="8393536598"/>
<player seat="10" name="oreiasccp" chips="260" dealer="0" win="0" bet="10" muck="1" rebuy="0" addon="0" merge="0" rebuychips="0" reg_code="8393536653"/>
</players>
</general>
<round no="0"><action no="1" player="oreiasccp" type="1" sum="10"/>
<action no="2" player="Serbefou" type="2" discard="1" dealt="1" sum="20"/>
</round>
<round no="1"><cards type="Pocket" player="oreiasccp">H4 C9</cards>
<cards type="Pocket" player="6SP9">X X</cards>
<cards type="Pocket" player="Serbefou">X X</cards>
<action no="3" player="6SP9" type="0" discard="1" dealt="1" sum="0"/>
<action no="4" player="oreiasccp" type="0" sum="0"/>
</round>
</game>
<game gamecode="11538589881"><general><startdate>2025-06-28 08:55:34</startdate>
<round>1</round>
<failsafecounter/>
<players><player seat="6" name="6SP9" chips="510" dealer="0" win="315" bet="357" muck="1" rebuy="0" addon="0" merge="0" rebuychips="0" reg_code="8393536598"/>
<player seat="10" name="oreiasccp" chips="250" dealer="1" win="0" bet="5" muck="1" rebuy="0" addon="0" merge="0" rebuychips="0" reg_code="8393536653"/>
<player seat="3" name="Serbefou" chips="740" dealer="0" win="0" bet="155" muck="1" rebuy="0" addon="0" merge="0" rebuychips="0" reg_code="8393536576"/>
</players>
</general>
<round no="0"><action no="1" player="Serbefou" type="15" discard="1" dealt="1" sum="5"/>
<action no="2" player="6SP9" type="15" discard="1" dealt="1" sum="5"/>
<action no="3" player="oreiasccp" type="15" sum="5"/>
<action no="4" player="Serbefou" type="1" discard="1" dealt="1" sum="15"/>
<action no="5" player="6SP9" type="2" discard="1" dealt="1" sum="30"/>
</round>
<round no="1"><cards type="Pocket" player="oreiasccp">S7 CK</cards>
<cards type="Pocket" player="Serbefou">X X</cards>
<cards type="Pocket" player="6SP9">X X</cards>
<action no="6" player="oreiasccp" type="0" sum="0"/>
<action no="7" player="Serbefou" type="3" discard="1" dealt="1" sum="15"/>
<action no="8" player="6SP9" type="4" discard="1" dealt="1" sum="0"/>
</round>
<round no="2"><cards type="Flop">D4 D7 S6</cards>
<action no="9" player="Serbefou" type="4" discard="1" dealt="1" sum="0"/>
<action no="10" player="6SP9" type="5" discard="1" dealt="1" sum="30"/>
<action no="11" player="Serbefou" type="3" discard="1" dealt="1" sum="30"/>
</round>
<round no="3"><cards type="Turn">CA</cards>
<action no="12" player="Serbefou" type="4" discard="1" dealt="1" sum="0"/>
<action no="13" player="6SP9" type="4" discard="1" dealt="1" sum="0"/>
</round>
<round no="4"><cards type="River">SJ</cards>
<action no="14" player="Serbefou" type="5" discard="1" dealt="1" sum="90"/>
<action no="15" player="6SP9" type="23" discard="1" dealt="1" sum="292"/>
<action no="16" player="Serbefou" type="0" discard="1" dealt="1" sum="0"/>
</round>
</game>
<game gamecode="11538590027"><general><startdate>2025-06-28 08:56:21</startdate>
<round>1</round>
<failsafecounter/>
<players><player seat="10" name="oreiasccp" chips="245" dealer="0" win="0" bet="35" muck="1" rebuy="0" addon="0" merge="0" rebuychips="0" reg_code="8393536653"/>
<player seat="3" name="Serbefou" chips="585" dealer="1" win="0" bet="5" muck="1" rebuy="0" addon="0" merge="0" rebuychips="0" reg_code="8393536576"/>
<player seat="6" name="6SP9" chips="670" dealer="0" win="75" bet="670" muck="1" rebuy="0" addon="0" merge="0" rebuychips="0" reg_code="8393536598"/>
</players>
</general>
<round no="0"><action no="1" player="6SP9" type="15" discard="1" dealt="1" sum="5"/>
<action no="2" player="oreiasccp" type="15" sum="5"/>
<action no="3" player="Serbefou" type="15" discard="1" dealt="1" sum="5"/>
<action no="4" player="6SP9" type="1" discard="1" dealt="1" sum="15"/>
<action no="5" player="oreiasccp" type="2" sum="30"/>
</round>
<round no="1"><cards type="Pocket" player="6SP9">X X</cards>
<cards type="Pocket" player="Serbefou">X X</cards>
<cards type="Pocket" player="oreiasccp">CK D4</cards>
<action no="6" player="Serbefou" type="0" discard="1" dealt="1" sum="0"/>
<action no="7" player="6SP9" type="23" discard="1" dealt="1" sum="665"/>
<action no="8" player="oreiasccp" type="0" sum="0"/>
</round>
</game>
<game gamecode="11538590056"><general><startdate>2025-06-28 08:56:32</startdate>
<round>1</round>
<failsafecounter/>
<players><player seat="3" name="Serbefou" chips="580" dealer="0" win="224" bet="139" muck="1" rebuy="0" addon="0" merge="0" rebuychips="0" reg_code="8393536576"/>
<player seat="6" name="6SP9" chips="710" dealer="1" win="0" bet="102" muck="1" rebuy="0" addon="0" merge="0" rebuychips="0" reg_code="8393536598"/>
<player seat="10" name="oreiasccp" chips="210" dealer="0" win="0" bet="20" muck="1" rebuy="0" addon="0" merge="0" rebuychips="0" reg_code="8393536653"/>
</players>
</general>
<round no="0"><action no="1" player="oreiasccp" type="15" sum="5"/>
<action no="2" player="Serbefou" type="15" discard="1" dealt="1" sum="5"/>
<action no="3" player="6SP9" type="15" discard="1" dealt="1" sum="5"/>
<action no="4" player="oreiasccp" type="1" sum="15"/>
<action no="5" player="Serbefou" type="2" discard="1" dealt="1" sum="30"/>
</round>
<round no="1"><cards type="Pocket" player="Serbefou">X X</cards>
<cards type="Pocket" player="6SP9">X X</cards>
<cards type="Pocket" player="oreiasccp">H4 D2</cards>
<action no="6" player="6SP9" type="23" discard="1" dealt="1" sum="60"/>
<action no="7" player="oreiasccp" type="0" sum="0"/>
<action no="8" player="Serbefou" type="3" discard="1" dealt="1" sum="30"/>
</round>
<round no="2"><cards type="Flop">C9 CA H2</cards>
<action no="9" player="Serbefou" type="4" discard="1" dealt="1" sum="0"/>
<action no="10" player="6SP9" type="5" discard="1" dealt="1" sum="37"/>
<action no="11" player="Serbefou" type="23" discard="1" dealt="1" sum="74"/>
<action no="12" player="6SP9" type="0" discard="1" dealt="1" sum="0"/>
</round>
</game>
<game gamecode="11538590129"><general><startdate>2025-06-28 08:56:56</startdate>
<round>1</round>
<failsafecounter/>
<players><player seat="6" name="6SP9" chips="608" dealer="0" win="0" bet="35" muck="1" rebuy="0" addon="0" merge="0" rebuychips="0" reg_code="8393536598"/>
<player seat="10" name="oreiasccp" chips="190" dealer="1" win="415" bet="190" muck="0" rebuy="0" addon="0" merge="0" rebuychips="0" reg_code="8393536653"/>
<player seat="3" name="Serbefou" chips="702" dealer="0" win="0" bet="190" muck="1" rebuy="0" addon="0" merge="0" rebuychips="0" reg_code="8393536576"/>
</players>
</general>
<round no="0"><action no="1" player="Serbefou" type="15" discard="1" dealt="1" sum="5"/>
<action no="2" player="6SP9" type="15" discard="1" dealt="1" sum="5"/>
<action no="3" player="oreiasccp" type="15" sum="5"/>
<action no="4" player="Serbefou" type="1" discard="1" dealt="1" sum="15"/>
<action no="5" player="6SP9" type="2" discard="1" dealt="1" sum="30"/>
</round>
<round no="1"><cards type="Pocket" player="6SP9">X X</cards>
<cards type="Pocket" player="Serbefou">HK CK</cards>
<cards type="Pocket" player="oreiasccp">SQ DA</cards>
<action no="6" player="oreiasccp" type="23" sum="185"/>
<action no="7" player="Serbefou" type="3" discard="1" dealt="1" sum="170"/>
<action no="8" player="6SP9" type="0" discard="1" dealt="1" sum="0"/>
</round>
<round no="2"><cards type="Flop">SA S8 C8</cards>
</round>
<round no="3"><cards type="Turn">DQ</cards>
</round>
<round no="4"><cards type="River">CA</cards>
</round>
</game>
<game gamecode="11538590185"><general><startdate>2025-06-28 08:57:14</startdate>
<round>1</round>
<failsafecounter/>
<players><player seat="10" name="oreiasccp" chips="415" dealer="0" win="0" bet="155" muck="1" rebuy="0" addon="0" merge="0" rebuychips="0" reg_code="8393536653"/>
<player seat="3" name="Serbefou" chips="512" dealer="1" win="330" bet="320" muck="1" rebuy="0" addon="0" merge="0" rebuychips="0" reg_code="8393536576"/>
<player seat="6" name="6SP9" chips="573" dealer="0" win="0" bet="20" muck="1" rebuy="0" addon="0" merge="0" rebuychips="0" reg_code="8393536598"/>
</players>
</general>
<round no="0"><action no="1" player="6SP9" type="15" discard="1" dealt="1" sum="5"/>
<action no="2" player="oreiasccp" type="15" sum="5"/>
<action no="3" player="Serbefou" type="15" discard="1" dealt="1" sum="5"/>
<action no="4" player="6SP9" type="1" discard="1" dealt="1" sum="15"/>
<action no="5" player="oreiasccp" type="2" sum="30"/>
</round>
<round no="1"><cards type="Pocket" player="6SP9">X X</cards>
<cards type="Pocket" player="oreiasccp">C7 SQ</cards>
<cards type="Pocket" player="Serbefou">X X</cards>
<action no="6" player="Serbefou" type="3" discard="1" dealt="1" sum="30"/>
<action no="7" player="6SP9" type="0" discard="1" dealt="1" sum="0"/>
<action no="8" player="oreiasccp" type="4" sum="0"/>
</round>
<round no="2"><cards type="Flop">H7 CA C4</cards>
<action no="9" player="oreiasccp" type="4" sum="0"/>
<action no="10" player="Serbefou" type="5" discard="1" dealt="1" sum="30"/>
<action no="11" player="oreiasccp" type="3" sum="30"/>
</round>
<round no="3"><cards type="Turn">D6</cards>
<action no="12" player="oreiasccp" type="4" sum="0"/>
<action no="13" player="Serbefou" type="5" discard="1" dealt="1" sum="90"/>
<action no="14" player="oreiasccp" type="3" sum="90"/>
</round>
<round no="4"><cards type="River">H2</cards>
<action no="15" player="oreiasccp" type="4" sum="0"/>
<action no="16" player="Serbefou" type="5" discard="1" dealt="1" sum="165"/>
<action no="17" player="oreiasccp" type="0" sum="0"/>
</round>
</game>
<game gamecode="11538590300"><general><startdate>2025-06-28 08:57:48</startdate>
<round>1</round>
<failsafecounter/>
<players><player seat="3" name="Serbefou" chips="687" dealer="0" win="55" bet="45" muck="1" rebuy="0" addon="0" merge="0" rebuychips="0" reg_code="8393536576"/>
<player seat="6" name="6SP9" chips="553" dealer="1" win="0" bet="5" muck="1" rebuy="0" addon="0" merge="0" rebuychips="0" reg_code="8393536598"/>
<player seat="10" name="oreiasccp" chips="260" dealer="0" win="0" bet="25" muck="1" rebuy="0" addon="0" merge="0" rebuychips="0" reg_code="8393536653"/>
</players>
</general>
<round no="0"><action no="1" player="oreiasccp" type="15" sum="5"/>
<action no="2" player="Serbefou" type="15" discard="1" dealt="1" sum="5"/>
<action no="3" player="6SP9" type="15" discard="1" dealt="1" sum="5"/>
<action no="4" player="oreiasccp" type="1" sum="20"/>
<action no="5" player="Serbefou" type="2" discard="1" dealt="1" sum="40"/>
</round>
<round no="1"><cards type="Pocket" player="6SP9">X X</cards>
<cards type="Pocket" player="oreiasccp">S10 H3</cards>
<cards type="Pocket" player="Serbefou">X X</cards>
<action no="6" player="6SP9" type="0" discard="1" dealt="1" sum="0"/>
<action no="7" player="oreiasccp" type="0" sum="0"/>
</round>
</game>
<game gamecode="11538590313"><general><startdate>2025-06-28 08:57:54</startdate>
<round>1</round>
<failsafecounter/>
<players><player seat="6" name="6SP9" chips="548" dealer="0" win="0" bet="45" muck="1" rebuy="0" addon="0" merge="0" rebuychips="0" reg_code="8393536598"/>
<player seat="10" name="oreiasccp" chips="235" dealer="1" win="115" bet="235" muck="1" rebuy="0" addon="0" merge="0" rebuychips="0" reg_code="8393536653"/>
<player seat="3" name="Serbefou" chips="717" dealer="0" win="0" bet="25" muck="1" rebuy="0" addon="0" merge="0" rebuychips="0" reg_code="8393536576"/>
</players>
</general>
<round no="0"><action no="1" player="Serbefou" type="15" discard="1" dealt="1" sum="5"/>
<action no="2" player="6SP9" type="15" discard="1" dealt="1" sum="5"/>
<action no="3" player="oreiasccp" type="15" sum="5"/>
<action no="4" player="Serbefou" type="1" discard="1" dealt="1" sum="20"/>
<action no="5" player="6SP9" type="2" discard="1" dealt="1" sum="40"/>
</round>
<round no="1"><cards type="Pocket" player="6SP9">X X</cards>
<cards type="Pocket" player="Serbefou">X X</cards>
<cards type="Pocket" player="oreiasccp">SA H5</cards>
<action no="6" player="oreiasccp" type="23" sum="230"/>
<action no="7" player="Serbefou" type="0" discard="1" dealt="1" sum="0"/>
<action no="8" player="6SP9" type="0" discard="1" dealt="1" sum="0"/>
</round>
</game>
<game gamecode="11538590357"><general><startdate>2025-06-28 08:58:07</startdate>
<round>1</round>
<failsafecounter/>
<players><player seat="10" name="oreiasccp" chips="305" dealer="0" win="695" bet="305" muck="0" rebuy="0" addon="0" merge="0" rebuychips="0" reg_code="8393536653"/>
<player seat="3" name="Serbefou" chips="692" dealer="1" win="0" bet="305" muck="1" rebuy="0" addon="0" merge="0" rebuychips="0" reg_code="8393536576"/>
<player seat="6" name="6SP9" chips="503" dealer="0" win="0" bet="85" muck="1" rebuy="0" addon="0" merge="0" rebuychips="0" reg_code="8393536598"/>
</players>
</general>
<round no="0"><action no="1" player="6SP9" type="15" discard="1" dealt="1" sum="5"/>
<action no="2" player="oreiasccp" type="15" sum="5"/>
<action no="3" player="Serbefou" type="15" discard="1" dealt="1" sum="5"/>
<action no="4" player="6SP9" type="1" discard="1" dealt="1" sum="20"/>
<action no="5" player="oreiasccp" type="2" sum="40"/>
</round>
<round no="1"><cards type="Pocket" player="6SP9">X X</cards>
<cards type="Pocket" player="oreiasccp">D4 H5</cards>
<cards type="Pocket" player="Serbefou">H4 H10</cards>
<action no="6" player="Serbefou" type="3" discard="1" dealt="1" sum="40"/>
<action no="7" player="6SP9" type="3" discard="1" dealt="1" sum="20"/>
<action no="8" player="oreiasccp" type="4" sum="0"/>
</round>
<round no="2"><cards type="Flop">S7 C5 S5</cards>
<action no="9" player="6SP9" type="4" discard="1" dealt="1" sum="0"/>
<action no="10" player="oreiasccp" type="4" sum="0"/>
<action no="11" player="Serbefou" type="5" discard="1" dealt="1" sum="40"/>
<action no="12" player="6SP9" type="3" discard="1" dealt="1" sum="40"/>
<action no="13" player="oreiasccp" type="3" sum="40"/>
</round>
<round no="3"><cards type="Turn">HA</cards>
<action no="14" player="6SP9" type="4" discard="1" dealt="1" sum="0"/>
<action no="15" player="oreiasccp" type="4" sum="0"/>
<action no="16" player="Serbefou" type="5" discard="1" dealt="1" sum="120"/>
<action no="17" player="6SP9" type="0" discard="1" dealt="1" sum="0"/>
<action no="18" player="oreiasccp" type="7" sum="220"/>
<action no="19" player="Serbefou" type="3" discard="1" dealt="1" sum="100"/>
</round>
<round no="4"><cards type="River">D3</cards>
</round>
</game>
<game gamecode="11538590579"><general><startdate>2025-06-28 08:59:21</startdate>
<round>1</round>
<failsafecounter/>
<players><player seat="3" name="Serbefou" chips="387" dealer="0" win="0" bet="125" muck="1" rebuy="0" addon="0" merge="0" rebuychips="0" reg_code="8393536576"/>
<player seat="6" name="6SP9" chips="418" dealer="1" win="0" bet="5" muck="1" rebuy="0" addon="0" merge="0" rebuychips="0" reg_code="8393536598"/>
<player seat="10" name="oreiasccp" chips="695" dealer="0" win="255" bet="387" muck="1" rebuy="0" addon="0" merge="0" rebuychips="0" reg_code="8393536653"/>
</players>
</general>
<round no="0"><action no="1" player="oreiasccp" type="15" sum="5"/>
<action no="2" player="Serbefou" type="15" discard="1" dealt="1" sum="5"/>
<action no="3" player="6SP9" type="15" discard="1" dealt="1" sum="5"/>
<action no="4" player="oreiasccp" type="1" sum="20"/>
<action no="5" player="Serbefou" type="2" discard="1" dealt="1" sum="40"/>
</round>
<round no="1"><cards type="Pocket" player="oreiasccp">D4 D7</cards>
<cards type="Pocket" player="Serbefou">X X</cards>
<cards type="Pocket" player="6SP9">X X</cards>
<action no="6" player="6SP9" type="0" discard="1" dealt="1" sum="0"/>
<action no="7" player="oreiasccp" type="3" sum="20"/>
<action no="8" player="Serbefou" type="23" discard="1" dealt="1" sum="80"/>
<action no="9" player="oreiasccp" type="3" sum="40"/>
</round>
<round no="2"><cards type="Flop">H4 C2 D10</cards>
<action no="10" player="oreiasccp" type="4" sum="0"/>
<action no="11" player="Serbefou" type="5" discard="1" dealt="1" sum="40"/>
<action no="12" player="oreiasccp" type="23" sum="302"/>
<action no="13" player="Serbefou" type="0" discard="1" dealt="1" sum="0"/>
</round>
</game>
<game gamecode="11538590745"><general><startdate>2025-06-28 09:00:19</startdate>
<round>1</round>
<failsafecounter/>
<players><player seat="6" name="6SP9" chips="413" dealer="0" win="529" bet="413" muck="0" rebuy="0" addon="0" merge="0" rebuychips="0" reg_code="8393536598"/>
<player seat="10" name="oreiasccp" chips="825" dealer="1" win="0" bet="5" muck="1" rebuy="0" addon="0" merge="0" rebuychips="0" reg_code="8393536653"/>
<player seat="3" name="Serbefou" chips="262" dealer="0" win="0" bet="262" muck="0" rebuy="0" addon="0" merge="0" rebuychips="0" reg_code="8393536576"/>
</players>
</general>
<round no="0"><action no="1" player="Serbefou" type="15" discard="1" dealt="1" sum="5"/>
<action no="2" player="6SP9" type="15" discard="1" dealt="1" sum="5"/>
<action no="3" player="oreiasccp" type="15" sum="5"/>
<action no="4" player="Serbefou" type="1" discard="1" dealt="1" sum="30"/>
<action no="5" player="6SP9" type="2" discard="1" dealt="1" sum="60"/>
</round>
<round no="1"><cards type="Pocket" player="Serbefou">C10 H4</cards>
<cards type="Pocket" player="6SP9">DA D3</cards>
<cards type="Pocket" player="oreiasccp">S3 H10</cards>
<action no="6" player="oreiasccp" type="0" sum="0"/>
<action no="7" player="Serbefou" type="3" discard="1" dealt="1" sum="30"/>
<action no="8" player="6SP9" type="23" discard="1" dealt="1" sum="408"/>
<action no="9" player="Serbefou" type="7" discard="1" dealt="1" sum="197"/>
</round>
<round no="2"><cards type="Flop">CQ S7 H7</cards>
</round>
<round no="3"><cards type="Turn">SA</cards>
</round>
<round no="4"><cards type="River">S10</cards>
</round>
</game>
<game gamecode="11538590804"><general><startdate>2025-06-28 09:00:39</startdate>
<round>1</round>
<failsafecounter/>
<players><player seat="10" name="oreiasccp" chips="820" dealer="0" win="250" bet="305" muck="1" rebuy="0" addon="0" merge="0" rebuychips="0" reg_code="8393536653"/>
<player seat="6" name="6SP9" chips="680" dealer="1" win="0" bet="125" muck="1" rebuy="0" addon="0" merge="0" rebuychips="0" reg_code="8393536598"/>
</players>
</general>
<round no="0"><action no="1" player="6SP9" type="15" discard="1" dealt="1" sum="5"/>
<action no="2" player="oreiasccp" type="15" sum="5"/>
<action no="3" player="6SP9" type="1" discard="1" dealt="1" sum="30"/>
<action no="4" player="oreiasccp" type="2" sum="60"/>
</round>
<round no="1"><cards type="Pocket" player="oreiasccp">D4 C5</cards>
<cards type="Pocket" player="6SP9">X X</cards>
<action no="5" player="6SP9" type="3" discard="1" dealt="1" sum="30"/>
<action no="6" player="oreiasccp" type="4" sum="0"/>
</round>
<round no="2"><cards type="Flop">D8 C3 C7</cards>
<action no="7" player="oreiasccp" type="4" sum="0"/>
<action no="8" player="6SP9" type="5" discard="1" dealt="1" sum="60"/>
<action no="9" player="oreiasccp" type="3" sum="60"/>
</round>
<round no="3"><cards type="Turn">C2</cards>
<action no="10" player="oreiasccp" type="4" sum="0"/>
<action no="11" player="6SP9" type="4" discard="1" dealt="1" sum="0"/>
</round>
<round no="4"><cards type="River">HQ</cards>
<action no="12" player="oreiasccp" type="5" sum="180"/>
<action no="13" player="6SP9" type="0" discard="1" dealt="1" sum="0"/>
</round>
</game>
<game gamecode="11538590904"><general><startdate>2025-06-28 09:01:11</startdate>
<round>1</round>
<failsafecounter/>
<players><player seat="6" name="6SP9" chips="555" dealer="0" win="0" bet="125" muck="1" rebuy="0" addon="0" merge="0" rebuychips="0" reg_code="8393536598"/>
<player seat="10" name="oreiasccp" chips="945" dealer="1" win="250" bet="125" muck="0" rebuy="0" addon="0" merge="0" rebuychips="0" reg_code="8393536653"/>
</players>
</general>
<round no="0"><action no="1" player="oreiasccp" type="15" sum="5"/>
<action no="2" player="6SP9" type="15" discard="1" dealt="1" sum="5"/>
<action no="3" player="oreiasccp" type="1" sum="30"/>
<action no="4" player="6SP9" type="2" discard="1" dealt="1" sum="60"/>
</round>
<round no="1"><cards type="Pocket" player="oreiasccp">HQ S8</cards>
<cards type="Pocket" player="6SP9">C10 S2</cards>
<action no="5" player="oreiasccp" type="3" sum="30"/>
<action no="6" player="6SP9" type="4" discard="1" dealt="1" sum="0"/>
</round>
<round no="2"><cards type="Flop">H9 CA CJ</cards>
<action no="7" player="6SP9" type="4" discard="1" dealt="1" sum="0"/>
<action no="8" player="oreiasccp" type="5" sum="60"/>
<action no="9" player="6SP9" type="3" discard="1" dealt="1" sum="60"/>
</round>
<round no="3"><cards type="Turn">HK</cards>
<action no="10" player="6SP9" type="4" discard="1" dealt="1" sum="0"/>
<action no="11" player="oreiasccp" type="4" sum="0"/>
</round>
<round no="4"><cards type="River">S3</cards>
<action no="12" player="6SP9" type="4" discard="1" dealt="1" sum="0"/>
<action no="13" player="oreiasccp" type="4" sum="0"/>
</round>
</game>
<game gamecode="11538591021"><general><startdate>2025-06-28 09:01:53</startdate>
<round>1</round>
<failsafecounter/>
<players><player seat="10" name="oreiasccp" chips="1,070" dealer="0" win="0" bet="88" muck="1" rebuy="0" addon="0" merge="0" rebuychips="0" reg_code="8393536653"/>
<player seat="6" name="6SP9" chips="430" dealer="1" win="176" bet="430" muck="1" rebuy="0" addon="0" merge="0" rebuychips="0" reg_code="8393536598"/>
</players>
</general>
<round no="0"><action no="1" player="6SP9" type="15" discard="1" dealt="1" sum="8"/>
<action no="2" player="oreiasccp" type="15" sum="8"/>
<action no="3" player="6SP9" type="1" discard="1" dealt="1" sum="40"/>
<action no="4" player="oreiasccp" type="2" sum="80"/>
</round>
<round no="1"><cards type="Pocket" player="oreiasccp">CJ H5</cards>
<cards type="Pocket" player="6SP9">X X</cards>
<action no="5" player="6SP9" type="23" discard="1" dealt="1" sum="422"/>
<action no="6" player="oreiasccp" type="0" sum="0"/>
</round>
</game>
<game gamecode="11538591047"><general><startdate>2025-06-28 09:02:00</startdate>
<round>1</round>
<failsafecounter/>
<players><player seat="6" name="6SP9" chips="518" dealer="0" win="1,036" bet="518" muck="0" rebuy="0" addon="0" merge="0" rebuychips="0" reg_code="8393536598"/>
<player seat="10" name="oreiasccp" chips="982" dealer="1" win="0" bet="518" muck="1" rebuy="0" addon="0" merge="0" rebuychips="0" reg_code="8393536653"/>
</players>
</general>
<round no="0"><action no="1" player="oreiasccp" type="15" sum="8"/>
<action no="2" player="6SP9" type="15" discard="1" dealt="1" sum="8"/>
<action no="3" player="oreiasccp" type="1" sum="40"/>
<action no="4" player="6SP9" type="2" discard="1" dealt="1" sum="80"/>
</round>
<round no="1"><cards type="Pocket" player="oreiasccp">S7 HQ</cards>
<cards type="Pocket" player="6SP9">CK D8</cards>
<action no="5" player="oreiasccp" type="23" sum="510"/>
<action no="6" player="6SP9" type="7" discard="1" dealt="1" sum="430"/>
</round>
<round no="2"><cards type="Flop">S9 S5 CA</cards>
</round>
<round no="3"><cards type="Turn">H3</cards>
</round>
<round no="4"><cards type="River">C8</cards>
</round>
</game>
<game gamecode="11538591114"><general><startdate>2025-06-28 09:02:21</startdate>
<round>1</round>
<failsafecounter/>
<players><player seat="10" name="oreiasccp" chips="464" dealer="0" win="0" bet="88" muck="1" rebuy="0" addon="0" merge="0" rebuychips="0" reg_code="8393536653"/>
<player seat="6" name="6SP9" chips="1,036" dealer="1" win="176" bet="1,036" muck="1" rebuy="0" addon="0" merge="0" rebuychips="0" reg_code="8393536598"/>
</players>
</general>
<round no="0"><action no="1" player="6SP9" type="15" discard="1" dealt="1" sum="8"/>
<action no="2" player="oreiasccp" type="15" sum="8"/>
<action no="3" player="6SP9" type="1" discard="1" dealt="1" sum="40"/>
<action no="4" player="oreiasccp" type="2" sum="80"/>
</round>
<round no="1"><cards type="Pocket" player="oreiasccp">H7 H2</cards>
<cards type="Pocket" player="6SP9">X X</cards>
<action no="5" player="6SP9" type="23" discard="1" dealt="1" sum="1,028"/>
<action no="6" player="oreiasccp" type="0" sum="0"/>
</round>
</game>
<game gamecode="11538591138"><general><startdate>2025-06-28 09:02:28</startdate>
<round>1</round>
<failsafecounter/>
<players><player seat="6" name="6SP9" chips="1,124" dealer="0" win="752" bet="376" muck="0" rebuy="0" addon="0" merge="0" rebuychips="0" reg_code="8393536598"/>
<player seat="10" name="oreiasccp" chips="376" dealer="1" win="0" bet="376" muck="0" rebuy="0" addon="0" merge="0" rebuychips="0" reg_code="8393536653"/>
</players>
</general>
<round no="0"><action no="1" player="oreiasccp" type="15" sum="8"/>
<action no="2" player="6SP9" type="15" discard="1" dealt="1" sum="8"/>
<action no="3" player="oreiasccp" type="1" sum="40"/>
<action no="4" player="6SP9" type="2" discard="1" dealt="1" sum="80"/>
</round>
<round no="1"><cards type="Pocket" player="oreiasccp">C7 SK</cards>
<cards type="Pocket" player="6SP9">CK D9</cards>
<action no="5" player="oreiasccp" type="23" sum="368"/>
<action no="6" player="6SP9" type="3" discard="1" dealt="1" sum="288"/>
</round>
<round no="2"><cards type="Flop">S8 D5 D10</cards>
</round>
<round no="3"><cards type="Turn">H2</cards>
</round>
<round no="4"><cards type="River">SQ</cards>
</round>
</game>
</session>
