<?xml version="1.0" encoding="UTF-8"?>
<session sessioncode="8393533487">
<general>
<client_version>25.1.1.13</client_version>
<mode>real</mode>
<gametype>Holdem NL</gametype>
<tablename>Twister €5 SNG, 1128749002</tablename>
<tournamentcode>1128749001</tournamentcode>
<tournamentname>Twister €5 SNG</tournamentname>
<buyin>€0 + €0.35 + €4.65</buyin>
<totalbuyin>€5</totalbuyin>
<rewarddrawn>€10</rewarddrawn>
<tournamentcurrency>EUR</tournamentcurrency>
<currency>EUR</currency>
<nickname>oreiasccp</nickname>
<gamecount>20</gamecount>
<startdate>2025-06-28 08:41:15</startdate>
<place>1</place>
<win>€10</win>
<tablesize>3</tablesize>
</general>
<game gamecode="11538578169"><general><startdate>2025-06-28 08:41:30</startdate>
<round>1</round>
<failsafecounter/>
<players><player seat="6" name="Humbert25" chips="500" dealer="0" win="0" bet="20" muck="1" rebuy="0" addon="0" merge="0" rebuychips="0" reg_code="8393533484"/>
<player seat="10" name="oreiasccp" chips="500" dealer="1" win="0" bet="0" muck="1" rebuy="0" addon="0" merge="0" rebuychips="0" reg_code="8393533487"/>
<player seat="3" name="Skyder19" chips="500" dealer="0" win="40" bet="60" muck="1" rebuy="0" addon="0" merge="0" rebuychips="0" reg_code="8393533422"/>
</players>
</general>
<round no="0"><action no="1" player="Skyder19" type="1" discard="1" dealt="1" sum="10"/>
<action no="2" player="Humbert25" type="2" discard="1" dealt="1" sum="20"/>
</round>
<round no="1"><cards type="Pocket" player="oreiasccp">S7 H6</cards>
<cards type="Pocket" player="Skyder19">X X</cards>
<cards type="Pocket" player="Humbert25">X X</cards>
<action no="3" player="oreiasccp" type="0" sum="0"/>
<action no="4" player="Skyder19" type="23" discard="1" dealt="1" sum="60"/>
<action no="5" player="Humbert25" type="0" discard="1" dealt="1" sum="0"/>
</round>
</game>
<game gamecode="11538578221"><general><startdate>2025-06-28 08:41:45</startdate>
<round>1</round>
<failsafecounter/>
<players><player seat="10" name="oreiasccp" chips="500" dealer="0" win="100" bet="480" muck="1" rebuy="0" addon="0" merge="0" rebuychips="0" reg_code="8393533487"/>
<player seat="3" name="Skyder19" chips="520" dealer="1" win="0" bet="0" muck="1" rebuy="0" addon="0" merge="0" rebuychips="0" reg_code="8393533422"/>
<player seat="6" name="Humbert25" chips="480" dealer="0" win="0" bet="50" muck="1" rebuy="0" addon="0" merge="0" rebuychips="0" reg_code="8393533484"/>
</players>
</general>
<round no="0"><action no="1" player="Humbert25" type="1" discard="1" dealt="1" sum="10"/>
<action no="2" player="oreiasccp" type="2" sum="20"/>
</round>
<round no="1"><cards type="Pocket" player="Humbert25">X X</cards>
<cards type="Pocket" player="Skyder19">X X</cards>
<cards type="Pocket" player="oreiasccp">S10 DA</cards>
<action no="3" player="Skyder19" type="0" discard="1" dealt="1" sum="0"/>
<action no="4" player="Humbert25" type="23" discard="1" dealt="1" sum="50"/>
<action no="5" player="oreiasccp" type="23" sum="480"/>
<action no="6" player="Humbert25" type="0" discard="1" dealt="1" sum="0"/>
</round>
</game>
<game gamecode="11538578276"><general><startdate>2025-06-28 08:42:00</startdate>
<round>1</round>
<failsafecounter/>
<players><player seat="3" name="Skyder19" chips="520" dealer="0" win="20" bet="20" muck="1" rebuy="0" addon="0" merge="0" rebuychips="0" reg_code="8393533422"/>
<player seat="6" name="Humbert25" chips="430" dealer="1" win="0" bet="0" muck="1" rebuy="0" addon="0" merge="0" rebuychips="0" reg_code="8393533484"/>
<player seat="10" name="oreiasccp" chips="550" dealer="0" win="0" bet="10" muck="1" rebuy="0" addon="0" merge="0" rebuychips="0" reg_code="8393533487"/>
</players>
</general>
<round no="0"><action no="1" player="oreiasccp" type="1" sum="10"/>
<action no="2" player="Skyder19" type="2" discard="1" dealt="1" sum="20"/>
</round>
<round no="1"><cards type="Pocket" player="oreiasccp">H4 C10</cards>
<cards type="Pocket" player="Skyder19">X X</cards>
<cards type="Pocket" player="Humbert25">X X</cards>
<action no="3" player="Humbert25" type="0" discard="1" dealt="1" sum="0"/>
<action no="4" player="oreiasccp" type="0" sum="0"/>
</round>
</game>
<game gamecode="11538578310"><general><startdate>2025-06-28 08:42:07</startdate>
<round>1</round>
<failsafecounter/>
<players><player seat="6" name="Humbert25" chips="430" dealer="0" win="0" bet="20" muck="1" rebuy="0" addon="0" merge="0" rebuychips="0" reg_code="8393533484"/>
<player seat="10" name="oreiasccp" chips="540" dealer="1" win="50" bet="40" muck="1" rebuy="0" addon="0" merge="0" rebuychips="0" reg_code="8393533487"/>
<player seat="3" name="Skyder19" chips="530" dealer="0" win="0" bet="10" muck="1" rebuy="0" addon="0" merge="0" rebuychips="0" reg_code="8393533422"/>
</players>
</general>
<round no="0"><action no="1" player="Skyder19" type="1" discard="1" dealt="1" sum="10"/>
<action no="2" player="Humbert25" type="2" discard="1" dealt="1" sum="20"/>
</round>
<round no="1"><cards type="Pocket" player="Skyder19">X X</cards>
<cards type="Pocket" player="oreiasccp">CQ DK</cards>
<cards type="Pocket" player="Humbert25">X X</cards>
<action no="3" player="oreiasccp" type="23" sum="40"/>
<action no="4" player="Skyder19" type="0" discard="1" dealt="1" sum="0"/>
<action no="5" player="Humbert25" type="0" discard="1" dealt="1" sum="0"/>
</round>
</game>
<game gamecode="11538578357"><general><startdate>2025-06-28 08:42:23</startdate>
<round>1</round>
<failsafecounter/>
<players><player seat="10" name="oreiasccp" chips="570" dealer="0" win="80" bet="80" muck="1" rebuy="0" addon="0" merge="0" rebuychips="0" reg_code="8393533487"/>
<player seat="3" name="Skyder19" chips="520" dealer="1" win="0" bet="0" muck="1" rebuy="0" addon="0" merge="0" rebuychips="0" reg_code="8393533422"/>
<player seat="6" name="Humbert25" chips="410" dealer="0" win="0" bet="40" muck="1" rebuy="0" addon="0" merge="0" rebuychips="0" reg_code="8393533484"/>
</players>
</general>
<round no="0"><action no="1" player="Humbert25" type="1" discard="1" dealt="1" sum="10"/>
<action no="2" player="oreiasccp" type="2" sum="20"/>
</round>
<round no="1"><cards type="Pocket" player="Humbert25">X X</cards>
<cards type="Pocket" player="Skyder19">X X</cards>
<cards type="Pocket" player="oreiasccp">S5 S4</cards>
<action no="3" player="Skyder19" type="0" discard="1" dealt="1" sum="0"/>
<action no="4" player="Humbert25" type="3" discard="1" dealt="1" sum="10"/>
<action no="5" player="oreiasccp" type="4" sum="0"/>
</round>
<round no="2"><cards type="Flop">HJ H5 DK</cards>
<action no="6" player="Humbert25" type="4" discard="1" dealt="1" sum="0"/>
<action no="7" player="oreiasccp" type="4" sum="0"/>
</round>
<round no="3"><cards type="Turn">H4</cards>
<action no="8" player="Humbert25" type="4" discard="1" dealt="1" sum="0"/>
<action no="9" player="oreiasccp" type="5" sum="20"/>
<action no="10" player="Humbert25" type="3" discard="1" dealt="1" sum="20"/>
</round>
<round no="4"><cards type="River">D7</cards>
<action no="11" player="Humbert25" type="4" discard="1" dealt="1" sum="0"/>
<action no="12" player="oreiasccp" type="5" sum="40"/>
<action no="13" player="Humbert25" type="0" discard="1" dealt="1" sum="0"/>
</round>
</game>
<game gamecode="11538578583"><general><startdate>2025-06-28 08:43:29</startdate>
<round>1</round>
<failsafecounter/>
<players><player seat="3" name="Skyder19" chips="520" dealer="0" win="760" bet="370" muck="0" rebuy="0" addon="0" merge="0" rebuychips="0" reg_code="8393533422"/>
<player seat="6" name="Humbert25" chips="370" dealer="1" win="0" bet="370" muck="0" rebuy="0" addon="0" merge="0" rebuychips="0" reg_code="8393533484"/>
<player seat="10" name="oreiasccp" chips="610" dealer="0" win="0" bet="20" muck="1" rebuy="0" addon="0" merge="0" rebuychips="0" reg_code="8393533487"/>
</players>
</general>
<round no="0"><action no="1" player="oreiasccp" type="15" sum="5"/>
<action no="2" player="Skyder19" type="15" discard="1" dealt="1" sum="5"/>
<action no="3" player="Humbert25" type="15" discard="1" dealt="1" sum="5"/>
<action no="4" player="oreiasccp" type="1" sum="15"/>
<action no="5" player="Skyder19" type="2" discard="1" dealt="1" sum="30"/>
</round>
<round no="1"><cards type="Pocket" player="oreiasccp">S9 C2</cards>
<cards type="Pocket" player="Humbert25">H5 HA</cards>
<cards type="Pocket" player="Skyder19">C10 D10</cards>
<action no="6" player="Humbert25" type="23" discard="1" dealt="1" sum="365"/>
<action no="7" player="oreiasccp" type="0" sum="0"/>
<action no="8" player="Skyder19" type="3" discard="1" dealt="1" sum="335"/>
</round>
<round no="2"><cards type="Flop">H10 SA DJ</cards>
</round>
<round no="3"><cards type="Turn">D7</cards>
</round>
<round no="4"><cards type="River">HQ</cards>
</round>
</game>
<game gamecode="11538578657"><general><startdate>2025-06-28 08:43:49</startdate>
<round>1</round>
<failsafecounter/>
<players><player seat="3" name="Skyder19" chips="910" dealer="0" win="0" bet="65" muck="1" rebuy="0" addon="0" merge="0" rebuychips="0" reg_code="8393533422"/>
<player seat="10" name="oreiasccp" chips="590" dealer="1" win="130" bet="130" muck="1" rebuy="0" addon="0" merge="0" rebuychips="0" reg_code="8393533487"/>
</players>
</general>
<round no="0"><action no="1" player="oreiasccp" type="15" sum="5"/>
<action no="2" player="Skyder19" type="15" discard="1" dealt="1" sum="5"/>
<action no="3" player="oreiasccp" type="1" sum="15"/>
<action no="4" player="Skyder19" type="2" discard="1" dealt="1" sum="30"/>
</round>
<round no="1"><cards type="Pocket" player="Skyder19">X X</cards>
<cards type="Pocket" player="oreiasccp">SK DK</cards>
<action no="5" player="oreiasccp" type="23" sum="60"/>
<action no="6" player="Skyder19" type="3" discard="1" dealt="1" sum="30"/>
</round>
<round no="2"><cards type="Flop">C2 C6 S9</cards>
<action no="7" player="Skyder19" type="4" discard="1" dealt="1" sum="0"/>
<action no="8" player="oreiasccp" type="5" sum="65"/>
<action no="9" player="Skyder19" type="0" discard="1" dealt="1" sum="0"/>
</round>
</game>
<game gamecode="11538578740"><general><startdate>2025-06-28 08:44:11</startdate>
<round>1</round>
<failsafecounter/>
<players><player seat="10" name="oreiasccp" chips="655" dealer="0" win="0" bet="65" muck="1" rebuy="0" addon="0" merge="0" rebuychips="0" reg_code="8393533487"/>
<player seat="3" name="Skyder19" chips="845" dealer="1" win="130" bet="104" muck="1" rebuy="0" addon="0" merge="0" rebuychips="0" reg_code="8393533422"/>
</players>
</general>
<round no="0"><action no="1" player="Skyder19" type="15" discard="1" dealt="1" sum="5"/>
<action no="2" player="oreiasccp" type="15" sum="5"/>
<action no="3" player="Skyder19" type="1" discard="1" dealt="1" sum="15"/>
<action no="4" player="oreiasccp" type="2" sum="30"/>
</round>
<round no="1"><cards type="Pocket" player="oreiasccp">H7 D5</cards>
<cards type="Pocket" player="Skyder19">X X</cards>
<action no="5" player="Skyder19" type="23" discard="1" dealt="1" sum="60"/>
<action no="6" player="oreiasccp" type="3" sum="30"/>
</round>
<round no="2"><cards type="Flop">HQ CK S8</cards>
<action no="7" player="oreiasccp" type="4" sum="0"/>
<action no="8" player="Skyder19" type="5" discard="1" dealt="1" sum="39"/>
<action no="9" player="oreiasccp" type="0" sum="0"/>
</round>
</game>
<game gamecode="11538578806"><general><startdate>2025-06-28 08:44:29</startdate>
<round>1</round>
<failsafecounter/>
<players><player seat="3" name="Skyder19" chips="910" dealer="0" win="0" bet="910" muck="0" rebuy="0" addon="0" merge="0" rebuychips="0" reg_code="8393533422"/>
<player seat="10" name="oreiasccp" chips="590" dealer="1" win="1,180" bet="590" muck="0" rebuy="0" addon="0" merge="0" rebuychips="0" reg_code="8393533487"/>
</players>
</general>
<round no="0"><action no="1" player="oreiasccp" type="15" sum="5"/>
<action no="2" player="Skyder19" type="15" discard="1" dealt="1" sum="5"/>
<action no="3" player="oreiasccp" type="1" sum="15"/>
<action no="4" player="Skyder19" type="2" discard="1" dealt="1" sum="30"/>
</round>
<round no="1"><cards type="Pocket" player="Skyder19">HK DQ</cards>
<cards type="Pocket" player="oreiasccp">D10 HA</cards>
<action no="5" player="oreiasccp" type="23" sum="60"/>
<action no="6" player="Skyder19" type="23" discard="1" dealt="1" sum="905"/>
<action no="7" player="oreiasccp" type="7" sum="525"/>
</round>
<round no="2"><cards type="Flop">C5 H3 D5</cards>
</round>
<round no="3"><cards type="Turn">CJ</cards>
</round>
<round no="4"><cards type="River">D6</cards>
</round>
</game>
<game gamecode="11538578902"><general><startdate>2025-06-28 08:44:56</startdate>
<round>1</round>
<failsafecounter/>
<players><player seat="10" name="oreiasccp" chips="1,180" dealer="0" win="70" bet="80" muck="1" rebuy="0" addon="0" merge="0" rebuychips="0" reg_code="8393533487"/>
<player seat="3" name="Skyder19" chips="320" dealer="1" win="0" bet="35" muck="1" rebuy="0" addon="0" merge="0" rebuychips="0" reg_code="8393533422"/>
</players>
</general>
<round no="0"><action no="1" player="Skyder19" type="15" discard="1" dealt="1" sum="5"/>
<action no="2" player="oreiasccp" type="15" sum="5"/>
<action no="3" player="Skyder19" type="1" discard="1" dealt="1" sum="15"/>
<action no="4" player="oreiasccp" type="2" sum="30"/>
</round>
<round no="1"><cards type="Pocket" player="Skyder19">X X</cards>
<cards type="Pocket" player="oreiasccp">DA SA</cards>
<action no="5" player="Skyder19" type="3" discard="1" dealt="1" sum="15"/>
<action no="6" player="oreiasccp" type="23" sum="75"/>
<action no="7" player="Skyder19" type="0" discard="1" dealt="1" sum="0"/>
</round>
</game>
<game gamecode="11538578944"><general><startdate>2025-06-28 08:45:08</startdate>
<round>1</round>
<failsafecounter/>
<players><player seat="3" name="Skyder19" chips="285" dealer="0" win="40" bet="35" muck="1" rebuy="0" addon="0" merge="0" rebuychips="0" reg_code="8393533422"/>
<player seat="10" name="oreiasccp" chips="1,215" dealer="1" win="0" bet="20" muck="1" rebuy="0" addon="0" merge="0" rebuychips="0" reg_code="8393533487"/>
</players>
</general>
<round no="0"><action no="1" player="oreiasccp" type="15" sum="5"/>
<action no="2" player="Skyder19" type="15" discard="1" dealt="1" sum="5"/>
<action no="3" player="oreiasccp" type="1" sum="15"/>
<action no="4" player="Skyder19" type="2" discard="1" dealt="1" sum="30"/>
</round>
<round no="1"><cards type="Pocket" player="oreiasccp">C3 H5</cards>
<cards type="Pocket" player="Skyder19">X X</cards>
<action no="5" player="oreiasccp" type="0" sum="0"/>
</round>
</game>
<game gamecode="11538578961"><general><startdate>2025-06-28 08:45:14</startdate>
<round>1</round>
<failsafecounter/>
<players><player seat="10" name="oreiasccp" chips="1,195" dealer="0" win="40" bet="35" muck="1" rebuy="0" addon="0" merge="0" rebuychips="0" reg_code="8393533487"/>
<player seat="3" name="Skyder19" chips="305" dealer="1" win="0" bet="20" muck="1" rebuy="0" addon="0" merge="0" rebuychips="0" reg_code="8393533422"/>
</players>
</general>
<round no="0"><action no="1" player="Skyder19" type="15" discard="1" dealt="1" sum="5"/>
<action no="2" player="oreiasccp" type="15" sum="5"/>
<action no="3" player="Skyder19" type="1" discard="1" dealt="1" sum="15"/>
<action no="4" player="oreiasccp" type="2" sum="30"/>
</round>
<round no="1"><cards type="Pocket" player="oreiasccp">C7 S10</cards>
<cards type="Pocket" player="Skyder19">X X</cards>
<action no="5" player="Skyder19" type="0" discard="1" dealt="1" sum="0"/>
</round>
</game>
<game gamecode="11538579013"><general><startdate>2025-06-28 08:45:26</startdate>
<round>1</round>
<failsafecounter/>
<players><player seat="3" name="Skyder19" chips="285" dealer="0" win="40" bet="35" muck="1" rebuy="0" addon="0" merge="0" rebuychips="0" reg_code="8393533422"/>
<player seat="10" name="oreiasccp" chips="1,215" dealer="1" win="0" bet="20" muck="1" rebuy="0" addon="0" merge="0" rebuychips="0" reg_code="8393533487"/>
</players>
</general>
<round no="0"><action no="1" player="oreiasccp" type="15" sum="5"/>
<action no="2" player="Skyder19" type="15" discard="1" dealt="1" sum="5"/>
<action no="3" player="oreiasccp" type="1" sum="15"/>
<action no="4" player="Skyder19" type="2" discard="1" dealt="1" sum="30"/>
</round>
<round no="1"><cards type="Pocket" player="Skyder19">X X</cards>
<cards type="Pocket" player="oreiasccp">D4 C6</cards>
<action no="5" player="oreiasccp" type="0" sum="0"/>
</round>
</game>
<game gamecode="11538579034"><general><startdate>2025-06-28 08:45:33</startdate>
<round>1</round>
<failsafecounter/>
<players><player seat="10" name="oreiasccp" chips="1,195" dealer="0" win="0" bet="45" muck="1" rebuy="0" addon="0" merge="0" rebuychips="0" reg_code="8393533487"/>
<player seat="3" name="Skyder19" chips="305" dealer="1" win="90" bet="305" muck="1" rebuy="0" addon="0" merge="0" rebuychips="0" reg_code="8393533422"/>
</players>
</general>
<round no="0"><action no="1" player="Skyder19" type="15" discard="1" dealt="1" sum="5"/>
<action no="2" player="oreiasccp" type="15" sum="5"/>
<action no="3" player="Skyder19" type="1" discard="1" dealt="1" sum="20"/>
<action no="4" player="oreiasccp" type="2" sum="40"/>
</round>
<round no="1"><cards type="Pocket" player="oreiasccp">S5 SJ</cards>
<cards type="Pocket" player="Skyder19">X X</cards>
<action no="5" player="Skyder19" type="23" discard="1" dealt="1" sum="300"/>
<action no="6" player="oreiasccp" type="0" sum="0"/>
</round>
</game>
<game gamecode="11538579069"><general><startdate>2025-06-28 08:45:44</startdate>
<round>1</round>
<failsafecounter/>
<players><player seat="3" name="Skyder19" chips="350" dealer="0" win="0" bet="45" muck="1" rebuy="0" addon="0" merge="0" rebuychips="0" reg_code="8393533422"/>
<player seat="10" name="oreiasccp" chips="1,150" dealer="1" win="90" bet="350" muck="1" rebuy="0" addon="0" merge="0" rebuychips="0" reg_code="8393533487"/>
</players>
</general>
<round no="0"><action no="1" player="oreiasccp" type="15" sum="5"/>
<action no="2" player="Skyder19" type="15" discard="1" dealt="1" sum="5"/>
<action no="3" player="oreiasccp" type="1" sum="20"/>
<action no="4" player="Skyder19" type="2" discard="1" dealt="1" sum="40"/>
</round>
<round no="1"><cards type="Pocket" player="oreiasccp">S3 SA</cards>
<cards type="Pocket" player="Skyder19">X X</cards>
<action no="5" player="oreiasccp" type="23" sum="345"/>
<action no="6" player="Skyder19" type="0" discard="1" dealt="1" sum="0"/>
</round>
</game>
<game gamecode="11538582621"><general><startdate>2025-06-28 08:45:55</startdate>
<round>1</round>
<failsafecounter/>
<players><player seat="10" name="oreiasccp" chips="1,195" dealer="0" win="90" bet="145" muck="1" rebuy="0" addon="0" merge="0" rebuychips="0" reg_code="8393533487"/>
<player seat="3" name="Skyder19" chips="305" dealer="1" win="0" bet="45" muck="1" rebuy="0" addon="0" merge="0" rebuychips="0" reg_code="8393533422"/>
</players>
</general>
<round no="0"><action no="1" player="Skyder19" type="15" discard="1" dealt="1" sum="5"/>
<action no="2" player="oreiasccp" type="15" sum="5"/>
<action no="3" player="Skyder19" type="1" discard="1" dealt="1" sum="20"/>
<action no="4" player="oreiasccp" type="2" sum="40"/>
</round>
<round no="1"><cards type="Pocket" player="Skyder19">X X</cards>
<cards type="Pocket" player="oreiasccp">HK DJ</cards>
<action no="5" player="Skyder19" type="3" discard="1" dealt="1" sum="20"/>
<action no="6" player="oreiasccp" type="23" sum="140"/>
<action no="7" player="Skyder19" type="0" discard="1" dealt="1" sum="0"/>
</round>
</game>
<game gamecode="11538582662"><general><startdate>2025-06-28 08:46:08</startdate>
<round>1</round>
<failsafecounter/>
<players><player seat="3" name="Skyder19" chips="260" dealer="0" win="50" bet="45" muck="1" rebuy="0" addon="0" merge="0" rebuychips="0" reg_code="8393533422"/>
<player seat="10" name="oreiasccp" chips="1,240" dealer="1" win="0" bet="25" muck="1" rebuy="0" addon="0" merge="0" rebuychips="0" reg_code="8393533487"/>
</players>
</general>
<round no="0"><action no="1" player="oreiasccp" type="15" sum="5"/>
<action no="2" player="Skyder19" type="15" discard="1" dealt="1" sum="5"/>
<action no="3" player="oreiasccp" type="1" sum="20"/>
<action no="4" player="Skyder19" type="2" discard="1" dealt="1" sum="40"/>
</round>
<round no="1"><cards type="Pocket" player="oreiasccp">D2 D6</cards>
<cards type="Pocket" player="Skyder19">X X</cards>
<action no="5" player="oreiasccp" type="0" sum="0"/>
</round>
</game>
<game gamecode="11538582692"><general><startdate>2025-06-28 08:46:15</startdate>
<round>1</round>
<failsafecounter/>
<players><player seat="10" name="oreiasccp" chips="1,215" dealer="0" win="0" bet="90" muck="1" rebuy="0" addon="0" merge="0" rebuychips="0" reg_code="8393533487"/>
<player seat="3" name="Skyder19" chips="285" dealer="1" win="180" bet="285" muck="1" rebuy="0" addon="0" merge="0" rebuychips="0" reg_code="8393533422"/>
</players>
</general>
<round no="0"><action no="1" player="Skyder19" type="15" discard="1" dealt="1" sum="5"/>
<action no="2" player="oreiasccp" type="15" sum="5"/>
<action no="3" player="Skyder19" type="1" discard="1" dealt="1" sum="20"/>
<action no="4" player="oreiasccp" type="2" sum="40"/>
</round>
<round no="1"><cards type="Pocket" player="Skyder19">X X</cards>
<cards type="Pocket" player="oreiasccp">D4 SJ</cards>
<action no="5" player="Skyder19" type="3" discard="1" dealt="1" sum="20"/>
<action no="6" player="oreiasccp" type="4" sum="0"/>
</round>
<round no="2"><cards type="Flop">C4 D7 SQ</cards>
<action no="7" player="oreiasccp" type="4" sum="0"/>
<action no="8" player="Skyder19" type="5" discard="1" dealt="1" sum="45"/>
<action no="9" player="oreiasccp" type="3" sum="45"/>
</round>
<round no="3"><cards type="Turn">D3</cards>
<action no="10" player="oreiasccp" type="4" sum="0"/>
<action no="11" player="Skyder19" type="5" discard="1" dealt="1" sum="195"/>
<action no="12" player="oreiasccp" type="0" sum="0"/>
</round>
</game>
<game gamecode="11538582802"><general><startdate>2025-06-28 08:46:46</startdate>
<round>1</round>
<failsafecounter/>
<players><player seat="3" name="Skyder19" chips="375" dealer="0" win="0" bet="45" muck="1" rebuy="0" addon="0" merge="0" rebuychips="0" reg_code="8393533422"/>
<player seat="10" name="oreiasccp" chips="1,125" dealer="1" win="90" bet="85" muck="1" rebuy="0" addon="0" merge="0" rebuychips="0" reg_code="8393533487"/>
</players>
</general>
<round no="0"><action no="1" player="oreiasccp" type="15" sum="5"/>
<action no="2" player="Skyder19" type="15" discard="1" dealt="1" sum="5"/>
<action no="3" player="oreiasccp" type="1" sum="20"/>
<action no="4" player="Skyder19" type="2" discard="1" dealt="1" sum="40"/>
</round>
<round no="1"><cards type="Pocket" player="Skyder19">X X</cards>
<cards type="Pocket" player="oreiasccp">D5 S5</cards>
<action no="5" player="oreiasccp" type="3" sum="20"/>
<action no="6" player="Skyder19" type="4" discard="1" dealt="1" sum="0"/>
</round>
<round no="2"><cards type="Flop">D2 CQ CK</cards>
<action no="7" player="Skyder19" type="4" discard="1" dealt="1" sum="0"/>
<action no="8" player="oreiasccp" type="5" sum="40"/>
<action no="9" player="Skyder19" type="0" discard="1" dealt="1" sum="0"/>
</round>
</game>
<game gamecode="11538582908"><general><startdate>2025-06-28 08:47:13</startdate>
<round>1</round>
<failsafecounter/>
<players><player seat="10" name="oreiasccp" chips="1,170" dealer="0" win="660" bet="330" muck="0" rebuy="0" addon="0" merge="0" rebuychips="0" reg_code="8393533487"/>
<player seat="3" name="Skyder19" chips="330" dealer="1" win="0" bet="330" muck="0" rebuy="0" addon="0" merge="0" rebuychips="0" reg_code="8393533422"/>
</players>
</general>
<round no="0"><action no="1" player="Skyder19" type="15" discard="1" dealt="1" sum="5"/>
<action no="2" player="oreiasccp" type="15" sum="5"/>
<action no="3" player="Skyder19" type="1" discard="1" dealt="1" sum="20"/>
<action no="4" player="oreiasccp" type="2" sum="40"/>
</round>
<round no="1"><cards type="Pocket" player="Skyder19">SA C9</cards>
<cards type="Pocket" player="oreiasccp">CK H6</cards>
<action no="5" player="Skyder19" type="23" discard="1" dealt="1" sum="325"/>
<action no="6" player="oreiasccp" type="3" sum="285"/>
</round>
<round no="2"><cards type="Flop">DK D9 D3</cards>
</round>
<round no="3"><cards type="Turn">S5</cards>
</round>
<round no="4"><cards type="River">S8</cards>
</round>
</game>
</session>
