<?xml version="1.0" encoding="UTF-8"?>
<session sessioncode="8393536956">
<general>
<client_version>25.1.1.13</client_version>
<mode>real</mode>
<gametype>Holdem NL</gametype>
<tablename>Twister €5 SNG, 1128749522</tablename>
<tournamentcode>1128749521</tournamentcode>
<tournamentname>Twister €5 SNG</tournamentname>
<buyin>€0 + €0.35 + €4.65</buyin>
<totalbuyin>€5</totalbuyin>
<rewarddrawn>€10</rewarddrawn>
<tournamentcurrency>EUR</tournamentcurrency>
<currency>EUR</currency>
<nickname>oreiasccp</nickname>
<gamecount>11</gamecount>
<startdate>2025-06-28 08:54:20</startdate>
<place>1</place>
<win>€10</win>
<tablesize>3</tablesize>
</general>
<game gamecode="11538584312"><general><startdate>2025-06-28 08:54:35</startdate>
<round>1</round>
<failsafecounter/>
<players><player seat="10" name="oreiasccp" chips="500" dealer="0" win="40" bet="500" muck="1" rebuy="0" addon="0" merge="0" rebuychips="0" reg_code="8393536956"/>
<player seat="3" name="Humbert25" chips="500" dealer="1" win="0" bet="0" muck="1" rebuy="0" addon="0" merge="0" rebuychips="0" reg_code="8393536944"/>
<player seat="6" name="196105" chips="500" dealer="0" win="0" bet="20" muck="1" rebuy="0" addon="0" merge="0" rebuychips="0" reg_code="8393536951"/>
</players>
</general>
<round no="0"><action no="1" player="196105" type="1" discard="1" dealt="1" sum="10"/>
<action no="2" player="oreiasccp" type="2" sum="20"/>
</round>
<round no="1"><cards type="Pocket" player="196105">X X</cards>
<cards type="Pocket" player="Humbert25">X X</cards>
<cards type="Pocket" player="oreiasccp">D5 H5</cards>
<action no="3" player="Humbert25" type="0" discard="1" dealt="1" sum="0"/>
<action no="4" player="196105" type="3" discard="1" dealt="1" sum="10"/>
<action no="5" player="oreiasccp" type="23" sum="500"/>
<action no="6" player="196105" type="0" discard="1" dealt="1" sum="0"/>
</round>
</game>
<game gamecode="11538584358"><general><startdate>2025-06-28 08:54:48</startdate>
<round>1</round>
<failsafecounter/>
<players><player seat="3" name="Humbert25" chips="500" dealer="0" win="0" bet="20" muck="1" rebuy="0" addon="0" merge="0" rebuychips="0" reg_code="8393536944"/>
<player seat="6" name="196105" chips="480" dealer="1" win="50" bet="40" muck="1" rebuy="0" addon="0" merge="0" rebuychips="0" reg_code="8393536951"/>
<player seat="10" name="oreiasccp" chips="520" dealer="0" win="0" bet="10" muck="1" rebuy="0" addon="0" merge="0" rebuychips="0" reg_code="8393536956"/>
</players>
</general>
<round no="0"><action no="1" player="oreiasccp" type="1" sum="10"/>
<action no="2" player="Humbert25" type="2" discard="1" dealt="1" sum="20"/>
</round>
<round no="1"><cards type="Pocket" player="196105">X X</cards>
<cards type="Pocket" player="oreiasccp">D5 C7</cards>
<cards type="Pocket" player="Humbert25">X X</cards>
<action no="3" player="196105" type="3" discard="1" dealt="1" sum="20"/>
<action no="4" player="oreiasccp" type="0" sum="0"/>
<action no="5" player="Humbert25" type="4" discard="1" dealt="1" sum="0"/>
</round>
<round no="2"><cards type="Flop">C2 HA H2</cards>
<action no="6" player="Humbert25" type="4" discard="1" dealt="1" sum="0"/>
<action no="7" player="196105" type="4" discard="1" dealt="1" sum="0"/>
</round>
<round no="3"><cards type="Turn">D8</cards>
<action no="8" player="Humbert25" type="4" discard="1" dealt="1" sum="0"/>
<action no="9" player="196105" type="4" discard="1" dealt="1" sum="0"/>
</round>
<round no="4"><cards type="River">C9</cards>
<action no="10" player="Humbert25" type="4" discard="1" dealt="1" sum="0"/>
<action no="11" player="196105" type="5" discard="1" dealt="1" sum="20"/>
<action no="12" player="Humbert25" type="0" discard="1" dealt="1" sum="0"/>
</round>
</game>
<game gamecode="11538589842"><general><startdate>2025-06-28 08:55:22</startdate>
<round>1</round>
<failsafecounter/>
<players><player seat="6" name="196105" chips="510" dealer="0" win="20" bet="20" muck="1" rebuy="0" addon="0" merge="0" rebuychips="0" reg_code="8393536951"/>
<player seat="10" name="oreiasccp" chips="510" dealer="1" win="0" bet="0" muck="1" rebuy="0" addon="0" merge="0" rebuychips="0" reg_code="8393536956"/>
<player seat="3" name="Humbert25" chips="480" dealer="0" win="0" bet="10" muck="1" rebuy="0" addon="0" merge="0" rebuychips="0" reg_code="8393536944"/>
</players>
</general>
<round no="0"><action no="1" player="Humbert25" type="1" discard="1" dealt="1" sum="10"/>
<action no="2" player="196105" type="2" discard="1" dealt="1" sum="20"/>
</round>
<round no="1"><cards type="Pocket" player="oreiasccp">DK C2</cards>
<cards type="Pocket" player="Humbert25">X X</cards>
<cards type="Pocket" player="196105">X X</cards>
<action no="3" player="oreiasccp" type="0" sum="0"/>
<action no="4" player="Humbert25" type="0" discard="1" dealt="1" sum="0"/>
</round>
</game>
<game gamecode="11538589861"><general><startdate>2025-06-28 08:55:28</startdate>
<round>1</round>
<failsafecounter/>
<players><player seat="10" name="oreiasccp" chips="510" dealer="0" win="0" bet="20" muck="1" rebuy="0" addon="0" merge="0" rebuychips="0" reg_code="8393536956"/>
<player seat="3" name="Humbert25" chips="470" dealer="1" win="0" bet="0" muck="1" rebuy="0" addon="0" merge="0" rebuychips="0" reg_code="8393536944"/>
<player seat="6" name="196105" chips="520" dealer="0" win="40" bet="40" muck="1" rebuy="0" addon="0" merge="0" rebuychips="0" reg_code="8393536951"/>
</players>
</general>
<round no="0"><action no="1" player="196105" type="1" discard="1" dealt="1" sum="10"/>
<action no="2" player="oreiasccp" type="2" sum="20"/>
</round>
<round no="1"><cards type="Pocket" player="oreiasccp">HK S4</cards>
<cards type="Pocket" player="Humbert25">X X</cards>
<cards type="Pocket" player="196105">X X</cards>
<action no="3" player="Humbert25" type="0" discard="1" dealt="1" sum="0"/>
<action no="4" player="196105" type="3" discard="1" dealt="1" sum="10"/>
<action no="5" player="oreiasccp" type="4" sum="0"/>
</round>
<round no="2"><cards type="Flop">S9 S3 D3</cards>
<action no="6" player="196105" type="4" discard="1" dealt="1" sum="0"/>
<action no="7" player="oreiasccp" type="4" sum="0"/>
</round>
<round no="3"><cards type="Turn">CA</cards>
<action no="8" player="196105" type="4" discard="1" dealt="1" sum="0"/>
<action no="9" player="oreiasccp" type="4" sum="0"/>
</round>
<round no="4"><cards type="River">S2</cards>
<action no="10" player="196105" type="5" discard="1" dealt="1" sum="20"/>
<action no="11" player="oreiasccp" type="0" sum="0"/>
</round>
</game>
<game gamecode="11538589952"><general><startdate>2025-06-28 08:55:54</startdate>
<round>1</round>
<failsafecounter/>
<players><player seat="3" name="Humbert25" chips="470" dealer="0" win="0" bet="20" muck="1" rebuy="0" addon="0" merge="0" rebuychips="0" reg_code="8393536944"/>
<player seat="6" name="196105" chips="540" dealer="1" win="50" bet="40" muck="1" rebuy="0" addon="0" merge="0" rebuychips="0" reg_code="8393536951"/>
<player seat="10" name="oreiasccp" chips="490" dealer="0" win="0" bet="10" muck="1" rebuy="0" addon="0" merge="0" rebuychips="0" reg_code="8393536956"/>
</players>
</general>
<round no="0"><action no="1" player="oreiasccp" type="1" sum="10"/>
<action no="2" player="Humbert25" type="2" discard="1" dealt="1" sum="20"/>
</round>
<round no="1"><cards type="Pocket" player="196105">X X</cards>
<cards type="Pocket" player="oreiasccp">D6 S9</cards>
<cards type="Pocket" player="Humbert25">X X</cards>
<action no="3" player="196105" type="23" discard="1" dealt="1" sum="40"/>
<action no="4" player="oreiasccp" type="0" sum="0"/>
<action no="5" player="Humbert25" type="0" discard="1" dealt="1" sum="0"/>
</round>
</game>
<game gamecode="11538589981"><general><startdate>2025-06-28 08:56:06</startdate>
<round>1</round>
<failsafecounter/>
<players><player seat="6" name="196105" chips="570" dealer="0" win="0" bet="40" muck="1" rebuy="0" addon="0" merge="0" rebuychips="0" reg_code="8393536951"/>
<player seat="10" name="oreiasccp" chips="480" dealer="1" win="90" bet="106" muck="1" rebuy="0" addon="0" merge="0" rebuychips="0" reg_code="8393536956"/>
<player seat="3" name="Humbert25" chips="450" dealer="0" win="0" bet="10" muck="1" rebuy="0" addon="0" merge="0" rebuychips="0" reg_code="8393536944"/>
</players>
</general>
<round no="0"><action no="1" player="Humbert25" type="1" discard="1" dealt="1" sum="10"/>
<action no="2" player="196105" type="2" discard="1" dealt="1" sum="20"/>
</round>
<round no="1"><cards type="Pocket" player="Humbert25">X X</cards>
<cards type="Pocket" player="196105">X X</cards>
<cards type="Pocket" player="oreiasccp">SK SQ</cards>
<action no="3" player="oreiasccp" type="23" sum="40"/>
<action no="4" player="Humbert25" type="0" discard="1" dealt="1" sum="0"/>
<action no="5" player="196105" type="3" discard="1" dealt="1" sum="20"/>
</round>
<round no="2"><cards type="Flop">C8 C3 H6</cards>
<action no="6" player="196105" type="4" discard="1" dealt="1" sum="0"/>
<action no="7" player="oreiasccp" type="4" sum="0"/>
</round>
<round no="3"><cards type="Turn">D9</cards>
<action no="8" player="196105" type="4" discard="1" dealt="1" sum="0"/>
<action no="9" player="oreiasccp" type="4" sum="0"/>
</round>
<round no="4"><cards type="River">DK</cards>
<action no="10" player="196105" type="4" discard="1" dealt="1" sum="0"/>
<action no="11" player="oreiasccp" type="5" sum="66"/>
<action no="12" player="196105" type="0" discard="1" dealt="1" sum="0"/>
</round>
</game>
<game gamecode="11538590057"><general><startdate>2025-06-28 08:56:32</startdate>
<round>1</round>
<failsafecounter/>
<players><player seat="10" name="oreiasccp" chips="530" dealer="0" win="120" bet="530" muck="1" rebuy="0" addon="0" merge="0" rebuychips="0" reg_code="8393536956"/>
<player seat="3" name="Humbert25" chips="440" dealer="1" win="0" bet="40" muck="1" rebuy="0" addon="0" merge="0" rebuychips="0" reg_code="8393536944"/>
<player seat="6" name="196105" chips="530" dealer="0" win="0" bet="40" muck="1" rebuy="0" addon="0" merge="0" rebuychips="0" reg_code="8393536951"/>
</players>
</general>
<round no="0"><action no="1" player="196105" type="1" discard="1" dealt="1" sum="10"/>
<action no="2" player="oreiasccp" type="2" sum="20"/>
</round>
<round no="1"><cards type="Pocket" player="Humbert25">X X</cards>
<cards type="Pocket" player="oreiasccp">D6 SA</cards>
<cards type="Pocket" player="196105">X X</cards>
<action no="3" player="Humbert25" type="23" discard="1" dealt="1" sum="40"/>
<action no="4" player="196105" type="3" discard="1" dealt="1" sum="30"/>
<action no="5" player="oreiasccp" type="23" sum="530"/>
<action no="6" player="Humbert25" type="0" discard="1" dealt="1" sum="0"/>
<action no="7" player="196105" type="0" discard="1" dealt="1" sum="0"/>
</round>
</game>
<game gamecode="11538590091"><general><startdate>2025-06-28 08:56:44</startdate>
<round>1</round>
<failsafecounter/>
<players><player seat="3" name="Humbert25" chips="400" dealer="0" win="35" bet="35" muck="0" rebuy="0" addon="0" merge="0" rebuychips="0" reg_code="8393536944"/>
<player seat="6" name="196105" chips="490" dealer="1" win="35" bet="35" muck="0" rebuy="0" addon="0" merge="0" rebuychips="0" reg_code="8393536951"/>
<player seat="10" name="oreiasccp" chips="610" dealer="0" win="35" bet="35" muck="0" rebuy="0" addon="0" merge="0" rebuychips="0" reg_code="8393536956"/>
</players>
</general>
<round no="0"><action no="1" player="oreiasccp" type="15" sum="5"/>
<action no="2" player="Humbert25" type="15" discard="1" dealt="1" sum="5"/>
<action no="3" player="196105" type="15" discard="1" dealt="1" sum="5"/>
<action no="4" player="oreiasccp" type="1" sum="15"/>
<action no="5" player="Humbert25" type="2" discard="1" dealt="1" sum="30"/>
</round>
<round no="1"><cards type="Pocket" player="196105">H6 S5</cards>
<cards type="Pocket" player="Humbert25">C9 S3</cards>
<cards type="Pocket" player="oreiasccp">C8 C5</cards>
<action no="6" player="196105" type="3" discard="1" dealt="1" sum="30"/>
<action no="7" player="oreiasccp" type="3" sum="15"/>
<action no="8" player="Humbert25" type="4" discard="1" dealt="1" sum="0"/>
</round>
<round no="2"><cards type="Flop">CK HK HA</cards>
<action no="9" player="oreiasccp" type="4" sum="0"/>
<action no="10" player="Humbert25" type="4" discard="1" dealt="1" sum="0"/>
<action no="11" player="196105" type="4" discard="1" dealt="1" sum="0"/>
</round>
<round no="3"><cards type="Turn">S9</cards>
<action no="12" player="oreiasccp" type="4" sum="0"/>
<action no="13" player="Humbert25" type="4" discard="1" dealt="1" sum="0"/>
<action no="14" player="196105" type="4" discard="1" dealt="1" sum="0"/>
</round>
<round no="4"><cards type="River">SA</cards>
<action no="15" player="oreiasccp" type="4" sum="0"/>
<action no="16" player="Humbert25" type="4" discard="1" dealt="1" sum="0"/>
<action no="17" player="196105" type="4" discard="1" dealt="1" sum="0"/>
</round>
</game>
<game gamecode="11538590199"><general><startdate>2025-06-28 08:57:17</startdate>
<round>1</round>
<failsafecounter/>
<players><player seat="6" name="196105" chips="490" dealer="0" win="0" bet="490" muck="1" rebuy="0" addon="0" merge="0" rebuychips="0" reg_code="8393536951"/>
<player seat="10" name="oreiasccp" chips="610" dealer="1" win="1,000" bet="490" muck="0" rebuy="0" addon="0" merge="0" rebuychips="0" reg_code="8393536956"/>
<player seat="3" name="Humbert25" chips="400" dealer="0" win="0" bet="20" muck="1" rebuy="0" addon="0" merge="0" rebuychips="0" reg_code="8393536944"/>
</players>
</general>
<round no="0"><action no="1" player="Humbert25" type="15" discard="1" dealt="1" sum="5"/>
<action no="2" player="196105" type="15" discard="1" dealt="1" sum="5"/>
<action no="3" player="oreiasccp" type="15" sum="5"/>
<action no="4" player="Humbert25" type="1" discard="1" dealt="1" sum="15"/>
<action no="5" player="196105" type="2" discard="1" dealt="1" sum="30"/>
</round>
<round no="1"><cards type="Pocket" player="Humbert25">X X</cards>
<cards type="Pocket" player="oreiasccp">C2 H2</cards>
<cards type="Pocket" player="196105">C10 C5</cards>
<action no="6" player="oreiasccp" type="23" sum="485"/>
<action no="7" player="Humbert25" type="0" discard="1" dealt="1" sum="0"/>
<action no="8" player="196105" type="7" discard="1" dealt="1" sum="455"/>
</round>
<round no="2"><cards type="Flop">S9 HQ S2</cards>
</round>
<round no="3"><cards type="Turn">HJ</cards>
</round>
<round no="4"><cards type="River">S5</cards>
</round>
</game>
<game gamecode="11538590280"><general><startdate>2025-06-28 08:57:43</startdate>
<round>1</round>
<failsafecounter/>
<players><player seat="10" name="oreiasccp" chips="1,120" dealer="0" win="0" bet="65" muck="1" rebuy="0" addon="0" merge="0" rebuychips="0" reg_code="8393536956"/>
<player seat="3" name="Humbert25" chips="380" dealer="1" win="130" bet="125" muck="1" rebuy="0" addon="0" merge="0" rebuychips="0" reg_code="8393536944"/>
</players>
</general>
<round no="0"><action no="1" player="Humbert25" type="15" discard="1" dealt="1" sum="5"/>
<action no="2" player="oreiasccp" type="15" sum="5"/>
<action no="3" player="Humbert25" type="1" discard="1" dealt="1" sum="15"/>
<action no="4" player="oreiasccp" type="2" sum="30"/>
</round>
<round no="1"><cards type="Pocket" player="Humbert25">X X</cards>
<cards type="Pocket" player="oreiasccp">H7 D8</cards>
<action no="5" player="Humbert25" type="3" discard="1" dealt="1" sum="15"/>
<action no="6" player="oreiasccp" type="4" sum="0"/>
</round>
<round no="2"><cards type="Flop">CJ H2 H10</cards>
<action no="7" player="oreiasccp" type="4" sum="0"/>
<action no="8" player="Humbert25" type="4" discard="1" dealt="1" sum="0"/>
</round>
<round no="3"><cards type="Turn">SQ</cards>
<action no="9" player="oreiasccp" type="4" sum="0"/>
<action no="10" player="Humbert25" type="4" discard="1" dealt="1" sum="0"/>
</round>
<round no="4"><cards type="River">H9</cards>
<action no="11" player="oreiasccp" type="5" sum="30"/>
<action no="12" player="Humbert25" type="23" discard="1" dealt="1" sum="90"/>
<action no="13" player="oreiasccp" type="0" sum="0"/>
</round>
</game>
<game gamecode="11538590368"><general><startdate>2025-06-28 08:58:10</startdate>
<round>1</round>
<failsafecounter/>
<players><player seat="3" name="Humbert25" chips="445" dealer="0" win="0" bet="445" muck="0" rebuy="0" addon="0" merge="0" rebuychips="0" reg_code="8393536944"/>
<player seat="10" name="oreiasccp" chips="1,055" dealer="1" win="890" bet="445" muck="0" rebuy="0" addon="0" merge="0" rebuychips="0" reg_code="8393536956"/>
</players>
</general>
<round no="0"><action no="1" player="oreiasccp" type="15" sum="5"/>
<action no="2" player="Humbert25" type="15" discard="1" dealt="1" sum="5"/>
<action no="3" player="oreiasccp" type="1" sum="15"/>
<action no="4" player="Humbert25" type="2" discard="1" dealt="1" sum="30"/>
</round>
<round no="1"><cards type="Pocket" player="oreiasccp">CK DJ</cards>
<cards type="Pocket" player="Humbert25">DQ CQ</cards>
<action no="5" player="oreiasccp" type="3" sum="15"/>
<action no="6" player="Humbert25" type="23" discard="1" dealt="1" sum="90"/>
<action no="7" player="oreiasccp" type="3" sum="60"/>
</round>
<round no="2"><cards type="Flop">H5 HK DA</cards>
<action no="8" player="Humbert25" type="5" discard="1" dealt="1" sum="47"/>
<action no="9" player="oreiasccp" type="3" sum="47"/>
</round>
<round no="3"><cards type="Turn">C3</cards>
<action no="10" player="Humbert25" type="5" discard="1" dealt="1" sum="142"/>
<action no="11" player="oreiasccp" type="3" sum="142"/>
</round>
<round no="4"><cards type="River">HJ</cards>
<action no="12" player="Humbert25" type="4" discard="1" dealt="1" sum="0"/>
<action no="13" player="oreiasccp" type="5" sum="161"/>
<action no="14" player="Humbert25" type="7" discard="1" dealt="1" sum="161"/>
</round>
</game>
</session>
