<?xml version="1.0" encoding="UTF-8"?>
<session sessioncode="8393602305">
<general>
<client_version>25.1.1.13</client_version>
<mode>real</mode>
<gametype>Holdem NL</gametype>
<tablename>Twister €5 SNG, 1128758945</tablename>
<tournamentcode>1128758944</tournamentcode>
<tournamentname>Twister €5 SNG</tournamentname>
<buyin>€0 + €0.35 + €4.65</buyin>
<totalbuyin>€5</totalbuyin>
<rewarddrawn>€10</rewarddrawn>
<tournamentcurrency>EUR</tournamentcurrency>
<currency>EUR</currency>
<nickname>oreiasccp</nickname>
<gamecount>1</gamecount>
<startdate>2025-06-28 12:00:03</startdate>
<place>3</place>
<win>€0</win>
<tablesize>3</tablesize>
</general>
<game gamecode="11538751287"><general><startdate>2025-06-28 12:00:18</startdate>
<round>1</round>
<failsafecounter/>
<players><player seat="10" name="oreiasccp" chips="500" dealer="0" win="0" bet="500" muck="0" rebuy="0" addon="0" merge="0" rebuychips="0" reg_code="8393602305"/>
<player seat="3" name="1M4MePlZ" chips="500" dealer="1" win="0" bet="0" muck="1" rebuy="0" addon="0" merge="0" rebuychips="0" reg_code="8393602194"/>
<player seat="6" name="ilyaxr4" chips="500" dealer="0" win="1,000" bet="500" muck="0" rebuy="0" addon="0" merge="0" rebuychips="0" reg_code="8393602282"/>
</players>
</general>
<round no="0"><action no="1" player="ilyaxr4" type="1" discard="1" dealt="1" sum="10"/>
<action no="2" player="oreiasccp" type="2" sum="20"/>
</round>
<round no="1"><cards type="Pocket" player="oreiasccp">C3 DA</cards>
<cards type="Pocket" player="1M4MePlZ">X X</cards>
<cards type="Pocket" player="ilyaxr4">H8 HA</cards>
<action no="3" player="1M4MePlZ" type="0" discard="1" dealt="1" sum="0"/>
<action no="4" player="ilyaxr4" type="3" discard="1" dealt="1" sum="10"/>
<action no="5" player="oreiasccp" type="23" sum="500"/>
<action no="6" player="ilyaxr4" type="7" discard="1" dealt="1" sum="480"/>
</round>
<round no="2"><cards type="Flop">H7 D2 DQ</cards>
</round>
<round no="3"><cards type="Turn">S5</cards>
</round>
<round no="4"><cards type="River">S6</cards>
</round>
</game>
</session>
