<?xml version="1.0" encoding="UTF-8"?>
<session sessioncode="8393539564">
<general>
<client_version>25.1.1.13</client_version>
<mode>real</mode>
<gametype>Holdem NL</gametype>
<tablename>Twister €5 SNG, 1128749862</tablename>
<tournamentcode>1128749861</tournamentcode>
<tournamentname>Twister €5 SNG</tournamentname>
<buyin>€0 + €0.35 + €4.65</buyin>
<totalbuyin>€5</totalbuyin>
<rewarddrawn>€10</rewarddrawn>
<tournamentcurrency>EUR</tournamentcurrency>
<currency>EUR</currency>
<nickname>oreiasccp</nickname>
<gamecount>3</gamecount>
<startdate>2025-06-28 09:03:21</startdate>
<place>3</place>
<win>€0</win>
<tablesize>3</tablesize>
</general>
<game gamecode="11538591374"><general><startdate>2025-06-28 09:03:36</startdate>
<round>1</round>
<failsafecounter/>
<players><player seat="10" name="housefalse512" chips="500" dealer="0" win="296" bet="296" muck="1" rebuy="0" addon="0" merge="0" rebuychips="0" reg_code="8393539595"/>
<player seat="3" name="bobbb1" chips="500" dealer="1" win="0" bet="0" muck="1" rebuy="0" addon="0" merge="0" rebuychips="0" reg_code="8393539455"/>
<player seat="6" name="oreiasccp" chips="500" dealer="0" win="0" bet="148" muck="1" rebuy="0" addon="0" merge="0" rebuychips="0" reg_code="8393539564"/>
</players>
</general>
<round no="0"><action no="1" player="oreiasccp" type="1" sum="10"/>
<action no="2" player="housefalse512" type="2" discard="1" dealt="1" sum="20"/>
</round>
<round no="1"><cards type="Pocket" player="oreiasccp">D9 D5</cards>
<cards type="Pocket" player="housefalse512">X X</cards>
<cards type="Pocket" player="bobbb1">X X</cards>
<action no="3" player="bobbb1" type="0" discard="1" dealt="1" sum="0"/>
<action no="4" player="oreiasccp" type="23" sum="40"/>
<action no="5" player="housefalse512" type="3" discard="1" dealt="1" sum="20"/>
</round>
<round no="2"><cards type="Flop">CA C3 C2</cards>
<action no="6" player="oreiasccp" type="5" sum="20"/>
<action no="7" player="housefalse512" type="3" discard="1" dealt="1" sum="20"/>
</round>
<round no="3"><cards type="Turn">HQ</cards>
<action no="8" player="oreiasccp" type="5" sum="88"/>
<action no="9" player="housefalse512" type="3" discard="1" dealt="1" sum="88"/>
</round>
<round no="4"><cards type="River">SQ</cards>
<action no="10" player="oreiasccp" type="4" sum="0"/>
<action no="11" player="housefalse512" type="5" discard="1" dealt="1" sum="148"/>
<action no="12" player="oreiasccp" type="0" sum="0"/>
</round>
</game>
<game gamecode="11538591454"><general><startdate>2025-06-28 09:03:59</startdate>
<round>1</round>
<failsafecounter/>
<players><player seat="3" name="bobbb1" chips="500" dealer="0" win="0" bet="160" muck="1" rebuy="0" addon="0" merge="0" rebuychips="0" reg_code="8393539455"/>
<player seat="6" name="oreiasccp" chips="352" dealer="1" win="0" bet="0" muck="1" rebuy="0" addon="0" merge="0" rebuychips="0" reg_code="8393539564"/>
<player seat="10" name="housefalse512" chips="648" dealer="0" win="320" bet="160" muck="0" rebuy="0" addon="0" merge="0" rebuychips="0" reg_code="8393539595"/>
</players>
</general>
<round no="0"><action no="1" player="housefalse512" type="1" discard="1" dealt="1" sum="10"/>
<action no="2" player="bobbb1" type="2" discard="1" dealt="1" sum="20"/>
</round>
<round no="1"><cards type="Pocket" player="housefalse512">DQ D5</cards>
<cards type="Pocket" player="bobbb1">S9 H7</cards>
<cards type="Pocket" player="oreiasccp">S5 C2</cards>
<action no="3" player="oreiasccp" type="0" sum="0"/>
<action no="4" player="housefalse512" type="23" discard="1" dealt="1" sum="40"/>
<action no="5" player="bobbb1" type="3" discard="1" dealt="1" sum="20"/>
</round>
<round no="2"><cards type="Flop">SQ S3 C9</cards>
<action no="6" player="housefalse512" type="5" discard="1" dealt="1" sum="20"/>
<action no="7" player="bobbb1" type="3" discard="1" dealt="1" sum="20"/>
</round>
<round no="3"><cards type="Turn">HQ</cards>
<action no="8" player="housefalse512" type="5" discard="1" dealt="1" sum="20"/>
<action no="9" player="bobbb1" type="3" discard="1" dealt="1" sum="20"/>
</round>
<round no="4"><cards type="River">S8</cards>
<action no="10" player="housefalse512" type="5" discard="1" dealt="1" sum="80"/>
<action no="11" player="bobbb1" type="3" discard="1" dealt="1" sum="80"/>
</round>
</game>
<game gamecode="11538596169"><general><startdate>2025-06-28 09:04:29</startdate>
<round>1</round>
<failsafecounter/>
<players><player seat="6" name="oreiasccp" chips="352" dealer="0" win="0" bet="352" muck="0" rebuy="0" addon="0" merge="0" rebuychips="0" reg_code="8393539564"/>
<player seat="10" name="housefalse512" chips="808" dealer="1" win="714" bet="352" muck="0" rebuy="0" addon="0" merge="0" rebuychips="0" reg_code="8393539595"/>
<player seat="3" name="bobbb1" chips="340" dealer="0" win="0" bet="10" muck="1" rebuy="0" addon="0" merge="0" rebuychips="0" reg_code="8393539455"/>
</players>
</general>
<round no="0"><action no="1" player="bobbb1" type="1" discard="1" dealt="1" sum="10"/>
<action no="2" player="oreiasccp" type="2" sum="20"/>
</round>
<round no="1"><cards type="Pocket" player="housefalse512">D4 S4</cards>
<cards type="Pocket" player="oreiasccp">H10 D10</cards>
<cards type="Pocket" player="bobbb1">X X</cards>
<action no="3" player="housefalse512" type="23" discard="1" dealt="1" sum="50"/>
<action no="4" player="bobbb1" type="0" discard="1" dealt="1" sum="0"/>
<action no="5" player="oreiasccp" type="23" sum="352"/>
<action no="6" player="housefalse512" type="3" discard="1" dealt="1" sum="302"/>
</round>
<round no="2"><cards type="Flop">SJ HK SA</cards>
</round>
<round no="3"><cards type="Turn">D7</cards>
</round>
<round no="4"><cards type="River">H4</cards>
</round>
</game>
</session>
