<?xml version="1.0" encoding="UTF-8"?>
<session sessioncode="8393518329">
<general>
<client_version>25.1.1.13</client_version>
<mode>real</mode>
<gametype>Holdem NL</gametype>
<tablename>Twister €5 SNG, 1128746395</tablename>
<tournamentcode>1128746394</tournamentcode>
<tournamentname>Twister €5 SNG</tournamentname>
<buyin>€0 + €0.35 + €4.65</buyin>
<totalbuyin>€5</totalbuyin>
<rewarddrawn>€15</rewarddrawn>
<tournamentcurrency>EUR</tournamentcurrency>
<currency>EUR</currency>
<nickname>oreiasccp</nickname>
<gamecount>20</gamecount>
<startdate>2025-06-28 07:39:44</startdate>
<place>2</place>
<win>€0</win>
<tablesize>3</tablesize>
</general>
<game gamecode="11538534832"><general><startdate>2025-06-28 07:40:00</startdate>
<round>1</round>
<failsafecounter/>
<players><player seat="3" name="PeRIverNuTsAA" chips="500" dealer="0" win="0" bet="500" muck="0" rebuy="0" addon="0" merge="0" rebuychips="0" reg_code="8393518283"/>
<player seat="6" name="cosmicturnip" chips="500" dealer="1" win="1,010" bet="500" muck="0" rebuy="0" addon="0" merge="0" rebuychips="0" reg_code="8393518310"/>
<player seat="10" name="oreiasccp" chips="500" dealer="0" win="0" bet="10" muck="1" rebuy="0" addon="0" merge="0" rebuychips="0" reg_code="8393518329"/>
</players>
</general>
<round no="0"><action no="1" player="oreiasccp" type="1" sum="10"/>
<action no="2" player="PeRIverNuTsAA" type="2" discard="1" dealt="1" sum="20"/>
</round>
<round no="1"><cards type="Pocket" player="cosmicturnip">HA H5</cards>
<cards type="Pocket" player="oreiasccp">C2 D3</cards>
<cards type="Pocket" player="PeRIverNuTsAA">DK CA</cards>
<action no="3" player="cosmicturnip" type="23" discard="1" dealt="1" sum="45"/>
<action no="4" player="oreiasccp" type="0" sum="0"/>
<action no="5" player="PeRIverNuTsAA" type="23" discard="1" dealt="1" sum="500"/>
<action no="6" player="cosmicturnip" type="7" discard="1" dealt="1" sum="455"/>
</round>
<round no="2"><cards type="Flop">D4 C4 HQ</cards>
</round>
<round no="3"><cards type="Turn">C5</cards>
</round>
<round no="4"><cards type="River">S9</cards>
</round>
</game>
<game gamecode="11538534915"><general><startdate>2025-06-28 07:40:29</startdate>
<round>1</round>
<failsafecounter/>
<players><player seat="6" name="cosmicturnip" chips="1,010" dealer="0" win="0" bet="60" muck="1" rebuy="0" addon="0" merge="0" rebuychips="0" reg_code="8393518310"/>
<player seat="10" name="oreiasccp" chips="490" dealer="1" win="120" bet="60" muck="0" rebuy="0" addon="0" merge="0" rebuychips="0" reg_code="8393518329"/>
</players>
</general>
<round no="0"><action no="1" player="oreiasccp" type="1" sum="10"/>
<action no="2" player="cosmicturnip" type="2" discard="1" dealt="1" sum="20"/>
</round>
<round no="1"><cards type="Pocket" player="oreiasccp">D9 H6</cards>
<cards type="Pocket" player="cosmicturnip">DA D3</cards>
<action no="3" player="oreiasccp" type="3" sum="10"/>
<action no="4" player="cosmicturnip" type="4" discard="1" dealt="1" sum="0"/>
</round>
<round no="2"><cards type="Flop">H9 S7 H5</cards>
<action no="5" player="cosmicturnip" type="4" discard="1" dealt="1" sum="0"/>
<action no="6" player="oreiasccp" type="4" sum="0"/>
</round>
<round no="3"><cards type="Turn">C3</cards>
<action no="7" player="cosmicturnip" type="5" discard="1" dealt="1" sum="20"/>
<action no="8" player="oreiasccp" type="3" sum="20"/>
</round>
<round no="4"><cards type="River">D2</cards>
<action no="9" player="cosmicturnip" type="4" discard="1" dealt="1" sum="0"/>
<action no="10" player="oreiasccp" type="5" sum="20"/>
<action no="11" player="cosmicturnip" type="3" discard="1" dealt="1" sum="20"/>
</round>
</game>
<game gamecode="11538534973"><general><startdate>2025-06-28 07:40:50</startdate>
<round>1</round>
<failsafecounter/>
<players><player seat="10" name="oreiasccp" chips="550" dealer="0" win="0" bet="100" muck="1" rebuy="0" addon="0" merge="0" rebuychips="0" reg_code="8393518329"/>
<player seat="6" name="cosmicturnip" chips="950" dealer="1" win="200" bet="100" muck="0" rebuy="0" addon="0" merge="0" rebuychips="0" reg_code="8393518310"/>
</players>
</general>
<round no="0"><action no="1" player="cosmicturnip" type="1" discard="1" dealt="1" sum="10"/>
<action no="2" player="oreiasccp" type="2" sum="20"/>
</round>
<round no="1"><cards type="Pocket" player="oreiasccp">DQ HK</cards>
<cards type="Pocket" player="cosmicturnip">CK C3</cards>
<action no="3" player="cosmicturnip" type="23" discard="1" dealt="1" sum="40"/>
<action no="4" player="oreiasccp" type="3" sum="20"/>
</round>
<round no="2"><cards type="Flop">SJ CA H3</cards>
<action no="5" player="oreiasccp" type="4" sum="0"/>
<action no="6" player="cosmicturnip" type="5" discard="1" dealt="1" sum="60"/>
<action no="7" player="oreiasccp" type="3" sum="60"/>
</round>
<round no="3"><cards type="Turn">S5</cards>
<action no="8" player="oreiasccp" type="4" sum="0"/>
<action no="9" player="cosmicturnip" type="4" discard="1" dealt="1" sum="0"/>
</round>
<round no="4"><cards type="River">SA</cards>
<action no="10" player="oreiasccp" type="4" sum="0"/>
<action no="11" player="cosmicturnip" type="4" discard="1" dealt="1" sum="0"/>
</round>
</game>
<game gamecode="11538535053"><general><startdate>2025-06-28 07:41:19</startdate>
<round>1</round>
<failsafecounter/>
<players><player seat="6" name="cosmicturnip" chips="1,050" dealer="0" win="200" bet="100" muck="0" rebuy="0" addon="0" merge="0" rebuychips="0" reg_code="8393518310"/>
<player seat="10" name="oreiasccp" chips="450" dealer="1" win="0" bet="100" muck="1" rebuy="0" addon="0" merge="0" rebuychips="0" reg_code="8393518329"/>
</players>
</general>
<round no="0"><action no="1" player="oreiasccp" type="1" sum="10"/>
<action no="2" player="cosmicturnip" type="2" discard="1" dealt="1" sum="20"/>
</round>
<round no="1"><cards type="Pocket" player="cosmicturnip">C3 D3</cards>
<cards type="Pocket" player="oreiasccp">D8 HK</cards>
<action no="3" player="oreiasccp" type="23" sum="40"/>
<action no="4" player="cosmicturnip" type="3" discard="1" dealt="1" sum="20"/>
</round>
<round no="2"><cards type="Flop">DA D6 CA</cards>
<action no="5" player="cosmicturnip" type="4" discard="1" dealt="1" sum="0"/>
<action no="6" player="oreiasccp" type="5" sum="20"/>
<action no="7" player="cosmicturnip" type="3" discard="1" dealt="1" sum="20"/>
</round>
<round no="3"><cards type="Turn">HA</cards>
<action no="8" player="cosmicturnip" type="4" discard="1" dealt="1" sum="0"/>
<action no="9" player="oreiasccp" type="5" sum="40"/>
<action no="10" player="cosmicturnip" type="3" discard="1" dealt="1" sum="40"/>
</round>
<round no="4"><cards type="River">H10</cards>
<action no="11" player="cosmicturnip" type="4" discard="1" dealt="1" sum="0"/>
<action no="12" player="oreiasccp" type="4" sum="0"/>
</round>
</game>
<game gamecode="11538535103"><general><startdate>2025-06-28 07:41:37</startdate>
<round>1</round>
<failsafecounter/>
<players><player seat="10" name="oreiasccp" chips="350" dealer="0" win="20" bet="20" muck="1" rebuy="0" addon="0" merge="0" rebuychips="0" reg_code="8393518329"/>
<player seat="6" name="cosmicturnip" chips="1,150" dealer="1" win="0" bet="10" muck="1" rebuy="0" addon="0" merge="0" rebuychips="0" reg_code="8393518310"/>
</players>
</general>
<round no="0"><action no="1" player="cosmicturnip" type="1" discard="1" dealt="1" sum="10"/>
<action no="2" player="oreiasccp" type="2" sum="20"/>
</round>
<round no="1"><cards type="Pocket" player="cosmicturnip">X X</cards>
<cards type="Pocket" player="oreiasccp">S4 HQ</cards>
<action no="3" player="cosmicturnip" type="0" discard="1" dealt="1" sum="0"/>
</round>
</game>
<game gamecode="11538535119"><general><startdate>2025-06-28 07:41:43</startdate>
<round>1</round>
<failsafecounter/>
<players><player seat="6" name="cosmicturnip" chips="1,140" dealer="0" win="40" bet="48" muck="1" rebuy="0" addon="0" merge="0" rebuychips="0" reg_code="8393518310"/>
<player seat="10" name="oreiasccp" chips="360" dealer="1" win="0" bet="20" muck="1" rebuy="0" addon="0" merge="0" rebuychips="0" reg_code="8393518329"/>
</players>
</general>
<round no="0"><action no="1" player="oreiasccp" type="1" sum="10"/>
<action no="2" player="cosmicturnip" type="2" discard="1" dealt="1" sum="20"/>
</round>
<round no="1"><cards type="Pocket" player="cosmicturnip">X X</cards>
<cards type="Pocket" player="oreiasccp">SQ SK</cards>
<action no="3" player="oreiasccp" type="3" sum="10"/>
<action no="4" player="cosmicturnip" type="4" discard="1" dealt="1" sum="0"/>
</round>
<round no="2"><cards type="Flop">C4 S7 H6</cards>
<action no="5" player="cosmicturnip" type="4" discard="1" dealt="1" sum="0"/>
<action no="6" player="oreiasccp" type="4" sum="0"/>
</round>
<round no="3"><cards type="Turn">DJ</cards>
<action no="7" player="cosmicturnip" type="4" discard="1" dealt="1" sum="0"/>
<action no="8" player="oreiasccp" type="4" sum="0"/>
</round>
<round no="4"><cards type="River">C6</cards>
<action no="9" player="cosmicturnip" type="5" discard="1" dealt="1" sum="28"/>
<action no="10" player="oreiasccp" type="0" sum="0"/>
</round>
</game>
<game gamecode="11538535174"><general><startdate>2025-06-28 07:42:01</startdate>
<round>1</round>
<failsafecounter/>
<players><player seat="10" name="oreiasccp" chips="340" dealer="0" win="0" bet="185" muck="1" rebuy="0" addon="0" merge="0" rebuychips="0" reg_code="8393518329"/>
<player seat="6" name="cosmicturnip" chips="1,160" dealer="1" win="370" bet="185" muck="0" rebuy="0" addon="0" merge="0" rebuychips="0" reg_code="8393518310"/>
</players>
</general>
<round no="0"><action no="1" player="cosmicturnip" type="15" discard="1" dealt="1" sum="5"/>
<action no="2" player="oreiasccp" type="15" sum="5"/>
<action no="3" player="cosmicturnip" type="1" discard="1" dealt="1" sum="15"/>
<action no="4" player="oreiasccp" type="2" sum="30"/>
</round>
<round no="1"><cards type="Pocket" player="oreiasccp">H6 H9</cards>
<cards type="Pocket" player="cosmicturnip">DQ D9</cards>
<action no="5" player="cosmicturnip" type="23" discard="1" dealt="1" sum="60"/>
<action no="6" player="oreiasccp" type="3" sum="30"/>
</round>
<round no="2"><cards type="Flop">D10 D6 HQ</cards>
<action no="7" player="oreiasccp" type="4" sum="0"/>
<action no="8" player="cosmicturnip" type="4" discard="1" dealt="1" sum="0"/>
</round>
<round no="3"><cards type="Turn">CQ</cards>
<action no="9" player="oreiasccp" type="4" sum="0"/>
<action no="10" player="cosmicturnip" type="4" discard="1" dealt="1" sum="0"/>
</round>
<round no="4"><cards type="River">SQ</cards>
<action no="11" player="oreiasccp" type="4" sum="0"/>
<action no="12" player="cosmicturnip" type="5" discard="1" dealt="1" sum="120"/>
<action no="13" player="oreiasccp" type="3" sum="120"/>
</round>
</game>
<game gamecode="11538535257"><general><startdate>2025-06-28 07:42:26</startdate>
<round>1</round>
<failsafecounter/>
<players><player seat="6" name="cosmicturnip" chips="1,345" dealer="0" win="40" bet="35" muck="1" rebuy="0" addon="0" merge="0" rebuychips="0" reg_code="8393518310"/>
<player seat="10" name="oreiasccp" chips="155" dealer="1" win="0" bet="20" muck="1" rebuy="0" addon="0" merge="0" rebuychips="0" reg_code="8393518329"/>
</players>
</general>
<round no="0"><action no="1" player="oreiasccp" type="15" sum="5"/>
<action no="2" player="cosmicturnip" type="15" discard="1" dealt="1" sum="5"/>
<action no="3" player="oreiasccp" type="1" sum="15"/>
<action no="4" player="cosmicturnip" type="2" discard="1" dealt="1" sum="30"/>
</round>
<round no="1"><cards type="Pocket" player="cosmicturnip">X X</cards>
<cards type="Pocket" player="oreiasccp">D3 H8</cards>
<action no="5" player="oreiasccp" type="0" sum="0"/>
</round>
</game>
<game gamecode="11538535267"><general><startdate>2025-06-28 07:42:30</startdate>
<round>1</round>
<failsafecounter/>
<players><player seat="10" name="oreiasccp" chips="135" dealer="0" win="0" bet="35" muck="1" rebuy="0" addon="0" merge="0" rebuychips="0" reg_code="8393518329"/>
<player seat="6" name="cosmicturnip" chips="1,365" dealer="1" win="70" bet="95" muck="1" rebuy="0" addon="0" merge="0" rebuychips="0" reg_code="8393518310"/>
</players>
</general>
<round no="0"><action no="1" player="cosmicturnip" type="15" discard="1" dealt="1" sum="5"/>
<action no="2" player="oreiasccp" type="15" sum="5"/>
<action no="3" player="cosmicturnip" type="1" discard="1" dealt="1" sum="15"/>
<action no="4" player="oreiasccp" type="2" sum="30"/>
</round>
<round no="1"><cards type="Pocket" player="oreiasccp">H10 C8</cards>
<cards type="Pocket" player="cosmicturnip">X X</cards>
<action no="5" player="cosmicturnip" type="23" discard="1" dealt="1" sum="90"/>
<action no="6" player="oreiasccp" type="0" sum="0"/>
</round>
</game>
<game gamecode="11538535287"><general><startdate>2025-06-28 07:42:37</startdate>
<round>1</round>
<failsafecounter/>
<players><player seat="6" name="cosmicturnip" chips="1,400" dealer="0" win="0" bet="100" muck="1" rebuy="0" addon="0" merge="0" rebuychips="0" reg_code="8393518310"/>
<player seat="10" name="oreiasccp" chips="100" dealer="1" win="200" bet="100" muck="0" rebuy="0" addon="0" merge="0" rebuychips="0" reg_code="8393518329"/>
</players>
</general>
<round no="0"><action no="1" player="oreiasccp" type="15" sum="5"/>
<action no="2" player="cosmicturnip" type="15" discard="1" dealt="1" sum="5"/>
<action no="3" player="oreiasccp" type="1" sum="15"/>
<action no="4" player="cosmicturnip" type="2" discard="1" dealt="1" sum="30"/>
</round>
<round no="1"><cards type="Pocket" player="oreiasccp">D7 D9</cards>
<cards type="Pocket" player="cosmicturnip">C2 CJ</cards>
<action no="5" player="oreiasccp" type="23" sum="95"/>
<action no="6" player="cosmicturnip" type="3" discard="1" dealt="1" sum="65"/>
</round>
<round no="2"><cards type="Flop">H7 D6 S5</cards>
</round>
<round no="3"><cards type="Turn">H9</cards>
</round>
<round no="4"><cards type="River">C10</cards>
</round>
</game>
<game gamecode="11538535330"><general><startdate>2025-06-28 07:42:52</startdate>
<round>1</round>
<failsafecounter/>
<players><player seat="10" name="oreiasccp" chips="200" dealer="0" win="0" bet="35" muck="1" rebuy="0" addon="0" merge="0" rebuychips="0" reg_code="8393518329"/>
<player seat="6" name="cosmicturnip" chips="1,300" dealer="1" win="70" bet="1,300" muck="1" rebuy="0" addon="0" merge="0" rebuychips="0" reg_code="8393518310"/>
</players>
</general>
<round no="0"><action no="1" player="cosmicturnip" type="15" discard="1" dealt="1" sum="5"/>
<action no="2" player="oreiasccp" type="15" sum="5"/>
<action no="3" player="cosmicturnip" type="1" discard="1" dealt="1" sum="15"/>
<action no="4" player="oreiasccp" type="2" sum="30"/>
</round>
<round no="1"><cards type="Pocket" player="oreiasccp">H6 H8</cards>
<cards type="Pocket" player="cosmicturnip">X X</cards>
<action no="5" player="cosmicturnip" type="23" discard="1" dealt="1" sum="1,295"/>
<action no="6" player="oreiasccp" type="0" sum="0"/>
</round>
</game>
<game gamecode="11538535356"><general><startdate>2025-06-28 07:43:00</startdate>
<round>1</round>
<failsafecounter/>
<players><player seat="6" name="cosmicturnip" chips="1,335" dealer="0" win="0" bet="165" muck="1" rebuy="0" addon="0" merge="0" rebuychips="0" reg_code="8393518310"/>
<player seat="10" name="oreiasccp" chips="165" dealer="1" win="330" bet="165" muck="0" rebuy="0" addon="0" merge="0" rebuychips="0" reg_code="8393518329"/>
</players>
</general>
<round no="0"><action no="1" player="oreiasccp" type="15" sum="5"/>
<action no="2" player="cosmicturnip" type="15" discard="1" dealt="1" sum="5"/>
<action no="3" player="oreiasccp" type="1" sum="15"/>
<action no="4" player="cosmicturnip" type="2" discard="1" dealt="1" sum="30"/>
</round>
<round no="1"><cards type="Pocket" player="cosmicturnip">C4 HJ</cards>
<cards type="Pocket" player="oreiasccp">D8 D9</cards>
<action no="5" player="oreiasccp" type="23" sum="160"/>
<action no="6" player="cosmicturnip" type="3" discard="1" dealt="1" sum="130"/>
</round>
<round no="2"><cards type="Flop">S7 C8 CQ</cards>
</round>
<round no="3"><cards type="Turn">H6</cards>
</round>
<round no="4"><cards type="River">C10</cards>
</round>
</game>
<game gamecode="11538535400"><general><startdate>2025-06-28 07:43:15</startdate>
<round>1</round>
<failsafecounter/>
<players><player seat="10" name="oreiasccp" chips="330" dealer="0" win="130" bet="330" muck="1" rebuy="0" addon="0" merge="0" rebuychips="0" reg_code="8393518329"/>
<player seat="6" name="cosmicturnip" chips="1,170" dealer="1" win="0" bet="65" muck="1" rebuy="0" addon="0" merge="0" rebuychips="0" reg_code="8393518310"/>
</players>
</general>
<round no="0"><action no="1" player="cosmicturnip" type="15" discard="1" dealt="1" sum="5"/>
<action no="2" player="oreiasccp" type="15" sum="5"/>
<action no="3" player="cosmicturnip" type="1" discard="1" dealt="1" sum="15"/>
<action no="4" player="oreiasccp" type="2" sum="30"/>
</round>
<round no="1"><cards type="Pocket" player="cosmicturnip">X X</cards>
<cards type="Pocket" player="oreiasccp">CA CQ</cards>
<action no="5" player="cosmicturnip" type="23" discard="1" dealt="1" sum="60"/>
<action no="6" player="oreiasccp" type="23" sum="325"/>
<action no="7" player="cosmicturnip" type="0" discard="1" dealt="1" sum="0"/>
</round>
</game>
<game gamecode="11538535435"><general><startdate>2025-06-28 07:43:24</startdate>
<round>1</round>
<failsafecounter/>
<players><player seat="6" name="cosmicturnip" chips="1,105" dealer="0" win="130" bet="155" muck="1" rebuy="0" addon="0" merge="0" rebuychips="0" reg_code="8393518310"/>
<player seat="10" name="oreiasccp" chips="395" dealer="1" win="0" bet="65" muck="1" rebuy="0" addon="0" merge="0" rebuychips="0" reg_code="8393518329"/>
</players>
</general>
<round no="0"><action no="1" player="oreiasccp" type="15" sum="5"/>
<action no="2" player="cosmicturnip" type="15" discard="1" dealt="1" sum="5"/>
<action no="3" player="oreiasccp" type="1" sum="15"/>
<action no="4" player="cosmicturnip" type="2" discard="1" dealt="1" sum="30"/>
</round>
<round no="1"><cards type="Pocket" player="oreiasccp">SJ S5</cards>
<cards type="Pocket" player="cosmicturnip">X X</cards>
<action no="5" player="oreiasccp" type="3" sum="15"/>
<action no="6" player="cosmicturnip" type="4" discard="1" dealt="1" sum="0"/>
</round>
<round no="2"><cards type="Flop">CK C3 H9</cards>
<action no="7" player="cosmicturnip" type="4" discard="1" dealt="1" sum="0"/>
<action no="8" player="oreiasccp" type="5" sum="30"/>
<action no="9" player="cosmicturnip" type="23" discard="1" dealt="1" sum="120"/>
<action no="10" player="oreiasccp" type="0" sum="0"/>
</round>
</game>
<game gamecode="11538535504"><general><startdate>2025-06-28 07:43:45</startdate>
<round>1</round>
<failsafecounter/>
<players><player seat="10" name="oreiasccp" chips="330" dealer="0" win="0" bet="35" muck="1" rebuy="0" addon="0" merge="0" rebuychips="0" reg_code="8393518329"/>
<player seat="6" name="cosmicturnip" chips="1,170" dealer="1" win="70" bet="65" muck="1" rebuy="0" addon="0" merge="0" rebuychips="0" reg_code="8393518310"/>
</players>
</general>
<round no="0"><action no="1" player="cosmicturnip" type="15" discard="1" dealt="1" sum="5"/>
<action no="2" player="oreiasccp" type="15" sum="5"/>
<action no="3" player="cosmicturnip" type="1" discard="1" dealt="1" sum="15"/>
<action no="4" player="oreiasccp" type="2" sum="30"/>
</round>
<round no="1"><cards type="Pocket" player="cosmicturnip">X X</cards>
<cards type="Pocket" player="oreiasccp">H5 C4</cards>
<action no="5" player="cosmicturnip" type="23" discard="1" dealt="1" sum="60"/>
<action no="6" player="oreiasccp" type="0" sum="0"/>
</round>
</game>
<game gamecode="11538535528"><general><startdate>2025-06-28 07:43:51</startdate>
<round>1</round>
<failsafecounter/>
<players><player seat="6" name="cosmicturnip" chips="1,205" dealer="0" win="0" bet="70" muck="1" rebuy="0" addon="0" merge="0" rebuychips="0" reg_code="8393518310"/>
<player seat="10" name="oreiasccp" chips="295" dealer="1" win="140" bet="105" muck="1" rebuy="0" addon="0" merge="0" rebuychips="0" reg_code="8393518329"/>
</players>
</general>
<round no="0"><action no="1" player="oreiasccp" type="15" sum="5"/>
<action no="2" player="cosmicturnip" type="15" discard="1" dealt="1" sum="5"/>
<action no="3" player="oreiasccp" type="1" sum="15"/>
<action no="4" player="cosmicturnip" type="2" discard="1" dealt="1" sum="30"/>
</round>
<round no="1"><cards type="Pocket" player="cosmicturnip">X X</cards>
<cards type="Pocket" player="oreiasccp">C2 SK</cards>
<action no="5" player="oreiasccp" type="3" sum="15"/>
<action no="6" player="cosmicturnip" type="4" discard="1" dealt="1" sum="0"/>
</round>
<round no="2"><cards type="Flop">SQ S10 CK</cards>
<action no="7" player="cosmicturnip" type="4" discard="1" dealt="1" sum="0"/>
<action no="8" player="oreiasccp" type="4" sum="0"/>
</round>
<round no="3"><cards type="Turn">H3</cards>
<action no="9" player="cosmicturnip" type="4" discard="1" dealt="1" sum="0"/>
<action no="10" player="oreiasccp" type="5" sum="35"/>
<action no="11" player="cosmicturnip" type="3" discard="1" dealt="1" sum="35"/>
</round>
<round no="4"><cards type="River">S8</cards>
<action no="12" player="cosmicturnip" type="4" discard="1" dealt="1" sum="0"/>
<action no="13" player="oreiasccp" type="5" sum="35"/>
<action no="14" player="cosmicturnip" type="0" discard="1" dealt="1" sum="0"/>
</round>
</game>
<game gamecode="11538535586"><general><startdate>2025-06-28 07:44:09</startdate>
<round>1</round>
<failsafecounter/>
<players><player seat="10" name="oreiasccp" chips="365" dealer="0" win="0" bet="45" muck="1" rebuy="0" addon="0" merge="0" rebuychips="0" reg_code="8393518329"/>
<player seat="6" name="cosmicturnip" chips="1,135" dealer="1" win="90" bet="85" muck="1" rebuy="0" addon="0" merge="0" rebuychips="0" reg_code="8393518310"/>
</players>
</general>
<round no="0"><action no="1" player="cosmicturnip" type="15" discard="1" dealt="1" sum="5"/>
<action no="2" player="oreiasccp" type="15" sum="5"/>
<action no="3" player="cosmicturnip" type="1" discard="1" dealt="1" sum="20"/>
<action no="4" player="oreiasccp" type="2" sum="40"/>
</round>
<round no="1"><cards type="Pocket" player="cosmicturnip">X X</cards>
<cards type="Pocket" player="oreiasccp">CQ H6</cards>
<action no="5" player="cosmicturnip" type="23" discard="1" dealt="1" sum="80"/>
<action no="6" player="oreiasccp" type="0" sum="0"/>
</round>
</game>
<game gamecode="11538535622"><general><startdate>2025-06-28 07:44:18</startdate>
<round>1</round>
<failsafecounter/>
<players><player seat="6" name="cosmicturnip" chips="1,180" dealer="0" win="50" bet="45" muck="1" rebuy="0" addon="0" merge="0" rebuychips="0" reg_code="8393518310"/>
<player seat="10" name="oreiasccp" chips="320" dealer="1" win="0" bet="25" muck="1" rebuy="0" addon="0" merge="0" rebuychips="0" reg_code="8393518329"/>
</players>
</general>
<round no="0"><action no="1" player="oreiasccp" type="15" sum="5"/>
<action no="2" player="cosmicturnip" type="15" discard="1" dealt="1" sum="5"/>
<action no="3" player="oreiasccp" type="1" sum="20"/>
<action no="4" player="cosmicturnip" type="2" discard="1" dealt="1" sum="40"/>
</round>
<round no="1"><cards type="Pocket" player="oreiasccp">C6 S9</cards>
<cards type="Pocket" player="cosmicturnip">X X</cards>
<action no="5" player="oreiasccp" type="0" sum="0"/>
</round>
</game>
<game gamecode="11538535644"><general><startdate>2025-06-28 07:44:25</startdate>
<round>1</round>
<failsafecounter/>
<players><player seat="10" name="oreiasccp" chips="295" dealer="0" win="0" bet="45" muck="1" rebuy="0" addon="0" merge="0" rebuychips="0" reg_code="8393518329"/>
<player seat="6" name="cosmicturnip" chips="1,205" dealer="1" win="90" bet="1,205" muck="1" rebuy="0" addon="0" merge="0" rebuychips="0" reg_code="8393518310"/>
</players>
</general>
<round no="0"><action no="1" player="cosmicturnip" type="15" discard="1" dealt="1" sum="5"/>
<action no="2" player="oreiasccp" type="15" sum="5"/>
<action no="3" player="cosmicturnip" type="1" discard="1" dealt="1" sum="20"/>
<action no="4" player="oreiasccp" type="2" sum="40"/>
</round>
<round no="1"><cards type="Pocket" player="oreiasccp">S5 S3</cards>
<cards type="Pocket" player="cosmicturnip">X X</cards>
<action no="5" player="cosmicturnip" type="23" discard="1" dealt="1" sum="1,200"/>
<action no="6" player="oreiasccp" type="0" sum="0"/>
</round>
</game>
<game gamecode="11538535664"><general><startdate>2025-06-28 07:44:32</startdate>
<round>1</round>
<failsafecounter/>
<players><player seat="6" name="cosmicturnip" chips="1,250" dealer="0" win="500" bet="250" muck="0" rebuy="0" addon="0" merge="0" rebuychips="0" reg_code="8393518310"/>
<player seat="10" name="oreiasccp" chips="250" dealer="1" win="0" bet="250" muck="0" rebuy="0" addon="0" merge="0" rebuychips="0" reg_code="8393518329"/>
</players>
</general>
<round no="0"><action no="1" player="oreiasccp" type="15" sum="5"/>
<action no="2" player="cosmicturnip" type="15" discard="1" dealt="1" sum="5"/>
<action no="3" player="oreiasccp" type="1" sum="20"/>
<action no="4" player="cosmicturnip" type="2" discard="1" dealt="1" sum="40"/>
</round>
<round no="1"><cards type="Pocket" player="oreiasccp">D6 D8</cards>
<cards type="Pocket" player="cosmicturnip">CK H8</cards>
<action no="5" player="oreiasccp" type="23" sum="245"/>
<action no="6" player="cosmicturnip" type="3" discard="1" dealt="1" sum="205"/>
</round>
<round no="2"><cards type="Flop">S10 C2 CA</cards>
</round>
<round no="3"><cards type="Turn">HQ</cards>
</round>
<round no="4"><cards type="River">HK</cards>
</round>
</game>
</session>
