<?xml version="1.0" encoding="UTF-8"?>
<session sessioncode="8393570277">
<general>
<client_version>25.1.1.13</client_version>
<mode>real</mode>
<gametype>Holdem NL</gametype>
<tablename>Twister €5 SNG, 1128754343</tablename>
<tournamentcode>1128754341</tournamentcode>
<tournamentname>Twister €5 SNG</tournamentname>
<buyin>€0 + €0.35 + €4.65</buyin>
<totalbuyin>€5</totalbuyin>
<rewarddrawn>€10</rewarddrawn>
<tournamentcurrency>EUR</tournamentcurrency>
<currency>EUR</currency>
<nickname>oreiasccp</nickname>
<gamecount>45</gamecount>
<startdate>2025-06-28 10:35:08</startdate>
<place>1</place>
<win>€10</win>
<tablesize>3</tablesize>
</general>
<game gamecode="11538669649"><general><startdate>2025-06-28 10:35:23</startdate>
<round>1</round>
<failsafecounter/>
<players><player seat="6" name="housefalse512" chips="500" dealer="0" win="40" bet="40" muck="1" rebuy="0" addon="0" merge="0" rebuychips="0" reg_code="8393570234"/>
<player seat="10" name="oreiasccp" chips="500" dealer="1" win="0" bet="0" muck="1" rebuy="0" addon="0" merge="0" rebuychips="0" reg_code="8393570277"/>
<player seat="3" name="gundaRajjj" chips="500" dealer="0" win="0" bet="20" muck="1" rebuy="0" addon="0" merge="0" rebuychips="0" reg_code="8393570211"/>
</players>
</general>
<round no="0"><action no="1" player="gundaRajjj" type="1" discard="1" dealt="1" sum="10"/>
<action no="2" player="housefalse512" type="2" discard="1" dealt="1" sum="20"/>
</round>
<round no="1"><cards type="Pocket" player="housefalse512">X X</cards>
<cards type="Pocket" player="oreiasccp">H3 SJ</cards>
<cards type="Pocket" player="gundaRajjj">X X</cards>
<action no="3" player="oreiasccp" type="0" sum="0"/>
<action no="4" player="gundaRajjj" type="3" discard="1" dealt="1" sum="10"/>
<action no="5" player="housefalse512" type="4" discard="1" dealt="1" sum="0"/>
</round>
<round no="2"><cards type="Flop">H4 CK H7</cards>
<action no="6" player="gundaRajjj" type="4" discard="1" dealt="1" sum="0"/>
<action no="7" player="housefalse512" type="5" discard="1" dealt="1" sum="20"/>
<action no="8" player="gundaRajjj" type="0" discard="1" dealt="1" sum="0"/>
</round>
</game>
<game gamecode="11538674792"><general><startdate>2025-06-28 10:35:41</startdate>
<round>1</round>
<failsafecounter/>
<players><player seat="10" name="oreiasccp" chips="500" dealer="0" win="300" bet="480" muck="1" rebuy="0" addon="0" merge="0" rebuychips="0" reg_code="8393570277"/>
<player seat="3" name="gundaRajjj" chips="480" dealer="1" win="0" bet="140" muck="1" rebuy="0" addon="0" merge="0" rebuychips="0" reg_code="8393570211"/>
<player seat="6" name="housefalse512" chips="520" dealer="0" win="0" bet="20" muck="1" rebuy="0" addon="0" merge="0" rebuychips="0" reg_code="8393570234"/>
</players>
</general>
<round no="0"><action no="1" player="housefalse512" type="1" discard="1" dealt="1" sum="10"/>
<action no="2" player="oreiasccp" type="2" sum="20"/>
</round>
<round no="1"><cards type="Pocket" player="oreiasccp">CQ CJ</cards>
<cards type="Pocket" player="gundaRajjj">X X</cards>
<cards type="Pocket" player="housefalse512">X X</cards>
<action no="3" player="gundaRajjj" type="3" discard="1" dealt="1" sum="20"/>
<action no="4" player="housefalse512" type="3" discard="1" dealt="1" sum="10"/>
<action no="5" player="oreiasccp" type="23" sum="90"/>
<action no="6" player="gundaRajjj" type="3" discard="1" dealt="1" sum="70"/>
<action no="7" player="housefalse512" type="0" discard="1" dealt="1" sum="0"/>
</round>
<round no="2"><cards type="Flop">S8 C7 SQ</cards>
<action no="8" player="oreiasccp" type="5" sum="50"/>
<action no="9" player="gundaRajjj" type="3" discard="1" dealt="1" sum="50"/>
</round>
<round no="3"><cards type="Turn">S7</cards>
<action no="10" player="oreiasccp" type="5" sum="340"/>
<action no="11" player="gundaRajjj" type="0" discard="1" dealt="1" sum="0"/>
</round>
</game>
<game gamecode="11538674927"><general><startdate>2025-06-28 10:36:08</startdate>
<round>1</round>
<failsafecounter/>
<players><player seat="3" name="gundaRajjj" chips="340" dealer="0" win="180" bet="260" muck="1" rebuy="0" addon="0" merge="0" rebuychips="0" reg_code="8393570211"/>
<player seat="6" name="housefalse512" chips="500" dealer="1" win="0" bet="80" muck="1" rebuy="0" addon="0" merge="0" rebuychips="0" reg_code="8393570234"/>
<player seat="10" name="oreiasccp" chips="660" dealer="0" win="0" bet="20" muck="1" rebuy="0" addon="0" merge="0" rebuychips="0" reg_code="8393570277"/>
</players>
</general>
<round no="0"><action no="1" player="oreiasccp" type="1" sum="10"/>
<action no="2" player="gundaRajjj" type="2" discard="1" dealt="1" sum="20"/>
</round>
<round no="1"><cards type="Pocket" player="housefalse512">X X</cards>
<cards type="Pocket" player="gundaRajjj">X X</cards>
<cards type="Pocket" player="oreiasccp">C9 C3</cards>
<action no="3" player="housefalse512" type="3" discard="1" dealt="1" sum="20"/>
<action no="4" player="oreiasccp" type="3" sum="10"/>
<action no="5" player="gundaRajjj" type="4" discard="1" dealt="1" sum="0"/>
</round>
<round no="2"><cards type="Flop">DA S4 CQ</cards>
<action no="6" player="oreiasccp" type="4" sum="0"/>
<action no="7" player="gundaRajjj" type="5" discard="1" dealt="1" sum="20"/>
<action no="8" player="housefalse512" type="23" discard="1" dealt="1" sum="60"/>
<action no="9" player="oreiasccp" type="0" sum="0"/>
<action no="10" player="gundaRajjj" type="3" discard="1" dealt="1" sum="40"/>
</round>
<round no="3"><cards type="Turn">DJ</cards>
<action no="11" player="gundaRajjj" type="4" discard="1" dealt="1" sum="0"/>
<action no="12" player="housefalse512" type="4" discard="1" dealt="1" sum="0"/>
</round>
<round no="4"><cards type="River">HA</cards>
<action no="13" player="gundaRajjj" type="5" discard="1" dealt="1" sum="180"/>
<action no="14" player="housefalse512" type="0" discard="1" dealt="1" sum="0"/>
</round>
</game>
<game gamecode="11538675082"><general><startdate>2025-06-28 10:36:40</startdate>
<round>1</round>
<failsafecounter/>
<players><player seat="6" name="housefalse512" chips="420" dealer="0" win="60" bet="60" muck="0" rebuy="0" addon="0" merge="0" rebuychips="0" reg_code="8393570234"/>
<player seat="10" name="oreiasccp" chips="640" dealer="1" win="0" bet="0" muck="1" rebuy="0" addon="0" merge="0" rebuychips="0" reg_code="8393570277"/>
<player seat="3" name="gundaRajjj" chips="440" dealer="0" win="60" bet="60" muck="0" rebuy="0" addon="0" merge="0" rebuychips="0" reg_code="8393570211"/>
</players>
</general>
<round no="0"><action no="1" player="gundaRajjj" type="1" discard="1" dealt="1" sum="10"/>
<action no="2" player="housefalse512" type="2" discard="1" dealt="1" sum="20"/>
</round>
<round no="1"><cards type="Pocket" player="oreiasccp">S9 D4</cards>
<cards type="Pocket" player="housefalse512">D5 S4</cards>
<cards type="Pocket" player="gundaRajjj">H6 H4</cards>
<action no="3" player="oreiasccp" type="0" sum="0"/>
<action no="4" player="gundaRajjj" type="3" discard="1" dealt="1" sum="10"/>
<action no="5" player="housefalse512" type="4" discard="1" dealt="1" sum="0"/>
</round>
<round no="2"><cards type="Flop">C4 C2 SK</cards>
<action no="6" player="gundaRajjj" type="4" discard="1" dealt="1" sum="0"/>
<action no="7" player="housefalse512" type="4" discard="1" dealt="1" sum="0"/>
</round>
<round no="3"><cards type="Turn">S10</cards>
<action no="8" player="gundaRajjj" type="4" discard="1" dealt="1" sum="0"/>
<action no="9" player="housefalse512" type="4" discard="1" dealt="1" sum="0"/>
</round>
<round no="4"><cards type="River">D8</cards>
<action no="10" player="gundaRajjj" type="5" discard="1" dealt="1" sum="20"/>
<action no="11" player="housefalse512" type="23" discard="1" dealt="1" sum="40"/>
<action no="12" player="gundaRajjj" type="3" discard="1" dealt="1" sum="20"/>
</round>
</game>
<game gamecode="11538675178"><general><startdate>2025-06-28 10:37:02</startdate>
<round>1</round>
<failsafecounter/>
<players><player seat="10" name="oreiasccp" chips="640" dealer="0" win="60" bet="440" muck="1" rebuy="0" addon="0" merge="0" rebuychips="0" reg_code="8393570277"/>
<player seat="3" name="gundaRajjj" chips="440" dealer="1" win="0" bet="20" muck="1" rebuy="0" addon="0" merge="0" rebuychips="0" reg_code="8393570211"/>
<player seat="6" name="housefalse512" chips="420" dealer="0" win="0" bet="20" muck="1" rebuy="0" addon="0" merge="0" rebuychips="0" reg_code="8393570234"/>
</players>
</general>
<round no="0"><action no="1" player="housefalse512" type="1" discard="1" dealt="1" sum="10"/>
<action no="2" player="oreiasccp" type="2" sum="20"/>
</round>
<round no="1"><cards type="Pocket" player="gundaRajjj">X X</cards>
<cards type="Pocket" player="oreiasccp">S2 HA</cards>
<cards type="Pocket" player="housefalse512">X X</cards>
<action no="3" player="gundaRajjj" type="3" discard="1" dealt="1" sum="20"/>
<action no="4" player="housefalse512" type="3" discard="1" dealt="1" sum="10"/>
<action no="5" player="oreiasccp" type="23" sum="440"/>
<action no="6" player="gundaRajjj" type="0" discard="1" dealt="1" sum="0"/>
<action no="7" player="housefalse512" type="0" discard="1" dealt="1" sum="0"/>
</round>
</game>
<game gamecode="11538675254"><general><startdate>2025-06-28 10:37:18</startdate>
<round>1</round>
<failsafecounter/>
<players><player seat="3" name="gundaRajjj" chips="420" dealer="0" win="0" bet="40" muck="1" rebuy="0" addon="0" merge="0" rebuychips="0" reg_code="8393570211"/>
<player seat="6" name="housefalse512" chips="400" dealer="1" win="90" bet="60" muck="1" rebuy="0" addon="0" merge="0" rebuychips="0" reg_code="8393570234"/>
<player seat="10" name="oreiasccp" chips="680" dealer="0" win="0" bet="10" muck="1" rebuy="0" addon="0" merge="0" rebuychips="0" reg_code="8393570277"/>
</players>
</general>
<round no="0"><action no="1" player="oreiasccp" type="1" sum="10"/>
<action no="2" player="gundaRajjj" type="2" discard="1" dealt="1" sum="20"/>
</round>
<round no="1"><cards type="Pocket" player="oreiasccp">H6 SA</cards>
<cards type="Pocket" player="gundaRajjj">X X</cards>
<cards type="Pocket" player="housefalse512">X X</cards>
<action no="3" player="housefalse512" type="23" discard="1" dealt="1" sum="40"/>
<action no="4" player="oreiasccp" type="0" sum="0"/>
<action no="5" player="gundaRajjj" type="3" discard="1" dealt="1" sum="20"/>
</round>
<round no="2"><cards type="Flop">SQ C9 DQ</cards>
<action no="6" player="gundaRajjj" type="4" discard="1" dealt="1" sum="0"/>
<action no="7" player="housefalse512" type="5" discard="1" dealt="1" sum="20"/>
<action no="8" player="gundaRajjj" type="0" discard="1" dealt="1" sum="0"/>
</round>
</game>
<game gamecode="11538675349"><general><startdate>2025-06-28 10:37:39</startdate>
<round>1</round>
<failsafecounter/>
<players><player seat="6" name="housefalse512" chips="450" dealer="0" win="135" bet="132" muck="1" rebuy="0" addon="0" merge="0" rebuychips="0" reg_code="8393570234"/>
<player seat="10" name="oreiasccp" chips="670" dealer="1" win="0" bet="5" muck="1" rebuy="0" addon="0" merge="0" rebuychips="0" reg_code="8393570277"/>
<player seat="3" name="gundaRajjj" chips="380" dealer="0" win="0" bet="65" muck="1" rebuy="0" addon="0" merge="0" rebuychips="0" reg_code="8393570211"/>
</players>
</general>
<round no="0"><action no="1" player="gundaRajjj" type="15" discard="1" dealt="1" sum="5"/>
<action no="2" player="housefalse512" type="15" discard="1" dealt="1" sum="5"/>
<action no="3" player="oreiasccp" type="15" sum="5"/>
<action no="4" player="gundaRajjj" type="1" discard="1" dealt="1" sum="15"/>
<action no="5" player="housefalse512" type="2" discard="1" dealt="1" sum="30"/>
</round>
<round no="1"><cards type="Pocket" player="gundaRajjj">X X</cards>
<cards type="Pocket" player="housefalse512">X X</cards>
<cards type="Pocket" player="oreiasccp">D2 S7</cards>
<action no="6" player="oreiasccp" type="0" sum="0"/>
<action no="7" player="gundaRajjj" type="3" discard="1" dealt="1" sum="15"/>
<action no="8" player="housefalse512" type="23" discard="1" dealt="1" sum="60"/>
<action no="9" player="gundaRajjj" type="3" discard="1" dealt="1" sum="30"/>
</round>
<round no="2"><cards type="Flop">C4 SK SJ</cards>
<action no="10" player="gundaRajjj" type="4" discard="1" dealt="1" sum="0"/>
<action no="11" player="housefalse512" type="5" discard="1" dealt="1" sum="67"/>
<action no="12" player="gundaRajjj" type="0" discard="1" dealt="1" sum="0"/>
</round>
</game>
<game gamecode="11538675443"><general><startdate>2025-06-28 10:37:57</startdate>
<round>1</round>
<failsafecounter/>
<players><player seat="10" name="oreiasccp" chips="665" dealer="0" win="0" bet="35" muck="1" rebuy="0" addon="0" merge="0" rebuychips="0" reg_code="8393570277"/>
<player seat="3" name="gundaRajjj" chips="315" dealer="1" win="0" bet="65" muck="1" rebuy="0" addon="0" merge="0" rebuychips="0" reg_code="8393570211"/>
<player seat="6" name="housefalse512" chips="520" dealer="0" win="165" bet="95" muck="1" rebuy="0" addon="0" merge="0" rebuychips="0" reg_code="8393570234"/>
</players>
</general>
<round no="0"><action no="1" player="housefalse512" type="15" discard="1" dealt="1" sum="5"/>
<action no="2" player="oreiasccp" type="15" sum="5"/>
<action no="3" player="gundaRajjj" type="15" discard="1" dealt="1" sum="5"/>
<action no="4" player="housefalse512" type="1" discard="1" dealt="1" sum="15"/>
<action no="5" player="oreiasccp" type="2" sum="30"/>
</round>
<round no="1"><cards type="Pocket" player="oreiasccp">HQ C5</cards>
<cards type="Pocket" player="gundaRajjj">X X</cards>
<cards type="Pocket" player="housefalse512">X X</cards>
<action no="6" player="gundaRajjj" type="23" discard="1" dealt="1" sum="60"/>
<action no="7" player="housefalse512" type="3" discard="1" dealt="1" sum="45"/>
<action no="8" player="oreiasccp" type="0" sum="0"/>
</round>
<round no="2"><cards type="Flop">S10 HJ C8</cards>
<action no="9" player="housefalse512" type="4" discard="1" dealt="1" sum="0"/>
<action no="10" player="gundaRajjj" type="4" discard="1" dealt="1" sum="0"/>
</round>
<round no="3"><cards type="Turn">CA</cards>
<action no="11" player="housefalse512" type="4" discard="1" dealt="1" sum="0"/>
<action no="12" player="gundaRajjj" type="4" discard="1" dealt="1" sum="0"/>
</round>
<round no="4"><cards type="River">D2</cards>
<action no="13" player="housefalse512" type="5" discard="1" dealt="1" sum="30"/>
<action no="14" player="gundaRajjj" type="0" discard="1" dealt="1" sum="0"/>
</round>
</game>
<game gamecode="11538675579"><general><startdate>2025-06-28 10:38:25</startdate>
<round>1</round>
<failsafecounter/>
<players><player seat="3" name="gundaRajjj" chips="250" dealer="0" win="0" bet="35" muck="1" rebuy="0" addon="0" merge="0" rebuychips="0" reg_code="8393570211"/>
<player seat="6" name="housefalse512" chips="620" dealer="1" win="90" bet="80" muck="1" rebuy="0" addon="0" merge="0" rebuychips="0" reg_code="8393570234"/>
<player seat="10" name="oreiasccp" chips="630" dealer="0" win="0" bet="20" muck="1" rebuy="0" addon="0" merge="0" rebuychips="0" reg_code="8393570277"/>
</players>
</general>
<round no="0"><action no="1" player="oreiasccp" type="15" sum="5"/>
<action no="2" player="gundaRajjj" type="15" discard="1" dealt="1" sum="5"/>
<action no="3" player="housefalse512" type="15" discard="1" dealt="1" sum="5"/>
<action no="4" player="oreiasccp" type="1" sum="15"/>
<action no="5" player="gundaRajjj" type="2" discard="1" dealt="1" sum="30"/>
</round>
<round no="1"><cards type="Pocket" player="housefalse512">X X</cards>
<cards type="Pocket" player="oreiasccp">D2 HK</cards>
<cards type="Pocket" player="gundaRajjj">X X</cards>
<action no="6" player="housefalse512" type="23" discard="1" dealt="1" sum="75"/>
<action no="7" player="oreiasccp" type="0" sum="0"/>
<action no="8" player="gundaRajjj" type="0" discard="1" dealt="1" sum="0"/>
</round>
</game>
<game gamecode="11538675624"><general><startdate>2025-06-28 10:38:33</startdate>
<round>1</round>
<failsafecounter/>
<players><player seat="6" name="housefalse512" chips="675" dealer="0" win="0" bet="35" muck="1" rebuy="0" addon="0" merge="0" rebuychips="0" reg_code="8393570234"/>
<player seat="10" name="oreiasccp" chips="610" dealer="1" win="465" bet="215" muck="0" rebuy="0" addon="0" merge="0" rebuychips="0" reg_code="8393570277"/>
<player seat="3" name="gundaRajjj" chips="215" dealer="0" win="0" bet="215" muck="0" rebuy="0" addon="0" merge="0" rebuychips="0" reg_code="8393570211"/>
</players>
</general>
<round no="0"><action no="1" player="gundaRajjj" type="15" discard="1" dealt="1" sum="5"/>
<action no="2" player="housefalse512" type="15" discard="1" dealt="1" sum="5"/>
<action no="3" player="oreiasccp" type="15" sum="5"/>
<action no="4" player="gundaRajjj" type="1" discard="1" dealt="1" sum="15"/>
<action no="5" player="housefalse512" type="2" discard="1" dealt="1" sum="30"/>
</round>
<round no="1"><cards type="Pocket" player="housefalse512">X X</cards>
<cards type="Pocket" player="gundaRajjj">S9 D10</cards>
<cards type="Pocket" player="oreiasccp">DK D9</cards>
<action no="6" player="oreiasccp" type="3" sum="30"/>
<action no="7" player="gundaRajjj" type="23" discard="1" dealt="1" sum="210"/>
<action no="8" player="housefalse512" type="0" discard="1" dealt="1" sum="0"/>
<action no="9" player="oreiasccp" type="3" sum="180"/>
</round>
<round no="2"><cards type="Flop">HA SA D5</cards>
</round>
<round no="3"><cards type="Turn">S2</cards>
</round>
<round no="4"><cards type="River">D3</cards>
</round>
</game>
<game gamecode="11538675699"><general><startdate>2025-06-28 10:38:52</startdate>
<round>1</round>
<failsafecounter/>
<players><player seat="10" name="oreiasccp" chips="860" dealer="0" win="0" bet="35" muck="1" rebuy="0" addon="0" merge="0" rebuychips="0" reg_code="8393570277"/>
<player seat="6" name="housefalse512" chips="640" dealer="1" win="70" bet="65" muck="1" rebuy="0" addon="0" merge="0" rebuychips="0" reg_code="8393570234"/>
</players>
</general>
<round no="0"><action no="1" player="housefalse512" type="15" discard="1" dealt="1" sum="5"/>
<action no="2" player="oreiasccp" type="15" sum="5"/>
<action no="3" player="housefalse512" type="1" discard="1" dealt="1" sum="15"/>
<action no="4" player="oreiasccp" type="2" sum="30"/>
</round>
<round no="1"><cards type="Pocket" player="oreiasccp">S10 D3</cards>
<cards type="Pocket" player="housefalse512">X X</cards>
<action no="5" player="housefalse512" type="23" discard="1" dealt="1" sum="60"/>
<action no="6" player="oreiasccp" type="0" sum="0"/>
</round>
</game>
<game gamecode="11538675741"><general><startdate>2025-06-28 10:39:00</startdate>
<round>1</round>
<failsafecounter/>
<players><player seat="6" name="housefalse512" chips="675" dealer="0" win="190" bet="190" muck="1" rebuy="0" addon="0" merge="0" rebuychips="0" reg_code="8393570234"/>
<player seat="10" name="oreiasccp" chips="825" dealer="1" win="0" bet="95" muck="1" rebuy="0" addon="0" merge="0" rebuychips="0" reg_code="8393570277"/>
</players>
</general>
<round no="0"><action no="1" player="oreiasccp" type="15" sum="5"/>
<action no="2" player="housefalse512" type="15" discard="1" dealt="1" sum="5"/>
<action no="3" player="oreiasccp" type="1" sum="15"/>
<action no="4" player="housefalse512" type="2" discard="1" dealt="1" sum="30"/>
</round>
<round no="1"><cards type="Pocket" player="housefalse512">X X</cards>
<cards type="Pocket" player="oreiasccp">DK SQ</cards>
<action no="5" player="oreiasccp" type="23" sum="60"/>
<action no="6" player="housefalse512" type="3" discard="1" dealt="1" sum="30"/>
</round>
<round no="2"><cards type="Flop">DA HJ D6</cards>
<action no="7" player="housefalse512" type="5" discard="1" dealt="1" sum="30"/>
<action no="8" player="oreiasccp" type="3" sum="30"/>
</round>
<round no="3"><cards type="Turn">C5</cards>
<action no="9" player="housefalse512" type="4" discard="1" dealt="1" sum="0"/>
<action no="10" player="oreiasccp" type="4" sum="0"/>
</round>
<round no="4"><cards type="River">SA</cards>
<action no="11" player="housefalse512" type="5" discard="1" dealt="1" sum="95"/>
<action no="12" player="oreiasccp" type="0" sum="0"/>
</round>
</game>
<game gamecode="11538675832"><general><startdate>2025-06-28 10:39:23</startdate>
<round>1</round>
<failsafecounter/>
<players><player seat="10" name="oreiasccp" chips="730" dealer="0" win="0" bet="45" muck="1" rebuy="0" addon="0" merge="0" rebuychips="0" reg_code="8393570277"/>
<player seat="6" name="housefalse512" chips="770" dealer="1" win="90" bet="85" muck="1" rebuy="0" addon="0" merge="0" rebuychips="0" reg_code="8393570234"/>
</players>
</general>
<round no="0"><action no="1" player="housefalse512" type="15" discard="1" dealt="1" sum="5"/>
<action no="2" player="oreiasccp" type="15" sum="5"/>
<action no="3" player="housefalse512" type="1" discard="1" dealt="1" sum="20"/>
<action no="4" player="oreiasccp" type="2" sum="40"/>
</round>
<round no="1"><cards type="Pocket" player="oreiasccp">D2 H10</cards>
<cards type="Pocket" player="housefalse512">X X</cards>
<action no="5" player="housefalse512" type="3" discard="1" dealt="1" sum="20"/>
<action no="6" player="oreiasccp" type="4" sum="0"/>
</round>
<round no="2"><cards type="Flop">C6 C3 SA</cards>
<action no="7" player="oreiasccp" type="4" sum="0"/>
<action no="8" player="housefalse512" type="4" discard="1" dealt="1" sum="0"/>
</round>
<round no="3"><cards type="Turn">DQ</cards>
<action no="9" player="oreiasccp" type="4" sum="0"/>
<action no="10" player="housefalse512" type="5" discard="1" dealt="1" sum="40"/>
<action no="11" player="oreiasccp" type="0" sum="0"/>
</round>
</game>
<game gamecode="11538675934"><general><startdate>2025-06-28 10:39:42</startdate>
<round>1</round>
<failsafecounter/>
<players><player seat="6" name="housefalse512" chips="815" dealer="0" win="170" bet="170" muck="1" rebuy="0" addon="0" merge="0" rebuychips="0" reg_code="8393570234"/>
<player seat="10" name="oreiasccp" chips="685" dealer="1" win="0" bet="85" muck="1" rebuy="0" addon="0" merge="0" rebuychips="0" reg_code="8393570277"/>
</players>
</general>
<round no="0"><action no="1" player="oreiasccp" type="15" sum="5"/>
<action no="2" player="housefalse512" type="15" discard="1" dealt="1" sum="5"/>
<action no="3" player="oreiasccp" type="1" sum="20"/>
<action no="4" player="housefalse512" type="2" discard="1" dealt="1" sum="40"/>
</round>
<round no="1"><cards type="Pocket" player="housefalse512">X X</cards>
<cards type="Pocket" player="oreiasccp">DK DJ</cards>
<action no="5" player="oreiasccp" type="3" sum="20"/>
<action no="6" player="housefalse512" type="4" discard="1" dealt="1" sum="0"/>
</round>
<round no="2"><cards type="Flop">DA H2 HA</cards>
<action no="7" player="housefalse512" type="4" discard="1" dealt="1" sum="0"/>
<action no="8" player="oreiasccp" type="5" sum="40"/>
<action no="9" player="housefalse512" type="3" discard="1" dealt="1" sum="40"/>
</round>
<round no="3"><cards type="Turn">C3</cards>
<action no="10" player="housefalse512" type="4" discard="1" dealt="1" sum="0"/>
<action no="11" player="oreiasccp" type="4" sum="0"/>
</round>
<round no="4"><cards type="River">S10</cards>
<action no="12" player="housefalse512" type="5" discard="1" dealt="1" sum="85"/>
<action no="13" player="oreiasccp" type="0" sum="0"/>
</round>
</game>
<game gamecode="11538676083"><general><startdate>2025-06-28 10:40:14</startdate>
<round>1</round>
<failsafecounter/>
<players><player seat="10" name="oreiasccp" chips="600" dealer="0" win="170" bet="600" muck="1" rebuy="0" addon="0" merge="0" rebuychips="0" reg_code="8393570277"/>
<player seat="6" name="housefalse512" chips="900" dealer="1" win="0" bet="85" muck="1" rebuy="0" addon="0" merge="0" rebuychips="0" reg_code="8393570234"/>
</players>
</general>
<round no="0"><action no="1" player="housefalse512" type="15" discard="1" dealt="1" sum="5"/>
<action no="2" player="oreiasccp" type="15" sum="5"/>
<action no="3" player="housefalse512" type="1" discard="1" dealt="1" sum="20"/>
<action no="4" player="oreiasccp" type="2" sum="40"/>
</round>
<round no="1"><cards type="Pocket" player="housefalse512">X X</cards>
<cards type="Pocket" player="oreiasccp">C8 HA</cards>
<action no="5" player="housefalse512" type="23" discard="1" dealt="1" sum="80"/>
<action no="6" player="oreiasccp" type="23" sum="595"/>
<action no="7" player="housefalse512" type="0" discard="1" dealt="1" sum="0"/>
</round>
</game>
<game gamecode="11538676116"><general><startdate>2025-06-28 10:40:23</startdate>
<round>1</round>
<failsafecounter/>
<players><player seat="6" name="housefalse512" chips="815" dealer="0" win="50" bet="45" muck="1" rebuy="0" addon="0" merge="0" rebuychips="0" reg_code="8393570234"/>
<player seat="10" name="oreiasccp" chips="685" dealer="1" win="0" bet="25" muck="1" rebuy="0" addon="0" merge="0" rebuychips="0" reg_code="8393570277"/>
</players>
</general>
<round no="0"><action no="1" player="oreiasccp" type="15" sum="5"/>
<action no="2" player="housefalse512" type="15" discard="1" dealt="1" sum="5"/>
<action no="3" player="oreiasccp" type="1" sum="20"/>
<action no="4" player="housefalse512" type="2" discard="1" dealt="1" sum="40"/>
</round>
<round no="1"><cards type="Pocket" player="housefalse512">X X</cards>
<cards type="Pocket" player="oreiasccp">S2 H6</cards>
<action no="5" player="oreiasccp" type="0" sum="0"/>
</round>
</game>
<game gamecode="11538676146"><general><startdate>2025-06-28 10:40:28</startdate>
<round>1</round>
<failsafecounter/>
<players><player seat="10" name="oreiasccp" chips="660" dealer="0" win="50" bet="45" muck="1" rebuy="0" addon="0" merge="0" rebuychips="0" reg_code="8393570277"/>
<player seat="6" name="housefalse512" chips="840" dealer="1" win="0" bet="25" muck="1" rebuy="0" addon="0" merge="0" rebuychips="0" reg_code="8393570234"/>
</players>
</general>
<round no="0"><action no="1" player="housefalse512" type="15" discard="1" dealt="1" sum="5"/>
<action no="2" player="oreiasccp" type="15" sum="5"/>
<action no="3" player="housefalse512" type="1" discard="1" dealt="1" sum="20"/>
<action no="4" player="oreiasccp" type="2" sum="40"/>
</round>
<round no="1"><cards type="Pocket" player="oreiasccp">H6 D7</cards>
<cards type="Pocket" player="housefalse512">X X</cards>
<action no="5" player="housefalse512" type="0" discard="1" dealt="1" sum="0"/>
</round>
</game>
<game gamecode="11538676171"><general><startdate>2025-06-28 10:40:34</startdate>
<round>1</round>
<failsafecounter/>
<players><player seat="6" name="housefalse512" chips="815" dealer="0" win="730" bet="365" muck="0" rebuy="0" addon="0" merge="0" rebuychips="0" reg_code="8393570234"/>
<player seat="10" name="oreiasccp" chips="685" dealer="1" win="0" bet="365" muck="0" rebuy="0" addon="0" merge="0" rebuychips="0" reg_code="8393570277"/>
</players>
</general>
<round no="0"><action no="1" player="oreiasccp" type="15" sum="5"/>
<action no="2" player="housefalse512" type="15" discard="1" dealt="1" sum="5"/>
<action no="3" player="oreiasccp" type="1" sum="20"/>
<action no="4" player="housefalse512" type="2" discard="1" dealt="1" sum="40"/>
</round>
<round no="1"><cards type="Pocket" player="housefalse512">HK CK</cards>
<cards type="Pocket" player="oreiasccp">CQ DK</cards>
<action no="5" player="oreiasccp" type="3" sum="20"/>
<action no="6" player="housefalse512" type="4" discard="1" dealt="1" sum="0"/>
</round>
<round no="2"><cards type="Flop">C6 S3 H10</cards>
<action no="7" player="housefalse512" type="4" discard="1" dealt="1" sum="0"/>
<action no="8" player="oreiasccp" type="4" sum="0"/>
</round>
<round no="3"><cards type="Turn">HQ</cards>
<action no="9" player="housefalse512" type="5" discard="1" dealt="1" sum="40"/>
<action no="10" player="oreiasccp" type="23" sum="120"/>
<action no="11" player="housefalse512" type="3" discard="1" dealt="1" sum="80"/>
</round>
<round no="4"><cards type="River">D3</cards>
<action no="12" player="housefalse512" type="4" discard="1" dealt="1" sum="0"/>
<action no="13" player="oreiasccp" type="5" sum="200"/>
<action no="14" player="housefalse512" type="3" discard="1" dealt="1" sum="200"/>
</round>
</game>
<game gamecode="11538676289"><general><startdate>2025-06-28 10:40:59</startdate>
<round>1</round>
<failsafecounter/>
<players><player seat="10" name="oreiasccp" chips="320" dealer="0" win="0" bet="45" muck="1" rebuy="0" addon="0" merge="0" rebuychips="0" reg_code="8393570277"/>
<player seat="6" name="housefalse512" chips="1,180" dealer="1" win="90" bet="1,180" muck="1" rebuy="0" addon="0" merge="0" rebuychips="0" reg_code="8393570234"/>
</players>
</general>
<round no="0"><action no="1" player="housefalse512" type="15" discard="1" dealt="1" sum="5"/>
<action no="2" player="oreiasccp" type="15" sum="5"/>
<action no="3" player="housefalse512" type="1" discard="1" dealt="1" sum="20"/>
<action no="4" player="oreiasccp" type="2" sum="40"/>
</round>
<round no="1"><cards type="Pocket" player="oreiasccp">D2 H3</cards>
<cards type="Pocket" player="housefalse512">X X</cards>
<action no="5" player="housefalse512" type="23" discard="1" dealt="1" sum="1,175"/>
<action no="6" player="oreiasccp" type="0" sum="0"/>
</round>
</game>
<game gamecode="11538676318"><general><startdate>2025-06-28 10:41:05</startdate>
<round>1</round>
<failsafecounter/>
<players><player seat="6" name="housefalse512" chips="1,225" dealer="0" win="0" bet="45" muck="1" rebuy="0" addon="0" merge="0" rebuychips="0" reg_code="8393570234"/>
<player seat="10" name="oreiasccp" chips="275" dealer="1" win="90" bet="275" muck="1" rebuy="0" addon="0" merge="0" rebuychips="0" reg_code="8393570277"/>
</players>
</general>
<round no="0"><action no="1" player="oreiasccp" type="15" sum="5"/>
<action no="2" player="housefalse512" type="15" discard="1" dealt="1" sum="5"/>
<action no="3" player="oreiasccp" type="1" sum="20"/>
<action no="4" player="housefalse512" type="2" discard="1" dealt="1" sum="40"/>
</round>
<round no="1"><cards type="Pocket" player="oreiasccp">DQ C10</cards>
<cards type="Pocket" player="housefalse512">X X</cards>
<action no="5" player="oreiasccp" type="23" sum="270"/>
<action no="6" player="housefalse512" type="0" discard="1" dealt="1" sum="0"/>
</round>
</game>
<game gamecode="11538676359"><general><startdate>2025-06-28 10:41:12</startdate>
<round>1</round>
<failsafecounter/>
<players><player seat="10" name="oreiasccp" chips="320" dealer="0" win="640" bet="320" muck="0" rebuy="0" addon="0" merge="0" rebuychips="0" reg_code="8393570277"/>
<player seat="6" name="housefalse512" chips="1,180" dealer="1" win="0" bet="320" muck="1" rebuy="0" addon="0" merge="0" rebuychips="0" reg_code="8393570234"/>
</players>
</general>
<round no="0"><action no="1" player="housefalse512" type="15" discard="1" dealt="1" sum="5"/>
<action no="2" player="oreiasccp" type="15" sum="5"/>
<action no="3" player="housefalse512" type="1" discard="1" dealt="1" sum="20"/>
<action no="4" player="oreiasccp" type="2" sum="40"/>
</round>
<round no="1"><cards type="Pocket" player="housefalse512">C10 C6</cards>
<cards type="Pocket" player="oreiasccp">DJ D7</cards>
<action no="5" player="housefalse512" type="3" discard="1" dealt="1" sum="20"/>
<action no="6" player="oreiasccp" type="4" sum="0"/>
</round>
<round no="2"><cards type="Flop">S8 DQ D10</cards>
<action no="7" player="oreiasccp" type="4" sum="0"/>
<action no="8" player="housefalse512" type="4" discard="1" dealt="1" sum="0"/>
</round>
<round no="3"><cards type="Turn">D3</cards>
<action no="9" player="oreiasccp" type="5" sum="66"/>
<action no="10" player="housefalse512" type="3" discard="1" dealt="1" sum="66"/>
</round>
<round no="4"><cards type="River">S9</cards>
<action no="11" player="oreiasccp" type="5" sum="209"/>
<action no="12" player="housefalse512" type="3" discard="1" dealt="1" sum="209"/>
</round>
</game>
<game gamecode="11538676448"><general><startdate>2025-06-28 10:41:34</startdate>
<round>1</round>
<failsafecounter/>
<players><player seat="6" name="housefalse512" chips="860" dealer="0" win="0" bet="65" muck="1" rebuy="0" addon="0" merge="0" rebuychips="0" reg_code="8393570234"/>
<player seat="10" name="oreiasccp" chips="640" dealer="1" win="130" bet="125" muck="1" rebuy="0" addon="0" merge="0" rebuychips="0" reg_code="8393570277"/>
</players>
</general>
<round no="0"><action no="1" player="oreiasccp" type="15" sum="5"/>
<action no="2" player="housefalse512" type="15" discard="1" dealt="1" sum="5"/>
<action no="3" player="oreiasccp" type="1" sum="30"/>
<action no="4" player="housefalse512" type="2" discard="1" dealt="1" sum="60"/>
</round>
<round no="1"><cards type="Pocket" player="housefalse512">X X</cards>
<cards type="Pocket" player="oreiasccp">S7 S6</cards>
<action no="5" player="oreiasccp" type="3" sum="30"/>
<action no="6" player="housefalse512" type="4" discard="1" dealt="1" sum="0"/>
</round>
<round no="2"><cards type="Flop">C7 SK HA</cards>
<action no="7" player="housefalse512" type="4" discard="1" dealt="1" sum="0"/>
<action no="8" player="oreiasccp" type="5" sum="60"/>
<action no="9" player="housefalse512" type="0" discard="1" dealt="1" sum="0"/>
</round>
</game>
<game gamecode="11538676507"><general><startdate>2025-06-28 10:41:48</startdate>
<round>1</round>
<failsafecounter/>
<players><player seat="10" name="oreiasccp" chips="705" dealer="0" win="0" bet="125" muck="1" rebuy="0" addon="0" merge="0" rebuychips="0" reg_code="8393570277"/>
<player seat="6" name="housefalse512" chips="795" dealer="1" win="250" bet="250" muck="1" rebuy="0" addon="0" merge="0" rebuychips="0" reg_code="8393570234"/>
</players>
</general>
<round no="0"><action no="1" player="housefalse512" type="15" discard="1" dealt="1" sum="5"/>
<action no="2" player="oreiasccp" type="15" sum="5"/>
<action no="3" player="housefalse512" type="1" discard="1" dealt="1" sum="30"/>
<action no="4" player="oreiasccp" type="2" sum="60"/>
</round>
<round no="1"><cards type="Pocket" player="housefalse512">X X</cards>
<cards type="Pocket" player="oreiasccp">S9 SQ</cards>
<action no="5" player="housefalse512" type="23" discard="1" dealt="1" sum="120"/>
<action no="6" player="oreiasccp" type="3" sum="60"/>
</round>
<round no="2"><cards type="Flop">D3 D5 C7</cards>
<action no="7" player="oreiasccp" type="4" sum="0"/>
<action no="8" player="housefalse512" type="4" discard="1" dealt="1" sum="0"/>
</round>
<round no="3"><cards type="Turn">SK</cards>
<action no="9" player="oreiasccp" type="4" sum="0"/>
<action no="10" player="housefalse512" type="5" discard="1" dealt="1" sum="125"/>
<action no="11" player="oreiasccp" type="0" sum="0"/>
</round>
</game>
<game gamecode="11538676592"><general><startdate>2025-06-28 10:42:08</startdate>
<round>1</round>
<failsafecounter/>
<players><player seat="6" name="housefalse512" chips="920" dealer="0" win="130" bet="125" muck="1" rebuy="0" addon="0" merge="0" rebuychips="0" reg_code="8393570234"/>
<player seat="10" name="oreiasccp" chips="580" dealer="1" win="0" bet="65" muck="1" rebuy="0" addon="0" merge="0" rebuychips="0" reg_code="8393570277"/>
</players>
</general>
<round no="0"><action no="1" player="oreiasccp" type="15" sum="5"/>
<action no="2" player="housefalse512" type="15" discard="1" dealt="1" sum="5"/>
<action no="3" player="oreiasccp" type="1" sum="30"/>
<action no="4" player="housefalse512" type="2" discard="1" dealt="1" sum="60"/>
</round>
<round no="1"><cards type="Pocket" player="housefalse512">X X</cards>
<cards type="Pocket" player="oreiasccp">D6 S8</cards>
<action no="5" player="oreiasccp" type="3" sum="30"/>
<action no="6" player="housefalse512" type="23" discard="1" dealt="1" sum="120"/>
<action no="7" player="oreiasccp" type="0" sum="0"/>
</round>
</game>
<game gamecode="11538681181"><general><startdate>2025-06-28 10:42:19</startdate>
<round>1</round>
<failsafecounter/>
<players><player seat="10" name="oreiasccp" chips="515" dealer="0" win="0" bet="185" muck="0" rebuy="0" addon="0" merge="0" rebuychips="0" reg_code="8393570277"/>
<player seat="6" name="housefalse512" chips="985" dealer="1" win="370" bet="185" muck="0" rebuy="0" addon="0" merge="0" rebuychips="0" reg_code="8393570234"/>
</players>
</general>
<round no="0"><action no="1" player="housefalse512" type="15" discard="1" dealt="1" sum="5"/>
<action no="2" player="oreiasccp" type="15" sum="5"/>
<action no="3" player="housefalse512" type="1" discard="1" dealt="1" sum="30"/>
<action no="4" player="oreiasccp" type="2" sum="60"/>
</round>
<round no="1"><cards type="Pocket" player="housefalse512">D8 D9</cards>
<cards type="Pocket" player="oreiasccp">S5 H7</cards>
<action no="5" player="housefalse512" type="3" discard="1" dealt="1" sum="30"/>
<action no="6" player="oreiasccp" type="4" sum="0"/>
</round>
<round no="2"><cards type="Flop">D2 C3 H6</cards>
<action no="7" player="oreiasccp" type="4" sum="0"/>
<action no="8" player="housefalse512" type="5" discard="1" dealt="1" sum="60"/>
<action no="9" player="oreiasccp" type="3" sum="60"/>
</round>
<round no="3"><cards type="Turn">H8</cards>
<action no="10" player="oreiasccp" type="4" sum="0"/>
<action no="11" player="housefalse512" type="4" discard="1" dealt="1" sum="0"/>
</round>
<round no="4"><cards type="River">C7</cards>
<action no="12" player="oreiasccp" type="5" sum="60"/>
<action no="13" player="housefalse512" type="3" discard="1" dealt="1" sum="60"/>
</round>
</game>
<game gamecode="11538681293"><general><startdate>2025-06-28 10:42:44</startdate>
<round>1</round>
<failsafecounter/>
<players><player seat="6" name="housefalse512" chips="1,170" dealer="0" win="70" bet="65" muck="1" rebuy="0" addon="0" merge="0" rebuychips="0" reg_code="8393570234"/>
<player seat="10" name="oreiasccp" chips="330" dealer="1" win="0" bet="35" muck="1" rebuy="0" addon="0" merge="0" rebuychips="0" reg_code="8393570277"/>
</players>
</general>
<round no="0"><action no="1" player="oreiasccp" type="15" sum="5"/>
<action no="2" player="housefalse512" type="15" discard="1" dealt="1" sum="5"/>
<action no="3" player="oreiasccp" type="1" sum="30"/>
<action no="4" player="housefalse512" type="2" discard="1" dealt="1" sum="60"/>
</round>
<round no="1"><cards type="Pocket" player="oreiasccp">C6 S5</cards>
<cards type="Pocket" player="housefalse512">X X</cards>
<action no="5" player="oreiasccp" type="0" sum="0"/>
</round>
</game>
<game gamecode="11538681315"><general><startdate>2025-06-28 10:42:50</startdate>
<round>1</round>
<failsafecounter/>
<players><player seat="10" name="oreiasccp" chips="295" dealer="0" win="590" bet="295" muck="0" rebuy="0" addon="0" merge="0" rebuychips="0" reg_code="8393570277"/>
<player seat="6" name="housefalse512" chips="1,205" dealer="1" win="0" bet="295" muck="1" rebuy="0" addon="0" merge="0" rebuychips="0" reg_code="8393570234"/>
</players>
</general>
<round no="0"><action no="1" player="housefalse512" type="15" discard="1" dealt="1" sum="5"/>
<action no="2" player="oreiasccp" type="15" sum="5"/>
<action no="3" player="housefalse512" type="1" discard="1" dealt="1" sum="30"/>
<action no="4" player="oreiasccp" type="2" sum="60"/>
</round>
<round no="1"><cards type="Pocket" player="oreiasccp">DA C7</cards>
<cards type="Pocket" player="housefalse512">C9 H4</cards>
<action no="5" player="housefalse512" type="23" discard="1" dealt="1" sum="120"/>
<action no="6" player="oreiasccp" type="23" sum="290"/>
<action no="7" player="housefalse512" type="3" discard="1" dealt="1" sum="170"/>
</round>
<round no="2"><cards type="Flop">C6 H5 S6</cards>
</round>
<round no="3"><cards type="Turn">CJ</cards>
</round>
<round no="4"><cards type="River">C10</cards>
</round>
</game>
<game gamecode="11538681401"><general><startdate>2025-06-28 10:43:07</startdate>
<round>1</round>
<failsafecounter/>
<players><player seat="6" name="housefalse512" chips="910" dealer="0" win="70" bet="65" muck="1" rebuy="0" addon="0" merge="0" rebuychips="0" reg_code="8393570234"/>
<player seat="10" name="oreiasccp" chips="590" dealer="1" win="0" bet="35" muck="1" rebuy="0" addon="0" merge="0" rebuychips="0" reg_code="8393570277"/>
</players>
</general>
<round no="0"><action no="1" player="oreiasccp" type="15" sum="5"/>
<action no="2" player="housefalse512" type="15" discard="1" dealt="1" sum="5"/>
<action no="3" player="oreiasccp" type="1" sum="30"/>
<action no="4" player="housefalse512" type="2" discard="1" dealt="1" sum="60"/>
</round>
<round no="1"><cards type="Pocket" player="oreiasccp">C2 H5</cards>
<cards type="Pocket" player="housefalse512">X X</cards>
<action no="5" player="oreiasccp" type="0" sum="0"/>
</round>
</game>
<game gamecode="11538681422"><general><startdate>2025-06-28 10:43:12</startdate>
<round>1</round>
<failsafecounter/>
<players><player seat="10" name="oreiasccp" chips="555" dealer="0" win="0" bet="65" muck="1" rebuy="0" addon="0" merge="0" rebuychips="0" reg_code="8393570277"/>
<player seat="6" name="housefalse512" chips="945" dealer="1" win="130" bet="125" muck="1" rebuy="0" addon="0" merge="0" rebuychips="0" reg_code="8393570234"/>
</players>
</general>
<round no="0"><action no="1" player="housefalse512" type="15" discard="1" dealt="1" sum="5"/>
<action no="2" player="oreiasccp" type="15" sum="5"/>
<action no="3" player="housefalse512" type="1" discard="1" dealt="1" sum="30"/>
<action no="4" player="oreiasccp" type="2" sum="60"/>
</round>
<round no="1"><cards type="Pocket" player="oreiasccp">H7 D5</cards>
<cards type="Pocket" player="housefalse512">X X</cards>
<action no="5" player="housefalse512" type="23" discard="1" dealt="1" sum="120"/>
<action no="6" player="oreiasccp" type="0" sum="0"/>
</round>
</game>
<game gamecode="11538681474"><general><startdate>2025-06-28 10:43:23</startdate>
<round>1</round>
<failsafecounter/>
<players><player seat="6" name="housefalse512" chips="1,010" dealer="0" win="96" bet="88" muck="1" rebuy="0" addon="0" merge="0" rebuychips="0" reg_code="8393570234"/>
<player seat="10" name="oreiasccp" chips="490" dealer="1" win="0" bet="48" muck="1" rebuy="0" addon="0" merge="0" rebuychips="0" reg_code="8393570277"/>
</players>
</general>
<round no="0"><action no="1" player="oreiasccp" type="15" sum="8"/>
<action no="2" player="housefalse512" type="15" discard="1" dealt="1" sum="8"/>
<action no="3" player="oreiasccp" type="1" sum="40"/>
<action no="4" player="housefalse512" type="2" discard="1" dealt="1" sum="80"/>
</round>
<round no="1"><cards type="Pocket" player="housefalse512">X X</cards>
<cards type="Pocket" player="oreiasccp">S2 C8</cards>
<action no="5" player="oreiasccp" type="0" sum="0"/>
</round>
</game>
<game gamecode="11538681506"><general><startdate>2025-06-28 10:43:32</startdate>
<round>1</round>
<failsafecounter/>
<players><player seat="10" name="oreiasccp" chips="442" dealer="0" win="884" bet="442" muck="0" rebuy="0" addon="0" merge="0" rebuychips="0" reg_code="8393570277"/>
<player seat="6" name="housefalse512" chips="1,058" dealer="1" win="0" bet="442" muck="1" rebuy="0" addon="0" merge="0" rebuychips="0" reg_code="8393570234"/>
</players>
</general>
<round no="0"><action no="1" player="housefalse512" type="15" discard="1" dealt="1" sum="8"/>
<action no="2" player="oreiasccp" type="15" sum="8"/>
<action no="3" player="housefalse512" type="1" discard="1" dealt="1" sum="40"/>
<action no="4" player="oreiasccp" type="2" sum="80"/>
</round>
<round no="1"><cards type="Pocket" player="housefalse512">CA C3</cards>
<cards type="Pocket" player="oreiasccp">DJ SA</cards>
<action no="5" player="housefalse512" type="23" discard="1" dealt="1" sum="160"/>
<action no="6" player="oreiasccp" type="23" sum="434"/>
<action no="7" player="housefalse512" type="3" discard="1" dealt="1" sum="274"/>
</round>
<round no="2"><cards type="Flop">D5 CK SQ</cards>
</round>
<round no="3"><cards type="Turn">D9</cards>
</round>
<round no="4"><cards type="River">D8</cards>
</round>
</game>
<game gamecode="11538681589"><general><startdate>2025-06-28 10:43:49</startdate>
<round>1</round>
<failsafecounter/>
<players><player seat="6" name="housefalse512" chips="616" dealer="0" win="0" bet="88" muck="1" rebuy="0" addon="0" merge="0" rebuychips="0" reg_code="8393570234"/>
<player seat="10" name="oreiasccp" chips="884" dealer="1" win="176" bet="616" muck="1" rebuy="0" addon="0" merge="0" rebuychips="0" reg_code="8393570277"/>
</players>
</general>
<round no="0"><action no="1" player="oreiasccp" type="15" sum="8"/>
<action no="2" player="housefalse512" type="15" discard="1" dealt="1" sum="8"/>
<action no="3" player="oreiasccp" type="1" sum="40"/>
<action no="4" player="housefalse512" type="2" discard="1" dealt="1" sum="80"/>
</round>
<round no="1"><cards type="Pocket" player="housefalse512">X X</cards>
<cards type="Pocket" player="oreiasccp">H7 DA</cards>
<action no="5" player="oreiasccp" type="23" sum="608"/>
<action no="6" player="housefalse512" type="0" discard="1" dealt="1" sum="0"/>
</round>
</game>
<game gamecode="11538681631"><general><startdate>2025-06-28 10:43:59</startdate>
<round>1</round>
<failsafecounter/>
<players><player seat="10" name="oreiasccp" chips="972" dealer="0" win="0" bet="88" muck="1" rebuy="0" addon="0" merge="0" rebuychips="0" reg_code="8393570277"/>
<player seat="6" name="housefalse512" chips="528" dealer="1" win="176" bet="168" muck="1" rebuy="0" addon="0" merge="0" rebuychips="0" reg_code="8393570234"/>
</players>
</general>
<round no="0"><action no="1" player="housefalse512" type="15" discard="1" dealt="1" sum="8"/>
<action no="2" player="oreiasccp" type="15" sum="8"/>
<action no="3" player="housefalse512" type="1" discard="1" dealt="1" sum="40"/>
<action no="4" player="oreiasccp" type="2" sum="80"/>
</round>
<round no="1"><cards type="Pocket" player="oreiasccp">C2 C3</cards>
<cards type="Pocket" player="housefalse512">X X</cards>
<action no="5" player="housefalse512" type="3" discard="1" dealt="1" sum="40"/>
<action no="6" player="oreiasccp" type="4" sum="0"/>
</round>
<round no="2"><cards type="Flop">S9 D5 CJ</cards>
<action no="7" player="oreiasccp" type="4" sum="0"/>
<action no="8" player="housefalse512" type="4" discard="1" dealt="1" sum="0"/>
</round>
<round no="3"><cards type="Turn">S5</cards>
<action no="9" player="oreiasccp" type="4" sum="0"/>
<action no="10" player="housefalse512" type="5" discard="1" dealt="1" sum="80"/>
<action no="11" player="oreiasccp" type="0" sum="0"/>
</round>
</game>
<game gamecode="11538681708"><general><startdate>2025-06-28 10:44:15</startdate>
<round>1</round>
<failsafecounter/>
<players><player seat="6" name="housefalse512" chips="616" dealer="0" win="96" bet="88" muck="1" rebuy="0" addon="0" merge="0" rebuychips="0" reg_code="8393570234"/>
<player seat="10" name="oreiasccp" chips="884" dealer="1" win="0" bet="48" muck="1" rebuy="0" addon="0" merge="0" rebuychips="0" reg_code="8393570277"/>
</players>
</general>
<round no="0"><action no="1" player="oreiasccp" type="15" sum="8"/>
<action no="2" player="housefalse512" type="15" discard="1" dealt="1" sum="8"/>
<action no="3" player="oreiasccp" type="1" sum="40"/>
<action no="4" player="housefalse512" type="2" discard="1" dealt="1" sum="80"/>
</round>
<round no="1"><cards type="Pocket" player="oreiasccp">D5 S10</cards>
<cards type="Pocket" player="housefalse512">X X</cards>
<action no="5" player="oreiasccp" type="0" sum="0"/>
</round>
</game>
<game gamecode="11538681737"><general><startdate>2025-06-28 10:44:21</startdate>
<round>1</round>
<failsafecounter/>
<players><player seat="10" name="oreiasccp" chips="836" dealer="0" win="578" bet="289" muck="0" rebuy="0" addon="0" merge="0" rebuychips="0" reg_code="8393570277"/>
<player seat="6" name="housefalse512" chips="664" dealer="1" win="0" bet="289" muck="1" rebuy="0" addon="0" merge="0" rebuychips="0" reg_code="8393570234"/>
</players>
</general>
<round no="0"><action no="1" player="housefalse512" type="15" discard="1" dealt="1" sum="8"/>
<action no="2" player="oreiasccp" type="15" sum="8"/>
<action no="3" player="housefalse512" type="1" discard="1" dealt="1" sum="40"/>
<action no="4" player="oreiasccp" type="2" sum="80"/>
</round>
<round no="1"><cards type="Pocket" player="housefalse512">S9 H5</cards>
<cards type="Pocket" player="oreiasccp">DQ HJ</cards>
<action no="5" player="housefalse512" type="23" discard="1" dealt="1" sum="160"/>
<action no="6" player="oreiasccp" type="3" sum="80"/>
</round>
<round no="2"><cards type="Flop">C5 H7 H3</cards>
<action no="7" player="oreiasccp" type="4" sum="0"/>
<action no="8" player="housefalse512" type="4" discard="1" dealt="1" sum="0"/>
</round>
<round no="3"><cards type="Turn">D8</cards>
<action no="9" player="oreiasccp" type="4" sum="0"/>
<action no="10" player="housefalse512" type="4" discard="1" dealt="1" sum="0"/>
</round>
<round no="4"><cards type="River">SJ</cards>
<action no="11" player="oreiasccp" type="5" sum="121"/>
<action no="12" player="housefalse512" type="3" discard="1" dealt="1" sum="121"/>
</round>
</game>
<game gamecode="11538681843"><general><startdate>2025-06-28 10:44:41</startdate>
<round>1</round>
<failsafecounter/>
<players><player seat="6" name="housefalse512" chips="375" dealer="0" win="96" bet="88" muck="1" rebuy="0" addon="0" merge="0" rebuychips="0" reg_code="8393570234"/>
<player seat="10" name="oreiasccp" chips="1,125" dealer="1" win="0" bet="48" muck="1" rebuy="0" addon="0" merge="0" rebuychips="0" reg_code="8393570277"/>
</players>
</general>
<round no="0"><action no="1" player="oreiasccp" type="15" sum="8"/>
<action no="2" player="housefalse512" type="15" discard="1" dealt="1" sum="8"/>
<action no="3" player="oreiasccp" type="1" sum="40"/>
<action no="4" player="housefalse512" type="2" discard="1" dealt="1" sum="80"/>
</round>
<round no="1"><cards type="Pocket" player="housefalse512">X X</cards>
<cards type="Pocket" player="oreiasccp">H9 H4</cards>
<action no="5" player="oreiasccp" type="0" sum="0"/>
</round>
</game>
<game gamecode="11538681873"><general><startdate>2025-06-28 10:44:47</startdate>
<round>1</round>
<failsafecounter/>
<players><player seat="10" name="oreiasccp" chips="1,077" dealer="0" win="336" bet="168" muck="0" rebuy="0" addon="0" merge="0" rebuychips="0" reg_code="8393570277"/>
<player seat="6" name="housefalse512" chips="423" dealer="1" win="0" bet="168" muck="1" rebuy="0" addon="0" merge="0" rebuychips="0" reg_code="8393570234"/>
</players>
</general>
<round no="0"><action no="1" player="housefalse512" type="15" discard="1" dealt="1" sum="8"/>
<action no="2" player="oreiasccp" type="15" sum="8"/>
<action no="3" player="housefalse512" type="1" discard="1" dealt="1" sum="40"/>
<action no="4" player="oreiasccp" type="2" sum="80"/>
</round>
<round no="1"><cards type="Pocket" player="oreiasccp">S9 H4</cards>
<cards type="Pocket" player="housefalse512">HQ CA</cards>
<action no="5" player="housefalse512" type="3" discard="1" dealt="1" sum="40"/>
<action no="6" player="oreiasccp" type="4" sum="0"/>
</round>
<round no="2"><cards type="Flop">S3 S5 S4</cards>
<action no="7" player="oreiasccp" type="4" sum="0"/>
<action no="8" player="housefalse512" type="5" discard="1" dealt="1" sum="80"/>
<action no="9" player="oreiasccp" type="3" sum="80"/>
</round>
<round no="3"><cards type="Turn">C6</cards>
<action no="10" player="oreiasccp" type="4" sum="0"/>
<action no="11" player="housefalse512" type="4" discard="1" dealt="1" sum="0"/>
</round>
<round no="4"><cards type="River">SQ</cards>
<action no="12" player="oreiasccp" type="4" sum="0"/>
<action no="13" player="housefalse512" type="4" discard="1" dealt="1" sum="0"/>
</round>
</game>
<game gamecode="11538681961"><general><startdate>2025-06-28 10:45:07</startdate>
<round>1</round>
<failsafecounter/>
<players><player seat="6" name="housefalse512" chips="255" dealer="0" win="96" bet="88" muck="1" rebuy="0" addon="0" merge="0" rebuychips="0" reg_code="8393570234"/>
<player seat="10" name="oreiasccp" chips="1,245" dealer="1" win="0" bet="48" muck="1" rebuy="0" addon="0" merge="0" rebuychips="0" reg_code="8393570277"/>
</players>
</general>
<round no="0"><action no="1" player="oreiasccp" type="15" sum="8"/>
<action no="2" player="housefalse512" type="15" discard="1" dealt="1" sum="8"/>
<action no="3" player="oreiasccp" type="1" sum="40"/>
<action no="4" player="housefalse512" type="2" discard="1" dealt="1" sum="80"/>
</round>
<round no="1"><cards type="Pocket" player="housefalse512">X X</cards>
<cards type="Pocket" player="oreiasccp">DJ H2</cards>
<action no="5" player="oreiasccp" type="0" sum="0"/>
</round>
</game>
<game gamecode="11538681989"><general><startdate>2025-06-28 10:45:13</startdate>
<round>1</round>
<failsafecounter/>
<players><player seat="10" name="oreiasccp" chips="1,197" dealer="0" win="0" bet="88" muck="1" rebuy="0" addon="0" merge="0" rebuychips="0" reg_code="8393570277"/>
<player seat="6" name="housefalse512" chips="303" dealer="1" win="176" bet="176" muck="1" rebuy="0" addon="0" merge="0" rebuychips="0" reg_code="8393570234"/>
</players>
</general>
<round no="0"><action no="1" player="housefalse512" type="15" discard="1" dealt="1" sum="8"/>
<action no="2" player="oreiasccp" type="15" sum="8"/>
<action no="3" player="housefalse512" type="1" discard="1" dealt="1" sum="40"/>
<action no="4" player="oreiasccp" type="2" sum="80"/>
</round>
<round no="1"><cards type="Pocket" player="oreiasccp">D5 DJ</cards>
<cards type="Pocket" player="housefalse512">X X</cards>
<action no="5" player="housefalse512" type="3" discard="1" dealt="1" sum="40"/>
<action no="6" player="oreiasccp" type="4" sum="0"/>
</round>
<round no="2"><cards type="Flop">H3 CK C3</cards>
<action no="7" player="oreiasccp" type="4" sum="0"/>
<action no="8" player="housefalse512" type="5" discard="1" dealt="1" sum="88"/>
<action no="9" player="oreiasccp" type="0" sum="0"/>
</round>
</game>
<game gamecode="11538682032"><general><startdate>2025-06-28 10:45:24</startdate>
<round>1</round>
<failsafecounter/>
<players><player seat="6" name="housefalse512" chips="391" dealer="0" win="120" bet="110" muck="1" rebuy="0" addon="0" merge="0" rebuychips="0" reg_code="8393570234"/>
<player seat="10" name="oreiasccp" chips="1,109" dealer="1" win="0" bet="60" muck="1" rebuy="0" addon="0" merge="0" rebuychips="0" reg_code="8393570277"/>
</players>
</general>
<round no="0"><action no="1" player="oreiasccp" type="15" sum="10"/>
<action no="2" player="housefalse512" type="15" discard="1" dealt="1" sum="10"/>
<action no="3" player="oreiasccp" type="1" sum="50"/>
<action no="4" player="housefalse512" type="2" discard="1" dealt="1" sum="100"/>
</round>
<round no="1"><cards type="Pocket" player="housefalse512">X X</cards>
<cards type="Pocket" player="oreiasccp">S3 S9</cards>
<action no="5" player="oreiasccp" type="0" sum="0"/>
</round>
</game>
<game gamecode="11538682058"><general><startdate>2025-06-28 10:45:30</startdate>
<round>1</round>
<failsafecounter/>
<players><player seat="10" name="oreiasccp" chips="1,049" dealer="0" win="120" bet="110" muck="1" rebuy="0" addon="0" merge="0" rebuychips="0" reg_code="8393570277"/>
<player seat="6" name="housefalse512" chips="451" dealer="1" win="0" bet="60" muck="1" rebuy="0" addon="0" merge="0" rebuychips="0" reg_code="8393570234"/>
</players>
</general>
<round no="0"><action no="1" player="housefalse512" type="15" discard="1" dealt="1" sum="10"/>
<action no="2" player="oreiasccp" type="15" sum="10"/>
<action no="3" player="housefalse512" type="1" discard="1" dealt="1" sum="50"/>
<action no="4" player="oreiasccp" type="2" sum="100"/>
</round>
<round no="1"><cards type="Pocket" player="oreiasccp">SJ S5</cards>
<cards type="Pocket" player="housefalse512">X X</cards>
<action no="5" player="housefalse512" type="0" discard="1" dealt="1" sum="0"/>
</round>
</game>
<game gamecode="11538682095"><general><startdate>2025-06-28 10:45:39</startdate>
<round>1</round>
<failsafecounter/>
<players><player seat="6" name="housefalse512" chips="391" dealer="0" win="120" bet="110" muck="1" rebuy="0" addon="0" merge="0" rebuychips="0" reg_code="8393570234"/>
<player seat="10" name="oreiasccp" chips="1,109" dealer="1" win="0" bet="60" muck="1" rebuy="0" addon="0" merge="0" rebuychips="0" reg_code="8393570277"/>
</players>
</general>
<round no="0"><action no="1" player="oreiasccp" type="15" sum="10"/>
<action no="2" player="housefalse512" type="15" discard="1" dealt="1" sum="10"/>
<action no="3" player="oreiasccp" type="1" sum="50"/>
<action no="4" player="housefalse512" type="2" discard="1" dealt="1" sum="100"/>
</round>
<round no="1"><cards type="Pocket" player="housefalse512">X X</cards>
<cards type="Pocket" player="oreiasccp">C7 D6</cards>
<action no="5" player="oreiasccp" type="0" sum="0"/>
</round>
</game>
<game gamecode="11538682114"><general><startdate>2025-06-28 10:45:44</startdate>
<round>1</round>
<failsafecounter/>
<players><player seat="10" name="oreiasccp" chips="1,049" dealer="0" win="0" bet="110" muck="1" rebuy="0" addon="0" merge="0" rebuychips="0" reg_code="8393570277"/>
<player seat="6" name="housefalse512" chips="451" dealer="1" win="220" bet="210" muck="1" rebuy="0" addon="0" merge="0" rebuychips="0" reg_code="8393570234"/>
</players>
</general>
<round no="0"><action no="1" player="housefalse512" type="15" discard="1" dealt="1" sum="10"/>
<action no="2" player="oreiasccp" type="15" sum="10"/>
<action no="3" player="housefalse512" type="1" discard="1" dealt="1" sum="50"/>
<action no="4" player="oreiasccp" type="2" sum="100"/>
</round>
<round no="1"><cards type="Pocket" player="oreiasccp">H10 S2</cards>
<cards type="Pocket" player="housefalse512">X X</cards>
<action no="5" player="housefalse512" type="23" discard="1" dealt="1" sum="200"/>
<action no="6" player="oreiasccp" type="0" sum="0"/>
</round>
</game>
<game gamecode="11538682159"><general><startdate>2025-06-28 10:45:53</startdate>
<round>1</round>
<failsafecounter/>
<players><player seat="6" name="housefalse512" chips="561" dealer="0" win="0" bet="110" muck="1" rebuy="0" addon="0" merge="0" rebuychips="0" reg_code="8393570234"/>
<player seat="10" name="oreiasccp" chips="939" dealer="1" win="220" bet="561" muck="1" rebuy="0" addon="0" merge="0" rebuychips="0" reg_code="8393570277"/>
</players>
</general>
<round no="0"><action no="1" player="oreiasccp" type="15" sum="10"/>
<action no="2" player="housefalse512" type="15" discard="1" dealt="1" sum="10"/>
<action no="3" player="oreiasccp" type="1" sum="50"/>
<action no="4" player="housefalse512" type="2" discard="1" dealt="1" sum="100"/>
</round>
<round no="1"><cards type="Pocket" player="housefalse512">X X</cards>
<cards type="Pocket" player="oreiasccp">H10 H9</cards>
<action no="5" player="oreiasccp" type="23" sum="551"/>
<action no="6" player="housefalse512" type="0" discard="1" dealt="1" sum="0"/>
</round>
</game>
<game gamecode="11538682180"><general><startdate>2025-06-28 10:46:00</startdate>
<round>1</round>
<failsafecounter/>
<players><player seat="10" name="oreiasccp" chips="1,049" dealer="0" win="902" bet="451" muck="0" rebuy="0" addon="0" merge="0" rebuychips="0" reg_code="8393570277"/>
<player seat="6" name="housefalse512" chips="451" dealer="1" win="0" bet="451" muck="1" rebuy="0" addon="0" merge="0" rebuychips="0" reg_code="8393570234"/>
</players>
</general>
<round no="0"><action no="1" player="housefalse512" type="15" discard="1" dealt="1" sum="10"/>
<action no="2" player="oreiasccp" type="15" sum="10"/>
<action no="3" player="housefalse512" type="1" discard="1" dealt="1" sum="50"/>
<action no="4" player="oreiasccp" type="2" sum="100"/>
</round>
<round no="1"><cards type="Pocket" player="oreiasccp">DK S7</cards>
<cards type="Pocket" player="housefalse512">H5 CJ</cards>
<action no="5" player="housefalse512" type="3" discard="1" dealt="1" sum="50"/>
<action no="6" player="oreiasccp" type="23" sum="441"/>
<action no="7" player="housefalse512" type="7" discard="1" dealt="1" sum="341"/>
</round>
<round no="2"><cards type="Flop">H6 C6 CA</cards>
</round>
<round no="3"><cards type="Turn">H10</cards>
</round>
<round no="4"><cards type="River">D8</cards>
</round>
</game>
</session>
