<?xml version="1.0" encoding="UTF-8"?>
<session sessioncode="8393538249">
<general>
<client_version>25.1.1.13</client_version>
<mode>real</mode>
<gametype>Holdem NL</gametype>
<tablename>Twister €5 SNG, 1128749655</tablename>
<tournamentcode>1128749653</tournamentcode>
<tournamentname>Twister €5 SNG</tournamentname>
<buyin>€0 + €0.35 + €4.65</buyin>
<totalbuyin>€5</totalbuyin>
<rewarddrawn>€25</rewarddrawn>
<tournamentcurrency>EUR</tournamentcurrency>
<currency>EUR</currency>
<nickname>oreiasccp</nickname>
<gamecount>9</gamecount>
<startdate>2025-06-28 08:59:00</startdate>
<place>3</place>
<win>€0</win>
<tablesize>3</tablesize>
</general>
<game gamecode="11538590565"><general><startdate>2025-06-28 08:59:15</startdate>
<round>1</round>
<failsafecounter/>
<players><player seat="6" name="Fosifanten" chips="500" dealer="0" win="20" bet="20" muck="1" rebuy="0" addon="0" merge="0" rebuychips="0" reg_code="8393538265"/>
<player seat="10" name="Humbert25" chips="500" dealer="1" win="0" bet="0" muck="1" rebuy="0" addon="0" merge="0" rebuychips="0" reg_code="8393538281"/>
<player seat="3" name="oreiasccp" chips="500" dealer="0" win="0" bet="10" muck="1" rebuy="0" addon="0" merge="0" rebuychips="0" reg_code="8393538249"/>
</players>
</general>
<round no="0"><action no="1" player="oreiasccp" type="1" sum="10"/>
<action no="2" player="Fosifanten" type="2" discard="1" dealt="1" sum="20"/>
</round>
<round no="1"><cards type="Pocket" player="Humbert25">X X</cards>
<cards type="Pocket" player="Fosifanten">X X</cards>
<cards type="Pocket" player="oreiasccp">C2 H6</cards>
<action no="3" player="Humbert25" type="0" discard="1" dealt="1" sum="0"/>
<action no="4" player="oreiasccp" type="0" sum="0"/>
</round>
</game>
<game gamecode="11538590585"><general><startdate>2025-06-28 08:59:23</startdate>
<round>1</round>
<failsafecounter/>
<players><player seat="10" name="Humbert25" chips="500" dealer="0" win="0" bet="20" muck="1" rebuy="0" addon="0" merge="0" rebuychips="0" reg_code="8393538281"/>
<player seat="3" name="oreiasccp" chips="490" dealer="1" win="0" bet="40" muck="1" rebuy="0" addon="0" merge="0" rebuychips="0" reg_code="8393538249"/>
<player seat="6" name="Fosifanten" chips="510" dealer="0" win="100" bet="91" muck="1" rebuy="0" addon="0" merge="0" rebuychips="0" reg_code="8393538265"/>
</players>
</general>
<round no="0"><action no="1" player="Fosifanten" type="1" discard="1" dealt="1" sum="10"/>
<action no="2" player="Humbert25" type="2" discard="1" dealt="1" sum="20"/>
</round>
<round no="1"><cards type="Pocket" player="oreiasccp">H9 D10</cards>
<cards type="Pocket" player="Humbert25">X X</cards>
<cards type="Pocket" player="Fosifanten">X X</cards>
<action no="3" player="oreiasccp" type="23" sum="40"/>
<action no="4" player="Fosifanten" type="3" discard="1" dealt="1" sum="30"/>
<action no="5" player="Humbert25" type="0" discard="1" dealt="1" sum="0"/>
</round>
<round no="2"><cards type="Flop">D2 SJ S5</cards>
<action no="6" player="Fosifanten" type="5" discard="1" dealt="1" sum="51"/>
<action no="7" player="oreiasccp" type="0" sum="0"/>
</round>
</game>
<game gamecode="11538590680"><general><startdate>2025-06-28 08:59:57</startdate>
<round>1</round>
<failsafecounter/>
<players><player seat="3" name="oreiasccp" chips="450" dealer="0" win="0" bet="40" muck="1" rebuy="0" addon="0" merge="0" rebuychips="0" reg_code="8393538249"/>
<player seat="6" name="Fosifanten" chips="570" dealer="1" win="90" bet="85" muck="1" rebuy="0" addon="0" merge="0" rebuychips="0" reg_code="8393538265"/>
<player seat="10" name="Humbert25" chips="480" dealer="0" win="0" bet="10" muck="1" rebuy="0" addon="0" merge="0" rebuychips="0" reg_code="8393538281"/>
</players>
</general>
<round no="0"><action no="1" player="Humbert25" type="1" discard="1" dealt="1" sum="10"/>
<action no="2" player="oreiasccp" type="2" sum="20"/>
</round>
<round no="1"><cards type="Pocket" player="Fosifanten">X X</cards>
<cards type="Pocket" player="oreiasccp">C5 HA</cards>
<cards type="Pocket" player="Humbert25">X X</cards>
<action no="3" player="Fosifanten" type="23" discard="1" dealt="1" sum="40"/>
<action no="4" player="Humbert25" type="0" discard="1" dealt="1" sum="0"/>
<action no="5" player="oreiasccp" type="3" sum="20"/>
</round>
<round no="2"><cards type="Flop">C10 S3 S9</cards>
<action no="6" player="oreiasccp" type="4" sum="0"/>
<action no="7" player="Fosifanten" type="5" discard="1" dealt="1" sum="45"/>
<action no="8" player="oreiasccp" type="0" sum="0"/>
</round>
</game>
<game gamecode="11538590798"><general><startdate>2025-06-28 09:00:36</startdate>
<round>1</round>
<failsafecounter/>
<players><player seat="6" name="Fosifanten" chips="620" dealer="0" win="80" bet="80" muck="0" rebuy="0" addon="0" merge="0" rebuychips="0" reg_code="8393538265"/>
<player seat="10" name="Humbert25" chips="470" dealer="1" win="0" bet="0" muck="1" rebuy="0" addon="0" merge="0" rebuychips="0" reg_code="8393538281"/>
<player seat="3" name="oreiasccp" chips="410" dealer="0" win="80" bet="80" muck="0" rebuy="0" addon="0" merge="0" rebuychips="0" reg_code="8393538249"/>
</players>
</general>
<round no="0"><action no="1" player="oreiasccp" type="1" sum="10"/>
<action no="2" player="Fosifanten" type="2" discard="1" dealt="1" sum="20"/>
</round>
<round no="1"><cards type="Pocket" player="Humbert25">X X</cards>
<cards type="Pocket" player="oreiasccp">D10 CJ</cards>
<cards type="Pocket" player="Fosifanten">H10 HJ</cards>
<action no="3" player="Humbert25" type="0" discard="1" dealt="1" sum="0"/>
<action no="4" player="oreiasccp" type="23" sum="40"/>
<action no="5" player="Fosifanten" type="3" discard="1" dealt="1" sum="20"/>
</round>
<round no="2"><cards type="Flop">S2 S5 C9</cards>
<action no="6" player="oreiasccp" type="5" sum="40"/>
<action no="7" player="Fosifanten" type="3" discard="1" dealt="1" sum="40"/>
</round>
<round no="3"><cards type="Turn">H9</cards>
<action no="8" player="oreiasccp" type="4" sum="0"/>
<action no="9" player="Fosifanten" type="4" discard="1" dealt="1" sum="0"/>
</round>
<round no="4"><cards type="River">D2</cards>
<action no="10" player="oreiasccp" type="4" sum="0"/>
<action no="11" player="Fosifanten" type="4" discard="1" dealt="1" sum="0"/>
</round>
</game>
<game gamecode="11538590914"><general><startdate>2025-06-28 09:01:13</startdate>
<round>1</round>
<failsafecounter/>
<players><player seat="10" name="Humbert25" chips="470" dealer="0" win="0" bet="20" muck="1" rebuy="0" addon="0" merge="0" rebuychips="0" reg_code="8393538281"/>
<player seat="3" name="oreiasccp" chips="410" dealer="1" win="0" bet="0" muck="1" rebuy="0" addon="0" merge="0" rebuychips="0" reg_code="8393538249"/>
<player seat="6" name="Fosifanten" chips="620" dealer="0" win="40" bet="60" muck="1" rebuy="0" addon="0" merge="0" rebuychips="0" reg_code="8393538265"/>
</players>
</general>
<round no="0"><action no="1" player="Fosifanten" type="1" discard="1" dealt="1" sum="10"/>
<action no="2" player="Humbert25" type="2" discard="1" dealt="1" sum="20"/>
</round>
<round no="1"><cards type="Pocket" player="Humbert25">X X</cards>
<cards type="Pocket" player="Fosifanten">X X</cards>
<cards type="Pocket" player="oreiasccp">CJ H4</cards>
<action no="3" player="oreiasccp" type="0" sum="0"/>
<action no="4" player="Fosifanten" type="23" discard="1" dealt="1" sum="60"/>
<action no="5" player="Humbert25" type="0" discard="1" dealt="1" sum="0"/>
</round>
</game>
<game gamecode="11538590957"><general><startdate>2025-06-28 09:01:32</startdate>
<round>1</round>
<failsafecounter/>
<players><player seat="3" name="oreiasccp" chips="410" dealer="0" win="0" bet="35" muck="1" rebuy="0" addon="0" merge="0" rebuychips="0" reg_code="8393538249"/>
<player seat="6" name="Fosifanten" chips="640" dealer="1" win="90" bet="65" muck="1" rebuy="0" addon="0" merge="0" rebuychips="0" reg_code="8393538265"/>
<player seat="10" name="Humbert25" chips="450" dealer="0" win="0" bet="20" muck="1" rebuy="0" addon="0" merge="0" rebuychips="0" reg_code="8393538281"/>
</players>
</general>
<round no="0"><action no="1" player="Humbert25" type="15" discard="1" dealt="1" sum="5"/>
<action no="2" player="oreiasccp" type="15" sum="5"/>
<action no="3" player="Fosifanten" type="15" discard="1" dealt="1" sum="5"/>
<action no="4" player="Humbert25" type="1" discard="1" dealt="1" sum="15"/>
<action no="5" player="oreiasccp" type="2" sum="30"/>
</round>
<round no="1"><cards type="Pocket" player="oreiasccp">S3 D2</cards>
<cards type="Pocket" player="Humbert25">X X</cards>
<cards type="Pocket" player="Fosifanten">X X</cards>
<action no="6" player="Fosifanten" type="23" discard="1" dealt="1" sum="60"/>
<action no="7" player="Humbert25" type="0" discard="1" dealt="1" sum="0"/>
<action no="8" player="oreiasccp" type="0" sum="0"/>
</round>
</game>
<game gamecode="11538591004"><general><startdate>2025-06-28 09:01:47</startdate>
<round>1</round>
<failsafecounter/>
<players><player seat="6" name="Fosifanten" chips="695" dealer="0" win="0" bet="35" muck="1" rebuy="0" addon="0" merge="0" rebuychips="0" reg_code="8393538265"/>
<player seat="10" name="Humbert25" chips="430" dealer="1" win="0" bet="5" muck="1" rebuy="0" addon="0" merge="0" rebuychips="0" reg_code="8393538281"/>
<player seat="3" name="oreiasccp" chips="375" dealer="0" win="75" bet="375" muck="1" rebuy="0" addon="0" merge="0" rebuychips="0" reg_code="8393538249"/>
</players>
</general>
<round no="0"><action no="1" player="oreiasccp" type="15" sum="5"/>
<action no="2" player="Fosifanten" type="15" discard="1" dealt="1" sum="5"/>
<action no="3" player="Humbert25" type="15" discard="1" dealt="1" sum="5"/>
<action no="4" player="oreiasccp" type="1" sum="15"/>
<action no="5" player="Fosifanten" type="2" discard="1" dealt="1" sum="30"/>
</round>
<round no="1"><cards type="Pocket" player="Humbert25">X X</cards>
<cards type="Pocket" player="Fosifanten">X X</cards>
<cards type="Pocket" player="oreiasccp">HK H7</cards>
<action no="6" player="Humbert25" type="0" discard="1" dealt="1" sum="0"/>
<action no="7" player="oreiasccp" type="23" sum="370"/>
<action no="8" player="Fosifanten" type="0" discard="1" dealt="1" sum="0"/>
</round>
</game>
<game gamecode="11538591045"><general><startdate>2025-06-28 09:02:00</startdate>
<round>1</round>
<failsafecounter/>
<players><player seat="10" name="Humbert25" chips="425" dealer="0" win="0" bet="35" muck="1" rebuy="0" addon="0" merge="0" rebuychips="0" reg_code="8393538281"/>
<player seat="3" name="oreiasccp" chips="415" dealer="1" win="0" bet="5" muck="1" rebuy="0" addon="0" merge="0" rebuychips="0" reg_code="8393538249"/>
<player seat="6" name="Fosifanten" chips="660" dealer="0" win="75" bet="65" muck="1" rebuy="0" addon="0" merge="0" rebuychips="0" reg_code="8393538265"/>
</players>
</general>
<round no="0"><action no="1" player="Fosifanten" type="15" discard="1" dealt="1" sum="5"/>
<action no="2" player="Humbert25" type="15" discard="1" dealt="1" sum="5"/>
<action no="3" player="oreiasccp" type="15" sum="5"/>
<action no="4" player="Fosifanten" type="1" discard="1" dealt="1" sum="15"/>
<action no="5" player="Humbert25" type="2" discard="1" dealt="1" sum="30"/>
</round>
<round no="1"><cards type="Pocket" player="oreiasccp">S5 C7</cards>
<cards type="Pocket" player="Fosifanten">X X</cards>
<cards type="Pocket" player="Humbert25">X X</cards>
<action no="6" player="oreiasccp" type="0" sum="0"/>
<action no="7" player="Fosifanten" type="23" discard="1" dealt="1" sum="60"/>
<action no="8" player="Humbert25" type="0" discard="1" dealt="1" sum="0"/>
</round>
</game>
<game gamecode="11538591075"><general><startdate>2025-06-28 09:02:09</startdate>
<round>1</round>
<failsafecounter/>
<players><player seat="3" name="oreiasccp" chips="410" dealer="0" win="0" bet="410" muck="0" rebuy="0" addon="0" merge="0" rebuychips="0" reg_code="8393538249"/>
<player seat="6" name="Fosifanten" chips="700" dealer="1" win="840" bet="637" muck="0" rebuy="0" addon="0" merge="0" rebuychips="0" reg_code="8393538265"/>
<player seat="10" name="Humbert25" chips="390" dealer="0" win="0" bet="20" muck="1" rebuy="0" addon="0" merge="0" rebuychips="0" reg_code="8393538281"/>
</players>
</general>
<round no="0"><action no="1" player="Humbert25" type="15" discard="1" dealt="1" sum="5"/>
<action no="2" player="oreiasccp" type="15" sum="5"/>
<action no="3" player="Fosifanten" type="15" discard="1" dealt="1" sum="5"/>
<action no="4" player="Humbert25" type="1" discard="1" dealt="1" sum="15"/>
<action no="5" player="oreiasccp" type="2" sum="30"/>
</round>
<round no="1"><cards type="Pocket" player="Fosifanten">S8 SJ</cards>
<cards type="Pocket" player="Humbert25">X X</cards>
<cards type="Pocket" player="oreiasccp">DQ C10</cards>
<action no="6" player="Fosifanten" type="23" discard="1" dealt="1" sum="60"/>
<action no="7" player="Humbert25" type="0" discard="1" dealt="1" sum="0"/>
<action no="8" player="oreiasccp" type="3" sum="30"/>
</round>
<round no="2"><cards type="Flop">S7 D5 H10</cards>
<action no="9" player="oreiasccp" type="4" sum="0"/>
<action no="10" player="Fosifanten" type="4" discard="1" dealt="1" sum="0"/>
</round>
<round no="3"><cards type="Turn">C9</cards>
<action no="11" player="oreiasccp" type="5" sum="110"/>
<action no="12" player="Fosifanten" type="3" discard="1" dealt="1" sum="110"/>
</round>
<round no="4"><cards type="River">SK</cards>
<action no="13" player="oreiasccp" type="4" sum="0"/>
<action no="14" player="Fosifanten" type="5" discard="1" dealt="1" sum="462"/>
<action no="15" player="oreiasccp" type="7" sum="235"/>
</round>
</game>
</session>
