<?xml version="1.0" encoding="UTF-8"?>
<session sessioncode="8393522680">
<general>
<client_version>25.1.1.13</client_version>
<mode>real</mode>
<gametype>Holdem NL</gametype>
<tablename>Twister €5 SNG, 1128747063</tablename>
<tournamentcode>1128747062</tournamentcode>
<tournamentname>Twister €5 SNG</tournamentname>
<buyin>€0 + €0.35 + €4.65</buyin>
<totalbuyin>€5</totalbuyin>
<rewarddrawn>€10</rewarddrawn>
<tournamentcurrency>EUR</tournamentcurrency>
<currency>EUR</currency>
<nickname>oreiasccp</nickname>
<gamecount>34</gamecount>
<startdate>2025-06-28 07:57:18</startdate>
<place>2</place>
<win>€0</win>
<tablesize>3</tablesize>
</general>
<game gamecode="11538545545"><general><startdate>2025-06-28 07:57:33</startdate>
<round>1</round>
<failsafecounter/>
<players><player seat="10" name="oreiasccp" chips="500" dealer="0" win="0" bet="40" muck="1" rebuy="0" addon="0" merge="0" rebuychips="0" reg_code="8393522680"/>
<player seat="3" name="Amlianeni" chips="500" dealer="1" win="120" bet="160" muck="1" rebuy="0" addon="0" merge="0" rebuychips="0" reg_code="8393522667"/>
<player seat="6" name="kojak5773" chips="500" dealer="0" win="0" bet="40" muck="1" rebuy="0" addon="0" merge="0" rebuychips="0" reg_code="8393522674"/>
</players>
</general>
<round no="0"><action no="1" player="kojak5773" type="1" discard="1" dealt="1" sum="10"/>
<action no="2" player="oreiasccp" type="2" sum="20"/>
</round>
<round no="1"><cards type="Pocket" player="oreiasccp">D5 H4</cards>
<cards type="Pocket" player="Amlianeni">X X</cards>
<cards type="Pocket" player="kojak5773">X X</cards>
<action no="3" player="Amlianeni" type="23" discard="1" dealt="1" sum="40"/>
<action no="4" player="kojak5773" type="3" discard="1" dealt="1" sum="30"/>
<action no="5" player="oreiasccp" type="3" sum="20"/>
</round>
<round no="2"><cards type="Flop">C10 S7 D2</cards>
<action no="6" player="kojak5773" type="4" discard="1" dealt="1" sum="0"/>
<action no="7" player="oreiasccp" type="4" sum="0"/>
<action no="8" player="Amlianeni" type="5" discard="1" dealt="1" sum="120"/>
<action no="9" player="kojak5773" type="0" discard="1" dealt="1" sum="0"/>
<action no="10" player="oreiasccp" type="0" sum="0"/>
</round>
</game>
<game gamecode="11538545651"><general><startdate>2025-06-28 07:58:05</startdate>
<round>1</round>
<failsafecounter/>
<players><player seat="3" name="Amlianeni" chips="580" dealer="0" win="0" bet="20" muck="1" rebuy="0" addon="0" merge="0" rebuychips="0" reg_code="8393522667"/>
<player seat="6" name="kojak5773" chips="460" dealer="1" win="0" bet="0" muck="1" rebuy="0" addon="0" merge="0" rebuychips="0" reg_code="8393522674"/>
<player seat="10" name="oreiasccp" chips="460" dealer="0" win="40" bet="40" muck="1" rebuy="0" addon="0" merge="0" rebuychips="0" reg_code="8393522680"/>
</players>
</general>
<round no="0"><action no="1" player="oreiasccp" type="1" sum="10"/>
<action no="2" player="Amlianeni" type="2" discard="1" dealt="1" sum="20"/>
</round>
<round no="1"><cards type="Pocket" player="kojak5773">X X</cards>
<cards type="Pocket" player="oreiasccp">DJ D8</cards>
<cards type="Pocket" player="Amlianeni">X X</cards>
<action no="3" player="kojak5773" type="0" discard="1" dealt="1" sum="0"/>
<action no="4" player="oreiasccp" type="23" sum="40"/>
<action no="5" player="Amlianeni" type="0" discard="1" dealt="1" sum="0"/>
</round>
</game>
<game gamecode="11538545693"><general><startdate>2025-06-28 07:58:20</startdate>
<round>1</round>
<failsafecounter/>
<players><player seat="6" name="kojak5773" chips="460" dealer="0" win="20" bet="20" muck="1" rebuy="0" addon="0" merge="0" rebuychips="0" reg_code="8393522674"/>
<player seat="10" name="oreiasccp" chips="480" dealer="1" win="0" bet="0" muck="1" rebuy="0" addon="0" merge="0" rebuychips="0" reg_code="8393522680"/>
<player seat="3" name="Amlianeni" chips="560" dealer="0" win="0" bet="10" muck="1" rebuy="0" addon="0" merge="0" rebuychips="0" reg_code="8393522667"/>
</players>
</general>
<round no="0"><action no="1" player="Amlianeni" type="1" discard="1" dealt="1" sum="10"/>
<action no="2" player="kojak5773" type="2" discard="1" dealt="1" sum="20"/>
</round>
<round no="1"><cards type="Pocket" player="oreiasccp">S9 D4</cards>
<cards type="Pocket" player="kojak5773">X X</cards>
<cards type="Pocket" player="Amlianeni">X X</cards>
<action no="3" player="oreiasccp" type="0" sum="0"/>
<action no="4" player="Amlianeni" type="0" discard="1" dealt="1" sum="0"/>
</round>
</game>
<game gamecode="11538545742"><general><startdate>2025-06-28 07:58:34</startdate>
<round>1</round>
<failsafecounter/>
<players><player seat="10" name="oreiasccp" chips="480" dealer="0" win="0" bet="20" muck="1" rebuy="0" addon="0" merge="0" rebuychips="0" reg_code="8393522680"/>
<player seat="3" name="Amlianeni" chips="550" dealer="1" win="0" bet="0" muck="1" rebuy="0" addon="0" merge="0" rebuychips="0" reg_code="8393522667"/>
<player seat="6" name="kojak5773" chips="470" dealer="0" win="40" bet="20" muck="0" rebuy="0" addon="0" merge="0" rebuychips="0" reg_code="8393522674"/>
</players>
</general>
<round no="0"><action no="1" player="kojak5773" type="1" discard="1" dealt="1" sum="10"/>
<action no="2" player="oreiasccp" type="2" sum="20"/>
</round>
<round no="1"><cards type="Pocket" player="kojak5773">S2 DA</cards>
<cards type="Pocket" player="oreiasccp">S6 DK</cards>
<cards type="Pocket" player="Amlianeni">X X</cards>
<action no="3" player="Amlianeni" type="0" discard="1" dealt="1" sum="0"/>
<action no="4" player="kojak5773" type="3" discard="1" dealt="1" sum="10"/>
<action no="5" player="oreiasccp" type="4" sum="0"/>
</round>
<round no="2"><cards type="Flop">CJ H4 C10</cards>
<action no="6" player="kojak5773" type="4" discard="1" dealt="1" sum="0"/>
<action no="7" player="oreiasccp" type="4" sum="0"/>
</round>
<round no="3"><cards type="Turn">S10</cards>
<action no="8" player="kojak5773" type="4" discard="1" dealt="1" sum="0"/>
<action no="9" player="oreiasccp" type="4" sum="0"/>
</round>
<round no="4"><cards type="River">H5</cards>
<action no="10" player="kojak5773" type="4" discard="1" dealt="1" sum="0"/>
<action no="11" player="oreiasccp" type="4" sum="0"/>
</round>
</game>
<game gamecode="11538545838"><general><startdate>2025-06-28 07:59:06</startdate>
<round>1</round>
<failsafecounter/>
<players><player seat="3" name="Amlianeni" chips="550" dealer="0" win="20" bet="20" muck="1" rebuy="0" addon="0" merge="0" rebuychips="0" reg_code="8393522667"/>
<player seat="6" name="kojak5773" chips="490" dealer="1" win="0" bet="0" muck="1" rebuy="0" addon="0" merge="0" rebuychips="0" reg_code="8393522674"/>
<player seat="10" name="oreiasccp" chips="460" dealer="0" win="0" bet="10" muck="1" rebuy="0" addon="0" merge="0" rebuychips="0" reg_code="8393522680"/>
</players>
</general>
<round no="0"><action no="1" player="oreiasccp" type="1" sum="10"/>
<action no="2" player="Amlianeni" type="2" discard="1" dealt="1" sum="20"/>
</round>
<round no="1"><cards type="Pocket" player="Amlianeni">X X</cards>
<cards type="Pocket" player="oreiasccp">C3 D6</cards>
<cards type="Pocket" player="kojak5773">X X</cards>
<action no="3" player="kojak5773" type="0" discard="1" dealt="1" sum="0"/>
<action no="4" player="oreiasccp" type="0" sum="0"/>
</round>
</game>
<game gamecode="11538545861"><general><startdate>2025-06-28 07:59:13</startdate>
<round>1</round>
<failsafecounter/>
<players><player seat="6" name="kojak5773" chips="490" dealer="0" win="90" bet="100" muck="1" rebuy="0" addon="0" merge="0" rebuychips="0" reg_code="8393522674"/>
<player seat="10" name="oreiasccp" chips="450" dealer="1" win="0" bet="40" muck="1" rebuy="0" addon="0" merge="0" rebuychips="0" reg_code="8393522680"/>
<player seat="3" name="Amlianeni" chips="560" dealer="0" win="0" bet="10" muck="1" rebuy="0" addon="0" merge="0" rebuychips="0" reg_code="8393522667"/>
</players>
</general>
<round no="0"><action no="1" player="Amlianeni" type="1" discard="1" dealt="1" sum="10"/>
<action no="2" player="kojak5773" type="2" discard="1" dealt="1" sum="20"/>
</round>
<round no="1"><cards type="Pocket" player="kojak5773">X X</cards>
<cards type="Pocket" player="oreiasccp">CA H8</cards>
<cards type="Pocket" player="Amlianeni">X X</cards>
<action no="3" player="oreiasccp" type="23" sum="40"/>
<action no="4" player="Amlianeni" type="0" discard="1" dealt="1" sum="0"/>
<action no="5" player="kojak5773" type="23" discard="1" dealt="1" sum="100"/>
<action no="6" player="oreiasccp" type="0" sum="0"/>
</round>
</game>
<game gamecode="11538545897"><general><startdate>2025-06-28 07:59:25</startdate>
<round>1</round>
<failsafecounter/>
<players><player seat="10" name="oreiasccp" chips="410" dealer="0" win="40" bet="80" muck="1" rebuy="0" addon="0" merge="0" rebuychips="0" reg_code="8393522680"/>
<player seat="3" name="Amlianeni" chips="550" dealer="1" win="0" bet="0" muck="1" rebuy="0" addon="0" merge="0" rebuychips="0" reg_code="8393522667"/>
<player seat="6" name="kojak5773" chips="540" dealer="0" win="0" bet="20" muck="1" rebuy="0" addon="0" merge="0" rebuychips="0" reg_code="8393522674"/>
</players>
</general>
<round no="0"><action no="1" player="kojak5773" type="1" discard="1" dealt="1" sum="10"/>
<action no="2" player="oreiasccp" type="2" sum="20"/>
</round>
<round no="1"><cards type="Pocket" player="Amlianeni">X X</cards>
<cards type="Pocket" player="oreiasccp">DQ H4</cards>
<cards type="Pocket" player="kojak5773">X X</cards>
<action no="3" player="Amlianeni" type="0" discard="1" dealt="1" sum="0"/>
<action no="4" player="kojak5773" type="3" discard="1" dealt="1" sum="10"/>
<action no="5" player="oreiasccp" type="4" sum="0"/>
</round>
<round no="2"><cards type="Flop">CK HJ H6</cards>
<action no="6" player="kojak5773" type="4" discard="1" dealt="1" sum="0"/>
<action no="7" player="oreiasccp" type="4" sum="0"/>
</round>
<round no="3"><cards type="Turn">S2</cards>
<action no="8" player="kojak5773" type="4" discard="1" dealt="1" sum="0"/>
<action no="9" player="oreiasccp" type="4" sum="0"/>
</round>
<round no="4"><cards type="River">H3</cards>
<action no="10" player="kojak5773" type="4" discard="1" dealt="1" sum="0"/>
<action no="11" player="oreiasccp" type="5" sum="60"/>
<action no="12" player="kojak5773" type="0" discard="1" dealt="1" sum="0"/>
</round>
</game>
<game gamecode="11538545962"><general><startdate>2025-06-28 07:59:46</startdate>
<round>1</round>
<failsafecounter/>
<players><player seat="3" name="Amlianeni" chips="550" dealer="0" win="0" bet="35" muck="1" rebuy="0" addon="0" merge="0" rebuychips="0" reg_code="8393522667"/>
<player seat="6" name="kojak5773" chips="520" dealer="1" win="90" bet="215" muck="1" rebuy="0" addon="0" merge="0" rebuychips="0" reg_code="8393522674"/>
<player seat="10" name="oreiasccp" chips="430" dealer="0" win="0" bet="20" muck="1" rebuy="0" addon="0" merge="0" rebuychips="0" reg_code="8393522680"/>
</players>
</general>
<round no="0"><action no="1" player="oreiasccp" type="15" sum="5"/>
<action no="2" player="Amlianeni" type="15" discard="1" dealt="1" sum="5"/>
<action no="3" player="kojak5773" type="15" discard="1" dealt="1" sum="5"/>
<action no="4" player="oreiasccp" type="1" sum="15"/>
<action no="5" player="Amlianeni" type="2" discard="1" dealt="1" sum="30"/>
</round>
<round no="1"><cards type="Pocket" player="Amlianeni">X X</cards>
<cards type="Pocket" player="oreiasccp">D3 S6</cards>
<cards type="Pocket" player="kojak5773">X X</cards>
<action no="6" player="kojak5773" type="3" discard="1" dealt="1" sum="30"/>
<action no="7" player="oreiasccp" type="0" sum="0"/>
<action no="8" player="Amlianeni" type="4" discard="1" dealt="1" sum="0"/>
</round>
<round no="2"><cards type="Flop">SQ D5 H5</cards>
<action no="9" player="Amlianeni" type="4" discard="1" dealt="1" sum="0"/>
<action no="10" player="kojak5773" type="4" discard="1" dealt="1" sum="0"/>
</round>
<round no="3"><cards type="Turn">S5</cards>
<action no="11" player="Amlianeni" type="4" discard="1" dealt="1" sum="0"/>
<action no="12" player="kojak5773" type="4" discard="1" dealt="1" sum="0"/>
</round>
<round no="4"><cards type="River">C6</cards>
<action no="13" player="Amlianeni" type="4" discard="1" dealt="1" sum="0"/>
<action no="14" player="kojak5773" type="5" discard="1" dealt="1" sum="180"/>
<action no="15" player="Amlianeni" type="0" discard="1" dealt="1" sum="0"/>
</round>
</game>
<game gamecode="11538546048"><general><startdate>2025-06-28 08:00:17</startdate>
<round>1</round>
<failsafecounter/>
<players><player seat="6" name="kojak5773" chips="575" dealer="0" win="390" bet="185" muck="0" rebuy="0" addon="0" merge="0" rebuychips="0" reg_code="8393522674"/>
<player seat="10" name="oreiasccp" chips="410" dealer="1" win="0" bet="185" muck="1" rebuy="0" addon="0" merge="0" rebuychips="0" reg_code="8393522680"/>
<player seat="3" name="Amlianeni" chips="515" dealer="0" win="0" bet="20" muck="1" rebuy="0" addon="0" merge="0" rebuychips="0" reg_code="8393522667"/>
</players>
</general>
<round no="0"><action no="1" player="Amlianeni" type="15" discard="1" dealt="1" sum="5"/>
<action no="2" player="kojak5773" type="15" discard="1" dealt="1" sum="5"/>
<action no="3" player="oreiasccp" type="15" sum="5"/>
<action no="4" player="Amlianeni" type="1" discard="1" dealt="1" sum="15"/>
<action no="5" player="kojak5773" type="2" discard="1" dealt="1" sum="30"/>
</round>
<round no="1"><cards type="Pocket" player="oreiasccp">D3 DK</cards>
<cards type="Pocket" player="kojak5773">CA C2</cards>
<cards type="Pocket" player="Amlianeni">X X</cards>
<action no="6" player="oreiasccp" type="23" sum="60"/>
<action no="7" player="Amlianeni" type="0" discard="1" dealt="1" sum="0"/>
<action no="8" player="kojak5773" type="3" discard="1" dealt="1" sum="30"/>
</round>
<round no="2"><cards type="Flop">H2 S10 DA</cards>
<action no="9" player="kojak5773" type="4" discard="1" dealt="1" sum="0"/>
<action no="10" player="oreiasccp" type="5" sum="30"/>
<action no="11" player="kojak5773" type="3" discard="1" dealt="1" sum="30"/>
</round>
<round no="3"><cards type="Turn">D10</cards>
<action no="12" player="kojak5773" type="4" discard="1" dealt="1" sum="0"/>
<action no="13" player="oreiasccp" type="5" sum="90"/>
<action no="14" player="kojak5773" type="3" discard="1" dealt="1" sum="90"/>
</round>
<round no="4"><cards type="River">H7</cards>
<action no="15" player="kojak5773" type="4" discard="1" dealt="1" sum="0"/>
<action no="16" player="oreiasccp" type="4" sum="0"/>
</round>
</game>
<game gamecode="11538546119"><general><startdate>2025-06-28 08:00:41</startdate>
<round>1</round>
<failsafecounter/>
<players><player seat="10" name="oreiasccp" chips="225" dealer="0" win="0" bet="35" muck="1" rebuy="0" addon="0" merge="0" rebuychips="0" reg_code="8393522680"/>
<player seat="3" name="Amlianeni" chips="495" dealer="1" win="90" bet="65" muck="1" rebuy="0" addon="0" merge="0" rebuychips="0" reg_code="8393522667"/>
<player seat="6" name="kojak5773" chips="780" dealer="0" win="0" bet="20" muck="1" rebuy="0" addon="0" merge="0" rebuychips="0" reg_code="8393522674"/>
</players>
</general>
<round no="0"><action no="1" player="kojak5773" type="15" discard="1" dealt="1" sum="5"/>
<action no="2" player="oreiasccp" type="15" sum="5"/>
<action no="3" player="Amlianeni" type="15" discard="1" dealt="1" sum="5"/>
<action no="4" player="kojak5773" type="1" discard="1" dealt="1" sum="15"/>
<action no="5" player="oreiasccp" type="2" sum="30"/>
</round>
<round no="1"><cards type="Pocket" player="kojak5773">X X</cards>
<cards type="Pocket" player="oreiasccp">C8 D3</cards>
<cards type="Pocket" player="Amlianeni">X X</cards>
<action no="6" player="Amlianeni" type="23" discard="1" dealt="1" sum="60"/>
<action no="7" player="kojak5773" type="0" discard="1" dealt="1" sum="0"/>
<action no="8" player="oreiasccp" type="0" sum="0"/>
</round>
</game>
<game gamecode="11538546153"><general><startdate>2025-06-28 08:00:50</startdate>
<round>1</round>
<failsafecounter/>
<players><player seat="3" name="Amlianeni" chips="550" dealer="0" win="0" bet="35" muck="1" rebuy="0" addon="0" merge="0" rebuychips="0" reg_code="8393522667"/>
<player seat="6" name="kojak5773" chips="760" dealer="1" win="0" bet="190" muck="1" rebuy="0" addon="0" merge="0" rebuychips="0" reg_code="8393522674"/>
<player seat="10" name="oreiasccp" chips="190" dealer="0" win="415" bet="190" muck="0" rebuy="0" addon="0" merge="0" rebuychips="0" reg_code="8393522680"/>
</players>
</general>
<round no="0"><action no="1" player="oreiasccp" type="15" sum="5"/>
<action no="2" player="Amlianeni" type="15" discard="1" dealt="1" sum="5"/>
<action no="3" player="kojak5773" type="15" discard="1" dealt="1" sum="5"/>
<action no="4" player="oreiasccp" type="1" sum="15"/>
<action no="5" player="Amlianeni" type="2" discard="1" dealt="1" sum="30"/>
</round>
<round no="1"><cards type="Pocket" player="Amlianeni">X X</cards>
<cards type="Pocket" player="kojak5773">D10 D7</cards>
<cards type="Pocket" player="oreiasccp">DA HK</cards>
<action no="6" player="kojak5773" type="3" discard="1" dealt="1" sum="30"/>
<action no="7" player="oreiasccp" type="23" sum="185"/>
<action no="8" player="Amlianeni" type="0" discard="1" dealt="1" sum="0"/>
<action no="9" player="kojak5773" type="3" discard="1" dealt="1" sum="155"/>
</round>
<round no="2"><cards type="Flop">C4 S3 SQ</cards>
</round>
<round no="3"><cards type="Turn">S2</cards>
</round>
<round no="4"><cards type="River">C8</cards>
</round>
</game>
<game gamecode="11538546213"><general><startdate>2025-06-28 08:01:09</startdate>
<round>1</round>
<failsafecounter/>
<players><player seat="6" name="kojak5773" chips="570" dealer="0" win="0" bet="35" muck="1" rebuy="0" addon="0" merge="0" rebuychips="0" reg_code="8393522674"/>
<player seat="10" name="oreiasccp" chips="415" dealer="1" win="0" bet="5" muck="1" rebuy="0" addon="0" merge="0" rebuychips="0" reg_code="8393522680"/>
<player seat="3" name="Amlianeni" chips="515" dealer="0" win="75" bet="515" muck="1" rebuy="0" addon="0" merge="0" rebuychips="0" reg_code="8393522667"/>
</players>
</general>
<round no="0"><action no="1" player="Amlianeni" type="15" discard="1" dealt="1" sum="5"/>
<action no="2" player="kojak5773" type="15" discard="1" dealt="1" sum="5"/>
<action no="3" player="oreiasccp" type="15" sum="5"/>
<action no="4" player="Amlianeni" type="1" discard="1" dealt="1" sum="15"/>
<action no="5" player="kojak5773" type="2" discard="1" dealt="1" sum="30"/>
</round>
<round no="1"><cards type="Pocket" player="oreiasccp">D6 C3</cards>
<cards type="Pocket" player="Amlianeni">X X</cards>
<cards type="Pocket" player="kojak5773">X X</cards>
<action no="6" player="oreiasccp" type="0" sum="0"/>
<action no="7" player="Amlianeni" type="23" discard="1" dealt="1" sum="510"/>
<action no="8" player="kojak5773" type="0" discard="1" dealt="1" sum="0"/>
</round>
</game>
<game gamecode="11538546251"><general><startdate>2025-06-28 08:01:19</startdate>
<round>1</round>
<failsafecounter/>
<players><player seat="10" name="oreiasccp" chips="410" dealer="0" win="45" bet="35" muck="1" rebuy="0" addon="0" merge="0" rebuychips="0" reg_code="8393522680"/>
<player seat="3" name="Amlianeni" chips="555" dealer="1" win="0" bet="5" muck="1" rebuy="0" addon="0" merge="0" rebuychips="0" reg_code="8393522667"/>
<player seat="6" name="kojak5773" chips="535" dealer="0" win="0" bet="20" muck="1" rebuy="0" addon="0" merge="0" rebuychips="0" reg_code="8393522674"/>
</players>
</general>
<round no="0"><action no="1" player="kojak5773" type="15" discard="1" dealt="1" sum="5"/>
<action no="2" player="oreiasccp" type="15" sum="5"/>
<action no="3" player="Amlianeni" type="15" discard="1" dealt="1" sum="5"/>
<action no="4" player="kojak5773" type="1" discard="1" dealt="1" sum="15"/>
<action no="5" player="oreiasccp" type="2" sum="30"/>
</round>
<round no="1"><cards type="Pocket" player="Amlianeni">X X</cards>
<cards type="Pocket" player="kojak5773">X X</cards>
<cards type="Pocket" player="oreiasccp">CJ H5</cards>
<action no="6" player="Amlianeni" type="0" discard="1" dealt="1" sum="0"/>
<action no="7" player="kojak5773" type="0" discard="1" dealt="1" sum="0"/>
</round>
</game>
<game gamecode="11538546278"><general><startdate>2025-06-28 08:01:28</startdate>
<round>1</round>
<failsafecounter/>
<players><player seat="3" name="Amlianeni" chips="550" dealer="0" win="0" bet="35" muck="1" rebuy="0" addon="0" merge="0" rebuychips="0" reg_code="8393522667"/>
<player seat="6" name="kojak5773" chips="515" dealer="1" win="90" bet="515" muck="1" rebuy="0" addon="0" merge="0" rebuychips="0" reg_code="8393522674"/>
<player seat="10" name="oreiasccp" chips="435" dealer="0" win="0" bet="20" muck="1" rebuy="0" addon="0" merge="0" rebuychips="0" reg_code="8393522680"/>
</players>
</general>
<round no="0"><action no="1" player="oreiasccp" type="15" sum="5"/>
<action no="2" player="Amlianeni" type="15" discard="1" dealt="1" sum="5"/>
<action no="3" player="kojak5773" type="15" discard="1" dealt="1" sum="5"/>
<action no="4" player="oreiasccp" type="1" sum="15"/>
<action no="5" player="Amlianeni" type="2" discard="1" dealt="1" sum="30"/>
</round>
<round no="1"><cards type="Pocket" player="kojak5773">X X</cards>
<cards type="Pocket" player="oreiasccp">H6 H7</cards>
<cards type="Pocket" player="Amlianeni">X X</cards>
<action no="6" player="kojak5773" type="23" discard="1" dealt="1" sum="510"/>
<action no="7" player="oreiasccp" type="0" sum="0"/>
<action no="8" player="Amlianeni" type="0" discard="1" dealt="1" sum="0"/>
</round>
</game>
<game gamecode="11538546325"><general><startdate>2025-06-28 08:01:42</startdate>
<round>1</round>
<failsafecounter/>
<players><player seat="6" name="kojak5773" chips="570" dealer="0" win="0" bet="515" muck="1" rebuy="0" addon="0" merge="0" rebuychips="0" reg_code="8393522674"/>
<player seat="10" name="oreiasccp" chips="415" dealer="1" win="0" bet="5" muck="1" rebuy="0" addon="0" merge="0" rebuychips="0" reg_code="8393522680"/>
<player seat="3" name="Amlianeni" chips="515" dealer="0" win="1,035" bet="515" muck="0" rebuy="0" addon="0" merge="0" rebuychips="0" reg_code="8393522667"/>
</players>
</general>
<round no="0"><action no="1" player="Amlianeni" type="15" discard="1" dealt="1" sum="5"/>
<action no="2" player="kojak5773" type="15" discard="1" dealt="1" sum="5"/>
<action no="3" player="oreiasccp" type="15" sum="5"/>
<action no="4" player="Amlianeni" type="1" discard="1" dealt="1" sum="20"/>
<action no="5" player="kojak5773" type="2" discard="1" dealt="1" sum="40"/>
</round>
<round no="1"><cards type="Pocket" player="kojak5773">DK S2</cards>
<cards type="Pocket" player="oreiasccp">C5 H3</cards>
<cards type="Pocket" player="Amlianeni">D7 SA</cards>
<action no="6" player="oreiasccp" type="0" sum="0"/>
<action no="7" player="Amlianeni" type="23" discard="1" dealt="1" sum="510"/>
<action no="8" player="kojak5773" type="3" discard="1" dealt="1" sum="470"/>
</round>
<round no="2"><cards type="Flop">S4 H2 C7</cards>
</round>
<round no="3"><cards type="Turn">CA</cards>
</round>
<round no="4"><cards type="River">S9</cards>
</round>
</game>
<game gamecode="11538546385"><general><startdate>2025-06-28 08:02:01</startdate>
<round>1</round>
<failsafecounter/>
<players><player seat="10" name="oreiasccp" chips="410" dealer="0" win="115" bet="55" muck="0" rebuy="0" addon="0" merge="0" rebuychips="0" reg_code="8393522680"/>
<player seat="3" name="Amlianeni" chips="1,035" dealer="1" win="0" bet="5" muck="1" rebuy="0" addon="0" merge="0" rebuychips="0" reg_code="8393522667"/>
<player seat="6" name="kojak5773" chips="55" dealer="0" win="0" bet="55" muck="0" rebuy="0" addon="0" merge="0" rebuychips="0" reg_code="8393522674"/>
</players>
</general>
<round no="0"><action no="1" player="kojak5773" type="15" discard="1" dealt="1" sum="5"/>
<action no="2" player="oreiasccp" type="15" sum="5"/>
<action no="3" player="Amlianeni" type="15" discard="1" dealt="1" sum="5"/>
<action no="4" player="kojak5773" type="1" discard="1" dealt="1" sum="20"/>
<action no="5" player="oreiasccp" type="2" sum="40"/>
</round>
<round no="1"><cards type="Pocket" player="oreiasccp">C6 CQ</cards>
<cards type="Pocket" player="kojak5773">C10 H9</cards>
<cards type="Pocket" player="Amlianeni">X X</cards>
<action no="6" player="Amlianeni" type="0" discard="1" dealt="1" sum="0"/>
<action no="7" player="kojak5773" type="7" discard="1" dealt="1" sum="30"/>
<action no="8" player="oreiasccp" type="3" sum="10"/>
</round>
<round no="2"><cards type="Flop">D2 DQ C3</cards>
</round>
<round no="3"><cards type="Turn">DA</cards>
</round>
<round no="4"><cards type="River">DK</cards>
</round>
</game>
<game gamecode="11538546443"><general><startdate>2025-06-28 08:02:21</startdate>
<round>1</round>
<failsafecounter/>
<players><player seat="3" name="Amlianeni" chips="1,030" dealer="0" win="0" bet="85" muck="1" rebuy="0" addon="0" merge="0" rebuychips="0" reg_code="8393522667"/>
<player seat="10" name="oreiasccp" chips="470" dealer="1" win="170" bet="165" muck="1" rebuy="0" addon="0" merge="0" rebuychips="0" reg_code="8393522680"/>
</players>
</general>
<round no="0"><action no="1" player="oreiasccp" type="15" sum="5"/>
<action no="2" player="Amlianeni" type="15" discard="1" dealt="1" sum="5"/>
<action no="3" player="oreiasccp" type="1" sum="20"/>
<action no="4" player="Amlianeni" type="2" discard="1" dealt="1" sum="40"/>
</round>
<round no="1"><cards type="Pocket" player="Amlianeni">X X</cards>
<cards type="Pocket" player="oreiasccp">CQ C10</cards>
<action no="5" player="oreiasccp" type="3" sum="20"/>
<action no="6" player="Amlianeni" type="4" discard="1" dealt="1" sum="0"/>
</round>
<round no="2"><cards type="Flop">D6 SK C3</cards>
<action no="7" player="Amlianeni" type="4" discard="1" dealt="1" sum="0"/>
<action no="8" player="oreiasccp" type="5" sum="40"/>
<action no="9" player="Amlianeni" type="3" discard="1" dealt="1" sum="40"/>
</round>
<round no="3"><cards type="Turn">CA</cards>
<action no="10" player="Amlianeni" type="4" discard="1" dealt="1" sum="0"/>
<action no="11" player="oreiasccp" type="5" sum="80"/>
<action no="12" player="Amlianeni" type="0" discard="1" dealt="1" sum="0"/>
</round>
</game>
<game gamecode="11538546514"><general><startdate>2025-06-28 08:02:46</startdate>
<round>1</round>
<failsafecounter/>
<players><player seat="10" name="oreiasccp" chips="555" dealer="0" win="0" bet="108" muck="1" rebuy="0" addon="0" merge="0" rebuychips="0" reg_code="8393522680"/>
<player seat="3" name="Amlianeni" chips="945" dealer="1" win="216" bet="108" muck="0" rebuy="0" addon="0" merge="0" rebuychips="0" reg_code="8393522667"/>
</players>
</general>
<round no="0"><action no="1" player="Amlianeni" type="15" discard="1" dealt="1" sum="5"/>
<action no="2" player="oreiasccp" type="15" sum="5"/>
<action no="3" player="Amlianeni" type="1" discard="1" dealt="1" sum="20"/>
<action no="4" player="oreiasccp" type="2" sum="40"/>
</round>
<round no="1"><cards type="Pocket" player="oreiasccp">S7 HK</cards>
<cards type="Pocket" player="Amlianeni">DQ SA</cards>
<action no="5" player="Amlianeni" type="3" discard="1" dealt="1" sum="20"/>
<action no="6" player="oreiasccp" type="4" sum="0"/>
</round>
<round no="2"><cards type="Flop">S2 H2 H4</cards>
<action no="7" player="oreiasccp" type="4" sum="0"/>
<action no="8" player="Amlianeni" type="5" discard="1" dealt="1" sum="63"/>
<action no="9" player="oreiasccp" type="3" sum="63"/>
</round>
<round no="3"><cards type="Turn">HQ</cards>
<action no="10" player="oreiasccp" type="4" sum="0"/>
<action no="11" player="Amlianeni" type="4" discard="1" dealt="1" sum="0"/>
</round>
<round no="4"><cards type="River">D3</cards>
<action no="12" player="oreiasccp" type="4" sum="0"/>
<action no="13" player="Amlianeni" type="4" discard="1" dealt="1" sum="0"/>
</round>
</game>
<game gamecode="11538546582"><general><startdate>2025-06-28 08:03:15</startdate>
<round>1</round>
<failsafecounter/>
<players><player seat="3" name="Amlianeni" chips="1,053" dealer="0" win="0" bet="45" muck="1" rebuy="0" addon="0" merge="0" rebuychips="0" reg_code="8393522667"/>
<player seat="10" name="oreiasccp" chips="447" dealer="1" win="90" bet="447" muck="1" rebuy="0" addon="0" merge="0" rebuychips="0" reg_code="8393522680"/>
</players>
</general>
<round no="0"><action no="1" player="oreiasccp" type="15" sum="5"/>
<action no="2" player="Amlianeni" type="15" discard="1" dealt="1" sum="5"/>
<action no="3" player="oreiasccp" type="1" sum="20"/>
<action no="4" player="Amlianeni" type="2" discard="1" dealt="1" sum="40"/>
</round>
<round no="1"><cards type="Pocket" player="oreiasccp">H3 HA</cards>
<cards type="Pocket" player="Amlianeni">X X</cards>
<action no="5" player="oreiasccp" type="23" sum="442"/>
<action no="6" player="Amlianeni" type="0" discard="1" dealt="1" sum="0"/>
</round>
</game>
<game gamecode="11538546608"><general><startdate>2025-06-28 08:03:24</startdate>
<round>1</round>
<failsafecounter/>
<players><player seat="10" name="oreiasccp" chips="492" dealer="0" win="340" bet="170" muck="0" rebuy="0" addon="0" merge="0" rebuychips="0" reg_code="8393522680"/>
<player seat="3" name="Amlianeni" chips="1,008" dealer="1" win="0" bet="170" muck="1" rebuy="0" addon="0" merge="0" rebuychips="0" reg_code="8393522667"/>
</players>
</general>
<round no="0"><action no="1" player="Amlianeni" type="15" discard="1" dealt="1" sum="5"/>
<action no="2" player="oreiasccp" type="15" sum="5"/>
<action no="3" player="Amlianeni" type="1" discard="1" dealt="1" sum="20"/>
<action no="4" player="oreiasccp" type="2" sum="40"/>
</round>
<round no="1"><cards type="Pocket" player="oreiasccp">S6 H9</cards>
<cards type="Pocket" player="Amlianeni">HJ S7</cards>
<action no="5" player="Amlianeni" type="3" discard="1" dealt="1" sum="20"/>
<action no="6" player="oreiasccp" type="4" sum="0"/>
</round>
<round no="2"><cards type="Flop">H6 D4 DJ</cards>
<action no="7" player="oreiasccp" type="4" sum="0"/>
<action no="8" player="Amlianeni" type="5" discard="1" dealt="1" sum="40"/>
<action no="9" player="oreiasccp" type="3" sum="40"/>
</round>
<round no="3"><cards type="Turn">C9</cards>
<action no="10" player="oreiasccp" type="4" sum="0"/>
<action no="11" player="Amlianeni" type="4" discard="1" dealt="1" sum="0"/>
</round>
<round no="4"><cards type="River">S2</cards>
<action no="12" player="oreiasccp" type="5" sum="85"/>
<action no="13" player="Amlianeni" type="3" discard="1" dealt="1" sum="85"/>
</round>
</game>
<game gamecode="11538546677"><general><startdate>2025-06-28 08:03:47</startdate>
<round>1</round>
<failsafecounter/>
<players><player seat="3" name="Amlianeni" chips="838" dealer="0" win="0" bet="662" muck="1" rebuy="0" addon="0" merge="0" rebuychips="0" reg_code="8393522667"/>
<player seat="10" name="oreiasccp" chips="662" dealer="1" win="1,324" bet="662" muck="0" rebuy="0" addon="0" merge="0" rebuychips="0" reg_code="8393522680"/>
</players>
</general>
<round no="0"><action no="1" player="oreiasccp" type="15" sum="5"/>
<action no="2" player="Amlianeni" type="15" discard="1" dealt="1" sum="5"/>
<action no="3" player="oreiasccp" type="1" sum="30"/>
<action no="4" player="Amlianeni" type="2" discard="1" dealt="1" sum="60"/>
</round>
<round no="1"><cards type="Pocket" player="Amlianeni">D9 CA</cards>
<cards type="Pocket" player="oreiasccp">DQ SK</cards>
<action no="5" player="oreiasccp" type="23" sum="657"/>
<action no="6" player="Amlianeni" type="3" discard="1" dealt="1" sum="597"/>
</round>
<round no="2"><cards type="Flop">H8 SQ S7</cards>
</round>
<round no="3"><cards type="Turn">DJ</cards>
</round>
<round no="4"><cards type="River">H7</cards>
</round>
</game>
<game gamecode="11538546714"><general><startdate>2025-06-28 08:04:04</startdate>
<round>1</round>
<failsafecounter/>
<players><player seat="10" name="oreiasccp" chips="1,324" dealer="0" win="0" bet="65" muck="1" rebuy="0" addon="0" merge="0" rebuychips="0" reg_code="8393522680"/>
<player seat="3" name="Amlianeni" chips="176" dealer="1" win="130" bet="176" muck="1" rebuy="0" addon="0" merge="0" rebuychips="0" reg_code="8393522667"/>
</players>
</general>
<round no="0"><action no="1" player="Amlianeni" type="15" discard="1" dealt="1" sum="5"/>
<action no="2" player="oreiasccp" type="15" sum="5"/>
<action no="3" player="Amlianeni" type="1" discard="1" dealt="1" sum="30"/>
<action no="4" player="oreiasccp" type="2" sum="60"/>
</round>
<round no="1"><cards type="Pocket" player="oreiasccp">D3 S10</cards>
<cards type="Pocket" player="Amlianeni">X X</cards>
<action no="5" player="Amlianeni" type="23" discard="1" dealt="1" sum="171"/>
<action no="6" player="oreiasccp" type="0" sum="0"/>
</round>
</game>
<game gamecode="11538546740"><general><startdate>2025-06-28 08:04:13</startdate>
<round>1</round>
<failsafecounter/>
<players><player seat="3" name="Amlianeni" chips="241" dealer="0" win="0" bet="65" muck="1" rebuy="0" addon="0" merge="0" rebuychips="0" reg_code="8393522667"/>
<player seat="10" name="oreiasccp" chips="1,259" dealer="1" win="130" bet="241" muck="1" rebuy="0" addon="0" merge="0" rebuychips="0" reg_code="8393522680"/>
</players>
</general>
<round no="0"><action no="1" player="oreiasccp" type="15" sum="5"/>
<action no="2" player="Amlianeni" type="15" discard="1" dealt="1" sum="5"/>
<action no="3" player="oreiasccp" type="1" sum="30"/>
<action no="4" player="Amlianeni" type="2" discard="1" dealt="1" sum="60"/>
</round>
<round no="1"><cards type="Pocket" player="oreiasccp">C8 C5</cards>
<cards type="Pocket" player="Amlianeni">X X</cards>
<action no="5" player="oreiasccp" type="23" sum="236"/>
<action no="6" player="Amlianeni" type="0" discard="1" dealt="1" sum="0"/>
</round>
</game>
<game gamecode="11538546760"><general><startdate>2025-06-28 08:04:20</startdate>
<round>1</round>
<failsafecounter/>
<players><player seat="10" name="oreiasccp" chips="1,324" dealer="0" win="0" bet="65" muck="1" rebuy="0" addon="0" merge="0" rebuychips="0" reg_code="8393522680"/>
<player seat="3" name="Amlianeni" chips="176" dealer="1" win="130" bet="176" muck="1" rebuy="0" addon="0" merge="0" rebuychips="0" reg_code="8393522667"/>
</players>
</general>
<round no="0"><action no="1" player="Amlianeni" type="15" discard="1" dealt="1" sum="5"/>
<action no="2" player="oreiasccp" type="15" sum="5"/>
<action no="3" player="Amlianeni" type="1" discard="1" dealt="1" sum="30"/>
<action no="4" player="oreiasccp" type="2" sum="60"/>
</round>
<round no="1"><cards type="Pocket" player="Amlianeni">X X</cards>
<cards type="Pocket" player="oreiasccp">D3 CJ</cards>
<action no="5" player="Amlianeni" type="23" discard="1" dealt="1" sum="171"/>
<action no="6" player="oreiasccp" type="0" sum="0"/>
</round>
</game>
<game gamecode="11538554153"><general><startdate>2025-06-28 08:04:28</startdate>
<round>1</round>
<failsafecounter/>
<players><player seat="3" name="Amlianeni" chips="241" dealer="0" win="0" bet="65" muck="1" rebuy="0" addon="0" merge="0" rebuychips="0" reg_code="8393522667"/>
<player seat="10" name="oreiasccp" chips="1,259" dealer="1" win="130" bet="241" muck="1" rebuy="0" addon="0" merge="0" rebuychips="0" reg_code="8393522680"/>
</players>
</general>
<round no="0"><action no="1" player="oreiasccp" type="15" sum="5"/>
<action no="2" player="Amlianeni" type="15" discard="1" dealt="1" sum="5"/>
<action no="3" player="oreiasccp" type="1" sum="30"/>
<action no="4" player="Amlianeni" type="2" discard="1" dealt="1" sum="60"/>
</round>
<round no="1"><cards type="Pocket" player="oreiasccp">H2 CQ</cards>
<cards type="Pocket" player="Amlianeni">X X</cards>
<action no="5" player="oreiasccp" type="23" sum="236"/>
<action no="6" player="Amlianeni" type="0" discard="1" dealt="1" sum="0"/>
</round>
</game>
<game gamecode="11538554181"><general><startdate>2025-06-28 08:04:36</startdate>
<round>1</round>
<failsafecounter/>
<players><player seat="10" name="oreiasccp" chips="1,324" dealer="0" win="0" bet="176" muck="1" rebuy="0" addon="0" merge="0" rebuychips="0" reg_code="8393522680"/>
<player seat="3" name="Amlianeni" chips="176" dealer="1" win="352" bet="176" muck="0" rebuy="0" addon="0" merge="0" rebuychips="0" reg_code="8393522667"/>
</players>
</general>
<round no="0"><action no="1" player="Amlianeni" type="15" discard="1" dealt="1" sum="5"/>
<action no="2" player="oreiasccp" type="15" sum="5"/>
<action no="3" player="Amlianeni" type="1" discard="1" dealt="1" sum="30"/>
<action no="4" player="oreiasccp" type="2" sum="60"/>
</round>
<round no="1"><cards type="Pocket" player="Amlianeni">C5 H10</cards>
<cards type="Pocket" player="oreiasccp">CJ H5</cards>
<action no="5" player="Amlianeni" type="23" discard="1" dealt="1" sum="171"/>
<action no="6" player="oreiasccp" type="3" sum="111"/>
</round>
<round no="2"><cards type="Flop">D5 C10 C3</cards>
</round>
<round no="3"><cards type="Turn">SQ</cards>
</round>
<round no="4"><cards type="River">DK</cards>
</round>
</game>
<game gamecode="11538554234"><general><startdate>2025-06-28 08:04:56</startdate>
<round>1</round>
<failsafecounter/>
<players><player seat="3" name="Amlianeni" chips="352" dealer="0" win="70" bet="65" muck="1" rebuy="0" addon="0" merge="0" rebuychips="0" reg_code="8393522667"/>
<player seat="10" name="oreiasccp" chips="1,148" dealer="1" win="0" bet="35" muck="1" rebuy="0" addon="0" merge="0" rebuychips="0" reg_code="8393522680"/>
</players>
</general>
<round no="0"><action no="1" player="oreiasccp" type="15" sum="5"/>
<action no="2" player="Amlianeni" type="15" discard="1" dealt="1" sum="5"/>
<action no="3" player="oreiasccp" type="1" sum="30"/>
<action no="4" player="Amlianeni" type="2" discard="1" dealt="1" sum="60"/>
</round>
<round no="1"><cards type="Pocket" player="oreiasccp">C7 H8</cards>
<cards type="Pocket" player="Amlianeni">X X</cards>
<action no="5" player="oreiasccp" type="0" sum="0"/>
</round>
</game>
<game gamecode="11538554257"><general><startdate>2025-06-28 08:05:03</startdate>
<round>1</round>
<failsafecounter/>
<players><player seat="10" name="oreiasccp" chips="1,113" dealer="0" win="0" bet="65" muck="1" rebuy="0" addon="0" merge="0" rebuychips="0" reg_code="8393522680"/>
<player seat="3" name="Amlianeni" chips="387" dealer="1" win="130" bet="387" muck="1" rebuy="0" addon="0" merge="0" rebuychips="0" reg_code="8393522667"/>
</players>
</general>
<round no="0"><action no="1" player="Amlianeni" type="15" discard="1" dealt="1" sum="5"/>
<action no="2" player="oreiasccp" type="15" sum="5"/>
<action no="3" player="Amlianeni" type="1" discard="1" dealt="1" sum="30"/>
<action no="4" player="oreiasccp" type="2" sum="60"/>
</round>
<round no="1"><cards type="Pocket" player="Amlianeni">X X</cards>
<cards type="Pocket" player="oreiasccp">S6 S2</cards>
<action no="5" player="Amlianeni" type="23" discard="1" dealt="1" sum="382"/>
<action no="6" player="oreiasccp" type="0" sum="0"/>
</round>
</game>
<game gamecode="11538554274"><general><startdate>2025-06-28 08:05:11</startdate>
<round>1</round>
<failsafecounter/>
<players><player seat="3" name="Amlianeni" chips="452" dealer="0" win="130" bet="452" muck="1" rebuy="0" addon="0" merge="0" rebuychips="0" reg_code="8393522667"/>
<player seat="10" name="oreiasccp" chips="1,048" dealer="1" win="0" bet="65" muck="1" rebuy="0" addon="0" merge="0" rebuychips="0" reg_code="8393522680"/>
</players>
</general>
<round no="0"><action no="1" player="oreiasccp" type="15" sum="5"/>
<action no="2" player="Amlianeni" type="15" discard="1" dealt="1" sum="5"/>
<action no="3" player="oreiasccp" type="1" sum="30"/>
<action no="4" player="Amlianeni" type="2" discard="1" dealt="1" sum="60"/>
</round>
<round no="1"><cards type="Pocket" player="oreiasccp">H6 DQ</cards>
<cards type="Pocket" player="Amlianeni">X X</cards>
<action no="5" player="oreiasccp" type="3" sum="30"/>
<action no="6" player="Amlianeni" type="4" discard="1" dealt="1" sum="0"/>
</round>
<round no="2"><cards type="Flop">H8 HJ H4</cards>
<action no="7" player="Amlianeni" type="5" discard="1" dealt="1" sum="387"/>
<action no="8" player="oreiasccp" type="0" sum="0"/>
</round>
</game>
<game gamecode="11538554313"><general><startdate>2025-06-28 08:05:26</startdate>
<round>1</round>
<failsafecounter/>
<players><player seat="10" name="oreiasccp" chips="983" dealer="0" win="130" bet="517" muck="1" rebuy="0" addon="0" merge="0" rebuychips="0" reg_code="8393522680"/>
<player seat="3" name="Amlianeni" chips="517" dealer="1" win="0" bet="65" muck="1" rebuy="0" addon="0" merge="0" rebuychips="0" reg_code="8393522667"/>
</players>
</general>
<round no="0"><action no="1" player="Amlianeni" type="15" discard="1" dealt="1" sum="5"/>
<action no="2" player="oreiasccp" type="15" sum="5"/>
<action no="3" player="Amlianeni" type="1" discard="1" dealt="1" sum="30"/>
<action no="4" player="oreiasccp" type="2" sum="60"/>
</round>
<round no="1"><cards type="Pocket" player="Amlianeni">X X</cards>
<cards type="Pocket" player="oreiasccp">H6 DK</cards>
<action no="5" player="Amlianeni" type="3" discard="1" dealt="1" sum="30"/>
<action no="6" player="oreiasccp" type="23" sum="512"/>
<action no="7" player="Amlianeni" type="0" discard="1" dealt="1" sum="0"/>
</round>
</game>
<game gamecode="11538554354"><general><startdate>2025-06-28 08:05:39</startdate>
<round>1</round>
<failsafecounter/>
<players><player seat="3" name="Amlianeni" chips="452" dealer="0" win="96" bet="88" muck="1" rebuy="0" addon="0" merge="0" rebuychips="0" reg_code="8393522667"/>
<player seat="10" name="oreiasccp" chips="1,048" dealer="1" win="0" bet="48" muck="1" rebuy="0" addon="0" merge="0" rebuychips="0" reg_code="8393522680"/>
</players>
</general>
<round no="0"><action no="1" player="oreiasccp" type="15" sum="8"/>
<action no="2" player="Amlianeni" type="15" discard="1" dealt="1" sum="8"/>
<action no="3" player="oreiasccp" type="1" sum="40"/>
<action no="4" player="Amlianeni" type="2" discard="1" dealt="1" sum="80"/>
</round>
<round no="1"><cards type="Pocket" player="Amlianeni">X X</cards>
<cards type="Pocket" player="oreiasccp">H3 C10</cards>
<action no="5" player="oreiasccp" type="0" sum="0"/>
</round>
</game>
<game gamecode="11538554372"><general><startdate>2025-06-28 08:05:45</startdate>
<round>1</round>
<failsafecounter/>
<players><player seat="10" name="oreiasccp" chips="1,000" dealer="0" win="0" bet="500" muck="1" rebuy="0" addon="0" merge="0" rebuychips="0" reg_code="8393522680"/>
<player seat="3" name="Amlianeni" chips="500" dealer="1" win="1,000" bet="500" muck="0" rebuy="0" addon="0" merge="0" rebuychips="0" reg_code="8393522667"/>
</players>
</general>
<round no="0"><action no="1" player="Amlianeni" type="15" discard="1" dealt="1" sum="8"/>
<action no="2" player="oreiasccp" type="15" sum="8"/>
<action no="3" player="Amlianeni" type="1" discard="1" dealt="1" sum="40"/>
<action no="4" player="oreiasccp" type="2" sum="80"/>
</round>
<round no="1"><cards type="Pocket" player="oreiasccp">D3 SK</cards>
<cards type="Pocket" player="Amlianeni">D7 C7</cards>
<action no="5" player="Amlianeni" type="23" discard="1" dealt="1" sum="492"/>
<action no="6" player="oreiasccp" type="3" sum="412"/>
</round>
<round no="2"><cards type="Flop">H2 C9 HA</cards>
</round>
<round no="3"><cards type="Turn">SJ</cards>
</round>
<round no="4"><cards type="River">S9</cards>
</round>
</game>
<game gamecode="11538554421"><general><startdate>2025-06-28 08:06:03</startdate>
<round>1</round>
<failsafecounter/>
<players><player seat="3" name="Amlianeni" chips="1,000" dealer="0" win="96" bet="88" muck="1" rebuy="0" addon="0" merge="0" rebuychips="0" reg_code="8393522667"/>
<player seat="10" name="oreiasccp" chips="500" dealer="1" win="0" bet="48" muck="1" rebuy="0" addon="0" merge="0" rebuychips="0" reg_code="8393522680"/>
</players>
</general>
<round no="0"><action no="1" player="oreiasccp" type="15" sum="8"/>
<action no="2" player="Amlianeni" type="15" discard="1" dealt="1" sum="8"/>
<action no="3" player="oreiasccp" type="1" sum="40"/>
<action no="4" player="Amlianeni" type="2" discard="1" dealt="1" sum="80"/>
</round>
<round no="1"><cards type="Pocket" player="Amlianeni">X X</cards>
<cards type="Pocket" player="oreiasccp">H2 C6</cards>
<action no="5" player="oreiasccp" type="0" sum="0"/>
</round>
</game>
<game gamecode="11538554436"><general><startdate>2025-06-28 08:06:08</startdate>
<round>1</round>
<failsafecounter/>
<players><player seat="10" name="oreiasccp" chips="452" dealer="0" win="0" bet="452" muck="1" rebuy="0" addon="0" merge="0" rebuychips="0" reg_code="8393522680"/>
<player seat="3" name="Amlianeni" chips="1,048" dealer="1" win="904" bet="568" muck="0" rebuy="0" addon="0" merge="0" rebuychips="0" reg_code="8393522667"/>
</players>
</general>
<round no="0"><action no="1" player="Amlianeni" type="15" discard="1" dealt="1" sum="8"/>
<action no="2" player="oreiasccp" type="15" sum="8"/>
<action no="3" player="Amlianeni" type="1" discard="1" dealt="1" sum="40"/>
<action no="4" player="oreiasccp" type="2" sum="80"/>
</round>
<round no="1"><cards type="Pocket" player="oreiasccp">SQ HJ</cards>
<cards type="Pocket" player="Amlianeni">C6 HA</cards>
<action no="5" player="Amlianeni" type="23" discard="1" dealt="1" sum="560"/>
<action no="6" player="oreiasccp" type="7" sum="364"/>
</round>
<round no="2"><cards type="Flop">S5 S8 SA</cards>
</round>
<round no="3"><cards type="Turn">HQ</cards>
</round>
<round no="4"><cards type="River">D2</cards>
</round>
</game>
</session>
