<?xml version="1.0" encoding="UTF-8"?>
<session sessioncode="8393521812">
<general>
<client_version>25.1.1.13</client_version>
<mode>real</mode>
<gametype>Holdem NL</gametype>
<tablename>Twister €5 SNG, 1128746901</tablename>
<tournamentcode>1128746900</tournamentcode>
<tournamentname>Twister €5 SNG</tournamentname>
<buyin>€0 + €0.35 + €4.65</buyin>
<totalbuyin>€5</totalbuyin>
<rewarddrawn>€15</rewarddrawn>
<tournamentcurrency>EUR</tournamentcurrency>
<currency>EUR</currency>
<nickname>oreiasccp</nickname>
<gamecount>24</gamecount>
<startdate>2025-06-28 07:54:01</startdate>
<place>3</place>
<win>€0</win>
<tablesize>3</tablesize>
</general>
<game gamecode="11538541420"><general><startdate>2025-06-28 07:54:16</startdate>
<round>1</round>
<failsafecounter/>
<players><player seat="10" name="oreiasccp" chips="500" dealer="0" win="20" bet="20" muck="1" rebuy="0" addon="0" merge="0" rebuychips="0" reg_code="8393521812"/>
<player seat="3" name="Skyder19" chips="500" dealer="1" win="0" bet="0" muck="1" rebuy="0" addon="0" merge="0" rebuychips="0" reg_code="8393521628"/>
<player seat="6" name="Defended" chips="500" dealer="0" win="0" bet="10" muck="1" rebuy="0" addon="0" merge="0" rebuychips="0" reg_code="8393521700"/>
</players>
</general>
<round no="0"><action no="1" player="Defended" type="1" discard="1" dealt="1" sum="10"/>
<action no="2" player="oreiasccp" type="2" sum="20"/>
</round>
<round no="1"><cards type="Pocket" player="oreiasccp">H9 S10</cards>
<cards type="Pocket" player="Defended">X X</cards>
<cards type="Pocket" player="Skyder19">X X</cards>
<action no="3" player="Skyder19" type="0" discard="1" dealt="1" sum="0"/>
<action no="4" player="Defended" type="0" discard="1" dealt="1" sum="0"/>
</round>
</game>
<game gamecode="11538541447"><general><startdate>2025-06-28 07:54:25</startdate>
<round>1</round>
<failsafecounter/>
<players><player seat="3" name="Skyder19" chips="500" dealer="0" win="0" bet="60" muck="1" rebuy="0" addon="0" merge="0" rebuychips="0" reg_code="8393521628"/>
<player seat="6" name="Defended" chips="490" dealer="1" win="0" bet="0" muck="1" rebuy="0" addon="0" merge="0" rebuychips="0" reg_code="8393521700"/>
<player seat="10" name="oreiasccp" chips="510" dealer="0" win="120" bet="90" muck="1" rebuy="0" addon="0" merge="0" rebuychips="0" reg_code="8393521812"/>
</players>
</general>
<round no="0"><action no="1" player="oreiasccp" type="1" sum="10"/>
<action no="2" player="Skyder19" type="2" discard="1" dealt="1" sum="20"/>
</round>
<round no="1"><cards type="Pocket" player="Defended">X X</cards>
<cards type="Pocket" player="oreiasccp">CQ SQ</cards>
<cards type="Pocket" player="Skyder19">X X</cards>
<action no="3" player="Defended" type="0" discard="1" dealt="1" sum="0"/>
<action no="4" player="oreiasccp" type="23" sum="60"/>
<action no="5" player="Skyder19" type="3" discard="1" dealt="1" sum="40"/>
</round>
<round no="2"><cards type="Flop">D9 DA H5</cards>
<action no="6" player="oreiasccp" type="5" sum="30"/>
<action no="7" player="Skyder19" type="0" discard="1" dealt="1" sum="0"/>
</round>
</game>
<game gamecode="11538541497"><general><startdate>2025-06-28 07:54:46</startdate>
<round>1</round>
<failsafecounter/>
<players><player seat="6" name="Defended" chips="490" dealer="0" win="20" bet="20" muck="1" rebuy="0" addon="0" merge="0" rebuychips="0" reg_code="8393521700"/>
<player seat="10" name="oreiasccp" chips="570" dealer="1" win="0" bet="0" muck="1" rebuy="0" addon="0" merge="0" rebuychips="0" reg_code="8393521812"/>
<player seat="3" name="Skyder19" chips="440" dealer="0" win="0" bet="10" muck="1" rebuy="0" addon="0" merge="0" rebuychips="0" reg_code="8393521628"/>
</players>
</general>
<round no="0"><action no="1" player="Skyder19" type="1" discard="1" dealt="1" sum="10"/>
<action no="2" player="Defended" type="2" discard="1" dealt="1" sum="20"/>
</round>
<round no="1"><cards type="Pocket" player="oreiasccp">S4 C6</cards>
<cards type="Pocket" player="Defended">X X</cards>
<cards type="Pocket" player="Skyder19">X X</cards>
<action no="3" player="oreiasccp" type="0" sum="0"/>
<action no="4" player="Skyder19" type="0" discard="1" dealt="1" sum="0"/>
</round>
</game>
<game gamecode="11538545140"><general><startdate>2025-06-28 07:55:02</startdate>
<round>1</round>
<failsafecounter/>
<players><player seat="10" name="oreiasccp" chips="570" dealer="0" win="0" bet="40" muck="1" rebuy="0" addon="0" merge="0" rebuychips="0" reg_code="8393521812"/>
<player seat="3" name="Skyder19" chips="430" dealer="1" win="90" bet="67" muck="1" rebuy="0" addon="0" merge="0" rebuychips="0" reg_code="8393521628"/>
<player seat="6" name="Defended" chips="500" dealer="0" win="0" bet="10" muck="1" rebuy="0" addon="0" merge="0" rebuychips="0" reg_code="8393521700"/>
</players>
</general>
<round no="0"><action no="1" player="Defended" type="1" discard="1" dealt="1" sum="10"/>
<action no="2" player="oreiasccp" type="2" sum="20"/>
</round>
<round no="1"><cards type="Pocket" player="Skyder19">X X</cards>
<cards type="Pocket" player="oreiasccp">H3 CK</cards>
<cards type="Pocket" player="Defended">X X</cards>
<action no="3" player="Skyder19" type="23" discard="1" dealt="1" sum="40"/>
<action no="4" player="Defended" type="0" discard="1" dealt="1" sum="0"/>
<action no="5" player="oreiasccp" type="3" sum="20"/>
</round>
<round no="2"><cards type="Flop">D8 C10 S7</cards>
<action no="6" player="oreiasccp" type="4" sum="0"/>
<action no="7" player="Skyder19" type="5" discard="1" dealt="1" sum="27"/>
<action no="8" player="oreiasccp" type="0" sum="0"/>
</round>
</game>
<game gamecode="11538545230"><general><startdate>2025-06-28 07:55:34</startdate>
<round>1</round>
<failsafecounter/>
<players><player seat="3" name="Skyder19" chips="480" dealer="0" win="0" bet="20" muck="1" rebuy="0" addon="0" merge="0" rebuychips="0" reg_code="8393521628"/>
<player seat="6" name="Defended" chips="490" dealer="1" win="140" bet="158" muck="1" rebuy="0" addon="0" merge="0" rebuychips="0" reg_code="8393521700"/>
<player seat="10" name="oreiasccp" chips="530" dealer="0" win="0" bet="60" muck="1" rebuy="0" addon="0" merge="0" rebuychips="0" reg_code="8393521812"/>
</players>
</general>
<round no="0"><action no="1" player="oreiasccp" type="1" sum="10"/>
<action no="2" player="Skyder19" type="2" discard="1" dealt="1" sum="20"/>
</round>
<round no="1"><cards type="Pocket" player="Skyder19">X X</cards>
<cards type="Pocket" player="Defended">X X</cards>
<cards type="Pocket" player="oreiasccp">SQ HK</cards>
<action no="3" player="Defended" type="23" discard="1" dealt="1" sum="60"/>
<action no="4" player="oreiasccp" type="3" sum="50"/>
<action no="5" player="Skyder19" type="0" discard="1" dealt="1" sum="0"/>
</round>
<round no="2"><cards type="Flop">H5 SJ H6</cards>
<action no="6" player="oreiasccp" type="4" sum="0"/>
<action no="7" player="Defended" type="5" discard="1" dealt="1" sum="98"/>
<action no="8" player="oreiasccp" type="0" sum="0"/>
</round>
</game>
<game gamecode="11538545333"><general><startdate>2025-06-28 07:56:14</startdate>
<round>1</round>
<failsafecounter/>
<players><player seat="6" name="Defended" chips="570" dealer="0" win="0" bet="35" muck="1" rebuy="0" addon="0" merge="0" rebuychips="0" reg_code="8393521700"/>
<player seat="10" name="oreiasccp" chips="470" dealer="1" win="0" bet="65" muck="1" rebuy="0" addon="0" merge="0" rebuychips="0" reg_code="8393521812"/>
<player seat="3" name="Skyder19" chips="460" dealer="0" win="165" bet="460" muck="1" rebuy="0" addon="0" merge="0" rebuychips="0" reg_code="8393521628"/>
</players>
</general>
<round no="0"><action no="1" player="Skyder19" type="15" discard="1" dealt="1" sum="5"/>
<action no="2" player="Defended" type="15" discard="1" dealt="1" sum="5"/>
<action no="3" player="oreiasccp" type="15" sum="5"/>
<action no="4" player="Skyder19" type="1" discard="1" dealt="1" sum="15"/>
<action no="5" player="Defended" type="2" discard="1" dealt="1" sum="30"/>
</round>
<round no="1"><cards type="Pocket" player="Defended">X X</cards>
<cards type="Pocket" player="oreiasccp">C10 CJ</cards>
<cards type="Pocket" player="Skyder19">X X</cards>
<action no="6" player="oreiasccp" type="23" sum="60"/>
<action no="7" player="Skyder19" type="23" discard="1" dealt="1" sum="455"/>
<action no="8" player="Defended" type="0" discard="1" dealt="1" sum="0"/>
<action no="9" player="oreiasccp" type="0" sum="0"/>
</round>
</game>
<game gamecode="11538545368"><general><startdate>2025-06-28 07:56:28</startdate>
<round>1</round>
<failsafecounter/>
<players><player seat="10" name="oreiasccp" chips="405" dealer="0" win="45" bet="35" muck="1" rebuy="0" addon="0" merge="0" rebuychips="0" reg_code="8393521812"/>
<player seat="3" name="Skyder19" chips="560" dealer="1" win="0" bet="5" muck="1" rebuy="0" addon="0" merge="0" rebuychips="0" reg_code="8393521628"/>
<player seat="6" name="Defended" chips="535" dealer="0" win="0" bet="20" muck="1" rebuy="0" addon="0" merge="0" rebuychips="0" reg_code="8393521700"/>
</players>
</general>
<round no="0"><action no="1" player="Defended" type="15" discard="1" dealt="1" sum="5"/>
<action no="2" player="oreiasccp" type="15" sum="5"/>
<action no="3" player="Skyder19" type="15" discard="1" dealt="1" sum="5"/>
<action no="4" player="Defended" type="1" discard="1" dealt="1" sum="15"/>
<action no="5" player="oreiasccp" type="2" sum="30"/>
</round>
<round no="1"><cards type="Pocket" player="oreiasccp">SJ C7</cards>
<cards type="Pocket" player="Skyder19">X X</cards>
<cards type="Pocket" player="Defended">X X</cards>
<action no="6" player="Skyder19" type="0" discard="1" dealt="1" sum="0"/>
<action no="7" player="Defended" type="0" discard="1" dealt="1" sum="0"/>
</round>
</game>
<game gamecode="11538545388"><general><startdate>2025-06-28 07:56:35</startdate>
<round>1</round>
<failsafecounter/>
<players><player seat="3" name="Skyder19" chips="555" dealer="0" win="45" bet="35" muck="1" rebuy="0" addon="0" merge="0" rebuychips="0" reg_code="8393521628"/>
<player seat="6" name="Defended" chips="515" dealer="1" win="0" bet="5" muck="1" rebuy="0" addon="0" merge="0" rebuychips="0" reg_code="8393521700"/>
<player seat="10" name="oreiasccp" chips="430" dealer="0" win="0" bet="20" muck="1" rebuy="0" addon="0" merge="0" rebuychips="0" reg_code="8393521812"/>
</players>
</general>
<round no="0"><action no="1" player="oreiasccp" type="15" sum="5"/>
<action no="2" player="Skyder19" type="15" discard="1" dealt="1" sum="5"/>
<action no="3" player="Defended" type="15" discard="1" dealt="1" sum="5"/>
<action no="4" player="oreiasccp" type="1" sum="15"/>
<action no="5" player="Skyder19" type="2" discard="1" dealt="1" sum="30"/>
</round>
<round no="1"><cards type="Pocket" player="Defended">X X</cards>
<cards type="Pocket" player="oreiasccp">S7 D2</cards>
<cards type="Pocket" player="Skyder19">X X</cards>
<action no="6" player="Defended" type="0" discard="1" dealt="1" sum="0"/>
<action no="7" player="oreiasccp" type="0" sum="0"/>
</round>
</game>
<game gamecode="11538545419"><general><startdate>2025-06-28 07:56:48</startdate>
<round>1</round>
<failsafecounter/>
<players><player seat="6" name="Defended" chips="510" dealer="0" win="0" bet="35" muck="1" rebuy="0" addon="0" merge="0" rebuychips="0" reg_code="8393521700"/>
<player seat="10" name="oreiasccp" chips="410" dealer="1" win="0" bet="5" muck="1" rebuy="0" addon="0" merge="0" rebuychips="0" reg_code="8393521812"/>
<player seat="3" name="Skyder19" chips="580" dealer="0" win="75" bet="580" muck="1" rebuy="0" addon="0" merge="0" rebuychips="0" reg_code="8393521628"/>
</players>
</general>
<round no="0"><action no="1" player="Skyder19" type="15" discard="1" dealt="1" sum="5"/>
<action no="2" player="Defended" type="15" discard="1" dealt="1" sum="5"/>
<action no="3" player="oreiasccp" type="15" sum="5"/>
<action no="4" player="Skyder19" type="1" discard="1" dealt="1" sum="15"/>
<action no="5" player="Defended" type="2" discard="1" dealt="1" sum="30"/>
</round>
<round no="1"><cards type="Pocket" player="Defended">X X</cards>
<cards type="Pocket" player="oreiasccp">S6 DQ</cards>
<cards type="Pocket" player="Skyder19">X X</cards>
<action no="6" player="oreiasccp" type="0" sum="0"/>
<action no="7" player="Skyder19" type="23" discard="1" dealt="1" sum="575"/>
<action no="8" player="Defended" type="0" discard="1" dealt="1" sum="0"/>
</round>
</game>
<game gamecode="11538545453"><general><startdate>2025-06-28 07:57:01</startdate>
<round>1</round>
<failsafecounter/>
<players><player seat="10" name="oreiasccp" chips="405" dealer="0" win="45" bet="35" muck="1" rebuy="0" addon="0" merge="0" rebuychips="0" reg_code="8393521812"/>
<player seat="3" name="Skyder19" chips="620" dealer="1" win="0" bet="5" muck="1" rebuy="0" addon="0" merge="0" rebuychips="0" reg_code="8393521628"/>
<player seat="6" name="Defended" chips="475" dealer="0" win="0" bet="20" muck="1" rebuy="0" addon="0" merge="0" rebuychips="0" reg_code="8393521700"/>
</players>
</general>
<round no="0"><action no="1" player="Defended" type="15" discard="1" dealt="1" sum="5"/>
<action no="2" player="oreiasccp" type="15" sum="5"/>
<action no="3" player="Skyder19" type="15" discard="1" dealt="1" sum="5"/>
<action no="4" player="Defended" type="1" discard="1" dealt="1" sum="15"/>
<action no="5" player="oreiasccp" type="2" sum="30"/>
</round>
<round no="1"><cards type="Pocket" player="Defended">X X</cards>
<cards type="Pocket" player="oreiasccp">SK H4</cards>
<cards type="Pocket" player="Skyder19">X X</cards>
<action no="6" player="Skyder19" type="0" discard="1" dealt="1" sum="0"/>
<action no="7" player="Defended" type="0" discard="1" dealt="1" sum="0"/>
</round>
</game>
<game gamecode="11538545487"><general><startdate>2025-06-28 07:57:12</startdate>
<round>1</round>
<failsafecounter/>
<players><player seat="3" name="Skyder19" chips="615" dealer="0" win="0" bet="35" muck="1" rebuy="0" addon="0" merge="0" rebuychips="0" reg_code="8393521628"/>
<player seat="6" name="Defended" chips="455" dealer="1" win="0" bet="5" muck="1" rebuy="0" addon="0" merge="0" rebuychips="0" reg_code="8393521700"/>
<player seat="10" name="oreiasccp" chips="430" dealer="0" win="75" bet="430" muck="1" rebuy="0" addon="0" merge="0" rebuychips="0" reg_code="8393521812"/>
</players>
</general>
<round no="0"><action no="1" player="oreiasccp" type="15" sum="5"/>
<action no="2" player="Skyder19" type="15" discard="1" dealt="1" sum="5"/>
<action no="3" player="Defended" type="15" discard="1" dealt="1" sum="5"/>
<action no="4" player="oreiasccp" type="1" sum="15"/>
<action no="5" player="Skyder19" type="2" discard="1" dealt="1" sum="30"/>
</round>
<round no="1"><cards type="Pocket" player="Defended">X X</cards>
<cards type="Pocket" player="oreiasccp">D10 SA</cards>
<cards type="Pocket" player="Skyder19">X X</cards>
<action no="6" player="Defended" type="0" discard="1" dealt="1" sum="0"/>
<action no="7" player="oreiasccp" type="23" sum="425"/>
<action no="8" player="Skyder19" type="0" discard="1" dealt="1" sum="0"/>
</round>
</game>
<game gamecode="11538545525"><general><startdate>2025-06-28 07:57:25</startdate>
<round>1</round>
<failsafecounter/>
<players><player seat="6" name="Defended" chips="450" dealer="0" win="45" bet="35" muck="1" rebuy="0" addon="0" merge="0" rebuychips="0" reg_code="8393521700"/>
<player seat="10" name="oreiasccp" chips="470" dealer="1" win="0" bet="5" muck="1" rebuy="0" addon="0" merge="0" rebuychips="0" reg_code="8393521812"/>
<player seat="3" name="Skyder19" chips="580" dealer="0" win="0" bet="20" muck="1" rebuy="0" addon="0" merge="0" rebuychips="0" reg_code="8393521628"/>
</players>
</general>
<round no="0"><action no="1" player="Skyder19" type="15" discard="1" dealt="1" sum="5"/>
<action no="2" player="Defended" type="15" discard="1" dealt="1" sum="5"/>
<action no="3" player="oreiasccp" type="15" sum="5"/>
<action no="4" player="Skyder19" type="1" discard="1" dealt="1" sum="15"/>
<action no="5" player="Defended" type="2" discard="1" dealt="1" sum="30"/>
</round>
<round no="1"><cards type="Pocket" player="Skyder19">X X</cards>
<cards type="Pocket" player="oreiasccp">CK D8</cards>
<cards type="Pocket" player="Defended">X X</cards>
<action no="6" player="oreiasccp" type="0" sum="0"/>
<action no="7" player="Skyder19" type="0" discard="1" dealt="1" sum="0"/>
</round>
</game>
<game gamecode="11538545544"><general><startdate>2025-06-28 07:57:32</startdate>
<round>1</round>
<failsafecounter/>
<players><player seat="10" name="oreiasccp" chips="465" dealer="0" win="0" bet="35" muck="1" rebuy="0" addon="0" merge="0" rebuychips="0" reg_code="8393521812"/>
<player seat="3" name="Skyder19" chips="560" dealer="1" win="90" bet="65" muck="1" rebuy="0" addon="0" merge="0" rebuychips="0" reg_code="8393521628"/>
<player seat="6" name="Defended" chips="475" dealer="0" win="0" bet="20" muck="1" rebuy="0" addon="0" merge="0" rebuychips="0" reg_code="8393521700"/>
</players>
</general>
<round no="0"><action no="1" player="Defended" type="15" discard="1" dealt="1" sum="5"/>
<action no="2" player="oreiasccp" type="15" sum="5"/>
<action no="3" player="Skyder19" type="15" discard="1" dealt="1" sum="5"/>
<action no="4" player="Defended" type="1" discard="1" dealt="1" sum="15"/>
<action no="5" player="oreiasccp" type="2" sum="30"/>
</round>
<round no="1"><cards type="Pocket" player="oreiasccp">D4 H6</cards>
<cards type="Pocket" player="Defended">X X</cards>
<cards type="Pocket" player="Skyder19">X X</cards>
<action no="6" player="Skyder19" type="23" discard="1" dealt="1" sum="60"/>
<action no="7" player="Defended" type="0" discard="1" dealt="1" sum="0"/>
<action no="8" player="oreiasccp" type="0" sum="0"/>
</round>
</game>
<game gamecode="11538545589"><general><startdate>2025-06-28 07:57:45</startdate>
<round>1</round>
<failsafecounter/>
<players><player seat="3" name="Skyder19" chips="615" dealer="0" win="45" bet="35" muck="1" rebuy="0" addon="0" merge="0" rebuychips="0" reg_code="8393521628"/>
<player seat="6" name="Defended" chips="455" dealer="1" win="0" bet="5" muck="1" rebuy="0" addon="0" merge="0" rebuychips="0" reg_code="8393521700"/>
<player seat="10" name="oreiasccp" chips="430" dealer="0" win="0" bet="20" muck="1" rebuy="0" addon="0" merge="0" rebuychips="0" reg_code="8393521812"/>
</players>
</general>
<round no="0"><action no="1" player="oreiasccp" type="15" sum="5"/>
<action no="2" player="Skyder19" type="15" discard="1" dealt="1" sum="5"/>
<action no="3" player="Defended" type="15" discard="1" dealt="1" sum="5"/>
<action no="4" player="oreiasccp" type="1" sum="15"/>
<action no="5" player="Skyder19" type="2" discard="1" dealt="1" sum="30"/>
</round>
<round no="1"><cards type="Pocket" player="oreiasccp">S3 D2</cards>
<cards type="Pocket" player="Defended">X X</cards>
<cards type="Pocket" player="Skyder19">X X</cards>
<action no="6" player="Defended" type="0" discard="1" dealt="1" sum="0"/>
<action no="7" player="oreiasccp" type="0" sum="0"/>
</round>
</game>
<game gamecode="11538545649"><general><startdate>2025-06-28 07:58:05</startdate>
<round>1</round>
<failsafecounter/>
<players><player seat="6" name="Defended" chips="450" dealer="0" win="45" bet="35" muck="1" rebuy="0" addon="0" merge="0" rebuychips="0" reg_code="8393521700"/>
<player seat="10" name="oreiasccp" chips="410" dealer="1" win="0" bet="5" muck="1" rebuy="0" addon="0" merge="0" rebuychips="0" reg_code="8393521812"/>
<player seat="3" name="Skyder19" chips="640" dealer="0" win="0" bet="20" muck="1" rebuy="0" addon="0" merge="0" rebuychips="0" reg_code="8393521628"/>
</players>
</general>
<round no="0"><action no="1" player="Skyder19" type="15" discard="1" dealt="1" sum="5"/>
<action no="2" player="Defended" type="15" discard="1" dealt="1" sum="5"/>
<action no="3" player="oreiasccp" type="15" sum="5"/>
<action no="4" player="Skyder19" type="1" discard="1" dealt="1" sum="15"/>
<action no="5" player="Defended" type="2" discard="1" dealt="1" sum="30"/>
</round>
<round no="1"><cards type="Pocket" player="oreiasccp">H7 H9</cards>
<cards type="Pocket" player="Skyder19">X X</cards>
<cards type="Pocket" player="Defended">X X</cards>
<action no="6" player="oreiasccp" type="0" sum="0"/>
<action no="7" player="Skyder19" type="0" discard="1" dealt="1" sum="0"/>
</round>
</game>
<game gamecode="11538545679"><general><startdate>2025-06-28 07:58:16</startdate>
<round>1</round>
<failsafecounter/>
<players><player seat="10" name="oreiasccp" chips="405" dealer="0" win="0" bet="45" muck="1" rebuy="0" addon="0" merge="0" rebuychips="0" reg_code="8393521812"/>
<player seat="3" name="Skyder19" chips="620" dealer="1" win="115" bet="620" muck="1" rebuy="0" addon="0" merge="0" rebuychips="0" reg_code="8393521628"/>
<player seat="6" name="Defended" chips="475" dealer="0" win="0" bet="25" muck="1" rebuy="0" addon="0" merge="0" rebuychips="0" reg_code="8393521700"/>
</players>
</general>
<round no="0"><action no="1" player="Defended" type="15" discard="1" dealt="1" sum="5"/>
<action no="2" player="oreiasccp" type="15" sum="5"/>
<action no="3" player="Skyder19" type="15" discard="1" dealt="1" sum="5"/>
<action no="4" player="Defended" type="1" discard="1" dealt="1" sum="20"/>
<action no="5" player="oreiasccp" type="2" sum="40"/>
</round>
<round no="1"><cards type="Pocket" player="Defended">X X</cards>
<cards type="Pocket" player="Skyder19">X X</cards>
<cards type="Pocket" player="oreiasccp">S10 S2</cards>
<action no="6" player="Skyder19" type="23" discard="1" dealt="1" sum="615"/>
<action no="7" player="Defended" type="0" discard="1" dealt="1" sum="0"/>
<action no="8" player="oreiasccp" type="0" sum="0"/>
</round>
</game>
<game gamecode="11538545715"><general><startdate>2025-06-28 07:58:27</startdate>
<round>1</round>
<failsafecounter/>
<players><player seat="3" name="Skyder19" chips="690" dealer="0" win="0" bet="45" muck="1" rebuy="0" addon="0" merge="0" rebuychips="0" reg_code="8393521628"/>
<player seat="6" name="Defended" chips="450" dealer="1" win="115" bet="85" muck="1" rebuy="0" addon="0" merge="0" rebuychips="0" reg_code="8393521700"/>
<player seat="10" name="oreiasccp" chips="360" dealer="0" win="0" bet="25" muck="1" rebuy="0" addon="0" merge="0" rebuychips="0" reg_code="8393521812"/>
</players>
</general>
<round no="0"><action no="1" player="oreiasccp" type="15" sum="5"/>
<action no="2" player="Skyder19" type="15" discard="1" dealt="1" sum="5"/>
<action no="3" player="Defended" type="15" discard="1" dealt="1" sum="5"/>
<action no="4" player="oreiasccp" type="1" sum="20"/>
<action no="5" player="Skyder19" type="2" discard="1" dealt="1" sum="40"/>
</round>
<round no="1"><cards type="Pocket" player="oreiasccp">S8 SK</cards>
<cards type="Pocket" player="Skyder19">X X</cards>
<cards type="Pocket" player="Defended">X X</cards>
<action no="6" player="Defended" type="23" discard="1" dealt="1" sum="80"/>
<action no="7" player="oreiasccp" type="0" sum="0"/>
<action no="8" player="Skyder19" type="0" discard="1" dealt="1" sum="0"/>
</round>
</game>
<game gamecode="11538545793"><general><startdate>2025-06-28 07:58:51</startdate>
<round>1</round>
<failsafecounter/>
<players><player seat="6" name="Defended" chips="520" dealer="0" win="55" bet="45" muck="1" rebuy="0" addon="0" merge="0" rebuychips="0" reg_code="8393521700"/>
<player seat="10" name="oreiasccp" chips="335" dealer="1" win="0" bet="5" muck="1" rebuy="0" addon="0" merge="0" rebuychips="0" reg_code="8393521812"/>
<player seat="3" name="Skyder19" chips="645" dealer="0" win="0" bet="25" muck="1" rebuy="0" addon="0" merge="0" rebuychips="0" reg_code="8393521628"/>
</players>
</general>
<round no="0"><action no="1" player="Skyder19" type="15" discard="1" dealt="1" sum="5"/>
<action no="2" player="Defended" type="15" discard="1" dealt="1" sum="5"/>
<action no="3" player="oreiasccp" type="15" sum="5"/>
<action no="4" player="Skyder19" type="1" discard="1" dealt="1" sum="20"/>
<action no="5" player="Defended" type="2" discard="1" dealt="1" sum="40"/>
</round>
<round no="1"><cards type="Pocket" player="Defended">X X</cards>
<cards type="Pocket" player="Skyder19">X X</cards>
<cards type="Pocket" player="oreiasccp">H9 SQ</cards>
<action no="6" player="oreiasccp" type="0" sum="0"/>
<action no="7" player="Skyder19" type="0" discard="1" dealt="1" sum="0"/>
</round>
</game>
<game gamecode="11538545865"><general><startdate>2025-06-28 07:59:14</startdate>
<round>1</round>
<failsafecounter/>
<players><player seat="10" name="oreiasccp" chips="330" dealer="0" win="0" bet="45" muck="1" rebuy="0" addon="0" merge="0" rebuychips="0" reg_code="8393521812"/>
<player seat="3" name="Skyder19" chips="620" dealer="1" win="115" bet="620" muck="1" rebuy="0" addon="0" merge="0" rebuychips="0" reg_code="8393521628"/>
<player seat="6" name="Defended" chips="550" dealer="0" win="0" bet="25" muck="1" rebuy="0" addon="0" merge="0" rebuychips="0" reg_code="8393521700"/>
</players>
</general>
<round no="0"><action no="1" player="Defended" type="15" discard="1" dealt="1" sum="5"/>
<action no="2" player="oreiasccp" type="15" sum="5"/>
<action no="3" player="Skyder19" type="15" discard="1" dealt="1" sum="5"/>
<action no="4" player="Defended" type="1" discard="1" dealt="1" sum="20"/>
<action no="5" player="oreiasccp" type="2" sum="40"/>
</round>
<round no="1"><cards type="Pocket" player="oreiasccp">SA C5</cards>
<cards type="Pocket" player="Defended">X X</cards>
<cards type="Pocket" player="Skyder19">X X</cards>
<action no="6" player="Skyder19" type="23" discard="1" dealt="1" sum="615"/>
<action no="7" player="Defended" type="0" discard="1" dealt="1" sum="0"/>
<action no="8" player="oreiasccp" type="0" sum="0"/>
</round>
</game>
<game gamecode="11538545912"><general><startdate>2025-06-28 07:59:29</startdate>
<round>1</round>
<failsafecounter/>
<players><player seat="3" name="Skyder19" chips="690" dealer="0" win="55" bet="45" muck="1" rebuy="0" addon="0" merge="0" rebuychips="0" reg_code="8393521628"/>
<player seat="6" name="Defended" chips="525" dealer="1" win="0" bet="5" muck="1" rebuy="0" addon="0" merge="0" rebuychips="0" reg_code="8393521700"/>
<player seat="10" name="oreiasccp" chips="285" dealer="0" win="0" bet="25" muck="1" rebuy="0" addon="0" merge="0" rebuychips="0" reg_code="8393521812"/>
</players>
</general>
<round no="0"><action no="1" player="oreiasccp" type="15" sum="5"/>
<action no="2" player="Skyder19" type="15" discard="1" dealt="1" sum="5"/>
<action no="3" player="Defended" type="15" discard="1" dealt="1" sum="5"/>
<action no="4" player="oreiasccp" type="1" sum="20"/>
<action no="5" player="Skyder19" type="2" discard="1" dealt="1" sum="40"/>
</round>
<round no="1"><cards type="Pocket" player="oreiasccp">C4 S8</cards>
<cards type="Pocket" player="Skyder19">X X</cards>
<cards type="Pocket" player="Defended">X X</cards>
<action no="6" player="Defended" type="0" discard="1" dealt="1" sum="0"/>
<action no="7" player="oreiasccp" type="0" sum="0"/>
</round>
</game>
<game gamecode="11538545937"><general><startdate>2025-06-28 07:59:37</startdate>
<round>1</round>
<failsafecounter/>
<players><player seat="6" name="Defended" chips="520" dealer="0" win="1,045" bet="520" muck="0" rebuy="0" addon="0" merge="0" rebuychips="0" reg_code="8393521700"/>
<player seat="10" name="oreiasccp" chips="260" dealer="1" win="0" bet="5" muck="1" rebuy="0" addon="0" merge="0" rebuychips="0" reg_code="8393521812"/>
<player seat="3" name="Skyder19" chips="720" dealer="0" win="0" bet="720" muck="0" rebuy="0" addon="0" merge="0" rebuychips="0" reg_code="8393521628"/>
</players>
</general>
<round no="0"><action no="1" player="Skyder19" type="15" discard="1" dealt="1" sum="5"/>
<action no="2" player="Defended" type="15" discard="1" dealt="1" sum="5"/>
<action no="3" player="oreiasccp" type="15" sum="5"/>
<action no="4" player="Skyder19" type="1" discard="1" dealt="1" sum="20"/>
<action no="5" player="Defended" type="2" discard="1" dealt="1" sum="40"/>
</round>
<round no="1"><cards type="Pocket" player="oreiasccp">S6 DJ</cards>
<cards type="Pocket" player="Defended">S10 H10</cards>
<cards type="Pocket" player="Skyder19">H4 HQ</cards>
<action no="6" player="oreiasccp" type="0" sum="0"/>
<action no="7" player="Skyder19" type="23" discard="1" dealt="1" sum="715"/>
<action no="8" player="Defended" type="7" discard="1" dealt="1" sum="475"/>
</round>
<round no="2"><cards type="Flop">D7 HA CA</cards>
</round>
<round no="3"><cards type="Turn">S9</cards>
</round>
<round no="4"><cards type="River">D2</cards>
</round>
</game>
<game gamecode="11538546016"><general><startdate>2025-06-28 08:00:04</startdate>
<round>1</round>
<failsafecounter/>
<players><player seat="10" name="oreiasccp" chips="255" dealer="0" win="55" bet="45" muck="1" rebuy="0" addon="0" merge="0" rebuychips="0" reg_code="8393521812"/>
<player seat="3" name="Skyder19" chips="200" dealer="1" win="0" bet="5" muck="1" rebuy="0" addon="0" merge="0" rebuychips="0" reg_code="8393521628"/>
<player seat="6" name="Defended" chips="1,045" dealer="0" win="0" bet="25" muck="1" rebuy="0" addon="0" merge="0" rebuychips="0" reg_code="8393521700"/>
</players>
</general>
<round no="0"><action no="1" player="Defended" type="15" discard="1" dealt="1" sum="5"/>
<action no="2" player="oreiasccp" type="15" sum="5"/>
<action no="3" player="Skyder19" type="15" discard="1" dealt="1" sum="5"/>
<action no="4" player="Defended" type="1" discard="1" dealt="1" sum="20"/>
<action no="5" player="oreiasccp" type="2" sum="40"/>
</round>
<round no="1"><cards type="Pocket" player="oreiasccp">C3 H7</cards>
<cards type="Pocket" player="Defended">X X</cards>
<cards type="Pocket" player="Skyder19">X X</cards>
<action no="6" player="Skyder19" type="0" discard="1" dealt="1" sum="0"/>
<action no="7" player="Defended" type="0" discard="1" dealt="1" sum="0"/>
</round>
</game>
<game gamecode="11538546054"><general><startdate>2025-06-28 08:00:19</startdate>
<round>1</round>
<failsafecounter/>
<players><player seat="3" name="Skyder19" chips="195" dealer="0" win="395" bet="195" muck="0" rebuy="0" addon="0" merge="0" rebuychips="0" reg_code="8393521628"/>
<player seat="6" name="Defended" chips="1,020" dealer="1" win="0" bet="5" muck="1" rebuy="0" addon="0" merge="0" rebuychips="0" reg_code="8393521700"/>
<player seat="10" name="oreiasccp" chips="285" dealer="0" win="0" bet="195" muck="1" rebuy="0" addon="0" merge="0" rebuychips="0" reg_code="8393521812"/>
</players>
</general>
<round no="0"><action no="1" player="oreiasccp" type="15" sum="5"/>
<action no="2" player="Skyder19" type="15" discard="1" dealt="1" sum="5"/>
<action no="3" player="Defended" type="15" discard="1" dealt="1" sum="5"/>
<action no="4" player="oreiasccp" type="1" sum="30"/>
<action no="5" player="Skyder19" type="2" discard="1" dealt="1" sum="60"/>
</round>
<round no="1"><cards type="Pocket" player="Skyder19">C4 CJ</cards>
<cards type="Pocket" player="Defended">X X</cards>
<cards type="Pocket" player="oreiasccp">CA C9</cards>
<action no="6" player="Defended" type="0" discard="1" dealt="1" sum="0"/>
<action no="7" player="oreiasccp" type="23" sum="190"/>
<action no="8" player="Skyder19" type="7" discard="1" dealt="1" sum="130"/>
</round>
<round no="2"><cards type="Flop">SQ HQ DJ</cards>
</round>
<round no="3"><cards type="Turn">S10</cards>
</round>
<round no="4"><cards type="River">D7</cards>
</round>
</game>
<game gamecode="11538546129"><general><startdate>2025-06-28 08:00:43</startdate>
<round>1</round>
<failsafecounter/>
<players><player seat="6" name="Defended" chips="1,015" dealer="0" win="0" bet="65" muck="1" rebuy="0" addon="0" merge="0" rebuychips="0" reg_code="8393521700"/>
<player seat="10" name="oreiasccp" chips="90" dealer="1" win="0" bet="90" muck="0" rebuy="0" addon="0" merge="0" rebuychips="0" reg_code="8393521812"/>
<player seat="3" name="Skyder19" chips="395" dealer="0" win="245" bet="395" muck="0" rebuy="0" addon="0" merge="0" rebuychips="0" reg_code="8393521628"/>
</players>
</general>
<round no="0"><action no="1" player="Skyder19" type="15" discard="1" dealt="1" sum="5"/>
<action no="2" player="Defended" type="15" discard="1" dealt="1" sum="5"/>
<action no="3" player="oreiasccp" type="15" sum="5"/>
<action no="4" player="Skyder19" type="1" discard="1" dealt="1" sum="30"/>
<action no="5" player="Defended" type="2" discard="1" dealt="1" sum="60"/>
</round>
<round no="1"><cards type="Pocket" player="oreiasccp">D7 D10</cards>
<cards type="Pocket" player="Skyder19">CK H6</cards>
<cards type="Pocket" player="Defended">X X</cards>
<action no="6" player="oreiasccp" type="7" sum="85"/>
<action no="7" player="Skyder19" type="23" discard="1" dealt="1" sum="390"/>
<action no="8" player="Defended" type="0" discard="1" dealt="1" sum="0"/>
</round>
<round no="2"><cards type="Flop">DA H2 S8</cards>
</round>
<round no="3"><cards type="Turn">C4</cards>
</round>
<round no="4"><cards type="River">S6</cards>
</round>
</game>
</session>
