<?xml version="1.0" encoding="UTF-8"?>
<session sessioncode="8393577858">
<general>
<client_version>25.1.1.13</client_version>
<mode>real</mode>
<gametype>Holdem NL</gametype>
<tablename>Twister €5 SNG, 1128755448</tablename>
<tournamentcode>1128755447</tournamentcode>
<tournamentname>Twister €5 SNG</tournamentname>
<buyin>€0 + €0.35 + €4.65</buyin>
<totalbuyin>€5</totalbuyin>
<rewarddrawn>€10</rewarddrawn>
<tournamentcurrency>EUR</tournamentcurrency>
<currency>EUR</currency>
<nickname>oreiasccp</nickname>
<gamecount>21</gamecount>
<startdate>2025-06-28 10:57:19</startdate>
<place>1</place>
<win>€10</win>
<tablesize>3</tablesize>
</general>
<game gamecode="11538692823"><general><startdate>2025-06-28 10:57:34</startdate>
<round>1</round>
<failsafecounter/>
<players><player seat="3" name="lemongrey8586" chips="500" dealer="0" win="0" bet="60" muck="1" rebuy="0" addon="0" merge="0" rebuychips="0" reg_code="8393577775"/>
<player seat="6" name="Vendetta1978" chips="500" dealer="1" win="0" bet="0" muck="1" rebuy="0" addon="0" merge="0" rebuychips="0" reg_code="8393577848"/>
<player seat="10" name="oreiasccp" chips="500" dealer="0" win="120" bet="90" muck="1" rebuy="0" addon="0" merge="0" rebuychips="0" reg_code="8393577858"/>
</players>
</general>
<round no="0"><action no="1" player="oreiasccp" type="1" sum="10"/>
<action no="2" player="lemongrey8586" type="2" discard="1" dealt="1" sum="20"/>
</round>
<round no="1"><cards type="Pocket" player="lemongrey8586">X X</cards>
<cards type="Pocket" player="Vendetta1978">X X</cards>
<cards type="Pocket" player="oreiasccp">D8 DJ</cards>
<action no="3" player="Vendetta1978" type="0" discard="1" dealt="1" sum="0"/>
<action no="4" player="oreiasccp" type="23" sum="40"/>
<action no="5" player="lemongrey8586" type="3" discard="1" dealt="1" sum="20"/>
</round>
<round no="2"><cards type="Flop">CJ H10 C7</cards>
<action no="6" player="oreiasccp" type="5" sum="20"/>
<action no="7" player="lemongrey8586" type="3" discard="1" dealt="1" sum="20"/>
</round>
<round no="3"><cards type="Turn">CQ</cards>
<action no="8" player="oreiasccp" type="4" sum="0"/>
<action no="9" player="lemongrey8586" type="4" discard="1" dealt="1" sum="0"/>
</round>
<round no="4"><cards type="River">D10</cards>
<action no="10" player="oreiasccp" type="5" sum="30"/>
<action no="11" player="lemongrey8586" type="0" discard="1" dealt="1" sum="0"/>
</round>
</game>
<game gamecode="11538692916"><general><startdate>2025-06-28 10:58:00</startdate>
<round>1</round>
<failsafecounter/>
<players><player seat="6" name="Vendetta1978" chips="500" dealer="0" win="240" bet="500" muck="1" rebuy="0" addon="0" merge="0" rebuychips="0" reg_code="8393577848"/>
<player seat="10" name="oreiasccp" chips="560" dealer="1" win="0" bet="0" muck="1" rebuy="0" addon="0" merge="0" rebuychips="0" reg_code="8393577858"/>
<player seat="3" name="lemongrey8586" chips="440" dealer="0" win="0" bet="120" muck="1" rebuy="0" addon="0" merge="0" rebuychips="0" reg_code="8393577775"/>
</players>
</general>
<round no="0"><action no="1" player="lemongrey8586" type="1" discard="1" dealt="1" sum="10"/>
<action no="2" player="Vendetta1978" type="2" discard="1" dealt="1" sum="20"/>
</round>
<round no="1"><cards type="Pocket" player="lemongrey8586">X X</cards>
<cards type="Pocket" player="Vendetta1978">X X</cards>
<cards type="Pocket" player="oreiasccp">H5 C4</cards>
<action no="3" player="oreiasccp" type="0" sum="0"/>
<action no="4" player="lemongrey8586" type="3" discard="1" dealt="1" sum="10"/>
<action no="5" player="Vendetta1978" type="23" discard="1" dealt="1" sum="60"/>
<action no="6" player="lemongrey8586" type="3" discard="1" dealt="1" sum="40"/>
</round>
<round no="2"><cards type="Flop">SK D2 H6</cards>
<action no="7" player="lemongrey8586" type="4" discard="1" dealt="1" sum="0"/>
<action no="8" player="Vendetta1978" type="5" discard="1" dealt="1" sum="40"/>
<action no="9" player="lemongrey8586" type="3" discard="1" dealt="1" sum="40"/>
</round>
<round no="3"><cards type="Turn">D7</cards>
<action no="10" player="lemongrey8586" type="4" discard="1" dealt="1" sum="0"/>
<action no="11" player="Vendetta1978" type="4" discard="1" dealt="1" sum="0"/>
</round>
<round no="4"><cards type="River">DK</cards>
<action no="12" player="lemongrey8586" type="5" discard="1" dealt="1" sum="20"/>
<action no="13" player="Vendetta1978" type="23" discard="1" dealt="1" sum="400"/>
<action no="14" player="lemongrey8586" type="0" discard="1" dealt="1" sum="0"/>
</round>
</game>
<game gamecode="11538692999"><general><startdate>2025-06-28 10:58:23</startdate>
<round>1</round>
<failsafecounter/>
<players><player seat="10" name="oreiasccp" chips="560" dealer="0" win="920" bet="460" muck="0" rebuy="0" addon="0" merge="0" rebuychips="0" reg_code="8393577858"/>
<player seat="3" name="lemongrey8586" chips="320" dealer="1" win="0" bet="0" muck="1" rebuy="0" addon="0" merge="0" rebuychips="0" reg_code="8393577775"/>
<player seat="6" name="Vendetta1978" chips="620" dealer="0" win="0" bet="460" muck="0" rebuy="0" addon="0" merge="0" rebuychips="0" reg_code="8393577848"/>
</players>
</general>
<round no="0"><action no="1" player="Vendetta1978" type="1" discard="1" dealt="1" sum="10"/>
<action no="2" player="oreiasccp" type="2" sum="20"/>
</round>
<round no="1"><cards type="Pocket" player="oreiasccp">H8 HA</cards>
<cards type="Pocket" player="lemongrey8586">X X</cards>
<cards type="Pocket" player="Vendetta1978">SJ S5</cards>
<action no="3" player="lemongrey8586" type="0" discard="1" dealt="1" sum="0"/>
<action no="4" player="Vendetta1978" type="23" discard="1" dealt="1" sum="60"/>
<action no="5" player="oreiasccp" type="3" sum="40"/>
</round>
<round no="2"><cards type="Flop">HQ CA C5</cards>
<action no="6" player="Vendetta1978" type="5" discard="1" dealt="1" sum="60"/>
<action no="7" player="oreiasccp" type="3" sum="60"/>
</round>
<round no="3"><cards type="Turn">C10</cards>
<action no="8" player="Vendetta1978" type="4" discard="1" dealt="1" sum="0"/>
<action no="9" player="oreiasccp" type="4" sum="0"/>
</round>
<round no="4"><cards type="River">S4</cards>
<action no="10" player="Vendetta1978" type="5" discard="1" dealt="1" sum="340"/>
<action no="11" player="oreiasccp" type="3" sum="340"/>
</round>
</game>
<game gamecode="11538693124"><general><startdate>2025-06-28 10:58:58</startdate>
<round>1</round>
<failsafecounter/>
<players><player seat="3" name="lemongrey8586" chips="320" dealer="0" win="330" bet="160" muck="0" rebuy="0" addon="0" merge="0" rebuychips="0" reg_code="8393577775"/>
<player seat="6" name="Vendetta1978" chips="160" dealer="1" win="0" bet="160" muck="0" rebuy="0" addon="0" merge="0" rebuychips="0" reg_code="8393577848"/>
<player seat="10" name="oreiasccp" chips="1,020" dealer="0" win="0" bet="10" muck="1" rebuy="0" addon="0" merge="0" rebuychips="0" reg_code="8393577858"/>
</players>
</general>
<round no="0"><action no="1" player="oreiasccp" type="1" sum="10"/>
<action no="2" player="lemongrey8586" type="2" discard="1" dealt="1" sum="20"/>
</round>
<round no="1"><cards type="Pocket" player="lemongrey8586">DJ H10</cards>
<cards type="Pocket" player="oreiasccp">C3 D10</cards>
<cards type="Pocket" player="Vendetta1978">SK S7</cards>
<action no="3" player="Vendetta1978" type="23" discard="1" dealt="1" sum="160"/>
<action no="4" player="oreiasccp" type="0" sum="0"/>
<action no="5" player="lemongrey8586" type="3" discard="1" dealt="1" sum="140"/>
</round>
<round no="2"><cards type="Flop">C5 H4 D9</cards>
</round>
<round no="3"><cards type="Turn">SJ</cards>
</round>
<round no="4"><cards type="River">D7</cards>
</round>
</game>
<game gamecode="11538693189"><general><startdate>2025-06-28 10:59:15</startdate>
<round>1</round>
<failsafecounter/>
<players><player seat="3" name="lemongrey8586" chips="490" dealer="0" win="40" bet="60" muck="1" rebuy="0" addon="0" merge="0" rebuychips="0" reg_code="8393577775"/>
<player seat="10" name="oreiasccp" chips="1,010" dealer="1" win="0" bet="20" muck="1" rebuy="0" addon="0" merge="0" rebuychips="0" reg_code="8393577858"/>
</players>
</general>
<round no="0"><action no="1" player="oreiasccp" type="1" sum="10"/>
<action no="2" player="lemongrey8586" type="2" discard="1" dealt="1" sum="20"/>
</round>
<round no="1"><cards type="Pocket" player="oreiasccp">H6 C9</cards>
<cards type="Pocket" player="lemongrey8586">X X</cards>
<action no="3" player="oreiasccp" type="3" sum="10"/>
<action no="4" player="lemongrey8586" type="4" discard="1" dealt="1" sum="0"/>
</round>
<round no="2"><cards type="Flop">H5 S6 S7</cards>
<action no="5" player="lemongrey8586" type="4" discard="1" dealt="1" sum="0"/>
<action no="6" player="oreiasccp" type="4" sum="0"/>
</round>
<round no="3"><cards type="Turn">D3</cards>
<action no="7" player="lemongrey8586" type="4" discard="1" dealt="1" sum="0"/>
<action no="8" player="oreiasccp" type="4" sum="0"/>
</round>
<round no="4"><cards type="River">SA</cards>
<action no="9" player="lemongrey8586" type="5" discard="1" dealt="1" sum="40"/>
<action no="10" player="oreiasccp" type="0" sum="0"/>
</round>
</game>
<game gamecode="11538693262"><general><startdate>2025-06-28 10:59:35</startdate>
<round>1</round>
<failsafecounter/>
<players><player seat="10" name="oreiasccp" chips="990" dealer="0" win="0" bet="65" muck="1" rebuy="0" addon="0" merge="0" rebuychips="0" reg_code="8393577858"/>
<player seat="3" name="lemongrey8586" chips="510" dealer="1" win="130" bet="65" muck="0" rebuy="0" addon="0" merge="0" rebuychips="0" reg_code="8393577775"/>
</players>
</general>
<round no="0"><action no="1" player="lemongrey8586" type="15" discard="1" dealt="1" sum="5"/>
<action no="2" player="oreiasccp" type="15" sum="5"/>
<action no="3" player="lemongrey8586" type="1" discard="1" dealt="1" sum="15"/>
<action no="4" player="oreiasccp" type="2" sum="30"/>
</round>
<round no="1"><cards type="Pocket" player="oreiasccp">H4 S5</cards>
<cards type="Pocket" player="lemongrey8586">D5 C6</cards>
<action no="5" player="lemongrey8586" type="3" discard="1" dealt="1" sum="15"/>
<action no="6" player="oreiasccp" type="4" sum="0"/>
</round>
<round no="2"><cards type="Flop">C4 D6 SK</cards>
<action no="7" player="oreiasccp" type="4" sum="0"/>
<action no="8" player="lemongrey8586" type="4" discard="1" dealt="1" sum="0"/>
</round>
<round no="3"><cards type="Turn">H8</cards>
<action no="9" player="oreiasccp" type="4" sum="0"/>
<action no="10" player="lemongrey8586" type="4" discard="1" dealt="1" sum="0"/>
</round>
<round no="4"><cards type="River">S9</cards>
<action no="11" player="oreiasccp" type="4" sum="0"/>
<action no="12" player="lemongrey8586" type="5" discard="1" dealt="1" sum="30"/>
<action no="13" player="oreiasccp" type="3" sum="30"/>
</round>
</game>
<game gamecode="11538693347"><general><startdate>2025-06-28 10:59:54</startdate>
<round>1</round>
<failsafecounter/>
<players><player seat="3" name="lemongrey8586" chips="575" dealer="0" win="190" bet="95" muck="0" rebuy="0" addon="0" merge="0" rebuychips="0" reg_code="8393577775"/>
<player seat="10" name="oreiasccp" chips="925" dealer="1" win="0" bet="95" muck="1" rebuy="0" addon="0" merge="0" rebuychips="0" reg_code="8393577858"/>
</players>
</general>
<round no="0"><action no="1" player="oreiasccp" type="15" sum="5"/>
<action no="2" player="lemongrey8586" type="15" discard="1" dealt="1" sum="5"/>
<action no="3" player="oreiasccp" type="1" sum="15"/>
<action no="4" player="lemongrey8586" type="2" discard="1" dealt="1" sum="30"/>
</round>
<round no="1"><cards type="Pocket" player="oreiasccp">C9 D5</cards>
<cards type="Pocket" player="lemongrey8586">C3 D7</cards>
<action no="5" player="oreiasccp" type="23" sum="60"/>
<action no="6" player="lemongrey8586" type="3" discard="1" dealt="1" sum="30"/>
</round>
<round no="2"><cards type="Flop">S7 CK SQ</cards>
<action no="7" player="lemongrey8586" type="4" discard="1" dealt="1" sum="0"/>
<action no="8" player="oreiasccp" type="5" sum="30"/>
<action no="9" player="lemongrey8586" type="3" discard="1" dealt="1" sum="30"/>
</round>
<round no="3"><cards type="Turn">C2</cards>
<action no="10" player="lemongrey8586" type="4" discard="1" dealt="1" sum="0"/>
<action no="11" player="oreiasccp" type="4" sum="0"/>
</round>
<round no="4"><cards type="River">H8</cards>
<action no="12" player="lemongrey8586" type="4" discard="1" dealt="1" sum="0"/>
<action no="13" player="oreiasccp" type="4" sum="0"/>
</round>
</game>
<game gamecode="11538693431"><general><startdate>2025-06-28 11:00:13</startdate>
<round>1</round>
<failsafecounter/>
<players><player seat="10" name="oreiasccp" chips="830" dealer="0" win="70" bet="670" muck="1" rebuy="0" addon="0" merge="0" rebuychips="0" reg_code="8393577858"/>
<player seat="3" name="lemongrey8586" chips="670" dealer="1" win="0" bet="35" muck="1" rebuy="0" addon="0" merge="0" rebuychips="0" reg_code="8393577775"/>
</players>
</general>
<round no="0"><action no="1" player="lemongrey8586" type="15" discard="1" dealt="1" sum="5"/>
<action no="2" player="oreiasccp" type="15" sum="5"/>
<action no="3" player="lemongrey8586" type="1" discard="1" dealt="1" sum="15"/>
<action no="4" player="oreiasccp" type="2" sum="30"/>
</round>
<round no="1"><cards type="Pocket" player="lemongrey8586">X X</cards>
<cards type="Pocket" player="oreiasccp">SA S9</cards>
<action no="5" player="lemongrey8586" type="3" discard="1" dealt="1" sum="15"/>
<action no="6" player="oreiasccp" type="23" sum="665"/>
<action no="7" player="lemongrey8586" type="0" discard="1" dealt="1" sum="0"/>
</round>
</game>
<game gamecode="11538693485"><general><startdate>2025-06-28 11:00:25</startdate>
<round>1</round>
<failsafecounter/>
<players><player seat="3" name="lemongrey8586" chips="635" dealer="0" win="320" bet="255" muck="1" rebuy="0" addon="0" merge="0" rebuychips="0" reg_code="8393577775"/>
<player seat="10" name="oreiasccp" chips="865" dealer="1" win="0" bet="160" muck="1" rebuy="0" addon="0" merge="0" rebuychips="0" reg_code="8393577858"/>
</players>
</general>
<round no="0"><action no="1" player="oreiasccp" type="15" sum="5"/>
<action no="2" player="lemongrey8586" type="15" discard="1" dealt="1" sum="5"/>
<action no="3" player="oreiasccp" type="1" sum="15"/>
<action no="4" player="lemongrey8586" type="2" discard="1" dealt="1" sum="30"/>
</round>
<round no="1"><cards type="Pocket" player="oreiasccp">H5 S7</cards>
<cards type="Pocket" player="lemongrey8586">X X</cards>
<action no="5" player="oreiasccp" type="3" sum="15"/>
<action no="6" player="lemongrey8586" type="4" discard="1" dealt="1" sum="0"/>
</round>
<round no="2"><cards type="Flop">H2 DJ H9</cards>
<action no="7" player="lemongrey8586" type="4" discard="1" dealt="1" sum="0"/>
<action no="8" player="oreiasccp" type="5" sum="30"/>
<action no="9" player="lemongrey8586" type="3" discard="1" dealt="1" sum="30"/>
</round>
<round no="3"><cards type="Turn">D2</cards>
<action no="10" player="lemongrey8586" type="4" discard="1" dealt="1" sum="0"/>
<action no="11" player="oreiasccp" type="4" sum="0"/>
</round>
<round no="4"><cards type="River">SQ</cards>
<action no="12" player="lemongrey8586" type="4" discard="1" dealt="1" sum="0"/>
<action no="13" player="oreiasccp" type="5" sum="95"/>
<action no="14" player="lemongrey8586" type="23" discard="1" dealt="1" sum="190"/>
<action no="15" player="oreiasccp" type="0" sum="0"/>
</round>
</game>
<game gamecode="11538693646"><general><startdate>2025-06-28 11:01:08</startdate>
<round>1</round>
<failsafecounter/>
<players><player seat="10" name="oreiasccp" chips="705" dealer="0" win="70" bet="705" muck="1" rebuy="0" addon="0" merge="0" rebuychips="0" reg_code="8393577858"/>
<player seat="3" name="lemongrey8586" chips="795" dealer="1" win="0" bet="35" muck="1" rebuy="0" addon="0" merge="0" rebuychips="0" reg_code="8393577775"/>
</players>
</general>
<round no="0"><action no="1" player="lemongrey8586" type="15" discard="1" dealt="1" sum="5"/>
<action no="2" player="oreiasccp" type="15" sum="5"/>
<action no="3" player="lemongrey8586" type="1" discard="1" dealt="1" sum="15"/>
<action no="4" player="oreiasccp" type="2" sum="30"/>
</round>
<round no="1"><cards type="Pocket" player="lemongrey8586">X X</cards>
<cards type="Pocket" player="oreiasccp">C9 CA</cards>
<action no="5" player="lemongrey8586" type="3" discard="1" dealt="1" sum="15"/>
<action no="6" player="oreiasccp" type="23" sum="700"/>
<action no="7" player="lemongrey8586" type="0" discard="1" dealt="1" sum="0"/>
</round>
</game>
<game gamecode="11538693710"><general><startdate>2025-06-28 11:01:21</startdate>
<round>1</round>
<failsafecounter/>
<players><player seat="3" name="lemongrey8586" chips="760" dealer="0" win="0" bet="65" muck="1" rebuy="0" addon="0" merge="0" rebuychips="0" reg_code="8393577775"/>
<player seat="10" name="oreiasccp" chips="740" dealer="1" win="130" bet="160" muck="1" rebuy="0" addon="0" merge="0" rebuychips="0" reg_code="8393577858"/>
</players>
</general>
<round no="0"><action no="1" player="oreiasccp" type="15" sum="5"/>
<action no="2" player="lemongrey8586" type="15" discard="1" dealt="1" sum="5"/>
<action no="3" player="oreiasccp" type="1" sum="15"/>
<action no="4" player="lemongrey8586" type="2" discard="1" dealt="1" sum="30"/>
</round>
<round no="1"><cards type="Pocket" player="lemongrey8586">X X</cards>
<cards type="Pocket" player="oreiasccp">DK CQ</cards>
<action no="5" player="oreiasccp" type="3" sum="15"/>
<action no="6" player="lemongrey8586" type="4" discard="1" dealt="1" sum="0"/>
</round>
<round no="2"><cards type="Flop">C2 DJ C10</cards>
<action no="7" player="lemongrey8586" type="4" discard="1" dealt="1" sum="0"/>
<action no="8" player="oreiasccp" type="5" sum="30"/>
<action no="9" player="lemongrey8586" type="3" discard="1" dealt="1" sum="30"/>
</round>
<round no="3"><cards type="Turn">DA</cards>
<action no="10" player="lemongrey8586" type="4" discard="1" dealt="1" sum="0"/>
<action no="11" player="oreiasccp" type="5" sum="95"/>
<action no="12" player="lemongrey8586" type="0" discard="1" dealt="1" sum="0"/>
</round>
</game>
<game gamecode="11538693873"><general><startdate>2025-06-28 11:02:01</startdate>
<round>1</round>
<failsafecounter/>
<players><player seat="10" name="oreiasccp" chips="805" dealer="0" win="600" bet="300" muck="0" rebuy="0" addon="0" merge="0" rebuychips="0" reg_code="8393577858"/>
<player seat="3" name="lemongrey8586" chips="695" dealer="1" win="0" bet="300" muck="1" rebuy="0" addon="0" merge="0" rebuychips="0" reg_code="8393577775"/>
</players>
</general>
<round no="0"><action no="1" player="lemongrey8586" type="15" discard="1" dealt="1" sum="5"/>
<action no="2" player="oreiasccp" type="15" sum="5"/>
<action no="3" player="lemongrey8586" type="1" discard="1" dealt="1" sum="20"/>
<action no="4" player="oreiasccp" type="2" sum="40"/>
</round>
<round no="1"><cards type="Pocket" player="oreiasccp">S10 CQ</cards>
<cards type="Pocket" player="lemongrey8586">D5 DQ</cards>
<action no="5" player="lemongrey8586" type="3" discard="1" dealt="1" sum="20"/>
<action no="6" player="oreiasccp" type="4" sum="0"/>
</round>
<round no="2"><cards type="Flop">H2 C7 HQ</cards>
<action no="7" player="oreiasccp" type="4" sum="0"/>
<action no="8" player="lemongrey8586" type="4" discard="1" dealt="1" sum="0"/>
</round>
<round no="3"><cards type="Turn">D6</cards>
<action no="9" player="oreiasccp" type="5" sum="77"/>
<action no="10" player="lemongrey8586" type="3" discard="1" dealt="1" sum="77"/>
</round>
<round no="4"><cards type="River">S4</cards>
<action no="11" player="oreiasccp" type="5" sum="178"/>
<action no="12" player="lemongrey8586" type="3" discard="1" dealt="1" sum="178"/>
</round>
</game>
<game gamecode="11538693973"><general><startdate>2025-06-28 11:02:23</startdate>
<round>1</round>
<failsafecounter/>
<players><player seat="3" name="lemongrey8586" chips="395" dealer="0" win="90" bet="85" muck="1" rebuy="0" addon="0" merge="0" rebuychips="0" reg_code="8393577775"/>
<player seat="10" name="oreiasccp" chips="1,105" dealer="1" win="0" bet="45" muck="1" rebuy="0" addon="0" merge="0" rebuychips="0" reg_code="8393577858"/>
</players>
</general>
<round no="0"><action no="1" player="oreiasccp" type="15" sum="5"/>
<action no="2" player="lemongrey8586" type="15" discard="1" dealt="1" sum="5"/>
<action no="3" player="oreiasccp" type="1" sum="20"/>
<action no="4" player="lemongrey8586" type="2" discard="1" dealt="1" sum="40"/>
</round>
<round no="1"><cards type="Pocket" player="lemongrey8586">X X</cards>
<cards type="Pocket" player="oreiasccp">S5 HJ</cards>
<action no="5" player="oreiasccp" type="3" sum="20"/>
<action no="6" player="lemongrey8586" type="4" discard="1" dealt="1" sum="0"/>
</round>
<round no="2"><cards type="Flop">C5 D9 H4</cards>
<action no="7" player="lemongrey8586" type="4" discard="1" dealt="1" sum="0"/>
<action no="8" player="oreiasccp" type="4" sum="0"/>
</round>
<round no="3"><cards type="Turn">DQ</cards>
<action no="9" player="lemongrey8586" type="4" discard="1" dealt="1" sum="0"/>
<action no="10" player="oreiasccp" type="4" sum="0"/>
</round>
<round no="4"><cards type="River">H3</cards>
<action no="11" player="lemongrey8586" type="5" discard="1" dealt="1" sum="40"/>
<action no="12" player="oreiasccp" type="0" sum="0"/>
</round>
</game>
<game gamecode="11538694212"><general><startdate>2025-06-28 11:03:27</startdate>
<round>1</round>
<failsafecounter/>
<players><player seat="10" name="oreiasccp" chips="1,060" dealer="0" win="50" bet="45" muck="1" rebuy="0" addon="0" merge="0" rebuychips="0" reg_code="8393577858"/>
<player seat="3" name="lemongrey8586" chips="440" dealer="1" win="0" bet="25" muck="1" rebuy="0" addon="0" merge="0" rebuychips="0" reg_code="8393577775"/>
</players>
</general>
<round no="0"><action no="1" player="lemongrey8586" type="15" discard="1" dealt="1" sum="5"/>
<action no="2" player="oreiasccp" type="15" sum="5"/>
<action no="3" player="lemongrey8586" type="1" discard="1" dealt="1" sum="20"/>
<action no="4" player="oreiasccp" type="2" sum="40"/>
</round>
<round no="1"><cards type="Pocket" player="oreiasccp">H7 D7</cards>
<cards type="Pocket" player="lemongrey8586">X X</cards>
<action no="5" player="lemongrey8586" type="0" discard="1" dealt="1" sum="0"/>
</round>
</game>
<game gamecode="11538694247"><general><startdate>2025-06-28 11:03:35</startdate>
<round>1</round>
<failsafecounter/>
<players><player seat="3" name="lemongrey8586" chips="415" dealer="0" win="830" bet="415" muck="0" rebuy="0" addon="0" merge="0" rebuychips="0" reg_code="8393577775"/>
<player seat="10" name="oreiasccp" chips="1,085" dealer="1" win="0" bet="415" muck="1" rebuy="0" addon="0" merge="0" rebuychips="0" reg_code="8393577858"/>
</players>
</general>
<round no="0"><action no="1" player="oreiasccp" type="15" sum="5"/>
<action no="2" player="lemongrey8586" type="15" discard="1" dealt="1" sum="5"/>
<action no="3" player="oreiasccp" type="1" sum="30"/>
<action no="4" player="lemongrey8586" type="2" discard="1" dealt="1" sum="60"/>
</round>
<round no="1"><cards type="Pocket" player="oreiasccp">H4 SK</cards>
<cards type="Pocket" player="lemongrey8586">CA S5</cards>
<action no="5" player="oreiasccp" type="23" sum="410"/>
<action no="6" player="lemongrey8586" type="7" discard="1" dealt="1" sum="350"/>
</round>
<round no="2"><cards type="Flop">S2 CQ C4</cards>
</round>
<round no="3"><cards type="Turn">C7</cards>
</round>
<round no="4"><cards type="River">CJ</cards>
</round>
</game>
<game gamecode="11538694328"><general><startdate>2025-06-28 11:03:55</startdate>
<round>1</round>
<failsafecounter/>
<players><player seat="10" name="oreiasccp" chips="670" dealer="0" win="430" bet="305" muck="1" rebuy="0" addon="0" merge="0" rebuychips="0" reg_code="8393577858"/>
<player seat="3" name="lemongrey8586" chips="830" dealer="1" win="0" bet="215" muck="1" rebuy="0" addon="0" merge="0" rebuychips="0" reg_code="8393577775"/>
</players>
</general>
<round no="0"><action no="1" player="lemongrey8586" type="15" discard="1" dealt="1" sum="5"/>
<action no="2" player="oreiasccp" type="15" sum="5"/>
<action no="3" player="lemongrey8586" type="1" discard="1" dealt="1" sum="30"/>
<action no="4" player="oreiasccp" type="2" sum="60"/>
</round>
<round no="1"><cards type="Pocket" player="oreiasccp">HA DK</cards>
<cards type="Pocket" player="lemongrey8586">X X</cards>
<action no="5" player="lemongrey8586" type="3" discard="1" dealt="1" sum="30"/>
<action no="6" player="oreiasccp" type="23" sum="210"/>
<action no="7" player="lemongrey8586" type="3" discard="1" dealt="1" sum="150"/>
</round>
<round no="2"><cards type="Flop">DA H6 H10</cards>
<action no="8" player="oreiasccp" type="5" sum="90"/>
<action no="9" player="lemongrey8586" type="0" discard="1" dealt="1" sum="0"/>
</round>
</game>
<game gamecode="11538694474"><general><startdate>2025-06-28 11:04:31</startdate>
<round>1</round>
<failsafecounter/>
<players><player seat="3" name="lemongrey8586" chips="615" dealer="0" win="0" bet="65" muck="1" rebuy="0" addon="0" merge="0" rebuychips="0" reg_code="8393577775"/>
<player seat="10" name="oreiasccp" chips="885" dealer="1" win="130" bet="615" muck="1" rebuy="0" addon="0" merge="0" rebuychips="0" reg_code="8393577858"/>
</players>
</general>
<round no="0"><action no="1" player="oreiasccp" type="15" sum="5"/>
<action no="2" player="lemongrey8586" type="15" discard="1" dealt="1" sum="5"/>
<action no="3" player="oreiasccp" type="1" sum="30"/>
<action no="4" player="lemongrey8586" type="2" discard="1" dealt="1" sum="60"/>
</round>
<round no="1"><cards type="Pocket" player="lemongrey8586">X X</cards>
<cards type="Pocket" player="oreiasccp">HK C10</cards>
<action no="5" player="oreiasccp" type="23" sum="610"/>
<action no="6" player="lemongrey8586" type="0" discard="1" dealt="1" sum="0"/>
</round>
</game>
<game gamecode="11538694511"><general><startdate>2025-06-28 11:04:40</startdate>
<round>1</round>
<failsafecounter/>
<players><player seat="10" name="oreiasccp" chips="950" dealer="0" win="0" bet="125" muck="1" rebuy="0" addon="0" merge="0" rebuychips="0" reg_code="8393577858"/>
<player seat="3" name="lemongrey8586" chips="550" dealer="1" win="250" bet="185" muck="1" rebuy="0" addon="0" merge="0" rebuychips="0" reg_code="8393577775"/>
</players>
</general>
<round no="0"><action no="1" player="lemongrey8586" type="15" discard="1" dealt="1" sum="5"/>
<action no="2" player="oreiasccp" type="15" sum="5"/>
<action no="3" player="lemongrey8586" type="1" discard="1" dealt="1" sum="30"/>
<action no="4" player="oreiasccp" type="2" sum="60"/>
</round>
<round no="1"><cards type="Pocket" player="lemongrey8586">X X</cards>
<cards type="Pocket" player="oreiasccp">D6 D5</cards>
<action no="5" player="lemongrey8586" type="3" discard="1" dealt="1" sum="30"/>
<action no="6" player="oreiasccp" type="4" sum="0"/>
</round>
<round no="2"><cards type="Flop">H9 H10 C9</cards>
<action no="7" player="oreiasccp" type="4" sum="0"/>
<action no="8" player="lemongrey8586" type="4" discard="1" dealt="1" sum="0"/>
</round>
<round no="3"><cards type="Turn">H2</cards>
<action no="9" player="oreiasccp" type="4" sum="0"/>
<action no="10" player="lemongrey8586" type="4" discard="1" dealt="1" sum="0"/>
</round>
<round no="4"><cards type="River">HK</cards>
<action no="11" player="oreiasccp" type="5" sum="60"/>
<action no="12" player="lemongrey8586" type="23" discard="1" dealt="1" sum="120"/>
<action no="13" player="oreiasccp" type="0" sum="0"/>
</round>
</game>
<game gamecode="11538694596"><general><startdate>2025-06-28 11:05:03</startdate>
<round>1</round>
<failsafecounter/>
<players><player seat="3" name="lemongrey8586" chips="675" dealer="0" win="0" bet="125" muck="1" rebuy="0" addon="0" merge="0" rebuychips="0" reg_code="8393577775"/>
<player seat="10" name="oreiasccp" chips="825" dealer="1" win="250" bet="485" muck="1" rebuy="0" addon="0" merge="0" rebuychips="0" reg_code="8393577858"/>
</players>
</general>
<round no="0"><action no="1" player="oreiasccp" type="15" sum="5"/>
<action no="2" player="lemongrey8586" type="15" discard="1" dealt="1" sum="5"/>
<action no="3" player="oreiasccp" type="1" sum="30"/>
<action no="4" player="lemongrey8586" type="2" discard="1" dealt="1" sum="60"/>
</round>
<round no="1"><cards type="Pocket" player="oreiasccp">D5 HJ</cards>
<cards type="Pocket" player="lemongrey8586">X X</cards>
<action no="5" player="oreiasccp" type="3" sum="30"/>
<action no="6" player="lemongrey8586" type="4" discard="1" dealt="1" sum="0"/>
</round>
<round no="2"><cards type="Flop">C6 DK D3</cards>
<action no="7" player="lemongrey8586" type="4" discard="1" dealt="1" sum="0"/>
<action no="8" player="oreiasccp" type="5" sum="60"/>
<action no="9" player="lemongrey8586" type="3" discard="1" dealt="1" sum="60"/>
</round>
<round no="3"><cards type="Turn">S2</cards>
<action no="10" player="lemongrey8586" type="4" discard="1" dealt="1" sum="0"/>
<action no="11" player="oreiasccp" type="4" sum="0"/>
</round>
<round no="4"><cards type="River">S10</cards>
<action no="12" player="lemongrey8586" type="4" discard="1" dealt="1" sum="0"/>
<action no="13" player="oreiasccp" type="5" sum="360"/>
<action no="14" player="lemongrey8586" type="0" discard="1" dealt="1" sum="0"/>
</round>
</game>
<game gamecode="11538701001"><general><startdate>2025-06-28 11:05:45</startdate>
<round>1</round>
<failsafecounter/>
<players><player seat="10" name="oreiasccp" chips="950" dealer="0" win="96" bet="88" muck="1" rebuy="0" addon="0" merge="0" rebuychips="0" reg_code="8393577858"/>
<player seat="3" name="lemongrey8586" chips="550" dealer="1" win="0" bet="48" muck="1" rebuy="0" addon="0" merge="0" rebuychips="0" reg_code="8393577775"/>
</players>
</general>
<round no="0"><action no="1" player="lemongrey8586" type="15" discard="1" dealt="1" sum="8"/>
<action no="2" player="oreiasccp" type="15" sum="8"/>
<action no="3" player="lemongrey8586" type="1" discard="1" dealt="1" sum="40"/>
<action no="4" player="oreiasccp" type="2" sum="80"/>
</round>
<round no="1"><cards type="Pocket" player="lemongrey8586">X X</cards>
<cards type="Pocket" player="oreiasccp">HJ H3</cards>
<action no="5" player="lemongrey8586" type="0" discard="1" dealt="1" sum="0"/>
</round>
</game>
<game gamecode="11538701023"><general><startdate>2025-06-28 11:05:52</startdate>
<round>1</round>
<failsafecounter/>
<players><player seat="3" name="lemongrey8586" chips="502" dealer="0" win="0" bet="502" muck="0" rebuy="0" addon="0" merge="0" rebuychips="0" reg_code="8393577775"/>
<player seat="10" name="oreiasccp" chips="998" dealer="1" win="1,004" bet="502" muck="0" rebuy="0" addon="0" merge="0" rebuychips="0" reg_code="8393577858"/>
</players>
</general>
<round no="0"><action no="1" player="oreiasccp" type="15" sum="8"/>
<action no="2" player="lemongrey8586" type="15" discard="1" dealt="1" sum="8"/>
<action no="3" player="oreiasccp" type="1" sum="40"/>
<action no="4" player="lemongrey8586" type="2" discard="1" dealt="1" sum="80"/>
</round>
<round no="1"><cards type="Pocket" player="lemongrey8586">D10 D8</cards>
<cards type="Pocket" player="oreiasccp">C9 C6</cards>
<action no="5" player="oreiasccp" type="23" sum="494"/>
<action no="6" player="lemongrey8586" type="7" discard="1" dealt="1" sum="414"/>
</round>
<round no="2"><cards type="Flop">D6 HK C5</cards>
</round>
<round no="3"><cards type="Turn">S6</cards>
</round>
<round no="4"><cards type="River">D9</cards>
</round>
</game>
</session>
