<?xml version="1.0" encoding="UTF-8"?>
<session sessioncode="8393589887">
<general>
<client_version>25.1.1.13</client_version>
<mode>real</mode>
<gametype>Holdem NL</gametype>
<tablename>Twister €5 SNG, 1128757050</tablename>
<tournamentcode>1128757049</tournamentcode>
<tournamentname>Twister €5 SNG</tournamentname>
<buyin>€0 + €0.35 + €4.65</buyin>
<totalbuyin>€5</totalbuyin>
<rewarddrawn>€40</rewarddrawn>
<tournamentcurrency>EUR</tournamentcurrency>
<currency>EUR</currency>
<nickname>oreiasccp</nickname>
<gamecount>31</gamecount>
<startdate>2025-06-28 11:29:20</startdate>
<place>2</place>
<win>€0</win>
<tablesize>3</tablesize>
</general>
<game gamecode="11538722303"><general><startdate>2025-06-28 11:29:36</startdate>
<round>1</round>
<failsafecounter/>
<players><player seat="6" name="X4gettoblaster" chips="500" dealer="0" win="130" bet="60" muck="0" rebuy="0" addon="0" merge="0" rebuychips="0" reg_code="8393589872"/>
<player seat="10" name="oreiasccp" chips="500" dealer="1" win="0" bet="60" muck="1" rebuy="0" addon="0" merge="0" rebuychips="0" reg_code="8393589887"/>
<player seat="3" name="Amigo2015" chips="500" dealer="0" win="0" bet="10" muck="1" rebuy="0" addon="0" merge="0" rebuychips="0" reg_code="8393589865"/>
</players>
</general>
<round no="0"><action no="1" player="Amigo2015" type="1" discard="1" dealt="1" sum="10"/>
<action no="2" player="X4gettoblaster" type="2" discard="1" dealt="1" sum="20"/>
</round>
<round no="1"><cards type="Pocket" player="oreiasccp">S3 D3</cards>
<cards type="Pocket" player="X4gettoblaster">D7 HQ</cards>
<cards type="Pocket" player="Amigo2015">X X</cards>
<action no="3" player="oreiasccp" type="23" sum="40"/>
<action no="4" player="Amigo2015" type="0" discard="1" dealt="1" sum="0"/>
<action no="5" player="X4gettoblaster" type="3" discard="1" dealt="1" sum="20"/>
</round>
<round no="2"><cards type="Flop">S10 HK C7</cards>
<action no="6" player="X4gettoblaster" type="4" discard="1" dealt="1" sum="0"/>
<action no="7" player="oreiasccp" type="5" sum="20"/>
<action no="8" player="X4gettoblaster" type="3" discard="1" dealt="1" sum="20"/>
</round>
<round no="3"><cards type="Turn">D8</cards>
<action no="9" player="X4gettoblaster" type="4" discard="1" dealt="1" sum="0"/>
<action no="10" player="oreiasccp" type="4" sum="0"/>
</round>
<round no="4"><cards type="River">D5</cards>
<action no="11" player="X4gettoblaster" type="4" discard="1" dealt="1" sum="0"/>
<action no="12" player="oreiasccp" type="4" sum="0"/>
</round>
</game>
<game gamecode="11538722415"><general><startdate>2025-06-28 11:30:03</startdate>
<round>1</round>
<failsafecounter/>
<players><player seat="10" name="oreiasccp" chips="440" dealer="0" win="240" bet="295" muck="1" rebuy="0" addon="0" merge="0" rebuychips="0" reg_code="8393589887"/>
<player seat="3" name="Amigo2015" chips="490" dealer="1" win="0" bet="0" muck="1" rebuy="0" addon="0" merge="0" rebuychips="0" reg_code="8393589865"/>
<player seat="6" name="X4gettoblaster" chips="570" dealer="0" win="0" bet="120" muck="1" rebuy="0" addon="0" merge="0" rebuychips="0" reg_code="8393589872"/>
</players>
</general>
<round no="0"><action no="1" player="X4gettoblaster" type="1" discard="1" dealt="1" sum="10"/>
<action no="2" player="oreiasccp" type="2" sum="20"/>
</round>
<round no="1"><cards type="Pocket" player="X4gettoblaster">X X</cards>
<cards type="Pocket" player="Amigo2015">X X</cards>
<cards type="Pocket" player="oreiasccp">D8 D9</cards>
<action no="3" player="Amigo2015" type="0" discard="1" dealt="1" sum="0"/>
<action no="4" player="X4gettoblaster" type="3" discard="1" dealt="1" sum="10"/>
<action no="5" player="oreiasccp" type="4" sum="0"/>
</round>
<round no="2"><cards type="Flop">S5 D10 D3</cards>
<action no="6" player="X4gettoblaster" type="5" discard="1" dealt="1" sum="40"/>
<action no="7" player="oreiasccp" type="3" sum="40"/>
</round>
<round no="3"><cards type="Turn">D7</cards>
<action no="8" player="X4gettoblaster" type="4" discard="1" dealt="1" sum="0"/>
<action no="9" player="oreiasccp" type="5" sum="60"/>
<action no="10" player="X4gettoblaster" type="3" discard="1" dealt="1" sum="60"/>
</round>
<round no="4"><cards type="River">CA</cards>
<action no="11" player="X4gettoblaster" type="4" discard="1" dealt="1" sum="0"/>
<action no="12" player="oreiasccp" type="5" sum="175"/>
<action no="13" player="X4gettoblaster" type="0" discard="1" dealt="1" sum="0"/>
</round>
</game>
<game gamecode="11538722553"><general><startdate>2025-06-28 11:30:32</startdate>
<round>1</round>
<failsafecounter/>
<players><player seat="3" name="Amigo2015" chips="490" dealer="0" win="60" bet="270" muck="1" rebuy="0" addon="0" merge="0" rebuychips="0" reg_code="8393589865"/>
<player seat="6" name="X4gettoblaster" chips="450" dealer="1" win="0" bet="20" muck="1" rebuy="0" addon="0" merge="0" rebuychips="0" reg_code="8393589872"/>
<player seat="10" name="oreiasccp" chips="560" dealer="0" win="0" bet="20" muck="1" rebuy="0" addon="0" merge="0" rebuychips="0" reg_code="8393589887"/>
</players>
</general>
<round no="0"><action no="1" player="oreiasccp" type="1" sum="10"/>
<action no="2" player="Amigo2015" type="2" discard="1" dealt="1" sum="20"/>
</round>
<round no="1"><cards type="Pocket" player="Amigo2015">X X</cards>
<cards type="Pocket" player="oreiasccp">CK C3</cards>
<cards type="Pocket" player="X4gettoblaster">X X</cards>
<action no="3" player="X4gettoblaster" type="3" discard="1" dealt="1" sum="20"/>
<action no="4" player="oreiasccp" type="3" sum="10"/>
<action no="5" player="Amigo2015" type="23" discard="1" dealt="1" sum="270"/>
<action no="6" player="X4gettoblaster" type="0" discard="1" dealt="1" sum="0"/>
<action no="7" player="oreiasccp" type="0" sum="0"/>
</round>
</game>
<game gamecode="11538722611"><general><startdate>2025-06-28 11:30:44</startdate>
<round>1</round>
<failsafecounter/>
<players><player seat="6" name="X4gettoblaster" chips="430" dealer="0" win="80" bet="80" muck="1" rebuy="0" addon="0" merge="0" rebuychips="0" reg_code="8393589872"/>
<player seat="10" name="oreiasccp" chips="540" dealer="1" win="0" bet="0" muck="1" rebuy="0" addon="0" merge="0" rebuychips="0" reg_code="8393589887"/>
<player seat="3" name="Amigo2015" chips="530" dealer="0" win="0" bet="40" muck="1" rebuy="0" addon="0" merge="0" rebuychips="0" reg_code="8393589865"/>
</players>
</general>
<round no="0"><action no="1" player="Amigo2015" type="1" discard="1" dealt="1" sum="10"/>
<action no="2" player="X4gettoblaster" type="2" discard="1" dealt="1" sum="20"/>
</round>
<round no="1"><cards type="Pocket" player="oreiasccp">D7 H5</cards>
<cards type="Pocket" player="X4gettoblaster">X X</cards>
<cards type="Pocket" player="Amigo2015">X X</cards>
<action no="3" player="oreiasccp" type="0" sum="0"/>
<action no="4" player="Amigo2015" type="3" discard="1" dealt="1" sum="10"/>
<action no="5" player="X4gettoblaster" type="4" discard="1" dealt="1" sum="0"/>
</round>
<round no="2"><cards type="Flop">D8 D5 C10</cards>
<action no="6" player="Amigo2015" type="5" discard="1" dealt="1" sum="20"/>
<action no="7" player="X4gettoblaster" type="3" discard="1" dealt="1" sum="20"/>
</round>
<round no="3"><cards type="Turn">C8</cards>
<action no="8" player="Amigo2015" type="4" discard="1" dealt="1" sum="0"/>
<action no="9" player="X4gettoblaster" type="5" discard="1" dealt="1" sum="40"/>
<action no="10" player="Amigo2015" type="0" discard="1" dealt="1" sum="0"/>
</round>
</game>
<game gamecode="11538722691"><general><startdate>2025-06-28 11:31:04</startdate>
<round>1</round>
<failsafecounter/>
<players><player seat="10" name="oreiasccp" chips="540" dealer="0" win="90" bet="490" muck="1" rebuy="0" addon="0" merge="0" rebuychips="0" reg_code="8393589887"/>
<player seat="3" name="Amigo2015" chips="490" dealer="1" win="0" bet="40" muck="1" rebuy="0" addon="0" merge="0" rebuychips="0" reg_code="8393589865"/>
<player seat="6" name="X4gettoblaster" chips="470" dealer="0" win="0" bet="10" muck="1" rebuy="0" addon="0" merge="0" rebuychips="0" reg_code="8393589872"/>
</players>
</general>
<round no="0"><action no="1" player="X4gettoblaster" type="1" discard="1" dealt="1" sum="10"/>
<action no="2" player="oreiasccp" type="2" sum="20"/>
</round>
<round no="1"><cards type="Pocket" player="Amigo2015">X X</cards>
<cards type="Pocket" player="oreiasccp">DK CA</cards>
<cards type="Pocket" player="X4gettoblaster">X X</cards>
<action no="3" player="Amigo2015" type="23" discard="1" dealt="1" sum="40"/>
<action no="4" player="X4gettoblaster" type="0" discard="1" dealt="1" sum="0"/>
<action no="5" player="oreiasccp" type="23" sum="490"/>
<action no="6" player="Amigo2015" type="0" discard="1" dealt="1" sum="0"/>
</round>
</game>
<game gamecode="11538722736"><general><startdate>2025-06-28 11:31:15</startdate>
<round>1</round>
<failsafecounter/>
<players><player seat="3" name="Amigo2015" chips="450" dealer="0" win="0" bet="40" muck="1" rebuy="0" addon="0" merge="0" rebuychips="0" reg_code="8393589865"/>
<player seat="6" name="X4gettoblaster" chips="460" dealer="1" win="90" bet="130" muck="1" rebuy="0" addon="0" merge="0" rebuychips="0" reg_code="8393589872"/>
<player seat="10" name="oreiasccp" chips="590" dealer="0" win="0" bet="10" muck="1" rebuy="0" addon="0" merge="0" rebuychips="0" reg_code="8393589887"/>
</players>
</general>
<round no="0"><action no="1" player="oreiasccp" type="1" sum="10"/>
<action no="2" player="Amigo2015" type="2" discard="1" dealt="1" sum="20"/>
</round>
<round no="1"><cards type="Pocket" player="Amigo2015">X X</cards>
<cards type="Pocket" player="X4gettoblaster">X X</cards>
<cards type="Pocket" player="oreiasccp">S8 DQ</cards>
<action no="3" player="X4gettoblaster" type="3" discard="1" dealt="1" sum="20"/>
<action no="4" player="oreiasccp" type="0" sum="0"/>
<action no="5" player="Amigo2015" type="4" discard="1" dealt="1" sum="0"/>
</round>
<round no="2"><cards type="Flop">H6 D9 S3</cards>
<action no="6" player="Amigo2015" type="4" discard="1" dealt="1" sum="0"/>
<action no="7" player="X4gettoblaster" type="5" discard="1" dealt="1" sum="20"/>
<action no="8" player="Amigo2015" type="3" discard="1" dealt="1" sum="20"/>
</round>
<round no="3"><cards type="Turn">S4</cards>
<action no="9" player="Amigo2015" type="4" discard="1" dealt="1" sum="0"/>
<action no="10" player="X4gettoblaster" type="4" discard="1" dealt="1" sum="0"/>
</round>
<round no="4"><cards type="River">C5</cards>
<action no="11" player="Amigo2015" type="4" discard="1" dealt="1" sum="0"/>
<action no="12" player="X4gettoblaster" type="5" discard="1" dealt="1" sum="90"/>
<action no="13" player="Amigo2015" type="0" discard="1" dealt="1" sum="0"/>
</round>
</game>
<game gamecode="11538722913"><general><startdate>2025-06-28 11:31:57</startdate>
<round>1</round>
<failsafecounter/>
<players><player seat="6" name="X4gettoblaster" chips="510" dealer="0" win="0" bet="35" muck="1" rebuy="0" addon="0" merge="0" rebuychips="0" reg_code="8393589872"/>
<player seat="10" name="oreiasccp" chips="580" dealer="1" win="0" bet="5" muck="1" rebuy="0" addon="0" merge="0" rebuychips="0" reg_code="8393589887"/>
<player seat="3" name="Amigo2015" chips="410" dealer="0" win="75" bet="228" muck="1" rebuy="0" addon="0" merge="0" rebuychips="0" reg_code="8393589865"/>
</players>
</general>
<round no="0"><action no="1" player="Amigo2015" type="15" discard="1" dealt="1" sum="5"/>
<action no="2" player="X4gettoblaster" type="15" discard="1" dealt="1" sum="5"/>
<action no="3" player="oreiasccp" type="15" sum="5"/>
<action no="4" player="Amigo2015" type="1" discard="1" dealt="1" sum="15"/>
<action no="5" player="X4gettoblaster" type="2" discard="1" dealt="1" sum="30"/>
</round>
<round no="1"><cards type="Pocket" player="oreiasccp">D9 CJ</cards>
<cards type="Pocket" player="X4gettoblaster">X X</cards>
<cards type="Pocket" player="Amigo2015">X X</cards>
<action no="6" player="oreiasccp" type="0" sum="0"/>
<action no="7" player="Amigo2015" type="23" discard="1" dealt="1" sum="223"/>
<action no="8" player="X4gettoblaster" type="0" discard="1" dealt="1" sum="0"/>
</round>
</game>
<game gamecode="11538722958"><general><startdate>2025-06-28 11:32:08</startdate>
<round>1</round>
<failsafecounter/>
<players><player seat="10" name="oreiasccp" chips="575" dealer="0" win="45" bet="35" muck="1" rebuy="0" addon="0" merge="0" rebuychips="0" reg_code="8393589887"/>
<player seat="3" name="Amigo2015" chips="450" dealer="1" win="0" bet="5" muck="1" rebuy="0" addon="0" merge="0" rebuychips="0" reg_code="8393589865"/>
<player seat="6" name="X4gettoblaster" chips="475" dealer="0" win="0" bet="20" muck="1" rebuy="0" addon="0" merge="0" rebuychips="0" reg_code="8393589872"/>
</players>
</general>
<round no="0"><action no="1" player="X4gettoblaster" type="15" discard="1" dealt="1" sum="5"/>
<action no="2" player="oreiasccp" type="15" sum="5"/>
<action no="3" player="Amigo2015" type="15" discard="1" dealt="1" sum="5"/>
<action no="4" player="X4gettoblaster" type="1" discard="1" dealt="1" sum="15"/>
<action no="5" player="oreiasccp" type="2" sum="30"/>
</round>
<round no="1"><cards type="Pocket" player="Amigo2015">X X</cards>
<cards type="Pocket" player="X4gettoblaster">X X</cards>
<cards type="Pocket" player="oreiasccp">C9 C10</cards>
<action no="6" player="Amigo2015" type="0" discard="1" dealt="1" sum="0"/>
<action no="7" player="X4gettoblaster" type="0" discard="1" dealt="1" sum="0"/>
</round>
</game>
<game gamecode="11538723001"><general><startdate>2025-06-28 11:32:17</startdate>
<round>1</round>
<failsafecounter/>
<players><player seat="3" name="Amigo2015" chips="445" dealer="0" win="0" bet="35" muck="1" rebuy="0" addon="0" merge="0" rebuychips="0" reg_code="8393589865"/>
<player seat="6" name="X4gettoblaster" chips="455" dealer="1" win="0" bet="35" muck="1" rebuy="0" addon="0" merge="0" rebuychips="0" reg_code="8393589872"/>
<player seat="10" name="oreiasccp" chips="600" dealer="0" win="105" bet="155" muck="1" rebuy="0" addon="0" merge="0" rebuychips="0" reg_code="8393589887"/>
</players>
</general>
<round no="0"><action no="1" player="oreiasccp" type="15" sum="5"/>
<action no="2" player="Amigo2015" type="15" discard="1" dealt="1" sum="5"/>
<action no="3" player="X4gettoblaster" type="15" discard="1" dealt="1" sum="5"/>
<action no="4" player="oreiasccp" type="1" sum="15"/>
<action no="5" player="Amigo2015" type="2" discard="1" dealt="1" sum="30"/>
</round>
<round no="1"><cards type="Pocket" player="Amigo2015">X X</cards>
<cards type="Pocket" player="oreiasccp">CA HA</cards>
<cards type="Pocket" player="X4gettoblaster">X X</cards>
<action no="6" player="X4gettoblaster" type="3" discard="1" dealt="1" sum="30"/>
<action no="7" player="oreiasccp" type="23" sum="150"/>
<action no="8" player="Amigo2015" type="0" discard="1" dealt="1" sum="0"/>
<action no="9" player="X4gettoblaster" type="0" discard="1" dealt="1" sum="0"/>
</round>
</game>
<game gamecode="11538723059"><general><startdate>2025-06-28 11:32:32</startdate>
<round>1</round>
<failsafecounter/>
<players><player seat="6" name="X4gettoblaster" chips="420" dealer="0" win="75" bet="155" muck="1" rebuy="0" addon="0" merge="0" rebuychips="0" reg_code="8393589872"/>
<player seat="10" name="oreiasccp" chips="670" dealer="1" win="0" bet="5" muck="1" rebuy="0" addon="0" merge="0" rebuychips="0" reg_code="8393589887"/>
<player seat="3" name="Amigo2015" chips="410" dealer="0" win="0" bet="35" muck="1" rebuy="0" addon="0" merge="0" rebuychips="0" reg_code="8393589865"/>
</players>
</general>
<round no="0"><action no="1" player="Amigo2015" type="15" discard="1" dealt="1" sum="5"/>
<action no="2" player="X4gettoblaster" type="15" discard="1" dealt="1" sum="5"/>
<action no="3" player="oreiasccp" type="15" sum="5"/>
<action no="4" player="Amigo2015" type="1" discard="1" dealt="1" sum="15"/>
<action no="5" player="X4gettoblaster" type="2" discard="1" dealt="1" sum="30"/>
</round>
<round no="1"><cards type="Pocket" player="oreiasccp">C9 C3</cards>
<cards type="Pocket" player="X4gettoblaster">X X</cards>
<cards type="Pocket" player="Amigo2015">X X</cards>
<action no="6" player="oreiasccp" type="0" sum="0"/>
<action no="7" player="Amigo2015" type="3" discard="1" dealt="1" sum="15"/>
<action no="8" player="X4gettoblaster" type="23" discard="1" dealt="1" sum="150"/>
<action no="9" player="Amigo2015" type="0" discard="1" dealt="1" sum="0"/>
</round>
</game>
<game gamecode="11538723120"><general><startdate>2025-06-28 11:32:48</startdate>
<round>1</round>
<failsafecounter/>
<players><player seat="10" name="oreiasccp" chips="665" dealer="0" win="45" bet="35" muck="1" rebuy="0" addon="0" merge="0" rebuychips="0" reg_code="8393589887"/>
<player seat="3" name="Amigo2015" chips="375" dealer="1" win="0" bet="5" muck="1" rebuy="0" addon="0" merge="0" rebuychips="0" reg_code="8393589865"/>
<player seat="6" name="X4gettoblaster" chips="460" dealer="0" win="0" bet="20" muck="1" rebuy="0" addon="0" merge="0" rebuychips="0" reg_code="8393589872"/>
</players>
</general>
<round no="0"><action no="1" player="X4gettoblaster" type="15" discard="1" dealt="1" sum="5"/>
<action no="2" player="oreiasccp" type="15" sum="5"/>
<action no="3" player="Amigo2015" type="15" discard="1" dealt="1" sum="5"/>
<action no="4" player="X4gettoblaster" type="1" discard="1" dealt="1" sum="15"/>
<action no="5" player="oreiasccp" type="2" sum="30"/>
</round>
<round no="1"><cards type="Pocket" player="Amigo2015">X X</cards>
<cards type="Pocket" player="oreiasccp">HQ S8</cards>
<cards type="Pocket" player="X4gettoblaster">X X</cards>
<action no="6" player="Amigo2015" type="0" discard="1" dealt="1" sum="0"/>
<action no="7" player="X4gettoblaster" type="0" discard="1" dealt="1" sum="0"/>
</round>
</game>
<game gamecode="11538723162"><general><startdate>2025-06-28 11:32:56</startdate>
<round>1</round>
<failsafecounter/>
<players><player seat="3" name="Amigo2015" chips="370" dealer="0" win="105" bet="113" muck="1" rebuy="0" addon="0" merge="0" rebuychips="0" reg_code="8393589865"/>
<player seat="6" name="X4gettoblaster" chips="440" dealer="1" win="0" bet="35" muck="1" rebuy="0" addon="0" merge="0" rebuychips="0" reg_code="8393589872"/>
<player seat="10" name="oreiasccp" chips="690" dealer="0" win="0" bet="35" muck="1" rebuy="0" addon="0" merge="0" rebuychips="0" reg_code="8393589887"/>
</players>
</general>
<round no="0"><action no="1" player="oreiasccp" type="15" sum="5"/>
<action no="2" player="Amigo2015" type="15" discard="1" dealt="1" sum="5"/>
<action no="3" player="X4gettoblaster" type="15" discard="1" dealt="1" sum="5"/>
<action no="4" player="oreiasccp" type="1" sum="15"/>
<action no="5" player="Amigo2015" type="2" discard="1" dealt="1" sum="30"/>
</round>
<round no="1"><cards type="Pocket" player="X4gettoblaster">X X</cards>
<cards type="Pocket" player="oreiasccp">H2 HJ</cards>
<cards type="Pocket" player="Amigo2015">X X</cards>
<action no="6" player="X4gettoblaster" type="3" discard="1" dealt="1" sum="30"/>
<action no="7" player="oreiasccp" type="3" sum="15"/>
<action no="8" player="Amigo2015" type="4" discard="1" dealt="1" sum="0"/>
</round>
<round no="2"><cards type="Flop">S3 D2 C4</cards>
<action no="9" player="oreiasccp" type="4" sum="0"/>
<action no="10" player="Amigo2015" type="4" discard="1" dealt="1" sum="0"/>
<action no="11" player="X4gettoblaster" type="4" discard="1" dealt="1" sum="0"/>
</round>
<round no="3"><cards type="Turn">C3</cards>
<action no="12" player="oreiasccp" type="4" sum="0"/>
<action no="13" player="Amigo2015" type="5" discard="1" dealt="1" sum="78"/>
<action no="14" player="X4gettoblaster" type="0" discard="1" dealt="1" sum="0"/>
<action no="15" player="oreiasccp" type="0" sum="0"/>
</round>
</game>
<game gamecode="11538723260"><general><startdate>2025-06-28 11:33:22</startdate>
<round>1</round>
<failsafecounter/>
<players><player seat="6" name="X4gettoblaster" chips="405" dealer="0" win="0" bet="405" muck="0" rebuy="0" addon="0" merge="0" rebuychips="0" reg_code="8393589872"/>
<player seat="10" name="oreiasccp" chips="655" dealer="1" win="0" bet="65" muck="1" rebuy="0" addon="0" merge="0" rebuychips="0" reg_code="8393589887"/>
<player seat="3" name="Amigo2015" chips="440" dealer="0" win="875" bet="405" muck="0" rebuy="0" addon="0" merge="0" rebuychips="0" reg_code="8393589865"/>
</players>
</general>
<round no="0"><action no="1" player="Amigo2015" type="15" discard="1" dealt="1" sum="5"/>
<action no="2" player="X4gettoblaster" type="15" discard="1" dealt="1" sum="5"/>
<action no="3" player="oreiasccp" type="15" sum="5"/>
<action no="4" player="Amigo2015" type="1" discard="1" dealt="1" sum="15"/>
<action no="5" player="X4gettoblaster" type="2" discard="1" dealt="1" sum="30"/>
</round>
<round no="1"><cards type="Pocket" player="X4gettoblaster">SJ CA</cards>
<cards type="Pocket" player="Amigo2015">H6 S6</cards>
<cards type="Pocket" player="oreiasccp">D9 CK</cards>
<action no="6" player="oreiasccp" type="23" sum="60"/>
<action no="7" player="Amigo2015" type="23" discard="1" dealt="1" sum="240"/>
<action no="8" player="X4gettoblaster" type="7" discard="1" dealt="1" sum="370"/>
<action no="9" player="oreiasccp" type="0" sum="0"/>
<action no="10" player="Amigo2015" type="3" discard="1" dealt="1" sum="160"/>
</round>
<round no="2"><cards type="Flop">S2 H7 H2</cards>
</round>
<round no="3"><cards type="Turn">D4</cards>
</round>
<round no="4"><cards type="River">H4</cards>
</round>
</game>
<game gamecode="11538723353"><general><startdate>2025-06-28 11:33:44</startdate>
<round>1</round>
<failsafecounter/>
<players><player seat="10" name="oreiasccp" chips="590" dealer="0" win="170" bet="590" muck="1" rebuy="0" addon="0" merge="0" rebuychips="0" reg_code="8393589887"/>
<player seat="3" name="Amigo2015" chips="910" dealer="1" win="0" bet="85" muck="1" rebuy="0" addon="0" merge="0" rebuychips="0" reg_code="8393589865"/>
</players>
</general>
<round no="0"><action no="1" player="Amigo2015" type="15" discard="1" dealt="1" sum="5"/>
<action no="2" player="oreiasccp" type="15" sum="5"/>
<action no="3" player="Amigo2015" type="1" discard="1" dealt="1" sum="20"/>
<action no="4" player="oreiasccp" type="2" sum="40"/>
</round>
<round no="1"><cards type="Pocket" player="Amigo2015">X X</cards>
<cards type="Pocket" player="oreiasccp">SA HJ</cards>
<action no="5" player="Amigo2015" type="23" discard="1" dealt="1" sum="80"/>
<action no="6" player="oreiasccp" type="23" sum="585"/>
<action no="7" player="Amigo2015" type="0" discard="1" dealt="1" sum="0"/>
</round>
</game>
<game gamecode="11538723410"><general><startdate>2025-06-28 11:33:56</startdate>
<round>1</round>
<failsafecounter/>
<players><player seat="3" name="Amigo2015" chips="825" dealer="0" win="170" bet="150" muck="1" rebuy="0" addon="0" merge="0" rebuychips="0" reg_code="8393589865"/>
<player seat="10" name="oreiasccp" chips="675" dealer="1" win="0" bet="85" muck="1" rebuy="0" addon="0" merge="0" rebuychips="0" reg_code="8393589887"/>
</players>
</general>
<round no="0"><action no="1" player="oreiasccp" type="15" sum="5"/>
<action no="2" player="Amigo2015" type="15" discard="1" dealt="1" sum="5"/>
<action no="3" player="oreiasccp" type="1" sum="20"/>
<action no="4" player="Amigo2015" type="2" discard="1" dealt="1" sum="40"/>
</round>
<round no="1"><cards type="Pocket" player="Amigo2015">X X</cards>
<cards type="Pocket" player="oreiasccp">D4 D6</cards>
<action no="5" player="oreiasccp" type="3" sum="20"/>
<action no="6" player="Amigo2015" type="4" discard="1" dealt="1" sum="0"/>
</round>
<round no="2"><cards type="Flop">H7 S7 DK</cards>
<action no="7" player="Amigo2015" type="4" discard="1" dealt="1" sum="0"/>
<action no="8" player="oreiasccp" type="5" sum="40"/>
<action no="9" player="Amigo2015" type="23" discard="1" dealt="1" sum="105"/>
<action no="10" player="oreiasccp" type="0" sum="0"/>
</round>
</game>
<game gamecode="11538723508"><general><startdate>2025-06-28 11:34:20</startdate>
<round>1</round>
<failsafecounter/>
<players><player seat="10" name="oreiasccp" chips="590" dealer="0" win="0" bet="45" muck="1" rebuy="0" addon="0" merge="0" rebuychips="0" reg_code="8393589887"/>
<player seat="3" name="Amigo2015" chips="910" dealer="1" win="90" bet="85" muck="1" rebuy="0" addon="0" merge="0" rebuychips="0" reg_code="8393589865"/>
</players>
</general>
<round no="0"><action no="1" player="Amigo2015" type="15" discard="1" dealt="1" sum="5"/>
<action no="2" player="oreiasccp" type="15" sum="5"/>
<action no="3" player="Amigo2015" type="1" discard="1" dealt="1" sum="20"/>
<action no="4" player="oreiasccp" type="2" sum="40"/>
</round>
<round no="1"><cards type="Pocket" player="Amigo2015">X X</cards>
<cards type="Pocket" player="oreiasccp">D3 H10</cards>
<action no="5" player="Amigo2015" type="3" discard="1" dealt="1" sum="20"/>
<action no="6" player="oreiasccp" type="4" sum="0"/>
</round>
<round no="2"><cards type="Flop">S5 SQ CQ</cards>
<action no="7" player="oreiasccp" type="4" sum="0"/>
<action no="8" player="Amigo2015" type="5" discard="1" dealt="1" sum="40"/>
<action no="9" player="oreiasccp" type="0" sum="0"/>
</round>
</game>
<game gamecode="11538723628"><general><startdate>2025-06-28 11:34:48</startdate>
<round>1</round>
<failsafecounter/>
<players><player seat="3" name="Amigo2015" chips="955" dealer="0" win="90" bet="105" muck="1" rebuy="0" addon="0" merge="0" rebuychips="0" reg_code="8393589865"/>
<player seat="10" name="oreiasccp" chips="545" dealer="1" win="0" bet="45" muck="1" rebuy="0" addon="0" merge="0" rebuychips="0" reg_code="8393589887"/>
</players>
</general>
<round no="0"><action no="1" player="oreiasccp" type="15" sum="5"/>
<action no="2" player="Amigo2015" type="15" discard="1" dealt="1" sum="5"/>
<action no="3" player="oreiasccp" type="1" sum="20"/>
<action no="4" player="Amigo2015" type="2" discard="1" dealt="1" sum="40"/>
</round>
<round no="1"><cards type="Pocket" player="Amigo2015">X X</cards>
<cards type="Pocket" player="oreiasccp">SK D3</cards>
<action no="5" player="oreiasccp" type="3" sum="20"/>
<action no="6" player="Amigo2015" type="23" discard="1" dealt="1" sum="100"/>
<action no="7" player="oreiasccp" type="0" sum="0"/>
</round>
</game>
<game gamecode="11538723697"><general><startdate>2025-06-28 11:35:06</startdate>
<round>1</round>
<failsafecounter/>
<players><player seat="10" name="oreiasccp" chips="500" dealer="0" win="170" bet="128" muck="1" rebuy="0" addon="0" merge="0" rebuychips="0" reg_code="8393589887"/>
<player seat="3" name="Amigo2015" chips="1,000" dealer="1" win="0" bet="85" muck="1" rebuy="0" addon="0" merge="0" rebuychips="0" reg_code="8393589865"/>
</players>
</general>
<round no="0"><action no="1" player="Amigo2015" type="15" discard="1" dealt="1" sum="5"/>
<action no="2" player="oreiasccp" type="15" sum="5"/>
<action no="3" player="Amigo2015" type="1" discard="1" dealt="1" sum="20"/>
<action no="4" player="oreiasccp" type="2" sum="40"/>
</round>
<round no="1"><cards type="Pocket" player="Amigo2015">X X</cards>
<cards type="Pocket" player="oreiasccp">DA SA</cards>
<action no="5" player="Amigo2015" type="3" discard="1" dealt="1" sum="20"/>
<action no="6" player="oreiasccp" type="23" sum="80"/>
<action no="7" player="Amigo2015" type="3" discard="1" dealt="1" sum="40"/>
</round>
<round no="2"><cards type="Flop">D10 H7 D4</cards>
<action no="8" player="oreiasccp" type="5" sum="43"/>
<action no="9" player="Amigo2015" type="0" discard="1" dealt="1" sum="0"/>
</round>
</game>
<game gamecode="11538723745"><general><startdate>2025-06-28 11:35:19</startdate>
<round>1</round>
<failsafecounter/>
<players><player seat="3" name="Amigo2015" chips="915" dealer="0" win="50" bet="45" muck="1" rebuy="0" addon="0" merge="0" rebuychips="0" reg_code="8393589865"/>
<player seat="10" name="oreiasccp" chips="585" dealer="1" win="0" bet="25" muck="1" rebuy="0" addon="0" merge="0" rebuychips="0" reg_code="8393589887"/>
</players>
</general>
<round no="0"><action no="1" player="oreiasccp" type="15" sum="5"/>
<action no="2" player="Amigo2015" type="15" discard="1" dealt="1" sum="5"/>
<action no="3" player="oreiasccp" type="1" sum="20"/>
<action no="4" player="Amigo2015" type="2" discard="1" dealt="1" sum="40"/>
</round>
<round no="1"><cards type="Pocket" player="oreiasccp">C9 H2</cards>
<cards type="Pocket" player="Amigo2015">X X</cards>
<action no="5" player="oreiasccp" type="0" sum="0"/>
</round>
</game>
<game gamecode="11538723775"><general><startdate>2025-06-28 11:35:25</startdate>
<round>1</round>
<failsafecounter/>
<players><player seat="10" name="oreiasccp" chips="560" dealer="0" win="0" bet="85" muck="1" rebuy="0" addon="0" merge="0" rebuychips="0" reg_code="8393589887"/>
<player seat="3" name="Amigo2015" chips="940" dealer="1" win="170" bet="212" muck="1" rebuy="0" addon="0" merge="0" rebuychips="0" reg_code="8393589865"/>
</players>
</general>
<round no="0"><action no="1" player="Amigo2015" type="15" discard="1" dealt="1" sum="5"/>
<action no="2" player="oreiasccp" type="15" sum="5"/>
<action no="3" player="Amigo2015" type="1" discard="1" dealt="1" sum="20"/>
<action no="4" player="oreiasccp" type="2" sum="40"/>
</round>
<round no="1"><cards type="Pocket" player="Amigo2015">X X</cards>
<cards type="Pocket" player="oreiasccp">C4 C3</cards>
<action no="5" player="Amigo2015" type="3" discard="1" dealt="1" sum="20"/>
<action no="6" player="oreiasccp" type="4" sum="0"/>
</round>
<round no="2"><cards type="Flop">S5 H3 HQ</cards>
<action no="7" player="oreiasccp" type="4" sum="0"/>
<action no="8" player="Amigo2015" type="5" discard="1" dealt="1" sum="40"/>
<action no="9" player="oreiasccp" type="3" sum="40"/>
</round>
<round no="3"><cards type="Turn">H5</cards>
<action no="10" player="oreiasccp" type="4" sum="0"/>
<action no="11" player="Amigo2015" type="5" discard="1" dealt="1" sum="127"/>
<action no="12" player="oreiasccp" type="0" sum="0"/>
</round>
</game>
<game gamecode="11538723862"><general><startdate>2025-06-28 11:35:44</startdate>
<round>1</round>
<failsafecounter/>
<players><player seat="3" name="Amigo2015" chips="1,025" dealer="0" win="70" bet="65" muck="1" rebuy="0" addon="0" merge="0" rebuychips="0" reg_code="8393589865"/>
<player seat="10" name="oreiasccp" chips="475" dealer="1" win="0" bet="35" muck="1" rebuy="0" addon="0" merge="0" rebuychips="0" reg_code="8393589887"/>
</players>
</general>
<round no="0"><action no="1" player="oreiasccp" type="15" sum="5"/>
<action no="2" player="Amigo2015" type="15" discard="1" dealt="1" sum="5"/>
<action no="3" player="oreiasccp" type="1" sum="30"/>
<action no="4" player="Amigo2015" type="2" discard="1" dealt="1" sum="60"/>
</round>
<round no="1"><cards type="Pocket" player="oreiasccp">S4 C8</cards>
<cards type="Pocket" player="Amigo2015">X X</cards>
<action no="5" player="oreiasccp" type="0" sum="0"/>
</round>
</game>
<game gamecode="11538728569"><general><startdate>2025-06-28 11:35:49</startdate>
<round>1</round>
<failsafecounter/>
<players><player seat="10" name="oreiasccp" chips="440" dealer="0" win="0" bet="65" muck="1" rebuy="0" addon="0" merge="0" rebuychips="0" reg_code="8393589887"/>
<player seat="3" name="Amigo2015" chips="1,060" dealer="1" win="130" bet="244" muck="1" rebuy="0" addon="0" merge="0" rebuychips="0" reg_code="8393589865"/>
</players>
</general>
<round no="0"><action no="1" player="Amigo2015" type="15" discard="1" dealt="1" sum="5"/>
<action no="2" player="oreiasccp" type="15" sum="5"/>
<action no="3" player="Amigo2015" type="1" discard="1" dealt="1" sum="30"/>
<action no="4" player="oreiasccp" type="2" sum="60"/>
</round>
<round no="1"><cards type="Pocket" player="Amigo2015">X X</cards>
<cards type="Pocket" player="oreiasccp">H2 D5</cards>
<action no="5" player="Amigo2015" type="23" discard="1" dealt="1" sum="239"/>
<action no="6" player="oreiasccp" type="0" sum="0"/>
</round>
</game>
<game gamecode="11538728590"><general><startdate>2025-06-28 11:35:55</startdate>
<round>1</round>
<failsafecounter/>
<players><player seat="3" name="Amigo2015" chips="1,125" dealer="0" win="70" bet="65" muck="1" rebuy="0" addon="0" merge="0" rebuychips="0" reg_code="8393589865"/>
<player seat="10" name="oreiasccp" chips="375" dealer="1" win="0" bet="35" muck="1" rebuy="0" addon="0" merge="0" rebuychips="0" reg_code="8393589887"/>
</players>
</general>
<round no="0"><action no="1" player="oreiasccp" type="15" sum="5"/>
<action no="2" player="Amigo2015" type="15" discard="1" dealt="1" sum="5"/>
<action no="3" player="oreiasccp" type="1" sum="30"/>
<action no="4" player="Amigo2015" type="2" discard="1" dealt="1" sum="60"/>
</round>
<round no="1"><cards type="Pocket" player="Amigo2015">X X</cards>
<cards type="Pocket" player="oreiasccp">D6 H8</cards>
<action no="5" player="oreiasccp" type="0" sum="0"/>
</round>
</game>
<game gamecode="11538728616"><general><startdate>2025-06-28 11:36:01</startdate>
<round>1</round>
<failsafecounter/>
<players><player seat="10" name="oreiasccp" chips="340" dealer="0" win="70" bet="65" muck="1" rebuy="0" addon="0" merge="0" rebuychips="0" reg_code="8393589887"/>
<player seat="3" name="Amigo2015" chips="1,160" dealer="1" win="0" bet="35" muck="1" rebuy="0" addon="0" merge="0" rebuychips="0" reg_code="8393589865"/>
</players>
</general>
<round no="0"><action no="1" player="Amigo2015" type="15" discard="1" dealt="1" sum="5"/>
<action no="2" player="oreiasccp" type="15" sum="5"/>
<action no="3" player="Amigo2015" type="1" discard="1" dealt="1" sum="30"/>
<action no="4" player="oreiasccp" type="2" sum="60"/>
</round>
<round no="1"><cards type="Pocket" player="Amigo2015">X X</cards>
<cards type="Pocket" player="oreiasccp">D6 S7</cards>
<action no="5" player="Amigo2015" type="0" discard="1" dealt="1" sum="0"/>
</round>
</game>
<game gamecode="11538728653"><general><startdate>2025-06-28 11:36:10</startdate>
<round>1</round>
<failsafecounter/>
<players><player seat="3" name="Amigo2015" chips="1,125" dealer="0" win="0" bet="65" muck="1" rebuy="0" addon="0" merge="0" rebuychips="0" reg_code="8393589865"/>
<player seat="10" name="oreiasccp" chips="375" dealer="1" win="130" bet="375" muck="1" rebuy="0" addon="0" merge="0" rebuychips="0" reg_code="8393589887"/>
</players>
</general>
<round no="0"><action no="1" player="oreiasccp" type="15" sum="5"/>
<action no="2" player="Amigo2015" type="15" discard="1" dealt="1" sum="5"/>
<action no="3" player="oreiasccp" type="1" sum="30"/>
<action no="4" player="Amigo2015" type="2" discard="1" dealt="1" sum="60"/>
</round>
<round no="1"><cards type="Pocket" player="oreiasccp">HJ H9</cards>
<cards type="Pocket" player="Amigo2015">X X</cards>
<action no="5" player="oreiasccp" type="23" sum="370"/>
<action no="6" player="Amigo2015" type="0" discard="1" dealt="1" sum="0"/>
</round>
</game>
<game gamecode="11538728694"><general><startdate>2025-06-28 11:36:18</startdate>
<round>1</round>
<failsafecounter/>
<players><player seat="10" name="oreiasccp" chips="440" dealer="0" win="130" bet="155" muck="1" rebuy="0" addon="0" merge="0" rebuychips="0" reg_code="8393589887"/>
<player seat="3" name="Amigo2015" chips="1,060" dealer="1" win="0" bet="65" muck="1" rebuy="0" addon="0" merge="0" rebuychips="0" reg_code="8393589865"/>
</players>
</general>
<round no="0"><action no="1" player="Amigo2015" type="15" discard="1" dealt="1" sum="5"/>
<action no="2" player="oreiasccp" type="15" sum="5"/>
<action no="3" player="Amigo2015" type="1" discard="1" dealt="1" sum="30"/>
<action no="4" player="oreiasccp" type="2" sum="60"/>
</round>
<round no="1"><cards type="Pocket" player="oreiasccp">HJ CJ</cards>
<cards type="Pocket" player="Amigo2015">X X</cards>
<action no="5" player="Amigo2015" type="3" discard="1" dealt="1" sum="30"/>
<action no="6" player="oreiasccp" type="23" sum="150"/>
<action no="7" player="Amigo2015" type="0" discard="1" dealt="1" sum="0"/>
</round>
</game>
<game gamecode="11538728735"><general><startdate>2025-06-28 11:36:28</startdate>
<round>1</round>
<failsafecounter/>
<players><player seat="3" name="Amigo2015" chips="995" dealer="0" win="250" bet="225" muck="1" rebuy="0" addon="0" merge="0" rebuychips="0" reg_code="8393589865"/>
<player seat="10" name="oreiasccp" chips="505" dealer="1" win="0" bet="125" muck="1" rebuy="0" addon="0" merge="0" rebuychips="0" reg_code="8393589887"/>
</players>
</general>
<round no="0"><action no="1" player="oreiasccp" type="15" sum="5"/>
<action no="2" player="Amigo2015" type="15" discard="1" dealt="1" sum="5"/>
<action no="3" player="oreiasccp" type="1" sum="30"/>
<action no="4" player="Amigo2015" type="2" discard="1" dealt="1" sum="60"/>
</round>
<round no="1"><cards type="Pocket" player="oreiasccp">D9 S8</cards>
<cards type="Pocket" player="Amigo2015">X X</cards>
<action no="5" player="oreiasccp" type="3" sum="30"/>
<action no="6" player="Amigo2015" type="4" discard="1" dealt="1" sum="0"/>
</round>
<round no="2"><cards type="Flop">SQ C10 SA</cards>
<action no="7" player="Amigo2015" type="4" discard="1" dealt="1" sum="0"/>
<action no="8" player="oreiasccp" type="5" sum="60"/>
<action no="9" player="Amigo2015" type="3" discard="1" dealt="1" sum="60"/>
</round>
<round no="3"><cards type="Turn">C2</cards>
<action no="10" player="Amigo2015" type="4" discard="1" dealt="1" sum="0"/>
<action no="11" player="oreiasccp" type="4" sum="0"/>
</round>
<round no="4"><cards type="River">HQ</cards>
<action no="12" player="Amigo2015" type="5" discard="1" dealt="1" sum="100"/>
<action no="13" player="oreiasccp" type="0" sum="0"/>
</round>
</game>
<game gamecode="11538728910"><general><startdate>2025-06-28 11:37:11</startdate>
<round>1</round>
<failsafecounter/>
<players><player seat="10" name="oreiasccp" chips="380" dealer="0" win="0" bet="65" muck="1" rebuy="0" addon="0" merge="0" rebuychips="0" reg_code="8393589887"/>
<player seat="3" name="Amigo2015" chips="1,120" dealer="1" win="130" bet="211" muck="1" rebuy="0" addon="0" merge="0" rebuychips="0" reg_code="8393589865"/>
</players>
</general>
<round no="0"><action no="1" player="Amigo2015" type="15" discard="1" dealt="1" sum="5"/>
<action no="2" player="oreiasccp" type="15" sum="5"/>
<action no="3" player="Amigo2015" type="1" discard="1" dealt="1" sum="30"/>
<action no="4" player="oreiasccp" type="2" sum="60"/>
</round>
<round no="1"><cards type="Pocket" player="oreiasccp">C6 D2</cards>
<cards type="Pocket" player="Amigo2015">X X</cards>
<action no="5" player="Amigo2015" type="23" discard="1" dealt="1" sum="206"/>
<action no="6" player="oreiasccp" type="0" sum="0"/>
</round>
</game>
<game gamecode="11538728944"><general><startdate>2025-06-28 11:37:18</startdate>
<round>1</round>
<failsafecounter/>
<players><player seat="3" name="Amigo2015" chips="1,185" dealer="0" win="0" bet="65" muck="1" rebuy="0" addon="0" merge="0" rebuychips="0" reg_code="8393589865"/>
<player seat="10" name="oreiasccp" chips="315" dealer="1" win="130" bet="315" muck="1" rebuy="0" addon="0" merge="0" rebuychips="0" reg_code="8393589887"/>
</players>
</general>
<round no="0"><action no="1" player="oreiasccp" type="15" sum="5"/>
<action no="2" player="Amigo2015" type="15" discard="1" dealt="1" sum="5"/>
<action no="3" player="oreiasccp" type="1" sum="30"/>
<action no="4" player="Amigo2015" type="2" discard="1" dealt="1" sum="60"/>
</round>
<round no="1"><cards type="Pocket" player="Amigo2015">X X</cards>
<cards type="Pocket" player="oreiasccp">CK C6</cards>
<action no="5" player="oreiasccp" type="23" sum="310"/>
<action no="6" player="Amigo2015" type="0" discard="1" dealt="1" sum="0"/>
</round>
</game>
<game gamecode="11538728975"><general><startdate>2025-06-28 11:37:27</startdate>
<round>1</round>
<failsafecounter/>
<players><player seat="10" name="oreiasccp" chips="380" dealer="0" win="0" bet="65" muck="1" rebuy="0" addon="0" merge="0" rebuychips="0" reg_code="8393589887"/>
<player seat="3" name="Amigo2015" chips="1,120" dealer="1" win="130" bet="211" muck="1" rebuy="0" addon="0" merge="0" rebuychips="0" reg_code="8393589865"/>
</players>
</general>
<round no="0"><action no="1" player="Amigo2015" type="15" discard="1" dealt="1" sum="5"/>
<action no="2" player="oreiasccp" type="15" sum="5"/>
<action no="3" player="Amigo2015" type="1" discard="1" dealt="1" sum="30"/>
<action no="4" player="oreiasccp" type="2" sum="60"/>
</round>
<round no="1"><cards type="Pocket" player="Amigo2015">X X</cards>
<cards type="Pocket" player="oreiasccp">S2 S8</cards>
<action no="5" player="Amigo2015" type="23" discard="1" dealt="1" sum="206"/>
<action no="6" player="oreiasccp" type="0" sum="0"/>
</round>
</game>
<game gamecode="11538728999"><general><startdate>2025-06-28 11:37:34</startdate>
<round>1</round>
<failsafecounter/>
<players><player seat="3" name="Amigo2015" chips="1,185" dealer="0" win="630" bet="315" muck="0" rebuy="0" addon="0" merge="0" rebuychips="0" reg_code="8393589865"/>
<player seat="10" name="oreiasccp" chips="315" dealer="1" win="0" bet="315" muck="0" rebuy="0" addon="0" merge="0" rebuychips="0" reg_code="8393589887"/>
</players>
</general>
<round no="0"><action no="1" player="oreiasccp" type="15" sum="8"/>
<action no="2" player="Amigo2015" type="15" discard="1" dealt="1" sum="8"/>
<action no="3" player="oreiasccp" type="1" sum="40"/>
<action no="4" player="Amigo2015" type="2" discard="1" dealt="1" sum="80"/>
</round>
<round no="1"><cards type="Pocket" player="Amigo2015">D7 CA</cards>
<cards type="Pocket" player="oreiasccp">C8 S9</cards>
<action no="5" player="oreiasccp" type="23" sum="307"/>
<action no="6" player="Amigo2015" type="3" discard="1" dealt="1" sum="227"/>
</round>
<round no="2"><cards type="Flop">SQ H2 D2</cards>
</round>
<round no="3"><cards type="Turn">C4</cards>
</round>
<round no="4"><cards type="River">S3</cards>
</round>
</game>
</session>
