<?xml version="1.0" encoding="UTF-8"?>
<session sessioncode="8393518153">
<general>
<client_version>25.1.1.13</client_version>
<mode>real</mode>
<gametype>Holdem NL</gametype>
<tablename>Twister €5 SNG, 1128746359</tablename>
<tournamentcode>1128746358</tournamentcode>
<tournamentname>Twister €5 SNG</tournamentname>
<buyin>€0 + €0.35 + €4.65</buyin>
<totalbuyin>€5</totalbuyin>
<rewarddrawn>€10</rewarddrawn>
<tournamentcurrency>EUR</tournamentcurrency>
<currency>EUR</currency>
<nickname>oreiasccp</nickname>
<gamecount>41</gamecount>
<startdate>2025-06-28 07:39:13</startdate>
<place>1</place>
<win>€10</win>
<tablesize>3</tablesize>
</general>
<game gamecode="11538534747"><general><startdate>2025-06-28 07:39:28</startdate>
<round>1</round>
<failsafecounter/>
<players><player seat="6" name="oreiasccp" chips="500" dealer="0" win="0" bet="20" muck="1" rebuy="0" addon="0" merge="0" rebuychips="0" reg_code="8393518153"/>
<player seat="10" name="ilyaxr4" chips="500" dealer="1" win="0" bet="0" muck="1" rebuy="0" addon="0" merge="0" rebuychips="0" reg_code="8393518166"/>
<player seat="3" name="Skyder19" chips="500" dealer="0" win="40" bet="60" muck="1" rebuy="0" addon="0" merge="0" rebuychips="0" reg_code="8393517908"/>
</players>
</general>
<round no="0"><action no="1" player="Skyder19" type="1" discard="1" dealt="1" sum="10"/>
<action no="2" player="oreiasccp" type="2" sum="20"/>
</round>
<round no="1"><cards type="Pocket" player="oreiasccp">H7 SK</cards>
<cards type="Pocket" player="ilyaxr4">X X</cards>
<cards type="Pocket" player="Skyder19">X X</cards>
<action no="3" player="ilyaxr4" type="0" discard="1" dealt="1" sum="0"/>
<action no="4" player="Skyder19" type="23" discard="1" dealt="1" sum="60"/>
<action no="5" player="oreiasccp" type="0" sum="0"/>
</round>
</game>
<game gamecode="11538534771"><general><startdate>2025-06-28 07:39:39</startdate>
<round>1</round>
<failsafecounter/>
<players><player seat="10" name="ilyaxr4" chips="500" dealer="0" win="0" bet="40" muck="1" rebuy="0" addon="0" merge="0" rebuychips="0" reg_code="8393518166"/>
<player seat="3" name="Skyder19" chips="520" dealer="1" win="0" bet="0" muck="1" rebuy="0" addon="0" merge="0" rebuychips="0" reg_code="8393517908"/>
<player seat="6" name="oreiasccp" chips="480" dealer="0" win="80" bet="60" muck="1" rebuy="0" addon="0" merge="0" rebuychips="0" reg_code="8393518153"/>
</players>
</general>
<round no="0"><action no="1" player="oreiasccp" type="1" sum="10"/>
<action no="2" player="ilyaxr4" type="2" discard="1" dealt="1" sum="20"/>
</round>
<round no="1"><cards type="Pocket" player="ilyaxr4">X X</cards>
<cards type="Pocket" player="oreiasccp">DJ S10</cards>
<cards type="Pocket" player="Skyder19">X X</cards>
<action no="3" player="Skyder19" type="0" discard="1" dealt="1" sum="0"/>
<action no="4" player="oreiasccp" type="23" sum="40"/>
<action no="5" player="ilyaxr4" type="3" discard="1" dealt="1" sum="20"/>
</round>
<round no="2"><cards type="Flop">C10 H3 D7</cards>
<action no="6" player="oreiasccp" type="5" sum="20"/>
<action no="7" player="ilyaxr4" type="0" discard="1" dealt="1" sum="0"/>
</round>
</game>
<game gamecode="11538534828"><general><startdate>2025-06-28 07:39:58</startdate>
<round>1</round>
<failsafecounter/>
<players><player seat="3" name="Skyder19" chips="520" dealer="0" win="0" bet="20" muck="1" rebuy="0" addon="0" merge="0" rebuychips="0" reg_code="8393517908"/>
<player seat="6" name="oreiasccp" chips="520" dealer="1" win="0" bet="40" muck="1" rebuy="0" addon="0" merge="0" rebuychips="0" reg_code="8393518153"/>
<player seat="10" name="ilyaxr4" chips="460" dealer="0" win="100" bet="460" muck="1" rebuy="0" addon="0" merge="0" rebuychips="0" reg_code="8393518166"/>
</players>
</general>
<round no="0"><action no="1" player="ilyaxr4" type="1" discard="1" dealt="1" sum="10"/>
<action no="2" player="Skyder19" type="2" discard="1" dealt="1" sum="20"/>
</round>
<round no="1"><cards type="Pocket" player="oreiasccp">D10 CA</cards>
<cards type="Pocket" player="ilyaxr4">X X</cards>
<cards type="Pocket" player="Skyder19">X X</cards>
<action no="3" player="oreiasccp" type="23" sum="40"/>
<action no="4" player="ilyaxr4" type="23" discard="1" dealt="1" sum="460"/>
<action no="5" player="Skyder19" type="0" discard="1" dealt="1" sum="0"/>
<action no="6" player="oreiasccp" type="0" sum="0"/>
</round>
</game>
<game gamecode="11538534864"><general><startdate>2025-06-28 07:40:13</startdate>
<round>1</round>
<failsafecounter/>
<players><player seat="6" name="oreiasccp" chips="480" dealer="0" win="20" bet="20" muck="1" rebuy="0" addon="0" merge="0" rebuychips="0" reg_code="8393518153"/>
<player seat="10" name="ilyaxr4" chips="520" dealer="1" win="0" bet="0" muck="1" rebuy="0" addon="0" merge="0" rebuychips="0" reg_code="8393518166"/>
<player seat="3" name="Skyder19" chips="500" dealer="0" win="0" bet="10" muck="1" rebuy="0" addon="0" merge="0" rebuychips="0" reg_code="8393517908"/>
</players>
</general>
<round no="0"><action no="1" player="Skyder19" type="1" discard="1" dealt="1" sum="10"/>
<action no="2" player="oreiasccp" type="2" sum="20"/>
</round>
<round no="1"><cards type="Pocket" player="ilyaxr4">X X</cards>
<cards type="Pocket" player="Skyder19">X X</cards>
<cards type="Pocket" player="oreiasccp">DK HK</cards>
<action no="3" player="ilyaxr4" type="0" discard="1" dealt="1" sum="0"/>
<action no="4" player="Skyder19" type="0" discard="1" dealt="1" sum="0"/>
</round>
</game>
<game gamecode="11538534895"><general><startdate>2025-06-28 07:40:23</startdate>
<round>1</round>
<failsafecounter/>
<players><player seat="10" name="ilyaxr4" chips="520" dealer="0" win="0" bet="40" muck="1" rebuy="0" addon="0" merge="0" rebuychips="0" reg_code="8393518166"/>
<player seat="3" name="Skyder19" chips="490" dealer="1" win="0" bet="0" muck="1" rebuy="0" addon="0" merge="0" rebuychips="0" reg_code="8393517908"/>
<player seat="6" name="oreiasccp" chips="490" dealer="0" win="80" bet="60" muck="1" rebuy="0" addon="0" merge="0" rebuychips="0" reg_code="8393518153"/>
</players>
</general>
<round no="0"><action no="1" player="oreiasccp" type="1" sum="10"/>
<action no="2" player="ilyaxr4" type="2" discard="1" dealt="1" sum="20"/>
</round>
<round no="1"><cards type="Pocket" player="ilyaxr4">X X</cards>
<cards type="Pocket" player="oreiasccp">DK C2</cards>
<cards type="Pocket" player="Skyder19">X X</cards>
<action no="3" player="Skyder19" type="0" discard="1" dealt="1" sum="0"/>
<action no="4" player="oreiasccp" type="23" sum="40"/>
<action no="5" player="ilyaxr4" type="3" discard="1" dealt="1" sum="20"/>
</round>
<round no="2"><cards type="Flop">D2 C3 H10</cards>
<action no="6" player="oreiasccp" type="5" sum="20"/>
<action no="7" player="ilyaxr4" type="0" discard="1" dealt="1" sum="0"/>
</round>
</game>
<game gamecode="11538534954"><general><startdate>2025-06-28 07:40:45</startdate>
<round>1</round>
<failsafecounter/>
<players><player seat="3" name="Skyder19" chips="490" dealer="0" win="0" bet="20" muck="1" rebuy="0" addon="0" merge="0" rebuychips="0" reg_code="8393517908"/>
<player seat="6" name="oreiasccp" chips="530" dealer="1" win="0" bet="0" muck="1" rebuy="0" addon="0" merge="0" rebuychips="0" reg_code="8393518153"/>
<player seat="10" name="ilyaxr4" chips="480" dealer="0" win="40" bet="50" muck="1" rebuy="0" addon="0" merge="0" rebuychips="0" reg_code="8393518166"/>
</players>
</general>
<round no="0"><action no="1" player="ilyaxr4" type="1" discard="1" dealt="1" sum="10"/>
<action no="2" player="Skyder19" type="2" discard="1" dealt="1" sum="20"/>
</round>
<round no="1"><cards type="Pocket" player="Skyder19">X X</cards>
<cards type="Pocket" player="oreiasccp">H6 D8</cards>
<cards type="Pocket" player="ilyaxr4">X X</cards>
<action no="3" player="oreiasccp" type="0" sum="0"/>
<action no="4" player="ilyaxr4" type="23" discard="1" dealt="1" sum="50"/>
<action no="5" player="Skyder19" type="0" discard="1" dealt="1" sum="0"/>
</round>
</game>
<game gamecode="11538534989"><general><startdate>2025-06-28 07:40:56</startdate>
<round>1</round>
<failsafecounter/>
<players><player seat="6" name="oreiasccp" chips="530" dealer="0" win="20" bet="20" muck="1" rebuy="0" addon="0" merge="0" rebuychips="0" reg_code="8393518153"/>
<player seat="10" name="ilyaxr4" chips="500" dealer="1" win="0" bet="0" muck="1" rebuy="0" addon="0" merge="0" rebuychips="0" reg_code="8393518166"/>
<player seat="3" name="Skyder19" chips="470" dealer="0" win="0" bet="10" muck="1" rebuy="0" addon="0" merge="0" rebuychips="0" reg_code="8393517908"/>
</players>
</general>
<round no="0"><action no="1" player="Skyder19" type="1" discard="1" dealt="1" sum="10"/>
<action no="2" player="oreiasccp" type="2" sum="20"/>
</round>
<round no="1"><cards type="Pocket" player="ilyaxr4">X X</cards>
<cards type="Pocket" player="oreiasccp">C6 H6</cards>
<cards type="Pocket" player="Skyder19">X X</cards>
<action no="3" player="ilyaxr4" type="0" discard="1" dealt="1" sum="0"/>
<action no="4" player="Skyder19" type="0" discard="1" dealt="1" sum="0"/>
</round>
</game>
<game gamecode="11538535012"><general><startdate>2025-06-28 07:41:06</startdate>
<round>1</round>
<failsafecounter/>
<players><player seat="10" name="ilyaxr4" chips="500" dealer="0" win="0" bet="60" muck="1" rebuy="0" addon="0" merge="0" rebuychips="0" reg_code="8393518166"/>
<player seat="3" name="Skyder19" chips="460" dealer="1" win="0" bet="0" muck="1" rebuy="0" addon="0" merge="0" rebuychips="0" reg_code="8393517908"/>
<player seat="6" name="oreiasccp" chips="540" dealer="0" win="120" bet="120" muck="1" rebuy="0" addon="0" merge="0" rebuychips="0" reg_code="8393518153"/>
</players>
</general>
<round no="0"><action no="1" player="oreiasccp" type="1" sum="10"/>
<action no="2" player="ilyaxr4" type="2" discard="1" dealt="1" sum="20"/>
</round>
<round no="1"><cards type="Pocket" player="ilyaxr4">X X</cards>
<cards type="Pocket" player="oreiasccp">C2 SK</cards>
<cards type="Pocket" player="Skyder19">X X</cards>
<action no="3" player="Skyder19" type="0" discard="1" dealt="1" sum="0"/>
<action no="4" player="oreiasccp" type="23" sum="40"/>
<action no="5" player="ilyaxr4" type="3" discard="1" dealt="1" sum="20"/>
</round>
<round no="2"><cards type="Flop">CK SJ H7</cards>
<action no="6" player="oreiasccp" type="5" sum="20"/>
<action no="7" player="ilyaxr4" type="3" discard="1" dealt="1" sum="20"/>
</round>
<round no="3"><cards type="Turn">S5</cards>
<action no="8" player="oreiasccp" type="4" sum="0"/>
<action no="9" player="ilyaxr4" type="4" discard="1" dealt="1" sum="0"/>
</round>
<round no="4"><cards type="River">H6</cards>
<action no="10" player="oreiasccp" type="5" sum="60"/>
<action no="11" player="ilyaxr4" type="0" discard="1" dealt="1" sum="0"/>
</round>
</game>
<game gamecode="11538535128"><general><startdate>2025-06-28 07:41:45</startdate>
<round>1</round>
<failsafecounter/>
<players><player seat="3" name="Skyder19" chips="460" dealer="0" win="0" bet="35" muck="1" rebuy="0" addon="0" merge="0" rebuychips="0" reg_code="8393517908"/>
<player seat="6" name="oreiasccp" chips="600" dealer="1" win="0" bet="5" muck="1" rebuy="0" addon="0" merge="0" rebuychips="0" reg_code="8393518153"/>
<player seat="10" name="ilyaxr4" chips="440" dealer="0" win="75" bet="91" muck="1" rebuy="0" addon="0" merge="0" rebuychips="0" reg_code="8393518166"/>
</players>
</general>
<round no="0"><action no="1" player="ilyaxr4" type="15" discard="1" dealt="1" sum="5"/>
<action no="2" player="Skyder19" type="15" discard="1" dealt="1" sum="5"/>
<action no="3" player="oreiasccp" type="15" sum="5"/>
<action no="4" player="ilyaxr4" type="1" discard="1" dealt="1" sum="15"/>
<action no="5" player="Skyder19" type="2" discard="1" dealt="1" sum="30"/>
</round>
<round no="1"><cards type="Pocket" player="Skyder19">X X</cards>
<cards type="Pocket" player="ilyaxr4">X X</cards>
<cards type="Pocket" player="oreiasccp">D7 SJ</cards>
<action no="6" player="oreiasccp" type="0" sum="0"/>
<action no="7" player="ilyaxr4" type="3" discard="1" dealt="1" sum="15"/>
<action no="8" player="Skyder19" type="4" discard="1" dealt="1" sum="0"/>
</round>
<round no="2"><cards type="Flop">CJ D10 D5</cards>
<action no="9" player="ilyaxr4" type="4" discard="1" dealt="1" sum="0"/>
<action no="10" player="Skyder19" type="4" discard="1" dealt="1" sum="0"/>
</round>
<round no="3"><cards type="Turn">C2</cards>
<action no="11" player="ilyaxr4" type="5" discard="1" dealt="1" sum="56"/>
<action no="12" player="Skyder19" type="0" discard="1" dealt="1" sum="0"/>
</round>
</game>
<game gamecode="11538535185"><general><startdate>2025-06-28 07:42:05</startdate>
<round>1</round>
<failsafecounter/>
<players><player seat="6" name="oreiasccp" chips="595" dealer="0" win="0" bet="35" muck="1" rebuy="0" addon="0" merge="0" rebuychips="0" reg_code="8393518153"/>
<player seat="10" name="ilyaxr4" chips="480" dealer="1" win="885" bet="480" muck="0" rebuy="0" addon="0" merge="0" rebuychips="0" reg_code="8393518166"/>
<player seat="3" name="Skyder19" chips="425" dealer="0" win="0" bet="425" muck="1" rebuy="0" addon="0" merge="0" rebuychips="0" reg_code="8393517908"/>
</players>
</general>
<round no="0"><action no="1" player="Skyder19" type="15" discard="1" dealt="1" sum="5"/>
<action no="2" player="oreiasccp" type="15" sum="5"/>
<action no="3" player="ilyaxr4" type="15" discard="1" dealt="1" sum="5"/>
<action no="4" player="Skyder19" type="1" discard="1" dealt="1" sum="15"/>
<action no="5" player="oreiasccp" type="2" sum="30"/>
</round>
<round no="1"><cards type="Pocket" player="oreiasccp">S7 D10</cards>
<cards type="Pocket" player="Skyder19">CA D9</cards>
<cards type="Pocket" player="ilyaxr4">SA DJ</cards>
<action no="6" player="ilyaxr4" type="23" discard="1" dealt="1" sum="475"/>
<action no="7" player="Skyder19" type="7" discard="1" dealt="1" sum="405"/>
<action no="8" player="oreiasccp" type="0" sum="0"/>
</round>
<round no="2"><cards type="Flop">C5 C2 D5</cards>
</round>
<round no="3"><cards type="Turn">H10</cards>
</round>
<round no="4"><cards type="River">H6</cards>
</round>
</game>
<game gamecode="11538535261"><general><startdate>2025-06-28 07:42:27</startdate>
<round>1</round>
<failsafecounter/>
<players><player seat="10" name="ilyaxr4" chips="940" dealer="0" win="0" bet="35" muck="1" rebuy="0" addon="0" merge="0" rebuychips="0" reg_code="8393518166"/>
<player seat="6" name="oreiasccp" chips="560" dealer="1" win="70" bet="65" muck="1" rebuy="0" addon="0" merge="0" rebuychips="0" reg_code="8393518153"/>
</players>
</general>
<round no="0"><action no="1" player="oreiasccp" type="15" sum="5"/>
<action no="2" player="ilyaxr4" type="15" discard="1" dealt="1" sum="5"/>
<action no="3" player="oreiasccp" type="1" sum="15"/>
<action no="4" player="ilyaxr4" type="2" discard="1" dealt="1" sum="30"/>
</round>
<round no="1"><cards type="Pocket" player="ilyaxr4">X X</cards>
<cards type="Pocket" player="oreiasccp">SQ CA</cards>
<action no="5" player="oreiasccp" type="23" sum="60"/>
<action no="6" player="ilyaxr4" type="0" discard="1" dealt="1" sum="0"/>
</round>
</game>
<game gamecode="11538535285"><general><startdate>2025-06-28 07:42:36</startdate>
<round>1</round>
<failsafecounter/>
<players><player seat="6" name="oreiasccp" chips="595" dealer="0" win="0" bet="70" muck="1" rebuy="0" addon="0" merge="0" rebuychips="0" reg_code="8393518153"/>
<player seat="10" name="ilyaxr4" chips="905" dealer="1" win="140" bet="175" muck="1" rebuy="0" addon="0" merge="0" rebuychips="0" reg_code="8393518166"/>
</players>
</general>
<round no="0"><action no="1" player="ilyaxr4" type="15" discard="1" dealt="1" sum="5"/>
<action no="2" player="oreiasccp" type="15" sum="5"/>
<action no="3" player="ilyaxr4" type="1" discard="1" dealt="1" sum="15"/>
<action no="4" player="oreiasccp" type="2" sum="30"/>
</round>
<round no="1"><cards type="Pocket" player="ilyaxr4">X X</cards>
<cards type="Pocket" player="oreiasccp">H9 SK</cards>
<action no="5" player="ilyaxr4" type="3" discard="1" dealt="1" sum="15"/>
<action no="6" player="oreiasccp" type="4" sum="0"/>
</round>
<round no="2"><cards type="Flop">HJ SA S2</cards>
<action no="7" player="oreiasccp" type="4" sum="0"/>
<action no="8" player="ilyaxr4" type="5" discard="1" dealt="1" sum="35"/>
<action no="9" player="oreiasccp" type="3" sum="35"/>
</round>
<round no="3"><cards type="Turn">H8</cards>
<action no="10" player="oreiasccp" type="4" sum="0"/>
<action no="11" player="ilyaxr4" type="5" discard="1" dealt="1" sum="105"/>
<action no="12" player="oreiasccp" type="0" sum="0"/>
</round>
</game>
<game gamecode="11538535360"><general><startdate>2025-06-28 07:43:01</startdate>
<round>1</round>
<failsafecounter/>
<players><player seat="10" name="ilyaxr4" chips="975" dealer="0" win="0" bet="35" muck="1" rebuy="0" addon="0" merge="0" rebuychips="0" reg_code="8393518166"/>
<player seat="6" name="oreiasccp" chips="525" dealer="1" win="70" bet="65" muck="1" rebuy="0" addon="0" merge="0" rebuychips="0" reg_code="8393518153"/>
</players>
</general>
<round no="0"><action no="1" player="oreiasccp" type="15" sum="5"/>
<action no="2" player="ilyaxr4" type="15" discard="1" dealt="1" sum="5"/>
<action no="3" player="oreiasccp" type="1" sum="15"/>
<action no="4" player="ilyaxr4" type="2" discard="1" dealt="1" sum="30"/>
</round>
<round no="1"><cards type="Pocket" player="ilyaxr4">X X</cards>
<cards type="Pocket" player="oreiasccp">S9 H9</cards>
<action no="5" player="oreiasccp" type="23" sum="60"/>
<action no="6" player="ilyaxr4" type="0" discard="1" dealt="1" sum="0"/>
</round>
</game>
<game gamecode="11538535387"><general><startdate>2025-06-28 07:43:09</startdate>
<round>1</round>
<failsafecounter/>
<players><player seat="6" name="oreiasccp" chips="560" dealer="0" win="0" bet="35" muck="1" rebuy="0" addon="0" merge="0" rebuychips="0" reg_code="8393518153"/>
<player seat="10" name="ilyaxr4" chips="940" dealer="1" win="70" bet="65" muck="1" rebuy="0" addon="0" merge="0" rebuychips="0" reg_code="8393518166"/>
</players>
</general>
<round no="0"><action no="1" player="ilyaxr4" type="15" discard="1" dealt="1" sum="5"/>
<action no="2" player="oreiasccp" type="15" sum="5"/>
<action no="3" player="ilyaxr4" type="1" discard="1" dealt="1" sum="15"/>
<action no="4" player="oreiasccp" type="2" sum="30"/>
</round>
<round no="1"><cards type="Pocket" player="oreiasccp">HJ S2</cards>
<cards type="Pocket" player="ilyaxr4">X X</cards>
<action no="5" player="ilyaxr4" type="23" discard="1" dealt="1" sum="60"/>
<action no="6" player="oreiasccp" type="0" sum="0"/>
</round>
</game>
<game gamecode="11538535404"><general><startdate>2025-06-28 07:43:16</startdate>
<round>1</round>
<failsafecounter/>
<players><player seat="10" name="ilyaxr4" chips="975" dealer="0" win="40" bet="35" muck="1" rebuy="0" addon="0" merge="0" rebuychips="0" reg_code="8393518166"/>
<player seat="6" name="oreiasccp" chips="525" dealer="1" win="0" bet="20" muck="1" rebuy="0" addon="0" merge="0" rebuychips="0" reg_code="8393518153"/>
</players>
</general>
<round no="0"><action no="1" player="oreiasccp" type="15" sum="5"/>
<action no="2" player="ilyaxr4" type="15" discard="1" dealt="1" sum="5"/>
<action no="3" player="oreiasccp" type="1" sum="15"/>
<action no="4" player="ilyaxr4" type="2" discard="1" dealt="1" sum="30"/>
</round>
<round no="1"><cards type="Pocket" player="ilyaxr4">X X</cards>
<cards type="Pocket" player="oreiasccp">S2 C9</cards>
<action no="5" player="oreiasccp" type="0" sum="0"/>
</round>
</game>
<game gamecode="11538535426"><general><startdate>2025-06-28 07:43:22</startdate>
<round>1</round>
<failsafecounter/>
<players><player seat="6" name="oreiasccp" chips="505" dealer="0" win="0" bet="143" muck="1" rebuy="0" addon="0" merge="0" rebuychips="0" reg_code="8393518153"/>
<player seat="10" name="ilyaxr4" chips="995" dealer="1" win="286" bet="357" muck="1" rebuy="0" addon="0" merge="0" rebuychips="0" reg_code="8393518166"/>
</players>
</general>
<round no="0"><action no="1" player="ilyaxr4" type="15" discard="1" dealt="1" sum="5"/>
<action no="2" player="oreiasccp" type="15" sum="5"/>
<action no="3" player="ilyaxr4" type="1" discard="1" dealt="1" sum="15"/>
<action no="4" player="oreiasccp" type="2" sum="30"/>
</round>
<round no="1"><cards type="Pocket" player="ilyaxr4">X X</cards>
<cards type="Pocket" player="oreiasccp">HQ HA</cards>
<action no="5" player="ilyaxr4" type="3" discard="1" dealt="1" sum="15"/>
<action no="6" player="oreiasccp" type="23" sum="90"/>
<action no="7" player="ilyaxr4" type="3" discard="1" dealt="1" sum="60"/>
</round>
<round no="2"><cards type="Flop">H5 S2 D8</cards>
<action no="8" player="oreiasccp" type="5" sum="48"/>
<action no="9" player="ilyaxr4" type="3" discard="1" dealt="1" sum="48"/>
</round>
<round no="3"><cards type="Turn">D5</cards>
<action no="10" player="oreiasccp" type="4" sum="0"/>
<action no="11" player="ilyaxr4" type="5" discard="1" dealt="1" sum="214"/>
<action no="12" player="oreiasccp" type="0" sum="0"/>
</round>
</game>
<game gamecode="11538535539"><general><startdate>2025-06-28 07:43:54</startdate>
<round>1</round>
<failsafecounter/>
<players><player seat="10" name="ilyaxr4" chips="1,138" dealer="0" win="0" bet="45" muck="1" rebuy="0" addon="0" merge="0" rebuychips="0" reg_code="8393518166"/>
<player seat="6" name="oreiasccp" chips="362" dealer="1" win="90" bet="362" muck="1" rebuy="0" addon="0" merge="0" rebuychips="0" reg_code="8393518153"/>
</players>
</general>
<round no="0"><action no="1" player="oreiasccp" type="15" sum="5"/>
<action no="2" player="ilyaxr4" type="15" discard="1" dealt="1" sum="5"/>
<action no="3" player="oreiasccp" type="1" sum="20"/>
<action no="4" player="ilyaxr4" type="2" discard="1" dealt="1" sum="40"/>
</round>
<round no="1"><cards type="Pocket" player="oreiasccp">D10 HQ</cards>
<cards type="Pocket" player="ilyaxr4">X X</cards>
<action no="5" player="oreiasccp" type="23" sum="357"/>
<action no="6" player="ilyaxr4" type="0" discard="1" dealt="1" sum="0"/>
</round>
</game>
<game gamecode="11538535563"><general><startdate>2025-06-28 07:44:02</startdate>
<round>1</round>
<failsafecounter/>
<players><player seat="6" name="oreiasccp" chips="407" dealer="0" win="0" bet="45" muck="1" rebuy="0" addon="0" merge="0" rebuychips="0" reg_code="8393518153"/>
<player seat="10" name="ilyaxr4" chips="1,093" dealer="1" win="90" bet="90" muck="1" rebuy="0" addon="0" merge="0" rebuychips="0" reg_code="8393518166"/>
</players>
</general>
<round no="0"><action no="1" player="ilyaxr4" type="15" discard="1" dealt="1" sum="5"/>
<action no="2" player="oreiasccp" type="15" sum="5"/>
<action no="3" player="ilyaxr4" type="1" discard="1" dealt="1" sum="20"/>
<action no="4" player="oreiasccp" type="2" sum="40"/>
</round>
<round no="1"><cards type="Pocket" player="ilyaxr4">X X</cards>
<cards type="Pocket" player="oreiasccp">S6 D4</cards>
<action no="5" player="ilyaxr4" type="3" discard="1" dealt="1" sum="20"/>
<action no="6" player="oreiasccp" type="4" sum="0"/>
</round>
<round no="2"><cards type="Flop">D5 SQ S5</cards>
<action no="7" player="oreiasccp" type="4" sum="0"/>
<action no="8" player="ilyaxr4" type="5" discard="1" dealt="1" sum="45"/>
<action no="9" player="oreiasccp" type="0" sum="0"/>
</round>
</game>
<game gamecode="11538535610"><general><startdate>2025-06-28 07:44:15</startdate>
<round>1</round>
<failsafecounter/>
<players><player seat="10" name="ilyaxr4" chips="1,138" dealer="0" win="0" bet="45" muck="1" rebuy="0" addon="0" merge="0" rebuychips="0" reg_code="8393518166"/>
<player seat="6" name="oreiasccp" chips="362" dealer="1" win="90" bet="362" muck="1" rebuy="0" addon="0" merge="0" rebuychips="0" reg_code="8393518153"/>
</players>
</general>
<round no="0"><action no="1" player="oreiasccp" type="15" sum="5"/>
<action no="2" player="ilyaxr4" type="15" discard="1" dealt="1" sum="5"/>
<action no="3" player="oreiasccp" type="1" sum="20"/>
<action no="4" player="ilyaxr4" type="2" discard="1" dealt="1" sum="40"/>
</round>
<round no="1"><cards type="Pocket" player="oreiasccp">SA H4</cards>
<cards type="Pocket" player="ilyaxr4">X X</cards>
<action no="5" player="oreiasccp" type="23" sum="357"/>
<action no="6" player="ilyaxr4" type="0" discard="1" dealt="1" sum="0"/>
</round>
</game>
<game gamecode="11538535632"><general><startdate>2025-06-28 07:44:22</startdate>
<round>1</round>
<failsafecounter/>
<players><player seat="6" name="oreiasccp" chips="407" dealer="0" win="0" bet="45" muck="1" rebuy="0" addon="0" merge="0" rebuychips="0" reg_code="8393518153"/>
<player seat="10" name="ilyaxr4" chips="1,093" dealer="1" win="90" bet="85" muck="1" rebuy="0" addon="0" merge="0" rebuychips="0" reg_code="8393518166"/>
</players>
</general>
<round no="0"><action no="1" player="ilyaxr4" type="15" discard="1" dealt="1" sum="5"/>
<action no="2" player="oreiasccp" type="15" sum="5"/>
<action no="3" player="ilyaxr4" type="1" discard="1" dealt="1" sum="20"/>
<action no="4" player="oreiasccp" type="2" sum="40"/>
</round>
<round no="1"><cards type="Pocket" player="oreiasccp">S5 C3</cards>
<cards type="Pocket" player="ilyaxr4">X X</cards>
<action no="5" player="ilyaxr4" type="23" discard="1" dealt="1" sum="80"/>
<action no="6" player="oreiasccp" type="0" sum="0"/>
</round>
</game>
<game gamecode="11538535659"><general><startdate>2025-06-28 07:44:30</startdate>
<round>1</round>
<failsafecounter/>
<players><player seat="10" name="ilyaxr4" chips="1,138" dealer="0" win="50" bet="45" muck="1" rebuy="0" addon="0" merge="0" rebuychips="0" reg_code="8393518166"/>
<player seat="6" name="oreiasccp" chips="362" dealer="1" win="0" bet="25" muck="1" rebuy="0" addon="0" merge="0" rebuychips="0" reg_code="8393518153"/>
</players>
</general>
<round no="0"><action no="1" player="oreiasccp" type="15" sum="5"/>
<action no="2" player="ilyaxr4" type="15" discard="1" dealt="1" sum="5"/>
<action no="3" player="oreiasccp" type="1" sum="20"/>
<action no="4" player="ilyaxr4" type="2" discard="1" dealt="1" sum="40"/>
</round>
<round no="1"><cards type="Pocket" player="ilyaxr4">X X</cards>
<cards type="Pocket" player="oreiasccp">S2 H4</cards>
<action no="5" player="oreiasccp" type="0" sum="0"/>
</round>
</game>
<game gamecode="11538535676"><general><startdate>2025-06-28 07:44:35</startdate>
<round>1</round>
<failsafecounter/>
<players><player seat="6" name="oreiasccp" chips="337" dealer="0" win="50" bet="45" muck="1" rebuy="0" addon="0" merge="0" rebuychips="0" reg_code="8393518153"/>
<player seat="10" name="ilyaxr4" chips="1,163" dealer="1" win="0" bet="25" muck="1" rebuy="0" addon="0" merge="0" rebuychips="0" reg_code="8393518166"/>
</players>
</general>
<round no="0"><action no="1" player="ilyaxr4" type="15" discard="1" dealt="1" sum="5"/>
<action no="2" player="oreiasccp" type="15" sum="5"/>
<action no="3" player="ilyaxr4" type="1" discard="1" dealt="1" sum="20"/>
<action no="4" player="oreiasccp" type="2" sum="40"/>
</round>
<round no="1"><cards type="Pocket" player="ilyaxr4">X X</cards>
<cards type="Pocket" player="oreiasccp">C8 H8</cards>
<action no="5" player="ilyaxr4" type="0" discard="1" dealt="1" sum="0"/>
</round>
</game>
<game gamecode="11538535691"><general><startdate>2025-06-28 07:44:41</startdate>
<round>1</round>
<failsafecounter/>
<players><player seat="10" name="ilyaxr4" chips="1,138" dealer="0" win="50" bet="45" muck="1" rebuy="0" addon="0" merge="0" rebuychips="0" reg_code="8393518166"/>
<player seat="6" name="oreiasccp" chips="362" dealer="1" win="0" bet="25" muck="1" rebuy="0" addon="0" merge="0" rebuychips="0" reg_code="8393518153"/>
</players>
</general>
<round no="0"><action no="1" player="oreiasccp" type="15" sum="5"/>
<action no="2" player="ilyaxr4" type="15" discard="1" dealt="1" sum="5"/>
<action no="3" player="oreiasccp" type="1" sum="20"/>
<action no="4" player="ilyaxr4" type="2" discard="1" dealt="1" sum="40"/>
</round>
<round no="1"><cards type="Pocket" player="oreiasccp">H4 S6</cards>
<cards type="Pocket" player="ilyaxr4">X X</cards>
<action no="5" player="oreiasccp" type="0" sum="0"/>
</round>
</game>
<game gamecode="11538535705"><general><startdate>2025-06-28 07:44:46</startdate>
<round>1</round>
<failsafecounter/>
<players><player seat="6" name="oreiasccp" chips="337" dealer="0" win="0" bet="45" muck="1" rebuy="0" addon="0" merge="0" rebuychips="0" reg_code="8393518153"/>
<player seat="10" name="ilyaxr4" chips="1,163" dealer="1" win="90" bet="1,163" muck="1" rebuy="0" addon="0" merge="0" rebuychips="0" reg_code="8393518166"/>
</players>
</general>
<round no="0"><action no="1" player="ilyaxr4" type="15" discard="1" dealt="1" sum="5"/>
<action no="2" player="oreiasccp" type="15" sum="5"/>
<action no="3" player="ilyaxr4" type="1" discard="1" dealt="1" sum="20"/>
<action no="4" player="oreiasccp" type="2" sum="40"/>
</round>
<round no="1"><cards type="Pocket" player="oreiasccp">C7 D4</cards>
<cards type="Pocket" player="ilyaxr4">X X</cards>
<action no="5" player="ilyaxr4" type="23" discard="1" dealt="1" sum="1,158"/>
<action no="6" player="oreiasccp" type="0" sum="0"/>
</round>
</game>
<game gamecode="11538535734"><general><startdate>2025-06-28 07:44:57</startdate>
<round>1</round>
<failsafecounter/>
<players><player seat="10" name="ilyaxr4" chips="1,208" dealer="0" win="0" bet="45" muck="1" rebuy="0" addon="0" merge="0" rebuychips="0" reg_code="8393518166"/>
<player seat="6" name="oreiasccp" chips="292" dealer="1" win="90" bet="292" muck="1" rebuy="0" addon="0" merge="0" rebuychips="0" reg_code="8393518153"/>
</players>
</general>
<round no="0"><action no="1" player="oreiasccp" type="15" sum="5"/>
<action no="2" player="ilyaxr4" type="15" discard="1" dealt="1" sum="5"/>
<action no="3" player="oreiasccp" type="1" sum="20"/>
<action no="4" player="ilyaxr4" type="2" discard="1" dealt="1" sum="40"/>
</round>
<round no="1"><cards type="Pocket" player="ilyaxr4">X X</cards>
<cards type="Pocket" player="oreiasccp">C10 DQ</cards>
<action no="5" player="oreiasccp" type="23" sum="287"/>
<action no="6" player="ilyaxr4" type="0" discard="1" dealt="1" sum="0"/>
</round>
</game>
<game gamecode="11538535758"><general><startdate>2025-06-28 07:45:04</startdate>
<round>1</round>
<failsafecounter/>
<players><player seat="6" name="oreiasccp" chips="337" dealer="0" win="674" bet="337" muck="0" rebuy="0" addon="0" merge="0" rebuychips="0" reg_code="8393518153"/>
<player seat="10" name="ilyaxr4" chips="1,163" dealer="1" win="0" bet="1,163" muck="1" rebuy="0" addon="0" merge="0" rebuychips="0" reg_code="8393518166"/>
</players>
</general>
<round no="0"><action no="1" player="ilyaxr4" type="15" discard="1" dealt="1" sum="5"/>
<action no="2" player="oreiasccp" type="15" sum="5"/>
<action no="3" player="ilyaxr4" type="1" discard="1" dealt="1" sum="20"/>
<action no="4" player="oreiasccp" type="2" sum="40"/>
</round>
<round no="1"><cards type="Pocket" player="ilyaxr4">SQ CA</cards>
<cards type="Pocket" player="oreiasccp">CK D10</cards>
<action no="5" player="ilyaxr4" type="23" discard="1" dealt="1" sum="1,158"/>
<action no="6" player="oreiasccp" type="7" sum="292"/>
</round>
<round no="2"><cards type="Flop">D5 C6 C10</cards>
</round>
<round no="3"><cards type="Turn">S6</cards>
</round>
<round no="4"><cards type="River">D6</cards>
</round>
</game>
<game gamecode="11538535803"><general><startdate>2025-06-28 07:45:21</startdate>
<round>1</round>
<failsafecounter/>
<players><player seat="10" name="ilyaxr4" chips="826" dealer="0" win="0" bet="85" muck="1" rebuy="0" addon="0" merge="0" rebuychips="0" reg_code="8393518166"/>
<player seat="6" name="oreiasccp" chips="674" dealer="1" win="170" bet="325" muck="1" rebuy="0" addon="0" merge="0" rebuychips="0" reg_code="8393518153"/>
</players>
</general>
<round no="0"><action no="1" player="oreiasccp" type="15" sum="5"/>
<action no="2" player="ilyaxr4" type="15" discard="1" dealt="1" sum="5"/>
<action no="3" player="oreiasccp" type="1" sum="20"/>
<action no="4" player="ilyaxr4" type="2" discard="1" dealt="1" sum="40"/>
</round>
<round no="1"><cards type="Pocket" player="ilyaxr4">X X</cards>
<cards type="Pocket" player="oreiasccp">C5 D4</cards>
<action no="5" player="oreiasccp" type="3" sum="20"/>
<action no="6" player="ilyaxr4" type="4" discard="1" dealt="1" sum="0"/>
</round>
<round no="2"><cards type="Flop">H9 D3 SJ</cards>
<action no="7" player="ilyaxr4" type="4" discard="1" dealt="1" sum="0"/>
<action no="8" player="oreiasccp" type="5" sum="40"/>
<action no="9" player="ilyaxr4" type="3" discard="1" dealt="1" sum="40"/>
</round>
<round no="3"><cards type="Turn">D2</cards>
<action no="10" player="ilyaxr4" type="4" discard="1" dealt="1" sum="0"/>
<action no="11" player="oreiasccp" type="4" sum="0"/>
</round>
<round no="4"><cards type="River">HQ</cards>
<action no="12" player="ilyaxr4" type="4" discard="1" dealt="1" sum="0"/>
<action no="13" player="oreiasccp" type="5" sum="240"/>
<action no="14" player="ilyaxr4" type="0" discard="1" dealt="1" sum="0"/>
</round>
</game>
<game gamecode="11538540001"><general><startdate>2025-06-28 07:45:47</startdate>
<round>1</round>
<failsafecounter/>
<players><player seat="6" name="oreiasccp" chips="759" dealer="0" win="0" bet="65" muck="1" rebuy="0" addon="0" merge="0" rebuychips="0" reg_code="8393518153"/>
<player seat="10" name="ilyaxr4" chips="741" dealer="1" win="130" bet="741" muck="1" rebuy="0" addon="0" merge="0" rebuychips="0" reg_code="8393518166"/>
</players>
</general>
<round no="0"><action no="1" player="ilyaxr4" type="15" discard="1" dealt="1" sum="5"/>
<action no="2" player="oreiasccp" type="15" sum="5"/>
<action no="3" player="ilyaxr4" type="1" discard="1" dealt="1" sum="30"/>
<action no="4" player="oreiasccp" type="2" sum="60"/>
</round>
<round no="1"><cards type="Pocket" player="oreiasccp">C10 HJ</cards>
<cards type="Pocket" player="ilyaxr4">X X</cards>
<action no="5" player="ilyaxr4" type="23" discard="1" dealt="1" sum="736"/>
<action no="6" player="oreiasccp" type="0" sum="0"/>
</round>
</game>
<game gamecode="11538540034"><general><startdate>2025-06-28 07:45:58</startdate>
<round>1</round>
<failsafecounter/>
<players><player seat="10" name="ilyaxr4" chips="806" dealer="0" win="0" bet="65" muck="1" rebuy="0" addon="0" merge="0" rebuychips="0" reg_code="8393518166"/>
<player seat="6" name="oreiasccp" chips="694" dealer="1" win="130" bet="125" muck="1" rebuy="0" addon="0" merge="0" rebuychips="0" reg_code="8393518153"/>
</players>
</general>
<round no="0"><action no="1" player="oreiasccp" type="15" sum="5"/>
<action no="2" player="ilyaxr4" type="15" discard="1" dealt="1" sum="5"/>
<action no="3" player="oreiasccp" type="1" sum="30"/>
<action no="4" player="ilyaxr4" type="2" discard="1" dealt="1" sum="60"/>
</round>
<round no="1"><cards type="Pocket" player="ilyaxr4">X X</cards>
<cards type="Pocket" player="oreiasccp">D6 S9</cards>
<action no="5" player="oreiasccp" type="3" sum="30"/>
<action no="6" player="ilyaxr4" type="4" discard="1" dealt="1" sum="0"/>
</round>
<round no="2"><cards type="Flop">HA HQ SQ</cards>
<action no="7" player="ilyaxr4" type="4" discard="1" dealt="1" sum="0"/>
<action no="8" player="oreiasccp" type="5" sum="60"/>
<action no="9" player="ilyaxr4" type="0" discard="1" dealt="1" sum="0"/>
</round>
</game>
<game gamecode="11538540071"><general><startdate>2025-06-28 07:46:10</startdate>
<round>1</round>
<failsafecounter/>
<players><player seat="6" name="oreiasccp" chips="759" dealer="0" win="0" bet="65" muck="1" rebuy="0" addon="0" merge="0" rebuychips="0" reg_code="8393518153"/>
<player seat="10" name="ilyaxr4" chips="741" dealer="1" win="130" bet="130" muck="1" rebuy="0" addon="0" merge="0" rebuychips="0" reg_code="8393518166"/>
</players>
</general>
<round no="0"><action no="1" player="ilyaxr4" type="15" discard="1" dealt="1" sum="5"/>
<action no="2" player="oreiasccp" type="15" sum="5"/>
<action no="3" player="ilyaxr4" type="1" discard="1" dealt="1" sum="30"/>
<action no="4" player="oreiasccp" type="2" sum="60"/>
</round>
<round no="1"><cards type="Pocket" player="oreiasccp">SJ S5</cards>
<cards type="Pocket" player="ilyaxr4">X X</cards>
<action no="5" player="ilyaxr4" type="3" discard="1" dealt="1" sum="30"/>
<action no="6" player="oreiasccp" type="4" sum="0"/>
</round>
<round no="2"><cards type="Flop">H3 C3 H10</cards>
<action no="7" player="oreiasccp" type="4" sum="0"/>
<action no="8" player="ilyaxr4" type="5" discard="1" dealt="1" sum="65"/>
<action no="9" player="oreiasccp" type="0" sum="0"/>
</round>
</game>
<game gamecode="11538540120"><general><startdate>2025-06-28 07:46:23</startdate>
<round>1</round>
<failsafecounter/>
<players><player seat="10" name="ilyaxr4" chips="806" dealer="0" win="370" bet="370" muck="1" rebuy="0" addon="0" merge="0" rebuychips="0" reg_code="8393518166"/>
<player seat="6" name="oreiasccp" chips="694" dealer="1" win="0" bet="185" muck="1" rebuy="0" addon="0" merge="0" rebuychips="0" reg_code="8393518153"/>
</players>
</general>
<round no="0"><action no="1" player="oreiasccp" type="15" sum="5"/>
<action no="2" player="ilyaxr4" type="15" discard="1" dealt="1" sum="5"/>
<action no="3" player="oreiasccp" type="1" sum="30"/>
<action no="4" player="ilyaxr4" type="2" discard="1" dealt="1" sum="60"/>
</round>
<round no="1"><cards type="Pocket" player="ilyaxr4">X X</cards>
<cards type="Pocket" player="oreiasccp">HQ D5</cards>
<action no="5" player="oreiasccp" type="23" sum="120"/>
<action no="6" player="ilyaxr4" type="3" discard="1" dealt="1" sum="60"/>
</round>
<round no="2"><cards type="Flop">D9 SJ CA</cards>
<action no="7" player="ilyaxr4" type="4" discard="1" dealt="1" sum="0"/>
<action no="8" player="oreiasccp" type="5" sum="60"/>
<action no="9" player="ilyaxr4" type="3" discard="1" dealt="1" sum="60"/>
</round>
<round no="3"><cards type="Turn">D7</cards>
<action no="10" player="ilyaxr4" type="4" discard="1" dealt="1" sum="0"/>
<action no="11" player="oreiasccp" type="4" sum="0"/>
</round>
<round no="4"><cards type="River">DA</cards>
<action no="12" player="ilyaxr4" type="5" discard="1" dealt="1" sum="185"/>
<action no="13" player="oreiasccp" type="0" sum="0"/>
</round>
</game>
<game gamecode="11538540186"><general><startdate>2025-06-28 07:46:44</startdate>
<round>1</round>
<failsafecounter/>
<players><player seat="6" name="oreiasccp" chips="509" dealer="0" win="0" bet="65" muck="1" rebuy="0" addon="0" merge="0" rebuychips="0" reg_code="8393518153"/>
<player seat="10" name="ilyaxr4" chips="991" dealer="1" win="130" bet="130" muck="1" rebuy="0" addon="0" merge="0" rebuychips="0" reg_code="8393518166"/>
</players>
</general>
<round no="0"><action no="1" player="ilyaxr4" type="15" discard="1" dealt="1" sum="5"/>
<action no="2" player="oreiasccp" type="15" sum="5"/>
<action no="3" player="ilyaxr4" type="1" discard="1" dealt="1" sum="30"/>
<action no="4" player="oreiasccp" type="2" sum="60"/>
</round>
<round no="1"><cards type="Pocket" player="oreiasccp">D7 CQ</cards>
<cards type="Pocket" player="ilyaxr4">X X</cards>
<action no="5" player="ilyaxr4" type="3" discard="1" dealt="1" sum="30"/>
<action no="6" player="oreiasccp" type="4" sum="0"/>
</round>
<round no="2"><cards type="Flop">S5 SK HA</cards>
<action no="7" player="oreiasccp" type="4" sum="0"/>
<action no="8" player="ilyaxr4" type="5" discard="1" dealt="1" sum="65"/>
<action no="9" player="oreiasccp" type="0" sum="0"/>
</round>
</game>
<game gamecode="11538540232"><general><startdate>2025-06-28 07:47:01</startdate>
<round>1</round>
<failsafecounter/>
<players><player seat="10" name="ilyaxr4" chips="1,056" dealer="0" win="0" bet="65" muck="1" rebuy="0" addon="0" merge="0" rebuychips="0" reg_code="8393518166"/>
<player seat="6" name="oreiasccp" chips="444" dealer="1" win="130" bet="444" muck="1" rebuy="0" addon="0" merge="0" rebuychips="0" reg_code="8393518153"/>
</players>
</general>
<round no="0"><action no="1" player="oreiasccp" type="15" sum="5"/>
<action no="2" player="ilyaxr4" type="15" discard="1" dealt="1" sum="5"/>
<action no="3" player="oreiasccp" type="1" sum="30"/>
<action no="4" player="ilyaxr4" type="2" discard="1" dealt="1" sum="60"/>
</round>
<round no="1"><cards type="Pocket" player="ilyaxr4">X X</cards>
<cards type="Pocket" player="oreiasccp">SK H5</cards>
<action no="5" player="oreiasccp" type="23" sum="439"/>
<action no="6" player="ilyaxr4" type="0" discard="1" dealt="1" sum="0"/>
</round>
</game>
<game gamecode="11538540255"><general><startdate>2025-06-28 07:47:09</startdate>
<round>1</round>
<failsafecounter/>
<players><player seat="6" name="oreiasccp" chips="509" dealer="0" win="70" bet="65" muck="1" rebuy="0" addon="0" merge="0" rebuychips="0" reg_code="8393518153"/>
<player seat="10" name="ilyaxr4" chips="991" dealer="1" win="0" bet="35" muck="1" rebuy="0" addon="0" merge="0" rebuychips="0" reg_code="8393518166"/>
</players>
</general>
<round no="0"><action no="1" player="ilyaxr4" type="15" discard="1" dealt="1" sum="5"/>
<action no="2" player="oreiasccp" type="15" sum="5"/>
<action no="3" player="ilyaxr4" type="1" discard="1" dealt="1" sum="30"/>
<action no="4" player="oreiasccp" type="2" sum="60"/>
</round>
<round no="1"><cards type="Pocket" player="oreiasccp">DJ S10</cards>
<cards type="Pocket" player="ilyaxr4">X X</cards>
<action no="5" player="ilyaxr4" type="0" discard="1" dealt="1" sum="0"/>
</round>
</game>
<game gamecode="11538540279"><general><startdate>2025-06-28 07:47:15</startdate>
<round>1</round>
<failsafecounter/>
<players><player seat="10" name="ilyaxr4" chips="956" dealer="0" win="0" bet="65" muck="1" rebuy="0" addon="0" merge="0" rebuychips="0" reg_code="8393518166"/>
<player seat="6" name="oreiasccp" chips="544" dealer="1" win="130" bet="544" muck="1" rebuy="0" addon="0" merge="0" rebuychips="0" reg_code="8393518153"/>
</players>
</general>
<round no="0"><action no="1" player="oreiasccp" type="15" sum="5"/>
<action no="2" player="ilyaxr4" type="15" discard="1" dealt="1" sum="5"/>
<action no="3" player="oreiasccp" type="1" sum="30"/>
<action no="4" player="ilyaxr4" type="2" discard="1" dealt="1" sum="60"/>
</round>
<round no="1"><cards type="Pocket" player="ilyaxr4">X X</cards>
<cards type="Pocket" player="oreiasccp">HA C2</cards>
<action no="5" player="oreiasccp" type="23" sum="539"/>
<action no="6" player="ilyaxr4" type="0" discard="1" dealt="1" sum="0"/>
</round>
</game>
<game gamecode="11538540310"><general><startdate>2025-06-28 07:47:24</startdate>
<round>1</round>
<failsafecounter/>
<players><player seat="6" name="oreiasccp" chips="609" dealer="0" win="0" bet="65" muck="1" rebuy="0" addon="0" merge="0" rebuychips="0" reg_code="8393518153"/>
<player seat="10" name="ilyaxr4" chips="891" dealer="1" win="130" bet="891" muck="1" rebuy="0" addon="0" merge="0" rebuychips="0" reg_code="8393518166"/>
</players>
</general>
<round no="0"><action no="1" player="ilyaxr4" type="15" discard="1" dealt="1" sum="5"/>
<action no="2" player="oreiasccp" type="15" sum="5"/>
<action no="3" player="ilyaxr4" type="1" discard="1" dealt="1" sum="30"/>
<action no="4" player="oreiasccp" type="2" sum="60"/>
</round>
<round no="1"><cards type="Pocket" player="ilyaxr4">X X</cards>
<cards type="Pocket" player="oreiasccp">S8 H9</cards>
<action no="5" player="ilyaxr4" type="23" discard="1" dealt="1" sum="886"/>
<action no="6" player="oreiasccp" type="0" sum="0"/>
</round>
</game>
<game gamecode="11538540334"><general><startdate>2025-06-28 07:47:33</startdate>
<round>1</round>
<failsafecounter/>
<players><player seat="10" name="ilyaxr4" chips="956" dealer="0" win="0" bet="544" muck="1" rebuy="0" addon="0" merge="0" rebuychips="0" reg_code="8393518166"/>
<player seat="6" name="oreiasccp" chips="544" dealer="1" win="1,088" bet="544" muck="0" rebuy="0" addon="0" merge="0" rebuychips="0" reg_code="8393518153"/>
</players>
</general>
<round no="0"><action no="1" player="oreiasccp" type="15" sum="8"/>
<action no="2" player="ilyaxr4" type="15" discard="1" dealt="1" sum="8"/>
<action no="3" player="oreiasccp" type="1" sum="40"/>
<action no="4" player="ilyaxr4" type="2" discard="1" dealt="1" sum="80"/>
</round>
<round no="1"><cards type="Pocket" player="oreiasccp">D7 CQ</cards>
<cards type="Pocket" player="ilyaxr4">S9 DJ</cards>
<action no="5" player="oreiasccp" type="23" sum="536"/>
<action no="6" player="ilyaxr4" type="3" discard="1" dealt="1" sum="456"/>
</round>
<round no="2"><cards type="Flop">S7 C2 H5</cards>
</round>
<round no="3"><cards type="Turn">S8</cards>
</round>
<round no="4"><cards type="River">S4</cards>
</round>
</game>
<game gamecode="11538540376"><general><startdate>2025-06-28 07:47:50</startdate>
<round>1</round>
<failsafecounter/>
<players><player seat="6" name="oreiasccp" chips="1,088" dealer="0" win="96" bet="88" muck="1" rebuy="0" addon="0" merge="0" rebuychips="0" reg_code="8393518153"/>
<player seat="10" name="ilyaxr4" chips="412" dealer="1" win="0" bet="48" muck="1" rebuy="0" addon="0" merge="0" rebuychips="0" reg_code="8393518166"/>
</players>
</general>
<round no="0"><action no="1" player="ilyaxr4" type="15" discard="1" dealt="1" sum="8"/>
<action no="2" player="oreiasccp" type="15" sum="8"/>
<action no="3" player="ilyaxr4" type="1" discard="1" dealt="1" sum="40"/>
<action no="4" player="oreiasccp" type="2" sum="80"/>
</round>
<round no="1"><cards type="Pocket" player="oreiasccp">C6 H2</cards>
<cards type="Pocket" player="ilyaxr4">X X</cards>
<action no="5" player="ilyaxr4" type="0" discard="1" dealt="1" sum="0"/>
</round>
</game>
<game gamecode="11538540392"><general><startdate>2025-06-28 07:47:56</startdate>
<round>1</round>
<failsafecounter/>
<players><player seat="10" name="ilyaxr4" chips="364" dealer="0" win="96" bet="88" muck="1" rebuy="0" addon="0" merge="0" rebuychips="0" reg_code="8393518166"/>
<player seat="6" name="oreiasccp" chips="1,136" dealer="1" win="0" bet="48" muck="1" rebuy="0" addon="0" merge="0" rebuychips="0" reg_code="8393518153"/>
</players>
</general>
<round no="0"><action no="1" player="oreiasccp" type="15" sum="8"/>
<action no="2" player="ilyaxr4" type="15" discard="1" dealt="1" sum="8"/>
<action no="3" player="oreiasccp" type="1" sum="40"/>
<action no="4" player="ilyaxr4" type="2" discard="1" dealt="1" sum="80"/>
</round>
<round no="1"><cards type="Pocket" player="ilyaxr4">X X</cards>
<cards type="Pocket" player="oreiasccp">C2 S3</cards>
<action no="5" player="oreiasccp" type="0" sum="0"/>
</round>
</game>
<game gamecode="11538540411"><general><startdate>2025-06-28 07:48:01</startdate>
<round>1</round>
<failsafecounter/>
<players><player seat="6" name="oreiasccp" chips="1,088" dealer="0" win="0" bet="88" muck="1" rebuy="0" addon="0" merge="0" rebuychips="0" reg_code="8393518153"/>
<player seat="10" name="ilyaxr4" chips="412" dealer="1" win="176" bet="412" muck="1" rebuy="0" addon="0" merge="0" rebuychips="0" reg_code="8393518166"/>
</players>
</general>
<round no="0"><action no="1" player="ilyaxr4" type="15" discard="1" dealt="1" sum="8"/>
<action no="2" player="oreiasccp" type="15" sum="8"/>
<action no="3" player="ilyaxr4" type="1" discard="1" dealt="1" sum="40"/>
<action no="4" player="oreiasccp" type="2" sum="80"/>
</round>
<round no="1"><cards type="Pocket" player="ilyaxr4">X X</cards>
<cards type="Pocket" player="oreiasccp">S10 C3</cards>
<action no="5" player="ilyaxr4" type="23" discard="1" dealt="1" sum="404"/>
<action no="6" player="oreiasccp" type="0" sum="0"/>
</round>
</game>
<game gamecode="11538540427"><general><startdate>2025-06-28 07:48:08</startdate>
<round>1</round>
<failsafecounter/>
<players><player seat="10" name="ilyaxr4" chips="500" dealer="0" win="0" bet="500" muck="0" rebuy="0" addon="0" merge="0" rebuychips="0" reg_code="8393518166"/>
<player seat="6" name="oreiasccp" chips="1,000" dealer="1" win="1,000" bet="500" muck="0" rebuy="0" addon="0" merge="0" rebuychips="0" reg_code="8393518153"/>
</players>
</general>
<round no="0"><action no="1" player="oreiasccp" type="15" sum="8"/>
<action no="2" player="ilyaxr4" type="15" discard="1" dealt="1" sum="8"/>
<action no="3" player="oreiasccp" type="1" sum="40"/>
<action no="4" player="ilyaxr4" type="2" discard="1" dealt="1" sum="80"/>
</round>
<round no="1"><cards type="Pocket" player="ilyaxr4">S2 DA</cards>
<cards type="Pocket" player="oreiasccp">D6 C6</cards>
<action no="5" player="oreiasccp" type="23" sum="492"/>
<action no="6" player="ilyaxr4" type="7" discard="1" dealt="1" sum="412"/>
</round>
<round no="2"><cards type="Flop">C4 SQ D5</cards>
</round>
<round no="3"><cards type="Turn">D7</cards>
</round>
<round no="4"><cards type="River">S7</cards>
</round>
</game>
</session>
