<?xml version="1.0" encoding="UTF-8"?>
<session sessioncode="8393532657">
<general>
<client_version>25.1.1.13</client_version>
<mode>real</mode>
<gametype>Holdem NL</gametype>
<tablename>Twister €5 SNG, 1128748807</tablename>
<tournamentcode>1128748806</tournamentcode>
<tournamentname>Twister €5 SNG</tournamentname>
<buyin>€0 + €0.35 + €4.65</buyin>
<totalbuyin>€5</totalbuyin>
<rewarddrawn>€10</rewarddrawn>
<tournamentcurrency>EUR</tournamentcurrency>
<currency>EUR</currency>
<nickname>oreiasccp</nickname>
<gamecount>2</gamecount>
<startdate>2025-06-28 08:37:18</startdate>
<place>3</place>
<win>€0</win>
<tablesize>3</tablesize>
</general>
<game gamecode="11538573468"><general><startdate>2025-06-28 08:37:33</startdate>
<round>1</round>
<failsafecounter/>
<players><player seat="6" name="oreiasccp" chips="500" dealer="0" win="0" bet="20" muck="1" rebuy="0" addon="0" merge="0" rebuychips="0" reg_code="8393532657"/>
<player seat="10" name="Obolonsky99" chips="500" dealer="1" win="0" bet="0" muck="1" rebuy="0" addon="0" merge="0" rebuychips="0" reg_code="8393532656"/>
<player seat="3" name="VolteSempre" chips="500" dealer="0" win="40" bet="50" muck="1" rebuy="0" addon="0" merge="0" rebuychips="0" reg_code="8393532632"/>
</players>
</general>
<round no="0"><action no="1" player="VolteSempre" type="1" discard="1" dealt="1" sum="10"/>
<action no="2" player="oreiasccp" type="2" sum="20"/>
</round>
<round no="1"><cards type="Pocket" player="VolteSempre">X X</cards>
<cards type="Pocket" player="oreiasccp">H8 S3</cards>
<cards type="Pocket" player="Obolonsky99">X X</cards>
<action no="3" player="Obolonsky99" type="0" discard="1" dealt="1" sum="0"/>
<action no="4" player="VolteSempre" type="23" discard="1" dealt="1" sum="50"/>
<action no="5" player="oreiasccp" type="0" sum="0"/>
</round>
</game>
<game gamecode="11538573514"><general><startdate>2025-06-28 08:37:47</startdate>
<round>1</round>
<failsafecounter/>
<players><player seat="10" name="Obolonsky99" chips="500" dealer="0" win="1,000" bet="500" muck="0" rebuy="0" addon="0" merge="0" rebuychips="0" reg_code="8393532656"/>
<player seat="3" name="VolteSempre" chips="520" dealer="1" win="0" bet="40" muck="1" rebuy="0" addon="0" merge="0" rebuychips="0" reg_code="8393532632"/>
<player seat="6" name="oreiasccp" chips="480" dealer="0" win="0" bet="480" muck="1" rebuy="0" addon="0" merge="0" rebuychips="0" reg_code="8393532657"/>
</players>
</general>
<round no="0"><action no="1" player="oreiasccp" type="1" sum="10"/>
<action no="2" player="Obolonsky99" type="2" discard="1" dealt="1" sum="20"/>
</round>
<round no="1"><cards type="Pocket" player="VolteSempre">X X</cards>
<cards type="Pocket" player="Obolonsky99">H8 C8</cards>
<cards type="Pocket" player="oreiasccp">HQ HK</cards>
<action no="3" player="VolteSempre" type="23" discard="1" dealt="1" sum="40"/>
<action no="4" player="oreiasccp" type="23" sum="480"/>
<action no="5" player="Obolonsky99" type="7" discard="1" dealt="1" sum="480"/>
<action no="6" player="VolteSempre" type="0" discard="1" dealt="1" sum="0"/>
</round>
<round no="2"><cards type="Flop">D10 D5 HA</cards>
</round>
<round no="3"><cards type="Turn">S8</cards>
</round>
<round no="4"><cards type="River">S3</cards>
</round>
</game>
</session>
