<?xml version="1.0" encoding="UTF-8"?>
<session sessioncode="8393585114">
<general>
<client_version>25.1.1.13</client_version>
<mode>real</mode>
<gametype>Holdem NL</gametype>
<tablename>Twister €5 SNG, 1128756382</tablename>
<tournamentcode>1128756381</tournamentcode>
<tournamentname>Twister €5 SNG</tournamentname>
<buyin>€0 + €0.35 + €4.65</buyin>
<totalbuyin>€5</totalbuyin>
<rewarddrawn>€15</rewarddrawn>
<tournamentcurrency>EUR</tournamentcurrency>
<currency>EUR</currency>
<nickname>oreiasccp</nickname>
<gamecount>1</gamecount>
<startdate>2025-06-28 11:17:14</startdate>
<place>3</place>
<win>€0</win>
<tablesize>3</tablesize>
</general>
<game gamecode="11538708158"><general><startdate>2025-06-28 11:17:29</startdate>
<round>1</round>
<failsafecounter/>
<players><player seat="10" name="HTNTN" chips="500" dealer="0" win="1,020" bet="500" muck="0" rebuy="0" addon="0" merge="0" rebuychips="0" reg_code="8393585211"/>
<player seat="3" name="TristanSwiss" chips="500" dealer="1" win="0" bet="20" muck="1" rebuy="0" addon="0" merge="0" rebuychips="0" reg_code="8393585101"/>
<player seat="6" name="oreiasccp" chips="500" dealer="0" win="0" bet="500" muck="1" rebuy="0" addon="0" merge="0" rebuychips="0" reg_code="8393585114"/>
</players>
</general>
<round no="0"><action no="1" player="oreiasccp" type="1" sum="10"/>
<action no="2" player="HTNTN" type="2" discard="1" dealt="1" sum="20"/>
</round>
<round no="1"><cards type="Pocket" player="oreiasccp">H5 HA</cards>
<cards type="Pocket" player="TristanSwiss">X X</cards>
<cards type="Pocket" player="HTNTN">S8 D8</cards>
<action no="3" player="TristanSwiss" type="3" discard="1" dealt="1" sum="20"/>
<action no="4" player="oreiasccp" type="23" sum="500"/>
<action no="5" player="HTNTN" type="7" discard="1" dealt="1" sum="480"/>
<action no="6" player="TristanSwiss" type="0" discard="1" dealt="1" sum="0"/>
</round>
<round no="2"><cards type="Flop">C8 SQ H3</cards>
</round>
<round no="3"><cards type="Turn">C6</cards>
</round>
<round no="4"><cards type="River">H6</cards>
</round>
</game>
</session>
