<?xml version="1.0" encoding="UTF-8"?>
<session sessioncode="8393527345">
<general>
<client_version>25.1.1.13</client_version>
<mode>real</mode>
<gametype>Holdem NL</gametype>
<tablename>Twister €5 SNG, 1128747820</tablename>
<tournamentcode>1128747819</tournamentcode>
<tournamentname>Twister €5 SNG</tournamentname>
<buyin>€0 + €0.35 + €4.65</buyin>
<totalbuyin>€5</totalbuyin>
<rewarddrawn>€15</rewarddrawn>
<tournamentcurrency>EUR</tournamentcurrency>
<currency>EUR</currency>
<nickname>oreiasccp</nickname>
<gamecount>28</gamecount>
<startdate>2025-06-28 08:13:40</startdate>
<place>3</place>
<win>€0</win>
<tablesize>3</tablesize>
</general>
<game gamecode="11538559128"><general><startdate>2025-06-28 08:13:55</startdate>
<round>1</round>
<failsafecounter/>
<players><player seat="3" name="BenjaModello" chips="500" dealer="0" win="90" bet="40" muck="0" rebuy="0" addon="0" merge="0" rebuychips="0" reg_code="8393527336"/>
<player seat="6" name="samuraidark41" chips="500" dealer="1" win="0" bet="40" muck="1" rebuy="0" addon="0" merge="0" rebuychips="0" reg_code="8393527340"/>
<player seat="10" name="oreiasccp" chips="500" dealer="0" win="0" bet="10" muck="1" rebuy="0" addon="0" merge="0" rebuychips="0" reg_code="8393527345"/>
</players>
</general>
<round no="0"><action no="1" player="oreiasccp" type="1" sum="10"/>
<action no="2" player="BenjaModello" type="2" discard="1" dealt="1" sum="20"/>
</round>
<round no="1"><cards type="Pocket" player="BenjaModello">C5 S4</cards>
<cards type="Pocket" player="oreiasccp">S10 C3</cards>
<cards type="Pocket" player="samuraidark41">DQ S7</cards>
<action no="3" player="samuraidark41" type="3" discard="1" dealt="1" sum="20"/>
<action no="4" player="oreiasccp" type="0" sum="0"/>
<action no="5" player="BenjaModello" type="4" discard="1" dealt="1" sum="0"/>
</round>
<round no="2"><cards type="Flop">D5 SK S3</cards>
<action no="6" player="BenjaModello" type="4" discard="1" dealt="1" sum="0"/>
<action no="7" player="samuraidark41" type="4" discard="1" dealt="1" sum="0"/>
</round>
<round no="3"><cards type="Turn">D10</cards>
<action no="8" player="BenjaModello" type="5" discard="1" dealt="1" sum="20"/>
<action no="9" player="samuraidark41" type="3" discard="1" dealt="1" sum="20"/>
</round>
<round no="4"><cards type="River">D4</cards>
<action no="10" player="BenjaModello" type="4" discard="1" dealt="1" sum="0"/>
<action no="11" player="samuraidark41" type="4" discard="1" dealt="1" sum="0"/>
</round>
</game>
<game gamecode="11538559193"><general><startdate>2025-06-28 08:14:14</startdate>
<round>1</round>
<failsafecounter/>
<players><player seat="6" name="samuraidark41" chips="460" dealer="0" win="0" bet="40" muck="1" rebuy="0" addon="0" merge="0" rebuychips="0" reg_code="8393527340"/>
<player seat="10" name="oreiasccp" chips="490" dealer="1" win="120" bet="40" muck="0" rebuy="0" addon="0" merge="0" rebuychips="0" reg_code="8393527345"/>
<player seat="3" name="BenjaModello" chips="550" dealer="0" win="0" bet="40" muck="1" rebuy="0" addon="0" merge="0" rebuychips="0" reg_code="8393527336"/>
</players>
</general>
<round no="0"><action no="1" player="BenjaModello" type="1" discard="1" dealt="1" sum="10"/>
<action no="2" player="samuraidark41" type="2" discard="1" dealt="1" sum="20"/>
</round>
<round no="1"><cards type="Pocket" player="BenjaModello">HQ D3</cards>
<cards type="Pocket" player="oreiasccp">CQ DA</cards>
<cards type="Pocket" player="samuraidark41">D2 CA</cards>
<action no="3" player="oreiasccp" type="23" sum="40"/>
<action no="4" player="BenjaModello" type="3" discard="1" dealt="1" sum="30"/>
<action no="5" player="samuraidark41" type="3" discard="1" dealt="1" sum="20"/>
</round>
<round no="2"><cards type="Flop">C6 S10 H5</cards>
<action no="6" player="BenjaModello" type="4" discard="1" dealt="1" sum="0"/>
<action no="7" player="samuraidark41" type="4" discard="1" dealt="1" sum="0"/>
<action no="8" player="oreiasccp" type="4" sum="0"/>
</round>
<round no="3"><cards type="Turn">S5</cards>
<action no="9" player="BenjaModello" type="4" discard="1" dealt="1" sum="0"/>
<action no="10" player="samuraidark41" type="4" discard="1" dealt="1" sum="0"/>
<action no="11" player="oreiasccp" type="4" sum="0"/>
</round>
<round no="4"><cards type="River">C8</cards>
<action no="12" player="BenjaModello" type="4" discard="1" dealt="1" sum="0"/>
<action no="13" player="samuraidark41" type="4" discard="1" dealt="1" sum="0"/>
<action no="14" player="oreiasccp" type="4" sum="0"/>
</round>
</game>
<game gamecode="11538559308"><general><startdate>2025-06-28 08:14:56</startdate>
<round>1</round>
<failsafecounter/>
<players><player seat="10" name="oreiasccp" chips="570" dealer="0" win="0" bet="20" muck="1" rebuy="0" addon="0" merge="0" rebuychips="0" reg_code="8393527345"/>
<player seat="3" name="BenjaModello" chips="510" dealer="1" win="0" bet="0" muck="1" rebuy="0" addon="0" merge="0" rebuychips="0" reg_code="8393527336"/>
<player seat="6" name="samuraidark41" chips="420" dealer="0" win="40" bet="20" muck="0" rebuy="0" addon="0" merge="0" rebuychips="0" reg_code="8393527340"/>
</players>
</general>
<round no="0"><action no="1" player="samuraidark41" type="1" discard="1" dealt="1" sum="10"/>
<action no="2" player="oreiasccp" type="2" sum="20"/>
</round>
<round no="1"><cards type="Pocket" player="oreiasccp">CJ H7</cards>
<cards type="Pocket" player="samuraidark41">C6 D8</cards>
<cards type="Pocket" player="BenjaModello">X X</cards>
<action no="3" player="BenjaModello" type="0" discard="1" dealt="1" sum="0"/>
<action no="4" player="samuraidark41" type="3" discard="1" dealt="1" sum="10"/>
<action no="5" player="oreiasccp" type="4" sum="0"/>
</round>
<round no="2"><cards type="Flop">S9 S8 D6</cards>
<action no="6" player="samuraidark41" type="4" discard="1" dealt="1" sum="0"/>
<action no="7" player="oreiasccp" type="4" sum="0"/>
</round>
<round no="3"><cards type="Turn">S7</cards>
<action no="8" player="samuraidark41" type="4" discard="1" dealt="1" sum="0"/>
<action no="9" player="oreiasccp" type="4" sum="0"/>
</round>
<round no="4"><cards type="River">D4</cards>
<action no="10" player="samuraidark41" type="4" discard="1" dealt="1" sum="0"/>
<action no="11" player="oreiasccp" type="4" sum="0"/>
</round>
</game>
<game gamecode="11538559393"><general><startdate>2025-06-28 08:15:21</startdate>
<round>1</round>
<failsafecounter/>
<players><player seat="3" name="BenjaModello" chips="510" dealer="0" win="550" bet="270" muck="0" rebuy="0" addon="0" merge="0" rebuychips="0" reg_code="8393527336"/>
<player seat="6" name="samuraidark41" chips="440" dealer="1" win="0" bet="270" muck="1" rebuy="0" addon="0" merge="0" rebuychips="0" reg_code="8393527340"/>
<player seat="10" name="oreiasccp" chips="550" dealer="0" win="0" bet="10" muck="1" rebuy="0" addon="0" merge="0" rebuychips="0" reg_code="8393527345"/>
</players>
</general>
<round no="0"><action no="1" player="oreiasccp" type="1" sum="10"/>
<action no="2" player="BenjaModello" type="2" discard="1" dealt="1" sum="20"/>
</round>
<round no="1"><cards type="Pocket" player="samuraidark41">H7 H10</cards>
<cards type="Pocket" player="oreiasccp">H3 DK</cards>
<cards type="Pocket" player="BenjaModello">CK C3</cards>
<action no="3" player="samuraidark41" type="23" discard="1" dealt="1" sum="40"/>
<action no="4" player="oreiasccp" type="0" sum="0"/>
<action no="5" player="BenjaModello" type="3" discard="1" dealt="1" sum="20"/>
</round>
<round no="2"><cards type="Flop">C5 D7 HK</cards>
<action no="6" player="BenjaModello" type="4" discard="1" dealt="1" sum="0"/>
<action no="7" player="samuraidark41" type="5" discard="1" dealt="1" sum="45"/>
<action no="8" player="BenjaModello" type="23" discard="1" dealt="1" sum="170"/>
<action no="9" player="samuraidark41" type="3" discard="1" dealt="1" sum="125"/>
</round>
<round no="3"><cards type="Turn">S2</cards>
<action no="10" player="BenjaModello" type="4" discard="1" dealt="1" sum="0"/>
<action no="11" player="samuraidark41" type="4" discard="1" dealt="1" sum="0"/>
</round>
<round no="4"><cards type="River">SQ</cards>
<action no="12" player="BenjaModello" type="5" discard="1" dealt="1" sum="60"/>
<action no="13" player="samuraidark41" type="3" discard="1" dealt="1" sum="60"/>
</round>
</game>
<game gamecode="11538559492"><general><startdate>2025-06-28 08:15:55</startdate>
<round>1</round>
<failsafecounter/>
<players><player seat="6" name="samuraidark41" chips="170" dealer="0" win="345" bet="170" muck="0" rebuy="0" addon="0" merge="0" rebuychips="0" reg_code="8393527340"/>
<player seat="10" name="oreiasccp" chips="540" dealer="1" win="0" bet="5" muck="1" rebuy="0" addon="0" merge="0" rebuychips="0" reg_code="8393527345"/>
<player seat="3" name="BenjaModello" chips="790" dealer="0" win="0" bet="170" muck="1" rebuy="0" addon="0" merge="0" rebuychips="0" reg_code="8393527336"/>
</players>
</general>
<round no="0"><action no="1" player="BenjaModello" type="15" discard="1" dealt="1" sum="5"/>
<action no="2" player="samuraidark41" type="15" discard="1" dealt="1" sum="5"/>
<action no="3" player="oreiasccp" type="15" sum="5"/>
<action no="4" player="BenjaModello" type="1" discard="1" dealt="1" sum="15"/>
<action no="5" player="samuraidark41" type="2" discard="1" dealt="1" sum="30"/>
</round>
<round no="1"><cards type="Pocket" player="BenjaModello">D6 CJ</cards>
<cards type="Pocket" player="oreiasccp">C5 S2</cards>
<cards type="Pocket" player="samuraidark41">S6 S4</cards>
<action no="6" player="oreiasccp" type="0" sum="0"/>
<action no="7" player="BenjaModello" type="3" discard="1" dealt="1" sum="15"/>
<action no="8" player="samuraidark41" type="23" discard="1" dealt="1" sum="165"/>
<action no="9" player="BenjaModello" type="3" discard="1" dealt="1" sum="135"/>
</round>
<round no="2"><cards type="Flop">SK SA C8</cards>
</round>
<round no="3"><cards type="Turn">S10</cards>
</round>
<round no="4"><cards type="River">D8</cards>
</round>
</game>
<game gamecode="11538559549"><general><startdate>2025-06-28 08:16:13</startdate>
<round>1</round>
<failsafecounter/>
<players><player seat="10" name="oreiasccp" chips="535" dealer="0" win="0" bet="35" muck="1" rebuy="0" addon="0" merge="0" rebuychips="0" reg_code="8393527345"/>
<player seat="3" name="BenjaModello" chips="620" dealer="1" win="0" bet="5" muck="1" rebuy="0" addon="0" merge="0" rebuychips="0" reg_code="8393527336"/>
<player seat="6" name="samuraidark41" chips="345" dealer="0" win="75" bet="345" muck="1" rebuy="0" addon="0" merge="0" rebuychips="0" reg_code="8393527340"/>
</players>
</general>
<round no="0"><action no="1" player="samuraidark41" type="15" discard="1" dealt="1" sum="5"/>
<action no="2" player="oreiasccp" type="15" sum="5"/>
<action no="3" player="BenjaModello" type="15" discard="1" dealt="1" sum="5"/>
<action no="4" player="samuraidark41" type="1" discard="1" dealt="1" sum="15"/>
<action no="5" player="oreiasccp" type="2" sum="30"/>
</round>
<round no="1"><cards type="Pocket" player="samuraidark41">X X</cards>
<cards type="Pocket" player="oreiasccp">D3 CJ</cards>
<cards type="Pocket" player="BenjaModello">X X</cards>
<action no="6" player="BenjaModello" type="0" discard="1" dealt="1" sum="0"/>
<action no="7" player="samuraidark41" type="23" discard="1" dealt="1" sum="340"/>
<action no="8" player="oreiasccp" type="0" sum="0"/>
</round>
</game>
<game gamecode="11538559580"><general><startdate>2025-06-28 08:16:24</startdate>
<round>1</round>
<failsafecounter/>
<players><player seat="3" name="BenjaModello" chips="615" dealer="0" win="45" bet="35" muck="1" rebuy="0" addon="0" merge="0" rebuychips="0" reg_code="8393527336"/>
<player seat="6" name="samuraidark41" chips="385" dealer="1" win="0" bet="5" muck="1" rebuy="0" addon="0" merge="0" rebuychips="0" reg_code="8393527340"/>
<player seat="10" name="oreiasccp" chips="500" dealer="0" win="0" bet="20" muck="1" rebuy="0" addon="0" merge="0" rebuychips="0" reg_code="8393527345"/>
</players>
</general>
<round no="0"><action no="1" player="oreiasccp" type="15" sum="5"/>
<action no="2" player="BenjaModello" type="15" discard="1" dealt="1" sum="5"/>
<action no="3" player="samuraidark41" type="15" discard="1" dealt="1" sum="5"/>
<action no="4" player="oreiasccp" type="1" sum="15"/>
<action no="5" player="BenjaModello" type="2" discard="1" dealt="1" sum="30"/>
</round>
<round no="1"><cards type="Pocket" player="oreiasccp">C2 H9</cards>
<cards type="Pocket" player="BenjaModello">X X</cards>
<cards type="Pocket" player="samuraidark41">X X</cards>
<action no="6" player="samuraidark41" type="0" discard="1" dealt="1" sum="0"/>
<action no="7" player="oreiasccp" type="0" sum="0"/>
</round>
</game>
<game gamecode="11538559604"><general><startdate>2025-06-28 08:16:32</startdate>
<round>1</round>
<failsafecounter/>
<players><player seat="6" name="samuraidark41" chips="380" dealer="0" win="0" bet="35" muck="1" rebuy="0" addon="0" merge="0" rebuychips="0" reg_code="8393527340"/>
<player seat="10" name="oreiasccp" chips="480" dealer="1" win="90" bet="480" muck="1" rebuy="0" addon="0" merge="0" rebuychips="0" reg_code="8393527345"/>
<player seat="3" name="BenjaModello" chips="640" dealer="0" win="0" bet="20" muck="1" rebuy="0" addon="0" merge="0" rebuychips="0" reg_code="8393527336"/>
</players>
</general>
<round no="0"><action no="1" player="BenjaModello" type="15" discard="1" dealt="1" sum="5"/>
<action no="2" player="samuraidark41" type="15" discard="1" dealt="1" sum="5"/>
<action no="3" player="oreiasccp" type="15" sum="5"/>
<action no="4" player="BenjaModello" type="1" discard="1" dealt="1" sum="15"/>
<action no="5" player="samuraidark41" type="2" discard="1" dealt="1" sum="30"/>
</round>
<round no="1"><cards type="Pocket" player="BenjaModello">X X</cards>
<cards type="Pocket" player="samuraidark41">X X</cards>
<cards type="Pocket" player="oreiasccp">C7 DA</cards>
<action no="6" player="oreiasccp" type="23" sum="475"/>
<action no="7" player="BenjaModello" type="0" discard="1" dealt="1" sum="0"/>
<action no="8" player="samuraidark41" type="0" discard="1" dealt="1" sum="0"/>
</round>
</game>
<game gamecode="11538559643"><general><startdate>2025-06-28 08:16:44</startdate>
<round>1</round>
<failsafecounter/>
<players><player seat="10" name="oreiasccp" chips="535" dealer="0" win="0" bet="35" muck="1" rebuy="0" addon="0" merge="0" rebuychips="0" reg_code="8393527345"/>
<player seat="3" name="BenjaModello" chips="620" dealer="1" win="0" bet="5" muck="1" rebuy="0" addon="0" merge="0" rebuychips="0" reg_code="8393527336"/>
<player seat="6" name="samuraidark41" chips="345" dealer="0" win="75" bet="345" muck="1" rebuy="0" addon="0" merge="0" rebuychips="0" reg_code="8393527340"/>
</players>
</general>
<round no="0"><action no="1" player="samuraidark41" type="15" discard="1" dealt="1" sum="5"/>
<action no="2" player="oreiasccp" type="15" sum="5"/>
<action no="3" player="BenjaModello" type="15" discard="1" dealt="1" sum="5"/>
<action no="4" player="samuraidark41" type="1" discard="1" dealt="1" sum="15"/>
<action no="5" player="oreiasccp" type="2" sum="30"/>
</round>
<round no="1"><cards type="Pocket" player="oreiasccp">H9 C7</cards>
<cards type="Pocket" player="BenjaModello">X X</cards>
<cards type="Pocket" player="samuraidark41">X X</cards>
<action no="6" player="BenjaModello" type="0" discard="1" dealt="1" sum="0"/>
<action no="7" player="samuraidark41" type="23" discard="1" dealt="1" sum="340"/>
<action no="8" player="oreiasccp" type="0" sum="0"/>
</round>
</game>
<game gamecode="11538559682"><general><startdate>2025-06-28 08:16:55</startdate>
<round>1</round>
<failsafecounter/>
<players><player seat="3" name="BenjaModello" chips="615" dealer="0" win="0" bet="35" muck="1" rebuy="0" addon="0" merge="0" rebuychips="0" reg_code="8393527336"/>
<player seat="6" name="samuraidark41" chips="385" dealer="1" win="0" bet="5" muck="1" rebuy="0" addon="0" merge="0" rebuychips="0" reg_code="8393527340"/>
<player seat="10" name="oreiasccp" chips="500" dealer="0" win="75" bet="65" muck="1" rebuy="0" addon="0" merge="0" rebuychips="0" reg_code="8393527345"/>
</players>
</general>
<round no="0"><action no="1" player="oreiasccp" type="15" sum="5"/>
<action no="2" player="BenjaModello" type="15" discard="1" dealt="1" sum="5"/>
<action no="3" player="samuraidark41" type="15" discard="1" dealt="1" sum="5"/>
<action no="4" player="oreiasccp" type="1" sum="15"/>
<action no="5" player="BenjaModello" type="2" discard="1" dealt="1" sum="30"/>
</round>
<round no="1"><cards type="Pocket" player="BenjaModello">X X</cards>
<cards type="Pocket" player="samuraidark41">X X</cards>
<cards type="Pocket" player="oreiasccp">H9 CK</cards>
<action no="6" player="samuraidark41" type="0" discard="1" dealt="1" sum="0"/>
<action no="7" player="oreiasccp" type="23" sum="60"/>
<action no="8" player="BenjaModello" type="0" discard="1" dealt="1" sum="0"/>
</round>
</game>
<game gamecode="11538559725"><general><startdate>2025-06-28 08:17:10</startdate>
<round>1</round>
<failsafecounter/>
<players><player seat="6" name="samuraidark41" chips="380" dealer="0" win="0" bet="35" muck="1" rebuy="0" addon="0" merge="0" rebuychips="0" reg_code="8393527340"/>
<player seat="10" name="oreiasccp" chips="540" dealer="1" win="0" bet="5" muck="1" rebuy="0" addon="0" merge="0" rebuychips="0" reg_code="8393527345"/>
<player seat="3" name="BenjaModello" chips="580" dealer="0" win="75" bet="65" muck="1" rebuy="0" addon="0" merge="0" rebuychips="0" reg_code="8393527336"/>
</players>
</general>
<round no="0"><action no="1" player="BenjaModello" type="15" discard="1" dealt="1" sum="5"/>
<action no="2" player="samuraidark41" type="15" discard="1" dealt="1" sum="5"/>
<action no="3" player="oreiasccp" type="15" sum="5"/>
<action no="4" player="BenjaModello" type="1" discard="1" dealt="1" sum="15"/>
<action no="5" player="samuraidark41" type="2" discard="1" dealt="1" sum="30"/>
</round>
<round no="1"><cards type="Pocket" player="oreiasccp">S6 S10</cards>
<cards type="Pocket" player="BenjaModello">X X</cards>
<cards type="Pocket" player="samuraidark41">X X</cards>
<action no="6" player="oreiasccp" type="0" sum="0"/>
<action no="7" player="BenjaModello" type="3" discard="1" dealt="1" sum="15"/>
<action no="8" player="samuraidark41" type="4" discard="1" dealt="1" sum="0"/>
</round>
<round no="2"><cards type="Flop">H7 HQ CJ</cards>
<action no="9" player="BenjaModello" type="5" discard="1" dealt="1" sum="30"/>
<action no="10" player="samuraidark41" type="0" discard="1" dealt="1" sum="0"/>
</round>
</game>
<game gamecode="11538559772"><general><startdate>2025-06-28 08:17:23</startdate>
<round>1</round>
<failsafecounter/>
<players><player seat="10" name="oreiasccp" chips="535" dealer="0" win="233" bet="114" muck="0" rebuy="0" addon="0" merge="0" rebuychips="0" reg_code="8393527345"/>
<player seat="3" name="BenjaModello" chips="620" dealer="1" win="0" bet="5" muck="1" rebuy="0" addon="0" merge="0" rebuychips="0" reg_code="8393527336"/>
<player seat="6" name="samuraidark41" chips="345" dealer="0" win="0" bet="114" muck="1" rebuy="0" addon="0" merge="0" rebuychips="0" reg_code="8393527340"/>
</players>
</general>
<round no="0"><action no="1" player="samuraidark41" type="15" discard="1" dealt="1" sum="5"/>
<action no="2" player="oreiasccp" type="15" sum="5"/>
<action no="3" player="BenjaModello" type="15" discard="1" dealt="1" sum="5"/>
<action no="4" player="samuraidark41" type="1" discard="1" dealt="1" sum="15"/>
<action no="5" player="oreiasccp" type="2" sum="30"/>
</round>
<round no="1"><cards type="Pocket" player="oreiasccp">H6 HQ</cards>
<cards type="Pocket" player="samuraidark41">C7 SQ</cards>
<cards type="Pocket" player="BenjaModello">X X</cards>
<action no="6" player="BenjaModello" type="0" discard="1" dealt="1" sum="0"/>
<action no="7" player="samuraidark41" type="3" discard="1" dealt="1" sum="15"/>
<action no="8" player="oreiasccp" type="4" sum="0"/>
</round>
<round no="2"><cards type="Flop">C6 H4 H5</cards>
<action no="9" player="samuraidark41" type="4" discard="1" dealt="1" sum="0"/>
<action no="10" player="oreiasccp" type="5" sum="30"/>
<action no="11" player="samuraidark41" type="3" discard="1" dealt="1" sum="30"/>
</round>
<round no="3"><cards type="Turn">S10</cards>
<action no="12" player="samuraidark41" type="4" discard="1" dealt="1" sum="0"/>
<action no="13" player="oreiasccp" type="5" sum="49"/>
<action no="14" player="samuraidark41" type="3" discard="1" dealt="1" sum="49"/>
</round>
<round no="4"><cards type="River">D10</cards>
<action no="15" player="samuraidark41" type="4" discard="1" dealt="1" sum="0"/>
<action no="16" player="oreiasccp" type="4" sum="0"/>
</round>
</game>
<game gamecode="11538559848"><general><startdate>2025-06-28 08:17:48</startdate>
<round>1</round>
<failsafecounter/>
<players><player seat="3" name="BenjaModello" chips="615" dealer="0" win="0" bet="35" muck="1" rebuy="0" addon="0" merge="0" rebuychips="0" reg_code="8393527336"/>
<player seat="6" name="samuraidark41" chips="231" dealer="1" win="90" bet="231" muck="1" rebuy="0" addon="0" merge="0" rebuychips="0" reg_code="8393527340"/>
<player seat="10" name="oreiasccp" chips="654" dealer="0" win="0" bet="20" muck="1" rebuy="0" addon="0" merge="0" rebuychips="0" reg_code="8393527345"/>
</players>
</general>
<round no="0"><action no="1" player="oreiasccp" type="15" sum="5"/>
<action no="2" player="BenjaModello" type="15" discard="1" dealt="1" sum="5"/>
<action no="3" player="samuraidark41" type="15" discard="1" dealt="1" sum="5"/>
<action no="4" player="oreiasccp" type="1" sum="15"/>
<action no="5" player="BenjaModello" type="2" discard="1" dealt="1" sum="30"/>
</round>
<round no="1"><cards type="Pocket" player="samuraidark41">X X</cards>
<cards type="Pocket" player="oreiasccp">CQ C5</cards>
<cards type="Pocket" player="BenjaModello">X X</cards>
<action no="6" player="samuraidark41" type="23" discard="1" dealt="1" sum="226"/>
<action no="7" player="oreiasccp" type="0" sum="0"/>
<action no="8" player="BenjaModello" type="0" discard="1" dealt="1" sum="0"/>
</round>
</game>
<game gamecode="11538559890"><general><startdate>2025-06-28 08:18:02</startdate>
<round>1</round>
<failsafecounter/>
<players><player seat="6" name="samuraidark41" chips="286" dealer="0" win="577" bet="286" muck="0" rebuy="0" addon="0" merge="0" rebuychips="0" reg_code="8393527340"/>
<player seat="10" name="oreiasccp" chips="634" dealer="1" win="0" bet="5" muck="1" rebuy="0" addon="0" merge="0" rebuychips="0" reg_code="8393527345"/>
<player seat="3" name="BenjaModello" chips="580" dealer="0" win="0" bet="580" muck="0" rebuy="0" addon="0" merge="0" rebuychips="0" reg_code="8393527336"/>
</players>
</general>
<round no="0"><action no="1" player="BenjaModello" type="15" discard="1" dealt="1" sum="5"/>
<action no="2" player="samuraidark41" type="15" discard="1" dealt="1" sum="5"/>
<action no="3" player="oreiasccp" type="15" sum="5"/>
<action no="4" player="BenjaModello" type="1" discard="1" dealt="1" sum="20"/>
<action no="5" player="samuraidark41" type="2" discard="1" dealt="1" sum="40"/>
</round>
<round no="1"><cards type="Pocket" player="BenjaModello">S5 S6</cards>
<cards type="Pocket" player="oreiasccp">D6 S10</cards>
<cards type="Pocket" player="samuraidark41">H8 S7</cards>
<action no="6" player="oreiasccp" type="0" sum="0"/>
<action no="7" player="BenjaModello" type="3" discard="1" dealt="1" sum="20"/>
<action no="8" player="samuraidark41" type="4" discard="1" dealt="1" sum="0"/>
</round>
<round no="2"><cards type="Flop">S8 SJ D8</cards>
<action no="9" player="BenjaModello" type="5" discard="1" dealt="1" sum="535"/>
<action no="10" player="samuraidark41" type="7" discard="1" dealt="1" sum="241"/>
</round>
<round no="3"><cards type="Turn">DQ</cards>
</round>
<round no="4"><cards type="River">C8</cards>
</round>
</game>
<game gamecode="11538559961"><general><startdate>2025-06-28 08:18:23</startdate>
<round>1</round>
<failsafecounter/>
<players><player seat="10" name="oreiasccp" chips="629" dealer="0" win="0" bet="159" muck="1" rebuy="0" addon="0" merge="0" rebuychips="0" reg_code="8393527345"/>
<player seat="3" name="BenjaModello" chips="294" dealer="1" win="0" bet="5" muck="1" rebuy="0" addon="0" merge="0" rebuychips="0" reg_code="8393527336"/>
<player seat="6" name="samuraidark41" chips="577" dealer="0" win="323" bet="482" muck="1" rebuy="0" addon="0" merge="0" rebuychips="0" reg_code="8393527340"/>
</players>
</general>
<round no="0"><action no="1" player="samuraidark41" type="15" discard="1" dealt="1" sum="5"/>
<action no="2" player="oreiasccp" type="15" sum="5"/>
<action no="3" player="BenjaModello" type="15" discard="1" dealt="1" sum="5"/>
<action no="4" player="samuraidark41" type="1" discard="1" dealt="1" sum="20"/>
<action no="5" player="oreiasccp" type="2" sum="40"/>
</round>
<round no="1"><cards type="Pocket" player="samuraidark41">X X</cards>
<cards type="Pocket" player="oreiasccp">SQ SA</cards>
<cards type="Pocket" player="BenjaModello">X X</cards>
<action no="6" player="BenjaModello" type="0" discard="1" dealt="1" sum="0"/>
<action no="7" player="samuraidark41" type="3" discard="1" dealt="1" sum="20"/>
<action no="8" player="oreiasccp" type="23" sum="100"/>
<action no="9" player="samuraidark41" type="3" discard="1" dealt="1" sum="60"/>
</round>
<round no="2"><cards type="Flop">D10 C3 S8</cards>
<action no="10" player="samuraidark41" type="4" discard="1" dealt="1" sum="0"/>
<action no="11" player="oreiasccp" type="5" sum="54"/>
<action no="12" player="samuraidark41" type="3" discard="1" dealt="1" sum="54"/>
</round>
<round no="3"><cards type="Turn">D9</cards>
<action no="13" player="samuraidark41" type="4" discard="1" dealt="1" sum="0"/>
<action no="14" player="oreiasccp" type="4" sum="0"/>
</round>
<round no="4"><cards type="River">C7</cards>
<action no="15" player="samuraidark41" type="5" discard="1" dealt="1" sum="323"/>
<action no="16" player="oreiasccp" type="0" sum="0"/>
</round>
</game>
<game gamecode="11538560064"><general><startdate>2025-06-28 08:18:55</startdate>
<round>1</round>
<failsafecounter/>
<players><player seat="3" name="BenjaModello" chips="289" dealer="0" win="0" bet="45" muck="1" rebuy="0" addon="0" merge="0" rebuychips="0" reg_code="8393527336"/>
<player seat="6" name="samuraidark41" chips="741" dealer="1" win="0" bet="5" muck="1" rebuy="0" addon="0" merge="0" rebuychips="0" reg_code="8393527340"/>
<player seat="10" name="oreiasccp" chips="470" dealer="0" win="95" bet="289" muck="1" rebuy="0" addon="0" merge="0" rebuychips="0" reg_code="8393527345"/>
</players>
</general>
<round no="0"><action no="1" player="oreiasccp" type="15" sum="5"/>
<action no="2" player="BenjaModello" type="15" discard="1" dealt="1" sum="5"/>
<action no="3" player="samuraidark41" type="15" discard="1" dealt="1" sum="5"/>
<action no="4" player="oreiasccp" type="1" sum="20"/>
<action no="5" player="BenjaModello" type="2" discard="1" dealt="1" sum="40"/>
</round>
<round no="1"><cards type="Pocket" player="BenjaModello">X X</cards>
<cards type="Pocket" player="oreiasccp">H9 DQ</cards>
<cards type="Pocket" player="samuraidark41">X X</cards>
<action no="6" player="samuraidark41" type="0" discard="1" dealt="1" sum="0"/>
<action no="7" player="oreiasccp" type="23" sum="284"/>
<action no="8" player="BenjaModello" type="0" discard="1" dealt="1" sum="0"/>
</round>
</game>
<game gamecode="11538560097"><general><startdate>2025-06-28 08:19:05</startdate>
<round>1</round>
<failsafecounter/>
<players><player seat="6" name="samuraidark41" chips="736" dealer="0" win="55" bet="45" muck="1" rebuy="0" addon="0" merge="0" rebuychips="0" reg_code="8393527340"/>
<player seat="10" name="oreiasccp" chips="520" dealer="1" win="0" bet="5" muck="1" rebuy="0" addon="0" merge="0" rebuychips="0" reg_code="8393527345"/>
<player seat="3" name="BenjaModello" chips="244" dealer="0" win="0" bet="25" muck="1" rebuy="0" addon="0" merge="0" rebuychips="0" reg_code="8393527336"/>
</players>
</general>
<round no="0"><action no="1" player="BenjaModello" type="15" discard="1" dealt="1" sum="5"/>
<action no="2" player="samuraidark41" type="15" discard="1" dealt="1" sum="5"/>
<action no="3" player="oreiasccp" type="15" sum="5"/>
<action no="4" player="BenjaModello" type="1" discard="1" dealt="1" sum="20"/>
<action no="5" player="samuraidark41" type="2" discard="1" dealt="1" sum="40"/>
</round>
<round no="1"><cards type="Pocket" player="BenjaModello">X X</cards>
<cards type="Pocket" player="oreiasccp">DK H7</cards>
<cards type="Pocket" player="samuraidark41">X X</cards>
<action no="6" player="oreiasccp" type="0" sum="0"/>
<action no="7" player="BenjaModello" type="0" discard="1" dealt="1" sum="0"/>
</round>
</game>
<game gamecode="11538560118"><general><startdate>2025-06-28 08:19:13</startdate>
<round>1</round>
<failsafecounter/>
<players><player seat="10" name="oreiasccp" chips="515" dealer="0" win="232" bet="219" muck="0" rebuy="0" addon="0" merge="0" rebuychips="0" reg_code="8393527345"/>
<player seat="3" name="BenjaModello" chips="219" dealer="1" win="231" bet="219" muck="0" rebuy="0" addon="0" merge="0" rebuychips="0" reg_code="8393527336"/>
<player seat="6" name="samuraidark41" chips="766" dealer="0" win="0" bet="25" muck="1" rebuy="0" addon="0" merge="0" rebuychips="0" reg_code="8393527340"/>
</players>
</general>
<round no="0"><action no="1" player="samuraidark41" type="15" discard="1" dealt="1" sum="5"/>
<action no="2" player="oreiasccp" type="15" sum="5"/>
<action no="3" player="BenjaModello" type="15" discard="1" dealt="1" sum="5"/>
<action no="4" player="samuraidark41" type="1" discard="1" dealt="1" sum="20"/>
<action no="5" player="oreiasccp" type="2" sum="40"/>
</round>
<round no="1"><cards type="Pocket" player="BenjaModello">C2 SA</cards>
<cards type="Pocket" player="samuraidark41">X X</cards>
<cards type="Pocket" player="oreiasccp">HJ HA</cards>
<action no="6" player="BenjaModello" type="3" discard="1" dealt="1" sum="40"/>
<action no="7" player="samuraidark41" type="0" discard="1" dealt="1" sum="0"/>
<action no="8" player="oreiasccp" type="23" sum="214"/>
<action no="9" player="BenjaModello" type="7" discard="1" dealt="1" sum="174"/>
</round>
<round no="2"><cards type="Flop">S10 D10 DQ</cards>
</round>
<round no="3"><cards type="Turn">H8</cards>
</round>
<round no="4"><cards type="River">CA</cards>
</round>
</game>
<game gamecode="11538560185"><general><startdate>2025-06-28 08:19:35</startdate>
<round>1</round>
<failsafecounter/>
<players><player seat="3" name="BenjaModello" chips="231" dealer="0" win="467" bet="231" muck="0" rebuy="0" addon="0" merge="0" rebuychips="0" reg_code="8393527336"/>
<player seat="6" name="samuraidark41" chips="741" dealer="1" win="0" bet="5" muck="1" rebuy="0" addon="0" merge="0" rebuychips="0" reg_code="8393527340"/>
<player seat="10" name="oreiasccp" chips="528" dealer="0" win="0" bet="231" muck="1" rebuy="0" addon="0" merge="0" rebuychips="0" reg_code="8393527345"/>
</players>
</general>
<round no="0"><action no="1" player="oreiasccp" type="15" sum="5"/>
<action no="2" player="BenjaModello" type="15" discard="1" dealt="1" sum="5"/>
<action no="3" player="samuraidark41" type="15" discard="1" dealt="1" sum="5"/>
<action no="4" player="oreiasccp" type="1" sum="20"/>
<action no="5" player="BenjaModello" type="2" discard="1" dealt="1" sum="40"/>
</round>
<round no="1"><cards type="Pocket" player="BenjaModello">S7 S5</cards>
<cards type="Pocket" player="samuraidark41">X X</cards>
<cards type="Pocket" player="oreiasccp">CA C8</cards>
<action no="6" player="samuraidark41" type="0" discard="1" dealt="1" sum="0"/>
<action no="7" player="oreiasccp" type="23" sum="226"/>
<action no="8" player="BenjaModello" type="7" discard="1" dealt="1" sum="186"/>
</round>
<round no="2"><cards type="Flop">S8 C4 C9</cards>
</round>
<round no="3"><cards type="Turn">H7</cards>
</round>
<round no="4"><cards type="River">D5</cards>
</round>
</game>
<game gamecode="11538560234"><general><startdate>2025-06-28 08:19:54</startdate>
<round>1</round>
<failsafecounter/>
<players><player seat="6" name="samuraidark41" chips="736" dealer="0" win="55" bet="45" muck="1" rebuy="0" addon="0" merge="0" rebuychips="0" reg_code="8393527340"/>
<player seat="10" name="oreiasccp" chips="297" dealer="1" win="0" bet="5" muck="1" rebuy="0" addon="0" merge="0" rebuychips="0" reg_code="8393527345"/>
<player seat="3" name="BenjaModello" chips="467" dealer="0" win="0" bet="25" muck="1" rebuy="0" addon="0" merge="0" rebuychips="0" reg_code="8393527336"/>
</players>
</general>
<round no="0"><action no="1" player="BenjaModello" type="15" discard="1" dealt="1" sum="5"/>
<action no="2" player="samuraidark41" type="15" discard="1" dealt="1" sum="5"/>
<action no="3" player="oreiasccp" type="15" sum="5"/>
<action no="4" player="BenjaModello" type="1" discard="1" dealt="1" sum="20"/>
<action no="5" player="samuraidark41" type="2" discard="1" dealt="1" sum="40"/>
</round>
<round no="1"><cards type="Pocket" player="BenjaModello">X X</cards>
<cards type="Pocket" player="oreiasccp">S2 D7</cards>
<cards type="Pocket" player="samuraidark41">X X</cards>
<action no="6" player="oreiasccp" type="0" sum="0"/>
<action no="7" player="BenjaModello" type="0" discard="1" dealt="1" sum="0"/>
</round>
</game>
<game gamecode="11538560261"><general><startdate>2025-06-28 08:20:02</startdate>
<round>1</round>
<failsafecounter/>
<players><player seat="10" name="oreiasccp" chips="292" dealer="0" win="135" bet="292" muck="1" rebuy="0" addon="0" merge="0" rebuychips="0" reg_code="8393527345"/>
<player seat="3" name="BenjaModello" chips="442" dealer="1" win="0" bet="5" muck="1" rebuy="0" addon="0" merge="0" rebuychips="0" reg_code="8393527336"/>
<player seat="6" name="samuraidark41" chips="766" dealer="0" win="0" bet="65" muck="1" rebuy="0" addon="0" merge="0" rebuychips="0" reg_code="8393527340"/>
</players>
</general>
<round no="0"><action no="1" player="samuraidark41" type="15" discard="1" dealt="1" sum="5"/>
<action no="2" player="oreiasccp" type="15" sum="5"/>
<action no="3" player="BenjaModello" type="15" discard="1" dealt="1" sum="5"/>
<action no="4" player="samuraidark41" type="1" discard="1" dealt="1" sum="30"/>
<action no="5" player="oreiasccp" type="2" sum="60"/>
</round>
<round no="1"><cards type="Pocket" player="samuraidark41">X X</cards>
<cards type="Pocket" player="BenjaModello">X X</cards>
<cards type="Pocket" player="oreiasccp">CK D9</cards>
<action no="6" player="BenjaModello" type="0" discard="1" dealt="1" sum="0"/>
<action no="7" player="samuraidark41" type="3" discard="1" dealt="1" sum="30"/>
<action no="8" player="oreiasccp" type="23" sum="287"/>
<action no="9" player="samuraidark41" type="0" discard="1" dealt="1" sum="0"/>
</round>
</game>
<game gamecode="11538560293"><general><startdate>2025-06-28 08:20:13</startdate>
<round>1</round>
<failsafecounter/>
<players><player seat="3" name="BenjaModello" chips="437" dealer="0" win="0" bet="65" muck="1" rebuy="0" addon="0" merge="0" rebuychips="0" reg_code="8393527336"/>
<player seat="6" name="samuraidark41" chips="701" dealer="1" win="0" bet="5" muck="1" rebuy="0" addon="0" merge="0" rebuychips="0" reg_code="8393527340"/>
<player seat="10" name="oreiasccp" chips="362" dealer="0" win="135" bet="362" muck="1" rebuy="0" addon="0" merge="0" rebuychips="0" reg_code="8393527345"/>
</players>
</general>
<round no="0"><action no="1" player="oreiasccp" type="15" sum="5"/>
<action no="2" player="BenjaModello" type="15" discard="1" dealt="1" sum="5"/>
<action no="3" player="samuraidark41" type="15" discard="1" dealt="1" sum="5"/>
<action no="4" player="oreiasccp" type="1" sum="30"/>
<action no="5" player="BenjaModello" type="2" discard="1" dealt="1" sum="60"/>
</round>
<round no="1"><cards type="Pocket" player="BenjaModello">X X</cards>
<cards type="Pocket" player="samuraidark41">X X</cards>
<cards type="Pocket" player="oreiasccp">HK H9</cards>
<action no="6" player="samuraidark41" type="0" discard="1" dealt="1" sum="0"/>
<action no="7" player="oreiasccp" type="23" sum="357"/>
<action no="8" player="BenjaModello" type="0" discard="1" dealt="1" sum="0"/>
</round>
</game>
<game gamecode="11538560327"><general><startdate>2025-06-28 08:20:24</startdate>
<round>1</round>
<failsafecounter/>
<players><player seat="6" name="samuraidark41" chips="696" dealer="0" win="0" bet="696" muck="1" rebuy="0" addon="0" merge="0" rebuychips="0" reg_code="8393527340"/>
<player seat="10" name="oreiasccp" chips="432" dealer="1" win="0" bet="5" muck="1" rebuy="0" addon="0" merge="0" rebuychips="0" reg_code="8393527345"/>
<player seat="3" name="BenjaModello" chips="372" dealer="0" win="749" bet="372" muck="0" rebuy="0" addon="0" merge="0" rebuychips="0" reg_code="8393527336"/>
</players>
</general>
<round no="0"><action no="1" player="BenjaModello" type="15" discard="1" dealt="1" sum="5"/>
<action no="2" player="samuraidark41" type="15" discard="1" dealt="1" sum="5"/>
<action no="3" player="oreiasccp" type="15" sum="5"/>
<action no="4" player="BenjaModello" type="1" discard="1" dealt="1" sum="30"/>
<action no="5" player="samuraidark41" type="2" discard="1" dealt="1" sum="60"/>
</round>
<round no="1"><cards type="Pocket" player="oreiasccp">S6 C7</cards>
<cards type="Pocket" player="BenjaModello">H6 H8</cards>
<cards type="Pocket" player="samuraidark41">S2 H3</cards>
<action no="6" player="oreiasccp" type="0" sum="0"/>
<action no="7" player="BenjaModello" type="3" discard="1" dealt="1" sum="30"/>
<action no="8" player="samuraidark41" type="4" discard="1" dealt="1" sum="0"/>
</round>
<round no="2"><cards type="Flop">SK SA S7</cards>
<action no="9" player="BenjaModello" type="4" discard="1" dealt="1" sum="0"/>
<action no="10" player="samuraidark41" type="4" discard="1" dealt="1" sum="0"/>
</round>
<round no="3"><cards type="Turn">H4</cards>
<action no="11" player="BenjaModello" type="4" discard="1" dealt="1" sum="0"/>
<action no="12" player="samuraidark41" type="4" discard="1" dealt="1" sum="0"/>
</round>
<round no="4"><cards type="River">H5</cards>
<action no="13" player="BenjaModello" type="5" discard="1" dealt="1" sum="120"/>
<action no="14" player="samuraidark41" type="23" discard="1" dealt="1" sum="631"/>
<action no="15" player="BenjaModello" type="7" discard="1" dealt="1" sum="187"/>
</round>
</game>
<game gamecode="11538560413"><general><startdate>2025-06-28 08:20:52</startdate>
<round>1</round>
<failsafecounter/>
<players><player seat="10" name="oreiasccp" chips="427" dealer="0" win="0" bet="65" muck="1" rebuy="0" addon="0" merge="0" rebuychips="0" reg_code="8393527345"/>
<player seat="3" name="BenjaModello" chips="749" dealer="1" win="165" bet="749" muck="1" rebuy="0" addon="0" merge="0" rebuychips="0" reg_code="8393527336"/>
<player seat="6" name="samuraidark41" chips="324" dealer="0" win="0" bet="35" muck="1" rebuy="0" addon="0" merge="0" rebuychips="0" reg_code="8393527340"/>
</players>
</general>
<round no="0"><action no="1" player="samuraidark41" type="15" discard="1" dealt="1" sum="5"/>
<action no="2" player="oreiasccp" type="15" sum="5"/>
<action no="3" player="BenjaModello" type="15" discard="1" dealt="1" sum="5"/>
<action no="4" player="samuraidark41" type="1" discard="1" dealt="1" sum="30"/>
<action no="5" player="oreiasccp" type="2" sum="60"/>
</round>
<round no="1"><cards type="Pocket" player="BenjaModello">X X</cards>
<cards type="Pocket" player="oreiasccp">CK S7</cards>
<cards type="Pocket" player="samuraidark41">X X</cards>
<action no="6" player="BenjaModello" type="23" discard="1" dealt="1" sum="744"/>
<action no="7" player="samuraidark41" type="0" discard="1" dealt="1" sum="0"/>
<action no="8" player="oreiasccp" type="0" sum="0"/>
</round>
</game>
<game gamecode="11538560450"><general><startdate>2025-06-28 08:21:03</startdate>
<round>1</round>
<failsafecounter/>
<players><player seat="3" name="BenjaModello" chips="849" dealer="0" win="75" bet="65" muck="1" rebuy="0" addon="0" merge="0" rebuychips="0" reg_code="8393527336"/>
<player seat="6" name="samuraidark41" chips="289" dealer="1" win="0" bet="5" muck="1" rebuy="0" addon="0" merge="0" rebuychips="0" reg_code="8393527340"/>
<player seat="10" name="oreiasccp" chips="362" dealer="0" win="0" bet="35" muck="1" rebuy="0" addon="0" merge="0" rebuychips="0" reg_code="8393527345"/>
</players>
</general>
<round no="0"><action no="1" player="oreiasccp" type="15" sum="5"/>
<action no="2" player="BenjaModello" type="15" discard="1" dealt="1" sum="5"/>
<action no="3" player="samuraidark41" type="15" discard="1" dealt="1" sum="5"/>
<action no="4" player="oreiasccp" type="1" sum="30"/>
<action no="5" player="BenjaModello" type="2" discard="1" dealt="1" sum="60"/>
</round>
<round no="1"><cards type="Pocket" player="BenjaModello">X X</cards>
<cards type="Pocket" player="oreiasccp">C5 D4</cards>
<cards type="Pocket" player="samuraidark41">X X</cards>
<action no="6" player="samuraidark41" type="0" discard="1" dealt="1" sum="0"/>
<action no="7" player="oreiasccp" type="0" sum="0"/>
</round>
</game>
<game gamecode="11538560472"><general><startdate>2025-06-28 08:21:09</startdate>
<round>1</round>
<failsafecounter/>
<players><player seat="6" name="samuraidark41" chips="284" dealer="0" win="75" bet="65" muck="1" rebuy="0" addon="0" merge="0" rebuychips="0" reg_code="8393527340"/>
<player seat="10" name="oreiasccp" chips="327" dealer="1" win="0" bet="5" muck="1" rebuy="0" addon="0" merge="0" rebuychips="0" reg_code="8393527345"/>
<player seat="3" name="BenjaModello" chips="889" dealer="0" win="0" bet="35" muck="1" rebuy="0" addon="0" merge="0" rebuychips="0" reg_code="8393527336"/>
</players>
</general>
<round no="0"><action no="1" player="BenjaModello" type="15" discard="1" dealt="1" sum="5"/>
<action no="2" player="samuraidark41" type="15" discard="1" dealt="1" sum="5"/>
<action no="3" player="oreiasccp" type="15" sum="5"/>
<action no="4" player="BenjaModello" type="1" discard="1" dealt="1" sum="30"/>
<action no="5" player="samuraidark41" type="2" discard="1" dealt="1" sum="60"/>
</round>
<round no="1"><cards type="Pocket" player="samuraidark41">X X</cards>
<cards type="Pocket" player="oreiasccp">H5 CK</cards>
<cards type="Pocket" player="BenjaModello">X X</cards>
<action no="6" player="oreiasccp" type="0" sum="0"/>
<action no="7" player="BenjaModello" type="0" discard="1" dealt="1" sum="0"/>
</round>
</game>
<game gamecode="11538560500"><general><startdate>2025-06-28 08:21:18</startdate>
<round>1</round>
<failsafecounter/>
<players><player seat="10" name="oreiasccp" chips="322" dealer="0" win="0" bet="65" muck="1" rebuy="0" addon="0" merge="0" rebuychips="0" reg_code="8393527345"/>
<player seat="3" name="BenjaModello" chips="854" dealer="1" win="0" bet="5" muck="1" rebuy="0" addon="0" merge="0" rebuychips="0" reg_code="8393527336"/>
<player seat="6" name="samuraidark41" chips="324" dealer="0" win="135" bet="324" muck="1" rebuy="0" addon="0" merge="0" rebuychips="0" reg_code="8393527340"/>
</players>
</general>
<round no="0"><action no="1" player="samuraidark41" type="15" discard="1" dealt="1" sum="5"/>
<action no="2" player="oreiasccp" type="15" sum="5"/>
<action no="3" player="BenjaModello" type="15" discard="1" dealt="1" sum="5"/>
<action no="4" player="samuraidark41" type="1" discard="1" dealt="1" sum="30"/>
<action no="5" player="oreiasccp" type="2" sum="60"/>
</round>
<round no="1"><cards type="Pocket" player="BenjaModello">X X</cards>
<cards type="Pocket" player="oreiasccp">C7 S3</cards>
<cards type="Pocket" player="samuraidark41">X X</cards>
<action no="6" player="BenjaModello" type="0" discard="1" dealt="1" sum="0"/>
<action no="7" player="samuraidark41" type="23" discard="1" dealt="1" sum="319"/>
<action no="8" player="oreiasccp" type="0" sum="0"/>
</round>
</game>
<game gamecode="11538564942"><general><startdate>2025-06-28 08:21:27</startdate>
<round>1</round>
<failsafecounter/>
<players><player seat="3" name="BenjaModello" chips="849" dealer="0" win="519" bet="257" muck="0" rebuy="0" addon="0" merge="0" rebuychips="0" reg_code="8393527336"/>
<player seat="6" name="samuraidark41" chips="394" dealer="1" win="0" bet="5" muck="1" rebuy="0" addon="0" merge="0" rebuychips="0" reg_code="8393527340"/>
<player seat="10" name="oreiasccp" chips="257" dealer="0" win="0" bet="257" muck="0" rebuy="0" addon="0" merge="0" rebuychips="0" reg_code="8393527345"/>
</players>
</general>
<round no="0"><action no="1" player="oreiasccp" type="15" sum="5"/>
<action no="2" player="BenjaModello" type="15" discard="1" dealt="1" sum="5"/>
<action no="3" player="samuraidark41" type="15" discard="1" dealt="1" sum="5"/>
<action no="4" player="oreiasccp" type="1" sum="30"/>
<action no="5" player="BenjaModello" type="2" discard="1" dealt="1" sum="60"/>
</round>
<round no="1"><cards type="Pocket" player="samuraidark41">X X</cards>
<cards type="Pocket" player="BenjaModello">S9 SQ</cards>
<cards type="Pocket" player="oreiasccp">S7 HA</cards>
<action no="6" player="samuraidark41" type="0" discard="1" dealt="1" sum="0"/>
<action no="7" player="oreiasccp" type="23" sum="252"/>
<action no="8" player="BenjaModello" type="3" discard="1" dealt="1" sum="192"/>
</round>
<round no="2"><cards type="Flop">HQ S5 SA</cards>
</round>
<round no="3"><cards type="Turn">S2</cards>
</round>
<round no="4"><cards type="River">D8</cards>
</round>
</game>
</session>
