<?xml version="1.0" encoding="UTF-8"?>
<session sessioncode="8393574037">
<general>
<client_version>25.1.1.13</client_version>
<mode>real</mode>
<gametype>Holdem NL</gametype>
<tablename>Twister €5 SNG, 1128754824</tablename>
<tournamentcode>1128754823</tournamentcode>
<tournamentname>Twister €5 SNG</tournamentname>
<buyin>€0 + €0.35 + €4.65</buyin>
<totalbuyin>€5</totalbuyin>
<rewarddrawn>€10</rewarddrawn>
<tournamentcurrency>EUR</tournamentcurrency>
<currency>EUR</currency>
<nickname>oreiasccp</nickname>
<gamecount>21</gamecount>
<startdate>2025-06-28 10:46:25</startdate>
<place>1</place>
<win>€10</win>
<tablesize>3</tablesize>
</general>
<game gamecode="11538682352"><general><startdate>2025-06-28 10:46:40</startdate>
<round>1</round>
<failsafecounter/>
<players><player seat="3" name="Vendetta1978" chips="500" dealer="0" win="20" bet="20" muck="1" rebuy="0" addon="0" merge="0" rebuychips="0" reg_code="8393574038"/>
<player seat="6" name="oreiasccp" chips="500" dealer="1" win="0" bet="0" muck="1" rebuy="0" addon="0" merge="0" rebuychips="0" reg_code="8393574037"/>
<player seat="10" name="1973POKERPRO" chips="500" dealer="0" win="0" bet="10" muck="1" rebuy="0" addon="0" merge="0" rebuychips="0" reg_code="8393574084"/>
</players>
</general>
<round no="0"><action no="1" player="1973POKERPRO" type="1" discard="1" dealt="1" sum="10"/>
<action no="2" player="Vendetta1978" type="2" discard="1" dealt="1" sum="20"/>
</round>
<round no="1"><cards type="Pocket" player="oreiasccp">C8 H2</cards>
<cards type="Pocket" player="Vendetta1978">X X</cards>
<cards type="Pocket" player="1973POKERPRO">X X</cards>
<action no="3" player="oreiasccp" type="0" sum="0"/>
<action no="4" player="1973POKERPRO" type="0" discard="1" dealt="1" sum="0"/>
</round>
</game>
<game gamecode="11538682375"><general><startdate>2025-06-28 10:46:49</startdate>
<round>1</round>
<failsafecounter/>
<players><player seat="6" name="oreiasccp" chips="500" dealer="0" win="0" bet="20" muck="1" rebuy="0" addon="0" merge="0" rebuychips="0" reg_code="8393574037"/>
<player seat="10" name="1973POKERPRO" chips="490" dealer="1" win="0" bet="0" muck="1" rebuy="0" addon="0" merge="0" rebuychips="0" reg_code="8393574084"/>
<player seat="3" name="Vendetta1978" chips="510" dealer="0" win="40" bet="80" muck="1" rebuy="0" addon="0" merge="0" rebuychips="0" reg_code="8393574038"/>
</players>
</general>
<round no="0"><action no="1" player="Vendetta1978" type="1" discard="1" dealt="1" sum="10"/>
<action no="2" player="oreiasccp" type="2" sum="20"/>
</round>
<round no="1"><cards type="Pocket" player="Vendetta1978">X X</cards>
<cards type="Pocket" player="oreiasccp">D8 C4</cards>
<cards type="Pocket" player="1973POKERPRO">X X</cards>
<action no="3" player="1973POKERPRO" type="0" discard="1" dealt="1" sum="0"/>
<action no="4" player="Vendetta1978" type="3" discard="1" dealt="1" sum="10"/>
<action no="5" player="oreiasccp" type="4" sum="0"/>
</round>
<round no="2"><cards type="Flop">S9 C2 D10</cards>
<action no="6" player="Vendetta1978" type="4" discard="1" dealt="1" sum="0"/>
<action no="7" player="oreiasccp" type="4" sum="0"/>
</round>
<round no="3"><cards type="Turn">H8</cards>
<action no="8" player="Vendetta1978" type="5" discard="1" dealt="1" sum="60"/>
<action no="9" player="oreiasccp" type="0" sum="0"/>
</round>
</game>
<game gamecode="11538682530"><general><startdate>2025-06-28 10:47:23</startdate>
<round>1</round>
<failsafecounter/>
<players><player seat="10" name="1973POKERPRO" chips="490" dealer="0" win="0" bet="20" muck="1" rebuy="0" addon="0" merge="0" rebuychips="0" reg_code="8393574084"/>
<player seat="3" name="Vendetta1978" chips="530" dealer="1" win="0" bet="0" muck="1" rebuy="0" addon="0" merge="0" rebuychips="0" reg_code="8393574038"/>
<player seat="6" name="oreiasccp" chips="480" dealer="0" win="40" bet="480" muck="1" rebuy="0" addon="0" merge="0" rebuychips="0" reg_code="8393574037"/>
</players>
</general>
<round no="0"><action no="1" player="oreiasccp" type="1" sum="10"/>
<action no="2" player="1973POKERPRO" type="2" discard="1" dealt="1" sum="20"/>
</round>
<round no="1"><cards type="Pocket" player="1973POKERPRO">X X</cards>
<cards type="Pocket" player="Vendetta1978">X X</cards>
<cards type="Pocket" player="oreiasccp">S4 H4</cards>
<action no="3" player="Vendetta1978" type="0" discard="1" dealt="1" sum="0"/>
<action no="4" player="oreiasccp" type="23" sum="480"/>
<action no="5" player="1973POKERPRO" type="0" discard="1" dealt="1" sum="0"/>
</round>
</game>
<game gamecode="11538682585"><general><startdate>2025-06-28 10:47:38</startdate>
<round>1</round>
<failsafecounter/>
<players><player seat="3" name="Vendetta1978" chips="530" dealer="0" win="0" bet="20" muck="1" rebuy="0" addon="0" merge="0" rebuychips="0" reg_code="8393574038"/>
<player seat="6" name="oreiasccp" chips="500" dealer="1" win="100" bet="65" muck="1" rebuy="0" addon="0" merge="0" rebuychips="0" reg_code="8393574037"/>
<player seat="10" name="1973POKERPRO" chips="470" dealer="0" win="0" bet="40" muck="1" rebuy="0" addon="0" merge="0" rebuychips="0" reg_code="8393574084"/>
</players>
</general>
<round no="0"><action no="1" player="1973POKERPRO" type="1" discard="1" dealt="1" sum="10"/>
<action no="2" player="Vendetta1978" type="2" discard="1" dealt="1" sum="20"/>
</round>
<round no="1"><cards type="Pocket" player="1973POKERPRO">X X</cards>
<cards type="Pocket" player="Vendetta1978">X X</cards>
<cards type="Pocket" player="oreiasccp">SQ H9</cards>
<action no="3" player="oreiasccp" type="23" sum="40"/>
<action no="4" player="1973POKERPRO" type="3" discard="1" dealt="1" sum="30"/>
<action no="5" player="Vendetta1978" type="0" discard="1" dealt="1" sum="0"/>
</round>
<round no="2"><cards type="Flop">C3 C2 CK</cards>
<action no="6" player="1973POKERPRO" type="4" discard="1" dealt="1" sum="0"/>
<action no="7" player="oreiasccp" type="5" sum="25"/>
<action no="8" player="1973POKERPRO" type="0" discard="1" dealt="1" sum="0"/>
</round>
</game>
<game gamecode="11538682692"><general><startdate>2025-06-28 10:48:02</startdate>
<round>1</round>
<failsafecounter/>
<players><player seat="6" name="oreiasccp" chips="560" dealer="0" win="200" bet="200" muck="1" rebuy="0" addon="0" merge="0" rebuychips="0" reg_code="8393574037"/>
<player seat="10" name="1973POKERPRO" chips="430" dealer="1" win="0" bet="0" muck="1" rebuy="0" addon="0" merge="0" rebuychips="0" reg_code="8393574084"/>
<player seat="3" name="Vendetta1978" chips="510" dealer="0" win="0" bet="100" muck="1" rebuy="0" addon="0" merge="0" rebuychips="0" reg_code="8393574038"/>
</players>
</general>
<round no="0"><action no="1" player="Vendetta1978" type="1" discard="1" dealt="1" sum="10"/>
<action no="2" player="oreiasccp" type="2" sum="20"/>
</round>
<round no="1"><cards type="Pocket" player="oreiasccp">H7 DQ</cards>
<cards type="Pocket" player="Vendetta1978">X X</cards>
<cards type="Pocket" player="1973POKERPRO">X X</cards>
<action no="3" player="1973POKERPRO" type="0" discard="1" dealt="1" sum="0"/>
<action no="4" player="Vendetta1978" type="23" discard="1" dealt="1" sum="60"/>
<action no="5" player="oreiasccp" type="3" sum="40"/>
</round>
<round no="2"><cards type="Flop">D5 H6 C2</cards>
<action no="6" player="Vendetta1978" type="5" discard="1" dealt="1" sum="40"/>
<action no="7" player="oreiasccp" type="3" sum="40"/>
</round>
<round no="3"><cards type="Turn">HJ</cards>
<action no="8" player="Vendetta1978" type="4" discard="1" dealt="1" sum="0"/>
<action no="9" player="oreiasccp" type="5" sum="100"/>
<action no="10" player="Vendetta1978" type="0" discard="1" dealt="1" sum="0"/>
</round>
</game>
<game gamecode="11538682888"><general><startdate>2025-06-28 10:48:48</startdate>
<round>1</round>
<failsafecounter/>
<players><player seat="10" name="1973POKERPRO" chips="430" dealer="0" win="0" bet="35" muck="1" rebuy="0" addon="0" merge="0" rebuychips="0" reg_code="8393574084"/>
<player seat="3" name="Vendetta1978" chips="410" dealer="1" win="0" bet="5" muck="1" rebuy="0" addon="0" merge="0" rebuychips="0" reg_code="8393574038"/>
<player seat="6" name="oreiasccp" chips="660" dealer="0" win="75" bet="430" muck="1" rebuy="0" addon="0" merge="0" rebuychips="0" reg_code="8393574037"/>
</players>
</general>
<round no="0"><action no="1" player="oreiasccp" type="15" sum="5"/>
<action no="2" player="1973POKERPRO" type="15" discard="1" dealt="1" sum="5"/>
<action no="3" player="Vendetta1978" type="15" discard="1" dealt="1" sum="5"/>
<action no="4" player="oreiasccp" type="1" sum="15"/>
<action no="5" player="1973POKERPRO" type="2" discard="1" dealt="1" sum="30"/>
</round>
<round no="1"><cards type="Pocket" player="1973POKERPRO">X X</cards>
<cards type="Pocket" player="Vendetta1978">X X</cards>
<cards type="Pocket" player="oreiasccp">HA D5</cards>
<action no="6" player="Vendetta1978" type="0" discard="1" dealt="1" sum="0"/>
<action no="7" player="oreiasccp" type="23" sum="425"/>
<action no="8" player="1973POKERPRO" type="0" discard="1" dealt="1" sum="0"/>
</round>
</game>
<game gamecode="11538682954"><general><startdate>2025-06-28 10:49:04</startdate>
<round>1</round>
<failsafecounter/>
<players><player seat="3" name="Vendetta1978" chips="405" dealer="0" win="45" bet="35" muck="1" rebuy="0" addon="0" merge="0" rebuychips="0" reg_code="8393574038"/>
<player seat="6" name="oreiasccp" chips="700" dealer="1" win="0" bet="5" muck="1" rebuy="0" addon="0" merge="0" rebuychips="0" reg_code="8393574037"/>
<player seat="10" name="1973POKERPRO" chips="395" dealer="0" win="0" bet="20" muck="1" rebuy="0" addon="0" merge="0" rebuychips="0" reg_code="8393574084"/>
</players>
</general>
<round no="0"><action no="1" player="1973POKERPRO" type="15" discard="1" dealt="1" sum="5"/>
<action no="2" player="Vendetta1978" type="15" discard="1" dealt="1" sum="5"/>
<action no="3" player="oreiasccp" type="15" sum="5"/>
<action no="4" player="1973POKERPRO" type="1" discard="1" dealt="1" sum="15"/>
<action no="5" player="Vendetta1978" type="2" discard="1" dealt="1" sum="30"/>
</round>
<round no="1"><cards type="Pocket" player="Vendetta1978">X X</cards>
<cards type="Pocket" player="oreiasccp">C7 S10</cards>
<cards type="Pocket" player="1973POKERPRO">X X</cards>
<action no="6" player="oreiasccp" type="0" sum="0"/>
<action no="7" player="1973POKERPRO" type="0" discard="1" dealt="1" sum="0"/>
</round>
</game>
<game gamecode="11538683006"><general><startdate>2025-06-28 10:49:17</startdate>
<round>1</round>
<failsafecounter/>
<players><player seat="6" name="oreiasccp" chips="695" dealer="0" win="75" bet="430" muck="1" rebuy="0" addon="0" merge="0" rebuychips="0" reg_code="8393574037"/>
<player seat="10" name="1973POKERPRO" chips="375" dealer="1" win="0" bet="5" muck="1" rebuy="0" addon="0" merge="0" rebuychips="0" reg_code="8393574084"/>
<player seat="3" name="Vendetta1978" chips="430" dealer="0" win="0" bet="35" muck="1" rebuy="0" addon="0" merge="0" rebuychips="0" reg_code="8393574038"/>
</players>
</general>
<round no="0"><action no="1" player="Vendetta1978" type="15" discard="1" dealt="1" sum="5"/>
<action no="2" player="oreiasccp" type="15" sum="5"/>
<action no="3" player="1973POKERPRO" type="15" discard="1" dealt="1" sum="5"/>
<action no="4" player="Vendetta1978" type="1" discard="1" dealt="1" sum="15"/>
<action no="5" player="oreiasccp" type="2" sum="30"/>
</round>
<round no="1"><cards type="Pocket" player="1973POKERPRO">X X</cards>
<cards type="Pocket" player="oreiasccp">C5 H5</cards>
<cards type="Pocket" player="Vendetta1978">X X</cards>
<action no="6" player="1973POKERPRO" type="0" discard="1" dealt="1" sum="0"/>
<action no="7" player="Vendetta1978" type="3" discard="1" dealt="1" sum="15"/>
<action no="8" player="oreiasccp" type="23" sum="425"/>
<action no="9" player="Vendetta1978" type="0" discard="1" dealt="1" sum="0"/>
</round>
</game>
<game gamecode="11538685510"><general><startdate>2025-06-28 10:49:30</startdate>
<round>1</round>
<failsafecounter/>
<players><player seat="10" name="1973POKERPRO" chips="370" dealer="0" win="0" bet="35" muck="1" rebuy="0" addon="0" merge="0" rebuychips="0" reg_code="8393574084"/>
<player seat="3" name="Vendetta1978" chips="395" dealer="1" win="0" bet="5" muck="1" rebuy="0" addon="0" merge="0" rebuychips="0" reg_code="8393574038"/>
<player seat="6" name="oreiasccp" chips="735" dealer="0" win="75" bet="370" muck="1" rebuy="0" addon="0" merge="0" rebuychips="0" reg_code="8393574037"/>
</players>
</general>
<round no="0"><action no="1" player="oreiasccp" type="15" sum="5"/>
<action no="2" player="1973POKERPRO" type="15" discard="1" dealt="1" sum="5"/>
<action no="3" player="Vendetta1978" type="15" discard="1" dealt="1" sum="5"/>
<action no="4" player="oreiasccp" type="1" sum="15"/>
<action no="5" player="1973POKERPRO" type="2" discard="1" dealt="1" sum="30"/>
</round>
<round no="1"><cards type="Pocket" player="Vendetta1978">X X</cards>
<cards type="Pocket" player="oreiasccp">SA SQ</cards>
<cards type="Pocket" player="1973POKERPRO">X X</cards>
<action no="6" player="Vendetta1978" type="0" discard="1" dealt="1" sum="0"/>
<action no="7" player="oreiasccp" type="23" sum="365"/>
<action no="8" player="1973POKERPRO" type="0" discard="1" dealt="1" sum="0"/>
</round>
</game>
<game gamecode="11538685556"><general><startdate>2025-06-28 10:49:41</startdate>
<round>1</round>
<failsafecounter/>
<players><player seat="3" name="Vendetta1978" chips="390" dealer="0" win="45" bet="35" muck="1" rebuy="0" addon="0" merge="0" rebuychips="0" reg_code="8393574038"/>
<player seat="6" name="oreiasccp" chips="775" dealer="1" win="0" bet="5" muck="1" rebuy="0" addon="0" merge="0" rebuychips="0" reg_code="8393574037"/>
<player seat="10" name="1973POKERPRO" chips="335" dealer="0" win="0" bet="20" muck="1" rebuy="0" addon="0" merge="0" rebuychips="0" reg_code="8393574084"/>
</players>
</general>
<round no="0"><action no="1" player="1973POKERPRO" type="15" discard="1" dealt="1" sum="5"/>
<action no="2" player="Vendetta1978" type="15" discard="1" dealt="1" sum="5"/>
<action no="3" player="oreiasccp" type="15" sum="5"/>
<action no="4" player="1973POKERPRO" type="1" discard="1" dealt="1" sum="15"/>
<action no="5" player="Vendetta1978" type="2" discard="1" dealt="1" sum="30"/>
</round>
<round no="1"><cards type="Pocket" player="oreiasccp">HQ C3</cards>
<cards type="Pocket" player="1973POKERPRO">X X</cards>
<cards type="Pocket" player="Vendetta1978">X X</cards>
<action no="6" player="oreiasccp" type="0" sum="0"/>
<action no="7" player="1973POKERPRO" type="0" discard="1" dealt="1" sum="0"/>
</round>
</game>
<game gamecode="11538685582"><general><startdate>2025-06-28 10:49:50</startdate>
<round>1</round>
<failsafecounter/>
<players><player seat="6" name="oreiasccp" chips="770" dealer="0" win="650" bet="315" muck="0" rebuy="0" addon="0" merge="0" rebuychips="0" reg_code="8393574037"/>
<player seat="10" name="1973POKERPRO" chips="315" dealer="1" win="0" bet="315" muck="0" rebuy="0" addon="0" merge="0" rebuychips="0" reg_code="8393574084"/>
<player seat="3" name="Vendetta1978" chips="415" dealer="0" win="0" bet="20" muck="1" rebuy="0" addon="0" merge="0" rebuychips="0" reg_code="8393574038"/>
</players>
</general>
<round no="0"><action no="1" player="Vendetta1978" type="15" discard="1" dealt="1" sum="5"/>
<action no="2" player="oreiasccp" type="15" sum="5"/>
<action no="3" player="1973POKERPRO" type="15" discard="1" dealt="1" sum="5"/>
<action no="4" player="Vendetta1978" type="1" discard="1" dealt="1" sum="15"/>
<action no="5" player="oreiasccp" type="2" sum="30"/>
</round>
<round no="1"><cards type="Pocket" player="Vendetta1978">X X</cards>
<cards type="Pocket" player="1973POKERPRO">DJ DQ</cards>
<cards type="Pocket" player="oreiasccp">CJ CK</cards>
<action no="6" player="1973POKERPRO" type="23" discard="1" dealt="1" sum="310"/>
<action no="7" player="Vendetta1978" type="0" discard="1" dealt="1" sum="0"/>
<action no="8" player="oreiasccp" type="3" sum="280"/>
</round>
<round no="2"><cards type="Flop">CQ D4 C8</cards>
</round>
<round no="3"><cards type="Turn">S5</cards>
</round>
<round no="4"><cards type="River">CA</cards>
</round>
</game>
<game gamecode="11538685671"><general><startdate>2025-06-28 10:50:10</startdate>
<round>1</round>
<failsafecounter/>
<players><player seat="6" name="oreiasccp" chips="1,105" dealer="0" win="0" bet="35" muck="1" rebuy="0" addon="0" merge="0" rebuychips="0" reg_code="8393574037"/>
<player seat="3" name="Vendetta1978" chips="395" dealer="1" win="70" bet="65" muck="1" rebuy="0" addon="0" merge="0" rebuychips="0" reg_code="8393574038"/>
</players>
</general>
<round no="0"><action no="1" player="Vendetta1978" type="15" discard="1" dealt="1" sum="5"/>
<action no="2" player="oreiasccp" type="15" sum="5"/>
<action no="3" player="Vendetta1978" type="1" discard="1" dealt="1" sum="15"/>
<action no="4" player="oreiasccp" type="2" sum="30"/>
</round>
<round no="1"><cards type="Pocket" player="Vendetta1978">X X</cards>
<cards type="Pocket" player="oreiasccp">H3 HK</cards>
<action no="5" player="Vendetta1978" type="3" discard="1" dealt="1" sum="15"/>
<action no="6" player="oreiasccp" type="4" sum="0"/>
</round>
<round no="2"><cards type="Flop">HJ SQ C5</cards>
<action no="7" player="oreiasccp" type="4" sum="0"/>
<action no="8" player="Vendetta1978" type="4" discard="1" dealt="1" sum="0"/>
</round>
<round no="3"><cards type="Turn">C6</cards>
<action no="9" player="oreiasccp" type="4" sum="0"/>
<action no="10" player="Vendetta1978" type="5" discard="1" dealt="1" sum="30"/>
<action no="11" player="oreiasccp" type="0" sum="0"/>
</round>
</game>
<game gamecode="11538685735"><general><startdate>2025-06-28 10:50:24</startdate>
<round>1</round>
<failsafecounter/>
<players><player seat="3" name="Vendetta1978" chips="430" dealer="0" win="40" bet="35" muck="1" rebuy="0" addon="0" merge="0" rebuychips="0" reg_code="8393574038"/>
<player seat="6" name="oreiasccp" chips="1,070" dealer="1" win="0" bet="20" muck="1" rebuy="0" addon="0" merge="0" rebuychips="0" reg_code="8393574037"/>
</players>
</general>
<round no="0"><action no="1" player="oreiasccp" type="15" sum="5"/>
<action no="2" player="Vendetta1978" type="15" discard="1" dealt="1" sum="5"/>
<action no="3" player="oreiasccp" type="1" sum="15"/>
<action no="4" player="Vendetta1978" type="2" discard="1" dealt="1" sum="30"/>
</round>
<round no="1"><cards type="Pocket" player="oreiasccp">D3 H9</cards>
<cards type="Pocket" player="Vendetta1978">X X</cards>
<action no="5" player="oreiasccp" type="0" sum="0"/>
</round>
</game>
<game gamecode="11538685763"><general><startdate>2025-06-28 10:50:30</startdate>
<round>1</round>
<failsafecounter/>
<players><player seat="6" name="oreiasccp" chips="1,050" dealer="0" win="70" bet="450" muck="1" rebuy="0" addon="0" merge="0" rebuychips="0" reg_code="8393574037"/>
<player seat="3" name="Vendetta1978" chips="450" dealer="1" win="0" bet="35" muck="1" rebuy="0" addon="0" merge="0" rebuychips="0" reg_code="8393574038"/>
</players>
</general>
<round no="0"><action no="1" player="Vendetta1978" type="15" discard="1" dealt="1" sum="5"/>
<action no="2" player="oreiasccp" type="15" sum="5"/>
<action no="3" player="Vendetta1978" type="1" discard="1" dealt="1" sum="15"/>
<action no="4" player="oreiasccp" type="2" sum="30"/>
</round>
<round no="1"><cards type="Pocket" player="oreiasccp">HA C6</cards>
<cards type="Pocket" player="Vendetta1978">X X</cards>
<action no="5" player="Vendetta1978" type="3" discard="1" dealt="1" sum="15"/>
<action no="6" player="oreiasccp" type="23" sum="445"/>
<action no="7" player="Vendetta1978" type="0" discard="1" dealt="1" sum="0"/>
</round>
</game>
<game gamecode="11538685795"><general><startdate>2025-06-28 10:50:39</startdate>
<round>1</round>
<failsafecounter/>
<players><player seat="3" name="Vendetta1978" chips="415" dealer="0" win="90" bet="137" muck="1" rebuy="0" addon="0" merge="0" rebuychips="0" reg_code="8393574038"/>
<player seat="6" name="oreiasccp" chips="1,085" dealer="1" win="0" bet="45" muck="1" rebuy="0" addon="0" merge="0" rebuychips="0" reg_code="8393574037"/>
</players>
</general>
<round no="0"><action no="1" player="oreiasccp" type="15" sum="5"/>
<action no="2" player="Vendetta1978" type="15" discard="1" dealt="1" sum="5"/>
<action no="3" player="oreiasccp" type="1" sum="20"/>
<action no="4" player="Vendetta1978" type="2" discard="1" dealt="1" sum="40"/>
</round>
<round no="1"><cards type="Pocket" player="oreiasccp">C5 S10</cards>
<cards type="Pocket" player="Vendetta1978">X X</cards>
<action no="5" player="oreiasccp" type="3" sum="20"/>
<action no="6" player="Vendetta1978" type="23" discard="1" dealt="1" sum="132"/>
<action no="7" player="oreiasccp" type="0" sum="0"/>
</round>
</game>
<game gamecode="11538685831"><general><startdate>2025-06-28 10:50:50</startdate>
<round>1</round>
<failsafecounter/>
<players><player seat="6" name="oreiasccp" chips="1,040" dealer="0" win="0" bet="125" muck="1" rebuy="0" addon="0" merge="0" rebuychips="0" reg_code="8393574037"/>
<player seat="3" name="Vendetta1978" chips="460" dealer="1" win="250" bet="460" muck="1" rebuy="0" addon="0" merge="0" rebuychips="0" reg_code="8393574038"/>
</players>
</general>
<round no="0"><action no="1" player="Vendetta1978" type="15" discard="1" dealt="1" sum="5"/>
<action no="2" player="oreiasccp" type="15" sum="5"/>
<action no="3" player="Vendetta1978" type="1" discard="1" dealt="1" sum="20"/>
<action no="4" player="oreiasccp" type="2" sum="40"/>
</round>
<round no="1"><cards type="Pocket" player="Vendetta1978">X X</cards>
<cards type="Pocket" player="oreiasccp">H8 SK</cards>
<action no="5" player="Vendetta1978" type="3" discard="1" dealt="1" sum="20"/>
<action no="6" player="oreiasccp" type="23" sum="120"/>
<action no="7" player="Vendetta1978" type="23" discard="1" dealt="1" sum="455"/>
<action no="8" player="oreiasccp" type="0" sum="0"/>
</round>
</game>
<game gamecode="11538685882"><general><startdate>2025-06-28 10:51:03</startdate>
<round>1</round>
<failsafecounter/>
<players><player seat="3" name="Vendetta1978" chips="585" dealer="0" win="0" bet="45" muck="1" rebuy="0" addon="0" merge="0" rebuychips="0" reg_code="8393574038"/>
<player seat="6" name="oreiasccp" chips="915" dealer="1" win="90" bet="85" muck="1" rebuy="0" addon="0" merge="0" rebuychips="0" reg_code="8393574037"/>
</players>
</general>
<round no="0"><action no="1" player="oreiasccp" type="15" sum="5"/>
<action no="2" player="Vendetta1978" type="15" discard="1" dealt="1" sum="5"/>
<action no="3" player="oreiasccp" type="1" sum="20"/>
<action no="4" player="Vendetta1978" type="2" discard="1" dealt="1" sum="40"/>
</round>
<round no="1"><cards type="Pocket" player="Vendetta1978">X X</cards>
<cards type="Pocket" player="oreiasccp">SQ D5</cards>
<action no="5" player="oreiasccp" type="23" sum="80"/>
<action no="6" player="Vendetta1978" type="0" discard="1" dealt="1" sum="0"/>
</round>
</game>
<game gamecode="11538685921"><general><startdate>2025-06-28 10:51:13</startdate>
<round>1</round>
<failsafecounter/>
<players><player seat="6" name="oreiasccp" chips="960" dealer="0" win="90" bet="165" muck="1" rebuy="0" addon="0" merge="0" rebuychips="0" reg_code="8393574037"/>
<player seat="3" name="Vendetta1978" chips="540" dealer="1" win="0" bet="45" muck="1" rebuy="0" addon="0" merge="0" rebuychips="0" reg_code="8393574038"/>
</players>
</general>
<round no="0"><action no="1" player="Vendetta1978" type="15" discard="1" dealt="1" sum="5"/>
<action no="2" player="oreiasccp" type="15" sum="5"/>
<action no="3" player="Vendetta1978" type="1" discard="1" dealt="1" sum="20"/>
<action no="4" player="oreiasccp" type="2" sum="40"/>
</round>
<round no="1"><cards type="Pocket" player="oreiasccp">C8 SQ</cards>
<cards type="Pocket" player="Vendetta1978">X X</cards>
<action no="5" player="Vendetta1978" type="3" discard="1" dealt="1" sum="20"/>
<action no="6" player="oreiasccp" type="23" sum="160"/>
<action no="7" player="Vendetta1978" type="0" discard="1" dealt="1" sum="0"/>
</round>
</game>
<game gamecode="11538685967"><general><startdate>2025-06-28 10:51:23</startdate>
<round>1</round>
<failsafecounter/>
<players><player seat="3" name="Vendetta1978" chips="495" dealer="0" win="90" bet="495" muck="1" rebuy="0" addon="0" merge="0" rebuychips="0" reg_code="8393574038"/>
<player seat="6" name="oreiasccp" chips="1,005" dealer="1" win="0" bet="45" muck="1" rebuy="0" addon="0" merge="0" rebuychips="0" reg_code="8393574037"/>
</players>
</general>
<round no="0"><action no="1" player="oreiasccp" type="15" sum="5"/>
<action no="2" player="Vendetta1978" type="15" discard="1" dealt="1" sum="5"/>
<action no="3" player="oreiasccp" type="1" sum="20"/>
<action no="4" player="Vendetta1978" type="2" discard="1" dealt="1" sum="40"/>
</round>
<round no="1"><cards type="Pocket" player="Vendetta1978">X X</cards>
<cards type="Pocket" player="oreiasccp">HK H8</cards>
<action no="5" player="oreiasccp" type="3" sum="20"/>
<action no="6" player="Vendetta1978" type="23" discard="1" dealt="1" sum="490"/>
<action no="7" player="oreiasccp" type="0" sum="0"/>
</round>
</game>
<game gamecode="11538686001"><general><startdate>2025-06-28 10:51:32</startdate>
<round>1</round>
<failsafecounter/>
<players><player seat="6" name="oreiasccp" chips="960" dealer="0" win="0" bet="45" muck="1" rebuy="0" addon="0" merge="0" rebuychips="0" reg_code="8393574037"/>
<player seat="3" name="Vendetta1978" chips="540" dealer="1" win="90" bet="85" muck="1" rebuy="0" addon="0" merge="0" rebuychips="0" reg_code="8393574038"/>
</players>
</general>
<round no="0"><action no="1" player="Vendetta1978" type="15" discard="1" dealt="1" sum="5"/>
<action no="2" player="oreiasccp" type="15" sum="5"/>
<action no="3" player="Vendetta1978" type="1" discard="1" dealt="1" sum="20"/>
<action no="4" player="oreiasccp" type="2" sum="40"/>
</round>
<round no="1"><cards type="Pocket" player="Vendetta1978">X X</cards>
<cards type="Pocket" player="oreiasccp">SJ D3</cards>
<action no="5" player="Vendetta1978" type="3" discard="1" dealt="1" sum="20"/>
<action no="6" player="oreiasccp" type="4" sum="0"/>
</round>
<round no="2"><cards type="Flop">CA HQ D5</cards>
<action no="7" player="oreiasccp" type="4" sum="0"/>
<action no="8" player="Vendetta1978" type="5" discard="1" dealt="1" sum="40"/>
<action no="9" player="oreiasccp" type="0" sum="0"/>
</round>
</game>
<game gamecode="11538686048"><general><startdate>2025-06-28 10:51:45</startdate>
<round>1</round>
<failsafecounter/>
<players><player seat="3" name="Vendetta1978" chips="585" dealer="0" win="0" bet="585" muck="0" rebuy="0" addon="0" merge="0" rebuychips="0" reg_code="8393574038"/>
<player seat="6" name="oreiasccp" chips="915" dealer="1" win="1,170" bet="585" muck="0" rebuy="0" addon="0" merge="0" rebuychips="0" reg_code="8393574037"/>
</players>
</general>
<round no="0"><action no="1" player="oreiasccp" type="15" sum="5"/>
<action no="2" player="Vendetta1978" type="15" discard="1" dealt="1" sum="5"/>
<action no="3" player="oreiasccp" type="1" sum="20"/>
<action no="4" player="Vendetta1978" type="2" discard="1" dealt="1" sum="40"/>
</round>
<round no="1"><cards type="Pocket" player="Vendetta1978">CA C3</cards>
<cards type="Pocket" player="oreiasccp">HA H8</cards>
<action no="5" player="oreiasccp" type="3" sum="20"/>
<action no="6" player="Vendetta1978" type="4" discard="1" dealt="1" sum="0"/>
</round>
<round no="2"><cards type="Flop">C8 C4 H2</cards>
<action no="7" player="Vendetta1978" type="4" discard="1" dealt="1" sum="0"/>
<action no="8" player="oreiasccp" type="5" sum="45"/>
<action no="9" player="Vendetta1978" type="23" discard="1" dealt="1" sum="135"/>
<action no="10" player="oreiasccp" type="3" sum="90"/>
</round>
<round no="3"><cards type="Turn">DQ</cards>
<action no="11" player="Vendetta1978" type="5" discard="1" dealt="1" sum="405"/>
<action no="12" player="oreiasccp" type="3" sum="405"/>
</round>
<round no="4"><cards type="River">S7</cards>
</round>
</game>
</session>
