<?xml version="1.0" encoding="UTF-8"?>
<session sessioncode="8393540917">
<general>
<client_version>25.1.1.13</client_version>
<mode>real</mode>
<gametype>Holdem NL</gametype>
<tablename>Twister €5 SNG, 1128750074</tablename>
<tournamentcode>1128750073</tournamentcode>
<tournamentname>Twister €5 SNG</tournamentname>
<buyin>€0 + €0.35 + €4.65</buyin>
<totalbuyin>€5</totalbuyin>
<rewarddrawn>€10</rewarddrawn>
<tournamentcurrency>EUR</tournamentcurrency>
<currency>EUR</currency>
<nickname>oreiasccp</nickname>
<gamecount>24</gamecount>
<startdate>2025-06-28 09:08:05</startdate>
<place>1</place>
<win>€10</win>
<tablesize>3</tablesize>
</general>
<game gamecode="11538596946"><general><startdate>2025-06-28 09:08:20</startdate>
<round>1</round>
<failsafecounter/>
<players><player seat="3" name="heartsharp864" chips="500" dealer="0" win="0" bet="20" muck="1" rebuy="0" addon="0" merge="0" rebuychips="0" reg_code="8393540896"/>
<player seat="6" name="BYdzi0" chips="500" dealer="1" win="50" bet="500" muck="1" rebuy="0" addon="0" merge="0" rebuychips="0" reg_code="8393540893"/>
<player seat="10" name="oreiasccp" chips="500" dealer="0" win="0" bet="10" muck="1" rebuy="0" addon="0" merge="0" rebuychips="0" reg_code="8393540917"/>
</players>
</general>
<round no="0"><action no="1" player="oreiasccp" type="1" sum="10"/>
<action no="2" player="heartsharp864" type="2" discard="1" dealt="1" sum="20"/>
</round>
<round no="1"><cards type="Pocket" player="heartsharp864">X X</cards>
<cards type="Pocket" player="oreiasccp">CQ C2</cards>
<cards type="Pocket" player="BYdzi0">X X</cards>
<action no="3" player="BYdzi0" type="23" discard="1" dealt="1" sum="500"/>
<action no="4" player="oreiasccp" type="0" sum="0"/>
<action no="5" player="heartsharp864" type="0" discard="1" dealt="1" sum="0"/>
</round>
</game>
<game gamecode="11538596992"><general><startdate>2025-06-28 09:08:37</startdate>
<round>1</round>
<failsafecounter/>
<players><player seat="6" name="BYdzi0" chips="530" dealer="0" win="0" bet="20" muck="1" rebuy="0" addon="0" merge="0" rebuychips="0" reg_code="8393540893"/>
<player seat="10" name="oreiasccp" chips="490" dealer="1" win="980" bet="480" muck="0" rebuy="0" addon="0" merge="0" rebuychips="0" reg_code="8393540917"/>
<player seat="3" name="heartsharp864" chips="480" dealer="0" win="0" bet="480" muck="1" rebuy="0" addon="0" merge="0" rebuychips="0" reg_code="8393540896"/>
</players>
</general>
<round no="0"><action no="1" player="heartsharp864" type="1" discard="1" dealt="1" sum="10"/>
<action no="2" player="BYdzi0" type="2" discard="1" dealt="1" sum="20"/>
</round>
<round no="1"><cards type="Pocket" player="heartsharp864">D6 D2</cards>
<cards type="Pocket" player="BYdzi0">X X</cards>
<cards type="Pocket" player="oreiasccp">DK HJ</cards>
<action no="3" player="oreiasccp" type="23" sum="40"/>
<action no="4" player="heartsharp864" type="3" discard="1" dealt="1" sum="30"/>
<action no="5" player="BYdzi0" type="0" discard="1" dealt="1" sum="0"/>
</round>
<round no="2"><cards type="Flop">H6 D10 DJ</cards>
<action no="6" player="heartsharp864" type="4" discard="1" dealt="1" sum="0"/>
<action no="7" player="oreiasccp" type="5" sum="36"/>
<action no="8" player="heartsharp864" type="23" discard="1" dealt="1" sum="104"/>
<action no="9" player="oreiasccp" type="3" sum="68"/>
</round>
<round no="3"><cards type="Turn">CA</cards>
<action no="10" player="heartsharp864" type="5" discard="1" dealt="1" sum="154"/>
<action no="11" player="oreiasccp" type="23" sum="336"/>
<action no="12" player="heartsharp864" type="7" discard="1" dealt="1" sum="182"/>
</round>
<round no="4"><cards type="River">C4</cards>
</round>
</game>
<game gamecode="11538597141"><general><startdate>2025-06-28 09:09:19</startdate>
<round>1</round>
<failsafecounter/>
<players><player seat="10" name="oreiasccp" chips="990" dealer="0" win="0" bet="40" muck="1" rebuy="0" addon="0" merge="0" rebuychips="0" reg_code="8393540917"/>
<player seat="6" name="BYdzi0" chips="510" dealer="1" win="80" bet="40" muck="0" rebuy="0" addon="0" merge="0" rebuychips="0" reg_code="8393540893"/>
</players>
</general>
<round no="0"><action no="1" player="BYdzi0" type="1" discard="1" dealt="1" sum="10"/>
<action no="2" player="oreiasccp" type="2" sum="20"/>
</round>
<round no="1"><cards type="Pocket" player="oreiasccp">C2 D5</cards>
<cards type="Pocket" player="BYdzi0">CQ S2</cards>
<action no="3" player="BYdzi0" type="3" discard="1" dealt="1" sum="10"/>
<action no="4" player="oreiasccp" type="4" sum="0"/>
</round>
<round no="2"><cards type="Flop">D8 H2 S9</cards>
<action no="5" player="oreiasccp" type="4" sum="0"/>
<action no="6" player="BYdzi0" type="4" discard="1" dealt="1" sum="0"/>
</round>
<round no="3"><cards type="Turn">D9</cards>
<action no="7" player="oreiasccp" type="4" sum="0"/>
<action no="8" player="BYdzi0" type="5" discard="1" dealt="1" sum="20"/>
<action no="9" player="oreiasccp" type="3" sum="20"/>
</round>
<round no="4"><cards type="River">D3</cards>
<action no="10" player="oreiasccp" type="4" sum="0"/>
<action no="11" player="BYdzi0" type="4" discard="1" dealt="1" sum="0"/>
</round>
</game>
<game gamecode="11538597249"><general><startdate>2025-06-28 09:09:51</startdate>
<round>1</round>
<failsafecounter/>
<players><player seat="6" name="BYdzi0" chips="550" dealer="0" win="80" bet="60" muck="1" rebuy="0" addon="0" merge="0" rebuychips="0" reg_code="8393540893"/>
<player seat="10" name="oreiasccp" chips="950" dealer="1" win="0" bet="40" muck="1" rebuy="0" addon="0" merge="0" rebuychips="0" reg_code="8393540917"/>
</players>
</general>
<round no="0"><action no="1" player="oreiasccp" type="1" sum="10"/>
<action no="2" player="BYdzi0" type="2" discard="1" dealt="1" sum="20"/>
</round>
<round no="1"><cards type="Pocket" player="BYdzi0">X X</cards>
<cards type="Pocket" player="oreiasccp">HA S2</cards>
<action no="3" player="oreiasccp" type="3" sum="10"/>
<action no="4" player="BYdzi0" type="4" discard="1" dealt="1" sum="0"/>
</round>
<round no="2"><cards type="Flop">C5 D9 HJ</cards>
<action no="5" player="BYdzi0" type="5" discard="1" dealt="1" sum="20"/>
<action no="6" player="oreiasccp" type="3" sum="20"/>
</round>
<round no="3"><cards type="Turn">H9</cards>
<action no="7" player="BYdzi0" type="5" discard="1" dealt="1" sum="20"/>
<action no="8" player="oreiasccp" type="0" sum="0"/>
</round>
</game>
<game gamecode="11538597314"><general><startdate>2025-06-28 09:10:11</startdate>
<round>1</round>
<failsafecounter/>
<players><player seat="10" name="oreiasccp" chips="910" dealer="0" win="0" bet="20" muck="1" rebuy="0" addon="0" merge="0" rebuychips="0" reg_code="8393540917"/>
<player seat="6" name="BYdzi0" chips="590" dealer="1" win="40" bet="40" muck="1" rebuy="0" addon="0" merge="0" rebuychips="0" reg_code="8393540893"/>
</players>
</general>
<round no="0"><action no="1" player="BYdzi0" type="1" discard="1" dealt="1" sum="10"/>
<action no="2" player="oreiasccp" type="2" sum="20"/>
</round>
<round no="1"><cards type="Pocket" player="oreiasccp">C8 D3</cards>
<cards type="Pocket" player="BYdzi0">X X</cards>
<action no="3" player="BYdzi0" type="3" discard="1" dealt="1" sum="10"/>
<action no="4" player="oreiasccp" type="4" sum="0"/>
</round>
<round no="2"><cards type="Flop">SJ HJ C5</cards>
<action no="5" player="oreiasccp" type="4" sum="0"/>
<action no="6" player="BYdzi0" type="5" discard="1" dealt="1" sum="20"/>
<action no="7" player="oreiasccp" type="0" sum="0"/>
</round>
</game>
<game gamecode="11538597380"><general><startdate>2025-06-28 09:10:30</startdate>
<round>1</round>
<failsafecounter/>
<players><player seat="6" name="BYdzi0" chips="610" dealer="0" win="0" bet="35" muck="1" rebuy="0" addon="0" merge="0" rebuychips="0" reg_code="8393540893"/>
<player seat="10" name="oreiasccp" chips="890" dealer="1" win="70" bet="65" muck="1" rebuy="0" addon="0" merge="0" rebuychips="0" reg_code="8393540917"/>
</players>
</general>
<round no="0"><action no="1" player="oreiasccp" type="15" sum="5"/>
<action no="2" player="BYdzi0" type="15" discard="1" dealt="1" sum="5"/>
<action no="3" player="oreiasccp" type="1" sum="15"/>
<action no="4" player="BYdzi0" type="2" discard="1" dealt="1" sum="30"/>
</round>
<round no="1"><cards type="Pocket" player="BYdzi0">X X</cards>
<cards type="Pocket" player="oreiasccp">C2 DA</cards>
<action no="5" player="oreiasccp" type="3" sum="15"/>
<action no="6" player="BYdzi0" type="4" discard="1" dealt="1" sum="0"/>
</round>
<round no="2"><cards type="Flop">CA D2 D8</cards>
<action no="7" player="BYdzi0" type="4" discard="1" dealt="1" sum="0"/>
<action no="8" player="oreiasccp" type="5" sum="30"/>
<action no="9" player="BYdzi0" type="0" discard="1" dealt="1" sum="0"/>
</round>
</game>
<game gamecode="11538597442"><general><startdate>2025-06-28 09:10:46</startdate>
<round>1</round>
<failsafecounter/>
<players><player seat="10" name="oreiasccp" chips="925" dealer="0" win="0" bet="98" muck="1" rebuy="0" addon="0" merge="0" rebuychips="0" reg_code="8393540917"/>
<player seat="6" name="BYdzi0" chips="575" dealer="1" win="196" bet="251" muck="1" rebuy="0" addon="0" merge="0" rebuychips="0" reg_code="8393540893"/>
</players>
</general>
<round no="0"><action no="1" player="BYdzi0" type="15" discard="1" dealt="1" sum="5"/>
<action no="2" player="oreiasccp" type="15" sum="5"/>
<action no="3" player="BYdzi0" type="1" discard="1" dealt="1" sum="15"/>
<action no="4" player="oreiasccp" type="2" sum="30"/>
</round>
<round no="1"><cards type="Pocket" player="oreiasccp">S9 S7</cards>
<cards type="Pocket" player="BYdzi0">X X</cards>
<action no="5" player="BYdzi0" type="3" discard="1" dealt="1" sum="15"/>
<action no="6" player="oreiasccp" type="4" sum="0"/>
</round>
<round no="2"><cards type="Flop">D9 C2 SQ</cards>
<action no="7" player="oreiasccp" type="4" sum="0"/>
<action no="8" player="BYdzi0" type="5" discard="1" dealt="1" sum="30"/>
<action no="9" player="oreiasccp" type="3" sum="30"/>
</round>
<round no="3"><cards type="Turn">HA</cards>
<action no="10" player="oreiasccp" type="4" sum="0"/>
<action no="11" player="BYdzi0" type="4" discard="1" dealt="1" sum="0"/>
</round>
<round no="4"><cards type="River">S8</cards>
<action no="12" player="oreiasccp" type="5" sum="33"/>
<action no="13" player="BYdzi0" type="23" discard="1" dealt="1" sum="186"/>
<action no="14" player="oreiasccp" type="0" sum="0"/>
</round>
</game>
<game gamecode="11538597549"><general><startdate>2025-06-28 09:11:17</startdate>
<round>1</round>
<failsafecounter/>
<players><player seat="6" name="BYdzi0" chips="673" dealer="0" win="0" bet="35" muck="1" rebuy="0" addon="0" merge="0" rebuychips="0" reg_code="8393540893"/>
<player seat="10" name="oreiasccp" chips="827" dealer="1" win="70" bet="65" muck="1" rebuy="0" addon="0" merge="0" rebuychips="0" reg_code="8393540917"/>
</players>
</general>
<round no="0"><action no="1" player="oreiasccp" type="15" sum="5"/>
<action no="2" player="BYdzi0" type="15" discard="1" dealt="1" sum="5"/>
<action no="3" player="oreiasccp" type="1" sum="15"/>
<action no="4" player="BYdzi0" type="2" discard="1" dealt="1" sum="30"/>
</round>
<round no="1"><cards type="Pocket" player="BYdzi0">X X</cards>
<cards type="Pocket" player="oreiasccp">H8 SQ</cards>
<action no="5" player="oreiasccp" type="23" sum="60"/>
<action no="6" player="BYdzi0" type="0" discard="1" dealt="1" sum="0"/>
</round>
</game>
<game gamecode="11538597583"><general><startdate>2025-06-28 09:11:26</startdate>
<round>1</round>
<failsafecounter/>
<players><player seat="10" name="oreiasccp" chips="862" dealer="0" win="390" bet="195" muck="0" rebuy="0" addon="0" merge="0" rebuychips="0" reg_code="8393540917"/>
<player seat="6" name="BYdzi0" chips="638" dealer="1" win="0" bet="195" muck="0" rebuy="0" addon="0" merge="0" rebuychips="0" reg_code="8393540893"/>
</players>
</general>
<round no="0"><action no="1" player="BYdzi0" type="15" discard="1" dealt="1" sum="5"/>
<action no="2" player="oreiasccp" type="15" sum="5"/>
<action no="3" player="BYdzi0" type="1" discard="1" dealt="1" sum="15"/>
<action no="4" player="oreiasccp" type="2" sum="30"/>
</round>
<round no="1"><cards type="Pocket" player="oreiasccp">D3 H6</cards>
<cards type="Pocket" player="BYdzi0">C10 H9</cards>
<action no="5" player="BYdzi0" type="3" discard="1" dealt="1" sum="15"/>
<action no="6" player="oreiasccp" type="4" sum="0"/>
</round>
<round no="2"><cards type="Flop">C3 D8 H2</cards>
<action no="7" player="oreiasccp" type="4" sum="0"/>
<action no="8" player="BYdzi0" type="4" discard="1" dealt="1" sum="0"/>
</round>
<round no="3"><cards type="Turn">H10</cards>
<action no="9" player="oreiasccp" type="4" sum="0"/>
<action no="10" player="BYdzi0" type="5" discard="1" dealt="1" sum="30"/>
<action no="11" player="oreiasccp" type="3" sum="30"/>
</round>
<round no="4"><cards type="River">H3</cards>
<action no="12" player="oreiasccp" type="4" sum="0"/>
<action no="13" player="BYdzi0" type="5" discard="1" dealt="1" sum="130"/>
<action no="14" player="oreiasccp" type="3" sum="130"/>
</round>
</game>
<game gamecode="11538597663"><general><startdate>2025-06-28 09:11:52</startdate>
<round>1</round>
<failsafecounter/>
<players><player seat="6" name="BYdzi0" chips="443" dealer="0" win="70" bet="65" muck="1" rebuy="0" addon="0" merge="0" rebuychips="0" reg_code="8393540893"/>
<player seat="10" name="oreiasccp" chips="1,057" dealer="1" win="0" bet="35" muck="1" rebuy="0" addon="0" merge="0" rebuychips="0" reg_code="8393540917"/>
</players>
</general>
<round no="0"><action no="1" player="oreiasccp" type="15" sum="5"/>
<action no="2" player="BYdzi0" type="15" discard="1" dealt="1" sum="5"/>
<action no="3" player="oreiasccp" type="1" sum="15"/>
<action no="4" player="BYdzi0" type="2" discard="1" dealt="1" sum="30"/>
</round>
<round no="1"><cards type="Pocket" player="BYdzi0">X X</cards>
<cards type="Pocket" player="oreiasccp">HJ D6</cards>
<action no="5" player="oreiasccp" type="3" sum="15"/>
<action no="6" player="BYdzi0" type="4" discard="1" dealt="1" sum="0"/>
</round>
<round no="2"><cards type="Flop">CA HA S7</cards>
<action no="7" player="BYdzi0" type="5" discard="1" dealt="1" sum="30"/>
<action no="8" player="oreiasccp" type="0" sum="0"/>
</round>
</game>
<game gamecode="11538597700"><general><startdate>2025-06-28 09:12:04</startdate>
<round>1</round>
<failsafecounter/>
<players><player seat="10" name="oreiasccp" chips="1,022" dealer="0" win="0" bet="35" muck="1" rebuy="0" addon="0" merge="0" rebuychips="0" reg_code="8393540917"/>
<player seat="6" name="BYdzi0" chips="478" dealer="1" win="70" bet="478" muck="1" rebuy="0" addon="0" merge="0" rebuychips="0" reg_code="8393540893"/>
</players>
</general>
<round no="0"><action no="1" player="BYdzi0" type="15" discard="1" dealt="1" sum="5"/>
<action no="2" player="oreiasccp" type="15" sum="5"/>
<action no="3" player="BYdzi0" type="1" discard="1" dealt="1" sum="15"/>
<action no="4" player="oreiasccp" type="2" sum="30"/>
</round>
<round no="1"><cards type="Pocket" player="oreiasccp">H4 S7</cards>
<cards type="Pocket" player="BYdzi0">X X</cards>
<action no="5" player="BYdzi0" type="23" discard="1" dealt="1" sum="473"/>
<action no="6" player="oreiasccp" type="0" sum="0"/>
</round>
</game>
<game gamecode="11538602606"><general><startdate>2025-06-28 09:12:12</startdate>
<round>1</round>
<failsafecounter/>
<players><player seat="6" name="BYdzi0" chips="513" dealer="0" win="0" bet="35" muck="1" rebuy="0" addon="0" merge="0" rebuychips="0" reg_code="8393540893"/>
<player seat="10" name="oreiasccp" chips="987" dealer="1" win="70" bet="65" muck="1" rebuy="0" addon="0" merge="0" rebuychips="0" reg_code="8393540917"/>
</players>
</general>
<round no="0"><action no="1" player="oreiasccp" type="15" sum="5"/>
<action no="2" player="BYdzi0" type="15" discard="1" dealt="1" sum="5"/>
<action no="3" player="oreiasccp" type="1" sum="15"/>
<action no="4" player="BYdzi0" type="2" discard="1" dealt="1" sum="30"/>
</round>
<round no="1"><cards type="Pocket" player="oreiasccp">C4 DJ</cards>
<cards type="Pocket" player="BYdzi0">X X</cards>
<action no="5" player="oreiasccp" type="3" sum="15"/>
<action no="6" player="BYdzi0" type="4" discard="1" dealt="1" sum="0"/>
</round>
<round no="2"><cards type="Flop">S9 DQ C2</cards>
<action no="7" player="BYdzi0" type="4" discard="1" dealt="1" sum="0"/>
<action no="8" player="oreiasccp" type="5" sum="30"/>
<action no="9" player="BYdzi0" type="0" discard="1" dealt="1" sum="0"/>
</round>
</game>
<game gamecode="11538602661"><general><startdate>2025-06-28 09:12:31</startdate>
<round>1</round>
<failsafecounter/>
<players><player seat="10" name="oreiasccp" chips="1,022" dealer="0" win="50" bet="45" muck="1" rebuy="0" addon="0" merge="0" rebuychips="0" reg_code="8393540917"/>
<player seat="6" name="BYdzi0" chips="478" dealer="1" win="0" bet="25" muck="1" rebuy="0" addon="0" merge="0" rebuychips="0" reg_code="8393540893"/>
</players>
</general>
<round no="0"><action no="1" player="BYdzi0" type="15" discard="1" dealt="1" sum="5"/>
<action no="2" player="oreiasccp" type="15" sum="5"/>
<action no="3" player="BYdzi0" type="1" discard="1" dealt="1" sum="20"/>
<action no="4" player="oreiasccp" type="2" sum="40"/>
</round>
<round no="1"><cards type="Pocket" player="oreiasccp">C8 CQ</cards>
<cards type="Pocket" player="BYdzi0">X X</cards>
<action no="5" player="BYdzi0" type="0" discard="1" dealt="1" sum="0"/>
</round>
</game>
<game gamecode="11538602689"><general><startdate>2025-06-28 09:12:37</startdate>
<round>1</round>
<failsafecounter/>
<players><player seat="6" name="BYdzi0" chips="453" dealer="0" win="50" bet="45" muck="1" rebuy="0" addon="0" merge="0" rebuychips="0" reg_code="8393540893"/>
<player seat="10" name="oreiasccp" chips="1,047" dealer="1" win="0" bet="25" muck="1" rebuy="0" addon="0" merge="0" rebuychips="0" reg_code="8393540917"/>
</players>
</general>
<round no="0"><action no="1" player="oreiasccp" type="15" sum="5"/>
<action no="2" player="BYdzi0" type="15" discard="1" dealt="1" sum="5"/>
<action no="3" player="oreiasccp" type="1" sum="20"/>
<action no="4" player="BYdzi0" type="2" discard="1" dealt="1" sum="40"/>
</round>
<round no="1"><cards type="Pocket" player="oreiasccp">D4 S2</cards>
<cards type="Pocket" player="BYdzi0">X X</cards>
<action no="5" player="oreiasccp" type="0" sum="0"/>
</round>
</game>
<game gamecode="11538602703"><general><startdate>2025-06-28 09:12:43</startdate>
<round>1</round>
<failsafecounter/>
<players><player seat="10" name="oreiasccp" chips="1,022" dealer="0" win="0" bet="45" muck="1" rebuy="0" addon="0" merge="0" rebuychips="0" reg_code="8393540917"/>
<player seat="6" name="BYdzi0" chips="478" dealer="1" win="90" bet="85" muck="1" rebuy="0" addon="0" merge="0" rebuychips="0" reg_code="8393540893"/>
</players>
</general>
<round no="0"><action no="1" player="BYdzi0" type="15" discard="1" dealt="1" sum="5"/>
<action no="2" player="oreiasccp" type="15" sum="5"/>
<action no="3" player="BYdzi0" type="1" discard="1" dealt="1" sum="20"/>
<action no="4" player="oreiasccp" type="2" sum="40"/>
</round>
<round no="1"><cards type="Pocket" player="oreiasccp">S10 H4</cards>
<cards type="Pocket" player="BYdzi0">X X</cards>
<action no="5" player="BYdzi0" type="23" discard="1" dealt="1" sum="80"/>
<action no="6" player="oreiasccp" type="0" sum="0"/>
</round>
</game>
<game gamecode="11538602725"><general><startdate>2025-06-28 09:12:51</startdate>
<round>1</round>
<failsafecounter/>
<players><player seat="6" name="BYdzi0" chips="523" dealer="0" win="292" bet="523" muck="1" rebuy="0" addon="0" merge="0" rebuychips="0" reg_code="8393540893"/>
<player seat="10" name="oreiasccp" chips="977" dealer="1" win="0" bet="146" muck="1" rebuy="0" addon="0" merge="0" rebuychips="0" reg_code="8393540917"/>
</players>
</general>
<round no="0"><action no="1" player="oreiasccp" type="15" sum="5"/>
<action no="2" player="BYdzi0" type="15" discard="1" dealt="1" sum="5"/>
<action no="3" player="oreiasccp" type="1" sum="20"/>
<action no="4" player="BYdzi0" type="2" discard="1" dealt="1" sum="40"/>
</round>
<round no="1"><cards type="Pocket" player="BYdzi0">X X</cards>
<cards type="Pocket" player="oreiasccp">SQ D5</cards>
<action no="5" player="oreiasccp" type="23" sum="80"/>
<action no="6" player="BYdzi0" type="3" discard="1" dealt="1" sum="40"/>
</round>
<round no="2"><cards type="Flop">H8 C8 H7</cards>
<action no="7" player="BYdzi0" type="4" discard="1" dealt="1" sum="0"/>
<action no="8" player="oreiasccp" type="5" sum="61"/>
<action no="9" player="BYdzi0" type="23" discard="1" dealt="1" sum="438"/>
<action no="10" player="oreiasccp" type="0" sum="0"/>
</round>
</game>
<game gamecode="11538602779"><general><startdate>2025-06-28 09:13:07</startdate>
<round>1</round>
<failsafecounter/>
<players><player seat="10" name="oreiasccp" chips="831" dealer="0" win="0" bet="45" muck="1" rebuy="0" addon="0" merge="0" rebuychips="0" reg_code="8393540917"/>
<player seat="6" name="BYdzi0" chips="669" dealer="1" win="90" bet="85" muck="1" rebuy="0" addon="0" merge="0" rebuychips="0" reg_code="8393540893"/>
</players>
</general>
<round no="0"><action no="1" player="BYdzi0" type="15" discard="1" dealt="1" sum="5"/>
<action no="2" player="oreiasccp" type="15" sum="5"/>
<action no="3" player="BYdzi0" type="1" discard="1" dealt="1" sum="20"/>
<action no="4" player="oreiasccp" type="2" sum="40"/>
</round>
<round no="1"><cards type="Pocket" player="BYdzi0">X X</cards>
<cards type="Pocket" player="oreiasccp">D4 SK</cards>
<action no="5" player="BYdzi0" type="3" discard="1" dealt="1" sum="20"/>
<action no="6" player="oreiasccp" type="4" sum="0"/>
</round>
<round no="2"><cards type="Flop">C5 D5 D7</cards>
<action no="7" player="oreiasccp" type="4" sum="0"/>
<action no="8" player="BYdzi0" type="5" discard="1" dealt="1" sum="40"/>
<action no="9" player="oreiasccp" type="0" sum="0"/>
</round>
</game>
<game gamecode="11538602842"><general><startdate>2025-06-28 09:13:28</startdate>
<round>1</round>
<failsafecounter/>
<players><player seat="6" name="BYdzi0" chips="714" dealer="0" win="0" bet="45" muck="1" rebuy="0" addon="0" merge="0" rebuychips="0" reg_code="8393540893"/>
<player seat="10" name="oreiasccp" chips="786" dealer="1" win="90" bet="85" muck="1" rebuy="0" addon="0" merge="0" rebuychips="0" reg_code="8393540917"/>
</players>
</general>
<round no="0"><action no="1" player="oreiasccp" type="15" sum="5"/>
<action no="2" player="BYdzi0" type="15" discard="1" dealt="1" sum="5"/>
<action no="3" player="oreiasccp" type="1" sum="20"/>
<action no="4" player="BYdzi0" type="2" discard="1" dealt="1" sum="40"/>
</round>
<round no="1"><cards type="Pocket" player="BYdzi0">X X</cards>
<cards type="Pocket" player="oreiasccp">SQ D5</cards>
<action no="5" player="oreiasccp" type="23" sum="80"/>
<action no="6" player="BYdzi0" type="0" discard="1" dealt="1" sum="0"/>
</round>
</game>
<game gamecode="11538602875"><general><startdate>2025-06-28 09:13:39</startdate>
<round>1</round>
<failsafecounter/>
<players><player seat="10" name="oreiasccp" chips="831" dealer="0" win="50" bet="45" muck="1" rebuy="0" addon="0" merge="0" rebuychips="0" reg_code="8393540917"/>
<player seat="6" name="BYdzi0" chips="669" dealer="1" win="0" bet="25" muck="1" rebuy="0" addon="0" merge="0" rebuychips="0" reg_code="8393540893"/>
</players>
</general>
<round no="0"><action no="1" player="BYdzi0" type="15" discard="1" dealt="1" sum="5"/>
<action no="2" player="oreiasccp" type="15" sum="5"/>
<action no="3" player="BYdzi0" type="1" discard="1" dealt="1" sum="20"/>
<action no="4" player="oreiasccp" type="2" sum="40"/>
</round>
<round no="1"><cards type="Pocket" player="oreiasccp">D6 S3</cards>
<cards type="Pocket" player="BYdzi0">X X</cards>
<action no="5" player="BYdzi0" type="0" discard="1" dealt="1" sum="0"/>
</round>
</game>
<game gamecode="11538602899"><general><startdate>2025-06-28 09:13:47</startdate>
<round>1</round>
<failsafecounter/>
<players><player seat="6" name="BYdzi0" chips="644" dealer="0" win="0" bet="125" muck="1" rebuy="0" addon="0" merge="0" rebuychips="0" reg_code="8393540893"/>
<player seat="10" name="oreiasccp" chips="856" dealer="1" win="250" bet="205" muck="1" rebuy="0" addon="0" merge="0" rebuychips="0" reg_code="8393540917"/>
</players>
</general>
<round no="0"><action no="1" player="oreiasccp" type="15" sum="5"/>
<action no="2" player="BYdzi0" type="15" discard="1" dealt="1" sum="5"/>
<action no="3" player="oreiasccp" type="1" sum="20"/>
<action no="4" player="BYdzi0" type="2" discard="1" dealt="1" sum="40"/>
</round>
<round no="1"><cards type="Pocket" player="BYdzi0">X X</cards>
<cards type="Pocket" player="oreiasccp">S10 CA</cards>
<action no="5" player="oreiasccp" type="23" sum="80"/>
<action no="6" player="BYdzi0" type="3" discard="1" dealt="1" sum="40"/>
</round>
<round no="2"><cards type="Flop">H9 S4 C4</cards>
<action no="7" player="BYdzi0" type="5" discard="1" dealt="1" sum="40"/>
<action no="8" player="oreiasccp" type="3" sum="40"/>
</round>
<round no="3"><cards type="Turn">D5</cards>
<action no="9" player="BYdzi0" type="4" discard="1" dealt="1" sum="0"/>
<action no="10" player="oreiasccp" type="5" sum="80"/>
<action no="11" player="BYdzi0" type="0" discard="1" dealt="1" sum="0"/>
</round>
</game>
<game gamecode="11538602989"><general><startdate>2025-06-28 09:14:16</startdate>
<round>1</round>
<failsafecounter/>
<players><player seat="10" name="oreiasccp" chips="981" dealer="0" win="90" bet="105" muck="1" rebuy="0" addon="0" merge="0" rebuychips="0" reg_code="8393540917"/>
<player seat="6" name="BYdzi0" chips="519" dealer="1" win="0" bet="45" muck="1" rebuy="0" addon="0" merge="0" rebuychips="0" reg_code="8393540893"/>
</players>
</general>
<round no="0"><action no="1" player="BYdzi0" type="15" discard="1" dealt="1" sum="5"/>
<action no="2" player="oreiasccp" type="15" sum="5"/>
<action no="3" player="BYdzi0" type="1" discard="1" dealt="1" sum="20"/>
<action no="4" player="oreiasccp" type="2" sum="40"/>
</round>
<round no="1"><cards type="Pocket" player="BYdzi0">X X</cards>
<cards type="Pocket" player="oreiasccp">HA CA</cards>
<action no="5" player="BYdzi0" type="3" discard="1" dealt="1" sum="20"/>
<action no="6" player="oreiasccp" type="23" sum="100"/>
<action no="7" player="BYdzi0" type="0" discard="1" dealt="1" sum="0"/>
</round>
</game>
<game gamecode="11538603042"><general><startdate>2025-06-28 09:14:32</startdate>
<round>1</round>
<failsafecounter/>
<players><player seat="6" name="BYdzi0" chips="474" dealer="0" win="130" bet="125" muck="1" rebuy="0" addon="0" merge="0" rebuychips="0" reg_code="8393540893"/>
<player seat="10" name="oreiasccp" chips="1,026" dealer="1" win="0" bet="65" muck="1" rebuy="0" addon="0" merge="0" rebuychips="0" reg_code="8393540917"/>
</players>
</general>
<round no="0"><action no="1" player="oreiasccp" type="15" sum="5"/>
<action no="2" player="BYdzi0" type="15" discard="1" dealt="1" sum="5"/>
<action no="3" player="oreiasccp" type="1" sum="30"/>
<action no="4" player="BYdzi0" type="2" discard="1" dealt="1" sum="60"/>
</round>
<round no="1"><cards type="Pocket" player="oreiasccp">H6 CJ</cards>
<cards type="Pocket" player="BYdzi0">X X</cards>
<action no="5" player="oreiasccp" type="3" sum="30"/>
<action no="6" player="BYdzi0" type="4" discard="1" dealt="1" sum="0"/>
</round>
<round no="2"><cards type="Flop">S10 D8 SA</cards>
<action no="7" player="BYdzi0" type="5" discard="1" dealt="1" sum="60"/>
<action no="8" player="oreiasccp" type="0" sum="0"/>
</round>
</game>
<game gamecode="11538603086"><general><startdate>2025-06-28 09:14:46</startdate>
<round>1</round>
<failsafecounter/>
<players><player seat="10" name="oreiasccp" chips="961" dealer="0" win="130" bet="125" muck="1" rebuy="0" addon="0" merge="0" rebuychips="0" reg_code="8393540917"/>
<player seat="6" name="BYdzi0" chips="539" dealer="1" win="0" bet="65" muck="1" rebuy="0" addon="0" merge="0" rebuychips="0" reg_code="8393540893"/>
</players>
</general>
<round no="0"><action no="1" player="BYdzi0" type="15" discard="1" dealt="1" sum="5"/>
<action no="2" player="oreiasccp" type="15" sum="5"/>
<action no="3" player="BYdzi0" type="1" discard="1" dealt="1" sum="30"/>
<action no="4" player="oreiasccp" type="2" sum="60"/>
</round>
<round no="1"><cards type="Pocket" player="oreiasccp">S9 S10</cards>
<cards type="Pocket" player="BYdzi0">X X</cards>
<action no="5" player="BYdzi0" type="3" discard="1" dealt="1" sum="30"/>
<action no="6" player="oreiasccp" type="4" sum="0"/>
</round>
<round no="2"><cards type="Flop">HQ SA S7</cards>
<action no="7" player="oreiasccp" type="4" sum="0"/>
<action no="8" player="BYdzi0" type="4" discard="1" dealt="1" sum="0"/>
</round>
<round no="3"><cards type="Turn">D10</cards>
<action no="9" player="oreiasccp" type="4" sum="0"/>
<action no="10" player="BYdzi0" type="4" discard="1" dealt="1" sum="0"/>
</round>
<round no="4"><cards type="River">C6</cards>
<action no="11" player="oreiasccp" type="5" sum="60"/>
<action no="12" player="BYdzi0" type="0" discard="1" dealt="1" sum="0"/>
</round>
</game>
<game gamecode="11538603175"><general><startdate>2025-06-28 09:15:14</startdate>
<round>1</round>
<failsafecounter/>
<players><player seat="6" name="BYdzi0" chips="474" dealer="0" win="0" bet="474" muck="0" rebuy="0" addon="0" merge="0" rebuychips="0" reg_code="8393540893"/>
<player seat="10" name="oreiasccp" chips="1,026" dealer="1" win="948" bet="474" muck="0" rebuy="0" addon="0" merge="0" rebuychips="0" reg_code="8393540917"/>
</players>
</general>
<round no="0"><action no="1" player="oreiasccp" type="15" sum="5"/>
<action no="2" player="BYdzi0" type="15" discard="1" dealt="1" sum="5"/>
<action no="3" player="oreiasccp" type="1" sum="30"/>
<action no="4" player="BYdzi0" type="2" discard="1" dealt="1" sum="60"/>
</round>
<round no="1"><cards type="Pocket" player="oreiasccp">C9 C7</cards>
<cards type="Pocket" player="BYdzi0">H8 S8</cards>
<action no="5" player="oreiasccp" type="23" sum="469"/>
<action no="6" player="BYdzi0" type="7" discard="1" dealt="1" sum="409"/>
</round>
<round no="2"><cards type="Flop">H9 S4 H2</cards>
</round>
<round no="3"><cards type="Turn">D5</cards>
</round>
<round no="4"><cards type="River">S3</cards>
</round>
</game>
</session>
