<?xml version="1.0" encoding="UTF-8"?>
<session sessioncode="8393562411">
<general>
<client_version>25.1.1.13</client_version>
<mode>real</mode>
<gametype>Holdem NL</gametype>
<tablename>Twister €5 SNG, 1128753238</tablename>
<tournamentcode>1128753237</tournamentcode>
<tournamentname>Twister €5 SNG</tournamentname>
<buyin>€0 + €0.35 + €4.65</buyin>
<totalbuyin>€5</totalbuyin>
<rewarddrawn>€25</rewarddrawn>
<tournamentcurrency>EUR</tournamentcurrency>
<currency>EUR</currency>
<nickname>oreiasccp</nickname>
<gamecount>16</gamecount>
<startdate>2025-06-28 10:13:26</startdate>
<place>1</place>
<win>€25</win>
<tablesize>3</tablesize>
</general>
<game gamecode="11538654441"><general><startdate>2025-06-28 10:13:42</startdate>
<round>1</round>
<failsafecounter/>
<players><player seat="10" name="oreiasccp" chips="500" dealer="0" win="0" bet="20" muck="1" rebuy="0" addon="0" merge="0" rebuychips="0" reg_code="8393562411"/>
<player seat="3" name="HTNTN" chips="500" dealer="1" win="0" bet="0" muck="1" rebuy="0" addon="0" merge="0" rebuychips="0" reg_code="8393562300"/>
<player seat="6" name="ProfessorJW" chips="500" dealer="0" win="40" bet="20" muck="0" rebuy="0" addon="0" merge="0" rebuychips="0" reg_code="8393562407"/>
</players>
</general>
<round no="0"><action no="1" player="ProfessorJW" type="1" discard="1" dealt="1" sum="10"/>
<action no="2" player="oreiasccp" type="2" sum="20"/>
</round>
<round no="1"><cards type="Pocket" player="ProfessorJW">C2 DK</cards>
<cards type="Pocket" player="HTNTN">X X</cards>
<cards type="Pocket" player="oreiasccp">DJ S7</cards>
<action no="3" player="HTNTN" type="0" discard="1" dealt="1" sum="0"/>
<action no="4" player="ProfessorJW" type="3" discard="1" dealt="1" sum="10"/>
<action no="5" player="oreiasccp" type="4" sum="0"/>
</round>
<round no="2"><cards type="Flop">C10 S6 SA</cards>
<action no="6" player="ProfessorJW" type="4" discard="1" dealt="1" sum="0"/>
<action no="7" player="oreiasccp" type="4" sum="0"/>
</round>
<round no="3"><cards type="Turn">HK</cards>
<action no="8" player="ProfessorJW" type="4" discard="1" dealt="1" sum="0"/>
<action no="9" player="oreiasccp" type="4" sum="0"/>
</round>
<round no="4"><cards type="River">C7</cards>
<action no="10" player="ProfessorJW" type="4" discard="1" dealt="1" sum="0"/>
<action no="11" player="oreiasccp" type="4" sum="0"/>
</round>
</game>
<game gamecode="11538654554"><general><startdate>2025-06-28 10:14:09</startdate>
<round>1</round>
<failsafecounter/>
<players><player seat="3" name="HTNTN" chips="500" dealer="0" win="0" bet="20" muck="1" rebuy="0" addon="0" merge="0" rebuychips="0" reg_code="8393562300"/>
<player seat="6" name="ProfessorJW" chips="520" dealer="1" win="0" bet="0" muck="1" rebuy="0" addon="0" merge="0" rebuychips="0" reg_code="8393562407"/>
<player seat="10" name="oreiasccp" chips="480" dealer="0" win="40" bet="60" muck="1" rebuy="0" addon="0" merge="0" rebuychips="0" reg_code="8393562411"/>
</players>
</general>
<round no="0"><action no="1" player="oreiasccp" type="1" sum="10"/>
<action no="2" player="HTNTN" type="2" discard="1" dealt="1" sum="20"/>
</round>
<round no="1"><cards type="Pocket" player="oreiasccp">DA SQ</cards>
<cards type="Pocket" player="HTNTN">X X</cards>
<cards type="Pocket" player="ProfessorJW">X X</cards>
<action no="3" player="ProfessorJW" type="0" discard="1" dealt="1" sum="0"/>
<action no="4" player="oreiasccp" type="23" sum="60"/>
<action no="5" player="HTNTN" type="0" discard="1" dealt="1" sum="0"/>
</round>
</game>
<game gamecode="11538654610"><general><startdate>2025-06-28 10:14:21</startdate>
<round>1</round>
<failsafecounter/>
<players><player seat="6" name="ProfessorJW" chips="520" dealer="0" win="120" bet="100" muck="1" rebuy="0" addon="0" merge="0" rebuychips="0" reg_code="8393562407"/>
<player seat="10" name="oreiasccp" chips="500" dealer="1" win="0" bet="0" muck="1" rebuy="0" addon="0" merge="0" rebuychips="0" reg_code="8393562411"/>
<player seat="3" name="HTNTN" chips="480" dealer="0" win="0" bet="60" muck="1" rebuy="0" addon="0" merge="0" rebuychips="0" reg_code="8393562300"/>
</players>
</general>
<round no="0"><action no="1" player="HTNTN" type="1" discard="1" dealt="1" sum="10"/>
<action no="2" player="ProfessorJW" type="2" discard="1" dealt="1" sum="20"/>
</round>
<round no="1"><cards type="Pocket" player="ProfessorJW">X X</cards>
<cards type="Pocket" player="HTNTN">X X</cards>
<cards type="Pocket" player="oreiasccp">HK D7</cards>
<action no="3" player="oreiasccp" type="0" sum="0"/>
<action no="4" player="HTNTN" type="3" discard="1" dealt="1" sum="10"/>
<action no="5" player="ProfessorJW" type="4" discard="1" dealt="1" sum="0"/>
</round>
<round no="2"><cards type="Flop">C9 S8 H10</cards>
<action no="6" player="HTNTN" type="5" discard="1" dealt="1" sum="20"/>
<action no="7" player="ProfessorJW" type="23" discard="1" dealt="1" sum="40"/>
<action no="8" player="HTNTN" type="3" discard="1" dealt="1" sum="20"/>
</round>
<round no="3"><cards type="Turn">D9</cards>
<action no="9" player="HTNTN" type="4" discard="1" dealt="1" sum="0"/>
<action no="10" player="ProfessorJW" type="5" discard="1" dealt="1" sum="40"/>
<action no="11" player="HTNTN" type="0" discard="1" dealt="1" sum="0"/>
</round>
</game>
<game gamecode="11538654721"><general><startdate>2025-06-28 10:14:51</startdate>
<round>1</round>
<failsafecounter/>
<players><player seat="10" name="oreiasccp" chips="500" dealer="0" win="80" bet="98" muck="1" rebuy="0" addon="0" merge="0" rebuychips="0" reg_code="8393562411"/>
<player seat="3" name="HTNTN" chips="420" dealer="1" win="0" bet="0" muck="1" rebuy="0" addon="0" merge="0" rebuychips="0" reg_code="8393562300"/>
<player seat="6" name="ProfessorJW" chips="580" dealer="0" win="0" bet="40" muck="1" rebuy="0" addon="0" merge="0" rebuychips="0" reg_code="8393562407"/>
</players>
</general>
<round no="0"><action no="1" player="ProfessorJW" type="1" discard="1" dealt="1" sum="10"/>
<action no="2" player="oreiasccp" type="2" sum="20"/>
</round>
<round no="1"><cards type="Pocket" player="oreiasccp">S2 S3</cards>
<cards type="Pocket" player="ProfessorJW">X X</cards>
<cards type="Pocket" player="HTNTN">X X</cards>
<action no="3" player="HTNTN" type="0" discard="1" dealt="1" sum="0"/>
<action no="4" player="ProfessorJW" type="3" discard="1" dealt="1" sum="10"/>
<action no="5" player="oreiasccp" type="4" sum="0"/>
</round>
<round no="2"><cards type="Flop">S7 HQ S5</cards>
<action no="6" player="ProfessorJW" type="5" discard="1" dealt="1" sum="20"/>
<action no="7" player="oreiasccp" type="3" sum="20"/>
</round>
<round no="3"><cards type="Turn">S10</cards>
<action no="8" player="ProfessorJW" type="4" discard="1" dealt="1" sum="0"/>
<action no="9" player="oreiasccp" type="5" sum="58"/>
<action no="10" player="ProfessorJW" type="0" discard="1" dealt="1" sum="0"/>
</round>
</game>
<game gamecode="11538654826"><general><startdate>2025-06-28 10:15:16</startdate>
<round>1</round>
<failsafecounter/>
<players><player seat="3" name="HTNTN" chips="420" dealer="0" win="80" bet="420" muck="1" rebuy="0" addon="0" merge="0" rebuychips="0" reg_code="8393562300"/>
<player seat="6" name="ProfessorJW" chips="540" dealer="1" win="0" bet="0" muck="1" rebuy="0" addon="0" merge="0" rebuychips="0" reg_code="8393562407"/>
<player seat="10" name="oreiasccp" chips="540" dealer="0" win="0" bet="40" muck="1" rebuy="0" addon="0" merge="0" rebuychips="0" reg_code="8393562411"/>
</players>
</general>
<round no="0"><action no="1" player="oreiasccp" type="1" sum="10"/>
<action no="2" player="HTNTN" type="2" discard="1" dealt="1" sum="20"/>
</round>
<round no="1"><cards type="Pocket" player="ProfessorJW">X X</cards>
<cards type="Pocket" player="HTNTN">X X</cards>
<cards type="Pocket" player="oreiasccp">H8 DJ</cards>
<action no="3" player="ProfessorJW" type="0" discard="1" dealt="1" sum="0"/>
<action no="4" player="oreiasccp" type="23" sum="40"/>
<action no="5" player="HTNTN" type="23" discard="1" dealt="1" sum="420"/>
<action no="6" player="oreiasccp" type="0" sum="0"/>
</round>
</game>
<game gamecode="11538654902"><general><startdate>2025-06-28 10:15:33</startdate>
<round>1</round>
<failsafecounter/>
<players><player seat="6" name="ProfessorJW" chips="540" dealer="0" win="0" bet="60" muck="1" rebuy="0" addon="0" merge="0" rebuychips="0" reg_code="8393562407"/>
<player seat="10" name="oreiasccp" chips="500" dealer="1" win="130" bet="60" muck="0" rebuy="0" addon="0" merge="0" rebuychips="0" reg_code="8393562411"/>
<player seat="3" name="HTNTN" chips="460" dealer="0" win="0" bet="10" muck="1" rebuy="0" addon="0" merge="0" rebuychips="0" reg_code="8393562300"/>
</players>
</general>
<round no="0"><action no="1" player="HTNTN" type="1" discard="1" dealt="1" sum="10"/>
<action no="2" player="ProfessorJW" type="2" discard="1" dealt="1" sum="20"/>
</round>
<round no="1"><cards type="Pocket" player="ProfessorJW">HJ H4</cards>
<cards type="Pocket" player="HTNTN">X X</cards>
<cards type="Pocket" player="oreiasccp">DK D5</cards>
<action no="3" player="oreiasccp" type="23" sum="40"/>
<action no="4" player="HTNTN" type="0" discard="1" dealt="1" sum="0"/>
<action no="5" player="ProfessorJW" type="3" discard="1" dealt="1" sum="20"/>
</round>
<round no="2"><cards type="Flop">C8 C6 HK</cards>
<action no="6" player="ProfessorJW" type="5" discard="1" dealt="1" sum="20"/>
<action no="7" player="oreiasccp" type="3" sum="20"/>
</round>
<round no="3"><cards type="Turn">SA</cards>
<action no="8" player="ProfessorJW" type="4" discard="1" dealt="1" sum="0"/>
<action no="9" player="oreiasccp" type="4" sum="0"/>
</round>
<round no="4"><cards type="River">CJ</cards>
<action no="10" player="ProfessorJW" type="4" discard="1" dealt="1" sum="0"/>
<action no="11" player="oreiasccp" type="4" sum="0"/>
</round>
</game>
<game gamecode="11538655034"><general><startdate>2025-06-28 10:16:03</startdate>
<round>1</round>
<failsafecounter/>
<players><player seat="10" name="oreiasccp" chips="570" dealer="0" win="0" bet="35" muck="1" rebuy="0" addon="0" merge="0" rebuychips="0" reg_code="8393562411"/>
<player seat="3" name="HTNTN" chips="450" dealer="1" win="465" bet="450" muck="1" rebuy="0" addon="0" merge="0" rebuychips="0" reg_code="8393562300"/>
<player seat="6" name="ProfessorJW" chips="480" dealer="0" win="0" bet="215" muck="1" rebuy="0" addon="0" merge="0" rebuychips="0" reg_code="8393562407"/>
</players>
</general>
<round no="0"><action no="1" player="ProfessorJW" type="15" discard="1" dealt="1" sum="5"/>
<action no="2" player="oreiasccp" type="15" sum="5"/>
<action no="3" player="HTNTN" type="15" discard="1" dealt="1" sum="5"/>
<action no="4" player="ProfessorJW" type="1" discard="1" dealt="1" sum="15"/>
<action no="5" player="oreiasccp" type="2" sum="30"/>
</round>
<round no="1"><cards type="Pocket" player="oreiasccp">C6 H7</cards>
<cards type="Pocket" player="HTNTN">X X</cards>
<cards type="Pocket" player="ProfessorJW">X X</cards>
<action no="6" player="HTNTN" type="23" discard="1" dealt="1" sum="60"/>
<action no="7" player="ProfessorJW" type="3" discard="1" dealt="1" sum="45"/>
<action no="8" player="oreiasccp" type="0" sum="0"/>
</round>
<round no="2"><cards type="Flop">DA HJ D5</cards>
<action no="9" player="ProfessorJW" type="4" discard="1" dealt="1" sum="0"/>
<action no="10" player="HTNTN" type="4" discard="1" dealt="1" sum="0"/>
</round>
<round no="3"><cards type="Turn">HK</cards>
<action no="11" player="ProfessorJW" type="5" discard="1" dealt="1" sum="60"/>
<action no="12" player="HTNTN" type="23" discard="1" dealt="1" sum="150"/>
<action no="13" player="ProfessorJW" type="3" discard="1" dealt="1" sum="90"/>
</round>
<round no="4"><cards type="River">C3</cards>
<action no="14" player="ProfessorJW" type="4" discard="1" dealt="1" sum="0"/>
<action no="15" player="HTNTN" type="5" discard="1" dealt="1" sum="235"/>
<action no="16" player="ProfessorJW" type="0" discard="1" dealt="1" sum="0"/>
</round>
</game>
<game gamecode="11538655216"><general><startdate>2025-06-28 10:16:52</startdate>
<round>1</round>
<failsafecounter/>
<players><player seat="3" name="HTNTN" chips="700" dealer="0" win="0" bet="35" muck="1" rebuy="0" addon="0" merge="0" rebuychips="0" reg_code="8393562300"/>
<player seat="6" name="ProfessorJW" chips="265" dealer="1" win="0" bet="5" muck="1" rebuy="0" addon="0" merge="0" rebuychips="0" reg_code="8393562407"/>
<player seat="10" name="oreiasccp" chips="535" dealer="0" win="75" bet="65" muck="1" rebuy="0" addon="0" merge="0" rebuychips="0" reg_code="8393562411"/>
</players>
</general>
<round no="0"><action no="1" player="oreiasccp" type="15" sum="5"/>
<action no="2" player="HTNTN" type="15" discard="1" dealt="1" sum="5"/>
<action no="3" player="ProfessorJW" type="15" discard="1" dealt="1" sum="5"/>
<action no="4" player="oreiasccp" type="1" sum="15"/>
<action no="5" player="HTNTN" type="2" discard="1" dealt="1" sum="30"/>
</round>
<round no="1"><cards type="Pocket" player="ProfessorJW">X X</cards>
<cards type="Pocket" player="oreiasccp">S3 S9</cards>
<cards type="Pocket" player="HTNTN">X X</cards>
<action no="6" player="ProfessorJW" type="0" discard="1" dealt="1" sum="0"/>
<action no="7" player="oreiasccp" type="23" sum="60"/>
<action no="8" player="HTNTN" type="0" discard="1" dealt="1" sum="0"/>
</round>
</game>
<game gamecode="11538655255"><general><startdate>2025-06-28 10:17:02</startdate>
<round>1</round>
<failsafecounter/>
<players><player seat="6" name="ProfessorJW" chips="260" dealer="0" win="0" bet="35" muck="1" rebuy="0" addon="0" merge="0" rebuychips="0" reg_code="8393562407"/>
<player seat="10" name="oreiasccp" chips="575" dealer="1" win="0" bet="5" muck="1" rebuy="0" addon="0" merge="0" rebuychips="0" reg_code="8393562411"/>
<player seat="3" name="HTNTN" chips="665" dealer="0" win="75" bet="665" muck="1" rebuy="0" addon="0" merge="0" rebuychips="0" reg_code="8393562300"/>
</players>
</general>
<round no="0"><action no="1" player="HTNTN" type="15" discard="1" dealt="1" sum="5"/>
<action no="2" player="ProfessorJW" type="15" discard="1" dealt="1" sum="5"/>
<action no="3" player="oreiasccp" type="15" sum="5"/>
<action no="4" player="HTNTN" type="1" discard="1" dealt="1" sum="15"/>
<action no="5" player="ProfessorJW" type="2" discard="1" dealt="1" sum="30"/>
</round>
<round no="1"><cards type="Pocket" player="HTNTN">X X</cards>
<cards type="Pocket" player="oreiasccp">CQ S4</cards>
<cards type="Pocket" player="ProfessorJW">X X</cards>
<action no="6" player="oreiasccp" type="0" sum="0"/>
<action no="7" player="HTNTN" type="23" discard="1" dealt="1" sum="660"/>
<action no="8" player="ProfessorJW" type="0" discard="1" dealt="1" sum="0"/>
</round>
</game>
<game gamecode="11538655309"><general><startdate>2025-06-28 10:17:15</startdate>
<round>1</round>
<failsafecounter/>
<players><player seat="10" name="oreiasccp" chips="570" dealer="0" win="455" bet="225" muck="0" rebuy="0" addon="0" merge="0" rebuychips="0" reg_code="8393562411"/>
<player seat="3" name="HTNTN" chips="705" dealer="1" win="0" bet="5" muck="1" rebuy="0" addon="0" merge="0" rebuychips="0" reg_code="8393562300"/>
<player seat="6" name="ProfessorJW" chips="225" dealer="0" win="0" bet="225" muck="0" rebuy="0" addon="0" merge="0" rebuychips="0" reg_code="8393562407"/>
</players>
</general>
<round no="0"><action no="1" player="ProfessorJW" type="15" discard="1" dealt="1" sum="5"/>
<action no="2" player="oreiasccp" type="15" sum="5"/>
<action no="3" player="HTNTN" type="15" discard="1" dealt="1" sum="5"/>
<action no="4" player="ProfessorJW" type="1" discard="1" dealt="1" sum="15"/>
<action no="5" player="oreiasccp" type="2" sum="30"/>
</round>
<round no="1"><cards type="Pocket" player="ProfessorJW">D3 H3</cards>
<cards type="Pocket" player="oreiasccp">S8 CA</cards>
<cards type="Pocket" player="HTNTN">X X</cards>
<action no="6" player="HTNTN" type="0" discard="1" dealt="1" sum="0"/>
<action no="7" player="ProfessorJW" type="23" discard="1" dealt="1" sum="220"/>
<action no="8" player="oreiasccp" type="3" sum="190"/>
</round>
<round no="2"><cards type="Flop">CK SA D4</cards>
</round>
<round no="3"><cards type="Turn">D9</cards>
</round>
<round no="4"><cards type="River">CQ</cards>
</round>
</game>
<game gamecode="11538655387"><general><startdate>2025-06-28 10:17:33</startdate>
<round>1</round>
<failsafecounter/>
<players><player seat="3" name="HTNTN" chips="700" dealer="0" win="130" bet="155" muck="1" rebuy="0" addon="0" merge="0" rebuychips="0" reg_code="8393562300"/>
<player seat="10" name="oreiasccp" chips="800" dealer="1" win="0" bet="65" muck="1" rebuy="0" addon="0" merge="0" rebuychips="0" reg_code="8393562411"/>
</players>
</general>
<round no="0"><action no="1" player="oreiasccp" type="15" sum="5"/>
<action no="2" player="HTNTN" type="15" discard="1" dealt="1" sum="5"/>
<action no="3" player="oreiasccp" type="1" sum="15"/>
<action no="4" player="HTNTN" type="2" discard="1" dealt="1" sum="30"/>
</round>
<round no="1"><cards type="Pocket" player="oreiasccp">H7 CQ</cards>
<cards type="Pocket" player="HTNTN">X X</cards>
<action no="5" player="oreiasccp" type="23" sum="60"/>
<action no="6" player="HTNTN" type="23" discard="1" dealt="1" sum="150"/>
<action no="7" player="oreiasccp" type="0" sum="0"/>
</round>
</game>
<game gamecode="11538655436"><general><startdate>2025-06-28 10:17:46</startdate>
<round>1</round>
<failsafecounter/>
<players><player seat="10" name="oreiasccp" chips="735" dealer="0" win="340" bet="170" muck="0" rebuy="0" addon="0" merge="0" rebuychips="0" reg_code="8393562411"/>
<player seat="3" name="HTNTN" chips="765" dealer="1" win="0" bet="170" muck="1" rebuy="0" addon="0" merge="0" rebuychips="0" reg_code="8393562300"/>
</players>
</general>
<round no="0"><action no="1" player="HTNTN" type="15" discard="1" dealt="1" sum="5"/>
<action no="2" player="oreiasccp" type="15" sum="5"/>
<action no="3" player="HTNTN" type="1" discard="1" dealt="1" sum="20"/>
<action no="4" player="oreiasccp" type="2" sum="40"/>
</round>
<round no="1"><cards type="Pocket" player="oreiasccp">S5 CK</cards>
<cards type="Pocket" player="HTNTN">C9 CA</cards>
<action no="5" player="HTNTN" type="23" discard="1" dealt="1" sum="80"/>
<action no="6" player="oreiasccp" type="3" sum="40"/>
</round>
<round no="2"><cards type="Flop">C10 H7 SK</cards>
<action no="7" player="oreiasccp" type="4" sum="0"/>
<action no="8" player="HTNTN" type="5" discard="1" dealt="1" sum="85"/>
<action no="9" player="oreiasccp" type="3" sum="85"/>
</round>
<round no="3"><cards type="Turn">D10</cards>
<action no="10" player="oreiasccp" type="4" sum="0"/>
<action no="11" player="HTNTN" type="4" discard="1" dealt="1" sum="0"/>
</round>
<round no="4"><cards type="River">H8</cards>
<action no="12" player="oreiasccp" type="4" sum="0"/>
<action no="13" player="HTNTN" type="4" discard="1" dealt="1" sum="0"/>
</round>
</game>
<game gamecode="11538655566"><general><startdate>2025-06-28 10:18:17</startdate>
<round>1</round>
<failsafecounter/>
<players><player seat="3" name="HTNTN" chips="595" dealer="0" win="170" bet="595" muck="1" rebuy="0" addon="0" merge="0" rebuychips="0" reg_code="8393562300"/>
<player seat="10" name="oreiasccp" chips="905" dealer="1" win="0" bet="85" muck="1" rebuy="0" addon="0" merge="0" rebuychips="0" reg_code="8393562411"/>
</players>
</general>
<round no="0"><action no="1" player="oreiasccp" type="15" sum="5"/>
<action no="2" player="HTNTN" type="15" discard="1" dealt="1" sum="5"/>
<action no="3" player="oreiasccp" type="1" sum="20"/>
<action no="4" player="HTNTN" type="2" discard="1" dealt="1" sum="40"/>
</round>
<round no="1"><cards type="Pocket" player="oreiasccp">D9 S10</cards>
<cards type="Pocket" player="HTNTN">X X</cards>
<action no="5" player="oreiasccp" type="23" sum="80"/>
<action no="6" player="HTNTN" type="23" discard="1" dealt="1" sum="590"/>
<action no="7" player="oreiasccp" type="0" sum="0"/>
</round>
</game>
<game gamecode="11538655600"><general><startdate>2025-06-28 10:18:29</startdate>
<round>1</round>
<failsafecounter/>
<players><player seat="10" name="oreiasccp" chips="820" dealer="0" win="50" bet="45" muck="1" rebuy="0" addon="0" merge="0" rebuychips="0" reg_code="8393562411"/>
<player seat="3" name="HTNTN" chips="680" dealer="1" win="0" bet="25" muck="1" rebuy="0" addon="0" merge="0" rebuychips="0" reg_code="8393562300"/>
</players>
</general>
<round no="0"><action no="1" player="HTNTN" type="15" discard="1" dealt="1" sum="5"/>
<action no="2" player="oreiasccp" type="15" sum="5"/>
<action no="3" player="HTNTN" type="1" discard="1" dealt="1" sum="20"/>
<action no="4" player="oreiasccp" type="2" sum="40"/>
</round>
<round no="1"><cards type="Pocket" player="HTNTN">X X</cards>
<cards type="Pocket" player="oreiasccp">S8 DJ</cards>
<action no="5" player="HTNTN" type="0" discard="1" dealt="1" sum="0"/>
</round>
</game>
<game gamecode="11538655623"><general><startdate>2025-06-28 10:18:35</startdate>
<round>1</round>
<failsafecounter/>
<players><player seat="3" name="HTNTN" chips="655" dealer="0" win="90" bet="125" muck="1" rebuy="0" addon="0" merge="0" rebuychips="0" reg_code="8393562300"/>
<player seat="10" name="oreiasccp" chips="845" dealer="1" win="0" bet="45" muck="1" rebuy="0" addon="0" merge="0" rebuychips="0" reg_code="8393562411"/>
</players>
</general>
<round no="0"><action no="1" player="oreiasccp" type="15" sum="5"/>
<action no="2" player="HTNTN" type="15" discard="1" dealt="1" sum="5"/>
<action no="3" player="oreiasccp" type="1" sum="20"/>
<action no="4" player="HTNTN" type="2" discard="1" dealt="1" sum="40"/>
</round>
<round no="1"><cards type="Pocket" player="oreiasccp">H3 C5</cards>
<cards type="Pocket" player="HTNTN">X X</cards>
<action no="5" player="oreiasccp" type="3" sum="20"/>
<action no="6" player="HTNTN" type="23" discard="1" dealt="1" sum="120"/>
<action no="7" player="oreiasccp" type="0" sum="0"/>
</round>
</game>
<game gamecode="11538655658"><general><startdate>2025-06-28 10:18:45</startdate>
<round>1</round>
<failsafecounter/>
<players><player seat="10" name="oreiasccp" chips="800" dealer="0" win="1,400" bet="700" muck="0" rebuy="0" addon="0" merge="0" rebuychips="0" reg_code="8393562411"/>
<player seat="3" name="HTNTN" chips="700" dealer="1" win="0" bet="700" muck="0" rebuy="0" addon="0" merge="0" rebuychips="0" reg_code="8393562300"/>
</players>
</general>
<round no="0"><action no="1" player="HTNTN" type="15" discard="1" dealt="1" sum="5"/>
<action no="2" player="oreiasccp" type="15" sum="5"/>
<action no="3" player="HTNTN" type="1" discard="1" dealt="1" sum="20"/>
<action no="4" player="oreiasccp" type="2" sum="40"/>
</round>
<round no="1"><cards type="Pocket" player="HTNTN">C10 SJ</cards>
<cards type="Pocket" player="oreiasccp">SK HJ</cards>
<action no="5" player="HTNTN" type="3" discard="1" dealt="1" sum="20"/>
<action no="6" player="oreiasccp" type="23" sum="120"/>
<action no="7" player="HTNTN" type="3" discard="1" dealt="1" sum="80"/>
</round>
<round no="2"><cards type="Flop">D6 C5 DJ</cards>
<action no="8" player="oreiasccp" type="5" sum="90"/>
<action no="9" player="HTNTN" type="3" discard="1" dealt="1" sum="90"/>
</round>
<round no="3"><cards type="Turn">HQ</cards>
<action no="10" player="oreiasccp" type="5" sum="485"/>
<action no="11" player="HTNTN" type="7" discard="1" dealt="1" sum="485"/>
</round>
<round no="4"><cards type="River">C2</cards>
</round>
</game>
</session>
