<?xml version="1.0" encoding="UTF-8"?>
<session sessioncode="8393512679">
<general>
<client_version>25.1.1.13</client_version>
<mode>real</mode>
<gametype>Holdem NL</gametype>
<tablename>Twister €5 SNG, 1128745422</tablename>
<tournamentcode>1128745421</tournamentcode>
<tournamentname>Twister €5 SNG</tournamentname>
<buyin>€0 + €0.35 + €4.65</buyin>
<totalbuyin>€5</totalbuyin>
<rewarddrawn>€10</rewarddrawn>
<tournamentcurrency>EUR</tournamentcurrency>
<currency>EUR</currency>
<nickname>oreiasccp</nickname>
<gamecount>13</gamecount>
<startdate>2025-06-28 07:13:09</startdate>
<place>2</place>
<win>€0</win>
<tablesize>3</tablesize>
</general>
<game gamecode="11538519597"><general><startdate>2025-06-28 07:13:24</startdate>
<round>1</round>
<failsafecounter/>
<players><player seat="10" name="mojorisin6" chips="500" dealer="0" win="0" bet="20" muck="1" rebuy="0" addon="0" merge="0" rebuychips="0" reg_code="8393512714"/>
<player seat="3" name="VolteSempre" chips="500" dealer="1" win="0" bet="0" muck="1" rebuy="0" addon="0" merge="0" rebuychips="0" reg_code="8393512424"/>
<player seat="6" name="oreiasccp" chips="500" dealer="0" win="40" bet="40" muck="1" rebuy="0" addon="0" merge="0" rebuychips="0" reg_code="8393512679"/>
</players>
</general>
<round no="0"><action no="1" player="oreiasccp" type="1" sum="10"/>
<action no="2" player="mojorisin6" type="2" discard="1" dealt="1" sum="20"/>
</round>
<round no="1"><cards type="Pocket" player="mojorisin6">X X</cards>
<cards type="Pocket" player="VolteSempre">X X</cards>
<cards type="Pocket" player="oreiasccp">C10 D8</cards>
<action no="3" player="VolteSempre" type="0" discard="1" dealt="1" sum="0"/>
<action no="4" player="oreiasccp" type="23" sum="40"/>
<action no="5" player="mojorisin6" type="0" discard="1" dealt="1" sum="0"/>
</round>
</game>
<game gamecode="11538519638"><general><startdate>2025-06-28 07:13:41</startdate>
<round>1</round>
<failsafecounter/>
<players><player seat="3" name="VolteSempre" chips="500" dealer="0" win="40" bet="50" muck="1" rebuy="0" addon="0" merge="0" rebuychips="0" reg_code="8393512424"/>
<player seat="6" name="oreiasccp" chips="520" dealer="1" win="0" bet="0" muck="1" rebuy="0" addon="0" merge="0" rebuychips="0" reg_code="8393512679"/>
<player seat="10" name="mojorisin6" chips="480" dealer="0" win="0" bet="20" muck="1" rebuy="0" addon="0" merge="0" rebuychips="0" reg_code="8393512714"/>
</players>
</general>
<round no="0"><action no="1" player="mojorisin6" type="1" discard="1" dealt="1" sum="10"/>
<action no="2" player="VolteSempre" type="2" discard="1" dealt="1" sum="20"/>
</round>
<round no="1"><cards type="Pocket" player="VolteSempre">X X</cards>
<cards type="Pocket" player="oreiasccp">S5 S9</cards>
<cards type="Pocket" player="mojorisin6">X X</cards>
<action no="3" player="oreiasccp" type="0" sum="0"/>
<action no="4" player="mojorisin6" type="3" discard="1" dealt="1" sum="10"/>
<action no="5" player="VolteSempre" type="4" discard="1" dealt="1" sum="0"/>
</round>
<round no="2"><cards type="Flop">S4 C8 D7</cards>
<action no="6" player="mojorisin6" type="4" discard="1" dealt="1" sum="0"/>
<action no="7" player="VolteSempre" type="5" discard="1" dealt="1" sum="30"/>
<action no="8" player="mojorisin6" type="0" discard="1" dealt="1" sum="0"/>
</round>
</game>
<game gamecode="11538519733"><general><startdate>2025-06-28 07:14:23</startdate>
<round>1</round>
<failsafecounter/>
<players><player seat="6" name="oreiasccp" chips="520" dealer="0" win="20" bet="20" muck="1" rebuy="0" addon="0" merge="0" rebuychips="0" reg_code="8393512679"/>
<player seat="10" name="mojorisin6" chips="460" dealer="1" win="0" bet="0" muck="1" rebuy="0" addon="0" merge="0" rebuychips="0" reg_code="8393512714"/>
<player seat="3" name="VolteSempre" chips="520" dealer="0" win="0" bet="10" muck="1" rebuy="0" addon="0" merge="0" rebuychips="0" reg_code="8393512424"/>
</players>
</general>
<round no="0"><action no="1" player="VolteSempre" type="1" discard="1" dealt="1" sum="10"/>
<action no="2" player="oreiasccp" type="2" sum="20"/>
</round>
<round no="1"><cards type="Pocket" player="VolteSempre">X X</cards>
<cards type="Pocket" player="oreiasccp">S10 S4</cards>
<cards type="Pocket" player="mojorisin6">X X</cards>
<action no="3" player="mojorisin6" type="0" discard="1" dealt="1" sum="0"/>
<action no="4" player="VolteSempre" type="0" discard="1" dealt="1" sum="0"/>
</round>
</game>
<game gamecode="11538519791"><general><startdate>2025-06-28 07:14:48</startdate>
<round>1</round>
<failsafecounter/>
<players><player seat="10" name="mojorisin6" chips="460" dealer="0" win="0" bet="40" muck="1" rebuy="0" addon="0" merge="0" rebuychips="0" reg_code="8393512714"/>
<player seat="3" name="VolteSempre" chips="510" dealer="1" win="0" bet="0" muck="1" rebuy="0" addon="0" merge="0" rebuychips="0" reg_code="8393512424"/>
<player seat="6" name="oreiasccp" chips="530" dealer="0" win="80" bet="60" muck="1" rebuy="0" addon="0" merge="0" rebuychips="0" reg_code="8393512679"/>
</players>
</general>
<round no="0"><action no="1" player="oreiasccp" type="1" sum="10"/>
<action no="2" player="mojorisin6" type="2" discard="1" dealt="1" sum="20"/>
</round>
<round no="1"><cards type="Pocket" player="mojorisin6">X X</cards>
<cards type="Pocket" player="oreiasccp">D6 D3</cards>
<cards type="Pocket" player="VolteSempre">X X</cards>
<action no="3" player="VolteSempre" type="0" discard="1" dealt="1" sum="0"/>
<action no="4" player="oreiasccp" type="23" sum="40"/>
<action no="5" player="mojorisin6" type="3" discard="1" dealt="1" sum="20"/>
</round>
<round no="2"><cards type="Flop">C2 CQ S4</cards>
<action no="6" player="oreiasccp" type="5" sum="20"/>
<action no="7" player="mojorisin6" type="0" discard="1" dealt="1" sum="0"/>
</round>
</game>
<game gamecode="11538519874"><general><startdate>2025-06-28 07:15:22</startdate>
<round>1</round>
<failsafecounter/>
<players><player seat="3" name="VolteSempre" chips="510" dealer="0" win="0" bet="35" muck="1" rebuy="0" addon="0" merge="0" rebuychips="0" reg_code="8393512424"/>
<player seat="6" name="oreiasccp" chips="570" dealer="1" win="90" bet="65" muck="1" rebuy="0" addon="0" merge="0" rebuychips="0" reg_code="8393512679"/>
<player seat="10" name="mojorisin6" chips="420" dealer="0" win="0" bet="20" muck="1" rebuy="0" addon="0" merge="0" rebuychips="0" reg_code="8393512714"/>
</players>
</general>
<round no="0"><action no="1" player="mojorisin6" type="15" discard="1" dealt="1" sum="5"/>
<action no="2" player="VolteSempre" type="15" discard="1" dealt="1" sum="5"/>
<action no="3" player="oreiasccp" type="15" sum="5"/>
<action no="4" player="mojorisin6" type="1" discard="1" dealt="1" sum="15"/>
<action no="5" player="VolteSempre" type="2" discard="1" dealt="1" sum="30"/>
</round>
<round no="1"><cards type="Pocket" player="VolteSempre">X X</cards>
<cards type="Pocket" player="mojorisin6">X X</cards>
<cards type="Pocket" player="oreiasccp">DK D5</cards>
<action no="6" player="oreiasccp" type="23" sum="60"/>
<action no="7" player="mojorisin6" type="0" discard="1" dealt="1" sum="0"/>
<action no="8" player="VolteSempre" type="0" discard="1" dealt="1" sum="0"/>
</round>
</game>
<game gamecode="11538519918"><general><startdate>2025-06-28 07:15:38</startdate>
<round>1</round>
<failsafecounter/>
<players><player seat="6" name="oreiasccp" chips="625" dealer="0" win="0" bet="35" muck="1" rebuy="0" addon="0" merge="0" rebuychips="0" reg_code="8393512679"/>
<player seat="10" name="mojorisin6" chips="400" dealer="1" win="90" bet="400" muck="1" rebuy="0" addon="0" merge="0" rebuychips="0" reg_code="8393512714"/>
<player seat="3" name="VolteSempre" chips="475" dealer="0" win="0" bet="20" muck="1" rebuy="0" addon="0" merge="0" rebuychips="0" reg_code="8393512424"/>
</players>
</general>
<round no="0"><action no="1" player="VolteSempre" type="15" discard="1" dealt="1" sum="5"/>
<action no="2" player="oreiasccp" type="15" sum="5"/>
<action no="3" player="mojorisin6" type="15" discard="1" dealt="1" sum="5"/>
<action no="4" player="VolteSempre" type="1" discard="1" dealt="1" sum="15"/>
<action no="5" player="oreiasccp" type="2" sum="30"/>
</round>
<round no="1"><cards type="Pocket" player="oreiasccp">H3 H4</cards>
<cards type="Pocket" player="VolteSempre">X X</cards>
<cards type="Pocket" player="mojorisin6">X X</cards>
<action no="6" player="mojorisin6" type="23" discard="1" dealt="1" sum="395"/>
<action no="7" player="VolteSempre" type="0" discard="1" dealt="1" sum="0"/>
<action no="8" player="oreiasccp" type="0" sum="0"/>
</round>
</game>
<game gamecode="11538519944"><general><startdate>2025-06-28 07:15:48</startdate>
<round>1</round>
<failsafecounter/>
<players><player seat="10" name="mojorisin6" chips="455" dealer="0" win="0" bet="35" muck="1" rebuy="0" addon="0" merge="0" rebuychips="0" reg_code="8393512714"/>
<player seat="3" name="VolteSempre" chips="455" dealer="1" win="472" bet="455" muck="0" rebuy="0" addon="0" merge="0" rebuychips="0" reg_code="8393512424"/>
<player seat="6" name="oreiasccp" chips="590" dealer="0" win="473" bet="590" muck="0" rebuy="0" addon="0" merge="0" rebuychips="0" reg_code="8393512679"/>
</players>
</general>
<round no="0"><action no="1" player="oreiasccp" type="15" sum="5"/>
<action no="2" player="mojorisin6" type="15" discard="1" dealt="1" sum="5"/>
<action no="3" player="VolteSempre" type="15" discard="1" dealt="1" sum="5"/>
<action no="4" player="oreiasccp" type="1" sum="15"/>
<action no="5" player="mojorisin6" type="2" discard="1" dealt="1" sum="30"/>
</round>
<round no="1"><cards type="Pocket" player="VolteSempre">S10 DA</cards>
<cards type="Pocket" player="mojorisin6">X X</cards>
<cards type="Pocket" player="oreiasccp">HA HQ</cards>
<action no="6" player="VolteSempre" type="23" discard="1" dealt="1" sum="450"/>
<action no="7" player="oreiasccp" type="7" sum="570"/>
<action no="8" player="mojorisin6" type="0" discard="1" dealt="1" sum="0"/>
</round>
<round no="2"><cards type="Flop">CA SJ HK</cards>
</round>
<round no="3"><cards type="Turn">S8</cards>
</round>
<round no="4"><cards type="River">C8</cards>
</round>
</game>
<game gamecode="11538519998"><general><startdate>2025-06-28 07:16:12</startdate>
<round>1</round>
<failsafecounter/>
<players><player seat="3" name="VolteSempre" chips="472" dealer="0" win="0" bet="420" muck="1" rebuy="0" addon="0" merge="0" rebuychips="0" reg_code="8393512424"/>
<player seat="6" name="oreiasccp" chips="608" dealer="1" win="0" bet="5" muck="1" rebuy="0" addon="0" merge="0" rebuychips="0" reg_code="8393512679"/>
<player seat="10" name="mojorisin6" chips="420" dealer="0" win="845" bet="420" muck="0" rebuy="0" addon="0" merge="0" rebuychips="0" reg_code="8393512714"/>
</players>
</general>
<round no="0"><action no="1" player="mojorisin6" type="15" discard="1" dealt="1" sum="5"/>
<action no="2" player="VolteSempre" type="15" discard="1" dealt="1" sum="5"/>
<action no="3" player="oreiasccp" type="15" sum="5"/>
<action no="4" player="mojorisin6" type="1" discard="1" dealt="1" sum="15"/>
<action no="5" player="VolteSempre" type="2" discard="1" dealt="1" sum="30"/>
</round>
<round no="1"><cards type="Pocket" player="oreiasccp">S7 C3</cards>
<cards type="Pocket" player="VolteSempre">SJ CJ</cards>
<cards type="Pocket" player="mojorisin6">C10 HK</cards>
<action no="6" player="oreiasccp" type="0" sum="0"/>
<action no="7" player="mojorisin6" type="23" discard="1" dealt="1" sum="415"/>
<action no="8" player="VolteSempre" type="3" discard="1" dealt="1" sum="385"/>
</round>
<round no="2"><cards type="Flop">DK H7 C8</cards>
</round>
<round no="3"><cards type="Turn">D6</cards>
</round>
<round no="4"><cards type="River">D10</cards>
</round>
</game>
<game gamecode="11538520045"><general><startdate>2025-06-28 07:16:32</startdate>
<round>1</round>
<failsafecounter/>
<players><player seat="6" name="oreiasccp" chips="603" dealer="0" win="0" bet="65" muck="1" rebuy="0" addon="0" merge="0" rebuychips="0" reg_code="8393512679"/>
<player seat="10" name="mojorisin6" chips="845" dealer="1" win="150" bet="119" muck="1" rebuy="0" addon="0" merge="0" rebuychips="0" reg_code="8393512714"/>
<player seat="3" name="VolteSempre" chips="52" dealer="0" win="0" bet="20" muck="1" rebuy="0" addon="0" merge="0" rebuychips="0" reg_code="8393512424"/>
</players>
</general>
<round no="0"><action no="1" player="VolteSempre" type="15" discard="1" dealt="1" sum="5"/>
<action no="2" player="oreiasccp" type="15" sum="5"/>
<action no="3" player="mojorisin6" type="15" discard="1" dealt="1" sum="5"/>
<action no="4" player="VolteSempre" type="1" discard="1" dealt="1" sum="15"/>
<action no="5" player="oreiasccp" type="2" sum="30"/>
</round>
<round no="1"><cards type="Pocket" player="VolteSempre">X X</cards>
<cards type="Pocket" player="mojorisin6">X X</cards>
<cards type="Pocket" player="oreiasccp">H8 HJ</cards>
<action no="6" player="mojorisin6" type="23" discard="1" dealt="1" sum="60"/>
<action no="7" player="VolteSempre" type="0" discard="1" dealt="1" sum="0"/>
<action no="8" player="oreiasccp" type="3" sum="30"/>
</round>
<round no="2"><cards type="Flop">D5 D3 HQ</cards>
<action no="9" player="oreiasccp" type="4" sum="0"/>
<action no="10" player="mojorisin6" type="5" discard="1" dealt="1" sum="54"/>
<action no="11" player="oreiasccp" type="0" sum="0"/>
</round>
</game>
<game gamecode="11538520152"><general><startdate>2025-06-28 07:17:13</startdate>
<round>1</round>
<failsafecounter/>
<players><player seat="10" name="mojorisin6" chips="930" dealer="0" win="6" bet="95" muck="0" rebuy="0" addon="0" merge="0" rebuychips="0" reg_code="8393512714"/>
<player seat="3" name="VolteSempre" chips="32" dealer="1" win="96" bet="32" muck="0" rebuy="0" addon="0" merge="0" rebuychips="0" reg_code="8393512424"/>
<player seat="6" name="oreiasccp" chips="538" dealer="0" win="0" bet="35" muck="1" rebuy="0" addon="0" merge="0" rebuychips="0" reg_code="8393512679"/>
</players>
</general>
<round no="0"><action no="1" player="oreiasccp" type="15" sum="5"/>
<action no="2" player="mojorisin6" type="15" discard="1" dealt="1" sum="5"/>
<action no="3" player="VolteSempre" type="15" discard="1" dealt="1" sum="5"/>
<action no="4" player="oreiasccp" type="1" sum="15"/>
<action no="5" player="mojorisin6" type="2" discard="1" dealt="1" sum="30"/>
</round>
<round no="1"><cards type="Pocket" player="mojorisin6">C6 SQ</cards>
<cards type="Pocket" player="oreiasccp">S2 CK</cards>
<cards type="Pocket" player="VolteSempre">DQ D8</cards>
<action no="6" player="VolteSempre" type="7" discard="1" dealt="1" sum="27"/>
<action no="7" player="oreiasccp" type="3" sum="15"/>
<action no="8" player="mojorisin6" type="4" discard="1" dealt="1" sum="0"/>
</round>
<round no="2"><cards type="Flop">CQ H7 H9</cards>
<action no="9" player="oreiasccp" type="4" sum="0"/>
<action no="10" player="mojorisin6" type="4" discard="1" dealt="1" sum="0"/>
</round>
<round no="3"><cards type="Turn">C3</cards>
<action no="11" player="oreiasccp" type="4" sum="0"/>
<action no="12" player="mojorisin6" type="4" discard="1" dealt="1" sum="0"/>
</round>
<round no="4"><cards type="River">CA</cards>
<action no="13" player="oreiasccp" type="4" sum="0"/>
<action no="14" player="mojorisin6" type="5" discard="1" dealt="1" sum="60"/>
<action no="15" player="oreiasccp" type="0" sum="0"/>
</round>
</game>
<game gamecode="11538524640"><general><startdate>2025-06-28 07:18:08</startdate>
<round>1</round>
<failsafecounter/>
<players><player seat="3" name="VolteSempre" chips="96" dealer="0" win="0" bet="96" muck="0" rebuy="0" addon="0" merge="0" rebuychips="0" reg_code="8393512424"/>
<player seat="6" name="oreiasccp" chips="503" dealer="1" win="217" bet="503" muck="0" rebuy="0" addon="0" merge="0" rebuychips="0" reg_code="8393512679"/>
<player seat="10" name="mojorisin6" chips="901" dealer="0" win="0" bet="25" muck="1" rebuy="0" addon="0" merge="0" rebuychips="0" reg_code="8393512714"/>
</players>
</general>
<round no="0"><action no="1" player="mojorisin6" type="15" discard="1" dealt="1" sum="5"/>
<action no="2" player="VolteSempre" type="15" discard="1" dealt="1" sum="5"/>
<action no="3" player="oreiasccp" type="15" sum="5"/>
<action no="4" player="mojorisin6" type="1" discard="1" dealt="1" sum="20"/>
<action no="5" player="VolteSempre" type="2" discard="1" dealt="1" sum="40"/>
</round>
<round no="1"><cards type="Pocket" player="oreiasccp">CK HA</cards>
<cards type="Pocket" player="mojorisin6">X X</cards>
<cards type="Pocket" player="VolteSempre">C2 C6</cards>
<action no="6" player="oreiasccp" type="23" sum="498"/>
<action no="7" player="mojorisin6" type="0" discard="1" dealt="1" sum="0"/>
<action no="8" player="VolteSempre" type="7" discard="1" dealt="1" sum="51"/>
</round>
<round no="2"><cards type="Flop">S8 SK CA</cards>
</round>
<round no="3"><cards type="Turn">H4</cards>
</round>
<round no="4"><cards type="River">S9</cards>
</round>
</game>
<game gamecode="11538524699"><general><startdate>2025-06-28 07:18:32</startdate>
<round>1</round>
<failsafecounter/>
<players><player seat="6" name="oreiasccp" chips="624" dealer="0" win="50" bet="45" muck="1" rebuy="0" addon="0" merge="0" rebuychips="0" reg_code="8393512679"/>
<player seat="10" name="mojorisin6" chips="876" dealer="1" win="0" bet="25" muck="1" rebuy="0" addon="0" merge="0" rebuychips="0" reg_code="8393512714"/>
</players>
</general>
<round no="0"><action no="1" player="mojorisin6" type="15" discard="1" dealt="1" sum="5"/>
<action no="2" player="oreiasccp" type="15" sum="5"/>
<action no="3" player="mojorisin6" type="1" discard="1" dealt="1" sum="20"/>
<action no="4" player="oreiasccp" type="2" sum="40"/>
</round>
<round no="1"><cards type="Pocket" player="oreiasccp">D9 D4</cards>
<cards type="Pocket" player="mojorisin6">X X</cards>
<action no="5" player="mojorisin6" type="0" discard="1" dealt="1" sum="0"/>
</round>
</game>
<game gamecode="11538524724"><general><startdate>2025-06-28 07:18:43</startdate>
<round>1</round>
<failsafecounter/>
<players><player seat="10" name="mojorisin6" chips="851" dealer="0" win="1,298" bet="649" muck="0" rebuy="0" addon="0" merge="0" rebuychips="0" reg_code="8393512714"/>
<player seat="6" name="oreiasccp" chips="649" dealer="1" win="0" bet="649" muck="0" rebuy="0" addon="0" merge="0" rebuychips="0" reg_code="8393512679"/>
</players>
</general>
<round no="0"><action no="1" player="oreiasccp" type="15" sum="5"/>
<action no="2" player="mojorisin6" type="15" discard="1" dealt="1" sum="5"/>
<action no="3" player="oreiasccp" type="1" sum="20"/>
<action no="4" player="mojorisin6" type="2" discard="1" dealt="1" sum="40"/>
</round>
<round no="1"><cards type="Pocket" player="mojorisin6">C5 S5</cards>
<cards type="Pocket" player="oreiasccp">SA D8</cards>
<action no="5" player="oreiasccp" type="23" sum="644"/>
<action no="6" player="mojorisin6" type="3" discard="1" dealt="1" sum="604"/>
</round>
<round no="2"><cards type="Flop">D9 SQ D4</cards>
</round>
<round no="3"><cards type="Turn">CK</cards>
</round>
<round no="4"><cards type="River">S4</cards>
</round>
</game>
</session>
