<?xml version="1.0" encoding="UTF-8"?>
<session sessioncode="8393580924">
<general>
<client_version>25.1.1.13</client_version>
<mode>real</mode>
<gametype>Holdem NL</gametype>
<tablename>Twister €5 SNG, 1128755846</tablename>
<tournamentcode>1128755845</tournamentcode>
<tournamentname>Twister €5 SNG</tournamentname>
<buyin>€0 + €0.35 + €4.65</buyin>
<totalbuyin>€5</totalbuyin>
<rewarddrawn>€25</rewarddrawn>
<tournamentcurrency>EUR</tournamentcurrency>
<currency>EUR</currency>
<nickname>oreiasccp</nickname>
<gamecount>31</gamecount>
<startdate>2025-06-28 11:06:14</startdate>
<place>2</place>
<win>€0</win>
<tablesize>3</tablesize>
</general>
<game gamecode="11538701166"><general><startdate>2025-06-28 11:06:29</startdate>
<round>1</round>
<failsafecounter/>
<players><player seat="10" name="Magsy87" chips="500" dealer="0" win="90" bet="500" muck="1" rebuy="0" addon="0" merge="0" rebuychips="0" reg_code="8393580925"/>
<player seat="3" name="6SP9" chips="500" dealer="1" win="0" bet="40" muck="1" rebuy="0" addon="0" merge="0" rebuychips="0" reg_code="8393580889"/>
<player seat="6" name="oreiasccp" chips="500" dealer="0" win="0" bet="10" muck="1" rebuy="0" addon="0" merge="0" rebuychips="0" reg_code="8393580924"/>
</players>
</general>
<round no="0"><action no="1" player="oreiasccp" type="1" sum="10"/>
<action no="2" player="Magsy87" type="2" discard="1" dealt="1" sum="20"/>
</round>
<round no="1"><cards type="Pocket" player="Magsy87">X X</cards>
<cards type="Pocket" player="oreiasccp">S5 S10</cards>
<cards type="Pocket" player="6SP9">X X</cards>
<action no="3" player="6SP9" type="23" discard="1" dealt="1" sum="40"/>
<action no="4" player="oreiasccp" type="0" sum="0"/>
<action no="5" player="Magsy87" type="23" discard="1" dealt="1" sum="500"/>
<action no="6" player="6SP9" type="0" discard="1" dealt="1" sum="0"/>
</round>
</game>
<game gamecode="11538701254"><general><startdate>2025-06-28 11:06:52</startdate>
<round>1</round>
<failsafecounter/>
<players><player seat="3" name="6SP9" chips="460" dealer="0" win="0" bet="40" muck="1" rebuy="0" addon="0" merge="0" rebuychips="0" reg_code="8393580889"/>
<player seat="6" name="oreiasccp" chips="490" dealer="1" win="90" bet="63" muck="1" rebuy="0" addon="0" merge="0" rebuychips="0" reg_code="8393580924"/>
<player seat="10" name="Magsy87" chips="550" dealer="0" win="0" bet="10" muck="1" rebuy="0" addon="0" merge="0" rebuychips="0" reg_code="8393580925"/>
</players>
</general>
<round no="0"><action no="1" player="Magsy87" type="1" discard="1" dealt="1" sum="10"/>
<action no="2" player="6SP9" type="2" discard="1" dealt="1" sum="20"/>
</round>
<round no="1"><cards type="Pocket" player="6SP9">X X</cards>
<cards type="Pocket" player="oreiasccp">DJ H10</cards>
<cards type="Pocket" player="Magsy87">X X</cards>
<action no="3" player="oreiasccp" type="23" sum="40"/>
<action no="4" player="Magsy87" type="0" discard="1" dealt="1" sum="0"/>
<action no="5" player="6SP9" type="3" discard="1" dealt="1" sum="20"/>
</round>
<round no="2"><cards type="Flop">H9 H3 D9</cards>
<action no="6" player="6SP9" type="4" discard="1" dealt="1" sum="0"/>
<action no="7" player="oreiasccp" type="5" sum="23"/>
<action no="8" player="6SP9" type="0" discard="1" dealt="1" sum="0"/>
</round>
</game>
<game gamecode="11538701399"><general><startdate>2025-06-28 11:07:36</startdate>
<round>1</round>
<failsafecounter/>
<players><player seat="6" name="oreiasccp" chips="540" dealer="0" win="100" bet="420" muck="1" rebuy="0" addon="0" merge="0" rebuychips="0" reg_code="8393580924"/>
<player seat="10" name="Magsy87" chips="540" dealer="1" win="0" bet="0" muck="1" rebuy="0" addon="0" merge="0" rebuychips="0" reg_code="8393580925"/>
<player seat="3" name="6SP9" chips="420" dealer="0" win="0" bet="50" muck="1" rebuy="0" addon="0" merge="0" rebuychips="0" reg_code="8393580889"/>
</players>
</general>
<round no="0"><action no="1" player="6SP9" type="1" discard="1" dealt="1" sum="10"/>
<action no="2" player="oreiasccp" type="2" sum="20"/>
</round>
<round no="1"><cards type="Pocket" player="6SP9">X X</cards>
<cards type="Pocket" player="Magsy87">X X</cards>
<cards type="Pocket" player="oreiasccp">HA DJ</cards>
<action no="3" player="Magsy87" type="0" discard="1" dealt="1" sum="0"/>
<action no="4" player="6SP9" type="23" discard="1" dealt="1" sum="50"/>
<action no="5" player="oreiasccp" type="23" sum="420"/>
<action no="6" player="6SP9" type="0" discard="1" dealt="1" sum="0"/>
</round>
</game>
<game gamecode="11538701454"><general><startdate>2025-06-28 11:07:50</startdate>
<round>1</round>
<failsafecounter/>
<players><player seat="10" name="Magsy87" chips="540" dealer="0" win="0" bet="20" muck="1" rebuy="0" addon="0" merge="0" rebuychips="0" reg_code="8393580925"/>
<player seat="3" name="6SP9" chips="370" dealer="1" win="0" bet="40" muck="1" rebuy="0" addon="0" merge="0" rebuychips="0" reg_code="8393580889"/>
<player seat="6" name="oreiasccp" chips="590" dealer="0" win="100" bet="540" muck="1" rebuy="0" addon="0" merge="0" rebuychips="0" reg_code="8393580924"/>
</players>
</general>
<round no="0"><action no="1" player="oreiasccp" type="1" sum="10"/>
<action no="2" player="Magsy87" type="2" discard="1" dealt="1" sum="20"/>
</round>
<round no="1"><cards type="Pocket" player="6SP9">X X</cards>
<cards type="Pocket" player="Magsy87">X X</cards>
<cards type="Pocket" player="oreiasccp">H2 S2</cards>
<action no="3" player="6SP9" type="23" discard="1" dealt="1" sum="40"/>
<action no="4" player="oreiasccp" type="23" sum="540"/>
<action no="5" player="Magsy87" type="0" discard="1" dealt="1" sum="0"/>
<action no="6" player="6SP9" type="0" discard="1" dealt="1" sum="0"/>
</round>
</game>
<game gamecode="11538701495"><general><startdate>2025-06-28 11:08:03</startdate>
<round>1</round>
<failsafecounter/>
<players><player seat="3" name="6SP9" chips="330" dealer="0" win="0" bet="20" muck="1" rebuy="0" addon="0" merge="0" rebuychips="0" reg_code="8393580889"/>
<player seat="6" name="oreiasccp" chips="650" dealer="1" win="150" bet="140" muck="1" rebuy="0" addon="0" merge="0" rebuychips="0" reg_code="8393580924"/>
<player seat="10" name="Magsy87" chips="520" dealer="0" win="0" bet="65" muck="1" rebuy="0" addon="0" merge="0" rebuychips="0" reg_code="8393580925"/>
</players>
</general>
<round no="0"><action no="1" player="Magsy87" type="1" discard="1" dealt="1" sum="10"/>
<action no="2" player="6SP9" type="2" discard="1" dealt="1" sum="20"/>
</round>
<round no="1"><cards type="Pocket" player="6SP9">X X</cards>
<cards type="Pocket" player="Magsy87">X X</cards>
<cards type="Pocket" player="oreiasccp">SA S7</cards>
<action no="3" player="oreiasccp" type="23" sum="40"/>
<action no="4" player="Magsy87" type="3" discard="1" dealt="1" sum="30"/>
<action no="5" player="6SP9" type="0" discard="1" dealt="1" sum="0"/>
</round>
<round no="2"><cards type="Flop">HA CJ D6</cards>
<action no="6" player="Magsy87" type="4" discard="1" dealt="1" sum="0"/>
<action no="7" player="oreiasccp" type="5" sum="25"/>
<action no="8" player="Magsy87" type="3" discard="1" dealt="1" sum="25"/>
</round>
<round no="3"><cards type="Turn">S4</cards>
<action no="9" player="Magsy87" type="4" discard="1" dealt="1" sum="0"/>
<action no="10" player="oreiasccp" type="5" sum="75"/>
<action no="11" player="Magsy87" type="0" discard="1" dealt="1" sum="0"/>
</round>
</game>
<game gamecode="11538701642"><general><startdate>2025-06-28 11:08:41</startdate>
<round>1</round>
<failsafecounter/>
<players><player seat="6" name="oreiasccp" chips="735" dealer="0" win="0" bet="35" muck="1" rebuy="0" addon="0" merge="0" rebuychips="0" reg_code="8393580924"/>
<player seat="10" name="Magsy87" chips="455" dealer="1" win="0" bet="455" muck="0" rebuy="0" addon="0" merge="0" rebuychips="0" reg_code="8393580925"/>
<player seat="3" name="6SP9" chips="310" dealer="0" win="655" bet="310" muck="0" rebuy="0" addon="0" merge="0" rebuychips="0" reg_code="8393580889"/>
</players>
</general>
<round no="0"><action no="1" player="6SP9" type="15" discard="1" dealt="1" sum="5"/>
<action no="2" player="oreiasccp" type="15" sum="5"/>
<action no="3" player="Magsy87" type="15" discard="1" dealt="1" sum="5"/>
<action no="4" player="6SP9" type="1" discard="1" dealt="1" sum="15"/>
<action no="5" player="oreiasccp" type="2" sum="30"/>
</round>
<round no="1"><cards type="Pocket" player="6SP9">C5 HA</cards>
<cards type="Pocket" player="Magsy87">H5 DK</cards>
<cards type="Pocket" player="oreiasccp">C7 DQ</cards>
<action no="6" player="Magsy87" type="23" discard="1" dealt="1" sum="450"/>
<action no="7" player="6SP9" type="7" discard="1" dealt="1" sum="290"/>
<action no="8" player="oreiasccp" type="0" sum="0"/>
</round>
<round no="2"><cards type="Flop">CA SJ C6</cards>
</round>
<round no="3"><cards type="Turn">S9</cards>
</round>
<round no="4"><cards type="River">DA</cards>
</round>
</game>
<game gamecode="11538701711"><general><startdate>2025-06-28 11:09:01</startdate>
<round>1</round>
<failsafecounter/>
<players><player seat="10" name="Magsy87" chips="145" dealer="0" win="45" bet="35" muck="1" rebuy="0" addon="0" merge="0" rebuychips="0" reg_code="8393580925"/>
<player seat="3" name="6SP9" chips="655" dealer="1" win="0" bet="5" muck="1" rebuy="0" addon="0" merge="0" rebuychips="0" reg_code="8393580889"/>
<player seat="6" name="oreiasccp" chips="700" dealer="0" win="0" bet="20" muck="1" rebuy="0" addon="0" merge="0" rebuychips="0" reg_code="8393580924"/>
</players>
</general>
<round no="0"><action no="1" player="oreiasccp" type="15" sum="5"/>
<action no="2" player="Magsy87" type="15" discard="1" dealt="1" sum="5"/>
<action no="3" player="6SP9" type="15" discard="1" dealt="1" sum="5"/>
<action no="4" player="oreiasccp" type="1" sum="15"/>
<action no="5" player="Magsy87" type="2" discard="1" dealt="1" sum="30"/>
</round>
<round no="1"><cards type="Pocket" player="oreiasccp">S10 D6</cards>
<cards type="Pocket" player="Magsy87">X X</cards>
<cards type="Pocket" player="6SP9">X X</cards>
<action no="6" player="6SP9" type="0" discard="1" dealt="1" sum="0"/>
<action no="7" player="oreiasccp" type="0" sum="0"/>
</round>
</game>
<game gamecode="11538701748"><general><startdate>2025-06-28 11:09:10</startdate>
<round>1</round>
<failsafecounter/>
<players><player seat="3" name="6SP9" chips="650" dealer="0" win="75" bet="72" muck="1" rebuy="0" addon="0" merge="0" rebuychips="0" reg_code="8393580889"/>
<player seat="6" name="oreiasccp" chips="680" dealer="1" win="0" bet="5" muck="1" rebuy="0" addon="0" merge="0" rebuychips="0" reg_code="8393580924"/>
<player seat="10" name="Magsy87" chips="170" dealer="0" win="0" bet="35" muck="1" rebuy="0" addon="0" merge="0" rebuychips="0" reg_code="8393580925"/>
</players>
</general>
<round no="0"><action no="1" player="Magsy87" type="15" discard="1" dealt="1" sum="5"/>
<action no="2" player="6SP9" type="15" discard="1" dealt="1" sum="5"/>
<action no="3" player="oreiasccp" type="15" sum="5"/>
<action no="4" player="Magsy87" type="1" discard="1" dealt="1" sum="15"/>
<action no="5" player="6SP9" type="2" discard="1" dealt="1" sum="30"/>
</round>
<round no="1"><cards type="Pocket" player="oreiasccp">S2 CK</cards>
<cards type="Pocket" player="Magsy87">X X</cards>
<cards type="Pocket" player="6SP9">X X</cards>
<action no="6" player="oreiasccp" type="0" sum="0"/>
<action no="7" player="Magsy87" type="3" discard="1" dealt="1" sum="15"/>
<action no="8" player="6SP9" type="4" discard="1" dealt="1" sum="0"/>
</round>
<round no="2"><cards type="Flop">SA D10 S8</cards>
<action no="9" player="Magsy87" type="4" discard="1" dealt="1" sum="0"/>
<action no="10" player="6SP9" type="4" discard="1" dealt="1" sum="0"/>
</round>
<round no="3"><cards type="Turn">HA</cards>
<action no="11" player="Magsy87" type="4" discard="1" dealt="1" sum="0"/>
<action no="12" player="6SP9" type="5" discard="1" dealt="1" sum="37"/>
<action no="13" player="Magsy87" type="0" discard="1" dealt="1" sum="0"/>
</round>
</game>
<game gamecode="11538701848"><general><startdate>2025-06-28 11:09:40</startdate>
<round>1</round>
<failsafecounter/>
<players><player seat="6" name="oreiasccp" chips="675" dealer="0" win="0" bet="135" muck="1" rebuy="0" addon="0" merge="0" rebuychips="0" reg_code="8393580924"/>
<player seat="10" name="Magsy87" chips="135" dealer="1" win="290" bet="135" muck="0" rebuy="0" addon="0" merge="0" rebuychips="0" reg_code="8393580925"/>
<player seat="3" name="6SP9" chips="690" dealer="0" win="0" bet="20" muck="1" rebuy="0" addon="0" merge="0" rebuychips="0" reg_code="8393580889"/>
</players>
</general>
<round no="0"><action no="1" player="6SP9" type="15" discard="1" dealt="1" sum="5"/>
<action no="2" player="oreiasccp" type="15" sum="5"/>
<action no="3" player="Magsy87" type="15" discard="1" dealt="1" sum="5"/>
<action no="4" player="6SP9" type="1" discard="1" dealt="1" sum="15"/>
<action no="5" player="oreiasccp" type="2" sum="30"/>
</round>
<round no="1"><cards type="Pocket" player="Magsy87">DK CA</cards>
<cards type="Pocket" player="oreiasccp">H8 S8</cards>
<cards type="Pocket" player="6SP9">X X</cards>
<action no="6" player="Magsy87" type="23" discard="1" dealt="1" sum="130"/>
<action no="7" player="6SP9" type="0" discard="1" dealt="1" sum="0"/>
<action no="8" player="oreiasccp" type="3" sum="100"/>
</round>
<round no="2"><cards type="Flop">D6 H5 HA</cards>
</round>
<round no="3"><cards type="Turn">H4</cards>
</round>
<round no="4"><cards type="River">DQ</cards>
</round>
</game>
<game gamecode="11538701935"><general><startdate>2025-06-28 11:10:07</startdate>
<round>1</round>
<failsafecounter/>
<players><player seat="10" name="Magsy87" chips="290" dealer="0" win="585" bet="290" muck="0" rebuy="0" addon="0" merge="0" rebuychips="0" reg_code="8393580925"/>
<player seat="3" name="6SP9" chips="670" dealer="1" win="0" bet="5" muck="1" rebuy="0" addon="0" merge="0" rebuychips="0" reg_code="8393580889"/>
<player seat="6" name="oreiasccp" chips="540" dealer="0" win="0" bet="290" muck="1" rebuy="0" addon="0" merge="0" rebuychips="0" reg_code="8393580924"/>
</players>
</general>
<round no="0"><action no="1" player="oreiasccp" type="15" sum="5"/>
<action no="2" player="Magsy87" type="15" discard="1" dealt="1" sum="5"/>
<action no="3" player="6SP9" type="15" discard="1" dealt="1" sum="5"/>
<action no="4" player="oreiasccp" type="1" sum="15"/>
<action no="5" player="Magsy87" type="2" discard="1" dealt="1" sum="30"/>
</round>
<round no="1"><cards type="Pocket" player="6SP9">X X</cards>
<cards type="Pocket" player="Magsy87">DA D6</cards>
<cards type="Pocket" player="oreiasccp">DQ HA</cards>
<action no="6" player="6SP9" type="0" discard="1" dealt="1" sum="0"/>
<action no="7" player="oreiasccp" type="23" sum="285"/>
<action no="8" player="Magsy87" type="7" discard="1" dealt="1" sum="255"/>
</round>
<round no="2"><cards type="Flop">S6 C4 SA</cards>
</round>
<round no="3"><cards type="Turn">D3</cards>
</round>
<round no="4"><cards type="River">H10</cards>
</round>
</game>
<game gamecode="11538702002"><general><startdate>2025-06-28 11:10:27</startdate>
<round>1</round>
<failsafecounter/>
<players><player seat="3" name="6SP9" chips="665" dealer="0" win="0" bet="65" muck="1" rebuy="0" addon="0" merge="0" rebuychips="0" reg_code="8393580889"/>
<player seat="6" name="oreiasccp" chips="250" dealer="1" win="0" bet="5" muck="1" rebuy="0" addon="0" merge="0" rebuychips="0" reg_code="8393580924"/>
<player seat="10" name="Magsy87" chips="585" dealer="0" win="135" bet="65" muck="0" rebuy="0" addon="0" merge="0" rebuychips="0" reg_code="8393580925"/>
</players>
</general>
<round no="0"><action no="1" player="Magsy87" type="15" discard="1" dealt="1" sum="5"/>
<action no="2" player="6SP9" type="15" discard="1" dealt="1" sum="5"/>
<action no="3" player="oreiasccp" type="15" sum="5"/>
<action no="4" player="Magsy87" type="1" discard="1" dealt="1" sum="15"/>
<action no="5" player="6SP9" type="2" discard="1" dealt="1" sum="30"/>
</round>
<round no="1"><cards type="Pocket" player="Magsy87">H3 H2</cards>
<cards type="Pocket" player="6SP9">H9 S7</cards>
<cards type="Pocket" player="oreiasccp">HK D7</cards>
<action no="6" player="oreiasccp" type="0" sum="0"/>
<action no="7" player="Magsy87" type="3" discard="1" dealt="1" sum="15"/>
<action no="8" player="6SP9" type="4" discard="1" dealt="1" sum="0"/>
</round>
<round no="2"><cards type="Flop">C8 HA CA</cards>
<action no="9" player="Magsy87" type="4" discard="1" dealt="1" sum="0"/>
<action no="10" player="6SP9" type="4" discard="1" dealt="1" sum="0"/>
</round>
<round no="3"><cards type="Turn">H10</cards>
<action no="11" player="Magsy87" type="4" discard="1" dealt="1" sum="0"/>
<action no="12" player="6SP9" type="4" discard="1" dealt="1" sum="0"/>
</round>
<round no="4"><cards type="River">H7</cards>
<action no="13" player="Magsy87" type="5" discard="1" dealt="1" sum="30"/>
<action no="14" player="6SP9" type="3" discard="1" dealt="1" sum="30"/>
</round>
</game>
<game gamecode="11538702112"><general><startdate>2025-06-28 11:10:58</startdate>
<round>1</round>
<failsafecounter/>
<players><player seat="6" name="oreiasccp" chips="245" dealer="0" win="0" bet="45" muck="1" rebuy="0" addon="0" merge="0" rebuychips="0" reg_code="8393580924"/>
<player seat="10" name="Magsy87" chips="655" dealer="1" win="0" bet="5" muck="1" rebuy="0" addon="0" merge="0" rebuychips="0" reg_code="8393580925"/>
<player seat="3" name="6SP9" chips="600" dealer="0" win="95" bet="600" muck="1" rebuy="0" addon="0" merge="0" rebuychips="0" reg_code="8393580889"/>
</players>
</general>
<round no="0"><action no="1" player="6SP9" type="15" discard="1" dealt="1" sum="5"/>
<action no="2" player="oreiasccp" type="15" sum="5"/>
<action no="3" player="Magsy87" type="15" discard="1" dealt="1" sum="5"/>
<action no="4" player="6SP9" type="1" discard="1" dealt="1" sum="20"/>
<action no="5" player="oreiasccp" type="2" sum="40"/>
</round>
<round no="1"><cards type="Pocket" player="oreiasccp">C7 S10</cards>
<cards type="Pocket" player="Magsy87">X X</cards>
<cards type="Pocket" player="6SP9">X X</cards>
<action no="6" player="Magsy87" type="0" discard="1" dealt="1" sum="0"/>
<action no="7" player="6SP9" type="23" discard="1" dealt="1" sum="595"/>
<action no="8" player="oreiasccp" type="0" sum="0"/>
</round>
</game>
<game gamecode="11538702152"><general><startdate>2025-06-28 11:11:09</startdate>
<round>1</round>
<failsafecounter/>
<players><player seat="10" name="Magsy87" chips="650" dealer="0" win="0" bet="200" muck="1" rebuy="0" addon="0" merge="0" rebuychips="0" reg_code="8393580925"/>
<player seat="3" name="6SP9" chips="650" dealer="1" win="0" bet="5" muck="1" rebuy="0" addon="0" merge="0" rebuychips="0" reg_code="8393580889"/>
<player seat="6" name="oreiasccp" chips="200" dealer="0" win="405" bet="200" muck="0" rebuy="0" addon="0" merge="0" rebuychips="0" reg_code="8393580924"/>
</players>
</general>
<round no="0"><action no="1" player="oreiasccp" type="15" sum="5"/>
<action no="2" player="Magsy87" type="15" discard="1" dealt="1" sum="5"/>
<action no="3" player="6SP9" type="15" discard="1" dealt="1" sum="5"/>
<action no="4" player="oreiasccp" type="1" sum="20"/>
<action no="5" player="Magsy87" type="2" discard="1" dealt="1" sum="40"/>
</round>
<round no="1"><cards type="Pocket" player="oreiasccp">C5 SK</cards>
<cards type="Pocket" player="Magsy87">D6 D5</cards>
<cards type="Pocket" player="6SP9">X X</cards>
<action no="6" player="6SP9" type="0" discard="1" dealt="1" sum="0"/>
<action no="7" player="oreiasccp" type="23" sum="195"/>
<action no="8" player="Magsy87" type="3" discard="1" dealt="1" sum="155"/>
</round>
<round no="2"><cards type="Flop">CK H7 C8</cards>
</round>
<round no="3"><cards type="Turn">H8</cards>
</round>
<round no="4"><cards type="River">HA</cards>
</round>
</game>
<game gamecode="11538702217"><general><startdate>2025-06-28 11:11:27</startdate>
<round>1</round>
<failsafecounter/>
<players><player seat="3" name="6SP9" chips="645" dealer="0" win="0" bet="45" muck="1" rebuy="0" addon="0" merge="0" rebuychips="0" reg_code="8393580889"/>
<player seat="6" name="oreiasccp" chips="405" dealer="1" win="115" bet="405" muck="1" rebuy="0" addon="0" merge="0" rebuychips="0" reg_code="8393580924"/>
<player seat="10" name="Magsy87" chips="450" dealer="0" win="0" bet="25" muck="1" rebuy="0" addon="0" merge="0" rebuychips="0" reg_code="8393580925"/>
</players>
</general>
<round no="0"><action no="1" player="Magsy87" type="15" discard="1" dealt="1" sum="5"/>
<action no="2" player="6SP9" type="15" discard="1" dealt="1" sum="5"/>
<action no="3" player="oreiasccp" type="15" sum="5"/>
<action no="4" player="Magsy87" type="1" discard="1" dealt="1" sum="20"/>
<action no="5" player="6SP9" type="2" discard="1" dealt="1" sum="40"/>
</round>
<round no="1"><cards type="Pocket" player="Magsy87">X X</cards>
<cards type="Pocket" player="6SP9">X X</cards>
<cards type="Pocket" player="oreiasccp">DK D7</cards>
<action no="6" player="oreiasccp" type="23" sum="400"/>
<action no="7" player="Magsy87" type="0" discard="1" dealt="1" sum="0"/>
<action no="8" player="6SP9" type="0" discard="1" dealt="1" sum="0"/>
</round>
</game>
<game gamecode="11538702268"><general><startdate>2025-06-28 11:11:43</startdate>
<round>1</round>
<failsafecounter/>
<players><player seat="6" name="oreiasccp" chips="475" dealer="0" win="0" bet="45" muck="1" rebuy="0" addon="0" merge="0" rebuychips="0" reg_code="8393580924"/>
<player seat="10" name="Magsy87" chips="425" dealer="1" win="0" bet="5" muck="1" rebuy="0" addon="0" merge="0" rebuychips="0" reg_code="8393580925"/>
<player seat="3" name="6SP9" chips="600" dealer="0" win="95" bet="600" muck="1" rebuy="0" addon="0" merge="0" rebuychips="0" reg_code="8393580889"/>
</players>
</general>
<round no="0"><action no="1" player="6SP9" type="15" discard="1" dealt="1" sum="5"/>
<action no="2" player="oreiasccp" type="15" sum="5"/>
<action no="3" player="Magsy87" type="15" discard="1" dealt="1" sum="5"/>
<action no="4" player="6SP9" type="1" discard="1" dealt="1" sum="20"/>
<action no="5" player="oreiasccp" type="2" sum="40"/>
</round>
<round no="1"><cards type="Pocket" player="6SP9">X X</cards>
<cards type="Pocket" player="oreiasccp">H8 H3</cards>
<cards type="Pocket" player="Magsy87">X X</cards>
<action no="6" player="Magsy87" type="0" discard="1" dealt="1" sum="0"/>
<action no="7" player="6SP9" type="23" discard="1" dealt="1" sum="595"/>
<action no="8" player="oreiasccp" type="0" sum="0"/>
</round>
</game>
<game gamecode="11538702325"><general><startdate>2025-06-28 11:11:59</startdate>
<round>1</round>
<failsafecounter/>
<players><player seat="10" name="Magsy87" chips="420" dealer="0" win="175" bet="85" muck="0" rebuy="0" addon="0" merge="0" rebuychips="0" reg_code="8393580925"/>
<player seat="3" name="6SP9" chips="650" dealer="1" win="0" bet="5" muck="1" rebuy="0" addon="0" merge="0" rebuychips="0" reg_code="8393580889"/>
<player seat="6" name="oreiasccp" chips="430" dealer="0" win="0" bet="85" muck="1" rebuy="0" addon="0" merge="0" rebuychips="0" reg_code="8393580924"/>
</players>
</general>
<round no="0"><action no="1" player="oreiasccp" type="15" sum="5"/>
<action no="2" player="Magsy87" type="15" discard="1" dealt="1" sum="5"/>
<action no="3" player="6SP9" type="15" discard="1" dealt="1" sum="5"/>
<action no="4" player="oreiasccp" type="1" sum="20"/>
<action no="5" player="Magsy87" type="2" discard="1" dealt="1" sum="40"/>
</round>
<round no="1"><cards type="Pocket" player="oreiasccp">S4 S3</cards>
<cards type="Pocket" player="Magsy87">C3 S2</cards>
<cards type="Pocket" player="6SP9">X X</cards>
<action no="6" player="6SP9" type="0" discard="1" dealt="1" sum="0"/>
<action no="7" player="oreiasccp" type="3" sum="20"/>
<action no="8" player="Magsy87" type="4" discard="1" dealt="1" sum="0"/>
</round>
<round no="2"><cards type="Flop">C2 D8 D9</cards>
<action no="9" player="oreiasccp" type="5" sum="40"/>
<action no="10" player="Magsy87" type="3" discard="1" dealt="1" sum="40"/>
</round>
<round no="3"><cards type="Turn">D6</cards>
<action no="11" player="oreiasccp" type="4" sum="0"/>
<action no="12" player="Magsy87" type="4" discard="1" dealt="1" sum="0"/>
</round>
<round no="4"><cards type="River">HJ</cards>
<action no="13" player="oreiasccp" type="4" sum="0"/>
<action no="14" player="Magsy87" type="4" discard="1" dealt="1" sum="0"/>
</round>
</game>
<game gamecode="11538702408"><general><startdate>2025-06-28 11:12:24</startdate>
<round>1</round>
<failsafecounter/>
<players><player seat="3" name="6SP9" chips="645" dealer="0" win="95" bet="645" muck="1" rebuy="0" addon="0" merge="0" rebuychips="0" reg_code="8393580889"/>
<player seat="6" name="oreiasccp" chips="345" dealer="1" win="0" bet="5" muck="1" rebuy="0" addon="0" merge="0" rebuychips="0" reg_code="8393580924"/>
<player seat="10" name="Magsy87" chips="510" dealer="0" win="0" bet="45" muck="1" rebuy="0" addon="0" merge="0" rebuychips="0" reg_code="8393580925"/>
</players>
</general>
<round no="0"><action no="1" player="Magsy87" type="15" discard="1" dealt="1" sum="5"/>
<action no="2" player="6SP9" type="15" discard="1" dealt="1" sum="5"/>
<action no="3" player="oreiasccp" type="15" sum="5"/>
<action no="4" player="Magsy87" type="1" discard="1" dealt="1" sum="20"/>
<action no="5" player="6SP9" type="2" discard="1" dealt="1" sum="40"/>
</round>
<round no="1"><cards type="Pocket" player="6SP9">X X</cards>
<cards type="Pocket" player="Magsy87">X X</cards>
<cards type="Pocket" player="oreiasccp">S6 H4</cards>
<action no="6" player="oreiasccp" type="0" sum="0"/>
<action no="7" player="Magsy87" type="3" discard="1" dealt="1" sum="20"/>
<action no="8" player="6SP9" type="23" discard="1" dealt="1" sum="640"/>
<action no="9" player="Magsy87" type="0" discard="1" dealt="1" sum="0"/>
</round>
</game>
<game gamecode="11538702451"><general><startdate>2025-06-28 11:12:37</startdate>
<round>1</round>
<failsafecounter/>
<players><player seat="6" name="oreiasccp" chips="340" dealer="0" win="715" bet="340" muck="0" rebuy="0" addon="0" merge="0" rebuychips="0" reg_code="8393580924"/>
<player seat="10" name="Magsy87" chips="465" dealer="1" win="0" bet="465" muck="0" rebuy="0" addon="0" merge="0" rebuychips="0" reg_code="8393580925"/>
<player seat="3" name="6SP9" chips="695" dealer="0" win="0" bet="35" muck="1" rebuy="0" addon="0" merge="0" rebuychips="0" reg_code="8393580889"/>
</players>
</general>
<round no="0"><action no="1" player="6SP9" type="15" discard="1" dealt="1" sum="5"/>
<action no="2" player="oreiasccp" type="15" sum="5"/>
<action no="3" player="Magsy87" type="15" discard="1" dealt="1" sum="5"/>
<action no="4" player="6SP9" type="1" discard="1" dealt="1" sum="30"/>
<action no="5" player="oreiasccp" type="2" sum="60"/>
</round>
<round no="1"><cards type="Pocket" player="oreiasccp">SA C9</cards>
<cards type="Pocket" player="Magsy87">H5 S5</cards>
<cards type="Pocket" player="6SP9">X X</cards>
<action no="6" player="Magsy87" type="23" discard="1" dealt="1" sum="460"/>
<action no="7" player="6SP9" type="0" discard="1" dealt="1" sum="0"/>
<action no="8" player="oreiasccp" type="7" sum="275"/>
</round>
<round no="2"><cards type="Flop">SK H3 CQ</cards>
</round>
<round no="3"><cards type="Turn">DA</cards>
</round>
<round no="4"><cards type="River">HJ</cards>
</round>
</game>
<game gamecode="11538702529"><general><startdate>2025-06-28 11:12:57</startdate>
<round>1</round>
<failsafecounter/>
<players><player seat="10" name="Magsy87" chips="125" dealer="0" win="0" bet="125" muck="0" rebuy="0" addon="0" merge="0" rebuychips="0" reg_code="8393580925"/>
<player seat="3" name="6SP9" chips="660" dealer="1" win="0" bet="5" muck="1" rebuy="0" addon="0" merge="0" rebuychips="0" reg_code="8393580889"/>
<player seat="6" name="oreiasccp" chips="715" dealer="0" win="255" bet="125" muck="0" rebuy="0" addon="0" merge="0" rebuychips="0" reg_code="8393580924"/>
</players>
</general>
<round no="0"><action no="1" player="oreiasccp" type="15" sum="5"/>
<action no="2" player="Magsy87" type="15" discard="1" dealt="1" sum="5"/>
<action no="3" player="6SP9" type="15" discard="1" dealt="1" sum="5"/>
<action no="4" player="oreiasccp" type="1" sum="30"/>
<action no="5" player="Magsy87" type="2" discard="1" dealt="1" sum="60"/>
</round>
<round no="1"><cards type="Pocket" player="Magsy87">C6 SK</cards>
<cards type="Pocket" player="6SP9">X X</cards>
<cards type="Pocket" player="oreiasccp">HK S10</cards>
<action no="6" player="6SP9" type="0" discard="1" dealt="1" sum="0"/>
<action no="7" player="oreiasccp" type="23" sum="120"/>
<action no="8" player="Magsy87" type="7" discard="1" dealt="1" sum="60"/>
</round>
<round no="2"><cards type="Flop">S6 DA D10</cards>
</round>
<round no="3"><cards type="Turn">H9</cards>
</round>
<round no="4"><cards type="River">CJ</cards>
</round>
</game>
<game gamecode="11538702596"><general><startdate>2025-06-28 11:13:16</startdate>
<round>1</round>
<failsafecounter/>
<players><player seat="3" name="6SP9" chips="655" dealer="0" win="250" bet="655" muck="1" rebuy="0" addon="0" merge="0" rebuychips="0" reg_code="8393580889"/>
<player seat="6" name="oreiasccp" chips="845" dealer="1" win="0" bet="125" muck="1" rebuy="0" addon="0" merge="0" rebuychips="0" reg_code="8393580924"/>
</players>
</general>
<round no="0"><action no="1" player="oreiasccp" type="15" sum="5"/>
<action no="2" player="6SP9" type="15" discard="1" dealt="1" sum="5"/>
<action no="3" player="oreiasccp" type="1" sum="30"/>
<action no="4" player="6SP9" type="2" discard="1" dealt="1" sum="60"/>
</round>
<round no="1"><cards type="Pocket" player="6SP9">X X</cards>
<cards type="Pocket" player="oreiasccp">SJ D7</cards>
<action no="5" player="oreiasccp" type="23" sum="120"/>
<action no="6" player="6SP9" type="23" discard="1" dealt="1" sum="650"/>
<action no="7" player="oreiasccp" type="0" sum="0"/>
</round>
</game>
<game gamecode="11538702636"><general><startdate>2025-06-28 11:13:25</startdate>
<round>1</round>
<failsafecounter/>
<players><player seat="6" name="oreiasccp" chips="720" dealer="0" win="0" bet="65" muck="1" rebuy="0" addon="0" merge="0" rebuychips="0" reg_code="8393580924"/>
<player seat="3" name="6SP9" chips="780" dealer="1" win="130" bet="780" muck="1" rebuy="0" addon="0" merge="0" rebuychips="0" reg_code="8393580889"/>
</players>
</general>
<round no="0"><action no="1" player="6SP9" type="15" discard="1" dealt="1" sum="5"/>
<action no="2" player="oreiasccp" type="15" sum="5"/>
<action no="3" player="6SP9" type="1" discard="1" dealt="1" sum="30"/>
<action no="4" player="oreiasccp" type="2" sum="60"/>
</round>
<round no="1"><cards type="Pocket" player="6SP9">X X</cards>
<cards type="Pocket" player="oreiasccp">D7 H8</cards>
<action no="5" player="6SP9" type="23" discard="1" dealt="1" sum="775"/>
<action no="6" player="oreiasccp" type="0" sum="0"/>
</round>
</game>
<game gamecode="11538707361"><general><startdate>2025-06-28 11:13:31</startdate>
<round>1</round>
<failsafecounter/>
<players><player seat="3" name="6SP9" chips="845" dealer="0" win="70" bet="65" muck="1" rebuy="0" addon="0" merge="0" rebuychips="0" reg_code="8393580889"/>
<player seat="6" name="oreiasccp" chips="655" dealer="1" win="0" bet="35" muck="1" rebuy="0" addon="0" merge="0" rebuychips="0" reg_code="8393580924"/>
</players>
</general>
<round no="0"><action no="1" player="oreiasccp" type="15" sum="5"/>
<action no="2" player="6SP9" type="15" discard="1" dealt="1" sum="5"/>
<action no="3" player="oreiasccp" type="1" sum="30"/>
<action no="4" player="6SP9" type="2" discard="1" dealt="1" sum="60"/>
</round>
<round no="1"><cards type="Pocket" player="6SP9">X X</cards>
<cards type="Pocket" player="oreiasccp">D4 S2</cards>
<action no="5" player="oreiasccp" type="0" sum="0"/>
</round>
</game>
<game gamecode="11538707381"><general><startdate>2025-06-28 11:13:37</startdate>
<round>1</round>
<failsafecounter/>
<players><player seat="6" name="oreiasccp" chips="620" dealer="0" win="0" bet="65" muck="1" rebuy="0" addon="0" merge="0" rebuychips="0" reg_code="8393580924"/>
<player seat="3" name="6SP9" chips="880" dealer="1" win="130" bet="125" muck="1" rebuy="0" addon="0" merge="0" rebuychips="0" reg_code="8393580889"/>
</players>
</general>
<round no="0"><action no="1" player="6SP9" type="15" discard="1" dealt="1" sum="5"/>
<action no="2" player="oreiasccp" type="15" sum="5"/>
<action no="3" player="6SP9" type="1" discard="1" dealt="1" sum="30"/>
<action no="4" player="oreiasccp" type="2" sum="60"/>
</round>
<round no="1"><cards type="Pocket" player="6SP9">X X</cards>
<cards type="Pocket" player="oreiasccp">H10 D4</cards>
<action no="5" player="6SP9" type="3" discard="1" dealt="1" sum="30"/>
<action no="6" player="oreiasccp" type="4" sum="0"/>
</round>
<round no="2"><cards type="Flop">D9 S3 H7</cards>
<action no="7" player="oreiasccp" type="4" sum="0"/>
<action no="8" player="6SP9" type="5" discard="1" dealt="1" sum="60"/>
<action no="9" player="oreiasccp" type="0" sum="0"/>
</round>
</game>
<game gamecode="11538707420"><general><startdate>2025-06-28 11:13:50</startdate>
<round>1</round>
<failsafecounter/>
<players><player seat="3" name="6SP9" chips="945" dealer="0" win="0" bet="185" muck="1" rebuy="0" addon="0" merge="0" rebuychips="0" reg_code="8393580889"/>
<player seat="6" name="oreiasccp" chips="555" dealer="1" win="370" bet="185" muck="0" rebuy="0" addon="0" merge="0" rebuychips="0" reg_code="8393580924"/>
</players>
</general>
<round no="0"><action no="1" player="oreiasccp" type="15" sum="5"/>
<action no="2" player="6SP9" type="15" discard="1" dealt="1" sum="5"/>
<action no="3" player="oreiasccp" type="1" sum="30"/>
<action no="4" player="6SP9" type="2" discard="1" dealt="1" sum="60"/>
</round>
<round no="1"><cards type="Pocket" player="6SP9">D10 H3</cards>
<cards type="Pocket" player="oreiasccp">C8 D6</cards>
<action no="5" player="oreiasccp" type="3" sum="30"/>
<action no="6" player="6SP9" type="4" discard="1" dealt="1" sum="0"/>
</round>
<round no="2"><cards type="Flop">H5 CJ S3</cards>
<action no="7" player="6SP9" type="4" discard="1" dealt="1" sum="0"/>
<action no="8" player="oreiasccp" type="5" sum="60"/>
<action no="9" player="6SP9" type="3" discard="1" dealt="1" sum="60"/>
</round>
<round no="3"><cards type="Turn">D5</cards>
<action no="10" player="6SP9" type="4" discard="1" dealt="1" sum="0"/>
<action no="11" player="oreiasccp" type="4" sum="0"/>
</round>
<round no="4"><cards type="River">D8</cards>
<action no="12" player="6SP9" type="4" discard="1" dealt="1" sum="0"/>
<action no="13" player="oreiasccp" type="5" sum="60"/>
<action no="14" player="6SP9" type="3" discard="1" dealt="1" sum="60"/>
</round>
</game>
<game gamecode="11538707508"><general><startdate>2025-06-28 11:14:17</startdate>
<round>1</round>
<failsafecounter/>
<players><player seat="6" name="oreiasccp" chips="740" dealer="0" win="0" bet="65" muck="1" rebuy="0" addon="0" merge="0" rebuychips="0" reg_code="8393580924"/>
<player seat="3" name="6SP9" chips="760" dealer="1" win="130" bet="125" muck="1" rebuy="0" addon="0" merge="0" rebuychips="0" reg_code="8393580889"/>
</players>
</general>
<round no="0"><action no="1" player="6SP9" type="15" discard="1" dealt="1" sum="5"/>
<action no="2" player="oreiasccp" type="15" sum="5"/>
<action no="3" player="6SP9" type="1" discard="1" dealt="1" sum="30"/>
<action no="4" player="oreiasccp" type="2" sum="60"/>
</round>
<round no="1"><cards type="Pocket" player="oreiasccp">S6 H2</cards>
<cards type="Pocket" player="6SP9">X X</cards>
<action no="5" player="6SP9" type="3" discard="1" dealt="1" sum="30"/>
<action no="6" player="oreiasccp" type="4" sum="0"/>
</round>
<round no="2"><cards type="Flop">CK S9 C7</cards>
<action no="7" player="oreiasccp" type="4" sum="0"/>
<action no="8" player="6SP9" type="5" discard="1" dealt="1" sum="60"/>
<action no="9" player="oreiasccp" type="0" sum="0"/>
</round>
</game>
<game gamecode="11538707569"><general><startdate>2025-06-28 11:14:36</startdate>
<round>1</round>
<failsafecounter/>
<players><player seat="3" name="6SP9" chips="825" dealer="0" win="96" bet="88" muck="1" rebuy="0" addon="0" merge="0" rebuychips="0" reg_code="8393580889"/>
<player seat="6" name="oreiasccp" chips="675" dealer="1" win="0" bet="48" muck="1" rebuy="0" addon="0" merge="0" rebuychips="0" reg_code="8393580924"/>
</players>
</general>
<round no="0"><action no="1" player="oreiasccp" type="15" sum="8"/>
<action no="2" player="6SP9" type="15" discard="1" dealt="1" sum="8"/>
<action no="3" player="oreiasccp" type="1" sum="40"/>
<action no="4" player="6SP9" type="2" discard="1" dealt="1" sum="80"/>
</round>
<round no="1"><cards type="Pocket" player="6SP9">X X</cards>
<cards type="Pocket" player="oreiasccp">HQ D5</cards>
<action no="5" player="oreiasccp" type="0" sum="0"/>
</round>
</game>
<game gamecode="11538707592"><general><startdate>2025-06-28 11:14:44</startdate>
<round>1</round>
<failsafecounter/>
<players><player seat="6" name="oreiasccp" chips="627" dealer="0" win="0" bet="88" muck="1" rebuy="0" addon="0" merge="0" rebuychips="0" reg_code="8393580924"/>
<player seat="3" name="6SP9" chips="873" dealer="1" win="176" bet="873" muck="1" rebuy="0" addon="0" merge="0" rebuychips="0" reg_code="8393580889"/>
</players>
</general>
<round no="0"><action no="1" player="6SP9" type="15" discard="1" dealt="1" sum="8"/>
<action no="2" player="oreiasccp" type="15" sum="8"/>
<action no="3" player="6SP9" type="1" discard="1" dealt="1" sum="40"/>
<action no="4" player="oreiasccp" type="2" sum="80"/>
</round>
<round no="1"><cards type="Pocket" player="6SP9">X X</cards>
<cards type="Pocket" player="oreiasccp">C6 DQ</cards>
<action no="5" player="6SP9" type="23" discard="1" dealt="1" sum="865"/>
<action no="6" player="oreiasccp" type="0" sum="0"/>
</round>
</game>
<game gamecode="11538707613"><general><startdate>2025-06-28 11:14:51</startdate>
<round>1</round>
<failsafecounter/>
<players><player seat="3" name="6SP9" chips="961" dealer="0" win="96" bet="88" muck="1" rebuy="0" addon="0" merge="0" rebuychips="0" reg_code="8393580889"/>
<player seat="6" name="oreiasccp" chips="539" dealer="1" win="0" bet="48" muck="1" rebuy="0" addon="0" merge="0" rebuychips="0" reg_code="8393580924"/>
</players>
</general>
<round no="0"><action no="1" player="oreiasccp" type="15" sum="8"/>
<action no="2" player="6SP9" type="15" discard="1" dealt="1" sum="8"/>
<action no="3" player="oreiasccp" type="1" sum="40"/>
<action no="4" player="6SP9" type="2" discard="1" dealt="1" sum="80"/>
</round>
<round no="1"><cards type="Pocket" player="6SP9">X X</cards>
<cards type="Pocket" player="oreiasccp">S4 C9</cards>
<action no="5" player="oreiasccp" type="0" sum="0"/>
</round>
</game>
<game gamecode="11538707628"><general><startdate>2025-06-28 11:14:57</startdate>
<round>1</round>
<failsafecounter/>
<players><player seat="6" name="oreiasccp" chips="491" dealer="0" win="0" bet="88" muck="1" rebuy="0" addon="0" merge="0" rebuychips="0" reg_code="8393580924"/>
<player seat="3" name="6SP9" chips="1,009" dealer="1" win="176" bet="168" muck="1" rebuy="0" addon="0" merge="0" rebuychips="0" reg_code="8393580889"/>
</players>
</general>
<round no="0"><action no="1" player="6SP9" type="15" discard="1" dealt="1" sum="8"/>
<action no="2" player="oreiasccp" type="15" sum="8"/>
<action no="3" player="6SP9" type="1" discard="1" dealt="1" sum="40"/>
<action no="4" player="oreiasccp" type="2" sum="80"/>
</round>
<round no="1"><cards type="Pocket" player="6SP9">X X</cards>
<cards type="Pocket" player="oreiasccp">D8 DQ</cards>
<action no="5" player="6SP9" type="3" discard="1" dealt="1" sum="40"/>
<action no="6" player="oreiasccp" type="4" sum="0"/>
</round>
<round no="2"><cards type="Flop">D3 H2 CA</cards>
<action no="7" player="oreiasccp" type="4" sum="0"/>
<action no="8" player="6SP9" type="5" discard="1" dealt="1" sum="80"/>
<action no="9" player="oreiasccp" type="0" sum="0"/>
</round>
</game>
<game gamecode="11538707678"><general><startdate>2025-06-28 11:15:12</startdate>
<round>1</round>
<failsafecounter/>
<players><player seat="3" name="6SP9" chips="1,097" dealer="0" win="0" bet="88" muck="1" rebuy="0" addon="0" merge="0" rebuychips="0" reg_code="8393580889"/>
<player seat="6" name="oreiasccp" chips="403" dealer="1" win="176" bet="403" muck="1" rebuy="0" addon="0" merge="0" rebuychips="0" reg_code="8393580924"/>
</players>
</general>
<round no="0"><action no="1" player="oreiasccp" type="15" sum="8"/>
<action no="2" player="6SP9" type="15" discard="1" dealt="1" sum="8"/>
<action no="3" player="oreiasccp" type="1" sum="40"/>
<action no="4" player="6SP9" type="2" discard="1" dealt="1" sum="80"/>
</round>
<round no="1"><cards type="Pocket" player="6SP9">X X</cards>
<cards type="Pocket" player="oreiasccp">C5 HA</cards>
<action no="5" player="oreiasccp" type="23" sum="395"/>
<action no="6" player="6SP9" type="0" discard="1" dealt="1" sum="0"/>
</round>
</game>
<game gamecode="11538707709"><general><startdate>2025-06-28 11:15:21</startdate>
<round>1</round>
<failsafecounter/>
<players><player seat="6" name="oreiasccp" chips="491" dealer="0" win="0" bet="491" muck="0" rebuy="0" addon="0" merge="0" rebuychips="0" reg_code="8393580924"/>
<player seat="3" name="6SP9" chips="1,009" dealer="1" win="982" bet="491" muck="0" rebuy="0" addon="0" merge="0" rebuychips="0" reg_code="8393580889"/>
</players>
</general>
<round no="0"><action no="1" player="6SP9" type="15" discard="1" dealt="1" sum="8"/>
<action no="2" player="oreiasccp" type="15" sum="8"/>
<action no="3" player="6SP9" type="1" discard="1" dealt="1" sum="40"/>
<action no="4" player="oreiasccp" type="2" sum="80"/>
</round>
<round no="1"><cards type="Pocket" player="oreiasccp">S8 D5</cards>
<cards type="Pocket" player="6SP9">H10 S10</cards>
<action no="5" player="6SP9" type="3" discard="1" dealt="1" sum="40"/>
<action no="6" player="oreiasccp" type="4" sum="0"/>
</round>
<round no="2"><cards type="Flop">HQ H5 DQ</cards>
<action no="7" player="oreiasccp" type="4" sum="0"/>
<action no="8" player="6SP9" type="5" discard="1" dealt="1" sum="80"/>
<action no="9" player="oreiasccp" type="23" sum="403"/>
<action no="10" player="6SP9" type="3" discard="1" dealt="1" sum="323"/>
</round>
<round no="3"><cards type="Turn">S4</cards>
</round>
<round no="4"><cards type="River">C9</cards>
</round>
</game>
</session>
