<?xml version="1.0" encoding="UTF-8"?>
<session sessioncode="8393589427">
<general>
<client_version>25.1.1.13</client_version>
<mode>real</mode>
<gametype>Holdem NL</gametype>
<tablename>Twister €5 SNG, 1128757023</tablename>
<tournamentcode>1128757022</tournamentcode>
<tournamentname>Twister €5 SNG</tournamentname>
<buyin>€0 + €0.35 + €4.65</buyin>
<totalbuyin>€5</totalbuyin>
<rewarddrawn>€10</rewarddrawn>
<tournamentcurrency>EUR</tournamentcurrency>
<currency>EUR</currency>
<nickname>oreiasccp</nickname>
<gamecount>15</gamecount>
<startdate>2025-06-28 11:28:13</startdate>
<place>3</place>
<win>€0</win>
<tablesize>3</tablesize>
</general>
<game gamecode="11538716964"><general><startdate>2025-06-28 11:28:28</startdate>
<round>1</round>
<failsafecounter/>
<players><player seat="3" name="troybomber" chips="500" dealer="0" win="20" bet="20" muck="1" rebuy="0" addon="0" merge="0" rebuychips="0" reg_code="8393589417"/>
<player seat="6" name="oreiasccp" chips="500" dealer="1" win="0" bet="0" muck="1" rebuy="0" addon="0" merge="0" rebuychips="0" reg_code="8393589427"/>
<player seat="10" name="ilyaxr4" chips="500" dealer="0" win="0" bet="10" muck="1" rebuy="0" addon="0" merge="0" rebuychips="0" reg_code="8393589434"/>
</players>
</general>
<round no="0"><action no="1" player="ilyaxr4" type="1" discard="1" dealt="1" sum="10"/>
<action no="2" player="troybomber" type="2" discard="1" dealt="1" sum="20"/>
</round>
<round no="1"><cards type="Pocket" player="ilyaxr4">X X</cards>
<cards type="Pocket" player="oreiasccp">S8 H6</cards>
<cards type="Pocket" player="troybomber">X X</cards>
<action no="3" player="oreiasccp" type="0" sum="0"/>
<action no="4" player="ilyaxr4" type="0" discard="1" dealt="1" sum="0"/>
</round>
</game>
<game gamecode="11538716997"><general><startdate>2025-06-28 11:28:38</startdate>
<round>1</round>
<failsafecounter/>
<players><player seat="6" name="oreiasccp" chips="500" dealer="0" win="0" bet="20" muck="1" rebuy="0" addon="0" merge="0" rebuychips="0" reg_code="8393589427"/>
<player seat="10" name="ilyaxr4" chips="490" dealer="1" win="0" bet="240" muck="1" rebuy="0" addon="0" merge="0" rebuychips="0" reg_code="8393589434"/>
<player seat="3" name="troybomber" chips="510" dealer="0" win="500" bet="510" muck="1" rebuy="0" addon="0" merge="0" rebuychips="0" reg_code="8393589417"/>
</players>
</general>
<round no="0"><action no="1" player="troybomber" type="1" discard="1" dealt="1" sum="10"/>
<action no="2" player="oreiasccp" type="2" sum="20"/>
</round>
<round no="1"><cards type="Pocket" player="oreiasccp">C8 H3</cards>
<cards type="Pocket" player="ilyaxr4">X X</cards>
<cards type="Pocket" player="troybomber">X X</cards>
<action no="3" player="ilyaxr4" type="23" discard="1" dealt="1" sum="40"/>
<action no="4" player="troybomber" type="3" discard="1" dealt="1" sum="30"/>
<action no="5" player="oreiasccp" type="0" sum="0"/>
</round>
<round no="2"><cards type="Flop">DJ DQ S5</cards>
<action no="6" player="troybomber" type="4" discard="1" dealt="1" sum="0"/>
<action no="7" player="ilyaxr4" type="5" discard="1" dealt="1" sum="50"/>
<action no="8" player="troybomber" type="3" discard="1" dealt="1" sum="50"/>
</round>
<round no="3"><cards type="Turn">S3</cards>
<action no="9" player="troybomber" type="4" discard="1" dealt="1" sum="0"/>
<action no="10" player="ilyaxr4" type="5" discard="1" dealt="1" sum="150"/>
<action no="11" player="troybomber" type="3" discard="1" dealt="1" sum="150"/>
</round>
<round no="4"><cards type="River">DK</cards>
<action no="12" player="troybomber" type="5" discard="1" dealt="1" sum="270"/>
<action no="13" player="ilyaxr4" type="0" discard="1" dealt="1" sum="0"/>
</round>
</game>
<game gamecode="11538722277"><general><startdate>2025-06-28 11:29:32</startdate>
<round>1</round>
<failsafecounter/>
<players><player seat="10" name="ilyaxr4" chips="250" dealer="0" win="80" bet="250" muck="1" rebuy="0" addon="0" merge="0" rebuychips="0" reg_code="8393589434"/>
<player seat="3" name="troybomber" chips="770" dealer="1" win="0" bet="0" muck="1" rebuy="0" addon="0" merge="0" rebuychips="0" reg_code="8393589417"/>
<player seat="6" name="oreiasccp" chips="480" dealer="0" win="0" bet="40" muck="1" rebuy="0" addon="0" merge="0" rebuychips="0" reg_code="8393589427"/>
</players>
</general>
<round no="0"><action no="1" player="oreiasccp" type="1" sum="10"/>
<action no="2" player="ilyaxr4" type="2" discard="1" dealt="1" sum="20"/>
</round>
<round no="1"><cards type="Pocket" player="ilyaxr4">X X</cards>
<cards type="Pocket" player="oreiasccp">DK C2</cards>
<cards type="Pocket" player="troybomber">X X</cards>
<action no="3" player="troybomber" type="0" discard="1" dealt="1" sum="0"/>
<action no="4" player="oreiasccp" type="23" sum="40"/>
<action no="5" player="ilyaxr4" type="23" discard="1" dealt="1" sum="250"/>
<action no="6" player="oreiasccp" type="0" sum="0"/>
</round>
</game>
<game gamecode="11538722345"><general><startdate>2025-06-28 11:29:44</startdate>
<round>1</round>
<failsafecounter/>
<players><player seat="3" name="troybomber" chips="770" dealer="0" win="20" bet="20" muck="1" rebuy="0" addon="0" merge="0" rebuychips="0" reg_code="8393589417"/>
<player seat="6" name="oreiasccp" chips="440" dealer="1" win="0" bet="0" muck="1" rebuy="0" addon="0" merge="0" rebuychips="0" reg_code="8393589427"/>
<player seat="10" name="ilyaxr4" chips="290" dealer="0" win="0" bet="10" muck="1" rebuy="0" addon="0" merge="0" rebuychips="0" reg_code="8393589434"/>
</players>
</general>
<round no="0"><action no="1" player="ilyaxr4" type="1" discard="1" dealt="1" sum="10"/>
<action no="2" player="troybomber" type="2" discard="1" dealt="1" sum="20"/>
</round>
<round no="1"><cards type="Pocket" player="ilyaxr4">X X</cards>
<cards type="Pocket" player="troybomber">X X</cards>
<cards type="Pocket" player="oreiasccp">S5 S8</cards>
<action no="3" player="oreiasccp" type="0" sum="0"/>
<action no="4" player="ilyaxr4" type="0" discard="1" dealt="1" sum="0"/>
</round>
</game>
<game gamecode="11538722374"><general><startdate>2025-06-28 11:29:52</startdate>
<round>1</round>
<failsafecounter/>
<players><player seat="6" name="oreiasccp" chips="440" dealer="0" win="0" bet="40" muck="1" rebuy="0" addon="0" merge="0" rebuychips="0" reg_code="8393589427"/>
<player seat="10" name="ilyaxr4" chips="280" dealer="1" win="90" bet="85" muck="1" rebuy="0" addon="0" merge="0" rebuychips="0" reg_code="8393589434"/>
<player seat="3" name="troybomber" chips="780" dealer="0" win="0" bet="10" muck="1" rebuy="0" addon="0" merge="0" rebuychips="0" reg_code="8393589417"/>
</players>
</general>
<round no="0"><action no="1" player="troybomber" type="1" discard="1" dealt="1" sum="10"/>
<action no="2" player="oreiasccp" type="2" sum="20"/>
</round>
<round no="1"><cards type="Pocket" player="troybomber">X X</cards>
<cards type="Pocket" player="oreiasccp">HA S8</cards>
<cards type="Pocket" player="ilyaxr4">X X</cards>
<action no="3" player="ilyaxr4" type="23" discard="1" dealt="1" sum="40"/>
<action no="4" player="troybomber" type="0" discard="1" dealt="1" sum="0"/>
<action no="5" player="oreiasccp" type="3" sum="20"/>
</round>
<round no="2"><cards type="Flop">D7 H9 DJ</cards>
<action no="6" player="oreiasccp" type="4" sum="0"/>
<action no="7" player="ilyaxr4" type="5" discard="1" dealt="1" sum="45"/>
<action no="8" player="oreiasccp" type="0" sum="0"/>
</round>
</game>
<game gamecode="11538722448"><general><startdate>2025-06-28 11:30:09</startdate>
<round>1</round>
<failsafecounter/>
<players><player seat="10" name="ilyaxr4" chips="330" dealer="0" win="20" bet="20" muck="1" rebuy="0" addon="0" merge="0" rebuychips="0" reg_code="8393589434"/>
<player seat="3" name="troybomber" chips="770" dealer="1" win="0" bet="0" muck="1" rebuy="0" addon="0" merge="0" rebuychips="0" reg_code="8393589417"/>
<player seat="6" name="oreiasccp" chips="400" dealer="0" win="0" bet="10" muck="1" rebuy="0" addon="0" merge="0" rebuychips="0" reg_code="8393589427"/>
</players>
</general>
<round no="0"><action no="1" player="oreiasccp" type="1" sum="10"/>
<action no="2" player="ilyaxr4" type="2" discard="1" dealt="1" sum="20"/>
</round>
<round no="1"><cards type="Pocket" player="ilyaxr4">X X</cards>
<cards type="Pocket" player="troybomber">X X</cards>
<cards type="Pocket" player="oreiasccp">S2 H7</cards>
<action no="3" player="troybomber" type="0" discard="1" dealt="1" sum="0"/>
<action no="4" player="oreiasccp" type="0" sum="0"/>
</round>
</game>
<game gamecode="11538722478"><general><startdate>2025-06-28 11:30:16</startdate>
<round>1</round>
<failsafecounter/>
<players><player seat="3" name="troybomber" chips="770" dealer="0" win="0" bet="40" muck="1" rebuy="0" addon="0" merge="0" rebuychips="0" reg_code="8393589417"/>
<player seat="6" name="oreiasccp" chips="390" dealer="1" win="0" bet="0" muck="1" rebuy="0" addon="0" merge="0" rebuychips="0" reg_code="8393589427"/>
<player seat="10" name="ilyaxr4" chips="340" dealer="0" win="80" bet="68" muck="1" rebuy="0" addon="0" merge="0" rebuychips="0" reg_code="8393589434"/>
</players>
</general>
<round no="0"><action no="1" player="ilyaxr4" type="1" discard="1" dealt="1" sum="10"/>
<action no="2" player="troybomber" type="2" discard="1" dealt="1" sum="20"/>
</round>
<round no="1"><cards type="Pocket" player="oreiasccp">H5 S7</cards>
<cards type="Pocket" player="troybomber">X X</cards>
<cards type="Pocket" player="ilyaxr4">X X</cards>
<action no="3" player="oreiasccp" type="0" sum="0"/>
<action no="4" player="ilyaxr4" type="23" discard="1" dealt="1" sum="40"/>
<action no="5" player="troybomber" type="3" discard="1" dealt="1" sum="20"/>
</round>
<round no="2"><cards type="Flop">CK D4 SA</cards>
<action no="6" player="ilyaxr4" type="5" discard="1" dealt="1" sum="28"/>
<action no="7" player="troybomber" type="0" discard="1" dealt="1" sum="0"/>
</round>
</game>
<game gamecode="11538722548"><general><startdate>2025-06-28 11:30:31</startdate>
<round>1</round>
<failsafecounter/>
<players><player seat="6" name="oreiasccp" chips="390" dealer="0" win="45" bet="35" muck="1" rebuy="0" addon="0" merge="0" rebuychips="0" reg_code="8393589427"/>
<player seat="10" name="ilyaxr4" chips="380" dealer="1" win="0" bet="5" muck="1" rebuy="0" addon="0" merge="0" rebuychips="0" reg_code="8393589434"/>
<player seat="3" name="troybomber" chips="730" dealer="0" win="0" bet="20" muck="1" rebuy="0" addon="0" merge="0" rebuychips="0" reg_code="8393589417"/>
</players>
</general>
<round no="0"><action no="1" player="troybomber" type="15" discard="1" dealt="1" sum="5"/>
<action no="2" player="oreiasccp" type="15" sum="5"/>
<action no="3" player="ilyaxr4" type="15" discard="1" dealt="1" sum="5"/>
<action no="4" player="troybomber" type="1" discard="1" dealt="1" sum="15"/>
<action no="5" player="oreiasccp" type="2" sum="30"/>
</round>
<round no="1"><cards type="Pocket" player="troybomber">X X</cards>
<cards type="Pocket" player="ilyaxr4">X X</cards>
<cards type="Pocket" player="oreiasccp">S5 C2</cards>
<action no="6" player="ilyaxr4" type="0" discard="1" dealt="1" sum="0"/>
<action no="7" player="troybomber" type="0" discard="1" dealt="1" sum="0"/>
</round>
</game>
<game gamecode="11538722590"><general><startdate>2025-06-28 11:30:41</startdate>
<round>1</round>
<failsafecounter/>
<players><player seat="10" name="ilyaxr4" chips="375" dealer="0" win="0" bet="35" muck="1" rebuy="0" addon="0" merge="0" rebuychips="0" reg_code="8393589434"/>
<player seat="3" name="troybomber" chips="710" dealer="1" win="0" bet="5" muck="1" rebuy="0" addon="0" merge="0" rebuychips="0" reg_code="8393589417"/>
<player seat="6" name="oreiasccp" chips="415" dealer="0" win="75" bet="71" muck="1" rebuy="0" addon="0" merge="0" rebuychips="0" reg_code="8393589427"/>
</players>
</general>
<round no="0"><action no="1" player="oreiasccp" type="15" sum="5"/>
<action no="2" player="ilyaxr4" type="15" discard="1" dealt="1" sum="5"/>
<action no="3" player="troybomber" type="15" discard="1" dealt="1" sum="5"/>
<action no="4" player="oreiasccp" type="1" sum="15"/>
<action no="5" player="ilyaxr4" type="2" discard="1" dealt="1" sum="30"/>
</round>
<round no="1"><cards type="Pocket" player="ilyaxr4">X X</cards>
<cards type="Pocket" player="troybomber">X X</cards>
<cards type="Pocket" player="oreiasccp">CJ CA</cards>
<action no="6" player="troybomber" type="0" discard="1" dealt="1" sum="0"/>
<action no="7" player="oreiasccp" type="23" sum="66"/>
<action no="8" player="ilyaxr4" type="0" discard="1" dealt="1" sum="0"/>
</round>
</game>
<game gamecode="11538722631"><general><startdate>2025-06-28 11:30:50</startdate>
<round>1</round>
<failsafecounter/>
<players><player seat="3" name="troybomber" chips="705" dealer="0" win="0" bet="340" muck="1" rebuy="0" addon="0" merge="0" rebuychips="0" reg_code="8393589417"/>
<player seat="6" name="oreiasccp" chips="455" dealer="1" win="0" bet="5" muck="1" rebuy="0" addon="0" merge="0" rebuychips="0" reg_code="8393589427"/>
<player seat="10" name="ilyaxr4" chips="340" dealer="0" win="685" bet="340" muck="0" rebuy="0" addon="0" merge="0" rebuychips="0" reg_code="8393589434"/>
</players>
</general>
<round no="0"><action no="1" player="ilyaxr4" type="15" discard="1" dealt="1" sum="5"/>
<action no="2" player="troybomber" type="15" discard="1" dealt="1" sum="5"/>
<action no="3" player="oreiasccp" type="15" sum="5"/>
<action no="4" player="ilyaxr4" type="1" discard="1" dealt="1" sum="15"/>
<action no="5" player="troybomber" type="2" discard="1" dealt="1" sum="30"/>
</round>
<round no="1"><cards type="Pocket" player="ilyaxr4">SK SJ</cards>
<cards type="Pocket" player="oreiasccp">D3 C5</cards>
<cards type="Pocket" player="troybomber">CK H10</cards>
<action no="6" player="oreiasccp" type="0" sum="0"/>
<action no="7" player="ilyaxr4" type="23" discard="1" dealt="1" sum="335"/>
<action no="8" player="troybomber" type="3" discard="1" dealt="1" sum="305"/>
</round>
<round no="2"><cards type="Flop">D4 C4 HA</cards>
</round>
<round no="3"><cards type="Turn">D6</cards>
</round>
<round no="4"><cards type="River">HJ</cards>
</round>
</game>
<game gamecode="11538722727"><general><startdate>2025-06-28 11:31:12</startdate>
<round>1</round>
<failsafecounter/>
<players><player seat="6" name="oreiasccp" chips="450" dealer="0" win="0" bet="35" muck="1" rebuy="0" addon="0" merge="0" rebuychips="0" reg_code="8393589427"/>
<player seat="10" name="ilyaxr4" chips="685" dealer="1" win="0" bet="5" muck="1" rebuy="0" addon="0" merge="0" rebuychips="0" reg_code="8393589434"/>
<player seat="3" name="troybomber" chips="365" dealer="0" win="75" bet="365" muck="1" rebuy="0" addon="0" merge="0" rebuychips="0" reg_code="8393589417"/>
</players>
</general>
<round no="0"><action no="1" player="troybomber" type="15" discard="1" dealt="1" sum="5"/>
<action no="2" player="oreiasccp" type="15" sum="5"/>
<action no="3" player="ilyaxr4" type="15" discard="1" dealt="1" sum="5"/>
<action no="4" player="troybomber" type="1" discard="1" dealt="1" sum="15"/>
<action no="5" player="oreiasccp" type="2" sum="30"/>
</round>
<round no="1"><cards type="Pocket" player="troybomber">X X</cards>
<cards type="Pocket" player="ilyaxr4">X X</cards>
<cards type="Pocket" player="oreiasccp">SQ D2</cards>
<action no="6" player="ilyaxr4" type="0" discard="1" dealt="1" sum="0"/>
<action no="7" player="troybomber" type="23" discard="1" dealt="1" sum="360"/>
<action no="8" player="oreiasccp" type="0" sum="0"/>
</round>
</game>
<game gamecode="11538722765"><general><startdate>2025-06-28 11:31:21</startdate>
<round>1</round>
<failsafecounter/>
<players><player seat="10" name="ilyaxr4" chips="680" dealer="0" win="150" bet="680" muck="1" rebuy="0" addon="0" merge="0" rebuychips="0" reg_code="8393589434"/>
<player seat="3" name="troybomber" chips="405" dealer="1" win="0" bet="65" muck="1" rebuy="0" addon="0" merge="0" rebuychips="0" reg_code="8393589417"/>
<player seat="6" name="oreiasccp" chips="415" dealer="0" win="0" bet="20" muck="1" rebuy="0" addon="0" merge="0" rebuychips="0" reg_code="8393589427"/>
</players>
</general>
<round no="0"><action no="1" player="oreiasccp" type="15" sum="5"/>
<action no="2" player="ilyaxr4" type="15" discard="1" dealt="1" sum="5"/>
<action no="3" player="troybomber" type="15" discard="1" dealt="1" sum="5"/>
<action no="4" player="oreiasccp" type="1" sum="15"/>
<action no="5" player="ilyaxr4" type="2" discard="1" dealt="1" sum="30"/>
</round>
<round no="1"><cards type="Pocket" player="oreiasccp">H4 S9</cards>
<cards type="Pocket" player="troybomber">X X</cards>
<cards type="Pocket" player="ilyaxr4">X X</cards>
<action no="6" player="troybomber" type="23" discard="1" dealt="1" sum="60"/>
<action no="7" player="oreiasccp" type="0" sum="0"/>
<action no="8" player="ilyaxr4" type="23" discard="1" dealt="1" sum="675"/>
<action no="9" player="troybomber" type="0" discard="1" dealt="1" sum="0"/>
</round>
</game>
<game gamecode="11538722880"><general><startdate>2025-06-28 11:31:48</startdate>
<round>1</round>
<failsafecounter/>
<players><player seat="3" name="troybomber" chips="340" dealer="0" win="45" bet="35" muck="1" rebuy="0" addon="0" merge="0" rebuychips="0" reg_code="8393589417"/>
<player seat="6" name="oreiasccp" chips="395" dealer="1" win="0" bet="5" muck="1" rebuy="0" addon="0" merge="0" rebuychips="0" reg_code="8393589427"/>
<player seat="10" name="ilyaxr4" chips="765" dealer="0" win="0" bet="20" muck="1" rebuy="0" addon="0" merge="0" rebuychips="0" reg_code="8393589434"/>
</players>
</general>
<round no="0"><action no="1" player="ilyaxr4" type="15" discard="1" dealt="1" sum="5"/>
<action no="2" player="troybomber" type="15" discard="1" dealt="1" sum="5"/>
<action no="3" player="oreiasccp" type="15" sum="5"/>
<action no="4" player="ilyaxr4" type="1" discard="1" dealt="1" sum="15"/>
<action no="5" player="troybomber" type="2" discard="1" dealt="1" sum="30"/>
</round>
<round no="1"><cards type="Pocket" player="troybomber">X X</cards>
<cards type="Pocket" player="ilyaxr4">X X</cards>
<cards type="Pocket" player="oreiasccp">D4 H9</cards>
<action no="6" player="oreiasccp" type="0" sum="0"/>
<action no="7" player="ilyaxr4" type="0" discard="1" dealt="1" sum="0"/>
</round>
</game>
<game gamecode="11538722947"><general><startdate>2025-06-28 11:32:05</startdate>
<round>1</round>
<failsafecounter/>
<players><player seat="6" name="oreiasccp" chips="390" dealer="0" win="0" bet="35" muck="1" rebuy="0" addon="0" merge="0" rebuychips="0" reg_code="8393589427"/>
<player seat="10" name="ilyaxr4" chips="745" dealer="1" win="0" bet="5" muck="1" rebuy="0" addon="0" merge="0" rebuychips="0" reg_code="8393589434"/>
<player seat="3" name="troybomber" chips="365" dealer="0" win="75" bet="365" muck="1" rebuy="0" addon="0" merge="0" rebuychips="0" reg_code="8393589417"/>
</players>
</general>
<round no="0"><action no="1" player="troybomber" type="15" discard="1" dealt="1" sum="5"/>
<action no="2" player="oreiasccp" type="15" sum="5"/>
<action no="3" player="ilyaxr4" type="15" discard="1" dealt="1" sum="5"/>
<action no="4" player="troybomber" type="1" discard="1" dealt="1" sum="15"/>
<action no="5" player="oreiasccp" type="2" sum="30"/>
</round>
<round no="1"><cards type="Pocket" player="ilyaxr4">X X</cards>
<cards type="Pocket" player="troybomber">X X</cards>
<cards type="Pocket" player="oreiasccp">S2 S8</cards>
<action no="6" player="ilyaxr4" type="0" discard="1" dealt="1" sum="0"/>
<action no="7" player="troybomber" type="23" discard="1" dealt="1" sum="360"/>
<action no="8" player="oreiasccp" type="0" sum="0"/>
</round>
</game>
<game gamecode="11538722997"><general><startdate>2025-06-28 11:32:17</startdate>
<round>1</round>
<failsafecounter/>
<players><player seat="10" name="ilyaxr4" chips="740" dealer="0" win="715" bet="355" muck="0" rebuy="0" addon="0" merge="0" rebuychips="0" reg_code="8393589434"/>
<player seat="3" name="troybomber" chips="405" dealer="1" win="0" bet="5" muck="1" rebuy="0" addon="0" merge="0" rebuychips="0" reg_code="8393589417"/>
<player seat="6" name="oreiasccp" chips="355" dealer="0" win="0" bet="355" muck="0" rebuy="0" addon="0" merge="0" rebuychips="0" reg_code="8393589427"/>
</players>
</general>
<round no="0"><action no="1" player="oreiasccp" type="15" sum="5"/>
<action no="2" player="ilyaxr4" type="15" discard="1" dealt="1" sum="5"/>
<action no="3" player="troybomber" type="15" discard="1" dealt="1" sum="5"/>
<action no="4" player="oreiasccp" type="1" sum="15"/>
<action no="5" player="ilyaxr4" type="2" discard="1" dealt="1" sum="30"/>
</round>
<round no="1"><cards type="Pocket" player="troybomber">X X</cards>
<cards type="Pocket" player="ilyaxr4">DA CQ</cards>
<cards type="Pocket" player="oreiasccp">SK H9</cards>
<action no="6" player="troybomber" type="0" discard="1" dealt="1" sum="0"/>
<action no="7" player="oreiasccp" type="23" sum="350"/>
<action no="8" player="ilyaxr4" type="3" discard="1" dealt="1" sum="320"/>
</round>
<round no="2"><cards type="Flop">S5 S10 C5</cards>
</round>
<round no="3"><cards type="Turn">H6</cards>
</round>
<round no="4"><cards type="River">D8</cards>
</round>
</game>
</session>
