<?xml version="1.0" encoding="UTF-8"?>
<session sessioncode="8393576281">
<general>
<client_version>25.1.1.13</client_version>
<mode>real</mode>
<gametype>Holdem NL</gametype>
<tablename>Twister €5 SNG, 1128755225</tablename>
<tournamentcode>1128755224</tournamentcode>
<tournamentname>Twister €5 SNG</tournamentname>
<buyin>€0 + €0.35 + €4.65</buyin>
<totalbuyin>€5</totalbuyin>
<rewarddrawn>€10</rewarddrawn>
<tournamentcurrency>EUR</tournamentcurrency>
<currency>EUR</currency>
<nickname>oreiasccp</nickname>
<gamecount>15</gamecount>
<startdate>2025-06-28 10:53:14</startdate>
<place>2</place>
<win>€0</win>
<tablesize>3</tablesize>
</general>
<game gamecode="11538686462"><general><startdate>2025-06-28 10:53:29</startdate>
<round>1</round>
<failsafecounter/>
<players><player seat="10" name="Axkey" chips="500" dealer="0" win="0" bet="20" muck="1" rebuy="0" addon="0" merge="0" rebuychips="0" reg_code="8393576410"/>
<player seat="3" name="troybomber" chips="500" dealer="1" win="0" bet="40" muck="1" rebuy="0" addon="0" merge="0" rebuychips="0" reg_code="8393576106"/>
<player seat="6" name="oreiasccp" chips="500" dealer="0" win="100" bet="120" muck="1" rebuy="0" addon="0" merge="0" rebuychips="0" reg_code="8393576281"/>
</players>
</general>
<round no="0"><action no="1" player="oreiasccp" type="1" sum="10"/>
<action no="2" player="Axkey" type="2" discard="1" dealt="1" sum="20"/>
</round>
<round no="1"><cards type="Pocket" player="troybomber">X X</cards>
<cards type="Pocket" player="Axkey">X X</cards>
<cards type="Pocket" player="oreiasccp">SK CJ</cards>
<action no="3" player="troybomber" type="23" discard="1" dealt="1" sum="40"/>
<action no="4" player="oreiasccp" type="23" sum="120"/>
<action no="5" player="Axkey" type="0" discard="1" dealt="1" sum="0"/>
<action no="6" player="troybomber" type="0" discard="1" dealt="1" sum="0"/>
</round>
</game>
<game gamecode="11538686521"><general><startdate>2025-06-28 10:53:43</startdate>
<round>1</round>
<failsafecounter/>
<players><player seat="3" name="troybomber" chips="460" dealer="0" win="0" bet="20" muck="1" rebuy="0" addon="0" merge="0" rebuychips="0" reg_code="8393576106"/>
<player seat="6" name="oreiasccp" chips="560" dealer="1" win="50" bet="40" muck="1" rebuy="0" addon="0" merge="0" rebuychips="0" reg_code="8393576281"/>
<player seat="10" name="Axkey" chips="480" dealer="0" win="0" bet="10" muck="1" rebuy="0" addon="0" merge="0" rebuychips="0" reg_code="8393576410"/>
</players>
</general>
<round no="0"><action no="1" player="Axkey" type="1" discard="1" dealt="1" sum="10"/>
<action no="2" player="troybomber" type="2" discard="1" dealt="1" sum="20"/>
</round>
<round no="1"><cards type="Pocket" player="Axkey">X X</cards>
<cards type="Pocket" player="troybomber">X X</cards>
<cards type="Pocket" player="oreiasccp">CA H5</cards>
<action no="3" player="oreiasccp" type="23" sum="40"/>
<action no="4" player="Axkey" type="0" discard="1" dealt="1" sum="0"/>
<action no="5" player="troybomber" type="0" discard="1" dealt="1" sum="0"/>
</round>
</game>
<game gamecode="11538686572"><general><startdate>2025-06-28 10:53:55</startdate>
<round>1</round>
<failsafecounter/>
<players><player seat="6" name="oreiasccp" chips="590" dealer="0" win="0" bet="20" muck="1" rebuy="0" addon="0" merge="0" rebuychips="0" reg_code="8393576281"/>
<player seat="10" name="Axkey" chips="470" dealer="1" win="0" bet="0" muck="1" rebuy="0" addon="0" merge="0" rebuychips="0" reg_code="8393576410"/>
<player seat="3" name="troybomber" chips="440" dealer="0" win="40" bet="440" muck="1" rebuy="0" addon="0" merge="0" rebuychips="0" reg_code="8393576106"/>
</players>
</general>
<round no="0"><action no="1" player="troybomber" type="1" discard="1" dealt="1" sum="10"/>
<action no="2" player="oreiasccp" type="2" sum="20"/>
</round>
<round no="1"><cards type="Pocket" player="oreiasccp">S6 D3</cards>
<cards type="Pocket" player="Axkey">X X</cards>
<cards type="Pocket" player="troybomber">X X</cards>
<action no="3" player="Axkey" type="0" discard="1" dealt="1" sum="0"/>
<action no="4" player="troybomber" type="23" discard="1" dealt="1" sum="440"/>
<action no="5" player="oreiasccp" type="0" sum="0"/>
</round>
</game>
<game gamecode="11538686610"><general><startdate>2025-06-28 10:54:07</startdate>
<round>1</round>
<failsafecounter/>
<players><player seat="10" name="Axkey" chips="470" dealer="0" win="80" bet="470" muck="1" rebuy="0" addon="0" merge="0" rebuychips="0" reg_code="8393576410"/>
<player seat="3" name="troybomber" chips="460" dealer="1" win="0" bet="0" muck="1" rebuy="0" addon="0" merge="0" rebuychips="0" reg_code="8393576106"/>
<player seat="6" name="oreiasccp" chips="570" dealer="0" win="0" bet="40" muck="1" rebuy="0" addon="0" merge="0" rebuychips="0" reg_code="8393576281"/>
</players>
</general>
<round no="0"><action no="1" player="oreiasccp" type="1" sum="10"/>
<action no="2" player="Axkey" type="2" discard="1" dealt="1" sum="20"/>
</round>
<round no="1"><cards type="Pocket" player="Axkey">X X</cards>
<cards type="Pocket" player="oreiasccp">S5 H6</cards>
<cards type="Pocket" player="troybomber">X X</cards>
<action no="3" player="troybomber" type="0" discard="1" dealt="1" sum="0"/>
<action no="4" player="oreiasccp" type="23" sum="40"/>
<action no="5" player="Axkey" type="23" discard="1" dealt="1" sum="470"/>
<action no="6" player="oreiasccp" type="0" sum="0"/>
</round>
</game>
<game gamecode="11538686673"><general><startdate>2025-06-28 10:54:27</startdate>
<round>1</round>
<failsafecounter/>
<players><player seat="3" name="troybomber" chips="460" dealer="0" win="20" bet="20" muck="1" rebuy="0" addon="0" merge="0" rebuychips="0" reg_code="8393576106"/>
<player seat="6" name="oreiasccp" chips="530" dealer="1" win="0" bet="0" muck="1" rebuy="0" addon="0" merge="0" rebuychips="0" reg_code="8393576281"/>
<player seat="10" name="Axkey" chips="510" dealer="0" win="0" bet="10" muck="1" rebuy="0" addon="0" merge="0" rebuychips="0" reg_code="8393576410"/>
</players>
</general>
<round no="0"><action no="1" player="Axkey" type="1" discard="1" dealt="1" sum="10"/>
<action no="2" player="troybomber" type="2" discard="1" dealt="1" sum="20"/>
</round>
<round no="1"><cards type="Pocket" player="Axkey">X X</cards>
<cards type="Pocket" player="oreiasccp">H4 HJ</cards>
<cards type="Pocket" player="troybomber">X X</cards>
<action no="3" player="oreiasccp" type="0" sum="0"/>
<action no="4" player="Axkey" type="0" discard="1" dealt="1" sum="0"/>
</round>
</game>
<game gamecode="11538686710"><general><startdate>2025-06-28 10:54:35</startdate>
<round>1</round>
<failsafecounter/>
<players><player seat="6" name="oreiasccp" chips="530" dealer="0" win="20" bet="20" muck="1" rebuy="0" addon="0" merge="0" rebuychips="0" reg_code="8393576281"/>
<player seat="10" name="Axkey" chips="500" dealer="1" win="0" bet="0" muck="1" rebuy="0" addon="0" merge="0" rebuychips="0" reg_code="8393576410"/>
<player seat="3" name="troybomber" chips="470" dealer="0" win="0" bet="10" muck="1" rebuy="0" addon="0" merge="0" rebuychips="0" reg_code="8393576106"/>
</players>
</general>
<round no="0"><action no="1" player="troybomber" type="1" discard="1" dealt="1" sum="10"/>
<action no="2" player="oreiasccp" type="2" sum="20"/>
</round>
<round no="1"><cards type="Pocket" player="troybomber">X X</cards>
<cards type="Pocket" player="oreiasccp">D2 HJ</cards>
<cards type="Pocket" player="Axkey">X X</cards>
<action no="3" player="Axkey" type="0" discard="1" dealt="1" sum="0"/>
<action no="4" player="troybomber" type="0" discard="1" dealt="1" sum="0"/>
</round>
</game>
<game gamecode="11538686744"><general><startdate>2025-06-28 10:54:45</startdate>
<round>1</round>
<failsafecounter/>
<players><player seat="10" name="Axkey" chips="500" dealer="0" win="248" bet="500" muck="1" rebuy="0" addon="0" merge="0" rebuychips="0" reg_code="8393576410"/>
<player seat="3" name="troybomber" chips="460" dealer="1" win="0" bet="119" muck="1" rebuy="0" addon="0" merge="0" rebuychips="0" reg_code="8393576106"/>
<player seat="6" name="oreiasccp" chips="540" dealer="0" win="0" bet="10" muck="1" rebuy="0" addon="0" merge="0" rebuychips="0" reg_code="8393576281"/>
</players>
</general>
<round no="0"><action no="1" player="oreiasccp" type="1" sum="10"/>
<action no="2" player="Axkey" type="2" discard="1" dealt="1" sum="20"/>
</round>
<round no="1"><cards type="Pocket" player="troybomber">X X</cards>
<cards type="Pocket" player="oreiasccp">S7 H9</cards>
<cards type="Pocket" player="Axkey">X X</cards>
<action no="3" player="troybomber" type="23" discard="1" dealt="1" sum="40"/>
<action no="4" player="oreiasccp" type="0" sum="0"/>
<action no="5" player="Axkey" type="3" discard="1" dealt="1" sum="20"/>
</round>
<round no="2"><cards type="Flop">DQ S5 C4</cards>
<action no="6" player="Axkey" type="4" discard="1" dealt="1" sum="0"/>
<action no="7" player="troybomber" type="5" discard="1" dealt="1" sum="23"/>
<action no="8" player="Axkey" type="23" discard="1" dealt="1" sum="79"/>
<action no="9" player="troybomber" type="3" discard="1" dealt="1" sum="56"/>
</round>
<round no="3"><cards type="Turn">S2</cards>
<action no="10" player="Axkey" type="5" discard="1" dealt="1" sum="381"/>
<action no="11" player="troybomber" type="0" discard="1" dealt="1" sum="0"/>
</round>
</game>
<game gamecode="11538686844"><general><startdate>2025-06-28 10:55:11</startdate>
<round>1</round>
<failsafecounter/>
<players><player seat="3" name="troybomber" chips="341" dealer="0" win="20" bet="20" muck="1" rebuy="0" addon="0" merge="0" rebuychips="0" reg_code="8393576106"/>
<player seat="6" name="oreiasccp" chips="530" dealer="1" win="0" bet="0" muck="1" rebuy="0" addon="0" merge="0" rebuychips="0" reg_code="8393576281"/>
<player seat="10" name="Axkey" chips="629" dealer="0" win="0" bet="10" muck="1" rebuy="0" addon="0" merge="0" rebuychips="0" reg_code="8393576410"/>
</players>
</general>
<round no="0"><action no="1" player="Axkey" type="1" discard="1" dealt="1" sum="10"/>
<action no="2" player="troybomber" type="2" discard="1" dealt="1" sum="20"/>
</round>
<round no="1"><cards type="Pocket" player="troybomber">X X</cards>
<cards type="Pocket" player="Axkey">X X</cards>
<cards type="Pocket" player="oreiasccp">D4 CK</cards>
<action no="3" player="oreiasccp" type="0" sum="0"/>
<action no="4" player="Axkey" type="0" discard="1" dealt="1" sum="0"/>
</round>
</game>
<game gamecode="11538686880"><general><startdate>2025-06-28 10:55:20</startdate>
<round>1</round>
<failsafecounter/>
<players><player seat="6" name="oreiasccp" chips="530" dealer="0" win="0" bet="20" muck="1" rebuy="0" addon="0" merge="0" rebuychips="0" reg_code="8393576281"/>
<player seat="10" name="Axkey" chips="619" dealer="1" win="50" bet="60" muck="1" rebuy="0" addon="0" merge="0" rebuychips="0" reg_code="8393576410"/>
<player seat="3" name="troybomber" chips="351" dealer="0" win="0" bet="10" muck="1" rebuy="0" addon="0" merge="0" rebuychips="0" reg_code="8393576106"/>
</players>
</general>
<round no="0"><action no="1" player="troybomber" type="1" discard="1" dealt="1" sum="10"/>
<action no="2" player="oreiasccp" type="2" sum="20"/>
</round>
<round no="1"><cards type="Pocket" player="troybomber">X X</cards>
<cards type="Pocket" player="oreiasccp">C4 H10</cards>
<cards type="Pocket" player="Axkey">X X</cards>
<action no="3" player="Axkey" type="23" discard="1" dealt="1" sum="60"/>
<action no="4" player="troybomber" type="0" discard="1" dealt="1" sum="0"/>
<action no="5" player="oreiasccp" type="0" sum="0"/>
</round>
</game>
<game gamecode="11538686919"><general><startdate>2025-06-28 10:55:31</startdate>
<round>1</round>
<failsafecounter/>
<players><player seat="10" name="Axkey" chips="649" dealer="0" win="0" bet="35" muck="1" rebuy="0" addon="0" merge="0" rebuychips="0" reg_code="8393576410"/>
<player seat="3" name="troybomber" chips="341" dealer="1" win="0" bet="341" muck="0" rebuy="0" addon="0" merge="0" rebuychips="0" reg_code="8393576106"/>
<player seat="6" name="oreiasccp" chips="510" dealer="0" win="717" bet="510" muck="0" rebuy="0" addon="0" merge="0" rebuychips="0" reg_code="8393576281"/>
</players>
</general>
<round no="0"><action no="1" player="oreiasccp" type="15" sum="5"/>
<action no="2" player="Axkey" type="15" discard="1" dealt="1" sum="5"/>
<action no="3" player="troybomber" type="15" discard="1" dealt="1" sum="5"/>
<action no="4" player="oreiasccp" type="1" sum="15"/>
<action no="5" player="Axkey" type="2" discard="1" dealt="1" sum="30"/>
</round>
<round no="1"><cards type="Pocket" player="troybomber">H8 H9</cards>
<cards type="Pocket" player="Axkey">X X</cards>
<cards type="Pocket" player="oreiasccp">S6 SA</cards>
<action no="6" player="troybomber" type="23" discard="1" dealt="1" sum="336"/>
<action no="7" player="oreiasccp" type="7" sum="490"/>
<action no="8" player="Axkey" type="0" discard="1" dealt="1" sum="0"/>
</round>
<round no="2"><cards type="Flop">D3 CQ C7</cards>
</round>
<round no="3"><cards type="Turn">D4</cards>
</round>
<round no="4"><cards type="River">H3</cards>
</round>
</game>
<game gamecode="11538686996"><general><startdate>2025-06-28 10:55:53</startdate>
<round>1</round>
<failsafecounter/>
<players><player seat="10" name="Axkey" chips="614" dealer="0" win="70" bet="614" muck="1" rebuy="0" addon="0" merge="0" rebuychips="0" reg_code="8393576410"/>
<player seat="6" name="oreiasccp" chips="886" dealer="1" win="0" bet="35" muck="1" rebuy="0" addon="0" merge="0" rebuychips="0" reg_code="8393576281"/>
</players>
</general>
<round no="0"><action no="1" player="oreiasccp" type="15" sum="5"/>
<action no="2" player="Axkey" type="15" discard="1" dealt="1" sum="5"/>
<action no="3" player="oreiasccp" type="1" sum="15"/>
<action no="4" player="Axkey" type="2" discard="1" dealt="1" sum="30"/>
</round>
<round no="1"><cards type="Pocket" player="oreiasccp">H10 H8</cards>
<cards type="Pocket" player="Axkey">X X</cards>
<action no="5" player="oreiasccp" type="3" sum="15"/>
<action no="6" player="Axkey" type="23" discard="1" dealt="1" sum="609"/>
<action no="7" player="oreiasccp" type="0" sum="0"/>
</round>
</game>
<game gamecode="11538687040"><general><startdate>2025-06-28 10:56:04</startdate>
<round>1</round>
<failsafecounter/>
<players><player seat="6" name="oreiasccp" chips="851" dealer="0" win="0" bet="649" muck="0" rebuy="0" addon="0" merge="0" rebuychips="0" reg_code="8393576281"/>
<player seat="10" name="Axkey" chips="649" dealer="1" win="1,298" bet="649" muck="0" rebuy="0" addon="0" merge="0" rebuychips="0" reg_code="8393576410"/>
</players>
</general>
<round no="0"><action no="1" player="Axkey" type="15" discard="1" dealt="1" sum="5"/>
<action no="2" player="oreiasccp" type="15" sum="5"/>
<action no="3" player="Axkey" type="1" discard="1" dealt="1" sum="15"/>
<action no="4" player="oreiasccp" type="2" sum="30"/>
</round>
<round no="1"><cards type="Pocket" player="oreiasccp">H5 DA</cards>
<cards type="Pocket" player="Axkey">CJ SQ</cards>
<action no="5" player="Axkey" type="23" discard="1" dealt="1" sum="60"/>
<action no="6" player="oreiasccp" type="23" sum="644"/>
<action no="7" player="Axkey" type="7" discard="1" dealt="1" sum="584"/>
</round>
<round no="2"><cards type="Flop">HQ D3 D5</cards>
</round>
<round no="3"><cards type="Turn">C6</cards>
</round>
<round no="4"><cards type="River">C10</cards>
</round>
</game>
<game gamecode="11538687110"><general><startdate>2025-06-28 10:56:22</startdate>
<round>1</round>
<failsafecounter/>
<players><player seat="10" name="Axkey" chips="1,298" dealer="0" win="70" bet="65" muck="1" rebuy="0" addon="0" merge="0" rebuychips="0" reg_code="8393576410"/>
<player seat="6" name="oreiasccp" chips="202" dealer="1" win="0" bet="35" muck="1" rebuy="0" addon="0" merge="0" rebuychips="0" reg_code="8393576281"/>
</players>
</general>
<round no="0"><action no="1" player="oreiasccp" type="15" sum="5"/>
<action no="2" player="Axkey" type="15" discard="1" dealt="1" sum="5"/>
<action no="3" player="oreiasccp" type="1" sum="15"/>
<action no="4" player="Axkey" type="2" discard="1" dealt="1" sum="30"/>
</round>
<round no="1"><cards type="Pocket" player="Axkey">X X</cards>
<cards type="Pocket" player="oreiasccp">S10 SK</cards>
<action no="5" player="oreiasccp" type="3" sum="15"/>
<action no="6" player="Axkey" type="4" discard="1" dealt="1" sum="0"/>
</round>
<round no="2"><cards type="Flop">D4 CJ D2</cards>
<action no="7" player="Axkey" type="5" discard="1" dealt="1" sum="30"/>
<action no="8" player="oreiasccp" type="0" sum="0"/>
</round>
</game>
<game gamecode="11538687167"><general><startdate>2025-06-28 10:56:36</startdate>
<round>1</round>
<failsafecounter/>
<players><player seat="6" name="oreiasccp" chips="167" dealer="0" win="0" bet="35" muck="1" rebuy="0" addon="0" merge="0" rebuychips="0" reg_code="8393576281"/>
<player seat="10" name="Axkey" chips="1,333" dealer="1" win="70" bet="65" muck="1" rebuy="0" addon="0" merge="0" rebuychips="0" reg_code="8393576410"/>
</players>
</general>
<round no="0"><action no="1" player="Axkey" type="15" discard="1" dealt="1" sum="5"/>
<action no="2" player="oreiasccp" type="15" sum="5"/>
<action no="3" player="Axkey" type="1" discard="1" dealt="1" sum="15"/>
<action no="4" player="oreiasccp" type="2" sum="30"/>
</round>
<round no="1"><cards type="Pocket" player="oreiasccp">D2 S9</cards>
<cards type="Pocket" player="Axkey">X X</cards>
<action no="5" player="Axkey" type="23" discard="1" dealt="1" sum="60"/>
<action no="6" player="oreiasccp" type="0" sum="0"/>
</round>
</game>
<game gamecode="11538687196"><general><startdate>2025-06-28 10:56:47</startdate>
<round>1</round>
<failsafecounter/>
<players><player seat="10" name="Axkey" chips="1,368" dealer="0" win="264" bet="132" muck="0" rebuy="0" addon="0" merge="0" rebuychips="0" reg_code="8393576410"/>
<player seat="6" name="oreiasccp" chips="132" dealer="1" win="0" bet="132" muck="0" rebuy="0" addon="0" merge="0" rebuychips="0" reg_code="8393576281"/>
</players>
</general>
<round no="0"><action no="1" player="oreiasccp" type="15" sum="5"/>
<action no="2" player="Axkey" type="15" discard="1" dealt="1" sum="5"/>
<action no="3" player="oreiasccp" type="1" sum="15"/>
<action no="4" player="Axkey" type="2" discard="1" dealt="1" sum="30"/>
</round>
<round no="1"><cards type="Pocket" player="oreiasccp">DK S3</cards>
<cards type="Pocket" player="Axkey">H10 SA</cards>
<action no="5" player="oreiasccp" type="23" sum="127"/>
<action no="6" player="Axkey" type="3" discard="1" dealt="1" sum="97"/>
</round>
<round no="2"><cards type="Flop">H3 C5 D4</cards>
</round>
<round no="3"><cards type="Turn">HA</cards>
</round>
<round no="4"><cards type="River">D6</cards>
</round>
</game>
</session>
