<?xml version="1.0" encoding="UTF-8"?>
<session sessioncode="8393601982">
<general>
<client_version>25.1.1.13</client_version>
<mode>real</mode>
<gametype>Holdem NL</gametype>
<tablename>Twister €5 SNG, 1128758902</tablename>
<tournamentcode>1128758901</tournamentcode>
<tournamentname>Twister €5 SNG</tournamentname>
<buyin>€0 + €0.35 + €4.65</buyin>
<totalbuyin>€5</totalbuyin>
<rewarddrawn>€10</rewarddrawn>
<tournamentcurrency>EUR</tournamentcurrency>
<currency>EUR</currency>
<nickname>oreiasccp</nickname>
<gamecount>5</gamecount>
<startdate>2025-06-28 11:59:18</startdate>
<place>2</place>
<win>€0</win>
<tablesize>3</tablesize>
</general>
<game gamecode="11538751097"><general><startdate>2025-06-28 11:59:33</startdate>
<round>1</round>
<failsafecounter/>
<players><player seat="10" name="oreiasccp" chips="500" dealer="0" win="0" bet="200" muck="1" rebuy="0" addon="0" merge="0" rebuychips="0" reg_code="8393601982"/>
<player seat="3" name="Deluxi" chips="500" dealer="1" win="410" bet="360" muck="1" rebuy="0" addon="0" merge="0" rebuychips="0" reg_code="8393601928"/>
<player seat="6" name="Professor190" chips="500" dealer="0" win="0" bet="10" muck="1" rebuy="0" addon="0" merge="0" rebuychips="0" reg_code="8393601967"/>
</players>
</general>
<round no="0"><action no="1" player="Professor190" type="1" discard="1" dealt="1" sum="10"/>
<action no="2" player="oreiasccp" type="2" sum="20"/>
</round>
<round no="1"><cards type="Pocket" player="Professor190">X X</cards>
<cards type="Pocket" player="oreiasccp">HA S4</cards>
<cards type="Pocket" player="Deluxi">X X</cards>
<action no="3" player="Deluxi" type="23" discard="1" dealt="1" sum="40"/>
<action no="4" player="Professor190" type="0" discard="1" dealt="1" sum="0"/>
<action no="5" player="oreiasccp" type="3" sum="20"/>
</round>
<round no="2"><cards type="Flop">C4 D5 CQ</cards>
<action no="6" player="oreiasccp" type="4" sum="0"/>
<action no="7" player="Deluxi" type="5" discard="1" dealt="1" sum="60"/>
<action no="8" player="oreiasccp" type="3" sum="60"/>
</round>
<round no="3"><cards type="Turn">SJ</cards>
<action no="9" player="oreiasccp" type="4" sum="0"/>
<action no="10" player="Deluxi" type="5" discard="1" dealt="1" sum="100"/>
<action no="11" player="oreiasccp" type="3" sum="100"/>
</round>
<round no="4"><cards type="River">C7</cards>
<action no="12" player="oreiasccp" type="4" sum="0"/>
<action no="13" player="Deluxi" type="5" discard="1" dealt="1" sum="160"/>
<action no="14" player="oreiasccp" type="0" sum="0"/>
</round>
</game>
<game gamecode="11538751233"><general><startdate>2025-06-28 12:00:05</startdate>
<round>1</round>
<failsafecounter/>
<players><player seat="3" name="Deluxi" chips="710" dealer="0" win="990" bet="710" muck="0" rebuy="0" addon="0" merge="0" rebuychips="0" reg_code="8393601928"/>
<player seat="6" name="Professor190" chips="490" dealer="1" win="0" bet="490" muck="1" rebuy="0" addon="0" merge="0" rebuychips="0" reg_code="8393601967"/>
<player seat="10" name="oreiasccp" chips="300" dealer="0" win="0" bet="10" muck="1" rebuy="0" addon="0" merge="0" rebuychips="0" reg_code="8393601982"/>
</players>
</general>
<round no="0"><action no="1" player="oreiasccp" type="1" sum="10"/>
<action no="2" player="Deluxi" type="2" discard="1" dealt="1" sum="20"/>
</round>
<round no="1"><cards type="Pocket" player="Deluxi">C9 CA</cards>
<cards type="Pocket" player="Professor190">CK SK</cards>
<cards type="Pocket" player="oreiasccp">S5 S4</cards>
<action no="3" player="Professor190" type="23" discard="1" dealt="1" sum="40"/>
<action no="4" player="oreiasccp" type="0" sum="0"/>
<action no="5" player="Deluxi" type="23" discard="1" dealt="1" sum="80"/>
<action no="6" player="Professor190" type="23" discard="1" dealt="1" sum="140"/>
<action no="7" player="Deluxi" type="3" discard="1" dealt="1" sum="60"/>
</round>
<round no="2"><cards type="Flop">H9 CQ S7</cards>
<action no="8" player="Deluxi" type="4" discard="1" dealt="1" sum="0"/>
<action no="9" player="Professor190" type="5" discard="1" dealt="1" sum="197"/>
<action no="10" player="Deluxi" type="23" discard="1" dealt="1" sum="570"/>
<action no="11" player="Professor190" type="7" discard="1" dealt="1" sum="153"/>
</round>
<round no="3"><cards type="Turn">D9</cards>
</round>
<round no="4"><cards type="River">S9</cards>
</round>
</game>
<game gamecode="11538751410"><general><startdate>2025-06-28 12:00:46</startdate>
<round>1</round>
<failsafecounter/>
<players><player seat="3" name="Deluxi" chips="1,210" dealer="0" win="20" bet="20" muck="1" rebuy="0" addon="0" merge="0" rebuychips="0" reg_code="8393601928"/>
<player seat="10" name="oreiasccp" chips="290" dealer="1" win="0" bet="10" muck="1" rebuy="0" addon="0" merge="0" rebuychips="0" reg_code="8393601982"/>
</players>
</general>
<round no="0"><action no="1" player="oreiasccp" type="1" sum="10"/>
<action no="2" player="Deluxi" type="2" discard="1" dealt="1" sum="20"/>
</round>
<round no="1"><cards type="Pocket" player="oreiasccp">D9 C4</cards>
<cards type="Pocket" player="Deluxi">X X</cards>
<action no="3" player="oreiasccp" type="0" sum="0"/>
</round>
</game>
<game gamecode="11538751436"><general><startdate>2025-06-28 12:00:54</startdate>
<round>1</round>
<failsafecounter/>
<players><player seat="10" name="oreiasccp" chips="280" dealer="0" win="0" bet="20" muck="1" rebuy="0" addon="0" merge="0" rebuychips="0" reg_code="8393601982"/>
<player seat="3" name="Deluxi" chips="1,220" dealer="1" win="40" bet="60" muck="1" rebuy="0" addon="0" merge="0" rebuychips="0" reg_code="8393601928"/>
</players>
</general>
<round no="0"><action no="1" player="Deluxi" type="1" discard="1" dealt="1" sum="10"/>
<action no="2" player="oreiasccp" type="2" sum="20"/>
</round>
<round no="1"><cards type="Pocket" player="oreiasccp">S9 D6</cards>
<cards type="Pocket" player="Deluxi">X X</cards>
<action no="3" player="Deluxi" type="23" discard="1" dealt="1" sum="60"/>
<action no="4" player="oreiasccp" type="0" sum="0"/>
</round>
</game>
<game gamecode="11538751473"><general><startdate>2025-06-28 12:01:01</startdate>
<round>1</round>
<failsafecounter/>
<players><player seat="3" name="Deluxi" chips="1,240" dealer="0" win="520" bet="260" muck="0" rebuy="0" addon="0" merge="0" rebuychips="0" reg_code="8393601928"/>
<player seat="10" name="oreiasccp" chips="260" dealer="1" win="0" bet="260" muck="0" rebuy="0" addon="0" merge="0" rebuychips="0" reg_code="8393601982"/>
</players>
</general>
<round no="0"><action no="1" player="oreiasccp" type="1" sum="10"/>
<action no="2" player="Deluxi" type="2" discard="1" dealt="1" sum="20"/>
</round>
<round no="1"><cards type="Pocket" player="Deluxi">DQ SQ</cards>
<cards type="Pocket" player="oreiasccp">DA S9</cards>
<action no="3" player="oreiasccp" type="23" sum="260"/>
<action no="4" player="Deluxi" type="3" discard="1" dealt="1" sum="240"/>
</round>
<round no="2"><cards type="Flop">SK H9 H5</cards>
</round>
<round no="3"><cards type="Turn">CK</cards>
</round>
<round no="4"><cards type="River">S2</cards>
</round>
</game>
</session>
