<?xml version="1.0" encoding="UTF-8"?>
<session sessioncode="8393525279">
<general>
<client_version>25.1.1.13</client_version>
<mode>real</mode>
<gametype>Holdem NL</gametype>
<tablename>Twister €5 SNG, 1128747568</tablename>
<tournamentcode>1128747567</tournamentcode>
<tournamentname>Twister €5 SNG</tournamentname>
<buyin>€0 + €0.35 + €4.65</buyin>
<totalbuyin>€5</totalbuyin>
<rewarddrawn>€15</rewarddrawn>
<tournamentcurrency>EUR</tournamentcurrency>
<currency>EUR</currency>
<nickname>oreiasccp</nickname>
<gamecount>19</gamecount>
<startdate>2025-06-28 08:06:29</startdate>
<place>1</place>
<win>€15</win>
<tablesize>3</tablesize>
</general>
<game gamecode="11538554545"><general><startdate>2025-06-28 08:06:44</startdate>
<round>1</round>
<failsafecounter/>
<players><player seat="6" name="6SP9" chips="500" dealer="0" win="0" bet="40" muck="1" rebuy="0" addon="0" merge="0" rebuychips="0" reg_code="8393525275"/>
<player seat="10" name="oreiasccp" chips="500" dealer="1" win="90" bet="60" muck="1" rebuy="0" addon="0" merge="0" rebuychips="0" reg_code="8393525279"/>
<player seat="3" name="Skyder19" chips="500" dealer="0" win="0" bet="10" muck="1" rebuy="0" addon="0" merge="0" rebuychips="0" reg_code="8393524989"/>
</players>
</general>
<round no="0"><action no="1" player="Skyder19" type="1" discard="1" dealt="1" sum="10"/>
<action no="2" player="6SP9" type="2" discard="1" dealt="1" sum="20"/>
</round>
<round no="1"><cards type="Pocket" player="oreiasccp">HA H4</cards>
<cards type="Pocket" player="Skyder19">X X</cards>
<cards type="Pocket" player="6SP9">X X</cards>
<action no="3" player="oreiasccp" type="23" sum="40"/>
<action no="4" player="Skyder19" type="0" discard="1" dealt="1" sum="0"/>
<action no="5" player="6SP9" type="3" discard="1" dealt="1" sum="20"/>
</round>
<round no="2"><cards type="Flop">H10 SJ D5</cards>
<action no="6" player="6SP9" type="4" discard="1" dealt="1" sum="0"/>
<action no="7" player="oreiasccp" type="5" sum="20"/>
<action no="8" player="6SP9" type="0" discard="1" dealt="1" sum="0"/>
</round>
</game>
<game gamecode="11538554638"><general><startdate>2025-06-28 08:07:17</startdate>
<round>1</round>
<failsafecounter/>
<players><player seat="10" name="oreiasccp" chips="550" dealer="0" win="0" bet="187" muck="1" rebuy="0" addon="0" merge="0" rebuychips="0" reg_code="8393525279"/>
<player seat="3" name="Skyder19" chips="490" dealer="1" win="0" bet="0" muck="1" rebuy="0" addon="0" merge="0" rebuychips="0" reg_code="8393524989"/>
<player seat="6" name="6SP9" chips="460" dealer="0" win="374" bet="460" muck="1" rebuy="0" addon="0" merge="0" rebuychips="0" reg_code="8393525275"/>
</players>
</general>
<round no="0"><action no="1" player="6SP9" type="1" discard="1" dealt="1" sum="10"/>
<action no="2" player="oreiasccp" type="2" sum="20"/>
</round>
<round no="1"><cards type="Pocket" player="6SP9">X X</cards>
<cards type="Pocket" player="Skyder19">X X</cards>
<cards type="Pocket" player="oreiasccp">HJ DK</cards>
<action no="3" player="Skyder19" type="0" discard="1" dealt="1" sum="0"/>
<action no="4" player="6SP9" type="23" discard="1" dealt="1" sum="50"/>
<action no="5" player="oreiasccp" type="3" sum="30"/>
</round>
<round no="2"><cards type="Flop">C4 SQ D7</cards>
<action no="6" player="6SP9" type="5" discard="1" dealt="1" sum="25"/>
<action no="7" player="oreiasccp" type="3" sum="25"/>
</round>
<round no="3"><cards type="Turn">CA</cards>
<action no="8" player="6SP9" type="5" discard="1" dealt="1" sum="112"/>
<action no="9" player="oreiasccp" type="3" sum="112"/>
</round>
<round no="4"><cards type="River">CJ</cards>
<action no="10" player="6SP9" type="5" discard="1" dealt="1" sum="273"/>
<action no="11" player="oreiasccp" type="0" sum="0"/>
</round>
</game>
<game gamecode="11538554751"><general><startdate>2025-06-28 08:07:55</startdate>
<round>1</round>
<failsafecounter/>
<players><player seat="3" name="Skyder19" chips="490" dealer="0" win="20" bet="20" muck="1" rebuy="0" addon="0" merge="0" rebuychips="0" reg_code="8393524989"/>
<player seat="6" name="6SP9" chips="647" dealer="1" win="0" bet="0" muck="1" rebuy="0" addon="0" merge="0" rebuychips="0" reg_code="8393525275"/>
<player seat="10" name="oreiasccp" chips="363" dealer="0" win="0" bet="10" muck="1" rebuy="0" addon="0" merge="0" rebuychips="0" reg_code="8393525279"/>
</players>
</general>
<round no="0"><action no="1" player="oreiasccp" type="1" sum="10"/>
<action no="2" player="Skyder19" type="2" discard="1" dealt="1" sum="20"/>
</round>
<round no="1"><cards type="Pocket" player="oreiasccp">C2 S7</cards>
<cards type="Pocket" player="Skyder19">X X</cards>
<cards type="Pocket" player="6SP9">X X</cards>
<action no="3" player="6SP9" type="0" discard="1" dealt="1" sum="0"/>
<action no="4" player="oreiasccp" type="0" sum="0"/>
</round>
</game>
<game gamecode="11538554779"><general><startdate>2025-06-28 08:08:02</startdate>
<round>1</round>
<failsafecounter/>
<players><player seat="6" name="6SP9" chips="647" dealer="0" win="0" bet="96" muck="1" rebuy="0" addon="0" merge="0" rebuychips="0" reg_code="8393525275"/>
<player seat="10" name="oreiasccp" chips="353" dealer="1" win="0" bet="0" muck="1" rebuy="0" addon="0" merge="0" rebuychips="0" reg_code="8393525279"/>
<player seat="3" name="Skyder19" chips="500" dealer="0" win="192" bet="192" muck="1" rebuy="0" addon="0" merge="0" rebuychips="0" reg_code="8393524989"/>
</players>
</general>
<round no="0"><action no="1" player="Skyder19" type="1" discard="1" dealt="1" sum="10"/>
<action no="2" player="6SP9" type="2" discard="1" dealt="1" sum="20"/>
</round>
<round no="1"><cards type="Pocket" player="oreiasccp">H6 SK</cards>
<cards type="Pocket" player="Skyder19">X X</cards>
<cards type="Pocket" player="6SP9">X X</cards>
<action no="3" player="oreiasccp" type="0" sum="0"/>
<action no="4" player="Skyder19" type="23" discard="1" dealt="1" sum="60"/>
<action no="5" player="6SP9" type="3" discard="1" dealt="1" sum="40"/>
</round>
<round no="2"><cards type="Flop">D3 S8 D4</cards>
<action no="6" player="Skyder19" type="5" discard="1" dealt="1" sum="36"/>
<action no="7" player="6SP9" type="3" discard="1" dealt="1" sum="36"/>
</round>
<round no="3"><cards type="Turn">S10</cards>
<action no="8" player="Skyder19" type="5" discard="1" dealt="1" sum="96"/>
<action no="9" player="6SP9" type="0" discard="1" dealt="1" sum="0"/>
</round>
</game>
<game gamecode="11538554895"><general><startdate>2025-06-28 08:08:43</startdate>
<round>1</round>
<failsafecounter/>
<players><player seat="10" name="oreiasccp" chips="353" dealer="0" win="45" bet="35" muck="1" rebuy="0" addon="0" merge="0" rebuychips="0" reg_code="8393525279"/>
<player seat="3" name="Skyder19" chips="596" dealer="1" win="0" bet="5" muck="1" rebuy="0" addon="0" merge="0" rebuychips="0" reg_code="8393524989"/>
<player seat="6" name="6SP9" chips="551" dealer="0" win="0" bet="20" muck="1" rebuy="0" addon="0" merge="0" rebuychips="0" reg_code="8393525275"/>
</players>
</general>
<round no="0"><action no="1" player="6SP9" type="15" discard="1" dealt="1" sum="5"/>
<action no="2" player="oreiasccp" type="15" sum="5"/>
<action no="3" player="Skyder19" type="15" discard="1" dealt="1" sum="5"/>
<action no="4" player="6SP9" type="1" discard="1" dealt="1" sum="15"/>
<action no="5" player="oreiasccp" type="2" sum="30"/>
</round>
<round no="1"><cards type="Pocket" player="oreiasccp">S7 SQ</cards>
<cards type="Pocket" player="6SP9">X X</cards>
<cards type="Pocket" player="Skyder19">X X</cards>
<action no="6" player="Skyder19" type="0" discard="1" dealt="1" sum="0"/>
<action no="7" player="6SP9" type="0" discard="1" dealt="1" sum="0"/>
</round>
</game>
<game gamecode="11538554934"><general><startdate>2025-06-28 08:08:56</startdate>
<round>1</round>
<failsafecounter/>
<players><player seat="3" name="Skyder19" chips="591" dealer="0" win="0" bet="35" muck="1" rebuy="0" addon="0" merge="0" rebuychips="0" reg_code="8393524989"/>
<player seat="6" name="6SP9" chips="531" dealer="1" win="90" bet="531" muck="1" rebuy="0" addon="0" merge="0" rebuychips="0" reg_code="8393525275"/>
<player seat="10" name="oreiasccp" chips="378" dealer="0" win="0" bet="20" muck="1" rebuy="0" addon="0" merge="0" rebuychips="0" reg_code="8393525279"/>
</players>
</general>
<round no="0"><action no="1" player="oreiasccp" type="15" sum="5"/>
<action no="2" player="Skyder19" type="15" discard="1" dealt="1" sum="5"/>
<action no="3" player="6SP9" type="15" discard="1" dealt="1" sum="5"/>
<action no="4" player="oreiasccp" type="1" sum="15"/>
<action no="5" player="Skyder19" type="2" discard="1" dealt="1" sum="30"/>
</round>
<round no="1"><cards type="Pocket" player="6SP9">X X</cards>
<cards type="Pocket" player="oreiasccp">H4 S3</cards>
<cards type="Pocket" player="Skyder19">X X</cards>
<action no="6" player="6SP9" type="23" discard="1" dealt="1" sum="526"/>
<action no="7" player="oreiasccp" type="0" sum="0"/>
<action no="8" player="Skyder19" type="0" discard="1" dealt="1" sum="0"/>
</round>
</game>
<game gamecode="11538554971"><general><startdate>2025-06-28 08:09:07</startdate>
<round>1</round>
<failsafecounter/>
<players><player seat="6" name="6SP9" chips="586" dealer="0" win="0" bet="35" muck="1" rebuy="0" addon="0" merge="0" rebuychips="0" reg_code="8393525275"/>
<player seat="10" name="oreiasccp" chips="358" dealer="1" win="90" bet="358" muck="1" rebuy="0" addon="0" merge="0" rebuychips="0" reg_code="8393525279"/>
<player seat="3" name="Skyder19" chips="556" dealer="0" win="0" bet="20" muck="1" rebuy="0" addon="0" merge="0" rebuychips="0" reg_code="8393524989"/>
</players>
</general>
<round no="0"><action no="1" player="Skyder19" type="15" discard="1" dealt="1" sum="5"/>
<action no="2" player="6SP9" type="15" discard="1" dealt="1" sum="5"/>
<action no="3" player="oreiasccp" type="15" sum="5"/>
<action no="4" player="Skyder19" type="1" discard="1" dealt="1" sum="15"/>
<action no="5" player="6SP9" type="2" discard="1" dealt="1" sum="30"/>
</round>
<round no="1"><cards type="Pocket" player="Skyder19">X X</cards>
<cards type="Pocket" player="6SP9">X X</cards>
<cards type="Pocket" player="oreiasccp">H9 DA</cards>
<action no="6" player="oreiasccp" type="23" sum="353"/>
<action no="7" player="Skyder19" type="0" discard="1" dealt="1" sum="0"/>
<action no="8" player="6SP9" type="0" discard="1" dealt="1" sum="0"/>
</round>
</game>
<game gamecode="11538555006"><general><startdate>2025-06-28 08:09:19</startdate>
<round>1</round>
<failsafecounter/>
<players><player seat="10" name="oreiasccp" chips="413" dealer="0" win="831" bet="413" muck="0" rebuy="0" addon="0" merge="0" rebuychips="0" reg_code="8393525279"/>
<player seat="3" name="Skyder19" chips="536" dealer="1" win="0" bet="5" muck="1" rebuy="0" addon="0" merge="0" rebuychips="0" reg_code="8393524989"/>
<player seat="6" name="6SP9" chips="551" dealer="0" win="0" bet="551" muck="1" rebuy="0" addon="0" merge="0" rebuychips="0" reg_code="8393525275"/>
</players>
</general>
<round no="0"><action no="1" player="6SP9" type="15" discard="1" dealt="1" sum="5"/>
<action no="2" player="oreiasccp" type="15" sum="5"/>
<action no="3" player="Skyder19" type="15" discard="1" dealt="1" sum="5"/>
<action no="4" player="6SP9" type="1" discard="1" dealt="1" sum="15"/>
<action no="5" player="oreiasccp" type="2" sum="30"/>
</round>
<round no="1"><cards type="Pocket" player="6SP9">S5 HA</cards>
<cards type="Pocket" player="Skyder19">X X</cards>
<cards type="Pocket" player="oreiasccp">DK CQ</cards>
<action no="6" player="Skyder19" type="0" discard="1" dealt="1" sum="0"/>
<action no="7" player="6SP9" type="23" discard="1" dealt="1" sum="546"/>
<action no="8" player="oreiasccp" type="7" sum="378"/>
</round>
<round no="2"><cards type="Flop">DQ D6 CJ</cards>
</round>
<round no="3"><cards type="Turn">C6</cards>
</round>
<round no="4"><cards type="River">D7</cards>
</round>
</game>
<game gamecode="11538555062"><general><startdate>2025-06-28 08:09:39</startdate>
<round>1</round>
<failsafecounter/>
<players><player seat="3" name="Skyder19" chips="531" dealer="0" win="135" bet="531" muck="1" rebuy="0" addon="0" merge="0" rebuychips="0" reg_code="8393524989"/>
<player seat="6" name="6SP9" chips="138" dealer="1" win="0" bet="5" muck="1" rebuy="0" addon="0" merge="0" rebuychips="0" reg_code="8393525275"/>
<player seat="10" name="oreiasccp" chips="831" dealer="0" win="0" bet="65" muck="1" rebuy="0" addon="0" merge="0" rebuychips="0" reg_code="8393525279"/>
</players>
</general>
<round no="0"><action no="1" player="oreiasccp" type="15" sum="5"/>
<action no="2" player="Skyder19" type="15" discard="1" dealt="1" sum="5"/>
<action no="3" player="6SP9" type="15" discard="1" dealt="1" sum="5"/>
<action no="4" player="oreiasccp" type="1" sum="15"/>
<action no="5" player="Skyder19" type="2" discard="1" dealt="1" sum="30"/>
</round>
<round no="1"><cards type="Pocket" player="oreiasccp">S8 H6</cards>
<cards type="Pocket" player="6SP9">X X</cards>
<cards type="Pocket" player="Skyder19">X X</cards>
<action no="6" player="6SP9" type="0" discard="1" dealt="1" sum="0"/>
<action no="7" player="oreiasccp" type="23" sum="60"/>
<action no="8" player="Skyder19" type="23" discard="1" dealt="1" sum="526"/>
<action no="9" player="oreiasccp" type="0" sum="0"/>
</round>
</game>
<game gamecode="11538555113"><general><startdate>2025-06-28 08:09:53</startdate>
<round>1</round>
<failsafecounter/>
<players><player seat="6" name="6SP9" chips="133" dealer="0" win="271" bet="133" muck="0" rebuy="0" addon="0" merge="0" rebuychips="0" reg_code="8393525275"/>
<player seat="10" name="oreiasccp" chips="766" dealer="1" win="0" bet="5" muck="1" rebuy="0" addon="0" merge="0" rebuychips="0" reg_code="8393525279"/>
<player seat="3" name="Skyder19" chips="601" dealer="0" win="0" bet="601" muck="0" rebuy="0" addon="0" merge="0" rebuychips="0" reg_code="8393524989"/>
</players>
</general>
<round no="0"><action no="1" player="Skyder19" type="15" discard="1" dealt="1" sum="5"/>
<action no="2" player="6SP9" type="15" discard="1" dealt="1" sum="5"/>
<action no="3" player="oreiasccp" type="15" sum="5"/>
<action no="4" player="Skyder19" type="1" discard="1" dealt="1" sum="15"/>
<action no="5" player="6SP9" type="2" discard="1" dealt="1" sum="30"/>
</round>
<round no="1"><cards type="Pocket" player="6SP9">H10 D10</cards>
<cards type="Pocket" player="oreiasccp">H6 D8</cards>
<cards type="Pocket" player="Skyder19">S10 S6</cards>
<action no="6" player="oreiasccp" type="0" sum="0"/>
<action no="7" player="Skyder19" type="23" discard="1" dealt="1" sum="596"/>
<action no="8" player="6SP9" type="7" discard="1" dealt="1" sum="98"/>
</round>
<round no="2"><cards type="Flop">CK S5 S2</cards>
</round>
<round no="3"><cards type="Turn">HJ</cards>
</round>
<round no="4"><cards type="River">DQ</cards>
</round>
</game>
<game gamecode="11538555179"><general><startdate>2025-06-28 08:10:15</startdate>
<round>1</round>
<failsafecounter/>
<players><player seat="10" name="oreiasccp" chips="761" dealer="0" win="45" bet="35" muck="1" rebuy="0" addon="0" merge="0" rebuychips="0" reg_code="8393525279"/>
<player seat="3" name="Skyder19" chips="468" dealer="1" win="0" bet="5" muck="1" rebuy="0" addon="0" merge="0" rebuychips="0" reg_code="8393524989"/>
<player seat="6" name="6SP9" chips="271" dealer="0" win="0" bet="20" muck="1" rebuy="0" addon="0" merge="0" rebuychips="0" reg_code="8393525275"/>
</players>
</general>
<round no="0"><action no="1" player="6SP9" type="15" discard="1" dealt="1" sum="5"/>
<action no="2" player="oreiasccp" type="15" sum="5"/>
<action no="3" player="Skyder19" type="15" discard="1" dealt="1" sum="5"/>
<action no="4" player="6SP9" type="1" discard="1" dealt="1" sum="15"/>
<action no="5" player="oreiasccp" type="2" sum="30"/>
</round>
<round no="1"><cards type="Pocket" player="oreiasccp">CK SK</cards>
<cards type="Pocket" player="6SP9">X X</cards>
<cards type="Pocket" player="Skyder19">X X</cards>
<action no="6" player="Skyder19" type="0" discard="1" dealt="1" sum="0"/>
<action no="7" player="6SP9" type="0" discard="1" dealt="1" sum="0"/>
</round>
</game>
<game gamecode="11538555204"><general><startdate>2025-06-28 08:10:23</startdate>
<round>1</round>
<failsafecounter/>
<players><player seat="3" name="Skyder19" chips="463" dealer="0" win="0" bet="219" muck="1" rebuy="0" addon="0" merge="0" rebuychips="0" reg_code="8393524989"/>
<player seat="6" name="6SP9" chips="251" dealer="1" win="0" bet="5" muck="1" rebuy="0" addon="0" merge="0" rebuychips="0" reg_code="8393525275"/>
<player seat="10" name="oreiasccp" chips="786" dealer="0" win="443" bet="463" muck="1" rebuy="0" addon="0" merge="0" rebuychips="0" reg_code="8393525279"/>
</players>
</general>
<round no="0"><action no="1" player="oreiasccp" type="15" sum="5"/>
<action no="2" player="Skyder19" type="15" discard="1" dealt="1" sum="5"/>
<action no="3" player="6SP9" type="15" discard="1" dealt="1" sum="5"/>
<action no="4" player="oreiasccp" type="1" sum="15"/>
<action no="5" player="Skyder19" type="2" discard="1" dealt="1" sum="30"/>
</round>
<round no="1"><cards type="Pocket" player="Skyder19">X X</cards>
<cards type="Pocket" player="6SP9">X X</cards>
<cards type="Pocket" player="oreiasccp">DK HK</cards>
<action no="6" player="6SP9" type="0" discard="1" dealt="1" sum="0"/>
<action no="7" player="oreiasccp" type="23" sum="60"/>
<action no="8" player="Skyder19" type="3" discard="1" dealt="1" sum="30"/>
</round>
<round no="2"><cards type="Flop">D10 S6 DQ</cards>
<action no="9" player="oreiasccp" type="5" sum="34"/>
<action no="10" player="Skyder19" type="3" discard="1" dealt="1" sum="34"/>
</round>
<round no="3"><cards type="Turn">H5</cards>
<action no="11" player="oreiasccp" type="5" sum="120"/>
<action no="12" player="Skyder19" type="3" discard="1" dealt="1" sum="120"/>
</round>
<round no="4"><cards type="River">SK</cards>
<action no="13" player="oreiasccp" type="5" sum="244"/>
<action no="14" player="Skyder19" type="0" discard="1" dealt="1" sum="0"/>
</round>
</game>
<game gamecode="11538555375"><general><startdate>2025-06-28 08:11:15</startdate>
<round>1</round>
<failsafecounter/>
<players><player seat="6" name="6SP9" chips="246" dealer="0" win="0" bet="45" muck="1" rebuy="0" addon="0" merge="0" rebuychips="0" reg_code="8393525275"/>
<player seat="10" name="oreiasccp" chips="1,010" dealer="1" win="0" bet="5" muck="1" rebuy="0" addon="0" merge="0" rebuychips="0" reg_code="8393525279"/>
<player seat="3" name="Skyder19" chips="244" dealer="0" win="95" bet="244" muck="1" rebuy="0" addon="0" merge="0" rebuychips="0" reg_code="8393524989"/>
</players>
</general>
<round no="0"><action no="1" player="Skyder19" type="15" discard="1" dealt="1" sum="5"/>
<action no="2" player="6SP9" type="15" discard="1" dealt="1" sum="5"/>
<action no="3" player="oreiasccp" type="15" sum="5"/>
<action no="4" player="Skyder19" type="1" discard="1" dealt="1" sum="20"/>
<action no="5" player="6SP9" type="2" discard="1" dealt="1" sum="40"/>
</round>
<round no="1"><cards type="Pocket" player="oreiasccp">D7 S2</cards>
<cards type="Pocket" player="Skyder19">X X</cards>
<cards type="Pocket" player="6SP9">X X</cards>
<action no="6" player="oreiasccp" type="0" sum="0"/>
<action no="7" player="Skyder19" type="23" discard="1" dealt="1" sum="239"/>
<action no="8" player="6SP9" type="0" discard="1" dealt="1" sum="0"/>
</round>
</game>
<game gamecode="11538555429"><general><startdate>2025-06-28 08:11:33</startdate>
<round>1</round>
<failsafecounter/>
<players><player seat="10" name="oreiasccp" chips="1,005" dealer="0" win="0" bet="45" muck="1" rebuy="0" addon="0" merge="0" rebuychips="0" reg_code="8393525279"/>
<player seat="3" name="Skyder19" chips="294" dealer="1" win="0" bet="5" muck="1" rebuy="0" addon="0" merge="0" rebuychips="0" reg_code="8393524989"/>
<player seat="6" name="6SP9" chips="201" dealer="0" win="95" bet="201" muck="1" rebuy="0" addon="0" merge="0" rebuychips="0" reg_code="8393525275"/>
</players>
</general>
<round no="0"><action no="1" player="6SP9" type="15" discard="1" dealt="1" sum="5"/>
<action no="2" player="oreiasccp" type="15" sum="5"/>
<action no="3" player="Skyder19" type="15" discard="1" dealt="1" sum="5"/>
<action no="4" player="6SP9" type="1" discard="1" dealt="1" sum="20"/>
<action no="5" player="oreiasccp" type="2" sum="40"/>
</round>
<round no="1"><cards type="Pocket" player="oreiasccp">C2 S8</cards>
<cards type="Pocket" player="Skyder19">X X</cards>
<cards type="Pocket" player="6SP9">X X</cards>
<action no="6" player="Skyder19" type="0" discard="1" dealt="1" sum="0"/>
<action no="7" player="6SP9" type="23" discard="1" dealt="1" sum="196"/>
<action no="8" player="oreiasccp" type="0" sum="0"/>
</round>
</game>
<game gamecode="11538555464"><general><startdate>2025-06-28 08:11:43</startdate>
<round>1</round>
<failsafecounter/>
<players><player seat="3" name="Skyder19" chips="289" dealer="0" win="527" bet="251" muck="0" rebuy="0" addon="0" merge="0" rebuychips="0" reg_code="8393524989"/>
<player seat="6" name="6SP9" chips="251" dealer="1" win="0" bet="251" muck="0" rebuy="0" addon="0" merge="0" rebuychips="0" reg_code="8393525275"/>
<player seat="10" name="oreiasccp" chips="960" dealer="0" win="0" bet="25" muck="1" rebuy="0" addon="0" merge="0" rebuychips="0" reg_code="8393525279"/>
</players>
</general>
<round no="0"><action no="1" player="oreiasccp" type="15" sum="5"/>
<action no="2" player="Skyder19" type="15" discard="1" dealt="1" sum="5"/>
<action no="3" player="6SP9" type="15" discard="1" dealt="1" sum="5"/>
<action no="4" player="oreiasccp" type="1" sum="20"/>
<action no="5" player="Skyder19" type="2" discard="1" dealt="1" sum="40"/>
</round>
<round no="1"><cards type="Pocket" player="oreiasccp">C8 C4</cards>
<cards type="Pocket" player="6SP9">H3 DA</cards>
<cards type="Pocket" player="Skyder19">DJ D9</cards>
<action no="6" player="6SP9" type="23" discard="1" dealt="1" sum="246"/>
<action no="7" player="oreiasccp" type="0" sum="0"/>
<action no="8" player="Skyder19" type="3" discard="1" dealt="1" sum="206"/>
</round>
<round no="2"><cards type="Flop">CJ CQ H8</cards>
</round>
<round no="3"><cards type="Turn">HQ</cards>
</round>
<round no="4"><cards type="River">H9</cards>
</round>
</game>
<game gamecode="11538555533"><general><startdate>2025-06-28 08:12:04</startdate>
<round>1</round>
<failsafecounter/>
<players><player seat="3" name="Skyder19" chips="565" dealer="0" win="50" bet="45" muck="1" rebuy="0" addon="0" merge="0" rebuychips="0" reg_code="8393524989"/>
<player seat="10" name="oreiasccp" chips="935" dealer="1" win="0" bet="25" muck="1" rebuy="0" addon="0" merge="0" rebuychips="0" reg_code="8393525279"/>
</players>
</general>
<round no="0"><action no="1" player="oreiasccp" type="15" sum="5"/>
<action no="2" player="Skyder19" type="15" discard="1" dealt="1" sum="5"/>
<action no="3" player="oreiasccp" type="1" sum="20"/>
<action no="4" player="Skyder19" type="2" discard="1" dealt="1" sum="40"/>
</round>
<round no="1"><cards type="Pocket" player="oreiasccp">H3 S8</cards>
<cards type="Pocket" player="Skyder19">X X</cards>
<action no="5" player="oreiasccp" type="0" sum="0"/>
</round>
</game>
<game gamecode="11538555552"><general><startdate>2025-06-28 08:12:10</startdate>
<round>1</round>
<failsafecounter/>
<players><player seat="10" name="oreiasccp" chips="910" dealer="0" win="0" bet="45" muck="1" rebuy="0" addon="0" merge="0" rebuychips="0" reg_code="8393525279"/>
<player seat="3" name="Skyder19" chips="590" dealer="1" win="90" bet="90" muck="1" rebuy="0" addon="0" merge="0" rebuychips="0" reg_code="8393524989"/>
</players>
</general>
<round no="0"><action no="1" player="Skyder19" type="15" discard="1" dealt="1" sum="5"/>
<action no="2" player="oreiasccp" type="15" sum="5"/>
<action no="3" player="Skyder19" type="1" discard="1" dealt="1" sum="20"/>
<action no="4" player="oreiasccp" type="2" sum="40"/>
</round>
<round no="1"><cards type="Pocket" player="oreiasccp">H2 S3</cards>
<cards type="Pocket" player="Skyder19">X X</cards>
<action no="5" player="Skyder19" type="3" discard="1" dealt="1" sum="20"/>
<action no="6" player="oreiasccp" type="4" sum="0"/>
</round>
<round no="2"><cards type="Flop">D6 D4 D8</cards>
<action no="7" player="oreiasccp" type="4" sum="0"/>
<action no="8" player="Skyder19" type="5" discard="1" dealt="1" sum="45"/>
<action no="9" player="oreiasccp" type="0" sum="0"/>
</round>
</game>
<game gamecode="11538555649"><general><startdate>2025-06-28 08:12:41</startdate>
<round>1</round>
<failsafecounter/>
<players><player seat="3" name="Skyder19" chips="635" dealer="0" win="90" bet="125" muck="1" rebuy="0" addon="0" merge="0" rebuychips="0" reg_code="8393524989"/>
<player seat="10" name="oreiasccp" chips="865" dealer="1" win="0" bet="45" muck="1" rebuy="0" addon="0" merge="0" rebuychips="0" reg_code="8393525279"/>
</players>
</general>
<round no="0"><action no="1" player="oreiasccp" type="15" sum="5"/>
<action no="2" player="Skyder19" type="15" discard="1" dealt="1" sum="5"/>
<action no="3" player="oreiasccp" type="1" sum="20"/>
<action no="4" player="Skyder19" type="2" discard="1" dealt="1" sum="40"/>
</round>
<round no="1"><cards type="Pocket" player="Skyder19">X X</cards>
<cards type="Pocket" player="oreiasccp">S10 H5</cards>
<action no="5" player="oreiasccp" type="3" sum="20"/>
<action no="6" player="Skyder19" type="23" discard="1" dealt="1" sum="120"/>
<action no="7" player="oreiasccp" type="0" sum="0"/>
</round>
</game>
<game gamecode="11538558941"><general><startdate>2025-06-28 08:12:53</startdate>
<round>1</round>
<failsafecounter/>
<players><player seat="10" name="oreiasccp" chips="820" dealer="0" win="1,360" bet="680" muck="0" rebuy="0" addon="0" merge="0" rebuychips="0" reg_code="8393525279"/>
<player seat="3" name="Skyder19" chips="680" dealer="1" win="0" bet="680" muck="0" rebuy="0" addon="0" merge="0" rebuychips="0" reg_code="8393524989"/>
</players>
</general>
<round no="0"><action no="1" player="Skyder19" type="15" discard="1" dealt="1" sum="5"/>
<action no="2" player="oreiasccp" type="15" sum="5"/>
<action no="3" player="Skyder19" type="1" discard="1" dealt="1" sum="30"/>
<action no="4" player="oreiasccp" type="2" sum="60"/>
</round>
<round no="1"><cards type="Pocket" player="oreiasccp">H6 S7</cards>
<cards type="Pocket" player="Skyder19">H5 D8</cards>
<action no="5" player="Skyder19" type="3" discard="1" dealt="1" sum="30"/>
<action no="6" player="oreiasccp" type="4" sum="0"/>
</round>
<round no="2"><cards type="Flop">D7 S6 HK</cards>
<action no="7" player="oreiasccp" type="4" sum="0"/>
<action no="8" player="Skyder19" type="5" discard="1" dealt="1" sum="65"/>
<action no="9" player="oreiasccp" type="23" sum="190"/>
<action no="10" player="Skyder19" type="23" discard="1" dealt="1" sum="615"/>
<action no="11" player="oreiasccp" type="3" sum="425"/>
</round>
<round no="3"><cards type="Turn">HQ</cards>
</round>
<round no="4"><cards type="River">SK</cards>
</round>
</game>
</session>
