<?xml version="1.0" encoding="UTF-8"?>
<session sessioncode="8393581072">
<general>
<client_version>25.1.1.13</client_version>
<mode>real</mode>
<gametype>Holdem NL</gametype>
<tablename>Twister €5 SNG, 1128755894</tablename>
<tournamentcode>1128755893</tournamentcode>
<tournamentname>Twister €5 SNG</tournamentname>
<buyin>€0 + €0.35 + €4.65</buyin>
<totalbuyin>€5</totalbuyin>
<rewarddrawn>€10</rewarddrawn>
<tournamentcurrency>EUR</tournamentcurrency>
<currency>EUR</currency>
<nickname>oreiasccp</nickname>
<gamecount>9</gamecount>
<startdate>2025-06-28 11:06:36</startdate>
<place>3</place>
<win>€0</win>
<tablesize>3</tablesize>
</general>
<game gamecode="11538701245"><general><startdate>2025-06-28 11:06:51</startdate>
<round>1</round>
<failsafecounter/>
<players><player seat="6" name="oreiasccp" chips="500" dealer="0" win="100" bet="500" muck="1" rebuy="0" addon="0" merge="0" rebuychips="0" reg_code="8393581072"/>
<player seat="10" name="Roshel7" chips="500" dealer="1" win="0" bet="0" muck="1" rebuy="0" addon="0" merge="0" rebuychips="0" reg_code="8393581087"/>
<player seat="3" name="6SP9" chips="500" dealer="0" win="0" bet="50" muck="1" rebuy="0" addon="0" merge="0" rebuychips="0" reg_code="8393581064"/>
</players>
</general>
<round no="0"><action no="1" player="6SP9" type="1" discard="1" dealt="1" sum="10"/>
<action no="2" player="oreiasccp" type="2" sum="20"/>
</round>
<round no="1"><cards type="Pocket" player="6SP9">X X</cards>
<cards type="Pocket" player="Roshel7">X X</cards>
<cards type="Pocket" player="oreiasccp">HQ SA</cards>
<action no="3" player="Roshel7" type="0" discard="1" dealt="1" sum="0"/>
<action no="4" player="6SP9" type="23" discard="1" dealt="1" sum="50"/>
<action no="5" player="oreiasccp" type="23" sum="500"/>
<action no="6" player="6SP9" type="0" discard="1" dealt="1" sum="0"/>
</round>
</game>
<game gamecode="11538701344"><general><startdate>2025-06-28 11:07:20</startdate>
<round>1</round>
<failsafecounter/>
<players><player seat="10" name="Roshel7" chips="500" dealer="0" win="0" bet="40" muck="1" rebuy="0" addon="0" merge="0" rebuychips="0" reg_code="8393581087"/>
<player seat="3" name="6SP9" chips="450" dealer="1" win="90" bet="62" muck="1" rebuy="0" addon="0" merge="0" rebuychips="0" reg_code="8393581064"/>
<player seat="6" name="oreiasccp" chips="550" dealer="0" win="0" bet="10" muck="1" rebuy="0" addon="0" merge="0" rebuychips="0" reg_code="8393581072"/>
</players>
</general>
<round no="0"><action no="1" player="oreiasccp" type="1" sum="10"/>
<action no="2" player="Roshel7" type="2" discard="1" dealt="1" sum="20"/>
</round>
<round no="1"><cards type="Pocket" player="oreiasccp">H6 DJ</cards>
<cards type="Pocket" player="6SP9">X X</cards>
<cards type="Pocket" player="Roshel7">X X</cards>
<action no="3" player="6SP9" type="23" discard="1" dealt="1" sum="40"/>
<action no="4" player="oreiasccp" type="0" sum="0"/>
<action no="5" player="Roshel7" type="3" discard="1" dealt="1" sum="20"/>
</round>
<round no="2"><cards type="Flop">H10 HQ S6</cards>
<action no="6" player="Roshel7" type="4" discard="1" dealt="1" sum="0"/>
<action no="7" player="6SP9" type="5" discard="1" dealt="1" sum="22"/>
<action no="8" player="Roshel7" type="0" discard="1" dealt="1" sum="0"/>
</round>
</game>
<game gamecode="11538701464"><general><startdate>2025-06-28 11:07:54</startdate>
<round>1</round>
<failsafecounter/>
<players><player seat="3" name="6SP9" chips="500" dealer="0" win="130" bet="190" muck="1" rebuy="0" addon="0" merge="0" rebuychips="0" reg_code="8393581064"/>
<player seat="6" name="oreiasccp" chips="540" dealer="1" win="0" bet="60" muck="1" rebuy="0" addon="0" merge="0" rebuychips="0" reg_code="8393581072"/>
<player seat="10" name="Roshel7" chips="460" dealer="0" win="0" bet="10" muck="1" rebuy="0" addon="0" merge="0" rebuychips="0" reg_code="8393581087"/>
</players>
</general>
<round no="0"><action no="1" player="Roshel7" type="1" discard="1" dealt="1" sum="10"/>
<action no="2" player="6SP9" type="2" discard="1" dealt="1" sum="20"/>
</round>
<round no="1"><cards type="Pocket" player="6SP9">X X</cards>
<cards type="Pocket" player="oreiasccp">CK C7</cards>
<cards type="Pocket" player="Roshel7">X X</cards>
<action no="3" player="oreiasccp" type="23" sum="40"/>
<action no="4" player="Roshel7" type="0" discard="1" dealt="1" sum="0"/>
<action no="5" player="6SP9" type="3" discard="1" dealt="1" sum="20"/>
</round>
<round no="2"><cards type="Flop">DA CJ DQ</cards>
<action no="6" player="6SP9" type="4" discard="1" dealt="1" sum="0"/>
<action no="7" player="oreiasccp" type="5" sum="20"/>
<action no="8" player="6SP9" type="3" discard="1" dealt="1" sum="20"/>
</round>
<round no="3"><cards type="Turn">SA</cards>
<action no="9" player="6SP9" type="4" discard="1" dealt="1" sum="0"/>
<action no="10" player="oreiasccp" type="4" sum="0"/>
</round>
<round no="4"><cards type="River">DJ</cards>
<action no="11" player="6SP9" type="5" discard="1" dealt="1" sum="130"/>
<action no="12" player="oreiasccp" type="0" sum="0"/>
</round>
</game>
<game gamecode="11538701653"><general><startdate>2025-06-28 11:08:43</startdate>
<round>1</round>
<failsafecounter/>
<players><player seat="6" name="oreiasccp" chips="480" dealer="0" win="0" bet="40" muck="1" rebuy="0" addon="0" merge="0" rebuychips="0" reg_code="8393581072"/>
<player seat="10" name="Roshel7" chips="450" dealer="1" win="90" bet="60" muck="1" rebuy="0" addon="0" merge="0" rebuychips="0" reg_code="8393581087"/>
<player seat="3" name="6SP9" chips="570" dealer="0" win="0" bet="10" muck="1" rebuy="0" addon="0" merge="0" rebuychips="0" reg_code="8393581064"/>
</players>
</general>
<round no="0"><action no="1" player="6SP9" type="1" discard="1" dealt="1" sum="10"/>
<action no="2" player="oreiasccp" type="2" sum="20"/>
</round>
<round no="1"><cards type="Pocket" player="oreiasccp">H4 HQ</cards>
<cards type="Pocket" player="Roshel7">X X</cards>
<cards type="Pocket" player="6SP9">X X</cards>
<action no="3" player="Roshel7" type="23" discard="1" dealt="1" sum="40"/>
<action no="4" player="6SP9" type="0" discard="1" dealt="1" sum="0"/>
<action no="5" player="oreiasccp" type="3" sum="20"/>
</round>
<round no="2"><cards type="Flop">SJ H5 CA</cards>
<action no="6" player="oreiasccp" type="4" sum="0"/>
<action no="7" player="Roshel7" type="5" discard="1" dealt="1" sum="20"/>
<action no="8" player="oreiasccp" type="0" sum="0"/>
</round>
</game>
<game gamecode="11538701714"><general><startdate>2025-06-28 11:09:01</startdate>
<round>1</round>
<failsafecounter/>
<players><player seat="10" name="Roshel7" chips="500" dealer="0" win="45" bet="35" muck="1" rebuy="0" addon="0" merge="0" rebuychips="0" reg_code="8393581087"/>
<player seat="3" name="6SP9" chips="560" dealer="1" win="0" bet="5" muck="1" rebuy="0" addon="0" merge="0" rebuychips="0" reg_code="8393581064"/>
<player seat="6" name="oreiasccp" chips="440" dealer="0" win="0" bet="20" muck="1" rebuy="0" addon="0" merge="0" rebuychips="0" reg_code="8393581072"/>
</players>
</general>
<round no="0"><action no="1" player="oreiasccp" type="15" sum="5"/>
<action no="2" player="Roshel7" type="15" discard="1" dealt="1" sum="5"/>
<action no="3" player="6SP9" type="15" discard="1" dealt="1" sum="5"/>
<action no="4" player="oreiasccp" type="1" sum="15"/>
<action no="5" player="Roshel7" type="2" discard="1" dealt="1" sum="30"/>
</round>
<round no="1"><cards type="Pocket" player="Roshel7">X X</cards>
<cards type="Pocket" player="6SP9">X X</cards>
<cards type="Pocket" player="oreiasccp">S3 C2</cards>
<action no="6" player="6SP9" type="0" discard="1" dealt="1" sum="0"/>
<action no="7" player="oreiasccp" type="0" sum="0"/>
</round>
</game>
<game gamecode="11538701751"><general><startdate>2025-06-28 11:09:11</startdate>
<round>1</round>
<failsafecounter/>
<players><player seat="3" name="6SP9" chips="555" dealer="0" win="315" bet="155" muck="0" rebuy="0" addon="0" merge="0" rebuychips="0" reg_code="8393581064"/>
<player seat="6" name="oreiasccp" chips="420" dealer="1" win="0" bet="5" muck="1" rebuy="0" addon="0" merge="0" rebuychips="0" reg_code="8393581072"/>
<player seat="10" name="Roshel7" chips="525" dealer="0" win="0" bet="155" muck="1" rebuy="0" addon="0" merge="0" rebuychips="0" reg_code="8393581087"/>
</players>
</general>
<round no="0"><action no="1" player="Roshel7" type="15" discard="1" dealt="1" sum="5"/>
<action no="2" player="6SP9" type="15" discard="1" dealt="1" sum="5"/>
<action no="3" player="oreiasccp" type="15" sum="5"/>
<action no="4" player="Roshel7" type="1" discard="1" dealt="1" sum="15"/>
<action no="5" player="6SP9" type="2" discard="1" dealt="1" sum="30"/>
</round>
<round no="1"><cards type="Pocket" player="6SP9">S7 SK</cards>
<cards type="Pocket" player="Roshel7">S4 SJ</cards>
<cards type="Pocket" player="oreiasccp">D4 D9</cards>
<action no="6" player="oreiasccp" type="0" sum="0"/>
<action no="7" player="Roshel7" type="3" discard="1" dealt="1" sum="15"/>
<action no="8" player="6SP9" type="4" discard="1" dealt="1" sum="0"/>
</round>
<round no="2"><cards type="Flop">SQ HQ S3</cards>
<action no="9" player="Roshel7" type="5" discard="1" dealt="1" sum="30"/>
<action no="10" player="6SP9" type="3" discard="1" dealt="1" sum="30"/>
</round>
<round no="3"><cards type="Turn">H2</cards>
<action no="11" player="Roshel7" type="5" discard="1" dealt="1" sum="90"/>
<action no="12" player="6SP9" type="3" discard="1" dealt="1" sum="90"/>
</round>
<round no="4"><cards type="River">H3</cards>
<action no="13" player="Roshel7" type="4" discard="1" dealt="1" sum="0"/>
<action no="14" player="6SP9" type="4" discard="1" dealt="1" sum="0"/>
</round>
</game>
<game gamecode="11538701920"><general><startdate>2025-06-28 11:10:03</startdate>
<round>1</round>
<failsafecounter/>
<players><player seat="6" name="oreiasccp" chips="415" dealer="0" win="0" bet="35" muck="1" rebuy="0" addon="0" merge="0" rebuychips="0" reg_code="8393581072"/>
<player seat="10" name="Roshel7" chips="370" dealer="1" win="0" bet="5" muck="1" rebuy="0" addon="0" merge="0" rebuychips="0" reg_code="8393581087"/>
<player seat="3" name="6SP9" chips="715" dealer="0" win="75" bet="715" muck="1" rebuy="0" addon="0" merge="0" rebuychips="0" reg_code="8393581064"/>
</players>
</general>
<round no="0"><action no="1" player="6SP9" type="15" discard="1" dealt="1" sum="5"/>
<action no="2" player="oreiasccp" type="15" sum="5"/>
<action no="3" player="Roshel7" type="15" discard="1" dealt="1" sum="5"/>
<action no="4" player="6SP9" type="1" discard="1" dealt="1" sum="15"/>
<action no="5" player="oreiasccp" type="2" sum="30"/>
</round>
<round no="1"><cards type="Pocket" player="Roshel7">X X</cards>
<cards type="Pocket" player="6SP9">X X</cards>
<cards type="Pocket" player="oreiasccp">D5 H9</cards>
<action no="6" player="Roshel7" type="0" discard="1" dealt="1" sum="0"/>
<action no="7" player="6SP9" type="23" discard="1" dealt="1" sum="710"/>
<action no="8" player="oreiasccp" type="0" sum="0"/>
</round>
</game>
<game gamecode="11538701965"><general><startdate>2025-06-28 11:10:18</startdate>
<round>1</round>
<failsafecounter/>
<players><player seat="10" name="Roshel7" chips="365" dealer="0" win="735" bet="365" muck="0" rebuy="0" addon="0" merge="0" rebuychips="0" reg_code="8393581087"/>
<player seat="3" name="6SP9" chips="755" dealer="1" win="0" bet="5" muck="1" rebuy="0" addon="0" merge="0" rebuychips="0" reg_code="8393581064"/>
<player seat="6" name="oreiasccp" chips="380" dealer="0" win="0" bet="365" muck="1" rebuy="0" addon="0" merge="0" rebuychips="0" reg_code="8393581072"/>
</players>
</general>
<round no="0"><action no="1" player="oreiasccp" type="15" sum="5"/>
<action no="2" player="Roshel7" type="15" discard="1" dealt="1" sum="5"/>
<action no="3" player="6SP9" type="15" discard="1" dealt="1" sum="5"/>
<action no="4" player="oreiasccp" type="1" sum="15"/>
<action no="5" player="Roshel7" type="2" discard="1" dealt="1" sum="30"/>
</round>
<round no="1"><cards type="Pocket" player="oreiasccp">HA C9</cards>
<cards type="Pocket" player="6SP9">X X</cards>
<cards type="Pocket" player="Roshel7">CK C8</cards>
<action no="6" player="6SP9" type="0" discard="1" dealt="1" sum="0"/>
<action no="7" player="oreiasccp" type="23" sum="360"/>
<action no="8" player="Roshel7" type="7" discard="1" dealt="1" sum="330"/>
</round>
<round no="2"><cards type="Flop">H9 D3 S4</cards>
</round>
<round no="3"><cards type="Turn">HK</cards>
</round>
<round no="4"><cards type="River">C10</cards>
</round>
</game>
<game gamecode="11538702107"><general><startdate>2025-06-28 11:10:56</startdate>
<round>1</round>
<failsafecounter/>
<players><player seat="3" name="6SP9" chips="750" dealer="0" win="105" bet="150" muck="0" rebuy="0" addon="0" merge="0" rebuychips="0" reg_code="8393581064"/>
<player seat="6" name="oreiasccp" chips="15" dealer="1" win="0" bet="15" muck="1" rebuy="0" addon="0" merge="0" rebuychips="0" reg_code="8393581072"/>
<player seat="10" name="Roshel7" chips="735" dealer="0" win="0" bet="45" muck="1" rebuy="0" addon="0" merge="0" rebuychips="0" reg_code="8393581087"/>
</players>
</general>
<round no="0"><action no="1" player="Roshel7" type="15" discard="1" dealt="1" sum="5"/>
<action no="2" player="6SP9" type="15" discard="1" dealt="1" sum="5"/>
<action no="3" player="oreiasccp" type="15" sum="5"/>
<action no="4" player="Roshel7" type="1" discard="1" dealt="1" sum="20"/>
<action no="5" player="6SP9" type="2" discard="1" dealt="1" sum="40"/>
</round>
<round no="1"><cards type="Pocket" player="6SP9">H2 H5</cards>
<cards type="Pocket" player="Roshel7">X X</cards>
<cards type="Pocket" player="oreiasccp">DA H7</cards>
<action no="6" player="oreiasccp" type="7" sum="10"/>
<action no="7" player="Roshel7" type="3" discard="1" dealt="1" sum="20"/>
<action no="8" player="6SP9" type="4" discard="1" dealt="1" sum="0"/>
</round>
<round no="2"><cards type="Flop">HJ HK C9</cards>
<action no="9" player="Roshel7" type="4" discard="1" dealt="1" sum="0"/>
<action no="10" player="6SP9" type="4" discard="1" dealt="1" sum="0"/>
</round>
<round no="3"><cards type="Turn">SJ</cards>
<action no="11" player="Roshel7" type="4" discard="1" dealt="1" sum="0"/>
<action no="12" player="6SP9" type="4" discard="1" dealt="1" sum="0"/>
</round>
<round no="4"><cards type="River">H4</cards>
<action no="13" player="Roshel7" type="4" discard="1" dealt="1" sum="0"/>
<action no="14" player="6SP9" type="5" discard="1" dealt="1" sum="105"/>
<action no="15" player="Roshel7" type="0" discard="1" dealt="1" sum="0"/>
</round>
</game>
</session>
