<?xml version="1.0" encoding="UTF-8"?>
<session sessioncode="8394281462">
<general>
<client_version>25.1.1.13</client_version>
<mode>real</mode>
<gametype>Holdem NL</gametype>
<tablename>Twister €5 SNG, 1128853615</tablename>
<tournamentcode>1128853613</tournamentcode>
<tournamentname>Twister €5 SNG</tournamentname>
<buyin>€0 + €0.35 + €4.65</buyin>
<totalbuyin>€5</totalbuyin>
<rewarddrawn>€10</rewarddrawn>
<tournamentcurrency>EUR</tournamentcurrency>
<currency>EUR</currency>
<nickname>oreiasccp</nickname>
<gamecount>5</gamecount>
<startdate>2025-06-29 10:55:33</startdate>
<place>3</place>
<win>€0</win>
<tablesize>3</tablesize>
</general>
<game gamecode="11540686595"><general><startdate>2025-06-29 10:55:48</startdate>
<round>1</round>
<failsafecounter/>
<players><player seat="6" name="herocal" chips="500" dealer="0" win="20" bet="20" muck="1" rebuy="0" addon="0" merge="0" rebuychips="0" reg_code="8394281440"/>
<player seat="10" name="oreiasccp" chips="500" dealer="1" win="0" bet="0" muck="1" rebuy="0" addon="0" merge="0" rebuychips="0" reg_code="8394281462"/>
<player seat="3" name="fghjkl" chips="500" dealer="0" win="0" bet="10" muck="1" rebuy="0" addon="0" merge="0" rebuychips="0" reg_code="8394281420"/>
</players>
</general>
<round no="0"><action no="1" player="fghjkl" type="1" discard="1" dealt="1" sum="10"/>
<action no="2" player="herocal" type="2" discard="1" dealt="1" sum="20"/>
</round>
<round no="1"><cards type="Pocket" player="oreiasccp">C9 S6</cards>
<cards type="Pocket" player="herocal">X X</cards>
<cards type="Pocket" player="fghjkl">X X</cards>
<action no="3" player="oreiasccp" type="0" sum="0"/>
<action no="4" player="fghjkl" type="0" discard="1" dealt="1" sum="0"/>
</round>
</game>
<game gamecode="11540686623"><general><startdate>2025-06-29 10:55:55</startdate>
<round>1</round>
<failsafecounter/>
<players><player seat="10" name="oreiasccp" chips="500" dealer="0" win="0" bet="40" muck="1" rebuy="0" addon="0" merge="0" rebuychips="0" reg_code="8394281462"/>
<player seat="3" name="fghjkl" chips="490" dealer="1" win="0" bet="40" muck="1" rebuy="0" addon="0" merge="0" rebuychips="0" reg_code="8394281420"/>
<player seat="6" name="herocal" chips="510" dealer="0" win="120" bet="40" muck="0" rebuy="0" addon="0" merge="0" rebuychips="0" reg_code="8394281440"/>
</players>
</general>
<round no="0"><action no="1" player="herocal" type="1" discard="1" dealt="1" sum="10"/>
<action no="2" player="oreiasccp" type="2" sum="20"/>
</round>
<round no="1"><cards type="Pocket" player="oreiasccp">CA D2</cards>
<cards type="Pocket" player="herocal">D8 D3</cards>
<cards type="Pocket" player="fghjkl">DQ DJ</cards>
<action no="3" player="fghjkl" type="23" discard="1" dealt="1" sum="40"/>
<action no="4" player="herocal" type="3" discard="1" dealt="1" sum="30"/>
<action no="5" player="oreiasccp" type="3" sum="20"/>
</round>
<round no="2"><cards type="Flop">S8 DK C6</cards>
<action no="6" player="herocal" type="4" discard="1" dealt="1" sum="0"/>
<action no="7" player="oreiasccp" type="4" sum="0"/>
<action no="8" player="fghjkl" type="4" discard="1" dealt="1" sum="0"/>
</round>
<round no="3"><cards type="Turn">H10</cards>
<action no="9" player="herocal" type="4" discard="1" dealt="1" sum="0"/>
<action no="10" player="oreiasccp" type="4" sum="0"/>
<action no="11" player="fghjkl" type="4" discard="1" dealt="1" sum="0"/>
</round>
<round no="4"><cards type="River">D10</cards>
<action no="12" player="herocal" type="4" discard="1" dealt="1" sum="0"/>
<action no="13" player="oreiasccp" type="4" sum="0"/>
<action no="14" player="fghjkl" type="4" discard="1" dealt="1" sum="0"/>
</round>
</game>
<game gamecode="11540686801"><general><startdate>2025-06-29 10:56:41</startdate>
<round>1</round>
<failsafecounter/>
<players><player seat="3" name="fghjkl" chips="450" dealer="0" win="0" bet="20" muck="1" rebuy="0" addon="0" merge="0" rebuychips="0" reg_code="8394281420"/>
<player seat="6" name="herocal" chips="590" dealer="1" win="50" bet="40" muck="1" rebuy="0" addon="0" merge="0" rebuychips="0" reg_code="8394281440"/>
<player seat="10" name="oreiasccp" chips="460" dealer="0" win="0" bet="10" muck="1" rebuy="0" addon="0" merge="0" rebuychips="0" reg_code="8394281462"/>
</players>
</general>
<round no="0"><action no="1" player="oreiasccp" type="1" sum="10"/>
<action no="2" player="fghjkl" type="2" discard="1" dealt="1" sum="20"/>
</round>
<round no="1"><cards type="Pocket" player="fghjkl">X X</cards>
<cards type="Pocket" player="oreiasccp">S2 CK</cards>
<cards type="Pocket" player="herocal">X X</cards>
<action no="3" player="herocal" type="23" discard="1" dealt="1" sum="40"/>
<action no="4" player="oreiasccp" type="0" sum="0"/>
<action no="5" player="fghjkl" type="0" discard="1" dealt="1" sum="0"/>
</round>
</game>
<game gamecode="11540686831"><general><startdate>2025-06-29 10:56:50</startdate>
<round>1</round>
<failsafecounter/>
<players><player seat="6" name="herocal" chips="620" dealer="0" win="100" bet="620" muck="1" rebuy="0" addon="0" merge="0" rebuychips="0" reg_code="8394281440"/>
<player seat="10" name="oreiasccp" chips="450" dealer="1" win="0" bet="0" muck="1" rebuy="0" addon="0" merge="0" rebuychips="0" reg_code="8394281462"/>
<player seat="3" name="fghjkl" chips="430" dealer="0" win="0" bet="50" muck="1" rebuy="0" addon="0" merge="0" rebuychips="0" reg_code="8394281420"/>
</players>
</general>
<round no="0"><action no="1" player="fghjkl" type="1" discard="1" dealt="1" sum="10"/>
<action no="2" player="herocal" type="2" discard="1" dealt="1" sum="20"/>
</round>
<round no="1"><cards type="Pocket" player="oreiasccp">S6 H5</cards>
<cards type="Pocket" player="fghjkl">X X</cards>
<cards type="Pocket" player="herocal">X X</cards>
<action no="3" player="oreiasccp" type="0" sum="0"/>
<action no="4" player="fghjkl" type="23" discard="1" dealt="1" sum="50"/>
<action no="5" player="herocal" type="23" discard="1" dealt="1" sum="620"/>
<action no="6" player="fghjkl" type="0" discard="1" dealt="1" sum="0"/>
</round>
</game>
<game gamecode="11540686889"><general><startdate>2025-06-29 10:57:03</startdate>
<round>1</round>
<failsafecounter/>
<players><player seat="10" name="oreiasccp" chips="450" dealer="0" win="0" bet="450" muck="0" rebuy="0" addon="0" merge="0" rebuychips="0" reg_code="8394281462"/>
<player seat="3" name="fghjkl" chips="380" dealer="1" win="0" bet="0" muck="1" rebuy="0" addon="0" merge="0" rebuychips="0" reg_code="8394281420"/>
<player seat="6" name="herocal" chips="670" dealer="0" win="900" bet="450" muck="0" rebuy="0" addon="0" merge="0" rebuychips="0" reg_code="8394281440"/>
</players>
</general>
<round no="0"><action no="1" player="herocal" type="1" discard="1" dealt="1" sum="10"/>
<action no="2" player="oreiasccp" type="2" sum="20"/>
</round>
<round no="1"><cards type="Pocket" player="oreiasccp">C5 H5</cards>
<cards type="Pocket" player="herocal">D10 SA</cards>
<cards type="Pocket" player="fghjkl">X X</cards>
<action no="3" player="fghjkl" type="0" discard="1" dealt="1" sum="0"/>
<action no="4" player="herocal" type="23" discard="1" dealt="1" sum="60"/>
<action no="5" player="oreiasccp" type="23" sum="450"/>
<action no="6" player="herocal" type="3" discard="1" dealt="1" sum="390"/>
</round>
<round no="2"><cards type="Flop">DA SQ C4</cards>
</round>
<round no="3"><cards type="Turn">S3</cards>
</round>
<round no="4"><cards type="River">HJ</cards>
</round>
</game>
</session>
