<?xml version="1.0" encoding="UTF-8"?>
<session sessioncode="8394274529">
<general>
<client_version>25.1.1.13</client_version>
<mode>real</mode>
<gametype>Holdem NL</gametype>
<tablename>Twister €5 SNG, 1128852588</tablename>
<tournamentcode>1128852587</tournamentcode>
<tournamentname>Twister €5 SNG</tournamentname>
<buyin>€0 + €0.35 + €4.65</buyin>
<totalbuyin>€5</totalbuyin>
<rewarddrawn>€10</rewarddrawn>
<tournamentcurrency>EUR</tournamentcurrency>
<currency>EUR</currency>
<nickname>oreiasccp</nickname>
<gamecount>24</gamecount>
<startdate>2025-06-29 10:34:19</startdate>
<place>2</place>
<win>€0</win>
<tablesize>3</tablesize>
</general>
<game gamecode="11540667410"><general><startdate>2025-06-29 10:34:34</startdate>
<round>1</round>
<failsafecounter/>
<players><player seat="3" name="Fistikis4" chips="500" dealer="0" win="0" bet="60" muck="1" rebuy="0" addon="0" merge="0" rebuychips="0" reg_code="8394274507"/>
<player seat="6" name="oreiasccp" chips="500" dealer="1" win="0" bet="60" muck="1" rebuy="0" addon="0" merge="0" rebuychips="0" reg_code="8394274529"/>
<player seat="10" name="stakerloyal152" chips="500" dealer="0" win="180" bet="180" muck="1" rebuy="0" addon="0" merge="0" rebuychips="0" reg_code="8394274595"/>
</players>
</general>
<round no="0"><action no="1" player="stakerloyal152" type="1" discard="1" dealt="1" sum="10"/>
<action no="2" player="Fistikis4" type="2" discard="1" dealt="1" sum="20"/>
</round>
<round no="1"><cards type="Pocket" player="Fistikis4">X X</cards>
<cards type="Pocket" player="stakerloyal152">X X</cards>
<cards type="Pocket" player="oreiasccp">S3 SQ</cards>
<action no="3" player="oreiasccp" type="23" sum="40"/>
<action no="4" player="stakerloyal152" type="3" discard="1" dealt="1" sum="30"/>
<action no="5" player="Fistikis4" type="3" discard="1" dealt="1" sum="20"/>
</round>
<round no="2"><cards type="Flop">SJ H7 H8</cards>
<action no="6" player="stakerloyal152" type="4" discard="1" dealt="1" sum="0"/>
<action no="7" player="Fistikis4" type="5" discard="1" dealt="1" sum="20"/>
<action no="8" player="oreiasccp" type="3" sum="20"/>
<action no="9" player="stakerloyal152" type="23" discard="1" dealt="1" sum="140"/>
<action no="10" player="Fistikis4" type="0" discard="1" dealt="1" sum="0"/>
<action no="11" player="oreiasccp" type="0" sum="0"/>
</round>
</game>
<game gamecode="11540667507"><general><startdate>2025-06-29 10:34:59</startdate>
<round>1</round>
<failsafecounter/>
<players><player seat="6" name="oreiasccp" chips="440" dealer="0" win="20" bet="20" muck="1" rebuy="0" addon="0" merge="0" rebuychips="0" reg_code="8394274529"/>
<player seat="10" name="stakerloyal152" chips="620" dealer="1" win="0" bet="0" muck="1" rebuy="0" addon="0" merge="0" rebuychips="0" reg_code="8394274595"/>
<player seat="3" name="Fistikis4" chips="440" dealer="0" win="0" bet="10" muck="1" rebuy="0" addon="0" merge="0" rebuychips="0" reg_code="8394274507"/>
</players>
</general>
<round no="0"><action no="1" player="Fistikis4" type="1" discard="1" dealt="1" sum="10"/>
<action no="2" player="oreiasccp" type="2" sum="20"/>
</round>
<round no="1"><cards type="Pocket" player="oreiasccp">C4 C7</cards>
<cards type="Pocket" player="Fistikis4">X X</cards>
<cards type="Pocket" player="stakerloyal152">X X</cards>
<action no="3" player="stakerloyal152" type="0" discard="1" dealt="1" sum="0"/>
<action no="4" player="Fistikis4" type="0" discard="1" dealt="1" sum="0"/>
</round>
</game>
<game gamecode="11540667538"><general><startdate>2025-06-29 10:35:06</startdate>
<round>1</round>
<failsafecounter/>
<players><player seat="10" name="stakerloyal152" chips="620" dealer="0" win="20" bet="20" muck="1" rebuy="0" addon="0" merge="0" rebuychips="0" reg_code="8394274595"/>
<player seat="3" name="Fistikis4" chips="430" dealer="1" win="0" bet="0" muck="1" rebuy="0" addon="0" merge="0" rebuychips="0" reg_code="8394274507"/>
<player seat="6" name="oreiasccp" chips="450" dealer="0" win="0" bet="10" muck="1" rebuy="0" addon="0" merge="0" rebuychips="0" reg_code="8394274529"/>
</players>
</general>
<round no="0"><action no="1" player="oreiasccp" type="1" sum="10"/>
<action no="2" player="stakerloyal152" type="2" discard="1" dealt="1" sum="20"/>
</round>
<round no="1"><cards type="Pocket" player="oreiasccp">C4 H9</cards>
<cards type="Pocket" player="stakerloyal152">X X</cards>
<cards type="Pocket" player="Fistikis4">X X</cards>
<action no="3" player="Fistikis4" type="0" discard="1" dealt="1" sum="0"/>
<action no="4" player="oreiasccp" type="0" sum="0"/>
</round>
</game>
<game gamecode="11540667561"><general><startdate>2025-06-29 10:35:13</startdate>
<round>1</round>
<failsafecounter/>
<players><player seat="3" name="Fistikis4" chips="430" dealer="0" win="0" bet="20" muck="1" rebuy="0" addon="0" merge="0" rebuychips="0" reg_code="8394274507"/>
<player seat="6" name="oreiasccp" chips="440" dealer="1" win="0" bet="40" muck="1" rebuy="0" addon="0" merge="0" rebuychips="0" reg_code="8394274529"/>
<player seat="10" name="stakerloyal152" chips="630" dealer="0" win="100" bet="140" muck="1" rebuy="0" addon="0" merge="0" rebuychips="0" reg_code="8394274595"/>
</players>
</general>
<round no="0"><action no="1" player="stakerloyal152" type="1" discard="1" dealt="1" sum="10"/>
<action no="2" player="Fistikis4" type="2" discard="1" dealt="1" sum="20"/>
</round>
<round no="1"><cards type="Pocket" player="oreiasccp">H4 H5</cards>
<cards type="Pocket" player="stakerloyal152">X X</cards>
<cards type="Pocket" player="Fistikis4">X X</cards>
<action no="3" player="oreiasccp" type="23" sum="40"/>
<action no="4" player="stakerloyal152" type="23" discard="1" dealt="1" sum="140"/>
<action no="5" player="Fistikis4" type="0" discard="1" dealt="1" sum="0"/>
<action no="6" player="oreiasccp" type="0" sum="0"/>
</round>
</game>
<game gamecode="11540667627"><general><startdate>2025-06-29 10:35:31</startdate>
<round>1</round>
<failsafecounter/>
<players><player seat="6" name="oreiasccp" chips="400" dealer="0" win="20" bet="20" muck="1" rebuy="0" addon="0" merge="0" rebuychips="0" reg_code="8394274529"/>
<player seat="10" name="stakerloyal152" chips="690" dealer="1" win="0" bet="0" muck="1" rebuy="0" addon="0" merge="0" rebuychips="0" reg_code="8394274595"/>
<player seat="3" name="Fistikis4" chips="410" dealer="0" win="0" bet="10" muck="1" rebuy="0" addon="0" merge="0" rebuychips="0" reg_code="8394274507"/>
</players>
</general>
<round no="0"><action no="1" player="Fistikis4" type="1" discard="1" dealt="1" sum="10"/>
<action no="2" player="oreiasccp" type="2" sum="20"/>
</round>
<round no="1"><cards type="Pocket" player="oreiasccp">H4 CQ</cards>
<cards type="Pocket" player="stakerloyal152">X X</cards>
<cards type="Pocket" player="Fistikis4">X X</cards>
<action no="3" player="stakerloyal152" type="0" discard="1" dealt="1" sum="0"/>
<action no="4" player="Fistikis4" type="0" discard="1" dealt="1" sum="0"/>
</round>
</game>
<game gamecode="11540667649"><general><startdate>2025-06-29 10:35:38</startdate>
<round>1</round>
<failsafecounter/>
<players><player seat="10" name="stakerloyal152" chips="690" dealer="0" win="0" bet="690" muck="0" rebuy="0" addon="0" merge="0" rebuychips="0" reg_code="8394274595"/>
<player seat="3" name="Fistikis4" chips="400" dealer="1" win="0" bet="0" muck="1" rebuy="0" addon="0" merge="0" rebuychips="0" reg_code="8394274507"/>
<player seat="6" name="oreiasccp" chips="410" dealer="0" win="820" bet="410" muck="0" rebuy="0" addon="0" merge="0" rebuychips="0" reg_code="8394274529"/>
</players>
</general>
<round no="0"><action no="1" player="oreiasccp" type="1" sum="10"/>
<action no="2" player="stakerloyal152" type="2" discard="1" dealt="1" sum="20"/>
</round>
<round no="1"><cards type="Pocket" player="Fistikis4">X X</cards>
<cards type="Pocket" player="stakerloyal152">C6 D6</cards>
<cards type="Pocket" player="oreiasccp">HA CA</cards>
<action no="3" player="Fistikis4" type="0" discard="1" dealt="1" sum="0"/>
<action no="4" player="oreiasccp" type="23" sum="50"/>
<action no="5" player="stakerloyal152" type="23" discard="1" dealt="1" sum="690"/>
<action no="6" player="oreiasccp" type="7" sum="360"/>
</round>
<round no="2"><cards type="Flop">C5 C8 H2</cards>
</round>
<round no="3"><cards type="Turn">DA</cards>
</round>
<round no="4"><cards type="River">H8</cards>
</round>
</game>
<game gamecode="11540667753"><general><startdate>2025-06-29 10:36:04</startdate>
<round>1</round>
<failsafecounter/>
<players><player seat="3" name="Fistikis4" chips="400" dealer="0" win="0" bet="80" muck="1" rebuy="0" addon="0" merge="0" rebuychips="0" reg_code="8394274507"/>
<player seat="6" name="oreiasccp" chips="820" dealer="1" win="0" bet="40" muck="1" rebuy="0" addon="0" merge="0" rebuychips="0" reg_code="8394274529"/>
<player seat="10" name="stakerloyal152" chips="280" dealer="0" win="200" bet="80" muck="0" rebuy="0" addon="0" merge="0" rebuychips="0" reg_code="8394274595"/>
</players>
</general>
<round no="0"><action no="1" player="stakerloyal152" type="1" discard="1" dealt="1" sum="10"/>
<action no="2" player="Fistikis4" type="2" discard="1" dealt="1" sum="20"/>
</round>
<round no="1"><cards type="Pocket" player="stakerloyal152">S2 D2</cards>
<cards type="Pocket" player="Fistikis4">DQ SA</cards>
<cards type="Pocket" player="oreiasccp">C9 D10</cards>
<action no="3" player="oreiasccp" type="23" sum="40"/>
<action no="4" player="stakerloyal152" type="3" discard="1" dealt="1" sum="30"/>
<action no="5" player="Fistikis4" type="3" discard="1" dealt="1" sum="20"/>
</round>
<round no="2"><cards type="Flop">S5 D3 H7</cards>
<action no="6" player="stakerloyal152" type="4" discard="1" dealt="1" sum="0"/>
<action no="7" player="Fistikis4" type="4" discard="1" dealt="1" sum="0"/>
<action no="8" player="oreiasccp" type="4" sum="0"/>
</round>
<round no="3"><cards type="Turn">C5</cards>
<action no="9" player="stakerloyal152" type="5" discard="1" dealt="1" sum="40"/>
<action no="10" player="Fistikis4" type="3" discard="1" dealt="1" sum="40"/>
<action no="11" player="oreiasccp" type="0" sum="0"/>
</round>
<round no="4"><cards type="River">HK</cards>
<action no="12" player="stakerloyal152" type="4" discard="1" dealt="1" sum="0"/>
<action no="13" player="Fistikis4" type="4" discard="1" dealt="1" sum="0"/>
</round>
</game>
<game gamecode="11540667857"><general><startdate>2025-06-29 10:36:31</startdate>
<round>1</round>
<failsafecounter/>
<players><player seat="6" name="oreiasccp" chips="780" dealer="0" win="20" bet="20" muck="1" rebuy="0" addon="0" merge="0" rebuychips="0" reg_code="8394274529"/>
<player seat="10" name="stakerloyal152" chips="400" dealer="1" win="0" bet="0" muck="1" rebuy="0" addon="0" merge="0" rebuychips="0" reg_code="8394274595"/>
<player seat="3" name="Fistikis4" chips="320" dealer="0" win="0" bet="10" muck="1" rebuy="0" addon="0" merge="0" rebuychips="0" reg_code="8394274507"/>
</players>
</general>
<round no="0"><action no="1" player="Fistikis4" type="1" discard="1" dealt="1" sum="10"/>
<action no="2" player="oreiasccp" type="2" sum="20"/>
</round>
<round no="1"><cards type="Pocket" player="oreiasccp">D7 DJ</cards>
<cards type="Pocket" player="Fistikis4">X X</cards>
<cards type="Pocket" player="stakerloyal152">X X</cards>
<action no="3" player="stakerloyal152" type="0" discard="1" dealt="1" sum="0"/>
<action no="4" player="Fistikis4" type="0" discard="1" dealt="1" sum="0"/>
</round>
</game>
<game gamecode="11540667888"><general><startdate>2025-06-29 10:36:39</startdate>
<round>1</round>
<failsafecounter/>
<players><player seat="10" name="stakerloyal152" chips="400" dealer="0" win="0" bet="35" muck="1" rebuy="0" addon="0" merge="0" rebuychips="0" reg_code="8394274595"/>
<player seat="3" name="Fistikis4" chips="310" dealer="1" win="90" bet="65" muck="1" rebuy="0" addon="0" merge="0" rebuychips="0" reg_code="8394274507"/>
<player seat="6" name="oreiasccp" chips="790" dealer="0" win="0" bet="20" muck="1" rebuy="0" addon="0" merge="0" rebuychips="0" reg_code="8394274529"/>
</players>
</general>
<round no="0"><action no="1" player="oreiasccp" type="15" sum="5"/>
<action no="2" player="stakerloyal152" type="15" discard="1" dealt="1" sum="5"/>
<action no="3" player="Fistikis4" type="15" discard="1" dealt="1" sum="5"/>
<action no="4" player="oreiasccp" type="1" sum="15"/>
<action no="5" player="stakerloyal152" type="2" discard="1" dealt="1" sum="30"/>
</round>
<round no="1"><cards type="Pocket" player="Fistikis4">X X</cards>
<cards type="Pocket" player="oreiasccp">C3 H10</cards>
<cards type="Pocket" player="stakerloyal152">X X</cards>
<action no="6" player="Fistikis4" type="3" discard="1" dealt="1" sum="30"/>
<action no="7" player="oreiasccp" type="0" sum="0"/>
<action no="8" player="stakerloyal152" type="4" discard="1" dealt="1" sum="0"/>
</round>
<round no="2"><cards type="Flop">D3 CA S10</cards>
<action no="9" player="stakerloyal152" type="4" discard="1" dealt="1" sum="0"/>
<action no="10" player="Fistikis4" type="5" discard="1" dealt="1" sum="30"/>
<action no="11" player="stakerloyal152" type="0" discard="1" dealt="1" sum="0"/>
</round>
</game>
<game gamecode="11540667952"><general><startdate>2025-06-29 10:36:52</startdate>
<round>1</round>
<failsafecounter/>
<players><player seat="3" name="Fistikis4" chips="365" dealer="0" win="750" bet="365" muck="0" rebuy="0" addon="0" merge="0" rebuychips="0" reg_code="8394274507"/>
<player seat="6" name="oreiasccp" chips="770" dealer="1" win="0" bet="365" muck="1" rebuy="0" addon="0" merge="0" rebuychips="0" reg_code="8394274529"/>
<player seat="10" name="stakerloyal152" chips="365" dealer="0" win="0" bet="20" muck="1" rebuy="0" addon="0" merge="0" rebuychips="0" reg_code="8394274595"/>
</players>
</general>
<round no="0"><action no="1" player="stakerloyal152" type="15" discard="1" dealt="1" sum="5"/>
<action no="2" player="Fistikis4" type="15" discard="1" dealt="1" sum="5"/>
<action no="3" player="oreiasccp" type="15" sum="5"/>
<action no="4" player="stakerloyal152" type="1" discard="1" dealt="1" sum="15"/>
<action no="5" player="Fistikis4" type="2" discard="1" dealt="1" sum="30"/>
</round>
<round no="1"><cards type="Pocket" player="stakerloyal152">X X</cards>
<cards type="Pocket" player="Fistikis4">D10 DQ</cards>
<cards type="Pocket" player="oreiasccp">S9 SQ</cards>
<action no="6" player="oreiasccp" type="23" sum="60"/>
<action no="7" player="stakerloyal152" type="0" discard="1" dealt="1" sum="0"/>
<action no="8" player="Fistikis4" type="3" discard="1" dealt="1" sum="30"/>
</round>
<round no="2"><cards type="Flop">H8 C3 H10</cards>
<action no="9" player="Fistikis4" type="5" discard="1" dealt="1" sum="30"/>
<action no="10" player="oreiasccp" type="23" sum="90"/>
<action no="11" player="Fistikis4" type="23" discard="1" dealt="1" sum="300"/>
<action no="12" player="oreiasccp" type="3" sum="210"/>
</round>
<round no="3"><cards type="Turn">H7</cards>
</round>
<round no="4"><cards type="River">S2</cards>
</round>
</game>
<game gamecode="11540668060"><general><startdate>2025-06-29 10:37:18</startdate>
<round>1</round>
<failsafecounter/>
<players><player seat="6" name="oreiasccp" chips="405" dealer="0" win="0" bet="35" muck="1" rebuy="0" addon="0" merge="0" rebuychips="0" reg_code="8394274529"/>
<player seat="10" name="stakerloyal152" chips="345" dealer="1" win="0" bet="5" muck="1" rebuy="0" addon="0" merge="0" rebuychips="0" reg_code="8394274595"/>
<player seat="3" name="Fistikis4" chips="750" dealer="0" win="75" bet="65" muck="1" rebuy="0" addon="0" merge="0" rebuychips="0" reg_code="8394274507"/>
</players>
</general>
<round no="0"><action no="1" player="Fistikis4" type="15" discard="1" dealt="1" sum="5"/>
<action no="2" player="oreiasccp" type="15" sum="5"/>
<action no="3" player="stakerloyal152" type="15" discard="1" dealt="1" sum="5"/>
<action no="4" player="Fistikis4" type="1" discard="1" dealt="1" sum="15"/>
<action no="5" player="oreiasccp" type="2" sum="30"/>
</round>
<round no="1"><cards type="Pocket" player="Fistikis4">X X</cards>
<cards type="Pocket" player="oreiasccp">CJ D4</cards>
<cards type="Pocket" player="stakerloyal152">X X</cards>
<action no="6" player="stakerloyal152" type="0" discard="1" dealt="1" sum="0"/>
<action no="7" player="Fistikis4" type="3" discard="1" dealt="1" sum="15"/>
<action no="8" player="oreiasccp" type="4" sum="0"/>
</round>
<round no="2"><cards type="Flop">HQ H2 C6</cards>
<action no="9" player="Fistikis4" type="5" discard="1" dealt="1" sum="30"/>
<action no="10" player="oreiasccp" type="0" sum="0"/>
</round>
</game>
<game gamecode="11540668118"><general><startdate>2025-06-29 10:37:34</startdate>
<round>1</round>
<failsafecounter/>
<players><player seat="10" name="stakerloyal152" chips="340" dealer="0" win="45" bet="35" muck="1" rebuy="0" addon="0" merge="0" rebuychips="0" reg_code="8394274595"/>
<player seat="3" name="Fistikis4" chips="790" dealer="1" win="0" bet="5" muck="1" rebuy="0" addon="0" merge="0" rebuychips="0" reg_code="8394274507"/>
<player seat="6" name="oreiasccp" chips="370" dealer="0" win="0" bet="20" muck="1" rebuy="0" addon="0" merge="0" rebuychips="0" reg_code="8394274529"/>
</players>
</general>
<round no="0"><action no="1" player="oreiasccp" type="15" sum="5"/>
<action no="2" player="stakerloyal152" type="15" discard="1" dealt="1" sum="5"/>
<action no="3" player="Fistikis4" type="15" discard="1" dealt="1" sum="5"/>
<action no="4" player="oreiasccp" type="1" sum="15"/>
<action no="5" player="stakerloyal152" type="2" discard="1" dealt="1" sum="30"/>
</round>
<round no="1"><cards type="Pocket" player="oreiasccp">H6 S9</cards>
<cards type="Pocket" player="stakerloyal152">X X</cards>
<cards type="Pocket" player="Fistikis4">X X</cards>
<action no="6" player="Fistikis4" type="0" discard="1" dealt="1" sum="0"/>
<action no="7" player="oreiasccp" type="0" sum="0"/>
</round>
</game>
<game gamecode="11540668139"><general><startdate>2025-06-29 10:37:40</startdate>
<round>1</round>
<failsafecounter/>
<players><player seat="3" name="Fistikis4" chips="785" dealer="0" win="75" bet="65" muck="1" rebuy="0" addon="0" merge="0" rebuychips="0" reg_code="8394274507"/>
<player seat="6" name="oreiasccp" chips="350" dealer="1" win="0" bet="5" muck="1" rebuy="0" addon="0" merge="0" rebuychips="0" reg_code="8394274529"/>
<player seat="10" name="stakerloyal152" chips="365" dealer="0" win="0" bet="35" muck="1" rebuy="0" addon="0" merge="0" rebuychips="0" reg_code="8394274595"/>
</players>
</general>
<round no="0"><action no="1" player="stakerloyal152" type="15" discard="1" dealt="1" sum="5"/>
<action no="2" player="Fistikis4" type="15" discard="1" dealt="1" sum="5"/>
<action no="3" player="oreiasccp" type="15" sum="5"/>
<action no="4" player="stakerloyal152" type="1" discard="1" dealt="1" sum="15"/>
<action no="5" player="Fistikis4" type="2" discard="1" dealt="1" sum="30"/>
</round>
<round no="1"><cards type="Pocket" player="Fistikis4">X X</cards>
<cards type="Pocket" player="oreiasccp">C2 CJ</cards>
<cards type="Pocket" player="stakerloyal152">X X</cards>
<action no="6" player="oreiasccp" type="0" sum="0"/>
<action no="7" player="stakerloyal152" type="3" discard="1" dealt="1" sum="15"/>
<action no="8" player="Fistikis4" type="4" discard="1" dealt="1" sum="0"/>
</round>
<round no="2"><cards type="Flop">H10 H2 H9</cards>
<action no="9" player="stakerloyal152" type="4" discard="1" dealt="1" sum="0"/>
<action no="10" player="Fistikis4" type="5" discard="1" dealt="1" sum="30"/>
<action no="11" player="stakerloyal152" type="0" discard="1" dealt="1" sum="0"/>
</round>
</game>
<game gamecode="11540668199"><general><startdate>2025-06-29 10:37:56</startdate>
<round>1</round>
<failsafecounter/>
<players><player seat="6" name="oreiasccp" chips="345" dealer="0" win="0" bet="35" muck="1" rebuy="0" addon="0" merge="0" rebuychips="0" reg_code="8394274529"/>
<player seat="10" name="stakerloyal152" chips="330" dealer="1" win="0" bet="330" muck="0" rebuy="0" addon="0" merge="0" rebuychips="0" reg_code="8394274595"/>
<player seat="3" name="Fistikis4" chips="825" dealer="0" win="695" bet="330" muck="0" rebuy="0" addon="0" merge="0" rebuychips="0" reg_code="8394274507"/>
</players>
</general>
<round no="0"><action no="1" player="Fistikis4" type="15" discard="1" dealt="1" sum="5"/>
<action no="2" player="oreiasccp" type="15" sum="5"/>
<action no="3" player="stakerloyal152" type="15" discard="1" dealt="1" sum="5"/>
<action no="4" player="Fistikis4" type="1" discard="1" dealt="1" sum="15"/>
<action no="5" player="oreiasccp" type="2" sum="30"/>
</round>
<round no="1"><cards type="Pocket" player="stakerloyal152">DK SJ</cards>
<cards type="Pocket" player="oreiasccp">HJ CK</cards>
<cards type="Pocket" player="Fistikis4">C7 CA</cards>
<action no="6" player="stakerloyal152" type="23" discard="1" dealt="1" sum="325"/>
<action no="7" player="Fistikis4" type="3" discard="1" dealt="1" sum="310"/>
<action no="8" player="oreiasccp" type="0" sum="0"/>
</round>
<round no="2"><cards type="Flop">CQ D2 DQ</cards>
</round>
<round no="3"><cards type="Turn">H9</cards>
</round>
<round no="4"><cards type="River">C2</cards>
</round>
</game>
<game gamecode="11540673737"><general><startdate>2025-06-29 10:38:20</startdate>
<round>1</round>
<failsafecounter/>
<players><player seat="6" name="oreiasccp" chips="310" dealer="0" win="0" bet="35" muck="1" rebuy="0" addon="0" merge="0" rebuychips="0" reg_code="8394274529"/>
<player seat="3" name="Fistikis4" chips="1,190" dealer="1" win="70" bet="1,190" muck="1" rebuy="0" addon="0" merge="0" rebuychips="0" reg_code="8394274507"/>
</players>
</general>
<round no="0"><action no="1" player="Fistikis4" type="15" discard="1" dealt="1" sum="5"/>
<action no="2" player="oreiasccp" type="15" sum="5"/>
<action no="3" player="Fistikis4" type="1" discard="1" dealt="1" sum="15"/>
<action no="4" player="oreiasccp" type="2" sum="30"/>
</round>
<round no="1"><cards type="Pocket" player="oreiasccp">S4 S5</cards>
<cards type="Pocket" player="Fistikis4">X X</cards>
<action no="5" player="Fistikis4" type="23" discard="1" dealt="1" sum="1,185"/>
<action no="6" player="oreiasccp" type="0" sum="0"/>
</round>
</game>
<game gamecode="11540673759"><general><startdate>2025-06-29 10:38:27</startdate>
<round>1</round>
<failsafecounter/>
<players><player seat="3" name="Fistikis4" chips="1,225" dealer="0" win="0" bet="35" muck="1" rebuy="0" addon="0" merge="0" rebuychips="0" reg_code="8394274507"/>
<player seat="6" name="oreiasccp" chips="275" dealer="1" win="70" bet="275" muck="1" rebuy="0" addon="0" merge="0" rebuychips="0" reg_code="8394274529"/>
</players>
</general>
<round no="0"><action no="1" player="oreiasccp" type="15" sum="5"/>
<action no="2" player="Fistikis4" type="15" discard="1" dealt="1" sum="5"/>
<action no="3" player="oreiasccp" type="1" sum="15"/>
<action no="4" player="Fistikis4" type="2" discard="1" dealt="1" sum="30"/>
</round>
<round no="1"><cards type="Pocket" player="Fistikis4">X X</cards>
<cards type="Pocket" player="oreiasccp">SQ D10</cards>
<action no="5" player="oreiasccp" type="23" sum="270"/>
<action no="6" player="Fistikis4" type="0" discard="1" dealt="1" sum="0"/>
</round>
</game>
<game gamecode="11540673792"><general><startdate>2025-06-29 10:38:33</startdate>
<round>1</round>
<failsafecounter/>
<players><player seat="6" name="oreiasccp" chips="310" dealer="0" win="50" bet="45" muck="1" rebuy="0" addon="0" merge="0" rebuychips="0" reg_code="8394274529"/>
<player seat="3" name="Fistikis4" chips="1,190" dealer="1" win="0" bet="25" muck="1" rebuy="0" addon="0" merge="0" rebuychips="0" reg_code="8394274507"/>
</players>
</general>
<round no="0"><action no="1" player="Fistikis4" type="15" discard="1" dealt="1" sum="5"/>
<action no="2" player="oreiasccp" type="15" sum="5"/>
<action no="3" player="Fistikis4" type="1" discard="1" dealt="1" sum="20"/>
<action no="4" player="oreiasccp" type="2" sum="40"/>
</round>
<round no="1"><cards type="Pocket" player="Fistikis4">X X</cards>
<cards type="Pocket" player="oreiasccp">H5 H8</cards>
<action no="5" player="Fistikis4" type="0" discard="1" dealt="1" sum="0"/>
</round>
</game>
<game gamecode="11540673810"><general><startdate>2025-06-29 10:38:38</startdate>
<round>1</round>
<failsafecounter/>
<players><player seat="3" name="Fistikis4" chips="1,165" dealer="0" win="90" bet="1,165" muck="1" rebuy="0" addon="0" merge="0" rebuychips="0" reg_code="8394274507"/>
<player seat="6" name="oreiasccp" chips="335" dealer="1" win="0" bet="45" muck="1" rebuy="0" addon="0" merge="0" rebuychips="0" reg_code="8394274529"/>
</players>
</general>
<round no="0"><action no="1" player="oreiasccp" type="15" sum="5"/>
<action no="2" player="Fistikis4" type="15" discard="1" dealt="1" sum="5"/>
<action no="3" player="oreiasccp" type="1" sum="20"/>
<action no="4" player="Fistikis4" type="2" discard="1" dealt="1" sum="40"/>
</round>
<round no="1"><cards type="Pocket" player="Fistikis4">X X</cards>
<cards type="Pocket" player="oreiasccp">S8 DJ</cards>
<action no="5" player="oreiasccp" type="3" sum="20"/>
<action no="6" player="Fistikis4" type="23" discard="1" dealt="1" sum="1,160"/>
<action no="7" player="oreiasccp" type="0" sum="0"/>
</round>
</game>
<game gamecode="11540673857"><general><startdate>2025-06-29 10:38:51</startdate>
<round>1</round>
<failsafecounter/>
<players><player seat="6" name="oreiasccp" chips="290" dealer="0" win="0" bet="45" muck="1" rebuy="0" addon="0" merge="0" rebuychips="0" reg_code="8394274529"/>
<player seat="3" name="Fistikis4" chips="1,210" dealer="1" win="90" bet="1,210" muck="1" rebuy="0" addon="0" merge="0" rebuychips="0" reg_code="8394274507"/>
</players>
</general>
<round no="0"><action no="1" player="Fistikis4" type="15" discard="1" dealt="1" sum="5"/>
<action no="2" player="oreiasccp" type="15" sum="5"/>
<action no="3" player="Fistikis4" type="1" discard="1" dealt="1" sum="20"/>
<action no="4" player="oreiasccp" type="2" sum="40"/>
</round>
<round no="1"><cards type="Pocket" player="oreiasccp">C4 HQ</cards>
<cards type="Pocket" player="Fistikis4">X X</cards>
<action no="5" player="Fistikis4" type="23" discard="1" dealt="1" sum="1,205"/>
<action no="6" player="oreiasccp" type="0" sum="0"/>
</round>
</game>
<game gamecode="11540673882"><general><startdate>2025-06-29 10:38:57</startdate>
<round>1</round>
<failsafecounter/>
<players><player seat="3" name="Fistikis4" chips="1,255" dealer="0" win="50" bet="45" muck="1" rebuy="0" addon="0" merge="0" rebuychips="0" reg_code="8394274507"/>
<player seat="6" name="oreiasccp" chips="245" dealer="1" win="0" bet="25" muck="1" rebuy="0" addon="0" merge="0" rebuychips="0" reg_code="8394274529"/>
</players>
</general>
<round no="0"><action no="1" player="oreiasccp" type="15" sum="5"/>
<action no="2" player="Fistikis4" type="15" discard="1" dealt="1" sum="5"/>
<action no="3" player="oreiasccp" type="1" sum="20"/>
<action no="4" player="Fistikis4" type="2" discard="1" dealt="1" sum="40"/>
</round>
<round no="1"><cards type="Pocket" player="oreiasccp">S7 C2</cards>
<cards type="Pocket" player="Fistikis4">X X</cards>
<action no="5" player="oreiasccp" type="0" sum="0"/>
</round>
</game>
<game gamecode="11540673900"><general><startdate>2025-06-29 10:39:02</startdate>
<round>1</round>
<failsafecounter/>
<players><player seat="6" name="oreiasccp" chips="220" dealer="0" win="50" bet="45" muck="1" rebuy="0" addon="0" merge="0" rebuychips="0" reg_code="8394274529"/>
<player seat="3" name="Fistikis4" chips="1,280" dealer="1" win="0" bet="25" muck="1" rebuy="0" addon="0" merge="0" rebuychips="0" reg_code="8394274507"/>
</players>
</general>
<round no="0"><action no="1" player="Fistikis4" type="15" discard="1" dealt="1" sum="5"/>
<action no="2" player="oreiasccp" type="15" sum="5"/>
<action no="3" player="Fistikis4" type="1" discard="1" dealt="1" sum="20"/>
<action no="4" player="oreiasccp" type="2" sum="40"/>
</round>
<round no="1"><cards type="Pocket" player="Fistikis4">X X</cards>
<cards type="Pocket" player="oreiasccp">HQ D7</cards>
<action no="5" player="Fistikis4" type="0" discard="1" dealt="1" sum="0"/>
</round>
</game>
<game gamecode="11540673919"><general><startdate>2025-06-29 10:39:07</startdate>
<round>1</round>
<failsafecounter/>
<players><player seat="3" name="Fistikis4" chips="1,255" dealer="0" win="0" bet="45" muck="1" rebuy="0" addon="0" merge="0" rebuychips="0" reg_code="8394274507"/>
<player seat="6" name="oreiasccp" chips="245" dealer="1" win="90" bet="245" muck="1" rebuy="0" addon="0" merge="0" rebuychips="0" reg_code="8394274529"/>
</players>
</general>
<round no="0"><action no="1" player="oreiasccp" type="15" sum="5"/>
<action no="2" player="Fistikis4" type="15" discard="1" dealt="1" sum="5"/>
<action no="3" player="oreiasccp" type="1" sum="20"/>
<action no="4" player="Fistikis4" type="2" discard="1" dealt="1" sum="40"/>
</round>
<round no="1"><cards type="Pocket" player="oreiasccp">D6 CA</cards>
<cards type="Pocket" player="Fistikis4">X X</cards>
<action no="5" player="oreiasccp" type="23" sum="240"/>
<action no="6" player="Fistikis4" type="0" discard="1" dealt="1" sum="0"/>
</round>
</game>
<game gamecode="11540673943"><general><startdate>2025-06-29 10:39:13</startdate>
<round>1</round>
<failsafecounter/>
<players><player seat="6" name="oreiasccp" chips="290" dealer="0" win="50" bet="45" muck="1" rebuy="0" addon="0" merge="0" rebuychips="0" reg_code="8394274529"/>
<player seat="3" name="Fistikis4" chips="1,210" dealer="1" win="0" bet="25" muck="1" rebuy="0" addon="0" merge="0" rebuychips="0" reg_code="8394274507"/>
</players>
</general>
<round no="0"><action no="1" player="Fistikis4" type="15" discard="1" dealt="1" sum="5"/>
<action no="2" player="oreiasccp" type="15" sum="5"/>
<action no="3" player="Fistikis4" type="1" discard="1" dealt="1" sum="20"/>
<action no="4" player="oreiasccp" type="2" sum="40"/>
</round>
<round no="1"><cards type="Pocket" player="Fistikis4">X X</cards>
<cards type="Pocket" player="oreiasccp">HQ S5</cards>
<action no="5" player="Fistikis4" type="0" discard="1" dealt="1" sum="0"/>
</round>
</game>
<game gamecode="11540673972"><general><startdate>2025-06-29 10:39:20</startdate>
<round>1</round>
<failsafecounter/>
<players><player seat="3" name="Fistikis4" chips="1,185" dealer="0" win="630" bet="315" muck="0" rebuy="0" addon="0" merge="0" rebuychips="0" reg_code="8394274507"/>
<player seat="6" name="oreiasccp" chips="315" dealer="1" win="0" bet="315" muck="0" rebuy="0" addon="0" merge="0" rebuychips="0" reg_code="8394274529"/>
</players>
</general>
<round no="0"><action no="1" player="oreiasccp" type="15" sum="5"/>
<action no="2" player="Fistikis4" type="15" discard="1" dealt="1" sum="5"/>
<action no="3" player="oreiasccp" type="1" sum="20"/>
<action no="4" player="Fistikis4" type="2" discard="1" dealt="1" sum="40"/>
</round>
<round no="1"><cards type="Pocket" player="oreiasccp">H6 SQ</cards>
<cards type="Pocket" player="Fistikis4">S7 DQ</cards>
<action no="5" player="oreiasccp" type="23" sum="310"/>
<action no="6" player="Fistikis4" type="3" discard="1" dealt="1" sum="270"/>
</round>
<round no="2"><cards type="Flop">DJ D6 C2</cards>
</round>
<round no="3"><cards type="Turn">D9</cards>
</round>
<round no="4"><cards type="River">D2</cards>
</round>
</game>
</session>
