<?xml version="1.0" encoding="UTF-8"?>
<session sessioncode="8394255968">
<general>
<client_version>25.1.1.13</client_version>
<mode>real</mode>
<gametype>Holdem NL</gametype>
<tablename>Twister €5 SNG, 1128849708</tablename>
<tournamentcode>1128849707</tournamentcode>
<tournamentname>Twister €5 SNG</tournamentname>
<buyin>€0 + €0.35 + €4.65</buyin>
<totalbuyin>€5</totalbuyin>
<rewarddrawn>€10</rewarddrawn>
<tournamentcurrency>EUR</tournamentcurrency>
<currency>EUR</currency>
<nickname>oreiasccp</nickname>
<gamecount>30</gamecount>
<startdate>2025-06-29 09:32:55</startdate>
<place>2</place>
<win>€0</win>
<tablesize>3</tablesize>
</general>
<game gamecode="11540617283"><general><startdate>2025-06-29 09:33:10</startdate>
<round>1</round>
<failsafecounter/>
<players><player seat="3" name="oreiasccp" chips="500" dealer="0" win="0" bet="20" muck="1" rebuy="0" addon="0" merge="0" rebuychips="0" reg_code="8394255968"/>
<player seat="6" name="lavidalocaM" chips="500" dealer="1" win="0" bet="0" muck="1" rebuy="0" addon="0" merge="0" rebuychips="0" reg_code="8394255976"/>
<player seat="10" name="scrg37" chips="500" dealer="0" win="40" bet="40" muck="1" rebuy="0" addon="0" merge="0" rebuychips="0" reg_code="8394255974"/>
</players>
</general>
<round no="0"><action no="1" player="scrg37" type="1" discard="1" dealt="1" sum="10"/>
<action no="2" player="oreiasccp" type="2" sum="20"/>
</round>
<round no="1"><cards type="Pocket" player="scrg37">X X</cards>
<cards type="Pocket" player="oreiasccp">C4 H10</cards>
<cards type="Pocket" player="lavidalocaM">X X</cards>
<action no="3" player="lavidalocaM" type="0" discard="1" dealt="1" sum="0"/>
<action no="4" player="scrg37" type="23" discard="1" dealt="1" sum="40"/>
<action no="5" player="oreiasccp" type="0" sum="0"/>
</round>
</game>
<game gamecode="11540617329"><general><startdate>2025-06-29 09:33:19</startdate>
<round>1</round>
<failsafecounter/>
<players><player seat="6" name="lavidalocaM" chips="500" dealer="0" win="0" bet="40" muck="1" rebuy="0" addon="0" merge="0" rebuychips="0" reg_code="8394255976"/>
<player seat="10" name="scrg37" chips="520" dealer="1" win="0" bet="0" muck="1" rebuy="0" addon="0" merge="0" rebuychips="0" reg_code="8394255974"/>
<player seat="3" name="oreiasccp" chips="480" dealer="0" win="80" bet="69" muck="1" rebuy="0" addon="0" merge="0" rebuychips="0" reg_code="8394255968"/>
</players>
</general>
<round no="0"><action no="1" player="oreiasccp" type="1" sum="10"/>
<action no="2" player="lavidalocaM" type="2" discard="1" dealt="1" sum="20"/>
</round>
<round no="1"><cards type="Pocket" player="lavidalocaM">X X</cards>
<cards type="Pocket" player="scrg37">X X</cards>
<cards type="Pocket" player="oreiasccp">S10 HJ</cards>
<action no="3" player="scrg37" type="0" discard="1" dealt="1" sum="0"/>
<action no="4" player="oreiasccp" type="23" sum="40"/>
<action no="5" player="lavidalocaM" type="3" discard="1" dealt="1" sum="20"/>
</round>
<round no="2"><cards type="Flop">DQ D4 CA</cards>
<action no="6" player="oreiasccp" type="5" sum="29"/>
<action no="7" player="lavidalocaM" type="0" discard="1" dealt="1" sum="0"/>
</round>
</game>
<game gamecode="11540617397"><general><startdate>2025-06-29 09:33:40</startdate>
<round>1</round>
<failsafecounter/>
<players><player seat="10" name="scrg37" chips="520" dealer="0" win="40" bet="40" muck="1" rebuy="0" addon="0" merge="0" rebuychips="0" reg_code="8394255974"/>
<player seat="3" name="oreiasccp" chips="520" dealer="1" win="0" bet="0" muck="1" rebuy="0" addon="0" merge="0" rebuychips="0" reg_code="8394255968"/>
<player seat="6" name="lavidalocaM" chips="460" dealer="0" win="0" bet="20" muck="1" rebuy="0" addon="0" merge="0" rebuychips="0" reg_code="8394255976"/>
</players>
</general>
<round no="0"><action no="1" player="lavidalocaM" type="1" discard="1" dealt="1" sum="10"/>
<action no="2" player="scrg37" type="2" discard="1" dealt="1" sum="20"/>
</round>
<round no="1"><cards type="Pocket" player="oreiasccp">C8 SK</cards>
<cards type="Pocket" player="scrg37">X X</cards>
<cards type="Pocket" player="lavidalocaM">X X</cards>
<action no="3" player="oreiasccp" type="0" sum="0"/>
<action no="4" player="lavidalocaM" type="3" discard="1" dealt="1" sum="10"/>
<action no="5" player="scrg37" type="4" discard="1" dealt="1" sum="0"/>
</round>
<round no="2"><cards type="Flop">DJ H2 DK</cards>
<action no="6" player="lavidalocaM" type="4" discard="1" dealt="1" sum="0"/>
<action no="7" player="scrg37" type="5" discard="1" dealt="1" sum="20"/>
<action no="8" player="lavidalocaM" type="0" discard="1" dealt="1" sum="0"/>
</round>
</game>
<game gamecode="11540617463"><general><startdate>2025-06-29 09:33:58</startdate>
<round>1</round>
<failsafecounter/>
<players><player seat="3" name="oreiasccp" chips="520" dealer="0" win="0" bet="20" muck="1" rebuy="0" addon="0" merge="0" rebuychips="0" reg_code="8394255968"/>
<player seat="6" name="lavidalocaM" chips="440" dealer="1" win="50" bet="40" muck="1" rebuy="0" addon="0" merge="0" rebuychips="0" reg_code="8394255976"/>
<player seat="10" name="scrg37" chips="540" dealer="0" win="0" bet="10" muck="1" rebuy="0" addon="0" merge="0" rebuychips="0" reg_code="8394255974"/>
</players>
</general>
<round no="0"><action no="1" player="scrg37" type="1" discard="1" dealt="1" sum="10"/>
<action no="2" player="oreiasccp" type="2" sum="20"/>
</round>
<round no="1"><cards type="Pocket" player="oreiasccp">S2 D3</cards>
<cards type="Pocket" player="lavidalocaM">X X</cards>
<cards type="Pocket" player="scrg37">X X</cards>
<action no="3" player="lavidalocaM" type="23" discard="1" dealt="1" sum="40"/>
<action no="4" player="scrg37" type="0" discard="1" dealt="1" sum="0"/>
<action no="5" player="oreiasccp" type="0" sum="0"/>
</round>
</game>
<game gamecode="11540617498"><general><startdate>2025-06-29 09:34:10</startdate>
<round>1</round>
<failsafecounter/>
<players><player seat="6" name="lavidalocaM" chips="470" dealer="0" win="298" bet="144" muck="0" rebuy="0" addon="0" merge="0" rebuychips="0" reg_code="8394255976"/>
<player seat="10" name="scrg37" chips="530" dealer="1" win="0" bet="144" muck="0" rebuy="0" addon="0" merge="0" rebuychips="0" reg_code="8394255974"/>
<player seat="3" name="oreiasccp" chips="500" dealer="0" win="0" bet="10" muck="1" rebuy="0" addon="0" merge="0" rebuychips="0" reg_code="8394255968"/>
</players>
</general>
<round no="0"><action no="1" player="oreiasccp" type="1" sum="10"/>
<action no="2" player="lavidalocaM" type="2" discard="1" dealt="1" sum="20"/>
</round>
<round no="1"><cards type="Pocket" player="scrg37">CA C6</cards>
<cards type="Pocket" player="lavidalocaM">H8 D9</cards>
<cards type="Pocket" player="oreiasccp">C4 CK</cards>
<action no="3" player="scrg37" type="23" discard="1" dealt="1" sum="40"/>
<action no="4" player="oreiasccp" type="0" sum="0"/>
<action no="5" player="lavidalocaM" type="3" discard="1" dealt="1" sum="20"/>
</round>
<round no="2"><cards type="Flop">S5 D8 SJ</cards>
<action no="6" player="lavidalocaM" type="4" discard="1" dealt="1" sum="0"/>
<action no="7" player="scrg37" type="5" discard="1" dealt="1" sum="45"/>
<action no="8" player="lavidalocaM" type="3" discard="1" dealt="1" sum="45"/>
</round>
<round no="3"><cards type="Turn">H10</cards>
<action no="9" player="lavidalocaM" type="4" discard="1" dealt="1" sum="0"/>
<action no="10" player="scrg37" type="4" discard="1" dealt="1" sum="0"/>
</round>
<round no="4"><cards type="River">H6</cards>
<action no="11" player="lavidalocaM" type="4" discard="1" dealt="1" sum="0"/>
<action no="12" player="scrg37" type="5" discard="1" dealt="1" sum="59"/>
<action no="13" player="lavidalocaM" type="3" discard="1" dealt="1" sum="59"/>
</round>
</game>
<game gamecode="11540617591"><general><startdate>2025-06-29 09:34:36</startdate>
<round>1</round>
<failsafecounter/>
<players><player seat="10" name="scrg37" chips="386" dealer="0" win="0" bet="386" muck="0" rebuy="0" addon="0" merge="0" rebuychips="0" reg_code="8394255974"/>
<player seat="3" name="oreiasccp" chips="490" dealer="1" win="0" bet="0" muck="1" rebuy="0" addon="0" merge="0" rebuychips="0" reg_code="8394255968"/>
<player seat="6" name="lavidalocaM" chips="624" dealer="0" win="772" bet="386" muck="0" rebuy="0" addon="0" merge="0" rebuychips="0" reg_code="8394255976"/>
</players>
</general>
<round no="0"><action no="1" player="lavidalocaM" type="1" discard="1" dealt="1" sum="10"/>
<action no="2" player="scrg37" type="2" discard="1" dealt="1" sum="20"/>
</round>
<round no="1"><cards type="Pocket" player="oreiasccp">C2 S10</cards>
<cards type="Pocket" player="scrg37">DK CA</cards>
<cards type="Pocket" player="lavidalocaM">HQ SK</cards>
<action no="3" player="oreiasccp" type="0" sum="0"/>
<action no="4" player="lavidalocaM" type="23" discard="1" dealt="1" sum="40"/>
<action no="5" player="scrg37" type="23" discard="1" dealt="1" sum="386"/>
<action no="6" player="lavidalocaM" type="3" discard="1" dealt="1" sum="346"/>
</round>
<round no="2"><cards type="Flop">CQ D7 CJ</cards>
</round>
<round no="3"><cards type="Turn">SJ</cards>
</round>
<round no="4"><cards type="River">DJ</cards>
</round>
</game>
<game gamecode="11540617657"><general><startdate>2025-06-29 09:34:55</startdate>
<round>1</round>
<failsafecounter/>
<players><player seat="3" name="oreiasccp" chips="490" dealer="0" win="0" bet="20" muck="1" rebuy="0" addon="0" merge="0" rebuychips="0" reg_code="8394255968"/>
<player seat="6" name="lavidalocaM" chips="1,010" dealer="1" win="40" bet="60" muck="1" rebuy="0" addon="0" merge="0" rebuychips="0" reg_code="8394255976"/>
</players>
</general>
<round no="0"><action no="1" player="lavidalocaM" type="1" discard="1" dealt="1" sum="10"/>
<action no="2" player="oreiasccp" type="2" sum="20"/>
</round>
<round no="1"><cards type="Pocket" player="oreiasccp">D4 CJ</cards>
<cards type="Pocket" player="lavidalocaM">X X</cards>
<action no="3" player="lavidalocaM" type="3" discard="1" dealt="1" sum="10"/>
<action no="4" player="oreiasccp" type="4" sum="0"/>
</round>
<round no="2"><cards type="Flop">S10 SQ C2</cards>
<action no="5" player="oreiasccp" type="4" sum="0"/>
<action no="6" player="lavidalocaM" type="4" discard="1" dealt="1" sum="0"/>
</round>
<round no="3"><cards type="Turn">S4</cards>
<action no="7" player="oreiasccp" type="4" sum="0"/>
<action no="8" player="lavidalocaM" type="5" discard="1" dealt="1" sum="40"/>
<action no="9" player="oreiasccp" type="0" sum="0"/>
</round>
</game>
<game gamecode="11540617704"><general><startdate>2025-06-29 09:35:09</startdate>
<round>1</round>
<failsafecounter/>
<players><player seat="6" name="lavidalocaM" chips="1,030" dealer="0" win="190" bet="125" muck="1" rebuy="0" addon="0" merge="0" rebuychips="0" reg_code="8394255976"/>
<player seat="3" name="oreiasccp" chips="470" dealer="1" win="0" bet="95" muck="1" rebuy="0" addon="0" merge="0" rebuychips="0" reg_code="8394255968"/>
</players>
</general>
<round no="0"><action no="1" player="oreiasccp" type="15" sum="5"/>
<action no="2" player="lavidalocaM" type="15" discard="1" dealt="1" sum="5"/>
<action no="3" player="oreiasccp" type="1" sum="15"/>
<action no="4" player="lavidalocaM" type="2" discard="1" dealt="1" sum="30"/>
</round>
<round no="1"><cards type="Pocket" player="oreiasccp">C3 DK</cards>
<cards type="Pocket" player="lavidalocaM">X X</cards>
<action no="5" player="oreiasccp" type="23" sum="60"/>
<action no="6" player="lavidalocaM" type="3" discard="1" dealt="1" sum="30"/>
</round>
<round no="2"><cards type="Flop">D4 HQ CA</cards>
<action no="7" player="lavidalocaM" type="4" discard="1" dealt="1" sum="0"/>
<action no="8" player="oreiasccp" type="5" sum="30"/>
<action no="9" player="lavidalocaM" type="23" discard="1" dealt="1" sum="60"/>
<action no="10" player="oreiasccp" type="0" sum="0"/>
</round>
</game>
<game gamecode="11540617755"><general><startdate>2025-06-29 09:35:22</startdate>
<round>1</round>
<failsafecounter/>
<players><player seat="3" name="oreiasccp" chips="375" dealer="0" win="0" bet="35" muck="1" rebuy="0" addon="0" merge="0" rebuychips="0" reg_code="8394255968"/>
<player seat="6" name="lavidalocaM" chips="1,125" dealer="1" win="70" bet="1,125" muck="1" rebuy="0" addon="0" merge="0" rebuychips="0" reg_code="8394255976"/>
</players>
</general>
<round no="0"><action no="1" player="lavidalocaM" type="15" discard="1" dealt="1" sum="5"/>
<action no="2" player="oreiasccp" type="15" sum="5"/>
<action no="3" player="lavidalocaM" type="1" discard="1" dealt="1" sum="15"/>
<action no="4" player="oreiasccp" type="2" sum="30"/>
</round>
<round no="1"><cards type="Pocket" player="lavidalocaM">X X</cards>
<cards type="Pocket" player="oreiasccp">H10 DK</cards>
<action no="5" player="lavidalocaM" type="23" discard="1" dealt="1" sum="1,120"/>
<action no="6" player="oreiasccp" type="0" sum="0"/>
</round>
</game>
<game gamecode="11540617804"><general><startdate>2025-06-29 09:35:37</startdate>
<round>1</round>
<failsafecounter/>
<players><player seat="6" name="lavidalocaM" chips="1,160" dealer="0" win="0" bet="35" muck="1" rebuy="0" addon="0" merge="0" rebuychips="0" reg_code="8394255976"/>
<player seat="3" name="oreiasccp" chips="340" dealer="1" win="70" bet="65" muck="1" rebuy="0" addon="0" merge="0" rebuychips="0" reg_code="8394255968"/>
</players>
</general>
<round no="0"><action no="1" player="oreiasccp" type="15" sum="5"/>
<action no="2" player="lavidalocaM" type="15" discard="1" dealt="1" sum="5"/>
<action no="3" player="oreiasccp" type="1" sum="15"/>
<action no="4" player="lavidalocaM" type="2" discard="1" dealt="1" sum="30"/>
</round>
<round no="1"><cards type="Pocket" player="oreiasccp">C6 D8</cards>
<cards type="Pocket" player="lavidalocaM">X X</cards>
<action no="5" player="oreiasccp" type="3" sum="15"/>
<action no="6" player="lavidalocaM" type="4" discard="1" dealt="1" sum="0"/>
</round>
<round no="2"><cards type="Flop">C7 SK D4</cards>
<action no="7" player="lavidalocaM" type="4" discard="1" dealt="1" sum="0"/>
<action no="8" player="oreiasccp" type="5" sum="30"/>
<action no="9" player="lavidalocaM" type="0" discard="1" dealt="1" sum="0"/>
</round>
</game>
<game gamecode="11540617854"><general><startdate>2025-06-29 09:35:50</startdate>
<round>1</round>
<failsafecounter/>
<players><player seat="3" name="oreiasccp" chips="375" dealer="0" win="70" bet="110" muck="1" rebuy="0" addon="0" merge="0" rebuychips="0" reg_code="8394255968"/>
<player seat="6" name="lavidalocaM" chips="1,125" dealer="1" win="0" bet="35" muck="1" rebuy="0" addon="0" merge="0" rebuychips="0" reg_code="8394255976"/>
</players>
</general>
<round no="0"><action no="1" player="lavidalocaM" type="15" discard="1" dealt="1" sum="5"/>
<action no="2" player="oreiasccp" type="15" sum="5"/>
<action no="3" player="lavidalocaM" type="1" discard="1" dealt="1" sum="15"/>
<action no="4" player="oreiasccp" type="2" sum="30"/>
</round>
<round no="1"><cards type="Pocket" player="lavidalocaM">X X</cards>
<cards type="Pocket" player="oreiasccp">S8 C2</cards>
<action no="5" player="lavidalocaM" type="3" discard="1" dealt="1" sum="15"/>
<action no="6" player="oreiasccp" type="23" sum="105"/>
<action no="7" player="lavidalocaM" type="0" discard="1" dealt="1" sum="0"/>
</round>
</game>
<game gamecode="11540617886"><general><startdate>2025-06-29 09:36:00</startdate>
<round>1</round>
<failsafecounter/>
<players><player seat="6" name="lavidalocaM" chips="1,090" dealer="0" win="190" bet="95" muck="0" rebuy="0" addon="0" merge="0" rebuychips="0" reg_code="8394255976"/>
<player seat="3" name="oreiasccp" chips="410" dealer="1" win="0" bet="95" muck="1" rebuy="0" addon="0" merge="0" rebuychips="0" reg_code="8394255968"/>
</players>
</general>
<round no="0"><action no="1" player="oreiasccp" type="15" sum="5"/>
<action no="2" player="lavidalocaM" type="15" discard="1" dealt="1" sum="5"/>
<action no="3" player="oreiasccp" type="1" sum="15"/>
<action no="4" player="lavidalocaM" type="2" discard="1" dealt="1" sum="30"/>
</round>
<round no="1"><cards type="Pocket" player="oreiasccp">D4 D9</cards>
<cards type="Pocket" player="lavidalocaM">C10 DK</cards>
<action no="5" player="oreiasccp" type="3" sum="15"/>
<action no="6" player="lavidalocaM" type="4" discard="1" dealt="1" sum="0"/>
</round>
<round no="2"><cards type="Flop">S10 S6 HK</cards>
<action no="7" player="lavidalocaM" type="4" discard="1" dealt="1" sum="0"/>
<action no="8" player="oreiasccp" type="5" sum="30"/>
<action no="9" player="lavidalocaM" type="3" discard="1" dealt="1" sum="30"/>
</round>
<round no="3"><cards type="Turn">H9</cards>
<action no="10" player="lavidalocaM" type="4" discard="1" dealt="1" sum="0"/>
<action no="11" player="oreiasccp" type="4" sum="0"/>
</round>
<round no="4"><cards type="River">H5</cards>
<action no="12" player="lavidalocaM" type="5" discard="1" dealt="1" sum="30"/>
<action no="13" player="oreiasccp" type="3" sum="30"/>
</round>
</game>
<game gamecode="11540617962"><general><startdate>2025-06-29 09:36:19</startdate>
<round>1</round>
<failsafecounter/>
<players><player seat="3" name="oreiasccp" chips="315" dealer="0" win="70" bet="315" muck="1" rebuy="0" addon="0" merge="0" rebuychips="0" reg_code="8394255968"/>
<player seat="6" name="lavidalocaM" chips="1,185" dealer="1" win="0" bet="35" muck="1" rebuy="0" addon="0" merge="0" rebuychips="0" reg_code="8394255976"/>
</players>
</general>
<round no="0"><action no="1" player="lavidalocaM" type="15" discard="1" dealt="1" sum="5"/>
<action no="2" player="oreiasccp" type="15" sum="5"/>
<action no="3" player="lavidalocaM" type="1" discard="1" dealt="1" sum="15"/>
<action no="4" player="oreiasccp" type="2" sum="30"/>
</round>
<round no="1"><cards type="Pocket" player="lavidalocaM">X X</cards>
<cards type="Pocket" player="oreiasccp">D4 CA</cards>
<action no="5" player="lavidalocaM" type="3" discard="1" dealt="1" sum="15"/>
<action no="6" player="oreiasccp" type="23" sum="310"/>
<action no="7" player="lavidalocaM" type="0" discard="1" dealt="1" sum="0"/>
</round>
</game>
<game gamecode="11540617984"><general><startdate>2025-06-29 09:36:27</startdate>
<round>1</round>
<failsafecounter/>
<players><player seat="6" name="lavidalocaM" chips="1,150" dealer="0" win="0" bet="35" muck="1" rebuy="0" addon="0" merge="0" rebuychips="0" reg_code="8394255976"/>
<player seat="3" name="oreiasccp" chips="350" dealer="1" win="70" bet="350" muck="1" rebuy="0" addon="0" merge="0" rebuychips="0" reg_code="8394255968"/>
</players>
</general>
<round no="0"><action no="1" player="oreiasccp" type="15" sum="5"/>
<action no="2" player="lavidalocaM" type="15" discard="1" dealt="1" sum="5"/>
<action no="3" player="oreiasccp" type="1" sum="15"/>
<action no="4" player="lavidalocaM" type="2" discard="1" dealt="1" sum="30"/>
</round>
<round no="1"><cards type="Pocket" player="oreiasccp">CK DQ</cards>
<cards type="Pocket" player="lavidalocaM">X X</cards>
<action no="5" player="oreiasccp" type="23" sum="345"/>
<action no="6" player="lavidalocaM" type="0" discard="1" dealt="1" sum="0"/>
</round>
</game>
<game gamecode="11540618018"><general><startdate>2025-06-29 09:36:36</startdate>
<round>1</round>
<failsafecounter/>
<players><player seat="3" name="oreiasccp" chips="385" dealer="0" win="70" bet="125" muck="1" rebuy="0" addon="0" merge="0" rebuychips="0" reg_code="8394255968"/>
<player seat="6" name="lavidalocaM" chips="1,115" dealer="1" win="0" bet="35" muck="1" rebuy="0" addon="0" merge="0" rebuychips="0" reg_code="8394255976"/>
</players>
</general>
<round no="0"><action no="1" player="lavidalocaM" type="15" discard="1" dealt="1" sum="5"/>
<action no="2" player="oreiasccp" type="15" sum="5"/>
<action no="3" player="lavidalocaM" type="1" discard="1" dealt="1" sum="15"/>
<action no="4" player="oreiasccp" type="2" sum="30"/>
</round>
<round no="1"><cards type="Pocket" player="oreiasccp">CK SA</cards>
<cards type="Pocket" player="lavidalocaM">X X</cards>
<action no="5" player="lavidalocaM" type="3" discard="1" dealt="1" sum="15"/>
<action no="6" player="oreiasccp" type="23" sum="120"/>
<action no="7" player="lavidalocaM" type="0" discard="1" dealt="1" sum="0"/>
</round>
</game>
<game gamecode="11540618043"><general><startdate>2025-06-29 09:36:45</startdate>
<round>1</round>
<failsafecounter/>
<players><player seat="6" name="lavidalocaM" chips="1,080" dealer="0" win="190" bet="95" muck="0" rebuy="0" addon="0" merge="0" rebuychips="0" reg_code="8394255976"/>
<player seat="3" name="oreiasccp" chips="420" dealer="1" win="0" bet="95" muck="1" rebuy="0" addon="0" merge="0" rebuychips="0" reg_code="8394255968"/>
</players>
</general>
<round no="0"><action no="1" player="oreiasccp" type="15" sum="5"/>
<action no="2" player="lavidalocaM" type="15" discard="1" dealt="1" sum="5"/>
<action no="3" player="oreiasccp" type="1" sum="15"/>
<action no="4" player="lavidalocaM" type="2" discard="1" dealt="1" sum="30"/>
</round>
<round no="1"><cards type="Pocket" player="oreiasccp">C8 C6</cards>
<cards type="Pocket" player="lavidalocaM">S6 SJ</cards>
<action no="5" player="oreiasccp" type="3" sum="15"/>
<action no="6" player="lavidalocaM" type="4" discard="1" dealt="1" sum="0"/>
</round>
<round no="2"><cards type="Flop">C7 D7 S9</cards>
<action no="7" player="lavidalocaM" type="4" discard="1" dealt="1" sum="0"/>
<action no="8" player="oreiasccp" type="5" sum="30"/>
<action no="9" player="lavidalocaM" type="3" discard="1" dealt="1" sum="30"/>
</round>
<round no="3"><cards type="Turn">D4</cards>
<action no="10" player="lavidalocaM" type="4" discard="1" dealt="1" sum="0"/>
<action no="11" player="oreiasccp" type="4" sum="0"/>
</round>
<round no="4"><cards type="River">D6</cards>
<action no="12" player="lavidalocaM" type="5" discard="1" dealt="1" sum="30"/>
<action no="13" player="oreiasccp" type="3" sum="30"/>
</round>
</game>
<game gamecode="11540618092"><general><startdate>2025-06-29 09:37:00</startdate>
<round>1</round>
<failsafecounter/>
<players><player seat="3" name="oreiasccp" chips="325" dealer="0" win="70" bet="325" muck="1" rebuy="0" addon="0" merge="0" rebuychips="0" reg_code="8394255968"/>
<player seat="6" name="lavidalocaM" chips="1,175" dealer="1" win="0" bet="35" muck="1" rebuy="0" addon="0" merge="0" rebuychips="0" reg_code="8394255976"/>
</players>
</general>
<round no="0"><action no="1" player="lavidalocaM" type="15" discard="1" dealt="1" sum="5"/>
<action no="2" player="oreiasccp" type="15" sum="5"/>
<action no="3" player="lavidalocaM" type="1" discard="1" dealt="1" sum="15"/>
<action no="4" player="oreiasccp" type="2" sum="30"/>
</round>
<round no="1"><cards type="Pocket" player="lavidalocaM">X X</cards>
<cards type="Pocket" player="oreiasccp">S2 C2</cards>
<action no="5" player="lavidalocaM" type="3" discard="1" dealt="1" sum="15"/>
<action no="6" player="oreiasccp" type="23" sum="320"/>
<action no="7" player="lavidalocaM" type="0" discard="1" dealt="1" sum="0"/>
</round>
</game>
<game gamecode="11540618123"><general><startdate>2025-06-29 09:37:07</startdate>
<round>1</round>
<failsafecounter/>
<players><player seat="6" name="lavidalocaM" chips="1,140" dealer="0" win="0" bet="65" muck="1" rebuy="0" addon="0" merge="0" rebuychips="0" reg_code="8394255976"/>
<player seat="3" name="oreiasccp" chips="360" dealer="1" win="130" bet="65" muck="0" rebuy="0" addon="0" merge="0" rebuychips="0" reg_code="8394255968"/>
</players>
</general>
<round no="0"><action no="1" player="oreiasccp" type="15" sum="5"/>
<action no="2" player="lavidalocaM" type="15" discard="1" dealt="1" sum="5"/>
<action no="3" player="oreiasccp" type="1" sum="15"/>
<action no="4" player="lavidalocaM" type="2" discard="1" dealt="1" sum="30"/>
</round>
<round no="1"><cards type="Pocket" player="oreiasccp">HJ C10</cards>
<cards type="Pocket" player="lavidalocaM">S10 HQ</cards>
<action no="5" player="oreiasccp" type="3" sum="15"/>
<action no="6" player="lavidalocaM" type="4" discard="1" dealt="1" sum="0"/>
</round>
<round no="2"><cards type="Flop">C8 H4 S5</cards>
<action no="7" player="lavidalocaM" type="4" discard="1" dealt="1" sum="0"/>
<action no="8" player="oreiasccp" type="4" sum="0"/>
</round>
<round no="3"><cards type="Turn">SK</cards>
<action no="9" player="lavidalocaM" type="4" discard="1" dealt="1" sum="0"/>
<action no="10" player="oreiasccp" type="4" sum="0"/>
</round>
<round no="4"><cards type="River">DJ</cards>
<action no="11" player="lavidalocaM" type="4" discard="1" dealt="1" sum="0"/>
<action no="12" player="oreiasccp" type="5" sum="30"/>
<action no="13" player="lavidalocaM" type="3" discard="1" dealt="1" sum="30"/>
</round>
</game>
<game gamecode="11540618166"><general><startdate>2025-06-29 09:37:23</startdate>
<round>1</round>
<failsafecounter/>
<players><player seat="3" name="oreiasccp" chips="425" dealer="0" win="50" bet="45" muck="1" rebuy="0" addon="0" merge="0" rebuychips="0" reg_code="8394255968"/>
<player seat="6" name="lavidalocaM" chips="1,075" dealer="1" win="0" bet="25" muck="1" rebuy="0" addon="0" merge="0" rebuychips="0" reg_code="8394255976"/>
</players>
</general>
<round no="0"><action no="1" player="lavidalocaM" type="15" discard="1" dealt="1" sum="5"/>
<action no="2" player="oreiasccp" type="15" sum="5"/>
<action no="3" player="lavidalocaM" type="1" discard="1" dealt="1" sum="20"/>
<action no="4" player="oreiasccp" type="2" sum="40"/>
</round>
<round no="1"><cards type="Pocket" player="oreiasccp">S9 H4</cards>
<cards type="Pocket" player="lavidalocaM">X X</cards>
<action no="5" player="lavidalocaM" type="0" discard="1" dealt="1" sum="0"/>
</round>
</game>
<game gamecode="11540618184"><general><startdate>2025-06-29 09:37:29</startdate>
<round>1</round>
<failsafecounter/>
<players><player seat="6" name="lavidalocaM" chips="1,050" dealer="0" win="0" bet="45" muck="1" rebuy="0" addon="0" merge="0" rebuychips="0" reg_code="8394255976"/>
<player seat="3" name="oreiasccp" chips="450" dealer="1" win="90" bet="450" muck="1" rebuy="0" addon="0" merge="0" rebuychips="0" reg_code="8394255968"/>
</players>
</general>
<round no="0"><action no="1" player="oreiasccp" type="15" sum="5"/>
<action no="2" player="lavidalocaM" type="15" discard="1" dealt="1" sum="5"/>
<action no="3" player="oreiasccp" type="1" sum="20"/>
<action no="4" player="lavidalocaM" type="2" discard="1" dealt="1" sum="40"/>
</round>
<round no="1"><cards type="Pocket" player="oreiasccp">DA C5</cards>
<cards type="Pocket" player="lavidalocaM">X X</cards>
<action no="5" player="oreiasccp" type="23" sum="445"/>
<action no="6" player="lavidalocaM" type="0" discard="1" dealt="1" sum="0"/>
</round>
</game>
<game gamecode="11540618212"><general><startdate>2025-06-29 09:37:36</startdate>
<round>1</round>
<failsafecounter/>
<players><player seat="3" name="oreiasccp" chips="495" dealer="0" win="0" bet="45" muck="1" rebuy="0" addon="0" merge="0" rebuychips="0" reg_code="8394255968"/>
<player seat="6" name="lavidalocaM" chips="1,005" dealer="1" win="90" bet="85" muck="1" rebuy="0" addon="0" merge="0" rebuychips="0" reg_code="8394255976"/>
</players>
</general>
<round no="0"><action no="1" player="lavidalocaM" type="15" discard="1" dealt="1" sum="5"/>
<action no="2" player="oreiasccp" type="15" sum="5"/>
<action no="3" player="lavidalocaM" type="1" discard="1" dealt="1" sum="20"/>
<action no="4" player="oreiasccp" type="2" sum="40"/>
</round>
<round no="1"><cards type="Pocket" player="oreiasccp">D5 D9</cards>
<cards type="Pocket" player="lavidalocaM">X X</cards>
<action no="5" player="lavidalocaM" type="3" discard="1" dealt="1" sum="20"/>
<action no="6" player="oreiasccp" type="4" sum="0"/>
</round>
<round no="2"><cards type="Flop">C4 C2 DK</cards>
<action no="7" player="oreiasccp" type="4" sum="0"/>
<action no="8" player="lavidalocaM" type="5" discard="1" dealt="1" sum="40"/>
<action no="9" player="oreiasccp" type="0" sum="0"/>
</round>
</game>
<game gamecode="11540618234"><general><startdate>2025-06-29 09:37:46</startdate>
<round>1</round>
<failsafecounter/>
<players><player seat="6" name="lavidalocaM" chips="1,050" dealer="0" win="0" bet="205" muck="0" rebuy="0" addon="0" merge="0" rebuychips="0" reg_code="8394255976"/>
<player seat="3" name="oreiasccp" chips="450" dealer="1" win="410" bet="205" muck="0" rebuy="0" addon="0" merge="0" rebuychips="0" reg_code="8394255968"/>
</players>
</general>
<round no="0"><action no="1" player="oreiasccp" type="15" sum="5"/>
<action no="2" player="lavidalocaM" type="15" discard="1" dealt="1" sum="5"/>
<action no="3" player="oreiasccp" type="1" sum="20"/>
<action no="4" player="lavidalocaM" type="2" discard="1" dealt="1" sum="40"/>
</round>
<round no="1"><cards type="Pocket" player="lavidalocaM">C6 D10</cards>
<cards type="Pocket" player="oreiasccp">D6 S6</cards>
<action no="5" player="oreiasccp" type="3" sum="20"/>
<action no="6" player="lavidalocaM" type="4" discard="1" dealt="1" sum="0"/>
</round>
<round no="2"><cards type="Flop">S4 C2 C7</cards>
<action no="7" player="lavidalocaM" type="4" discard="1" dealt="1" sum="0"/>
<action no="8" player="oreiasccp" type="4" sum="0"/>
</round>
<round no="3"><cards type="Turn">D8</cards>
<action no="9" player="lavidalocaM" type="5" discard="1" dealt="1" sum="40"/>
<action no="10" player="oreiasccp" type="3" sum="40"/>
</round>
<round no="4"><cards type="River">SA</cards>
<action no="11" player="lavidalocaM" type="5" discard="1" dealt="1" sum="120"/>
<action no="12" player="oreiasccp" type="3" sum="120"/>
</round>
</game>
<game gamecode="11540622416"><general><startdate>2025-06-29 09:38:06</startdate>
<round>1</round>
<failsafecounter/>
<players><player seat="3" name="oreiasccp" chips="655" dealer="0" win="0" bet="45" muck="1" rebuy="0" addon="0" merge="0" rebuychips="0" reg_code="8394255968"/>
<player seat="6" name="lavidalocaM" chips="845" dealer="1" win="90" bet="85" muck="1" rebuy="0" addon="0" merge="0" rebuychips="0" reg_code="8394255976"/>
</players>
</general>
<round no="0"><action no="1" player="lavidalocaM" type="15" discard="1" dealt="1" sum="5"/>
<action no="2" player="oreiasccp" type="15" sum="5"/>
<action no="3" player="lavidalocaM" type="1" discard="1" dealt="1" sum="20"/>
<action no="4" player="oreiasccp" type="2" sum="40"/>
</round>
<round no="1"><cards type="Pocket" player="oreiasccp">S3 H10</cards>
<cards type="Pocket" player="lavidalocaM">X X</cards>
<action no="5" player="lavidalocaM" type="3" discard="1" dealt="1" sum="20"/>
<action no="6" player="oreiasccp" type="4" sum="0"/>
</round>
<round no="2"><cards type="Flop">CQ S7 SK</cards>
<action no="7" player="oreiasccp" type="4" sum="0"/>
<action no="8" player="lavidalocaM" type="5" discard="1" dealt="1" sum="40"/>
<action no="9" player="oreiasccp" type="0" sum="0"/>
</round>
</game>
<game gamecode="11540622445"><general><startdate>2025-06-29 09:38:17</startdate>
<round>1</round>
<failsafecounter/>
<players><player seat="6" name="lavidalocaM" chips="890" dealer="0" win="90" bet="890" muck="1" rebuy="0" addon="0" merge="0" rebuychips="0" reg_code="8394255976"/>
<player seat="3" name="oreiasccp" chips="610" dealer="1" win="0" bet="45" muck="1" rebuy="0" addon="0" merge="0" rebuychips="0" reg_code="8394255968"/>
</players>
</general>
<round no="0"><action no="1" player="oreiasccp" type="15" sum="5"/>
<action no="2" player="lavidalocaM" type="15" discard="1" dealt="1" sum="5"/>
<action no="3" player="oreiasccp" type="1" sum="20"/>
<action no="4" player="lavidalocaM" type="2" discard="1" dealt="1" sum="40"/>
</round>
<round no="1"><cards type="Pocket" player="lavidalocaM">X X</cards>
<cards type="Pocket" player="oreiasccp">D10 SK</cards>
<action no="5" player="oreiasccp" type="3" sum="20"/>
<action no="6" player="lavidalocaM" type="23" discard="1" dealt="1" sum="885"/>
<action no="7" player="oreiasccp" type="0" sum="0"/>
</round>
</game>
<game gamecode="11540622477"><general><startdate>2025-06-29 09:38:26</startdate>
<round>1</round>
<failsafecounter/>
<players><player seat="3" name="oreiasccp" chips="565" dealer="0" win="0" bet="45" muck="1" rebuy="0" addon="0" merge="0" rebuychips="0" reg_code="8394255968"/>
<player seat="6" name="lavidalocaM" chips="935" dealer="1" win="90" bet="85" muck="1" rebuy="0" addon="0" merge="0" rebuychips="0" reg_code="8394255976"/>
</players>
</general>
<round no="0"><action no="1" player="lavidalocaM" type="15" discard="1" dealt="1" sum="5"/>
<action no="2" player="oreiasccp" type="15" sum="5"/>
<action no="3" player="lavidalocaM" type="1" discard="1" dealt="1" sum="20"/>
<action no="4" player="oreiasccp" type="2" sum="40"/>
</round>
<round no="1"><cards type="Pocket" player="lavidalocaM">X X</cards>
<cards type="Pocket" player="oreiasccp">H8 C3</cards>
<action no="5" player="lavidalocaM" type="3" discard="1" dealt="1" sum="20"/>
<action no="6" player="oreiasccp" type="4" sum="0"/>
</round>
<round no="2"><cards type="Flop">H10 D9 CK</cards>
<action no="7" player="oreiasccp" type="4" sum="0"/>
<action no="8" player="lavidalocaM" type="4" discard="1" dealt="1" sum="0"/>
</round>
<round no="3"><cards type="Turn">HK</cards>
<action no="9" player="oreiasccp" type="4" sum="0"/>
<action no="10" player="lavidalocaM" type="5" discard="1" dealt="1" sum="40"/>
<action no="11" player="oreiasccp" type="0" sum="0"/>
</round>
</game>
<game gamecode="11540622521"><general><startdate>2025-06-29 09:38:42</startdate>
<round>1</round>
<failsafecounter/>
<players><player seat="6" name="lavidalocaM" chips="980" dealer="0" win="90" bet="45" muck="0" rebuy="0" addon="0" merge="0" rebuychips="0" reg_code="8394255976"/>
<player seat="3" name="oreiasccp" chips="520" dealer="1" win="0" bet="45" muck="1" rebuy="0" addon="0" merge="0" rebuychips="0" reg_code="8394255968"/>
</players>
</general>
<round no="0"><action no="1" player="oreiasccp" type="15" sum="5"/>
<action no="2" player="lavidalocaM" type="15" discard="1" dealt="1" sum="5"/>
<action no="3" player="oreiasccp" type="1" sum="20"/>
<action no="4" player="lavidalocaM" type="2" discard="1" dealt="1" sum="40"/>
</round>
<round no="1"><cards type="Pocket" player="oreiasccp">S2 CQ</cards>
<cards type="Pocket" player="lavidalocaM">C3 D2</cards>
<action no="5" player="oreiasccp" type="3" sum="20"/>
<action no="6" player="lavidalocaM" type="4" discard="1" dealt="1" sum="0"/>
</round>
<round no="2"><cards type="Flop">S9 H10 H8</cards>
<action no="7" player="lavidalocaM" type="4" discard="1" dealt="1" sum="0"/>
<action no="8" player="oreiasccp" type="4" sum="0"/>
</round>
<round no="3"><cards type="Turn">H3</cards>
<action no="9" player="lavidalocaM" type="4" discard="1" dealt="1" sum="0"/>
<action no="10" player="oreiasccp" type="4" sum="0"/>
</round>
<round no="4"><cards type="River">D4</cards>
<action no="11" player="lavidalocaM" type="4" discard="1" dealt="1" sum="0"/>
<action no="12" player="oreiasccp" type="4" sum="0"/>
</round>
</game>
<game gamecode="11540622594"><general><startdate>2025-06-29 09:39:05</startdate>
<round>1</round>
<failsafecounter/>
<players><player seat="3" name="oreiasccp" chips="475" dealer="0" win="50" bet="45" muck="1" rebuy="0" addon="0" merge="0" rebuychips="0" reg_code="8394255968"/>
<player seat="6" name="lavidalocaM" chips="1,025" dealer="1" win="0" bet="25" muck="1" rebuy="0" addon="0" merge="0" rebuychips="0" reg_code="8394255976"/>
</players>
</general>
<round no="0"><action no="1" player="lavidalocaM" type="15" discard="1" dealt="1" sum="5"/>
<action no="2" player="oreiasccp" type="15" sum="5"/>
<action no="3" player="lavidalocaM" type="1" discard="1" dealt="1" sum="20"/>
<action no="4" player="oreiasccp" type="2" sum="40"/>
</round>
<round no="1"><cards type="Pocket" player="lavidalocaM">X X</cards>
<cards type="Pocket" player="oreiasccp">SK CQ</cards>
<action no="5" player="lavidalocaM" type="0" discard="1" dealt="1" sum="0"/>
</round>
</game>
<game gamecode="11540622609"><general><startdate>2025-06-29 09:39:11</startdate>
<round>1</round>
<failsafecounter/>
<players><player seat="6" name="lavidalocaM" chips="1,000" dealer="0" win="0" bet="65" muck="1" rebuy="0" addon="0" merge="0" rebuychips="0" reg_code="8394255976"/>
<player seat="3" name="oreiasccp" chips="500" dealer="1" win="130" bet="500" muck="1" rebuy="0" addon="0" merge="0" rebuychips="0" reg_code="8394255968"/>
</players>
</general>
<round no="0"><action no="1" player="oreiasccp" type="15" sum="5"/>
<action no="2" player="lavidalocaM" type="15" discard="1" dealt="1" sum="5"/>
<action no="3" player="oreiasccp" type="1" sum="30"/>
<action no="4" player="lavidalocaM" type="2" discard="1" dealt="1" sum="60"/>
</round>
<round no="1"><cards type="Pocket" player="lavidalocaM">X X</cards>
<cards type="Pocket" player="oreiasccp">C7 HK</cards>
<action no="5" player="oreiasccp" type="23" sum="495"/>
<action no="6" player="lavidalocaM" type="0" discard="1" dealt="1" sum="0"/>
</round>
</game>
<game gamecode="11540622628"><general><startdate>2025-06-29 09:39:17</startdate>
<round>1</round>
<failsafecounter/>
<players><player seat="3" name="oreiasccp" chips="565" dealer="0" win="0" bet="65" muck="1" rebuy="0" addon="0" merge="0" rebuychips="0" reg_code="8394255968"/>
<player seat="6" name="lavidalocaM" chips="935" dealer="1" win="130" bet="935" muck="1" rebuy="0" addon="0" merge="0" rebuychips="0" reg_code="8394255976"/>
</players>
</general>
<round no="0"><action no="1" player="lavidalocaM" type="15" discard="1" dealt="1" sum="5"/>
<action no="2" player="oreiasccp" type="15" sum="5"/>
<action no="3" player="lavidalocaM" type="1" discard="1" dealt="1" sum="30"/>
<action no="4" player="oreiasccp" type="2" sum="60"/>
</round>
<round no="1"><cards type="Pocket" player="oreiasccp">C3 C5</cards>
<cards type="Pocket" player="lavidalocaM">X X</cards>
<action no="5" player="lavidalocaM" type="23" discard="1" dealt="1" sum="930"/>
<action no="6" player="oreiasccp" type="0" sum="0"/>
</round>
</game>
<game gamecode="11540622653"><general><startdate>2025-06-29 09:39:24</startdate>
<round>1</round>
<failsafecounter/>
<players><player seat="6" name="lavidalocaM" chips="1,000" dealer="0" win="1,000" bet="500" muck="0" rebuy="0" addon="0" merge="0" rebuychips="0" reg_code="8394255976"/>
<player seat="3" name="oreiasccp" chips="500" dealer="1" win="0" bet="500" muck="0" rebuy="0" addon="0" merge="0" rebuychips="0" reg_code="8394255968"/>
</players>
</general>
<round no="0"><action no="1" player="oreiasccp" type="15" sum="5"/>
<action no="2" player="lavidalocaM" type="15" discard="1" dealt="1" sum="5"/>
<action no="3" player="oreiasccp" type="1" sum="30"/>
<action no="4" player="lavidalocaM" type="2" discard="1" dealt="1" sum="60"/>
</round>
<round no="1"><cards type="Pocket" player="lavidalocaM">D10 DJ</cards>
<cards type="Pocket" player="oreiasccp">HK S4</cards>
<action no="5" player="oreiasccp" type="23" sum="495"/>
<action no="6" player="lavidalocaM" type="3" discard="1" dealt="1" sum="435"/>
</round>
<round no="2"><cards type="Flop">CA C7 HQ</cards>
</round>
<round no="3"><cards type="Turn">SJ</cards>
</round>
<round no="4"><cards type="River">C9</cards>
</round>
</game>
</session>
