<?xml version="1.0" encoding="UTF-8"?>
<session sessioncode="8394274466">
<general>
<client_version>25.1.1.13</client_version>
<mode>real</mode>
<gametype>Holdem NL</gametype>
<tablename>Twister €5 SNG, 1128852580</tablename>
<tournamentcode>1128852579</tournamentcode>
<tournamentname>Twister €5 SNG</tournamentname>
<buyin>€0 + €0.35 + €4.65</buyin>
<totalbuyin>€5</totalbuyin>
<rewarddrawn>€10</rewarddrawn>
<tournamentcurrency>EUR</tournamentcurrency>
<currency>EUR</currency>
<nickname>oreiasccp</nickname>
<gamecount>25</gamecount>
<startdate>2025-06-29 10:34:00</startdate>
<place>1</place>
<win>€10</win>
<tablesize>3</tablesize>
</general>
<game gamecode="11540667322"><general><startdate>2025-06-29 10:34:16</startdate>
<round>1</round>
<failsafecounter/>
<players><player seat="6" name="kijamet67" chips="500" dealer="0" win="0" bet="60" muck="1" rebuy="0" addon="0" merge="0" rebuychips="0" reg_code="8394274474"/>
<player seat="10" name="lucasAfc" chips="500" dealer="1" win="130" bet="190" muck="1" rebuy="0" addon="0" merge="0" rebuychips="0" reg_code="8394274503"/>
<player seat="3" name="oreiasccp" chips="500" dealer="0" win="0" bet="10" muck="1" rebuy="0" addon="0" merge="0" rebuychips="0" reg_code="8394274466"/>
</players>
</general>
<round no="0"><action no="1" player="oreiasccp" type="1" sum="10"/>
<action no="2" player="kijamet67" type="2" discard="1" dealt="1" sum="20"/>
</round>
<round no="1"><cards type="Pocket" player="oreiasccp">C8 D4</cards>
<cards type="Pocket" player="kijamet67">X X</cards>
<cards type="Pocket" player="lucasAfc">X X</cards>
<action no="3" player="lucasAfc" type="23" discard="1" dealt="1" sum="60"/>
<action no="4" player="oreiasccp" type="0" sum="0"/>
<action no="5" player="kijamet67" type="3" discard="1" dealt="1" sum="40"/>
</round>
<round no="2"><cards type="Flop">HK CK S4</cards>
<action no="6" player="kijamet67" type="4" discard="1" dealt="1" sum="0"/>
<action no="7" player="lucasAfc" type="4" discard="1" dealt="1" sum="0"/>
</round>
<round no="3"><cards type="Turn">H4</cards>
<action no="8" player="kijamet67" type="4" discard="1" dealt="1" sum="0"/>
<action no="9" player="lucasAfc" type="5" discard="1" dealt="1" sum="130"/>
<action no="10" player="kijamet67" type="0" discard="1" dealt="1" sum="0"/>
</round>
</game>
<game gamecode="11540667477"><general><startdate>2025-06-29 10:34:53</startdate>
<round>1</round>
<failsafecounter/>
<players><player seat="10" name="lucasAfc" chips="570" dealer="0" win="80" bet="120" muck="1" rebuy="0" addon="0" merge="0" rebuychips="0" reg_code="8394274503"/>
<player seat="3" name="oreiasccp" chips="490" dealer="1" win="0" bet="0" muck="1" rebuy="0" addon="0" merge="0" rebuychips="0" reg_code="8394274466"/>
<player seat="6" name="kijamet67" chips="440" dealer="0" win="0" bet="40" muck="1" rebuy="0" addon="0" merge="0" rebuychips="0" reg_code="8394274474"/>
</players>
</general>
<round no="0"><action no="1" player="kijamet67" type="1" discard="1" dealt="1" sum="10"/>
<action no="2" player="lucasAfc" type="2" discard="1" dealt="1" sum="20"/>
</round>
<round no="1"><cards type="Pocket" player="lucasAfc">X X</cards>
<cards type="Pocket" player="oreiasccp">S2 H10</cards>
<cards type="Pocket" player="kijamet67">X X</cards>
<action no="3" player="oreiasccp" type="0" sum="0"/>
<action no="4" player="kijamet67" type="23" discard="1" dealt="1" sum="40"/>
<action no="5" player="lucasAfc" type="3" discard="1" dealt="1" sum="20"/>
</round>
<round no="2"><cards type="Flop">H3 SK D2</cards>
<action no="6" player="kijamet67" type="4" discard="1" dealt="1" sum="0"/>
<action no="7" player="lucasAfc" type="4" discard="1" dealt="1" sum="0"/>
</round>
<round no="3"><cards type="Turn">C2</cards>
<action no="8" player="kijamet67" type="4" discard="1" dealt="1" sum="0"/>
<action no="9" player="lucasAfc" type="4" discard="1" dealt="1" sum="0"/>
</round>
<round no="4"><cards type="River">S10</cards>
<action no="10" player="kijamet67" type="4" discard="1" dealt="1" sum="0"/>
<action no="11" player="lucasAfc" type="5" discard="1" dealt="1" sum="80"/>
<action no="12" player="kijamet67" type="0" discard="1" dealt="1" sum="0"/>
</round>
</game>
<game gamecode="11540667657"><general><startdate>2025-06-29 10:35:40</startdate>
<round>1</round>
<failsafecounter/>
<players><player seat="3" name="oreiasccp" chips="490" dealer="0" win="0" bet="60" muck="1" rebuy="0" addon="0" merge="0" rebuychips="0" reg_code="8394274466"/>
<player seat="6" name="kijamet67" chips="400" dealer="1" win="130" bet="60" muck="0" rebuy="0" addon="0" merge="0" rebuychips="0" reg_code="8394274474"/>
<player seat="10" name="lucasAfc" chips="610" dealer="0" win="0" bet="10" muck="1" rebuy="0" addon="0" merge="0" rebuychips="0" reg_code="8394274503"/>
</players>
</general>
<round no="0"><action no="1" player="lucasAfc" type="1" discard="1" dealt="1" sum="10"/>
<action no="2" player="oreiasccp" type="2" sum="20"/>
</round>
<round no="1"><cards type="Pocket" player="kijamet67">HA C10</cards>
<cards type="Pocket" player="lucasAfc">X X</cards>
<cards type="Pocket" player="oreiasccp">C6 HQ</cards>
<action no="3" player="kijamet67" type="23" discard="1" dealt="1" sum="40"/>
<action no="4" player="lucasAfc" type="0" discard="1" dealt="1" sum="0"/>
<action no="5" player="oreiasccp" type="3" sum="20"/>
</round>
<round no="2"><cards type="Flop">CQ SA H10</cards>
<action no="6" player="oreiasccp" type="4" sum="0"/>
<action no="7" player="kijamet67" type="4" discard="1" dealt="1" sum="0"/>
</round>
<round no="3"><cards type="Turn">CJ</cards>
<action no="8" player="oreiasccp" type="4" sum="0"/>
<action no="9" player="kijamet67" type="5" discard="1" dealt="1" sum="20"/>
<action no="10" player="oreiasccp" type="3" sum="20"/>
</round>
<round no="4"><cards type="River">S8</cards>
<action no="11" player="oreiasccp" type="4" sum="0"/>
<action no="12" player="kijamet67" type="4" discard="1" dealt="1" sum="0"/>
</round>
</game>
<game gamecode="11540667829"><general><startdate>2025-06-29 10:36:24</startdate>
<round>1</round>
<failsafecounter/>
<players><player seat="6" name="kijamet67" chips="470" dealer="0" win="0" bet="35" muck="1" rebuy="0" addon="0" merge="0" rebuychips="0" reg_code="8394274474"/>
<player seat="10" name="lucasAfc" chips="600" dealer="1" win="90" bet="65" muck="1" rebuy="0" addon="0" merge="0" rebuychips="0" reg_code="8394274503"/>
<player seat="3" name="oreiasccp" chips="430" dealer="0" win="0" bet="20" muck="1" rebuy="0" addon="0" merge="0" rebuychips="0" reg_code="8394274466"/>
</players>
</general>
<round no="0"><action no="1" player="oreiasccp" type="15" sum="5"/>
<action no="2" player="kijamet67" type="15" discard="1" dealt="1" sum="5"/>
<action no="3" player="lucasAfc" type="15" discard="1" dealt="1" sum="5"/>
<action no="4" player="oreiasccp" type="1" sum="15"/>
<action no="5" player="kijamet67" type="2" discard="1" dealt="1" sum="30"/>
</round>
<round no="1"><cards type="Pocket" player="kijamet67">X X</cards>
<cards type="Pocket" player="oreiasccp">S8 C3</cards>
<cards type="Pocket" player="lucasAfc">X X</cards>
<action no="6" player="lucasAfc" type="3" discard="1" dealt="1" sum="30"/>
<action no="7" player="oreiasccp" type="0" sum="0"/>
<action no="8" player="kijamet67" type="4" discard="1" dealt="1" sum="0"/>
</round>
<round no="2"><cards type="Flop">S2 CK D3</cards>
<action no="9" player="kijamet67" type="4" discard="1" dealt="1" sum="0"/>
<action no="10" player="lucasAfc" type="5" discard="1" dealt="1" sum="30"/>
<action no="11" player="kijamet67" type="0" discard="1" dealt="1" sum="0"/>
</round>
</game>
<game gamecode="11540667915"><general><startdate>2025-06-29 10:36:44</startdate>
<round>1</round>
<failsafecounter/>
<players><player seat="10" name="lucasAfc" chips="655" dealer="0" win="0" bet="65" muck="1" rebuy="0" addon="0" merge="0" rebuychips="0" reg_code="8394274503"/>
<player seat="3" name="oreiasccp" chips="410" dealer="1" win="150" bet="119" muck="1" rebuy="0" addon="0" merge="0" rebuychips="0" reg_code="8394274466"/>
<player seat="6" name="kijamet67" chips="435" dealer="0" win="0" bet="20" muck="1" rebuy="0" addon="0" merge="0" rebuychips="0" reg_code="8394274474"/>
</players>
</general>
<round no="0"><action no="1" player="kijamet67" type="15" discard="1" dealt="1" sum="5"/>
<action no="2" player="lucasAfc" type="15" discard="1" dealt="1" sum="5"/>
<action no="3" player="oreiasccp" type="15" sum="5"/>
<action no="4" player="kijamet67" type="1" discard="1" dealt="1" sum="15"/>
<action no="5" player="lucasAfc" type="2" discard="1" dealt="1" sum="30"/>
</round>
<round no="1"><cards type="Pocket" player="kijamet67">X X</cards>
<cards type="Pocket" player="lucasAfc">X X</cards>
<cards type="Pocket" player="oreiasccp">S10 CQ</cards>
<action no="6" player="oreiasccp" type="23" sum="60"/>
<action no="7" player="kijamet67" type="0" discard="1" dealt="1" sum="0"/>
<action no="8" player="lucasAfc" type="3" discard="1" dealt="1" sum="30"/>
</round>
<round no="2"><cards type="Flop">H2 D10 HQ</cards>
<action no="9" player="lucasAfc" type="4" discard="1" dealt="1" sum="0"/>
<action no="10" player="oreiasccp" type="5" sum="54"/>
<action no="11" player="lucasAfc" type="0" discard="1" dealt="1" sum="0"/>
</round>
</game>
<game gamecode="11540668008"><general><startdate>2025-06-29 10:37:07</startdate>
<round>1</round>
<failsafecounter/>
<players><player seat="3" name="oreiasccp" chips="495" dealer="0" win="0" bet="35" muck="1" rebuy="0" addon="0" merge="0" rebuychips="0" reg_code="8394274466"/>
<player seat="6" name="kijamet67" chips="415" dealer="1" win="0" bet="110" muck="1" rebuy="0" addon="0" merge="0" rebuychips="0" reg_code="8394274474"/>
<player seat="10" name="lucasAfc" chips="590" dealer="0" win="255" bet="238" muck="1" rebuy="0" addon="0" merge="0" rebuychips="0" reg_code="8394274503"/>
</players>
</general>
<round no="0"><action no="1" player="lucasAfc" type="15" discard="1" dealt="1" sum="5"/>
<action no="2" player="oreiasccp" type="15" sum="5"/>
<action no="3" player="kijamet67" type="15" discard="1" dealt="1" sum="5"/>
<action no="4" player="lucasAfc" type="1" discard="1" dealt="1" sum="15"/>
<action no="5" player="oreiasccp" type="2" sum="30"/>
</round>
<round no="1"><cards type="Pocket" player="oreiasccp">HQ D6</cards>
<cards type="Pocket" player="kijamet67">X X</cards>
<cards type="Pocket" player="lucasAfc">X X</cards>
<action no="6" player="kijamet67" type="3" discard="1" dealt="1" sum="30"/>
<action no="7" player="lucasAfc" type="23" discard="1" dealt="1" sum="75"/>
<action no="8" player="oreiasccp" type="0" sum="0"/>
<action no="9" player="kijamet67" type="3" discard="1" dealt="1" sum="45"/>
</round>
<round no="2"><cards type="Flop">C4 D4 SJ</cards>
<action no="10" player="lucasAfc" type="5" discard="1" dealt="1" sum="30"/>
<action no="11" player="kijamet67" type="3" discard="1" dealt="1" sum="30"/>
</round>
<round no="3"><cards type="Turn">C9</cards>
<action no="12" player="lucasAfc" type="5" discard="1" dealt="1" sum="128"/>
<action no="13" player="kijamet67" type="0" discard="1" dealt="1" sum="0"/>
</round>
</game>
<game gamecode="11540668115"><general><startdate>2025-06-29 10:37:33</startdate>
<round>1</round>
<failsafecounter/>
<players><player seat="6" name="kijamet67" chips="305" dealer="0" win="90" bet="155" muck="1" rebuy="0" addon="0" merge="0" rebuychips="0" reg_code="8394274474"/>
<player seat="10" name="lucasAfc" chips="735" dealer="1" win="0" bet="35" muck="1" rebuy="0" addon="0" merge="0" rebuychips="0" reg_code="8394274503"/>
<player seat="3" name="oreiasccp" chips="460" dealer="0" win="0" bet="20" muck="1" rebuy="0" addon="0" merge="0" rebuychips="0" reg_code="8394274466"/>
</players>
</general>
<round no="0"><action no="1" player="oreiasccp" type="15" sum="5"/>
<action no="2" player="kijamet67" type="15" discard="1" dealt="1" sum="5"/>
<action no="3" player="lucasAfc" type="15" discard="1" dealt="1" sum="5"/>
<action no="4" player="oreiasccp" type="1" sum="15"/>
<action no="5" player="kijamet67" type="2" discard="1" dealt="1" sum="30"/>
</round>
<round no="1"><cards type="Pocket" player="kijamet67">X X</cards>
<cards type="Pocket" player="oreiasccp">S7 H2</cards>
<cards type="Pocket" player="lucasAfc">X X</cards>
<action no="6" player="lucasAfc" type="3" discard="1" dealt="1" sum="30"/>
<action no="7" player="oreiasccp" type="0" sum="0"/>
<action no="8" player="kijamet67" type="23" discard="1" dealt="1" sum="150"/>
<action no="9" player="lucasAfc" type="0" discard="1" dealt="1" sum="0"/>
</round>
</game>
<game gamecode="11540668187"><general><startdate>2025-06-29 10:37:53</startdate>
<round>1</round>
<failsafecounter/>
<players><player seat="10" name="lucasAfc" chips="700" dealer="0" win="45" bet="35" muck="1" rebuy="0" addon="0" merge="0" rebuychips="0" reg_code="8394274503"/>
<player seat="3" name="oreiasccp" chips="440" dealer="1" win="0" bet="5" muck="1" rebuy="0" addon="0" merge="0" rebuychips="0" reg_code="8394274466"/>
<player seat="6" name="kijamet67" chips="360" dealer="0" win="0" bet="20" muck="1" rebuy="0" addon="0" merge="0" rebuychips="0" reg_code="8394274474"/>
</players>
</general>
<round no="0"><action no="1" player="kijamet67" type="15" discard="1" dealt="1" sum="5"/>
<action no="2" player="lucasAfc" type="15" discard="1" dealt="1" sum="5"/>
<action no="3" player="oreiasccp" type="15" sum="5"/>
<action no="4" player="kijamet67" type="1" discard="1" dealt="1" sum="15"/>
<action no="5" player="lucasAfc" type="2" discard="1" dealt="1" sum="30"/>
</round>
<round no="1"><cards type="Pocket" player="lucasAfc">X X</cards>
<cards type="Pocket" player="kijamet67">X X</cards>
<cards type="Pocket" player="oreiasccp">SK H8</cards>
<action no="6" player="oreiasccp" type="0" sum="0"/>
<action no="7" player="kijamet67" type="0" discard="1" dealt="1" sum="0"/>
</round>
</game>
<game gamecode="11540673702"><general><startdate>2025-06-29 10:38:10</startdate>
<round>1</round>
<failsafecounter/>
<players><player seat="3" name="oreiasccp" chips="435" dealer="0" win="75" bet="435" muck="1" rebuy="0" addon="0" merge="0" rebuychips="0" reg_code="8394274466"/>
<player seat="6" name="kijamet67" chips="340" dealer="1" win="0" bet="5" muck="1" rebuy="0" addon="0" merge="0" rebuychips="0" reg_code="8394274474"/>
<player seat="10" name="lucasAfc" chips="725" dealer="0" win="0" bet="35" muck="1" rebuy="0" addon="0" merge="0" rebuychips="0" reg_code="8394274503"/>
</players>
</general>
<round no="0"><action no="1" player="lucasAfc" type="15" discard="1" dealt="1" sum="5"/>
<action no="2" player="oreiasccp" type="15" sum="5"/>
<action no="3" player="kijamet67" type="15" discard="1" dealt="1" sum="5"/>
<action no="4" player="lucasAfc" type="1" discard="1" dealt="1" sum="15"/>
<action no="5" player="oreiasccp" type="2" sum="30"/>
</round>
<round no="1"><cards type="Pocket" player="kijamet67">X X</cards>
<cards type="Pocket" player="oreiasccp">D4 SA</cards>
<cards type="Pocket" player="lucasAfc">X X</cards>
<action no="6" player="kijamet67" type="0" discard="1" dealt="1" sum="0"/>
<action no="7" player="lucasAfc" type="3" discard="1" dealt="1" sum="15"/>
<action no="8" player="oreiasccp" type="23" sum="430"/>
<action no="9" player="lucasAfc" type="0" discard="1" dealt="1" sum="0"/>
</round>
</game>
<game gamecode="11540673768"><general><startdate>2025-06-29 10:38:29</startdate>
<round>1</round>
<failsafecounter/>
<players><player seat="6" name="kijamet67" chips="335" dealer="0" win="0" bet="45" muck="1" rebuy="0" addon="0" merge="0" rebuychips="0" reg_code="8394274474"/>
<player seat="10" name="lucasAfc" chips="690" dealer="1" win="0" bet="475" muck="1" rebuy="0" addon="0" merge="0" rebuychips="0" reg_code="8394274503"/>
<player seat="3" name="oreiasccp" chips="475" dealer="0" win="995" bet="475" muck="0" rebuy="0" addon="0" merge="0" rebuychips="0" reg_code="8394274466"/>
</players>
</general>
<round no="0"><action no="1" player="oreiasccp" type="15" sum="5"/>
<action no="2" player="kijamet67" type="15" discard="1" dealt="1" sum="5"/>
<action no="3" player="lucasAfc" type="15" discard="1" dealt="1" sum="5"/>
<action no="4" player="oreiasccp" type="1" sum="20"/>
<action no="5" player="kijamet67" type="2" discard="1" dealt="1" sum="40"/>
</round>
<round no="1"><cards type="Pocket" player="kijamet67">X X</cards>
<cards type="Pocket" player="lucasAfc">SA S6</cards>
<cards type="Pocket" player="oreiasccp">DJ SK</cards>
<action no="6" player="lucasAfc" type="3" discard="1" dealt="1" sum="40"/>
<action no="7" player="oreiasccp" type="23" sum="470"/>
<action no="8" player="kijamet67" type="0" discard="1" dealt="1" sum="0"/>
<action no="9" player="lucasAfc" type="3" discard="1" dealt="1" sum="430"/>
</round>
<round no="2"><cards type="Flop">C4 D7 C8</cards>
</round>
<round no="3"><cards type="Turn">CQ</cards>
</round>
<round no="4"><cards type="River">HK</cards>
</round>
</game>
<game gamecode="11540673869"><general><startdate>2025-06-29 10:38:54</startdate>
<round>1</round>
<failsafecounter/>
<players><player seat="10" name="lucasAfc" chips="215" dealer="0" win="0" bet="45" muck="1" rebuy="0" addon="0" merge="0" rebuychips="0" reg_code="8394274503"/>
<player seat="3" name="oreiasccp" chips="995" dealer="1" win="0" bet="5" muck="1" rebuy="0" addon="0" merge="0" rebuychips="0" reg_code="8394274466"/>
<player seat="6" name="kijamet67" chips="290" dealer="0" win="95" bet="85" muck="1" rebuy="0" addon="0" merge="0" rebuychips="0" reg_code="8394274474"/>
</players>
</general>
<round no="0"><action no="1" player="kijamet67" type="15" discard="1" dealt="1" sum="5"/>
<action no="2" player="lucasAfc" type="15" discard="1" dealt="1" sum="5"/>
<action no="3" player="oreiasccp" type="15" sum="5"/>
<action no="4" player="kijamet67" type="1" discard="1" dealt="1" sum="20"/>
<action no="5" player="lucasAfc" type="2" discard="1" dealt="1" sum="40"/>
</round>
<round no="1"><cards type="Pocket" player="kijamet67">X X</cards>
<cards type="Pocket" player="lucasAfc">X X</cards>
<cards type="Pocket" player="oreiasccp">S6 D2</cards>
<action no="6" player="oreiasccp" type="0" sum="0"/>
<action no="7" player="kijamet67" type="23" discard="1" dealt="1" sum="80"/>
<action no="8" player="lucasAfc" type="0" discard="1" dealt="1" sum="0"/>
</round>
</game>
<game gamecode="11540673967"><general><startdate>2025-06-29 10:39:19</startdate>
<round>1</round>
<failsafecounter/>
<players><player seat="3" name="oreiasccp" chips="990" dealer="0" win="705" bet="340" muck="0" rebuy="0" addon="0" merge="0" rebuychips="0" reg_code="8394274466"/>
<player seat="6" name="kijamet67" chips="340" dealer="1" win="0" bet="340" muck="1" rebuy="0" addon="0" merge="0" rebuychips="0" reg_code="8394274474"/>
<player seat="10" name="lucasAfc" chips="170" dealer="0" win="0" bet="25" muck="1" rebuy="0" addon="0" merge="0" rebuychips="0" reg_code="8394274503"/>
</players>
</general>
<round no="0"><action no="1" player="lucasAfc" type="15" discard="1" dealt="1" sum="5"/>
<action no="2" player="oreiasccp" type="15" sum="5"/>
<action no="3" player="kijamet67" type="15" discard="1" dealt="1" sum="5"/>
<action no="4" player="lucasAfc" type="1" discard="1" dealt="1" sum="20"/>
<action no="5" player="oreiasccp" type="2" sum="40"/>
</round>
<round no="1"><cards type="Pocket" player="lucasAfc">X X</cards>
<cards type="Pocket" player="oreiasccp">C2 SA</cards>
<cards type="Pocket" player="kijamet67">C8 C7</cards>
<action no="6" player="kijamet67" type="3" discard="1" dealt="1" sum="40"/>
<action no="7" player="lucasAfc" type="0" discard="1" dealt="1" sum="0"/>
<action no="8" player="oreiasccp" type="23" sum="335"/>
<action no="9" player="kijamet67" type="7" discard="1" dealt="1" sum="295"/>
</round>
<round no="2"><cards type="Flop">SQ CQ H9</cards>
</round>
<round no="3"><cards type="Turn">D3</cards>
</round>
<round no="4"><cards type="River">C4</cards>
</round>
</game>
<game gamecode="11540674073"><general><startdate>2025-06-29 10:39:50</startdate>
<round>1</round>
<failsafecounter/>
<players><player seat="3" name="oreiasccp" chips="1,355" dealer="0" win="0" bet="45" muck="1" rebuy="0" addon="0" merge="0" rebuychips="0" reg_code="8394274466"/>
<player seat="10" name="lucasAfc" chips="145" dealer="1" win="90" bet="145" muck="1" rebuy="0" addon="0" merge="0" rebuychips="0" reg_code="8394274503"/>
</players>
</general>
<round no="0"><action no="1" player="lucasAfc" type="15" discard="1" dealt="1" sum="5"/>
<action no="2" player="oreiasccp" type="15" sum="5"/>
<action no="3" player="lucasAfc" type="1" discard="1" dealt="1" sum="20"/>
<action no="4" player="oreiasccp" type="2" sum="40"/>
</round>
<round no="1"><cards type="Pocket" player="oreiasccp">H5 S4</cards>
<cards type="Pocket" player="lucasAfc">X X</cards>
<action no="5" player="lucasAfc" type="23" discard="1" dealt="1" sum="140"/>
<action no="6" player="oreiasccp" type="0" sum="0"/>
</round>
</game>
<game gamecode="11540674106"><general><startdate>2025-06-29 10:39:58</startdate>
<round>1</round>
<failsafecounter/>
<players><player seat="10" name="lucasAfc" chips="190" dealer="0" win="0" bet="45" muck="1" rebuy="0" addon="0" merge="0" rebuychips="0" reg_code="8394274503"/>
<player seat="3" name="oreiasccp" chips="1,310" dealer="1" win="90" bet="190" muck="1" rebuy="0" addon="0" merge="0" rebuychips="0" reg_code="8394274466"/>
</players>
</general>
<round no="0"><action no="1" player="oreiasccp" type="15" sum="5"/>
<action no="2" player="lucasAfc" type="15" discard="1" dealt="1" sum="5"/>
<action no="3" player="oreiasccp" type="1" sum="20"/>
<action no="4" player="lucasAfc" type="2" discard="1" dealt="1" sum="40"/>
</round>
<round no="1"><cards type="Pocket" player="lucasAfc">X X</cards>
<cards type="Pocket" player="oreiasccp">H5 DA</cards>
<action no="5" player="oreiasccp" type="23" sum="185"/>
<action no="6" player="lucasAfc" type="0" discard="1" dealt="1" sum="0"/>
</round>
</game>
<game gamecode="11540674137"><general><startdate>2025-06-29 10:40:06</startdate>
<round>1</round>
<failsafecounter/>
<players><player seat="3" name="oreiasccp" chips="1,355" dealer="0" win="50" bet="45" muck="1" rebuy="0" addon="0" merge="0" rebuychips="0" reg_code="8394274466"/>
<player seat="10" name="lucasAfc" chips="145" dealer="1" win="0" bet="25" muck="1" rebuy="0" addon="0" merge="0" rebuychips="0" reg_code="8394274503"/>
</players>
</general>
<round no="0"><action no="1" player="lucasAfc" type="15" discard="1" dealt="1" sum="5"/>
<action no="2" player="oreiasccp" type="15" sum="5"/>
<action no="3" player="lucasAfc" type="1" discard="1" dealt="1" sum="20"/>
<action no="4" player="oreiasccp" type="2" sum="40"/>
</round>
<round no="1"><cards type="Pocket" player="lucasAfc">X X</cards>
<cards type="Pocket" player="oreiasccp">S7 S4</cards>
<action no="5" player="lucasAfc" type="0" discard="1" dealt="1" sum="0"/>
</round>
</game>
<game gamecode="11540674164"><general><startdate>2025-06-29 10:40:13</startdate>
<round>1</round>
<failsafecounter/>
<players><player seat="10" name="lucasAfc" chips="120" dealer="0" win="240" bet="120" muck="0" rebuy="0" addon="0" merge="0" rebuychips="0" reg_code="8394274503"/>
<player seat="3" name="oreiasccp" chips="1,380" dealer="1" win="0" bet="120" muck="0" rebuy="0" addon="0" merge="0" rebuychips="0" reg_code="8394274466"/>
</players>
</general>
<round no="0"><action no="1" player="oreiasccp" type="15" sum="5"/>
<action no="2" player="lucasAfc" type="15" discard="1" dealt="1" sum="5"/>
<action no="3" player="oreiasccp" type="1" sum="20"/>
<action no="4" player="lucasAfc" type="2" discard="1" dealt="1" sum="40"/>
</round>
<round no="1"><cards type="Pocket" player="oreiasccp">H9 C8</cards>
<cards type="Pocket" player="lucasAfc">S7 CJ</cards>
<action no="5" player="oreiasccp" type="23" sum="115"/>
<action no="6" player="lucasAfc" type="7" discard="1" dealt="1" sum="75"/>
</round>
<round no="2"><cards type="Flop">SQ DK H7</cards>
</round>
<round no="3"><cards type="Turn">S5</cards>
</round>
<round no="4"><cards type="River">C5</cards>
</round>
</game>
<game gamecode="11540674257"><general><startdate>2025-06-29 10:40:39</startdate>
<round>1</round>
<failsafecounter/>
<players><player seat="3" name="oreiasccp" chips="1,260" dealer="0" win="0" bet="65" muck="1" rebuy="0" addon="0" merge="0" rebuychips="0" reg_code="8394274466"/>
<player seat="10" name="lucasAfc" chips="240" dealer="1" win="130" bet="240" muck="1" rebuy="0" addon="0" merge="0" rebuychips="0" reg_code="8394274503"/>
</players>
</general>
<round no="0"><action no="1" player="lucasAfc" type="15" discard="1" dealt="1" sum="5"/>
<action no="2" player="oreiasccp" type="15" sum="5"/>
<action no="3" player="lucasAfc" type="1" discard="1" dealt="1" sum="30"/>
<action no="4" player="oreiasccp" type="2" sum="60"/>
</round>
<round no="1"><cards type="Pocket" player="lucasAfc">X X</cards>
<cards type="Pocket" player="oreiasccp">HJ S4</cards>
<action no="5" player="lucasAfc" type="3" discard="1" dealt="1" sum="30"/>
<action no="6" player="oreiasccp" type="4" sum="0"/>
</round>
<round no="2"><cards type="Flop">C10 S3 H6</cards>
<action no="7" player="oreiasccp" type="4" sum="0"/>
<action no="8" player="lucasAfc" type="5" discard="1" dealt="1" sum="175"/>
<action no="9" player="oreiasccp" type="0" sum="0"/>
</round>
</game>
<game gamecode="11540674396"><general><startdate>2025-06-29 10:41:12</startdate>
<round>1</round>
<failsafecounter/>
<players><player seat="10" name="lucasAfc" chips="305" dealer="0" win="70" bet="65" muck="1" rebuy="0" addon="0" merge="0" rebuychips="0" reg_code="8394274503"/>
<player seat="3" name="oreiasccp" chips="1,195" dealer="1" win="0" bet="35" muck="1" rebuy="0" addon="0" merge="0" rebuychips="0" reg_code="8394274466"/>
</players>
</general>
<round no="0"><action no="1" player="oreiasccp" type="15" sum="5"/>
<action no="2" player="lucasAfc" type="15" discard="1" dealt="1" sum="5"/>
<action no="3" player="oreiasccp" type="1" sum="30"/>
<action no="4" player="lucasAfc" type="2" discard="1" dealt="1" sum="60"/>
</round>
<round no="1"><cards type="Pocket" player="oreiasccp">D4 D2</cards>
<cards type="Pocket" player="lucasAfc">X X</cards>
<action no="5" player="oreiasccp" type="0" sum="0"/>
</round>
</game>
<game gamecode="11540674413"><general><startdate>2025-06-29 10:41:18</startdate>
<round>1</round>
<failsafecounter/>
<players><player seat="3" name="oreiasccp" chips="1,160" dealer="0" win="70" bet="65" muck="1" rebuy="0" addon="0" merge="0" rebuychips="0" reg_code="8394274466"/>
<player seat="10" name="lucasAfc" chips="340" dealer="1" win="0" bet="35" muck="1" rebuy="0" addon="0" merge="0" rebuychips="0" reg_code="8394274503"/>
</players>
</general>
<round no="0"><action no="1" player="lucasAfc" type="15" discard="1" dealt="1" sum="5"/>
<action no="2" player="oreiasccp" type="15" sum="5"/>
<action no="3" player="lucasAfc" type="1" discard="1" dealt="1" sum="30"/>
<action no="4" player="oreiasccp" type="2" sum="60"/>
</round>
<round no="1"><cards type="Pocket" player="lucasAfc">X X</cards>
<cards type="Pocket" player="oreiasccp">D7 C2</cards>
<action no="5" player="lucasAfc" type="0" discard="1" dealt="1" sum="0"/>
</round>
</game>
<game gamecode="11540674448"><general><startdate>2025-06-29 10:41:25</startdate>
<round>1</round>
<failsafecounter/>
<players><player seat="10" name="lucasAfc" chips="305" dealer="0" win="0" bet="65" muck="1" rebuy="0" addon="0" merge="0" rebuychips="0" reg_code="8394274503"/>
<player seat="3" name="oreiasccp" chips="1,195" dealer="1" win="130" bet="305" muck="1" rebuy="0" addon="0" merge="0" rebuychips="0" reg_code="8394274466"/>
</players>
</general>
<round no="0"><action no="1" player="oreiasccp" type="15" sum="5"/>
<action no="2" player="lucasAfc" type="15" discard="1" dealt="1" sum="5"/>
<action no="3" player="oreiasccp" type="1" sum="30"/>
<action no="4" player="lucasAfc" type="2" discard="1" dealt="1" sum="60"/>
</round>
<round no="1"><cards type="Pocket" player="lucasAfc">X X</cards>
<cards type="Pocket" player="oreiasccp">HJ H3</cards>
<action no="5" player="oreiasccp" type="23" sum="300"/>
<action no="6" player="lucasAfc" type="0" discard="1" dealt="1" sum="0"/>
</round>
</game>
<game gamecode="11540674480"><general><startdate>2025-06-29 10:41:32</startdate>
<round>1</round>
<failsafecounter/>
<players><player seat="3" name="oreiasccp" chips="1,260" dealer="0" win="0" bet="65" muck="1" rebuy="0" addon="0" merge="0" rebuychips="0" reg_code="8394274466"/>
<player seat="10" name="lucasAfc" chips="240" dealer="1" win="130" bet="240" muck="1" rebuy="0" addon="0" merge="0" rebuychips="0" reg_code="8394274503"/>
</players>
</general>
<round no="0"><action no="1" player="lucasAfc" type="15" discard="1" dealt="1" sum="5"/>
<action no="2" player="oreiasccp" type="15" sum="5"/>
<action no="3" player="lucasAfc" type="1" discard="1" dealt="1" sum="30"/>
<action no="4" player="oreiasccp" type="2" sum="60"/>
</round>
<round no="1"><cards type="Pocket" player="oreiasccp">H3 S9</cards>
<cards type="Pocket" player="lucasAfc">X X</cards>
<action no="5" player="lucasAfc" type="23" discard="1" dealt="1" sum="235"/>
<action no="6" player="oreiasccp" type="0" sum="0"/>
</round>
</game>
<game gamecode="11540674508"><general><startdate>2025-06-29 10:41:38</startdate>
<round>1</round>
<failsafecounter/>
<players><player seat="10" name="lucasAfc" chips="305" dealer="0" win="70" bet="65" muck="1" rebuy="0" addon="0" merge="0" rebuychips="0" reg_code="8394274503"/>
<player seat="3" name="oreiasccp" chips="1,195" dealer="1" win="0" bet="35" muck="1" rebuy="0" addon="0" merge="0" rebuychips="0" reg_code="8394274466"/>
</players>
</general>
<round no="0"><action no="1" player="oreiasccp" type="15" sum="5"/>
<action no="2" player="lucasAfc" type="15" discard="1" dealt="1" sum="5"/>
<action no="3" player="oreiasccp" type="1" sum="30"/>
<action no="4" player="lucasAfc" type="2" discard="1" dealt="1" sum="60"/>
</round>
<round no="1"><cards type="Pocket" player="lucasAfc">X X</cards>
<cards type="Pocket" player="oreiasccp">D5 SJ</cards>
<action no="5" player="oreiasccp" type="0" sum="0"/>
</round>
</game>
<game gamecode="11540674536"><general><startdate>2025-06-29 10:41:46</startdate>
<round>1</round>
<failsafecounter/>
<players><player seat="3" name="oreiasccp" chips="1,160" dealer="0" win="130" bet="340" muck="1" rebuy="0" addon="0" merge="0" rebuychips="0" reg_code="8394274466"/>
<player seat="10" name="lucasAfc" chips="340" dealer="1" win="0" bet="65" muck="1" rebuy="0" addon="0" merge="0" rebuychips="0" reg_code="8394274503"/>
</players>
</general>
<round no="0"><action no="1" player="lucasAfc" type="15" discard="1" dealt="1" sum="5"/>
<action no="2" player="oreiasccp" type="15" sum="5"/>
<action no="3" player="lucasAfc" type="1" discard="1" dealt="1" sum="30"/>
<action no="4" player="oreiasccp" type="2" sum="60"/>
</round>
<round no="1"><cards type="Pocket" player="lucasAfc">X X</cards>
<cards type="Pocket" player="oreiasccp">S2 HA</cards>
<action no="5" player="lucasAfc" type="3" discard="1" dealt="1" sum="30"/>
<action no="6" player="oreiasccp" type="23" sum="335"/>
<action no="7" player="lucasAfc" type="0" discard="1" dealt="1" sum="0"/>
</round>
</game>
<game gamecode="11540674573"><general><startdate>2025-06-29 10:41:56</startdate>
<round>1</round>
<failsafecounter/>
<players><player seat="10" name="lucasAfc" chips="275" dealer="0" win="0" bet="65" muck="1" rebuy="0" addon="0" merge="0" rebuychips="0" reg_code="8394274503"/>
<player seat="3" name="oreiasccp" chips="1,225" dealer="1" win="130" bet="275" muck="1" rebuy="0" addon="0" merge="0" rebuychips="0" reg_code="8394274466"/>
</players>
</general>
<round no="0"><action no="1" player="oreiasccp" type="15" sum="5"/>
<action no="2" player="lucasAfc" type="15" discard="1" dealt="1" sum="5"/>
<action no="3" player="oreiasccp" type="1" sum="30"/>
<action no="4" player="lucasAfc" type="2" discard="1" dealt="1" sum="60"/>
</round>
<round no="1"><cards type="Pocket" player="lucasAfc">X X</cards>
<cards type="Pocket" player="oreiasccp">H10 DA</cards>
<action no="5" player="oreiasccp" type="23" sum="270"/>
<action no="6" player="lucasAfc" type="0" discard="1" dealt="1" sum="0"/>
</round>
</game>
<game gamecode="11540674616"><general><startdate>2025-06-29 10:42:04</startdate>
<round>1</round>
<failsafecounter/>
<players><player seat="3" name="oreiasccp" chips="1,290" dealer="0" win="420" bet="210" muck="0" rebuy="0" addon="0" merge="0" rebuychips="0" reg_code="8394274466"/>
<player seat="10" name="lucasAfc" chips="210" dealer="1" win="0" bet="210" muck="0" rebuy="0" addon="0" merge="0" rebuychips="0" reg_code="8394274503"/>
</players>
</general>
<round no="0"><action no="1" player="lucasAfc" type="15" discard="1" dealt="1" sum="5"/>
<action no="2" player="oreiasccp" type="15" sum="5"/>
<action no="3" player="lucasAfc" type="1" discard="1" dealt="1" sum="30"/>
<action no="4" player="oreiasccp" type="2" sum="60"/>
</round>
<round no="1"><cards type="Pocket" player="lucasAfc">H4 H10</cards>
<cards type="Pocket" player="oreiasccp">DK CK</cards>
<action no="5" player="lucasAfc" type="3" discard="1" dealt="1" sum="30"/>
<action no="6" player="oreiasccp" type="4" sum="0"/>
</round>
<round no="2"><cards type="Flop">D2 D9 H3</cards>
<action no="7" player="oreiasccp" type="4" sum="0"/>
<action no="8" player="lucasAfc" type="4" discard="1" dealt="1" sum="0"/>
</round>
<round no="3"><cards type="Turn">DA</cards>
<action no="9" player="oreiasccp" type="4" sum="0"/>
<action no="10" player="lucasAfc" type="4" discard="1" dealt="1" sum="0"/>
</round>
<round no="4"><cards type="River">D5</cards>
<action no="11" player="oreiasccp" type="4" sum="0"/>
<action no="12" player="lucasAfc" type="5" discard="1" dealt="1" sum="145"/>
<action no="13" player="oreiasccp" type="3" sum="145"/>
</round>
</game>
</session>
