<?xml version="1.0" encoding="UTF-8"?>
<session sessioncode="8394291848">
<general>
<client_version>25.1.1.13</client_version>
<mode>real</mode>
<gametype>Holdem NL</gametype>
<tablename>Twister €5 SNG, 1128855177</tablename>
<tournamentcode>1128855176</tournamentcode>
<tournamentname>Twister €5 SNG</tournamentname>
<buyin>€0 + €0.35 + €4.65</buyin>
<totalbuyin>€5</totalbuyin>
<rewarddrawn>€15</rewarddrawn>
<tournamentcurrency>EUR</tournamentcurrency>
<currency>EUR</currency>
<nickname>oreiasccp</nickname>
<gamecount>11</gamecount>
<startdate>2025-06-29 11:24:38</startdate>
<place>1</place>
<win>€15</win>
<tablesize>3</tablesize>
</general>
<game gamecode="11540711746"><general><startdate>2025-06-29 11:24:53</startdate>
<round>1</round>
<failsafecounter/>
<players><player seat="6" name="oreiasccp" chips="500" dealer="0" win="370" bet="500" muck="1" rebuy="0" addon="0" merge="0" rebuychips="0" reg_code="8394291848"/>
<player seat="10" name="bladecastle227" chips="500" dealer="1" win="0" bet="180" muck="1" rebuy="0" addon="0" merge="0" rebuychips="0" reg_code="8394291861"/>
<player seat="3" name="Vibrantpearl51" chips="500" dealer="0" win="0" bet="10" muck="1" rebuy="0" addon="0" merge="0" rebuychips="0" reg_code="8394291845"/>
</players>
</general>
<round no="0"><action no="1" player="Vibrantpearl51" type="1" discard="1" dealt="1" sum="10"/>
<action no="2" player="oreiasccp" type="2" sum="20"/>
</round>
<round no="1"><cards type="Pocket" player="Vibrantpearl51">X X</cards>
<cards type="Pocket" player="bladecastle227">X X</cards>
<cards type="Pocket" player="oreiasccp">HK SQ</cards>
<action no="3" player="bladecastle227" type="3" discard="1" dealt="1" sum="20"/>
<action no="4" player="Vibrantpearl51" type="0" discard="1" dealt="1" sum="0"/>
<action no="5" player="oreiasccp" type="23" sum="80"/>
<action no="6" player="bladecastle227" type="3" discard="1" dealt="1" sum="60"/>
</round>
<round no="2"><cards type="Flop">CK HQ H10</cards>
<action no="7" player="oreiasccp" type="5" sum="100"/>
<action no="8" player="bladecastle227" type="3" discard="1" dealt="1" sum="100"/>
</round>
<round no="3"><cards type="Turn">S6</cards>
<action no="9" player="oreiasccp" type="5" sum="320"/>
<action no="10" player="bladecastle227" type="0" discard="1" dealt="1" sum="0"/>
</round>
</game>
<game gamecode="11540711949"><general><startdate>2025-06-29 11:25:37</startdate>
<round>1</round>
<failsafecounter/>
<players><player seat="10" name="bladecastle227" chips="320" dealer="0" win="0" bet="320" muck="0" rebuy="0" addon="0" merge="0" rebuychips="0" reg_code="8394291861"/>
<player seat="3" name="Vibrantpearl51" chips="490" dealer="1" win="0" bet="0" muck="1" rebuy="0" addon="0" merge="0" rebuychips="0" reg_code="8394291845"/>
<player seat="6" name="oreiasccp" chips="690" dealer="0" win="640" bet="320" muck="0" rebuy="0" addon="0" merge="0" rebuychips="0" reg_code="8394291848"/>
</players>
</general>
<round no="0"><action no="1" player="oreiasccp" type="1" sum="10"/>
<action no="2" player="bladecastle227" type="2" discard="1" dealt="1" sum="20"/>
</round>
<round no="1"><cards type="Pocket" player="bladecastle227">SA S9</cards>
<cards type="Pocket" player="oreiasccp">D6 S6</cards>
<cards type="Pocket" player="Vibrantpearl51">X X</cards>
<action no="3" player="Vibrantpearl51" type="0" discard="1" dealt="1" sum="0"/>
<action no="4" player="oreiasccp" type="23" sum="50"/>
<action no="5" player="bladecastle227" type="23" discard="1" dealt="1" sum="320"/>
<action no="6" player="oreiasccp" type="3" sum="270"/>
</round>
<round no="2"><cards type="Flop">S4 C8 S8</cards>
</round>
<round no="3"><cards type="Turn">S10</cards>
</round>
<round no="4"><cards type="River">H8</cards>
</round>
</game>
<game gamecode="11540712049"><general><startdate>2025-06-29 11:26:00</startdate>
<round>1</round>
<failsafecounter/>
<players><player seat="3" name="Vibrantpearl51" chips="490" dealer="0" win="0" bet="20" muck="1" rebuy="0" addon="0" merge="0" rebuychips="0" reg_code="8394291845"/>
<player seat="6" name="oreiasccp" chips="1,010" dealer="1" win="40" bet="40" muck="1" rebuy="0" addon="0" merge="0" rebuychips="0" reg_code="8394291848"/>
</players>
</general>
<round no="0"><action no="1" player="oreiasccp" type="1" sum="10"/>
<action no="2" player="Vibrantpearl51" type="2" discard="1" dealt="1" sum="20"/>
</round>
<round no="1"><cards type="Pocket" player="Vibrantpearl51">X X</cards>
<cards type="Pocket" player="oreiasccp">C4 H4</cards>
<action no="3" player="oreiasccp" type="3" sum="10"/>
<action no="4" player="Vibrantpearl51" type="4" discard="1" dealt="1" sum="0"/>
</round>
<round no="2"><cards type="Flop">S2 HJ H10</cards>
<action no="5" player="Vibrantpearl51" type="4" discard="1" dealt="1" sum="0"/>
<action no="6" player="oreiasccp" type="5" sum="20"/>
<action no="7" player="Vibrantpearl51" type="0" discard="1" dealt="1" sum="0"/>
</round>
</game>
<game gamecode="11540712129"><general><startdate>2025-06-29 11:26:16</startdate>
<round>1</round>
<failsafecounter/>
<players><player seat="6" name="oreiasccp" chips="1,030" dealer="0" win="20" bet="20" muck="1" rebuy="0" addon="0" merge="0" rebuychips="0" reg_code="8394291848"/>
<player seat="3" name="Vibrantpearl51" chips="470" dealer="1" win="0" bet="10" muck="1" rebuy="0" addon="0" merge="0" rebuychips="0" reg_code="8394291845"/>
</players>
</general>
<round no="0"><action no="1" player="Vibrantpearl51" type="1" discard="1" dealt="1" sum="10"/>
<action no="2" player="oreiasccp" type="2" sum="20"/>
</round>
<round no="1"><cards type="Pocket" player="Vibrantpearl51">X X</cards>
<cards type="Pocket" player="oreiasccp">CJ C2</cards>
<action no="3" player="Vibrantpearl51" type="0" discard="1" dealt="1" sum="0"/>
</round>
</game>
<game gamecode="11540712158"><general><startdate>2025-06-29 11:26:24</startdate>
<round>1</round>
<failsafecounter/>
<players><player seat="3" name="Vibrantpearl51" chips="460" dealer="0" win="0" bet="20" muck="1" rebuy="0" addon="0" merge="0" rebuychips="0" reg_code="8394291845"/>
<player seat="6" name="oreiasccp" chips="1,040" dealer="1" win="40" bet="40" muck="1" rebuy="0" addon="0" merge="0" rebuychips="0" reg_code="8394291848"/>
</players>
</general>
<round no="0"><action no="1" player="oreiasccp" type="1" sum="10"/>
<action no="2" player="Vibrantpearl51" type="2" discard="1" dealt="1" sum="20"/>
</round>
<round no="1"><cards type="Pocket" player="oreiasccp">D3 DQ</cards>
<cards type="Pocket" player="Vibrantpearl51">X X</cards>
<action no="3" player="oreiasccp" type="3" sum="10"/>
<action no="4" player="Vibrantpearl51" type="4" discard="1" dealt="1" sum="0"/>
</round>
<round no="2"><cards type="Flop">H10 H2 D10</cards>
<action no="5" player="Vibrantpearl51" type="4" discard="1" dealt="1" sum="0"/>
<action no="6" player="oreiasccp" type="5" sum="20"/>
<action no="7" player="Vibrantpearl51" type="0" discard="1" dealt="1" sum="0"/>
</round>
</game>
<game gamecode="11540712247"><general><startdate>2025-06-29 11:26:41</startdate>
<round>1</round>
<failsafecounter/>
<players><player seat="6" name="oreiasccp" chips="1,060" dealer="0" win="0" bet="40" muck="1" rebuy="0" addon="0" merge="0" rebuychips="0" reg_code="8394291848"/>
<player seat="3" name="Vibrantpearl51" chips="440" dealer="1" win="80" bet="80" muck="1" rebuy="0" addon="0" merge="0" rebuychips="0" reg_code="8394291845"/>
</players>
</general>
<round no="0"><action no="1" player="Vibrantpearl51" type="1" discard="1" dealt="1" sum="10"/>
<action no="2" player="oreiasccp" type="2" sum="20"/>
</round>
<round no="1"><cards type="Pocket" player="Vibrantpearl51">X X</cards>
<cards type="Pocket" player="oreiasccp">HQ D7</cards>
<action no="3" player="Vibrantpearl51" type="23" discard="1" dealt="1" sum="40"/>
<action no="4" player="oreiasccp" type="3" sum="20"/>
</round>
<round no="2"><cards type="Flop">HJ D3 D8</cards>
<action no="5" player="oreiasccp" type="4" sum="0"/>
<action no="6" player="Vibrantpearl51" type="4" discard="1" dealt="1" sum="0"/>
</round>
<round no="3"><cards type="Turn">H2</cards>
<action no="7" player="oreiasccp" type="4" sum="0"/>
<action no="8" player="Vibrantpearl51" type="5" discard="1" dealt="1" sum="40"/>
<action no="9" player="oreiasccp" type="0" sum="0"/>
</round>
</game>
<game gamecode="11540712334"><general><startdate>2025-06-29 11:26:59</startdate>
<round>1</round>
<failsafecounter/>
<players><player seat="3" name="Vibrantpearl51" chips="480" dealer="0" win="0" bet="35" muck="1" rebuy="0" addon="0" merge="0" rebuychips="0" reg_code="8394291845"/>
<player seat="6" name="oreiasccp" chips="1,020" dealer="1" win="70" bet="65" muck="1" rebuy="0" addon="0" merge="0" rebuychips="0" reg_code="8394291848"/>
</players>
</general>
<round no="0"><action no="1" player="oreiasccp" type="15" sum="5"/>
<action no="2" player="Vibrantpearl51" type="15" discard="1" dealt="1" sum="5"/>
<action no="3" player="oreiasccp" type="1" sum="15"/>
<action no="4" player="Vibrantpearl51" type="2" discard="1" dealt="1" sum="30"/>
</round>
<round no="1"><cards type="Pocket" player="Vibrantpearl51">X X</cards>
<cards type="Pocket" player="oreiasccp">D8 H9</cards>
<action no="5" player="oreiasccp" type="23" sum="60"/>
<action no="6" player="Vibrantpearl51" type="0" discard="1" dealt="1" sum="0"/>
</round>
</game>
<game gamecode="11540712377"><general><startdate>2025-06-29 11:27:08</startdate>
<round>1</round>
<failsafecounter/>
<players><player seat="6" name="oreiasccp" chips="1,055" dealer="0" win="70" bet="445" muck="1" rebuy="0" addon="0" merge="0" rebuychips="0" reg_code="8394291848"/>
<player seat="3" name="Vibrantpearl51" chips="445" dealer="1" win="0" bet="35" muck="1" rebuy="0" addon="0" merge="0" rebuychips="0" reg_code="8394291845"/>
</players>
</general>
<round no="0"><action no="1" player="Vibrantpearl51" type="15" discard="1" dealt="1" sum="5"/>
<action no="2" player="oreiasccp" type="15" sum="5"/>
<action no="3" player="Vibrantpearl51" type="1" discard="1" dealt="1" sum="15"/>
<action no="4" player="oreiasccp" type="2" sum="30"/>
</round>
<round no="1"><cards type="Pocket" player="oreiasccp">H5 D5</cards>
<cards type="Pocket" player="Vibrantpearl51">X X</cards>
<action no="5" player="Vibrantpearl51" type="3" discard="1" dealt="1" sum="15"/>
<action no="6" player="oreiasccp" type="23" sum="440"/>
<action no="7" player="Vibrantpearl51" type="0" discard="1" dealt="1" sum="0"/>
</round>
</game>
<game gamecode="11540712442"><general><startdate>2025-06-29 11:27:19</startdate>
<round>1</round>
<failsafecounter/>
<players><player seat="3" name="Vibrantpearl51" chips="410" dealer="0" win="0" bet="35" muck="1" rebuy="0" addon="0" merge="0" rebuychips="0" reg_code="8394291845"/>
<player seat="6" name="oreiasccp" chips="1,090" dealer="1" win="70" bet="65" muck="1" rebuy="0" addon="0" merge="0" rebuychips="0" reg_code="8394291848"/>
</players>
</general>
<round no="0"><action no="1" player="oreiasccp" type="15" sum="5"/>
<action no="2" player="Vibrantpearl51" type="15" discard="1" dealt="1" sum="5"/>
<action no="3" player="oreiasccp" type="1" sum="15"/>
<action no="4" player="Vibrantpearl51" type="2" discard="1" dealt="1" sum="30"/>
</round>
<round no="1"><cards type="Pocket" player="Vibrantpearl51">X X</cards>
<cards type="Pocket" player="oreiasccp">DJ C7</cards>
<action no="5" player="oreiasccp" type="23" sum="60"/>
<action no="6" player="Vibrantpearl51" type="0" discard="1" dealt="1" sum="0"/>
</round>
</game>
<game gamecode="11540712527"><general><startdate>2025-06-29 11:27:36</startdate>
<round>1</round>
<failsafecounter/>
<players><player seat="6" name="oreiasccp" chips="1,125" dealer="0" win="40" bet="35" muck="1" rebuy="0" addon="0" merge="0" rebuychips="0" reg_code="8394291848"/>
<player seat="3" name="Vibrantpearl51" chips="375" dealer="1" win="0" bet="20" muck="1" rebuy="0" addon="0" merge="0" rebuychips="0" reg_code="8394291845"/>
</players>
</general>
<round no="0"><action no="1" player="Vibrantpearl51" type="15" discard="1" dealt="1" sum="5"/>
<action no="2" player="oreiasccp" type="15" sum="5"/>
<action no="3" player="Vibrantpearl51" type="1" discard="1" dealt="1" sum="15"/>
<action no="4" player="oreiasccp" type="2" sum="30"/>
</round>
<round no="1"><cards type="Pocket" player="Vibrantpearl51">X X</cards>
<cards type="Pocket" player="oreiasccp">D4 C2</cards>
<action no="5" player="Vibrantpearl51" type="0" discard="1" dealt="1" sum="0"/>
</round>
</game>
<game gamecode="11540712570"><general><startdate>2025-06-29 11:27:45</startdate>
<round>1</round>
<failsafecounter/>
<players><player seat="3" name="Vibrantpearl51" chips="355" dealer="0" win="0" bet="355" muck="0" rebuy="0" addon="0" merge="0" rebuychips="0" reg_code="8394291845"/>
<player seat="6" name="oreiasccp" chips="1,145" dealer="1" win="710" bet="355" muck="0" rebuy="0" addon="0" merge="0" rebuychips="0" reg_code="8394291848"/>
</players>
</general>
<round no="0"><action no="1" player="oreiasccp" type="15" sum="5"/>
<action no="2" player="Vibrantpearl51" type="15" discard="1" dealt="1" sum="5"/>
<action no="3" player="oreiasccp" type="1" sum="15"/>
<action no="4" player="Vibrantpearl51" type="2" discard="1" dealt="1" sum="30"/>
</round>
<round no="1"><cards type="Pocket" player="Vibrantpearl51">H3 D3</cards>
<cards type="Pocket" player="oreiasccp">S10 DK</cards>
<action no="5" player="oreiasccp" type="3" sum="15"/>
<action no="6" player="Vibrantpearl51" type="23" discard="1" dealt="1" sum="90"/>
<action no="7" player="oreiasccp" type="3" sum="60"/>
</round>
<round no="2"><cards type="Flop">H10 SK C5</cards>
<action no="8" player="Vibrantpearl51" type="5" discard="1" dealt="1" sum="30"/>
<action no="9" player="oreiasccp" type="3" sum="30"/>
</round>
<round no="3"><cards type="Turn">C9</cards>
<action no="10" player="Vibrantpearl51" type="5" discard="1" dealt="1" sum="30"/>
<action no="11" player="oreiasccp" type="23" sum="230"/>
<action no="12" player="Vibrantpearl51" type="7" discard="1" dealt="1" sum="200"/>
</round>
<round no="4"><cards type="River">D4</cards>
</round>
</game>
</session>
