<?xml version="1.0" encoding="UTF-8"?>
<session sessioncode="8394301059">
<general>
<client_version>25.1.1.13</client_version>
<mode>real</mode>
<gametype>Holdem NL</gametype>
<tablename>Twister €5 SNG, 1128856749</tablename>
<tournamentcode>1128856748</tournamentcode>
<tournamentname>Twister €5 SNG</tournamentname>
<buyin>€0 + €0.35 + €4.65</buyin>
<totalbuyin>€5</totalbuyin>
<rewarddrawn>€10</rewarddrawn>
<tournamentcurrency>EUR</tournamentcurrency>
<currency>EUR</currency>
<nickname>oreiasccp</nickname>
<gamecount>1</gamecount>
<startdate>2025-06-29 11:53:51</startdate>
<place>3</place>
<win>€0</win>
<tablesize>3</tablesize>
</general>
<game gamecode="11540739651"><general><startdate>2025-06-29 11:54:06</startdate>
<round>1</round>
<failsafecounter/>
<players><player seat="3" name="FamousDaNNN" chips="500" dealer="0" win="1,000" bet="500" muck="0" rebuy="0" addon="0" merge="0" rebuychips="0" reg_code="8394300981"/>
<player seat="6" name="Ursa1991" chips="500" dealer="1" win="0" bet="0" muck="1" rebuy="0" addon="0" merge="0" rebuychips="0" reg_code="8394301008"/>
<player seat="10" name="oreiasccp" chips="500" dealer="0" win="0" bet="500" muck="1" rebuy="0" addon="0" merge="0" rebuychips="0" reg_code="8394301059"/>
</players>
</general>
<round no="0"><action no="1" player="oreiasccp" type="1" sum="10"/>
<action no="2" player="FamousDaNNN" type="2" discard="1" dealt="1" sum="20"/>
</round>
<round no="1"><cards type="Pocket" player="Ursa1991">X X</cards>
<cards type="Pocket" player="FamousDaNNN">C3 HK</cards>
<cards type="Pocket" player="oreiasccp">DQ HA</cards>
<action no="3" player="Ursa1991" type="0" discard="1" dealt="1" sum="0"/>
<action no="4" player="oreiasccp" type="23" sum="60"/>
<action no="5" player="FamousDaNNN" type="3" discard="1" dealt="1" sum="40"/>
</round>
<round no="2"><cards type="Flop">S3 HQ D7</cards>
<action no="6" player="oreiasccp" type="5" sum="30"/>
<action no="7" player="FamousDaNNN" type="3" discard="1" dealt="1" sum="30"/>
</round>
<round no="3"><cards type="Turn">SK</cards>
<action no="8" player="oreiasccp" type="4" sum="0"/>
<action no="9" player="FamousDaNNN" type="5" discard="1" dealt="1" sum="70"/>
<action no="10" player="oreiasccp" type="3" sum="70"/>
</round>
<round no="4"><cards type="River">D9</cards>
<action no="11" player="oreiasccp" type="4" sum="0"/>
<action no="12" player="FamousDaNNN" type="5" discard="1" dealt="1" sum="340"/>
<action no="13" player="oreiasccp" type="7" sum="340"/>
</round>
</game>
</session>
