<?xml version="1.0" encoding="UTF-8"?>
<session sessioncode="8394264423">
<general>
<client_version>25.1.1.13</client_version>
<mode>real</mode>
<gametype>Holdem NL</gametype>
<tablename>Twister €5 SNG, 1128851015</tablename>
<tournamentcode>1128851014</tournamentcode>
<tournamentname>Twister €5 SNG</tournamentname>
<buyin>€0 + €0.35 + €4.65</buyin>
<totalbuyin>€5</totalbuyin>
<rewarddrawn>€10</rewarddrawn>
<tournamentcurrency>EUR</tournamentcurrency>
<currency>EUR</currency>
<nickname>oreiasccp</nickname>
<gamecount>23</gamecount>
<startdate>2025-06-29 10:02:18</startdate>
<place>2</place>
<win>€0</win>
<tablesize>3</tablesize>
</general>
<game gamecode="11540640505"><general><startdate>2025-06-29 10:02:34</startdate>
<round>1</round>
<failsafecounter/>
<players><player seat="6" name="kijamet67" chips="500" dealer="0" win="0" bet="250" muck="1" rebuy="0" addon="0" merge="0" rebuychips="0" reg_code="8394264400"/>
<player seat="10" name="oreiasccp" chips="500" dealer="1" win="0" bet="0" muck="1" rebuy="0" addon="0" merge="0" rebuychips="0" reg_code="8394264423"/>
<player seat="3" name="Obolonsky99" chips="500" dealer="0" win="500" bet="250" muck="0" rebuy="0" addon="0" merge="0" rebuychips="0" reg_code="8394264364"/>
</players>
</general>
<round no="0"><action no="1" player="Obolonsky99" type="1" discard="1" dealt="1" sum="10"/>
<action no="2" player="kijamet67" type="2" discard="1" dealt="1" sum="20"/>
</round>
<round no="1"><cards type="Pocket" player="oreiasccp">H8 S2</cards>
<cards type="Pocket" player="Obolonsky99">D5 D6</cards>
<cards type="Pocket" player="kijamet67">C10 C6</cards>
<action no="3" player="oreiasccp" type="0" sum="0"/>
<action no="4" player="Obolonsky99" type="23" discard="1" dealt="1" sum="50"/>
<action no="5" player="kijamet67" type="3" discard="1" dealt="1" sum="30"/>
</round>
<round no="2"><cards type="Flop">C7 H3 S10</cards>
<action no="6" player="Obolonsky99" type="5" discard="1" dealt="1" sum="25"/>
<action no="7" player="kijamet67" type="23" discard="1" dealt="1" sum="50"/>
<action no="8" player="Obolonsky99" type="3" discard="1" dealt="1" sum="25"/>
</round>
<round no="3"><cards type="Turn">S7</cards>
<action no="9" player="Obolonsky99" type="4" discard="1" dealt="1" sum="0"/>
<action no="10" player="kijamet67" type="4" discard="1" dealt="1" sum="0"/>
</round>
<round no="4"><cards type="River">D4</cards>
<action no="11" player="Obolonsky99" type="5" discard="1" dealt="1" sum="150"/>
<action no="12" player="kijamet67" type="3" discard="1" dealt="1" sum="150"/>
</round>
</game>
<game gamecode="11540640654"><general><startdate>2025-06-29 10:03:12</startdate>
<round>1</round>
<failsafecounter/>
<players><player seat="10" name="oreiasccp" chips="500" dealer="0" win="0" bet="20" muck="1" rebuy="0" addon="0" merge="0" rebuychips="0" reg_code="8394264423"/>
<player seat="3" name="Obolonsky99" chips="750" dealer="1" win="0" bet="0" muck="1" rebuy="0" addon="0" merge="0" rebuychips="0" reg_code="8394264364"/>
<player seat="6" name="kijamet67" chips="250" dealer="0" win="40" bet="40" muck="1" rebuy="0" addon="0" merge="0" rebuychips="0" reg_code="8394264400"/>
</players>
</general>
<round no="0"><action no="1" player="kijamet67" type="1" discard="1" dealt="1" sum="10"/>
<action no="2" player="oreiasccp" type="2" sum="20"/>
</round>
<round no="1"><cards type="Pocket" player="oreiasccp">H6 CQ</cards>
<cards type="Pocket" player="Obolonsky99">X X</cards>
<cards type="Pocket" player="kijamet67">X X</cards>
<action no="3" player="Obolonsky99" type="0" discard="1" dealt="1" sum="0"/>
<action no="4" player="kijamet67" type="3" discard="1" dealt="1" sum="10"/>
<action no="5" player="oreiasccp" type="4" sum="0"/>
</round>
<round no="2"><cards type="Flop">HA C2 D7</cards>
<action no="6" player="kijamet67" type="5" discard="1" dealt="1" sum="20"/>
<action no="7" player="oreiasccp" type="0" sum="0"/>
</round>
</game>
<game gamecode="11540640739"><general><startdate>2025-06-29 10:03:35</startdate>
<round>1</round>
<failsafecounter/>
<players><player seat="3" name="Obolonsky99" chips="750" dealer="0" win="50" bet="750" muck="1" rebuy="0" addon="0" merge="0" rebuychips="0" reg_code="8394264364"/>
<player seat="6" name="kijamet67" chips="270" dealer="1" win="0" bet="20" muck="1" rebuy="0" addon="0" merge="0" rebuychips="0" reg_code="8394264400"/>
<player seat="10" name="oreiasccp" chips="480" dealer="0" win="0" bet="10" muck="1" rebuy="0" addon="0" merge="0" rebuychips="0" reg_code="8394264423"/>
</players>
</general>
<round no="0"><action no="1" player="oreiasccp" type="1" sum="10"/>
<action no="2" player="Obolonsky99" type="2" discard="1" dealt="1" sum="20"/>
</round>
<round no="1"><cards type="Pocket" player="kijamet67">X X</cards>
<cards type="Pocket" player="oreiasccp">HQ D5</cards>
<cards type="Pocket" player="Obolonsky99">X X</cards>
<action no="3" player="kijamet67" type="3" discard="1" dealt="1" sum="20"/>
<action no="4" player="oreiasccp" type="0" sum="0"/>
<action no="5" player="Obolonsky99" type="23" discard="1" dealt="1" sum="750"/>
<action no="6" player="kijamet67" type="0" discard="1" dealt="1" sum="0"/>
</round>
</game>
<game gamecode="11540640804"><general><startdate>2025-06-29 10:03:49</startdate>
<round>1</round>
<failsafecounter/>
<players><player seat="6" name="kijamet67" chips="250" dealer="0" win="20" bet="20" muck="1" rebuy="0" addon="0" merge="0" rebuychips="0" reg_code="8394264400"/>
<player seat="10" name="oreiasccp" chips="470" dealer="1" win="0" bet="0" muck="1" rebuy="0" addon="0" merge="0" rebuychips="0" reg_code="8394264423"/>
<player seat="3" name="Obolonsky99" chips="780" dealer="0" win="0" bet="10" muck="1" rebuy="0" addon="0" merge="0" rebuychips="0" reg_code="8394264364"/>
</players>
</general>
<round no="0"><action no="1" player="Obolonsky99" type="1" discard="1" dealt="1" sum="10"/>
<action no="2" player="kijamet67" type="2" discard="1" dealt="1" sum="20"/>
</round>
<round no="1"><cards type="Pocket" player="oreiasccp">D10 C5</cards>
<cards type="Pocket" player="kijamet67">X X</cards>
<cards type="Pocket" player="Obolonsky99">X X</cards>
<action no="3" player="oreiasccp" type="0" sum="0"/>
<action no="4" player="Obolonsky99" type="0" discard="1" dealt="1" sum="0"/>
</round>
</game>
<game gamecode="11540640836"><general><startdate>2025-06-29 10:03:58</startdate>
<round>1</round>
<failsafecounter/>
<players><player seat="10" name="oreiasccp" chips="470" dealer="0" win="0" bet="20" muck="1" rebuy="0" addon="0" merge="0" rebuychips="0" reg_code="8394264423"/>
<player seat="3" name="Obolonsky99" chips="770" dealer="1" win="0" bet="65" muck="1" rebuy="0" addon="0" merge="0" rebuychips="0" reg_code="8394264364"/>
<player seat="6" name="kijamet67" chips="260" dealer="0" win="150" bet="110" muck="1" rebuy="0" addon="0" merge="0" rebuychips="0" reg_code="8394264400"/>
</players>
</general>
<round no="0"><action no="1" player="kijamet67" type="1" discard="1" dealt="1" sum="10"/>
<action no="2" player="oreiasccp" type="2" sum="20"/>
</round>
<round no="1"><cards type="Pocket" player="oreiasccp">S7 D2</cards>
<cards type="Pocket" player="kijamet67">X X</cards>
<cards type="Pocket" player="Obolonsky99">X X</cards>
<action no="3" player="Obolonsky99" type="23" discard="1" dealt="1" sum="40"/>
<action no="4" player="kijamet67" type="3" discard="1" dealt="1" sum="30"/>
<action no="5" player="oreiasccp" type="0" sum="0"/>
</round>
<round no="2"><cards type="Flop">H6 S10 H7</cards>
<action no="6" player="kijamet67" type="4" discard="1" dealt="1" sum="0"/>
<action no="7" player="Obolonsky99" type="5" discard="1" dealt="1" sum="25"/>
<action no="8" player="kijamet67" type="23" discard="1" dealt="1" sum="70"/>
<action no="9" player="Obolonsky99" type="0" discard="1" dealt="1" sum="0"/>
</round>
</game>
<game gamecode="11540640959"><general><startdate>2025-06-29 10:04:34</startdate>
<round>1</round>
<failsafecounter/>
<players><player seat="3" name="Obolonsky99" chips="705" dealer="0" win="135" bet="166" muck="1" rebuy="0" addon="0" merge="0" rebuychips="0" reg_code="8394264364"/>
<player seat="6" name="kijamet67" chips="345" dealer="1" win="0" bet="5" muck="1" rebuy="0" addon="0" merge="0" rebuychips="0" reg_code="8394264400"/>
<player seat="10" name="oreiasccp" chips="450" dealer="0" win="0" bet="65" muck="1" rebuy="0" addon="0" merge="0" rebuychips="0" reg_code="8394264423"/>
</players>
</general>
<round no="0"><action no="1" player="oreiasccp" type="15" sum="5"/>
<action no="2" player="Obolonsky99" type="15" discard="1" dealt="1" sum="5"/>
<action no="3" player="kijamet67" type="15" discard="1" dealt="1" sum="5"/>
<action no="4" player="oreiasccp" type="1" sum="15"/>
<action no="5" player="Obolonsky99" type="2" discard="1" dealt="1" sum="30"/>
</round>
<round no="1"><cards type="Pocket" player="oreiasccp">C3 HK</cards>
<cards type="Pocket" player="kijamet67">X X</cards>
<cards type="Pocket" player="Obolonsky99">X X</cards>
<action no="6" player="kijamet67" type="0" discard="1" dealt="1" sum="0"/>
<action no="7" player="oreiasccp" type="23" sum="60"/>
<action no="8" player="Obolonsky99" type="3" discard="1" dealt="1" sum="30"/>
</round>
<round no="2"><cards type="Flop">S5 H7 D9</cards>
<action no="9" player="oreiasccp" type="4" sum="0"/>
<action no="10" player="Obolonsky99" type="5" discard="1" dealt="1" sum="101"/>
<action no="11" player="oreiasccp" type="0" sum="0"/>
</round>
</game>
<game gamecode="11540641020"><general><startdate>2025-06-29 10:04:54</startdate>
<round>1</round>
<failsafecounter/>
<players><player seat="6" name="kijamet67" chips="340" dealer="0" win="0" bet="340" muck="1" rebuy="0" addon="0" merge="0" rebuychips="0" reg_code="8394264400"/>
<player seat="10" name="oreiasccp" chips="385" dealer="1" win="0" bet="5" muck="1" rebuy="0" addon="0" merge="0" rebuychips="0" reg_code="8394264423"/>
<player seat="3" name="Obolonsky99" chips="775" dealer="0" win="685" bet="775" muck="0" rebuy="0" addon="0" merge="0" rebuychips="0" reg_code="8394264364"/>
</players>
</general>
<round no="0"><action no="1" player="Obolonsky99" type="15" discard="1" dealt="1" sum="5"/>
<action no="2" player="kijamet67" type="15" discard="1" dealt="1" sum="5"/>
<action no="3" player="oreiasccp" type="15" sum="5"/>
<action no="4" player="Obolonsky99" type="1" discard="1" dealt="1" sum="15"/>
<action no="5" player="kijamet67" type="2" discard="1" dealt="1" sum="30"/>
</round>
<round no="1"><cards type="Pocket" player="oreiasccp">S6 SJ</cards>
<cards type="Pocket" player="Obolonsky99">C2 HK</cards>
<cards type="Pocket" player="kijamet67">H2 H4</cards>
<action no="6" player="oreiasccp" type="0" sum="0"/>
<action no="7" player="Obolonsky99" type="23" discard="1" dealt="1" sum="60"/>
<action no="8" player="kijamet67" type="3" discard="1" dealt="1" sum="30"/>
</round>
<round no="2"><cards type="Flop">C5 S2 D5</cards>
<action no="9" player="Obolonsky99" type="4" discard="1" dealt="1" sum="0"/>
<action no="10" player="kijamet67" type="5" discard="1" dealt="1" sum="30"/>
<action no="11" player="Obolonsky99" type="23" discard="1" dealt="1" sum="710"/>
<action no="12" player="kijamet67" type="7" discard="1" dealt="1" sum="245"/>
</round>
<round no="3"><cards type="Turn">H6</cards>
</round>
<round no="4"><cards type="River">C8</cards>
</round>
</game>
<game gamecode="11540641151"><general><startdate>2025-06-29 10:05:30</startdate>
<round>1</round>
<failsafecounter/>
<players><player seat="10" name="oreiasccp" chips="380" dealer="0" win="40" bet="35" muck="1" rebuy="0" addon="0" merge="0" rebuychips="0" reg_code="8394264423"/>
<player seat="3" name="Obolonsky99" chips="1,120" dealer="1" win="0" bet="20" muck="1" rebuy="0" addon="0" merge="0" rebuychips="0" reg_code="8394264364"/>
</players>
</general>
<round no="0"><action no="1" player="Obolonsky99" type="15" discard="1" dealt="1" sum="5"/>
<action no="2" player="oreiasccp" type="15" sum="5"/>
<action no="3" player="Obolonsky99" type="1" discard="1" dealt="1" sum="15"/>
<action no="4" player="oreiasccp" type="2" sum="30"/>
</round>
<round no="1"><cards type="Pocket" player="oreiasccp">H9 D6</cards>
<cards type="Pocket" player="Obolonsky99">X X</cards>
<action no="5" player="Obolonsky99" type="0" discard="1" dealt="1" sum="0"/>
</round>
</game>
<game gamecode="11540641182"><general><startdate>2025-06-29 10:05:38</startdate>
<round>1</round>
<failsafecounter/>
<players><player seat="3" name="Obolonsky99" chips="1,100" dealer="0" win="0" bet="35" muck="1" rebuy="0" addon="0" merge="0" rebuychips="0" reg_code="8394264364"/>
<player seat="10" name="oreiasccp" chips="400" dealer="1" win="70" bet="65" muck="1" rebuy="0" addon="0" merge="0" rebuychips="0" reg_code="8394264423"/>
</players>
</general>
<round no="0"><action no="1" player="oreiasccp" type="15" sum="5"/>
<action no="2" player="Obolonsky99" type="15" discard="1" dealt="1" sum="5"/>
<action no="3" player="oreiasccp" type="1" sum="15"/>
<action no="4" player="Obolonsky99" type="2" discard="1" dealt="1" sum="30"/>
</round>
<round no="1"><cards type="Pocket" player="oreiasccp">CA C2</cards>
<cards type="Pocket" player="Obolonsky99">X X</cards>
<action no="5" player="oreiasccp" type="3" sum="15"/>
<action no="6" player="Obolonsky99" type="4" discard="1" dealt="1" sum="0"/>
</round>
<round no="2"><cards type="Flop">S6 DJ C9</cards>
<action no="7" player="Obolonsky99" type="4" discard="1" dealt="1" sum="0"/>
<action no="8" player="oreiasccp" type="4" sum="0"/>
</round>
<round no="3"><cards type="Turn">H9</cards>
<action no="9" player="Obolonsky99" type="4" discard="1" dealt="1" sum="0"/>
<action no="10" player="oreiasccp" type="5" sum="30"/>
<action no="11" player="Obolonsky99" type="0" discard="1" dealt="1" sum="0"/>
</round>
</game>
<game gamecode="11540641323"><general><startdate>2025-06-29 10:06:16</startdate>
<round>1</round>
<failsafecounter/>
<players><player seat="10" name="oreiasccp" chips="435" dealer="0" win="130" bet="65" muck="0" rebuy="0" addon="0" merge="0" rebuychips="0" reg_code="8394264423"/>
<player seat="3" name="Obolonsky99" chips="1,065" dealer="1" win="0" bet="65" muck="1" rebuy="0" addon="0" merge="0" rebuychips="0" reg_code="8394264364"/>
</players>
</general>
<round no="0"><action no="1" player="Obolonsky99" type="15" discard="1" dealt="1" sum="5"/>
<action no="2" player="oreiasccp" type="15" sum="5"/>
<action no="3" player="Obolonsky99" type="1" discard="1" dealt="1" sum="15"/>
<action no="4" player="oreiasccp" type="2" sum="30"/>
</round>
<round no="1"><cards type="Pocket" player="oreiasccp">H2 C8</cards>
<cards type="Pocket" player="Obolonsky99">SK CA</cards>
<action no="5" player="Obolonsky99" type="3" discard="1" dealt="1" sum="15"/>
<action no="6" player="oreiasccp" type="4" sum="0"/>
</round>
<round no="2"><cards type="Flop">D8 C6 DJ</cards>
<action no="7" player="oreiasccp" type="4" sum="0"/>
<action no="8" player="Obolonsky99" type="4" discard="1" dealt="1" sum="0"/>
</round>
<round no="3"><cards type="Turn">CQ</cards>
<action no="9" player="oreiasccp" type="4" sum="0"/>
<action no="10" player="Obolonsky99" type="4" discard="1" dealt="1" sum="0"/>
</round>
<round no="4"><cards type="River">D7</cards>
<action no="11" player="oreiasccp" type="5" sum="30"/>
<action no="12" player="Obolonsky99" type="3" discard="1" dealt="1" sum="30"/>
</round>
</game>
<game gamecode="11540641424"><general><startdate>2025-06-29 10:06:46</startdate>
<round>1</round>
<failsafecounter/>
<players><player seat="3" name="Obolonsky99" chips="1,000" dealer="0" win="90" bet="1,000" muck="1" rebuy="0" addon="0" merge="0" rebuychips="0" reg_code="8394264364"/>
<player seat="10" name="oreiasccp" chips="500" dealer="1" win="0" bet="45" muck="1" rebuy="0" addon="0" merge="0" rebuychips="0" reg_code="8394264423"/>
</players>
</general>
<round no="0"><action no="1" player="oreiasccp" type="15" sum="5"/>
<action no="2" player="Obolonsky99" type="15" discard="1" dealt="1" sum="5"/>
<action no="3" player="oreiasccp" type="1" sum="20"/>
<action no="4" player="Obolonsky99" type="2" discard="1" dealt="1" sum="40"/>
</round>
<round no="1"><cards type="Pocket" player="Obolonsky99">X X</cards>
<cards type="Pocket" player="oreiasccp">S6 H7</cards>
<action no="5" player="oreiasccp" type="3" sum="20"/>
<action no="6" player="Obolonsky99" type="23" discard="1" dealt="1" sum="995"/>
<action no="7" player="oreiasccp" type="0" sum="0"/>
</round>
</game>
<game gamecode="11540641476"><general><startdate>2025-06-29 10:07:00</startdate>
<round>1</round>
<failsafecounter/>
<players><player seat="10" name="oreiasccp" chips="455" dealer="0" win="424" bet="212" muck="0" rebuy="0" addon="0" merge="0" rebuychips="0" reg_code="8394264423"/>
<player seat="3" name="Obolonsky99" chips="1,045" dealer="1" win="0" bet="212" muck="1" rebuy="0" addon="0" merge="0" rebuychips="0" reg_code="8394264364"/>
</players>
</general>
<round no="0"><action no="1" player="Obolonsky99" type="15" discard="1" dealt="1" sum="5"/>
<action no="2" player="oreiasccp" type="15" sum="5"/>
<action no="3" player="Obolonsky99" type="1" discard="1" dealt="1" sum="20"/>
<action no="4" player="oreiasccp" type="2" sum="40"/>
</round>
<round no="1"><cards type="Pocket" player="oreiasccp">H6 C9</cards>
<cards type="Pocket" player="Obolonsky99">S3 H5</cards>
<action no="5" player="Obolonsky99" type="3" discard="1" dealt="1" sum="20"/>
<action no="6" player="oreiasccp" type="4" sum="0"/>
</round>
<round no="2"><cards type="Flop">H9 C3 S4</cards>
<action no="7" player="oreiasccp" type="4" sum="0"/>
<action no="8" player="Obolonsky99" type="5" discard="1" dealt="1" sum="40"/>
<action no="9" player="oreiasccp" type="3" sum="40"/>
</round>
<round no="3"><cards type="Turn">D9</cards>
<action no="10" player="oreiasccp" type="4" sum="0"/>
<action no="11" player="Obolonsky99" type="5" discard="1" dealt="1" sum="127"/>
<action no="12" player="oreiasccp" type="3" sum="127"/>
</round>
<round no="4"><cards type="River">C8</cards>
<action no="13" player="oreiasccp" type="4" sum="0"/>
<action no="14" player="Obolonsky99" type="4" discard="1" dealt="1" sum="0"/>
</round>
</game>
<game gamecode="11540641570"><general><startdate>2025-06-29 10:07:26</startdate>
<round>1</round>
<failsafecounter/>
<players><player seat="3" name="Obolonsky99" chips="833" dealer="0" win="250" bet="205" muck="1" rebuy="0" addon="0" merge="0" rebuychips="0" reg_code="8394264364"/>
<player seat="10" name="oreiasccp" chips="667" dealer="1" win="0" bet="125" muck="1" rebuy="0" addon="0" merge="0" rebuychips="0" reg_code="8394264423"/>
</players>
</general>
<round no="0"><action no="1" player="oreiasccp" type="15" sum="5"/>
<action no="2" player="Obolonsky99" type="15" discard="1" dealt="1" sum="5"/>
<action no="3" player="oreiasccp" type="1" sum="20"/>
<action no="4" player="Obolonsky99" type="2" discard="1" dealt="1" sum="40"/>
</round>
<round no="1"><cards type="Pocket" player="Obolonsky99">X X</cards>
<cards type="Pocket" player="oreiasccp">H8 SQ</cards>
<action no="5" player="oreiasccp" type="23" sum="80"/>
<action no="6" player="Obolonsky99" type="3" discard="1" dealt="1" sum="40"/>
</round>
<round no="2"><cards type="Flop">S4 DA H2</cards>
<action no="7" player="Obolonsky99" type="4" discard="1" dealt="1" sum="0"/>
<action no="8" player="oreiasccp" type="5" sum="40"/>
<action no="9" player="Obolonsky99" type="23" discard="1" dealt="1" sum="120"/>
<action no="10" player="oreiasccp" type="0" sum="0"/>
</round>
</game>
<game gamecode="11540641634"><general><startdate>2025-06-29 10:07:41</startdate>
<round>1</round>
<failsafecounter/>
<players><player seat="10" name="oreiasccp" chips="542" dealer="0" win="170" bet="170" muck="1" rebuy="0" addon="0" merge="0" rebuychips="0" reg_code="8394264423"/>
<player seat="3" name="Obolonsky99" chips="958" dealer="1" win="0" bet="85" muck="1" rebuy="0" addon="0" merge="0" rebuychips="0" reg_code="8394264364"/>
</players>
</general>
<round no="0"><action no="1" player="Obolonsky99" type="15" discard="1" dealt="1" sum="5"/>
<action no="2" player="oreiasccp" type="15" sum="5"/>
<action no="3" player="Obolonsky99" type="1" discard="1" dealt="1" sum="20"/>
<action no="4" player="oreiasccp" type="2" sum="40"/>
</round>
<round no="1"><cards type="Pocket" player="oreiasccp">H4 CQ</cards>
<cards type="Pocket" player="Obolonsky99">X X</cards>
<action no="5" player="Obolonsky99" type="3" discard="1" dealt="1" sum="20"/>
<action no="6" player="oreiasccp" type="4" sum="0"/>
</round>
<round no="2"><cards type="Flop">DJ SQ CJ</cards>
<action no="7" player="oreiasccp" type="4" sum="0"/>
<action no="8" player="Obolonsky99" type="5" discard="1" dealt="1" sum="40"/>
<action no="9" player="oreiasccp" type="3" sum="40"/>
</round>
<round no="3"><cards type="Turn">H10</cards>
<action no="10" player="oreiasccp" type="4" sum="0"/>
<action no="11" player="Obolonsky99" type="4" discard="1" dealt="1" sum="0"/>
</round>
<round no="4"><cards type="River">S3</cards>
<action no="12" player="oreiasccp" type="5" sum="85"/>
<action no="13" player="Obolonsky99" type="0" discard="1" dealt="1" sum="0"/>
</round>
</game>
<game gamecode="11540648571"><general><startdate>2025-06-29 10:08:07</startdate>
<round>1</round>
<failsafecounter/>
<players><player seat="3" name="Obolonsky99" chips="873" dealer="0" win="50" bet="45" muck="1" rebuy="0" addon="0" merge="0" rebuychips="0" reg_code="8394264364"/>
<player seat="10" name="oreiasccp" chips="627" dealer="1" win="0" bet="25" muck="1" rebuy="0" addon="0" merge="0" rebuychips="0" reg_code="8394264423"/>
</players>
</general>
<round no="0"><action no="1" player="oreiasccp" type="15" sum="5"/>
<action no="2" player="Obolonsky99" type="15" discard="1" dealt="1" sum="5"/>
<action no="3" player="oreiasccp" type="1" sum="20"/>
<action no="4" player="Obolonsky99" type="2" discard="1" dealt="1" sum="40"/>
</round>
<round no="1"><cards type="Pocket" player="Obolonsky99">X X</cards>
<cards type="Pocket" player="oreiasccp">H5 S3</cards>
<action no="5" player="oreiasccp" type="0" sum="0"/>
</round>
</game>
<game gamecode="11540648592"><general><startdate>2025-06-29 10:08:12</startdate>
<round>1</round>
<failsafecounter/>
<players><player seat="10" name="oreiasccp" chips="602" dealer="0" win="424" bet="602" muck="1" rebuy="0" addon="0" merge="0" rebuychips="0" reg_code="8394264423"/>
<player seat="3" name="Obolonsky99" chips="898" dealer="1" win="0" bet="212" muck="1" rebuy="0" addon="0" merge="0" rebuychips="0" reg_code="8394264364"/>
</players>
</general>
<round no="0"><action no="1" player="Obolonsky99" type="15" discard="1" dealt="1" sum="5"/>
<action no="2" player="oreiasccp" type="15" sum="5"/>
<action no="3" player="Obolonsky99" type="1" discard="1" dealt="1" sum="20"/>
<action no="4" player="oreiasccp" type="2" sum="40"/>
</round>
<round no="1"><cards type="Pocket" player="oreiasccp">SK S2</cards>
<cards type="Pocket" player="Obolonsky99">X X</cards>
<action no="5" player="Obolonsky99" type="3" discard="1" dealt="1" sum="20"/>
<action no="6" player="oreiasccp" type="4" sum="0"/>
</round>
<round no="2"><cards type="Flop">S10 DA D2</cards>
<action no="7" player="oreiasccp" type="4" sum="0"/>
<action no="8" player="Obolonsky99" type="5" discard="1" dealt="1" sum="40"/>
<action no="9" player="oreiasccp" type="3" sum="40"/>
</round>
<round no="3"><cards type="Turn">HK</cards>
<action no="10" player="oreiasccp" type="4" sum="0"/>
<action no="11" player="Obolonsky99" type="5" discard="1" dealt="1" sum="127"/>
<action no="12" player="oreiasccp" type="23" sum="517"/>
<action no="13" player="Obolonsky99" type="0" discard="1" dealt="1" sum="0"/>
</round>
</game>
<game gamecode="11540648695"><general><startdate>2025-06-29 10:08:41</startdate>
<round>1</round>
<failsafecounter/>
<players><player seat="3" name="Obolonsky99" chips="686" dealer="0" win="0" bet="65" muck="1" rebuy="0" addon="0" merge="0" rebuychips="0" reg_code="8394264364"/>
<player seat="10" name="oreiasccp" chips="814" dealer="1" win="130" bet="125" muck="1" rebuy="0" addon="0" merge="0" rebuychips="0" reg_code="8394264423"/>
</players>
</general>
<round no="0"><action no="1" player="oreiasccp" type="15" sum="5"/>
<action no="2" player="Obolonsky99" type="15" discard="1" dealt="1" sum="5"/>
<action no="3" player="oreiasccp" type="1" sum="30"/>
<action no="4" player="Obolonsky99" type="2" discard="1" dealt="1" sum="60"/>
</round>
<round no="1"><cards type="Pocket" player="Obolonsky99">X X</cards>
<cards type="Pocket" player="oreiasccp">SQ S8</cards>
<action no="5" player="oreiasccp" type="3" sum="30"/>
<action no="6" player="Obolonsky99" type="4" discard="1" dealt="1" sum="0"/>
</round>
<round no="2"><cards type="Flop">H3 S5 DQ</cards>
<action no="7" player="Obolonsky99" type="4" discard="1" dealt="1" sum="0"/>
<action no="8" player="oreiasccp" type="5" sum="60"/>
<action no="9" player="Obolonsky99" type="0" discard="1" dealt="1" sum="0"/>
</round>
</game>
<game gamecode="11540648757"><general><startdate>2025-06-29 10:08:58</startdate>
<round>1</round>
<failsafecounter/>
<players><player seat="10" name="oreiasccp" chips="879" dealer="0" win="0" bet="65" muck="1" rebuy="0" addon="0" merge="0" rebuychips="0" reg_code="8394264423"/>
<player seat="3" name="Obolonsky99" chips="621" dealer="1" win="130" bet="125" muck="1" rebuy="0" addon="0" merge="0" rebuychips="0" reg_code="8394264364"/>
</players>
</general>
<round no="0"><action no="1" player="Obolonsky99" type="15" discard="1" dealt="1" sum="5"/>
<action no="2" player="oreiasccp" type="15" sum="5"/>
<action no="3" player="Obolonsky99" type="1" discard="1" dealt="1" sum="30"/>
<action no="4" player="oreiasccp" type="2" sum="60"/>
</round>
<round no="1"><cards type="Pocket" player="oreiasccp">H2 SJ</cards>
<cards type="Pocket" player="Obolonsky99">X X</cards>
<action no="5" player="Obolonsky99" type="3" discard="1" dealt="1" sum="30"/>
<action no="6" player="oreiasccp" type="4" sum="0"/>
</round>
<round no="2"><cards type="Flop">H7 D3 CA</cards>
<action no="7" player="oreiasccp" type="4" sum="0"/>
<action no="8" player="Obolonsky99" type="5" discard="1" dealt="1" sum="60"/>
<action no="9" player="oreiasccp" type="0" sum="0"/>
</round>
</game>
<game gamecode="11540648824"><general><startdate>2025-06-29 10:09:18</startdate>
<round>1</round>
<failsafecounter/>
<players><player seat="3" name="Obolonsky99" chips="686" dealer="0" win="250" bet="686" muck="1" rebuy="0" addon="0" merge="0" rebuychips="0" reg_code="8394264364"/>
<player seat="10" name="oreiasccp" chips="814" dealer="1" win="0" bet="125" muck="1" rebuy="0" addon="0" merge="0" rebuychips="0" reg_code="8394264423"/>
</players>
</general>
<round no="0"><action no="1" player="oreiasccp" type="15" sum="5"/>
<action no="2" player="Obolonsky99" type="15" discard="1" dealt="1" sum="5"/>
<action no="3" player="oreiasccp" type="1" sum="30"/>
<action no="4" player="Obolonsky99" type="2" discard="1" dealt="1" sum="60"/>
</round>
<round no="1"><cards type="Pocket" player="oreiasccp">C9 S10</cards>
<cards type="Pocket" player="Obolonsky99">X X</cards>
<action no="5" player="oreiasccp" type="23" sum="120"/>
<action no="6" player="Obolonsky99" type="23" discard="1" dealt="1" sum="681"/>
<action no="7" player="oreiasccp" type="0" sum="0"/>
</round>
</game>
<game gamecode="11540648891"><general><startdate>2025-06-29 10:09:36</startdate>
<round>1</round>
<failsafecounter/>
<players><player seat="10" name="oreiasccp" chips="689" dealer="0" win="0" bet="312" muck="1" rebuy="0" addon="0" merge="0" rebuychips="0" reg_code="8394264423"/>
<player seat="3" name="Obolonsky99" chips="811" dealer="1" win="624" bet="811" muck="1" rebuy="0" addon="0" merge="0" rebuychips="0" reg_code="8394264364"/>
</players>
</general>
<round no="0"><action no="1" player="Obolonsky99" type="15" discard="1" dealt="1" sum="5"/>
<action no="2" player="oreiasccp" type="15" sum="5"/>
<action no="3" player="Obolonsky99" type="1" discard="1" dealt="1" sum="30"/>
<action no="4" player="oreiasccp" type="2" sum="60"/>
</round>
<round no="1"><cards type="Pocket" player="oreiasccp">D2 SJ</cards>
<cards type="Pocket" player="Obolonsky99">X X</cards>
<action no="5" player="Obolonsky99" type="3" discard="1" dealt="1" sum="30"/>
<action no="6" player="oreiasccp" type="4" sum="0"/>
</round>
<round no="2"><cards type="Flop">DJ C9 CA</cards>
<action no="7" player="oreiasccp" type="4" sum="0"/>
<action no="8" player="Obolonsky99" type="5" discard="1" dealt="1" sum="60"/>
<action no="9" player="oreiasccp" type="3" sum="60"/>
</round>
<round no="3"><cards type="Turn">C4</cards>
<action no="10" player="oreiasccp" type="4" sum="0"/>
<action no="11" player="Obolonsky99" type="5" discard="1" dealt="1" sum="187"/>
<action no="12" player="oreiasccp" type="3" sum="187"/>
</round>
<round no="4"><cards type="River">C7</cards>
<action no="13" player="oreiasccp" type="4" sum="0"/>
<action no="14" player="Obolonsky99" type="5" discard="1" dealt="1" sum="499"/>
<action no="15" player="oreiasccp" type="0" sum="0"/>
</round>
</game>
<game gamecode="11540649014"><general><startdate>2025-06-29 10:10:11</startdate>
<round>1</round>
<failsafecounter/>
<players><player seat="3" name="Obolonsky99" chips="1,123" dealer="0" win="0" bet="65" muck="1" rebuy="0" addon="0" merge="0" rebuychips="0" reg_code="8394264364"/>
<player seat="10" name="oreiasccp" chips="377" dealer="1" win="130" bet="377" muck="1" rebuy="0" addon="0" merge="0" rebuychips="0" reg_code="8394264423"/>
</players>
</general>
<round no="0"><action no="1" player="oreiasccp" type="15" sum="5"/>
<action no="2" player="Obolonsky99" type="15" discard="1" dealt="1" sum="5"/>
<action no="3" player="oreiasccp" type="1" sum="30"/>
<action no="4" player="Obolonsky99" type="2" discard="1" dealt="1" sum="60"/>
</round>
<round no="1"><cards type="Pocket" player="Obolonsky99">X X</cards>
<cards type="Pocket" player="oreiasccp">HK HQ</cards>
<action no="5" player="oreiasccp" type="23" sum="372"/>
<action no="6" player="Obolonsky99" type="0" discard="1" dealt="1" sum="0"/>
</round>
</game>
<game gamecode="11540649058"><general><startdate>2025-06-29 10:10:23</startdate>
<round>1</round>
<failsafecounter/>
<players><player seat="10" name="oreiasccp" chips="442" dealer="0" win="0" bet="65" muck="1" rebuy="0" addon="0" merge="0" rebuychips="0" reg_code="8394264423"/>
<player seat="3" name="Obolonsky99" chips="1,058" dealer="1" win="130" bet="1,058" muck="1" rebuy="0" addon="0" merge="0" rebuychips="0" reg_code="8394264364"/>
</players>
</general>
<round no="0"><action no="1" player="Obolonsky99" type="15" discard="1" dealt="1" sum="5"/>
<action no="2" player="oreiasccp" type="15" sum="5"/>
<action no="3" player="Obolonsky99" type="1" discard="1" dealt="1" sum="30"/>
<action no="4" player="oreiasccp" type="2" sum="60"/>
</round>
<round no="1"><cards type="Pocket" player="Obolonsky99">X X</cards>
<cards type="Pocket" player="oreiasccp">D4 H3</cards>
<action no="5" player="Obolonsky99" type="23" discard="1" dealt="1" sum="1,053"/>
<action no="6" player="oreiasccp" type="0" sum="0"/>
</round>
</game>
<game gamecode="11540649091"><general><startdate>2025-06-29 10:10:33</startdate>
<round>1</round>
<failsafecounter/>
<players><player seat="3" name="Obolonsky99" chips="1,123" dealer="0" win="754" bet="377" muck="0" rebuy="0" addon="0" merge="0" rebuychips="0" reg_code="8394264364"/>
<player seat="10" name="oreiasccp" chips="377" dealer="1" win="0" bet="377" muck="0" rebuy="0" addon="0" merge="0" rebuychips="0" reg_code="8394264423"/>
</players>
</general>
<round no="0"><action no="1" player="oreiasccp" type="15" sum="8"/>
<action no="2" player="Obolonsky99" type="15" discard="1" dealt="1" sum="8"/>
<action no="3" player="oreiasccp" type="1" sum="40"/>
<action no="4" player="Obolonsky99" type="2" discard="1" dealt="1" sum="80"/>
</round>
<round no="1"><cards type="Pocket" player="oreiasccp">C8 HK</cards>
<cards type="Pocket" player="Obolonsky99">CA H2</cards>
<action no="5" player="oreiasccp" type="23" sum="369"/>
<action no="6" player="Obolonsky99" type="3" discard="1" dealt="1" sum="289"/>
</round>
<round no="2"><cards type="Flop">D7 SJ SA</cards>
</round>
<round no="3"><cards type="Turn">HQ</cards>
</round>
<round no="4"><cards type="River">S6</cards>
</round>
</game>
</session>
