<?xml version="1.0" encoding="UTF-8"?>
<session sessioncode="8394291489">
<general>
<client_version>25.1.1.13</client_version>
<mode>real</mode>
<gametype>Holdem NL</gametype>
<tablename>Twister €5 SNG, 1128855147</tablename>
<tournamentcode>1128855146</tournamentcode>
<tournamentname>Twister €5 SNG</tournamentname>
<buyin>€0 + €0.35 + €4.65</buyin>
<totalbuyin>€5</totalbuyin>
<rewarddrawn>€10</rewarddrawn>
<tournamentcurrency>EUR</tournamentcurrency>
<currency>EUR</currency>
<nickname>oreiasccp</nickname>
<gamecount>12</gamecount>
<startdate>2025-06-29 11:23:48</startdate>
<place>1</place>
<win>€10</win>
<tablesize>3</tablesize>
</general>
<game gamecode="11540711508"><general><startdate>2025-06-29 11:24:04</startdate>
<round>1</round>
<failsafecounter/>
<players><player seat="6" name="oreiasccp" chips="500" dealer="0" win="20" bet="20" muck="1" rebuy="0" addon="0" merge="0" rebuychips="0" reg_code="8394291489"/>
<player seat="10" name="Fantomas880" chips="500" dealer="1" win="0" bet="0" muck="1" rebuy="0" addon="0" merge="0" rebuychips="0" reg_code="8394291538"/>
<player seat="3" name="newguy18" chips="500" dealer="0" win="0" bet="10" muck="1" rebuy="0" addon="0" merge="0" rebuychips="0" reg_code="8394291502"/>
</players>
</general>
<round no="0"><action no="1" player="newguy18" type="1" discard="1" dealt="1" sum="10"/>
<action no="2" player="oreiasccp" type="2" sum="20"/>
</round>
<round no="1"><cards type="Pocket" player="oreiasccp">DJ H2</cards>
<cards type="Pocket" player="Fantomas880">X X</cards>
<cards type="Pocket" player="newguy18">X X</cards>
<action no="3" player="Fantomas880" type="0" discard="1" dealt="1" sum="0"/>
<action no="4" player="newguy18" type="0" discard="1" dealt="1" sum="0"/>
</round>
</game>
<game gamecode="11540711551"><general><startdate>2025-06-29 11:24:12</startdate>
<round>1</round>
<failsafecounter/>
<players><player seat="10" name="Fantomas880" chips="500" dealer="0" win="0" bet="20" muck="1" rebuy="0" addon="0" merge="0" rebuychips="0" reg_code="8394291538"/>
<player seat="3" name="newguy18" chips="490" dealer="1" win="0" bet="0" muck="1" rebuy="0" addon="0" merge="0" rebuychips="0" reg_code="8394291502"/>
<player seat="6" name="oreiasccp" chips="510" dealer="0" win="40" bet="40" muck="1" rebuy="0" addon="0" merge="0" rebuychips="0" reg_code="8394291489"/>
</players>
</general>
<round no="0"><action no="1" player="oreiasccp" type="1" sum="10"/>
<action no="2" player="Fantomas880" type="2" discard="1" dealt="1" sum="20"/>
</round>
<round no="1"><cards type="Pocket" player="newguy18">X X</cards>
<cards type="Pocket" player="Fantomas880">X X</cards>
<cards type="Pocket" player="oreiasccp">CA C6</cards>
<action no="3" player="newguy18" type="0" discard="1" dealt="1" sum="0"/>
<action no="4" player="oreiasccp" type="23" sum="40"/>
<action no="5" player="Fantomas880" type="0" discard="1" dealt="1" sum="0"/>
</round>
</game>
<game gamecode="11540711593"><general><startdate>2025-06-29 11:24:21</startdate>
<round>1</round>
<failsafecounter/>
<players><player seat="3" name="newguy18" chips="490" dealer="0" win="20" bet="20" muck="1" rebuy="0" addon="0" merge="0" rebuychips="0" reg_code="8394291502"/>
<player seat="6" name="oreiasccp" chips="530" dealer="1" win="0" bet="0" muck="1" rebuy="0" addon="0" merge="0" rebuychips="0" reg_code="8394291489"/>
<player seat="10" name="Fantomas880" chips="480" dealer="0" win="0" bet="10" muck="1" rebuy="0" addon="0" merge="0" rebuychips="0" reg_code="8394291538"/>
</players>
</general>
<round no="0"><action no="1" player="Fantomas880" type="1" discard="1" dealt="1" sum="10"/>
<action no="2" player="newguy18" type="2" discard="1" dealt="1" sum="20"/>
</round>
<round no="1"><cards type="Pocket" player="Fantomas880">X X</cards>
<cards type="Pocket" player="newguy18">X X</cards>
<cards type="Pocket" player="oreiasccp">C8 H9</cards>
<action no="3" player="oreiasccp" type="0" sum="0"/>
<action no="4" player="Fantomas880" type="0" discard="1" dealt="1" sum="0"/>
</round>
</game>
<game gamecode="11540711619"><general><startdate>2025-06-29 11:24:28</startdate>
<round>1</round>
<failsafecounter/>
<players><player seat="6" name="oreiasccp" chips="530" dealer="0" win="0" bet="120" muck="1" rebuy="0" addon="0" merge="0" rebuychips="0" reg_code="8394291489"/>
<player seat="10" name="Fantomas880" chips="470" dealer="1" win="0" bet="0" muck="1" rebuy="0" addon="0" merge="0" rebuychips="0" reg_code="8394291538"/>
<player seat="3" name="newguy18" chips="500" dealer="0" win="240" bet="240" muck="1" rebuy="0" addon="0" merge="0" rebuychips="0" reg_code="8394291502"/>
</players>
</general>
<round no="0"><action no="1" player="newguy18" type="1" discard="1" dealt="1" sum="10"/>
<action no="2" player="oreiasccp" type="2" sum="20"/>
</round>
<round no="1"><cards type="Pocket" player="Fantomas880">X X</cards>
<cards type="Pocket" player="oreiasccp">SJ S4</cards>
<cards type="Pocket" player="newguy18">X X</cards>
<action no="3" player="Fantomas880" type="0" discard="1" dealt="1" sum="0"/>
<action no="4" player="newguy18" type="23" discard="1" dealt="1" sum="60"/>
<action no="5" player="oreiasccp" type="3" sum="40"/>
</round>
<round no="2"><cards type="Flop">SA H9 S9</cards>
<action no="6" player="newguy18" type="5" discard="1" dealt="1" sum="60"/>
<action no="7" player="oreiasccp" type="3" sum="60"/>
</round>
<round no="3"><cards type="Turn">D9</cards>
<action no="8" player="newguy18" type="5" discard="1" dealt="1" sum="120"/>
<action no="9" player="oreiasccp" type="0" sum="0"/>
</round>
</game>
<game gamecode="11540711735"><general><startdate>2025-06-29 11:24:50</startdate>
<round>1</round>
<failsafecounter/>
<players><player seat="10" name="Fantomas880" chips="470" dealer="0" win="130" bet="190" muck="1" rebuy="0" addon="0" merge="0" rebuychips="0" reg_code="8394291538"/>
<player seat="3" name="newguy18" chips="620" dealer="1" win="0" bet="60" muck="1" rebuy="0" addon="0" merge="0" rebuychips="0" reg_code="8394291502"/>
<player seat="6" name="oreiasccp" chips="410" dealer="0" win="0" bet="10" muck="1" rebuy="0" addon="0" merge="0" rebuychips="0" reg_code="8394291489"/>
</players>
</general>
<round no="0"><action no="1" player="oreiasccp" type="1" sum="10"/>
<action no="2" player="Fantomas880" type="2" discard="1" dealt="1" sum="20"/>
</round>
<round no="1"><cards type="Pocket" player="Fantomas880">X X</cards>
<cards type="Pocket" player="oreiasccp">DA C4</cards>
<cards type="Pocket" player="newguy18">X X</cards>
<action no="3" player="newguy18" type="23" discard="1" dealt="1" sum="60"/>
<action no="4" player="oreiasccp" type="0" sum="0"/>
<action no="5" player="Fantomas880" type="3" discard="1" dealt="1" sum="40"/>
</round>
<round no="2"><cards type="Flop">SA H9 D6</cards>
<action no="6" player="Fantomas880" type="4" discard="1" dealt="1" sum="0"/>
<action no="7" player="newguy18" type="4" discard="1" dealt="1" sum="0"/>
</round>
<round no="3"><cards type="Turn">HK</cards>
<action no="8" player="Fantomas880" type="4" discard="1" dealt="1" sum="0"/>
<action no="9" player="newguy18" type="4" discard="1" dealt="1" sum="0"/>
</round>
<round no="4"><cards type="River">S8</cards>
<action no="10" player="Fantomas880" type="5" discard="1" dealt="1" sum="130"/>
<action no="11" player="newguy18" type="0" discard="1" dealt="1" sum="0"/>
</round>
</game>
<game gamecode="11540711829"><general><startdate>2025-06-29 11:25:11</startdate>
<round>1</round>
<failsafecounter/>
<players><player seat="3" name="newguy18" chips="560" dealer="0" win="0" bet="20" muck="1" rebuy="0" addon="0" merge="0" rebuychips="0" reg_code="8394291502"/>
<player seat="6" name="oreiasccp" chips="400" dealer="1" win="50" bet="40" muck="1" rebuy="0" addon="0" merge="0" rebuychips="0" reg_code="8394291489"/>
<player seat="10" name="Fantomas880" chips="540" dealer="0" win="0" bet="10" muck="1" rebuy="0" addon="0" merge="0" rebuychips="0" reg_code="8394291538"/>
</players>
</general>
<round no="0"><action no="1" player="Fantomas880" type="1" discard="1" dealt="1" sum="10"/>
<action no="2" player="newguy18" type="2" discard="1" dealt="1" sum="20"/>
</round>
<round no="1"><cards type="Pocket" player="Fantomas880">X X</cards>
<cards type="Pocket" player="oreiasccp">H9 CK</cards>
<cards type="Pocket" player="newguy18">X X</cards>
<action no="3" player="oreiasccp" type="23" sum="40"/>
<action no="4" player="Fantomas880" type="0" discard="1" dealt="1" sum="0"/>
<action no="5" player="newguy18" type="0" discard="1" dealt="1" sum="0"/>
</round>
</game>
<game gamecode="11540711870"><general><startdate>2025-06-29 11:25:20</startdate>
<round>1</round>
<failsafecounter/>
<players><player seat="6" name="oreiasccp" chips="430" dealer="0" win="20" bet="20" muck="1" rebuy="0" addon="0" merge="0" rebuychips="0" reg_code="8394291489"/>
<player seat="10" name="Fantomas880" chips="530" dealer="1" win="0" bet="0" muck="1" rebuy="0" addon="0" merge="0" rebuychips="0" reg_code="8394291538"/>
<player seat="3" name="newguy18" chips="540" dealer="0" win="0" bet="10" muck="1" rebuy="0" addon="0" merge="0" rebuychips="0" reg_code="8394291502"/>
</players>
</general>
<round no="0"><action no="1" player="newguy18" type="1" discard="1" dealt="1" sum="10"/>
<action no="2" player="oreiasccp" type="2" sum="20"/>
</round>
<round no="1"><cards type="Pocket" player="oreiasccp">DJ D10</cards>
<cards type="Pocket" player="Fantomas880">X X</cards>
<cards type="Pocket" player="newguy18">X X</cards>
<action no="3" player="Fantomas880" type="0" discard="1" dealt="1" sum="0"/>
<action no="4" player="newguy18" type="0" discard="1" dealt="1" sum="0"/>
</round>
</game>
<game gamecode="11540711903"><general><startdate>2025-06-29 11:25:28</startdate>
<round>1</round>
<failsafecounter/>
<players><player seat="10" name="Fantomas880" chips="530" dealer="0" win="0" bet="100" muck="0" rebuy="0" addon="0" merge="0" rebuychips="0" reg_code="8394291538"/>
<player seat="3" name="newguy18" chips="530" dealer="1" win="0" bet="0" muck="1" rebuy="0" addon="0" merge="0" rebuychips="0" reg_code="8394291502"/>
<player seat="6" name="oreiasccp" chips="440" dealer="0" win="200" bet="100" muck="0" rebuy="0" addon="0" merge="0" rebuychips="0" reg_code="8394291489"/>
</players>
</general>
<round no="0"><action no="1" player="oreiasccp" type="1" sum="10"/>
<action no="2" player="Fantomas880" type="2" discard="1" dealt="1" sum="20"/>
</round>
<round no="1"><cards type="Pocket" player="Fantomas880">SJ C2</cards>
<cards type="Pocket" player="oreiasccp">C7 DJ</cards>
<cards type="Pocket" player="newguy18">X X</cards>
<action no="3" player="newguy18" type="0" discard="1" dealt="1" sum="0"/>
<action no="4" player="oreiasccp" type="23" sum="40"/>
<action no="5" player="Fantomas880" type="3" discard="1" dealt="1" sum="20"/>
</round>
<round no="2"><cards type="Flop">D5 S7 S6</cards>
<action no="6" player="oreiasccp" type="5" sum="20"/>
<action no="7" player="Fantomas880" type="3" discard="1" dealt="1" sum="20"/>
</round>
<round no="3"><cards type="Turn">D6</cards>
<action no="8" player="oreiasccp" type="4" sum="0"/>
<action no="9" player="Fantomas880" type="5" discard="1" dealt="1" sum="20"/>
<action no="10" player="oreiasccp" type="3" sum="20"/>
</round>
<round no="4"><cards type="River">H4</cards>
<action no="11" player="oreiasccp" type="4" sum="0"/>
<action no="12" player="Fantomas880" type="5" discard="1" dealt="1" sum="20"/>
<action no="13" player="oreiasccp" type="3" sum="20"/>
</round>
</game>
<game gamecode="11540712019"><general><startdate>2025-06-29 11:25:53</startdate>
<round>1</round>
<failsafecounter/>
<players><player seat="3" name="newguy18" chips="530" dealer="0" win="0" bet="20" muck="1" rebuy="0" addon="0" merge="0" rebuychips="0" reg_code="8394291502"/>
<player seat="6" name="oreiasccp" chips="540" dealer="1" win="880" bet="430" muck="0" rebuy="0" addon="0" merge="0" rebuychips="0" reg_code="8394291489"/>
<player seat="10" name="Fantomas880" chips="430" dealer="0" win="0" bet="430" muck="1" rebuy="0" addon="0" merge="0" rebuychips="0" reg_code="8394291538"/>
</players>
</general>
<round no="0"><action no="1" player="Fantomas880" type="1" discard="1" dealt="1" sum="10"/>
<action no="2" player="newguy18" type="2" discard="1" dealt="1" sum="20"/>
</round>
<round no="1"><cards type="Pocket" player="oreiasccp">H8 S8</cards>
<cards type="Pocket" player="Fantomas880">HA C4</cards>
<cards type="Pocket" player="newguy18">X X</cards>
<action no="3" player="oreiasccp" type="23" sum="40"/>
<action no="4" player="Fantomas880" type="23" discard="1" dealt="1" sum="60"/>
<action no="5" player="newguy18" type="0" discard="1" dealt="1" sum="0"/>
<action no="6" player="oreiasccp" type="23" sum="430"/>
<action no="7" player="Fantomas880" type="7" discard="1" dealt="1" sum="370"/>
</round>
<round no="2"><cards type="Flop">D7 CJ DJ</cards>
</round>
<round no="3"><cards type="Turn">H7</cards>
</round>
<round no="4"><cards type="River">C8</cards>
</round>
</game>
<game gamecode="11540712113"><general><startdate>2025-06-29 11:26:14</startdate>
<round>1</round>
<failsafecounter/>
<players><player seat="6" name="oreiasccp" chips="990" dealer="0" win="130" bet="510" muck="1" rebuy="0" addon="0" merge="0" rebuychips="0" reg_code="8394291489"/>
<player seat="3" name="newguy18" chips="510" dealer="1" win="0" bet="65" muck="1" rebuy="0" addon="0" merge="0" rebuychips="0" reg_code="8394291502"/>
</players>
</general>
<round no="0"><action no="1" player="newguy18" type="15" discard="1" dealt="1" sum="5"/>
<action no="2" player="oreiasccp" type="15" sum="5"/>
<action no="3" player="newguy18" type="1" discard="1" dealt="1" sum="15"/>
<action no="4" player="oreiasccp" type="2" sum="30"/>
</round>
<round no="1"><cards type="Pocket" player="newguy18">X X</cards>
<cards type="Pocket" player="oreiasccp">D6 DA</cards>
<action no="5" player="newguy18" type="23" discard="1" dealt="1" sum="60"/>
<action no="6" player="oreiasccp" type="23" sum="505"/>
<action no="7" player="newguy18" type="0" discard="1" dealt="1" sum="0"/>
</round>
</game>
<game gamecode="11540712171"><general><startdate>2025-06-29 11:26:26</startdate>
<round>1</round>
<failsafecounter/>
<players><player seat="3" name="newguy18" chips="445" dealer="0" win="0" bet="35" muck="1" rebuy="0" addon="0" merge="0" rebuychips="0" reg_code="8394291502"/>
<player seat="6" name="oreiasccp" chips="1,055" dealer="1" win="70" bet="35" muck="0" rebuy="0" addon="0" merge="0" rebuychips="0" reg_code="8394291489"/>
</players>
</general>
<round no="0"><action no="1" player="oreiasccp" type="15" sum="5"/>
<action no="2" player="newguy18" type="15" discard="1" dealt="1" sum="5"/>
<action no="3" player="oreiasccp" type="1" sum="15"/>
<action no="4" player="newguy18" type="2" discard="1" dealt="1" sum="30"/>
</round>
<round no="1"><cards type="Pocket" player="newguy18">C9 S3</cards>
<cards type="Pocket" player="oreiasccp">D9 SA</cards>
<action no="5" player="oreiasccp" type="3" sum="15"/>
<action no="6" player="newguy18" type="4" discard="1" dealt="1" sum="0"/>
</round>
<round no="2"><cards type="Flop">H5 C10 H8</cards>
<action no="7" player="newguy18" type="4" discard="1" dealt="1" sum="0"/>
<action no="8" player="oreiasccp" type="4" sum="0"/>
</round>
<round no="3"><cards type="Turn">CQ</cards>
<action no="9" player="newguy18" type="4" discard="1" dealt="1" sum="0"/>
<action no="10" player="oreiasccp" type="4" sum="0"/>
</round>
<round no="4"><cards type="River">H10</cards>
<action no="11" player="newguy18" type="4" discard="1" dealt="1" sum="0"/>
<action no="12" player="oreiasccp" type="4" sum="0"/>
</round>
</game>
<game gamecode="11540712306"><general><startdate>2025-06-29 11:26:52</startdate>
<round>1</round>
<failsafecounter/>
<players><player seat="6" name="oreiasccp" chips="1,090" dealer="0" win="820" bet="410" muck="0" rebuy="0" addon="0" merge="0" rebuychips="0" reg_code="8394291489"/>
<player seat="3" name="newguy18" chips="410" dealer="1" win="0" bet="410" muck="0" rebuy="0" addon="0" merge="0" rebuychips="0" reg_code="8394291502"/>
</players>
</general>
<round no="0"><action no="1" player="newguy18" type="15" discard="1" dealt="1" sum="5"/>
<action no="2" player="oreiasccp" type="15" sum="5"/>
<action no="3" player="newguy18" type="1" discard="1" dealt="1" sum="15"/>
<action no="4" player="oreiasccp" type="2" sum="30"/>
</round>
<round no="1"><cards type="Pocket" player="newguy18">HJ SA</cards>
<cards type="Pocket" player="oreiasccp">S5 S8</cards>
<action no="5" player="newguy18" type="23" discard="1" dealt="1" sum="90"/>
<action no="6" player="oreiasccp" type="3" sum="60"/>
</round>
<round no="2"><cards type="Flop">D8 H8 D10</cards>
<action no="7" player="oreiasccp" type="4" sum="0"/>
<action no="8" player="newguy18" type="5" discard="1" dealt="1" sum="315"/>
<action no="9" player="oreiasccp" type="3" sum="315"/>
</round>
<round no="3"><cards type="Turn">H5</cards>
</round>
<round no="4"><cards type="River">C7</cards>
</round>
</game>
</session>
