<?xml version="1.0" encoding="UTF-8"?>
<session sessioncode="8394272976">
<general>
<client_version>25.1.1.13</client_version>
<mode>real</mode>
<gametype>Holdem NL</gametype>
<tablename>Twister €5 SNG, 1128852284</tablename>
<tournamentcode>1128852283</tournamentcode>
<tournamentname>Twister €5 SNG</tournamentname>
<buyin>€0 + €0.35 + €4.65</buyin>
<totalbuyin>€5</totalbuyin>
<rewarddrawn>€25</rewarddrawn>
<tournamentcurrency>EUR</tournamentcurrency>
<currency>EUR</currency>
<nickname>oreiasccp</nickname>
<gamecount>16</gamecount>
<startdate>2025-06-29 10:29:35</startdate>
<place>2</place>
<win>€0</win>
<tablesize>3</tablesize>
</general>
<game gamecode="11540662844"><general><startdate>2025-06-29 10:29:51</startdate>
<round>1</round>
<failsafecounter/>
<players><player seat="6" name="oreiasccp" chips="500" dealer="0" win="0" bet="20" muck="1" rebuy="0" addon="0" merge="0" rebuychips="0" reg_code="8394272976"/>
<player seat="10" name="scrg37" chips="500" dealer="1" win="50" bet="40" muck="1" rebuy="0" addon="0" merge="0" rebuychips="0" reg_code="8394273002"/>
<player seat="3" name="troybomber" chips="500" dealer="0" win="0" bet="10" muck="1" rebuy="0" addon="0" merge="0" rebuychips="0" reg_code="8394272697"/>
</players>
</general>
<round no="0"><action no="1" player="troybomber" type="1" discard="1" dealt="1" sum="10"/>
<action no="2" player="oreiasccp" type="2" sum="20"/>
</round>
<round no="1"><cards type="Pocket" player="scrg37">X X</cards>
<cards type="Pocket" player="oreiasccp">C3 S5</cards>
<cards type="Pocket" player="troybomber">X X</cards>
<action no="3" player="scrg37" type="23" discard="1" dealt="1" sum="40"/>
<action no="4" player="troybomber" type="0" discard="1" dealt="1" sum="0"/>
<action no="5" player="oreiasccp" type="0" sum="0"/>
</round>
</game>
<game gamecode="11540662934"><general><startdate>2025-06-29 10:30:15</startdate>
<round>1</round>
<failsafecounter/>
<players><player seat="10" name="scrg37" chips="530" dealer="0" win="0" bet="20" muck="1" rebuy="0" addon="0" merge="0" rebuychips="0" reg_code="8394273002"/>
<player seat="3" name="troybomber" chips="490" dealer="1" win="0" bet="0" muck="1" rebuy="0" addon="0" merge="0" rebuychips="0" reg_code="8394272697"/>
<player seat="6" name="oreiasccp" chips="480" dealer="0" win="40" bet="60" muck="1" rebuy="0" addon="0" merge="0" rebuychips="0" reg_code="8394272976"/>
</players>
</general>
<round no="0"><action no="1" player="oreiasccp" type="1" sum="10"/>
<action no="2" player="scrg37" type="2" discard="1" dealt="1" sum="20"/>
</round>
<round no="1"><cards type="Pocket" player="scrg37">X X</cards>
<cards type="Pocket" player="oreiasccp">CA CQ</cards>
<cards type="Pocket" player="troybomber">X X</cards>
<action no="3" player="troybomber" type="0" discard="1" dealt="1" sum="0"/>
<action no="4" player="oreiasccp" type="23" sum="60"/>
<action no="5" player="scrg37" type="0" discard="1" dealt="1" sum="0"/>
</round>
</game>
<game gamecode="11540662967"><general><startdate>2025-06-29 10:30:24</startdate>
<round>1</round>
<failsafecounter/>
<players><player seat="3" name="troybomber" chips="490" dealer="0" win="20" bet="20" muck="1" rebuy="0" addon="0" merge="0" rebuychips="0" reg_code="8394272697"/>
<player seat="6" name="oreiasccp" chips="500" dealer="1" win="0" bet="0" muck="1" rebuy="0" addon="0" merge="0" rebuychips="0" reg_code="8394272976"/>
<player seat="10" name="scrg37" chips="510" dealer="0" win="0" bet="10" muck="1" rebuy="0" addon="0" merge="0" rebuychips="0" reg_code="8394273002"/>
</players>
</general>
<round no="0"><action no="1" player="scrg37" type="1" discard="1" dealt="1" sum="10"/>
<action no="2" player="troybomber" type="2" discard="1" dealt="1" sum="20"/>
</round>
<round no="1"><cards type="Pocket" player="oreiasccp">S2 HQ</cards>
<cards type="Pocket" player="scrg37">X X</cards>
<cards type="Pocket" player="troybomber">X X</cards>
<action no="3" player="oreiasccp" type="0" sum="0"/>
<action no="4" player="scrg37" type="0" discard="1" dealt="1" sum="0"/>
</round>
</game>
<game gamecode="11540663024"><general><startdate>2025-06-29 10:30:38</startdate>
<round>1</round>
<failsafecounter/>
<players><player seat="6" name="oreiasccp" chips="500" dealer="0" win="20" bet="20" muck="1" rebuy="0" addon="0" merge="0" rebuychips="0" reg_code="8394272976"/>
<player seat="10" name="scrg37" chips="500" dealer="1" win="0" bet="0" muck="1" rebuy="0" addon="0" merge="0" rebuychips="0" reg_code="8394273002"/>
<player seat="3" name="troybomber" chips="500" dealer="0" win="0" bet="10" muck="1" rebuy="0" addon="0" merge="0" rebuychips="0" reg_code="8394272697"/>
</players>
</general>
<round no="0"><action no="1" player="troybomber" type="1" discard="1" dealt="1" sum="10"/>
<action no="2" player="oreiasccp" type="2" sum="20"/>
</round>
<round no="1"><cards type="Pocket" player="scrg37">X X</cards>
<cards type="Pocket" player="oreiasccp">SK H10</cards>
<cards type="Pocket" player="troybomber">X X</cards>
<action no="3" player="scrg37" type="0" discard="1" dealt="1" sum="0"/>
<action no="4" player="troybomber" type="0" discard="1" dealt="1" sum="0"/>
</round>
</game>
<game gamecode="11540666474"><general><startdate>2025-06-29 10:30:50</startdate>
<round>1</round>
<failsafecounter/>
<players><player seat="10" name="scrg37" chips="500" dealer="0" win="0" bet="20" muck="1" rebuy="0" addon="0" merge="0" rebuychips="0" reg_code="8394273002"/>
<player seat="3" name="troybomber" chips="490" dealer="1" win="0" bet="0" muck="1" rebuy="0" addon="0" merge="0" rebuychips="0" reg_code="8394272697"/>
<player seat="6" name="oreiasccp" chips="510" dealer="0" win="40" bet="60" muck="1" rebuy="0" addon="0" merge="0" rebuychips="0" reg_code="8394272976"/>
</players>
</general>
<round no="0"><action no="1" player="oreiasccp" type="1" sum="10"/>
<action no="2" player="scrg37" type="2" discard="1" dealt="1" sum="20"/>
</round>
<round no="1"><cards type="Pocket" player="scrg37">X X</cards>
<cards type="Pocket" player="troybomber">X X</cards>
<cards type="Pocket" player="oreiasccp">C10 CK</cards>
<action no="3" player="troybomber" type="0" discard="1" dealt="1" sum="0"/>
<action no="4" player="oreiasccp" type="23" sum="60"/>
<action no="5" player="scrg37" type="0" discard="1" dealt="1" sum="0"/>
</round>
</game>
<game gamecode="11540666532"><general><startdate>2025-06-29 10:31:06</startdate>
<round>1</round>
<failsafecounter/>
<players><player seat="3" name="troybomber" chips="490" dealer="0" win="0" bet="20" muck="1" rebuy="0" addon="0" merge="0" rebuychips="0" reg_code="8394272697"/>
<player seat="6" name="oreiasccp" chips="530" dealer="1" win="50" bet="40" muck="1" rebuy="0" addon="0" merge="0" rebuychips="0" reg_code="8394272976"/>
<player seat="10" name="scrg37" chips="480" dealer="0" win="0" bet="10" muck="1" rebuy="0" addon="0" merge="0" rebuychips="0" reg_code="8394273002"/>
</players>
</general>
<round no="0"><action no="1" player="scrg37" type="1" discard="1" dealt="1" sum="10"/>
<action no="2" player="troybomber" type="2" discard="1" dealt="1" sum="20"/>
</round>
<round no="1"><cards type="Pocket" player="scrg37">X X</cards>
<cards type="Pocket" player="oreiasccp">D5 SA</cards>
<cards type="Pocket" player="troybomber">X X</cards>
<action no="3" player="oreiasccp" type="23" sum="40"/>
<action no="4" player="scrg37" type="0" discard="1" dealt="1" sum="0"/>
<action no="5" player="troybomber" type="0" discard="1" dealt="1" sum="0"/>
</round>
</game>
<game gamecode="11540666605"><general><startdate>2025-06-29 10:31:21</startdate>
<round>1</round>
<failsafecounter/>
<players><player seat="6" name="oreiasccp" chips="560" dealer="0" win="0" bet="20" muck="1" rebuy="0" addon="0" merge="0" rebuychips="0" reg_code="8394272976"/>
<player seat="10" name="scrg37" chips="470" dealer="1" win="0" bet="0" muck="1" rebuy="0" addon="0" merge="0" rebuychips="0" reg_code="8394273002"/>
<player seat="3" name="troybomber" chips="470" dealer="0" win="40" bet="60" muck="1" rebuy="0" addon="0" merge="0" rebuychips="0" reg_code="8394272697"/>
</players>
</general>
<round no="0"><action no="1" player="troybomber" type="1" discard="1" dealt="1" sum="10"/>
<action no="2" player="oreiasccp" type="2" sum="20"/>
</round>
<round no="1"><cards type="Pocket" player="troybomber">X X</cards>
<cards type="Pocket" player="scrg37">X X</cards>
<cards type="Pocket" player="oreiasccp">D3 S2</cards>
<action no="3" player="scrg37" type="0" discard="1" dealt="1" sum="0"/>
<action no="4" player="troybomber" type="23" discard="1" dealt="1" sum="60"/>
<action no="5" player="oreiasccp" type="0" sum="0"/>
</round>
</game>
<game gamecode="11540666696"><general><startdate>2025-06-29 10:31:42</startdate>
<round>1</round>
<failsafecounter/>
<players><player seat="10" name="scrg37" chips="470" dealer="0" win="20" bet="20" muck="1" rebuy="0" addon="0" merge="0" rebuychips="0" reg_code="8394273002"/>
<player seat="3" name="troybomber" chips="490" dealer="1" win="0" bet="0" muck="1" rebuy="0" addon="0" merge="0" rebuychips="0" reg_code="8394272697"/>
<player seat="6" name="oreiasccp" chips="540" dealer="0" win="0" bet="10" muck="1" rebuy="0" addon="0" merge="0" rebuychips="0" reg_code="8394272976"/>
</players>
</general>
<round no="0"><action no="1" player="oreiasccp" type="1" sum="10"/>
<action no="2" player="scrg37" type="2" discard="1" dealt="1" sum="20"/>
</round>
<round no="1"><cards type="Pocket" player="troybomber">X X</cards>
<cards type="Pocket" player="oreiasccp">D9 S6</cards>
<cards type="Pocket" player="scrg37">X X</cards>
<action no="3" player="troybomber" type="0" discard="1" dealt="1" sum="0"/>
<action no="4" player="oreiasccp" type="0" sum="0"/>
</round>
</game>
<game gamecode="11540666725"><general><startdate>2025-06-29 10:31:49</startdate>
<round>1</round>
<failsafecounter/>
<players><player seat="3" name="troybomber" chips="490" dealer="0" win="0" bet="35" muck="1" rebuy="0" addon="0" merge="0" rebuychips="0" reg_code="8394272697"/>
<player seat="6" name="oreiasccp" chips="530" dealer="1" win="90" bet="490" muck="1" rebuy="0" addon="0" merge="0" rebuychips="0" reg_code="8394272976"/>
<player seat="10" name="scrg37" chips="480" dealer="0" win="0" bet="20" muck="1" rebuy="0" addon="0" merge="0" rebuychips="0" reg_code="8394273002"/>
</players>
</general>
<round no="0"><action no="1" player="scrg37" type="15" discard="1" dealt="1" sum="5"/>
<action no="2" player="troybomber" type="15" discard="1" dealt="1" sum="5"/>
<action no="3" player="oreiasccp" type="15" sum="5"/>
<action no="4" player="scrg37" type="1" discard="1" dealt="1" sum="15"/>
<action no="5" player="troybomber" type="2" discard="1" dealt="1" sum="30"/>
</round>
<round no="1"><cards type="Pocket" player="scrg37">X X</cards>
<cards type="Pocket" player="troybomber">X X</cards>
<cards type="Pocket" player="oreiasccp">H9 CA</cards>
<action no="6" player="oreiasccp" type="23" sum="485"/>
<action no="7" player="scrg37" type="0" discard="1" dealt="1" sum="0"/>
<action no="8" player="troybomber" type="0" discard="1" dealt="1" sum="0"/>
</round>
</game>
<game gamecode="11540666789"><general><startdate>2025-06-29 10:32:05</startdate>
<round>1</round>
<failsafecounter/>
<players><player seat="6" name="oreiasccp" chips="585" dealer="0" win="0" bet="35" muck="1" rebuy="0" addon="0" merge="0" rebuychips="0" reg_code="8394272976"/>
<player seat="10" name="scrg37" chips="460" dealer="1" win="0" bet="460" muck="0" rebuy="0" addon="0" merge="0" rebuychips="0" reg_code="8394273002"/>
<player seat="3" name="troybomber" chips="455" dealer="0" win="945" bet="455" muck="0" rebuy="0" addon="0" merge="0" rebuychips="0" reg_code="8394272697"/>
</players>
</general>
<round no="0"><action no="1" player="troybomber" type="15" discard="1" dealt="1" sum="5"/>
<action no="2" player="oreiasccp" type="15" sum="5"/>
<action no="3" player="scrg37" type="15" discard="1" dealt="1" sum="5"/>
<action no="4" player="troybomber" type="1" discard="1" dealt="1" sum="15"/>
<action no="5" player="oreiasccp" type="2" sum="30"/>
</round>
<round no="1"><cards type="Pocket" player="oreiasccp">D6 SJ</cards>
<cards type="Pocket" player="troybomber">H10 CA</cards>
<cards type="Pocket" player="scrg37">CK DQ</cards>
<action no="6" player="scrg37" type="23" discard="1" dealt="1" sum="455"/>
<action no="7" player="troybomber" type="7" discard="1" dealt="1" sum="435"/>
<action no="8" player="oreiasccp" type="0" sum="0"/>
</round>
<round no="2"><cards type="Flop">S7 D10 H7</cards>
</round>
<round no="3"><cards type="Turn">CQ</cards>
</round>
<round no="4"><cards type="River">S10</cards>
</round>
</game>
<game gamecode="11540666854"><general><startdate>2025-06-29 10:32:23</startdate>
<round>1</round>
<failsafecounter/>
<players><player seat="10" name="scrg37" chips="5" dealer="0" win="0" bet="5" muck="0" rebuy="0" addon="0" merge="0" rebuychips="0" reg_code="8394273002"/>
<player seat="3" name="troybomber" chips="945" dealer="1" win="45" bet="65" muck="0" rebuy="0" addon="0" merge="0" rebuychips="0" reg_code="8394272697"/>
<player seat="6" name="oreiasccp" chips="550" dealer="0" win="0" bet="20" muck="1" rebuy="0" addon="0" merge="0" rebuychips="0" reg_code="8394272976"/>
</players>
</general>
<round no="0"><action no="1" player="oreiasccp" type="15" sum="5"/>
<action no="2" player="scrg37" type="15" discard="1" dealt="1" sum="5"/>
<action no="3" player="troybomber" type="15" discard="1" dealt="1" sum="5"/>
<action no="4" player="oreiasccp" type="1" sum="15"/>
</round>
<round no="1"><cards type="Pocket" player="oreiasccp">H3 S7</cards>
<cards type="Pocket" player="scrg37">C9 D2</cards>
<cards type="Pocket" player="troybomber">HA CA</cards>
<action no="5" player="troybomber" type="23" discard="1" dealt="1" sum="60"/>
<action no="6" player="oreiasccp" type="0" sum="0"/>
</round>
<round no="2"><cards type="Flop">S2 H5 S3</cards>
</round>
<round no="3"><cards type="Turn">S9</cards>
</round>
<round no="4"><cards type="River">H4</cards>
</round>
</game>
<game gamecode="11540666910"><general><startdate>2025-06-29 10:32:37</startdate>
<round>1</round>
<failsafecounter/>
<players><player seat="3" name="troybomber" chips="970" dealer="0" win="70" bet="970" muck="1" rebuy="0" addon="0" merge="0" rebuychips="0" reg_code="8394272697"/>
<player seat="6" name="oreiasccp" chips="530" dealer="1" win="0" bet="35" muck="1" rebuy="0" addon="0" merge="0" rebuychips="0" reg_code="8394272976"/>
</players>
</general>
<round no="0"><action no="1" player="oreiasccp" type="15" sum="5"/>
<action no="2" player="troybomber" type="15" discard="1" dealt="1" sum="5"/>
<action no="3" player="oreiasccp" type="1" sum="15"/>
<action no="4" player="troybomber" type="2" discard="1" dealt="1" sum="30"/>
</round>
<round no="1"><cards type="Pocket" player="troybomber">X X</cards>
<cards type="Pocket" player="oreiasccp">D10 SQ</cards>
<action no="5" player="oreiasccp" type="3" sum="15"/>
<action no="6" player="troybomber" type="23" discard="1" dealt="1" sum="965"/>
<action no="7" player="oreiasccp" type="0" sum="0"/>
</round>
</game>
<game gamecode="11540666966"><general><startdate>2025-06-29 10:32:50</startdate>
<round>1</round>
<failsafecounter/>
<players><player seat="6" name="oreiasccp" chips="495" dealer="0" win="130" bet="495" muck="1" rebuy="0" addon="0" merge="0" rebuychips="0" reg_code="8394272976"/>
<player seat="3" name="troybomber" chips="1,005" dealer="1" win="0" bet="65" muck="1" rebuy="0" addon="0" merge="0" rebuychips="0" reg_code="8394272697"/>
</players>
</general>
<round no="0"><action no="1" player="troybomber" type="15" discard="1" dealt="1" sum="5"/>
<action no="2" player="oreiasccp" type="15" sum="5"/>
<action no="3" player="troybomber" type="1" discard="1" dealt="1" sum="15"/>
<action no="4" player="oreiasccp" type="2" sum="30"/>
</round>
<round no="1"><cards type="Pocket" player="troybomber">X X</cards>
<cards type="Pocket" player="oreiasccp">HA S10</cards>
<action no="5" player="troybomber" type="23" discard="1" dealt="1" sum="60"/>
<action no="6" player="oreiasccp" type="23" sum="490"/>
<action no="7" player="troybomber" type="0" discard="1" dealt="1" sum="0"/>
</round>
</game>
<game gamecode="11540667044"><general><startdate>2025-06-29 10:33:08</startdate>
<round>1</round>
<failsafecounter/>
<players><player seat="3" name="troybomber" chips="940" dealer="0" win="40" bet="35" muck="1" rebuy="0" addon="0" merge="0" rebuychips="0" reg_code="8394272697"/>
<player seat="6" name="oreiasccp" chips="560" dealer="1" win="0" bet="20" muck="1" rebuy="0" addon="0" merge="0" rebuychips="0" reg_code="8394272976"/>
</players>
</general>
<round no="0"><action no="1" player="oreiasccp" type="15" sum="5"/>
<action no="2" player="troybomber" type="15" discard="1" dealt="1" sum="5"/>
<action no="3" player="oreiasccp" type="1" sum="15"/>
<action no="4" player="troybomber" type="2" discard="1" dealt="1" sum="30"/>
</round>
<round no="1"><cards type="Pocket" player="troybomber">X X</cards>
<cards type="Pocket" player="oreiasccp">D4 C3</cards>
<action no="5" player="oreiasccp" type="0" sum="0"/>
</round>
</game>
<game gamecode="11540667068"><general><startdate>2025-06-29 10:33:14</startdate>
<round>1</round>
<failsafecounter/>
<players><player seat="6" name="oreiasccp" chips="540" dealer="0" win="196" bet="161" muck="1" rebuy="0" addon="0" merge="0" rebuychips="0" reg_code="8394272976"/>
<player seat="3" name="troybomber" chips="960" dealer="1" win="0" bet="98" muck="1" rebuy="0" addon="0" merge="0" rebuychips="0" reg_code="8394272697"/>
</players>
</general>
<round no="0"><action no="1" player="troybomber" type="15" discard="1" dealt="1" sum="5"/>
<action no="2" player="oreiasccp" type="15" sum="5"/>
<action no="3" player="troybomber" type="1" discard="1" dealt="1" sum="15"/>
<action no="4" player="oreiasccp" type="2" sum="30"/>
</round>
<round no="1"><cards type="Pocket" player="troybomber">X X</cards>
<cards type="Pocket" player="oreiasccp">HQ H9</cards>
<action no="5" player="troybomber" type="23" discard="1" dealt="1" sum="60"/>
<action no="6" player="oreiasccp" type="3" sum="30"/>
</round>
<round no="2"><cards type="Flop">C9 S4 S3</cards>
<action no="7" player="oreiasccp" type="4" sum="0"/>
<action no="8" player="troybomber" type="5" discard="1" dealt="1" sum="33"/>
<action no="9" player="oreiasccp" type="23" sum="96"/>
<action no="10" player="troybomber" type="0" discard="1" dealt="1" sum="0"/>
</round>
</game>
<game gamecode="11540667138"><general><startdate>2025-06-29 10:33:30</startdate>
<round>1</round>
<failsafecounter/>
<players><player seat="3" name="troybomber" chips="862" dealer="0" win="1,276" bet="862" muck="0" rebuy="0" addon="0" merge="0" rebuychips="0" reg_code="8394272697"/>
<player seat="6" name="oreiasccp" chips="638" dealer="1" win="0" bet="638" muck="1" rebuy="0" addon="0" merge="0" rebuychips="0" reg_code="8394272976"/>
</players>
</general>
<round no="0"><action no="1" player="oreiasccp" type="15" sum="5"/>
<action no="2" player="troybomber" type="15" discard="1" dealt="1" sum="5"/>
<action no="3" player="oreiasccp" type="1" sum="15"/>
<action no="4" player="troybomber" type="2" discard="1" dealt="1" sum="30"/>
</round>
<round no="1"><cards type="Pocket" player="oreiasccp">C9 DA</cards>
<cards type="Pocket" player="troybomber">SK H10</cards>
<action no="5" player="oreiasccp" type="3" sum="15"/>
<action no="6" player="troybomber" type="23" discard="1" dealt="1" sum="857"/>
<action no="7" player="oreiasccp" type="7" sum="603"/>
</round>
<round no="2"><cards type="Flop">D9 D8 C7</cards>
</round>
<round no="3"><cards type="Turn">H4</cards>
</round>
<round no="4"><cards type="River">HJ</cards>
</round>
</game>
</session>
