<?xml version="1.0" encoding="UTF-8"?>
<session sessioncode="8394260547">
<general>
<client_version>25.1.1.13</client_version>
<mode>real</mode>
<gametype>Holdem NL</gametype>
<tablename>Twister €5 SNG, 1128850371</tablename>
<tournamentcode>1128850370</tournamentcode>
<tournamentname>Twister €5 SNG</tournamentname>
<buyin>€0 + €0.35 + €4.65</buyin>
<totalbuyin>€5</totalbuyin>
<rewarddrawn>€10</rewarddrawn>
<tournamentcurrency>EUR</tournamentcurrency>
<currency>EUR</currency>
<nickname>oreiasccp</nickname>
<gamecount>22</gamecount>
<startdate>2025-06-29 09:49:27</startdate>
<place>2</place>
<win>€0</win>
<tablesize>3</tablesize>
</general>
<game gamecode="11540629208"><general><startdate>2025-06-29 09:49:42</startdate>
<round>1</round>
<failsafecounter/>
<players><player seat="6" name="Mikiki123" chips="500" dealer="0" win="0" bet="40" muck="1" rebuy="0" addon="0" merge="0" rebuychips="0" reg_code="8394260576"/>
<player seat="10" name="Lietardo22" chips="500" dealer="1" win="0" bet="0" muck="1" rebuy="0" addon="0" merge="0" rebuychips="0" reg_code="8394260626"/>
<player seat="3" name="oreiasccp" chips="500" dealer="0" win="80" bet="60" muck="1" rebuy="0" addon="0" merge="0" rebuychips="0" reg_code="8394260547"/>
</players>
</general>
<round no="0"><action no="1" player="oreiasccp" type="1" sum="10"/>
<action no="2" player="Mikiki123" type="2" discard="1" dealt="1" sum="20"/>
</round>
<round no="1"><cards type="Pocket" player="Mikiki123">X X</cards>
<cards type="Pocket" player="oreiasccp">HK D4</cards>
<cards type="Pocket" player="Lietardo22">X X</cards>
<action no="3" player="Lietardo22" type="0" discard="1" dealt="1" sum="0"/>
<action no="4" player="oreiasccp" type="23" sum="40"/>
<action no="5" player="Mikiki123" type="3" discard="1" dealt="1" sum="20"/>
</round>
<round no="2"><cards type="Flop">H3 CQ D5</cards>
<action no="6" player="oreiasccp" type="5" sum="20"/>
<action no="7" player="Mikiki123" type="0" discard="1" dealt="1" sum="0"/>
</round>
</game>
<game gamecode="11540629291"><general><startdate>2025-06-29 09:50:03</startdate>
<round>1</round>
<failsafecounter/>
<players><player seat="10" name="Lietardo22" chips="500" dealer="0" win="0" bet="40" muck="1" rebuy="0" addon="0" merge="0" rebuychips="0" reg_code="8394260626"/>
<player seat="3" name="oreiasccp" chips="540" dealer="1" win="120" bet="70" muck="1" rebuy="0" addon="0" merge="0" rebuychips="0" reg_code="8394260547"/>
<player seat="6" name="Mikiki123" chips="460" dealer="0" win="0" bet="40" muck="1" rebuy="0" addon="0" merge="0" rebuychips="0" reg_code="8394260576"/>
</players>
</general>
<round no="0"><action no="1" player="Mikiki123" type="1" discard="1" dealt="1" sum="10"/>
<action no="2" player="Lietardo22" type="2" discard="1" dealt="1" sum="20"/>
</round>
<round no="1"><cards type="Pocket" player="oreiasccp">D9 H9</cards>
<cards type="Pocket" player="Mikiki123">X X</cards>
<cards type="Pocket" player="Lietardo22">X X</cards>
<action no="3" player="oreiasccp" type="23" sum="40"/>
<action no="4" player="Mikiki123" type="3" discard="1" dealt="1" sum="30"/>
<action no="5" player="Lietardo22" type="3" discard="1" dealt="1" sum="20"/>
</round>
<round no="2"><cards type="Flop">D8 S2 SA</cards>
<action no="6" player="Mikiki123" type="4" discard="1" dealt="1" sum="0"/>
<action no="7" player="Lietardo22" type="4" discard="1" dealt="1" sum="0"/>
<action no="8" player="oreiasccp" type="5" sum="30"/>
<action no="9" player="Mikiki123" type="0" discard="1" dealt="1" sum="0"/>
<action no="10" player="Lietardo22" type="0" discard="1" dealt="1" sum="0"/>
</round>
</game>
<game gamecode="11540629435"><general><startdate>2025-06-29 09:50:42</startdate>
<round>1</round>
<failsafecounter/>
<players><player seat="3" name="oreiasccp" chips="620" dealer="0" win="20" bet="20" muck="1" rebuy="0" addon="0" merge="0" rebuychips="0" reg_code="8394260547"/>
<player seat="6" name="Mikiki123" chips="420" dealer="1" win="0" bet="0" muck="1" rebuy="0" addon="0" merge="0" rebuychips="0" reg_code="8394260576"/>
<player seat="10" name="Lietardo22" chips="460" dealer="0" win="0" bet="10" muck="1" rebuy="0" addon="0" merge="0" rebuychips="0" reg_code="8394260626"/>
</players>
</general>
<round no="0"><action no="1" player="Lietardo22" type="1" discard="1" dealt="1" sum="10"/>
<action no="2" player="oreiasccp" type="2" sum="20"/>
</round>
<round no="1"><cards type="Pocket" player="Lietardo22">X X</cards>
<cards type="Pocket" player="Mikiki123">X X</cards>
<cards type="Pocket" player="oreiasccp">S8 H10</cards>
<action no="3" player="Mikiki123" type="0" discard="1" dealt="1" sum="0"/>
<action no="4" player="Lietardo22" type="0" discard="1" dealt="1" sum="0"/>
</round>
</game>
<game gamecode="11540629456"><general><startdate>2025-06-29 09:50:50</startdate>
<round>1</round>
<failsafecounter/>
<players><player seat="6" name="Mikiki123" chips="420" dealer="0" win="0" bet="20" muck="1" rebuy="0" addon="0" merge="0" rebuychips="0" reg_code="8394260576"/>
<player seat="10" name="Lietardo22" chips="450" dealer="1" win="50" bet="450" muck="1" rebuy="0" addon="0" merge="0" rebuychips="0" reg_code="8394260626"/>
<player seat="3" name="oreiasccp" chips="630" dealer="0" win="0" bet="10" muck="1" rebuy="0" addon="0" merge="0" rebuychips="0" reg_code="8394260547"/>
</players>
</general>
<round no="0"><action no="1" player="oreiasccp" type="1" sum="10"/>
<action no="2" player="Mikiki123" type="2" discard="1" dealt="1" sum="20"/>
</round>
<round no="1"><cards type="Pocket" player="Mikiki123">X X</cards>
<cards type="Pocket" player="Lietardo22">X X</cards>
<cards type="Pocket" player="oreiasccp">C4 S9</cards>
<action no="3" player="Lietardo22" type="23" discard="1" dealt="1" sum="450"/>
<action no="4" player="oreiasccp" type="0" sum="0"/>
<action no="5" player="Mikiki123" type="0" discard="1" dealt="1" sum="0"/>
</round>
</game>
<game gamecode="11540629551"><general><startdate>2025-06-29 09:51:12</startdate>
<round>1</round>
<failsafecounter/>
<players><player seat="10" name="Lietardo22" chips="480" dealer="0" win="40" bet="480" muck="1" rebuy="0" addon="0" merge="0" rebuychips="0" reg_code="8394260626"/>
<player seat="3" name="oreiasccp" chips="620" dealer="1" win="0" bet="0" muck="1" rebuy="0" addon="0" merge="0" rebuychips="0" reg_code="8394260547"/>
<player seat="6" name="Mikiki123" chips="400" dealer="0" win="0" bet="20" muck="1" rebuy="0" addon="0" merge="0" rebuychips="0" reg_code="8394260576"/>
</players>
</general>
<round no="0"><action no="1" player="Mikiki123" type="1" discard="1" dealt="1" sum="10"/>
<action no="2" player="Lietardo22" type="2" discard="1" dealt="1" sum="20"/>
</round>
<round no="1"><cards type="Pocket" player="oreiasccp">H5 D3</cards>
<cards type="Pocket" player="Mikiki123">X X</cards>
<cards type="Pocket" player="Lietardo22">X X</cards>
<action no="3" player="oreiasccp" type="0" sum="0"/>
<action no="4" player="Mikiki123" type="3" discard="1" dealt="1" sum="10"/>
<action no="5" player="Lietardo22" type="23" discard="1" dealt="1" sum="480"/>
<action no="6" player="Mikiki123" type="0" discard="1" dealt="1" sum="0"/>
</round>
</game>
<game gamecode="11540629620"><general><startdate>2025-06-29 09:51:27</startdate>
<round>1</round>
<failsafecounter/>
<players><player seat="3" name="oreiasccp" chips="620" dealer="0" win="0" bet="20" muck="1" rebuy="0" addon="0" merge="0" rebuychips="0" reg_code="8394260547"/>
<player seat="6" name="Mikiki123" chips="380" dealer="1" win="50" bet="60" muck="1" rebuy="0" addon="0" merge="0" rebuychips="0" reg_code="8394260576"/>
<player seat="10" name="Lietardo22" chips="500" dealer="0" win="0" bet="10" muck="1" rebuy="0" addon="0" merge="0" rebuychips="0" reg_code="8394260626"/>
</players>
</general>
<round no="0"><action no="1" player="Lietardo22" type="1" discard="1" dealt="1" sum="10"/>
<action no="2" player="oreiasccp" type="2" sum="20"/>
</round>
<round no="1"><cards type="Pocket" player="oreiasccp">D5 C9</cards>
<cards type="Pocket" player="Mikiki123">X X</cards>
<cards type="Pocket" player="Lietardo22">X X</cards>
<action no="3" player="Mikiki123" type="23" discard="1" dealt="1" sum="60"/>
<action no="4" player="Lietardo22" type="0" discard="1" dealt="1" sum="0"/>
<action no="5" player="oreiasccp" type="0" sum="0"/>
</round>
</game>
<game gamecode="11540629679"><general><startdate>2025-06-29 09:51:40</startdate>
<round>1</round>
<failsafecounter/>
<players><player seat="6" name="Mikiki123" chips="410" dealer="0" win="0" bet="20" muck="1" rebuy="0" addon="0" merge="0" rebuychips="0" reg_code="8394260576"/>
<player seat="10" name="Lietardo22" chips="490" dealer="1" win="50" bet="490" muck="1" rebuy="0" addon="0" merge="0" rebuychips="0" reg_code="8394260626"/>
<player seat="3" name="oreiasccp" chips="600" dealer="0" win="0" bet="10" muck="1" rebuy="0" addon="0" merge="0" rebuychips="0" reg_code="8394260547"/>
</players>
</general>
<round no="0"><action no="1" player="oreiasccp" type="1" sum="10"/>
<action no="2" player="Mikiki123" type="2" discard="1" dealt="1" sum="20"/>
</round>
<round no="1"><cards type="Pocket" player="oreiasccp">S3 H7</cards>
<cards type="Pocket" player="Mikiki123">X X</cards>
<cards type="Pocket" player="Lietardo22">X X</cards>
<action no="3" player="Lietardo22" type="23" discard="1" dealt="1" sum="490"/>
<action no="4" player="oreiasccp" type="0" sum="0"/>
<action no="5" player="Mikiki123" type="0" discard="1" dealt="1" sum="0"/>
</round>
</game>
<game gamecode="11540629774"><general><startdate>2025-06-29 09:52:07</startdate>
<round>1</round>
<failsafecounter/>
<players><player seat="10" name="Lietardo22" chips="520" dealer="0" win="315" bet="155" muck="0" rebuy="0" addon="0" merge="0" rebuychips="0" reg_code="8394260626"/>
<player seat="3" name="oreiasccp" chips="590" dealer="1" win="0" bet="5" muck="1" rebuy="0" addon="0" merge="0" rebuychips="0" reg_code="8394260547"/>
<player seat="6" name="Mikiki123" chips="390" dealer="0" win="0" bet="155" muck="1" rebuy="0" addon="0" merge="0" rebuychips="0" reg_code="8394260576"/>
</players>
</general>
<round no="0"><action no="1" player="Mikiki123" type="15" discard="1" dealt="1" sum="5"/>
<action no="2" player="Lietardo22" type="15" discard="1" dealt="1" sum="5"/>
<action no="3" player="oreiasccp" type="15" sum="5"/>
<action no="4" player="Mikiki123" type="1" discard="1" dealt="1" sum="15"/>
<action no="5" player="Lietardo22" type="2" discard="1" dealt="1" sum="30"/>
</round>
<round no="1"><cards type="Pocket" player="oreiasccp">HQ D2</cards>
<cards type="Pocket" player="Mikiki123">H7 H2</cards>
<cards type="Pocket" player="Lietardo22">D6 H9</cards>
<action no="6" player="oreiasccp" type="0" sum="0"/>
<action no="7" player="Mikiki123" type="3" discard="1" dealt="1" sum="15"/>
<action no="8" player="Lietardo22" type="23" discard="1" dealt="1" sum="60"/>
<action no="9" player="Mikiki123" type="3" discard="1" dealt="1" sum="30"/>
</round>
<round no="2"><cards type="Flop">C5 SQ D4</cards>
<action no="10" player="Mikiki123" type="4" discard="1" dealt="1" sum="0"/>
<action no="11" player="Lietardo22" type="4" discard="1" dealt="1" sum="0"/>
</round>
<round no="3"><cards type="Turn">H5</cards>
<action no="12" player="Mikiki123" type="5" discard="1" dealt="1" sum="90"/>
<action no="13" player="Lietardo22" type="3" discard="1" dealt="1" sum="90"/>
</round>
<round no="4"><cards type="River">H10</cards>
<action no="14" player="Mikiki123" type="4" discard="1" dealt="1" sum="0"/>
<action no="15" player="Lietardo22" type="4" discard="1" dealt="1" sum="0"/>
</round>
</game>
<game gamecode="11540634232"><general><startdate>2025-06-29 09:53:07</startdate>
<round>1</round>
<failsafecounter/>
<players><player seat="3" name="oreiasccp" chips="585" dealer="0" win="0" bet="35" muck="1" rebuy="0" addon="0" merge="0" rebuychips="0" reg_code="8394260547"/>
<player seat="6" name="Mikiki123" chips="235" dealer="1" win="90" bet="65" muck="1" rebuy="0" addon="0" merge="0" rebuychips="0" reg_code="8394260576"/>
<player seat="10" name="Lietardo22" chips="680" dealer="0" win="0" bet="20" muck="1" rebuy="0" addon="0" merge="0" rebuychips="0" reg_code="8394260626"/>
</players>
</general>
<round no="0"><action no="1" player="Lietardo22" type="15" discard="1" dealt="1" sum="5"/>
<action no="2" player="oreiasccp" type="15" sum="5"/>
<action no="3" player="Mikiki123" type="15" discard="1" dealt="1" sum="5"/>
<action no="4" player="Lietardo22" type="1" discard="1" dealt="1" sum="15"/>
<action no="5" player="oreiasccp" type="2" sum="30"/>
</round>
<round no="1"><cards type="Pocket" player="Mikiki123">X X</cards>
<cards type="Pocket" player="oreiasccp">D2 S10</cards>
<cards type="Pocket" player="Lietardo22">X X</cards>
<action no="6" player="Mikiki123" type="23" discard="1" dealt="1" sum="60"/>
<action no="7" player="Lietardo22" type="0" discard="1" dealt="1" sum="0"/>
<action no="8" player="oreiasccp" type="0" sum="0"/>
</round>
</game>
<game gamecode="11540634362"><general><startdate>2025-06-29 09:53:43</startdate>
<round>1</round>
<failsafecounter/>
<players><player seat="6" name="Mikiki123" chips="290" dealer="0" win="585" bet="290" muck="0" rebuy="0" addon="0" merge="0" rebuychips="0" reg_code="8394260576"/>
<player seat="10" name="Lietardo22" chips="660" dealer="1" win="0" bet="5" muck="1" rebuy="0" addon="0" merge="0" rebuychips="0" reg_code="8394260626"/>
<player seat="3" name="oreiasccp" chips="550" dealer="0" win="0" bet="550" muck="0" rebuy="0" addon="0" merge="0" rebuychips="0" reg_code="8394260547"/>
</players>
</general>
<round no="0"><action no="1" player="oreiasccp" type="15" sum="5"/>
<action no="2" player="Mikiki123" type="15" discard="1" dealt="1" sum="5"/>
<action no="3" player="Lietardo22" type="15" discard="1" dealt="1" sum="5"/>
<action no="4" player="oreiasccp" type="1" sum="20"/>
<action no="5" player="Mikiki123" type="2" discard="1" dealt="1" sum="40"/>
</round>
<round no="1"><cards type="Pocket" player="oreiasccp">DA S7</cards>
<cards type="Pocket" player="Lietardo22">X X</cards>
<cards type="Pocket" player="Mikiki123">DK H9</cards>
<action no="6" player="Lietardo22" type="0" discard="1" dealt="1" sum="0"/>
<action no="7" player="oreiasccp" type="23" sum="545"/>
<action no="8" player="Mikiki123" type="7" discard="1" dealt="1" sum="245"/>
</round>
<round no="2"><cards type="Flop">H3 C4 C7</cards>
</round>
<round no="3"><cards type="Turn">D8</cards>
</round>
<round no="4"><cards type="River">C9</cards>
</round>
</game>
<game gamecode="11540634460"><general><startdate>2025-06-29 09:54:07</startdate>
<round>1</round>
<failsafecounter/>
<players><player seat="10" name="Lietardo22" chips="655" dealer="0" win="0" bet="125" muck="1" rebuy="0" addon="0" merge="0" rebuychips="0" reg_code="8394260626"/>
<player seat="3" name="oreiasccp" chips="260" dealer="1" win="0" bet="5" muck="1" rebuy="0" addon="0" merge="0" rebuychips="0" reg_code="8394260547"/>
<player seat="6" name="Mikiki123" chips="585" dealer="0" win="255" bet="585" muck="1" rebuy="0" addon="0" merge="0" rebuychips="0" reg_code="8394260576"/>
</players>
</general>
<round no="0"><action no="1" player="Mikiki123" type="15" discard="1" dealt="1" sum="5"/>
<action no="2" player="Lietardo22" type="15" discard="1" dealt="1" sum="5"/>
<action no="3" player="oreiasccp" type="15" sum="5"/>
<action no="4" player="Mikiki123" type="1" discard="1" dealt="1" sum="20"/>
<action no="5" player="Lietardo22" type="2" discard="1" dealt="1" sum="40"/>
</round>
<round no="1"><cards type="Pocket" player="Mikiki123">X X</cards>
<cards type="Pocket" player="oreiasccp">H8 SK</cards>
<cards type="Pocket" player="Lietardo22">X X</cards>
<action no="6" player="oreiasccp" type="0" sum="0"/>
<action no="7" player="Mikiki123" type="23" discard="1" dealt="1" sum="80"/>
<action no="8" player="Lietardo22" type="23" discard="1" dealt="1" sum="120"/>
<action no="9" player="Mikiki123" type="3" discard="1" dealt="1" sum="40"/>
</round>
<round no="2"><cards type="Flop">D10 HA HJ</cards>
<action no="10" player="Mikiki123" type="4" discard="1" dealt="1" sum="0"/>
<action no="11" player="Lietardo22" type="4" discard="1" dealt="1" sum="0"/>
</round>
<round no="3"><cards type="Turn">H7</cards>
<action no="12" player="Mikiki123" type="5" discard="1" dealt="1" sum="460"/>
<action no="13" player="Lietardo22" type="0" discard="1" dealt="1" sum="0"/>
</round>
</game>
<game gamecode="11540634587"><general><startdate>2025-06-29 09:54:37</startdate>
<round>1</round>
<failsafecounter/>
<players><player seat="3" name="oreiasccp" chips="255" dealer="0" win="0" bet="45" muck="1" rebuy="0" addon="0" merge="0" rebuychips="0" reg_code="8394260547"/>
<player seat="6" name="Mikiki123" chips="715" dealer="1" win="0" bet="45" muck="1" rebuy="0" addon="0" merge="0" rebuychips="0" reg_code="8394260576"/>
<player seat="10" name="Lietardo22" chips="530" dealer="0" win="135" bet="530" muck="1" rebuy="0" addon="0" merge="0" rebuychips="0" reg_code="8394260626"/>
</players>
</general>
<round no="0"><action no="1" player="Lietardo22" type="15" discard="1" dealt="1" sum="5"/>
<action no="2" player="oreiasccp" type="15" sum="5"/>
<action no="3" player="Mikiki123" type="15" discard="1" dealt="1" sum="5"/>
<action no="4" player="Lietardo22" type="1" discard="1" dealt="1" sum="20"/>
<action no="5" player="oreiasccp" type="2" sum="40"/>
</round>
<round no="1"><cards type="Pocket" player="Lietardo22">X X</cards>
<cards type="Pocket" player="Mikiki123">X X</cards>
<cards type="Pocket" player="oreiasccp">H2 S9</cards>
<action no="6" player="Mikiki123" type="3" discard="1" dealt="1" sum="40"/>
<action no="7" player="Lietardo22" type="3" discard="1" dealt="1" sum="20"/>
<action no="8" player="oreiasccp" type="4" sum="0"/>
</round>
<round no="2"><cards type="Flop">C5 D3 CK</cards>
<action no="9" player="Lietardo22" type="4" discard="1" dealt="1" sum="0"/>
<action no="10" player="oreiasccp" type="4" sum="0"/>
<action no="11" player="Mikiki123" type="4" discard="1" dealt="1" sum="0"/>
</round>
<round no="3"><cards type="Turn">C10</cards>
<action no="12" player="Lietardo22" type="4" discard="1" dealt="1" sum="0"/>
<action no="13" player="oreiasccp" type="4" sum="0"/>
<action no="14" player="Mikiki123" type="4" discard="1" dealt="1" sum="0"/>
</round>
<round no="4"><cards type="River">C6</cards>
<action no="15" player="Lietardo22" type="5" discard="1" dealt="1" sum="485"/>
<action no="16" player="oreiasccp" type="0" sum="0"/>
<action no="17" player="Mikiki123" type="0" discard="1" dealt="1" sum="0"/>
</round>
</game>
<game gamecode="11540634872"><general><startdate>2025-06-29 09:55:51</startdate>
<round>1</round>
<failsafecounter/>
<players><player seat="6" name="Mikiki123" chips="670" dealer="0" win="0" bet="620" muck="1" rebuy="0" addon="0" merge="0" rebuychips="0" reg_code="8394260576"/>
<player seat="10" name="Lietardo22" chips="620" dealer="1" win="1,275" bet="620" muck="0" rebuy="0" addon="0" merge="0" rebuychips="0" reg_code="8394260626"/>
<player seat="3" name="oreiasccp" chips="210" dealer="0" win="0" bet="35" muck="1" rebuy="0" addon="0" merge="0" rebuychips="0" reg_code="8394260547"/>
</players>
</general>
<round no="0"><action no="1" player="oreiasccp" type="15" sum="5"/>
<action no="2" player="Mikiki123" type="15" discard="1" dealt="1" sum="5"/>
<action no="3" player="Lietardo22" type="15" discard="1" dealt="1" sum="5"/>
<action no="4" player="oreiasccp" type="1" sum="30"/>
<action no="5" player="Mikiki123" type="2" discard="1" dealt="1" sum="60"/>
</round>
<round no="1"><cards type="Pocket" player="oreiasccp">D9 C10</cards>
<cards type="Pocket" player="Lietardo22">H2 C3</cards>
<cards type="Pocket" player="Mikiki123">H9 HK</cards>
<action no="6" player="Lietardo22" type="23" discard="1" dealt="1" sum="615"/>
<action no="7" player="oreiasccp" type="0" sum="0"/>
<action no="8" player="Mikiki123" type="3" discard="1" dealt="1" sum="555"/>
</round>
<round no="2"><cards type="Flop">C4 H4 H3</cards>
</round>
<round no="3"><cards type="Turn">S4</cards>
</round>
<round no="4"><cards type="River">CQ</cards>
</round>
</game>
<game gamecode="11540634978"><general><startdate>2025-06-29 09:56:18</startdate>
<round>1</round>
<failsafecounter/>
<players><player seat="10" name="Lietardo22" chips="1,275" dealer="0" win="105" bet="65" muck="0" rebuy="0" addon="0" merge="0" rebuychips="0" reg_code="8394260626"/>
<player seat="3" name="oreiasccp" chips="175" dealer="1" win="0" bet="5" muck="1" rebuy="0" addon="0" merge="0" rebuychips="0" reg_code="8394260547"/>
<player seat="6" name="Mikiki123" chips="50" dealer="0" win="0" bet="50" muck="1" rebuy="0" addon="0" merge="0" rebuychips="0" reg_code="8394260576"/>
</players>
</general>
<round no="0"><action no="1" player="Mikiki123" type="15" discard="1" dealt="1" sum="5"/>
<action no="2" player="Lietardo22" type="15" discard="1" dealt="1" sum="5"/>
<action no="3" player="oreiasccp" type="15" sum="5"/>
<action no="4" player="Mikiki123" type="1" discard="1" dealt="1" sum="30"/>
<action no="5" player="Lietardo22" type="2" discard="1" dealt="1" sum="60"/>
</round>
<round no="1"><cards type="Pocket" player="oreiasccp">D6 S9</cards>
<cards type="Pocket" player="Mikiki123">S7 H3</cards>
<cards type="Pocket" player="Lietardo22">H6 D9</cards>
<action no="6" player="oreiasccp" type="0" sum="0"/>
<action no="7" player="Mikiki123" type="7" discard="1" dealt="1" sum="15"/>
</round>
<round no="2"><cards type="Flop">H9 C3 DJ</cards>
</round>
<round no="3"><cards type="Turn">D2</cards>
</round>
<round no="4"><cards type="River">C6</cards>
</round>
</game>
<game gamecode="11540635045"><general><startdate>2025-06-29 09:56:34</startdate>
<round>1</round>
<failsafecounter/>
<players><player seat="3" name="oreiasccp" chips="170" dealer="0" win="0" bet="65" muck="1" rebuy="0" addon="0" merge="0" rebuychips="0" reg_code="8394260547"/>
<player seat="10" name="Lietardo22" chips="1,330" dealer="1" win="130" bet="125" muck="1" rebuy="0" addon="0" merge="0" rebuychips="0" reg_code="8394260626"/>
</players>
</general>
<round no="0"><action no="1" player="Lietardo22" type="15" discard="1" dealt="1" sum="5"/>
<action no="2" player="oreiasccp" type="15" sum="5"/>
<action no="3" player="Lietardo22" type="1" discard="1" dealt="1" sum="30"/>
<action no="4" player="oreiasccp" type="2" sum="60"/>
</round>
<round no="1"><cards type="Pocket" player="oreiasccp">H2 S7</cards>
<cards type="Pocket" player="Lietardo22">X X</cards>
<action no="5" player="Lietardo22" type="23" discard="1" dealt="1" sum="120"/>
<action no="6" player="oreiasccp" type="0" sum="0"/>
</round>
</game>
<game gamecode="11540635085"><general><startdate>2025-06-29 09:56:44</startdate>
<round>1</round>
<failsafecounter/>
<players><player seat="10" name="Lietardo22" chips="1,395" dealer="0" win="0" bet="105" muck="1" rebuy="0" addon="0" merge="0" rebuychips="0" reg_code="8394260626"/>
<player seat="3" name="oreiasccp" chips="105" dealer="1" win="210" bet="105" muck="0" rebuy="0" addon="0" merge="0" rebuychips="0" reg_code="8394260547"/>
</players>
</general>
<round no="0"><action no="1" player="oreiasccp" type="15" sum="5"/>
<action no="2" player="Lietardo22" type="15" discard="1" dealt="1" sum="5"/>
<action no="3" player="oreiasccp" type="1" sum="30"/>
<action no="4" player="Lietardo22" type="2" discard="1" dealt="1" sum="60"/>
</round>
<round no="1"><cards type="Pocket" player="Lietardo22">C4 HJ</cards>
<cards type="Pocket" player="oreiasccp">SA H6</cards>
<action no="5" player="oreiasccp" type="7" sum="70"/>
<action no="6" player="Lietardo22" type="3" discard="1" dealt="1" sum="40"/>
</round>
<round no="2"><cards type="Flop">HA D3 D8</cards>
</round>
<round no="3"><cards type="Turn">S8</cards>
</round>
<round no="4"><cards type="River">C3</cards>
</round>
</game>
<game gamecode="11540635157"><general><startdate>2025-06-29 09:57:02</startdate>
<round>1</round>
<failsafecounter/>
<players><player seat="3" name="oreiasccp" chips="210" dealer="0" win="0" bet="65" muck="1" rebuy="0" addon="0" merge="0" rebuychips="0" reg_code="8394260547"/>
<player seat="10" name="Lietardo22" chips="1,290" dealer="1" win="130" bet="1,290" muck="1" rebuy="0" addon="0" merge="0" rebuychips="0" reg_code="8394260626"/>
</players>
</general>
<round no="0"><action no="1" player="Lietardo22" type="15" discard="1" dealt="1" sum="5"/>
<action no="2" player="oreiasccp" type="15" sum="5"/>
<action no="3" player="Lietardo22" type="1" discard="1" dealt="1" sum="30"/>
<action no="4" player="oreiasccp" type="2" sum="60"/>
</round>
<round no="1"><cards type="Pocket" player="Lietardo22">X X</cards>
<cards type="Pocket" player="oreiasccp">C7 H5</cards>
<action no="5" player="Lietardo22" type="23" discard="1" dealt="1" sum="1,285"/>
<action no="6" player="oreiasccp" type="0" sum="0"/>
</round>
</game>
<game gamecode="11540635205"><general><startdate>2025-06-29 09:57:13</startdate>
<round>1</round>
<failsafecounter/>
<players><player seat="10" name="Lietardo22" chips="1,355" dealer="0" win="0" bet="145" muck="1" rebuy="0" addon="0" merge="0" rebuychips="0" reg_code="8394260626"/>
<player seat="3" name="oreiasccp" chips="145" dealer="1" win="290" bet="145" muck="0" rebuy="0" addon="0" merge="0" rebuychips="0" reg_code="8394260547"/>
</players>
</general>
<round no="0"><action no="1" player="oreiasccp" type="15" sum="5"/>
<action no="2" player="Lietardo22" type="15" discard="1" dealt="1" sum="5"/>
<action no="3" player="oreiasccp" type="1" sum="30"/>
<action no="4" player="Lietardo22" type="2" discard="1" dealt="1" sum="60"/>
</round>
<round no="1"><cards type="Pocket" player="Lietardo22">H9 D5</cards>
<cards type="Pocket" player="oreiasccp">H6 C6</cards>
<action no="5" player="oreiasccp" type="23" sum="140"/>
<action no="6" player="Lietardo22" type="3" discard="1" dealt="1" sum="80"/>
</round>
<round no="2"><cards type="Flop">S6 SK C9</cards>
</round>
<round no="3"><cards type="Turn">DJ</cards>
</round>
<round no="4"><cards type="River">S2</cards>
</round>
</game>
<game gamecode="11540635284"><general><startdate>2025-06-29 09:57:32</startdate>
<round>1</round>
<failsafecounter/>
<players><player seat="3" name="oreiasccp" chips="290" dealer="0" win="0" bet="65" muck="1" rebuy="0" addon="0" merge="0" rebuychips="0" reg_code="8394260547"/>
<player seat="10" name="Lietardo22" chips="1,210" dealer="1" win="130" bet="1,210" muck="1" rebuy="0" addon="0" merge="0" rebuychips="0" reg_code="8394260626"/>
</players>
</general>
<round no="0"><action no="1" player="Lietardo22" type="15" discard="1" dealt="1" sum="5"/>
<action no="2" player="oreiasccp" type="15" sum="5"/>
<action no="3" player="Lietardo22" type="1" discard="1" dealt="1" sum="30"/>
<action no="4" player="oreiasccp" type="2" sum="60"/>
</round>
<round no="1"><cards type="Pocket" player="oreiasccp">S6 S10</cards>
<cards type="Pocket" player="Lietardo22">X X</cards>
<action no="5" player="Lietardo22" type="23" discard="1" dealt="1" sum="1,205"/>
<action no="6" player="oreiasccp" type="0" sum="0"/>
</round>
</game>
<game gamecode="11540635327"><general><startdate>2025-06-29 09:57:45</startdate>
<round>1</round>
<failsafecounter/>
<players><player seat="10" name="Lietardo22" chips="1,275" dealer="0" win="96" bet="88" muck="1" rebuy="0" addon="0" merge="0" rebuychips="0" reg_code="8394260626"/>
<player seat="3" name="oreiasccp" chips="225" dealer="1" win="0" bet="48" muck="1" rebuy="0" addon="0" merge="0" rebuychips="0" reg_code="8394260547"/>
</players>
</general>
<round no="0"><action no="1" player="oreiasccp" type="15" sum="8"/>
<action no="2" player="Lietardo22" type="15" discard="1" dealt="1" sum="8"/>
<action no="3" player="oreiasccp" type="1" sum="40"/>
<action no="4" player="Lietardo22" type="2" discard="1" dealt="1" sum="80"/>
</round>
<round no="1"><cards type="Pocket" player="oreiasccp">H4 S6</cards>
<cards type="Pocket" player="Lietardo22">X X</cards>
<action no="5" player="oreiasccp" type="0" sum="0"/>
</round>
</game>
<game gamecode="11540635354"><general><startdate>2025-06-29 09:57:52</startdate>
<round>1</round>
<failsafecounter/>
<players><player seat="3" name="oreiasccp" chips="177" dealer="0" win="96" bet="88" muck="1" rebuy="0" addon="0" merge="0" rebuychips="0" reg_code="8394260547"/>
<player seat="10" name="Lietardo22" chips="1,323" dealer="1" win="0" bet="48" muck="1" rebuy="0" addon="0" merge="0" rebuychips="0" reg_code="8394260626"/>
</players>
</general>
<round no="0"><action no="1" player="Lietardo22" type="15" discard="1" dealt="1" sum="8"/>
<action no="2" player="oreiasccp" type="15" sum="8"/>
<action no="3" player="Lietardo22" type="1" discard="1" dealt="1" sum="40"/>
<action no="4" player="oreiasccp" type="2" sum="80"/>
</round>
<round no="1"><cards type="Pocket" player="Lietardo22">X X</cards>
<cards type="Pocket" player="oreiasccp">D2 C2</cards>
<action no="5" player="Lietardo22" type="0" discard="1" dealt="1" sum="0"/>
</round>
</game>
<game gamecode="11540635440"><general><startdate>2025-06-29 09:58:11</startdate>
<round>1</round>
<failsafecounter/>
<players><player seat="10" name="Lietardo22" chips="1,275" dealer="0" win="450" bet="225" muck="0" rebuy="0" addon="0" merge="0" rebuychips="0" reg_code="8394260626"/>
<player seat="3" name="oreiasccp" chips="225" dealer="1" win="0" bet="225" muck="0" rebuy="0" addon="0" merge="0" rebuychips="0" reg_code="8394260547"/>
</players>
</general>
<round no="0"><action no="1" player="oreiasccp" type="15" sum="8"/>
<action no="2" player="Lietardo22" type="15" discard="1" dealt="1" sum="8"/>
<action no="3" player="oreiasccp" type="1" sum="40"/>
<action no="4" player="Lietardo22" type="2" discard="1" dealt="1" sum="80"/>
</round>
<round no="1"><cards type="Pocket" player="Lietardo22">S6 C2</cards>
<cards type="Pocket" player="oreiasccp">CQ H7</cards>
<action no="5" player="oreiasccp" type="23" sum="217"/>
<action no="6" player="Lietardo22" type="3" discard="1" dealt="1" sum="137"/>
</round>
<round no="2"><cards type="Flop">H4 C3 S10</cards>
</round>
<round no="3"><cards type="Turn">CK</cards>
</round>
<round no="4"><cards type="River">C6</cards>
</round>
</game>
</session>
