<?xml version="1.0" encoding="UTF-8"?>
<session sessioncode="8394256191">
<general>
<client_version>25.1.1.13</client_version>
<mode>real</mode>
<gametype>Holdem NL</gametype>
<tablename>Twister €5 SNG, 1128849749</tablename>
<tournamentcode>1128849748</tournamentcode>
<tournamentname>Twister €5 SNG</tournamentname>
<buyin>€0 + €0.35 + €4.65</buyin>
<totalbuyin>€5</totalbuyin>
<rewarddrawn>€25</rewarddrawn>
<tournamentcurrency>EUR</tournamentcurrency>
<currency>EUR</currency>
<nickname>oreiasccp</nickname>
<gamecount>16</gamecount>
<startdate>2025-06-29 09:33:47</startdate>
<place>2</place>
<win>€0</win>
<tablesize>3</tablesize>
</general>
<game gamecode="11540617481"><general><startdate>2025-06-29 09:34:03</startdate>
<round>1</round>
<failsafecounter/>
<players><player seat="10" name="oreiasccp" chips="500" dealer="0" win="0" bet="20" muck="1" rebuy="0" addon="0" merge="0" rebuychips="0" reg_code="8394256191"/>
<player seat="3" name="troybomber" chips="500" dealer="1" win="0" bet="0" muck="1" rebuy="0" addon="0" merge="0" rebuychips="0" reg_code="8394256154"/>
<player seat="6" name="Detlefdon" chips="500" dealer="0" win="40" bet="40" muck="1" rebuy="0" addon="0" merge="0" rebuychips="0" reg_code="8394256184"/>
</players>
</general>
<round no="0"><action no="1" player="Detlefdon" type="1" discard="1" dealt="1" sum="10"/>
<action no="2" player="oreiasccp" type="2" sum="20"/>
</round>
<round no="1"><cards type="Pocket" player="Detlefdon">X X</cards>
<cards type="Pocket" player="troybomber">X X</cards>
<cards type="Pocket" player="oreiasccp">H8 C4</cards>
<action no="3" player="troybomber" type="0" discard="1" dealt="1" sum="0"/>
<action no="4" player="Detlefdon" type="3" discard="1" dealt="1" sum="10"/>
<action no="5" player="oreiasccp" type="4" sum="0"/>
</round>
<round no="2"><cards type="Flop">CJ S7 D3</cards>
<action no="6" player="Detlefdon" type="4" discard="1" dealt="1" sum="0"/>
<action no="7" player="oreiasccp" type="4" sum="0"/>
</round>
<round no="3"><cards type="Turn">C10</cards>
<action no="8" player="Detlefdon" type="4" discard="1" dealt="1" sum="0"/>
<action no="9" player="oreiasccp" type="4" sum="0"/>
</round>
<round no="4"><cards type="River">DA</cards>
<action no="10" player="Detlefdon" type="5" discard="1" dealt="1" sum="20"/>
<action no="11" player="oreiasccp" type="0" sum="0"/>
</round>
</game>
<game gamecode="11540617556"><general><startdate>2025-06-29 09:34:25</startdate>
<round>1</round>
<failsafecounter/>
<players><player seat="3" name="troybomber" chips="500" dealer="0" win="0" bet="85" muck="0" rebuy="0" addon="0" merge="0" rebuychips="0" reg_code="8394256154"/>
<player seat="6" name="Detlefdon" chips="520" dealer="1" win="180" bet="85" muck="0" rebuy="0" addon="0" merge="0" rebuychips="0" reg_code="8394256184"/>
<player seat="10" name="oreiasccp" chips="480" dealer="0" win="0" bet="10" muck="1" rebuy="0" addon="0" merge="0" rebuychips="0" reg_code="8394256191"/>
</players>
</general>
<round no="0"><action no="1" player="oreiasccp" type="1" sum="10"/>
<action no="2" player="troybomber" type="2" discard="1" dealt="1" sum="20"/>
</round>
<round no="1"><cards type="Pocket" player="troybomber">C7 C9</cards>
<cards type="Pocket" player="oreiasccp">H4 C10</cards>
<cards type="Pocket" player="Detlefdon">D4 D10</cards>
<action no="3" player="Detlefdon" type="3" discard="1" dealt="1" sum="20"/>
<action no="4" player="oreiasccp" type="0" sum="0"/>
<action no="5" player="troybomber" type="4" discard="1" dealt="1" sum="0"/>
</round>
<round no="2"><cards type="Flop">S7 C4 SQ</cards>
<action no="6" player="troybomber" type="4" discard="1" dealt="1" sum="0"/>
<action no="7" player="Detlefdon" type="4" discard="1" dealt="1" sum="0"/>
</round>
<round no="3"><cards type="Turn">S4</cards>
<action no="8" player="troybomber" type="4" discard="1" dealt="1" sum="0"/>
<action no="9" player="Detlefdon" type="5" discard="1" dealt="1" sum="20"/>
<action no="10" player="troybomber" type="3" discard="1" dealt="1" sum="20"/>
</round>
<round no="4"><cards type="River">DQ</cards>
<action no="11" player="troybomber" type="5" discard="1" dealt="1" sum="45"/>
<action no="12" player="Detlefdon" type="3" discard="1" dealt="1" sum="45"/>
</round>
</game>
<game gamecode="11540617658"><general><startdate>2025-06-29 09:34:55</startdate>
<round>1</round>
<failsafecounter/>
<players><player seat="6" name="Detlefdon" chips="615" dealer="0" win="90" bet="615" muck="1" rebuy="0" addon="0" merge="0" rebuychips="0" reg_code="8394256184"/>
<player seat="10" name="oreiasccp" chips="470" dealer="1" win="0" bet="40" muck="1" rebuy="0" addon="0" merge="0" rebuychips="0" reg_code="8394256191"/>
<player seat="3" name="troybomber" chips="415" dealer="0" win="0" bet="10" muck="1" rebuy="0" addon="0" merge="0" rebuychips="0" reg_code="8394256154"/>
</players>
</general>
<round no="0"><action no="1" player="troybomber" type="1" discard="1" dealt="1" sum="10"/>
<action no="2" player="Detlefdon" type="2" discard="1" dealt="1" sum="20"/>
</round>
<round no="1"><cards type="Pocket" player="oreiasccp">H6 SA</cards>
<cards type="Pocket" player="troybomber">X X</cards>
<cards type="Pocket" player="Detlefdon">X X</cards>
<action no="3" player="oreiasccp" type="23" sum="40"/>
<action no="4" player="troybomber" type="0" discard="1" dealt="1" sum="0"/>
<action no="5" player="Detlefdon" type="23" discard="1" dealt="1" sum="615"/>
<action no="6" player="oreiasccp" type="0" sum="0"/>
</round>
</game>
<game gamecode="11540617710"><general><startdate>2025-06-29 09:35:10</startdate>
<round>1</round>
<failsafecounter/>
<players><player seat="10" name="oreiasccp" chips="430" dealer="0" win="0" bet="20" muck="1" rebuy="0" addon="0" merge="0" rebuychips="0" reg_code="8394256191"/>
<player seat="3" name="troybomber" chips="405" dealer="1" win="0" bet="0" muck="1" rebuy="0" addon="0" merge="0" rebuychips="0" reg_code="8394256154"/>
<player seat="6" name="Detlefdon" chips="665" dealer="0" win="40" bet="60" muck="1" rebuy="0" addon="0" merge="0" rebuychips="0" reg_code="8394256184"/>
</players>
</general>
<round no="0"><action no="1" player="Detlefdon" type="1" discard="1" dealt="1" sum="10"/>
<action no="2" player="oreiasccp" type="2" sum="20"/>
</round>
<round no="1"><cards type="Pocket" player="oreiasccp">S6 H2</cards>
<cards type="Pocket" player="troybomber">X X</cards>
<cards type="Pocket" player="Detlefdon">X X</cards>
<action no="3" player="troybomber" type="0" discard="1" dealt="1" sum="0"/>
<action no="4" player="Detlefdon" type="3" discard="1" dealt="1" sum="10"/>
<action no="5" player="oreiasccp" type="4" sum="0"/>
</round>
<round no="2"><cards type="Flop">S5 DJ C10</cards>
<action no="6" player="Detlefdon" type="5" discard="1" dealt="1" sum="40"/>
<action no="7" player="oreiasccp" type="0" sum="0"/>
</round>
</game>
<game gamecode="11540617766"><general><startdate>2025-06-29 09:35:25</startdate>
<round>1</round>
<failsafecounter/>
<players><player seat="3" name="troybomber" chips="405" dealer="0" win="65" bet="60" muck="0" rebuy="0" addon="0" merge="0" rebuychips="0" reg_code="8394256154"/>
<player seat="6" name="Detlefdon" chips="685" dealer="1" win="65" bet="60" muck="0" rebuy="0" addon="0" merge="0" rebuychips="0" reg_code="8394256184"/>
<player seat="10" name="oreiasccp" chips="410" dealer="0" win="0" bet="10" muck="1" rebuy="0" addon="0" merge="0" rebuychips="0" reg_code="8394256191"/>
</players>
</general>
<round no="0"><action no="1" player="oreiasccp" type="1" sum="10"/>
<action no="2" player="troybomber" type="2" discard="1" dealt="1" sum="20"/>
</round>
<round no="1"><cards type="Pocket" player="troybomber">C4 D3</cards>
<cards type="Pocket" player="Detlefdon">C3 C9</cards>
<cards type="Pocket" player="oreiasccp">CJ D4</cards>
<action no="3" player="Detlefdon" type="3" discard="1" dealt="1" sum="20"/>
<action no="4" player="oreiasccp" type="0" sum="0"/>
<action no="5" player="troybomber" type="4" discard="1" dealt="1" sum="0"/>
</round>
<round no="2"><cards type="Flop">H6 S6 H8</cards>
<action no="6" player="troybomber" type="4" discard="1" dealt="1" sum="0"/>
<action no="7" player="Detlefdon" type="4" discard="1" dealt="1" sum="0"/>
</round>
<round no="3"><cards type="Turn">H3</cards>
<action no="8" player="troybomber" type="4" discard="1" dealt="1" sum="0"/>
<action no="9" player="Detlefdon" type="5" discard="1" dealt="1" sum="20"/>
<action no="10" player="troybomber" type="3" discard="1" dealt="1" sum="20"/>
</round>
<round no="4"><cards type="River">DK</cards>
<action no="11" player="troybomber" type="4" discard="1" dealt="1" sum="0"/>
<action no="12" player="Detlefdon" type="5" discard="1" dealt="1" sum="20"/>
<action no="13" player="troybomber" type="3" discard="1" dealt="1" sum="20"/>
</round>
</game>
<game gamecode="11540617887"><general><startdate>2025-06-29 09:36:00</startdate>
<round>1</round>
<failsafecounter/>
<players><player seat="6" name="Detlefdon" chips="690" dealer="0" win="20" bet="20" muck="1" rebuy="0" addon="0" merge="0" rebuychips="0" reg_code="8394256184"/>
<player seat="10" name="oreiasccp" chips="400" dealer="1" win="0" bet="0" muck="1" rebuy="0" addon="0" merge="0" rebuychips="0" reg_code="8394256191"/>
<player seat="3" name="troybomber" chips="410" dealer="0" win="0" bet="10" muck="1" rebuy="0" addon="0" merge="0" rebuychips="0" reg_code="8394256154"/>
</players>
</general>
<round no="0"><action no="1" player="troybomber" type="1" discard="1" dealt="1" sum="10"/>
<action no="2" player="Detlefdon" type="2" discard="1" dealt="1" sum="20"/>
</round>
<round no="1"><cards type="Pocket" player="oreiasccp">HK S8</cards>
<cards type="Pocket" player="troybomber">X X</cards>
<cards type="Pocket" player="Detlefdon">X X</cards>
<action no="3" player="oreiasccp" type="0" sum="0"/>
<action no="4" player="troybomber" type="0" discard="1" dealt="1" sum="0"/>
</round>
</game>
<game gamecode="11540617910"><general><startdate>2025-06-29 09:36:07</startdate>
<round>1</round>
<failsafecounter/>
<players><player seat="10" name="oreiasccp" chips="400" dealer="0" win="0" bet="35" muck="1" rebuy="0" addon="0" merge="0" rebuychips="0" reg_code="8394256191"/>
<player seat="3" name="troybomber" chips="400" dealer="1" win="90" bet="400" muck="1" rebuy="0" addon="0" merge="0" rebuychips="0" reg_code="8394256154"/>
<player seat="6" name="Detlefdon" chips="700" dealer="0" win="0" bet="20" muck="1" rebuy="0" addon="0" merge="0" rebuychips="0" reg_code="8394256184"/>
</players>
</general>
<round no="0"><action no="1" player="Detlefdon" type="15" discard="1" dealt="1" sum="5"/>
<action no="2" player="oreiasccp" type="15" sum="5"/>
<action no="3" player="troybomber" type="15" discard="1" dealt="1" sum="5"/>
<action no="4" player="Detlefdon" type="1" discard="1" dealt="1" sum="15"/>
<action no="5" player="oreiasccp" type="2" sum="30"/>
</round>
<round no="1"><cards type="Pocket" player="Detlefdon">X X</cards>
<cards type="Pocket" player="oreiasccp">D6 D2</cards>
<cards type="Pocket" player="troybomber">X X</cards>
<action no="6" player="troybomber" type="23" discard="1" dealt="1" sum="395"/>
<action no="7" player="Detlefdon" type="0" discard="1" dealt="1" sum="0"/>
<action no="8" player="oreiasccp" type="0" sum="0"/>
</round>
</game>
<game gamecode="11540617950"><general><startdate>2025-06-29 09:36:17</startdate>
<round>1</round>
<failsafecounter/>
<players><player seat="3" name="troybomber" chips="455" dealer="0" win="0" bet="35" muck="1" rebuy="0" addon="0" merge="0" rebuychips="0" reg_code="8394256154"/>
<player seat="6" name="Detlefdon" chips="680" dealer="1" win="90" bet="680" muck="1" rebuy="0" addon="0" merge="0" rebuychips="0" reg_code="8394256184"/>
<player seat="10" name="oreiasccp" chips="365" dealer="0" win="0" bet="20" muck="1" rebuy="0" addon="0" merge="0" rebuychips="0" reg_code="8394256191"/>
</players>
</general>
<round no="0"><action no="1" player="oreiasccp" type="15" sum="5"/>
<action no="2" player="troybomber" type="15" discard="1" dealt="1" sum="5"/>
<action no="3" player="Detlefdon" type="15" discard="1" dealt="1" sum="5"/>
<action no="4" player="oreiasccp" type="1" sum="15"/>
<action no="5" player="troybomber" type="2" discard="1" dealt="1" sum="30"/>
</round>
<round no="1"><cards type="Pocket" player="troybomber">X X</cards>
<cards type="Pocket" player="Detlefdon">X X</cards>
<cards type="Pocket" player="oreiasccp">CK S8</cards>
<action no="6" player="Detlefdon" type="23" discard="1" dealt="1" sum="675"/>
<action no="7" player="oreiasccp" type="0" sum="0"/>
<action no="8" player="troybomber" type="0" discard="1" dealt="1" sum="0"/>
</round>
</game>
<game gamecode="11540617999"><general><startdate>2025-06-29 09:36:31</startdate>
<round>1</round>
<failsafecounter/>
<players><player seat="6" name="Detlefdon" chips="735" dealer="0" win="0" bet="420" muck="1" rebuy="0" addon="0" merge="0" rebuychips="0" reg_code="8394256184"/>
<player seat="10" name="oreiasccp" chips="345" dealer="1" win="0" bet="5" muck="1" rebuy="0" addon="0" merge="0" rebuychips="0" reg_code="8394256191"/>
<player seat="3" name="troybomber" chips="420" dealer="0" win="845" bet="420" muck="0" rebuy="0" addon="0" merge="0" rebuychips="0" reg_code="8394256154"/>
</players>
</general>
<round no="0"><action no="1" player="troybomber" type="15" discard="1" dealt="1" sum="5"/>
<action no="2" player="Detlefdon" type="15" discard="1" dealt="1" sum="5"/>
<action no="3" player="oreiasccp" type="15" sum="5"/>
<action no="4" player="troybomber" type="1" discard="1" dealt="1" sum="15"/>
<action no="5" player="Detlefdon" type="2" discard="1" dealt="1" sum="30"/>
</round>
<round no="1"><cards type="Pocket" player="Detlefdon">DA S5</cards>
<cards type="Pocket" player="oreiasccp">D8 D2</cards>
<cards type="Pocket" player="troybomber">C7 SA</cards>
<action no="6" player="oreiasccp" type="0" sum="0"/>
<action no="7" player="troybomber" type="23" discard="1" dealt="1" sum="415"/>
<action no="8" player="Detlefdon" type="3" discard="1" dealt="1" sum="385"/>
</round>
<round no="2"><cards type="Flop">CK SQ C6</cards>
</round>
<round no="3"><cards type="Turn">H2</cards>
</round>
<round no="4"><cards type="River">DJ</cards>
</round>
</game>
<game gamecode="11540618075"><general><startdate>2025-06-29 09:36:54</startdate>
<round>1</round>
<failsafecounter/>
<players><player seat="10" name="oreiasccp" chips="340" dealer="0" win="75" bet="315" muck="1" rebuy="0" addon="0" merge="0" rebuychips="0" reg_code="8394256191"/>
<player seat="3" name="troybomber" chips="845" dealer="1" win="0" bet="5" muck="1" rebuy="0" addon="0" merge="0" rebuychips="0" reg_code="8394256154"/>
<player seat="6" name="Detlefdon" chips="315" dealer="0" win="0" bet="35" muck="1" rebuy="0" addon="0" merge="0" rebuychips="0" reg_code="8394256184"/>
</players>
</general>
<round no="0"><action no="1" player="Detlefdon" type="15" discard="1" dealt="1" sum="5"/>
<action no="2" player="oreiasccp" type="15" sum="5"/>
<action no="3" player="troybomber" type="15" discard="1" dealt="1" sum="5"/>
<action no="4" player="Detlefdon" type="1" discard="1" dealt="1" sum="15"/>
<action no="5" player="oreiasccp" type="2" sum="30"/>
</round>
<round no="1"><cards type="Pocket" player="oreiasccp">HK SA</cards>
<cards type="Pocket" player="troybomber">X X</cards>
<cards type="Pocket" player="Detlefdon">X X</cards>
<action no="6" player="troybomber" type="0" discard="1" dealt="1" sum="0"/>
<action no="7" player="Detlefdon" type="3" discard="1" dealt="1" sum="15"/>
<action no="8" player="oreiasccp" type="23" sum="310"/>
<action no="9" player="Detlefdon" type="0" discard="1" dealt="1" sum="0"/>
</round>
</game>
<game gamecode="11540618125"><general><startdate>2025-06-29 09:37:07</startdate>
<round>1</round>
<failsafecounter/>
<players><player seat="3" name="troybomber" chips="840" dealer="0" win="90" bet="35" muck="0" rebuy="0" addon="0" merge="0" rebuychips="0" reg_code="8394256154"/>
<player seat="6" name="Detlefdon" chips="280" dealer="1" win="0" bet="35" muck="1" rebuy="0" addon="0" merge="0" rebuychips="0" reg_code="8394256184"/>
<player seat="10" name="oreiasccp" chips="380" dealer="0" win="0" bet="20" muck="1" rebuy="0" addon="0" merge="0" rebuychips="0" reg_code="8394256191"/>
</players>
</general>
<round no="0"><action no="1" player="oreiasccp" type="15" sum="5"/>
<action no="2" player="troybomber" type="15" discard="1" dealt="1" sum="5"/>
<action no="3" player="Detlefdon" type="15" discard="1" dealt="1" sum="5"/>
<action no="4" player="oreiasccp" type="1" sum="15"/>
<action no="5" player="troybomber" type="2" discard="1" dealt="1" sum="30"/>
</round>
<round no="1"><cards type="Pocket" player="troybomber">H5 SK</cards>
<cards type="Pocket" player="oreiasccp">H4 CQ</cards>
<cards type="Pocket" player="Detlefdon">S6 D9</cards>
<action no="6" player="Detlefdon" type="3" discard="1" dealt="1" sum="30"/>
<action no="7" player="oreiasccp" type="0" sum="0"/>
<action no="8" player="troybomber" type="4" discard="1" dealt="1" sum="0"/>
</round>
<round no="2"><cards type="Flop">D8 D3 S10</cards>
<action no="9" player="troybomber" type="4" discard="1" dealt="1" sum="0"/>
<action no="10" player="Detlefdon" type="4" discard="1" dealt="1" sum="0"/>
</round>
<round no="3"><cards type="Turn">S4</cards>
<action no="11" player="troybomber" type="4" discard="1" dealt="1" sum="0"/>
<action no="12" player="Detlefdon" type="4" discard="1" dealt="1" sum="0"/>
</round>
<round no="4"><cards type="River">HQ</cards>
<action no="13" player="troybomber" type="4" discard="1" dealt="1" sum="0"/>
<action no="14" player="Detlefdon" type="4" discard="1" dealt="1" sum="0"/>
</round>
</game>
<game gamecode="11540618206"><general><startdate>2025-06-29 09:37:35</startdate>
<round>1</round>
<failsafecounter/>
<players><player seat="6" name="Detlefdon" chips="245" dealer="0" win="0" bet="35" muck="1" rebuy="0" addon="0" merge="0" rebuychips="0" reg_code="8394256184"/>
<player seat="10" name="oreiasccp" chips="360" dealer="1" win="0" bet="5" muck="1" rebuy="0" addon="0" merge="0" rebuychips="0" reg_code="8394256191"/>
<player seat="3" name="troybomber" chips="895" dealer="0" win="75" bet="895" muck="1" rebuy="0" addon="0" merge="0" rebuychips="0" reg_code="8394256154"/>
</players>
</general>
<round no="0"><action no="1" player="troybomber" type="15" discard="1" dealt="1" sum="5"/>
<action no="2" player="Detlefdon" type="15" discard="1" dealt="1" sum="5"/>
<action no="3" player="oreiasccp" type="15" sum="5"/>
<action no="4" player="troybomber" type="1" discard="1" dealt="1" sum="15"/>
<action no="5" player="Detlefdon" type="2" discard="1" dealt="1" sum="30"/>
</round>
<round no="1"><cards type="Pocket" player="Detlefdon">X X</cards>
<cards type="Pocket" player="oreiasccp">H10 C7</cards>
<cards type="Pocket" player="troybomber">X X</cards>
<action no="6" player="oreiasccp" type="0" sum="0"/>
<action no="7" player="troybomber" type="23" discard="1" dealt="1" sum="890"/>
<action no="8" player="Detlefdon" type="0" discard="1" dealt="1" sum="0"/>
</round>
</game>
<game gamecode="11540618229"><general><startdate>2025-06-29 09:37:45</startdate>
<round>1</round>
<failsafecounter/>
<players><player seat="10" name="oreiasccp" chips="355" dealer="0" win="0" bet="35" muck="1" rebuy="0" addon="0" merge="0" rebuychips="0" reg_code="8394256191"/>
<player seat="3" name="troybomber" chips="935" dealer="1" win="455" bet="935" muck="0" rebuy="0" addon="0" merge="0" rebuychips="0" reg_code="8394256154"/>
<player seat="6" name="Detlefdon" chips="210" dealer="0" win="0" bet="210" muck="1" rebuy="0" addon="0" merge="0" rebuychips="0" reg_code="8394256184"/>
</players>
</general>
<round no="0"><action no="1" player="Detlefdon" type="15" discard="1" dealt="1" sum="5"/>
<action no="2" player="oreiasccp" type="15" sum="5"/>
<action no="3" player="troybomber" type="15" discard="1" dealt="1" sum="5"/>
<action no="4" player="Detlefdon" type="1" discard="1" dealt="1" sum="15"/>
<action no="5" player="oreiasccp" type="2" sum="30"/>
</round>
<round no="1"><cards type="Pocket" player="oreiasccp">S7 D9</cards>
<cards type="Pocket" player="troybomber">C6 HA</cards>
<cards type="Pocket" player="Detlefdon">HJ CA</cards>
<action no="6" player="troybomber" type="23" discard="1" dealt="1" sum="930"/>
<action no="7" player="Detlefdon" type="7" discard="1" dealt="1" sum="190"/>
<action no="8" player="oreiasccp" type="0" sum="0"/>
</round>
<round no="2"><cards type="Flop">DQ H9 S6</cards>
</round>
<round no="3"><cards type="Turn">H4</cards>
</round>
<round no="4"><cards type="River">H7</cards>
</round>
</game>
<game gamecode="11540622402"><general><startdate>2025-06-29 09:38:03</startdate>
<round>1</round>
<failsafecounter/>
<players><player seat="3" name="troybomber" chips="1,180" dealer="0" win="40" bet="35" muck="1" rebuy="0" addon="0" merge="0" rebuychips="0" reg_code="8394256154"/>
<player seat="10" name="oreiasccp" chips="320" dealer="1" win="0" bet="20" muck="1" rebuy="0" addon="0" merge="0" rebuychips="0" reg_code="8394256191"/>
</players>
</general>
<round no="0"><action no="1" player="oreiasccp" type="15" sum="5"/>
<action no="2" player="troybomber" type="15" discard="1" dealt="1" sum="5"/>
<action no="3" player="oreiasccp" type="1" sum="15"/>
<action no="4" player="troybomber" type="2" discard="1" dealt="1" sum="30"/>
</round>
<round no="1"><cards type="Pocket" player="troybomber">X X</cards>
<cards type="Pocket" player="oreiasccp">C2 S6</cards>
<action no="5" player="oreiasccp" type="0" sum="0"/>
</round>
</game>
<game gamecode="11540622419"><general><startdate>2025-06-29 09:38:08</startdate>
<round>1</round>
<failsafecounter/>
<players><player seat="10" name="oreiasccp" chips="300" dealer="0" win="50" bet="45" muck="1" rebuy="0" addon="0" merge="0" rebuychips="0" reg_code="8394256191"/>
<player seat="3" name="troybomber" chips="1,200" dealer="1" win="0" bet="25" muck="1" rebuy="0" addon="0" merge="0" rebuychips="0" reg_code="8394256154"/>
</players>
</general>
<round no="0"><action no="1" player="troybomber" type="15" discard="1" dealt="1" sum="5"/>
<action no="2" player="oreiasccp" type="15" sum="5"/>
<action no="3" player="troybomber" type="1" discard="1" dealt="1" sum="20"/>
<action no="4" player="oreiasccp" type="2" sum="40"/>
</round>
<round no="1"><cards type="Pocket" player="oreiasccp">H8 D6</cards>
<cards type="Pocket" player="troybomber">X X</cards>
<action no="5" player="troybomber" type="0" discard="1" dealt="1" sum="0"/>
</round>
</game>
<game gamecode="11540622472"><general><startdate>2025-06-29 09:38:24</startdate>
<round>1</round>
<failsafecounter/>
<players><player seat="3" name="troybomber" chips="1,175" dealer="0" win="650" bet="325" muck="0" rebuy="0" addon="0" merge="0" rebuychips="0" reg_code="8394256154"/>
<player seat="10" name="oreiasccp" chips="325" dealer="1" win="0" bet="325" muck="0" rebuy="0" addon="0" merge="0" rebuychips="0" reg_code="8394256191"/>
</players>
</general>
<round no="0"><action no="1" player="oreiasccp" type="15" sum="5"/>
<action no="2" player="troybomber" type="15" discard="1" dealt="1" sum="5"/>
<action no="3" player="oreiasccp" type="1" sum="20"/>
<action no="4" player="troybomber" type="2" discard="1" dealt="1" sum="40"/>
</round>
<round no="1"><cards type="Pocket" player="troybomber">H10 CQ</cards>
<cards type="Pocket" player="oreiasccp">S6 DQ</cards>
<action no="5" player="oreiasccp" type="23" sum="320"/>
<action no="6" player="troybomber" type="3" discard="1" dealt="1" sum="280"/>
</round>
<round no="2"><cards type="Flop">CA D2 DA</cards>
</round>
<round no="3"><cards type="Turn">CK</cards>
</round>
<round no="4"><cards type="River">C7</cards>
</round>
</game>
</session>
