<?xml version="1.0" encoding="UTF-8"?>
<session sessioncode="8394294328">
<general>
<client_version>25.1.1.13</client_version>
<mode>real</mode>
<gametype>Holdem NL</gametype>
<tablename>Twister €5 SNG, 1128855632</tablename>
<tournamentcode>1128855631</tournamentcode>
<tournamentname>Twister €5 SNG</tournamentname>
<buyin>€0 + €0.35 + €4.65</buyin>
<totalbuyin>€5</totalbuyin>
<rewarddrawn>€15</rewarddrawn>
<tournamentcurrency>EUR</tournamentcurrency>
<currency>EUR</currency>
<nickname>oreiasccp</nickname>
<gamecount>13</gamecount>
<startdate>2025-06-29 11:32:05</startdate>
<place>3</place>
<win>€0</win>
<tablesize>3</tablesize>
</general>
<game gamecode="11540718856"><general><startdate>2025-06-29 11:32:21</startdate>
<round>1</round>
<failsafecounter/>
<players><player seat="3" name="oreiasccp" chips="500" dealer="0" win="0" bet="40" muck="1" rebuy="0" addon="0" merge="0" rebuychips="0" reg_code="8394294328"/>
<player seat="6" name="scrg37" chips="500" dealer="1" win="0" bet="0" muck="1" rebuy="0" addon="0" merge="0" rebuychips="0" reg_code="8394294378"/>
<player seat="10" name="najlepsi1" chips="500" dealer="0" win="80" bet="40" muck="0" rebuy="0" addon="0" merge="0" rebuychips="0" reg_code="8394294385"/>
</players>
</general>
<round no="0"><action no="1" player="najlepsi1" type="1" discard="1" dealt="1" sum="10"/>
<action no="2" player="oreiasccp" type="2" sum="20"/>
</round>
<round no="1"><cards type="Pocket" player="najlepsi1">SK S5</cards>
<cards type="Pocket" player="scrg37">X X</cards>
<cards type="Pocket" player="oreiasccp">S4 D10</cards>
<action no="3" player="scrg37" type="0" discard="1" dealt="1" sum="0"/>
<action no="4" player="najlepsi1" type="3" discard="1" dealt="1" sum="10"/>
<action no="5" player="oreiasccp" type="4" sum="0"/>
</round>
<round no="2"><cards type="Flop">C10 DJ DA</cards>
<action no="6" player="najlepsi1" type="4" discard="1" dealt="1" sum="0"/>
<action no="7" player="oreiasccp" type="4" sum="0"/>
</round>
<round no="3"><cards type="Turn">S6</cards>
<action no="8" player="najlepsi1" type="4" discard="1" dealt="1" sum="0"/>
<action no="9" player="oreiasccp" type="5" sum="20"/>
<action no="10" player="najlepsi1" type="3" discard="1" dealt="1" sum="20"/>
</round>
<round no="4"><cards type="River">DK</cards>
<action no="11" player="najlepsi1" type="4" discard="1" dealt="1" sum="0"/>
<action no="12" player="oreiasccp" type="4" sum="0"/>
</round>
</game>
<game gamecode="11540718960"><general><startdate>2025-06-29 11:32:45</startdate>
<round>1</round>
<failsafecounter/>
<players><player seat="6" name="scrg37" chips="500" dealer="0" win="0" bet="20" muck="1" rebuy="0" addon="0" merge="0" rebuychips="0" reg_code="8394294378"/>
<player seat="10" name="najlepsi1" chips="540" dealer="1" win="470" bet="460" muck="0" rebuy="0" addon="0" merge="0" rebuychips="0" reg_code="8394294385"/>
<player seat="3" name="oreiasccp" chips="460" dealer="0" win="470" bet="460" muck="0" rebuy="0" addon="0" merge="0" rebuychips="0" reg_code="8394294328"/>
</players>
</general>
<round no="0"><action no="1" player="oreiasccp" type="1" sum="10"/>
<action no="2" player="scrg37" type="2" discard="1" dealt="1" sum="20"/>
</round>
<round no="1"><cards type="Pocket" player="oreiasccp">S6 SA</cards>
<cards type="Pocket" player="scrg37">X X</cards>
<cards type="Pocket" player="najlepsi1">CA S2</cards>
<action no="3" player="najlepsi1" type="3" discard="1" dealt="1" sum="20"/>
<action no="4" player="oreiasccp" type="23" sum="460"/>
<action no="5" player="scrg37" type="0" discard="1" dealt="1" sum="0"/>
<action no="6" player="najlepsi1" type="3" discard="1" dealt="1" sum="440"/>
</round>
<round no="2"><cards type="Flop">DK S9 D5</cards>
</round>
<round no="3"><cards type="Turn">H5</cards>
</round>
<round no="4"><cards type="River">H7</cards>
</round>
</game>
<game gamecode="11540719070"><general><startdate>2025-06-29 11:33:08</startdate>
<round>1</round>
<failsafecounter/>
<players><player seat="10" name="najlepsi1" chips="550" dealer="0" win="0" bet="63" muck="1" rebuy="0" addon="0" merge="0" rebuychips="0" reg_code="8394294385"/>
<player seat="3" name="oreiasccp" chips="470" dealer="1" win="136" bet="173" muck="1" rebuy="0" addon="0" merge="0" rebuychips="0" reg_code="8394294328"/>
<player seat="6" name="scrg37" chips="480" dealer="0" win="0" bet="10" muck="1" rebuy="0" addon="0" merge="0" rebuychips="0" reg_code="8394294378"/>
</players>
</general>
<round no="0"><action no="1" player="scrg37" type="1" discard="1" dealt="1" sum="10"/>
<action no="2" player="najlepsi1" type="2" discard="1" dealt="1" sum="20"/>
</round>
<round no="1"><cards type="Pocket" player="najlepsi1">X X</cards>
<cards type="Pocket" player="oreiasccp">HA HK</cards>
<cards type="Pocket" player="scrg37">X X</cards>
<action no="3" player="oreiasccp" type="23" sum="40"/>
<action no="4" player="scrg37" type="0" discard="1" dealt="1" sum="0"/>
<action no="5" player="najlepsi1" type="3" discard="1" dealt="1" sum="20"/>
</round>
<round no="2"><cards type="Flop">H9 D2 CA</cards>
<action no="6" player="najlepsi1" type="4" discard="1" dealt="1" sum="0"/>
<action no="7" player="oreiasccp" type="5" sum="23"/>
<action no="8" player="najlepsi1" type="3" discard="1" dealt="1" sum="23"/>
</round>
<round no="3"><cards type="Turn">S8</cards>
<action no="9" player="najlepsi1" type="4" discard="1" dealt="1" sum="0"/>
<action no="10" player="oreiasccp" type="5" sum="110"/>
<action no="11" player="najlepsi1" type="0" discard="1" dealt="1" sum="0"/>
</round>
</game>
<game gamecode="11540719186"><general><startdate>2025-06-29 11:33:32</startdate>
<round>1</round>
<failsafecounter/>
<players><player seat="3" name="oreiasccp" chips="543" dealer="0" win="40" bet="60" muck="1" rebuy="0" addon="0" merge="0" rebuychips="0" reg_code="8394294328"/>
<player seat="6" name="scrg37" chips="470" dealer="1" win="0" bet="0" muck="1" rebuy="0" addon="0" merge="0" rebuychips="0" reg_code="8394294378"/>
<player seat="10" name="najlepsi1" chips="487" dealer="0" win="0" bet="20" muck="1" rebuy="0" addon="0" merge="0" rebuychips="0" reg_code="8394294385"/>
</players>
</general>
<round no="0"><action no="1" player="najlepsi1" type="1" discard="1" dealt="1" sum="10"/>
<action no="2" player="oreiasccp" type="2" sum="20"/>
</round>
<round no="1"><cards type="Pocket" player="scrg37">X X</cards>
<cards type="Pocket" player="oreiasccp">D10 CQ</cards>
<cards type="Pocket" player="najlepsi1">X X</cards>
<action no="3" player="scrg37" type="0" discard="1" dealt="1" sum="0"/>
<action no="4" player="najlepsi1" type="3" discard="1" dealt="1" sum="10"/>
<action no="5" player="oreiasccp" type="4" sum="0"/>
</round>
<round no="2"><cards type="Flop">C3 SK H8</cards>
<action no="6" player="najlepsi1" type="4" discard="1" dealt="1" sum="0"/>
<action no="7" player="oreiasccp" type="4" sum="0"/>
</round>
<round no="3"><cards type="Turn">D9</cards>
<action no="8" player="najlepsi1" type="4" discard="1" dealt="1" sum="0"/>
<action no="9" player="oreiasccp" type="4" sum="0"/>
</round>
<round no="4"><cards type="River">CJ</cards>
<action no="10" player="najlepsi1" type="4" discard="1" dealt="1" sum="0"/>
<action no="11" player="oreiasccp" type="5" sum="40"/>
<action no="12" player="najlepsi1" type="0" discard="1" dealt="1" sum="0"/>
</round>
</game>
<game gamecode="11540719314"><general><startdate>2025-06-29 11:33:59</startdate>
<round>1</round>
<failsafecounter/>
<players><player seat="6" name="scrg37" chips="470" dealer="0" win="0" bet="20" muck="1" rebuy="0" addon="0" merge="0" rebuychips="0" reg_code="8394294378"/>
<player seat="10" name="najlepsi1" chips="467" dealer="1" win="0" bet="0" muck="1" rebuy="0" addon="0" merge="0" rebuychips="0" reg_code="8394294385"/>
<player seat="3" name="oreiasccp" chips="563" dealer="0" win="40" bet="40" muck="1" rebuy="0" addon="0" merge="0" rebuychips="0" reg_code="8394294328"/>
</players>
</general>
<round no="0"><action no="1" player="oreiasccp" type="1" sum="10"/>
<action no="2" player="scrg37" type="2" discard="1" dealt="1" sum="20"/>
</round>
<round no="1"><cards type="Pocket" player="najlepsi1">X X</cards>
<cards type="Pocket" player="scrg37">X X</cards>
<cards type="Pocket" player="oreiasccp">S5 S3</cards>
<action no="3" player="najlepsi1" type="0" discard="1" dealt="1" sum="0"/>
<action no="4" player="oreiasccp" type="23" sum="40"/>
<action no="5" player="scrg37" type="0" discard="1" dealt="1" sum="0"/>
</round>
</game>
<game gamecode="11540719375"><general><startdate>2025-06-29 11:34:10</startdate>
<round>1</round>
<failsafecounter/>
<players><player seat="10" name="najlepsi1" chips="467" dealer="0" win="80" bet="40" muck="0" rebuy="0" addon="0" merge="0" rebuychips="0" reg_code="8394294385"/>
<player seat="3" name="oreiasccp" chips="583" dealer="1" win="0" bet="0" muck="1" rebuy="0" addon="0" merge="0" rebuychips="0" reg_code="8394294328"/>
<player seat="6" name="scrg37" chips="450" dealer="0" win="0" bet="40" muck="1" rebuy="0" addon="0" merge="0" rebuychips="0" reg_code="8394294378"/>
</players>
</general>
<round no="0"><action no="1" player="scrg37" type="1" discard="1" dealt="1" sum="10"/>
<action no="2" player="najlepsi1" type="2" discard="1" dealt="1" sum="20"/>
</round>
<round no="1"><cards type="Pocket" player="scrg37">S6 CK</cards>
<cards type="Pocket" player="najlepsi1">DA S3</cards>
<cards type="Pocket" player="oreiasccp">C8 DJ</cards>
<action no="3" player="oreiasccp" type="0" sum="0"/>
<action no="4" player="scrg37" type="23" discard="1" dealt="1" sum="40"/>
<action no="5" player="najlepsi1" type="3" discard="1" dealt="1" sum="20"/>
</round>
<round no="2"><cards type="Flop">CJ S9 S4</cards>
<action no="6" player="scrg37" type="4" discard="1" dealt="1" sum="0"/>
<action no="7" player="najlepsi1" type="4" discard="1" dealt="1" sum="0"/>
</round>
<round no="3"><cards type="Turn">C9</cards>
<action no="8" player="scrg37" type="4" discard="1" dealt="1" sum="0"/>
<action no="9" player="najlepsi1" type="4" discard="1" dealt="1" sum="0"/>
</round>
<round no="4"><cards type="River">SJ</cards>
<action no="10" player="scrg37" type="4" discard="1" dealt="1" sum="0"/>
<action no="11" player="najlepsi1" type="4" discard="1" dealt="1" sum="0"/>
</round>
</game>
<game gamecode="11540719487"><general><startdate>2025-06-29 11:34:35</startdate>
<round>1</round>
<failsafecounter/>
<players><player seat="3" name="oreiasccp" chips="583" dealer="0" win="75" bet="80" muck="1" rebuy="0" addon="0" merge="0" rebuychips="0" reg_code="8394294328"/>
<player seat="6" name="scrg37" chips="410" dealer="1" win="0" bet="5" muck="1" rebuy="0" addon="0" merge="0" rebuychips="0" reg_code="8394294378"/>
<player seat="10" name="najlepsi1" chips="507" dealer="0" win="0" bet="35" muck="1" rebuy="0" addon="0" merge="0" rebuychips="0" reg_code="8394294385"/>
</players>
</general>
<round no="0"><action no="1" player="najlepsi1" type="15" discard="1" dealt="1" sum="5"/>
<action no="2" player="oreiasccp" type="15" sum="5"/>
<action no="3" player="scrg37" type="15" discard="1" dealt="1" sum="5"/>
<action no="4" player="najlepsi1" type="1" discard="1" dealt="1" sum="15"/>
<action no="5" player="oreiasccp" type="2" sum="30"/>
</round>
<round no="1"><cards type="Pocket" player="scrg37">X X</cards>
<cards type="Pocket" player="oreiasccp">C7 H7</cards>
<cards type="Pocket" player="najlepsi1">X X</cards>
<action no="6" player="scrg37" type="0" discard="1" dealt="1" sum="0"/>
<action no="7" player="najlepsi1" type="3" discard="1" dealt="1" sum="15"/>
<action no="8" player="oreiasccp" type="23" sum="75"/>
<action no="9" player="najlepsi1" type="0" discard="1" dealt="1" sum="0"/>
</round>
</game>
<game gamecode="11540719536"><general><startdate>2025-06-29 11:34:46</startdate>
<round>1</round>
<failsafecounter/>
<players><player seat="6" name="scrg37" chips="405" dealer="0" win="90" bet="35" muck="0" rebuy="0" addon="0" merge="0" rebuychips="0" reg_code="8394294378"/>
<player seat="10" name="najlepsi1" chips="472" dealer="1" win="0" bet="35" muck="1" rebuy="0" addon="0" merge="0" rebuychips="0" reg_code="8394294385"/>
<player seat="3" name="oreiasccp" chips="623" dealer="0" win="0" bet="20" muck="1" rebuy="0" addon="0" merge="0" rebuychips="0" reg_code="8394294328"/>
</players>
</general>
<round no="0"><action no="1" player="oreiasccp" type="15" sum="5"/>
<action no="2" player="scrg37" type="15" discard="1" dealt="1" sum="5"/>
<action no="3" player="najlepsi1" type="15" discard="1" dealt="1" sum="5"/>
<action no="4" player="oreiasccp" type="1" sum="15"/>
<action no="5" player="scrg37" type="2" discard="1" dealt="1" sum="30"/>
</round>
<round no="1"><cards type="Pocket" player="scrg37">C2 C4</cards>
<cards type="Pocket" player="oreiasccp">C6 D8</cards>
<cards type="Pocket" player="najlepsi1">HA H9</cards>
<action no="6" player="najlepsi1" type="3" discard="1" dealt="1" sum="30"/>
<action no="7" player="oreiasccp" type="0" sum="0"/>
<action no="8" player="scrg37" type="4" discard="1" dealt="1" sum="0"/>
</round>
<round no="2"><cards type="Flop">C10 DJ D5</cards>
<action no="9" player="scrg37" type="4" discard="1" dealt="1" sum="0"/>
<action no="10" player="najlepsi1" type="4" discard="1" dealt="1" sum="0"/>
</round>
<round no="3"><cards type="Turn">D4</cards>
<action no="11" player="scrg37" type="4" discard="1" dealt="1" sum="0"/>
<action no="12" player="najlepsi1" type="4" discard="1" dealt="1" sum="0"/>
</round>
<round no="4"><cards type="River">HK</cards>
<action no="13" player="scrg37" type="4" discard="1" dealt="1" sum="0"/>
<action no="14" player="najlepsi1" type="4" discard="1" dealt="1" sum="0"/>
</round>
</game>
<game gamecode="11540724053"><general><startdate>2025-06-29 11:35:16</startdate>
<round>1</round>
<failsafecounter/>
<players><player seat="10" name="najlepsi1" chips="437" dealer="0" win="894" bet="437" muck="0" rebuy="0" addon="0" merge="0" rebuychips="0" reg_code="8394294385"/>
<player seat="3" name="oreiasccp" chips="603" dealer="1" win="0" bet="460" muck="1" rebuy="0" addon="0" merge="0" rebuychips="0" reg_code="8394294328"/>
<player seat="6" name="scrg37" chips="460" dealer="0" win="0" bet="20" muck="1" rebuy="0" addon="0" merge="0" rebuychips="0" reg_code="8394294378"/>
</players>
</general>
<round no="0"><action no="1" player="scrg37" type="15" discard="1" dealt="1" sum="5"/>
<action no="2" player="najlepsi1" type="15" discard="1" dealt="1" sum="5"/>
<action no="3" player="oreiasccp" type="15" sum="5"/>
<action no="4" player="scrg37" type="1" discard="1" dealt="1" sum="15"/>
<action no="5" player="najlepsi1" type="2" discard="1" dealt="1" sum="30"/>
</round>
<round no="1"><cards type="Pocket" player="oreiasccp">D6 CA</cards>
<cards type="Pocket" player="scrg37">X X</cards>
<cards type="Pocket" player="najlepsi1">DJ SA</cards>
<action no="6" player="oreiasccp" type="23" sum="455"/>
<action no="7" player="scrg37" type="0" discard="1" dealt="1" sum="0"/>
<action no="8" player="najlepsi1" type="7" discard="1" dealt="1" sum="402"/>
</round>
<round no="2"><cards type="Flop">CQ D4 HK</cards>
</round>
<round no="3"><cards type="Turn">S2</cards>
</round>
<round no="4"><cards type="River">C7</cards>
</round>
</game>
<game gamecode="11540724142"><general><startdate>2025-06-29 11:35:35</startdate>
<round>1</round>
<failsafecounter/>
<players><player seat="3" name="oreiasccp" chips="166" dealer="0" win="337" bet="166" muck="0" rebuy="0" addon="0" merge="0" rebuychips="0" reg_code="8394294328"/>
<player seat="6" name="scrg37" chips="440" dealer="1" win="0" bet="5" muck="1" rebuy="0" addon="0" merge="0" rebuychips="0" reg_code="8394294378"/>
<player seat="10" name="najlepsi1" chips="894" dealer="0" win="0" bet="166" muck="1" rebuy="0" addon="0" merge="0" rebuychips="0" reg_code="8394294385"/>
</players>
</general>
<round no="0"><action no="1" player="najlepsi1" type="15" discard="1" dealt="1" sum="5"/>
<action no="2" player="oreiasccp" type="15" sum="5"/>
<action no="3" player="scrg37" type="15" discard="1" dealt="1" sum="5"/>
<action no="4" player="najlepsi1" type="1" discard="1" dealt="1" sum="15"/>
<action no="5" player="oreiasccp" type="2" sum="30"/>
</round>
<round no="1"><cards type="Pocket" player="najlepsi1">S9 S8</cards>
<cards type="Pocket" player="oreiasccp">D2 CJ</cards>
<cards type="Pocket" player="scrg37">X X</cards>
<action no="6" player="scrg37" type="0" discard="1" dealt="1" sum="0"/>
<action no="7" player="najlepsi1" type="3" discard="1" dealt="1" sum="15"/>
<action no="8" player="oreiasccp" type="4" sum="0"/>
</round>
<round no="2"><cards type="Flop">C5 DQ C4</cards>
<action no="9" player="najlepsi1" type="4" discard="1" dealt="1" sum="0"/>
<action no="10" player="oreiasccp" type="4" sum="0"/>
</round>
<round no="3"><cards type="Turn">C8</cards>
<action no="11" player="najlepsi1" type="4" discard="1" dealt="1" sum="0"/>
<action no="12" player="oreiasccp" type="5" sum="55"/>
<action no="13" player="najlepsi1" type="3" discard="1" dealt="1" sum="55"/>
</round>
<round no="4"><cards type="River">CA</cards>
<action no="14" player="najlepsi1" type="4" discard="1" dealt="1" sum="0"/>
<action no="15" player="oreiasccp" type="5" sum="76"/>
<action no="16" player="najlepsi1" type="3" discard="1" dealt="1" sum="76"/>
</round>
</game>
<game gamecode="11540724262"><general><startdate>2025-06-29 11:36:01</startdate>
<round>1</round>
<failsafecounter/>
<players><player seat="6" name="scrg37" chips="435" dealer="0" win="0" bet="35" muck="1" rebuy="0" addon="0" merge="0" rebuychips="0" reg_code="8394294378"/>
<player seat="10" name="najlepsi1" chips="728" dealer="1" win="0" bet="35" muck="1" rebuy="0" addon="0" merge="0" rebuychips="0" reg_code="8394294385"/>
<player seat="3" name="oreiasccp" chips="337" dealer="0" win="105" bet="337" muck="1" rebuy="0" addon="0" merge="0" rebuychips="0" reg_code="8394294328"/>
</players>
</general>
<round no="0"><action no="1" player="oreiasccp" type="15" sum="5"/>
<action no="2" player="scrg37" type="15" discard="1" dealt="1" sum="5"/>
<action no="3" player="najlepsi1" type="15" discard="1" dealt="1" sum="5"/>
<action no="4" player="oreiasccp" type="1" sum="15"/>
<action no="5" player="scrg37" type="2" discard="1" dealt="1" sum="30"/>
</round>
<round no="1"><cards type="Pocket" player="oreiasccp">H3 D3</cards>
<cards type="Pocket" player="najlepsi1">X X</cards>
<cards type="Pocket" player="scrg37">X X</cards>
<action no="6" player="najlepsi1" type="3" discard="1" dealt="1" sum="30"/>
<action no="7" player="oreiasccp" type="23" sum="332"/>
<action no="8" player="scrg37" type="0" discard="1" dealt="1" sum="0"/>
<action no="9" player="najlepsi1" type="0" discard="1" dealt="1" sum="0"/>
</round>
</game>
<game gamecode="11540724320"><general><startdate>2025-06-29 11:36:13</startdate>
<round>1</round>
<failsafecounter/>
<players><player seat="10" name="najlepsi1" chips="693" dealer="0" win="45" bet="35" muck="1" rebuy="0" addon="0" merge="0" rebuychips="0" reg_code="8394294385"/>
<player seat="3" name="oreiasccp" chips="407" dealer="1" win="0" bet="5" muck="1" rebuy="0" addon="0" merge="0" rebuychips="0" reg_code="8394294328"/>
<player seat="6" name="scrg37" chips="400" dealer="0" win="0" bet="20" muck="1" rebuy="0" addon="0" merge="0" rebuychips="0" reg_code="8394294378"/>
</players>
</general>
<round no="0"><action no="1" player="scrg37" type="15" discard="1" dealt="1" sum="5"/>
<action no="2" player="najlepsi1" type="15" discard="1" dealt="1" sum="5"/>
<action no="3" player="oreiasccp" type="15" sum="5"/>
<action no="4" player="scrg37" type="1" discard="1" dealt="1" sum="15"/>
<action no="5" player="najlepsi1" type="2" discard="1" dealt="1" sum="30"/>
</round>
<round no="1"><cards type="Pocket" player="scrg37">X X</cards>
<cards type="Pocket" player="najlepsi1">X X</cards>
<cards type="Pocket" player="oreiasccp">CJ S2</cards>
<action no="6" player="oreiasccp" type="0" sum="0"/>
<action no="7" player="scrg37" type="0" discard="1" dealt="1" sum="0"/>
</round>
</game>
<game gamecode="11540724357"><general><startdate>2025-06-29 11:36:22</startdate>
<round>1</round>
<failsafecounter/>
<players><player seat="3" name="oreiasccp" chips="402" dealer="0" win="0" bet="402" muck="0" rebuy="0" addon="0" merge="0" rebuychips="0" reg_code="8394294328"/>
<player seat="6" name="scrg37" chips="380" dealer="1" win="0" bet="5" muck="1" rebuy="0" addon="0" merge="0" rebuychips="0" reg_code="8394294378"/>
<player seat="10" name="najlepsi1" chips="718" dealer="0" win="809" bet="402" muck="0" rebuy="0" addon="0" merge="0" rebuychips="0" reg_code="8394294385"/>
</players>
</general>
<round no="0"><action no="1" player="najlepsi1" type="15" discard="1" dealt="1" sum="5"/>
<action no="2" player="oreiasccp" type="15" sum="5"/>
<action no="3" player="scrg37" type="15" discard="1" dealt="1" sum="5"/>
<action no="4" player="najlepsi1" type="1" discard="1" dealt="1" sum="20"/>
<action no="5" player="oreiasccp" type="2" sum="40"/>
</round>
<round no="1"><cards type="Pocket" player="najlepsi1">DA HK</cards>
<cards type="Pocket" player="scrg37">X X</cards>
<cards type="Pocket" player="oreiasccp">SK D6</cards>
<action no="6" player="scrg37" type="0" discard="1" dealt="1" sum="0"/>
<action no="7" player="najlepsi1" type="3" discard="1" dealt="1" sum="20"/>
<action no="8" player="oreiasccp" type="23" sum="397"/>
<action no="9" player="najlepsi1" type="3" discard="1" dealt="1" sum="357"/>
</round>
<round no="2"><cards type="Flop">C5 CQ S5</cards>
</round>
<round no="3"><cards type="Turn">DQ</cards>
</round>
<round no="4"><cards type="River">H4</cards>
</round>
</game>
</session>
