<?xml version="1.0" encoding="UTF-8"?>
<session sessioncode="8394285244">
<general>
<client_version>25.1.1.13</client_version>
<mode>real</mode>
<gametype>Holdem NL</gametype>
<tablename>Twister €5 SNG, 1128854111</tablename>
<tournamentcode>1128854110</tournamentcode>
<tournamentname>Twister €5 SNG</tournamentname>
<buyin>€0 + €0.35 + €4.65</buyin>
<totalbuyin>€5</totalbuyin>
<rewarddrawn>€15</rewarddrawn>
<tournamentcurrency>EUR</tournamentcurrency>
<currency>EUR</currency>
<nickname>oreiasccp</nickname>
<gamecount>1</gamecount>
<startdate>2025-06-29 11:05:54</startdate>
<place>2</place>
<win>€0</win>
<tablesize>3</tablesize>
</general>
<game gamecode="11540693999"><general><startdate>2025-06-29 11:06:09</startdate>
<round>1</round>
<failsafecounter/>
<players><player seat="6" name="oreiasccp" chips="500" dealer="0" win="0" bet="500" muck="1" rebuy="0" addon="0" merge="0" rebuychips="0" reg_code="8394285244"/>
<player seat="10" name="MinRaiseManiac" chips="500" dealer="1" win="0" bet="500" muck="0" rebuy="0" addon="0" merge="0" rebuychips="0" reg_code="8394285276"/>
<player seat="3" name="youpizi847" chips="500" dealer="0" win="1,500" bet="500" muck="0" rebuy="0" addon="0" merge="0" rebuychips="0" reg_code="8394285260"/>
</players>
</general>
<round no="0"><action no="1" player="youpizi847" type="1" discard="1" dealt="1" sum="10"/>
<action no="2" player="oreiasccp" type="2" sum="20"/>
</round>
<round no="1"><cards type="Pocket" player="MinRaiseManiac">HA H10</cards>
<cards type="Pocket" player="youpizi847">D6 SK</cards>
<cards type="Pocket" player="oreiasccp">S10 D10</cards>
<action no="3" player="MinRaiseManiac" type="23" discard="1" dealt="1" sum="40"/>
<action no="4" player="youpizi847" type="3" discard="1" dealt="1" sum="30"/>
<action no="5" player="oreiasccp" type="23" sum="500"/>
<action no="6" player="MinRaiseManiac" type="7" discard="1" dealt="1" sum="460"/>
<action no="7" player="youpizi847" type="7" discard="1" dealt="1" sum="460"/>
</round>
<round no="2"><cards type="Flop">CK C9 D2</cards>
</round>
<round no="3"><cards type="Turn">S8</cards>
</round>
<round no="4"><cards type="River">D8</cards>
</round>
</game>
</session>
