<?xml version="1.0" encoding="UTF-8"?>
<session sessioncode="8394280957">
<general>
<client_version>25.1.1.13</client_version>
<mode>real</mode>
<gametype>Holdem NL</gametype>
<tablename>Twister €5 SNG, 1128853562</tablename>
<tournamentcode>1128853561</tournamentcode>
<tournamentname>Twister €5 SNG</tournamentname>
<buyin>€0 + €0.35 + €4.65</buyin>
<totalbuyin>€5</totalbuyin>
<rewarddrawn>€10</rewarddrawn>
<tournamentcurrency>EUR</tournamentcurrency>
<currency>EUR</currency>
<nickname>oreiasccp</nickname>
<gamecount>8</gamecount>
<startdate>2025-06-29 10:54:09</startdate>
<place>3</place>
<win>€0</win>
<tablesize>3</tablesize>
</general>
<game gamecode="11540686280"><general><startdate>2025-06-29 10:54:25</startdate>
<round>1</round>
<failsafecounter/>
<players><player seat="6" name="oreiasccp" chips="500" dealer="0" win="210" bet="140" muck="1" rebuy="0" addon="0" merge="0" rebuychips="0" reg_code="8394280957"/>
<player seat="10" name="Kodmann666" chips="500" dealer="1" win="0" bet="100" muck="1" rebuy="0" addon="0" merge="0" rebuychips="0" reg_code="8394280984"/>
<player seat="3" name="propheticstone7" chips="500" dealer="0" win="0" bet="10" muck="1" rebuy="0" addon="0" merge="0" rebuychips="0" reg_code="8394280904"/>
</players>
</general>
<round no="0"><action no="1" player="propheticstone7" type="1" discard="1" dealt="1" sum="10"/>
<action no="2" player="oreiasccp" type="2" sum="20"/>
</round>
<round no="1"><cards type="Pocket" player="oreiasccp">CA DA</cards>
<cards type="Pocket" player="Kodmann666">X X</cards>
<cards type="Pocket" player="propheticstone7">X X</cards>
<action no="3" player="Kodmann666" type="23" discard="1" dealt="1" sum="40"/>
<action no="4" player="propheticstone7" type="0" discard="1" dealt="1" sum="0"/>
<action no="5" player="oreiasccp" type="23" sum="100"/>
<action no="6" player="Kodmann666" type="3" discard="1" dealt="1" sum="60"/>
</round>
<round no="2"><cards type="Flop">D2 CQ C7</cards>
<action no="7" player="oreiasccp" type="5" sum="40"/>
<action no="8" player="Kodmann666" type="0" discard="1" dealt="1" sum="0"/>
</round>
</game>
<game gamecode="11540686358"><general><startdate>2025-06-29 10:54:47</startdate>
<round>1</round>
<failsafecounter/>
<players><player seat="10" name="Kodmann666" chips="400" dealer="0" win="440" bet="220" muck="0" rebuy="0" addon="0" merge="0" rebuychips="0" reg_code="8394280984"/>
<player seat="3" name="propheticstone7" chips="490" dealer="1" win="0" bet="0" muck="1" rebuy="0" addon="0" merge="0" rebuychips="0" reg_code="8394280904"/>
<player seat="6" name="oreiasccp" chips="610" dealer="0" win="0" bet="220" muck="1" rebuy="0" addon="0" merge="0" rebuychips="0" reg_code="8394280957"/>
</players>
</general>
<round no="0"><action no="1" player="oreiasccp" type="1" sum="10"/>
<action no="2" player="Kodmann666" type="2" discard="1" dealt="1" sum="20"/>
</round>
<round no="1"><cards type="Pocket" player="Kodmann666">DQ SJ</cards>
<cards type="Pocket" player="oreiasccp">D10 HQ</cards>
<cards type="Pocket" player="propheticstone7">X X</cards>
<action no="3" player="propheticstone7" type="0" discard="1" dealt="1" sum="0"/>
<action no="4" player="oreiasccp" type="23" sum="40"/>
<action no="5" player="Kodmann666" type="3" discard="1" dealt="1" sum="20"/>
</round>
<round no="2"><cards type="Flop">CJ D6 HK</cards>
<action no="6" player="oreiasccp" type="5" sum="20"/>
<action no="7" player="Kodmann666" type="3" discard="1" dealt="1" sum="20"/>
</round>
<round no="3"><cards type="Turn">SQ</cards>
<action no="8" player="oreiasccp" type="4" sum="0"/>
<action no="9" player="Kodmann666" type="5" discard="1" dealt="1" sum="60"/>
<action no="10" player="oreiasccp" type="3" sum="60"/>
</round>
<round no="4"><cards type="River">C7</cards>
<action no="11" player="oreiasccp" type="4" sum="0"/>
<action no="12" player="Kodmann666" type="5" discard="1" dealt="1" sum="100"/>
<action no="13" player="oreiasccp" type="3" sum="100"/>
</round>
</game>
<game gamecode="11540686513"><general><startdate>2025-06-29 10:55:27</startdate>
<round>1</round>
<failsafecounter/>
<players><player seat="3" name="propheticstone7" chips="490" dealer="0" win="20" bet="20" muck="1" rebuy="0" addon="0" merge="0" rebuychips="0" reg_code="8394280904"/>
<player seat="6" name="oreiasccp" chips="390" dealer="1" win="0" bet="0" muck="1" rebuy="0" addon="0" merge="0" rebuychips="0" reg_code="8394280957"/>
<player seat="10" name="Kodmann666" chips="620" dealer="0" win="0" bet="10" muck="1" rebuy="0" addon="0" merge="0" rebuychips="0" reg_code="8394280984"/>
</players>
</general>
<round no="0"><action no="1" player="Kodmann666" type="1" discard="1" dealt="1" sum="10"/>
<action no="2" player="propheticstone7" type="2" discard="1" dealt="1" sum="20"/>
</round>
<round no="1"><cards type="Pocket" player="Kodmann666">X X</cards>
<cards type="Pocket" player="propheticstone7">X X</cards>
<cards type="Pocket" player="oreiasccp">H6 S8</cards>
<action no="3" player="oreiasccp" type="0" sum="0"/>
<action no="4" player="Kodmann666" type="0" discard="1" dealt="1" sum="0"/>
</round>
</game>
<game gamecode="11540686552"><general><startdate>2025-06-29 10:55:38</startdate>
<round>1</round>
<failsafecounter/>
<players><player seat="6" name="oreiasccp" chips="390" dealer="0" win="0" bet="20" muck="1" rebuy="0" addon="0" merge="0" rebuychips="0" reg_code="8394280957"/>
<player seat="10" name="Kodmann666" chips="610" dealer="1" win="0" bet="0" muck="1" rebuy="0" addon="0" merge="0" rebuychips="0" reg_code="8394280984"/>
<player seat="3" name="propheticstone7" chips="500" dealer="0" win="40" bet="40" muck="1" rebuy="0" addon="0" merge="0" rebuychips="0" reg_code="8394280904"/>
</players>
</general>
<round no="0"><action no="1" player="propheticstone7" type="1" discard="1" dealt="1" sum="10"/>
<action no="2" player="oreiasccp" type="2" sum="20"/>
</round>
<round no="1"><cards type="Pocket" player="oreiasccp">C2 D10</cards>
<cards type="Pocket" player="Kodmann666">X X</cards>
<cards type="Pocket" player="propheticstone7">X X</cards>
<action no="3" player="Kodmann666" type="0" discard="1" dealt="1" sum="0"/>
<action no="4" player="propheticstone7" type="23" discard="1" dealt="1" sum="40"/>
<action no="5" player="oreiasccp" type="0" sum="0"/>
</round>
</game>
<game gamecode="11540686588"><general><startdate>2025-06-29 10:55:47</startdate>
<round>1</round>
<failsafecounter/>
<players><player seat="10" name="Kodmann666" chips="610" dealer="0" win="370" bet="370" muck="0" rebuy="0" addon="0" merge="0" rebuychips="0" reg_code="8394280984"/>
<player seat="3" name="propheticstone7" chips="520" dealer="1" win="0" bet="0" muck="1" rebuy="0" addon="0" merge="0" rebuychips="0" reg_code="8394280904"/>
<player seat="6" name="oreiasccp" chips="370" dealer="0" win="370" bet="370" muck="0" rebuy="0" addon="0" merge="0" rebuychips="0" reg_code="8394280957"/>
</players>
</general>
<round no="0"><action no="1" player="oreiasccp" type="1" sum="10"/>
<action no="2" player="Kodmann666" type="2" discard="1" dealt="1" sum="20"/>
</round>
<round no="1"><cards type="Pocket" player="oreiasccp">HA H5</cards>
<cards type="Pocket" player="Kodmann666">DA H7</cards>
<cards type="Pocket" player="propheticstone7">X X</cards>
<action no="3" player="propheticstone7" type="0" discard="1" dealt="1" sum="0"/>
<action no="4" player="oreiasccp" type="23" sum="370"/>
<action no="5" player="Kodmann666" type="3" discard="1" dealt="1" sum="350"/>
</round>
<round no="2"><cards type="Flop">D7 SJ CA</cards>
</round>
<round no="3"><cards type="Turn">D2</cards>
</round>
<round no="4"><cards type="River">CJ</cards>
</round>
</game>
<game gamecode="11540686673"><general><startdate>2025-06-29 10:56:07</startdate>
<round>1</round>
<failsafecounter/>
<players><player seat="3" name="propheticstone7" chips="520" dealer="0" win="0" bet="180" muck="1" rebuy="0" addon="0" merge="0" rebuychips="0" reg_code="8394280904"/>
<player seat="6" name="oreiasccp" chips="370" dealer="1" win="0" bet="0" muck="1" rebuy="0" addon="0" merge="0" rebuychips="0" reg_code="8394280957"/>
<player seat="10" name="Kodmann666" chips="610" dealer="0" win="360" bet="180" muck="0" rebuy="0" addon="0" merge="0" rebuychips="0" reg_code="8394280984"/>
</players>
</general>
<round no="0"><action no="1" player="Kodmann666" type="1" discard="1" dealt="1" sum="10"/>
<action no="2" player="propheticstone7" type="2" discard="1" dealt="1" sum="20"/>
</round>
<round no="1"><cards type="Pocket" player="oreiasccp">S2 H3</cards>
<cards type="Pocket" player="propheticstone7">CQ CJ</cards>
<cards type="Pocket" player="Kodmann666">D2 C3</cards>
<action no="3" player="oreiasccp" type="0" sum="0"/>
<action no="4" player="Kodmann666" type="3" discard="1" dealt="1" sum="10"/>
<action no="5" player="propheticstone7" type="23" discard="1" dealt="1" sum="60"/>
<action no="6" player="Kodmann666" type="3" discard="1" dealt="1" sum="40"/>
</round>
<round no="2"><cards type="Flop">SJ H2 D5</cards>
<action no="7" player="Kodmann666" type="4" discard="1" dealt="1" sum="0"/>
<action no="8" player="propheticstone7" type="5" discard="1" dealt="1" sum="40"/>
<action no="9" player="Kodmann666" type="3" discard="1" dealt="1" sum="40"/>
</round>
<round no="3"><cards type="Turn">D3</cards>
<action no="10" player="Kodmann666" type="5" discard="1" dealt="1" sum="80"/>
<action no="11" player="propheticstone7" type="3" discard="1" dealt="1" sum="80"/>
</round>
<round no="4"><cards type="River">H4</cards>
<action no="12" player="Kodmann666" type="4" discard="1" dealt="1" sum="0"/>
<action no="13" player="propheticstone7" type="4" discard="1" dealt="1" sum="0"/>
</round>
</game>
<game gamecode="11540686796"><general><startdate>2025-06-29 10:56:40</startdate>
<round>1</round>
<failsafecounter/>
<players><player seat="6" name="oreiasccp" chips="370" dealer="0" win="0" bet="35" muck="1" rebuy="0" addon="0" merge="0" rebuychips="0" reg_code="8394280957"/>
<player seat="10" name="Kodmann666" chips="790" dealer="1" win="0" bet="5" muck="1" rebuy="0" addon="0" merge="0" rebuychips="0" reg_code="8394280984"/>
<player seat="3" name="propheticstone7" chips="340" dealer="0" win="75" bet="340" muck="1" rebuy="0" addon="0" merge="0" rebuychips="0" reg_code="8394280904"/>
</players>
</general>
<round no="0"><action no="1" player="propheticstone7" type="15" discard="1" dealt="1" sum="5"/>
<action no="2" player="oreiasccp" type="15" sum="5"/>
<action no="3" player="Kodmann666" type="15" discard="1" dealt="1" sum="5"/>
<action no="4" player="propheticstone7" type="1" discard="1" dealt="1" sum="15"/>
<action no="5" player="oreiasccp" type="2" sum="30"/>
</round>
<round no="1"><cards type="Pocket" player="Kodmann666">X X</cards>
<cards type="Pocket" player="propheticstone7">X X</cards>
<cards type="Pocket" player="oreiasccp">C2 S5</cards>
<action no="6" player="Kodmann666" type="0" discard="1" dealt="1" sum="0"/>
<action no="7" player="propheticstone7" type="23" discard="1" dealt="1" sum="335"/>
<action no="8" player="oreiasccp" type="0" sum="0"/>
</round>
</game>
<game gamecode="11540686836"><general><startdate>2025-06-29 10:56:51</startdate>
<round>1</round>
<failsafecounter/>
<players><player seat="10" name="Kodmann666" chips="785" dealer="0" win="675" bet="335" muck="0" rebuy="0" addon="0" merge="0" rebuychips="0" reg_code="8394280984"/>
<player seat="3" name="propheticstone7" chips="380" dealer="1" win="0" bet="5" muck="1" rebuy="0" addon="0" merge="0" rebuychips="0" reg_code="8394280904"/>
<player seat="6" name="oreiasccp" chips="335" dealer="0" win="0" bet="335" muck="0" rebuy="0" addon="0" merge="0" rebuychips="0" reg_code="8394280957"/>
</players>
</general>
<round no="0"><action no="1" player="oreiasccp" type="15" sum="5"/>
<action no="2" player="Kodmann666" type="15" discard="1" dealt="1" sum="5"/>
<action no="3" player="propheticstone7" type="15" discard="1" dealt="1" sum="5"/>
<action no="4" player="oreiasccp" type="1" sum="15"/>
<action no="5" player="Kodmann666" type="2" discard="1" dealt="1" sum="30"/>
</round>
<round no="1"><cards type="Pocket" player="Kodmann666">H8 SA</cards>
<cards type="Pocket" player="propheticstone7">X X</cards>
<cards type="Pocket" player="oreiasccp">CJ CK</cards>
<action no="6" player="propheticstone7" type="0" discard="1" dealt="1" sum="0"/>
<action no="7" player="oreiasccp" type="23" sum="330"/>
<action no="8" player="Kodmann666" type="3" discard="1" dealt="1" sum="300"/>
</round>
<round no="2"><cards type="Flop">D5 DA C3</cards>
</round>
<round no="3"><cards type="Turn">S4</cards>
</round>
<round no="4"><cards type="River">S3</cards>
</round>
</game>
</session>
