<?xml version="1.0" encoding="UTF-8"?>
<session sessioncode="8394249491">
<general>
<client_version>25.1.1.13</client_version>
<mode>real</mode>
<gametype>Holdem NL</gametype>
<tablename>Twister €10 SNG, 1128848688</tablename>
<tournamentcode>1128848687</tournamentcode>
<tournamentname>Twister €10 SNG</tournamentname>
<buyin>€0 + €0.70 + €9.30</buyin>
<totalbuyin>€10</totalbuyin>
<rewarddrawn>€30</rewarddrawn>
<tournamentcurrency>EUR</tournamentcurrency>
<currency>EUR</currency>
<nickname>oreiasccp</nickname>
<gamecount>21</gamecount>
<startdate>2025-06-29 09:08:16</startdate>
<place>2</place>
<win>€0</win>
<tablesize>3</tablesize>
</general>
<game gamecode="11540598950"><general><startdate>2025-06-29 09:08:31</startdate>
<round>1</round>
<failsafecounter/>
<players><player seat="10" name="Alex032024" chips="500" dealer="0" win="120" bet="130" muck="1" rebuy="0" addon="0" merge="0" rebuychips="0" reg_code="8394249672"/>
<player seat="3" name="Kuzzanagi" chips="500" dealer="1" win="0" bet="0" muck="1" rebuy="0" addon="0" merge="0" rebuychips="0" reg_code="8394249410"/>
<player seat="6" name="oreiasccp" chips="500" dealer="0" win="0" bet="60" muck="1" rebuy="0" addon="0" merge="0" rebuychips="0" reg_code="8394249491"/>
</players>
</general>
<round no="0"><action no="1" player="oreiasccp" type="1" sum="10"/>
<action no="2" player="Alex032024" type="2" discard="1" dealt="1" sum="20"/>
</round>
<round no="1"><cards type="Pocket" player="Alex032024">X X</cards>
<cards type="Pocket" player="Kuzzanagi">X X</cards>
<cards type="Pocket" player="oreiasccp">CJ CA</cards>
<action no="3" player="Kuzzanagi" type="0" discard="1" dealt="1" sum="0"/>
<action no="4" player="oreiasccp" type="23" sum="60"/>
<action no="5" player="Alex032024" type="3" discard="1" dealt="1" sum="40"/>
</round>
<round no="2"><cards type="Flop">S3 H5 C4</cards>
<action no="6" player="oreiasccp" type="4" sum="0"/>
<action no="7" player="Alex032024" type="5" discard="1" dealt="1" sum="70"/>
<action no="8" player="oreiasccp" type="0" sum="0"/>
</round>
</game>
<game gamecode="11540599017"><general><startdate>2025-06-29 09:08:52</startdate>
<round>1</round>
<failsafecounter/>
<players><player seat="3" name="Kuzzanagi" chips="500" dealer="0" win="60" bet="60" muck="0" rebuy="0" addon="0" merge="0" rebuychips="0" reg_code="8394249410"/>
<player seat="6" name="oreiasccp" chips="440" dealer="1" win="0" bet="0" muck="1" rebuy="0" addon="0" merge="0" rebuychips="0" reg_code="8394249491"/>
<player seat="10" name="Alex032024" chips="560" dealer="0" win="60" bet="60" muck="0" rebuy="0" addon="0" merge="0" rebuychips="0" reg_code="8394249672"/>
</players>
</general>
<round no="0"><action no="1" player="Alex032024" type="1" discard="1" dealt="1" sum="10"/>
<action no="2" player="Kuzzanagi" type="2" discard="1" dealt="1" sum="20"/>
</round>
<round no="1"><cards type="Pocket" player="Kuzzanagi">C6 HK</cards>
<cards type="Pocket" player="oreiasccp">C9 H2</cards>
<cards type="Pocket" player="Alex032024">CA SQ</cards>
<action no="3" player="oreiasccp" type="0" sum="0"/>
<action no="4" player="Alex032024" type="23" discard="1" dealt="1" sum="60"/>
<action no="5" player="Kuzzanagi" type="3" discard="1" dealt="1" sum="40"/>
</round>
<round no="2"><cards type="Flop">C4 H5 C5</cards>
<action no="6" player="Alex032024" type="4" discard="1" dealt="1" sum="0"/>
<action no="7" player="Kuzzanagi" type="4" discard="1" dealt="1" sum="0"/>
</round>
<round no="3"><cards type="Turn">D5</cards>
<action no="8" player="Alex032024" type="4" discard="1" dealt="1" sum="0"/>
<action no="9" player="Kuzzanagi" type="4" discard="1" dealt="1" sum="0"/>
</round>
<round no="4"><cards type="River">D4</cards>
<action no="10" player="Alex032024" type="4" discard="1" dealt="1" sum="0"/>
<action no="11" player="Kuzzanagi" type="4" discard="1" dealt="1" sum="0"/>
</round>
</game>
<game gamecode="11540599152"><general><startdate>2025-06-29 09:09:32</startdate>
<round>1</round>
<failsafecounter/>
<players><player seat="6" name="oreiasccp" chips="440" dealer="0" win="20" bet="20" muck="1" rebuy="0" addon="0" merge="0" rebuychips="0" reg_code="8394249491"/>
<player seat="10" name="Alex032024" chips="560" dealer="1" win="0" bet="0" muck="1" rebuy="0" addon="0" merge="0" rebuychips="0" reg_code="8394249672"/>
<player seat="3" name="Kuzzanagi" chips="500" dealer="0" win="0" bet="10" muck="1" rebuy="0" addon="0" merge="0" rebuychips="0" reg_code="8394249410"/>
</players>
</general>
<round no="0"><action no="1" player="Kuzzanagi" type="1" discard="1" dealt="1" sum="10"/>
<action no="2" player="oreiasccp" type="2" sum="20"/>
</round>
<round no="1"><cards type="Pocket" player="Kuzzanagi">X X</cards>
<cards type="Pocket" player="oreiasccp">C7 C8</cards>
<cards type="Pocket" player="Alex032024">X X</cards>
<action no="3" player="Alex032024" type="0" discard="1" dealt="1" sum="0"/>
<action no="4" player="Kuzzanagi" type="0" discard="1" dealt="1" sum="0"/>
</round>
</game>
<game gamecode="11540599195"><general><startdate>2025-06-29 09:09:45</startdate>
<round>1</round>
<failsafecounter/>
<players><player seat="10" name="Alex032024" chips="560" dealer="0" win="0" bet="560" muck="0" rebuy="0" addon="0" merge="0" rebuychips="0" reg_code="8394249672"/>
<player seat="3" name="Kuzzanagi" chips="490" dealer="1" win="0" bet="0" muck="1" rebuy="0" addon="0" merge="0" rebuychips="0" reg_code="8394249410"/>
<player seat="6" name="oreiasccp" chips="450" dealer="0" win="900" bet="450" muck="0" rebuy="0" addon="0" merge="0" rebuychips="0" reg_code="8394249491"/>
</players>
</general>
<round no="0"><action no="1" player="oreiasccp" type="1" sum="10"/>
<action no="2" player="Alex032024" type="2" discard="1" dealt="1" sum="20"/>
</round>
<round no="1"><cards type="Pocket" player="Alex032024">D7 SJ</cards>
<cards type="Pocket" player="Kuzzanagi">X X</cards>
<cards type="Pocket" player="oreiasccp">H9 H4</cards>
<action no="3" player="Kuzzanagi" type="0" discard="1" dealt="1" sum="0"/>
<action no="4" player="oreiasccp" type="23" sum="40"/>
<action no="5" player="Alex032024" type="3" discard="1" dealt="1" sum="20"/>
</round>
<round no="2"><cards type="Flop">C5 D3 S4</cards>
<action no="6" player="oreiasccp" type="4" sum="0"/>
<action no="7" player="Alex032024" type="5" discard="1" dealt="1" sum="26"/>
<action no="8" player="oreiasccp" type="3" sum="26"/>
</round>
<round no="3"><cards type="Turn">DK</cards>
<action no="9" player="oreiasccp" type="4" sum="0"/>
<action no="10" player="Alex032024" type="5" discard="1" dealt="1" sum="87"/>
<action no="11" player="oreiasccp" type="3" sum="87"/>
</round>
<round no="4"><cards type="River">C4</cards>
<action no="12" player="oreiasccp" type="4" sum="0"/>
<action no="13" player="Alex032024" type="5" discard="1" dealt="1" sum="407"/>
<action no="14" player="oreiasccp" type="7" sum="297"/>
</round>
</game>
<game gamecode="11540599299"><general><startdate>2025-06-29 09:10:14</startdate>
<round>1</round>
<failsafecounter/>
<players><player seat="3" name="Kuzzanagi" chips="490" dealer="0" win="136" bet="100" muck="1" rebuy="0" addon="0" merge="0" rebuychips="0" reg_code="8394249410"/>
<player seat="6" name="oreiasccp" chips="900" dealer="1" win="0" bet="63" muck="1" rebuy="0" addon="0" merge="0" rebuychips="0" reg_code="8394249491"/>
<player seat="10" name="Alex032024" chips="110" dealer="0" win="0" bet="10" muck="1" rebuy="0" addon="0" merge="0" rebuychips="0" reg_code="8394249672"/>
</players>
</general>
<round no="0"><action no="1" player="Alex032024" type="1" discard="1" dealt="1" sum="10"/>
<action no="2" player="Kuzzanagi" type="2" discard="1" dealt="1" sum="20"/>
</round>
<round no="1"><cards type="Pocket" player="Alex032024">X X</cards>
<cards type="Pocket" player="Kuzzanagi">X X</cards>
<cards type="Pocket" player="oreiasccp">H10 SJ</cards>
<action no="3" player="oreiasccp" type="23" sum="40"/>
<action no="4" player="Alex032024" type="0" discard="1" dealt="1" sum="0"/>
<action no="5" player="Kuzzanagi" type="3" discard="1" dealt="1" sum="20"/>
</round>
<round no="2"><cards type="Flop">D3 D6 C3</cards>
<action no="6" player="Kuzzanagi" type="4" discard="1" dealt="1" sum="0"/>
<action no="7" player="oreiasccp" type="5" sum="23"/>
<action no="8" player="Kuzzanagi" type="23" discard="1" dealt="1" sum="60"/>
<action no="9" player="oreiasccp" type="0" sum="0"/>
</round>
</game>
<game gamecode="11540599376"><general><startdate>2025-06-29 09:10:40</startdate>
<round>1</round>
<failsafecounter/>
<players><player seat="6" name="oreiasccp" chips="837" dealer="0" win="220" bet="100" muck="0" rebuy="0" addon="0" merge="0" rebuychips="0" reg_code="8394249491"/>
<player seat="10" name="Alex032024" chips="100" dealer="1" win="0" bet="100" muck="0" rebuy="0" addon="0" merge="0" rebuychips="0" reg_code="8394249672"/>
<player seat="3" name="Kuzzanagi" chips="563" dealer="0" win="0" bet="20" muck="1" rebuy="0" addon="0" merge="0" rebuychips="0" reg_code="8394249410"/>
</players>
</general>
<round no="0"><action no="1" player="Kuzzanagi" type="15" discard="1" dealt="1" sum="5"/>
<action no="2" player="oreiasccp" type="15" sum="5"/>
<action no="3" player="Alex032024" type="15" discard="1" dealt="1" sum="5"/>
<action no="4" player="Kuzzanagi" type="1" discard="1" dealt="1" sum="15"/>
<action no="5" player="oreiasccp" type="2" sum="30"/>
</round>
<round no="1"><cards type="Pocket" player="oreiasccp">HK SA</cards>
<cards type="Pocket" player="Alex032024">C10 H7</cards>
<cards type="Pocket" player="Kuzzanagi">X X</cards>
<action no="6" player="Alex032024" type="23" discard="1" dealt="1" sum="95"/>
<action no="7" player="Kuzzanagi" type="0" discard="1" dealt="1" sum="0"/>
<action no="8" player="oreiasccp" type="3" sum="65"/>
</round>
<round no="2"><cards type="Flop">D8 H5 SQ</cards>
</round>
<round no="3"><cards type="Turn">DQ</cards>
</round>
<round no="4"><cards type="River">CQ</cards>
</round>
</game>
<game gamecode="11540599439"><general><startdate>2025-06-29 09:11:01</startdate>
<round>1</round>
<failsafecounter/>
<players><player seat="6" name="oreiasccp" chips="957" dealer="0" win="130" bet="543" muck="1" rebuy="0" addon="0" merge="0" rebuychips="0" reg_code="8394249491"/>
<player seat="3" name="Kuzzanagi" chips="543" dealer="1" win="0" bet="65" muck="1" rebuy="0" addon="0" merge="0" rebuychips="0" reg_code="8394249410"/>
</players>
</general>
<round no="0"><action no="1" player="Kuzzanagi" type="15" discard="1" dealt="1" sum="5"/>
<action no="2" player="oreiasccp" type="15" sum="5"/>
<action no="3" player="Kuzzanagi" type="1" discard="1" dealt="1" sum="15"/>
<action no="4" player="oreiasccp" type="2" sum="30"/>
</round>
<round no="1"><cards type="Pocket" player="Kuzzanagi">X X</cards>
<cards type="Pocket" player="oreiasccp">D6 S6</cards>
<action no="5" player="Kuzzanagi" type="23" discard="1" dealt="1" sum="60"/>
<action no="6" player="oreiasccp" type="23" sum="538"/>
<action no="7" player="Kuzzanagi" type="0" discard="1" dealt="1" sum="0"/>
</round>
</game>
<game gamecode="11540599476"><general><startdate>2025-06-29 09:11:14</startdate>
<round>1</round>
<failsafecounter/>
<players><player seat="3" name="Kuzzanagi" chips="478" dealer="0" win="70" bet="140" muck="1" rebuy="0" addon="0" merge="0" rebuychips="0" reg_code="8394249410"/>
<player seat="6" name="oreiasccp" chips="1,022" dealer="1" win="0" bet="35" muck="1" rebuy="0" addon="0" merge="0" rebuychips="0" reg_code="8394249491"/>
</players>
</general>
<round no="0"><action no="1" player="oreiasccp" type="15" sum="5"/>
<action no="2" player="Kuzzanagi" type="15" discard="1" dealt="1" sum="5"/>
<action no="3" player="oreiasccp" type="1" sum="15"/>
<action no="4" player="Kuzzanagi" type="2" discard="1" dealt="1" sum="30"/>
</round>
<round no="1"><cards type="Pocket" player="oreiasccp">HQ C9</cards>
<cards type="Pocket" player="Kuzzanagi">X X</cards>
<action no="5" player="oreiasccp" type="3" sum="15"/>
<action no="6" player="Kuzzanagi" type="23" discard="1" dealt="1" sum="135"/>
<action no="7" player="oreiasccp" type="0" sum="0"/>
</round>
</game>
<game gamecode="11540599522"><general><startdate>2025-06-29 09:11:27</startdate>
<round>1</round>
<failsafecounter/>
<players><player seat="6" name="oreiasccp" chips="987" dealer="0" win="70" bet="513" muck="1" rebuy="0" addon="0" merge="0" rebuychips="0" reg_code="8394249491"/>
<player seat="3" name="Kuzzanagi" chips="513" dealer="1" win="0" bet="35" muck="1" rebuy="0" addon="0" merge="0" rebuychips="0" reg_code="8394249410"/>
</players>
</general>
<round no="0"><action no="1" player="Kuzzanagi" type="15" discard="1" dealt="1" sum="5"/>
<action no="2" player="oreiasccp" type="15" sum="5"/>
<action no="3" player="Kuzzanagi" type="1" discard="1" dealt="1" sum="15"/>
<action no="4" player="oreiasccp" type="2" sum="30"/>
</round>
<round no="1"><cards type="Pocket" player="Kuzzanagi">X X</cards>
<cards type="Pocket" player="oreiasccp">SA D5</cards>
<action no="5" player="Kuzzanagi" type="3" discard="1" dealt="1" sum="15"/>
<action no="6" player="oreiasccp" type="23" sum="508"/>
<action no="7" player="Kuzzanagi" type="0" discard="1" dealt="1" sum="0"/>
</round>
</game>
<game gamecode="11540599568"><general><startdate>2025-06-29 09:11:43</startdate>
<round>1</round>
<failsafecounter/>
<players><player seat="3" name="Kuzzanagi" chips="478" dealer="0" win="70" bet="478" muck="1" rebuy="0" addon="0" merge="0" rebuychips="0" reg_code="8394249410"/>
<player seat="6" name="oreiasccp" chips="1,022" dealer="1" win="0" bet="35" muck="1" rebuy="0" addon="0" merge="0" rebuychips="0" reg_code="8394249491"/>
</players>
</general>
<round no="0"><action no="1" player="oreiasccp" type="15" sum="5"/>
<action no="2" player="Kuzzanagi" type="15" discard="1" dealt="1" sum="5"/>
<action no="3" player="oreiasccp" type="1" sum="15"/>
<action no="4" player="Kuzzanagi" type="2" discard="1" dealt="1" sum="30"/>
</round>
<round no="1"><cards type="Pocket" player="Kuzzanagi">X X</cards>
<cards type="Pocket" player="oreiasccp">D5 H8</cards>
<action no="5" player="oreiasccp" type="3" sum="15"/>
<action no="6" player="Kuzzanagi" type="23" discard="1" dealt="1" sum="473"/>
<action no="7" player="oreiasccp" type="0" sum="0"/>
</round>
</game>
<game gamecode="11540599606"><general><startdate>2025-06-29 09:11:55</startdate>
<round>1</round>
<failsafecounter/>
<players><player seat="6" name="oreiasccp" chips="987" dealer="0" win="70" bet="513" muck="1" rebuy="0" addon="0" merge="0" rebuychips="0" reg_code="8394249491"/>
<player seat="3" name="Kuzzanagi" chips="513" dealer="1" win="0" bet="35" muck="1" rebuy="0" addon="0" merge="0" rebuychips="0" reg_code="8394249410"/>
</players>
</general>
<round no="0"><action no="1" player="Kuzzanagi" type="15" discard="1" dealt="1" sum="5"/>
<action no="2" player="oreiasccp" type="15" sum="5"/>
<action no="3" player="Kuzzanagi" type="1" discard="1" dealt="1" sum="15"/>
<action no="4" player="oreiasccp" type="2" sum="30"/>
</round>
<round no="1"><cards type="Pocket" player="oreiasccp">H3 CA</cards>
<cards type="Pocket" player="Kuzzanagi">X X</cards>
<action no="5" player="Kuzzanagi" type="3" discard="1" dealt="1" sum="15"/>
<action no="6" player="oreiasccp" type="23" sum="508"/>
<action no="7" player="Kuzzanagi" type="0" discard="1" dealt="1" sum="0"/>
</round>
</game>
<game gamecode="11540599638"><general><startdate>2025-06-29 09:12:06</startdate>
<round>1</round>
<failsafecounter/>
<players><player seat="3" name="Kuzzanagi" chips="478" dealer="0" win="70" bet="95" muck="1" rebuy="0" addon="0" merge="0" rebuychips="0" reg_code="8394249410"/>
<player seat="6" name="oreiasccp" chips="1,022" dealer="1" win="0" bet="35" muck="1" rebuy="0" addon="0" merge="0" rebuychips="0" reg_code="8394249491"/>
</players>
</general>
<round no="0"><action no="1" player="oreiasccp" type="15" sum="5"/>
<action no="2" player="Kuzzanagi" type="15" discard="1" dealt="1" sum="5"/>
<action no="3" player="oreiasccp" type="1" sum="15"/>
<action no="4" player="Kuzzanagi" type="2" discard="1" dealt="1" sum="30"/>
</round>
<round no="1"><cards type="Pocket" player="Kuzzanagi">X X</cards>
<cards type="Pocket" player="oreiasccp">C5 S10</cards>
<action no="5" player="oreiasccp" type="3" sum="15"/>
<action no="6" player="Kuzzanagi" type="23" discard="1" dealt="1" sum="90"/>
<action no="7" player="oreiasccp" type="0" sum="0"/>
</round>
</game>
<game gamecode="11540599671"><general><startdate>2025-06-29 09:12:18</startdate>
<round>1</round>
<failsafecounter/>
<players><player seat="6" name="oreiasccp" chips="987" dealer="0" win="0" bet="35" muck="1" rebuy="0" addon="0" merge="0" rebuychips="0" reg_code="8394249491"/>
<player seat="3" name="Kuzzanagi" chips="513" dealer="1" win="70" bet="35" muck="0" rebuy="0" addon="0" merge="0" rebuychips="0" reg_code="8394249410"/>
</players>
</general>
<round no="0"><action no="1" player="Kuzzanagi" type="15" discard="1" dealt="1" sum="5"/>
<action no="2" player="oreiasccp" type="15" sum="5"/>
<action no="3" player="Kuzzanagi" type="1" discard="1" dealt="1" sum="15"/>
<action no="4" player="oreiasccp" type="2" sum="30"/>
</round>
<round no="1"><cards type="Pocket" player="oreiasccp">D7 D5</cards>
<cards type="Pocket" player="Kuzzanagi">DQ D3</cards>
<action no="5" player="Kuzzanagi" type="3" discard="1" dealt="1" sum="15"/>
<action no="6" player="oreiasccp" type="4" sum="0"/>
</round>
<round no="2"><cards type="Flop">H4 DA H10</cards>
<action no="7" player="oreiasccp" type="4" sum="0"/>
<action no="8" player="Kuzzanagi" type="4" discard="1" dealt="1" sum="0"/>
</round>
<round no="3"><cards type="Turn">S9</cards>
<action no="9" player="oreiasccp" type="4" sum="0"/>
<action no="10" player="Kuzzanagi" type="4" discard="1" dealt="1" sum="0"/>
</round>
<round no="4"><cards type="River">C9</cards>
<action no="11" player="oreiasccp" type="4" sum="0"/>
<action no="12" player="Kuzzanagi" type="4" discard="1" dealt="1" sum="0"/>
</round>
</game>
<game gamecode="11540599764"><general><startdate>2025-06-29 09:12:46</startdate>
<round>1</round>
<failsafecounter/>
<players><player seat="3" name="Kuzzanagi" chips="548" dealer="0" win="292" bet="226" muck="1" rebuy="0" addon="0" merge="0" rebuychips="0" reg_code="8394249410"/>
<player seat="6" name="oreiasccp" chips="952" dealer="1" win="0" bet="146" muck="1" rebuy="0" addon="0" merge="0" rebuychips="0" reg_code="8394249491"/>
</players>
</general>
<round no="0"><action no="1" player="oreiasccp" type="15" sum="5"/>
<action no="2" player="Kuzzanagi" type="15" discard="1" dealt="1" sum="5"/>
<action no="3" player="oreiasccp" type="1" sum="20"/>
<action no="4" player="Kuzzanagi" type="2" discard="1" dealt="1" sum="40"/>
</round>
<round no="1"><cards type="Pocket" player="oreiasccp">HQ C4</cards>
<cards type="Pocket" player="Kuzzanagi">X X</cards>
<action no="5" player="oreiasccp" type="23" sum="80"/>
<action no="6" player="Kuzzanagi" type="3" discard="1" dealt="1" sum="40"/>
</round>
<round no="2"><cards type="Flop">C3 SK H5</cards>
<action no="7" player="Kuzzanagi" type="4" discard="1" dealt="1" sum="0"/>
<action no="8" player="oreiasccp" type="5" sum="61"/>
<action no="9" player="Kuzzanagi" type="3" discard="1" dealt="1" sum="61"/>
</round>
<round no="3"><cards type="Turn">S5</cards>
<action no="10" player="Kuzzanagi" type="5" discard="1" dealt="1" sum="80"/>
<action no="11" player="oreiasccp" type="0" sum="0"/>
</round>
</game>
<game gamecode="11540603606"><general><startdate>2025-06-29 09:13:11</startdate>
<round>1</round>
<failsafecounter/>
<players><player seat="6" name="oreiasccp" chips="806" dealer="0" win="90" bet="145" muck="1" rebuy="0" addon="0" merge="0" rebuychips="0" reg_code="8394249491"/>
<player seat="3" name="Kuzzanagi" chips="694" dealer="1" win="0" bet="45" muck="1" rebuy="0" addon="0" merge="0" rebuychips="0" reg_code="8394249410"/>
</players>
</general>
<round no="0"><action no="1" player="Kuzzanagi" type="15" discard="1" dealt="1" sum="5"/>
<action no="2" player="oreiasccp" type="15" sum="5"/>
<action no="3" player="Kuzzanagi" type="1" discard="1" dealt="1" sum="20"/>
<action no="4" player="oreiasccp" type="2" sum="40"/>
</round>
<round no="1"><cards type="Pocket" player="Kuzzanagi">X X</cards>
<cards type="Pocket" player="oreiasccp">SK HJ</cards>
<action no="5" player="Kuzzanagi" type="3" discard="1" dealt="1" sum="20"/>
<action no="6" player="oreiasccp" type="23" sum="140"/>
<action no="7" player="Kuzzanagi" type="0" discard="1" dealt="1" sum="0"/>
</round>
</game>
<game gamecode="11540603635"><general><startdate>2025-06-29 09:13:23</startdate>
<round>1</round>
<failsafecounter/>
<players><player seat="3" name="Kuzzanagi" chips="649" dealer="0" win="0" bet="45" muck="1" rebuy="0" addon="0" merge="0" rebuychips="0" reg_code="8394249410"/>
<player seat="6" name="oreiasccp" chips="851" dealer="1" win="90" bet="85" muck="1" rebuy="0" addon="0" merge="0" rebuychips="0" reg_code="8394249491"/>
</players>
</general>
<round no="0"><action no="1" player="oreiasccp" type="15" sum="5"/>
<action no="2" player="Kuzzanagi" type="15" discard="1" dealt="1" sum="5"/>
<action no="3" player="oreiasccp" type="1" sum="20"/>
<action no="4" player="Kuzzanagi" type="2" discard="1" dealt="1" sum="40"/>
</round>
<round no="1"><cards type="Pocket" player="Kuzzanagi">X X</cards>
<cards type="Pocket" player="oreiasccp">C8 D7</cards>
<action no="5" player="oreiasccp" type="3" sum="20"/>
<action no="6" player="Kuzzanagi" type="4" discard="1" dealt="1" sum="0"/>
</round>
<round no="2"><cards type="Flop">HA C4 CA</cards>
<action no="7" player="Kuzzanagi" type="4" discard="1" dealt="1" sum="0"/>
<action no="8" player="oreiasccp" type="5" sum="40"/>
<action no="9" player="Kuzzanagi" type="0" discard="1" dealt="1" sum="0"/>
</round>
</game>
<game gamecode="11540603728"><general><startdate>2025-06-29 09:13:52</startdate>
<round>1</round>
<failsafecounter/>
<players><player seat="6" name="oreiasccp" chips="896" dealer="0" win="0" bet="45" muck="1" rebuy="0" addon="0" merge="0" rebuychips="0" reg_code="8394249491"/>
<player seat="3" name="Kuzzanagi" chips="604" dealer="1" win="90" bet="85" muck="1" rebuy="0" addon="0" merge="0" rebuychips="0" reg_code="8394249410"/>
</players>
</general>
<round no="0"><action no="1" player="Kuzzanagi" type="15" discard="1" dealt="1" sum="5"/>
<action no="2" player="oreiasccp" type="15" sum="5"/>
<action no="3" player="Kuzzanagi" type="1" discard="1" dealt="1" sum="20"/>
<action no="4" player="oreiasccp" type="2" sum="40"/>
</round>
<round no="1"><cards type="Pocket" player="oreiasccp">C10 H6</cards>
<cards type="Pocket" player="Kuzzanagi">X X</cards>
<action no="5" player="Kuzzanagi" type="3" discard="1" dealt="1" sum="20"/>
<action no="6" player="oreiasccp" type="4" sum="0"/>
</round>
<round no="2"><cards type="Flop">C2 D9 DQ</cards>
<action no="7" player="oreiasccp" type="4" sum="0"/>
<action no="8" player="Kuzzanagi" type="5" discard="1" dealt="1" sum="40"/>
<action no="9" player="oreiasccp" type="0" sum="0"/>
</round>
</game>
<game gamecode="11540603780"><general><startdate>2025-06-29 09:14:07</startdate>
<round>1</round>
<failsafecounter/>
<players><player seat="3" name="Kuzzanagi" chips="649" dealer="0" win="180" bet="90" muck="0" rebuy="0" addon="0" merge="0" rebuychips="0" reg_code="8394249410"/>
<player seat="6" name="oreiasccp" chips="851" dealer="1" win="0" bet="90" muck="1" rebuy="0" addon="0" merge="0" rebuychips="0" reg_code="8394249491"/>
</players>
</general>
<round no="0"><action no="1" player="oreiasccp" type="15" sum="5"/>
<action no="2" player="Kuzzanagi" type="15" discard="1" dealt="1" sum="5"/>
<action no="3" player="oreiasccp" type="1" sum="20"/>
<action no="4" player="Kuzzanagi" type="2" discard="1" dealt="1" sum="40"/>
</round>
<round no="1"><cards type="Pocket" player="Kuzzanagi">C5 S7</cards>
<cards type="Pocket" player="oreiasccp">DK D6</cards>
<action no="5" player="oreiasccp" type="3" sum="20"/>
<action no="6" player="Kuzzanagi" type="4" discard="1" dealt="1" sum="0"/>
</round>
<round no="2"><cards type="Flop">D2 H3 C9</cards>
<action no="7" player="Kuzzanagi" type="4" discard="1" dealt="1" sum="0"/>
<action no="8" player="oreiasccp" type="4" sum="0"/>
</round>
<round no="3"><cards type="Turn">C2</cards>
<action no="9" player="Kuzzanagi" type="4" discard="1" dealt="1" sum="0"/>
<action no="10" player="oreiasccp" type="4" sum="0"/>
</round>
<round no="4"><cards type="River">D7</cards>
<action no="11" player="Kuzzanagi" type="5" discard="1" dealt="1" sum="45"/>
<action no="12" player="oreiasccp" type="3" sum="45"/>
</round>
</game>
<game gamecode="11540603865"><general><startdate>2025-06-29 09:14:37</startdate>
<round>1</round>
<failsafecounter/>
<players><player seat="6" name="oreiasccp" chips="761" dealer="0" win="0" bet="65" muck="1" rebuy="0" addon="0" merge="0" rebuychips="0" reg_code="8394249491"/>
<player seat="3" name="Kuzzanagi" chips="739" dealer="1" win="130" bet="739" muck="1" rebuy="0" addon="0" merge="0" rebuychips="0" reg_code="8394249410"/>
</players>
</general>
<round no="0"><action no="1" player="Kuzzanagi" type="15" discard="1" dealt="1" sum="5"/>
<action no="2" player="oreiasccp" type="15" sum="5"/>
<action no="3" player="Kuzzanagi" type="1" discard="1" dealt="1" sum="30"/>
<action no="4" player="oreiasccp" type="2" sum="60"/>
</round>
<round no="1"><cards type="Pocket" player="Kuzzanagi">X X</cards>
<cards type="Pocket" player="oreiasccp">C5 SQ</cards>
<action no="5" player="Kuzzanagi" type="23" discard="1" dealt="1" sum="734"/>
<action no="6" player="oreiasccp" type="0" sum="0"/>
</round>
</game>
<game gamecode="11540603886"><general><startdate>2025-06-29 09:14:44</startdate>
<round>1</round>
<failsafecounter/>
<players><player seat="3" name="Kuzzanagi" chips="804" dealer="0" win="70" bet="65" muck="1" rebuy="0" addon="0" merge="0" rebuychips="0" reg_code="8394249410"/>
<player seat="6" name="oreiasccp" chips="696" dealer="1" win="0" bet="35" muck="1" rebuy="0" addon="0" merge="0" rebuychips="0" reg_code="8394249491"/>
</players>
</general>
<round no="0"><action no="1" player="oreiasccp" type="15" sum="5"/>
<action no="2" player="Kuzzanagi" type="15" discard="1" dealt="1" sum="5"/>
<action no="3" player="oreiasccp" type="1" sum="30"/>
<action no="4" player="Kuzzanagi" type="2" discard="1" dealt="1" sum="60"/>
</round>
<round no="1"><cards type="Pocket" player="oreiasccp">H9 D3</cards>
<cards type="Pocket" player="Kuzzanagi">X X</cards>
<action no="5" player="oreiasccp" type="0" sum="0"/>
</round>
</game>
<game gamecode="11540603895"><general><startdate>2025-06-29 09:14:50</startdate>
<round>1</round>
<failsafecounter/>
<players><player seat="6" name="oreiasccp" chips="661" dealer="0" win="0" bet="661" muck="1" rebuy="0" addon="0" merge="0" rebuychips="0" reg_code="8394249491"/>
<player seat="3" name="Kuzzanagi" chips="839" dealer="1" win="1,322" bet="839" muck="0" rebuy="0" addon="0" merge="0" rebuychips="0" reg_code="8394249410"/>
</players>
</general>
<round no="0"><action no="1" player="Kuzzanagi" type="15" discard="1" dealt="1" sum="5"/>
<action no="2" player="oreiasccp" type="15" sum="5"/>
<action no="3" player="Kuzzanagi" type="1" discard="1" dealt="1" sum="30"/>
<action no="4" player="oreiasccp" type="2" sum="60"/>
</round>
<round no="1"><cards type="Pocket" player="oreiasccp">H5 CA</cards>
<cards type="Pocket" player="Kuzzanagi">H3 HA</cards>
<action no="5" player="Kuzzanagi" type="23" discard="1" dealt="1" sum="834"/>
<action no="6" player="oreiasccp" type="7" sum="596"/>
</round>
<round no="2"><cards type="Flop">S9 C9 H4</cards>
</round>
<round no="3"><cards type="Turn">D7</cards>
</round>
<round no="4"><cards type="River">D3</cards>
</round>
</game>
</session>
