<?xml version="1.0" encoding="UTF-8"?>
<session sessioncode="8394270430">
<general>
<client_version>25.1.1.13</client_version>
<mode>real</mode>
<gametype>Holdem NL</gametype>
<tablename>Twister €5 SNG, 1128851914</tablename>
<tournamentcode>1128851912</tournamentcode>
<tournamentname>Twister €5 SNG</tournamentname>
<buyin>€0 + €0.35 + €4.65</buyin>
<totalbuyin>€5</totalbuyin>
<rewarddrawn>€25</rewarddrawn>
<tournamentcurrency>EUR</tournamentcurrency>
<currency>EUR</currency>
<nickname>oreiasccp</nickname>
<gamecount>28</gamecount>
<startdate>2025-06-29 10:21:43</startdate>
<place>2</place>
<win>€0</win>
<tablesize>3</tablesize>
</general>
<game gamecode="11540656698"><general><startdate>2025-06-29 10:21:59</startdate>
<round>1</round>
<failsafecounter/>
<players><player seat="10" name="lavidalocaM" chips="500" dealer="0" win="0" bet="20" muck="1" rebuy="0" addon="0" merge="0" rebuychips="0" reg_code="8394270448"/>
<player seat="3" name="PokerMiss8" chips="500" dealer="1" win="500" bet="340" muck="1" rebuy="0" addon="0" merge="0" rebuychips="0" reg_code="8394270410"/>
<player seat="6" name="oreiasccp" chips="500" dealer="0" win="0" bet="240" muck="1" rebuy="0" addon="0" merge="0" rebuychips="0" reg_code="8394270430"/>
</players>
</general>
<round no="0"><action no="1" player="oreiasccp" type="1" sum="10"/>
<action no="2" player="lavidalocaM" type="2" discard="1" dealt="1" sum="20"/>
</round>
<round no="1"><cards type="Pocket" player="lavidalocaM">X X</cards>
<cards type="Pocket" player="PokerMiss8">X X</cards>
<cards type="Pocket" player="oreiasccp">HA HK</cards>
<action no="3" player="PokerMiss8" type="23" discard="1" dealt="1" sum="40"/>
<action no="4" player="oreiasccp" type="23" sum="120"/>
<action no="5" player="lavidalocaM" type="0" discard="1" dealt="1" sum="0"/>
<action no="6" player="PokerMiss8" type="3" discard="1" dealt="1" sum="80"/>
</round>
<round no="2"><cards type="Flop">DJ HQ C8</cards>
<action no="7" player="oreiasccp" type="5" sum="60"/>
<action no="8" player="PokerMiss8" type="23" discard="1" dealt="1" sum="120"/>
<action no="9" player="oreiasccp" type="3" sum="60"/>
</round>
<round no="3"><cards type="Turn">C9</cards>
<action no="10" player="oreiasccp" type="4" sum="0"/>
<action no="11" player="PokerMiss8" type="5" discard="1" dealt="1" sum="100"/>
<action no="12" player="oreiasccp" type="0" sum="0"/>
</round>
</game>
<game gamecode="11540656816"><general><startdate>2025-06-29 10:22:33</startdate>
<round>1</round>
<failsafecounter/>
<players><player seat="3" name="PokerMiss8" chips="760" dealer="0" win="0" bet="20" muck="1" rebuy="0" addon="0" merge="0" rebuychips="0" reg_code="8394270410"/>
<player seat="6" name="oreiasccp" chips="260" dealer="1" win="0" bet="0" muck="1" rebuy="0" addon="0" merge="0" rebuychips="0" reg_code="8394270430"/>
<player seat="10" name="lavidalocaM" chips="480" dealer="0" win="40" bet="40" muck="1" rebuy="0" addon="0" merge="0" rebuychips="0" reg_code="8394270448"/>
</players>
</general>
<round no="0"><action no="1" player="lavidalocaM" type="1" discard="1" dealt="1" sum="10"/>
<action no="2" player="PokerMiss8" type="2" discard="1" dealt="1" sum="20"/>
</round>
<round no="1"><cards type="Pocket" player="lavidalocaM">X X</cards>
<cards type="Pocket" player="PokerMiss8">X X</cards>
<cards type="Pocket" player="oreiasccp">HK D7</cards>
<action no="3" player="oreiasccp" type="0" sum="0"/>
<action no="4" player="lavidalocaM" type="3" discard="1" dealt="1" sum="10"/>
<action no="5" player="PokerMiss8" type="4" discard="1" dealt="1" sum="0"/>
</round>
<round no="2"><cards type="Flop">S3 C2 CK</cards>
<action no="6" player="lavidalocaM" type="5" discard="1" dealt="1" sum="20"/>
<action no="7" player="PokerMiss8" type="0" discard="1" dealt="1" sum="0"/>
</round>
</game>
<game gamecode="11540656861"><general><startdate>2025-06-29 10:22:43</startdate>
<round>1</round>
<failsafecounter/>
<players><player seat="6" name="oreiasccp" chips="260" dealer="0" win="0" bet="20" muck="1" rebuy="0" addon="0" merge="0" rebuychips="0" reg_code="8394270430"/>
<player seat="10" name="lavidalocaM" chips="500" dealer="1" win="0" bet="0" muck="1" rebuy="0" addon="0" merge="0" rebuychips="0" reg_code="8394270448"/>
<player seat="3" name="PokerMiss8" chips="740" dealer="0" win="40" bet="60" muck="1" rebuy="0" addon="0" merge="0" rebuychips="0" reg_code="8394270410"/>
</players>
</general>
<round no="0"><action no="1" player="PokerMiss8" type="1" discard="1" dealt="1" sum="10"/>
<action no="2" player="oreiasccp" type="2" sum="20"/>
</round>
<round no="1"><cards type="Pocket" player="PokerMiss8">X X</cards>
<cards type="Pocket" player="oreiasccp">C2 SK</cards>
<cards type="Pocket" player="lavidalocaM">X X</cards>
<action no="3" player="lavidalocaM" type="0" discard="1" dealt="1" sum="0"/>
<action no="4" player="PokerMiss8" type="23" discard="1" dealt="1" sum="60"/>
<action no="5" player="oreiasccp" type="0" sum="0"/>
</round>
</game>
<game gamecode="11540656904"><general><startdate>2025-06-29 10:22:54</startdate>
<round>1</round>
<failsafecounter/>
<players><player seat="10" name="lavidalocaM" chips="500" dealer="0" win="20" bet="20" muck="1" rebuy="0" addon="0" merge="0" rebuychips="0" reg_code="8394270448"/>
<player seat="3" name="PokerMiss8" chips="760" dealer="1" win="0" bet="0" muck="1" rebuy="0" addon="0" merge="0" rebuychips="0" reg_code="8394270410"/>
<player seat="6" name="oreiasccp" chips="240" dealer="0" win="0" bet="10" muck="1" rebuy="0" addon="0" merge="0" rebuychips="0" reg_code="8394270430"/>
</players>
</general>
<round no="0"><action no="1" player="oreiasccp" type="1" sum="10"/>
<action no="2" player="lavidalocaM" type="2" discard="1" dealt="1" sum="20"/>
</round>
<round no="1"><cards type="Pocket" player="PokerMiss8">X X</cards>
<cards type="Pocket" player="oreiasccp">H9 C4</cards>
<cards type="Pocket" player="lavidalocaM">X X</cards>
<action no="3" player="PokerMiss8" type="0" discard="1" dealt="1" sum="0"/>
<action no="4" player="oreiasccp" type="0" sum="0"/>
</round>
</game>
<game gamecode="11540656933"><general><startdate>2025-06-29 10:23:02</startdate>
<round>1</round>
<failsafecounter/>
<players><player seat="3" name="PokerMiss8" chips="760" dealer="0" win="40" bet="60" muck="1" rebuy="0" addon="0" merge="0" rebuychips="0" reg_code="8394270410"/>
<player seat="6" name="oreiasccp" chips="230" dealer="1" win="0" bet="0" muck="1" rebuy="0" addon="0" merge="0" rebuychips="0" reg_code="8394270430"/>
<player seat="10" name="lavidalocaM" chips="510" dealer="0" win="0" bet="20" muck="1" rebuy="0" addon="0" merge="0" rebuychips="0" reg_code="8394270448"/>
</players>
</general>
<round no="0"><action no="1" player="lavidalocaM" type="1" discard="1" dealt="1" sum="10"/>
<action no="2" player="PokerMiss8" type="2" discard="1" dealt="1" sum="20"/>
</round>
<round no="1"><cards type="Pocket" player="lavidalocaM">X X</cards>
<cards type="Pocket" player="PokerMiss8">X X</cards>
<cards type="Pocket" player="oreiasccp">C9 H10</cards>
<action no="3" player="oreiasccp" type="0" sum="0"/>
<action no="4" player="lavidalocaM" type="3" discard="1" dealt="1" sum="10"/>
<action no="5" player="PokerMiss8" type="23" discard="1" dealt="1" sum="60"/>
<action no="6" player="lavidalocaM" type="0" discard="1" dealt="1" sum="0"/>
</round>
</game>
<game gamecode="11540656989"><general><startdate>2025-06-29 10:23:15</startdate>
<round>1</round>
<failsafecounter/>
<players><player seat="6" name="oreiasccp" chips="230" dealer="0" win="0" bet="120" muck="1" rebuy="0" addon="0" merge="0" rebuychips="0" reg_code="8394270430"/>
<player seat="10" name="lavidalocaM" chips="490" dealer="1" win="0" bet="0" muck="1" rebuy="0" addon="0" merge="0" rebuychips="0" reg_code="8394270448"/>
<player seat="3" name="PokerMiss8" chips="780" dealer="0" win="240" bet="780" muck="1" rebuy="0" addon="0" merge="0" rebuychips="0" reg_code="8394270410"/>
</players>
</general>
<round no="0"><action no="1" player="PokerMiss8" type="1" discard="1" dealt="1" sum="10"/>
<action no="2" player="oreiasccp" type="2" sum="20"/>
</round>
<round no="1"><cards type="Pocket" player="lavidalocaM">X X</cards>
<cards type="Pocket" player="oreiasccp">H9 H8</cards>
<cards type="Pocket" player="PokerMiss8">X X</cards>
<action no="3" player="lavidalocaM" type="0" discard="1" dealt="1" sum="0"/>
<action no="4" player="PokerMiss8" type="23" discard="1" dealt="1" sum="60"/>
<action no="5" player="oreiasccp" type="3" sum="40"/>
</round>
<round no="2"><cards type="Flop">C4 SA S8</cards>
<action no="6" player="PokerMiss8" type="5" discard="1" dealt="1" sum="60"/>
<action no="7" player="oreiasccp" type="3" sum="60"/>
</round>
<round no="3"><cards type="Turn">C3</cards>
<action no="8" player="PokerMiss8" type="5" discard="1" dealt="1" sum="660"/>
<action no="9" player="oreiasccp" type="0" sum="0"/>
</round>
</game>
<game gamecode="11540661409"><general><startdate>2025-06-29 10:23:39</startdate>
<round>1</round>
<failsafecounter/>
<players><player seat="10" name="lavidalocaM" chips="490" dealer="0" win="0" bet="20" muck="1" rebuy="0" addon="0" merge="0" rebuychips="0" reg_code="8394270448"/>
<player seat="3" name="PokerMiss8" chips="900" dealer="1" win="0" bet="110" muck="1" rebuy="0" addon="0" merge="0" rebuychips="0" reg_code="8394270410"/>
<player seat="6" name="oreiasccp" chips="110" dealer="0" win="240" bet="110" muck="0" rebuy="0" addon="0" merge="0" rebuychips="0" reg_code="8394270430"/>
</players>
</general>
<round no="0"><action no="1" player="oreiasccp" type="1" sum="10"/>
<action no="2" player="lavidalocaM" type="2" discard="1" dealt="1" sum="20"/>
</round>
<round no="1"><cards type="Pocket" player="lavidalocaM">X X</cards>
<cards type="Pocket" player="PokerMiss8">HA SJ</cards>
<cards type="Pocket" player="oreiasccp">DQ HQ</cards>
<action no="3" player="PokerMiss8" type="23" discard="1" dealt="1" sum="60"/>
<action no="4" player="oreiasccp" type="23" sum="110"/>
<action no="5" player="lavidalocaM" type="0" discard="1" dealt="1" sum="0"/>
<action no="6" player="PokerMiss8" type="3" discard="1" dealt="1" sum="50"/>
</round>
<round no="2"><cards type="Flop">C5 H7 H10</cards>
</round>
<round no="3"><cards type="Turn">C6</cards>
</round>
<round no="4"><cards type="River">S7</cards>
</round>
</game>
<game gamecode="11540661484"><general><startdate>2025-06-29 10:24:00</startdate>
<round>1</round>
<failsafecounter/>
<players><player seat="3" name="PokerMiss8" chips="790" dealer="0" win="0" bet="35" muck="1" rebuy="0" addon="0" merge="0" rebuychips="0" reg_code="8394270410"/>
<player seat="6" name="oreiasccp" chips="240" dealer="1" win="0" bet="5" muck="1" rebuy="0" addon="0" merge="0" rebuychips="0" reg_code="8394270430"/>
<player seat="10" name="lavidalocaM" chips="470" dealer="0" win="75" bet="470" muck="1" rebuy="0" addon="0" merge="0" rebuychips="0" reg_code="8394270448"/>
</players>
</general>
<round no="0"><action no="1" player="lavidalocaM" type="15" discard="1" dealt="1" sum="5"/>
<action no="2" player="PokerMiss8" type="15" discard="1" dealt="1" sum="5"/>
<action no="3" player="oreiasccp" type="15" sum="5"/>
<action no="4" player="lavidalocaM" type="1" discard="1" dealt="1" sum="15"/>
<action no="5" player="PokerMiss8" type="2" discard="1" dealt="1" sum="30"/>
</round>
<round no="1"><cards type="Pocket" player="lavidalocaM">X X</cards>
<cards type="Pocket" player="oreiasccp">S10 H6</cards>
<cards type="Pocket" player="PokerMiss8">X X</cards>
<action no="6" player="oreiasccp" type="0" sum="0"/>
<action no="7" player="lavidalocaM" type="23" discard="1" dealt="1" sum="465"/>
<action no="8" player="PokerMiss8" type="0" discard="1" dealt="1" sum="0"/>
</round>
</game>
<game gamecode="11540661516"><general><startdate>2025-06-29 10:24:10</startdate>
<round>1</round>
<failsafecounter/>
<players><player seat="6" name="oreiasccp" chips="235" dealer="0" win="0" bet="35" muck="1" rebuy="0" addon="0" merge="0" rebuychips="0" reg_code="8394270430"/>
<player seat="10" name="lavidalocaM" chips="510" dealer="1" win="0" bet="35" muck="1" rebuy="0" addon="0" merge="0" rebuychips="0" reg_code="8394270448"/>
<player seat="3" name="PokerMiss8" chips="755" dealer="0" win="105" bet="95" muck="1" rebuy="0" addon="0" merge="0" rebuychips="0" reg_code="8394270410"/>
</players>
</general>
<round no="0"><action no="1" player="PokerMiss8" type="15" discard="1" dealt="1" sum="5"/>
<action no="2" player="oreiasccp" type="15" sum="5"/>
<action no="3" player="lavidalocaM" type="15" discard="1" dealt="1" sum="5"/>
<action no="4" player="PokerMiss8" type="1" discard="1" dealt="1" sum="15"/>
<action no="5" player="oreiasccp" type="2" sum="30"/>
</round>
<round no="1"><cards type="Pocket" player="oreiasccp">C6 CQ</cards>
<cards type="Pocket" player="lavidalocaM">X X</cards>
<cards type="Pocket" player="PokerMiss8">X X</cards>
<action no="6" player="lavidalocaM" type="3" discard="1" dealt="1" sum="30"/>
<action no="7" player="PokerMiss8" type="23" discard="1" dealt="1" sum="90"/>
<action no="8" player="oreiasccp" type="0" sum="0"/>
<action no="9" player="lavidalocaM" type="0" discard="1" dealt="1" sum="0"/>
</round>
</game>
<game gamecode="11540661558"><general><startdate>2025-06-29 10:24:22</startdate>
<round>1</round>
<failsafecounter/>
<players><player seat="10" name="lavidalocaM" chips="475" dealer="0" win="0" bet="35" muck="1" rebuy="0" addon="0" merge="0" rebuychips="0" reg_code="8394270448"/>
<player seat="3" name="PokerMiss8" chips="825" dealer="1" win="0" bet="5" muck="1" rebuy="0" addon="0" merge="0" rebuychips="0" reg_code="8394270410"/>
<player seat="6" name="oreiasccp" chips="200" dealer="0" win="75" bet="200" muck="1" rebuy="0" addon="0" merge="0" rebuychips="0" reg_code="8394270430"/>
</players>
</general>
<round no="0"><action no="1" player="oreiasccp" type="15" sum="5"/>
<action no="2" player="lavidalocaM" type="15" discard="1" dealt="1" sum="5"/>
<action no="3" player="PokerMiss8" type="15" discard="1" dealt="1" sum="5"/>
<action no="4" player="oreiasccp" type="1" sum="15"/>
<action no="5" player="lavidalocaM" type="2" discard="1" dealt="1" sum="30"/>
</round>
<round no="1"><cards type="Pocket" player="lavidalocaM">X X</cards>
<cards type="Pocket" player="PokerMiss8">X X</cards>
<cards type="Pocket" player="oreiasccp">HJ CK</cards>
<action no="6" player="PokerMiss8" type="0" discard="1" dealt="1" sum="0"/>
<action no="7" player="oreiasccp" type="23" sum="195"/>
<action no="8" player="lavidalocaM" type="0" discard="1" dealt="1" sum="0"/>
</round>
</game>
<game gamecode="11540661596"><general><startdate>2025-06-29 10:24:32</startdate>
<round>1</round>
<failsafecounter/>
<players><player seat="3" name="PokerMiss8" chips="820" dealer="0" win="195" bet="185" muck="1" rebuy="0" addon="0" merge="0" rebuychips="0" reg_code="8394270410"/>
<player seat="6" name="oreiasccp" chips="240" dealer="1" win="0" bet="5" muck="1" rebuy="0" addon="0" merge="0" rebuychips="0" reg_code="8394270430"/>
<player seat="10" name="lavidalocaM" chips="440" dealer="0" win="0" bet="95" muck="1" rebuy="0" addon="0" merge="0" rebuychips="0" reg_code="8394270448"/>
</players>
</general>
<round no="0"><action no="1" player="lavidalocaM" type="15" discard="1" dealt="1" sum="5"/>
<action no="2" player="PokerMiss8" type="15" discard="1" dealt="1" sum="5"/>
<action no="3" player="oreiasccp" type="15" sum="5"/>
<action no="4" player="lavidalocaM" type="1" discard="1" dealt="1" sum="15"/>
<action no="5" player="PokerMiss8" type="2" discard="1" dealt="1" sum="30"/>
</round>
<round no="1"><cards type="Pocket" player="lavidalocaM">X X</cards>
<cards type="Pocket" player="PokerMiss8">X X</cards>
<cards type="Pocket" player="oreiasccp">DK H7</cards>
<action no="6" player="oreiasccp" type="0" sum="0"/>
<action no="7" player="lavidalocaM" type="23" discard="1" dealt="1" sum="60"/>
<action no="8" player="PokerMiss8" type="3" discard="1" dealt="1" sum="30"/>
</round>
<round no="2"><cards type="Flop">SK C5 SQ</cards>
<action no="9" player="lavidalocaM" type="5" discard="1" dealt="1" sum="30"/>
<action no="10" player="PokerMiss8" type="23" discard="1" dealt="1" sum="120"/>
<action no="11" player="lavidalocaM" type="0" discard="1" dealt="1" sum="0"/>
</round>
</game>
<game gamecode="11540661655"><general><startdate>2025-06-29 10:24:48</startdate>
<round>1</round>
<failsafecounter/>
<players><player seat="6" name="oreiasccp" chips="235" dealer="0" win="0" bet="35" muck="1" rebuy="0" addon="0" merge="0" rebuychips="0" reg_code="8394270430"/>
<player seat="10" name="lavidalocaM" chips="345" dealer="1" win="0" bet="180" muck="1" rebuy="0" addon="0" merge="0" rebuychips="0" reg_code="8394270448"/>
<player seat="3" name="PokerMiss8" chips="920" dealer="0" win="395" bet="180" muck="0" rebuy="0" addon="0" merge="0" rebuychips="0" reg_code="8394270410"/>
</players>
</general>
<round no="0"><action no="1" player="PokerMiss8" type="15" discard="1" dealt="1" sum="5"/>
<action no="2" player="oreiasccp" type="15" sum="5"/>
<action no="3" player="lavidalocaM" type="15" discard="1" dealt="1" sum="5"/>
<action no="4" player="PokerMiss8" type="1" discard="1" dealt="1" sum="15"/>
<action no="5" player="oreiasccp" type="2" sum="30"/>
</round>
<round no="1"><cards type="Pocket" player="lavidalocaM">S5 CK</cards>
<cards type="Pocket" player="oreiasccp">DQ C2</cards>
<cards type="Pocket" player="PokerMiss8">H7 D8</cards>
<action no="6" player="lavidalocaM" type="3" discard="1" dealt="1" sum="30"/>
<action no="7" player="PokerMiss8" type="3" discard="1" dealt="1" sum="15"/>
<action no="8" player="oreiasccp" type="4" sum="0"/>
</round>
<round no="2"><cards type="Flop">H9 H4 C5</cards>
<action no="9" player="PokerMiss8" type="4" discard="1" dealt="1" sum="0"/>
<action no="10" player="oreiasccp" type="4" sum="0"/>
<action no="11" player="lavidalocaM" type="5" discard="1" dealt="1" sum="30"/>
<action no="12" player="PokerMiss8" type="3" discard="1" dealt="1" sum="30"/>
<action no="13" player="oreiasccp" type="0" sum="0"/>
</round>
<round no="3"><cards type="Turn">S6</cards>
<action no="14" player="PokerMiss8" type="4" discard="1" dealt="1" sum="0"/>
<action no="15" player="lavidalocaM" type="4" discard="1" dealt="1" sum="0"/>
</round>
<round no="4"><cards type="River">H10</cards>
<action no="16" player="PokerMiss8" type="5" discard="1" dealt="1" sum="115"/>
<action no="17" player="lavidalocaM" type="3" discard="1" dealt="1" sum="115"/>
</round>
</game>
<game gamecode="11540661776"><general><startdate>2025-06-29 10:25:22</startdate>
<round>1</round>
<failsafecounter/>
<players><player seat="10" name="lavidalocaM" chips="165" dealer="0" win="105" bet="165" muck="1" rebuy="0" addon="0" merge="0" rebuychips="0" reg_code="8394270448"/>
<player seat="3" name="PokerMiss8" chips="1,135" dealer="1" win="0" bet="35" muck="1" rebuy="0" addon="0" merge="0" rebuychips="0" reg_code="8394270410"/>
<player seat="6" name="oreiasccp" chips="200" dealer="0" win="0" bet="35" muck="1" rebuy="0" addon="0" merge="0" rebuychips="0" reg_code="8394270430"/>
</players>
</general>
<round no="0"><action no="1" player="oreiasccp" type="15" sum="5"/>
<action no="2" player="lavidalocaM" type="15" discard="1" dealt="1" sum="5"/>
<action no="3" player="PokerMiss8" type="15" discard="1" dealt="1" sum="5"/>
<action no="4" player="oreiasccp" type="1" sum="15"/>
<action no="5" player="lavidalocaM" type="2" discard="1" dealt="1" sum="30"/>
</round>
<round no="1"><cards type="Pocket" player="PokerMiss8">X X</cards>
<cards type="Pocket" player="lavidalocaM">X X</cards>
<cards type="Pocket" player="oreiasccp">SJ DQ</cards>
<action no="6" player="PokerMiss8" type="3" discard="1" dealt="1" sum="30"/>
<action no="7" player="oreiasccp" type="3" sum="15"/>
<action no="8" player="lavidalocaM" type="23" discard="1" dealt="1" sum="160"/>
<action no="9" player="PokerMiss8" type="0" discard="1" dealt="1" sum="0"/>
<action no="10" player="oreiasccp" type="0" sum="0"/>
</round>
</game>
<game gamecode="11540661846"><general><startdate>2025-06-29 10:25:38</startdate>
<round>1</round>
<failsafecounter/>
<players><player seat="3" name="PokerMiss8" chips="1,100" dealer="0" win="0" bet="35" muck="1" rebuy="0" addon="0" merge="0" rebuychips="0" reg_code="8394270410"/>
<player seat="6" name="oreiasccp" chips="165" dealer="1" win="365" bet="165" muck="0" rebuy="0" addon="0" merge="0" rebuychips="0" reg_code="8394270430"/>
<player seat="10" name="lavidalocaM" chips="235" dealer="0" win="0" bet="235" muck="1" rebuy="0" addon="0" merge="0" rebuychips="0" reg_code="8394270448"/>
</players>
</general>
<round no="0"><action no="1" player="lavidalocaM" type="15" discard="1" dealt="1" sum="5"/>
<action no="2" player="PokerMiss8" type="15" discard="1" dealt="1" sum="5"/>
<action no="3" player="oreiasccp" type="15" sum="5"/>
<action no="4" player="lavidalocaM" type="1" discard="1" dealt="1" sum="15"/>
<action no="5" player="PokerMiss8" type="2" discard="1" dealt="1" sum="30"/>
</round>
<round no="1"><cards type="Pocket" player="lavidalocaM">SA D7</cards>
<cards type="Pocket" player="PokerMiss8">X X</cards>
<cards type="Pocket" player="oreiasccp">HA S8</cards>
<action no="6" player="oreiasccp" type="23" sum="160"/>
<action no="7" player="lavidalocaM" type="7" discard="1" dealt="1" sum="215"/>
<action no="8" player="PokerMiss8" type="0" discard="1" dealt="1" sum="0"/>
</round>
<round no="2"><cards type="Flop">D6 H7 C8</cards>
</round>
<round no="3"><cards type="Turn">DQ</cards>
</round>
<round no="4"><cards type="River">D10</cards>
</round>
</game>
<game gamecode="11540661905"><general><startdate>2025-06-29 10:25:54</startdate>
<round>1</round>
<failsafecounter/>
<players><player seat="6" name="oreiasccp" chips="365" dealer="0" win="0" bet="70" muck="1" rebuy="0" addon="0" merge="0" rebuychips="0" reg_code="8394270430"/>
<player seat="10" name="lavidalocaM" chips="70" dealer="1" win="160" bet="70" muck="0" rebuy="0" addon="0" merge="0" rebuychips="0" reg_code="8394270448"/>
<player seat="3" name="PokerMiss8" chips="1,065" dealer="0" win="0" bet="20" muck="1" rebuy="0" addon="0" merge="0" rebuychips="0" reg_code="8394270410"/>
</players>
</general>
<round no="0"><action no="1" player="PokerMiss8" type="15" discard="1" dealt="1" sum="5"/>
<action no="2" player="oreiasccp" type="15" sum="5"/>
<action no="3" player="lavidalocaM" type="15" discard="1" dealt="1" sum="5"/>
<action no="4" player="PokerMiss8" type="1" discard="1" dealt="1" sum="15"/>
<action no="5" player="oreiasccp" type="2" sum="30"/>
</round>
<round no="1"><cards type="Pocket" player="oreiasccp">CK DQ</cards>
<cards type="Pocket" player="lavidalocaM">H5 HQ</cards>
<cards type="Pocket" player="PokerMiss8">X X</cards>
<action no="6" player="lavidalocaM" type="23" discard="1" dealt="1" sum="65"/>
<action no="7" player="PokerMiss8" type="0" discard="1" dealt="1" sum="0"/>
<action no="8" player="oreiasccp" type="3" sum="35"/>
</round>
<round no="2"><cards type="Flop">H9 S6 HK</cards>
</round>
<round no="3"><cards type="Turn">H2</cards>
</round>
<round no="4"><cards type="River">H7</cards>
</round>
</game>
<game gamecode="11540661976"><general><startdate>2025-06-29 10:26:11</startdate>
<round>1</round>
<failsafecounter/>
<players><player seat="10" name="lavidalocaM" chips="160" dealer="0" win="0" bet="45" muck="1" rebuy="0" addon="0" merge="0" rebuychips="0" reg_code="8394270448"/>
<player seat="3" name="PokerMiss8" chips="1,045" dealer="1" win="0" bet="5" muck="1" rebuy="0" addon="0" merge="0" rebuychips="0" reg_code="8394270410"/>
<player seat="6" name="oreiasccp" chips="295" dealer="0" win="95" bet="160" muck="1" rebuy="0" addon="0" merge="0" rebuychips="0" reg_code="8394270430"/>
</players>
</general>
<round no="0"><action no="1" player="oreiasccp" type="15" sum="5"/>
<action no="2" player="lavidalocaM" type="15" discard="1" dealt="1" sum="5"/>
<action no="3" player="PokerMiss8" type="15" discard="1" dealt="1" sum="5"/>
<action no="4" player="oreiasccp" type="1" sum="20"/>
<action no="5" player="lavidalocaM" type="2" discard="1" dealt="1" sum="40"/>
</round>
<round no="1"><cards type="Pocket" player="lavidalocaM">X X</cards>
<cards type="Pocket" player="oreiasccp">S4 S6</cards>
<cards type="Pocket" player="PokerMiss8">X X</cards>
<action no="6" player="PokerMiss8" type="0" discard="1" dealt="1" sum="0"/>
<action no="7" player="oreiasccp" type="23" sum="155"/>
<action no="8" player="lavidalocaM" type="0" discard="1" dealt="1" sum="0"/>
</round>
</game>
<game gamecode="11540662038"><general><startdate>2025-06-29 10:26:29</startdate>
<round>1</round>
<failsafecounter/>
<players><player seat="3" name="PokerMiss8" chips="1,040" dealer="0" win="0" bet="45" muck="1" rebuy="0" addon="0" merge="0" rebuychips="0" reg_code="8394270410"/>
<player seat="6" name="oreiasccp" chips="345" dealer="1" win="0" bet="5" muck="1" rebuy="0" addon="0" merge="0" rebuychips="0" reg_code="8394270430"/>
<player seat="10" name="lavidalocaM" chips="115" dealer="0" win="95" bet="115" muck="1" rebuy="0" addon="0" merge="0" rebuychips="0" reg_code="8394270448"/>
</players>
</general>
<round no="0"><action no="1" player="lavidalocaM" type="15" discard="1" dealt="1" sum="5"/>
<action no="2" player="PokerMiss8" type="15" discard="1" dealt="1" sum="5"/>
<action no="3" player="oreiasccp" type="15" sum="5"/>
<action no="4" player="lavidalocaM" type="1" discard="1" dealt="1" sum="20"/>
<action no="5" player="PokerMiss8" type="2" discard="1" dealt="1" sum="40"/>
</round>
<round no="1"><cards type="Pocket" player="oreiasccp">H8 H4</cards>
<cards type="Pocket" player="lavidalocaM">X X</cards>
<cards type="Pocket" player="PokerMiss8">X X</cards>
<action no="6" player="oreiasccp" type="0" sum="0"/>
<action no="7" player="lavidalocaM" type="23" discard="1" dealt="1" sum="110"/>
<action no="8" player="PokerMiss8" type="0" discard="1" dealt="1" sum="0"/>
</round>
</game>
<game gamecode="11540662070"><general><startdate>2025-06-29 10:26:38</startdate>
<round>1</round>
<failsafecounter/>
<players><player seat="6" name="oreiasccp" chips="340" dealer="0" win="0" bet="125" muck="1" rebuy="0" addon="0" merge="0" rebuychips="0" reg_code="8394270430"/>
<player seat="10" name="lavidalocaM" chips="165" dealer="1" win="0" bet="5" muck="1" rebuy="0" addon="0" merge="0" rebuychips="0" reg_code="8394270448"/>
<player seat="3" name="PokerMiss8" chips="995" dealer="0" win="255" bet="995" muck="1" rebuy="0" addon="0" merge="0" rebuychips="0" reg_code="8394270410"/>
</players>
</general>
<round no="0"><action no="1" player="PokerMiss8" type="15" discard="1" dealt="1" sum="5"/>
<action no="2" player="oreiasccp" type="15" sum="5"/>
<action no="3" player="lavidalocaM" type="15" discard="1" dealt="1" sum="5"/>
<action no="4" player="PokerMiss8" type="1" discard="1" dealt="1" sum="20"/>
<action no="5" player="oreiasccp" type="2" sum="40"/>
</round>
<round no="1"><cards type="Pocket" player="PokerMiss8">X X</cards>
<cards type="Pocket" player="lavidalocaM">X X</cards>
<cards type="Pocket" player="oreiasccp">SJ H7</cards>
<action no="6" player="lavidalocaM" type="0" discard="1" dealt="1" sum="0"/>
<action no="7" player="PokerMiss8" type="3" discard="1" dealt="1" sum="20"/>
<action no="8" player="oreiasccp" type="4" sum="0"/>
</round>
<round no="2"><cards type="Flop">S6 H8 S10</cards>
<action no="9" player="PokerMiss8" type="5" discard="1" dealt="1" sum="80"/>
<action no="10" player="oreiasccp" type="3" sum="80"/>
</round>
<round no="3"><cards type="Turn">HA</cards>
<action no="11" player="PokerMiss8" type="5" discard="1" dealt="1" sum="870"/>
<action no="12" player="oreiasccp" type="0" sum="0"/>
</round>
</game>
<game gamecode="11540662172"><general><startdate>2025-06-29 10:26:59</startdate>
<round>1</round>
<failsafecounter/>
<players><player seat="10" name="lavidalocaM" chips="160" dealer="0" win="162" bet="160" muck="0" rebuy="0" addon="0" merge="0" rebuychips="0" reg_code="8394270448"/>
<player seat="3" name="PokerMiss8" chips="1,125" dealer="1" win="0" bet="5" muck="1" rebuy="0" addon="0" merge="0" rebuychips="0" reg_code="8394270410"/>
<player seat="6" name="oreiasccp" chips="215" dealer="0" win="163" bet="160" muck="0" rebuy="0" addon="0" merge="0" rebuychips="0" reg_code="8394270430"/>
</players>
</general>
<round no="0"><action no="1" player="oreiasccp" type="15" sum="5"/>
<action no="2" player="lavidalocaM" type="15" discard="1" dealt="1" sum="5"/>
<action no="3" player="PokerMiss8" type="15" discard="1" dealt="1" sum="5"/>
<action no="4" player="oreiasccp" type="1" sum="20"/>
<action no="5" player="lavidalocaM" type="2" discard="1" dealt="1" sum="40"/>
</round>
<round no="1"><cards type="Pocket" player="oreiasccp">CA SK</cards>
<cards type="Pocket" player="lavidalocaM">DA HK</cards>
<cards type="Pocket" player="PokerMiss8">X X</cards>
<action no="6" player="PokerMiss8" type="0" discard="1" dealt="1" sum="0"/>
<action no="7" player="oreiasccp" type="23" sum="155"/>
<action no="8" player="lavidalocaM" type="7" discard="1" dealt="1" sum="115"/>
</round>
<round no="2"><cards type="Flop">HA C5 H2</cards>
</round>
<round no="3"><cards type="Turn">S8</cards>
</round>
<round no="4"><cards type="River">S2</cards>
</round>
</game>
<game gamecode="11540662225"><general><startdate>2025-06-29 10:27:18</startdate>
<round>1</round>
<failsafecounter/>
<players><player seat="3" name="PokerMiss8" chips="1,120" dealer="0" win="55" bet="45" muck="1" rebuy="0" addon="0" merge="0" rebuychips="0" reg_code="8394270410"/>
<player seat="6" name="oreiasccp" chips="218" dealer="1" win="0" bet="5" muck="1" rebuy="0" addon="0" merge="0" rebuychips="0" reg_code="8394270430"/>
<player seat="10" name="lavidalocaM" chips="162" dealer="0" win="0" bet="25" muck="1" rebuy="0" addon="0" merge="0" rebuychips="0" reg_code="8394270448"/>
</players>
</general>
<round no="0"><action no="1" player="lavidalocaM" type="15" discard="1" dealt="1" sum="5"/>
<action no="2" player="PokerMiss8" type="15" discard="1" dealt="1" sum="5"/>
<action no="3" player="oreiasccp" type="15" sum="5"/>
<action no="4" player="lavidalocaM" type="1" discard="1" dealt="1" sum="20"/>
<action no="5" player="PokerMiss8" type="2" discard="1" dealt="1" sum="40"/>
</round>
<round no="1"><cards type="Pocket" player="PokerMiss8">X X</cards>
<cards type="Pocket" player="oreiasccp">S9 C7</cards>
<cards type="Pocket" player="lavidalocaM">X X</cards>
<action no="6" player="oreiasccp" type="0" sum="0"/>
<action no="7" player="lavidalocaM" type="0" discard="1" dealt="1" sum="0"/>
</round>
</game>
<game gamecode="11540662270"><general><startdate>2025-06-29 10:27:26</startdate>
<round>1</round>
<failsafecounter/>
<players><player seat="6" name="oreiasccp" chips="213" dealer="0" win="0" bet="45" muck="1" rebuy="0" addon="0" merge="0" rebuychips="0" reg_code="8394270430"/>
<player seat="10" name="lavidalocaM" chips="137" dealer="1" win="0" bet="5" muck="1" rebuy="0" addon="0" merge="0" rebuychips="0" reg_code="8394270448"/>
<player seat="3" name="PokerMiss8" chips="1,150" dealer="0" win="95" bet="125" muck="1" rebuy="0" addon="0" merge="0" rebuychips="0" reg_code="8394270410"/>
</players>
</general>
<round no="0"><action no="1" player="PokerMiss8" type="15" discard="1" dealt="1" sum="5"/>
<action no="2" player="oreiasccp" type="15" sum="5"/>
<action no="3" player="lavidalocaM" type="15" discard="1" dealt="1" sum="5"/>
<action no="4" player="PokerMiss8" type="1" discard="1" dealt="1" sum="20"/>
<action no="5" player="oreiasccp" type="2" sum="40"/>
</round>
<round no="1"><cards type="Pocket" player="PokerMiss8">X X</cards>
<cards type="Pocket" player="lavidalocaM">X X</cards>
<cards type="Pocket" player="oreiasccp">HJ D2</cards>
<action no="6" player="lavidalocaM" type="0" discard="1" dealt="1" sum="0"/>
<action no="7" player="PokerMiss8" type="3" discard="1" dealt="1" sum="20"/>
<action no="8" player="oreiasccp" type="4" sum="0"/>
</round>
<round no="2"><cards type="Flop">H9 DA C5</cards>
<action no="9" player="PokerMiss8" type="4" discard="1" dealt="1" sum="0"/>
<action no="10" player="oreiasccp" type="4" sum="0"/>
</round>
<round no="3"><cards type="Turn">H10</cards>
<action no="11" player="PokerMiss8" type="5" discard="1" dealt="1" sum="80"/>
<action no="12" player="oreiasccp" type="0" sum="0"/>
</round>
</game>
<game gamecode="11540662341"><general><startdate>2025-06-29 10:27:47</startdate>
<round>1</round>
<failsafecounter/>
<players><player seat="10" name="lavidalocaM" chips="132" dealer="0" win="55" bet="45" muck="1" rebuy="0" addon="0" merge="0" rebuychips="0" reg_code="8394270448"/>
<player seat="3" name="PokerMiss8" chips="1,200" dealer="1" win="0" bet="5" muck="1" rebuy="0" addon="0" merge="0" rebuychips="0" reg_code="8394270410"/>
<player seat="6" name="oreiasccp" chips="168" dealer="0" win="0" bet="25" muck="1" rebuy="0" addon="0" merge="0" rebuychips="0" reg_code="8394270430"/>
</players>
</general>
<round no="0"><action no="1" player="oreiasccp" type="15" sum="5"/>
<action no="2" player="lavidalocaM" type="15" discard="1" dealt="1" sum="5"/>
<action no="3" player="PokerMiss8" type="15" discard="1" dealt="1" sum="5"/>
<action no="4" player="oreiasccp" type="1" sum="20"/>
<action no="5" player="lavidalocaM" type="2" discard="1" dealt="1" sum="40"/>
</round>
<round no="1"><cards type="Pocket" player="lavidalocaM">X X</cards>
<cards type="Pocket" player="PokerMiss8">X X</cards>
<cards type="Pocket" player="oreiasccp">HJ D3</cards>
<action no="6" player="PokerMiss8" type="0" discard="1" dealt="1" sum="0"/>
<action no="7" player="oreiasccp" type="0" sum="0"/>
</round>
</game>
<game gamecode="11540662404"><general><startdate>2025-06-29 10:28:01</startdate>
<round>1</round>
<failsafecounter/>
<players><player seat="3" name="PokerMiss8" chips="1,195" dealer="0" win="329" bet="162" muck="0" rebuy="0" addon="0" merge="0" rebuychips="0" reg_code="8394270410"/>
<player seat="6" name="oreiasccp" chips="143" dealer="1" win="0" bet="5" muck="1" rebuy="0" addon="0" merge="0" rebuychips="0" reg_code="8394270430"/>
<player seat="10" name="lavidalocaM" chips="162" dealer="0" win="0" bet="162" muck="0" rebuy="0" addon="0" merge="0" rebuychips="0" reg_code="8394270448"/>
</players>
</general>
<round no="0"><action no="1" player="lavidalocaM" type="15" discard="1" dealt="1" sum="5"/>
<action no="2" player="PokerMiss8" type="15" discard="1" dealt="1" sum="5"/>
<action no="3" player="oreiasccp" type="15" sum="5"/>
<action no="4" player="lavidalocaM" type="1" discard="1" dealt="1" sum="30"/>
<action no="5" player="PokerMiss8" type="2" discard="1" dealt="1" sum="60"/>
</round>
<round no="1"><cards type="Pocket" player="PokerMiss8">CQ SQ</cards>
<cards type="Pocket" player="oreiasccp">H9 C2</cards>
<cards type="Pocket" player="lavidalocaM">S2 D2</cards>
<action no="6" player="oreiasccp" type="0" sum="0"/>
<action no="7" player="lavidalocaM" type="23" discard="1" dealt="1" sum="157"/>
<action no="8" player="PokerMiss8" type="3" discard="1" dealt="1" sum="97"/>
</round>
<round no="2"><cards type="Flop">SJ H3 D8</cards>
</round>
<round no="3"><cards type="Turn">C10</cards>
</round>
<round no="4"><cards type="River">S8</cards>
</round>
</game>
<game gamecode="11540662470"><general><startdate>2025-06-29 10:28:18</startdate>
<round>1</round>
<failsafecounter/>
<players><player seat="6" name="oreiasccp" chips="138" dealer="0" win="276" bet="138" muck="0" rebuy="0" addon="0" merge="0" rebuychips="0" reg_code="8394270430"/>
<player seat="3" name="PokerMiss8" chips="1,362" dealer="1" win="0" bet="138" muck="1" rebuy="0" addon="0" merge="0" rebuychips="0" reg_code="8394270410"/>
</players>
</general>
<round no="0"><action no="1" player="PokerMiss8" type="15" discard="1" dealt="1" sum="5"/>
<action no="2" player="oreiasccp" type="15" sum="5"/>
<action no="3" player="PokerMiss8" type="1" discard="1" dealt="1" sum="30"/>
<action no="4" player="oreiasccp" type="2" sum="60"/>
</round>
<round no="1"><cards type="Pocket" player="oreiasccp">C7 S7</cards>
<cards type="Pocket" player="PokerMiss8">H8 H5</cards>
<action no="5" player="PokerMiss8" type="3" discard="1" dealt="1" sum="30"/>
<action no="6" player="oreiasccp" type="23" sum="133"/>
<action no="7" player="PokerMiss8" type="3" discard="1" dealt="1" sum="73"/>
</round>
<round no="2"><cards type="Flop">CA DK D5</cards>
</round>
<round no="3"><cards type="Turn">H3</cards>
</round>
<round no="4"><cards type="River">C6</cards>
</round>
</game>
<game gamecode="11540662549"><general><startdate>2025-06-29 10:28:36</startdate>
<round>1</round>
<failsafecounter/>
<players><player seat="3" name="PokerMiss8" chips="1,224" dealer="0" win="70" bet="65" muck="1" rebuy="0" addon="0" merge="0" rebuychips="0" reg_code="8394270410"/>
<player seat="6" name="oreiasccp" chips="276" dealer="1" win="0" bet="35" muck="1" rebuy="0" addon="0" merge="0" rebuychips="0" reg_code="8394270430"/>
</players>
</general>
<round no="0"><action no="1" player="oreiasccp" type="15" sum="5"/>
<action no="2" player="PokerMiss8" type="15" discard="1" dealt="1" sum="5"/>
<action no="3" player="oreiasccp" type="1" sum="30"/>
<action no="4" player="PokerMiss8" type="2" discard="1" dealt="1" sum="60"/>
</round>
<round no="1"><cards type="Pocket" player="PokerMiss8">X X</cards>
<cards type="Pocket" player="oreiasccp">S5 CJ</cards>
<action no="5" player="oreiasccp" type="0" sum="0"/>
</round>
</game>
<game gamecode="11540662575"><general><startdate>2025-06-29 10:28:41</startdate>
<round>1</round>
<failsafecounter/>
<players><player seat="6" name="oreiasccp" chips="241" dealer="0" win="482" bet="241" muck="0" rebuy="0" addon="0" merge="0" rebuychips="0" reg_code="8394270430"/>
<player seat="3" name="PokerMiss8" chips="1,259" dealer="1" win="0" bet="241" muck="1" rebuy="0" addon="0" merge="0" rebuychips="0" reg_code="8394270410"/>
</players>
</general>
<round no="0"><action no="1" player="PokerMiss8" type="15" discard="1" dealt="1" sum="5"/>
<action no="2" player="oreiasccp" type="15" sum="5"/>
<action no="3" player="PokerMiss8" type="1" discard="1" dealt="1" sum="30"/>
<action no="4" player="oreiasccp" type="2" sum="60"/>
</round>
<round no="1"><cards type="Pocket" player="PokerMiss8">C9 HA</cards>
<cards type="Pocket" player="oreiasccp">SA HQ</cards>
<action no="5" player="PokerMiss8" type="23" discard="1" dealt="1" sum="180"/>
<action no="6" player="oreiasccp" type="7" sum="176"/>
<action no="7" player="PokerMiss8" type="3" discard="1" dealt="1" sum="56"/>
</round>
<round no="2"><cards type="Flop">H4 C10 H6</cards>
</round>
<round no="3"><cards type="Turn">S2</cards>
</round>
<round no="4"><cards type="River">D4</cards>
</round>
</game>
<game gamecode="11540662655"><general><startdate>2025-06-29 10:29:00</startdate>
<round>1</round>
<failsafecounter/>
<players><player seat="3" name="PokerMiss8" chips="1,018" dealer="0" win="0" bet="65" muck="1" rebuy="0" addon="0" merge="0" rebuychips="0" reg_code="8394270410"/>
<player seat="6" name="oreiasccp" chips="482" dealer="1" win="130" bet="482" muck="1" rebuy="0" addon="0" merge="0" rebuychips="0" reg_code="8394270430"/>
</players>
</general>
<round no="0"><action no="1" player="oreiasccp" type="15" sum="5"/>
<action no="2" player="PokerMiss8" type="15" discard="1" dealt="1" sum="5"/>
<action no="3" player="oreiasccp" type="1" sum="30"/>
<action no="4" player="PokerMiss8" type="2" discard="1" dealt="1" sum="60"/>
</round>
<round no="1"><cards type="Pocket" player="PokerMiss8">X X</cards>
<cards type="Pocket" player="oreiasccp">S3 HA</cards>
<action no="5" player="oreiasccp" type="23" sum="477"/>
<action no="6" player="PokerMiss8" type="0" discard="1" dealt="1" sum="0"/>
</round>
</game>
<game gamecode="11540662679"><general><startdate>2025-06-29 10:29:08</startdate>
<round>1</round>
<failsafecounter/>
<players><player seat="6" name="oreiasccp" chips="547" dealer="0" win="0" bet="547" muck="0" rebuy="0" addon="0" merge="0" rebuychips="0" reg_code="8394270430"/>
<player seat="3" name="PokerMiss8" chips="953" dealer="1" win="1,094" bet="547" muck="0" rebuy="0" addon="0" merge="0" rebuychips="0" reg_code="8394270410"/>
</players>
</general>
<round no="0"><action no="1" player="PokerMiss8" type="15" discard="1" dealt="1" sum="5"/>
<action no="2" player="oreiasccp" type="15" sum="5"/>
<action no="3" player="PokerMiss8" type="1" discard="1" dealt="1" sum="30"/>
<action no="4" player="oreiasccp" type="2" sum="60"/>
</round>
<round no="1"><cards type="Pocket" player="oreiasccp">DK C2</cards>
<cards type="Pocket" player="PokerMiss8">DQ SQ</cards>
<action no="5" player="PokerMiss8" type="23" discard="1" dealt="1" sum="120"/>
<action no="6" player="oreiasccp" type="23" sum="542"/>
<action no="7" player="PokerMiss8" type="3" discard="1" dealt="1" sum="422"/>
</round>
<round no="2"><cards type="Flop">D7 HJ C5</cards>
</round>
<round no="3"><cards type="Turn">HA</cards>
</round>
<round no="4"><cards type="River">D8</cards>
</round>
</game>
</session>
