<?xml version="1.0" encoding="UTF-8"?>
<session sessioncode="8394298686">
<general>
<client_version>25.1.1.13</client_version>
<mode>real</mode>
<gametype>Holdem NL</gametype>
<tablename>Twister €5 SNG, 1128856373</tablename>
<tournamentcode>1128856372</tournamentcode>
<tournamentname>Twister €5 SNG</tournamentname>
<buyin>€0 + €0.35 + €4.65</buyin>
<totalbuyin>€5</totalbuyin>
<rewarddrawn>€10</rewarddrawn>
<tournamentcurrency>EUR</tournamentcurrency>
<currency>EUR</currency>
<nickname>oreiasccp</nickname>
<gamecount>10</gamecount>
<startdate>2025-06-29 11:47:04</startdate>
<place>1</place>
<win>€10</win>
<tablesize>3</tablesize>
</general>
<game gamecode="11540732693"><general><startdate>2025-06-29 11:47:20</startdate>
<round>1</round>
<failsafecounter/>
<players><player seat="6" name="rosecool1371" chips="500" dealer="0" win="0" bet="20" muck="1" rebuy="0" addon="0" merge="0" rebuychips="0" reg_code="8394298727"/>
<player seat="10" name="mouzolmar" chips="500" dealer="1" win="50" bet="40" muck="1" rebuy="0" addon="0" merge="0" rebuychips="0" reg_code="8394298735"/>
<player seat="3" name="oreiasccp" chips="500" dealer="0" win="0" bet="10" muck="1" rebuy="0" addon="0" merge="0" rebuychips="0" reg_code="8394298686"/>
</players>
</general>
<round no="0"><action no="1" player="oreiasccp" type="1" sum="10"/>
<action no="2" player="rosecool1371" type="2" discard="1" dealt="1" sum="20"/>
</round>
<round no="1"><cards type="Pocket" player="rosecool1371">X X</cards>
<cards type="Pocket" player="mouzolmar">X X</cards>
<cards type="Pocket" player="oreiasccp">C8 HA</cards>
<action no="3" player="mouzolmar" type="23" discard="1" dealt="1" sum="40"/>
<action no="4" player="oreiasccp" type="0" sum="0"/>
<action no="5" player="rosecool1371" type="0" discard="1" dealt="1" sum="0"/>
</round>
</game>
<game gamecode="11540732736"><general><startdate>2025-06-29 11:47:33</startdate>
<round>1</round>
<failsafecounter/>
<players><player seat="10" name="mouzolmar" chips="530" dealer="0" win="0" bet="20" muck="1" rebuy="0" addon="0" merge="0" rebuychips="0" reg_code="8394298735"/>
<player seat="3" name="oreiasccp" chips="490" dealer="1" win="980" bet="480" muck="0" rebuy="0" addon="0" merge="0" rebuychips="0" reg_code="8394298686"/>
<player seat="6" name="rosecool1371" chips="480" dealer="0" win="0" bet="480" muck="0" rebuy="0" addon="0" merge="0" rebuychips="0" reg_code="8394298727"/>
</players>
</general>
<round no="0"><action no="1" player="rosecool1371" type="1" discard="1" dealt="1" sum="10"/>
<action no="2" player="mouzolmar" type="2" discard="1" dealt="1" sum="20"/>
</round>
<round no="1"><cards type="Pocket" player="rosecool1371">C9 SK</cards>
<cards type="Pocket" player="mouzolmar">X X</cards>
<cards type="Pocket" player="oreiasccp">S10 SA</cards>
<action no="3" player="oreiasccp" type="23" sum="40"/>
<action no="4" player="rosecool1371" type="23" discard="1" dealt="1" sum="480"/>
<action no="5" player="mouzolmar" type="0" discard="1" dealt="1" sum="0"/>
<action no="6" player="oreiasccp" type="3" sum="440"/>
</round>
<round no="2"><cards type="Flop">SQ DA H10</cards>
</round>
<round no="3"><cards type="Turn">D5</cards>
</round>
<round no="4"><cards type="River">HK</cards>
</round>
</game>
<game gamecode="11540732825"><general><startdate>2025-06-29 11:47:55</startdate>
<round>1</round>
<failsafecounter/>
<players><player seat="3" name="oreiasccp" chips="990" dealer="0" win="0" bet="180" muck="1" rebuy="0" addon="0" merge="0" rebuychips="0" reg_code="8394298686"/>
<player seat="10" name="mouzolmar" chips="510" dealer="1" win="360" bet="180" muck="0" rebuy="0" addon="0" merge="0" rebuychips="0" reg_code="8394298735"/>
</players>
</general>
<round no="0"><action no="1" player="mouzolmar" type="1" discard="1" dealt="1" sum="10"/>
<action no="2" player="oreiasccp" type="2" sum="20"/>
</round>
<round no="1"><cards type="Pocket" player="oreiasccp">D4 D9</cards>
<cards type="Pocket" player="mouzolmar">S10 CQ</cards>
<action no="3" player="mouzolmar" type="3" discard="1" dealt="1" sum="10"/>
<action no="4" player="oreiasccp" type="4" sum="0"/>
</round>
<round no="2"><cards type="Flop">D3 H7 DQ</cards>
<action no="5" player="oreiasccp" type="4" sum="0"/>
<action no="6" player="mouzolmar" type="5" discard="1" dealt="1" sum="20"/>
<action no="7" player="oreiasccp" type="23" sum="60"/>
<action no="8" player="mouzolmar" type="3" discard="1" dealt="1" sum="40"/>
</round>
<round no="3"><cards type="Turn">CK</cards>
<action no="9" player="oreiasccp" type="5" sum="100"/>
<action no="10" player="mouzolmar" type="3" discard="1" dealt="1" sum="100"/>
</round>
<round no="4"><cards type="River">H3</cards>
<action no="11" player="oreiasccp" type="4" sum="0"/>
<action no="12" player="mouzolmar" type="4" discard="1" dealt="1" sum="0"/>
</round>
</game>
<game gamecode="11540732929"><general><startdate>2025-06-29 11:48:21</startdate>
<round>1</round>
<failsafecounter/>
<players><player seat="10" name="mouzolmar" chips="690" dealer="0" win="80" bet="80" muck="1" rebuy="0" addon="0" merge="0" rebuychips="0" reg_code="8394298735"/>
<player seat="3" name="oreiasccp" chips="810" dealer="1" win="0" bet="40" muck="1" rebuy="0" addon="0" merge="0" rebuychips="0" reg_code="8394298686"/>
</players>
</general>
<round no="0"><action no="1" player="oreiasccp" type="1" sum="10"/>
<action no="2" player="mouzolmar" type="2" discard="1" dealt="1" sum="20"/>
</round>
<round no="1"><cards type="Pocket" player="oreiasccp">HQ S3</cards>
<cards type="Pocket" player="mouzolmar">X X</cards>
<action no="3" player="oreiasccp" type="3" sum="10"/>
<action no="4" player="mouzolmar" type="4" discard="1" dealt="1" sum="0"/>
</round>
<round no="2"><cards type="Flop">HJ D5 S9</cards>
<action no="5" player="mouzolmar" type="4" discard="1" dealt="1" sum="0"/>
<action no="6" player="oreiasccp" type="5" sum="20"/>
<action no="7" player="mouzolmar" type="3" discard="1" dealt="1" sum="20"/>
</round>
<round no="3"><cards type="Turn">C10</cards>
<action no="8" player="mouzolmar" type="4" discard="1" dealt="1" sum="0"/>
<action no="9" player="oreiasccp" type="4" sum="0"/>
</round>
<round no="4"><cards type="River">CA</cards>
<action no="10" player="mouzolmar" type="5" discard="1" dealt="1" sum="40"/>
<action no="11" player="oreiasccp" type="0" sum="0"/>
</round>
</game>
<game gamecode="11540733004"><general><startdate>2025-06-29 11:48:40</startdate>
<round>1</round>
<failsafecounter/>
<players><player seat="3" name="oreiasccp" chips="770" dealer="0" win="20" bet="20" muck="1" rebuy="0" addon="0" merge="0" rebuychips="0" reg_code="8394298686"/>
<player seat="10" name="mouzolmar" chips="730" dealer="1" win="0" bet="10" muck="1" rebuy="0" addon="0" merge="0" rebuychips="0" reg_code="8394298735"/>
</players>
</general>
<round no="0"><action no="1" player="mouzolmar" type="1" discard="1" dealt="1" sum="10"/>
<action no="2" player="oreiasccp" type="2" sum="20"/>
</round>
<round no="1"><cards type="Pocket" player="oreiasccp">D10 S10</cards>
<cards type="Pocket" player="mouzolmar">X X</cards>
<action no="3" player="mouzolmar" type="0" discard="1" dealt="1" sum="0"/>
</round>
</game>
<game gamecode="11540733029"><general><startdate>2025-06-29 11:48:45</startdate>
<round>1</round>
<failsafecounter/>
<players><player seat="10" name="mouzolmar" chips="720" dealer="0" win="0" bet="40" muck="1" rebuy="0" addon="0" merge="0" rebuychips="0" reg_code="8394298735"/>
<player seat="3" name="oreiasccp" chips="780" dealer="1" win="80" bet="60" muck="1" rebuy="0" addon="0" merge="0" rebuychips="0" reg_code="8394298686"/>
</players>
</general>
<round no="0"><action no="1" player="oreiasccp" type="1" sum="10"/>
<action no="2" player="mouzolmar" type="2" discard="1" dealt="1" sum="20"/>
</round>
<round no="1"><cards type="Pocket" player="mouzolmar">X X</cards>
<cards type="Pocket" player="oreiasccp">HA DQ</cards>
<action no="3" player="oreiasccp" type="23" sum="40"/>
<action no="4" player="mouzolmar" type="3" discard="1" dealt="1" sum="20"/>
</round>
<round no="2"><cards type="Flop">S5 DK D5</cards>
<action no="5" player="mouzolmar" type="4" discard="1" dealt="1" sum="0"/>
<action no="6" player="oreiasccp" type="4" sum="0"/>
</round>
<round no="3"><cards type="Turn">CK</cards>
<action no="7" player="mouzolmar" type="4" discard="1" dealt="1" sum="0"/>
<action no="8" player="oreiasccp" type="5" sum="20"/>
<action no="9" player="mouzolmar" type="0" discard="1" dealt="1" sum="0"/>
</round>
</game>
<game gamecode="11540733093"><general><startdate>2025-06-29 11:49:03</startdate>
<round>1</round>
<failsafecounter/>
<players><player seat="3" name="oreiasccp" chips="820" dealer="0" win="0" bet="20" muck="1" rebuy="0" addon="0" merge="0" rebuychips="0" reg_code="8394298686"/>
<player seat="10" name="mouzolmar" chips="680" dealer="1" win="40" bet="40" muck="1" rebuy="0" addon="0" merge="0" rebuychips="0" reg_code="8394298735"/>
</players>
</general>
<round no="0"><action no="1" player="mouzolmar" type="1" discard="1" dealt="1" sum="10"/>
<action no="2" player="oreiasccp" type="2" sum="20"/>
</round>
<round no="1"><cards type="Pocket" player="oreiasccp">C10 D6</cards>
<cards type="Pocket" player="mouzolmar">X X</cards>
<action no="3" player="mouzolmar" type="3" discard="1" dealt="1" sum="10"/>
<action no="4" player="oreiasccp" type="4" sum="0"/>
</round>
<round no="2"><cards type="Flop">S3 DA H4</cards>
<action no="5" player="oreiasccp" type="4" sum="0"/>
<action no="6" player="mouzolmar" type="5" discard="1" dealt="1" sum="20"/>
<action no="7" player="oreiasccp" type="0" sum="0"/>
</round>
</game>
<game gamecode="11540733145"><general><startdate>2025-06-29 11:49:17</startdate>
<round>1</round>
<failsafecounter/>
<players><player seat="10" name="mouzolmar" chips="700" dealer="0" win="0" bet="40" muck="1" rebuy="0" addon="0" merge="0" rebuychips="0" reg_code="8394298735"/>
<player seat="3" name="oreiasccp" chips="800" dealer="1" win="80" bet="40" muck="0" rebuy="0" addon="0" merge="0" rebuychips="0" reg_code="8394298686"/>
</players>
</general>
<round no="0"><action no="1" player="oreiasccp" type="1" sum="10"/>
<action no="2" player="mouzolmar" type="2" discard="1" dealt="1" sum="20"/>
</round>
<round no="1"><cards type="Pocket" player="mouzolmar">HJ C10</cards>
<cards type="Pocket" player="oreiasccp">CA S6</cards>
<action no="3" player="oreiasccp" type="3" sum="10"/>
<action no="4" player="mouzolmar" type="4" discard="1" dealt="1" sum="0"/>
</round>
<round no="2"><cards type="Flop">C9 C2 D5</cards>
<action no="5" player="mouzolmar" type="4" discard="1" dealt="1" sum="0"/>
<action no="6" player="oreiasccp" type="4" sum="0"/>
</round>
<round no="3"><cards type="Turn">DK</cards>
<action no="7" player="mouzolmar" type="5" discard="1" dealt="1" sum="20"/>
<action no="8" player="oreiasccp" type="3" sum="20"/>
</round>
<round no="4"><cards type="River">SK</cards>
<action no="9" player="mouzolmar" type="4" discard="1" dealt="1" sum="0"/>
<action no="10" player="oreiasccp" type="4" sum="0"/>
</round>
</game>
<game gamecode="11540733207"><general><startdate>2025-06-29 11:49:34</startdate>
<round>1</round>
<failsafecounter/>
<players><player seat="3" name="oreiasccp" chips="840" dealer="0" win="40" bet="35" muck="1" rebuy="0" addon="0" merge="0" rebuychips="0" reg_code="8394298686"/>
<player seat="10" name="mouzolmar" chips="660" dealer="1" win="0" bet="20" muck="1" rebuy="0" addon="0" merge="0" rebuychips="0" reg_code="8394298735"/>
</players>
</general>
<round no="0"><action no="1" player="mouzolmar" type="15" discard="1" dealt="1" sum="5"/>
<action no="2" player="oreiasccp" type="15" sum="5"/>
<action no="3" player="mouzolmar" type="1" discard="1" dealt="1" sum="15"/>
<action no="4" player="oreiasccp" type="2" sum="30"/>
</round>
<round no="1"><cards type="Pocket" player="oreiasccp">CQ H10</cards>
<cards type="Pocket" player="mouzolmar">X X</cards>
<action no="5" player="mouzolmar" type="0" discard="1" dealt="1" sum="0"/>
</round>
</game>
<game gamecode="11540733227"><general><startdate>2025-06-29 11:49:39</startdate>
<round>1</round>
<failsafecounter/>
<players><player seat="10" name="mouzolmar" chips="640" dealer="0" win="0" bet="640" muck="0" rebuy="0" addon="0" merge="0" rebuychips="0" reg_code="8394298735"/>
<player seat="3" name="oreiasccp" chips="860" dealer="1" win="1,280" bet="640" muck="0" rebuy="0" addon="0" merge="0" rebuychips="0" reg_code="8394298686"/>
</players>
</general>
<round no="0"><action no="1" player="oreiasccp" type="15" sum="5"/>
<action no="2" player="mouzolmar" type="15" discard="1" dealt="1" sum="5"/>
<action no="3" player="oreiasccp" type="1" sum="15"/>
<action no="4" player="mouzolmar" type="2" discard="1" dealt="1" sum="30"/>
</round>
<round no="1"><cards type="Pocket" player="mouzolmar">S3 H3</cards>
<cards type="Pocket" player="oreiasccp">DA SJ</cards>
<action no="5" player="oreiasccp" type="23" sum="60"/>
<action no="6" player="mouzolmar" type="23" discard="1" dealt="1" sum="635"/>
<action no="7" player="oreiasccp" type="3" sum="575"/>
</round>
<round no="2"><cards type="Flop">C8 D7 DJ</cards>
</round>
<round no="3"><cards type="Turn">S10</cards>
</round>
<round no="4"><cards type="River">C4</cards>
</round>
</game>
</session>
