<?xml version="1.0" encoding="UTF-8"?>
<session sessioncode="8394295522">
<general>
<client_version>25.1.1.13</client_version>
<mode>real</mode>
<gametype>Holdem NL</gametype>
<tablename>Twister €5 SNG, 1128855821</tablename>
<tournamentcode>1128855820</tournamentcode>
<tournamentname>Twister €5 SNG</tournamentname>
<buyin>€0 + €0.35 + €4.65</buyin>
<totalbuyin>€5</totalbuyin>
<rewarddrawn>€10</rewarddrawn>
<tournamentcurrency>EUR</tournamentcurrency>
<currency>EUR</currency>
<nickname>oreiasccp</nickname>
<gamecount>15</gamecount>
<startdate>2025-06-29 11:36:39</startdate>
<place>3</place>
<win>€0</win>
<tablesize>3</tablesize>
</general>
<game gamecode="11540724512"><general><startdate>2025-06-29 11:36:55</startdate>
<round>1</round>
<failsafecounter/>
<players><player seat="10" name="6SP9" chips="500" dealer="0" win="20" bet="20" muck="1" rebuy="0" addon="0" merge="0" rebuychips="0" reg_code="8394295581"/>
<player seat="3" name="oreiasccp" chips="500" dealer="1" win="0" bet="0" muck="1" rebuy="0" addon="0" merge="0" rebuychips="0" reg_code="8394295522"/>
<player seat="6" name="herocal" chips="500" dealer="0" win="0" bet="10" muck="1" rebuy="0" addon="0" merge="0" rebuychips="0" reg_code="8394295542"/>
</players>
</general>
<round no="0"><action no="1" player="herocal" type="1" discard="1" dealt="1" sum="10"/>
<action no="2" player="6SP9" type="2" discard="1" dealt="1" sum="20"/>
</round>
<round no="1"><cards type="Pocket" player="6SP9">X X</cards>
<cards type="Pocket" player="oreiasccp">DQ C3</cards>
<cards type="Pocket" player="herocal">X X</cards>
<action no="3" player="oreiasccp" type="0" sum="0"/>
<action no="4" player="herocal" type="0" discard="1" dealt="1" sum="0"/>
</round>
</game>
<game gamecode="11540724563"><general><startdate>2025-06-29 11:37:05</startdate>
<round>1</round>
<failsafecounter/>
<players><player seat="3" name="oreiasccp" chips="500" dealer="0" win="0" bet="60" muck="1" rebuy="0" addon="0" merge="0" rebuychips="0" reg_code="8394295522"/>
<player seat="6" name="herocal" chips="490" dealer="1" win="0" bet="0" muck="1" rebuy="0" addon="0" merge="0" rebuychips="0" reg_code="8394295542"/>
<player seat="10" name="6SP9" chips="510" dealer="0" win="120" bet="90" muck="1" rebuy="0" addon="0" merge="0" rebuychips="0" reg_code="8394295581"/>
</players>
</general>
<round no="0"><action no="1" player="6SP9" type="1" discard="1" dealt="1" sum="10"/>
<action no="2" player="oreiasccp" type="2" sum="20"/>
</round>
<round no="1"><cards type="Pocket" player="herocal">X X</cards>
<cards type="Pocket" player="6SP9">X X</cards>
<cards type="Pocket" player="oreiasccp">CJ D9</cards>
<action no="3" player="herocal" type="0" discard="1" dealt="1" sum="0"/>
<action no="4" player="6SP9" type="23" discard="1" dealt="1" sum="60"/>
<action no="5" player="oreiasccp" type="3" sum="40"/>
</round>
<round no="2"><cards type="Flop">HA S3 D4</cards>
<action no="6" player="6SP9" type="5" discard="1" dealt="1" sum="30"/>
<action no="7" player="oreiasccp" type="0" sum="0"/>
</round>
</game>
<game gamecode="11540724624"><general><startdate>2025-06-29 11:37:18</startdate>
<round>1</round>
<failsafecounter/>
<players><player seat="6" name="herocal" chips="490" dealer="0" win="130" bet="120" muck="1" rebuy="0" addon="0" merge="0" rebuychips="0" reg_code="8394295542"/>
<player seat="10" name="6SP9" chips="570" dealer="1" win="0" bet="60" muck="1" rebuy="0" addon="0" merge="0" rebuychips="0" reg_code="8394295581"/>
<player seat="3" name="oreiasccp" chips="440" dealer="0" win="0" bet="10" muck="1" rebuy="0" addon="0" merge="0" rebuychips="0" reg_code="8394295522"/>
</players>
</general>
<round no="0"><action no="1" player="oreiasccp" type="1" sum="10"/>
<action no="2" player="herocal" type="2" discard="1" dealt="1" sum="20"/>
</round>
<round no="1"><cards type="Pocket" player="6SP9">X X</cards>
<cards type="Pocket" player="herocal">X X</cards>
<cards type="Pocket" player="oreiasccp">D8 CK</cards>
<action no="3" player="6SP9" type="23" discard="1" dealt="1" sum="40"/>
<action no="4" player="oreiasccp" type="0" sum="0"/>
<action no="5" player="herocal" type="3" discard="1" dealt="1" sum="20"/>
</round>
<round no="2"><cards type="Flop">SK DK D6</cards>
<action no="6" player="herocal" type="4" discard="1" dealt="1" sum="0"/>
<action no="7" player="6SP9" type="5" discard="1" dealt="1" sum="20"/>
<action no="8" player="herocal" type="23" discard="1" dealt="1" sum="80"/>
<action no="9" player="6SP9" type="0" discard="1" dealt="1" sum="0"/>
</round>
</game>
<game gamecode="11540724768"><general><startdate>2025-06-29 11:37:50</startdate>
<round>1</round>
<failsafecounter/>
<players><player seat="10" name="6SP9" chips="510" dealer="0" win="40" bet="60" muck="1" rebuy="0" addon="0" merge="0" rebuychips="0" reg_code="8394295581"/>
<player seat="3" name="oreiasccp" chips="430" dealer="1" win="0" bet="0" muck="1" rebuy="0" addon="0" merge="0" rebuychips="0" reg_code="8394295522"/>
<player seat="6" name="herocal" chips="560" dealer="0" win="0" bet="20" muck="1" rebuy="0" addon="0" merge="0" rebuychips="0" reg_code="8394295542"/>
</players>
</general>
<round no="0"><action no="1" player="herocal" type="1" discard="1" dealt="1" sum="10"/>
<action no="2" player="6SP9" type="2" discard="1" dealt="1" sum="20"/>
</round>
<round no="1"><cards type="Pocket" player="herocal">X X</cards>
<cards type="Pocket" player="oreiasccp">CK H6</cards>
<cards type="Pocket" player="6SP9">X X</cards>
<action no="3" player="oreiasccp" type="0" sum="0"/>
<action no="4" player="herocal" type="3" discard="1" dealt="1" sum="10"/>
<action no="5" player="6SP9" type="4" discard="1" dealt="1" sum="0"/>
</round>
<round no="2"><cards type="Flop">H7 D4 H9</cards>
<action no="6" player="herocal" type="4" discard="1" dealt="1" sum="0"/>
<action no="7" player="6SP9" type="5" discard="1" dealt="1" sum="40"/>
<action no="8" player="herocal" type="0" discard="1" dealt="1" sum="0"/>
</round>
</game>
<game gamecode="11540724829"><general><startdate>2025-06-29 11:38:06</startdate>
<round>1</round>
<failsafecounter/>
<players><player seat="3" name="oreiasccp" chips="430" dealer="0" win="120" bet="430" muck="1" rebuy="0" addon="0" merge="0" rebuychips="0" reg_code="8394295522"/>
<player seat="6" name="herocal" chips="540" dealer="1" win="0" bet="40" muck="1" rebuy="0" addon="0" merge="0" rebuychips="0" reg_code="8394295542"/>
<player seat="10" name="6SP9" chips="530" dealer="0" win="0" bet="40" muck="1" rebuy="0" addon="0" merge="0" rebuychips="0" reg_code="8394295581"/>
</players>
</general>
<round no="0"><action no="1" player="6SP9" type="1" discard="1" dealt="1" sum="10"/>
<action no="2" player="oreiasccp" type="2" sum="20"/>
</round>
<round no="1"><cards type="Pocket" player="herocal">X X</cards>
<cards type="Pocket" player="6SP9">X X</cards>
<cards type="Pocket" player="oreiasccp">S3 C3</cards>
<action no="3" player="herocal" type="23" discard="1" dealt="1" sum="40"/>
<action no="4" player="6SP9" type="3" discard="1" dealt="1" sum="30"/>
<action no="5" player="oreiasccp" type="23" sum="430"/>
<action no="6" player="herocal" type="0" discard="1" dealt="1" sum="0"/>
<action no="7" player="6SP9" type="0" discard="1" dealt="1" sum="0"/>
</round>
</game>
<game gamecode="11540724890"><general><startdate>2025-06-29 11:38:20</startdate>
<round>1</round>
<failsafecounter/>
<players><player seat="6" name="herocal" chips="500" dealer="0" win="0" bet="40" muck="1" rebuy="0" addon="0" merge="0" rebuychips="0" reg_code="8394295542"/>
<player seat="10" name="6SP9" chips="490" dealer="1" win="90" bet="62" muck="1" rebuy="0" addon="0" merge="0" rebuychips="0" reg_code="8394295581"/>
<player seat="3" name="oreiasccp" chips="510" dealer="0" win="0" bet="10" muck="1" rebuy="0" addon="0" merge="0" rebuychips="0" reg_code="8394295522"/>
</players>
</general>
<round no="0"><action no="1" player="oreiasccp" type="1" sum="10"/>
<action no="2" player="herocal" type="2" discard="1" dealt="1" sum="20"/>
</round>
<round no="1"><cards type="Pocket" player="herocal">X X</cards>
<cards type="Pocket" player="6SP9">X X</cards>
<cards type="Pocket" player="oreiasccp">C5 D4</cards>
<action no="3" player="6SP9" type="23" discard="1" dealt="1" sum="40"/>
<action no="4" player="oreiasccp" type="0" sum="0"/>
<action no="5" player="herocal" type="3" discard="1" dealt="1" sum="20"/>
</round>
<round no="2"><cards type="Flop">CJ C9 D2</cards>
<action no="6" player="herocal" type="4" discard="1" dealt="1" sum="0"/>
<action no="7" player="6SP9" type="5" discard="1" dealt="1" sum="22"/>
<action no="8" player="herocal" type="0" discard="1" dealt="1" sum="0"/>
</round>
</game>
<game gamecode="11540724949"><general><startdate>2025-06-29 11:38:36</startdate>
<round>1</round>
<failsafecounter/>
<players><player seat="10" name="6SP9" chips="540" dealer="0" win="180" bet="90" muck="0" rebuy="0" addon="0" merge="0" rebuychips="0" reg_code="8394295581"/>
<player seat="3" name="oreiasccp" chips="500" dealer="1" win="0" bet="0" muck="1" rebuy="0" addon="0" merge="0" rebuychips="0" reg_code="8394295522"/>
<player seat="6" name="herocal" chips="460" dealer="0" win="0" bet="90" muck="1" rebuy="0" addon="0" merge="0" rebuychips="0" reg_code="8394295542"/>
</players>
</general>
<round no="0"><action no="1" player="herocal" type="1" discard="1" dealt="1" sum="10"/>
<action no="2" player="6SP9" type="2" discard="1" dealt="1" sum="20"/>
</round>
<round no="1"><cards type="Pocket" player="6SP9">DQ DK</cards>
<cards type="Pocket" player="oreiasccp">D8 S3</cards>
<cards type="Pocket" player="herocal">C5 C4</cards>
<action no="3" player="oreiasccp" type="0" sum="0"/>
<action no="4" player="herocal" type="3" discard="1" dealt="1" sum="10"/>
<action no="5" player="6SP9" type="23" discard="1" dealt="1" sum="60"/>
<action no="6" player="herocal" type="3" discard="1" dealt="1" sum="40"/>
</round>
<round no="2"><cards type="Flop">C3 DJ H7</cards>
<action no="7" player="herocal" type="4" discard="1" dealt="1" sum="0"/>
<action no="8" player="6SP9" type="5" discard="1" dealt="1" sum="30"/>
<action no="9" player="herocal" type="3" discard="1" dealt="1" sum="30"/>
</round>
<round no="3"><cards type="Turn">S7</cards>
<action no="10" player="herocal" type="4" discard="1" dealt="1" sum="0"/>
<action no="11" player="6SP9" type="4" discard="1" dealt="1" sum="0"/>
</round>
<round no="4"><cards type="River">H3</cards>
<action no="12" player="herocal" type="4" discard="1" dealt="1" sum="0"/>
<action no="13" player="6SP9" type="4" discard="1" dealt="1" sum="0"/>
</round>
</game>
<game gamecode="11540725101"><general><startdate>2025-06-29 11:39:11</startdate>
<round>1</round>
<failsafecounter/>
<players><player seat="3" name="oreiasccp" chips="500" dealer="0" win="0" bet="35" muck="1" rebuy="0" addon="0" merge="0" rebuychips="0" reg_code="8394295522"/>
<player seat="6" name="herocal" chips="370" dealer="1" win="0" bet="5" muck="1" rebuy="0" addon="0" merge="0" rebuychips="0" reg_code="8394295542"/>
<player seat="10" name="6SP9" chips="630" dealer="0" win="75" bet="80" muck="1" rebuy="0" addon="0" merge="0" rebuychips="0" reg_code="8394295581"/>
</players>
</general>
<round no="0"><action no="1" player="6SP9" type="15" discard="1" dealt="1" sum="5"/>
<action no="2" player="oreiasccp" type="15" sum="5"/>
<action no="3" player="herocal" type="15" discard="1" dealt="1" sum="5"/>
<action no="4" player="6SP9" type="1" discard="1" dealt="1" sum="15"/>
<action no="5" player="oreiasccp" type="2" sum="30"/>
</round>
<round no="1"><cards type="Pocket" player="6SP9">X X</cards>
<cards type="Pocket" player="oreiasccp">SJ H3</cards>
<cards type="Pocket" player="herocal">X X</cards>
<action no="6" player="herocal" type="0" discard="1" dealt="1" sum="0"/>
<action no="7" player="6SP9" type="23" discard="1" dealt="1" sum="75"/>
<action no="8" player="oreiasccp" type="0" sum="0"/>
</round>
</game>
<game gamecode="11540725182"><general><startdate>2025-06-29 11:39:30</startdate>
<round>1</round>
<failsafecounter/>
<players><player seat="6" name="herocal" chips="365" dealer="0" win="0" bet="35" muck="1" rebuy="0" addon="0" merge="0" rebuychips="0" reg_code="8394295542"/>
<player seat="10" name="6SP9" chips="670" dealer="1" win="0" bet="5" muck="1" rebuy="0" addon="0" merge="0" rebuychips="0" reg_code="8394295581"/>
<player seat="3" name="oreiasccp" chips="465" dealer="0" win="75" bet="365" muck="1" rebuy="0" addon="0" merge="0" rebuychips="0" reg_code="8394295522"/>
</players>
</general>
<round no="0"><action no="1" player="oreiasccp" type="15" sum="5"/>
<action no="2" player="herocal" type="15" discard="1" dealt="1" sum="5"/>
<action no="3" player="6SP9" type="15" discard="1" dealt="1" sum="5"/>
<action no="4" player="oreiasccp" type="1" sum="15"/>
<action no="5" player="herocal" type="2" discard="1" dealt="1" sum="30"/>
</round>
<round no="1"><cards type="Pocket" player="oreiasccp">CA S4</cards>
<cards type="Pocket" player="6SP9">X X</cards>
<cards type="Pocket" player="herocal">X X</cards>
<action no="6" player="6SP9" type="0" discard="1" dealt="1" sum="0"/>
<action no="7" player="oreiasccp" type="23" sum="360"/>
<action no="8" player="herocal" type="0" discard="1" dealt="1" sum="0"/>
</round>
</game>
<game gamecode="11540725258"><general><startdate>2025-06-29 11:39:48</startdate>
<round>1</round>
<failsafecounter/>
<players><player seat="10" name="6SP9" chips="665" dealer="0" win="0" bet="35" muck="1" rebuy="0" addon="0" merge="0" rebuychips="0" reg_code="8394295581"/>
<player seat="3" name="oreiasccp" chips="505" dealer="1" win="0" bet="65" muck="1" rebuy="0" addon="0" merge="0" rebuychips="0" reg_code="8394295522"/>
<player seat="6" name="herocal" chips="330" dealer="0" win="165" bet="330" muck="1" rebuy="0" addon="0" merge="0" rebuychips="0" reg_code="8394295542"/>
</players>
</general>
<round no="0"><action no="1" player="herocal" type="15" discard="1" dealt="1" sum="5"/>
<action no="2" player="6SP9" type="15" discard="1" dealt="1" sum="5"/>
<action no="3" player="oreiasccp" type="15" sum="5"/>
<action no="4" player="herocal" type="1" discard="1" dealt="1" sum="15"/>
<action no="5" player="6SP9" type="2" discard="1" dealt="1" sum="30"/>
</round>
<round no="1"><cards type="Pocket" player="herocal">X X</cards>
<cards type="Pocket" player="6SP9">X X</cards>
<cards type="Pocket" player="oreiasccp">CK D9</cards>
<action no="6" player="oreiasccp" type="23" sum="60"/>
<action no="7" player="herocal" type="23" discard="1" dealt="1" sum="325"/>
<action no="8" player="6SP9" type="0" discard="1" dealt="1" sum="0"/>
<action no="9" player="oreiasccp" type="0" sum="0"/>
</round>
</game>
<game gamecode="11540725346"><general><startdate>2025-06-29 11:40:08</startdate>
<round>1</round>
<failsafecounter/>
<players><player seat="3" name="oreiasccp" chips="440" dealer="0" win="45" bet="35" muck="1" rebuy="0" addon="0" merge="0" rebuychips="0" reg_code="8394295522"/>
<player seat="6" name="herocal" chips="430" dealer="1" win="0" bet="5" muck="1" rebuy="0" addon="0" merge="0" rebuychips="0" reg_code="8394295542"/>
<player seat="10" name="6SP9" chips="630" dealer="0" win="0" bet="20" muck="1" rebuy="0" addon="0" merge="0" rebuychips="0" reg_code="8394295581"/>
</players>
</general>
<round no="0"><action no="1" player="6SP9" type="15" discard="1" dealt="1" sum="5"/>
<action no="2" player="oreiasccp" type="15" sum="5"/>
<action no="3" player="herocal" type="15" discard="1" dealt="1" sum="5"/>
<action no="4" player="6SP9" type="1" discard="1" dealt="1" sum="15"/>
<action no="5" player="oreiasccp" type="2" sum="30"/>
</round>
<round no="1"><cards type="Pocket" player="oreiasccp">H9 H5</cards>
<cards type="Pocket" player="herocal">X X</cards>
<cards type="Pocket" player="6SP9">X X</cards>
<action no="6" player="herocal" type="0" discard="1" dealt="1" sum="0"/>
<action no="7" player="6SP9" type="0" discard="1" dealt="1" sum="0"/>
</round>
</game>
<game gamecode="11540725379"><general><startdate>2025-06-29 11:40:17</startdate>
<round>1</round>
<failsafecounter/>
<players><player seat="6" name="herocal" chips="425" dealer="0" win="135" bet="425" muck="1" rebuy="0" addon="0" merge="0" rebuychips="0" reg_code="8394295542"/>
<player seat="10" name="6SP9" chips="610" dealer="1" win="0" bet="5" muck="1" rebuy="0" addon="0" merge="0" rebuychips="0" reg_code="8394295581"/>
<player seat="3" name="oreiasccp" chips="465" dealer="0" win="0" bet="65" muck="1" rebuy="0" addon="0" merge="0" rebuychips="0" reg_code="8394295522"/>
</players>
</general>
<round no="0"><action no="1" player="oreiasccp" type="15" sum="5"/>
<action no="2" player="herocal" type="15" discard="1" dealt="1" sum="5"/>
<action no="3" player="6SP9" type="15" discard="1" dealt="1" sum="5"/>
<action no="4" player="oreiasccp" type="1" sum="15"/>
<action no="5" player="herocal" type="2" discard="1" dealt="1" sum="30"/>
</round>
<round no="1"><cards type="Pocket" player="herocal">X X</cards>
<cards type="Pocket" player="6SP9">X X</cards>
<cards type="Pocket" player="oreiasccp">S10 CJ</cards>
<action no="6" player="6SP9" type="0" discard="1" dealt="1" sum="0"/>
<action no="7" player="oreiasccp" type="23" sum="60"/>
<action no="8" player="herocal" type="23" discard="1" dealt="1" sum="420"/>
<action no="9" player="oreiasccp" type="0" sum="0"/>
</round>
</game>
<game gamecode="11540725493"><general><startdate>2025-06-29 11:40:44</startdate>
<round>1</round>
<failsafecounter/>
<players><player seat="10" name="6SP9" chips="605" dealer="0" win="0" bet="35" muck="1" rebuy="0" addon="0" merge="0" rebuychips="0" reg_code="8394295581"/>
<player seat="3" name="oreiasccp" chips="400" dealer="1" win="0" bet="5" muck="1" rebuy="0" addon="0" merge="0" rebuychips="0" reg_code="8394295522"/>
<player seat="6" name="herocal" chips="495" dealer="0" win="75" bet="495" muck="1" rebuy="0" addon="0" merge="0" rebuychips="0" reg_code="8394295542"/>
</players>
</general>
<round no="0"><action no="1" player="herocal" type="15" discard="1" dealt="1" sum="5"/>
<action no="2" player="6SP9" type="15" discard="1" dealt="1" sum="5"/>
<action no="3" player="oreiasccp" type="15" sum="5"/>
<action no="4" player="herocal" type="1" discard="1" dealt="1" sum="15"/>
<action no="5" player="6SP9" type="2" discard="1" dealt="1" sum="30"/>
</round>
<round no="1"><cards type="Pocket" player="oreiasccp">H3 HQ</cards>
<cards type="Pocket" player="herocal">X X</cards>
<cards type="Pocket" player="6SP9">X X</cards>
<action no="6" player="oreiasccp" type="0" sum="0"/>
<action no="7" player="herocal" type="23" discard="1" dealt="1" sum="490"/>
<action no="8" player="6SP9" type="0" discard="1" dealt="1" sum="0"/>
</round>
</game>
<game gamecode="11540725548"><general><startdate>2025-06-29 11:40:55</startdate>
<round>1</round>
<failsafecounter/>
<players><player seat="3" name="oreiasccp" chips="395" dealer="0" win="0" bet="45" muck="1" rebuy="0" addon="0" merge="0" rebuychips="0" reg_code="8394295522"/>
<player seat="6" name="herocal" chips="535" dealer="1" win="115" bet="535" muck="1" rebuy="0" addon="0" merge="0" rebuychips="0" reg_code="8394295542"/>
<player seat="10" name="6SP9" chips="570" dealer="0" win="0" bet="25" muck="1" rebuy="0" addon="0" merge="0" rebuychips="0" reg_code="8394295581"/>
</players>
</general>
<round no="0"><action no="1" player="6SP9" type="15" discard="1" dealt="1" sum="5"/>
<action no="2" player="oreiasccp" type="15" sum="5"/>
<action no="3" player="herocal" type="15" discard="1" dealt="1" sum="5"/>
<action no="4" player="6SP9" type="1" discard="1" dealt="1" sum="20"/>
<action no="5" player="oreiasccp" type="2" sum="40"/>
</round>
<round no="1"><cards type="Pocket" player="oreiasccp">D9 H6</cards>
<cards type="Pocket" player="herocal">X X</cards>
<cards type="Pocket" player="6SP9">X X</cards>
<action no="6" player="herocal" type="23" discard="1" dealt="1" sum="530"/>
<action no="7" player="6SP9" type="0" discard="1" dealt="1" sum="0"/>
<action no="8" player="oreiasccp" type="0" sum="0"/>
</round>
</game>
<game gamecode="11540725593"><general><startdate>2025-06-29 11:41:06</startdate>
<round>1</round>
<failsafecounter/>
<players><player seat="6" name="herocal" chips="605" dealer="0" win="705" bet="350" muck="0" rebuy="0" addon="0" merge="0" rebuychips="0" reg_code="8394295542"/>
<player seat="10" name="6SP9" chips="545" dealer="1" win="0" bet="5" muck="1" rebuy="0" addon="0" merge="0" rebuychips="0" reg_code="8394295581"/>
<player seat="3" name="oreiasccp" chips="350" dealer="0" win="0" bet="350" muck="0" rebuy="0" addon="0" merge="0" rebuychips="0" reg_code="8394295522"/>
</players>
</general>
<round no="0"><action no="1" player="oreiasccp" type="15" sum="5"/>
<action no="2" player="herocal" type="15" discard="1" dealt="1" sum="5"/>
<action no="3" player="6SP9" type="15" discard="1" dealt="1" sum="5"/>
<action no="4" player="oreiasccp" type="1" sum="20"/>
<action no="5" player="herocal" type="2" discard="1" dealt="1" sum="40"/>
</round>
<round no="1"><cards type="Pocket" player="oreiasccp">CK S3</cards>
<cards type="Pocket" player="herocal">C3 HA</cards>
<cards type="Pocket" player="6SP9">X X</cards>
<action no="6" player="6SP9" type="0" discard="1" dealt="1" sum="0"/>
<action no="7" player="oreiasccp" type="23" sum="345"/>
<action no="8" player="herocal" type="3" discard="1" dealt="1" sum="305"/>
</round>
<round no="2"><cards type="Flop">S2 H9 HJ</cards>
</round>
<round no="3"><cards type="Turn">SJ</cards>
</round>
<round no="4"><cards type="River">D5</cards>
</round>
</game>
</session>
