<?xml version="1.0" encoding="UTF-8"?>
<session sessioncode="8394256455">
<general>
<client_version>25.1.1.13</client_version>
<mode>real</mode>
<gametype>Holdem NL</gametype>
<tablename>Twister €5 SNG, 1128849784</tablename>
<tournamentcode>1128849783</tournamentcode>
<tournamentname>Twister €5 SNG</tournamentname>
<buyin>€0 + €0.35 + €4.65</buyin>
<totalbuyin>€5</totalbuyin>
<rewarddrawn>€25</rewarddrawn>
<tournamentcurrency>EUR</tournamentcurrency>
<currency>EUR</currency>
<nickname>oreiasccp</nickname>
<gamecount>15</gamecount>
<startdate>2025-06-29 09:34:50</startdate>
<place>3</place>
<win>€0</win>
<tablesize>3</tablesize>
</general>
<game gamecode="11540617693"><general><startdate>2025-06-29 09:35:05</startdate>
<round>1</round>
<failsafecounter/>
<players><player seat="10" name="1JTS" chips="500" dealer="0" win="134" bet="129" muck="1" rebuy="0" addon="0" merge="0" rebuychips="0" reg_code="8394256460"/>
<player seat="3" name="Cartwright93" chips="500" dealer="1" win="0" bet="62" muck="1" rebuy="0" addon="0" merge="0" rebuychips="0" reg_code="8394256439"/>
<player seat="6" name="oreiasccp" chips="500" dealer="0" win="0" bet="10" muck="1" rebuy="0" addon="0" merge="0" rebuychips="0" reg_code="8394256455"/>
</players>
</general>
<round no="0"><action no="1" player="oreiasccp" type="1" sum="10"/>
<action no="2" player="1JTS" type="2" discard="1" dealt="1" sum="20"/>
</round>
<round no="1"><cards type="Pocket" player="Cartwright93">X X</cards>
<cards type="Pocket" player="oreiasccp">C6 C8</cards>
<cards type="Pocket" player="1JTS">X X</cards>
<action no="3" player="Cartwright93" type="23" discard="1" dealt="1" sum="40"/>
<action no="4" player="oreiasccp" type="0" sum="0"/>
<action no="5" player="1JTS" type="3" discard="1" dealt="1" sum="20"/>
</round>
<round no="2"><cards type="Flop">D3 SK H2</cards>
<action no="6" player="1JTS" type="4" discard="1" dealt="1" sum="0"/>
<action no="7" player="Cartwright93" type="5" discard="1" dealt="1" sum="22"/>
<action no="8" player="1JTS" type="3" discard="1" dealt="1" sum="22"/>
</round>
<round no="3"><cards type="Turn">DQ</cards>
<action no="9" player="1JTS" type="4" discard="1" dealt="1" sum="0"/>
<action no="10" player="Cartwright93" type="4" discard="1" dealt="1" sum="0"/>
</round>
<round no="4"><cards type="River">C5</cards>
<action no="11" player="1JTS" type="5" discard="1" dealt="1" sum="67"/>
<action no="12" player="Cartwright93" type="0" discard="1" dealt="1" sum="0"/>
</round>
</game>
<game gamecode="11540617802"><general><startdate>2025-06-29 09:35:37</startdate>
<round>1</round>
<failsafecounter/>
<players><player seat="3" name="Cartwright93" chips="438" dealer="0" win="0" bet="20" muck="1" rebuy="0" addon="0" merge="0" rebuychips="0" reg_code="8394256439"/>
<player seat="6" name="oreiasccp" chips="490" dealer="1" win="0" bet="60" muck="1" rebuy="0" addon="0" merge="0" rebuychips="0" reg_code="8394256455"/>
<player seat="10" name="1JTS" chips="572" dealer="0" win="140" bet="60" muck="0" rebuy="0" addon="0" merge="0" rebuychips="0" reg_code="8394256460"/>
</players>
</general>
<round no="0"><action no="1" player="1JTS" type="1" discard="1" dealt="1" sum="10"/>
<action no="2" player="Cartwright93" type="2" discard="1" dealt="1" sum="20"/>
</round>
<round no="1"><cards type="Pocket" player="1JTS">H9 HJ</cards>
<cards type="Pocket" player="Cartwright93">X X</cards>
<cards type="Pocket" player="oreiasccp">DA D3</cards>
<action no="3" player="oreiasccp" type="23" sum="40"/>
<action no="4" player="1JTS" type="3" discard="1" dealt="1" sum="30"/>
<action no="5" player="Cartwright93" type="0" discard="1" dealt="1" sum="0"/>
</round>
<round no="2"><cards type="Flop">CK S10 D10</cards>
<action no="6" player="1JTS" type="4" discard="1" dealt="1" sum="0"/>
<action no="7" player="oreiasccp" type="4" sum="0"/>
</round>
<round no="3"><cards type="Turn">C7</cards>
<action no="8" player="1JTS" type="4" discard="1" dealt="1" sum="0"/>
<action no="9" player="oreiasccp" type="5" sum="20"/>
<action no="10" player="1JTS" type="3" discard="1" dealt="1" sum="20"/>
</round>
<round no="4"><cards type="River">C9</cards>
<action no="11" player="1JTS" type="4" discard="1" dealt="1" sum="0"/>
<action no="12" player="oreiasccp" type="4" sum="0"/>
</round>
</game>
<game gamecode="11540617889"><general><startdate>2025-06-29 09:36:01</startdate>
<round>1</round>
<failsafecounter/>
<players><player seat="6" name="oreiasccp" chips="430" dealer="0" win="40" bet="418" muck="1" rebuy="0" addon="0" merge="0" rebuychips="0" reg_code="8394256455"/>
<player seat="10" name="1JTS" chips="652" dealer="1" win="0" bet="0" muck="1" rebuy="0" addon="0" merge="0" rebuychips="0" reg_code="8394256460"/>
<player seat="3" name="Cartwright93" chips="418" dealer="0" win="0" bet="20" muck="1" rebuy="0" addon="0" merge="0" rebuychips="0" reg_code="8394256439"/>
</players>
</general>
<round no="0"><action no="1" player="Cartwright93" type="1" discard="1" dealt="1" sum="10"/>
<action no="2" player="oreiasccp" type="2" sum="20"/>
</round>
<round no="1"><cards type="Pocket" player="Cartwright93">X X</cards>
<cards type="Pocket" player="oreiasccp">C6 CA</cards>
<cards type="Pocket" player="1JTS">X X</cards>
<action no="3" player="1JTS" type="0" discard="1" dealt="1" sum="0"/>
<action no="4" player="Cartwright93" type="3" discard="1" dealt="1" sum="10"/>
<action no="5" player="oreiasccp" type="23" sum="418"/>
<action no="6" player="Cartwright93" type="0" discard="1" dealt="1" sum="0"/>
</round>
</game>
<game gamecode="11540617945"><general><startdate>2025-06-29 09:36:16</startdate>
<round>1</round>
<failsafecounter/>
<players><player seat="10" name="1JTS" chips="652" dealer="0" win="0" bet="138" muck="1" rebuy="0" addon="0" merge="0" rebuychips="0" reg_code="8394256460"/>
<player seat="3" name="Cartwright93" chips="398" dealer="1" win="0" bet="0" muck="1" rebuy="0" addon="0" merge="0" rebuychips="0" reg_code="8394256439"/>
<player seat="6" name="oreiasccp" chips="450" dealer="0" win="276" bet="138" muck="0" rebuy="0" addon="0" merge="0" rebuychips="0" reg_code="8394256455"/>
</players>
</general>
<round no="0"><action no="1" player="oreiasccp" type="1" sum="10"/>
<action no="2" player="1JTS" type="2" discard="1" dealt="1" sum="20"/>
</round>
<round no="1"><cards type="Pocket" player="1JTS">H10 D8</cards>
<cards type="Pocket" player="Cartwright93">X X</cards>
<cards type="Pocket" player="oreiasccp">D7 D9</cards>
<action no="3" player="Cartwright93" type="0" discard="1" dealt="1" sum="0"/>
<action no="4" player="oreiasccp" type="23" sum="40"/>
<action no="5" player="1JTS" type="3" discard="1" dealt="1" sum="20"/>
</round>
<round no="2"><cards type="Flop">D6 S5 S9</cards>
<action no="6" player="oreiasccp" type="5" sum="29"/>
<action no="7" player="1JTS" type="3" discard="1" dealt="1" sum="29"/>
</round>
<round no="3"><cards type="Turn">CJ</cards>
<action no="8" player="oreiasccp" type="4" sum="0"/>
<action no="9" player="1JTS" type="5" discard="1" dealt="1" sum="69"/>
<action no="10" player="oreiasccp" type="3" sum="69"/>
</round>
<round no="4"><cards type="River">SK</cards>
<action no="11" player="oreiasccp" type="4" sum="0"/>
<action no="12" player="1JTS" type="4" discard="1" dealt="1" sum="0"/>
</round>
</game>
<game gamecode="11540618044"><general><startdate>2025-06-29 09:36:45</startdate>
<round>1</round>
<failsafecounter/>
<players><player seat="3" name="Cartwright93" chips="398" dealer="0" win="20" bet="20" muck="1" rebuy="0" addon="0" merge="0" rebuychips="0" reg_code="8394256439"/>
<player seat="6" name="oreiasccp" chips="588" dealer="1" win="0" bet="0" muck="1" rebuy="0" addon="0" merge="0" rebuychips="0" reg_code="8394256455"/>
<player seat="10" name="1JTS" chips="514" dealer="0" win="0" bet="10" muck="1" rebuy="0" addon="0" merge="0" rebuychips="0" reg_code="8394256460"/>
</players>
</general>
<round no="0"><action no="1" player="1JTS" type="1" discard="1" dealt="1" sum="10"/>
<action no="2" player="Cartwright93" type="2" discard="1" dealt="1" sum="20"/>
</round>
<round no="1"><cards type="Pocket" player="oreiasccp">H3 D6</cards>
<cards type="Pocket" player="Cartwright93">X X</cards>
<cards type="Pocket" player="1JTS">X X</cards>
<action no="3" player="oreiasccp" type="0" sum="0"/>
<action no="4" player="1JTS" type="0" discard="1" dealt="1" sum="0"/>
</round>
</game>
<game gamecode="11540618069"><general><startdate>2025-06-29 09:36:53</startdate>
<round>1</round>
<failsafecounter/>
<players><player seat="6" name="oreiasccp" chips="588" dealer="0" win="0" bet="20" muck="1" rebuy="0" addon="0" merge="0" rebuychips="0" reg_code="8394256455"/>
<player seat="10" name="1JTS" chips="504" dealer="1" win="50" bet="40" muck="1" rebuy="0" addon="0" merge="0" rebuychips="0" reg_code="8394256460"/>
<player seat="3" name="Cartwright93" chips="408" dealer="0" win="0" bet="10" muck="1" rebuy="0" addon="0" merge="0" rebuychips="0" reg_code="8394256439"/>
</players>
</general>
<round no="0"><action no="1" player="Cartwright93" type="1" discard="1" dealt="1" sum="10"/>
<action no="2" player="oreiasccp" type="2" sum="20"/>
</round>
<round no="1"><cards type="Pocket" player="oreiasccp">H4 D9</cards>
<cards type="Pocket" player="1JTS">X X</cards>
<cards type="Pocket" player="Cartwright93">X X</cards>
<action no="3" player="1JTS" type="23" discard="1" dealt="1" sum="40"/>
<action no="4" player="Cartwright93" type="0" discard="1" dealt="1" sum="0"/>
<action no="5" player="oreiasccp" type="0" sum="0"/>
</round>
</game>
<game gamecode="11540618105"><general><startdate>2025-06-29 09:37:03</startdate>
<round>1</round>
<failsafecounter/>
<players><player seat="10" name="1JTS" chips="534" dealer="0" win="80" bet="80" muck="1" rebuy="0" addon="0" merge="0" rebuychips="0" reg_code="8394256460"/>
<player seat="3" name="Cartwright93" chips="398" dealer="1" win="0" bet="0" muck="1" rebuy="0" addon="0" merge="0" rebuychips="0" reg_code="8394256439"/>
<player seat="6" name="oreiasccp" chips="568" dealer="0" win="0" bet="40" muck="1" rebuy="0" addon="0" merge="0" rebuychips="0" reg_code="8394256455"/>
</players>
</general>
<round no="0"><action no="1" player="oreiasccp" type="1" sum="10"/>
<action no="2" player="1JTS" type="2" discard="1" dealt="1" sum="20"/>
</round>
<round no="1"><cards type="Pocket" player="1JTS">X X</cards>
<cards type="Pocket" player="Cartwright93">X X</cards>
<cards type="Pocket" player="oreiasccp">SA H2</cards>
<action no="3" player="Cartwright93" type="0" discard="1" dealt="1" sum="0"/>
<action no="4" player="oreiasccp" type="23" sum="40"/>
<action no="5" player="1JTS" type="3" discard="1" dealt="1" sum="20"/>
</round>
<round no="2"><cards type="Flop">H7 SJ C10</cards>
<action no="6" player="oreiasccp" type="4" sum="0"/>
<action no="7" player="1JTS" type="4" discard="1" dealt="1" sum="0"/>
</round>
<round no="3"><cards type="Turn">H9</cards>
<action no="8" player="oreiasccp" type="4" sum="0"/>
<action no="9" player="1JTS" type="4" discard="1" dealt="1" sum="0"/>
</round>
<round no="4"><cards type="River">H4</cards>
<action no="10" player="oreiasccp" type="4" sum="0"/>
<action no="11" player="1JTS" type="5" discard="1" dealt="1" sum="40"/>
<action no="12" player="oreiasccp" type="0" sum="0"/>
</round>
</game>
<game gamecode="11540618189"><general><startdate>2025-06-29 09:37:30</startdate>
<round>1</round>
<failsafecounter/>
<players><player seat="3" name="Cartwright93" chips="398" dealer="0" win="75" bet="398" muck="1" rebuy="0" addon="0" merge="0" rebuychips="0" reg_code="8394256439"/>
<player seat="6" name="oreiasccp" chips="528" dealer="1" win="0" bet="5" muck="1" rebuy="0" addon="0" merge="0" rebuychips="0" reg_code="8394256455"/>
<player seat="10" name="1JTS" chips="574" dealer="0" win="0" bet="35" muck="1" rebuy="0" addon="0" merge="0" rebuychips="0" reg_code="8394256460"/>
</players>
</general>
<round no="0"><action no="1" player="1JTS" type="15" discard="1" dealt="1" sum="5"/>
<action no="2" player="Cartwright93" type="15" discard="1" dealt="1" sum="5"/>
<action no="3" player="oreiasccp" type="15" sum="5"/>
<action no="4" player="1JTS" type="1" discard="1" dealt="1" sum="15"/>
<action no="5" player="Cartwright93" type="2" discard="1" dealt="1" sum="30"/>
</round>
<round no="1"><cards type="Pocket" player="Cartwright93">X X</cards>
<cards type="Pocket" player="oreiasccp">CQ S7</cards>
<cards type="Pocket" player="1JTS">X X</cards>
<action no="6" player="oreiasccp" type="0" sum="0"/>
<action no="7" player="1JTS" type="3" discard="1" dealt="1" sum="15"/>
<action no="8" player="Cartwright93" type="23" discard="1" dealt="1" sum="393"/>
<action no="9" player="1JTS" type="0" discard="1" dealt="1" sum="0"/>
</round>
</game>
<game gamecode="11540618224"><general><startdate>2025-06-29 09:37:43</startdate>
<round>1</round>
<failsafecounter/>
<players><player seat="6" name="oreiasccp" chips="523" dealer="0" win="0" bet="35" muck="1" rebuy="0" addon="0" merge="0" rebuychips="0" reg_code="8394256455"/>
<player seat="10" name="1JTS" chips="539" dealer="1" win="0" bet="5" muck="1" rebuy="0" addon="0" merge="0" rebuychips="0" reg_code="8394256460"/>
<player seat="3" name="Cartwright93" chips="438" dealer="0" win="75" bet="65" muck="1" rebuy="0" addon="0" merge="0" rebuychips="0" reg_code="8394256439"/>
</players>
</general>
<round no="0"><action no="1" player="Cartwright93" type="15" discard="1" dealt="1" sum="5"/>
<action no="2" player="oreiasccp" type="15" sum="5"/>
<action no="3" player="1JTS" type="15" discard="1" dealt="1" sum="5"/>
<action no="4" player="Cartwright93" type="1" discard="1" dealt="1" sum="15"/>
<action no="5" player="oreiasccp" type="2" sum="30"/>
</round>
<round no="1"><cards type="Pocket" player="Cartwright93">X X</cards>
<cards type="Pocket" player="oreiasccp">HQ C4</cards>
<cards type="Pocket" player="1JTS">X X</cards>
<action no="6" player="1JTS" type="0" discard="1" dealt="1" sum="0"/>
<action no="7" player="Cartwright93" type="23" discard="1" dealt="1" sum="60"/>
<action no="8" player="oreiasccp" type="0" sum="0"/>
</round>
</game>
<game gamecode="11540622376"><general><startdate>2025-06-29 09:37:55</startdate>
<round>1</round>
<failsafecounter/>
<players><player seat="10" name="1JTS" chips="534" dealer="0" win="45" bet="35" muck="1" rebuy="0" addon="0" merge="0" rebuychips="0" reg_code="8394256460"/>
<player seat="3" name="Cartwright93" chips="478" dealer="1" win="0" bet="5" muck="1" rebuy="0" addon="0" merge="0" rebuychips="0" reg_code="8394256439"/>
<player seat="6" name="oreiasccp" chips="488" dealer="0" win="0" bet="20" muck="1" rebuy="0" addon="0" merge="0" rebuychips="0" reg_code="8394256455"/>
</players>
</general>
<round no="0"><action no="1" player="oreiasccp" type="15" sum="5"/>
<action no="2" player="1JTS" type="15" discard="1" dealt="1" sum="5"/>
<action no="3" player="Cartwright93" type="15" discard="1" dealt="1" sum="5"/>
<action no="4" player="oreiasccp" type="1" sum="15"/>
<action no="5" player="1JTS" type="2" discard="1" dealt="1" sum="30"/>
</round>
<round no="1"><cards type="Pocket" player="Cartwright93">X X</cards>
<cards type="Pocket" player="oreiasccp">D4 C5</cards>
<cards type="Pocket" player="1JTS">X X</cards>
<action no="6" player="Cartwright93" type="0" discard="1" dealt="1" sum="0"/>
<action no="7" player="oreiasccp" type="0" sum="0"/>
</round>
</game>
<game gamecode="11540622401"><general><startdate>2025-06-29 09:38:02</startdate>
<round>1</round>
<failsafecounter/>
<players><player seat="3" name="Cartwright93" chips="473" dealer="0" win="0" bet="65" muck="1" rebuy="0" addon="0" merge="0" rebuychips="0" reg_code="8394256439"/>
<player seat="6" name="oreiasccp" chips="468" dealer="1" win="0" bet="5" muck="1" rebuy="0" addon="0" merge="0" rebuychips="0" reg_code="8394256455"/>
<player seat="10" name="1JTS" chips="559" dealer="0" win="135" bet="132" muck="1" rebuy="0" addon="0" merge="0" rebuychips="0" reg_code="8394256460"/>
</players>
</general>
<round no="0"><action no="1" player="1JTS" type="15" discard="1" dealt="1" sum="5"/>
<action no="2" player="Cartwright93" type="15" discard="1" dealt="1" sum="5"/>
<action no="3" player="oreiasccp" type="15" sum="5"/>
<action no="4" player="1JTS" type="1" discard="1" dealt="1" sum="15"/>
<action no="5" player="Cartwright93" type="2" discard="1" dealt="1" sum="30"/>
</round>
<round no="1"><cards type="Pocket" player="oreiasccp">HK D2</cards>
<cards type="Pocket" player="1JTS">X X</cards>
<cards type="Pocket" player="Cartwright93">X X</cards>
<action no="6" player="oreiasccp" type="0" sum="0"/>
<action no="7" player="1JTS" type="23" discard="1" dealt="1" sum="60"/>
<action no="8" player="Cartwright93" type="3" discard="1" dealt="1" sum="30"/>
</round>
<round no="2"><cards type="Flop">D7 C3 HA</cards>
<action no="9" player="1JTS" type="5" discard="1" dealt="1" sum="67"/>
<action no="10" player="Cartwright93" type="0" discard="1" dealt="1" sum="0"/>
</round>
</game>
<game gamecode="11540622448"><general><startdate>2025-06-29 09:38:18</startdate>
<round>1</round>
<failsafecounter/>
<players><player seat="6" name="oreiasccp" chips="463" dealer="0" win="0" bet="65" muck="1" rebuy="0" addon="0" merge="0" rebuychips="0" reg_code="8394256455"/>
<player seat="10" name="1JTS" chips="629" dealer="1" win="150" bet="140" muck="1" rebuy="0" addon="0" merge="0" rebuychips="0" reg_code="8394256460"/>
<player seat="3" name="Cartwright93" chips="408" dealer="0" win="0" bet="20" muck="1" rebuy="0" addon="0" merge="0" rebuychips="0" reg_code="8394256439"/>
</players>
</general>
<round no="0"><action no="1" player="Cartwright93" type="15" discard="1" dealt="1" sum="5"/>
<action no="2" player="oreiasccp" type="15" sum="5"/>
<action no="3" player="1JTS" type="15" discard="1" dealt="1" sum="5"/>
<action no="4" player="Cartwright93" type="1" discard="1" dealt="1" sum="15"/>
<action no="5" player="oreiasccp" type="2" sum="30"/>
</round>
<round no="1"><cards type="Pocket" player="Cartwright93">X X</cards>
<cards type="Pocket" player="oreiasccp">D8 CK</cards>
<cards type="Pocket" player="1JTS">X X</cards>
<action no="6" player="1JTS" type="23" discard="1" dealt="1" sum="60"/>
<action no="7" player="Cartwright93" type="0" discard="1" dealt="1" sum="0"/>
<action no="8" player="oreiasccp" type="3" sum="30"/>
</round>
<round no="2"><cards type="Flop">H5 C2 S10</cards>
<action no="9" player="oreiasccp" type="4" sum="0"/>
<action no="10" player="1JTS" type="4" discard="1" dealt="1" sum="0"/>
</round>
<round no="3"><cards type="Turn">HA</cards>
<action no="11" player="oreiasccp" type="4" sum="0"/>
<action no="12" player="1JTS" type="5" discard="1" dealt="1" sum="75"/>
<action no="13" player="oreiasccp" type="0" sum="0"/>
</round>
</game>
<game gamecode="11540622526"><general><startdate>2025-06-29 09:38:44</startdate>
<round>1</round>
<failsafecounter/>
<players><player seat="10" name="1JTS" chips="714" dealer="0" win="0" bet="65" muck="1" rebuy="0" addon="0" merge="0" rebuychips="0" reg_code="8394256460"/>
<player seat="3" name="Cartwright93" chips="388" dealer="1" win="0" bet="5" muck="1" rebuy="0" addon="0" merge="0" rebuychips="0" reg_code="8394256439"/>
<player seat="6" name="oreiasccp" chips="398" dealer="0" win="135" bet="95" muck="1" rebuy="0" addon="0" merge="0" rebuychips="0" reg_code="8394256455"/>
</players>
</general>
<round no="0"><action no="1" player="oreiasccp" type="15" sum="5"/>
<action no="2" player="1JTS" type="15" discard="1" dealt="1" sum="5"/>
<action no="3" player="Cartwright93" type="15" discard="1" dealt="1" sum="5"/>
<action no="4" player="oreiasccp" type="1" sum="15"/>
<action no="5" player="1JTS" type="2" discard="1" dealt="1" sum="30"/>
</round>
<round no="1"><cards type="Pocket" player="oreiasccp">H8 H6</cards>
<cards type="Pocket" player="Cartwright93">X X</cards>
<cards type="Pocket" player="1JTS">X X</cards>
<action no="6" player="Cartwright93" type="0" discard="1" dealt="1" sum="0"/>
<action no="7" player="oreiasccp" type="3" sum="15"/>
<action no="8" player="1JTS" type="4" discard="1" dealt="1" sum="0"/>
</round>
<round no="2"><cards type="Flop">C10 S4 D2</cards>
<action no="9" player="oreiasccp" type="5" sum="30"/>
<action no="10" player="1JTS" type="3" discard="1" dealt="1" sum="30"/>
</round>
<round no="3"><cards type="Turn">DJ</cards>
<action no="11" player="oreiasccp" type="4" sum="0"/>
<action no="12" player="1JTS" type="4" discard="1" dealt="1" sum="0"/>
</round>
<round no="4"><cards type="River">S8</cards>
<action no="13" player="oreiasccp" type="5" sum="30"/>
<action no="14" player="1JTS" type="0" discard="1" dealt="1" sum="0"/>
</round>
</game>
<game gamecode="11540622591"><general><startdate>2025-06-29 09:39:05</startdate>
<round>1</round>
<failsafecounter/>
<players><player seat="3" name="Cartwright93" chips="383" dealer="0" win="791" bet="383" muck="0" rebuy="0" addon="0" merge="0" rebuychips="0" reg_code="8394256439"/>
<player seat="6" name="oreiasccp" chips="468" dealer="1" win="0" bet="468" muck="1" rebuy="0" addon="0" merge="0" rebuychips="0" reg_code="8394256455"/>
<player seat="10" name="1JTS" chips="649" dealer="0" win="0" bet="25" muck="1" rebuy="0" addon="0" merge="0" rebuychips="0" reg_code="8394256460"/>
</players>
</general>
<round no="0"><action no="1" player="1JTS" type="15" discard="1" dealt="1" sum="5"/>
<action no="2" player="Cartwright93" type="15" discard="1" dealt="1" sum="5"/>
<action no="3" player="oreiasccp" type="15" sum="5"/>
<action no="4" player="1JTS" type="1" discard="1" dealt="1" sum="20"/>
<action no="5" player="Cartwright93" type="2" discard="1" dealt="1" sum="40"/>
</round>
<round no="1"><cards type="Pocket" player="oreiasccp">DK D6</cards>
<cards type="Pocket" player="1JTS">X X</cards>
<cards type="Pocket" player="Cartwright93">D10 CA</cards>
<action no="6" player="oreiasccp" type="23" sum="463"/>
<action no="7" player="1JTS" type="0" discard="1" dealt="1" sum="0"/>
<action no="8" player="Cartwright93" type="7" discard="1" dealt="1" sum="338"/>
</round>
<round no="2"><cards type="Flop">HQ HK C2</cards>
</round>
<round no="3"><cards type="Turn">HJ</cards>
</round>
<round no="4"><cards type="River">DQ</cards>
</round>
</game>
<game gamecode="11540622656"><general><startdate>2025-06-29 09:39:25</startdate>
<round>1</round>
<failsafecounter/>
<players><player seat="6" name="oreiasccp" chips="85" dealer="0" win="0" bet="85" muck="1" rebuy="0" addon="0" merge="0" rebuychips="0" reg_code="8394256455"/>
<player seat="10" name="1JTS" chips="624" dealer="1" win="195" bet="85" muck="0" rebuy="0" addon="0" merge="0" rebuychips="0" reg_code="8394256460"/>
<player seat="3" name="Cartwright93" chips="791" dealer="0" win="0" bet="25" muck="1" rebuy="0" addon="0" merge="0" rebuychips="0" reg_code="8394256439"/>
</players>
</general>
<round no="0"><action no="1" player="Cartwright93" type="15" discard="1" dealt="1" sum="5"/>
<action no="2" player="oreiasccp" type="15" sum="5"/>
<action no="3" player="1JTS" type="15" discard="1" dealt="1" sum="5"/>
<action no="4" player="Cartwright93" type="1" discard="1" dealt="1" sum="20"/>
<action no="5" player="oreiasccp" type="2" sum="40"/>
</round>
<round no="1"><cards type="Pocket" player="1JTS">C9 SJ</cards>
<cards type="Pocket" player="Cartwright93">X X</cards>
<cards type="Pocket" player="oreiasccp">S4 C3</cards>
<action no="6" player="1JTS" type="23" discard="1" dealt="1" sum="80"/>
<action no="7" player="Cartwright93" type="0" discard="1" dealt="1" sum="0"/>
<action no="8" player="oreiasccp" type="7" sum="40"/>
</round>
<round no="2"><cards type="Flop">C2 H10 CJ</cards>
</round>
<round no="3"><cards type="Turn">D10</cards>
</round>
<round no="4"><cards type="River">C10</cards>
</round>
</game>
</session>
