<?xml version="1.0" encoding="UTF-8"?>
<session sessioncode="8394259574">
<general>
<client_version>25.1.1.13</client_version>
<mode>real</mode>
<gametype>Holdem NL</gametype>
<tablename>Twister €5 SNG, 1128850106</tablename>
<tournamentcode>1128850105</tournamentcode>
<tournamentname>Twister €5 SNG</tournamentname>
<buyin>€0 + €0.35 + €4.65</buyin>
<totalbuyin>€5</totalbuyin>
<rewarddrawn>€10</rewarddrawn>
<tournamentcurrency>EUR</tournamentcurrency>
<currency>EUR</currency>
<nickname>oreiasccp</nickname>
<gamecount>8</gamecount>
<startdate>2025-06-29 09:45:50</startdate>
<place>1</place>
<win>€10</win>
<tablesize>3</tablesize>
</general>
<game gamecode="11540628403"><general><startdate>2025-06-29 09:46:05</startdate>
<round>1</round>
<failsafecounter/>
<players><player seat="6" name="oreiasccp" chips="500" dealer="0" win="180" bet="265" muck="1" rebuy="0" addon="0" merge="0" rebuychips="0" reg_code="8394259574"/>
<player seat="10" name="Humbert25" chips="500" dealer="1" win="0" bet="85" muck="1" rebuy="0" addon="0" merge="0" rebuychips="0" reg_code="8394259640"/>
<player seat="3" name="scrg37" chips="500" dealer="0" win="0" bet="10" muck="1" rebuy="0" addon="0" merge="0" rebuychips="0" reg_code="8394259637"/>
</players>
</general>
<round no="0"><action no="1" player="scrg37" type="1" discard="1" dealt="1" sum="10"/>
<action no="2" player="oreiasccp" type="2" sum="20"/>
</round>
<round no="1"><cards type="Pocket" player="Humbert25">X X</cards>
<cards type="Pocket" player="oreiasccp">S7 S3</cards>
<cards type="Pocket" player="scrg37">X X</cards>
<action no="3" player="Humbert25" type="23" discard="1" dealt="1" sum="40"/>
<action no="4" player="scrg37" type="0" discard="1" dealt="1" sum="0"/>
<action no="5" player="oreiasccp" type="3" sum="20"/>
</round>
<round no="2"><cards type="Flop">S5 H10 C6</cards>
<action no="6" player="oreiasccp" type="4" sum="0"/>
<action no="7" player="Humbert25" type="5" discard="1" dealt="1" sum="45"/>
<action no="8" player="oreiasccp" type="3" sum="45"/>
</round>
<round no="3"><cards type="Turn">C10</cards>
<action no="9" player="oreiasccp" type="4" sum="0"/>
<action no="10" player="Humbert25" type="4" discard="1" dealt="1" sum="0"/>
</round>
<round no="4"><cards type="River">H4</cards>
<action no="11" player="oreiasccp" type="5" sum="180"/>
<action no="12" player="Humbert25" type="0" discard="1" dealt="1" sum="0"/>
</round>
</game>
<game gamecode="11540628515"><general><startdate>2025-06-29 09:46:34</startdate>
<round>1</round>
<failsafecounter/>
<players><player seat="10" name="Humbert25" chips="415" dealer="0" win="0" bet="20" muck="1" rebuy="0" addon="0" merge="0" rebuychips="0" reg_code="8394259640"/>
<player seat="3" name="scrg37" chips="490" dealer="1" win="0" bet="0" muck="1" rebuy="0" addon="0" merge="0" rebuychips="0" reg_code="8394259637"/>
<player seat="6" name="oreiasccp" chips="595" dealer="0" win="40" bet="40" muck="1" rebuy="0" addon="0" merge="0" rebuychips="0" reg_code="8394259574"/>
</players>
</general>
<round no="0"><action no="1" player="oreiasccp" type="1" sum="10"/>
<action no="2" player="Humbert25" type="2" discard="1" dealt="1" sum="20"/>
</round>
<round no="1"><cards type="Pocket" player="Humbert25">X X</cards>
<cards type="Pocket" player="scrg37">X X</cards>
<cards type="Pocket" player="oreiasccp">H9 HJ</cards>
<action no="3" player="scrg37" type="0" discard="1" dealt="1" sum="0"/>
<action no="4" player="oreiasccp" type="23" sum="40"/>
<action no="5" player="Humbert25" type="0" discard="1" dealt="1" sum="0"/>
</round>
</game>
<game gamecode="11540628554"><general><startdate>2025-06-29 09:46:44</startdate>
<round>1</round>
<failsafecounter/>
<players><player seat="3" name="scrg37" chips="490" dealer="0" win="0" bet="20" muck="1" rebuy="0" addon="0" merge="0" rebuychips="0" reg_code="8394259637"/>
<player seat="6" name="oreiasccp" chips="615" dealer="1" win="810" bet="395" muck="0" rebuy="0" addon="0" merge="0" rebuychips="0" reg_code="8394259574"/>
<player seat="10" name="Humbert25" chips="395" dealer="0" win="0" bet="395" muck="0" rebuy="0" addon="0" merge="0" rebuychips="0" reg_code="8394259640"/>
</players>
</general>
<round no="0"><action no="1" player="Humbert25" type="1" discard="1" dealt="1" sum="10"/>
<action no="2" player="scrg37" type="2" discard="1" dealt="1" sum="20"/>
</round>
<round no="1"><cards type="Pocket" player="Humbert25">SJ S9</cards>
<cards type="Pocket" player="scrg37">X X</cards>
<cards type="Pocket" player="oreiasccp">CQ CA</cards>
<action no="3" player="oreiasccp" type="23" sum="40"/>
<action no="4" player="Humbert25" type="23" discard="1" dealt="1" sum="395"/>
<action no="5" player="scrg37" type="0" discard="1" dealt="1" sum="0"/>
<action no="6" player="oreiasccp" type="3" sum="355"/>
</round>
<round no="2"><cards type="Flop">H7 D2 H3</cards>
</round>
<round no="3"><cards type="Turn">S6</cards>
</round>
<round no="4"><cards type="River">H6</cards>
</round>
</game>
<game gamecode="11540628650"><general><startdate>2025-06-29 09:47:11</startdate>
<round>1</round>
<failsafecounter/>
<players><player seat="6" name="oreiasccp" chips="1,030" dealer="0" win="180" bet="190" muck="1" rebuy="0" addon="0" merge="0" rebuychips="0" reg_code="8394259574"/>
<player seat="3" name="scrg37" chips="470" dealer="1" win="0" bet="90" muck="1" rebuy="0" addon="0" merge="0" rebuychips="0" reg_code="8394259637"/>
</players>
</general>
<round no="0"><action no="1" player="scrg37" type="1" discard="1" dealt="1" sum="10"/>
<action no="2" player="oreiasccp" type="2" sum="20"/>
</round>
<round no="1"><cards type="Pocket" player="scrg37">X X</cards>
<cards type="Pocket" player="oreiasccp">C10 D10</cards>
<action no="3" player="scrg37" type="3" discard="1" dealt="1" sum="10"/>
<action no="4" player="oreiasccp" type="23" sum="60"/>
<action no="5" player="scrg37" type="3" discard="1" dealt="1" sum="40"/>
</round>
<round no="2"><cards type="Flop">D9 C3 HK</cards>
<action no="6" player="oreiasccp" type="5" sum="30"/>
<action no="7" player="scrg37" type="3" discard="1" dealt="1" sum="30"/>
</round>
<round no="3"><cards type="Turn">D8</cards>
<action no="8" player="oreiasccp" type="4" sum="0"/>
<action no="9" player="scrg37" type="4" discard="1" dealt="1" sum="0"/>
</round>
<round no="4"><cards type="River">H3</cards>
<action no="10" player="oreiasccp" type="5" sum="100"/>
<action no="11" player="scrg37" type="0" discard="1" dealt="1" sum="0"/>
</round>
</game>
<game gamecode="11540628787"><general><startdate>2025-06-29 09:47:49</startdate>
<round>1</round>
<failsafecounter/>
<players><player seat="3" name="scrg37" chips="380" dealer="0" win="0" bet="40" muck="1" rebuy="0" addon="0" merge="0" rebuychips="0" reg_code="8394259637"/>
<player seat="6" name="oreiasccp" chips="1,120" dealer="1" win="80" bet="60" muck="1" rebuy="0" addon="0" merge="0" rebuychips="0" reg_code="8394259574"/>
</players>
</general>
<round no="0"><action no="1" player="oreiasccp" type="1" sum="10"/>
<action no="2" player="scrg37" type="2" discard="1" dealt="1" sum="20"/>
</round>
<round no="1"><cards type="Pocket" player="oreiasccp">SK C5</cards>
<cards type="Pocket" player="scrg37">X X</cards>
<action no="3" player="oreiasccp" type="23" sum="40"/>
<action no="4" player="scrg37" type="3" discard="1" dealt="1" sum="20"/>
</round>
<round no="2"><cards type="Flop">H4 SJ CJ</cards>
<action no="5" player="scrg37" type="4" discard="1" dealt="1" sum="0"/>
<action no="6" player="oreiasccp" type="5" sum="20"/>
<action no="7" player="scrg37" type="0" discard="1" dealt="1" sum="0"/>
</round>
</game>
<game gamecode="11540628832"><general><startdate>2025-06-29 09:48:05</startdate>
<round>1</round>
<failsafecounter/>
<players><player seat="6" name="oreiasccp" chips="1,160" dealer="0" win="40" bet="35" muck="1" rebuy="0" addon="0" merge="0" rebuychips="0" reg_code="8394259574"/>
<player seat="3" name="scrg37" chips="340" dealer="1" win="0" bet="20" muck="1" rebuy="0" addon="0" merge="0" rebuychips="0" reg_code="8394259637"/>
</players>
</general>
<round no="0"><action no="1" player="scrg37" type="15" discard="1" dealt="1" sum="5"/>
<action no="2" player="oreiasccp" type="15" sum="5"/>
<action no="3" player="scrg37" type="1" discard="1" dealt="1" sum="15"/>
<action no="4" player="oreiasccp" type="2" sum="30"/>
</round>
<round no="1"><cards type="Pocket" player="scrg37">X X</cards>
<cards type="Pocket" player="oreiasccp">S9 DA</cards>
<action no="5" player="scrg37" type="0" discard="1" dealt="1" sum="0"/>
</round>
</game>
<game gamecode="11540628854"><general><startdate>2025-06-29 09:48:10</startdate>
<round>1</round>
<failsafecounter/>
<players><player seat="3" name="scrg37" chips="320" dealer="0" win="40" bet="35" muck="1" rebuy="0" addon="0" merge="0" rebuychips="0" reg_code="8394259637"/>
<player seat="6" name="oreiasccp" chips="1,180" dealer="1" win="0" bet="20" muck="1" rebuy="0" addon="0" merge="0" rebuychips="0" reg_code="8394259574"/>
</players>
</general>
<round no="0"><action no="1" player="oreiasccp" type="15" sum="5"/>
<action no="2" player="scrg37" type="15" discard="1" dealt="1" sum="5"/>
<action no="3" player="oreiasccp" type="1" sum="15"/>
<action no="4" player="scrg37" type="2" discard="1" dealt="1" sum="30"/>
</round>
<round no="1"><cards type="Pocket" player="oreiasccp">S2 C9</cards>
<cards type="Pocket" player="scrg37">X X</cards>
<action no="5" player="oreiasccp" type="0" sum="0"/>
</round>
</game>
<game gamecode="11540628875"><general><startdate>2025-06-29 09:48:16</startdate>
<round>1</round>
<failsafecounter/>
<players><player seat="6" name="oreiasccp" chips="1,160" dealer="0" win="680" bet="340" muck="0" rebuy="0" addon="0" merge="0" rebuychips="0" reg_code="8394259574"/>
<player seat="3" name="scrg37" chips="340" dealer="1" win="0" bet="340" muck="0" rebuy="0" addon="0" merge="0" rebuychips="0" reg_code="8394259637"/>
</players>
</general>
<round no="0"><action no="1" player="scrg37" type="15" discard="1" dealt="1" sum="5"/>
<action no="2" player="oreiasccp" type="15" sum="5"/>
<action no="3" player="scrg37" type="1" discard="1" dealt="1" sum="15"/>
<action no="4" player="oreiasccp" type="2" sum="30"/>
</round>
<round no="1"><cards type="Pocket" player="scrg37">H10 SQ</cards>
<cards type="Pocket" player="oreiasccp">SA SK</cards>
<action no="5" player="scrg37" type="23" discard="1" dealt="1" sum="335"/>
<action no="6" player="oreiasccp" type="3" sum="305"/>
</round>
<round no="2"><cards type="Flop">D2 C9 C7</cards>
</round>
<round no="3"><cards type="Turn">H9</cards>
</round>
<round no="4"><cards type="River">D3</cards>
</round>
</game>
</session>
