<?xml version="1.0" encoding="UTF-8"?>
<session sessioncode="8394278700">
<general>
<client_version>25.1.1.13</client_version>
<mode>real</mode>
<gametype>Holdem NL</gametype>
<tablename>Twister €5 SNG, 1128853252</tablename>
<tournamentcode>1128853251</tournamentcode>
<tournamentname>Twister €5 SNG</tournamentname>
<buyin>€0 + €0.35 + €4.65</buyin>
<totalbuyin>€5</totalbuyin>
<rewarddrawn>€10</rewarddrawn>
<tournamentcurrency>EUR</tournamentcurrency>
<currency>EUR</currency>
<nickname>oreiasccp</nickname>
<gamecount>19</gamecount>
<startdate>2025-06-29 10:47:20</startdate>
<place>2</place>
<win>€0</win>
<tablesize>3</tablesize>
</general>
<game gamecode="11540680162"><general><startdate>2025-06-29 10:47:35</startdate>
<round>1</round>
<failsafecounter/>
<players><player seat="10" name="321ouch" chips="500" dealer="0" win="0" bet="20" muck="1" rebuy="0" addon="0" merge="0" rebuychips="0" reg_code="8394278789"/>
<player seat="3" name="oreiasccp" chips="500" dealer="1" win="0" bet="0" muck="1" rebuy="0" addon="0" merge="0" rebuychips="0" reg_code="8394278700"/>
<player seat="6" name="6SP9" chips="500" dealer="0" win="40" bet="40" muck="1" rebuy="0" addon="0" merge="0" rebuychips="0" reg_code="8394278729"/>
</players>
</general>
<round no="0"><action no="1" player="6SP9" type="1" discard="1" dealt="1" sum="10"/>
<action no="2" player="321ouch" type="2" discard="1" dealt="1" sum="20"/>
</round>
<round no="1"><cards type="Pocket" player="321ouch">X X</cards>
<cards type="Pocket" player="6SP9">X X</cards>
<cards type="Pocket" player="oreiasccp">D5 S6</cards>
<action no="3" player="oreiasccp" type="0" sum="0"/>
<action no="4" player="6SP9" type="23" discard="1" dealt="1" sum="40"/>
<action no="5" player="321ouch" type="0" discard="1" dealt="1" sum="0"/>
</round>
</game>
<game gamecode="11540680236"><general><startdate>2025-06-29 10:47:54</startdate>
<round>1</round>
<failsafecounter/>
<players><player seat="3" name="oreiasccp" chips="500" dealer="0" win="20" bet="20" muck="1" rebuy="0" addon="0" merge="0" rebuychips="0" reg_code="8394278700"/>
<player seat="6" name="6SP9" chips="520" dealer="1" win="0" bet="0" muck="1" rebuy="0" addon="0" merge="0" rebuychips="0" reg_code="8394278729"/>
<player seat="10" name="321ouch" chips="480" dealer="0" win="0" bet="10" muck="1" rebuy="0" addon="0" merge="0" rebuychips="0" reg_code="8394278789"/>
</players>
</general>
<round no="0"><action no="1" player="321ouch" type="1" discard="1" dealt="1" sum="10"/>
<action no="2" player="oreiasccp" type="2" sum="20"/>
</round>
<round no="1"><cards type="Pocket" player="6SP9">X X</cards>
<cards type="Pocket" player="oreiasccp">H7 C5</cards>
<cards type="Pocket" player="321ouch">X X</cards>
<action no="3" player="6SP9" type="0" discard="1" dealt="1" sum="0"/>
<action no="4" player="321ouch" type="0" discard="1" dealt="1" sum="0"/>
</round>
</game>
<game gamecode="11540680294"><general><startdate>2025-06-29 10:48:05</startdate>
<round>1</round>
<failsafecounter/>
<players><player seat="6" name="6SP9" chips="520" dealer="0" win="0" bet="280" muck="1" rebuy="0" addon="0" merge="0" rebuychips="0" reg_code="8394278729"/>
<player seat="10" name="321ouch" chips="470" dealer="1" win="570" bet="280" muck="0" rebuy="0" addon="0" merge="0" rebuychips="0" reg_code="8394278789"/>
<player seat="3" name="oreiasccp" chips="510" dealer="0" win="0" bet="10" muck="1" rebuy="0" addon="0" merge="0" rebuychips="0" reg_code="8394278700"/>
</players>
</general>
<round no="0"><action no="1" player="oreiasccp" type="1" sum="10"/>
<action no="2" player="6SP9" type="2" discard="1" dealt="1" sum="20"/>
</round>
<round no="1"><cards type="Pocket" player="6SP9">CA H5</cards>
<cards type="Pocket" player="321ouch">H8 H7</cards>
<cards type="Pocket" player="oreiasccp">S6 DJ</cards>
<action no="3" player="321ouch" type="23" discard="1" dealt="1" sum="60"/>
<action no="4" player="oreiasccp" type="0" sum="0"/>
<action no="5" player="6SP9" type="3" discard="1" dealt="1" sum="40"/>
</round>
<round no="2"><cards type="Flop">D8 HQ HA</cards>
<action no="6" player="6SP9" type="4" discard="1" dealt="1" sum="0"/>
<action no="7" player="321ouch" type="5" discard="1" dealt="1" sum="60"/>
<action no="8" player="6SP9" type="3" discard="1" dealt="1" sum="60"/>
</round>
<round no="3"><cards type="Turn">D9</cards>
<action no="9" player="6SP9" type="4" discard="1" dealt="1" sum="0"/>
<action no="10" player="321ouch" type="5" discard="1" dealt="1" sum="60"/>
<action no="11" player="6SP9" type="3" discard="1" dealt="1" sum="60"/>
</round>
<round no="4"><cards type="River">H2</cards>
<action no="12" player="6SP9" type="4" discard="1" dealt="1" sum="0"/>
<action no="13" player="321ouch" type="5" discard="1" dealt="1" sum="100"/>
<action no="14" player="6SP9" type="3" discard="1" dealt="1" sum="100"/>
</round>
</game>
<game gamecode="11540680513"><general><startdate>2025-06-29 10:48:58</startdate>
<round>1</round>
<failsafecounter/>
<players><player seat="10" name="321ouch" chips="760" dealer="0" win="0" bet="20" muck="1" rebuy="0" addon="0" merge="0" rebuychips="0" reg_code="8394278789"/>
<player seat="3" name="oreiasccp" chips="500" dealer="1" win="50" bet="40" muck="1" rebuy="0" addon="0" merge="0" rebuychips="0" reg_code="8394278700"/>
<player seat="6" name="6SP9" chips="240" dealer="0" win="0" bet="10" muck="1" rebuy="0" addon="0" merge="0" rebuychips="0" reg_code="8394278729"/>
</players>
</general>
<round no="0"><action no="1" player="6SP9" type="1" discard="1" dealt="1" sum="10"/>
<action no="2" player="321ouch" type="2" discard="1" dealt="1" sum="20"/>
</round>
<round no="1"><cards type="Pocket" player="oreiasccp">C6 DA</cards>
<cards type="Pocket" player="321ouch">X X</cards>
<cards type="Pocket" player="6SP9">X X</cards>
<action no="3" player="oreiasccp" type="23" sum="40"/>
<action no="4" player="6SP9" type="0" discard="1" dealt="1" sum="0"/>
<action no="5" player="321ouch" type="0" discard="1" dealt="1" sum="0"/>
</round>
</game>
<game gamecode="11540680558"><general><startdate>2025-06-29 10:49:09</startdate>
<round>1</round>
<failsafecounter/>
<players><player seat="3" name="oreiasccp" chips="530" dealer="0" win="40" bet="40" muck="1" rebuy="0" addon="0" merge="0" rebuychips="0" reg_code="8394278700"/>
<player seat="6" name="6SP9" chips="230" dealer="1" win="0" bet="0" muck="1" rebuy="0" addon="0" merge="0" rebuychips="0" reg_code="8394278729"/>
<player seat="10" name="321ouch" chips="740" dealer="0" win="0" bet="20" muck="1" rebuy="0" addon="0" merge="0" rebuychips="0" reg_code="8394278789"/>
</players>
</general>
<round no="0"><action no="1" player="321ouch" type="1" discard="1" dealt="1" sum="10"/>
<action no="2" player="oreiasccp" type="2" sum="20"/>
</round>
<round no="1"><cards type="Pocket" player="6SP9">X X</cards>
<cards type="Pocket" player="oreiasccp">C7 H6</cards>
<cards type="Pocket" player="321ouch">X X</cards>
<action no="3" player="6SP9" type="0" discard="1" dealt="1" sum="0"/>
<action no="4" player="321ouch" type="3" discard="1" dealt="1" sum="10"/>
<action no="5" player="oreiasccp" type="4" sum="0"/>
</round>
<round no="2"><cards type="Flop">DJ HJ H3</cards>
<action no="6" player="321ouch" type="4" discard="1" dealt="1" sum="0"/>
<action no="7" player="oreiasccp" type="4" sum="0"/>
</round>
<round no="3"><cards type="Turn">S7</cards>
<action no="8" player="321ouch" type="4" discard="1" dealt="1" sum="0"/>
<action no="9" player="oreiasccp" type="5" sum="20"/>
<action no="10" player="321ouch" type="0" discard="1" dealt="1" sum="0"/>
</round>
</game>
<game gamecode="11540680691"><general><startdate>2025-06-29 10:49:42</startdate>
<round>1</round>
<failsafecounter/>
<players><player seat="6" name="6SP9" chips="230" dealer="0" win="465" bet="230" muck="0" rebuy="0" addon="0" merge="0" rebuychips="0" reg_code="8394278729"/>
<player seat="10" name="321ouch" chips="720" dealer="1" win="0" bet="5" muck="1" rebuy="0" addon="0" merge="0" rebuychips="0" reg_code="8394278789"/>
<player seat="3" name="oreiasccp" chips="550" dealer="0" win="0" bet="230" muck="0" rebuy="0" addon="0" merge="0" rebuychips="0" reg_code="8394278700"/>
</players>
</general>
<round no="0"><action no="1" player="oreiasccp" type="15" sum="5"/>
<action no="2" player="6SP9" type="15" discard="1" dealt="1" sum="5"/>
<action no="3" player="321ouch" type="15" discard="1" dealt="1" sum="5"/>
<action no="4" player="oreiasccp" type="1" sum="15"/>
<action no="5" player="6SP9" type="2" discard="1" dealt="1" sum="30"/>
</round>
<round no="1"><cards type="Pocket" player="321ouch">X X</cards>
<cards type="Pocket" player="6SP9">S7 CA</cards>
<cards type="Pocket" player="oreiasccp">H8 C9</cards>
<action no="6" player="321ouch" type="0" discard="1" dealt="1" sum="0"/>
<action no="7" player="oreiasccp" type="23" sum="225"/>
<action no="8" player="6SP9" type="7" discard="1" dealt="1" sum="195"/>
</round>
<round no="2"><cards type="Flop">S3 H2 D5</cards>
</round>
<round no="3"><cards type="Turn">HK</cards>
</round>
<round no="4"><cards type="River">DK</cards>
</round>
</game>
<game gamecode="11540680775"><general><startdate>2025-06-29 10:50:01</startdate>
<round>1</round>
<failsafecounter/>
<players><player seat="10" name="321ouch" chips="715" dealer="0" win="0" bet="35" muck="1" rebuy="0" addon="0" merge="0" rebuychips="0" reg_code="8394278789"/>
<player seat="3" name="oreiasccp" chips="320" dealer="1" win="90" bet="320" muck="1" rebuy="0" addon="0" merge="0" rebuychips="0" reg_code="8394278700"/>
<player seat="6" name="6SP9" chips="465" dealer="0" win="0" bet="20" muck="1" rebuy="0" addon="0" merge="0" rebuychips="0" reg_code="8394278729"/>
</players>
</general>
<round no="0"><action no="1" player="6SP9" type="15" discard="1" dealt="1" sum="5"/>
<action no="2" player="321ouch" type="15" discard="1" dealt="1" sum="5"/>
<action no="3" player="oreiasccp" type="15" sum="5"/>
<action no="4" player="6SP9" type="1" discard="1" dealt="1" sum="15"/>
<action no="5" player="321ouch" type="2" discard="1" dealt="1" sum="30"/>
</round>
<round no="1"><cards type="Pocket" player="321ouch">X X</cards>
<cards type="Pocket" player="oreiasccp">HA C8</cards>
<cards type="Pocket" player="6SP9">X X</cards>
<action no="6" player="oreiasccp" type="23" sum="315"/>
<action no="7" player="6SP9" type="0" discard="1" dealt="1" sum="0"/>
<action no="8" player="321ouch" type="0" discard="1" dealt="1" sum="0"/>
</round>
</game>
<game gamecode="11540680856"><general><startdate>2025-06-29 10:50:21</startdate>
<round>1</round>
<failsafecounter/>
<players><player seat="3" name="oreiasccp" chips="375" dealer="0" win="75" bet="80" muck="1" rebuy="0" addon="0" merge="0" rebuychips="0" reg_code="8394278700"/>
<player seat="6" name="6SP9" chips="445" dealer="1" win="0" bet="5" muck="1" rebuy="0" addon="0" merge="0" rebuychips="0" reg_code="8394278729"/>
<player seat="10" name="321ouch" chips="680" dealer="0" win="0" bet="35" muck="1" rebuy="0" addon="0" merge="0" rebuychips="0" reg_code="8394278789"/>
</players>
</general>
<round no="0"><action no="1" player="321ouch" type="15" discard="1" dealt="1" sum="5"/>
<action no="2" player="oreiasccp" type="15" sum="5"/>
<action no="3" player="6SP9" type="15" discard="1" dealt="1" sum="5"/>
<action no="4" player="321ouch" type="1" discard="1" dealt="1" sum="15"/>
<action no="5" player="oreiasccp" type="2" sum="30"/>
</round>
<round no="1"><cards type="Pocket" player="6SP9">X X</cards>
<cards type="Pocket" player="oreiasccp">SK SA</cards>
<cards type="Pocket" player="321ouch">X X</cards>
<action no="6" player="6SP9" type="0" discard="1" dealt="1" sum="0"/>
<action no="7" player="321ouch" type="3" discard="1" dealt="1" sum="15"/>
<action no="8" player="oreiasccp" type="23" sum="75"/>
<action no="9" player="321ouch" type="0" discard="1" dealt="1" sum="0"/>
</round>
</game>
<game gamecode="11540680961"><general><startdate>2025-06-29 10:50:47</startdate>
<round>1</round>
<failsafecounter/>
<players><player seat="6" name="6SP9" chips="440" dealer="0" win="0" bet="35" muck="1" rebuy="0" addon="0" merge="0" rebuychips="0" reg_code="8394278729"/>
<player seat="10" name="321ouch" chips="645" dealer="1" win="0" bet="5" muck="1" rebuy="0" addon="0" merge="0" rebuychips="0" reg_code="8394278789"/>
<player seat="3" name="oreiasccp" chips="415" dealer="0" win="75" bet="415" muck="1" rebuy="0" addon="0" merge="0" rebuychips="0" reg_code="8394278700"/>
</players>
</general>
<round no="0"><action no="1" player="oreiasccp" type="15" sum="5"/>
<action no="2" player="6SP9" type="15" discard="1" dealt="1" sum="5"/>
<action no="3" player="321ouch" type="15" discard="1" dealt="1" sum="5"/>
<action no="4" player="oreiasccp" type="1" sum="15"/>
<action no="5" player="6SP9" type="2" discard="1" dealt="1" sum="30"/>
</round>
<round no="1"><cards type="Pocket" player="6SP9">X X</cards>
<cards type="Pocket" player="321ouch">X X</cards>
<cards type="Pocket" player="oreiasccp">SK S4</cards>
<action no="6" player="321ouch" type="0" discard="1" dealt="1" sum="0"/>
<action no="7" player="oreiasccp" type="23" sum="410"/>
<action no="8" player="6SP9" type="0" discard="1" dealt="1" sum="0"/>
</round>
</game>
<game gamecode="11540681036"><general><startdate>2025-06-29 10:51:03</startdate>
<round>1</round>
<failsafecounter/>
<players><player seat="10" name="321ouch" chips="640" dealer="0" win="0" bet="35" muck="1" rebuy="0" addon="0" merge="0" rebuychips="0" reg_code="8394278789"/>
<player seat="3" name="oreiasccp" chips="455" dealer="1" win="0" bet="5" muck="1" rebuy="0" addon="0" merge="0" rebuychips="0" reg_code="8394278700"/>
<player seat="6" name="6SP9" chips="405" dealer="0" win="75" bet="405" muck="1" rebuy="0" addon="0" merge="0" rebuychips="0" reg_code="8394278729"/>
</players>
</general>
<round no="0"><action no="1" player="6SP9" type="15" discard="1" dealt="1" sum="5"/>
<action no="2" player="321ouch" type="15" discard="1" dealt="1" sum="5"/>
<action no="3" player="oreiasccp" type="15" sum="5"/>
<action no="4" player="6SP9" type="1" discard="1" dealt="1" sum="15"/>
<action no="5" player="321ouch" type="2" discard="1" dealt="1" sum="30"/>
</round>
<round no="1"><cards type="Pocket" player="6SP9">X X</cards>
<cards type="Pocket" player="321ouch">X X</cards>
<cards type="Pocket" player="oreiasccp">SQ C6</cards>
<action no="6" player="oreiasccp" type="0" sum="0"/>
<action no="7" player="6SP9" type="23" discard="1" dealt="1" sum="400"/>
<action no="8" player="321ouch" type="0" discard="1" dealt="1" sum="0"/>
</round>
</game>
<game gamecode="11540681080"><general><startdate>2025-06-29 10:51:15</startdate>
<round>1</round>
<failsafecounter/>
<players><player seat="3" name="oreiasccp" chips="450" dealer="0" win="75" bet="65" muck="1" rebuy="0" addon="0" merge="0" rebuychips="0" reg_code="8394278700"/>
<player seat="6" name="6SP9" chips="445" dealer="1" win="0" bet="5" muck="1" rebuy="0" addon="0" merge="0" rebuychips="0" reg_code="8394278729"/>
<player seat="10" name="321ouch" chips="605" dealer="0" win="0" bet="35" muck="1" rebuy="0" addon="0" merge="0" rebuychips="0" reg_code="8394278789"/>
</players>
</general>
<round no="0"><action no="1" player="321ouch" type="15" discard="1" dealt="1" sum="5"/>
<action no="2" player="oreiasccp" type="15" sum="5"/>
<action no="3" player="6SP9" type="15" discard="1" dealt="1" sum="5"/>
<action no="4" player="321ouch" type="1" discard="1" dealt="1" sum="15"/>
<action no="5" player="oreiasccp" type="2" sum="30"/>
</round>
<round no="1"><cards type="Pocket" player="6SP9">X X</cards>
<cards type="Pocket" player="oreiasccp">C2 SQ</cards>
<cards type="Pocket" player="321ouch">X X</cards>
<action no="6" player="6SP9" type="0" discard="1" dealt="1" sum="0"/>
<action no="7" player="321ouch" type="3" discard="1" dealt="1" sum="15"/>
<action no="8" player="oreiasccp" type="4" sum="0"/>
</round>
<round no="2"><cards type="Flop">S9 DQ HK</cards>
<action no="9" player="321ouch" type="4" discard="1" dealt="1" sum="0"/>
<action no="10" player="oreiasccp" type="4" sum="0"/>
</round>
<round no="3"><cards type="Turn">HA</cards>
<action no="11" player="321ouch" type="4" discard="1" dealt="1" sum="0"/>
<action no="12" player="oreiasccp" type="4" sum="0"/>
</round>
<round no="4"><cards type="River">C7</cards>
<action no="13" player="321ouch" type="4" discard="1" dealt="1" sum="0"/>
<action no="14" player="oreiasccp" type="5" sum="30"/>
<action no="15" player="321ouch" type="0" discard="1" dealt="1" sum="0"/>
</round>
</game>
<game gamecode="11540681234"><general><startdate>2025-06-29 10:51:51</startdate>
<round>1</round>
<failsafecounter/>
<players><player seat="6" name="6SP9" chips="440" dealer="0" win="55" bet="45" muck="1" rebuy="0" addon="0" merge="0" rebuychips="0" reg_code="8394278729"/>
<player seat="10" name="321ouch" chips="570" dealer="1" win="0" bet="5" muck="1" rebuy="0" addon="0" merge="0" rebuychips="0" reg_code="8394278789"/>
<player seat="3" name="oreiasccp" chips="490" dealer="0" win="0" bet="25" muck="1" rebuy="0" addon="0" merge="0" rebuychips="0" reg_code="8394278700"/>
</players>
</general>
<round no="0"><action no="1" player="oreiasccp" type="15" sum="5"/>
<action no="2" player="6SP9" type="15" discard="1" dealt="1" sum="5"/>
<action no="3" player="321ouch" type="15" discard="1" dealt="1" sum="5"/>
<action no="4" player="oreiasccp" type="1" sum="20"/>
<action no="5" player="6SP9" type="2" discard="1" dealt="1" sum="40"/>
</round>
<round no="1"><cards type="Pocket" player="oreiasccp">H2 S3</cards>
<cards type="Pocket" player="6SP9">X X</cards>
<cards type="Pocket" player="321ouch">X X</cards>
<action no="6" player="321ouch" type="0" discard="1" dealt="1" sum="0"/>
<action no="7" player="oreiasccp" type="0" sum="0"/>
</round>
</game>
<game gamecode="11540681278"><general><startdate>2025-06-29 10:52:02</startdate>
<round>1</round>
<failsafecounter/>
<players><player seat="10" name="321ouch" chips="565" dealer="0" win="55" bet="45" muck="1" rebuy="0" addon="0" merge="0" rebuychips="0" reg_code="8394278789"/>
<player seat="3" name="oreiasccp" chips="465" dealer="1" win="0" bet="5" muck="1" rebuy="0" addon="0" merge="0" rebuychips="0" reg_code="8394278700"/>
<player seat="6" name="6SP9" chips="470" dealer="0" win="0" bet="25" muck="1" rebuy="0" addon="0" merge="0" rebuychips="0" reg_code="8394278729"/>
</players>
</general>
<round no="0"><action no="1" player="6SP9" type="15" discard="1" dealt="1" sum="5"/>
<action no="2" player="321ouch" type="15" discard="1" dealt="1" sum="5"/>
<action no="3" player="oreiasccp" type="15" sum="5"/>
<action no="4" player="6SP9" type="1" discard="1" dealt="1" sum="20"/>
<action no="5" player="321ouch" type="2" discard="1" dealt="1" sum="40"/>
</round>
<round no="1"><cards type="Pocket" player="6SP9">X X</cards>
<cards type="Pocket" player="oreiasccp">S3 S7</cards>
<cards type="Pocket" player="321ouch">X X</cards>
<action no="6" player="oreiasccp" type="0" sum="0"/>
<action no="7" player="6SP9" type="0" discard="1" dealt="1" sum="0"/>
</round>
</game>
<game gamecode="11540681360"><general><startdate>2025-06-29 10:52:21</startdate>
<round>1</round>
<failsafecounter/>
<players><player seat="3" name="oreiasccp" chips="460" dealer="0" win="55" bet="45" muck="1" rebuy="0" addon="0" merge="0" rebuychips="0" reg_code="8394278700"/>
<player seat="6" name="6SP9" chips="445" dealer="1" win="0" bet="5" muck="1" rebuy="0" addon="0" merge="0" rebuychips="0" reg_code="8394278729"/>
<player seat="10" name="321ouch" chips="595" dealer="0" win="0" bet="25" muck="1" rebuy="0" addon="0" merge="0" rebuychips="0" reg_code="8394278789"/>
</players>
</general>
<round no="0"><action no="1" player="321ouch" type="15" discard="1" dealt="1" sum="5"/>
<action no="2" player="oreiasccp" type="15" sum="5"/>
<action no="3" player="6SP9" type="15" discard="1" dealt="1" sum="5"/>
<action no="4" player="321ouch" type="1" discard="1" dealt="1" sum="20"/>
<action no="5" player="oreiasccp" type="2" sum="40"/>
</round>
<round no="1"><cards type="Pocket" player="321ouch">X X</cards>
<cards type="Pocket" player="6SP9">X X</cards>
<cards type="Pocket" player="oreiasccp">SJ D10</cards>
<action no="6" player="6SP9" type="0" discard="1" dealt="1" sum="0"/>
<action no="7" player="321ouch" type="0" discard="1" dealt="1" sum="0"/>
</round>
</game>
<game gamecode="11540681403"><general><startdate>2025-06-29 10:52:32</startdate>
<round>1</round>
<failsafecounter/>
<players><player seat="6" name="6SP9" chips="440" dealer="0" win="0" bet="45" muck="1" rebuy="0" addon="0" merge="0" rebuychips="0" reg_code="8394278729"/>
<player seat="10" name="321ouch" chips="570" dealer="1" win="115" bet="85" muck="1" rebuy="0" addon="0" merge="0" rebuychips="0" reg_code="8394278789"/>
<player seat="3" name="oreiasccp" chips="490" dealer="0" win="0" bet="25" muck="1" rebuy="0" addon="0" merge="0" rebuychips="0" reg_code="8394278700"/>
</players>
</general>
<round no="0"><action no="1" player="oreiasccp" type="15" sum="5"/>
<action no="2" player="6SP9" type="15" discard="1" dealt="1" sum="5"/>
<action no="3" player="321ouch" type="15" discard="1" dealt="1" sum="5"/>
<action no="4" player="oreiasccp" type="1" sum="20"/>
<action no="5" player="6SP9" type="2" discard="1" dealt="1" sum="40"/>
</round>
<round no="1"><cards type="Pocket" player="6SP9">X X</cards>
<cards type="Pocket" player="oreiasccp">S8 H10</cards>
<cards type="Pocket" player="321ouch">X X</cards>
<action no="6" player="321ouch" type="23" discard="1" dealt="1" sum="80"/>
<action no="7" player="oreiasccp" type="0" sum="0"/>
<action no="8" player="6SP9" type="0" discard="1" dealt="1" sum="0"/>
</round>
</game>
<game gamecode="11540685916"><general><startdate>2025-06-29 10:52:50</startdate>
<round>1</round>
<failsafecounter/>
<players><player seat="10" name="321ouch" chips="640" dealer="0" win="795" bet="395" muck="0" rebuy="0" addon="0" merge="0" rebuychips="0" reg_code="8394278789"/>
<player seat="3" name="oreiasccp" chips="465" dealer="1" win="0" bet="5" muck="1" rebuy="0" addon="0" merge="0" rebuychips="0" reg_code="8394278700"/>
<player seat="6" name="6SP9" chips="395" dealer="0" win="0" bet="395" muck="0" rebuy="0" addon="0" merge="0" rebuychips="0" reg_code="8394278729"/>
</players>
</general>
<round no="0"><action no="1" player="6SP9" type="15" discard="1" dealt="1" sum="5"/>
<action no="2" player="321ouch" type="15" discard="1" dealt="1" sum="5"/>
<action no="3" player="oreiasccp" type="15" sum="5"/>
<action no="4" player="6SP9" type="1" discard="1" dealt="1" sum="20"/>
<action no="5" player="321ouch" type="2" discard="1" dealt="1" sum="40"/>
</round>
<round no="1"><cards type="Pocket" player="321ouch">D9 C9</cards>
<cards type="Pocket" player="oreiasccp">D6 D3</cards>
<cards type="Pocket" player="6SP9">CA CJ</cards>
<action no="6" player="oreiasccp" type="0" sum="0"/>
<action no="7" player="6SP9" type="23" discard="1" dealt="1" sum="390"/>
<action no="8" player="321ouch" type="3" discard="1" dealt="1" sum="350"/>
</round>
<round no="2"><cards type="Flop">HQ H9 CK</cards>
</round>
<round no="3"><cards type="Turn">H5</cards>
</round>
<round no="4"><cards type="River">D8</cards>
</round>
</game>
<game gamecode="11540686001"><general><startdate>2025-06-29 10:53:11</startdate>
<round>1</round>
<failsafecounter/>
<players><player seat="3" name="oreiasccp" chips="460" dealer="0" win="50" bet="45" muck="1" rebuy="0" addon="0" merge="0" rebuychips="0" reg_code="8394278700"/>
<player seat="10" name="321ouch" chips="1,040" dealer="1" win="0" bet="25" muck="1" rebuy="0" addon="0" merge="0" rebuychips="0" reg_code="8394278789"/>
</players>
</general>
<round no="0"><action no="1" player="321ouch" type="15" discard="1" dealt="1" sum="5"/>
<action no="2" player="oreiasccp" type="15" sum="5"/>
<action no="3" player="321ouch" type="1" discard="1" dealt="1" sum="20"/>
<action no="4" player="oreiasccp" type="2" sum="40"/>
</round>
<round no="1"><cards type="Pocket" player="321ouch">X X</cards>
<cards type="Pocket" player="oreiasccp">H10 DA</cards>
<action no="5" player="321ouch" type="0" discard="1" dealt="1" sum="0"/>
</round>
</game>
<game gamecode="11540686038"><general><startdate>2025-06-29 10:53:19</startdate>
<round>1</round>
<failsafecounter/>
<players><player seat="10" name="321ouch" chips="1,015" dealer="0" win="90" bet="85" muck="1" rebuy="0" addon="0" merge="0" rebuychips="0" reg_code="8394278789"/>
<player seat="3" name="oreiasccp" chips="485" dealer="1" win="0" bet="45" muck="1" rebuy="0" addon="0" merge="0" rebuychips="0" reg_code="8394278700"/>
</players>
</general>
<round no="0"><action no="1" player="oreiasccp" type="15" sum="5"/>
<action no="2" player="321ouch" type="15" discard="1" dealt="1" sum="5"/>
<action no="3" player="oreiasccp" type="1" sum="20"/>
<action no="4" player="321ouch" type="2" discard="1" dealt="1" sum="40"/>
</round>
<round no="1"><cards type="Pocket" player="321ouch">X X</cards>
<cards type="Pocket" player="oreiasccp">HJ H10</cards>
<action no="5" player="oreiasccp" type="3" sum="20"/>
<action no="6" player="321ouch" type="4" discard="1" dealt="1" sum="0"/>
</round>
<round no="2"><cards type="Flop">S6 D3 C5</cards>
<action no="7" player="321ouch" type="5" discard="1" dealt="1" sum="40"/>
<action no="8" player="oreiasccp" type="0" sum="0"/>
</round>
</game>
<game gamecode="11540686106"><general><startdate>2025-06-29 10:53:37</startdate>
<round>1</round>
<failsafecounter/>
<players><player seat="3" name="oreiasccp" chips="440" dealer="0" win="0" bet="440" muck="0" rebuy="0" addon="0" merge="0" rebuychips="0" reg_code="8394278700"/>
<player seat="10" name="321ouch" chips="1,060" dealer="1" win="880" bet="440" muck="0" rebuy="0" addon="0" merge="0" rebuychips="0" reg_code="8394278789"/>
</players>
</general>
<round no="0"><action no="1" player="321ouch" type="15" discard="1" dealt="1" sum="5"/>
<action no="2" player="oreiasccp" type="15" sum="5"/>
<action no="3" player="321ouch" type="1" discard="1" dealt="1" sum="30"/>
<action no="4" player="oreiasccp" type="2" sum="60"/>
</round>
<round no="1"><cards type="Pocket" player="321ouch">SQ CJ</cards>
<cards type="Pocket" player="oreiasccp">HQ S9</cards>
<action no="5" player="321ouch" type="23" discard="1" dealt="1" sum="120"/>
<action no="6" player="oreiasccp" type="3" sum="60"/>
</round>
<round no="2"><cards type="Flop">D9 DJ C8</cards>
<action no="7" player="oreiasccp" type="4" sum="0"/>
<action no="8" player="321ouch" type="5" discard="1" dealt="1" sum="60"/>
<action no="9" player="oreiasccp" type="23" sum="315"/>
<action no="10" player="321ouch" type="3" discard="1" dealt="1" sum="255"/>
</round>
<round no="3"><cards type="Turn">H3</cards>
</round>
<round no="4"><cards type="River">SK</cards>
</round>
</game>
</session>
