<?xml version="1.0" encoding="UTF-8"?>
<session sessioncode="8394292049">
<general>
<client_version>25.1.1.13</client_version>
<mode>real</mode>
<gametype>Holdem NL</gametype>
<tablename>Twister €5 SNG, 1128855207</tablename>
<tournamentcode>1128855206</tournamentcode>
<tournamentname>Twister €5 SNG</tournamentname>
<buyin>€0 + €0.35 + €4.65</buyin>
<totalbuyin>€5</totalbuyin>
<rewarddrawn>€15</rewarddrawn>
<tournamentcurrency>EUR</tournamentcurrency>
<currency>EUR</currency>
<nickname>oreiasccp</nickname>
<gamecount>6</gamecount>
<startdate>2025-06-29 11:25:20</startdate>
<place>3</place>
<win>€0</win>
<tablesize>3</tablesize>
</general>
<game gamecode="11540711942"><general><startdate>2025-06-29 11:25:36</startdate>
<round>1</round>
<failsafecounter/>
<players><player seat="10" name="Hunts145" chips="500" dealer="0" win="260" bet="125" muck="0" rebuy="0" addon="0" merge="0" rebuychips="0" reg_code="8394292103"/>
<player seat="3" name="DenkataBG" chips="500" dealer="1" win="0" bet="125" muck="1" rebuy="0" addon="0" merge="0" rebuychips="0" reg_code="8394292043"/>
<player seat="6" name="oreiasccp" chips="500" dealer="0" win="0" bet="10" muck="1" rebuy="0" addon="0" merge="0" rebuychips="0" reg_code="8394292049"/>
</players>
</general>
<round no="0"><action no="1" player="oreiasccp" type="1" sum="10"/>
<action no="2" player="Hunts145" type="2" discard="1" dealt="1" sum="20"/>
</round>
<round no="1"><cards type="Pocket" player="Hunts145">C8 D6</cards>
<cards type="Pocket" player="DenkataBG">HA D8</cards>
<cards type="Pocket" player="oreiasccp">S7 DK</cards>
<action no="3" player="DenkataBG" type="23" discard="1" dealt="1" sum="40"/>
<action no="4" player="oreiasccp" type="0" sum="0"/>
<action no="5" player="Hunts145" type="3" discard="1" dealt="1" sum="20"/>
</round>
<round no="2"><cards type="Flop">H8 D4 S6</cards>
<action no="6" player="Hunts145" type="4" discard="1" dealt="1" sum="0"/>
<action no="7" player="DenkataBG" type="5" discard="1" dealt="1" sum="20"/>
<action no="8" player="Hunts145" type="3" discard="1" dealt="1" sum="20"/>
</round>
<round no="3"><cards type="Turn">D3</cards>
<action no="9" player="Hunts145" type="4" discard="1" dealt="1" sum="0"/>
<action no="10" player="DenkataBG" type="5" discard="1" dealt="1" sum="65"/>
<action no="11" player="Hunts145" type="3" discard="1" dealt="1" sum="65"/>
</round>
<round no="4"><cards type="River">S5</cards>
<action no="12" player="Hunts145" type="4" discard="1" dealt="1" sum="0"/>
<action no="13" player="DenkataBG" type="4" discard="1" dealt="1" sum="0"/>
</round>
</game>
<game gamecode="11540712043"><general><startdate>2025-06-29 11:25:58</startdate>
<round>1</round>
<failsafecounter/>
<players><player seat="3" name="DenkataBG" chips="375" dealer="0" win="120" bet="60" muck="0" rebuy="0" addon="0" merge="0" rebuychips="0" reg_code="8394292043"/>
<player seat="6" name="oreiasccp" chips="490" dealer="1" win="0" bet="0" muck="1" rebuy="0" addon="0" merge="0" rebuychips="0" reg_code="8394292049"/>
<player seat="10" name="Hunts145" chips="635" dealer="0" win="0" bet="60" muck="1" rebuy="0" addon="0" merge="0" rebuychips="0" reg_code="8394292103"/>
</players>
</general>
<round no="0"><action no="1" player="Hunts145" type="1" discard="1" dealt="1" sum="10"/>
<action no="2" player="DenkataBG" type="2" discard="1" dealt="1" sum="20"/>
</round>
<round no="1"><cards type="Pocket" player="DenkataBG">H8 H2</cards>
<cards type="Pocket" player="Hunts145">C7 DA</cards>
<cards type="Pocket" player="oreiasccp">SJ H5</cards>
<action no="3" player="oreiasccp" type="0" sum="0"/>
<action no="4" player="Hunts145" type="23" discard="1" dealt="1" sum="40"/>
<action no="5" player="DenkataBG" type="3" discard="1" dealt="1" sum="20"/>
</round>
<round no="2"><cards type="Flop">D6 HK S10</cards>
<action no="6" player="Hunts145" type="4" discard="1" dealt="1" sum="0"/>
<action no="7" player="DenkataBG" type="4" discard="1" dealt="1" sum="0"/>
</round>
<round no="3"><cards type="Turn">S8</cards>
<action no="8" player="Hunts145" type="4" discard="1" dealt="1" sum="0"/>
<action no="9" player="DenkataBG" type="5" discard="1" dealt="1" sum="20"/>
<action no="10" player="Hunts145" type="3" discard="1" dealt="1" sum="20"/>
</round>
<round no="4"><cards type="River">C5</cards>
<action no="11" player="Hunts145" type="4" discard="1" dealt="1" sum="0"/>
<action no="12" player="DenkataBG" type="4" discard="1" dealt="1" sum="0"/>
</round>
</game>
<game gamecode="11540712118"><general><startdate>2025-06-29 11:26:15</startdate>
<round>1</round>
<failsafecounter/>
<players><player seat="6" name="oreiasccp" chips="490" dealer="0" win="60" bet="72" muck="1" rebuy="0" addon="0" merge="0" rebuychips="0" reg_code="8394292049"/>
<player seat="10" name="Hunts145" chips="575" dealer="1" win="0" bet="20" muck="1" rebuy="0" addon="0" merge="0" rebuychips="0" reg_code="8394292103"/>
<player seat="3" name="DenkataBG" chips="435" dealer="0" win="0" bet="20" muck="1" rebuy="0" addon="0" merge="0" rebuychips="0" reg_code="8394292043"/>
</players>
</general>
<round no="0"><action no="1" player="DenkataBG" type="1" discard="1" dealt="1" sum="10"/>
<action no="2" player="oreiasccp" type="2" sum="20"/>
</round>
<round no="1"><cards type="Pocket" player="Hunts145">X X</cards>
<cards type="Pocket" player="DenkataBG">X X</cards>
<cards type="Pocket" player="oreiasccp">S9 H8</cards>
<action no="3" player="Hunts145" type="3" discard="1" dealt="1" sum="20"/>
<action no="4" player="DenkataBG" type="3" discard="1" dealt="1" sum="10"/>
<action no="5" player="oreiasccp" type="4" sum="0"/>
</round>
<round no="2"><cards type="Flop">C6 H10 DK</cards>
<action no="6" player="DenkataBG" type="4" discard="1" dealt="1" sum="0"/>
<action no="7" player="oreiasccp" type="4" sum="0"/>
<action no="8" player="Hunts145" type="4" discard="1" dealt="1" sum="0"/>
</round>
<round no="3"><cards type="Turn">H4</cards>
<action no="9" player="DenkataBG" type="4" discard="1" dealt="1" sum="0"/>
<action no="10" player="oreiasccp" type="4" sum="0"/>
<action no="11" player="Hunts145" type="4" discard="1" dealt="1" sum="0"/>
</round>
<round no="4"><cards type="River">H6</cards>
<action no="12" player="DenkataBG" type="4" discard="1" dealt="1" sum="0"/>
<action no="13" player="oreiasccp" type="5" sum="52"/>
<action no="14" player="Hunts145" type="0" discard="1" dealt="1" sum="0"/>
<action no="15" player="DenkataBG" type="0" discard="1" dealt="1" sum="0"/>
</round>
</game>
<game gamecode="11540712292"><general><startdate>2025-06-29 11:26:49</startdate>
<round>1</round>
<failsafecounter/>
<players><player seat="10" name="Hunts145" chips="555" dealer="0" win="0" bet="145" muck="1" rebuy="0" addon="0" merge="0" rebuychips="0" reg_code="8394292103"/>
<player seat="3" name="DenkataBG" chips="415" dealer="1" win="300" bet="145" muck="0" rebuy="0" addon="0" merge="0" rebuychips="0" reg_code="8394292043"/>
<player seat="6" name="oreiasccp" chips="530" dealer="0" win="0" bet="10" muck="1" rebuy="0" addon="0" merge="0" rebuychips="0" reg_code="8394292049"/>
</players>
</general>
<round no="0"><action no="1" player="oreiasccp" type="1" sum="10"/>
<action no="2" player="Hunts145" type="2" discard="1" dealt="1" sum="20"/>
</round>
<round no="1"><cards type="Pocket" player="DenkataBG">SK C10</cards>
<cards type="Pocket" player="Hunts145">CQ C4</cards>
<cards type="Pocket" player="oreiasccp">H5 H7</cards>
<action no="3" player="DenkataBG" type="23" discard="1" dealt="1" sum="40"/>
<action no="4" player="oreiasccp" type="0" sum="0"/>
<action no="5" player="Hunts145" type="3" discard="1" dealt="1" sum="20"/>
</round>
<round no="2"><cards type="Flop">CK HA C6</cards>
<action no="6" player="Hunts145" type="4" discard="1" dealt="1" sum="0"/>
<action no="7" player="DenkataBG" type="5" discard="1" dealt="1" sum="20"/>
<action no="8" player="Hunts145" type="3" discard="1" dealt="1" sum="20"/>
</round>
<round no="3"><cards type="Turn">D9</cards>
<action no="9" player="Hunts145" type="4" discard="1" dealt="1" sum="0"/>
<action no="10" player="DenkataBG" type="5" discard="1" dealt="1" sum="65"/>
<action no="11" player="Hunts145" type="3" discard="1" dealt="1" sum="65"/>
</round>
<round no="4"><cards type="River">D8</cards>
<action no="12" player="Hunts145" type="4" discard="1" dealt="1" sum="0"/>
<action no="13" player="DenkataBG" type="5" discard="1" dealt="1" sum="20"/>
<action no="14" player="Hunts145" type="3" discard="1" dealt="1" sum="20"/>
</round>
</game>
<game gamecode="11540712391"><general><startdate>2025-06-29 11:27:10</startdate>
<round>1</round>
<failsafecounter/>
<players><player seat="3" name="DenkataBG" chips="570" dealer="0" win="0" bet="20" muck="1" rebuy="0" addon="0" merge="0" rebuychips="0" reg_code="8394292043"/>
<player seat="6" name="oreiasccp" chips="520" dealer="1" win="0" bet="0" muck="1" rebuy="0" addon="0" merge="0" rebuychips="0" reg_code="8394292049"/>
<player seat="10" name="Hunts145" chips="410" dealer="0" win="40" bet="40" muck="1" rebuy="0" addon="0" merge="0" rebuychips="0" reg_code="8394292103"/>
</players>
</general>
<round no="0"><action no="1" player="Hunts145" type="1" discard="1" dealt="1" sum="10"/>
<action no="2" player="DenkataBG" type="2" discard="1" dealt="1" sum="20"/>
</round>
<round no="1"><cards type="Pocket" player="Hunts145">X X</cards>
<cards type="Pocket" player="oreiasccp">C5 DQ</cards>
<cards type="Pocket" player="DenkataBG">X X</cards>
<action no="3" player="oreiasccp" type="0" sum="0"/>
<action no="4" player="Hunts145" type="23" discard="1" dealt="1" sum="40"/>
<action no="5" player="DenkataBG" type="0" discard="1" dealt="1" sum="0"/>
</round>
</game>
<game gamecode="11540712440"><general><startdate>2025-06-29 11:27:19</startdate>
<round>1</round>
<failsafecounter/>
<players><player seat="6" name="oreiasccp" chips="520" dealer="0" win="0" bet="520" muck="1" rebuy="0" addon="0" merge="0" rebuychips="0" reg_code="8394292049"/>
<player seat="10" name="Hunts145" chips="430" dealer="1" win="0" bet="0" muck="1" rebuy="0" addon="0" merge="0" rebuychips="0" reg_code="8394292103"/>
<player seat="3" name="DenkataBG" chips="550" dealer="0" win="1,040" bet="550" muck="0" rebuy="0" addon="0" merge="0" rebuychips="0" reg_code="8394292043"/>
</players>
</general>
<round no="0"><action no="1" player="DenkataBG" type="1" discard="1" dealt="1" sum="10"/>
<action no="2" player="oreiasccp" type="2" sum="20"/>
</round>
<round no="1"><cards type="Pocket" player="DenkataBG">H5 C7</cards>
<cards type="Pocket" player="oreiasccp">C4 H7</cards>
<cards type="Pocket" player="Hunts145">X X</cards>
<action no="3" player="Hunts145" type="0" discard="1" dealt="1" sum="0"/>
<action no="4" player="DenkataBG" type="3" discard="1" dealt="1" sum="10"/>
<action no="5" player="oreiasccp" type="4" sum="0"/>
</round>
<round no="2"><cards type="Flop">D7 S7 S4</cards>
<action no="6" player="DenkataBG" type="5" discard="1" dealt="1" sum="20"/>
<action no="7" player="oreiasccp" type="3" sum="20"/>
</round>
<round no="3"><cards type="Turn">S5</cards>
<action no="8" player="DenkataBG" type="5" discard="1" dealt="1" sum="20"/>
<action no="9" player="oreiasccp" type="3" sum="20"/>
</round>
<round no="4"><cards type="River">CJ</cards>
<action no="10" player="DenkataBG" type="5" discard="1" dealt="1" sum="490"/>
<action no="11" player="oreiasccp" type="7" sum="460"/>
</round>
</game>
</session>
