<?xml version="1.0" encoding="UTF-8"?>
<session sessioncode="8394290675">
<general>
<client_version>25.1.1.13</client_version>
<mode>real</mode>
<gametype>Holdem NL</gametype>
<tablename>Twister €5 SNG, 1128855007</tablename>
<tournamentcode>1128855006</tournamentcode>
<tournamentname>Twister €5 SNG</tournamentname>
<buyin>€0 + €0.35 + €4.65</buyin>
<totalbuyin>€5</totalbuyin>
<rewarddrawn>€10</rewarddrawn>
<tournamentcurrency>EUR</tournamentcurrency>
<currency>EUR</currency>
<nickname>oreiasccp</nickname>
<gamecount>11</gamecount>
<startdate>2025-06-29 11:21:18</startdate>
<place>2</place>
<win>€0</win>
<tablesize>3</tablesize>
</general>
<game gamecode="11540710864"><general><startdate>2025-06-29 11:21:34</startdate>
<round>1</round>
<failsafecounter/>
<players><player seat="6" name="oreiasccp" chips="500" dealer="0" win="272" bet="131" muck="0" rebuy="0" addon="0" merge="0" rebuychips="0" reg_code="8394290675"/>
<player seat="10" name="241918" chips="500" dealer="1" win="0" bet="131" muck="1" rebuy="0" addon="0" merge="0" rebuychips="0" reg_code="8394290676"/>
<player seat="3" name="Vibrantpearl51" chips="500" dealer="0" win="0" bet="10" muck="1" rebuy="0" addon="0" merge="0" rebuychips="0" reg_code="8394290667"/>
</players>
</general>
<round no="0"><action no="1" player="Vibrantpearl51" type="1" discard="1" dealt="1" sum="10"/>
<action no="2" player="oreiasccp" type="2" sum="20"/>
</round>
<round no="1"><cards type="Pocket" player="oreiasccp">C7 D9</cards>
<cards type="Pocket" player="Vibrantpearl51">X X</cards>
<cards type="Pocket" player="241918">H6 CA</cards>
<action no="3" player="241918" type="3" discard="1" dealt="1" sum="20"/>
<action no="4" player="Vibrantpearl51" type="0" discard="1" dealt="1" sum="0"/>
<action no="5" player="oreiasccp" type="4" sum="0"/>
</round>
<round no="2"><cards type="Flop">D7 S9 SA</cards>
<action no="6" player="oreiasccp" type="4" sum="0"/>
<action no="7" player="241918" type="4" discard="1" dealt="1" sum="0"/>
</round>
<round no="3"><cards type="Turn">H5</cards>
<action no="8" player="oreiasccp" type="5" sum="43"/>
<action no="9" player="241918" type="3" discard="1" dealt="1" sum="43"/>
</round>
<round no="4"><cards type="River">S10</cards>
<action no="10" player="oreiasccp" type="5" sum="68"/>
<action no="11" player="241918" type="3" discard="1" dealt="1" sum="68"/>
</round>
</game>
<game gamecode="11540710940"><general><startdate>2025-06-29 11:21:53</startdate>
<round>1</round>
<failsafecounter/>
<players><player seat="10" name="241918" chips="369" dealer="0" win="0" bet="40" muck="1" rebuy="0" addon="0" merge="0" rebuychips="0" reg_code="8394290676"/>
<player seat="3" name="Vibrantpearl51" chips="490" dealer="1" win="0" bet="0" muck="1" rebuy="0" addon="0" merge="0" rebuychips="0" reg_code="8394290667"/>
<player seat="6" name="oreiasccp" chips="641" dealer="0" win="80" bet="60" muck="1" rebuy="0" addon="0" merge="0" rebuychips="0" reg_code="8394290675"/>
</players>
</general>
<round no="0"><action no="1" player="oreiasccp" type="1" sum="10"/>
<action no="2" player="241918" type="2" discard="1" dealt="1" sum="20"/>
</round>
<round no="1"><cards type="Pocket" player="241918">X X</cards>
<cards type="Pocket" player="oreiasccp">D7 D3</cards>
<cards type="Pocket" player="Vibrantpearl51">X X</cards>
<action no="3" player="Vibrantpearl51" type="0" discard="1" dealt="1" sum="0"/>
<action no="4" player="oreiasccp" type="23" sum="40"/>
<action no="5" player="241918" type="3" discard="1" dealt="1" sum="20"/>
</round>
<round no="2"><cards type="Flop">S7 HA HK</cards>
<action no="6" player="oreiasccp" type="5" sum="20"/>
<action no="7" player="241918" type="0" discard="1" dealt="1" sum="0"/>
</round>
</game>
<game gamecode="11540710999"><general><startdate>2025-06-29 11:22:09</startdate>
<round>1</round>
<failsafecounter/>
<players><player seat="3" name="Vibrantpearl51" chips="490" dealer="0" win="40" bet="20" muck="0" rebuy="0" addon="0" merge="0" rebuychips="0" reg_code="8394290667"/>
<player seat="6" name="oreiasccp" chips="681" dealer="1" win="0" bet="0" muck="1" rebuy="0" addon="0" merge="0" rebuychips="0" reg_code="8394290675"/>
<player seat="10" name="241918" chips="329" dealer="0" win="0" bet="20" muck="1" rebuy="0" addon="0" merge="0" rebuychips="0" reg_code="8394290676"/>
</players>
</general>
<round no="0"><action no="1" player="241918" type="1" discard="1" dealt="1" sum="10"/>
<action no="2" player="Vibrantpearl51" type="2" discard="1" dealt="1" sum="20"/>
</round>
<round no="1"><cards type="Pocket" player="Vibrantpearl51">S3 H5</cards>
<cards type="Pocket" player="oreiasccp">S6 H2</cards>
<cards type="Pocket" player="241918">C6 D8</cards>
<action no="3" player="oreiasccp" type="0" sum="0"/>
<action no="4" player="241918" type="3" discard="1" dealt="1" sum="10"/>
<action no="5" player="Vibrantpearl51" type="4" discard="1" dealt="1" sum="0"/>
</round>
<round no="2"><cards type="Flop">S7 C2 CK</cards>
<action no="6" player="241918" type="4" discard="1" dealt="1" sum="0"/>
<action no="7" player="Vibrantpearl51" type="4" discard="1" dealt="1" sum="0"/>
</round>
<round no="3"><cards type="Turn">S4</cards>
<action no="8" player="241918" type="4" discard="1" dealt="1" sum="0"/>
<action no="9" player="Vibrantpearl51" type="4" discard="1" dealt="1" sum="0"/>
</round>
<round no="4"><cards type="River">SA</cards>
<action no="10" player="241918" type="4" discard="1" dealt="1" sum="0"/>
<action no="11" player="Vibrantpearl51" type="4" discard="1" dealt="1" sum="0"/>
</round>
</game>
<game gamecode="11540711116"><general><startdate>2025-06-29 11:22:35</startdate>
<round>1</round>
<failsafecounter/>
<players><player seat="6" name="oreiasccp" chips="681" dealer="0" win="40" bet="510" muck="1" rebuy="0" addon="0" merge="0" rebuychips="0" reg_code="8394290675"/>
<player seat="10" name="241918" chips="309" dealer="1" win="0" bet="0" muck="1" rebuy="0" addon="0" merge="0" rebuychips="0" reg_code="8394290676"/>
<player seat="3" name="Vibrantpearl51" chips="510" dealer="0" win="0" bet="20" muck="1" rebuy="0" addon="0" merge="0" rebuychips="0" reg_code="8394290667"/>
</players>
</general>
<round no="0"><action no="1" player="Vibrantpearl51" type="1" discard="1" dealt="1" sum="10"/>
<action no="2" player="oreiasccp" type="2" sum="20"/>
</round>
<round no="1"><cards type="Pocket" player="Vibrantpearl51">X X</cards>
<cards type="Pocket" player="241918">X X</cards>
<cards type="Pocket" player="oreiasccp">C10 DA</cards>
<action no="3" player="241918" type="0" discard="1" dealt="1" sum="0"/>
<action no="4" player="Vibrantpearl51" type="3" discard="1" dealt="1" sum="10"/>
<action no="5" player="oreiasccp" type="23" sum="510"/>
<action no="6" player="Vibrantpearl51" type="0" discard="1" dealt="1" sum="0"/>
</round>
</game>
<game gamecode="11540711163"><general><startdate>2025-06-29 11:22:45</startdate>
<round>1</round>
<failsafecounter/>
<players><player seat="10" name="241918" chips="309" dealer="0" win="20" bet="20" muck="1" rebuy="0" addon="0" merge="0" rebuychips="0" reg_code="8394290676"/>
<player seat="3" name="Vibrantpearl51" chips="490" dealer="1" win="0" bet="0" muck="1" rebuy="0" addon="0" merge="0" rebuychips="0" reg_code="8394290667"/>
<player seat="6" name="oreiasccp" chips="701" dealer="0" win="0" bet="10" muck="1" rebuy="0" addon="0" merge="0" rebuychips="0" reg_code="8394290675"/>
</players>
</general>
<round no="0"><action no="1" player="oreiasccp" type="1" sum="10"/>
<action no="2" player="241918" type="2" discard="1" dealt="1" sum="20"/>
</round>
<round no="1"><cards type="Pocket" player="Vibrantpearl51">X X</cards>
<cards type="Pocket" player="oreiasccp">H2 S9</cards>
<cards type="Pocket" player="241918">X X</cards>
<action no="3" player="Vibrantpearl51" type="0" discard="1" dealt="1" sum="0"/>
<action no="4" player="oreiasccp" type="0" sum="0"/>
</round>
</game>
<game gamecode="11540711187"><general><startdate>2025-06-29 11:22:52</startdate>
<round>1</round>
<failsafecounter/>
<players><player seat="3" name="Vibrantpearl51" chips="490" dealer="0" win="0" bet="20" muck="1" rebuy="0" addon="0" merge="0" rebuychips="0" reg_code="8394290667"/>
<player seat="6" name="oreiasccp" chips="691" dealer="1" win="0" bet="0" muck="1" rebuy="0" addon="0" merge="0" rebuychips="0" reg_code="8394290675"/>
<player seat="10" name="241918" chips="319" dealer="0" win="40" bet="40" muck="1" rebuy="0" addon="0" merge="0" rebuychips="0" reg_code="8394290676"/>
</players>
</general>
<round no="0"><action no="1" player="241918" type="1" discard="1" dealt="1" sum="10"/>
<action no="2" player="Vibrantpearl51" type="2" discard="1" dealt="1" sum="20"/>
</round>
<round no="1"><cards type="Pocket" player="Vibrantpearl51">X X</cards>
<cards type="Pocket" player="oreiasccp">D3 S5</cards>
<cards type="Pocket" player="241918">X X</cards>
<action no="3" player="oreiasccp" type="0" sum="0"/>
<action no="4" player="241918" type="23" discard="1" dealt="1" sum="40"/>
<action no="5" player="Vibrantpearl51" type="0" discard="1" dealt="1" sum="0"/>
</round>
</game>
<game gamecode="11540711220"><general><startdate>2025-06-29 11:23:00</startdate>
<round>1</round>
<failsafecounter/>
<players><player seat="6" name="oreiasccp" chips="691" dealer="0" win="0" bet="470" muck="1" rebuy="0" addon="0" merge="0" rebuychips="0" reg_code="8394290675"/>
<player seat="10" name="241918" chips="339" dealer="1" win="0" bet="339" muck="0" rebuy="0" addon="0" merge="0" rebuychips="0" reg_code="8394290676"/>
<player seat="3" name="Vibrantpearl51" chips="470" dealer="0" win="1,279" bet="470" muck="0" rebuy="0" addon="0" merge="0" rebuychips="0" reg_code="8394290667"/>
</players>
</general>
<round no="0"><action no="1" player="Vibrantpearl51" type="1" discard="1" dealt="1" sum="10"/>
<action no="2" player="oreiasccp" type="2" sum="20"/>
</round>
<round no="1"><cards type="Pocket" player="Vibrantpearl51">HQ SA</cards>
<cards type="Pocket" player="241918">S5 CA</cards>
<cards type="Pocket" player="oreiasccp">C10 H10</cards>
<action no="3" player="241918" type="3" discard="1" dealt="1" sum="20"/>
<action no="4" player="Vibrantpearl51" type="23" discard="1" dealt="1" sum="40"/>
<action no="5" player="oreiasccp" type="23" sum="470"/>
<action no="6" player="241918" type="7" discard="1" dealt="1" sum="319"/>
<action no="7" player="Vibrantpearl51" type="7" discard="1" dealt="1" sum="430"/>
</round>
<round no="2"><cards type="Flop">CQ DK S2</cards>
</round>
<round no="3"><cards type="Turn">H8</cards>
</round>
<round no="4"><cards type="River">SJ</cards>
</round>
</game>
<game gamecode="11540711311"><general><startdate>2025-06-29 11:23:20</startdate>
<round>1</round>
<failsafecounter/>
<players><player seat="6" name="oreiasccp" chips="221" dealer="0" win="0" bet="40" muck="1" rebuy="0" addon="0" merge="0" rebuychips="0" reg_code="8394290675"/>
<player seat="3" name="Vibrantpearl51" chips="1,279" dealer="1" win="80" bet="40" muck="0" rebuy="0" addon="0" merge="0" rebuychips="0" reg_code="8394290667"/>
</players>
</general>
<round no="0"><action no="1" player="Vibrantpearl51" type="1" discard="1" dealt="1" sum="10"/>
<action no="2" player="oreiasccp" type="2" sum="20"/>
</round>
<round no="1"><cards type="Pocket" player="oreiasccp">SK S4</cards>
<cards type="Pocket" player="Vibrantpearl51">SJ S3</cards>
<action no="3" player="Vibrantpearl51" type="3" discard="1" dealt="1" sum="10"/>
<action no="4" player="oreiasccp" type="4" sum="0"/>
</round>
<round no="2"><cards type="Flop">HQ C3 C4</cards>
<action no="5" player="oreiasccp" type="4" sum="0"/>
<action no="6" player="Vibrantpearl51" type="4" discard="1" dealt="1" sum="0"/>
</round>
<round no="3"><cards type="Turn">DA</cards>
<action no="7" player="oreiasccp" type="4" sum="0"/>
<action no="8" player="Vibrantpearl51" type="4" discard="1" dealt="1" sum="0"/>
</round>
<round no="4"><cards type="River">DJ</cards>
<action no="9" player="oreiasccp" type="4" sum="0"/>
<action no="10" player="Vibrantpearl51" type="5" discard="1" dealt="1" sum="20"/>
<action no="11" player="oreiasccp" type="3" sum="20"/>
</round>
</game>
<game gamecode="11540711403"><general><startdate>2025-06-29 11:23:41</startdate>
<round>1</round>
<failsafecounter/>
<players><player seat="3" name="Vibrantpearl51" chips="1,319" dealer="0" win="0" bet="181" muck="1" rebuy="0" addon="0" merge="0" rebuychips="0" reg_code="8394290667"/>
<player seat="6" name="oreiasccp" chips="181" dealer="1" win="362" bet="181" muck="0" rebuy="0" addon="0" merge="0" rebuychips="0" reg_code="8394290675"/>
</players>
</general>
<round no="0"><action no="1" player="oreiasccp" type="15" sum="5"/>
<action no="2" player="Vibrantpearl51" type="15" discard="1" dealt="1" sum="5"/>
<action no="3" player="oreiasccp" type="1" sum="15"/>
<action no="4" player="Vibrantpearl51" type="2" discard="1" dealt="1" sum="30"/>
</round>
<round no="1"><cards type="Pocket" player="Vibrantpearl51">SA C10</cards>
<cards type="Pocket" player="oreiasccp">DA C3</cards>
<action no="5" player="oreiasccp" type="23" sum="176"/>
<action no="6" player="Vibrantpearl51" type="3" discard="1" dealt="1" sum="146"/>
</round>
<round no="2"><cards type="Flop">C8 S3 CA</cards>
</round>
<round no="3"><cards type="Turn">S5</cards>
</round>
<round no="4"><cards type="River">SK</cards>
</round>
</game>
<game gamecode="11540711484"><general><startdate>2025-06-29 11:23:57</startdate>
<round>1</round>
<failsafecounter/>
<players><player seat="6" name="oreiasccp" chips="362" dealer="0" win="0" bet="165" muck="1" rebuy="0" addon="0" merge="0" rebuychips="0" reg_code="8394290675"/>
<player seat="3" name="Vibrantpearl51" chips="1,138" dealer="1" win="330" bet="220" muck="1" rebuy="0" addon="0" merge="0" rebuychips="0" reg_code="8394290667"/>
</players>
</general>
<round no="0"><action no="1" player="Vibrantpearl51" type="15" discard="1" dealt="1" sum="5"/>
<action no="2" player="oreiasccp" type="15" sum="5"/>
<action no="3" player="Vibrantpearl51" type="1" discard="1" dealt="1" sum="15"/>
<action no="4" player="oreiasccp" type="2" sum="30"/>
</round>
<round no="1"><cards type="Pocket" player="oreiasccp">C2 H10</cards>
<cards type="Pocket" player="Vibrantpearl51">X X</cards>
<action no="5" player="Vibrantpearl51" type="3" discard="1" dealt="1" sum="15"/>
<action no="6" player="oreiasccp" type="23" sum="105"/>
<action no="7" player="Vibrantpearl51" type="3" discard="1" dealt="1" sum="75"/>
</round>
<round no="2"><cards type="Flop">SA DA CQ</cards>
<action no="8" player="oreiasccp" type="5" sum="55"/>
<action no="9" player="Vibrantpearl51" type="23" discard="1" dealt="1" sum="110"/>
<action no="10" player="oreiasccp" type="0" sum="0"/>
</round>
</game>
<game gamecode="11540711583"><general><startdate>2025-06-29 11:24:18</startdate>
<round>1</round>
<failsafecounter/>
<players><player seat="3" name="Vibrantpearl51" chips="1,303" dealer="0" win="394" bet="197" muck="0" rebuy="0" addon="0" merge="0" rebuychips="0" reg_code="8394290667"/>
<player seat="6" name="oreiasccp" chips="197" dealer="1" win="0" bet="197" muck="0" rebuy="0" addon="0" merge="0" rebuychips="0" reg_code="8394290675"/>
</players>
</general>
<round no="0"><action no="1" player="oreiasccp" type="15" sum="5"/>
<action no="2" player="Vibrantpearl51" type="15" discard="1" dealt="1" sum="5"/>
<action no="3" player="oreiasccp" type="1" sum="15"/>
<action no="4" player="Vibrantpearl51" type="2" discard="1" dealt="1" sum="30"/>
</round>
<round no="1"><cards type="Pocket" player="oreiasccp">H6 SQ</cards>
<cards type="Pocket" player="Vibrantpearl51">S4 CA</cards>
<action no="5" player="oreiasccp" type="23" sum="192"/>
<action no="6" player="Vibrantpearl51" type="3" discard="1" dealt="1" sum="162"/>
</round>
<round no="2"><cards type="Flop">C2 SA H2</cards>
</round>
<round no="3"><cards type="Turn">D4</cards>
</round>
<round no="4"><cards type="River">SJ</cards>
</round>
</game>
</session>
