<?xml version="1.0" encoding="UTF-8"?>
<session sessioncode="8394260978">
<general>
<client_version>25.1.1.13</client_version>
<mode>real</mode>
<gametype>Holdem NL</gametype>
<tablename>Twister €5 SNG, 1128850428</tablename>
<tournamentcode>1128850426</tournamentcode>
<tournamentname>Twister €5 SNG</tournamentname>
<buyin>€0 + €0.35 + €4.65</buyin>
<totalbuyin>€5</totalbuyin>
<rewarddrawn>€10</rewarddrawn>
<tournamentcurrency>EUR</tournamentcurrency>
<currency>EUR</currency>
<nickname>oreiasccp</nickname>
<gamecount>23</gamecount>
<startdate>2025-06-29 09:50:48</startdate>
<place>2</place>
<win>€0</win>
<tablesize>3</tablesize>
</general>
<game gamecode="11540629522"><general><startdate>2025-06-29 09:51:03</startdate>
<round>1</round>
<failsafecounter/>
<players><player seat="10" name="1M4MePlZ" chips="500" dealer="0" win="0" bet="20" muck="1" rebuy="0" addon="0" merge="0" rebuychips="0" reg_code="8394261038"/>
<player seat="3" name="LGLPOKER" chips="500" dealer="1" win="0" bet="20" muck="1" rebuy="0" addon="0" merge="0" rebuychips="0" reg_code="8394260968"/>
<player seat="6" name="oreiasccp" chips="500" dealer="0" win="60" bet="50" muck="1" rebuy="0" addon="0" merge="0" rebuychips="0" reg_code="8394260978"/>
</players>
</general>
<round no="0"><action no="1" player="oreiasccp" type="1" sum="10"/>
<action no="2" player="1M4MePlZ" type="2" discard="1" dealt="1" sum="20"/>
</round>
<round no="1"><cards type="Pocket" player="1M4MePlZ">X X</cards>
<cards type="Pocket" player="LGLPOKER">X X</cards>
<cards type="Pocket" player="oreiasccp">HJ SQ</cards>
<action no="3" player="LGLPOKER" type="3" discard="1" dealt="1" sum="20"/>
<action no="4" player="oreiasccp" type="3" sum="10"/>
<action no="5" player="1M4MePlZ" type="4" discard="1" dealt="1" sum="0"/>
</round>
<round no="2"><cards type="Flop">C2 C7 CJ</cards>
<action no="6" player="oreiasccp" type="5" sum="30"/>
<action no="7" player="1M4MePlZ" type="0" discard="1" dealt="1" sum="0"/>
<action no="8" player="LGLPOKER" type="0" discard="1" dealt="1" sum="0"/>
</round>
</game>
<game gamecode="11540629622"><general><startdate>2025-06-29 09:51:27</startdate>
<round>1</round>
<failsafecounter/>
<players><player seat="3" name="LGLPOKER" chips="480" dealer="0" win="460" bet="230" muck="0" rebuy="0" addon="0" merge="0" rebuychips="0" reg_code="8394260968"/>
<player seat="6" name="oreiasccp" chips="540" dealer="1" win="0" bet="0" muck="1" rebuy="0" addon="0" merge="0" rebuychips="0" reg_code="8394260978"/>
<player seat="10" name="1M4MePlZ" chips="480" dealer="0" win="0" bet="230" muck="1" rebuy="0" addon="0" merge="0" rebuychips="0" reg_code="8394261038"/>
</players>
</general>
<round no="0"><action no="1" player="1M4MePlZ" type="1" discard="1" dealt="1" sum="10"/>
<action no="2" player="LGLPOKER" type="2" discard="1" dealt="1" sum="20"/>
</round>
<round no="1"><cards type="Pocket" player="LGLPOKER">HJ C8</cards>
<cards type="Pocket" player="oreiasccp">H4 SQ</cards>
<cards type="Pocket" player="1M4MePlZ">CJ S10</cards>
<action no="3" player="oreiasccp" type="0" sum="0"/>
<action no="4" player="1M4MePlZ" type="23" discard="1" dealt="1" sum="50"/>
<action no="5" player="LGLPOKER" type="3" discard="1" dealt="1" sum="30"/>
</round>
<round no="2"><cards type="Flop">H8 H6 H3</cards>
<action no="6" player="1M4MePlZ" type="4" discard="1" dealt="1" sum="0"/>
<action no="7" player="LGLPOKER" type="4" discard="1" dealt="1" sum="0"/>
</round>
<round no="3"><cards type="Turn">DJ</cards>
<action no="8" player="1M4MePlZ" type="5" discard="1" dealt="1" sum="80"/>
<action no="9" player="LGLPOKER" type="3" discard="1" dealt="1" sum="80"/>
</round>
<round no="4"><cards type="River">S4</cards>
<action no="10" player="1M4MePlZ" type="4" discard="1" dealt="1" sum="0"/>
<action no="11" player="LGLPOKER" type="5" discard="1" dealt="1" sum="100"/>
<action no="12" player="1M4MePlZ" type="3" discard="1" dealt="1" sum="100"/>
</round>
</game>
<game gamecode="11540629766"><general><startdate>2025-06-29 09:52:05</startdate>
<round>1</round>
<failsafecounter/>
<players><player seat="6" name="oreiasccp" chips="540" dealer="0" win="120" bet="90" muck="1" rebuy="0" addon="0" merge="0" rebuychips="0" reg_code="8394260978"/>
<player seat="10" name="1M4MePlZ" chips="250" dealer="1" win="0" bet="0" muck="1" rebuy="0" addon="0" merge="0" rebuychips="0" reg_code="8394261038"/>
<player seat="3" name="LGLPOKER" chips="710" dealer="0" win="0" bet="60" muck="1" rebuy="0" addon="0" merge="0" rebuychips="0" reg_code="8394260968"/>
</players>
</general>
<round no="0"><action no="1" player="LGLPOKER" type="1" discard="1" dealt="1" sum="10"/>
<action no="2" player="oreiasccp" type="2" sum="20"/>
</round>
<round no="1"><cards type="Pocket" player="oreiasccp">HA DK</cards>
<cards type="Pocket" player="1M4MePlZ">X X</cards>
<cards type="Pocket" player="LGLPOKER">X X</cards>
<action no="3" player="1M4MePlZ" type="0" discard="1" dealt="1" sum="0"/>
<action no="4" player="LGLPOKER" type="3" discard="1" dealt="1" sum="10"/>
<action no="5" player="oreiasccp" type="23" sum="60"/>
<action no="6" player="LGLPOKER" type="3" discard="1" dealt="1" sum="40"/>
</round>
<round no="2"><cards type="Flop">S6 SJ H2</cards>
<action no="7" player="LGLPOKER" type="4" discard="1" dealt="1" sum="0"/>
<action no="8" player="oreiasccp" type="5" sum="30"/>
<action no="9" player="LGLPOKER" type="0" discard="1" dealt="1" sum="0"/>
</round>
</game>
<game gamecode="11540629868"><general><startdate>2025-06-29 09:52:30</startdate>
<round>1</round>
<failsafecounter/>
<players><player seat="10" name="1M4MePlZ" chips="250" dealer="0" win="60" bet="20" muck="0" rebuy="0" addon="0" merge="0" rebuychips="0" reg_code="8394261038"/>
<player seat="3" name="LGLPOKER" chips="650" dealer="1" win="0" bet="20" muck="1" rebuy="0" addon="0" merge="0" rebuychips="0" reg_code="8394260968"/>
<player seat="6" name="oreiasccp" chips="600" dealer="0" win="0" bet="20" muck="1" rebuy="0" addon="0" merge="0" rebuychips="0" reg_code="8394260978"/>
</players>
</general>
<round no="0"><action no="1" player="oreiasccp" type="1" sum="10"/>
<action no="2" player="1M4MePlZ" type="2" discard="1" dealt="1" sum="20"/>
</round>
<round no="1"><cards type="Pocket" player="LGLPOKER">SQ C8</cards>
<cards type="Pocket" player="oreiasccp">C10 C9</cards>
<cards type="Pocket" player="1M4MePlZ">CK S4</cards>
<action no="3" player="LGLPOKER" type="3" discard="1" dealt="1" sum="20"/>
<action no="4" player="oreiasccp" type="3" sum="10"/>
<action no="5" player="1M4MePlZ" type="4" discard="1" dealt="1" sum="0"/>
</round>
<round no="2"><cards type="Flop">H5 D6 H3</cards>
<action no="6" player="oreiasccp" type="4" sum="0"/>
<action no="7" player="1M4MePlZ" type="4" discard="1" dealt="1" sum="0"/>
<action no="8" player="LGLPOKER" type="4" discard="1" dealt="1" sum="0"/>
</round>
<round no="3"><cards type="Turn">SJ</cards>
<action no="9" player="oreiasccp" type="4" sum="0"/>
<action no="10" player="1M4MePlZ" type="4" discard="1" dealt="1" sum="0"/>
<action no="11" player="LGLPOKER" type="4" discard="1" dealt="1" sum="0"/>
</round>
<round no="4"><cards type="River">C5</cards>
<action no="12" player="oreiasccp" type="4" sum="0"/>
<action no="13" player="1M4MePlZ" type="4" discard="1" dealt="1" sum="0"/>
<action no="14" player="LGLPOKER" type="4" discard="1" dealt="1" sum="0"/>
</round>
</game>
<game gamecode="11540634210"><general><startdate>2025-06-29 09:53:00</startdate>
<round>1</round>
<failsafecounter/>
<players><player seat="3" name="LGLPOKER" chips="630" dealer="0" win="0" bet="60" muck="1" rebuy="0" addon="0" merge="0" rebuychips="0" reg_code="8394260968"/>
<player seat="6" name="oreiasccp" chips="580" dealer="1" win="130" bet="240" muck="1" rebuy="0" addon="0" merge="0" rebuychips="0" reg_code="8394260978"/>
<player seat="10" name="1M4MePlZ" chips="290" dealer="0" win="0" bet="10" muck="1" rebuy="0" addon="0" merge="0" rebuychips="0" reg_code="8394261038"/>
</players>
</general>
<round no="0"><action no="1" player="1M4MePlZ" type="1" discard="1" dealt="1" sum="10"/>
<action no="2" player="LGLPOKER" type="2" discard="1" dealt="1" sum="20"/>
</round>
<round no="1"><cards type="Pocket" player="LGLPOKER">X X</cards>
<cards type="Pocket" player="1M4MePlZ">X X</cards>
<cards type="Pocket" player="oreiasccp">S8 DA</cards>
<action no="3" player="oreiasccp" type="23" sum="40"/>
<action no="4" player="1M4MePlZ" type="0" discard="1" dealt="1" sum="0"/>
<action no="5" player="LGLPOKER" type="3" discard="1" dealt="1" sum="20"/>
</round>
<round no="2"><cards type="Flop">H5 D4 DQ</cards>
<action no="6" player="LGLPOKER" type="4" discard="1" dealt="1" sum="0"/>
<action no="7" player="oreiasccp" type="5" sum="20"/>
<action no="8" player="LGLPOKER" type="3" discard="1" dealt="1" sum="20"/>
</round>
<round no="3"><cards type="Turn">C6</cards>
<action no="9" player="LGLPOKER" type="4" discard="1" dealt="1" sum="0"/>
<action no="10" player="oreiasccp" type="4" sum="0"/>
</round>
<round no="4"><cards type="River">C10</cards>
<action no="11" player="LGLPOKER" type="4" discard="1" dealt="1" sum="0"/>
<action no="12" player="oreiasccp" type="5" sum="180"/>
<action no="13" player="LGLPOKER" type="0" discard="1" dealt="1" sum="0"/>
</round>
</game>
<game gamecode="11540634310"><general><startdate>2025-06-29 09:53:30</startdate>
<round>1</round>
<failsafecounter/>
<players><player seat="6" name="oreiasccp" chips="650" dealer="0" win="75" bet="570" muck="1" rebuy="0" addon="0" merge="0" rebuychips="0" reg_code="8394260978"/>
<player seat="10" name="1M4MePlZ" chips="280" dealer="1" win="0" bet="5" muck="1" rebuy="0" addon="0" merge="0" rebuychips="0" reg_code="8394261038"/>
<player seat="3" name="LGLPOKER" chips="570" dealer="0" win="0" bet="35" muck="1" rebuy="0" addon="0" merge="0" rebuychips="0" reg_code="8394260968"/>
</players>
</general>
<round no="0"><action no="1" player="LGLPOKER" type="15" discard="1" dealt="1" sum="5"/>
<action no="2" player="oreiasccp" type="15" sum="5"/>
<action no="3" player="1M4MePlZ" type="15" discard="1" dealt="1" sum="5"/>
<action no="4" player="LGLPOKER" type="1" discard="1" dealt="1" sum="15"/>
<action no="5" player="oreiasccp" type="2" sum="30"/>
</round>
<round no="1"><cards type="Pocket" player="1M4MePlZ">X X</cards>
<cards type="Pocket" player="LGLPOKER">X X</cards>
<cards type="Pocket" player="oreiasccp">C5 HA</cards>
<action no="6" player="1M4MePlZ" type="0" discard="1" dealt="1" sum="0"/>
<action no="7" player="LGLPOKER" type="3" discard="1" dealt="1" sum="15"/>
<action no="8" player="oreiasccp" type="23" sum="565"/>
<action no="9" player="LGLPOKER" type="0" discard="1" dealt="1" sum="0"/>
</round>
</game>
<game gamecode="11540634365"><general><startdate>2025-06-29 09:53:43</startdate>
<round>1</round>
<failsafecounter/>
<players><player seat="10" name="1M4MePlZ" chips="275" dealer="0" win="0" bet="35" muck="1" rebuy="0" addon="0" merge="0" rebuychips="0" reg_code="8394261038"/>
<player seat="3" name="LGLPOKER" chips="535" dealer="1" win="90" bet="125" muck="1" rebuy="0" addon="0" merge="0" rebuychips="0" reg_code="8394260968"/>
<player seat="6" name="oreiasccp" chips="690" dealer="0" win="0" bet="20" muck="1" rebuy="0" addon="0" merge="0" rebuychips="0" reg_code="8394260978"/>
</players>
</general>
<round no="0"><action no="1" player="oreiasccp" type="15" sum="5"/>
<action no="2" player="1M4MePlZ" type="15" discard="1" dealt="1" sum="5"/>
<action no="3" player="LGLPOKER" type="15" discard="1" dealt="1" sum="5"/>
<action no="4" player="oreiasccp" type="1" sum="15"/>
<action no="5" player="1M4MePlZ" type="2" discard="1" dealt="1" sum="30"/>
</round>
<round no="1"><cards type="Pocket" player="LGLPOKER">X X</cards>
<cards type="Pocket" player="oreiasccp">S8 D2</cards>
<cards type="Pocket" player="1M4MePlZ">X X</cards>
<action no="6" player="LGLPOKER" type="3" discard="1" dealt="1" sum="30"/>
<action no="7" player="oreiasccp" type="0" sum="0"/>
<action no="8" player="1M4MePlZ" type="4" discard="1" dealt="1" sum="0"/>
</round>
<round no="2"><cards type="Flop">C9 CA C2</cards>
<action no="9" player="1M4MePlZ" type="4" discard="1" dealt="1" sum="0"/>
<action no="10" player="LGLPOKER" type="5" discard="1" dealt="1" sum="90"/>
<action no="11" player="1M4MePlZ" type="0" discard="1" dealt="1" sum="0"/>
</round>
</game>
<game gamecode="11540634468"><general><startdate>2025-06-29 09:54:09</startdate>
<round>1</round>
<failsafecounter/>
<players><player seat="3" name="LGLPOKER" chips="590" dealer="0" win="0" bet="35" muck="1" rebuy="0" addon="0" merge="0" rebuychips="0" reg_code="8394260968"/>
<player seat="6" name="oreiasccp" chips="670" dealer="1" win="0" bet="5" muck="1" rebuy="0" addon="0" merge="0" rebuychips="0" reg_code="8394260978"/>
<player seat="10" name="1M4MePlZ" chips="240" dealer="0" win="75" bet="240" muck="1" rebuy="0" addon="0" merge="0" rebuychips="0" reg_code="8394261038"/>
</players>
</general>
<round no="0"><action no="1" player="1M4MePlZ" type="15" discard="1" dealt="1" sum="5"/>
<action no="2" player="LGLPOKER" type="15" discard="1" dealt="1" sum="5"/>
<action no="3" player="oreiasccp" type="15" sum="5"/>
<action no="4" player="1M4MePlZ" type="1" discard="1" dealt="1" sum="15"/>
<action no="5" player="LGLPOKER" type="2" discard="1" dealt="1" sum="30"/>
</round>
<round no="1"><cards type="Pocket" player="1M4MePlZ">X X</cards>
<cards type="Pocket" player="LGLPOKER">X X</cards>
<cards type="Pocket" player="oreiasccp">SJ D2</cards>
<action no="6" player="oreiasccp" type="0" sum="0"/>
<action no="7" player="1M4MePlZ" type="23" discard="1" dealt="1" sum="235"/>
<action no="8" player="LGLPOKER" type="0" discard="1" dealt="1" sum="0"/>
</round>
</game>
<game gamecode="11540634511"><general><startdate>2025-06-29 09:54:20</startdate>
<round>1</round>
<failsafecounter/>
<players><player seat="6" name="oreiasccp" chips="665" dealer="0" win="0" bet="35" muck="1" rebuy="0" addon="0" merge="0" rebuychips="0" reg_code="8394260978"/>
<player seat="10" name="1M4MePlZ" chips="280" dealer="1" win="0" bet="5" muck="1" rebuy="0" addon="0" merge="0" rebuychips="0" reg_code="8394261038"/>
<player seat="3" name="LGLPOKER" chips="555" dealer="0" win="75" bet="65" muck="1" rebuy="0" addon="0" merge="0" rebuychips="0" reg_code="8394260968"/>
</players>
</general>
<round no="0"><action no="1" player="LGLPOKER" type="15" discard="1" dealt="1" sum="5"/>
<action no="2" player="oreiasccp" type="15" sum="5"/>
<action no="3" player="1M4MePlZ" type="15" discard="1" dealt="1" sum="5"/>
<action no="4" player="LGLPOKER" type="1" discard="1" dealt="1" sum="15"/>
<action no="5" player="oreiasccp" type="2" sum="30"/>
</round>
<round no="1"><cards type="Pocket" player="LGLPOKER">X X</cards>
<cards type="Pocket" player="oreiasccp">SJ S6</cards>
<cards type="Pocket" player="1M4MePlZ">X X</cards>
<action no="6" player="1M4MePlZ" type="0" discard="1" dealt="1" sum="0"/>
<action no="7" player="LGLPOKER" type="3" discard="1" dealt="1" sum="15"/>
<action no="8" player="oreiasccp" type="4" sum="0"/>
</round>
<round no="2"><cards type="Flop">D3 D4 DK</cards>
<action no="9" player="LGLPOKER" type="5" discard="1" dealt="1" sum="30"/>
<action no="10" player="oreiasccp" type="0" sum="0"/>
</round>
</game>
<game gamecode="11540634572"><general><startdate>2025-06-29 09:54:35</startdate>
<round>1</round>
<failsafecounter/>
<players><player seat="10" name="1M4MePlZ" chips="275" dealer="0" win="0" bet="35" muck="1" rebuy="0" addon="0" merge="0" rebuychips="0" reg_code="8394261038"/>
<player seat="3" name="LGLPOKER" chips="595" dealer="1" win="225" bet="95" muck="0" rebuy="0" addon="0" merge="0" rebuychips="0" reg_code="8394260968"/>
<player seat="6" name="oreiasccp" chips="630" dealer="0" win="0" bet="95" muck="1" rebuy="0" addon="0" merge="0" rebuychips="0" reg_code="8394260978"/>
</players>
</general>
<round no="0"><action no="1" player="oreiasccp" type="15" sum="5"/>
<action no="2" player="1M4MePlZ" type="15" discard="1" dealt="1" sum="5"/>
<action no="3" player="LGLPOKER" type="15" discard="1" dealt="1" sum="5"/>
<action no="4" player="oreiasccp" type="1" sum="15"/>
<action no="5" player="1M4MePlZ" type="2" discard="1" dealt="1" sum="30"/>
</round>
<round no="1"><cards type="Pocket" player="1M4MePlZ">X X</cards>
<cards type="Pocket" player="LGLPOKER">D7 H4</cards>
<cards type="Pocket" player="oreiasccp">DJ S9</cards>
<action no="6" player="LGLPOKER" type="3" discard="1" dealt="1" sum="30"/>
<action no="7" player="oreiasccp" type="3" sum="15"/>
<action no="8" player="1M4MePlZ" type="4" discard="1" dealt="1" sum="0"/>
</round>
<round no="2"><cards type="Flop">SK C4 CJ</cards>
<action no="9" player="oreiasccp" type="4" sum="0"/>
<action no="10" player="1M4MePlZ" type="4" discard="1" dealt="1" sum="0"/>
<action no="11" player="LGLPOKER" type="5" discard="1" dealt="1" sum="30"/>
<action no="12" player="oreiasccp" type="3" sum="30"/>
<action no="13" player="1M4MePlZ" type="0" discard="1" dealt="1" sum="0"/>
</round>
<round no="3"><cards type="Turn">C7</cards>
<action no="14" player="oreiasccp" type="4" sum="0"/>
<action no="15" player="LGLPOKER" type="5" discard="1" dealt="1" sum="30"/>
<action no="16" player="oreiasccp" type="3" sum="30"/>
</round>
<round no="4"><cards type="River">H3</cards>
<action no="17" player="oreiasccp" type="4" sum="0"/>
<action no="18" player="LGLPOKER" type="4" discard="1" dealt="1" sum="0"/>
</round>
</game>
<game gamecode="11540634689"><general><startdate>2025-06-29 09:55:03</startdate>
<round>1</round>
<failsafecounter/>
<players><player seat="3" name="LGLPOKER" chips="725" dealer="0" win="0" bet="35" muck="1" rebuy="0" addon="0" merge="0" rebuychips="0" reg_code="8394260968"/>
<player seat="6" name="oreiasccp" chips="535" dealer="1" win="0" bet="5" muck="1" rebuy="0" addon="0" merge="0" rebuychips="0" reg_code="8394260978"/>
<player seat="10" name="1M4MePlZ" chips="240" dealer="0" win="75" bet="240" muck="1" rebuy="0" addon="0" merge="0" rebuychips="0" reg_code="8394261038"/>
</players>
</general>
<round no="0"><action no="1" player="1M4MePlZ" type="15" discard="1" dealt="1" sum="5"/>
<action no="2" player="LGLPOKER" type="15" discard="1" dealt="1" sum="5"/>
<action no="3" player="oreiasccp" type="15" sum="5"/>
<action no="4" player="1M4MePlZ" type="1" discard="1" dealt="1" sum="15"/>
<action no="5" player="LGLPOKER" type="2" discard="1" dealt="1" sum="30"/>
</round>
<round no="1"><cards type="Pocket" player="1M4MePlZ">X X</cards>
<cards type="Pocket" player="oreiasccp">SQ H3</cards>
<cards type="Pocket" player="LGLPOKER">X X</cards>
<action no="6" player="oreiasccp" type="0" sum="0"/>
<action no="7" player="1M4MePlZ" type="23" discard="1" dealt="1" sum="235"/>
<action no="8" player="LGLPOKER" type="0" discard="1" dealt="1" sum="0"/>
</round>
</game>
<game gamecode="11540634753"><general><startdate>2025-06-29 09:55:19</startdate>
<round>1</round>
<failsafecounter/>
<players><player seat="6" name="oreiasccp" chips="530" dealer="0" win="95" bet="530" muck="1" rebuy="0" addon="0" merge="0" rebuychips="0" reg_code="8394260978"/>
<player seat="10" name="1M4MePlZ" chips="280" dealer="1" win="0" bet="5" muck="1" rebuy="0" addon="0" merge="0" rebuychips="0" reg_code="8394261038"/>
<player seat="3" name="LGLPOKER" chips="690" dealer="0" win="0" bet="45" muck="1" rebuy="0" addon="0" merge="0" rebuychips="0" reg_code="8394260968"/>
</players>
</general>
<round no="0"><action no="1" player="LGLPOKER" type="15" discard="1" dealt="1" sum="5"/>
<action no="2" player="oreiasccp" type="15" sum="5"/>
<action no="3" player="1M4MePlZ" type="15" discard="1" dealt="1" sum="5"/>
<action no="4" player="LGLPOKER" type="1" discard="1" dealt="1" sum="20"/>
<action no="5" player="oreiasccp" type="2" sum="40"/>
</round>
<round no="1"><cards type="Pocket" player="LGLPOKER">X X</cards>
<cards type="Pocket" player="1M4MePlZ">X X</cards>
<cards type="Pocket" player="oreiasccp">CA SJ</cards>
<action no="6" player="1M4MePlZ" type="0" discard="1" dealt="1" sum="0"/>
<action no="7" player="LGLPOKER" type="3" discard="1" dealt="1" sum="20"/>
<action no="8" player="oreiasccp" type="23" sum="525"/>
<action no="9" player="LGLPOKER" type="0" discard="1" dealt="1" sum="0"/>
</round>
</game>
<game gamecode="11540634800"><general><startdate>2025-06-29 09:55:33</startdate>
<round>1</round>
<failsafecounter/>
<players><player seat="10" name="1M4MePlZ" chips="275" dealer="0" win="115" bet="124" muck="1" rebuy="0" addon="0" merge="0" rebuychips="0" reg_code="8394261038"/>
<player seat="3" name="LGLPOKER" chips="645" dealer="1" win="0" bet="45" muck="1" rebuy="0" addon="0" merge="0" rebuychips="0" reg_code="8394260968"/>
<player seat="6" name="oreiasccp" chips="580" dealer="0" win="0" bet="25" muck="1" rebuy="0" addon="0" merge="0" rebuychips="0" reg_code="8394260978"/>
</players>
</general>
<round no="0"><action no="1" player="oreiasccp" type="15" sum="5"/>
<action no="2" player="1M4MePlZ" type="15" discard="1" dealt="1" sum="5"/>
<action no="3" player="LGLPOKER" type="15" discard="1" dealt="1" sum="5"/>
<action no="4" player="oreiasccp" type="1" sum="20"/>
<action no="5" player="1M4MePlZ" type="2" discard="1" dealt="1" sum="40"/>
</round>
<round no="1"><cards type="Pocket" player="LGLPOKER">X X</cards>
<cards type="Pocket" player="oreiasccp">S8 H6</cards>
<cards type="Pocket" player="1M4MePlZ">X X</cards>
<action no="6" player="LGLPOKER" type="3" discard="1" dealt="1" sum="40"/>
<action no="7" player="oreiasccp" type="0" sum="0"/>
<action no="8" player="1M4MePlZ" type="4" discard="1" dealt="1" sum="0"/>
</round>
<round no="2"><cards type="Flop">D2 H5 SQ</cards>
<action no="9" player="1M4MePlZ" type="4" discard="1" dealt="1" sum="0"/>
<action no="10" player="LGLPOKER" type="4" discard="1" dealt="1" sum="0"/>
</round>
<round no="3"><cards type="Turn">S2</cards>
<action no="11" player="1M4MePlZ" type="5" discard="1" dealt="1" sum="79"/>
<action no="12" player="LGLPOKER" type="0" discard="1" dealt="1" sum="0"/>
</round>
</game>
<game gamecode="11540634899"><general><startdate>2025-06-29 09:55:57</startdate>
<round>1</round>
<failsafecounter/>
<players><player seat="3" name="LGLPOKER" chips="600" dealer="0" win="0" bet="45" muck="1" rebuy="0" addon="0" merge="0" rebuychips="0" reg_code="8394260968"/>
<player seat="6" name="oreiasccp" chips="555" dealer="1" win="0" bet="5" muck="1" rebuy="0" addon="0" merge="0" rebuychips="0" reg_code="8394260978"/>
<player seat="10" name="1M4MePlZ" chips="345" dealer="0" win="95" bet="345" muck="1" rebuy="0" addon="0" merge="0" rebuychips="0" reg_code="8394261038"/>
</players>
</general>
<round no="0"><action no="1" player="1M4MePlZ" type="15" discard="1" dealt="1" sum="5"/>
<action no="2" player="LGLPOKER" type="15" discard="1" dealt="1" sum="5"/>
<action no="3" player="oreiasccp" type="15" sum="5"/>
<action no="4" player="1M4MePlZ" type="1" discard="1" dealt="1" sum="20"/>
<action no="5" player="LGLPOKER" type="2" discard="1" dealt="1" sum="40"/>
</round>
<round no="1"><cards type="Pocket" player="oreiasccp">C2 S9</cards>
<cards type="Pocket" player="LGLPOKER">X X</cards>
<cards type="Pocket" player="1M4MePlZ">X X</cards>
<action no="6" player="oreiasccp" type="0" sum="0"/>
<action no="7" player="1M4MePlZ" type="23" discard="1" dealt="1" sum="340"/>
<action no="8" player="LGLPOKER" type="0" discard="1" dealt="1" sum="0"/>
</round>
</game>
<game gamecode="11540634942"><general><startdate>2025-06-29 09:56:07</startdate>
<round>1</round>
<failsafecounter/>
<players><player seat="6" name="oreiasccp" chips="550" dealer="0" win="0" bet="45" muck="1" rebuy="0" addon="0" merge="0" rebuychips="0" reg_code="8394260978"/>
<player seat="10" name="1M4MePlZ" chips="395" dealer="1" win="115" bet="395" muck="1" rebuy="0" addon="0" merge="0" rebuychips="0" reg_code="8394261038"/>
<player seat="3" name="LGLPOKER" chips="555" dealer="0" win="0" bet="25" muck="1" rebuy="0" addon="0" merge="0" rebuychips="0" reg_code="8394260968"/>
</players>
</general>
<round no="0"><action no="1" player="LGLPOKER" type="15" discard="1" dealt="1" sum="5"/>
<action no="2" player="oreiasccp" type="15" sum="5"/>
<action no="3" player="1M4MePlZ" type="15" discard="1" dealt="1" sum="5"/>
<action no="4" player="LGLPOKER" type="1" discard="1" dealt="1" sum="20"/>
<action no="5" player="oreiasccp" type="2" sum="40"/>
</round>
<round no="1"><cards type="Pocket" player="oreiasccp">S7 S9</cards>
<cards type="Pocket" player="LGLPOKER">X X</cards>
<cards type="Pocket" player="1M4MePlZ">X X</cards>
<action no="6" player="1M4MePlZ" type="23" discard="1" dealt="1" sum="390"/>
<action no="7" player="LGLPOKER" type="0" discard="1" dealt="1" sum="0"/>
<action no="8" player="oreiasccp" type="0" sum="0"/>
</round>
</game>
<game gamecode="11540634979"><general><startdate>2025-06-29 09:56:18</startdate>
<round>1</round>
<failsafecounter/>
<players><player seat="10" name="1M4MePlZ" chips="465" dealer="0" win="0" bet="45" muck="1" rebuy="0" addon="0" merge="0" rebuychips="0" reg_code="8394261038"/>
<player seat="3" name="LGLPOKER" chips="530" dealer="1" win="0" bet="185" muck="1" rebuy="0" addon="0" merge="0" rebuychips="0" reg_code="8394260968"/>
<player seat="6" name="oreiasccp" chips="505" dealer="0" win="415" bet="265" muck="1" rebuy="0" addon="0" merge="0" rebuychips="0" reg_code="8394260978"/>
</players>
</general>
<round no="0"><action no="1" player="oreiasccp" type="15" sum="5"/>
<action no="2" player="1M4MePlZ" type="15" discard="1" dealt="1" sum="5"/>
<action no="3" player="LGLPOKER" type="15" discard="1" dealt="1" sum="5"/>
<action no="4" player="oreiasccp" type="1" sum="20"/>
<action no="5" player="1M4MePlZ" type="2" discard="1" dealt="1" sum="40"/>
</round>
<round no="1"><cards type="Pocket" player="LGLPOKER">X X</cards>
<cards type="Pocket" player="oreiasccp">SQ DQ</cards>
<cards type="Pocket" player="1M4MePlZ">X X</cards>
<action no="6" player="LGLPOKER" type="3" discard="1" dealt="1" sum="40"/>
<action no="7" player="oreiasccp" type="23" sum="180"/>
<action no="8" player="1M4MePlZ" type="0" discard="1" dealt="1" sum="0"/>
<action no="9" player="LGLPOKER" type="3" discard="1" dealt="1" sum="140"/>
</round>
<round no="2"><cards type="Flop">S7 D3 S3</cards>
<action no="10" player="oreiasccp" type="5" sum="80"/>
<action no="11" player="LGLPOKER" type="0" discard="1" dealt="1" sum="0"/>
</round>
</game>
<game gamecode="11540635049"><general><startdate>2025-06-29 09:56:35</startdate>
<round>1</round>
<failsafecounter/>
<players><player seat="3" name="LGLPOKER" chips="345" dealer="0" win="715" bet="345" muck="0" rebuy="0" addon="0" merge="0" rebuychips="0" reg_code="8394260968"/>
<player seat="6" name="oreiasccp" chips="735" dealer="1" win="0" bet="420" muck="1" rebuy="0" addon="0" merge="0" rebuychips="0" reg_code="8394260978"/>
<player seat="10" name="1M4MePlZ" chips="420" dealer="0" win="0" bet="25" muck="1" rebuy="0" addon="0" merge="0" rebuychips="0" reg_code="8394261038"/>
</players>
</general>
<round no="0"><action no="1" player="1M4MePlZ" type="15" discard="1" dealt="1" sum="5"/>
<action no="2" player="LGLPOKER" type="15" discard="1" dealt="1" sum="5"/>
<action no="3" player="oreiasccp" type="15" sum="5"/>
<action no="4" player="1M4MePlZ" type="1" discard="1" dealt="1" sum="20"/>
<action no="5" player="LGLPOKER" type="2" discard="1" dealt="1" sum="40"/>
</round>
<round no="1"><cards type="Pocket" player="1M4MePlZ">X X</cards>
<cards type="Pocket" player="LGLPOKER">HK H3</cards>
<cards type="Pocket" player="oreiasccp">HA S9</cards>
<action no="6" player="oreiasccp" type="23" sum="415"/>
<action no="7" player="1M4MePlZ" type="0" discard="1" dealt="1" sum="0"/>
<action no="8" player="LGLPOKER" type="7" discard="1" dealt="1" sum="300"/>
</round>
<round no="2"><cards type="Flop">S7 H6 D2</cards>
</round>
<round no="3"><cards type="Turn">C5</cards>
</round>
<round no="4"><cards type="River">S3</cards>
</round>
</game>
<game gamecode="11540635120"><general><startdate>2025-06-29 09:56:53</startdate>
<round>1</round>
<failsafecounter/>
<players><player seat="6" name="oreiasccp" chips="390" dealer="0" win="55" bet="45" muck="1" rebuy="0" addon="0" merge="0" rebuychips="0" reg_code="8394260978"/>
<player seat="10" name="1M4MePlZ" chips="395" dealer="1" win="0" bet="5" muck="1" rebuy="0" addon="0" merge="0" rebuychips="0" reg_code="8394261038"/>
<player seat="3" name="LGLPOKER" chips="715" dealer="0" win="0" bet="25" muck="1" rebuy="0" addon="0" merge="0" rebuychips="0" reg_code="8394260968"/>
</players>
</general>
<round no="0"><action no="1" player="LGLPOKER" type="15" discard="1" dealt="1" sum="5"/>
<action no="2" player="oreiasccp" type="15" sum="5"/>
<action no="3" player="1M4MePlZ" type="15" discard="1" dealt="1" sum="5"/>
<action no="4" player="LGLPOKER" type="1" discard="1" dealt="1" sum="20"/>
<action no="5" player="oreiasccp" type="2" sum="40"/>
</round>
<round no="1"><cards type="Pocket" player="LGLPOKER">X X</cards>
<cards type="Pocket" player="oreiasccp">D4 H3</cards>
<cards type="Pocket" player="1M4MePlZ">X X</cards>
<action no="6" player="1M4MePlZ" type="0" discard="1" dealt="1" sum="0"/>
<action no="7" player="LGLPOKER" type="0" discard="1" dealt="1" sum="0"/>
</round>
</game>
<game gamecode="11540635167"><general><startdate>2025-06-29 09:57:05</startdate>
<round>1</round>
<failsafecounter/>
<players><player seat="10" name="1M4MePlZ" chips="390" dealer="0" win="0" bet="65" muck="1" rebuy="0" addon="0" merge="0" rebuychips="0" reg_code="8394261038"/>
<player seat="3" name="LGLPOKER" chips="690" dealer="1" win="0" bet="5" muck="1" rebuy="0" addon="0" merge="0" rebuychips="0" reg_code="8394260968"/>
<player seat="6" name="oreiasccp" chips="420" dealer="0" win="135" bet="390" muck="1" rebuy="0" addon="0" merge="0" rebuychips="0" reg_code="8394260978"/>
</players>
</general>
<round no="0"><action no="1" player="oreiasccp" type="15" sum="5"/>
<action no="2" player="1M4MePlZ" type="15" discard="1" dealt="1" sum="5"/>
<action no="3" player="LGLPOKER" type="15" discard="1" dealt="1" sum="5"/>
<action no="4" player="oreiasccp" type="1" sum="30"/>
<action no="5" player="1M4MePlZ" type="2" discard="1" dealt="1" sum="60"/>
</round>
<round no="1"><cards type="Pocket" player="oreiasccp">SA S4</cards>
<cards type="Pocket" player="1M4MePlZ">X X</cards>
<cards type="Pocket" player="LGLPOKER">X X</cards>
<action no="6" player="LGLPOKER" type="0" discard="1" dealt="1" sum="0"/>
<action no="7" player="oreiasccp" type="23" sum="385"/>
<action no="8" player="1M4MePlZ" type="0" discard="1" dealt="1" sum="0"/>
</round>
</game>
<game gamecode="11540635245"><general><startdate>2025-06-29 09:57:23</startdate>
<round>1</round>
<failsafecounter/>
<players><player seat="3" name="LGLPOKER" chips="685" dealer="0" win="655" bet="325" muck="0" rebuy="0" addon="0" merge="0" rebuychips="0" reg_code="8394260968"/>
<player seat="6" name="oreiasccp" chips="490" dealer="1" win="0" bet="5" muck="1" rebuy="0" addon="0" merge="0" rebuychips="0" reg_code="8394260978"/>
<player seat="10" name="1M4MePlZ" chips="325" dealer="0" win="0" bet="325" muck="0" rebuy="0" addon="0" merge="0" rebuychips="0" reg_code="8394261038"/>
</players>
</general>
<round no="0"><action no="1" player="1M4MePlZ" type="15" discard="1" dealt="1" sum="5"/>
<action no="2" player="LGLPOKER" type="15" discard="1" dealt="1" sum="5"/>
<action no="3" player="oreiasccp" type="15" sum="5"/>
<action no="4" player="1M4MePlZ" type="1" discard="1" dealt="1" sum="30"/>
<action no="5" player="LGLPOKER" type="2" discard="1" dealt="1" sum="60"/>
</round>
<round no="1"><cards type="Pocket" player="1M4MePlZ">D7 CJ</cards>
<cards type="Pocket" player="oreiasccp">CK H4</cards>
<cards type="Pocket" player="LGLPOKER">DK DJ</cards>
<action no="6" player="oreiasccp" type="0" sum="0"/>
<action no="7" player="1M4MePlZ" type="23" discard="1" dealt="1" sum="320"/>
<action no="8" player="LGLPOKER" type="3" discard="1" dealt="1" sum="260"/>
</round>
<round no="2"><cards type="Flop">D6 HJ HQ</cards>
</round>
<round no="3"><cards type="Turn">DQ</cards>
</round>
<round no="4"><cards type="River">D9</cards>
</round>
</game>
<game gamecode="11540635311"><general><startdate>2025-06-29 09:57:41</startdate>
<round>1</round>
<failsafecounter/>
<players><player seat="6" name="oreiasccp" chips="485" dealer="0" win="125" bet="125" muck="0" rebuy="0" addon="0" merge="0" rebuychips="0" reg_code="8394260978"/>
<player seat="3" name="LGLPOKER" chips="1,015" dealer="1" win="125" bet="125" muck="0" rebuy="0" addon="0" merge="0" rebuychips="0" reg_code="8394260968"/>
</players>
</general>
<round no="0"><action no="1" player="LGLPOKER" type="15" discard="1" dealt="1" sum="5"/>
<action no="2" player="oreiasccp" type="15" sum="5"/>
<action no="3" player="LGLPOKER" type="1" discard="1" dealt="1" sum="30"/>
<action no="4" player="oreiasccp" type="2" sum="60"/>
</round>
<round no="1"><cards type="Pocket" player="LGLPOKER">D2 D10</cards>
<cards type="Pocket" player="oreiasccp">S10 D7</cards>
<action no="5" player="LGLPOKER" type="3" discard="1" dealt="1" sum="30"/>
<action no="6" player="oreiasccp" type="4" sum="0"/>
</round>
<round no="2"><cards type="Flop">CK C10 HA</cards>
<action no="7" player="oreiasccp" type="4" sum="0"/>
<action no="8" player="LGLPOKER" type="4" discard="1" dealt="1" sum="0"/>
</round>
<round no="3"><cards type="Turn">S6</cards>
<action no="9" player="oreiasccp" type="4" sum="0"/>
<action no="10" player="LGLPOKER" type="5" discard="1" dealt="1" sum="60"/>
<action no="11" player="oreiasccp" type="3" sum="60"/>
</round>
<round no="4"><cards type="River">H8</cards>
<action no="12" player="oreiasccp" type="4" sum="0"/>
<action no="13" player="LGLPOKER" type="4" discard="1" dealt="1" sum="0"/>
</round>
</game>
<game gamecode="11540635405"><general><startdate>2025-06-29 09:58:04</startdate>
<round>1</round>
<failsafecounter/>
<players><player seat="3" name="LGLPOKER" chips="1,015" dealer="0" win="70" bet="65" muck="1" rebuy="0" addon="0" merge="0" rebuychips="0" reg_code="8394260968"/>
<player seat="6" name="oreiasccp" chips="485" dealer="1" win="0" bet="35" muck="1" rebuy="0" addon="0" merge="0" rebuychips="0" reg_code="8394260978"/>
</players>
</general>
<round no="0"><action no="1" player="oreiasccp" type="15" sum="5"/>
<action no="2" player="LGLPOKER" type="15" discard="1" dealt="1" sum="5"/>
<action no="3" player="oreiasccp" type="1" sum="30"/>
<action no="4" player="LGLPOKER" type="2" discard="1" dealt="1" sum="60"/>
</round>
<round no="1"><cards type="Pocket" player="LGLPOKER">X X</cards>
<cards type="Pocket" player="oreiasccp">D7 H2</cards>
<action no="5" player="oreiasccp" type="0" sum="0"/>
</round>
</game>
<game gamecode="11540635433"><general><startdate>2025-06-29 09:58:10</startdate>
<round>1</round>
<failsafecounter/>
<players><player seat="6" name="oreiasccp" chips="450" dealer="0" win="0" bet="450" muck="0" rebuy="0" addon="0" merge="0" rebuychips="0" reg_code="8394260978"/>
<player seat="3" name="LGLPOKER" chips="1,050" dealer="1" win="900" bet="450" muck="0" rebuy="0" addon="0" merge="0" rebuychips="0" reg_code="8394260968"/>
</players>
</general>
<round no="0"><action no="1" player="LGLPOKER" type="15" discard="1" dealt="1" sum="5"/>
<action no="2" player="oreiasccp" type="15" sum="5"/>
<action no="3" player="LGLPOKER" type="1" discard="1" dealt="1" sum="30"/>
<action no="4" player="oreiasccp" type="2" sum="60"/>
</round>
<round no="1"><cards type="Pocket" player="oreiasccp">DA C8</cards>
<cards type="Pocket" player="LGLPOKER">HA H9</cards>
<action no="5" player="LGLPOKER" type="3" discard="1" dealt="1" sum="30"/>
<action no="6" player="oreiasccp" type="23" sum="445"/>
<action no="7" player="LGLPOKER" type="3" discard="1" dealt="1" sum="385"/>
</round>
<round no="2"><cards type="Flop">D3 D7 D9</cards>
</round>
<round no="3"><cards type="Turn">SA</cards>
</round>
<round no="4"><cards type="River">CJ</cards>
</round>
</game>
</session>
