<?xml version="1.0" encoding="UTF-8"?>
<session sessioncode="8394271150">
<general>
<client_version>25.1.1.13</client_version>
<mode>real</mode>
<gametype>Holdem NL</gametype>
<tablename>Twister €5 SNG, 1128852035</tablename>
<tournamentcode>1128852034</tournamentcode>
<tournamentname>Twister €5 SNG</tournamentname>
<buyin>€0 + €0.35 + €4.65</buyin>
<totalbuyin>€5</totalbuyin>
<rewarddrawn>€10</rewarddrawn>
<tournamentcurrency>EUR</tournamentcurrency>
<currency>EUR</currency>
<nickname>oreiasccp</nickname>
<gamecount>5</gamecount>
<startdate>2025-06-29 10:24:07</startdate>
<place>3</place>
<win>€0</win>
<tablesize>3</tablesize>
</general>
<game gamecode="11540661565"><general><startdate>2025-06-29 10:24:22</startdate>
<round>1</round>
<failsafecounter/>
<players><player seat="6" name="DeusVult92" chips="500" dealer="0" win="120" bet="100" muck="1" rebuy="0" addon="0" merge="0" rebuychips="0" reg_code="8394271264"/>
<player seat="10" name="fghjkl" chips="500" dealer="1" win="0" bet="0" muck="1" rebuy="0" addon="0" merge="0" rebuychips="0" reg_code="8394271283"/>
<player seat="3" name="oreiasccp" chips="500" dealer="0" win="0" bet="60" muck="1" rebuy="0" addon="0" merge="0" rebuychips="0" reg_code="8394271150"/>
</players>
</general>
<round no="0"><action no="1" player="oreiasccp" type="1" sum="10"/>
<action no="2" player="DeusVult92" type="2" discard="1" dealt="1" sum="20"/>
</round>
<round no="1"><cards type="Pocket" player="DeusVult92">X X</cards>
<cards type="Pocket" player="fghjkl">X X</cards>
<cards type="Pocket" player="oreiasccp">SQ S8</cards>
<action no="3" player="fghjkl" type="0" discard="1" dealt="1" sum="0"/>
<action no="4" player="oreiasccp" type="23" sum="40"/>
<action no="5" player="DeusVult92" type="3" discard="1" dealt="1" sum="20"/>
</round>
<round no="2"><cards type="Flop">S7 H3 CJ</cards>
<action no="6" player="oreiasccp" type="5" sum="20"/>
<action no="7" player="DeusVult92" type="23" discard="1" dealt="1" sum="60"/>
<action no="8" player="oreiasccp" type="0" sum="0"/>
</round>
</game>
<game gamecode="11540661656"><general><startdate>2025-06-29 10:24:48</startdate>
<round>1</round>
<failsafecounter/>
<players><player seat="10" name="fghjkl" chips="500" dealer="0" win="20" bet="20" muck="1" rebuy="0" addon="0" merge="0" rebuychips="0" reg_code="8394271283"/>
<player seat="3" name="oreiasccp" chips="440" dealer="1" win="0" bet="0" muck="1" rebuy="0" addon="0" merge="0" rebuychips="0" reg_code="8394271150"/>
<player seat="6" name="DeusVult92" chips="560" dealer="0" win="0" bet="10" muck="1" rebuy="0" addon="0" merge="0" rebuychips="0" reg_code="8394271264"/>
</players>
</general>
<round no="0"><action no="1" player="DeusVult92" type="1" discard="1" dealt="1" sum="10"/>
<action no="2" player="fghjkl" type="2" discard="1" dealt="1" sum="20"/>
</round>
<round no="1"><cards type="Pocket" player="oreiasccp">S10 D4</cards>
<cards type="Pocket" player="DeusVult92">X X</cards>
<cards type="Pocket" player="fghjkl">X X</cards>
<action no="3" player="oreiasccp" type="0" sum="0"/>
<action no="4" player="DeusVult92" type="0" discard="1" dealt="1" sum="0"/>
</round>
</game>
<game gamecode="11540661679"><general><startdate>2025-06-29 10:24:55</startdate>
<round>1</round>
<failsafecounter/>
<players><player seat="3" name="oreiasccp" chips="440" dealer="0" win="20" bet="20" muck="1" rebuy="0" addon="0" merge="0" rebuychips="0" reg_code="8394271150"/>
<player seat="6" name="DeusVult92" chips="550" dealer="1" win="0" bet="0" muck="1" rebuy="0" addon="0" merge="0" rebuychips="0" reg_code="8394271264"/>
<player seat="10" name="fghjkl" chips="510" dealer="0" win="0" bet="10" muck="1" rebuy="0" addon="0" merge="0" rebuychips="0" reg_code="8394271283"/>
</players>
</general>
<round no="0"><action no="1" player="fghjkl" type="1" discard="1" dealt="1" sum="10"/>
<action no="2" player="oreiasccp" type="2" sum="20"/>
</round>
<round no="1"><cards type="Pocket" player="oreiasccp">C5 C10</cards>
<cards type="Pocket" player="DeusVult92">X X</cards>
<cards type="Pocket" player="fghjkl">X X</cards>
<action no="3" player="DeusVult92" type="0" discard="1" dealt="1" sum="0"/>
<action no="4" player="fghjkl" type="0" discard="1" dealt="1" sum="0"/>
</round>
</game>
<game gamecode="11540661714"><general><startdate>2025-06-29 10:25:04</startdate>
<round>1</round>
<failsafecounter/>
<players><player seat="6" name="DeusVult92" chips="550" dealer="0" win="20" bet="20" muck="1" rebuy="0" addon="0" merge="0" rebuychips="0" reg_code="8394271264"/>
<player seat="10" name="fghjkl" chips="500" dealer="1" win="0" bet="0" muck="1" rebuy="0" addon="0" merge="0" rebuychips="0" reg_code="8394271283"/>
<player seat="3" name="oreiasccp" chips="450" dealer="0" win="0" bet="10" muck="1" rebuy="0" addon="0" merge="0" rebuychips="0" reg_code="8394271150"/>
</players>
</general>
<round no="0"><action no="1" player="oreiasccp" type="1" sum="10"/>
<action no="2" player="DeusVult92" type="2" discard="1" dealt="1" sum="20"/>
</round>
<round no="1"><cards type="Pocket" player="oreiasccp">C9 H2</cards>
<cards type="Pocket" player="DeusVult92">X X</cards>
<cards type="Pocket" player="fghjkl">X X</cards>
<action no="3" player="fghjkl" type="0" discard="1" dealt="1" sum="0"/>
<action no="4" player="oreiasccp" type="0" sum="0"/>
</round>
</game>
<game gamecode="11540661745"><general><startdate>2025-06-29 10:25:12</startdate>
<round>1</round>
<failsafecounter/>
<players><player seat="10" name="fghjkl" chips="500" dealer="0" win="0" bet="20" muck="1" rebuy="0" addon="0" merge="0" rebuychips="0" reg_code="8394271283"/>
<player seat="3" name="oreiasccp" chips="440" dealer="1" win="0" bet="440" muck="0" rebuy="0" addon="0" merge="0" rebuychips="0" reg_code="8394271150"/>
<player seat="6" name="DeusVult92" chips="560" dealer="0" win="900" bet="560" muck="0" rebuy="0" addon="0" merge="0" rebuychips="0" reg_code="8394271264"/>
</players>
</general>
<round no="0"><action no="1" player="DeusVult92" type="1" discard="1" dealt="1" sum="10"/>
<action no="2" player="fghjkl" type="2" discard="1" dealt="1" sum="20"/>
</round>
<round no="1"><cards type="Pocket" player="oreiasccp">HA DK</cards>
<cards type="Pocket" player="fghjkl">X X</cards>
<cards type="Pocket" player="DeusVult92">DA D3</cards>
<action no="3" player="oreiasccp" type="23" sum="40"/>
<action no="4" player="DeusVult92" type="23" discard="1" dealt="1" sum="560"/>
<action no="5" player="fghjkl" type="0" discard="1" dealt="1" sum="0"/>
<action no="6" player="oreiasccp" type="7" sum="400"/>
</round>
<round no="2"><cards type="Flop">D7 DQ HQ</cards>
</round>
<round no="3"><cards type="Turn">H3</cards>
</round>
<round no="4"><cards type="River">C2</cards>
</round>
</game>
</session>
