<?xml version="1.0" encoding="UTF-8"?>
<session sessioncode="8394288041">
<general>
<client_version>25.1.1.13</client_version>
<mode>real</mode>
<gametype>Holdem NL</gametype>
<tablename>Twister €5 SNG, 1128854565</tablename>
<tournamentcode>1128854564</tournamentcode>
<tournamentname>Twister €5 SNG</tournamentname>
<buyin>€0 + €0.35 + €4.65</buyin>
<totalbuyin>€5</totalbuyin>
<rewarddrawn>€10</rewarddrawn>
<tournamentcurrency>EUR</tournamentcurrency>
<currency>EUR</currency>
<nickname>oreiasccp</nickname>
<gamecount>28</gamecount>
<startdate>2025-06-29 11:13:06</startdate>
<place>2</place>
<win>€0</win>
<tablesize>3</tablesize>
</general>
<game gamecode="11540699890"><general><startdate>2025-06-29 11:13:21</startdate>
<round>1</round>
<failsafecounter/>
<players><player seat="6" name="herocal" chips="500" dealer="0" win="20" bet="20" muck="1" rebuy="0" addon="0" merge="0" rebuychips="0" reg_code="8394288059"/>
<player seat="10" name="6SP9" chips="500" dealer="1" win="0" bet="0" muck="1" rebuy="0" addon="0" merge="0" rebuychips="0" reg_code="8394288109"/>
<player seat="3" name="oreiasccp" chips="500" dealer="0" win="0" bet="10" muck="1" rebuy="0" addon="0" merge="0" rebuychips="0" reg_code="8394288041"/>
</players>
</general>
<round no="0"><action no="1" player="oreiasccp" type="1" sum="10"/>
<action no="2" player="herocal" type="2" discard="1" dealt="1" sum="20"/>
</round>
<round no="1"><cards type="Pocket" player="oreiasccp">D5 H3</cards>
<cards type="Pocket" player="herocal">X X</cards>
<cards type="Pocket" player="6SP9">X X</cards>
<action no="3" player="6SP9" type="0" discard="1" dealt="1" sum="0"/>
<action no="4" player="oreiasccp" type="0" sum="0"/>
</round>
</game>
<game gamecode="11540699925"><general><startdate>2025-06-29 11:13:29</startdate>
<round>1</round>
<failsafecounter/>
<players><player seat="10" name="6SP9" chips="500" dealer="0" win="0" bet="40" muck="1" rebuy="0" addon="0" merge="0" rebuychips="0" reg_code="8394288109"/>
<player seat="3" name="oreiasccp" chips="490" dealer="1" win="90" bet="63" muck="1" rebuy="0" addon="0" merge="0" rebuychips="0" reg_code="8394288041"/>
<player seat="6" name="herocal" chips="510" dealer="0" win="0" bet="10" muck="1" rebuy="0" addon="0" merge="0" rebuychips="0" reg_code="8394288059"/>
</players>
</general>
<round no="0"><action no="1" player="herocal" type="1" discard="1" dealt="1" sum="10"/>
<action no="2" player="6SP9" type="2" discard="1" dealt="1" sum="20"/>
</round>
<round no="1"><cards type="Pocket" player="6SP9">X X</cards>
<cards type="Pocket" player="oreiasccp">DA HQ</cards>
<cards type="Pocket" player="herocal">X X</cards>
<action no="3" player="oreiasccp" type="23" sum="40"/>
<action no="4" player="herocal" type="0" discard="1" dealt="1" sum="0"/>
<action no="5" player="6SP9" type="3" discard="1" dealt="1" sum="20"/>
</round>
<round no="2"><cards type="Flop">H2 SA H6</cards>
<action no="6" player="6SP9" type="4" discard="1" dealt="1" sum="0"/>
<action no="7" player="oreiasccp" type="5" sum="23"/>
<action no="8" player="6SP9" type="0" discard="1" dealt="1" sum="0"/>
</round>
</game>
<game gamecode="11540700028"><general><startdate>2025-06-29 11:13:52</startdate>
<round>1</round>
<failsafecounter/>
<players><player seat="3" name="oreiasccp" chips="540" dealer="0" win="20" bet="20" muck="1" rebuy="0" addon="0" merge="0" rebuychips="0" reg_code="8394288041"/>
<player seat="6" name="herocal" chips="500" dealer="1" win="0" bet="0" muck="1" rebuy="0" addon="0" merge="0" rebuychips="0" reg_code="8394288059"/>
<player seat="10" name="6SP9" chips="460" dealer="0" win="0" bet="10" muck="1" rebuy="0" addon="0" merge="0" rebuychips="0" reg_code="8394288109"/>
</players>
</general>
<round no="0"><action no="1" player="6SP9" type="1" discard="1" dealt="1" sum="10"/>
<action no="2" player="oreiasccp" type="2" sum="20"/>
</round>
<round no="1"><cards type="Pocket" player="herocal">X X</cards>
<cards type="Pocket" player="oreiasccp">S9 C4</cards>
<cards type="Pocket" player="6SP9">X X</cards>
<action no="3" player="herocal" type="0" discard="1" dealt="1" sum="0"/>
<action no="4" player="6SP9" type="0" discard="1" dealt="1" sum="0"/>
</round>
</game>
<game gamecode="11540700061"><general><startdate>2025-06-29 11:13:59</startdate>
<round>1</round>
<failsafecounter/>
<players><player seat="6" name="herocal" chips="500" dealer="0" win="0" bet="20" muck="1" rebuy="0" addon="0" merge="0" rebuychips="0" reg_code="8394288059"/>
<player seat="10" name="6SP9" chips="450" dealer="1" win="50" bet="40" muck="1" rebuy="0" addon="0" merge="0" rebuychips="0" reg_code="8394288109"/>
<player seat="3" name="oreiasccp" chips="550" dealer="0" win="0" bet="10" muck="1" rebuy="0" addon="0" merge="0" rebuychips="0" reg_code="8394288041"/>
</players>
</general>
<round no="0"><action no="1" player="oreiasccp" type="1" sum="10"/>
<action no="2" player="herocal" type="2" discard="1" dealt="1" sum="20"/>
</round>
<round no="1"><cards type="Pocket" player="6SP9">X X</cards>
<cards type="Pocket" player="oreiasccp">S4 SK</cards>
<cards type="Pocket" player="herocal">X X</cards>
<action no="3" player="6SP9" type="23" discard="1" dealt="1" sum="40"/>
<action no="4" player="oreiasccp" type="0" sum="0"/>
<action no="5" player="herocal" type="0" discard="1" dealt="1" sum="0"/>
</round>
</game>
<game gamecode="11540700126"><general><startdate>2025-06-29 11:14:12</startdate>
<round>1</round>
<failsafecounter/>
<players><player seat="10" name="6SP9" chips="480" dealer="0" win="0" bet="50" muck="1" rebuy="0" addon="0" merge="0" rebuychips="0" reg_code="8394288109"/>
<player seat="3" name="oreiasccp" chips="540" dealer="1" win="0" bet="0" muck="1" rebuy="0" addon="0" merge="0" rebuychips="0" reg_code="8394288041"/>
<player seat="6" name="herocal" chips="480" dealer="0" win="100" bet="150" muck="1" rebuy="0" addon="0" merge="0" rebuychips="0" reg_code="8394288059"/>
</players>
</general>
<round no="0"><action no="1" player="herocal" type="1" discard="1" dealt="1" sum="10"/>
<action no="2" player="6SP9" type="2" discard="1" dealt="1" sum="20"/>
</round>
<round no="1"><cards type="Pocket" player="herocal">X X</cards>
<cards type="Pocket" player="6SP9">X X</cards>
<cards type="Pocket" player="oreiasccp">D4 D8</cards>
<action no="3" player="oreiasccp" type="0" sum="0"/>
<action no="4" player="herocal" type="23" discard="1" dealt="1" sum="50"/>
<action no="5" player="6SP9" type="3" discard="1" dealt="1" sum="30"/>
</round>
<round no="2"><cards type="Flop">DA CJ D9</cards>
<action no="6" player="herocal" type="5" discard="1" dealt="1" sum="100"/>
<action no="7" player="6SP9" type="0" discard="1" dealt="1" sum="0"/>
</round>
</game>
<game gamecode="11540700230"><general><startdate>2025-06-29 11:14:35</startdate>
<round>1</round>
<failsafecounter/>
<players><player seat="3" name="oreiasccp" chips="540" dealer="0" win="0" bet="20" muck="1" rebuy="0" addon="0" merge="0" rebuychips="0" reg_code="8394288041"/>
<player seat="6" name="herocal" chips="530" dealer="1" win="0" bet="0" muck="1" rebuy="0" addon="0" merge="0" rebuychips="0" reg_code="8394288059"/>
<player seat="10" name="6SP9" chips="430" dealer="0" win="40" bet="40" muck="1" rebuy="0" addon="0" merge="0" rebuychips="0" reg_code="8394288109"/>
</players>
</general>
<round no="0"><action no="1" player="6SP9" type="1" discard="1" dealt="1" sum="10"/>
<action no="2" player="oreiasccp" type="2" sum="20"/>
</round>
<round no="1"><cards type="Pocket" player="oreiasccp">S2 H9</cards>
<cards type="Pocket" player="herocal">X X</cards>
<cards type="Pocket" player="6SP9">X X</cards>
<action no="3" player="herocal" type="0" discard="1" dealt="1" sum="0"/>
<action no="4" player="6SP9" type="3" discard="1" dealt="1" sum="10"/>
<action no="5" player="oreiasccp" type="4" sum="0"/>
</round>
<round no="2"><cards type="Flop">DJ DK H8</cards>
<action no="6" player="6SP9" type="5" discard="1" dealt="1" sum="20"/>
<action no="7" player="oreiasccp" type="0" sum="0"/>
</round>
</game>
<game gamecode="11540700304"><general><startdate>2025-06-29 11:14:51</startdate>
<round>1</round>
<failsafecounter/>
<players><player seat="6" name="herocal" chips="530" dealer="0" win="90" bet="530" muck="1" rebuy="0" addon="0" merge="0" rebuychips="0" reg_code="8394288059"/>
<player seat="10" name="6SP9" chips="450" dealer="1" win="0" bet="40" muck="1" rebuy="0" addon="0" merge="0" rebuychips="0" reg_code="8394288109"/>
<player seat="3" name="oreiasccp" chips="520" dealer="0" win="0" bet="10" muck="1" rebuy="0" addon="0" merge="0" rebuychips="0" reg_code="8394288041"/>
</players>
</general>
<round no="0"><action no="1" player="oreiasccp" type="1" sum="10"/>
<action no="2" player="herocal" type="2" discard="1" dealt="1" sum="20"/>
</round>
<round no="1"><cards type="Pocket" player="oreiasccp">H6 HK</cards>
<cards type="Pocket" player="6SP9">X X</cards>
<cards type="Pocket" player="herocal">X X</cards>
<action no="3" player="6SP9" type="23" discard="1" dealt="1" sum="40"/>
<action no="4" player="oreiasccp" type="0" sum="0"/>
<action no="5" player="herocal" type="23" discard="1" dealt="1" sum="530"/>
<action no="6" player="6SP9" type="0" discard="1" dealt="1" sum="0"/>
</round>
</game>
<game gamecode="11540706715"><general><startdate>2025-06-29 11:15:04</startdate>
<round>1</round>
<failsafecounter/>
<players><player seat="10" name="6SP9" chips="410" dealer="0" win="0" bet="20" muck="1" rebuy="0" addon="0" merge="0" rebuychips="0" reg_code="8394288109"/>
<player seat="3" name="oreiasccp" chips="510" dealer="1" win="0" bet="0" muck="1" rebuy="0" addon="0" merge="0" rebuychips="0" reg_code="8394288041"/>
<player seat="6" name="herocal" chips="580" dealer="0" win="40" bet="60" muck="1" rebuy="0" addon="0" merge="0" rebuychips="0" reg_code="8394288059"/>
</players>
</general>
<round no="0"><action no="1" player="herocal" type="1" discard="1" dealt="1" sum="10"/>
<action no="2" player="6SP9" type="2" discard="1" dealt="1" sum="20"/>
</round>
<round no="1"><cards type="Pocket" player="herocal">X X</cards>
<cards type="Pocket" player="6SP9">X X</cards>
<cards type="Pocket" player="oreiasccp">HJ D6</cards>
<action no="3" player="oreiasccp" type="0" sum="0"/>
<action no="4" player="herocal" type="23" discard="1" dealt="1" sum="60"/>
<action no="5" player="6SP9" type="0" discard="1" dealt="1" sum="0"/>
</round>
</game>
<game gamecode="11540706767"><general><startdate>2025-06-29 11:15:17</startdate>
<round>1</round>
<failsafecounter/>
<players><player seat="3" name="oreiasccp" chips="510" dealer="0" win="80" bet="40" muck="0" rebuy="0" addon="0" merge="0" rebuychips="0" reg_code="8394288041"/>
<player seat="6" name="herocal" chips="600" dealer="1" win="0" bet="0" muck="1" rebuy="0" addon="0" merge="0" rebuychips="0" reg_code="8394288059"/>
<player seat="10" name="6SP9" chips="390" dealer="0" win="0" bet="40" muck="1" rebuy="0" addon="0" merge="0" rebuychips="0" reg_code="8394288109"/>
</players>
</general>
<round no="0"><action no="1" player="6SP9" type="1" discard="1" dealt="1" sum="10"/>
<action no="2" player="oreiasccp" type="2" sum="20"/>
</round>
<round no="1"><cards type="Pocket" player="herocal">X X</cards>
<cards type="Pocket" player="oreiasccp">H10 C6</cards>
<cards type="Pocket" player="6SP9">H6 D7</cards>
<action no="3" player="herocal" type="0" discard="1" dealt="1" sum="0"/>
<action no="4" player="6SP9" type="3" discard="1" dealt="1" sum="10"/>
<action no="5" player="oreiasccp" type="4" sum="0"/>
</round>
<round no="2"><cards type="Flop">C10 C8 DJ</cards>
<action no="6" player="6SP9" type="4" discard="1" dealt="1" sum="0"/>
<action no="7" player="oreiasccp" type="4" sum="0"/>
</round>
<round no="3"><cards type="Turn">H7</cards>
<action no="8" player="6SP9" type="4" discard="1" dealt="1" sum="0"/>
<action no="9" player="oreiasccp" type="5" sum="20"/>
<action no="10" player="6SP9" type="3" discard="1" dealt="1" sum="20"/>
</round>
<round no="4"><cards type="River">CQ</cards>
<action no="11" player="6SP9" type="4" discard="1" dealt="1" sum="0"/>
<action no="12" player="oreiasccp" type="4" sum="0"/>
</round>
</game>
<game gamecode="11540706881"><general><startdate>2025-06-29 11:15:40</startdate>
<round>1</round>
<failsafecounter/>
<players><player seat="6" name="herocal" chips="600" dealer="0" win="0" bet="35" muck="1" rebuy="0" addon="0" merge="0" rebuychips="0" reg_code="8394288059"/>
<player seat="10" name="6SP9" chips="350" dealer="1" win="0" bet="5" muck="1" rebuy="0" addon="0" merge="0" rebuychips="0" reg_code="8394288109"/>
<player seat="3" name="oreiasccp" chips="550" dealer="0" win="75" bet="65" muck="1" rebuy="0" addon="0" merge="0" rebuychips="0" reg_code="8394288041"/>
</players>
</general>
<round no="0"><action no="1" player="oreiasccp" type="15" sum="5"/>
<action no="2" player="herocal" type="15" discard="1" dealt="1" sum="5"/>
<action no="3" player="6SP9" type="15" discard="1" dealt="1" sum="5"/>
<action no="4" player="oreiasccp" type="1" sum="15"/>
<action no="5" player="herocal" type="2" discard="1" dealt="1" sum="30"/>
</round>
<round no="1"><cards type="Pocket" player="oreiasccp">SQ HJ</cards>
<cards type="Pocket" player="herocal">X X</cards>
<cards type="Pocket" player="6SP9">X X</cards>
<action no="6" player="6SP9" type="0" discard="1" dealt="1" sum="0"/>
<action no="7" player="oreiasccp" type="23" sum="60"/>
<action no="8" player="herocal" type="0" discard="1" dealt="1" sum="0"/>
</round>
</game>
<game gamecode="11540706926"><general><startdate>2025-06-29 11:15:52</startdate>
<round>1</round>
<failsafecounter/>
<players><player seat="10" name="6SP9" chips="345" dealer="0" win="0" bet="35" muck="1" rebuy="0" addon="0" merge="0" rebuychips="0" reg_code="8394288109"/>
<player seat="3" name="oreiasccp" chips="590" dealer="1" win="0" bet="5" muck="1" rebuy="0" addon="0" merge="0" rebuychips="0" reg_code="8394288041"/>
<player seat="6" name="herocal" chips="565" dealer="0" win="75" bet="65" muck="1" rebuy="0" addon="0" merge="0" rebuychips="0" reg_code="8394288059"/>
</players>
</general>
<round no="0"><action no="1" player="herocal" type="15" discard="1" dealt="1" sum="5"/>
<action no="2" player="6SP9" type="15" discard="1" dealt="1" sum="5"/>
<action no="3" player="oreiasccp" type="15" sum="5"/>
<action no="4" player="herocal" type="1" discard="1" dealt="1" sum="15"/>
<action no="5" player="6SP9" type="2" discard="1" dealt="1" sum="30"/>
</round>
<round no="1"><cards type="Pocket" player="oreiasccp">DJ H2</cards>
<cards type="Pocket" player="herocal">X X</cards>
<cards type="Pocket" player="6SP9">X X</cards>
<action no="6" player="oreiasccp" type="0" sum="0"/>
<action no="7" player="herocal" type="23" discard="1" dealt="1" sum="60"/>
<action no="8" player="6SP9" type="0" discard="1" dealt="1" sum="0"/>
</round>
</game>
<game gamecode="11540706977"><general><startdate>2025-06-29 11:16:02</startdate>
<round>1</round>
<failsafecounter/>
<players><player seat="3" name="oreiasccp" chips="585" dealer="0" win="0" bet="65" muck="1" rebuy="0" addon="0" merge="0" rebuychips="0" reg_code="8394288041"/>
<player seat="6" name="herocal" chips="605" dealer="1" win="150" bet="215" muck="1" rebuy="0" addon="0" merge="0" rebuychips="0" reg_code="8394288059"/>
<player seat="10" name="6SP9" chips="310" dealer="0" win="0" bet="20" muck="1" rebuy="0" addon="0" merge="0" rebuychips="0" reg_code="8394288109"/>
</players>
</general>
<round no="0"><action no="1" player="6SP9" type="15" discard="1" dealt="1" sum="5"/>
<action no="2" player="oreiasccp" type="15" sum="5"/>
<action no="3" player="herocal" type="15" discard="1" dealt="1" sum="5"/>
<action no="4" player="6SP9" type="1" discard="1" dealt="1" sum="15"/>
<action no="5" player="oreiasccp" type="2" sum="30"/>
</round>
<round no="1"><cards type="Pocket" player="6SP9">X X</cards>
<cards type="Pocket" player="herocal">X X</cards>
<cards type="Pocket" player="oreiasccp">HQ H4</cards>
<action no="6" player="herocal" type="23" discard="1" dealt="1" sum="60"/>
<action no="7" player="6SP9" type="0" discard="1" dealt="1" sum="0"/>
<action no="8" player="oreiasccp" type="3" sum="30"/>
</round>
<round no="2"><cards type="Flop">C2 SJ SA</cards>
<action no="9" player="oreiasccp" type="4" sum="0"/>
<action no="10" player="herocal" type="5" discard="1" dealt="1" sum="150"/>
<action no="11" player="oreiasccp" type="0" sum="0"/>
</round>
</game>
<game gamecode="11540707081"><general><startdate>2025-06-29 11:16:25</startdate>
<round>1</round>
<failsafecounter/>
<players><player seat="6" name="herocal" chips="690" dealer="0" win="0" bet="65" muck="1" rebuy="0" addon="0" merge="0" rebuychips="0" reg_code="8394288059"/>
<player seat="10" name="6SP9" chips="290" dealer="1" win="0" bet="5" muck="1" rebuy="0" addon="0" merge="0" rebuychips="0" reg_code="8394288109"/>
<player seat="3" name="oreiasccp" chips="520" dealer="0" win="135" bet="95" muck="1" rebuy="0" addon="0" merge="0" rebuychips="0" reg_code="8394288041"/>
</players>
</general>
<round no="0"><action no="1" player="oreiasccp" type="15" sum="5"/>
<action no="2" player="herocal" type="15" discard="1" dealt="1" sum="5"/>
<action no="3" player="6SP9" type="15" discard="1" dealt="1" sum="5"/>
<action no="4" player="oreiasccp" type="1" sum="15"/>
<action no="5" player="herocal" type="2" discard="1" dealt="1" sum="30"/>
</round>
<round no="1"><cards type="Pocket" player="oreiasccp">C7 S8</cards>
<cards type="Pocket" player="herocal">X X</cards>
<cards type="Pocket" player="6SP9">X X</cards>
<action no="6" player="6SP9" type="0" discard="1" dealt="1" sum="0"/>
<action no="7" player="oreiasccp" type="23" sum="60"/>
<action no="8" player="herocal" type="3" discard="1" dealt="1" sum="30"/>
</round>
<round no="2"><cards type="Flop">SK HK SA</cards>
<action no="9" player="oreiasccp" type="5" sum="30"/>
<action no="10" player="herocal" type="0" discard="1" dealt="1" sum="0"/>
</round>
</game>
<game gamecode="11540707191"><general><startdate>2025-06-29 11:16:51</startdate>
<round>1</round>
<failsafecounter/>
<players><player seat="10" name="6SP9" chips="285" dealer="0" win="635" bet="285" muck="0" rebuy="0" addon="0" merge="0" rebuychips="0" reg_code="8394288109"/>
<player seat="3" name="oreiasccp" chips="590" dealer="1" win="0" bet="65" muck="1" rebuy="0" addon="0" merge="0" rebuychips="0" reg_code="8394288041"/>
<player seat="6" name="herocal" chips="625" dealer="0" win="0" bet="285" muck="1" rebuy="0" addon="0" merge="0" rebuychips="0" reg_code="8394288059"/>
</players>
</general>
<round no="0"><action no="1" player="herocal" type="15" discard="1" dealt="1" sum="5"/>
<action no="2" player="6SP9" type="15" discard="1" dealt="1" sum="5"/>
<action no="3" player="oreiasccp" type="15" sum="5"/>
<action no="4" player="herocal" type="1" discard="1" dealt="1" sum="15"/>
<action no="5" player="6SP9" type="2" discard="1" dealt="1" sum="30"/>
</round>
<round no="1"><cards type="Pocket" player="6SP9">C9 DK</cards>
<cards type="Pocket" player="oreiasccp">SK H10</cards>
<cards type="Pocket" player="herocal">CQ D9</cards>
<action no="6" player="oreiasccp" type="23" sum="60"/>
<action no="7" player="herocal" type="3" discard="1" dealt="1" sum="45"/>
<action no="8" player="6SP9" type="3" discard="1" dealt="1" sum="30"/>
</round>
<round no="2"><cards type="Flop">D2 D4 DQ</cards>
<action no="9" player="herocal" type="5" discard="1" dealt="1" sum="97"/>
<action no="10" player="6SP9" type="3" discard="1" dealt="1" sum="97"/>
<action no="11" player="oreiasccp" type="0" sum="0"/>
</round>
<round no="3"><cards type="Turn">D5</cards>
<action no="12" player="herocal" type="4" discard="1" dealt="1" sum="0"/>
<action no="13" player="6SP9" type="5" discard="1" dealt="1" sum="123"/>
<action no="14" player="herocal" type="3" discard="1" dealt="1" sum="123"/>
</round>
<round no="4"><cards type="River">DJ</cards>
</round>
</game>
<game gamecode="11540707348"><general><startdate>2025-06-29 11:17:33</startdate>
<round>1</round>
<failsafecounter/>
<players><player seat="3" name="oreiasccp" chips="525" dealer="0" win="0" bet="45" muck="1" rebuy="0" addon="0" merge="0" rebuychips="0" reg_code="8394288041"/>
<player seat="6" name="herocal" chips="340" dealer="1" win="0" bet="5" muck="1" rebuy="0" addon="0" merge="0" rebuychips="0" reg_code="8394288059"/>
<player seat="10" name="6SP9" chips="635" dealer="0" win="95" bet="635" muck="1" rebuy="0" addon="0" merge="0" rebuychips="0" reg_code="8394288109"/>
</players>
</general>
<round no="0"><action no="1" player="6SP9" type="15" discard="1" dealt="1" sum="5"/>
<action no="2" player="oreiasccp" type="15" sum="5"/>
<action no="3" player="herocal" type="15" discard="1" dealt="1" sum="5"/>
<action no="4" player="6SP9" type="1" discard="1" dealt="1" sum="20"/>
<action no="5" player="oreiasccp" type="2" sum="40"/>
</round>
<round no="1"><cards type="Pocket" player="6SP9">X X</cards>
<cards type="Pocket" player="oreiasccp">H2 CK</cards>
<cards type="Pocket" player="herocal">X X</cards>
<action no="6" player="herocal" type="0" discard="1" dealt="1" sum="0"/>
<action no="7" player="6SP9" type="23" discard="1" dealt="1" sum="630"/>
<action no="8" player="oreiasccp" type="0" sum="0"/>
</round>
</game>
<game gamecode="11540707390"><general><startdate>2025-06-29 11:17:42</startdate>
<round>1</round>
<failsafecounter/>
<players><player seat="6" name="herocal" chips="335" dealer="0" win="55" bet="45" muck="1" rebuy="0" addon="0" merge="0" rebuychips="0" reg_code="8394288059"/>
<player seat="10" name="6SP9" chips="685" dealer="1" win="0" bet="5" muck="1" rebuy="0" addon="0" merge="0" rebuychips="0" reg_code="8394288109"/>
<player seat="3" name="oreiasccp" chips="480" dealer="0" win="0" bet="25" muck="1" rebuy="0" addon="0" merge="0" rebuychips="0" reg_code="8394288041"/>
</players>
</general>
<round no="0"><action no="1" player="oreiasccp" type="15" sum="5"/>
<action no="2" player="herocal" type="15" discard="1" dealt="1" sum="5"/>
<action no="3" player="6SP9" type="15" discard="1" dealt="1" sum="5"/>
<action no="4" player="oreiasccp" type="1" sum="20"/>
<action no="5" player="herocal" type="2" discard="1" dealt="1" sum="40"/>
</round>
<round no="1"><cards type="Pocket" player="oreiasccp">H3 C6</cards>
<cards type="Pocket" player="6SP9">X X</cards>
<cards type="Pocket" player="herocal">X X</cards>
<action no="6" player="6SP9" type="0" discard="1" dealt="1" sum="0"/>
<action no="7" player="oreiasccp" type="0" sum="0"/>
</round>
</game>
<game gamecode="11540707417"><general><startdate>2025-06-29 11:17:48</startdate>
<round>1</round>
<failsafecounter/>
<players><player seat="10" name="6SP9" chips="680" dealer="0" win="55" bet="45" muck="1" rebuy="0" addon="0" merge="0" rebuychips="0" reg_code="8394288109"/>
<player seat="3" name="oreiasccp" chips="455" dealer="1" win="0" bet="5" muck="1" rebuy="0" addon="0" merge="0" rebuychips="0" reg_code="8394288041"/>
<player seat="6" name="herocal" chips="365" dealer="0" win="0" bet="25" muck="1" rebuy="0" addon="0" merge="0" rebuychips="0" reg_code="8394288059"/>
</players>
</general>
<round no="0"><action no="1" player="herocal" type="15" discard="1" dealt="1" sum="5"/>
<action no="2" player="6SP9" type="15" discard="1" dealt="1" sum="5"/>
<action no="3" player="oreiasccp" type="15" sum="5"/>
<action no="4" player="herocal" type="1" discard="1" dealt="1" sum="20"/>
<action no="5" player="6SP9" type="2" discard="1" dealt="1" sum="40"/>
</round>
<round no="1"><cards type="Pocket" player="oreiasccp">D9 S6</cards>
<cards type="Pocket" player="herocal">X X</cards>
<cards type="Pocket" player="6SP9">X X</cards>
<action no="6" player="oreiasccp" type="0" sum="0"/>
<action no="7" player="herocal" type="0" discard="1" dealt="1" sum="0"/>
</round>
</game>
<game gamecode="11540707503"><general><startdate>2025-06-29 11:18:06</startdate>
<round>1</round>
<failsafecounter/>
<players><player seat="3" name="oreiasccp" chips="450" dealer="0" win="0" bet="45" muck="1" rebuy="0" addon="0" merge="0" rebuychips="0" reg_code="8394288041"/>
<player seat="6" name="herocal" chips="340" dealer="1" win="115" bet="340" muck="1" rebuy="0" addon="0" merge="0" rebuychips="0" reg_code="8394288059"/>
<player seat="10" name="6SP9" chips="710" dealer="0" win="0" bet="25" muck="1" rebuy="0" addon="0" merge="0" rebuychips="0" reg_code="8394288109"/>
</players>
</general>
<round no="0"><action no="1" player="6SP9" type="15" discard="1" dealt="1" sum="5"/>
<action no="2" player="oreiasccp" type="15" sum="5"/>
<action no="3" player="herocal" type="15" discard="1" dealt="1" sum="5"/>
<action no="4" player="6SP9" type="1" discard="1" dealt="1" sum="20"/>
<action no="5" player="oreiasccp" type="2" sum="40"/>
</round>
<round no="1"><cards type="Pocket" player="herocal">X X</cards>
<cards type="Pocket" player="oreiasccp">H8 D7</cards>
<cards type="Pocket" player="6SP9">X X</cards>
<action no="6" player="herocal" type="23" discard="1" dealt="1" sum="335"/>
<action no="7" player="6SP9" type="0" discard="1" dealt="1" sum="0"/>
<action no="8" player="oreiasccp" type="0" sum="0"/>
</round>
</game>
<game gamecode="11540707543"><general><startdate>2025-06-29 11:18:15</startdate>
<round>1</round>
<failsafecounter/>
<players><player seat="6" name="herocal" chips="410" dealer="0" win="0" bet="45" muck="1" rebuy="0" addon="0" merge="0" rebuychips="0" reg_code="8394288059"/>
<player seat="10" name="6SP9" chips="685" dealer="1" win="115" bet="85" muck="1" rebuy="0" addon="0" merge="0" rebuychips="0" reg_code="8394288109"/>
<player seat="3" name="oreiasccp" chips="405" dealer="0" win="0" bet="25" muck="1" rebuy="0" addon="0" merge="0" rebuychips="0" reg_code="8394288041"/>
</players>
</general>
<round no="0"><action no="1" player="oreiasccp" type="15" sum="5"/>
<action no="2" player="herocal" type="15" discard="1" dealt="1" sum="5"/>
<action no="3" player="6SP9" type="15" discard="1" dealt="1" sum="5"/>
<action no="4" player="oreiasccp" type="1" sum="20"/>
<action no="5" player="herocal" type="2" discard="1" dealt="1" sum="40"/>
</round>
<round no="1"><cards type="Pocket" player="oreiasccp">C4 S6</cards>
<cards type="Pocket" player="herocal">X X</cards>
<cards type="Pocket" player="6SP9">X X</cards>
<action no="6" player="6SP9" type="23" discard="1" dealt="1" sum="80"/>
<action no="7" player="oreiasccp" type="0" sum="0"/>
<action no="8" player="herocal" type="0" discard="1" dealt="1" sum="0"/>
</round>
</game>
<game gamecode="11540707582"><general><startdate>2025-06-29 11:18:25</startdate>
<round>1</round>
<failsafecounter/>
<players><player seat="10" name="6SP9" chips="755" dealer="0" win="0" bet="125" muck="1" rebuy="0" addon="0" merge="0" rebuychips="0" reg_code="8394288109"/>
<player seat="3" name="oreiasccp" chips="380" dealer="1" win="275" bet="263" muck="1" rebuy="0" addon="0" merge="0" rebuychips="0" reg_code="8394288041"/>
<player seat="6" name="herocal" chips="365" dealer="0" win="0" bet="25" muck="1" rebuy="0" addon="0" merge="0" rebuychips="0" reg_code="8394288059"/>
</players>
</general>
<round no="0"><action no="1" player="herocal" type="15" discard="1" dealt="1" sum="5"/>
<action no="2" player="6SP9" type="15" discard="1" dealt="1" sum="5"/>
<action no="3" player="oreiasccp" type="15" sum="5"/>
<action no="4" player="herocal" type="1" discard="1" dealt="1" sum="20"/>
<action no="5" player="6SP9" type="2" discard="1" dealt="1" sum="40"/>
</round>
<round no="1"><cards type="Pocket" player="6SP9">X X</cards>
<cards type="Pocket" player="herocal">X X</cards>
<cards type="Pocket" player="oreiasccp">DK CK</cards>
<action no="6" player="oreiasccp" type="23" sum="80"/>
<action no="7" player="herocal" type="0" discard="1" dealt="1" sum="0"/>
<action no="8" player="6SP9" type="3" discard="1" dealt="1" sum="40"/>
</round>
<round no="2"><cards type="Flop">D4 D6 CA</cards>
<action no="9" player="6SP9" type="4" discard="1" dealt="1" sum="0"/>
<action no="10" player="oreiasccp" type="5" sum="40"/>
<action no="11" player="6SP9" type="3" discard="1" dealt="1" sum="40"/>
</round>
<round no="3"><cards type="Turn">DA</cards>
<action no="12" player="6SP9" type="4" discard="1" dealt="1" sum="0"/>
<action no="13" player="oreiasccp" type="4" sum="0"/>
</round>
<round no="4"><cards type="River">HK</cards>
<action no="14" player="6SP9" type="4" discard="1" dealt="1" sum="0"/>
<action no="15" player="oreiasccp" type="5" sum="138"/>
<action no="16" player="6SP9" type="0" discard="1" dealt="1" sum="0"/>
</round>
</game>
<game gamecode="11540707731"><general><startdate>2025-06-29 11:18:55</startdate>
<round>1</round>
<failsafecounter/>
<players><player seat="3" name="oreiasccp" chips="530" dealer="0" win="0" bet="45" muck="1" rebuy="0" addon="0" merge="0" rebuychips="0" reg_code="8394288041"/>
<player seat="6" name="herocal" chips="340" dealer="1" win="0" bet="5" muck="1" rebuy="0" addon="0" merge="0" rebuychips="0" reg_code="8394288059"/>
<player seat="10" name="6SP9" chips="630" dealer="0" win="95" bet="630" muck="1" rebuy="0" addon="0" merge="0" rebuychips="0" reg_code="8394288109"/>
</players>
</general>
<round no="0"><action no="1" player="6SP9" type="15" discard="1" dealt="1" sum="5"/>
<action no="2" player="oreiasccp" type="15" sum="5"/>
<action no="3" player="herocal" type="15" discard="1" dealt="1" sum="5"/>
<action no="4" player="6SP9" type="1" discard="1" dealt="1" sum="20"/>
<action no="5" player="oreiasccp" type="2" sum="40"/>
</round>
<round no="1"><cards type="Pocket" player="herocal">X X</cards>
<cards type="Pocket" player="6SP9">X X</cards>
<cards type="Pocket" player="oreiasccp">H9 HQ</cards>
<action no="6" player="herocal" type="0" discard="1" dealt="1" sum="0"/>
<action no="7" player="6SP9" type="23" discard="1" dealt="1" sum="625"/>
<action no="8" player="oreiasccp" type="0" sum="0"/>
</round>
</game>
<game gamecode="11540707784"><general><startdate>2025-06-29 11:19:07</startdate>
<round>1</round>
<failsafecounter/>
<players><player seat="6" name="herocal" chips="335" dealer="0" win="0" bet="335" muck="1" rebuy="0" addon="0" merge="0" rebuychips="0" reg_code="8394288059"/>
<player seat="10" name="6SP9" chips="680" dealer="1" win="0" bet="85" muck="1" rebuy="0" addon="0" merge="0" rebuychips="0" reg_code="8394288109"/>
<player seat="3" name="oreiasccp" chips="485" dealer="0" win="755" bet="485" muck="0" rebuy="0" addon="0" merge="0" rebuychips="0" reg_code="8394288041"/>
</players>
</general>
<round no="0"><action no="1" player="oreiasccp" type="15" sum="5"/>
<action no="2" player="herocal" type="15" discard="1" dealt="1" sum="5"/>
<action no="3" player="6SP9" type="15" discard="1" dealt="1" sum="5"/>
<action no="4" player="oreiasccp" type="1" sum="20"/>
<action no="5" player="herocal" type="2" discard="1" dealt="1" sum="40"/>
</round>
<round no="1"><cards type="Pocket" player="herocal">HJ CJ</cards>
<cards type="Pocket" player="oreiasccp">C3 CA</cards>
<cards type="Pocket" player="6SP9">X X</cards>
<action no="6" player="6SP9" type="23" discard="1" dealt="1" sum="80"/>
<action no="7" player="oreiasccp" type="23" sum="480"/>
<action no="8" player="herocal" type="7" discard="1" dealt="1" sum="290"/>
<action no="9" player="6SP9" type="0" discard="1" dealt="1" sum="0"/>
</round>
<round no="2"><cards type="Flop">SA D10 S7</cards>
</round>
<round no="3"><cards type="Turn">C4</cards>
</round>
<round no="4"><cards type="River">CK</cards>
</round>
</game>
<game gamecode="11540707872"><general><startdate>2025-06-29 11:19:27</startdate>
<round>1</round>
<failsafecounter/>
<players><player seat="10" name="6SP9" chips="595" dealer="0" win="1,190" bet="595" muck="0" rebuy="0" addon="0" merge="0" rebuychips="0" reg_code="8394288109"/>
<player seat="3" name="oreiasccp" chips="905" dealer="1" win="0" bet="595" muck="0" rebuy="0" addon="0" merge="0" rebuychips="0" reg_code="8394288041"/>
</players>
</general>
<round no="0"><action no="1" player="oreiasccp" type="15" sum="5"/>
<action no="2" player="6SP9" type="15" discard="1" dealt="1" sum="5"/>
<action no="3" player="oreiasccp" type="1" sum="30"/>
<action no="4" player="6SP9" type="2" discard="1" dealt="1" sum="60"/>
</round>
<round no="1"><cards type="Pocket" player="6SP9">DJ CK</cards>
<cards type="Pocket" player="oreiasccp">D10 HQ</cards>
<action no="5" player="oreiasccp" type="23" sum="590"/>
<action no="6" player="6SP9" type="7" discard="1" dealt="1" sum="530"/>
</round>
<round no="2"><cards type="Flop">S8 H10 D6</cards>
</round>
<round no="3"><cards type="Turn">C7</cards>
</round>
<round no="4"><cards type="River">HK</cards>
</round>
</game>
<game gamecode="11540707961"><general><startdate>2025-06-29 11:19:47</startdate>
<round>1</round>
<failsafecounter/>
<players><player seat="3" name="oreiasccp" chips="310" dealer="0" win="620" bet="310" muck="0" rebuy="0" addon="0" merge="0" rebuychips="0" reg_code="8394288041"/>
<player seat="10" name="6SP9" chips="1,190" dealer="1" win="0" bet="1,190" muck="1" rebuy="0" addon="0" merge="0" rebuychips="0" reg_code="8394288109"/>
</players>
</general>
<round no="0"><action no="1" player="6SP9" type="15" discard="1" dealt="1" sum="5"/>
<action no="2" player="oreiasccp" type="15" sum="5"/>
<action no="3" player="6SP9" type="1" discard="1" dealt="1" sum="30"/>
<action no="4" player="oreiasccp" type="2" sum="60"/>
</round>
<round no="1"><cards type="Pocket" player="6SP9">C6 DJ</cards>
<cards type="Pocket" player="oreiasccp">HQ HK</cards>
<action no="5" player="6SP9" type="23" discard="1" dealt="1" sum="1,185"/>
<action no="6" player="oreiasccp" type="7" sum="245"/>
</round>
<round no="2"><cards type="Flop">S8 S9 CA</cards>
</round>
<round no="3"><cards type="Turn">CJ</cards>
</round>
<round no="4"><cards type="River">D10</cards>
</round>
</game>
<game gamecode="11540708031"><general><startdate>2025-06-29 11:20:03</startdate>
<round>1</round>
<failsafecounter/>
<players><player seat="10" name="6SP9" chips="880" dealer="0" win="70" bet="65" muck="1" rebuy="0" addon="0" merge="0" rebuychips="0" reg_code="8394288109"/>
<player seat="3" name="oreiasccp" chips="620" dealer="1" win="0" bet="35" muck="1" rebuy="0" addon="0" merge="0" rebuychips="0" reg_code="8394288041"/>
</players>
</general>
<round no="0"><action no="1" player="oreiasccp" type="15" sum="5"/>
<action no="2" player="6SP9" type="15" discard="1" dealt="1" sum="5"/>
<action no="3" player="oreiasccp" type="1" sum="30"/>
<action no="4" player="6SP9" type="2" discard="1" dealt="1" sum="60"/>
</round>
<round no="1"><cards type="Pocket" player="6SP9">X X</cards>
<cards type="Pocket" player="oreiasccp">D4 CJ</cards>
<action no="5" player="oreiasccp" type="0" sum="0"/>
</round>
</game>
<game gamecode="11540708062"><general><startdate>2025-06-29 11:20:09</startdate>
<round>1</round>
<failsafecounter/>
<players><player seat="3" name="oreiasccp" chips="585" dealer="0" win="0" bet="65" muck="1" rebuy="0" addon="0" merge="0" rebuychips="0" reg_code="8394288041"/>
<player seat="10" name="6SP9" chips="915" dealer="1" win="130" bet="195" muck="1" rebuy="0" addon="0" merge="0" rebuychips="0" reg_code="8394288109"/>
</players>
</general>
<round no="0"><action no="1" player="6SP9" type="15" discard="1" dealt="1" sum="5"/>
<action no="2" player="oreiasccp" type="15" sum="5"/>
<action no="3" player="6SP9" type="1" discard="1" dealt="1" sum="30"/>
<action no="4" player="oreiasccp" type="2" sum="60"/>
</round>
<round no="1"><cards type="Pocket" player="oreiasccp">S4 H5</cards>
<cards type="Pocket" player="6SP9">X X</cards>
<action no="5" player="6SP9" type="3" discard="1" dealt="1" sum="30"/>
<action no="6" player="oreiasccp" type="4" sum="0"/>
</round>
<round no="2"><cards type="Flop">CQ C8 HJ</cards>
<action no="7" player="oreiasccp" type="4" sum="0"/>
<action no="8" player="6SP9" type="4" discard="1" dealt="1" sum="0"/>
</round>
<round no="3"><cards type="Turn">DQ</cards>
<action no="9" player="oreiasccp" type="4" sum="0"/>
<action no="10" player="6SP9" type="5" discard="1" dealt="1" sum="130"/>
<action no="11" player="oreiasccp" type="0" sum="0"/>
</round>
</game>
<game gamecode="11540708161"><general><startdate>2025-06-29 11:20:31</startdate>
<round>1</round>
<failsafecounter/>
<players><player seat="10" name="6SP9" chips="980" dealer="0" win="70" bet="65" muck="1" rebuy="0" addon="0" merge="0" rebuychips="0" reg_code="8394288109"/>
<player seat="3" name="oreiasccp" chips="520" dealer="1" win="0" bet="35" muck="1" rebuy="0" addon="0" merge="0" rebuychips="0" reg_code="8394288041"/>
</players>
</general>
<round no="0"><action no="1" player="oreiasccp" type="15" sum="5"/>
<action no="2" player="6SP9" type="15" discard="1" dealt="1" sum="5"/>
<action no="3" player="oreiasccp" type="1" sum="30"/>
<action no="4" player="6SP9" type="2" discard="1" dealt="1" sum="60"/>
</round>
<round no="1"><cards type="Pocket" player="6SP9">X X</cards>
<cards type="Pocket" player="oreiasccp">DJ C5</cards>
<action no="5" player="oreiasccp" type="0" sum="0"/>
</round>
</game>
<game gamecode="11540708186"><general><startdate>2025-06-29 11:20:37</startdate>
<round>1</round>
<failsafecounter/>
<players><player seat="3" name="oreiasccp" chips="485" dealer="0" win="0" bet="485" muck="0" rebuy="0" addon="0" merge="0" rebuychips="0" reg_code="8394288041"/>
<player seat="10" name="6SP9" chips="1,015" dealer="1" win="970" bet="1,015" muck="0" rebuy="0" addon="0" merge="0" rebuychips="0" reg_code="8394288109"/>
</players>
</general>
<round no="0"><action no="1" player="6SP9" type="15" discard="1" dealt="1" sum="5"/>
<action no="2" player="oreiasccp" type="15" sum="5"/>
<action no="3" player="6SP9" type="1" discard="1" dealt="1" sum="30"/>
<action no="4" player="oreiasccp" type="2" sum="60"/>
</round>
<round no="1"><cards type="Pocket" player="6SP9">H9 HA</cards>
<cards type="Pocket" player="oreiasccp">C8 DA</cards>
<action no="5" player="6SP9" type="23" discard="1" dealt="1" sum="1,010"/>
<action no="6" player="oreiasccp" type="7" sum="420"/>
</round>
<round no="2"><cards type="Flop">S5 C2 H5</cards>
</round>
<round no="3"><cards type="Turn">D6</cards>
</round>
<round no="4"><cards type="River">D7</cards>
</round>
</game>
</session>
