<?xml version="1.0" encoding="UTF-8"?>
<session sessioncode="8394265219">
<general>
<client_version>25.1.1.13</client_version>
<mode>real</mode>
<gametype>Holdem NL</gametype>
<tablename>Twister €5 SNG, 1128851120</tablename>
<tournamentcode>1128851119</tournamentcode>
<tournamentname>Twister €5 SNG</tournamentname>
<buyin>€0 + €0.35 + €4.65</buyin>
<totalbuyin>€5</totalbuyin>
<rewarddrawn>€15</rewarddrawn>
<tournamentcurrency>EUR</tournamentcurrency>
<currency>EUR</currency>
<nickname>oreiasccp</nickname>
<gamecount>17</gamecount>
<startdate>2025-06-29 10:04:59</startdate>
<place>3</place>
<win>€0</win>
<tablesize>3</tablesize>
</general>
<game gamecode="11540641089"><general><startdate>2025-06-29 10:05:14</startdate>
<round>1</round>
<failsafecounter/>
<players><player seat="3" name="Baretta" chips="500" dealer="0" win="0" bet="20" muck="1" rebuy="0" addon="0" merge="0" rebuychips="0" reg_code="8394265206"/>
<player seat="6" name="oreiasccp" chips="500" dealer="1" win="0" bet="80" muck="1" rebuy="0" addon="0" merge="0" rebuychips="0" reg_code="8394265219"/>
<player seat="10" name="Nsd404" chips="500" dealer="0" win="180" bet="170" muck="1" rebuy="0" addon="0" merge="0" rebuychips="0" reg_code="8394265244"/>
</players>
</general>
<round no="0"><action no="1" player="Nsd404" type="1" discard="1" dealt="1" sum="10"/>
<action no="2" player="Baretta" type="2" discard="1" dealt="1" sum="20"/>
</round>
<round no="1"><cards type="Pocket" player="Baretta">X X</cards>
<cards type="Pocket" player="Nsd404">X X</cards>
<cards type="Pocket" player="oreiasccp">HK H9</cards>
<action no="3" player="oreiasccp" type="23" sum="40"/>
<action no="4" player="Nsd404" type="23" discard="1" dealt="1" sum="80"/>
<action no="5" player="Baretta" type="0" discard="1" dealt="1" sum="0"/>
<action no="6" player="oreiasccp" type="3" sum="40"/>
</round>
<round no="2"><cards type="Flop">SJ C4 S8</cards>
<action no="7" player="Nsd404" type="5" discard="1" dealt="1" sum="90"/>
<action no="8" player="oreiasccp" type="0" sum="0"/>
</round>
</game>
<game gamecode="11540641155"><general><startdate>2025-06-29 10:05:31</startdate>
<round>1</round>
<failsafecounter/>
<players><player seat="6" name="oreiasccp" chips="420" dealer="0" win="0" bet="20" muck="1" rebuy="0" addon="0" merge="0" rebuychips="0" reg_code="8394265219"/>
<player seat="10" name="Nsd404" chips="600" dealer="1" win="60" bet="50" muck="1" rebuy="0" addon="0" merge="0" rebuychips="0" reg_code="8394265244"/>
<player seat="3" name="Baretta" chips="480" dealer="0" win="0" bet="20" muck="1" rebuy="0" addon="0" merge="0" rebuychips="0" reg_code="8394265206"/>
</players>
</general>
<round no="0"><action no="1" player="Baretta" type="1" discard="1" dealt="1" sum="10"/>
<action no="2" player="oreiasccp" type="2" sum="20"/>
</round>
<round no="1"><cards type="Pocket" player="Nsd404">X X</cards>
<cards type="Pocket" player="Baretta">X X</cards>
<cards type="Pocket" player="oreiasccp">DQ SJ</cards>
<action no="3" player="Nsd404" type="3" discard="1" dealt="1" sum="20"/>
<action no="4" player="Baretta" type="3" discard="1" dealt="1" sum="10"/>
<action no="5" player="oreiasccp" type="4" sum="0"/>
</round>
<round no="2"><cards type="Flop">S2 SK H8</cards>
<action no="6" player="Baretta" type="4" discard="1" dealt="1" sum="0"/>
<action no="7" player="oreiasccp" type="4" sum="0"/>
<action no="8" player="Nsd404" type="5" discard="1" dealt="1" sum="30"/>
<action no="9" player="Baretta" type="0" discard="1" dealt="1" sum="0"/>
<action no="10" player="oreiasccp" type="0" sum="0"/>
</round>
</game>
<game gamecode="11540641243"><general><startdate>2025-06-29 10:05:54</startdate>
<round>1</round>
<failsafecounter/>
<players><player seat="10" name="Nsd404" chips="640" dealer="0" win="0" bet="20" muck="1" rebuy="0" addon="0" merge="0" rebuychips="0" reg_code="8394265244"/>
<player seat="3" name="Baretta" chips="460" dealer="1" win="0" bet="40" muck="1" rebuy="0" addon="0" merge="0" rebuychips="0" reg_code="8394265206"/>
<player seat="6" name="oreiasccp" chips="400" dealer="0" win="100" bet="400" muck="1" rebuy="0" addon="0" merge="0" rebuychips="0" reg_code="8394265219"/>
</players>
</general>
<round no="0"><action no="1" player="oreiasccp" type="1" sum="10"/>
<action no="2" player="Nsd404" type="2" discard="1" dealt="1" sum="20"/>
</round>
<round no="1"><cards type="Pocket" player="Nsd404">X X</cards>
<cards type="Pocket" player="Baretta">X X</cards>
<cards type="Pocket" player="oreiasccp">DJ DQ</cards>
<action no="3" player="Baretta" type="23" discard="1" dealt="1" sum="40"/>
<action no="4" player="oreiasccp" type="23" sum="400"/>
<action no="5" player="Nsd404" type="0" discard="1" dealt="1" sum="0"/>
<action no="6" player="Baretta" type="0" discard="1" dealt="1" sum="0"/>
</round>
</game>
<game gamecode="11540641289"><general><startdate>2025-06-29 10:06:08</startdate>
<round>1</round>
<failsafecounter/>
<players><player seat="3" name="Baretta" chips="420" dealer="0" win="40" bet="40" muck="1" rebuy="0" addon="0" merge="0" rebuychips="0" reg_code="8394265206"/>
<player seat="6" name="oreiasccp" chips="460" dealer="1" win="0" bet="0" muck="1" rebuy="0" addon="0" merge="0" rebuychips="0" reg_code="8394265219"/>
<player seat="10" name="Nsd404" chips="620" dealer="0" win="0" bet="20" muck="1" rebuy="0" addon="0" merge="0" rebuychips="0" reg_code="8394265244"/>
</players>
</general>
<round no="0"><action no="1" player="Nsd404" type="1" discard="1" dealt="1" sum="10"/>
<action no="2" player="Baretta" type="2" discard="1" dealt="1" sum="20"/>
</round>
<round no="1"><cards type="Pocket" player="Baretta">X X</cards>
<cards type="Pocket" player="oreiasccp">S4 C6</cards>
<cards type="Pocket" player="Nsd404">X X</cards>
<action no="3" player="oreiasccp" type="0" sum="0"/>
<action no="4" player="Nsd404" type="3" discard="1" dealt="1" sum="10"/>
<action no="5" player="Baretta" type="4" discard="1" dealt="1" sum="0"/>
</round>
<round no="2"><cards type="Flop">HA CA D7</cards>
<action no="6" player="Nsd404" type="4" discard="1" dealt="1" sum="0"/>
<action no="7" player="Baretta" type="5" discard="1" dealt="1" sum="20"/>
<action no="8" player="Nsd404" type="0" discard="1" dealt="1" sum="0"/>
</round>
</game>
<game gamecode="11540641342"><general><startdate>2025-06-29 10:06:21</startdate>
<round>1</round>
<failsafecounter/>
<players><player seat="6" name="oreiasccp" chips="460" dealer="0" win="0" bet="40" muck="1" rebuy="0" addon="0" merge="0" rebuychips="0" reg_code="8394265219"/>
<player seat="10" name="Nsd404" chips="600" dealer="1" win="0" bet="0" muck="1" rebuy="0" addon="0" merge="0" rebuychips="0" reg_code="8394265244"/>
<player seat="3" name="Baretta" chips="440" dealer="0" win="80" bet="80" muck="1" rebuy="0" addon="0" merge="0" rebuychips="0" reg_code="8394265206"/>
</players>
</general>
<round no="0"><action no="1" player="Baretta" type="1" discard="1" dealt="1" sum="10"/>
<action no="2" player="oreiasccp" type="2" sum="20"/>
</round>
<round no="1"><cards type="Pocket" player="Baretta">X X</cards>
<cards type="Pocket" player="Nsd404">X X</cards>
<cards type="Pocket" player="oreiasccp">C6 S8</cards>
<action no="3" player="Nsd404" type="0" discard="1" dealt="1" sum="0"/>
<action no="4" player="Baretta" type="3" discard="1" dealt="1" sum="10"/>
<action no="5" player="oreiasccp" type="4" sum="0"/>
</round>
<round no="2"><cards type="Flop">S7 H2 H10</cards>
<action no="6" player="Baretta" type="4" discard="1" dealt="1" sum="0"/>
<action no="7" player="oreiasccp" type="4" sum="0"/>
</round>
<round no="3"><cards type="Turn">S5</cards>
<action no="8" player="Baretta" type="5" discard="1" dealt="1" sum="20"/>
<action no="9" player="oreiasccp" type="3" sum="20"/>
</round>
<round no="4"><cards type="River">H5</cards>
<action no="10" player="Baretta" type="5" discard="1" dealt="1" sum="40"/>
<action no="11" player="oreiasccp" type="0" sum="0"/>
</round>
</game>
<game gamecode="11540641438"><general><startdate>2025-06-29 10:06:50</startdate>
<round>1</round>
<failsafecounter/>
<players><player seat="10" name="Nsd404" chips="600" dealer="0" win="20" bet="20" muck="1" rebuy="0" addon="0" merge="0" rebuychips="0" reg_code="8394265244"/>
<player seat="3" name="Baretta" chips="480" dealer="1" win="0" bet="0" muck="1" rebuy="0" addon="0" merge="0" rebuychips="0" reg_code="8394265206"/>
<player seat="6" name="oreiasccp" chips="420" dealer="0" win="0" bet="10" muck="1" rebuy="0" addon="0" merge="0" rebuychips="0" reg_code="8394265219"/>
</players>
</general>
<round no="0"><action no="1" player="oreiasccp" type="1" sum="10"/>
<action no="2" player="Nsd404" type="2" discard="1" dealt="1" sum="20"/>
</round>
<round no="1"><cards type="Pocket" player="oreiasccp">D4 S9</cards>
<cards type="Pocket" player="Baretta">X X</cards>
<cards type="Pocket" player="Nsd404">X X</cards>
<action no="3" player="Baretta" type="0" discard="1" dealt="1" sum="0"/>
<action no="4" player="oreiasccp" type="0" sum="0"/>
</round>
</game>
<game gamecode="11540641480"><general><startdate>2025-06-29 10:07:00</startdate>
<round>1</round>
<failsafecounter/>
<players><player seat="3" name="Baretta" chips="480" dealer="0" win="0" bet="80" muck="1" rebuy="0" addon="0" merge="0" rebuychips="0" reg_code="8394265206"/>
<player seat="6" name="oreiasccp" chips="410" dealer="1" win="0" bet="0" muck="1" rebuy="0" addon="0" merge="0" rebuychips="0" reg_code="8394265219"/>
<player seat="10" name="Nsd404" chips="610" dealer="0" win="160" bet="80" muck="0" rebuy="0" addon="0" merge="0" rebuychips="0" reg_code="8394265244"/>
</players>
</general>
<round no="0"><action no="1" player="Nsd404" type="1" discard="1" dealt="1" sum="10"/>
<action no="2" player="Baretta" type="2" discard="1" dealt="1" sum="20"/>
</round>
<round no="1"><cards type="Pocket" player="Nsd404">CA C6</cards>
<cards type="Pocket" player="oreiasccp">C10 C2</cards>
<cards type="Pocket" player="Baretta">D4 S4</cards>
<action no="3" player="oreiasccp" type="0" sum="0"/>
<action no="4" player="Nsd404" type="23" discard="1" dealt="1" sum="40"/>
<action no="5" player="Baretta" type="3" discard="1" dealt="1" sum="20"/>
</round>
<round no="2"><cards type="Flop">HA S3 H10</cards>
<action no="6" player="Nsd404" type="4" discard="1" dealt="1" sum="0"/>
<action no="7" player="Baretta" type="4" discard="1" dealt="1" sum="0"/>
</round>
<round no="3"><cards type="Turn">DA</cards>
<action no="8" player="Nsd404" type="4" discard="1" dealt="1" sum="0"/>
<action no="9" player="Baretta" type="5" discard="1" dealt="1" sum="40"/>
<action no="10" player="Nsd404" type="3" discard="1" dealt="1" sum="40"/>
</round>
<round no="4"><cards type="River">S10</cards>
<action no="11" player="Nsd404" type="4" discard="1" dealt="1" sum="0"/>
<action no="12" player="Baretta" type="4" discard="1" dealt="1" sum="0"/>
</round>
</game>
<game gamecode="11540641591"><general><startdate>2025-06-29 10:07:30</startdate>
<round>1</round>
<failsafecounter/>
<players><player seat="6" name="oreiasccp" chips="410" dealer="0" win="0" bet="65" muck="1" rebuy="0" addon="0" merge="0" rebuychips="0" reg_code="8394265219"/>
<player seat="10" name="Nsd404" chips="690" dealer="1" win="0" bet="5" muck="1" rebuy="0" addon="0" merge="0" rebuychips="0" reg_code="8394265244"/>
<player seat="3" name="Baretta" chips="400" dealer="0" win="135" bet="400" muck="1" rebuy="0" addon="0" merge="0" rebuychips="0" reg_code="8394265206"/>
</players>
</general>
<round no="0"><action no="1" player="Baretta" type="15" discard="1" dealt="1" sum="5"/>
<action no="2" player="oreiasccp" type="15" sum="5"/>
<action no="3" player="Nsd404" type="15" discard="1" dealt="1" sum="5"/>
<action no="4" player="Baretta" type="1" discard="1" dealt="1" sum="15"/>
<action no="5" player="oreiasccp" type="2" sum="30"/>
</round>
<round no="1"><cards type="Pocket" player="oreiasccp">H2 D5</cards>
<cards type="Pocket" player="Nsd404">X X</cards>
<cards type="Pocket" player="Baretta">X X</cards>
<action no="6" player="Nsd404" type="0" discard="1" dealt="1" sum="0"/>
<action no="7" player="Baretta" type="3" discard="1" dealt="1" sum="15"/>
<action no="8" player="oreiasccp" type="4" sum="0"/>
</round>
<round no="2"><cards type="Flop">H5 SQ C10</cards>
<action no="9" player="Baretta" type="5" discard="1" dealt="1" sum="30"/>
<action no="10" player="oreiasccp" type="3" sum="30"/>
</round>
<round no="3"><cards type="Turn">H8</cards>
<action no="11" player="Baretta" type="4" discard="1" dealt="1" sum="0"/>
<action no="12" player="oreiasccp" type="4" sum="0"/>
</round>
<round no="4"><cards type="River">HQ</cards>
<action no="13" player="Baretta" type="5" discard="1" dealt="1" sum="335"/>
<action no="14" player="oreiasccp" type="0" sum="0"/>
</round>
</game>
<game gamecode="11540648543"><general><startdate>2025-06-29 10:08:00</startdate>
<round>1</round>
<failsafecounter/>
<players><player seat="10" name="Nsd404" chips="685" dealer="0" win="210" bet="305" muck="1" rebuy="0" addon="0" merge="0" rebuychips="0" reg_code="8394265244"/>
<player seat="3" name="Baretta" chips="470" dealer="1" win="0" bet="95" muck="1" rebuy="0" addon="0" merge="0" rebuychips="0" reg_code="8394265206"/>
<player seat="6" name="oreiasccp" chips="345" dealer="0" win="0" bet="20" muck="1" rebuy="0" addon="0" merge="0" rebuychips="0" reg_code="8394265219"/>
</players>
</general>
<round no="0"><action no="1" player="oreiasccp" type="15" sum="5"/>
<action no="2" player="Nsd404" type="15" discard="1" dealt="1" sum="5"/>
<action no="3" player="Baretta" type="15" discard="1" dealt="1" sum="5"/>
<action no="4" player="oreiasccp" type="1" sum="15"/>
<action no="5" player="Nsd404" type="2" discard="1" dealt="1" sum="30"/>
</round>
<round no="1"><cards type="Pocket" player="Baretta">X X</cards>
<cards type="Pocket" player="oreiasccp">H8 C3</cards>
<cards type="Pocket" player="Nsd404">X X</cards>
<action no="6" player="Baretta" type="3" discard="1" dealt="1" sum="30"/>
<action no="7" player="oreiasccp" type="0" sum="0"/>
<action no="8" player="Nsd404" type="23" discard="1" dealt="1" sum="90"/>
<action no="9" player="Baretta" type="3" discard="1" dealt="1" sum="60"/>
</round>
<round no="2"><cards type="Flop">H5 DK SQ</cards>
<action no="10" player="Nsd404" type="4" discard="1" dealt="1" sum="0"/>
<action no="11" player="Baretta" type="4" discard="1" dealt="1" sum="0"/>
</round>
<round no="3"><cards type="Turn">D4</cards>
<action no="12" player="Nsd404" type="4" discard="1" dealt="1" sum="0"/>
<action no="13" player="Baretta" type="4" discard="1" dealt="1" sum="0"/>
</round>
<round no="4"><cards type="River">D9</cards>
<action no="14" player="Nsd404" type="5" discard="1" dealt="1" sum="210"/>
<action no="15" player="Baretta" type="0" discard="1" dealt="1" sum="0"/>
</round>
</game>
<game gamecode="11540648649"><general><startdate>2025-06-29 10:08:27</startdate>
<round>1</round>
<failsafecounter/>
<players><player seat="3" name="Baretta" chips="375" dealer="0" win="45" bet="35" muck="1" rebuy="0" addon="0" merge="0" rebuychips="0" reg_code="8394265206"/>
<player seat="6" name="oreiasccp" chips="325" dealer="1" win="0" bet="5" muck="1" rebuy="0" addon="0" merge="0" rebuychips="0" reg_code="8394265219"/>
<player seat="10" name="Nsd404" chips="800" dealer="0" win="0" bet="20" muck="1" rebuy="0" addon="0" merge="0" rebuychips="0" reg_code="8394265244"/>
</players>
</general>
<round no="0"><action no="1" player="Nsd404" type="15" discard="1" dealt="1" sum="5"/>
<action no="2" player="Baretta" type="15" discard="1" dealt="1" sum="5"/>
<action no="3" player="oreiasccp" type="15" sum="5"/>
<action no="4" player="Nsd404" type="1" discard="1" dealt="1" sum="15"/>
<action no="5" player="Baretta" type="2" discard="1" dealt="1" sum="30"/>
</round>
<round no="1"><cards type="Pocket" player="Baretta">X X</cards>
<cards type="Pocket" player="oreiasccp">D3 C2</cards>
<cards type="Pocket" player="Nsd404">X X</cards>
<action no="6" player="oreiasccp" type="0" sum="0"/>
<action no="7" player="Nsd404" type="0" discard="1" dealt="1" sum="0"/>
</round>
</game>
<game gamecode="11540648708"><general><startdate>2025-06-29 10:08:45</startdate>
<round>1</round>
<failsafecounter/>
<players><player seat="6" name="oreiasccp" chips="320" dealer="0" win="0" bet="35" muck="1" rebuy="0" addon="0" merge="0" rebuychips="0" reg_code="8394265219"/>
<player seat="10" name="Nsd404" chips="780" dealer="1" win="0" bet="65" muck="1" rebuy="0" addon="0" merge="0" rebuychips="0" reg_code="8394265244"/>
<player seat="3" name="Baretta" chips="400" dealer="0" win="165" bet="95" muck="1" rebuy="0" addon="0" merge="0" rebuychips="0" reg_code="8394265206"/>
</players>
</general>
<round no="0"><action no="1" player="Baretta" type="15" discard="1" dealt="1" sum="5"/>
<action no="2" player="oreiasccp" type="15" sum="5"/>
<action no="3" player="Nsd404" type="15" discard="1" dealt="1" sum="5"/>
<action no="4" player="Baretta" type="1" discard="1" dealt="1" sum="15"/>
<action no="5" player="oreiasccp" type="2" sum="30"/>
</round>
<round no="1"><cards type="Pocket" player="Baretta">X X</cards>
<cards type="Pocket" player="oreiasccp">H4 CK</cards>
<cards type="Pocket" player="Nsd404">X X</cards>
<action no="6" player="Nsd404" type="3" discard="1" dealt="1" sum="30"/>
<action no="7" player="Baretta" type="3" discard="1" dealt="1" sum="15"/>
<action no="8" player="oreiasccp" type="4" sum="0"/>
</round>
<round no="2"><cards type="Flop">D8 C7 HA</cards>
<action no="9" player="Baretta" type="4" discard="1" dealt="1" sum="0"/>
<action no="10" player="oreiasccp" type="4" sum="0"/>
<action no="11" player="Nsd404" type="4" discard="1" dealt="1" sum="0"/>
</round>
<round no="3"><cards type="Turn">SQ</cards>
<action no="12" player="Baretta" type="5" discard="1" dealt="1" sum="30"/>
<action no="13" player="oreiasccp" type="0" sum="0"/>
<action no="14" player="Nsd404" type="3" discard="1" dealt="1" sum="30"/>
</round>
<round no="4"><cards type="River">D4</cards>
<action no="15" player="Baretta" type="5" discard="1" dealt="1" sum="30"/>
<action no="16" player="Nsd404" type="0" discard="1" dealt="1" sum="0"/>
</round>
</game>
<game gamecode="11540648848"><general><startdate>2025-06-29 10:09:25</startdate>
<round>1</round>
<failsafecounter/>
<players><player seat="10" name="Nsd404" chips="715" dealer="0" win="0" bet="285" muck="1" rebuy="0" addon="0" merge="0" rebuychips="0" reg_code="8394265244"/>
<player seat="3" name="Baretta" chips="500" dealer="1" win="0" bet="5" muck="1" rebuy="0" addon="0" merge="0" rebuychips="0" reg_code="8394265206"/>
<player seat="6" name="oreiasccp" chips="285" dealer="0" win="575" bet="285" muck="0" rebuy="0" addon="0" merge="0" rebuychips="0" reg_code="8394265219"/>
</players>
</general>
<round no="0"><action no="1" player="oreiasccp" type="15" sum="5"/>
<action no="2" player="Nsd404" type="15" discard="1" dealt="1" sum="5"/>
<action no="3" player="Baretta" type="15" discard="1" dealt="1" sum="5"/>
<action no="4" player="oreiasccp" type="1" sum="20"/>
<action no="5" player="Nsd404" type="2" discard="1" dealt="1" sum="40"/>
</round>
<round no="1"><cards type="Pocket" player="Nsd404">SQ HK</cards>
<cards type="Pocket" player="Baretta">X X</cards>
<cards type="Pocket" player="oreiasccp">CQ HJ</cards>
<action no="6" player="Baretta" type="0" discard="1" dealt="1" sum="0"/>
<action no="7" player="oreiasccp" type="23" sum="280"/>
<action no="8" player="Nsd404" type="3" discard="1" dealt="1" sum="240"/>
</round>
<round no="2"><cards type="Flop">CA C5 C8</cards>
</round>
<round no="3"><cards type="Turn">DJ</cards>
</round>
<round no="4"><cards type="River">D8</cards>
</round>
</game>
<game gamecode="11540648910"><general><startdate>2025-06-29 10:09:42</startdate>
<round>1</round>
<failsafecounter/>
<players><player seat="3" name="Baretta" chips="495" dealer="0" win="0" bet="165" muck="1" rebuy="0" addon="0" merge="0" rebuychips="0" reg_code="8394265206"/>
<player seat="6" name="oreiasccp" chips="575" dealer="1" win="0" bet="5" muck="1" rebuy="0" addon="0" merge="0" rebuychips="0" reg_code="8394265219"/>
<player seat="10" name="Nsd404" chips="430" dealer="0" win="335" bet="165" muck="0" rebuy="0" addon="0" merge="0" rebuychips="0" reg_code="8394265244"/>
</players>
</general>
<round no="0"><action no="1" player="Nsd404" type="15" discard="1" dealt="1" sum="5"/>
<action no="2" player="Baretta" type="15" discard="1" dealt="1" sum="5"/>
<action no="3" player="oreiasccp" type="15" sum="5"/>
<action no="4" player="Nsd404" type="1" discard="1" dealt="1" sum="20"/>
<action no="5" player="Baretta" type="2" discard="1" dealt="1" sum="40"/>
</round>
<round no="1"><cards type="Pocket" player="Nsd404">SK H6</cards>
<cards type="Pocket" player="Baretta">S4 CK</cards>
<cards type="Pocket" player="oreiasccp">DJ D4</cards>
<action no="6" player="oreiasccp" type="0" sum="0"/>
<action no="7" player="Nsd404" type="3" discard="1" dealt="1" sum="20"/>
<action no="8" player="Baretta" type="4" discard="1" dealt="1" sum="0"/>
</round>
<round no="2"><cards type="Flop">HK SJ C2</cards>
<action no="9" player="Nsd404" type="4" discard="1" dealt="1" sum="0"/>
<action no="10" player="Baretta" type="5" discard="1" dealt="1" sum="40"/>
<action no="11" player="Nsd404" type="3" discard="1" dealt="1" sum="40"/>
</round>
<round no="3"><cards type="Turn">DA</cards>
<action no="12" player="Nsd404" type="4" discard="1" dealt="1" sum="0"/>
<action no="13" player="Baretta" type="5" discard="1" dealt="1" sum="80"/>
<action no="14" player="Nsd404" type="3" discard="1" dealt="1" sum="80"/>
</round>
<round no="4"><cards type="River">D3</cards>
<action no="15" player="Nsd404" type="4" discard="1" dealt="1" sum="0"/>
<action no="16" player="Baretta" type="4" discard="1" dealt="1" sum="0"/>
</round>
</game>
<game gamecode="11540648997"><general><startdate>2025-06-29 10:10:07</startdate>
<round>1</round>
<failsafecounter/>
<players><player seat="6" name="oreiasccp" chips="570" dealer="0" win="0" bet="45" muck="1" rebuy="0" addon="0" merge="0" rebuychips="0" reg_code="8394265219"/>
<player seat="10" name="Nsd404" chips="600" dealer="1" win="0" bet="45" muck="1" rebuy="0" addon="0" merge="0" rebuychips="0" reg_code="8394265244"/>
<player seat="3" name="Baretta" chips="330" dealer="0" win="135" bet="45" muck="0" rebuy="0" addon="0" merge="0" rebuychips="0" reg_code="8394265206"/>
</players>
</general>
<round no="0"><action no="1" player="Baretta" type="15" discard="1" dealt="1" sum="5"/>
<action no="2" player="oreiasccp" type="15" sum="5"/>
<action no="3" player="Nsd404" type="15" discard="1" dealt="1" sum="5"/>
<action no="4" player="Baretta" type="1" discard="1" dealt="1" sum="20"/>
<action no="5" player="oreiasccp" type="2" sum="40"/>
</round>
<round no="1"><cards type="Pocket" player="oreiasccp">C3 D2</cards>
<cards type="Pocket" player="Baretta">D10 C6</cards>
<cards type="Pocket" player="Nsd404">H4 H3</cards>
<action no="6" player="Nsd404" type="3" discard="1" dealt="1" sum="40"/>
<action no="7" player="Baretta" type="3" discard="1" dealt="1" sum="20"/>
<action no="8" player="oreiasccp" type="4" sum="0"/>
</round>
<round no="2"><cards type="Flop">D4 H8 C5</cards>
<action no="9" player="Baretta" type="4" discard="1" dealt="1" sum="0"/>
<action no="10" player="oreiasccp" type="4" sum="0"/>
<action no="11" player="Nsd404" type="4" discard="1" dealt="1" sum="0"/>
</round>
<round no="3"><cards type="Turn">H7</cards>
<action no="12" player="Baretta" type="4" discard="1" dealt="1" sum="0"/>
<action no="13" player="oreiasccp" type="4" sum="0"/>
<action no="14" player="Nsd404" type="4" discard="1" dealt="1" sum="0"/>
</round>
<round no="4"><cards type="River">S10</cards>
<action no="15" player="Baretta" type="4" discard="1" dealt="1" sum="0"/>
<action no="16" player="oreiasccp" type="4" sum="0"/>
<action no="17" player="Nsd404" type="4" discard="1" dealt="1" sum="0"/>
</round>
</game>
<game gamecode="11540649132"><general><startdate>2025-06-29 10:10:44</startdate>
<round>1</round>
<failsafecounter/>
<players><player seat="10" name="Nsd404" chips="555" dealer="0" win="0" bet="85" muck="1" rebuy="0" addon="0" merge="0" rebuychips="0" reg_code="8394265244"/>
<player seat="3" name="Baretta" chips="420" dealer="1" win="195" bet="165" muck="1" rebuy="0" addon="0" merge="0" rebuychips="0" reg_code="8394265206"/>
<player seat="6" name="oreiasccp" chips="525" dealer="0" win="0" bet="25" muck="1" rebuy="0" addon="0" merge="0" rebuychips="0" reg_code="8394265219"/>
</players>
</general>
<round no="0"><action no="1" player="oreiasccp" type="15" sum="5"/>
<action no="2" player="Nsd404" type="15" discard="1" dealt="1" sum="5"/>
<action no="3" player="Baretta" type="15" discard="1" dealt="1" sum="5"/>
<action no="4" player="oreiasccp" type="1" sum="20"/>
<action no="5" player="Nsd404" type="2" discard="1" dealt="1" sum="40"/>
</round>
<round no="1"><cards type="Pocket" player="Nsd404">X X</cards>
<cards type="Pocket" player="Baretta">X X</cards>
<cards type="Pocket" player="oreiasccp">HJ H8</cards>
<action no="6" player="Baretta" type="23" discard="1" dealt="1" sum="80"/>
<action no="7" player="oreiasccp" type="0" sum="0"/>
<action no="8" player="Nsd404" type="3" discard="1" dealt="1" sum="40"/>
</round>
<round no="2"><cards type="Flop">H5 CK S2</cards>
<action no="9" player="Nsd404" type="4" discard="1" dealt="1" sum="0"/>
<action no="10" player="Baretta" type="5" discard="1" dealt="1" sum="80"/>
<action no="11" player="Nsd404" type="0" discard="1" dealt="1" sum="0"/>
</round>
</game>
<game gamecode="11540649200"><general><startdate>2025-06-29 10:11:03</startdate>
<round>1</round>
<failsafecounter/>
<players><player seat="3" name="Baretta" chips="530" dealer="0" win="0" bet="45" muck="1" rebuy="0" addon="0" merge="0" rebuychips="0" reg_code="8394265206"/>
<player seat="6" name="oreiasccp" chips="500" dealer="1" win="0" bet="500" muck="0" rebuy="0" addon="0" merge="0" rebuychips="0" reg_code="8394265219"/>
<player seat="10" name="Nsd404" chips="470" dealer="0" win="985" bet="470" muck="0" rebuy="0" addon="0" merge="0" rebuychips="0" reg_code="8394265244"/>
</players>
</general>
<round no="0"><action no="1" player="Nsd404" type="15" discard="1" dealt="1" sum="5"/>
<action no="2" player="Baretta" type="15" discard="1" dealt="1" sum="5"/>
<action no="3" player="oreiasccp" type="15" sum="5"/>
<action no="4" player="Nsd404" type="1" discard="1" dealt="1" sum="20"/>
<action no="5" player="Baretta" type="2" discard="1" dealt="1" sum="40"/>
</round>
<round no="1"><cards type="Pocket" player="oreiasccp">S4 D4</cards>
<cards type="Pocket" player="Nsd404">C10 D10</cards>
<cards type="Pocket" player="Baretta">X X</cards>
<action no="6" player="oreiasccp" type="23" sum="495"/>
<action no="7" player="Nsd404" type="7" discard="1" dealt="1" sum="445"/>
<action no="8" player="Baretta" type="0" discard="1" dealt="1" sum="0"/>
</round>
<round no="2"><cards type="Flop">D5 H3 CQ</cards>
</round>
<round no="3"><cards type="Turn">C7</cards>
</round>
<round no="4"><cards type="River">D9</cards>
</round>
</game>
<game gamecode="11540649269"><general><startdate>2025-06-29 10:11:21</startdate>
<round>1</round>
<failsafecounter/>
<players><player seat="6" name="oreiasccp" chips="30" dealer="0" win="0" bet="30" muck="1" rebuy="0" addon="0" merge="0" rebuychips="0" reg_code="8394265219"/>
<player seat="10" name="Nsd404" chips="985" dealer="1" win="0" bet="485" muck="1" rebuy="0" addon="0" merge="0" rebuychips="0" reg_code="8394265244"/>
<player seat="3" name="Baretta" chips="485" dealer="0" win="1,000" bet="485" muck="0" rebuy="0" addon="0" merge="0" rebuychips="0" reg_code="8394265206"/>
</players>
</general>
<round no="0"><action no="1" player="Baretta" type="15" discard="1" dealt="1" sum="5"/>
<action no="2" player="oreiasccp" type="15" sum="5"/>
<action no="3" player="Nsd404" type="15" discard="1" dealt="1" sum="5"/>
<action no="4" player="Baretta" type="1" discard="1" dealt="1" sum="30"/>
<action no="5" player="oreiasccp" type="2" sum="25"/>
</round>
<round no="1"><cards type="Pocket" player="Nsd404">CQ HK</cards>
<cards type="Pocket" player="Baretta">D7 HA</cards>
<cards type="Pocket" player="oreiasccp">D3 DQ</cards>
<action no="6" player="Nsd404" type="23" discard="1" dealt="1" sum="120"/>
<action no="7" player="Baretta" type="23" discard="1" dealt="1" sum="480"/>
<action no="8" player="Nsd404" type="3" discard="1" dealt="1" sum="360"/>
</round>
<round no="2"><cards type="Flop">H5 H2 D4</cards>
</round>
<round no="3"><cards type="Turn">C10</cards>
</round>
<round no="4"><cards type="River">C8</cards>
</round>
</game>
</session>
