<?xml version="1.0" encoding="UTF-8"?>
<session sessioncode="8394249342">
<general>
<client_version>25.1.1.13</client_version>
<mode>real</mode>
<gametype>Holdem NL</gametype>
<tablename>Twister €10 SNG, 1128848676</tablename>
<tournamentcode>1128848675</tournamentcode>
<tournamentname>Twister €10 SNG</tournamentname>
<buyin>€0 + €0.70 + €9.30</buyin>
<totalbuyin>€10</totalbuyin>
<rewarddrawn>€30</rewarddrawn>
<tournamentcurrency>EUR</tournamentcurrency>
<currency>EUR</currency>
<nickname>oreiasccp</nickname>
<gamecount>13</gamecount>
<startdate>2025-06-29 09:07:13</startdate>
<place>2</place>
<win>€0</win>
<tablesize>3</tablesize>
</general>
<game gamecode="11540598732"><general><startdate>2025-06-29 09:07:28</startdate>
<round>1</round>
<failsafecounter/>
<players><player seat="6" name="Leegarnham" chips="500" dealer="0" win="210" bet="180" muck="1" rebuy="0" addon="0" merge="0" rebuychips="0" reg_code="8394249394"/>
<player seat="10" name="FainiyHlopak" chips="500" dealer="1" win="0" bet="100" muck="1" rebuy="0" addon="0" merge="0" rebuychips="0" reg_code="8394249406"/>
<player seat="3" name="oreiasccp" chips="500" dealer="0" win="0" bet="10" muck="1" rebuy="0" addon="0" merge="0" rebuychips="0" reg_code="8394249342"/>
</players>
</general>
<round no="0"><action no="1" player="oreiasccp" type="1" sum="10"/>
<action no="2" player="Leegarnham" type="2" discard="1" dealt="1" sum="20"/>
</round>
<round no="1"><cards type="Pocket" player="oreiasccp">C9 C2</cards>
<cards type="Pocket" player="Leegarnham">X X</cards>
<cards type="Pocket" player="FainiyHlopak">X X</cards>
<action no="3" player="FainiyHlopak" type="23" discard="1" dealt="1" sum="40"/>
<action no="4" player="oreiasccp" type="0" sum="0"/>
<action no="5" player="Leegarnham" type="3" discard="1" dealt="1" sum="20"/>
</round>
<round no="2"><cards type="Flop">C5 H6 D5</cards>
<action no="6" player="Leegarnham" type="5" discard="1" dealt="1" sum="60"/>
<action no="7" player="FainiyHlopak" type="3" discard="1" dealt="1" sum="60"/>
</round>
<round no="3"><cards type="Turn">H8</cards>
<action no="8" player="Leegarnham" type="5" discard="1" dealt="1" sum="80"/>
<action no="9" player="FainiyHlopak" type="0" discard="1" dealt="1" sum="0"/>
</round>
</game>
<game gamecode="11540598858"><general><startdate>2025-06-29 09:08:03</startdate>
<round>1</round>
<failsafecounter/>
<players><player seat="10" name="FainiyHlopak" chips="400" dealer="0" win="0" bet="120" muck="1" rebuy="0" addon="0" merge="0" rebuychips="0" reg_code="8394249406"/>
<player seat="3" name="oreiasccp" chips="490" dealer="1" win="0" bet="0" muck="1" rebuy="0" addon="0" merge="0" rebuychips="0" reg_code="8394249342"/>
<player seat="6" name="Leegarnham" chips="610" dealer="0" win="240" bet="120" muck="0" rebuy="0" addon="0" merge="0" rebuychips="0" reg_code="8394249394"/>
</players>
</general>
<round no="0"><action no="1" player="Leegarnham" type="1" discard="1" dealt="1" sum="10"/>
<action no="2" player="FainiyHlopak" type="2" discard="1" dealt="1" sum="20"/>
</round>
<round no="1"><cards type="Pocket" player="Leegarnham">C6 D4</cards>
<cards type="Pocket" player="oreiasccp">C4 HQ</cards>
<cards type="Pocket" player="FainiyHlopak">DJ H5</cards>
<action no="3" player="oreiasccp" type="0" sum="0"/>
<action no="4" player="Leegarnham" type="3" discard="1" dealt="1" sum="10"/>
<action no="5" player="FainiyHlopak" type="4" discard="1" dealt="1" sum="0"/>
</round>
<round no="2"><cards type="Flop">H2 D3 S4</cards>
<action no="6" player="Leegarnham" type="4" discard="1" dealt="1" sum="0"/>
<action no="7" player="FainiyHlopak" type="4" discard="1" dealt="1" sum="0"/>
</round>
<round no="3"><cards type="Turn">S5</cards>
<action no="8" player="Leegarnham" type="5" discard="1" dealt="1" sum="40"/>
<action no="9" player="FainiyHlopak" type="3" discard="1" dealt="1" sum="40"/>
</round>
<round no="4"><cards type="River">DQ</cards>
<action no="10" player="Leegarnham" type="5" discard="1" dealt="1" sum="60"/>
<action no="11" player="FainiyHlopak" type="3" discard="1" dealt="1" sum="60"/>
</round>
</game>
<game gamecode="11540598979"><general><startdate>2025-06-29 09:08:39</startdate>
<round>1</round>
<failsafecounter/>
<players><player seat="3" name="oreiasccp" chips="490" dealer="0" win="100" bet="75" muck="1" rebuy="0" addon="0" merge="0" rebuychips="0" reg_code="8394249342"/>
<player seat="6" name="Leegarnham" chips="730" dealer="1" win="0" bet="0" muck="1" rebuy="0" addon="0" merge="0" rebuychips="0" reg_code="8394249394"/>
<player seat="10" name="FainiyHlopak" chips="280" dealer="0" win="0" bet="50" muck="1" rebuy="0" addon="0" merge="0" rebuychips="0" reg_code="8394249406"/>
</players>
</general>
<round no="0"><action no="1" player="FainiyHlopak" type="1" discard="1" dealt="1" sum="10"/>
<action no="2" player="oreiasccp" type="2" sum="20"/>
</round>
<round no="1"><cards type="Pocket" player="FainiyHlopak">X X</cards>
<cards type="Pocket" player="Leegarnham">X X</cards>
<cards type="Pocket" player="oreiasccp">DJ DQ</cards>
<action no="3" player="Leegarnham" type="0" discard="1" dealt="1" sum="0"/>
<action no="4" player="FainiyHlopak" type="3" discard="1" dealt="1" sum="10"/>
<action no="5" player="oreiasccp" type="23" sum="50"/>
<action no="6" player="FainiyHlopak" type="3" discard="1" dealt="1" sum="30"/>
</round>
<round no="2"><cards type="Flop">C10 C6 D3</cards>
<action no="7" player="FainiyHlopak" type="4" discard="1" dealt="1" sum="0"/>
<action no="8" player="oreiasccp" type="5" sum="25"/>
<action no="9" player="FainiyHlopak" type="0" discard="1" dealt="1" sum="0"/>
</round>
</game>
<game gamecode="11540599077"><general><startdate>2025-06-29 09:09:09</startdate>
<round>1</round>
<failsafecounter/>
<players><player seat="6" name="Leegarnham" chips="730" dealer="0" win="160" bet="140" muck="1" rebuy="0" addon="0" merge="0" rebuychips="0" reg_code="8394249394"/>
<player seat="10" name="FainiyHlopak" chips="230" dealer="1" win="0" bet="0" muck="1" rebuy="0" addon="0" merge="0" rebuychips="0" reg_code="8394249406"/>
<player seat="3" name="oreiasccp" chips="540" dealer="0" win="0" bet="80" muck="1" rebuy="0" addon="0" merge="0" rebuychips="0" reg_code="8394249342"/>
</players>
</general>
<round no="0"><action no="1" player="oreiasccp" type="1" sum="10"/>
<action no="2" player="Leegarnham" type="2" discard="1" dealt="1" sum="20"/>
</round>
<round no="1"><cards type="Pocket" player="Leegarnham">X X</cards>
<cards type="Pocket" player="FainiyHlopak">X X</cards>
<cards type="Pocket" player="oreiasccp">C4 CK</cards>
<action no="3" player="FainiyHlopak" type="0" discard="1" dealt="1" sum="0"/>
<action no="4" player="oreiasccp" type="23" sum="40"/>
<action no="5" player="Leegarnham" type="3" discard="1" dealt="1" sum="20"/>
</round>
<round no="2"><cards type="Flop">D7 S4 D6</cards>
<action no="6" player="oreiasccp" type="4" sum="0"/>
<action no="7" player="Leegarnham" type="5" discard="1" dealt="1" sum="20"/>
<action no="8" player="oreiasccp" type="3" sum="20"/>
</round>
<round no="3"><cards type="Turn">C9</cards>
<action no="9" player="oreiasccp" type="4" sum="0"/>
<action no="10" player="Leegarnham" type="5" discard="1" dealt="1" sum="20"/>
<action no="11" player="oreiasccp" type="3" sum="20"/>
</round>
<round no="4"><cards type="River">HA</cards>
<action no="12" player="oreiasccp" type="4" sum="0"/>
<action no="13" player="Leegarnham" type="5" discard="1" dealt="1" sum="60"/>
<action no="14" player="oreiasccp" type="0" sum="0"/>
</round>
</game>
<game gamecode="11540599204"><general><startdate>2025-06-29 09:09:47</startdate>
<round>1</round>
<failsafecounter/>
<players><player seat="10" name="FainiyHlopak" chips="230" dealer="0" win="0" bet="35" muck="1" rebuy="0" addon="0" merge="0" rebuychips="0" reg_code="8394249406"/>
<player seat="3" name="oreiasccp" chips="460" dealer="1" win="0" bet="5" muck="1" rebuy="0" addon="0" merge="0" rebuychips="0" reg_code="8394249342"/>
<player seat="6" name="Leegarnham" chips="810" dealer="0" win="75" bet="215" muck="1" rebuy="0" addon="0" merge="0" rebuychips="0" reg_code="8394249394"/>
</players>
</general>
<round no="0"><action no="1" player="Leegarnham" type="15" discard="1" dealt="1" sum="5"/>
<action no="2" player="FainiyHlopak" type="15" discard="1" dealt="1" sum="5"/>
<action no="3" player="oreiasccp" type="15" sum="5"/>
<action no="4" player="Leegarnham" type="1" discard="1" dealt="1" sum="15"/>
<action no="5" player="FainiyHlopak" type="2" discard="1" dealt="1" sum="30"/>
</round>
<round no="1"><cards type="Pocket" player="Leegarnham">X X</cards>
<cards type="Pocket" player="FainiyHlopak">X X</cards>
<cards type="Pocket" player="oreiasccp">C8 H6</cards>
<action no="6" player="oreiasccp" type="0" sum="0"/>
<action no="7" player="Leegarnham" type="23" discard="1" dealt="1" sum="210"/>
<action no="8" player="FainiyHlopak" type="0" discard="1" dealt="1" sum="0"/>
</round>
</game>
<game gamecode="11540599253"><general><startdate>2025-06-29 09:10:01</startdate>
<round>1</round>
<failsafecounter/>
<players><player seat="3" name="oreiasccp" chips="455" dealer="0" win="0" bet="65" muck="0" rebuy="0" addon="0" merge="0" rebuychips="0" reg_code="8394249342"/>
<player seat="6" name="Leegarnham" chips="850" dealer="1" win="150" bet="65" muck="0" rebuy="0" addon="0" merge="0" rebuychips="0" reg_code="8394249394"/>
<player seat="10" name="FainiyHlopak" chips="195" dealer="0" win="0" bet="20" muck="1" rebuy="0" addon="0" merge="0" rebuychips="0" reg_code="8394249406"/>
</players>
</general>
<round no="0"><action no="1" player="FainiyHlopak" type="15" discard="1" dealt="1" sum="5"/>
<action no="2" player="oreiasccp" type="15" sum="5"/>
<action no="3" player="Leegarnham" type="15" discard="1" dealt="1" sum="5"/>
<action no="4" player="FainiyHlopak" type="1" discard="1" dealt="1" sum="15"/>
<action no="5" player="oreiasccp" type="2" sum="30"/>
</round>
<round no="1"><cards type="Pocket" player="oreiasccp">H2 D3</cards>
<cards type="Pocket" player="FainiyHlopak">X X</cards>
<cards type="Pocket" player="Leegarnham">SA D5</cards>
<action no="6" player="Leegarnham" type="3" discard="1" dealt="1" sum="30"/>
<action no="7" player="FainiyHlopak" type="0" discard="1" dealt="1" sum="0"/>
<action no="8" player="oreiasccp" type="4" sum="0"/>
</round>
<round no="2"><cards type="Flop">DK C4 CQ</cards>
<action no="9" player="oreiasccp" type="4" sum="0"/>
<action no="10" player="Leegarnham" type="4" discard="1" dealt="1" sum="0"/>
</round>
<round no="3"><cards type="Turn">DQ</cards>
<action no="11" player="oreiasccp" type="4" sum="0"/>
<action no="12" player="Leegarnham" type="4" discard="1" dealt="1" sum="0"/>
</round>
<round no="4"><cards type="River">CK</cards>
<action no="13" player="oreiasccp" type="5" sum="30"/>
<action no="14" player="Leegarnham" type="3" discard="1" dealt="1" sum="30"/>
</round>
</game>
<game gamecode="11540599337"><general><startdate>2025-06-29 09:10:28</startdate>
<round>1</round>
<failsafecounter/>
<players><player seat="6" name="Leegarnham" chips="935" dealer="0" win="0" bet="35" muck="1" rebuy="0" addon="0" merge="0" rebuychips="0" reg_code="8394249394"/>
<player seat="10" name="FainiyHlopak" chips="175" dealer="1" win="0" bet="5" muck="1" rebuy="0" addon="0" merge="0" rebuychips="0" reg_code="8394249406"/>
<player seat="3" name="oreiasccp" chips="390" dealer="0" win="75" bet="65" muck="1" rebuy="0" addon="0" merge="0" rebuychips="0" reg_code="8394249342"/>
</players>
</general>
<round no="0"><action no="1" player="oreiasccp" type="15" sum="5"/>
<action no="2" player="Leegarnham" type="15" discard="1" dealt="1" sum="5"/>
<action no="3" player="FainiyHlopak" type="15" discard="1" dealt="1" sum="5"/>
<action no="4" player="oreiasccp" type="1" sum="15"/>
<action no="5" player="Leegarnham" type="2" discard="1" dealt="1" sum="30"/>
</round>
<round no="1"><cards type="Pocket" player="oreiasccp">C3 C6</cards>
<cards type="Pocket" player="FainiyHlopak">X X</cards>
<cards type="Pocket" player="Leegarnham">X X</cards>
<action no="6" player="FainiyHlopak" type="0" discard="1" dealt="1" sum="0"/>
<action no="7" player="oreiasccp" type="3" sum="15"/>
<action no="8" player="Leegarnham" type="4" discard="1" dealt="1" sum="0"/>
</round>
<round no="2"><cards type="Flop">C5 D5 DA</cards>
<action no="9" player="oreiasccp" type="5" sum="30"/>
<action no="10" player="Leegarnham" type="0" discard="1" dealt="1" sum="0"/>
</round>
</game>
<game gamecode="11540599388"><general><startdate>2025-06-29 09:10:43</startdate>
<round>1</round>
<failsafecounter/>
<players><player seat="10" name="FainiyHlopak" chips="170" dealer="0" win="0" bet="35" muck="1" rebuy="0" addon="0" merge="0" rebuychips="0" reg_code="8394249406"/>
<player seat="3" name="oreiasccp" chips="430" dealer="1" win="0" bet="124" muck="1" rebuy="0" addon="0" merge="0" rebuychips="0" reg_code="8394249342"/>
<player seat="6" name="Leegarnham" chips="900" dealer="0" win="283" bet="124" muck="0" rebuy="0" addon="0" merge="0" rebuychips="0" reg_code="8394249394"/>
</players>
</general>
<round no="0"><action no="1" player="Leegarnham" type="15" discard="1" dealt="1" sum="5"/>
<action no="2" player="FainiyHlopak" type="15" discard="1" dealt="1" sum="5"/>
<action no="3" player="oreiasccp" type="15" sum="5"/>
<action no="4" player="Leegarnham" type="1" discard="1" dealt="1" sum="15"/>
<action no="5" player="FainiyHlopak" type="2" discard="1" dealt="1" sum="30"/>
</round>
<round no="1"><cards type="Pocket" player="FainiyHlopak">X X</cards>
<cards type="Pocket" player="oreiasccp">HK D9</cards>
<cards type="Pocket" player="Leegarnham">HQ DK</cards>
<action no="6" player="oreiasccp" type="23" sum="60"/>
<action no="7" player="Leegarnham" type="3" discard="1" dealt="1" sum="45"/>
<action no="8" player="FainiyHlopak" type="0" discard="1" dealt="1" sum="0"/>
</round>
<round no="2"><cards type="Flop">D4 C5 H2</cards>
<action no="9" player="Leegarnham" type="4" discard="1" dealt="1" sum="0"/>
<action no="10" player="oreiasccp" type="5" sum="59"/>
<action no="11" player="Leegarnham" type="3" discard="1" dealt="1" sum="59"/>
</round>
<round no="3"><cards type="Turn">H3</cards>
<action no="12" player="Leegarnham" type="4" discard="1" dealt="1" sum="0"/>
<action no="13" player="oreiasccp" type="4" sum="0"/>
</round>
<round no="4"><cards type="River">S4</cards>
<action no="14" player="Leegarnham" type="4" discard="1" dealt="1" sum="0"/>
<action no="15" player="oreiasccp" type="4" sum="0"/>
</round>
</game>
<game gamecode="11540599470"><general><startdate>2025-06-29 09:11:11</startdate>
<round>1</round>
<failsafecounter/>
<players><player seat="3" name="oreiasccp" chips="306" dealer="0" win="0" bet="35" muck="1" rebuy="0" addon="0" merge="0" rebuychips="0" reg_code="8394249342"/>
<player seat="6" name="Leegarnham" chips="1,059" dealer="1" win="0" bet="5" muck="1" rebuy="0" addon="0" merge="0" rebuychips="0" reg_code="8394249394"/>
<player seat="10" name="FainiyHlopak" chips="135" dealer="0" win="75" bet="135" muck="1" rebuy="0" addon="0" merge="0" rebuychips="0" reg_code="8394249406"/>
</players>
</general>
<round no="0"><action no="1" player="FainiyHlopak" type="15" discard="1" dealt="1" sum="5"/>
<action no="2" player="oreiasccp" type="15" sum="5"/>
<action no="3" player="Leegarnham" type="15" discard="1" dealt="1" sum="5"/>
<action no="4" player="FainiyHlopak" type="1" discard="1" dealt="1" sum="15"/>
<action no="5" player="oreiasccp" type="2" sum="30"/>
</round>
<round no="1"><cards type="Pocket" player="FainiyHlopak">X X</cards>
<cards type="Pocket" player="oreiasccp">C5 H4</cards>
<cards type="Pocket" player="Leegarnham">X X</cards>
<action no="6" player="Leegarnham" type="0" discard="1" dealt="1" sum="0"/>
<action no="7" player="FainiyHlopak" type="23" discard="1" dealt="1" sum="130"/>
<action no="8" player="oreiasccp" type="0" sum="0"/>
</round>
</game>
<game gamecode="11540599493"><general><startdate>2025-06-29 09:11:19</startdate>
<round>1</round>
<failsafecounter/>
<players><player seat="6" name="Leegarnham" chips="1,054" dealer="0" win="0" bet="35" muck="1" rebuy="0" addon="0" merge="0" rebuychips="0" reg_code="8394249394"/>
<player seat="10" name="FainiyHlopak" chips="175" dealer="1" win="0" bet="5" muck="1" rebuy="0" addon="0" merge="0" rebuychips="0" reg_code="8394249406"/>
<player seat="3" name="oreiasccp" chips="271" dealer="0" win="75" bet="271" muck="1" rebuy="0" addon="0" merge="0" rebuychips="0" reg_code="8394249342"/>
</players>
</general>
<round no="0"><action no="1" player="oreiasccp" type="15" sum="5"/>
<action no="2" player="Leegarnham" type="15" discard="1" dealt="1" sum="5"/>
<action no="3" player="FainiyHlopak" type="15" discard="1" dealt="1" sum="5"/>
<action no="4" player="oreiasccp" type="1" sum="15"/>
<action no="5" player="Leegarnham" type="2" discard="1" dealt="1" sum="30"/>
</round>
<round no="1"><cards type="Pocket" player="oreiasccp">DK H5</cards>
<cards type="Pocket" player="FainiyHlopak">X X</cards>
<cards type="Pocket" player="Leegarnham">X X</cards>
<action no="6" player="FainiyHlopak" type="0" discard="1" dealt="1" sum="0"/>
<action no="7" player="oreiasccp" type="23" sum="266"/>
<action no="8" player="Leegarnham" type="0" discard="1" dealt="1" sum="0"/>
</round>
</game>
<game gamecode="11540599526"><general><startdate>2025-06-29 09:11:30</startdate>
<round>1</round>
<failsafecounter/>
<players><player seat="10" name="FainiyHlopak" chips="170" dealer="0" win="365" bet="170" muck="0" rebuy="0" addon="0" merge="0" rebuychips="0" reg_code="8394249406"/>
<player seat="3" name="oreiasccp" chips="311" dealer="1" win="0" bet="311" muck="1" rebuy="0" addon="0" merge="0" rebuychips="0" reg_code="8394249342"/>
<player seat="6" name="Leegarnham" chips="1,019" dealer="0" win="0" bet="25" muck="1" rebuy="0" addon="0" merge="0" rebuychips="0" reg_code="8394249394"/>
</players>
</general>
<round no="0"><action no="1" player="Leegarnham" type="15" discard="1" dealt="1" sum="5"/>
<action no="2" player="FainiyHlopak" type="15" discard="1" dealt="1" sum="5"/>
<action no="3" player="oreiasccp" type="15" sum="5"/>
<action no="4" player="Leegarnham" type="1" discard="1" dealt="1" sum="20"/>
<action no="5" player="FainiyHlopak" type="2" discard="1" dealt="1" sum="40"/>
</round>
<round no="1"><cards type="Pocket" player="FainiyHlopak">CJ DA</cards>
<cards type="Pocket" player="oreiasccp">S3 SA</cards>
<cards type="Pocket" player="Leegarnham">X X</cards>
<action no="6" player="oreiasccp" type="23" sum="306"/>
<action no="7" player="Leegarnham" type="0" discard="1" dealt="1" sum="0"/>
<action no="8" player="FainiyHlopak" type="7" discard="1" dealt="1" sum="125"/>
</round>
<round no="2"><cards type="Flop">D4 DQ HA</cards>
</round>
<round no="3"><cards type="Turn">D9</cards>
</round>
<round no="4"><cards type="River">DJ</cards>
</round>
</game>
<game gamecode="11540599584"><general><startdate>2025-06-29 09:11:47</startdate>
<round>1</round>
<failsafecounter/>
<players><player seat="3" name="oreiasccp" chips="141" dealer="0" win="287" bet="141" muck="0" rebuy="0" addon="0" merge="0" rebuychips="0" reg_code="8394249342"/>
<player seat="6" name="Leegarnham" chips="994" dealer="1" win="0" bet="5" muck="1" rebuy="0" addon="0" merge="0" rebuychips="0" reg_code="8394249394"/>
<player seat="10" name="FainiyHlopak" chips="365" dealer="0" win="0" bet="365" muck="1" rebuy="0" addon="0" merge="0" rebuychips="0" reg_code="8394249406"/>
</players>
</general>
<round no="0"><action no="1" player="FainiyHlopak" type="15" discard="1" dealt="1" sum="5"/>
<action no="2" player="oreiasccp" type="15" sum="5"/>
<action no="3" player="Leegarnham" type="15" discard="1" dealt="1" sum="5"/>
<action no="4" player="FainiyHlopak" type="1" discard="1" dealt="1" sum="20"/>
<action no="5" player="oreiasccp" type="2" sum="40"/>
</round>
<round no="1"><cards type="Pocket" player="Leegarnham">X X</cards>
<cards type="Pocket" player="oreiasccp">C9 SJ</cards>
<cards type="Pocket" player="FainiyHlopak">DK C5</cards>
<action no="6" player="Leegarnham" type="0" discard="1" dealt="1" sum="0"/>
<action no="7" player="FainiyHlopak" type="23" discard="1" dealt="1" sum="360"/>
<action no="8" player="oreiasccp" type="7" sum="96"/>
</round>
<round no="2"><cards type="Flop">CA H10 H3</cards>
</round>
<round no="3"><cards type="Turn">H6</cards>
</round>
<round no="4"><cards type="River">D9</cards>
</round>
</game>
<game gamecode="11540599634"><general><startdate>2025-06-29 09:12:05</startdate>
<round>1</round>
<failsafecounter/>
<players><player seat="6" name="Leegarnham" chips="989" dealer="0" win="798" bet="287" muck="0" rebuy="0" addon="0" merge="0" rebuychips="0" reg_code="8394249394"/>
<player seat="10" name="FainiyHlopak" chips="224" dealer="1" win="0" bet="224" muck="0" rebuy="0" addon="0" merge="0" rebuychips="0" reg_code="8394249406"/>
<player seat="3" name="oreiasccp" chips="287" dealer="0" win="0" bet="287" muck="1" rebuy="0" addon="0" merge="0" rebuychips="0" reg_code="8394249342"/>
</players>
</general>
<round no="0"><action no="1" player="oreiasccp" type="15" sum="5"/>
<action no="2" player="Leegarnham" type="15" discard="1" dealt="1" sum="5"/>
<action no="3" player="FainiyHlopak" type="15" discard="1" dealt="1" sum="5"/>
<action no="4" player="oreiasccp" type="1" sum="20"/>
<action no="5" player="Leegarnham" type="2" discard="1" dealt="1" sum="40"/>
</round>
<round no="1"><cards type="Pocket" player="FainiyHlopak">D9 SJ</cards>
<cards type="Pocket" player="Leegarnham">HA C10</cards>
<cards type="Pocket" player="oreiasccp">DA DK</cards>
<action no="6" player="FainiyHlopak" type="23" discard="1" dealt="1" sum="219"/>
<action no="7" player="oreiasccp" type="7" sum="262"/>
<action no="8" player="Leegarnham" type="3" discard="1" dealt="1" sum="242"/>
</round>
<round no="2"><cards type="Flop">H10 C4 C3</cards>
</round>
<round no="3"><cards type="Turn">S3</cards>
</round>
<round no="4"><cards type="River">D6</cards>
</round>
</game>
</session>
