<?xml version="1.0" encoding="UTF-8"?>
<session sessioncode="8394264186">
<general>
<client_version>25.1.1.13</client_version>
<mode>real</mode>
<gametype>Holdem NL</gametype>
<tablename>Twister €5 SNG, 1128850954</tablename>
<tournamentcode>1128850953</tournamentcode>
<tournamentname>Twister €5 SNG</tournamentname>
<buyin>€0 + €0.35 + €4.65</buyin>
<totalbuyin>€5</totalbuyin>
<rewarddrawn>€10</rewarddrawn>
<tournamentcurrency>EUR</tournamentcurrency>
<currency>EUR</currency>
<nickname>oreiasccp</nickname>
<gamecount>8</gamecount>
<startdate>2025-06-29 10:01:44</startdate>
<place>2</place>
<win>€0</win>
<tablesize>3</tablesize>
</general>
<game gamecode="11540640384"><general><startdate>2025-06-29 10:01:59</startdate>
<round>1</round>
<failsafecounter/>
<players><player seat="10" name="lechat" chips="500" dealer="0" win="0" bet="220" muck="0" rebuy="0" addon="0" merge="0" rebuychips="0" reg_code="8394264235"/>
<player seat="3" name="Nsd404" chips="500" dealer="1" win="450" bet="220" muck="0" rebuy="0" addon="0" merge="0" rebuychips="0" reg_code="8394264131"/>
<player seat="6" name="oreiasccp" chips="500" dealer="0" win="0" bet="10" muck="1" rebuy="0" addon="0" merge="0" rebuychips="0" reg_code="8394264186"/>
</players>
</general>
<round no="0"><action no="1" player="oreiasccp" type="1" sum="10"/>
<action no="2" player="lechat" type="2" discard="1" dealt="1" sum="20"/>
</round>
<round no="1"><cards type="Pocket" player="lechat">H8 D6</cards>
<cards type="Pocket" player="oreiasccp">S9 C2</cards>
<cards type="Pocket" player="Nsd404">S3 C3</cards>
<action no="3" player="Nsd404" type="23" discard="1" dealt="1" sum="40"/>
<action no="4" player="oreiasccp" type="0" sum="0"/>
<action no="5" player="lechat" type="3" discard="1" dealt="1" sum="20"/>
</round>
<round no="2"><cards type="Flop">D3 CK SJ</cards>
<action no="6" player="lechat" type="4" discard="1" dealt="1" sum="0"/>
<action no="7" player="Nsd404" type="4" discard="1" dealt="1" sum="0"/>
</round>
<round no="3"><cards type="Turn">DJ</cards>
<action no="8" player="lechat" type="5" discard="1" dealt="1" sum="45"/>
<action no="9" player="Nsd404" type="3" discard="1" dealt="1" sum="45"/>
</round>
<round no="4"><cards type="River">HJ</cards>
<action no="10" player="lechat" type="5" discard="1" dealt="1" sum="135"/>
<action no="11" player="Nsd404" type="3" discard="1" dealt="1" sum="135"/>
</round>
</game>
<game gamecode="11540640470"><general><startdate>2025-06-29 10:02:24</startdate>
<round>1</round>
<failsafecounter/>
<players><player seat="3" name="Nsd404" chips="730" dealer="0" win="0" bet="20" muck="1" rebuy="0" addon="0" merge="0" rebuychips="0" reg_code="8394264131"/>
<player seat="6" name="oreiasccp" chips="490" dealer="1" win="0" bet="0" muck="1" rebuy="0" addon="0" merge="0" rebuychips="0" reg_code="8394264186"/>
<player seat="10" name="lechat" chips="280" dealer="0" win="40" bet="20" muck="0" rebuy="0" addon="0" merge="0" rebuychips="0" reg_code="8394264235"/>
</players>
</general>
<round no="0"><action no="1" player="lechat" type="1" discard="1" dealt="1" sum="10"/>
<action no="2" player="Nsd404" type="2" discard="1" dealt="1" sum="20"/>
</round>
<round no="1"><cards type="Pocket" player="lechat">SJ C3</cards>
<cards type="Pocket" player="Nsd404">C10 H9</cards>
<cards type="Pocket" player="oreiasccp">DQ H3</cards>
<action no="3" player="oreiasccp" type="0" sum="0"/>
<action no="4" player="lechat" type="3" discard="1" dealt="1" sum="10"/>
<action no="5" player="Nsd404" type="4" discard="1" dealt="1" sum="0"/>
</round>
<round no="2"><cards type="Flop">H2 D8 D7</cards>
<action no="6" player="lechat" type="4" discard="1" dealt="1" sum="0"/>
<action no="7" player="Nsd404" type="4" discard="1" dealt="1" sum="0"/>
</round>
<round no="3"><cards type="Turn">H4</cards>
<action no="8" player="lechat" type="4" discard="1" dealt="1" sum="0"/>
<action no="9" player="Nsd404" type="4" discard="1" dealt="1" sum="0"/>
</round>
<round no="4"><cards type="River">D2</cards>
<action no="10" player="lechat" type="4" discard="1" dealt="1" sum="0"/>
<action no="11" player="Nsd404" type="4" discard="1" dealt="1" sum="0"/>
</round>
</game>
<game gamecode="11540640546"><general><startdate>2025-06-29 10:02:46</startdate>
<round>1</round>
<failsafecounter/>
<players><player seat="6" name="oreiasccp" chips="490" dealer="0" win="0" bet="20" muck="1" rebuy="0" addon="0" merge="0" rebuychips="0" reg_code="8394264186"/>
<player seat="10" name="lechat" chips="300" dealer="1" win="0" bet="0" muck="1" rebuy="0" addon="0" merge="0" rebuychips="0" reg_code="8394264235"/>
<player seat="3" name="Nsd404" chips="710" dealer="0" win="40" bet="40" muck="1" rebuy="0" addon="0" merge="0" rebuychips="0" reg_code="8394264131"/>
</players>
</general>
<round no="0"><action no="1" player="Nsd404" type="1" discard="1" dealt="1" sum="10"/>
<action no="2" player="oreiasccp" type="2" sum="20"/>
</round>
<round no="1"><cards type="Pocket" player="oreiasccp">D10 H3</cards>
<cards type="Pocket" player="lechat">X X</cards>
<cards type="Pocket" player="Nsd404">X X</cards>
<action no="3" player="lechat" type="0" discard="1" dealt="1" sum="0"/>
<action no="4" player="Nsd404" type="3" discard="1" dealt="1" sum="10"/>
<action no="5" player="oreiasccp" type="4" sum="0"/>
</round>
<round no="2"><cards type="Flop">HA H6 CA</cards>
<action no="6" player="Nsd404" type="4" discard="1" dealt="1" sum="0"/>
<action no="7" player="oreiasccp" type="4" sum="0"/>
</round>
<round no="3"><cards type="Turn">S9</cards>
<action no="8" player="Nsd404" type="5" discard="1" dealt="1" sum="20"/>
<action no="9" player="oreiasccp" type="0" sum="0"/>
</round>
</game>
<game gamecode="11540640691"><general><startdate>2025-06-29 10:03:21</startdate>
<round>1</round>
<failsafecounter/>
<players><player seat="10" name="lechat" chips="300" dealer="0" win="0" bet="300" muck="0" rebuy="0" addon="0" merge="0" rebuychips="0" reg_code="8394264235"/>
<player seat="3" name="Nsd404" chips="730" dealer="1" win="0" bet="20" muck="1" rebuy="0" addon="0" merge="0" rebuychips="0" reg_code="8394264131"/>
<player seat="6" name="oreiasccp" chips="470" dealer="0" win="620" bet="470" muck="0" rebuy="0" addon="0" merge="0" rebuychips="0" reg_code="8394264186"/>
</players>
</general>
<round no="0"><action no="1" player="oreiasccp" type="1" sum="10"/>
<action no="2" player="lechat" type="2" discard="1" dealt="1" sum="20"/>
</round>
<round no="1"><cards type="Pocket" player="oreiasccp">S5 D5</cards>
<cards type="Pocket" player="lechat">HA H4</cards>
<cards type="Pocket" player="Nsd404">X X</cards>
<action no="3" player="Nsd404" type="3" discard="1" dealt="1" sum="20"/>
<action no="4" player="oreiasccp" type="23" sum="470"/>
<action no="5" player="lechat" type="7" discard="1" dealt="1" sum="280"/>
<action no="6" player="Nsd404" type="0" discard="1" dealt="1" sum="0"/>
</round>
<round no="2"><cards type="Flop">C5 C4 SJ</cards>
</round>
<round no="3"><cards type="Turn">C10</cards>
</round>
<round no="4"><cards type="River">H3</cards>
</round>
</game>
<game gamecode="11540640782"><general><startdate>2025-06-29 10:03:44</startdate>
<round>1</round>
<failsafecounter/>
<players><player seat="3" name="Nsd404" chips="710" dealer="0" win="0" bet="20" muck="1" rebuy="0" addon="0" merge="0" rebuychips="0" reg_code="8394264131"/>
<player seat="6" name="oreiasccp" chips="790" dealer="1" win="40" bet="40" muck="1" rebuy="0" addon="0" merge="0" rebuychips="0" reg_code="8394264186"/>
</players>
</general>
<round no="0"><action no="1" player="oreiasccp" type="1" sum="10"/>
<action no="2" player="Nsd404" type="2" discard="1" dealt="1" sum="20"/>
</round>
<round no="1"><cards type="Pocket" player="oreiasccp">H8 C3</cards>
<cards type="Pocket" player="Nsd404">X X</cards>
<action no="3" player="oreiasccp" type="3" sum="10"/>
<action no="4" player="Nsd404" type="4" discard="1" dealt="1" sum="0"/>
</round>
<round no="2"><cards type="Flop">D7 C2 D8</cards>
<action no="5" player="Nsd404" type="4" discard="1" dealt="1" sum="0"/>
<action no="6" player="oreiasccp" type="4" sum="0"/>
</round>
<round no="3"><cards type="Turn">SK</cards>
<action no="7" player="Nsd404" type="4" discard="1" dealt="1" sum="0"/>
<action no="8" player="oreiasccp" type="4" sum="0"/>
</round>
<round no="4"><cards type="River">H10</cards>
<action no="9" player="Nsd404" type="4" discard="1" dealt="1" sum="0"/>
<action no="10" player="oreiasccp" type="5" sum="20"/>
<action no="11" player="Nsd404" type="0" discard="1" dealt="1" sum="0"/>
</round>
</game>
<game gamecode="11540640844"><general><startdate>2025-06-29 10:04:00</startdate>
<round>1</round>
<failsafecounter/>
<players><player seat="6" name="oreiasccp" chips="810" dealer="0" win="0" bet="35" muck="1" rebuy="0" addon="0" merge="0" rebuychips="0" reg_code="8394264186"/>
<player seat="3" name="Nsd404" chips="690" dealer="1" win="70" bet="70" muck="1" rebuy="0" addon="0" merge="0" rebuychips="0" reg_code="8394264131"/>
</players>
</general>
<round no="0"><action no="1" player="Nsd404" type="15" discard="1" dealt="1" sum="5"/>
<action no="2" player="oreiasccp" type="15" sum="5"/>
<action no="3" player="Nsd404" type="1" discard="1" dealt="1" sum="15"/>
<action no="4" player="oreiasccp" type="2" sum="30"/>
</round>
<round no="1"><cards type="Pocket" player="oreiasccp">C8 DQ</cards>
<cards type="Pocket" player="Nsd404">X X</cards>
<action no="5" player="Nsd404" type="3" discard="1" dealt="1" sum="15"/>
<action no="6" player="oreiasccp" type="4" sum="0"/>
</round>
<round no="2"><cards type="Flop">S4 DK H2</cards>
<action no="7" player="oreiasccp" type="4" sum="0"/>
<action no="8" player="Nsd404" type="5" discard="1" dealt="1" sum="35"/>
<action no="9" player="oreiasccp" type="0" sum="0"/>
</round>
</game>
<game gamecode="11540640895"><general><startdate>2025-06-29 10:04:13</startdate>
<round>1</round>
<failsafecounter/>
<players><player seat="3" name="Nsd404" chips="725" dealer="0" win="1,450" bet="725" muck="0" rebuy="0" addon="0" merge="0" rebuychips="0" reg_code="8394264131"/>
<player seat="6" name="oreiasccp" chips="775" dealer="1" win="0" bet="725" muck="1" rebuy="0" addon="0" merge="0" rebuychips="0" reg_code="8394264186"/>
</players>
</general>
<round no="0"><action no="1" player="oreiasccp" type="15" sum="5"/>
<action no="2" player="Nsd404" type="15" discard="1" dealt="1" sum="5"/>
<action no="3" player="oreiasccp" type="1" sum="15"/>
<action no="4" player="Nsd404" type="2" discard="1" dealt="1" sum="30"/>
</round>
<round no="1"><cards type="Pocket" player="Nsd404">D10 C10</cards>
<cards type="Pocket" player="oreiasccp">DK SA</cards>
<action no="5" player="oreiasccp" type="23" sum="60"/>
<action no="6" player="Nsd404" type="23" discard="1" dealt="1" sum="90"/>
<action no="7" player="oreiasccp" type="23" sum="720"/>
<action no="8" player="Nsd404" type="7" discard="1" dealt="1" sum="630"/>
</round>
<round no="2"><cards type="Flop">D2 S2 S7</cards>
</round>
<round no="3"><cards type="Turn">S5</cards>
</round>
<round no="4"><cards type="River">HQ</cards>
</round>
</game>
<game gamecode="11540640957"><general><startdate>2025-06-29 10:04:32</startdate>
<round>1</round>
<failsafecounter/>
<players><player seat="6" name="oreiasccp" chips="50" dealer="0" win="0" bet="50" muck="1" rebuy="0" addon="0" merge="0" rebuychips="0" reg_code="8394264186"/>
<player seat="3" name="Nsd404" chips="1,450" dealer="1" win="100" bet="65" muck="0" rebuy="0" addon="0" merge="0" rebuychips="0" reg_code="8394264131"/>
</players>
</general>
<round no="0"><action no="1" player="Nsd404" type="15" discard="1" dealt="1" sum="5"/>
<action no="2" player="oreiasccp" type="15" sum="5"/>
<action no="3" player="Nsd404" type="1" discard="1" dealt="1" sum="15"/>
<action no="4" player="oreiasccp" type="2" sum="30"/>
</round>
<round no="1"><cards type="Pocket" player="Nsd404">H10 C9</cards>
<cards type="Pocket" player="oreiasccp">DA D7</cards>
<action no="5" player="Nsd404" type="23" discard="1" dealt="1" sum="60"/>
<action no="6" player="oreiasccp" type="7" sum="15"/>
</round>
<round no="2"><cards type="Flop">H4 C5 S6</cards>
</round>
<round no="3"><cards type="Turn">C2</cards>
</round>
<round no="4"><cards type="River">S10</cards>
</round>
</game>
</session>
