<?xml version="1.0" encoding="UTF-8"?>
<session sessioncode="8394278614">
<general>
<client_version>25.1.1.13</client_version>
<mode>real</mode>
<gametype>Holdem NL</gametype>
<tablename>Twister €5 SNG, 1128853246</tablename>
<tournamentcode>1128853245</tournamentcode>
<tournamentname>Twister €5 SNG</tournamentname>
<buyin>€0 + €0.35 + €4.65</buyin>
<totalbuyin>€5</totalbuyin>
<rewarddrawn>€10</rewarddrawn>
<tournamentcurrency>EUR</tournamentcurrency>
<currency>EUR</currency>
<nickname>oreiasccp</nickname>
<gamecount>28</gamecount>
<startdate>2025-06-29 10:47:01</startdate>
<place>1</place>
<win>€10</win>
<tablesize>3</tablesize>
</general>
<game gamecode="11540680081"><general><startdate>2025-06-29 10:47:16</startdate>
<round>1</round>
<failsafecounter/>
<players><player seat="6" name="Obolonsky99" chips="500" dealer="0" win="0" bet="40" muck="1" rebuy="0" addon="0" merge="0" rebuychips="0" reg_code="8394278672"/>
<player seat="10" name="cosmicturnip" chips="500" dealer="1" win="90" bet="103" muck="1" rebuy="0" addon="0" merge="0" rebuychips="0" reg_code="8394278695"/>
<player seat="3" name="oreiasccp" chips="500" dealer="0" win="0" bet="10" muck="1" rebuy="0" addon="0" merge="0" rebuychips="0" reg_code="8394278614"/>
</players>
</general>
<round no="0"><action no="1" player="oreiasccp" type="1" sum="10"/>
<action no="2" player="Obolonsky99" type="2" discard="1" dealt="1" sum="20"/>
</round>
<round no="1"><cards type="Pocket" player="oreiasccp">D6 CJ</cards>
<cards type="Pocket" player="cosmicturnip">X X</cards>
<cards type="Pocket" player="Obolonsky99">X X</cards>
<action no="3" player="cosmicturnip" type="23" discard="1" dealt="1" sum="40"/>
<action no="4" player="oreiasccp" type="0" sum="0"/>
<action no="5" player="Obolonsky99" type="3" discard="1" dealt="1" sum="20"/>
</round>
<round no="2"><cards type="Flop">S7 DA CK</cards>
<action no="6" player="Obolonsky99" type="4" discard="1" dealt="1" sum="0"/>
<action no="7" player="cosmicturnip" type="5" discard="1" dealt="1" sum="63"/>
<action no="8" player="Obolonsky99" type="0" discard="1" dealt="1" sum="0"/>
</round>
</game>
<game gamecode="11540680195"><general><startdate>2025-06-29 10:47:42</startdate>
<round>1</round>
<failsafecounter/>
<players><player seat="10" name="cosmicturnip" chips="550" dealer="0" win="90" bet="140" muck="1" rebuy="0" addon="0" merge="0" rebuychips="0" reg_code="8394278695"/>
<player seat="3" name="oreiasccp" chips="490" dealer="1" win="0" bet="40" muck="1" rebuy="0" addon="0" merge="0" rebuychips="0" reg_code="8394278614"/>
<player seat="6" name="Obolonsky99" chips="460" dealer="0" win="0" bet="10" muck="1" rebuy="0" addon="0" merge="0" rebuychips="0" reg_code="8394278672"/>
</players>
</general>
<round no="0"><action no="1" player="Obolonsky99" type="1" discard="1" dealt="1" sum="10"/>
<action no="2" player="cosmicturnip" type="2" discard="1" dealt="1" sum="20"/>
</round>
<round no="1"><cards type="Pocket" player="oreiasccp">H4 DA</cards>
<cards type="Pocket" player="cosmicturnip">X X</cards>
<cards type="Pocket" player="Obolonsky99">X X</cards>
<action no="3" player="oreiasccp" type="23" sum="40"/>
<action no="4" player="Obolonsky99" type="0" discard="1" dealt="1" sum="0"/>
<action no="5" player="cosmicturnip" type="23" discard="1" dealt="1" sum="140"/>
<action no="6" player="oreiasccp" type="0" sum="0"/>
</round>
</game>
<game gamecode="11540680272"><general><startdate>2025-06-29 10:48:00</startdate>
<round>1</round>
<failsafecounter/>
<players><player seat="3" name="oreiasccp" chips="450" dealer="0" win="20" bet="20" muck="1" rebuy="0" addon="0" merge="0" rebuychips="0" reg_code="8394278614"/>
<player seat="6" name="Obolonsky99" chips="450" dealer="1" win="0" bet="0" muck="1" rebuy="0" addon="0" merge="0" rebuychips="0" reg_code="8394278672"/>
<player seat="10" name="cosmicturnip" chips="600" dealer="0" win="0" bet="10" muck="1" rebuy="0" addon="0" merge="0" rebuychips="0" reg_code="8394278695"/>
</players>
</general>
<round no="0"><action no="1" player="cosmicturnip" type="1" discard="1" dealt="1" sum="10"/>
<action no="2" player="oreiasccp" type="2" sum="20"/>
</round>
<round no="1"><cards type="Pocket" player="oreiasccp">D7 S2</cards>
<cards type="Pocket" player="Obolonsky99">X X</cards>
<cards type="Pocket" player="cosmicturnip">X X</cards>
<action no="3" player="Obolonsky99" type="0" discard="1" dealt="1" sum="0"/>
<action no="4" player="cosmicturnip" type="0" discard="1" dealt="1" sum="0"/>
</round>
</game>
<game gamecode="11540680341"><general><startdate>2025-06-29 10:48:17</startdate>
<round>1</round>
<failsafecounter/>
<players><player seat="6" name="Obolonsky99" chips="450" dealer="0" win="0" bet="20" muck="1" rebuy="0" addon="0" merge="0" rebuychips="0" reg_code="8394278672"/>
<player seat="10" name="cosmicturnip" chips="590" dealer="1" win="50" bet="55" muck="1" rebuy="0" addon="0" merge="0" rebuychips="0" reg_code="8394278695"/>
<player seat="3" name="oreiasccp" chips="460" dealer="0" win="0" bet="10" muck="1" rebuy="0" addon="0" merge="0" rebuychips="0" reg_code="8394278614"/>
</players>
</general>
<round no="0"><action no="1" player="oreiasccp" type="1" sum="10"/>
<action no="2" player="Obolonsky99" type="2" discard="1" dealt="1" sum="20"/>
</round>
<round no="1"><cards type="Pocket" player="cosmicturnip">X X</cards>
<cards type="Pocket" player="Obolonsky99">X X</cards>
<cards type="Pocket" player="oreiasccp">CJ D9</cards>
<action no="3" player="cosmicturnip" type="23" discard="1" dealt="1" sum="55"/>
<action no="4" player="oreiasccp" type="0" sum="0"/>
<action no="5" player="Obolonsky99" type="0" discard="1" dealt="1" sum="0"/>
</round>
</game>
<game gamecode="11540680391"><general><startdate>2025-06-29 10:48:29</startdate>
<round>1</round>
<failsafecounter/>
<players><player seat="10" name="cosmicturnip" chips="620" dealer="0" win="40" bet="40" muck="1" rebuy="0" addon="0" merge="0" rebuychips="0" reg_code="8394278695"/>
<player seat="3" name="oreiasccp" chips="450" dealer="1" win="0" bet="0" muck="1" rebuy="0" addon="0" merge="0" rebuychips="0" reg_code="8394278614"/>
<player seat="6" name="Obolonsky99" chips="430" dealer="0" win="0" bet="20" muck="1" rebuy="0" addon="0" merge="0" rebuychips="0" reg_code="8394278672"/>
</players>
</general>
<round no="0"><action no="1" player="Obolonsky99" type="1" discard="1" dealt="1" sum="10"/>
<action no="2" player="cosmicturnip" type="2" discard="1" dealt="1" sum="20"/>
</round>
<round no="1"><cards type="Pocket" player="oreiasccp">H3 D2</cards>
<cards type="Pocket" player="Obolonsky99">X X</cards>
<cards type="Pocket" player="cosmicturnip">X X</cards>
<action no="3" player="oreiasccp" type="0" sum="0"/>
<action no="4" player="Obolonsky99" type="3" discard="1" dealt="1" sum="10"/>
<action no="5" player="cosmicturnip" type="4" discard="1" dealt="1" sum="0"/>
</round>
<round no="2"><cards type="Flop">S3 CJ SK</cards>
<action no="6" player="Obolonsky99" type="4" discard="1" dealt="1" sum="0"/>
<action no="7" player="cosmicturnip" type="5" discard="1" dealt="1" sum="20"/>
<action no="8" player="Obolonsky99" type="0" discard="1" dealt="1" sum="0"/>
</round>
</game>
<game gamecode="11540680496"><general><startdate>2025-06-29 10:48:53</startdate>
<round>1</round>
<failsafecounter/>
<players><player seat="3" name="oreiasccp" chips="450" dealer="0" win="0" bet="40" muck="1" rebuy="0" addon="0" merge="0" rebuychips="0" reg_code="8394278614"/>
<player seat="6" name="Obolonsky99" chips="410" dealer="1" win="90" bet="62" muck="1" rebuy="0" addon="0" merge="0" rebuychips="0" reg_code="8394278672"/>
<player seat="10" name="cosmicturnip" chips="640" dealer="0" win="0" bet="10" muck="1" rebuy="0" addon="0" merge="0" rebuychips="0" reg_code="8394278695"/>
</players>
</general>
<round no="0"><action no="1" player="cosmicturnip" type="1" discard="1" dealt="1" sum="10"/>
<action no="2" player="oreiasccp" type="2" sum="20"/>
</round>
<round no="1"><cards type="Pocket" player="oreiasccp">S3 S4</cards>
<cards type="Pocket" player="cosmicturnip">X X</cards>
<cards type="Pocket" player="Obolonsky99">X X</cards>
<action no="3" player="Obolonsky99" type="23" discard="1" dealt="1" sum="40"/>
<action no="4" player="cosmicturnip" type="0" discard="1" dealt="1" sum="0"/>
<action no="5" player="oreiasccp" type="3" sum="20"/>
</round>
<round no="2"><cards type="Flop">H9 C2 DQ</cards>
<action no="6" player="oreiasccp" type="4" sum="0"/>
<action no="7" player="Obolonsky99" type="5" discard="1" dealt="1" sum="22"/>
<action no="8" player="oreiasccp" type="0" sum="0"/>
</round>
</game>
<game gamecode="11540680565"><general><startdate>2025-06-29 10:49:12</startdate>
<round>1</round>
<failsafecounter/>
<players><player seat="6" name="Obolonsky99" chips="460" dealer="0" win="0" bet="20" muck="1" rebuy="0" addon="0" merge="0" rebuychips="0" reg_code="8394278672"/>
<player seat="10" name="cosmicturnip" chips="630" dealer="1" win="50" bet="40" muck="1" rebuy="0" addon="0" merge="0" rebuychips="0" reg_code="8394278695"/>
<player seat="3" name="oreiasccp" chips="410" dealer="0" win="0" bet="10" muck="1" rebuy="0" addon="0" merge="0" rebuychips="0" reg_code="8394278614"/>
</players>
</general>
<round no="0"><action no="1" player="oreiasccp" type="1" sum="10"/>
<action no="2" player="Obolonsky99" type="2" discard="1" dealt="1" sum="20"/>
</round>
<round no="1"><cards type="Pocket" player="cosmicturnip">X X</cards>
<cards type="Pocket" player="Obolonsky99">X X</cards>
<cards type="Pocket" player="oreiasccp">C6 C4</cards>
<action no="3" player="cosmicturnip" type="23" discard="1" dealt="1" sum="40"/>
<action no="4" player="oreiasccp" type="0" sum="0"/>
<action no="5" player="Obolonsky99" type="0" discard="1" dealt="1" sum="0"/>
</round>
</game>
<game gamecode="11540680646"><general><startdate>2025-06-29 10:49:32</startdate>
<round>1</round>
<failsafecounter/>
<players><player seat="10" name="cosmicturnip" chips="660" dealer="0" win="0" bet="35" muck="1" rebuy="0" addon="0" merge="0" rebuychips="0" reg_code="8394278695"/>
<player seat="3" name="oreiasccp" chips="400" dealer="1" win="90" bet="400" muck="1" rebuy="0" addon="0" merge="0" rebuychips="0" reg_code="8394278614"/>
<player seat="6" name="Obolonsky99" chips="440" dealer="0" win="0" bet="20" muck="1" rebuy="0" addon="0" merge="0" rebuychips="0" reg_code="8394278672"/>
</players>
</general>
<round no="0"><action no="1" player="Obolonsky99" type="15" discard="1" dealt="1" sum="5"/>
<action no="2" player="cosmicturnip" type="15" discard="1" dealt="1" sum="5"/>
<action no="3" player="oreiasccp" type="15" sum="5"/>
<action no="4" player="Obolonsky99" type="1" discard="1" dealt="1" sum="15"/>
<action no="5" player="cosmicturnip" type="2" discard="1" dealt="1" sum="30"/>
</round>
<round no="1"><cards type="Pocket" player="cosmicturnip">X X</cards>
<cards type="Pocket" player="Obolonsky99">X X</cards>
<cards type="Pocket" player="oreiasccp">HA H6</cards>
<action no="6" player="oreiasccp" type="23" sum="395"/>
<action no="7" player="Obolonsky99" type="0" discard="1" dealt="1" sum="0"/>
<action no="8" player="cosmicturnip" type="0" discard="1" dealt="1" sum="0"/>
</round>
</game>
<game gamecode="11540680699"><general><startdate>2025-06-29 10:49:43</startdate>
<round>1</round>
<failsafecounter/>
<players><player seat="3" name="oreiasccp" chips="455" dealer="0" win="0" bet="35" muck="1" rebuy="0" addon="0" merge="0" rebuychips="0" reg_code="8394278614"/>
<player seat="6" name="Obolonsky99" chips="420" dealer="1" win="90" bet="420" muck="1" rebuy="0" addon="0" merge="0" rebuychips="0" reg_code="8394278672"/>
<player seat="10" name="cosmicturnip" chips="625" dealer="0" win="0" bet="20" muck="1" rebuy="0" addon="0" merge="0" rebuychips="0" reg_code="8394278695"/>
</players>
</general>
<round no="0"><action no="1" player="cosmicturnip" type="15" discard="1" dealt="1" sum="5"/>
<action no="2" player="oreiasccp" type="15" sum="5"/>
<action no="3" player="Obolonsky99" type="15" discard="1" dealt="1" sum="5"/>
<action no="4" player="cosmicturnip" type="1" discard="1" dealt="1" sum="15"/>
<action no="5" player="oreiasccp" type="2" sum="30"/>
</round>
<round no="1"><cards type="Pocket" player="Obolonsky99">X X</cards>
<cards type="Pocket" player="cosmicturnip">X X</cards>
<cards type="Pocket" player="oreiasccp">SK C9</cards>
<action no="6" player="Obolonsky99" type="23" discard="1" dealt="1" sum="415"/>
<action no="7" player="cosmicturnip" type="0" discard="1" dealt="1" sum="0"/>
<action no="8" player="oreiasccp" type="0" sum="0"/>
</round>
</game>
<game gamecode="11540680762"><general><startdate>2025-06-29 10:49:58</startdate>
<round>1</round>
<failsafecounter/>
<players><player seat="6" name="Obolonsky99" chips="475" dealer="0" win="0" bet="35" muck="1" rebuy="0" addon="0" merge="0" rebuychips="0" reg_code="8394278672"/>
<player seat="10" name="cosmicturnip" chips="605" dealer="1" win="0" bet="65" muck="1" rebuy="0" addon="0" merge="0" rebuychips="0" reg_code="8394278695"/>
<player seat="3" name="oreiasccp" chips="420" dealer="0" win="165" bet="420" muck="1" rebuy="0" addon="0" merge="0" rebuychips="0" reg_code="8394278614"/>
</players>
</general>
<round no="0"><action no="1" player="oreiasccp" type="15" sum="5"/>
<action no="2" player="Obolonsky99" type="15" discard="1" dealt="1" sum="5"/>
<action no="3" player="cosmicturnip" type="15" discard="1" dealt="1" sum="5"/>
<action no="4" player="oreiasccp" type="1" sum="15"/>
<action no="5" player="Obolonsky99" type="2" discard="1" dealt="1" sum="30"/>
</round>
<round no="1"><cards type="Pocket" player="Obolonsky99">X X</cards>
<cards type="Pocket" player="cosmicturnip">X X</cards>
<cards type="Pocket" player="oreiasccp">HA D7</cards>
<action no="6" player="cosmicturnip" type="23" discard="1" dealt="1" sum="60"/>
<action no="7" player="oreiasccp" type="23" sum="415"/>
<action no="8" player="Obolonsky99" type="0" discard="1" dealt="1" sum="0"/>
<action no="9" player="cosmicturnip" type="0" discard="1" dealt="1" sum="0"/>
</round>
</game>
<game gamecode="11540680876"><general><startdate>2025-06-29 10:50:25</startdate>
<round>1</round>
<failsafecounter/>
<players><player seat="10" name="cosmicturnip" chips="540" dealer="0" win="0" bet="35" muck="1" rebuy="0" addon="0" merge="0" rebuychips="0" reg_code="8394278695"/>
<player seat="3" name="oreiasccp" chips="520" dealer="1" win="0" bet="5" muck="1" rebuy="0" addon="0" merge="0" rebuychips="0" reg_code="8394278614"/>
<player seat="6" name="Obolonsky99" chips="440" dealer="0" win="75" bet="440" muck="1" rebuy="0" addon="0" merge="0" rebuychips="0" reg_code="8394278672"/>
</players>
</general>
<round no="0"><action no="1" player="Obolonsky99" type="15" discard="1" dealt="1" sum="5"/>
<action no="2" player="cosmicturnip" type="15" discard="1" dealt="1" sum="5"/>
<action no="3" player="oreiasccp" type="15" sum="5"/>
<action no="4" player="Obolonsky99" type="1" discard="1" dealt="1" sum="15"/>
<action no="5" player="cosmicturnip" type="2" discard="1" dealt="1" sum="30"/>
</round>
<round no="1"><cards type="Pocket" player="Obolonsky99">X X</cards>
<cards type="Pocket" player="cosmicturnip">X X</cards>
<cards type="Pocket" player="oreiasccp">D3 S2</cards>
<action no="6" player="oreiasccp" type="0" sum="0"/>
<action no="7" player="Obolonsky99" type="23" discard="1" dealt="1" sum="435"/>
<action no="8" player="cosmicturnip" type="0" discard="1" dealt="1" sum="0"/>
</round>
</game>
<game gamecode="11540680928"><general><startdate>2025-06-29 10:50:40</startdate>
<round>1</round>
<failsafecounter/>
<players><player seat="3" name="oreiasccp" chips="515" dealer="0" win="0" bet="192" muck="1" rebuy="0" addon="0" merge="0" rebuychips="0" reg_code="8394278614"/>
<player seat="6" name="Obolonsky99" chips="480" dealer="1" win="0" bet="5" muck="1" rebuy="0" addon="0" merge="0" rebuychips="0" reg_code="8394278672"/>
<player seat="10" name="cosmicturnip" chips="505" dealer="0" win="389" bet="192" muck="0" rebuy="0" addon="0" merge="0" rebuychips="0" reg_code="8394278695"/>
</players>
</general>
<round no="0"><action no="1" player="cosmicturnip" type="15" discard="1" dealt="1" sum="5"/>
<action no="2" player="oreiasccp" type="15" sum="5"/>
<action no="3" player="Obolonsky99" type="15" discard="1" dealt="1" sum="5"/>
<action no="4" player="cosmicturnip" type="1" discard="1" dealt="1" sum="15"/>
<action no="5" player="oreiasccp" type="2" sum="30"/>
</round>
<round no="1"><cards type="Pocket" player="Obolonsky99">X X</cards>
<cards type="Pocket" player="cosmicturnip">D10 DQ</cards>
<cards type="Pocket" player="oreiasccp">D4 C6</cards>
<action no="6" player="Obolonsky99" type="0" discard="1" dealt="1" sum="0"/>
<action no="7" player="cosmicturnip" type="23" discard="1" dealt="1" sum="60"/>
<action no="8" player="oreiasccp" type="3" sum="30"/>
</round>
<round no="2"><cards type="Flop">S6 DA C8</cards>
<action no="9" player="cosmicturnip" type="5" discard="1" dealt="1" sum="67"/>
<action no="10" player="oreiasccp" type="3" sum="67"/>
</round>
<round no="3"><cards type="Turn">CQ</cards>
<action no="11" player="cosmicturnip" type="5" discard="1" dealt="1" sum="60"/>
<action no="12" player="oreiasccp" type="3" sum="60"/>
</round>
<round no="4"><cards type="River">C5</cards>
<action no="13" player="cosmicturnip" type="4" discard="1" dealt="1" sum="0"/>
<action no="14" player="oreiasccp" type="4" sum="0"/>
</round>
</game>
<game gamecode="11540681064"><general><startdate>2025-06-29 10:51:10</startdate>
<round>1</round>
<failsafecounter/>
<players><player seat="6" name="Obolonsky99" chips="475" dealer="0" win="0" bet="35" muck="1" rebuy="0" addon="0" merge="0" rebuychips="0" reg_code="8394278672"/>
<player seat="10" name="cosmicturnip" chips="702" dealer="1" win="90" bet="65" muck="1" rebuy="0" addon="0" merge="0" rebuychips="0" reg_code="8394278695"/>
<player seat="3" name="oreiasccp" chips="323" dealer="0" win="0" bet="20" muck="1" rebuy="0" addon="0" merge="0" rebuychips="0" reg_code="8394278614"/>
</players>
</general>
<round no="0"><action no="1" player="oreiasccp" type="15" sum="5"/>
<action no="2" player="Obolonsky99" type="15" discard="1" dealt="1" sum="5"/>
<action no="3" player="cosmicturnip" type="15" discard="1" dealt="1" sum="5"/>
<action no="4" player="oreiasccp" type="1" sum="15"/>
<action no="5" player="Obolonsky99" type="2" discard="1" dealt="1" sum="30"/>
</round>
<round no="1"><cards type="Pocket" player="oreiasccp">DQ H3</cards>
<cards type="Pocket" player="Obolonsky99">X X</cards>
<cards type="Pocket" player="cosmicturnip">X X</cards>
<action no="6" player="cosmicturnip" type="23" discard="1" dealt="1" sum="60"/>
<action no="7" player="oreiasccp" type="0" sum="0"/>
<action no="8" player="Obolonsky99" type="0" discard="1" dealt="1" sum="0"/>
</round>
</game>
<game gamecode="11540681091"><general><startdate>2025-06-29 10:51:18</startdate>
<round>1</round>
<failsafecounter/>
<players><player seat="10" name="cosmicturnip" chips="757" dealer="0" win="55" bet="45" muck="1" rebuy="0" addon="0" merge="0" rebuychips="0" reg_code="8394278695"/>
<player seat="3" name="oreiasccp" chips="303" dealer="1" win="0" bet="5" muck="1" rebuy="0" addon="0" merge="0" rebuychips="0" reg_code="8394278614"/>
<player seat="6" name="Obolonsky99" chips="440" dealer="0" win="0" bet="25" muck="1" rebuy="0" addon="0" merge="0" rebuychips="0" reg_code="8394278672"/>
</players>
</general>
<round no="0"><action no="1" player="Obolonsky99" type="15" discard="1" dealt="1" sum="5"/>
<action no="2" player="cosmicturnip" type="15" discard="1" dealt="1" sum="5"/>
<action no="3" player="oreiasccp" type="15" sum="5"/>
<action no="4" player="Obolonsky99" type="1" discard="1" dealt="1" sum="20"/>
<action no="5" player="cosmicturnip" type="2" discard="1" dealt="1" sum="40"/>
</round>
<round no="1"><cards type="Pocket" player="oreiasccp">D9 S5</cards>
<cards type="Pocket" player="cosmicturnip">X X</cards>
<cards type="Pocket" player="Obolonsky99">X X</cards>
<action no="6" player="oreiasccp" type="0" sum="0"/>
<action no="7" player="Obolonsky99" type="0" discard="1" dealt="1" sum="0"/>
</round>
</game>
<game gamecode="11540681127"><general><startdate>2025-06-29 10:51:26</startdate>
<round>1</round>
<failsafecounter/>
<players><player seat="3" name="oreiasccp" chips="298" dealer="0" win="55" bet="45" muck="1" rebuy="0" addon="0" merge="0" rebuychips="0" reg_code="8394278614"/>
<player seat="6" name="Obolonsky99" chips="415" dealer="1" win="0" bet="5" muck="1" rebuy="0" addon="0" merge="0" rebuychips="0" reg_code="8394278672"/>
<player seat="10" name="cosmicturnip" chips="787" dealer="0" win="0" bet="25" muck="1" rebuy="0" addon="0" merge="0" rebuychips="0" reg_code="8394278695"/>
</players>
</general>
<round no="0"><action no="1" player="cosmicturnip" type="15" discard="1" dealt="1" sum="5"/>
<action no="2" player="oreiasccp" type="15" sum="5"/>
<action no="3" player="Obolonsky99" type="15" discard="1" dealt="1" sum="5"/>
<action no="4" player="cosmicturnip" type="1" discard="1" dealt="1" sum="20"/>
<action no="5" player="oreiasccp" type="2" sum="40"/>
</round>
<round no="1"><cards type="Pocket" player="Obolonsky99">X X</cards>
<cards type="Pocket" player="cosmicturnip">X X</cards>
<cards type="Pocket" player="oreiasccp">CA CQ</cards>
<action no="6" player="Obolonsky99" type="0" discard="1" dealt="1" sum="0"/>
<action no="7" player="cosmicturnip" type="0" discard="1" dealt="1" sum="0"/>
</round>
</game>
<game gamecode="11540681173"><general><startdate>2025-06-29 10:51:36</startdate>
<round>1</round>
<failsafecounter/>
<players><player seat="6" name="Obolonsky99" chips="410" dealer="0" win="0" bet="45" muck="1" rebuy="0" addon="0" merge="0" rebuychips="0" reg_code="8394278672"/>
<player seat="10" name="cosmicturnip" chips="762" dealer="1" win="115" bet="85" muck="1" rebuy="0" addon="0" merge="0" rebuychips="0" reg_code="8394278695"/>
<player seat="3" name="oreiasccp" chips="328" dealer="0" win="0" bet="25" muck="1" rebuy="0" addon="0" merge="0" rebuychips="0" reg_code="8394278614"/>
</players>
</general>
<round no="0"><action no="1" player="oreiasccp" type="15" sum="5"/>
<action no="2" player="Obolonsky99" type="15" discard="1" dealt="1" sum="5"/>
<action no="3" player="cosmicturnip" type="15" discard="1" dealt="1" sum="5"/>
<action no="4" player="oreiasccp" type="1" sum="20"/>
<action no="5" player="Obolonsky99" type="2" discard="1" dealt="1" sum="40"/>
</round>
<round no="1"><cards type="Pocket" player="cosmicturnip">X X</cards>
<cards type="Pocket" player="Obolonsky99">X X</cards>
<cards type="Pocket" player="oreiasccp">C9 SK</cards>
<action no="6" player="cosmicturnip" type="23" discard="1" dealt="1" sum="80"/>
<action no="7" player="oreiasccp" type="0" sum="0"/>
<action no="8" player="Obolonsky99" type="0" discard="1" dealt="1" sum="0"/>
</round>
</game>
<game gamecode="11540681217"><general><startdate>2025-06-29 10:51:46</startdate>
<round>1</round>
<failsafecounter/>
<players><player seat="10" name="cosmicturnip" chips="832" dealer="0" win="0" bet="45" muck="1" rebuy="0" addon="0" merge="0" rebuychips="0" reg_code="8394278695"/>
<player seat="3" name="oreiasccp" chips="303" dealer="1" win="115" bet="303" muck="1" rebuy="0" addon="0" merge="0" rebuychips="0" reg_code="8394278614"/>
<player seat="6" name="Obolonsky99" chips="365" dealer="0" win="0" bet="25" muck="1" rebuy="0" addon="0" merge="0" rebuychips="0" reg_code="8394278672"/>
</players>
</general>
<round no="0"><action no="1" player="Obolonsky99" type="15" discard="1" dealt="1" sum="5"/>
<action no="2" player="cosmicturnip" type="15" discard="1" dealt="1" sum="5"/>
<action no="3" player="oreiasccp" type="15" sum="5"/>
<action no="4" player="Obolonsky99" type="1" discard="1" dealt="1" sum="20"/>
<action no="5" player="cosmicturnip" type="2" discard="1" dealt="1" sum="40"/>
</round>
<round no="1"><cards type="Pocket" player="cosmicturnip">X X</cards>
<cards type="Pocket" player="Obolonsky99">X X</cards>
<cards type="Pocket" player="oreiasccp">DK CQ</cards>
<action no="6" player="oreiasccp" type="23" sum="298"/>
<action no="7" player="Obolonsky99" type="0" discard="1" dealt="1" sum="0"/>
<action no="8" player="cosmicturnip" type="0" discard="1" dealt="1" sum="0"/>
</round>
</game>
<game gamecode="11540681256"><general><startdate>2025-06-29 10:51:56</startdate>
<round>1</round>
<failsafecounter/>
<players><player seat="3" name="oreiasccp" chips="373" dealer="0" win="0" bet="45" muck="1" rebuy="0" addon="0" merge="0" rebuychips="0" reg_code="8394278614"/>
<player seat="6" name="Obolonsky99" chips="340" dealer="1" win="0" bet="5" muck="1" rebuy="0" addon="0" merge="0" rebuychips="0" reg_code="8394278672"/>
<player seat="10" name="cosmicturnip" chips="787" dealer="0" win="95" bet="85" muck="1" rebuy="0" addon="0" merge="0" rebuychips="0" reg_code="8394278695"/>
</players>
</general>
<round no="0"><action no="1" player="cosmicturnip" type="15" discard="1" dealt="1" sum="5"/>
<action no="2" player="oreiasccp" type="15" sum="5"/>
<action no="3" player="Obolonsky99" type="15" discard="1" dealt="1" sum="5"/>
<action no="4" player="cosmicturnip" type="1" discard="1" dealt="1" sum="20"/>
<action no="5" player="oreiasccp" type="2" sum="40"/>
</round>
<round no="1"><cards type="Pocket" player="Obolonsky99">X X</cards>
<cards type="Pocket" player="cosmicturnip">X X</cards>
<cards type="Pocket" player="oreiasccp">CJ D2</cards>
<action no="6" player="Obolonsky99" type="0" discard="1" dealt="1" sum="0"/>
<action no="7" player="cosmicturnip" type="3" discard="1" dealt="1" sum="20"/>
<action no="8" player="oreiasccp" type="4" sum="0"/>
</round>
<round no="2"><cards type="Flop">D5 C5 S5</cards>
<action no="9" player="cosmicturnip" type="4" discard="1" dealt="1" sum="0"/>
<action no="10" player="oreiasccp" type="4" sum="0"/>
</round>
<round no="3"><cards type="Turn">S8</cards>
<action no="11" player="cosmicturnip" type="5" discard="1" dealt="1" sum="40"/>
<action no="12" player="oreiasccp" type="0" sum="0"/>
</round>
</game>
<game gamecode="11540681367"><general><startdate>2025-06-29 10:52:23</startdate>
<round>1</round>
<failsafecounter/>
<players><player seat="6" name="Obolonsky99" chips="335" dealer="0" win="195" bet="335" muck="1" rebuy="0" addon="0" merge="0" rebuychips="0" reg_code="8394278672"/>
<player seat="10" name="cosmicturnip" chips="837" dealer="1" win="0" bet="85" muck="1" rebuy="0" addon="0" merge="0" rebuychips="0" reg_code="8394278695"/>
<player seat="3" name="oreiasccp" chips="328" dealer="0" win="0" bet="25" muck="1" rebuy="0" addon="0" merge="0" rebuychips="0" reg_code="8394278614"/>
</players>
</general>
<round no="0"><action no="1" player="oreiasccp" type="15" sum="5"/>
<action no="2" player="Obolonsky99" type="15" discard="1" dealt="1" sum="5"/>
<action no="3" player="cosmicturnip" type="15" discard="1" dealt="1" sum="5"/>
<action no="4" player="oreiasccp" type="1" sum="20"/>
<action no="5" player="Obolonsky99" type="2" discard="1" dealt="1" sum="40"/>
</round>
<round no="1"><cards type="Pocket" player="Obolonsky99">X X</cards>
<cards type="Pocket" player="cosmicturnip">X X</cards>
<cards type="Pocket" player="oreiasccp">C7 C3</cards>
<action no="6" player="cosmicturnip" type="23" discard="1" dealt="1" sum="80"/>
<action no="7" player="oreiasccp" type="0" sum="0"/>
<action no="8" player="Obolonsky99" type="23" discard="1" dealt="1" sum="330"/>
<action no="9" player="cosmicturnip" type="0" discard="1" dealt="1" sum="0"/>
</round>
</game>
<game gamecode="11540685906"><general><startdate>2025-06-29 10:52:48</startdate>
<round>1</round>
<failsafecounter/>
<players><player seat="10" name="cosmicturnip" chips="752" dealer="0" win="0" bet="45" muck="1" rebuy="0" addon="0" merge="0" rebuychips="0" reg_code="8394278695"/>
<player seat="3" name="oreiasccp" chips="303" dealer="1" win="651" bet="303" muck="0" rebuy="0" addon="0" merge="0" rebuychips="0" reg_code="8394278614"/>
<player seat="6" name="Obolonsky99" chips="445" dealer="0" win="0" bet="445" muck="1" rebuy="0" addon="0" merge="0" rebuychips="0" reg_code="8394278672"/>
</players>
</general>
<round no="0"><action no="1" player="Obolonsky99" type="15" discard="1" dealt="1" sum="5"/>
<action no="2" player="cosmicturnip" type="15" discard="1" dealt="1" sum="5"/>
<action no="3" player="oreiasccp" type="15" sum="5"/>
<action no="4" player="Obolonsky99" type="1" discard="1" dealt="1" sum="20"/>
<action no="5" player="cosmicturnip" type="2" discard="1" dealt="1" sum="40"/>
</round>
<round no="1"><cards type="Pocket" player="Obolonsky99">H3 C3</cards>
<cards type="Pocket" player="cosmicturnip">X X</cards>
<cards type="Pocket" player="oreiasccp">HK DJ</cards>
<action no="6" player="oreiasccp" type="23" sum="298"/>
<action no="7" player="Obolonsky99" type="7" discard="1" dealt="1" sum="420"/>
<action no="8" player="cosmicturnip" type="0" discard="1" dealt="1" sum="0"/>
</round>
<round no="2"><cards type="Flop">H2 D2 H4</cards>
</round>
<round no="3"><cards type="Turn">S10</cards>
</round>
<round no="4"><cards type="River">SK</cards>
</round>
</game>
<game gamecode="11540685979"><general><startdate>2025-06-29 10:53:07</startdate>
<round>1</round>
<failsafecounter/>
<players><player seat="3" name="oreiasccp" chips="651" dealer="0" win="0" bet="142" muck="1" rebuy="0" addon="0" merge="0" rebuychips="0" reg_code="8394278614"/>
<player seat="6" name="Obolonsky99" chips="142" dealer="1" win="309" bet="142" muck="0" rebuy="0" addon="0" merge="0" rebuychips="0" reg_code="8394278672"/>
<player seat="10" name="cosmicturnip" chips="707" dealer="0" win="0" bet="25" muck="1" rebuy="0" addon="0" merge="0" rebuychips="0" reg_code="8394278695"/>
</players>
</general>
<round no="0"><action no="1" player="cosmicturnip" type="15" discard="1" dealt="1" sum="5"/>
<action no="2" player="oreiasccp" type="15" sum="5"/>
<action no="3" player="Obolonsky99" type="15" discard="1" dealt="1" sum="5"/>
<action no="4" player="cosmicturnip" type="1" discard="1" dealt="1" sum="20"/>
<action no="5" player="oreiasccp" type="2" sum="40"/>
</round>
<round no="1"><cards type="Pocket" player="Obolonsky99">DA SA</cards>
<cards type="Pocket" player="cosmicturnip">X X</cards>
<cards type="Pocket" player="oreiasccp">DK S9</cards>
<action no="6" player="Obolonsky99" type="23" discard="1" dealt="1" sum="80"/>
<action no="7" player="cosmicturnip" type="0" discard="1" dealt="1" sum="0"/>
<action no="8" player="oreiasccp" type="3" sum="40"/>
</round>
<round no="2"><cards type="Flop">H3 CJ S8</cards>
<action no="9" player="oreiasccp" type="4" sum="0"/>
<action no="10" player="Obolonsky99" type="5" discard="1" dealt="1" sum="57"/>
<action no="11" player="oreiasccp" type="3" sum="57"/>
</round>
<round no="3"><cards type="Turn">SQ</cards>
</round>
<round no="4"><cards type="River">D3</cards>
</round>
</game>
<game gamecode="11540686083"><general><startdate>2025-06-29 10:53:31</startdate>
<round>1</round>
<failsafecounter/>
<players><player seat="6" name="Obolonsky99" chips="309" dealer="0" win="0" bet="65" muck="1" rebuy="0" addon="0" merge="0" rebuychips="0" reg_code="8394278672"/>
<player seat="10" name="cosmicturnip" chips="682" dealer="1" win="0" bet="5" muck="1" rebuy="0" addon="0" merge="0" rebuychips="0" reg_code="8394278695"/>
<player seat="3" name="oreiasccp" chips="509" dealer="0" win="135" bet="309" muck="1" rebuy="0" addon="0" merge="0" rebuychips="0" reg_code="8394278614"/>
</players>
</general>
<round no="0"><action no="1" player="oreiasccp" type="15" sum="5"/>
<action no="2" player="Obolonsky99" type="15" discard="1" dealt="1" sum="5"/>
<action no="3" player="cosmicturnip" type="15" discard="1" dealt="1" sum="5"/>
<action no="4" player="oreiasccp" type="1" sum="30"/>
<action no="5" player="Obolonsky99" type="2" discard="1" dealt="1" sum="60"/>
</round>
<round no="1"><cards type="Pocket" player="cosmicturnip">X X</cards>
<cards type="Pocket" player="oreiasccp">S8 SK</cards>
<cards type="Pocket" player="Obolonsky99">X X</cards>
<action no="6" player="cosmicturnip" type="0" discard="1" dealt="1" sum="0"/>
<action no="7" player="oreiasccp" type="23" sum="304"/>
<action no="8" player="Obolonsky99" type="0" discard="1" dealt="1" sum="0"/>
</round>
</game>
<game gamecode="11540686160"><general><startdate>2025-06-29 10:53:53</startdate>
<round>1</round>
<failsafecounter/>
<players><player seat="10" name="cosmicturnip" chips="677" dealer="0" win="0" bet="65" muck="1" rebuy="0" addon="0" merge="0" rebuychips="0" reg_code="8394278695"/>
<player seat="3" name="oreiasccp" chips="579" dealer="1" win="0" bet="5" muck="1" rebuy="0" addon="0" merge="0" rebuychips="0" reg_code="8394278614"/>
<player seat="6" name="Obolonsky99" chips="244" dealer="0" win="135" bet="244" muck="1" rebuy="0" addon="0" merge="0" rebuychips="0" reg_code="8394278672"/>
</players>
</general>
<round no="0"><action no="1" player="Obolonsky99" type="15" discard="1" dealt="1" sum="5"/>
<action no="2" player="cosmicturnip" type="15" discard="1" dealt="1" sum="5"/>
<action no="3" player="oreiasccp" type="15" sum="5"/>
<action no="4" player="Obolonsky99" type="1" discard="1" dealt="1" sum="30"/>
<action no="5" player="cosmicturnip" type="2" discard="1" dealt="1" sum="60"/>
</round>
<round no="1"><cards type="Pocket" player="oreiasccp">S6 S8</cards>
<cards type="Pocket" player="Obolonsky99">X X</cards>
<cards type="Pocket" player="cosmicturnip">X X</cards>
<action no="6" player="oreiasccp" type="0" sum="0"/>
<action no="7" player="Obolonsky99" type="23" discard="1" dealt="1" sum="239"/>
<action no="8" player="cosmicturnip" type="0" discard="1" dealt="1" sum="0"/>
</round>
</game>
<game gamecode="11540686213"><general><startdate>2025-06-29 10:54:09</startdate>
<round>1</round>
<failsafecounter/>
<players><player seat="3" name="oreiasccp" chips="574" dealer="0" win="135" bet="574" muck="1" rebuy="0" addon="0" merge="0" rebuychips="0" reg_code="8394278614"/>
<player seat="6" name="Obolonsky99" chips="314" dealer="1" win="0" bet="5" muck="1" rebuy="0" addon="0" merge="0" rebuychips="0" reg_code="8394278672"/>
<player seat="10" name="cosmicturnip" chips="612" dealer="0" win="0" bet="65" muck="1" rebuy="0" addon="0" merge="0" rebuychips="0" reg_code="8394278695"/>
</players>
</general>
<round no="0"><action no="1" player="cosmicturnip" type="15" discard="1" dealt="1" sum="5"/>
<action no="2" player="oreiasccp" type="15" sum="5"/>
<action no="3" player="Obolonsky99" type="15" discard="1" dealt="1" sum="5"/>
<action no="4" player="cosmicturnip" type="1" discard="1" dealt="1" sum="30"/>
<action no="5" player="oreiasccp" type="2" sum="60"/>
</round>
<round no="1"><cards type="Pocket" player="Obolonsky99">X X</cards>
<cards type="Pocket" player="cosmicturnip">X X</cards>
<cards type="Pocket" player="oreiasccp">C8 HA</cards>
<action no="6" player="Obolonsky99" type="0" discard="1" dealt="1" sum="0"/>
<action no="7" player="cosmicturnip" type="3" discard="1" dealt="1" sum="30"/>
<action no="8" player="oreiasccp" type="23" sum="569"/>
<action no="9" player="cosmicturnip" type="0" discard="1" dealt="1" sum="0"/>
</round>
</game>
<game gamecode="11540686308"><general><startdate>2025-06-29 10:54:33</startdate>
<round>1</round>
<failsafecounter/>
<players><player seat="6" name="Obolonsky99" chips="309" dealer="0" win="0" bet="309" muck="1" rebuy="0" addon="0" merge="0" rebuychips="0" reg_code="8394278672"/>
<player seat="10" name="cosmicturnip" chips="547" dealer="1" win="0" bet="5" muck="1" rebuy="0" addon="0" merge="0" rebuychips="0" reg_code="8394278695"/>
<player seat="3" name="oreiasccp" chips="644" dealer="0" win="623" bet="309" muck="0" rebuy="0" addon="0" merge="0" rebuychips="0" reg_code="8394278614"/>
</players>
</general>
<round no="0"><action no="1" player="oreiasccp" type="15" sum="5"/>
<action no="2" player="Obolonsky99" type="15" discard="1" dealt="1" sum="5"/>
<action no="3" player="cosmicturnip" type="15" discard="1" dealt="1" sum="5"/>
<action no="4" player="oreiasccp" type="1" sum="30"/>
<action no="5" player="Obolonsky99" type="2" discard="1" dealt="1" sum="60"/>
</round>
<round no="1"><cards type="Pocket" player="Obolonsky99">C2 SK</cards>
<cards type="Pocket" player="cosmicturnip">X X</cards>
<cards type="Pocket" player="oreiasccp">D7 S9</cards>
<action no="6" player="cosmicturnip" type="0" discard="1" dealt="1" sum="0"/>
<action no="7" player="oreiasccp" type="23" sum="304"/>
<action no="8" player="Obolonsky99" type="7" discard="1" dealt="1" sum="244"/>
</round>
<round no="2"><cards type="Flop">CK CJ S8</cards>
</round>
<round no="3"><cards type="Turn">D9</cards>
</round>
<round no="4"><cards type="River">D10</cards>
</round>
</game>
<game gamecode="11540686427"><general><startdate>2025-06-29 10:55:05</startdate>
<round>1</round>
<failsafecounter/>
<players><player seat="10" name="cosmicturnip" chips="542" dealer="0" win="70" bet="65" muck="1" rebuy="0" addon="0" merge="0" rebuychips="0" reg_code="8394278695"/>
<player seat="3" name="oreiasccp" chips="958" dealer="1" win="0" bet="35" muck="1" rebuy="0" addon="0" merge="0" rebuychips="0" reg_code="8394278614"/>
</players>
</general>
<round no="0"><action no="1" player="oreiasccp" type="15" sum="5"/>
<action no="2" player="cosmicturnip" type="15" discard="1" dealt="1" sum="5"/>
<action no="3" player="oreiasccp" type="1" sum="30"/>
<action no="4" player="cosmicturnip" type="2" discard="1" dealt="1" sum="60"/>
</round>
<round no="1"><cards type="Pocket" player="oreiasccp">D3 S5</cards>
<cards type="Pocket" player="cosmicturnip">X X</cards>
<action no="5" player="oreiasccp" type="0" sum="0"/>
</round>
</game>
<game gamecode="11540686444"><general><startdate>2025-06-29 10:55:10</startdate>
<round>1</round>
<failsafecounter/>
<players><player seat="3" name="oreiasccp" chips="923" dealer="0" win="70" bet="65" muck="1" rebuy="0" addon="0" merge="0" rebuychips="0" reg_code="8394278614"/>
<player seat="10" name="cosmicturnip" chips="577" dealer="1" win="0" bet="35" muck="1" rebuy="0" addon="0" merge="0" rebuychips="0" reg_code="8394278695"/>
</players>
</general>
<round no="0"><action no="1" player="cosmicturnip" type="15" discard="1" dealt="1" sum="5"/>
<action no="2" player="oreiasccp" type="15" sum="5"/>
<action no="3" player="cosmicturnip" type="1" discard="1" dealt="1" sum="30"/>
<action no="4" player="oreiasccp" type="2" sum="60"/>
</round>
<round no="1"><cards type="Pocket" player="oreiasccp">C4 H2</cards>
<cards type="Pocket" player="cosmicturnip">X X</cards>
<action no="5" player="cosmicturnip" type="0" discard="1" dealt="1" sum="0"/>
</round>
</game>
<game gamecode="11540686470"><general><startdate>2025-06-29 10:55:16</startdate>
<round>1</round>
<failsafecounter/>
<players><player seat="10" name="cosmicturnip" chips="542" dealer="0" win="0" bet="542" muck="1" rebuy="0" addon="0" merge="0" rebuychips="0" reg_code="8394278695"/>
<player seat="3" name="oreiasccp" chips="958" dealer="1" win="1,084" bet="542" muck="0" rebuy="0" addon="0" merge="0" rebuychips="0" reg_code="8394278614"/>
</players>
</general>
<round no="0"><action no="1" player="oreiasccp" type="15" sum="8"/>
<action no="2" player="cosmicturnip" type="15" discard="1" dealt="1" sum="8"/>
<action no="3" player="oreiasccp" type="1" sum="40"/>
<action no="4" player="cosmicturnip" type="2" discard="1" dealt="1" sum="80"/>
</round>
<round no="1"><cards type="Pocket" player="cosmicturnip">DQ SJ</cards>
<cards type="Pocket" player="oreiasccp">DJ HK</cards>
<action no="5" player="oreiasccp" type="23" sum="534"/>
<action no="6" player="cosmicturnip" type="7" discard="1" dealt="1" sum="454"/>
</round>
<round no="2"><cards type="Flop">D7 D5 H7</cards>
</round>
<round no="3"><cards type="Turn">C7</cards>
</round>
<round no="4"><cards type="River">C8</cards>
</round>
</game>
</session>
