<?xml version="1.0" encoding="UTF-8"?>
<session sessioncode="8394297048">
<general>
<client_version>25.1.1.13</client_version>
<mode>real</mode>
<gametype>Holdem NL</gametype>
<tablename>Twister €5 SNG, 1128856093</tablename>
<tournamentcode>1128856092</tournamentcode>
<tournamentname>Twister €5 SNG</tournamentname>
<buyin>€0 + €0.35 + €4.65</buyin>
<totalbuyin>€5</totalbuyin>
<rewarddrawn>€10</rewarddrawn>
<tournamentcurrency>EUR</tournamentcurrency>
<currency>EUR</currency>
<nickname>oreiasccp</nickname>
<gamecount>14</gamecount>
<startdate>2025-06-29 11:41:43</startdate>
<place>2</place>
<win>€0</win>
<tablesize>3</tablesize>
</general>
<game gamecode="11540725821"><general><startdate>2025-06-29 11:41:58</startdate>
<round>1</round>
<failsafecounter/>
<players><player seat="3" name="oreiasccp" chips="500" dealer="0" win="0" bet="20" muck="1" rebuy="0" addon="0" merge="0" rebuychips="0" reg_code="8394297048"/>
<player seat="6" name="12sebeboy12" chips="500" dealer="1" win="50" bet="40" muck="1" rebuy="0" addon="0" merge="0" rebuychips="0" reg_code="8394297068"/>
<player seat="10" name="jokerbridge33" chips="500" dealer="0" win="0" bet="10" muck="1" rebuy="0" addon="0" merge="0" rebuychips="0" reg_code="8394297071"/>
</players>
</general>
<round no="0"><action no="1" player="jokerbridge33" type="1" discard="1" dealt="1" sum="10"/>
<action no="2" player="oreiasccp" type="2" sum="20"/>
</round>
<round no="1"><cards type="Pocket" player="12sebeboy12">X X</cards>
<cards type="Pocket" player="oreiasccp">D4 HQ</cards>
<cards type="Pocket" player="jokerbridge33">X X</cards>
<action no="3" player="12sebeboy12" type="23" discard="1" dealt="1" sum="40"/>
<action no="4" player="jokerbridge33" type="0" discard="1" dealt="1" sum="0"/>
<action no="5" player="oreiasccp" type="0" sum="0"/>
</round>
</game>
<game gamecode="11540725876"><general><startdate>2025-06-29 11:42:10</startdate>
<round>1</round>
<failsafecounter/>
<players><player seat="6" name="12sebeboy12" chips="530" dealer="0" win="0" bet="20" muck="1" rebuy="0" addon="0" merge="0" rebuychips="0" reg_code="8394297068"/>
<player seat="10" name="jokerbridge33" chips="490" dealer="1" win="0" bet="40" muck="1" rebuy="0" addon="0" merge="0" rebuychips="0" reg_code="8394297071"/>
<player seat="3" name="oreiasccp" chips="480" dealer="0" win="100" bet="120" muck="1" rebuy="0" addon="0" merge="0" rebuychips="0" reg_code="8394297048"/>
</players>
</general>
<round no="0"><action no="1" player="oreiasccp" type="1" sum="10"/>
<action no="2" player="12sebeboy12" type="2" discard="1" dealt="1" sum="20"/>
</round>
<round no="1"><cards type="Pocket" player="12sebeboy12">X X</cards>
<cards type="Pocket" player="jokerbridge33">X X</cards>
<cards type="Pocket" player="oreiasccp">H10 DK</cards>
<action no="3" player="jokerbridge33" type="23" discard="1" dealt="1" sum="40"/>
<action no="4" player="oreiasccp" type="23" sum="120"/>
<action no="5" player="12sebeboy12" type="0" discard="1" dealt="1" sum="0"/>
<action no="6" player="jokerbridge33" type="0" discard="1" dealt="1" sum="0"/>
</round>
</game>
<game gamecode="11540731489"><general><startdate>2025-06-29 11:42:26</startdate>
<round>1</round>
<failsafecounter/>
<players><player seat="10" name="jokerbridge33" chips="450" dealer="0" win="100" bet="150" muck="1" rebuy="0" addon="0" merge="0" rebuychips="0" reg_code="8394297071"/>
<player seat="3" name="oreiasccp" chips="540" dealer="1" win="0" bet="0" muck="1" rebuy="0" addon="0" merge="0" rebuychips="0" reg_code="8394297048"/>
<player seat="6" name="12sebeboy12" chips="510" dealer="0" win="0" bet="50" muck="1" rebuy="0" addon="0" merge="0" rebuychips="0" reg_code="8394297068"/>
</players>
</general>
<round no="0"><action no="1" player="12sebeboy12" type="1" discard="1" dealt="1" sum="10"/>
<action no="2" player="jokerbridge33" type="2" discard="1" dealt="1" sum="20"/>
</round>
<round no="1"><cards type="Pocket" player="oreiasccp">H5 H3</cards>
<cards type="Pocket" player="12sebeboy12">X X</cards>
<cards type="Pocket" player="jokerbridge33">X X</cards>
<action no="3" player="oreiasccp" type="0" sum="0"/>
<action no="4" player="12sebeboy12" type="3" discard="1" dealt="1" sum="10"/>
<action no="5" player="jokerbridge33" type="23" discard="1" dealt="1" sum="50"/>
<action no="6" player="12sebeboy12" type="3" discard="1" dealt="1" sum="30"/>
</round>
<round no="2"><cards type="Flop">C2 C6 D9</cards>
<action no="7" player="12sebeboy12" type="4" discard="1" dealt="1" sum="0"/>
<action no="8" player="jokerbridge33" type="5" discard="1" dealt="1" sum="100"/>
<action no="9" player="12sebeboy12" type="0" discard="1" dealt="1" sum="0"/>
</round>
</game>
<game gamecode="11540731558"><general><startdate>2025-06-29 11:42:43</startdate>
<round>1</round>
<failsafecounter/>
<players><player seat="3" name="oreiasccp" chips="540" dealer="0" win="0" bet="60" muck="1" rebuy="0" addon="0" merge="0" rebuychips="0" reg_code="8394297048"/>
<player seat="6" name="12sebeboy12" chips="460" dealer="1" win="0" bet="60" muck="1" rebuy="0" addon="0" merge="0" rebuychips="0" reg_code="8394297068"/>
<player seat="10" name="jokerbridge33" chips="500" dealer="0" win="180" bet="150" muck="1" rebuy="0" addon="0" merge="0" rebuychips="0" reg_code="8394297071"/>
</players>
</general>
<round no="0"><action no="1" player="jokerbridge33" type="1" discard="1" dealt="1" sum="10"/>
<action no="2" player="oreiasccp" type="2" sum="20"/>
</round>
<round no="1"><cards type="Pocket" player="oreiasccp">D7 S3</cards>
<cards type="Pocket" player="jokerbridge33">X X</cards>
<cards type="Pocket" player="12sebeboy12">X X</cards>
<action no="3" player="12sebeboy12" type="3" discard="1" dealt="1" sum="20"/>
<action no="4" player="jokerbridge33" type="3" discard="1" dealt="1" sum="10"/>
<action no="5" player="oreiasccp" type="4" sum="0"/>
</round>
<round no="2"><cards type="Flop">H3 DK SJ</cards>
<action no="6" player="jokerbridge33" type="4" discard="1" dealt="1" sum="0"/>
<action no="7" player="oreiasccp" type="4" sum="0"/>
<action no="8" player="12sebeboy12" type="5" discard="1" dealt="1" sum="40"/>
<action no="9" player="jokerbridge33" type="3" discard="1" dealt="1" sum="40"/>
<action no="10" player="oreiasccp" type="3" sum="40"/>
</round>
<round no="3"><cards type="Turn">HA</cards>
<action no="11" player="jokerbridge33" type="5" discard="1" dealt="1" sum="90"/>
<action no="12" player="oreiasccp" type="0" sum="0"/>
<action no="13" player="12sebeboy12" type="0" discard="1" dealt="1" sum="0"/>
</round>
</game>
<game gamecode="11540731686"><general><startdate>2025-06-29 11:43:11</startdate>
<round>1</round>
<failsafecounter/>
<players><player seat="6" name="12sebeboy12" chips="400" dealer="0" win="80" bet="80" muck="1" rebuy="0" addon="0" merge="0" rebuychips="0" reg_code="8394297068"/>
<player seat="10" name="jokerbridge33" chips="620" dealer="1" win="0" bet="0" muck="1" rebuy="0" addon="0" merge="0" rebuychips="0" reg_code="8394297071"/>
<player seat="3" name="oreiasccp" chips="480" dealer="0" win="0" bet="40" muck="1" rebuy="0" addon="0" merge="0" rebuychips="0" reg_code="8394297048"/>
</players>
</general>
<round no="0"><action no="1" player="oreiasccp" type="1" sum="10"/>
<action no="2" player="12sebeboy12" type="2" discard="1" dealt="1" sum="20"/>
</round>
<round no="1"><cards type="Pocket" player="oreiasccp">H3 H7</cards>
<cards type="Pocket" player="12sebeboy12">X X</cards>
<cards type="Pocket" player="jokerbridge33">X X</cards>
<action no="3" player="jokerbridge33" type="0" discard="1" dealt="1" sum="0"/>
<action no="4" player="oreiasccp" type="23" sum="40"/>
<action no="5" player="12sebeboy12" type="23" discard="1" dealt="1" sum="80"/>
<action no="6" player="oreiasccp" type="0" sum="0"/>
</round>
</game>
<game gamecode="11540731740"><general><startdate>2025-06-29 11:43:22</startdate>
<round>1</round>
<failsafecounter/>
<players><player seat="10" name="jokerbridge33" chips="620" dealer="0" win="0" bet="40" muck="1" rebuy="0" addon="0" merge="0" rebuychips="0" reg_code="8394297071"/>
<player seat="3" name="oreiasccp" chips="440" dealer="1" win="90" bet="63" muck="1" rebuy="0" addon="0" merge="0" rebuychips="0" reg_code="8394297048"/>
<player seat="6" name="12sebeboy12" chips="440" dealer="0" win="0" bet="10" muck="1" rebuy="0" addon="0" merge="0" rebuychips="0" reg_code="8394297068"/>
</players>
</general>
<round no="0"><action no="1" player="12sebeboy12" type="1" discard="1" dealt="1" sum="10"/>
<action no="2" player="jokerbridge33" type="2" discard="1" dealt="1" sum="20"/>
</round>
<round no="1"><cards type="Pocket" player="jokerbridge33">X X</cards>
<cards type="Pocket" player="oreiasccp">SA HQ</cards>
<cards type="Pocket" player="12sebeboy12">X X</cards>
<action no="3" player="oreiasccp" type="23" sum="40"/>
<action no="4" player="12sebeboy12" type="0" discard="1" dealt="1" sum="0"/>
<action no="5" player="jokerbridge33" type="3" discard="1" dealt="1" sum="20"/>
</round>
<round no="2"><cards type="Flop">D10 HK CJ</cards>
<action no="6" player="jokerbridge33" type="4" discard="1" dealt="1" sum="0"/>
<action no="7" player="oreiasccp" type="5" sum="23"/>
<action no="8" player="jokerbridge33" type="0" discard="1" dealt="1" sum="0"/>
</round>
</game>
<game gamecode="11540731812"><general><startdate>2025-06-29 11:43:39</startdate>
<round>1</round>
<failsafecounter/>
<players><player seat="3" name="oreiasccp" chips="490" dealer="0" win="0" bet="20" muck="1" rebuy="0" addon="0" merge="0" rebuychips="0" reg_code="8394297048"/>
<player seat="6" name="12sebeboy12" chips="430" dealer="1" win="0" bet="230" muck="1" rebuy="0" addon="0" merge="0" rebuychips="0" reg_code="8394297068"/>
<player seat="10" name="jokerbridge33" chips="580" dealer="0" win="480" bet="230" muck="0" rebuy="0" addon="0" merge="0" rebuychips="0" reg_code="8394297071"/>
</players>
</general>
<round no="0"><action no="1" player="jokerbridge33" type="1" discard="1" dealt="1" sum="10"/>
<action no="2" player="oreiasccp" type="2" sum="20"/>
</round>
<round no="1"><cards type="Pocket" player="oreiasccp">D2 S5</cards>
<cards type="Pocket" player="12sebeboy12">S9 CJ</cards>
<cards type="Pocket" player="jokerbridge33">D8 HK</cards>
<action no="3" player="12sebeboy12" type="3" discard="1" dealt="1" sum="20"/>
<action no="4" player="jokerbridge33" type="3" discard="1" dealt="1" sum="10"/>
<action no="5" player="oreiasccp" type="4" sum="0"/>
</round>
<round no="2"><cards type="Flop">DK H7 SK</cards>
<action no="6" player="jokerbridge33" type="4" discard="1" dealt="1" sum="0"/>
<action no="7" player="oreiasccp" type="4" sum="0"/>
<action no="8" player="12sebeboy12" type="4" discard="1" dealt="1" sum="0"/>
</round>
<round no="3"><cards type="Turn">H9</cards>
<action no="9" player="jokerbridge33" type="5" discard="1" dealt="1" sum="30"/>
<action no="10" player="oreiasccp" type="0" sum="0"/>
<action no="11" player="12sebeboy12" type="23" discard="1" dealt="1" sum="60"/>
<action no="12" player="jokerbridge33" type="23" discard="1" dealt="1" sum="90"/>
<action no="13" player="12sebeboy12" type="3" discard="1" dealt="1" sum="30"/>
</round>
<round no="4"><cards type="River">H4</cards>
<action no="14" player="jokerbridge33" type="5" discard="1" dealt="1" sum="120"/>
<action no="15" player="12sebeboy12" type="3" discard="1" dealt="1" sum="120"/>
</round>
</game>
<game gamecode="11540731997"><general><startdate>2025-06-29 11:44:24</startdate>
<round>1</round>
<failsafecounter/>
<players><player seat="6" name="12sebeboy12" chips="200" dealer="0" win="0" bet="125" muck="1" rebuy="0" addon="0" merge="0" rebuychips="0" reg_code="8394297068"/>
<player seat="10" name="jokerbridge33" chips="830" dealer="1" win="270" bet="830" muck="1" rebuy="0" addon="0" merge="0" rebuychips="0" reg_code="8394297071"/>
<player seat="3" name="oreiasccp" chips="470" dealer="0" win="0" bet="20" muck="1" rebuy="0" addon="0" merge="0" rebuychips="0" reg_code="8394297048"/>
</players>
</general>
<round no="0"><action no="1" player="oreiasccp" type="15" sum="5"/>
<action no="2" player="12sebeboy12" type="15" discard="1" dealt="1" sum="5"/>
<action no="3" player="jokerbridge33" type="15" discard="1" dealt="1" sum="5"/>
<action no="4" player="oreiasccp" type="1" sum="15"/>
<action no="5" player="12sebeboy12" type="2" discard="1" dealt="1" sum="30"/>
</round>
<round no="1"><cards type="Pocket" player="jokerbridge33">X X</cards>
<cards type="Pocket" player="oreiasccp">C6 D4</cards>
<cards type="Pocket" player="12sebeboy12">X X</cards>
<action no="6" player="jokerbridge33" type="3" discard="1" dealt="1" sum="30"/>
<action no="7" player="oreiasccp" type="0" sum="0"/>
<action no="8" player="12sebeboy12" type="4" discard="1" dealt="1" sum="0"/>
</round>
<round no="2"><cards type="Flop">C5 C3 HA</cards>
<action no="9" player="12sebeboy12" type="5" discard="1" dealt="1" sum="30"/>
<action no="10" player="jokerbridge33" type="3" discard="1" dealt="1" sum="30"/>
</round>
<round no="3"><cards type="Turn">SK</cards>
<action no="11" player="12sebeboy12" type="5" discard="1" dealt="1" sum="60"/>
<action no="12" player="jokerbridge33" type="3" discard="1" dealt="1" sum="60"/>
</round>
<round no="4"><cards type="River">C10</cards>
<action no="13" player="12sebeboy12" type="4" discard="1" dealt="1" sum="0"/>
<action no="14" player="jokerbridge33" type="5" discard="1" dealt="1" sum="705"/>
<action no="15" player="12sebeboy12" type="0" discard="1" dealt="1" sum="0"/>
</round>
</game>
<game gamecode="11540732096"><general><startdate>2025-06-29 11:44:48</startdate>
<round>1</round>
<failsafecounter/>
<players><player seat="10" name="jokerbridge33" chips="975" dealer="0" win="0" bet="75" muck="1" rebuy="0" addon="0" merge="0" rebuychips="0" reg_code="8394297071"/>
<player seat="3" name="oreiasccp" chips="450" dealer="1" win="0" bet="5" muck="1" rebuy="0" addon="0" merge="0" rebuychips="0" reg_code="8394297048"/>
<player seat="6" name="12sebeboy12" chips="75" dealer="0" win="155" bet="75" muck="0" rebuy="0" addon="0" merge="0" rebuychips="0" reg_code="8394297068"/>
</players>
</general>
<round no="0"><action no="1" player="12sebeboy12" type="15" discard="1" dealt="1" sum="5"/>
<action no="2" player="jokerbridge33" type="15" discard="1" dealt="1" sum="5"/>
<action no="3" player="oreiasccp" type="15" sum="5"/>
<action no="4" player="12sebeboy12" type="1" discard="1" dealt="1" sum="15"/>
<action no="5" player="jokerbridge33" type="2" discard="1" dealt="1" sum="30"/>
</round>
<round no="1"><cards type="Pocket" player="jokerbridge33">H4 CQ</cards>
<cards type="Pocket" player="oreiasccp">D7 HJ</cards>
<cards type="Pocket" player="12sebeboy12">CA H3</cards>
<action no="6" player="oreiasccp" type="0" sum="0"/>
<action no="7" player="12sebeboy12" type="23" discard="1" dealt="1" sum="70"/>
<action no="8" player="jokerbridge33" type="3" discard="1" dealt="1" sum="40"/>
</round>
<round no="2"><cards type="Flop">S5 HK C7</cards>
</round>
<round no="3"><cards type="Turn">S6</cards>
</round>
<round no="4"><cards type="River">HA</cards>
</round>
</game>
<game gamecode="11540732166"><general><startdate>2025-06-29 11:45:06</startdate>
<round>1</round>
<failsafecounter/>
<players><player seat="3" name="oreiasccp" chips="445" dealer="0" win="0" bet="126" muck="1" rebuy="0" addon="0" merge="0" rebuychips="0" reg_code="8394297048"/>
<player seat="6" name="12sebeboy12" chips="155" dealer="1" win="0" bet="5" muck="1" rebuy="0" addon="0" merge="0" rebuychips="0" reg_code="8394297068"/>
<player seat="10" name="jokerbridge33" chips="900" dealer="0" win="257" bet="200" muck="1" rebuy="0" addon="0" merge="0" rebuychips="0" reg_code="8394297071"/>
</players>
</general>
<round no="0"><action no="1" player="jokerbridge33" type="15" discard="1" dealt="1" sum="5"/>
<action no="2" player="oreiasccp" type="15" sum="5"/>
<action no="3" player="12sebeboy12" type="15" discard="1" dealt="1" sum="5"/>
<action no="4" player="jokerbridge33" type="1" discard="1" dealt="1" sum="15"/>
<action no="5" player="oreiasccp" type="2" sum="30"/>
</round>
<round no="1"><cards type="Pocket" player="12sebeboy12">X X</cards>
<cards type="Pocket" player="oreiasccp">D3 S10</cards>
<cards type="Pocket" player="jokerbridge33">X X</cards>
<action no="6" player="12sebeboy12" type="0" discard="1" dealt="1" sum="0"/>
<action no="7" player="jokerbridge33" type="3" discard="1" dealt="1" sum="15"/>
<action no="8" player="oreiasccp" type="4" sum="0"/>
</round>
<round no="2"><cards type="Flop">D4 D7 D10</cards>
<action no="9" player="jokerbridge33" type="5" discard="1" dealt="1" sum="37"/>
<action no="10" player="oreiasccp" type="3" sum="37"/>
</round>
<round no="3"><cards type="Turn">S4</cards>
<action no="11" player="jokerbridge33" type="4" discard="1" dealt="1" sum="0"/>
<action no="12" player="oreiasccp" type="5" sum="54"/>
<action no="13" player="jokerbridge33" type="3" discard="1" dealt="1" sum="54"/>
</round>
<round no="4"><cards type="River">H7</cards>
<action no="14" player="jokerbridge33" type="5" discard="1" dealt="1" sum="74"/>
<action no="15" player="oreiasccp" type="0" sum="0"/>
</round>
</game>
<game gamecode="11540732317"><general><startdate>2025-06-29 11:45:43</startdate>
<round>1</round>
<failsafecounter/>
<players><player seat="6" name="12sebeboy12" chips="150" dealer="0" win="0" bet="150" muck="1" rebuy="0" addon="0" merge="0" rebuychips="0" reg_code="8394297068"/>
<player seat="10" name="jokerbridge33" chips="1,031" dealer="1" win="320" bet="170" muck="0" rebuy="0" addon="0" merge="0" rebuychips="0" reg_code="8394297071"/>
<player seat="3" name="oreiasccp" chips="319" dealer="0" win="0" bet="20" muck="1" rebuy="0" addon="0" merge="0" rebuychips="0" reg_code="8394297048"/>
</players>
</general>
<round no="0"><action no="1" player="oreiasccp" type="15" sum="5"/>
<action no="2" player="12sebeboy12" type="15" discard="1" dealt="1" sum="5"/>
<action no="3" player="jokerbridge33" type="15" discard="1" dealt="1" sum="5"/>
<action no="4" player="oreiasccp" type="1" sum="15"/>
<action no="5" player="12sebeboy12" type="2" discard="1" dealt="1" sum="30"/>
</round>
<round no="1"><cards type="Pocket" player="jokerbridge33">HA CQ</cards>
<cards type="Pocket" player="12sebeboy12">DA H9</cards>
<cards type="Pocket" player="oreiasccp">HJ SQ</cards>
<action no="6" player="jokerbridge33" type="23" discard="1" dealt="1" sum="75"/>
<action no="7" player="oreiasccp" type="0" sum="0"/>
<action no="8" player="12sebeboy12" type="23" discard="1" dealt="1" sum="120"/>
<action no="9" player="jokerbridge33" type="23" discard="1" dealt="1" sum="165"/>
<action no="10" player="12sebeboy12" type="7" discard="1" dealt="1" sum="25"/>
</round>
<round no="2"><cards type="Flop">C8 CK SJ</cards>
</round>
<round no="3"><cards type="Turn">S8</cards>
</round>
<round no="4"><cards type="River">H4</cards>
</round>
</game>
<game gamecode="11540732413"><general><startdate>2025-06-29 11:46:07</startdate>
<round>1</round>
<failsafecounter/>
<players><player seat="10" name="jokerbridge33" chips="1,201" dealer="0" win="299" bet="299" muck="0" rebuy="0" addon="0" merge="0" rebuychips="0" reg_code="8394297071"/>
<player seat="3" name="oreiasccp" chips="299" dealer="1" win="299" bet="299" muck="0" rebuy="0" addon="0" merge="0" rebuychips="0" reg_code="8394297048"/>
</players>
</general>
<round no="0"><action no="1" player="oreiasccp" type="15" sum="5"/>
<action no="2" player="jokerbridge33" type="15" discard="1" dealt="1" sum="5"/>
<action no="3" player="oreiasccp" type="1" sum="20"/>
<action no="4" player="jokerbridge33" type="2" discard="1" dealt="1" sum="40"/>
</round>
<round no="1"><cards type="Pocket" player="jokerbridge33">HA H8</cards>
<cards type="Pocket" player="oreiasccp">DA S4</cards>
<action no="5" player="oreiasccp" type="23" sum="294"/>
<action no="6" player="jokerbridge33" type="3" discard="1" dealt="1" sum="254"/>
</round>
<round no="2"><cards type="Flop">HJ CJ S7</cards>
</round>
<round no="3"><cards type="Turn">D7</cards>
</round>
<round no="4"><cards type="River">CK</cards>
</round>
</game>
<game gamecode="11540732489"><general><startdate>2025-06-29 11:46:27</startdate>
<round>1</round>
<failsafecounter/>
<players><player seat="3" name="oreiasccp" chips="299" dealer="0" win="0" bet="45" muck="1" rebuy="0" addon="0" merge="0" rebuychips="0" reg_code="8394297048"/>
<player seat="10" name="jokerbridge33" chips="1,201" dealer="1" win="90" bet="125" muck="1" rebuy="0" addon="0" merge="0" rebuychips="0" reg_code="8394297071"/>
</players>
</general>
<round no="0"><action no="1" player="jokerbridge33" type="15" discard="1" dealt="1" sum="5"/>
<action no="2" player="oreiasccp" type="15" sum="5"/>
<action no="3" player="jokerbridge33" type="1" discard="1" dealt="1" sum="20"/>
<action no="4" player="oreiasccp" type="2" sum="40"/>
</round>
<round no="1"><cards type="Pocket" player="jokerbridge33">X X</cards>
<cards type="Pocket" player="oreiasccp">CK D4</cards>
<action no="5" player="jokerbridge33" type="23" discard="1" dealt="1" sum="120"/>
<action no="6" player="oreiasccp" type="0" sum="0"/>
</round>
</game>
<game gamecode="11540732540"><general><startdate>2025-06-29 11:46:38</startdate>
<round>1</round>
<failsafecounter/>
<players><player seat="10" name="jokerbridge33" chips="1,246" dealer="0" win="508" bet="254" muck="0" rebuy="0" addon="0" merge="0" rebuychips="0" reg_code="8394297071"/>
<player seat="3" name="oreiasccp" chips="254" dealer="1" win="0" bet="254" muck="0" rebuy="0" addon="0" merge="0" rebuychips="0" reg_code="8394297048"/>
</players>
</general>
<round no="0"><action no="1" player="oreiasccp" type="15" sum="5"/>
<action no="2" player="jokerbridge33" type="15" discard="1" dealt="1" sum="5"/>
<action no="3" player="oreiasccp" type="1" sum="20"/>
<action no="4" player="jokerbridge33" type="2" discard="1" dealt="1" sum="40"/>
</round>
<round no="1"><cards type="Pocket" player="jokerbridge33">HA D8</cards>
<cards type="Pocket" player="oreiasccp">S8 DQ</cards>
<action no="5" player="oreiasccp" type="23" sum="249"/>
<action no="6" player="jokerbridge33" type="3" discard="1" dealt="1" sum="209"/>
</round>
<round no="2"><cards type="Flop">H8 S10 S9</cards>
</round>
<round no="3"><cards type="Turn">D3</cards>
</round>
<round no="4"><cards type="River">D10</cards>
</round>
</game>
</session>
