<?xml version="1.0" encoding="UTF-8"?>
<session sessioncode="8394257566">
<general>
<client_version>25.1.1.13</client_version>
<mode>real</mode>
<gametype>Holdem NL</gametype>
<tablename>Twister €5 SNG, 1128849941</tablename>
<tournamentcode>1128849940</tournamentcode>
<tournamentname>Twister €5 SNG</tournamentname>
<buyin>€0 + €0.35 + €4.65</buyin>
<totalbuyin>€5</totalbuyin>
<rewarddrawn>€15</rewarddrawn>
<tournamentcurrency>EUR</tournamentcurrency>
<currency>EUR</currency>
<nickname>oreiasccp</nickname>
<gamecount>41</gamecount>
<startdate>2025-06-29 09:39:03</startdate>
<place>1</place>
<win>€15</win>
<tablesize>3</tablesize>
</general>
<game gamecode="11540622631"><general><startdate>2025-06-29 09:39:18</startdate>
<round>1</round>
<failsafecounter/>
<players><player seat="3" name="oreiasccp" chips="500" dealer="0" win="20" bet="20" muck="1" rebuy="0" addon="0" merge="0" rebuychips="0" reg_code="8394257566"/>
<player seat="6" name="Humbert25" chips="500" dealer="1" win="0" bet="0" muck="1" rebuy="0" addon="0" merge="0" rebuychips="0" reg_code="8394257579"/>
<player seat="10" name="troybomber" chips="500" dealer="0" win="0" bet="10" muck="1" rebuy="0" addon="0" merge="0" rebuychips="0" reg_code="8394257652"/>
</players>
</general>
<round no="0"><action no="1" player="troybomber" type="1" discard="1" dealt="1" sum="10"/>
<action no="2" player="oreiasccp" type="2" sum="20"/>
</round>
<round no="1"><cards type="Pocket" player="troybomber">X X</cards>
<cards type="Pocket" player="oreiasccp">D7 D4</cards>
<cards type="Pocket" player="Humbert25">X X</cards>
<action no="3" player="Humbert25" type="0" discard="1" dealt="1" sum="0"/>
<action no="4" player="troybomber" type="0" discard="1" dealt="1" sum="0"/>
</round>
</game>
<game gamecode="11540622674"><general><startdate>2025-06-29 09:39:30</startdate>
<round>1</round>
<failsafecounter/>
<players><player seat="6" name="Humbert25" chips="500" dealer="0" win="90" bet="500" muck="1" rebuy="0" addon="0" merge="0" rebuychips="0" reg_code="8394257579"/>
<player seat="10" name="troybomber" chips="490" dealer="1" win="0" bet="40" muck="1" rebuy="0" addon="0" merge="0" rebuychips="0" reg_code="8394257652"/>
<player seat="3" name="oreiasccp" chips="510" dealer="0" win="0" bet="10" muck="1" rebuy="0" addon="0" merge="0" rebuychips="0" reg_code="8394257566"/>
</players>
</general>
<round no="0"><action no="1" player="oreiasccp" type="1" sum="10"/>
<action no="2" player="Humbert25" type="2" discard="1" dealt="1" sum="20"/>
</round>
<round no="1"><cards type="Pocket" player="Humbert25">X X</cards>
<cards type="Pocket" player="oreiasccp">C8 S6</cards>
<cards type="Pocket" player="troybomber">X X</cards>
<action no="3" player="troybomber" type="23" discard="1" dealt="1" sum="40"/>
<action no="4" player="oreiasccp" type="0" sum="0"/>
<action no="5" player="Humbert25" type="23" discard="1" dealt="1" sum="500"/>
<action no="6" player="troybomber" type="0" discard="1" dealt="1" sum="0"/>
</round>
</game>
<game gamecode="11540622724"><general><startdate>2025-06-29 09:39:49</startdate>
<round>1</round>
<failsafecounter/>
<players><player seat="10" name="troybomber" chips="450" dealer="0" win="0" bet="40" muck="1" rebuy="0" addon="0" merge="0" rebuychips="0" reg_code="8394257652"/>
<player seat="3" name="oreiasccp" chips="500" dealer="1" win="0" bet="0" muck="1" rebuy="0" addon="0" merge="0" rebuychips="0" reg_code="8394257566"/>
<player seat="6" name="Humbert25" chips="550" dealer="0" win="80" bet="40" muck="0" rebuy="0" addon="0" merge="0" rebuychips="0" reg_code="8394257579"/>
</players>
</general>
<round no="0"><action no="1" player="Humbert25" type="1" discard="1" dealt="1" sum="10"/>
<action no="2" player="troybomber" type="2" discard="1" dealt="1" sum="20"/>
</round>
<round no="1"><cards type="Pocket" player="Humbert25">H9 H8</cards>
<cards type="Pocket" player="troybomber">C4 H6</cards>
<cards type="Pocket" player="oreiasccp">D7 CK</cards>
<action no="3" player="oreiasccp" type="0" sum="0"/>
<action no="4" player="Humbert25" type="3" discard="1" dealt="1" sum="10"/>
<action no="5" player="troybomber" type="4" discard="1" dealt="1" sum="0"/>
</round>
<round no="2"><cards type="Flop">SA D9 CJ</cards>
<action no="6" player="Humbert25" type="4" discard="1" dealt="1" sum="0"/>
<action no="7" player="troybomber" type="5" discard="1" dealt="1" sum="20"/>
<action no="8" player="Humbert25" type="3" discard="1" dealt="1" sum="20"/>
</round>
<round no="3"><cards type="Turn">H2</cards>
<action no="9" player="Humbert25" type="4" discard="1" dealt="1" sum="0"/>
<action no="10" player="troybomber" type="4" discard="1" dealt="1" sum="0"/>
</round>
<round no="4"><cards type="River">H4</cards>
<action no="11" player="Humbert25" type="4" discard="1" dealt="1" sum="0"/>
<action no="12" player="troybomber" type="4" discard="1" dealt="1" sum="0"/>
</round>
</game>
<game gamecode="11540622803"><general><startdate>2025-06-29 09:40:14</startdate>
<round>1</round>
<failsafecounter/>
<players><player seat="3" name="oreiasccp" chips="500" dealer="0" win="20" bet="20" muck="1" rebuy="0" addon="0" merge="0" rebuychips="0" reg_code="8394257566"/>
<player seat="6" name="Humbert25" chips="590" dealer="1" win="0" bet="0" muck="1" rebuy="0" addon="0" merge="0" rebuychips="0" reg_code="8394257579"/>
<player seat="10" name="troybomber" chips="410" dealer="0" win="0" bet="10" muck="1" rebuy="0" addon="0" merge="0" rebuychips="0" reg_code="8394257652"/>
</players>
</general>
<round no="0"><action no="1" player="troybomber" type="1" discard="1" dealt="1" sum="10"/>
<action no="2" player="oreiasccp" type="2" sum="20"/>
</round>
<round no="1"><cards type="Pocket" player="troybomber">X X</cards>
<cards type="Pocket" player="oreiasccp">H7 H4</cards>
<cards type="Pocket" player="Humbert25">X X</cards>
<action no="3" player="Humbert25" type="0" discard="1" dealt="1" sum="0"/>
<action no="4" player="troybomber" type="0" discard="1" dealt="1" sum="0"/>
</round>
</game>
<game gamecode="11540622850"><general><startdate>2025-06-29 09:40:30</startdate>
<round>1</round>
<failsafecounter/>
<players><player seat="6" name="Humbert25" chips="590" dealer="0" win="20" bet="20" muck="1" rebuy="0" addon="0" merge="0" rebuychips="0" reg_code="8394257579"/>
<player seat="10" name="troybomber" chips="400" dealer="1" win="0" bet="0" muck="1" rebuy="0" addon="0" merge="0" rebuychips="0" reg_code="8394257652"/>
<player seat="3" name="oreiasccp" chips="510" dealer="0" win="0" bet="10" muck="1" rebuy="0" addon="0" merge="0" rebuychips="0" reg_code="8394257566"/>
</players>
</general>
<round no="0"><action no="1" player="oreiasccp" type="1" sum="10"/>
<action no="2" player="Humbert25" type="2" discard="1" dealt="1" sum="20"/>
</round>
<round no="1"><cards type="Pocket" player="oreiasccp">H3 D10</cards>
<cards type="Pocket" player="Humbert25">X X</cards>
<cards type="Pocket" player="troybomber">X X</cards>
<action no="3" player="troybomber" type="0" discard="1" dealt="1" sum="0"/>
<action no="4" player="oreiasccp" type="0" sum="0"/>
</round>
</game>
<game gamecode="11540622884"><general><startdate>2025-06-29 09:40:40</startdate>
<round>1</round>
<failsafecounter/>
<players><player seat="10" name="troybomber" chips="400" dealer="0" win="20" bet="20" muck="1" rebuy="0" addon="0" merge="0" rebuychips="0" reg_code="8394257652"/>
<player seat="3" name="oreiasccp" chips="500" dealer="1" win="0" bet="0" muck="1" rebuy="0" addon="0" merge="0" rebuychips="0" reg_code="8394257566"/>
<player seat="6" name="Humbert25" chips="600" dealer="0" win="0" bet="10" muck="1" rebuy="0" addon="0" merge="0" rebuychips="0" reg_code="8394257579"/>
</players>
</general>
<round no="0"><action no="1" player="Humbert25" type="1" discard="1" dealt="1" sum="10"/>
<action no="2" player="troybomber" type="2" discard="1" dealt="1" sum="20"/>
</round>
<round no="1"><cards type="Pocket" player="oreiasccp">H3 SK</cards>
<cards type="Pocket" player="Humbert25">X X</cards>
<cards type="Pocket" player="troybomber">X X</cards>
<action no="3" player="oreiasccp" type="0" sum="0"/>
<action no="4" player="Humbert25" type="0" discard="1" dealt="1" sum="0"/>
</round>
</game>
<game gamecode="11540622917"><general><startdate>2025-06-29 09:40:52</startdate>
<round>1</round>
<failsafecounter/>
<players><player seat="3" name="oreiasccp" chips="500" dealer="0" win="0" bet="20" muck="1" rebuy="0" addon="0" merge="0" rebuychips="0" reg_code="8394257566"/>
<player seat="6" name="Humbert25" chips="590" dealer="1" win="0" bet="0" muck="1" rebuy="0" addon="0" merge="0" rebuychips="0" reg_code="8394257579"/>
<player seat="10" name="troybomber" chips="410" dealer="0" win="40" bet="410" muck="1" rebuy="0" addon="0" merge="0" rebuychips="0" reg_code="8394257652"/>
</players>
</general>
<round no="0"><action no="1" player="troybomber" type="1" discard="1" dealt="1" sum="10"/>
<action no="2" player="oreiasccp" type="2" sum="20"/>
</round>
<round no="1"><cards type="Pocket" player="oreiasccp">C3 HA</cards>
<cards type="Pocket" player="Humbert25">X X</cards>
<cards type="Pocket" player="troybomber">X X</cards>
<action no="3" player="Humbert25" type="0" discard="1" dealt="1" sum="0"/>
<action no="4" player="troybomber" type="23" discard="1" dealt="1" sum="410"/>
<action no="5" player="oreiasccp" type="0" sum="0"/>
</round>
</game>
<game gamecode="11540622963"><general><startdate>2025-06-29 09:41:06</startdate>
<round>1</round>
<failsafecounter/>
<players><player seat="6" name="Humbert25" chips="590" dealer="0" win="0" bet="20" muck="1" rebuy="0" addon="0" merge="0" rebuychips="0" reg_code="8394257579"/>
<player seat="10" name="troybomber" chips="430" dealer="1" win="0" bet="0" muck="1" rebuy="0" addon="0" merge="0" rebuychips="0" reg_code="8394257652"/>
<player seat="3" name="oreiasccp" chips="480" dealer="0" win="40" bet="40" muck="1" rebuy="0" addon="0" merge="0" rebuychips="0" reg_code="8394257566"/>
</players>
</general>
<round no="0"><action no="1" player="oreiasccp" type="1" sum="10"/>
<action no="2" player="Humbert25" type="2" discard="1" dealt="1" sum="20"/>
</round>
<round no="1"><cards type="Pocket" player="Humbert25">X X</cards>
<cards type="Pocket" player="oreiasccp">S9 S2</cards>
<cards type="Pocket" player="troybomber">X X</cards>
<action no="3" player="troybomber" type="0" discard="1" dealt="1" sum="0"/>
<action no="4" player="oreiasccp" type="23" sum="40"/>
<action no="5" player="Humbert25" type="0" discard="1" dealt="1" sum="0"/>
</round>
</game>
<game gamecode="11540623007"><general><startdate>2025-06-29 09:41:20</startdate>
<round>1</round>
<failsafecounter/>
<players><player seat="10" name="troybomber" chips="430" dealer="0" win="0" bet="35" muck="1" rebuy="0" addon="0" merge="0" rebuychips="0" reg_code="8394257652"/>
<player seat="3" name="oreiasccp" chips="500" dealer="1" win="90" bet="65" muck="1" rebuy="0" addon="0" merge="0" rebuychips="0" reg_code="8394257566"/>
<player seat="6" name="Humbert25" chips="570" dealer="0" win="0" bet="20" muck="1" rebuy="0" addon="0" merge="0" rebuychips="0" reg_code="8394257579"/>
</players>
</general>
<round no="0"><action no="1" player="Humbert25" type="15" discard="1" dealt="1" sum="5"/>
<action no="2" player="troybomber" type="15" discard="1" dealt="1" sum="5"/>
<action no="3" player="oreiasccp" type="15" sum="5"/>
<action no="4" player="Humbert25" type="1" discard="1" dealt="1" sum="15"/>
<action no="5" player="troybomber" type="2" discard="1" dealt="1" sum="30"/>
</round>
<round no="1"><cards type="Pocket" player="Humbert25">X X</cards>
<cards type="Pocket" player="troybomber">X X</cards>
<cards type="Pocket" player="oreiasccp">C9 H10</cards>
<action no="6" player="oreiasccp" type="23" sum="60"/>
<action no="7" player="Humbert25" type="0" discard="1" dealt="1" sum="0"/>
<action no="8" player="troybomber" type="0" discard="1" dealt="1" sum="0"/>
</round>
</game>
<game gamecode="11540623044"><general><startdate>2025-06-29 09:41:30</startdate>
<round>1</round>
<failsafecounter/>
<players><player seat="3" name="oreiasccp" chips="555" dealer="0" win="0" bet="35" muck="1" rebuy="0" addon="0" merge="0" rebuychips="0" reg_code="8394257566"/>
<player seat="6" name="Humbert25" chips="550" dealer="1" win="0" bet="5" muck="1" rebuy="0" addon="0" merge="0" rebuychips="0" reg_code="8394257579"/>
<player seat="10" name="troybomber" chips="395" dealer="0" win="75" bet="395" muck="1" rebuy="0" addon="0" merge="0" rebuychips="0" reg_code="8394257652"/>
</players>
</general>
<round no="0"><action no="1" player="troybomber" type="15" discard="1" dealt="1" sum="5"/>
<action no="2" player="oreiasccp" type="15" sum="5"/>
<action no="3" player="Humbert25" type="15" discard="1" dealt="1" sum="5"/>
<action no="4" player="troybomber" type="1" discard="1" dealt="1" sum="15"/>
<action no="5" player="oreiasccp" type="2" sum="30"/>
</round>
<round no="1"><cards type="Pocket" player="oreiasccp">C4 S5</cards>
<cards type="Pocket" player="troybomber">X X</cards>
<cards type="Pocket" player="Humbert25">X X</cards>
<action no="6" player="Humbert25" type="0" discard="1" dealt="1" sum="0"/>
<action no="7" player="troybomber" type="23" discard="1" dealt="1" sum="390"/>
<action no="8" player="oreiasccp" type="0" sum="0"/>
</round>
</game>
<game gamecode="11540623079"><general><startdate>2025-06-29 09:41:43</startdate>
<round>1</round>
<failsafecounter/>
<players><player seat="6" name="Humbert25" chips="545" dealer="0" win="0" bet="65" muck="1" rebuy="0" addon="0" merge="0" rebuychips="0" reg_code="8394257579"/>
<player seat="10" name="troybomber" chips="435" dealer="1" win="150" bet="103" muck="1" rebuy="0" addon="0" merge="0" rebuychips="0" reg_code="8394257652"/>
<player seat="3" name="oreiasccp" chips="520" dealer="0" win="0" bet="20" muck="1" rebuy="0" addon="0" merge="0" rebuychips="0" reg_code="8394257566"/>
</players>
</general>
<round no="0"><action no="1" player="oreiasccp" type="15" sum="5"/>
<action no="2" player="Humbert25" type="15" discard="1" dealt="1" sum="5"/>
<action no="3" player="troybomber" type="15" discard="1" dealt="1" sum="5"/>
<action no="4" player="oreiasccp" type="1" sum="15"/>
<action no="5" player="Humbert25" type="2" discard="1" dealt="1" sum="30"/>
</round>
<round no="1"><cards type="Pocket" player="Humbert25">X X</cards>
<cards type="Pocket" player="troybomber">X X</cards>
<cards type="Pocket" player="oreiasccp">D9 HJ</cards>
<action no="6" player="troybomber" type="23" discard="1" dealt="1" sum="60"/>
<action no="7" player="oreiasccp" type="0" sum="0"/>
<action no="8" player="Humbert25" type="3" discard="1" dealt="1" sum="30"/>
</round>
<round no="2"><cards type="Flop">DQ C3 C5</cards>
<action no="9" player="Humbert25" type="4" discard="1" dealt="1" sum="0"/>
<action no="10" player="troybomber" type="5" discard="1" dealt="1" sum="38"/>
<action no="11" player="Humbert25" type="0" discard="1" dealt="1" sum="0"/>
</round>
</game>
<game gamecode="11540623142"><general><startdate>2025-06-29 09:42:00</startdate>
<round>1</round>
<failsafecounter/>
<players><player seat="10" name="troybomber" chips="520" dealer="0" win="45" bet="35" muck="1" rebuy="0" addon="0" merge="0" rebuychips="0" reg_code="8394257652"/>
<player seat="3" name="oreiasccp" chips="500" dealer="1" win="0" bet="5" muck="1" rebuy="0" addon="0" merge="0" rebuychips="0" reg_code="8394257566"/>
<player seat="6" name="Humbert25" chips="480" dealer="0" win="0" bet="20" muck="1" rebuy="0" addon="0" merge="0" rebuychips="0" reg_code="8394257579"/>
</players>
</general>
<round no="0"><action no="1" player="Humbert25" type="15" discard="1" dealt="1" sum="5"/>
<action no="2" player="troybomber" type="15" discard="1" dealt="1" sum="5"/>
<action no="3" player="oreiasccp" type="15" sum="5"/>
<action no="4" player="Humbert25" type="1" discard="1" dealt="1" sum="15"/>
<action no="5" player="troybomber" type="2" discard="1" dealt="1" sum="30"/>
</round>
<round no="1"><cards type="Pocket" player="Humbert25">X X</cards>
<cards type="Pocket" player="oreiasccp">H10 C6</cards>
<cards type="Pocket" player="troybomber">X X</cards>
<action no="6" player="oreiasccp" type="0" sum="0"/>
<action no="7" player="Humbert25" type="0" discard="1" dealt="1" sum="0"/>
</round>
</game>
<game gamecode="11540623167"><general><startdate>2025-06-29 09:42:08</startdate>
<round>1</round>
<failsafecounter/>
<players><player seat="3" name="oreiasccp" chips="495" dealer="0" win="45" bet="35" muck="1" rebuy="0" addon="0" merge="0" rebuychips="0" reg_code="8394257566"/>
<player seat="6" name="Humbert25" chips="460" dealer="1" win="0" bet="5" muck="1" rebuy="0" addon="0" merge="0" rebuychips="0" reg_code="8394257579"/>
<player seat="10" name="troybomber" chips="545" dealer="0" win="0" bet="20" muck="1" rebuy="0" addon="0" merge="0" rebuychips="0" reg_code="8394257652"/>
</players>
</general>
<round no="0"><action no="1" player="troybomber" type="15" discard="1" dealt="1" sum="5"/>
<action no="2" player="oreiasccp" type="15" sum="5"/>
<action no="3" player="Humbert25" type="15" discard="1" dealt="1" sum="5"/>
<action no="4" player="troybomber" type="1" discard="1" dealt="1" sum="15"/>
<action no="5" player="oreiasccp" type="2" sum="30"/>
</round>
<round no="1"><cards type="Pocket" player="troybomber">X X</cards>
<cards type="Pocket" player="Humbert25">X X</cards>
<cards type="Pocket" player="oreiasccp">H3 C2</cards>
<action no="6" player="Humbert25" type="0" discard="1" dealt="1" sum="0"/>
<action no="7" player="troybomber" type="0" discard="1" dealt="1" sum="0"/>
</round>
</game>
<game gamecode="11540623209"><general><startdate>2025-06-29 09:42:20</startdate>
<round>1</round>
<failsafecounter/>
<players><player seat="6" name="Humbert25" chips="455" dealer="0" win="45" bet="35" muck="1" rebuy="0" addon="0" merge="0" rebuychips="0" reg_code="8394257579"/>
<player seat="10" name="troybomber" chips="525" dealer="1" win="0" bet="5" muck="1" rebuy="0" addon="0" merge="0" rebuychips="0" reg_code="8394257652"/>
<player seat="3" name="oreiasccp" chips="520" dealer="0" win="0" bet="20" muck="1" rebuy="0" addon="0" merge="0" rebuychips="0" reg_code="8394257566"/>
</players>
</general>
<round no="0"><action no="1" player="oreiasccp" type="15" sum="5"/>
<action no="2" player="Humbert25" type="15" discard="1" dealt="1" sum="5"/>
<action no="3" player="troybomber" type="15" discard="1" dealt="1" sum="5"/>
<action no="4" player="oreiasccp" type="1" sum="15"/>
<action no="5" player="Humbert25" type="2" discard="1" dealt="1" sum="30"/>
</round>
<round no="1"><cards type="Pocket" player="Humbert25">X X</cards>
<cards type="Pocket" player="oreiasccp">S3 D9</cards>
<cards type="Pocket" player="troybomber">X X</cards>
<action no="6" player="troybomber" type="0" discard="1" dealt="1" sum="0"/>
<action no="7" player="oreiasccp" type="0" sum="0"/>
</round>
</game>
<game gamecode="11540623257"><general><startdate>2025-06-29 09:42:33</startdate>
<round>1</round>
<failsafecounter/>
<players><player seat="10" name="troybomber" chips="520" dealer="0" win="135" bet="133" muck="1" rebuy="0" addon="0" merge="0" rebuychips="0" reg_code="8394257652"/>
<player seat="3" name="oreiasccp" chips="500" dealer="1" win="0" bet="5" muck="1" rebuy="0" addon="0" merge="0" rebuychips="0" reg_code="8394257566"/>
<player seat="6" name="Humbert25" chips="480" dealer="0" win="0" bet="65" muck="1" rebuy="0" addon="0" merge="0" rebuychips="0" reg_code="8394257579"/>
</players>
</general>
<round no="0"><action no="1" player="Humbert25" type="15" discard="1" dealt="1" sum="5"/>
<action no="2" player="troybomber" type="15" discard="1" dealt="1" sum="5"/>
<action no="3" player="oreiasccp" type="15" sum="5"/>
<action no="4" player="Humbert25" type="1" discard="1" dealt="1" sum="15"/>
<action no="5" player="troybomber" type="2" discard="1" dealt="1" sum="30"/>
</round>
<round no="1"><cards type="Pocket" player="Humbert25">X X</cards>
<cards type="Pocket" player="oreiasccp">D3 DJ</cards>
<cards type="Pocket" player="troybomber">X X</cards>
<action no="6" player="oreiasccp" type="0" sum="0"/>
<action no="7" player="Humbert25" type="3" discard="1" dealt="1" sum="15"/>
<action no="8" player="troybomber" type="4" discard="1" dealt="1" sum="0"/>
</round>
<round no="2"><cards type="Flop">H6 HA SJ</cards>
<action no="9" player="Humbert25" type="4" discard="1" dealt="1" sum="0"/>
<action no="10" player="troybomber" type="5" discard="1" dealt="1" sum="30"/>
<action no="11" player="Humbert25" type="3" discard="1" dealt="1" sum="30"/>
</round>
<round no="3"><cards type="Turn">C5</cards>
<action no="12" player="Humbert25" type="4" discard="1" dealt="1" sum="0"/>
<action no="13" player="troybomber" type="4" discard="1" dealt="1" sum="0"/>
</round>
<round no="4"><cards type="River">D7</cards>
<action no="14" player="Humbert25" type="4" discard="1" dealt="1" sum="0"/>
<action no="15" player="troybomber" type="5" discard="1" dealt="1" sum="68"/>
<action no="16" player="Humbert25" type="0" discard="1" dealt="1" sum="0"/>
</round>
</game>
<game gamecode="11540623400"><general><startdate>2025-06-29 09:43:17</startdate>
<round>1</round>
<failsafecounter/>
<players><player seat="3" name="oreiasccp" chips="495" dealer="0" win="55" bet="45" muck="1" rebuy="0" addon="0" merge="0" rebuychips="0" reg_code="8394257566"/>
<player seat="6" name="Humbert25" chips="415" dealer="1" win="0" bet="5" muck="1" rebuy="0" addon="0" merge="0" rebuychips="0" reg_code="8394257579"/>
<player seat="10" name="troybomber" chips="590" dealer="0" win="0" bet="25" muck="1" rebuy="0" addon="0" merge="0" rebuychips="0" reg_code="8394257652"/>
</players>
</general>
<round no="0"><action no="1" player="troybomber" type="15" discard="1" dealt="1" sum="5"/>
<action no="2" player="oreiasccp" type="15" sum="5"/>
<action no="3" player="Humbert25" type="15" discard="1" dealt="1" sum="5"/>
<action no="4" player="troybomber" type="1" discard="1" dealt="1" sum="20"/>
<action no="5" player="oreiasccp" type="2" sum="40"/>
</round>
<round no="1"><cards type="Pocket" player="Humbert25">X X</cards>
<cards type="Pocket" player="troybomber">X X</cards>
<cards type="Pocket" player="oreiasccp">HA DJ</cards>
<action no="6" player="Humbert25" type="0" discard="1" dealt="1" sum="0"/>
<action no="7" player="troybomber" type="0" discard="1" dealt="1" sum="0"/>
</round>
</game>
<game gamecode="11540623441"><general><startdate>2025-06-29 09:43:27</startdate>
<round>1</round>
<failsafecounter/>
<players><player seat="6" name="Humbert25" chips="410" dealer="0" win="0" bet="45" muck="1" rebuy="0" addon="0" merge="0" rebuychips="0" reg_code="8394257579"/>
<player seat="10" name="troybomber" chips="565" dealer="1" win="115" bet="565" muck="1" rebuy="0" addon="0" merge="0" rebuychips="0" reg_code="8394257652"/>
<player seat="3" name="oreiasccp" chips="525" dealer="0" win="0" bet="25" muck="1" rebuy="0" addon="0" merge="0" rebuychips="0" reg_code="8394257566"/>
</players>
</general>
<round no="0"><action no="1" player="oreiasccp" type="15" sum="5"/>
<action no="2" player="Humbert25" type="15" discard="1" dealt="1" sum="5"/>
<action no="3" player="troybomber" type="15" discard="1" dealt="1" sum="5"/>
<action no="4" player="oreiasccp" type="1" sum="20"/>
<action no="5" player="Humbert25" type="2" discard="1" dealt="1" sum="40"/>
</round>
<round no="1"><cards type="Pocket" player="troybomber">X X</cards>
<cards type="Pocket" player="Humbert25">X X</cards>
<cards type="Pocket" player="oreiasccp">S10 H9</cards>
<action no="6" player="troybomber" type="23" discard="1" dealt="1" sum="560"/>
<action no="7" player="oreiasccp" type="0" sum="0"/>
<action no="8" player="Humbert25" type="0" discard="1" dealt="1" sum="0"/>
</round>
</game>
<game gamecode="11540623474"><general><startdate>2025-06-29 09:43:40</startdate>
<round>1</round>
<failsafecounter/>
<players><player seat="10" name="troybomber" chips="635" dealer="0" win="55" bet="45" muck="1" rebuy="0" addon="0" merge="0" rebuychips="0" reg_code="8394257652"/>
<player seat="3" name="oreiasccp" chips="500" dealer="1" win="0" bet="5" muck="1" rebuy="0" addon="0" merge="0" rebuychips="0" reg_code="8394257566"/>
<player seat="6" name="Humbert25" chips="365" dealer="0" win="0" bet="25" muck="1" rebuy="0" addon="0" merge="0" rebuychips="0" reg_code="8394257579"/>
</players>
</general>
<round no="0"><action no="1" player="Humbert25" type="15" discard="1" dealt="1" sum="5"/>
<action no="2" player="troybomber" type="15" discard="1" dealt="1" sum="5"/>
<action no="3" player="oreiasccp" type="15" sum="5"/>
<action no="4" player="Humbert25" type="1" discard="1" dealt="1" sum="20"/>
<action no="5" player="troybomber" type="2" discard="1" dealt="1" sum="40"/>
</round>
<round no="1"><cards type="Pocket" player="Humbert25">X X</cards>
<cards type="Pocket" player="troybomber">X X</cards>
<cards type="Pocket" player="oreiasccp">C4 DJ</cards>
<action no="6" player="oreiasccp" type="0" sum="0"/>
<action no="7" player="Humbert25" type="0" discard="1" dealt="1" sum="0"/>
</round>
</game>
<game gamecode="11540623541"><general><startdate>2025-06-29 09:43:56</startdate>
<round>1</round>
<failsafecounter/>
<players><player seat="3" name="oreiasccp" chips="495" dealer="0" win="55" bet="45" muck="1" rebuy="0" addon="0" merge="0" rebuychips="0" reg_code="8394257566"/>
<player seat="6" name="Humbert25" chips="340" dealer="1" win="0" bet="5" muck="1" rebuy="0" addon="0" merge="0" rebuychips="0" reg_code="8394257579"/>
<player seat="10" name="troybomber" chips="665" dealer="0" win="0" bet="25" muck="1" rebuy="0" addon="0" merge="0" rebuychips="0" reg_code="8394257652"/>
</players>
</general>
<round no="0"><action no="1" player="troybomber" type="15" discard="1" dealt="1" sum="5"/>
<action no="2" player="oreiasccp" type="15" sum="5"/>
<action no="3" player="Humbert25" type="15" discard="1" dealt="1" sum="5"/>
<action no="4" player="troybomber" type="1" discard="1" dealt="1" sum="20"/>
<action no="5" player="oreiasccp" type="2" sum="40"/>
</round>
<round no="1"><cards type="Pocket" player="oreiasccp">DA S7</cards>
<cards type="Pocket" player="troybomber">X X</cards>
<cards type="Pocket" player="Humbert25">X X</cards>
<action no="6" player="Humbert25" type="0" discard="1" dealt="1" sum="0"/>
<action no="7" player="troybomber" type="0" discard="1" dealt="1" sum="0"/>
</round>
</game>
<game gamecode="11540623582"><general><startdate>2025-06-29 09:44:07</startdate>
<round>1</round>
<failsafecounter/>
<players><player seat="6" name="Humbert25" chips="335" dealer="0" win="55" bet="45" muck="1" rebuy="0" addon="0" merge="0" rebuychips="0" reg_code="8394257579"/>
<player seat="10" name="troybomber" chips="640" dealer="1" win="0" bet="5" muck="1" rebuy="0" addon="0" merge="0" rebuychips="0" reg_code="8394257652"/>
<player seat="3" name="oreiasccp" chips="525" dealer="0" win="0" bet="25" muck="1" rebuy="0" addon="0" merge="0" rebuychips="0" reg_code="8394257566"/>
</players>
</general>
<round no="0"><action no="1" player="oreiasccp" type="15" sum="5"/>
<action no="2" player="Humbert25" type="15" discard="1" dealt="1" sum="5"/>
<action no="3" player="troybomber" type="15" discard="1" dealt="1" sum="5"/>
<action no="4" player="oreiasccp" type="1" sum="20"/>
<action no="5" player="Humbert25" type="2" discard="1" dealt="1" sum="40"/>
</round>
<round no="1"><cards type="Pocket" player="Humbert25">X X</cards>
<cards type="Pocket" player="oreiasccp">C2 H10</cards>
<cards type="Pocket" player="troybomber">X X</cards>
<action no="6" player="troybomber" type="0" discard="1" dealt="1" sum="0"/>
<action no="7" player="oreiasccp" type="0" sum="0"/>
</round>
</game>
<game gamecode="11540623613"><general><startdate>2025-06-29 09:44:16</startdate>
<round>1</round>
<failsafecounter/>
<players><player seat="10" name="troybomber" chips="635" dealer="0" win="0" bet="45" muck="1" rebuy="0" addon="0" merge="0" rebuychips="0" reg_code="8394257652"/>
<player seat="3" name="oreiasccp" chips="500" dealer="1" win="115" bet="500" muck="1" rebuy="0" addon="0" merge="0" rebuychips="0" reg_code="8394257566"/>
<player seat="6" name="Humbert25" chips="365" dealer="0" win="0" bet="25" muck="1" rebuy="0" addon="0" merge="0" rebuychips="0" reg_code="8394257579"/>
</players>
</general>
<round no="0"><action no="1" player="Humbert25" type="15" discard="1" dealt="1" sum="5"/>
<action no="2" player="troybomber" type="15" discard="1" dealt="1" sum="5"/>
<action no="3" player="oreiasccp" type="15" sum="5"/>
<action no="4" player="Humbert25" type="1" discard="1" dealt="1" sum="20"/>
<action no="5" player="troybomber" type="2" discard="1" dealt="1" sum="40"/>
</round>
<round no="1"><cards type="Pocket" player="troybomber">X X</cards>
<cards type="Pocket" player="Humbert25">X X</cards>
<cards type="Pocket" player="oreiasccp">C10 SA</cards>
<action no="6" player="oreiasccp" type="23" sum="495"/>
<action no="7" player="Humbert25" type="0" discard="1" dealt="1" sum="0"/>
<action no="8" player="troybomber" type="0" discard="1" dealt="1" sum="0"/>
</round>
</game>
<game gamecode="11540623665"><general><startdate>2025-06-29 09:44:28</startdate>
<round>1</round>
<failsafecounter/>
<players><player seat="3" name="oreiasccp" chips="570" dealer="0" win="0" bet="45" muck="1" rebuy="0" addon="0" merge="0" rebuychips="0" reg_code="8394257566"/>
<player seat="6" name="Humbert25" chips="340" dealer="1" win="115" bet="340" muck="1" rebuy="0" addon="0" merge="0" rebuychips="0" reg_code="8394257579"/>
<player seat="10" name="troybomber" chips="590" dealer="0" win="0" bet="25" muck="1" rebuy="0" addon="0" merge="0" rebuychips="0" reg_code="8394257652"/>
</players>
</general>
<round no="0"><action no="1" player="troybomber" type="15" discard="1" dealt="1" sum="5"/>
<action no="2" player="oreiasccp" type="15" sum="5"/>
<action no="3" player="Humbert25" type="15" discard="1" dealt="1" sum="5"/>
<action no="4" player="troybomber" type="1" discard="1" dealt="1" sum="20"/>
<action no="5" player="oreiasccp" type="2" sum="40"/>
</round>
<round no="1"><cards type="Pocket" player="troybomber">X X</cards>
<cards type="Pocket" player="Humbert25">X X</cards>
<cards type="Pocket" player="oreiasccp">HQ H8</cards>
<action no="6" player="Humbert25" type="23" discard="1" dealt="1" sum="335"/>
<action no="7" player="troybomber" type="0" discard="1" dealt="1" sum="0"/>
<action no="8" player="oreiasccp" type="0" sum="0"/>
</round>
</game>
<game gamecode="11540623707"><general><startdate>2025-06-29 09:44:39</startdate>
<round>1</round>
<failsafecounter/>
<players><player seat="6" name="Humbert25" chips="410" dealer="0" win="0" bet="45" muck="1" rebuy="0" addon="0" merge="0" rebuychips="0" reg_code="8394257579"/>
<player seat="10" name="troybomber" chips="565" dealer="1" win="0" bet="5" muck="1" rebuy="0" addon="0" merge="0" rebuychips="0" reg_code="8394257652"/>
<player seat="3" name="oreiasccp" chips="525" dealer="0" win="95" bet="410" muck="1" rebuy="0" addon="0" merge="0" rebuychips="0" reg_code="8394257566"/>
</players>
</general>
<round no="0"><action no="1" player="oreiasccp" type="15" sum="5"/>
<action no="2" player="Humbert25" type="15" discard="1" dealt="1" sum="5"/>
<action no="3" player="troybomber" type="15" discard="1" dealt="1" sum="5"/>
<action no="4" player="oreiasccp" type="1" sum="20"/>
<action no="5" player="Humbert25" type="2" discard="1" dealt="1" sum="40"/>
</round>
<round no="1"><cards type="Pocket" player="troybomber">X X</cards>
<cards type="Pocket" player="Humbert25">X X</cards>
<cards type="Pocket" player="oreiasccp">SK H4</cards>
<action no="6" player="troybomber" type="0" discard="1" dealt="1" sum="0"/>
<action no="7" player="oreiasccp" type="23" sum="405"/>
<action no="8" player="Humbert25" type="0" discard="1" dealt="1" sum="0"/>
</round>
</game>
<game gamecode="11540623748"><general><startdate>2025-06-29 09:44:51</startdate>
<round>1</round>
<failsafecounter/>
<players><player seat="10" name="troybomber" chips="560" dealer="0" win="55" bet="45" muck="1" rebuy="0" addon="0" merge="0" rebuychips="0" reg_code="8394257652"/>
<player seat="3" name="oreiasccp" chips="575" dealer="1" win="0" bet="5" muck="1" rebuy="0" addon="0" merge="0" rebuychips="0" reg_code="8394257566"/>
<player seat="6" name="Humbert25" chips="365" dealer="0" win="0" bet="25" muck="1" rebuy="0" addon="0" merge="0" rebuychips="0" reg_code="8394257579"/>
</players>
</general>
<round no="0"><action no="1" player="Humbert25" type="15" discard="1" dealt="1" sum="5"/>
<action no="2" player="troybomber" type="15" discard="1" dealt="1" sum="5"/>
<action no="3" player="oreiasccp" type="15" sum="5"/>
<action no="4" player="Humbert25" type="1" discard="1" dealt="1" sum="20"/>
<action no="5" player="troybomber" type="2" discard="1" dealt="1" sum="40"/>
</round>
<round no="1"><cards type="Pocket" player="oreiasccp">H7 CK</cards>
<cards type="Pocket" player="Humbert25">X X</cards>
<cards type="Pocket" player="troybomber">X X</cards>
<action no="6" player="oreiasccp" type="0" sum="0"/>
<action no="7" player="Humbert25" type="0" discard="1" dealt="1" sum="0"/>
</round>
</game>
<game gamecode="11540623804"><general><startdate>2025-06-29 09:45:02</startdate>
<round>1</round>
<failsafecounter/>
<players><player seat="3" name="oreiasccp" chips="570" dealer="0" win="0" bet="45" muck="1" rebuy="0" addon="0" merge="0" rebuychips="0" reg_code="8394257566"/>
<player seat="6" name="Humbert25" chips="340" dealer="1" win="115" bet="340" muck="1" rebuy="0" addon="0" merge="0" rebuychips="0" reg_code="8394257579"/>
<player seat="10" name="troybomber" chips="590" dealer="0" win="0" bet="25" muck="1" rebuy="0" addon="0" merge="0" rebuychips="0" reg_code="8394257652"/>
</players>
</general>
<round no="0"><action no="1" player="troybomber" type="15" discard="1" dealt="1" sum="5"/>
<action no="2" player="oreiasccp" type="15" sum="5"/>
<action no="3" player="Humbert25" type="15" discard="1" dealt="1" sum="5"/>
<action no="4" player="troybomber" type="1" discard="1" dealt="1" sum="20"/>
<action no="5" player="oreiasccp" type="2" sum="40"/>
</round>
<round no="1"><cards type="Pocket" player="Humbert25">X X</cards>
<cards type="Pocket" player="oreiasccp">D3 S4</cards>
<cards type="Pocket" player="troybomber">X X</cards>
<action no="6" player="Humbert25" type="23" discard="1" dealt="1" sum="335"/>
<action no="7" player="troybomber" type="0" discard="1" dealt="1" sum="0"/>
<action no="8" player="oreiasccp" type="0" sum="0"/>
</round>
</game>
<game gamecode="11540623840"><general><startdate>2025-06-29 09:45:12</startdate>
<round>1</round>
<failsafecounter/>
<players><player seat="6" name="Humbert25" chips="410" dealer="0" win="0" bet="45" muck="1" rebuy="0" addon="0" merge="0" rebuychips="0" reg_code="8394257579"/>
<player seat="10" name="troybomber" chips="565" dealer="1" win="0" bet="5" muck="1" rebuy="0" addon="0" merge="0" rebuychips="0" reg_code="8394257652"/>
<player seat="3" name="oreiasccp" chips="525" dealer="0" win="95" bet="85" muck="1" rebuy="0" addon="0" merge="0" rebuychips="0" reg_code="8394257566"/>
</players>
</general>
<round no="0"><action no="1" player="oreiasccp" type="15" sum="5"/>
<action no="2" player="Humbert25" type="15" discard="1" dealt="1" sum="5"/>
<action no="3" player="troybomber" type="15" discard="1" dealt="1" sum="5"/>
<action no="4" player="oreiasccp" type="1" sum="20"/>
<action no="5" player="Humbert25" type="2" discard="1" dealt="1" sum="40"/>
</round>
<round no="1"><cards type="Pocket" player="troybomber">X X</cards>
<cards type="Pocket" player="oreiasccp">C7 H7</cards>
<cards type="Pocket" player="Humbert25">X X</cards>
<action no="6" player="troybomber" type="0" discard="1" dealt="1" sum="0"/>
<action no="7" player="oreiasccp" type="23" sum="80"/>
<action no="8" player="Humbert25" type="0" discard="1" dealt="1" sum="0"/>
</round>
</game>
<game gamecode="11540623888"><general><startdate>2025-06-29 09:45:25</startdate>
<round>1</round>
<failsafecounter/>
<players><player seat="10" name="troybomber" chips="560" dealer="0" win="0" bet="65" muck="1" rebuy="0" addon="0" merge="0" rebuychips="0" reg_code="8394257652"/>
<player seat="3" name="oreiasccp" chips="575" dealer="1" win="0" bet="560" muck="0" rebuy="0" addon="0" merge="0" rebuychips="0" reg_code="8394257566"/>
<player seat="6" name="Humbert25" chips="365" dealer="0" win="795" bet="365" muck="0" rebuy="0" addon="0" merge="0" rebuychips="0" reg_code="8394257579"/>
</players>
</general>
<round no="0"><action no="1" player="Humbert25" type="15" discard="1" dealt="1" sum="5"/>
<action no="2" player="troybomber" type="15" discard="1" dealt="1" sum="5"/>
<action no="3" player="oreiasccp" type="15" sum="5"/>
<action no="4" player="Humbert25" type="1" discard="1" dealt="1" sum="30"/>
<action no="5" player="troybomber" type="2" discard="1" dealt="1" sum="60"/>
</round>
<round no="1"><cards type="Pocket" player="Humbert25">SK DJ</cards>
<cards type="Pocket" player="troybomber">X X</cards>
<cards type="Pocket" player="oreiasccp">D6 H6</cards>
<action no="6" player="oreiasccp" type="23" sum="555"/>
<action no="7" player="Humbert25" type="7" discard="1" dealt="1" sum="330"/>
<action no="8" player="troybomber" type="0" discard="1" dealt="1" sum="0"/>
</round>
<round no="2"><cards type="Flop">D10 DK CQ</cards>
</round>
<round no="3"><cards type="Turn">H4</cards>
</round>
<round no="4"><cards type="River">C8</cards>
</round>
</game>
<game gamecode="11540628336"><general><startdate>2025-06-29 09:45:43</startdate>
<round>1</round>
<failsafecounter/>
<players><player seat="3" name="oreiasccp" chips="210" dealer="0" win="75" bet="65" muck="1" rebuy="0" addon="0" merge="0" rebuychips="0" reg_code="8394257566"/>
<player seat="6" name="Humbert25" chips="795" dealer="1" win="0" bet="5" muck="1" rebuy="0" addon="0" merge="0" rebuychips="0" reg_code="8394257579"/>
<player seat="10" name="troybomber" chips="495" dealer="0" win="0" bet="35" muck="1" rebuy="0" addon="0" merge="0" rebuychips="0" reg_code="8394257652"/>
</players>
</general>
<round no="0"><action no="1" player="troybomber" type="15" discard="1" dealt="1" sum="5"/>
<action no="2" player="oreiasccp" type="15" sum="5"/>
<action no="3" player="Humbert25" type="15" discard="1" dealt="1" sum="5"/>
<action no="4" player="troybomber" type="1" discard="1" dealt="1" sum="30"/>
<action no="5" player="oreiasccp" type="2" sum="60"/>
</round>
<round no="1"><cards type="Pocket" player="oreiasccp">C2 S9</cards>
<cards type="Pocket" player="troybomber">X X</cards>
<cards type="Pocket" player="Humbert25">X X</cards>
<action no="6" player="Humbert25" type="0" discard="1" dealt="1" sum="0"/>
<action no="7" player="troybomber" type="0" discard="1" dealt="1" sum="0"/>
</round>
</game>
<game gamecode="11540628360"><general><startdate>2025-06-29 09:45:52</startdate>
<round>1</round>
<failsafecounter/>
<players><player seat="6" name="Humbert25" chips="790" dealer="0" win="75" bet="65" muck="1" rebuy="0" addon="0" merge="0" rebuychips="0" reg_code="8394257579"/>
<player seat="10" name="troybomber" chips="460" dealer="1" win="0" bet="5" muck="1" rebuy="0" addon="0" merge="0" rebuychips="0" reg_code="8394257652"/>
<player seat="3" name="oreiasccp" chips="250" dealer="0" win="0" bet="35" muck="1" rebuy="0" addon="0" merge="0" rebuychips="0" reg_code="8394257566"/>
</players>
</general>
<round no="0"><action no="1" player="oreiasccp" type="15" sum="5"/>
<action no="2" player="Humbert25" type="15" discard="1" dealt="1" sum="5"/>
<action no="3" player="troybomber" type="15" discard="1" dealt="1" sum="5"/>
<action no="4" player="oreiasccp" type="1" sum="30"/>
<action no="5" player="Humbert25" type="2" discard="1" dealt="1" sum="60"/>
</round>
<round no="1"><cards type="Pocket" player="troybomber">X X</cards>
<cards type="Pocket" player="oreiasccp">D9 S2</cards>
<cards type="Pocket" player="Humbert25">X X</cards>
<action no="6" player="troybomber" type="0" discard="1" dealt="1" sum="0"/>
<action no="7" player="oreiasccp" type="0" sum="0"/>
</round>
</game>
<game gamecode="11540628380"><general><startdate>2025-06-29 09:45:59</startdate>
<round>1</round>
<failsafecounter/>
<players><player seat="10" name="troybomber" chips="455" dealer="0" win="0" bet="215" muck="1" rebuy="0" addon="0" merge="0" rebuychips="0" reg_code="8394257652"/>
<player seat="3" name="oreiasccp" chips="215" dealer="1" win="465" bet="215" muck="0" rebuy="0" addon="0" merge="0" rebuychips="0" reg_code="8394257566"/>
<player seat="6" name="Humbert25" chips="830" dealer="0" win="0" bet="35" muck="1" rebuy="0" addon="0" merge="0" rebuychips="0" reg_code="8394257579"/>
</players>
</general>
<round no="0"><action no="1" player="Humbert25" type="15" discard="1" dealt="1" sum="5"/>
<action no="2" player="troybomber" type="15" discard="1" dealt="1" sum="5"/>
<action no="3" player="oreiasccp" type="15" sum="5"/>
<action no="4" player="Humbert25" type="1" discard="1" dealt="1" sum="30"/>
<action no="5" player="troybomber" type="2" discard="1" dealt="1" sum="60"/>
</round>
<round no="1"><cards type="Pocket" player="oreiasccp">D7 C7</cards>
<cards type="Pocket" player="Humbert25">X X</cards>
<cards type="Pocket" player="troybomber">SK H7</cards>
<action no="6" player="oreiasccp" type="23" sum="210"/>
<action no="7" player="Humbert25" type="0" discard="1" dealt="1" sum="0"/>
<action no="8" player="troybomber" type="3" discard="1" dealt="1" sum="150"/>
</round>
<round no="2"><cards type="Flop">H9 SQ DA</cards>
</round>
<round no="3"><cards type="Turn">S3</cards>
</round>
<round no="4"><cards type="River">D5</cards>
</round>
</game>
<game gamecode="11540628461"><general><startdate>2025-06-29 09:46:20</startdate>
<round>1</round>
<failsafecounter/>
<players><player seat="3" name="oreiasccp" chips="465" dealer="0" win="75" bet="65" muck="1" rebuy="0" addon="0" merge="0" rebuychips="0" reg_code="8394257566"/>
<player seat="6" name="Humbert25" chips="795" dealer="1" win="0" bet="5" muck="1" rebuy="0" addon="0" merge="0" rebuychips="0" reg_code="8394257579"/>
<player seat="10" name="troybomber" chips="240" dealer="0" win="0" bet="35" muck="1" rebuy="0" addon="0" merge="0" rebuychips="0" reg_code="8394257652"/>
</players>
</general>
<round no="0"><action no="1" player="troybomber" type="15" discard="1" dealt="1" sum="5"/>
<action no="2" player="oreiasccp" type="15" sum="5"/>
<action no="3" player="Humbert25" type="15" discard="1" dealt="1" sum="5"/>
<action no="4" player="troybomber" type="1" discard="1" dealt="1" sum="30"/>
<action no="5" player="oreiasccp" type="2" sum="60"/>
</round>
<round no="1"><cards type="Pocket" player="oreiasccp">DJ CQ</cards>
<cards type="Pocket" player="Humbert25">X X</cards>
<cards type="Pocket" player="troybomber">X X</cards>
<action no="6" player="Humbert25" type="0" discard="1" dealt="1" sum="0"/>
<action no="7" player="troybomber" type="0" discard="1" dealt="1" sum="0"/>
</round>
</game>
<game gamecode="11540628514"><general><startdate>2025-06-29 09:46:34</startdate>
<round>1</round>
<failsafecounter/>
<players><player seat="6" name="Humbert25" chips="790" dealer="0" win="0" bet="205" muck="1" rebuy="0" addon="0" merge="0" rebuychips="0" reg_code="8394257579"/>
<player seat="10" name="troybomber" chips="205" dealer="1" win="445" bet="205" muck="0" rebuy="0" addon="0" merge="0" rebuychips="0" reg_code="8394257652"/>
<player seat="3" name="oreiasccp" chips="505" dealer="0" win="0" bet="35" muck="1" rebuy="0" addon="0" merge="0" rebuychips="0" reg_code="8394257566"/>
</players>
</general>
<round no="0"><action no="1" player="oreiasccp" type="15" sum="5"/>
<action no="2" player="Humbert25" type="15" discard="1" dealt="1" sum="5"/>
<action no="3" player="troybomber" type="15" discard="1" dealt="1" sum="5"/>
<action no="4" player="oreiasccp" type="1" sum="30"/>
<action no="5" player="Humbert25" type="2" discard="1" dealt="1" sum="60"/>
</round>
<round no="1"><cards type="Pocket" player="oreiasccp">S8 CQ</cards>
<cards type="Pocket" player="Humbert25">C7 SQ</cards>
<cards type="Pocket" player="troybomber">CK SJ</cards>
<action no="6" player="troybomber" type="23" discard="1" dealt="1" sum="200"/>
<action no="7" player="oreiasccp" type="0" sum="0"/>
<action no="8" player="Humbert25" type="3" discard="1" dealt="1" sum="140"/>
</round>
<round no="2"><cards type="Flop">H10 H4 SK</cards>
</round>
<round no="3"><cards type="Turn">H5</cards>
</round>
<round no="4"><cards type="River">D5</cards>
</round>
</game>
<game gamecode="11540628574"><general><startdate>2025-06-29 09:46:51</startdate>
<round>1</round>
<failsafecounter/>
<players><player seat="10" name="troybomber" chips="445" dealer="0" win="75" bet="65" muck="1" rebuy="0" addon="0" merge="0" rebuychips="0" reg_code="8394257652"/>
<player seat="3" name="oreiasccp" chips="470" dealer="1" win="0" bet="5" muck="1" rebuy="0" addon="0" merge="0" rebuychips="0" reg_code="8394257566"/>
<player seat="6" name="Humbert25" chips="585" dealer="0" win="0" bet="35" muck="1" rebuy="0" addon="0" merge="0" rebuychips="0" reg_code="8394257579"/>
</players>
</general>
<round no="0"><action no="1" player="Humbert25" type="15" discard="1" dealt="1" sum="5"/>
<action no="2" player="troybomber" type="15" discard="1" dealt="1" sum="5"/>
<action no="3" player="oreiasccp" type="15" sum="5"/>
<action no="4" player="Humbert25" type="1" discard="1" dealt="1" sum="30"/>
<action no="5" player="troybomber" type="2" discard="1" dealt="1" sum="60"/>
</round>
<round no="1"><cards type="Pocket" player="troybomber">X X</cards>
<cards type="Pocket" player="oreiasccp">C9 HJ</cards>
<cards type="Pocket" player="Humbert25">X X</cards>
<action no="6" player="oreiasccp" type="0" sum="0"/>
<action no="7" player="Humbert25" type="0" discard="1" dealt="1" sum="0"/>
</round>
</game>
<game gamecode="11540628599"><general><startdate>2025-06-29 09:46:58</startdate>
<round>1</round>
<failsafecounter/>
<players><player seat="3" name="oreiasccp" chips="465" dealer="0" win="75" bet="65" muck="1" rebuy="0" addon="0" merge="0" rebuychips="0" reg_code="8394257566"/>
<player seat="6" name="Humbert25" chips="550" dealer="1" win="0" bet="5" muck="1" rebuy="0" addon="0" merge="0" rebuychips="0" reg_code="8394257579"/>
<player seat="10" name="troybomber" chips="485" dealer="0" win="0" bet="35" muck="1" rebuy="0" addon="0" merge="0" rebuychips="0" reg_code="8394257652"/>
</players>
</general>
<round no="0"><action no="1" player="troybomber" type="15" discard="1" dealt="1" sum="5"/>
<action no="2" player="oreiasccp" type="15" sum="5"/>
<action no="3" player="Humbert25" type="15" discard="1" dealt="1" sum="5"/>
<action no="4" player="troybomber" type="1" discard="1" dealt="1" sum="30"/>
<action no="5" player="oreiasccp" type="2" sum="60"/>
</round>
<round no="1"><cards type="Pocket" player="Humbert25">X X</cards>
<cards type="Pocket" player="troybomber">X X</cards>
<cards type="Pocket" player="oreiasccp">C8 DA</cards>
<action no="6" player="Humbert25" type="0" discard="1" dealt="1" sum="0"/>
<action no="7" player="troybomber" type="0" discard="1" dealt="1" sum="0"/>
</round>
</game>
<game gamecode="11540628642"><general><startdate>2025-06-29 09:47:08</startdate>
<round>1</round>
<failsafecounter/>
<players><player seat="6" name="Humbert25" chips="545" dealer="0" win="0" bet="65" muck="1" rebuy="0" addon="0" merge="0" rebuychips="0" reg_code="8394257579"/>
<player seat="10" name="troybomber" chips="450" dealer="1" win="0" bet="5" muck="1" rebuy="0" addon="0" merge="0" rebuychips="0" reg_code="8394257652"/>
<player seat="3" name="oreiasccp" chips="505" dealer="0" win="135" bet="505" muck="1" rebuy="0" addon="0" merge="0" rebuychips="0" reg_code="8394257566"/>
</players>
</general>
<round no="0"><action no="1" player="oreiasccp" type="15" sum="5"/>
<action no="2" player="Humbert25" type="15" discard="1" dealt="1" sum="5"/>
<action no="3" player="troybomber" type="15" discard="1" dealt="1" sum="5"/>
<action no="4" player="oreiasccp" type="1" sum="30"/>
<action no="5" player="Humbert25" type="2" discard="1" dealt="1" sum="60"/>
</round>
<round no="1"><cards type="Pocket" player="troybomber">X X</cards>
<cards type="Pocket" player="Humbert25">X X</cards>
<cards type="Pocket" player="oreiasccp">CQ DK</cards>
<action no="6" player="troybomber" type="0" discard="1" dealt="1" sum="0"/>
<action no="7" player="oreiasccp" type="23" sum="500"/>
<action no="8" player="Humbert25" type="0" discard="1" dealt="1" sum="0"/>
</round>
</game>
<game gamecode="11540628673"><general><startdate>2025-06-29 09:47:17</startdate>
<round>1</round>
<failsafecounter/>
<players><player seat="10" name="troybomber" chips="445" dealer="0" win="898" bet="445" muck="0" rebuy="0" addon="0" merge="0" rebuychips="0" reg_code="8394257652"/>
<player seat="3" name="oreiasccp" chips="575" dealer="1" win="0" bet="8" muck="1" rebuy="0" addon="0" merge="0" rebuychips="0" reg_code="8394257566"/>
<player seat="6" name="Humbert25" chips="480" dealer="0" win="0" bet="480" muck="1" rebuy="0" addon="0" merge="0" rebuychips="0" reg_code="8394257579"/>
</players>
</general>
<round no="0"><action no="1" player="Humbert25" type="15" discard="1" dealt="1" sum="8"/>
<action no="2" player="troybomber" type="15" discard="1" dealt="1" sum="8"/>
<action no="3" player="oreiasccp" type="15" sum="8"/>
<action no="4" player="Humbert25" type="1" discard="1" dealt="1" sum="40"/>
<action no="5" player="troybomber" type="2" discard="1" dealt="1" sum="80"/>
</round>
<round no="1"><cards type="Pocket" player="Humbert25">S8 S3</cards>
<cards type="Pocket" player="oreiasccp">C6 H3</cards>
<cards type="Pocket" player="troybomber">S10 HJ</cards>
<action no="6" player="oreiasccp" type="0" sum="0"/>
<action no="7" player="Humbert25" type="23" discard="1" dealt="1" sum="472"/>
<action no="8" player="troybomber" type="7" discard="1" dealt="1" sum="357"/>
</round>
<round no="2"><cards type="Flop">S9 SK DK</cards>
</round>
<round no="3"><cards type="Turn">H4</cards>
</round>
<round no="4"><cards type="River">HA</cards>
</round>
</game>
<game gamecode="11540628734"><general><startdate>2025-06-29 09:47:37</startdate>
<round>1</round>
<failsafecounter/>
<players><player seat="3" name="oreiasccp" chips="567" dealer="0" win="211" bet="567" muck="0" rebuy="0" addon="0" merge="0" rebuychips="0" reg_code="8394257566"/>
<player seat="6" name="Humbert25" chips="35" dealer="1" win="0" bet="35" muck="1" rebuy="0" addon="0" merge="0" rebuychips="0" reg_code="8394257579"/>
<player seat="10" name="troybomber" chips="898" dealer="0" win="0" bet="88" muck="1" rebuy="0" addon="0" merge="0" rebuychips="0" reg_code="8394257652"/>
</players>
</general>
<round no="0"><action no="1" player="troybomber" type="15" discard="1" dealt="1" sum="8"/>
<action no="2" player="oreiasccp" type="15" sum="8"/>
<action no="3" player="Humbert25" type="15" discard="1" dealt="1" sum="8"/>
<action no="4" player="troybomber" type="1" discard="1" dealt="1" sum="40"/>
<action no="5" player="oreiasccp" type="2" sum="80"/>
</round>
<round no="1"><cards type="Pocket" player="troybomber">X X</cards>
<cards type="Pocket" player="oreiasccp">CA HK</cards>
<cards type="Pocket" player="Humbert25">D5 DK</cards>
<action no="6" player="Humbert25" type="7" discard="1" dealt="1" sum="27"/>
<action no="7" player="troybomber" type="3" discard="1" dealt="1" sum="40"/>
<action no="8" player="oreiasccp" type="23" sum="559"/>
<action no="9" player="troybomber" type="0" discard="1" dealt="1" sum="0"/>
</round>
<round no="2"><cards type="Flop">C9 C3 S9</cards>
</round>
<round no="3"><cards type="Turn">H3</cards>
</round>
<round no="4"><cards type="River">S7</cards>
</round>
</game>
<game gamecode="11540628818"><general><startdate>2025-06-29 09:47:59</startdate>
<round>1</round>
<failsafecounter/>
<players><player seat="3" name="oreiasccp" chips="690" dealer="0" win="176" bet="690" muck="1" rebuy="0" addon="0" merge="0" rebuychips="0" reg_code="8394257566"/>
<player seat="10" name="troybomber" chips="810" dealer="1" win="0" bet="88" muck="1" rebuy="0" addon="0" merge="0" rebuychips="0" reg_code="8394257652"/>
</players>
</general>
<round no="0"><action no="1" player="troybomber" type="15" discard="1" dealt="1" sum="8"/>
<action no="2" player="oreiasccp" type="15" sum="8"/>
<action no="3" player="troybomber" type="1" discard="1" dealt="1" sum="40"/>
<action no="4" player="oreiasccp" type="2" sum="80"/>
</round>
<round no="1"><cards type="Pocket" player="oreiasccp">S7 HK</cards>
<cards type="Pocket" player="troybomber">X X</cards>
<action no="5" player="troybomber" type="3" discard="1" dealt="1" sum="40"/>
<action no="6" player="oreiasccp" type="23" sum="682"/>
<action no="7" player="troybomber" type="0" discard="1" dealt="1" sum="0"/>
</round>
</game>
<game gamecode="11540628846"><general><startdate>2025-06-29 09:48:08</startdate>
<round>1</round>
<failsafecounter/>
<players><player seat="10" name="troybomber" chips="722" dealer="0" win="0" bet="88" muck="1" rebuy="0" addon="0" merge="0" rebuychips="0" reg_code="8394257652"/>
<player seat="3" name="oreiasccp" chips="778" dealer="1" win="176" bet="722" muck="1" rebuy="0" addon="0" merge="0" rebuychips="0" reg_code="8394257566"/>
</players>
</general>
<round no="0"><action no="1" player="oreiasccp" type="15" sum="8"/>
<action no="2" player="troybomber" type="15" discard="1" dealt="1" sum="8"/>
<action no="3" player="oreiasccp" type="1" sum="40"/>
<action no="4" player="troybomber" type="2" discard="1" dealt="1" sum="80"/>
</round>
<round no="1"><cards type="Pocket" player="oreiasccp">CK HQ</cards>
<cards type="Pocket" player="troybomber">X X</cards>
<action no="5" player="oreiasccp" type="23" sum="714"/>
<action no="6" player="troybomber" type="0" discard="1" dealt="1" sum="0"/>
</round>
</game>
<game gamecode="11540628873"><general><startdate>2025-06-29 09:48:15</startdate>
<round>1</round>
<failsafecounter/>
<players><player seat="3" name="oreiasccp" chips="866" dealer="0" win="0" bet="88" muck="1" rebuy="0" addon="0" merge="0" rebuychips="0" reg_code="8394257566"/>
<player seat="10" name="troybomber" chips="634" dealer="1" win="176" bet="634" muck="1" rebuy="0" addon="0" merge="0" rebuychips="0" reg_code="8394257652"/>
</players>
</general>
<round no="0"><action no="1" player="troybomber" type="15" discard="1" dealt="1" sum="8"/>
<action no="2" player="oreiasccp" type="15" sum="8"/>
<action no="3" player="troybomber" type="1" discard="1" dealt="1" sum="40"/>
<action no="4" player="oreiasccp" type="2" sum="80"/>
</round>
<round no="1"><cards type="Pocket" player="troybomber">X X</cards>
<cards type="Pocket" player="oreiasccp">C8 D7</cards>
<action no="5" player="troybomber" type="23" discard="1" dealt="1" sum="626"/>
<action no="6" player="oreiasccp" type="0" sum="0"/>
</round>
</game>
<game gamecode="11540628899"><general><startdate>2025-06-29 09:48:21</startdate>
<round>1</round>
<failsafecounter/>
<players><player seat="10" name="troybomber" chips="722" dealer="0" win="0" bet="722" muck="0" rebuy="0" addon="0" merge="0" rebuychips="0" reg_code="8394257652"/>
<player seat="3" name="oreiasccp" chips="778" dealer="1" win="1,444" bet="722" muck="0" rebuy="0" addon="0" merge="0" rebuychips="0" reg_code="8394257566"/>
</players>
</general>
<round no="0"><action no="1" player="oreiasccp" type="15" sum="8"/>
<action no="2" player="troybomber" type="15" discard="1" dealt="1" sum="8"/>
<action no="3" player="oreiasccp" type="1" sum="40"/>
<action no="4" player="troybomber" type="2" discard="1" dealt="1" sum="80"/>
</round>
<round no="1"><cards type="Pocket" player="oreiasccp">CK DK</cards>
<cards type="Pocket" player="troybomber">HK H9</cards>
<action no="5" player="oreiasccp" type="3" sum="40"/>
<action no="6" player="troybomber" type="23" discard="1" dealt="1" sum="714"/>
<action no="7" player="oreiasccp" type="3" sum="634"/>
</round>
<round no="2"><cards type="Flop">D6 SA D10</cards>
</round>
<round no="3"><cards type="Turn">S4</cards>
</round>
<round no="4"><cards type="River">S3</cards>
</round>
</game>
</session>
