<?xml version="1.0" encoding="UTF-8"?>
<session sessioncode="8394271457">
<general>
<client_version>25.1.1.13</client_version>
<mode>real</mode>
<gametype>Holdem NL</gametype>
<tablename>Twister €5 SNG, 1128852062</tablename>
<tournamentcode>1128852061</tournamentcode>
<tournamentname>Twister €5 SNG</tournamentname>
<buyin>€0 + €0.35 + €4.65</buyin>
<totalbuyin>€5</totalbuyin>
<rewarddrawn>€10</rewarddrawn>
<tournamentcurrency>EUR</tournamentcurrency>
<currency>EUR</currency>
<nickname>oreiasccp</nickname>
<gamecount>24</gamecount>
<startdate>2025-06-29 10:24:37</startdate>
<place>2</place>
<win>€0</win>
<tablesize>3</tablesize>
</general>
<game gamecode="11540661670"><general><startdate>2025-06-29 10:24:52</startdate>
<round>1</round>
<failsafecounter/>
<players><player seat="10" name="oreiasccp" chips="500" dealer="0" win="0" bet="20" muck="1" rebuy="0" addon="0" merge="0" rebuychips="0" reg_code="8394271457"/>
<player seat="3" name="mamba024" chips="500" dealer="1" win="0" bet="0" muck="1" rebuy="0" addon="0" merge="0" rebuychips="0" reg_code="8394271443"/>
<player seat="6" name="Cartwright93" chips="500" dealer="0" win="40" bet="50" muck="1" rebuy="0" addon="0" merge="0" rebuychips="0" reg_code="8394271440"/>
</players>
</general>
<round no="0"><action no="1" player="Cartwright93" type="1" discard="1" dealt="1" sum="10"/>
<action no="2" player="oreiasccp" type="2" sum="20"/>
</round>
<round no="1"><cards type="Pocket" player="mamba024">X X</cards>
<cards type="Pocket" player="oreiasccp">CJ S3</cards>
<cards type="Pocket" player="Cartwright93">X X</cards>
<action no="3" player="mamba024" type="0" discard="1" dealt="1" sum="0"/>
<action no="4" player="Cartwright93" type="23" discard="1" dealt="1" sum="50"/>
<action no="5" player="oreiasccp" type="0" sum="0"/>
</round>
</game>
<game gamecode="11540661706"><general><startdate>2025-06-29 10:25:03</startdate>
<round>1</round>
<failsafecounter/>
<players><player seat="3" name="mamba024" chips="500" dealer="0" win="120" bet="120" muck="1" rebuy="0" addon="0" merge="0" rebuychips="0" reg_code="8394271443"/>
<player seat="6" name="Cartwright93" chips="520" dealer="1" win="0" bet="0" muck="1" rebuy="0" addon="0" merge="0" rebuychips="0" reg_code="8394271440"/>
<player seat="10" name="oreiasccp" chips="480" dealer="0" win="0" bet="60" muck="1" rebuy="0" addon="0" merge="0" rebuychips="0" reg_code="8394271457"/>
</players>
</general>
<round no="0"><action no="1" player="oreiasccp" type="1" sum="10"/>
<action no="2" player="mamba024" type="2" discard="1" dealt="1" sum="20"/>
</round>
<round no="1"><cards type="Pocket" player="Cartwright93">X X</cards>
<cards type="Pocket" player="oreiasccp">DA C2</cards>
<cards type="Pocket" player="mamba024">X X</cards>
<action no="3" player="Cartwright93" type="0" discard="1" dealt="1" sum="0"/>
<action no="4" player="oreiasccp" type="23" sum="40"/>
<action no="5" player="mamba024" type="3" discard="1" dealt="1" sum="20"/>
</round>
<round no="2"><cards type="Flop">SQ DK S2</cards>
<action no="6" player="oreiasccp" type="5" sum="20"/>
<action no="7" player="mamba024" type="3" discard="1" dealt="1" sum="20"/>
</round>
<round no="3"><cards type="Turn">S7</cards>
<action no="8" player="oreiasccp" type="4" sum="0"/>
<action no="9" player="mamba024" type="5" discard="1" dealt="1" sum="60"/>
<action no="10" player="oreiasccp" type="0" sum="0"/>
</round>
</game>
<game gamecode="11540661807"><general><startdate>2025-06-29 10:25:28</startdate>
<round>1</round>
<failsafecounter/>
<players><player seat="6" name="Cartwright93" chips="520" dealer="0" win="20" bet="20" muck="1" rebuy="0" addon="0" merge="0" rebuychips="0" reg_code="8394271440"/>
<player seat="10" name="oreiasccp" chips="420" dealer="1" win="0" bet="0" muck="1" rebuy="0" addon="0" merge="0" rebuychips="0" reg_code="8394271457"/>
<player seat="3" name="mamba024" chips="560" dealer="0" win="0" bet="10" muck="1" rebuy="0" addon="0" merge="0" rebuychips="0" reg_code="8394271443"/>
</players>
</general>
<round no="0"><action no="1" player="mamba024" type="1" discard="1" dealt="1" sum="10"/>
<action no="2" player="Cartwright93" type="2" discard="1" dealt="1" sum="20"/>
</round>
<round no="1"><cards type="Pocket" player="oreiasccp">S5 C3</cards>
<cards type="Pocket" player="Cartwright93">X X</cards>
<cards type="Pocket" player="mamba024">X X</cards>
<action no="3" player="oreiasccp" type="0" sum="0"/>
<action no="4" player="mamba024" type="0" discard="1" dealt="1" sum="0"/>
</round>
</game>
<game gamecode="11540661832"><general><startdate>2025-06-29 10:25:34</startdate>
<round>1</round>
<failsafecounter/>
<players><player seat="10" name="oreiasccp" chips="420" dealer="0" win="232" bet="242" muck="1" rebuy="0" addon="0" merge="0" rebuychips="0" reg_code="8394271457"/>
<player seat="3" name="mamba024" chips="550" dealer="1" win="0" bet="0" muck="1" rebuy="0" addon="0" merge="0" rebuychips="0" reg_code="8394271443"/>
<player seat="6" name="Cartwright93" chips="530" dealer="0" win="0" bet="116" muck="1" rebuy="0" addon="0" merge="0" rebuychips="0" reg_code="8394271440"/>
</players>
</general>
<round no="0"><action no="1" player="Cartwright93" type="1" discard="1" dealt="1" sum="10"/>
<action no="2" player="oreiasccp" type="2" sum="20"/>
</round>
<round no="1"><cards type="Pocket" player="Cartwright93">X X</cards>
<cards type="Pocket" player="mamba024">X X</cards>
<cards type="Pocket" player="oreiasccp">DQ C5</cards>
<action no="3" player="mamba024" type="0" discard="1" dealt="1" sum="0"/>
<action no="4" player="Cartwright93" type="3" discard="1" dealt="1" sum="10"/>
<action no="5" player="oreiasccp" type="23" sum="50"/>
<action no="6" player="Cartwright93" type="3" discard="1" dealt="1" sum="30"/>
</round>
<round no="2"><cards type="Flop">D10 SJ S9</cards>
<action no="7" player="Cartwright93" type="4" discard="1" dealt="1" sum="0"/>
<action no="8" player="oreiasccp" type="4" sum="0"/>
</round>
<round no="3"><cards type="Turn">D3</cards>
<action no="9" player="Cartwright93" type="4" discard="1" dealt="1" sum="0"/>
<action no="10" player="oreiasccp" type="4" sum="0"/>
</round>
<round no="4"><cards type="River">C8</cards>
<action no="11" player="Cartwright93" type="5" discard="1" dealt="1" sum="66"/>
<action no="12" player="oreiasccp" type="23" sum="192"/>
<action no="13" player="Cartwright93" type="0" discard="1" dealt="1" sum="0"/>
</round>
</game>
<game gamecode="11540662068"><general><startdate>2025-06-29 10:26:37</startdate>
<round>1</round>
<failsafecounter/>
<players><player seat="3" name="mamba024" chips="550" dealer="0" win="20" bet="20" muck="1" rebuy="0" addon="0" merge="0" rebuychips="0" reg_code="8394271443"/>
<player seat="6" name="Cartwright93" chips="414" dealer="1" win="0" bet="0" muck="1" rebuy="0" addon="0" merge="0" rebuychips="0" reg_code="8394271440"/>
<player seat="10" name="oreiasccp" chips="536" dealer="0" win="0" bet="10" muck="1" rebuy="0" addon="0" merge="0" rebuychips="0" reg_code="8394271457"/>
</players>
</general>
<round no="0"><action no="1" player="oreiasccp" type="1" sum="10"/>
<action no="2" player="mamba024" type="2" discard="1" dealt="1" sum="20"/>
</round>
<round no="1"><cards type="Pocket" player="Cartwright93">X X</cards>
<cards type="Pocket" player="oreiasccp">C9 H5</cards>
<cards type="Pocket" player="mamba024">X X</cards>
<action no="3" player="Cartwright93" type="0" discard="1" dealt="1" sum="0"/>
<action no="4" player="oreiasccp" type="0" sum="0"/>
</round>
</game>
<game gamecode="11540662108"><general><startdate>2025-06-29 10:26:46</startdate>
<round>1</round>
<failsafecounter/>
<players><player seat="6" name="Cartwright93" chips="414" dealer="0" win="20" bet="20" muck="1" rebuy="0" addon="0" merge="0" rebuychips="0" reg_code="8394271440"/>
<player seat="10" name="oreiasccp" chips="526" dealer="1" win="0" bet="0" muck="1" rebuy="0" addon="0" merge="0" rebuychips="0" reg_code="8394271457"/>
<player seat="3" name="mamba024" chips="560" dealer="0" win="0" bet="10" muck="1" rebuy="0" addon="0" merge="0" rebuychips="0" reg_code="8394271443"/>
</players>
</general>
<round no="0"><action no="1" player="mamba024" type="1" discard="1" dealt="1" sum="10"/>
<action no="2" player="Cartwright93" type="2" discard="1" dealt="1" sum="20"/>
</round>
<round no="1"><cards type="Pocket" player="mamba024">X X</cards>
<cards type="Pocket" player="Cartwright93">X X</cards>
<cards type="Pocket" player="oreiasccp">D2 C8</cards>
<action no="3" player="oreiasccp" type="0" sum="0"/>
<action no="4" player="mamba024" type="0" discard="1" dealt="1" sum="0"/>
</round>
</game>
<game gamecode="11540662133"><general><startdate>2025-06-29 10:26:53</startdate>
<round>1</round>
<failsafecounter/>
<players><player seat="10" name="oreiasccp" chips="526" dealer="0" win="45" bet="35" muck="1" rebuy="0" addon="0" merge="0" rebuychips="0" reg_code="8394271457"/>
<player seat="3" name="mamba024" chips="550" dealer="1" win="0" bet="5" muck="1" rebuy="0" addon="0" merge="0" rebuychips="0" reg_code="8394271443"/>
<player seat="6" name="Cartwright93" chips="424" dealer="0" win="0" bet="20" muck="1" rebuy="0" addon="0" merge="0" rebuychips="0" reg_code="8394271440"/>
</players>
</general>
<round no="0"><action no="1" player="Cartwright93" type="15" discard="1" dealt="1" sum="5"/>
<action no="2" player="oreiasccp" type="15" sum="5"/>
<action no="3" player="mamba024" type="15" discard="1" dealt="1" sum="5"/>
<action no="4" player="Cartwright93" type="1" discard="1" dealt="1" sum="15"/>
<action no="5" player="oreiasccp" type="2" sum="30"/>
</round>
<round no="1"><cards type="Pocket" player="Cartwright93">X X</cards>
<cards type="Pocket" player="oreiasccp">HQ H10</cards>
<cards type="Pocket" player="mamba024">X X</cards>
<action no="6" player="mamba024" type="0" discard="1" dealt="1" sum="0"/>
<action no="7" player="Cartwright93" type="0" discard="1" dealt="1" sum="0"/>
</round>
</game>
<game gamecode="11540662180"><general><startdate>2025-06-29 10:27:00</startdate>
<round>1</round>
<failsafecounter/>
<players><player seat="3" name="mamba024" chips="545" dealer="0" win="0" bet="35" muck="1" rebuy="0" addon="0" merge="0" rebuychips="0" reg_code="8394271443"/>
<player seat="6" name="Cartwright93" chips="404" dealer="1" win="0" bet="404" muck="0" rebuy="0" addon="0" merge="0" rebuychips="0" reg_code="8394271440"/>
<player seat="10" name="oreiasccp" chips="551" dealer="0" win="843" bet="551" muck="0" rebuy="0" addon="0" merge="0" rebuychips="0" reg_code="8394271457"/>
</players>
</general>
<round no="0"><action no="1" player="oreiasccp" type="15" sum="5"/>
<action no="2" player="mamba024" type="15" discard="1" dealt="1" sum="5"/>
<action no="3" player="Cartwright93" type="15" discard="1" dealt="1" sum="5"/>
<action no="4" player="oreiasccp" type="1" sum="15"/>
<action no="5" player="mamba024" type="2" discard="1" dealt="1" sum="30"/>
</round>
<round no="1"><cards type="Pocket" player="mamba024">X X</cards>
<cards type="Pocket" player="oreiasccp">D4 C4</cards>
<cards type="Pocket" player="Cartwright93">H8 SA</cards>
<action no="6" player="Cartwright93" type="23" discard="1" dealt="1" sum="399"/>
<action no="7" player="oreiasccp" type="7" sum="531"/>
<action no="8" player="mamba024" type="0" discard="1" dealt="1" sum="0"/>
</round>
<round no="2"><cards type="Flop">H9 H5 SK</cards>
</round>
<round no="3"><cards type="Turn">CJ</cards>
</round>
<round no="4"><cards type="River">H3</cards>
</round>
</game>
<game gamecode="11540662223"><general><startdate>2025-06-29 10:27:18</startdate>
<round>1</round>
<failsafecounter/>
<players><player seat="3" name="mamba024" chips="510" dealer="0" win="40" bet="35" muck="1" rebuy="0" addon="0" merge="0" rebuychips="0" reg_code="8394271443"/>
<player seat="10" name="oreiasccp" chips="990" dealer="1" win="0" bet="20" muck="1" rebuy="0" addon="0" merge="0" rebuychips="0" reg_code="8394271457"/>
</players>
</general>
<round no="0"><action no="1" player="oreiasccp" type="15" sum="5"/>
<action no="2" player="mamba024" type="15" discard="1" dealt="1" sum="5"/>
<action no="3" player="oreiasccp" type="1" sum="15"/>
<action no="4" player="mamba024" type="2" discard="1" dealt="1" sum="30"/>
</round>
<round no="1"><cards type="Pocket" player="oreiasccp">C2 S6</cards>
<cards type="Pocket" player="mamba024">X X</cards>
<action no="5" player="oreiasccp" type="0" sum="0"/>
</round>
</game>
<game gamecode="11540662255"><general><startdate>2025-06-29 10:27:23</startdate>
<round>1</round>
<failsafecounter/>
<players><player seat="10" name="oreiasccp" chips="970" dealer="0" win="130" bet="530" muck="1" rebuy="0" addon="0" merge="0" rebuychips="0" reg_code="8394271457"/>
<player seat="3" name="mamba024" chips="530" dealer="1" win="0" bet="65" muck="1" rebuy="0" addon="0" merge="0" rebuychips="0" reg_code="8394271443"/>
</players>
</general>
<round no="0"><action no="1" player="mamba024" type="15" discard="1" dealt="1" sum="5"/>
<action no="2" player="oreiasccp" type="15" sum="5"/>
<action no="3" player="mamba024" type="1" discard="1" dealt="1" sum="15"/>
<action no="4" player="oreiasccp" type="2" sum="30"/>
</round>
<round no="1"><cards type="Pocket" player="mamba024">X X</cards>
<cards type="Pocket" player="oreiasccp">S8 D8</cards>
<action no="5" player="mamba024" type="23" discard="1" dealt="1" sum="60"/>
<action no="6" player="oreiasccp" type="23" sum="525"/>
<action no="7" player="mamba024" type="0" discard="1" dealt="1" sum="0"/>
</round>
</game>
<game gamecode="11540662290"><general><startdate>2025-06-29 10:27:32</startdate>
<round>1</round>
<failsafecounter/>
<players><player seat="3" name="mamba024" chips="465" dealer="0" win="930" bet="465" muck="0" rebuy="0" addon="0" merge="0" rebuychips="0" reg_code="8394271443"/>
<player seat="10" name="oreiasccp" chips="1,035" dealer="1" win="0" bet="465" muck="1" rebuy="0" addon="0" merge="0" rebuychips="0" reg_code="8394271457"/>
</players>
</general>
<round no="0"><action no="1" player="oreiasccp" type="15" sum="5"/>
<action no="2" player="mamba024" type="15" discard="1" dealt="1" sum="5"/>
<action no="3" player="oreiasccp" type="1" sum="15"/>
<action no="4" player="mamba024" type="2" discard="1" dealt="1" sum="30"/>
</round>
<round no="1"><cards type="Pocket" player="mamba024">S10 DQ</cards>
<cards type="Pocket" player="oreiasccp">C10 DK</cards>
<action no="5" player="oreiasccp" type="3" sum="15"/>
<action no="6" player="mamba024" type="23" discard="1" dealt="1" sum="60"/>
<action no="7" player="oreiasccp" type="3" sum="30"/>
</round>
<round no="2"><cards type="Flop">H10 SK SJ</cards>
<action no="8" player="mamba024" type="5" discard="1" dealt="1" sum="65"/>
<action no="9" player="oreiasccp" type="3" sum="65"/>
</round>
<round no="3"><cards type="Turn">CA</cards>
<action no="10" player="mamba024" type="5" discard="1" dealt="1" sum="130"/>
<action no="11" player="oreiasccp" type="3" sum="130"/>
</round>
<round no="4"><cards type="River">S7</cards>
<action no="12" player="mamba024" type="5" discard="1" dealt="1" sum="205"/>
<action no="13" player="oreiasccp" type="3" sum="205"/>
</round>
</game>
<game gamecode="11540662405"><general><startdate>2025-06-29 10:28:01</startdate>
<round>1</round>
<failsafecounter/>
<players><player seat="10" name="oreiasccp" chips="570" dealer="0" win="0" bet="143" muck="1" rebuy="0" addon="0" merge="0" rebuychips="0" reg_code="8394271457"/>
<player seat="3" name="mamba024" chips="930" dealer="1" win="286" bet="323" muck="1" rebuy="0" addon="0" merge="0" rebuychips="0" reg_code="8394271443"/>
</players>
</general>
<round no="0"><action no="1" player="mamba024" type="15" discard="1" dealt="1" sum="5"/>
<action no="2" player="oreiasccp" type="15" sum="5"/>
<action no="3" player="mamba024" type="1" discard="1" dealt="1" sum="15"/>
<action no="4" player="oreiasccp" type="2" sum="30"/>
</round>
<round no="1"><cards type="Pocket" player="mamba024">X X</cards>
<cards type="Pocket" player="oreiasccp">HJ CK</cards>
<action no="5" player="mamba024" type="3" discard="1" dealt="1" sum="15"/>
<action no="6" player="oreiasccp" type="23" sum="90"/>
<action no="7" player="mamba024" type="3" discard="1" dealt="1" sum="60"/>
</round>
<round no="2"><cards type="Flop">CA C7 S3</cards>
<action no="8" player="oreiasccp" type="5" sum="48"/>
<action no="9" player="mamba024" type="3" discard="1" dealt="1" sum="48"/>
</round>
<round no="3"><cards type="Turn">D7</cards>
<action no="10" player="oreiasccp" type="4" sum="0"/>
<action no="11" player="mamba024" type="5" discard="1" dealt="1" sum="180"/>
<action no="12" player="oreiasccp" type="0" sum="0"/>
</round>
</game>
<game gamecode="11540662486"><general><startdate>2025-06-29 10:28:22</startdate>
<round>1</round>
<failsafecounter/>
<players><player seat="3" name="mamba024" chips="1,073" dealer="0" win="40" bet="35" muck="1" rebuy="0" addon="0" merge="0" rebuychips="0" reg_code="8394271443"/>
<player seat="10" name="oreiasccp" chips="427" dealer="1" win="0" bet="20" muck="1" rebuy="0" addon="0" merge="0" rebuychips="0" reg_code="8394271457"/>
</players>
</general>
<round no="0"><action no="1" player="oreiasccp" type="15" sum="5"/>
<action no="2" player="mamba024" type="15" discard="1" dealt="1" sum="5"/>
<action no="3" player="oreiasccp" type="1" sum="15"/>
<action no="4" player="mamba024" type="2" discard="1" dealt="1" sum="30"/>
</round>
<round no="1"><cards type="Pocket" player="oreiasccp">S10 H4</cards>
<cards type="Pocket" player="mamba024">X X</cards>
<action no="5" player="oreiasccp" type="0" sum="0"/>
</round>
</game>
<game gamecode="11540662515"><general><startdate>2025-06-29 10:28:27</startdate>
<round>1</round>
<failsafecounter/>
<players><player seat="10" name="oreiasccp" chips="407" dealer="0" win="40" bet="35" muck="1" rebuy="0" addon="0" merge="0" rebuychips="0" reg_code="8394271457"/>
<player seat="3" name="mamba024" chips="1,093" dealer="1" win="0" bet="20" muck="1" rebuy="0" addon="0" merge="0" rebuychips="0" reg_code="8394271443"/>
</players>
</general>
<round no="0"><action no="1" player="mamba024" type="15" discard="1" dealt="1" sum="5"/>
<action no="2" player="oreiasccp" type="15" sum="5"/>
<action no="3" player="mamba024" type="1" discard="1" dealt="1" sum="15"/>
<action no="4" player="oreiasccp" type="2" sum="30"/>
</round>
<round no="1"><cards type="Pocket" player="mamba024">X X</cards>
<cards type="Pocket" player="oreiasccp">H6 H7</cards>
<action no="5" player="mamba024" type="0" discard="1" dealt="1" sum="0"/>
</round>
</game>
<game gamecode="11540662542"><general><startdate>2025-06-29 10:28:34</startdate>
<round>1</round>
<failsafecounter/>
<players><player seat="3" name="mamba024" chips="1,073" dealer="0" win="0" bet="35" muck="1" rebuy="0" addon="0" merge="0" rebuychips="0" reg_code="8394271443"/>
<player seat="10" name="oreiasccp" chips="427" dealer="1" win="70" bet="65" muck="1" rebuy="0" addon="0" merge="0" rebuychips="0" reg_code="8394271457"/>
</players>
</general>
<round no="0"><action no="1" player="oreiasccp" type="15" sum="5"/>
<action no="2" player="mamba024" type="15" discard="1" dealt="1" sum="5"/>
<action no="3" player="oreiasccp" type="1" sum="15"/>
<action no="4" player="mamba024" type="2" discard="1" dealt="1" sum="30"/>
</round>
<round no="1"><cards type="Pocket" player="mamba024">X X</cards>
<cards type="Pocket" player="oreiasccp">CK D6</cards>
<action no="5" player="oreiasccp" type="23" sum="60"/>
<action no="6" player="mamba024" type="0" discard="1" dealt="1" sum="0"/>
</round>
</game>
<game gamecode="11540662580"><general><startdate>2025-06-29 10:28:43</startdate>
<round>1</round>
<failsafecounter/>
<players><player seat="10" name="oreiasccp" chips="462" dealer="0" win="0" bet="86" muck="0" rebuy="0" addon="0" merge="0" rebuychips="0" reg_code="8394271457"/>
<player seat="3" name="mamba024" chips="1,038" dealer="1" win="172" bet="86" muck="0" rebuy="0" addon="0" merge="0" rebuychips="0" reg_code="8394271443"/>
</players>
</general>
<round no="0"><action no="1" player="mamba024" type="15" discard="1" dealt="1" sum="5"/>
<action no="2" player="oreiasccp" type="15" sum="5"/>
<action no="3" player="mamba024" type="1" discard="1" dealt="1" sum="15"/>
<action no="4" player="oreiasccp" type="2" sum="30"/>
</round>
<round no="1"><cards type="Pocket" player="mamba024">SQ C3</cards>
<cards type="Pocket" player="oreiasccp">C10 S8</cards>
<action no="5" player="mamba024" type="3" discard="1" dealt="1" sum="15"/>
<action no="6" player="oreiasccp" type="4" sum="0"/>
</round>
<round no="2"><cards type="Flop">HK S4 H6</cards>
<action no="7" player="oreiasccp" type="4" sum="0"/>
<action no="8" player="mamba024" type="4" discard="1" dealt="1" sum="0"/>
</round>
<round no="3"><cards type="Turn">SJ</cards>
<action no="9" player="oreiasccp" type="4" sum="0"/>
<action no="10" player="mamba024" type="4" discard="1" dealt="1" sum="0"/>
</round>
<round no="4"><cards type="River">H3</cards>
<action no="11" player="oreiasccp" type="5" sum="51"/>
<action no="12" player="mamba024" type="3" discard="1" dealt="1" sum="51"/>
</round>
</game>
<game gamecode="11540662667"><general><startdate>2025-06-29 10:29:04</startdate>
<round>1</round>
<failsafecounter/>
<players><player seat="3" name="mamba024" chips="1,124" dealer="0" win="0" bet="376" muck="1" rebuy="0" addon="0" merge="0" rebuychips="0" reg_code="8394271443"/>
<player seat="10" name="oreiasccp" chips="376" dealer="1" win="752" bet="376" muck="0" rebuy="0" addon="0" merge="0" rebuychips="0" reg_code="8394271457"/>
</players>
</general>
<round no="0"><action no="1" player="oreiasccp" type="15" sum="5"/>
<action no="2" player="mamba024" type="15" discard="1" dealt="1" sum="5"/>
<action no="3" player="oreiasccp" type="1" sum="20"/>
<action no="4" player="mamba024" type="2" discard="1" dealt="1" sum="40"/>
</round>
<round no="1"><cards type="Pocket" player="mamba024">H9 D9</cards>
<cards type="Pocket" player="oreiasccp">S6 S4</cards>
<action no="5" player="oreiasccp" type="23" sum="371"/>
<action no="6" player="mamba024" type="3" discard="1" dealt="1" sum="331"/>
</round>
<round no="2"><cards type="Flop">SA S10 H6</cards>
</round>
<round no="3"><cards type="Turn">HA</cards>
</round>
<round no="4"><cards type="River">SK</cards>
</round>
</game>
<game gamecode="11540662730"><general><startdate>2025-06-29 10:29:21</startdate>
<round>1</round>
<failsafecounter/>
<players><player seat="10" name="oreiasccp" chips="752" dealer="0" win="50" bet="45" muck="1" rebuy="0" addon="0" merge="0" rebuychips="0" reg_code="8394271457"/>
<player seat="3" name="mamba024" chips="748" dealer="1" win="0" bet="25" muck="1" rebuy="0" addon="0" merge="0" rebuychips="0" reg_code="8394271443"/>
</players>
</general>
<round no="0"><action no="1" player="mamba024" type="15" discard="1" dealt="1" sum="5"/>
<action no="2" player="oreiasccp" type="15" sum="5"/>
<action no="3" player="mamba024" type="1" discard="1" dealt="1" sum="20"/>
<action no="4" player="oreiasccp" type="2" sum="40"/>
</round>
<round no="1"><cards type="Pocket" player="oreiasccp">H10 HK</cards>
<cards type="Pocket" player="mamba024">X X</cards>
<action no="5" player="mamba024" type="0" discard="1" dealt="1" sum="0"/>
</round>
</game>
<game gamecode="11540662761"><general><startdate>2025-06-29 10:29:27</startdate>
<round>1</round>
<failsafecounter/>
<players><player seat="3" name="mamba024" chips="723" dealer="0" win="170" bet="723" muck="1" rebuy="0" addon="0" merge="0" rebuychips="0" reg_code="8394271443"/>
<player seat="10" name="oreiasccp" chips="777" dealer="1" win="0" bet="85" muck="1" rebuy="0" addon="0" merge="0" rebuychips="0" reg_code="8394271457"/>
</players>
</general>
<round no="0"><action no="1" player="oreiasccp" type="15" sum="5"/>
<action no="2" player="mamba024" type="15" discard="1" dealt="1" sum="5"/>
<action no="3" player="oreiasccp" type="1" sum="20"/>
<action no="4" player="mamba024" type="2" discard="1" dealt="1" sum="40"/>
</round>
<round no="1"><cards type="Pocket" player="mamba024">X X</cards>
<cards type="Pocket" player="oreiasccp">S9 DQ</cards>
<action no="5" player="oreiasccp" type="23" sum="80"/>
<action no="6" player="mamba024" type="23" discard="1" dealt="1" sum="718"/>
<action no="7" player="oreiasccp" type="0" sum="0"/>
</round>
</game>
<game gamecode="11540662789"><general><startdate>2025-06-29 10:29:36</startdate>
<round>1</round>
<failsafecounter/>
<players><player seat="10" name="oreiasccp" chips="692" dealer="0" win="0" bet="45" muck="1" rebuy="0" addon="0" merge="0" rebuychips="0" reg_code="8394271457"/>
<player seat="3" name="mamba024" chips="808" dealer="1" win="90" bet="808" muck="1" rebuy="0" addon="0" merge="0" rebuychips="0" reg_code="8394271443"/>
</players>
</general>
<round no="0"><action no="1" player="mamba024" type="15" discard="1" dealt="1" sum="5"/>
<action no="2" player="oreiasccp" type="15" sum="5"/>
<action no="3" player="mamba024" type="1" discard="1" dealt="1" sum="20"/>
<action no="4" player="oreiasccp" type="2" sum="40"/>
</round>
<round no="1"><cards type="Pocket" player="oreiasccp">S4 H7</cards>
<cards type="Pocket" player="mamba024">X X</cards>
<action no="5" player="mamba024" type="23" discard="1" dealt="1" sum="803"/>
<action no="6" player="oreiasccp" type="0" sum="0"/>
</round>
</game>
<game gamecode="11540662817"><general><startdate>2025-06-29 10:29:44</startdate>
<round>1</round>
<failsafecounter/>
<players><player seat="3" name="mamba024" chips="853" dealer="0" win="680" bet="853" muck="1" rebuy="0" addon="0" merge="0" rebuychips="0" reg_code="8394271443"/>
<player seat="10" name="oreiasccp" chips="647" dealer="1" win="0" bet="340" muck="1" rebuy="0" addon="0" merge="0" rebuychips="0" reg_code="8394271457"/>
</players>
</general>
<round no="0"><action no="1" player="oreiasccp" type="15" sum="5"/>
<action no="2" player="mamba024" type="15" discard="1" dealt="1" sum="5"/>
<action no="3" player="oreiasccp" type="1" sum="20"/>
<action no="4" player="mamba024" type="2" discard="1" dealt="1" sum="40"/>
</round>
<round no="1"><cards type="Pocket" player="mamba024">X X</cards>
<cards type="Pocket" player="oreiasccp">C9 CQ</cards>
<action no="5" player="oreiasccp" type="3" sum="20"/>
<action no="6" player="mamba024" type="23" discard="1" dealt="1" sum="80"/>
<action no="7" player="oreiasccp" type="3" sum="40"/>
</round>
<round no="2"><cards type="Flop">C7 C2 SJ</cards>
<action no="8" player="mamba024" type="5" discard="1" dealt="1" sum="85"/>
<action no="9" player="oreiasccp" type="3" sum="85"/>
</round>
<round no="3"><cards type="Turn">S5</cards>
<action no="10" player="mamba024" type="5" discard="1" dealt="1" sum="170"/>
<action no="11" player="oreiasccp" type="3" sum="170"/>
</round>
<round no="4"><cards type="River">D5</cards>
<action no="12" player="mamba024" type="5" discard="1" dealt="1" sum="513"/>
<action no="13" player="oreiasccp" type="0" sum="0"/>
</round>
</game>
<game gamecode="11540662897"><general><startdate>2025-06-29 10:30:06</startdate>
<round>1</round>
<failsafecounter/>
<players><player seat="10" name="oreiasccp" chips="307" dealer="0" win="50" bet="45" muck="1" rebuy="0" addon="0" merge="0" rebuychips="0" reg_code="8394271457"/>
<player seat="3" name="mamba024" chips="1,193" dealer="1" win="0" bet="25" muck="1" rebuy="0" addon="0" merge="0" rebuychips="0" reg_code="8394271443"/>
</players>
</general>
<round no="0"><action no="1" player="mamba024" type="15" discard="1" dealt="1" sum="5"/>
<action no="2" player="oreiasccp" type="15" sum="5"/>
<action no="3" player="mamba024" type="1" discard="1" dealt="1" sum="20"/>
<action no="4" player="oreiasccp" type="2" sum="40"/>
</round>
<round no="1"><cards type="Pocket" player="mamba024">X X</cards>
<cards type="Pocket" player="oreiasccp">DA C10</cards>
<action no="5" player="mamba024" type="0" discard="1" dealt="1" sum="0"/>
</round>
</game>
<game gamecode="11540662922"><general><startdate>2025-06-29 10:30:11</startdate>
<round>1</round>
<failsafecounter/>
<players><player seat="3" name="mamba024" chips="1,168" dealer="0" win="0" bet="45" muck="1" rebuy="0" addon="0" merge="0" rebuychips="0" reg_code="8394271443"/>
<player seat="10" name="oreiasccp" chips="332" dealer="1" win="90" bet="332" muck="1" rebuy="0" addon="0" merge="0" rebuychips="0" reg_code="8394271457"/>
</players>
</general>
<round no="0"><action no="1" player="oreiasccp" type="15" sum="5"/>
<action no="2" player="mamba024" type="15" discard="1" dealt="1" sum="5"/>
<action no="3" player="oreiasccp" type="1" sum="20"/>
<action no="4" player="mamba024" type="2" discard="1" dealt="1" sum="40"/>
</round>
<round no="1"><cards type="Pocket" player="oreiasccp">H4 CK</cards>
<cards type="Pocket" player="mamba024">X X</cards>
<action no="5" player="oreiasccp" type="23" sum="327"/>
<action no="6" player="mamba024" type="0" discard="1" dealt="1" sum="0"/>
</round>
</game>
<game gamecode="11540662952"><general><startdate>2025-06-29 10:30:18</startdate>
<round>1</round>
<failsafecounter/>
<players><player seat="10" name="oreiasccp" chips="377" dealer="0" win="0" bet="377" muck="0" rebuy="0" addon="0" merge="0" rebuychips="0" reg_code="8394271457"/>
<player seat="3" name="mamba024" chips="1,123" dealer="1" win="754" bet="377" muck="0" rebuy="0" addon="0" merge="0" rebuychips="0" reg_code="8394271443"/>
</players>
</general>
<round no="0"><action no="1" player="mamba024" type="15" discard="1" dealt="1" sum="5"/>
<action no="2" player="oreiasccp" type="15" sum="5"/>
<action no="3" player="mamba024" type="1" discard="1" dealt="1" sum="20"/>
<action no="4" player="oreiasccp" type="2" sum="40"/>
</round>
<round no="1"><cards type="Pocket" player="mamba024">H9 DK</cards>
<cards type="Pocket" player="oreiasccp">H8 HK</cards>
<action no="5" player="mamba024" type="3" discard="1" dealt="1" sum="20"/>
<action no="6" player="oreiasccp" type="23" sum="372"/>
<action no="7" player="mamba024" type="3" discard="1" dealt="1" sum="332"/>
</round>
<round no="2"><cards type="Flop">C6 S6 CQ</cards>
</round>
<round no="3"><cards type="Turn">S3</cards>
</round>
<round no="4"><cards type="River">D2</cards>
</round>
</game>
</session>
