<?xml version="1.0" encoding="UTF-8"?>
<session sessioncode="8394253205">
<general>
<client_version>25.1.1.13</client_version>
<mode>real</mode>
<gametype>Holdem NL</gametype>
<tablename>Twister €5 SNG, 1128849326</tablename>
<tournamentcode>1128849324</tournamentcode>
<tournamentname>Twister €5 SNG</tournamentname>
<buyin>€0 + €0.35 + €4.65</buyin>
<totalbuyin>€5</totalbuyin>
<rewarddrawn>€10</rewarddrawn>
<tournamentcurrency>EUR</tournamentcurrency>
<currency>EUR</currency>
<nickname>oreiasccp</nickname>
<gamecount>28</gamecount>
<startdate>2025-06-29 09:22:45</startdate>
<place>1</place>
<win>€10</win>
<tablesize>3</tablesize>
</general>
<game gamecode="11540609966"><general><startdate>2025-06-29 09:23:00</startdate>
<round>1</round>
<failsafecounter/>
<players><player seat="10" name="1M4MePlZ" chips="500" dealer="0" win="20" bet="20" muck="1" rebuy="0" addon="0" merge="0" rebuychips="0" reg_code="8394253251"/>
<player seat="3" name="Shrewdsong887" chips="500" dealer="1" win="0" bet="0" muck="1" rebuy="0" addon="0" merge="0" rebuychips="0" reg_code="8394253203"/>
<player seat="6" name="oreiasccp" chips="500" dealer="0" win="0" bet="10" muck="1" rebuy="0" addon="0" merge="0" rebuychips="0" reg_code="8394253205"/>
</players>
</general>
<round no="0"><action no="1" player="oreiasccp" type="1" sum="10"/>
<action no="2" player="1M4MePlZ" type="2" discard="1" dealt="1" sum="20"/>
</round>
<round no="1"><cards type="Pocket" player="1M4MePlZ">X X</cards>
<cards type="Pocket" player="Shrewdsong887">X X</cards>
<cards type="Pocket" player="oreiasccp">H8 S3</cards>
<action no="3" player="Shrewdsong887" type="0" discard="1" dealt="1" sum="0"/>
<action no="4" player="oreiasccp" type="0" sum="0"/>
</round>
</game>
<game gamecode="11540609992"><general><startdate>2025-06-29 09:23:08</startdate>
<round>1</round>
<failsafecounter/>
<players><player seat="3" name="Shrewdsong887" chips="500" dealer="0" win="0" bet="20" muck="1" rebuy="0" addon="0" merge="0" rebuychips="0" reg_code="8394253203"/>
<player seat="6" name="oreiasccp" chips="490" dealer="1" win="0" bet="0" muck="1" rebuy="0" addon="0" merge="0" rebuychips="0" reg_code="8394253205"/>
<player seat="10" name="1M4MePlZ" chips="510" dealer="0" win="40" bet="80" muck="1" rebuy="0" addon="0" merge="0" rebuychips="0" reg_code="8394253251"/>
</players>
</general>
<round no="0"><action no="1" player="1M4MePlZ" type="1" discard="1" dealt="1" sum="10"/>
<action no="2" player="Shrewdsong887" type="2" discard="1" dealt="1" sum="20"/>
</round>
<round no="1"><cards type="Pocket" player="oreiasccp">HQ H2</cards>
<cards type="Pocket" player="Shrewdsong887">X X</cards>
<cards type="Pocket" player="1M4MePlZ">X X</cards>
<action no="3" player="oreiasccp" type="0" sum="0"/>
<action no="4" player="1M4MePlZ" type="23" discard="1" dealt="1" sum="80"/>
<action no="5" player="Shrewdsong887" type="0" discard="1" dealt="1" sum="0"/>
</round>
</game>
<game gamecode="11540610026"><general><startdate>2025-06-29 09:23:18</startdate>
<round>1</round>
<failsafecounter/>
<players><player seat="6" name="oreiasccp" chips="490" dealer="0" win="0" bet="20" muck="1" rebuy="0" addon="0" merge="0" rebuychips="0" reg_code="8394253205"/>
<player seat="10" name="1M4MePlZ" chips="530" dealer="1" win="50" bet="40" muck="1" rebuy="0" addon="0" merge="0" rebuychips="0" reg_code="8394253251"/>
<player seat="3" name="Shrewdsong887" chips="480" dealer="0" win="0" bet="10" muck="1" rebuy="0" addon="0" merge="0" rebuychips="0" reg_code="8394253203"/>
</players>
</general>
<round no="0"><action no="1" player="Shrewdsong887" type="1" discard="1" dealt="1" sum="10"/>
<action no="2" player="oreiasccp" type="2" sum="20"/>
</round>
<round no="1"><cards type="Pocket" player="1M4MePlZ">X X</cards>
<cards type="Pocket" player="oreiasccp">H6 CJ</cards>
<cards type="Pocket" player="Shrewdsong887">X X</cards>
<action no="3" player="1M4MePlZ" type="23" discard="1" dealt="1" sum="40"/>
<action no="4" player="Shrewdsong887" type="0" discard="1" dealt="1" sum="0"/>
<action no="5" player="oreiasccp" type="0" sum="0"/>
</round>
</game>
<game gamecode="11540610073"><general><startdate>2025-06-29 09:23:31</startdate>
<round>1</round>
<failsafecounter/>
<players><player seat="10" name="1M4MePlZ" chips="560" dealer="0" win="50" bet="45" muck="1" rebuy="0" addon="0" merge="0" rebuychips="0" reg_code="8394253251"/>
<player seat="3" name="Shrewdsong887" chips="470" dealer="1" win="0" bet="20" muck="1" rebuy="0" addon="0" merge="0" rebuychips="0" reg_code="8394253203"/>
<player seat="6" name="oreiasccp" chips="470" dealer="0" win="0" bet="10" muck="1" rebuy="0" addon="0" merge="0" rebuychips="0" reg_code="8394253205"/>
</players>
</general>
<round no="0"><action no="1" player="oreiasccp" type="1" sum="10"/>
<action no="2" player="1M4MePlZ" type="2" discard="1" dealt="1" sum="20"/>
</round>
<round no="1"><cards type="Pocket" player="oreiasccp">C8 H5</cards>
<cards type="Pocket" player="1M4MePlZ">X X</cards>
<cards type="Pocket" player="Shrewdsong887">X X</cards>
<action no="3" player="Shrewdsong887" type="3" discard="1" dealt="1" sum="20"/>
<action no="4" player="oreiasccp" type="0" sum="0"/>
<action no="5" player="1M4MePlZ" type="4" discard="1" dealt="1" sum="0"/>
</round>
<round no="2"><cards type="Flop">C9 CQ C4</cards>
<action no="6" player="1M4MePlZ" type="4" discard="1" dealt="1" sum="0"/>
<action no="7" player="Shrewdsong887" type="4" discard="1" dealt="1" sum="0"/>
</round>
<round no="3"><cards type="Turn">D5</cards>
<action no="8" player="1M4MePlZ" type="5" discard="1" dealt="1" sum="25"/>
<action no="9" player="Shrewdsong887" type="0" discard="1" dealt="1" sum="0"/>
</round>
</game>
<game gamecode="11540610171"><general><startdate>2025-06-29 09:23:59</startdate>
<round>1</round>
<failsafecounter/>
<players><player seat="3" name="Shrewdsong887" chips="450" dealer="0" win="0" bet="20" muck="1" rebuy="0" addon="0" merge="0" rebuychips="0" reg_code="8394253203"/>
<player seat="6" name="oreiasccp" chips="460" dealer="1" win="50" bet="40" muck="1" rebuy="0" addon="0" merge="0" rebuychips="0" reg_code="8394253205"/>
<player seat="10" name="1M4MePlZ" chips="590" dealer="0" win="0" bet="10" muck="1" rebuy="0" addon="0" merge="0" rebuychips="0" reg_code="8394253251"/>
</players>
</general>
<round no="0"><action no="1" player="1M4MePlZ" type="1" discard="1" dealt="1" sum="10"/>
<action no="2" player="Shrewdsong887" type="2" discard="1" dealt="1" sum="20"/>
</round>
<round no="1"><cards type="Pocket" player="Shrewdsong887">X X</cards>
<cards type="Pocket" player="1M4MePlZ">X X</cards>
<cards type="Pocket" player="oreiasccp">H9 D9</cards>
<action no="3" player="oreiasccp" type="23" sum="40"/>
<action no="4" player="1M4MePlZ" type="0" discard="1" dealt="1" sum="0"/>
<action no="5" player="Shrewdsong887" type="0" discard="1" dealt="1" sum="0"/>
</round>
</game>
<game gamecode="11540610213"><general><startdate>2025-06-29 09:24:11</startdate>
<round>1</round>
<failsafecounter/>
<players><player seat="6" name="oreiasccp" chips="490" dealer="0" win="0" bet="40" muck="1" rebuy="0" addon="0" merge="0" rebuychips="0" reg_code="8394253205"/>
<player seat="10" name="1M4MePlZ" chips="580" dealer="1" win="242" bet="180" muck="1" rebuy="0" addon="0" merge="0" rebuychips="0" reg_code="8394253251"/>
<player seat="3" name="Shrewdsong887" chips="430" dealer="0" win="0" bet="101" muck="1" rebuy="0" addon="0" merge="0" rebuychips="0" reg_code="8394253203"/>
</players>
</general>
<round no="0"><action no="1" player="Shrewdsong887" type="1" discard="1" dealt="1" sum="10"/>
<action no="2" player="oreiasccp" type="2" sum="20"/>
</round>
<round no="1"><cards type="Pocket" player="1M4MePlZ">X X</cards>
<cards type="Pocket" player="oreiasccp">D5 S6</cards>
<cards type="Pocket" player="Shrewdsong887">X X</cards>
<action no="3" player="1M4MePlZ" type="23" discard="1" dealt="1" sum="40"/>
<action no="4" player="Shrewdsong887" type="3" discard="1" dealt="1" sum="30"/>
<action no="5" player="oreiasccp" type="3" sum="20"/>
</round>
<round no="2"><cards type="Flop">S7 H6 C7</cards>
<action no="6" player="Shrewdsong887" type="4" discard="1" dealt="1" sum="0"/>
<action no="7" player="oreiasccp" type="4" sum="0"/>
<action no="8" player="1M4MePlZ" type="4" discard="1" dealt="1" sum="0"/>
</round>
<round no="3"><cards type="Turn">H9</cards>
<action no="9" player="Shrewdsong887" type="4" discard="1" dealt="1" sum="0"/>
<action no="10" player="oreiasccp" type="4" sum="0"/>
<action no="11" player="1M4MePlZ" type="5" discard="1" dealt="1" sum="61"/>
<action no="12" player="Shrewdsong887" type="3" discard="1" dealt="1" sum="61"/>
<action no="13" player="oreiasccp" type="0" sum="0"/>
</round>
<round no="4"><cards type="River">D2</cards>
<action no="14" player="Shrewdsong887" type="4" discard="1" dealt="1" sum="0"/>
<action no="15" player="1M4MePlZ" type="5" discard="1" dealt="1" sum="79"/>
<action no="16" player="Shrewdsong887" type="0" discard="1" dealt="1" sum="0"/>
</round>
</game>
<game gamecode="11540610424"><general><startdate>2025-06-29 09:25:14</startdate>
<round>1</round>
<failsafecounter/>
<players><player seat="10" name="1M4MePlZ" chips="721" dealer="0" win="0" bet="35" muck="1" rebuy="0" addon="0" merge="0" rebuychips="0" reg_code="8394253251"/>
<player seat="3" name="Shrewdsong887" chips="329" dealer="1" win="90" bet="329" muck="1" rebuy="0" addon="0" merge="0" rebuychips="0" reg_code="8394253203"/>
<player seat="6" name="oreiasccp" chips="450" dealer="0" win="0" bet="20" muck="1" rebuy="0" addon="0" merge="0" rebuychips="0" reg_code="8394253205"/>
</players>
</general>
<round no="0"><action no="1" player="oreiasccp" type="15" sum="5"/>
<action no="2" player="1M4MePlZ" type="15" discard="1" dealt="1" sum="5"/>
<action no="3" player="Shrewdsong887" type="15" discard="1" dealt="1" sum="5"/>
<action no="4" player="oreiasccp" type="1" sum="15"/>
<action no="5" player="1M4MePlZ" type="2" discard="1" dealt="1" sum="30"/>
</round>
<round no="1"><cards type="Pocket" player="1M4MePlZ">X X</cards>
<cards type="Pocket" player="oreiasccp">C6 C2</cards>
<cards type="Pocket" player="Shrewdsong887">X X</cards>
<action no="6" player="Shrewdsong887" type="23" discard="1" dealt="1" sum="324"/>
<action no="7" player="oreiasccp" type="0" sum="0"/>
<action no="8" player="1M4MePlZ" type="0" discard="1" dealt="1" sum="0"/>
</round>
</game>
<game gamecode="11540610460"><general><startdate>2025-06-29 09:25:25</startdate>
<round>1</round>
<failsafecounter/>
<players><player seat="3" name="Shrewdsong887" chips="384" dealer="0" win="0" bet="35" muck="1" rebuy="0" addon="0" merge="0" rebuychips="0" reg_code="8394253203"/>
<player seat="6" name="oreiasccp" chips="430" dealer="1" win="90" bet="430" muck="1" rebuy="0" addon="0" merge="0" rebuychips="0" reg_code="8394253205"/>
<player seat="10" name="1M4MePlZ" chips="686" dealer="0" win="0" bet="20" muck="1" rebuy="0" addon="0" merge="0" rebuychips="0" reg_code="8394253251"/>
</players>
</general>
<round no="0"><action no="1" player="1M4MePlZ" type="15" discard="1" dealt="1" sum="5"/>
<action no="2" player="Shrewdsong887" type="15" discard="1" dealt="1" sum="5"/>
<action no="3" player="oreiasccp" type="15" sum="5"/>
<action no="4" player="1M4MePlZ" type="1" discard="1" dealt="1" sum="15"/>
<action no="5" player="Shrewdsong887" type="2" discard="1" dealt="1" sum="30"/>
</round>
<round no="1"><cards type="Pocket" player="Shrewdsong887">X X</cards>
<cards type="Pocket" player="1M4MePlZ">X X</cards>
<cards type="Pocket" player="oreiasccp">H7 DA</cards>
<action no="6" player="oreiasccp" type="23" sum="425"/>
<action no="7" player="1M4MePlZ" type="0" discard="1" dealt="1" sum="0"/>
<action no="8" player="Shrewdsong887" type="0" discard="1" dealt="1" sum="0"/>
</round>
</game>
<game gamecode="11540610500"><general><startdate>2025-06-29 09:25:37</startdate>
<round>1</round>
<failsafecounter/>
<players><player seat="6" name="oreiasccp" chips="485" dealer="0" win="0" bet="65" muck="1" rebuy="0" addon="0" merge="0" rebuychips="0" reg_code="8394253205"/>
<player seat="10" name="1M4MePlZ" chips="666" dealer="1" win="150" bet="141" muck="1" rebuy="0" addon="0" merge="0" rebuychips="0" reg_code="8394253251"/>
<player seat="3" name="Shrewdsong887" chips="349" dealer="0" win="0" bet="20" muck="1" rebuy="0" addon="0" merge="0" rebuychips="0" reg_code="8394253203"/>
</players>
</general>
<round no="0"><action no="1" player="Shrewdsong887" type="15" discard="1" dealt="1" sum="5"/>
<action no="2" player="oreiasccp" type="15" sum="5"/>
<action no="3" player="1M4MePlZ" type="15" discard="1" dealt="1" sum="5"/>
<action no="4" player="Shrewdsong887" type="1" discard="1" dealt="1" sum="15"/>
<action no="5" player="oreiasccp" type="2" sum="30"/>
</round>
<round no="1"><cards type="Pocket" player="oreiasccp">H7 H2</cards>
<cards type="Pocket" player="Shrewdsong887">X X</cards>
<cards type="Pocket" player="1M4MePlZ">X X</cards>
<action no="6" player="1M4MePlZ" type="23" discard="1" dealt="1" sum="60"/>
<action no="7" player="Shrewdsong887" type="0" discard="1" dealt="1" sum="0"/>
<action no="8" player="oreiasccp" type="3" sum="30"/>
</round>
<round no="2"><cards type="Flop">C2 C9 CA</cards>
<action no="9" player="oreiasccp" type="4" sum="0"/>
<action no="10" player="1M4MePlZ" type="5" discard="1" dealt="1" sum="76"/>
<action no="11" player="oreiasccp" type="0" sum="0"/>
</round>
</game>
<game gamecode="11540610576"><general><startdate>2025-06-29 09:25:57</startdate>
<round>1</round>
<failsafecounter/>
<players><player seat="10" name="1M4MePlZ" chips="751" dealer="0" win="0" bet="420" muck="1" rebuy="0" addon="0" merge="0" rebuychips="0" reg_code="8394253251"/>
<player seat="3" name="Shrewdsong887" chips="329" dealer="1" win="0" bet="5" muck="1" rebuy="0" addon="0" merge="0" rebuychips="0" reg_code="8394253203"/>
<player seat="6" name="oreiasccp" chips="420" dealer="0" win="845" bet="420" muck="0" rebuy="0" addon="0" merge="0" rebuychips="0" reg_code="8394253205"/>
</players>
</general>
<round no="0"><action no="1" player="oreiasccp" type="15" sum="5"/>
<action no="2" player="1M4MePlZ" type="15" discard="1" dealt="1" sum="5"/>
<action no="3" player="Shrewdsong887" type="15" discard="1" dealt="1" sum="5"/>
<action no="4" player="oreiasccp" type="1" sum="15"/>
<action no="5" player="1M4MePlZ" type="2" discard="1" dealt="1" sum="30"/>
</round>
<round no="1"><cards type="Pocket" player="Shrewdsong887">X X</cards>
<cards type="Pocket" player="1M4MePlZ">SA C7</cards>
<cards type="Pocket" player="oreiasccp">CA H4</cards>
<action no="6" player="Shrewdsong887" type="0" discard="1" dealt="1" sum="0"/>
<action no="7" player="oreiasccp" type="23" sum="415"/>
<action no="8" player="1M4MePlZ" type="3" discard="1" dealt="1" sum="385"/>
</round>
<round no="2"><cards type="Flop">D5 S5 D3</cards>
</round>
<round no="3"><cards type="Turn">HQ</cards>
</round>
<round no="4"><cards type="River">D4</cards>
</round>
</game>
<game gamecode="11540610630"><general><startdate>2025-06-29 09:26:15</startdate>
<round>1</round>
<failsafecounter/>
<players><player seat="3" name="Shrewdsong887" chips="324" dealer="0" win="0" bet="35" muck="1" rebuy="0" addon="0" merge="0" rebuychips="0" reg_code="8394253203"/>
<player seat="6" name="oreiasccp" chips="845" dealer="1" win="90" bet="65" muck="1" rebuy="0" addon="0" merge="0" rebuychips="0" reg_code="8394253205"/>
<player seat="10" name="1M4MePlZ" chips="331" dealer="0" win="0" bet="20" muck="1" rebuy="0" addon="0" merge="0" rebuychips="0" reg_code="8394253251"/>
</players>
</general>
<round no="0"><action no="1" player="1M4MePlZ" type="15" discard="1" dealt="1" sum="5"/>
<action no="2" player="Shrewdsong887" type="15" discard="1" dealt="1" sum="5"/>
<action no="3" player="oreiasccp" type="15" sum="5"/>
<action no="4" player="1M4MePlZ" type="1" discard="1" dealt="1" sum="15"/>
<action no="5" player="Shrewdsong887" type="2" discard="1" dealt="1" sum="30"/>
</round>
<round no="1"><cards type="Pocket" player="1M4MePlZ">X X</cards>
<cards type="Pocket" player="Shrewdsong887">X X</cards>
<cards type="Pocket" player="oreiasccp">SJ CQ</cards>
<action no="6" player="oreiasccp" type="23" sum="60"/>
<action no="7" player="1M4MePlZ" type="0" discard="1" dealt="1" sum="0"/>
<action no="8" player="Shrewdsong887" type="0" discard="1" dealt="1" sum="0"/>
</round>
</game>
<game gamecode="11540610666"><general><startdate>2025-06-29 09:26:23</startdate>
<round>1</round>
<failsafecounter/>
<players><player seat="6" name="oreiasccp" chips="900" dealer="0" win="0" bet="35" muck="1" rebuy="0" addon="0" merge="0" rebuychips="0" reg_code="8394253205"/>
<player seat="10" name="1M4MePlZ" chips="311" dealer="1" win="613" bet="311" muck="0" rebuy="0" addon="0" merge="0" rebuychips="0" reg_code="8394253251"/>
<player seat="3" name="Shrewdsong887" chips="289" dealer="0" win="0" bet="289" muck="1" rebuy="0" addon="0" merge="0" rebuychips="0" reg_code="8394253203"/>
</players>
</general>
<round no="0"><action no="1" player="Shrewdsong887" type="15" discard="1" dealt="1" sum="5"/>
<action no="2" player="oreiasccp" type="15" sum="5"/>
<action no="3" player="1M4MePlZ" type="15" discard="1" dealt="1" sum="5"/>
<action no="4" player="Shrewdsong887" type="1" discard="1" dealt="1" sum="15"/>
<action no="5" player="oreiasccp" type="2" sum="30"/>
</round>
<round no="1"><cards type="Pocket" player="1M4MePlZ">SQ SA</cards>
<cards type="Pocket" player="Shrewdsong887">H8 HJ</cards>
<cards type="Pocket" player="oreiasccp">H10 C3</cards>
<action no="6" player="1M4MePlZ" type="23" discard="1" dealt="1" sum="306"/>
<action no="7" player="Shrewdsong887" type="7" discard="1" dealt="1" sum="269"/>
<action no="8" player="oreiasccp" type="0" sum="0"/>
</round>
<round no="2"><cards type="Flop">D10 CJ C9</cards>
</round>
<round no="3"><cards type="Turn">CK</cards>
</round>
<round no="4"><cards type="River">S10</cards>
</round>
</game>
<game gamecode="11540610729"><general><startdate>2025-06-29 09:26:42</startdate>
<round>1</round>
<failsafecounter/>
<players><player seat="10" name="1M4MePlZ" chips="635" dealer="0" win="40" bet="35" muck="1" rebuy="0" addon="0" merge="0" rebuychips="0" reg_code="8394253251"/>
<player seat="6" name="oreiasccp" chips="865" dealer="1" win="0" bet="20" muck="1" rebuy="0" addon="0" merge="0" rebuychips="0" reg_code="8394253205"/>
</players>
</general>
<round no="0"><action no="1" player="oreiasccp" type="15" sum="5"/>
<action no="2" player="1M4MePlZ" type="15" discard="1" dealt="1" sum="5"/>
<action no="3" player="oreiasccp" type="1" sum="15"/>
<action no="4" player="1M4MePlZ" type="2" discard="1" dealt="1" sum="30"/>
</round>
<round no="1"><cards type="Pocket" player="oreiasccp">D3 H5</cards>
<cards type="Pocket" player="1M4MePlZ">X X</cards>
<action no="5" player="oreiasccp" type="0" sum="0"/>
</round>
</game>
<game gamecode="11540610748"><general><startdate>2025-06-29 09:26:48</startdate>
<round>1</round>
<failsafecounter/>
<players><player seat="6" name="oreiasccp" chips="845" dealer="0" win="0" bet="35" muck="1" rebuy="0" addon="0" merge="0" rebuychips="0" reg_code="8394253205"/>
<player seat="10" name="1M4MePlZ" chips="655" dealer="1" win="70" bet="65" muck="1" rebuy="0" addon="0" merge="0" rebuychips="0" reg_code="8394253251"/>
</players>
</general>
<round no="0"><action no="1" player="1M4MePlZ" type="15" discard="1" dealt="1" sum="5"/>
<action no="2" player="oreiasccp" type="15" sum="5"/>
<action no="3" player="1M4MePlZ" type="1" discard="1" dealt="1" sum="15"/>
<action no="4" player="oreiasccp" type="2" sum="30"/>
</round>
<round no="1"><cards type="Pocket" player="oreiasccp">D2 D4</cards>
<cards type="Pocket" player="1M4MePlZ">X X</cards>
<action no="5" player="1M4MePlZ" type="3" discard="1" dealt="1" sum="15"/>
<action no="6" player="oreiasccp" type="4" sum="0"/>
</round>
<round no="2"><cards type="Flop">S3 H8 S10</cards>
<action no="7" player="oreiasccp" type="4" sum="0"/>
<action no="8" player="1M4MePlZ" type="5" discard="1" dealt="1" sum="30"/>
<action no="9" player="oreiasccp" type="0" sum="0"/>
</round>
</game>
<game gamecode="11540610802"><general><startdate>2025-06-29 09:27:01</startdate>
<round>1</round>
<failsafecounter/>
<players><player seat="10" name="1M4MePlZ" chips="690" dealer="0" win="90" bet="165" muck="1" rebuy="0" addon="0" merge="0" rebuychips="0" reg_code="8394253251"/>
<player seat="6" name="oreiasccp" chips="810" dealer="1" win="0" bet="45" muck="1" rebuy="0" addon="0" merge="0" rebuychips="0" reg_code="8394253205"/>
</players>
</general>
<round no="0"><action no="1" player="oreiasccp" type="15" sum="5"/>
<action no="2" player="1M4MePlZ" type="15" discard="1" dealt="1" sum="5"/>
<action no="3" player="oreiasccp" type="1" sum="20"/>
<action no="4" player="1M4MePlZ" type="2" discard="1" dealt="1" sum="40"/>
</round>
<round no="1"><cards type="Pocket" player="oreiasccp">S2 SQ</cards>
<cards type="Pocket" player="1M4MePlZ">X X</cards>
<action no="5" player="oreiasccp" type="3" sum="20"/>
<action no="6" player="1M4MePlZ" type="23" discard="1" dealt="1" sum="160"/>
<action no="7" player="oreiasccp" type="0" sum="0"/>
</round>
</game>
<game gamecode="11540610846"><general><startdate>2025-06-29 09:27:15</startdate>
<round>1</round>
<failsafecounter/>
<players><player seat="6" name="oreiasccp" chips="765" dealer="0" win="0" bet="85" muck="1" rebuy="0" addon="0" merge="0" rebuychips="0" reg_code="8394253205"/>
<player seat="10" name="1M4MePlZ" chips="735" dealer="1" win="170" bet="297" muck="1" rebuy="0" addon="0" merge="0" rebuychips="0" reg_code="8394253251"/>
</players>
</general>
<round no="0"><action no="1" player="1M4MePlZ" type="15" discard="1" dealt="1" sum="5"/>
<action no="2" player="oreiasccp" type="15" sum="5"/>
<action no="3" player="1M4MePlZ" type="1" discard="1" dealt="1" sum="20"/>
<action no="4" player="oreiasccp" type="2" sum="40"/>
</round>
<round no="1"><cards type="Pocket" player="oreiasccp">D7 CK</cards>
<cards type="Pocket" player="1M4MePlZ">X X</cards>
<action no="5" player="1M4MePlZ" type="3" discard="1" dealt="1" sum="20"/>
<action no="6" player="oreiasccp" type="4" sum="0"/>
</round>
<round no="2"><cards type="Flop">H10 SQ C9</cards>
<action no="7" player="oreiasccp" type="4" sum="0"/>
<action no="8" player="1M4MePlZ" type="4" discard="1" dealt="1" sum="0"/>
</round>
<round no="3"><cards type="Turn">S5</cards>
<action no="9" player="oreiasccp" type="4" sum="0"/>
<action no="10" player="1M4MePlZ" type="5" discard="1" dealt="1" sum="40"/>
<action no="11" player="oreiasccp" type="3" sum="40"/>
</round>
<round no="4"><cards type="River">S8</cards>
<action no="12" player="oreiasccp" type="4" sum="0"/>
<action no="13" player="1M4MePlZ" type="5" discard="1" dealt="1" sum="212"/>
<action no="14" player="oreiasccp" type="0" sum="0"/>
</round>
</game>
<game gamecode="11540610947"><general><startdate>2025-06-29 09:27:46</startdate>
<round>1</round>
<failsafecounter/>
<players><player seat="10" name="1M4MePlZ" chips="820" dealer="0" win="0" bet="152" muck="1" rebuy="0" addon="0" merge="0" rebuychips="0" reg_code="8394253251"/>
<player seat="6" name="oreiasccp" chips="680" dealer="1" win="304" bet="304" muck="1" rebuy="0" addon="0" merge="0" rebuychips="0" reg_code="8394253205"/>
</players>
</general>
<round no="0"><action no="1" player="oreiasccp" type="15" sum="5"/>
<action no="2" player="1M4MePlZ" type="15" discard="1" dealt="1" sum="5"/>
<action no="3" player="oreiasccp" type="1" sum="20"/>
<action no="4" player="1M4MePlZ" type="2" discard="1" dealt="1" sum="40"/>
</round>
<round no="1"><cards type="Pocket" player="1M4MePlZ">X X</cards>
<cards type="Pocket" player="oreiasccp">S5 DJ</cards>
<action no="5" player="oreiasccp" type="3" sum="20"/>
<action no="6" player="1M4MePlZ" type="4" discard="1" dealt="1" sum="0"/>
</round>
<round no="2"><cards type="Flop">H6 SJ CJ</cards>
<action no="7" player="1M4MePlZ" type="4" discard="1" dealt="1" sum="0"/>
<action no="8" player="oreiasccp" type="5" sum="40"/>
<action no="9" player="1M4MePlZ" type="23" discard="1" dealt="1" sum="107"/>
<action no="10" player="oreiasccp" type="3" sum="67"/>
</round>
<round no="3"><cards type="Turn">H10</cards>
<action no="11" player="1M4MePlZ" type="4" discard="1" dealt="1" sum="0"/>
<action no="12" player="oreiasccp" type="4" sum="0"/>
</round>
<round no="4"><cards type="River">H8</cards>
<action no="13" player="1M4MePlZ" type="4" discard="1" dealt="1" sum="0"/>
<action no="14" player="oreiasccp" type="5" sum="152"/>
<action no="15" player="1M4MePlZ" type="0" discard="1" dealt="1" sum="0"/>
</round>
</game>
<game gamecode="11540611047"><general><startdate>2025-06-29 09:28:17</startdate>
<round>1</round>
<failsafecounter/>
<players><player seat="6" name="oreiasccp" chips="832" dealer="0" win="0" bet="668" muck="0" rebuy="0" addon="0" merge="0" rebuychips="0" reg_code="8394253205"/>
<player seat="10" name="1M4MePlZ" chips="668" dealer="1" win="1,336" bet="668" muck="0" rebuy="0" addon="0" merge="0" rebuychips="0" reg_code="8394253251"/>
</players>
</general>
<round no="0"><action no="1" player="1M4MePlZ" type="15" discard="1" dealt="1" sum="5"/>
<action no="2" player="oreiasccp" type="15" sum="5"/>
<action no="3" player="1M4MePlZ" type="1" discard="1" dealt="1" sum="20"/>
<action no="4" player="oreiasccp" type="2" sum="40"/>
</round>
<round no="1"><cards type="Pocket" player="oreiasccp">HK C8</cards>
<cards type="Pocket" player="1M4MePlZ">HA CK</cards>
<action no="5" player="1M4MePlZ" type="3" discard="1" dealt="1" sum="20"/>
<action no="6" player="oreiasccp" type="4" sum="0"/>
</round>
<round no="2"><cards type="Flop">SK DK DQ</cards>
<action no="7" player="oreiasccp" type="4" sum="0"/>
<action no="8" player="1M4MePlZ" type="5" discard="1" dealt="1" sum="40"/>
<action no="9" player="oreiasccp" type="23" sum="100"/>
<action no="10" player="1M4MePlZ" type="3" discard="1" dealt="1" sum="60"/>
</round>
<round no="3"><cards type="Turn">C7</cards>
<action no="11" player="oreiasccp" type="5" sum="160"/>
<action no="12" player="1M4MePlZ" type="3" discard="1" dealt="1" sum="160"/>
</round>
<round no="4"><cards type="River">CA</cards>
<action no="13" player="oreiasccp" type="5" sum="363"/>
<action no="14" player="1M4MePlZ" type="7" discard="1" dealt="1" sum="363"/>
</round>
</game>
<game gamecode="11540611178"><general><startdate>2025-06-29 09:28:54</startdate>
<round>1</round>
<failsafecounter/>
<players><player seat="10" name="1M4MePlZ" chips="1,336" dealer="0" win="0" bet="164" muck="1" rebuy="0" addon="0" merge="0" rebuychips="0" reg_code="8394253251"/>
<player seat="6" name="oreiasccp" chips="164" dealer="1" win="328" bet="164" muck="0" rebuy="0" addon="0" merge="0" rebuychips="0" reg_code="8394253205"/>
</players>
</general>
<round no="0"><action no="1" player="oreiasccp" type="15" sum="5"/>
<action no="2" player="1M4MePlZ" type="15" discard="1" dealt="1" sum="5"/>
<action no="3" player="oreiasccp" type="1" sum="20"/>
<action no="4" player="1M4MePlZ" type="2" discard="1" dealt="1" sum="40"/>
</round>
<round no="1"><cards type="Pocket" player="oreiasccp">DJ D6</cards>
<cards type="Pocket" player="1M4MePlZ">S9 S7</cards>
<action no="5" player="oreiasccp" type="23" sum="159"/>
<action no="6" player="1M4MePlZ" type="3" discard="1" dealt="1" sum="119"/>
</round>
<round no="2"><cards type="Flop">D2 SJ DA</cards>
</round>
<round no="3"><cards type="Turn">CJ</cards>
</round>
<round no="4"><cards type="River">D9</cards>
</round>
</game>
<game gamecode="11540611226"><general><startdate>2025-06-29 09:29:10</startdate>
<round>1</round>
<failsafecounter/>
<players><player seat="6" name="oreiasccp" chips="328" dealer="0" win="70" bet="65" muck="1" rebuy="0" addon="0" merge="0" rebuychips="0" reg_code="8394253205"/>
<player seat="10" name="1M4MePlZ" chips="1,172" dealer="1" win="0" bet="35" muck="1" rebuy="0" addon="0" merge="0" rebuychips="0" reg_code="8394253251"/>
</players>
</general>
<round no="0"><action no="1" player="1M4MePlZ" type="15" discard="1" dealt="1" sum="5"/>
<action no="2" player="oreiasccp" type="15" sum="5"/>
<action no="3" player="1M4MePlZ" type="1" discard="1" dealt="1" sum="30"/>
<action no="4" player="oreiasccp" type="2" sum="60"/>
</round>
<round no="1"><cards type="Pocket" player="oreiasccp">C6 D3</cards>
<cards type="Pocket" player="1M4MePlZ">X X</cards>
<action no="5" player="1M4MePlZ" type="0" discard="1" dealt="1" sum="0"/>
</round>
</game>
<game gamecode="11540611252"><general><startdate>2025-06-29 09:29:17</startdate>
<round>1</round>
<failsafecounter/>
<players><player seat="10" name="1M4MePlZ" chips="1,137" dealer="0" win="0" bet="1,137" muck="0" rebuy="0" addon="0" merge="0" rebuychips="0" reg_code="8394253251"/>
<player seat="6" name="oreiasccp" chips="363" dealer="1" win="726" bet="363" muck="0" rebuy="0" addon="0" merge="0" rebuychips="0" reg_code="8394253205"/>
</players>
</general>
<round no="0"><action no="1" player="oreiasccp" type="15" sum="5"/>
<action no="2" player="1M4MePlZ" type="15" discard="1" dealt="1" sum="5"/>
<action no="3" player="oreiasccp" type="1" sum="30"/>
<action no="4" player="1M4MePlZ" type="2" discard="1" dealt="1" sum="60"/>
</round>
<round no="1"><cards type="Pocket" player="1M4MePlZ">SA C2</cards>
<cards type="Pocket" player="oreiasccp">SK CK</cards>
<action no="5" player="oreiasccp" type="3" sum="30"/>
<action no="6" player="1M4MePlZ" type="23" discard="1" dealt="1" sum="1,132"/>
<action no="7" player="oreiasccp" type="7" sum="298"/>
</round>
<round no="2"><cards type="Flop">D7 S3 H3</cards>
</round>
<round no="3"><cards type="Turn">C5</cards>
</round>
<round no="4"><cards type="River">D10</cards>
</round>
</game>
<game gamecode="11540611310"><general><startdate>2025-06-29 09:29:34</startdate>
<round>1</round>
<failsafecounter/>
<players><player seat="6" name="oreiasccp" chips="726" dealer="0" win="130" bet="726" muck="1" rebuy="0" addon="0" merge="0" rebuychips="0" reg_code="8394253205"/>
<player seat="10" name="1M4MePlZ" chips="774" dealer="1" win="0" bet="65" muck="1" rebuy="0" addon="0" merge="0" rebuychips="0" reg_code="8394253251"/>
</players>
</general>
<round no="0"><action no="1" player="1M4MePlZ" type="15" discard="1" dealt="1" sum="5"/>
<action no="2" player="oreiasccp" type="15" sum="5"/>
<action no="3" player="1M4MePlZ" type="1" discard="1" dealt="1" sum="30"/>
<action no="4" player="oreiasccp" type="2" sum="60"/>
</round>
<round no="1"><cards type="Pocket" player="1M4MePlZ">X X</cards>
<cards type="Pocket" player="oreiasccp">D7 CK</cards>
<action no="5" player="1M4MePlZ" type="3" discard="1" dealt="1" sum="30"/>
<action no="6" player="oreiasccp" type="23" sum="721"/>
<action no="7" player="1M4MePlZ" type="0" discard="1" dealt="1" sum="0"/>
</round>
</game>
<game gamecode="11540611344"><general><startdate>2025-06-29 09:29:44</startdate>
<round>1</round>
<failsafecounter/>
<players><player seat="10" name="1M4MePlZ" chips="709" dealer="0" win="0" bet="65" muck="1" rebuy="0" addon="0" merge="0" rebuychips="0" reg_code="8394253251"/>
<player seat="6" name="oreiasccp" chips="791" dealer="1" win="130" bet="125" muck="1" rebuy="0" addon="0" merge="0" rebuychips="0" reg_code="8394253205"/>
</players>
</general>
<round no="0"><action no="1" player="oreiasccp" type="15" sum="5"/>
<action no="2" player="1M4MePlZ" type="15" discard="1" dealt="1" sum="5"/>
<action no="3" player="oreiasccp" type="1" sum="30"/>
<action no="4" player="1M4MePlZ" type="2" discard="1" dealt="1" sum="60"/>
</round>
<round no="1"><cards type="Pocket" player="oreiasccp">D4 D10</cards>
<cards type="Pocket" player="1M4MePlZ">X X</cards>
<action no="5" player="oreiasccp" type="3" sum="30"/>
<action no="6" player="1M4MePlZ" type="4" discard="1" dealt="1" sum="0"/>
</round>
<round no="2"><cards type="Flop">DK S9 S8</cards>
<action no="7" player="1M4MePlZ" type="4" discard="1" dealt="1" sum="0"/>
<action no="8" player="oreiasccp" type="5" sum="60"/>
<action no="9" player="1M4MePlZ" type="0" discard="1" dealt="1" sum="0"/>
</round>
</game>
<game gamecode="11540616631"><general><startdate>2025-06-29 09:29:59</startdate>
<round>1</round>
<failsafecounter/>
<players><player seat="6" name="oreiasccp" chips="856" dealer="0" win="130" bet="245" muck="1" rebuy="0" addon="0" merge="0" rebuychips="0" reg_code="8394253205"/>
<player seat="10" name="1M4MePlZ" chips="644" dealer="1" win="0" bet="65" muck="1" rebuy="0" addon="0" merge="0" rebuychips="0" reg_code="8394253251"/>
</players>
</general>
<round no="0"><action no="1" player="1M4MePlZ" type="15" discard="1" dealt="1" sum="5"/>
<action no="2" player="oreiasccp" type="15" sum="5"/>
<action no="3" player="1M4MePlZ" type="1" discard="1" dealt="1" sum="30"/>
<action no="4" player="oreiasccp" type="2" sum="60"/>
</round>
<round no="1"><cards type="Pocket" player="1M4MePlZ">X X</cards>
<cards type="Pocket" player="oreiasccp">SQ DK</cards>
<action no="5" player="1M4MePlZ" type="3" discard="1" dealt="1" sum="30"/>
<action no="6" player="oreiasccp" type="23" sum="240"/>
<action no="7" player="1M4MePlZ" type="0" discard="1" dealt="1" sum="0"/>
</round>
</game>
<game gamecode="11540616692"><general><startdate>2025-06-29 09:30:18</startdate>
<round>1</round>
<failsafecounter/>
<players><player seat="10" name="1M4MePlZ" chips="579" dealer="0" win="0" bet="65" muck="1" rebuy="0" addon="0" merge="0" rebuychips="0" reg_code="8394253251"/>
<player seat="6" name="oreiasccp" chips="921" dealer="1" win="130" bet="125" muck="1" rebuy="0" addon="0" merge="0" rebuychips="0" reg_code="8394253205"/>
</players>
</general>
<round no="0"><action no="1" player="oreiasccp" type="15" sum="5"/>
<action no="2" player="1M4MePlZ" type="15" discard="1" dealt="1" sum="5"/>
<action no="3" player="oreiasccp" type="1" sum="30"/>
<action no="4" player="1M4MePlZ" type="2" discard="1" dealt="1" sum="60"/>
</round>
<round no="1"><cards type="Pocket" player="1M4MePlZ">X X</cards>
<cards type="Pocket" player="oreiasccp">D5 S4</cards>
<action no="5" player="oreiasccp" type="3" sum="30"/>
<action no="6" player="1M4MePlZ" type="4" discard="1" dealt="1" sum="0"/>
</round>
<round no="2"><cards type="Flop">SK HK CA</cards>
<action no="7" player="1M4MePlZ" type="4" discard="1" dealt="1" sum="0"/>
<action no="8" player="oreiasccp" type="5" sum="60"/>
<action no="9" player="1M4MePlZ" type="0" discard="1" dealt="1" sum="0"/>
</round>
</game>
<game gamecode="11540616737"><general><startdate>2025-06-29 09:30:32</startdate>
<round>1</round>
<failsafecounter/>
<players><player seat="6" name="oreiasccp" chips="986" dealer="0" win="0" bet="65" muck="1" rebuy="0" addon="0" merge="0" rebuychips="0" reg_code="8394253205"/>
<player seat="10" name="1M4MePlZ" chips="514" dealer="1" win="130" bet="514" muck="1" rebuy="0" addon="0" merge="0" rebuychips="0" reg_code="8394253251"/>
</players>
</general>
<round no="0"><action no="1" player="1M4MePlZ" type="15" discard="1" dealt="1" sum="5"/>
<action no="2" player="oreiasccp" type="15" sum="5"/>
<action no="3" player="1M4MePlZ" type="1" discard="1" dealt="1" sum="30"/>
<action no="4" player="oreiasccp" type="2" sum="60"/>
</round>
<round no="1"><cards type="Pocket" player="1M4MePlZ">X X</cards>
<cards type="Pocket" player="oreiasccp">D7 H4</cards>
<action no="5" player="1M4MePlZ" type="23" discard="1" dealt="1" sum="509"/>
<action no="6" player="oreiasccp" type="0" sum="0"/>
</round>
</game>
<game gamecode="11540616769"><general><startdate>2025-06-29 09:30:41</startdate>
<round>1</round>
<failsafecounter/>
<players><player seat="10" name="1M4MePlZ" chips="579" dealer="0" win="130" bet="579" muck="1" rebuy="0" addon="0" merge="0" rebuychips="0" reg_code="8394253251"/>
<player seat="6" name="oreiasccp" chips="921" dealer="1" win="0" bet="65" muck="1" rebuy="0" addon="0" merge="0" rebuychips="0" reg_code="8394253205"/>
</players>
</general>
<round no="0"><action no="1" player="oreiasccp" type="15" sum="5"/>
<action no="2" player="1M4MePlZ" type="15" discard="1" dealt="1" sum="5"/>
<action no="3" player="oreiasccp" type="1" sum="30"/>
<action no="4" player="1M4MePlZ" type="2" discard="1" dealt="1" sum="60"/>
</round>
<round no="1"><cards type="Pocket" player="1M4MePlZ">X X</cards>
<cards type="Pocket" player="oreiasccp">SQ D8</cards>
<action no="5" player="oreiasccp" type="3" sum="30"/>
<action no="6" player="1M4MePlZ" type="23" discard="1" dealt="1" sum="574"/>
<action no="7" player="oreiasccp" type="0" sum="0"/>
</round>
</game>
<game gamecode="11540616803"><general><startdate>2025-06-29 09:30:52</startdate>
<round>1</round>
<failsafecounter/>
<players><player seat="6" name="oreiasccp" chips="856" dealer="0" win="1,288" bet="644" muck="0" rebuy="0" addon="0" merge="0" rebuychips="0" reg_code="8394253205"/>
<player seat="10" name="1M4MePlZ" chips="644" dealer="1" win="0" bet="644" muck="0" rebuy="0" addon="0" merge="0" rebuychips="0" reg_code="8394253251"/>
</players>
</general>
<round no="0"><action no="1" player="1M4MePlZ" type="15" discard="1" dealt="1" sum="5"/>
<action no="2" player="oreiasccp" type="15" sum="5"/>
<action no="3" player="1M4MePlZ" type="1" discard="1" dealt="1" sum="30"/>
<action no="4" player="oreiasccp" type="2" sum="60"/>
</round>
<round no="1"><cards type="Pocket" player="1M4MePlZ">H2 S4</cards>
<cards type="Pocket" player="oreiasccp">S8 H9</cards>
<action no="5" player="1M4MePlZ" type="3" discard="1" dealt="1" sum="30"/>
<action no="6" player="oreiasccp" type="4" sum="0"/>
</round>
<round no="2"><cards type="Flop">D9 S3 D3</cards>
<action no="7" player="oreiasccp" type="4" sum="0"/>
<action no="8" player="1M4MePlZ" type="4" discard="1" dealt="1" sum="0"/>
</round>
<round no="3"><cards type="Turn">HQ</cards>
<action no="9" player="oreiasccp" type="4" sum="0"/>
<action no="10" player="1M4MePlZ" type="5" discard="1" dealt="1" sum="60"/>
<action no="11" player="oreiasccp" type="3" sum="60"/>
</round>
<round no="4"><cards type="River">S9</cards>
<action no="12" player="oreiasccp" type="4" sum="0"/>
<action no="13" player="1M4MePlZ" type="5" discard="1" dealt="1" sum="519"/>
<action no="14" player="oreiasccp" type="3" sum="519"/>
</round>
</game>
</session>
