<?xml version="1.0" encoding="UTF-8"?>
<session sessioncode="8394283579">
<general>
<client_version>25.1.1.13</client_version>
<mode>real</mode>
<gametype>Holdem NL</gametype>
<tablename>Twister €5 SNG, 1128853953</tablename>
<tournamentcode>1128853952</tournamentcode>
<tournamentname>Twister €5 SNG</tournamentname>
<buyin>€0 + €0.35 + €4.65</buyin>
<totalbuyin>€5</totalbuyin>
<rewarddrawn>€10</rewarddrawn>
<tournamentcurrency>EUR</tournamentcurrency>
<currency>EUR</currency>
<nickname>oreiasccp</nickname>
<gamecount>16</gamecount>
<startdate>2025-06-29 11:01:37</startdate>
<place>2</place>
<win>€0</win>
<tablesize>3</tablesize>
</general>
<game gamecode="11540692986"><general><startdate>2025-06-29 11:01:52</startdate>
<round>1</round>
<failsafecounter/>
<players><player seat="10" name="Obolonsky99" chips="500" dealer="0" win="290" bet="200" muck="1" rebuy="0" addon="0" merge="0" rebuychips="0" reg_code="8394283638"/>
<player seat="3" name="sanchote" chips="500" dealer="1" win="0" bet="140" muck="1" rebuy="0" addon="0" merge="0" rebuychips="0" reg_code="8394283524"/>
<player seat="6" name="oreiasccp" chips="500" dealer="0" win="0" bet="10" muck="1" rebuy="0" addon="0" merge="0" rebuychips="0" reg_code="8394283579"/>
</players>
</general>
<round no="0"><action no="1" player="oreiasccp" type="1" sum="10"/>
<action no="2" player="Obolonsky99" type="2" discard="1" dealt="1" sum="20"/>
</round>
<round no="1"><cards type="Pocket" player="Obolonsky99">X X</cards>
<cards type="Pocket" player="sanchote">X X</cards>
<cards type="Pocket" player="oreiasccp">D10 C5</cards>
<action no="3" player="sanchote" type="23" discard="1" dealt="1" sum="40"/>
<action no="4" player="oreiasccp" type="0" sum="0"/>
<action no="5" player="Obolonsky99" type="3" discard="1" dealt="1" sum="20"/>
</round>
<round no="2"><cards type="Flop">DA C3 S10</cards>
<action no="6" player="Obolonsky99" type="4" discard="1" dealt="1" sum="0"/>
<action no="7" player="sanchote" type="5" discard="1" dealt="1" sum="40"/>
<action no="8" player="Obolonsky99" type="3" discard="1" dealt="1" sum="40"/>
</round>
<round no="3"><cards type="Turn">H2</cards>
<action no="9" player="Obolonsky99" type="4" discard="1" dealt="1" sum="0"/>
<action no="10" player="sanchote" type="5" discard="1" dealt="1" sum="60"/>
<action no="11" player="Obolonsky99" type="3" discard="1" dealt="1" sum="60"/>
</round>
<round no="4"><cards type="River">D2</cards>
<action no="12" player="Obolonsky99" type="5" discard="1" dealt="1" sum="60"/>
<action no="13" player="sanchote" type="0" discard="1" dealt="1" sum="0"/>
</round>
</game>
<game gamecode="11540693071"><general><startdate>2025-06-29 11:02:17</startdate>
<round>1</round>
<failsafecounter/>
<players><player seat="3" name="sanchote" chips="360" dealer="0" win="40" bet="360" muck="1" rebuy="0" addon="0" merge="0" rebuychips="0" reg_code="8394283524"/>
<player seat="6" name="oreiasccp" chips="490" dealer="1" win="0" bet="0" muck="1" rebuy="0" addon="0" merge="0" rebuychips="0" reg_code="8394283579"/>
<player seat="10" name="Obolonsky99" chips="650" dealer="0" win="0" bet="20" muck="1" rebuy="0" addon="0" merge="0" rebuychips="0" reg_code="8394283638"/>
</players>
</general>
<round no="0"><action no="1" player="Obolonsky99" type="1" discard="1" dealt="1" sum="10"/>
<action no="2" player="sanchote" type="2" discard="1" dealt="1" sum="20"/>
</round>
<round no="1"><cards type="Pocket" player="oreiasccp">H6 SQ</cards>
<cards type="Pocket" player="sanchote">X X</cards>
<cards type="Pocket" player="Obolonsky99">X X</cards>
<action no="3" player="oreiasccp" type="0" sum="0"/>
<action no="4" player="Obolonsky99" type="3" discard="1" dealt="1" sum="10"/>
<action no="5" player="sanchote" type="23" discard="1" dealt="1" sum="360"/>
<action no="6" player="Obolonsky99" type="0" discard="1" dealt="1" sum="0"/>
</round>
</game>
<game gamecode="11540693114"><general><startdate>2025-06-29 11:02:30</startdate>
<round>1</round>
<failsafecounter/>
<players><player seat="6" name="oreiasccp" chips="490" dealer="0" win="0" bet="20" muck="1" rebuy="0" addon="0" merge="0" rebuychips="0" reg_code="8394283579"/>
<player seat="10" name="Obolonsky99" chips="630" dealer="1" win="0" bet="0" muck="1" rebuy="0" addon="0" merge="0" rebuychips="0" reg_code="8394283638"/>
<player seat="3" name="sanchote" chips="380" dealer="0" win="40" bet="380" muck="1" rebuy="0" addon="0" merge="0" rebuychips="0" reg_code="8394283524"/>
</players>
</general>
<round no="0"><action no="1" player="sanchote" type="1" discard="1" dealt="1" sum="10"/>
<action no="2" player="oreiasccp" type="2" sum="20"/>
</round>
<round no="1"><cards type="Pocket" player="oreiasccp">S2 HK</cards>
<cards type="Pocket" player="sanchote">X X</cards>
<cards type="Pocket" player="Obolonsky99">X X</cards>
<action no="3" player="Obolonsky99" type="0" discard="1" dealt="1" sum="0"/>
<action no="4" player="sanchote" type="23" discard="1" dealt="1" sum="380"/>
<action no="5" player="oreiasccp" type="0" sum="0"/>
</round>
</game>
<game gamecode="11540693147"><general><startdate>2025-06-29 11:02:39</startdate>
<round>1</round>
<failsafecounter/>
<players><player seat="10" name="Obolonsky99" chips="630" dealer="0" win="0" bet="20" muck="1" rebuy="0" addon="0" merge="0" rebuychips="0" reg_code="8394283638"/>
<player seat="3" name="sanchote" chips="400" dealer="1" win="50" bet="400" muck="1" rebuy="0" addon="0" merge="0" rebuychips="0" reg_code="8394283524"/>
<player seat="6" name="oreiasccp" chips="470" dealer="0" win="0" bet="10" muck="1" rebuy="0" addon="0" merge="0" rebuychips="0" reg_code="8394283579"/>
</players>
</general>
<round no="0"><action no="1" player="oreiasccp" type="1" sum="10"/>
<action no="2" player="Obolonsky99" type="2" discard="1" dealt="1" sum="20"/>
</round>
<round no="1"><cards type="Pocket" player="sanchote">X X</cards>
<cards type="Pocket" player="oreiasccp">S4 H8</cards>
<cards type="Pocket" player="Obolonsky99">X X</cards>
<action no="3" player="sanchote" type="23" discard="1" dealt="1" sum="400"/>
<action no="4" player="oreiasccp" type="0" sum="0"/>
<action no="5" player="Obolonsky99" type="0" discard="1" dealt="1" sum="0"/>
</round>
</game>
<game gamecode="11540693193"><general><startdate>2025-06-29 11:02:49</startdate>
<round>1</round>
<failsafecounter/>
<players><player seat="3" name="sanchote" chips="430" dealer="0" win="20" bet="20" muck="1" rebuy="0" addon="0" merge="0" rebuychips="0" reg_code="8394283524"/>
<player seat="6" name="oreiasccp" chips="460" dealer="1" win="0" bet="0" muck="1" rebuy="0" addon="0" merge="0" rebuychips="0" reg_code="8394283579"/>
<player seat="10" name="Obolonsky99" chips="610" dealer="0" win="0" bet="10" muck="1" rebuy="0" addon="0" merge="0" rebuychips="0" reg_code="8394283638"/>
</players>
</general>
<round no="0"><action no="1" player="Obolonsky99" type="1" discard="1" dealt="1" sum="10"/>
<action no="2" player="sanchote" type="2" discard="1" dealt="1" sum="20"/>
</round>
<round no="1"><cards type="Pocket" player="oreiasccp">S8 D7</cards>
<cards type="Pocket" player="Obolonsky99">X X</cards>
<cards type="Pocket" player="sanchote">X X</cards>
<action no="3" player="oreiasccp" type="0" sum="0"/>
<action no="4" player="Obolonsky99" type="0" discard="1" dealt="1" sum="0"/>
</round>
</game>
<game gamecode="11540693218"><general><startdate>2025-06-29 11:02:56</startdate>
<round>1</round>
<failsafecounter/>
<players><player seat="6" name="oreiasccp" chips="460" dealer="0" win="0" bet="20" muck="1" rebuy="0" addon="0" merge="0" rebuychips="0" reg_code="8394283579"/>
<player seat="10" name="Obolonsky99" chips="600" dealer="1" win="0" bet="0" muck="1" rebuy="0" addon="0" merge="0" rebuychips="0" reg_code="8394283638"/>
<player seat="3" name="sanchote" chips="440" dealer="0" win="40" bet="440" muck="1" rebuy="0" addon="0" merge="0" rebuychips="0" reg_code="8394283524"/>
</players>
</general>
<round no="0"><action no="1" player="sanchote" type="1" discard="1" dealt="1" sum="10"/>
<action no="2" player="oreiasccp" type="2" sum="20"/>
</round>
<round no="1"><cards type="Pocket" player="sanchote">X X</cards>
<cards type="Pocket" player="Obolonsky99">X X</cards>
<cards type="Pocket" player="oreiasccp">DK H6</cards>
<action no="3" player="Obolonsky99" type="0" discard="1" dealt="1" sum="0"/>
<action no="4" player="sanchote" type="23" discard="1" dealt="1" sum="440"/>
<action no="5" player="oreiasccp" type="0" sum="0"/>
</round>
</game>
<game gamecode="11540693256"><general><startdate>2025-06-29 11:03:05</startdate>
<round>1</round>
<failsafecounter/>
<players><player seat="10" name="Obolonsky99" chips="600" dealer="0" win="20" bet="20" muck="1" rebuy="0" addon="0" merge="0" rebuychips="0" reg_code="8394283638"/>
<player seat="3" name="sanchote" chips="460" dealer="1" win="0" bet="0" muck="1" rebuy="0" addon="0" merge="0" rebuychips="0" reg_code="8394283524"/>
<player seat="6" name="oreiasccp" chips="440" dealer="0" win="0" bet="10" muck="1" rebuy="0" addon="0" merge="0" rebuychips="0" reg_code="8394283579"/>
</players>
</general>
<round no="0"><action no="1" player="oreiasccp" type="1" sum="10"/>
<action no="2" player="Obolonsky99" type="2" discard="1" dealt="1" sum="20"/>
</round>
<round no="1"><cards type="Pocket" player="Obolonsky99">X X</cards>
<cards type="Pocket" player="sanchote">X X</cards>
<cards type="Pocket" player="oreiasccp">D4 C5</cards>
<action no="3" player="sanchote" type="0" discard="1" dealt="1" sum="0"/>
<action no="4" player="oreiasccp" type="0" sum="0"/>
</round>
</game>
<game gamecode="11540693283"><general><startdate>2025-06-29 11:03:11</startdate>
<round>1</round>
<failsafecounter/>
<players><player seat="3" name="sanchote" chips="460" dealer="0" win="40" bet="460" muck="1" rebuy="0" addon="0" merge="0" rebuychips="0" reg_code="8394283524"/>
<player seat="6" name="oreiasccp" chips="430" dealer="1" win="0" bet="0" muck="1" rebuy="0" addon="0" merge="0" rebuychips="0" reg_code="8394283579"/>
<player seat="10" name="Obolonsky99" chips="610" dealer="0" win="0" bet="20" muck="1" rebuy="0" addon="0" merge="0" rebuychips="0" reg_code="8394283638"/>
</players>
</general>
<round no="0"><action no="1" player="Obolonsky99" type="1" discard="1" dealt="1" sum="10"/>
<action no="2" player="sanchote" type="2" discard="1" dealt="1" sum="20"/>
</round>
<round no="1"><cards type="Pocket" player="sanchote">X X</cards>
<cards type="Pocket" player="oreiasccp">D6 H10</cards>
<cards type="Pocket" player="Obolonsky99">X X</cards>
<action no="3" player="oreiasccp" type="0" sum="0"/>
<action no="4" player="Obolonsky99" type="3" discard="1" dealt="1" sum="10"/>
<action no="5" player="sanchote" type="23" discard="1" dealt="1" sum="460"/>
<action no="6" player="Obolonsky99" type="0" discard="1" dealt="1" sum="0"/>
</round>
</game>
<game gamecode="11540693322"><general><startdate>2025-06-29 11:03:22</startdate>
<round>1</round>
<failsafecounter/>
<players><player seat="6" name="oreiasccp" chips="430" dealer="0" win="860" bet="430" muck="0" rebuy="0" addon="0" merge="0" rebuychips="0" reg_code="8394283579"/>
<player seat="10" name="Obolonsky99" chips="590" dealer="1" win="0" bet="0" muck="1" rebuy="0" addon="0" merge="0" rebuychips="0" reg_code="8394283638"/>
<player seat="3" name="sanchote" chips="480" dealer="0" win="0" bet="480" muck="0" rebuy="0" addon="0" merge="0" rebuychips="0" reg_code="8394283524"/>
</players>
</general>
<round no="0"><action no="1" player="sanchote" type="1" discard="1" dealt="1" sum="10"/>
<action no="2" player="oreiasccp" type="2" sum="20"/>
</round>
<round no="1"><cards type="Pocket" player="Obolonsky99">X X</cards>
<cards type="Pocket" player="oreiasccp">CQ DA</cards>
<cards type="Pocket" player="sanchote">C9 D8</cards>
<action no="3" player="Obolonsky99" type="0" discard="1" dealt="1" sum="0"/>
<action no="4" player="sanchote" type="23" discard="1" dealt="1" sum="480"/>
<action no="5" player="oreiasccp" type="7" sum="410"/>
</round>
<round no="2"><cards type="Flop">D7 CA SJ</cards>
</round>
<round no="3"><cards type="Turn">D5</cards>
</round>
<round no="4"><cards type="River">C8</cards>
</round>
</game>
<game gamecode="11540693407"><general><startdate>2025-06-29 11:03:41</startdate>
<round>1</round>
<failsafecounter/>
<players><player seat="10" name="Obolonsky99" chips="590" dealer="0" win="0" bet="590" muck="0" rebuy="0" addon="0" merge="0" rebuychips="0" reg_code="8394283638"/>
<player seat="3" name="sanchote" chips="50" dealer="1" win="150" bet="50" muck="0" rebuy="0" addon="0" merge="0" rebuychips="0" reg_code="8394283524"/>
<player seat="6" name="oreiasccp" chips="860" dealer="0" win="0" bet="50" muck="1" rebuy="0" addon="0" merge="0" rebuychips="0" reg_code="8394283579"/>
</players>
</general>
<round no="0"><action no="1" player="oreiasccp" type="1" sum="10"/>
<action no="2" player="Obolonsky99" type="2" discard="1" dealt="1" sum="20"/>
</round>
<round no="1"><cards type="Pocket" player="Obolonsky99">HA DJ</cards>
<cards type="Pocket" player="oreiasccp">H5 H6</cards>
<cards type="Pocket" player="sanchote">C9 H8</cards>
<action no="3" player="sanchote" type="23" discard="1" dealt="1" sum="50"/>
<action no="4" player="oreiasccp" type="3" sum="40"/>
<action no="5" player="Obolonsky99" type="23" discard="1" dealt="1" sum="590"/>
<action no="6" player="oreiasccp" type="0" sum="0"/>
</round>
<round no="2"><cards type="Flop">DK SK S8</cards>
</round>
<round no="3"><cards type="Turn">D2</cards>
</round>
<round no="4"><cards type="River">C10</cards>
</round>
</game>
<game gamecode="11540693483"><general><startdate>2025-06-29 11:04:01</startdate>
<round>1</round>
<failsafecounter/>
<players><player seat="3" name="sanchote" chips="150" dealer="0" win="0" bet="150" muck="0" rebuy="0" addon="0" merge="0" rebuychips="0" reg_code="8394283524"/>
<player seat="6" name="oreiasccp" chips="810" dealer="1" win="0" bet="5" muck="1" rebuy="0" addon="0" merge="0" rebuychips="0" reg_code="8394283579"/>
<player seat="10" name="Obolonsky99" chips="540" dealer="0" win="305" bet="540" muck="0" rebuy="0" addon="0" merge="0" rebuychips="0" reg_code="8394283638"/>
</players>
</general>
<round no="0"><action no="1" player="Obolonsky99" type="15" discard="1" dealt="1" sum="5"/>
<action no="2" player="sanchote" type="15" discard="1" dealt="1" sum="5"/>
<action no="3" player="oreiasccp" type="15" sum="5"/>
<action no="4" player="Obolonsky99" type="1" discard="1" dealt="1" sum="15"/>
<action no="5" player="sanchote" type="2" discard="1" dealt="1" sum="30"/>
</round>
<round no="1"><cards type="Pocket" player="sanchote">D6 S7</cards>
<cards type="Pocket" player="oreiasccp">DQ C2</cards>
<cards type="Pocket" player="Obolonsky99">D5 HK</cards>
<action no="6" player="oreiasccp" type="0" sum="0"/>
<action no="7" player="Obolonsky99" type="23" discard="1" dealt="1" sum="535"/>
<action no="8" player="sanchote" type="7" discard="1" dealt="1" sum="115"/>
</round>
<round no="2"><cards type="Flop">D3 SJ H5</cards>
</round>
<round no="3"><cards type="Turn">C10</cards>
</round>
<round no="4"><cards type="River">D9</cards>
</round>
</game>
<game gamecode="11540693558"><general><startdate>2025-06-29 11:04:19</startdate>
<round>1</round>
<failsafecounter/>
<players><player seat="6" name="oreiasccp" chips="805" dealer="0" win="0" bet="35" muck="1" rebuy="0" addon="0" merge="0" rebuychips="0" reg_code="8394283579"/>
<player seat="10" name="Obolonsky99" chips="695" dealer="1" win="70" bet="65" muck="1" rebuy="0" addon="0" merge="0" rebuychips="0" reg_code="8394283638"/>
</players>
</general>
<round no="0"><action no="1" player="Obolonsky99" type="15" discard="1" dealt="1" sum="5"/>
<action no="2" player="oreiasccp" type="15" sum="5"/>
<action no="3" player="Obolonsky99" type="1" discard="1" dealt="1" sum="15"/>
<action no="4" player="oreiasccp" type="2" sum="30"/>
</round>
<round no="1"><cards type="Pocket" player="Obolonsky99">X X</cards>
<cards type="Pocket" player="oreiasccp">CQ H3</cards>
<action no="5" player="Obolonsky99" type="3" discard="1" dealt="1" sum="15"/>
<action no="6" player="oreiasccp" type="4" sum="0"/>
</round>
<round no="2"><cards type="Flop">D2 CK S10</cards>
<action no="7" player="oreiasccp" type="4" sum="0"/>
<action no="8" player="Obolonsky99" type="5" discard="1" dealt="1" sum="30"/>
<action no="9" player="oreiasccp" type="0" sum="0"/>
</round>
</game>
<game gamecode="11540693613"><general><startdate>2025-06-29 11:04:33</startdate>
<round>1</round>
<failsafecounter/>
<players><player seat="10" name="Obolonsky99" chips="730" dealer="0" win="40" bet="35" muck="1" rebuy="0" addon="0" merge="0" rebuychips="0" reg_code="8394283638"/>
<player seat="6" name="oreiasccp" chips="770" dealer="1" win="0" bet="20" muck="1" rebuy="0" addon="0" merge="0" rebuychips="0" reg_code="8394283579"/>
</players>
</general>
<round no="0"><action no="1" player="oreiasccp" type="15" sum="5"/>
<action no="2" player="Obolonsky99" type="15" discard="1" dealt="1" sum="5"/>
<action no="3" player="oreiasccp" type="1" sum="15"/>
<action no="4" player="Obolonsky99" type="2" discard="1" dealt="1" sum="30"/>
</round>
<round no="1"><cards type="Pocket" player="Obolonsky99">X X</cards>
<cards type="Pocket" player="oreiasccp">H8 S2</cards>
<action no="5" player="oreiasccp" type="0" sum="0"/>
</round>
</game>
<game gamecode="11540693639"><general><startdate>2025-06-29 11:04:40</startdate>
<round>1</round>
<failsafecounter/>
<players><player seat="6" name="oreiasccp" chips="750" dealer="0" win="324" bet="162" muck="0" rebuy="0" addon="0" merge="0" rebuychips="0" reg_code="8394283579"/>
<player seat="10" name="Obolonsky99" chips="750" dealer="1" win="0" bet="162" muck="1" rebuy="0" addon="0" merge="0" rebuychips="0" reg_code="8394283638"/>
</players>
</general>
<round no="0"><action no="1" player="Obolonsky99" type="15" discard="1" dealt="1" sum="5"/>
<action no="2" player="oreiasccp" type="15" sum="5"/>
<action no="3" player="Obolonsky99" type="1" discard="1" dealt="1" sum="15"/>
<action no="4" player="oreiasccp" type="2" sum="30"/>
</round>
<round no="1"><cards type="Pocket" player="oreiasccp">C3 DJ</cards>
<cards type="Pocket" player="Obolonsky99">DK H6</cards>
<action no="5" player="Obolonsky99" type="3" discard="1" dealt="1" sum="15"/>
<action no="6" player="oreiasccp" type="4" sum="0"/>
</round>
<round no="2"><cards type="Flop">C7 SJ SA</cards>
<action no="7" player="oreiasccp" type="4" sum="0"/>
<action no="8" player="Obolonsky99" type="5" discard="1" dealt="1" sum="30"/>
<action no="9" player="oreiasccp" type="3" sum="30"/>
</round>
<round no="3"><cards type="Turn">D8</cards>
<action no="10" player="oreiasccp" type="4" sum="0"/>
<action no="11" player="Obolonsky99" type="5" discard="1" dealt="1" sum="97"/>
<action no="12" player="oreiasccp" type="3" sum="97"/>
</round>
<round no="4"><cards type="River">S2</cards>
<action no="13" player="oreiasccp" type="4" sum="0"/>
<action no="14" player="Obolonsky99" type="4" discard="1" dealt="1" sum="0"/>
</round>
</game>
<game gamecode="11540693760"><general><startdate>2025-06-29 11:05:10</startdate>
<round>1</round>
<failsafecounter/>
<players><player seat="10" name="Obolonsky99" chips="588" dealer="0" win="324" bet="162" muck="0" rebuy="0" addon="0" merge="0" rebuychips="0" reg_code="8394283638"/>
<player seat="6" name="oreiasccp" chips="912" dealer="1" win="0" bet="162" muck="1" rebuy="0" addon="0" merge="0" rebuychips="0" reg_code="8394283579"/>
</players>
</general>
<round no="0"><action no="1" player="oreiasccp" type="15" sum="5"/>
<action no="2" player="Obolonsky99" type="15" discard="1" dealt="1" sum="5"/>
<action no="3" player="oreiasccp" type="1" sum="15"/>
<action no="4" player="Obolonsky99" type="2" discard="1" dealt="1" sum="30"/>
</round>
<round no="1"><cards type="Pocket" player="Obolonsky99">H7 S6</cards>
<cards type="Pocket" player="oreiasccp">SQ C7</cards>
<action no="5" player="oreiasccp" type="23" sum="60"/>
<action no="6" player="Obolonsky99" type="3" discard="1" dealt="1" sum="30"/>
</round>
<round no="2"><cards type="Flop">D10 S7 C5</cards>
<action no="7" player="Obolonsky99" type="4" discard="1" dealt="1" sum="0"/>
<action no="8" player="oreiasccp" type="4" sum="0"/>
</round>
<round no="3"><cards type="Turn">C6</cards>
<action no="9" player="Obolonsky99" type="5" discard="1" dealt="1" sum="97"/>
<action no="10" player="oreiasccp" type="3" sum="97"/>
</round>
<round no="4"><cards type="River">S4</cards>
<action no="11" player="Obolonsky99" type="4" discard="1" dealt="1" sum="0"/>
<action no="12" player="oreiasccp" type="4" sum="0"/>
</round>
</game>
<game gamecode="11540693835"><general><startdate>2025-06-29 11:05:28</startdate>
<round>1</round>
<failsafecounter/>
<players><player seat="6" name="oreiasccp" chips="750" dealer="0" win="0" bet="750" muck="0" rebuy="0" addon="0" merge="0" rebuychips="0" reg_code="8394283579"/>
<player seat="10" name="Obolonsky99" chips="750" dealer="1" win="1,500" bet="750" muck="0" rebuy="0" addon="0" merge="0" rebuychips="0" reg_code="8394283638"/>
</players>
</general>
<round no="0"><action no="1" player="Obolonsky99" type="15" discard="1" dealt="1" sum="5"/>
<action no="2" player="oreiasccp" type="15" sum="5"/>
<action no="3" player="Obolonsky99" type="1" discard="1" dealt="1" sum="15"/>
<action no="4" player="oreiasccp" type="2" sum="30"/>
</round>
<round no="1"><cards type="Pocket" player="oreiasccp">H6 S6</cards>
<cards type="Pocket" player="Obolonsky99">HA HJ</cards>
<action no="5" player="Obolonsky99" type="23" discard="1" dealt="1" sum="60"/>
<action no="6" player="oreiasccp" type="23" sum="745"/>
<action no="7" player="Obolonsky99" type="7" discard="1" dealt="1" sum="685"/>
</round>
<round no="2"><cards type="Flop">CJ S2 DA</cards>
</round>
<round no="3"><cards type="Turn">H7</cards>
</round>
<round no="4"><cards type="River">C5</cards>
</round>
</game>
</session>
