<?xml version="1.0" encoding="UTF-8"?>
<session sessioncode="8394295616">
<general>
<client_version>25.1.1.13</client_version>
<mode>real</mode>
<gametype>Holdem NL</gametype>
<tablename>Twister €5 SNG, 1128855848</tablename>
<tournamentcode>1128855847</tournamentcode>
<tournamentname>Twister €5 SNG</tournamentname>
<buyin>€0 + €0.35 + €4.65</buyin>
<totalbuyin>€5</totalbuyin>
<rewarddrawn>€10</rewarddrawn>
<tournamentcurrency>EUR</tournamentcurrency>
<currency>EUR</currency>
<nickname>oreiasccp</nickname>
<gamecount>12</gamecount>
<startdate>2025-06-29 11:36:48</startdate>
<place>3</place>
<win>€0</win>
<tablesize>3</tablesize>
</general>
<game gamecode="11540724554"><general><startdate>2025-06-29 11:37:03</startdate>
<round>1</round>
<failsafecounter/>
<players><player seat="10" name="oreiasccp" chips="500" dealer="0" win="0" bet="20" muck="1" rebuy="0" addon="0" merge="0" rebuychips="0" reg_code="8394295616"/>
<player seat="3" name="Freya761" chips="500" dealer="1" win="50" bet="40" muck="1" rebuy="0" addon="0" merge="0" rebuychips="0" reg_code="8394295604"/>
<player seat="6" name="6SP9" chips="500" dealer="0" win="0" bet="10" muck="1" rebuy="0" addon="0" merge="0" rebuychips="0" reg_code="8394295607"/>
</players>
</general>
<round no="0"><action no="1" player="6SP9" type="1" discard="1" dealt="1" sum="10"/>
<action no="2" player="oreiasccp" type="2" sum="20"/>
</round>
<round no="1"><cards type="Pocket" player="oreiasccp">H10 S4</cards>
<cards type="Pocket" player="Freya761">X X</cards>
<cards type="Pocket" player="6SP9">X X</cards>
<action no="3" player="Freya761" type="23" discard="1" dealt="1" sum="40"/>
<action no="4" player="6SP9" type="0" discard="1" dealt="1" sum="0"/>
<action no="5" player="oreiasccp" type="0" sum="0"/>
</round>
</game>
<game gamecode="11540724611"><general><startdate>2025-06-29 11:37:16</startdate>
<round>1</round>
<failsafecounter/>
<players><player seat="3" name="Freya761" chips="530" dealer="0" win="20" bet="20" muck="1" rebuy="0" addon="0" merge="0" rebuychips="0" reg_code="8394295604"/>
<player seat="6" name="6SP9" chips="490" dealer="1" win="0" bet="0" muck="1" rebuy="0" addon="0" merge="0" rebuychips="0" reg_code="8394295607"/>
<player seat="10" name="oreiasccp" chips="480" dealer="0" win="0" bet="10" muck="1" rebuy="0" addon="0" merge="0" rebuychips="0" reg_code="8394295616"/>
</players>
</general>
<round no="0"><action no="1" player="oreiasccp" type="1" sum="10"/>
<action no="2" player="Freya761" type="2" discard="1" dealt="1" sum="20"/>
</round>
<round no="1"><cards type="Pocket" player="Freya761">X X</cards>
<cards type="Pocket" player="oreiasccp">D5 S8</cards>
<cards type="Pocket" player="6SP9">X X</cards>
<action no="3" player="6SP9" type="0" discard="1" dealt="1" sum="0"/>
<action no="4" player="oreiasccp" type="0" sum="0"/>
</round>
</game>
<game gamecode="11540724674"><general><startdate>2025-06-29 11:37:29</startdate>
<round>1</round>
<failsafecounter/>
<players><player seat="6" name="6SP9" chips="490" dealer="0" win="20" bet="20" muck="1" rebuy="0" addon="0" merge="0" rebuychips="0" reg_code="8394295607"/>
<player seat="10" name="oreiasccp" chips="470" dealer="1" win="0" bet="0" muck="1" rebuy="0" addon="0" merge="0" rebuychips="0" reg_code="8394295616"/>
<player seat="3" name="Freya761" chips="540" dealer="0" win="0" bet="10" muck="1" rebuy="0" addon="0" merge="0" rebuychips="0" reg_code="8394295604"/>
</players>
</general>
<round no="0"><action no="1" player="Freya761" type="1" discard="1" dealt="1" sum="10"/>
<action no="2" player="6SP9" type="2" discard="1" dealt="1" sum="20"/>
</round>
<round no="1"><cards type="Pocket" player="6SP9">X X</cards>
<cards type="Pocket" player="Freya761">X X</cards>
<cards type="Pocket" player="oreiasccp">S7 D6</cards>
<action no="3" player="oreiasccp" type="0" sum="0"/>
<action no="4" player="Freya761" type="0" discard="1" dealt="1" sum="0"/>
</round>
</game>
<game gamecode="11540724738"><general><startdate>2025-06-29 11:37:43</startdate>
<round>1</round>
<failsafecounter/>
<players><player seat="10" name="oreiasccp" chips="470" dealer="0" win="0" bet="20" muck="1" rebuy="0" addon="0" merge="0" rebuychips="0" reg_code="8394295616"/>
<player seat="3" name="Freya761" chips="530" dealer="1" win="0" bet="0" muck="1" rebuy="0" addon="0" merge="0" rebuychips="0" reg_code="8394295604"/>
<player seat="6" name="6SP9" chips="500" dealer="0" win="40" bet="60" muck="1" rebuy="0" addon="0" merge="0" rebuychips="0" reg_code="8394295607"/>
</players>
</general>
<round no="0"><action no="1" player="6SP9" type="1" discard="1" dealt="1" sum="10"/>
<action no="2" player="oreiasccp" type="2" sum="20"/>
</round>
<round no="1"><cards type="Pocket" player="6SP9">X X</cards>
<cards type="Pocket" player="Freya761">X X</cards>
<cards type="Pocket" player="oreiasccp">DQ H5</cards>
<action no="3" player="Freya761" type="0" discard="1" dealt="1" sum="0"/>
<action no="4" player="6SP9" type="23" discard="1" dealt="1" sum="60"/>
<action no="5" player="oreiasccp" type="0" sum="0"/>
</round>
</game>
<game gamecode="11540724805"><general><startdate>2025-06-29 11:38:01</startdate>
<round>1</round>
<failsafecounter/>
<players><player seat="3" name="Freya761" chips="530" dealer="0" win="0" bet="20" muck="1" rebuy="0" addon="0" merge="0" rebuychips="0" reg_code="8394295604"/>
<player seat="6" name="6SP9" chips="520" dealer="1" win="50" bet="40" muck="1" rebuy="0" addon="0" merge="0" rebuychips="0" reg_code="8394295607"/>
<player seat="10" name="oreiasccp" chips="450" dealer="0" win="0" bet="10" muck="1" rebuy="0" addon="0" merge="0" rebuychips="0" reg_code="8394295616"/>
</players>
</general>
<round no="0"><action no="1" player="oreiasccp" type="1" sum="10"/>
<action no="2" player="Freya761" type="2" discard="1" dealt="1" sum="20"/>
</round>
<round no="1"><cards type="Pocket" player="Freya761">X X</cards>
<cards type="Pocket" player="oreiasccp">S6 HQ</cards>
<cards type="Pocket" player="6SP9">X X</cards>
<action no="3" player="6SP9" type="23" discard="1" dealt="1" sum="40"/>
<action no="4" player="oreiasccp" type="0" sum="0"/>
<action no="5" player="Freya761" type="0" discard="1" dealt="1" sum="0"/>
</round>
</game>
<game gamecode="11540724870"><general><startdate>2025-06-29 11:38:15</startdate>
<round>1</round>
<failsafecounter/>
<players><player seat="6" name="6SP9" chips="550" dealer="0" win="120" bet="550" muck="1" rebuy="0" addon="0" merge="0" rebuychips="0" reg_code="8394295607"/>
<player seat="10" name="oreiasccp" chips="440" dealer="1" win="0" bet="0" muck="1" rebuy="0" addon="0" merge="0" rebuychips="0" reg_code="8394295616"/>
<player seat="3" name="Freya761" chips="510" dealer="0" win="0" bet="60" muck="1" rebuy="0" addon="0" merge="0" rebuychips="0" reg_code="8394295604"/>
</players>
</general>
<round no="0"><action no="1" player="Freya761" type="1" discard="1" dealt="1" sum="10"/>
<action no="2" player="6SP9" type="2" discard="1" dealt="1" sum="20"/>
</round>
<round no="1"><cards type="Pocket" player="Freya761">X X</cards>
<cards type="Pocket" player="oreiasccp">S3 S9</cards>
<cards type="Pocket" player="6SP9">X X</cards>
<action no="3" player="oreiasccp" type="0" sum="0"/>
<action no="4" player="Freya761" type="23" discard="1" dealt="1" sum="60"/>
<action no="5" player="6SP9" type="23" discard="1" dealt="1" sum="550"/>
<action no="6" player="Freya761" type="0" discard="1" dealt="1" sum="0"/>
</round>
</game>
<game gamecode="11540724964"><general><startdate>2025-06-29 11:38:39</startdate>
<round>1</round>
<failsafecounter/>
<players><player seat="10" name="oreiasccp" chips="440" dealer="0" win="0" bet="40" muck="1" rebuy="0" addon="0" merge="0" rebuychips="0" reg_code="8394295616"/>
<player seat="3" name="Freya761" chips="450" dealer="1" win="90" bet="60" muck="1" rebuy="0" addon="0" merge="0" rebuychips="0" reg_code="8394295604"/>
<player seat="6" name="6SP9" chips="610" dealer="0" win="0" bet="10" muck="1" rebuy="0" addon="0" merge="0" rebuychips="0" reg_code="8394295607"/>
</players>
</general>
<round no="0"><action no="1" player="6SP9" type="1" discard="1" dealt="1" sum="10"/>
<action no="2" player="oreiasccp" type="2" sum="20"/>
</round>
<round no="1"><cards type="Pocket" player="6SP9">X X</cards>
<cards type="Pocket" player="oreiasccp">DJ C8</cards>
<cards type="Pocket" player="Freya761">X X</cards>
<action no="3" player="Freya761" type="23" discard="1" dealt="1" sum="40"/>
<action no="4" player="6SP9" type="0" discard="1" dealt="1" sum="0"/>
<action no="5" player="oreiasccp" type="3" sum="20"/>
</round>
<round no="2"><cards type="Flop">DK H10 SK</cards>
<action no="6" player="oreiasccp" type="4" sum="0"/>
<action no="7" player="Freya761" type="4" discard="1" dealt="1" sum="0"/>
</round>
<round no="3"><cards type="Turn">D3</cards>
<action no="8" player="oreiasccp" type="4" sum="0"/>
<action no="9" player="Freya761" type="5" discard="1" dealt="1" sum="20"/>
<action no="10" player="oreiasccp" type="0" sum="0"/>
</round>
</game>
<game gamecode="11540725049"><general><startdate>2025-06-29 11:39:00</startdate>
<round>1</round>
<failsafecounter/>
<players><player seat="3" name="Freya761" chips="500" dealer="0" win="120" bet="145" muck="1" rebuy="0" addon="0" merge="0" rebuychips="0" reg_code="8394295604"/>
<player seat="6" name="6SP9" chips="600" dealer="1" win="0" bet="0" muck="1" rebuy="0" addon="0" merge="0" rebuychips="0" reg_code="8394295607"/>
<player seat="10" name="oreiasccp" chips="400" dealer="0" win="0" bet="60" muck="1" rebuy="0" addon="0" merge="0" rebuychips="0" reg_code="8394295616"/>
</players>
</general>
<round no="0"><action no="1" player="oreiasccp" type="1" sum="10"/>
<action no="2" player="Freya761" type="2" discard="1" dealt="1" sum="20"/>
</round>
<round no="1"><cards type="Pocket" player="Freya761">X X</cards>
<cards type="Pocket" player="6SP9">X X</cards>
<cards type="Pocket" player="oreiasccp">D8 CJ</cards>
<action no="3" player="6SP9" type="0" discard="1" dealt="1" sum="0"/>
<action no="4" player="oreiasccp" type="23" sum="40"/>
<action no="5" player="Freya761" type="3" discard="1" dealt="1" sum="20"/>
</round>
<round no="2"><cards type="Flop">DK D4 H7</cards>
<action no="6" player="oreiasccp" type="5" sum="20"/>
<action no="7" player="Freya761" type="23" discard="1" dealt="1" sum="105"/>
<action no="8" player="oreiasccp" type="0" sum="0"/>
</round>
</game>
<game gamecode="11540725183"><general><startdate>2025-06-29 11:39:30</startdate>
<round>1</round>
<failsafecounter/>
<players><player seat="6" name="6SP9" chips="600" dealer="0" win="45" bet="35" muck="1" rebuy="0" addon="0" merge="0" rebuychips="0" reg_code="8394295607"/>
<player seat="10" name="oreiasccp" chips="340" dealer="1" win="0" bet="5" muck="1" rebuy="0" addon="0" merge="0" rebuychips="0" reg_code="8394295616"/>
<player seat="3" name="Freya761" chips="560" dealer="0" win="0" bet="20" muck="1" rebuy="0" addon="0" merge="0" rebuychips="0" reg_code="8394295604"/>
</players>
</general>
<round no="0"><action no="1" player="Freya761" type="15" discard="1" dealt="1" sum="5"/>
<action no="2" player="6SP9" type="15" discard="1" dealt="1" sum="5"/>
<action no="3" player="oreiasccp" type="15" sum="5"/>
<action no="4" player="Freya761" type="1" discard="1" dealt="1" sum="15"/>
<action no="5" player="6SP9" type="2" discard="1" dealt="1" sum="30"/>
</round>
<round no="1"><cards type="Pocket" player="6SP9">X X</cards>
<cards type="Pocket" player="Freya761">X X</cards>
<cards type="Pocket" player="oreiasccp">C5 H3</cards>
<action no="6" player="oreiasccp" type="0" sum="0"/>
<action no="7" player="Freya761" type="0" discard="1" dealt="1" sum="0"/>
</round>
</game>
<game gamecode="11540725265"><general><startdate>2025-06-29 11:39:49</startdate>
<round>1</round>
<failsafecounter/>
<players><player seat="10" name="oreiasccp" chips="335" dealer="0" win="0" bet="65" muck="1" rebuy="0" addon="0" merge="0" rebuychips="0" reg_code="8394295616"/>
<player seat="3" name="Freya761" chips="540" dealer="1" win="0" bet="65" muck="1" rebuy="0" addon="0" merge="0" rebuychips="0" reg_code="8394295604"/>
<player seat="6" name="6SP9" chips="625" dealer="0" win="195" bet="65" muck="0" rebuy="0" addon="0" merge="0" rebuychips="0" reg_code="8394295607"/>
</players>
</general>
<round no="0"><action no="1" player="6SP9" type="15" discard="1" dealt="1" sum="5"/>
<action no="2" player="oreiasccp" type="15" sum="5"/>
<action no="3" player="Freya761" type="15" discard="1" dealt="1" sum="5"/>
<action no="4" player="6SP9" type="1" discard="1" dealt="1" sum="15"/>
<action no="5" player="oreiasccp" type="2" sum="30"/>
</round>
<round no="1"><cards type="Pocket" player="6SP9">C10 CJ</cards>
<cards type="Pocket" player="oreiasccp">S2 S9</cards>
<cards type="Pocket" player="Freya761">DA C5</cards>
<action no="6" player="Freya761" type="23" discard="1" dealt="1" sum="60"/>
<action no="7" player="6SP9" type="3" discard="1" dealt="1" sum="45"/>
<action no="8" player="oreiasccp" type="3" sum="30"/>
</round>
<round no="2"><cards type="Flop">D9 D10 HQ</cards>
<action no="9" player="6SP9" type="4" discard="1" dealt="1" sum="0"/>
<action no="10" player="oreiasccp" type="4" sum="0"/>
<action no="11" player="Freya761" type="4" discard="1" dealt="1" sum="0"/>
</round>
<round no="3"><cards type="Turn">DQ</cards>
<action no="12" player="6SP9" type="4" discard="1" dealt="1" sum="0"/>
<action no="13" player="oreiasccp" type="4" sum="0"/>
<action no="14" player="Freya761" type="4" discard="1" dealt="1" sum="0"/>
</round>
<round no="4"><cards type="River">H3</cards>
<action no="15" player="6SP9" type="4" discard="1" dealt="1" sum="0"/>
<action no="16" player="oreiasccp" type="4" sum="0"/>
<action no="17" player="Freya761" type="4" discard="1" dealt="1" sum="0"/>
</round>
</game>
<game gamecode="11540725550"><general><startdate>2025-06-29 11:40:56</startdate>
<round>1</round>
<failsafecounter/>
<players><player seat="3" name="Freya761" chips="475" dealer="0" win="150" bet="185" muck="1" rebuy="0" addon="0" merge="0" rebuychips="0" reg_code="8394295604"/>
<player seat="6" name="6SP9" chips="755" dealer="1" win="0" bet="65" muck="1" rebuy="0" addon="0" merge="0" rebuychips="0" reg_code="8394295607"/>
<player seat="10" name="oreiasccp" chips="270" dealer="0" win="0" bet="20" muck="1" rebuy="0" addon="0" merge="0" rebuychips="0" reg_code="8394295616"/>
</players>
</general>
<round no="0"><action no="1" player="oreiasccp" type="15" sum="5"/>
<action no="2" player="Freya761" type="15" discard="1" dealt="1" sum="5"/>
<action no="3" player="6SP9" type="15" discard="1" dealt="1" sum="5"/>
<action no="4" player="oreiasccp" type="1" sum="15"/>
<action no="5" player="Freya761" type="2" discard="1" dealt="1" sum="30"/>
</round>
<round no="1"><cards type="Pocket" player="oreiasccp">S10 H4</cards>
<cards type="Pocket" player="6SP9">X X</cards>
<cards type="Pocket" player="Freya761">X X</cards>
<action no="6" player="6SP9" type="23" discard="1" dealt="1" sum="60"/>
<action no="7" player="oreiasccp" type="0" sum="0"/>
<action no="8" player="Freya761" type="23" discard="1" dealt="1" sum="180"/>
<action no="9" player="6SP9" type="0" discard="1" dealt="1" sum="0"/>
</round>
</game>
<game gamecode="11540725632"><general><startdate>2025-06-29 11:41:16</startdate>
<round>1</round>
<failsafecounter/>
<players><player seat="6" name="6SP9" chips="690" dealer="0" win="525" bet="250" muck="0" rebuy="0" addon="0" merge="0" rebuychips="0" reg_code="8394295607"/>
<player seat="10" name="oreiasccp" chips="250" dealer="1" win="0" bet="250" muck="0" rebuy="0" addon="0" merge="0" rebuychips="0" reg_code="8394295616"/>
<player seat="3" name="Freya761" chips="560" dealer="0" win="0" bet="25" muck="1" rebuy="0" addon="0" merge="0" rebuychips="0" reg_code="8394295604"/>
</players>
</general>
<round no="0"><action no="1" player="Freya761" type="15" discard="1" dealt="1" sum="5"/>
<action no="2" player="6SP9" type="15" discard="1" dealt="1" sum="5"/>
<action no="3" player="oreiasccp" type="15" sum="5"/>
<action no="4" player="Freya761" type="1" discard="1" dealt="1" sum="20"/>
<action no="5" player="6SP9" type="2" discard="1" dealt="1" sum="40"/>
</round>
<round no="1"><cards type="Pocket" player="6SP9">D8 D6</cards>
<cards type="Pocket" player="Freya761">X X</cards>
<cards type="Pocket" player="oreiasccp">DK HJ</cards>
<action no="6" player="oreiasccp" type="23" sum="245"/>
<action no="7" player="Freya761" type="0" discard="1" dealt="1" sum="0"/>
<action no="8" player="6SP9" type="3" discard="1" dealt="1" sum="205"/>
</round>
<round no="2"><cards type="Flop">C4 S8 S5</cards>
</round>
<round no="3"><cards type="Turn">CA</cards>
</round>
<round no="4"><cards type="River">C3</cards>
</round>
</game>
</session>
