<?xml version="1.0" encoding="UTF-8"?>
<session sessioncode="8394260387">
<general>
<client_version>25.1.1.13</client_version>
<mode>real</mode>
<gametype>Holdem NL</gametype>
<tablename>Twister €5 SNG, 1128850267</tablename>
<tournamentcode>1128850266</tournamentcode>
<tournamentname>Twister €5 SNG</tournamentname>
<buyin>€0 + €0.35 + €4.65</buyin>
<totalbuyin>€5</totalbuyin>
<rewarddrawn>€10</rewarddrawn>
<tournamentcurrency>EUR</tournamentcurrency>
<currency>EUR</currency>
<nickname>oreiasccp</nickname>
<gamecount>19</gamecount>
<startdate>2025-06-29 09:48:31</startdate>
<place>1</place>
<win>€10</win>
<tablesize>3</tablesize>
</general>
<game gamecode="11540628992"><general><startdate>2025-06-29 09:48:46</startdate>
<round>1</round>
<failsafecounter/>
<players><player seat="3" name="lavidalocaM" chips="500" dealer="0" win="120" bet="80" muck="1" rebuy="0" addon="0" merge="0" rebuychips="0" reg_code="8394260319"/>
<player seat="6" name="mamba024" chips="500" dealer="1" win="0" bet="0" muck="1" rebuy="0" addon="0" merge="0" rebuychips="0" reg_code="8394260340"/>
<player seat="10" name="oreiasccp" chips="500" dealer="0" win="0" bet="60" muck="1" rebuy="0" addon="0" merge="0" rebuychips="0" reg_code="8394260387"/>
</players>
</general>
<round no="0"><action no="1" player="oreiasccp" type="1" sum="10"/>
<action no="2" player="lavidalocaM" type="2" discard="1" dealt="1" sum="20"/>
</round>
<round no="1"><cards type="Pocket" player="mamba024">X X</cards>
<cards type="Pocket" player="lavidalocaM">X X</cards>
<cards type="Pocket" player="oreiasccp">H9 D8</cards>
<action no="3" player="mamba024" type="0" discard="1" dealt="1" sum="0"/>
<action no="4" player="oreiasccp" type="23" sum="40"/>
<action no="5" player="lavidalocaM" type="3" discard="1" dealt="1" sum="20"/>
</round>
<round no="2"><cards type="Flop">S5 DJ D3</cards>
<action no="6" player="oreiasccp" type="5" sum="20"/>
<action no="7" player="lavidalocaM" type="23" discard="1" dealt="1" sum="40"/>
<action no="8" player="oreiasccp" type="0" sum="0"/>
</round>
</game>
<game gamecode="11540629048"><general><startdate>2025-06-29 09:49:01</startdate>
<round>1</round>
<failsafecounter/>
<players><player seat="6" name="mamba024" chips="500" dealer="0" win="0" bet="20" muck="1" rebuy="0" addon="0" merge="0" rebuychips="0" reg_code="8394260340"/>
<player seat="10" name="oreiasccp" chips="440" dealer="1" win="0" bet="0" muck="1" rebuy="0" addon="0" merge="0" rebuychips="0" reg_code="8394260387"/>
<player seat="3" name="lavidalocaM" chips="560" dealer="0" win="40" bet="100" muck="1" rebuy="0" addon="0" merge="0" rebuychips="0" reg_code="8394260319"/>
</players>
</general>
<round no="0"><action no="1" player="lavidalocaM" type="1" discard="1" dealt="1" sum="10"/>
<action no="2" player="mamba024" type="2" discard="1" dealt="1" sum="20"/>
</round>
<round no="1"><cards type="Pocket" player="lavidalocaM">X X</cards>
<cards type="Pocket" player="oreiasccp">C3 SK</cards>
<cards type="Pocket" player="mamba024">X X</cards>
<action no="3" player="oreiasccp" type="0" sum="0"/>
<action no="4" player="lavidalocaM" type="3" discard="1" dealt="1" sum="10"/>
<action no="5" player="mamba024" type="4" discard="1" dealt="1" sum="0"/>
</round>
<round no="2"><cards type="Flop">CJ HK CA</cards>
<action no="6" player="lavidalocaM" type="4" discard="1" dealt="1" sum="0"/>
<action no="7" player="mamba024" type="4" discard="1" dealt="1" sum="0"/>
</round>
<round no="3"><cards type="Turn">DA</cards>
<action no="8" player="lavidalocaM" type="4" discard="1" dealt="1" sum="0"/>
<action no="9" player="mamba024" type="4" discard="1" dealt="1" sum="0"/>
</round>
<round no="4"><cards type="River">HA</cards>
<action no="10" player="lavidalocaM" type="5" discard="1" dealt="1" sum="80"/>
<action no="11" player="mamba024" type="0" discard="1" dealt="1" sum="0"/>
</round>
</game>
<game gamecode="11540629109"><general><startdate>2025-06-29 09:49:18</startdate>
<round>1</round>
<failsafecounter/>
<players><player seat="10" name="oreiasccp" chips="440" dealer="0" win="0" bet="60" muck="1" rebuy="0" addon="0" merge="0" rebuychips="0" reg_code="8394260387"/>
<player seat="3" name="lavidalocaM" chips="580" dealer="1" win="180" bet="100" muck="1" rebuy="0" addon="0" merge="0" rebuychips="0" reg_code="8394260319"/>
<player seat="6" name="mamba024" chips="480" dealer="0" win="0" bet="60" muck="1" rebuy="0" addon="0" merge="0" rebuychips="0" reg_code="8394260340"/>
</players>
</general>
<round no="0"><action no="1" player="mamba024" type="1" discard="1" dealt="1" sum="10"/>
<action no="2" player="oreiasccp" type="2" sum="20"/>
</round>
<round no="1"><cards type="Pocket" player="oreiasccp">S7 DJ</cards>
<cards type="Pocket" player="lavidalocaM">X X</cards>
<cards type="Pocket" player="mamba024">X X</cards>
<action no="3" player="lavidalocaM" type="23" discard="1" dealt="1" sum="40"/>
<action no="4" player="mamba024" type="3" discard="1" dealt="1" sum="30"/>
<action no="5" player="oreiasccp" type="3" sum="20"/>
</round>
<round no="2"><cards type="Flop">SJ C2 H6</cards>
<action no="6" player="mamba024" type="4" discard="1" dealt="1" sum="0"/>
<action no="7" player="oreiasccp" type="4" sum="0"/>
<action no="8" player="lavidalocaM" type="4" discard="1" dealt="1" sum="0"/>
</round>
<round no="3"><cards type="Turn">SA</cards>
<action no="9" player="mamba024" type="5" discard="1" dealt="1" sum="20"/>
<action no="10" player="oreiasccp" type="3" sum="20"/>
<action no="11" player="lavidalocaM" type="23" discard="1" dealt="1" sum="60"/>
<action no="12" player="mamba024" type="0" discard="1" dealt="1" sum="0"/>
<action no="13" player="oreiasccp" type="0" sum="0"/>
</round>
</game>
<game gamecode="11540629221"><general><startdate>2025-06-29 09:49:46</startdate>
<round>1</round>
<failsafecounter/>
<players><player seat="3" name="lavidalocaM" chips="700" dealer="0" win="0" bet="40" muck="1" rebuy="0" addon="0" merge="0" rebuychips="0" reg_code="8394260319"/>
<player seat="6" name="mamba024" chips="420" dealer="1" win="90" bet="130" muck="1" rebuy="0" addon="0" merge="0" rebuychips="0" reg_code="8394260340"/>
<player seat="10" name="oreiasccp" chips="380" dealer="0" win="0" bet="10" muck="1" rebuy="0" addon="0" merge="0" rebuychips="0" reg_code="8394260387"/>
</players>
</general>
<round no="0"><action no="1" player="oreiasccp" type="1" sum="10"/>
<action no="2" player="lavidalocaM" type="2" discard="1" dealt="1" sum="20"/>
</round>
<round no="1"><cards type="Pocket" player="oreiasccp">S6 C2</cards>
<cards type="Pocket" player="lavidalocaM">X X</cards>
<cards type="Pocket" player="mamba024">X X</cards>
<action no="3" player="mamba024" type="23" discard="1" dealt="1" sum="40"/>
<action no="4" player="oreiasccp" type="0" sum="0"/>
<action no="5" player="lavidalocaM" type="3" discard="1" dealt="1" sum="20"/>
</round>
<round no="2"><cards type="Flop">SA SQ SK</cards>
<action no="6" player="lavidalocaM" type="4" discard="1" dealt="1" sum="0"/>
<action no="7" player="mamba024" type="5" discard="1" dealt="1" sum="90"/>
<action no="8" player="lavidalocaM" type="0" discard="1" dealt="1" sum="0"/>
</round>
</game>
<game gamecode="11540629276"><general><startdate>2025-06-29 09:50:00</startdate>
<round>1</round>
<failsafecounter/>
<players><player seat="6" name="mamba024" chips="470" dealer="0" win="0" bet="20" muck="1" rebuy="0" addon="0" merge="0" rebuychips="0" reg_code="8394260340"/>
<player seat="10" name="oreiasccp" chips="370" dealer="1" win="0" bet="0" muck="1" rebuy="0" addon="0" merge="0" rebuychips="0" reg_code="8394260387"/>
<player seat="3" name="lavidalocaM" chips="660" dealer="0" win="40" bet="40" muck="1" rebuy="0" addon="0" merge="0" rebuychips="0" reg_code="8394260319"/>
</players>
</general>
<round no="0"><action no="1" player="lavidalocaM" type="1" discard="1" dealt="1" sum="10"/>
<action no="2" player="mamba024" type="2" discard="1" dealt="1" sum="20"/>
</round>
<round no="1"><cards type="Pocket" player="oreiasccp">S6 D4</cards>
<cards type="Pocket" player="lavidalocaM">X X</cards>
<cards type="Pocket" player="mamba024">X X</cards>
<action no="3" player="oreiasccp" type="0" sum="0"/>
<action no="4" player="lavidalocaM" type="3" discard="1" dealt="1" sum="10"/>
<action no="5" player="mamba024" type="4" discard="1" dealt="1" sum="0"/>
</round>
<round no="2"><cards type="Flop">H9 DJ CJ</cards>
<action no="6" player="lavidalocaM" type="4" discard="1" dealt="1" sum="0"/>
<action no="7" player="mamba024" type="4" discard="1" dealt="1" sum="0"/>
</round>
<round no="3"><cards type="Turn">H5</cards>
<action no="8" player="lavidalocaM" type="5" discard="1" dealt="1" sum="20"/>
<action no="9" player="mamba024" type="0" discard="1" dealt="1" sum="0"/>
</round>
</game>
<game gamecode="11540629328"><general><startdate>2025-06-29 09:50:12</startdate>
<round>1</round>
<failsafecounter/>
<players><player seat="10" name="oreiasccp" chips="370" dealer="0" win="20" bet="20" muck="1" rebuy="0" addon="0" merge="0" rebuychips="0" reg_code="8394260387"/>
<player seat="3" name="lavidalocaM" chips="680" dealer="1" win="0" bet="0" muck="1" rebuy="0" addon="0" merge="0" rebuychips="0" reg_code="8394260319"/>
<player seat="6" name="mamba024" chips="450" dealer="0" win="0" bet="10" muck="1" rebuy="0" addon="0" merge="0" rebuychips="0" reg_code="8394260340"/>
</players>
</general>
<round no="0"><action no="1" player="mamba024" type="1" discard="1" dealt="1" sum="10"/>
<action no="2" player="oreiasccp" type="2" sum="20"/>
</round>
<round no="1"><cards type="Pocket" player="oreiasccp">S3 C5</cards>
<cards type="Pocket" player="lavidalocaM">X X</cards>
<cards type="Pocket" player="mamba024">X X</cards>
<action no="3" player="lavidalocaM" type="0" discard="1" dealt="1" sum="0"/>
<action no="4" player="mamba024" type="0" discard="1" dealt="1" sum="0"/>
</round>
</game>
<game gamecode="11540629356"><general><startdate>2025-06-29 09:50:21</startdate>
<round>1</round>
<failsafecounter/>
<players><player seat="3" name="lavidalocaM" chips="680" dealer="0" win="0" bet="20" muck="1" rebuy="0" addon="0" merge="0" rebuychips="0" reg_code="8394260319"/>
<player seat="6" name="mamba024" chips="440" dealer="1" win="60" bet="80" muck="1" rebuy="0" addon="0" merge="0" rebuychips="0" reg_code="8394260340"/>
<player seat="10" name="oreiasccp" chips="380" dealer="0" win="0" bet="20" muck="1" rebuy="0" addon="0" merge="0" rebuychips="0" reg_code="8394260387"/>
</players>
</general>
<round no="0"><action no="1" player="oreiasccp" type="1" sum="10"/>
<action no="2" player="lavidalocaM" type="2" discard="1" dealt="1" sum="20"/>
</round>
<round no="1"><cards type="Pocket" player="oreiasccp">CQ D9</cards>
<cards type="Pocket" player="lavidalocaM">X X</cards>
<cards type="Pocket" player="mamba024">X X</cards>
<action no="3" player="mamba024" type="3" discard="1" dealt="1" sum="20"/>
<action no="4" player="oreiasccp" type="3" sum="10"/>
<action no="5" player="lavidalocaM" type="4" discard="1" dealt="1" sum="0"/>
</round>
<round no="2"><cards type="Flop">D2 S7 C3</cards>
<action no="6" player="oreiasccp" type="4" sum="0"/>
<action no="7" player="lavidalocaM" type="4" discard="1" dealt="1" sum="0"/>
<action no="8" player="mamba024" type="5" discard="1" dealt="1" sum="60"/>
<action no="9" player="oreiasccp" type="0" sum="0"/>
<action no="10" player="lavidalocaM" type="0" discard="1" dealt="1" sum="0"/>
</round>
</game>
<game gamecode="11540629416"><general><startdate>2025-06-29 09:50:37</startdate>
<round>1</round>
<failsafecounter/>
<players><player seat="6" name="mamba024" chips="480" dealer="0" win="0" bet="360" muck="1" rebuy="0" addon="0" merge="0" rebuychips="0" reg_code="8394260340"/>
<player seat="10" name="oreiasccp" chips="360" dealer="1" win="760" bet="360" muck="0" rebuy="0" addon="0" merge="0" rebuychips="0" reg_code="8394260387"/>
<player seat="3" name="lavidalocaM" chips="660" dealer="0" win="0" bet="40" muck="1" rebuy="0" addon="0" merge="0" rebuychips="0" reg_code="8394260319"/>
</players>
</general>
<round no="0"><action no="1" player="lavidalocaM" type="1" discard="1" dealt="1" sum="10"/>
<action no="2" player="mamba024" type="2" discard="1" dealt="1" sum="20"/>
</round>
<round no="1"><cards type="Pocket" player="lavidalocaM">X X</cards>
<cards type="Pocket" player="oreiasccp">HQ HA</cards>
<cards type="Pocket" player="mamba024">CK DJ</cards>
<action no="3" player="oreiasccp" type="23" sum="40"/>
<action no="4" player="lavidalocaM" type="3" discard="1" dealt="1" sum="30"/>
<action no="5" player="mamba024" type="23" discard="1" dealt="1" sum="60"/>
<action no="6" player="oreiasccp" type="23" sum="360"/>
<action no="7" player="lavidalocaM" type="0" discard="1" dealt="1" sum="0"/>
<action no="8" player="mamba024" type="3" discard="1" dealt="1" sum="300"/>
</round>
<round no="2"><cards type="Flop">S2 H4 S6</cards>
</round>
<round no="3"><cards type="Turn">C4</cards>
</round>
<round no="4"><cards type="River">CA</cards>
</round>
</game>
<game gamecode="11540629499"><general><startdate>2025-06-29 09:50:59</startdate>
<round>1</round>
<failsafecounter/>
<players><player seat="10" name="oreiasccp" chips="760" dealer="0" win="0" bet="120" muck="1" rebuy="0" addon="0" merge="0" rebuychips="0" reg_code="8394260387"/>
<player seat="3" name="lavidalocaM" chips="620" dealer="1" win="0" bet="5" muck="1" rebuy="0" addon="0" merge="0" rebuychips="0" reg_code="8394260319"/>
<player seat="6" name="mamba024" chips="120" dealer="0" win="245" bet="120" muck="0" rebuy="0" addon="0" merge="0" rebuychips="0" reg_code="8394260340"/>
</players>
</general>
<round no="0"><action no="1" player="mamba024" type="15" discard="1" dealt="1" sum="5"/>
<action no="2" player="oreiasccp" type="15" sum="5"/>
<action no="3" player="lavidalocaM" type="15" discard="1" dealt="1" sum="5"/>
<action no="4" player="mamba024" type="1" discard="1" dealt="1" sum="15"/>
<action no="5" player="oreiasccp" type="2" sum="30"/>
</round>
<round no="1"><cards type="Pocket" player="oreiasccp">DA C5</cards>
<cards type="Pocket" player="lavidalocaM">X X</cards>
<cards type="Pocket" player="mamba024">C10 C3</cards>
<action no="6" player="lavidalocaM" type="0" discard="1" dealt="1" sum="0"/>
<action no="7" player="mamba024" type="23" discard="1" dealt="1" sum="115"/>
<action no="8" player="oreiasccp" type="3" sum="85"/>
</round>
<round no="2"><cards type="Flop">H10 C4 SK</cards>
</round>
<round no="3"><cards type="Turn">HK</cards>
</round>
<round no="4"><cards type="River">DJ</cards>
</round>
</game>
<game gamecode="11540629583"><general><startdate>2025-06-29 09:51:19</startdate>
<round>1</round>
<failsafecounter/>
<players><player seat="3" name="lavidalocaM" chips="615" dealer="0" win="255" bet="155" muck="1" rebuy="0" addon="0" merge="0" rebuychips="0" reg_code="8394260319"/>
<player seat="6" name="mamba024" chips="245" dealer="1" win="0" bet="5" muck="1" rebuy="0" addon="0" merge="0" rebuychips="0" reg_code="8394260340"/>
<player seat="10" name="oreiasccp" chips="640" dealer="0" win="0" bet="125" muck="1" rebuy="0" addon="0" merge="0" rebuychips="0" reg_code="8394260387"/>
</players>
</general>
<round no="0"><action no="1" player="oreiasccp" type="15" sum="5"/>
<action no="2" player="lavidalocaM" type="15" discard="1" dealt="1" sum="5"/>
<action no="3" player="mamba024" type="15" discard="1" dealt="1" sum="5"/>
<action no="4" player="oreiasccp" type="1" sum="15"/>
<action no="5" player="lavidalocaM" type="2" discard="1" dealt="1" sum="30"/>
</round>
<round no="1"><cards type="Pocket" player="oreiasccp">S2 CA</cards>
<cards type="Pocket" player="lavidalocaM">X X</cards>
<cards type="Pocket" player="mamba024">X X</cards>
<action no="6" player="mamba024" type="0" discard="1" dealt="1" sum="0"/>
<action no="7" player="oreiasccp" type="23" sum="60"/>
<action no="8" player="lavidalocaM" type="3" discard="1" dealt="1" sum="30"/>
</round>
<round no="2"><cards type="Flop">HK CK SQ</cards>
<action no="9" player="oreiasccp" type="5" sum="30"/>
<action no="10" player="lavidalocaM" type="3" discard="1" dealt="1" sum="30"/>
</round>
<round no="3"><cards type="Turn">D7</cards>
<action no="11" player="oreiasccp" type="5" sum="30"/>
<action no="12" player="lavidalocaM" type="3" discard="1" dealt="1" sum="30"/>
</round>
<round no="4"><cards type="River">C8</cards>
<action no="13" player="oreiasccp" type="4" sum="0"/>
<action no="14" player="lavidalocaM" type="5" discard="1" dealt="1" sum="30"/>
<action no="15" player="oreiasccp" type="0" sum="0"/>
</round>
</game>
<game gamecode="11540629664"><general><startdate>2025-06-29 09:51:38</startdate>
<round>1</round>
<failsafecounter/>
<players><player seat="6" name="mamba024" chips="240" dealer="0" win="0" bet="35" muck="1" rebuy="0" addon="0" merge="0" rebuychips="0" reg_code="8394260340"/>
<player seat="10" name="oreiasccp" chips="515" dealer="1" win="525" bet="245" muck="0" rebuy="0" addon="0" merge="0" rebuychips="0" reg_code="8394260387"/>
<player seat="3" name="lavidalocaM" chips="745" dealer="0" win="0" bet="245" muck="0" rebuy="0" addon="0" merge="0" rebuychips="0" reg_code="8394260319"/>
</players>
</general>
<round no="0"><action no="1" player="lavidalocaM" type="15" discard="1" dealt="1" sum="5"/>
<action no="2" player="mamba024" type="15" discard="1" dealt="1" sum="5"/>
<action no="3" player="oreiasccp" type="15" sum="5"/>
<action no="4" player="lavidalocaM" type="1" discard="1" dealt="1" sum="15"/>
<action no="5" player="mamba024" type="2" discard="1" dealt="1" sum="30"/>
</round>
<round no="1"><cards type="Pocket" player="oreiasccp">S8 CA</cards>
<cards type="Pocket" player="lavidalocaM">C10 SQ</cards>
<cards type="Pocket" player="mamba024">X X</cards>
<action no="6" player="oreiasccp" type="23" sum="60"/>
<action no="7" player="lavidalocaM" type="3" discard="1" dealt="1" sum="45"/>
<action no="8" player="mamba024" type="0" discard="1" dealt="1" sum="0"/>
</round>
<round no="2"><cards type="Flop">S9 D7 SA</cards>
<action no="9" player="lavidalocaM" type="5" discard="1" dealt="1" sum="30"/>
<action no="10" player="oreiasccp" type="3" sum="30"/>
</round>
<round no="3"><cards type="Turn">CK</cards>
<action no="11" player="lavidalocaM" type="5" discard="1" dealt="1" sum="30"/>
<action no="12" player="oreiasccp" type="3" sum="30"/>
</round>
<round no="4"><cards type="River">C4</cards>
<action no="13" player="lavidalocaM" type="5" discard="1" dealt="1" sum="120"/>
<action no="14" player="oreiasccp" type="3" sum="120"/>
</round>
</game>
<game gamecode="11540629763"><general><startdate>2025-06-29 09:52:04</startdate>
<round>1</round>
<failsafecounter/>
<players><player seat="10" name="oreiasccp" chips="795" dealer="0" win="0" bet="35" muck="1" rebuy="0" addon="0" merge="0" rebuychips="0" reg_code="8394260387"/>
<player seat="3" name="lavidalocaM" chips="500" dealer="1" win="445" bet="205" muck="0" rebuy="0" addon="0" merge="0" rebuychips="0" reg_code="8394260319"/>
<player seat="6" name="mamba024" chips="205" dealer="0" win="0" bet="205" muck="0" rebuy="0" addon="0" merge="0" rebuychips="0" reg_code="8394260340"/>
</players>
</general>
<round no="0"><action no="1" player="mamba024" type="15" discard="1" dealt="1" sum="5"/>
<action no="2" player="oreiasccp" type="15" sum="5"/>
<action no="3" player="lavidalocaM" type="15" discard="1" dealt="1" sum="5"/>
<action no="4" player="mamba024" type="1" discard="1" dealt="1" sum="15"/>
<action no="5" player="oreiasccp" type="2" sum="30"/>
</round>
<round no="1"><cards type="Pocket" player="lavidalocaM">HK C10</cards>
<cards type="Pocket" player="oreiasccp">C2 S7</cards>
<cards type="Pocket" player="mamba024">C7 S8</cards>
<action no="6" player="lavidalocaM" type="23" discard="1" dealt="1" sum="60"/>
<action no="7" player="mamba024" type="23" discard="1" dealt="1" sum="200"/>
<action no="8" player="oreiasccp" type="0" sum="0"/>
<action no="9" player="lavidalocaM" type="3" discard="1" dealt="1" sum="140"/>
</round>
<round no="2"><cards type="Flop">SQ D10 C3</cards>
</round>
<round no="3"><cards type="Turn">DJ</cards>
</round>
<round no="4"><cards type="River">HQ</cards>
</round>
</game>
<game gamecode="11540629837"><general><startdate>2025-06-29 09:52:21</startdate>
<round>1</round>
<failsafecounter/>
<players><player seat="3" name="lavidalocaM" chips="740" dealer="0" win="190" bet="95" muck="0" rebuy="0" addon="0" merge="0" rebuychips="0" reg_code="8394260319"/>
<player seat="10" name="oreiasccp" chips="760" dealer="1" win="0" bet="95" muck="1" rebuy="0" addon="0" merge="0" rebuychips="0" reg_code="8394260387"/>
</players>
</general>
<round no="0"><action no="1" player="oreiasccp" type="15" sum="5"/>
<action no="2" player="lavidalocaM" type="15" discard="1" dealt="1" sum="5"/>
<action no="3" player="oreiasccp" type="1" sum="15"/>
<action no="4" player="lavidalocaM" type="2" discard="1" dealt="1" sum="30"/>
</round>
<round no="1"><cards type="Pocket" player="oreiasccp">S6 S10</cards>
<cards type="Pocket" player="lavidalocaM">SJ CK</cards>
<action no="5" player="oreiasccp" type="23" sum="60"/>
<action no="6" player="lavidalocaM" type="3" discard="1" dealt="1" sum="30"/>
</round>
<round no="2"><cards type="Flop">H4 S7 D9</cards>
<action no="7" player="lavidalocaM" type="4" discard="1" dealt="1" sum="0"/>
<action no="8" player="oreiasccp" type="4" sum="0"/>
</round>
<round no="3"><cards type="Turn">D2</cards>
<action no="9" player="lavidalocaM" type="5" discard="1" dealt="1" sum="30"/>
<action no="10" player="oreiasccp" type="3" sum="30"/>
</round>
<round no="4"><cards type="River">D5</cards>
<action no="11" player="lavidalocaM" type="4" discard="1" dealt="1" sum="0"/>
<action no="12" player="oreiasccp" type="4" sum="0"/>
</round>
</game>
<game gamecode="11540629900"><general><startdate>2025-06-29 09:52:39</startdate>
<round>1</round>
<failsafecounter/>
<players><player seat="10" name="oreiasccp" chips="665" dealer="0" win="130" bet="130" muck="1" rebuy="0" addon="0" merge="0" rebuychips="0" reg_code="8394260387"/>
<player seat="3" name="lavidalocaM" chips="835" dealer="1" win="0" bet="65" muck="1" rebuy="0" addon="0" merge="0" rebuychips="0" reg_code="8394260319"/>
</players>
</general>
<round no="0"><action no="1" player="lavidalocaM" type="15" discard="1" dealt="1" sum="5"/>
<action no="2" player="oreiasccp" type="15" sum="5"/>
<action no="3" player="lavidalocaM" type="1" discard="1" dealt="1" sum="15"/>
<action no="4" player="oreiasccp" type="2" sum="30"/>
</round>
<round no="1"><cards type="Pocket" player="oreiasccp">D4 C7</cards>
<cards type="Pocket" player="lavidalocaM">X X</cards>
<action no="5" player="lavidalocaM" type="3" discard="1" dealt="1" sum="15"/>
<action no="6" player="oreiasccp" type="4" sum="0"/>
</round>
<round no="2"><cards type="Flop">S4 SJ D10</cards>
<action no="7" player="oreiasccp" type="4" sum="0"/>
<action no="8" player="lavidalocaM" type="5" discard="1" dealt="1" sum="30"/>
<action no="9" player="oreiasccp" type="3" sum="30"/>
</round>
<round no="3"><cards type="Turn">S3</cards>
<action no="10" player="oreiasccp" type="4" sum="0"/>
<action no="11" player="lavidalocaM" type="4" discard="1" dealt="1" sum="0"/>
</round>
<round no="4"><cards type="River">C9</cards>
<action no="12" player="oreiasccp" type="5" sum="65"/>
<action no="13" player="lavidalocaM" type="0" discard="1" dealt="1" sum="0"/>
</round>
</game>
<game gamecode="11540634207"><general><startdate>2025-06-29 09:52:59</startdate>
<round>1</round>
<failsafecounter/>
<players><player seat="3" name="lavidalocaM" chips="770" dealer="0" win="170" bet="770" muck="1" rebuy="0" addon="0" merge="0" rebuychips="0" reg_code="8394260319"/>
<player seat="10" name="oreiasccp" chips="730" dealer="1" win="0" bet="85" muck="1" rebuy="0" addon="0" merge="0" rebuychips="0" reg_code="8394260387"/>
</players>
</general>
<round no="0"><action no="1" player="oreiasccp" type="15" sum="5"/>
<action no="2" player="lavidalocaM" type="15" discard="1" dealt="1" sum="5"/>
<action no="3" player="oreiasccp" type="1" sum="20"/>
<action no="4" player="lavidalocaM" type="2" discard="1" dealt="1" sum="40"/>
</round>
<round no="1"><cards type="Pocket" player="oreiasccp">S2 SK</cards>
<cards type="Pocket" player="lavidalocaM">X X</cards>
<action no="5" player="oreiasccp" type="23" sum="80"/>
<action no="6" player="lavidalocaM" type="23" discard="1" dealt="1" sum="765"/>
<action no="7" player="oreiasccp" type="0" sum="0"/>
</round>
</game>
<game gamecode="11540634231"><general><startdate>2025-06-29 09:53:07</startdate>
<round>1</round>
<failsafecounter/>
<players><player seat="10" name="oreiasccp" chips="645" dealer="0" win="0" bet="45" muck="1" rebuy="0" addon="0" merge="0" rebuychips="0" reg_code="8394260387"/>
<player seat="3" name="lavidalocaM" chips="855" dealer="1" win="90" bet="85" muck="1" rebuy="0" addon="0" merge="0" rebuychips="0" reg_code="8394260319"/>
</players>
</general>
<round no="0"><action no="1" player="lavidalocaM" type="15" discard="1" dealt="1" sum="5"/>
<action no="2" player="oreiasccp" type="15" sum="5"/>
<action no="3" player="lavidalocaM" type="1" discard="1" dealt="1" sum="20"/>
<action no="4" player="oreiasccp" type="2" sum="40"/>
</round>
<round no="1"><cards type="Pocket" player="lavidalocaM">X X</cards>
<cards type="Pocket" player="oreiasccp">DJ H7</cards>
<action no="5" player="lavidalocaM" type="3" discard="1" dealt="1" sum="20"/>
<action no="6" player="oreiasccp" type="4" sum="0"/>
</round>
<round no="2"><cards type="Flop">DA H2 H6</cards>
<action no="7" player="oreiasccp" type="4" sum="0"/>
<action no="8" player="lavidalocaM" type="5" discard="1" dealt="1" sum="40"/>
<action no="9" player="oreiasccp" type="0" sum="0"/>
</round>
</game>
<game gamecode="11540634274"><general><startdate>2025-06-29 09:53:19</startdate>
<round>1</round>
<failsafecounter/>
<players><player seat="3" name="lavidalocaM" chips="900" dealer="0" win="0" bet="125" muck="1" rebuy="0" addon="0" merge="0" rebuychips="0" reg_code="8394260319"/>
<player seat="10" name="oreiasccp" chips="600" dealer="1" win="250" bet="205" muck="1" rebuy="0" addon="0" merge="0" rebuychips="0" reg_code="8394260387"/>
</players>
</general>
<round no="0"><action no="1" player="oreiasccp" type="15" sum="5"/>
<action no="2" player="lavidalocaM" type="15" discard="1" dealt="1" sum="5"/>
<action no="3" player="oreiasccp" type="1" sum="20"/>
<action no="4" player="lavidalocaM" type="2" discard="1" dealt="1" sum="40"/>
</round>
<round no="1"><cards type="Pocket" player="lavidalocaM">X X</cards>
<cards type="Pocket" player="oreiasccp">S10 DQ</cards>
<action no="5" player="oreiasccp" type="3" sum="20"/>
<action no="6" player="lavidalocaM" type="4" discard="1" dealt="1" sum="0"/>
</round>
<round no="2"><cards type="Flop">D10 DA S5</cards>
<action no="7" player="lavidalocaM" type="4" discard="1" dealt="1" sum="0"/>
<action no="8" player="oreiasccp" type="5" sum="40"/>
<action no="9" player="lavidalocaM" type="3" discard="1" dealt="1" sum="40"/>
</round>
<round no="3"><cards type="Turn">D5</cards>
<action no="10" player="lavidalocaM" type="4" discard="1" dealt="1" sum="0"/>
<action no="11" player="oreiasccp" type="4" sum="0"/>
</round>
<round no="4"><cards type="River">D2</cards>
<action no="12" player="lavidalocaM" type="5" discard="1" dealt="1" sum="40"/>
<action no="13" player="oreiasccp" type="23" sum="120"/>
<action no="14" player="lavidalocaM" type="0" discard="1" dealt="1" sum="0"/>
</round>
</game>
<game gamecode="11540634373"><general><startdate>2025-06-29 09:53:45</startdate>
<round>1</round>
<failsafecounter/>
<players><player seat="10" name="oreiasccp" chips="725" dealer="0" win="1,450" bet="725" muck="0" rebuy="0" addon="0" merge="0" rebuychips="0" reg_code="8394260387"/>
<player seat="3" name="lavidalocaM" chips="775" dealer="1" win="0" bet="725" muck="1" rebuy="0" addon="0" merge="0" rebuychips="0" reg_code="8394260319"/>
</players>
</general>
<round no="0"><action no="1" player="lavidalocaM" type="15" discard="1" dealt="1" sum="5"/>
<action no="2" player="oreiasccp" type="15" sum="5"/>
<action no="3" player="lavidalocaM" type="1" discard="1" dealt="1" sum="20"/>
<action no="4" player="oreiasccp" type="2" sum="40"/>
</round>
<round no="1"><cards type="Pocket" player="oreiasccp">S4 C4</cards>
<cards type="Pocket" player="lavidalocaM">SQ CA</cards>
<action no="5" player="lavidalocaM" type="23" discard="1" dealt="1" sum="80"/>
<action no="6" player="oreiasccp" type="23" sum="720"/>
<action no="7" player="lavidalocaM" type="3" discard="1" dealt="1" sum="640"/>
</round>
<round no="2"><cards type="Flop">HA S5 D4</cards>
</round>
<round no="3"><cards type="Turn">C2</cards>
</round>
<round no="4"><cards type="River">S8</cards>
</round>
</game>
<game gamecode="11540634436"><general><startdate>2025-06-29 09:54:02</startdate>
<round>1</round>
<failsafecounter/>
<players><player seat="3" name="lavidalocaM" chips="50" dealer="0" win="0" bet="50" muck="0" rebuy="0" addon="0" merge="0" rebuychips="0" reg_code="8394260319"/>
<player seat="10" name="oreiasccp" chips="1,450" dealer="1" win="100" bet="185" muck="0" rebuy="0" addon="0" merge="0" rebuychips="0" reg_code="8394260387"/>
</players>
</general>
<round no="0"><action no="1" player="oreiasccp" type="15" sum="5"/>
<action no="2" player="lavidalocaM" type="15" discard="1" dealt="1" sum="5"/>
<action no="3" player="oreiasccp" type="1" sum="20"/>
<action no="4" player="lavidalocaM" type="2" discard="1" dealt="1" sum="40"/>
</round>
<round no="1"><cards type="Pocket" player="lavidalocaM">S5 DQ</cards>
<cards type="Pocket" player="oreiasccp">D3 S4</cards>
<action no="5" player="oreiasccp" type="23" sum="180"/>
<action no="6" player="lavidalocaM" type="7" discard="1" dealt="1" sum="5"/>
</round>
<round no="2"><cards type="Flop">C7 D7 C10</cards>
</round>
<round no="3"><cards type="Turn">S8</cards>
</round>
<round no="4"><cards type="River">S3</cards>
</round>
</game>
</session>
