<?xml version="1.0" encoding="UTF-8"?>
<session sessioncode="8394253207">
<general>
<client_version>25.1.1.13</client_version>
<mode>real</mode>
<gametype>Holdem NL</gametype>
<tablename>Twister €5 SNG, 1128849351</tablename>
<tournamentcode>1128849350</tournamentcode>
<tournamentname>Twister €5 SNG</tournamentname>
<buyin>€0 + €0.35 + €4.65</buyin>
<totalbuyin>€5</totalbuyin>
<rewarddrawn>€15</rewarddrawn>
<tournamentcurrency>EUR</tournamentcurrency>
<currency>EUR</currency>
<nickname>oreiasccp</nickname>
<gamecount>16</gamecount>
<startdate>2025-06-29 09:23:04</startdate>
<place>2</place>
<win>€0</win>
<tablesize>3</tablesize>
</general>
<game gamecode="11540610032"><general><startdate>2025-06-29 09:23:19</startdate>
<round>1</round>
<failsafecounter/>
<players><player seat="6" name="Shrewdsong887" chips="500" dealer="0" win="20" bet="20" muck="1" rebuy="0" addon="0" merge="0" rebuychips="0" reg_code="8394253322"/>
<player seat="10" name="troybomber" chips="500" dealer="1" win="0" bet="0" muck="1" rebuy="0" addon="0" merge="0" rebuychips="0" reg_code="8394253324"/>
<player seat="3" name="oreiasccp" chips="500" dealer="0" win="0" bet="10" muck="1" rebuy="0" addon="0" merge="0" rebuychips="0" reg_code="8394253207"/>
</players>
</general>
<round no="0"><action no="1" player="oreiasccp" type="1" sum="10"/>
<action no="2" player="Shrewdsong887" type="2" discard="1" dealt="1" sum="20"/>
</round>
<round no="1"><cards type="Pocket" player="Shrewdsong887">X X</cards>
<cards type="Pocket" player="oreiasccp">DQ C2</cards>
<cards type="Pocket" player="troybomber">X X</cards>
<action no="3" player="troybomber" type="0" discard="1" dealt="1" sum="0"/>
<action no="4" player="oreiasccp" type="0" sum="0"/>
</round>
</game>
<game gamecode="11540610067"><general><startdate>2025-06-29 09:23:29</startdate>
<round>1</round>
<failsafecounter/>
<players><player seat="10" name="troybomber" chips="500" dealer="0" win="40" bet="40" muck="1" rebuy="0" addon="0" merge="0" rebuychips="0" reg_code="8394253324"/>
<player seat="3" name="oreiasccp" chips="490" dealer="1" win="0" bet="0" muck="1" rebuy="0" addon="0" merge="0" rebuychips="0" reg_code="8394253207"/>
<player seat="6" name="Shrewdsong887" chips="510" dealer="0" win="0" bet="20" muck="1" rebuy="0" addon="0" merge="0" rebuychips="0" reg_code="8394253322"/>
</players>
</general>
<round no="0"><action no="1" player="Shrewdsong887" type="1" discard="1" dealt="1" sum="10"/>
<action no="2" player="troybomber" type="2" discard="1" dealt="1" sum="20"/>
</round>
<round no="1"><cards type="Pocket" player="oreiasccp">H5 CK</cards>
<cards type="Pocket" player="troybomber">X X</cards>
<cards type="Pocket" player="Shrewdsong887">X X</cards>
<action no="3" player="oreiasccp" type="0" sum="0"/>
<action no="4" player="Shrewdsong887" type="3" discard="1" dealt="1" sum="10"/>
<action no="5" player="troybomber" type="4" discard="1" dealt="1" sum="0"/>
</round>
<round no="2"><cards type="Flop">SK HK SA</cards>
<action no="6" player="Shrewdsong887" type="4" discard="1" dealt="1" sum="0"/>
<action no="7" player="troybomber" type="5" discard="1" dealt="1" sum="20"/>
<action no="8" player="Shrewdsong887" type="0" discard="1" dealt="1" sum="0"/>
</round>
</game>
<game gamecode="11540610156"><general><startdate>2025-06-29 09:23:54</startdate>
<round>1</round>
<failsafecounter/>
<players><player seat="3" name="oreiasccp" chips="490" dealer="0" win="0" bet="20" muck="1" rebuy="0" addon="0" merge="0" rebuychips="0" reg_code="8394253207"/>
<player seat="6" name="Shrewdsong887" chips="490" dealer="1" win="0" bet="20" muck="1" rebuy="0" addon="0" merge="0" rebuychips="0" reg_code="8394253322"/>
<player seat="10" name="troybomber" chips="520" dealer="0" win="60" bet="520" muck="1" rebuy="0" addon="0" merge="0" rebuychips="0" reg_code="8394253324"/>
</players>
</general>
<round no="0"><action no="1" player="troybomber" type="1" discard="1" dealt="1" sum="10"/>
<action no="2" player="oreiasccp" type="2" sum="20"/>
</round>
<round no="1"><cards type="Pocket" player="Shrewdsong887">X X</cards>
<cards type="Pocket" player="troybomber">X X</cards>
<cards type="Pocket" player="oreiasccp">DJ DK</cards>
<action no="3" player="Shrewdsong887" type="3" discard="1" dealt="1" sum="20"/>
<action no="4" player="troybomber" type="23" discard="1" dealt="1" sum="520"/>
<action no="5" player="oreiasccp" type="0" sum="0"/>
<action no="6" player="Shrewdsong887" type="0" discard="1" dealt="1" sum="0"/>
</round>
</game>
<game gamecode="11540610226"><general><startdate>2025-06-29 09:24:14</startdate>
<round>1</round>
<failsafecounter/>
<players><player seat="6" name="Shrewdsong887" chips="470" dealer="0" win="950" bet="470" muck="0" rebuy="0" addon="0" merge="0" rebuychips="0" reg_code="8394253322"/>
<player seat="10" name="troybomber" chips="560" dealer="1" win="0" bet="470" muck="1" rebuy="0" addon="0" merge="0" rebuychips="0" reg_code="8394253324"/>
<player seat="3" name="oreiasccp" chips="470" dealer="0" win="0" bet="10" muck="1" rebuy="0" addon="0" merge="0" rebuychips="0" reg_code="8394253207"/>
</players>
</general>
<round no="0"><action no="1" player="oreiasccp" type="1" sum="10"/>
<action no="2" player="Shrewdsong887" type="2" discard="1" dealt="1" sum="20"/>
</round>
<round no="1"><cards type="Pocket" player="Shrewdsong887">D7 C8</cards>
<cards type="Pocket" player="troybomber">S8 H9</cards>
<cards type="Pocket" player="oreiasccp">SK D9</cards>
<action no="3" player="troybomber" type="23" discard="1" dealt="1" sum="40"/>
<action no="4" player="oreiasccp" type="0" sum="0"/>
<action no="5" player="Shrewdsong887" type="3" discard="1" dealt="1" sum="20"/>
</round>
<round no="2"><cards type="Flop">H7 D6 H8</cards>
<action no="6" player="Shrewdsong887" type="4" discard="1" dealt="1" sum="0"/>
<action no="7" player="troybomber" type="5" discard="1" dealt="1" sum="90"/>
<action no="8" player="Shrewdsong887" type="23" discard="1" dealt="1" sum="430"/>
<action no="9" player="troybomber" type="3" discard="1" dealt="1" sum="340"/>
</round>
<round no="3"><cards type="Turn">CK</cards>
</round>
<round no="4"><cards type="River">C3</cards>
</round>
</game>
<game gamecode="11540610336"><general><startdate>2025-06-29 09:24:49</startdate>
<round>1</round>
<failsafecounter/>
<players><player seat="10" name="troybomber" chips="90" dealer="0" win="0" bet="20" muck="1" rebuy="0" addon="0" merge="0" rebuychips="0" reg_code="8394253324"/>
<player seat="3" name="oreiasccp" chips="460" dealer="1" win="0" bet="0" muck="1" rebuy="0" addon="0" merge="0" rebuychips="0" reg_code="8394253207"/>
<player seat="6" name="Shrewdsong887" chips="950" dealer="0" win="40" bet="20" muck="0" rebuy="0" addon="0" merge="0" rebuychips="0" reg_code="8394253322"/>
</players>
</general>
<round no="0"><action no="1" player="Shrewdsong887" type="1" discard="1" dealt="1" sum="10"/>
<action no="2" player="troybomber" type="2" discard="1" dealt="1" sum="20"/>
</round>
<round no="1"><cards type="Pocket" player="Shrewdsong887">SQ C8</cards>
<cards type="Pocket" player="troybomber">D6 D4</cards>
<cards type="Pocket" player="oreiasccp">C6 H2</cards>
<action no="3" player="oreiasccp" type="0" sum="0"/>
<action no="4" player="Shrewdsong887" type="3" discard="1" dealt="1" sum="10"/>
<action no="5" player="troybomber" type="4" discard="1" dealt="1" sum="0"/>
</round>
<round no="2"><cards type="Flop">H8 CK DA</cards>
<action no="6" player="Shrewdsong887" type="4" discard="1" dealt="1" sum="0"/>
<action no="7" player="troybomber" type="4" discard="1" dealt="1" sum="0"/>
</round>
<round no="3"><cards type="Turn">D9</cards>
<action no="8" player="Shrewdsong887" type="4" discard="1" dealt="1" sum="0"/>
<action no="9" player="troybomber" type="4" discard="1" dealt="1" sum="0"/>
</round>
<round no="4"><cards type="River">CJ</cards>
<action no="10" player="Shrewdsong887" type="4" discard="1" dealt="1" sum="0"/>
<action no="11" player="troybomber" type="4" discard="1" dealt="1" sum="0"/>
</round>
</game>
<game gamecode="11540610497"><general><startdate>2025-06-29 09:25:36</startdate>
<round>1</round>
<failsafecounter/>
<players><player seat="3" name="oreiasccp" chips="460" dealer="0" win="72" bet="70" muck="0" rebuy="0" addon="0" merge="0" rebuychips="0" reg_code="8394253207"/>
<player seat="6" name="Shrewdsong887" chips="970" dealer="1" win="0" bet="5" muck="1" rebuy="0" addon="0" merge="0" rebuychips="0" reg_code="8394253322"/>
<player seat="10" name="troybomber" chips="70" dealer="0" win="73" bet="70" muck="0" rebuy="0" addon="0" merge="0" rebuychips="0" reg_code="8394253324"/>
</players>
</general>
<round no="0"><action no="1" player="troybomber" type="15" discard="1" dealt="1" sum="5"/>
<action no="2" player="oreiasccp" type="15" sum="5"/>
<action no="3" player="Shrewdsong887" type="15" discard="1" dealt="1" sum="5"/>
<action no="4" player="troybomber" type="1" discard="1" dealt="1" sum="15"/>
<action no="5" player="oreiasccp" type="2" sum="30"/>
</round>
<round no="1"><cards type="Pocket" player="oreiasccp">SA S5</cards>
<cards type="Pocket" player="troybomber">HA S2</cards>
<cards type="Pocket" player="Shrewdsong887">X X</cards>
<action no="6" player="Shrewdsong887" type="0" discard="1" dealt="1" sum="0"/>
<action no="7" player="troybomber" type="23" discard="1" dealt="1" sum="65"/>
<action no="8" player="oreiasccp" type="3" sum="35"/>
</round>
<round no="2"><cards type="Flop">C8 CJ D6</cards>
</round>
<round no="3"><cards type="Turn">H4</cards>
</round>
<round no="4"><cards type="River">S8</cards>
</round>
</game>
<game gamecode="11540610573"><general><startdate>2025-06-29 09:25:56</startdate>
<round>1</round>
<failsafecounter/>
<players><player seat="6" name="Shrewdsong887" chips="965" dealer="0" win="0" bet="73" muck="1" rebuy="0" addon="0" merge="0" rebuychips="0" reg_code="8394253322"/>
<player seat="10" name="troybomber" chips="73" dealer="1" win="166" bet="73" muck="0" rebuy="0" addon="0" merge="0" rebuychips="0" reg_code="8394253324"/>
<player seat="3" name="oreiasccp" chips="462" dealer="0" win="0" bet="20" muck="1" rebuy="0" addon="0" merge="0" rebuychips="0" reg_code="8394253207"/>
</players>
</general>
<round no="0"><action no="1" player="oreiasccp" type="15" sum="5"/>
<action no="2" player="Shrewdsong887" type="15" discard="1" dealt="1" sum="5"/>
<action no="3" player="troybomber" type="15" discard="1" dealt="1" sum="5"/>
<action no="4" player="oreiasccp" type="1" sum="15"/>
<action no="5" player="Shrewdsong887" type="2" discard="1" dealt="1" sum="30"/>
</round>
<round no="1"><cards type="Pocket" player="troybomber">SJ CJ</cards>
<cards type="Pocket" player="oreiasccp">D2 S6</cards>
<cards type="Pocket" player="Shrewdsong887">D5 C3</cards>
<action no="6" player="troybomber" type="23" discard="1" dealt="1" sum="68"/>
<action no="7" player="oreiasccp" type="0" sum="0"/>
<action no="8" player="Shrewdsong887" type="3" discard="1" dealt="1" sum="38"/>
</round>
<round no="2"><cards type="Flop">SA C4 SQ</cards>
</round>
<round no="3"><cards type="Turn">C6</cards>
</round>
<round no="4"><cards type="River">DA</cards>
</round>
</game>
<game gamecode="11540610636"><general><startdate>2025-06-29 09:26:16</startdate>
<round>1</round>
<failsafecounter/>
<players><player seat="10" name="troybomber" chips="166" dealer="0" win="0" bet="166" muck="0" rebuy="0" addon="0" merge="0" rebuychips="0" reg_code="8394253324"/>
<player seat="3" name="oreiasccp" chips="442" dealer="1" win="0" bet="5" muck="1" rebuy="0" addon="0" merge="0" rebuychips="0" reg_code="8394253207"/>
<player seat="6" name="Shrewdsong887" chips="892" dealer="0" win="337" bet="892" muck="0" rebuy="0" addon="0" merge="0" rebuychips="0" reg_code="8394253322"/>
</players>
</general>
<round no="0"><action no="1" player="Shrewdsong887" type="15" discard="1" dealt="1" sum="5"/>
<action no="2" player="troybomber" type="15" discard="1" dealt="1" sum="5"/>
<action no="3" player="oreiasccp" type="15" sum="5"/>
<action no="4" player="Shrewdsong887" type="1" discard="1" dealt="1" sum="15"/>
<action no="5" player="troybomber" type="2" discard="1" dealt="1" sum="30"/>
</round>
<round no="1"><cards type="Pocket" player="troybomber">D5 CK</cards>
<cards type="Pocket" player="oreiasccp">C5 H3</cards>
<cards type="Pocket" player="Shrewdsong887">CQ DJ</cards>
<action no="6" player="oreiasccp" type="0" sum="0"/>
<action no="7" player="Shrewdsong887" type="23" discard="1" dealt="1" sum="887"/>
<action no="8" player="troybomber" type="7" discard="1" dealt="1" sum="131"/>
</round>
<round no="2"><cards type="Flop">HJ C2 DA</cards>
</round>
<round no="3"><cards type="Turn">C3</cards>
</round>
<round no="4"><cards type="River">C7</cards>
</round>
</game>
<game gamecode="11540610713"><general><startdate>2025-06-29 09:26:35</startdate>
<round>1</round>
<failsafecounter/>
<players><player seat="3" name="oreiasccp" chips="437" dealer="0" win="0" bet="35" muck="1" rebuy="0" addon="0" merge="0" rebuychips="0" reg_code="8394253207"/>
<player seat="6" name="Shrewdsong887" chips="1,063" dealer="1" win="70" bet="1,063" muck="1" rebuy="0" addon="0" merge="0" rebuychips="0" reg_code="8394253322"/>
</players>
</general>
<round no="0"><action no="1" player="Shrewdsong887" type="15" discard="1" dealt="1" sum="5"/>
<action no="2" player="oreiasccp" type="15" sum="5"/>
<action no="3" player="Shrewdsong887" type="1" discard="1" dealt="1" sum="15"/>
<action no="4" player="oreiasccp" type="2" sum="30"/>
</round>
<round no="1"><cards type="Pocket" player="Shrewdsong887">X X</cards>
<cards type="Pocket" player="oreiasccp">DK H10</cards>
<action no="5" player="Shrewdsong887" type="23" discard="1" dealt="1" sum="1,058"/>
<action no="6" player="oreiasccp" type="0" sum="0"/>
</round>
</game>
<game gamecode="11540610752"><general><startdate>2025-06-29 09:26:50</startdate>
<round>1</round>
<failsafecounter/>
<players><player seat="6" name="Shrewdsong887" chips="1,098" dealer="0" win="0" bet="35" muck="1" rebuy="0" addon="0" merge="0" rebuychips="0" reg_code="8394253322"/>
<player seat="3" name="oreiasccp" chips="402" dealer="1" win="70" bet="65" muck="1" rebuy="0" addon="0" merge="0" rebuychips="0" reg_code="8394253207"/>
</players>
</general>
<round no="0"><action no="1" player="oreiasccp" type="15" sum="5"/>
<action no="2" player="Shrewdsong887" type="15" discard="1" dealt="1" sum="5"/>
<action no="3" player="oreiasccp" type="1" sum="15"/>
<action no="4" player="Shrewdsong887" type="2" discard="1" dealt="1" sum="30"/>
</round>
<round no="1"><cards type="Pocket" player="Shrewdsong887">X X</cards>
<cards type="Pocket" player="oreiasccp">C9 S8</cards>
<action no="5" player="oreiasccp" type="23" sum="60"/>
<action no="6" player="Shrewdsong887" type="0" discard="1" dealt="1" sum="0"/>
</round>
</game>
<game gamecode="11540610788"><general><startdate>2025-06-29 09:26:58</startdate>
<round>1</round>
<failsafecounter/>
<players><player seat="3" name="oreiasccp" chips="437" dealer="0" win="0" bet="35" muck="1" rebuy="0" addon="0" merge="0" rebuychips="0" reg_code="8394253207"/>
<player seat="6" name="Shrewdsong887" chips="1,063" dealer="1" win="70" bet="1,063" muck="1" rebuy="0" addon="0" merge="0" rebuychips="0" reg_code="8394253322"/>
</players>
</general>
<round no="0"><action no="1" player="Shrewdsong887" type="15" discard="1" dealt="1" sum="5"/>
<action no="2" player="oreiasccp" type="15" sum="5"/>
<action no="3" player="Shrewdsong887" type="1" discard="1" dealt="1" sum="15"/>
<action no="4" player="oreiasccp" type="2" sum="30"/>
</round>
<round no="1"><cards type="Pocket" player="oreiasccp">H4 D3</cards>
<cards type="Pocket" player="Shrewdsong887">X X</cards>
<action no="5" player="Shrewdsong887" type="23" discard="1" dealt="1" sum="1,058"/>
<action no="6" player="oreiasccp" type="0" sum="0"/>
</round>
</game>
<game gamecode="11540610820"><general><startdate>2025-06-29 09:27:07</startdate>
<round>1</round>
<failsafecounter/>
<players><player seat="6" name="Shrewdsong887" chips="1,098" dealer="0" win="40" bet="35" muck="1" rebuy="0" addon="0" merge="0" rebuychips="0" reg_code="8394253322"/>
<player seat="3" name="oreiasccp" chips="402" dealer="1" win="0" bet="20" muck="1" rebuy="0" addon="0" merge="0" rebuychips="0" reg_code="8394253207"/>
</players>
</general>
<round no="0"><action no="1" player="oreiasccp" type="15" sum="5"/>
<action no="2" player="Shrewdsong887" type="15" discard="1" dealt="1" sum="5"/>
<action no="3" player="oreiasccp" type="1" sum="15"/>
<action no="4" player="Shrewdsong887" type="2" discard="1" dealt="1" sum="30"/>
</round>
<round no="1"><cards type="Pocket" player="oreiasccp">S9 C3</cards>
<cards type="Pocket" player="Shrewdsong887">X X</cards>
<action no="5" player="oreiasccp" type="0" sum="0"/>
</round>
</game>
<game gamecode="11540610852"><general><startdate>2025-06-29 09:27:16</startdate>
<round>1</round>
<failsafecounter/>
<players><player seat="3" name="oreiasccp" chips="382" dealer="0" win="40" bet="35" muck="1" rebuy="0" addon="0" merge="0" rebuychips="0" reg_code="8394253207"/>
<player seat="6" name="Shrewdsong887" chips="1,118" dealer="1" win="0" bet="20" muck="1" rebuy="0" addon="0" merge="0" rebuychips="0" reg_code="8394253322"/>
</players>
</general>
<round no="0"><action no="1" player="Shrewdsong887" type="15" discard="1" dealt="1" sum="5"/>
<action no="2" player="oreiasccp" type="15" sum="5"/>
<action no="3" player="Shrewdsong887" type="1" discard="1" dealt="1" sum="15"/>
<action no="4" player="oreiasccp" type="2" sum="30"/>
</round>
<round no="1"><cards type="Pocket" player="oreiasccp">S4 C8</cards>
<cards type="Pocket" player="Shrewdsong887">X X</cards>
<action no="5" player="Shrewdsong887" type="0" discard="1" dealt="1" sum="0"/>
</round>
</game>
<game gamecode="11540610876"><general><startdate>2025-06-29 09:27:24</startdate>
<round>1</round>
<failsafecounter/>
<players><player seat="6" name="Shrewdsong887" chips="1,098" dealer="0" win="250" bet="375" muck="1" rebuy="0" addon="0" merge="0" rebuychips="0" reg_code="8394253322"/>
<player seat="3" name="oreiasccp" chips="402" dealer="1" win="0" bet="125" muck="1" rebuy="0" addon="0" merge="0" rebuychips="0" reg_code="8394253207"/>
</players>
</general>
<round no="0"><action no="1" player="oreiasccp" type="15" sum="5"/>
<action no="2" player="Shrewdsong887" type="15" discard="1" dealt="1" sum="5"/>
<action no="3" player="oreiasccp" type="1" sum="20"/>
<action no="4" player="Shrewdsong887" type="2" discard="1" dealt="1" sum="40"/>
</round>
<round no="1"><cards type="Pocket" player="oreiasccp">H4 H6</cards>
<cards type="Pocket" player="Shrewdsong887">X X</cards>
<action no="5" player="oreiasccp" type="3" sum="20"/>
<action no="6" player="Shrewdsong887" type="23" discard="1" dealt="1" sum="120"/>
<action no="7" player="oreiasccp" type="3" sum="80"/>
</round>
<round no="2"><cards type="Flop">SA C2 H7</cards>
<action no="8" player="Shrewdsong887" type="5" discard="1" dealt="1" sum="250"/>
<action no="9" player="oreiasccp" type="0" sum="0"/>
</round>
</game>
<game gamecode="11540610942"><general><startdate>2025-06-29 09:27:45</startdate>
<round>1</round>
<failsafecounter/>
<players><player seat="3" name="oreiasccp" chips="277" dealer="0" win="0" bet="45" muck="1" rebuy="0" addon="0" merge="0" rebuychips="0" reg_code="8394253207"/>
<player seat="6" name="Shrewdsong887" chips="1,223" dealer="1" win="90" bet="1,223" muck="1" rebuy="0" addon="0" merge="0" rebuychips="0" reg_code="8394253322"/>
</players>
</general>
<round no="0"><action no="1" player="Shrewdsong887" type="15" discard="1" dealt="1" sum="5"/>
<action no="2" player="oreiasccp" type="15" sum="5"/>
<action no="3" player="Shrewdsong887" type="1" discard="1" dealt="1" sum="20"/>
<action no="4" player="oreiasccp" type="2" sum="40"/>
</round>
<round no="1"><cards type="Pocket" player="oreiasccp">C5 C6</cards>
<cards type="Pocket" player="Shrewdsong887">X X</cards>
<action no="5" player="Shrewdsong887" type="23" discard="1" dealt="1" sum="1,218"/>
<action no="6" player="oreiasccp" type="0" sum="0"/>
</round>
</game>
<game gamecode="11540610987"><general><startdate>2025-06-29 09:27:56</startdate>
<round>1</round>
<failsafecounter/>
<players><player seat="6" name="Shrewdsong887" chips="1,268" dealer="0" win="464" bet="232" muck="0" rebuy="0" addon="0" merge="0" rebuychips="0" reg_code="8394253322"/>
<player seat="3" name="oreiasccp" chips="232" dealer="1" win="0" bet="232" muck="0" rebuy="0" addon="0" merge="0" rebuychips="0" reg_code="8394253207"/>
</players>
</general>
<round no="0"><action no="1" player="oreiasccp" type="15" sum="5"/>
<action no="2" player="Shrewdsong887" type="15" discard="1" dealt="1" sum="5"/>
<action no="3" player="oreiasccp" type="1" sum="20"/>
<action no="4" player="Shrewdsong887" type="2" discard="1" dealt="1" sum="40"/>
</round>
<round no="1"><cards type="Pocket" player="oreiasccp">H4 SA</cards>
<cards type="Pocket" player="Shrewdsong887">CJ H8</cards>
<action no="5" player="oreiasccp" type="23" sum="227"/>
<action no="6" player="Shrewdsong887" type="3" discard="1" dealt="1" sum="187"/>
</round>
<round no="2"><cards type="Flop">D5 DJ C5</cards>
</round>
<round no="3"><cards type="Turn">HK</cards>
</round>
<round no="4"><cards type="River">S10</cards>
</round>
</game>
</session>
