<?xml version="1.0" encoding="UTF-8"?>
<session sessioncode="8384846200">
<general>
<client_version>24.7.1.16</client_version>
<mode>real</mode>
<gametype>Holdem NL</gametype>
<tablename>Twister €5 SNG, 1127565432</tablename>
<tournamentcode>1127565431</tournamentcode>
<tournamentname>Twister €5 SNG</tournamentname>
<buyin>€0 + €0.35 + €4.65</buyin>
<totalbuyin>€5</totalbuyin>
<rewarddrawn>€10</rewarddrawn>
<tournamentcurrency>EUR</tournamentcurrency>
<currency>EUR</currency>
<nickname>oreiasccp</nickname>
<gamecount>20</gamecount>
<startdate>2025-06-16 09:32:47</startdate>
<place>1</place>
<win>€10</win>
<tablesize>3</tablesize>
</general>
<game gamecode="11514859268"><general><startdate>2025-06-16 09:33:02</startdate>
<round>1</round>
<failsafecounter/>
<players><player seat="10" name="Strandy2711" chips="500" dealer="0" win="0" bet="20" muck="1" rebuy="0" addon="0" merge="0" rebuychips="0" reg_code="8384846203"/>
<player seat="3" name="robotcrystal15" chips="500" dealer="1" win="0" bet="40" muck="1" rebuy="0" addon="0" merge="0" rebuychips="0" reg_code="8384846194"/>
<player seat="6" name="oreiasccp" chips="500" dealer="0" win="100" bet="65" muck="1" rebuy="0" addon="0" merge="0" rebuychips="0" reg_code="8384846200"/>
</players>
</general>
<round no="0"><action no="1" player="oreiasccp" type="1" sum="10"/>
<action no="2" player="Strandy2711" type="2" discard="1" dealt="1" sum="20"/>
</round>
<round no="1"><cards type="Pocket" player="Strandy2711">X X</cards>
<cards type="Pocket" player="robotcrystal15">X X</cards>
<cards type="Pocket" player="oreiasccp">C4 CK</cards>
<action no="3" player="robotcrystal15" type="3" discard="1" dealt="1" sum="20"/>
<action no="4" player="oreiasccp" type="3" sum="10"/>
<action no="5" player="Strandy2711" type="4" discard="1" dealt="1" sum="0"/>
</round>
<round no="2"><cards type="Flop">C8 DA C2</cards>
<action no="6" player="oreiasccp" type="5" sum="20"/>
<action no="7" player="Strandy2711" type="0" discard="1" dealt="1" sum="0"/>
<action no="8" player="robotcrystal15" type="3" discard="1" dealt="1" sum="20"/>
</round>
<round no="3"><cards type="Turn">DJ</cards>
<action no="9" player="oreiasccp" type="5" sum="25"/>
<action no="10" player="robotcrystal15" type="0" discard="1" dealt="1" sum="0"/>
</round>
</game>
<game gamecode="11514859318"><general><startdate>2025-06-16 09:33:23</startdate>
<round>1</round>
<failsafecounter/>
<players><player seat="3" name="robotcrystal15" chips="460" dealer="0" win="400" bet="200" muck="0" rebuy="0" addon="0" merge="0" rebuychips="0" reg_code="8384846194"/>
<player seat="6" name="oreiasccp" chips="560" dealer="1" win="0" bet="0" muck="1" rebuy="0" addon="0" merge="0" rebuychips="0" reg_code="8384846200"/>
<player seat="10" name="Strandy2711" chips="480" dealer="0" win="0" bet="200" muck="1" rebuy="0" addon="0" merge="0" rebuychips="0" reg_code="8384846203"/>
</players>
</general>
<round no="0"><action no="1" player="Strandy2711" type="1" discard="1" dealt="1" sum="10"/>
<action no="2" player="robotcrystal15" type="2" discard="1" dealt="1" sum="20"/>
</round>
<round no="1"><cards type="Pocket" player="Strandy2711">C7 C10</cards>
<cards type="Pocket" player="oreiasccp">HJ D5</cards>
<cards type="Pocket" player="robotcrystal15">S8 DK</cards>
<action no="3" player="oreiasccp" type="0" sum="0"/>
<action no="4" player="Strandy2711" type="23" discard="1" dealt="1" sum="60"/>
<action no="5" player="robotcrystal15" type="3" discard="1" dealt="1" sum="40"/>
</round>
<round no="2"><cards type="Flop">D8 CK C9</cards>
<action no="6" player="Strandy2711" type="5" discard="1" dealt="1" sum="60"/>
<action no="7" player="robotcrystal15" type="3" discard="1" dealt="1" sum="60"/>
</round>
<round no="3"><cards type="Turn">SQ</cards>
<action no="8" player="Strandy2711" type="5" discard="1" dealt="1" sum="60"/>
<action no="9" player="robotcrystal15" type="3" discard="1" dealt="1" sum="60"/>
</round>
<round no="4"><cards type="River">H7</cards>
<action no="10" player="Strandy2711" type="4" discard="1" dealt="1" sum="0"/>
<action no="11" player="robotcrystal15" type="5" discard="1" dealt="1" sum="20"/>
<action no="12" player="Strandy2711" type="3" discard="1" dealt="1" sum="20"/>
</round>
</game>
<game gamecode="11514859410"><general><startdate>2025-06-16 09:33:58</startdate>
<round>1</round>
<failsafecounter/>
<players><player seat="6" name="oreiasccp" chips="560" dealer="0" win="120" bet="110" muck="1" rebuy="0" addon="0" merge="0" rebuychips="0" reg_code="8384846200"/>
<player seat="10" name="Strandy2711" chips="280" dealer="1" win="0" bet="0" muck="1" rebuy="0" addon="0" merge="0" rebuychips="0" reg_code="8384846203"/>
<player seat="3" name="robotcrystal15" chips="660" dealer="0" win="0" bet="60" muck="1" rebuy="0" addon="0" merge="0" rebuychips="0" reg_code="8384846194"/>
</players>
</general>
<round no="0"><action no="1" player="robotcrystal15" type="1" discard="1" dealt="1" sum="10"/>
<action no="2" player="oreiasccp" type="2" sum="20"/>
</round>
<round no="1"><cards type="Pocket" player="robotcrystal15">X X</cards>
<cards type="Pocket" player="oreiasccp">C5 C2</cards>
<cards type="Pocket" player="Strandy2711">X X</cards>
<action no="3" player="Strandy2711" type="0" discard="1" dealt="1" sum="0"/>
<action no="4" player="robotcrystal15" type="3" discard="1" dealt="1" sum="10"/>
<action no="5" player="oreiasccp" type="4" sum="0"/>
</round>
<round no="2"><cards type="Flop">H5 S6 D8</cards>
<action no="6" player="robotcrystal15" type="5" discard="1" dealt="1" sum="20"/>
<action no="7" player="oreiasccp" type="3" sum="20"/>
</round>
<round no="3"><cards type="Turn">S5</cards>
<action no="8" player="robotcrystal15" type="5" discard="1" dealt="1" sum="20"/>
<action no="9" player="oreiasccp" type="23" sum="70"/>
<action no="10" player="robotcrystal15" type="0" discard="1" dealt="1" sum="0"/>
</round>
</game>
<game gamecode="11514859540"><general><startdate>2025-06-16 09:34:50</startdate>
<round>1</round>
<failsafecounter/>
<players><player seat="10" name="Strandy2711" chips="280" dealer="0" win="0" bet="20" muck="1" rebuy="0" addon="0" merge="0" rebuychips="0" reg_code="8384846203"/>
<player seat="3" name="robotcrystal15" chips="600" dealer="1" win="0" bet="0" muck="1" rebuy="0" addon="0" merge="0" rebuychips="0" reg_code="8384846194"/>
<player seat="6" name="oreiasccp" chips="620" dealer="0" win="40" bet="40" muck="1" rebuy="0" addon="0" merge="0" rebuychips="0" reg_code="8384846200"/>
</players>
</general>
<round no="0"><action no="1" player="oreiasccp" type="1" sum="10"/>
<action no="2" player="Strandy2711" type="2" discard="1" dealt="1" sum="20"/>
</round>
<round no="1"><cards type="Pocket" player="Strandy2711">X X</cards>
<cards type="Pocket" player="oreiasccp">D7 CQ</cards>
<cards type="Pocket" player="robotcrystal15">X X</cards>
<action no="3" player="robotcrystal15" type="0" discard="1" dealt="1" sum="0"/>
<action no="4" player="oreiasccp" type="23" sum="40"/>
<action no="5" player="Strandy2711" type="0" discard="1" dealt="1" sum="0"/>
</round>
</game>
<game gamecode="11514859596"><general><startdate>2025-06-16 09:35:10</startdate>
<round>1</round>
<failsafecounter/>
<players><player seat="3" name="robotcrystal15" chips="600" dealer="0" win="45" bet="35" muck="1" rebuy="0" addon="0" merge="0" rebuychips="0" reg_code="8384846194"/>
<player seat="6" name="oreiasccp" chips="640" dealer="1" win="0" bet="5" muck="1" rebuy="0" addon="0" merge="0" rebuychips="0" reg_code="8384846200"/>
<player seat="10" name="Strandy2711" chips="260" dealer="0" win="0" bet="20" muck="1" rebuy="0" addon="0" merge="0" rebuychips="0" reg_code="8384846203"/>
</players>
</general>
<round no="0"><action no="1" player="Strandy2711" type="15" discard="1" dealt="1" sum="5"/>
<action no="2" player="robotcrystal15" type="15" discard="1" dealt="1" sum="5"/>
<action no="3" player="oreiasccp" type="15" sum="5"/>
<action no="4" player="Strandy2711" type="1" discard="1" dealt="1" sum="15"/>
<action no="5" player="robotcrystal15" type="2" discard="1" dealt="1" sum="30"/>
</round>
<round no="1"><cards type="Pocket" player="oreiasccp">C4 SQ</cards>
<cards type="Pocket" player="Strandy2711">X X</cards>
<cards type="Pocket" player="robotcrystal15">X X</cards>
<action no="6" player="oreiasccp" type="0" sum="0"/>
<action no="7" player="Strandy2711" type="0" discard="1" dealt="1" sum="0"/>
</round>
</game>
<game gamecode="11514859622"><general><startdate>2025-06-16 09:35:20</startdate>
<round>1</round>
<failsafecounter/>
<players><player seat="6" name="oreiasccp" chips="635" dealer="0" win="500" bet="240" muck="0" rebuy="0" addon="0" merge="0" rebuychips="0" reg_code="8384846200"/>
<player seat="10" name="Strandy2711" chips="240" dealer="1" win="0" bet="240" muck="0" rebuy="0" addon="0" merge="0" rebuychips="0" reg_code="8384846203"/>
<player seat="3" name="robotcrystal15" chips="625" dealer="0" win="0" bet="20" muck="1" rebuy="0" addon="0" merge="0" rebuychips="0" reg_code="8384846194"/>
</players>
</general>
<round no="0"><action no="1" player="robotcrystal15" type="15" discard="1" dealt="1" sum="5"/>
<action no="2" player="oreiasccp" type="15" sum="5"/>
<action no="3" player="Strandy2711" type="15" discard="1" dealt="1" sum="5"/>
<action no="4" player="robotcrystal15" type="1" discard="1" dealt="1" sum="15"/>
<action no="5" player="oreiasccp" type="2" sum="30"/>
</round>
<round no="1"><cards type="Pocket" player="oreiasccp">C9 HA</cards>
<cards type="Pocket" player="Strandy2711">DA S8</cards>
<cards type="Pocket" player="robotcrystal15">X X</cards>
<action no="6" player="Strandy2711" type="23" discard="1" dealt="1" sum="90"/>
<action no="7" player="robotcrystal15" type="0" discard="1" dealt="1" sum="0"/>
<action no="8" player="oreiasccp" type="23" sum="235"/>
<action no="9" player="Strandy2711" type="7" discard="1" dealt="1" sum="145"/>
</round>
<round no="2"><cards type="Flop">S10 D4 D7</cards>
</round>
<round no="3"><cards type="Turn">H6</cards>
</round>
<round no="4"><cards type="River">CK</cards>
</round>
</game>
<game gamecode="11514859691"><general><startdate>2025-06-16 09:35:46</startdate>
<round>1</round>
<failsafecounter/>
<players><player seat="6" name="oreiasccp" chips="895" dealer="0" win="40" bet="35" muck="1" rebuy="0" addon="0" merge="0" rebuychips="0" reg_code="8384846200"/>
<player seat="3" name="robotcrystal15" chips="605" dealer="1" win="0" bet="20" muck="1" rebuy="0" addon="0" merge="0" rebuychips="0" reg_code="8384846194"/>
</players>
</general>
<round no="0"><action no="1" player="robotcrystal15" type="15" discard="1" dealt="1" sum="5"/>
<action no="2" player="oreiasccp" type="15" sum="5"/>
<action no="3" player="robotcrystal15" type="1" discard="1" dealt="1" sum="15"/>
<action no="4" player="oreiasccp" type="2" sum="30"/>
</round>
<round no="1"><cards type="Pocket" player="oreiasccp">H3 S5</cards>
<cards type="Pocket" player="robotcrystal15">X X</cards>
<action no="5" player="robotcrystal15" type="0" discard="1" dealt="1" sum="0"/>
</round>
</game>
<game gamecode="11514859719"><general><startdate>2025-06-16 09:35:57</startdate>
<round>1</round>
<failsafecounter/>
<players><player seat="3" name="robotcrystal15" chips="585" dealer="0" win="0" bet="65" muck="1" rebuy="0" addon="0" merge="0" rebuychips="0" reg_code="8384846194"/>
<player seat="6" name="oreiasccp" chips="915" dealer="1" win="130" bet="160" muck="1" rebuy="0" addon="0" merge="0" rebuychips="0" reg_code="8384846200"/>
</players>
</general>
<round no="0"><action no="1" player="oreiasccp" type="15" sum="5"/>
<action no="2" player="robotcrystal15" type="15" discard="1" dealt="1" sum="5"/>
<action no="3" player="oreiasccp" type="1" sum="15"/>
<action no="4" player="robotcrystal15" type="2" discard="1" dealt="1" sum="30"/>
</round>
<round no="1"><cards type="Pocket" player="oreiasccp">H9 D4</cards>
<cards type="Pocket" player="robotcrystal15">X X</cards>
<action no="5" player="oreiasccp" type="3" sum="15"/>
<action no="6" player="robotcrystal15" type="4" discard="1" dealt="1" sum="0"/>
</round>
<round no="2"><cards type="Flop">SJ H5 S2</cards>
<action no="7" player="robotcrystal15" type="4" discard="1" dealt="1" sum="0"/>
<action no="8" player="oreiasccp" type="5" sum="30"/>
<action no="9" player="robotcrystal15" type="3" discard="1" dealt="1" sum="30"/>
</round>
<round no="3"><cards type="Turn">HA</cards>
<action no="10" player="robotcrystal15" type="4" discard="1" dealt="1" sum="0"/>
<action no="11" player="oreiasccp" type="5" sum="95"/>
<action no="12" player="robotcrystal15" type="0" discard="1" dealt="1" sum="0"/>
</round>
</game>
<game gamecode="11514859806"><general><startdate>2025-06-16 09:36:29</startdate>
<round>1</round>
<failsafecounter/>
<players><player seat="6" name="oreiasccp" chips="980" dealer="0" win="0" bet="35" muck="1" rebuy="0" addon="0" merge="0" rebuychips="0" reg_code="8384846200"/>
<player seat="3" name="robotcrystal15" chips="520" dealer="1" win="70" bet="65" muck="1" rebuy="0" addon="0" merge="0" rebuychips="0" reg_code="8384846194"/>
</players>
</general>
<round no="0"><action no="1" player="robotcrystal15" type="15" discard="1" dealt="1" sum="5"/>
<action no="2" player="oreiasccp" type="15" sum="5"/>
<action no="3" player="robotcrystal15" type="1" discard="1" dealt="1" sum="15"/>
<action no="4" player="oreiasccp" type="2" sum="30"/>
</round>
<round no="1"><cards type="Pocket" player="robotcrystal15">X X</cards>
<cards type="Pocket" player="oreiasccp">D3 H7</cards>
<action no="5" player="robotcrystal15" type="3" discard="1" dealt="1" sum="15"/>
<action no="6" player="oreiasccp" type="4" sum="0"/>
</round>
<round no="2"><cards type="Flop">CQ H2 S8</cards>
<action no="7" player="oreiasccp" type="4" sum="0"/>
<action no="8" player="robotcrystal15" type="4" discard="1" dealt="1" sum="0"/>
</round>
<round no="3"><cards type="Turn">HA</cards>
<action no="9" player="oreiasccp" type="4" sum="0"/>
<action no="10" player="robotcrystal15" type="5" discard="1" dealt="1" sum="30"/>
<action no="11" player="oreiasccp" type="0" sum="0"/>
</round>
</game>
<game gamecode="11514859870"><general><startdate>2025-06-16 09:36:46</startdate>
<round>1</round>
<failsafecounter/>
<players><player seat="3" name="robotcrystal15" chips="555" dealer="0" win="40" bet="35" muck="1" rebuy="0" addon="0" merge="0" rebuychips="0" reg_code="8384846194"/>
<player seat="6" name="oreiasccp" chips="945" dealer="1" win="0" bet="20" muck="1" rebuy="0" addon="0" merge="0" rebuychips="0" reg_code="8384846200"/>
</players>
</general>
<round no="0"><action no="1" player="oreiasccp" type="15" sum="5"/>
<action no="2" player="robotcrystal15" type="15" discard="1" dealt="1" sum="5"/>
<action no="3" player="oreiasccp" type="1" sum="15"/>
<action no="4" player="robotcrystal15" type="2" discard="1" dealt="1" sum="30"/>
</round>
<round no="1"><cards type="Pocket" player="oreiasccp">D7 S3</cards>
<cards type="Pocket" player="robotcrystal15">X X</cards>
<action no="5" player="oreiasccp" type="0" sum="0"/>
</round>
</game>
<game gamecode="11514859886"><general><startdate>2025-06-16 09:36:54</startdate>
<round>1</round>
<failsafecounter/>
<players><player seat="6" name="oreiasccp" chips="925" dealer="0" win="70" bet="65" muck="1" rebuy="0" addon="0" merge="0" rebuychips="0" reg_code="8384846200"/>
<player seat="3" name="robotcrystal15" chips="575" dealer="1" win="0" bet="35" muck="1" rebuy="0" addon="0" merge="0" rebuychips="0" reg_code="8384846194"/>
</players>
</general>
<round no="0"><action no="1" player="robotcrystal15" type="15" discard="1" dealt="1" sum="5"/>
<action no="2" player="oreiasccp" type="15" sum="5"/>
<action no="3" player="robotcrystal15" type="1" discard="1" dealt="1" sum="15"/>
<action no="4" player="oreiasccp" type="2" sum="30"/>
</round>
<round no="1"><cards type="Pocket" player="robotcrystal15">X X</cards>
<cards type="Pocket" player="oreiasccp">S7 DJ</cards>
<action no="5" player="robotcrystal15" type="3" discard="1" dealt="1" sum="15"/>
<action no="6" player="oreiasccp" type="4" sum="0"/>
</round>
<round no="2"><cards type="Flop">HJ DQ H4</cards>
<action no="7" player="oreiasccp" type="4" sum="0"/>
<action no="8" player="robotcrystal15" type="4" discard="1" dealt="1" sum="0"/>
</round>
<round no="3"><cards type="Turn">CK</cards>
<action no="9" player="oreiasccp" type="4" sum="0"/>
<action no="10" player="robotcrystal15" type="4" discard="1" dealt="1" sum="0"/>
</round>
<round no="4"><cards type="River">HQ</cards>
<action no="11" player="oreiasccp" type="5" sum="30"/>
<action no="12" player="robotcrystal15" type="0" discard="1" dealt="1" sum="0"/>
</round>
</game>
<game gamecode="11514859945"><general><startdate>2025-06-16 09:37:14</startdate>
<round>1</round>
<failsafecounter/>
<players><player seat="3" name="robotcrystal15" chips="540" dealer="0" win="250" bet="125" muck="0" rebuy="0" addon="0" merge="0" rebuychips="0" reg_code="8384846194"/>
<player seat="6" name="oreiasccp" chips="960" dealer="1" win="0" bet="125" muck="1" rebuy="0" addon="0" merge="0" rebuychips="0" reg_code="8384846200"/>
</players>
</general>
<round no="0"><action no="1" player="oreiasccp" type="15" sum="5"/>
<action no="2" player="robotcrystal15" type="15" discard="1" dealt="1" sum="5"/>
<action no="3" player="oreiasccp" type="1" sum="20"/>
<action no="4" player="robotcrystal15" type="2" discard="1" dealt="1" sum="40"/>
</round>
<round no="1"><cards type="Pocket" player="robotcrystal15">S3 CK</cards>
<cards type="Pocket" player="oreiasccp">C3 SJ</cards>
<action no="5" player="oreiasccp" type="3" sum="20"/>
<action no="6" player="robotcrystal15" type="4" discard="1" dealt="1" sum="0"/>
</round>
<round no="2"><cards type="Flop">CJ SK H6</cards>
<action no="7" player="robotcrystal15" type="4" discard="1" dealt="1" sum="0"/>
<action no="8" player="oreiasccp" type="4" sum="0"/>
</round>
<round no="3"><cards type="Turn">DQ</cards>
<action no="9" player="robotcrystal15" type="5" discard="1" dealt="1" sum="40"/>
<action no="10" player="oreiasccp" type="3" sum="40"/>
</round>
<round no="4"><cards type="River">C5</cards>
<action no="11" player="robotcrystal15" type="5" discard="1" dealt="1" sum="40"/>
<action no="12" player="oreiasccp" type="3" sum="40"/>
</round>
</game>
<game gamecode="11514859995"><general><startdate>2025-06-16 09:37:35</startdate>
<round>1</round>
<failsafecounter/>
<players><player seat="6" name="oreiasccp" chips="835" dealer="0" win="50" bet="45" muck="1" rebuy="0" addon="0" merge="0" rebuychips="0" reg_code="8384846200"/>
<player seat="3" name="robotcrystal15" chips="665" dealer="1" win="0" bet="25" muck="1" rebuy="0" addon="0" merge="0" rebuychips="0" reg_code="8384846194"/>
</players>
</general>
<round no="0"><action no="1" player="robotcrystal15" type="15" discard="1" dealt="1" sum="5"/>
<action no="2" player="oreiasccp" type="15" sum="5"/>
<action no="3" player="robotcrystal15" type="1" discard="1" dealt="1" sum="20"/>
<action no="4" player="oreiasccp" type="2" sum="40"/>
</round>
<round no="1"><cards type="Pocket" player="robotcrystal15">X X</cards>
<cards type="Pocket" player="oreiasccp">H4 HK</cards>
<action no="5" player="robotcrystal15" type="0" discard="1" dealt="1" sum="0"/>
</round>
</game>
<game gamecode="11514860010"><general><startdate>2025-06-16 09:37:41</startdate>
<round>1</round>
<failsafecounter/>
<players><player seat="3" name="robotcrystal15" chips="640" dealer="0" win="0" bet="45" muck="1" rebuy="0" addon="0" merge="0" rebuychips="0" reg_code="8384846194"/>
<player seat="6" name="oreiasccp" chips="860" dealer="1" win="90" bet="85" muck="1" rebuy="0" addon="0" merge="0" rebuychips="0" reg_code="8384846200"/>
</players>
</general>
<round no="0"><action no="1" player="oreiasccp" type="15" sum="5"/>
<action no="2" player="robotcrystal15" type="15" discard="1" dealt="1" sum="5"/>
<action no="3" player="oreiasccp" type="1" sum="20"/>
<action no="4" player="robotcrystal15" type="2" discard="1" dealt="1" sum="40"/>
</round>
<round no="1"><cards type="Pocket" player="robotcrystal15">X X</cards>
<cards type="Pocket" player="oreiasccp">H9 H7</cards>
<action no="5" player="oreiasccp" type="3" sum="20"/>
<action no="6" player="robotcrystal15" type="4" discard="1" dealt="1" sum="0"/>
</round>
<round no="2"><cards type="Flop">S3 H10 H4</cards>
<action no="7" player="robotcrystal15" type="4" discard="1" dealt="1" sum="0"/>
<action no="8" player="oreiasccp" type="5" sum="40"/>
<action no="9" player="robotcrystal15" type="0" discard="1" dealt="1" sum="0"/>
</round>
</game>
<game gamecode="11514860060"><general><startdate>2025-06-16 09:37:55</startdate>
<round>1</round>
<failsafecounter/>
<players><player seat="6" name="oreiasccp" chips="905" dealer="0" win="50" bet="45" muck="1" rebuy="0" addon="0" merge="0" rebuychips="0" reg_code="8384846200"/>
<player seat="3" name="robotcrystal15" chips="595" dealer="1" win="0" bet="25" muck="1" rebuy="0" addon="0" merge="0" rebuychips="0" reg_code="8384846194"/>
</players>
</general>
<round no="0"><action no="1" player="robotcrystal15" type="15" discard="1" dealt="1" sum="5"/>
<action no="2" player="oreiasccp" type="15" sum="5"/>
<action no="3" player="robotcrystal15" type="1" discard="1" dealt="1" sum="20"/>
<action no="4" player="oreiasccp" type="2" sum="40"/>
</round>
<round no="1"><cards type="Pocket" player="robotcrystal15">X X</cards>
<cards type="Pocket" player="oreiasccp">CJ HA</cards>
<action no="5" player="robotcrystal15" type="0" discard="1" dealt="1" sum="0"/>
</round>
</game>
<game gamecode="11514860085"><general><startdate>2025-06-16 09:38:02</startdate>
<round>1</round>
<failsafecounter/>
<players><player seat="3" name="robotcrystal15" chips="570" dealer="0" win="0" bet="45" muck="1" rebuy="0" addon="0" merge="0" rebuychips="0" reg_code="8384846194"/>
<player seat="6" name="oreiasccp" chips="930" dealer="1" win="90" bet="45" muck="0" rebuy="0" addon="0" merge="0" rebuychips="0" reg_code="8384846200"/>
</players>
</general>
<round no="0"><action no="1" player="oreiasccp" type="15" sum="5"/>
<action no="2" player="robotcrystal15" type="15" discard="1" dealt="1" sum="5"/>
<action no="3" player="oreiasccp" type="1" sum="20"/>
<action no="4" player="robotcrystal15" type="2" discard="1" dealt="1" sum="40"/>
</round>
<round no="1"><cards type="Pocket" player="robotcrystal15">CQ S3</cards>
<cards type="Pocket" player="oreiasccp">D3 D6</cards>
<action no="5" player="oreiasccp" type="3" sum="20"/>
<action no="6" player="robotcrystal15" type="4" discard="1" dealt="1" sum="0"/>
</round>
<round no="2"><cards type="Flop">S6 S10 HK</cards>
<action no="7" player="robotcrystal15" type="4" discard="1" dealt="1" sum="0"/>
<action no="8" player="oreiasccp" type="4" sum="0"/>
</round>
<round no="3"><cards type="Turn">H4</cards>
<action no="9" player="robotcrystal15" type="4" discard="1" dealt="1" sum="0"/>
<action no="10" player="oreiasccp" type="4" sum="0"/>
</round>
<round no="4"><cards type="River">D4</cards>
<action no="11" player="robotcrystal15" type="4" discard="1" dealt="1" sum="0"/>
<action no="12" player="oreiasccp" type="4" sum="0"/>
</round>
</game>
<game gamecode="11514860148"><general><startdate>2025-06-16 09:38:24</startdate>
<round>1</round>
<failsafecounter/>
<players><player seat="6" name="oreiasccp" chips="975" dealer="0" win="90" bet="125" muck="1" rebuy="0" addon="0" merge="0" rebuychips="0" reg_code="8384846200"/>
<player seat="3" name="robotcrystal15" chips="525" dealer="1" win="0" bet="45" muck="1" rebuy="0" addon="0" merge="0" rebuychips="0" reg_code="8384846194"/>
</players>
</general>
<round no="0"><action no="1" player="robotcrystal15" type="15" discard="1" dealt="1" sum="5"/>
<action no="2" player="oreiasccp" type="15" sum="5"/>
<action no="3" player="robotcrystal15" type="1" discard="1" dealt="1" sum="20"/>
<action no="4" player="oreiasccp" type="2" sum="40"/>
</round>
<round no="1"><cards type="Pocket" player="oreiasccp">SQ C9</cards>
<cards type="Pocket" player="robotcrystal15">X X</cards>
<action no="5" player="robotcrystal15" type="3" discard="1" dealt="1" sum="20"/>
<action no="6" player="oreiasccp" type="23" sum="120"/>
<action no="7" player="robotcrystal15" type="0" discard="1" dealt="1" sum="0"/>
</round>
</game>
<game gamecode="11514860195"><general><startdate>2025-06-16 09:38:38</startdate>
<round>1</round>
<failsafecounter/>
<players><player seat="3" name="robotcrystal15" chips="480" dealer="0" win="0" bet="45" muck="1" rebuy="0" addon="0" merge="0" rebuychips="0" reg_code="8384846194"/>
<player seat="6" name="oreiasccp" chips="1,020" dealer="1" win="90" bet="85" muck="1" rebuy="0" addon="0" merge="0" rebuychips="0" reg_code="8384846200"/>
</players>
</general>
<round no="0"><action no="1" player="oreiasccp" type="15" sum="5"/>
<action no="2" player="robotcrystal15" type="15" discard="1" dealt="1" sum="5"/>
<action no="3" player="oreiasccp" type="1" sum="20"/>
<action no="4" player="robotcrystal15" type="2" discard="1" dealt="1" sum="40"/>
</round>
<round no="1"><cards type="Pocket" player="oreiasccp">H7 CK</cards>
<cards type="Pocket" player="robotcrystal15">X X</cards>
<action no="5" player="oreiasccp" type="23" sum="80"/>
<action no="6" player="robotcrystal15" type="0" discard="1" dealt="1" sum="0"/>
</round>
</game>
<game gamecode="11514860234"><general><startdate>2025-06-16 09:38:49</startdate>
<round>1</round>
<failsafecounter/>
<players><player seat="6" name="oreiasccp" chips="1,065" dealer="0" win="450" bet="225" muck="0" rebuy="0" addon="0" merge="0" rebuychips="0" reg_code="8384846200"/>
<player seat="3" name="robotcrystal15" chips="435" dealer="1" win="0" bet="225" muck="1" rebuy="0" addon="0" merge="0" rebuychips="0" reg_code="8384846194"/>
</players>
</general>
<round no="0"><action no="1" player="robotcrystal15" type="15" discard="1" dealt="1" sum="5"/>
<action no="2" player="oreiasccp" type="15" sum="5"/>
<action no="3" player="robotcrystal15" type="1" discard="1" dealt="1" sum="20"/>
<action no="4" player="oreiasccp" type="2" sum="40"/>
</round>
<round no="1"><cards type="Pocket" player="oreiasccp">S8 D3</cards>
<cards type="Pocket" player="robotcrystal15">D7 DA</cards>
<action no="5" player="robotcrystal15" type="3" discard="1" dealt="1" sum="20"/>
<action no="6" player="oreiasccp" type="4" sum="0"/>
</round>
<round no="2"><cards type="Flop">C3 S10 H8</cards>
<action no="7" player="oreiasccp" type="4" sum="0"/>
<action no="8" player="robotcrystal15" type="4" discard="1" dealt="1" sum="0"/>
</round>
<round no="3"><cards type="Turn">C8</cards>
<action no="9" player="oreiasccp" type="4" sum="0"/>
<action no="10" player="robotcrystal15" type="4" discard="1" dealt="1" sum="0"/>
</round>
<round no="4"><cards type="River">HA</cards>
<action no="11" player="oreiasccp" type="4" sum="0"/>
<action no="12" player="robotcrystal15" type="5" discard="1" dealt="1" sum="40"/>
<action no="13" player="oreiasccp" type="23" sum="180"/>
<action no="14" player="robotcrystal15" type="3" discard="1" dealt="1" sum="140"/>
</round>
</game>
<game gamecode="11514865532"><general><startdate>2025-06-16 09:39:14</startdate>
<round>1</round>
<failsafecounter/>
<players><player seat="3" name="robotcrystal15" chips="210" dealer="0" win="0" bet="210" muck="0" rebuy="0" addon="0" merge="0" rebuychips="0" reg_code="8384846194"/>
<player seat="6" name="oreiasccp" chips="1,290" dealer="1" win="420" bet="210" muck="0" rebuy="0" addon="0" merge="0" rebuychips="0" reg_code="8384846200"/>
</players>
</general>
<round no="0"><action no="1" player="oreiasccp" type="15" sum="5"/>
<action no="2" player="robotcrystal15" type="15" discard="1" dealt="1" sum="5"/>
<action no="3" player="oreiasccp" type="1" sum="30"/>
<action no="4" player="robotcrystal15" type="2" discard="1" dealt="1" sum="60"/>
</round>
<round no="1"><cards type="Pocket" player="oreiasccp">H4 SK</cards>
<cards type="Pocket" player="robotcrystal15">D7 C8</cards>
<action no="5" player="oreiasccp" type="23" sum="205"/>
<action no="6" player="robotcrystal15" type="7" discard="1" dealt="1" sum="145"/>
</round>
<round no="2"><cards type="Flop">H7 H6 CK</cards>
</round>
<round no="3"><cards type="Turn">C9</cards>
</round>
<round no="4"><cards type="River">D9</cards>
</round>
</game>
</session>
