<?xml version="1.0" encoding="UTF-8"?>
<session sessioncode="8384817079">
<general>
<client_version>24.7.1.16</client_version>
<mode>real</mode>
<gametype>Holdem NL</gametype>
<tablename>Twister €5 SNG, 1127559718</tablename>
<tournamentcode>1127559717</tournamentcode>
<tournamentname>Twister €5 SNG</tournamentname>
<buyin>€0 + €0.35 + €4.65</buyin>
<totalbuyin>€5</totalbuyin>
<rewarddrawn>€25</rewarddrawn>
<tournamentcurrency>EUR</tournamentcurrency>
<currency>EUR</currency>
<nickname>oreiasccp</nickname>
<gamecount>1</gamecount>
<startdate>2025-06-16 06:46:06</startdate>
<place>3</place>
<win>€0</win>
<tablesize>3</tablesize>
</general>
<game gamecode="11514764895"><general><startdate>2025-06-16 06:46:22</startdate>
<round>1</round>
<failsafecounter/>
<players><player seat="6" name="YesOrNo" chips="500" dealer="0" win="1,010" bet="500" muck="0" rebuy="0" addon="0" merge="0" rebuychips="0" reg_code="8384817042"/>
<player seat="10" name="oreiasccp" chips="500" dealer="1" win="0" bet="500" muck="0" rebuy="0" addon="0" merge="0" rebuychips="0" reg_code="8384817079"/>
<player seat="3" name="Dyanno" chips="500" dealer="0" win="0" bet="10" muck="1" rebuy="0" addon="0" merge="0" rebuychips="0" reg_code="8384817022"/>
</players>
</general>
<round no="0"><action no="1" player="Dyanno" type="1" discard="1" dealt="1" sum="10"/>
<action no="2" player="YesOrNo" type="2" discard="1" dealt="1" sum="20"/>
</round>
<round no="1"><cards type="Pocket" player="Dyanno">X X</cards>
<cards type="Pocket" player="oreiasccp">H9 C9</cards>
<cards type="Pocket" player="YesOrNo">C10 HA</cards>
<action no="3" player="oreiasccp" type="23" sum="40"/>
<action no="4" player="Dyanno" type="0" discard="1" dealt="1" sum="0"/>
<action no="5" player="YesOrNo" type="23" discard="1" dealt="1" sum="500"/>
<action no="6" player="oreiasccp" type="7" sum="460"/>
</round>
<round no="2"><cards type="Flop">H3 CJ SK</cards>
</round>
<round no="3"><cards type="Turn">S2</cards>
</round>
<round no="4"><cards type="River">HQ</cards>
</round>
</game>
</session>
