<?xml version="1.0" encoding="UTF-8"?>
<session sessioncode="8384861134">
<general>
<client_version>24.7.1.16</client_version>
<mode>real</mode>
<gametype>Holdem NL</gametype>
<tablename>Twister €5 SNG, 1127568044</tablename>
<tournamentcode>1127568043</tournamentcode>
<tournamentname>Twister €5 SNG</tournamentname>
<buyin>€0 + €0.35 + €4.65</buyin>
<totalbuyin>€5</totalbuyin>
<rewarddrawn>€10</rewarddrawn>
<tournamentcurrency>EUR</tournamentcurrency>
<currency>EUR</currency>
<nickname>oreiasccp</nickname>
<gamecount>2</gamecount>
<startdate>2025-06-16 10:38:57</startdate>
<place>1</place>
<win>€10</win>
<tablesize>3</tablesize>
</general>
<game gamecode="11514907986"><general><startdate>2025-06-16 10:39:12</startdate>
<round>1</round>
<failsafecounter/>
<players><player seat="10" name="oreiasccp" chips="500" dealer="0" win="1,000" bet="500" muck="0" rebuy="0" addon="0" merge="0" rebuychips="0" reg_code="8384861134"/>
<player seat="3" name="MattyMFD" chips="500" dealer="1" win="0" bet="0" muck="1" rebuy="0" addon="0" merge="0" rebuychips="0" reg_code="8384861125"/>
<player seat="6" name="deathinjune1" chips="500" dealer="0" win="0" bet="500" muck="1" rebuy="0" addon="0" merge="0" rebuychips="0" reg_code="8384861131"/>
</players>
</general>
<round no="0"><action no="1" player="deathinjune1" type="1" discard="1" dealt="1" sum="10"/>
<action no="2" player="oreiasccp" type="2" sum="20"/>
</round>
<round no="1"><cards type="Pocket" player="MattyMFD">X X</cards>
<cards type="Pocket" player="oreiasccp">D9 D4</cards>
<cards type="Pocket" player="deathinjune1">SK C8</cards>
<action no="3" player="MattyMFD" type="0" discard="1" dealt="1" sum="0"/>
<action no="4" player="deathinjune1" type="23" discard="1" dealt="1" sum="50"/>
<action no="5" player="oreiasccp" type="3" sum="30"/>
</round>
<round no="2"><cards type="Flop">H2 H9 D8</cards>
<action no="6" player="deathinjune1" type="5" discard="1" dealt="1" sum="51"/>
<action no="7" player="oreiasccp" type="3" sum="51"/>
</round>
<round no="3"><cards type="Turn">D2</cards>
<action no="8" player="deathinjune1" type="5" discard="1" dealt="1" sum="399"/>
<action no="9" player="oreiasccp" type="7" sum="399"/>
</round>
<round no="4"><cards type="River">S6</cards>
</round>
</game>
<game gamecode="11514908070"><general><startdate>2025-06-16 10:39:36</startdate>
<round>1</round>
<failsafecounter/>
<players><player seat="3" name="MattyMFD" chips="500" dealer="0" win="0" bet="500" muck="0" rebuy="0" addon="0" merge="0" rebuychips="0" reg_code="8384861125"/>
<player seat="10" name="oreiasccp" chips="1,000" dealer="1" win="1,000" bet="500" muck="0" rebuy="0" addon="0" merge="0" rebuychips="0" reg_code="8384861134"/>
</players>
</general>
<round no="0"><action no="1" player="oreiasccp" type="1" sum="10"/>
<action no="2" player="MattyMFD" type="2" discard="1" dealt="1" sum="20"/>
</round>
<round no="1"><cards type="Pocket" player="oreiasccp">HQ CA</cards>
<cards type="Pocket" player="MattyMFD">D7 C6</cards>
<action no="3" player="oreiasccp" type="23" sum="40"/>
<action no="4" player="MattyMFD" type="23" discard="1" dealt="1" sum="80"/>
<action no="5" player="oreiasccp" type="23" sum="500"/>
<action no="6" player="MattyMFD" type="7" discard="1" dealt="1" sum="420"/>
</round>
<round no="2"><cards type="Flop">H3 D2 D5</cards>
</round>
<round no="3"><cards type="Turn">DA</cards>
</round>
<round no="4"><cards type="River">H9</cards>
</round>
</game>
</session>
