<?xml version="1.0" encoding="UTF-8"?>
<session sessioncode="8384862297">
<general>
<client_version>24.7.1.16</client_version>
<mode>real</mode>
<gametype>Holdem NL</gametype>
<tablename>Twister €5 SNG, 1127568245</tablename>
<tournamentcode>1127568244</tournamentcode>
<tournamentname>Twister €5 SNG</tournamentname>
<buyin>€0 + €0.35 + €4.65</buyin>
<totalbuyin>€5</totalbuyin>
<rewarddrawn>€10</rewarddrawn>
<tournamentcurrency>EUR</tournamentcurrency>
<currency>EUR</currency>
<nickname>oreiasccp</nickname>
<gamecount>8</gamecount>
<startdate>2025-06-16 10:43:33</startdate>
<place>2</place>
<win>€0</win>
<tablesize>3</tablesize>
</general>
<game gamecode="11514908911"><general><startdate>2025-06-16 10:43:48</startdate>
<round>1</round>
<failsafecounter/>
<players><player seat="3" name="oreiasccp" chips="500" dealer="0" win="0" bet="40" muck="1" rebuy="0" addon="0" merge="0" rebuychips="0" reg_code="8384862297"/>
<player seat="6" name="6SP9" chips="500" dealer="1" win="0" bet="0" muck="1" rebuy="0" addon="0" merge="0" rebuychips="0" reg_code="8384862314"/>
<player seat="10" name="CatsInHats" chips="500" dealer="0" win="80" bet="80" muck="1" rebuy="0" addon="0" merge="0" rebuychips="0" reg_code="8384862478"/>
</players>
</general>
<round no="0"><action no="1" player="CatsInHats" type="1" discard="1" dealt="1" sum="10"/>
<action no="2" player="oreiasccp" type="2" sum="20"/>
</round>
<round no="1"><cards type="Pocket" player="oreiasccp">S3 SJ</cards>
<cards type="Pocket" player="CatsInHats">X X</cards>
<cards type="Pocket" player="6SP9">X X</cards>
<action no="3" player="6SP9" type="0" discard="1" dealt="1" sum="0"/>
<action no="4" player="CatsInHats" type="23" discard="1" dealt="1" sum="40"/>
<action no="5" player="oreiasccp" type="3" sum="20"/>
</round>
<round no="2"><cards type="Flop">DA D8 H2</cards>
<action no="6" player="CatsInHats" type="5" discard="1" dealt="1" sum="40"/>
<action no="7" player="oreiasccp" type="0" sum="0"/>
</round>
</game>
<game gamecode="11514908999"><general><startdate>2025-06-16 10:44:12</startdate>
<round>1</round>
<failsafecounter/>
<players><player seat="6" name="6SP9" chips="500" dealer="0" win="0" bet="45" muck="1" rebuy="0" addon="0" merge="0" rebuychips="0" reg_code="8384862314"/>
<player seat="10" name="CatsInHats" chips="540" dealer="1" win="100" bet="45" muck="0" rebuy="0" addon="0" merge="0" rebuychips="0" reg_code="8384862478"/>
<player seat="3" name="oreiasccp" chips="460" dealer="0" win="0" bet="10" muck="1" rebuy="0" addon="0" merge="0" rebuychips="0" reg_code="8384862297"/>
</players>
</general>
<round no="0"><action no="1" player="oreiasccp" type="1" sum="10"/>
<action no="2" player="6SP9" type="2" discard="1" dealt="1" sum="20"/>
</round>
<round no="1"><cards type="Pocket" player="6SP9">CQ H2</cards>
<cards type="Pocket" player="CatsInHats">C4 HA</cards>
<cards type="Pocket" player="oreiasccp">C7 D2</cards>
<action no="3" player="CatsInHats" type="3" discard="1" dealt="1" sum="20"/>
<action no="4" player="oreiasccp" type="0" sum="0"/>
<action no="5" player="6SP9" type="4" discard="1" dealt="1" sum="0"/>
</round>
<round no="2"><cards type="Flop">C10 CK SQ</cards>
<action no="6" player="6SP9" type="4" discard="1" dealt="1" sum="0"/>
<action no="7" player="CatsInHats" type="4" discard="1" dealt="1" sum="0"/>
</round>
<round no="3"><cards type="Turn">HJ</cards>
<action no="8" player="6SP9" type="4" discard="1" dealt="1" sum="0"/>
<action no="9" player="CatsInHats" type="4" discard="1" dealt="1" sum="0"/>
</round>
<round no="4"><cards type="River">H3</cards>
<action no="10" player="6SP9" type="4" discard="1" dealt="1" sum="0"/>
<action no="11" player="CatsInHats" type="5" discard="1" dealt="1" sum="25"/>
<action no="12" player="6SP9" type="3" discard="1" dealt="1" sum="25"/>
</round>
</game>
<game gamecode="11514909101"><general><startdate>2025-06-16 10:44:41</startdate>
<round>1</round>
<failsafecounter/>
<players><player seat="10" name="CatsInHats" chips="595" dealer="0" win="274" bet="274" muck="1" rebuy="0" addon="0" merge="0" rebuychips="0" reg_code="8384862478"/>
<player seat="3" name="oreiasccp" chips="450" dealer="1" win="0" bet="0" muck="1" rebuy="0" addon="0" merge="0" rebuychips="0" reg_code="8384862297"/>
<player seat="6" name="6SP9" chips="455" dealer="0" win="0" bet="137" muck="1" rebuy="0" addon="0" merge="0" rebuychips="0" reg_code="8384862314"/>
</players>
</general>
<round no="0"><action no="1" player="6SP9" type="1" discard="1" dealt="1" sum="10"/>
<action no="2" player="CatsInHats" type="2" discard="1" dealt="1" sum="20"/>
</round>
<round no="1"><cards type="Pocket" player="CatsInHats">X X</cards>
<cards type="Pocket" player="oreiasccp">C5 DK</cards>
<cards type="Pocket" player="6SP9">X X</cards>
<action no="3" player="oreiasccp" type="0" sum="0"/>
<action no="4" player="6SP9" type="23" discard="1" dealt="1" sum="50"/>
<action no="5" player="CatsInHats" type="3" discard="1" dealt="1" sum="30"/>
</round>
<round no="2"><cards type="Flop">DJ C7 C8</cards>
<action no="6" player="6SP9" type="5" discard="1" dealt="1" sum="25"/>
<action no="7" player="CatsInHats" type="23" discard="1" dealt="1" sum="87"/>
<action no="8" player="6SP9" type="3" discard="1" dealt="1" sum="62"/>
</round>
<round no="3"><cards type="Turn">D3</cards>
<action no="9" player="6SP9" type="4" discard="1" dealt="1" sum="0"/>
<action no="10" player="CatsInHats" type="5" discard="1" dealt="1" sum="137"/>
<action no="11" player="6SP9" type="0" discard="1" dealt="1" sum="0"/>
</round>
</game>
<game gamecode="11514909188"><general><startdate>2025-06-16 10:45:07</startdate>
<round>1</round>
<failsafecounter/>
<players><player seat="3" name="oreiasccp" chips="450" dealer="0" win="40" bet="40" muck="1" rebuy="0" addon="0" merge="0" rebuychips="0" reg_code="8384862297"/>
<player seat="6" name="6SP9" chips="318" dealer="1" win="0" bet="0" muck="1" rebuy="0" addon="0" merge="0" rebuychips="0" reg_code="8384862314"/>
<player seat="10" name="CatsInHats" chips="732" dealer="0" win="0" bet="20" muck="1" rebuy="0" addon="0" merge="0" rebuychips="0" reg_code="8384862478"/>
</players>
</general>
<round no="0"><action no="1" player="CatsInHats" type="1" discard="1" dealt="1" sum="10"/>
<action no="2" player="oreiasccp" type="2" sum="20"/>
</round>
<round no="1"><cards type="Pocket" player="CatsInHats">X X</cards>
<cards type="Pocket" player="oreiasccp">H5 CA</cards>
<cards type="Pocket" player="6SP9">X X</cards>
<action no="3" player="6SP9" type="0" discard="1" dealt="1" sum="0"/>
<action no="4" player="CatsInHats" type="3" discard="1" dealt="1" sum="10"/>
<action no="5" player="oreiasccp" type="4" sum="0"/>
</round>
<round no="2"><cards type="Flop">CQ C9 S9</cards>
<action no="6" player="CatsInHats" type="4" discard="1" dealt="1" sum="0"/>
<action no="7" player="oreiasccp" type="4" sum="0"/>
</round>
<round no="3"><cards type="Turn">SJ</cards>
<action no="8" player="CatsInHats" type="4" discard="1" dealt="1" sum="0"/>
<action no="9" player="oreiasccp" type="4" sum="0"/>
</round>
<round no="4"><cards type="River">SA</cards>
<action no="10" player="CatsInHats" type="4" discard="1" dealt="1" sum="0"/>
<action no="11" player="oreiasccp" type="5" sum="20"/>
<action no="12" player="CatsInHats" type="0" discard="1" dealt="1" sum="0"/>
</round>
</game>
<game gamecode="11514913372"><general><startdate>2025-06-16 10:45:41</startdate>
<round>1</round>
<failsafecounter/>
<players><player seat="6" name="6SP9" chips="318" dealer="0" win="0" bet="318" muck="0" rebuy="0" addon="0" merge="0" rebuychips="0" reg_code="8384862314"/>
<player seat="10" name="CatsInHats" chips="712" dealer="1" win="696" bet="318" muck="0" rebuy="0" addon="0" merge="0" rebuychips="0" reg_code="8384862478"/>
<player seat="3" name="oreiasccp" chips="470" dealer="0" win="0" bet="60" muck="1" rebuy="0" addon="0" merge="0" rebuychips="0" reg_code="8384862297"/>
</players>
</general>
<round no="0"><action no="1" player="oreiasccp" type="1" sum="10"/>
<action no="2" player="6SP9" type="2" discard="1" dealt="1" sum="20"/>
</round>
<round no="1"><cards type="Pocket" player="CatsInHats">S7 H7</cards>
<cards type="Pocket" player="6SP9">HA DQ</cards>
<cards type="Pocket" player="oreiasccp">DJ DK</cards>
<action no="3" player="CatsInHats" type="23" discard="1" dealt="1" sum="60"/>
<action no="4" player="oreiasccp" type="3" sum="50"/>
<action no="5" player="6SP9" type="23" discard="1" dealt="1" sum="318"/>
<action no="6" player="CatsInHats" type="3" discard="1" dealt="1" sum="258"/>
<action no="7" player="oreiasccp" type="0" sum="0"/>
</round>
<round no="2"><cards type="Flop">H6 C2 S5</cards>
</round>
<round no="3"><cards type="Turn">H2</cards>
</round>
<round no="4"><cards type="River">S8</cards>
</round>
</game>
<game gamecode="11514913444"><general><startdate>2025-06-16 10:46:02</startdate>
<round>1</round>
<failsafecounter/>
<players><player seat="10" name="CatsInHats" chips="1,090" dealer="0" win="350" bet="350" muck="1" rebuy="0" addon="0" merge="0" rebuychips="0" reg_code="8384862478"/>
<player seat="3" name="oreiasccp" chips="410" dealer="1" win="0" bet="175" muck="1" rebuy="0" addon="0" merge="0" rebuychips="0" reg_code="8384862297"/>
</players>
</general>
<round no="0"><action no="1" player="oreiasccp" type="15" sum="5"/>
<action no="2" player="CatsInHats" type="15" discard="1" dealt="1" sum="5"/>
<action no="3" player="oreiasccp" type="1" sum="15"/>
<action no="4" player="CatsInHats" type="2" discard="1" dealt="1" sum="30"/>
</round>
<round no="1"><cards type="Pocket" player="oreiasccp">CK CQ</cards>
<cards type="Pocket" player="CatsInHats">X X</cards>
<action no="5" player="oreiasccp" type="3" sum="15"/>
<action no="6" player="CatsInHats" type="4" discard="1" dealt="1" sum="0"/>
</round>
<round no="2"><cards type="Flop">DA D6 C6</cards>
<action no="7" player="CatsInHats" type="4" discard="1" dealt="1" sum="0"/>
<action no="8" player="oreiasccp" type="5" sum="30"/>
<action no="9" player="CatsInHats" type="3" discard="1" dealt="1" sum="30"/>
</round>
<round no="3"><cards type="Turn">C5</cards>
<action no="10" player="CatsInHats" type="4" discard="1" dealt="1" sum="0"/>
<action no="11" player="oreiasccp" type="5" sum="30"/>
<action no="12" player="CatsInHats" type="23" discard="1" dealt="1" sum="110"/>
<action no="13" player="oreiasccp" type="3" sum="80"/>
</round>
<round no="4"><cards type="River">S4</cards>
<action no="14" player="CatsInHats" type="5" discard="1" dealt="1" sum="175"/>
<action no="15" player="oreiasccp" type="0" sum="0"/>
</round>
</game>
<game gamecode="11514913516"><general><startdate>2025-06-16 10:46:24</startdate>
<round>1</round>
<failsafecounter/>
<players><player seat="3" name="oreiasccp" chips="235" dealer="0" win="0" bet="95" muck="1" rebuy="0" addon="0" merge="0" rebuychips="0" reg_code="8384862297"/>
<player seat="10" name="CatsInHats" chips="1,265" dealer="1" win="190" bet="190" muck="1" rebuy="0" addon="0" merge="0" rebuychips="0" reg_code="8384862478"/>
</players>
</general>
<round no="0"><action no="1" player="CatsInHats" type="15" discard="1" dealt="1" sum="5"/>
<action no="2" player="oreiasccp" type="15" sum="5"/>
<action no="3" player="CatsInHats" type="1" discard="1" dealt="1" sum="15"/>
<action no="4" player="oreiasccp" type="2" sum="30"/>
</round>
<round no="1"><cards type="Pocket" player="oreiasccp">C7 C6</cards>
<cards type="Pocket" player="CatsInHats">X X</cards>
<action no="5" player="CatsInHats" type="23" discard="1" dealt="1" sum="90"/>
<action no="6" player="oreiasccp" type="3" sum="60"/>
</round>
<round no="2"><cards type="Flop">CA D9 S5</cards>
<action no="7" player="oreiasccp" type="4" sum="0"/>
<action no="8" player="CatsInHats" type="4" discard="1" dealt="1" sum="0"/>
</round>
<round no="3"><cards type="Turn">H10</cards>
<action no="9" player="oreiasccp" type="4" sum="0"/>
<action no="10" player="CatsInHats" type="5" discard="1" dealt="1" sum="95"/>
<action no="11" player="oreiasccp" type="0" sum="0"/>
</round>
</game>
<game gamecode="11514913571"><general><startdate>2025-06-16 10:46:39</startdate>
<round>1</round>
<failsafecounter/>
<players><player seat="10" name="CatsInHats" chips="1,360" dealer="0" win="280" bet="140" muck="0" rebuy="0" addon="0" merge="0" rebuychips="0" reg_code="8384862478"/>
<player seat="3" name="oreiasccp" chips="140" dealer="1" win="0" bet="140" muck="0" rebuy="0" addon="0" merge="0" rebuychips="0" reg_code="8384862297"/>
</players>
</general>
<round no="0"><action no="1" player="oreiasccp" type="15" sum="5"/>
<action no="2" player="CatsInHats" type="15" discard="1" dealt="1" sum="5"/>
<action no="3" player="oreiasccp" type="1" sum="15"/>
<action no="4" player="CatsInHats" type="2" discard="1" dealt="1" sum="30"/>
</round>
<round no="1"><cards type="Pocket" player="CatsInHats">C2 C10</cards>
<cards type="Pocket" player="oreiasccp">C7 S6</cards>
<action no="5" player="oreiasccp" type="23" sum="135"/>
<action no="6" player="CatsInHats" type="3" discard="1" dealt="1" sum="105"/>
</round>
<round no="2"><cards type="Flop">S2 C4 H4</cards>
</round>
<round no="3"><cards type="Turn">DQ</cards>
</round>
<round no="4"><cards type="River">D8</cards>
</round>
</game>
</session>
