<?xml version="1.0" encoding="UTF-8"?>
<session sessioncode="8384822169">
<general>
<client_version>24.7.1.16</client_version>
<mode>real</mode>
<gametype>Holdem NL</gametype>
<tablename>Twister €5 SNG, 1127560769</tablename>
<tournamentcode>1127560768</tournamentcode>
<tournamentname>Twister €5 SNG</tournamentname>
<buyin>€0 + €0.35 + €4.65</buyin>
<totalbuyin>€5</totalbuyin>
<rewarddrawn>€10</rewarddrawn>
<tournamentcurrency>EUR</tournamentcurrency>
<currency>EUR</currency>
<nickname>oreiasccp</nickname>
<gamecount>11</gamecount>
<startdate>2025-06-16 07:19:17</startdate>
<place>3</place>
<win>€0</win>
<tablesize>3</tablesize>
</general>
<game gamecode="11514782162"><general><startdate>2025-06-16 07:19:32</startdate>
<round>1</round>
<failsafecounter/>
<players><player seat="10" name="spoonbusted989" chips="500" dealer="0" win="160" bet="160" muck="1" rebuy="0" addon="0" merge="0" rebuychips="0" reg_code="8384822180"/>
<player seat="3" name="Alchemik13" chips="500" dealer="1" win="0" bet="0" muck="1" rebuy="0" addon="0" merge="0" rebuychips="0" reg_code="8384822134"/>
<player seat="6" name="oreiasccp" chips="500" dealer="0" win="0" bet="80" muck="1" rebuy="0" addon="0" merge="0" rebuychips="0" reg_code="8384822169"/>
</players>
</general>
<round no="0"><action no="1" player="oreiasccp" type="1" sum="10"/>
<action no="2" player="spoonbusted989" type="2" discard="1" dealt="1" sum="20"/>
</round>
<round no="1"><cards type="Pocket" player="Alchemik13">X X</cards>
<cards type="Pocket" player="spoonbusted989">X X</cards>
<cards type="Pocket" player="oreiasccp">D3 SA</cards>
<action no="3" player="Alchemik13" type="0" discard="1" dealt="1" sum="0"/>
<action no="4" player="oreiasccp" type="23" sum="40"/>
<action no="5" player="spoonbusted989" type="23" discard="1" dealt="1" sum="60"/>
<action no="6" player="oreiasccp" type="3" sum="20"/>
</round>
<round no="2"><cards type="Flop">HK S2 D9</cards>
<action no="7" player="oreiasccp" type="4" sum="0"/>
<action no="8" player="spoonbusted989" type="5" discard="1" dealt="1" sum="20"/>
<action no="9" player="oreiasccp" type="3" sum="20"/>
</round>
<round no="3"><cards type="Turn">S6</cards>
<action no="10" player="oreiasccp" type="4" sum="0"/>
<action no="11" player="spoonbusted989" type="5" discard="1" dealt="1" sum="80"/>
<action no="12" player="oreiasccp" type="0" sum="0"/>
</round>
</game>
<game gamecode="11514782249"><general><startdate>2025-06-16 07:20:04</startdate>
<round>1</round>
<failsafecounter/>
<players><player seat="3" name="Alchemik13" chips="500" dealer="0" win="0" bet="120" muck="1" rebuy="0" addon="0" merge="0" rebuychips="0" reg_code="8384822134"/>
<player seat="6" name="oreiasccp" chips="420" dealer="1" win="0" bet="0" muck="1" rebuy="0" addon="0" merge="0" rebuychips="0" reg_code="8384822169"/>
<player seat="10" name="spoonbusted989" chips="580" dealer="0" win="240" bet="240" muck="1" rebuy="0" addon="0" merge="0" rebuychips="0" reg_code="8384822180"/>
</players>
</general>
<round no="0"><action no="1" player="spoonbusted989" type="1" discard="1" dealt="1" sum="10"/>
<action no="2" player="Alchemik13" type="2" discard="1" dealt="1" sum="20"/>
</round>
<round no="1"><cards type="Pocket" player="Alchemik13">X X</cards>
<cards type="Pocket" player="oreiasccp">H9 C10</cards>
<cards type="Pocket" player="spoonbusted989">X X</cards>
<action no="3" player="oreiasccp" type="0" sum="0"/>
<action no="4" player="spoonbusted989" type="23" discard="1" dealt="1" sum="40"/>
<action no="5" player="Alchemik13" type="3" discard="1" dealt="1" sum="20"/>
</round>
<round no="2"><cards type="Flop">H10 S3 SA</cards>
<action no="6" player="spoonbusted989" type="4" discard="1" dealt="1" sum="0"/>
<action no="7" player="Alchemik13" type="4" discard="1" dealt="1" sum="0"/>
</round>
<round no="3"><cards type="Turn">H4</cards>
<action no="8" player="spoonbusted989" type="4" discard="1" dealt="1" sum="0"/>
<action no="9" player="Alchemik13" type="5" discard="1" dealt="1" sum="80"/>
<action no="10" player="spoonbusted989" type="3" discard="1" dealt="1" sum="80"/>
</round>
<round no="4"><cards type="River">S8</cards>
<action no="11" player="spoonbusted989" type="5" discard="1" dealt="1" sum="120"/>
<action no="12" player="Alchemik13" type="0" discard="1" dealt="1" sum="0"/>
</round>
</game>
<game gamecode="11514782337"><general><startdate>2025-06-16 07:20:35</startdate>
<round>1</round>
<failsafecounter/>
<players><player seat="6" name="oreiasccp" chips="420" dealer="0" win="0" bet="20" muck="1" rebuy="0" addon="0" merge="0" rebuychips="0" reg_code="8384822169"/>
<player seat="10" name="spoonbusted989" chips="700" dealer="1" win="50" bet="45" muck="1" rebuy="0" addon="0" merge="0" rebuychips="0" reg_code="8384822180"/>
<player seat="3" name="Alchemik13" chips="380" dealer="0" win="0" bet="10" muck="1" rebuy="0" addon="0" merge="0" rebuychips="0" reg_code="8384822134"/>
</players>
</general>
<round no="0"><action no="1" player="Alchemik13" type="1" discard="1" dealt="1" sum="10"/>
<action no="2" player="oreiasccp" type="2" sum="20"/>
</round>
<round no="1"><cards type="Pocket" player="oreiasccp">H10 D9</cards>
<cards type="Pocket" player="Alchemik13">X X</cards>
<cards type="Pocket" player="spoonbusted989">X X</cards>
<action no="3" player="spoonbusted989" type="3" discard="1" dealt="1" sum="20"/>
<action no="4" player="Alchemik13" type="0" discard="1" dealt="1" sum="0"/>
<action no="5" player="oreiasccp" type="4" sum="0"/>
</round>
<round no="2"><cards type="Flop">CA DK H2</cards>
<action no="6" player="oreiasccp" type="4" sum="0"/>
<action no="7" player="spoonbusted989" type="4" discard="1" dealt="1" sum="0"/>
</round>
<round no="3"><cards type="Turn">CK</cards>
<action no="8" player="oreiasccp" type="4" sum="0"/>
<action no="9" player="spoonbusted989" type="4" discard="1" dealt="1" sum="0"/>
</round>
<round no="4"><cards type="River">D8</cards>
<action no="10" player="oreiasccp" type="4" sum="0"/>
<action no="11" player="spoonbusted989" type="5" discard="1" dealt="1" sum="25"/>
<action no="12" player="oreiasccp" type="0" sum="0"/>
</round>
</game>
<game gamecode="11514782392"><general><startdate>2025-06-16 07:20:54</startdate>
<round>1</round>
<failsafecounter/>
<players><player seat="10" name="spoonbusted989" chips="730" dealer="0" win="0" bet="50" muck="1" rebuy="0" addon="0" merge="0" rebuychips="0" reg_code="8384822180"/>
<player seat="3" name="Alchemik13" chips="370" dealer="1" win="0" bet="0" muck="1" rebuy="0" addon="0" merge="0" rebuychips="0" reg_code="8384822134"/>
<player seat="6" name="oreiasccp" chips="400" dealer="0" win="100" bet="86" muck="1" rebuy="0" addon="0" merge="0" rebuychips="0" reg_code="8384822169"/>
</players>
</general>
<round no="0"><action no="1" player="oreiasccp" type="1" sum="10"/>
<action no="2" player="spoonbusted989" type="2" discard="1" dealt="1" sum="20"/>
</round>
<round no="1"><cards type="Pocket" player="oreiasccp">C9 CK</cards>
<cards type="Pocket" player="Alchemik13">X X</cards>
<cards type="Pocket" player="spoonbusted989">X X</cards>
<action no="3" player="Alchemik13" type="0" discard="1" dealt="1" sum="0"/>
<action no="4" player="oreiasccp" type="23" sum="50"/>
<action no="5" player="spoonbusted989" type="3" discard="1" dealt="1" sum="30"/>
</round>
<round no="2"><cards type="Flop">D6 SJ DK</cards>
<action no="6" player="oreiasccp" type="5" sum="36"/>
<action no="7" player="spoonbusted989" type="0" discard="1" dealt="1" sum="0"/>
</round>
</game>
<game gamecode="11514782450"><general><startdate>2025-06-16 07:21:12</startdate>
<round>1</round>
<failsafecounter/>
<players><player seat="3" name="Alchemik13" chips="370" dealer="0" win="40" bet="50" muck="1" rebuy="0" addon="0" merge="0" rebuychips="0" reg_code="8384822134"/>
<player seat="6" name="oreiasccp" chips="450" dealer="1" win="0" bet="0" muck="1" rebuy="0" addon="0" merge="0" rebuychips="0" reg_code="8384822169"/>
<player seat="10" name="spoonbusted989" chips="680" dealer="0" win="0" bet="20" muck="1" rebuy="0" addon="0" merge="0" rebuychips="0" reg_code="8384822180"/>
</players>
</general>
<round no="0"><action no="1" player="spoonbusted989" type="1" discard="1" dealt="1" sum="10"/>
<action no="2" player="Alchemik13" type="2" discard="1" dealt="1" sum="20"/>
</round>
<round no="1"><cards type="Pocket" player="spoonbusted989">X X</cards>
<cards type="Pocket" player="oreiasccp">D8 CQ</cards>
<cards type="Pocket" player="Alchemik13">X X</cards>
<action no="3" player="oreiasccp" type="0" sum="0"/>
<action no="4" player="spoonbusted989" type="3" discard="1" dealt="1" sum="10"/>
<action no="5" player="Alchemik13" type="4" discard="1" dealt="1" sum="0"/>
</round>
<round no="2"><cards type="Flop">D3 SQ S6</cards>
<action no="6" player="spoonbusted989" type="4" discard="1" dealt="1" sum="0"/>
<action no="7" player="Alchemik13" type="4" discard="1" dealt="1" sum="0"/>
</round>
<round no="3"><cards type="Turn">S5</cards>
<action no="8" player="spoonbusted989" type="4" discard="1" dealt="1" sum="0"/>
<action no="9" player="Alchemik13" type="5" discard="1" dealt="1" sum="30"/>
<action no="10" player="spoonbusted989" type="0" discard="1" dealt="1" sum="0"/>
</round>
</game>
<game gamecode="11514782530"><general><startdate>2025-06-16 07:21:40</startdate>
<round>1</round>
<failsafecounter/>
<players><player seat="6" name="oreiasccp" chips="450" dealer="0" win="240" bet="170" muck="1" rebuy="0" addon="0" merge="0" rebuychips="0" reg_code="8384822169"/>
<player seat="10" name="spoonbusted989" chips="660" dealer="1" win="0" bet="110" muck="1" rebuy="0" addon="0" merge="0" rebuychips="0" reg_code="8384822180"/>
<player seat="3" name="Alchemik13" chips="390" dealer="0" win="0" bet="20" muck="1" rebuy="0" addon="0" merge="0" rebuychips="0" reg_code="8384822134"/>
</players>
</general>
<round no="0"><action no="1" player="Alchemik13" type="15" discard="1" dealt="1" sum="5"/>
<action no="2" player="oreiasccp" type="15" sum="5"/>
<action no="3" player="spoonbusted989" type="15" discard="1" dealt="1" sum="5"/>
<action no="4" player="Alchemik13" type="1" discard="1" dealt="1" sum="15"/>
<action no="5" player="oreiasccp" type="2" sum="30"/>
</round>
<round no="1"><cards type="Pocket" player="oreiasccp">SK HK</cards>
<cards type="Pocket" player="spoonbusted989">X X</cards>
<cards type="Pocket" player="Alchemik13">X X</cards>
<action no="6" player="spoonbusted989" type="3" discard="1" dealt="1" sum="30"/>
<action no="7" player="Alchemik13" type="0" discard="1" dealt="1" sum="0"/>
<action no="8" player="oreiasccp" type="23" sum="105"/>
<action no="9" player="spoonbusted989" type="3" discard="1" dealt="1" sum="75"/>
</round>
<round no="2"><cards type="Flop">C10 HA SQ</cards>
<action no="10" player="oreiasccp" type="5" sum="60"/>
<action no="11" player="spoonbusted989" type="0" discard="1" dealt="1" sum="0"/>
</round>
</game>
<game gamecode="11514782602"><general><startdate>2025-06-16 07:22:03</startdate>
<round>1</round>
<failsafecounter/>
<players><player seat="10" name="spoonbusted989" chips="550" dealer="0" win="45" bet="35" muck="1" rebuy="0" addon="0" merge="0" rebuychips="0" reg_code="8384822180"/>
<player seat="3" name="Alchemik13" chips="370" dealer="1" win="0" bet="5" muck="1" rebuy="0" addon="0" merge="0" rebuychips="0" reg_code="8384822134"/>
<player seat="6" name="oreiasccp" chips="580" dealer="0" win="0" bet="20" muck="1" rebuy="0" addon="0" merge="0" rebuychips="0" reg_code="8384822169"/>
</players>
</general>
<round no="0"><action no="1" player="oreiasccp" type="15" sum="5"/>
<action no="2" player="spoonbusted989" type="15" discard="1" dealt="1" sum="5"/>
<action no="3" player="Alchemik13" type="15" discard="1" dealt="1" sum="5"/>
<action no="4" player="oreiasccp" type="1" sum="15"/>
<action no="5" player="spoonbusted989" type="2" discard="1" dealt="1" sum="30"/>
</round>
<round no="1"><cards type="Pocket" player="spoonbusted989">X X</cards>
<cards type="Pocket" player="oreiasccp">HJ S6</cards>
<cards type="Pocket" player="Alchemik13">X X</cards>
<action no="6" player="Alchemik13" type="0" discard="1" dealt="1" sum="0"/>
<action no="7" player="oreiasccp" type="0" sum="0"/>
</round>
</game>
<game gamecode="11514782623"><general><startdate>2025-06-16 07:22:10</startdate>
<round>1</round>
<failsafecounter/>
<players><player seat="3" name="Alchemik13" chips="365" dealer="0" win="0" bet="35" muck="1" rebuy="0" addon="0" merge="0" rebuychips="0" reg_code="8384822134"/>
<player seat="6" name="oreiasccp" chips="560" dealer="1" win="90" bet="560" muck="1" rebuy="0" addon="0" merge="0" rebuychips="0" reg_code="8384822169"/>
<player seat="10" name="spoonbusted989" chips="575" dealer="0" win="0" bet="20" muck="1" rebuy="0" addon="0" merge="0" rebuychips="0" reg_code="8384822180"/>
</players>
</general>
<round no="0"><action no="1" player="spoonbusted989" type="15" discard="1" dealt="1" sum="5"/>
<action no="2" player="Alchemik13" type="15" discard="1" dealt="1" sum="5"/>
<action no="3" player="oreiasccp" type="15" sum="5"/>
<action no="4" player="spoonbusted989" type="1" discard="1" dealt="1" sum="15"/>
<action no="5" player="Alchemik13" type="2" discard="1" dealt="1" sum="30"/>
</round>
<round no="1"><cards type="Pocket" player="oreiasccp">D5 C5</cards>
<cards type="Pocket" player="Alchemik13">X X</cards>
<cards type="Pocket" player="spoonbusted989">X X</cards>
<action no="6" player="oreiasccp" type="23" sum="555"/>
<action no="7" player="spoonbusted989" type="0" discard="1" dealt="1" sum="0"/>
<action no="8" player="Alchemik13" type="0" discard="1" dealt="1" sum="0"/>
</round>
</game>
<game gamecode="11514782667"><general><startdate>2025-06-16 07:22:24</startdate>
<round>1</round>
<failsafecounter/>
<players><player seat="6" name="oreiasccp" chips="615" dealer="0" win="0" bet="555" muck="1" rebuy="0" addon="0" merge="0" rebuychips="0" reg_code="8384822169"/>
<player seat="10" name="spoonbusted989" chips="555" dealer="1" win="1,130" bet="555" muck="0" rebuy="0" addon="0" merge="0" rebuychips="0" reg_code="8384822180"/>
<player seat="3" name="Alchemik13" chips="330" dealer="0" win="0" bet="20" muck="1" rebuy="0" addon="0" merge="0" rebuychips="0" reg_code="8384822134"/>
</players>
</general>
<round no="0"><action no="1" player="Alchemik13" type="15" discard="1" dealt="1" sum="5"/>
<action no="2" player="oreiasccp" type="15" sum="5"/>
<action no="3" player="spoonbusted989" type="15" discard="1" dealt="1" sum="5"/>
<action no="4" player="Alchemik13" type="1" discard="1" dealt="1" sum="15"/>
<action no="5" player="oreiasccp" type="2" sum="30"/>
</round>
<round no="1"><cards type="Pocket" player="Alchemik13">X X</cards>
<cards type="Pocket" player="spoonbusted989">SQ SA</cards>
<cards type="Pocket" player="oreiasccp">HA S9</cards>
<action no="6" player="spoonbusted989" type="3" discard="1" dealt="1" sum="30"/>
<action no="7" player="Alchemik13" type="0" discard="1" dealt="1" sum="0"/>
<action no="8" player="oreiasccp" type="23" sum="550"/>
<action no="9" player="spoonbusted989" type="7" discard="1" dealt="1" sum="520"/>
</round>
<round no="2"><cards type="Flop">S3 HQ CA</cards>
</round>
<round no="3"><cards type="Turn">D7</cards>
</round>
<round no="4"><cards type="River">CJ</cards>
</round>
</game>
<game gamecode="11514782727"><general><startdate>2025-06-16 07:22:44</startdate>
<round>1</round>
<failsafecounter/>
<players><player seat="10" name="spoonbusted989" chips="1,130" dealer="0" win="0" bet="60" muck="1" rebuy="0" addon="0" merge="0" rebuychips="0" reg_code="8384822180"/>
<player seat="3" name="Alchemik13" chips="310" dealer="1" win="0" bet="5" muck="1" rebuy="0" addon="0" merge="0" rebuychips="0" reg_code="8384822134"/>
<player seat="6" name="oreiasccp" chips="60" dealer="0" win="125" bet="60" muck="0" rebuy="0" addon="0" merge="0" rebuychips="0" reg_code="8384822169"/>
</players>
</general>
<round no="0"><action no="1" player="oreiasccp" type="15" sum="5"/>
<action no="2" player="spoonbusted989" type="15" discard="1" dealt="1" sum="5"/>
<action no="3" player="Alchemik13" type="15" discard="1" dealt="1" sum="5"/>
<action no="4" player="oreiasccp" type="1" sum="15"/>
<action no="5" player="spoonbusted989" type="2" discard="1" dealt="1" sum="30"/>
</round>
<round no="1"><cards type="Pocket" player="oreiasccp">C7 DJ</cards>
<cards type="Pocket" player="spoonbusted989">CA HA</cards>
<cards type="Pocket" player="Alchemik13">X X</cards>
<action no="6" player="Alchemik13" type="0" discard="1" dealt="1" sum="0"/>
<action no="7" player="oreiasccp" type="7" sum="40"/>
<action no="8" player="spoonbusted989" type="3" discard="1" dealt="1" sum="25"/>
</round>
<round no="2"><cards type="Flop">D6 H5 D8</cards>
</round>
<round no="3"><cards type="Turn">S3</cards>
</round>
<round no="4"><cards type="River">C4</cards>
</round>
</game>
<game gamecode="11514782781"><general><startdate>2025-06-16 07:23:02</startdate>
<round>1</round>
<failsafecounter/>
<players><player seat="3" name="Alchemik13" chips="305" dealer="0" win="270" bet="125" muck="0" rebuy="0" addon="0" merge="0" rebuychips="0" reg_code="8384822134"/>
<player seat="6" name="oreiasccp" chips="125" dealer="1" win="0" bet="125" muck="0" rebuy="0" addon="0" merge="0" rebuychips="0" reg_code="8384822169"/>
<player seat="10" name="spoonbusted989" chips="1,070" dealer="0" win="0" bet="20" muck="1" rebuy="0" addon="0" merge="0" rebuychips="0" reg_code="8384822180"/>
</players>
</general>
<round no="0"><action no="1" player="spoonbusted989" type="15" discard="1" dealt="1" sum="5"/>
<action no="2" player="Alchemik13" type="15" discard="1" dealt="1" sum="5"/>
<action no="3" player="oreiasccp" type="15" sum="5"/>
<action no="4" player="spoonbusted989" type="1" discard="1" dealt="1" sum="15"/>
<action no="5" player="Alchemik13" type="2" discard="1" dealt="1" sum="30"/>
</round>
<round no="1"><cards type="Pocket" player="oreiasccp">DK S8</cards>
<cards type="Pocket" player="Alchemik13">H4 HJ</cards>
<cards type="Pocket" player="spoonbusted989">X X</cards>
<action no="6" player="oreiasccp" type="23" sum="120"/>
<action no="7" player="spoonbusted989" type="0" discard="1" dealt="1" sum="0"/>
<action no="8" player="Alchemik13" type="3" discard="1" dealt="1" sum="90"/>
</round>
<round no="2"><cards type="Flop">C8 SJ DJ</cards>
</round>
<round no="3"><cards type="Turn">S3</cards>
</round>
<round no="4"><cards type="River">S2</cards>
</round>
</game>
</session>
