<?xml version="1.0" encoding="UTF-8"?>
<session sessioncode="8384828456">
<general>
<client_version>24.7.1.16</client_version>
<mode>real</mode>
<gametype>Holdem NL</gametype>
<tablename>Twister €5 SNG, 1127561953</tablename>
<tournamentcode>1127561952</tournamentcode>
<tournamentname>Twister €5 SNG</tournamentname>
<buyin>€0 + €0.35 + €4.65</buyin>
<totalbuyin>€5</totalbuyin>
<rewarddrawn>€15</rewarddrawn>
<tournamentcurrency>EUR</tournamentcurrency>
<currency>EUR</currency>
<nickname>oreiasccp</nickname>
<gamecount>14</gamecount>
<startdate>2025-06-16 08:01:50</startdate>
<place>3</place>
<win>€0</win>
<tablesize>3</tablesize>
</general>
<game gamecode="11514800642"><general><startdate>2025-06-16 08:02:05</startdate>
<round>1</round>
<failsafecounter/>
<players><player seat="6" name="Skyder19" chips="500" dealer="0" win="0" bet="20" muck="1" rebuy="0" addon="0" merge="0" rebuychips="0" reg_code="8384828462"/>
<player seat="10" name="AnSer1" chips="500" dealer="1" win="0" bet="0" muck="1" rebuy="0" addon="0" merge="0" rebuychips="0" reg_code="8384828507"/>
<player seat="3" name="oreiasccp" chips="500" dealer="0" win="40" bet="40" muck="1" rebuy="0" addon="0" merge="0" rebuychips="0" reg_code="8384828456"/>
</players>
</general>
<round no="0"><action no="1" player="oreiasccp" type="1" sum="10"/>
<action no="2" player="Skyder19" type="2" discard="1" dealt="1" sum="20"/>
</round>
<round no="1"><cards type="Pocket" player="oreiasccp">DJ C10</cards>
<cards type="Pocket" player="Skyder19">X X</cards>
<cards type="Pocket" player="AnSer1">X X</cards>
<action no="3" player="AnSer1" type="0" discard="1" dealt="1" sum="0"/>
<action no="4" player="oreiasccp" type="23" sum="40"/>
<action no="5" player="Skyder19" type="0" discard="1" dealt="1" sum="0"/>
</round>
</game>
<game gamecode="11514800668"><general><startdate>2025-06-16 08:02:15</startdate>
<round>1</round>
<failsafecounter/>
<players><player seat="10" name="AnSer1" chips="500" dealer="0" win="90" bet="90" muck="0" rebuy="0" addon="0" merge="0" rebuychips="0" reg_code="8384828507"/>
<player seat="3" name="oreiasccp" chips="520" dealer="1" win="0" bet="0" muck="1" rebuy="0" addon="0" merge="0" rebuychips="0" reg_code="8384828456"/>
<player seat="6" name="Skyder19" chips="480" dealer="0" win="90" bet="90" muck="0" rebuy="0" addon="0" merge="0" rebuychips="0" reg_code="8384828462"/>
</players>
</general>
<round no="0"><action no="1" player="Skyder19" type="1" discard="1" dealt="1" sum="10"/>
<action no="2" player="AnSer1" type="2" discard="1" dealt="1" sum="20"/>
</round>
<round no="1"><cards type="Pocket" player="AnSer1">S10 CQ</cards>
<cards type="Pocket" player="Skyder19">C4 C10</cards>
<cards type="Pocket" player="oreiasccp">SK D4</cards>
<action no="3" player="oreiasccp" type="0" sum="0"/>
<action no="4" player="Skyder19" type="23" discard="1" dealt="1" sum="60"/>
<action no="5" player="AnSer1" type="3" discard="1" dealt="1" sum="40"/>
</round>
<round no="2"><cards type="Flop">D10 C8 DA</cards>
<action no="6" player="Skyder19" type="5" discard="1" dealt="1" sum="30"/>
<action no="7" player="AnSer1" type="3" discard="1" dealt="1" sum="30"/>
</round>
<round no="3"><cards type="Turn">S2</cards>
<action no="8" player="Skyder19" type="4" discard="1" dealt="1" sum="0"/>
<action no="9" player="AnSer1" type="4" discard="1" dealt="1" sum="0"/>
</round>
<round no="4"><cards type="River">D8</cards>
<action no="10" player="Skyder19" type="4" discard="1" dealt="1" sum="0"/>
<action no="11" player="AnSer1" type="4" discard="1" dealt="1" sum="0"/>
</round>
</game>
<game gamecode="11514800751"><general><startdate>2025-06-16 08:02:53</startdate>
<round>1</round>
<failsafecounter/>
<players><player seat="3" name="oreiasccp" chips="520" dealer="0" win="0" bet="40" muck="1" rebuy="0" addon="0" merge="0" rebuychips="0" reg_code="8384828456"/>
<player seat="6" name="Skyder19" chips="480" dealer="1" win="0" bet="0" muck="1" rebuy="0" addon="0" merge="0" rebuychips="0" reg_code="8384828462"/>
<player seat="10" name="AnSer1" chips="500" dealer="0" win="80" bet="100" muck="1" rebuy="0" addon="0" merge="0" rebuychips="0" reg_code="8384828507"/>
</players>
</general>
<round no="0"><action no="1" player="AnSer1" type="1" discard="1" dealt="1" sum="10"/>
<action no="2" player="oreiasccp" type="2" sum="20"/>
</round>
<round no="1"><cards type="Pocket" player="AnSer1">X X</cards>
<cards type="Pocket" player="oreiasccp">CK C5</cards>
<cards type="Pocket" player="Skyder19">X X</cards>
<action no="3" player="Skyder19" type="0" discard="1" dealt="1" sum="0"/>
<action no="4" player="AnSer1" type="3" discard="1" dealt="1" sum="10"/>
<action no="5" player="oreiasccp" type="4" sum="0"/>
</round>
<round no="2"><cards type="Flop">D9 D5 D4</cards>
<action no="6" player="AnSer1" type="5" discard="1" dealt="1" sum="20"/>
<action no="7" player="oreiasccp" type="3" sum="20"/>
</round>
<round no="3"><cards type="Turn">HJ</cards>
<action no="8" player="AnSer1" type="4" discard="1" dealt="1" sum="0"/>
<action no="9" player="oreiasccp" type="4" sum="0"/>
</round>
<round no="4"><cards type="River">CQ</cards>
<action no="10" player="AnSer1" type="5" discard="1" dealt="1" sum="60"/>
<action no="11" player="oreiasccp" type="0" sum="0"/>
</round>
</game>
<game gamecode="11514800827"><general><startdate>2025-06-16 08:03:30</startdate>
<round>1</round>
<failsafecounter/>
<players><player seat="6" name="Skyder19" chips="480" dealer="0" win="20" bet="20" muck="1" rebuy="0" addon="0" merge="0" rebuychips="0" reg_code="8384828462"/>
<player seat="10" name="AnSer1" chips="540" dealer="1" win="0" bet="0" muck="1" rebuy="0" addon="0" merge="0" rebuychips="0" reg_code="8384828507"/>
<player seat="3" name="oreiasccp" chips="480" dealer="0" win="0" bet="10" muck="1" rebuy="0" addon="0" merge="0" rebuychips="0" reg_code="8384828456"/>
</players>
</general>
<round no="0"><action no="1" player="oreiasccp" type="1" sum="10"/>
<action no="2" player="Skyder19" type="2" discard="1" dealt="1" sum="20"/>
</round>
<round no="1"><cards type="Pocket" player="oreiasccp">D4 S2</cards>
<cards type="Pocket" player="Skyder19">X X</cards>
<cards type="Pocket" player="AnSer1">X X</cards>
<action no="3" player="AnSer1" type="0" discard="1" dealt="1" sum="0"/>
<action no="4" player="oreiasccp" type="0" sum="0"/>
</round>
</game>
<game gamecode="11514800852"><general><startdate>2025-06-16 08:03:40</startdate>
<round>1</round>
<failsafecounter/>
<players><player seat="10" name="AnSer1" chips="540" dealer="0" win="0" bet="20" muck="1" rebuy="0" addon="0" merge="0" rebuychips="0" reg_code="8384828507"/>
<player seat="3" name="oreiasccp" chips="470" dealer="1" win="0" bet="40" muck="1" rebuy="0" addon="0" merge="0" rebuychips="0" reg_code="8384828456"/>
<player seat="6" name="Skyder19" chips="490" dealer="0" win="100" bet="490" muck="1" rebuy="0" addon="0" merge="0" rebuychips="0" reg_code="8384828462"/>
</players>
</general>
<round no="0"><action no="1" player="Skyder19" type="1" discard="1" dealt="1" sum="10"/>
<action no="2" player="AnSer1" type="2" discard="1" dealt="1" sum="20"/>
</round>
<round no="1"><cards type="Pocket" player="oreiasccp">S5 SA</cards>
<cards type="Pocket" player="Skyder19">X X</cards>
<cards type="Pocket" player="AnSer1">X X</cards>
<action no="3" player="oreiasccp" type="23" sum="40"/>
<action no="4" player="Skyder19" type="23" discard="1" dealt="1" sum="490"/>
<action no="5" player="AnSer1" type="0" discard="1" dealt="1" sum="0"/>
<action no="6" player="oreiasccp" type="0" sum="0"/>
</round>
</game>
<game gamecode="11514800885"><general><startdate>2025-06-16 08:03:53</startdate>
<round>1</round>
<failsafecounter/>
<players><player seat="3" name="oreiasccp" chips="430" dealer="0" win="0" bet="90" muck="1" rebuy="0" addon="0" merge="0" rebuychips="0" reg_code="8384828456"/>
<player seat="6" name="Skyder19" chips="550" dealer="1" win="0" bet="0" muck="1" rebuy="0" addon="0" merge="0" rebuychips="0" reg_code="8384828462"/>
<player seat="10" name="AnSer1" chips="520" dealer="0" win="180" bet="90" muck="0" rebuy="0" addon="0" merge="0" rebuychips="0" reg_code="8384828507"/>
</players>
</general>
<round no="0"><action no="1" player="AnSer1" type="1" discard="1" dealt="1" sum="10"/>
<action no="2" player="oreiasccp" type="2" sum="20"/>
</round>
<round no="1"><cards type="Pocket" player="oreiasccp">DQ S2</cards>
<cards type="Pocket" player="Skyder19">X X</cards>
<cards type="Pocket" player="AnSer1">D9 D3</cards>
<action no="3" player="Skyder19" type="0" discard="1" dealt="1" sum="0"/>
<action no="4" player="AnSer1" type="3" discard="1" dealt="1" sum="10"/>
<action no="5" player="oreiasccp" type="4" sum="0"/>
</round>
<round no="2"><cards type="Flop">S3 HK H2</cards>
<action no="6" player="AnSer1" type="5" discard="1" dealt="1" sum="20"/>
<action no="7" player="oreiasccp" type="3" sum="20"/>
</round>
<round no="3"><cards type="Turn">DA</cards>
<action no="8" player="AnSer1" type="5" discard="1" dealt="1" sum="50"/>
<action no="9" player="oreiasccp" type="3" sum="50"/>
</round>
<round no="4"><cards type="River">H7</cards>
<action no="10" player="AnSer1" type="4" discard="1" dealt="1" sum="0"/>
<action no="11" player="oreiasccp" type="4" sum="0"/>
</round>
</game>
<game gamecode="11514800953"><general><startdate>2025-06-16 08:04:27</startdate>
<round>1</round>
<failsafecounter/>
<players><player seat="6" name="Skyder19" chips="550" dealer="0" win="0" bet="35" muck="1" rebuy="0" addon="0" merge="0" rebuychips="0" reg_code="8384828462"/>
<player seat="10" name="AnSer1" chips="610" dealer="1" win="0" bet="5" muck="1" rebuy="0" addon="0" merge="0" rebuychips="0" reg_code="8384828507"/>
<player seat="3" name="oreiasccp" chips="340" dealer="0" win="75" bet="340" muck="1" rebuy="0" addon="0" merge="0" rebuychips="0" reg_code="8384828456"/>
</players>
</general>
<round no="0"><action no="1" player="oreiasccp" type="15" sum="5"/>
<action no="2" player="Skyder19" type="15" discard="1" dealt="1" sum="5"/>
<action no="3" player="AnSer1" type="15" discard="1" dealt="1" sum="5"/>
<action no="4" player="oreiasccp" type="1" sum="15"/>
<action no="5" player="Skyder19" type="2" discard="1" dealt="1" sum="30"/>
</round>
<round no="1"><cards type="Pocket" player="Skyder19">X X</cards>
<cards type="Pocket" player="oreiasccp">CA S8</cards>
<cards type="Pocket" player="AnSer1">X X</cards>
<action no="6" player="AnSer1" type="0" discard="1" dealt="1" sum="0"/>
<action no="7" player="oreiasccp" type="23" sum="335"/>
<action no="8" player="Skyder19" type="0" discard="1" dealt="1" sum="0"/>
</round>
</game>
<game gamecode="11514800997"><general><startdate>2025-06-16 08:04:45</startdate>
<round>1</round>
<failsafecounter/>
<players><player seat="10" name="AnSer1" chips="605" dealer="0" win="165" bet="605" muck="1" rebuy="0" addon="0" merge="0" rebuychips="0" reg_code="8384828507"/>
<player seat="3" name="oreiasccp" chips="380" dealer="1" win="0" bet="5" muck="1" rebuy="0" addon="0" merge="0" rebuychips="0" reg_code="8384828456"/>
<player seat="6" name="Skyder19" chips="515" dealer="0" win="0" bet="80" muck="1" rebuy="0" addon="0" merge="0" rebuychips="0" reg_code="8384828462"/>
</players>
</general>
<round no="0"><action no="1" player="Skyder19" type="15" discard="1" dealt="1" sum="5"/>
<action no="2" player="AnSer1" type="15" discard="1" dealt="1" sum="5"/>
<action no="3" player="oreiasccp" type="15" sum="5"/>
<action no="4" player="Skyder19" type="1" discard="1" dealt="1" sum="15"/>
<action no="5" player="AnSer1" type="2" discard="1" dealt="1" sum="30"/>
</round>
<round no="1"><cards type="Pocket" player="AnSer1">X X</cards>
<cards type="Pocket" player="oreiasccp">S6 SJ</cards>
<cards type="Pocket" player="Skyder19">X X</cards>
<action no="6" player="oreiasccp" type="0" sum="0"/>
<action no="7" player="Skyder19" type="23" discard="1" dealt="1" sum="75"/>
<action no="8" player="AnSer1" type="23" discard="1" dealt="1" sum="600"/>
<action no="9" player="Skyder19" type="0" discard="1" dealt="1" sum="0"/>
</round>
</game>
<game gamecode="11514801039"><general><startdate>2025-06-16 08:05:06</startdate>
<round>1</round>
<failsafecounter/>
<players><player seat="3" name="oreiasccp" chips="375" dealer="0" win="377" bet="375" muck="0" rebuy="0" addon="0" merge="0" rebuychips="0" reg_code="8384828456"/>
<player seat="6" name="Skyder19" chips="435" dealer="1" win="0" bet="5" muck="1" rebuy="0" addon="0" merge="0" rebuychips="0" reg_code="8384828462"/>
<player seat="10" name="AnSer1" chips="690" dealer="0" win="378" bet="690" muck="0" rebuy="0" addon="0" merge="0" rebuychips="0" reg_code="8384828507"/>
</players>
</general>
<round no="0"><action no="1" player="AnSer1" type="15" discard="1" dealt="1" sum="5"/>
<action no="2" player="oreiasccp" type="15" sum="5"/>
<action no="3" player="Skyder19" type="15" discard="1" dealt="1" sum="5"/>
<action no="4" player="AnSer1" type="1" discard="1" dealt="1" sum="15"/>
<action no="5" player="oreiasccp" type="2" sum="30"/>
</round>
<round no="1"><cards type="Pocket" player="AnSer1">HA H7</cards>
<cards type="Pocket" player="oreiasccp">S7 DA</cards>
<cards type="Pocket" player="Skyder19">X X</cards>
<action no="6" player="Skyder19" type="0" discard="1" dealt="1" sum="0"/>
<action no="7" player="AnSer1" type="23" discard="1" dealt="1" sum="685"/>
<action no="8" player="oreiasccp" type="7" sum="340"/>
</round>
<round no="2"><cards type="Flop">CJ S4 S9</cards>
</round>
<round no="3"><cards type="Turn">C4</cards>
</round>
<round no="4"><cards type="River">CA</cards>
</round>
</game>
<game gamecode="11514801104"><general><startdate>2025-06-16 08:05:32</startdate>
<round>1</round>
<failsafecounter/>
<players><player seat="6" name="Skyder19" chips="430" dealer="0" win="0" bet="35" muck="1" rebuy="0" addon="0" merge="0" rebuychips="0" reg_code="8384828462"/>
<player seat="10" name="AnSer1" chips="693" dealer="1" win="90" bet="65" muck="1" rebuy="0" addon="0" merge="0" rebuychips="0" reg_code="8384828507"/>
<player seat="3" name="oreiasccp" chips="377" dealer="0" win="0" bet="20" muck="1" rebuy="0" addon="0" merge="0" rebuychips="0" reg_code="8384828456"/>
</players>
</general>
<round no="0"><action no="1" player="oreiasccp" type="15" sum="5"/>
<action no="2" player="Skyder19" type="15" discard="1" dealt="1" sum="5"/>
<action no="3" player="AnSer1" type="15" discard="1" dealt="1" sum="5"/>
<action no="4" player="oreiasccp" type="1" sum="15"/>
<action no="5" player="Skyder19" type="2" discard="1" dealt="1" sum="30"/>
</round>
<round no="1"><cards type="Pocket" player="Skyder19">X X</cards>
<cards type="Pocket" player="AnSer1">X X</cards>
<cards type="Pocket" player="oreiasccp">C2 S8</cards>
<action no="6" player="AnSer1" type="23" discard="1" dealt="1" sum="60"/>
<action no="7" player="oreiasccp" type="0" sum="0"/>
<action no="8" player="Skyder19" type="0" discard="1" dealt="1" sum="0"/>
</round>
</game>
<game gamecode="11514801146"><general><startdate>2025-06-16 08:05:52</startdate>
<round>1</round>
<failsafecounter/>
<players><player seat="10" name="AnSer1" chips="748" dealer="0" win="367" bet="357" muck="0" rebuy="0" addon="0" merge="0" rebuychips="0" reg_code="8384828507"/>
<player seat="3" name="oreiasccp" chips="357" dealer="1" win="367" bet="357" muck="0" rebuy="0" addon="0" merge="0" rebuychips="0" reg_code="8384828456"/>
<player seat="6" name="Skyder19" chips="395" dealer="0" win="0" bet="20" muck="1" rebuy="0" addon="0" merge="0" rebuychips="0" reg_code="8384828462"/>
</players>
</general>
<round no="0"><action no="1" player="Skyder19" type="15" discard="1" dealt="1" sum="5"/>
<action no="2" player="AnSer1" type="15" discard="1" dealt="1" sum="5"/>
<action no="3" player="oreiasccp" type="15" sum="5"/>
<action no="4" player="Skyder19" type="1" discard="1" dealt="1" sum="15"/>
<action no="5" player="AnSer1" type="2" discard="1" dealt="1" sum="30"/>
</round>
<round no="1"><cards type="Pocket" player="Skyder19">X X</cards>
<cards type="Pocket" player="AnSer1">D3 CA</cards>
<cards type="Pocket" player="oreiasccp">HA C2</cards>
<action no="6" player="oreiasccp" type="23" sum="352"/>
<action no="7" player="Skyder19" type="0" discard="1" dealt="1" sum="0"/>
<action no="8" player="AnSer1" type="3" discard="1" dealt="1" sum="322"/>
</round>
<round no="2"><cards type="Flop">H4 HK CK</cards>
</round>
<round no="3"><cards type="Turn">D10</cards>
</round>
<round no="4"><cards type="River">DK</cards>
</round>
</game>
<game gamecode="11514807688"><general><startdate>2025-06-16 08:06:13</startdate>
<round>1</round>
<failsafecounter/>
<players><player seat="3" name="oreiasccp" chips="367" dealer="0" win="369" bet="367" muck="0" rebuy="0" addon="0" merge="0" rebuychips="0" reg_code="8384828456"/>
<player seat="6" name="Skyder19" chips="375" dealer="1" win="0" bet="5" muck="1" rebuy="0" addon="0" merge="0" rebuychips="0" reg_code="8384828462"/>
<player seat="10" name="AnSer1" chips="758" dealer="0" win="370" bet="367" muck="0" rebuy="0" addon="0" merge="0" rebuychips="0" reg_code="8384828507"/>
</players>
</general>
<round no="0"><action no="1" player="AnSer1" type="15" discard="1" dealt="1" sum="5"/>
<action no="2" player="oreiasccp" type="15" sum="5"/>
<action no="3" player="Skyder19" type="15" discard="1" dealt="1" sum="5"/>
<action no="4" player="AnSer1" type="1" discard="1" dealt="1" sum="20"/>
<action no="5" player="oreiasccp" type="2" sum="40"/>
</round>
<round no="1"><cards type="Pocket" player="AnSer1">SK S9</cards>
<cards type="Pocket" player="oreiasccp">CK H9</cards>
<cards type="Pocket" player="Skyder19">X X</cards>
<action no="6" player="Skyder19" type="0" discard="1" dealt="1" sum="0"/>
<action no="7" player="AnSer1" type="3" discard="1" dealt="1" sum="20"/>
<action no="8" player="oreiasccp" type="23" sum="362"/>
<action no="9" player="AnSer1" type="3" discard="1" dealt="1" sum="322"/>
</round>
<round no="2"><cards type="Flop">HK D7 C7</cards>
</round>
<round no="3"><cards type="Turn">H2</cards>
</round>
<round no="4"><cards type="River">C4</cards>
</round>
</game>
<game gamecode="11514807739"><general><startdate>2025-06-16 08:06:40</startdate>
<round>1</round>
<failsafecounter/>
<players><player seat="6" name="Skyder19" chips="370" dealer="0" win="0" bet="45" muck="1" rebuy="0" addon="0" merge="0" rebuychips="0" reg_code="8384828462"/>
<player seat="10" name="AnSer1" chips="761" dealer="1" win="115" bet="761" muck="1" rebuy="0" addon="0" merge="0" rebuychips="0" reg_code="8384828507"/>
<player seat="3" name="oreiasccp" chips="369" dealer="0" win="0" bet="25" muck="1" rebuy="0" addon="0" merge="0" rebuychips="0" reg_code="8384828456"/>
</players>
</general>
<round no="0"><action no="1" player="oreiasccp" type="15" sum="5"/>
<action no="2" player="Skyder19" type="15" discard="1" dealt="1" sum="5"/>
<action no="3" player="AnSer1" type="15" discard="1" dealt="1" sum="5"/>
<action no="4" player="oreiasccp" type="1" sum="20"/>
<action no="5" player="Skyder19" type="2" discard="1" dealt="1" sum="40"/>
</round>
<round no="1"><cards type="Pocket" player="oreiasccp">C7 S10</cards>
<cards type="Pocket" player="Skyder19">X X</cards>
<cards type="Pocket" player="AnSer1">X X</cards>
<action no="6" player="AnSer1" type="23" discard="1" dealt="1" sum="756"/>
<action no="7" player="oreiasccp" type="0" sum="0"/>
<action no="8" player="Skyder19" type="0" discard="1" dealt="1" sum="0"/>
</round>
</game>
<game gamecode="11514807766"><general><startdate>2025-06-16 08:06:52</startdate>
<round>1</round>
<failsafecounter/>
<players><player seat="10" name="AnSer1" chips="831" dealer="0" win="713" bet="344" muck="0" rebuy="0" addon="0" merge="0" rebuychips="0" reg_code="8384828507"/>
<player seat="3" name="oreiasccp" chips="344" dealer="1" win="0" bet="344" muck="0" rebuy="0" addon="0" merge="0" rebuychips="0" reg_code="8384828456"/>
<player seat="6" name="Skyder19" chips="325" dealer="0" win="0" bet="25" muck="1" rebuy="0" addon="0" merge="0" rebuychips="0" reg_code="8384828462"/>
</players>
</general>
<round no="0"><action no="1" player="Skyder19" type="15" discard="1" dealt="1" sum="5"/>
<action no="2" player="AnSer1" type="15" discard="1" dealt="1" sum="5"/>
<action no="3" player="oreiasccp" type="15" sum="5"/>
<action no="4" player="Skyder19" type="1" discard="1" dealt="1" sum="20"/>
<action no="5" player="AnSer1" type="2" discard="1" dealt="1" sum="40"/>
</round>
<round no="1"><cards type="Pocket" player="Skyder19">X X</cards>
<cards type="Pocket" player="oreiasccp">D9 DA</cards>
<cards type="Pocket" player="AnSer1">SA SQ</cards>
<action no="6" player="oreiasccp" type="23" sum="339"/>
<action no="7" player="Skyder19" type="0" discard="1" dealt="1" sum="0"/>
<action no="8" player="AnSer1" type="3" discard="1" dealt="1" sum="299"/>
</round>
<round no="2"><cards type="Flop">DQ H3 S10</cards>
</round>
<round no="3"><cards type="Turn">SJ</cards>
</round>
<round no="4"><cards type="River">S7</cards>
</round>
</game>
</session>
