<?xml version="1.0" encoding="UTF-8"?>
<session sessioncode="8384850531">
<general>
<client_version>24.7.1.16</client_version>
<mode>real</mode>
<gametype>Holdem NL</gametype>
<tablename>Twister €5 SNG, 1127566262</tablename>
<tournamentcode>1127566261</tournamentcode>
<tournamentname>Twister €5 SNG</tournamentname>
<buyin>€0 + €0.35 + €4.65</buyin>
<totalbuyin>€5</totalbuyin>
<rewarddrawn>€10</rewarddrawn>
<tournamentcurrency>EUR</tournamentcurrency>
<currency>EUR</currency>
<nickname>oreiasccp</nickname>
<gamecount>33</gamecount>
<startdate>2025-06-16 09:54:04</startdate>
<place>1</place>
<win>€10</win>
<tablesize>3</tablesize>
</general>
<game gamecode="11514872205"><general><startdate>2025-06-16 09:54:19</startdate>
<round>1</round>
<failsafecounter/>
<players><player seat="10" name="gasgas" chips="500" dealer="0" win="0" bet="50" muck="1" rebuy="0" addon="0" merge="0" rebuychips="0" reg_code="8384850537"/>
<player seat="3" name="jnr87" chips="500" dealer="1" win="0" bet="50" muck="1" rebuy="0" addon="0" merge="0" rebuychips="0" reg_code="8384850513"/>
<player seat="6" name="oreiasccp" chips="500" dealer="0" win="150" bet="100" muck="1" rebuy="0" addon="0" merge="0" rebuychips="0" reg_code="8384850531"/>
</players>
</general>
<round no="0"><action no="1" player="oreiasccp" type="1" sum="10"/>
<action no="2" player="gasgas" type="2" discard="1" dealt="1" sum="20"/>
</round>
<round no="1"><cards type="Pocket" player="jnr87">X X</cards>
<cards type="Pocket" player="oreiasccp">S9 S10</cards>
<cards type="Pocket" player="gasgas">X X</cards>
<action no="3" player="jnr87" type="3" discard="1" dealt="1" sum="20"/>
<action no="4" player="oreiasccp" type="3" sum="10"/>
<action no="5" player="gasgas" type="4" discard="1" dealt="1" sum="0"/>
</round>
<round no="2"><cards type="Flop">DJ C7 C9</cards>
<action no="6" player="oreiasccp" type="4" sum="0"/>
<action no="7" player="gasgas" type="4" discard="1" dealt="1" sum="0"/>
<action no="8" player="jnr87" type="4" discard="1" dealt="1" sum="0"/>
</round>
<round no="3"><cards type="Turn">C5</cards>
<action no="9" player="oreiasccp" type="5" sum="30"/>
<action no="10" player="gasgas" type="3" discard="1" dealt="1" sum="30"/>
<action no="11" player="jnr87" type="3" discard="1" dealt="1" sum="30"/>
</round>
<round no="4"><cards type="River">D8</cards>
<action no="12" player="oreiasccp" type="5" sum="50"/>
<action no="13" player="gasgas" type="0" discard="1" dealt="1" sum="0"/>
<action no="14" player="jnr87" type="0" discard="1" dealt="1" sum="0"/>
</round>
</game>
<game gamecode="11514872302"><general><startdate>2025-06-16 09:54:55</startdate>
<round>1</round>
<failsafecounter/>
<players><player seat="3" name="jnr87" chips="450" dealer="0" win="0" bet="40" muck="1" rebuy="0" addon="0" merge="0" rebuychips="0" reg_code="8384850513"/>
<player seat="6" name="oreiasccp" chips="600" dealer="1" win="90" bet="60" muck="1" rebuy="0" addon="0" merge="0" rebuychips="0" reg_code="8384850531"/>
<player seat="10" name="gasgas" chips="450" dealer="0" win="0" bet="10" muck="1" rebuy="0" addon="0" merge="0" rebuychips="0" reg_code="8384850537"/>
</players>
</general>
<round no="0"><action no="1" player="gasgas" type="1" discard="1" dealt="1" sum="10"/>
<action no="2" player="jnr87" type="2" discard="1" dealt="1" sum="20"/>
</round>
<round no="1"><cards type="Pocket" player="oreiasccp">S8 D8</cards>
<cards type="Pocket" player="jnr87">X X</cards>
<cards type="Pocket" player="gasgas">X X</cards>
<action no="3" player="oreiasccp" type="23" sum="40"/>
<action no="4" player="gasgas" type="0" discard="1" dealt="1" sum="0"/>
<action no="5" player="jnr87" type="3" discard="1" dealt="1" sum="20"/>
</round>
<round no="2"><cards type="Flop">D10 CK C2</cards>
<action no="6" player="jnr87" type="4" discard="1" dealt="1" sum="0"/>
<action no="7" player="oreiasccp" type="5" sum="20"/>
<action no="8" player="jnr87" type="0" discard="1" dealt="1" sum="0"/>
</round>
</game>
<game gamecode="11514872345"><general><startdate>2025-06-16 09:55:10</startdate>
<round>1</round>
<failsafecounter/>
<players><player seat="6" name="oreiasccp" chips="650" dealer="0" win="120" bet="440" muck="1" rebuy="0" addon="0" merge="0" rebuychips="0" reg_code="8384850531"/>
<player seat="10" name="gasgas" chips="440" dealer="1" win="0" bet="40" muck="1" rebuy="0" addon="0" merge="0" rebuychips="0" reg_code="8384850537"/>
<player seat="3" name="jnr87" chips="410" dealer="0" win="0" bet="40" muck="1" rebuy="0" addon="0" merge="0" rebuychips="0" reg_code="8384850513"/>
</players>
</general>
<round no="0"><action no="1" player="jnr87" type="1" discard="1" dealt="1" sum="10"/>
<action no="2" player="oreiasccp" type="2" sum="20"/>
</round>
<round no="1"><cards type="Pocket" player="oreiasccp">CA H10</cards>
<cards type="Pocket" player="gasgas">X X</cards>
<cards type="Pocket" player="jnr87">X X</cards>
<action no="3" player="gasgas" type="23" discard="1" dealt="1" sum="40"/>
<action no="4" player="jnr87" type="3" discard="1" dealt="1" sum="30"/>
<action no="5" player="oreiasccp" type="23" sum="440"/>
<action no="6" player="gasgas" type="0" discard="1" dealt="1" sum="0"/>
<action no="7" player="jnr87" type="0" discard="1" dealt="1" sum="0"/>
</round>
</game>
<game gamecode="11514876240"><general><startdate>2025-06-16 09:55:23</startdate>
<round>1</round>
<failsafecounter/>
<players><player seat="10" name="gasgas" chips="400" dealer="0" win="200" bet="210" muck="1" rebuy="0" addon="0" merge="0" rebuychips="0" reg_code="8384850537"/>
<player seat="3" name="jnr87" chips="370" dealer="1" win="0" bet="20" muck="1" rebuy="0" addon="0" merge="0" rebuychips="0" reg_code="8384850513"/>
<player seat="6" name="oreiasccp" chips="730" dealer="0" win="0" bet="90" muck="1" rebuy="0" addon="0" merge="0" rebuychips="0" reg_code="8384850531"/>
</players>
</general>
<round no="0"><action no="1" player="oreiasccp" type="1" sum="10"/>
<action no="2" player="gasgas" type="2" discard="1" dealt="1" sum="20"/>
</round>
<round no="1"><cards type="Pocket" player="oreiasccp">H10 H8</cards>
<cards type="Pocket" player="gasgas">X X</cards>
<cards type="Pocket" player="jnr87">X X</cards>
<action no="3" player="jnr87" type="3" discard="1" dealt="1" sum="20"/>
<action no="4" player="oreiasccp" type="3" sum="10"/>
<action no="5" player="gasgas" type="4" discard="1" dealt="1" sum="0"/>
</round>
<round no="2"><cards type="Flop">C8 HQ S3</cards>
<action no="6" player="oreiasccp" type="4" sum="0"/>
<action no="7" player="gasgas" type="4" discard="1" dealt="1" sum="0"/>
<action no="8" player="jnr87" type="4" discard="1" dealt="1" sum="0"/>
</round>
<round no="3"><cards type="Turn">D6</cards>
<action no="9" player="oreiasccp" type="5" sum="30"/>
<action no="10" player="gasgas" type="23" discard="1" dealt="1" sum="70"/>
<action no="11" player="jnr87" type="0" discard="1" dealt="1" sum="0"/>
<action no="12" player="oreiasccp" type="3" sum="40"/>
</round>
<round no="4"><cards type="River">HJ</cards>
<action no="13" player="oreiasccp" type="4" sum="0"/>
<action no="14" player="gasgas" type="5" discard="1" dealt="1" sum="120"/>
<action no="15" player="oreiasccp" type="0" sum="0"/>
</round>
</game>
<game gamecode="11514876333"><general><startdate>2025-06-16 09:55:55</startdate>
<round>1</round>
<failsafecounter/>
<players><player seat="3" name="jnr87" chips="350" dealer="0" win="0" bet="20" muck="1" rebuy="0" addon="0" merge="0" rebuychips="0" reg_code="8384850513"/>
<player seat="6" name="oreiasccp" chips="640" dealer="1" win="0" bet="0" muck="1" rebuy="0" addon="0" merge="0" rebuychips="0" reg_code="8384850531"/>
<player seat="10" name="gasgas" chips="510" dealer="0" win="40" bet="50" muck="1" rebuy="0" addon="0" merge="0" rebuychips="0" reg_code="8384850537"/>
</players>
</general>
<round no="0"><action no="1" player="gasgas" type="1" discard="1" dealt="1" sum="10"/>
<action no="2" player="jnr87" type="2" discard="1" dealt="1" sum="20"/>
</round>
<round no="1"><cards type="Pocket" player="oreiasccp">C6 C10</cards>
<cards type="Pocket" player="jnr87">X X</cards>
<cards type="Pocket" player="gasgas">X X</cards>
<action no="3" player="oreiasccp" type="0" sum="0"/>
<action no="4" player="gasgas" type="23" discard="1" dealt="1" sum="50"/>
<action no="5" player="jnr87" type="0" discard="1" dealt="1" sum="0"/>
</round>
</game>
<game gamecode="11514876377"><general><startdate>2025-06-16 09:56:10</startdate>
<round>1</round>
<failsafecounter/>
<players><player seat="6" name="oreiasccp" chips="640" dealer="0" win="0" bet="220" muck="0" rebuy="0" addon="0" merge="0" rebuychips="0" reg_code="8384850531"/>
<player seat="10" name="gasgas" chips="530" dealer="1" win="0" bet="0" muck="1" rebuy="0" addon="0" merge="0" rebuychips="0" reg_code="8384850537"/>
<player seat="3" name="jnr87" chips="330" dealer="0" win="440" bet="220" muck="0" rebuy="0" addon="0" merge="0" rebuychips="0" reg_code="8384850513"/>
</players>
</general>
<round no="0"><action no="1" player="jnr87" type="1" discard="1" dealt="1" sum="10"/>
<action no="2" player="oreiasccp" type="2" sum="20"/>
</round>
<round no="1"><cards type="Pocket" player="gasgas">X X</cards>
<cards type="Pocket" player="jnr87">HJ H9</cards>
<cards type="Pocket" player="oreiasccp">D3 D5</cards>
<action no="3" player="gasgas" type="0" discard="1" dealt="1" sum="0"/>
<action no="4" player="jnr87" type="3" discard="1" dealt="1" sum="10"/>
<action no="5" player="oreiasccp" type="4" sum="0"/>
</round>
<round no="2"><cards type="Flop">S7 S9 H4</cards>
<action no="6" player="jnr87" type="4" discard="1" dealt="1" sum="0"/>
<action no="7" player="oreiasccp" type="4" sum="0"/>
</round>
<round no="3"><cards type="Turn">CJ</cards>
<action no="8" player="jnr87" type="4" discard="1" dealt="1" sum="0"/>
<action no="9" player="oreiasccp" type="5" sum="40"/>
<action no="10" player="jnr87" type="3" discard="1" dealt="1" sum="40"/>
</round>
<round no="4"><cards type="River">D9</cards>
<action no="11" player="jnr87" type="4" discard="1" dealt="1" sum="0"/>
<action no="12" player="oreiasccp" type="5" sum="160"/>
<action no="13" player="jnr87" type="3" discard="1" dealt="1" sum="160"/>
</round>
</game>
<game gamecode="11514876483"><general><startdate>2025-06-16 09:56:43</startdate>
<round>1</round>
<failsafecounter/>
<players><player seat="10" name="gasgas" chips="530" dealer="0" win="0" bet="35" muck="1" rebuy="0" addon="0" merge="0" rebuychips="0" reg_code="8384850537"/>
<player seat="3" name="jnr87" chips="550" dealer="1" win="0" bet="35" muck="1" rebuy="0" addon="0" merge="0" rebuychips="0" reg_code="8384850513"/>
<player seat="6" name="oreiasccp" chips="420" dealer="0" win="105" bet="420" muck="1" rebuy="0" addon="0" merge="0" rebuychips="0" reg_code="8384850531"/>
</players>
</general>
<round no="0"><action no="1" player="oreiasccp" type="15" sum="5"/>
<action no="2" player="gasgas" type="15" discard="1" dealt="1" sum="5"/>
<action no="3" player="jnr87" type="15" discard="1" dealt="1" sum="5"/>
<action no="4" player="oreiasccp" type="1" sum="15"/>
<action no="5" player="gasgas" type="2" discard="1" dealt="1" sum="30"/>
</round>
<round no="1"><cards type="Pocket" player="gasgas">X X</cards>
<cards type="Pocket" player="jnr87">X X</cards>
<cards type="Pocket" player="oreiasccp">DK DJ</cards>
<action no="6" player="jnr87" type="3" discard="1" dealt="1" sum="30"/>
<action no="7" player="oreiasccp" type="23" sum="415"/>
<action no="8" player="gasgas" type="0" discard="1" dealt="1" sum="0"/>
<action no="9" player="jnr87" type="0" discard="1" dealt="1" sum="0"/>
</round>
</game>
<game gamecode="11514876521"><general><startdate>2025-06-16 09:56:55</startdate>
<round>1</round>
<failsafecounter/>
<players><player seat="3" name="jnr87" chips="515" dealer="0" win="45" bet="35" muck="1" rebuy="0" addon="0" merge="0" rebuychips="0" reg_code="8384850513"/>
<player seat="6" name="oreiasccp" chips="490" dealer="1" win="0" bet="5" muck="1" rebuy="0" addon="0" merge="0" rebuychips="0" reg_code="8384850531"/>
<player seat="10" name="gasgas" chips="495" dealer="0" win="0" bet="20" muck="1" rebuy="0" addon="0" merge="0" rebuychips="0" reg_code="8384850537"/>
</players>
</general>
<round no="0"><action no="1" player="gasgas" type="15" discard="1" dealt="1" sum="5"/>
<action no="2" player="jnr87" type="15" discard="1" dealt="1" sum="5"/>
<action no="3" player="oreiasccp" type="15" sum="5"/>
<action no="4" player="gasgas" type="1" discard="1" dealt="1" sum="15"/>
<action no="5" player="jnr87" type="2" discard="1" dealt="1" sum="30"/>
</round>
<round no="1"><cards type="Pocket" player="jnr87">X X</cards>
<cards type="Pocket" player="oreiasccp">S9 D8</cards>
<cards type="Pocket" player="gasgas">X X</cards>
<action no="6" player="oreiasccp" type="0" sum="0"/>
<action no="7" player="gasgas" type="0" discard="1" dealt="1" sum="0"/>
</round>
</game>
<game gamecode="11514876558"><general><startdate>2025-06-16 09:57:08</startdate>
<round>1</round>
<failsafecounter/>
<players><player seat="6" name="oreiasccp" chips="485" dealer="0" win="75" bet="485" muck="1" rebuy="0" addon="0" merge="0" rebuychips="0" reg_code="8384850531"/>
<player seat="10" name="gasgas" chips="475" dealer="1" win="0" bet="5" muck="1" rebuy="0" addon="0" merge="0" rebuychips="0" reg_code="8384850537"/>
<player seat="3" name="jnr87" chips="540" dealer="0" win="0" bet="35" muck="1" rebuy="0" addon="0" merge="0" rebuychips="0" reg_code="8384850513"/>
</players>
</general>
<round no="0"><action no="1" player="jnr87" type="15" discard="1" dealt="1" sum="5"/>
<action no="2" player="oreiasccp" type="15" sum="5"/>
<action no="3" player="gasgas" type="15" discard="1" dealt="1" sum="5"/>
<action no="4" player="jnr87" type="1" discard="1" dealt="1" sum="15"/>
<action no="5" player="oreiasccp" type="2" sum="30"/>
</round>
<round no="1"><cards type="Pocket" player="gasgas">X X</cards>
<cards type="Pocket" player="jnr87">X X</cards>
<cards type="Pocket" player="oreiasccp">CA D8</cards>
<action no="6" player="gasgas" type="0" discard="1" dealt="1" sum="0"/>
<action no="7" player="jnr87" type="3" discard="1" dealt="1" sum="15"/>
<action no="8" player="oreiasccp" type="23" sum="480"/>
<action no="9" player="jnr87" type="0" discard="1" dealt="1" sum="0"/>
</round>
</game>
<game gamecode="11514876592"><general><startdate>2025-06-16 09:57:20</startdate>
<round>1</round>
<failsafecounter/>
<players><player seat="10" name="gasgas" chips="470" dealer="0" win="0" bet="35" muck="1" rebuy="0" addon="0" merge="0" rebuychips="0" reg_code="8384850537"/>
<player seat="3" name="jnr87" chips="505" dealer="1" win="0" bet="35" muck="1" rebuy="0" addon="0" merge="0" rebuychips="0" reg_code="8384850513"/>
<player seat="6" name="oreiasccp" chips="525" dealer="0" win="105" bet="65" muck="1" rebuy="0" addon="0" merge="0" rebuychips="0" reg_code="8384850531"/>
</players>
</general>
<round no="0"><action no="1" player="oreiasccp" type="15" sum="5"/>
<action no="2" player="gasgas" type="15" discard="1" dealt="1" sum="5"/>
<action no="3" player="jnr87" type="15" discard="1" dealt="1" sum="5"/>
<action no="4" player="oreiasccp" type="1" sum="15"/>
<action no="5" player="gasgas" type="2" discard="1" dealt="1" sum="30"/>
</round>
<round no="1"><cards type="Pocket" player="gasgas">X X</cards>
<cards type="Pocket" player="oreiasccp">HK C7</cards>
<cards type="Pocket" player="jnr87">X X</cards>
<action no="6" player="jnr87" type="3" discard="1" dealt="1" sum="30"/>
<action no="7" player="oreiasccp" type="3" sum="15"/>
<action no="8" player="gasgas" type="4" discard="1" dealt="1" sum="0"/>
</round>
<round no="2"><cards type="Flop">H10 DK D9</cards>
<action no="9" player="oreiasccp" type="5" sum="30"/>
<action no="10" player="gasgas" type="0" discard="1" dealt="1" sum="0"/>
<action no="11" player="jnr87" type="0" discard="1" dealt="1" sum="0"/>
</round>
</game>
<game gamecode="11514876647"><general><startdate>2025-06-16 09:57:39</startdate>
<round>1</round>
<failsafecounter/>
<players><player seat="3" name="jnr87" chips="470" dealer="0" win="45" bet="35" muck="1" rebuy="0" addon="0" merge="0" rebuychips="0" reg_code="8384850513"/>
<player seat="6" name="oreiasccp" chips="595" dealer="1" win="0" bet="5" muck="1" rebuy="0" addon="0" merge="0" rebuychips="0" reg_code="8384850531"/>
<player seat="10" name="gasgas" chips="435" dealer="0" win="0" bet="20" muck="1" rebuy="0" addon="0" merge="0" rebuychips="0" reg_code="8384850537"/>
</players>
</general>
<round no="0"><action no="1" player="gasgas" type="15" discard="1" dealt="1" sum="5"/>
<action no="2" player="jnr87" type="15" discard="1" dealt="1" sum="5"/>
<action no="3" player="oreiasccp" type="15" sum="5"/>
<action no="4" player="gasgas" type="1" discard="1" dealt="1" sum="15"/>
<action no="5" player="jnr87" type="2" discard="1" dealt="1" sum="30"/>
</round>
<round no="1"><cards type="Pocket" player="jnr87">X X</cards>
<cards type="Pocket" player="oreiasccp">S8 CJ</cards>
<cards type="Pocket" player="gasgas">X X</cards>
<action no="6" player="oreiasccp" type="0" sum="0"/>
<action no="7" player="gasgas" type="0" discard="1" dealt="1" sum="0"/>
</round>
</game>
<game gamecode="11514876668"><general><startdate>2025-06-16 09:57:47</startdate>
<round>1</round>
<failsafecounter/>
<players><player seat="6" name="oreiasccp" chips="590" dealer="0" win="75" bet="80" muck="1" rebuy="0" addon="0" merge="0" rebuychips="0" reg_code="8384850531"/>
<player seat="10" name="gasgas" chips="415" dealer="1" win="0" bet="5" muck="1" rebuy="0" addon="0" merge="0" rebuychips="0" reg_code="8384850537"/>
<player seat="3" name="jnr87" chips="495" dealer="0" win="0" bet="35" muck="1" rebuy="0" addon="0" merge="0" rebuychips="0" reg_code="8384850513"/>
</players>
</general>
<round no="0"><action no="1" player="jnr87" type="15" discard="1" dealt="1" sum="5"/>
<action no="2" player="oreiasccp" type="15" sum="5"/>
<action no="3" player="gasgas" type="15" discard="1" dealt="1" sum="5"/>
<action no="4" player="jnr87" type="1" discard="1" dealt="1" sum="15"/>
<action no="5" player="oreiasccp" type="2" sum="30"/>
</round>
<round no="1"><cards type="Pocket" player="oreiasccp">SK DQ</cards>
<cards type="Pocket" player="gasgas">X X</cards>
<cards type="Pocket" player="jnr87">X X</cards>
<action no="6" player="gasgas" type="0" discard="1" dealt="1" sum="0"/>
<action no="7" player="jnr87" type="3" discard="1" dealt="1" sum="15"/>
<action no="8" player="oreiasccp" type="23" sum="75"/>
<action no="9" player="jnr87" type="0" discard="1" dealt="1" sum="0"/>
</round>
</game>
<game gamecode="11514876702"><general><startdate>2025-06-16 09:57:58</startdate>
<round>1</round>
<failsafecounter/>
<players><player seat="10" name="gasgas" chips="410" dealer="0" win="0" bet="35" muck="1" rebuy="0" addon="0" merge="0" rebuychips="0" reg_code="8384850537"/>
<player seat="3" name="jnr87" chips="460" dealer="1" win="0" bet="35" muck="1" rebuy="0" addon="0" merge="0" rebuychips="0" reg_code="8384850513"/>
<player seat="6" name="oreiasccp" chips="630" dealer="0" win="105" bet="460" muck="1" rebuy="0" addon="0" merge="0" rebuychips="0" reg_code="8384850531"/>
</players>
</general>
<round no="0"><action no="1" player="oreiasccp" type="15" sum="5"/>
<action no="2" player="gasgas" type="15" discard="1" dealt="1" sum="5"/>
<action no="3" player="jnr87" type="15" discard="1" dealt="1" sum="5"/>
<action no="4" player="oreiasccp" type="1" sum="15"/>
<action no="5" player="gasgas" type="2" discard="1" dealt="1" sum="30"/>
</round>
<round no="1"><cards type="Pocket" player="jnr87">X X</cards>
<cards type="Pocket" player="gasgas">X X</cards>
<cards type="Pocket" player="oreiasccp">D6 C6</cards>
<action no="6" player="jnr87" type="3" discard="1" dealt="1" sum="30"/>
<action no="7" player="oreiasccp" type="23" sum="455"/>
<action no="8" player="gasgas" type="0" discard="1" dealt="1" sum="0"/>
<action no="9" player="jnr87" type="0" discard="1" dealt="1" sum="0"/>
</round>
</game>
<game gamecode="11514876744"><general><startdate>2025-06-16 09:58:09</startdate>
<round>1</round>
<failsafecounter/>
<players><player seat="3" name="jnr87" chips="425" dealer="0" win="0" bet="35" muck="1" rebuy="0" addon="0" merge="0" rebuychips="0" reg_code="8384850513"/>
<player seat="6" name="oreiasccp" chips="700" dealer="1" win="0" bet="5" muck="1" rebuy="0" addon="0" merge="0" rebuychips="0" reg_code="8384850531"/>
<player seat="10" name="gasgas" chips="375" dealer="0" win="75" bet="375" muck="1" rebuy="0" addon="0" merge="0" rebuychips="0" reg_code="8384850537"/>
</players>
</general>
<round no="0"><action no="1" player="gasgas" type="15" discard="1" dealt="1" sum="5"/>
<action no="2" player="jnr87" type="15" discard="1" dealt="1" sum="5"/>
<action no="3" player="oreiasccp" type="15" sum="5"/>
<action no="4" player="gasgas" type="1" discard="1" dealt="1" sum="15"/>
<action no="5" player="jnr87" type="2" discard="1" dealt="1" sum="30"/>
</round>
<round no="1"><cards type="Pocket" player="gasgas">X X</cards>
<cards type="Pocket" player="jnr87">X X</cards>
<cards type="Pocket" player="oreiasccp">S6 DQ</cards>
<action no="6" player="oreiasccp" type="0" sum="0"/>
<action no="7" player="gasgas" type="23" discard="1" dealt="1" sum="370"/>
<action no="8" player="jnr87" type="0" discard="1" dealt="1" sum="0"/>
</round>
</game>
<game gamecode="11514876775"><general><startdate>2025-06-16 09:58:19</startdate>
<round>1</round>
<failsafecounter/>
<players><player seat="6" name="oreiasccp" chips="695" dealer="0" win="175" bet="85" muck="0" rebuy="0" addon="0" merge="0" rebuychips="0" reg_code="8384850531"/>
<player seat="10" name="gasgas" chips="415" dealer="1" win="0" bet="5" muck="1" rebuy="0" addon="0" merge="0" rebuychips="0" reg_code="8384850537"/>
<player seat="3" name="jnr87" chips="390" dealer="0" win="0" bet="85" muck="1" rebuy="0" addon="0" merge="0" rebuychips="0" reg_code="8384850513"/>
</players>
</general>
<round no="0"><action no="1" player="jnr87" type="15" discard="1" dealt="1" sum="5"/>
<action no="2" player="oreiasccp" type="15" sum="5"/>
<action no="3" player="gasgas" type="15" discard="1" dealt="1" sum="5"/>
<action no="4" player="jnr87" type="1" discard="1" dealt="1" sum="20"/>
<action no="5" player="oreiasccp" type="2" sum="40"/>
</round>
<round no="1"><cards type="Pocket" player="oreiasccp">C9 D2</cards>
<cards type="Pocket" player="gasgas">X X</cards>
<cards type="Pocket" player="jnr87">C7 S10</cards>
<action no="6" player="gasgas" type="0" discard="1" dealt="1" sum="0"/>
<action no="7" player="jnr87" type="3" discard="1" dealt="1" sum="20"/>
<action no="8" player="oreiasccp" type="4" sum="0"/>
</round>
<round no="2"><cards type="Flop">DK H7 S9</cards>
<action no="9" player="jnr87" type="4" discard="1" dealt="1" sum="0"/>
<action no="10" player="oreiasccp" type="4" sum="0"/>
</round>
<round no="3"><cards type="Turn">H4</cards>
<action no="11" player="jnr87" type="4" discard="1" dealt="1" sum="0"/>
<action no="12" player="oreiasccp" type="5" sum="40"/>
<action no="13" player="jnr87" type="3" discard="1" dealt="1" sum="40"/>
</round>
<round no="4"><cards type="River">HJ</cards>
<action no="14" player="jnr87" type="4" discard="1" dealt="1" sum="0"/>
<action no="15" player="oreiasccp" type="4" sum="0"/>
</round>
</game>
<game gamecode="11514876838"><general><startdate>2025-06-16 09:58:41</startdate>
<round>1</round>
<failsafecounter/>
<players><player seat="10" name="gasgas" chips="410" dealer="0" win="115" bet="105" muck="1" rebuy="0" addon="0" merge="0" rebuychips="0" reg_code="8384850537"/>
<player seat="3" name="jnr87" chips="305" dealer="1" win="0" bet="45" muck="1" rebuy="0" addon="0" merge="0" rebuychips="0" reg_code="8384850513"/>
<player seat="6" name="oreiasccp" chips="785" dealer="0" win="0" bet="25" muck="1" rebuy="0" addon="0" merge="0" rebuychips="0" reg_code="8384850531"/>
</players>
</general>
<round no="0"><action no="1" player="oreiasccp" type="15" sum="5"/>
<action no="2" player="gasgas" type="15" discard="1" dealt="1" sum="5"/>
<action no="3" player="jnr87" type="15" discard="1" dealt="1" sum="5"/>
<action no="4" player="oreiasccp" type="1" sum="20"/>
<action no="5" player="gasgas" type="2" discard="1" dealt="1" sum="40"/>
</round>
<round no="1"><cards type="Pocket" player="gasgas">X X</cards>
<cards type="Pocket" player="oreiasccp">C6 D8</cards>
<cards type="Pocket" player="jnr87">X X</cards>
<action no="6" player="jnr87" type="3" discard="1" dealt="1" sum="40"/>
<action no="7" player="oreiasccp" type="0" sum="0"/>
<action no="8" player="gasgas" type="4" discard="1" dealt="1" sum="0"/>
</round>
<round no="2"><cards type="Flop">S3 CK HK</cards>
<action no="9" player="gasgas" type="4" discard="1" dealt="1" sum="0"/>
<action no="10" player="jnr87" type="4" discard="1" dealt="1" sum="0"/>
</round>
<round no="3"><cards type="Turn">C4</cards>
<action no="11" player="gasgas" type="4" discard="1" dealt="1" sum="0"/>
<action no="12" player="jnr87" type="4" discard="1" dealt="1" sum="0"/>
</round>
<round no="4"><cards type="River">D7</cards>
<action no="13" player="gasgas" type="5" discard="1" dealt="1" sum="60"/>
<action no="14" player="jnr87" type="0" discard="1" dealt="1" sum="0"/>
</round>
</game>
<game gamecode="11514876916"><general><startdate>2025-06-16 09:59:06</startdate>
<round>1</round>
<failsafecounter/>
<players><player seat="3" name="jnr87" chips="260" dealer="0" win="0" bet="45" muck="1" rebuy="0" addon="0" merge="0" rebuychips="0" reg_code="8384850513"/>
<player seat="6" name="oreiasccp" chips="760" dealer="1" win="0" bet="5" muck="1" rebuy="0" addon="0" merge="0" rebuychips="0" reg_code="8384850531"/>
<player seat="10" name="gasgas" chips="480" dealer="0" win="95" bet="480" muck="1" rebuy="0" addon="0" merge="0" rebuychips="0" reg_code="8384850537"/>
</players>
</general>
<round no="0"><action no="1" player="gasgas" type="15" discard="1" dealt="1" sum="5"/>
<action no="2" player="jnr87" type="15" discard="1" dealt="1" sum="5"/>
<action no="3" player="oreiasccp" type="15" sum="5"/>
<action no="4" player="gasgas" type="1" discard="1" dealt="1" sum="20"/>
<action no="5" player="jnr87" type="2" discard="1" dealt="1" sum="40"/>
</round>
<round no="1"><cards type="Pocket" player="oreiasccp">C4 DQ</cards>
<cards type="Pocket" player="gasgas">X X</cards>
<cards type="Pocket" player="jnr87">X X</cards>
<action no="6" player="oreiasccp" type="0" sum="0"/>
<action no="7" player="gasgas" type="23" discard="1" dealt="1" sum="475"/>
<action no="8" player="jnr87" type="0" discard="1" dealt="1" sum="0"/>
</round>
</game>
<game gamecode="11514876962"><general><startdate>2025-06-16 09:59:23</startdate>
<round>1</round>
<failsafecounter/>
<players><player seat="6" name="oreiasccp" chips="755" dealer="0" win="1,085" bet="530" muck="0" rebuy="0" addon="0" merge="0" rebuychips="0" reg_code="8384850531"/>
<player seat="10" name="gasgas" chips="530" dealer="1" win="0" bet="530" muck="0" rebuy="0" addon="0" merge="0" rebuychips="0" reg_code="8384850537"/>
<player seat="3" name="jnr87" chips="215" dealer="0" win="0" bet="25" muck="1" rebuy="0" addon="0" merge="0" rebuychips="0" reg_code="8384850513"/>
</players>
</general>
<round no="0"><action no="1" player="jnr87" type="15" discard="1" dealt="1" sum="5"/>
<action no="2" player="oreiasccp" type="15" sum="5"/>
<action no="3" player="gasgas" type="15" discard="1" dealt="1" sum="5"/>
<action no="4" player="jnr87" type="1" discard="1" dealt="1" sum="20"/>
<action no="5" player="oreiasccp" type="2" sum="40"/>
</round>
<round no="1"><cards type="Pocket" player="gasgas">H6 HK</cards>
<cards type="Pocket" player="oreiasccp">D9 D7</cards>
<cards type="Pocket" player="jnr87">X X</cards>
<action no="6" player="gasgas" type="23" discard="1" dealt="1" sum="80"/>
<action no="7" player="jnr87" type="0" discard="1" dealt="1" sum="0"/>
<action no="8" player="oreiasccp" type="3" sum="40"/>
</round>
<round no="2"><cards type="Flop">D6 H9 DJ</cards>
<action no="9" player="oreiasccp" type="4" sum="0"/>
<action no="10" player="gasgas" type="4" discard="1" dealt="1" sum="0"/>
</round>
<round no="3"><cards type="Turn">DK</cards>
<action no="11" player="oreiasccp" type="5" sum="168"/>
<action no="12" player="gasgas" type="23" discard="1" dealt="1" sum="445"/>
<action no="13" player="oreiasccp" type="3" sum="277"/>
</round>
<round no="4"><cards type="River">D3</cards>
</round>
</game>
<game gamecode="11514877059"><general><startdate>2025-06-16 09:59:53</startdate>
<round>1</round>
<failsafecounter/>
<players><player seat="6" name="oreiasccp" chips="1,310" dealer="0" win="0" bet="85" muck="1" rebuy="0" addon="0" merge="0" rebuychips="0" reg_code="8384850531"/>
<player seat="3" name="jnr87" chips="190" dealer="1" win="170" bet="85" muck="0" rebuy="0" addon="0" merge="0" rebuychips="0" reg_code="8384850513"/>
</players>
</general>
<round no="0"><action no="1" player="jnr87" type="15" discard="1" dealt="1" sum="5"/>
<action no="2" player="oreiasccp" type="15" sum="5"/>
<action no="3" player="jnr87" type="1" discard="1" dealt="1" sum="20"/>
<action no="4" player="oreiasccp" type="2" sum="40"/>
</round>
<round no="1"><cards type="Pocket" player="jnr87">DA CK</cards>
<cards type="Pocket" player="oreiasccp">D7 S6</cards>
<action no="5" player="jnr87" type="3" discard="1" dealt="1" sum="20"/>
<action no="6" player="oreiasccp" type="4" sum="0"/>
</round>
<round no="2"><cards type="Flop">H3 C10 SA</cards>
<action no="7" player="oreiasccp" type="4" sum="0"/>
<action no="8" player="jnr87" type="4" discard="1" dealt="1" sum="0"/>
</round>
<round no="3"><cards type="Turn">D8</cards>
<action no="9" player="oreiasccp" type="5" sum="40"/>
<action no="10" player="jnr87" type="3" discard="1" dealt="1" sum="40"/>
</round>
<round no="4"><cards type="River">DK</cards>
<action no="11" player="oreiasccp" type="4" sum="0"/>
<action no="12" player="jnr87" type="4" discard="1" dealt="1" sum="0"/>
</round>
</game>
<game gamecode="11514877114"><general><startdate>2025-06-16 10:00:13</startdate>
<round>1</round>
<failsafecounter/>
<players><player seat="3" name="jnr87" chips="275" dealer="0" win="250" bet="125" muck="0" rebuy="0" addon="0" merge="0" rebuychips="0" reg_code="8384850513"/>
<player seat="6" name="oreiasccp" chips="1,225" dealer="1" win="0" bet="125" muck="0" rebuy="0" addon="0" merge="0" rebuychips="0" reg_code="8384850531"/>
</players>
</general>
<round no="0"><action no="1" player="oreiasccp" type="15" sum="5"/>
<action no="2" player="jnr87" type="15" discard="1" dealt="1" sum="5"/>
<action no="3" player="oreiasccp" type="1" sum="20"/>
<action no="4" player="jnr87" type="2" discard="1" dealt="1" sum="40"/>
</round>
<round no="1"><cards type="Pocket" player="oreiasccp">C7 C9</cards>
<cards type="Pocket" player="jnr87">H8 D5</cards>
<action no="5" player="oreiasccp" type="3" sum="20"/>
<action no="6" player="jnr87" type="4" discard="1" dealt="1" sum="0"/>
</round>
<round no="2"><cards type="Flop">S2 S4 C8</cards>
<action no="7" player="jnr87" type="4" discard="1" dealt="1" sum="0"/>
<action no="8" player="oreiasccp" type="4" sum="0"/>
</round>
<round no="3"><cards type="Turn">S5</cards>
<action no="9" player="jnr87" type="5" discard="1" dealt="1" sum="40"/>
<action no="10" player="oreiasccp" type="3" sum="40"/>
</round>
<round no="4"><cards type="River">D9</cards>
<action no="11" player="jnr87" type="4" discard="1" dealt="1" sum="0"/>
<action no="12" player="oreiasccp" type="5" sum="40"/>
<action no="13" player="jnr87" type="3" discard="1" dealt="1" sum="40"/>
</round>
</game>
<game gamecode="11514877185"><general><startdate>2025-06-16 10:00:38</startdate>
<round>1</round>
<failsafecounter/>
<players><player seat="6" name="oreiasccp" chips="1,100" dealer="0" win="130" bet="125" muck="1" rebuy="0" addon="0" merge="0" rebuychips="0" reg_code="8384850531"/>
<player seat="3" name="jnr87" chips="400" dealer="1" win="0" bet="65" muck="1" rebuy="0" addon="0" merge="0" rebuychips="0" reg_code="8384850513"/>
</players>
</general>
<round no="0"><action no="1" player="jnr87" type="15" discard="1" dealt="1" sum="5"/>
<action no="2" player="oreiasccp" type="15" sum="5"/>
<action no="3" player="jnr87" type="1" discard="1" dealt="1" sum="30"/>
<action no="4" player="oreiasccp" type="2" sum="60"/>
</round>
<round no="1"><cards type="Pocket" player="jnr87">X X</cards>
<cards type="Pocket" player="oreiasccp">C10 D9</cards>
<action no="5" player="jnr87" type="3" discard="1" dealt="1" sum="30"/>
<action no="6" player="oreiasccp" type="4" sum="0"/>
</round>
<round no="2"><cards type="Flop">D3 C5 C8</cards>
<action no="7" player="oreiasccp" type="4" sum="0"/>
<action no="8" player="jnr87" type="4" discard="1" dealt="1" sum="0"/>
</round>
<round no="3"><cards type="Turn">SA</cards>
<action no="9" player="oreiasccp" type="4" sum="0"/>
<action no="10" player="jnr87" type="4" discard="1" dealt="1" sum="0"/>
</round>
<round no="4"><cards type="River">H7</cards>
<action no="11" player="oreiasccp" type="5" sum="60"/>
<action no="12" player="jnr87" type="0" discard="1" dealt="1" sum="0"/>
</round>
</game>
<game gamecode="11514877243"><general><startdate>2025-06-16 10:00:58</startdate>
<round>1</round>
<failsafecounter/>
<players><player seat="3" name="jnr87" chips="335" dealer="0" win="70" bet="65" muck="1" rebuy="0" addon="0" merge="0" rebuychips="0" reg_code="8384850513"/>
<player seat="6" name="oreiasccp" chips="1,165" dealer="1" win="0" bet="35" muck="1" rebuy="0" addon="0" merge="0" rebuychips="0" reg_code="8384850531"/>
</players>
</general>
<round no="0"><action no="1" player="oreiasccp" type="15" sum="5"/>
<action no="2" player="jnr87" type="15" discard="1" dealt="1" sum="5"/>
<action no="3" player="oreiasccp" type="1" sum="30"/>
<action no="4" player="jnr87" type="2" discard="1" dealt="1" sum="60"/>
</round>
<round no="1"><cards type="Pocket" player="jnr87">X X</cards>
<cards type="Pocket" player="oreiasccp">C6 H3</cards>
<action no="5" player="oreiasccp" type="0" sum="0"/>
</round>
</game>
<game gamecode="11514877260"><general><startdate>2025-06-16 10:01:03</startdate>
<round>1</round>
<failsafecounter/>
<players><player seat="6" name="oreiasccp" chips="1,130" dealer="0" win="70" bet="65" muck="1" rebuy="0" addon="0" merge="0" rebuychips="0" reg_code="8384850531"/>
<player seat="3" name="jnr87" chips="370" dealer="1" win="0" bet="35" muck="1" rebuy="0" addon="0" merge="0" rebuychips="0" reg_code="8384850513"/>
</players>
</general>
<round no="0"><action no="1" player="jnr87" type="15" discard="1" dealt="1" sum="5"/>
<action no="2" player="oreiasccp" type="15" sum="5"/>
<action no="3" player="jnr87" type="1" discard="1" dealt="1" sum="30"/>
<action no="4" player="oreiasccp" type="2" sum="60"/>
</round>
<round no="1"><cards type="Pocket" player="jnr87">X X</cards>
<cards type="Pocket" player="oreiasccp">D2 C10</cards>
<action no="5" player="jnr87" type="0" discard="1" dealt="1" sum="0"/>
</round>
</game>
<game gamecode="11514877283"><general><startdate>2025-06-16 10:01:09</startdate>
<round>1</round>
<failsafecounter/>
<players><player seat="3" name="jnr87" chips="335" dealer="0" win="670" bet="335" muck="0" rebuy="0" addon="0" merge="0" rebuychips="0" reg_code="8384850513"/>
<player seat="6" name="oreiasccp" chips="1,165" dealer="1" win="0" bet="335" muck="1" rebuy="0" addon="0" merge="0" rebuychips="0" reg_code="8384850531"/>
</players>
</general>
<round no="0"><action no="1" player="oreiasccp" type="15" sum="5"/>
<action no="2" player="jnr87" type="15" discard="1" dealt="1" sum="5"/>
<action no="3" player="oreiasccp" type="1" sum="30"/>
<action no="4" player="jnr87" type="2" discard="1" dealt="1" sum="60"/>
</round>
<round no="1"><cards type="Pocket" player="oreiasccp">D6 D8</cards>
<cards type="Pocket" player="jnr87">SA S10</cards>
<action no="5" player="oreiasccp" type="23" sum="330"/>
<action no="6" player="jnr87" type="7" discard="1" dealt="1" sum="270"/>
</round>
<round no="2"><cards type="Flop">H7 HQ DQ</cards>
</round>
<round no="3"><cards type="Turn">S2</cards>
</round>
<round no="4"><cards type="River">C2</cards>
</round>
</game>
<game gamecode="11514877329"><general><startdate>2025-06-16 10:01:25</startdate>
<round>1</round>
<failsafecounter/>
<players><player seat="6" name="oreiasccp" chips="830" dealer="0" win="130" bet="125" muck="1" rebuy="0" addon="0" merge="0" rebuychips="0" reg_code="8384850531"/>
<player seat="3" name="jnr87" chips="670" dealer="1" win="0" bet="65" muck="1" rebuy="0" addon="0" merge="0" rebuychips="0" reg_code="8384850513"/>
</players>
</general>
<round no="0"><action no="1" player="jnr87" type="15" discard="1" dealt="1" sum="5"/>
<action no="2" player="oreiasccp" type="15" sum="5"/>
<action no="3" player="jnr87" type="1" discard="1" dealt="1" sum="30"/>
<action no="4" player="oreiasccp" type="2" sum="60"/>
</round>
<round no="1"><cards type="Pocket" player="oreiasccp">C8 D2</cards>
<cards type="Pocket" player="jnr87">X X</cards>
<action no="5" player="jnr87" type="3" discard="1" dealt="1" sum="30"/>
<action no="6" player="oreiasccp" type="4" sum="0"/>
</round>
<round no="2"><cards type="Flop">S10 S3 SJ</cards>
<action no="7" player="oreiasccp" type="4" sum="0"/>
<action no="8" player="jnr87" type="4" discard="1" dealt="1" sum="0"/>
</round>
<round no="3"><cards type="Turn">DA</cards>
<action no="9" player="oreiasccp" type="4" sum="0"/>
<action no="10" player="jnr87" type="4" discard="1" dealt="1" sum="0"/>
</round>
<round no="4"><cards type="River">S9</cards>
<action no="11" player="oreiasccp" type="5" sum="60"/>
<action no="12" player="jnr87" type="0" discard="1" dealt="1" sum="0"/>
</round>
</game>
<game gamecode="11514877386"><general><startdate>2025-06-16 10:01:44</startdate>
<round>1</round>
<failsafecounter/>
<players><player seat="3" name="jnr87" chips="605" dealer="0" win="0" bet="65" muck="1" rebuy="0" addon="0" merge="0" rebuychips="0" reg_code="8384850513"/>
<player seat="6" name="oreiasccp" chips="895" dealer="1" win="130" bet="125" muck="1" rebuy="0" addon="0" merge="0" rebuychips="0" reg_code="8384850531"/>
</players>
</general>
<round no="0"><action no="1" player="oreiasccp" type="15" sum="5"/>
<action no="2" player="jnr87" type="15" discard="1" dealt="1" sum="5"/>
<action no="3" player="oreiasccp" type="1" sum="30"/>
<action no="4" player="jnr87" type="2" discard="1" dealt="1" sum="60"/>
</round>
<round no="1"><cards type="Pocket" player="jnr87">X X</cards>
<cards type="Pocket" player="oreiasccp">D7 SQ</cards>
<action no="5" player="oreiasccp" type="3" sum="30"/>
<action no="6" player="jnr87" type="4" discard="1" dealt="1" sum="0"/>
</round>
<round no="2"><cards type="Flop">C10 H3 CA</cards>
<action no="7" player="jnr87" type="4" discard="1" dealt="1" sum="0"/>
<action no="8" player="oreiasccp" type="5" sum="60"/>
<action no="9" player="jnr87" type="0" discard="1" dealt="1" sum="0"/>
</round>
</game>
<game gamecode="11514877415"><general><startdate>2025-06-16 10:01:56</startdate>
<round>1</round>
<failsafecounter/>
<players><player seat="6" name="oreiasccp" chips="960" dealer="0" win="0" bet="305" muck="1" rebuy="0" addon="0" merge="0" rebuychips="0" reg_code="8384850531"/>
<player seat="3" name="jnr87" chips="540" dealer="1" win="610" bet="305" muck="0" rebuy="0" addon="0" merge="0" rebuychips="0" reg_code="8384850513"/>
</players>
</general>
<round no="0"><action no="1" player="jnr87" type="15" discard="1" dealt="1" sum="5"/>
<action no="2" player="oreiasccp" type="15" sum="5"/>
<action no="3" player="jnr87" type="1" discard="1" dealt="1" sum="30"/>
<action no="4" player="oreiasccp" type="2" sum="60"/>
</round>
<round no="1"><cards type="Pocket" player="jnr87">CA DJ</cards>
<cards type="Pocket" player="oreiasccp">DA D5</cards>
<action no="5" player="jnr87" type="3" discard="1" dealt="1" sum="30"/>
<action no="6" player="oreiasccp" type="23" sum="240"/>
<action no="7" player="jnr87" type="3" discard="1" dealt="1" sum="180"/>
</round>
<round no="2"><cards type="Flop">CQ HJ S10</cards>
<action no="8" player="oreiasccp" type="5" sum="60"/>
<action no="9" player="jnr87" type="3" discard="1" dealt="1" sum="60"/>
</round>
<round no="3"><cards type="Turn">C8</cards>
<action no="10" player="oreiasccp" type="4" sum="0"/>
<action no="11" player="jnr87" type="4" discard="1" dealt="1" sum="0"/>
</round>
<round no="4"><cards type="River">C7</cards>
<action no="12" player="oreiasccp" type="4" sum="0"/>
<action no="13" player="jnr87" type="4" discard="1" dealt="1" sum="0"/>
</round>
</game>
<game gamecode="11514877487"><general><startdate>2025-06-16 10:02:22</startdate>
<round>1</round>
<failsafecounter/>
<players><player seat="3" name="jnr87" chips="845" dealer="0" win="0" bet="168" muck="1" rebuy="0" addon="0" merge="0" rebuychips="0" reg_code="8384850513"/>
<player seat="6" name="oreiasccp" chips="655" dealer="1" win="336" bet="168" muck="0" rebuy="0" addon="0" merge="0" rebuychips="0" reg_code="8384850531"/>
</players>
</general>
<round no="0"><action no="1" player="oreiasccp" type="15" sum="8"/>
<action no="2" player="jnr87" type="15" discard="1" dealt="1" sum="8"/>
<action no="3" player="oreiasccp" type="1" sum="40"/>
<action no="4" player="jnr87" type="2" discard="1" dealt="1" sum="80"/>
</round>
<round no="1"><cards type="Pocket" player="oreiasccp">S7 C10</cards>
<cards type="Pocket" player="jnr87">D3 C2</cards>
<action no="5" player="oreiasccp" type="3" sum="40"/>
<action no="6" player="jnr87" type="4" discard="1" dealt="1" sum="0"/>
</round>
<round no="2"><cards type="Flop">DJ D4 HJ</cards>
<action no="7" player="jnr87" type="4" discard="1" dealt="1" sum="0"/>
<action no="8" player="oreiasccp" type="5" sum="80"/>
<action no="9" player="jnr87" type="3" discard="1" dealt="1" sum="80"/>
</round>
<round no="3"><cards type="Turn">DA</cards>
<action no="10" player="jnr87" type="4" discard="1" dealt="1" sum="0"/>
<action no="11" player="oreiasccp" type="4" sum="0"/>
</round>
<round no="4"><cards type="River">SK</cards>
<action no="12" player="jnr87" type="4" discard="1" dealt="1" sum="0"/>
<action no="13" player="oreiasccp" type="4" sum="0"/>
</round>
</game>
<game gamecode="11514877535"><general><startdate>2025-06-16 10:02:41</startdate>
<round>1</round>
<failsafecounter/>
<players><player seat="6" name="oreiasccp" chips="823" dealer="0" win="176" bet="216" muck="1" rebuy="0" addon="0" merge="0" rebuychips="0" reg_code="8384850531"/>
<player seat="3" name="jnr87" chips="677" dealer="1" win="0" bet="88" muck="1" rebuy="0" addon="0" merge="0" rebuychips="0" reg_code="8384850513"/>
</players>
</general>
<round no="0"><action no="1" player="jnr87" type="15" discard="1" dealt="1" sum="8"/>
<action no="2" player="oreiasccp" type="15" sum="8"/>
<action no="3" player="jnr87" type="1" discard="1" dealt="1" sum="40"/>
<action no="4" player="oreiasccp" type="2" sum="80"/>
</round>
<round no="1"><cards type="Pocket" player="oreiasccp">SJ D9</cards>
<cards type="Pocket" player="jnr87">X X</cards>
<action no="5" player="jnr87" type="3" discard="1" dealt="1" sum="40"/>
<action no="6" player="oreiasccp" type="4" sum="0"/>
</round>
<round no="2"><cards type="Flop">H4 D5 S7</cards>
<action no="7" player="oreiasccp" type="4" sum="0"/>
<action no="8" player="jnr87" type="4" discard="1" dealt="1" sum="0"/>
</round>
<round no="3"><cards type="Turn">CJ</cards>
<action no="9" player="oreiasccp" type="5" sum="128"/>
<action no="10" player="jnr87" type="0" discard="1" dealt="1" sum="0"/>
</round>
</game>
<game gamecode="11514877586"><general><startdate>2025-06-16 10:02:58</startdate>
<round>1</round>
<failsafecounter/>
<players><player seat="3" name="jnr87" chips="589" dealer="0" win="0" bet="88" muck="1" rebuy="0" addon="0" merge="0" rebuychips="0" reg_code="8384850513"/>
<player seat="6" name="oreiasccp" chips="911" dealer="1" win="176" bet="589" muck="1" rebuy="0" addon="0" merge="0" rebuychips="0" reg_code="8384850531"/>
</players>
</general>
<round no="0"><action no="1" player="oreiasccp" type="15" sum="8"/>
<action no="2" player="jnr87" type="15" discard="1" dealt="1" sum="8"/>
<action no="3" player="oreiasccp" type="1" sum="40"/>
<action no="4" player="jnr87" type="2" discard="1" dealt="1" sum="80"/>
</round>
<round no="1"><cards type="Pocket" player="oreiasccp">SJ HA</cards>
<cards type="Pocket" player="jnr87">X X</cards>
<action no="5" player="oreiasccp" type="23" sum="581"/>
<action no="6" player="jnr87" type="0" discard="1" dealt="1" sum="0"/>
</round>
</game>
<game gamecode="11514877605"><general><startdate>2025-06-16 10:03:06</startdate>
<round>1</round>
<failsafecounter/>
<players><player seat="6" name="oreiasccp" chips="999" dealer="0" win="176" bet="168" muck="1" rebuy="0" addon="0" merge="0" rebuychips="0" reg_code="8384850531"/>
<player seat="3" name="jnr87" chips="501" dealer="1" win="0" bet="88" muck="1" rebuy="0" addon="0" merge="0" rebuychips="0" reg_code="8384850513"/>
</players>
</general>
<round no="0"><action no="1" player="jnr87" type="15" discard="1" dealt="1" sum="8"/>
<action no="2" player="oreiasccp" type="15" sum="8"/>
<action no="3" player="jnr87" type="1" discard="1" dealt="1" sum="40"/>
<action no="4" player="oreiasccp" type="2" sum="80"/>
</round>
<round no="1"><cards type="Pocket" player="jnr87">X X</cards>
<cards type="Pocket" player="oreiasccp">H6 S10</cards>
<action no="5" player="jnr87" type="3" discard="1" dealt="1" sum="40"/>
<action no="6" player="oreiasccp" type="4" sum="0"/>
</round>
<round no="2"><cards type="Flop">C9 D3 H10</cards>
<action no="7" player="oreiasccp" type="4" sum="0"/>
<action no="8" player="jnr87" type="4" discard="1" dealt="1" sum="0"/>
</round>
<round no="3"><cards type="Turn">S5</cards>
<action no="9" player="oreiasccp" type="5" sum="80"/>
<action no="10" player="jnr87" type="0" discard="1" dealt="1" sum="0"/>
</round>
</game>
<game gamecode="11514877650"><general><startdate>2025-06-16 10:03:20</startdate>
<round>1</round>
<failsafecounter/>
<players><player seat="3" name="jnr87" chips="413" dealer="0" win="0" bet="88" muck="1" rebuy="0" addon="0" merge="0" rebuychips="0" reg_code="8384850513"/>
<player seat="6" name="oreiasccp" chips="1,087" dealer="1" win="176" bet="413" muck="1" rebuy="0" addon="0" merge="0" rebuychips="0" reg_code="8384850531"/>
</players>
</general>
<round no="0"><action no="1" player="oreiasccp" type="15" sum="8"/>
<action no="2" player="jnr87" type="15" discard="1" dealt="1" sum="8"/>
<action no="3" player="oreiasccp" type="1" sum="40"/>
<action no="4" player="jnr87" type="2" discard="1" dealt="1" sum="80"/>
</round>
<round no="1"><cards type="Pocket" player="oreiasccp">D6 D7</cards>
<cards type="Pocket" player="jnr87">X X</cards>
<action no="5" player="oreiasccp" type="23" sum="405"/>
<action no="6" player="jnr87" type="0" discard="1" dealt="1" sum="0"/>
</round>
</game>
<game gamecode="11514877674"><general><startdate>2025-06-16 10:03:27</startdate>
<round>1</round>
<failsafecounter/>
<players><player seat="6" name="oreiasccp" chips="1,175" dealer="0" win="650" bet="325" muck="0" rebuy="0" addon="0" merge="0" rebuychips="0" reg_code="8384850531"/>
<player seat="3" name="jnr87" chips="325" dealer="1" win="0" bet="325" muck="0" rebuy="0" addon="0" merge="0" rebuychips="0" reg_code="8384850513"/>
</players>
</general>
<round no="0"><action no="1" player="jnr87" type="15" discard="1" dealt="1" sum="8"/>
<action no="2" player="oreiasccp" type="15" sum="8"/>
<action no="3" player="jnr87" type="1" discard="1" dealt="1" sum="40"/>
<action no="4" player="oreiasccp" type="2" sum="80"/>
</round>
<round no="1"><cards type="Pocket" player="jnr87">SQ D8</cards>
<cards type="Pocket" player="oreiasccp">C9 HK</cards>
<action no="5" player="jnr87" type="3" discard="1" dealt="1" sum="40"/>
<action no="6" player="oreiasccp" type="23" sum="317"/>
<action no="7" player="jnr87" type="7" discard="1" dealt="1" sum="237"/>
</round>
<round no="2"><cards type="Flop">S9 D4 H8</cards>
</round>
<round no="3"><cards type="Turn">C6</cards>
</round>
<round no="4"><cards type="River">D7</cards>
</round>
</game>
</session>
