<?xml version="1.0" encoding="UTF-8"?>
<session sessioncode="8384848180">
<general>
<client_version>24.7.1.16</client_version>
<mode>real</mode>
<gametype>Holdem NL</gametype>
<tablename>Twister €5 SNG, 1127565728</tablename>
<tournamentcode>1127565727</tournamentcode>
<tournamentname>Twister €5 SNG</tournamentname>
<buyin>€0 + €0.35 + €4.65</buyin>
<totalbuyin>€5</totalbuyin>
<rewarddrawn>€15</rewarddrawn>
<tournamentcurrency>EUR</tournamentcurrency>
<currency>EUR</currency>
<nickname>oreiasccp</nickname>
<gamecount>25</gamecount>
<startdate>2025-06-16 09:41:29</startdate>
<place>1</place>
<win>€15</win>
<tablesize>3</tablesize>
</general>
<game gamecode="11514866036"><general><startdate>2025-06-16 09:41:44</startdate>
<round>1</round>
<failsafecounter/>
<players><player seat="6" name="WODZIN" chips="500" dealer="0" win="0" bet="60" muck="1" rebuy="0" addon="0" merge="0" rebuychips="0" reg_code="8384848175"/>
<player seat="10" name="oreiasccp" chips="500" dealer="1" win="130" bet="60" muck="0" rebuy="0" addon="0" merge="0" rebuychips="0" reg_code="8384848180"/>
<player seat="3" name="Ryano1968" chips="500" dealer="0" win="0" bet="10" muck="1" rebuy="0" addon="0" merge="0" rebuychips="0" reg_code="8384848165"/>
</players>
</general>
<round no="0"><action no="1" player="Ryano1968" type="1" discard="1" dealt="1" sum="10"/>
<action no="2" player="WODZIN" type="2" discard="1" dealt="1" sum="20"/>
</round>
<round no="1"><cards type="Pocket" player="WODZIN">S4 S6</cards>
<cards type="Pocket" player="oreiasccp">H8 S8</cards>
<cards type="Pocket" player="Ryano1968">X X</cards>
<action no="3" player="oreiasccp" type="23" sum="40"/>
<action no="4" player="Ryano1968" type="0" discard="1" dealt="1" sum="0"/>
<action no="5" player="WODZIN" type="3" discard="1" dealt="1" sum="20"/>
</round>
<round no="2"><cards type="Flop">CA C6 C3</cards>
<action no="6" player="WODZIN" type="4" discard="1" dealt="1" sum="0"/>
<action no="7" player="oreiasccp" type="5" sum="20"/>
<action no="8" player="WODZIN" type="3" discard="1" dealt="1" sum="20"/>
</round>
<round no="3"><cards type="Turn">C5</cards>
<action no="9" player="WODZIN" type="4" discard="1" dealt="1" sum="0"/>
<action no="10" player="oreiasccp" type="4" sum="0"/>
</round>
<round no="4"><cards type="River">HK</cards>
<action no="11" player="WODZIN" type="4" discard="1" dealt="1" sum="0"/>
<action no="12" player="oreiasccp" type="4" sum="0"/>
</round>
</game>
<game gamecode="11514866110"><general><startdate>2025-06-16 09:42:05</startdate>
<round>1</round>
<failsafecounter/>
<players><player seat="10" name="oreiasccp" chips="570" dealer="0" win="0" bet="40" muck="1" rebuy="0" addon="0" merge="0" rebuychips="0" reg_code="8384848180"/>
<player seat="3" name="Ryano1968" chips="490" dealer="1" win="0" bet="40" muck="1" rebuy="0" addon="0" merge="0" rebuychips="0" reg_code="8384848165"/>
<player seat="6" name="WODZIN" chips="440" dealer="0" win="120" bet="40" muck="0" rebuy="0" addon="0" merge="0" rebuychips="0" reg_code="8384848175"/>
</players>
</general>
<round no="0"><action no="1" player="WODZIN" type="1" discard="1" dealt="1" sum="10"/>
<action no="2" player="oreiasccp" type="2" sum="20"/>
</round>
<round no="1"><cards type="Pocket" player="WODZIN">HJ D3</cards>
<cards type="Pocket" player="Ryano1968">H5 HK</cards>
<cards type="Pocket" player="oreiasccp">H10 C4</cards>
<action no="3" player="Ryano1968" type="3" discard="1" dealt="1" sum="20"/>
<action no="4" player="WODZIN" type="3" discard="1" dealt="1" sum="10"/>
<action no="5" player="oreiasccp" type="4" sum="0"/>
</round>
<round no="2"><cards type="Flop">DA H6 D10</cards>
<action no="6" player="WODZIN" type="4" discard="1" dealt="1" sum="0"/>
<action no="7" player="oreiasccp" type="4" sum="0"/>
<action no="8" player="Ryano1968" type="4" discard="1" dealt="1" sum="0"/>
</round>
<round no="3"><cards type="Turn">DJ</cards>
<action no="9" player="WODZIN" type="5" discard="1" dealt="1" sum="20"/>
<action no="10" player="oreiasccp" type="3" sum="20"/>
<action no="11" player="Ryano1968" type="3" discard="1" dealt="1" sum="20"/>
</round>
<round no="4"><cards type="River">DQ</cards>
<action no="12" player="WODZIN" type="4" discard="1" dealt="1" sum="0"/>
<action no="13" player="oreiasccp" type="4" sum="0"/>
<action no="14" player="Ryano1968" type="4" discard="1" dealt="1" sum="0"/>
</round>
</game>
<game gamecode="11514866174"><general><startdate>2025-06-16 09:42:26</startdate>
<round>1</round>
<failsafecounter/>
<players><player seat="3" name="Ryano1968" chips="450" dealer="0" win="0" bet="20" muck="1" rebuy="0" addon="0" merge="0" rebuychips="0" reg_code="8384848165"/>
<player seat="6" name="WODZIN" chips="520" dealer="1" win="50" bet="40" muck="1" rebuy="0" addon="0" merge="0" rebuychips="0" reg_code="8384848175"/>
<player seat="10" name="oreiasccp" chips="530" dealer="0" win="0" bet="10" muck="1" rebuy="0" addon="0" merge="0" rebuychips="0" reg_code="8384848180"/>
</players>
</general>
<round no="0"><action no="1" player="oreiasccp" type="1" sum="10"/>
<action no="2" player="Ryano1968" type="2" discard="1" dealt="1" sum="20"/>
</round>
<round no="1"><cards type="Pocket" player="oreiasccp">D4 H7</cards>
<cards type="Pocket" player="WODZIN">X X</cards>
<cards type="Pocket" player="Ryano1968">X X</cards>
<action no="3" player="WODZIN" type="23" discard="1" dealt="1" sum="40"/>
<action no="4" player="oreiasccp" type="0" sum="0"/>
<action no="5" player="Ryano1968" type="0" discard="1" dealt="1" sum="0"/>
</round>
</game>
<game gamecode="11514866203"><general><startdate>2025-06-16 09:42:35</startdate>
<round>1</round>
<failsafecounter/>
<players><player seat="6" name="WODZIN" chips="550" dealer="0" win="0" bet="60" muck="1" rebuy="0" addon="0" merge="0" rebuychips="0" reg_code="8384848175"/>
<player seat="10" name="oreiasccp" chips="520" dealer="1" win="130" bet="125" muck="1" rebuy="0" addon="0" merge="0" rebuychips="0" reg_code="8384848180"/>
<player seat="3" name="Ryano1968" chips="430" dealer="0" win="0" bet="10" muck="1" rebuy="0" addon="0" merge="0" rebuychips="0" reg_code="8384848165"/>
</players>
</general>
<round no="0"><action no="1" player="Ryano1968" type="1" discard="1" dealt="1" sum="10"/>
<action no="2" player="WODZIN" type="2" discard="1" dealt="1" sum="20"/>
</round>
<round no="1"><cards type="Pocket" player="oreiasccp">S10 DJ</cards>
<cards type="Pocket" player="WODZIN">X X</cards>
<cards type="Pocket" player="Ryano1968">X X</cards>
<action no="3" player="oreiasccp" type="23" sum="40"/>
<action no="4" player="Ryano1968" type="0" discard="1" dealt="1" sum="0"/>
<action no="5" player="WODZIN" type="3" discard="1" dealt="1" sum="20"/>
</round>
<round no="2"><cards type="Flop">D8 D10 CA</cards>
<action no="6" player="WODZIN" type="4" discard="1" dealt="1" sum="0"/>
<action no="7" player="oreiasccp" type="5" sum="20"/>
<action no="8" player="WODZIN" type="3" discard="1" dealt="1" sum="20"/>
</round>
<round no="3"><cards type="Turn">S7</cards>
<action no="9" player="WODZIN" type="4" discard="1" dealt="1" sum="0"/>
<action no="10" player="oreiasccp" type="5" sum="65"/>
<action no="11" player="WODZIN" type="0" discard="1" dealt="1" sum="0"/>
</round>
</game>
<game gamecode="11514866261"><general><startdate>2025-06-16 09:42:52</startdate>
<round>1</round>
<failsafecounter/>
<players><player seat="10" name="oreiasccp" chips="590" dealer="0" win="0" bet="80" muck="1" rebuy="0" addon="0" merge="0" rebuychips="0" reg_code="8384848180"/>
<player seat="3" name="Ryano1968" chips="420" dealer="1" win="0" bet="0" muck="1" rebuy="0" addon="0" merge="0" rebuychips="0" reg_code="8384848165"/>
<player seat="6" name="WODZIN" chips="490" dealer="0" win="160" bet="80" muck="0" rebuy="0" addon="0" merge="0" rebuychips="0" reg_code="8384848175"/>
</players>
</general>
<round no="0"><action no="1" player="WODZIN" type="1" discard="1" dealt="1" sum="10"/>
<action no="2" player="oreiasccp" type="2" sum="20"/>
</round>
<round no="1"><cards type="Pocket" player="Ryano1968">X X</cards>
<cards type="Pocket" player="WODZIN">SJ C5</cards>
<cards type="Pocket" player="oreiasccp">D10 H6</cards>
<action no="3" player="Ryano1968" type="0" discard="1" dealt="1" sum="0"/>
<action no="4" player="WODZIN" type="3" discard="1" dealt="1" sum="10"/>
<action no="5" player="oreiasccp" type="4" sum="0"/>
</round>
<round no="2"><cards type="Flop">DJ D9 C10</cards>
<action no="6" player="WODZIN" type="5" discard="1" dealt="1" sum="20"/>
<action no="7" player="oreiasccp" type="3" sum="20"/>
</round>
<round no="3"><cards type="Turn">S7</cards>
<action no="8" player="WODZIN" type="5" discard="1" dealt="1" sum="20"/>
<action no="9" player="oreiasccp" type="3" sum="20"/>
</round>
<round no="4"><cards type="River">S3</cards>
<action no="10" player="WODZIN" type="5" discard="1" dealt="1" sum="20"/>
<action no="11" player="oreiasccp" type="3" sum="20"/>
</round>
</game>
<game gamecode="11514866307"><general><startdate>2025-06-16 09:43:10</startdate>
<round>1</round>
<failsafecounter/>
<players><player seat="3" name="Ryano1968" chips="420" dealer="0" win="0" bet="20" muck="1" rebuy="0" addon="0" merge="0" rebuychips="0" reg_code="8384848165"/>
<player seat="6" name="WODZIN" chips="570" dealer="1" win="50" bet="40" muck="1" rebuy="0" addon="0" merge="0" rebuychips="0" reg_code="8384848175"/>
<player seat="10" name="oreiasccp" chips="510" dealer="0" win="0" bet="10" muck="1" rebuy="0" addon="0" merge="0" rebuychips="0" reg_code="8384848180"/>
</players>
</general>
<round no="0"><action no="1" player="oreiasccp" type="1" sum="10"/>
<action no="2" player="Ryano1968" type="2" discard="1" dealt="1" sum="20"/>
</round>
<round no="1"><cards type="Pocket" player="WODZIN">X X</cards>
<cards type="Pocket" player="Ryano1968">X X</cards>
<cards type="Pocket" player="oreiasccp">H7 S4</cards>
<action no="3" player="WODZIN" type="3" discard="1" dealt="1" sum="20"/>
<action no="4" player="oreiasccp" type="0" sum="0"/>
<action no="5" player="Ryano1968" type="4" discard="1" dealt="1" sum="0"/>
</round>
<round no="2"><cards type="Flop">CJ S8 D6</cards>
<action no="6" player="Ryano1968" type="4" discard="1" dealt="1" sum="0"/>
<action no="7" player="WODZIN" type="5" discard="1" dealt="1" sum="20"/>
<action no="8" player="Ryano1968" type="0" discard="1" dealt="1" sum="0"/>
</round>
</game>
<game gamecode="11514866358"><general><startdate>2025-06-16 09:43:22</startdate>
<round>1</round>
<failsafecounter/>
<players><player seat="6" name="WODZIN" chips="600" dealer="0" win="0" bet="40" muck="1" rebuy="0" addon="0" merge="0" rebuychips="0" reg_code="8384848175"/>
<player seat="10" name="oreiasccp" chips="500" dealer="1" win="0" bet="0" muck="1" rebuy="0" addon="0" merge="0" rebuychips="0" reg_code="8384848180"/>
<player seat="3" name="Ryano1968" chips="400" dealer="0" win="80" bet="60" muck="1" rebuy="0" addon="0" merge="0" rebuychips="0" reg_code="8384848165"/>
</players>
</general>
<round no="0"><action no="1" player="Ryano1968" type="1" discard="1" dealt="1" sum="10"/>
<action no="2" player="WODZIN" type="2" discard="1" dealt="1" sum="20"/>
</round>
<round no="1"><cards type="Pocket" player="oreiasccp">H8 S5</cards>
<cards type="Pocket" player="WODZIN">X X</cards>
<cards type="Pocket" player="Ryano1968">X X</cards>
<action no="3" player="oreiasccp" type="0" sum="0"/>
<action no="4" player="Ryano1968" type="3" discard="1" dealt="1" sum="10"/>
<action no="5" player="WODZIN" type="4" discard="1" dealt="1" sum="0"/>
</round>
<round no="2"><cards type="Flop">DJ S10 C2</cards>
<action no="6" player="Ryano1968" type="5" discard="1" dealt="1" sum="20"/>
<action no="7" player="WODZIN" type="3" discard="1" dealt="1" sum="20"/>
</round>
<round no="3"><cards type="Turn">D5</cards>
<action no="8" player="Ryano1968" type="5" discard="1" dealt="1" sum="20"/>
<action no="9" player="WODZIN" type="0" discard="1" dealt="1" sum="0"/>
</round>
</game>
<game gamecode="11514866392"><general><startdate>2025-06-16 09:43:36</startdate>
<round>1</round>
<failsafecounter/>
<players><player seat="10" name="oreiasccp" chips="500" dealer="0" win="0" bet="80" muck="1" rebuy="0" addon="0" merge="0" rebuychips="0" reg_code="8384848180"/>
<player seat="3" name="Ryano1968" chips="440" dealer="1" win="0" bet="0" muck="1" rebuy="0" addon="0" merge="0" rebuychips="0" reg_code="8384848165"/>
<player seat="6" name="WODZIN" chips="560" dealer="0" win="160" bet="240" muck="1" rebuy="0" addon="0" merge="0" rebuychips="0" reg_code="8384848175"/>
</players>
</general>
<round no="0"><action no="1" player="WODZIN" type="1" discard="1" dealt="1" sum="10"/>
<action no="2" player="oreiasccp" type="2" sum="20"/>
</round>
<round no="1"><cards type="Pocket" player="oreiasccp">C6 S9</cards>
<cards type="Pocket" player="Ryano1968">X X</cards>
<cards type="Pocket" player="WODZIN">X X</cards>
<action no="3" player="Ryano1968" type="0" discard="1" dealt="1" sum="0"/>
<action no="4" player="WODZIN" type="23" discard="1" dealt="1" sum="40"/>
<action no="5" player="oreiasccp" type="3" sum="20"/>
</round>
<round no="2"><cards type="Flop">C10 S6 H5</cards>
<action no="6" player="WODZIN" type="5" discard="1" dealt="1" sum="20"/>
<action no="7" player="oreiasccp" type="3" sum="20"/>
</round>
<round no="3"><cards type="Turn">D8</cards>
<action no="8" player="WODZIN" type="5" discard="1" dealt="1" sum="20"/>
<action no="9" player="oreiasccp" type="3" sum="20"/>
</round>
<round no="4"><cards type="River">H9</cards>
<action no="10" player="WODZIN" type="5" discard="1" dealt="1" sum="160"/>
<action no="11" player="oreiasccp" type="0" sum="0"/>
</round>
</game>
<game gamecode="11514866444"><general><startdate>2025-06-16 09:43:56</startdate>
<round>1</round>
<failsafecounter/>
<players><player seat="3" name="Ryano1968" chips="440" dealer="0" win="0" bet="65" muck="1" rebuy="0" addon="0" merge="0" rebuychips="0" reg_code="8384848165"/>
<player seat="6" name="WODZIN" chips="640" dealer="1" win="0" bet="65" muck="1" rebuy="0" addon="0" merge="0" rebuychips="0" reg_code="8384848175"/>
<player seat="10" name="oreiasccp" chips="420" dealer="0" win="195" bet="65" muck="0" rebuy="0" addon="0" merge="0" rebuychips="0" reg_code="8384848180"/>
</players>
</general>
<round no="0"><action no="1" player="oreiasccp" type="15" sum="5"/>
<action no="2" player="Ryano1968" type="15" discard="1" dealt="1" sum="5"/>
<action no="3" player="WODZIN" type="15" discard="1" dealt="1" sum="5"/>
<action no="4" player="oreiasccp" type="1" sum="15"/>
<action no="5" player="Ryano1968" type="2" discard="1" dealt="1" sum="30"/>
</round>
<round no="1"><cards type="Pocket" player="oreiasccp">CQ C7</cards>
<cards type="Pocket" player="Ryano1968">DJ C6</cards>
<cards type="Pocket" player="WODZIN">H4 D3</cards>
<action no="6" player="WODZIN" type="3" discard="1" dealt="1" sum="30"/>
<action no="7" player="oreiasccp" type="3" sum="15"/>
<action no="8" player="Ryano1968" type="4" discard="1" dealt="1" sum="0"/>
</round>
<round no="2"><cards type="Flop">DK SA SQ</cards>
<action no="9" player="oreiasccp" type="4" sum="0"/>
<action no="10" player="Ryano1968" type="4" discard="1" dealt="1" sum="0"/>
<action no="11" player="WODZIN" type="4" discard="1" dealt="1" sum="0"/>
</round>
<round no="3"><cards type="Turn">S3</cards>
<action no="12" player="oreiasccp" type="4" sum="0"/>
<action no="13" player="Ryano1968" type="4" discard="1" dealt="1" sum="0"/>
<action no="14" player="WODZIN" type="5" discard="1" dealt="1" sum="30"/>
<action no="15" player="oreiasccp" type="3" sum="30"/>
<action no="16" player="Ryano1968" type="3" discard="1" dealt="1" sum="30"/>
</round>
<round no="4"><cards type="River">CA</cards>
<action no="17" player="oreiasccp" type="4" sum="0"/>
<action no="18" player="Ryano1968" type="4" discard="1" dealt="1" sum="0"/>
<action no="19" player="WODZIN" type="4" discard="1" dealt="1" sum="0"/>
</round>
</game>
<game gamecode="11514866514"><general><startdate>2025-06-16 09:44:20</startdate>
<round>1</round>
<failsafecounter/>
<players><player seat="6" name="WODZIN" chips="575" dealer="0" win="0" bet="375" muck="1" rebuy="0" addon="0" merge="0" rebuychips="0" reg_code="8384848175"/>
<player seat="10" name="oreiasccp" chips="550" dealer="1" win="0" bet="5" muck="1" rebuy="0" addon="0" merge="0" rebuychips="0" reg_code="8384848180"/>
<player seat="3" name="Ryano1968" chips="375" dealer="0" win="755" bet="375" muck="0" rebuy="0" addon="0" merge="0" rebuychips="0" reg_code="8384848165"/>
</players>
</general>
<round no="0"><action no="1" player="Ryano1968" type="15" discard="1" dealt="1" sum="5"/>
<action no="2" player="WODZIN" type="15" discard="1" dealt="1" sum="5"/>
<action no="3" player="oreiasccp" type="15" sum="5"/>
<action no="4" player="Ryano1968" type="1" discard="1" dealt="1" sum="15"/>
<action no="5" player="WODZIN" type="2" discard="1" dealt="1" sum="30"/>
</round>
<round no="1"><cards type="Pocket" player="WODZIN">S9 D9</cards>
<cards type="Pocket" player="Ryano1968">C8 SQ</cards>
<cards type="Pocket" player="oreiasccp">CK D5</cards>
<action no="6" player="oreiasccp" type="0" sum="0"/>
<action no="7" player="Ryano1968" type="3" discard="1" dealt="1" sum="15"/>
<action no="8" player="WODZIN" type="23" discard="1" dealt="1" sum="60"/>
<action no="9" player="Ryano1968" type="3" discard="1" dealt="1" sum="30"/>
</round>
<round no="2"><cards type="Flop">S6 S5 C7</cards>
<action no="10" player="Ryano1968" type="4" discard="1" dealt="1" sum="0"/>
<action no="11" player="WODZIN" type="5" discard="1" dealt="1" sum="135"/>
<action no="12" player="Ryano1968" type="23" discard="1" dealt="1" sum="310"/>
<action no="13" player="WODZIN" type="3" discard="1" dealt="1" sum="175"/>
</round>
<round no="3"><cards type="Turn">SJ</cards>
</round>
<round no="4"><cards type="River">D4</cards>
</round>
</game>
<game gamecode="11514866595"><general><startdate>2025-06-16 09:44:46</startdate>
<round>1</round>
<failsafecounter/>
<players><player seat="10" name="oreiasccp" chips="545" dealer="0" win="0" bet="35" muck="1" rebuy="0" addon="0" merge="0" rebuychips="0" reg_code="8384848180"/>
<player seat="3" name="Ryano1968" chips="755" dealer="1" win="82" bet="65" muck="0" rebuy="0" addon="0" merge="0" rebuychips="0" reg_code="8384848165"/>
<player seat="6" name="WODZIN" chips="200" dealer="0" win="83" bet="65" muck="0" rebuy="0" addon="0" merge="0" rebuychips="0" reg_code="8384848175"/>
</players>
</general>
<round no="0"><action no="1" player="WODZIN" type="15" discard="1" dealt="1" sum="5"/>
<action no="2" player="oreiasccp" type="15" sum="5"/>
<action no="3" player="Ryano1968" type="15" discard="1" dealt="1" sum="5"/>
<action no="4" player="WODZIN" type="1" discard="1" dealt="1" sum="15"/>
<action no="5" player="oreiasccp" type="2" sum="30"/>
</round>
<round no="1"><cards type="Pocket" player="oreiasccp">H8 D5</cards>
<cards type="Pocket" player="Ryano1968">D10 DA</cards>
<cards type="Pocket" player="WODZIN">D7 SA</cards>
<action no="6" player="Ryano1968" type="23" discard="1" dealt="1" sum="60"/>
<action no="7" player="WODZIN" type="3" discard="1" dealt="1" sum="45"/>
<action no="8" player="oreiasccp" type="0" sum="0"/>
</round>
<round no="2"><cards type="Flop">SK C9 HK</cards>
<action no="9" player="WODZIN" type="4" discard="1" dealt="1" sum="0"/>
<action no="10" player="Ryano1968" type="4" discard="1" dealt="1" sum="0"/>
</round>
<round no="3"><cards type="Turn">S9</cards>
<action no="11" player="WODZIN" type="4" discard="1" dealt="1" sum="0"/>
<action no="12" player="Ryano1968" type="4" discard="1" dealt="1" sum="0"/>
</round>
<round no="4"><cards type="River">C6</cards>
<action no="13" player="WODZIN" type="4" discard="1" dealt="1" sum="0"/>
<action no="14" player="Ryano1968" type="4" discard="1" dealt="1" sum="0"/>
</round>
</game>
<game gamecode="11514866654"><general><startdate>2025-06-16 09:45:03</startdate>
<round>1</round>
<failsafecounter/>
<players><player seat="3" name="Ryano1968" chips="772" dealer="0" win="0" bet="35" muck="1" rebuy="0" addon="0" merge="0" rebuychips="0" reg_code="8384848165"/>
<player seat="6" name="WODZIN" chips="218" dealer="1" win="0" bet="35" muck="1" rebuy="0" addon="0" merge="0" rebuychips="0" reg_code="8384848175"/>
<player seat="10" name="oreiasccp" chips="510" dealer="0" win="105" bet="510" muck="1" rebuy="0" addon="0" merge="0" rebuychips="0" reg_code="8384848180"/>
</players>
</general>
<round no="0"><action no="1" player="oreiasccp" type="15" sum="5"/>
<action no="2" player="Ryano1968" type="15" discard="1" dealt="1" sum="5"/>
<action no="3" player="WODZIN" type="15" discard="1" dealt="1" sum="5"/>
<action no="4" player="oreiasccp" type="1" sum="15"/>
<action no="5" player="Ryano1968" type="2" discard="1" dealt="1" sum="30"/>
</round>
<round no="1"><cards type="Pocket" player="oreiasccp">C7 D7</cards>
<cards type="Pocket" player="Ryano1968">X X</cards>
<cards type="Pocket" player="WODZIN">X X</cards>
<action no="6" player="WODZIN" type="3" discard="1" dealt="1" sum="30"/>
<action no="7" player="oreiasccp" type="23" sum="505"/>
<action no="8" player="Ryano1968" type="0" discard="1" dealt="1" sum="0"/>
<action no="9" player="WODZIN" type="0" discard="1" dealt="1" sum="0"/>
</round>
</game>
<game gamecode="11514866679"><general><startdate>2025-06-16 09:45:12</startdate>
<round>1</round>
<failsafecounter/>
<players><player seat="6" name="WODZIN" chips="183" dealer="0" win="0" bet="35" muck="1" rebuy="0" addon="0" merge="0" rebuychips="0" reg_code="8384848175"/>
<player seat="10" name="oreiasccp" chips="580" dealer="1" win="90" bet="580" muck="1" rebuy="0" addon="0" merge="0" rebuychips="0" reg_code="8384848180"/>
<player seat="3" name="Ryano1968" chips="737" dealer="0" win="0" bet="20" muck="1" rebuy="0" addon="0" merge="0" rebuychips="0" reg_code="8384848165"/>
</players>
</general>
<round no="0"><action no="1" player="Ryano1968" type="15" discard="1" dealt="1" sum="5"/>
<action no="2" player="WODZIN" type="15" discard="1" dealt="1" sum="5"/>
<action no="3" player="oreiasccp" type="15" sum="5"/>
<action no="4" player="Ryano1968" type="1" discard="1" dealt="1" sum="15"/>
<action no="5" player="WODZIN" type="2" discard="1" dealt="1" sum="30"/>
</round>
<round no="1"><cards type="Pocket" player="WODZIN">X X</cards>
<cards type="Pocket" player="Ryano1968">X X</cards>
<cards type="Pocket" player="oreiasccp">S5 H5</cards>
<action no="6" player="oreiasccp" type="23" sum="575"/>
<action no="7" player="Ryano1968" type="0" discard="1" dealt="1" sum="0"/>
<action no="8" player="WODZIN" type="0" discard="1" dealt="1" sum="0"/>
</round>
</game>
<game gamecode="11514866708"><general><startdate>2025-06-16 09:45:20</startdate>
<round>1</round>
<failsafecounter/>
<players><player seat="10" name="oreiasccp" chips="635" dealer="0" win="1,305" bet="635" muck="0" rebuy="0" addon="0" merge="0" rebuychips="0" reg_code="8384848180"/>
<player seat="3" name="Ryano1968" chips="717" dealer="1" win="0" bet="635" muck="1" rebuy="0" addon="0" merge="0" rebuychips="0" reg_code="8384848165"/>
<player seat="6" name="WODZIN" chips="148" dealer="0" win="0" bet="35" muck="1" rebuy="0" addon="0" merge="0" rebuychips="0" reg_code="8384848175"/>
</players>
</general>
<round no="0"><action no="1" player="WODZIN" type="15" discard="1" dealt="1" sum="5"/>
<action no="2" player="oreiasccp" type="15" sum="5"/>
<action no="3" player="Ryano1968" type="15" discard="1" dealt="1" sum="5"/>
<action no="4" player="WODZIN" type="1" discard="1" dealt="1" sum="15"/>
<action no="5" player="oreiasccp" type="2" sum="30"/>
</round>
<round no="1"><cards type="Pocket" player="Ryano1968">DA D4</cards>
<cards type="Pocket" player="oreiasccp">DK CA</cards>
<cards type="Pocket" player="WODZIN">X X</cards>
<action no="6" player="Ryano1968" type="3" discard="1" dealt="1" sum="30"/>
<action no="7" player="WODZIN" type="3" discard="1" dealt="1" sum="15"/>
<action no="8" player="oreiasccp" type="23" sum="630"/>
<action no="9" player="Ryano1968" type="3" discard="1" dealt="1" sum="600"/>
<action no="10" player="WODZIN" type="0" discard="1" dealt="1" sum="0"/>
</round>
<round no="2"><cards type="Flop">S7 HJ H9</cards>
</round>
<round no="3"><cards type="Turn">SA</cards>
</round>
<round no="4"><cards type="River">C3</cards>
</round>
</game>
<game gamecode="11514866774"><general><startdate>2025-06-16 09:45:39</startdate>
<round>1</round>
<failsafecounter/>
<players><player seat="3" name="Ryano1968" chips="82" dealer="0" win="169" bet="82" muck="0" rebuy="0" addon="0" merge="0" rebuychips="0" reg_code="8384848165"/>
<player seat="6" name="WODZIN" chips="113" dealer="1" win="0" bet="5" muck="1" rebuy="0" addon="0" merge="0" rebuychips="0" reg_code="8384848175"/>
<player seat="10" name="oreiasccp" chips="1,305" dealer="0" win="0" bet="82" muck="1" rebuy="0" addon="0" merge="0" rebuychips="0" reg_code="8384848180"/>
</players>
</general>
<round no="0"><action no="1" player="oreiasccp" type="15" sum="5"/>
<action no="2" player="Ryano1968" type="15" discard="1" dealt="1" sum="5"/>
<action no="3" player="WODZIN" type="15" discard="1" dealt="1" sum="5"/>
<action no="4" player="oreiasccp" type="1" sum="15"/>
<action no="5" player="Ryano1968" type="2" discard="1" dealt="1" sum="30"/>
</round>
<round no="1"><cards type="Pocket" player="WODZIN">X X</cards>
<cards type="Pocket" player="oreiasccp">DK SQ</cards>
<cards type="Pocket" player="Ryano1968">D10 C4</cards>
<action no="6" player="WODZIN" type="0" discard="1" dealt="1" sum="0"/>
<action no="7" player="oreiasccp" type="23" sum="77"/>
<action no="8" player="Ryano1968" type="7" discard="1" dealt="1" sum="47"/>
</round>
<round no="2"><cards type="Flop">H7 S6 DA</cards>
</round>
<round no="3"><cards type="Turn">C10</cards>
</round>
<round no="4"><cards type="River">HA</cards>
</round>
</game>
<game gamecode="11514866828"><general><startdate>2025-06-16 09:45:56</startdate>
<round>1</round>
<failsafecounter/>
<players><player seat="6" name="WODZIN" chips="108" dealer="0" win="110" bet="108" muck="0" rebuy="0" addon="0" merge="0" rebuychips="0" reg_code="8384848175"/>
<player seat="10" name="oreiasccp" chips="1,223" dealer="1" win="0" bet="5" muck="1" rebuy="0" addon="0" merge="0" rebuychips="0" reg_code="8384848180"/>
<player seat="3" name="Ryano1968" chips="169" dealer="0" win="111" bet="169" muck="0" rebuy="0" addon="0" merge="0" rebuychips="0" reg_code="8384848165"/>
</players>
</general>
<round no="0"><action no="1" player="Ryano1968" type="15" discard="1" dealt="1" sum="5"/>
<action no="2" player="WODZIN" type="15" discard="1" dealt="1" sum="5"/>
<action no="3" player="oreiasccp" type="15" sum="5"/>
<action no="4" player="Ryano1968" type="1" discard="1" dealt="1" sum="20"/>
<action no="5" player="WODZIN" type="2" discard="1" dealt="1" sum="40"/>
</round>
<round no="1"><cards type="Pocket" player="oreiasccp">C7 S9</cards>
<cards type="Pocket" player="Ryano1968">H8 D7</cards>
<cards type="Pocket" player="WODZIN">S6 H7</cards>
<action no="6" player="oreiasccp" type="0" sum="0"/>
<action no="7" player="Ryano1968" type="23" discard="1" dealt="1" sum="164"/>
<action no="8" player="WODZIN" type="7" discard="1" dealt="1" sum="63"/>
</round>
<round no="2"><cards type="Flop">CA H2 H9</cards>
</round>
<round no="3"><cards type="Turn">S7</cards>
</round>
<round no="4"><cards type="River">S10</cards>
</round>
</game>
<game gamecode="11514866906"><general><startdate>2025-06-16 09:46:17</startdate>
<round>1</round>
<failsafecounter/>
<players><player seat="10" name="oreiasccp" chips="1,218" dealer="0" win="0" bet="45" muck="1" rebuy="0" addon="0" merge="0" rebuychips="0" reg_code="8384848180"/>
<player seat="3" name="Ryano1968" chips="172" dealer="1" win="0" bet="5" muck="1" rebuy="0" addon="0" merge="0" rebuychips="0" reg_code="8384848165"/>
<player seat="6" name="WODZIN" chips="110" dealer="0" win="95" bet="110" muck="1" rebuy="0" addon="0" merge="0" rebuychips="0" reg_code="8384848175"/>
</players>
</general>
<round no="0"><action no="1" player="WODZIN" type="15" discard="1" dealt="1" sum="5"/>
<action no="2" player="oreiasccp" type="15" sum="5"/>
<action no="3" player="Ryano1968" type="15" discard="1" dealt="1" sum="5"/>
<action no="4" player="WODZIN" type="1" discard="1" dealt="1" sum="20"/>
<action no="5" player="oreiasccp" type="2" sum="40"/>
</round>
<round no="1"><cards type="Pocket" player="Ryano1968">X X</cards>
<cards type="Pocket" player="WODZIN">X X</cards>
<cards type="Pocket" player="oreiasccp">H2 S8</cards>
<action no="6" player="Ryano1968" type="0" discard="1" dealt="1" sum="0"/>
<action no="7" player="WODZIN" type="3" discard="1" dealt="1" sum="20"/>
<action no="8" player="oreiasccp" type="4" sum="0"/>
</round>
<round no="2"><cards type="Flop">SK DK CK</cards>
<action no="9" player="WODZIN" type="4" discard="1" dealt="1" sum="0"/>
<action no="10" player="oreiasccp" type="4" sum="0"/>
</round>
<round no="3"><cards type="Turn">H6</cards>
<action no="11" player="WODZIN" type="5" discard="1" dealt="1" sum="65"/>
<action no="12" player="oreiasccp" type="0" sum="0"/>
</round>
</game>
<game gamecode="11514870781"><general><startdate>2025-06-16 09:46:36</startdate>
<round>1</round>
<failsafecounter/>
<players><player seat="3" name="Ryano1968" chips="167" dealer="0" win="0" bet="167" muck="0" rebuy="0" addon="0" merge="0" rebuychips="0" reg_code="8384848165"/>
<player seat="6" name="WODZIN" chips="160" dealer="1" win="0" bet="5" muck="1" rebuy="0" addon="0" merge="0" rebuychips="0" reg_code="8384848175"/>
<player seat="10" name="oreiasccp" chips="1,173" dealer="0" win="339" bet="167" muck="0" rebuy="0" addon="0" merge="0" rebuychips="0" reg_code="8384848180"/>
</players>
</general>
<round no="0"><action no="1" player="oreiasccp" type="15" sum="5"/>
<action no="2" player="Ryano1968" type="15" discard="1" dealt="1" sum="5"/>
<action no="3" player="WODZIN" type="15" discard="1" dealt="1" sum="5"/>
<action no="4" player="oreiasccp" type="1" sum="20"/>
<action no="5" player="Ryano1968" type="2" discard="1" dealt="1" sum="40"/>
</round>
<round no="1"><cards type="Pocket" player="WODZIN">X X</cards>
<cards type="Pocket" player="oreiasccp">CK D9</cards>
<cards type="Pocket" player="Ryano1968">CJ D7</cards>
<action no="6" player="WODZIN" type="0" discard="1" dealt="1" sum="0"/>
<action no="7" player="oreiasccp" type="23" sum="162"/>
<action no="8" player="Ryano1968" type="7" discard="1" dealt="1" sum="122"/>
</round>
<round no="2"><cards type="Flop">D10 H5 C10</cards>
</round>
<round no="3"><cards type="Turn">H8</cards>
</round>
<round no="4"><cards type="River">H6</cards>
</round>
</game>
<game gamecode="11514870837"><general><startdate>2025-06-16 09:46:54</startdate>
<round>1</round>
<failsafecounter/>
<players><player seat="6" name="WODZIN" chips="155" dealer="0" win="155" bet="155" muck="0" rebuy="0" addon="0" merge="0" rebuychips="0" reg_code="8384848175"/>
<player seat="10" name="oreiasccp" chips="1,345" dealer="1" win="155" bet="155" muck="0" rebuy="0" addon="0" merge="0" rebuychips="0" reg_code="8384848180"/>
</players>
</general>
<round no="0"><action no="1" player="oreiasccp" type="15" sum="5"/>
<action no="2" player="WODZIN" type="15" discard="1" dealt="1" sum="5"/>
<action no="3" player="oreiasccp" type="1" sum="20"/>
<action no="4" player="WODZIN" type="2" discard="1" dealt="1" sum="40"/>
</round>
<round no="1"><cards type="Pocket" player="WODZIN">DJ H6</cards>
<cards type="Pocket" player="oreiasccp">CJ S7</cards>
<action no="5" player="oreiasccp" type="23" sum="150"/>
<action no="6" player="WODZIN" type="7" discard="1" dealt="1" sum="110"/>
</round>
<round no="2"><cards type="Flop">CQ S4 C4</cards>
</round>
<round no="3"><cards type="Turn">C5</cards>
</round>
<round no="4"><cards type="River">SA</cards>
</round>
</game>
<game gamecode="11514870903"><general><startdate>2025-06-16 09:47:15</startdate>
<round>1</round>
<failsafecounter/>
<players><player seat="10" name="oreiasccp" chips="1,345" dealer="0" win="0" bet="45" muck="1" rebuy="0" addon="0" merge="0" rebuychips="0" reg_code="8384848180"/>
<player seat="6" name="WODZIN" chips="155" dealer="1" win="90" bet="155" muck="1" rebuy="0" addon="0" merge="0" rebuychips="0" reg_code="8384848175"/>
</players>
</general>
<round no="0"><action no="1" player="WODZIN" type="15" discard="1" dealt="1" sum="5"/>
<action no="2" player="oreiasccp" type="15" sum="5"/>
<action no="3" player="WODZIN" type="1" discard="1" dealt="1" sum="20"/>
<action no="4" player="oreiasccp" type="2" sum="40"/>
</round>
<round no="1"><cards type="Pocket" player="oreiasccp">C7 S9</cards>
<cards type="Pocket" player="WODZIN">X X</cards>
<action no="5" player="WODZIN" type="23" discard="1" dealt="1" sum="150"/>
<action no="6" player="oreiasccp" type="0" sum="0"/>
</round>
</game>
<game gamecode="11514870934"><general><startdate>2025-06-16 09:47:24</startdate>
<round>1</round>
<failsafecounter/>
<players><player seat="6" name="WODZIN" chips="200" dealer="0" win="400" bet="200" muck="0" rebuy="0" addon="0" merge="0" rebuychips="0" reg_code="8384848175"/>
<player seat="10" name="oreiasccp" chips="1,300" dealer="1" win="0" bet="200" muck="1" rebuy="0" addon="0" merge="0" rebuychips="0" reg_code="8384848180"/>
</players>
</general>
<round no="0"><action no="1" player="oreiasccp" type="15" sum="5"/>
<action no="2" player="WODZIN" type="15" discard="1" dealt="1" sum="5"/>
<action no="3" player="oreiasccp" type="1" sum="20"/>
<action no="4" player="WODZIN" type="2" discard="1" dealt="1" sum="40"/>
</round>
<round no="1"><cards type="Pocket" player="oreiasccp">S8 D10</cards>
<cards type="Pocket" player="WODZIN">H8 CA</cards>
<action no="5" player="oreiasccp" type="23" sum="195"/>
<action no="6" player="WODZIN" type="7" discard="1" dealt="1" sum="155"/>
</round>
<round no="2"><cards type="Flop">HJ H7 HA</cards>
</round>
<round no="3"><cards type="Turn">D5</cards>
</round>
<round no="4"><cards type="River">D3</cards>
</round>
</game>
<game gamecode="11514870994"><general><startdate>2025-06-16 09:47:45</startdate>
<round>1</round>
<failsafecounter/>
<players><player seat="10" name="oreiasccp" chips="1,100" dealer="0" win="250" bet="125" muck="0" rebuy="0" addon="0" merge="0" rebuychips="0" reg_code="8384848180"/>
<player seat="6" name="WODZIN" chips="400" dealer="1" win="0" bet="125" muck="1" rebuy="0" addon="0" merge="0" rebuychips="0" reg_code="8384848175"/>
</players>
</general>
<round no="0"><action no="1" player="WODZIN" type="15" discard="1" dealt="1" sum="5"/>
<action no="2" player="oreiasccp" type="15" sum="5"/>
<action no="3" player="WODZIN" type="1" discard="1" dealt="1" sum="30"/>
<action no="4" player="oreiasccp" type="2" sum="60"/>
</round>
<round no="1"><cards type="Pocket" player="oreiasccp">SJ H6</cards>
<cards type="Pocket" player="WODZIN">D7 D5</cards>
<action no="5" player="WODZIN" type="3" discard="1" dealt="1" sum="30"/>
<action no="6" player="oreiasccp" type="4" sum="0"/>
</round>
<round no="2"><cards type="Flop">SQ D2 S4</cards>
<action no="7" player="oreiasccp" type="4" sum="0"/>
<action no="8" player="WODZIN" type="4" discard="1" dealt="1" sum="0"/>
</round>
<round no="3"><cards type="Turn">H3</cards>
<action no="9" player="oreiasccp" type="5" sum="60"/>
<action no="10" player="WODZIN" type="3" discard="1" dealt="1" sum="60"/>
</round>
<round no="4"><cards type="River">C2</cards>
<action no="11" player="oreiasccp" type="4" sum="0"/>
<action no="12" player="WODZIN" type="4" discard="1" dealt="1" sum="0"/>
</round>
</game>
<game gamecode="11514871059"><general><startdate>2025-06-16 09:48:05</startdate>
<round>1</round>
<failsafecounter/>
<players><player seat="6" name="WODZIN" chips="275" dealer="0" win="0" bet="65" muck="1" rebuy="0" addon="0" merge="0" rebuychips="0" reg_code="8384848175"/>
<player seat="10" name="oreiasccp" chips="1,225" dealer="1" win="130" bet="275" muck="1" rebuy="0" addon="0" merge="0" rebuychips="0" reg_code="8384848180"/>
</players>
</general>
<round no="0"><action no="1" player="oreiasccp" type="15" sum="5"/>
<action no="2" player="WODZIN" type="15" discard="1" dealt="1" sum="5"/>
<action no="3" player="oreiasccp" type="1" sum="30"/>
<action no="4" player="WODZIN" type="2" discard="1" dealt="1" sum="60"/>
</round>
<round no="1"><cards type="Pocket" player="WODZIN">X X</cards>
<cards type="Pocket" player="oreiasccp">H10 SQ</cards>
<action no="5" player="oreiasccp" type="23" sum="270"/>
<action no="6" player="WODZIN" type="0" discard="1" dealt="1" sum="0"/>
</round>
</game>
<game gamecode="11514871076"><general><startdate>2025-06-16 09:48:12</startdate>
<round>1</round>
<failsafecounter/>
<players><player seat="10" name="oreiasccp" chips="1,290" dealer="0" win="0" bet="65" muck="1" rebuy="0" addon="0" merge="0" rebuychips="0" reg_code="8384848180"/>
<player seat="6" name="WODZIN" chips="210" dealer="1" win="130" bet="210" muck="1" rebuy="0" addon="0" merge="0" rebuychips="0" reg_code="8384848175"/>
</players>
</general>
<round no="0"><action no="1" player="WODZIN" type="15" discard="1" dealt="1" sum="5"/>
<action no="2" player="oreiasccp" type="15" sum="5"/>
<action no="3" player="WODZIN" type="1" discard="1" dealt="1" sum="30"/>
<action no="4" player="oreiasccp" type="2" sum="60"/>
</round>
<round no="1"><cards type="Pocket" player="WODZIN">X X</cards>
<cards type="Pocket" player="oreiasccp">S4 H2</cards>
<action no="5" player="WODZIN" type="23" discard="1" dealt="1" sum="205"/>
<action no="6" player="oreiasccp" type="0" sum="0"/>
</round>
</game>
<game gamecode="11514871102"><general><startdate>2025-06-16 09:48:20</startdate>
<round>1</round>
<failsafecounter/>
<players><player seat="6" name="WODZIN" chips="275" dealer="0" win="0" bet="275" muck="0" rebuy="0" addon="0" merge="0" rebuychips="0" reg_code="8384848175"/>
<player seat="10" name="oreiasccp" chips="1,225" dealer="1" win="550" bet="275" muck="0" rebuy="0" addon="0" merge="0" rebuychips="0" reg_code="8384848180"/>
</players>
</general>
<round no="0"><action no="1" player="oreiasccp" type="15" sum="5"/>
<action no="2" player="WODZIN" type="15" discard="1" dealt="1" sum="5"/>
<action no="3" player="oreiasccp" type="1" sum="30"/>
<action no="4" player="WODZIN" type="2" discard="1" dealt="1" sum="60"/>
</round>
<round no="1"><cards type="Pocket" player="oreiasccp">SA HA</cards>
<cards type="Pocket" player="WODZIN">D2 C2</cards>
<action no="5" player="oreiasccp" type="3" sum="30"/>
<action no="6" player="WODZIN" type="23" discard="1" dealt="1" sum="270"/>
<action no="7" player="oreiasccp" type="3" sum="210"/>
</round>
<round no="2"><cards type="Flop">CK HK C10</cards>
</round>
<round no="3"><cards type="Turn">C6</cards>
</round>
<round no="4"><cards type="River">D7</cards>
</round>
</game>
</session>
