<?xml version="1.0" encoding="UTF-8"?>
<session sessioncode="8384811059">
<general>
<client_version>24.7.1.16</client_version>
<mode>real</mode>
<gametype>Holdem NL</gametype>
<tablename>Twister €5 SNG, 1127558125</tablename>
<tournamentcode>1127558124</tournamentcode>
<tournamentname>Twister €5 SNG</tournamentname>
<buyin>€0 + €0.35 + €4.65</buyin>
<totalbuyin>€5</totalbuyin>
<rewarddrawn>€10</rewarddrawn>
<tournamentcurrency>EUR</tournamentcurrency>
<currency>EUR</currency>
<nickname>oreiasccp</nickname>
<gamecount>1</gamecount>
<startdate>2025-06-16 06:02:11</startdate>
<place>3</place>
<win>€0</win>
<tablesize>3</tablesize>
</general>
<game gamecode="11514743626"><general><startdate>2025-06-16 06:02:26</startdate>
<round>1</round>
<failsafecounter/>
<players><player seat="6" name="oreiasccp" chips="500" dealer="0" win="0" bet="500" muck="1" rebuy="0" addon="0" merge="0" rebuychips="0" reg_code="8384811059"/>
<player seat="10" name="charddhong19" chips="500" dealer="1" win="0" bet="0" muck="1" rebuy="0" addon="0" merge="0" rebuychips="0" reg_code="8384811089"/>
<player seat="3" name="BahTOBUK" chips="500" dealer="0" win="1,000" bet="500" muck="0" rebuy="0" addon="0" merge="0" rebuychips="0" reg_code="8384811058"/>
</players>
</general>
<round no="0"><action no="1" player="BahTOBUK" type="1" discard="1" dealt="1" sum="10"/>
<action no="2" player="oreiasccp" type="2" sum="20"/>
</round>
<round no="1"><cards type="Pocket" player="BahTOBUK">CA HJ</cards>
<cards type="Pocket" player="oreiasccp">D9 D6</cards>
<cards type="Pocket" player="charddhong19">X X</cards>
<action no="3" player="charddhong19" type="0" discard="1" dealt="1" sum="0"/>
<action no="4" player="BahTOBUK" type="23" discard="1" dealt="1" sum="60"/>
<action no="5" player="oreiasccp" type="3" sum="40"/>
</round>
<round no="2"><cards type="Flop">SJ S9 DA</cards>
<action no="6" player="BahTOBUK" type="5" discard="1" dealt="1" sum="64"/>
<action no="7" player="oreiasccp" type="3" sum="64"/>
</round>
<round no="3"><cards type="Turn">S6</cards>
<action no="8" player="BahTOBUK" type="5" discard="1" dealt="1" sum="186"/>
<action no="9" player="oreiasccp" type="23" sum="376"/>
<action no="10" player="BahTOBUK" type="7" discard="1" dealt="1" sum="190"/>
</round>
<round no="4"><cards type="River">H5</cards>
</round>
</game>
</session>
