<?xml version="1.0" encoding="UTF-8"?>
<session sessioncode="8384866855">
<general>
<client_version>24.7.1.16</client_version>
<mode>real</mode>
<gametype>Holdem NL</gametype>
<tablename>Twister €5 SNG, 1127568815</tablename>
<tournamentcode>1127568814</tournamentcode>
<tournamentname>Twister €5 SNG</tournamentname>
<buyin>€0 + €0.35 + €4.65</buyin>
<totalbuyin>€5</totalbuyin>
<rewarddrawn>€10</rewarddrawn>
<tournamentcurrency>EUR</tournamentcurrency>
<currency>EUR</currency>
<nickname>oreiasccp</nickname>
<gamecount>16</gamecount>
<startdate>2025-06-16 10:57:25</startdate>
<place>1</place>
<win>€10</win>
<tablesize>3</tablesize>
</general>
<game gamecode="11514920583"><general><startdate>2025-06-16 10:57:41</startdate>
<round>1</round>
<failsafecounter/>
<players><player seat="6" name="koko12332" chips="500" dealer="0" win="90" bet="80" muck="1" rebuy="0" addon="0" merge="0" rebuychips="0" reg_code="8384866839"/>
<player seat="10" name="oreiasccp" chips="500" dealer="1" win="0" bet="40" muck="1" rebuy="0" addon="0" merge="0" rebuychips="0" reg_code="8384866855"/>
<player seat="3" name="Flismannen" chips="500" dealer="0" win="0" bet="10" muck="1" rebuy="0" addon="0" merge="0" rebuychips="0" reg_code="8384866810"/>
</players>
</general>
<round no="0"><action no="1" player="Flismannen" type="1" discard="1" dealt="1" sum="10"/>
<action no="2" player="koko12332" type="2" discard="1" dealt="1" sum="20"/>
</round>
<round no="1"><cards type="Pocket" player="koko12332">X X</cards>
<cards type="Pocket" player="oreiasccp">DK H9</cards>
<cards type="Pocket" player="Flismannen">X X</cards>
<action no="3" player="oreiasccp" type="23" sum="40"/>
<action no="4" player="Flismannen" type="0" discard="1" dealt="1" sum="0"/>
<action no="5" player="koko12332" type="23" discard="1" dealt="1" sum="80"/>
<action no="6" player="oreiasccp" type="0" sum="0"/>
</round>
</game>
<game gamecode="11514920656"><general><startdate>2025-06-16 10:58:01</startdate>
<round>1</round>
<failsafecounter/>
<players><player seat="10" name="oreiasccp" chips="460" dealer="0" win="920" bet="460" muck="0" rebuy="0" addon="0" merge="0" rebuychips="0" reg_code="8384866855"/>
<player seat="3" name="Flismannen" chips="490" dealer="1" win="0" bet="0" muck="1" rebuy="0" addon="0" merge="0" rebuychips="0" reg_code="8384866810"/>
<player seat="6" name="koko12332" chips="550" dealer="0" win="0" bet="550" muck="1" rebuy="0" addon="0" merge="0" rebuychips="0" reg_code="8384866839"/>
</players>
</general>
<round no="0"><action no="1" player="koko12332" type="1" discard="1" dealt="1" sum="10"/>
<action no="2" player="oreiasccp" type="2" sum="20"/>
</round>
<round no="1"><cards type="Pocket" player="Flismannen">X X</cards>
<cards type="Pocket" player="oreiasccp">C10 H10</cards>
<cards type="Pocket" player="koko12332">CK S8</cards>
<action no="3" player="Flismannen" type="0" discard="1" dealt="1" sum="0"/>
<action no="4" player="koko12332" type="3" discard="1" dealt="1" sum="10"/>
<action no="5" player="oreiasccp" type="23" sum="50"/>
<action no="6" player="koko12332" type="3" discard="1" dealt="1" sum="30"/>
</round>
<round no="2"><cards type="Flop">H3 D4 D8</cards>
<action no="7" player="koko12332" type="4" discard="1" dealt="1" sum="0"/>
<action no="8" player="oreiasccp" type="5" sum="50"/>
<action no="9" player="koko12332" type="23" discard="1" dealt="1" sum="500"/>
<action no="10" player="oreiasccp" type="7" sum="360"/>
</round>
<round no="3"><cards type="Turn">S6</cards>
</round>
<round no="4"><cards type="River">HJ</cards>
</round>
</game>
<game gamecode="11514920769"><general><startdate>2025-06-16 10:58:30</startdate>
<round>1</round>
<failsafecounter/>
<players><player seat="3" name="Flismannen" chips="490" dealer="0" win="0" bet="20" muck="1" rebuy="0" addon="0" merge="0" rebuychips="0" reg_code="8384866810"/>
<player seat="6" name="koko12332" chips="90" dealer="1" win="200" bet="90" muck="0" rebuy="0" addon="0" merge="0" rebuychips="0" reg_code="8384866839"/>
<player seat="10" name="oreiasccp" chips="920" dealer="0" win="0" bet="490" muck="1" rebuy="0" addon="0" merge="0" rebuychips="0" reg_code="8384866855"/>
</players>
</general>
<round no="0"><action no="1" player="oreiasccp" type="1" sum="10"/>
<action no="2" player="Flismannen" type="2" discard="1" dealt="1" sum="20"/>
</round>
<round no="1"><cards type="Pocket" player="oreiasccp">DA S7</cards>
<cards type="Pocket" player="Flismannen">X X</cards>
<cards type="Pocket" player="koko12332">S8 C10</cards>
<action no="3" player="koko12332" type="23" discard="1" dealt="1" sum="90"/>
<action no="4" player="oreiasccp" type="23" sum="490"/>
<action no="5" player="Flismannen" type="0" discard="1" dealt="1" sum="0"/>
</round>
<round no="2"><cards type="Flop">DK D9 D4</cards>
</round>
<round no="3"><cards type="Turn">H7</cards>
</round>
<round no="4"><cards type="River">H6</cards>
</round>
</game>
<game gamecode="11514920860"><general><startdate>2025-06-16 10:58:56</startdate>
<round>1</round>
<failsafecounter/>
<players><player seat="6" name="koko12332" chips="200" dealer="0" win="0" bet="200" muck="0" rebuy="0" addon="0" merge="0" rebuychips="0" reg_code="8384866839"/>
<player seat="10" name="oreiasccp" chips="830" dealer="1" win="410" bet="200" muck="0" rebuy="0" addon="0" merge="0" rebuychips="0" reg_code="8384866855"/>
<player seat="3" name="Flismannen" chips="470" dealer="0" win="0" bet="10" muck="1" rebuy="0" addon="0" merge="0" rebuychips="0" reg_code="8384866810"/>
</players>
</general>
<round no="0"><action no="1" player="Flismannen" type="1" discard="1" dealt="1" sum="10"/>
<action no="2" player="koko12332" type="2" discard="1" dealt="1" sum="20"/>
</round>
<round no="1"><cards type="Pocket" player="oreiasccp">HA S9</cards>
<cards type="Pocket" player="koko12332">C6 C9</cards>
<cards type="Pocket" player="Flismannen">X X</cards>
<action no="3" player="oreiasccp" type="23" sum="40"/>
<action no="4" player="Flismannen" type="0" discard="1" dealt="1" sum="0"/>
<action no="5" player="koko12332" type="3" discard="1" dealt="1" sum="20"/>
</round>
<round no="2"><cards type="Flop">S2 H9 HK</cards>
<action no="6" player="koko12332" type="4" discard="1" dealt="1" sum="0"/>
<action no="7" player="oreiasccp" type="5" sum="20"/>
<action no="8" player="koko12332" type="23" discard="1" dealt="1" sum="160"/>
<action no="9" player="oreiasccp" type="3" sum="140"/>
</round>
<round no="3"><cards type="Turn">DK</cards>
</round>
<round no="4"><cards type="River">S10</cards>
</round>
</game>
<game gamecode="11514920960"><general><startdate>2025-06-16 10:59:22</startdate>
<round>1</round>
<failsafecounter/>
<players><player seat="10" name="oreiasccp" chips="1,040" dealer="0" win="20" bet="20" muck="1" rebuy="0" addon="0" merge="0" rebuychips="0" reg_code="8384866855"/>
<player seat="3" name="Flismannen" chips="460" dealer="1" win="0" bet="10" muck="1" rebuy="0" addon="0" merge="0" rebuychips="0" reg_code="8384866810"/>
</players>
</general>
<round no="0"><action no="1" player="Flismannen" type="1" discard="1" dealt="1" sum="10"/>
<action no="2" player="oreiasccp" type="2" sum="20"/>
</round>
<round no="1"><cards type="Pocket" player="oreiasccp">SA D2</cards>
<cards type="Pocket" player="Flismannen">X X</cards>
<action no="3" player="Flismannen" type="0" discard="1" dealt="1" sum="0"/>
</round>
</game>
<game gamecode="11514921025"><general><startdate>2025-06-16 10:59:38</startdate>
<round>1</round>
<failsafecounter/>
<players><player seat="3" name="Flismannen" chips="450" dealer="0" win="0" bet="20" muck="1" rebuy="0" addon="0" merge="0" rebuychips="0" reg_code="8384866810"/>
<player seat="10" name="oreiasccp" chips="1,050" dealer="1" win="40" bet="40" muck="1" rebuy="0" addon="0" merge="0" rebuychips="0" reg_code="8384866855"/>
</players>
</general>
<round no="0"><action no="1" player="oreiasccp" type="1" sum="10"/>
<action no="2" player="Flismannen" type="2" discard="1" dealt="1" sum="20"/>
</round>
<round no="1"><cards type="Pocket" player="Flismannen">X X</cards>
<cards type="Pocket" player="oreiasccp">D5 HK</cards>
<action no="3" player="oreiasccp" type="23" sum="40"/>
<action no="4" player="Flismannen" type="0" discard="1" dealt="1" sum="0"/>
</round>
</game>
<game gamecode="11514921078"><general><startdate>2025-06-16 10:59:50</startdate>
<round>1</round>
<failsafecounter/>
<players><player seat="10" name="oreiasccp" chips="1,070" dealer="0" win="0" bet="430" muck="1" rebuy="0" addon="0" merge="0" rebuychips="0" reg_code="8384866855"/>
<player seat="3" name="Flismannen" chips="430" dealer="1" win="860" bet="430" muck="0" rebuy="0" addon="0" merge="0" rebuychips="0" reg_code="8384866810"/>
</players>
</general>
<round no="0"><action no="1" player="Flismannen" type="15" discard="1" dealt="1" sum="5"/>
<action no="2" player="oreiasccp" type="15" sum="5"/>
<action no="3" player="Flismannen" type="1" discard="1" dealt="1" sum="15"/>
<action no="4" player="oreiasccp" type="2" sum="30"/>
</round>
<round no="1"><cards type="Pocket" player="Flismannen">SA SK</cards>
<cards type="Pocket" player="oreiasccp">D5 S5</cards>
<action no="5" player="Flismannen" type="23" discard="1" dealt="1" sum="60"/>
<action no="6" player="oreiasccp" type="23" sum="425"/>
<action no="7" player="Flismannen" type="7" discard="1" dealt="1" sum="365"/>
</round>
<round no="2"><cards type="Flop">C8 H3 S6</cards>
</round>
<round no="3"><cards type="Turn">C6</cards>
</round>
<round no="4"><cards type="River">D8</cards>
</round>
</game>
<game gamecode="11514921156"><general><startdate>2025-06-16 11:00:12</startdate>
<round>1</round>
<failsafecounter/>
<players><player seat="3" name="Flismannen" chips="860" dealer="0" win="40" bet="35" muck="1" rebuy="0" addon="0" merge="0" rebuychips="0" reg_code="8384866810"/>
<player seat="10" name="oreiasccp" chips="640" dealer="1" win="0" bet="20" muck="1" rebuy="0" addon="0" merge="0" rebuychips="0" reg_code="8384866855"/>
</players>
</general>
<round no="0"><action no="1" player="oreiasccp" type="15" sum="5"/>
<action no="2" player="Flismannen" type="15" discard="1" dealt="1" sum="5"/>
<action no="3" player="oreiasccp" type="1" sum="15"/>
<action no="4" player="Flismannen" type="2" discard="1" dealt="1" sum="30"/>
</round>
<round no="1"><cards type="Pocket" player="Flismannen">X X</cards>
<cards type="Pocket" player="oreiasccp">D5 S2</cards>
<action no="5" player="oreiasccp" type="0" sum="0"/>
</round>
</game>
<game gamecode="11514921181"><general><startdate>2025-06-16 11:00:17</startdate>
<round>1</round>
<failsafecounter/>
<players><player seat="10" name="oreiasccp" chips="620" dealer="0" win="40" bet="35" muck="1" rebuy="0" addon="0" merge="0" rebuychips="0" reg_code="8384866855"/>
<player seat="3" name="Flismannen" chips="880" dealer="1" win="0" bet="20" muck="1" rebuy="0" addon="0" merge="0" rebuychips="0" reg_code="8384866810"/>
</players>
</general>
<round no="0"><action no="1" player="Flismannen" type="15" discard="1" dealt="1" sum="5"/>
<action no="2" player="oreiasccp" type="15" sum="5"/>
<action no="3" player="Flismannen" type="1" discard="1" dealt="1" sum="15"/>
<action no="4" player="oreiasccp" type="2" sum="30"/>
</round>
<round no="1"><cards type="Pocket" player="Flismannen">X X</cards>
<cards type="Pocket" player="oreiasccp">S6 D2</cards>
<action no="5" player="Flismannen" type="0" discard="1" dealt="1" sum="0"/>
</round>
</game>
<game gamecode="11514921207"><general><startdate>2025-06-16 11:00:25</startdate>
<round>1</round>
<failsafecounter/>
<players><player seat="3" name="Flismannen" chips="860" dealer="0" win="0" bet="35" muck="1" rebuy="0" addon="0" merge="0" rebuychips="0" reg_code="8384866810"/>
<player seat="10" name="oreiasccp" chips="640" dealer="1" win="70" bet="65" muck="1" rebuy="0" addon="0" merge="0" rebuychips="0" reg_code="8384866855"/>
</players>
</general>
<round no="0"><action no="1" player="oreiasccp" type="15" sum="5"/>
<action no="2" player="Flismannen" type="15" discard="1" dealt="1" sum="5"/>
<action no="3" player="oreiasccp" type="1" sum="15"/>
<action no="4" player="Flismannen" type="2" discard="1" dealt="1" sum="30"/>
</round>
<round no="1"><cards type="Pocket" player="oreiasccp">D7 CJ</cards>
<cards type="Pocket" player="Flismannen">X X</cards>
<action no="5" player="oreiasccp" type="23" sum="60"/>
<action no="6" player="Flismannen" type="0" discard="1" dealt="1" sum="0"/>
</round>
</game>
<game gamecode="11514921252"><general><startdate>2025-06-16 11:00:37</startdate>
<round>1</round>
<failsafecounter/>
<players><player seat="10" name="oreiasccp" chips="675" dealer="0" win="0" bet="35" muck="1" rebuy="0" addon="0" merge="0" rebuychips="0" reg_code="8384866855"/>
<player seat="3" name="Flismannen" chips="825" dealer="1" win="70" bet="65" muck="1" rebuy="0" addon="0" merge="0" rebuychips="0" reg_code="8384866810"/>
</players>
</general>
<round no="0"><action no="1" player="Flismannen" type="15" discard="1" dealt="1" sum="5"/>
<action no="2" player="oreiasccp" type="15" sum="5"/>
<action no="3" player="Flismannen" type="1" discard="1" dealt="1" sum="15"/>
<action no="4" player="oreiasccp" type="2" sum="30"/>
</round>
<round no="1"><cards type="Pocket" player="oreiasccp">C3 S9</cards>
<cards type="Pocket" player="Flismannen">X X</cards>
<action no="5" player="Flismannen" type="23" discard="1" dealt="1" sum="60"/>
<action no="6" player="oreiasccp" type="0" sum="0"/>
</round>
</game>
<game gamecode="11514921292"><general><startdate>2025-06-16 11:00:48</startdate>
<round>1</round>
<failsafecounter/>
<players><player seat="3" name="Flismannen" chips="860" dealer="0" win="0" bet="65" muck="1" rebuy="0" addon="0" merge="0" rebuychips="0" reg_code="8384866810"/>
<player seat="10" name="oreiasccp" chips="640" dealer="1" win="130" bet="65" muck="0" rebuy="0" addon="0" merge="0" rebuychips="0" reg_code="8384866855"/>
</players>
</general>
<round no="0"><action no="1" player="oreiasccp" type="15" sum="5"/>
<action no="2" player="Flismannen" type="15" discard="1" dealt="1" sum="5"/>
<action no="3" player="oreiasccp" type="1" sum="15"/>
<action no="4" player="Flismannen" type="2" discard="1" dealt="1" sum="30"/>
</round>
<round no="1"><cards type="Pocket" player="oreiasccp">D5 HJ</cards>
<cards type="Pocket" player="Flismannen">SQ S6</cards>
<action no="5" player="oreiasccp" type="23" sum="60"/>
<action no="6" player="Flismannen" type="3" discard="1" dealt="1" sum="30"/>
</round>
<round no="2"><cards type="Flop">S8 D4 D9</cards>
<action no="7" player="Flismannen" type="4" discard="1" dealt="1" sum="0"/>
<action no="8" player="oreiasccp" type="4" sum="0"/>
</round>
<round no="3"><cards type="Turn">S5</cards>
<action no="9" player="Flismannen" type="4" discard="1" dealt="1" sum="0"/>
<action no="10" player="oreiasccp" type="4" sum="0"/>
</round>
<round no="4"><cards type="River">DK</cards>
<action no="11" player="Flismannen" type="4" discard="1" dealt="1" sum="0"/>
<action no="12" player="oreiasccp" type="4" sum="0"/>
</round>
</game>
<game gamecode="11514925052"><general><startdate>2025-06-16 11:01:14</startdate>
<round>1</round>
<failsafecounter/>
<players><player seat="10" name="oreiasccp" chips="705" dealer="0" win="0" bet="65" muck="1" rebuy="0" addon="0" merge="0" rebuychips="0" reg_code="8384866855"/>
<player seat="3" name="Flismannen" chips="795" dealer="1" win="130" bet="155" muck="1" rebuy="0" addon="0" merge="0" rebuychips="0" reg_code="8384866810"/>
</players>
</general>
<round no="0"><action no="1" player="Flismannen" type="15" discard="1" dealt="1" sum="5"/>
<action no="2" player="oreiasccp" type="15" sum="5"/>
<action no="3" player="Flismannen" type="1" discard="1" dealt="1" sum="15"/>
<action no="4" player="oreiasccp" type="2" sum="30"/>
</round>
<round no="1"><cards type="Pocket" player="Flismannen">X X</cards>
<cards type="Pocket" player="oreiasccp">DK H10</cards>
<action no="5" player="Flismannen" type="23" discard="1" dealt="1" sum="60"/>
<action no="6" player="oreiasccp" type="3" sum="30"/>
</round>
<round no="2"><cards type="Flop">C9 C2 S5</cards>
<action no="7" player="oreiasccp" type="4" sum="0"/>
<action no="8" player="Flismannen" type="5" discard="1" dealt="1" sum="90"/>
<action no="9" player="oreiasccp" type="0" sum="0"/>
</round>
</game>
<game gamecode="11514925098"><general><startdate>2025-06-16 11:01:27</startdate>
<round>1</round>
<failsafecounter/>
<players><player seat="3" name="Flismannen" chips="860" dealer="0" win="130" bet="185" muck="1" rebuy="0" addon="0" merge="0" rebuychips="0" reg_code="8384866810"/>
<player seat="10" name="oreiasccp" chips="640" dealer="1" win="0" bet="65" muck="1" rebuy="0" addon="0" merge="0" rebuychips="0" reg_code="8384866855"/>
</players>
</general>
<round no="0"><action no="1" player="oreiasccp" type="15" sum="5"/>
<action no="2" player="Flismannen" type="15" discard="1" dealt="1" sum="5"/>
<action no="3" player="oreiasccp" type="1" sum="15"/>
<action no="4" player="Flismannen" type="2" discard="1" dealt="1" sum="30"/>
</round>
<round no="1"><cards type="Pocket" player="Flismannen">X X</cards>
<cards type="Pocket" player="oreiasccp">S2 DQ</cards>
<action no="5" player="oreiasccp" type="23" sum="60"/>
<action no="6" player="Flismannen" type="23" discard="1" dealt="1" sum="180"/>
<action no="7" player="oreiasccp" type="0" sum="0"/>
</round>
</game>
<game gamecode="11514925151"><general><startdate>2025-06-16 11:01:41</startdate>
<round>1</round>
<failsafecounter/>
<players><player seat="10" name="oreiasccp" chips="575" dealer="0" win="1,150" bet="575" muck="0" rebuy="0" addon="0" merge="0" rebuychips="0" reg_code="8384866855"/>
<player seat="3" name="Flismannen" chips="925" dealer="1" win="0" bet="925" muck="0" rebuy="0" addon="0" merge="0" rebuychips="0" reg_code="8384866810"/>
</players>
</general>
<round no="0"><action no="1" player="Flismannen" type="15" discard="1" dealt="1" sum="5"/>
<action no="2" player="oreiasccp" type="15" sum="5"/>
<action no="3" player="Flismannen" type="1" discard="1" dealt="1" sum="20"/>
<action no="4" player="oreiasccp" type="2" sum="40"/>
</round>
<round no="1"><cards type="Pocket" player="oreiasccp">D10 C10</cards>
<cards type="Pocket" player="Flismannen">S6 S7</cards>
<action no="5" player="Flismannen" type="3" discard="1" dealt="1" sum="20"/>
<action no="6" player="oreiasccp" type="23" sum="100"/>
<action no="7" player="Flismannen" type="3" discard="1" dealt="1" sum="60"/>
</round>
<round no="2"><cards type="Flop">D9 S3 S4</cards>
<action no="8" player="oreiasccp" type="5" sum="120"/>
<action no="9" player="Flismannen" type="23" discard="1" dealt="1" sum="820"/>
<action no="10" player="oreiasccp" type="7" sum="350"/>
</round>
<round no="3"><cards type="Turn">H9</cards>
</round>
<round no="4"><cards type="River">C4</cards>
</round>
</game>
<game gamecode="11514925252"><general><startdate>2025-06-16 11:02:08</startdate>
<round>1</round>
<failsafecounter/>
<players><player seat="3" name="Flismannen" chips="350" dealer="0" win="0" bet="350" muck="0" rebuy="0" addon="0" merge="0" rebuychips="0" reg_code="8384866810"/>
<player seat="10" name="oreiasccp" chips="1,150" dealer="1" win="700" bet="350" muck="0" rebuy="0" addon="0" merge="0" rebuychips="0" reg_code="8384866855"/>
</players>
</general>
<round no="0"><action no="1" player="oreiasccp" type="15" sum="5"/>
<action no="2" player="Flismannen" type="15" discard="1" dealt="1" sum="5"/>
<action no="3" player="oreiasccp" type="1" sum="20"/>
<action no="4" player="Flismannen" type="2" discard="1" dealt="1" sum="40"/>
</round>
<round no="1"><cards type="Pocket" player="oreiasccp">C10 HA</cards>
<cards type="Pocket" player="Flismannen">CA SJ</cards>
<action no="5" player="oreiasccp" type="23" sum="345"/>
<action no="6" player="Flismannen" type="7" discard="1" dealt="1" sum="305"/>
</round>
<round no="2"><cards type="Flop">S7 H8 D9</cards>
</round>
<round no="3"><cards type="Turn">C6</cards>
</round>
<round no="4"><cards type="River">HK</cards>
</round>
</game>
</session>
