<?xml version="1.0" encoding="UTF-8"?>
<session sessioncode="8384814601">
<general>
<client_version>24.7.1.16</client_version>
<mode>real</mode>
<gametype>Holdem NL</gametype>
<tablename>Twister €5 SNG, 1127559111</tablename>
<tournamentcode>1127559110</tournamentcode>
<tournamentname>Twister €5 SNG</tournamentname>
<buyin>€0 + €0.35 + €4.65</buyin>
<totalbuyin>€5</totalbuyin>
<rewarddrawn>€10</rewarddrawn>
<tournamentcurrency>EUR</tournamentcurrency>
<currency>EUR</currency>
<nickname>oreiasccp</nickname>
<gamecount>3</gamecount>
<startdate>2025-06-16 06:29:55</startdate>
<place>3</place>
<win>€0</win>
<tablesize>3</tablesize>
</general>
<game gamecode="11514759246"><general><startdate>2025-06-16 06:30:10</startdate>
<round>1</round>
<failsafecounter/>
<players><player seat="6" name="stammerhammer007" chips="500" dealer="0" win="120" bet="120" muck="1" rebuy="0" addon="0" merge="0" rebuychips="0" reg_code="8384814647"/>
<player seat="10" name="bobbb1" chips="500" dealer="1" win="0" bet="0" muck="1" rebuy="0" addon="0" merge="0" rebuychips="0" reg_code="8384814677"/>
<player seat="3" name="oreiasccp" chips="500" dealer="0" win="0" bet="60" muck="1" rebuy="0" addon="0" merge="0" rebuychips="0" reg_code="8384814601"/>
</players>
</general>
<round no="0"><action no="1" player="oreiasccp" type="1" sum="10"/>
<action no="2" player="stammerhammer007" type="2" discard="1" dealt="1" sum="20"/>
</round>
<round no="1"><cards type="Pocket" player="stammerhammer007">X X</cards>
<cards type="Pocket" player="oreiasccp">D6 H7</cards>
<cards type="Pocket" player="bobbb1">X X</cards>
<action no="3" player="bobbb1" type="0" discard="1" dealt="1" sum="0"/>
<action no="4" player="oreiasccp" type="23" sum="40"/>
<action no="5" player="stammerhammer007" type="3" discard="1" dealt="1" sum="20"/>
</round>
<round no="2"><cards type="Flop">C10 C4 S8</cards>
<action no="6" player="oreiasccp" type="5" sum="20"/>
<action no="7" player="stammerhammer007" type="3" discard="1" dealt="1" sum="20"/>
</round>
<round no="3"><cards type="Turn">SJ</cards>
<action no="8" player="oreiasccp" type="4" sum="0"/>
<action no="9" player="stammerhammer007" type="5" discard="1" dealt="1" sum="60"/>
<action no="10" player="oreiasccp" type="0" sum="0"/>
</round>
</game>
<game gamecode="11514759338"><general><startdate>2025-06-16 06:30:53</startdate>
<round>1</round>
<failsafecounter/>
<players><player seat="10" name="bobbb1" chips="500" dealer="0" win="0" bet="60" muck="1" rebuy="0" addon="0" merge="0" rebuychips="0" reg_code="8384814677"/>
<player seat="3" name="oreiasccp" chips="440" dealer="1" win="0" bet="0" muck="1" rebuy="0" addon="0" merge="0" rebuychips="0" reg_code="8384814601"/>
<player seat="6" name="stammerhammer007" chips="560" dealer="0" win="120" bet="80" muck="1" rebuy="0" addon="0" merge="0" rebuychips="0" reg_code="8384814647"/>
</players>
</general>
<round no="0"><action no="1" player="stammerhammer007" type="1" discard="1" dealt="1" sum="10"/>
<action no="2" player="bobbb1" type="2" discard="1" dealt="1" sum="20"/>
</round>
<round no="1"><cards type="Pocket" player="stammerhammer007">X X</cards>
<cards type="Pocket" player="bobbb1">X X</cards>
<cards type="Pocket" player="oreiasccp">D2 H8</cards>
<action no="3" player="oreiasccp" type="0" sum="0"/>
<action no="4" player="stammerhammer007" type="3" discard="1" dealt="1" sum="10"/>
<action no="5" player="bobbb1" type="4" discard="1" dealt="1" sum="0"/>
</round>
<round no="2"><cards type="Flop">S2 H3 D9</cards>
<action no="6" player="stammerhammer007" type="4" discard="1" dealt="1" sum="0"/>
<action no="7" player="bobbb1" type="5" discard="1" dealt="1" sum="20"/>
<action no="8" player="stammerhammer007" type="23" discard="1" dealt="1" sum="40"/>
<action no="9" player="bobbb1" type="3" discard="1" dealt="1" sum="20"/>
</round>
<round no="3"><cards type="Turn">D8</cards>
<action no="10" player="stammerhammer007" type="5" discard="1" dealt="1" sum="20"/>
<action no="11" player="bobbb1" type="0" discard="1" dealt="1" sum="0"/>
</round>
</game>
<game gamecode="11514759437"><general><startdate>2025-06-16 06:31:30</startdate>
<round>1</round>
<failsafecounter/>
<players><player seat="3" name="oreiasccp" chips="440" dealer="0" win="0" bet="440" muck="0" rebuy="0" addon="0" merge="0" rebuychips="0" reg_code="8384814601"/>
<player seat="6" name="stammerhammer007" chips="620" dealer="1" win="900" bet="440" muck="0" rebuy="0" addon="0" merge="0" rebuychips="0" reg_code="8384814647"/>
<player seat="10" name="bobbb1" chips="440" dealer="0" win="0" bet="20" muck="1" rebuy="0" addon="0" merge="0" rebuychips="0" reg_code="8384814677"/>
</players>
</general>
<round no="0"><action no="1" player="bobbb1" type="1" discard="1" dealt="1" sum="10"/>
<action no="2" player="oreiasccp" type="2" sum="20"/>
</round>
<round no="1"><cards type="Pocket" player="stammerhammer007">C10 CQ</cards>
<cards type="Pocket" player="bobbb1">X X</cards>
<cards type="Pocket" player="oreiasccp">S8 C8</cards>
<action no="3" player="stammerhammer007" type="3" discard="1" dealt="1" sum="20"/>
<action no="4" player="bobbb1" type="3" discard="1" dealt="1" sum="10"/>
<action no="5" player="oreiasccp" type="23" sum="440"/>
<action no="6" player="stammerhammer007" type="3" discard="1" dealt="1" sum="420"/>
<action no="7" player="bobbb1" type="0" discard="1" dealt="1" sum="0"/>
</round>
<round no="2"><cards type="Flop">C5 H5 D2</cards>
</round>
<round no="3"><cards type="Turn">S4</cards>
</round>
<round no="4"><cards type="River">S10</cards>
</round>
</game>
</session>
