<?xml version="1.0" encoding="UTF-8"?>
<session sessioncode="8384821655">
<general>
<client_version>24.7.1.16</client_version>
<mode>real</mode>
<gametype>Holdem NL</gametype>
<tablename>Twister €5 SNG, 1127560620</tablename>
<tournamentcode>1127560619</tournamentcode>
<tournamentname>Twister €5 SNG</tournamentname>
<buyin>€0 + €0.35 + €4.65</buyin>
<totalbuyin>€5</totalbuyin>
<rewarddrawn>€10</rewarddrawn>
<tournamentcurrency>EUR</tournamentcurrency>
<currency>EUR</currency>
<nickname>oreiasccp</nickname>
<gamecount>38</gamecount>
<startdate>2025-06-16 07:16:14</startdate>
<place>1</place>
<win>€10</win>
<tablesize>3</tablesize>
</general>
<game gamecode="11514777831"><general><startdate>2025-06-16 07:16:29</startdate>
<round>1</round>
<failsafecounter/>
<players><player seat="10" name="Nikam9" chips="500" dealer="0" win="0" bet="100" muck="1" rebuy="0" addon="0" merge="0" rebuychips="0" reg_code="8384821708"/>
<player seat="3" name="oreiasccp" chips="500" dealer="1" win="420" bet="160" muck="0" rebuy="0" addon="0" merge="0" rebuychips="0" reg_code="8384821655"/>
<player seat="6" name="LordKarle" chips="500" dealer="0" win="0" bet="160" muck="1" rebuy="0" addon="0" merge="0" rebuychips="0" reg_code="8384821665"/>
</players>
</general>
<round no="0"><action no="1" player="LordKarle" type="1" discard="1" dealt="1" sum="10"/>
<action no="2" player="Nikam9" type="2" discard="1" dealt="1" sum="20"/>
</round>
<round no="1"><cards type="Pocket" player="oreiasccp">SK S5</cards>
<cards type="Pocket" player="Nikam9">X X</cards>
<cards type="Pocket" player="LordKarle">D6 D2</cards>
<action no="3" player="oreiasccp" type="23" sum="40"/>
<action no="4" player="LordKarle" type="3" discard="1" dealt="1" sum="30"/>
<action no="5" player="Nikam9" type="3" discard="1" dealt="1" sum="20"/>
</round>
<round no="2"><cards type="Flop">DK S4 C3</cards>
<action no="6" player="LordKarle" type="4" discard="1" dealt="1" sum="0"/>
<action no="7" player="Nikam9" type="5" discard="1" dealt="1" sum="20"/>
<action no="8" player="oreiasccp" type="3" sum="20"/>
<action no="9" player="LordKarle" type="3" discard="1" dealt="1" sum="20"/>
</round>
<round no="3"><cards type="Turn">S6</cards>
<action no="10" player="LordKarle" type="4" discard="1" dealt="1" sum="0"/>
<action no="11" player="Nikam9" type="5" discard="1" dealt="1" sum="40"/>
<action no="12" player="oreiasccp" type="3" sum="40"/>
<action no="13" player="LordKarle" type="3" discard="1" dealt="1" sum="40"/>
</round>
<round no="4"><cards type="River">C2</cards>
<action no="14" player="LordKarle" type="4" discard="1" dealt="1" sum="0"/>
<action no="15" player="Nikam9" type="4" discard="1" dealt="1" sum="0"/>
<action no="16" player="oreiasccp" type="5" sum="60"/>
<action no="17" player="LordKarle" type="3" discard="1" dealt="1" sum="60"/>
<action no="18" player="Nikam9" type="0" discard="1" dealt="1" sum="0"/>
</round>
</game>
<game gamecode="11514781812"><general><startdate>2025-06-16 07:17:18</startdate>
<round>1</round>
<failsafecounter/>
<players><player seat="3" name="oreiasccp" chips="760" dealer="0" win="0" bet="20" muck="1" rebuy="0" addon="0" merge="0" rebuychips="0" reg_code="8384821655"/>
<player seat="6" name="LordKarle" chips="340" dealer="1" win="140" bet="120" muck="1" rebuy="0" addon="0" merge="0" rebuychips="0" reg_code="8384821665"/>
<player seat="10" name="Nikam9" chips="400" dealer="0" win="0" bet="60" muck="1" rebuy="0" addon="0" merge="0" rebuychips="0" reg_code="8384821708"/>
</players>
</general>
<round no="0"><action no="1" player="Nikam9" type="1" discard="1" dealt="1" sum="10"/>
<action no="2" player="oreiasccp" type="2" sum="20"/>
</round>
<round no="1"><cards type="Pocket" player="oreiasccp">C6 S10</cards>
<cards type="Pocket" player="LordKarle">X X</cards>
<cards type="Pocket" player="Nikam9">X X</cards>
<action no="3" player="LordKarle" type="23" discard="1" dealt="1" sum="60"/>
<action no="4" player="Nikam9" type="3" discard="1" dealt="1" sum="50"/>
<action no="5" player="oreiasccp" type="0" sum="0"/>
</round>
<round no="2"><cards type="Flop">D10 S6 D5</cards>
<action no="6" player="Nikam9" type="4" discard="1" dealt="1" sum="0"/>
<action no="7" player="LordKarle" type="5" discard="1" dealt="1" sum="60"/>
<action no="8" player="Nikam9" type="0" discard="1" dealt="1" sum="0"/>
</round>
</game>
<game gamecode="11514781867"><general><startdate>2025-06-16 07:17:33</startdate>
<round>1</round>
<failsafecounter/>
<players><player seat="6" name="LordKarle" chips="420" dealer="0" win="80" bet="160" muck="1" rebuy="0" addon="0" merge="0" rebuychips="0" reg_code="8384821665"/>
<player seat="10" name="Nikam9" chips="340" dealer="1" win="0" bet="0" muck="1" rebuy="0" addon="0" merge="0" rebuychips="0" reg_code="8384821708"/>
<player seat="3" name="oreiasccp" chips="740" dealer="0" win="0" bet="40" muck="1" rebuy="0" addon="0" merge="0" rebuychips="0" reg_code="8384821655"/>
</players>
</general>
<round no="0"><action no="1" player="oreiasccp" type="1" sum="10"/>
<action no="2" player="LordKarle" type="2" discard="1" dealt="1" sum="20"/>
</round>
<round no="1"><cards type="Pocket" player="Nikam9">X X</cards>
<cards type="Pocket" player="LordKarle">X X</cards>
<cards type="Pocket" player="oreiasccp">SK H7</cards>
<action no="3" player="Nikam9" type="0" discard="1" dealt="1" sum="0"/>
<action no="4" player="oreiasccp" type="23" sum="40"/>
<action no="5" player="LordKarle" type="23" discard="1" dealt="1" sum="160"/>
<action no="6" player="oreiasccp" type="0" sum="0"/>
</round>
</game>
<game gamecode="11514781911"><general><startdate>2025-06-16 07:17:48</startdate>
<round>1</round>
<failsafecounter/>
<players><player seat="10" name="Nikam9" chips="340" dealer="0" win="20" bet="20" muck="1" rebuy="0" addon="0" merge="0" rebuychips="0" reg_code="8384821708"/>
<player seat="3" name="oreiasccp" chips="700" dealer="1" win="0" bet="0" muck="1" rebuy="0" addon="0" merge="0" rebuychips="0" reg_code="8384821655"/>
<player seat="6" name="LordKarle" chips="460" dealer="0" win="0" bet="10" muck="1" rebuy="0" addon="0" merge="0" rebuychips="0" reg_code="8384821665"/>
</players>
</general>
<round no="0"><action no="1" player="LordKarle" type="1" discard="1" dealt="1" sum="10"/>
<action no="2" player="Nikam9" type="2" discard="1" dealt="1" sum="20"/>
</round>
<round no="1"><cards type="Pocket" player="Nikam9">X X</cards>
<cards type="Pocket" player="LordKarle">X X</cards>
<cards type="Pocket" player="oreiasccp">D5 S4</cards>
<action no="3" player="oreiasccp" type="0" sum="0"/>
<action no="4" player="LordKarle" type="0" discard="1" dealt="1" sum="0"/>
</round>
</game>
<game gamecode="11514781926"><general><startdate>2025-06-16 07:17:55</startdate>
<round>1</round>
<failsafecounter/>
<players><player seat="3" name="oreiasccp" chips="700" dealer="0" win="40" bet="350" muck="1" rebuy="0" addon="0" merge="0" rebuychips="0" reg_code="8384821655"/>
<player seat="6" name="LordKarle" chips="450" dealer="1" win="0" bet="0" muck="1" rebuy="0" addon="0" merge="0" rebuychips="0" reg_code="8384821665"/>
<player seat="10" name="Nikam9" chips="350" dealer="0" win="0" bet="20" muck="1" rebuy="0" addon="0" merge="0" rebuychips="0" reg_code="8384821708"/>
</players>
</general>
<round no="0"><action no="1" player="Nikam9" type="1" discard="1" dealt="1" sum="10"/>
<action no="2" player="oreiasccp" type="2" sum="20"/>
</round>
<round no="1"><cards type="Pocket" player="oreiasccp">SA H7</cards>
<cards type="Pocket" player="LordKarle">X X</cards>
<cards type="Pocket" player="Nikam9">X X</cards>
<action no="3" player="LordKarle" type="0" discard="1" dealt="1" sum="0"/>
<action no="4" player="Nikam9" type="3" discard="1" dealt="1" sum="10"/>
<action no="5" player="oreiasccp" type="23" sum="350"/>
<action no="6" player="Nikam9" type="0" discard="1" dealt="1" sum="0"/>
</round>
</game>
<game gamecode="11514781960"><general><startdate>2025-06-16 07:18:11</startdate>
<round>1</round>
<failsafecounter/>
<players><player seat="6" name="LordKarle" chips="450" dealer="0" win="0" bet="20" muck="1" rebuy="0" addon="0" merge="0" rebuychips="0" reg_code="8384821665"/>
<player seat="10" name="Nikam9" chips="330" dealer="1" win="0" bet="0" muck="1" rebuy="0" addon="0" merge="0" rebuychips="0" reg_code="8384821708"/>
<player seat="3" name="oreiasccp" chips="720" dealer="0" win="40" bet="450" muck="1" rebuy="0" addon="0" merge="0" rebuychips="0" reg_code="8384821655"/>
</players>
</general>
<round no="0"><action no="1" player="oreiasccp" type="1" sum="10"/>
<action no="2" player="LordKarle" type="2" discard="1" dealt="1" sum="20"/>
</round>
<round no="1"><cards type="Pocket" player="oreiasccp">C9 HA</cards>
<cards type="Pocket" player="Nikam9">X X</cards>
<cards type="Pocket" player="LordKarle">X X</cards>
<action no="3" player="Nikam9" type="0" discard="1" dealt="1" sum="0"/>
<action no="4" player="oreiasccp" type="23" sum="450"/>
<action no="5" player="LordKarle" type="0" discard="1" dealt="1" sum="0"/>
</round>
</game>
<game gamecode="11514782005"><general><startdate>2025-06-16 07:18:28</startdate>
<round>1</round>
<failsafecounter/>
<players><player seat="10" name="Nikam9" chips="330" dealer="0" win="0" bet="35" muck="1" rebuy="0" addon="0" merge="0" rebuychips="0" reg_code="8384821708"/>
<player seat="3" name="oreiasccp" chips="740" dealer="1" win="90" bet="430" muck="1" rebuy="0" addon="0" merge="0" rebuychips="0" reg_code="8384821655"/>
<player seat="6" name="LordKarle" chips="430" dealer="0" win="0" bet="20" muck="1" rebuy="0" addon="0" merge="0" rebuychips="0" reg_code="8384821665"/>
</players>
</general>
<round no="0"><action no="1" player="LordKarle" type="15" discard="1" dealt="1" sum="5"/>
<action no="2" player="Nikam9" type="15" discard="1" dealt="1" sum="5"/>
<action no="3" player="oreiasccp" type="15" sum="5"/>
<action no="4" player="LordKarle" type="1" discard="1" dealt="1" sum="15"/>
<action no="5" player="Nikam9" type="2" discard="1" dealt="1" sum="30"/>
</round>
<round no="1"><cards type="Pocket" player="oreiasccp">S2 H2</cards>
<cards type="Pocket" player="Nikam9">X X</cards>
<cards type="Pocket" player="LordKarle">X X</cards>
<action no="6" player="oreiasccp" type="23" sum="425"/>
<action no="7" player="LordKarle" type="0" discard="1" dealt="1" sum="0"/>
<action no="8" player="Nikam9" type="0" discard="1" dealt="1" sum="0"/>
</round>
</game>
<game gamecode="11514782038"><general><startdate>2025-06-16 07:18:45</startdate>
<round>1</round>
<failsafecounter/>
<players><player seat="3" name="oreiasccp" chips="795" dealer="0" win="75" bet="295" muck="1" rebuy="0" addon="0" merge="0" rebuychips="0" reg_code="8384821655"/>
<player seat="6" name="LordKarle" chips="410" dealer="1" win="0" bet="5" muck="1" rebuy="0" addon="0" merge="0" rebuychips="0" reg_code="8384821665"/>
<player seat="10" name="Nikam9" chips="295" dealer="0" win="0" bet="35" muck="1" rebuy="0" addon="0" merge="0" rebuychips="0" reg_code="8384821708"/>
</players>
</general>
<round no="0"><action no="1" player="Nikam9" type="15" discard="1" dealt="1" sum="5"/>
<action no="2" player="oreiasccp" type="15" sum="5"/>
<action no="3" player="LordKarle" type="15" discard="1" dealt="1" sum="5"/>
<action no="4" player="Nikam9" type="1" discard="1" dealt="1" sum="15"/>
<action no="5" player="oreiasccp" type="2" sum="30"/>
</round>
<round no="1"><cards type="Pocket" player="oreiasccp">C5 HK</cards>
<cards type="Pocket" player="LordKarle">X X</cards>
<cards type="Pocket" player="Nikam9">X X</cards>
<action no="6" player="LordKarle" type="0" discard="1" dealt="1" sum="0"/>
<action no="7" player="Nikam9" type="3" discard="1" dealt="1" sum="15"/>
<action no="8" player="oreiasccp" type="23" sum="290"/>
<action no="9" player="Nikam9" type="0" discard="1" dealt="1" sum="0"/>
</round>
</game>
<game gamecode="11514782071"><general><startdate>2025-06-16 07:18:57</startdate>
<round>1</round>
<failsafecounter/>
<players><player seat="6" name="LordKarle" chips="405" dealer="0" win="255" bet="125" muck="0" rebuy="0" addon="0" merge="0" rebuychips="0" reg_code="8384821665"/>
<player seat="10" name="Nikam9" chips="260" dealer="1" win="0" bet="5" muck="1" rebuy="0" addon="0" merge="0" rebuychips="0" reg_code="8384821708"/>
<player seat="3" name="oreiasccp" chips="835" dealer="0" win="0" bet="125" muck="1" rebuy="0" addon="0" merge="0" rebuychips="0" reg_code="8384821655"/>
</players>
</general>
<round no="0"><action no="1" player="oreiasccp" type="15" sum="5"/>
<action no="2" player="LordKarle" type="15" discard="1" dealt="1" sum="5"/>
<action no="3" player="Nikam9" type="15" discard="1" dealt="1" sum="5"/>
<action no="4" player="oreiasccp" type="1" sum="15"/>
<action no="5" player="LordKarle" type="2" discard="1" dealt="1" sum="30"/>
</round>
<round no="1"><cards type="Pocket" player="Nikam9">X X</cards>
<cards type="Pocket" player="LordKarle">D9 S3</cards>
<cards type="Pocket" player="oreiasccp">C6 C3</cards>
<action no="6" player="Nikam9" type="0" discard="1" dealt="1" sum="0"/>
<action no="7" player="oreiasccp" type="3" sum="15"/>
<action no="8" player="LordKarle" type="4" discard="1" dealt="1" sum="0"/>
</round>
<round no="2"><cards type="Flop">S8 H9 D2</cards>
<action no="9" player="oreiasccp" type="5" sum="30"/>
<action no="10" player="LordKarle" type="3" discard="1" dealt="1" sum="30"/>
</round>
<round no="3"><cards type="Turn">H5</cards>
<action no="11" player="oreiasccp" type="4" sum="0"/>
<action no="12" player="LordKarle" type="5" discard="1" dealt="1" sum="60"/>
<action no="13" player="oreiasccp" type="3" sum="60"/>
</round>
<round no="4"><cards type="River">H6</cards>
<action no="14" player="oreiasccp" type="4" sum="0"/>
<action no="15" player="LordKarle" type="4" discard="1" dealt="1" sum="0"/>
</round>
</game>
<game gamecode="11514782133"><general><startdate>2025-06-16 07:19:22</startdate>
<round>1</round>
<failsafecounter/>
<players><player seat="10" name="Nikam9" chips="255" dealer="0" win="0" bet="35" muck="1" rebuy="0" addon="0" merge="0" rebuychips="0" reg_code="8384821708"/>
<player seat="3" name="oreiasccp" chips="710" dealer="1" win="90" bet="65" muck="1" rebuy="0" addon="0" merge="0" rebuychips="0" reg_code="8384821655"/>
<player seat="6" name="LordKarle" chips="535" dealer="0" win="0" bet="20" muck="1" rebuy="0" addon="0" merge="0" rebuychips="0" reg_code="8384821665"/>
</players>
</general>
<round no="0"><action no="1" player="LordKarle" type="15" discard="1" dealt="1" sum="5"/>
<action no="2" player="Nikam9" type="15" discard="1" dealt="1" sum="5"/>
<action no="3" player="oreiasccp" type="15" sum="5"/>
<action no="4" player="LordKarle" type="1" discard="1" dealt="1" sum="15"/>
<action no="5" player="Nikam9" type="2" discard="1" dealt="1" sum="30"/>
</round>
<round no="1"><cards type="Pocket" player="Nikam9">X X</cards>
<cards type="Pocket" player="LordKarle">X X</cards>
<cards type="Pocket" player="oreiasccp">H4 D4</cards>
<action no="6" player="oreiasccp" type="23" sum="60"/>
<action no="7" player="LordKarle" type="0" discard="1" dealt="1" sum="0"/>
<action no="8" player="Nikam9" type="0" discard="1" dealt="1" sum="0"/>
</round>
</game>
<game gamecode="11514782183"><general><startdate>2025-06-16 07:19:40</startdate>
<round>1</round>
<failsafecounter/>
<players><player seat="3" name="oreiasccp" chips="765" dealer="0" win="0" bet="35" muck="1" rebuy="0" addon="0" merge="0" rebuychips="0" reg_code="8384821655"/>
<player seat="6" name="LordKarle" chips="515" dealer="1" win="0" bet="95" muck="1" rebuy="0" addon="0" merge="0" rebuychips="0" reg_code="8384821665"/>
<player seat="10" name="Nikam9" chips="220" dealer="0" win="225" bet="220" muck="1" rebuy="0" addon="0" merge="0" rebuychips="0" reg_code="8384821708"/>
</players>
</general>
<round no="0"><action no="1" player="Nikam9" type="15" discard="1" dealt="1" sum="5"/>
<action no="2" player="oreiasccp" type="15" sum="5"/>
<action no="3" player="LordKarle" type="15" discard="1" dealt="1" sum="5"/>
<action no="4" player="Nikam9" type="1" discard="1" dealt="1" sum="15"/>
<action no="5" player="oreiasccp" type="2" sum="30"/>
</round>
<round no="1"><cards type="Pocket" player="oreiasccp">S9 H7</cards>
<cards type="Pocket" player="LordKarle">X X</cards>
<cards type="Pocket" player="Nikam9">X X</cards>
<action no="6" player="LordKarle" type="23" discard="1" dealt="1" sum="90"/>
<action no="7" player="Nikam9" type="23" discard="1" dealt="1" sum="215"/>
<action no="8" player="oreiasccp" type="0" sum="0"/>
<action no="9" player="LordKarle" type="0" discard="1" dealt="1" sum="0"/>
</round>
</game>
<game gamecode="11514782219"><general><startdate>2025-06-16 07:19:53</startdate>
<round>1</round>
<failsafecounter/>
<players><player seat="6" name="LordKarle" chips="420" dealer="0" win="0" bet="35" muck="1" rebuy="0" addon="0" merge="0" rebuychips="0" reg_code="8384821665"/>
<player seat="10" name="Nikam9" chips="350" dealer="1" win="90" bet="350" muck="1" rebuy="0" addon="0" merge="0" rebuychips="0" reg_code="8384821708"/>
<player seat="3" name="oreiasccp" chips="730" dealer="0" win="0" bet="20" muck="1" rebuy="0" addon="0" merge="0" rebuychips="0" reg_code="8384821655"/>
</players>
</general>
<round no="0"><action no="1" player="oreiasccp" type="15" sum="5"/>
<action no="2" player="LordKarle" type="15" discard="1" dealt="1" sum="5"/>
<action no="3" player="Nikam9" type="15" discard="1" dealt="1" sum="5"/>
<action no="4" player="oreiasccp" type="1" sum="15"/>
<action no="5" player="LordKarle" type="2" discard="1" dealt="1" sum="30"/>
</round>
<round no="1"><cards type="Pocket" player="LordKarle">X X</cards>
<cards type="Pocket" player="oreiasccp">H5 S7</cards>
<cards type="Pocket" player="Nikam9">X X</cards>
<action no="6" player="Nikam9" type="23" discard="1" dealt="1" sum="345"/>
<action no="7" player="oreiasccp" type="0" sum="0"/>
<action no="8" player="LordKarle" type="0" discard="1" dealt="1" sum="0"/>
</round>
</game>
<game gamecode="11514782277"><general><startdate>2025-06-16 07:20:12</startdate>
<round>1</round>
<failsafecounter/>
<players><player seat="10" name="Nikam9" chips="405" dealer="0" win="0" bet="35" muck="1" rebuy="0" addon="0" merge="0" rebuychips="0" reg_code="8384821708"/>
<player seat="3" name="oreiasccp" chips="710" dealer="1" win="0" bet="5" muck="1" rebuy="0" addon="0" merge="0" rebuychips="0" reg_code="8384821655"/>
<player seat="6" name="LordKarle" chips="385" dealer="0" win="75" bet="95" muck="1" rebuy="0" addon="0" merge="0" rebuychips="0" reg_code="8384821665"/>
</players>
</general>
<round no="0"><action no="1" player="LordKarle" type="15" discard="1" dealt="1" sum="5"/>
<action no="2" player="Nikam9" type="15" discard="1" dealt="1" sum="5"/>
<action no="3" player="oreiasccp" type="15" sum="5"/>
<action no="4" player="LordKarle" type="1" discard="1" dealt="1" sum="15"/>
<action no="5" player="Nikam9" type="2" discard="1" dealt="1" sum="30"/>
</round>
<round no="1"><cards type="Pocket" player="oreiasccp">D2 DQ</cards>
<cards type="Pocket" player="LordKarle">X X</cards>
<cards type="Pocket" player="Nikam9">X X</cards>
<action no="6" player="oreiasccp" type="0" sum="0"/>
<action no="7" player="LordKarle" type="23" discard="1" dealt="1" sum="90"/>
<action no="8" player="Nikam9" type="0" discard="1" dealt="1" sum="0"/>
</round>
</game>
<game gamecode="11514782306"><general><startdate>2025-06-16 07:20:23</startdate>
<round>1</round>
<failsafecounter/>
<players><player seat="3" name="oreiasccp" chips="705" dealer="0" win="45" bet="35" muck="1" rebuy="0" addon="0" merge="0" rebuychips="0" reg_code="8384821655"/>
<player seat="6" name="LordKarle" chips="425" dealer="1" win="0" bet="5" muck="1" rebuy="0" addon="0" merge="0" rebuychips="0" reg_code="8384821665"/>
<player seat="10" name="Nikam9" chips="370" dealer="0" win="0" bet="20" muck="1" rebuy="0" addon="0" merge="0" rebuychips="0" reg_code="8384821708"/>
</players>
</general>
<round no="0"><action no="1" player="Nikam9" type="15" discard="1" dealt="1" sum="5"/>
<action no="2" player="oreiasccp" type="15" sum="5"/>
<action no="3" player="LordKarle" type="15" discard="1" dealt="1" sum="5"/>
<action no="4" player="Nikam9" type="1" discard="1" dealt="1" sum="15"/>
<action no="5" player="oreiasccp" type="2" sum="30"/>
</round>
<round no="1"><cards type="Pocket" player="LordKarle">X X</cards>
<cards type="Pocket" player="Nikam9">X X</cards>
<cards type="Pocket" player="oreiasccp">D4 DQ</cards>
<action no="6" player="LordKarle" type="0" discard="1" dealt="1" sum="0"/>
<action no="7" player="Nikam9" type="0" discard="1" dealt="1" sum="0"/>
</round>
</game>
<game gamecode="11514782329"><general><startdate>2025-06-16 07:20:31</startdate>
<round>1</round>
<failsafecounter/>
<players><player seat="6" name="LordKarle" chips="420" dealer="0" win="255" bet="285" muck="1" rebuy="0" addon="0" merge="0" rebuychips="0" reg_code="8384821665"/>
<player seat="10" name="Nikam9" chips="350" dealer="1" win="0" bet="85" muck="1" rebuy="0" addon="0" merge="0" rebuychips="0" reg_code="8384821708"/>
<player seat="3" name="oreiasccp" chips="730" dealer="0" win="0" bet="85" muck="1" rebuy="0" addon="0" merge="0" rebuychips="0" reg_code="8384821655"/>
</players>
</general>
<round no="0"><action no="1" player="oreiasccp" type="15" sum="5"/>
<action no="2" player="LordKarle" type="15" discard="1" dealt="1" sum="5"/>
<action no="3" player="Nikam9" type="15" discard="1" dealt="1" sum="5"/>
<action no="4" player="oreiasccp" type="1" sum="20"/>
<action no="5" player="LordKarle" type="2" discard="1" dealt="1" sum="40"/>
</round>
<round no="1"><cards type="Pocket" player="LordKarle">X X</cards>
<cards type="Pocket" player="Nikam9">X X</cards>
<cards type="Pocket" player="oreiasccp">D10 SQ</cards>
<action no="6" player="Nikam9" type="3" discard="1" dealt="1" sum="40"/>
<action no="7" player="oreiasccp" type="3" sum="20"/>
<action no="8" player="LordKarle" type="4" discard="1" dealt="1" sum="0"/>
</round>
<round no="2"><cards type="Flop">D2 H8 C7</cards>
<action no="9" player="oreiasccp" type="4" sum="0"/>
<action no="10" player="LordKarle" type="4" discard="1" dealt="1" sum="0"/>
<action no="11" player="Nikam9" type="5" discard="1" dealt="1" sum="40"/>
<action no="12" player="oreiasccp" type="3" sum="40"/>
<action no="13" player="LordKarle" type="3" discard="1" dealt="1" sum="40"/>
</round>
<round no="3"><cards type="Turn">D5</cards>
<action no="14" player="oreiasccp" type="4" sum="0"/>
<action no="15" player="LordKarle" type="4" discard="1" dealt="1" sum="0"/>
<action no="16" player="Nikam9" type="4" discard="1" dealt="1" sum="0"/>
</round>
<round no="4"><cards type="River">D9</cards>
<action no="17" player="oreiasccp" type="4" sum="0"/>
<action no="18" player="LordKarle" type="5" discard="1" dealt="1" sum="200"/>
<action no="19" player="Nikam9" type="0" discard="1" dealt="1" sum="0"/>
<action no="20" player="oreiasccp" type="0" sum="0"/>
</round>
</game>
<game gamecode="11514782449"><general><startdate>2025-06-16 07:21:12</startdate>
<round>1</round>
<failsafecounter/>
<players><player seat="10" name="Nikam9" chips="265" dealer="0" win="55" bet="45" muck="1" rebuy="0" addon="0" merge="0" rebuychips="0" reg_code="8384821708"/>
<player seat="3" name="oreiasccp" chips="645" dealer="1" win="0" bet="5" muck="1" rebuy="0" addon="0" merge="0" rebuychips="0" reg_code="8384821655"/>
<player seat="6" name="LordKarle" chips="590" dealer="0" win="0" bet="25" muck="1" rebuy="0" addon="0" merge="0" rebuychips="0" reg_code="8384821665"/>
</players>
</general>
<round no="0"><action no="1" player="LordKarle" type="15" discard="1" dealt="1" sum="5"/>
<action no="2" player="Nikam9" type="15" discard="1" dealt="1" sum="5"/>
<action no="3" player="oreiasccp" type="15" sum="5"/>
<action no="4" player="LordKarle" type="1" discard="1" dealt="1" sum="20"/>
<action no="5" player="Nikam9" type="2" discard="1" dealt="1" sum="40"/>
</round>
<round no="1"><cards type="Pocket" player="Nikam9">X X</cards>
<cards type="Pocket" player="LordKarle">X X</cards>
<cards type="Pocket" player="oreiasccp">H9 C3</cards>
<action no="6" player="oreiasccp" type="0" sum="0"/>
<action no="7" player="LordKarle" type="0" discard="1" dealt="1" sum="0"/>
</round>
</game>
<game gamecode="11514782483"><general><startdate>2025-06-16 07:21:23</startdate>
<round>1</round>
<failsafecounter/>
<players><player seat="3" name="oreiasccp" chips="640" dealer="0" win="0" bet="45" muck="1" rebuy="0" addon="0" merge="0" rebuychips="0" reg_code="8384821655"/>
<player seat="6" name="LordKarle" chips="565" dealer="1" win="0" bet="5" muck="1" rebuy="0" addon="0" merge="0" rebuychips="0" reg_code="8384821665"/>
<player seat="10" name="Nikam9" chips="295" dealer="0" win="95" bet="125" muck="1" rebuy="0" addon="0" merge="0" rebuychips="0" reg_code="8384821708"/>
</players>
</general>
<round no="0"><action no="1" player="Nikam9" type="15" discard="1" dealt="1" sum="5"/>
<action no="2" player="oreiasccp" type="15" sum="5"/>
<action no="3" player="LordKarle" type="15" discard="1" dealt="1" sum="5"/>
<action no="4" player="Nikam9" type="1" discard="1" dealt="1" sum="20"/>
<action no="5" player="oreiasccp" type="2" sum="40"/>
</round>
<round no="1"><cards type="Pocket" player="LordKarle">X X</cards>
<cards type="Pocket" player="Nikam9">X X</cards>
<cards type="Pocket" player="oreiasccp">D6 D7</cards>
<action no="6" player="LordKarle" type="0" discard="1" dealt="1" sum="0"/>
<action no="7" player="Nikam9" type="3" discard="1" dealt="1" sum="20"/>
<action no="8" player="oreiasccp" type="4" sum="0"/>
</round>
<round no="2"><cards type="Flop">CJ SQ D8</cards>
<action no="9" player="Nikam9" type="4" discard="1" dealt="1" sum="0"/>
<action no="10" player="oreiasccp" type="4" sum="0"/>
</round>
<round no="3"><cards type="Turn">SK</cards>
<action no="11" player="Nikam9" type="4" discard="1" dealt="1" sum="0"/>
<action no="12" player="oreiasccp" type="4" sum="0"/>
</round>
<round no="4"><cards type="River">S10</cards>
<action no="13" player="Nikam9" type="5" discard="1" dealt="1" sum="80"/>
<action no="14" player="oreiasccp" type="0" sum="0"/>
</round>
</game>
<game gamecode="11514782597"><general><startdate>2025-06-16 07:21:59</startdate>
<round>1</round>
<failsafecounter/>
<players><player seat="6" name="LordKarle" chips="560" dealer="0" win="0" bet="45" muck="1" rebuy="0" addon="0" merge="0" rebuychips="0" reg_code="8384821665"/>
<player seat="10" name="Nikam9" chips="345" dealer="1" win="115" bet="345" muck="1" rebuy="0" addon="0" merge="0" rebuychips="0" reg_code="8384821708"/>
<player seat="3" name="oreiasccp" chips="595" dealer="0" win="0" bet="25" muck="1" rebuy="0" addon="0" merge="0" rebuychips="0" reg_code="8384821655"/>
</players>
</general>
<round no="0"><action no="1" player="oreiasccp" type="15" sum="5"/>
<action no="2" player="LordKarle" type="15" discard="1" dealt="1" sum="5"/>
<action no="3" player="Nikam9" type="15" discard="1" dealt="1" sum="5"/>
<action no="4" player="oreiasccp" type="1" sum="20"/>
<action no="5" player="LordKarle" type="2" discard="1" dealt="1" sum="40"/>
</round>
<round no="1"><cards type="Pocket" player="oreiasccp">C6 S9</cards>
<cards type="Pocket" player="Nikam9">X X</cards>
<cards type="Pocket" player="LordKarle">X X</cards>
<action no="6" player="Nikam9" type="23" discard="1" dealt="1" sum="340"/>
<action no="7" player="oreiasccp" type="0" sum="0"/>
<action no="8" player="LordKarle" type="0" discard="1" dealt="1" sum="0"/>
</round>
</game>
<game gamecode="11514782626"><general><startdate>2025-06-16 07:22:11</startdate>
<round>1</round>
<failsafecounter/>
<players><player seat="10" name="Nikam9" chips="415" dealer="0" win="0" bet="45" muck="1" rebuy="0" addon="0" merge="0" rebuychips="0" reg_code="8384821708"/>
<player seat="3" name="oreiasccp" chips="570" dealer="1" win="115" bet="515" muck="1" rebuy="0" addon="0" merge="0" rebuychips="0" reg_code="8384821655"/>
<player seat="6" name="LordKarle" chips="515" dealer="0" win="0" bet="25" muck="1" rebuy="0" addon="0" merge="0" rebuychips="0" reg_code="8384821665"/>
</players>
</general>
<round no="0"><action no="1" player="LordKarle" type="15" discard="1" dealt="1" sum="5"/>
<action no="2" player="Nikam9" type="15" discard="1" dealt="1" sum="5"/>
<action no="3" player="oreiasccp" type="15" sum="5"/>
<action no="4" player="LordKarle" type="1" discard="1" dealt="1" sum="20"/>
<action no="5" player="Nikam9" type="2" discard="1" dealt="1" sum="40"/>
</round>
<round no="1"><cards type="Pocket" player="Nikam9">X X</cards>
<cards type="Pocket" player="LordKarle">X X</cards>
<cards type="Pocket" player="oreiasccp">HA CQ</cards>
<action no="6" player="oreiasccp" type="23" sum="510"/>
<action no="7" player="LordKarle" type="0" discard="1" dealt="1" sum="0"/>
<action no="8" player="Nikam9" type="0" discard="1" dealt="1" sum="0"/>
</round>
</game>
<game gamecode="11514782674"><general><startdate>2025-06-16 07:22:26</startdate>
<round>1</round>
<failsafecounter/>
<players><player seat="3" name="oreiasccp" chips="640" dealer="0" win="0" bet="45" muck="1" rebuy="0" addon="0" merge="0" rebuychips="0" reg_code="8384821655"/>
<player seat="6" name="LordKarle" chips="490" dealer="1" win="785" bet="370" muck="0" rebuy="0" addon="0" merge="0" rebuychips="0" reg_code="8384821665"/>
<player seat="10" name="Nikam9" chips="370" dealer="0" win="0" bet="370" muck="0" rebuy="0" addon="0" merge="0" rebuychips="0" reg_code="8384821708"/>
</players>
</general>
<round no="0"><action no="1" player="Nikam9" type="15" discard="1" dealt="1" sum="5"/>
<action no="2" player="oreiasccp" type="15" sum="5"/>
<action no="3" player="LordKarle" type="15" discard="1" dealt="1" sum="5"/>
<action no="4" player="Nikam9" type="1" discard="1" dealt="1" sum="20"/>
<action no="5" player="oreiasccp" type="2" sum="40"/>
</round>
<round no="1"><cards type="Pocket" player="Nikam9">SJ HA</cards>
<cards type="Pocket" player="oreiasccp">H7 DA</cards>
<cards type="Pocket" player="LordKarle">C10 S9</cards>
<action no="6" player="LordKarle" type="23" discard="1" dealt="1" sum="120"/>
<action no="7" player="Nikam9" type="23" discard="1" dealt="1" sum="365"/>
<action no="8" player="oreiasccp" type="0" sum="0"/>
<action no="9" player="LordKarle" type="3" discard="1" dealt="1" sum="245"/>
</round>
<round no="2"><cards type="Flop">DK S8 S5</cards>
</round>
<round no="3"><cards type="Turn">D3</cards>
</round>
<round no="4"><cards type="River">D10</cards>
</round>
</game>
<game gamecode="11514782738"><general><startdate>2025-06-16 07:22:48</startdate>
<round>1</round>
<failsafecounter/>
<players><player seat="6" name="LordKarle" chips="905" dealer="0" win="500" bet="490" muck="1" rebuy="0" addon="0" merge="0" rebuychips="0" reg_code="8384821665"/>
<player seat="3" name="oreiasccp" chips="595" dealer="1" win="0" bet="250" muck="1" rebuy="0" addon="0" merge="0" rebuychips="0" reg_code="8384821655"/>
</players>
</general>
<round no="0"><action no="1" player="oreiasccp" type="15" sum="5"/>
<action no="2" player="LordKarle" type="15" discard="1" dealt="1" sum="5"/>
<action no="3" player="oreiasccp" type="1" sum="30"/>
<action no="4" player="LordKarle" type="2" discard="1" dealt="1" sum="60"/>
</round>
<round no="1"><cards type="Pocket" player="LordKarle">X X</cards>
<cards type="Pocket" player="oreiasccp">S10 D8</cards>
<action no="5" player="oreiasccp" type="3" sum="30"/>
<action no="6" player="LordKarle" type="4" discard="1" dealt="1" sum="0"/>
</round>
<round no="2"><cards type="Flop">D10 D7 D4</cards>
<action no="7" player="LordKarle" type="4" discard="1" dealt="1" sum="0"/>
<action no="8" player="oreiasccp" type="5" sum="60"/>
<action no="9" player="LordKarle" type="3" discard="1" dealt="1" sum="60"/>
</round>
<round no="3"><cards type="Turn">D9</cards>
<action no="10" player="LordKarle" type="4" discard="1" dealt="1" sum="0"/>
<action no="11" player="oreiasccp" type="5" sum="125"/>
<action no="12" player="LordKarle" type="3" discard="1" dealt="1" sum="125"/>
</round>
<round no="4"><cards type="River">SJ</cards>
<action no="13" player="LordKarle" type="5" discard="1" dealt="1" sum="240"/>
<action no="14" player="oreiasccp" type="0" sum="0"/>
</round>
</game>
<game gamecode="11514782827"><general><startdate>2025-06-16 07:23:19</startdate>
<round>1</round>
<failsafecounter/>
<players><player seat="3" name="oreiasccp" chips="345" dealer="0" win="0" bet="65" muck="1" rebuy="0" addon="0" merge="0" rebuychips="0" reg_code="8384821655"/>
<player seat="6" name="LordKarle" chips="1,155" dealer="1" win="130" bet="1,155" muck="1" rebuy="0" addon="0" merge="0" rebuychips="0" reg_code="8384821665"/>
</players>
</general>
<round no="0"><action no="1" player="LordKarle" type="15" discard="1" dealt="1" sum="5"/>
<action no="2" player="oreiasccp" type="15" sum="5"/>
<action no="3" player="LordKarle" type="1" discard="1" dealt="1" sum="30"/>
<action no="4" player="oreiasccp" type="2" sum="60"/>
</round>
<round no="1"><cards type="Pocket" player="oreiasccp">S3 DJ</cards>
<cards type="Pocket" player="LordKarle">X X</cards>
<action no="5" player="LordKarle" type="23" discard="1" dealt="1" sum="1,150"/>
<action no="6" player="oreiasccp" type="0" sum="0"/>
</round>
</game>
<game gamecode="11514782854"><general><startdate>2025-06-16 07:23:27</startdate>
<round>1</round>
<failsafecounter/>
<players><player seat="6" name="LordKarle" chips="1,220" dealer="0" win="0" bet="65" muck="1" rebuy="0" addon="0" merge="0" rebuychips="0" reg_code="8384821665"/>
<player seat="3" name="oreiasccp" chips="280" dealer="1" win="130" bet="280" muck="1" rebuy="0" addon="0" merge="0" rebuychips="0" reg_code="8384821655"/>
</players>
</general>
<round no="0"><action no="1" player="oreiasccp" type="15" sum="5"/>
<action no="2" player="LordKarle" type="15" discard="1" dealt="1" sum="5"/>
<action no="3" player="oreiasccp" type="1" sum="30"/>
<action no="4" player="LordKarle" type="2" discard="1" dealt="1" sum="60"/>
</round>
<round no="1"><cards type="Pocket" player="oreiasccp">D8 DA</cards>
<cards type="Pocket" player="LordKarle">X X</cards>
<action no="5" player="oreiasccp" type="23" sum="275"/>
<action no="6" player="LordKarle" type="0" discard="1" dealt="1" sum="0"/>
</round>
</game>
<game gamecode="11514782876"><general><startdate>2025-06-16 07:23:34</startdate>
<round>1</round>
<failsafecounter/>
<players><player seat="3" name="oreiasccp" chips="345" dealer="0" win="70" bet="65" muck="1" rebuy="0" addon="0" merge="0" rebuychips="0" reg_code="8384821655"/>
<player seat="6" name="LordKarle" chips="1,155" dealer="1" win="0" bet="35" muck="1" rebuy="0" addon="0" merge="0" rebuychips="0" reg_code="8384821665"/>
</players>
</general>
<round no="0"><action no="1" player="LordKarle" type="15" discard="1" dealt="1" sum="5"/>
<action no="2" player="oreiasccp" type="15" sum="5"/>
<action no="3" player="LordKarle" type="1" discard="1" dealt="1" sum="30"/>
<action no="4" player="oreiasccp" type="2" sum="60"/>
</round>
<round no="1"><cards type="Pocket" player="LordKarle">X X</cards>
<cards type="Pocket" player="oreiasccp">SJ C2</cards>
<action no="5" player="LordKarle" type="0" discard="1" dealt="1" sum="0"/>
</round>
</game>
<game gamecode="11514782892"><general><startdate>2025-06-16 07:23:41</startdate>
<round>1</round>
<failsafecounter/>
<players><player seat="6" name="LordKarle" chips="1,120" dealer="0" win="0" bet="65" muck="1" rebuy="0" addon="0" merge="0" rebuychips="0" reg_code="8384821665"/>
<player seat="3" name="oreiasccp" chips="380" dealer="1" win="130" bet="380" muck="1" rebuy="0" addon="0" merge="0" rebuychips="0" reg_code="8384821655"/>
</players>
</general>
<round no="0"><action no="1" player="oreiasccp" type="15" sum="5"/>
<action no="2" player="LordKarle" type="15" discard="1" dealt="1" sum="5"/>
<action no="3" player="oreiasccp" type="1" sum="30"/>
<action no="4" player="LordKarle" type="2" discard="1" dealt="1" sum="60"/>
</round>
<round no="1"><cards type="Pocket" player="LordKarle">X X</cards>
<cards type="Pocket" player="oreiasccp">H10 HQ</cards>
<action no="5" player="oreiasccp" type="23" sum="375"/>
<action no="6" player="LordKarle" type="0" discard="1" dealt="1" sum="0"/>
</round>
</game>
<game gamecode="11514782921"><general><startdate>2025-06-16 07:23:47</startdate>
<round>1</round>
<failsafecounter/>
<players><player seat="3" name="oreiasccp" chips="445" dealer="0" win="0" bet="125" muck="1" rebuy="0" addon="0" merge="0" rebuychips="0" reg_code="8384821655"/>
<player seat="6" name="LordKarle" chips="1,055" dealer="1" win="250" bet="245" muck="1" rebuy="0" addon="0" merge="0" rebuychips="0" reg_code="8384821665"/>
</players>
</general>
<round no="0"><action no="1" player="LordKarle" type="15" discard="1" dealt="1" sum="5"/>
<action no="2" player="oreiasccp" type="15" sum="5"/>
<action no="3" player="LordKarle" type="1" discard="1" dealt="1" sum="30"/>
<action no="4" player="oreiasccp" type="2" sum="60"/>
</round>
<round no="1"><cards type="Pocket" player="oreiasccp">D8 H9</cards>
<cards type="Pocket" player="LordKarle">X X</cards>
<action no="5" player="LordKarle" type="23" discard="1" dealt="1" sum="120"/>
<action no="6" player="oreiasccp" type="3" sum="60"/>
</round>
<round no="2"><cards type="Flop">S10 C10 D10</cards>
<action no="7" player="oreiasccp" type="4" sum="0"/>
<action no="8" player="LordKarle" type="4" discard="1" dealt="1" sum="0"/>
</round>
<round no="3"><cards type="Turn">S3</cards>
<action no="9" player="oreiasccp" type="4" sum="0"/>
<action no="10" player="LordKarle" type="5" discard="1" dealt="1" sum="120"/>
<action no="11" player="oreiasccp" type="0" sum="0"/>
</round>
</game>
<game gamecode="11514782996"><general><startdate>2025-06-16 07:24:12</startdate>
<round>1</round>
<failsafecounter/>
<players><player seat="6" name="LordKarle" chips="1,180" dealer="0" win="0" bet="65" muck="1" rebuy="0" addon="0" merge="0" rebuychips="0" reg_code="8384821665"/>
<player seat="3" name="oreiasccp" chips="320" dealer="1" win="130" bet="320" muck="1" rebuy="0" addon="0" merge="0" rebuychips="0" reg_code="8384821655"/>
</players>
</general>
<round no="0"><action no="1" player="oreiasccp" type="15" sum="5"/>
<action no="2" player="LordKarle" type="15" discard="1" dealt="1" sum="5"/>
<action no="3" player="oreiasccp" type="1" sum="30"/>
<action no="4" player="LordKarle" type="2" discard="1" dealt="1" sum="60"/>
</round>
<round no="1"><cards type="Pocket" player="LordKarle">X X</cards>
<cards type="Pocket" player="oreiasccp">HQ CJ</cards>
<action no="5" player="oreiasccp" type="23" sum="315"/>
<action no="6" player="LordKarle" type="0" discard="1" dealt="1" sum="0"/>
</round>
</game>
<game gamecode="11514783030"><general><startdate>2025-06-16 07:24:23</startdate>
<round>1</round>
<failsafecounter/>
<players><player seat="3" name="oreiasccp" chips="385" dealer="0" win="0" bet="65" muck="1" rebuy="0" addon="0" merge="0" rebuychips="0" reg_code="8384821655"/>
<player seat="6" name="LordKarle" chips="1,115" dealer="1" win="130" bet="1,115" muck="1" rebuy="0" addon="0" merge="0" rebuychips="0" reg_code="8384821665"/>
</players>
</general>
<round no="0"><action no="1" player="LordKarle" type="15" discard="1" dealt="1" sum="5"/>
<action no="2" player="oreiasccp" type="15" sum="5"/>
<action no="3" player="LordKarle" type="1" discard="1" dealt="1" sum="30"/>
<action no="4" player="oreiasccp" type="2" sum="60"/>
</round>
<round no="1"><cards type="Pocket" player="LordKarle">X X</cards>
<cards type="Pocket" player="oreiasccp">SJ S2</cards>
<action no="5" player="LordKarle" type="23" discard="1" dealt="1" sum="1,110"/>
<action no="6" player="oreiasccp" type="0" sum="0"/>
</round>
</game>
<game gamecode="11514783052"><general><startdate>2025-06-16 07:24:31</startdate>
<round>1</round>
<failsafecounter/>
<players><player seat="6" name="LordKarle" chips="1,180" dealer="0" win="0" bet="88" muck="1" rebuy="0" addon="0" merge="0" rebuychips="0" reg_code="8384821665"/>
<player seat="3" name="oreiasccp" chips="320" dealer="1" win="176" bet="320" muck="1" rebuy="0" addon="0" merge="0" rebuychips="0" reg_code="8384821655"/>
</players>
</general>
<round no="0"><action no="1" player="oreiasccp" type="15" sum="8"/>
<action no="2" player="LordKarle" type="15" discard="1" dealt="1" sum="8"/>
<action no="3" player="oreiasccp" type="1" sum="40"/>
<action no="4" player="LordKarle" type="2" discard="1" dealt="1" sum="80"/>
</round>
<round no="1"><cards type="Pocket" player="oreiasccp">HA CQ</cards>
<cards type="Pocket" player="LordKarle">X X</cards>
<action no="5" player="oreiasccp" type="23" sum="312"/>
<action no="6" player="LordKarle" type="0" discard="1" dealt="1" sum="0"/>
</round>
</game>
<game gamecode="11514783092"><general><startdate>2025-06-16 07:24:46</startdate>
<round>1</round>
<failsafecounter/>
<players><player seat="3" name="oreiasccp" chips="408" dealer="0" win="176" bet="408" muck="1" rebuy="0" addon="0" merge="0" rebuychips="0" reg_code="8384821655"/>
<player seat="6" name="LordKarle" chips="1,092" dealer="1" win="0" bet="88" muck="1" rebuy="0" addon="0" merge="0" rebuychips="0" reg_code="8384821665"/>
</players>
</general>
<round no="0"><action no="1" player="LordKarle" type="15" discard="1" dealt="1" sum="8"/>
<action no="2" player="oreiasccp" type="15" sum="8"/>
<action no="3" player="LordKarle" type="1" discard="1" dealt="1" sum="40"/>
<action no="4" player="oreiasccp" type="2" sum="80"/>
</round>
<round no="1"><cards type="Pocket" player="LordKarle">X X</cards>
<cards type="Pocket" player="oreiasccp">H3 SA</cards>
<action no="5" player="LordKarle" type="3" discard="1" dealt="1" sum="40"/>
<action no="6" player="oreiasccp" type="23" sum="400"/>
<action no="7" player="LordKarle" type="0" discard="1" dealt="1" sum="0"/>
</round>
</game>
<game gamecode="11514783123"><general><startdate>2025-06-16 07:24:57</startdate>
<round>1</round>
<failsafecounter/>
<players><player seat="6" name="LordKarle" chips="1,004" dealer="0" win="96" bet="88" muck="1" rebuy="0" addon="0" merge="0" rebuychips="0" reg_code="8384821665"/>
<player seat="3" name="oreiasccp" chips="496" dealer="1" win="0" bet="48" muck="1" rebuy="0" addon="0" merge="0" rebuychips="0" reg_code="8384821655"/>
</players>
</general>
<round no="0"><action no="1" player="oreiasccp" type="15" sum="8"/>
<action no="2" player="LordKarle" type="15" discard="1" dealt="1" sum="8"/>
<action no="3" player="oreiasccp" type="1" sum="40"/>
<action no="4" player="LordKarle" type="2" discard="1" dealt="1" sum="80"/>
</round>
<round no="1"><cards type="Pocket" player="LordKarle">X X</cards>
<cards type="Pocket" player="oreiasccp">D2 C9</cards>
<action no="5" player="oreiasccp" type="0" sum="0"/>
</round>
</game>
<game gamecode="11514783138"><general><startdate>2025-06-16 07:25:02</startdate>
<round>1</round>
<failsafecounter/>
<players><player seat="3" name="oreiasccp" chips="448" dealer="0" win="96" bet="88" muck="1" rebuy="0" addon="0" merge="0" rebuychips="0" reg_code="8384821655"/>
<player seat="6" name="LordKarle" chips="1,052" dealer="1" win="0" bet="48" muck="1" rebuy="0" addon="0" merge="0" rebuychips="0" reg_code="8384821665"/>
</players>
</general>
<round no="0"><action no="1" player="LordKarle" type="15" discard="1" dealt="1" sum="8"/>
<action no="2" player="oreiasccp" type="15" sum="8"/>
<action no="3" player="LordKarle" type="1" discard="1" dealt="1" sum="40"/>
<action no="4" player="oreiasccp" type="2" sum="80"/>
</round>
<round no="1"><cards type="Pocket" player="oreiasccp">C6 C8</cards>
<cards type="Pocket" player="LordKarle">X X</cards>
<action no="5" player="LordKarle" type="0" discard="1" dealt="1" sum="0"/>
</round>
</game>
<game gamecode="11514783156"><general><startdate>2025-06-16 07:25:09</startdate>
<round>1</round>
<failsafecounter/>
<players><player seat="6" name="LordKarle" chips="1,004" dealer="0" win="0" bet="88" muck="1" rebuy="0" addon="0" merge="0" rebuychips="0" reg_code="8384821665"/>
<player seat="3" name="oreiasccp" chips="496" dealer="1" win="176" bet="496" muck="1" rebuy="0" addon="0" merge="0" rebuychips="0" reg_code="8384821655"/>
</players>
</general>
<round no="0"><action no="1" player="oreiasccp" type="15" sum="8"/>
<action no="2" player="LordKarle" type="15" discard="1" dealt="1" sum="8"/>
<action no="3" player="oreiasccp" type="1" sum="40"/>
<action no="4" player="LordKarle" type="2" discard="1" dealt="1" sum="80"/>
</round>
<round no="1"><cards type="Pocket" player="oreiasccp">SQ H7</cards>
<cards type="Pocket" player="LordKarle">X X</cards>
<action no="5" player="oreiasccp" type="23" sum="488"/>
<action no="6" player="LordKarle" type="0" discard="1" dealt="1" sum="0"/>
</round>
</game>
<game gamecode="11514783193"><general><startdate>2025-06-16 07:25:22</startdate>
<round>1</round>
<failsafecounter/>
<players><player seat="3" name="oreiasccp" chips="584" dealer="0" win="96" bet="88" muck="1" rebuy="0" addon="0" merge="0" rebuychips="0" reg_code="8384821655"/>
<player seat="6" name="LordKarle" chips="916" dealer="1" win="0" bet="48" muck="1" rebuy="0" addon="0" merge="0" rebuychips="0" reg_code="8384821665"/>
</players>
</general>
<round no="0"><action no="1" player="LordKarle" type="15" discard="1" dealt="1" sum="8"/>
<action no="2" player="oreiasccp" type="15" sum="8"/>
<action no="3" player="LordKarle" type="1" discard="1" dealt="1" sum="40"/>
<action no="4" player="oreiasccp" type="2" sum="80"/>
</round>
<round no="1"><cards type="Pocket" player="oreiasccp">S5 CA</cards>
<cards type="Pocket" player="LordKarle">X X</cards>
<action no="5" player="LordKarle" type="0" discard="1" dealt="1" sum="0"/>
</round>
</game>
<game gamecode="11514783218"><general><startdate>2025-06-16 07:25:30</startdate>
<round>1</round>
<failsafecounter/>
<players><player seat="6" name="LordKarle" chips="868" dealer="0" win="176" bet="868" muck="1" rebuy="0" addon="0" merge="0" rebuychips="0" reg_code="8384821665"/>
<player seat="3" name="oreiasccp" chips="632" dealer="1" win="0" bet="88" muck="1" rebuy="0" addon="0" merge="0" rebuychips="0" reg_code="8384821655"/>
</players>
</general>
<round no="0"><action no="1" player="oreiasccp" type="15" sum="8"/>
<action no="2" player="LordKarle" type="15" discard="1" dealt="1" sum="8"/>
<action no="3" player="oreiasccp" type="1" sum="40"/>
<action no="4" player="LordKarle" type="2" discard="1" dealt="1" sum="80"/>
</round>
<round no="1"><cards type="Pocket" player="oreiasccp">C7 S8</cards>
<cards type="Pocket" player="LordKarle">X X</cards>
<action no="5" player="oreiasccp" type="3" sum="40"/>
<action no="6" player="LordKarle" type="23" discard="1" dealt="1" sum="860"/>
<action no="7" player="oreiasccp" type="0" sum="0"/>
</round>
</game>
<game gamecode="11514786358"><general><startdate>2025-06-16 07:25:43</startdate>
<round>1</round>
<failsafecounter/>
<players><player seat="3" name="oreiasccp" chips="544" dealer="0" win="336" bet="544" muck="1" rebuy="0" addon="0" merge="0" rebuychips="0" reg_code="8384821655"/>
<player seat="6" name="LordKarle" chips="956" dealer="1" win="0" bet="168" muck="1" rebuy="0" addon="0" merge="0" rebuychips="0" reg_code="8384821665"/>
</players>
</general>
<round no="0"><action no="1" player="LordKarle" type="15" discard="1" dealt="1" sum="8"/>
<action no="2" player="oreiasccp" type="15" sum="8"/>
<action no="3" player="LordKarle" type="1" discard="1" dealt="1" sum="40"/>
<action no="4" player="oreiasccp" type="2" sum="80"/>
</round>
<round no="1"><cards type="Pocket" player="oreiasccp">S10 SK</cards>
<cards type="Pocket" player="LordKarle">X X</cards>
<action no="5" player="LordKarle" type="23" discard="1" dealt="1" sum="160"/>
<action no="6" player="oreiasccp" type="23" sum="536"/>
<action no="7" player="LordKarle" type="0" discard="1" dealt="1" sum="0"/>
</round>
</game>
<game gamecode="11514786377"><general><startdate>2025-06-16 07:25:51</startdate>
<round>1</round>
<failsafecounter/>
<players><player seat="6" name="LordKarle" chips="788" dealer="0" win="0" bet="488" muck="0" rebuy="0" addon="0" merge="0" rebuychips="0" reg_code="8384821665"/>
<player seat="3" name="oreiasccp" chips="712" dealer="1" win="976" bet="488" muck="0" rebuy="0" addon="0" merge="0" rebuychips="0" reg_code="8384821655"/>
</players>
</general>
<round no="0"><action no="1" player="oreiasccp" type="15" sum="8"/>
<action no="2" player="LordKarle" type="15" discard="1" dealt="1" sum="8"/>
<action no="3" player="oreiasccp" type="1" sum="40"/>
<action no="4" player="LordKarle" type="2" discard="1" dealt="1" sum="80"/>
</round>
<round no="1"><cards type="Pocket" player="oreiasccp">D9 C9</cards>
<cards type="Pocket" player="LordKarle">CJ S8</cards>
<action no="5" player="oreiasccp" type="3" sum="40"/>
<action no="6" player="LordKarle" type="4" discard="1" dealt="1" sum="0"/>
</round>
<round no="2"><cards type="Flop">S6 HQ CK</cards>
<action no="7" player="LordKarle" type="4" discard="1" dealt="1" sum="0"/>
<action no="8" player="oreiasccp" type="4" sum="0"/>
</round>
<round no="3"><cards type="Turn">CQ</cards>
<action no="9" player="LordKarle" type="5" discard="1" dealt="1" sum="80"/>
<action no="10" player="oreiasccp" type="3" sum="80"/>
</round>
<round no="4"><cards type="River">C8</cards>
<action no="11" player="LordKarle" type="5" discard="1" dealt="1" sum="320"/>
<action no="12" player="oreiasccp" type="3" sum="320"/>
</round>
</game>
<game gamecode="11514786456"><general><startdate>2025-06-16 07:26:15</startdate>
<round>1</round>
<failsafecounter/>
<players><player seat="3" name="oreiasccp" chips="1,200" dealer="0" win="600" bet="300" muck="0" rebuy="0" addon="0" merge="0" rebuychips="0" reg_code="8384821655"/>
<player seat="6" name="LordKarle" chips="300" dealer="1" win="0" bet="300" muck="0" rebuy="0" addon="0" merge="0" rebuychips="0" reg_code="8384821665"/>
</players>
</general>
<round no="0"><action no="1" player="LordKarle" type="15" discard="1" dealt="1" sum="8"/>
<action no="2" player="oreiasccp" type="15" sum="8"/>
<action no="3" player="LordKarle" type="1" discard="1" dealt="1" sum="40"/>
<action no="4" player="oreiasccp" type="2" sum="80"/>
</round>
<round no="1"><cards type="Pocket" player="oreiasccp">H6 DQ</cards>
<cards type="Pocket" player="LordKarle">S7 H9</cards>
<action no="5" player="LordKarle" type="23" discard="1" dealt="1" sum="292"/>
<action no="6" player="oreiasccp" type="3" sum="212"/>
</round>
<round no="2"><cards type="Flop">S3 S4 D4</cards>
</round>
<round no="3"><cards type="Turn">S2</cards>
</round>
<round no="4"><cards type="River">CK</cards>
</round>
</game>
</session>
