<?xml version="1.0" encoding="UTF-8"?>
<session sessioncode="8384823652">
<general>
<client_version>24.7.1.16</client_version>
<mode>real</mode>
<gametype>Holdem NL</gametype>
<tablename>Twister €5 SNG, 1127561098</tablename>
<tournamentcode>1127561097</tournamentcode>
<tournamentname>Twister €5 SNG</tournamentname>
<buyin>€0 + €0.35 + €4.65</buyin>
<totalbuyin>€5</totalbuyin>
<rewarddrawn>€15</rewarddrawn>
<tournamentcurrency>EUR</tournamentcurrency>
<currency>EUR</currency>
<nickname>oreiasccp</nickname>
<gamecount>24</gamecount>
<startdate>2025-06-16 07:29:49</startdate>
<place>1</place>
<win>€15</win>
<tablesize>3</tablesize>
</general>
<game gamecode="11514787119"><general><startdate>2025-06-16 07:30:04</startdate>
<round>1</round>
<failsafecounter/>
<players><player seat="3" name="oreiasccp" chips="500" dealer="0" win="0" bet="20" muck="1" rebuy="0" addon="0" merge="0" rebuychips="0" reg_code="8384823652"/>
<player seat="6" name="d0nsamag0n" chips="500" dealer="1" win="0" bet="40" muck="1" rebuy="0" addon="0" merge="0" rebuychips="0" reg_code="8384823662"/>
<player seat="10" name="Kaliyaga" chips="500" dealer="0" win="100" bet="500" muck="1" rebuy="0" addon="0" merge="0" rebuychips="0" reg_code="8384823696"/>
</players>
</general>
<round no="0"><action no="1" player="Kaliyaga" type="1" discard="1" dealt="1" sum="10"/>
<action no="2" player="oreiasccp" type="2" sum="20"/>
</round>
<round no="1"><cards type="Pocket" player="d0nsamag0n">X X</cards>
<cards type="Pocket" player="Kaliyaga">X X</cards>
<cards type="Pocket" player="oreiasccp">C10 HJ</cards>
<action no="3" player="d0nsamag0n" type="23" discard="1" dealt="1" sum="40"/>
<action no="4" player="Kaliyaga" type="23" discard="1" dealt="1" sum="500"/>
<action no="5" player="oreiasccp" type="0" sum="0"/>
<action no="6" player="d0nsamag0n" type="0" discard="1" dealt="1" sum="0"/>
</round>
</game>
<game gamecode="11514787163"><general><startdate>2025-06-16 07:30:20</startdate>
<round>1</round>
<failsafecounter/>
<players><player seat="6" name="d0nsamag0n" chips="460" dealer="0" win="20" bet="20" muck="1" rebuy="0" addon="0" merge="0" rebuychips="0" reg_code="8384823662"/>
<player seat="10" name="Kaliyaga" chips="560" dealer="1" win="0" bet="0" muck="1" rebuy="0" addon="0" merge="0" rebuychips="0" reg_code="8384823696"/>
<player seat="3" name="oreiasccp" chips="480" dealer="0" win="0" bet="10" muck="1" rebuy="0" addon="0" merge="0" rebuychips="0" reg_code="8384823652"/>
</players>
</general>
<round no="0"><action no="1" player="oreiasccp" type="1" sum="10"/>
<action no="2" player="d0nsamag0n" type="2" discard="1" dealt="1" sum="20"/>
</round>
<round no="1"><cards type="Pocket" player="Kaliyaga">X X</cards>
<cards type="Pocket" player="oreiasccp">S5 H10</cards>
<cards type="Pocket" player="d0nsamag0n">X X</cards>
<action no="3" player="Kaliyaga" type="0" discard="1" dealt="1" sum="0"/>
<action no="4" player="oreiasccp" type="0" sum="0"/>
</round>
</game>
<game gamecode="11514787183"><general><startdate>2025-06-16 07:30:28</startdate>
<round>1</round>
<failsafecounter/>
<players><player seat="10" name="Kaliyaga" chips="560" dealer="0" win="90" bet="560" muck="1" rebuy="0" addon="0" merge="0" rebuychips="0" reg_code="8384823696"/>
<player seat="3" name="oreiasccp" chips="470" dealer="1" win="0" bet="40" muck="1" rebuy="0" addon="0" merge="0" rebuychips="0" reg_code="8384823652"/>
<player seat="6" name="d0nsamag0n" chips="470" dealer="0" win="0" bet="10" muck="1" rebuy="0" addon="0" merge="0" rebuychips="0" reg_code="8384823662"/>
</players>
</general>
<round no="0"><action no="1" player="d0nsamag0n" type="1" discard="1" dealt="1" sum="10"/>
<action no="2" player="Kaliyaga" type="2" discard="1" dealt="1" sum="20"/>
</round>
<round no="1"><cards type="Pocket" player="oreiasccp">C3 HA</cards>
<cards type="Pocket" player="Kaliyaga">X X</cards>
<cards type="Pocket" player="d0nsamag0n">X X</cards>
<action no="3" player="oreiasccp" type="23" sum="40"/>
<action no="4" player="d0nsamag0n" type="0" discard="1" dealt="1" sum="0"/>
<action no="5" player="Kaliyaga" type="23" discard="1" dealt="1" sum="560"/>
<action no="6" player="oreiasccp" type="0" sum="0"/>
</round>
</game>
<game gamecode="11514787219"><general><startdate>2025-06-16 07:30:40</startdate>
<round>1</round>
<failsafecounter/>
<players><player seat="3" name="oreiasccp" chips="430" dealer="0" win="20" bet="20" muck="1" rebuy="0" addon="0" merge="0" rebuychips="0" reg_code="8384823652"/>
<player seat="6" name="d0nsamag0n" chips="460" dealer="1" win="0" bet="0" muck="1" rebuy="0" addon="0" merge="0" rebuychips="0" reg_code="8384823662"/>
<player seat="10" name="Kaliyaga" chips="610" dealer="0" win="0" bet="10" muck="1" rebuy="0" addon="0" merge="0" rebuychips="0" reg_code="8384823696"/>
</players>
</general>
<round no="0"><action no="1" player="Kaliyaga" type="1" discard="1" dealt="1" sum="10"/>
<action no="2" player="oreiasccp" type="2" sum="20"/>
</round>
<round no="1"><cards type="Pocket" player="Kaliyaga">X X</cards>
<cards type="Pocket" player="d0nsamag0n">X X</cards>
<cards type="Pocket" player="oreiasccp">DA SQ</cards>
<action no="3" player="d0nsamag0n" type="0" discard="1" dealt="1" sum="0"/>
<action no="4" player="Kaliyaga" type="0" discard="1" dealt="1" sum="0"/>
</round>
</game>
<game gamecode="11514787246"><general><startdate>2025-06-16 07:30:47</startdate>
<round>1</round>
<failsafecounter/>
<players><player seat="6" name="d0nsamag0n" chips="460" dealer="0" win="50" bet="460" muck="1" rebuy="0" addon="0" merge="0" rebuychips="0" reg_code="8384823662"/>
<player seat="10" name="Kaliyaga" chips="600" dealer="1" win="0" bet="20" muck="1" rebuy="0" addon="0" merge="0" rebuychips="0" reg_code="8384823696"/>
<player seat="3" name="oreiasccp" chips="440" dealer="0" win="0" bet="10" muck="1" rebuy="0" addon="0" merge="0" rebuychips="0" reg_code="8384823652"/>
</players>
</general>
<round no="0"><action no="1" player="oreiasccp" type="1" sum="10"/>
<action no="2" player="d0nsamag0n" type="2" discard="1" dealt="1" sum="20"/>
</round>
<round no="1"><cards type="Pocket" player="oreiasccp">S5 C8</cards>
<cards type="Pocket" player="d0nsamag0n">X X</cards>
<cards type="Pocket" player="Kaliyaga">X X</cards>
<action no="3" player="Kaliyaga" type="3" discard="1" dealt="1" sum="20"/>
<action no="4" player="oreiasccp" type="0" sum="0"/>
<action no="5" player="d0nsamag0n" type="23" discard="1" dealt="1" sum="460"/>
<action no="6" player="Kaliyaga" type="0" discard="1" dealt="1" sum="0"/>
</round>
</game>
<game gamecode="11514787280"><general><startdate>2025-06-16 07:31:02</startdate>
<round>1</round>
<failsafecounter/>
<players><player seat="10" name="Kaliyaga" chips="580" dealer="0" win="90" bet="580" muck="1" rebuy="0" addon="0" merge="0" rebuychips="0" reg_code="8384823696"/>
<player seat="3" name="oreiasccp" chips="430" dealer="1" win="0" bet="40" muck="1" rebuy="0" addon="0" merge="0" rebuychips="0" reg_code="8384823652"/>
<player seat="6" name="d0nsamag0n" chips="490" dealer="0" win="0" bet="10" muck="1" rebuy="0" addon="0" merge="0" rebuychips="0" reg_code="8384823662"/>
</players>
</general>
<round no="0"><action no="1" player="d0nsamag0n" type="1" discard="1" dealt="1" sum="10"/>
<action no="2" player="Kaliyaga" type="2" discard="1" dealt="1" sum="20"/>
</round>
<round no="1"><cards type="Pocket" player="oreiasccp">D10 HJ</cards>
<cards type="Pocket" player="d0nsamag0n">X X</cards>
<cards type="Pocket" player="Kaliyaga">X X</cards>
<action no="3" player="oreiasccp" type="23" sum="40"/>
<action no="4" player="d0nsamag0n" type="0" discard="1" dealt="1" sum="0"/>
<action no="5" player="Kaliyaga" type="23" discard="1" dealt="1" sum="580"/>
<action no="6" player="oreiasccp" type="0" sum="0"/>
</round>
</game>
<game gamecode="11514787354"><general><startdate>2025-06-16 07:31:26</startdate>
<round>1</round>
<failsafecounter/>
<players><player seat="3" name="oreiasccp" chips="390" dealer="0" win="80" bet="98" muck="1" rebuy="0" addon="0" merge="0" rebuychips="0" reg_code="8384823652"/>
<player seat="6" name="d0nsamag0n" chips="480" dealer="1" win="0" bet="0" muck="1" rebuy="0" addon="0" merge="0" rebuychips="0" reg_code="8384823662"/>
<player seat="10" name="Kaliyaga" chips="630" dealer="0" win="0" bet="40" muck="1" rebuy="0" addon="0" merge="0" rebuychips="0" reg_code="8384823696"/>
</players>
</general>
<round no="0"><action no="1" player="Kaliyaga" type="1" discard="1" dealt="1" sum="10"/>
<action no="2" player="oreiasccp" type="2" sum="20"/>
</round>
<round no="1"><cards type="Pocket" player="oreiasccp">H9 HQ</cards>
<cards type="Pocket" player="Kaliyaga">X X</cards>
<cards type="Pocket" player="d0nsamag0n">X X</cards>
<action no="3" player="d0nsamag0n" type="0" discard="1" dealt="1" sum="0"/>
<action no="4" player="Kaliyaga" type="3" discard="1" dealt="1" sum="10"/>
<action no="5" player="oreiasccp" type="4" sum="0"/>
</round>
<round no="2"><cards type="Flop">D9 SQ H6</cards>
<action no="6" player="Kaliyaga" type="4" discard="1" dealt="1" sum="0"/>
<action no="7" player="oreiasccp" type="5" sum="20"/>
<action no="8" player="Kaliyaga" type="3" discard="1" dealt="1" sum="20"/>
</round>
<round no="3"><cards type="Turn">D10</cards>
<action no="9" player="Kaliyaga" type="4" discard="1" dealt="1" sum="0"/>
<action no="10" player="oreiasccp" type="5" sum="58"/>
<action no="11" player="Kaliyaga" type="0" discard="1" dealt="1" sum="0"/>
</round>
</game>
<game gamecode="11514787436"><general><startdate>2025-06-16 07:31:53</startdate>
<round>1</round>
<failsafecounter/>
<players><player seat="6" name="d0nsamag0n" chips="480" dealer="0" win="20" bet="20" muck="1" rebuy="0" addon="0" merge="0" rebuychips="0" reg_code="8384823662"/>
<player seat="10" name="Kaliyaga" chips="590" dealer="1" win="0" bet="0" muck="1" rebuy="0" addon="0" merge="0" rebuychips="0" reg_code="8384823696"/>
<player seat="3" name="oreiasccp" chips="430" dealer="0" win="0" bet="10" muck="1" rebuy="0" addon="0" merge="0" rebuychips="0" reg_code="8384823652"/>
</players>
</general>
<round no="0"><action no="1" player="oreiasccp" type="1" sum="10"/>
<action no="2" player="d0nsamag0n" type="2" discard="1" dealt="1" sum="20"/>
</round>
<round no="1"><cards type="Pocket" player="oreiasccp">D9 S3</cards>
<cards type="Pocket" player="d0nsamag0n">X X</cards>
<cards type="Pocket" player="Kaliyaga">X X</cards>
<action no="3" player="Kaliyaga" type="0" discard="1" dealt="1" sum="0"/>
<action no="4" player="oreiasccp" type="0" sum="0"/>
</round>
</game>
<game gamecode="11514787455"><general><startdate>2025-06-16 07:32:01</startdate>
<round>1</round>
<failsafecounter/>
<players><player seat="10" name="Kaliyaga" chips="590" dealer="0" win="490" bet="590" muck="0" rebuy="0" addon="0" merge="0" rebuychips="0" reg_code="8384823696"/>
<player seat="3" name="oreiasccp" chips="420" dealer="1" win="0" bet="0" muck="1" rebuy="0" addon="0" merge="0" rebuychips="0" reg_code="8384823652"/>
<player seat="6" name="d0nsamag0n" chips="490" dealer="0" win="490" bet="490" muck="0" rebuy="0" addon="0" merge="0" rebuychips="0" reg_code="8384823662"/>
</players>
</general>
<round no="0"><action no="1" player="d0nsamag0n" type="1" discard="1" dealt="1" sum="10"/>
<action no="2" player="Kaliyaga" type="2" discard="1" dealt="1" sum="20"/>
</round>
<round no="1"><cards type="Pocket" player="d0nsamag0n">DQ HA</cards>
<cards type="Pocket" player="Kaliyaga">SQ DA</cards>
<cards type="Pocket" player="oreiasccp">S8 D7</cards>
<action no="3" player="oreiasccp" type="0" sum="0"/>
<action no="4" player="d0nsamag0n" type="23" discard="1" dealt="1" sum="60"/>
<action no="5" player="Kaliyaga" type="23" discard="1" dealt="1" sum="590"/>
<action no="6" player="d0nsamag0n" type="7" discard="1" dealt="1" sum="430"/>
</round>
<round no="2"><cards type="Flop">DJ CK S10</cards>
</round>
<round no="3"><cards type="Turn">H10</cards>
</round>
<round no="4"><cards type="River">C10</cards>
</round>
</game>
<game gamecode="11514787508"><general><startdate>2025-06-16 07:32:23</startdate>
<round>1</round>
<failsafecounter/>
<players><player seat="3" name="oreiasccp" chips="420" dealer="0" win="0" bet="35" muck="1" rebuy="0" addon="0" merge="0" rebuychips="0" reg_code="8384823652"/>
<player seat="6" name="d0nsamag0n" chips="490" dealer="1" win="0" bet="5" muck="1" rebuy="0" addon="0" merge="0" rebuychips="0" reg_code="8384823662"/>
<player seat="10" name="Kaliyaga" chips="590" dealer="0" win="75" bet="95" muck="1" rebuy="0" addon="0" merge="0" rebuychips="0" reg_code="8384823696"/>
</players>
</general>
<round no="0"><action no="1" player="Kaliyaga" type="15" discard="1" dealt="1" sum="5"/>
<action no="2" player="oreiasccp" type="15" sum="5"/>
<action no="3" player="d0nsamag0n" type="15" discard="1" dealt="1" sum="5"/>
<action no="4" player="Kaliyaga" type="1" discard="1" dealt="1" sum="15"/>
<action no="5" player="oreiasccp" type="2" sum="30"/>
</round>
<round no="1"><cards type="Pocket" player="oreiasccp">C8 H2</cards>
<cards type="Pocket" player="d0nsamag0n">X X</cards>
<cards type="Pocket" player="Kaliyaga">X X</cards>
<action no="6" player="d0nsamag0n" type="0" discard="1" dealt="1" sum="0"/>
<action no="7" player="Kaliyaga" type="3" discard="1" dealt="1" sum="15"/>
<action no="8" player="oreiasccp" type="4" sum="0"/>
</round>
<round no="2"><cards type="Flop">S9 S5 H3</cards>
<action no="9" player="Kaliyaga" type="4" discard="1" dealt="1" sum="0"/>
<action no="10" player="oreiasccp" type="4" sum="0"/>
</round>
<round no="3"><cards type="Turn">C2</cards>
<action no="11" player="Kaliyaga" type="4" discard="1" dealt="1" sum="0"/>
<action no="12" player="oreiasccp" type="4" sum="0"/>
</round>
<round no="4"><cards type="River">H4</cards>
<action no="13" player="Kaliyaga" type="5" discard="1" dealt="1" sum="60"/>
<action no="14" player="oreiasccp" type="0" sum="0"/>
</round>
</game>
<game gamecode="11514787592"><general><startdate>2025-06-16 07:32:57</startdate>
<round>1</round>
<failsafecounter/>
<players><player seat="6" name="d0nsamag0n" chips="485" dealer="0" win="0" bet="35" muck="1" rebuy="0" addon="0" merge="0" rebuychips="0" reg_code="8384823662"/>
<player seat="10" name="Kaliyaga" chips="630" dealer="1" win="0" bet="5" muck="1" rebuy="0" addon="0" merge="0" rebuychips="0" reg_code="8384823696"/>
<player seat="3" name="oreiasccp" chips="385" dealer="0" win="75" bet="385" muck="1" rebuy="0" addon="0" merge="0" rebuychips="0" reg_code="8384823652"/>
</players>
</general>
<round no="0"><action no="1" player="oreiasccp" type="15" sum="5"/>
<action no="2" player="d0nsamag0n" type="15" discard="1" dealt="1" sum="5"/>
<action no="3" player="Kaliyaga" type="15" discard="1" dealt="1" sum="5"/>
<action no="4" player="oreiasccp" type="1" sum="15"/>
<action no="5" player="d0nsamag0n" type="2" discard="1" dealt="1" sum="30"/>
</round>
<round no="1"><cards type="Pocket" player="d0nsamag0n">X X</cards>
<cards type="Pocket" player="oreiasccp">H5 CK</cards>
<cards type="Pocket" player="Kaliyaga">X X</cards>
<action no="6" player="Kaliyaga" type="0" discard="1" dealt="1" sum="0"/>
<action no="7" player="oreiasccp" type="23" sum="380"/>
<action no="8" player="d0nsamag0n" type="0" discard="1" dealt="1" sum="0"/>
</round>
</game>
<game gamecode="11514787628"><general><startdate>2025-06-16 07:33:11</startdate>
<round>1</round>
<failsafecounter/>
<players><player seat="10" name="Kaliyaga" chips="625" dealer="0" win="45" bet="35" muck="1" rebuy="0" addon="0" merge="0" rebuychips="0" reg_code="8384823696"/>
<player seat="3" name="oreiasccp" chips="425" dealer="1" win="0" bet="5" muck="1" rebuy="0" addon="0" merge="0" rebuychips="0" reg_code="8384823652"/>
<player seat="6" name="d0nsamag0n" chips="450" dealer="0" win="0" bet="20" muck="1" rebuy="0" addon="0" merge="0" rebuychips="0" reg_code="8384823662"/>
</players>
</general>
<round no="0"><action no="1" player="d0nsamag0n" type="15" discard="1" dealt="1" sum="5"/>
<action no="2" player="Kaliyaga" type="15" discard="1" dealt="1" sum="5"/>
<action no="3" player="oreiasccp" type="15" sum="5"/>
<action no="4" player="d0nsamag0n" type="1" discard="1" dealt="1" sum="15"/>
<action no="5" player="Kaliyaga" type="2" discard="1" dealt="1" sum="30"/>
</round>
<round no="1"><cards type="Pocket" player="oreiasccp">H6 D9</cards>
<cards type="Pocket" player="d0nsamag0n">X X</cards>
<cards type="Pocket" player="Kaliyaga">X X</cards>
<action no="6" player="oreiasccp" type="0" sum="0"/>
<action no="7" player="d0nsamag0n" type="0" discard="1" dealt="1" sum="0"/>
</round>
</game>
<game gamecode="11514787683"><general><startdate>2025-06-16 07:33:32</startdate>
<round>1</round>
<failsafecounter/>
<players><player seat="3" name="oreiasccp" chips="420" dealer="0" win="0" bet="95" muck="1" rebuy="0" addon="0" merge="0" rebuychips="0" reg_code="8384823652"/>
<player seat="6" name="d0nsamag0n" chips="430" dealer="1" win="0" bet="5" muck="1" rebuy="0" addon="0" merge="0" rebuychips="0" reg_code="8384823662"/>
<player seat="10" name="Kaliyaga" chips="650" dealer="0" win="195" bet="155" muck="1" rebuy="0" addon="0" merge="0" rebuychips="0" reg_code="8384823696"/>
</players>
</general>
<round no="0"><action no="1" player="Kaliyaga" type="15" discard="1" dealt="1" sum="5"/>
<action no="2" player="oreiasccp" type="15" sum="5"/>
<action no="3" player="d0nsamag0n" type="15" discard="1" dealt="1" sum="5"/>
<action no="4" player="Kaliyaga" type="1" discard="1" dealt="1" sum="15"/>
<action no="5" player="oreiasccp" type="2" sum="30"/>
</round>
<round no="1"><cards type="Pocket" player="oreiasccp">SQ H10</cards>
<cards type="Pocket" player="Kaliyaga">X X</cards>
<cards type="Pocket" player="d0nsamag0n">X X</cards>
<action no="6" player="d0nsamag0n" type="0" discard="1" dealt="1" sum="0"/>
<action no="7" player="Kaliyaga" type="3" discard="1" dealt="1" sum="15"/>
<action no="8" player="oreiasccp" type="4" sum="0"/>
</round>
<round no="2"><cards type="Flop">H2 D9 HA</cards>
<action no="9" player="Kaliyaga" type="5" discard="1" dealt="1" sum="60"/>
<action no="10" player="oreiasccp" type="3" sum="60"/>
</round>
<round no="3"><cards type="Turn">C3</cards>
<action no="11" player="Kaliyaga" type="5" discard="1" dealt="1" sum="60"/>
<action no="12" player="oreiasccp" type="0" sum="0"/>
</round>
</game>
<game gamecode="11514787729"><general><startdate>2025-06-16 07:33:48</startdate>
<round>1</round>
<failsafecounter/>
<players><player seat="6" name="d0nsamag0n" chips="425" dealer="0" win="45" bet="35" muck="1" rebuy="0" addon="0" merge="0" rebuychips="0" reg_code="8384823662"/>
<player seat="10" name="Kaliyaga" chips="750" dealer="1" win="0" bet="5" muck="1" rebuy="0" addon="0" merge="0" rebuychips="0" reg_code="8384823696"/>
<player seat="3" name="oreiasccp" chips="325" dealer="0" win="0" bet="20" muck="1" rebuy="0" addon="0" merge="0" rebuychips="0" reg_code="8384823652"/>
</players>
</general>
<round no="0"><action no="1" player="oreiasccp" type="15" sum="5"/>
<action no="2" player="d0nsamag0n" type="15" discard="1" dealt="1" sum="5"/>
<action no="3" player="Kaliyaga" type="15" discard="1" dealt="1" sum="5"/>
<action no="4" player="oreiasccp" type="1" sum="15"/>
<action no="5" player="d0nsamag0n" type="2" discard="1" dealt="1" sum="30"/>
</round>
<round no="1"><cards type="Pocket" player="oreiasccp">C6 H8</cards>
<cards type="Pocket" player="Kaliyaga">X X</cards>
<cards type="Pocket" player="d0nsamag0n">X X</cards>
<action no="6" player="Kaliyaga" type="0" discard="1" dealt="1" sum="0"/>
<action no="7" player="oreiasccp" type="0" sum="0"/>
</round>
</game>
<game gamecode="11514787755"><general><startdate>2025-06-16 07:33:56</startdate>
<round>1</round>
<failsafecounter/>
<players><player seat="10" name="Kaliyaga" chips="745" dealer="0" win="45" bet="35" muck="1" rebuy="0" addon="0" merge="0" rebuychips="0" reg_code="8384823696"/>
<player seat="3" name="oreiasccp" chips="305" dealer="1" win="0" bet="5" muck="1" rebuy="0" addon="0" merge="0" rebuychips="0" reg_code="8384823652"/>
<player seat="6" name="d0nsamag0n" chips="450" dealer="0" win="0" bet="20" muck="1" rebuy="0" addon="0" merge="0" rebuychips="0" reg_code="8384823662"/>
</players>
</general>
<round no="0"><action no="1" player="d0nsamag0n" type="15" discard="1" dealt="1" sum="5"/>
<action no="2" player="Kaliyaga" type="15" discard="1" dealt="1" sum="5"/>
<action no="3" player="oreiasccp" type="15" sum="5"/>
<action no="4" player="d0nsamag0n" type="1" discard="1" dealt="1" sum="15"/>
<action no="5" player="Kaliyaga" type="2" discard="1" dealt="1" sum="30"/>
</round>
<round no="1"><cards type="Pocket" player="d0nsamag0n">X X</cards>
<cards type="Pocket" player="Kaliyaga">X X</cards>
<cards type="Pocket" player="oreiasccp">D2 D7</cards>
<action no="6" player="oreiasccp" type="0" sum="0"/>
<action no="7" player="d0nsamag0n" type="0" discard="1" dealt="1" sum="0"/>
</round>
</game>
<game gamecode="11514787784"><general><startdate>2025-06-16 07:34:07</startdate>
<round>1</round>
<failsafecounter/>
<players><player seat="3" name="oreiasccp" chips="300" dealer="0" win="95" bet="300" muck="1" rebuy="0" addon="0" merge="0" rebuychips="0" reg_code="8384823652"/>
<player seat="6" name="d0nsamag0n" chips="430" dealer="1" win="0" bet="5" muck="1" rebuy="0" addon="0" merge="0" rebuychips="0" reg_code="8384823662"/>
<player seat="10" name="Kaliyaga" chips="770" dealer="0" win="0" bet="45" muck="1" rebuy="0" addon="0" merge="0" rebuychips="0" reg_code="8384823696"/>
</players>
</general>
<round no="0"><action no="1" player="Kaliyaga" type="15" discard="1" dealt="1" sum="5"/>
<action no="2" player="oreiasccp" type="15" sum="5"/>
<action no="3" player="d0nsamag0n" type="15" discard="1" dealt="1" sum="5"/>
<action no="4" player="Kaliyaga" type="1" discard="1" dealt="1" sum="20"/>
<action no="5" player="oreiasccp" type="2" sum="40"/>
</round>
<round no="1"><cards type="Pocket" player="Kaliyaga">X X</cards>
<cards type="Pocket" player="d0nsamag0n">X X</cards>
<cards type="Pocket" player="oreiasccp">DK C6</cards>
<action no="6" player="d0nsamag0n" type="0" discard="1" dealt="1" sum="0"/>
<action no="7" player="Kaliyaga" type="3" discard="1" dealt="1" sum="20"/>
<action no="8" player="oreiasccp" type="23" sum="295"/>
<action no="9" player="Kaliyaga" type="0" discard="1" dealt="1" sum="0"/>
</round>
</game>
<game gamecode="11514787821"><general><startdate>2025-06-16 07:34:20</startdate>
<round>1</round>
<failsafecounter/>
<players><player seat="6" name="d0nsamag0n" chips="425" dealer="0" win="0" bet="350" muck="1" rebuy="0" addon="0" merge="0" rebuychips="0" reg_code="8384823662"/>
<player seat="10" name="Kaliyaga" chips="725" dealer="1" win="0" bet="5" muck="1" rebuy="0" addon="0" merge="0" rebuychips="0" reg_code="8384823696"/>
<player seat="3" name="oreiasccp" chips="350" dealer="0" win="705" bet="350" muck="0" rebuy="0" addon="0" merge="0" rebuychips="0" reg_code="8384823652"/>
</players>
</general>
<round no="0"><action no="1" player="oreiasccp" type="15" sum="5"/>
<action no="2" player="d0nsamag0n" type="15" discard="1" dealt="1" sum="5"/>
<action no="3" player="Kaliyaga" type="15" discard="1" dealt="1" sum="5"/>
<action no="4" player="oreiasccp" type="1" sum="20"/>
<action no="5" player="d0nsamag0n" type="2" discard="1" dealt="1" sum="40"/>
</round>
<round no="1"><cards type="Pocket" player="oreiasccp">SJ CQ</cards>
<cards type="Pocket" player="Kaliyaga">X X</cards>
<cards type="Pocket" player="d0nsamag0n">H5 CA</cards>
<action no="6" player="Kaliyaga" type="0" discard="1" dealt="1" sum="0"/>
<action no="7" player="oreiasccp" type="23" sum="345"/>
<action no="8" player="d0nsamag0n" type="3" discard="1" dealt="1" sum="305"/>
</round>
<round no="2"><cards type="Flop">H4 C2 D4</cards>
</round>
<round no="3"><cards type="Turn">CK</cards>
</round>
<round no="4"><cards type="River">DJ</cards>
</round>
</game>
<game gamecode="11514787877"><general><startdate>2025-06-16 07:34:39</startdate>
<round>1</round>
<failsafecounter/>
<players><player seat="10" name="Kaliyaga" chips="720" dealer="0" win="0" bet="85" muck="1" rebuy="0" addon="0" merge="0" rebuychips="0" reg_code="8384823696"/>
<player seat="3" name="oreiasccp" chips="705" dealer="1" win="245" bet="264" muck="0" rebuy="0" addon="0" merge="0" rebuychips="0" reg_code="8384823652"/>
<player seat="6" name="d0nsamag0n" chips="75" dealer="0" win="0" bet="75" muck="1" rebuy="0" addon="0" merge="0" rebuychips="0" reg_code="8384823662"/>
</players>
</general>
<round no="0"><action no="1" player="d0nsamag0n" type="15" discard="1" dealt="1" sum="5"/>
<action no="2" player="Kaliyaga" type="15" discard="1" dealt="1" sum="5"/>
<action no="3" player="oreiasccp" type="15" sum="5"/>
<action no="4" player="d0nsamag0n" type="1" discard="1" dealt="1" sum="20"/>
<action no="5" player="Kaliyaga" type="2" discard="1" dealt="1" sum="40"/>
</round>
<round no="1"><cards type="Pocket" player="Kaliyaga">X X</cards>
<cards type="Pocket" player="d0nsamag0n">S7 CJ</cards>
<cards type="Pocket" player="oreiasccp">D10 D8</cards>
<action no="6" player="oreiasccp" type="23" sum="80"/>
<action no="7" player="d0nsamag0n" type="7" discard="1" dealt="1" sum="50"/>
<action no="8" player="Kaliyaga" type="3" discard="1" dealt="1" sum="40"/>
</round>
<round no="2"><cards type="Flop">D4 S6 C8</cards>
<action no="9" player="Kaliyaga" type="4" discard="1" dealt="1" sum="0"/>
<action no="10" player="oreiasccp" type="5" sum="179"/>
<action no="11" player="Kaliyaga" type="0" discard="1" dealt="1" sum="0"/>
</round>
<round no="3"><cards type="Turn">S9</cards>
</round>
<round no="4"><cards type="River">S4</cards>
</round>
</game>
<game gamecode="11514790151"><general><startdate>2025-06-16 07:35:05</startdate>
<round>1</round>
<failsafecounter/>
<players><player seat="3" name="oreiasccp" chips="865" dealer="0" win="170" bet="125" muck="1" rebuy="0" addon="0" merge="0" rebuychips="0" reg_code="8384823652"/>
<player seat="10" name="Kaliyaga" chips="635" dealer="1" win="0" bet="85" muck="1" rebuy="0" addon="0" merge="0" rebuychips="0" reg_code="8384823696"/>
</players>
</general>
<round no="0"><action no="1" player="Kaliyaga" type="15" discard="1" dealt="1" sum="5"/>
<action no="2" player="oreiasccp" type="15" sum="5"/>
<action no="3" player="Kaliyaga" type="1" discard="1" dealt="1" sum="20"/>
<action no="4" player="oreiasccp" type="2" sum="40"/>
</round>
<round no="1"><cards type="Pocket" player="oreiasccp">SQ S7</cards>
<cards type="Pocket" player="Kaliyaga">X X</cards>
<action no="5" player="Kaliyaga" type="3" discard="1" dealt="1" sum="20"/>
<action no="6" player="oreiasccp" type="4" sum="0"/>
</round>
<round no="2"><cards type="Flop">HQ D2 HA</cards>
<action no="7" player="oreiasccp" type="4" sum="0"/>
<action no="8" player="Kaliyaga" type="5" discard="1" dealt="1" sum="40"/>
<action no="9" player="oreiasccp" type="3" sum="40"/>
</round>
<round no="3"><cards type="Turn">C9</cards>
<action no="10" player="oreiasccp" type="4" sum="0"/>
<action no="11" player="Kaliyaga" type="4" discard="1" dealt="1" sum="0"/>
</round>
<round no="4"><cards type="River">C6</cards>
<action no="12" player="oreiasccp" type="5" sum="40"/>
<action no="13" player="Kaliyaga" type="0" discard="1" dealt="1" sum="0"/>
</round>
</game>
<game gamecode="11514790211"><general><startdate>2025-06-16 07:35:27</startdate>
<round>1</round>
<failsafecounter/>
<players><player seat="10" name="Kaliyaga" chips="550" dealer="0" win="90" bet="125" muck="1" rebuy="0" addon="0" merge="0" rebuychips="0" reg_code="8384823696"/>
<player seat="3" name="oreiasccp" chips="950" dealer="1" win="0" bet="45" muck="1" rebuy="0" addon="0" merge="0" rebuychips="0" reg_code="8384823652"/>
</players>
</general>
<round no="0"><action no="1" player="oreiasccp" type="15" sum="5"/>
<action no="2" player="Kaliyaga" type="15" discard="1" dealt="1" sum="5"/>
<action no="3" player="oreiasccp" type="1" sum="20"/>
<action no="4" player="Kaliyaga" type="2" discard="1" dealt="1" sum="40"/>
</round>
<round no="1"><cards type="Pocket" player="Kaliyaga">X X</cards>
<cards type="Pocket" player="oreiasccp">H7 D5</cards>
<action no="5" player="oreiasccp" type="3" sum="20"/>
<action no="6" player="Kaliyaga" type="23" discard="1" dealt="1" sum="120"/>
<action no="7" player="oreiasccp" type="0" sum="0"/>
</round>
</game>
<game gamecode="11514790240"><general><startdate>2025-06-16 07:35:38</startdate>
<round>1</round>
<failsafecounter/>
<players><player seat="3" name="oreiasccp" chips="905" dealer="0" win="250" bet="125" muck="0" rebuy="0" addon="0" merge="0" rebuychips="0" reg_code="8384823652"/>
<player seat="10" name="Kaliyaga" chips="595" dealer="1" win="0" bet="125" muck="1" rebuy="0" addon="0" merge="0" rebuychips="0" reg_code="8384823696"/>
</players>
</general>
<round no="0"><action no="1" player="Kaliyaga" type="15" discard="1" dealt="1" sum="5"/>
<action no="2" player="oreiasccp" type="15" sum="5"/>
<action no="3" player="Kaliyaga" type="1" discard="1" dealt="1" sum="20"/>
<action no="4" player="oreiasccp" type="2" sum="40"/>
</round>
<round no="1"><cards type="Pocket" player="oreiasccp">H4 SK</cards>
<cards type="Pocket" player="Kaliyaga">H8 H5</cards>
<action no="5" player="Kaliyaga" type="3" discard="1" dealt="1" sum="20"/>
<action no="6" player="oreiasccp" type="4" sum="0"/>
</round>
<round no="2"><cards type="Flop">D4 CK HA</cards>
<action no="7" player="oreiasccp" type="4" sum="0"/>
<action no="8" player="Kaliyaga" type="4" discard="1" dealt="1" sum="0"/>
</round>
<round no="3"><cards type="Turn">S10</cards>
<action no="9" player="oreiasccp" type="5" sum="40"/>
<action no="10" player="Kaliyaga" type="23" discard="1" dealt="1" sum="80"/>
<action no="11" player="oreiasccp" type="3" sum="40"/>
</round>
<round no="4"><cards type="River">D3</cards>
<action no="12" player="oreiasccp" type="4" sum="0"/>
<action no="13" player="Kaliyaga" type="4" discard="1" dealt="1" sum="0"/>
</round>
</game>
<game gamecode="11514790313"><general><startdate>2025-06-16 07:36:01</startdate>
<round>1</round>
<failsafecounter/>
<players><player seat="10" name="Kaliyaga" chips="470" dealer="0" win="90" bet="470" muck="1" rebuy="0" addon="0" merge="0" rebuychips="0" reg_code="8384823696"/>
<player seat="3" name="oreiasccp" chips="1,030" dealer="1" win="0" bet="45" muck="1" rebuy="0" addon="0" merge="0" rebuychips="0" reg_code="8384823652"/>
</players>
</general>
<round no="0"><action no="1" player="oreiasccp" type="15" sum="5"/>
<action no="2" player="Kaliyaga" type="15" discard="1" dealt="1" sum="5"/>
<action no="3" player="oreiasccp" type="1" sum="20"/>
<action no="4" player="Kaliyaga" type="2" discard="1" dealt="1" sum="40"/>
</round>
<round no="1"><cards type="Pocket" player="Kaliyaga">X X</cards>
<cards type="Pocket" player="oreiasccp">HJ H6</cards>
<action no="5" player="oreiasccp" type="3" sum="20"/>
<action no="6" player="Kaliyaga" type="23" discard="1" dealt="1" sum="465"/>
<action no="7" player="oreiasccp" type="0" sum="0"/>
</round>
</game>
<game gamecode="11514790346"><general><startdate>2025-06-16 07:36:10</startdate>
<round>1</round>
<failsafecounter/>
<players><player seat="3" name="oreiasccp" chips="985" dealer="0" win="70" bet="65" muck="1" rebuy="0" addon="0" merge="0" rebuychips="0" reg_code="8384823652"/>
<player seat="10" name="Kaliyaga" chips="515" dealer="1" win="0" bet="35" muck="1" rebuy="0" addon="0" merge="0" rebuychips="0" reg_code="8384823696"/>
</players>
</general>
<round no="0"><action no="1" player="Kaliyaga" type="15" discard="1" dealt="1" sum="5"/>
<action no="2" player="oreiasccp" type="15" sum="5"/>
<action no="3" player="Kaliyaga" type="1" discard="1" dealt="1" sum="30"/>
<action no="4" player="oreiasccp" type="2" sum="60"/>
</round>
<round no="1"><cards type="Pocket" player="oreiasccp">H4 H9</cards>
<cards type="Pocket" player="Kaliyaga">X X</cards>
<action no="5" player="Kaliyaga" type="0" discard="1" dealt="1" sum="0"/>
</round>
</game>
<game gamecode="11514790360"><general><startdate>2025-06-16 07:36:16</startdate>
<round>1</round>
<failsafecounter/>
<players><player seat="10" name="Kaliyaga" chips="480" dealer="0" win="0" bet="480" muck="1" rebuy="0" addon="0" merge="0" rebuychips="0" reg_code="8384823696"/>
<player seat="3" name="oreiasccp" chips="1,020" dealer="1" win="960" bet="480" muck="0" rebuy="0" addon="0" merge="0" rebuychips="0" reg_code="8384823652"/>
</players>
</general>
<round no="0"><action no="1" player="oreiasccp" type="15" sum="5"/>
<action no="2" player="Kaliyaga" type="15" discard="1" dealt="1" sum="5"/>
<action no="3" player="oreiasccp" type="1" sum="30"/>
<action no="4" player="Kaliyaga" type="2" discard="1" dealt="1" sum="60"/>
</round>
<round no="1"><cards type="Pocket" player="Kaliyaga">SK S2</cards>
<cards type="Pocket" player="oreiasccp">C6 S5</cards>
<action no="5" player="oreiasccp" type="3" sum="30"/>
<action no="6" player="Kaliyaga" type="4" discard="1" dealt="1" sum="0"/>
</round>
<round no="2"><cards type="Flop">H6 C5 DK</cards>
<action no="7" player="Kaliyaga" type="5" discard="1" dealt="1" sum="120"/>
<action no="8" player="oreiasccp" type="3" sum="120"/>
</round>
<round no="3"><cards type="Turn">HQ</cards>
<action no="9" player="Kaliyaga" type="5" discard="1" dealt="1" sum="120"/>
<action no="10" player="oreiasccp" type="23" sum="295"/>
<action no="11" player="Kaliyaga" type="7" discard="1" dealt="1" sum="175"/>
</round>
<round no="4"><cards type="River">CA</cards>
</round>
</game>
</session>
