<?xml version="1.0" encoding="UTF-8"?>
<session sessioncode="8384822006">
<general>
<client_version>24.7.1.16</client_version>
<mode>real</mode>
<gametype>Holdem NL</gametype>
<tablename>Twister €5 SNG, 1127560741</tablename>
<tournamentcode>1127560740</tournamentcode>
<tournamentname>Twister €5 SNG</tournamentname>
<buyin>€0 + €0.35 + €4.65</buyin>
<totalbuyin>€5</totalbuyin>
<rewarddrawn>€10</rewarddrawn>
<tournamentcurrency>EUR</tournamentcurrency>
<currency>EUR</currency>
<nickname>oreiasccp</nickname>
<gamecount>3</gamecount>
<startdate>2025-06-16 07:18:07</startdate>
<place>3</place>
<win>€0</win>
<tablesize>3</tablesize>
</general>
<game gamecode="11514781987"><general><startdate>2025-06-16 07:18:23</startdate>
<round>1</round>
<failsafecounter/>
<players><player seat="6" name="Skyder19" chips="500" dealer="0" win="20" bet="20" muck="1" rebuy="0" addon="0" merge="0" rebuychips="0" reg_code="8384822010"/>
<player seat="10" name="d0nsamag0n" chips="500" dealer="1" win="0" bet="0" muck="1" rebuy="0" addon="0" merge="0" rebuychips="0" reg_code="8384822012"/>
<player seat="3" name="oreiasccp" chips="500" dealer="0" win="0" bet="10" muck="1" rebuy="0" addon="0" merge="0" rebuychips="0" reg_code="8384822006"/>
</players>
</general>
<round no="0"><action no="1" player="oreiasccp" type="1" sum="10"/>
<action no="2" player="Skyder19" type="2" discard="1" dealt="1" sum="20"/>
</round>
<round no="1"><cards type="Pocket" player="d0nsamag0n">X X</cards>
<cards type="Pocket" player="Skyder19">X X</cards>
<cards type="Pocket" player="oreiasccp">D2 H8</cards>
<action no="3" player="d0nsamag0n" type="0" discard="1" dealt="1" sum="0"/>
<action no="4" player="oreiasccp" type="0" sum="0"/>
</round>
</game>
<game gamecode="11514782018"><general><startdate>2025-06-16 07:18:33</startdate>
<round>1</round>
<failsafecounter/>
<players><player seat="10" name="d0nsamag0n" chips="500" dealer="0" win="20" bet="20" muck="1" rebuy="0" addon="0" merge="0" rebuychips="0" reg_code="8384822012"/>
<player seat="3" name="oreiasccp" chips="490" dealer="1" win="0" bet="0" muck="1" rebuy="0" addon="0" merge="0" rebuychips="0" reg_code="8384822006"/>
<player seat="6" name="Skyder19" chips="510" dealer="0" win="0" bet="10" muck="1" rebuy="0" addon="0" merge="0" rebuychips="0" reg_code="8384822010"/>
</players>
</general>
<round no="0"><action no="1" player="Skyder19" type="1" discard="1" dealt="1" sum="10"/>
<action no="2" player="d0nsamag0n" type="2" discard="1" dealt="1" sum="20"/>
</round>
<round no="1"><cards type="Pocket" player="d0nsamag0n">X X</cards>
<cards type="Pocket" player="oreiasccp">D7 HQ</cards>
<cards type="Pocket" player="Skyder19">X X</cards>
<action no="3" player="oreiasccp" type="0" sum="0"/>
<action no="4" player="Skyder19" type="0" discard="1" dealt="1" sum="0"/>
</round>
</game>
<game gamecode="11514782039"><general><startdate>2025-06-16 07:18:45</startdate>
<round>1</round>
<failsafecounter/>
<players><player seat="3" name="oreiasccp" chips="490" dealer="0" win="0" bet="490" muck="0" rebuy="0" addon="0" merge="0" rebuychips="0" reg_code="8384822006"/>
<player seat="6" name="Skyder19" chips="500" dealer="1" win="0" bet="40" muck="1" rebuy="0" addon="0" merge="0" rebuychips="0" reg_code="8384822010"/>
<player seat="10" name="d0nsamag0n" chips="510" dealer="0" win="1,020" bet="510" muck="0" rebuy="0" addon="0" merge="0" rebuychips="0" reg_code="8384822012"/>
</players>
</general>
<round no="0"><action no="1" player="d0nsamag0n" type="1" discard="1" dealt="1" sum="10"/>
<action no="2" player="oreiasccp" type="2" sum="20"/>
</round>
<round no="1"><cards type="Pocket" player="Skyder19">X X</cards>
<cards type="Pocket" player="oreiasccp">SQ DA</cards>
<cards type="Pocket" player="d0nsamag0n">H8 D8</cards>
<action no="3" player="Skyder19" type="23" discard="1" dealt="1" sum="40"/>
<action no="4" player="d0nsamag0n" type="23" discard="1" dealt="1" sum="510"/>
<action no="5" player="oreiasccp" type="7" sum="470"/>
<action no="6" player="Skyder19" type="0" discard="1" dealt="1" sum="0"/>
</round>
<round no="2"><cards type="Flop">S7 C8 DK</cards>
</round>
<round no="3"><cards type="Turn">CQ</cards>
</round>
<round no="4"><cards type="River">SA</cards>
</round>
</game>
</session>
