<?xml version="1.0" encoding="UTF-8"?>
<session sessioncode="8384826471">
<general>
<client_version>24.7.1.16</client_version>
<mode>real</mode>
<gametype>Holdem NL</gametype>
<tablename>Twister €5 SNG, 1127561668</tablename>
<tournamentcode>1127561667</tournamentcode>
<tournamentname>Twister €5 SNG</tournamentname>
<buyin>€0 + €0.35 + €4.65</buyin>
<totalbuyin>€5</totalbuyin>
<rewarddrawn>€10</rewarddrawn>
<tournamentcurrency>EUR</tournamentcurrency>
<currency>EUR</currency>
<nickname>oreiasccp</nickname>
<gamecount>6</gamecount>
<startdate>2025-06-16 07:48:57</startdate>
<place>1</place>
<win>€10</win>
<tablesize>3</tablesize>
</general>
<game gamecode="11514795773"><general><startdate>2025-06-16 07:49:12</startdate>
<round>1</round>
<failsafecounter/>
<players><player seat="6" name="oreiasccp" chips="500" dealer="0" win="0" bet="60" muck="1" rebuy="0" addon="0" merge="0" rebuychips="0" reg_code="8384826471"/>
<player seat="10" name="gasgas" chips="500" dealer="1" win="0" bet="0" muck="1" rebuy="0" addon="0" merge="0" rebuychips="0" reg_code="8384826489"/>
<player seat="3" name="505364205" chips="500" dealer="0" win="120" bet="180" muck="1" rebuy="0" addon="0" merge="0" rebuychips="0" reg_code="8384826435"/>
</players>
</general>
<round no="0"><action no="1" player="505364205" type="1" discard="1" dealt="1" sum="10"/>
<action no="2" player="oreiasccp" type="2" sum="20"/>
</round>
<round no="1"><cards type="Pocket" player="oreiasccp">CA H4</cards>
<cards type="Pocket" player="gasgas">X X</cards>
<cards type="Pocket" player="505364205">X X</cards>
<action no="3" player="gasgas" type="0" discard="1" dealt="1" sum="0"/>
<action no="4" player="505364205" type="23" discard="1" dealt="1" sum="60"/>
<action no="5" player="oreiasccp" type="3" sum="40"/>
</round>
<round no="2"><cards type="Flop">DQ S2 CJ</cards>
<action no="6" player="505364205" type="4" discard="1" dealt="1" sum="0"/>
<action no="7" player="oreiasccp" type="4" sum="0"/>
</round>
<round no="3"><cards type="Turn">D2</cards>
<action no="8" player="505364205" type="5" discard="1" dealt="1" sum="120"/>
<action no="9" player="oreiasccp" type="0" sum="0"/>
</round>
</game>
<game gamecode="11514795832"><general><startdate>2025-06-16 07:49:35</startdate>
<round>1</round>
<failsafecounter/>
<players><player seat="10" name="gasgas" chips="500" dealer="0" win="0" bet="500" muck="0" rebuy="0" addon="0" merge="0" rebuychips="0" reg_code="8384826489"/>
<player seat="3" name="505364205" chips="560" dealer="1" win="120" bet="500" muck="0" rebuy="0" addon="0" merge="0" rebuychips="0" reg_code="8384826435"/>
<player seat="6" name="oreiasccp" chips="440" dealer="0" win="1,320" bet="440" muck="0" rebuy="0" addon="0" merge="0" rebuychips="0" reg_code="8384826471"/>
</players>
</general>
<round no="0"><action no="1" player="oreiasccp" type="1" sum="10"/>
<action no="2" player="gasgas" type="2" discard="1" dealt="1" sum="20"/>
</round>
<round no="1"><cards type="Pocket" player="505364205">SK S2</cards>
<cards type="Pocket" player="gasgas">S10 S5</cards>
<cards type="Pocket" player="oreiasccp">C3 C8</cards>
<action no="3" player="505364205" type="3" discard="1" dealt="1" sum="20"/>
<action no="4" player="oreiasccp" type="3" sum="10"/>
<action no="5" player="gasgas" type="4" discard="1" dealt="1" sum="0"/>
</round>
<round no="2"><cards type="Flop">D8 S3 S4</cards>
<action no="6" player="oreiasccp" type="4" sum="0"/>
<action no="7" player="gasgas" type="4" discard="1" dealt="1" sum="0"/>
<action no="8" player="505364205" type="5" discard="1" dealt="1" sum="60"/>
<action no="9" player="oreiasccp" type="23" sum="180"/>
<action no="10" player="gasgas" type="23" discard="1" dealt="1" sum="480"/>
<action no="11" player="505364205" type="3" discard="1" dealt="1" sum="420"/>
<action no="12" player="oreiasccp" type="7" sum="240"/>
</round>
<round no="3"><cards type="Turn">C9</cards>
</round>
<round no="4"><cards type="River">C2</cards>
</round>
</game>
<game gamecode="11514795918"><general><startdate>2025-06-16 07:50:13</startdate>
<round>1</round>
<failsafecounter/>
<players><player seat="3" name="505364205" chips="180" dealer="0" win="20" bet="20" muck="1" rebuy="0" addon="0" merge="0" rebuychips="0" reg_code="8384826435"/>
<player seat="6" name="oreiasccp" chips="1,320" dealer="1" win="0" bet="10" muck="1" rebuy="0" addon="0" merge="0" rebuychips="0" reg_code="8384826471"/>
</players>
</general>
<round no="0"><action no="1" player="oreiasccp" type="1" sum="10"/>
<action no="2" player="505364205" type="2" discard="1" dealt="1" sum="20"/>
</round>
<round no="1"><cards type="Pocket" player="505364205">X X</cards>
<cards type="Pocket" player="oreiasccp">D3 C8</cards>
<action no="3" player="oreiasccp" type="0" sum="0"/>
</round>
</game>
<game gamecode="11514795933"><general><startdate>2025-06-16 07:50:19</startdate>
<round>1</round>
<failsafecounter/>
<players><player seat="6" name="oreiasccp" chips="1,310" dealer="0" win="0" bet="20" muck="1" rebuy="0" addon="0" merge="0" rebuychips="0" reg_code="8384826471"/>
<player seat="3" name="505364205" chips="190" dealer="1" win="40" bet="190" muck="1" rebuy="0" addon="0" merge="0" rebuychips="0" reg_code="8384826435"/>
</players>
</general>
<round no="0"><action no="1" player="505364205" type="1" discard="1" dealt="1" sum="10"/>
<action no="2" player="oreiasccp" type="2" sum="20"/>
</round>
<round no="1"><cards type="Pocket" player="505364205">X X</cards>
<cards type="Pocket" player="oreiasccp">H5 DQ</cards>
<action no="3" player="505364205" type="23" discard="1" dealt="1" sum="190"/>
<action no="4" player="oreiasccp" type="0" sum="0"/>
</round>
</game>
<game gamecode="11514795952"><general><startdate>2025-06-16 07:50:28</startdate>
<round>1</round>
<failsafecounter/>
<players><player seat="3" name="505364205" chips="210" dealer="0" win="0" bet="20" muck="1" rebuy="0" addon="0" merge="0" rebuychips="0" reg_code="8384826435"/>
<player seat="6" name="oreiasccp" chips="1,290" dealer="1" win="40" bet="40" muck="1" rebuy="0" addon="0" merge="0" rebuychips="0" reg_code="8384826471"/>
</players>
</general>
<round no="0"><action no="1" player="oreiasccp" type="1" sum="10"/>
<action no="2" player="505364205" type="2" discard="1" dealt="1" sum="20"/>
</round>
<round no="1"><cards type="Pocket" player="oreiasccp">CQ D6</cards>
<cards type="Pocket" player="505364205">X X</cards>
<action no="3" player="oreiasccp" type="3" sum="10"/>
<action no="4" player="505364205" type="4" discard="1" dealt="1" sum="0"/>
</round>
<round no="2"><cards type="Flop">DJ C5 S3</cards>
<action no="5" player="505364205" type="4" discard="1" dealt="1" sum="0"/>
<action no="6" player="oreiasccp" type="5" sum="20"/>
<action no="7" player="505364205" type="0" discard="1" dealt="1" sum="0"/>
</round>
</game>
<game gamecode="11514795976"><general><startdate>2025-06-16 07:50:39</startdate>
<round>1</round>
<failsafecounter/>
<players><player seat="6" name="oreiasccp" chips="1,310" dealer="0" win="380" bet="190" muck="0" rebuy="0" addon="0" merge="0" rebuychips="0" reg_code="8384826471"/>
<player seat="3" name="505364205" chips="190" dealer="1" win="0" bet="190" muck="0" rebuy="0" addon="0" merge="0" rebuychips="0" reg_code="8384826435"/>
</players>
</general>
<round no="0"><action no="1" player="505364205" type="1" discard="1" dealt="1" sum="10"/>
<action no="2" player="oreiasccp" type="2" sum="20"/>
</round>
<round no="1"><cards type="Pocket" player="oreiasccp">DK C2</cards>
<cards type="Pocket" player="505364205">S4 DQ</cards>
<action no="3" player="505364205" type="3" discard="1" dealt="1" sum="10"/>
<action no="4" player="oreiasccp" type="23" sum="190"/>
<action no="5" player="505364205" type="7" discard="1" dealt="1" sum="170"/>
</round>
<round no="2"><cards type="Flop">C7 S3 C8</cards>
</round>
<round no="3"><cards type="Turn">C10</cards>
</round>
<round no="4"><cards type="River">S9</cards>
</round>
</game>
</session>
