<?xml version="1.0" encoding="UTF-8"?>
<session sessioncode="8384862669">
<general>
<client_version>24.7.1.16</client_version>
<mode>real</mode>
<gametype>Holdem NL</gametype>
<tablename>Twister €5 SNG, 1127568267</tablename>
<tournamentcode>1127568266</tournamentcode>
<tournamentname>Twister €5 SNG</tournamentname>
<buyin>€0 + €0.35 + €4.65</buyin>
<totalbuyin>€5</totalbuyin>
<rewarddrawn>€10</rewarddrawn>
<tournamentcurrency>EUR</tournamentcurrency>
<currency>EUR</currency>
<nickname>oreiasccp</nickname>
<gamecount>9</gamecount>
<startdate>2025-06-16 10:44:09</startdate>
<place>2</place>
<win>€0</win>
<tablesize>3</tablesize>
</general>
<game gamecode="11514909043"><general><startdate>2025-06-16 10:44:24</startdate>
<round>1</round>
<failsafecounter/>
<players><player seat="6" name="6SP9" chips="500" dealer="0" win="0" bet="160" muck="1" rebuy="0" addon="0" merge="0" rebuychips="0" reg_code="8384862593"/>
<player seat="10" name="oreiasccp" chips="500" dealer="1" win="0" bet="0" muck="1" rebuy="0" addon="0" merge="0" rebuychips="0" reg_code="8384862669"/>
<player seat="3" name="Evamay" chips="500" dealer="0" win="320" bet="384" muck="1" rebuy="0" addon="0" merge="0" rebuychips="0" reg_code="8384862583"/>
</players>
</general>
<round no="0"><action no="1" player="Evamay" type="1" discard="1" dealt="1" sum="10"/>
<action no="2" player="6SP9" type="2" discard="1" dealt="1" sum="20"/>
</round>
<round no="1"><cards type="Pocket" player="Evamay">X X</cards>
<cards type="Pocket" player="oreiasccp">S8 H7</cards>
<cards type="Pocket" player="6SP9">X X</cards>
<action no="3" player="oreiasccp" type="0" sum="0"/>
<action no="4" player="Evamay" type="23" discard="1" dealt="1" sum="80"/>
<action no="5" player="6SP9" type="3" discard="1" dealt="1" sum="60"/>
</round>
<round no="2"><cards type="Flop">C4 C7 DK</cards>
<action no="6" player="Evamay" type="5" discard="1" dealt="1" sum="80"/>
<action no="7" player="6SP9" type="3" discard="1" dealt="1" sum="80"/>
</round>
<round no="3"><cards type="Turn">S7</cards>
<action no="8" player="Evamay" type="5" discard="1" dealt="1" sum="224"/>
<action no="9" player="6SP9" type="0" discard="1" dealt="1" sum="0"/>
</round>
</game>
<game gamecode="11514909131"><general><startdate>2025-06-16 10:44:50</startdate>
<round>1</round>
<failsafecounter/>
<players><player seat="10" name="oreiasccp" chips="500" dealer="0" win="50" bet="20" muck="0" rebuy="0" addon="0" merge="0" rebuychips="0" reg_code="8384862669"/>
<player seat="3" name="Evamay" chips="660" dealer="1" win="0" bet="20" muck="1" rebuy="0" addon="0" merge="0" rebuychips="0" reg_code="8384862583"/>
<player seat="6" name="6SP9" chips="340" dealer="0" win="0" bet="10" muck="1" rebuy="0" addon="0" merge="0" rebuychips="0" reg_code="8384862593"/>
</players>
</general>
<round no="0"><action no="1" player="6SP9" type="1" discard="1" dealt="1" sum="10"/>
<action no="2" player="oreiasccp" type="2" sum="20"/>
</round>
<round no="1"><cards type="Pocket" player="Evamay">C5 CQ</cards>
<cards type="Pocket" player="oreiasccp">H3 D5</cards>
<cards type="Pocket" player="6SP9">X X</cards>
<action no="3" player="Evamay" type="3" discard="1" dealt="1" sum="20"/>
<action no="4" player="6SP9" type="0" discard="1" dealt="1" sum="0"/>
<action no="5" player="oreiasccp" type="4" sum="0"/>
</round>
<round no="2"><cards type="Flop">S4 S6 C3</cards>
<action no="6" player="oreiasccp" type="4" sum="0"/>
<action no="7" player="Evamay" type="4" discard="1" dealt="1" sum="0"/>
</round>
<round no="3"><cards type="Turn">SK</cards>
<action no="8" player="oreiasccp" type="4" sum="0"/>
<action no="9" player="Evamay" type="4" discard="1" dealt="1" sum="0"/>
</round>
<round no="4"><cards type="River">H6</cards>
<action no="10" player="oreiasccp" type="4" sum="0"/>
<action no="11" player="Evamay" type="4" discard="1" dealt="1" sum="0"/>
</round>
</game>
<game gamecode="11514909234"><general><startdate>2025-06-16 10:45:21</startdate>
<round>1</round>
<failsafecounter/>
<players><player seat="3" name="Evamay" chips="640" dealer="0" win="670" bet="330" muck="0" rebuy="0" addon="0" merge="0" rebuychips="0" reg_code="8384862583"/>
<player seat="6" name="6SP9" chips="330" dealer="1" win="0" bet="330" muck="0" rebuy="0" addon="0" merge="0" rebuychips="0" reg_code="8384862593"/>
<player seat="10" name="oreiasccp" chips="530" dealer="0" win="0" bet="10" muck="1" rebuy="0" addon="0" merge="0" rebuychips="0" reg_code="8384862669"/>
</players>
</general>
<round no="0"><action no="1" player="oreiasccp" type="1" sum="10"/>
<action no="2" player="Evamay" type="2" discard="1" dealt="1" sum="20"/>
</round>
<round no="1"><cards type="Pocket" player="6SP9">H9 H8</cards>
<cards type="Pocket" player="oreiasccp">DQ H4</cards>
<cards type="Pocket" player="Evamay">D7 DK</cards>
<action no="3" player="6SP9" type="23" discard="1" dealt="1" sum="40"/>
<action no="4" player="oreiasccp" type="0" sum="0"/>
<action no="5" player="Evamay" type="3" discard="1" dealt="1" sum="20"/>
</round>
<round no="2"><cards type="Flop">D6 HA D3</cards>
<action no="6" player="Evamay" type="5" discard="1" dealt="1" sum="20"/>
<action no="7" player="6SP9" type="23" discard="1" dealt="1" sum="75"/>
<action no="8" player="Evamay" type="3" discard="1" dealt="1" sum="55"/>
</round>
<round no="3"><cards type="Turn">D5</cards>
<action no="9" player="Evamay" type="4" discard="1" dealt="1" sum="0"/>
<action no="10" player="6SP9" type="5" discard="1" dealt="1" sum="215"/>
<action no="11" player="Evamay" type="3" discard="1" dealt="1" sum="215"/>
</round>
<round no="4"><cards type="River">S3</cards>
</round>
</game>
<game gamecode="11514913429"><general><startdate>2025-06-16 10:45:57</startdate>
<round>1</round>
<failsafecounter/>
<players><player seat="3" name="Evamay" chips="980" dealer="0" win="0" bet="20" muck="1" rebuy="0" addon="0" merge="0" rebuychips="0" reg_code="8384862583"/>
<player seat="10" name="oreiasccp" chips="520" dealer="1" win="40" bet="40" muck="1" rebuy="0" addon="0" merge="0" rebuychips="0" reg_code="8384862669"/>
</players>
</general>
<round no="0"><action no="1" player="oreiasccp" type="1" sum="10"/>
<action no="2" player="Evamay" type="2" discard="1" dealt="1" sum="20"/>
</round>
<round no="1"><cards type="Pocket" player="oreiasccp">D7 HJ</cards>
<cards type="Pocket" player="Evamay">X X</cards>
<action no="3" player="oreiasccp" type="23" sum="40"/>
<action no="4" player="Evamay" type="0" discard="1" dealt="1" sum="0"/>
</round>
</game>
<game gamecode="11514913456"><general><startdate>2025-06-16 10:46:06</startdate>
<round>1</round>
<failsafecounter/>
<players><player seat="10" name="oreiasccp" chips="540" dealer="0" win="20" bet="20" muck="1" rebuy="0" addon="0" merge="0" rebuychips="0" reg_code="8384862669"/>
<player seat="3" name="Evamay" chips="960" dealer="1" win="0" bet="10" muck="1" rebuy="0" addon="0" merge="0" rebuychips="0" reg_code="8384862583"/>
</players>
</general>
<round no="0"><action no="1" player="Evamay" type="1" discard="1" dealt="1" sum="10"/>
<action no="2" player="oreiasccp" type="2" sum="20"/>
</round>
<round no="1"><cards type="Pocket" player="Evamay">X X</cards>
<cards type="Pocket" player="oreiasccp">S5 C7</cards>
<action no="3" player="Evamay" type="0" discard="1" dealt="1" sum="0"/>
</round>
</game>
<game gamecode="11514913479"><general><startdate>2025-06-16 10:46:11</startdate>
<round>1</round>
<failsafecounter/>
<players><player seat="3" name="Evamay" chips="950" dealer="0" win="0" bet="20" muck="1" rebuy="0" addon="0" merge="0" rebuychips="0" reg_code="8384862583"/>
<player seat="10" name="oreiasccp" chips="550" dealer="1" win="40" bet="40" muck="1" rebuy="0" addon="0" merge="0" rebuychips="0" reg_code="8384862669"/>
</players>
</general>
<round no="0"><action no="1" player="oreiasccp" type="1" sum="10"/>
<action no="2" player="Evamay" type="2" discard="1" dealt="1" sum="20"/>
</round>
<round no="1"><cards type="Pocket" player="oreiasccp">C3 HA</cards>
<cards type="Pocket" player="Evamay">X X</cards>
<action no="3" player="oreiasccp" type="3" sum="10"/>
<action no="4" player="Evamay" type="4" discard="1" dealt="1" sum="0"/>
</round>
<round no="2"><cards type="Flop">C9 D6 CA</cards>
<action no="5" player="Evamay" type="4" discard="1" dealt="1" sum="0"/>
<action no="6" player="oreiasccp" type="5" sum="20"/>
<action no="7" player="Evamay" type="0" discard="1" dealt="1" sum="0"/>
</round>
</game>
<game gamecode="11514913520"><general><startdate>2025-06-16 10:46:25</startdate>
<round>1</round>
<failsafecounter/>
<players><player seat="10" name="oreiasccp" chips="570" dealer="0" win="40" bet="35" muck="1" rebuy="0" addon="0" merge="0" rebuychips="0" reg_code="8384862669"/>
<player seat="3" name="Evamay" chips="930" dealer="1" win="0" bet="20" muck="1" rebuy="0" addon="0" merge="0" rebuychips="0" reg_code="8384862583"/>
</players>
</general>
<round no="0"><action no="1" player="Evamay" type="15" discard="1" dealt="1" sum="5"/>
<action no="2" player="oreiasccp" type="15" sum="5"/>
<action no="3" player="Evamay" type="1" discard="1" dealt="1" sum="15"/>
<action no="4" player="oreiasccp" type="2" sum="30"/>
</round>
<round no="1"><cards type="Pocket" player="Evamay">X X</cards>
<cards type="Pocket" player="oreiasccp">S2 D7</cards>
<action no="5" player="Evamay" type="0" discard="1" dealt="1" sum="0"/>
</round>
</game>
<game gamecode="11514913538"><general><startdate>2025-06-16 10:46:31</startdate>
<round>1</round>
<failsafecounter/>
<players><player seat="3" name="Evamay" chips="910" dealer="0" win="70" bet="910" muck="1" rebuy="0" addon="0" merge="0" rebuychips="0" reg_code="8384862583"/>
<player seat="10" name="oreiasccp" chips="590" dealer="1" win="0" bet="35" muck="1" rebuy="0" addon="0" merge="0" rebuychips="0" reg_code="8384862669"/>
</players>
</general>
<round no="0"><action no="1" player="oreiasccp" type="15" sum="5"/>
<action no="2" player="Evamay" type="15" discard="1" dealt="1" sum="5"/>
<action no="3" player="oreiasccp" type="1" sum="15"/>
<action no="4" player="Evamay" type="2" discard="1" dealt="1" sum="30"/>
</round>
<round no="1"><cards type="Pocket" player="oreiasccp">D10 H5</cards>
<cards type="Pocket" player="Evamay">X X</cards>
<action no="5" player="oreiasccp" type="3" sum="15"/>
<action no="6" player="Evamay" type="23" discard="1" dealt="1" sum="905"/>
<action no="7" player="oreiasccp" type="0" sum="0"/>
</round>
</game>
<game gamecode="11514913582"><general><startdate>2025-06-16 10:46:43</startdate>
<round>1</round>
<failsafecounter/>
<players><player seat="10" name="oreiasccp" chips="555" dealer="0" win="0" bet="555" muck="0" rebuy="0" addon="0" merge="0" rebuychips="0" reg_code="8384862669"/>
<player seat="3" name="Evamay" chips="945" dealer="1" win="1,110" bet="555" muck="0" rebuy="0" addon="0" merge="0" rebuychips="0" reg_code="8384862583"/>
</players>
</general>
<round no="0"><action no="1" player="Evamay" type="15" discard="1" dealt="1" sum="5"/>
<action no="2" player="oreiasccp" type="15" sum="5"/>
<action no="3" player="Evamay" type="1" discard="1" dealt="1" sum="15"/>
<action no="4" player="oreiasccp" type="2" sum="30"/>
</round>
<round no="1"><cards type="Pocket" player="Evamay">DK DA</cards>
<cards type="Pocket" player="oreiasccp">D10 S10</cards>
<action no="5" player="Evamay" type="23" discard="1" dealt="1" sum="90"/>
<action no="6" player="oreiasccp" type="23" sum="550"/>
<action no="7" player="Evamay" type="3" discard="1" dealt="1" sum="460"/>
</round>
<round no="2"><cards type="Flop">D5 S6 CJ</cards>
</round>
<round no="3"><cards type="Turn">SQ</cards>
</round>
<round no="4"><cards type="River">C10</cards>
</round>
</game>
</session>
