<?xml version="1.0" encoding="UTF-8"?>
<session sessioncode="8384848735">
<general>
<client_version>24.7.1.16</client_version>
<mode>real</mode>
<gametype>Holdem NL</gametype>
<tablename>Twister €5 SNG, 1127565938</tablename>
<tournamentcode>1127565937</tournamentcode>
<tournamentname>Twister €5 SNG</tournamentname>
<buyin>€0 + €0.35 + €4.65</buyin>
<totalbuyin>€5</totalbuyin>
<rewarddrawn>€25</rewarddrawn>
<tournamentcurrency>EUR</tournamentcurrency>
<currency>EUR</currency>
<nickname>oreiasccp</nickname>
<gamecount>20</gamecount>
<startdate>2025-06-16 09:44:44</startdate>
<place>2</place>
<win>€0</win>
<tablesize>3</tablesize>
</general>
<game gamecode="11514866640"><general><startdate>2025-06-16 09:45:00</startdate>
<round>1</round>
<failsafecounter/>
<players><player seat="3" name="DwizMoney" chips="500" dealer="0" win="160" bet="200" muck="1" rebuy="0" addon="0" merge="0" rebuychips="0" reg_code="8384848733"/>
<player seat="6" name="oreiasccp" chips="500" dealer="1" win="0" bet="0" muck="1" rebuy="0" addon="0" merge="0" rebuychips="0" reg_code="8384848735"/>
<player seat="10" name="gasgas" chips="500" dealer="0" win="0" bet="80" muck="1" rebuy="0" addon="0" merge="0" rebuychips="0" reg_code="8384848741"/>
</players>
</general>
<round no="0"><action no="1" player="gasgas" type="1" discard="1" dealt="1" sum="10"/>
<action no="2" player="DwizMoney" type="2" discard="1" dealt="1" sum="20"/>
</round>
<round no="1"><cards type="Pocket" player="oreiasccp">S10 C6</cards>
<cards type="Pocket" player="DwizMoney">X X</cards>
<cards type="Pocket" player="gasgas">X X</cards>
<action no="3" player="oreiasccp" type="0" sum="0"/>
<action no="4" player="gasgas" type="3" discard="1" dealt="1" sum="10"/>
<action no="5" player="DwizMoney" type="4" discard="1" dealt="1" sum="0"/>
</round>
<round no="2"><cards type="Flop">D5 C7 S9</cards>
<action no="6" player="gasgas" type="5" discard="1" dealt="1" sum="20"/>
<action no="7" player="DwizMoney" type="3" discard="1" dealt="1" sum="20"/>
</round>
<round no="3"><cards type="Turn">CQ</cards>
<action no="8" player="gasgas" type="4" discard="1" dealt="1" sum="0"/>
<action no="9" player="DwizMoney" type="5" discard="1" dealt="1" sum="40"/>
<action no="10" player="gasgas" type="3" discard="1" dealt="1" sum="40"/>
</round>
<round no="4"><cards type="River">H2</cards>
<action no="11" player="gasgas" type="4" discard="1" dealt="1" sum="0"/>
<action no="12" player="DwizMoney" type="5" discard="1" dealt="1" sum="120"/>
<action no="13" player="gasgas" type="0" discard="1" dealt="1" sum="0"/>
</round>
</game>
<game gamecode="11514866805"><general><startdate>2025-06-16 09:45:49</startdate>
<round>1</round>
<failsafecounter/>
<players><player seat="6" name="oreiasccp" chips="500" dealer="0" win="40" bet="40" muck="1" rebuy="0" addon="0" merge="0" rebuychips="0" reg_code="8384848735"/>
<player seat="10" name="gasgas" chips="420" dealer="1" win="0" bet="0" muck="1" rebuy="0" addon="0" merge="0" rebuychips="0" reg_code="8384848741"/>
<player seat="3" name="DwizMoney" chips="580" dealer="0" win="0" bet="20" muck="1" rebuy="0" addon="0" merge="0" rebuychips="0" reg_code="8384848733"/>
</players>
</general>
<round no="0"><action no="1" player="DwizMoney" type="1" discard="1" dealt="1" sum="10"/>
<action no="2" player="oreiasccp" type="2" sum="20"/>
</round>
<round no="1"><cards type="Pocket" player="DwizMoney">X X</cards>
<cards type="Pocket" player="gasgas">X X</cards>
<cards type="Pocket" player="oreiasccp">C4 C5</cards>
<action no="3" player="gasgas" type="0" discard="1" dealt="1" sum="0"/>
<action no="4" player="DwizMoney" type="3" discard="1" dealt="1" sum="10"/>
<action no="5" player="oreiasccp" type="4" sum="0"/>
</round>
<round no="2"><cards type="Flop">S2 C3 H10</cards>
<action no="6" player="DwizMoney" type="4" discard="1" dealt="1" sum="0"/>
<action no="7" player="oreiasccp" type="5" sum="20"/>
<action no="8" player="DwizMoney" type="0" discard="1" dealt="1" sum="0"/>
</round>
</game>
<game gamecode="11514866862"><general><startdate>2025-06-16 09:46:06</startdate>
<round>1</round>
<failsafecounter/>
<players><player seat="10" name="gasgas" chips="420" dealer="0" win="60" bet="420" muck="1" rebuy="0" addon="0" merge="0" rebuychips="0" reg_code="8384848741"/>
<player seat="3" name="DwizMoney" chips="560" dealer="1" win="0" bet="20" muck="1" rebuy="0" addon="0" merge="0" rebuychips="0" reg_code="8384848733"/>
<player seat="6" name="oreiasccp" chips="520" dealer="0" win="0" bet="20" muck="1" rebuy="0" addon="0" merge="0" rebuychips="0" reg_code="8384848735"/>
</players>
</general>
<round no="0"><action no="1" player="oreiasccp" type="1" sum="10"/>
<action no="2" player="gasgas" type="2" discard="1" dealt="1" sum="20"/>
</round>
<round no="1"><cards type="Pocket" player="DwizMoney">X X</cards>
<cards type="Pocket" player="oreiasccp">S9 CK</cards>
<cards type="Pocket" player="gasgas">X X</cards>
<action no="3" player="DwizMoney" type="3" discard="1" dealt="1" sum="20"/>
<action no="4" player="oreiasccp" type="3" sum="10"/>
<action no="5" player="gasgas" type="23" discard="1" dealt="1" sum="420"/>
<action no="6" player="DwizMoney" type="0" discard="1" dealt="1" sum="0"/>
<action no="7" player="oreiasccp" type="0" sum="0"/>
</round>
</game>
<game gamecode="11514866940"><general><startdate>2025-06-16 09:46:25</startdate>
<round>1</round>
<failsafecounter/>
<players><player seat="3" name="DwizMoney" chips="540" dealer="0" win="0" bet="20" muck="1" rebuy="0" addon="0" merge="0" rebuychips="0" reg_code="8384848733"/>
<player seat="6" name="oreiasccp" chips="500" dealer="1" win="50" bet="500" muck="1" rebuy="0" addon="0" merge="0" rebuychips="0" reg_code="8384848735"/>
<player seat="10" name="gasgas" chips="460" dealer="0" win="0" bet="10" muck="1" rebuy="0" addon="0" merge="0" rebuychips="0" reg_code="8384848741"/>
</players>
</general>
<round no="0"><action no="1" player="gasgas" type="1" discard="1" dealt="1" sum="10"/>
<action no="2" player="DwizMoney" type="2" discard="1" dealt="1" sum="20"/>
</round>
<round no="1"><cards type="Pocket" player="DwizMoney">X X</cards>
<cards type="Pocket" player="oreiasccp">S5 H5</cards>
<cards type="Pocket" player="gasgas">X X</cards>
<action no="3" player="oreiasccp" type="23" sum="500"/>
<action no="4" player="gasgas" type="0" discard="1" dealt="1" sum="0"/>
<action no="5" player="DwizMoney" type="0" discard="1" dealt="1" sum="0"/>
</round>
</game>
<game gamecode="11514870788"><general><startdate>2025-06-16 09:46:38</startdate>
<round>1</round>
<failsafecounter/>
<players><player seat="6" name="oreiasccp" chips="530" dealer="0" win="0" bet="150" muck="1" rebuy="0" addon="0" merge="0" rebuychips="0" reg_code="8384848735"/>
<player seat="10" name="gasgas" chips="450" dealer="1" win="1,050" bet="450" muck="0" rebuy="0" addon="0" merge="0" rebuychips="0" reg_code="8384848741"/>
<player seat="3" name="DwizMoney" chips="520" dealer="0" win="0" bet="520" muck="1" rebuy="0" addon="0" merge="0" rebuychips="0" reg_code="8384848733"/>
</players>
</general>
<round no="0"><action no="1" player="DwizMoney" type="1" discard="1" dealt="1" sum="10"/>
<action no="2" player="oreiasccp" type="2" sum="20"/>
</round>
<round no="1"><cards type="Pocket" player="DwizMoney">SA DA</cards>
<cards type="Pocket" player="oreiasccp">D10 D6</cards>
<cards type="Pocket" player="gasgas">H10 H6</cards>
<action no="3" player="gasgas" type="23" discard="1" dealt="1" sum="40"/>
<action no="4" player="DwizMoney" type="23" discard="1" dealt="1" sum="60"/>
<action no="5" player="oreiasccp" type="3" sum="40"/>
<action no="6" player="gasgas" type="3" discard="1" dealt="1" sum="20"/>
</round>
<round no="2"><cards type="Flop">S2 D7 C9</cards>
<action no="7" player="DwizMoney" type="4" discard="1" dealt="1" sum="0"/>
<action no="8" player="oreiasccp" type="4" sum="0"/>
<action no="9" player="gasgas" type="4" discard="1" dealt="1" sum="0"/>
</round>
<round no="3"><cards type="Turn">S10</cards>
<action no="10" player="DwizMoney" type="4" discard="1" dealt="1" sum="0"/>
<action no="11" player="oreiasccp" type="4" sum="0"/>
<action no="12" player="gasgas" type="4" discard="1" dealt="1" sum="0"/>
</round>
<round no="4"><cards type="River">C10</cards>
<action no="13" player="DwizMoney" type="5" discard="1" dealt="1" sum="90"/>
<action no="14" player="oreiasccp" type="3" sum="90"/>
<action no="15" player="gasgas" type="23" discard="1" dealt="1" sum="390"/>
<action no="16" player="DwizMoney" type="7" discard="1" dealt="1" sum="370"/>
<action no="17" player="oreiasccp" type="0" sum="0"/>
</round>
</game>
<game gamecode="11514870947"><general><startdate>2025-06-16 09:47:29</startdate>
<round>1</round>
<failsafecounter/>
<players><player seat="10" name="gasgas" chips="1,050" dealer="0" win="195" bet="155" muck="1" rebuy="0" addon="0" merge="0" rebuychips="0" reg_code="8384848741"/>
<player seat="3" name="DwizMoney" chips="70" dealer="1" win="0" bet="5" muck="1" rebuy="0" addon="0" merge="0" rebuychips="0" reg_code="8384848733"/>
<player seat="6" name="oreiasccp" chips="380" dealer="0" win="0" bet="95" muck="1" rebuy="0" addon="0" merge="0" rebuychips="0" reg_code="8384848735"/>
</players>
</general>
<round no="0"><action no="1" player="oreiasccp" type="15" sum="5"/>
<action no="2" player="gasgas" type="15" discard="1" dealt="1" sum="5"/>
<action no="3" player="DwizMoney" type="15" discard="1" dealt="1" sum="5"/>
<action no="4" player="oreiasccp" type="1" sum="15"/>
<action no="5" player="gasgas" type="2" discard="1" dealt="1" sum="30"/>
</round>
<round no="1"><cards type="Pocket" player="gasgas">X X</cards>
<cards type="Pocket" player="oreiasccp">HQ D6</cards>
<cards type="Pocket" player="DwizMoney">X X</cards>
<action no="6" player="DwizMoney" type="0" discard="1" dealt="1" sum="0"/>
<action no="7" player="oreiasccp" type="23" sum="60"/>
<action no="8" player="gasgas" type="3" discard="1" dealt="1" sum="30"/>
</round>
<round no="2"><cards type="Flop">D2 DA C7</cards>
<action no="9" player="oreiasccp" type="5" sum="30"/>
<action no="10" player="gasgas" type="23" discard="1" dealt="1" sum="90"/>
<action no="11" player="oreiasccp" type="0" sum="0"/>
</round>
</game>
<game gamecode="11514871010"><general><startdate>2025-06-16 09:47:50</startdate>
<round>1</round>
<failsafecounter/>
<players><player seat="3" name="DwizMoney" chips="65" dealer="0" win="0" bet="65" muck="0" rebuy="0" addon="0" merge="0" rebuychips="0" reg_code="8384848733"/>
<player seat="6" name="oreiasccp" chips="285" dealer="1" win="0" bet="5" muck="1" rebuy="0" addon="0" merge="0" rebuychips="0" reg_code="8384848735"/>
<player seat="10" name="gasgas" chips="1,150" dealer="0" win="135" bet="1,150" muck="0" rebuy="0" addon="0" merge="0" rebuychips="0" reg_code="8384848741"/>
</players>
</general>
<round no="0"><action no="1" player="gasgas" type="15" discard="1" dealt="1" sum="5"/>
<action no="2" player="DwizMoney" type="15" discard="1" dealt="1" sum="5"/>
<action no="3" player="oreiasccp" type="15" sum="5"/>
<action no="4" player="gasgas" type="1" discard="1" dealt="1" sum="15"/>
<action no="5" player="DwizMoney" type="2" discard="1" dealt="1" sum="30"/>
</round>
<round no="1"><cards type="Pocket" player="DwizMoney">D10 DQ</cards>
<cards type="Pocket" player="oreiasccp">C4 HQ</cards>
<cards type="Pocket" player="gasgas">S6 S4</cards>
<action no="6" player="oreiasccp" type="0" sum="0"/>
<action no="7" player="gasgas" type="23" discard="1" dealt="1" sum="1,145"/>
<action no="8" player="DwizMoney" type="7" discard="1" dealt="1" sum="30"/>
</round>
<round no="2"><cards type="Flop">C5 H9 SA</cards>
</round>
<round no="3"><cards type="Turn">H4</cards>
</round>
<round no="4"><cards type="River">H6</cards>
</round>
</game>
<game gamecode="11514871074"><general><startdate>2025-06-16 09:48:11</startdate>
<round>1</round>
<failsafecounter/>
<players><player seat="6" name="oreiasccp" chips="280" dealer="0" win="0" bet="35" muck="1" rebuy="0" addon="0" merge="0" rebuychips="0" reg_code="8384848735"/>
<player seat="10" name="gasgas" chips="1,220" dealer="1" win="70" bet="65" muck="1" rebuy="0" addon="0" merge="0" rebuychips="0" reg_code="8384848741"/>
</players>
</general>
<round no="0"><action no="1" player="gasgas" type="15" discard="1" dealt="1" sum="5"/>
<action no="2" player="oreiasccp" type="15" sum="5"/>
<action no="3" player="gasgas" type="1" discard="1" dealt="1" sum="15"/>
<action no="4" player="oreiasccp" type="2" sum="30"/>
</round>
<round no="1"><cards type="Pocket" player="gasgas">X X</cards>
<cards type="Pocket" player="oreiasccp">D3 H6</cards>
<action no="5" player="gasgas" type="3" discard="1" dealt="1" sum="15"/>
<action no="6" player="oreiasccp" type="4" sum="0"/>
</round>
<round no="2"><cards type="Flop">H9 D2 SQ</cards>
<action no="7" player="oreiasccp" type="4" sum="0"/>
<action no="8" player="gasgas" type="5" discard="1" dealt="1" sum="30"/>
<action no="9" player="oreiasccp" type="0" sum="0"/>
</round>
</game>
<game gamecode="11514871143"><general><startdate>2025-06-16 09:48:31</startdate>
<round>1</round>
<failsafecounter/>
<players><player seat="10" name="gasgas" chips="1,255" dealer="0" win="0" bet="35" muck="1" rebuy="0" addon="0" merge="0" rebuychips="0" reg_code="8384848741"/>
<player seat="6" name="oreiasccp" chips="245" dealer="1" win="70" bet="245" muck="1" rebuy="0" addon="0" merge="0" rebuychips="0" reg_code="8384848735"/>
</players>
</general>
<round no="0"><action no="1" player="oreiasccp" type="15" sum="5"/>
<action no="2" player="gasgas" type="15" discard="1" dealt="1" sum="5"/>
<action no="3" player="oreiasccp" type="1" sum="15"/>
<action no="4" player="gasgas" type="2" discard="1" dealt="1" sum="30"/>
</round>
<round no="1"><cards type="Pocket" player="oreiasccp">SQ CK</cards>
<cards type="Pocket" player="gasgas">X X</cards>
<action no="5" player="oreiasccp" type="23" sum="240"/>
<action no="6" player="gasgas" type="0" discard="1" dealt="1" sum="0"/>
</round>
</game>
<game gamecode="11514871171"><general><startdate>2025-06-16 09:48:41</startdate>
<round>1</round>
<failsafecounter/>
<players><player seat="6" name="oreiasccp" chips="280" dealer="0" win="0" bet="35" muck="1" rebuy="0" addon="0" merge="0" rebuychips="0" reg_code="8384848735"/>
<player seat="10" name="gasgas" chips="1,220" dealer="1" win="70" bet="1,220" muck="1" rebuy="0" addon="0" merge="0" rebuychips="0" reg_code="8384848741"/>
</players>
</general>
<round no="0"><action no="1" player="gasgas" type="15" discard="1" dealt="1" sum="5"/>
<action no="2" player="oreiasccp" type="15" sum="5"/>
<action no="3" player="gasgas" type="1" discard="1" dealt="1" sum="15"/>
<action no="4" player="oreiasccp" type="2" sum="30"/>
</round>
<round no="1"><cards type="Pocket" player="gasgas">X X</cards>
<cards type="Pocket" player="oreiasccp">D7 D4</cards>
<action no="5" player="gasgas" type="23" discard="1" dealt="1" sum="1,215"/>
<action no="6" player="oreiasccp" type="0" sum="0"/>
</round>
</game>
<game gamecode="11514871208"><general><startdate>2025-06-16 09:48:52</startdate>
<round>1</round>
<failsafecounter/>
<players><player seat="10" name="gasgas" chips="1,255" dealer="0" win="0" bet="35" muck="1" rebuy="0" addon="0" merge="0" rebuychips="0" reg_code="8384848741"/>
<player seat="6" name="oreiasccp" chips="245" dealer="1" win="70" bet="245" muck="1" rebuy="0" addon="0" merge="0" rebuychips="0" reg_code="8384848735"/>
</players>
</general>
<round no="0"><action no="1" player="oreiasccp" type="15" sum="5"/>
<action no="2" player="gasgas" type="15" discard="1" dealt="1" sum="5"/>
<action no="3" player="oreiasccp" type="1" sum="15"/>
<action no="4" player="gasgas" type="2" discard="1" dealt="1" sum="30"/>
</round>
<round no="1"><cards type="Pocket" player="gasgas">X X</cards>
<cards type="Pocket" player="oreiasccp">D8 C9</cards>
<action no="5" player="oreiasccp" type="23" sum="240"/>
<action no="6" player="gasgas" type="0" discard="1" dealt="1" sum="0"/>
</round>
</game>
<game gamecode="11514871236"><general><startdate>2025-06-16 09:49:01</startdate>
<round>1</round>
<failsafecounter/>
<players><player seat="6" name="oreiasccp" chips="280" dealer="0" win="0" bet="45" muck="1" rebuy="0" addon="0" merge="0" rebuychips="0" reg_code="8384848735"/>
<player seat="10" name="gasgas" chips="1,220" dealer="1" win="90" bet="1,220" muck="1" rebuy="0" addon="0" merge="0" rebuychips="0" reg_code="8384848741"/>
</players>
</general>
<round no="0"><action no="1" player="gasgas" type="15" discard="1" dealt="1" sum="5"/>
<action no="2" player="oreiasccp" type="15" sum="5"/>
<action no="3" player="gasgas" type="1" discard="1" dealt="1" sum="20"/>
<action no="4" player="oreiasccp" type="2" sum="40"/>
</round>
<round no="1"><cards type="Pocket" player="gasgas">X X</cards>
<cards type="Pocket" player="oreiasccp">C4 C7</cards>
<action no="5" player="gasgas" type="23" discard="1" dealt="1" sum="1,215"/>
<action no="6" player="oreiasccp" type="0" sum="0"/>
</round>
</game>
<game gamecode="11514871270"><general><startdate>2025-06-16 09:49:11</startdate>
<round>1</round>
<failsafecounter/>
<players><player seat="10" name="gasgas" chips="1,265" dealer="0" win="50" bet="45" muck="1" rebuy="0" addon="0" merge="0" rebuychips="0" reg_code="8384848741"/>
<player seat="6" name="oreiasccp" chips="235" dealer="1" win="0" bet="25" muck="1" rebuy="0" addon="0" merge="0" rebuychips="0" reg_code="8384848735"/>
</players>
</general>
<round no="0"><action no="1" player="oreiasccp" type="15" sum="5"/>
<action no="2" player="gasgas" type="15" discard="1" dealt="1" sum="5"/>
<action no="3" player="oreiasccp" type="1" sum="20"/>
<action no="4" player="gasgas" type="2" discard="1" dealt="1" sum="40"/>
</round>
<round no="1"><cards type="Pocket" player="gasgas">X X</cards>
<cards type="Pocket" player="oreiasccp">C4 C2</cards>
<action no="5" player="oreiasccp" type="0" sum="0"/>
</round>
</game>
<game gamecode="11514871289"><general><startdate>2025-06-16 09:49:17</startdate>
<round>1</round>
<failsafecounter/>
<players><player seat="6" name="oreiasccp" chips="210" dealer="0" win="50" bet="45" muck="1" rebuy="0" addon="0" merge="0" rebuychips="0" reg_code="8384848735"/>
<player seat="10" name="gasgas" chips="1,290" dealer="1" win="0" bet="25" muck="1" rebuy="0" addon="0" merge="0" rebuychips="0" reg_code="8384848741"/>
</players>
</general>
<round no="0"><action no="1" player="gasgas" type="15" discard="1" dealt="1" sum="5"/>
<action no="2" player="oreiasccp" type="15" sum="5"/>
<action no="3" player="gasgas" type="1" discard="1" dealt="1" sum="20"/>
<action no="4" player="oreiasccp" type="2" sum="40"/>
</round>
<round no="1"><cards type="Pocket" player="gasgas">X X</cards>
<cards type="Pocket" player="oreiasccp">C2 H2</cards>
<action no="5" player="gasgas" type="0" discard="1" dealt="1" sum="0"/>
</round>
</game>
<game gamecode="11514871318"><general><startdate>2025-06-16 09:49:26</startdate>
<round>1</round>
<failsafecounter/>
<players><player seat="10" name="gasgas" chips="1,265" dealer="0" win="0" bet="45" muck="1" rebuy="0" addon="0" merge="0" rebuychips="0" reg_code="8384848741"/>
<player seat="6" name="oreiasccp" chips="235" dealer="1" win="90" bet="235" muck="1" rebuy="0" addon="0" merge="0" rebuychips="0" reg_code="8384848735"/>
</players>
</general>
<round no="0"><action no="1" player="oreiasccp" type="15" sum="5"/>
<action no="2" player="gasgas" type="15" discard="1" dealt="1" sum="5"/>
<action no="3" player="oreiasccp" type="1" sum="20"/>
<action no="4" player="gasgas" type="2" discard="1" dealt="1" sum="40"/>
</round>
<round no="1"><cards type="Pocket" player="gasgas">X X</cards>
<cards type="Pocket" player="oreiasccp">C5 CK</cards>
<action no="5" player="oreiasccp" type="23" sum="230"/>
<action no="6" player="gasgas" type="0" discard="1" dealt="1" sum="0"/>
</round>
</game>
<game gamecode="11514871351"><general><startdate>2025-06-16 09:49:37</startdate>
<round>1</round>
<failsafecounter/>
<players><player seat="6" name="oreiasccp" chips="280" dealer="0" win="0" bet="45" muck="1" rebuy="0" addon="0" merge="0" rebuychips="0" reg_code="8384848735"/>
<player seat="10" name="gasgas" chips="1,220" dealer="1" win="90" bet="1,220" muck="1" rebuy="0" addon="0" merge="0" rebuychips="0" reg_code="8384848741"/>
</players>
</general>
<round no="0"><action no="1" player="gasgas" type="15" discard="1" dealt="1" sum="5"/>
<action no="2" player="oreiasccp" type="15" sum="5"/>
<action no="3" player="gasgas" type="1" discard="1" dealt="1" sum="20"/>
<action no="4" player="oreiasccp" type="2" sum="40"/>
</round>
<round no="1"><cards type="Pocket" player="oreiasccp">DJ S9</cards>
<cards type="Pocket" player="gasgas">X X</cards>
<action no="5" player="gasgas" type="23" discard="1" dealt="1" sum="1,215"/>
<action no="6" player="oreiasccp" type="0" sum="0"/>
</round>
</game>
<game gamecode="11514871386"><general><startdate>2025-06-16 09:49:49</startdate>
<round>1</round>
<failsafecounter/>
<players><player seat="10" name="gasgas" chips="1,265" dealer="0" win="0" bet="45" muck="1" rebuy="0" addon="0" merge="0" rebuychips="0" reg_code="8384848741"/>
<player seat="6" name="oreiasccp" chips="235" dealer="1" win="90" bet="235" muck="1" rebuy="0" addon="0" merge="0" rebuychips="0" reg_code="8384848735"/>
</players>
</general>
<round no="0"><action no="1" player="oreiasccp" type="15" sum="5"/>
<action no="2" player="gasgas" type="15" discard="1" dealt="1" sum="5"/>
<action no="3" player="oreiasccp" type="1" sum="20"/>
<action no="4" player="gasgas" type="2" discard="1" dealt="1" sum="40"/>
</round>
<round no="1"><cards type="Pocket" player="oreiasccp">D5 C5</cards>
<cards type="Pocket" player="gasgas">X X</cards>
<action no="5" player="oreiasccp" type="23" sum="230"/>
<action no="6" player="gasgas" type="0" discard="1" dealt="1" sum="0"/>
</round>
</game>
<game gamecode="11514871411"><general><startdate>2025-06-16 09:49:57</startdate>
<round>1</round>
<failsafecounter/>
<players><player seat="6" name="oreiasccp" chips="280" dealer="0" win="90" bet="280" muck="1" rebuy="0" addon="0" merge="0" rebuychips="0" reg_code="8384848735"/>
<player seat="10" name="gasgas" chips="1,220" dealer="1" win="0" bet="45" muck="1" rebuy="0" addon="0" merge="0" rebuychips="0" reg_code="8384848741"/>
</players>
</general>
<round no="0"><action no="1" player="gasgas" type="15" discard="1" dealt="1" sum="5"/>
<action no="2" player="oreiasccp" type="15" sum="5"/>
<action no="3" player="gasgas" type="1" discard="1" dealt="1" sum="20"/>
<action no="4" player="oreiasccp" type="2" sum="40"/>
</round>
<round no="1"><cards type="Pocket" player="gasgas">X X</cards>
<cards type="Pocket" player="oreiasccp">H2 CQ</cards>
<action no="5" player="gasgas" type="3" discard="1" dealt="1" sum="20"/>
<action no="6" player="oreiasccp" type="23" sum="275"/>
<action no="7" player="gasgas" type="0" discard="1" dealt="1" sum="0"/>
</round>
</game>
<game gamecode="11514871458"><general><startdate>2025-06-16 09:50:09</startdate>
<round>1</round>
<failsafecounter/>
<players><player seat="10" name="gasgas" chips="1,175" dealer="0" win="50" bet="45" muck="1" rebuy="0" addon="0" merge="0" rebuychips="0" reg_code="8384848741"/>
<player seat="6" name="oreiasccp" chips="325" dealer="1" win="0" bet="25" muck="1" rebuy="0" addon="0" merge="0" rebuychips="0" reg_code="8384848735"/>
</players>
</general>
<round no="0"><action no="1" player="oreiasccp" type="15" sum="5"/>
<action no="2" player="gasgas" type="15" discard="1" dealt="1" sum="5"/>
<action no="3" player="oreiasccp" type="1" sum="20"/>
<action no="4" player="gasgas" type="2" discard="1" dealt="1" sum="40"/>
</round>
<round no="1"><cards type="Pocket" player="gasgas">X X</cards>
<cards type="Pocket" player="oreiasccp">H4 SJ</cards>
<action no="5" player="oreiasccp" type="0" sum="0"/>
</round>
</game>
<game gamecode="11514871485"><general><startdate>2025-06-16 09:50:15</startdate>
<round>1</round>
<failsafecounter/>
<players><player seat="6" name="oreiasccp" chips="300" dealer="0" win="0" bet="300" muck="0" rebuy="0" addon="0" merge="0" rebuychips="0" reg_code="8384848735"/>
<player seat="10" name="gasgas" chips="1,200" dealer="1" win="600" bet="300" muck="0" rebuy="0" addon="0" merge="0" rebuychips="0" reg_code="8384848741"/>
</players>
</general>
<round no="0"><action no="1" player="gasgas" type="15" discard="1" dealt="1" sum="5"/>
<action no="2" player="oreiasccp" type="15" sum="5"/>
<action no="3" player="gasgas" type="1" discard="1" dealt="1" sum="20"/>
<action no="4" player="oreiasccp" type="2" sum="40"/>
</round>
<round no="1"><cards type="Pocket" player="oreiasccp">DK C9</cards>
<cards type="Pocket" player="gasgas">CJ CK</cards>
<action no="5" player="gasgas" type="3" discard="1" dealt="1" sum="20"/>
<action no="6" player="oreiasccp" type="23" sum="295"/>
<action no="7" player="gasgas" type="3" discard="1" dealt="1" sum="255"/>
</round>
<round no="2"><cards type="Flop">D5 H8 D6</cards>
</round>
<round no="3"><cards type="Turn">C4</cards>
</round>
<round no="4"><cards type="River">SK</cards>
</round>
</game>
</session>
