<?xml version="1.0" encoding="UTF-8"?>
<session sessioncode="8384829963">
<general>
<client_version>24.7.1.16</client_version>
<mode>real</mode>
<gametype>Holdem NL</gametype>
<tablename>Twister €5 SNG, 1127562512</tablename>
<tournamentcode>1127562511</tournamentcode>
<tournamentname>Twister €5 SNG</tournamentname>
<buyin>€0 + €0.35 + €4.65</buyin>
<totalbuyin>€5</totalbuyin>
<rewarddrawn>€15</rewarddrawn>
<tournamentcurrency>EUR</tournamentcurrency>
<currency>EUR</currency>
<nickname>oreiasccp</nickname>
<gamecount>39</gamecount>
<startdate>2025-06-16 08:09:37</startdate>
<place>2</place>
<win>€0</win>
<tablesize>3</tablesize>
</general>
<game gamecode="11514808204"><general><startdate>2025-06-16 08:09:52</startdate>
<round>1</round>
<failsafecounter/>
<players><player seat="6" name="oreiasccp" chips="500" dealer="0" win="20" bet="20" muck="1" rebuy="0" addon="0" merge="0" rebuychips="0" reg_code="8384829963"/>
<player seat="10" name="quadsocean63" chips="500" dealer="1" win="0" bet="0" muck="1" rebuy="0" addon="0" merge="0" rebuychips="0" reg_code="8384829999"/>
<player seat="3" name="Humbert25" chips="500" dealer="0" win="0" bet="10" muck="1" rebuy="0" addon="0" merge="0" rebuychips="0" reg_code="8384829952"/>
</players>
</general>
<round no="0"><action no="1" player="Humbert25" type="1" discard="1" dealt="1" sum="10"/>
<action no="2" player="oreiasccp" type="2" sum="20"/>
</round>
<round no="1"><cards type="Pocket" player="oreiasccp">C9 D3</cards>
<cards type="Pocket" player="quadsocean63">X X</cards>
<cards type="Pocket" player="Humbert25">X X</cards>
<action no="3" player="quadsocean63" type="0" discard="1" dealt="1" sum="0"/>
<action no="4" player="Humbert25" type="0" discard="1" dealt="1" sum="0"/>
</round>
</game>
<game gamecode="11514808233"><general><startdate>2025-06-16 08:10:01</startdate>
<round>1</round>
<failsafecounter/>
<players><player seat="10" name="quadsocean63" chips="500" dealer="0" win="20" bet="20" muck="1" rebuy="0" addon="0" merge="0" rebuychips="0" reg_code="8384829999"/>
<player seat="3" name="Humbert25" chips="490" dealer="1" win="0" bet="0" muck="1" rebuy="0" addon="0" merge="0" rebuychips="0" reg_code="8384829952"/>
<player seat="6" name="oreiasccp" chips="510" dealer="0" win="0" bet="10" muck="1" rebuy="0" addon="0" merge="0" rebuychips="0" reg_code="8384829963"/>
</players>
</general>
<round no="0"><action no="1" player="oreiasccp" type="1" sum="10"/>
<action no="2" player="quadsocean63" type="2" discard="1" dealt="1" sum="20"/>
</round>
<round no="1"><cards type="Pocket" player="quadsocean63">X X</cards>
<cards type="Pocket" player="oreiasccp">C10 D5</cards>
<cards type="Pocket" player="Humbert25">X X</cards>
<action no="3" player="Humbert25" type="0" discard="1" dealt="1" sum="0"/>
<action no="4" player="oreiasccp" type="0" sum="0"/>
</round>
</game>
<game gamecode="11514808256"><general><startdate>2025-06-16 08:10:08</startdate>
<round>1</round>
<failsafecounter/>
<players><player seat="3" name="Humbert25" chips="490" dealer="0" win="40" bet="70" muck="1" rebuy="0" addon="0" merge="0" rebuychips="0" reg_code="8384829952"/>
<player seat="6" name="oreiasccp" chips="500" dealer="1" win="0" bet="0" muck="1" rebuy="0" addon="0" merge="0" rebuychips="0" reg_code="8384829963"/>
<player seat="10" name="quadsocean63" chips="510" dealer="0" win="0" bet="20" muck="1" rebuy="0" addon="0" merge="0" rebuychips="0" reg_code="8384829999"/>
</players>
</general>
<round no="0"><action no="1" player="quadsocean63" type="1" discard="1" dealt="1" sum="10"/>
<action no="2" player="Humbert25" type="2" discard="1" dealt="1" sum="20"/>
</round>
<round no="1"><cards type="Pocket" player="Humbert25">X X</cards>
<cards type="Pocket" player="quadsocean63">X X</cards>
<cards type="Pocket" player="oreiasccp">D2 H8</cards>
<action no="3" player="oreiasccp" type="0" sum="0"/>
<action no="4" player="quadsocean63" type="3" discard="1" dealt="1" sum="10"/>
<action no="5" player="Humbert25" type="23" discard="1" dealt="1" sum="70"/>
<action no="6" player="quadsocean63" type="0" discard="1" dealt="1" sum="0"/>
</round>
</game>
<game gamecode="11514808297"><general><startdate>2025-06-16 08:10:23</startdate>
<round>1</round>
<failsafecounter/>
<players><player seat="6" name="oreiasccp" chips="500" dealer="0" win="0" bet="80" muck="1" rebuy="0" addon="0" merge="0" rebuychips="0" reg_code="8384829963"/>
<player seat="10" name="quadsocean63" chips="490" dealer="1" win="0" bet="0" muck="1" rebuy="0" addon="0" merge="0" rebuychips="0" reg_code="8384829999"/>
<player seat="3" name="Humbert25" chips="510" dealer="0" win="160" bet="180" muck="1" rebuy="0" addon="0" merge="0" rebuychips="0" reg_code="8384829952"/>
</players>
</general>
<round no="0"><action no="1" player="Humbert25" type="1" discard="1" dealt="1" sum="10"/>
<action no="2" player="oreiasccp" type="2" sum="20"/>
</round>
<round no="1"><cards type="Pocket" player="quadsocean63">X X</cards>
<cards type="Pocket" player="Humbert25">X X</cards>
<cards type="Pocket" player="oreiasccp">S3 CJ</cards>
<action no="3" player="quadsocean63" type="0" discard="1" dealt="1" sum="0"/>
<action no="4" player="Humbert25" type="3" discard="1" dealt="1" sum="10"/>
<action no="5" player="oreiasccp" type="4" sum="0"/>
</round>
<round no="2"><cards type="Flop">S9 D10 S8</cards>
<action no="6" player="Humbert25" type="4" discard="1" dealt="1" sum="0"/>
<action no="7" player="oreiasccp" type="5" sum="20"/>
<action no="8" player="Humbert25" type="23" discard="1" dealt="1" sum="60"/>
<action no="9" player="oreiasccp" type="3" sum="40"/>
</round>
<round no="3"><cards type="Turn">CA</cards>
<action no="10" player="Humbert25" type="5" discard="1" dealt="1" sum="100"/>
<action no="11" player="oreiasccp" type="0" sum="0"/>
</round>
</game>
<game gamecode="11514808378"><general><startdate>2025-06-16 08:10:57</startdate>
<round>1</round>
<failsafecounter/>
<players><player seat="10" name="quadsocean63" chips="490" dealer="0" win="20" bet="20" muck="1" rebuy="0" addon="0" merge="0" rebuychips="0" reg_code="8384829999"/>
<player seat="3" name="Humbert25" chips="590" dealer="1" win="0" bet="0" muck="1" rebuy="0" addon="0" merge="0" rebuychips="0" reg_code="8384829952"/>
<player seat="6" name="oreiasccp" chips="420" dealer="0" win="0" bet="10" muck="1" rebuy="0" addon="0" merge="0" rebuychips="0" reg_code="8384829963"/>
</players>
</general>
<round no="0"><action no="1" player="oreiasccp" type="1" sum="10"/>
<action no="2" player="quadsocean63" type="2" discard="1" dealt="1" sum="20"/>
</round>
<round no="1"><cards type="Pocket" player="oreiasccp">C8 D3</cards>
<cards type="Pocket" player="Humbert25">X X</cards>
<cards type="Pocket" player="quadsocean63">X X</cards>
<action no="3" player="Humbert25" type="0" discard="1" dealt="1" sum="0"/>
<action no="4" player="oreiasccp" type="0" sum="0"/>
</round>
</game>
<game gamecode="11514808413"><general><startdate>2025-06-16 08:11:10</startdate>
<round>1</round>
<failsafecounter/>
<players><player seat="3" name="Humbert25" chips="590" dealer="0" win="0" bet="40" muck="1" rebuy="0" addon="0" merge="0" rebuychips="0" reg_code="8384829952"/>
<player seat="6" name="oreiasccp" chips="410" dealer="1" win="0" bet="0" muck="1" rebuy="0" addon="0" merge="0" rebuychips="0" reg_code="8384829963"/>
<player seat="10" name="quadsocean63" chips="500" dealer="0" win="80" bet="60" muck="1" rebuy="0" addon="0" merge="0" rebuychips="0" reg_code="8384829999"/>
</players>
</general>
<round no="0"><action no="1" player="quadsocean63" type="1" discard="1" dealt="1" sum="10"/>
<action no="2" player="Humbert25" type="2" discard="1" dealt="1" sum="20"/>
</round>
<round no="1"><cards type="Pocket" player="Humbert25">X X</cards>
<cards type="Pocket" player="quadsocean63">X X</cards>
<cards type="Pocket" player="oreiasccp">H8 SK</cards>
<action no="3" player="oreiasccp" type="0" sum="0"/>
<action no="4" player="quadsocean63" type="23" discard="1" dealt="1" sum="40"/>
<action no="5" player="Humbert25" type="3" discard="1" dealt="1" sum="20"/>
</round>
<round no="2"><cards type="Flop">CA DK S7</cards>
<action no="6" player="quadsocean63" type="5" discard="1" dealt="1" sum="20"/>
<action no="7" player="Humbert25" type="0" discard="1" dealt="1" sum="0"/>
</round>
</game>
<game gamecode="11514808468"><general><startdate>2025-06-16 08:11:33</startdate>
<round>1</round>
<failsafecounter/>
<players><player seat="6" name="oreiasccp" chips="410" dealer="0" win="0" bet="20" muck="1" rebuy="0" addon="0" merge="0" rebuychips="0" reg_code="8384829963"/>
<player seat="10" name="quadsocean63" chips="540" dealer="1" win="0" bet="0" muck="1" rebuy="0" addon="0" merge="0" rebuychips="0" reg_code="8384829999"/>
<player seat="3" name="Humbert25" chips="550" dealer="0" win="40" bet="550" muck="1" rebuy="0" addon="0" merge="0" rebuychips="0" reg_code="8384829952"/>
</players>
</general>
<round no="0"><action no="1" player="Humbert25" type="1" discard="1" dealt="1" sum="10"/>
<action no="2" player="oreiasccp" type="2" sum="20"/>
</round>
<round no="1"><cards type="Pocket" player="oreiasccp">DK DQ</cards>
<cards type="Pocket" player="Humbert25">X X</cards>
<cards type="Pocket" player="quadsocean63">X X</cards>
<action no="3" player="quadsocean63" type="0" discard="1" dealt="1" sum="0"/>
<action no="4" player="Humbert25" type="23" discard="1" dealt="1" sum="550"/>
<action no="5" player="oreiasccp" type="0" sum="0"/>
</round>
</game>
<game gamecode="11514808506"><general><startdate>2025-06-16 08:11:47</startdate>
<round>1</round>
<failsafecounter/>
<players><player seat="10" name="quadsocean63" chips="540" dealer="0" win="134" bet="62" muck="0" rebuy="0" addon="0" merge="0" rebuychips="0" reg_code="8384829999"/>
<player seat="3" name="Humbert25" chips="570" dealer="1" win="0" bet="62" muck="1" rebuy="0" addon="0" merge="0" rebuychips="0" reg_code="8384829952"/>
<player seat="6" name="oreiasccp" chips="390" dealer="0" win="0" bet="10" muck="1" rebuy="0" addon="0" merge="0" rebuychips="0" reg_code="8384829963"/>
</players>
</general>
<round no="0"><action no="1" player="oreiasccp" type="1" sum="10"/>
<action no="2" player="quadsocean63" type="2" discard="1" dealt="1" sum="20"/>
</round>
<round no="1"><cards type="Pocket" player="Humbert25">S10 HA</cards>
<cards type="Pocket" player="quadsocean63">D4 DQ</cards>
<cards type="Pocket" player="oreiasccp">D7 C10</cards>
<action no="3" player="Humbert25" type="23" discard="1" dealt="1" sum="40"/>
<action no="4" player="oreiasccp" type="0" sum="0"/>
<action no="5" player="quadsocean63" type="3" discard="1" dealt="1" sum="20"/>
</round>
<round no="2"><cards type="Flop">CK D10 S6</cards>
<action no="6" player="quadsocean63" type="4" discard="1" dealt="1" sum="0"/>
<action no="7" player="Humbert25" type="5" discard="1" dealt="1" sum="22"/>
<action no="8" player="quadsocean63" type="3" discard="1" dealt="1" sum="22"/>
</round>
<round no="3"><cards type="Turn">H9</cards>
<action no="9" player="quadsocean63" type="4" discard="1" dealt="1" sum="0"/>
<action no="10" player="Humbert25" type="4" discard="1" dealt="1" sum="0"/>
</round>
<round no="4"><cards type="River">SJ</cards>
<action no="11" player="quadsocean63" type="4" discard="1" dealt="1" sum="0"/>
<action no="12" player="Humbert25" type="4" discard="1" dealt="1" sum="0"/>
</round>
</game>
<game gamecode="11514808599"><general><startdate>2025-06-16 08:12:19</startdate>
<round>1</round>
<failsafecounter/>
<players><player seat="3" name="Humbert25" chips="508" dealer="0" win="45" bet="35" muck="1" rebuy="0" addon="0" merge="0" rebuychips="0" reg_code="8384829952"/>
<player seat="6" name="oreiasccp" chips="380" dealer="1" win="0" bet="5" muck="1" rebuy="0" addon="0" merge="0" rebuychips="0" reg_code="8384829963"/>
<player seat="10" name="quadsocean63" chips="612" dealer="0" win="0" bet="20" muck="1" rebuy="0" addon="0" merge="0" rebuychips="0" reg_code="8384829999"/>
</players>
</general>
<round no="0"><action no="1" player="quadsocean63" type="15" discard="1" dealt="1" sum="5"/>
<action no="2" player="Humbert25" type="15" discard="1" dealt="1" sum="5"/>
<action no="3" player="oreiasccp" type="15" sum="5"/>
<action no="4" player="quadsocean63" type="1" discard="1" dealt="1" sum="15"/>
<action no="5" player="Humbert25" type="2" discard="1" dealt="1" sum="30"/>
</round>
<round no="1"><cards type="Pocket" player="Humbert25">X X</cards>
<cards type="Pocket" player="oreiasccp">HQ C9</cards>
<cards type="Pocket" player="quadsocean63">X X</cards>
<action no="6" player="oreiasccp" type="0" sum="0"/>
<action no="7" player="quadsocean63" type="0" discard="1" dealt="1" sum="0"/>
</round>
</game>
<game gamecode="11514808612"><general><startdate>2025-06-16 08:12:26</startdate>
<round>1</round>
<failsafecounter/>
<players><player seat="6" name="oreiasccp" chips="375" dealer="0" win="0" bet="35" muck="1" rebuy="0" addon="0" merge="0" rebuychips="0" reg_code="8384829963"/>
<player seat="10" name="quadsocean63" chips="592" dealer="1" win="0" bet="5" muck="1" rebuy="0" addon="0" merge="0" rebuychips="0" reg_code="8384829999"/>
<player seat="3" name="Humbert25" chips="533" dealer="0" win="75" bet="533" muck="1" rebuy="0" addon="0" merge="0" rebuychips="0" reg_code="8384829952"/>
</players>
</general>
<round no="0"><action no="1" player="Humbert25" type="15" discard="1" dealt="1" sum="5"/>
<action no="2" player="oreiasccp" type="15" sum="5"/>
<action no="3" player="quadsocean63" type="15" discard="1" dealt="1" sum="5"/>
<action no="4" player="Humbert25" type="1" discard="1" dealt="1" sum="15"/>
<action no="5" player="oreiasccp" type="2" sum="30"/>
</round>
<round no="1"><cards type="Pocket" player="Humbert25">X X</cards>
<cards type="Pocket" player="oreiasccp">CQ D6</cards>
<cards type="Pocket" player="quadsocean63">X X</cards>
<action no="6" player="quadsocean63" type="0" discard="1" dealt="1" sum="0"/>
<action no="7" player="Humbert25" type="23" discard="1" dealt="1" sum="528"/>
<action no="8" player="oreiasccp" type="0" sum="0"/>
</round>
</game>
<game gamecode="11514808641"><general><startdate>2025-06-16 08:12:37</startdate>
<round>1</round>
<failsafecounter/>
<players><player seat="10" name="quadsocean63" chips="587" dealer="0" win="0" bet="35" muck="1" rebuy="0" addon="0" merge="0" rebuychips="0" reg_code="8384829999"/>
<player seat="3" name="Humbert25" chips="573" dealer="1" win="0" bet="5" muck="1" rebuy="0" addon="0" merge="0" rebuychips="0" reg_code="8384829952"/>
<player seat="6" name="oreiasccp" chips="340" dealer="0" win="75" bet="340" muck="1" rebuy="0" addon="0" merge="0" rebuychips="0" reg_code="8384829963"/>
</players>
</general>
<round no="0"><action no="1" player="oreiasccp" type="15" sum="5"/>
<action no="2" player="quadsocean63" type="15" discard="1" dealt="1" sum="5"/>
<action no="3" player="Humbert25" type="15" discard="1" dealt="1" sum="5"/>
<action no="4" player="oreiasccp" type="1" sum="15"/>
<action no="5" player="quadsocean63" type="2" discard="1" dealt="1" sum="30"/>
</round>
<round no="1"><cards type="Pocket" player="Humbert25">X X</cards>
<cards type="Pocket" player="quadsocean63">X X</cards>
<cards type="Pocket" player="oreiasccp">C4 S4</cards>
<action no="6" player="Humbert25" type="0" discard="1" dealt="1" sum="0"/>
<action no="7" player="oreiasccp" type="23" sum="335"/>
<action no="8" player="quadsocean63" type="0" discard="1" dealt="1" sum="0"/>
</round>
</game>
<game gamecode="11514808668"><general><startdate>2025-06-16 08:12:46</startdate>
<round>1</round>
<failsafecounter/>
<players><player seat="3" name="Humbert25" chips="568" dealer="0" win="0" bet="35" muck="1" rebuy="0" addon="0" merge="0" rebuychips="0" reg_code="8384829952"/>
<player seat="6" name="oreiasccp" chips="380" dealer="1" win="90" bet="380" muck="1" rebuy="0" addon="0" merge="0" rebuychips="0" reg_code="8384829963"/>
<player seat="10" name="quadsocean63" chips="552" dealer="0" win="0" bet="20" muck="1" rebuy="0" addon="0" merge="0" rebuychips="0" reg_code="8384829999"/>
</players>
</general>
<round no="0"><action no="1" player="quadsocean63" type="15" discard="1" dealt="1" sum="5"/>
<action no="2" player="Humbert25" type="15" discard="1" dealt="1" sum="5"/>
<action no="3" player="oreiasccp" type="15" sum="5"/>
<action no="4" player="quadsocean63" type="1" discard="1" dealt="1" sum="15"/>
<action no="5" player="Humbert25" type="2" discard="1" dealt="1" sum="30"/>
</round>
<round no="1"><cards type="Pocket" player="oreiasccp">S6 C6</cards>
<cards type="Pocket" player="Humbert25">X X</cards>
<cards type="Pocket" player="quadsocean63">X X</cards>
<action no="6" player="oreiasccp" type="23" sum="375"/>
<action no="7" player="quadsocean63" type="0" discard="1" dealt="1" sum="0"/>
<action no="8" player="Humbert25" type="0" discard="1" dealt="1" sum="0"/>
</round>
</game>
<game gamecode="11514808696"><general><startdate>2025-06-16 08:12:58</startdate>
<round>1</round>
<failsafecounter/>
<players><player seat="6" name="oreiasccp" chips="435" dealer="0" win="0" bet="140" muck="1" rebuy="0" addon="0" merge="0" rebuychips="0" reg_code="8384829963"/>
<player seat="10" name="quadsocean63" chips="532" dealer="1" win="300" bet="140" muck="0" rebuy="0" addon="0" merge="0" rebuychips="0" reg_code="8384829999"/>
<player seat="3" name="Humbert25" chips="533" dealer="0" win="0" bet="20" muck="1" rebuy="0" addon="0" merge="0" rebuychips="0" reg_code="8384829952"/>
</players>
</general>
<round no="0"><action no="1" player="Humbert25" type="15" discard="1" dealt="1" sum="5"/>
<action no="2" player="oreiasccp" type="15" sum="5"/>
<action no="3" player="quadsocean63" type="15" discard="1" dealt="1" sum="5"/>
<action no="4" player="Humbert25" type="1" discard="1" dealt="1" sum="15"/>
<action no="5" player="oreiasccp" type="2" sum="30"/>
</round>
<round no="1"><cards type="Pocket" player="quadsocean63">DJ SJ</cards>
<cards type="Pocket" player="Humbert25">X X</cards>
<cards type="Pocket" player="oreiasccp">H7 H8</cards>
<action no="6" player="quadsocean63" type="3" discard="1" dealt="1" sum="30"/>
<action no="7" player="Humbert25" type="0" discard="1" dealt="1" sum="0"/>
<action no="8" player="oreiasccp" type="4" sum="0"/>
</round>
<round no="2"><cards type="Flop">HJ C8 S5</cards>
<action no="9" player="oreiasccp" type="4" sum="0"/>
<action no="10" player="quadsocean63" type="4" discard="1" dealt="1" sum="0"/>
</round>
<round no="3"><cards type="Turn">D5</cards>
<action no="11" player="oreiasccp" type="4" sum="0"/>
<action no="12" player="quadsocean63" type="5" discard="1" dealt="1" sum="30"/>
<action no="13" player="oreiasccp" type="3" sum="30"/>
</round>
<round no="4"><cards type="River">S6</cards>
<action no="14" player="oreiasccp" type="4" sum="0"/>
<action no="15" player="quadsocean63" type="5" discard="1" dealt="1" sum="75"/>
<action no="16" player="oreiasccp" type="3" sum="75"/>
</round>
</game>
<game gamecode="11514808785"><general><startdate>2025-06-16 08:13:26</startdate>
<round>1</round>
<failsafecounter/>
<players><player seat="10" name="quadsocean63" chips="692" dealer="0" win="0" bet="35" muck="1" rebuy="0" addon="0" merge="0" rebuychips="0" reg_code="8384829999"/>
<player seat="3" name="Humbert25" chips="513" dealer="1" win="0" bet="5" muck="1" rebuy="0" addon="0" merge="0" rebuychips="0" reg_code="8384829952"/>
<player seat="6" name="oreiasccp" chips="295" dealer="0" win="75" bet="295" muck="1" rebuy="0" addon="0" merge="0" rebuychips="0" reg_code="8384829963"/>
</players>
</general>
<round no="0"><action no="1" player="oreiasccp" type="15" sum="5"/>
<action no="2" player="quadsocean63" type="15" discard="1" dealt="1" sum="5"/>
<action no="3" player="Humbert25" type="15" discard="1" dealt="1" sum="5"/>
<action no="4" player="oreiasccp" type="1" sum="15"/>
<action no="5" player="quadsocean63" type="2" discard="1" dealt="1" sum="30"/>
</round>
<round no="1"><cards type="Pocket" player="Humbert25">X X</cards>
<cards type="Pocket" player="oreiasccp">CK HA</cards>
<cards type="Pocket" player="quadsocean63">X X</cards>
<action no="6" player="Humbert25" type="0" discard="1" dealt="1" sum="0"/>
<action no="7" player="oreiasccp" type="23" sum="290"/>
<action no="8" player="quadsocean63" type="0" discard="1" dealt="1" sum="0"/>
</round>
</game>
<game gamecode="11514808806"><general><startdate>2025-06-16 08:13:35</startdate>
<round>1</round>
<failsafecounter/>
<players><player seat="3" name="Humbert25" chips="508" dealer="0" win="75" bet="91" muck="1" rebuy="0" addon="0" merge="0" rebuychips="0" reg_code="8384829952"/>
<player seat="6" name="oreiasccp" chips="335" dealer="1" win="0" bet="5" muck="1" rebuy="0" addon="0" merge="0" rebuychips="0" reg_code="8384829963"/>
<player seat="10" name="quadsocean63" chips="657" dealer="0" win="0" bet="35" muck="1" rebuy="0" addon="0" merge="0" rebuychips="0" reg_code="8384829999"/>
</players>
</general>
<round no="0"><action no="1" player="quadsocean63" type="15" discard="1" dealt="1" sum="5"/>
<action no="2" player="Humbert25" type="15" discard="1" dealt="1" sum="5"/>
<action no="3" player="oreiasccp" type="15" sum="5"/>
<action no="4" player="quadsocean63" type="1" discard="1" dealt="1" sum="15"/>
<action no="5" player="Humbert25" type="2" discard="1" dealt="1" sum="30"/>
</round>
<round no="1"><cards type="Pocket" player="quadsocean63">X X</cards>
<cards type="Pocket" player="oreiasccp">C5 CJ</cards>
<cards type="Pocket" player="Humbert25">X X</cards>
<action no="6" player="oreiasccp" type="0" sum="0"/>
<action no="7" player="quadsocean63" type="3" discard="1" dealt="1" sum="15"/>
<action no="8" player="Humbert25" type="4" discard="1" dealt="1" sum="0"/>
</round>
<round no="2"><cards type="Flop">DQ CA C7</cards>
<action no="9" player="quadsocean63" type="4" discard="1" dealt="1" sum="0"/>
<action no="10" player="Humbert25" type="4" discard="1" dealt="1" sum="0"/>
</round>
<round no="3"><cards type="Turn">S7</cards>
<action no="11" player="quadsocean63" type="4" discard="1" dealt="1" sum="0"/>
<action no="12" player="Humbert25" type="5" discard="1" dealt="1" sum="56"/>
<action no="13" player="quadsocean63" type="0" discard="1" dealt="1" sum="0"/>
</round>
</game>
<game gamecode="11514808868"><general><startdate>2025-06-16 08:13:57</startdate>
<round>1</round>
<failsafecounter/>
<players><player seat="6" name="oreiasccp" chips="330" dealer="0" win="55" bet="45" muck="1" rebuy="0" addon="0" merge="0" rebuychips="0" reg_code="8384829963"/>
<player seat="10" name="quadsocean63" chips="622" dealer="1" win="0" bet="5" muck="1" rebuy="0" addon="0" merge="0" rebuychips="0" reg_code="8384829999"/>
<player seat="3" name="Humbert25" chips="548" dealer="0" win="0" bet="25" muck="1" rebuy="0" addon="0" merge="0" rebuychips="0" reg_code="8384829952"/>
</players>
</general>
<round no="0"><action no="1" player="Humbert25" type="15" discard="1" dealt="1" sum="5"/>
<action no="2" player="oreiasccp" type="15" sum="5"/>
<action no="3" player="quadsocean63" type="15" discard="1" dealt="1" sum="5"/>
<action no="4" player="Humbert25" type="1" discard="1" dealt="1" sum="20"/>
<action no="5" player="oreiasccp" type="2" sum="40"/>
</round>
<round no="1"><cards type="Pocket" player="Humbert25">X X</cards>
<cards type="Pocket" player="oreiasccp">SK H4</cards>
<cards type="Pocket" player="quadsocean63">X X</cards>
<action no="6" player="quadsocean63" type="0" discard="1" dealt="1" sum="0"/>
<action no="7" player="Humbert25" type="0" discard="1" dealt="1" sum="0"/>
</round>
</game>
<game gamecode="11514808894"><general><startdate>2025-06-16 08:14:05</startdate>
<round>1</round>
<failsafecounter/>
<players><player seat="10" name="quadsocean63" chips="617" dealer="0" win="55" bet="45" muck="1" rebuy="0" addon="0" merge="0" rebuychips="0" reg_code="8384829999"/>
<player seat="3" name="Humbert25" chips="523" dealer="1" win="0" bet="5" muck="1" rebuy="0" addon="0" merge="0" rebuychips="0" reg_code="8384829952"/>
<player seat="6" name="oreiasccp" chips="360" dealer="0" win="0" bet="25" muck="1" rebuy="0" addon="0" merge="0" rebuychips="0" reg_code="8384829963"/>
</players>
</general>
<round no="0"><action no="1" player="oreiasccp" type="15" sum="5"/>
<action no="2" player="quadsocean63" type="15" discard="1" dealt="1" sum="5"/>
<action no="3" player="Humbert25" type="15" discard="1" dealt="1" sum="5"/>
<action no="4" player="oreiasccp" type="1" sum="20"/>
<action no="5" player="quadsocean63" type="2" discard="1" dealt="1" sum="40"/>
</round>
<round no="1"><cards type="Pocket" player="oreiasccp">D5 S10</cards>
<cards type="Pocket" player="quadsocean63">X X</cards>
<cards type="Pocket" player="Humbert25">X X</cards>
<action no="6" player="Humbert25" type="0" discard="1" dealt="1" sum="0"/>
<action no="7" player="oreiasccp" type="0" sum="0"/>
</round>
</game>
<game gamecode="11514808928"><general><startdate>2025-06-16 08:14:17</startdate>
<round>1</round>
<failsafecounter/>
<players><player seat="3" name="Humbert25" chips="518" dealer="0" win="0" bet="45" muck="1" rebuy="0" addon="0" merge="0" rebuychips="0" reg_code="8384829952"/>
<player seat="6" name="oreiasccp" chips="335" dealer="1" win="115" bet="335" muck="1" rebuy="0" addon="0" merge="0" rebuychips="0" reg_code="8384829963"/>
<player seat="10" name="quadsocean63" chips="647" dealer="0" win="0" bet="25" muck="1" rebuy="0" addon="0" merge="0" rebuychips="0" reg_code="8384829999"/>
</players>
</general>
<round no="0"><action no="1" player="quadsocean63" type="15" discard="1" dealt="1" sum="5"/>
<action no="2" player="Humbert25" type="15" discard="1" dealt="1" sum="5"/>
<action no="3" player="oreiasccp" type="15" sum="5"/>
<action no="4" player="quadsocean63" type="1" discard="1" dealt="1" sum="20"/>
<action no="5" player="Humbert25" type="2" discard="1" dealt="1" sum="40"/>
</round>
<round no="1"><cards type="Pocket" player="oreiasccp">SQ SK</cards>
<cards type="Pocket" player="quadsocean63">X X</cards>
<cards type="Pocket" player="Humbert25">X X</cards>
<action no="6" player="oreiasccp" type="23" sum="330"/>
<action no="7" player="quadsocean63" type="0" discard="1" dealt="1" sum="0"/>
<action no="8" player="Humbert25" type="0" discard="1" dealt="1" sum="0"/>
</round>
</game>
<game gamecode="11514808956"><general><startdate>2025-06-16 08:14:25</startdate>
<round>1</round>
<failsafecounter/>
<players><player seat="6" name="oreiasccp" chips="405" dealer="0" win="0" bet="45" muck="1" rebuy="0" addon="0" merge="0" rebuychips="0" reg_code="8384829963"/>
<player seat="10" name="quadsocean63" chips="622" dealer="1" win="0" bet="473" muck="1" rebuy="0" addon="0" merge="0" rebuychips="0" reg_code="8384829999"/>
<player seat="3" name="Humbert25" chips="473" dealer="0" win="991" bet="473" muck="0" rebuy="0" addon="0" merge="0" rebuychips="0" reg_code="8384829952"/>
</players>
</general>
<round no="0"><action no="1" player="Humbert25" type="15" discard="1" dealt="1" sum="5"/>
<action no="2" player="oreiasccp" type="15" sum="5"/>
<action no="3" player="quadsocean63" type="15" discard="1" dealt="1" sum="5"/>
<action no="4" player="Humbert25" type="1" discard="1" dealt="1" sum="20"/>
<action no="5" player="oreiasccp" type="2" sum="40"/>
</round>
<round no="1"><cards type="Pocket" player="Humbert25">DJ D10</cards>
<cards type="Pocket" player="oreiasccp">CK C4</cards>
<cards type="Pocket" player="quadsocean63">CA C2</cards>
<action no="6" player="quadsocean63" type="3" discard="1" dealt="1" sum="40"/>
<action no="7" player="Humbert25" type="23" discard="1" dealt="1" sum="468"/>
<action no="8" player="oreiasccp" type="0" sum="0"/>
<action no="9" player="quadsocean63" type="3" discard="1" dealt="1" sum="428"/>
</round>
<round no="2"><cards type="Flop">CJ D5 D4</cards>
</round>
<round no="3"><cards type="Turn">C10</cards>
</round>
<round no="4"><cards type="River">D9</cards>
</round>
</game>
<game gamecode="11514809028"><general><startdate>2025-06-16 08:14:49</startdate>
<round>1</round>
<failsafecounter/>
<players><player seat="10" name="quadsocean63" chips="149" dealer="0" win="0" bet="45" muck="1" rebuy="0" addon="0" merge="0" rebuychips="0" reg_code="8384829999"/>
<player seat="3" name="Humbert25" chips="991" dealer="1" win="115" bet="85" muck="1" rebuy="0" addon="0" merge="0" rebuychips="0" reg_code="8384829952"/>
<player seat="6" name="oreiasccp" chips="360" dealer="0" win="0" bet="25" muck="1" rebuy="0" addon="0" merge="0" rebuychips="0" reg_code="8384829963"/>
</players>
</general>
<round no="0"><action no="1" player="oreiasccp" type="15" sum="5"/>
<action no="2" player="quadsocean63" type="15" discard="1" dealt="1" sum="5"/>
<action no="3" player="Humbert25" type="15" discard="1" dealt="1" sum="5"/>
<action no="4" player="oreiasccp" type="1" sum="20"/>
<action no="5" player="quadsocean63" type="2" discard="1" dealt="1" sum="40"/>
</round>
<round no="1"><cards type="Pocket" player="oreiasccp">HJ D4</cards>
<cards type="Pocket" player="Humbert25">X X</cards>
<cards type="Pocket" player="quadsocean63">X X</cards>
<action no="6" player="Humbert25" type="23" discard="1" dealt="1" sum="80"/>
<action no="7" player="oreiasccp" type="0" sum="0"/>
<action no="8" player="quadsocean63" type="0" discard="1" dealt="1" sum="0"/>
</round>
</game>
<game gamecode="11514809064"><general><startdate>2025-06-16 08:15:01</startdate>
<round>1</round>
<failsafecounter/>
<players><player seat="3" name="Humbert25" chips="1,061" dealer="0" win="213" bet="125" muck="0" rebuy="0" addon="0" merge="0" rebuychips="0" reg_code="8384829952"/>
<player seat="6" name="oreiasccp" chips="335" dealer="1" win="0" bet="5" muck="1" rebuy="0" addon="0" merge="0" rebuychips="0" reg_code="8384829963"/>
<player seat="10" name="quadsocean63" chips="104" dealer="0" win="0" bet="104" muck="1" rebuy="0" addon="0" merge="0" rebuychips="0" reg_code="8384829999"/>
</players>
</general>
<round no="0"><action no="1" player="quadsocean63" type="15" discard="1" dealt="1" sum="5"/>
<action no="2" player="Humbert25" type="15" discard="1" dealt="1" sum="5"/>
<action no="3" player="oreiasccp" type="15" sum="5"/>
<action no="4" player="quadsocean63" type="1" discard="1" dealt="1" sum="20"/>
<action no="5" player="Humbert25" type="2" discard="1" dealt="1" sum="40"/>
</round>
<round no="1"><cards type="Pocket" player="Humbert25">C4 S4</cards>
<cards type="Pocket" player="quadsocean63">SJ D10</cards>
<cards type="Pocket" player="oreiasccp">H3 D9</cards>
<action no="6" player="oreiasccp" type="0" sum="0"/>
<action no="7" player="quadsocean63" type="23" discard="1" dealt="1" sum="80"/>
<action no="8" player="Humbert25" type="23" discard="1" dealt="1" sum="120"/>
<action no="9" player="quadsocean63" type="7" discard="1" dealt="1" sum="19"/>
</round>
<round no="2"><cards type="Flop">S5 C9 S2</cards>
</round>
<round no="3"><cards type="Turn">CA</cards>
</round>
<round no="4"><cards type="River">SK</cards>
</round>
</game>
<game gamecode="11514812744"><general><startdate>2025-06-16 08:15:23</startdate>
<round>1</round>
<failsafecounter/>
<players><player seat="6" name="oreiasccp" chips="330" dealer="0" win="0" bet="85" muck="1" rebuy="0" addon="0" merge="0" rebuychips="0" reg_code="8384829963"/>
<player seat="3" name="Humbert25" chips="1,170" dealer="1" win="170" bet="85" muck="0" rebuy="0" addon="0" merge="0" rebuychips="0" reg_code="8384829952"/>
</players>
</general>
<round no="0"><action no="1" player="Humbert25" type="15" discard="1" dealt="1" sum="5"/>
<action no="2" player="oreiasccp" type="15" sum="5"/>
<action no="3" player="Humbert25" type="1" discard="1" dealt="1" sum="20"/>
<action no="4" player="oreiasccp" type="2" sum="40"/>
</round>
<round no="1"><cards type="Pocket" player="oreiasccp">SJ D6</cards>
<cards type="Pocket" player="Humbert25">S6 D5</cards>
<action no="5" player="Humbert25" type="3" discard="1" dealt="1" sum="20"/>
<action no="6" player="oreiasccp" type="4" sum="0"/>
</round>
<round no="2"><cards type="Flop">H2 C4 C9</cards>
<action no="7" player="oreiasccp" type="4" sum="0"/>
<action no="8" player="Humbert25" type="4" discard="1" dealt="1" sum="0"/>
</round>
<round no="3"><cards type="Turn">S5</cards>
<action no="9" player="oreiasccp" type="5" sum="40"/>
<action no="10" player="Humbert25" type="3" discard="1" dealt="1" sum="40"/>
</round>
<round no="4"><cards type="River">S4</cards>
<action no="11" player="oreiasccp" type="4" sum="0"/>
<action no="12" player="Humbert25" type="4" discard="1" dealt="1" sum="0"/>
</round>
</game>
<game gamecode="11514812870"><general><startdate>2025-06-16 08:16:07</startdate>
<round>1</round>
<failsafecounter/>
<players><player seat="3" name="Humbert25" chips="1,255" dealer="0" win="70" bet="65" muck="1" rebuy="0" addon="0" merge="0" rebuychips="0" reg_code="8384829952"/>
<player seat="6" name="oreiasccp" chips="245" dealer="1" win="0" bet="35" muck="1" rebuy="0" addon="0" merge="0" rebuychips="0" reg_code="8384829963"/>
</players>
</general>
<round no="0"><action no="1" player="oreiasccp" type="15" sum="5"/>
<action no="2" player="Humbert25" type="15" discard="1" dealt="1" sum="5"/>
<action no="3" player="oreiasccp" type="1" sum="30"/>
<action no="4" player="Humbert25" type="2" discard="1" dealt="1" sum="60"/>
</round>
<round no="1"><cards type="Pocket" player="Humbert25">X X</cards>
<cards type="Pocket" player="oreiasccp">D8 D2</cards>
<action no="5" player="oreiasccp" type="0" sum="0"/>
</round>
</game>
<game gamecode="11514812893"><general><startdate>2025-06-16 08:16:14</startdate>
<round>1</round>
<failsafecounter/>
<players><player seat="6" name="oreiasccp" chips="210" dealer="0" win="70" bet="65" muck="1" rebuy="0" addon="0" merge="0" rebuychips="0" reg_code="8384829963"/>
<player seat="3" name="Humbert25" chips="1,290" dealer="1" win="0" bet="35" muck="1" rebuy="0" addon="0" merge="0" rebuychips="0" reg_code="8384829952"/>
</players>
</general>
<round no="0"><action no="1" player="Humbert25" type="15" discard="1" dealt="1" sum="5"/>
<action no="2" player="oreiasccp" type="15" sum="5"/>
<action no="3" player="Humbert25" type="1" discard="1" dealt="1" sum="30"/>
<action no="4" player="oreiasccp" type="2" sum="60"/>
</round>
<round no="1"><cards type="Pocket" player="Humbert25">X X</cards>
<cards type="Pocket" player="oreiasccp">DK H6</cards>
<action no="5" player="Humbert25" type="0" discard="1" dealt="1" sum="0"/>
</round>
</game>
<game gamecode="11514812917"><general><startdate>2025-06-16 08:16:22</startdate>
<round>1</round>
<failsafecounter/>
<players><player seat="3" name="Humbert25" chips="1,255" dealer="0" win="0" bet="1,255" muck="0" rebuy="0" addon="0" merge="0" rebuychips="0" reg_code="8384829952"/>
<player seat="6" name="oreiasccp" chips="245" dealer="1" win="490" bet="245" muck="0" rebuy="0" addon="0" merge="0" rebuychips="0" reg_code="8384829963"/>
</players>
</general>
<round no="0"><action no="1" player="oreiasccp" type="15" sum="5"/>
<action no="2" player="Humbert25" type="15" discard="1" dealt="1" sum="5"/>
<action no="3" player="oreiasccp" type="1" sum="30"/>
<action no="4" player="Humbert25" type="2" discard="1" dealt="1" sum="60"/>
</round>
<round no="1"><cards type="Pocket" player="Humbert25">H2 D2</cards>
<cards type="Pocket" player="oreiasccp">DK CK</cards>
<action no="5" player="oreiasccp" type="3" sum="30"/>
<action no="6" player="Humbert25" type="23" discard="1" dealt="1" sum="1,250"/>
<action no="7" player="oreiasccp" type="7" sum="180"/>
</round>
<round no="2"><cards type="Flop">DA D3 HK</cards>
</round>
<round no="3"><cards type="Turn">S6</cards>
</round>
<round no="4"><cards type="River">CJ</cards>
</round>
</game>
<game gamecode="11514812990"><general><startdate>2025-06-16 08:16:48</startdate>
<round>1</round>
<failsafecounter/>
<players><player seat="6" name="oreiasccp" chips="490" dealer="0" win="0" bet="65" muck="1" rebuy="0" addon="0" merge="0" rebuychips="0" reg_code="8384829963"/>
<player seat="3" name="Humbert25" chips="1,010" dealer="1" win="130" bet="1,010" muck="1" rebuy="0" addon="0" merge="0" rebuychips="0" reg_code="8384829952"/>
</players>
</general>
<round no="0"><action no="1" player="Humbert25" type="15" discard="1" dealt="1" sum="5"/>
<action no="2" player="oreiasccp" type="15" sum="5"/>
<action no="3" player="Humbert25" type="1" discard="1" dealt="1" sum="30"/>
<action no="4" player="oreiasccp" type="2" sum="60"/>
</round>
<round no="1"><cards type="Pocket" player="oreiasccp">D7 D2</cards>
<cards type="Pocket" player="Humbert25">X X</cards>
<action no="5" player="Humbert25" type="23" discard="1" dealt="1" sum="1,005"/>
<action no="6" player="oreiasccp" type="0" sum="0"/>
</round>
</game>
<game gamecode="11514813025"><general><startdate>2025-06-16 08:17:00</startdate>
<round>1</round>
<failsafecounter/>
<players><player seat="3" name="Humbert25" chips="1,075" dealer="0" win="0" bet="65" muck="1" rebuy="0" addon="0" merge="0" rebuychips="0" reg_code="8384829952"/>
<player seat="6" name="oreiasccp" chips="425" dealer="1" win="130" bet="425" muck="1" rebuy="0" addon="0" merge="0" rebuychips="0" reg_code="8384829963"/>
</players>
</general>
<round no="0"><action no="1" player="oreiasccp" type="15" sum="5"/>
<action no="2" player="Humbert25" type="15" discard="1" dealt="1" sum="5"/>
<action no="3" player="oreiasccp" type="1" sum="30"/>
<action no="4" player="Humbert25" type="2" discard="1" dealt="1" sum="60"/>
</round>
<round no="1"><cards type="Pocket" player="Humbert25">X X</cards>
<cards type="Pocket" player="oreiasccp">D10 H7</cards>
<action no="5" player="oreiasccp" type="23" sum="420"/>
<action no="6" player="Humbert25" type="0" discard="1" dealt="1" sum="0"/>
</round>
</game>
<game gamecode="11514813077"><general><startdate>2025-06-16 08:17:16</startdate>
<round>1</round>
<failsafecounter/>
<players><player seat="6" name="oreiasccp" chips="490" dealer="0" win="0" bet="65" muck="1" rebuy="0" addon="0" merge="0" rebuychips="0" reg_code="8384829963"/>
<player seat="3" name="Humbert25" chips="1,010" dealer="1" win="130" bet="1,010" muck="1" rebuy="0" addon="0" merge="0" rebuychips="0" reg_code="8384829952"/>
</players>
</general>
<round no="0"><action no="1" player="Humbert25" type="15" discard="1" dealt="1" sum="5"/>
<action no="2" player="oreiasccp" type="15" sum="5"/>
<action no="3" player="Humbert25" type="1" discard="1" dealt="1" sum="30"/>
<action no="4" player="oreiasccp" type="2" sum="60"/>
</round>
<round no="1"><cards type="Pocket" player="Humbert25">X X</cards>
<cards type="Pocket" player="oreiasccp">H4 SQ</cards>
<action no="5" player="Humbert25" type="23" discard="1" dealt="1" sum="1,005"/>
<action no="6" player="oreiasccp" type="0" sum="0"/>
</round>
</game>
<game gamecode="11514813104"><general><startdate>2025-06-16 08:17:24</startdate>
<round>1</round>
<failsafecounter/>
<players><player seat="3" name="Humbert25" chips="1,075" dealer="0" win="0" bet="65" muck="1" rebuy="0" addon="0" merge="0" rebuychips="0" reg_code="8384829952"/>
<player seat="6" name="oreiasccp" chips="425" dealer="1" win="130" bet="425" muck="1" rebuy="0" addon="0" merge="0" rebuychips="0" reg_code="8384829963"/>
</players>
</general>
<round no="0"><action no="1" player="oreiasccp" type="15" sum="5"/>
<action no="2" player="Humbert25" type="15" discard="1" dealt="1" sum="5"/>
<action no="3" player="oreiasccp" type="1" sum="30"/>
<action no="4" player="Humbert25" type="2" discard="1" dealt="1" sum="60"/>
</round>
<round no="1"><cards type="Pocket" player="oreiasccp">S7 S8</cards>
<cards type="Pocket" player="Humbert25">X X</cards>
<action no="5" player="oreiasccp" type="23" sum="420"/>
<action no="6" player="Humbert25" type="0" discard="1" dealt="1" sum="0"/>
</round>
</game>
<game gamecode="11514813162"><general><startdate>2025-06-16 08:17:39</startdate>
<round>1</round>
<failsafecounter/>
<players><player seat="6" name="oreiasccp" chips="490" dealer="0" win="0" bet="65" muck="1" rebuy="0" addon="0" merge="0" rebuychips="0" reg_code="8384829963"/>
<player seat="3" name="Humbert25" chips="1,010" dealer="1" win="130" bet="185" muck="1" rebuy="0" addon="0" merge="0" rebuychips="0" reg_code="8384829952"/>
</players>
</general>
<round no="0"><action no="1" player="Humbert25" type="15" discard="1" dealt="1" sum="5"/>
<action no="2" player="oreiasccp" type="15" sum="5"/>
<action no="3" player="Humbert25" type="1" discard="1" dealt="1" sum="30"/>
<action no="4" player="oreiasccp" type="2" sum="60"/>
</round>
<round no="1"><cards type="Pocket" player="oreiasccp">D2 H8</cards>
<cards type="Pocket" player="Humbert25">X X</cards>
<action no="5" player="Humbert25" type="3" discard="1" dealt="1" sum="30"/>
<action no="6" player="oreiasccp" type="4" sum="0"/>
</round>
<round no="2"><cards type="Flop">D4 D3 S2</cards>
<action no="7" player="oreiasccp" type="4" sum="0"/>
<action no="8" player="Humbert25" type="4" discard="1" dealt="1" sum="0"/>
</round>
<round no="3"><cards type="Turn">D6</cards>
<action no="9" player="oreiasccp" type="4" sum="0"/>
<action no="10" player="Humbert25" type="5" discard="1" dealt="1" sum="120"/>
<action no="11" player="oreiasccp" type="0" sum="0"/>
</round>
</game>
<game gamecode="11514813240"><general><startdate>2025-06-16 08:18:02</startdate>
<round>1</round>
<failsafecounter/>
<players><player seat="3" name="Humbert25" chips="1,075" dealer="0" win="0" bet="425" muck="1" rebuy="0" addon="0" merge="0" rebuychips="0" reg_code="8384829952"/>
<player seat="6" name="oreiasccp" chips="425" dealer="1" win="850" bet="425" muck="0" rebuy="0" addon="0" merge="0" rebuychips="0" reg_code="8384829963"/>
</players>
</general>
<round no="0"><action no="1" player="oreiasccp" type="15" sum="8"/>
<action no="2" player="Humbert25" type="15" discard="1" dealt="1" sum="8"/>
<action no="3" player="oreiasccp" type="1" sum="40"/>
<action no="4" player="Humbert25" type="2" discard="1" dealt="1" sum="80"/>
</round>
<round no="1"><cards type="Pocket" player="Humbert25">HK H7</cards>
<cards type="Pocket" player="oreiasccp">S5 C5</cards>
<action no="5" player="oreiasccp" type="23" sum="417"/>
<action no="6" player="Humbert25" type="3" discard="1" dealt="1" sum="337"/>
</round>
<round no="2"><cards type="Flop">H10 D2 C2</cards>
</round>
<round no="3"><cards type="Turn">H9</cards>
</round>
<round no="4"><cards type="River">S3</cards>
</round>
</game>
<game gamecode="11514813287"><general><startdate>2025-06-16 08:18:17</startdate>
<round>1</round>
<failsafecounter/>
<players><player seat="6" name="oreiasccp" chips="850" dealer="0" win="96" bet="88" muck="1" rebuy="0" addon="0" merge="0" rebuychips="0" reg_code="8384829963"/>
<player seat="3" name="Humbert25" chips="650" dealer="1" win="0" bet="48" muck="1" rebuy="0" addon="0" merge="0" rebuychips="0" reg_code="8384829952"/>
</players>
</general>
<round no="0"><action no="1" player="Humbert25" type="15" discard="1" dealt="1" sum="8"/>
<action no="2" player="oreiasccp" type="15" sum="8"/>
<action no="3" player="Humbert25" type="1" discard="1" dealt="1" sum="40"/>
<action no="4" player="oreiasccp" type="2" sum="80"/>
</round>
<round no="1"><cards type="Pocket" player="Humbert25">X X</cards>
<cards type="Pocket" player="oreiasccp">C3 D2</cards>
<action no="5" player="Humbert25" type="0" discard="1" dealt="1" sum="0"/>
</round>
</game>
<game gamecode="11514813305"><general><startdate>2025-06-16 08:18:24</startdate>
<round>1</round>
<failsafecounter/>
<players><player seat="3" name="Humbert25" chips="602" dealer="0" win="0" bet="88" muck="1" rebuy="0" addon="0" merge="0" rebuychips="0" reg_code="8384829952"/>
<player seat="6" name="oreiasccp" chips="898" dealer="1" win="176" bet="602" muck="1" rebuy="0" addon="0" merge="0" rebuychips="0" reg_code="8384829963"/>
</players>
</general>
<round no="0"><action no="1" player="oreiasccp" type="15" sum="8"/>
<action no="2" player="Humbert25" type="15" discard="1" dealt="1" sum="8"/>
<action no="3" player="oreiasccp" type="1" sum="40"/>
<action no="4" player="Humbert25" type="2" discard="1" dealt="1" sum="80"/>
</round>
<round no="1"><cards type="Pocket" player="Humbert25">X X</cards>
<cards type="Pocket" player="oreiasccp">DK S4</cards>
<action no="5" player="oreiasccp" type="23" sum="594"/>
<action no="6" player="Humbert25" type="0" discard="1" dealt="1" sum="0"/>
</round>
</game>
<game gamecode="11514813326"><general><startdate>2025-06-16 08:18:31</startdate>
<round>1</round>
<failsafecounter/>
<players><player seat="6" name="oreiasccp" chips="986" dealer="0" win="0" bet="514" muck="1" rebuy="0" addon="0" merge="0" rebuychips="0" reg_code="8384829963"/>
<player seat="3" name="Humbert25" chips="514" dealer="1" win="1,028" bet="514" muck="0" rebuy="0" addon="0" merge="0" rebuychips="0" reg_code="8384829952"/>
</players>
</general>
<round no="0"><action no="1" player="Humbert25" type="15" discard="1" dealt="1" sum="8"/>
<action no="2" player="oreiasccp" type="15" sum="8"/>
<action no="3" player="Humbert25" type="1" discard="1" dealt="1" sum="40"/>
<action no="4" player="oreiasccp" type="2" sum="80"/>
</round>
<round no="1"><cards type="Pocket" player="Humbert25">CA DJ</cards>
<cards type="Pocket" player="oreiasccp">HA S9</cards>
<action no="5" player="Humbert25" type="23" discard="1" dealt="1" sum="506"/>
<action no="6" player="oreiasccp" type="3" sum="426"/>
</round>
<round no="2"><cards type="Flop">C4 H5 HJ</cards>
</round>
<round no="3"><cards type="Turn">S4</cards>
</round>
<round no="4"><cards type="River">C9</cards>
</round>
</game>
<game gamecode="11514813378"><general><startdate>2025-06-16 08:18:48</startdate>
<round>1</round>
<failsafecounter/>
<players><player seat="3" name="Humbert25" chips="1,028" dealer="0" win="0" bet="88" muck="1" rebuy="0" addon="0" merge="0" rebuychips="0" reg_code="8384829952"/>
<player seat="6" name="oreiasccp" chips="472" dealer="1" win="176" bet="472" muck="1" rebuy="0" addon="0" merge="0" rebuychips="0" reg_code="8384829963"/>
</players>
</general>
<round no="0"><action no="1" player="oreiasccp" type="15" sum="8"/>
<action no="2" player="Humbert25" type="15" discard="1" dealt="1" sum="8"/>
<action no="3" player="oreiasccp" type="1" sum="40"/>
<action no="4" player="Humbert25" type="2" discard="1" dealt="1" sum="80"/>
</round>
<round no="1"><cards type="Pocket" player="oreiasccp">D4 D6</cards>
<cards type="Pocket" player="Humbert25">X X</cards>
<action no="5" player="oreiasccp" type="23" sum="464"/>
<action no="6" player="Humbert25" type="0" discard="1" dealt="1" sum="0"/>
</round>
</game>
<game gamecode="11514813402"><general><startdate>2025-06-16 08:18:56</startdate>
<round>1</round>
<failsafecounter/>
<players><player seat="6" name="oreiasccp" chips="560" dealer="0" win="96" bet="88" muck="1" rebuy="0" addon="0" merge="0" rebuychips="0" reg_code="8384829963"/>
<player seat="3" name="Humbert25" chips="940" dealer="1" win="0" bet="48" muck="1" rebuy="0" addon="0" merge="0" rebuychips="0" reg_code="8384829952"/>
</players>
</general>
<round no="0"><action no="1" player="Humbert25" type="15" discard="1" dealt="1" sum="8"/>
<action no="2" player="oreiasccp" type="15" sum="8"/>
<action no="3" player="Humbert25" type="1" discard="1" dealt="1" sum="40"/>
<action no="4" player="oreiasccp" type="2" sum="80"/>
</round>
<round no="1"><cards type="Pocket" player="oreiasccp">S8 SA</cards>
<cards type="Pocket" player="Humbert25">X X</cards>
<action no="5" player="Humbert25" type="0" discard="1" dealt="1" sum="0"/>
</round>
</game>
<game gamecode="11514813415"><general><startdate>2025-06-16 08:19:02</startdate>
<round>1</round>
<failsafecounter/>
<players><player seat="3" name="Humbert25" chips="892" dealer="0" win="96" bet="88" muck="1" rebuy="0" addon="0" merge="0" rebuychips="0" reg_code="8384829952"/>
<player seat="6" name="oreiasccp" chips="608" dealer="1" win="0" bet="48" muck="1" rebuy="0" addon="0" merge="0" rebuychips="0" reg_code="8384829963"/>
</players>
</general>
<round no="0"><action no="1" player="oreiasccp" type="15" sum="8"/>
<action no="2" player="Humbert25" type="15" discard="1" dealt="1" sum="8"/>
<action no="3" player="oreiasccp" type="1" sum="40"/>
<action no="4" player="Humbert25" type="2" discard="1" dealt="1" sum="80"/>
</round>
<round no="1"><cards type="Pocket" player="oreiasccp">DJ C2</cards>
<cards type="Pocket" player="Humbert25">X X</cards>
<action no="5" player="oreiasccp" type="0" sum="0"/>
</round>
</game>
<game gamecode="11514813431"><general><startdate>2025-06-16 08:19:07</startdate>
<round>1</round>
<failsafecounter/>
<players><player seat="6" name="oreiasccp" chips="560" dealer="0" win="0" bet="88" muck="1" rebuy="0" addon="0" merge="0" rebuychips="0" reg_code="8384829963"/>
<player seat="3" name="Humbert25" chips="940" dealer="1" win="176" bet="940" muck="1" rebuy="0" addon="0" merge="0" rebuychips="0" reg_code="8384829952"/>
</players>
</general>
<round no="0"><action no="1" player="Humbert25" type="15" discard="1" dealt="1" sum="8"/>
<action no="2" player="oreiasccp" type="15" sum="8"/>
<action no="3" player="Humbert25" type="1" discard="1" dealt="1" sum="40"/>
<action no="4" player="oreiasccp" type="2" sum="80"/>
</round>
<round no="1"><cards type="Pocket" player="Humbert25">X X</cards>
<cards type="Pocket" player="oreiasccp">S6 C3</cards>
<action no="5" player="Humbert25" type="23" discard="1" dealt="1" sum="932"/>
<action no="6" player="oreiasccp" type="0" sum="0"/>
</round>
</game>
<game gamecode="11514813453"><general><startdate>2025-06-16 08:19:14</startdate>
<round>1</round>
<failsafecounter/>
<players><player seat="3" name="Humbert25" chips="1,028" dealer="0" win="944" bet="472" muck="0" rebuy="0" addon="0" merge="0" rebuychips="0" reg_code="8384829952"/>
<player seat="6" name="oreiasccp" chips="472" dealer="1" win="0" bet="472" muck="0" rebuy="0" addon="0" merge="0" rebuychips="0" reg_code="8384829963"/>
</players>
</general>
<round no="0"><action no="1" player="oreiasccp" type="15" sum="8"/>
<action no="2" player="Humbert25" type="15" discard="1" dealt="1" sum="8"/>
<action no="3" player="oreiasccp" type="1" sum="40"/>
<action no="4" player="Humbert25" type="2" discard="1" dealt="1" sum="80"/>
</round>
<round no="1"><cards type="Pocket" player="oreiasccp">S10 D8</cards>
<cards type="Pocket" player="Humbert25">SK C10</cards>
<action no="5" player="oreiasccp" type="23" sum="464"/>
<action no="6" player="Humbert25" type="3" discard="1" dealt="1" sum="384"/>
</round>
<round no="2"><cards type="Flop">D4 HK S7</cards>
</round>
<round no="3"><cards type="Turn">S5</cards>
</round>
<round no="4"><cards type="River">DA</cards>
</round>
</game>
</session>
