<?xml version="1.0" encoding="UTF-8"?>
<session sessioncode="8384876932">
<general>
<client_version>24.7.1.16</client_version>
<mode>real</mode>
<gametype>Holdem NL</gametype>
<tablename>Twister €5 SNG, 1127570261</tablename>
<tournamentcode>1127570260</tournamentcode>
<tournamentname>Twister €5 SNG</tournamentname>
<buyin>€0 + €0.35 + €4.65</buyin>
<totalbuyin>€5</totalbuyin>
<rewarddrawn>€40</rewarddrawn>
<tournamentcurrency>EUR</tournamentcurrency>
<currency>EUR</currency>
<nickname>oreiasccp</nickname>
<gamecount>22</gamecount>
<startdate>2025-06-16 11:26:53</startdate>
<place>3</place>
<win>€0</win>
<tablesize>3</tablesize>
</general>
<game gamecode="11514947140"><general><startdate>2025-06-16 11:27:09</startdate>
<round>1</round>
<failsafecounter/>
<players><player seat="3" name="gasgas" chips="500" dealer="0" win="0" bet="20" muck="1" rebuy="0" addon="0" merge="0" rebuychips="0" reg_code="8384876585"/>
<player seat="6" name="Mikiki123" chips="500" dealer="1" win="0" bet="40" muck="1" rebuy="0" addon="0" merge="0" rebuychips="0" reg_code="8384876930"/>
<player seat="10" name="oreiasccp" chips="500" dealer="0" win="100" bet="113" muck="1" rebuy="0" addon="0" merge="0" rebuychips="0" reg_code="8384876932"/>
</players>
</general>
<round no="0"><action no="1" player="oreiasccp" type="1" sum="10"/>
<action no="2" player="gasgas" type="2" discard="1" dealt="1" sum="20"/>
</round>
<round no="1"><cards type="Pocket" player="oreiasccp">S7 S10</cards>
<cards type="Pocket" player="Mikiki123">X X</cards>
<cards type="Pocket" player="gasgas">X X</cards>
<action no="3" player="Mikiki123" type="3" discard="1" dealt="1" sum="20"/>
<action no="4" player="oreiasccp" type="3" sum="10"/>
<action no="5" player="gasgas" type="4" discard="1" dealt="1" sum="0"/>
</round>
<round no="2"><cards type="Flop">CK D7 C7</cards>
<action no="6" player="oreiasccp" type="4" sum="0"/>
<action no="7" player="gasgas" type="4" discard="1" dealt="1" sum="0"/>
<action no="8" player="Mikiki123" type="5" discard="1" dealt="1" sum="20"/>
<action no="9" player="oreiasccp" type="3" sum="20"/>
<action no="10" player="gasgas" type="0" discard="1" dealt="1" sum="0"/>
</round>
<round no="3"><cards type="Turn">S9</cards>
<action no="11" player="oreiasccp" type="4" sum="0"/>
<action no="12" player="Mikiki123" type="4" discard="1" dealt="1" sum="0"/>
</round>
<round no="4"><cards type="River">SJ</cards>
<action no="13" player="oreiasccp" type="5" sum="73"/>
<action no="14" player="Mikiki123" type="0" discard="1" dealt="1" sum="0"/>
</round>
</game>
<game gamecode="11514947370"><general><startdate>2025-06-16 11:28:05</startdate>
<round>1</round>
<failsafecounter/>
<players><player seat="6" name="Mikiki123" chips="460" dealer="0" win="0" bet="40" muck="1" rebuy="0" addon="0" merge="0" rebuychips="0" reg_code="8384876930"/>
<player seat="10" name="oreiasccp" chips="560" dealer="1" win="90" bet="72" muck="1" rebuy="0" addon="0" merge="0" rebuychips="0" reg_code="8384876932"/>
<player seat="3" name="gasgas" chips="480" dealer="0" win="0" bet="10" muck="1" rebuy="0" addon="0" merge="0" rebuychips="0" reg_code="8384876585"/>
</players>
</general>
<round no="0"><action no="1" player="gasgas" type="1" discard="1" dealt="1" sum="10"/>
<action no="2" player="Mikiki123" type="2" discard="1" dealt="1" sum="20"/>
</round>
<round no="1"><cards type="Pocket" player="oreiasccp">SQ S8</cards>
<cards type="Pocket" player="Mikiki123">X X</cards>
<cards type="Pocket" player="gasgas">X X</cards>
<action no="3" player="oreiasccp" type="23" sum="40"/>
<action no="4" player="gasgas" type="0" discard="1" dealt="1" sum="0"/>
<action no="5" player="Mikiki123" type="3" discard="1" dealt="1" sum="20"/>
</round>
<round no="2"><cards type="Flop">D4 SJ CJ</cards>
<action no="6" player="Mikiki123" type="4" discard="1" dealt="1" sum="0"/>
<action no="7" player="oreiasccp" type="5" sum="32"/>
<action no="8" player="Mikiki123" type="0" discard="1" dealt="1" sum="0"/>
</round>
</game>
<game gamecode="11514947453"><general><startdate>2025-06-16 11:28:27</startdate>
<round>1</round>
<failsafecounter/>
<players><player seat="10" name="oreiasccp" chips="610" dealer="0" win="0" bet="40" muck="1" rebuy="0" addon="0" merge="0" rebuychips="0" reg_code="8384876932"/>
<player seat="3" name="gasgas" chips="470" dealer="1" win="90" bet="70" muck="1" rebuy="0" addon="0" merge="0" rebuychips="0" reg_code="8384876585"/>
<player seat="6" name="Mikiki123" chips="420" dealer="0" win="0" bet="10" muck="1" rebuy="0" addon="0" merge="0" rebuychips="0" reg_code="8384876930"/>
</players>
</general>
<round no="0"><action no="1" player="Mikiki123" type="1" discard="1" dealt="1" sum="10"/>
<action no="2" player="oreiasccp" type="2" sum="20"/>
</round>
<round no="1"><cards type="Pocket" player="gasgas">X X</cards>
<cards type="Pocket" player="oreiasccp">SK D2</cards>
<cards type="Pocket" player="Mikiki123">X X</cards>
<action no="3" player="gasgas" type="23" discard="1" dealt="1" sum="40"/>
<action no="4" player="Mikiki123" type="0" discard="1" dealt="1" sum="0"/>
<action no="5" player="oreiasccp" type="3" sum="20"/>
</round>
<round no="2"><cards type="Flop">S10 S7 C3</cards>
<action no="6" player="oreiasccp" type="4" sum="0"/>
<action no="7" player="gasgas" type="5" discard="1" dealt="1" sum="30"/>
<action no="8" player="oreiasccp" type="0" sum="0"/>
</round>
</game>
<game gamecode="11514947571"><general><startdate>2025-06-16 11:28:53</startdate>
<round>1</round>
<failsafecounter/>
<players><player seat="3" name="gasgas" chips="520" dealer="0" win="0" bet="210" muck="0" rebuy="0" addon="0" merge="0" rebuychips="0" reg_code="8384876585"/>
<player seat="6" name="Mikiki123" chips="410" dealer="1" win="430" bet="210" muck="0" rebuy="0" addon="0" merge="0" rebuychips="0" reg_code="8384876930"/>
<player seat="10" name="oreiasccp" chips="570" dealer="0" win="0" bet="10" muck="1" rebuy="0" addon="0" merge="0" rebuychips="0" reg_code="8384876932"/>
</players>
</general>
<round no="0"><action no="1" player="oreiasccp" type="1" sum="10"/>
<action no="2" player="gasgas" type="2" discard="1" dealt="1" sum="20"/>
</round>
<round no="1"><cards type="Pocket" player="gasgas">H6 CK</cards>
<cards type="Pocket" player="Mikiki123">S2 S4</cards>
<cards type="Pocket" player="oreiasccp">C8 H3</cards>
<action no="3" player="Mikiki123" type="3" discard="1" dealt="1" sum="20"/>
<action no="4" player="oreiasccp" type="0" sum="0"/>
<action no="5" player="gasgas" type="4" discard="1" dealt="1" sum="0"/>
</round>
<round no="2"><cards type="Flop">DK C2 D7</cards>
<action no="6" player="gasgas" type="4" discard="1" dealt="1" sum="0"/>
<action no="7" player="Mikiki123" type="5" discard="1" dealt="1" sum="20"/>
<action no="8" player="gasgas" type="3" discard="1" dealt="1" sum="20"/>
</round>
<round no="3"><cards type="Turn">S8</cards>
<action no="9" player="gasgas" type="4" discard="1" dealt="1" sum="0"/>
<action no="10" player="Mikiki123" type="5" discard="1" dealt="1" sum="20"/>
<action no="11" player="gasgas" type="23" discard="1" dealt="1" sum="50"/>
<action no="12" player="Mikiki123" type="3" discard="1" dealt="1" sum="30"/>
</round>
<round no="4"><cards type="River">D4</cards>
<action no="13" player="gasgas" type="5" discard="1" dealt="1" sum="120"/>
<action no="14" player="Mikiki123" type="3" discard="1" dealt="1" sum="120"/>
</round>
</game>
<game gamecode="11514947745"><general><startdate>2025-06-16 11:29:34</startdate>
<round>1</round>
<failsafecounter/>
<players><player seat="6" name="Mikiki123" chips="630" dealer="0" win="0" bet="65" muck="1" rebuy="0" addon="0" merge="0" rebuychips="0" reg_code="8384876930"/>
<player seat="10" name="oreiasccp" chips="560" dealer="1" win="0" bet="5" muck="1" rebuy="0" addon="0" merge="0" rebuychips="0" reg_code="8384876932"/>
<player seat="3" name="gasgas" chips="310" dealer="0" win="135" bet="110" muck="1" rebuy="0" addon="0" merge="0" rebuychips="0" reg_code="8384876585"/>
</players>
</general>
<round no="0"><action no="1" player="gasgas" type="15" discard="1" dealt="1" sum="5"/>
<action no="2" player="Mikiki123" type="15" discard="1" dealt="1" sum="5"/>
<action no="3" player="oreiasccp" type="15" sum="5"/>
<action no="4" player="gasgas" type="1" discard="1" dealt="1" sum="15"/>
<action no="5" player="Mikiki123" type="2" discard="1" dealt="1" sum="30"/>
</round>
<round no="1"><cards type="Pocket" player="oreiasccp">C4 DK</cards>
<cards type="Pocket" player="Mikiki123">X X</cards>
<cards type="Pocket" player="gasgas">X X</cards>
<action no="6" player="oreiasccp" type="0" sum="0"/>
<action no="7" player="gasgas" type="23" discard="1" dealt="1" sum="60"/>
<action no="8" player="Mikiki123" type="3" discard="1" dealt="1" sum="30"/>
</round>
<round no="2"><cards type="Flop">C8 H2 S6</cards>
<action no="9" player="gasgas" type="5" discard="1" dealt="1" sum="45"/>
<action no="10" player="Mikiki123" type="0" discard="1" dealt="1" sum="0"/>
</round>
</game>
<game gamecode="11514947869"><general><startdate>2025-06-16 11:30:03</startdate>
<round>1</round>
<failsafecounter/>
<players><player seat="10" name="oreiasccp" chips="555" dealer="0" win="75" bet="80" muck="1" rebuy="0" addon="0" merge="0" rebuychips="0" reg_code="8384876932"/>
<player seat="3" name="gasgas" chips="380" dealer="1" win="0" bet="5" muck="1" rebuy="0" addon="0" merge="0" rebuychips="0" reg_code="8384876585"/>
<player seat="6" name="Mikiki123" chips="565" dealer="0" win="0" bet="35" muck="1" rebuy="0" addon="0" merge="0" rebuychips="0" reg_code="8384876930"/>
</players>
</general>
<round no="0"><action no="1" player="Mikiki123" type="15" discard="1" dealt="1" sum="5"/>
<action no="2" player="oreiasccp" type="15" sum="5"/>
<action no="3" player="gasgas" type="15" discard="1" dealt="1" sum="5"/>
<action no="4" player="Mikiki123" type="1" discard="1" dealt="1" sum="15"/>
<action no="5" player="oreiasccp" type="2" sum="30"/>
</round>
<round no="1"><cards type="Pocket" player="gasgas">X X</cards>
<cards type="Pocket" player="oreiasccp">C10 CA</cards>
<cards type="Pocket" player="Mikiki123">X X</cards>
<action no="6" player="gasgas" type="0" discard="1" dealt="1" sum="0"/>
<action no="7" player="Mikiki123" type="3" discard="1" dealt="1" sum="15"/>
<action no="8" player="oreiasccp" type="23" sum="75"/>
<action no="9" player="Mikiki123" type="0" discard="1" dealt="1" sum="0"/>
</round>
</game>
<game gamecode="11514947929"><general><startdate>2025-06-16 11:30:18</startdate>
<round>1</round>
<failsafecounter/>
<players><player seat="3" name="gasgas" chips="375" dealer="0" win="105" bet="375" muck="1" rebuy="0" addon="0" merge="0" rebuychips="0" reg_code="8384876585"/>
<player seat="6" name="Mikiki123" chips="530" dealer="1" win="0" bet="35" muck="1" rebuy="0" addon="0" merge="0" rebuychips="0" reg_code="8384876930"/>
<player seat="10" name="oreiasccp" chips="595" dealer="0" win="0" bet="35" muck="1" rebuy="0" addon="0" merge="0" rebuychips="0" reg_code="8384876932"/>
</players>
</general>
<round no="0"><action no="1" player="oreiasccp" type="15" sum="5"/>
<action no="2" player="gasgas" type="15" discard="1" dealt="1" sum="5"/>
<action no="3" player="Mikiki123" type="15" discard="1" dealt="1" sum="5"/>
<action no="4" player="oreiasccp" type="1" sum="15"/>
<action no="5" player="gasgas" type="2" discard="1" dealt="1" sum="30"/>
</round>
<round no="1"><cards type="Pocket" player="oreiasccp">DK H5</cards>
<cards type="Pocket" player="Mikiki123">X X</cards>
<cards type="Pocket" player="gasgas">X X</cards>
<action no="6" player="Mikiki123" type="3" discard="1" dealt="1" sum="30"/>
<action no="7" player="oreiasccp" type="3" sum="15"/>
<action no="8" player="gasgas" type="23" discard="1" dealt="1" sum="370"/>
<action no="9" player="Mikiki123" type="0" discard="1" dealt="1" sum="0"/>
<action no="10" player="oreiasccp" type="0" sum="0"/>
</round>
</game>
<game gamecode="11514947996"><general><startdate>2025-06-16 11:30:34</startdate>
<round>1</round>
<failsafecounter/>
<players><player seat="6" name="Mikiki123" chips="495" dealer="0" win="0" bet="35" muck="1" rebuy="0" addon="0" merge="0" rebuychips="0" reg_code="8384876930"/>
<player seat="10" name="oreiasccp" chips="560" dealer="1" win="0" bet="5" muck="1" rebuy="0" addon="0" merge="0" rebuychips="0" reg_code="8384876932"/>
<player seat="3" name="gasgas" chips="445" dealer="0" win="75" bet="65" muck="1" rebuy="0" addon="0" merge="0" rebuychips="0" reg_code="8384876585"/>
</players>
</general>
<round no="0"><action no="1" player="gasgas" type="15" discard="1" dealt="1" sum="5"/>
<action no="2" player="Mikiki123" type="15" discard="1" dealt="1" sum="5"/>
<action no="3" player="oreiasccp" type="15" sum="5"/>
<action no="4" player="gasgas" type="1" discard="1" dealt="1" sum="15"/>
<action no="5" player="Mikiki123" type="2" discard="1" dealt="1" sum="30"/>
</round>
<round no="1"><cards type="Pocket" player="gasgas">X X</cards>
<cards type="Pocket" player="oreiasccp">D4 H2</cards>
<cards type="Pocket" player="Mikiki123">X X</cards>
<action no="6" player="oreiasccp" type="0" sum="0"/>
<action no="7" player="gasgas" type="23" discard="1" dealt="1" sum="60"/>
<action no="8" player="Mikiki123" type="0" discard="1" dealt="1" sum="0"/>
</round>
</game>
<game gamecode="11514948047"><general><startdate>2025-06-16 11:30:46</startdate>
<round>1</round>
<failsafecounter/>
<players><player seat="10" name="oreiasccp" chips="555" dealer="0" win="0" bet="133" muck="1" rebuy="0" addon="0" merge="0" rebuychips="0" reg_code="8384876932"/>
<player seat="3" name="gasgas" chips="485" dealer="1" win="0" bet="5" muck="1" rebuy="0" addon="0" merge="0" rebuychips="0" reg_code="8384876585"/>
<player seat="6" name="Mikiki123" chips="460" dealer="0" win="271" bet="460" muck="1" rebuy="0" addon="0" merge="0" rebuychips="0" reg_code="8384876930"/>
</players>
</general>
<round no="0"><action no="1" player="Mikiki123" type="15" discard="1" dealt="1" sum="5"/>
<action no="2" player="oreiasccp" type="15" sum="5"/>
<action no="3" player="gasgas" type="15" discard="1" dealt="1" sum="5"/>
<action no="4" player="Mikiki123" type="1" discard="1" dealt="1" sum="15"/>
<action no="5" player="oreiasccp" type="2" sum="30"/>
</round>
<round no="1"><cards type="Pocket" player="oreiasccp">C9 C6</cards>
<cards type="Pocket" player="Mikiki123">X X</cards>
<cards type="Pocket" player="gasgas">X X</cards>
<action no="6" player="gasgas" type="0" discard="1" dealt="1" sum="0"/>
<action no="7" player="Mikiki123" type="3" discard="1" dealt="1" sum="15"/>
<action no="8" player="oreiasccp" type="4" sum="0"/>
</round>
<round no="2"><cards type="Flop">S7 H8 S9</cards>
<action no="9" player="Mikiki123" type="5" discard="1" dealt="1" sum="30"/>
<action no="10" player="oreiasccp" type="3" sum="30"/>
</round>
<round no="3"><cards type="Turn">D9</cards>
<action no="11" player="Mikiki123" type="4" discard="1" dealt="1" sum="0"/>
<action no="12" player="oreiasccp" type="5" sum="68"/>
<action no="13" player="Mikiki123" type="3" discard="1" dealt="1" sum="68"/>
</round>
<round no="4"><cards type="River">SJ</cards>
<action no="14" player="Mikiki123" type="5" discard="1" dealt="1" sum="327"/>
<action no="15" player="oreiasccp" type="0" sum="0"/>
</round>
</game>
<game gamecode="11514948161"><general><startdate>2025-06-16 11:31:15</startdate>
<round>1</round>
<failsafecounter/>
<players><player seat="3" name="gasgas" chips="480" dealer="0" win="55" bet="45" muck="1" rebuy="0" addon="0" merge="0" rebuychips="0" reg_code="8384876585"/>
<player seat="6" name="Mikiki123" chips="598" dealer="1" win="0" bet="5" muck="1" rebuy="0" addon="0" merge="0" rebuychips="0" reg_code="8384876930"/>
<player seat="10" name="oreiasccp" chips="422" dealer="0" win="0" bet="25" muck="1" rebuy="0" addon="0" merge="0" rebuychips="0" reg_code="8384876932"/>
</players>
</general>
<round no="0"><action no="1" player="oreiasccp" type="15" sum="5"/>
<action no="2" player="gasgas" type="15" discard="1" dealt="1" sum="5"/>
<action no="3" player="Mikiki123" type="15" discard="1" dealt="1" sum="5"/>
<action no="4" player="oreiasccp" type="1" sum="20"/>
<action no="5" player="gasgas" type="2" discard="1" dealt="1" sum="40"/>
</round>
<round no="1"><cards type="Pocket" player="oreiasccp">CQ S2</cards>
<cards type="Pocket" player="Mikiki123">X X</cards>
<cards type="Pocket" player="gasgas">X X</cards>
<action no="6" player="Mikiki123" type="0" discard="1" dealt="1" sum="0"/>
<action no="7" player="oreiasccp" type="0" sum="0"/>
</round>
</game>
<game gamecode="11514948192"><general><startdate>2025-06-16 11:31:24</startdate>
<round>1</round>
<failsafecounter/>
<players><player seat="6" name="Mikiki123" chips="593" dealer="0" win="95" bet="85" muck="1" rebuy="0" addon="0" merge="0" rebuychips="0" reg_code="8384876930"/>
<player seat="10" name="oreiasccp" chips="397" dealer="1" win="0" bet="5" muck="1" rebuy="0" addon="0" merge="0" rebuychips="0" reg_code="8384876932"/>
<player seat="3" name="gasgas" chips="510" dealer="0" win="0" bet="45" muck="1" rebuy="0" addon="0" merge="0" rebuychips="0" reg_code="8384876585"/>
</players>
</general>
<round no="0"><action no="1" player="gasgas" type="15" discard="1" dealt="1" sum="5"/>
<action no="2" player="Mikiki123" type="15" discard="1" dealt="1" sum="5"/>
<action no="3" player="oreiasccp" type="15" sum="5"/>
<action no="4" player="gasgas" type="1" discard="1" dealt="1" sum="20"/>
<action no="5" player="Mikiki123" type="2" discard="1" dealt="1" sum="40"/>
</round>
<round no="1"><cards type="Pocket" player="Mikiki123">X X</cards>
<cards type="Pocket" player="oreiasccp">D6 D5</cards>
<cards type="Pocket" player="gasgas">X X</cards>
<action no="6" player="oreiasccp" type="0" sum="0"/>
<action no="7" player="gasgas" type="3" discard="1" dealt="1" sum="20"/>
<action no="8" player="Mikiki123" type="4" discard="1" dealt="1" sum="0"/>
</round>
<round no="2"><cards type="Flop">C3 S4 S2</cards>
<action no="9" player="gasgas" type="4" discard="1" dealt="1" sum="0"/>
<action no="10" player="Mikiki123" type="5" discard="1" dealt="1" sum="40"/>
<action no="11" player="gasgas" type="0" discard="1" dealt="1" sum="0"/>
</round>
</game>
<game gamecode="11514948264"><general><startdate>2025-06-16 11:31:45</startdate>
<round>1</round>
<failsafecounter/>
<players><player seat="10" name="oreiasccp" chips="392" dealer="0" win="0" bet="45" muck="1" rebuy="0" addon="0" merge="0" rebuychips="0" reg_code="8384876932"/>
<player seat="3" name="gasgas" chips="465" dealer="1" win="0" bet="5" muck="1" rebuy="0" addon="0" merge="0" rebuychips="0" reg_code="8384876585"/>
<player seat="6" name="Mikiki123" chips="643" dealer="0" win="95" bet="643" muck="1" rebuy="0" addon="0" merge="0" rebuychips="0" reg_code="8384876930"/>
</players>
</general>
<round no="0"><action no="1" player="Mikiki123" type="15" discard="1" dealt="1" sum="5"/>
<action no="2" player="oreiasccp" type="15" sum="5"/>
<action no="3" player="gasgas" type="15" discard="1" dealt="1" sum="5"/>
<action no="4" player="Mikiki123" type="1" discard="1" dealt="1" sum="20"/>
<action no="5" player="oreiasccp" type="2" sum="40"/>
</round>
<round no="1"><cards type="Pocket" player="Mikiki123">X X</cards>
<cards type="Pocket" player="oreiasccp">D10 C6</cards>
<cards type="Pocket" player="gasgas">X X</cards>
<action no="6" player="gasgas" type="0" discard="1" dealt="1" sum="0"/>
<action no="7" player="Mikiki123" type="23" discard="1" dealt="1" sum="638"/>
<action no="8" player="oreiasccp" type="0" sum="0"/>
</round>
</game>
<game gamecode="11514948337"><general><startdate>2025-06-16 11:32:04</startdate>
<round>1</round>
<failsafecounter/>
<players><player seat="3" name="gasgas" chips="460" dealer="0" win="0" bet="45" muck="1" rebuy="0" addon="0" merge="0" rebuychips="0" reg_code="8384876585"/>
<player seat="6" name="Mikiki123" chips="693" dealer="1" win="115" bet="85" muck="1" rebuy="0" addon="0" merge="0" rebuychips="0" reg_code="8384876930"/>
<player seat="10" name="oreiasccp" chips="347" dealer="0" win="0" bet="25" muck="1" rebuy="0" addon="0" merge="0" rebuychips="0" reg_code="8384876932"/>
</players>
</general>
<round no="0"><action no="1" player="oreiasccp" type="15" sum="5"/>
<action no="2" player="gasgas" type="15" discard="1" dealt="1" sum="5"/>
<action no="3" player="Mikiki123" type="15" discard="1" dealt="1" sum="5"/>
<action no="4" player="oreiasccp" type="1" sum="20"/>
<action no="5" player="gasgas" type="2" discard="1" dealt="1" sum="40"/>
</round>
<round no="1"><cards type="Pocket" player="Mikiki123">X X</cards>
<cards type="Pocket" player="gasgas">X X</cards>
<cards type="Pocket" player="oreiasccp">S4 H9</cards>
<action no="6" player="Mikiki123" type="3" discard="1" dealt="1" sum="40"/>
<action no="7" player="oreiasccp" type="0" sum="0"/>
<action no="8" player="gasgas" type="4" discard="1" dealt="1" sum="0"/>
</round>
<round no="2"><cards type="Flop">S7 SA HJ</cards>
<action no="9" player="gasgas" type="4" discard="1" dealt="1" sum="0"/>
<action no="10" player="Mikiki123" type="5" discard="1" dealt="1" sum="40"/>
<action no="11" player="gasgas" type="0" discard="1" dealt="1" sum="0"/>
</round>
</game>
<game gamecode="11514948477"><general><startdate>2025-06-16 11:32:36</startdate>
<round>1</round>
<failsafecounter/>
<players><player seat="6" name="Mikiki123" chips="763" dealer="0" win="0" bet="45" muck="1" rebuy="0" addon="0" merge="0" rebuychips="0" reg_code="8384876930"/>
<player seat="10" name="oreiasccp" chips="322" dealer="1" win="0" bet="5" muck="1" rebuy="0" addon="0" merge="0" rebuychips="0" reg_code="8384876932"/>
<player seat="3" name="gasgas" chips="415" dealer="0" win="95" bet="85" muck="1" rebuy="0" addon="0" merge="0" rebuychips="0" reg_code="8384876585"/>
</players>
</general>
<round no="0"><action no="1" player="gasgas" type="15" discard="1" dealt="1" sum="5"/>
<action no="2" player="Mikiki123" type="15" discard="1" dealt="1" sum="5"/>
<action no="3" player="oreiasccp" type="15" sum="5"/>
<action no="4" player="gasgas" type="1" discard="1" dealt="1" sum="20"/>
<action no="5" player="Mikiki123" type="2" discard="1" dealt="1" sum="40"/>
</round>
<round no="1"><cards type="Pocket" player="gasgas">X X</cards>
<cards type="Pocket" player="oreiasccp">D4 DQ</cards>
<cards type="Pocket" player="Mikiki123">X X</cards>
<action no="6" player="oreiasccp" type="0" sum="0"/>
<action no="7" player="gasgas" type="23" discard="1" dealt="1" sum="80"/>
<action no="8" player="Mikiki123" type="0" discard="1" dealt="1" sum="0"/>
</round>
</game>
<game gamecode="11514953028"><general><startdate>2025-06-16 11:32:50</startdate>
<round>1</round>
<failsafecounter/>
<players><player seat="10" name="oreiasccp" chips="317" dealer="0" win="95" bet="114" muck="1" rebuy="0" addon="0" merge="0" rebuychips="0" reg_code="8384876932"/>
<player seat="3" name="gasgas" chips="465" dealer="1" win="0" bet="5" muck="1" rebuy="0" addon="0" merge="0" rebuychips="0" reg_code="8384876585"/>
<player seat="6" name="Mikiki123" chips="718" dealer="0" win="0" bet="45" muck="1" rebuy="0" addon="0" merge="0" rebuychips="0" reg_code="8384876930"/>
</players>
</general>
<round no="0"><action no="1" player="Mikiki123" type="15" discard="1" dealt="1" sum="5"/>
<action no="2" player="oreiasccp" type="15" sum="5"/>
<action no="3" player="gasgas" type="15" discard="1" dealt="1" sum="5"/>
<action no="4" player="Mikiki123" type="1" discard="1" dealt="1" sum="20"/>
<action no="5" player="oreiasccp" type="2" sum="40"/>
</round>
<round no="1"><cards type="Pocket" player="gasgas">X X</cards>
<cards type="Pocket" player="Mikiki123">X X</cards>
<cards type="Pocket" player="oreiasccp">DJ D8</cards>
<action no="6" player="gasgas" type="0" discard="1" dealt="1" sum="0"/>
<action no="7" player="Mikiki123" type="3" discard="1" dealt="1" sum="20"/>
<action no="8" player="oreiasccp" type="4" sum="0"/>
</round>
<round no="2"><cards type="Flop">SJ H4 DQ</cards>
<action no="9" player="Mikiki123" type="4" discard="1" dealt="1" sum="0"/>
<action no="10" player="oreiasccp" type="4" sum="0"/>
</round>
<round no="3"><cards type="Turn">C7</cards>
<action no="11" player="Mikiki123" type="4" discard="1" dealt="1" sum="0"/>
<action no="12" player="oreiasccp" type="5" sum="69"/>
<action no="13" player="Mikiki123" type="0" discard="1" dealt="1" sum="0"/>
</round>
</game>
<game gamecode="11514953229"><general><startdate>2025-06-16 11:33:39</startdate>
<round>1</round>
<failsafecounter/>
<players><player seat="3" name="gasgas" chips="460" dealer="0" win="75" bet="65" muck="1" rebuy="0" addon="0" merge="0" rebuychips="0" reg_code="8384876585"/>
<player seat="6" name="Mikiki123" chips="673" dealer="1" win="0" bet="5" muck="1" rebuy="0" addon="0" merge="0" rebuychips="0" reg_code="8384876930"/>
<player seat="10" name="oreiasccp" chips="367" dealer="0" win="0" bet="35" muck="1" rebuy="0" addon="0" merge="0" rebuychips="0" reg_code="8384876932"/>
</players>
</general>
<round no="0"><action no="1" player="oreiasccp" type="15" sum="5"/>
<action no="2" player="gasgas" type="15" discard="1" dealt="1" sum="5"/>
<action no="3" player="Mikiki123" type="15" discard="1" dealt="1" sum="5"/>
<action no="4" player="oreiasccp" type="1" sum="30"/>
<action no="5" player="gasgas" type="2" discard="1" dealt="1" sum="60"/>
</round>
<round no="1"><cards type="Pocket" player="Mikiki123">X X</cards>
<cards type="Pocket" player="oreiasccp">D8 H5</cards>
<cards type="Pocket" player="gasgas">X X</cards>
<action no="6" player="Mikiki123" type="0" discard="1" dealt="1" sum="0"/>
<action no="7" player="oreiasccp" type="0" sum="0"/>
</round>
</game>
<game gamecode="11514953271"><general><startdate>2025-06-16 11:33:51</startdate>
<round>1</round>
<failsafecounter/>
<players><player seat="6" name="Mikiki123" chips="668" dealer="0" win="75" bet="65" muck="1" rebuy="0" addon="0" merge="0" rebuychips="0" reg_code="8384876930"/>
<player seat="10" name="oreiasccp" chips="332" dealer="1" win="0" bet="5" muck="1" rebuy="0" addon="0" merge="0" rebuychips="0" reg_code="8384876932"/>
<player seat="3" name="gasgas" chips="500" dealer="0" win="0" bet="35" muck="1" rebuy="0" addon="0" merge="0" rebuychips="0" reg_code="8384876585"/>
</players>
</general>
<round no="0"><action no="1" player="gasgas" type="15" discard="1" dealt="1" sum="5"/>
<action no="2" player="Mikiki123" type="15" discard="1" dealt="1" sum="5"/>
<action no="3" player="oreiasccp" type="15" sum="5"/>
<action no="4" player="gasgas" type="1" discard="1" dealt="1" sum="30"/>
<action no="5" player="Mikiki123" type="2" discard="1" dealt="1" sum="60"/>
</round>
<round no="1"><cards type="Pocket" player="Mikiki123">X X</cards>
<cards type="Pocket" player="gasgas">X X</cards>
<cards type="Pocket" player="oreiasccp">H2 C8</cards>
<action no="6" player="oreiasccp" type="0" sum="0"/>
<action no="7" player="gasgas" type="0" discard="1" dealt="1" sum="0"/>
</round>
</game>
<game gamecode="11514953306"><general><startdate>2025-06-16 11:33:59</startdate>
<round>1</round>
<failsafecounter/>
<players><player seat="10" name="oreiasccp" chips="327" dealer="0" win="0" bet="65" muck="1" rebuy="0" addon="0" merge="0" rebuychips="0" reg_code="8384876932"/>
<player seat="3" name="gasgas" chips="465" dealer="1" win="165" bet="465" muck="1" rebuy="0" addon="0" merge="0" rebuychips="0" reg_code="8384876585"/>
<player seat="6" name="Mikiki123" chips="708" dealer="0" win="0" bet="35" muck="1" rebuy="0" addon="0" merge="0" rebuychips="0" reg_code="8384876930"/>
</players>
</general>
<round no="0"><action no="1" player="Mikiki123" type="15" discard="1" dealt="1" sum="5"/>
<action no="2" player="oreiasccp" type="15" sum="5"/>
<action no="3" player="gasgas" type="15" discard="1" dealt="1" sum="5"/>
<action no="4" player="Mikiki123" type="1" discard="1" dealt="1" sum="30"/>
<action no="5" player="oreiasccp" type="2" sum="60"/>
</round>
<round no="1"><cards type="Pocket" player="gasgas">X X</cards>
<cards type="Pocket" player="oreiasccp">HK C5</cards>
<cards type="Pocket" player="Mikiki123">X X</cards>
<action no="6" player="gasgas" type="23" discard="1" dealt="1" sum="460"/>
<action no="7" player="Mikiki123" type="0" discard="1" dealt="1" sum="0"/>
<action no="8" player="oreiasccp" type="0" sum="0"/>
</round>
</game>
<game gamecode="11514953377"><general><startdate>2025-06-16 11:34:18</startdate>
<round>1</round>
<failsafecounter/>
<players><player seat="3" name="gasgas" chips="565" dealer="0" win="0" bet="65" muck="1" rebuy="0" addon="0" merge="0" rebuychips="0" reg_code="8384876585"/>
<player seat="6" name="Mikiki123" chips="673" dealer="1" win="165" bet="125" muck="1" rebuy="0" addon="0" merge="0" rebuychips="0" reg_code="8384876930"/>
<player seat="10" name="oreiasccp" chips="262" dealer="0" win="0" bet="35" muck="1" rebuy="0" addon="0" merge="0" rebuychips="0" reg_code="8384876932"/>
</players>
</general>
<round no="0"><action no="1" player="oreiasccp" type="15" sum="5"/>
<action no="2" player="gasgas" type="15" discard="1" dealt="1" sum="5"/>
<action no="3" player="Mikiki123" type="15" discard="1" dealt="1" sum="5"/>
<action no="4" player="oreiasccp" type="1" sum="30"/>
<action no="5" player="gasgas" type="2" discard="1" dealt="1" sum="60"/>
</round>
<round no="1"><cards type="Pocket" player="Mikiki123">X X</cards>
<cards type="Pocket" player="gasgas">X X</cards>
<cards type="Pocket" player="oreiasccp">C7 H5</cards>
<action no="6" player="Mikiki123" type="3" discard="1" dealt="1" sum="60"/>
<action no="7" player="oreiasccp" type="0" sum="0"/>
<action no="8" player="gasgas" type="4" discard="1" dealt="1" sum="0"/>
</round>
<round no="2"><cards type="Flop">DJ DQ SJ</cards>
<action no="9" player="gasgas" type="4" discard="1" dealt="1" sum="0"/>
<action no="10" player="Mikiki123" type="5" discard="1" dealt="1" sum="60"/>
<action no="11" player="gasgas" type="0" discard="1" dealt="1" sum="0"/>
</round>
</game>
<game gamecode="11514953455"><general><startdate>2025-06-16 11:34:40</startdate>
<round>1</round>
<failsafecounter/>
<players><player seat="6" name="Mikiki123" chips="773" dealer="0" win="0" bet="65" muck="1" rebuy="0" addon="0" merge="0" rebuychips="0" reg_code="8384876930"/>
<player seat="10" name="oreiasccp" chips="227" dealer="1" win="165" bet="227" muck="1" rebuy="0" addon="0" merge="0" rebuychips="0" reg_code="8384876932"/>
<player seat="3" name="gasgas" chips="500" dealer="0" win="0" bet="35" muck="1" rebuy="0" addon="0" merge="0" rebuychips="0" reg_code="8384876585"/>
</players>
</general>
<round no="0"><action no="1" player="gasgas" type="15" discard="1" dealt="1" sum="5"/>
<action no="2" player="Mikiki123" type="15" discard="1" dealt="1" sum="5"/>
<action no="3" player="oreiasccp" type="15" sum="5"/>
<action no="4" player="gasgas" type="1" discard="1" dealt="1" sum="30"/>
<action no="5" player="Mikiki123" type="2" discard="1" dealt="1" sum="60"/>
</round>
<round no="1"><cards type="Pocket" player="Mikiki123">X X</cards>
<cards type="Pocket" player="gasgas">X X</cards>
<cards type="Pocket" player="oreiasccp">S5 DK</cards>
<action no="6" player="oreiasccp" type="23" sum="222"/>
<action no="7" player="gasgas" type="0" discard="1" dealt="1" sum="0"/>
<action no="8" player="Mikiki123" type="0" discard="1" dealt="1" sum="0"/>
</round>
</game>
<game gamecode="11514953488"><general><startdate>2025-06-16 11:34:51</startdate>
<round>1</round>
<failsafecounter/>
<players><player seat="10" name="oreiasccp" chips="327" dealer="0" win="135" bet="327" muck="1" rebuy="0" addon="0" merge="0" rebuychips="0" reg_code="8384876932"/>
<player seat="3" name="gasgas" chips="465" dealer="1" win="0" bet="5" muck="1" rebuy="0" addon="0" merge="0" rebuychips="0" reg_code="8384876585"/>
<player seat="6" name="Mikiki123" chips="708" dealer="0" win="0" bet="65" muck="1" rebuy="0" addon="0" merge="0" rebuychips="0" reg_code="8384876930"/>
</players>
</general>
<round no="0"><action no="1" player="Mikiki123" type="15" discard="1" dealt="1" sum="5"/>
<action no="2" player="oreiasccp" type="15" sum="5"/>
<action no="3" player="gasgas" type="15" discard="1" dealt="1" sum="5"/>
<action no="4" player="Mikiki123" type="1" discard="1" dealt="1" sum="30"/>
<action no="5" player="oreiasccp" type="2" sum="60"/>
</round>
<round no="1"><cards type="Pocket" player="Mikiki123">X X</cards>
<cards type="Pocket" player="gasgas">X X</cards>
<cards type="Pocket" player="oreiasccp">D7 HA</cards>
<action no="6" player="gasgas" type="0" discard="1" dealt="1" sum="0"/>
<action no="7" player="Mikiki123" type="3" discard="1" dealt="1" sum="30"/>
<action no="8" player="oreiasccp" type="23" sum="322"/>
<action no="9" player="Mikiki123" type="0" discard="1" dealt="1" sum="0"/>
</round>
</game>
<game gamecode="11514953545"><general><startdate>2025-06-16 11:35:08</startdate>
<round>1</round>
<failsafecounter/>
<players><player seat="3" name="gasgas" chips="460" dealer="0" win="802" bet="397" muck="0" rebuy="0" addon="0" merge="0" rebuychips="0" reg_code="8384876585"/>
<player seat="6" name="Mikiki123" chips="643" dealer="1" win="0" bet="8" muck="1" rebuy="0" addon="0" merge="0" rebuychips="0" reg_code="8384876930"/>
<player seat="10" name="oreiasccp" chips="397" dealer="0" win="0" bet="397" muck="0" rebuy="0" addon="0" merge="0" rebuychips="0" reg_code="8384876932"/>
</players>
</general>
<round no="0"><action no="1" player="oreiasccp" type="15" sum="8"/>
<action no="2" player="gasgas" type="15" discard="1" dealt="1" sum="8"/>
<action no="3" player="Mikiki123" type="15" discard="1" dealt="1" sum="8"/>
<action no="4" player="oreiasccp" type="1" sum="40"/>
<action no="5" player="gasgas" type="2" discard="1" dealt="1" sum="80"/>
</round>
<round no="1"><cards type="Pocket" player="gasgas">H9 DJ</cards>
<cards type="Pocket" player="Mikiki123">X X</cards>
<cards type="Pocket" player="oreiasccp">HA CK</cards>
<action no="6" player="Mikiki123" type="0" discard="1" dealt="1" sum="0"/>
<action no="7" player="oreiasccp" type="23" sum="389"/>
<action no="8" player="gasgas" type="3" discard="1" dealt="1" sum="309"/>
</round>
<round no="2"><cards type="Flop">SJ SQ D6</cards>
</round>
<round no="3"><cards type="Turn">S3</cards>
</round>
<round no="4"><cards type="River">C5</cards>
</round>
</game>
</session>
