<?xml version="1.0" encoding="UTF-8"?>
<session sessioncode="8384860279">
<general>
<client_version>24.7.1.16</client_version>
<mode>real</mode>
<gametype>Holdem NL</gametype>
<tablename>Twister €5 SNG, 1127567916</tablename>
<tournamentcode>1127567915</tournamentcode>
<tournamentname>Twister €5 SNG</tournamentname>
<buyin>€0 + €0.35 + €4.65</buyin>
<totalbuyin>€5</totalbuyin>
<rewarddrawn>€10</rewarddrawn>
<tournamentcurrency>EUR</tournamentcurrency>
<currency>EUR</currency>
<nickname>oreiasccp</nickname>
<gamecount>16</gamecount>
<startdate>2025-06-16 10:36:16</startdate>
<place>2</place>
<win>€0</win>
<tablesize>3</tablesize>
</general>
<game gamecode="11514904052"><general><startdate>2025-06-16 10:36:31</startdate>
<round>1</round>
<failsafecounter/>
<players><player seat="10" name="oreiasccp" chips="500" dealer="0" win="0" bet="40" muck="1" rebuy="0" addon="0" merge="0" rebuychips="0" reg_code="8384860279"/>
<player seat="3" name="LordKarle" chips="500" dealer="1" win="90" bet="100" muck="1" rebuy="0" addon="0" merge="0" rebuychips="0" reg_code="8384860248"/>
<player seat="6" name="Bobomisky" chips="500" dealer="0" win="0" bet="10" muck="1" rebuy="0" addon="0" merge="0" rebuychips="0" reg_code="8384860271"/>
</players>
</general>
<round no="0"><action no="1" player="Bobomisky" type="1" discard="1" dealt="1" sum="10"/>
<action no="2" player="oreiasccp" type="2" sum="20"/>
</round>
<round no="1"><cards type="Pocket" player="oreiasccp">CA D2</cards>
<cards type="Pocket" player="Bobomisky">X X</cards>
<cards type="Pocket" player="LordKarle">X X</cards>
<action no="3" player="LordKarle" type="23" discard="1" dealt="1" sum="40"/>
<action no="4" player="Bobomisky" type="0" discard="1" dealt="1" sum="0"/>
<action no="5" player="oreiasccp" type="3" sum="20"/>
</round>
<round no="2"><cards type="Flop">D10 CQ C5</cards>
<action no="6" player="oreiasccp" type="4" sum="0"/>
<action no="7" player="LordKarle" type="5" discard="1" dealt="1" sum="60"/>
<action no="8" player="oreiasccp" type="0" sum="0"/>
</round>
</game>
<game gamecode="11514904110"><general><startdate>2025-06-16 10:36:48</startdate>
<round>1</round>
<failsafecounter/>
<players><player seat="3" name="LordKarle" chips="550" dealer="0" win="0" bet="20" muck="1" rebuy="0" addon="0" merge="0" rebuychips="0" reg_code="8384860248"/>
<player seat="6" name="Bobomisky" chips="490" dealer="1" win="0" bet="20" muck="1" rebuy="0" addon="0" merge="0" rebuychips="0" reg_code="8384860271"/>
<player seat="10" name="oreiasccp" chips="460" dealer="0" win="60" bet="460" muck="1" rebuy="0" addon="0" merge="0" rebuychips="0" reg_code="8384860279"/>
</players>
</general>
<round no="0"><action no="1" player="oreiasccp" type="1" sum="10"/>
<action no="2" player="LordKarle" type="2" discard="1" dealt="1" sum="20"/>
</round>
<round no="1"><cards type="Pocket" player="LordKarle">X X</cards>
<cards type="Pocket" player="Bobomisky">X X</cards>
<cards type="Pocket" player="oreiasccp">D8 CA</cards>
<action no="3" player="Bobomisky" type="3" discard="1" dealt="1" sum="20"/>
<action no="4" player="oreiasccp" type="23" sum="460"/>
<action no="5" player="LordKarle" type="0" discard="1" dealt="1" sum="0"/>
<action no="6" player="Bobomisky" type="0" discard="1" dealt="1" sum="0"/>
</round>
</game>
<game gamecode="11514904153"><general><startdate>2025-06-16 10:37:00</startdate>
<round>1</round>
<failsafecounter/>
<players><player seat="6" name="Bobomisky" chips="470" dealer="0" win="940" bet="470" muck="0" rebuy="0" addon="0" merge="0" rebuychips="0" reg_code="8384860271"/>
<player seat="10" name="oreiasccp" chips="500" dealer="1" win="0" bet="0" muck="1" rebuy="0" addon="0" merge="0" rebuychips="0" reg_code="8384860279"/>
<player seat="3" name="LordKarle" chips="530" dealer="0" win="0" bet="530" muck="0" rebuy="0" addon="0" merge="0" rebuychips="0" reg_code="8384860248"/>
</players>
</general>
<round no="0"><action no="1" player="LordKarle" type="1" discard="1" dealt="1" sum="10"/>
<action no="2" player="Bobomisky" type="2" discard="1" dealt="1" sum="20"/>
</round>
<round no="1"><cards type="Pocket" player="Bobomisky">H9 S9</cards>
<cards type="Pocket" player="oreiasccp">HJ S7</cards>
<cards type="Pocket" player="LordKarle">SK C9</cards>
<action no="3" player="oreiasccp" type="0" sum="0"/>
<action no="4" player="LordKarle" type="23" discard="1" dealt="1" sum="40"/>
<action no="5" player="Bobomisky" type="23" discard="1" dealt="1" sum="100"/>
<action no="6" player="LordKarle" type="3" discard="1" dealt="1" sum="60"/>
</round>
<round no="2"><cards type="Flop">H2 C4 D9</cards>
<action no="7" player="LordKarle" type="4" discard="1" dealt="1" sum="0"/>
<action no="8" player="Bobomisky" type="5" discard="1" dealt="1" sum="100"/>
<action no="9" player="LordKarle" type="23" discard="1" dealt="1" sum="430"/>
<action no="10" player="Bobomisky" type="7" discard="1" dealt="1" sum="270"/>
</round>
<round no="3"><cards type="Turn">H8</cards>
</round>
<round no="4"><cards type="River">CK</cards>
</round>
</game>
<game gamecode="11514904292"><general><startdate>2025-06-16 10:37:38</startdate>
<round>1</round>
<failsafecounter/>
<players><player seat="10" name="oreiasccp" chips="500" dealer="0" win="0" bet="60" muck="1" rebuy="0" addon="0" merge="0" rebuychips="0" reg_code="8384860279"/>
<player seat="3" name="LordKarle" chips="60" dealer="1" win="180" bet="60" muck="0" rebuy="0" addon="0" merge="0" rebuychips="0" reg_code="8384860248"/>
<player seat="6" name="Bobomisky" chips="940" dealer="0" win="0" bet="100" muck="1" rebuy="0" addon="0" merge="0" rebuychips="0" reg_code="8384860271"/>
</players>
</general>
<round no="0"><action no="1" player="Bobomisky" type="1" discard="1" dealt="1" sum="10"/>
<action no="2" player="oreiasccp" type="2" sum="20"/>
</round>
<round no="1"><cards type="Pocket" player="oreiasccp">HA S5</cards>
<cards type="Pocket" player="LordKarle">DK H5</cards>
<cards type="Pocket" player="Bobomisky">S8 D10</cards>
<action no="3" player="LordKarle" type="23" discard="1" dealt="1" sum="60"/>
<action no="4" player="Bobomisky" type="3" discard="1" dealt="1" sum="50"/>
<action no="5" player="oreiasccp" type="3" sum="40"/>
</round>
<round no="2"><cards type="Flop">H9 D9 HJ</cards>
<action no="6" player="Bobomisky" type="5" discard="1" dealt="1" sum="40"/>
<action no="7" player="oreiasccp" type="0" sum="0"/>
</round>
<round no="3"><cards type="Turn">S6</cards>
</round>
<round no="4"><cards type="River">HK</cards>
</round>
</game>
<game gamecode="11514907740"><general><startdate>2025-06-16 10:38:02</startdate>
<round>1</round>
<failsafecounter/>
<players><player seat="3" name="LordKarle" chips="180" dealer="0" win="0" bet="180" muck="0" rebuy="0" addon="0" merge="0" rebuychips="0" reg_code="8384860248"/>
<player seat="6" name="Bobomisky" chips="880" dealer="1" win="380" bet="180" muck="0" rebuy="0" addon="0" merge="0" rebuychips="0" reg_code="8384860271"/>
<player seat="10" name="oreiasccp" chips="440" dealer="0" win="0" bet="20" muck="1" rebuy="0" addon="0" merge="0" rebuychips="0" reg_code="8384860279"/>
</players>
</general>
<round no="0"><action no="1" player="oreiasccp" type="1" sum="10"/>
<action no="2" player="LordKarle" type="2" discard="1" dealt="1" sum="20"/>
</round>
<round no="1"><cards type="Pocket" player="oreiasccp">D4 D6</cards>
<cards type="Pocket" player="LordKarle">SK H4</cards>
<cards type="Pocket" player="Bobomisky">SJ D10</cards>
<action no="3" player="Bobomisky" type="3" discard="1" dealt="1" sum="20"/>
<action no="4" player="oreiasccp" type="3" sum="10"/>
<action no="5" player="LordKarle" type="23" discard="1" dealt="1" sum="180"/>
<action no="6" player="Bobomisky" type="3" discard="1" dealt="1" sum="160"/>
<action no="7" player="oreiasccp" type="0" sum="0"/>
</round>
<round no="2"><cards type="Flop">C10 H5 SQ</cards>
</round>
<round no="3"><cards type="Turn">C4</cards>
</round>
<round no="4"><cards type="River">S5</cards>
</round>
</game>
<game gamecode="11514907800"><general><startdate>2025-06-16 10:38:23</startdate>
<round>1</round>
<failsafecounter/>
<players><player seat="6" name="Bobomisky" chips="1,080" dealer="0" win="20" bet="20" muck="1" rebuy="0" addon="0" merge="0" rebuychips="0" reg_code="8384860271"/>
<player seat="10" name="oreiasccp" chips="420" dealer="1" win="0" bet="10" muck="1" rebuy="0" addon="0" merge="0" rebuychips="0" reg_code="8384860279"/>
</players>
</general>
<round no="0"><action no="1" player="oreiasccp" type="1" sum="10"/>
<action no="2" player="Bobomisky" type="2" discard="1" dealt="1" sum="20"/>
</round>
<round no="1"><cards type="Pocket" player="oreiasccp">C6 H2</cards>
<cards type="Pocket" player="Bobomisky">X X</cards>
<action no="3" player="oreiasccp" type="0" sum="0"/>
</round>
</game>
<game gamecode="11514907818"><general><startdate>2025-06-16 10:38:29</startdate>
<round>1</round>
<failsafecounter/>
<players><player seat="10" name="oreiasccp" chips="410" dealer="0" win="300" bet="369" muck="1" rebuy="0" addon="0" merge="0" rebuychips="0" reg_code="8384860279"/>
<player seat="6" name="Bobomisky" chips="1,090" dealer="1" win="0" bet="150" muck="1" rebuy="0" addon="0" merge="0" rebuychips="0" reg_code="8384860271"/>
</players>
</general>
<round no="0"><action no="1" player="Bobomisky" type="1" discard="1" dealt="1" sum="10"/>
<action no="2" player="oreiasccp" type="2" sum="20"/>
</round>
<round no="1"><cards type="Pocket" player="Bobomisky">X X</cards>
<cards type="Pocket" player="oreiasccp">SA DK</cards>
<action no="3" player="Bobomisky" type="3" discard="1" dealt="1" sum="10"/>
<action no="4" player="oreiasccp" type="23" sum="100"/>
<action no="5" player="Bobomisky" type="3" discard="1" dealt="1" sum="80"/>
</round>
<round no="2"><cards type="Flop">D10 HA D6</cards>
<action no="6" player="oreiasccp" type="5" sum="50"/>
<action no="7" player="Bobomisky" type="3" discard="1" dealt="1" sum="50"/>
</round>
<round no="3"><cards type="Turn">D3</cards>
<action no="8" player="oreiasccp" type="5" sum="219"/>
<action no="9" player="Bobomisky" type="0" discard="1" dealt="1" sum="0"/>
</round>
</game>
<game gamecode="11514907908"><general><startdate>2025-06-16 10:38:52</startdate>
<round>1</round>
<failsafecounter/>
<players><player seat="6" name="Bobomisky" chips="940" dealer="0" win="0" bet="35" muck="1" rebuy="0" addon="0" merge="0" rebuychips="0" reg_code="8384860271"/>
<player seat="10" name="oreiasccp" chips="560" dealer="1" win="70" bet="105" muck="1" rebuy="0" addon="0" merge="0" rebuychips="0" reg_code="8384860279"/>
</players>
</general>
<round no="0"><action no="1" player="oreiasccp" type="15" sum="5"/>
<action no="2" player="Bobomisky" type="15" discard="1" dealt="1" sum="5"/>
<action no="3" player="oreiasccp" type="1" sum="15"/>
<action no="4" player="Bobomisky" type="2" discard="1" dealt="1" sum="30"/>
</round>
<round no="1"><cards type="Pocket" player="Bobomisky">X X</cards>
<cards type="Pocket" player="oreiasccp">S8 S6</cards>
<action no="5" player="oreiasccp" type="3" sum="15"/>
<action no="6" player="Bobomisky" type="4" discard="1" dealt="1" sum="0"/>
</round>
<round no="2"><cards type="Flop">H7 H4 D2</cards>
<action no="7" player="Bobomisky" type="4" discard="1" dealt="1" sum="0"/>
<action no="8" player="oreiasccp" type="4" sum="0"/>
</round>
<round no="3"><cards type="Turn">D7</cards>
<action no="9" player="Bobomisky" type="4" discard="1" dealt="1" sum="0"/>
<action no="10" player="oreiasccp" type="5" sum="70"/>
<action no="11" player="Bobomisky" type="0" discard="1" dealt="1" sum="0"/>
</round>
</game>
<game gamecode="11514907984"><general><startdate>2025-06-16 10:39:12</startdate>
<round>1</round>
<failsafecounter/>
<players><player seat="10" name="oreiasccp" chips="595" dealer="0" win="0" bet="155" muck="1" rebuy="0" addon="0" merge="0" rebuychips="0" reg_code="8384860279"/>
<player seat="6" name="Bobomisky" chips="905" dealer="1" win="310" bet="155" muck="0" rebuy="0" addon="0" merge="0" rebuychips="0" reg_code="8384860271"/>
</players>
</general>
<round no="0"><action no="1" player="Bobomisky" type="15" discard="1" dealt="1" sum="5"/>
<action no="2" player="oreiasccp" type="15" sum="5"/>
<action no="3" player="Bobomisky" type="1" discard="1" dealt="1" sum="15"/>
<action no="4" player="oreiasccp" type="2" sum="30"/>
</round>
<round no="1"><cards type="Pocket" player="oreiasccp">H5 D6</cards>
<cards type="Pocket" player="Bobomisky">C3 SK</cards>
<action no="5" player="Bobomisky" type="3" discard="1" dealt="1" sum="15"/>
<action no="6" player="oreiasccp" type="4" sum="0"/>
</round>
<round no="2"><cards type="Flop">C6 D9 HK</cards>
<action no="7" player="oreiasccp" type="4" sum="0"/>
<action no="8" player="Bobomisky" type="4" discard="1" dealt="1" sum="0"/>
</round>
<round no="3"><cards type="Turn">HQ</cards>
<action no="9" player="oreiasccp" type="4" sum="0"/>
<action no="10" player="Bobomisky" type="5" discard="1" dealt="1" sum="120"/>
<action no="11" player="oreiasccp" type="3" sum="120"/>
</round>
<round no="4"><cards type="River">CA</cards>
<action no="12" player="oreiasccp" type="4" sum="0"/>
<action no="13" player="Bobomisky" type="4" discard="1" dealt="1" sum="0"/>
</round>
</game>
<game gamecode="11514908082"><general><startdate>2025-06-16 10:39:39</startdate>
<round>1</round>
<failsafecounter/>
<players><player seat="6" name="Bobomisky" chips="1,060" dealer="0" win="70" bet="65" muck="1" rebuy="0" addon="0" merge="0" rebuychips="0" reg_code="8384860271"/>
<player seat="10" name="oreiasccp" chips="440" dealer="1" win="0" bet="35" muck="1" rebuy="0" addon="0" merge="0" rebuychips="0" reg_code="8384860279"/>
</players>
</general>
<round no="0"><action no="1" player="oreiasccp" type="15" sum="5"/>
<action no="2" player="Bobomisky" type="15" discard="1" dealt="1" sum="5"/>
<action no="3" player="oreiasccp" type="1" sum="15"/>
<action no="4" player="Bobomisky" type="2" discard="1" dealt="1" sum="30"/>
</round>
<round no="1"><cards type="Pocket" player="Bobomisky">X X</cards>
<cards type="Pocket" player="oreiasccp">D7 D3</cards>
<action no="5" player="oreiasccp" type="3" sum="15"/>
<action no="6" player="Bobomisky" type="23" discard="1" dealt="1" sum="60"/>
<action no="7" player="oreiasccp" type="0" sum="0"/>
</round>
</game>
<game gamecode="11514908126"><general><startdate>2025-06-16 10:39:50</startdate>
<round>1</round>
<failsafecounter/>
<players><player seat="10" name="oreiasccp" chips="405" dealer="0" win="105" bet="105" muck="0" rebuy="0" addon="0" merge="0" rebuychips="0" reg_code="8384860279"/>
<player seat="6" name="Bobomisky" chips="1,095" dealer="1" win="105" bet="105" muck="0" rebuy="0" addon="0" merge="0" rebuychips="0" reg_code="8384860271"/>
</players>
</general>
<round no="0"><action no="1" player="Bobomisky" type="15" discard="1" dealt="1" sum="5"/>
<action no="2" player="oreiasccp" type="15" sum="5"/>
<action no="3" player="Bobomisky" type="1" discard="1" dealt="1" sum="15"/>
<action no="4" player="oreiasccp" type="2" sum="30"/>
</round>
<round no="1"><cards type="Pocket" player="Bobomisky">S10 SJ</cards>
<cards type="Pocket" player="oreiasccp">D2 C9</cards>
<action no="5" player="Bobomisky" type="3" discard="1" dealt="1" sum="15"/>
<action no="6" player="oreiasccp" type="4" sum="0"/>
</round>
<round no="2"><cards type="Flop">DJ DK D10</cards>
<action no="7" player="oreiasccp" type="4" sum="0"/>
<action no="8" player="Bobomisky" type="4" discard="1" dealt="1" sum="0"/>
</round>
<round no="3"><cards type="Turn">D5</cards>
<action no="9" player="oreiasccp" type="4" sum="0"/>
<action no="10" player="Bobomisky" type="5" discard="1" dealt="1" sum="70"/>
<action no="11" player="oreiasccp" type="3" sum="70"/>
</round>
<round no="4"><cards type="River">D8</cards>
<action no="12" player="oreiasccp" type="4" sum="0"/>
<action no="13" player="Bobomisky" type="4" discard="1" dealt="1" sum="0"/>
</round>
</game>
<game gamecode="11514908237"><general><startdate>2025-06-16 10:40:23</startdate>
<round>1</round>
<failsafecounter/>
<players><player seat="6" name="Bobomisky" chips="1,095" dealer="0" win="0" bet="405" muck="1" rebuy="0" addon="0" merge="0" rebuychips="0" reg_code="8384860271"/>
<player seat="10" name="oreiasccp" chips="405" dealer="1" win="810" bet="405" muck="0" rebuy="0" addon="0" merge="0" rebuychips="0" reg_code="8384860279"/>
</players>
</general>
<round no="0"><action no="1" player="oreiasccp" type="15" sum="5"/>
<action no="2" player="Bobomisky" type="15" discard="1" dealt="1" sum="5"/>
<action no="3" player="oreiasccp" type="1" sum="15"/>
<action no="4" player="Bobomisky" type="2" discard="1" dealt="1" sum="30"/>
</round>
<round no="1"><cards type="Pocket" player="oreiasccp">SQ HJ</cards>
<cards type="Pocket" player="Bobomisky">H2 HK</cards>
<action no="5" player="oreiasccp" type="3" sum="15"/>
<action no="6" player="Bobomisky" type="4" discard="1" dealt="1" sum="0"/>
</round>
<round no="2"><cards type="Flop">SK HQ S7</cards>
<action no="7" player="Bobomisky" type="5" discard="1" dealt="1" sum="70"/>
<action no="8" player="oreiasccp" type="3" sum="70"/>
</round>
<round no="3"><cards type="Turn">CQ</cards>
<action no="9" player="Bobomisky" type="5" discard="1" dealt="1" sum="210"/>
<action no="10" player="oreiasccp" type="7" sum="300"/>
<action no="11" player="Bobomisky" type="3" discard="1" dealt="1" sum="90"/>
</round>
<round no="4"><cards type="River">C6</cards>
</round>
</game>
<game gamecode="11514908331"><general><startdate>2025-06-16 10:40:52</startdate>
<round>1</round>
<failsafecounter/>
<players><player seat="10" name="oreiasccp" chips="810" dealer="0" win="250" bet="125" muck="0" rebuy="0" addon="0" merge="0" rebuychips="0" reg_code="8384860279"/>
<player seat="6" name="Bobomisky" chips="690" dealer="1" win="0" bet="125" muck="1" rebuy="0" addon="0" merge="0" rebuychips="0" reg_code="8384860271"/>
</players>
</general>
<round no="0"><action no="1" player="Bobomisky" type="15" discard="1" dealt="1" sum="5"/>
<action no="2" player="oreiasccp" type="15" sum="5"/>
<action no="3" player="Bobomisky" type="1" discard="1" dealt="1" sum="20"/>
<action no="4" player="oreiasccp" type="2" sum="40"/>
</round>
<round no="1"><cards type="Pocket" player="oreiasccp">H9 C5</cards>
<cards type="Pocket" player="Bobomisky">CQ H3</cards>
<action no="5" player="Bobomisky" type="3" discard="1" dealt="1" sum="20"/>
<action no="6" player="oreiasccp" type="4" sum="0"/>
</round>
<round no="2"><cards type="Flop">C3 D2 S7</cards>
<action no="7" player="oreiasccp" type="4" sum="0"/>
<action no="8" player="Bobomisky" type="4" discard="1" dealt="1" sum="0"/>
</round>
<round no="3"><cards type="Turn">HA</cards>
<action no="9" player="oreiasccp" type="5" sum="40"/>
<action no="10" player="Bobomisky" type="3" discard="1" dealt="1" sum="40"/>
</round>
<round no="4"><cards type="River">D9</cards>
<action no="11" player="oreiasccp" type="5" sum="40"/>
<action no="12" player="Bobomisky" type="3" discard="1" dealt="1" sum="40"/>
</round>
</game>
<game gamecode="11514908429"><general><startdate>2025-06-16 10:41:20</startdate>
<round>1</round>
<failsafecounter/>
<players><player seat="6" name="Bobomisky" chips="565" dealer="0" win="730" bet="365" muck="0" rebuy="0" addon="0" merge="0" rebuychips="0" reg_code="8384860271"/>
<player seat="10" name="oreiasccp" chips="935" dealer="1" win="0" bet="365" muck="1" rebuy="0" addon="0" merge="0" rebuychips="0" reg_code="8384860279"/>
</players>
</general>
<round no="0"><action no="1" player="oreiasccp" type="15" sum="5"/>
<action no="2" player="Bobomisky" type="15" discard="1" dealt="1" sum="5"/>
<action no="3" player="oreiasccp" type="1" sum="20"/>
<action no="4" player="Bobomisky" type="2" discard="1" dealt="1" sum="40"/>
</round>
<round no="1"><cards type="Pocket" player="oreiasccp">S8 C6</cards>
<cards type="Pocket" player="Bobomisky">DK CQ</cards>
<action no="5" player="oreiasccp" type="3" sum="20"/>
<action no="6" player="Bobomisky" type="4" discard="1" dealt="1" sum="0"/>
</round>
<round no="2"><cards type="Flop">C4 C8 SQ</cards>
<action no="7" player="Bobomisky" type="5" discard="1" dealt="1" sum="200"/>
<action no="8" player="oreiasccp" type="3" sum="200"/>
</round>
<round no="3"><cards type="Turn">H4</cards>
<action no="9" player="Bobomisky" type="5" discard="1" dealt="1" sum="120"/>
<action no="10" player="oreiasccp" type="3" sum="120"/>
</round>
<round no="4"><cards type="River">CA</cards>
<action no="11" player="Bobomisky" type="4" discard="1" dealt="1" sum="0"/>
<action no="12" player="oreiasccp" type="4" sum="0"/>
</round>
</game>
<game gamecode="11514908548"><general><startdate>2025-06-16 10:41:56</startdate>
<round>1</round>
<failsafecounter/>
<players><player seat="10" name="oreiasccp" chips="570" dealer="0" win="340" bet="170" muck="0" rebuy="0" addon="0" merge="0" rebuychips="0" reg_code="8384860279"/>
<player seat="6" name="Bobomisky" chips="930" dealer="1" win="0" bet="170" muck="1" rebuy="0" addon="0" merge="0" rebuychips="0" reg_code="8384860271"/>
</players>
</general>
<round no="0"><action no="1" player="Bobomisky" type="15" discard="1" dealt="1" sum="5"/>
<action no="2" player="oreiasccp" type="15" sum="5"/>
<action no="3" player="Bobomisky" type="1" discard="1" dealt="1" sum="20"/>
<action no="4" player="oreiasccp" type="2" sum="40"/>
</round>
<round no="1"><cards type="Pocket" player="oreiasccp">D7 H8</cards>
<cards type="Pocket" player="Bobomisky">S4 C4</cards>
<action no="5" player="Bobomisky" type="23" discard="1" dealt="1" sum="80"/>
<action no="6" player="oreiasccp" type="3" sum="40"/>
</round>
<round no="2"><cards type="Flop">DJ DQ D3</cards>
<action no="7" player="oreiasccp" type="4" sum="0"/>
<action no="8" player="Bobomisky" type="5" discard="1" dealt="1" sum="85"/>
<action no="9" player="oreiasccp" type="3" sum="85"/>
</round>
<round no="3"><cards type="Turn">SK</cards>
<action no="10" player="oreiasccp" type="4" sum="0"/>
<action no="11" player="Bobomisky" type="4" discard="1" dealt="1" sum="0"/>
</round>
<round no="4"><cards type="River">C8</cards>
<action no="12" player="oreiasccp" type="4" sum="0"/>
<action no="13" player="Bobomisky" type="4" discard="1" dealt="1" sum="0"/>
</round>
</game>
<game gamecode="11514908624"><general><startdate>2025-06-16 10:42:21</startdate>
<round>1</round>
<failsafecounter/>
<players><player seat="6" name="Bobomisky" chips="760" dealer="0" win="1,480" bet="740" muck="0" rebuy="0" addon="0" merge="0" rebuychips="0" reg_code="8384860271"/>
<player seat="10" name="oreiasccp" chips="740" dealer="1" win="0" bet="740" muck="0" rebuy="0" addon="0" merge="0" rebuychips="0" reg_code="8384860279"/>
</players>
</general>
<round no="0"><action no="1" player="oreiasccp" type="15" sum="5"/>
<action no="2" player="Bobomisky" type="15" discard="1" dealt="1" sum="5"/>
<action no="3" player="oreiasccp" type="1" sum="20"/>
<action no="4" player="Bobomisky" type="2" discard="1" dealt="1" sum="40"/>
</round>
<round no="1"><cards type="Pocket" player="oreiasccp">CK CJ</cards>
<cards type="Pocket" player="Bobomisky">DJ DA</cards>
<action no="5" player="oreiasccp" type="3" sum="20"/>
<action no="6" player="Bobomisky" type="23" discard="1" dealt="1" sum="715"/>
<action no="7" player="oreiasccp" type="7" sum="695"/>
<action no="8" player="Bobomisky" type="3" discard="1" dealt="1" sum="20"/>
</round>
<round no="2"><cards type="Flop">HJ S4 D5</cards>
</round>
<round no="3"><cards type="Turn">C7</cards>
</round>
<round no="4"><cards type="River">C8</cards>
</round>
</game>
</session>
