<?xml version="1.0" encoding="UTF-8"?>
<session sessioncode="8384900598">
<general>
<client_version>24.7.1.16</client_version>
<mode>real</mode>
<gametype>Holdem NL</gametype>
<tablename>Twister €5 SNG, 1127573520</tablename>
<tournamentcode>1127573519</tournamentcode>
<tournamentname>Twister €5 SNG</tournamentname>
<buyin>€0 + €0.35 + €4.65</buyin>
<totalbuyin>€5</totalbuyin>
<rewarddrawn>€25</rewarddrawn>
<tournamentcurrency>EUR</tournamentcurrency>
<currency>EUR</currency>
<nickname>oreiasccp</nickname>
<gamecount>33</gamecount>
<startdate>2025-06-16 12:31:23</startdate>
<place>1</place>
<win>€25</win>
<tablesize>3</tablesize>
</general>
<game gamecode="11515005062"><general><startdate>2025-06-16 12:31:38</startdate>
<round>1</round>
<failsafecounter/>
<players><player seat="3" name="acefluffy139" chips="500" dealer="0" win="270" bet="500" muck="1" rebuy="0" addon="0" merge="0" rebuychips="0" reg_code="8384900597"/>
<player seat="6" name="oreiasccp" chips="500" dealer="1" win="0" bet="130" muck="1" rebuy="0" addon="0" merge="0" rebuychips="0" reg_code="8384900598"/>
<player seat="10" name="Xlabuda" chips="500" dealer="0" win="0" bet="10" muck="1" rebuy="0" addon="0" merge="0" rebuychips="0" reg_code="8384900607"/>
</players>
</general>
<round no="0"><action no="1" player="Xlabuda" type="1" discard="1" dealt="1" sum="10"/>
<action no="2" player="acefluffy139" type="2" discard="1" dealt="1" sum="20"/>
</round>
<round no="1"><cards type="Pocket" player="oreiasccp">HQ HJ</cards>
<cards type="Pocket" player="Xlabuda">X X</cards>
<cards type="Pocket" player="acefluffy139">X X</cards>
<action no="3" player="oreiasccp" type="23" sum="40"/>
<action no="4" player="Xlabuda" type="0" discard="1" dealt="1" sum="0"/>
<action no="5" player="acefluffy139" type="3" discard="1" dealt="1" sum="20"/>
</round>
<round no="2"><cards type="Flop">CQ D3 CK</cards>
<action no="6" player="acefluffy139" type="5" discard="1" dealt="1" sum="90"/>
<action no="7" player="oreiasccp" type="3" sum="90"/>
</round>
<round no="3"><cards type="Turn">C9</cards>
<action no="8" player="acefluffy139" type="5" discard="1" dealt="1" sum="370"/>
<action no="9" player="oreiasccp" type="0" sum="0"/>
</round>
</game>
<game gamecode="11515005167"><general><startdate>2025-06-16 12:32:04</startdate>
<round>1</round>
<failsafecounter/>
<players><player seat="6" name="oreiasccp" chips="370" dealer="0" win="0" bet="40" muck="1" rebuy="0" addon="0" merge="0" rebuychips="0" reg_code="8384900598"/>
<player seat="10" name="Xlabuda" chips="490" dealer="1" win="510" bet="490" muck="0" rebuy="0" addon="0" merge="0" rebuychips="0" reg_code="8384900607"/>
<player seat="3" name="acefluffy139" chips="640" dealer="0" win="510" bet="490" muck="0" rebuy="0" addon="0" merge="0" rebuychips="0" reg_code="8384900597"/>
</players>
</general>
<round no="0"><action no="1" player="acefluffy139" type="1" discard="1" dealt="1" sum="10"/>
<action no="2" player="oreiasccp" type="2" sum="20"/>
</round>
<round no="1"><cards type="Pocket" player="acefluffy139">HK H8</cards>
<cards type="Pocket" player="Xlabuda">S7 DA</cards>
<cards type="Pocket" player="oreiasccp">H2 H7</cards>
<action no="3" player="Xlabuda" type="23" discard="1" dealt="1" sum="40"/>
<action no="4" player="acefluffy139" type="3" discard="1" dealt="1" sum="30"/>
<action no="5" player="oreiasccp" type="3" sum="20"/>
</round>
<round no="2"><cards type="Flop">D10 S10 DQ</cards>
<action no="6" player="acefluffy139" type="4" discard="1" dealt="1" sum="0"/>
<action no="7" player="oreiasccp" type="4" sum="0"/>
<action no="8" player="Xlabuda" type="4" discard="1" dealt="1" sum="0"/>
</round>
<round no="3"><cards type="Turn">HQ</cards>
<action no="9" player="acefluffy139" type="4" discard="1" dealt="1" sum="0"/>
<action no="10" player="oreiasccp" type="4" sum="0"/>
<action no="11" player="Xlabuda" type="5" discard="1" dealt="1" sum="30"/>
<action no="12" player="acefluffy139" type="3" discard="1" dealt="1" sum="30"/>
<action no="13" player="oreiasccp" type="0" sum="0"/>
</round>
<round no="4"><cards type="River">CQ</cards>
<action no="14" player="acefluffy139" type="4" discard="1" dealt="1" sum="0"/>
<action no="15" player="Xlabuda" type="5" discard="1" dealt="1" sum="420"/>
<action no="16" player="acefluffy139" type="3" discard="1" dealt="1" sum="420"/>
</round>
</game>
<game gamecode="11515005364"><general><startdate>2025-06-16 12:32:54</startdate>
<round>1</round>
<failsafecounter/>
<players><player seat="10" name="Xlabuda" chips="510" dealer="0" win="0" bet="20" muck="1" rebuy="0" addon="0" merge="0" rebuychips="0" reg_code="8384900607"/>
<player seat="3" name="acefluffy139" chips="660" dealer="1" win="0" bet="0" muck="1" rebuy="0" addon="0" merge="0" rebuychips="0" reg_code="8384900597"/>
<player seat="6" name="oreiasccp" chips="330" dealer="0" win="40" bet="40" muck="1" rebuy="0" addon="0" merge="0" rebuychips="0" reg_code="8384900598"/>
</players>
</general>
<round no="0"><action no="1" player="oreiasccp" type="1" sum="10"/>
<action no="2" player="Xlabuda" type="2" discard="1" dealt="1" sum="20"/>
</round>
<round no="1"><cards type="Pocket" player="oreiasccp">CK H4</cards>
<cards type="Pocket" player="Xlabuda">X X</cards>
<cards type="Pocket" player="acefluffy139">X X</cards>
<action no="3" player="acefluffy139" type="0" discard="1" dealt="1" sum="0"/>
<action no="4" player="oreiasccp" type="23" sum="40"/>
<action no="5" player="Xlabuda" type="0" discard="1" dealt="1" sum="0"/>
</round>
</game>
<game gamecode="11515005405"><general><startdate>2025-06-16 12:33:03</startdate>
<round>1</round>
<failsafecounter/>
<players><player seat="3" name="acefluffy139" chips="660" dealer="0" win="450" bet="225" muck="0" rebuy="0" addon="0" merge="0" rebuychips="0" reg_code="8384900597"/>
<player seat="6" name="oreiasccp" chips="350" dealer="1" win="0" bet="0" muck="1" rebuy="0" addon="0" merge="0" rebuychips="0" reg_code="8384900598"/>
<player seat="10" name="Xlabuda" chips="490" dealer="0" win="0" bet="225" muck="1" rebuy="0" addon="0" merge="0" rebuychips="0" reg_code="8384900607"/>
</players>
</general>
<round no="0"><action no="1" player="Xlabuda" type="1" discard="1" dealt="1" sum="10"/>
<action no="2" player="acefluffy139" type="2" discard="1" dealt="1" sum="20"/>
</round>
<round no="1"><cards type="Pocket" player="acefluffy139">S3 C3</cards>
<cards type="Pocket" player="Xlabuda">CA H6</cards>
<cards type="Pocket" player="oreiasccp">H4 SK</cards>
<action no="3" player="oreiasccp" type="0" sum="0"/>
<action no="4" player="Xlabuda" type="23" discard="1" dealt="1" sum="50"/>
<action no="5" player="acefluffy139" type="3" discard="1" dealt="1" sum="30"/>
</round>
<round no="2"><cards type="Flop">HQ DQ D5</cards>
<action no="6" player="Xlabuda" type="5" discard="1" dealt="1" sum="25"/>
<action no="7" player="acefluffy139" type="3" discard="1" dealt="1" sum="25"/>
</round>
<round no="3"><cards type="Turn">HK</cards>
<action no="8" player="Xlabuda" type="4" discard="1" dealt="1" sum="0"/>
<action no="9" player="acefluffy139" type="4" discard="1" dealt="1" sum="0"/>
</round>
<round no="4"><cards type="River">H3</cards>
<action no="10" player="Xlabuda" type="4" discard="1" dealt="1" sum="0"/>
<action no="11" player="acefluffy139" type="5" discard="1" dealt="1" sum="150"/>
<action no="12" player="Xlabuda" type="3" discard="1" dealt="1" sum="150"/>
</round>
</game>
<game gamecode="11515005566"><general><startdate>2025-06-16 12:33:41</startdate>
<round>1</round>
<failsafecounter/>
<players><player seat="6" name="oreiasccp" chips="350" dealer="0" win="0" bet="35" muck="1" rebuy="0" addon="0" merge="0" rebuychips="0" reg_code="8384900598"/>
<player seat="10" name="Xlabuda" chips="265" dealer="1" win="0" bet="265" muck="0" rebuy="0" addon="0" merge="0" rebuychips="0" reg_code="8384900607"/>
<player seat="3" name="acefluffy139" chips="885" dealer="0" win="565" bet="885" muck="0" rebuy="0" addon="0" merge="0" rebuychips="0" reg_code="8384900597"/>
</players>
</general>
<round no="0"><action no="1" player="acefluffy139" type="15" discard="1" dealt="1" sum="5"/>
<action no="2" player="oreiasccp" type="15" sum="5"/>
<action no="3" player="Xlabuda" type="15" discard="1" dealt="1" sum="5"/>
<action no="4" player="acefluffy139" type="1" discard="1" dealt="1" sum="15"/>
<action no="5" player="oreiasccp" type="2" sum="30"/>
</round>
<round no="1"><cards type="Pocket" player="Xlabuda">DA HK</cards>
<cards type="Pocket" player="oreiasccp">S8 H5</cards>
<cards type="Pocket" player="acefluffy139">HQ CQ</cards>
<action no="6" player="Xlabuda" type="23" discard="1" dealt="1" sum="260"/>
<action no="7" player="acefluffy139" type="23" discard="1" dealt="1" sum="880"/>
<action no="8" player="oreiasccp" type="0" sum="0"/>
</round>
<round no="2"><cards type="Flop">S7 H6 D3</cards>
</round>
<round no="3"><cards type="Turn">C6</cards>
</round>
<round no="4"><cards type="River">S2</cards>
</round>
</game>
<game gamecode="11515011520"><general><startdate>2025-06-16 12:34:00</startdate>
<round>1</round>
<failsafecounter/>
<players><player seat="6" name="oreiasccp" chips="315" dealer="0" win="70" bet="315" muck="1" rebuy="0" addon="0" merge="0" rebuychips="0" reg_code="8384900598"/>
<player seat="3" name="acefluffy139" chips="1,185" dealer="1" win="0" bet="35" muck="1" rebuy="0" addon="0" merge="0" rebuychips="0" reg_code="8384900597"/>
</players>
</general>
<round no="0"><action no="1" player="acefluffy139" type="15" discard="1" dealt="1" sum="5"/>
<action no="2" player="oreiasccp" type="15" sum="5"/>
<action no="3" player="acefluffy139" type="1" discard="1" dealt="1" sum="15"/>
<action no="4" player="oreiasccp" type="2" sum="30"/>
</round>
<round no="1"><cards type="Pocket" player="oreiasccp">SK C3</cards>
<cards type="Pocket" player="acefluffy139">X X</cards>
<action no="5" player="acefluffy139" type="3" discard="1" dealt="1" sum="15"/>
<action no="6" player="oreiasccp" type="23" sum="310"/>
<action no="7" player="acefluffy139" type="0" discard="1" dealt="1" sum="0"/>
</round>
</game>
<game gamecode="11515011556"><general><startdate>2025-06-16 12:34:09</startdate>
<round>1</round>
<failsafecounter/>
<players><player seat="3" name="acefluffy139" chips="1,150" dealer="0" win="70" bet="1,150" muck="1" rebuy="0" addon="0" merge="0" rebuychips="0" reg_code="8384900597"/>
<player seat="6" name="oreiasccp" chips="350" dealer="1" win="0" bet="35" muck="1" rebuy="0" addon="0" merge="0" rebuychips="0" reg_code="8384900598"/>
</players>
</general>
<round no="0"><action no="1" player="oreiasccp" type="15" sum="5"/>
<action no="2" player="acefluffy139" type="15" discard="1" dealt="1" sum="5"/>
<action no="3" player="oreiasccp" type="1" sum="15"/>
<action no="4" player="acefluffy139" type="2" discard="1" dealt="1" sum="30"/>
</round>
<round no="1"><cards type="Pocket" player="oreiasccp">S8 CJ</cards>
<cards type="Pocket" player="acefluffy139">X X</cards>
<action no="5" player="oreiasccp" type="3" sum="15"/>
<action no="6" player="acefluffy139" type="23" discard="1" dealt="1" sum="1,145"/>
<action no="7" player="oreiasccp" type="0" sum="0"/>
</round>
</game>
<game gamecode="11515011603"><general><startdate>2025-06-16 12:34:20</startdate>
<round>1</round>
<failsafecounter/>
<players><player seat="6" name="oreiasccp" chips="315" dealer="0" win="0" bet="80" muck="1" rebuy="0" addon="0" merge="0" rebuychips="0" reg_code="8384900598"/>
<player seat="3" name="acefluffy139" chips="1,185" dealer="1" win="160" bet="1,185" muck="1" rebuy="0" addon="0" merge="0" rebuychips="0" reg_code="8384900597"/>
</players>
</general>
<round no="0"><action no="1" player="acefluffy139" type="15" discard="1" dealt="1" sum="5"/>
<action no="2" player="oreiasccp" type="15" sum="5"/>
<action no="3" player="acefluffy139" type="1" discard="1" dealt="1" sum="15"/>
<action no="4" player="oreiasccp" type="2" sum="30"/>
</round>
<round no="1"><cards type="Pocket" player="acefluffy139">X X</cards>
<cards type="Pocket" player="oreiasccp">HQ S9</cards>
<action no="5" player="acefluffy139" type="3" discard="1" dealt="1" sum="15"/>
<action no="6" player="oreiasccp" type="23" sum="75"/>
<action no="7" player="acefluffy139" type="23" discard="1" dealt="1" sum="1,180"/>
<action no="8" player="oreiasccp" type="0" sum="0"/>
</round>
</game>
<game gamecode="11515011654"><general><startdate>2025-06-16 12:34:34</startdate>
<round>1</round>
<failsafecounter/>
<players><player seat="3" name="acefluffy139" chips="1,265" dealer="0" win="40" bet="35" muck="1" rebuy="0" addon="0" merge="0" rebuychips="0" reg_code="8384900597"/>
<player seat="6" name="oreiasccp" chips="235" dealer="1" win="0" bet="20" muck="1" rebuy="0" addon="0" merge="0" rebuychips="0" reg_code="8384900598"/>
</players>
</general>
<round no="0"><action no="1" player="oreiasccp" type="15" sum="5"/>
<action no="2" player="acefluffy139" type="15" discard="1" dealt="1" sum="5"/>
<action no="3" player="oreiasccp" type="1" sum="15"/>
<action no="4" player="acefluffy139" type="2" discard="1" dealt="1" sum="30"/>
</round>
<round no="1"><cards type="Pocket" player="acefluffy139">X X</cards>
<cards type="Pocket" player="oreiasccp">H6 C3</cards>
<action no="5" player="oreiasccp" type="0" sum="0"/>
</round>
</game>
<game gamecode="11515011668"><general><startdate>2025-06-16 12:34:39</startdate>
<round>1</round>
<failsafecounter/>
<players><player seat="6" name="oreiasccp" chips="215" dealer="0" win="215" bet="215" muck="0" rebuy="0" addon="0" merge="0" rebuychips="0" reg_code="8384900598"/>
<player seat="3" name="acefluffy139" chips="1,285" dealer="1" win="215" bet="215" muck="0" rebuy="0" addon="0" merge="0" rebuychips="0" reg_code="8384900597"/>
</players>
</general>
<round no="0"><action no="1" player="acefluffy139" type="15" discard="1" dealt="1" sum="5"/>
<action no="2" player="oreiasccp" type="15" sum="5"/>
<action no="3" player="acefluffy139" type="1" discard="1" dealt="1" sum="15"/>
<action no="4" player="oreiasccp" type="2" sum="30"/>
</round>
<round no="1"><cards type="Pocket" player="acefluffy139">H3 SA</cards>
<cards type="Pocket" player="oreiasccp">DA H4</cards>
<action no="5" player="acefluffy139" type="3" discard="1" dealt="1" sum="15"/>
<action no="6" player="oreiasccp" type="23" sum="210"/>
<action no="7" player="acefluffy139" type="3" discard="1" dealt="1" sum="180"/>
</round>
<round no="2"><cards type="Flop">DK S10 D2</cards>
</round>
<round no="3"><cards type="Turn">S7</cards>
</round>
<round no="4"><cards type="River">S9</cards>
</round>
</game>
<game gamecode="11515011752"><general><startdate>2025-06-16 12:34:59</startdate>
<round>1</round>
<failsafecounter/>
<players><player seat="3" name="acefluffy139" chips="1,285" dealer="0" win="0" bet="215" muck="1" rebuy="0" addon="0" merge="0" rebuychips="0" reg_code="8384900597"/>
<player seat="6" name="oreiasccp" chips="215" dealer="1" win="430" bet="215" muck="0" rebuy="0" addon="0" merge="0" rebuychips="0" reg_code="8384900598"/>
</players>
</general>
<round no="0"><action no="1" player="oreiasccp" type="15" sum="5"/>
<action no="2" player="acefluffy139" type="15" discard="1" dealt="1" sum="5"/>
<action no="3" player="oreiasccp" type="1" sum="15"/>
<action no="4" player="acefluffy139" type="2" discard="1" dealt="1" sum="30"/>
</round>
<round no="1"><cards type="Pocket" player="acefluffy139">DA CJ</cards>
<cards type="Pocket" player="oreiasccp">H5 S5</cards>
<action no="5" player="oreiasccp" type="23" sum="210"/>
<action no="6" player="acefluffy139" type="3" discard="1" dealt="1" sum="180"/>
</round>
<round no="2"><cards type="Flop">C8 S4 SQ</cards>
</round>
<round no="3"><cards type="Turn">C5</cards>
</round>
<round no="4"><cards type="River">C10</cards>
</round>
</game>
<game gamecode="11515011814"><general><startdate>2025-06-16 12:35:14</startdate>
<round>1</round>
<failsafecounter/>
<players><player seat="6" name="oreiasccp" chips="430" dealer="0" win="0" bet="35" muck="1" rebuy="0" addon="0" merge="0" rebuychips="0" reg_code="8384900598"/>
<player seat="3" name="acefluffy139" chips="1,070" dealer="1" win="70" bet="105" muck="1" rebuy="0" addon="0" merge="0" rebuychips="0" reg_code="8384900597"/>
</players>
</general>
<round no="0"><action no="1" player="acefluffy139" type="15" discard="1" dealt="1" sum="5"/>
<action no="2" player="oreiasccp" type="15" sum="5"/>
<action no="3" player="acefluffy139" type="1" discard="1" dealt="1" sum="15"/>
<action no="4" player="oreiasccp" type="2" sum="30"/>
</round>
<round no="1"><cards type="Pocket" player="acefluffy139">X X</cards>
<cards type="Pocket" player="oreiasccp">D4 C2</cards>
<action no="5" player="acefluffy139" type="3" discard="1" dealt="1" sum="15"/>
<action no="6" player="oreiasccp" type="4" sum="0"/>
</round>
<round no="2"><cards type="Flop">CA H9 DK</cards>
<action no="7" player="oreiasccp" type="4" sum="0"/>
<action no="8" player="acefluffy139" type="5" discard="1" dealt="1" sum="70"/>
<action no="9" player="oreiasccp" type="0" sum="0"/>
</round>
</game>
<game gamecode="11515011858"><general><startdate>2025-06-16 12:35:26</startdate>
<round>1</round>
<failsafecounter/>
<players><player seat="3" name="acefluffy139" chips="1,105" dealer="0" win="0" bet="35" muck="1" rebuy="0" addon="0" merge="0" rebuychips="0" reg_code="8384900597"/>
<player seat="6" name="oreiasccp" chips="395" dealer="1" win="70" bet="65" muck="1" rebuy="0" addon="0" merge="0" rebuychips="0" reg_code="8384900598"/>
</players>
</general>
<round no="0"><action no="1" player="oreiasccp" type="15" sum="5"/>
<action no="2" player="acefluffy139" type="15" discard="1" dealt="1" sum="5"/>
<action no="3" player="oreiasccp" type="1" sum="15"/>
<action no="4" player="acefluffy139" type="2" discard="1" dealt="1" sum="30"/>
</round>
<round no="1"><cards type="Pocket" player="acefluffy139">X X</cards>
<cards type="Pocket" player="oreiasccp">D4 D9</cards>
<action no="5" player="oreiasccp" type="3" sum="15"/>
<action no="6" player="acefluffy139" type="4" discard="1" dealt="1" sum="0"/>
</round>
<round no="2"><cards type="Flop">C6 DA H3</cards>
<action no="7" player="acefluffy139" type="4" discard="1" dealt="1" sum="0"/>
<action no="8" player="oreiasccp" type="5" sum="30"/>
<action no="9" player="acefluffy139" type="0" discard="1" dealt="1" sum="0"/>
</round>
</game>
<game gamecode="11515011912"><general><startdate>2025-06-16 12:35:40</startdate>
<round>1</round>
<failsafecounter/>
<players><player seat="6" name="oreiasccp" chips="430" dealer="0" win="270" bet="135" muck="0" rebuy="0" addon="0" merge="0" rebuychips="0" reg_code="8384900598"/>
<player seat="3" name="acefluffy139" chips="1,070" dealer="1" win="0" bet="135" muck="1" rebuy="0" addon="0" merge="0" rebuychips="0" reg_code="8384900597"/>
</players>
</general>
<round no="0"><action no="1" player="acefluffy139" type="15" discard="1" dealt="1" sum="5"/>
<action no="2" player="oreiasccp" type="15" sum="5"/>
<action no="3" player="acefluffy139" type="1" discard="1" dealt="1" sum="20"/>
<action no="4" player="oreiasccp" type="2" sum="40"/>
</round>
<round no="1"><cards type="Pocket" player="oreiasccp">H7 D5</cards>
<cards type="Pocket" player="acefluffy139">C2 H2</cards>
<action no="5" player="acefluffy139" type="3" discard="1" dealt="1" sum="20"/>
<action no="6" player="oreiasccp" type="4" sum="0"/>
</round>
<round no="2"><cards type="Flop">H3 C9 C5</cards>
<action no="7" player="oreiasccp" type="4" sum="0"/>
<action no="8" player="acefluffy139" type="5" discard="1" dealt="1" sum="90"/>
<action no="9" player="oreiasccp" type="3" sum="90"/>
</round>
<round no="3"><cards type="Turn">DQ</cards>
<action no="10" player="oreiasccp" type="4" sum="0"/>
<action no="11" player="acefluffy139" type="4" discard="1" dealt="1" sum="0"/>
</round>
<round no="4"><cards type="River">C3</cards>
<action no="12" player="oreiasccp" type="4" sum="0"/>
<action no="13" player="acefluffy139" type="4" discard="1" dealt="1" sum="0"/>
</round>
</game>
<game gamecode="11515012034"><general><startdate>2025-06-16 12:36:11</startdate>
<round>1</round>
<failsafecounter/>
<players><player seat="3" name="acefluffy139" chips="935" dealer="0" win="250" bet="375" muck="1" rebuy="0" addon="0" merge="0" rebuychips="0" reg_code="8384900597"/>
<player seat="6" name="oreiasccp" chips="565" dealer="1" win="0" bet="125" muck="1" rebuy="0" addon="0" merge="0" rebuychips="0" reg_code="8384900598"/>
</players>
</general>
<round no="0"><action no="1" player="oreiasccp" type="15" sum="5"/>
<action no="2" player="acefluffy139" type="15" discard="1" dealt="1" sum="5"/>
<action no="3" player="oreiasccp" type="1" sum="20"/>
<action no="4" player="acefluffy139" type="2" discard="1" dealt="1" sum="40"/>
</round>
<round no="1"><cards type="Pocket" player="acefluffy139">X X</cards>
<cards type="Pocket" player="oreiasccp">HJ HQ</cards>
<action no="5" player="oreiasccp" type="3" sum="20"/>
<action no="6" player="acefluffy139" type="23" discard="1" dealt="1" sum="120"/>
<action no="7" player="oreiasccp" type="3" sum="80"/>
</round>
<round no="2"><cards type="Flop">D9 D4 C4</cards>
<action no="8" player="acefluffy139" type="5" discard="1" dealt="1" sum="250"/>
<action no="9" player="oreiasccp" type="0" sum="0"/>
</round>
</game>
<game gamecode="11515012109"><general><startdate>2025-06-16 12:36:31</startdate>
<round>1</round>
<failsafecounter/>
<players><player seat="6" name="oreiasccp" chips="440" dealer="0" win="90" bet="440" muck="1" rebuy="0" addon="0" merge="0" rebuychips="0" reg_code="8384900598"/>
<player seat="3" name="acefluffy139" chips="1,060" dealer="1" win="0" bet="45" muck="1" rebuy="0" addon="0" merge="0" rebuychips="0" reg_code="8384900597"/>
</players>
</general>
<round no="0"><action no="1" player="acefluffy139" type="15" discard="1" dealt="1" sum="5"/>
<action no="2" player="oreiasccp" type="15" sum="5"/>
<action no="3" player="acefluffy139" type="1" discard="1" dealt="1" sum="20"/>
<action no="4" player="oreiasccp" type="2" sum="40"/>
</round>
<round no="1"><cards type="Pocket" player="acefluffy139">X X</cards>
<cards type="Pocket" player="oreiasccp">S5 DK</cards>
<action no="5" player="acefluffy139" type="3" discard="1" dealt="1" sum="20"/>
<action no="6" player="oreiasccp" type="23" sum="435"/>
<action no="7" player="acefluffy139" type="0" discard="1" dealt="1" sum="0"/>
</round>
</game>
<game gamecode="11515012159"><general><startdate>2025-06-16 12:36:42</startdate>
<round>1</round>
<failsafecounter/>
<players><player seat="3" name="acefluffy139" chips="1,015" dealer="0" win="90" bet="1,015" muck="1" rebuy="0" addon="0" merge="0" rebuychips="0" reg_code="8384900597"/>
<player seat="6" name="oreiasccp" chips="485" dealer="1" win="0" bet="45" muck="1" rebuy="0" addon="0" merge="0" rebuychips="0" reg_code="8384900598"/>
</players>
</general>
<round no="0"><action no="1" player="oreiasccp" type="15" sum="5"/>
<action no="2" player="acefluffy139" type="15" discard="1" dealt="1" sum="5"/>
<action no="3" player="oreiasccp" type="1" sum="20"/>
<action no="4" player="acefluffy139" type="2" discard="1" dealt="1" sum="40"/>
</round>
<round no="1"><cards type="Pocket" player="acefluffy139">X X</cards>
<cards type="Pocket" player="oreiasccp">C6 H5</cards>
<action no="5" player="oreiasccp" type="3" sum="20"/>
<action no="6" player="acefluffy139" type="23" discard="1" dealt="1" sum="1,010"/>
<action no="7" player="oreiasccp" type="0" sum="0"/>
</round>
</game>
<game gamecode="11515012204"><general><startdate>2025-06-16 12:36:54</startdate>
<round>1</round>
<failsafecounter/>
<players><player seat="6" name="oreiasccp" chips="440" dealer="0" win="880" bet="440" muck="0" rebuy="0" addon="0" merge="0" rebuychips="0" reg_code="8384900598"/>
<player seat="3" name="acefluffy139" chips="1,060" dealer="1" win="0" bet="1,060" muck="0" rebuy="0" addon="0" merge="0" rebuychips="0" reg_code="8384900597"/>
</players>
</general>
<round no="0"><action no="1" player="acefluffy139" type="15" discard="1" dealt="1" sum="5"/>
<action no="2" player="oreiasccp" type="15" sum="5"/>
<action no="3" player="acefluffy139" type="1" discard="1" dealt="1" sum="20"/>
<action no="4" player="oreiasccp" type="2" sum="40"/>
</round>
<round no="1"><cards type="Pocket" player="acefluffy139">D7 C7</cards>
<cards type="Pocket" player="oreiasccp">DA DK</cards>
<action no="5" player="acefluffy139" type="23" discard="1" dealt="1" sum="1,055"/>
<action no="6" player="oreiasccp" type="7" sum="395"/>
</round>
<round no="2"><cards type="Flop">S9 S8 HA</cards>
</round>
<round no="3"><cards type="Turn">H6</cards>
</round>
<round no="4"><cards type="River">SQ</cards>
</round>
</game>
<game gamecode="11515012275"><general><startdate>2025-06-16 12:37:13</startdate>
<round>1</round>
<failsafecounter/>
<players><player seat="3" name="acefluffy139" chips="620" dealer="0" win="170" bet="255" muck="1" rebuy="0" addon="0" merge="0" rebuychips="0" reg_code="8384900597"/>
<player seat="6" name="oreiasccp" chips="880" dealer="1" win="0" bet="85" muck="1" rebuy="0" addon="0" merge="0" rebuychips="0" reg_code="8384900598"/>
</players>
</general>
<round no="0"><action no="1" player="oreiasccp" type="15" sum="5"/>
<action no="2" player="acefluffy139" type="15" discard="1" dealt="1" sum="5"/>
<action no="3" player="oreiasccp" type="1" sum="20"/>
<action no="4" player="acefluffy139" type="2" discard="1" dealt="1" sum="40"/>
</round>
<round no="1"><cards type="Pocket" player="oreiasccp">S9 D6</cards>
<cards type="Pocket" player="acefluffy139">X X</cards>
<action no="5" player="oreiasccp" type="3" sum="20"/>
<action no="6" player="acefluffy139" type="4" discard="1" dealt="1" sum="0"/>
</round>
<round no="2"><cards type="Flop">D4 HQ SK</cards>
<action no="7" player="acefluffy139" type="4" discard="1" dealt="1" sum="0"/>
<action no="8" player="oreiasccp" type="5" sum="40"/>
<action no="9" player="acefluffy139" type="3" discard="1" dealt="1" sum="40"/>
</round>
<round no="3"><cards type="Turn">SA</cards>
<action no="10" player="acefluffy139" type="4" discard="1" dealt="1" sum="0"/>
<action no="11" player="oreiasccp" type="4" sum="0"/>
</round>
<round no="4"><cards type="River">C4</cards>
<action no="12" player="acefluffy139" type="5" discard="1" dealt="1" sum="170"/>
<action no="13" player="oreiasccp" type="0" sum="0"/>
</round>
</game>
<game gamecode="11515012351"><general><startdate>2025-06-16 12:37:35</startdate>
<round>1</round>
<failsafecounter/>
<players><player seat="6" name="oreiasccp" chips="795" dealer="0" win="50" bet="45" muck="1" rebuy="0" addon="0" merge="0" rebuychips="0" reg_code="8384900598"/>
<player seat="3" name="acefluffy139" chips="705" dealer="1" win="0" bet="25" muck="1" rebuy="0" addon="0" merge="0" rebuychips="0" reg_code="8384900597"/>
</players>
</general>
<round no="0"><action no="1" player="acefluffy139" type="15" discard="1" dealt="1" sum="5"/>
<action no="2" player="oreiasccp" type="15" sum="5"/>
<action no="3" player="acefluffy139" type="1" discard="1" dealt="1" sum="20"/>
<action no="4" player="oreiasccp" type="2" sum="40"/>
</round>
<round no="1"><cards type="Pocket" player="acefluffy139">X X</cards>
<cards type="Pocket" player="oreiasccp">D9 D2</cards>
<action no="5" player="acefluffy139" type="0" discard="1" dealt="1" sum="0"/>
</round>
</game>
<game gamecode="11515012388"><general><startdate>2025-06-16 12:37:43</startdate>
<round>1</round>
<failsafecounter/>
<players><player seat="3" name="acefluffy139" chips="680" dealer="0" win="0" bet="65" muck="1" rebuy="0" addon="0" merge="0" rebuychips="0" reg_code="8384900597"/>
<player seat="6" name="oreiasccp" chips="820" dealer="1" win="130" bet="680" muck="1" rebuy="0" addon="0" merge="0" rebuychips="0" reg_code="8384900598"/>
</players>
</general>
<round no="0"><action no="1" player="oreiasccp" type="15" sum="5"/>
<action no="2" player="acefluffy139" type="15" discard="1" dealt="1" sum="5"/>
<action no="3" player="oreiasccp" type="1" sum="30"/>
<action no="4" player="acefluffy139" type="2" discard="1" dealt="1" sum="60"/>
</round>
<round no="1"><cards type="Pocket" player="acefluffy139">X X</cards>
<cards type="Pocket" player="oreiasccp">SK H8</cards>
<action no="5" player="oreiasccp" type="23" sum="675"/>
<action no="6" player="acefluffy139" type="0" discard="1" dealt="1" sum="0"/>
</round>
</game>
<game gamecode="11515012425"><general><startdate>2025-06-16 12:37:51</startdate>
<round>1</round>
<failsafecounter/>
<players><player seat="6" name="oreiasccp" chips="885" dealer="0" win="130" bet="155" muck="1" rebuy="0" addon="0" merge="0" rebuychips="0" reg_code="8384900598"/>
<player seat="3" name="acefluffy139" chips="615" dealer="1" win="0" bet="65" muck="1" rebuy="0" addon="0" merge="0" rebuychips="0" reg_code="8384900597"/>
</players>
</general>
<round no="0"><action no="1" player="acefluffy139" type="15" discard="1" dealt="1" sum="5"/>
<action no="2" player="oreiasccp" type="15" sum="5"/>
<action no="3" player="acefluffy139" type="1" discard="1" dealt="1" sum="30"/>
<action no="4" player="oreiasccp" type="2" sum="60"/>
</round>
<round no="1"><cards type="Pocket" player="oreiasccp">DQ HQ</cards>
<cards type="Pocket" player="acefluffy139">X X</cards>
<action no="5" player="acefluffy139" type="3" discard="1" dealt="1" sum="30"/>
<action no="6" player="oreiasccp" type="23" sum="150"/>
<action no="7" player="acefluffy139" type="0" discard="1" dealt="1" sum="0"/>
</round>
</game>
<game gamecode="11515012472"><general><startdate>2025-06-16 12:38:03</startdate>
<round>1</round>
<failsafecounter/>
<players><player seat="3" name="acefluffy139" chips="550" dealer="0" win="130" bet="550" muck="1" rebuy="0" addon="0" merge="0" rebuychips="0" reg_code="8384900597"/>
<player seat="6" name="oreiasccp" chips="950" dealer="1" win="0" bet="65" muck="1" rebuy="0" addon="0" merge="0" rebuychips="0" reg_code="8384900598"/>
</players>
</general>
<round no="0"><action no="1" player="oreiasccp" type="15" sum="5"/>
<action no="2" player="acefluffy139" type="15" discard="1" dealt="1" sum="5"/>
<action no="3" player="oreiasccp" type="1" sum="30"/>
<action no="4" player="acefluffy139" type="2" discard="1" dealt="1" sum="60"/>
</round>
<round no="1"><cards type="Pocket" player="oreiasccp">DQ S4</cards>
<cards type="Pocket" player="acefluffy139">X X</cards>
<action no="5" player="oreiasccp" type="3" sum="30"/>
<action no="6" player="acefluffy139" type="4" discard="1" dealt="1" sum="0"/>
</round>
<round no="2"><cards type="Flop">D10 S8 C2</cards>
<action no="7" player="acefluffy139" type="5" discard="1" dealt="1" sum="485"/>
<action no="8" player="oreiasccp" type="0" sum="0"/>
</round>
</game>
<game gamecode="11515012519"><general><startdate>2025-06-16 12:38:16</startdate>
<round>1</round>
<failsafecounter/>
<players><player seat="6" name="oreiasccp" chips="885" dealer="0" win="0" bet="615" muck="1" rebuy="0" addon="0" merge="0" rebuychips="0" reg_code="8384900598"/>
<player seat="3" name="acefluffy139" chips="615" dealer="1" win="1,230" bet="615" muck="0" rebuy="0" addon="0" merge="0" rebuychips="0" reg_code="8384900597"/>
</players>
</general>
<round no="0"><action no="1" player="acefluffy139" type="15" discard="1" dealt="1" sum="5"/>
<action no="2" player="oreiasccp" type="15" sum="5"/>
<action no="3" player="acefluffy139" type="1" discard="1" dealt="1" sum="30"/>
<action no="4" player="oreiasccp" type="2" sum="60"/>
</round>
<round no="1"><cards type="Pocket" player="acefluffy139">DJ CJ</cards>
<cards type="Pocket" player="oreiasccp">DA SA</cards>
<action no="5" player="acefluffy139" type="3" discard="1" dealt="1" sum="30"/>
<action no="6" player="oreiasccp" type="23" sum="150"/>
<action no="7" player="acefluffy139" type="23" discard="1" dealt="1" sum="610"/>
<action no="8" player="oreiasccp" type="3" sum="460"/>
</round>
<round no="2"><cards type="Flop">SQ C3 C7</cards>
</round>
<round no="3"><cards type="Turn">CK</cards>
</round>
<round no="4"><cards type="River">C9</cards>
</round>
</game>
<game gamecode="11515012612"><general><startdate>2025-06-16 12:38:39</startdate>
<round>1</round>
<failsafecounter/>
<players><player seat="3" name="acefluffy139" chips="1,230" dealer="0" win="0" bet="270" muck="1" rebuy="0" addon="0" merge="0" rebuychips="0" reg_code="8384900597"/>
<player seat="6" name="oreiasccp" chips="270" dealer="1" win="540" bet="270" muck="0" rebuy="0" addon="0" merge="0" rebuychips="0" reg_code="8384900598"/>
</players>
</general>
<round no="0"><action no="1" player="oreiasccp" type="15" sum="5"/>
<action no="2" player="acefluffy139" type="15" discard="1" dealt="1" sum="5"/>
<action no="3" player="oreiasccp" type="1" sum="30"/>
<action no="4" player="acefluffy139" type="2" discard="1" dealt="1" sum="60"/>
</round>
<round no="1"><cards type="Pocket" player="acefluffy139">D10 D8</cards>
<cards type="Pocket" player="oreiasccp">SK C6</cards>
<action no="5" player="oreiasccp" type="23" sum="265"/>
<action no="6" player="acefluffy139" type="3" discard="1" dealt="1" sum="205"/>
</round>
<round no="2"><cards type="Flop">HK D3 S6</cards>
</round>
<round no="3"><cards type="Turn">H4</cards>
</round>
<round no="4"><cards type="River">CJ</cards>
</round>
</game>
<game gamecode="11515012681"><general><startdate>2025-06-16 12:38:54</startdate>
<round>1</round>
<failsafecounter/>
<players><player seat="6" name="oreiasccp" chips="540" dealer="0" win="70" bet="65" muck="1" rebuy="0" addon="0" merge="0" rebuychips="0" reg_code="8384900598"/>
<player seat="3" name="acefluffy139" chips="960" dealer="1" win="0" bet="35" muck="1" rebuy="0" addon="0" merge="0" rebuychips="0" reg_code="8384900597"/>
</players>
</general>
<round no="0"><action no="1" player="acefluffy139" type="15" discard="1" dealt="1" sum="5"/>
<action no="2" player="oreiasccp" type="15" sum="5"/>
<action no="3" player="acefluffy139" type="1" discard="1" dealt="1" sum="30"/>
<action no="4" player="oreiasccp" type="2" sum="60"/>
</round>
<round no="1"><cards type="Pocket" player="acefluffy139">X X</cards>
<cards type="Pocket" player="oreiasccp">S2 H6</cards>
<action no="5" player="acefluffy139" type="0" discard="1" dealt="1" sum="0"/>
</round>
</game>
<game gamecode="11515012730"><general><startdate>2025-06-16 12:39:04</startdate>
<round>1</round>
<failsafecounter/>
<players><player seat="3" name="acefluffy139" chips="925" dealer="0" win="390" bet="585" muck="1" rebuy="0" addon="0" merge="0" rebuychips="0" reg_code="8384900597"/>
<player seat="6" name="oreiasccp" chips="575" dealer="1" win="0" bet="195" muck="1" rebuy="0" addon="0" merge="0" rebuychips="0" reg_code="8384900598"/>
</players>
</general>
<round no="0"><action no="1" player="oreiasccp" type="15" sum="5"/>
<action no="2" player="acefluffy139" type="15" discard="1" dealt="1" sum="5"/>
<action no="3" player="oreiasccp" type="1" sum="30"/>
<action no="4" player="acefluffy139" type="2" discard="1" dealt="1" sum="60"/>
</round>
<round no="1"><cards type="Pocket" player="oreiasccp">D7 H10</cards>
<cards type="Pocket" player="acefluffy139">X X</cards>
<action no="5" player="oreiasccp" type="3" sum="30"/>
<action no="6" player="acefluffy139" type="4" discard="1" dealt="1" sum="0"/>
</round>
<round no="2"><cards type="Flop">CQ H3 C10</cards>
<action no="7" player="acefluffy139" type="5" discard="1" dealt="1" sum="130"/>
<action no="8" player="oreiasccp" type="3" sum="130"/>
</round>
<round no="3"><cards type="Turn">H8</cards>
<action no="9" player="acefluffy139" type="5" discard="1" dealt="1" sum="390"/>
<action no="10" player="oreiasccp" type="0" sum="0"/>
</round>
</game>
<game gamecode="11515012814"><general><startdate>2025-06-16 12:39:24</startdate>
<round>1</round>
<failsafecounter/>
<players><player seat="6" name="oreiasccp" chips="380" dealer="0" win="130" bet="380" muck="1" rebuy="0" addon="0" merge="0" rebuychips="0" reg_code="8384900598"/>
<player seat="3" name="acefluffy139" chips="1,120" dealer="1" win="0" bet="65" muck="1" rebuy="0" addon="0" merge="0" rebuychips="0" reg_code="8384900597"/>
</players>
</general>
<round no="0"><action no="1" player="acefluffy139" type="15" discard="1" dealt="1" sum="5"/>
<action no="2" player="oreiasccp" type="15" sum="5"/>
<action no="3" player="acefluffy139" type="1" discard="1" dealt="1" sum="30"/>
<action no="4" player="oreiasccp" type="2" sum="60"/>
</round>
<round no="1"><cards type="Pocket" player="acefluffy139">X X</cards>
<cards type="Pocket" player="oreiasccp">D7 DK</cards>
<action no="5" player="acefluffy139" type="3" discard="1" dealt="1" sum="30"/>
<action no="6" player="oreiasccp" type="23" sum="375"/>
<action no="7" player="acefluffy139" type="0" discard="1" dealt="1" sum="0"/>
</round>
</game>
<game gamecode="11515012876"><general><startdate>2025-06-16 12:39:37</startdate>
<round>1</round>
<failsafecounter/>
<players><player seat="3" name="acefluffy139" chips="1,055" dealer="0" win="0" bet="445" muck="1" rebuy="0" addon="0" merge="0" rebuychips="0" reg_code="8384900597"/>
<player seat="6" name="oreiasccp" chips="445" dealer="1" win="890" bet="445" muck="0" rebuy="0" addon="0" merge="0" rebuychips="0" reg_code="8384900598"/>
</players>
</general>
<round no="0"><action no="1" player="oreiasccp" type="15" sum="8"/>
<action no="2" player="acefluffy139" type="15" discard="1" dealt="1" sum="8"/>
<action no="3" player="oreiasccp" type="1" sum="40"/>
<action no="4" player="acefluffy139" type="2" discard="1" dealt="1" sum="80"/>
</round>
<round no="1"><cards type="Pocket" player="oreiasccp">C7 H9</cards>
<cards type="Pocket" player="acefluffy139">HQ CA</cards>
<action no="5" player="oreiasccp" type="23" sum="437"/>
<action no="6" player="acefluffy139" type="3" discard="1" dealt="1" sum="357"/>
</round>
<round no="2"><cards type="Flop">DJ D4 D8</cards>
</round>
<round no="3"><cards type="Turn">C6</cards>
</round>
<round no="4"><cards type="River">S10</cards>
</round>
</game>
<game gamecode="11515012940"><general><startdate>2025-06-16 12:39:56</startdate>
<round>1</round>
<failsafecounter/>
<players><player seat="6" name="oreiasccp" chips="890" dealer="0" win="176" bet="610" muck="1" rebuy="0" addon="0" merge="0" rebuychips="0" reg_code="8384900598"/>
<player seat="3" name="acefluffy139" chips="610" dealer="1" win="0" bet="88" muck="1" rebuy="0" addon="0" merge="0" rebuychips="0" reg_code="8384900597"/>
</players>
</general>
<round no="0"><action no="1" player="acefluffy139" type="15" discard="1" dealt="1" sum="8"/>
<action no="2" player="oreiasccp" type="15" sum="8"/>
<action no="3" player="acefluffy139" type="1" discard="1" dealt="1" sum="40"/>
<action no="4" player="oreiasccp" type="2" sum="80"/>
</round>
<round no="1"><cards type="Pocket" player="oreiasccp">D5 HA</cards>
<cards type="Pocket" player="acefluffy139">X X</cards>
<action no="5" player="acefluffy139" type="3" discard="1" dealt="1" sum="40"/>
<action no="6" player="oreiasccp" type="23" sum="602"/>
<action no="7" player="acefluffy139" type="0" discard="1" dealt="1" sum="0"/>
</round>
</game>
<game gamecode="11515012982"><general><startdate>2025-06-16 12:40:06</startdate>
<round>1</round>
<failsafecounter/>
<players><player seat="3" name="acefluffy139" chips="522" dealer="0" win="96" bet="88" muck="1" rebuy="0" addon="0" merge="0" rebuychips="0" reg_code="8384900597"/>
<player seat="6" name="oreiasccp" chips="978" dealer="1" win="0" bet="48" muck="1" rebuy="0" addon="0" merge="0" rebuychips="0" reg_code="8384900598"/>
</players>
</general>
<round no="0"><action no="1" player="oreiasccp" type="15" sum="8"/>
<action no="2" player="acefluffy139" type="15" discard="1" dealt="1" sum="8"/>
<action no="3" player="oreiasccp" type="1" sum="40"/>
<action no="4" player="acefluffy139" type="2" discard="1" dealt="1" sum="80"/>
</round>
<round no="1"><cards type="Pocket" player="acefluffy139">X X</cards>
<cards type="Pocket" player="oreiasccp">C3 H10</cards>
<action no="5" player="oreiasccp" type="0" sum="0"/>
</round>
</game>
<game gamecode="11515013009"><general><startdate>2025-06-16 12:40:11</startdate>
<round>1</round>
<failsafecounter/>
<players><player seat="6" name="oreiasccp" chips="930" dealer="0" win="0" bet="88" muck="1" rebuy="0" addon="0" merge="0" rebuychips="0" reg_code="8384900598"/>
<player seat="3" name="acefluffy139" chips="570" dealer="1" win="176" bet="570" muck="1" rebuy="0" addon="0" merge="0" rebuychips="0" reg_code="8384900597"/>
</players>
</general>
<round no="0"><action no="1" player="acefluffy139" type="15" discard="1" dealt="1" sum="8"/>
<action no="2" player="oreiasccp" type="15" sum="8"/>
<action no="3" player="acefluffy139" type="1" discard="1" dealt="1" sum="40"/>
<action no="4" player="oreiasccp" type="2" sum="80"/>
</round>
<round no="1"><cards type="Pocket" player="acefluffy139">X X</cards>
<cards type="Pocket" player="oreiasccp">H3 H2</cards>
<action no="5" player="acefluffy139" type="23" discard="1" dealt="1" sum="562"/>
<action no="6" player="oreiasccp" type="0" sum="0"/>
</round>
</game>
<game gamecode="11515013044"><general><startdate>2025-06-16 12:40:21</startdate>
<round>1</round>
<failsafecounter/>
<players><player seat="3" name="acefluffy139" chips="658" dealer="0" win="0" bet="658" muck="0" rebuy="0" addon="0" merge="0" rebuychips="0" reg_code="8384900597"/>
<player seat="6" name="oreiasccp" chips="842" dealer="1" win="1,316" bet="658" muck="0" rebuy="0" addon="0" merge="0" rebuychips="0" reg_code="8384900598"/>
</players>
</general>
<round no="0"><action no="1" player="oreiasccp" type="15" sum="8"/>
<action no="2" player="acefluffy139" type="15" discard="1" dealt="1" sum="8"/>
<action no="3" player="oreiasccp" type="1" sum="40"/>
<action no="4" player="acefluffy139" type="2" discard="1" dealt="1" sum="80"/>
</round>
<round no="1"><cards type="Pocket" player="acefluffy139">D3 HQ</cards>
<cards type="Pocket" player="oreiasccp">H10 D10</cards>
<action no="5" player="oreiasccp" type="3" sum="40"/>
<action no="6" player="acefluffy139" type="4" discard="1" dealt="1" sum="0"/>
</round>
<round no="2"><cards type="Flop">CJ H3 S2</cards>
<action no="7" player="acefluffy139" type="5" discard="1" dealt="1" sum="570"/>
<action no="8" player="oreiasccp" type="3" sum="570"/>
</round>
<round no="3"><cards type="Turn">C10</cards>
</round>
<round no="4"><cards type="River">H9</cards>
</round>
</game>
</session>
