<?xml version="1.0" encoding="UTF-8"?>
<session sessioncode="8384898538">
<general>
<client_version>24.7.1.16</client_version>
<mode>real</mode>
<gametype>Holdem NL</gametype>
<tablename>Twister €5 SNG, 1127573284</tablename>
<tournamentcode>1127573283</tournamentcode>
<tournamentname>Twister €5 SNG</tournamentname>
<buyin>€0 + €0.35 + €4.65</buyin>
<totalbuyin>€5</totalbuyin>
<rewarddrawn>€15</rewarddrawn>
<tournamentcurrency>EUR</tournamentcurrency>
<currency>EUR</currency>
<nickname>oreiasccp</nickname>
<gamecount>32</gamecount>
<startdate>2025-06-16 12:26:00</startdate>
<place>1</place>
<win>€15</win>
<tablesize>3</tablesize>
</general>
<game gamecode="11515003929"><general><startdate>2025-06-16 12:26:15</startdate>
<round>1</round>
<failsafecounter/>
<players><player seat="3" name="DBoris555" chips="500" dealer="0" win="20" bet="20" muck="1" rebuy="0" addon="0" merge="0" rebuychips="0" reg_code="8384898527"/>
<player seat="6" name="d0nsamag0n" chips="500" dealer="1" win="0" bet="0" muck="1" rebuy="0" addon="0" merge="0" rebuychips="0" reg_code="8384898528"/>
<player seat="10" name="oreiasccp" chips="500" dealer="0" win="0" bet="10" muck="1" rebuy="0" addon="0" merge="0" rebuychips="0" reg_code="8384898538"/>
</players>
</general>
<round no="0"><action no="1" player="oreiasccp" type="1" sum="10"/>
<action no="2" player="DBoris555" type="2" discard="1" dealt="1" sum="20"/>
</round>
<round no="1"><cards type="Pocket" player="oreiasccp">H7 S2</cards>
<cards type="Pocket" player="d0nsamag0n">X X</cards>
<cards type="Pocket" player="DBoris555">X X</cards>
<action no="3" player="d0nsamag0n" type="0" discard="1" dealt="1" sum="0"/>
<action no="4" player="oreiasccp" type="0" sum="0"/>
</round>
</game>
<game gamecode="11515003958"><general><startdate>2025-06-16 12:26:24</startdate>
<round>1</round>
<failsafecounter/>
<players><player seat="6" name="d0nsamag0n" chips="500" dealer="0" win="0" bet="40" muck="1" rebuy="0" addon="0" merge="0" rebuychips="0" reg_code="8384898528"/>
<player seat="10" name="oreiasccp" chips="490" dealer="1" win="0" bet="0" muck="1" rebuy="0" addon="0" merge="0" rebuychips="0" reg_code="8384898538"/>
<player seat="3" name="DBoris555" chips="510" dealer="0" win="80" bet="96" muck="1" rebuy="0" addon="0" merge="0" rebuychips="0" reg_code="8384898527"/>
</players>
</general>
<round no="0"><action no="1" player="DBoris555" type="1" discard="1" dealt="1" sum="10"/>
<action no="2" player="d0nsamag0n" type="2" discard="1" dealt="1" sum="20"/>
</round>
<round no="1"><cards type="Pocket" player="d0nsamag0n">X X</cards>
<cards type="Pocket" player="oreiasccp">HQ S6</cards>
<cards type="Pocket" player="DBoris555">X X</cards>
<action no="3" player="oreiasccp" type="0" sum="0"/>
<action no="4" player="DBoris555" type="23" discard="1" dealt="1" sum="40"/>
<action no="5" player="d0nsamag0n" type="3" discard="1" dealt="1" sum="20"/>
</round>
<round no="2"><cards type="Flop">C6 DA S7</cards>
<action no="6" player="DBoris555" type="5" discard="1" dealt="1" sum="56"/>
<action no="7" player="d0nsamag0n" type="0" discard="1" dealt="1" sum="0"/>
</round>
</game>
<game gamecode="11515004031"><general><startdate>2025-06-16 12:26:44</startdate>
<round>1</round>
<failsafecounter/>
<players><player seat="10" name="oreiasccp" chips="490" dealer="0" win="20" bet="20" muck="1" rebuy="0" addon="0" merge="0" rebuychips="0" reg_code="8384898538"/>
<player seat="3" name="DBoris555" chips="550" dealer="1" win="0" bet="0" muck="1" rebuy="0" addon="0" merge="0" rebuychips="0" reg_code="8384898527"/>
<player seat="6" name="d0nsamag0n" chips="460" dealer="0" win="0" bet="10" muck="1" rebuy="0" addon="0" merge="0" rebuychips="0" reg_code="8384898528"/>
</players>
</general>
<round no="0"><action no="1" player="d0nsamag0n" type="1" discard="1" dealt="1" sum="10"/>
<action no="2" player="oreiasccp" type="2" sum="20"/>
</round>
<round no="1"><cards type="Pocket" player="oreiasccp">S3 S2</cards>
<cards type="Pocket" player="d0nsamag0n">X X</cards>
<cards type="Pocket" player="DBoris555">X X</cards>
<action no="3" player="DBoris555" type="0" discard="1" dealt="1" sum="0"/>
<action no="4" player="d0nsamag0n" type="0" discard="1" dealt="1" sum="0"/>
</round>
</game>
<game gamecode="11515004061"><general><startdate>2025-06-16 12:26:52</startdate>
<round>1</round>
<failsafecounter/>
<players><player seat="3" name="DBoris555" chips="550" dealer="0" win="210" bet="205" muck="1" rebuy="0" addon="0" merge="0" rebuychips="0" reg_code="8384898527"/>
<player seat="6" name="d0nsamag0n" chips="450" dealer="1" win="0" bet="100" muck="1" rebuy="0" addon="0" merge="0" rebuychips="0" reg_code="8384898528"/>
<player seat="10" name="oreiasccp" chips="500" dealer="0" win="0" bet="10" muck="1" rebuy="0" addon="0" merge="0" rebuychips="0" reg_code="8384898538"/>
</players>
</general>
<round no="0"><action no="1" player="oreiasccp" type="1" sum="10"/>
<action no="2" player="DBoris555" type="2" discard="1" dealt="1" sum="20"/>
</round>
<round no="1"><cards type="Pocket" player="oreiasccp">C10 S6</cards>
<cards type="Pocket" player="DBoris555">X X</cards>
<cards type="Pocket" player="d0nsamag0n">X X</cards>
<action no="3" player="d0nsamag0n" type="23" discard="1" dealt="1" sum="40"/>
<action no="4" player="oreiasccp" type="0" sum="0"/>
<action no="5" player="DBoris555" type="23" discard="1" dealt="1" sum="100"/>
<action no="6" player="d0nsamag0n" type="3" discard="1" dealt="1" sum="60"/>
</round>
<round no="2"><cards type="Flop">CK D9 SJ</cards>
<action no="7" player="DBoris555" type="4" discard="1" dealt="1" sum="0"/>
<action no="8" player="d0nsamag0n" type="4" discard="1" dealt="1" sum="0"/>
</round>
<round no="3"><cards type="Turn">C4</cards>
<action no="9" player="DBoris555" type="5" discard="1" dealt="1" sum="105"/>
<action no="10" player="d0nsamag0n" type="0" discard="1" dealt="1" sum="0"/>
</round>
</game>
<game gamecode="11515004155"><general><startdate>2025-06-16 12:27:18</startdate>
<round>1</round>
<failsafecounter/>
<players><player seat="6" name="d0nsamag0n" chips="350" dealer="0" win="154" bet="350" muck="1" rebuy="0" addon="0" merge="0" rebuychips="0" reg_code="8384898528"/>
<player seat="10" name="oreiasccp" chips="490" dealer="1" win="0" bet="72" muck="1" rebuy="0" addon="0" merge="0" rebuychips="0" reg_code="8384898538"/>
<player seat="3" name="DBoris555" chips="660" dealer="0" win="0" bet="10" muck="1" rebuy="0" addon="0" merge="0" rebuychips="0" reg_code="8384898527"/>
</players>
</general>
<round no="0"><action no="1" player="DBoris555" type="1" discard="1" dealt="1" sum="10"/>
<action no="2" player="d0nsamag0n" type="2" discard="1" dealt="1" sum="20"/>
</round>
<round no="1"><cards type="Pocket" player="DBoris555">X X</cards>
<cards type="Pocket" player="oreiasccp">CA C6</cards>
<cards type="Pocket" player="d0nsamag0n">X X</cards>
<action no="3" player="oreiasccp" type="23" sum="40"/>
<action no="4" player="DBoris555" type="0" discard="1" dealt="1" sum="0"/>
<action no="5" player="d0nsamag0n" type="3" discard="1" dealt="1" sum="20"/>
</round>
<round no="2"><cards type="Flop">H4 S2 H2</cards>
<action no="6" player="d0nsamag0n" type="4" discard="1" dealt="1" sum="0"/>
<action no="7" player="oreiasccp" type="5" sum="32"/>
<action no="8" player="d0nsamag0n" type="23" discard="1" dealt="1" sum="310"/>
<action no="9" player="oreiasccp" type="0" sum="0"/>
</round>
</game>
<game gamecode="11515004227"><general><startdate>2025-06-16 12:27:41</startdate>
<round>1</round>
<failsafecounter/>
<players><player seat="10" name="oreiasccp" chips="418" dealer="0" win="0" bet="20" muck="1" rebuy="0" addon="0" merge="0" rebuychips="0" reg_code="8384898538"/>
<player seat="3" name="DBoris555" chips="650" dealer="1" win="50" bet="40" muck="1" rebuy="0" addon="0" merge="0" rebuychips="0" reg_code="8384898527"/>
<player seat="6" name="d0nsamag0n" chips="432" dealer="0" win="0" bet="10" muck="1" rebuy="0" addon="0" merge="0" rebuychips="0" reg_code="8384898528"/>
</players>
</general>
<round no="0"><action no="1" player="d0nsamag0n" type="1" discard="1" dealt="1" sum="10"/>
<action no="2" player="oreiasccp" type="2" sum="20"/>
</round>
<round no="1"><cards type="Pocket" player="oreiasccp">S8 H2</cards>
<cards type="Pocket" player="DBoris555">X X</cards>
<cards type="Pocket" player="d0nsamag0n">X X</cards>
<action no="3" player="DBoris555" type="23" discard="1" dealt="1" sum="40"/>
<action no="4" player="d0nsamag0n" type="0" discard="1" dealt="1" sum="0"/>
<action no="5" player="oreiasccp" type="0" sum="0"/>
</round>
</game>
<game gamecode="11515004252"><general><startdate>2025-06-16 12:27:48</startdate>
<round>1</round>
<failsafecounter/>
<players><player seat="3" name="DBoris555" chips="680" dealer="0" win="0" bet="20" muck="1" rebuy="0" addon="0" merge="0" rebuychips="0" reg_code="8384898527"/>
<player seat="6" name="d0nsamag0n" chips="422" dealer="1" win="50" bet="40" muck="1" rebuy="0" addon="0" merge="0" rebuychips="0" reg_code="8384898528"/>
<player seat="10" name="oreiasccp" chips="398" dealer="0" win="0" bet="10" muck="1" rebuy="0" addon="0" merge="0" rebuychips="0" reg_code="8384898538"/>
</players>
</general>
<round no="0"><action no="1" player="oreiasccp" type="1" sum="10"/>
<action no="2" player="DBoris555" type="2" discard="1" dealt="1" sum="20"/>
</round>
<round no="1"><cards type="Pocket" player="DBoris555">X X</cards>
<cards type="Pocket" player="d0nsamag0n">X X</cards>
<cards type="Pocket" player="oreiasccp">C10 S7</cards>
<action no="3" player="d0nsamag0n" type="23" discard="1" dealt="1" sum="40"/>
<action no="4" player="oreiasccp" type="0" sum="0"/>
<action no="5" player="DBoris555" type="0" discard="1" dealt="1" sum="0"/>
</round>
</game>
<game gamecode="11515004284"><general><startdate>2025-06-16 12:27:58</startdate>
<round>1</round>
<failsafecounter/>
<players><player seat="6" name="d0nsamag0n" chips="452" dealer="0" win="20" bet="20" muck="1" rebuy="0" addon="0" merge="0" rebuychips="0" reg_code="8384898528"/>
<player seat="10" name="oreiasccp" chips="388" dealer="1" win="0" bet="0" muck="1" rebuy="0" addon="0" merge="0" rebuychips="0" reg_code="8384898538"/>
<player seat="3" name="DBoris555" chips="660" dealer="0" win="0" bet="10" muck="1" rebuy="0" addon="0" merge="0" rebuychips="0" reg_code="8384898527"/>
</players>
</general>
<round no="0"><action no="1" player="DBoris555" type="1" discard="1" dealt="1" sum="10"/>
<action no="2" player="d0nsamag0n" type="2" discard="1" dealt="1" sum="20"/>
</round>
<round no="1"><cards type="Pocket" player="d0nsamag0n">X X</cards>
<cards type="Pocket" player="DBoris555">X X</cards>
<cards type="Pocket" player="oreiasccp">H5 S2</cards>
<action no="3" player="oreiasccp" type="0" sum="0"/>
<action no="4" player="DBoris555" type="0" discard="1" dealt="1" sum="0"/>
</round>
</game>
<game gamecode="11515004307"><general><startdate>2025-06-16 12:28:07</startdate>
<round>1</round>
<failsafecounter/>
<players><player seat="10" name="oreiasccp" chips="388" dealer="0" win="20" bet="20" muck="1" rebuy="0" addon="0" merge="0" rebuychips="0" reg_code="8384898538"/>
<player seat="3" name="DBoris555" chips="650" dealer="1" win="0" bet="0" muck="1" rebuy="0" addon="0" merge="0" rebuychips="0" reg_code="8384898527"/>
<player seat="6" name="d0nsamag0n" chips="462" dealer="0" win="0" bet="10" muck="1" rebuy="0" addon="0" merge="0" rebuychips="0" reg_code="8384898528"/>
</players>
</general>
<round no="0"><action no="1" player="d0nsamag0n" type="1" discard="1" dealt="1" sum="10"/>
<action no="2" player="oreiasccp" type="2" sum="20"/>
</round>
<round no="1"><cards type="Pocket" player="DBoris555">X X</cards>
<cards type="Pocket" player="oreiasccp">C6 H3</cards>
<cards type="Pocket" player="d0nsamag0n">X X</cards>
<action no="3" player="DBoris555" type="0" discard="1" dealt="1" sum="0"/>
<action no="4" player="d0nsamag0n" type="0" discard="1" dealt="1" sum="0"/>
</round>
</game>
<game gamecode="11515004339"><general><startdate>2025-06-16 12:28:17</startdate>
<round>1</round>
<failsafecounter/>
<players><player seat="3" name="DBoris555" chips="650" dealer="0" win="45" bet="35" muck="1" rebuy="0" addon="0" merge="0" rebuychips="0" reg_code="8384898527"/>
<player seat="6" name="d0nsamag0n" chips="452" dealer="1" win="0" bet="5" muck="1" rebuy="0" addon="0" merge="0" rebuychips="0" reg_code="8384898528"/>
<player seat="10" name="oreiasccp" chips="398" dealer="0" win="0" bet="20" muck="1" rebuy="0" addon="0" merge="0" rebuychips="0" reg_code="8384898538"/>
</players>
</general>
<round no="0"><action no="1" player="oreiasccp" type="15" sum="5"/>
<action no="2" player="DBoris555" type="15" discard="1" dealt="1" sum="5"/>
<action no="3" player="d0nsamag0n" type="15" discard="1" dealt="1" sum="5"/>
<action no="4" player="oreiasccp" type="1" sum="15"/>
<action no="5" player="DBoris555" type="2" discard="1" dealt="1" sum="30"/>
</round>
<round no="1"><cards type="Pocket" player="d0nsamag0n">X X</cards>
<cards type="Pocket" player="DBoris555">X X</cards>
<cards type="Pocket" player="oreiasccp">H2 C6</cards>
<action no="6" player="d0nsamag0n" type="0" discard="1" dealt="1" sum="0"/>
<action no="7" player="oreiasccp" type="0" sum="0"/>
</round>
</game>
<game gamecode="11515004377"><general><startdate>2025-06-16 12:28:28</startdate>
<round>1</round>
<failsafecounter/>
<players><player seat="6" name="d0nsamag0n" chips="447" dealer="0" win="0" bet="35" muck="1" rebuy="0" addon="0" merge="0" rebuychips="0" reg_code="8384898528"/>
<player seat="10" name="oreiasccp" chips="378" dealer="1" win="791" bet="378" muck="0" rebuy="0" addon="0" merge="0" rebuychips="0" reg_code="8384898538"/>
<player seat="3" name="DBoris555" chips="675" dealer="0" win="0" bet="675" muck="1" rebuy="0" addon="0" merge="0" rebuychips="0" reg_code="8384898527"/>
</players>
</general>
<round no="0"><action no="1" player="DBoris555" type="15" discard="1" dealt="1" sum="5"/>
<action no="2" player="d0nsamag0n" type="15" discard="1" dealt="1" sum="5"/>
<action no="3" player="oreiasccp" type="15" sum="5"/>
<action no="4" player="DBoris555" type="1" discard="1" dealt="1" sum="15"/>
<action no="5" player="d0nsamag0n" type="2" discard="1" dealt="1" sum="30"/>
</round>
<round no="1"><cards type="Pocket" player="d0nsamag0n">X X</cards>
<cards type="Pocket" player="DBoris555">C5 S5</cards>
<cards type="Pocket" player="oreiasccp">S9 H9</cards>
<action no="6" player="oreiasccp" type="23" sum="373"/>
<action no="7" player="DBoris555" type="7" discard="1" dealt="1" sum="655"/>
<action no="8" player="d0nsamag0n" type="0" discard="1" dealt="1" sum="0"/>
</round>
<round no="2"><cards type="Flop">DK S10 H10</cards>
</round>
<round no="3"><cards type="Turn">C4</cards>
</round>
<round no="4"><cards type="River">SK</cards>
</round>
</game>
<game gamecode="11515004449"><general><startdate>2025-06-16 12:28:49</startdate>
<round>1</round>
<failsafecounter/>
<players><player seat="10" name="oreiasccp" chips="791" dealer="0" win="0" bet="65" muck="1" rebuy="0" addon="0" merge="0" rebuychips="0" reg_code="8384898538"/>
<player seat="3" name="DBoris555" chips="297" dealer="1" win="0" bet="5" muck="1" rebuy="0" addon="0" merge="0" rebuychips="0" reg_code="8384898527"/>
<player seat="6" name="d0nsamag0n" chips="412" dealer="0" win="135" bet="132" muck="1" rebuy="0" addon="0" merge="0" rebuychips="0" reg_code="8384898528"/>
</players>
</general>
<round no="0"><action no="1" player="d0nsamag0n" type="15" discard="1" dealt="1" sum="5"/>
<action no="2" player="oreiasccp" type="15" sum="5"/>
<action no="3" player="DBoris555" type="15" discard="1" dealt="1" sum="5"/>
<action no="4" player="d0nsamag0n" type="1" discard="1" dealt="1" sum="15"/>
<action no="5" player="oreiasccp" type="2" sum="30"/>
</round>
<round no="1"><cards type="Pocket" player="oreiasccp">CQ CJ</cards>
<cards type="Pocket" player="DBoris555">X X</cards>
<cards type="Pocket" player="d0nsamag0n">X X</cards>
<action no="6" player="DBoris555" type="0" discard="1" dealt="1" sum="0"/>
<action no="7" player="d0nsamag0n" type="23" discard="1" dealt="1" sum="60"/>
<action no="8" player="oreiasccp" type="3" sum="30"/>
</round>
<round no="2"><cards type="Flop">S4 S8 H2</cards>
<action no="9" player="d0nsamag0n" type="5" discard="1" dealt="1" sum="67"/>
<action no="10" player="oreiasccp" type="0" sum="0"/>
</round>
</game>
<game gamecode="11515004505"><general><startdate>2025-06-16 12:29:04</startdate>
<round>1</round>
<failsafecounter/>
<players><player seat="3" name="DBoris555" chips="292" dealer="0" win="589" bet="292" muck="0" rebuy="0" addon="0" merge="0" rebuychips="0" reg_code="8384898527"/>
<player seat="6" name="d0nsamag0n" chips="482" dealer="1" win="0" bet="5" muck="1" rebuy="0" addon="0" merge="0" rebuychips="0" reg_code="8384898528"/>
<player seat="10" name="oreiasccp" chips="726" dealer="0" win="0" bet="292" muck="1" rebuy="0" addon="0" merge="0" rebuychips="0" reg_code="8384898538"/>
</players>
</general>
<round no="0"><action no="1" player="oreiasccp" type="15" sum="5"/>
<action no="2" player="DBoris555" type="15" discard="1" dealt="1" sum="5"/>
<action no="3" player="d0nsamag0n" type="15" discard="1" dealt="1" sum="5"/>
<action no="4" player="oreiasccp" type="1" sum="15"/>
<action no="5" player="DBoris555" type="2" discard="1" dealt="1" sum="30"/>
</round>
<round no="1"><cards type="Pocket" player="oreiasccp">DK H10</cards>
<cards type="Pocket" player="d0nsamag0n">X X</cards>
<cards type="Pocket" player="DBoris555">C6 SA</cards>
<action no="6" player="d0nsamag0n" type="0" discard="1" dealt="1" sum="0"/>
<action no="7" player="oreiasccp" type="23" sum="287"/>
<action no="8" player="DBoris555" type="7" discard="1" dealt="1" sum="257"/>
</round>
<round no="2"><cards type="Flop">S7 H8 H4</cards>
</round>
<round no="3"><cards type="Turn">S5</cards>
</round>
<round no="4"><cards type="River">C8</cards>
</round>
</game>
<game gamecode="11515004567"><general><startdate>2025-06-16 12:29:24</startdate>
<round>1</round>
<failsafecounter/>
<players><player seat="6" name="d0nsamag0n" chips="477" dealer="0" win="959" bet="477" muck="0" rebuy="0" addon="0" merge="0" rebuychips="0" reg_code="8384898528"/>
<player seat="10" name="oreiasccp" chips="434" dealer="1" win="0" bet="5" muck="1" rebuy="0" addon="0" merge="0" rebuychips="0" reg_code="8384898538"/>
<player seat="3" name="DBoris555" chips="589" dealer="0" win="0" bet="589" muck="0" rebuy="0" addon="0" merge="0" rebuychips="0" reg_code="8384898527"/>
</players>
</general>
<round no="0"><action no="1" player="DBoris555" type="15" discard="1" dealt="1" sum="5"/>
<action no="2" player="d0nsamag0n" type="15" discard="1" dealt="1" sum="5"/>
<action no="3" player="oreiasccp" type="15" sum="5"/>
<action no="4" player="DBoris555" type="1" discard="1" dealt="1" sum="15"/>
<action no="5" player="d0nsamag0n" type="2" discard="1" dealt="1" sum="30"/>
</round>
<round no="1"><cards type="Pocket" player="oreiasccp">C9 HQ</cards>
<cards type="Pocket" player="d0nsamag0n">S10 CQ</cards>
<cards type="Pocket" player="DBoris555">DA C3</cards>
<action no="6" player="oreiasccp" type="0" sum="0"/>
<action no="7" player="DBoris555" type="3" discard="1" dealt="1" sum="15"/>
<action no="8" player="d0nsamag0n" type="23" discard="1" dealt="1" sum="90"/>
<action no="9" player="DBoris555" type="23" discard="1" dealt="1" sum="584"/>
<action no="10" player="d0nsamag0n" type="7" discard="1" dealt="1" sum="382"/>
</round>
<round no="2"><cards type="Flop">S8 D10 SJ</cards>
</round>
<round no="3"><cards type="Turn">C7</cards>
</round>
<round no="4"><cards type="River">H10</cards>
</round>
</game>
<game gamecode="11515004670"><general><startdate>2025-06-16 12:29:54</startdate>
<round>1</round>
<failsafecounter/>
<players><player seat="10" name="oreiasccp" chips="429" dealer="0" win="0" bet="35" muck="1" rebuy="0" addon="0" merge="0" rebuychips="0" reg_code="8384898538"/>
<player seat="3" name="DBoris555" chips="112" dealer="1" win="0" bet="5" muck="1" rebuy="0" addon="0" merge="0" rebuychips="0" reg_code="8384898527"/>
<player seat="6" name="d0nsamag0n" chips="959" dealer="0" win="75" bet="959" muck="1" rebuy="0" addon="0" merge="0" rebuychips="0" reg_code="8384898528"/>
</players>
</general>
<round no="0"><action no="1" player="d0nsamag0n" type="15" discard="1" dealt="1" sum="5"/>
<action no="2" player="oreiasccp" type="15" sum="5"/>
<action no="3" player="DBoris555" type="15" discard="1" dealt="1" sum="5"/>
<action no="4" player="d0nsamag0n" type="1" discard="1" dealt="1" sum="15"/>
<action no="5" player="oreiasccp" type="2" sum="30"/>
</round>
<round no="1"><cards type="Pocket" player="oreiasccp">H4 D5</cards>
<cards type="Pocket" player="d0nsamag0n">X X</cards>
<cards type="Pocket" player="DBoris555">X X</cards>
<action no="6" player="DBoris555" type="0" discard="1" dealt="1" sum="0"/>
<action no="7" player="d0nsamag0n" type="23" discard="1" dealt="1" sum="954"/>
<action no="8" player="oreiasccp" type="0" sum="0"/>
</round>
</game>
<game gamecode="11515004709"><general><startdate>2025-06-16 12:30:04</startdate>
<round>1</round>
<failsafecounter/>
<players><player seat="3" name="DBoris555" chips="107" dealer="0" win="45" bet="35" muck="1" rebuy="0" addon="0" merge="0" rebuychips="0" reg_code="8384898527"/>
<player seat="6" name="d0nsamag0n" chips="999" dealer="1" win="0" bet="5" muck="1" rebuy="0" addon="0" merge="0" rebuychips="0" reg_code="8384898528"/>
<player seat="10" name="oreiasccp" chips="394" dealer="0" win="0" bet="20" muck="1" rebuy="0" addon="0" merge="0" rebuychips="0" reg_code="8384898538"/>
</players>
</general>
<round no="0"><action no="1" player="oreiasccp" type="15" sum="5"/>
<action no="2" player="DBoris555" type="15" discard="1" dealt="1" sum="5"/>
<action no="3" player="d0nsamag0n" type="15" discard="1" dealt="1" sum="5"/>
<action no="4" player="oreiasccp" type="1" sum="15"/>
<action no="5" player="DBoris555" type="2" discard="1" dealt="1" sum="30"/>
</round>
<round no="1"><cards type="Pocket" player="d0nsamag0n">X X</cards>
<cards type="Pocket" player="oreiasccp">H3 H9</cards>
<cards type="Pocket" player="DBoris555">X X</cards>
<action no="6" player="d0nsamag0n" type="0" discard="1" dealt="1" sum="0"/>
<action no="7" player="oreiasccp" type="0" sum="0"/>
</round>
</game>
<game gamecode="11515004757"><general><startdate>2025-06-16 12:30:17</startdate>
<round>1</round>
<failsafecounter/>
<players><player seat="6" name="d0nsamag0n" chips="994" dealer="0" win="0" bet="45" muck="1" rebuy="0" addon="0" merge="0" rebuychips="0" reg_code="8384898528"/>
<player seat="10" name="oreiasccp" chips="374" dealer="1" win="309" bet="374" muck="0" rebuy="0" addon="0" merge="0" rebuychips="0" reg_code="8384898538"/>
<player seat="3" name="DBoris555" chips="132" dealer="0" win="0" bet="132" muck="1" rebuy="0" addon="0" merge="0" rebuychips="0" reg_code="8384898527"/>
</players>
</general>
<round no="0"><action no="1" player="DBoris555" type="15" discard="1" dealt="1" sum="5"/>
<action no="2" player="d0nsamag0n" type="15" discard="1" dealt="1" sum="5"/>
<action no="3" player="oreiasccp" type="15" sum="5"/>
<action no="4" player="DBoris555" type="1" discard="1" dealt="1" sum="20"/>
<action no="5" player="d0nsamag0n" type="2" discard="1" dealt="1" sum="40"/>
</round>
<round no="1"><cards type="Pocket" player="oreiasccp">CA H2</cards>
<cards type="Pocket" player="DBoris555">D6 DJ</cards>
<cards type="Pocket" player="d0nsamag0n">X X</cards>
<action no="6" player="oreiasccp" type="23" sum="369"/>
<action no="7" player="DBoris555" type="7" discard="1" dealt="1" sum="107"/>
<action no="8" player="d0nsamag0n" type="0" discard="1" dealt="1" sum="0"/>
</round>
<round no="2"><cards type="Flop">SA DA H7</cards>
</round>
<round no="3"><cards type="Turn">HA</cards>
</round>
<round no="4"><cards type="River">H6</cards>
</round>
</game>
<game gamecode="11515004816"><general><startdate>2025-06-16 12:30:34</startdate>
<round>1</round>
<failsafecounter/>
<players><player seat="10" name="oreiasccp" chips="551" dealer="0" win="170" bet="370" muck="1" rebuy="0" addon="0" merge="0" rebuychips="0" reg_code="8384898538"/>
<player seat="6" name="d0nsamag0n" chips="949" dealer="1" win="0" bet="85" muck="1" rebuy="0" addon="0" merge="0" rebuychips="0" reg_code="8384898528"/>
</players>
</general>
<round no="0"><action no="1" player="d0nsamag0n" type="15" discard="1" dealt="1" sum="5"/>
<action no="2" player="oreiasccp" type="15" sum="5"/>
<action no="3" player="d0nsamag0n" type="1" discard="1" dealt="1" sum="20"/>
<action no="4" player="oreiasccp" type="2" sum="40"/>
</round>
<round no="1"><cards type="Pocket" player="oreiasccp">D10 H5</cards>
<cards type="Pocket" player="d0nsamag0n">X X</cards>
<action no="5" player="d0nsamag0n" type="3" discard="1" dealt="1" sum="20"/>
<action no="6" player="oreiasccp" type="4" sum="0"/>
</round>
<round no="2"><cards type="Flop">S3 D2 HA</cards>
<action no="7" player="oreiasccp" type="4" sum="0"/>
<action no="8" player="d0nsamag0n" type="5" discard="1" dealt="1" sum="40"/>
<action no="9" player="oreiasccp" type="23" sum="325"/>
<action no="10" player="d0nsamag0n" type="0" discard="1" dealt="1" sum="0"/>
</round>
</game>
<game gamecode="11515004896"><general><startdate>2025-06-16 12:30:55</startdate>
<round>1</round>
<failsafecounter/>
<players><player seat="6" name="d0nsamag0n" chips="864" dealer="0" win="170" bet="204" muck="1" rebuy="0" addon="0" merge="0" rebuychips="0" reg_code="8384898528"/>
<player seat="10" name="oreiasccp" chips="636" dealer="1" win="0" bet="85" muck="1" rebuy="0" addon="0" merge="0" rebuychips="0" reg_code="8384898538"/>
</players>
</general>
<round no="0"><action no="1" player="oreiasccp" type="15" sum="5"/>
<action no="2" player="d0nsamag0n" type="15" discard="1" dealt="1" sum="5"/>
<action no="3" player="oreiasccp" type="1" sum="20"/>
<action no="4" player="d0nsamag0n" type="2" discard="1" dealt="1" sum="40"/>
</round>
<round no="1"><cards type="Pocket" player="oreiasccp">S2 SQ</cards>
<cards type="Pocket" player="d0nsamag0n">X X</cards>
<action no="5" player="oreiasccp" type="23" sum="80"/>
<action no="6" player="d0nsamag0n" type="3" discard="1" dealt="1" sum="40"/>
</round>
<round no="2"><cards type="Flop">D8 D7 C6</cards>
<action no="7" player="d0nsamag0n" type="4" discard="1" dealt="1" sum="0"/>
<action no="8" player="oreiasccp" type="4" sum="0"/>
</round>
<round no="3"><cards type="Turn">C10</cards>
<action no="9" player="d0nsamag0n" type="5" discard="1" dealt="1" sum="119"/>
<action no="10" player="oreiasccp" type="0" sum="0"/>
</round>
</game>
<game gamecode="11515004963"><general><startdate>2025-06-16 12:31:12</startdate>
<round>1</round>
<failsafecounter/>
<players><player seat="10" name="oreiasccp" chips="551" dealer="0" win="90" bet="551" muck="1" rebuy="0" addon="0" merge="0" rebuychips="0" reg_code="8384898538"/>
<player seat="6" name="d0nsamag0n" chips="949" dealer="1" win="0" bet="45" muck="1" rebuy="0" addon="0" merge="0" rebuychips="0" reg_code="8384898528"/>
</players>
</general>
<round no="0"><action no="1" player="d0nsamag0n" type="15" discard="1" dealt="1" sum="5"/>
<action no="2" player="oreiasccp" type="15" sum="5"/>
<action no="3" player="d0nsamag0n" type="1" discard="1" dealt="1" sum="20"/>
<action no="4" player="oreiasccp" type="2" sum="40"/>
</round>
<round no="1"><cards type="Pocket" player="oreiasccp">DK C4</cards>
<cards type="Pocket" player="d0nsamag0n">X X</cards>
<action no="5" player="d0nsamag0n" type="3" discard="1" dealt="1" sum="20"/>
<action no="6" player="oreiasccp" type="23" sum="546"/>
<action no="7" player="d0nsamag0n" type="0" discard="1" dealt="1" sum="0"/>
</round>
</game>
<game gamecode="11515005017"><general><startdate>2025-06-16 12:31:26</startdate>
<round>1</round>
<failsafecounter/>
<players><player seat="6" name="d0nsamag0n" chips="904" dealer="0" win="170" bet="204" muck="1" rebuy="0" addon="0" merge="0" rebuychips="0" reg_code="8384898528"/>
<player seat="10" name="oreiasccp" chips="596" dealer="1" win="0" bet="85" muck="1" rebuy="0" addon="0" merge="0" rebuychips="0" reg_code="8384898538"/>
</players>
</general>
<round no="0"><action no="1" player="oreiasccp" type="15" sum="5"/>
<action no="2" player="d0nsamag0n" type="15" discard="1" dealt="1" sum="5"/>
<action no="3" player="oreiasccp" type="1" sum="20"/>
<action no="4" player="d0nsamag0n" type="2" discard="1" dealt="1" sum="40"/>
</round>
<round no="1"><cards type="Pocket" player="d0nsamag0n">X X</cards>
<cards type="Pocket" player="oreiasccp">S8 S5</cards>
<action no="5" player="oreiasccp" type="3" sum="20"/>
<action no="6" player="d0nsamag0n" type="4" discard="1" dealt="1" sum="0"/>
</round>
<round no="2"><cards type="Flop">D4 H7 S3</cards>
<action no="7" player="d0nsamag0n" type="4" discard="1" dealt="1" sum="0"/>
<action no="8" player="oreiasccp" type="5" sum="40"/>
<action no="9" player="d0nsamag0n" type="3" discard="1" dealt="1" sum="40"/>
</round>
<round no="3"><cards type="Turn">D3</cards>
<action no="10" player="d0nsamag0n" type="4" discard="1" dealt="1" sum="0"/>
<action no="11" player="oreiasccp" type="4" sum="0"/>
</round>
<round no="4"><cards type="River">H5</cards>
<action no="12" player="d0nsamag0n" type="5" discard="1" dealt="1" sum="119"/>
<action no="13" player="oreiasccp" type="0" sum="0"/>
</round>
</game>
<game gamecode="11515005089"><general><startdate>2025-06-16 12:31:46</startdate>
<round>1</round>
<failsafecounter/>
<players><player seat="10" name="oreiasccp" chips="511" dealer="0" win="90" bet="125" muck="1" rebuy="0" addon="0" merge="0" rebuychips="0" reg_code="8384898538"/>
<player seat="6" name="d0nsamag0n" chips="989" dealer="1" win="0" bet="45" muck="1" rebuy="0" addon="0" merge="0" rebuychips="0" reg_code="8384898528"/>
</players>
</general>
<round no="0"><action no="1" player="d0nsamag0n" type="15" discard="1" dealt="1" sum="5"/>
<action no="2" player="oreiasccp" type="15" sum="5"/>
<action no="3" player="d0nsamag0n" type="1" discard="1" dealt="1" sum="20"/>
<action no="4" player="oreiasccp" type="2" sum="40"/>
</round>
<round no="1"><cards type="Pocket" player="d0nsamag0n">X X</cards>
<cards type="Pocket" player="oreiasccp">S2 D8</cards>
<action no="5" player="d0nsamag0n" type="3" discard="1" dealt="1" sum="20"/>
<action no="6" player="oreiasccp" type="23" sum="120"/>
<action no="7" player="d0nsamag0n" type="0" discard="1" dealt="1" sum="0"/>
</round>
</game>
<game gamecode="11515005138"><general><startdate>2025-06-16 12:31:58</startdate>
<round>1</round>
<failsafecounter/>
<players><player seat="6" name="d0nsamag0n" chips="944" dealer="0" win="90" bet="125" muck="1" rebuy="0" addon="0" merge="0" rebuychips="0" reg_code="8384898528"/>
<player seat="10" name="oreiasccp" chips="556" dealer="1" win="0" bet="45" muck="1" rebuy="0" addon="0" merge="0" rebuychips="0" reg_code="8384898538"/>
</players>
</general>
<round no="0"><action no="1" player="oreiasccp" type="15" sum="5"/>
<action no="2" player="d0nsamag0n" type="15" discard="1" dealt="1" sum="5"/>
<action no="3" player="oreiasccp" type="1" sum="20"/>
<action no="4" player="d0nsamag0n" type="2" discard="1" dealt="1" sum="40"/>
</round>
<round no="1"><cards type="Pocket" player="oreiasccp">CQ D2</cards>
<cards type="Pocket" player="d0nsamag0n">X X</cards>
<action no="5" player="oreiasccp" type="3" sum="20"/>
<action no="6" player="d0nsamag0n" type="23" discard="1" dealt="1" sum="120"/>
<action no="7" player="oreiasccp" type="0" sum="0"/>
</round>
</game>
<game gamecode="11515005191"><general><startdate>2025-06-16 12:32:12</startdate>
<round>1</round>
<failsafecounter/>
<players><player seat="10" name="oreiasccp" chips="511" dealer="0" win="0" bet="45" muck="1" rebuy="0" addon="0" merge="0" rebuychips="0" reg_code="8384898538"/>
<player seat="6" name="d0nsamag0n" chips="989" dealer="1" win="90" bet="85" muck="1" rebuy="0" addon="0" merge="0" rebuychips="0" reg_code="8384898528"/>
</players>
</general>
<round no="0"><action no="1" player="d0nsamag0n" type="15" discard="1" dealt="1" sum="5"/>
<action no="2" player="oreiasccp" type="15" sum="5"/>
<action no="3" player="d0nsamag0n" type="1" discard="1" dealt="1" sum="20"/>
<action no="4" player="oreiasccp" type="2" sum="40"/>
</round>
<round no="1"><cards type="Pocket" player="oreiasccp">SJ D8</cards>
<cards type="Pocket" player="d0nsamag0n">X X</cards>
<action no="5" player="d0nsamag0n" type="3" discard="1" dealt="1" sum="20"/>
<action no="6" player="oreiasccp" type="4" sum="0"/>
</round>
<round no="2"><cards type="Flop">D5 DA H6</cards>
<action no="7" player="oreiasccp" type="4" sum="0"/>
<action no="8" player="d0nsamag0n" type="5" discard="1" dealt="1" sum="40"/>
<action no="9" player="oreiasccp" type="0" sum="0"/>
</round>
</game>
<game gamecode="11515005260"><general><startdate>2025-06-16 12:32:31</startdate>
<round>1</round>
<failsafecounter/>
<players><player seat="6" name="d0nsamag0n" chips="1,034" dealer="0" win="70" bet="65" muck="1" rebuy="0" addon="0" merge="0" rebuychips="0" reg_code="8384898528"/>
<player seat="10" name="oreiasccp" chips="466" dealer="1" win="0" bet="35" muck="1" rebuy="0" addon="0" merge="0" rebuychips="0" reg_code="8384898538"/>
</players>
</general>
<round no="0"><action no="1" player="oreiasccp" type="15" sum="5"/>
<action no="2" player="d0nsamag0n" type="15" discard="1" dealt="1" sum="5"/>
<action no="3" player="oreiasccp" type="1" sum="30"/>
<action no="4" player="d0nsamag0n" type="2" discard="1" dealt="1" sum="60"/>
</round>
<round no="1"><cards type="Pocket" player="d0nsamag0n">X X</cards>
<cards type="Pocket" player="oreiasccp">SJ D2</cards>
<action no="5" player="oreiasccp" type="0" sum="0"/>
</round>
</game>
<game gamecode="11515005291"><general><startdate>2025-06-16 12:32:36</startdate>
<round>1</round>
<failsafecounter/>
<players><player seat="10" name="oreiasccp" chips="431" dealer="0" win="70" bet="65" muck="1" rebuy="0" addon="0" merge="0" rebuychips="0" reg_code="8384898538"/>
<player seat="6" name="d0nsamag0n" chips="1,069" dealer="1" win="0" bet="35" muck="1" rebuy="0" addon="0" merge="0" rebuychips="0" reg_code="8384898528"/>
</players>
</general>
<round no="0"><action no="1" player="d0nsamag0n" type="15" discard="1" dealt="1" sum="5"/>
<action no="2" player="oreiasccp" type="15" sum="5"/>
<action no="3" player="d0nsamag0n" type="1" discard="1" dealt="1" sum="30"/>
<action no="4" player="oreiasccp" type="2" sum="60"/>
</round>
<round no="1"><cards type="Pocket" player="oreiasccp">H5 H3</cards>
<cards type="Pocket" player="d0nsamag0n">X X</cards>
<action no="5" player="d0nsamag0n" type="0" discard="1" dealt="1" sum="0"/>
</round>
</game>
<game gamecode="11515005333"><general><startdate>2025-06-16 12:32:47</startdate>
<round>1</round>
<failsafecounter/>
<players><player seat="6" name="d0nsamag0n" chips="1,034" dealer="0" win="70" bet="65" muck="1" rebuy="0" addon="0" merge="0" rebuychips="0" reg_code="8384898528"/>
<player seat="10" name="oreiasccp" chips="466" dealer="1" win="0" bet="35" muck="1" rebuy="0" addon="0" merge="0" rebuychips="0" reg_code="8384898538"/>
</players>
</general>
<round no="0"><action no="1" player="oreiasccp" type="15" sum="5"/>
<action no="2" player="d0nsamag0n" type="15" discard="1" dealt="1" sum="5"/>
<action no="3" player="oreiasccp" type="1" sum="30"/>
<action no="4" player="d0nsamag0n" type="2" discard="1" dealt="1" sum="60"/>
</round>
<round no="1"><cards type="Pocket" player="d0nsamag0n">X X</cards>
<cards type="Pocket" player="oreiasccp">H3 H2</cards>
<action no="5" player="oreiasccp" type="0" sum="0"/>
</round>
</game>
<game gamecode="11515005363"><general><startdate>2025-06-16 12:32:53</startdate>
<round>1</round>
<failsafecounter/>
<players><player seat="10" name="oreiasccp" chips="431" dealer="0" win="862" bet="431" muck="0" rebuy="0" addon="0" merge="0" rebuychips="0" reg_code="8384898538"/>
<player seat="6" name="d0nsamag0n" chips="1,069" dealer="1" win="0" bet="1,069" muck="1" rebuy="0" addon="0" merge="0" rebuychips="0" reg_code="8384898528"/>
</players>
</general>
<round no="0"><action no="1" player="d0nsamag0n" type="15" discard="1" dealt="1" sum="5"/>
<action no="2" player="oreiasccp" type="15" sum="5"/>
<action no="3" player="d0nsamag0n" type="1" discard="1" dealt="1" sum="30"/>
<action no="4" player="oreiasccp" type="2" sum="60"/>
</round>
<round no="1"><cards type="Pocket" player="oreiasccp">S9 CQ</cards>
<cards type="Pocket" player="d0nsamag0n">SJ H6</cards>
<action no="5" player="d0nsamag0n" type="23" discard="1" dealt="1" sum="1,064"/>
<action no="6" player="oreiasccp" type="7" sum="366"/>
</round>
<round no="2"><cards type="Flop">C9 C7 DK</cards>
</round>
<round no="3"><cards type="Turn">D2</cards>
</round>
<round no="4"><cards type="River">D4</cards>
</round>
</game>
<game gamecode="11515005449"><general><startdate>2025-06-16 12:33:14</startdate>
<round>1</round>
<failsafecounter/>
<players><player seat="6" name="d0nsamag0n" chips="638" dealer="0" win="0" bet="185" muck="1" rebuy="0" addon="0" merge="0" rebuychips="0" reg_code="8384898528"/>
<player seat="10" name="oreiasccp" chips="862" dealer="1" win="370" bet="275" muck="1" rebuy="0" addon="0" merge="0" rebuychips="0" reg_code="8384898538"/>
</players>
</general>
<round no="0"><action no="1" player="oreiasccp" type="15" sum="5"/>
<action no="2" player="d0nsamag0n" type="15" discard="1" dealt="1" sum="5"/>
<action no="3" player="oreiasccp" type="1" sum="30"/>
<action no="4" player="d0nsamag0n" type="2" discard="1" dealt="1" sum="60"/>
</round>
<round no="1"><cards type="Pocket" player="d0nsamag0n">X X</cards>
<cards type="Pocket" player="oreiasccp">H7 C8</cards>
<action no="5" player="oreiasccp" type="3" sum="30"/>
<action no="6" player="d0nsamag0n" type="4" discard="1" dealt="1" sum="0"/>
</round>
<round no="2"><cards type="Flop">CK SJ S8</cards>
<action no="7" player="d0nsamag0n" type="4" discard="1" dealt="1" sum="0"/>
<action no="8" player="oreiasccp" type="4" sum="0"/>
</round>
<round no="3"><cards type="Turn">D7</cards>
<action no="9" player="d0nsamag0n" type="5" discard="1" dealt="1" sum="60"/>
<action no="10" player="oreiasccp" type="3" sum="60"/>
</round>
<round no="4"><cards type="River">DQ</cards>
<action no="11" player="d0nsamag0n" type="5" discard="1" dealt="1" sum="60"/>
<action no="12" player="oreiasccp" type="23" sum="150"/>
<action no="13" player="d0nsamag0n" type="0" discard="1" dealt="1" sum="0"/>
</round>
</game>
<game gamecode="11515005591"><general><startdate>2025-06-16 12:33:46</startdate>
<round>1</round>
<failsafecounter/>
<players><player seat="10" name="oreiasccp" chips="1,047" dealer="0" win="0" bet="65" muck="1" rebuy="0" addon="0" merge="0" rebuychips="0" reg_code="8384898538"/>
<player seat="6" name="d0nsamag0n" chips="453" dealer="1" win="130" bet="453" muck="1" rebuy="0" addon="0" merge="0" rebuychips="0" reg_code="8384898528"/>
</players>
</general>
<round no="0"><action no="1" player="d0nsamag0n" type="15" discard="1" dealt="1" sum="5"/>
<action no="2" player="oreiasccp" type="15" sum="5"/>
<action no="3" player="d0nsamag0n" type="1" discard="1" dealt="1" sum="30"/>
<action no="4" player="oreiasccp" type="2" sum="60"/>
</round>
<round no="1"><cards type="Pocket" player="d0nsamag0n">X X</cards>
<cards type="Pocket" player="oreiasccp">C2 C10</cards>
<action no="5" player="d0nsamag0n" type="23" discard="1" dealt="1" sum="448"/>
<action no="6" player="oreiasccp" type="0" sum="0"/>
</round>
</game>
<game gamecode="11515011492"><general><startdate>2025-06-16 12:33:54</startdate>
<round>1</round>
<failsafecounter/>
<players><player seat="6" name="d0nsamag0n" chips="518" dealer="0" win="250" bet="250" muck="1" rebuy="0" addon="0" merge="0" rebuychips="0" reg_code="8384898528"/>
<player seat="10" name="oreiasccp" chips="982" dealer="1" win="0" bet="125" muck="1" rebuy="0" addon="0" merge="0" rebuychips="0" reg_code="8384898538"/>
</players>
</general>
<round no="0"><action no="1" player="oreiasccp" type="15" sum="5"/>
<action no="2" player="d0nsamag0n" type="15" discard="1" dealt="1" sum="5"/>
<action no="3" player="oreiasccp" type="1" sum="30"/>
<action no="4" player="d0nsamag0n" type="2" discard="1" dealt="1" sum="60"/>
</round>
<round no="1"><cards type="Pocket" player="d0nsamag0n">X X</cards>
<cards type="Pocket" player="oreiasccp">D7 H8</cards>
<action no="5" player="oreiasccp" type="3" sum="30"/>
<action no="6" player="d0nsamag0n" type="4" discard="1" dealt="1" sum="0"/>
</round>
<round no="2"><cards type="Flop">C3 C7 C4</cards>
<action no="7" player="d0nsamag0n" type="4" discard="1" dealt="1" sum="0"/>
<action no="8" player="oreiasccp" type="4" sum="0"/>
</round>
<round no="3"><cards type="Turn">D9</cards>
<action no="9" player="d0nsamag0n" type="5" discard="1" dealt="1" sum="60"/>
<action no="10" player="oreiasccp" type="3" sum="60"/>
</round>
<round no="4"><cards type="River">C5</cards>
<action no="11" player="d0nsamag0n" type="5" discard="1" dealt="1" sum="125"/>
<action no="12" player="oreiasccp" type="0" sum="0"/>
</round>
</game>
<game gamecode="11515011568"><general><startdate>2025-06-16 12:34:12</startdate>
<round>1</round>
<failsafecounter/>
<players><player seat="10" name="oreiasccp" chips="857" dealer="0" win="1,286" bet="643" muck="0" rebuy="0" addon="0" merge="0" rebuychips="0" reg_code="8384898538"/>
<player seat="6" name="d0nsamag0n" chips="643" dealer="1" win="0" bet="643" muck="0" rebuy="0" addon="0" merge="0" rebuychips="0" reg_code="8384898528"/>
</players>
</general>
<round no="0"><action no="1" player="d0nsamag0n" type="15" discard="1" dealt="1" sum="5"/>
<action no="2" player="oreiasccp" type="15" sum="5"/>
<action no="3" player="d0nsamag0n" type="1" discard="1" dealt="1" sum="30"/>
<action no="4" player="oreiasccp" type="2" sum="60"/>
</round>
<round no="1"><cards type="Pocket" player="d0nsamag0n">DK S7</cards>
<cards type="Pocket" player="oreiasccp">H6 C6</cards>
<action no="5" player="d0nsamag0n" type="3" discard="1" dealt="1" sum="30"/>
<action no="6" player="oreiasccp" type="23" sum="150"/>
<action no="7" player="d0nsamag0n" type="23" discard="1" dealt="1" sum="638"/>
<action no="8" player="oreiasccp" type="3" sum="488"/>
</round>
<round no="2"><cards type="Flop">S3 DA H2</cards>
</round>
<round no="3"><cards type="Turn">C4</cards>
</round>
<round no="4"><cards type="River">S6</cards>
</round>
</game>
</session>
