<?xml version="1.0" encoding="UTF-8"?>
<session sessioncode="8384829185">
<general>
<client_version>24.7.1.16</client_version>
<mode>real</mode>
<gametype>Holdem NL</gametype>
<tablename>Twister €5 SNG, 1127562260</tablename>
<tournamentcode>1127562259</tournamentcode>
<tournamentname>Twister €5 SNG</tournamentname>
<buyin>€0 + €0.35 + €4.65</buyin>
<totalbuyin>€5</totalbuyin>
<rewarddrawn>€10</rewarddrawn>
<tournamentcurrency>EUR</tournamentcurrency>
<currency>EUR</currency>
<nickname>oreiasccp</nickname>
<gamecount>21</gamecount>
<startdate>2025-06-16 08:05:29</startdate>
<place>2</place>
<win>€0</win>
<tablesize>3</tablesize>
</general>
<game gamecode="11514801130"><general><startdate>2025-06-16 08:05:45</startdate>
<round>1</round>
<failsafecounter/>
<players><player seat="3" name="propheticstone7" chips="500" dealer="0" win="20" bet="20" muck="1" rebuy="0" addon="0" merge="0" rebuychips="0" reg_code="8384829125"/>
<player seat="6" name="oreiasccp" chips="500" dealer="1" win="0" bet="0" muck="1" rebuy="0" addon="0" merge="0" rebuychips="0" reg_code="8384829185"/>
<player seat="10" name="gasgas" chips="500" dealer="0" win="0" bet="10" muck="1" rebuy="0" addon="0" merge="0" rebuychips="0" reg_code="8384829203"/>
</players>
</general>
<round no="0"><action no="1" player="gasgas" type="1" discard="1" dealt="1" sum="10"/>
<action no="2" player="propheticstone7" type="2" discard="1" dealt="1" sum="20"/>
</round>
<round no="1"><cards type="Pocket" player="oreiasccp">SQ H6</cards>
<cards type="Pocket" player="gasgas">X X</cards>
<cards type="Pocket" player="propheticstone7">X X</cards>
<action no="3" player="oreiasccp" type="0" sum="0"/>
<action no="4" player="gasgas" type="0" discard="1" dealt="1" sum="0"/>
</round>
</game>
<game gamecode="11514807649"><general><startdate>2025-06-16 08:05:55</startdate>
<round>1</round>
<failsafecounter/>
<players><player seat="6" name="oreiasccp" chips="500" dealer="0" win="0" bet="20" muck="1" rebuy="0" addon="0" merge="0" rebuychips="0" reg_code="8384829185"/>
<player seat="10" name="gasgas" chips="490" dealer="1" win="0" bet="0" muck="1" rebuy="0" addon="0" merge="0" rebuychips="0" reg_code="8384829203"/>
<player seat="3" name="propheticstone7" chips="510" dealer="0" win="40" bet="50" muck="1" rebuy="0" addon="0" merge="0" rebuychips="0" reg_code="8384829125"/>
</players>
</general>
<round no="0"><action no="1" player="propheticstone7" type="1" discard="1" dealt="1" sum="10"/>
<action no="2" player="oreiasccp" type="2" sum="20"/>
</round>
<round no="1"><cards type="Pocket" player="gasgas">X X</cards>
<cards type="Pocket" player="oreiasccp">SQ H3</cards>
<cards type="Pocket" player="propheticstone7">X X</cards>
<action no="3" player="gasgas" type="0" discard="1" dealt="1" sum="0"/>
<action no="4" player="propheticstone7" type="3" discard="1" dealt="1" sum="10"/>
<action no="5" player="oreiasccp" type="4" sum="0"/>
</round>
<round no="2"><cards type="Flop">D9 DJ S2</cards>
<action no="6" player="propheticstone7" type="4" discard="1" dealt="1" sum="0"/>
<action no="7" player="oreiasccp" type="4" sum="0"/>
</round>
<round no="3"><cards type="Turn">S7</cards>
<action no="8" player="propheticstone7" type="4" discard="1" dealt="1" sum="0"/>
<action no="9" player="oreiasccp" type="4" sum="0"/>
</round>
<round no="4"><cards type="River">S8</cards>
<action no="10" player="propheticstone7" type="5" discard="1" dealt="1" sum="30"/>
<action no="11" player="oreiasccp" type="0" sum="0"/>
</round>
</game>
<game gamecode="11514807704"><general><startdate>2025-06-16 08:06:22</startdate>
<round>1</round>
<failsafecounter/>
<players><player seat="10" name="gasgas" chips="490" dealer="0" win="20" bet="20" muck="1" rebuy="0" addon="0" merge="0" rebuychips="0" reg_code="8384829203"/>
<player seat="3" name="propheticstone7" chips="530" dealer="1" win="0" bet="0" muck="1" rebuy="0" addon="0" merge="0" rebuychips="0" reg_code="8384829125"/>
<player seat="6" name="oreiasccp" chips="480" dealer="0" win="0" bet="10" muck="1" rebuy="0" addon="0" merge="0" rebuychips="0" reg_code="8384829185"/>
</players>
</general>
<round no="0"><action no="1" player="oreiasccp" type="1" sum="10"/>
<action no="2" player="gasgas" type="2" discard="1" dealt="1" sum="20"/>
</round>
<round no="1"><cards type="Pocket" player="propheticstone7">X X</cards>
<cards type="Pocket" player="oreiasccp">S3 C2</cards>
<cards type="Pocket" player="gasgas">X X</cards>
<action no="3" player="propheticstone7" type="0" discard="1" dealt="1" sum="0"/>
<action no="4" player="oreiasccp" type="0" sum="0"/>
</round>
</game>
<game gamecode="11514807723"><general><startdate>2025-06-16 08:06:30</startdate>
<round>1</round>
<failsafecounter/>
<players><player seat="3" name="propheticstone7" chips="530" dealer="0" win="130" bet="157" muck="1" rebuy="0" addon="0" merge="0" rebuychips="0" reg_code="8384829125"/>
<player seat="6" name="oreiasccp" chips="470" dealer="1" win="0" bet="60" muck="1" rebuy="0" addon="0" merge="0" rebuychips="0" reg_code="8384829185"/>
<player seat="10" name="gasgas" chips="500" dealer="0" win="0" bet="10" muck="1" rebuy="0" addon="0" merge="0" rebuychips="0" reg_code="8384829203"/>
</players>
</general>
<round no="0"><action no="1" player="gasgas" type="1" discard="1" dealt="1" sum="10"/>
<action no="2" player="propheticstone7" type="2" discard="1" dealt="1" sum="20"/>
</round>
<round no="1"><cards type="Pocket" player="propheticstone7">X X</cards>
<cards type="Pocket" player="gasgas">X X</cards>
<cards type="Pocket" player="oreiasccp">D8 D9</cards>
<action no="3" player="oreiasccp" type="23" sum="40"/>
<action no="4" player="gasgas" type="0" discard="1" dealt="1" sum="0"/>
<action no="5" player="propheticstone7" type="3" discard="1" dealt="1" sum="20"/>
</round>
<round no="2"><cards type="Flop">HK D4 D5</cards>
<action no="6" player="propheticstone7" type="4" discard="1" dealt="1" sum="0"/>
<action no="7" player="oreiasccp" type="5" sum="20"/>
<action no="8" player="propheticstone7" type="3" discard="1" dealt="1" sum="20"/>
</round>
<round no="3"><cards type="Turn">H3</cards>
<action no="9" player="propheticstone7" type="4" discard="1" dealt="1" sum="0"/>
<action no="10" player="oreiasccp" type="4" sum="0"/>
</round>
<round no="4"><cards type="River">C3</cards>
<action no="11" player="propheticstone7" type="5" discard="1" dealt="1" sum="97"/>
<action no="12" player="oreiasccp" type="0" sum="0"/>
</round>
</game>
<game gamecode="11514807804"><general><startdate>2025-06-16 08:07:08</startdate>
<round>1</round>
<failsafecounter/>
<players><player seat="6" name="oreiasccp" chips="410" dealer="0" win="0" bet="40" muck="1" rebuy="0" addon="0" merge="0" rebuychips="0" reg_code="8384829185"/>
<player seat="10" name="gasgas" chips="490" dealer="1" win="90" bet="60" muck="1" rebuy="0" addon="0" merge="0" rebuychips="0" reg_code="8384829203"/>
<player seat="3" name="propheticstone7" chips="600" dealer="0" win="0" bet="10" muck="1" rebuy="0" addon="0" merge="0" rebuychips="0" reg_code="8384829125"/>
</players>
</general>
<round no="0"><action no="1" player="propheticstone7" type="1" discard="1" dealt="1" sum="10"/>
<action no="2" player="oreiasccp" type="2" sum="20"/>
</round>
<round no="1"><cards type="Pocket" player="gasgas">X X</cards>
<cards type="Pocket" player="propheticstone7">X X</cards>
<cards type="Pocket" player="oreiasccp">CK S7</cards>
<action no="3" player="gasgas" type="23" discard="1" dealt="1" sum="40"/>
<action no="4" player="propheticstone7" type="0" discard="1" dealt="1" sum="0"/>
<action no="5" player="oreiasccp" type="3" sum="20"/>
</round>
<round no="2"><cards type="Flop">DJ CA SJ</cards>
<action no="6" player="oreiasccp" type="4" sum="0"/>
<action no="7" player="gasgas" type="5" discard="1" dealt="1" sum="20"/>
<action no="8" player="oreiasccp" type="0" sum="0"/>
</round>
</game>
<game gamecode="11514807843"><general><startdate>2025-06-16 08:07:25</startdate>
<round>1</round>
<failsafecounter/>
<players><player seat="10" name="gasgas" chips="540" dealer="0" win="0" bet="40" muck="1" rebuy="0" addon="0" merge="0" rebuychips="0" reg_code="8384829203"/>
<player seat="3" name="propheticstone7" chips="590" dealer="1" win="90" bet="80" muck="1" rebuy="0" addon="0" merge="0" rebuychips="0" reg_code="8384829125"/>
<player seat="6" name="oreiasccp" chips="370" dealer="0" win="0" bet="10" muck="1" rebuy="0" addon="0" merge="0" rebuychips="0" reg_code="8384829185"/>
</players>
</general>
<round no="0"><action no="1" player="oreiasccp" type="1" sum="10"/>
<action no="2" player="gasgas" type="2" discard="1" dealt="1" sum="20"/>
</round>
<round no="1"><cards type="Pocket" player="oreiasccp">C8 H9</cards>
<cards type="Pocket" player="gasgas">X X</cards>
<cards type="Pocket" player="propheticstone7">X X</cards>
<action no="3" player="propheticstone7" type="23" discard="1" dealt="1" sum="40"/>
<action no="4" player="oreiasccp" type="0" sum="0"/>
<action no="5" player="gasgas" type="3" discard="1" dealt="1" sum="20"/>
</round>
<round no="2"><cards type="Flop">SQ HA CJ</cards>
<action no="6" player="gasgas" type="4" discard="1" dealt="1" sum="0"/>
<action no="7" player="propheticstone7" type="4" discard="1" dealt="1" sum="0"/>
</round>
<round no="3"><cards type="Turn">C7</cards>
<action no="8" player="gasgas" type="4" discard="1" dealt="1" sum="0"/>
<action no="9" player="propheticstone7" type="5" discard="1" dealt="1" sum="40"/>
<action no="10" player="gasgas" type="0" discard="1" dealt="1" sum="0"/>
</round>
</game>
<game gamecode="11514807916"><general><startdate>2025-06-16 08:07:49</startdate>
<round>1</round>
<failsafecounter/>
<players><player seat="3" name="propheticstone7" chips="640" dealer="0" win="165" bet="80" muck="0" rebuy="0" addon="0" merge="0" rebuychips="0" reg_code="8384829125"/>
<player seat="6" name="oreiasccp" chips="360" dealer="1" win="0" bet="5" muck="1" rebuy="0" addon="0" merge="0" rebuychips="0" reg_code="8384829185"/>
<player seat="10" name="gasgas" chips="500" dealer="0" win="0" bet="80" muck="1" rebuy="0" addon="0" merge="0" rebuychips="0" reg_code="8384829203"/>
</players>
</general>
<round no="0"><action no="1" player="gasgas" type="15" discard="1" dealt="1" sum="5"/>
<action no="2" player="propheticstone7" type="15" discard="1" dealt="1" sum="5"/>
<action no="3" player="oreiasccp" type="15" sum="5"/>
<action no="4" player="gasgas" type="1" discard="1" dealt="1" sum="15"/>
<action no="5" player="propheticstone7" type="2" discard="1" dealt="1" sum="30"/>
</round>
<round no="1"><cards type="Pocket" player="oreiasccp">S3 SK</cards>
<cards type="Pocket" player="propheticstone7">DQ C7</cards>
<cards type="Pocket" player="gasgas">DJ D7</cards>
<action no="6" player="oreiasccp" type="0" sum="0"/>
<action no="7" player="gasgas" type="3" discard="1" dealt="1" sum="15"/>
<action no="8" player="propheticstone7" type="4" discard="1" dealt="1" sum="0"/>
</round>
<round no="2"><cards type="Flop">S9 C9 HQ</cards>
<action no="9" player="gasgas" type="4" discard="1" dealt="1" sum="0"/>
<action no="10" player="propheticstone7" type="4" discard="1" dealt="1" sum="0"/>
</round>
<round no="3"><cards type="Turn">S7</cards>
<action no="11" player="gasgas" type="4" discard="1" dealt="1" sum="0"/>
<action no="12" player="propheticstone7" type="5" discard="1" dealt="1" sum="45"/>
<action no="13" player="gasgas" type="3" discard="1" dealt="1" sum="45"/>
</round>
<round no="4"><cards type="River">H6</cards>
<action no="14" player="gasgas" type="4" discard="1" dealt="1" sum="0"/>
<action no="15" player="propheticstone7" type="4" discard="1" dealt="1" sum="0"/>
</round>
</game>
<game gamecode="11514808003"><general><startdate>2025-06-16 08:08:25</startdate>
<round>1</round>
<failsafecounter/>
<players><player seat="6" name="oreiasccp" chips="355" dealer="0" win="0" bet="35" muck="1" rebuy="0" addon="0" merge="0" rebuychips="0" reg_code="8384829185"/>
<player seat="10" name="gasgas" chips="420" dealer="1" win="0" bet="5" muck="1" rebuy="0" addon="0" merge="0" rebuychips="0" reg_code="8384829203"/>
<player seat="3" name="propheticstone7" chips="725" dealer="0" win="75" bet="725" muck="1" rebuy="0" addon="0" merge="0" rebuychips="0" reg_code="8384829125"/>
</players>
</general>
<round no="0"><action no="1" player="propheticstone7" type="15" discard="1" dealt="1" sum="5"/>
<action no="2" player="oreiasccp" type="15" sum="5"/>
<action no="3" player="gasgas" type="15" discard="1" dealt="1" sum="5"/>
<action no="4" player="propheticstone7" type="1" discard="1" dealt="1" sum="15"/>
<action no="5" player="oreiasccp" type="2" sum="30"/>
</round>
<round no="1"><cards type="Pocket" player="propheticstone7">X X</cards>
<cards type="Pocket" player="oreiasccp">CQ D7</cards>
<cards type="Pocket" player="gasgas">X X</cards>
<action no="6" player="gasgas" type="0" discard="1" dealt="1" sum="0"/>
<action no="7" player="propheticstone7" type="23" discard="1" dealt="1" sum="720"/>
<action no="8" player="oreiasccp" type="0" sum="0"/>
</round>
</game>
<game gamecode="11514808023"><general><startdate>2025-06-16 08:08:34</startdate>
<round>1</round>
<failsafecounter/>
<players><player seat="10" name="gasgas" chips="415" dealer="0" win="0" bet="35" muck="1" rebuy="0" addon="0" merge="0" rebuychips="0" reg_code="8384829203"/>
<player seat="3" name="propheticstone7" chips="765" dealer="1" win="0" bet="5" muck="1" rebuy="0" addon="0" merge="0" rebuychips="0" reg_code="8384829125"/>
<player seat="6" name="oreiasccp" chips="320" dealer="0" win="75" bet="320" muck="1" rebuy="0" addon="0" merge="0" rebuychips="0" reg_code="8384829185"/>
</players>
</general>
<round no="0"><action no="1" player="oreiasccp" type="15" sum="5"/>
<action no="2" player="gasgas" type="15" discard="1" dealt="1" sum="5"/>
<action no="3" player="propheticstone7" type="15" discard="1" dealt="1" sum="5"/>
<action no="4" player="oreiasccp" type="1" sum="15"/>
<action no="5" player="gasgas" type="2" discard="1" dealt="1" sum="30"/>
</round>
<round no="1"><cards type="Pocket" player="oreiasccp">DA C6</cards>
<cards type="Pocket" player="gasgas">X X</cards>
<cards type="Pocket" player="propheticstone7">X X</cards>
<action no="6" player="propheticstone7" type="0" discard="1" dealt="1" sum="0"/>
<action no="7" player="oreiasccp" type="23" sum="315"/>
<action no="8" player="gasgas" type="0" discard="1" dealt="1" sum="0"/>
</round>
</game>
<game gamecode="11514808049"><general><startdate>2025-06-16 08:08:46</startdate>
<round>1</round>
<failsafecounter/>
<players><player seat="3" name="propheticstone7" chips="760" dealer="0" win="0" bet="35" muck="1" rebuy="0" addon="0" merge="0" rebuychips="0" reg_code="8384829125"/>
<player seat="6" name="oreiasccp" chips="360" dealer="1" win="0" bet="5" muck="1" rebuy="0" addon="0" merge="0" rebuychips="0" reg_code="8384829185"/>
<player seat="10" name="gasgas" chips="380" dealer="0" win="75" bet="380" muck="1" rebuy="0" addon="0" merge="0" rebuychips="0" reg_code="8384829203"/>
</players>
</general>
<round no="0"><action no="1" player="gasgas" type="15" discard="1" dealt="1" sum="5"/>
<action no="2" player="propheticstone7" type="15" discard="1" dealt="1" sum="5"/>
<action no="3" player="oreiasccp" type="15" sum="5"/>
<action no="4" player="gasgas" type="1" discard="1" dealt="1" sum="15"/>
<action no="5" player="propheticstone7" type="2" discard="1" dealt="1" sum="30"/>
</round>
<round no="1"><cards type="Pocket" player="propheticstone7">X X</cards>
<cards type="Pocket" player="gasgas">X X</cards>
<cards type="Pocket" player="oreiasccp">D5 S7</cards>
<action no="6" player="oreiasccp" type="0" sum="0"/>
<action no="7" player="gasgas" type="23" discard="1" dealt="1" sum="375"/>
<action no="8" player="propheticstone7" type="0" discard="1" dealt="1" sum="0"/>
</round>
</game>
<game gamecode="11514808074"><general><startdate>2025-06-16 08:08:57</startdate>
<round>1</round>
<failsafecounter/>
<players><player seat="6" name="oreiasccp" chips="355" dealer="0" win="0" bet="35" muck="1" rebuy="0" addon="0" merge="0" rebuychips="0" reg_code="8384829185"/>
<player seat="10" name="gasgas" chips="420" dealer="1" win="90" bet="420" muck="1" rebuy="0" addon="0" merge="0" rebuychips="0" reg_code="8384829203"/>
<player seat="3" name="propheticstone7" chips="725" dealer="0" win="0" bet="20" muck="1" rebuy="0" addon="0" merge="0" rebuychips="0" reg_code="8384829125"/>
</players>
</general>
<round no="0"><action no="1" player="propheticstone7" type="15" discard="1" dealt="1" sum="5"/>
<action no="2" player="oreiasccp" type="15" sum="5"/>
<action no="3" player="gasgas" type="15" discard="1" dealt="1" sum="5"/>
<action no="4" player="propheticstone7" type="1" discard="1" dealt="1" sum="15"/>
<action no="5" player="oreiasccp" type="2" sum="30"/>
</round>
<round no="1"><cards type="Pocket" player="propheticstone7">X X</cards>
<cards type="Pocket" player="oreiasccp">S7 S5</cards>
<cards type="Pocket" player="gasgas">X X</cards>
<action no="6" player="gasgas" type="23" discard="1" dealt="1" sum="415"/>
<action no="7" player="propheticstone7" type="0" discard="1" dealt="1" sum="0"/>
<action no="8" player="oreiasccp" type="0" sum="0"/>
</round>
</game>
<game gamecode="11514808109"><general><startdate>2025-06-16 08:09:13</startdate>
<round>1</round>
<failsafecounter/>
<players><player seat="10" name="gasgas" chips="475" dealer="0" win="45" bet="35" muck="1" rebuy="0" addon="0" merge="0" rebuychips="0" reg_code="8384829203"/>
<player seat="3" name="propheticstone7" chips="705" dealer="1" win="0" bet="5" muck="1" rebuy="0" addon="0" merge="0" rebuychips="0" reg_code="8384829125"/>
<player seat="6" name="oreiasccp" chips="320" dealer="0" win="0" bet="20" muck="1" rebuy="0" addon="0" merge="0" rebuychips="0" reg_code="8384829185"/>
</players>
</general>
<round no="0"><action no="1" player="oreiasccp" type="15" sum="5"/>
<action no="2" player="gasgas" type="15" discard="1" dealt="1" sum="5"/>
<action no="3" player="propheticstone7" type="15" discard="1" dealt="1" sum="5"/>
<action no="4" player="oreiasccp" type="1" sum="15"/>
<action no="5" player="gasgas" type="2" discard="1" dealt="1" sum="30"/>
</round>
<round no="1"><cards type="Pocket" player="propheticstone7">X X</cards>
<cards type="Pocket" player="oreiasccp">S9 D6</cards>
<cards type="Pocket" player="gasgas">X X</cards>
<action no="6" player="propheticstone7" type="0" discard="1" dealt="1" sum="0"/>
<action no="7" player="oreiasccp" type="0" sum="0"/>
</round>
</game>
<game gamecode="11514808129"><general><startdate>2025-06-16 08:09:21</startdate>
<round>1</round>
<failsafecounter/>
<players><player seat="3" name="propheticstone7" chips="700" dealer="0" win="0" bet="35" muck="1" rebuy="0" addon="0" merge="0" rebuychips="0" reg_code="8384829125"/>
<player seat="6" name="oreiasccp" chips="300" dealer="1" win="90" bet="300" muck="1" rebuy="0" addon="0" merge="0" rebuychips="0" reg_code="8384829185"/>
<player seat="10" name="gasgas" chips="500" dealer="0" win="0" bet="20" muck="1" rebuy="0" addon="0" merge="0" rebuychips="0" reg_code="8384829203"/>
</players>
</general>
<round no="0"><action no="1" player="gasgas" type="15" discard="1" dealt="1" sum="5"/>
<action no="2" player="propheticstone7" type="15" discard="1" dealt="1" sum="5"/>
<action no="3" player="oreiasccp" type="15" sum="5"/>
<action no="4" player="gasgas" type="1" discard="1" dealt="1" sum="15"/>
<action no="5" player="propheticstone7" type="2" discard="1" dealt="1" sum="30"/>
</round>
<round no="1"><cards type="Pocket" player="oreiasccp">SA H3</cards>
<cards type="Pocket" player="gasgas">X X</cards>
<cards type="Pocket" player="propheticstone7">X X</cards>
<action no="6" player="oreiasccp" type="23" sum="295"/>
<action no="7" player="gasgas" type="0" discard="1" dealt="1" sum="0"/>
<action no="8" player="propheticstone7" type="0" discard="1" dealt="1" sum="0"/>
</round>
</game>
<game gamecode="11514808158"><general><startdate>2025-06-16 08:09:34</startdate>
<round>1</round>
<failsafecounter/>
<players><player seat="6" name="oreiasccp" chips="355" dealer="0" win="0" bet="65" muck="1" rebuy="0" addon="0" merge="0" rebuychips="0" reg_code="8384829185"/>
<player seat="10" name="gasgas" chips="480" dealer="1" win="150" bet="95" muck="1" rebuy="0" addon="0" merge="0" rebuychips="0" reg_code="8384829203"/>
<player seat="3" name="propheticstone7" chips="665" dealer="0" win="0" bet="20" muck="1" rebuy="0" addon="0" merge="0" rebuychips="0" reg_code="8384829125"/>
</players>
</general>
<round no="0"><action no="1" player="propheticstone7" type="15" discard="1" dealt="1" sum="5"/>
<action no="2" player="oreiasccp" type="15" sum="5"/>
<action no="3" player="gasgas" type="15" discard="1" dealt="1" sum="5"/>
<action no="4" player="propheticstone7" type="1" discard="1" dealt="1" sum="15"/>
<action no="5" player="oreiasccp" type="2" sum="30"/>
</round>
<round no="1"><cards type="Pocket" player="gasgas">X X</cards>
<cards type="Pocket" player="oreiasccp">S3 S10</cards>
<cards type="Pocket" player="propheticstone7">X X</cards>
<action no="6" player="gasgas" type="23" discard="1" dealt="1" sum="60"/>
<action no="7" player="propheticstone7" type="0" discard="1" dealt="1" sum="0"/>
<action no="8" player="oreiasccp" type="3" sum="30"/>
</round>
<round no="2"><cards type="Flop">CJ H2 D8</cards>
<action no="9" player="oreiasccp" type="4" sum="0"/>
<action no="10" player="gasgas" type="5" discard="1" dealt="1" sum="30"/>
<action no="11" player="oreiasccp" type="0" sum="0"/>
</round>
</game>
<game gamecode="11514808223"><general><startdate>2025-06-16 08:09:57</startdate>
<round>1</round>
<failsafecounter/>
<players><player seat="10" name="gasgas" chips="565" dealer="0" win="0" bet="565" muck="0" rebuy="0" addon="0" merge="0" rebuychips="0" reg_code="8384829203"/>
<player seat="3" name="propheticstone7" chips="645" dealer="1" win="1,155" bet="645" muck="0" rebuy="0" addon="0" merge="0" rebuychips="0" reg_code="8384829125"/>
<player seat="6" name="oreiasccp" chips="290" dealer="0" win="0" bet="25" muck="1" rebuy="0" addon="0" merge="0" rebuychips="0" reg_code="8384829185"/>
</players>
</general>
<round no="0"><action no="1" player="oreiasccp" type="15" sum="5"/>
<action no="2" player="gasgas" type="15" discard="1" dealt="1" sum="5"/>
<action no="3" player="propheticstone7" type="15" discard="1" dealt="1" sum="5"/>
<action no="4" player="oreiasccp" type="1" sum="20"/>
<action no="5" player="gasgas" type="2" discard="1" dealt="1" sum="40"/>
</round>
<round no="1"><cards type="Pocket" player="gasgas">S6 C6</cards>
<cards type="Pocket" player="oreiasccp">D4 CK</cards>
<cards type="Pocket" player="propheticstone7">S9 SA</cards>
<action no="6" player="propheticstone7" type="23" discard="1" dealt="1" sum="640"/>
<action no="7" player="oreiasccp" type="0" sum="0"/>
<action no="8" player="gasgas" type="7" discard="1" dealt="1" sum="520"/>
</round>
<round no="2"><cards type="Flop">DA S5 HA</cards>
</round>
<round no="3"><cards type="Turn">HJ</cards>
</round>
<round no="4"><cards type="River">H5</cards>
</round>
</game>
<game gamecode="11514808294"><general><startdate>2025-06-16 08:10:22</startdate>
<round>1</round>
<failsafecounter/>
<players><player seat="3" name="propheticstone7" chips="1,235" dealer="0" win="0" bet="45" muck="1" rebuy="0" addon="0" merge="0" rebuychips="0" reg_code="8384829125"/>
<player seat="6" name="oreiasccp" chips="265" dealer="1" win="90" bet="265" muck="1" rebuy="0" addon="0" merge="0" rebuychips="0" reg_code="8384829185"/>
</players>
</general>
<round no="0"><action no="1" player="oreiasccp" type="15" sum="5"/>
<action no="2" player="propheticstone7" type="15" discard="1" dealt="1" sum="5"/>
<action no="3" player="oreiasccp" type="1" sum="20"/>
<action no="4" player="propheticstone7" type="2" discard="1" dealt="1" sum="40"/>
</round>
<round no="1"><cards type="Pocket" player="oreiasccp">H6 H5</cards>
<cards type="Pocket" player="propheticstone7">X X</cards>
<action no="5" player="oreiasccp" type="23" sum="260"/>
<action no="6" player="propheticstone7" type="0" discard="1" dealt="1" sum="0"/>
</round>
</game>
<game gamecode="11514808319"><general><startdate>2025-06-16 08:10:32</startdate>
<round>1</round>
<failsafecounter/>
<players><player seat="6" name="oreiasccp" chips="310" dealer="0" win="50" bet="45" muck="1" rebuy="0" addon="0" merge="0" rebuychips="0" reg_code="8384829185"/>
<player seat="3" name="propheticstone7" chips="1,190" dealer="1" win="0" bet="25" muck="1" rebuy="0" addon="0" merge="0" rebuychips="0" reg_code="8384829125"/>
</players>
</general>
<round no="0"><action no="1" player="propheticstone7" type="15" discard="1" dealt="1" sum="5"/>
<action no="2" player="oreiasccp" type="15" sum="5"/>
<action no="3" player="propheticstone7" type="1" discard="1" dealt="1" sum="20"/>
<action no="4" player="oreiasccp" type="2" sum="40"/>
</round>
<round no="1"><cards type="Pocket" player="propheticstone7">X X</cards>
<cards type="Pocket" player="oreiasccp">D3 D10</cards>
<action no="5" player="propheticstone7" type="0" discard="1" dealt="1" sum="0"/>
</round>
</game>
<game gamecode="11514808363"><general><startdate>2025-06-16 08:10:52</startdate>
<round>1</round>
<failsafecounter/>
<players><player seat="3" name="propheticstone7" chips="1,165" dealer="0" win="0" bet="1,165" muck="0" rebuy="0" addon="0" merge="0" rebuychips="0" reg_code="8384829125"/>
<player seat="6" name="oreiasccp" chips="335" dealer="1" win="670" bet="335" muck="0" rebuy="0" addon="0" merge="0" rebuychips="0" reg_code="8384829185"/>
</players>
</general>
<round no="0"><action no="1" player="oreiasccp" type="15" sum="5"/>
<action no="2" player="propheticstone7" type="15" discard="1" dealt="1" sum="5"/>
<action no="3" player="oreiasccp" type="1" sum="20"/>
<action no="4" player="propheticstone7" type="2" discard="1" dealt="1" sum="40"/>
</round>
<round no="1"><cards type="Pocket" player="oreiasccp">DQ DK</cards>
<cards type="Pocket" player="propheticstone7">S10 D5</cards>
<action no="5" player="oreiasccp" type="3" sum="20"/>
<action no="6" player="propheticstone7" type="4" discard="1" dealt="1" sum="0"/>
</round>
<round no="2"><cards type="Flop">D3 C5 SK</cards>
<action no="7" player="propheticstone7" type="4" discard="1" dealt="1" sum="0"/>
<action no="8" player="oreiasccp" type="5" sum="40"/>
<action no="9" player="propheticstone7" type="23" discard="1" dealt="1" sum="1,120"/>
<action no="10" player="oreiasccp" type="7" sum="250"/>
</round>
<round no="3"><cards type="Turn">C8</cards>
</round>
<round no="4"><cards type="River">H6</cards>
</round>
</game>
<game gamecode="11514808415"><general><startdate>2025-06-16 08:11:12</startdate>
<round>1</round>
<failsafecounter/>
<players><player seat="6" name="oreiasccp" chips="670" dealer="0" win="90" bet="670" muck="1" rebuy="0" addon="0" merge="0" rebuychips="0" reg_code="8384829185"/>
<player seat="3" name="propheticstone7" chips="830" dealer="1" win="0" bet="45" muck="1" rebuy="0" addon="0" merge="0" rebuychips="0" reg_code="8384829125"/>
</players>
</general>
<round no="0"><action no="1" player="propheticstone7" type="15" discard="1" dealt="1" sum="5"/>
<action no="2" player="oreiasccp" type="15" sum="5"/>
<action no="3" player="propheticstone7" type="1" discard="1" dealt="1" sum="20"/>
<action no="4" player="oreiasccp" type="2" sum="40"/>
</round>
<round no="1"><cards type="Pocket" player="propheticstone7">X X</cards>
<cards type="Pocket" player="oreiasccp">C8 HA</cards>
<action no="5" player="propheticstone7" type="3" discard="1" dealt="1" sum="20"/>
<action no="6" player="oreiasccp" type="23" sum="665"/>
<action no="7" player="propheticstone7" type="0" discard="1" dealt="1" sum="0"/>
</round>
</game>
<game gamecode="11514808455"><general><startdate>2025-06-16 08:11:26</startdate>
<round>1</round>
<failsafecounter/>
<players><player seat="3" name="propheticstone7" chips="785" dealer="0" win="170" bet="85" muck="0" rebuy="0" addon="0" merge="0" rebuychips="0" reg_code="8384829125"/>
<player seat="6" name="oreiasccp" chips="715" dealer="1" win="0" bet="85" muck="1" rebuy="0" addon="0" merge="0" rebuychips="0" reg_code="8384829185"/>
</players>
</general>
<round no="0"><action no="1" player="oreiasccp" type="15" sum="5"/>
<action no="2" player="propheticstone7" type="15" discard="1" dealt="1" sum="5"/>
<action no="3" player="oreiasccp" type="1" sum="20"/>
<action no="4" player="propheticstone7" type="2" discard="1" dealt="1" sum="40"/>
</round>
<round no="1"><cards type="Pocket" player="oreiasccp">S7 H9</cards>
<cards type="Pocket" player="propheticstone7">SQ D8</cards>
<action no="5" player="oreiasccp" type="3" sum="20"/>
<action no="6" player="propheticstone7" type="4" discard="1" dealt="1" sum="0"/>
</round>
<round no="2"><cards type="Flop">DK H4 D6</cards>
<action no="7" player="propheticstone7" type="4" discard="1" dealt="1" sum="0"/>
<action no="8" player="oreiasccp" type="5" sum="40"/>
<action no="9" player="propheticstone7" type="3" discard="1" dealt="1" sum="40"/>
</round>
<round no="3"><cards type="Turn">C4</cards>
<action no="10" player="propheticstone7" type="4" discard="1" dealt="1" sum="0"/>
<action no="11" player="oreiasccp" type="4" sum="0"/>
</round>
<round no="4"><cards type="River">D2</cards>
<action no="12" player="propheticstone7" type="4" discard="1" dealt="1" sum="0"/>
<action no="13" player="oreiasccp" type="4" sum="0"/>
</round>
</game>
<game gamecode="11514808530"><general><startdate>2025-06-16 08:11:56</startdate>
<round>1</round>
<failsafecounter/>
<players><player seat="6" name="oreiasccp" chips="630" dealer="0" win="0" bet="630" muck="1" rebuy="0" addon="0" merge="0" rebuychips="0" reg_code="8384829185"/>
<player seat="3" name="propheticstone7" chips="870" dealer="1" win="1,260" bet="870" muck="0" rebuy="0" addon="0" merge="0" rebuychips="0" reg_code="8384829125"/>
</players>
</general>
<round no="0"><action no="1" player="propheticstone7" type="15" discard="1" dealt="1" sum="5"/>
<action no="2" player="oreiasccp" type="15" sum="5"/>
<action no="3" player="propheticstone7" type="1" discard="1" dealt="1" sum="30"/>
<action no="4" player="oreiasccp" type="2" sum="60"/>
</round>
<round no="1"><cards type="Pocket" player="oreiasccp">CA D4</cards>
<cards type="Pocket" player="propheticstone7">DA DK</cards>
<action no="5" player="propheticstone7" type="23" discard="1" dealt="1" sum="865"/>
<action no="6" player="oreiasccp" type="7" sum="565"/>
</round>
<round no="2"><cards type="Flop">D10 H7 HK</cards>
</round>
<round no="3"><cards type="Turn">C10</cards>
</round>
<round no="4"><cards type="River">HQ</cards>
</round>
</game>
</session>
