<?xml version="1.0" encoding="UTF-8"?>
<session sessioncode="8384868442">
<general>
<client_version>24.7.1.16</client_version>
<mode>real</mode>
<gametype>Holdem NL</gametype>
<tablename>Twister €5 SNG, 1127569050</tablename>
<tournamentcode>1127569049</tournamentcode>
<tournamentname>Twister €5 SNG</tournamentname>
<buyin>€0 + €0.35 + €4.65</buyin>
<totalbuyin>€5</totalbuyin>
<rewarddrawn>€15</rewarddrawn>
<tournamentcurrency>EUR</tournamentcurrency>
<currency>EUR</currency>
<nickname>oreiasccp</nickname>
<gamecount>28</gamecount>
<startdate>2025-06-16 11:03:19</startdate>
<place>2</place>
<win>€0</win>
<tablesize>3</tablesize>
</general>
<game gamecode="11514925541"><general><startdate>2025-06-16 11:03:35</startdate>
<round>1</round>
<failsafecounter/>
<players><player seat="6" name="Wyrx" chips="500" dealer="0" win="0" bet="245" muck="0" rebuy="0" addon="0" merge="0" rebuychips="0" reg_code="8384868488"/>
<player seat="10" name="Gallantsea75" chips="500" dealer="1" win="500" bet="245" muck="0" rebuy="0" addon="0" merge="0" rebuychips="0" reg_code="8384868624"/>
<player seat="3" name="oreiasccp" chips="500" dealer="0" win="0" bet="10" muck="1" rebuy="0" addon="0" merge="0" rebuychips="0" reg_code="8384868442"/>
</players>
</general>
<round no="0"><action no="1" player="oreiasccp" type="1" sum="10"/>
<action no="2" player="Wyrx" type="2" discard="1" dealt="1" sum="20"/>
</round>
<round no="1"><cards type="Pocket" player="Gallantsea75">DK H6</cards>
<cards type="Pocket" player="oreiasccp">H7 S8</cards>
<cards type="Pocket" player="Wyrx">C10 S9</cards>
<action no="3" player="Gallantsea75" type="3" discard="1" dealt="1" sum="20"/>
<action no="4" player="oreiasccp" type="0" sum="0"/>
<action no="5" player="Wyrx" type="4" discard="1" dealt="1" sum="0"/>
</round>
<round no="2"><cards type="Flop">C8 SK D4</cards>
<action no="6" player="Wyrx" type="5" discard="1" dealt="1" sum="40"/>
<action no="7" player="Gallantsea75" type="3" discard="1" dealt="1" sum="40"/>
</round>
<round no="3"><cards type="Turn">C7</cards>
<action no="8" player="Wyrx" type="5" discard="1" dealt="1" sum="60"/>
<action no="9" player="Gallantsea75" type="3" discard="1" dealt="1" sum="60"/>
</round>
<round no="4"><cards type="River">HQ</cards>
<action no="10" player="Wyrx" type="5" discard="1" dealt="1" sum="125"/>
<action no="11" player="Gallantsea75" type="3" discard="1" dealt="1" sum="125"/>
</round>
</game>
<game gamecode="11514925633"><general><startdate>2025-06-16 11:04:00</startdate>
<round>1</round>
<failsafecounter/>
<players><player seat="10" name="Gallantsea75" chips="755" dealer="0" win="0" bet="40" muck="1" rebuy="0" addon="0" merge="0" rebuychips="0" reg_code="8384868624"/>
<player seat="3" name="oreiasccp" chips="490" dealer="1" win="550" bet="255" muck="0" rebuy="0" addon="0" merge="0" rebuychips="0" reg_code="8384868442"/>
<player seat="6" name="Wyrx" chips="255" dealer="0" win="0" bet="255" muck="0" rebuy="0" addon="0" merge="0" rebuychips="0" reg_code="8384868488"/>
</players>
</general>
<round no="0"><action no="1" player="Wyrx" type="1" discard="1" dealt="1" sum="10"/>
<action no="2" player="Gallantsea75" type="2" discard="1" dealt="1" sum="20"/>
</round>
<round no="1"><cards type="Pocket" player="Wyrx">H10 H5</cards>
<cards type="Pocket" player="Gallantsea75">X X</cards>
<cards type="Pocket" player="oreiasccp">HA SA</cards>
<action no="3" player="oreiasccp" type="23" sum="40"/>
<action no="4" player="Wyrx" type="3" discard="1" dealt="1" sum="30"/>
<action no="5" player="Gallantsea75" type="3" discard="1" dealt="1" sum="20"/>
</round>
<round no="2"><cards type="Flop">H3 H2 SJ</cards>
<action no="6" player="Wyrx" type="5" discard="1" dealt="1" sum="120"/>
<action no="7" player="Gallantsea75" type="0" discard="1" dealt="1" sum="0"/>
<action no="8" player="oreiasccp" type="3" sum="120"/>
</round>
<round no="3"><cards type="Turn">S4</cards>
<action no="9" player="Wyrx" type="5" discard="1" dealt="1" sum="95"/>
<action no="10" player="oreiasccp" type="3" sum="95"/>
</round>
<round no="4"><cards type="River">CQ</cards>
</round>
</game>
<game gamecode="11514925725"><general><startdate>2025-06-16 11:04:24</startdate>
<round>1</round>
<failsafecounter/>
<players><player seat="3" name="oreiasccp" chips="785" dealer="0" win="260" bet="130" muck="0" rebuy="0" addon="0" merge="0" rebuychips="0" reg_code="8384868442"/>
<player seat="10" name="Gallantsea75" chips="715" dealer="1" win="0" bet="130" muck="1" rebuy="0" addon="0" merge="0" rebuychips="0" reg_code="8384868624"/>
</players>
</general>
<round no="0"><action no="1" player="Gallantsea75" type="1" discard="1" dealt="1" sum="10"/>
<action no="2" player="oreiasccp" type="2" sum="20"/>
</round>
<round no="1"><cards type="Pocket" player="Gallantsea75">CK S9</cards>
<cards type="Pocket" player="oreiasccp">D5 DA</cards>
<action no="3" player="Gallantsea75" type="23" discard="1" dealt="1" sum="40"/>
<action no="4" player="oreiasccp" type="3" sum="20"/>
</round>
<round no="2"><cards type="Flop">D9 D4 C5</cards>
<action no="5" player="oreiasccp" type="4" sum="0"/>
<action no="6" player="Gallantsea75" type="5" discard="1" dealt="1" sum="20"/>
<action no="7" player="oreiasccp" type="3" sum="20"/>
</round>
<round no="3"><cards type="Turn">C3</cards>
<action no="8" player="oreiasccp" type="4" sum="0"/>
<action no="9" player="Gallantsea75" type="5" discard="1" dealt="1" sum="20"/>
<action no="10" player="oreiasccp" type="3" sum="20"/>
</round>
<round no="4"><cards type="River">HA</cards>
<action no="11" player="oreiasccp" type="4" sum="0"/>
<action no="12" player="Gallantsea75" type="5" discard="1" dealt="1" sum="20"/>
<action no="13" player="oreiasccp" type="23" sum="50"/>
<action no="14" player="Gallantsea75" type="3" discard="1" dealt="1" sum="30"/>
</round>
</game>
<game gamecode="11514925828"><general><startdate>2025-06-16 11:04:53</startdate>
<round>1</round>
<failsafecounter/>
<players><player seat="10" name="Gallantsea75" chips="585" dealer="0" win="280" bet="140" muck="0" rebuy="0" addon="0" merge="0" rebuychips="0" reg_code="8384868624"/>
<player seat="3" name="oreiasccp" chips="915" dealer="1" win="0" bet="140" muck="1" rebuy="0" addon="0" merge="0" rebuychips="0" reg_code="8384868442"/>
</players>
</general>
<round no="0"><action no="1" player="oreiasccp" type="1" sum="10"/>
<action no="2" player="Gallantsea75" type="2" discard="1" dealt="1" sum="20"/>
</round>
<round no="1"><cards type="Pocket" player="Gallantsea75">DA S6</cards>
<cards type="Pocket" player="oreiasccp">HQ S10</cards>
<action no="3" player="oreiasccp" type="3" sum="10"/>
<action no="4" player="Gallantsea75" type="23" discard="1" dealt="1" sum="40"/>
<action no="5" player="oreiasccp" type="3" sum="20"/>
</round>
<round no="2"><cards type="Flop">H7 S4 HA</cards>
<action no="6" player="Gallantsea75" type="5" discard="1" dealt="1" sum="20"/>
<action no="7" player="oreiasccp" type="3" sum="20"/>
</round>
<round no="3"><cards type="Turn">H3</cards>
<action no="8" player="Gallantsea75" type="5" discard="1" dealt="1" sum="20"/>
<action no="9" player="oreiasccp" type="3" sum="20"/>
</round>
<round no="4"><cards type="River">DQ</cards>
<action no="10" player="Gallantsea75" type="5" discard="1" dealt="1" sum="60"/>
<action no="11" player="oreiasccp" type="3" sum="60"/>
</round>
</game>
<game gamecode="11514925937"><general><startdate>2025-06-16 11:05:19</startdate>
<round>1</round>
<failsafecounter/>
<players><player seat="3" name="oreiasccp" chips="775" dealer="0" win="20" bet="20" muck="1" rebuy="0" addon="0" merge="0" rebuychips="0" reg_code="8384868442"/>
<player seat="10" name="Gallantsea75" chips="725" dealer="1" win="0" bet="10" muck="1" rebuy="0" addon="0" merge="0" rebuychips="0" reg_code="8384868624"/>
</players>
</general>
<round no="0"><action no="1" player="Gallantsea75" type="1" discard="1" dealt="1" sum="10"/>
<action no="2" player="oreiasccp" type="2" sum="20"/>
</round>
<round no="1"><cards type="Pocket" player="Gallantsea75">X X</cards>
<cards type="Pocket" player="oreiasccp">D5 C6</cards>
<action no="3" player="Gallantsea75" type="0" discard="1" dealt="1" sum="0"/>
</round>
</game>
<game gamecode="11514925951"><general><startdate>2025-06-16 11:05:24</startdate>
<round>1</round>
<failsafecounter/>
<players><player seat="10" name="Gallantsea75" chips="715" dealer="0" win="0" bet="180" muck="1" rebuy="0" addon="0" merge="0" rebuychips="0" reg_code="8384868624"/>
<player seat="3" name="oreiasccp" chips="785" dealer="1" win="360" bet="180" muck="0" rebuy="0" addon="0" merge="0" rebuychips="0" reg_code="8384868442"/>
</players>
</general>
<round no="0"><action no="1" player="oreiasccp" type="1" sum="10"/>
<action no="2" player="Gallantsea75" type="2" discard="1" dealt="1" sum="20"/>
</round>
<round no="1"><cards type="Pocket" player="Gallantsea75">SJ C7</cards>
<cards type="Pocket" player="oreiasccp">SQ C5</cards>
<action no="3" player="oreiasccp" type="23" sum="40"/>
<action no="4" player="Gallantsea75" type="3" discard="1" dealt="1" sum="20"/>
</round>
<round no="2"><cards type="Flop">D3 C9 C4</cards>
<action no="5" player="Gallantsea75" type="4" discard="1" dealt="1" sum="0"/>
<action no="6" player="oreiasccp" type="5" sum="20"/>
<action no="7" player="Gallantsea75" type="3" discard="1" dealt="1" sum="20"/>
</round>
<round no="3"><cards type="Turn">S7</cards>
<action no="8" player="Gallantsea75" type="5" discard="1" dealt="1" sum="20"/>
<action no="9" player="oreiasccp" type="3" sum="20"/>
</round>
<round no="4"><cards type="River">S6</cards>
<action no="10" player="Gallantsea75" type="5" discard="1" dealt="1" sum="40"/>
<action no="11" player="oreiasccp" type="23" sum="100"/>
<action no="12" player="Gallantsea75" type="3" discard="1" dealt="1" sum="60"/>
</round>
</game>
<game gamecode="11514926084"><general><startdate>2025-06-16 11:05:57</startdate>
<round>1</round>
<failsafecounter/>
<players><player seat="3" name="oreiasccp" chips="965" dealer="0" win="70" bet="65" muck="1" rebuy="0" addon="0" merge="0" rebuychips="0" reg_code="8384868442"/>
<player seat="10" name="Gallantsea75" chips="535" dealer="1" win="0" bet="35" muck="1" rebuy="0" addon="0" merge="0" rebuychips="0" reg_code="8384868624"/>
</players>
</general>
<round no="0"><action no="1" player="Gallantsea75" type="15" discard="1" dealt="1" sum="5"/>
<action no="2" player="oreiasccp" type="15" sum="5"/>
<action no="3" player="Gallantsea75" type="1" discard="1" dealt="1" sum="15"/>
<action no="4" player="oreiasccp" type="2" sum="30"/>
</round>
<round no="1"><cards type="Pocket" player="oreiasccp">S2 C8</cards>
<cards type="Pocket" player="Gallantsea75">X X</cards>
<action no="5" player="Gallantsea75" type="3" discard="1" dealt="1" sum="15"/>
<action no="6" player="oreiasccp" type="4" sum="0"/>
</round>
<round no="2"><cards type="Flop">S9 HA S8</cards>
<action no="7" player="oreiasccp" type="4" sum="0"/>
<action no="8" player="Gallantsea75" type="4" discard="1" dealt="1" sum="0"/>
</round>
<round no="3"><cards type="Turn">S3</cards>
<action no="9" player="oreiasccp" type="4" sum="0"/>
<action no="10" player="Gallantsea75" type="4" discard="1" dealt="1" sum="0"/>
</round>
<round no="4"><cards type="River">C6</cards>
<action no="11" player="oreiasccp" type="5" sum="30"/>
<action no="12" player="Gallantsea75" type="0" discard="1" dealt="1" sum="0"/>
</round>
</game>
<game gamecode="11514926154"><general><startdate>2025-06-16 11:06:15</startdate>
<round>1</round>
<failsafecounter/>
<players><player seat="10" name="Gallantsea75" chips="500" dealer="0" win="0" bet="95" muck="0" rebuy="0" addon="0" merge="0" rebuychips="0" reg_code="8384868624"/>
<player seat="3" name="oreiasccp" chips="1,000" dealer="1" win="190" bet="95" muck="0" rebuy="0" addon="0" merge="0" rebuychips="0" reg_code="8384868442"/>
</players>
</general>
<round no="0"><action no="1" player="oreiasccp" type="15" sum="5"/>
<action no="2" player="Gallantsea75" type="15" discard="1" dealt="1" sum="5"/>
<action no="3" player="oreiasccp" type="1" sum="15"/>
<action no="4" player="Gallantsea75" type="2" discard="1" dealt="1" sum="30"/>
</round>
<round no="1"><cards type="Pocket" player="oreiasccp">HJ D6</cards>
<cards type="Pocket" player="Gallantsea75">H6 H9</cards>
<action no="5" player="oreiasccp" type="3" sum="15"/>
<action no="6" player="Gallantsea75" type="4" discard="1" dealt="1" sum="0"/>
</round>
<round no="2"><cards type="Flop">H5 SQ CK</cards>
<action no="7" player="Gallantsea75" type="4" discard="1" dealt="1" sum="0"/>
<action no="8" player="oreiasccp" type="5" sum="30"/>
<action no="9" player="Gallantsea75" type="3" discard="1" dealt="1" sum="30"/>
</round>
<round no="3"><cards type="Turn">C7</cards>
<action no="10" player="Gallantsea75" type="4" discard="1" dealt="1" sum="0"/>
<action no="11" player="oreiasccp" type="4" sum="0"/>
</round>
<round no="4"><cards type="River">S6</cards>
<action no="12" player="Gallantsea75" type="5" discard="1" dealt="1" sum="30"/>
<action no="13" player="oreiasccp" type="3" sum="30"/>
</round>
</game>
<game gamecode="11514926227"><general><startdate>2025-06-16 11:06:35</startdate>
<round>1</round>
<failsafecounter/>
<players><player seat="3" name="oreiasccp" chips="1,095" dealer="0" win="40" bet="35" muck="1" rebuy="0" addon="0" merge="0" rebuychips="0" reg_code="8384868442"/>
<player seat="10" name="Gallantsea75" chips="405" dealer="1" win="0" bet="20" muck="1" rebuy="0" addon="0" merge="0" rebuychips="0" reg_code="8384868624"/>
</players>
</general>
<round no="0"><action no="1" player="Gallantsea75" type="15" discard="1" dealt="1" sum="5"/>
<action no="2" player="oreiasccp" type="15" sum="5"/>
<action no="3" player="Gallantsea75" type="1" discard="1" dealt="1" sum="15"/>
<action no="4" player="oreiasccp" type="2" sum="30"/>
</round>
<round no="1"><cards type="Pocket" player="Gallantsea75">X X</cards>
<cards type="Pocket" player="oreiasccp">H4 C9</cards>
<action no="5" player="Gallantsea75" type="0" discard="1" dealt="1" sum="0"/>
</round>
</game>
<game gamecode="11514926243"><general><startdate>2025-06-16 11:06:40</startdate>
<round>1</round>
<failsafecounter/>
<players><player seat="10" name="Gallantsea75" chips="385" dealer="0" win="0" bet="65" muck="0" rebuy="0" addon="0" merge="0" rebuychips="0" reg_code="8384868624"/>
<player seat="3" name="oreiasccp" chips="1,115" dealer="1" win="130" bet="65" muck="0" rebuy="0" addon="0" merge="0" rebuychips="0" reg_code="8384868442"/>
</players>
</general>
<round no="0"><action no="1" player="oreiasccp" type="15" sum="5"/>
<action no="2" player="Gallantsea75" type="15" discard="1" dealt="1" sum="5"/>
<action no="3" player="oreiasccp" type="1" sum="15"/>
<action no="4" player="Gallantsea75" type="2" discard="1" dealt="1" sum="30"/>
</round>
<round no="1"><cards type="Pocket" player="oreiasccp">H9 DK</cards>
<cards type="Pocket" player="Gallantsea75">S2 C3</cards>
<action no="5" player="oreiasccp" type="3" sum="15"/>
<action no="6" player="Gallantsea75" type="4" discard="1" dealt="1" sum="0"/>
</round>
<round no="2"><cards type="Flop">H10 S7 C5</cards>
<action no="7" player="Gallantsea75" type="4" discard="1" dealt="1" sum="0"/>
<action no="8" player="oreiasccp" type="4" sum="0"/>
</round>
<round no="3"><cards type="Turn">S5</cards>
<action no="9" player="Gallantsea75" type="4" discard="1" dealt="1" sum="0"/>
<action no="10" player="oreiasccp" type="4" sum="0"/>
</round>
<round no="4"><cards type="River">S9</cards>
<action no="11" player="Gallantsea75" type="5" discard="1" dealt="1" sum="30"/>
<action no="12" player="oreiasccp" type="3" sum="30"/>
</round>
</game>
<game gamecode="11514926332"><general><startdate>2025-06-16 11:07:03</startdate>
<round>1</round>
<failsafecounter/>
<players><player seat="3" name="oreiasccp" chips="1,180" dealer="0" win="0" bet="35" muck="1" rebuy="0" addon="0" merge="0" rebuychips="0" reg_code="8384868442"/>
<player seat="10" name="Gallantsea75" chips="320" dealer="1" win="70" bet="320" muck="1" rebuy="0" addon="0" merge="0" rebuychips="0" reg_code="8384868624"/>
</players>
</general>
<round no="0"><action no="1" player="Gallantsea75" type="15" discard="1" dealt="1" sum="5"/>
<action no="2" player="oreiasccp" type="15" sum="5"/>
<action no="3" player="Gallantsea75" type="1" discard="1" dealt="1" sum="15"/>
<action no="4" player="oreiasccp" type="2" sum="30"/>
</round>
<round no="1"><cards type="Pocket" player="Gallantsea75">X X</cards>
<cards type="Pocket" player="oreiasccp">D4 C9</cards>
<action no="5" player="Gallantsea75" type="23" discard="1" dealt="1" sum="315"/>
<action no="6" player="oreiasccp" type="0" sum="0"/>
</round>
</game>
<game gamecode="11514926359"><general><startdate>2025-06-16 11:07:10</startdate>
<round>1</round>
<failsafecounter/>
<players><player seat="10" name="Gallantsea75" chips="355" dealer="0" win="70" bet="355" muck="1" rebuy="0" addon="0" merge="0" rebuychips="0" reg_code="8384868624"/>
<player seat="3" name="oreiasccp" chips="1,145" dealer="1" win="0" bet="35" muck="1" rebuy="0" addon="0" merge="0" rebuychips="0" reg_code="8384868442"/>
</players>
</general>
<round no="0"><action no="1" player="oreiasccp" type="15" sum="5"/>
<action no="2" player="Gallantsea75" type="15" discard="1" dealt="1" sum="5"/>
<action no="3" player="oreiasccp" type="1" sum="15"/>
<action no="4" player="Gallantsea75" type="2" discard="1" dealt="1" sum="30"/>
</round>
<round no="1"><cards type="Pocket" player="oreiasccp">S8 C9</cards>
<cards type="Pocket" player="Gallantsea75">X X</cards>
<action no="5" player="oreiasccp" type="3" sum="15"/>
<action no="6" player="Gallantsea75" type="23" discard="1" dealt="1" sum="350"/>
<action no="7" player="oreiasccp" type="0" sum="0"/>
</round>
</game>
<game gamecode="11514926390"><general><startdate>2025-06-16 11:07:18</startdate>
<round>1</round>
<failsafecounter/>
<players><player seat="3" name="oreiasccp" chips="1,110" dealer="0" win="0" bet="65" muck="1" rebuy="0" addon="0" merge="0" rebuychips="0" reg_code="8384868442"/>
<player seat="10" name="Gallantsea75" chips="390" dealer="1" win="130" bet="125" muck="1" rebuy="0" addon="0" merge="0" rebuychips="0" reg_code="8384868624"/>
</players>
</general>
<round no="0"><action no="1" player="Gallantsea75" type="15" discard="1" dealt="1" sum="5"/>
<action no="2" player="oreiasccp" type="15" sum="5"/>
<action no="3" player="Gallantsea75" type="1" discard="1" dealt="1" sum="15"/>
<action no="4" player="oreiasccp" type="2" sum="30"/>
</round>
<round no="1"><cards type="Pocket" player="Gallantsea75">X X</cards>
<cards type="Pocket" player="oreiasccp">H6 C8</cards>
<action no="5" player="Gallantsea75" type="3" discard="1" dealt="1" sum="15"/>
<action no="6" player="oreiasccp" type="4" sum="0"/>
</round>
<round no="2"><cards type="Flop">S5 D5 C4</cards>
<action no="7" player="oreiasccp" type="4" sum="0"/>
<action no="8" player="Gallantsea75" type="4" discard="1" dealt="1" sum="0"/>
</round>
<round no="3"><cards type="Turn">DJ</cards>
<action no="9" player="oreiasccp" type="5" sum="30"/>
<action no="10" player="Gallantsea75" type="3" discard="1" dealt="1" sum="30"/>
</round>
<round no="4"><cards type="River">D2</cards>
<action no="11" player="oreiasccp" type="4" sum="0"/>
<action no="12" player="Gallantsea75" type="5" discard="1" dealt="1" sum="60"/>
<action no="13" player="oreiasccp" type="0" sum="0"/>
</round>
</game>
<game gamecode="11514926492"><general><startdate>2025-06-16 11:07:43</startdate>
<round>1</round>
<failsafecounter/>
<players><player seat="10" name="Gallantsea75" chips="455" dealer="0" win="90" bet="85" muck="1" rebuy="0" addon="0" merge="0" rebuychips="0" reg_code="8384868624"/>
<player seat="3" name="oreiasccp" chips="1,045" dealer="1" win="0" bet="45" muck="1" rebuy="0" addon="0" merge="0" rebuychips="0" reg_code="8384868442"/>
</players>
</general>
<round no="0"><action no="1" player="oreiasccp" type="15" sum="5"/>
<action no="2" player="Gallantsea75" type="15" discard="1" dealt="1" sum="5"/>
<action no="3" player="oreiasccp" type="1" sum="20"/>
<action no="4" player="Gallantsea75" type="2" discard="1" dealt="1" sum="40"/>
</round>
<round no="1"><cards type="Pocket" player="oreiasccp">D2 HK</cards>
<cards type="Pocket" player="Gallantsea75">X X</cards>
<action no="5" player="oreiasccp" type="3" sum="20"/>
<action no="6" player="Gallantsea75" type="23" discard="1" dealt="1" sum="80"/>
<action no="7" player="oreiasccp" type="0" sum="0"/>
</round>
</game>
<game gamecode="11514926525"><general><startdate>2025-06-16 11:07:52</startdate>
<round>1</round>
<failsafecounter/>
<players><player seat="3" name="oreiasccp" chips="1,000" dealer="0" win="170" bet="85" muck="0" rebuy="0" addon="0" merge="0" rebuychips="0" reg_code="8384868442"/>
<player seat="10" name="Gallantsea75" chips="500" dealer="1" win="0" bet="85" muck="0" rebuy="0" addon="0" merge="0" rebuychips="0" reg_code="8384868624"/>
</players>
</general>
<round no="0"><action no="1" player="Gallantsea75" type="15" discard="1" dealt="1" sum="5"/>
<action no="2" player="oreiasccp" type="15" sum="5"/>
<action no="3" player="Gallantsea75" type="1" discard="1" dealt="1" sum="20"/>
<action no="4" player="oreiasccp" type="2" sum="40"/>
</round>
<round no="1"><cards type="Pocket" player="oreiasccp">SQ C5</cards>
<cards type="Pocket" player="Gallantsea75">S6 H4</cards>
<action no="5" player="Gallantsea75" type="3" discard="1" dealt="1" sum="20"/>
<action no="6" player="oreiasccp" type="4" sum="0"/>
</round>
<round no="2"><cards type="Flop">C9 H5 CA</cards>
<action no="7" player="oreiasccp" type="4" sum="0"/>
<action no="8" player="Gallantsea75" type="4" discard="1" dealt="1" sum="0"/>
</round>
<round no="3"><cards type="Turn">C2</cards>
<action no="9" player="oreiasccp" type="4" sum="0"/>
<action no="10" player="Gallantsea75" type="4" discard="1" dealt="1" sum="0"/>
</round>
<round no="4"><cards type="River">D4</cards>
<action no="11" player="oreiasccp" type="4" sum="0"/>
<action no="12" player="Gallantsea75" type="5" discard="1" dealt="1" sum="40"/>
<action no="13" player="oreiasccp" type="3" sum="40"/>
</round>
</game>
<game gamecode="11514926595"><general><startdate>2025-06-16 11:08:11</startdate>
<round>1</round>
<failsafecounter/>
<players><player seat="10" name="Gallantsea75" chips="415" dealer="0" win="0" bet="45" muck="1" rebuy="0" addon="0" merge="0" rebuychips="0" reg_code="8384868624"/>
<player seat="3" name="oreiasccp" chips="1,085" dealer="1" win="90" bet="85" muck="1" rebuy="0" addon="0" merge="0" rebuychips="0" reg_code="8384868442"/>
</players>
</general>
<round no="0"><action no="1" player="oreiasccp" type="15" sum="5"/>
<action no="2" player="Gallantsea75" type="15" discard="1" dealt="1" sum="5"/>
<action no="3" player="oreiasccp" type="1" sum="20"/>
<action no="4" player="Gallantsea75" type="2" discard="1" dealt="1" sum="40"/>
</round>
<round no="1"><cards type="Pocket" player="oreiasccp">H6 C10</cards>
<cards type="Pocket" player="Gallantsea75">X X</cards>
<action no="5" player="oreiasccp" type="3" sum="20"/>
<action no="6" player="Gallantsea75" type="4" discard="1" dealt="1" sum="0"/>
</round>
<round no="2"><cards type="Flop">D6 S10 CK</cards>
<action no="7" player="Gallantsea75" type="4" discard="1" dealt="1" sum="0"/>
<action no="8" player="oreiasccp" type="5" sum="40"/>
<action no="9" player="Gallantsea75" type="0" discard="1" dealt="1" sum="0"/>
</round>
</game>
<game gamecode="11514926639"><general><startdate>2025-06-16 11:08:24</startdate>
<round>1</round>
<failsafecounter/>
<players><player seat="3" name="oreiasccp" chips="1,130" dealer="0" win="0" bet="45" muck="1" rebuy="0" addon="0" merge="0" rebuychips="0" reg_code="8384868442"/>
<player seat="10" name="Gallantsea75" chips="370" dealer="1" win="90" bet="370" muck="1" rebuy="0" addon="0" merge="0" rebuychips="0" reg_code="8384868624"/>
</players>
</general>
<round no="0"><action no="1" player="Gallantsea75" type="15" discard="1" dealt="1" sum="5"/>
<action no="2" player="oreiasccp" type="15" sum="5"/>
<action no="3" player="Gallantsea75" type="1" discard="1" dealt="1" sum="20"/>
<action no="4" player="oreiasccp" type="2" sum="40"/>
</round>
<round no="1"><cards type="Pocket" player="Gallantsea75">X X</cards>
<cards type="Pocket" player="oreiasccp">C4 S3</cards>
<action no="5" player="Gallantsea75" type="23" discard="1" dealt="1" sum="365"/>
<action no="6" player="oreiasccp" type="0" sum="0"/>
</round>
</game>
<game gamecode="11514926671"><general><startdate>2025-06-16 11:08:32</startdate>
<round>1</round>
<failsafecounter/>
<players><player seat="10" name="Gallantsea75" chips="415" dealer="0" win="830" bet="415" muck="0" rebuy="0" addon="0" merge="0" rebuychips="0" reg_code="8384868624"/>
<player seat="3" name="oreiasccp" chips="1,085" dealer="1" win="0" bet="415" muck="0" rebuy="0" addon="0" merge="0" rebuychips="0" reg_code="8384868442"/>
</players>
</general>
<round no="0"><action no="1" player="oreiasccp" type="15" sum="5"/>
<action no="2" player="Gallantsea75" type="15" discard="1" dealt="1" sum="5"/>
<action no="3" player="oreiasccp" type="1" sum="20"/>
<action no="4" player="Gallantsea75" type="2" discard="1" dealt="1" sum="40"/>
</round>
<round no="1"><cards type="Pocket" player="oreiasccp">C10 SQ</cards>
<cards type="Pocket" player="Gallantsea75">S3 SA</cards>
<action no="5" player="oreiasccp" type="23" sum="410"/>
<action no="6" player="Gallantsea75" type="7" discard="1" dealt="1" sum="370"/>
</round>
<round no="2"><cards type="Flop">S8 HJ SJ</cards>
</round>
<round no="3"><cards type="Turn">H7</cards>
</round>
<round no="4"><cards type="River">H5</cards>
</round>
</game>
<game gamecode="11514926732"><general><startdate>2025-06-16 11:08:47</startdate>
<round>1</round>
<failsafecounter/>
<players><player seat="3" name="oreiasccp" chips="670" dealer="0" win="50" bet="45" muck="1" rebuy="0" addon="0" merge="0" rebuychips="0" reg_code="8384868442"/>
<player seat="10" name="Gallantsea75" chips="830" dealer="1" win="0" bet="25" muck="1" rebuy="0" addon="0" merge="0" rebuychips="0" reg_code="8384868624"/>
</players>
</general>
<round no="0"><action no="1" player="Gallantsea75" type="15" discard="1" dealt="1" sum="5"/>
<action no="2" player="oreiasccp" type="15" sum="5"/>
<action no="3" player="Gallantsea75" type="1" discard="1" dealt="1" sum="20"/>
<action no="4" player="oreiasccp" type="2" sum="40"/>
</round>
<round no="1"><cards type="Pocket" player="oreiasccp">S10 SA</cards>
<cards type="Pocket" player="Gallantsea75">X X</cards>
<action no="5" player="Gallantsea75" type="0" discard="1" dealt="1" sum="0"/>
</round>
</game>
<game gamecode="11514926753"><general><startdate>2025-06-16 11:08:53</startdate>
<round>1</round>
<failsafecounter/>
<players><player seat="10" name="Gallantsea75" chips="805" dealer="0" win="50" bet="45" muck="1" rebuy="0" addon="0" merge="0" rebuychips="0" reg_code="8384868624"/>
<player seat="3" name="oreiasccp" chips="695" dealer="1" win="0" bet="25" muck="1" rebuy="0" addon="0" merge="0" rebuychips="0" reg_code="8384868442"/>
</players>
</general>
<round no="0"><action no="1" player="oreiasccp" type="15" sum="5"/>
<action no="2" player="Gallantsea75" type="15" discard="1" dealt="1" sum="5"/>
<action no="3" player="oreiasccp" type="1" sum="20"/>
<action no="4" player="Gallantsea75" type="2" discard="1" dealt="1" sum="40"/>
</round>
<round no="1"><cards type="Pocket" player="oreiasccp">S9 H2</cards>
<cards type="Pocket" player="Gallantsea75">X X</cards>
<action no="5" player="oreiasccp" type="0" sum="0"/>
</round>
</game>
<game gamecode="11514926770"><general><startdate>2025-06-16 11:08:59</startdate>
<round>1</round>
<failsafecounter/>
<players><player seat="3" name="oreiasccp" chips="670" dealer="0" win="0" bet="125" muck="1" rebuy="0" addon="0" merge="0" rebuychips="0" reg_code="8384868442"/>
<player seat="10" name="Gallantsea75" chips="830" dealer="1" win="250" bet="245" muck="1" rebuy="0" addon="0" merge="0" rebuychips="0" reg_code="8384868624"/>
</players>
</general>
<round no="0"><action no="1" player="Gallantsea75" type="15" discard="1" dealt="1" sum="5"/>
<action no="2" player="oreiasccp" type="15" sum="5"/>
<action no="3" player="Gallantsea75" type="1" discard="1" dealt="1" sum="20"/>
<action no="4" player="oreiasccp" type="2" sum="40"/>
</round>
<round no="1"><cards type="Pocket" player="oreiasccp">D7 HK</cards>
<cards type="Pocket" player="Gallantsea75">X X</cards>
<action no="5" player="Gallantsea75" type="23" discard="1" dealt="1" sum="80"/>
<action no="6" player="oreiasccp" type="3" sum="40"/>
</round>
<round no="2"><cards type="Flop">C3 DA SA</cards>
<action no="7" player="oreiasccp" type="4" sum="0"/>
<action no="8" player="Gallantsea75" type="5" discard="1" dealt="1" sum="40"/>
<action no="9" player="oreiasccp" type="3" sum="40"/>
</round>
<round no="3"><cards type="Turn">H6</cards>
<action no="10" player="oreiasccp" type="4" sum="0"/>
<action no="11" player="Gallantsea75" type="4" discard="1" dealt="1" sum="0"/>
</round>
<round no="4"><cards type="River">S10</cards>
<action no="12" player="oreiasccp" type="4" sum="0"/>
<action no="13" player="Gallantsea75" type="5" discard="1" dealt="1" sum="120"/>
<action no="14" player="oreiasccp" type="0" sum="0"/>
</round>
</game>
<game gamecode="11514932053"><general><startdate>2025-06-16 11:09:29</startdate>
<round>1</round>
<failsafecounter/>
<players><player seat="10" name="Gallantsea75" chips="955" dealer="0" win="50" bet="45" muck="1" rebuy="0" addon="0" merge="0" rebuychips="0" reg_code="8384868624"/>
<player seat="3" name="oreiasccp" chips="545" dealer="1" win="0" bet="25" muck="1" rebuy="0" addon="0" merge="0" rebuychips="0" reg_code="8384868442"/>
</players>
</general>
<round no="0"><action no="1" player="oreiasccp" type="15" sum="5"/>
<action no="2" player="Gallantsea75" type="15" discard="1" dealt="1" sum="5"/>
<action no="3" player="oreiasccp" type="1" sum="20"/>
<action no="4" player="Gallantsea75" type="2" discard="1" dealt="1" sum="40"/>
</round>
<round no="1"><cards type="Pocket" player="Gallantsea75">X X</cards>
<cards type="Pocket" player="oreiasccp">H2 S6</cards>
<action no="5" player="oreiasccp" type="0" sum="0"/>
</round>
</game>
<game gamecode="11514932077"><general><startdate>2025-06-16 11:09:35</startdate>
<round>1</round>
<failsafecounter/>
<players><player seat="3" name="oreiasccp" chips="520" dealer="0" win="130" bet="125" muck="1" rebuy="0" addon="0" merge="0" rebuychips="0" reg_code="8384868442"/>
<player seat="10" name="Gallantsea75" chips="980" dealer="1" win="0" bet="65" muck="1" rebuy="0" addon="0" merge="0" rebuychips="0" reg_code="8384868624"/>
</players>
</general>
<round no="0"><action no="1" player="Gallantsea75" type="15" discard="1" dealt="1" sum="5"/>
<action no="2" player="oreiasccp" type="15" sum="5"/>
<action no="3" player="Gallantsea75" type="1" discard="1" dealt="1" sum="30"/>
<action no="4" player="oreiasccp" type="2" sum="60"/>
</round>
<round no="1"><cards type="Pocket" player="oreiasccp">D6 S10</cards>
<cards type="Pocket" player="Gallantsea75">X X</cards>
<action no="5" player="Gallantsea75" type="3" discard="1" dealt="1" sum="30"/>
<action no="6" player="oreiasccp" type="4" sum="0"/>
</round>
<round no="2"><cards type="Flop">H7 HA H9</cards>
<action no="7" player="oreiasccp" type="4" sum="0"/>
<action no="8" player="Gallantsea75" type="4" discard="1" dealt="1" sum="0"/>
</round>
<round no="3"><cards type="Turn">S7</cards>
<action no="9" player="oreiasccp" type="5" sum="60"/>
<action no="10" player="Gallantsea75" type="0" discard="1" dealt="1" sum="0"/>
</round>
</game>
<game gamecode="11514932135"><general><startdate>2025-06-16 11:09:51</startdate>
<round>1</round>
<failsafecounter/>
<players><player seat="10" name="Gallantsea75" chips="915" dealer="0" win="0" bet="65" muck="1" rebuy="0" addon="0" merge="0" rebuychips="0" reg_code="8384868624"/>
<player seat="3" name="oreiasccp" chips="585" dealer="1" win="130" bet="585" muck="1" rebuy="0" addon="0" merge="0" rebuychips="0" reg_code="8384868442"/>
</players>
</general>
<round no="0"><action no="1" player="oreiasccp" type="15" sum="5"/>
<action no="2" player="Gallantsea75" type="15" discard="1" dealt="1" sum="5"/>
<action no="3" player="oreiasccp" type="1" sum="30"/>
<action no="4" player="Gallantsea75" type="2" discard="1" dealt="1" sum="60"/>
</round>
<round no="1"><cards type="Pocket" player="oreiasccp">S7 DK</cards>
<cards type="Pocket" player="Gallantsea75">X X</cards>
<action no="5" player="oreiasccp" type="23" sum="580"/>
<action no="6" player="Gallantsea75" type="0" discard="1" dealt="1" sum="0"/>
</round>
</game>
<game gamecode="11514932166"><general><startdate>2025-06-16 11:09:59</startdate>
<round>1</round>
<failsafecounter/>
<players><player seat="3" name="oreiasccp" chips="650" dealer="0" win="70" bet="65" muck="1" rebuy="0" addon="0" merge="0" rebuychips="0" reg_code="8384868442"/>
<player seat="10" name="Gallantsea75" chips="850" dealer="1" win="0" bet="35" muck="1" rebuy="0" addon="0" merge="0" rebuychips="0" reg_code="8384868624"/>
</players>
</general>
<round no="0"><action no="1" player="Gallantsea75" type="15" discard="1" dealt="1" sum="5"/>
<action no="2" player="oreiasccp" type="15" sum="5"/>
<action no="3" player="Gallantsea75" type="1" discard="1" dealt="1" sum="30"/>
<action no="4" player="oreiasccp" type="2" sum="60"/>
</round>
<round no="1"><cards type="Pocket" player="oreiasccp">S5 DQ</cards>
<cards type="Pocket" player="Gallantsea75">X X</cards>
<action no="5" player="Gallantsea75" type="0" discard="1" dealt="1" sum="0"/>
</round>
</game>
<game gamecode="11514932194"><general><startdate>2025-06-16 11:10:05</startdate>
<round>1</round>
<failsafecounter/>
<players><player seat="10" name="Gallantsea75" chips="815" dealer="0" win="70" bet="65" muck="1" rebuy="0" addon="0" merge="0" rebuychips="0" reg_code="8384868624"/>
<player seat="3" name="oreiasccp" chips="685" dealer="1" win="0" bet="35" muck="1" rebuy="0" addon="0" merge="0" rebuychips="0" reg_code="8384868442"/>
</players>
</general>
<round no="0"><action no="1" player="oreiasccp" type="15" sum="5"/>
<action no="2" player="Gallantsea75" type="15" discard="1" dealt="1" sum="5"/>
<action no="3" player="oreiasccp" type="1" sum="30"/>
<action no="4" player="Gallantsea75" type="2" discard="1" dealt="1" sum="60"/>
</round>
<round no="1"><cards type="Pocket" player="oreiasccp">C5 D7</cards>
<cards type="Pocket" player="Gallantsea75">X X</cards>
<action no="5" player="oreiasccp" type="0" sum="0"/>
</round>
</game>
<game gamecode="11514932215"><general><startdate>2025-06-16 11:10:12</startdate>
<round>1</round>
<failsafecounter/>
<players><player seat="3" name="oreiasccp" chips="650" dealer="0" win="70" bet="65" muck="1" rebuy="0" addon="0" merge="0" rebuychips="0" reg_code="8384868442"/>
<player seat="10" name="Gallantsea75" chips="850" dealer="1" win="0" bet="35" muck="1" rebuy="0" addon="0" merge="0" rebuychips="0" reg_code="8384868624"/>
</players>
</general>
<round no="0"><action no="1" player="Gallantsea75" type="15" discard="1" dealt="1" sum="5"/>
<action no="2" player="oreiasccp" type="15" sum="5"/>
<action no="3" player="Gallantsea75" type="1" discard="1" dealt="1" sum="30"/>
<action no="4" player="oreiasccp" type="2" sum="60"/>
</round>
<round no="1"><cards type="Pocket" player="oreiasccp">CA D3</cards>
<cards type="Pocket" player="Gallantsea75">X X</cards>
<action no="5" player="Gallantsea75" type="0" discard="1" dealt="1" sum="0"/>
</round>
</game>
<game gamecode="11514932228"><general><startdate>2025-06-16 11:10:17</startdate>
<round>1</round>
<failsafecounter/>
<players><player seat="10" name="Gallantsea75" chips="815" dealer="0" win="1,370" bet="685" muck="0" rebuy="0" addon="0" merge="0" rebuychips="0" reg_code="8384868624"/>
<player seat="3" name="oreiasccp" chips="685" dealer="1" win="0" bet="685" muck="0" rebuy="0" addon="0" merge="0" rebuychips="0" reg_code="8384868442"/>
</players>
</general>
<round no="0"><action no="1" player="oreiasccp" type="15" sum="5"/>
<action no="2" player="Gallantsea75" type="15" discard="1" dealt="1" sum="5"/>
<action no="3" player="oreiasccp" type="1" sum="30"/>
<action no="4" player="Gallantsea75" type="2" discard="1" dealt="1" sum="60"/>
</round>
<round no="1"><cards type="Pocket" player="Gallantsea75">HJ SK</cards>
<cards type="Pocket" player="oreiasccp">C7 SA</cards>
<action no="5" player="oreiasccp" type="23" sum="680"/>
<action no="6" player="Gallantsea75" type="3" discard="1" dealt="1" sum="620"/>
</round>
<round no="2"><cards type="Flop">CA C10 S2</cards>
</round>
<round no="3"><cards type="Turn">D10</cards>
</round>
<round no="4"><cards type="River">SQ</cards>
</round>
</game>
</session>
