<?xml version="1.0" encoding="UTF-8"?>
<session sessioncode="8384878474">
<general>
<client_version>24.7.1.16</client_version>
<mode>real</mode>
<gametype>Holdem NL</gametype>
<tablename>Twister €5 SNG, 1127570439</tablename>
<tournamentcode>1127570438</tournamentcode>
<tournamentname>Twister €5 SNG</tournamentname>
<buyin>€0 + €0.35 + €4.65</buyin>
<totalbuyin>€5</totalbuyin>
<rewarddrawn>€15</rewarddrawn>
<tournamentcurrency>EUR</tournamentcurrency>
<currency>EUR</currency>
<nickname>oreiasccp</nickname>
<gamecount>13</gamecount>
<startdate>2025-06-16 11:31:08</startdate>
<place>1</place>
<win>€15</win>
<tablesize>3</tablesize>
</general>
<game gamecode="11514948188"><general><startdate>2025-06-16 11:31:23</startdate>
<round>1</round>
<failsafecounter/>
<players><player seat="6" name="507600401" chips="500" dealer="0" win="250" bet="245" muck="1" rebuy="0" addon="0" merge="0" rebuychips="0" reg_code="8384878476"/>
<player seat="10" name="Doc1905no1" chips="500" dealer="1" win="0" bet="120" muck="1" rebuy="0" addon="0" merge="0" rebuychips="0" reg_code="8384878521"/>
<player seat="3" name="oreiasccp" chips="500" dealer="0" win="0" bet="10" muck="1" rebuy="0" addon="0" merge="0" rebuychips="0" reg_code="8384878474"/>
</players>
</general>
<round no="0"><action no="1" player="oreiasccp" type="1" sum="10"/>
<action no="2" player="507600401" type="2" discard="1" dealt="1" sum="20"/>
</round>
<round no="1"><cards type="Pocket" player="507600401">X X</cards>
<cards type="Pocket" player="Doc1905no1">X X</cards>
<cards type="Pocket" player="oreiasccp">H9 CA</cards>
<action no="3" player="Doc1905no1" type="23" discard="1" dealt="1" sum="40"/>
<action no="4" player="oreiasccp" type="0" sum="0"/>
<action no="5" player="507600401" type="3" discard="1" dealt="1" sum="20"/>
</round>
<round no="2"><cards type="Flop">C9 S6 HJ</cards>
<action no="6" player="507600401" type="4" discard="1" dealt="1" sum="0"/>
<action no="7" player="Doc1905no1" type="5" discard="1" dealt="1" sum="40"/>
<action no="8" player="507600401" type="23" discard="1" dealt="1" sum="80"/>
<action no="9" player="Doc1905no1" type="3" discard="1" dealt="1" sum="40"/>
</round>
<round no="3"><cards type="Turn">D4</cards>
<action no="10" player="507600401" type="5" discard="1" dealt="1" sum="125"/>
<action no="11" player="Doc1905no1" type="0" discard="1" dealt="1" sum="0"/>
</round>
</game>
<game gamecode="11514948274"><general><startdate>2025-06-16 11:31:47</startdate>
<round>1</round>
<failsafecounter/>
<players><player seat="10" name="Doc1905no1" chips="380" dealer="0" win="80" bet="80" muck="1" rebuy="0" addon="0" merge="0" rebuychips="0" reg_code="8384878521"/>
<player seat="3" name="oreiasccp" chips="490" dealer="1" win="0" bet="0" muck="1" rebuy="0" addon="0" merge="0" rebuychips="0" reg_code="8384878474"/>
<player seat="6" name="507600401" chips="630" dealer="0" win="0" bet="40" muck="1" rebuy="0" addon="0" merge="0" rebuychips="0" reg_code="8384878476"/>
</players>
</general>
<round no="0"><action no="1" player="507600401" type="1" discard="1" dealt="1" sum="10"/>
<action no="2" player="Doc1905no1" type="2" discard="1" dealt="1" sum="20"/>
</round>
<round no="1"><cards type="Pocket" player="oreiasccp">C6 S3</cards>
<cards type="Pocket" player="507600401">X X</cards>
<cards type="Pocket" player="Doc1905no1">X X</cards>
<action no="3" player="oreiasccp" type="0" sum="0"/>
<action no="4" player="507600401" type="3" discard="1" dealt="1" sum="10"/>
<action no="5" player="Doc1905no1" type="4" discard="1" dealt="1" sum="0"/>
</round>
<round no="2"><cards type="Flop">D7 S7 SJ</cards>
<action no="6" player="507600401" type="4" discard="1" dealt="1" sum="0"/>
<action no="7" player="Doc1905no1" type="4" discard="1" dealt="1" sum="0"/>
</round>
<round no="3"><cards type="Turn">S2</cards>
<action no="8" player="507600401" type="4" discard="1" dealt="1" sum="0"/>
<action no="9" player="Doc1905no1" type="5" discard="1" dealt="1" sum="20"/>
<action no="10" player="507600401" type="3" discard="1" dealt="1" sum="20"/>
</round>
<round no="4"><cards type="River">H6</cards>
<action no="11" player="507600401" type="4" discard="1" dealt="1" sum="0"/>
<action no="12" player="Doc1905no1" type="5" discard="1" dealt="1" sum="40"/>
<action no="13" player="507600401" type="0" discard="1" dealt="1" sum="0"/>
</round>
</game>
<game gamecode="11514948396"><general><startdate>2025-06-16 11:32:18</startdate>
<round>1</round>
<failsafecounter/>
<players><player seat="3" name="oreiasccp" chips="490" dealer="0" win="540" bet="490" muck="1" rebuy="0" addon="0" merge="0" rebuychips="0" reg_code="8384878474"/>
<player seat="6" name="507600401" chips="590" dealer="1" win="0" bet="225" muck="1" rebuy="0" addon="0" merge="0" rebuychips="0" reg_code="8384878476"/>
<player seat="10" name="Doc1905no1" chips="420" dealer="0" win="0" bet="90" muck="1" rebuy="0" addon="0" merge="0" rebuychips="0" reg_code="8384878521"/>
</players>
</general>
<round no="0"><action no="1" player="Doc1905no1" type="1" discard="1" dealt="1" sum="10"/>
<action no="2" player="oreiasccp" type="2" sum="20"/>
</round>
<round no="1"><cards type="Pocket" player="507600401">X X</cards>
<cards type="Pocket" player="oreiasccp">H6 HQ</cards>
<cards type="Pocket" player="Doc1905no1">X X</cards>
<action no="3" player="507600401" type="3" discard="1" dealt="1" sum="20"/>
<action no="4" player="Doc1905no1" type="3" discard="1" dealt="1" sum="10"/>
<action no="5" player="oreiasccp" type="4" sum="0"/>
</round>
<round no="2"><cards type="Flop">H2 S10 H7</cards>
<action no="6" player="Doc1905no1" type="5" discard="1" dealt="1" sum="20"/>
<action no="7" player="oreiasccp" type="3" sum="20"/>
<action no="8" player="507600401" type="23" discard="1" dealt="1" sum="70"/>
<action no="9" player="Doc1905no1" type="3" discard="1" dealt="1" sum="50"/>
<action no="10" player="oreiasccp" type="3" sum="50"/>
</round>
<round no="3"><cards type="Turn">SK</cards>
<action no="11" player="Doc1905no1" type="4" discard="1" dealt="1" sum="0"/>
<action no="12" player="oreiasccp" type="4" sum="0"/>
<action no="13" player="507600401" type="5" discard="1" dealt="1" sum="135"/>
<action no="14" player="Doc1905no1" type="0" discard="1" dealt="1" sum="0"/>
<action no="15" player="oreiasccp" type="3" sum="135"/>
</round>
<round no="4"><cards type="River">HJ</cards>
<action no="16" player="oreiasccp" type="5" sum="265"/>
<action no="17" player="507600401" type="0" discard="1" dealt="1" sum="0"/>
</round>
</game>
<game gamecode="11514953070"><general><startdate>2025-06-16 11:33:02</startdate>
<round>1</round>
<failsafecounter/>
<players><player seat="6" name="507600401" chips="365" dealer="0" win="20" bet="20" muck="1" rebuy="0" addon="0" merge="0" rebuychips="0" reg_code="8384878476"/>
<player seat="10" name="Doc1905no1" chips="330" dealer="1" win="0" bet="0" muck="1" rebuy="0" addon="0" merge="0" rebuychips="0" reg_code="8384878521"/>
<player seat="3" name="oreiasccp" chips="805" dealer="0" win="0" bet="10" muck="1" rebuy="0" addon="0" merge="0" rebuychips="0" reg_code="8384878474"/>
</players>
</general>
<round no="0"><action no="1" player="oreiasccp" type="1" sum="10"/>
<action no="2" player="507600401" type="2" discard="1" dealt="1" sum="20"/>
</round>
<round no="1"><cards type="Pocket" player="507600401">X X</cards>
<cards type="Pocket" player="Doc1905no1">X X</cards>
<cards type="Pocket" player="oreiasccp">D3 S10</cards>
<action no="3" player="Doc1905no1" type="0" discard="1" dealt="1" sum="0"/>
<action no="4" player="oreiasccp" type="0" sum="0"/>
</round>
</game>
<game gamecode="11514953104"><general><startdate>2025-06-16 11:33:10</startdate>
<round>1</round>
<failsafecounter/>
<players><player seat="10" name="Doc1905no1" chips="330" dealer="0" win="80" bet="60" muck="1" rebuy="0" addon="0" merge="0" rebuychips="0" reg_code="8384878521"/>
<player seat="3" name="oreiasccp" chips="795" dealer="1" win="0" bet="0" muck="1" rebuy="0" addon="0" merge="0" rebuychips="0" reg_code="8384878474"/>
<player seat="6" name="507600401" chips="375" dealer="0" win="0" bet="40" muck="1" rebuy="0" addon="0" merge="0" rebuychips="0" reg_code="8384878476"/>
</players>
</general>
<round no="0"><action no="1" player="507600401" type="1" discard="1" dealt="1" sum="10"/>
<action no="2" player="Doc1905no1" type="2" discard="1" dealt="1" sum="20"/>
</round>
<round no="1"><cards type="Pocket" player="Doc1905no1">X X</cards>
<cards type="Pocket" player="oreiasccp">D4 HQ</cards>
<cards type="Pocket" player="507600401">X X</cards>
<action no="3" player="oreiasccp" type="0" sum="0"/>
<action no="4" player="507600401" type="23" discard="1" dealt="1" sum="40"/>
<action no="5" player="Doc1905no1" type="3" discard="1" dealt="1" sum="20"/>
</round>
<round no="2"><cards type="Flop">H10 D2 S9</cards>
<action no="6" player="507600401" type="4" discard="1" dealt="1" sum="0"/>
<action no="7" player="Doc1905no1" type="5" discard="1" dealt="1" sum="20"/>
<action no="8" player="507600401" type="0" discard="1" dealt="1" sum="0"/>
</round>
</game>
<game gamecode="11514953169"><general><startdate>2025-06-16 11:33:26</startdate>
<round>1</round>
<failsafecounter/>
<players><player seat="3" name="oreiasccp" chips="795" dealer="0" win="735" bet="370" muck="0" rebuy="0" addon="0" merge="0" rebuychips="0" reg_code="8384878474"/>
<player seat="6" name="507600401" chips="335" dealer="1" win="0" bet="335" muck="1" rebuy="0" addon="0" merge="0" rebuychips="0" reg_code="8384878476"/>
<player seat="10" name="Doc1905no1" chips="370" dealer="0" win="0" bet="65" muck="1" rebuy="0" addon="0" merge="0" rebuychips="0" reg_code="8384878521"/>
</players>
</general>
<round no="0"><action no="1" player="Doc1905no1" type="15" discard="1" dealt="1" sum="5"/>
<action no="2" player="oreiasccp" type="15" sum="5"/>
<action no="3" player="507600401" type="15" discard="1" dealt="1" sum="5"/>
<action no="4" player="Doc1905no1" type="1" discard="1" dealt="1" sum="15"/>
<action no="5" player="oreiasccp" type="2" sum="30"/>
</round>
<round no="1"><cards type="Pocket" player="507600401">DQ S10</cards>
<cards type="Pocket" player="Doc1905no1">X X</cards>
<cards type="Pocket" player="oreiasccp">H5 C5</cards>
<action no="6" player="507600401" type="23" discard="1" dealt="1" sum="60"/>
<action no="7" player="Doc1905no1" type="3" discard="1" dealt="1" sum="45"/>
<action no="8" player="oreiasccp" type="23" sum="365"/>
<action no="9" player="507600401" type="7" discard="1" dealt="1" sum="270"/>
<action no="10" player="Doc1905no1" type="0" discard="1" dealt="1" sum="0"/>
</round>
<round no="2"><cards type="Flop">D3 D7 HA</cards>
</round>
<round no="3"><cards type="Turn">H9</cards>
</round>
<round no="4"><cards type="River">C3</cards>
</round>
</game>
<game gamecode="11514953265"><general><startdate>2025-06-16 11:33:50</startdate>
<round>1</round>
<failsafecounter/>
<players><player seat="3" name="oreiasccp" chips="1,195" dealer="0" win="0" bet="35" muck="1" rebuy="0" addon="0" merge="0" rebuychips="0" reg_code="8384878474"/>
<player seat="10" name="Doc1905no1" chips="305" dealer="1" win="70" bet="65" muck="1" rebuy="0" addon="0" merge="0" rebuychips="0" reg_code="8384878521"/>
</players>
</general>
<round no="0"><action no="1" player="Doc1905no1" type="15" discard="1" dealt="1" sum="5"/>
<action no="2" player="oreiasccp" type="15" sum="5"/>
<action no="3" player="Doc1905no1" type="1" discard="1" dealt="1" sum="15"/>
<action no="4" player="oreiasccp" type="2" sum="30"/>
</round>
<round no="1"><cards type="Pocket" player="oreiasccp">S2 SQ</cards>
<cards type="Pocket" player="Doc1905no1">X X</cards>
<action no="5" player="Doc1905no1" type="3" discard="1" dealt="1" sum="15"/>
<action no="6" player="oreiasccp" type="4" sum="0"/>
</round>
<round no="2"><cards type="Flop">C5 SK H7</cards>
<action no="7" player="oreiasccp" type="4" sum="0"/>
<action no="8" player="Doc1905no1" type="5" discard="1" dealt="1" sum="30"/>
<action no="9" player="oreiasccp" type="0" sum="0"/>
</round>
</game>
<game gamecode="11514953322"><general><startdate>2025-06-16 11:34:03</startdate>
<round>1</round>
<failsafecounter/>
<players><player seat="10" name="Doc1905no1" chips="340" dealer="0" win="0" bet="35" muck="1" rebuy="0" addon="0" merge="0" rebuychips="0" reg_code="8384878521"/>
<player seat="3" name="oreiasccp" chips="1,160" dealer="1" win="70" bet="340" muck="1" rebuy="0" addon="0" merge="0" rebuychips="0" reg_code="8384878474"/>
</players>
</general>
<round no="0"><action no="1" player="oreiasccp" type="15" sum="5"/>
<action no="2" player="Doc1905no1" type="15" discard="1" dealt="1" sum="5"/>
<action no="3" player="oreiasccp" type="1" sum="15"/>
<action no="4" player="Doc1905no1" type="2" discard="1" dealt="1" sum="30"/>
</round>
<round no="1"><cards type="Pocket" player="Doc1905no1">X X</cards>
<cards type="Pocket" player="oreiasccp">DA SQ</cards>
<action no="5" player="oreiasccp" type="23" sum="335"/>
<action no="6" player="Doc1905no1" type="0" discard="1" dealt="1" sum="0"/>
</round>
</game>
<game gamecode="11514953388"><general><startdate>2025-06-16 11:34:20</startdate>
<round>1</round>
<failsafecounter/>
<players><player seat="3" name="oreiasccp" chips="1,195" dealer="0" win="0" bet="65" muck="1" rebuy="0" addon="0" merge="0" rebuychips="0" reg_code="8384878474"/>
<player seat="10" name="Doc1905no1" chips="305" dealer="1" win="130" bet="305" muck="1" rebuy="0" addon="0" merge="0" rebuychips="0" reg_code="8384878521"/>
</players>
</general>
<round no="0"><action no="1" player="Doc1905no1" type="15" discard="1" dealt="1" sum="5"/>
<action no="2" player="oreiasccp" type="15" sum="5"/>
<action no="3" player="Doc1905no1" type="1" discard="1" dealt="1" sum="15"/>
<action no="4" player="oreiasccp" type="2" sum="30"/>
</round>
<round no="1"><cards type="Pocket" player="oreiasccp">S6 H7</cards>
<cards type="Pocket" player="Doc1905no1">X X</cards>
<action no="5" player="Doc1905no1" type="23" discard="1" dealt="1" sum="60"/>
<action no="6" player="oreiasccp" type="3" sum="30"/>
</round>
<round no="2"><cards type="Flop">D5 D2 S8</cards>
<action no="7" player="oreiasccp" type="4" sum="0"/>
<action no="8" player="Doc1905no1" type="5" discard="1" dealt="1" sum="240"/>
<action no="9" player="oreiasccp" type="0" sum="0"/>
</round>
</game>
<game gamecode="11514953431"><general><startdate>2025-06-16 11:34:35</startdate>
<round>1</round>
<failsafecounter/>
<players><player seat="10" name="Doc1905no1" chips="370" dealer="0" win="0" bet="35" muck="1" rebuy="0" addon="0" merge="0" rebuychips="0" reg_code="8384878521"/>
<player seat="3" name="oreiasccp" chips="1,130" dealer="1" win="70" bet="65" muck="1" rebuy="0" addon="0" merge="0" rebuychips="0" reg_code="8384878474"/>
</players>
</general>
<round no="0"><action no="1" player="oreiasccp" type="15" sum="5"/>
<action no="2" player="Doc1905no1" type="15" discard="1" dealt="1" sum="5"/>
<action no="3" player="oreiasccp" type="1" sum="15"/>
<action no="4" player="Doc1905no1" type="2" discard="1" dealt="1" sum="30"/>
</round>
<round no="1"><cards type="Pocket" player="Doc1905no1">X X</cards>
<cards type="Pocket" player="oreiasccp">SA SK</cards>
<action no="5" player="oreiasccp" type="3" sum="15"/>
<action no="6" player="Doc1905no1" type="4" discard="1" dealt="1" sum="0"/>
</round>
<round no="2"><cards type="Flop">C9 S6 DA</cards>
<action no="7" player="Doc1905no1" type="4" discard="1" dealt="1" sum="0"/>
<action no="8" player="oreiasccp" type="5" sum="30"/>
<action no="9" player="Doc1905no1" type="0" discard="1" dealt="1" sum="0"/>
</round>
</game>
<game gamecode="11514953481"><general><startdate>2025-06-16 11:34:49</startdate>
<round>1</round>
<failsafecounter/>
<players><player seat="3" name="oreiasccp" chips="1,165" dealer="0" win="0" bet="65" muck="1" rebuy="0" addon="0" merge="0" rebuychips="0" reg_code="8384878474"/>
<player seat="10" name="Doc1905no1" chips="335" dealer="1" win="130" bet="125" muck="1" rebuy="0" addon="0" merge="0" rebuychips="0" reg_code="8384878521"/>
</players>
</general>
<round no="0"><action no="1" player="Doc1905no1" type="15" discard="1" dealt="1" sum="5"/>
<action no="2" player="oreiasccp" type="15" sum="5"/>
<action no="3" player="Doc1905no1" type="1" discard="1" dealt="1" sum="15"/>
<action no="4" player="oreiasccp" type="2" sum="30"/>
</round>
<round no="1"><cards type="Pocket" player="Doc1905no1">X X</cards>
<cards type="Pocket" player="oreiasccp">C5 CJ</cards>
<action no="5" player="Doc1905no1" type="3" discard="1" dealt="1" sum="15"/>
<action no="6" player="oreiasccp" type="4" sum="0"/>
</round>
<round no="2"><cards type="Flop">SJ S8 S7</cards>
<action no="7" player="oreiasccp" type="4" sum="0"/>
<action no="8" player="Doc1905no1" type="5" discard="1" dealt="1" sum="30"/>
<action no="9" player="oreiasccp" type="3" sum="30"/>
</round>
<round no="3"><cards type="Turn">C9</cards>
<action no="10" player="oreiasccp" type="4" sum="0"/>
<action no="11" player="Doc1905no1" type="5" discard="1" dealt="1" sum="60"/>
<action no="12" player="oreiasccp" type="0" sum="0"/>
</round>
</game>
<game gamecode="11514953548"><general><startdate>2025-06-16 11:35:09</startdate>
<round>1</round>
<failsafecounter/>
<players><player seat="10" name="Doc1905no1" chips="400" dealer="0" win="130" bet="125" muck="1" rebuy="0" addon="0" merge="0" rebuychips="0" reg_code="8384878521"/>
<player seat="3" name="oreiasccp" chips="1,100" dealer="1" win="0" bet="65" muck="1" rebuy="0" addon="0" merge="0" rebuychips="0" reg_code="8384878474"/>
</players>
</general>
<round no="0"><action no="1" player="oreiasccp" type="15" sum="5"/>
<action no="2" player="Doc1905no1" type="15" discard="1" dealt="1" sum="5"/>
<action no="3" player="oreiasccp" type="1" sum="15"/>
<action no="4" player="Doc1905no1" type="2" discard="1" dealt="1" sum="30"/>
</round>
<round no="1"><cards type="Pocket" player="oreiasccp">DJ H2</cards>
<cards type="Pocket" player="Doc1905no1">X X</cards>
<action no="5" player="oreiasccp" type="3" sum="15"/>
<action no="6" player="Doc1905no1" type="4" discard="1" dealt="1" sum="0"/>
</round>
<round no="2"><cards type="Flop">DQ CA D8</cards>
<action no="7" player="Doc1905no1" type="4" discard="1" dealt="1" sum="0"/>
<action no="8" player="oreiasccp" type="5" sum="30"/>
<action no="9" player="Doc1905no1" type="3" discard="1" dealt="1" sum="30"/>
</round>
<round no="3"><cards type="Turn">SK</cards>
<action no="10" player="Doc1905no1" type="5" discard="1" dealt="1" sum="60"/>
<action no="11" player="oreiasccp" type="0" sum="0"/>
</round>
</game>
<game gamecode="11514953602"><general><startdate>2025-06-16 11:35:27</startdate>
<round>1</round>
<failsafecounter/>
<players><player seat="3" name="oreiasccp" chips="1,035" dealer="0" win="930" bet="465" muck="0" rebuy="0" addon="0" merge="0" rebuychips="0" reg_code="8384878474"/>
<player seat="10" name="Doc1905no1" chips="465" dealer="1" win="0" bet="465" muck="1" rebuy="0" addon="0" merge="0" rebuychips="0" reg_code="8384878521"/>
</players>
</general>
<round no="0"><action no="1" player="Doc1905no1" type="15" discard="1" dealt="1" sum="5"/>
<action no="2" player="oreiasccp" type="15" sum="5"/>
<action no="3" player="Doc1905no1" type="1" discard="1" dealt="1" sum="20"/>
<action no="4" player="oreiasccp" type="2" sum="40"/>
</round>
<round no="1"><cards type="Pocket" player="Doc1905no1">DJ CK</cards>
<cards type="Pocket" player="oreiasccp">SA SQ</cards>
<action no="5" player="Doc1905no1" type="23" discard="1" dealt="1" sum="80"/>
<action no="6" player="oreiasccp" type="23" sum="460"/>
<action no="7" player="Doc1905no1" type="7" discard="1" dealt="1" sum="380"/>
</round>
<round no="2"><cards type="Flop">H3 H2 C9</cards>
</round>
<round no="3"><cards type="Turn">DQ</cards>
</round>
<round no="4"><cards type="River">H6</cards>
</round>
</game>
</session>
