<?xml version="1.0" encoding="UTF-8"?>
<session sessioncode="8384896877">
<general>
<client_version>24.7.1.16</client_version>
<mode>real</mode>
<gametype>Holdem NL</gametype>
<tablename>Twister €5 SNG, 1127573126</tablename>
<tournamentcode>1127573125</tournamentcode>
<tournamentname>Twister €5 SNG</tournamentname>
<buyin>€0 + €0.35 + €4.65</buyin>
<totalbuyin>€5</totalbuyin>
<rewarddrawn>€10</rewarddrawn>
<tournamentcurrency>EUR</tournamentcurrency>
<currency>EUR</currency>
<nickname>oreiasccp</nickname>
<gamecount>19</gamecount>
<startdate>2025-06-16 12:21:30</startdate>
<place>1</place>
<win>€10</win>
<tablesize>3</tablesize>
</general>
<game gamecode="11514998718"><general><startdate>2025-06-16 12:21:45</startdate>
<round>1</round>
<failsafecounter/>
<players><player seat="3" name="bossfalse956" chips="500" dealer="0" win="0" bet="40" muck="1" rebuy="0" addon="0" merge="0" rebuychips="0" reg_code="8384896839"/>
<player seat="6" name="Xlabuda" chips="500" dealer="1" win="0" bet="0" muck="1" rebuy="0" addon="0" merge="0" rebuychips="0" reg_code="8384896846"/>
<player seat="10" name="oreiasccp" chips="500" dealer="0" win="80" bet="69" muck="1" rebuy="0" addon="0" merge="0" rebuychips="0" reg_code="8384896877"/>
</players>
</general>
<round no="0"><action no="1" player="oreiasccp" type="1" sum="10"/>
<action no="2" player="bossfalse956" type="2" discard="1" dealt="1" sum="20"/>
</round>
<round no="1"><cards type="Pocket" player="oreiasccp">H4 HA</cards>
<cards type="Pocket" player="bossfalse956">X X</cards>
<cards type="Pocket" player="Xlabuda">X X</cards>
<action no="3" player="Xlabuda" type="0" discard="1" dealt="1" sum="0"/>
<action no="4" player="oreiasccp" type="23" sum="40"/>
<action no="5" player="bossfalse956" type="3" discard="1" dealt="1" sum="20"/>
</round>
<round no="2"><cards type="Flop">DA D6 D7</cards>
<action no="6" player="oreiasccp" type="5" sum="29"/>
<action no="7" player="bossfalse956" type="0" discard="1" dealt="1" sum="0"/>
</round>
</game>
<game gamecode="11514998781"><general><startdate>2025-06-16 12:22:04</startdate>
<round>1</round>
<failsafecounter/>
<players><player seat="6" name="Xlabuda" chips="500" dealer="0" win="0" bet="20" muck="1" rebuy="0" addon="0" merge="0" rebuychips="0" reg_code="8384896846"/>
<player seat="10" name="oreiasccp" chips="540" dealer="1" win="0" bet="0" muck="1" rebuy="0" addon="0" merge="0" rebuychips="0" reg_code="8384896877"/>
<player seat="3" name="bossfalse956" chips="460" dealer="0" win="40" bet="40" muck="1" rebuy="0" addon="0" merge="0" rebuychips="0" reg_code="8384896839"/>
</players>
</general>
<round no="0"><action no="1" player="bossfalse956" type="1" discard="1" dealt="1" sum="10"/>
<action no="2" player="Xlabuda" type="2" discard="1" dealt="1" sum="20"/>
</round>
<round no="1"><cards type="Pocket" player="oreiasccp">S3 C2</cards>
<cards type="Pocket" player="Xlabuda">X X</cards>
<cards type="Pocket" player="bossfalse956">X X</cards>
<action no="3" player="oreiasccp" type="0" sum="0"/>
<action no="4" player="bossfalse956" type="3" discard="1" dealt="1" sum="10"/>
<action no="5" player="Xlabuda" type="4" discard="1" dealt="1" sum="0"/>
</round>
<round no="2"><cards type="Flop">D5 C6 S9</cards>
<action no="6" player="bossfalse956" type="4" discard="1" dealt="1" sum="0"/>
<action no="7" player="Xlabuda" type="4" discard="1" dealt="1" sum="0"/>
</round>
<round no="3"><cards type="Turn">H10</cards>
<action no="8" player="bossfalse956" type="5" discard="1" dealt="1" sum="20"/>
<action no="9" player="Xlabuda" type="0" discard="1" dealt="1" sum="0"/>
</round>
</game>
<game gamecode="11514998863"><general><startdate>2025-06-16 12:22:29</startdate>
<round>1</round>
<failsafecounter/>
<players><player seat="10" name="oreiasccp" chips="540" dealer="0" win="0" bet="20" muck="1" rebuy="0" addon="0" merge="0" rebuychips="0" reg_code="8384896877"/>
<player seat="3" name="bossfalse956" chips="480" dealer="1" win="0" bet="20" muck="1" rebuy="0" addon="0" merge="0" rebuychips="0" reg_code="8384896839"/>
<player seat="6" name="Xlabuda" chips="480" dealer="0" win="60" bet="90" muck="1" rebuy="0" addon="0" merge="0" rebuychips="0" reg_code="8384896846"/>
</players>
</general>
<round no="0"><action no="1" player="Xlabuda" type="1" discard="1" dealt="1" sum="10"/>
<action no="2" player="oreiasccp" type="2" sum="20"/>
</round>
<round no="1"><cards type="Pocket" player="bossfalse956">X X</cards>
<cards type="Pocket" player="oreiasccp">SJ H6</cards>
<cards type="Pocket" player="Xlabuda">X X</cards>
<action no="3" player="bossfalse956" type="3" discard="1" dealt="1" sum="20"/>
<action no="4" player="Xlabuda" type="23" discard="1" dealt="1" sum="90"/>
<action no="5" player="oreiasccp" type="0" sum="0"/>
<action no="6" player="bossfalse956" type="0" discard="1" dealt="1" sum="0"/>
</round>
</game>
<game gamecode="11514998957"><general><startdate>2025-06-16 12:22:59</startdate>
<round>1</round>
<failsafecounter/>
<players><player seat="3" name="bossfalse956" chips="460" dealer="0" win="0" bet="20" muck="1" rebuy="0" addon="0" merge="0" rebuychips="0" reg_code="8384896839"/>
<player seat="6" name="Xlabuda" chips="520" dealer="1" win="50" bet="40" muck="1" rebuy="0" addon="0" merge="0" rebuychips="0" reg_code="8384896846"/>
<player seat="10" name="oreiasccp" chips="520" dealer="0" win="0" bet="10" muck="1" rebuy="0" addon="0" merge="0" rebuychips="0" reg_code="8384896877"/>
</players>
</general>
<round no="0"><action no="1" player="oreiasccp" type="1" sum="10"/>
<action no="2" player="bossfalse956" type="2" discard="1" dealt="1" sum="20"/>
</round>
<round no="1"><cards type="Pocket" player="Xlabuda">X X</cards>
<cards type="Pocket" player="oreiasccp">C2 D9</cards>
<cards type="Pocket" player="bossfalse956">X X</cards>
<action no="3" player="Xlabuda" type="23" discard="1" dealt="1" sum="40"/>
<action no="4" player="oreiasccp" type="0" sum="0"/>
<action no="5" player="bossfalse956" type="0" discard="1" dealt="1" sum="0"/>
</round>
</game>
<game gamecode="11514998984"><general><startdate>2025-06-16 12:23:07</startdate>
<round>1</round>
<failsafecounter/>
<players><player seat="6" name="Xlabuda" chips="550" dealer="0" win="20" bet="20" muck="1" rebuy="0" addon="0" merge="0" rebuychips="0" reg_code="8384896846"/>
<player seat="10" name="oreiasccp" chips="510" dealer="1" win="0" bet="0" muck="1" rebuy="0" addon="0" merge="0" rebuychips="0" reg_code="8384896877"/>
<player seat="3" name="bossfalse956" chips="440" dealer="0" win="0" bet="10" muck="1" rebuy="0" addon="0" merge="0" rebuychips="0" reg_code="8384896839"/>
</players>
</general>
<round no="0"><action no="1" player="bossfalse956" type="1" discard="1" dealt="1" sum="10"/>
<action no="2" player="Xlabuda" type="2" discard="1" dealt="1" sum="20"/>
</round>
<round no="1"><cards type="Pocket" player="Xlabuda">X X</cards>
<cards type="Pocket" player="oreiasccp">H6 DK</cards>
<cards type="Pocket" player="bossfalse956">X X</cards>
<action no="3" player="oreiasccp" type="0" sum="0"/>
<action no="4" player="bossfalse956" type="0" discard="1" dealt="1" sum="0"/>
</round>
</game>
<game gamecode="11514999007"><general><startdate>2025-06-16 12:23:13</startdate>
<round>1</round>
<failsafecounter/>
<players><player seat="10" name="oreiasccp" chips="510" dealer="0" win="20" bet="20" muck="1" rebuy="0" addon="0" merge="0" rebuychips="0" reg_code="8384896877"/>
<player seat="3" name="bossfalse956" chips="430" dealer="1" win="0" bet="0" muck="1" rebuy="0" addon="0" merge="0" rebuychips="0" reg_code="8384896839"/>
<player seat="6" name="Xlabuda" chips="560" dealer="0" win="0" bet="10" muck="1" rebuy="0" addon="0" merge="0" rebuychips="0" reg_code="8384896846"/>
</players>
</general>
<round no="0"><action no="1" player="Xlabuda" type="1" discard="1" dealt="1" sum="10"/>
<action no="2" player="oreiasccp" type="2" sum="20"/>
</round>
<round no="1"><cards type="Pocket" player="oreiasccp">C7 C6</cards>
<cards type="Pocket" player="bossfalse956">X X</cards>
<cards type="Pocket" player="Xlabuda">X X</cards>
<action no="3" player="bossfalse956" type="0" discard="1" dealt="1" sum="0"/>
<action no="4" player="Xlabuda" type="0" discard="1" dealt="1" sum="0"/>
</round>
</game>
<game gamecode="11514999026"><general><startdate>2025-06-16 12:23:19</startdate>
<round>1</round>
<failsafecounter/>
<players><player seat="3" name="bossfalse956" chips="430" dealer="0" win="0" bet="20" muck="1" rebuy="0" addon="0" merge="0" rebuychips="0" reg_code="8384896839"/>
<player seat="6" name="Xlabuda" chips="550" dealer="1" win="0" bet="0" muck="1" rebuy="0" addon="0" merge="0" rebuychips="0" reg_code="8384896846"/>
<player seat="10" name="oreiasccp" chips="520" dealer="0" win="40" bet="430" muck="1" rebuy="0" addon="0" merge="0" rebuychips="0" reg_code="8384896877"/>
</players>
</general>
<round no="0"><action no="1" player="oreiasccp" type="1" sum="10"/>
<action no="2" player="bossfalse956" type="2" discard="1" dealt="1" sum="20"/>
</round>
<round no="1"><cards type="Pocket" player="Xlabuda">X X</cards>
<cards type="Pocket" player="oreiasccp">S9 CA</cards>
<cards type="Pocket" player="bossfalse956">X X</cards>
<action no="3" player="Xlabuda" type="0" discard="1" dealt="1" sum="0"/>
<action no="4" player="oreiasccp" type="23" sum="430"/>
<action no="5" player="bossfalse956" type="0" discard="1" dealt="1" sum="0"/>
</round>
</game>
<game gamecode="11514999063"><general><startdate>2025-06-16 12:23:29</startdate>
<round>1</round>
<failsafecounter/>
<players><player seat="6" name="Xlabuda" chips="550" dealer="0" win="20" bet="20" muck="1" rebuy="0" addon="0" merge="0" rebuychips="0" reg_code="8384896846"/>
<player seat="10" name="oreiasccp" chips="540" dealer="1" win="0" bet="0" muck="1" rebuy="0" addon="0" merge="0" rebuychips="0" reg_code="8384896877"/>
<player seat="3" name="bossfalse956" chips="410" dealer="0" win="0" bet="10" muck="1" rebuy="0" addon="0" merge="0" rebuychips="0" reg_code="8384896839"/>
</players>
</general>
<round no="0"><action no="1" player="bossfalse956" type="1" discard="1" dealt="1" sum="10"/>
<action no="2" player="Xlabuda" type="2" discard="1" dealt="1" sum="20"/>
</round>
<round no="1"><cards type="Pocket" player="Xlabuda">X X</cards>
<cards type="Pocket" player="bossfalse956">X X</cards>
<cards type="Pocket" player="oreiasccp">H4 S9</cards>
<action no="3" player="oreiasccp" type="0" sum="0"/>
<action no="4" player="bossfalse956" type="0" discard="1" dealt="1" sum="0"/>
</round>
</game>
<game gamecode="11514999084"><general><startdate>2025-06-16 12:23:35</startdate>
<round>1</round>
<failsafecounter/>
<players><player seat="10" name="oreiasccp" chips="540" dealer="0" win="20" bet="20" muck="1" rebuy="0" addon="0" merge="0" rebuychips="0" reg_code="8384896877"/>
<player seat="3" name="bossfalse956" chips="400" dealer="1" win="0" bet="0" muck="1" rebuy="0" addon="0" merge="0" rebuychips="0" reg_code="8384896839"/>
<player seat="6" name="Xlabuda" chips="560" dealer="0" win="0" bet="10" muck="1" rebuy="0" addon="0" merge="0" rebuychips="0" reg_code="8384896846"/>
</players>
</general>
<round no="0"><action no="1" player="Xlabuda" type="1" discard="1" dealt="1" sum="10"/>
<action no="2" player="oreiasccp" type="2" sum="20"/>
</round>
<round no="1"><cards type="Pocket" player="oreiasccp">C10 H4</cards>
<cards type="Pocket" player="bossfalse956">X X</cards>
<cards type="Pocket" player="Xlabuda">X X</cards>
<action no="3" player="bossfalse956" type="0" discard="1" dealt="1" sum="0"/>
<action no="4" player="Xlabuda" type="0" discard="1" dealt="1" sum="0"/>
</round>
</game>
<game gamecode="11514999139"><general><startdate>2025-06-16 12:23:51</startdate>
<round>1</round>
<failsafecounter/>
<players><player seat="3" name="bossfalse956" chips="400" dealer="0" win="0" bet="35" muck="1" rebuy="0" addon="0" merge="0" rebuychips="0" reg_code="8384896839"/>
<player seat="6" name="Xlabuda" chips="550" dealer="1" win="0" bet="550" muck="0" rebuy="0" addon="0" merge="0" rebuychips="0" reg_code="8384896846"/>
<player seat="10" name="oreiasccp" chips="550" dealer="0" win="1,135" bet="550" muck="0" rebuy="0" addon="0" merge="0" rebuychips="0" reg_code="8384896877"/>
</players>
</general>
<round no="0"><action no="1" player="oreiasccp" type="15" sum="5"/>
<action no="2" player="bossfalse956" type="15" discard="1" dealt="1" sum="5"/>
<action no="3" player="Xlabuda" type="15" discard="1" dealt="1" sum="5"/>
<action no="4" player="oreiasccp" type="1" sum="15"/>
<action no="5" player="bossfalse956" type="2" discard="1" dealt="1" sum="30"/>
</round>
<round no="1"><cards type="Pocket" player="oreiasccp">S9 SA</cards>
<cards type="Pocket" player="Xlabuda">C8 CK</cards>
<cards type="Pocket" player="bossfalse956">X X</cards>
<action no="6" player="Xlabuda" type="23" discard="1" dealt="1" sum="60"/>
<action no="7" player="oreiasccp" type="23" sum="545"/>
<action no="8" player="bossfalse956" type="0" discard="1" dealt="1" sum="0"/>
<action no="9" player="Xlabuda" type="7" discard="1" dealt="1" sum="485"/>
</round>
<round no="2"><cards type="Flop">DJ D7 CJ</cards>
</round>
<round no="3"><cards type="Turn">D6</cards>
</round>
<round no="4"><cards type="River">HA</cards>
</round>
</game>
<game gamecode="11514999245"><general><startdate>2025-06-16 12:24:18</startdate>
<round>1</round>
<failsafecounter/>
<players><player seat="3" name="bossfalse956" chips="365" dealer="0" win="0" bet="35" muck="1" rebuy="0" addon="0" merge="0" rebuychips="0" reg_code="8384896839"/>
<player seat="10" name="oreiasccp" chips="1,135" dealer="1" win="70" bet="65" muck="1" rebuy="0" addon="0" merge="0" rebuychips="0" reg_code="8384896877"/>
</players>
</general>
<round no="0"><action no="1" player="oreiasccp" type="15" sum="5"/>
<action no="2" player="bossfalse956" type="15" discard="1" dealt="1" sum="5"/>
<action no="3" player="oreiasccp" type="1" sum="15"/>
<action no="4" player="bossfalse956" type="2" discard="1" dealt="1" sum="30"/>
</round>
<round no="1"><cards type="Pocket" player="oreiasccp">D9 S8</cards>
<cards type="Pocket" player="bossfalse956">X X</cards>
<action no="5" player="oreiasccp" type="23" sum="60"/>
<action no="6" player="bossfalse956" type="0" discard="1" dealt="1" sum="0"/>
</round>
</game>
<game gamecode="11514999272"><general><startdate>2025-06-16 12:24:25</startdate>
<round>1</round>
<failsafecounter/>
<players><player seat="10" name="oreiasccp" chips="1,170" dealer="0" win="40" bet="35" muck="1" rebuy="0" addon="0" merge="0" rebuychips="0" reg_code="8384896877"/>
<player seat="3" name="bossfalse956" chips="330" dealer="1" win="0" bet="20" muck="1" rebuy="0" addon="0" merge="0" rebuychips="0" reg_code="8384896839"/>
</players>
</general>
<round no="0"><action no="1" player="bossfalse956" type="15" discard="1" dealt="1" sum="5"/>
<action no="2" player="oreiasccp" type="15" sum="5"/>
<action no="3" player="bossfalse956" type="1" discard="1" dealt="1" sum="15"/>
<action no="4" player="oreiasccp" type="2" sum="30"/>
</round>
<round no="1"><cards type="Pocket" player="bossfalse956">X X</cards>
<cards type="Pocket" player="oreiasccp">C4 DJ</cards>
<action no="5" player="bossfalse956" type="0" discard="1" dealt="1" sum="0"/>
</round>
</game>
<game gamecode="11514999284"><general><startdate>2025-06-16 12:24:29</startdate>
<round>1</round>
<failsafecounter/>
<players><player seat="3" name="bossfalse956" chips="310" dealer="0" win="70" bet="65" muck="1" rebuy="0" addon="0" merge="0" rebuychips="0" reg_code="8384896839"/>
<player seat="10" name="oreiasccp" chips="1,190" dealer="1" win="0" bet="35" muck="1" rebuy="0" addon="0" merge="0" rebuychips="0" reg_code="8384896877"/>
</players>
</general>
<round no="0"><action no="1" player="oreiasccp" type="15" sum="5"/>
<action no="2" player="bossfalse956" type="15" discard="1" dealt="1" sum="5"/>
<action no="3" player="oreiasccp" type="1" sum="15"/>
<action no="4" player="bossfalse956" type="2" discard="1" dealt="1" sum="30"/>
</round>
<round no="1"><cards type="Pocket" player="bossfalse956">X X</cards>
<cards type="Pocket" player="oreiasccp">H6 D4</cards>
<action no="5" player="oreiasccp" type="3" sum="15"/>
<action no="6" player="bossfalse956" type="4" discard="1" dealt="1" sum="0"/>
</round>
<round no="2"><cards type="Flop">D9 H8 S10</cards>
<action no="7" player="bossfalse956" type="5" discard="1" dealt="1" sum="30"/>
<action no="8" player="oreiasccp" type="0" sum="0"/>
</round>
</game>
<game gamecode="11514999325"><general><startdate>2025-06-16 12:24:41</startdate>
<round>1</round>
<failsafecounter/>
<players><player seat="10" name="oreiasccp" chips="1,155" dealer="0" win="160" bet="120" muck="1" rebuy="0" addon="0" merge="0" rebuychips="0" reg_code="8384896877"/>
<player seat="3" name="bossfalse956" chips="345" dealer="1" win="0" bet="80" muck="1" rebuy="0" addon="0" merge="0" rebuychips="0" reg_code="8384896839"/>
</players>
</general>
<round no="0"><action no="1" player="bossfalse956" type="15" discard="1" dealt="1" sum="5"/>
<action no="2" player="oreiasccp" type="15" sum="5"/>
<action no="3" player="bossfalse956" type="1" discard="1" dealt="1" sum="15"/>
<action no="4" player="oreiasccp" type="2" sum="30"/>
</round>
<round no="1"><cards type="Pocket" player="oreiasccp">S10 SK</cards>
<cards type="Pocket" player="bossfalse956">X X</cards>
<action no="5" player="bossfalse956" type="3" discard="1" dealt="1" sum="15"/>
<action no="6" player="oreiasccp" type="23" sum="75"/>
<action no="7" player="bossfalse956" type="3" discard="1" dealt="1" sum="45"/>
</round>
<round no="2"><cards type="Flop">SA S3 D9</cards>
<action no="8" player="oreiasccp" type="5" sum="40"/>
<action no="9" player="bossfalse956" type="0" discard="1" dealt="1" sum="0"/>
</round>
</game>
<game gamecode="11514999374"><general><startdate>2025-06-16 12:24:55</startdate>
<round>1</round>
<failsafecounter/>
<players><player seat="3" name="bossfalse956" chips="265" dealer="0" win="40" bet="35" muck="1" rebuy="0" addon="0" merge="0" rebuychips="0" reg_code="8384896839"/>
<player seat="10" name="oreiasccp" chips="1,235" dealer="1" win="0" bet="20" muck="1" rebuy="0" addon="0" merge="0" rebuychips="0" reg_code="8384896877"/>
</players>
</general>
<round no="0"><action no="1" player="oreiasccp" type="15" sum="5"/>
<action no="2" player="bossfalse956" type="15" discard="1" dealt="1" sum="5"/>
<action no="3" player="oreiasccp" type="1" sum="15"/>
<action no="4" player="bossfalse956" type="2" discard="1" dealt="1" sum="30"/>
</round>
<round no="1"><cards type="Pocket" player="bossfalse956">X X</cards>
<cards type="Pocket" player="oreiasccp">D6 H4</cards>
<action no="5" player="oreiasccp" type="0" sum="0"/>
</round>
</game>
<game gamecode="11514999396"><general><startdate>2025-06-16 12:25:01</startdate>
<round>1</round>
<failsafecounter/>
<players><player seat="10" name="oreiasccp" chips="1,215" dealer="0" win="0" bet="65" muck="1" rebuy="0" addon="0" merge="0" rebuychips="0" reg_code="8384896877"/>
<player seat="3" name="bossfalse956" chips="285" dealer="1" win="130" bet="65" muck="0" rebuy="0" addon="0" merge="0" rebuychips="0" reg_code="8384896839"/>
</players>
</general>
<round no="0"><action no="1" player="bossfalse956" type="15" discard="1" dealt="1" sum="5"/>
<action no="2" player="oreiasccp" type="15" sum="5"/>
<action no="3" player="bossfalse956" type="1" discard="1" dealt="1" sum="15"/>
<action no="4" player="oreiasccp" type="2" sum="30"/>
</round>
<round no="1"><cards type="Pocket" player="bossfalse956">C9 C5</cards>
<cards type="Pocket" player="oreiasccp">H2 D8</cards>
<action no="5" player="bossfalse956" type="3" discard="1" dealt="1" sum="15"/>
<action no="6" player="oreiasccp" type="4" sum="0"/>
</round>
<round no="2"><cards type="Flop">S8 SQ S9</cards>
<action no="7" player="oreiasccp" type="4" sum="0"/>
<action no="8" player="bossfalse956" type="4" discard="1" dealt="1" sum="0"/>
</round>
<round no="3"><cards type="Turn">H9</cards>
<action no="9" player="oreiasccp" type="4" sum="0"/>
<action no="10" player="bossfalse956" type="4" discard="1" dealt="1" sum="0"/>
</round>
<round no="4"><cards type="River">HJ</cards>
<action no="11" player="oreiasccp" type="4" sum="0"/>
<action no="12" player="bossfalse956" type="5" discard="1" dealt="1" sum="30"/>
<action no="13" player="oreiasccp" type="3" sum="30"/>
</round>
</game>
<game gamecode="11514999469"><general><startdate>2025-06-16 12:25:21</startdate>
<round>1</round>
<failsafecounter/>
<players><player seat="3" name="bossfalse956" chips="350" dealer="0" win="0" bet="35" muck="1" rebuy="0" addon="0" merge="0" rebuychips="0" reg_code="8384896839"/>
<player seat="10" name="oreiasccp" chips="1,150" dealer="1" win="70" bet="105" muck="1" rebuy="0" addon="0" merge="0" rebuychips="0" reg_code="8384896877"/>
</players>
</general>
<round no="0"><action no="1" player="oreiasccp" type="15" sum="5"/>
<action no="2" player="bossfalse956" type="15" discard="1" dealt="1" sum="5"/>
<action no="3" player="oreiasccp" type="1" sum="15"/>
<action no="4" player="bossfalse956" type="2" discard="1" dealt="1" sum="30"/>
</round>
<round no="1"><cards type="Pocket" player="bossfalse956">X X</cards>
<cards type="Pocket" player="oreiasccp">D8 D10</cards>
<action no="5" player="oreiasccp" type="3" sum="15"/>
<action no="6" player="bossfalse956" type="4" discard="1" dealt="1" sum="0"/>
</round>
<round no="2"><cards type="Flop">D7 SQ D5</cards>
<action no="7" player="bossfalse956" type="4" discard="1" dealt="1" sum="0"/>
<action no="8" player="oreiasccp" type="4" sum="0"/>
</round>
<round no="3"><cards type="Turn">SA</cards>
<action no="9" player="bossfalse956" type="4" discard="1" dealt="1" sum="0"/>
<action no="10" player="oreiasccp" type="5" sum="70"/>
<action no="11" player="bossfalse956" type="0" discard="1" dealt="1" sum="0"/>
</round>
</game>
<game gamecode="11514999523"><general><startdate>2025-06-16 12:25:37</startdate>
<round>1</round>
<failsafecounter/>
<players><player seat="10" name="oreiasccp" chips="1,185" dealer="0" win="70" bet="315" muck="1" rebuy="0" addon="0" merge="0" rebuychips="0" reg_code="8384896877"/>
<player seat="3" name="bossfalse956" chips="315" dealer="1" win="0" bet="35" muck="1" rebuy="0" addon="0" merge="0" rebuychips="0" reg_code="8384896839"/>
</players>
</general>
<round no="0"><action no="1" player="bossfalse956" type="15" discard="1" dealt="1" sum="5"/>
<action no="2" player="oreiasccp" type="15" sum="5"/>
<action no="3" player="bossfalse956" type="1" discard="1" dealt="1" sum="15"/>
<action no="4" player="oreiasccp" type="2" sum="30"/>
</round>
<round no="1"><cards type="Pocket" player="oreiasccp">SA H2</cards>
<cards type="Pocket" player="bossfalse956">X X</cards>
<action no="5" player="bossfalse956" type="3" discard="1" dealt="1" sum="15"/>
<action no="6" player="oreiasccp" type="23" sum="310"/>
<action no="7" player="bossfalse956" type="0" discard="1" dealt="1" sum="0"/>
</round>
</game>
<game gamecode="11514999546"><general><startdate>2025-06-16 12:25:44</startdate>
<round>1</round>
<failsafecounter/>
<players><player seat="3" name="bossfalse956" chips="280" dealer="0" win="0" bet="280" muck="0" rebuy="0" addon="0" merge="0" rebuychips="0" reg_code="8384896839"/>
<player seat="10" name="oreiasccp" chips="1,220" dealer="1" win="560" bet="280" muck="0" rebuy="0" addon="0" merge="0" rebuychips="0" reg_code="8384896877"/>
</players>
</general>
<round no="0"><action no="1" player="oreiasccp" type="15" sum="5"/>
<action no="2" player="bossfalse956" type="15" discard="1" dealt="1" sum="5"/>
<action no="3" player="oreiasccp" type="1" sum="20"/>
<action no="4" player="bossfalse956" type="2" discard="1" dealt="1" sum="40"/>
</round>
<round no="1"><cards type="Pocket" player="oreiasccp">HQ H10</cards>
<cards type="Pocket" player="bossfalse956">HA DK</cards>
<action no="5" player="oreiasccp" type="23" sum="275"/>
<action no="6" player="bossfalse956" type="7" discard="1" dealt="1" sum="235"/>
</round>
<round no="2"><cards type="Flop">H9 H5 HJ</cards>
</round>
<round no="3"><cards type="Turn">C5</cards>
</round>
<round no="4"><cards type="River">S10</cards>
</round>
</game>
</session>
