<?xml version="1.0" encoding="UTF-8"?>
<session sessioncode="8384828368">
<general>
<client_version>24.7.1.16</client_version>
<mode>real</mode>
<gametype>Holdem NL</gametype>
<tablename>Twister €5 SNG, 1127561946</tablename>
<tournamentcode>1127561945</tournamentcode>
<tournamentname>Twister €5 SNG</tournamentname>
<buyin>€0 + €0.35 + €4.65</buyin>
<totalbuyin>€5</totalbuyin>
<rewarddrawn>€40</rewarddrawn>
<tournamentcurrency>EUR</tournamentcurrency>
<currency>EUR</currency>
<nickname>oreiasccp</nickname>
<gamecount>9</gamecount>
<startdate>2025-06-16 08:01:07</startdate>
<place>2</place>
<win>€0</win>
<tablesize>3</tablesize>
</general>
<game gamecode="11514800534"><general><startdate>2025-06-16 08:01:22</startdate>
<round>1</round>
<failsafecounter/>
<players><player seat="6" name="oreiasccp" chips="500" dealer="0" win="0" bet="20" muck="1" rebuy="0" addon="0" merge="0" rebuychips="0" reg_code="8384828368"/>
<player seat="10" name="jowie2" chips="500" dealer="1" win="0" bet="20" muck="1" rebuy="0" addon="0" merge="0" rebuychips="0" reg_code="8384828370"/>
<player seat="3" name="gasgas" chips="500" dealer="0" win="60" bet="500" muck="1" rebuy="0" addon="0" merge="0" rebuychips="0" reg_code="8384828097"/>
</players>
</general>
<round no="0"><action no="1" player="gasgas" type="1" discard="1" dealt="1" sum="10"/>
<action no="2" player="oreiasccp" type="2" sum="20"/>
</round>
<round no="1"><cards type="Pocket" player="oreiasccp">SK C2</cards>
<cards type="Pocket" player="gasgas">X X</cards>
<cards type="Pocket" player="jowie2">X X</cards>
<action no="3" player="jowie2" type="3" discard="1" dealt="1" sum="20"/>
<action no="4" player="gasgas" type="23" discard="1" dealt="1" sum="500"/>
<action no="5" player="oreiasccp" type="0" sum="0"/>
<action no="6" player="jowie2" type="0" discard="1" dealt="1" sum="0"/>
</round>
</game>
<game gamecode="11514800578"><general><startdate>2025-06-16 08:01:42</startdate>
<round>1</round>
<failsafecounter/>
<players><player seat="10" name="jowie2" chips="480" dealer="0" win="120" bet="180" muck="1" rebuy="0" addon="0" merge="0" rebuychips="0" reg_code="8384828370"/>
<player seat="3" name="gasgas" chips="540" dealer="1" win="0" bet="0" muck="1" rebuy="0" addon="0" merge="0" rebuychips="0" reg_code="8384828097"/>
<player seat="6" name="oreiasccp" chips="480" dealer="0" win="0" bet="60" muck="1" rebuy="0" addon="0" merge="0" rebuychips="0" reg_code="8384828368"/>
</players>
</general>
<round no="0"><action no="1" player="oreiasccp" type="1" sum="10"/>
<action no="2" player="jowie2" type="2" discard="1" dealt="1" sum="20"/>
</round>
<round no="1"><cards type="Pocket" player="oreiasccp">SA H6</cards>
<cards type="Pocket" player="gasgas">X X</cards>
<cards type="Pocket" player="jowie2">X X</cards>
<action no="3" player="gasgas" type="0" discard="1" dealt="1" sum="0"/>
<action no="4" player="oreiasccp" type="23" sum="40"/>
<action no="5" player="jowie2" type="3" discard="1" dealt="1" sum="20"/>
</round>
<round no="2"><cards type="Flop">H9 S6 H4</cards>
<action no="6" player="oreiasccp" type="5" sum="20"/>
<action no="7" player="jowie2" type="23" discard="1" dealt="1" sum="140"/>
<action no="8" player="oreiasccp" type="0" sum="0"/>
</round>
</game>
<game gamecode="11514800647"><general><startdate>2025-06-16 08:02:09</startdate>
<round>1</round>
<failsafecounter/>
<players><player seat="3" name="gasgas" chips="540" dealer="0" win="160" bet="160" muck="1" rebuy="0" addon="0" merge="0" rebuychips="0" reg_code="8384828097"/>
<player seat="6" name="oreiasccp" chips="420" dealer="1" win="0" bet="40" muck="1" rebuy="0" addon="0" merge="0" rebuychips="0" reg_code="8384828368"/>
<player seat="10" name="jowie2" chips="540" dealer="0" win="0" bet="60" muck="1" rebuy="0" addon="0" merge="0" rebuychips="0" reg_code="8384828370"/>
</players>
</general>
<round no="0"><action no="1" player="jowie2" type="1" discard="1" dealt="1" sum="10"/>
<action no="2" player="gasgas" type="2" discard="1" dealt="1" sum="20"/>
</round>
<round no="1"><cards type="Pocket" player="oreiasccp">HQ SA</cards>
<cards type="Pocket" player="jowie2">X X</cards>
<cards type="Pocket" player="gasgas">X X</cards>
<action no="3" player="oreiasccp" type="23" sum="40"/>
<action no="4" player="jowie2" type="3" discard="1" dealt="1" sum="30"/>
<action no="5" player="gasgas" type="3" discard="1" dealt="1" sum="20"/>
</round>
<round no="2"><cards type="Flop">H5 S10 H7</cards>
<action no="6" player="jowie2" type="5" discard="1" dealt="1" sum="20"/>
<action no="7" player="gasgas" type="23" discard="1" dealt="1" sum="120"/>
<action no="8" player="oreiasccp" type="0" sum="0"/>
<action no="9" player="jowie2" type="0" discard="1" dealt="1" sum="0"/>
</round>
</game>
<game gamecode="11514800713"><general><startdate>2025-06-16 08:02:34</startdate>
<round>1</round>
<failsafecounter/>
<players><player seat="6" name="oreiasccp" chips="380" dealer="0" win="240" bet="110" muck="0" rebuy="0" addon="0" merge="0" rebuychips="0" reg_code="8384828368"/>
<player seat="10" name="jowie2" chips="480" dealer="1" win="0" bet="110" muck="0" rebuy="0" addon="0" merge="0" rebuychips="0" reg_code="8384828370"/>
<player seat="3" name="gasgas" chips="640" dealer="0" win="0" bet="20" muck="1" rebuy="0" addon="0" merge="0" rebuychips="0" reg_code="8384828097"/>
</players>
</general>
<round no="0"><action no="1" player="gasgas" type="1" discard="1" dealt="1" sum="10"/>
<action no="2" player="oreiasccp" type="2" sum="20"/>
</round>
<round no="1"><cards type="Pocket" player="oreiasccp">S8 D10</cards>
<cards type="Pocket" player="jowie2">CJ C9</cards>
<cards type="Pocket" player="gasgas">X X</cards>
<action no="3" player="jowie2" type="3" discard="1" dealt="1" sum="20"/>
<action no="4" player="gasgas" type="3" discard="1" dealt="1" sum="10"/>
<action no="5" player="oreiasccp" type="4" sum="0"/>
</round>
<round no="2"><cards type="Flop">HQ H7 CK</cards>
<action no="6" player="gasgas" type="4" discard="1" dealt="1" sum="0"/>
<action no="7" player="oreiasccp" type="4" sum="0"/>
<action no="8" player="jowie2" type="4" discard="1" dealt="1" sum="0"/>
</round>
<round no="3"><cards type="Turn">C8</cards>
<action no="9" player="gasgas" type="4" discard="1" dealt="1" sum="0"/>
<action no="10" player="oreiasccp" type="4" sum="0"/>
<action no="11" player="jowie2" type="5" discard="1" dealt="1" sum="30"/>
<action no="12" player="gasgas" type="0" discard="1" dealt="1" sum="0"/>
<action no="13" player="oreiasccp" type="3" sum="30"/>
</round>
<round no="4"><cards type="River">D7</cards>
<action no="14" player="oreiasccp" type="4" sum="0"/>
<action no="15" player="jowie2" type="5" discard="1" dealt="1" sum="60"/>
<action no="16" player="oreiasccp" type="3" sum="60"/>
</round>
</game>
<game gamecode="11514800818"><general><startdate>2025-06-16 08:03:25</startdate>
<round>1</round>
<failsafecounter/>
<players><player seat="10" name="jowie2" chips="370" dealer="0" win="0" bet="370" muck="0" rebuy="0" addon="0" merge="0" rebuychips="0" reg_code="8384828370"/>
<player seat="3" name="gasgas" chips="620" dealer="1" win="760" bet="370" muck="0" rebuy="0" addon="0" merge="0" rebuychips="0" reg_code="8384828097"/>
<player seat="6" name="oreiasccp" chips="510" dealer="0" win="0" bet="20" muck="1" rebuy="0" addon="0" merge="0" rebuychips="0" reg_code="8384828368"/>
</players>
</general>
<round no="0"><action no="1" player="oreiasccp" type="15" sum="5"/>
<action no="2" player="jowie2" type="15" discard="1" dealt="1" sum="5"/>
<action no="3" player="gasgas" type="15" discard="1" dealt="1" sum="5"/>
<action no="4" player="oreiasccp" type="1" sum="15"/>
<action no="5" player="jowie2" type="2" discard="1" dealt="1" sum="30"/>
</round>
<round no="1"><cards type="Pocket" player="oreiasccp">DA C6</cards>
<cards type="Pocket" player="gasgas">HA CK</cards>
<cards type="Pocket" player="jowie2">SJ DJ</cards>
<action no="6" player="gasgas" type="23" discard="1" dealt="1" sum="60"/>
<action no="7" player="oreiasccp" type="0" sum="0"/>
<action no="8" player="jowie2" type="23" discard="1" dealt="1" sum="365"/>
<action no="9" player="gasgas" type="3" discard="1" dealt="1" sum="305"/>
</round>
<round no="2"><cards type="Flop">H8 CA C4</cards>
</round>
<round no="3"><cards type="Turn">H4</cards>
</round>
<round no="4"><cards type="River">H3</cards>
</round>
</game>
<game gamecode="11514800877"><general><startdate>2025-06-16 08:03:51</startdate>
<round>1</round>
<failsafecounter/>
<players><player seat="3" name="gasgas" chips="1,010" dealer="0" win="0" bet="65" muck="1" rebuy="0" addon="0" merge="0" rebuychips="0" reg_code="8384828097"/>
<player seat="6" name="oreiasccp" chips="490" dealer="1" win="130" bet="95" muck="1" rebuy="0" addon="0" merge="0" rebuychips="0" reg_code="8384828368"/>
</players>
</general>
<round no="0"><action no="1" player="oreiasccp" type="15" sum="5"/>
<action no="2" player="gasgas" type="15" discard="1" dealt="1" sum="5"/>
<action no="3" player="oreiasccp" type="1" sum="15"/>
<action no="4" player="gasgas" type="2" discard="1" dealt="1" sum="30"/>
</round>
<round no="1"><cards type="Pocket" player="oreiasccp">D9 SJ</cards>
<cards type="Pocket" player="gasgas">X X</cards>
<action no="5" player="oreiasccp" type="3" sum="15"/>
<action no="6" player="gasgas" type="4" discard="1" dealt="1" sum="0"/>
</round>
<round no="2"><cards type="Flop">C9 D8 D4</cards>
<action no="7" player="gasgas" type="4" discard="1" dealt="1" sum="0"/>
<action no="8" player="oreiasccp" type="5" sum="30"/>
<action no="9" player="gasgas" type="3" discard="1" dealt="1" sum="30"/>
</round>
<round no="3"><cards type="Turn">CQ</cards>
<action no="10" player="gasgas" type="4" discard="1" dealt="1" sum="0"/>
<action no="11" player="oreiasccp" type="4" sum="0"/>
</round>
<round no="4"><cards type="River">HK</cards>
<action no="12" player="gasgas" type="4" discard="1" dealt="1" sum="0"/>
<action no="13" player="oreiasccp" type="5" sum="30"/>
<action no="14" player="gasgas" type="0" discard="1" dealt="1" sum="0"/>
</round>
</game>
<game gamecode="11514800948"><general><startdate>2025-06-16 08:04:23</startdate>
<round>1</round>
<failsafecounter/>
<players><player seat="6" name="oreiasccp" chips="555" dealer="0" win="260" bet="390" muck="1" rebuy="0" addon="0" merge="0" rebuychips="0" reg_code="8384828368"/>
<player seat="3" name="gasgas" chips="945" dealer="1" win="0" bet="130" muck="1" rebuy="0" addon="0" merge="0" rebuychips="0" reg_code="8384828097"/>
</players>
</general>
<round no="0"><action no="1" player="gasgas" type="15" discard="1" dealt="1" sum="5"/>
<action no="2" player="oreiasccp" type="15" sum="5"/>
<action no="3" player="gasgas" type="1" discard="1" dealt="1" sum="15"/>
<action no="4" player="oreiasccp" type="2" sum="30"/>
</round>
<round no="1"><cards type="Pocket" player="oreiasccp">CK C5</cards>
<cards type="Pocket" player="gasgas">X X</cards>
<action no="5" player="gasgas" type="23" discard="1" dealt="1" sum="60"/>
<action no="6" player="oreiasccp" type="3" sum="30"/>
</round>
<round no="2"><cards type="Flop">S4 C8 D3</cards>
<action no="7" player="oreiasccp" type="4" sum="0"/>
<action no="8" player="gasgas" type="4" discard="1" dealt="1" sum="0"/>
</round>
<round no="3"><cards type="Turn">C9</cards>
<action no="9" player="oreiasccp" type="5" sum="65"/>
<action no="10" player="gasgas" type="3" discard="1" dealt="1" sum="65"/>
</round>
<round no="4"><cards type="River">C6</cards>
<action no="11" player="oreiasccp" type="5" sum="260"/>
<action no="12" player="gasgas" type="0" discard="1" dealt="1" sum="0"/>
</round>
</game>
<game gamecode="11514801011"><general><startdate>2025-06-16 08:04:52</startdate>
<round>1</round>
<failsafecounter/>
<players><player seat="3" name="gasgas" chips="815" dealer="0" win="70" bet="95" muck="1" rebuy="0" addon="0" merge="0" rebuychips="0" reg_code="8384828097"/>
<player seat="6" name="oreiasccp" chips="685" dealer="1" win="0" bet="35" muck="1" rebuy="0" addon="0" merge="0" rebuychips="0" reg_code="8384828368"/>
</players>
</general>
<round no="0"><action no="1" player="oreiasccp" type="15" sum="5"/>
<action no="2" player="gasgas" type="15" discard="1" dealt="1" sum="5"/>
<action no="3" player="oreiasccp" type="1" sum="15"/>
<action no="4" player="gasgas" type="2" discard="1" dealt="1" sum="30"/>
</round>
<round no="1"><cards type="Pocket" player="oreiasccp">H10 S5</cards>
<cards type="Pocket" player="gasgas">X X</cards>
<action no="5" player="oreiasccp" type="3" sum="15"/>
<action no="6" player="gasgas" type="23" discard="1" dealt="1" sum="90"/>
<action no="7" player="oreiasccp" type="0" sum="0"/>
</round>
</game>
<game gamecode="11514801029"><general><startdate>2025-06-16 08:05:02</startdate>
<round>1</round>
<failsafecounter/>
<players><player seat="6" name="oreiasccp" chips="650" dealer="0" win="0" bet="650" muck="0" rebuy="0" addon="0" merge="0" rebuychips="0" reg_code="8384828368"/>
<player seat="3" name="gasgas" chips="850" dealer="1" win="1,300" bet="650" muck="0" rebuy="0" addon="0" merge="0" rebuychips="0" reg_code="8384828097"/>
</players>
</general>
<round no="0"><action no="1" player="gasgas" type="15" discard="1" dealt="1" sum="5"/>
<action no="2" player="oreiasccp" type="15" sum="5"/>
<action no="3" player="gasgas" type="1" discard="1" dealt="1" sum="15"/>
<action no="4" player="oreiasccp" type="2" sum="30"/>
</round>
<round no="1"><cards type="Pocket" player="oreiasccp">DA S6</cards>
<cards type="Pocket" player="gasgas">D9 CA</cards>
<action no="5" player="gasgas" type="3" discard="1" dealt="1" sum="15"/>
<action no="6" player="oreiasccp" type="23" sum="645"/>
<action no="7" player="gasgas" type="3" discard="1" dealt="1" sum="615"/>
</round>
<round no="2"><cards type="Flop">C4 D8 D7</cards>
</round>
<round no="3"><cards type="Turn">DJ</cards>
</round>
<round no="4"><cards type="River">H8</cards>
</round>
</game>
</session>
