<?xml version="1.0" encoding="UTF-8"?>
<session sessioncode="8384858254">
<general>
<client_version>24.7.1.16</client_version>
<mode>real</mode>
<gametype>Holdem NL</gametype>
<tablename>Twister €5 SNG, 1127567630</tablename>
<tournamentcode>1127567629</tournamentcode>
<tournamentname>Twister €5 SNG</tournamentname>
<buyin>€0 + €0.35 + €4.65</buyin>
<totalbuyin>€5</totalbuyin>
<rewarddrawn>€40</rewarddrawn>
<tournamentcurrency>EUR</tournamentcurrency>
<currency>EUR</currency>
<nickname>oreiasccp</nickname>
<gamecount>22</gamecount>
<startdate>2025-06-16 10:28:35</startdate>
<place>2</place>
<win>€0</win>
<tablesize>3</tablesize>
</general>
<game gamecode="11514897737"><general><startdate>2025-06-16 10:28:51</startdate>
<round>1</round>
<failsafecounter/>
<players><player seat="3" name="StyleSheetsBRr" chips="500" dealer="0" win="20" bet="20" muck="1" rebuy="0" addon="0" merge="0" rebuychips="0" reg_code="8384858245"/>
<player seat="6" name="oreiasccp" chips="500" dealer="1" win="0" bet="0" muck="1" rebuy="0" addon="0" merge="0" rebuychips="0" reg_code="8384858254"/>
<player seat="10" name="gasgas" chips="500" dealer="0" win="0" bet="10" muck="1" rebuy="0" addon="0" merge="0" rebuychips="0" reg_code="8384858273"/>
</players>
</general>
<round no="0"><action no="1" player="gasgas" type="1" discard="1" dealt="1" sum="10"/>
<action no="2" player="StyleSheetsBRr" type="2" discard="1" dealt="1" sum="20"/>
</round>
<round no="1"><cards type="Pocket" player="gasgas">X X</cards>
<cards type="Pocket" player="StyleSheetsBRr">X X</cards>
<cards type="Pocket" player="oreiasccp">S3 HJ</cards>
<action no="3" player="oreiasccp" type="0" sum="0"/>
<action no="4" player="gasgas" type="0" discard="1" dealt="1" sum="0"/>
</round>
</game>
<game gamecode="11514897773"><general><startdate>2025-06-16 10:29:00</startdate>
<round>1</round>
<failsafecounter/>
<players><player seat="6" name="oreiasccp" chips="500" dealer="0" win="0" bet="20" muck="1" rebuy="0" addon="0" merge="0" rebuychips="0" reg_code="8384858254"/>
<player seat="10" name="gasgas" chips="490" dealer="1" win="0" bet="0" muck="1" rebuy="0" addon="0" merge="0" rebuychips="0" reg_code="8384858273"/>
<player seat="3" name="StyleSheetsBRr" chips="510" dealer="0" win="40" bet="40" muck="1" rebuy="0" addon="0" merge="0" rebuychips="0" reg_code="8384858245"/>
</players>
</general>
<round no="0"><action no="1" player="StyleSheetsBRr" type="1" discard="1" dealt="1" sum="10"/>
<action no="2" player="oreiasccp" type="2" sum="20"/>
</round>
<round no="1"><cards type="Pocket" player="gasgas">X X</cards>
<cards type="Pocket" player="StyleSheetsBRr">X X</cards>
<cards type="Pocket" player="oreiasccp">D4 H10</cards>
<action no="3" player="gasgas" type="0" discard="1" dealt="1" sum="0"/>
<action no="4" player="StyleSheetsBRr" type="23" discard="1" dealt="1" sum="40"/>
<action no="5" player="oreiasccp" type="0" sum="0"/>
</round>
</game>
<game gamecode="11514897808"><general><startdate>2025-06-16 10:29:12</startdate>
<round>1</round>
<failsafecounter/>
<players><player seat="10" name="gasgas" chips="490" dealer="0" win="0" bet="480" muck="1" rebuy="0" addon="0" merge="0" rebuychips="0" reg_code="8384858273"/>
<player seat="3" name="StyleSheetsBRr" chips="530" dealer="1" win="0" bet="0" muck="1" rebuy="0" addon="0" merge="0" rebuychips="0" reg_code="8384858245"/>
<player seat="6" name="oreiasccp" chips="480" dealer="0" win="960" bet="480" muck="0" rebuy="0" addon="0" merge="0" rebuychips="0" reg_code="8384858254"/>
</players>
</general>
<round no="0"><action no="1" player="oreiasccp" type="1" sum="10"/>
<action no="2" player="gasgas" type="2" discard="1" dealt="1" sum="20"/>
</round>
<round no="1"><cards type="Pocket" player="oreiasccp">CK CQ</cards>
<cards type="Pocket" player="StyleSheetsBRr">X X</cards>
<cards type="Pocket" player="gasgas">HA D5</cards>
<action no="3" player="StyleSheetsBRr" type="0" discard="1" dealt="1" sum="0"/>
<action no="4" player="oreiasccp" type="23" sum="60"/>
<action no="5" player="gasgas" type="3" discard="1" dealt="1" sum="40"/>
</round>
<round no="2"><cards type="Flop">CJ S10 D10</cards>
<action no="6" player="oreiasccp" type="5" sum="30"/>
<action no="7" player="gasgas" type="3" discard="1" dealt="1" sum="30"/>
</round>
<round no="3"><cards type="Turn">D6</cards>
<action no="8" player="oreiasccp" type="4" sum="0"/>
<action no="9" player="gasgas" type="5" discard="1" dealt="1" sum="118"/>
<action no="10" player="oreiasccp" type="3" sum="118"/>
</round>
<round no="4"><cards type="River">CA</cards>
<action no="11" player="oreiasccp" type="5" sum="272"/>
<action no="12" player="gasgas" type="3" discard="1" dealt="1" sum="272"/>
</round>
</game>
<game gamecode="11514897947"><general><startdate>2025-06-16 10:29:55</startdate>
<round>1</round>
<failsafecounter/>
<players><player seat="3" name="StyleSheetsBRr" chips="530" dealer="0" win="20" bet="20" muck="0" rebuy="0" addon="0" merge="0" rebuychips="0" reg_code="8384858245"/>
<player seat="6" name="oreiasccp" chips="960" dealer="1" win="0" bet="0" muck="1" rebuy="0" addon="0" merge="0" rebuychips="0" reg_code="8384858254"/>
<player seat="10" name="gasgas" chips="10" dealer="0" win="0" bet="10" muck="1" rebuy="0" addon="0" merge="0" rebuychips="0" reg_code="8384858273"/>
</players>
</general>
<round no="0"><action no="1" player="gasgas" type="1" discard="1" dealt="1" sum="10"/>
<action no="2" player="StyleSheetsBRr" type="2" discard="1" dealt="1" sum="20"/>
</round>
<round no="1"><cards type="Pocket" player="gasgas">H4 D7</cards>
<cards type="Pocket" player="oreiasccp">H7 D6</cards>
<cards type="Pocket" player="StyleSheetsBRr">H8 C5</cards>
<action no="3" player="oreiasccp" type="0" sum="0"/>
</round>
<round no="2"><cards type="Flop">D10 S6 DA</cards>
</round>
<round no="3"><cards type="Turn">SJ</cards>
</round>
<round no="4"><cards type="River">S2</cards>
</round>
</game>
<game gamecode="11514902041"><general><startdate>2025-06-16 10:30:09</startdate>
<round>1</round>
<failsafecounter/>
<players><player seat="6" name="oreiasccp" chips="960" dealer="0" win="544" bet="540" muck="1" rebuy="0" addon="0" merge="0" rebuychips="0" reg_code="8384858254"/>
<player seat="3" name="StyleSheetsBRr" chips="540" dealer="1" win="0" bet="272" muck="1" rebuy="0" addon="0" merge="0" rebuychips="0" reg_code="8384858245"/>
</players>
</general>
<round no="0"><action no="1" player="StyleSheetsBRr" type="1" discard="1" dealt="1" sum="10"/>
<action no="2" player="oreiasccp" type="2" sum="20"/>
</round>
<round no="1"><cards type="Pocket" player="oreiasccp">C7 SJ</cards>
<cards type="Pocket" player="StyleSheetsBRr">X X</cards>
<action no="3" player="StyleSheetsBRr" type="3" discard="1" dealt="1" sum="10"/>
<action no="4" player="oreiasccp" type="4" sum="0"/>
</round>
<round no="2"><cards type="Flop">H7 H3 DJ</cards>
<action no="5" player="oreiasccp" type="4" sum="0"/>
<action no="6" player="StyleSheetsBRr" type="5" discard="1" dealt="1" sum="20"/>
<action no="7" player="oreiasccp" type="23" sum="80"/>
<action no="8" player="StyleSheetsBRr" type="3" discard="1" dealt="1" sum="60"/>
</round>
<round no="3"><cards type="Turn">DA</cards>
<action no="9" player="oreiasccp" type="5" sum="172"/>
<action no="10" player="StyleSheetsBRr" type="3" discard="1" dealt="1" sum="172"/>
</round>
<round no="4"><cards type="River">S5</cards>
<action no="11" player="oreiasccp" type="5" sum="268"/>
<action no="12" player="StyleSheetsBRr" type="0" discard="1" dealt="1" sum="0"/>
</round>
</game>
<game gamecode="11514902520"><general><startdate>2025-06-16 10:31:10</startdate>
<round>1</round>
<failsafecounter/>
<players><player seat="3" name="StyleSheetsBRr" chips="268" dealer="0" win="0" bet="35" muck="1" rebuy="0" addon="0" merge="0" rebuychips="0" reg_code="8384858245"/>
<player seat="6" name="oreiasccp" chips="1,232" dealer="1" win="70" bet="268" muck="1" rebuy="0" addon="0" merge="0" rebuychips="0" reg_code="8384858254"/>
</players>
</general>
<round no="0"><action no="1" player="oreiasccp" type="15" sum="5"/>
<action no="2" player="StyleSheetsBRr" type="15" discard="1" dealt="1" sum="5"/>
<action no="3" player="oreiasccp" type="1" sum="15"/>
<action no="4" player="StyleSheetsBRr" type="2" discard="1" dealt="1" sum="30"/>
</round>
<round no="1"><cards type="Pocket" player="oreiasccp">SJ S8</cards>
<cards type="Pocket" player="StyleSheetsBRr">X X</cards>
<action no="5" player="oreiasccp" type="23" sum="263"/>
<action no="6" player="StyleSheetsBRr" type="0" discard="1" dealt="1" sum="0"/>
</round>
</game>
<game gamecode="11514902578"><general><startdate>2025-06-16 10:31:19</startdate>
<round>1</round>
<failsafecounter/>
<players><player seat="6" name="oreiasccp" chips="1,267" dealer="0" win="40" bet="35" muck="1" rebuy="0" addon="0" merge="0" rebuychips="0" reg_code="8384858254"/>
<player seat="3" name="StyleSheetsBRr" chips="233" dealer="1" win="0" bet="20" muck="1" rebuy="0" addon="0" merge="0" rebuychips="0" reg_code="8384858245"/>
</players>
</general>
<round no="0"><action no="1" player="StyleSheetsBRr" type="15" discard="1" dealt="1" sum="5"/>
<action no="2" player="oreiasccp" type="15" sum="5"/>
<action no="3" player="StyleSheetsBRr" type="1" discard="1" dealt="1" sum="15"/>
<action no="4" player="oreiasccp" type="2" sum="30"/>
</round>
<round no="1"><cards type="Pocket" player="StyleSheetsBRr">X X</cards>
<cards type="Pocket" player="oreiasccp">SJ SA</cards>
<action no="5" player="StyleSheetsBRr" type="0" discard="1" dealt="1" sum="0"/>
</round>
</game>
<game gamecode="11514902634"><general><startdate>2025-06-16 10:31:27</startdate>
<round>1</round>
<failsafecounter/>
<players><player seat="3" name="StyleSheetsBRr" chips="213" dealer="0" win="0" bet="35" muck="1" rebuy="0" addon="0" merge="0" rebuychips="0" reg_code="8384858245"/>
<player seat="6" name="oreiasccp" chips="1,287" dealer="1" win="70" bet="213" muck="1" rebuy="0" addon="0" merge="0" rebuychips="0" reg_code="8384858254"/>
</players>
</general>
<round no="0"><action no="1" player="oreiasccp" type="15" sum="5"/>
<action no="2" player="StyleSheetsBRr" type="15" discard="1" dealt="1" sum="5"/>
<action no="3" player="oreiasccp" type="1" sum="15"/>
<action no="4" player="StyleSheetsBRr" type="2" discard="1" dealt="1" sum="30"/>
</round>
<round no="1"><cards type="Pocket" player="StyleSheetsBRr">X X</cards>
<cards type="Pocket" player="oreiasccp">H6 CK</cards>
<action no="5" player="oreiasccp" type="23" sum="208"/>
<action no="6" player="StyleSheetsBRr" type="0" discard="1" dealt="1" sum="0"/>
</round>
</game>
<game gamecode="11514902731"><general><startdate>2025-06-16 10:31:44</startdate>
<round>1</round>
<failsafecounter/>
<players><player seat="6" name="oreiasccp" chips="1,322" dealer="0" win="0" bet="178" muck="1" rebuy="0" addon="0" merge="0" rebuychips="0" reg_code="8384858254"/>
<player seat="3" name="StyleSheetsBRr" chips="178" dealer="1" win="356" bet="178" muck="0" rebuy="0" addon="0" merge="0" rebuychips="0" reg_code="8384858245"/>
</players>
</general>
<round no="0"><action no="1" player="StyleSheetsBRr" type="15" discard="1" dealt="1" sum="5"/>
<action no="2" player="oreiasccp" type="15" sum="5"/>
<action no="3" player="StyleSheetsBRr" type="1" discard="1" dealt="1" sum="15"/>
<action no="4" player="oreiasccp" type="2" sum="30"/>
</round>
<round no="1"><cards type="Pocket" player="oreiasccp">DA D6</cards>
<cards type="Pocket" player="StyleSheetsBRr">DQ HQ</cards>
<action no="5" player="StyleSheetsBRr" type="3" discard="1" dealt="1" sum="15"/>
<action no="6" player="oreiasccp" type="23" sum="173"/>
<action no="7" player="StyleSheetsBRr" type="7" discard="1" dealt="1" sum="143"/>
</round>
<round no="2"><cards type="Flop">CQ H6 C6</cards>
</round>
<round no="3"><cards type="Turn">HJ</cards>
</round>
<round no="4"><cards type="River">S4</cards>
</round>
</game>
<game gamecode="11514902908"><general><startdate>2025-06-16 10:32:10</startdate>
<round>1</round>
<failsafecounter/>
<players><player seat="3" name="StyleSheetsBRr" chips="356" dealer="0" win="0" bet="35" muck="1" rebuy="0" addon="0" merge="0" rebuychips="0" reg_code="8384858245"/>
<player seat="6" name="oreiasccp" chips="1,144" dealer="1" win="70" bet="65" muck="1" rebuy="0" addon="0" merge="0" rebuychips="0" reg_code="8384858254"/>
</players>
</general>
<round no="0"><action no="1" player="oreiasccp" type="15" sum="5"/>
<action no="2" player="StyleSheetsBRr" type="15" discard="1" dealt="1" sum="5"/>
<action no="3" player="oreiasccp" type="1" sum="15"/>
<action no="4" player="StyleSheetsBRr" type="2" discard="1" dealt="1" sum="30"/>
</round>
<round no="1"><cards type="Pocket" player="StyleSheetsBRr">X X</cards>
<cards type="Pocket" player="oreiasccp">D6 S6</cards>
<action no="5" player="oreiasccp" type="3" sum="15"/>
<action no="6" player="StyleSheetsBRr" type="4" discard="1" dealt="1" sum="0"/>
</round>
<round no="2"><cards type="Flop">D2 S10 DQ</cards>
<action no="7" player="StyleSheetsBRr" type="4" discard="1" dealt="1" sum="0"/>
<action no="8" player="oreiasccp" type="5" sum="30"/>
<action no="9" player="StyleSheetsBRr" type="0" discard="1" dealt="1" sum="0"/>
</round>
</game>
<game gamecode="11514903075"><general><startdate>2025-06-16 10:32:34</startdate>
<round>1</round>
<failsafecounter/>
<players><player seat="6" name="oreiasccp" chips="1,179" dealer="0" win="0" bet="35" muck="1" rebuy="0" addon="0" merge="0" rebuychips="0" reg_code="8384858254"/>
<player seat="3" name="StyleSheetsBRr" chips="321" dealer="1" win="70" bet="65" muck="1" rebuy="0" addon="0" merge="0" rebuychips="0" reg_code="8384858245"/>
</players>
</general>
<round no="0"><action no="1" player="StyleSheetsBRr" type="15" discard="1" dealt="1" sum="5"/>
<action no="2" player="oreiasccp" type="15" sum="5"/>
<action no="3" player="StyleSheetsBRr" type="1" discard="1" dealt="1" sum="15"/>
<action no="4" player="oreiasccp" type="2" sum="30"/>
</round>
<round no="1"><cards type="Pocket" player="StyleSheetsBRr">X X</cards>
<cards type="Pocket" player="oreiasccp">H8 C4</cards>
<action no="5" player="StyleSheetsBRr" type="3" discard="1" dealt="1" sum="15"/>
<action no="6" player="oreiasccp" type="4" sum="0"/>
</round>
<round no="2"><cards type="Flop">D9 DK SA</cards>
<action no="7" player="oreiasccp" type="4" sum="0"/>
<action no="8" player="StyleSheetsBRr" type="5" discard="1" dealt="1" sum="30"/>
<action no="9" player="oreiasccp" type="0" sum="0"/>
</round>
</game>
<game gamecode="11514903262"><general><startdate>2025-06-16 10:33:00</startdate>
<round>1</round>
<failsafecounter/>
<players><player seat="3" name="StyleSheetsBRr" chips="356" dealer="0" win="712" bet="356" muck="0" rebuy="0" addon="0" merge="0" rebuychips="0" reg_code="8384858245"/>
<player seat="6" name="oreiasccp" chips="1,144" dealer="1" win="0" bet="356" muck="1" rebuy="0" addon="0" merge="0" rebuychips="0" reg_code="8384858254"/>
</players>
</general>
<round no="0"><action no="1" player="oreiasccp" type="15" sum="5"/>
<action no="2" player="StyleSheetsBRr" type="15" discard="1" dealt="1" sum="5"/>
<action no="3" player="oreiasccp" type="1" sum="20"/>
<action no="4" player="StyleSheetsBRr" type="2" discard="1" dealt="1" sum="40"/>
</round>
<round no="1"><cards type="Pocket" player="StyleSheetsBRr">HQ SJ</cards>
<cards type="Pocket" player="oreiasccp">S8 CA</cards>
<action no="5" player="oreiasccp" type="23" sum="351"/>
<action no="6" player="StyleSheetsBRr" type="7" discard="1" dealt="1" sum="311"/>
</round>
<round no="2"><cards type="Flop">HJ H4 DJ</cards>
</round>
<round no="3"><cards type="Turn">H5</cards>
</round>
<round no="4"><cards type="River">D9</cards>
</round>
</game>
<game gamecode="11514903436"><general><startdate>2025-06-16 10:33:25</startdate>
<round>1</round>
<failsafecounter/>
<players><player seat="6" name="oreiasccp" chips="788" dealer="0" win="0" bet="85" muck="1" rebuy="0" addon="0" merge="0" rebuychips="0" reg_code="8384858254"/>
<player seat="3" name="StyleSheetsBRr" chips="712" dealer="1" win="170" bet="213" muck="1" rebuy="0" addon="0" merge="0" rebuychips="0" reg_code="8384858245"/>
</players>
</general>
<round no="0"><action no="1" player="StyleSheetsBRr" type="15" discard="1" dealt="1" sum="5"/>
<action no="2" player="oreiasccp" type="15" sum="5"/>
<action no="3" player="StyleSheetsBRr" type="1" discard="1" dealt="1" sum="20"/>
<action no="4" player="oreiasccp" type="2" sum="40"/>
</round>
<round no="1"><cards type="Pocket" player="oreiasccp">HK HJ</cards>
<cards type="Pocket" player="StyleSheetsBRr">X X</cards>
<action no="5" player="StyleSheetsBRr" type="23" discard="1" dealt="1" sum="80"/>
<action no="6" player="oreiasccp" type="3" sum="40"/>
</round>
<round no="2"><cards type="Flop">D5 S3 D6</cards>
<action no="7" player="oreiasccp" type="4" sum="0"/>
<action no="8" player="StyleSheetsBRr" type="4" discard="1" dealt="1" sum="0"/>
</round>
<round no="3"><cards type="Turn">DA</cards>
<action no="9" player="oreiasccp" type="4" sum="0"/>
<action no="10" player="StyleSheetsBRr" type="5" discard="1" dealt="1" sum="128"/>
<action no="11" player="oreiasccp" type="0" sum="0"/>
</round>
</game>
<game gamecode="11514903558"><general><startdate>2025-06-16 10:33:57</startdate>
<round>1</round>
<failsafecounter/>
<players><player seat="3" name="StyleSheetsBRr" chips="797" dealer="0" win="90" bet="113" muck="1" rebuy="0" addon="0" merge="0" rebuychips="0" reg_code="8384858245"/>
<player seat="6" name="oreiasccp" chips="703" dealer="1" win="0" bet="45" muck="1" rebuy="0" addon="0" merge="0" rebuychips="0" reg_code="8384858254"/>
</players>
</general>
<round no="0"><action no="1" player="oreiasccp" type="15" sum="5"/>
<action no="2" player="StyleSheetsBRr" type="15" discard="1" dealt="1" sum="5"/>
<action no="3" player="oreiasccp" type="1" sum="20"/>
<action no="4" player="StyleSheetsBRr" type="2" discard="1" dealt="1" sum="40"/>
</round>
<round no="1"><cards type="Pocket" player="oreiasccp">DJ HK</cards>
<cards type="Pocket" player="StyleSheetsBRr">X X</cards>
<action no="5" player="oreiasccp" type="3" sum="20"/>
<action no="6" player="StyleSheetsBRr" type="4" discard="1" dealt="1" sum="0"/>
</round>
<round no="2"><cards type="Flop">H7 C3 H6</cards>
<action no="7" player="StyleSheetsBRr" type="4" discard="1" dealt="1" sum="0"/>
<action no="8" player="oreiasccp" type="4" sum="0"/>
</round>
<round no="3"><cards type="Turn">SQ</cards>
<action no="9" player="StyleSheetsBRr" type="5" discard="1" dealt="1" sum="68"/>
<action no="10" player="oreiasccp" type="0" sum="0"/>
</round>
</game>
<game gamecode="11514903689"><general><startdate>2025-06-16 10:34:39</startdate>
<round>1</round>
<failsafecounter/>
<players><player seat="6" name="oreiasccp" chips="658" dealer="0" win="0" bet="45" muck="1" rebuy="0" addon="0" merge="0" rebuychips="0" reg_code="8384858254"/>
<player seat="3" name="StyleSheetsBRr" chips="842" dealer="1" win="90" bet="842" muck="1" rebuy="0" addon="0" merge="0" rebuychips="0" reg_code="8384858245"/>
</players>
</general>
<round no="0"><action no="1" player="StyleSheetsBRr" type="15" discard="1" dealt="1" sum="5"/>
<action no="2" player="oreiasccp" type="15" sum="5"/>
<action no="3" player="StyleSheetsBRr" type="1" discard="1" dealt="1" sum="20"/>
<action no="4" player="oreiasccp" type="2" sum="40"/>
</round>
<round no="1"><cards type="Pocket" player="oreiasccp">DA S6</cards>
<cards type="Pocket" player="StyleSheetsBRr">X X</cards>
<action no="5" player="StyleSheetsBRr" type="23" discard="1" dealt="1" sum="837"/>
<action no="6" player="oreiasccp" type="0" sum="0"/>
</round>
</game>
<game gamecode="11514903747"><general><startdate>2025-06-16 10:34:55</startdate>
<round>1</round>
<failsafecounter/>
<players><player seat="3" name="StyleSheetsBRr" chips="887" dealer="0" win="130" bet="887" muck="1" rebuy="0" addon="0" merge="0" rebuychips="0" reg_code="8384858245"/>
<player seat="6" name="oreiasccp" chips="613" dealer="1" win="0" bet="65" muck="1" rebuy="0" addon="0" merge="0" rebuychips="0" reg_code="8384858254"/>
</players>
</general>
<round no="0"><action no="1" player="oreiasccp" type="15" sum="5"/>
<action no="2" player="StyleSheetsBRr" type="15" discard="1" dealt="1" sum="5"/>
<action no="3" player="oreiasccp" type="1" sum="30"/>
<action no="4" player="StyleSheetsBRr" type="2" discard="1" dealt="1" sum="60"/>
</round>
<round no="1"><cards type="Pocket" player="oreiasccp">S8 S2</cards>
<cards type="Pocket" player="StyleSheetsBRr">X X</cards>
<action no="5" player="oreiasccp" type="3" sum="30"/>
<action no="6" player="StyleSheetsBRr" type="23" discard="1" dealt="1" sum="882"/>
<action no="7" player="oreiasccp" type="0" sum="0"/>
</round>
</game>
<game gamecode="11514903793"><general><startdate>2025-06-16 10:35:11</startdate>
<round>1</round>
<failsafecounter/>
<players><player seat="6" name="oreiasccp" chips="548" dealer="0" win="70" bet="65" muck="1" rebuy="0" addon="0" merge="0" rebuychips="0" reg_code="8384858254"/>
<player seat="3" name="StyleSheetsBRr" chips="952" dealer="1" win="0" bet="35" muck="1" rebuy="0" addon="0" merge="0" rebuychips="0" reg_code="8384858245"/>
</players>
</general>
<round no="0"><action no="1" player="StyleSheetsBRr" type="15" discard="1" dealt="1" sum="5"/>
<action no="2" player="oreiasccp" type="15" sum="5"/>
<action no="3" player="StyleSheetsBRr" type="1" discard="1" dealt="1" sum="30"/>
<action no="4" player="oreiasccp" type="2" sum="60"/>
</round>
<round no="1"><cards type="Pocket" player="StyleSheetsBRr">X X</cards>
<cards type="Pocket" player="oreiasccp">H2 D10</cards>
<action no="5" player="StyleSheetsBRr" type="0" discard="1" dealt="1" sum="0"/>
</round>
</game>
<game gamecode="11514903812"><general><startdate>2025-06-16 10:35:18</startdate>
<round>1</round>
<failsafecounter/>
<players><player seat="3" name="StyleSheetsBRr" chips="917" dealer="0" win="70" bet="65" muck="1" rebuy="0" addon="0" merge="0" rebuychips="0" reg_code="8384858245"/>
<player seat="6" name="oreiasccp" chips="583" dealer="1" win="0" bet="35" muck="1" rebuy="0" addon="0" merge="0" rebuychips="0" reg_code="8384858254"/>
</players>
</general>
<round no="0"><action no="1" player="oreiasccp" type="15" sum="5"/>
<action no="2" player="StyleSheetsBRr" type="15" discard="1" dealt="1" sum="5"/>
<action no="3" player="oreiasccp" type="1" sum="30"/>
<action no="4" player="StyleSheetsBRr" type="2" discard="1" dealt="1" sum="60"/>
</round>
<round no="1"><cards type="Pocket" player="StyleSheetsBRr">X X</cards>
<cards type="Pocket" player="oreiasccp">S4 H7</cards>
<action no="5" player="oreiasccp" type="0" sum="0"/>
</round>
</game>
<game gamecode="11514903827"><general><startdate>2025-06-16 10:35:24</startdate>
<round>1</round>
<failsafecounter/>
<players><player seat="6" name="oreiasccp" chips="548" dealer="0" win="130" bet="185" muck="1" rebuy="0" addon="0" merge="0" rebuychips="0" reg_code="8384858254"/>
<player seat="3" name="StyleSheetsBRr" chips="952" dealer="1" win="0" bet="65" muck="1" rebuy="0" addon="0" merge="0" rebuychips="0" reg_code="8384858245"/>
</players>
</general>
<round no="0"><action no="1" player="StyleSheetsBRr" type="15" discard="1" dealt="1" sum="5"/>
<action no="2" player="oreiasccp" type="15" sum="5"/>
<action no="3" player="StyleSheetsBRr" type="1" discard="1" dealt="1" sum="30"/>
<action no="4" player="oreiasccp" type="2" sum="60"/>
</round>
<round no="1"><cards type="Pocket" player="StyleSheetsBRr">X X</cards>
<cards type="Pocket" player="oreiasccp">H4 D9</cards>
<action no="5" player="StyleSheetsBRr" type="3" discard="1" dealt="1" sum="30"/>
<action no="6" player="oreiasccp" type="23" sum="180"/>
<action no="7" player="StyleSheetsBRr" type="0" discard="1" dealt="1" sum="0"/>
</round>
</game>
<game gamecode="11514903893"><general><startdate>2025-06-16 10:35:43</startdate>
<round>1</round>
<failsafecounter/>
<players><player seat="3" name="StyleSheetsBRr" chips="887" dealer="0" win="70" bet="65" muck="1" rebuy="0" addon="0" merge="0" rebuychips="0" reg_code="8384858245"/>
<player seat="6" name="oreiasccp" chips="613" dealer="1" win="0" bet="35" muck="1" rebuy="0" addon="0" merge="0" rebuychips="0" reg_code="8384858254"/>
</players>
</general>
<round no="0"><action no="1" player="oreiasccp" type="15" sum="5"/>
<action no="2" player="StyleSheetsBRr" type="15" discard="1" dealt="1" sum="5"/>
<action no="3" player="oreiasccp" type="1" sum="30"/>
<action no="4" player="StyleSheetsBRr" type="2" discard="1" dealt="1" sum="60"/>
</round>
<round no="1"><cards type="Pocket" player="StyleSheetsBRr">X X</cards>
<cards type="Pocket" player="oreiasccp">S7 H5</cards>
<action no="5" player="oreiasccp" type="0" sum="0"/>
</round>
</game>
<game gamecode="11514903906"><general><startdate>2025-06-16 10:35:49</startdate>
<round>1</round>
<failsafecounter/>
<players><player seat="6" name="oreiasccp" chips="578" dealer="0" win="0" bet="65" muck="1" rebuy="0" addon="0" merge="0" rebuychips="0" reg_code="8384858254"/>
<player seat="3" name="StyleSheetsBRr" chips="922" dealer="1" win="130" bet="922" muck="1" rebuy="0" addon="0" merge="0" rebuychips="0" reg_code="8384858245"/>
</players>
</general>
<round no="0"><action no="1" player="StyleSheetsBRr" type="15" discard="1" dealt="1" sum="5"/>
<action no="2" player="oreiasccp" type="15" sum="5"/>
<action no="3" player="StyleSheetsBRr" type="1" discard="1" dealt="1" sum="30"/>
<action no="4" player="oreiasccp" type="2" sum="60"/>
</round>
<round no="1"><cards type="Pocket" player="oreiasccp">S4 S6</cards>
<cards type="Pocket" player="StyleSheetsBRr">X X</cards>
<action no="5" player="StyleSheetsBRr" type="23" discard="1" dealt="1" sum="917"/>
<action no="6" player="oreiasccp" type="0" sum="0"/>
</round>
</game>
<game gamecode="11514903933"><general><startdate>2025-06-16 10:35:56</startdate>
<round>1</round>
<failsafecounter/>
<players><player seat="3" name="StyleSheetsBRr" chips="987" dealer="0" win="1,026" bet="513" muck="0" rebuy="0" addon="0" merge="0" rebuychips="0" reg_code="8384858245"/>
<player seat="6" name="oreiasccp" chips="513" dealer="1" win="0" bet="513" muck="0" rebuy="0" addon="0" merge="0" rebuychips="0" reg_code="8384858254"/>
</players>
</general>
<round no="0"><action no="1" player="oreiasccp" type="15" sum="5"/>
<action no="2" player="StyleSheetsBRr" type="15" discard="1" dealt="1" sum="5"/>
<action no="3" player="oreiasccp" type="1" sum="30"/>
<action no="4" player="StyleSheetsBRr" type="2" discard="1" dealt="1" sum="60"/>
</round>
<round no="1"><cards type="Pocket" player="StyleSheetsBRr">D9 S9</cards>
<cards type="Pocket" player="oreiasccp">H7 C8</cards>
<action no="5" player="oreiasccp" type="23" sum="508"/>
<action no="6" player="StyleSheetsBRr" type="3" discard="1" dealt="1" sum="448"/>
</round>
<round no="2"><cards type="Flop">CJ DQ H8</cards>
</round>
<round no="3"><cards type="Turn">H6</cards>
</round>
<round no="4"><cards type="River">H4</cards>
</round>
</game>
</session>
