<?xml version="1.0" encoding="UTF-8"?>
<session sessioncode="8384855587">
<general>
<client_version>24.7.1.16</client_version>
<mode>real</mode>
<gametype>Holdem NL</gametype>
<tablename>Twister €5 SNG, 1127567189</tablename>
<tournamentcode>1127567188</tournamentcode>
<tournamentname>Twister €5 SNG</tournamentname>
<buyin>€0 + €0.35 + €4.65</buyin>
<totalbuyin>€5</totalbuyin>
<rewarddrawn>€10</rewarddrawn>
<tournamentcurrency>EUR</tournamentcurrency>
<currency>EUR</currency>
<nickname>oreiasccp</nickname>
<gamecount>24</gamecount>
<startdate>2025-06-16 10:16:44</startdate>
<place>1</place>
<win>€10</win>
<tablesize>3</tablesize>
</general>
<game gamecode="11514890994"><general><startdate>2025-06-16 10:16:59</startdate>
<round>1</round>
<failsafecounter/>
<players><player seat="6" name="oreiasccp" chips="500" dealer="0" win="374" bet="500" muck="1" rebuy="0" addon="0" merge="0" rebuychips="0" reg_code="8384855587"/>
<player seat="10" name="gasgas" chips="500" dealer="1" win="0" bet="0" muck="1" rebuy="0" addon="0" merge="0" rebuychips="0" reg_code="8384855588"/>
<player seat="3" name="raven941" chips="500" dealer="0" win="0" bet="187" muck="1" rebuy="0" addon="0" merge="0" rebuychips="0" reg_code="8384855583"/>
</players>
</general>
<round no="0"><action no="1" player="raven941" type="1" discard="1" dealt="1" sum="10"/>
<action no="2" player="oreiasccp" type="2" sum="20"/>
</round>
<round no="1"><cards type="Pocket" player="raven941">X X</cards>
<cards type="Pocket" player="oreiasccp">HA C8</cards>
<cards type="Pocket" player="gasgas">X X</cards>
<action no="3" player="gasgas" type="0" discard="1" dealt="1" sum="0"/>
<action no="4" player="raven941" type="23" discard="1" dealt="1" sum="50"/>
<action no="5" player="oreiasccp" type="3" sum="30"/>
</round>
<round no="2"><cards type="Flop">S2 SQ C5</cards>
<action no="6" player="raven941" type="5" discard="1" dealt="1" sum="25"/>
<action no="7" player="oreiasccp" type="3" sum="25"/>
</round>
<round no="3"><cards type="Turn">DA</cards>
<action no="8" player="raven941" type="5" discard="1" dealt="1" sum="112"/>
<action no="9" player="oreiasccp" type="3" sum="112"/>
</round>
<round no="4"><cards type="River">CA</cards>
<action no="10" player="raven941" type="4" discard="1" dealt="1" sum="0"/>
<action no="11" player="oreiasccp" type="5" sum="313"/>
<action no="12" player="raven941" type="0" discard="1" dealt="1" sum="0"/>
</round>
</game>
<game gamecode="11514891097"><general><startdate>2025-06-16 10:17:36</startdate>
<round>1</round>
<failsafecounter/>
<players><player seat="10" name="gasgas" chips="500" dealer="0" win="0" bet="20" muck="1" rebuy="0" addon="0" merge="0" rebuychips="0" reg_code="8384855588"/>
<player seat="3" name="raven941" chips="313" dealer="1" win="50" bet="40" muck="1" rebuy="0" addon="0" merge="0" rebuychips="0" reg_code="8384855583"/>
<player seat="6" name="oreiasccp" chips="687" dealer="0" win="0" bet="10" muck="1" rebuy="0" addon="0" merge="0" rebuychips="0" reg_code="8384855587"/>
</players>
</general>
<round no="0"><action no="1" player="oreiasccp" type="1" sum="10"/>
<action no="2" player="gasgas" type="2" discard="1" dealt="1" sum="20"/>
</round>
<round no="1"><cards type="Pocket" player="oreiasccp">S9 DK</cards>
<cards type="Pocket" player="raven941">X X</cards>
<cards type="Pocket" player="gasgas">X X</cards>
<action no="3" player="raven941" type="23" discard="1" dealt="1" sum="40"/>
<action no="4" player="oreiasccp" type="0" sum="0"/>
<action no="5" player="gasgas" type="0" discard="1" dealt="1" sum="0"/>
</round>
</game>
<game gamecode="11514891138"><general><startdate>2025-06-16 10:17:50</startdate>
<round>1</round>
<failsafecounter/>
<players><player seat="3" name="raven941" chips="343" dealer="0" win="696" bet="343" muck="0" rebuy="0" addon="0" merge="0" rebuychips="0" reg_code="8384855583"/>
<player seat="6" name="oreiasccp" chips="677" dealer="1" win="0" bet="343" muck="1" rebuy="0" addon="0" merge="0" rebuychips="0" reg_code="8384855587"/>
<player seat="10" name="gasgas" chips="480" dealer="0" win="0" bet="10" muck="1" rebuy="0" addon="0" merge="0" rebuychips="0" reg_code="8384855588"/>
</players>
</general>
<round no="0"><action no="1" player="gasgas" type="1" discard="1" dealt="1" sum="10"/>
<action no="2" player="raven941" type="2" discard="1" dealt="1" sum="20"/>
</round>
<round no="1"><cards type="Pocket" player="oreiasccp">DK CA</cards>
<cards type="Pocket" player="gasgas">X X</cards>
<cards type="Pocket" player="raven941">C3 H3</cards>
<action no="3" player="oreiasccp" type="23" sum="40"/>
<action no="4" player="gasgas" type="0" discard="1" dealt="1" sum="0"/>
<action no="5" player="raven941" type="23" discard="1" dealt="1" sum="343"/>
<action no="6" player="oreiasccp" type="3" sum="303"/>
</round>
<round no="2"><cards type="Flop">S8 S6 H5</cards>
</round>
<round no="3"><cards type="Turn">H9</cards>
</round>
<round no="4"><cards type="River">CJ</cards>
</round>
</game>
<game gamecode="11514891203"><general><startdate>2025-06-16 10:18:14</startdate>
<round>1</round>
<failsafecounter/>
<players><player seat="6" name="oreiasccp" chips="334" dealer="0" win="0" bet="190" muck="1" rebuy="0" addon="0" merge="0" rebuychips="0" reg_code="8384855587"/>
<player seat="10" name="gasgas" chips="470" dealer="1" win="390" bet="190" muck="0" rebuy="0" addon="0" merge="0" rebuychips="0" reg_code="8384855588"/>
<player seat="3" name="raven941" chips="696" dealer="0" win="0" bet="10" muck="1" rebuy="0" addon="0" merge="0" rebuychips="0" reg_code="8384855583"/>
</players>
</general>
<round no="0"><action no="1" player="raven941" type="1" discard="1" dealt="1" sum="10"/>
<action no="2" player="oreiasccp" type="2" sum="20"/>
</round>
<round no="1"><cards type="Pocket" player="oreiasccp">CQ C10</cards>
<cards type="Pocket" player="raven941">X X</cards>
<cards type="Pocket" player="gasgas">C8 CK</cards>
<action no="3" player="gasgas" type="23" discard="1" dealt="1" sum="40"/>
<action no="4" player="raven941" type="0" discard="1" dealt="1" sum="0"/>
<action no="5" player="oreiasccp" type="3" sum="20"/>
</round>
<round no="2"><cards type="Flop">D6 H6 C4</cards>
<action no="6" player="oreiasccp" type="4" sum="0"/>
<action no="7" player="gasgas" type="5" discard="1" dealt="1" sum="20"/>
<action no="8" player="oreiasccp" type="3" sum="20"/>
</round>
<round no="3"><cards type="Turn">DK</cards>
<action no="9" player="oreiasccp" type="4" sum="0"/>
<action no="10" player="gasgas" type="4" discard="1" dealt="1" sum="0"/>
</round>
<round no="4"><cards type="River">HQ</cards>
<action no="11" player="oreiasccp" type="4" sum="0"/>
<action no="12" player="gasgas" type="5" discard="1" dealt="1" sum="130"/>
<action no="13" player="oreiasccp" type="3" sum="130"/>
</round>
</game>
<game gamecode="11514891303"><general><startdate>2025-06-16 10:18:47</startdate>
<round>1</round>
<failsafecounter/>
<players><player seat="10" name="gasgas" chips="670" dealer="0" win="0" bet="144" muck="1" rebuy="0" addon="0" merge="0" rebuychips="0" reg_code="8384855588"/>
<player seat="3" name="raven941" chips="686" dealer="1" win="0" bet="0" muck="1" rebuy="0" addon="0" merge="0" rebuychips="0" reg_code="8384855583"/>
<player seat="6" name="oreiasccp" chips="144" dealer="0" win="288" bet="144" muck="0" rebuy="0" addon="0" merge="0" rebuychips="0" reg_code="8384855587"/>
</players>
</general>
<round no="0"><action no="1" player="oreiasccp" type="1" sum="10"/>
<action no="2" player="gasgas" type="2" discard="1" dealt="1" sum="20"/>
</round>
<round no="1"><cards type="Pocket" player="raven941">X X</cards>
<cards type="Pocket" player="oreiasccp">DQ C10</cards>
<cards type="Pocket" player="gasgas">HQ H6</cards>
<action no="3" player="raven941" type="0" discard="1" dealt="1" sum="0"/>
<action no="4" player="oreiasccp" type="23" sum="144"/>
<action no="5" player="gasgas" type="3" discard="1" dealt="1" sum="124"/>
</round>
<round no="2"><cards type="Flop">DK D10 H9</cards>
</round>
<round no="3"><cards type="Turn">C9</cards>
</round>
<round no="4"><cards type="River">C8</cards>
</round>
</game>
<game gamecode="11514891361"><general><startdate>2025-06-16 10:19:07</startdate>
<round>1</round>
<failsafecounter/>
<players><player seat="3" name="raven941" chips="686" dealer="0" win="0" bet="35" muck="1" rebuy="0" addon="0" merge="0" rebuychips="0" reg_code="8384855583"/>
<player seat="6" name="oreiasccp" chips="288" dealer="1" win="90" bet="288" muck="1" rebuy="0" addon="0" merge="0" rebuychips="0" reg_code="8384855587"/>
<player seat="10" name="gasgas" chips="526" dealer="0" win="0" bet="20" muck="1" rebuy="0" addon="0" merge="0" rebuychips="0" reg_code="8384855588"/>
</players>
</general>
<round no="0"><action no="1" player="gasgas" type="15" discard="1" dealt="1" sum="5"/>
<action no="2" player="raven941" type="15" discard="1" dealt="1" sum="5"/>
<action no="3" player="oreiasccp" type="15" sum="5"/>
<action no="4" player="gasgas" type="1" discard="1" dealt="1" sum="15"/>
<action no="5" player="raven941" type="2" discard="1" dealt="1" sum="30"/>
</round>
<round no="1"><cards type="Pocket" player="oreiasccp">DQ DJ</cards>
<cards type="Pocket" player="gasgas">X X</cards>
<cards type="Pocket" player="raven941">X X</cards>
<action no="6" player="oreiasccp" type="23" sum="283"/>
<action no="7" player="gasgas" type="0" discard="1" dealt="1" sum="0"/>
<action no="8" player="raven941" type="0" discard="1" dealt="1" sum="0"/>
</round>
</game>
<game gamecode="11514891388"><general><startdate>2025-06-16 10:19:16</startdate>
<round>1</round>
<failsafecounter/>
<players><player seat="6" name="oreiasccp" chips="343" dealer="0" win="150" bet="343" muck="1" rebuy="0" addon="0" merge="0" rebuychips="0" reg_code="8384855587"/>
<player seat="10" name="gasgas" chips="506" dealer="1" win="0" bet="65" muck="1" rebuy="0" addon="0" merge="0" rebuychips="0" reg_code="8384855588"/>
<player seat="3" name="raven941" chips="651" dealer="0" win="0" bet="20" muck="1" rebuy="0" addon="0" merge="0" rebuychips="0" reg_code="8384855583"/>
</players>
</general>
<round no="0"><action no="1" player="raven941" type="15" discard="1" dealt="1" sum="5"/>
<action no="2" player="oreiasccp" type="15" sum="5"/>
<action no="3" player="gasgas" type="15" discard="1" dealt="1" sum="5"/>
<action no="4" player="raven941" type="1" discard="1" dealt="1" sum="15"/>
<action no="5" player="oreiasccp" type="2" sum="30"/>
</round>
<round no="1"><cards type="Pocket" player="raven941">X X</cards>
<cards type="Pocket" player="oreiasccp">DA H8</cards>
<cards type="Pocket" player="gasgas">X X</cards>
<action no="6" player="gasgas" type="23" discard="1" dealt="1" sum="60"/>
<action no="7" player="raven941" type="0" discard="1" dealt="1" sum="0"/>
<action no="8" player="oreiasccp" type="23" sum="338"/>
<action no="9" player="gasgas" type="0" discard="1" dealt="1" sum="0"/>
</round>
</game>
<game gamecode="11514891430"><general><startdate>2025-06-16 10:19:29</startdate>
<round>1</round>
<failsafecounter/>
<players><player seat="10" name="gasgas" chips="441" dealer="0" win="0" bet="35" muck="1" rebuy="0" addon="0" merge="0" rebuychips="0" reg_code="8384855588"/>
<player seat="3" name="raven941" chips="631" dealer="1" win="90" bet="65" muck="1" rebuy="0" addon="0" merge="0" rebuychips="0" reg_code="8384855583"/>
<player seat="6" name="oreiasccp" chips="428" dealer="0" win="0" bet="20" muck="1" rebuy="0" addon="0" merge="0" rebuychips="0" reg_code="8384855587"/>
</players>
</general>
<round no="0"><action no="1" player="oreiasccp" type="15" sum="5"/>
<action no="2" player="gasgas" type="15" discard="1" dealt="1" sum="5"/>
<action no="3" player="raven941" type="15" discard="1" dealt="1" sum="5"/>
<action no="4" player="oreiasccp" type="1" sum="15"/>
<action no="5" player="gasgas" type="2" discard="1" dealt="1" sum="30"/>
</round>
<round no="1"><cards type="Pocket" player="raven941">X X</cards>
<cards type="Pocket" player="gasgas">X X</cards>
<cards type="Pocket" player="oreiasccp">D5 S7</cards>
<action no="6" player="raven941" type="23" discard="1" dealt="1" sum="60"/>
<action no="7" player="oreiasccp" type="0" sum="0"/>
<action no="8" player="gasgas" type="0" discard="1" dealt="1" sum="0"/>
</round>
</game>
<game gamecode="11514891472"><general><startdate>2025-06-16 10:19:40</startdate>
<round>1</round>
<failsafecounter/>
<players><player seat="3" name="raven941" chips="686" dealer="0" win="0" bet="65" muck="1" rebuy="0" addon="0" merge="0" rebuychips="0" reg_code="8384855583"/>
<player seat="6" name="oreiasccp" chips="408" dealer="1" win="0" bet="5" muck="1" rebuy="0" addon="0" merge="0" rebuychips="0" reg_code="8384855587"/>
<player seat="10" name="gasgas" chips="406" dealer="0" win="135" bet="200" muck="1" rebuy="0" addon="0" merge="0" rebuychips="0" reg_code="8384855588"/>
</players>
</general>
<round no="0"><action no="1" player="gasgas" type="15" discard="1" dealt="1" sum="5"/>
<action no="2" player="raven941" type="15" discard="1" dealt="1" sum="5"/>
<action no="3" player="oreiasccp" type="15" sum="5"/>
<action no="4" player="gasgas" type="1" discard="1" dealt="1" sum="15"/>
<action no="5" player="raven941" type="2" discard="1" dealt="1" sum="30"/>
</round>
<round no="1"><cards type="Pocket" player="raven941">X X</cards>
<cards type="Pocket" player="oreiasccp">SJ C6</cards>
<cards type="Pocket" player="gasgas">X X</cards>
<action no="6" player="oreiasccp" type="0" sum="0"/>
<action no="7" player="gasgas" type="3" discard="1" dealt="1" sum="15"/>
<action no="8" player="raven941" type="4" discard="1" dealt="1" sum="0"/>
</round>
<round no="2"><cards type="Flop">C5 HK S8</cards>
<action no="9" player="gasgas" type="5" discard="1" dealt="1" sum="30"/>
<action no="10" player="raven941" type="3" discard="1" dealt="1" sum="30"/>
</round>
<round no="3"><cards type="Turn">CA</cards>
<action no="11" player="gasgas" type="5" discard="1" dealt="1" sum="135"/>
<action no="12" player="raven941" type="0" discard="1" dealt="1" sum="0"/>
</round>
</game>
<game gamecode="11514891622"><general><startdate>2025-06-16 10:20:26</startdate>
<round>1</round>
<failsafecounter/>
<players><player seat="6" name="oreiasccp" chips="403" dealer="0" win="0" bet="35" muck="1" rebuy="0" addon="0" merge="0" rebuychips="0" reg_code="8384855587"/>
<player seat="10" name="gasgas" chips="476" dealer="1" win="0" bet="476" muck="0" rebuy="0" addon="0" merge="0" rebuychips="0" reg_code="8384855588"/>
<player seat="3" name="raven941" chips="621" dealer="0" win="987" bet="621" muck="0" rebuy="0" addon="0" merge="0" rebuychips="0" reg_code="8384855583"/>
</players>
</general>
<round no="0"><action no="1" player="raven941" type="15" discard="1" dealt="1" sum="5"/>
<action no="2" player="oreiasccp" type="15" sum="5"/>
<action no="3" player="gasgas" type="15" discard="1" dealt="1" sum="5"/>
<action no="4" player="raven941" type="1" discard="1" dealt="1" sum="15"/>
<action no="5" player="oreiasccp" type="2" sum="30"/>
</round>
<round no="1"><cards type="Pocket" player="gasgas">S9 C9</cards>
<cards type="Pocket" player="oreiasccp">CJ C7</cards>
<cards type="Pocket" player="raven941">CA S8</cards>
<action no="6" player="gasgas" type="23" discard="1" dealt="1" sum="60"/>
<action no="7" player="raven941" type="23" discard="1" dealt="1" sum="616"/>
<action no="8" player="oreiasccp" type="0" sum="0"/>
<action no="9" player="gasgas" type="7" discard="1" dealt="1" sum="411"/>
</round>
<round no="2"><cards type="Flop">S4 D10 D7</cards>
</round>
<round no="3"><cards type="Turn">DA</cards>
</round>
<round no="4"><cards type="River">S6</cards>
</round>
</game>
<game gamecode="11514891700"><general><startdate>2025-06-16 10:20:52</startdate>
<round>1</round>
<failsafecounter/>
<players><player seat="6" name="oreiasccp" chips="368" dealer="0" win="0" bet="35" muck="1" rebuy="0" addon="0" merge="0" rebuychips="0" reg_code="8384855587"/>
<player seat="3" name="raven941" chips="1,132" dealer="1" win="70" bet="65" muck="1" rebuy="0" addon="0" merge="0" rebuychips="0" reg_code="8384855583"/>
</players>
</general>
<round no="0"><action no="1" player="raven941" type="15" discard="1" dealt="1" sum="5"/>
<action no="2" player="oreiasccp" type="15" sum="5"/>
<action no="3" player="raven941" type="1" discard="1" dealt="1" sum="15"/>
<action no="4" player="oreiasccp" type="2" sum="30"/>
</round>
<round no="1"><cards type="Pocket" player="raven941">X X</cards>
<cards type="Pocket" player="oreiasccp">S7 S4</cards>
<action no="5" player="raven941" type="3" discard="1" dealt="1" sum="15"/>
<action no="6" player="oreiasccp" type="4" sum="0"/>
</round>
<round no="2"><cards type="Flop">H2 D5 H5</cards>
<action no="7" player="oreiasccp" type="4" sum="0"/>
<action no="8" player="raven941" type="5" discard="1" dealt="1" sum="30"/>
<action no="9" player="oreiasccp" type="0" sum="0"/>
</round>
</game>
<game gamecode="11514891791"><general><startdate>2025-06-16 10:21:23</startdate>
<round>1</round>
<failsafecounter/>
<players><player seat="3" name="raven941" chips="1,167" dealer="0" win="0" bet="85" muck="1" rebuy="0" addon="0" merge="0" rebuychips="0" reg_code="8384855583"/>
<player seat="6" name="oreiasccp" chips="333" dealer="1" win="170" bet="333" muck="1" rebuy="0" addon="0" merge="0" rebuychips="0" reg_code="8384855587"/>
</players>
</general>
<round no="0"><action no="1" player="oreiasccp" type="15" sum="5"/>
<action no="2" player="raven941" type="15" discard="1" dealt="1" sum="5"/>
<action no="3" player="oreiasccp" type="1" sum="20"/>
<action no="4" player="raven941" type="2" discard="1" dealt="1" sum="40"/>
</round>
<round no="1"><cards type="Pocket" player="oreiasccp">S9 SA</cards>
<cards type="Pocket" player="raven941">X X</cards>
<action no="5" player="oreiasccp" type="3" sum="20"/>
<action no="6" player="raven941" type="23" discard="1" dealt="1" sum="80"/>
<action no="7" player="oreiasccp" type="23" sum="328"/>
<action no="8" player="raven941" type="0" discard="1" dealt="1" sum="0"/>
</round>
</game>
<game gamecode="11514891863"><general><startdate>2025-06-16 10:21:40</startdate>
<round>1</round>
<failsafecounter/>
<players><player seat="6" name="oreiasccp" chips="418" dealer="0" win="50" bet="45" muck="1" rebuy="0" addon="0" merge="0" rebuychips="0" reg_code="8384855587"/>
<player seat="3" name="raven941" chips="1,082" dealer="1" win="0" bet="25" muck="1" rebuy="0" addon="0" merge="0" rebuychips="0" reg_code="8384855583"/>
</players>
</general>
<round no="0"><action no="1" player="raven941" type="15" discard="1" dealt="1" sum="5"/>
<action no="2" player="oreiasccp" type="15" sum="5"/>
<action no="3" player="raven941" type="1" discard="1" dealt="1" sum="20"/>
<action no="4" player="oreiasccp" type="2" sum="40"/>
</round>
<round no="1"><cards type="Pocket" player="oreiasccp">C6 D7</cards>
<cards type="Pocket" player="raven941">X X</cards>
<action no="5" player="raven941" type="0" discard="1" dealt="1" sum="0"/>
</round>
</game>
<game gamecode="11514891876"><general><startdate>2025-06-16 10:21:46</startdate>
<round>1</round>
<failsafecounter/>
<players><player seat="3" name="raven941" chips="1,057" dealer="0" win="50" bet="45" muck="1" rebuy="0" addon="0" merge="0" rebuychips="0" reg_code="8384855583"/>
<player seat="6" name="oreiasccp" chips="443" dealer="1" win="0" bet="25" muck="1" rebuy="0" addon="0" merge="0" rebuychips="0" reg_code="8384855587"/>
</players>
</general>
<round no="0"><action no="1" player="oreiasccp" type="15" sum="5"/>
<action no="2" player="raven941" type="15" discard="1" dealt="1" sum="5"/>
<action no="3" player="oreiasccp" type="1" sum="20"/>
<action no="4" player="raven941" type="2" discard="1" dealt="1" sum="40"/>
</round>
<round no="1"><cards type="Pocket" player="oreiasccp">HJ S2</cards>
<cards type="Pocket" player="raven941">X X</cards>
<action no="5" player="oreiasccp" type="0" sum="0"/>
</round>
</game>
<game gamecode="11514891911"><general><startdate>2025-06-16 10:21:56</startdate>
<round>1</round>
<failsafecounter/>
<players><player seat="6" name="oreiasccp" chips="418" dealer="0" win="0" bet="45" muck="1" rebuy="0" addon="0" merge="0" rebuychips="0" reg_code="8384855587"/>
<player seat="3" name="raven941" chips="1,082" dealer="1" win="90" bet="1,082" muck="1" rebuy="0" addon="0" merge="0" rebuychips="0" reg_code="8384855583"/>
</players>
</general>
<round no="0"><action no="1" player="raven941" type="15" discard="1" dealt="1" sum="5"/>
<action no="2" player="oreiasccp" type="15" sum="5"/>
<action no="3" player="raven941" type="1" discard="1" dealt="1" sum="20"/>
<action no="4" player="oreiasccp" type="2" sum="40"/>
</round>
<round no="1"><cards type="Pocket" player="raven941">X X</cards>
<cards type="Pocket" player="oreiasccp">C4 S2</cards>
<action no="5" player="raven941" type="23" discard="1" dealt="1" sum="1,077"/>
<action no="6" player="oreiasccp" type="0" sum="0"/>
</round>
</game>
<game gamecode="11514896472"><general><startdate>2025-06-16 10:22:11</startdate>
<round>1</round>
<failsafecounter/>
<players><player seat="3" name="raven941" chips="1,127" dealer="0" win="50" bet="45" muck="1" rebuy="0" addon="0" merge="0" rebuychips="0" reg_code="8384855583"/>
<player seat="6" name="oreiasccp" chips="373" dealer="1" win="0" bet="25" muck="1" rebuy="0" addon="0" merge="0" rebuychips="0" reg_code="8384855587"/>
</players>
</general>
<round no="0"><action no="1" player="oreiasccp" type="15" sum="5"/>
<action no="2" player="raven941" type="15" discard="1" dealt="1" sum="5"/>
<action no="3" player="oreiasccp" type="1" sum="20"/>
<action no="4" player="raven941" type="2" discard="1" dealt="1" sum="40"/>
</round>
<round no="1"><cards type="Pocket" player="raven941">X X</cards>
<cards type="Pocket" player="oreiasccp">C2 C4</cards>
<action no="5" player="oreiasccp" type="0" sum="0"/>
</round>
</game>
<game gamecode="11514896492"><general><startdate>2025-06-16 10:22:17</startdate>
<round>1</round>
<failsafecounter/>
<players><player seat="6" name="oreiasccp" chips="348" dealer="0" win="696" bet="348" muck="0" rebuy="0" addon="0" merge="0" rebuychips="0" reg_code="8384855587"/>
<player seat="3" name="raven941" chips="1,152" dealer="1" win="0" bet="1,152" muck="0" rebuy="0" addon="0" merge="0" rebuychips="0" reg_code="8384855583"/>
</players>
</general>
<round no="0"><action no="1" player="raven941" type="15" discard="1" dealt="1" sum="5"/>
<action no="2" player="oreiasccp" type="15" sum="5"/>
<action no="3" player="raven941" type="1" discard="1" dealt="1" sum="20"/>
<action no="4" player="oreiasccp" type="2" sum="40"/>
</round>
<round no="1"><cards type="Pocket" player="oreiasccp">SK D6</cards>
<cards type="Pocket" player="raven941">CJ SA</cards>
<action no="5" player="raven941" type="23" discard="1" dealt="1" sum="1,147"/>
<action no="6" player="oreiasccp" type="7" sum="303"/>
</round>
<round no="2"><cards type="Flop">DQ SJ H2</cards>
</round>
<round no="3"><cards type="Turn">DK</cards>
</round>
<round no="4"><cards type="River">C6</cards>
</round>
</game>
<game gamecode="11514896562"><general><startdate>2025-06-16 10:22:40</startdate>
<round>1</round>
<failsafecounter/>
<players><player seat="3" name="raven941" chips="804" dealer="0" win="0" bet="45" muck="1" rebuy="0" addon="0" merge="0" rebuychips="0" reg_code="8384855583"/>
<player seat="6" name="oreiasccp" chips="696" dealer="1" win="90" bet="85" muck="1" rebuy="0" addon="0" merge="0" rebuychips="0" reg_code="8384855587"/>
</players>
</general>
<round no="0"><action no="1" player="oreiasccp" type="15" sum="5"/>
<action no="2" player="raven941" type="15" discard="1" dealt="1" sum="5"/>
<action no="3" player="oreiasccp" type="1" sum="20"/>
<action no="4" player="raven941" type="2" discard="1" dealt="1" sum="40"/>
</round>
<round no="1"><cards type="Pocket" player="oreiasccp">HJ C10</cards>
<cards type="Pocket" player="raven941">X X</cards>
<action no="5" player="oreiasccp" type="3" sum="20"/>
<action no="6" player="raven941" type="4" discard="1" dealt="1" sum="0"/>
</round>
<round no="2"><cards type="Flop">CJ HQ S8</cards>
<action no="7" player="raven941" type="4" discard="1" dealt="1" sum="0"/>
<action no="8" player="oreiasccp" type="4" sum="0"/>
</round>
<round no="3"><cards type="Turn">SQ</cards>
<action no="9" player="raven941" type="4" discard="1" dealt="1" sum="0"/>
<action no="10" player="oreiasccp" type="5" sum="40"/>
<action no="11" player="raven941" type="0" discard="1" dealt="1" sum="0"/>
</round>
</game>
<game gamecode="11514896637"><general><startdate>2025-06-16 10:23:07</startdate>
<round>1</round>
<failsafecounter/>
<players><player seat="6" name="oreiasccp" chips="741" dealer="0" win="324" bet="162" muck="0" rebuy="0" addon="0" merge="0" rebuychips="0" reg_code="8384855587"/>
<player seat="3" name="raven941" chips="759" dealer="1" win="0" bet="162" muck="0" rebuy="0" addon="0" merge="0" rebuychips="0" reg_code="8384855583"/>
</players>
</general>
<round no="0"><action no="1" player="raven941" type="15" discard="1" dealt="1" sum="5"/>
<action no="2" player="oreiasccp" type="15" sum="5"/>
<action no="3" player="raven941" type="1" discard="1" dealt="1" sum="30"/>
<action no="4" player="oreiasccp" type="2" sum="60"/>
</round>
<round no="1"><cards type="Pocket" player="oreiasccp">H4 CK</cards>
<cards type="Pocket" player="raven941">D7 S9</cards>
<action no="5" player="raven941" type="3" discard="1" dealt="1" sum="30"/>
<action no="6" player="oreiasccp" type="4" sum="0"/>
</round>
<round no="2"><cards type="Flop">H10 D4 C8</cards>
<action no="7" player="oreiasccp" type="4" sum="0"/>
<action no="8" player="raven941" type="4" discard="1" dealt="1" sum="0"/>
</round>
<round no="3"><cards type="Turn">SQ</cards>
<action no="9" player="oreiasccp" type="4" sum="0"/>
<action no="10" player="raven941" type="4" discard="1" dealt="1" sum="0"/>
</round>
<round no="4"><cards type="River">C3</cards>
<action no="11" player="oreiasccp" type="4" sum="0"/>
<action no="12" player="raven941" type="5" discard="1" dealt="1" sum="97"/>
<action no="13" player="oreiasccp" type="3" sum="97"/>
</round>
</game>
<game gamecode="11514896743"><general><startdate>2025-06-16 10:23:42</startdate>
<round>1</round>
<failsafecounter/>
<players><player seat="3" name="raven941" chips="597" dealer="0" win="130" bet="597" muck="1" rebuy="0" addon="0" merge="0" rebuychips="0" reg_code="8384855583"/>
<player seat="6" name="oreiasccp" chips="903" dealer="1" win="0" bet="65" muck="1" rebuy="0" addon="0" merge="0" rebuychips="0" reg_code="8384855587"/>
</players>
</general>
<round no="0"><action no="1" player="oreiasccp" type="15" sum="5"/>
<action no="2" player="raven941" type="15" discard="1" dealt="1" sum="5"/>
<action no="3" player="oreiasccp" type="1" sum="30"/>
<action no="4" player="raven941" type="2" discard="1" dealt="1" sum="60"/>
</round>
<round no="1"><cards type="Pocket" player="raven941">X X</cards>
<cards type="Pocket" player="oreiasccp">D5 S7</cards>
<action no="5" player="oreiasccp" type="3" sum="30"/>
<action no="6" player="raven941" type="23" discard="1" dealt="1" sum="592"/>
<action no="7" player="oreiasccp" type="0" sum="0"/>
</round>
</game>
<game gamecode="11514896782"><general><startdate>2025-06-16 10:23:53</startdate>
<round>1</round>
<failsafecounter/>
<players><player seat="6" name="oreiasccp" chips="838" dealer="0" win="662" bet="662" muck="0" rebuy="0" addon="0" merge="0" rebuychips="0" reg_code="8384855587"/>
<player seat="3" name="raven941" chips="662" dealer="1" win="662" bet="662" muck="0" rebuy="0" addon="0" merge="0" rebuychips="0" reg_code="8384855583"/>
</players>
</general>
<round no="0"><action no="1" player="raven941" type="15" discard="1" dealt="1" sum="5"/>
<action no="2" player="oreiasccp" type="15" sum="5"/>
<action no="3" player="raven941" type="1" discard="1" dealt="1" sum="30"/>
<action no="4" player="oreiasccp" type="2" sum="60"/>
</round>
<round no="1"><cards type="Pocket" player="raven941">S8 SQ</cards>
<cards type="Pocket" player="oreiasccp">D8 C4</cards>
<action no="5" player="raven941" type="3" discard="1" dealt="1" sum="30"/>
<action no="6" player="oreiasccp" type="23" sum="210"/>
<action no="7" player="raven941" type="3" discard="1" dealt="1" sum="150"/>
</round>
<round no="2"><cards type="Flop">C8 S7 H7</cards>
<action no="8" player="oreiasccp" type="5" sum="447"/>
<action no="9" player="raven941" type="7" discard="1" dealt="1" sum="447"/>
</round>
<round no="3"><cards type="Turn">CA</cards>
</round>
<round no="4"><cards type="River">D4</cards>
</round>
</game>
<game gamecode="11514896863"><general><startdate>2025-06-16 10:24:21</startdate>
<round>1</round>
<failsafecounter/>
<players><player seat="3" name="raven941" chips="662" dealer="0" win="0" bet="215" muck="1" rebuy="0" addon="0" merge="0" rebuychips="0" reg_code="8384855583"/>
<player seat="6" name="oreiasccp" chips="838" dealer="1" win="430" bet="215" muck="0" rebuy="0" addon="0" merge="0" rebuychips="0" reg_code="8384855587"/>
</players>
</general>
<round no="0"><action no="1" player="oreiasccp" type="15" sum="5"/>
<action no="2" player="raven941" type="15" discard="1" dealt="1" sum="5"/>
<action no="3" player="oreiasccp" type="1" sum="30"/>
<action no="4" player="raven941" type="2" discard="1" dealt="1" sum="60"/>
</round>
<round no="1"><cards type="Pocket" player="raven941">C4 D6</cards>
<cards type="Pocket" player="oreiasccp">SK H5</cards>
<action no="5" player="oreiasccp" type="3" sum="30"/>
<action no="6" player="raven941" type="4" discard="1" dealt="1" sum="0"/>
</round>
<round no="2"><cards type="Flop">C5 H3 SJ</cards>
<action no="7" player="raven941" type="4" discard="1" dealt="1" sum="0"/>
<action no="8" player="oreiasccp" type="5" sum="60"/>
<action no="9" player="raven941" type="23" discard="1" dealt="1" sum="150"/>
<action no="10" player="oreiasccp" type="3" sum="90"/>
</round>
<round no="3"><cards type="Turn">DQ</cards>
<action no="11" player="raven941" type="4" discard="1" dealt="1" sum="0"/>
<action no="12" player="oreiasccp" type="4" sum="0"/>
</round>
<round no="4"><cards type="River">S3</cards>
<action no="13" player="raven941" type="4" discard="1" dealt="1" sum="0"/>
<action no="14" player="oreiasccp" type="4" sum="0"/>
</round>
</game>
<game gamecode="11514896990"><general><startdate>2025-06-16 10:25:04</startdate>
<round>1</round>
<failsafecounter/>
<players><player seat="6" name="oreiasccp" chips="1,053" dealer="0" win="0" bet="88" muck="1" rebuy="0" addon="0" merge="0" rebuychips="0" reg_code="8384855587"/>
<player seat="3" name="raven941" chips="447" dealer="1" win="176" bet="447" muck="1" rebuy="0" addon="0" merge="0" rebuychips="0" reg_code="8384855583"/>
</players>
</general>
<round no="0"><action no="1" player="raven941" type="15" discard="1" dealt="1" sum="8"/>
<action no="2" player="oreiasccp" type="15" sum="8"/>
<action no="3" player="raven941" type="1" discard="1" dealt="1" sum="40"/>
<action no="4" player="oreiasccp" type="2" sum="80"/>
</round>
<round no="1"><cards type="Pocket" player="oreiasccp">H7 D2</cards>
<cards type="Pocket" player="raven941">X X</cards>
<action no="5" player="raven941" type="23" discard="1" dealt="1" sum="439"/>
<action no="6" player="oreiasccp" type="0" sum="0"/>
</round>
</game>
<game gamecode="11514897015"><general><startdate>2025-06-16 10:25:13</startdate>
<round>1</round>
<failsafecounter/>
<players><player seat="3" name="raven941" chips="535" dealer="0" win="0" bet="535" muck="0" rebuy="0" addon="0" merge="0" rebuychips="0" reg_code="8384855583"/>
<player seat="6" name="oreiasccp" chips="965" dealer="1" win="1,070" bet="535" muck="0" rebuy="0" addon="0" merge="0" rebuychips="0" reg_code="8384855587"/>
</players>
</general>
<round no="0"><action no="1" player="oreiasccp" type="15" sum="8"/>
<action no="2" player="raven941" type="15" discard="1" dealt="1" sum="8"/>
<action no="3" player="oreiasccp" type="1" sum="40"/>
<action no="4" player="raven941" type="2" discard="1" dealt="1" sum="80"/>
</round>
<round no="1"><cards type="Pocket" player="oreiasccp">HJ CK</cards>
<cards type="Pocket" player="raven941">C5 HQ</cards>
<action no="5" player="oreiasccp" type="23" sum="527"/>
<action no="6" player="raven941" type="7" discard="1" dealt="1" sum="447"/>
</round>
<round no="2"><cards type="Flop">D10 D4 S6</cards>
</round>
<round no="3"><cards type="Turn">SJ</cards>
</round>
<round no="4"><cards type="River">S10</cards>
</round>
</game>
</session>
