<?xml version="1.0" encoding="UTF-8"?>
<session sessioncode="8384867663">
<general>
<client_version>24.7.1.16</client_version>
<mode>real</mode>
<gametype>Holdem NL</gametype>
<tablename>Twister €5 SNG, 1127568954</tablename>
<tournamentcode>1127568953</tournamentcode>
<tournamentname>Twister €5 SNG</tournamentname>
<buyin>€0 + €0.35 + €4.65</buyin>
<totalbuyin>€5</totalbuyin>
<rewarddrawn>€15</rewarddrawn>
<tournamentcurrency>EUR</tournamentcurrency>
<currency>EUR</currency>
<nickname>oreiasccp</nickname>
<gamecount>23</gamecount>
<startdate>2025-06-16 11:00:07</startdate>
<place>2</place>
<win>€0</win>
<tablesize>3</tablesize>
</general>
<game gamecode="11514921195"><general><startdate>2025-06-16 11:00:22</startdate>
<round>1</round>
<failsafecounter/>
<players><player seat="10" name="bugbleak584" chips="500" dealer="0" win="1,010" bet="500" muck="0" rebuy="0" addon="0" merge="0" rebuychips="0" reg_code="8384867691"/>
<player seat="3" name="FlygandeFisken" chips="500" dealer="1" win="0" bet="500" muck="1" rebuy="0" addon="0" merge="0" rebuychips="0" reg_code="8384867662"/>
<player seat="6" name="oreiasccp" chips="500" dealer="0" win="0" bet="10" muck="1" rebuy="0" addon="0" merge="0" rebuychips="0" reg_code="8384867663"/>
</players>
</general>
<round no="0"><action no="1" player="oreiasccp" type="1" sum="10"/>
<action no="2" player="bugbleak584" type="2" discard="1" dealt="1" sum="20"/>
</round>
<round no="1"><cards type="Pocket" player="oreiasccp">D7 CA</cards>
<cards type="Pocket" player="FlygandeFisken">H6 D6</cards>
<cards type="Pocket" player="bugbleak584">CJ SK</cards>
<action no="3" player="FlygandeFisken" type="23" discard="1" dealt="1" sum="50"/>
<action no="4" player="oreiasccp" type="0" sum="0"/>
<action no="5" player="bugbleak584" type="23" discard="1" dealt="1" sum="500"/>
<action no="6" player="FlygandeFisken" type="7" discard="1" dealt="1" sum="450"/>
</round>
<round no="2"><cards type="Flop">S8 S7 H2</cards>
</round>
<round no="3"><cards type="Turn">S6</cards>
</round>
<round no="4"><cards type="River">S4</cards>
</round>
</game>
<game gamecode="11514921288"><general><startdate>2025-06-16 11:00:47</startdate>
<round>1</round>
<failsafecounter/>
<players><player seat="10" name="bugbleak584" chips="1,010" dealer="0" win="40" bet="1,010" muck="1" rebuy="0" addon="0" merge="0" rebuychips="0" reg_code="8384867691"/>
<player seat="6" name="oreiasccp" chips="490" dealer="1" win="0" bet="20" muck="1" rebuy="0" addon="0" merge="0" rebuychips="0" reg_code="8384867663"/>
</players>
</general>
<round no="0"><action no="1" player="oreiasccp" type="1" sum="10"/>
<action no="2" player="bugbleak584" type="2" discard="1" dealt="1" sum="20"/>
</round>
<round no="1"><cards type="Pocket" player="bugbleak584">X X</cards>
<cards type="Pocket" player="oreiasccp">D4 C3</cards>
<action no="3" player="oreiasccp" type="3" sum="10"/>
<action no="4" player="bugbleak584" type="23" discard="1" dealt="1" sum="1,010"/>
<action no="5" player="oreiasccp" type="0" sum="0"/>
</round>
</game>
<game gamecode="11514921340"><general><startdate>2025-06-16 11:01:00</startdate>
<round>1</round>
<failsafecounter/>
<players><player seat="6" name="oreiasccp" chips="470" dealer="0" win="0" bet="20" muck="1" rebuy="0" addon="0" merge="0" rebuychips="0" reg_code="8384867663"/>
<player seat="10" name="bugbleak584" chips="1,030" dealer="1" win="40" bet="1,030" muck="1" rebuy="0" addon="0" merge="0" rebuychips="0" reg_code="8384867691"/>
</players>
</general>
<round no="0"><action no="1" player="bugbleak584" type="1" discard="1" dealt="1" sum="10"/>
<action no="2" player="oreiasccp" type="2" sum="20"/>
</round>
<round no="1"><cards type="Pocket" player="bugbleak584">X X</cards>
<cards type="Pocket" player="oreiasccp">DJ C6</cards>
<action no="3" player="bugbleak584" type="23" discard="1" dealt="1" sum="1,030"/>
<action no="4" player="oreiasccp" type="0" sum="0"/>
</round>
</game>
<game gamecode="11514921362"><general><startdate>2025-06-16 11:01:09</startdate>
<round>1</round>
<failsafecounter/>
<players><player seat="10" name="bugbleak584" chips="1,050" dealer="0" win="80" bet="1,050" muck="1" rebuy="0" addon="0" merge="0" rebuychips="0" reg_code="8384867691"/>
<player seat="6" name="oreiasccp" chips="450" dealer="1" win="0" bet="40" muck="1" rebuy="0" addon="0" merge="0" rebuychips="0" reg_code="8384867663"/>
</players>
</general>
<round no="0"><action no="1" player="oreiasccp" type="1" sum="10"/>
<action no="2" player="bugbleak584" type="2" discard="1" dealt="1" sum="20"/>
</round>
<round no="1"><cards type="Pocket" player="oreiasccp">DK C3</cards>
<cards type="Pocket" player="bugbleak584">X X</cards>
<action no="3" player="oreiasccp" type="23" sum="40"/>
<action no="4" player="bugbleak584" type="23" discard="1" dealt="1" sum="1,050"/>
<action no="5" player="oreiasccp" type="0" sum="0"/>
</round>
</game>
<game gamecode="11514925072"><general><startdate>2025-06-16 11:01:19</startdate>
<round>1</round>
<failsafecounter/>
<players><player seat="6" name="oreiasccp" chips="410" dealer="0" win="0" bet="20" muck="1" rebuy="0" addon="0" merge="0" rebuychips="0" reg_code="8384867663"/>
<player seat="10" name="bugbleak584" chips="1,090" dealer="1" win="40" bet="1,090" muck="1" rebuy="0" addon="0" merge="0" rebuychips="0" reg_code="8384867691"/>
</players>
</general>
<round no="0"><action no="1" player="bugbleak584" type="1" discard="1" dealt="1" sum="10"/>
<action no="2" player="oreiasccp" type="2" sum="20"/>
</round>
<round no="1"><cards type="Pocket" player="oreiasccp">C10 S4</cards>
<cards type="Pocket" player="bugbleak584">X X</cards>
<action no="3" player="bugbleak584" type="23" discard="1" dealt="1" sum="1,090"/>
<action no="4" player="oreiasccp" type="0" sum="0"/>
</round>
</game>
<game gamecode="11514925100"><general><startdate>2025-06-16 11:01:28</startdate>
<round>1</round>
<failsafecounter/>
<players><player seat="10" name="bugbleak584" chips="1,110" dealer="0" win="40" bet="1,110" muck="1" rebuy="0" addon="0" merge="0" rebuychips="0" reg_code="8384867691"/>
<player seat="6" name="oreiasccp" chips="390" dealer="1" win="0" bet="20" muck="1" rebuy="0" addon="0" merge="0" rebuychips="0" reg_code="8384867663"/>
</players>
</general>
<round no="0"><action no="1" player="oreiasccp" type="1" sum="10"/>
<action no="2" player="bugbleak584" type="2" discard="1" dealt="1" sum="20"/>
</round>
<round no="1"><cards type="Pocket" player="bugbleak584">X X</cards>
<cards type="Pocket" player="oreiasccp">SJ C2</cards>
<action no="3" player="oreiasccp" type="3" sum="10"/>
<action no="4" player="bugbleak584" type="23" discard="1" dealt="1" sum="1,110"/>
<action no="5" player="oreiasccp" type="0" sum="0"/>
</round>
</game>
<game gamecode="11514925131"><general><startdate>2025-06-16 11:01:37</startdate>
<round>1</round>
<failsafecounter/>
<players><player seat="6" name="oreiasccp" chips="370" dealer="0" win="20" bet="20" muck="1" rebuy="0" addon="0" merge="0" rebuychips="0" reg_code="8384867663"/>
<player seat="10" name="bugbleak584" chips="1,130" dealer="1" win="0" bet="10" muck="1" rebuy="0" addon="0" merge="0" rebuychips="0" reg_code="8384867691"/>
</players>
</general>
<round no="0"><action no="1" player="bugbleak584" type="1" discard="1" dealt="1" sum="10"/>
<action no="2" player="oreiasccp" type="2" sum="20"/>
</round>
<round no="1"><cards type="Pocket" player="bugbleak584">X X</cards>
<cards type="Pocket" player="oreiasccp">H2 D3</cards>
<action no="3" player="bugbleak584" type="0" discard="1" dealt="1" sum="0"/>
</round>
</game>
<game gamecode="11514925165"><general><startdate>2025-06-16 11:01:45</startdate>
<round>1</round>
<failsafecounter/>
<players><player seat="10" name="bugbleak584" chips="1,120" dealer="0" win="80" bet="1,120" muck="1" rebuy="0" addon="0" merge="0" rebuychips="0" reg_code="8384867691"/>
<player seat="6" name="oreiasccp" chips="380" dealer="1" win="0" bet="40" muck="1" rebuy="0" addon="0" merge="0" rebuychips="0" reg_code="8384867663"/>
</players>
</general>
<round no="0"><action no="1" player="oreiasccp" type="1" sum="10"/>
<action no="2" player="bugbleak584" type="2" discard="1" dealt="1" sum="20"/>
</round>
<round no="1"><cards type="Pocket" player="oreiasccp">CQ H5</cards>
<cards type="Pocket" player="bugbleak584">X X</cards>
<action no="3" player="oreiasccp" type="23" sum="40"/>
<action no="4" player="bugbleak584" type="23" discard="1" dealt="1" sum="1,120"/>
<action no="5" player="oreiasccp" type="0" sum="0"/>
</round>
</game>
<game gamecode="11514925224"><general><startdate>2025-06-16 11:01:59</startdate>
<round>1</round>
<failsafecounter/>
<players><player seat="6" name="oreiasccp" chips="340" dealer="0" win="0" bet="20" muck="1" rebuy="0" addon="0" merge="0" rebuychips="0" reg_code="8384867663"/>
<player seat="10" name="bugbleak584" chips="1,160" dealer="1" win="40" bet="1,160" muck="1" rebuy="0" addon="0" merge="0" rebuychips="0" reg_code="8384867691"/>
</players>
</general>
<round no="0"><action no="1" player="bugbleak584" type="1" discard="1" dealt="1" sum="10"/>
<action no="2" player="oreiasccp" type="2" sum="20"/>
</round>
<round no="1"><cards type="Pocket" player="bugbleak584">X X</cards>
<cards type="Pocket" player="oreiasccp">SQ H2</cards>
<action no="3" player="bugbleak584" type="23" discard="1" dealt="1" sum="1,160"/>
<action no="4" player="oreiasccp" type="0" sum="0"/>
</round>
</game>
<game gamecode="11514925254"><general><startdate>2025-06-16 11:02:09</startdate>
<round>1</round>
<failsafecounter/>
<players><player seat="10" name="bugbleak584" chips="1,180" dealer="0" win="40" bet="1,180" muck="1" rebuy="0" addon="0" merge="0" rebuychips="0" reg_code="8384867691"/>
<player seat="6" name="oreiasccp" chips="320" dealer="1" win="0" bet="20" muck="1" rebuy="0" addon="0" merge="0" rebuychips="0" reg_code="8384867663"/>
</players>
</general>
<round no="0"><action no="1" player="oreiasccp" type="1" sum="10"/>
<action no="2" player="bugbleak584" type="2" discard="1" dealt="1" sum="20"/>
</round>
<round no="1"><cards type="Pocket" player="oreiasccp">D8 D4</cards>
<cards type="Pocket" player="bugbleak584">X X</cards>
<action no="3" player="oreiasccp" type="3" sum="10"/>
<action no="4" player="bugbleak584" type="23" discard="1" dealt="1" sum="1,180"/>
<action no="5" player="oreiasccp" type="0" sum="0"/>
</round>
</game>
<game gamecode="11514925303"><general><startdate>2025-06-16 11:02:23</startdate>
<round>1</round>
<failsafecounter/>
<players><player seat="6" name="oreiasccp" chips="300" dealer="0" win="40" bet="35" muck="1" rebuy="0" addon="0" merge="0" rebuychips="0" reg_code="8384867663"/>
<player seat="10" name="bugbleak584" chips="1,200" dealer="1" win="0" bet="20" muck="1" rebuy="0" addon="0" merge="0" rebuychips="0" reg_code="8384867691"/>
</players>
</general>
<round no="0"><action no="1" player="bugbleak584" type="15" discard="1" dealt="1" sum="5"/>
<action no="2" player="oreiasccp" type="15" sum="5"/>
<action no="3" player="bugbleak584" type="1" discard="1" dealt="1" sum="15"/>
<action no="4" player="oreiasccp" type="2" sum="30"/>
</round>
<round no="1"><cards type="Pocket" player="oreiasccp">CQ S2</cards>
<cards type="Pocket" player="bugbleak584">X X</cards>
<action no="5" player="bugbleak584" type="0" discard="1" dealt="1" sum="0"/>
</round>
</game>
<game gamecode="11514925330"><general><startdate>2025-06-16 11:02:30</startdate>
<round>1</round>
<failsafecounter/>
<players><player seat="10" name="bugbleak584" chips="1,180" dealer="0" win="0" bet="320" muck="1" rebuy="0" addon="0" merge="0" rebuychips="0" reg_code="8384867691"/>
<player seat="6" name="oreiasccp" chips="320" dealer="1" win="640" bet="320" muck="0" rebuy="0" addon="0" merge="0" rebuychips="0" reg_code="8384867663"/>
</players>
</general>
<round no="0"><action no="1" player="oreiasccp" type="15" sum="5"/>
<action no="2" player="bugbleak584" type="15" discard="1" dealt="1" sum="5"/>
<action no="3" player="oreiasccp" type="1" sum="15"/>
<action no="4" player="bugbleak584" type="2" discard="1" dealt="1" sum="30"/>
</round>
<round no="1"><cards type="Pocket" player="oreiasccp">H10 CQ</cards>
<cards type="Pocket" player="bugbleak584">D7 DQ</cards>
<action no="5" player="oreiasccp" type="23" sum="315"/>
<action no="6" player="bugbleak584" type="3" discard="1" dealt="1" sum="285"/>
</round>
<round no="2"><cards type="Flop">SJ H9 C6</cards>
</round>
<round no="3"><cards type="Turn">SK</cards>
</round>
<round no="4"><cards type="River">D6</cards>
</round>
</game>
<game gamecode="11514925384"><general><startdate>2025-06-16 11:02:47</startdate>
<round>1</round>
<failsafecounter/>
<players><player seat="6" name="oreiasccp" chips="640" dealer="0" win="0" bet="35" muck="1" rebuy="0" addon="0" merge="0" rebuychips="0" reg_code="8384867663"/>
<player seat="10" name="bugbleak584" chips="860" dealer="1" win="70" bet="860" muck="1" rebuy="0" addon="0" merge="0" rebuychips="0" reg_code="8384867691"/>
</players>
</general>
<round no="0"><action no="1" player="bugbleak584" type="15" discard="1" dealt="1" sum="5"/>
<action no="2" player="oreiasccp" type="15" sum="5"/>
<action no="3" player="bugbleak584" type="1" discard="1" dealt="1" sum="15"/>
<action no="4" player="oreiasccp" type="2" sum="30"/>
</round>
<round no="1"><cards type="Pocket" player="bugbleak584">X X</cards>
<cards type="Pocket" player="oreiasccp">C7 DK</cards>
<action no="5" player="bugbleak584" type="23" discard="1" dealt="1" sum="855"/>
<action no="6" player="oreiasccp" type="0" sum="0"/>
</round>
</game>
<game gamecode="11514925421"><general><startdate>2025-06-16 11:02:58</startdate>
<round>1</round>
<failsafecounter/>
<players><player seat="10" name="bugbleak584" chips="895" dealer="0" win="70" bet="895" muck="1" rebuy="0" addon="0" merge="0" rebuychips="0" reg_code="8384867691"/>
<player seat="6" name="oreiasccp" chips="605" dealer="1" win="0" bet="35" muck="1" rebuy="0" addon="0" merge="0" rebuychips="0" reg_code="8384867663"/>
</players>
</general>
<round no="0"><action no="1" player="oreiasccp" type="15" sum="5"/>
<action no="2" player="bugbleak584" type="15" discard="1" dealt="1" sum="5"/>
<action no="3" player="oreiasccp" type="1" sum="15"/>
<action no="4" player="bugbleak584" type="2" discard="1" dealt="1" sum="30"/>
</round>
<round no="1"><cards type="Pocket" player="oreiasccp">C7 C9</cards>
<cards type="Pocket" player="bugbleak584">X X</cards>
<action no="5" player="oreiasccp" type="3" sum="15"/>
<action no="6" player="bugbleak584" type="23" discard="1" dealt="1" sum="890"/>
<action no="7" player="oreiasccp" type="0" sum="0"/>
</round>
</game>
<game gamecode="11514925462"><general><startdate>2025-06-16 11:03:13</startdate>
<round>1</round>
<failsafecounter/>
<players><player seat="6" name="oreiasccp" chips="570" dealer="0" win="0" bet="35" muck="1" rebuy="0" addon="0" merge="0" rebuychips="0" reg_code="8384867663"/>
<player seat="10" name="bugbleak584" chips="930" dealer="1" win="70" bet="930" muck="1" rebuy="0" addon="0" merge="0" rebuychips="0" reg_code="8384867691"/>
</players>
</general>
<round no="0"><action no="1" player="bugbleak584" type="15" discard="1" dealt="1" sum="5"/>
<action no="2" player="oreiasccp" type="15" sum="5"/>
<action no="3" player="bugbleak584" type="1" discard="1" dealt="1" sum="15"/>
<action no="4" player="oreiasccp" type="2" sum="30"/>
</round>
<round no="1"><cards type="Pocket" player="bugbleak584">X X</cards>
<cards type="Pocket" player="oreiasccp">C7 H3</cards>
<action no="5" player="bugbleak584" type="23" discard="1" dealt="1" sum="925"/>
<action no="6" player="oreiasccp" type="0" sum="0"/>
</round>
</game>
<game gamecode="11514925491"><general><startdate>2025-06-16 11:03:19</startdate>
<round>1</round>
<failsafecounter/>
<players><player seat="10" name="bugbleak584" chips="965" dealer="0" win="70" bet="965" muck="1" rebuy="0" addon="0" merge="0" rebuychips="0" reg_code="8384867691"/>
<player seat="6" name="oreiasccp" chips="535" dealer="1" win="0" bet="35" muck="1" rebuy="0" addon="0" merge="0" rebuychips="0" reg_code="8384867663"/>
</players>
</general>
<round no="0"><action no="1" player="oreiasccp" type="15" sum="5"/>
<action no="2" player="bugbleak584" type="15" discard="1" dealt="1" sum="5"/>
<action no="3" player="oreiasccp" type="1" sum="15"/>
<action no="4" player="bugbleak584" type="2" discard="1" dealt="1" sum="30"/>
</round>
<round no="1"><cards type="Pocket" player="bugbleak584">X X</cards>
<cards type="Pocket" player="oreiasccp">SK S9</cards>
<action no="5" player="oreiasccp" type="3" sum="15"/>
<action no="6" player="bugbleak584" type="23" discard="1" dealt="1" sum="960"/>
<action no="7" player="oreiasccp" type="0" sum="0"/>
</round>
</game>
<game gamecode="11514925526"><general><startdate>2025-06-16 11:03:30</startdate>
<round>1</round>
<failsafecounter/>
<players><player seat="6" name="oreiasccp" chips="500" dealer="0" win="40" bet="35" muck="1" rebuy="0" addon="0" merge="0" rebuychips="0" reg_code="8384867663"/>
<player seat="10" name="bugbleak584" chips="1,000" dealer="1" win="0" bet="20" muck="1" rebuy="0" addon="0" merge="0" rebuychips="0" reg_code="8384867691"/>
</players>
</general>
<round no="0"><action no="1" player="bugbleak584" type="15" discard="1" dealt="1" sum="5"/>
<action no="2" player="oreiasccp" type="15" sum="5"/>
<action no="3" player="bugbleak584" type="1" discard="1" dealt="1" sum="15"/>
<action no="4" player="oreiasccp" type="2" sum="30"/>
</round>
<round no="1"><cards type="Pocket" player="oreiasccp">D10 DJ</cards>
<cards type="Pocket" player="bugbleak584">X X</cards>
<action no="5" player="bugbleak584" type="0" discard="1" dealt="1" sum="0"/>
</round>
</game>
<game gamecode="11514925551"><general><startdate>2025-06-16 11:03:37</startdate>
<round>1</round>
<failsafecounter/>
<players><player seat="10" name="bugbleak584" chips="980" dealer="0" win="0" bet="35" muck="1" rebuy="0" addon="0" merge="0" rebuychips="0" reg_code="8384867691"/>
<player seat="6" name="oreiasccp" chips="520" dealer="1" win="70" bet="65" muck="1" rebuy="0" addon="0" merge="0" rebuychips="0" reg_code="8384867663"/>
</players>
</general>
<round no="0"><action no="1" player="oreiasccp" type="15" sum="5"/>
<action no="2" player="bugbleak584" type="15" discard="1" dealt="1" sum="5"/>
<action no="3" player="oreiasccp" type="1" sum="15"/>
<action no="4" player="bugbleak584" type="2" discard="1" dealt="1" sum="30"/>
</round>
<round no="1"><cards type="Pocket" player="oreiasccp">D10 HA</cards>
<cards type="Pocket" player="bugbleak584">X X</cards>
<action no="5" player="oreiasccp" type="23" sum="60"/>
<action no="6" player="bugbleak584" type="0" discard="1" dealt="1" sum="0"/>
</round>
</game>
<game gamecode="11514925584"><general><startdate>2025-06-16 11:03:47</startdate>
<round>1</round>
<failsafecounter/>
<players><player seat="6" name="oreiasccp" chips="555" dealer="0" win="0" bet="35" muck="1" rebuy="0" addon="0" merge="0" rebuychips="0" reg_code="8384867663"/>
<player seat="10" name="bugbleak584" chips="945" dealer="1" win="70" bet="945" muck="1" rebuy="0" addon="0" merge="0" rebuychips="0" reg_code="8384867691"/>
</players>
</general>
<round no="0"><action no="1" player="bugbleak584" type="15" discard="1" dealt="1" sum="5"/>
<action no="2" player="oreiasccp" type="15" sum="5"/>
<action no="3" player="bugbleak584" type="1" discard="1" dealt="1" sum="15"/>
<action no="4" player="oreiasccp" type="2" sum="30"/>
</round>
<round no="1"><cards type="Pocket" player="oreiasccp">H8 H7</cards>
<cards type="Pocket" player="bugbleak584">X X</cards>
<action no="5" player="bugbleak584" type="23" discard="1" dealt="1" sum="940"/>
<action no="6" player="oreiasccp" type="0" sum="0"/>
</round>
</game>
<game gamecode="11514925618"><general><startdate>2025-06-16 11:03:55</startdate>
<round>1</round>
<failsafecounter/>
<players><player seat="10" name="bugbleak584" chips="980" dealer="0" win="140" bet="140" muck="1" rebuy="0" addon="0" merge="0" rebuychips="0" reg_code="8384867691"/>
<player seat="6" name="oreiasccp" chips="520" dealer="1" win="0" bet="70" muck="1" rebuy="0" addon="0" merge="0" rebuychips="0" reg_code="8384867663"/>
</players>
</general>
<round no="0"><action no="1" player="oreiasccp" type="15" sum="5"/>
<action no="2" player="bugbleak584" type="15" discard="1" dealt="1" sum="5"/>
<action no="3" player="oreiasccp" type="1" sum="15"/>
<action no="4" player="bugbleak584" type="2" discard="1" dealt="1" sum="30"/>
</round>
<round no="1"><cards type="Pocket" player="bugbleak584">X X</cards>
<cards type="Pocket" player="oreiasccp">H6 H7</cards>
<action no="5" player="oreiasccp" type="3" sum="15"/>
<action no="6" player="bugbleak584" type="4" discard="1" dealt="1" sum="0"/>
</round>
<round no="2"><cards type="Flop">H5 S5 D3</cards>
<action no="7" player="bugbleak584" type="5" discard="1" dealt="1" sum="35"/>
<action no="8" player="oreiasccp" type="3" sum="35"/>
</round>
<round no="3"><cards type="Turn">S2</cards>
<action no="9" player="bugbleak584" type="5" discard="1" dealt="1" sum="70"/>
<action no="10" player="oreiasccp" type="0" sum="0"/>
</round>
</game>
<game gamecode="11514925684"><general><startdate>2025-06-16 11:04:14</startdate>
<round>1</round>
<failsafecounter/>
<players><player seat="6" name="oreiasccp" chips="450" dealer="0" win="40" bet="35" muck="1" rebuy="0" addon="0" merge="0" rebuychips="0" reg_code="8384867663"/>
<player seat="10" name="bugbleak584" chips="1,050" dealer="1" win="0" bet="20" muck="1" rebuy="0" addon="0" merge="0" rebuychips="0" reg_code="8384867691"/>
</players>
</general>
<round no="0"><action no="1" player="bugbleak584" type="15" discard="1" dealt="1" sum="5"/>
<action no="2" player="oreiasccp" type="15" sum="5"/>
<action no="3" player="bugbleak584" type="1" discard="1" dealt="1" sum="15"/>
<action no="4" player="oreiasccp" type="2" sum="30"/>
</round>
<round no="1"><cards type="Pocket" player="bugbleak584">X X</cards>
<cards type="Pocket" player="oreiasccp">S4 C2</cards>
<action no="5" player="bugbleak584" type="0" discard="1" dealt="1" sum="0"/>
</round>
</game>
<game gamecode="11514925774"><general><startdate>2025-06-16 11:04:37</startdate>
<round>1</round>
<failsafecounter/>
<players><player seat="10" name="bugbleak584" chips="1,030" dealer="0" win="0" bet="45" muck="1" rebuy="0" addon="0" merge="0" rebuychips="0" reg_code="8384867691"/>
<player seat="6" name="oreiasccp" chips="470" dealer="1" win="90" bet="470" muck="1" rebuy="0" addon="0" merge="0" rebuychips="0" reg_code="8384867663"/>
</players>
</general>
<round no="0"><action no="1" player="oreiasccp" type="15" sum="5"/>
<action no="2" player="bugbleak584" type="15" discard="1" dealt="1" sum="5"/>
<action no="3" player="oreiasccp" type="1" sum="20"/>
<action no="4" player="bugbleak584" type="2" discard="1" dealt="1" sum="40"/>
</round>
<round no="1"><cards type="Pocket" player="oreiasccp">DK C6</cards>
<cards type="Pocket" player="bugbleak584">X X</cards>
<action no="5" player="oreiasccp" type="23" sum="465"/>
<action no="6" player="bugbleak584" type="0" discard="1" dealt="1" sum="0"/>
</round>
</game>
<game gamecode="11514925803"><general><startdate>2025-06-16 11:04:44</startdate>
<round>1</round>
<failsafecounter/>
<players><player seat="6" name="oreiasccp" chips="515" dealer="0" win="0" bet="515" muck="0" rebuy="0" addon="0" merge="0" rebuychips="0" reg_code="8384867663"/>
<player seat="10" name="bugbleak584" chips="985" dealer="1" win="1,030" bet="515" muck="0" rebuy="0" addon="0" merge="0" rebuychips="0" reg_code="8384867691"/>
</players>
</general>
<round no="0"><action no="1" player="bugbleak584" type="15" discard="1" dealt="1" sum="5"/>
<action no="2" player="oreiasccp" type="15" sum="5"/>
<action no="3" player="bugbleak584" type="1" discard="1" dealt="1" sum="20"/>
<action no="4" player="oreiasccp" type="2" sum="40"/>
</round>
<round no="1"><cards type="Pocket" player="bugbleak584">H5 S4</cards>
<cards type="Pocket" player="oreiasccp">DA S9</cards>
<action no="5" player="bugbleak584" type="23" discard="1" dealt="1" sum="80"/>
<action no="6" player="oreiasccp" type="23" sum="510"/>
<action no="7" player="bugbleak584" type="3" discard="1" dealt="1" sum="430"/>
</round>
<round no="2"><cards type="Flop">D3 H2 D2</cards>
</round>
<round no="3"><cards type="Turn">CK</cards>
</round>
<round no="4"><cards type="River">CA</cards>
</round>
</game>
</session>
