<?xml version="1.0" encoding="UTF-8"?>
<session sessioncode="8384863497">
<general>
<client_version>24.7.1.16</client_version>
<mode>real</mode>
<gametype>Holdem NL</gametype>
<tablename>Twister €5 SNG, 1127568342</tablename>
<tournamentcode>1127568341</tournamentcode>
<tournamentname>Twister €5 SNG</tournamentname>
<buyin>€0 + €0.35 + €4.65</buyin>
<totalbuyin>€5</totalbuyin>
<rewarddrawn>€10</rewarddrawn>
<tournamentcurrency>EUR</tournamentcurrency>
<currency>EUR</currency>
<nickname>oreiasccp</nickname>
<gamecount>11</gamecount>
<startdate>2025-06-16 10:47:06</startdate>
<place>2</place>
<win>€0</win>
<tablesize>3</tablesize>
</general>
<game gamecode="11514913712"><general><startdate>2025-06-16 10:47:21</startdate>
<round>1</round>
<failsafecounter/>
<players><player seat="10" name="Evamay" chips="500" dealer="0" win="0" bet="20" muck="1" rebuy="0" addon="0" merge="0" rebuychips="0" reg_code="8384863505"/>
<player seat="3" name="CatsInHats" chips="500" dealer="1" win="280" bet="130" muck="0" rebuy="0" addon="0" merge="0" rebuychips="0" reg_code="8384863472"/>
<player seat="6" name="oreiasccp" chips="500" dealer="0" win="0" bet="130" muck="1" rebuy="0" addon="0" merge="0" rebuychips="0" reg_code="8384863497"/>
</players>
</general>
<round no="0"><action no="1" player="oreiasccp" type="1" sum="10"/>
<action no="2" player="Evamay" type="2" discard="1" dealt="1" sum="20"/>
</round>
<round no="1"><cards type="Pocket" player="CatsInHats">CA H6</cards>
<cards type="Pocket" player="oreiasccp">SQ SK</cards>
<cards type="Pocket" player="Evamay">X X</cards>
<action no="3" player="CatsInHats" type="23" discard="1" dealt="1" sum="60"/>
<action no="4" player="oreiasccp" type="3" sum="50"/>
<action no="5" player="Evamay" type="0" discard="1" dealt="1" sum="0"/>
</round>
<round no="2"><cards type="Flop">H3 D10 HJ</cards>
<action no="6" player="oreiasccp" type="4" sum="0"/>
<action no="7" player="CatsInHats" type="4" discard="1" dealt="1" sum="0"/>
</round>
<round no="3"><cards type="Turn">C6</cards>
<action no="8" player="oreiasccp" type="4" sum="0"/>
<action no="9" player="CatsInHats" type="5" discard="1" dealt="1" sum="70"/>
<action no="10" player="oreiasccp" type="3" sum="70"/>
</round>
<round no="4"><cards type="River">C2</cards>
<action no="11" player="oreiasccp" type="4" sum="0"/>
<action no="12" player="CatsInHats" type="4" discard="1" dealt="1" sum="0"/>
</round>
</game>
<game gamecode="11514913807"><general><startdate>2025-06-16 10:47:56</startdate>
<round>1</round>
<failsafecounter/>
<players><player seat="3" name="CatsInHats" chips="650" dealer="0" win="960" bet="480" muck="0" rebuy="0" addon="0" merge="0" rebuychips="0" reg_code="8384863472"/>
<player seat="6" name="oreiasccp" chips="370" dealer="1" win="0" bet="0" muck="1" rebuy="0" addon="0" merge="0" rebuychips="0" reg_code="8384863497"/>
<player seat="10" name="Evamay" chips="480" dealer="0" win="0" bet="480" muck="0" rebuy="0" addon="0" merge="0" rebuychips="0" reg_code="8384863505"/>
</players>
</general>
<round no="0"><action no="1" player="Evamay" type="1" discard="1" dealt="1" sum="10"/>
<action no="2" player="CatsInHats" type="2" discard="1" dealt="1" sum="20"/>
</round>
<round no="1"><cards type="Pocket" player="CatsInHats">D7 DJ</cards>
<cards type="Pocket" player="Evamay">CQ D4</cards>
<cards type="Pocket" player="oreiasccp">H5 C8</cards>
<action no="3" player="oreiasccp" type="0" sum="0"/>
<action no="4" player="Evamay" type="3" discard="1" dealt="1" sum="10"/>
<action no="5" player="CatsInHats" type="4" discard="1" dealt="1" sum="0"/>
</round>
<round no="2"><cards type="Flop">DQ H6 D2</cards>
<action no="6" player="Evamay" type="4" discard="1" dealt="1" sum="0"/>
<action no="7" player="CatsInHats" type="4" discard="1" dealt="1" sum="0"/>
</round>
<round no="3"><cards type="Turn">D5</cards>
<action no="8" player="Evamay" type="5" discard="1" dealt="1" sum="460"/>
<action no="9" player="CatsInHats" type="3" discard="1" dealt="1" sum="460"/>
</round>
<round no="4"><cards type="River">H2</cards>
</round>
</game>
<game gamecode="11514913861"><general><startdate>2025-06-16 10:48:19</startdate>
<round>1</round>
<failsafecounter/>
<players><player seat="6" name="oreiasccp" chips="370" dealer="0" win="40" bet="40" muck="1" rebuy="0" addon="0" merge="0" rebuychips="0" reg_code="8384863497"/>
<player seat="3" name="CatsInHats" chips="1,130" dealer="1" win="0" bet="20" muck="1" rebuy="0" addon="0" merge="0" rebuychips="0" reg_code="8384863472"/>
</players>
</general>
<round no="0"><action no="1" player="CatsInHats" type="1" discard="1" dealt="1" sum="10"/>
<action no="2" player="oreiasccp" type="2" sum="20"/>
</round>
<round no="1"><cards type="Pocket" player="oreiasccp">H10 H4</cards>
<cards type="Pocket" player="CatsInHats">X X</cards>
<action no="3" player="CatsInHats" type="3" discard="1" dealt="1" sum="10"/>
<action no="4" player="oreiasccp" type="4" sum="0"/>
</round>
<round no="2"><cards type="Flop">D2 C7 DQ</cards>
<action no="5" player="oreiasccp" type="4" sum="0"/>
<action no="6" player="CatsInHats" type="4" discard="1" dealt="1" sum="0"/>
</round>
<round no="3"><cards type="Turn">D5</cards>
<action no="7" player="oreiasccp" type="4" sum="0"/>
<action no="8" player="CatsInHats" type="4" discard="1" dealt="1" sum="0"/>
</round>
<round no="4"><cards type="River">C10</cards>
<action no="9" player="oreiasccp" type="5" sum="20"/>
<action no="10" player="CatsInHats" type="0" discard="1" dealt="1" sum="0"/>
</round>
</game>
<game gamecode="11514913922"><general><startdate>2025-06-16 10:48:37</startdate>
<round>1</round>
<failsafecounter/>
<players><player seat="3" name="CatsInHats" chips="1,110" dealer="0" win="0" bet="40" muck="1" rebuy="0" addon="0" merge="0" rebuychips="0" reg_code="8384863472"/>
<player seat="6" name="oreiasccp" chips="390" dealer="1" win="80" bet="98" muck="1" rebuy="0" addon="0" merge="0" rebuychips="0" reg_code="8384863497"/>
</players>
</general>
<round no="0"><action no="1" player="oreiasccp" type="1" sum="10"/>
<action no="2" player="CatsInHats" type="2" discard="1" dealt="1" sum="20"/>
</round>
<round no="1"><cards type="Pocket" player="CatsInHats">X X</cards>
<cards type="Pocket" player="oreiasccp">CA S5</cards>
<action no="3" player="oreiasccp" type="3" sum="10"/>
<action no="4" player="CatsInHats" type="4" discard="1" dealt="1" sum="0"/>
</round>
<round no="2"><cards type="Flop">HQ C2 SA</cards>
<action no="5" player="CatsInHats" type="4" discard="1" dealt="1" sum="0"/>
<action no="6" player="oreiasccp" type="5" sum="20"/>
<action no="7" player="CatsInHats" type="3" discard="1" dealt="1" sum="20"/>
</round>
<round no="3"><cards type="Turn">C6</cards>
<action no="8" player="CatsInHats" type="4" discard="1" dealt="1" sum="0"/>
<action no="9" player="oreiasccp" type="5" sum="58"/>
<action no="10" player="CatsInHats" type="0" discard="1" dealt="1" sum="0"/>
</round>
</game>
<game gamecode="11514914050"><general><startdate>2025-06-16 10:49:17</startdate>
<round>1</round>
<failsafecounter/>
<players><player seat="6" name="oreiasccp" chips="430" dealer="0" win="0" bet="20" muck="1" rebuy="0" addon="0" merge="0" rebuychips="0" reg_code="8384863497"/>
<player seat="3" name="CatsInHats" chips="1,070" dealer="1" win="40" bet="60" muck="1" rebuy="0" addon="0" merge="0" rebuychips="0" reg_code="8384863472"/>
</players>
</general>
<round no="0"><action no="1" player="CatsInHats" type="1" discard="1" dealt="1" sum="10"/>
<action no="2" player="oreiasccp" type="2" sum="20"/>
</round>
<round no="1"><cards type="Pocket" player="oreiasccp">C8 S2</cards>
<cards type="Pocket" player="CatsInHats">X X</cards>
<action no="3" player="CatsInHats" type="23" discard="1" dealt="1" sum="60"/>
<action no="4" player="oreiasccp" type="0" sum="0"/>
</round>
</game>
<game gamecode="11514914061"><general><startdate>2025-06-16 10:49:24</startdate>
<round>1</round>
<failsafecounter/>
<players><player seat="3" name="CatsInHats" chips="1,090" dealer="0" win="0" bet="35" muck="1" rebuy="0" addon="0" merge="0" rebuychips="0" reg_code="8384863472"/>
<player seat="6" name="oreiasccp" chips="410" dealer="1" win="70" bet="410" muck="1" rebuy="0" addon="0" merge="0" rebuychips="0" reg_code="8384863497"/>
</players>
</general>
<round no="0"><action no="1" player="oreiasccp" type="15" sum="5"/>
<action no="2" player="CatsInHats" type="15" discard="1" dealt="1" sum="5"/>
<action no="3" player="oreiasccp" type="1" sum="15"/>
<action no="4" player="CatsInHats" type="2" discard="1" dealt="1" sum="30"/>
</round>
<round no="1"><cards type="Pocket" player="CatsInHats">X X</cards>
<cards type="Pocket" player="oreiasccp">HJ CK</cards>
<action no="5" player="oreiasccp" type="23" sum="405"/>
<action no="6" player="CatsInHats" type="0" discard="1" dealt="1" sum="0"/>
</round>
</game>
<game gamecode="11514914092"><general><startdate>2025-06-16 10:49:32</startdate>
<round>1</round>
<failsafecounter/>
<players><player seat="6" name="oreiasccp" chips="445" dealer="0" win="70" bet="445" muck="1" rebuy="0" addon="0" merge="0" rebuychips="0" reg_code="8384863497"/>
<player seat="3" name="CatsInHats" chips="1,055" dealer="1" win="0" bet="35" muck="1" rebuy="0" addon="0" merge="0" rebuychips="0" reg_code="8384863472"/>
</players>
</general>
<round no="0"><action no="1" player="CatsInHats" type="15" discard="1" dealt="1" sum="5"/>
<action no="2" player="oreiasccp" type="15" sum="5"/>
<action no="3" player="CatsInHats" type="1" discard="1" dealt="1" sum="15"/>
<action no="4" player="oreiasccp" type="2" sum="30"/>
</round>
<round no="1"><cards type="Pocket" player="CatsInHats">X X</cards>
<cards type="Pocket" player="oreiasccp">C2 D2</cards>
<action no="5" player="CatsInHats" type="3" discard="1" dealt="1" sum="15"/>
<action no="6" player="oreiasccp" type="23" sum="440"/>
<action no="7" player="CatsInHats" type="0" discard="1" dealt="1" sum="0"/>
</round>
</game>
<game gamecode="11514914120"><general><startdate>2025-06-16 10:49:41</startdate>
<round>1</round>
<failsafecounter/>
<players><player seat="3" name="CatsInHats" chips="1,020" dealer="0" win="70" bet="95" muck="1" rebuy="0" addon="0" merge="0" rebuychips="0" reg_code="8384863472"/>
<player seat="6" name="oreiasccp" chips="480" dealer="1" win="0" bet="35" muck="1" rebuy="0" addon="0" merge="0" rebuychips="0" reg_code="8384863497"/>
</players>
</general>
<round no="0"><action no="1" player="oreiasccp" type="15" sum="5"/>
<action no="2" player="CatsInHats" type="15" discard="1" dealt="1" sum="5"/>
<action no="3" player="oreiasccp" type="1" sum="15"/>
<action no="4" player="CatsInHats" type="2" discard="1" dealt="1" sum="30"/>
</round>
<round no="1"><cards type="Pocket" player="oreiasccp">DK S3</cards>
<cards type="Pocket" player="CatsInHats">X X</cards>
<action no="5" player="oreiasccp" type="3" sum="15"/>
<action no="6" player="CatsInHats" type="23" discard="1" dealt="1" sum="90"/>
<action no="7" player="oreiasccp" type="0" sum="0"/>
</round>
</game>
<game gamecode="11514914154"><general><startdate>2025-06-16 10:49:51</startdate>
<round>1</round>
<failsafecounter/>
<players><player seat="6" name="oreiasccp" chips="445" dealer="0" win="0" bet="65" muck="1" rebuy="0" addon="0" merge="0" rebuychips="0" reg_code="8384863497"/>
<player seat="3" name="CatsInHats" chips="1,055" dealer="1" win="130" bet="115" muck="1" rebuy="0" addon="0" merge="0" rebuychips="0" reg_code="8384863472"/>
</players>
</general>
<round no="0"><action no="1" player="CatsInHats" type="15" discard="1" dealt="1" sum="5"/>
<action no="2" player="oreiasccp" type="15" sum="5"/>
<action no="3" player="CatsInHats" type="1" discard="1" dealt="1" sum="15"/>
<action no="4" player="oreiasccp" type="2" sum="30"/>
</round>
<round no="1"><cards type="Pocket" player="oreiasccp">C6 D7</cards>
<cards type="Pocket" player="CatsInHats">X X</cards>
<action no="5" player="CatsInHats" type="3" discard="1" dealt="1" sum="15"/>
<action no="6" player="oreiasccp" type="4" sum="0"/>
</round>
<round no="2"><cards type="Flop">D6 D8 C8</cards>
<action no="7" player="oreiasccp" type="4" sum="0"/>
<action no="8" player="CatsInHats" type="4" discard="1" dealt="1" sum="0"/>
</round>
<round no="3"><cards type="Turn">DQ</cards>
<action no="9" player="oreiasccp" type="4" sum="0"/>
<action no="10" player="CatsInHats" type="4" discard="1" dealt="1" sum="0"/>
</round>
<round no="4"><cards type="River">S5</cards>
<action no="11" player="oreiasccp" type="5" sum="30"/>
<action no="12" player="CatsInHats" type="23" discard="1" dealt="1" sum="80"/>
<action no="13" player="oreiasccp" type="0" sum="0"/>
</round>
</game>
<game gamecode="11514914226"><general><startdate>2025-06-16 10:50:13</startdate>
<round>1</round>
<failsafecounter/>
<players><player seat="3" name="CatsInHats" chips="1,120" dealer="0" win="0" bet="35" muck="1" rebuy="0" addon="0" merge="0" rebuychips="0" reg_code="8384863472"/>
<player seat="6" name="oreiasccp" chips="380" dealer="1" win="70" bet="65" muck="1" rebuy="0" addon="0" merge="0" rebuychips="0" reg_code="8384863497"/>
</players>
</general>
<round no="0"><action no="1" player="oreiasccp" type="15" sum="5"/>
<action no="2" player="CatsInHats" type="15" discard="1" dealt="1" sum="5"/>
<action no="3" player="oreiasccp" type="1" sum="15"/>
<action no="4" player="CatsInHats" type="2" discard="1" dealt="1" sum="30"/>
</round>
<round no="1"><cards type="Pocket" player="CatsInHats">X X</cards>
<cards type="Pocket" player="oreiasccp">H5 HQ</cards>
<action no="5" player="oreiasccp" type="3" sum="15"/>
<action no="6" player="CatsInHats" type="4" discard="1" dealt="1" sum="0"/>
</round>
<round no="2"><cards type="Flop">SQ DA C3</cards>
<action no="7" player="CatsInHats" type="4" discard="1" dealt="1" sum="0"/>
<action no="8" player="oreiasccp" type="5" sum="30"/>
<action no="9" player="CatsInHats" type="0" discard="1" dealt="1" sum="0"/>
</round>
</game>
<game gamecode="11514914296"><general><startdate>2025-06-16 10:50:33</startdate>
<round>1</round>
<failsafecounter/>
<players><player seat="6" name="oreiasccp" chips="415" dealer="0" win="0" bet="415" muck="0" rebuy="0" addon="0" merge="0" rebuychips="0" reg_code="8384863497"/>
<player seat="3" name="CatsInHats" chips="1,085" dealer="1" win="830" bet="415" muck="0" rebuy="0" addon="0" merge="0" rebuychips="0" reg_code="8384863472"/>
</players>
</general>
<round no="0"><action no="1" player="CatsInHats" type="15" discard="1" dealt="1" sum="5"/>
<action no="2" player="oreiasccp" type="15" sum="5"/>
<action no="3" player="CatsInHats" type="1" discard="1" dealt="1" sum="15"/>
<action no="4" player="oreiasccp" type="2" sum="30"/>
</round>
<round no="1"><cards type="Pocket" player="oreiasccp">H2 SA</cards>
<cards type="Pocket" player="CatsInHats">D4 HA</cards>
<action no="5" player="CatsInHats" type="23" discard="1" dealt="1" sum="90"/>
<action no="6" player="oreiasccp" type="23" sum="410"/>
<action no="7" player="CatsInHats" type="3" discard="1" dealt="1" sum="320"/>
</round>
<round no="2"><cards type="Flop">HQ H4 H9</cards>
</round>
<round no="3"><cards type="Turn">S3</cards>
</round>
<round no="4"><cards type="River">D10</cards>
</round>
</game>
</session>
