<?xml version="1.0" encoding="UTF-8"?>
<session sessioncode="8384822794">
<general>
<client_version>24.7.1.16</client_version>
<mode>real</mode>
<gametype>Holdem NL</gametype>
<tablename>Twister €5 SNG, 1127560890</tablename>
<tournamentcode>1127560889</tournamentcode>
<tournamentname>Twister €5 SNG</tournamentname>
<buyin>€0 + €0.35 + €4.65</buyin>
<totalbuyin>€5</totalbuyin>
<rewarddrawn>€10</rewarddrawn>
<tournamentcurrency>EUR</tournamentcurrency>
<currency>EUR</currency>
<nickname>oreiasccp</nickname>
<gamecount>33</gamecount>
<startdate>2025-06-16 07:24:13</startdate>
<place>1</place>
<win>€10</win>
<tablesize>3</tablesize>
</general>
<game gamecode="11514783046"><general><startdate>2025-06-16 07:24:28</startdate>
<round>1</round>
<failsafecounter/>
<players><player seat="3" name="oreiasccp" chips="500" dealer="0" win="100" bet="125" muck="1" rebuy="0" addon="0" merge="0" rebuychips="0" reg_code="8384822794"/>
<player seat="6" name="d0nsamag0n" chips="500" dealer="1" win="0" bet="0" muck="1" rebuy="0" addon="0" merge="0" rebuychips="0" reg_code="8384822814"/>
<player seat="10" name="YesOrNo" chips="500" dealer="0" win="0" bet="50" muck="1" rebuy="0" addon="0" merge="0" rebuychips="0" reg_code="8384822883"/>
</players>
</general>
<round no="0"><action no="1" player="YesOrNo" type="1" discard="1" dealt="1" sum="10"/>
<action no="2" player="oreiasccp" type="2" sum="20"/>
</round>
<round no="1"><cards type="Pocket" player="oreiasccp">HK CK</cards>
<cards type="Pocket" player="YesOrNo">X X</cards>
<cards type="Pocket" player="d0nsamag0n">X X</cards>
<action no="3" player="d0nsamag0n" type="0" discard="1" dealt="1" sum="0"/>
<action no="4" player="YesOrNo" type="23" discard="1" dealt="1" sum="50"/>
<action no="5" player="oreiasccp" type="23" sum="125"/>
<action no="6" player="YesOrNo" type="0" discard="1" dealt="1" sum="0"/>
</round>
</game>
<game gamecode="11514783090"><general><startdate>2025-06-16 07:24:45</startdate>
<round>1</round>
<failsafecounter/>
<players><player seat="6" name="d0nsamag0n" chips="500" dealer="0" win="0" bet="247" muck="1" rebuy="0" addon="0" merge="0" rebuychips="0" reg_code="8384822814"/>
<player seat="10" name="YesOrNo" chips="450" dealer="1" win="0" bet="0" muck="1" rebuy="0" addon="0" merge="0" rebuychips="0" reg_code="8384822883"/>
<player seat="3" name="oreiasccp" chips="550" dealer="0" win="494" bet="500" muck="1" rebuy="0" addon="0" merge="0" rebuychips="0" reg_code="8384822794"/>
</players>
</general>
<round no="0"><action no="1" player="oreiasccp" type="1" sum="10"/>
<action no="2" player="d0nsamag0n" type="2" discard="1" dealt="1" sum="20"/>
</round>
<round no="1"><cards type="Pocket" player="YesOrNo">X X</cards>
<cards type="Pocket" player="oreiasccp">H9 CK</cards>
<cards type="Pocket" player="d0nsamag0n">X X</cards>
<action no="3" player="YesOrNo" type="0" discard="1" dealt="1" sum="0"/>
<action no="4" player="oreiasccp" type="23" sum="40"/>
<action no="5" player="d0nsamag0n" type="3" discard="1" dealt="1" sum="20"/>
</round>
<round no="2"><cards type="Flop">DJ HK C5</cards>
<action no="6" player="oreiasccp" type="5" sum="29"/>
<action no="7" player="d0nsamag0n" type="3" discard="1" dealt="1" sum="29"/>
</round>
<round no="3"><cards type="Turn">D9</cards>
<action no="8" player="oreiasccp" type="4" sum="0"/>
<action no="9" player="d0nsamag0n" type="5" discard="1" dealt="1" sum="34"/>
<action no="10" player="oreiasccp" type="3" sum="34"/>
</round>
<round no="4"><cards type="River">C3</cards>
<action no="11" player="oreiasccp" type="4" sum="0"/>
<action no="12" player="d0nsamag0n" type="5" discard="1" dealt="1" sum="144"/>
<action no="13" player="oreiasccp" type="23" sum="397"/>
<action no="14" player="d0nsamag0n" type="0" discard="1" dealt="1" sum="0"/>
</round>
</game>
<game gamecode="11514783174"><general><startdate>2025-06-16 07:25:16</startdate>
<round>1</round>
<failsafecounter/>
<players><player seat="10" name="YesOrNo" chips="450" dealer="0" win="0" bet="20" muck="1" rebuy="0" addon="0" merge="0" rebuychips="0" reg_code="8384822883"/>
<player seat="3" name="oreiasccp" chips="797" dealer="1" win="50" bet="40" muck="1" rebuy="0" addon="0" merge="0" rebuychips="0" reg_code="8384822794"/>
<player seat="6" name="d0nsamag0n" chips="253" dealer="0" win="0" bet="10" muck="1" rebuy="0" addon="0" merge="0" rebuychips="0" reg_code="8384822814"/>
</players>
</general>
<round no="0"><action no="1" player="d0nsamag0n" type="1" discard="1" dealt="1" sum="10"/>
<action no="2" player="YesOrNo" type="2" discard="1" dealt="1" sum="20"/>
</round>
<round no="1"><cards type="Pocket" player="YesOrNo">X X</cards>
<cards type="Pocket" player="d0nsamag0n">X X</cards>
<cards type="Pocket" player="oreiasccp">CK DA</cards>
<action no="3" player="oreiasccp" type="23" sum="40"/>
<action no="4" player="d0nsamag0n" type="0" discard="1" dealt="1" sum="0"/>
<action no="5" player="YesOrNo" type="0" discard="1" dealt="1" sum="0"/>
</round>
</game>
<game gamecode="11514783216"><general><startdate>2025-06-16 07:25:30</startdate>
<round>1</round>
<failsafecounter/>
<players><player seat="3" name="oreiasccp" chips="827" dealer="0" win="0" bet="243" muck="0" rebuy="0" addon="0" merge="0" rebuychips="0" reg_code="8384822794"/>
<player seat="6" name="d0nsamag0n" chips="243" dealer="1" win="496" bet="243" muck="0" rebuy="0" addon="0" merge="0" rebuychips="0" reg_code="8384822814"/>
<player seat="10" name="YesOrNo" chips="430" dealer="0" win="0" bet="10" muck="1" rebuy="0" addon="0" merge="0" rebuychips="0" reg_code="8384822883"/>
</players>
</general>
<round no="0"><action no="1" player="YesOrNo" type="1" discard="1" dealt="1" sum="10"/>
<action no="2" player="oreiasccp" type="2" sum="20"/>
</round>
<round no="1"><cards type="Pocket" player="oreiasccp">C8 HA</cards>
<cards type="Pocket" player="d0nsamag0n">CJ SQ</cards>
<cards type="Pocket" player="YesOrNo">X X</cards>
<action no="3" player="d0nsamag0n" type="23" discard="1" dealt="1" sum="40"/>
<action no="4" player="YesOrNo" type="0" discard="1" dealt="1" sum="0"/>
<action no="5" player="oreiasccp" type="23" sum="243"/>
<action no="6" player="d0nsamag0n" type="7" discard="1" dealt="1" sum="203"/>
</round>
<round no="2"><cards type="Flop">HQ C4 S8</cards>
</round>
<round no="3"><cards type="Turn">H4</cards>
</round>
<round no="4"><cards type="River">S6</cards>
</round>
</game>
<game gamecode="11514786382"><general><startdate>2025-06-16 07:25:53</startdate>
<round>1</round>
<failsafecounter/>
<players><player seat="6" name="d0nsamag0n" chips="496" dealer="0" win="20" bet="20" muck="1" rebuy="0" addon="0" merge="0" rebuychips="0" reg_code="8384822814"/>
<player seat="10" name="YesOrNo" chips="420" dealer="1" win="0" bet="0" muck="1" rebuy="0" addon="0" merge="0" rebuychips="0" reg_code="8384822883"/>
<player seat="3" name="oreiasccp" chips="584" dealer="0" win="0" bet="10" muck="1" rebuy="0" addon="0" merge="0" rebuychips="0" reg_code="8384822794"/>
</players>
</general>
<round no="0"><action no="1" player="oreiasccp" type="1" sum="10"/>
<action no="2" player="d0nsamag0n" type="2" discard="1" dealt="1" sum="20"/>
</round>
<round no="1"><cards type="Pocket" player="d0nsamag0n">X X</cards>
<cards type="Pocket" player="YesOrNo">X X</cards>
<cards type="Pocket" player="oreiasccp">H4 CJ</cards>
<action no="3" player="YesOrNo" type="0" discard="1" dealt="1" sum="0"/>
<action no="4" player="oreiasccp" type="0" sum="0"/>
</round>
</game>
<game gamecode="11514786413"><general><startdate>2025-06-16 07:26:02</startdate>
<round>1</round>
<failsafecounter/>
<players><player seat="10" name="YesOrNo" chips="420" dealer="0" win="0" bet="140" muck="1" rebuy="0" addon="0" merge="0" rebuychips="0" reg_code="8384822883"/>
<player seat="3" name="oreiasccp" chips="574" dealer="1" win="290" bet="420" muck="1" rebuy="0" addon="0" merge="0" rebuychips="0" reg_code="8384822794"/>
<player seat="6" name="d0nsamag0n" chips="506" dealer="0" win="0" bet="10" muck="1" rebuy="0" addon="0" merge="0" rebuychips="0" reg_code="8384822814"/>
</players>
</general>
<round no="0"><action no="1" player="d0nsamag0n" type="1" discard="1" dealt="1" sum="10"/>
<action no="2" player="YesOrNo" type="2" discard="1" dealt="1" sum="20"/>
</round>
<round no="1"><cards type="Pocket" player="YesOrNo">X X</cards>
<cards type="Pocket" player="oreiasccp">C6 SA</cards>
<cards type="Pocket" player="d0nsamag0n">X X</cards>
<action no="3" player="oreiasccp" type="23" sum="40"/>
<action no="4" player="d0nsamag0n" type="0" discard="1" dealt="1" sum="0"/>
<action no="5" player="YesOrNo" type="3" discard="1" dealt="1" sum="20"/>
</round>
<round no="2"><cards type="Flop">H2 SQ S9</cards>
<action no="6" player="YesOrNo" type="4" discard="1" dealt="1" sum="0"/>
<action no="7" player="oreiasccp" type="5" sum="20"/>
<action no="8" player="YesOrNo" type="3" discard="1" dealt="1" sum="20"/>
</round>
<round no="3"><cards type="Turn">S4</cards>
<action no="9" player="YesOrNo" type="4" discard="1" dealt="1" sum="0"/>
<action no="10" player="oreiasccp" type="4" sum="0"/>
</round>
<round no="4"><cards type="River">S10</cards>
<action no="11" player="YesOrNo" type="5" discard="1" dealt="1" sum="80"/>
<action no="12" player="oreiasccp" type="23" sum="360"/>
<action no="13" player="YesOrNo" type="0" discard="1" dealt="1" sum="0"/>
</round>
</game>
<game gamecode="11514786513"><general><startdate>2025-06-16 07:26:39</startdate>
<round>1</round>
<failsafecounter/>
<players><player seat="3" name="oreiasccp" chips="724" dealer="0" win="0" bet="35" muck="1" rebuy="0" addon="0" merge="0" rebuychips="0" reg_code="8384822794"/>
<player seat="6" name="d0nsamag0n" chips="496" dealer="1" win="90" bet="496" muck="1" rebuy="0" addon="0" merge="0" rebuychips="0" reg_code="8384822814"/>
<player seat="10" name="YesOrNo" chips="280" dealer="0" win="0" bet="20" muck="1" rebuy="0" addon="0" merge="0" rebuychips="0" reg_code="8384822883"/>
</players>
</general>
<round no="0"><action no="1" player="YesOrNo" type="15" discard="1" dealt="1" sum="5"/>
<action no="2" player="oreiasccp" type="15" sum="5"/>
<action no="3" player="d0nsamag0n" type="15" discard="1" dealt="1" sum="5"/>
<action no="4" player="YesOrNo" type="1" discard="1" dealt="1" sum="15"/>
<action no="5" player="oreiasccp" type="2" sum="30"/>
</round>
<round no="1"><cards type="Pocket" player="oreiasccp">S2 DA</cards>
<cards type="Pocket" player="YesOrNo">X X</cards>
<cards type="Pocket" player="d0nsamag0n">X X</cards>
<action no="6" player="d0nsamag0n" type="23" discard="1" dealt="1" sum="491"/>
<action no="7" player="YesOrNo" type="0" discard="1" dealt="1" sum="0"/>
<action no="8" player="oreiasccp" type="0" sum="0"/>
</round>
</game>
<game gamecode="11514786534"><general><startdate>2025-06-16 07:26:47</startdate>
<round>1</round>
<failsafecounter/>
<players><player seat="6" name="d0nsamag0n" chips="551" dealer="0" win="0" bet="65" muck="1" rebuy="0" addon="0" merge="0" rebuychips="0" reg_code="8384822814"/>
<player seat="10" name="YesOrNo" chips="260" dealer="1" win="0" bet="5" muck="1" rebuy="0" addon="0" merge="0" rebuychips="0" reg_code="8384822883"/>
<player seat="3" name="oreiasccp" chips="689" dealer="0" win="135" bet="95" muck="1" rebuy="0" addon="0" merge="0" rebuychips="0" reg_code="8384822794"/>
</players>
</general>
<round no="0"><action no="1" player="oreiasccp" type="15" sum="5"/>
<action no="2" player="d0nsamag0n" type="15" discard="1" dealt="1" sum="5"/>
<action no="3" player="YesOrNo" type="15" discard="1" dealt="1" sum="5"/>
<action no="4" player="oreiasccp" type="1" sum="15"/>
<action no="5" player="d0nsamag0n" type="2" discard="1" dealt="1" sum="30"/>
</round>
<round no="1"><cards type="Pocket" player="YesOrNo">X X</cards>
<cards type="Pocket" player="d0nsamag0n">X X</cards>
<cards type="Pocket" player="oreiasccp">CK H8</cards>
<action no="6" player="YesOrNo" type="0" discard="1" dealt="1" sum="0"/>
<action no="7" player="oreiasccp" type="23" sum="60"/>
<action no="8" player="d0nsamag0n" type="3" discard="1" dealt="1" sum="30"/>
</round>
<round no="2"><cards type="Flop">S6 DA S7</cards>
<action no="9" player="oreiasccp" type="5" sum="30"/>
<action no="10" player="d0nsamag0n" type="0" discard="1" dealt="1" sum="0"/>
</round>
</game>
<game gamecode="11514786585"><general><startdate>2025-06-16 07:27:07</startdate>
<round>1</round>
<failsafecounter/>
<players><player seat="10" name="YesOrNo" chips="255" dealer="0" win="45" bet="35" muck="1" rebuy="0" addon="0" merge="0" rebuychips="0" reg_code="8384822883"/>
<player seat="3" name="oreiasccp" chips="759" dealer="1" win="0" bet="5" muck="1" rebuy="0" addon="0" merge="0" rebuychips="0" reg_code="8384822794"/>
<player seat="6" name="d0nsamag0n" chips="486" dealer="0" win="0" bet="20" muck="1" rebuy="0" addon="0" merge="0" rebuychips="0" reg_code="8384822814"/>
</players>
</general>
<round no="0"><action no="1" player="d0nsamag0n" type="15" discard="1" dealt="1" sum="5"/>
<action no="2" player="YesOrNo" type="15" discard="1" dealt="1" sum="5"/>
<action no="3" player="oreiasccp" type="15" sum="5"/>
<action no="4" player="d0nsamag0n" type="1" discard="1" dealt="1" sum="15"/>
<action no="5" player="YesOrNo" type="2" discard="1" dealt="1" sum="30"/>
</round>
<round no="1"><cards type="Pocket" player="YesOrNo">X X</cards>
<cards type="Pocket" player="oreiasccp">C3 S9</cards>
<cards type="Pocket" player="d0nsamag0n">X X</cards>
<action no="6" player="oreiasccp" type="0" sum="0"/>
<action no="7" player="d0nsamag0n" type="0" discard="1" dealt="1" sum="0"/>
</round>
</game>
<game gamecode="11514786619"><general><startdate>2025-06-16 07:27:15</startdate>
<round>1</round>
<failsafecounter/>
<players><player seat="3" name="oreiasccp" chips="754" dealer="0" win="0" bet="35" muck="1" rebuy="0" addon="0" merge="0" rebuychips="0" reg_code="8384822794"/>
<player seat="6" name="d0nsamag0n" chips="466" dealer="1" win="90" bet="65" muck="1" rebuy="0" addon="0" merge="0" rebuychips="0" reg_code="8384822814"/>
<player seat="10" name="YesOrNo" chips="280" dealer="0" win="0" bet="20" muck="1" rebuy="0" addon="0" merge="0" rebuychips="0" reg_code="8384822883"/>
</players>
</general>
<round no="0"><action no="1" player="YesOrNo" type="15" discard="1" dealt="1" sum="5"/>
<action no="2" player="oreiasccp" type="15" sum="5"/>
<action no="3" player="d0nsamag0n" type="15" discard="1" dealt="1" sum="5"/>
<action no="4" player="YesOrNo" type="1" discard="1" dealt="1" sum="15"/>
<action no="5" player="oreiasccp" type="2" sum="30"/>
</round>
<round no="1"><cards type="Pocket" player="oreiasccp">H3 S4</cards>
<cards type="Pocket" player="d0nsamag0n">X X</cards>
<cards type="Pocket" player="YesOrNo">X X</cards>
<action no="6" player="d0nsamag0n" type="23" discard="1" dealt="1" sum="60"/>
<action no="7" player="YesOrNo" type="0" discard="1" dealt="1" sum="0"/>
<action no="8" player="oreiasccp" type="0" sum="0"/>
</round>
</game>
<game gamecode="11514786657"><general><startdate>2025-06-16 07:27:29</startdate>
<round>1</round>
<failsafecounter/>
<players><player seat="6" name="d0nsamag0n" chips="521" dealer="0" win="135" bet="521" muck="1" rebuy="0" addon="0" merge="0" rebuychips="0" reg_code="8384822814"/>
<player seat="10" name="YesOrNo" chips="260" dealer="1" win="0" bet="5" muck="1" rebuy="0" addon="0" merge="0" rebuychips="0" reg_code="8384822883"/>
<player seat="3" name="oreiasccp" chips="719" dealer="0" win="0" bet="65" muck="1" rebuy="0" addon="0" merge="0" rebuychips="0" reg_code="8384822794"/>
</players>
</general>
<round no="0"><action no="1" player="oreiasccp" type="15" sum="5"/>
<action no="2" player="d0nsamag0n" type="15" discard="1" dealt="1" sum="5"/>
<action no="3" player="YesOrNo" type="15" discard="1" dealt="1" sum="5"/>
<action no="4" player="oreiasccp" type="1" sum="15"/>
<action no="5" player="d0nsamag0n" type="2" discard="1" dealt="1" sum="30"/>
</round>
<round no="1"><cards type="Pocket" player="d0nsamag0n">X X</cards>
<cards type="Pocket" player="YesOrNo">X X</cards>
<cards type="Pocket" player="oreiasccp">S4 CA</cards>
<action no="6" player="YesOrNo" type="0" discard="1" dealt="1" sum="0"/>
<action no="7" player="oreiasccp" type="23" sum="60"/>
<action no="8" player="d0nsamag0n" type="23" discard="1" dealt="1" sum="516"/>
<action no="9" player="oreiasccp" type="0" sum="0"/>
</round>
</game>
<game gamecode="11514786706"><general><startdate>2025-06-16 07:27:44</startdate>
<round>1</round>
<failsafecounter/>
<players><player seat="10" name="YesOrNo" chips="255" dealer="0" win="0" bet="35" muck="1" rebuy="0" addon="0" merge="0" rebuychips="0" reg_code="8384822883"/>
<player seat="3" name="oreiasccp" chips="654" dealer="1" win="0" bet="5" muck="1" rebuy="0" addon="0" merge="0" rebuychips="0" reg_code="8384822794"/>
<player seat="6" name="d0nsamag0n" chips="591" dealer="0" win="75" bet="591" muck="1" rebuy="0" addon="0" merge="0" rebuychips="0" reg_code="8384822814"/>
</players>
</general>
<round no="0"><action no="1" player="d0nsamag0n" type="15" discard="1" dealt="1" sum="5"/>
<action no="2" player="YesOrNo" type="15" discard="1" dealt="1" sum="5"/>
<action no="3" player="oreiasccp" type="15" sum="5"/>
<action no="4" player="d0nsamag0n" type="1" discard="1" dealt="1" sum="15"/>
<action no="5" player="YesOrNo" type="2" discard="1" dealt="1" sum="30"/>
</round>
<round no="1"><cards type="Pocket" player="oreiasccp">D9 S8</cards>
<cards type="Pocket" player="YesOrNo">X X</cards>
<cards type="Pocket" player="d0nsamag0n">X X</cards>
<action no="6" player="oreiasccp" type="0" sum="0"/>
<action no="7" player="d0nsamag0n" type="23" discard="1" dealt="1" sum="586"/>
<action no="8" player="YesOrNo" type="0" discard="1" dealt="1" sum="0"/>
</round>
</game>
<game gamecode="11514786740"><general><startdate>2025-06-16 07:27:55</startdate>
<round>1</round>
<failsafecounter/>
<players><player seat="3" name="oreiasccp" chips="649" dealer="0" win="0" bet="35" muck="1" rebuy="0" addon="0" merge="0" rebuychips="0" reg_code="8384822794"/>
<player seat="6" name="d0nsamag0n" chips="631" dealer="1" win="90" bet="65" muck="1" rebuy="0" addon="0" merge="0" rebuychips="0" reg_code="8384822814"/>
<player seat="10" name="YesOrNo" chips="220" dealer="0" win="0" bet="20" muck="1" rebuy="0" addon="0" merge="0" rebuychips="0" reg_code="8384822883"/>
</players>
</general>
<round no="0"><action no="1" player="YesOrNo" type="15" discard="1" dealt="1" sum="5"/>
<action no="2" player="oreiasccp" type="15" sum="5"/>
<action no="3" player="d0nsamag0n" type="15" discard="1" dealt="1" sum="5"/>
<action no="4" player="YesOrNo" type="1" discard="1" dealt="1" sum="15"/>
<action no="5" player="oreiasccp" type="2" sum="30"/>
</round>
<round no="1"><cards type="Pocket" player="oreiasccp">D3 S6</cards>
<cards type="Pocket" player="d0nsamag0n">X X</cards>
<cards type="Pocket" player="YesOrNo">X X</cards>
<action no="6" player="d0nsamag0n" type="23" discard="1" dealt="1" sum="60"/>
<action no="7" player="YesOrNo" type="0" discard="1" dealt="1" sum="0"/>
<action no="8" player="oreiasccp" type="0" sum="0"/>
</round>
</game>
<game gamecode="11514786775"><general><startdate>2025-06-16 07:28:10</startdate>
<round>1</round>
<failsafecounter/>
<players><player seat="6" name="d0nsamag0n" chips="686" dealer="0" win="0" bet="35" muck="1" rebuy="0" addon="0" merge="0" rebuychips="0" reg_code="8384822814"/>
<player seat="10" name="YesOrNo" chips="200" dealer="1" win="90" bet="200" muck="1" rebuy="0" addon="0" merge="0" rebuychips="0" reg_code="8384822883"/>
<player seat="3" name="oreiasccp" chips="614" dealer="0" win="0" bet="20" muck="1" rebuy="0" addon="0" merge="0" rebuychips="0" reg_code="8384822794"/>
</players>
</general>
<round no="0"><action no="1" player="oreiasccp" type="15" sum="5"/>
<action no="2" player="d0nsamag0n" type="15" discard="1" dealt="1" sum="5"/>
<action no="3" player="YesOrNo" type="15" discard="1" dealt="1" sum="5"/>
<action no="4" player="oreiasccp" type="1" sum="15"/>
<action no="5" player="d0nsamag0n" type="2" discard="1" dealt="1" sum="30"/>
</round>
<round no="1"><cards type="Pocket" player="oreiasccp">S6 DQ</cards>
<cards type="Pocket" player="d0nsamag0n">X X</cards>
<cards type="Pocket" player="YesOrNo">X X</cards>
<action no="6" player="YesOrNo" type="23" discard="1" dealt="1" sum="195"/>
<action no="7" player="oreiasccp" type="0" sum="0"/>
<action no="8" player="d0nsamag0n" type="0" discard="1" dealt="1" sum="0"/>
</round>
</game>
<game gamecode="11514786808"><general><startdate>2025-06-16 07:28:20</startdate>
<round>1</round>
<failsafecounter/>
<players><player seat="10" name="YesOrNo" chips="255" dealer="0" win="0" bet="35" muck="1" rebuy="0" addon="0" merge="0" rebuychips="0" reg_code="8384822883"/>
<player seat="3" name="oreiasccp" chips="594" dealer="1" win="0" bet="65" muck="1" rebuy="0" addon="0" merge="0" rebuychips="0" reg_code="8384822794"/>
<player seat="6" name="d0nsamag0n" chips="651" dealer="0" win="165" bet="651" muck="1" rebuy="0" addon="0" merge="0" rebuychips="0" reg_code="8384822814"/>
</players>
</general>
<round no="0"><action no="1" player="d0nsamag0n" type="15" discard="1" dealt="1" sum="5"/>
<action no="2" player="YesOrNo" type="15" discard="1" dealt="1" sum="5"/>
<action no="3" player="oreiasccp" type="15" sum="5"/>
<action no="4" player="d0nsamag0n" type="1" discard="1" dealt="1" sum="15"/>
<action no="5" player="YesOrNo" type="2" discard="1" dealt="1" sum="30"/>
</round>
<round no="1"><cards type="Pocket" player="YesOrNo">X X</cards>
<cards type="Pocket" player="oreiasccp">CA S6</cards>
<cards type="Pocket" player="d0nsamag0n">X X</cards>
<action no="6" player="oreiasccp" type="23" sum="60"/>
<action no="7" player="d0nsamag0n" type="23" discard="1" dealt="1" sum="646"/>
<action no="8" player="YesOrNo" type="0" discard="1" dealt="1" sum="0"/>
<action no="9" player="oreiasccp" type="0" sum="0"/>
</round>
</game>
<game gamecode="11514786859"><general><startdate>2025-06-16 07:28:37</startdate>
<round>1</round>
<failsafecounter/>
<players><player seat="3" name="oreiasccp" chips="529" dealer="0" win="55" bet="45" muck="1" rebuy="0" addon="0" merge="0" rebuychips="0" reg_code="8384822794"/>
<player seat="6" name="d0nsamag0n" chips="751" dealer="1" win="0" bet="5" muck="1" rebuy="0" addon="0" merge="0" rebuychips="0" reg_code="8384822814"/>
<player seat="10" name="YesOrNo" chips="220" dealer="0" win="0" bet="25" muck="1" rebuy="0" addon="0" merge="0" rebuychips="0" reg_code="8384822883"/>
</players>
</general>
<round no="0"><action no="1" player="YesOrNo" type="15" discard="1" dealt="1" sum="5"/>
<action no="2" player="oreiasccp" type="15" sum="5"/>
<action no="3" player="d0nsamag0n" type="15" discard="1" dealt="1" sum="5"/>
<action no="4" player="YesOrNo" type="1" discard="1" dealt="1" sum="20"/>
<action no="5" player="oreiasccp" type="2" sum="40"/>
</round>
<round no="1"><cards type="Pocket" player="oreiasccp">HA C8</cards>
<cards type="Pocket" player="YesOrNo">X X</cards>
<cards type="Pocket" player="d0nsamag0n">X X</cards>
<action no="6" player="d0nsamag0n" type="0" discard="1" dealt="1" sum="0"/>
<action no="7" player="YesOrNo" type="0" discard="1" dealt="1" sum="0"/>
</round>
</game>
<game gamecode="11514786894"><general><startdate>2025-06-16 07:28:46</startdate>
<round>1</round>
<failsafecounter/>
<players><player seat="6" name="d0nsamag0n" chips="746" dealer="0" win="415" bet="195" muck="0" rebuy="0" addon="0" merge="0" rebuychips="0" reg_code="8384822814"/>
<player seat="10" name="YesOrNo" chips="195" dealer="1" win="0" bet="195" muck="0" rebuy="0" addon="0" merge="0" rebuychips="0" reg_code="8384822883"/>
<player seat="3" name="oreiasccp" chips="559" dealer="0" win="0" bet="25" muck="1" rebuy="0" addon="0" merge="0" rebuychips="0" reg_code="8384822794"/>
</players>
</general>
<round no="0"><action no="1" player="oreiasccp" type="15" sum="5"/>
<action no="2" player="d0nsamag0n" type="15" discard="1" dealt="1" sum="5"/>
<action no="3" player="YesOrNo" type="15" discard="1" dealt="1" sum="5"/>
<action no="4" player="oreiasccp" type="1" sum="20"/>
<action no="5" player="d0nsamag0n" type="2" discard="1" dealt="1" sum="40"/>
</round>
<round no="1"><cards type="Pocket" player="d0nsamag0n">SK S7</cards>
<cards type="Pocket" player="oreiasccp">CK D5</cards>
<cards type="Pocket" player="YesOrNo">C8 HA</cards>
<action no="6" player="YesOrNo" type="23" discard="1" dealt="1" sum="190"/>
<action no="7" player="oreiasccp" type="0" sum="0"/>
<action no="8" player="d0nsamag0n" type="3" discard="1" dealt="1" sum="150"/>
</round>
<round no="2"><cards type="Flop">DK D9 D7</cards>
</round>
<round no="3"><cards type="Turn">H7</cards>
</round>
<round no="4"><cards type="River">D8</cards>
</round>
</game>
<game gamecode="11514786953"><general><startdate>2025-06-16 07:29:07</startdate>
<round>1</round>
<failsafecounter/>
<players><player seat="6" name="d0nsamag0n" chips="966" dealer="0" win="0" bet="45" muck="1" rebuy="0" addon="0" merge="0" rebuychips="0" reg_code="8384822814"/>
<player seat="3" name="oreiasccp" chips="534" dealer="1" win="90" bet="534" muck="1" rebuy="0" addon="0" merge="0" rebuychips="0" reg_code="8384822794"/>
</players>
</general>
<round no="0"><action no="1" player="oreiasccp" type="15" sum="5"/>
<action no="2" player="d0nsamag0n" type="15" discard="1" dealt="1" sum="5"/>
<action no="3" player="oreiasccp" type="1" sum="20"/>
<action no="4" player="d0nsamag0n" type="2" discard="1" dealt="1" sum="40"/>
</round>
<round no="1"><cards type="Pocket" player="oreiasccp">H8 SK</cards>
<cards type="Pocket" player="d0nsamag0n">X X</cards>
<action no="5" player="oreiasccp" type="23" sum="529"/>
<action no="6" player="d0nsamag0n" type="0" discard="1" dealt="1" sum="0"/>
</round>
</game>
<game gamecode="11514786977"><general><startdate>2025-06-16 07:29:17</startdate>
<round>1</round>
<failsafecounter/>
<players><player seat="3" name="oreiasccp" chips="579" dealer="0" win="0" bet="85" muck="1" rebuy="0" addon="0" merge="0" rebuychips="0" reg_code="8384822794"/>
<player seat="6" name="d0nsamag0n" chips="921" dealer="1" win="170" bet="170" muck="1" rebuy="0" addon="0" merge="0" rebuychips="0" reg_code="8384822814"/>
</players>
</general>
<round no="0"><action no="1" player="d0nsamag0n" type="15" discard="1" dealt="1" sum="5"/>
<action no="2" player="oreiasccp" type="15" sum="5"/>
<action no="3" player="d0nsamag0n" type="1" discard="1" dealt="1" sum="20"/>
<action no="4" player="oreiasccp" type="2" sum="40"/>
</round>
<round no="1"><cards type="Pocket" player="oreiasccp">H7 D6</cards>
<cards type="Pocket" player="d0nsamag0n">X X</cards>
<action no="5" player="d0nsamag0n" type="23" discard="1" dealt="1" sum="80"/>
<action no="6" player="oreiasccp" type="3" sum="40"/>
</round>
<round no="2"><cards type="Flop">DQ CJ H4</cards>
<action no="7" player="oreiasccp" type="4" sum="0"/>
<action no="8" player="d0nsamag0n" type="5" discard="1" dealt="1" sum="85"/>
<action no="9" player="oreiasccp" type="0" sum="0"/>
</round>
</game>
<game gamecode="11514787025"><general><startdate>2025-06-16 07:29:31</startdate>
<round>1</round>
<failsafecounter/>
<players><player seat="6" name="d0nsamag0n" chips="1,006" dealer="0" win="170" bet="170" muck="1" rebuy="0" addon="0" merge="0" rebuychips="0" reg_code="8384822814"/>
<player seat="3" name="oreiasccp" chips="494" dealer="1" win="0" bet="85" muck="1" rebuy="0" addon="0" merge="0" rebuychips="0" reg_code="8384822794"/>
</players>
</general>
<round no="0"><action no="1" player="oreiasccp" type="15" sum="5"/>
<action no="2" player="d0nsamag0n" type="15" discard="1" dealt="1" sum="5"/>
<action no="3" player="oreiasccp" type="1" sum="20"/>
<action no="4" player="d0nsamag0n" type="2" discard="1" dealt="1" sum="40"/>
</round>
<round no="1"><cards type="Pocket" player="oreiasccp">C5 D5</cards>
<cards type="Pocket" player="d0nsamag0n">X X</cards>
<action no="5" player="oreiasccp" type="3" sum="20"/>
<action no="6" player="d0nsamag0n" type="4" discard="1" dealt="1" sum="0"/>
</round>
<round no="2"><cards type="Flop">DQ C9 H6</cards>
<action no="7" player="d0nsamag0n" type="4" discard="1" dealt="1" sum="0"/>
<action no="8" player="oreiasccp" type="4" sum="0"/>
</round>
<round no="3"><cards type="Turn">D3</cards>
<action no="9" player="d0nsamag0n" type="5" discard="1" dealt="1" sum="40"/>
<action no="10" player="oreiasccp" type="3" sum="40"/>
</round>
<round no="4"><cards type="River">D9</cards>
<action no="11" player="d0nsamag0n" type="5" discard="1" dealt="1" sum="85"/>
<action no="12" player="oreiasccp" type="0" sum="0"/>
</round>
</game>
<game gamecode="11514787085"><general><startdate>2025-06-16 07:29:54</startdate>
<round>1</round>
<failsafecounter/>
<players><player seat="3" name="oreiasccp" chips="409" dealer="0" win="0" bet="170" muck="1" rebuy="0" addon="0" merge="0" rebuychips="0" reg_code="8384822794"/>
<player seat="6" name="d0nsamag0n" chips="1,091" dealer="1" win="340" bet="170" muck="0" rebuy="0" addon="0" merge="0" rebuychips="0" reg_code="8384822814"/>
</players>
</general>
<round no="0"><action no="1" player="d0nsamag0n" type="15" discard="1" dealt="1" sum="5"/>
<action no="2" player="oreiasccp" type="15" sum="5"/>
<action no="3" player="d0nsamag0n" type="1" discard="1" dealt="1" sum="20"/>
<action no="4" player="oreiasccp" type="2" sum="40"/>
</round>
<round no="1"><cards type="Pocket" player="d0nsamag0n">HQ HJ</cards>
<cards type="Pocket" player="oreiasccp">H9 C6</cards>
<action no="5" player="d0nsamag0n" type="3" discard="1" dealt="1" sum="20"/>
<action no="6" player="oreiasccp" type="4" sum="0"/>
</round>
<round no="2"><cards type="Flop">H6 D5 H4</cards>
<action no="7" player="oreiasccp" type="4" sum="0"/>
<action no="8" player="d0nsamag0n" type="5" discard="1" dealt="1" sum="40"/>
<action no="9" player="oreiasccp" type="3" sum="40"/>
</round>
<round no="3"><cards type="Turn">S5</cards>
<action no="10" player="oreiasccp" type="4" sum="0"/>
<action no="11" player="d0nsamag0n" type="4" discard="1" dealt="1" sum="0"/>
</round>
<round no="4"><cards type="River">CJ</cards>
<action no="12" player="oreiasccp" type="4" sum="0"/>
<action no="13" player="d0nsamag0n" type="5" discard="1" dealt="1" sum="85"/>
<action no="14" player="oreiasccp" type="3" sum="85"/>
</round>
</game>
<game gamecode="11514787144"><general><startdate>2025-06-16 07:30:14</startdate>
<round>1</round>
<failsafecounter/>
<players><player seat="6" name="d0nsamag0n" chips="1,261" dealer="0" win="0" bet="1,261" muck="1" rebuy="0" addon="0" merge="0" rebuychips="0" reg_code="8384822814"/>
<player seat="3" name="oreiasccp" chips="239" dealer="1" win="478" bet="239" muck="0" rebuy="0" addon="0" merge="0" rebuychips="0" reg_code="8384822794"/>
</players>
</general>
<round no="0"><action no="1" player="oreiasccp" type="15" sum="5"/>
<action no="2" player="d0nsamag0n" type="15" discard="1" dealt="1" sum="5"/>
<action no="3" player="oreiasccp" type="1" sum="20"/>
<action no="4" player="d0nsamag0n" type="2" discard="1" dealt="1" sum="40"/>
</round>
<round no="1"><cards type="Pocket" player="d0nsamag0n">S5 DK</cards>
<cards type="Pocket" player="oreiasccp">CQ DQ</cards>
<action no="5" player="oreiasccp" type="3" sum="20"/>
<action no="6" player="d0nsamag0n" type="23" discard="1" dealt="1" sum="1,256"/>
<action no="7" player="oreiasccp" type="7" sum="194"/>
</round>
<round no="2"><cards type="Flop">SQ SK HQ</cards>
</round>
<round no="3"><cards type="Turn">S6</cards>
</round>
<round no="4"><cards type="River">D9</cards>
</round>
</game>
<game gamecode="11514787197"><general><startdate>2025-06-16 07:30:33</startdate>
<round>1</round>
<failsafecounter/>
<players><player seat="3" name="oreiasccp" chips="478" dealer="0" win="70" bet="65" muck="1" rebuy="0" addon="0" merge="0" rebuychips="0" reg_code="8384822794"/>
<player seat="6" name="d0nsamag0n" chips="1,022" dealer="1" win="0" bet="35" muck="1" rebuy="0" addon="0" merge="0" rebuychips="0" reg_code="8384822814"/>
</players>
</general>
<round no="0"><action no="1" player="d0nsamag0n" type="15" discard="1" dealt="1" sum="5"/>
<action no="2" player="oreiasccp" type="15" sum="5"/>
<action no="3" player="d0nsamag0n" type="1" discard="1" dealt="1" sum="30"/>
<action no="4" player="oreiasccp" type="2" sum="60"/>
</round>
<round no="1"><cards type="Pocket" player="oreiasccp">C2 H10</cards>
<cards type="Pocket" player="d0nsamag0n">X X</cards>
<action no="5" player="d0nsamag0n" type="0" discard="1" dealt="1" sum="0"/>
</round>
</game>
<game gamecode="11514787221"><general><startdate>2025-06-16 07:30:40</startdate>
<round>1</round>
<failsafecounter/>
<players><player seat="6" name="d0nsamag0n" chips="987" dealer="0" win="0" bet="65" muck="1" rebuy="0" addon="0" merge="0" rebuychips="0" reg_code="8384822814"/>
<player seat="3" name="oreiasccp" chips="513" dealer="1" win="130" bet="125" muck="1" rebuy="0" addon="0" merge="0" rebuychips="0" reg_code="8384822794"/>
</players>
</general>
<round no="0"><action no="1" player="oreiasccp" type="15" sum="5"/>
<action no="2" player="d0nsamag0n" type="15" discard="1" dealt="1" sum="5"/>
<action no="3" player="oreiasccp" type="1" sum="30"/>
<action no="4" player="d0nsamag0n" type="2" discard="1" dealt="1" sum="60"/>
</round>
<round no="1"><cards type="Pocket" player="d0nsamag0n">X X</cards>
<cards type="Pocket" player="oreiasccp">S6 HQ</cards>
<action no="5" player="oreiasccp" type="3" sum="30"/>
<action no="6" player="d0nsamag0n" type="4" discard="1" dealt="1" sum="0"/>
</round>
<round no="2"><cards type="Flop">DA CJ C8</cards>
<action no="7" player="d0nsamag0n" type="4" discard="1" dealt="1" sum="0"/>
<action no="8" player="oreiasccp" type="5" sum="60"/>
<action no="9" player="d0nsamag0n" type="0" discard="1" dealt="1" sum="0"/>
</round>
</game>
<game gamecode="11514787270"><general><startdate>2025-06-16 07:30:57</startdate>
<round>1</round>
<failsafecounter/>
<players><player seat="3" name="oreiasccp" chips="578" dealer="0" win="0" bet="65" muck="1" rebuy="0" addon="0" merge="0" rebuychips="0" reg_code="8384822794"/>
<player seat="6" name="d0nsamag0n" chips="922" dealer="1" win="130" bet="922" muck="1" rebuy="0" addon="0" merge="0" rebuychips="0" reg_code="8384822814"/>
</players>
</general>
<round no="0"><action no="1" player="d0nsamag0n" type="15" discard="1" dealt="1" sum="5"/>
<action no="2" player="oreiasccp" type="15" sum="5"/>
<action no="3" player="d0nsamag0n" type="1" discard="1" dealt="1" sum="30"/>
<action no="4" player="oreiasccp" type="2" sum="60"/>
</round>
<round no="1"><cards type="Pocket" player="d0nsamag0n">X X</cards>
<cards type="Pocket" player="oreiasccp">H4 S9</cards>
<action no="5" player="d0nsamag0n" type="23" discard="1" dealt="1" sum="917"/>
<action no="6" player="oreiasccp" type="0" sum="0"/>
</round>
</game>
<game gamecode="11514787304"><general><startdate>2025-06-16 07:31:09</startdate>
<round>1</round>
<failsafecounter/>
<players><player seat="6" name="d0nsamag0n" chips="987" dealer="0" win="70" bet="65" muck="1" rebuy="0" addon="0" merge="0" rebuychips="0" reg_code="8384822814"/>
<player seat="3" name="oreiasccp" chips="513" dealer="1" win="0" bet="35" muck="1" rebuy="0" addon="0" merge="0" rebuychips="0" reg_code="8384822794"/>
</players>
</general>
<round no="0"><action no="1" player="oreiasccp" type="15" sum="5"/>
<action no="2" player="d0nsamag0n" type="15" discard="1" dealt="1" sum="5"/>
<action no="3" player="oreiasccp" type="1" sum="30"/>
<action no="4" player="d0nsamag0n" type="2" discard="1" dealt="1" sum="60"/>
</round>
<round no="1"><cards type="Pocket" player="d0nsamag0n">X X</cards>
<cards type="Pocket" player="oreiasccp">C4 D6</cards>
<action no="5" player="oreiasccp" type="0" sum="0"/>
</round>
</game>
<game gamecode="11514787352"><general><startdate>2025-06-16 07:31:25</startdate>
<round>1</round>
<failsafecounter/>
<players><player seat="3" name="oreiasccp" chips="478" dealer="0" win="70" bet="65" muck="1" rebuy="0" addon="0" merge="0" rebuychips="0" reg_code="8384822794"/>
<player seat="6" name="d0nsamag0n" chips="1,022" dealer="1" win="0" bet="35" muck="1" rebuy="0" addon="0" merge="0" rebuychips="0" reg_code="8384822814"/>
</players>
</general>
<round no="0"><action no="1" player="d0nsamag0n" type="15" discard="1" dealt="1" sum="5"/>
<action no="2" player="oreiasccp" type="15" sum="5"/>
<action no="3" player="d0nsamag0n" type="1" discard="1" dealt="1" sum="30"/>
<action no="4" player="oreiasccp" type="2" sum="60"/>
</round>
<round no="1"><cards type="Pocket" player="oreiasccp">SK H10</cards>
<cards type="Pocket" player="d0nsamag0n">X X</cards>
<action no="5" player="d0nsamag0n" type="0" discard="1" dealt="1" sum="0"/>
</round>
</game>
<game gamecode="11514787405"><general><startdate>2025-06-16 07:31:44</startdate>
<round>1</round>
<failsafecounter/>
<players><player seat="6" name="d0nsamag0n" chips="987" dealer="0" win="0" bet="65" muck="1" rebuy="0" addon="0" merge="0" rebuychips="0" reg_code="8384822814"/>
<player seat="3" name="oreiasccp" chips="513" dealer="1" win="130" bet="513" muck="1" rebuy="0" addon="0" merge="0" rebuychips="0" reg_code="8384822794"/>
</players>
</general>
<round no="0"><action no="1" player="oreiasccp" type="15" sum="5"/>
<action no="2" player="d0nsamag0n" type="15" discard="1" dealt="1" sum="5"/>
<action no="3" player="oreiasccp" type="1" sum="30"/>
<action no="4" player="d0nsamag0n" type="2" discard="1" dealt="1" sum="60"/>
</round>
<round no="1"><cards type="Pocket" player="d0nsamag0n">X X</cards>
<cards type="Pocket" player="oreiasccp">HA DQ</cards>
<action no="5" player="oreiasccp" type="23" sum="508"/>
<action no="6" player="d0nsamag0n" type="0" discard="1" dealt="1" sum="0"/>
</round>
</game>
<game gamecode="11514787432"><general><startdate>2025-06-16 07:31:52</startdate>
<round>1</round>
<failsafecounter/>
<players><player seat="3" name="oreiasccp" chips="578" dealer="0" win="1,156" bet="578" muck="0" rebuy="0" addon="0" merge="0" rebuychips="0" reg_code="8384822794"/>
<player seat="6" name="d0nsamag0n" chips="922" dealer="1" win="0" bet="922" muck="1" rebuy="0" addon="0" merge="0" rebuychips="0" reg_code="8384822814"/>
</players>
</general>
<round no="0"><action no="1" player="d0nsamag0n" type="15" discard="1" dealt="1" sum="5"/>
<action no="2" player="oreiasccp" type="15" sum="5"/>
<action no="3" player="d0nsamag0n" type="1" discard="1" dealt="1" sum="30"/>
<action no="4" player="oreiasccp" type="2" sum="60"/>
</round>
<round no="1"><cards type="Pocket" player="d0nsamag0n">S9 SA</cards>
<cards type="Pocket" player="oreiasccp">D6 H6</cards>
<action no="5" player="d0nsamag0n" type="23" discard="1" dealt="1" sum="917"/>
<action no="6" player="oreiasccp" type="7" sum="513"/>
</round>
<round no="2"><cards type="Flop">H10 S2 H3</cards>
</round>
<round no="3"><cards type="Turn">SJ</cards>
</round>
<round no="4"><cards type="River">HQ</cards>
</round>
</game>
<game gamecode="11514787485"><general><startdate>2025-06-16 07:32:11</startdate>
<round>1</round>
<failsafecounter/>
<players><player seat="6" name="d0nsamag0n" chips="344" dealer="0" win="70" bet="65" muck="1" rebuy="0" addon="0" merge="0" rebuychips="0" reg_code="8384822814"/>
<player seat="3" name="oreiasccp" chips="1,156" dealer="1" win="0" bet="35" muck="1" rebuy="0" addon="0" merge="0" rebuychips="0" reg_code="8384822794"/>
</players>
</general>
<round no="0"><action no="1" player="oreiasccp" type="15" sum="5"/>
<action no="2" player="d0nsamag0n" type="15" discard="1" dealt="1" sum="5"/>
<action no="3" player="oreiasccp" type="1" sum="30"/>
<action no="4" player="d0nsamag0n" type="2" discard="1" dealt="1" sum="60"/>
</round>
<round no="1"><cards type="Pocket" player="d0nsamag0n">X X</cards>
<cards type="Pocket" player="oreiasccp">H4 C8</cards>
<action no="5" player="oreiasccp" type="0" sum="0"/>
</round>
</game>
<game gamecode="11514787496"><general><startdate>2025-06-16 07:32:17</startdate>
<round>1</round>
<failsafecounter/>
<players><player seat="3" name="oreiasccp" chips="1,121" dealer="0" win="0" bet="65" muck="1" rebuy="0" addon="0" merge="0" rebuychips="0" reg_code="8384822794"/>
<player seat="6" name="d0nsamag0n" chips="379" dealer="1" win="130" bet="379" muck="1" rebuy="0" addon="0" merge="0" rebuychips="0" reg_code="8384822814"/>
</players>
</general>
<round no="0"><action no="1" player="d0nsamag0n" type="15" discard="1" dealt="1" sum="5"/>
<action no="2" player="oreiasccp" type="15" sum="5"/>
<action no="3" player="d0nsamag0n" type="1" discard="1" dealt="1" sum="30"/>
<action no="4" player="oreiasccp" type="2" sum="60"/>
</round>
<round no="1"><cards type="Pocket" player="oreiasccp">H9 H5</cards>
<cards type="Pocket" player="d0nsamag0n">X X</cards>
<action no="5" player="d0nsamag0n" type="23" discard="1" dealt="1" sum="374"/>
<action no="6" player="oreiasccp" type="0" sum="0"/>
</round>
</game>
<game gamecode="11514787511"><general><startdate>2025-06-16 07:32:24</startdate>
<round>1</round>
<failsafecounter/>
<players><player seat="6" name="d0nsamag0n" chips="444" dealer="0" win="0" bet="65" muck="1" rebuy="0" addon="0" merge="0" rebuychips="0" reg_code="8384822814"/>
<player seat="3" name="oreiasccp" chips="1,056" dealer="1" win="130" bet="444" muck="1" rebuy="0" addon="0" merge="0" rebuychips="0" reg_code="8384822794"/>
</players>
</general>
<round no="0"><action no="1" player="oreiasccp" type="15" sum="5"/>
<action no="2" player="d0nsamag0n" type="15" discard="1" dealt="1" sum="5"/>
<action no="3" player="oreiasccp" type="1" sum="30"/>
<action no="4" player="d0nsamag0n" type="2" discard="1" dealt="1" sum="60"/>
</round>
<round no="1"><cards type="Pocket" player="d0nsamag0n">X X</cards>
<cards type="Pocket" player="oreiasccp">C9 C8</cards>
<action no="5" player="oreiasccp" type="23" sum="439"/>
<action no="6" player="d0nsamag0n" type="0" discard="1" dealt="1" sum="0"/>
</round>
</game>
<game gamecode="11514787543"><general><startdate>2025-06-16 07:32:35</startdate>
<round>1</round>
<failsafecounter/>
<players><player seat="3" name="oreiasccp" chips="1,121" dealer="0" win="758" bet="379" muck="0" rebuy="0" addon="0" merge="0" rebuychips="0" reg_code="8384822794"/>
<player seat="6" name="d0nsamag0n" chips="379" dealer="1" win="0" bet="379" muck="0" rebuy="0" addon="0" merge="0" rebuychips="0" reg_code="8384822814"/>
</players>
</general>
<round no="0"><action no="1" player="d0nsamag0n" type="15" discard="1" dealt="1" sum="8"/>
<action no="2" player="oreiasccp" type="15" sum="8"/>
<action no="3" player="d0nsamag0n" type="1" discard="1" dealt="1" sum="40"/>
<action no="4" player="oreiasccp" type="2" sum="80"/>
</round>
<round no="1"><cards type="Pocket" player="oreiasccp">S2 HA</cards>
<cards type="Pocket" player="d0nsamag0n">CK H7</cards>
<action no="5" player="d0nsamag0n" type="23" discard="1" dealt="1" sum="371"/>
<action no="6" player="oreiasccp" type="3" sum="291"/>
</round>
<round no="2"><cards type="Flop">D3 H2 D2</cards>
</round>
<round no="3"><cards type="Turn">C9</cards>
</round>
<round no="4"><cards type="River">C3</cards>
</round>
</game>
</session>
