<?xml version="1.0" encoding="UTF-8"?>
<session sessioncode="8384849986">
<general>
<client_version>24.7.1.16</client_version>
<mode>real</mode>
<gametype>Holdem NL</gametype>
<tablename>Twister €5 SNG, 1127566148</tablename>
<tournamentcode>1127566147</tournamentcode>
<tournamentname>Twister €5 SNG</tournamentname>
<buyin>€0 + €0.35 + €4.65</buyin>
<totalbuyin>€5</totalbuyin>
<rewarddrawn>€10</rewarddrawn>
<tournamentcurrency>EUR</tournamentcurrency>
<currency>EUR</currency>
<nickname>oreiasccp</nickname>
<gamecount>23</gamecount>
<startdate>2025-06-16 09:51:01</startdate>
<place>2</place>
<win>€0</win>
<tablesize>3</tablesize>
</general>
<game gamecode="11514871672"><general><startdate>2025-06-16 09:51:16</startdate>
<round>1</round>
<failsafecounter/>
<players><player seat="6" name="Skyder19" chips="500" dealer="0" win="0" bet="20" muck="1" rebuy="0" addon="0" merge="0" rebuychips="0" reg_code="8384849989"/>
<player seat="10" name="knightoasis6" chips="500" dealer="1" win="30" bet="20" muck="0" rebuy="0" addon="0" merge="0" rebuychips="0" reg_code="8384849991"/>
<player seat="3" name="oreiasccp" chips="500" dealer="0" win="30" bet="20" muck="0" rebuy="0" addon="0" merge="0" rebuychips="0" reg_code="8384849986"/>
</players>
</general>
<round no="0"><action no="1" player="oreiasccp" type="1" sum="10"/>
<action no="2" player="Skyder19" type="2" discard="1" dealt="1" sum="20"/>
</round>
<round no="1"><cards type="Pocket" player="Skyder19">C6 C4</cards>
<cards type="Pocket" player="oreiasccp">DJ D2</cards>
<cards type="Pocket" player="knightoasis6">S2 SJ</cards>
<action no="3" player="knightoasis6" type="3" discard="1" dealt="1" sum="20"/>
<action no="4" player="oreiasccp" type="3" sum="10"/>
<action no="5" player="Skyder19" type="4" discard="1" dealt="1" sum="0"/>
</round>
<round no="2"><cards type="Flop">D8 H9 HQ</cards>
<action no="6" player="oreiasccp" type="4" sum="0"/>
<action no="7" player="Skyder19" type="4" discard="1" dealt="1" sum="0"/>
<action no="8" player="knightoasis6" type="4" discard="1" dealt="1" sum="0"/>
</round>
<round no="3"><cards type="Turn">C3</cards>
<action no="9" player="oreiasccp" type="4" sum="0"/>
<action no="10" player="Skyder19" type="4" discard="1" dealt="1" sum="0"/>
<action no="11" player="knightoasis6" type="4" discard="1" dealt="1" sum="0"/>
</round>
<round no="4"><cards type="River">H5</cards>
<action no="12" player="oreiasccp" type="4" sum="0"/>
<action no="13" player="Skyder19" type="4" discard="1" dealt="1" sum="0"/>
<action no="14" player="knightoasis6" type="4" discard="1" dealt="1" sum="0"/>
</round>
</game>
<game gamecode="11514871794"><general><startdate>2025-06-16 09:51:58</startdate>
<round>1</round>
<failsafecounter/>
<players><player seat="10" name="knightoasis6" chips="510" dealer="0" win="0" bet="510" muck="0" rebuy="0" addon="0" merge="0" rebuychips="0" reg_code="8384849991"/>
<player seat="3" name="oreiasccp" chips="510" dealer="1" win="0" bet="0" muck="1" rebuy="0" addon="0" merge="0" rebuychips="0" reg_code="8384849986"/>
<player seat="6" name="Skyder19" chips="480" dealer="0" win="960" bet="480" muck="0" rebuy="0" addon="0" merge="0" rebuychips="0" reg_code="8384849989"/>
</players>
</general>
<round no="0"><action no="1" player="Skyder19" type="1" discard="1" dealt="1" sum="10"/>
<action no="2" player="knightoasis6" type="2" discard="1" dealt="1" sum="20"/>
</round>
<round no="1"><cards type="Pocket" player="Skyder19">CK DA</cards>
<cards type="Pocket" player="oreiasccp">D9 C8</cards>
<cards type="Pocket" player="knightoasis6">D4 S4</cards>
<action no="3" player="oreiasccp" type="0" sum="0"/>
<action no="4" player="Skyder19" type="23" discard="1" dealt="1" sum="60"/>
<action no="5" player="knightoasis6" type="23" discard="1" dealt="1" sum="510"/>
<action no="6" player="Skyder19" type="7" discard="1" dealt="1" sum="420"/>
</round>
<round no="2"><cards type="Flop">D5 CA D2</cards>
</round>
<round no="3"><cards type="Turn">S10</cards>
</round>
<round no="4"><cards type="River">DK</cards>
</round>
</game>
<game gamecode="11514871869"><general><startdate>2025-06-16 09:52:25</startdate>
<round>1</round>
<failsafecounter/>
<players><player seat="3" name="oreiasccp" chips="510" dealer="0" win="0" bet="20" muck="1" rebuy="0" addon="0" merge="0" rebuychips="0" reg_code="8384849986"/>
<player seat="6" name="Skyder19" chips="960" dealer="1" win="0" bet="0" muck="1" rebuy="0" addon="0" merge="0" rebuychips="0" reg_code="8384849989"/>
<player seat="10" name="knightoasis6" chips="30" dealer="0" win="40" bet="30" muck="1" rebuy="0" addon="0" merge="0" rebuychips="0" reg_code="8384849991"/>
</players>
</general>
<round no="0"><action no="1" player="knightoasis6" type="1" discard="1" dealt="1" sum="10"/>
<action no="2" player="oreiasccp" type="2" sum="20"/>
</round>
<round no="1"><cards type="Pocket" player="oreiasccp">D9 C6</cards>
<cards type="Pocket" player="knightoasis6">X X</cards>
<cards type="Pocket" player="Skyder19">X X</cards>
<action no="3" player="Skyder19" type="0" discard="1" dealt="1" sum="0"/>
<action no="4" player="knightoasis6" type="7" discard="1" dealt="1" sum="20"/>
<action no="5" player="oreiasccp" type="0" sum="0"/>
</round>
</game>
<game gamecode="11514871899"><general><startdate>2025-06-16 09:52:35</startdate>
<round>1</round>
<failsafecounter/>
<players><player seat="6" name="Skyder19" chips="960" dealer="0" win="20" bet="20" muck="1" rebuy="0" addon="0" merge="0" rebuychips="0" reg_code="8384849989"/>
<player seat="10" name="knightoasis6" chips="50" dealer="1" win="0" bet="0" muck="1" rebuy="0" addon="0" merge="0" rebuychips="0" reg_code="8384849991"/>
<player seat="3" name="oreiasccp" chips="490" dealer="0" win="0" bet="10" muck="1" rebuy="0" addon="0" merge="0" rebuychips="0" reg_code="8384849986"/>
</players>
</general>
<round no="0"><action no="1" player="oreiasccp" type="1" sum="10"/>
<action no="2" player="Skyder19" type="2" discard="1" dealt="1" sum="20"/>
</round>
<round no="1"><cards type="Pocket" player="Skyder19">X X</cards>
<cards type="Pocket" player="knightoasis6">X X</cards>
<cards type="Pocket" player="oreiasccp">S3 C6</cards>
<action no="3" player="knightoasis6" type="0" discard="1" dealt="1" sum="0"/>
<action no="4" player="oreiasccp" type="0" sum="0"/>
</round>
</game>
<game gamecode="11514871929"><general><startdate>2025-06-16 09:52:43</startdate>
<round>1</round>
<failsafecounter/>
<players><player seat="10" name="knightoasis6" chips="50" dealer="0" win="20" bet="20" muck="1" rebuy="0" addon="0" merge="0" rebuychips="0" reg_code="8384849991"/>
<player seat="3" name="oreiasccp" chips="480" dealer="1" win="0" bet="0" muck="1" rebuy="0" addon="0" merge="0" rebuychips="0" reg_code="8384849986"/>
<player seat="6" name="Skyder19" chips="970" dealer="0" win="0" bet="10" muck="1" rebuy="0" addon="0" merge="0" rebuychips="0" reg_code="8384849989"/>
</players>
</general>
<round no="0"><action no="1" player="Skyder19" type="1" discard="1" dealt="1" sum="10"/>
<action no="2" player="knightoasis6" type="2" discard="1" dealt="1" sum="20"/>
</round>
<round no="1"><cards type="Pocket" player="oreiasccp">H5 S8</cards>
<cards type="Pocket" player="knightoasis6">X X</cards>
<cards type="Pocket" player="Skyder19">X X</cards>
<action no="3" player="oreiasccp" type="0" sum="0"/>
<action no="4" player="Skyder19" type="0" discard="1" dealt="1" sum="0"/>
</round>
</game>
<game gamecode="11514871955"><general><startdate>2025-06-16 09:52:51</startdate>
<round>1</round>
<failsafecounter/>
<players><player seat="3" name="oreiasccp" chips="480" dealer="0" win="0" bet="60" muck="1" rebuy="0" addon="0" merge="0" rebuychips="0" reg_code="8384849986"/>
<player seat="6" name="Skyder19" chips="960" dealer="1" win="0" bet="0" muck="1" rebuy="0" addon="0" merge="0" rebuychips="0" reg_code="8384849989"/>
<player seat="10" name="knightoasis6" chips="60" dealer="0" win="120" bet="60" muck="0" rebuy="0" addon="0" merge="0" rebuychips="0" reg_code="8384849991"/>
</players>
</general>
<round no="0"><action no="1" player="knightoasis6" type="1" discard="1" dealt="1" sum="10"/>
<action no="2" player="oreiasccp" type="2" sum="20"/>
</round>
<round no="1"><cards type="Pocket" player="oreiasccp">D6 H3</cards>
<cards type="Pocket" player="knightoasis6">C8 H8</cards>
<cards type="Pocket" player="Skyder19">X X</cards>
<action no="3" player="Skyder19" type="0" discard="1" dealt="1" sum="0"/>
<action no="4" player="knightoasis6" type="23" discard="1" dealt="1" sum="60"/>
<action no="5" player="oreiasccp" type="3" sum="40"/>
</round>
<round no="2"><cards type="Flop">HA DA DK</cards>
</round>
<round no="3"><cards type="Turn">C9</cards>
</round>
<round no="4"><cards type="River">S2</cards>
</round>
</game>
<game gamecode="11514872012"><general><startdate>2025-06-16 09:53:14</startdate>
<round>1</round>
<failsafecounter/>
<players><player seat="6" name="Skyder19" chips="960" dealer="0" win="0" bet="20" muck="1" rebuy="0" addon="0" merge="0" rebuychips="0" reg_code="8384849989"/>
<player seat="10" name="knightoasis6" chips="120" dealer="1" win="50" bet="120" muck="1" rebuy="0" addon="0" merge="0" rebuychips="0" reg_code="8384849991"/>
<player seat="3" name="oreiasccp" chips="420" dealer="0" win="0" bet="10" muck="1" rebuy="0" addon="0" merge="0" rebuychips="0" reg_code="8384849986"/>
</players>
</general>
<round no="0"><action no="1" player="oreiasccp" type="1" sum="10"/>
<action no="2" player="Skyder19" type="2" discard="1" dealt="1" sum="20"/>
</round>
<round no="1"><cards type="Pocket" player="oreiasccp">C7 DJ</cards>
<cards type="Pocket" player="Skyder19">X X</cards>
<cards type="Pocket" player="knightoasis6">X X</cards>
<action no="3" player="knightoasis6" type="23" discard="1" dealt="1" sum="120"/>
<action no="4" player="oreiasccp" type="0" sum="0"/>
<action no="5" player="Skyder19" type="0" discard="1" dealt="1" sum="0"/>
</round>
</game>
<game gamecode="11514872045"><general><startdate>2025-06-16 09:53:27</startdate>
<round>1</round>
<failsafecounter/>
<players><player seat="10" name="knightoasis6" chips="150" dealer="0" win="305" bet="150" muck="0" rebuy="0" addon="0" merge="0" rebuychips="0" reg_code="8384849991"/>
<player seat="3" name="oreiasccp" chips="410" dealer="1" win="0" bet="5" muck="1" rebuy="0" addon="0" merge="0" rebuychips="0" reg_code="8384849986"/>
<player seat="6" name="Skyder19" chips="940" dealer="0" win="0" bet="940" muck="1" rebuy="0" addon="0" merge="0" rebuychips="0" reg_code="8384849989"/>
</players>
</general>
<round no="0"><action no="1" player="Skyder19" type="15" discard="1" dealt="1" sum="5"/>
<action no="2" player="knightoasis6" type="15" discard="1" dealt="1" sum="5"/>
<action no="3" player="oreiasccp" type="15" sum="5"/>
<action no="4" player="Skyder19" type="1" discard="1" dealt="1" sum="15"/>
<action no="5" player="knightoasis6" type="2" discard="1" dealt="1" sum="30"/>
</round>
<round no="1"><cards type="Pocket" player="oreiasccp">DJ C9</cards>
<cards type="Pocket" player="knightoasis6">H7 S7</cards>
<cards type="Pocket" player="Skyder19">SQ S10</cards>
<action no="6" player="oreiasccp" type="0" sum="0"/>
<action no="7" player="Skyder19" type="23" discard="1" dealt="1" sum="935"/>
<action no="8" player="knightoasis6" type="7" discard="1" dealt="1" sum="115"/>
</round>
<round no="2"><cards type="Flop">CK SA HA</cards>
</round>
<round no="3"><cards type="Turn">H9</cards>
</round>
<round no="4"><cards type="River">H4</cards>
</round>
</game>
<game gamecode="11514872105"><general><startdate>2025-06-16 09:53:47</startdate>
<round>1</round>
<failsafecounter/>
<players><player seat="3" name="oreiasccp" chips="405" dealer="0" win="0" bet="35" muck="1" rebuy="0" addon="0" merge="0" rebuychips="0" reg_code="8384849986"/>
<player seat="6" name="Skyder19" chips="790" dealer="1" win="90" bet="790" muck="1" rebuy="0" addon="0" merge="0" rebuychips="0" reg_code="8384849989"/>
<player seat="10" name="knightoasis6" chips="305" dealer="0" win="0" bet="20" muck="1" rebuy="0" addon="0" merge="0" rebuychips="0" reg_code="8384849991"/>
</players>
</general>
<round no="0"><action no="1" player="knightoasis6" type="15" discard="1" dealt="1" sum="5"/>
<action no="2" player="oreiasccp" type="15" sum="5"/>
<action no="3" player="Skyder19" type="15" discard="1" dealt="1" sum="5"/>
<action no="4" player="knightoasis6" type="1" discard="1" dealt="1" sum="15"/>
<action no="5" player="oreiasccp" type="2" sum="30"/>
</round>
<round no="1"><cards type="Pocket" player="oreiasccp">S2 D6</cards>
<cards type="Pocket" player="Skyder19">X X</cards>
<cards type="Pocket" player="knightoasis6">X X</cards>
<action no="6" player="Skyder19" type="23" discard="1" dealt="1" sum="785"/>
<action no="7" player="knightoasis6" type="0" discard="1" dealt="1" sum="0"/>
<action no="8" player="oreiasccp" type="0" sum="0"/>
</round>
</game>
<game gamecode="11514872151"><general><startdate>2025-06-16 09:54:03</startdate>
<round>1</round>
<failsafecounter/>
<players><player seat="6" name="Skyder19" chips="845" dealer="0" win="0" bet="35" muck="1" rebuy="0" addon="0" merge="0" rebuychips="0" reg_code="8384849989"/>
<player seat="10" name="knightoasis6" chips="285" dealer="1" win="90" bet="285" muck="1" rebuy="0" addon="0" merge="0" rebuychips="0" reg_code="8384849991"/>
<player seat="3" name="oreiasccp" chips="370" dealer="0" win="0" bet="20" muck="1" rebuy="0" addon="0" merge="0" rebuychips="0" reg_code="8384849986"/>
</players>
</general>
<round no="0"><action no="1" player="oreiasccp" type="15" sum="5"/>
<action no="2" player="Skyder19" type="15" discard="1" dealt="1" sum="5"/>
<action no="3" player="knightoasis6" type="15" discard="1" dealt="1" sum="5"/>
<action no="4" player="oreiasccp" type="1" sum="15"/>
<action no="5" player="Skyder19" type="2" discard="1" dealt="1" sum="30"/>
</round>
<round no="1"><cards type="Pocket" player="oreiasccp">S10 C5</cards>
<cards type="Pocket" player="Skyder19">X X</cards>
<cards type="Pocket" player="knightoasis6">X X</cards>
<action no="6" player="knightoasis6" type="23" discard="1" dealt="1" sum="280"/>
<action no="7" player="oreiasccp" type="0" sum="0"/>
<action no="8" player="Skyder19" type="0" discard="1" dealt="1" sum="0"/>
</round>
</game>
<game gamecode="11514872192"><general><startdate>2025-06-16 09:54:15</startdate>
<round>1</round>
<failsafecounter/>
<players><player seat="10" name="knightoasis6" chips="340" dealer="0" win="685" bet="340" muck="0" rebuy="0" addon="0" merge="0" rebuychips="0" reg_code="8384849991"/>
<player seat="3" name="oreiasccp" chips="350" dealer="1" win="0" bet="5" muck="1" rebuy="0" addon="0" merge="0" rebuychips="0" reg_code="8384849986"/>
<player seat="6" name="Skyder19" chips="810" dealer="0" win="0" bet="810" muck="1" rebuy="0" addon="0" merge="0" rebuychips="0" reg_code="8384849989"/>
</players>
</general>
<round no="0"><action no="1" player="Skyder19" type="15" discard="1" dealt="1" sum="5"/>
<action no="2" player="knightoasis6" type="15" discard="1" dealt="1" sum="5"/>
<action no="3" player="oreiasccp" type="15" sum="5"/>
<action no="4" player="Skyder19" type="1" discard="1" dealt="1" sum="15"/>
<action no="5" player="knightoasis6" type="2" discard="1" dealt="1" sum="30"/>
</round>
<round no="1"><cards type="Pocket" player="oreiasccp">H8 C10</cards>
<cards type="Pocket" player="knightoasis6">S8 HA</cards>
<cards type="Pocket" player="Skyder19">SJ DK</cards>
<action no="6" player="oreiasccp" type="0" sum="0"/>
<action no="7" player="Skyder19" type="23" discard="1" dealt="1" sum="805"/>
<action no="8" player="knightoasis6" type="7" discard="1" dealt="1" sum="305"/>
</round>
<round no="2"><cards type="Flop">S2 D9 DA</cards>
</round>
<round no="3"><cards type="Turn">C4</cards>
</round>
<round no="4"><cards type="River">H6</cards>
</round>
</game>
<game gamecode="11514872262"><general><startdate>2025-06-16 09:54:43</startdate>
<round>1</round>
<failsafecounter/>
<players><player seat="3" name="oreiasccp" chips="345" dealer="0" win="0" bet="35" muck="1" rebuy="0" addon="0" merge="0" rebuychips="0" reg_code="8384849986"/>
<player seat="6" name="Skyder19" chips="470" dealer="1" win="0" bet="5" muck="1" rebuy="0" addon="0" merge="0" rebuychips="0" reg_code="8384849989"/>
<player seat="10" name="knightoasis6" chips="685" dealer="0" win="75" bet="685" muck="1" rebuy="0" addon="0" merge="0" rebuychips="0" reg_code="8384849991"/>
</players>
</general>
<round no="0"><action no="1" player="knightoasis6" type="15" discard="1" dealt="1" sum="5"/>
<action no="2" player="oreiasccp" type="15" sum="5"/>
<action no="3" player="Skyder19" type="15" discard="1" dealt="1" sum="5"/>
<action no="4" player="knightoasis6" type="1" discard="1" dealt="1" sum="15"/>
<action no="5" player="oreiasccp" type="2" sum="30"/>
</round>
<round no="1"><cards type="Pocket" player="Skyder19">X X</cards>
<cards type="Pocket" player="oreiasccp">C10 H8</cards>
<cards type="Pocket" player="knightoasis6">X X</cards>
<action no="6" player="Skyder19" type="0" discard="1" dealt="1" sum="0"/>
<action no="7" player="knightoasis6" type="23" discard="1" dealt="1" sum="680"/>
<action no="8" player="oreiasccp" type="0" sum="0"/>
</round>
</game>
<game gamecode="11514872294"><general><startdate>2025-06-16 09:54:53</startdate>
<round>1</round>
<failsafecounter/>
<players><player seat="6" name="Skyder19" chips="465" dealer="0" win="0" bet="35" muck="1" rebuy="0" addon="0" merge="0" rebuychips="0" reg_code="8384849989"/>
<player seat="10" name="knightoasis6" chips="725" dealer="1" win="90" bet="725" muck="1" rebuy="0" addon="0" merge="0" rebuychips="0" reg_code="8384849991"/>
<player seat="3" name="oreiasccp" chips="310" dealer="0" win="0" bet="20" muck="1" rebuy="0" addon="0" merge="0" rebuychips="0" reg_code="8384849986"/>
</players>
</general>
<round no="0"><action no="1" player="oreiasccp" type="15" sum="5"/>
<action no="2" player="Skyder19" type="15" discard="1" dealt="1" sum="5"/>
<action no="3" player="knightoasis6" type="15" discard="1" dealt="1" sum="5"/>
<action no="4" player="oreiasccp" type="1" sum="15"/>
<action no="5" player="Skyder19" type="2" discard="1" dealt="1" sum="30"/>
</round>
<round no="1"><cards type="Pocket" player="oreiasccp">C9 H5</cards>
<cards type="Pocket" player="Skyder19">X X</cards>
<cards type="Pocket" player="knightoasis6">X X</cards>
<action no="6" player="knightoasis6" type="23" discard="1" dealt="1" sum="720"/>
<action no="7" player="oreiasccp" type="0" sum="0"/>
<action no="8" player="Skyder19" type="0" discard="1" dealt="1" sum="0"/>
</round>
</game>
<game gamecode="11514872329"><general><startdate>2025-06-16 09:55:04</startdate>
<round>1</round>
<failsafecounter/>
<players><player seat="10" name="knightoasis6" chips="780" dealer="0" win="0" bet="35" muck="1" rebuy="0" addon="0" merge="0" rebuychips="0" reg_code="8384849991"/>
<player seat="3" name="oreiasccp" chips="290" dealer="1" win="0" bet="5" muck="1" rebuy="0" addon="0" merge="0" rebuychips="0" reg_code="8384849986"/>
<player seat="6" name="Skyder19" chips="430" dealer="0" win="75" bet="80" muck="1" rebuy="0" addon="0" merge="0" rebuychips="0" reg_code="8384849989"/>
</players>
</general>
<round no="0"><action no="1" player="Skyder19" type="15" discard="1" dealt="1" sum="5"/>
<action no="2" player="knightoasis6" type="15" discard="1" dealt="1" sum="5"/>
<action no="3" player="oreiasccp" type="15" sum="5"/>
<action no="4" player="Skyder19" type="1" discard="1" dealt="1" sum="15"/>
<action no="5" player="knightoasis6" type="2" discard="1" dealt="1" sum="30"/>
</round>
<round no="1"><cards type="Pocket" player="Skyder19">X X</cards>
<cards type="Pocket" player="knightoasis6">X X</cards>
<cards type="Pocket" player="oreiasccp">H3 D7</cards>
<action no="6" player="oreiasccp" type="0" sum="0"/>
<action no="7" player="Skyder19" type="23" discard="1" dealt="1" sum="75"/>
<action no="8" player="knightoasis6" type="0" discard="1" dealt="1" sum="0"/>
</round>
</game>
<game gamecode="11514876243"><general><startdate>2025-06-16 09:55:24</startdate>
<round>1</round>
<failsafecounter/>
<players><player seat="3" name="oreiasccp" chips="285" dealer="0" win="0" bet="45" muck="1" rebuy="0" addon="0" merge="0" rebuychips="0" reg_code="8384849986"/>
<player seat="6" name="Skyder19" chips="470" dealer="1" win="115" bet="470" muck="1" rebuy="0" addon="0" merge="0" rebuychips="0" reg_code="8384849989"/>
<player seat="10" name="knightoasis6" chips="745" dealer="0" win="0" bet="25" muck="1" rebuy="0" addon="0" merge="0" rebuychips="0" reg_code="8384849991"/>
</players>
</general>
<round no="0"><action no="1" player="knightoasis6" type="15" discard="1" dealt="1" sum="5"/>
<action no="2" player="oreiasccp" type="15" sum="5"/>
<action no="3" player="Skyder19" type="15" discard="1" dealt="1" sum="5"/>
<action no="4" player="knightoasis6" type="1" discard="1" dealt="1" sum="20"/>
<action no="5" player="oreiasccp" type="2" sum="40"/>
</round>
<round no="1"><cards type="Pocket" player="Skyder19">X X</cards>
<cards type="Pocket" player="oreiasccp">SK H5</cards>
<cards type="Pocket" player="knightoasis6">X X</cards>
<action no="6" player="Skyder19" type="23" discard="1" dealt="1" sum="465"/>
<action no="7" player="knightoasis6" type="0" discard="1" dealt="1" sum="0"/>
<action no="8" player="oreiasccp" type="0" sum="0"/>
</round>
</game>
<game gamecode="11514876281"><general><startdate>2025-06-16 09:55:37</startdate>
<round>1</round>
<failsafecounter/>
<players><player seat="6" name="Skyder19" chips="540" dealer="0" win="0" bet="45" muck="1" rebuy="0" addon="0" merge="0" rebuychips="0" reg_code="8384849989"/>
<player seat="10" name="knightoasis6" chips="720" dealer="1" win="0" bet="5" muck="1" rebuy="0" addon="0" merge="0" rebuychips="0" reg_code="8384849991"/>
<player seat="3" name="oreiasccp" chips="240" dealer="0" win="95" bet="240" muck="1" rebuy="0" addon="0" merge="0" rebuychips="0" reg_code="8384849986"/>
</players>
</general>
<round no="0"><action no="1" player="oreiasccp" type="15" sum="5"/>
<action no="2" player="Skyder19" type="15" discard="1" dealt="1" sum="5"/>
<action no="3" player="knightoasis6" type="15" discard="1" dealt="1" sum="5"/>
<action no="4" player="oreiasccp" type="1" sum="20"/>
<action no="5" player="Skyder19" type="2" discard="1" dealt="1" sum="40"/>
</round>
<round no="1"><cards type="Pocket" player="knightoasis6">X X</cards>
<cards type="Pocket" player="Skyder19">X X</cards>
<cards type="Pocket" player="oreiasccp">SA D10</cards>
<action no="6" player="knightoasis6" type="0" discard="1" dealt="1" sum="0"/>
<action no="7" player="oreiasccp" type="23" sum="235"/>
<action no="8" player="Skyder19" type="0" discard="1" dealt="1" sum="0"/>
</round>
</game>
<game gamecode="11514876321"><general><startdate>2025-06-16 09:55:51</startdate>
<round>1</round>
<failsafecounter/>
<players><player seat="10" name="knightoasis6" chips="715" dealer="0" win="0" bet="495" muck="1" rebuy="0" addon="0" merge="0" rebuychips="0" reg_code="8384849991"/>
<player seat="3" name="oreiasccp" chips="290" dealer="1" win="0" bet="5" muck="1" rebuy="0" addon="0" merge="0" rebuychips="0" reg_code="8384849986"/>
<player seat="6" name="Skyder19" chips="495" dealer="0" win="995" bet="495" muck="0" rebuy="0" addon="0" merge="0" rebuychips="0" reg_code="8384849989"/>
</players>
</general>
<round no="0"><action no="1" player="Skyder19" type="15" discard="1" dealt="1" sum="5"/>
<action no="2" player="knightoasis6" type="15" discard="1" dealt="1" sum="5"/>
<action no="3" player="oreiasccp" type="15" sum="5"/>
<action no="4" player="Skyder19" type="1" discard="1" dealt="1" sum="20"/>
<action no="5" player="knightoasis6" type="2" discard="1" dealt="1" sum="40"/>
</round>
<round no="1"><cards type="Pocket" player="Skyder19">CA DJ</cards>
<cards type="Pocket" player="oreiasccp">S4 D7</cards>
<cards type="Pocket" player="knightoasis6">C9 H9</cards>
<action no="6" player="oreiasccp" type="0" sum="0"/>
<action no="7" player="Skyder19" type="23" discard="1" dealt="1" sum="490"/>
<action no="8" player="knightoasis6" type="3" discard="1" dealt="1" sum="450"/>
</round>
<round no="2"><cards type="Flop">S2 HA SK</cards>
</round>
<round no="3"><cards type="Turn">C6</cards>
</round>
<round no="4"><cards type="River">CQ</cards>
</round>
</game>
<game gamecode="11514876375"><general><startdate>2025-06-16 09:56:09</startdate>
<round>1</round>
<failsafecounter/>
<players><player seat="3" name="oreiasccp" chips="285" dealer="0" win="0" bet="45" muck="1" rebuy="0" addon="0" merge="0" rebuychips="0" reg_code="8384849986"/>
<player seat="6" name="Skyder19" chips="995" dealer="1" win="0" bet="5" muck="1" rebuy="0" addon="0" merge="0" rebuychips="0" reg_code="8384849989"/>
<player seat="10" name="knightoasis6" chips="220" dealer="0" win="95" bet="220" muck="1" rebuy="0" addon="0" merge="0" rebuychips="0" reg_code="8384849991"/>
</players>
</general>
<round no="0"><action no="1" player="knightoasis6" type="15" discard="1" dealt="1" sum="5"/>
<action no="2" player="oreiasccp" type="15" sum="5"/>
<action no="3" player="Skyder19" type="15" discard="1" dealt="1" sum="5"/>
<action no="4" player="knightoasis6" type="1" discard="1" dealt="1" sum="20"/>
<action no="5" player="oreiasccp" type="2" sum="40"/>
</round>
<round no="1"><cards type="Pocket" player="oreiasccp">SQ C2</cards>
<cards type="Pocket" player="Skyder19">X X</cards>
<cards type="Pocket" player="knightoasis6">X X</cards>
<action no="6" player="Skyder19" type="0" discard="1" dealt="1" sum="0"/>
<action no="7" player="knightoasis6" type="23" discard="1" dealt="1" sum="215"/>
<action no="8" player="oreiasccp" type="0" sum="0"/>
</round>
</game>
<game gamecode="11514876418"><general><startdate>2025-06-16 09:56:23</startdate>
<round>1</round>
<failsafecounter/>
<players><player seat="6" name="Skyder19" chips="990" dealer="0" win="565" bet="270" muck="0" rebuy="0" addon="0" merge="0" rebuychips="0" reg_code="8384849989"/>
<player seat="10" name="knightoasis6" chips="270" dealer="1" win="0" bet="270" muck="0" rebuy="0" addon="0" merge="0" rebuychips="0" reg_code="8384849991"/>
<player seat="3" name="oreiasccp" chips="240" dealer="0" win="0" bet="25" muck="1" rebuy="0" addon="0" merge="0" rebuychips="0" reg_code="8384849986"/>
</players>
</general>
<round no="0"><action no="1" player="oreiasccp" type="15" sum="5"/>
<action no="2" player="Skyder19" type="15" discard="1" dealt="1" sum="5"/>
<action no="3" player="knightoasis6" type="15" discard="1" dealt="1" sum="5"/>
<action no="4" player="oreiasccp" type="1" sum="20"/>
<action no="5" player="Skyder19" type="2" discard="1" dealt="1" sum="40"/>
</round>
<round no="1"><cards type="Pocket" player="oreiasccp">DK C3</cards>
<cards type="Pocket" player="Skyder19">HA SK</cards>
<cards type="Pocket" player="knightoasis6">SQ S6</cards>
<action no="6" player="knightoasis6" type="23" discard="1" dealt="1" sum="265"/>
<action no="7" player="oreiasccp" type="0" sum="0"/>
<action no="8" player="Skyder19" type="3" discard="1" dealt="1" sum="225"/>
</round>
<round no="2"><cards type="Flop">HQ SA H5</cards>
</round>
<round no="3"><cards type="Turn">DJ</cards>
</round>
<round no="4"><cards type="River">CJ</cards>
</round>
</game>
<game gamecode="11514876495"><general><startdate>2025-06-16 09:56:46</startdate>
<round>1</round>
<failsafecounter/>
<players><player seat="6" name="Skyder19" chips="1,285" dealer="0" win="50" bet="45" muck="1" rebuy="0" addon="0" merge="0" rebuychips="0" reg_code="8384849989"/>
<player seat="3" name="oreiasccp" chips="215" dealer="1" win="0" bet="25" muck="1" rebuy="0" addon="0" merge="0" rebuychips="0" reg_code="8384849986"/>
</players>
</general>
<round no="0"><action no="1" player="oreiasccp" type="15" sum="5"/>
<action no="2" player="Skyder19" type="15" discard="1" dealt="1" sum="5"/>
<action no="3" player="oreiasccp" type="1" sum="20"/>
<action no="4" player="Skyder19" type="2" discard="1" dealt="1" sum="40"/>
</round>
<round no="1"><cards type="Pocket" player="Skyder19">X X</cards>
<cards type="Pocket" player="oreiasccp">C7 H5</cards>
<action no="5" player="oreiasccp" type="0" sum="0"/>
</round>
</game>
<game gamecode="11514876514"><general><startdate>2025-06-16 09:56:54</startdate>
<round>1</round>
<failsafecounter/>
<players><player seat="3" name="oreiasccp" chips="190" dealer="0" win="190" bet="190" muck="0" rebuy="0" addon="0" merge="0" rebuychips="0" reg_code="8384849986"/>
<player seat="6" name="Skyder19" chips="1,310" dealer="1" win="190" bet="1,310" muck="0" rebuy="0" addon="0" merge="0" rebuychips="0" reg_code="8384849989"/>
</players>
</general>
<round no="0"><action no="1" player="Skyder19" type="15" discard="1" dealt="1" sum="5"/>
<action no="2" player="oreiasccp" type="15" sum="5"/>
<action no="3" player="Skyder19" type="1" discard="1" dealt="1" sum="20"/>
<action no="4" player="oreiasccp" type="2" sum="40"/>
</round>
<round no="1"><cards type="Pocket" player="oreiasccp">S8 SQ</cards>
<cards type="Pocket" player="Skyder19">DQ SJ</cards>
<action no="5" player="Skyder19" type="23" discard="1" dealt="1" sum="1,305"/>
<action no="6" player="oreiasccp" type="7" sum="145"/>
</round>
<round no="2"><cards type="Flop">C5 H5 H7</cards>
</round>
<round no="3"><cards type="Turn">D3</cards>
</round>
<round no="4"><cards type="River">C3</cards>
</round>
</game>
<game gamecode="11514876571"><general><startdate>2025-06-16 09:57:13</startdate>
<round>1</round>
<failsafecounter/>
<players><player seat="6" name="Skyder19" chips="1,310" dealer="0" win="0" bet="45" muck="1" rebuy="0" addon="0" merge="0" rebuychips="0" reg_code="8384849989"/>
<player seat="3" name="oreiasccp" chips="190" dealer="1" win="90" bet="190" muck="1" rebuy="0" addon="0" merge="0" rebuychips="0" reg_code="8384849986"/>
</players>
</general>
<round no="0"><action no="1" player="oreiasccp" type="15" sum="5"/>
<action no="2" player="Skyder19" type="15" discard="1" dealt="1" sum="5"/>
<action no="3" player="oreiasccp" type="1" sum="20"/>
<action no="4" player="Skyder19" type="2" discard="1" dealt="1" sum="40"/>
</round>
<round no="1"><cards type="Pocket" player="oreiasccp">D10 CQ</cards>
<cards type="Pocket" player="Skyder19">X X</cards>
<action no="5" player="oreiasccp" type="23" sum="185"/>
<action no="6" player="Skyder19" type="0" discard="1" dealt="1" sum="0"/>
</round>
</game>
<game gamecode="11514876589"><general><startdate>2025-06-16 09:57:19</startdate>
<round>1</round>
<failsafecounter/>
<players><player seat="3" name="oreiasccp" chips="235" dealer="0" win="0" bet="235" muck="0" rebuy="0" addon="0" merge="0" rebuychips="0" reg_code="8384849986"/>
<player seat="6" name="Skyder19" chips="1,265" dealer="1" win="470" bet="1,265" muck="0" rebuy="0" addon="0" merge="0" rebuychips="0" reg_code="8384849989"/>
</players>
</general>
<round no="0"><action no="1" player="Skyder19" type="15" discard="1" dealt="1" sum="5"/>
<action no="2" player="oreiasccp" type="15" sum="5"/>
<action no="3" player="Skyder19" type="1" discard="1" dealt="1" sum="30"/>
<action no="4" player="oreiasccp" type="2" sum="60"/>
</round>
<round no="1"><cards type="Pocket" player="oreiasccp">CJ H8</cards>
<cards type="Pocket" player="Skyder19">HA H10</cards>
<action no="5" player="Skyder19" type="23" discard="1" dealt="1" sum="1,260"/>
<action no="6" player="oreiasccp" type="7" sum="170"/>
</round>
<round no="2"><cards type="Flop">CA D4 CQ</cards>
</round>
<round no="3"><cards type="Turn">H4</cards>
</round>
<round no="4"><cards type="River">C9</cards>
</round>
</game>
</session>
