<?xml version="1.0" encoding="UTF-8"?>
<session sessioncode="8384826616">
<general>
<client_version>24.7.1.16</client_version>
<mode>real</mode>
<gametype>Holdem NL</gametype>
<tablename>Twister €5 SNG, 1127561674</tablename>
<tournamentcode>1127561673</tournamentcode>
<tournamentname>Twister €5 SNG</tournamentname>
<buyin>€0 + €0.35 + €4.65</buyin>
<totalbuyin>€5</totalbuyin>
<rewarddrawn>€10</rewarddrawn>
<tournamentcurrency>EUR</tournamentcurrency>
<currency>EUR</currency>
<nickname>oreiasccp</nickname>
<gamecount>1</gamecount>
<startdate>2025-06-16 07:49:58</startdate>
<place>3</place>
<win>€0</win>
<tablesize>3</tablesize>
</general>
<game gamecode="11514795920"><general><startdate>2025-06-16 07:50:13</startdate>
<round>1</round>
<failsafecounter/>
<players><player seat="6" name="oreiasccp" chips="500" dealer="0" win="0" bet="500" muck="1" rebuy="0" addon="0" merge="0" rebuychips="0" reg_code="8384826616"/>
<player seat="10" name="jokertough735" chips="500" dealer="1" win="0" bet="0" muck="1" rebuy="0" addon="0" merge="0" rebuychips="0" reg_code="8384826622"/>
<player seat="3" name="jowie2" chips="500" dealer="0" win="1,000" bet="500" muck="0" rebuy="0" addon="0" merge="0" rebuychips="0" reg_code="8384826591"/>
</players>
</general>
<round no="0"><action no="1" player="jowie2" type="1" discard="1" dealt="1" sum="10"/>
<action no="2" player="oreiasccp" type="2" sum="20"/>
</round>
<round no="1"><cards type="Pocket" player="oreiasccp">H2 S2</cards>
<cards type="Pocket" player="jowie2">DQ SQ</cards>
<cards type="Pocket" player="jokertough735">X X</cards>
<action no="3" player="jokertough735" type="0" discard="1" dealt="1" sum="0"/>
<action no="4" player="jowie2" type="23" discard="1" dealt="1" sum="60"/>
<action no="5" player="oreiasccp" type="23" sum="500"/>
<action no="6" player="jowie2" type="7" discard="1" dealt="1" sum="440"/>
</round>
<round no="2"><cards type="Flop">D9 H9 H6</cards>
</round>
<round no="3"><cards type="Turn">C6</cards>
</round>
<round no="4"><cards type="River">CQ</cards>
</round>
</game>
</session>
