<?xml version="1.0" encoding="UTF-8"?>
<session sessioncode="8384891742">
<general>
<client_version>24.7.1.16</client_version>
<mode>real</mode>
<gametype>Holdem NL</gametype>
<tablename>Twister €5 SNG, 1127572523</tablename>
<tournamentcode>1127572522</tournamentcode>
<tournamentname>Twister €5 SNG</tournamentname>
<buyin>€0 + €0.35 + €4.65</buyin>
<totalbuyin>€5</totalbuyin>
<rewarddrawn>€10</rewarddrawn>
<tournamentcurrency>EUR</tournamentcurrency>
<currency>EUR</currency>
<nickname>oreiasccp</nickname>
<gamecount>20</gamecount>
<startdate>2025-06-16 12:08:28</startdate>
<place>1</place>
<win>€10</win>
<tablesize>3</tablesize>
</general>
<game gamecode="11514981209"><general><startdate>2025-06-16 12:08:43</startdate>
<round>1</round>
<failsafecounter/>
<players><player seat="6" name="d0nsamag0n" chips="500" dealer="0" win="0" bet="40" muck="1" rebuy="0" addon="0" merge="0" rebuychips="0" reg_code="8384891751"/>
<player seat="10" name="ALLYY71" chips="500" dealer="1" win="0" bet="0" muck="1" rebuy="0" addon="0" merge="0" rebuychips="0" reg_code="8384891763"/>
<player seat="3" name="oreiasccp" chips="500" dealer="0" win="80" bet="60" muck="1" rebuy="0" addon="0" merge="0" rebuychips="0" reg_code="8384891742"/>
</players>
</general>
<round no="0"><action no="1" player="oreiasccp" type="1" sum="10"/>
<action no="2" player="d0nsamag0n" type="2" discard="1" dealt="1" sum="20"/>
</round>
<round no="1"><cards type="Pocket" player="d0nsamag0n">X X</cards>
<cards type="Pocket" player="ALLYY71">X X</cards>
<cards type="Pocket" player="oreiasccp">D6 C5</cards>
<action no="3" player="ALLYY71" type="0" discard="1" dealt="1" sum="0"/>
<action no="4" player="oreiasccp" type="23" sum="40"/>
<action no="5" player="d0nsamag0n" type="3" discard="1" dealt="1" sum="20"/>
</round>
<round no="2"><cards type="Flop">DA SK S7</cards>
<action no="6" player="oreiasccp" type="5" sum="20"/>
<action no="7" player="d0nsamag0n" type="0" discard="1" dealt="1" sum="0"/>
</round>
</game>
<game gamecode="11514981290"><general><startdate>2025-06-16 12:09:04</startdate>
<round>1</round>
<failsafecounter/>
<players><player seat="10" name="ALLYY71" chips="500" dealer="0" win="0" bet="20" muck="1" rebuy="0" addon="0" merge="0" rebuychips="0" reg_code="8384891763"/>
<player seat="3" name="oreiasccp" chips="540" dealer="1" win="50" bet="40" muck="1" rebuy="0" addon="0" merge="0" rebuychips="0" reg_code="8384891742"/>
<player seat="6" name="d0nsamag0n" chips="460" dealer="0" win="0" bet="10" muck="1" rebuy="0" addon="0" merge="0" rebuychips="0" reg_code="8384891751"/>
</players>
</general>
<round no="0"><action no="1" player="d0nsamag0n" type="1" discard="1" dealt="1" sum="10"/>
<action no="2" player="ALLYY71" type="2" discard="1" dealt="1" sum="20"/>
</round>
<round no="1"><cards type="Pocket" player="ALLYY71">X X</cards>
<cards type="Pocket" player="oreiasccp">H10 CK</cards>
<cards type="Pocket" player="d0nsamag0n">X X</cards>
<action no="3" player="oreiasccp" type="23" sum="40"/>
<action no="4" player="d0nsamag0n" type="0" discard="1" dealt="1" sum="0"/>
<action no="5" player="ALLYY71" type="0" discard="1" dealt="1" sum="0"/>
</round>
</game>
<game gamecode="11514981322"><general><startdate>2025-06-16 12:09:14</startdate>
<round>1</round>
<failsafecounter/>
<players><player seat="3" name="oreiasccp" chips="570" dealer="0" win="0" bet="20" muck="1" rebuy="0" addon="0" merge="0" rebuychips="0" reg_code="8384891742"/>
<player seat="6" name="d0nsamag0n" chips="450" dealer="1" win="0" bet="0" muck="1" rebuy="0" addon="0" merge="0" rebuychips="0" reg_code="8384891751"/>
<player seat="10" name="ALLYY71" chips="480" dealer="0" win="40" bet="160" muck="1" rebuy="0" addon="0" merge="0" rebuychips="0" reg_code="8384891763"/>
</players>
</general>
<round no="0"><action no="1" player="ALLYY71" type="1" discard="1" dealt="1" sum="10"/>
<action no="2" player="oreiasccp" type="2" sum="20"/>
</round>
<round no="1"><cards type="Pocket" player="d0nsamag0n">X X</cards>
<cards type="Pocket" player="oreiasccp">C5 D8</cards>
<cards type="Pocket" player="ALLYY71">X X</cards>
<action no="3" player="d0nsamag0n" type="0" discard="1" dealt="1" sum="0"/>
<action no="4" player="ALLYY71" type="3" discard="1" dealt="1" sum="10"/>
<action no="5" player="oreiasccp" type="4" sum="0"/>
</round>
<round no="2"><cards type="Flop">S7 D3 D9</cards>
<action no="6" player="ALLYY71" type="4" discard="1" dealt="1" sum="0"/>
<action no="7" player="oreiasccp" type="4" sum="0"/>
</round>
<round no="3"><cards type="Turn">SA</cards>
<action no="8" player="ALLYY71" type="4" discard="1" dealt="1" sum="0"/>
<action no="9" player="oreiasccp" type="4" sum="0"/>
</round>
<round no="4"><cards type="River">D4</cards>
<action no="10" player="ALLYY71" type="5" discard="1" dealt="1" sum="140"/>
<action no="11" player="oreiasccp" type="0" sum="0"/>
</round>
</game>
<game gamecode="11514988420"><general><startdate>2025-06-16 12:09:40</startdate>
<round>1</round>
<failsafecounter/>
<players><player seat="6" name="d0nsamag0n" chips="450" dealer="0" win="20" bet="20" muck="1" rebuy="0" addon="0" merge="0" rebuychips="0" reg_code="8384891751"/>
<player seat="10" name="ALLYY71" chips="500" dealer="1" win="0" bet="0" muck="1" rebuy="0" addon="0" merge="0" rebuychips="0" reg_code="8384891763"/>
<player seat="3" name="oreiasccp" chips="550" dealer="0" win="0" bet="10" muck="1" rebuy="0" addon="0" merge="0" rebuychips="0" reg_code="8384891742"/>
</players>
</general>
<round no="0"><action no="1" player="oreiasccp" type="1" sum="10"/>
<action no="2" player="d0nsamag0n" type="2" discard="1" dealt="1" sum="20"/>
</round>
<round no="1"><cards type="Pocket" player="oreiasccp">D5 S9</cards>
<cards type="Pocket" player="ALLYY71">X X</cards>
<cards type="Pocket" player="d0nsamag0n">X X</cards>
<action no="3" player="ALLYY71" type="0" discard="1" dealt="1" sum="0"/>
<action no="4" player="oreiasccp" type="0" sum="0"/>
</round>
</game>
<game gamecode="11514988442"><general><startdate>2025-06-16 12:09:46</startdate>
<round>1</round>
<failsafecounter/>
<players><player seat="10" name="ALLYY71" chips="500" dealer="0" win="20" bet="20" muck="1" rebuy="0" addon="0" merge="0" rebuychips="0" reg_code="8384891763"/>
<player seat="3" name="oreiasccp" chips="540" dealer="1" win="0" bet="0" muck="1" rebuy="0" addon="0" merge="0" rebuychips="0" reg_code="8384891742"/>
<player seat="6" name="d0nsamag0n" chips="460" dealer="0" win="0" bet="10" muck="1" rebuy="0" addon="0" merge="0" rebuychips="0" reg_code="8384891751"/>
</players>
</general>
<round no="0"><action no="1" player="d0nsamag0n" type="1" discard="1" dealt="1" sum="10"/>
<action no="2" player="ALLYY71" type="2" discard="1" dealt="1" sum="20"/>
</round>
<round no="1"><cards type="Pocket" player="oreiasccp">CQ D6</cards>
<cards type="Pocket" player="ALLYY71">X X</cards>
<cards type="Pocket" player="d0nsamag0n">X X</cards>
<action no="3" player="oreiasccp" type="0" sum="0"/>
<action no="4" player="d0nsamag0n" type="0" discard="1" dealt="1" sum="0"/>
</round>
</game>
<game gamecode="11514988495"><general><startdate>2025-06-16 12:10:01</startdate>
<round>1</round>
<failsafecounter/>
<players><player seat="3" name="oreiasccp" chips="540" dealer="0" win="80" bet="40" muck="0" rebuy="0" addon="0" merge="0" rebuychips="0" reg_code="8384891742"/>
<player seat="6" name="d0nsamag0n" chips="450" dealer="1" win="0" bet="0" muck="1" rebuy="0" addon="0" merge="0" rebuychips="0" reg_code="8384891751"/>
<player seat="10" name="ALLYY71" chips="510" dealer="0" win="0" bet="40" muck="1" rebuy="0" addon="0" merge="0" rebuychips="0" reg_code="8384891763"/>
</players>
</general>
<round no="0"><action no="1" player="ALLYY71" type="1" discard="1" dealt="1" sum="10"/>
<action no="2" player="oreiasccp" type="2" sum="20"/>
</round>
<round no="1"><cards type="Pocket" player="oreiasccp">S9 D6</cards>
<cards type="Pocket" player="ALLYY71">HJ D10</cards>
<cards type="Pocket" player="d0nsamag0n">X X</cards>
<action no="3" player="d0nsamag0n" type="0" discard="1" dealt="1" sum="0"/>
<action no="4" player="ALLYY71" type="3" discard="1" dealt="1" sum="10"/>
<action no="5" player="oreiasccp" type="4" sum="0"/>
</round>
<round no="2"><cards type="Flop">S7 S6 D8</cards>
<action no="6" player="ALLYY71" type="4" discard="1" dealt="1" sum="0"/>
<action no="7" player="oreiasccp" type="4" sum="0"/>
</round>
<round no="3"><cards type="Turn">S8</cards>
<action no="8" player="ALLYY71" type="4" discard="1" dealt="1" sum="0"/>
<action no="9" player="oreiasccp" type="5" sum="20"/>
<action no="10" player="ALLYY71" type="3" discard="1" dealt="1" sum="20"/>
</round>
<round no="4"><cards type="River">CQ</cards>
<action no="11" player="ALLYY71" type="4" discard="1" dealt="1" sum="0"/>
<action no="12" player="oreiasccp" type="4" sum="0"/>
</round>
</game>
<game gamecode="11514988601"><general><startdate>2025-06-16 12:10:33</startdate>
<round>1</round>
<failsafecounter/>
<players><player seat="6" name="d0nsamag0n" chips="450" dealer="0" win="0" bet="20" muck="1" rebuy="0" addon="0" merge="0" rebuychips="0" reg_code="8384891751"/>
<player seat="10" name="ALLYY71" chips="470" dealer="1" win="0" bet="20" muck="1" rebuy="0" addon="0" merge="0" rebuychips="0" reg_code="8384891763"/>
<player seat="3" name="oreiasccp" chips="580" dealer="0" win="60" bet="120" muck="1" rebuy="0" addon="0" merge="0" rebuychips="0" reg_code="8384891742"/>
</players>
</general>
<round no="0"><action no="1" player="oreiasccp" type="1" sum="10"/>
<action no="2" player="d0nsamag0n" type="2" discard="1" dealt="1" sum="20"/>
</round>
<round no="1"><cards type="Pocket" player="oreiasccp">DK DA</cards>
<cards type="Pocket" player="ALLYY71">X X</cards>
<cards type="Pocket" player="d0nsamag0n">X X</cards>
<action no="3" player="ALLYY71" type="3" discard="1" dealt="1" sum="20"/>
<action no="4" player="oreiasccp" type="23" sum="120"/>
<action no="5" player="d0nsamag0n" type="0" discard="1" dealt="1" sum="0"/>
<action no="6" player="ALLYY71" type="0" discard="1" dealt="1" sum="0"/>
</round>
</game>
<game gamecode="11514988645"><general><startdate>2025-06-16 12:10:46</startdate>
<round>1</round>
<failsafecounter/>
<players><player seat="10" name="ALLYY71" chips="450" dealer="0" win="45" bet="35" muck="1" rebuy="0" addon="0" merge="0" rebuychips="0" reg_code="8384891763"/>
<player seat="3" name="oreiasccp" chips="620" dealer="1" win="0" bet="5" muck="1" rebuy="0" addon="0" merge="0" rebuychips="0" reg_code="8384891742"/>
<player seat="6" name="d0nsamag0n" chips="430" dealer="0" win="0" bet="20" muck="1" rebuy="0" addon="0" merge="0" rebuychips="0" reg_code="8384891751"/>
</players>
</general>
<round no="0"><action no="1" player="d0nsamag0n" type="15" discard="1" dealt="1" sum="5"/>
<action no="2" player="ALLYY71" type="15" discard="1" dealt="1" sum="5"/>
<action no="3" player="oreiasccp" type="15" sum="5"/>
<action no="4" player="d0nsamag0n" type="1" discard="1" dealt="1" sum="15"/>
<action no="5" player="ALLYY71" type="2" discard="1" dealt="1" sum="30"/>
</round>
<round no="1"><cards type="Pocket" player="d0nsamag0n">X X</cards>
<cards type="Pocket" player="ALLYY71">X X</cards>
<cards type="Pocket" player="oreiasccp">C3 H5</cards>
<action no="6" player="oreiasccp" type="0" sum="0"/>
<action no="7" player="d0nsamag0n" type="0" discard="1" dealt="1" sum="0"/>
</round>
</game>
<game gamecode="11514988684"><general><startdate>2025-06-16 12:10:56</startdate>
<round>1</round>
<failsafecounter/>
<players><player seat="3" name="oreiasccp" chips="615" dealer="0" win="0" bet="259" muck="1" rebuy="0" addon="0" merge="0" rebuychips="0" reg_code="8384891742"/>
<player seat="6" name="d0nsamag0n" chips="410" dealer="1" win="0" bet="5" muck="1" rebuy="0" addon="0" merge="0" rebuychips="0" reg_code="8384891751"/>
<player seat="10" name="ALLYY71" chips="475" dealer="0" win="523" bet="259" muck="0" rebuy="0" addon="0" merge="0" rebuychips="0" reg_code="8384891763"/>
</players>
</general>
<round no="0"><action no="1" player="ALLYY71" type="15" discard="1" dealt="1" sum="5"/>
<action no="2" player="oreiasccp" type="15" sum="5"/>
<action no="3" player="d0nsamag0n" type="15" discard="1" dealt="1" sum="5"/>
<action no="4" player="ALLYY71" type="1" discard="1" dealt="1" sum="15"/>
<action no="5" player="oreiasccp" type="2" sum="30"/>
</round>
<round no="1"><cards type="Pocket" player="d0nsamag0n">X X</cards>
<cards type="Pocket" player="oreiasccp">S5 CQ</cards>
<cards type="Pocket" player="ALLYY71">D3 HK</cards>
<action no="6" player="d0nsamag0n" type="0" discard="1" dealt="1" sum="0"/>
<action no="7" player="ALLYY71" type="3" discard="1" dealt="1" sum="15"/>
<action no="8" player="oreiasccp" type="23" sum="75"/>
<action no="9" player="ALLYY71" type="3" discard="1" dealt="1" sum="45"/>
</round>
<round no="2"><cards type="Flop">H5 H8 S8</cards>
<action no="10" player="ALLYY71" type="4" discard="1" dealt="1" sum="0"/>
<action no="11" player="oreiasccp" type="5" sum="59"/>
<action no="12" player="ALLYY71" type="3" discard="1" dealt="1" sum="59"/>
</round>
<round no="3"><cards type="Turn">C6</cards>
<action no="13" player="ALLYY71" type="5" discard="1" dealt="1" sum="120"/>
<action no="14" player="oreiasccp" type="3" sum="120"/>
</round>
<round no="4"><cards type="River">DK</cards>
<action no="15" player="ALLYY71" type="4" discard="1" dealt="1" sum="0"/>
<action no="16" player="oreiasccp" type="4" sum="0"/>
</round>
</game>
<game gamecode="11514988811"><general><startdate>2025-06-16 12:11:32</startdate>
<round>1</round>
<failsafecounter/>
<players><player seat="6" name="d0nsamag0n" chips="405" dealer="0" win="0" bet="356" muck="1" rebuy="0" addon="0" merge="0" rebuychips="0" reg_code="8384891751"/>
<player seat="10" name="ALLYY71" chips="739" dealer="1" win="0" bet="5" muck="1" rebuy="0" addon="0" merge="0" rebuychips="0" reg_code="8384891763"/>
<player seat="3" name="oreiasccp" chips="356" dealer="0" win="717" bet="356" muck="0" rebuy="0" addon="0" merge="0" rebuychips="0" reg_code="8384891742"/>
</players>
</general>
<round no="0"><action no="1" player="oreiasccp" type="15" sum="5"/>
<action no="2" player="d0nsamag0n" type="15" discard="1" dealt="1" sum="5"/>
<action no="3" player="ALLYY71" type="15" discard="1" dealt="1" sum="5"/>
<action no="4" player="oreiasccp" type="1" sum="15"/>
<action no="5" player="d0nsamag0n" type="2" discard="1" dealt="1" sum="30"/>
</round>
<round no="1"><cards type="Pocket" player="ALLYY71">X X</cards>
<cards type="Pocket" player="d0nsamag0n">S2 HA</cards>
<cards type="Pocket" player="oreiasccp">H10 DJ</cards>
<action no="6" player="ALLYY71" type="0" discard="1" dealt="1" sum="0"/>
<action no="7" player="oreiasccp" type="23" sum="351"/>
<action no="8" player="d0nsamag0n" type="3" discard="1" dealt="1" sum="321"/>
</round>
<round no="2"><cards type="Flop">S5 D9 S4</cards>
</round>
<round no="3"><cards type="Turn">CJ</cards>
</round>
<round no="4"><cards type="River">C6</cards>
</round>
</game>
<game gamecode="11514988873"><general><startdate>2025-06-16 12:11:51</startdate>
<round>1</round>
<failsafecounter/>
<players><player seat="10" name="ALLYY71" chips="734" dealer="0" win="103" bet="49" muck="0" rebuy="0" addon="0" merge="0" rebuychips="0" reg_code="8384891763"/>
<player seat="3" name="oreiasccp" chips="717" dealer="1" win="0" bet="5" muck="1" rebuy="0" addon="0" merge="0" rebuychips="0" reg_code="8384891742"/>
<player seat="6" name="d0nsamag0n" chips="49" dealer="0" win="0" bet="49" muck="0" rebuy="0" addon="0" merge="0" rebuychips="0" reg_code="8384891751"/>
</players>
</general>
<round no="0"><action no="1" player="d0nsamag0n" type="15" discard="1" dealt="1" sum="5"/>
<action no="2" player="ALLYY71" type="15" discard="1" dealt="1" sum="5"/>
<action no="3" player="oreiasccp" type="15" sum="5"/>
<action no="4" player="d0nsamag0n" type="1" discard="1" dealt="1" sum="15"/>
<action no="5" player="ALLYY71" type="2" discard="1" dealt="1" sum="30"/>
</round>
<round no="1"><cards type="Pocket" player="ALLYY71">D2 CJ</cards>
<cards type="Pocket" player="oreiasccp">S6 H9</cards>
<cards type="Pocket" player="d0nsamag0n">C5 SJ</cards>
<action no="6" player="oreiasccp" type="0" sum="0"/>
<action no="7" player="d0nsamag0n" type="7" discard="1" dealt="1" sum="29"/>
<action no="8" player="ALLYY71" type="3" discard="1" dealt="1" sum="14"/>
</round>
<round no="2"><cards type="Flop">H2 HK H3</cards>
</round>
<round no="3"><cards type="Turn">D9</cards>
</round>
<round no="4"><cards type="River">HA</cards>
</round>
</game>
<game gamecode="11514988942"><general><startdate>2025-06-16 12:12:12</startdate>
<round>1</round>
<failsafecounter/>
<players><player seat="3" name="oreiasccp" chips="712" dealer="0" win="0" bet="35" muck="1" rebuy="0" addon="0" merge="0" rebuychips="0" reg_code="8384891742"/>
<player seat="10" name="ALLYY71" chips="788" dealer="1" win="70" bet="65" muck="1" rebuy="0" addon="0" merge="0" rebuychips="0" reg_code="8384891763"/>
</players>
</general>
<round no="0"><action no="1" player="ALLYY71" type="15" discard="1" dealt="1" sum="5"/>
<action no="2" player="oreiasccp" type="15" sum="5"/>
<action no="3" player="ALLYY71" type="1" discard="1" dealt="1" sum="15"/>
<action no="4" player="oreiasccp" type="2" sum="30"/>
</round>
<round no="1"><cards type="Pocket" player="oreiasccp">D9 H5</cards>
<cards type="Pocket" player="ALLYY71">X X</cards>
<action no="5" player="ALLYY71" type="3" discard="1" dealt="1" sum="15"/>
<action no="6" player="oreiasccp" type="4" sum="0"/>
</round>
<round no="2"><cards type="Flop">SA C10 S8</cards>
<action no="7" player="oreiasccp" type="4" sum="0"/>
<action no="8" player="ALLYY71" type="4" discard="1" dealt="1" sum="0"/>
</round>
<round no="3"><cards type="Turn">HK</cards>
<action no="9" player="oreiasccp" type="4" sum="0"/>
<action no="10" player="ALLYY71" type="5" discard="1" dealt="1" sum="30"/>
<action no="11" player="oreiasccp" type="0" sum="0"/>
</round>
</game>
<game gamecode="11514989005"><general><startdate>2025-06-16 12:12:29</startdate>
<round>1</round>
<failsafecounter/>
<players><player seat="10" name="ALLYY71" chips="823" dealer="0" win="0" bet="160" muck="1" rebuy="0" addon="0" merge="0" rebuychips="0" reg_code="8384891763"/>
<player seat="3" name="oreiasccp" chips="677" dealer="1" win="320" bet="160" muck="0" rebuy="0" addon="0" merge="0" rebuychips="0" reg_code="8384891742"/>
</players>
</general>
<round no="0"><action no="1" player="oreiasccp" type="15" sum="5"/>
<action no="2" player="ALLYY71" type="15" discard="1" dealt="1" sum="5"/>
<action no="3" player="oreiasccp" type="1" sum="15"/>
<action no="4" player="ALLYY71" type="2" discard="1" dealt="1" sum="30"/>
</round>
<round no="1"><cards type="Pocket" player="oreiasccp">H9 HQ</cards>
<cards type="Pocket" player="ALLYY71">SA HK</cards>
<action no="5" player="oreiasccp" type="3" sum="15"/>
<action no="6" player="ALLYY71" type="4" discard="1" dealt="1" sum="0"/>
</round>
<round no="2"><cards type="Flop">DQ SQ D7</cards>
<action no="7" player="ALLYY71" type="4" discard="1" dealt="1" sum="0"/>
<action no="8" player="oreiasccp" type="5" sum="30"/>
<action no="9" player="ALLYY71" type="3" discard="1" dealt="1" sum="30"/>
</round>
<round no="3"><cards type="Turn">H10</cards>
<action no="10" player="ALLYY71" type="4" discard="1" dealt="1" sum="0"/>
<action no="11" player="oreiasccp" type="5" sum="95"/>
<action no="12" player="ALLYY71" type="3" discard="1" dealt="1" sum="95"/>
</round>
<round no="4"><cards type="River">DK</cards>
<action no="13" player="ALLYY71" type="4" discard="1" dealt="1" sum="0"/>
<action no="14" player="oreiasccp" type="4" sum="0"/>
</round>
</game>
<game gamecode="11514989085"><general><startdate>2025-06-16 12:12:51</startdate>
<round>1</round>
<failsafecounter/>
<players><player seat="3" name="oreiasccp" chips="837" dealer="0" win="90" bet="105" muck="1" rebuy="0" addon="0" merge="0" rebuychips="0" reg_code="8384891742"/>
<player seat="10" name="ALLYY71" chips="663" dealer="1" win="0" bet="45" muck="1" rebuy="0" addon="0" merge="0" rebuychips="0" reg_code="8384891763"/>
</players>
</general>
<round no="0"><action no="1" player="ALLYY71" type="15" discard="1" dealt="1" sum="5"/>
<action no="2" player="oreiasccp" type="15" sum="5"/>
<action no="3" player="ALLYY71" type="1" discard="1" dealt="1" sum="20"/>
<action no="4" player="oreiasccp" type="2" sum="40"/>
</round>
<round no="1"><cards type="Pocket" player="ALLYY71">X X</cards>
<cards type="Pocket" player="oreiasccp">CJ CK</cards>
<action no="5" player="ALLYY71" type="3" discard="1" dealt="1" sum="20"/>
<action no="6" player="oreiasccp" type="23" sum="100"/>
<action no="7" player="ALLYY71" type="0" discard="1" dealt="1" sum="0"/>
</round>
</game>
<game gamecode="11514989119"><general><startdate>2025-06-16 12:13:02</startdate>
<round>1</round>
<failsafecounter/>
<players><player seat="10" name="ALLYY71" chips="618" dealer="0" win="50" bet="45" muck="1" rebuy="0" addon="0" merge="0" rebuychips="0" reg_code="8384891763"/>
<player seat="3" name="oreiasccp" chips="882" dealer="1" win="0" bet="25" muck="1" rebuy="0" addon="0" merge="0" rebuychips="0" reg_code="8384891742"/>
</players>
</general>
<round no="0"><action no="1" player="oreiasccp" type="15" sum="5"/>
<action no="2" player="ALLYY71" type="15" discard="1" dealt="1" sum="5"/>
<action no="3" player="oreiasccp" type="1" sum="20"/>
<action no="4" player="ALLYY71" type="2" discard="1" dealt="1" sum="40"/>
</round>
<round no="1"><cards type="Pocket" player="ALLYY71">X X</cards>
<cards type="Pocket" player="oreiasccp">C10 H3</cards>
<action no="5" player="oreiasccp" type="0" sum="0"/>
</round>
</game>
<game gamecode="11514989139"><general><startdate>2025-06-16 12:13:07</startdate>
<round>1</round>
<failsafecounter/>
<players><player seat="3" name="oreiasccp" chips="857" dealer="0" win="50" bet="45" muck="1" rebuy="0" addon="0" merge="0" rebuychips="0" reg_code="8384891742"/>
<player seat="10" name="ALLYY71" chips="643" dealer="1" win="0" bet="25" muck="1" rebuy="0" addon="0" merge="0" rebuychips="0" reg_code="8384891763"/>
</players>
</general>
<round no="0"><action no="1" player="ALLYY71" type="15" discard="1" dealt="1" sum="5"/>
<action no="2" player="oreiasccp" type="15" sum="5"/>
<action no="3" player="ALLYY71" type="1" discard="1" dealt="1" sum="20"/>
<action no="4" player="oreiasccp" type="2" sum="40"/>
</round>
<round no="1"><cards type="Pocket" player="oreiasccp">D9 CK</cards>
<cards type="Pocket" player="ALLYY71">X X</cards>
<action no="5" player="ALLYY71" type="0" discard="1" dealt="1" sum="0"/>
</round>
</game>
<game gamecode="11514989158"><general><startdate>2025-06-16 12:13:13</startdate>
<round>1</round>
<failsafecounter/>
<players><player seat="10" name="ALLYY71" chips="618" dealer="0" win="0" bet="45" muck="1" rebuy="0" addon="0" merge="0" rebuychips="0" reg_code="8384891763"/>
<player seat="3" name="oreiasccp" chips="882" dealer="1" win="90" bet="85" muck="1" rebuy="0" addon="0" merge="0" rebuychips="0" reg_code="8384891742"/>
</players>
</general>
<round no="0"><action no="1" player="oreiasccp" type="15" sum="5"/>
<action no="2" player="ALLYY71" type="15" discard="1" dealt="1" sum="5"/>
<action no="3" player="oreiasccp" type="1" sum="20"/>
<action no="4" player="ALLYY71" type="2" discard="1" dealt="1" sum="40"/>
</round>
<round no="1"><cards type="Pocket" player="oreiasccp">CJ H4</cards>
<cards type="Pocket" player="ALLYY71">X X</cards>
<action no="5" player="oreiasccp" type="3" sum="20"/>
<action no="6" player="ALLYY71" type="4" discard="1" dealt="1" sum="0"/>
</round>
<round no="2"><cards type="Flop">D7 D8 D9</cards>
<action no="7" player="ALLYY71" type="4" discard="1" dealt="1" sum="0"/>
<action no="8" player="oreiasccp" type="5" sum="40"/>
<action no="9" player="ALLYY71" type="0" discard="1" dealt="1" sum="0"/>
</round>
</game>
<game gamecode="11514989209"><general><startdate>2025-06-16 12:13:28</startdate>
<round>1</round>
<failsafecounter/>
<players><player seat="3" name="oreiasccp" chips="927" dealer="0" win="50" bet="45" muck="1" rebuy="0" addon="0" merge="0" rebuychips="0" reg_code="8384891742"/>
<player seat="10" name="ALLYY71" chips="573" dealer="1" win="0" bet="25" muck="1" rebuy="0" addon="0" merge="0" rebuychips="0" reg_code="8384891763"/>
</players>
</general>
<round no="0"><action no="1" player="ALLYY71" type="15" discard="1" dealt="1" sum="5"/>
<action no="2" player="oreiasccp" type="15" sum="5"/>
<action no="3" player="ALLYY71" type="1" discard="1" dealt="1" sum="20"/>
<action no="4" player="oreiasccp" type="2" sum="40"/>
</round>
<round no="1"><cards type="Pocket" player="oreiasccp">DK C9</cards>
<cards type="Pocket" player="ALLYY71">X X</cards>
<action no="5" player="ALLYY71" type="0" discard="1" dealt="1" sum="0"/>
</round>
</game>
<game gamecode="11514989227"><general><startdate>2025-06-16 12:13:34</startdate>
<round>1</round>
<failsafecounter/>
<players><player seat="10" name="ALLYY71" chips="548" dealer="0" win="50" bet="45" muck="1" rebuy="0" addon="0" merge="0" rebuychips="0" reg_code="8384891763"/>
<player seat="3" name="oreiasccp" chips="952" dealer="1" win="0" bet="25" muck="1" rebuy="0" addon="0" merge="0" rebuychips="0" reg_code="8384891742"/>
</players>
</general>
<round no="0"><action no="1" player="oreiasccp" type="15" sum="5"/>
<action no="2" player="ALLYY71" type="15" discard="1" dealt="1" sum="5"/>
<action no="3" player="oreiasccp" type="1" sum="20"/>
<action no="4" player="ALLYY71" type="2" discard="1" dealt="1" sum="40"/>
</round>
<round no="1"><cards type="Pocket" player="ALLYY71">X X</cards>
<cards type="Pocket" player="oreiasccp">D7 C2</cards>
<action no="5" player="oreiasccp" type="0" sum="0"/>
</round>
</game>
<game gamecode="11514989244"><general><startdate>2025-06-16 12:13:40</startdate>
<round>1</round>
<failsafecounter/>
<players><player seat="3" name="oreiasccp" chips="927" dealer="0" win="1,146" bet="573" muck="0" rebuy="0" addon="0" merge="0" rebuychips="0" reg_code="8384891742"/>
<player seat="10" name="ALLYY71" chips="573" dealer="1" win="0" bet="573" muck="1" rebuy="0" addon="0" merge="0" rebuychips="0" reg_code="8384891763"/>
</players>
</general>
<round no="0"><action no="1" player="ALLYY71" type="15" discard="1" dealt="1" sum="5"/>
<action no="2" player="oreiasccp" type="15" sum="5"/>
<action no="3" player="ALLYY71" type="1" discard="1" dealt="1" sum="20"/>
<action no="4" player="oreiasccp" type="2" sum="40"/>
</round>
<round no="1"><cards type="Pocket" player="ALLYY71">CK CQ</cards>
<cards type="Pocket" player="oreiasccp">D4 SA</cards>
<action no="5" player="ALLYY71" type="3" discard="1" dealt="1" sum="20"/>
<action no="6" player="oreiasccp" type="23" sum="568"/>
<action no="7" player="ALLYY71" type="7" discard="1" dealt="1" sum="528"/>
</round>
<round no="2"><cards type="Flop">H5 HA H6</cards>
</round>
<round no="3"><cards type="Turn">S9</cards>
</round>
<round no="4"><cards type="River">DQ</cards>
</round>
</game>
</session>
