<?xml version="1.0" encoding="UTF-8"?>
<session sessioncode="8384820620">
<general>
<client_version>24.7.1.16</client_version>
<mode>real</mode>
<gametype>Holdem NL</gametype>
<tablename>Twister €5 SNG, 1127560385</tablename>
<tournamentcode>1127560384</tournamentcode>
<tournamentname>Twister €5 SNG</tournamentname>
<buyin>€0 + €0.35 + €4.65</buyin>
<totalbuyin>€5</totalbuyin>
<rewarddrawn>€10</rewarddrawn>
<tournamentcurrency>EUR</tournamentcurrency>
<currency>EUR</currency>
<nickname>oreiasccp</nickname>
<gamecount>29</gamecount>
<startdate>2025-06-16 07:09:02</startdate>
<place>1</place>
<win>€10</win>
<tablesize>3</tablesize>
</general>
<game gamecode="11514776627"><general><startdate>2025-06-16 07:09:17</startdate>
<round>1</round>
<failsafecounter/>
<players><player seat="10" name="oreiasccp" chips="500" dealer="0" win="0" bet="92" muck="1" rebuy="0" addon="0" merge="0" rebuychips="0" reg_code="8384820620"/>
<player seat="3" name="KitchenLab" chips="500" dealer="1" win="0" bet="20" muck="1" rebuy="0" addon="0" merge="0" rebuychips="0" reg_code="8384820562"/>
<player seat="6" name="bobbb1" chips="500" dealer="0" win="204" bet="92" muck="0" rebuy="0" addon="0" merge="0" rebuychips="0" reg_code="8384820578"/>
</players>
</general>
<round no="0"><action no="1" player="bobbb1" type="1" discard="1" dealt="1" sum="10"/>
<action no="2" player="oreiasccp" type="2" sum="20"/>
</round>
<round no="1"><cards type="Pocket" player="bobbb1">H6 D8</cards>
<cards type="Pocket" player="oreiasccp">S7 S9</cards>
<cards type="Pocket" player="KitchenLab">X X</cards>
<action no="3" player="KitchenLab" type="3" discard="1" dealt="1" sum="20"/>
<action no="4" player="bobbb1" type="3" discard="1" dealt="1" sum="10"/>
<action no="5" player="oreiasccp" type="4" sum="0"/>
</round>
<round no="2"><cards type="Flop">CQ H5 HQ</cards>
<action no="6" player="bobbb1" type="4" discard="1" dealt="1" sum="0"/>
<action no="7" player="oreiasccp" type="4" sum="0"/>
<action no="8" player="KitchenLab" type="4" discard="1" dealt="1" sum="0"/>
</round>
<round no="3"><cards type="Turn">H7</cards>
<action no="9" player="bobbb1" type="5" discard="1" dealt="1" sum="42"/>
<action no="10" player="oreiasccp" type="3" sum="42"/>
<action no="11" player="KitchenLab" type="0" discard="1" dealt="1" sum="0"/>
</round>
<round no="4"><cards type="River">C4</cards>
<action no="12" player="bobbb1" type="5" discard="1" dealt="1" sum="30"/>
<action no="13" player="oreiasccp" type="3" sum="30"/>
</round>
</game>
<game gamecode="11514776695"><general><startdate>2025-06-16 07:09:43</startdate>
<round>1</round>
<failsafecounter/>
<players><player seat="3" name="KitchenLab" chips="480" dealer="0" win="0" bet="40" muck="1" rebuy="0" addon="0" merge="0" rebuychips="0" reg_code="8384820562"/>
<player seat="6" name="bobbb1" chips="612" dealer="1" win="0" bet="0" muck="1" rebuy="0" addon="0" merge="0" rebuychips="0" reg_code="8384820578"/>
<player seat="10" name="oreiasccp" chips="408" dealer="0" win="80" bet="98" muck="1" rebuy="0" addon="0" merge="0" rebuychips="0" reg_code="8384820620"/>
</players>
</general>
<round no="0"><action no="1" player="oreiasccp" type="1" sum="10"/>
<action no="2" player="KitchenLab" type="2" discard="1" dealt="1" sum="20"/>
</round>
<round no="1"><cards type="Pocket" player="oreiasccp">D5 D9</cards>
<cards type="Pocket" player="bobbb1">X X</cards>
<cards type="Pocket" player="KitchenLab">X X</cards>
<action no="3" player="bobbb1" type="0" discard="1" dealt="1" sum="0"/>
<action no="4" player="oreiasccp" type="23" sum="40"/>
<action no="5" player="KitchenLab" type="3" discard="1" dealt="1" sum="20"/>
</round>
<round no="2"><cards type="Flop">C4 D7 C6</cards>
<action no="6" player="oreiasccp" type="4" sum="0"/>
<action no="7" player="KitchenLab" type="4" discard="1" dealt="1" sum="0"/>
</round>
<round no="3"><cards type="Turn">DK</cards>
<action no="8" player="oreiasccp" type="5" sum="58"/>
<action no="9" player="KitchenLab" type="0" discard="1" dealt="1" sum="0"/>
</round>
</game>
<game gamecode="11514776748"><general><startdate>2025-06-16 07:10:03</startdate>
<round>1</round>
<failsafecounter/>
<players><player seat="6" name="bobbb1" chips="612" dealer="0" win="0" bet="60" muck="1" rebuy="0" addon="0" merge="0" rebuychips="0" reg_code="8384820578"/>
<player seat="10" name="oreiasccp" chips="448" dealer="1" win="130" bet="60" muck="0" rebuy="0" addon="0" merge="0" rebuychips="0" reg_code="8384820620"/>
<player seat="3" name="KitchenLab" chips="440" dealer="0" win="0" bet="10" muck="1" rebuy="0" addon="0" merge="0" rebuychips="0" reg_code="8384820562"/>
</players>
</general>
<round no="0"><action no="1" player="KitchenLab" type="1" discard="1" dealt="1" sum="10"/>
<action no="2" player="bobbb1" type="2" discard="1" dealt="1" sum="20"/>
</round>
<round no="1"><cards type="Pocket" player="bobbb1">H5 S4</cards>
<cards type="Pocket" player="oreiasccp">C10 S10</cards>
<cards type="Pocket" player="KitchenLab">X X</cards>
<action no="3" player="oreiasccp" type="23" sum="40"/>
<action no="4" player="KitchenLab" type="0" discard="1" dealt="1" sum="0"/>
<action no="5" player="bobbb1" type="3" discard="1" dealt="1" sum="20"/>
</round>
<round no="2"><cards type="Flop">D4 D7 SJ</cards>
<action no="6" player="bobbb1" type="4" discard="1" dealt="1" sum="0"/>
<action no="7" player="oreiasccp" type="5" sum="20"/>
<action no="8" player="bobbb1" type="3" discard="1" dealt="1" sum="20"/>
</round>
<round no="3"><cards type="Turn">DA</cards>
<action no="9" player="bobbb1" type="4" discard="1" dealt="1" sum="0"/>
<action no="10" player="oreiasccp" type="4" sum="0"/>
</round>
<round no="4"><cards type="River">HK</cards>
<action no="11" player="bobbb1" type="4" discard="1" dealt="1" sum="0"/>
<action no="12" player="oreiasccp" type="4" sum="0"/>
</round>
</game>
<game gamecode="11514776837"><general><startdate>2025-06-16 07:10:37</startdate>
<round>1</round>
<failsafecounter/>
<players><player seat="10" name="oreiasccp" chips="518" dealer="0" win="0" bet="20" muck="1" rebuy="0" addon="0" merge="0" rebuychips="0" reg_code="8384820620"/>
<player seat="3" name="KitchenLab" chips="430" dealer="1" win="50" bet="40" muck="1" rebuy="0" addon="0" merge="0" rebuychips="0" reg_code="8384820562"/>
<player seat="6" name="bobbb1" chips="552" dealer="0" win="0" bet="10" muck="1" rebuy="0" addon="0" merge="0" rebuychips="0" reg_code="8384820578"/>
</players>
</general>
<round no="0"><action no="1" player="bobbb1" type="1" discard="1" dealt="1" sum="10"/>
<action no="2" player="oreiasccp" type="2" sum="20"/>
</round>
<round no="1"><cards type="Pocket" player="KitchenLab">X X</cards>
<cards type="Pocket" player="oreiasccp">H2 D4</cards>
<cards type="Pocket" player="bobbb1">X X</cards>
<action no="3" player="KitchenLab" type="23" discard="1" dealt="1" sum="40"/>
<action no="4" player="bobbb1" type="0" discard="1" dealt="1" sum="0"/>
<action no="5" player="oreiasccp" type="0" sum="0"/>
</round>
</game>
<game gamecode="11514776868"><general><startdate>2025-06-16 07:10:49</startdate>
<round>1</round>
<failsafecounter/>
<players><player seat="3" name="KitchenLab" chips="460" dealer="0" win="90" bet="120" muck="1" rebuy="0" addon="0" merge="0" rebuychips="0" reg_code="8384820562"/>
<player seat="6" name="bobbb1" chips="542" dealer="1" win="0" bet="40" muck="1" rebuy="0" addon="0" merge="0" rebuychips="0" reg_code="8384820578"/>
<player seat="10" name="oreiasccp" chips="498" dealer="0" win="0" bet="10" muck="1" rebuy="0" addon="0" merge="0" rebuychips="0" reg_code="8384820620"/>
</players>
</general>
<round no="0"><action no="1" player="oreiasccp" type="1" sum="10"/>
<action no="2" player="KitchenLab" type="2" discard="1" dealt="1" sum="20"/>
</round>
<round no="1"><cards type="Pocket" player="KitchenLab">X X</cards>
<cards type="Pocket" player="oreiasccp">S5 C9</cards>
<cards type="Pocket" player="bobbb1">X X</cards>
<action no="3" player="bobbb1" type="23" discard="1" dealt="1" sum="40"/>
<action no="4" player="oreiasccp" type="0" sum="0"/>
<action no="5" player="KitchenLab" type="23" discard="1" dealt="1" sum="120"/>
<action no="6" player="bobbb1" type="0" discard="1" dealt="1" sum="0"/>
</round>
</game>
<game gamecode="11514776907"><general><startdate>2025-06-16 07:11:02</startdate>
<round>1</round>
<failsafecounter/>
<players><player seat="6" name="bobbb1" chips="502" dealer="0" win="0" bet="20" muck="1" rebuy="0" addon="0" merge="0" rebuychips="0" reg_code="8384820578"/>
<player seat="10" name="oreiasccp" chips="488" dealer="1" win="0" bet="40" muck="1" rebuy="0" addon="0" merge="0" rebuychips="0" reg_code="8384820620"/>
<player seat="3" name="KitchenLab" chips="510" dealer="0" win="100" bet="100" muck="1" rebuy="0" addon="0" merge="0" rebuychips="0" reg_code="8384820562"/>
</players>
</general>
<round no="0"><action no="1" player="KitchenLab" type="1" discard="1" dealt="1" sum="10"/>
<action no="2" player="bobbb1" type="2" discard="1" dealt="1" sum="20"/>
</round>
<round no="1"><cards type="Pocket" player="bobbb1">X X</cards>
<cards type="Pocket" player="oreiasccp">SQ S5</cards>
<cards type="Pocket" player="KitchenLab">X X</cards>
<action no="3" player="oreiasccp" type="23" sum="40"/>
<action no="4" player="KitchenLab" type="23" discard="1" dealt="1" sum="100"/>
<action no="5" player="bobbb1" type="0" discard="1" dealt="1" sum="0"/>
<action no="6" player="oreiasccp" type="0" sum="0"/>
</round>
</game>
<game gamecode="11514776943"><general><startdate>2025-06-16 07:11:14</startdate>
<round>1</round>
<failsafecounter/>
<players><player seat="10" name="oreiasccp" chips="448" dealer="0" win="0" bet="20" muck="1" rebuy="0" addon="0" merge="0" rebuychips="0" reg_code="8384820620"/>
<player seat="3" name="KitchenLab" chips="570" dealer="1" win="50" bet="60" muck="1" rebuy="0" addon="0" merge="0" rebuychips="0" reg_code="8384820562"/>
<player seat="6" name="bobbb1" chips="482" dealer="0" win="0" bet="10" muck="1" rebuy="0" addon="0" merge="0" rebuychips="0" reg_code="8384820578"/>
</players>
</general>
<round no="0"><action no="1" player="bobbb1" type="1" discard="1" dealt="1" sum="10"/>
<action no="2" player="oreiasccp" type="2" sum="20"/>
</round>
<round no="1"><cards type="Pocket" player="oreiasccp">H6 DQ</cards>
<cards type="Pocket" player="KitchenLab">X X</cards>
<cards type="Pocket" player="bobbb1">X X</cards>
<action no="3" player="KitchenLab" type="23" discard="1" dealt="1" sum="60"/>
<action no="4" player="bobbb1" type="0" discard="1" dealt="1" sum="0"/>
<action no="5" player="oreiasccp" type="0" sum="0"/>
</round>
</game>
<game gamecode="11514776970"><general><startdate>2025-06-16 07:11:23</startdate>
<round>1</round>
<failsafecounter/>
<players><player seat="3" name="KitchenLab" chips="600" dealer="0" win="0" bet="428" muck="1" rebuy="0" addon="0" merge="0" rebuychips="0" reg_code="8384820562"/>
<player seat="6" name="bobbb1" chips="472" dealer="1" win="0" bet="5" muck="1" rebuy="0" addon="0" merge="0" rebuychips="0" reg_code="8384820578"/>
<player seat="10" name="oreiasccp" chips="428" dealer="0" win="861" bet="428" muck="0" rebuy="0" addon="0" merge="0" rebuychips="0" reg_code="8384820620"/>
</players>
</general>
<round no="0"><action no="1" player="oreiasccp" type="15" sum="5"/>
<action no="2" player="KitchenLab" type="15" discard="1" dealt="1" sum="5"/>
<action no="3" player="bobbb1" type="15" discard="1" dealt="1" sum="5"/>
<action no="4" player="oreiasccp" type="1" sum="15"/>
<action no="5" player="KitchenLab" type="2" discard="1" dealt="1" sum="30"/>
</round>
<round no="1"><cards type="Pocket" player="oreiasccp">S9 DJ</cards>
<cards type="Pocket" player="bobbb1">X X</cards>
<cards type="Pocket" player="KitchenLab">S7 D9</cards>
<action no="6" player="bobbb1" type="0" discard="1" dealt="1" sum="0"/>
<action no="7" player="oreiasccp" type="23" sum="60"/>
<action no="8" player="KitchenLab" type="3" discard="1" dealt="1" sum="30"/>
</round>
<round no="2"><cards type="Flop">H5 C9 H8</cards>
<action no="9" player="oreiasccp" type="5" sum="99"/>
<action no="10" player="KitchenLab" type="3" discard="1" dealt="1" sum="99"/>
</round>
<round no="3"><cards type="Turn">D5</cards>
<action no="11" player="oreiasccp" type="5" sum="264"/>
<action no="12" player="KitchenLab" type="3" discard="1" dealt="1" sum="264"/>
</round>
<round no="4"><cards type="River">S8</cards>
</round>
</game>
<game gamecode="11514777033"><general><startdate>2025-06-16 07:11:48</startdate>
<round>1</round>
<failsafecounter/>
<players><player seat="6" name="bobbb1" chips="467" dealer="0" win="0" bet="35" muck="1" rebuy="0" addon="0" merge="0" rebuychips="0" reg_code="8384820578"/>
<player seat="10" name="oreiasccp" chips="861" dealer="1" win="379" bet="172" muck="0" rebuy="0" addon="0" merge="0" rebuychips="0" reg_code="8384820620"/>
<player seat="3" name="KitchenLab" chips="172" dealer="0" win="0" bet="172" muck="0" rebuy="0" addon="0" merge="0" rebuychips="0" reg_code="8384820562"/>
</players>
</general>
<round no="0"><action no="1" player="KitchenLab" type="15" discard="1" dealt="1" sum="5"/>
<action no="2" player="bobbb1" type="15" discard="1" dealt="1" sum="5"/>
<action no="3" player="oreiasccp" type="15" sum="5"/>
<action no="4" player="KitchenLab" type="1" discard="1" dealt="1" sum="15"/>
<action no="5" player="bobbb1" type="2" discard="1" dealt="1" sum="30"/>
</round>
<round no="1"><cards type="Pocket" player="KitchenLab">D2 H6</cards>
<cards type="Pocket" player="oreiasccp">C8 C7</cards>
<cards type="Pocket" player="bobbb1">X X</cards>
<action no="6" player="oreiasccp" type="23" sum="60"/>
<action no="7" player="KitchenLab" type="23" discard="1" dealt="1" sum="167"/>
<action no="8" player="bobbb1" type="0" discard="1" dealt="1" sum="0"/>
<action no="9" player="oreiasccp" type="3" sum="107"/>
</round>
<round no="2"><cards type="Flop">SJ SK H3</cards>
</round>
<round no="3"><cards type="Turn">D8</cards>
</round>
<round no="4"><cards type="River">SQ</cards>
</round>
</game>
<game gamecode="11514777099"><general><startdate>2025-06-16 07:12:11</startdate>
<round>1</round>
<failsafecounter/>
<players><player seat="10" name="oreiasccp" chips="1,068" dealer="0" win="0" bet="65" muck="1" rebuy="0" addon="0" merge="0" rebuychips="0" reg_code="8384820620"/>
<player seat="6" name="bobbb1" chips="432" dealer="1" win="130" bet="95" muck="1" rebuy="0" addon="0" merge="0" rebuychips="0" reg_code="8384820578"/>
</players>
</general>
<round no="0"><action no="1" player="bobbb1" type="15" discard="1" dealt="1" sum="5"/>
<action no="2" player="oreiasccp" type="15" sum="5"/>
<action no="3" player="bobbb1" type="1" discard="1" dealt="1" sum="15"/>
<action no="4" player="oreiasccp" type="2" sum="30"/>
</round>
<round no="1"><cards type="Pocket" player="bobbb1">X X</cards>
<cards type="Pocket" player="oreiasccp">S7 H6</cards>
<action no="5" player="bobbb1" type="23" discard="1" dealt="1" sum="60"/>
<action no="6" player="oreiasccp" type="3" sum="30"/>
</round>
<round no="2"><cards type="Flop">SQ CQ S8</cards>
<action no="7" player="oreiasccp" type="4" sum="0"/>
<action no="8" player="bobbb1" type="5" discard="1" dealt="1" sum="30"/>
<action no="9" player="oreiasccp" type="0" sum="0"/>
</round>
</game>
<game gamecode="11514777141"><general><startdate>2025-06-16 07:12:26</startdate>
<round>1</round>
<failsafecounter/>
<players><player seat="6" name="bobbb1" chips="497" dealer="0" win="0" bet="35" muck="1" rebuy="0" addon="0" merge="0" rebuychips="0" reg_code="8384820578"/>
<player seat="10" name="oreiasccp" chips="1,003" dealer="1" win="70" bet="65" muck="1" rebuy="0" addon="0" merge="0" rebuychips="0" reg_code="8384820620"/>
</players>
</general>
<round no="0"><action no="1" player="oreiasccp" type="15" sum="5"/>
<action no="2" player="bobbb1" type="15" discard="1" dealt="1" sum="5"/>
<action no="3" player="oreiasccp" type="1" sum="15"/>
<action no="4" player="bobbb1" type="2" discard="1" dealt="1" sum="30"/>
</round>
<round no="1"><cards type="Pocket" player="oreiasccp">CQ C9</cards>
<cards type="Pocket" player="bobbb1">X X</cards>
<action no="5" player="oreiasccp" type="3" sum="15"/>
<action no="6" player="bobbb1" type="4" discard="1" dealt="1" sum="0"/>
</round>
<round no="2"><cards type="Flop">S4 S2 H8</cards>
<action no="7" player="bobbb1" type="4" discard="1" dealt="1" sum="0"/>
<action no="8" player="oreiasccp" type="5" sum="30"/>
<action no="9" player="bobbb1" type="0" discard="1" dealt="1" sum="0"/>
</round>
</game>
<game gamecode="11514777185"><general><startdate>2025-06-16 07:12:43</startdate>
<round>1</round>
<failsafecounter/>
<players><player seat="10" name="oreiasccp" chips="1,038" dealer="0" win="70" bet="462" muck="1" rebuy="0" addon="0" merge="0" rebuychips="0" reg_code="8384820620"/>
<player seat="6" name="bobbb1" chips="462" dealer="1" win="0" bet="35" muck="1" rebuy="0" addon="0" merge="0" rebuychips="0" reg_code="8384820578"/>
</players>
</general>
<round no="0"><action no="1" player="bobbb1" type="15" discard="1" dealt="1" sum="5"/>
<action no="2" player="oreiasccp" type="15" sum="5"/>
<action no="3" player="bobbb1" type="1" discard="1" dealt="1" sum="15"/>
<action no="4" player="oreiasccp" type="2" sum="30"/>
</round>
<round no="1"><cards type="Pocket" player="oreiasccp">DA H5</cards>
<cards type="Pocket" player="bobbb1">X X</cards>
<action no="5" player="bobbb1" type="3" discard="1" dealt="1" sum="15"/>
<action no="6" player="oreiasccp" type="23" sum="457"/>
<action no="7" player="bobbb1" type="0" discard="1" dealt="1" sum="0"/>
</round>
</game>
<game gamecode="11514777214"><general><startdate>2025-06-16 07:12:53</startdate>
<round>1</round>
<failsafecounter/>
<players><player seat="6" name="bobbb1" chips="427" dealer="0" win="0" bet="65" muck="1" rebuy="0" addon="0" merge="0" rebuychips="0" reg_code="8384820578"/>
<player seat="10" name="oreiasccp" chips="1,073" dealer="1" win="130" bet="95" muck="1" rebuy="0" addon="0" merge="0" rebuychips="0" reg_code="8384820620"/>
</players>
</general>
<round no="0"><action no="1" player="oreiasccp" type="15" sum="5"/>
<action no="2" player="bobbb1" type="15" discard="1" dealt="1" sum="5"/>
<action no="3" player="oreiasccp" type="1" sum="15"/>
<action no="4" player="bobbb1" type="2" discard="1" dealt="1" sum="30"/>
</round>
<round no="1"><cards type="Pocket" player="oreiasccp">S6 DK</cards>
<cards type="Pocket" player="bobbb1">X X</cards>
<action no="5" player="oreiasccp" type="23" sum="60"/>
<action no="6" player="bobbb1" type="3" discard="1" dealt="1" sum="30"/>
</round>
<round no="2"><cards type="Flop">C6 SA D7</cards>
<action no="7" player="bobbb1" type="4" discard="1" dealt="1" sum="0"/>
<action no="8" player="oreiasccp" type="5" sum="30"/>
<action no="9" player="bobbb1" type="0" discard="1" dealt="1" sum="0"/>
</round>
</game>
<game gamecode="11514777273"><general><startdate>2025-06-16 07:13:14</startdate>
<round>1</round>
<failsafecounter/>
<players><player seat="10" name="oreiasccp" chips="1,138" dealer="0" win="0" bet="35" muck="1" rebuy="0" addon="0" merge="0" rebuychips="0" reg_code="8384820620"/>
<player seat="6" name="bobbb1" chips="362" dealer="1" win="70" bet="65" muck="1" rebuy="0" addon="0" merge="0" rebuychips="0" reg_code="8384820578"/>
</players>
</general>
<round no="0"><action no="1" player="bobbb1" type="15" discard="1" dealt="1" sum="5"/>
<action no="2" player="oreiasccp" type="15" sum="5"/>
<action no="3" player="bobbb1" type="1" discard="1" dealt="1" sum="15"/>
<action no="4" player="oreiasccp" type="2" sum="30"/>
</round>
<round no="1"><cards type="Pocket" player="bobbb1">X X</cards>
<cards type="Pocket" player="oreiasccp">S6 C8</cards>
<action no="5" player="bobbb1" type="3" discard="1" dealt="1" sum="15"/>
<action no="6" player="oreiasccp" type="4" sum="0"/>
</round>
<round no="2"><cards type="Flop">C3 H7 S7</cards>
<action no="7" player="oreiasccp" type="4" sum="0"/>
<action no="8" player="bobbb1" type="5" discard="1" dealt="1" sum="30"/>
<action no="9" player="oreiasccp" type="0" sum="0"/>
</round>
</game>
<game gamecode="11514777311"><general><startdate>2025-06-16 07:13:28</startdate>
<round>1</round>
<failsafecounter/>
<players><player seat="6" name="bobbb1" chips="397" dealer="0" win="0" bet="45" muck="1" rebuy="0" addon="0" merge="0" rebuychips="0" reg_code="8384820578"/>
<player seat="10" name="oreiasccp" chips="1,103" dealer="1" win="90" bet="397" muck="1" rebuy="0" addon="0" merge="0" rebuychips="0" reg_code="8384820620"/>
</players>
</general>
<round no="0"><action no="1" player="oreiasccp" type="15" sum="5"/>
<action no="2" player="bobbb1" type="15" discard="1" dealt="1" sum="5"/>
<action no="3" player="oreiasccp" type="1" sum="20"/>
<action no="4" player="bobbb1" type="2" discard="1" dealt="1" sum="40"/>
</round>
<round no="1"><cards type="Pocket" player="oreiasccp">H4 DA</cards>
<cards type="Pocket" player="bobbb1">X X</cards>
<action no="5" player="oreiasccp" type="23" sum="392"/>
<action no="6" player="bobbb1" type="0" discard="1" dealt="1" sum="0"/>
</round>
</game>
<game gamecode="11514777334"><general><startdate>2025-06-16 07:13:36</startdate>
<round>1</round>
<failsafecounter/>
<players><player seat="10" name="oreiasccp" chips="1,148" dealer="0" win="90" bet="105" muck="1" rebuy="0" addon="0" merge="0" rebuychips="0" reg_code="8384820620"/>
<player seat="6" name="bobbb1" chips="352" dealer="1" win="0" bet="45" muck="1" rebuy="0" addon="0" merge="0" rebuychips="0" reg_code="8384820578"/>
</players>
</general>
<round no="0"><action no="1" player="bobbb1" type="15" discard="1" dealt="1" sum="5"/>
<action no="2" player="oreiasccp" type="15" sum="5"/>
<action no="3" player="bobbb1" type="1" discard="1" dealt="1" sum="20"/>
<action no="4" player="oreiasccp" type="2" sum="40"/>
</round>
<round no="1"><cards type="Pocket" player="bobbb1">X X</cards>
<cards type="Pocket" player="oreiasccp">D8 S8</cards>
<action no="5" player="bobbb1" type="3" discard="1" dealt="1" sum="20"/>
<action no="6" player="oreiasccp" type="23" sum="100"/>
<action no="7" player="bobbb1" type="0" discard="1" dealt="1" sum="0"/>
</round>
</game>
<game gamecode="11514777367"><general><startdate>2025-06-16 07:13:49</startdate>
<round>1</round>
<failsafecounter/>
<players><player seat="6" name="bobbb1" chips="307" dealer="0" win="0" bet="45" muck="1" rebuy="0" addon="0" merge="0" rebuychips="0" reg_code="8384820578"/>
<player seat="10" name="oreiasccp" chips="1,193" dealer="1" win="90" bet="85" muck="1" rebuy="0" addon="0" merge="0" rebuychips="0" reg_code="8384820620"/>
</players>
</general>
<round no="0"><action no="1" player="oreiasccp" type="15" sum="5"/>
<action no="2" player="bobbb1" type="15" discard="1" dealt="1" sum="5"/>
<action no="3" player="oreiasccp" type="1" sum="20"/>
<action no="4" player="bobbb1" type="2" discard="1" dealt="1" sum="40"/>
</round>
<round no="1"><cards type="Pocket" player="oreiasccp">S9 C4</cards>
<cards type="Pocket" player="bobbb1">X X</cards>
<action no="5" player="oreiasccp" type="3" sum="20"/>
<action no="6" player="bobbb1" type="4" discard="1" dealt="1" sum="0"/>
</round>
<round no="2"><cards type="Flop">C8 S5 DJ</cards>
<action no="7" player="bobbb1" type="4" discard="1" dealt="1" sum="0"/>
<action no="8" player="oreiasccp" type="5" sum="40"/>
<action no="9" player="bobbb1" type="0" discard="1" dealt="1" sum="0"/>
</round>
</game>
<game gamecode="11514777423"><general><startdate>2025-06-16 07:14:04</startdate>
<round>1</round>
<failsafecounter/>
<players><player seat="10" name="oreiasccp" chips="1,238" dealer="0" win="0" bet="45" muck="1" rebuy="0" addon="0" merge="0" rebuychips="0" reg_code="8384820620"/>
<player seat="6" name="bobbb1" chips="262" dealer="1" win="90" bet="262" muck="1" rebuy="0" addon="0" merge="0" rebuychips="0" reg_code="8384820578"/>
</players>
</general>
<round no="0"><action no="1" player="bobbb1" type="15" discard="1" dealt="1" sum="5"/>
<action no="2" player="oreiasccp" type="15" sum="5"/>
<action no="3" player="bobbb1" type="1" discard="1" dealt="1" sum="20"/>
<action no="4" player="oreiasccp" type="2" sum="40"/>
</round>
<round no="1"><cards type="Pocket" player="oreiasccp">D8 S5</cards>
<cards type="Pocket" player="bobbb1">X X</cards>
<action no="5" player="bobbb1" type="23" discard="1" dealt="1" sum="257"/>
<action no="6" player="oreiasccp" type="0" sum="0"/>
</round>
</game>
<game gamecode="11514777445"><general><startdate>2025-06-16 07:14:12</startdate>
<round>1</round>
<failsafecounter/>
<players><player seat="6" name="bobbb1" chips="307" dealer="0" win="0" bet="45" muck="1" rebuy="0" addon="0" merge="0" rebuychips="0" reg_code="8384820578"/>
<player seat="10" name="oreiasccp" chips="1,193" dealer="1" win="90" bet="307" muck="1" rebuy="0" addon="0" merge="0" rebuychips="0" reg_code="8384820620"/>
</players>
</general>
<round no="0"><action no="1" player="oreiasccp" type="15" sum="5"/>
<action no="2" player="bobbb1" type="15" discard="1" dealt="1" sum="5"/>
<action no="3" player="oreiasccp" type="1" sum="20"/>
<action no="4" player="bobbb1" type="2" discard="1" dealt="1" sum="40"/>
</round>
<round no="1"><cards type="Pocket" player="oreiasccp">D7 SA</cards>
<cards type="Pocket" player="bobbb1">X X</cards>
<action no="5" player="oreiasccp" type="23" sum="302"/>
<action no="6" player="bobbb1" type="0" discard="1" dealt="1" sum="0"/>
</round>
</game>
<game gamecode="11514777472"><general><startdate>2025-06-16 07:14:24</startdate>
<round>1</round>
<failsafecounter/>
<players><player seat="10" name="oreiasccp" chips="1,238" dealer="0" win="0" bet="45" muck="1" rebuy="0" addon="0" merge="0" rebuychips="0" reg_code="8384820620"/>
<player seat="6" name="bobbb1" chips="262" dealer="1" win="90" bet="262" muck="1" rebuy="0" addon="0" merge="0" rebuychips="0" reg_code="8384820578"/>
</players>
</general>
<round no="0"><action no="1" player="bobbb1" type="15" discard="1" dealt="1" sum="5"/>
<action no="2" player="oreiasccp" type="15" sum="5"/>
<action no="3" player="bobbb1" type="1" discard="1" dealt="1" sum="20"/>
<action no="4" player="oreiasccp" type="2" sum="40"/>
</round>
<round no="1"><cards type="Pocket" player="oreiasccp">H9 S4</cards>
<cards type="Pocket" player="bobbb1">X X</cards>
<action no="5" player="bobbb1" type="23" discard="1" dealt="1" sum="257"/>
<action no="6" player="oreiasccp" type="0" sum="0"/>
</round>
</game>
<game gamecode="11514777491"><general><startdate>2025-06-16 07:14:32</startdate>
<round>1</round>
<failsafecounter/>
<players><player seat="6" name="bobbb1" chips="307" dealer="0" win="0" bet="45" muck="1" rebuy="0" addon="0" merge="0" rebuychips="0" reg_code="8384820578"/>
<player seat="10" name="oreiasccp" chips="1,193" dealer="1" win="90" bet="307" muck="1" rebuy="0" addon="0" merge="0" rebuychips="0" reg_code="8384820620"/>
</players>
</general>
<round no="0"><action no="1" player="oreiasccp" type="15" sum="5"/>
<action no="2" player="bobbb1" type="15" discard="1" dealt="1" sum="5"/>
<action no="3" player="oreiasccp" type="1" sum="20"/>
<action no="4" player="bobbb1" type="2" discard="1" dealt="1" sum="40"/>
</round>
<round no="1"><cards type="Pocket" player="oreiasccp">SA C5</cards>
<cards type="Pocket" player="bobbb1">X X</cards>
<action no="5" player="oreiasccp" type="23" sum="302"/>
<action no="6" player="bobbb1" type="0" discard="1" dealt="1" sum="0"/>
</round>
</game>
<game gamecode="11514777520"><general><startdate>2025-06-16 07:14:44</startdate>
<round>1</round>
<failsafecounter/>
<players><player seat="10" name="oreiasccp" chips="1,238" dealer="0" win="0" bet="262" muck="1" rebuy="0" addon="0" merge="0" rebuychips="0" reg_code="8384820620"/>
<player seat="6" name="bobbb1" chips="262" dealer="1" win="524" bet="262" muck="0" rebuy="0" addon="0" merge="0" rebuychips="0" reg_code="8384820578"/>
</players>
</general>
<round no="0"><action no="1" player="bobbb1" type="15" discard="1" dealt="1" sum="5"/>
<action no="2" player="oreiasccp" type="15" sum="5"/>
<action no="3" player="bobbb1" type="1" discard="1" dealt="1" sum="20"/>
<action no="4" player="oreiasccp" type="2" sum="40"/>
</round>
<round no="1"><cards type="Pocket" player="oreiasccp">HA S4</cards>
<cards type="Pocket" player="bobbb1">S6 DQ</cards>
<action no="5" player="bobbb1" type="23" discard="1" dealt="1" sum="257"/>
<action no="6" player="oreiasccp" type="3" sum="217"/>
</round>
<round no="2"><cards type="Flop">D10 H6 C4</cards>
</round>
<round no="3"><cards type="Turn">D3</cards>
</round>
<round no="4"><cards type="River">S2</cards>
</round>
</game>
<game gamecode="11514777571"><general><startdate>2025-06-16 07:15:02</startdate>
<round>1</round>
<failsafecounter/>
<players><player seat="6" name="bobbb1" chips="524" dealer="0" win="1,048" bet="524" muck="0" rebuy="0" addon="0" merge="0" rebuychips="0" reg_code="8384820578"/>
<player seat="10" name="oreiasccp" chips="976" dealer="1" win="0" bet="524" muck="1" rebuy="0" addon="0" merge="0" rebuychips="0" reg_code="8384820620"/>
</players>
</general>
<round no="0"><action no="1" player="oreiasccp" type="15" sum="5"/>
<action no="2" player="bobbb1" type="15" discard="1" dealt="1" sum="5"/>
<action no="3" player="oreiasccp" type="1" sum="20"/>
<action no="4" player="bobbb1" type="2" discard="1" dealt="1" sum="40"/>
</round>
<round no="1"><cards type="Pocket" player="bobbb1">D4 D5</cards>
<cards type="Pocket" player="oreiasccp">SJ HA</cards>
<action no="5" player="oreiasccp" type="3" sum="20"/>
<action no="6" player="bobbb1" type="23" discard="1" dealt="1" sum="519"/>
<action no="7" player="oreiasccp" type="3" sum="479"/>
</round>
<round no="2"><cards type="Flop">D3 CQ HQ</cards>
</round>
<round no="3"><cards type="Turn">C5</cards>
</round>
<round no="4"><cards type="River">S5</cards>
</round>
</game>
<game gamecode="11514777624"><general><startdate>2025-06-16 07:15:21</startdate>
<round>1</round>
<failsafecounter/>
<players><player seat="10" name="oreiasccp" chips="452" dealer="0" win="0" bet="65" muck="1" rebuy="0" addon="0" merge="0" rebuychips="0" reg_code="8384820620"/>
<player seat="6" name="bobbb1" chips="1,048" dealer="1" win="130" bet="1,048" muck="1" rebuy="0" addon="0" merge="0" rebuychips="0" reg_code="8384820578"/>
</players>
</general>
<round no="0"><action no="1" player="bobbb1" type="15" discard="1" dealt="1" sum="5"/>
<action no="2" player="oreiasccp" type="15" sum="5"/>
<action no="3" player="bobbb1" type="1" discard="1" dealt="1" sum="30"/>
<action no="4" player="oreiasccp" type="2" sum="60"/>
</round>
<round no="1"><cards type="Pocket" player="oreiasccp">S7 S10</cards>
<cards type="Pocket" player="bobbb1">X X</cards>
<action no="5" player="bobbb1" type="23" discard="1" dealt="1" sum="1,043"/>
<action no="6" player="oreiasccp" type="0" sum="0"/>
</round>
</game>
<game gamecode="11514777655"><general><startdate>2025-06-16 07:15:33</startdate>
<round>1</round>
<failsafecounter/>
<players><player seat="6" name="bobbb1" chips="1,113" dealer="0" win="70" bet="65" muck="1" rebuy="0" addon="0" merge="0" rebuychips="0" reg_code="8384820578"/>
<player seat="10" name="oreiasccp" chips="387" dealer="1" win="0" bet="35" muck="1" rebuy="0" addon="0" merge="0" rebuychips="0" reg_code="8384820620"/>
</players>
</general>
<round no="0"><action no="1" player="oreiasccp" type="15" sum="5"/>
<action no="2" player="bobbb1" type="15" discard="1" dealt="1" sum="5"/>
<action no="3" player="oreiasccp" type="1" sum="30"/>
<action no="4" player="bobbb1" type="2" discard="1" dealt="1" sum="60"/>
</round>
<round no="1"><cards type="Pocket" player="oreiasccp">D6 H9</cards>
<cards type="Pocket" player="bobbb1">X X</cards>
<action no="5" player="oreiasccp" type="0" sum="0"/>
</round>
</game>
<game gamecode="11514777670"><general><startdate>2025-06-16 07:15:39</startdate>
<round>1</round>
<failsafecounter/>
<players><player seat="10" name="oreiasccp" chips="352" dealer="0" win="704" bet="352" muck="0" rebuy="0" addon="0" merge="0" rebuychips="0" reg_code="8384820620"/>
<player seat="6" name="bobbb1" chips="1,148" dealer="1" win="0" bet="1,148" muck="1" rebuy="0" addon="0" merge="0" rebuychips="0" reg_code="8384820578"/>
</players>
</general>
<round no="0"><action no="1" player="bobbb1" type="15" discard="1" dealt="1" sum="5"/>
<action no="2" player="oreiasccp" type="15" sum="5"/>
<action no="3" player="bobbb1" type="1" discard="1" dealt="1" sum="30"/>
<action no="4" player="oreiasccp" type="2" sum="60"/>
</round>
<round no="1"><cards type="Pocket" player="bobbb1">C6 D6</cards>
<cards type="Pocket" player="oreiasccp">S6 SQ</cards>
<action no="5" player="bobbb1" type="23" discard="1" dealt="1" sum="1,143"/>
<action no="6" player="oreiasccp" type="7" sum="287"/>
</round>
<round no="2"><cards type="Flop">H9 C4 D8</cards>
</round>
<round no="3"><cards type="Turn">HQ</cards>
</round>
<round no="4"><cards type="River">D4</cards>
</round>
</game>
<game gamecode="11514777745"><general><startdate>2025-06-16 07:16:02</startdate>
<round>1</round>
<failsafecounter/>
<players><player seat="6" name="bobbb1" chips="796" dealer="0" win="0" bet="704" muck="1" rebuy="0" addon="0" merge="0" rebuychips="0" reg_code="8384820578"/>
<player seat="10" name="oreiasccp" chips="704" dealer="1" win="1,408" bet="704" muck="0" rebuy="0" addon="0" merge="0" rebuychips="0" reg_code="8384820620"/>
</players>
</general>
<round no="0"><action no="1" player="oreiasccp" type="15" sum="5"/>
<action no="2" player="bobbb1" type="15" discard="1" dealt="1" sum="5"/>
<action no="3" player="oreiasccp" type="1" sum="30"/>
<action no="4" player="bobbb1" type="2" discard="1" dealt="1" sum="60"/>
</round>
<round no="1"><cards type="Pocket" player="oreiasccp">CK SK</cards>
<cards type="Pocket" player="bobbb1">S5 D9</cards>
<action no="5" player="oreiasccp" type="3" sum="30"/>
<action no="6" player="bobbb1" type="4" discard="1" dealt="1" sum="0"/>
</round>
<round no="2"><cards type="Flop">D8 S9 C2</cards>
<action no="7" player="bobbb1" type="4" discard="1" dealt="1" sum="0"/>
<action no="8" player="oreiasccp" type="5" sum="60"/>
<action no="9" player="bobbb1" type="3" discard="1" dealt="1" sum="60"/>
</round>
<round no="3"><cards type="Turn">CQ</cards>
<action no="10" player="bobbb1" type="4" discard="1" dealt="1" sum="0"/>
<action no="11" player="oreiasccp" type="5" sum="183"/>
<action no="12" player="bobbb1" type="3" discard="1" dealt="1" sum="183"/>
</round>
<round no="4"><cards type="River">DQ</cards>
<action no="13" player="bobbb1" type="4" discard="1" dealt="1" sum="0"/>
<action no="14" player="oreiasccp" type="5" sum="396"/>
<action no="15" player="bobbb1" type="3" discard="1" dealt="1" sum="396"/>
</round>
</game>
<game gamecode="11514777847"><general><startdate>2025-06-16 07:16:34</startdate>
<round>1</round>
<failsafecounter/>
<players><player seat="10" name="oreiasccp" chips="1,408" dealer="0" win="0" bet="92" muck="1" rebuy="0" addon="0" merge="0" rebuychips="0" reg_code="8384820620"/>
<player seat="6" name="bobbb1" chips="92" dealer="1" win="184" bet="92" muck="0" rebuy="0" addon="0" merge="0" rebuychips="0" reg_code="8384820578"/>
</players>
</general>
<round no="0"><action no="1" player="bobbb1" type="15" discard="1" dealt="1" sum="5"/>
<action no="2" player="oreiasccp" type="15" sum="5"/>
<action no="3" player="bobbb1" type="1" discard="1" dealt="1" sum="30"/>
<action no="4" player="oreiasccp" type="2" sum="60"/>
</round>
<round no="1"><cards type="Pocket" player="oreiasccp">DJ S10</cards>
<cards type="Pocket" player="bobbb1">C10 SK</cards>
<action no="5" player="bobbb1" type="7" discard="1" dealt="1" sum="57"/>
<action no="6" player="oreiasccp" type="3" sum="27"/>
</round>
<round no="2"><cards type="Flop">S4 H3 CJ</cards>
</round>
<round no="3"><cards type="Turn">HA</cards>
</round>
<round no="4"><cards type="River">HK</cards>
</round>
</game>
<game gamecode="11514777892"><general><startdate>2025-06-16 07:16:49</startdate>
<round>1</round>
<failsafecounter/>
<players><player seat="6" name="bobbb1" chips="184" dealer="0" win="0" bet="184" muck="0" rebuy="0" addon="0" merge="0" rebuychips="0" reg_code="8384820578"/>
<player seat="10" name="oreiasccp" chips="1,316" dealer="1" win="368" bet="184" muck="0" rebuy="0" addon="0" merge="0" rebuychips="0" reg_code="8384820620"/>
</players>
</general>
<round no="0"><action no="1" player="oreiasccp" type="15" sum="5"/>
<action no="2" player="bobbb1" type="15" discard="1" dealt="1" sum="5"/>
<action no="3" player="oreiasccp" type="1" sum="30"/>
<action no="4" player="bobbb1" type="2" discard="1" dealt="1" sum="60"/>
</round>
<round no="1"><cards type="Pocket" player="oreiasccp">HK HA</cards>
<cards type="Pocket" player="bobbb1">SJ S8</cards>
<action no="5" player="oreiasccp" type="23" sum="179"/>
<action no="6" player="bobbb1" type="7" discard="1" dealt="1" sum="119"/>
</round>
<round no="2"><cards type="Flop">D5 CK S6</cards>
</round>
<round no="3"><cards type="Turn">HQ</cards>
</round>
<round no="4"><cards type="River">S7</cards>
</round>
</game>
</session>
