<?xml version="1.0" encoding="UTF-8"?>
<session sessioncode="8384861440">
<general>
<client_version>24.7.1.16</client_version>
<mode>real</mode>
<gametype>Holdem NL</gametype>
<tablename>Twister €5 SNG, 1127568147</tablename>
<tournamentcode>1127568146</tournamentcode>
<tournamentname>Twister €5 SNG</tournamentname>
<buyin>€0 + €0.35 + €4.65</buyin>
<totalbuyin>€5</totalbuyin>
<rewarddrawn>€15</rewarddrawn>
<tournamentcurrency>EUR</tournamentcurrency>
<currency>EUR</currency>
<nickname>oreiasccp</nickname>
<gamecount>15</gamecount>
<startdate>2025-06-16 10:40:05</startdate>
<place>1</place>
<win>€15</win>
<tablesize>3</tablesize>
</general>
<game gamecode="11514908231"><general><startdate>2025-06-16 10:40:20</startdate>
<round>1</round>
<failsafecounter/>
<players><player seat="10" name="Fxntxsy" chips="500" dealer="0" win="0" bet="190" muck="1" rebuy="0" addon="0" merge="0" rebuychips="0" reg_code="8384861477"/>
<player seat="3" name="oreiasccp" chips="500" dealer="1" win="440" bet="300" muck="1" rebuy="0" addon="0" merge="0" rebuychips="0" reg_code="8384861440"/>
<player seat="6" name="MattyMFD" chips="500" dealer="0" win="0" bet="60" muck="1" rebuy="0" addon="0" merge="0" rebuychips="0" reg_code="8384861454"/>
</players>
</general>
<round no="0"><action no="1" player="MattyMFD" type="1" discard="1" dealt="1" sum="10"/>
<action no="2" player="Fxntxsy" type="2" discard="1" dealt="1" sum="20"/>
</round>
<round no="1"><cards type="Pocket" player="Fxntxsy">X X</cards>
<cards type="Pocket" player="MattyMFD">X X</cards>
<cards type="Pocket" player="oreiasccp">SK S6</cards>
<action no="3" player="oreiasccp" type="23" sum="40"/>
<action no="4" player="MattyMFD" type="3" discard="1" dealt="1" sum="30"/>
<action no="5" player="Fxntxsy" type="3" discard="1" dealt="1" sum="20"/>
</round>
<round no="2"><cards type="Flop">C9 HQ D6</cards>
<action no="6" player="MattyMFD" type="5" discard="1" dealt="1" sum="20"/>
<action no="7" player="Fxntxsy" type="23" discard="1" dealt="1" sum="40"/>
<action no="8" player="oreiasccp" type="3" sum="40"/>
<action no="9" player="MattyMFD" type="0" discard="1" dealt="1" sum="0"/>
</round>
<round no="3"><cards type="Turn">CK</cards>
<action no="10" player="Fxntxsy" type="5" discard="1" dealt="1" sum="110"/>
<action no="11" player="oreiasccp" type="3" sum="110"/>
</round>
<round no="4"><cards type="River">CA</cards>
<action no="12" player="Fxntxsy" type="4" discard="1" dealt="1" sum="0"/>
<action no="13" player="oreiasccp" type="5" sum="110"/>
<action no="14" player="Fxntxsy" type="0" discard="1" dealt="1" sum="0"/>
</round>
</game>
<game gamecode="11514908336"><general><startdate>2025-06-16 10:40:53</startdate>
<round>1</round>
<failsafecounter/>
<players><player seat="3" name="oreiasccp" chips="750" dealer="0" win="0" bet="20" muck="1" rebuy="0" addon="0" merge="0" rebuychips="0" reg_code="8384861440"/>
<player seat="6" name="MattyMFD" chips="440" dealer="1" win="0" bet="440" muck="0" rebuy="0" addon="0" merge="0" rebuychips="0" reg_code="8384861454"/>
<player seat="10" name="Fxntxsy" chips="310" dealer="0" win="640" bet="310" muck="0" rebuy="0" addon="0" merge="0" rebuychips="0" reg_code="8384861477"/>
</players>
</general>
<round no="0"><action no="1" player="Fxntxsy" type="1" discard="1" dealt="1" sum="10"/>
<action no="2" player="oreiasccp" type="2" sum="20"/>
</round>
<round no="1"><cards type="Pocket" player="oreiasccp">S9 S7</cards>
<cards type="Pocket" player="Fxntxsy">D9 C9</cards>
<cards type="Pocket" player="MattyMFD">H6 DK</cards>
<action no="3" player="MattyMFD" type="23" discard="1" dealt="1" sum="80"/>
<action no="4" player="Fxntxsy" type="23" discard="1" dealt="1" sum="140"/>
<action no="5" player="oreiasccp" type="0" sum="0"/>
<action no="6" player="MattyMFD" type="23" discard="1" dealt="1" sum="440"/>
<action no="7" player="Fxntxsy" type="7" discard="1" dealt="1" sum="170"/>
</round>
<round no="2"><cards type="Flop">H4 CJ D3</cards>
</round>
<round no="3"><cards type="Turn">DQ</cards>
</round>
<round no="4"><cards type="River">C3</cards>
</round>
</game>
<game gamecode="11514908418"><general><startdate>2025-06-16 10:41:16</startdate>
<round>1</round>
<failsafecounter/>
<players><player seat="6" name="MattyMFD" chips="130" dealer="0" win="50" bet="130" muck="1" rebuy="0" addon="0" merge="0" rebuychips="0" reg_code="8384861454"/>
<player seat="10" name="Fxntxsy" chips="640" dealer="1" win="0" bet="20" muck="1" rebuy="0" addon="0" merge="0" rebuychips="0" reg_code="8384861477"/>
<player seat="3" name="oreiasccp" chips="730" dealer="0" win="0" bet="10" muck="1" rebuy="0" addon="0" merge="0" rebuychips="0" reg_code="8384861440"/>
</players>
</general>
<round no="0"><action no="1" player="oreiasccp" type="1" sum="10"/>
<action no="2" player="MattyMFD" type="2" discard="1" dealt="1" sum="20"/>
</round>
<round no="1"><cards type="Pocket" player="MattyMFD">X X</cards>
<cards type="Pocket" player="oreiasccp">H8 D5</cards>
<cards type="Pocket" player="Fxntxsy">X X</cards>
<action no="3" player="Fxntxsy" type="3" discard="1" dealt="1" sum="20"/>
<action no="4" player="oreiasccp" type="0" sum="0"/>
<action no="5" player="MattyMFD" type="23" discard="1" dealt="1" sum="130"/>
<action no="6" player="Fxntxsy" type="0" discard="1" dealt="1" sum="0"/>
</round>
</game>
<game gamecode="11514908450"><general><startdate>2025-06-16 10:41:26</startdate>
<round>1</round>
<failsafecounter/>
<players><player seat="10" name="Fxntxsy" chips="620" dealer="0" win="0" bet="40" muck="1" rebuy="0" addon="0" merge="0" rebuychips="0" reg_code="8384861477"/>
<player seat="3" name="oreiasccp" chips="720" dealer="1" win="90" bet="106" muck="1" rebuy="0" addon="0" merge="0" rebuychips="0" reg_code="8384861440"/>
<player seat="6" name="MattyMFD" chips="160" dealer="0" win="0" bet="10" muck="1" rebuy="0" addon="0" merge="0" rebuychips="0" reg_code="8384861454"/>
</players>
</general>
<round no="0"><action no="1" player="MattyMFD" type="1" discard="1" dealt="1" sum="10"/>
<action no="2" player="Fxntxsy" type="2" discard="1" dealt="1" sum="20"/>
</round>
<round no="1"><cards type="Pocket" player="Fxntxsy">X X</cards>
<cards type="Pocket" player="MattyMFD">X X</cards>
<cards type="Pocket" player="oreiasccp">CA SJ</cards>
<action no="3" player="oreiasccp" type="23" sum="40"/>
<action no="4" player="MattyMFD" type="0" discard="1" dealt="1" sum="0"/>
<action no="5" player="Fxntxsy" type="3" discard="1" dealt="1" sum="20"/>
</round>
<round no="2"><cards type="Flop">C3 C8 S6</cards>
<action no="6" player="Fxntxsy" type="4" discard="1" dealt="1" sum="0"/>
<action no="7" player="oreiasccp" type="4" sum="0"/>
</round>
<round no="3"><cards type="Turn">HQ</cards>
<action no="8" player="Fxntxsy" type="4" discard="1" dealt="1" sum="0"/>
<action no="9" player="oreiasccp" type="4" sum="0"/>
</round>
<round no="4"><cards type="River">HJ</cards>
<action no="10" player="Fxntxsy" type="4" discard="1" dealt="1" sum="0"/>
<action no="11" player="oreiasccp" type="5" sum="66"/>
<action no="12" player="Fxntxsy" type="0" discard="1" dealt="1" sum="0"/>
</round>
</game>
<game gamecode="11514908525"><general><startdate>2025-06-16 10:41:51</startdate>
<round>1</round>
<failsafecounter/>
<players><player seat="3" name="oreiasccp" chips="770" dealer="0" win="0" bet="20" muck="1" rebuy="0" addon="0" merge="0" rebuychips="0" reg_code="8384861440"/>
<player seat="6" name="MattyMFD" chips="150" dealer="1" win="50" bet="150" muck="1" rebuy="0" addon="0" merge="0" rebuychips="0" reg_code="8384861454"/>
<player seat="10" name="Fxntxsy" chips="580" dealer="0" win="0" bet="10" muck="1" rebuy="0" addon="0" merge="0" rebuychips="0" reg_code="8384861477"/>
</players>
</general>
<round no="0"><action no="1" player="Fxntxsy" type="1" discard="1" dealt="1" sum="10"/>
<action no="2" player="oreiasccp" type="2" sum="20"/>
</round>
<round no="1"><cards type="Pocket" player="MattyMFD">X X</cards>
<cards type="Pocket" player="oreiasccp">SK C3</cards>
<cards type="Pocket" player="Fxntxsy">X X</cards>
<action no="3" player="MattyMFD" type="23" discard="1" dealt="1" sum="150"/>
<action no="4" player="Fxntxsy" type="0" discard="1" dealt="1" sum="0"/>
<action no="5" player="oreiasccp" type="0" sum="0"/>
</round>
</game>
<game gamecode="11514908571"><general><startdate>2025-06-16 10:42:04</startdate>
<round>1</round>
<failsafecounter/>
<players><player seat="6" name="MattyMFD" chips="180" dealer="0" win="0" bet="20" muck="1" rebuy="0" addon="0" merge="0" rebuychips="0" reg_code="8384861454"/>
<player seat="10" name="Fxntxsy" chips="570" dealer="1" win="0" bet="0" muck="1" rebuy="0" addon="0" merge="0" rebuychips="0" reg_code="8384861477"/>
<player seat="3" name="oreiasccp" chips="750" dealer="0" win="40" bet="180" muck="1" rebuy="0" addon="0" merge="0" rebuychips="0" reg_code="8384861440"/>
</players>
</general>
<round no="0"><action no="1" player="oreiasccp" type="1" sum="10"/>
<action no="2" player="MattyMFD" type="2" discard="1" dealt="1" sum="20"/>
</round>
<round no="1"><cards type="Pocket" player="oreiasccp">H5 H8</cards>
<cards type="Pocket" player="MattyMFD">X X</cards>
<cards type="Pocket" player="Fxntxsy">X X</cards>
<action no="3" player="Fxntxsy" type="0" discard="1" dealt="1" sum="0"/>
<action no="4" player="oreiasccp" type="23" sum="180"/>
<action no="5" player="MattyMFD" type="0" discard="1" dealt="1" sum="0"/>
</round>
</game>
<game gamecode="11514908605"><general><startdate>2025-06-16 10:42:14</startdate>
<round>1</round>
<failsafecounter/>
<players><player seat="10" name="Fxntxsy" chips="570" dealer="0" win="20" bet="20" muck="1" rebuy="0" addon="0" merge="0" rebuychips="0" reg_code="8384861477"/>
<player seat="3" name="oreiasccp" chips="770" dealer="1" win="0" bet="0" muck="1" rebuy="0" addon="0" merge="0" rebuychips="0" reg_code="8384861440"/>
<player seat="6" name="MattyMFD" chips="160" dealer="0" win="0" bet="10" muck="1" rebuy="0" addon="0" merge="0" rebuychips="0" reg_code="8384861454"/>
</players>
</general>
<round no="0"><action no="1" player="MattyMFD" type="1" discard="1" dealt="1" sum="10"/>
<action no="2" player="Fxntxsy" type="2" discard="1" dealt="1" sum="20"/>
</round>
<round no="1"><cards type="Pocket" player="MattyMFD">X X</cards>
<cards type="Pocket" player="Fxntxsy">X X</cards>
<cards type="Pocket" player="oreiasccp">HJ S2</cards>
<action no="3" player="oreiasccp" type="0" sum="0"/>
<action no="4" player="MattyMFD" type="0" discard="1" dealt="1" sum="0"/>
</round>
</game>
<game gamecode="11514908625"><general><startdate>2025-06-16 10:42:21</startdate>
<round>1</round>
<failsafecounter/>
<players><player seat="3" name="oreiasccp" chips="770" dealer="0" win="320" bet="150" muck="0" rebuy="0" addon="0" merge="0" rebuychips="0" reg_code="8384861440"/>
<player seat="6" name="MattyMFD" chips="150" dealer="1" win="0" bet="150" muck="0" rebuy="0" addon="0" merge="0" rebuychips="0" reg_code="8384861454"/>
<player seat="10" name="Fxntxsy" chips="580" dealer="0" win="0" bet="20" muck="1" rebuy="0" addon="0" merge="0" rebuychips="0" reg_code="8384861477"/>
</players>
</general>
<round no="0"><action no="1" player="Fxntxsy" type="15" discard="1" dealt="1" sum="5"/>
<action no="2" player="oreiasccp" type="15" sum="5"/>
<action no="3" player="MattyMFD" type="15" discard="1" dealt="1" sum="5"/>
<action no="4" player="Fxntxsy" type="1" discard="1" dealt="1" sum="15"/>
<action no="5" player="oreiasccp" type="2" sum="30"/>
</round>
<round no="1"><cards type="Pocket" player="MattyMFD">H3 DQ</cards>
<cards type="Pocket" player="Fxntxsy">X X</cards>
<cards type="Pocket" player="oreiasccp">S5 C5</cards>
<action no="6" player="MattyMFD" type="23" discard="1" dealt="1" sum="145"/>
<action no="7" player="Fxntxsy" type="0" discard="1" dealt="1" sum="0"/>
<action no="8" player="oreiasccp" type="3" sum="115"/>
</round>
<round no="2"><cards type="Flop">CK S7 D5</cards>
</round>
<round no="3"><cards type="Turn">H5</cards>
</round>
<round no="4"><cards type="River">D2</cards>
</round>
</game>
<game gamecode="11514908685"><general><startdate>2025-06-16 10:42:39</startdate>
<round>1</round>
<failsafecounter/>
<players><player seat="3" name="oreiasccp" chips="940" dealer="0" win="40" bet="35" muck="1" rebuy="0" addon="0" merge="0" rebuychips="0" reg_code="8384861440"/>
<player seat="10" name="Fxntxsy" chips="560" dealer="1" win="0" bet="20" muck="1" rebuy="0" addon="0" merge="0" rebuychips="0" reg_code="8384861477"/>
</players>
</general>
<round no="0"><action no="1" player="Fxntxsy" type="15" discard="1" dealt="1" sum="5"/>
<action no="2" player="oreiasccp" type="15" sum="5"/>
<action no="3" player="Fxntxsy" type="1" discard="1" dealt="1" sum="15"/>
<action no="4" player="oreiasccp" type="2" sum="30"/>
</round>
<round no="1"><cards type="Pocket" player="oreiasccp">S5 H6</cards>
<cards type="Pocket" player="Fxntxsy">X X</cards>
<action no="5" player="Fxntxsy" type="0" discard="1" dealt="1" sum="0"/>
</round>
</game>
<game gamecode="11514908706"><general><startdate>2025-06-16 10:42:45</startdate>
<round>1</round>
<failsafecounter/>
<players><player seat="10" name="Fxntxsy" chips="540" dealer="0" win="0" bet="35" muck="1" rebuy="0" addon="0" merge="0" rebuychips="0" reg_code="8384861477"/>
<player seat="3" name="oreiasccp" chips="960" dealer="1" win="70" bet="65" muck="1" rebuy="0" addon="0" merge="0" rebuychips="0" reg_code="8384861440"/>
</players>
</general>
<round no="0"><action no="1" player="oreiasccp" type="15" sum="5"/>
<action no="2" player="Fxntxsy" type="15" discard="1" dealt="1" sum="5"/>
<action no="3" player="oreiasccp" type="1" sum="15"/>
<action no="4" player="Fxntxsy" type="2" discard="1" dealt="1" sum="30"/>
</round>
<round no="1"><cards type="Pocket" player="oreiasccp">SQ H4</cards>
<cards type="Pocket" player="Fxntxsy">X X</cards>
<action no="5" player="oreiasccp" type="23" sum="60"/>
<action no="6" player="Fxntxsy" type="0" discard="1" dealt="1" sum="0"/>
</round>
</game>
<game gamecode="11514908726"><general><startdate>2025-06-16 10:42:52</startdate>
<round>1</round>
<failsafecounter/>
<players><player seat="3" name="oreiasccp" chips="995" dealer="0" win="0" bet="130" muck="1" rebuy="0" addon="0" merge="0" rebuychips="0" reg_code="8384861440"/>
<player seat="10" name="Fxntxsy" chips="505" dealer="1" win="260" bet="130" muck="0" rebuy="0" addon="0" merge="0" rebuychips="0" reg_code="8384861477"/>
</players>
</general>
<round no="0"><action no="1" player="Fxntxsy" type="15" discard="1" dealt="1" sum="5"/>
<action no="2" player="oreiasccp" type="15" sum="5"/>
<action no="3" player="Fxntxsy" type="1" discard="1" dealt="1" sum="15"/>
<action no="4" player="oreiasccp" type="2" sum="30"/>
</round>
<round no="1"><cards type="Pocket" player="Fxntxsy">SA C9</cards>
<cards type="Pocket" player="oreiasccp">H9 DQ</cards>
<action no="5" player="Fxntxsy" type="3" discard="1" dealt="1" sum="15"/>
<action no="6" player="oreiasccp" type="4" sum="0"/>
</round>
<round no="2"><cards type="Flop">S10 C8 DA</cards>
<action no="7" player="oreiasccp" type="4" sum="0"/>
<action no="8" player="Fxntxsy" type="5" discard="1" dealt="1" sum="30"/>
<action no="9" player="oreiasccp" type="3" sum="30"/>
</round>
<round no="3"><cards type="Turn">H8</cards>
<action no="10" player="oreiasccp" type="5" sum="65"/>
<action no="11" player="Fxntxsy" type="3" discard="1" dealt="1" sum="65"/>
</round>
<round no="4"><cards type="River">DK</cards>
<action no="12" player="oreiasccp" type="4" sum="0"/>
<action no="13" player="Fxntxsy" type="4" discard="1" dealt="1" sum="0"/>
</round>
</game>
<game gamecode="11514908793"><general><startdate>2025-06-16 10:43:11</startdate>
<round>1</round>
<failsafecounter/>
<players><player seat="10" name="Fxntxsy" chips="635" dealer="0" win="0" bet="160" muck="1" rebuy="0" addon="0" merge="0" rebuychips="0" reg_code="8384861477"/>
<player seat="3" name="oreiasccp" chips="865" dealer="1" win="320" bet="160" muck="0" rebuy="0" addon="0" merge="0" rebuychips="0" reg_code="8384861440"/>
</players>
</general>
<round no="0"><action no="1" player="oreiasccp" type="15" sum="5"/>
<action no="2" player="Fxntxsy" type="15" discard="1" dealt="1" sum="5"/>
<action no="3" player="oreiasccp" type="1" sum="15"/>
<action no="4" player="Fxntxsy" type="2" discard="1" dealt="1" sum="30"/>
</round>
<round no="1"><cards type="Pocket" player="oreiasccp">C7 SQ</cards>
<cards type="Pocket" player="Fxntxsy">HK C3</cards>
<action no="5" player="oreiasccp" type="23" sum="60"/>
<action no="6" player="Fxntxsy" type="3" discard="1" dealt="1" sum="30"/>
</round>
<round no="2"><cards type="Flop">HQ S8 D2</cards>
<action no="7" player="Fxntxsy" type="4" discard="1" dealt="1" sum="0"/>
<action no="8" player="oreiasccp" type="4" sum="0"/>
</round>
<round no="3"><cards type="Turn">H8</cards>
<action no="9" player="Fxntxsy" type="4" discard="1" dealt="1" sum="0"/>
<action no="10" player="oreiasccp" type="4" sum="0"/>
</round>
<round no="4"><cards type="River">DQ</cards>
<action no="11" player="Fxntxsy" type="4" discard="1" dealt="1" sum="0"/>
<action no="12" player="oreiasccp" type="5" sum="95"/>
<action no="13" player="Fxntxsy" type="3" discard="1" dealt="1" sum="95"/>
</round>
</game>
<game gamecode="11514908857"><general><startdate>2025-06-16 10:43:27</startdate>
<round>1</round>
<failsafecounter/>
<players><player seat="3" name="oreiasccp" chips="1,025" dealer="0" win="130" bet="130" muck="1" rebuy="0" addon="0" merge="0" rebuychips="0" reg_code="8384861440"/>
<player seat="10" name="Fxntxsy" chips="475" dealer="1" win="0" bet="65" muck="1" rebuy="0" addon="0" merge="0" rebuychips="0" reg_code="8384861477"/>
</players>
</general>
<round no="0"><action no="1" player="Fxntxsy" type="15" discard="1" dealt="1" sum="5"/>
<action no="2" player="oreiasccp" type="15" sum="5"/>
<action no="3" player="Fxntxsy" type="1" discard="1" dealt="1" sum="15"/>
<action no="4" player="oreiasccp" type="2" sum="30"/>
</round>
<round no="1"><cards type="Pocket" player="oreiasccp">C5 C8</cards>
<cards type="Pocket" player="Fxntxsy">X X</cards>
<action no="5" player="Fxntxsy" type="23" discard="1" dealt="1" sum="60"/>
<action no="6" player="oreiasccp" type="3" sum="30"/>
</round>
<round no="2"><cards type="Flop">D9 H10 HQ</cards>
<action no="7" player="oreiasccp" type="4" sum="0"/>
<action no="8" player="Fxntxsy" type="4" discard="1" dealt="1" sum="0"/>
</round>
<round no="3"><cards type="Turn">DQ</cards>
<action no="9" player="oreiasccp" type="5" sum="65"/>
<action no="10" player="Fxntxsy" type="0" discard="1" dealt="1" sum="0"/>
</round>
</game>
<game gamecode="11514908895"><general><startdate>2025-06-16 10:43:42</startdate>
<round>1</round>
<failsafecounter/>
<players><player seat="10" name="Fxntxsy" chips="410" dealer="0" win="70" bet="65" muck="1" rebuy="0" addon="0" merge="0" rebuychips="0" reg_code="8384861477"/>
<player seat="3" name="oreiasccp" chips="1,090" dealer="1" win="0" bet="35" muck="1" rebuy="0" addon="0" merge="0" rebuychips="0" reg_code="8384861440"/>
</players>
</general>
<round no="0"><action no="1" player="oreiasccp" type="15" sum="5"/>
<action no="2" player="Fxntxsy" type="15" discard="1" dealt="1" sum="5"/>
<action no="3" player="oreiasccp" type="1" sum="15"/>
<action no="4" player="Fxntxsy" type="2" discard="1" dealt="1" sum="30"/>
</round>
<round no="1"><cards type="Pocket" player="oreiasccp">H6 C10</cards>
<cards type="Pocket" player="Fxntxsy">X X</cards>
<action no="5" player="oreiasccp" type="3" sum="15"/>
<action no="6" player="Fxntxsy" type="23" discard="1" dealt="1" sum="60"/>
<action no="7" player="oreiasccp" type="0" sum="0"/>
</round>
</game>
<game gamecode="11514908920"><general><startdate>2025-06-16 10:43:50</startdate>
<round>1</round>
<failsafecounter/>
<players><player seat="3" name="oreiasccp" chips="1,055" dealer="0" win="890" bet="445" muck="0" rebuy="0" addon="0" merge="0" rebuychips="0" reg_code="8384861440"/>
<player seat="10" name="Fxntxsy" chips="445" dealer="1" win="0" bet="445" muck="1" rebuy="0" addon="0" merge="0" rebuychips="0" reg_code="8384861477"/>
</players>
</general>
<round no="0"><action no="1" player="Fxntxsy" type="15" discard="1" dealt="1" sum="5"/>
<action no="2" player="oreiasccp" type="15" sum="5"/>
<action no="3" player="Fxntxsy" type="1" discard="1" dealt="1" sum="15"/>
<action no="4" player="oreiasccp" type="2" sum="30"/>
</round>
<round no="1"><cards type="Pocket" player="oreiasccp">HJ SJ</cards>
<cards type="Pocket" player="Fxntxsy">C8 HQ</cards>
<action no="5" player="Fxntxsy" type="23" discard="1" dealt="1" sum="60"/>
<action no="6" player="oreiasccp" type="23" sum="440"/>
<action no="7" player="Fxntxsy" type="7" discard="1" dealt="1" sum="380"/>
</round>
<round no="2"><cards type="Flop">H4 H6 C10</cards>
</round>
<round no="3"><cards type="Turn">C5</cards>
</round>
<round no="4"><cards type="River">CA</cards>
</round>
</game>
</session>
