<?xml version="1.0" encoding="UTF-8"?>
<session sessioncode="8384889510">
<general>
<client_version>24.7.1.16</client_version>
<mode>real</mode>
<gametype>Holdem NL</gametype>
<tablename>Twister €5 SNG, 1127572154</tablename>
<tournamentcode>1127572153</tournamentcode>
<tournamentname>Twister €5 SNG</tournamentname>
<buyin>€0 + €0.35 + €4.65</buyin>
<totalbuyin>€5</totalbuyin>
<rewarddrawn>€10</rewarddrawn>
<tournamentcurrency>EUR</tournamentcurrency>
<currency>EUR</currency>
<nickname>oreiasccp</nickname>
<gamecount>9</gamecount>
<startdate>2025-06-16 12:02:00</startdate>
<place>3</place>
<win>€0</win>
<tablesize>3</tablesize>
</general>
<game gamecode="11514979666"><general><startdate>2025-06-16 12:02:16</startdate>
<round>1</round>
<failsafecounter/>
<players><player seat="6" name="oreiasccp" chips="500" dealer="0" win="20" bet="20" muck="1" rebuy="0" addon="0" merge="0" rebuychips="0" reg_code="8384889510"/>
<player seat="10" name="d0nsamag0n" chips="500" dealer="1" win="0" bet="0" muck="1" rebuy="0" addon="0" merge="0" rebuychips="0" reg_code="8384889511"/>
<player seat="3" name="RNGsus" chips="500" dealer="0" win="0" bet="10" muck="1" rebuy="0" addon="0" merge="0" rebuychips="0" reg_code="8384889435"/>
</players>
</general>
<round no="0"><action no="1" player="RNGsus" type="1" discard="1" dealt="1" sum="10"/>
<action no="2" player="oreiasccp" type="2" sum="20"/>
</round>
<round no="1"><cards type="Pocket" player="RNGsus">X X</cards>
<cards type="Pocket" player="d0nsamag0n">X X</cards>
<cards type="Pocket" player="oreiasccp">DK S10</cards>
<action no="3" player="d0nsamag0n" type="0" discard="1" dealt="1" sum="0"/>
<action no="4" player="RNGsus" type="0" discard="1" dealt="1" sum="0"/>
</round>
</game>
<game gamecode="11514979722"><general><startdate>2025-06-16 12:02:28</startdate>
<round>1</round>
<failsafecounter/>
<players><player seat="10" name="d0nsamag0n" chips="500" dealer="0" win="0" bet="60" muck="1" rebuy="0" addon="0" merge="0" rebuychips="0" reg_code="8384889511"/>
<player seat="3" name="RNGsus" chips="490" dealer="1" win="0" bet="0" muck="1" rebuy="0" addon="0" merge="0" rebuychips="0" reg_code="8384889435"/>
<player seat="6" name="oreiasccp" chips="510" dealer="0" win="120" bet="120" muck="1" rebuy="0" addon="0" merge="0" rebuychips="0" reg_code="8384889510"/>
</players>
</general>
<round no="0"><action no="1" player="oreiasccp" type="1" sum="10"/>
<action no="2" player="d0nsamag0n" type="2" discard="1" dealt="1" sum="20"/>
</round>
<round no="1"><cards type="Pocket" player="oreiasccp">C8 SK</cards>
<cards type="Pocket" player="RNGsus">X X</cards>
<cards type="Pocket" player="d0nsamag0n">X X</cards>
<action no="3" player="RNGsus" type="0" discard="1" dealt="1" sum="0"/>
<action no="4" player="oreiasccp" type="23" sum="40"/>
<action no="5" player="d0nsamag0n" type="3" discard="1" dealt="1" sum="20"/>
</round>
<round no="2"><cards type="Flop">HQ S7 S6</cards>
<action no="6" player="oreiasccp" type="5" sum="20"/>
<action no="7" player="d0nsamag0n" type="3" discard="1" dealt="1" sum="20"/>
</round>
<round no="3"><cards type="Turn">S9</cards>
<action no="8" player="oreiasccp" type="5" sum="60"/>
<action no="9" player="d0nsamag0n" type="0" discard="1" dealt="1" sum="0"/>
</round>
</game>
<game gamecode="11514979841"><general><startdate>2025-06-16 12:02:57</startdate>
<round>1</round>
<failsafecounter/>
<players><player seat="3" name="RNGsus" chips="490" dealer="0" win="0" bet="90" muck="1" rebuy="0" addon="0" merge="0" rebuychips="0" reg_code="8384889435"/>
<player seat="6" name="oreiasccp" chips="570" dealer="1" win="0" bet="0" muck="1" rebuy="0" addon="0" merge="0" rebuychips="0" reg_code="8384889510"/>
<player seat="10" name="d0nsamag0n" chips="440" dealer="0" win="180" bet="216" muck="1" rebuy="0" addon="0" merge="0" rebuychips="0" reg_code="8384889511"/>
</players>
</general>
<round no="0"><action no="1" player="d0nsamag0n" type="1" discard="1" dealt="1" sum="10"/>
<action no="2" player="RNGsus" type="2" discard="1" dealt="1" sum="20"/>
</round>
<round no="1"><cards type="Pocket" player="oreiasccp">C5 S9</cards>
<cards type="Pocket" player="d0nsamag0n">X X</cards>
<cards type="Pocket" player="RNGsus">X X</cards>
<action no="3" player="oreiasccp" type="0" sum="0"/>
<action no="4" player="d0nsamag0n" type="23" discard="1" dealt="1" sum="60"/>
<action no="5" player="RNGsus" type="3" discard="1" dealt="1" sum="40"/>
</round>
<round no="2"><cards type="Flop">CA CJ D8</cards>
<action no="6" player="d0nsamag0n" type="5" discard="1" dealt="1" sum="30"/>
<action no="7" player="RNGsus" type="3" discard="1" dealt="1" sum="30"/>
</round>
<round no="3"><cards type="Turn">CQ</cards>
<action no="8" player="d0nsamag0n" type="5" discard="1" dealt="1" sum="126"/>
<action no="9" player="RNGsus" type="0" discard="1" dealt="1" sum="0"/>
</round>
</game>
<game gamecode="11514979930"><general><startdate>2025-06-16 12:03:23</startdate>
<round>1</round>
<failsafecounter/>
<players><player seat="6" name="oreiasccp" chips="570" dealer="0" win="170" bet="80" muck="0" rebuy="0" addon="0" merge="0" rebuychips="0" reg_code="8384889510"/>
<player seat="10" name="d0nsamag0n" chips="530" dealer="1" win="0" bet="80" muck="1" rebuy="0" addon="0" merge="0" rebuychips="0" reg_code="8384889511"/>
<player seat="3" name="RNGsus" chips="400" dealer="0" win="0" bet="10" muck="1" rebuy="0" addon="0" merge="0" rebuychips="0" reg_code="8384889435"/>
</players>
</general>
<round no="0"><action no="1" player="RNGsus" type="1" discard="1" dealt="1" sum="10"/>
<action no="2" player="oreiasccp" type="2" sum="20"/>
</round>
<round no="1"><cards type="Pocket" player="d0nsamag0n">D9 D6</cards>
<cards type="Pocket" player="RNGsus">X X</cards>
<cards type="Pocket" player="oreiasccp">DA C8</cards>
<action no="3" player="d0nsamag0n" type="23" discard="1" dealt="1" sum="40"/>
<action no="4" player="RNGsus" type="0" discard="1" dealt="1" sum="0"/>
<action no="5" player="oreiasccp" type="3" sum="20"/>
</round>
<round no="2"><cards type="Flop">S2 H5 SJ</cards>
<action no="6" player="oreiasccp" type="4" sum="0"/>
<action no="7" player="d0nsamag0n" type="5" discard="1" dealt="1" sum="20"/>
<action no="8" player="oreiasccp" type="3" sum="20"/>
</round>
<round no="3"><cards type="Turn">HJ</cards>
<action no="9" player="oreiasccp" type="4" sum="0"/>
<action no="10" player="d0nsamag0n" type="5" discard="1" dealt="1" sum="20"/>
<action no="11" player="oreiasccp" type="3" sum="20"/>
</round>
<round no="4"><cards type="River">D2</cards>
<action no="12" player="oreiasccp" type="4" sum="0"/>
<action no="13" player="d0nsamag0n" type="4" discard="1" dealt="1" sum="0"/>
</round>
</game>
<game gamecode="11514980064"><general><startdate>2025-06-16 12:03:52</startdate>
<round>1</round>
<failsafecounter/>
<players><player seat="10" name="d0nsamag0n" chips="450" dealer="0" win="210" bet="252" muck="1" rebuy="0" addon="0" merge="0" rebuychips="0" reg_code="8384889511"/>
<player seat="3" name="RNGsus" chips="390" dealer="1" win="0" bet="0" muck="1" rebuy="0" addon="0" merge="0" rebuychips="0" reg_code="8384889435"/>
<player seat="6" name="oreiasccp" chips="660" dealer="0" win="0" bet="105" muck="1" rebuy="0" addon="0" merge="0" rebuychips="0" reg_code="8384889510"/>
</players>
</general>
<round no="0"><action no="1" player="oreiasccp" type="1" sum="10"/>
<action no="2" player="d0nsamag0n" type="2" discard="1" dealt="1" sum="20"/>
</round>
<round no="1"><cards type="Pocket" player="RNGsus">X X</cards>
<cards type="Pocket" player="oreiasccp">S9 SQ</cards>
<cards type="Pocket" player="d0nsamag0n">X X</cards>
<action no="3" player="RNGsus" type="0" discard="1" dealt="1" sum="0"/>
<action no="4" player="oreiasccp" type="23" sum="50"/>
<action no="5" player="d0nsamag0n" type="3" discard="1" dealt="1" sum="30"/>
</round>
<round no="2"><cards type="Flop">C8 S4 D5</cards>
<action no="6" player="oreiasccp" type="5" sum="20"/>
<action no="7" player="d0nsamag0n" type="3" discard="1" dealt="1" sum="20"/>
</round>
<round no="3"><cards type="Turn">D7</cards>
<action no="8" player="oreiasccp" type="4" sum="0"/>
<action no="9" player="d0nsamag0n" type="5" discard="1" dealt="1" sum="35"/>
<action no="10" player="oreiasccp" type="3" sum="35"/>
</round>
<round no="4"><cards type="River">D10</cards>
<action no="11" player="oreiasccp" type="4" sum="0"/>
<action no="12" player="d0nsamag0n" type="5" discard="1" dealt="1" sum="147"/>
<action no="13" player="oreiasccp" type="0" sum="0"/>
</round>
</game>
<game gamecode="11514980199"><general><startdate>2025-06-16 12:04:22</startdate>
<round>1</round>
<failsafecounter/>
<players><player seat="3" name="RNGsus" chips="390" dealer="0" win="0" bet="35" muck="1" rebuy="0" addon="0" merge="0" rebuychips="0" reg_code="8384889435"/>
<player seat="6" name="oreiasccp" chips="555" dealer="1" win="90" bet="555" muck="1" rebuy="0" addon="0" merge="0" rebuychips="0" reg_code="8384889510"/>
<player seat="10" name="d0nsamag0n" chips="555" dealer="0" win="0" bet="20" muck="1" rebuy="0" addon="0" merge="0" rebuychips="0" reg_code="8384889511"/>
</players>
</general>
<round no="0"><action no="1" player="d0nsamag0n" type="15" discard="1" dealt="1" sum="5"/>
<action no="2" player="RNGsus" type="15" discard="1" dealt="1" sum="5"/>
<action no="3" player="oreiasccp" type="15" sum="5"/>
<action no="4" player="d0nsamag0n" type="1" discard="1" dealt="1" sum="15"/>
<action no="5" player="RNGsus" type="2" discard="1" dealt="1" sum="30"/>
</round>
<round no="1"><cards type="Pocket" player="d0nsamag0n">X X</cards>
<cards type="Pocket" player="RNGsus">X X</cards>
<cards type="Pocket" player="oreiasccp">HA D10</cards>
<action no="6" player="oreiasccp" type="23" sum="550"/>
<action no="7" player="d0nsamag0n" type="0" discard="1" dealt="1" sum="0"/>
<action no="8" player="RNGsus" type="0" discard="1" dealt="1" sum="0"/>
</round>
</game>
<game gamecode="11514980257"><general><startdate>2025-06-16 12:04:34</startdate>
<round>1</round>
<failsafecounter/>
<players><player seat="6" name="oreiasccp" chips="610" dealer="0" win="0" bet="65" muck="1" rebuy="0" addon="0" merge="0" rebuychips="0" reg_code="8384889510"/>
<player seat="10" name="d0nsamag0n" chips="535" dealer="1" win="150" bet="170" muck="1" rebuy="0" addon="0" merge="0" rebuychips="0" reg_code="8384889511"/>
<player seat="3" name="RNGsus" chips="355" dealer="0" win="0" bet="20" muck="1" rebuy="0" addon="0" merge="0" rebuychips="0" reg_code="8384889435"/>
</players>
</general>
<round no="0"><action no="1" player="RNGsus" type="15" discard="1" dealt="1" sum="5"/>
<action no="2" player="oreiasccp" type="15" sum="5"/>
<action no="3" player="d0nsamag0n" type="15" discard="1" dealt="1" sum="5"/>
<action no="4" player="RNGsus" type="1" discard="1" dealt="1" sum="15"/>
<action no="5" player="oreiasccp" type="2" sum="30"/>
</round>
<round no="1"><cards type="Pocket" player="oreiasccp">CK H9</cards>
<cards type="Pocket" player="d0nsamag0n">X X</cards>
<cards type="Pocket" player="RNGsus">X X</cards>
<action no="6" player="d0nsamag0n" type="23" discard="1" dealt="1" sum="60"/>
<action no="7" player="RNGsus" type="0" discard="1" dealt="1" sum="0"/>
<action no="8" player="oreiasccp" type="3" sum="30"/>
</round>
<round no="2"><cards type="Flop">D7 H2 D6</cards>
<action no="9" player="oreiasccp" type="4" sum="0"/>
<action no="10" player="d0nsamag0n" type="5" discard="1" dealt="1" sum="105"/>
<action no="11" player="oreiasccp" type="0" sum="0"/>
</round>
</game>
<game gamecode="11514980325"><general><startdate>2025-06-16 12:04:50</startdate>
<round>1</round>
<failsafecounter/>
<players><player seat="10" name="d0nsamag0n" chips="620" dealer="0" win="45" bet="35" muck="1" rebuy="0" addon="0" merge="0" rebuychips="0" reg_code="8384889511"/>
<player seat="3" name="RNGsus" chips="335" dealer="1" win="0" bet="5" muck="1" rebuy="0" addon="0" merge="0" rebuychips="0" reg_code="8384889435"/>
<player seat="6" name="oreiasccp" chips="545" dealer="0" win="0" bet="20" muck="1" rebuy="0" addon="0" merge="0" rebuychips="0" reg_code="8384889510"/>
</players>
</general>
<round no="0"><action no="1" player="oreiasccp" type="15" sum="5"/>
<action no="2" player="d0nsamag0n" type="15" discard="1" dealt="1" sum="5"/>
<action no="3" player="RNGsus" type="15" discard="1" dealt="1" sum="5"/>
<action no="4" player="oreiasccp" type="1" sum="15"/>
<action no="5" player="d0nsamag0n" type="2" discard="1" dealt="1" sum="30"/>
</round>
<round no="1"><cards type="Pocket" player="d0nsamag0n">X X</cards>
<cards type="Pocket" player="RNGsus">X X</cards>
<cards type="Pocket" player="oreiasccp">S2 H8</cards>
<action no="6" player="RNGsus" type="0" discard="1" dealt="1" sum="0"/>
<action no="7" player="oreiasccp" type="0" sum="0"/>
</round>
</game>
<game gamecode="11514980364"><general><startdate>2025-06-16 12:04:58</startdate>
<round>1</round>
<failsafecounter/>
<players><player seat="3" name="RNGsus" chips="330" dealer="0" win="0" bet="35" muck="1" rebuy="0" addon="0" merge="0" rebuychips="0" reg_code="8384889435"/>
<player seat="6" name="oreiasccp" chips="525" dealer="1" win="0" bet="525" muck="0" rebuy="0" addon="0" merge="0" rebuychips="0" reg_code="8384889510"/>
<player seat="10" name="d0nsamag0n" chips="645" dealer="0" win="1,085" bet="645" muck="0" rebuy="0" addon="0" merge="0" rebuychips="0" reg_code="8384889511"/>
</players>
</general>
<round no="0"><action no="1" player="d0nsamag0n" type="15" discard="1" dealt="1" sum="5"/>
<action no="2" player="RNGsus" type="15" discard="1" dealt="1" sum="5"/>
<action no="3" player="oreiasccp" type="15" sum="5"/>
<action no="4" player="d0nsamag0n" type="1" discard="1" dealt="1" sum="15"/>
<action no="5" player="RNGsus" type="2" discard="1" dealt="1" sum="30"/>
</round>
<round no="1"><cards type="Pocket" player="oreiasccp">C5 D5</cards>
<cards type="Pocket" player="d0nsamag0n">S9 C9</cards>
<cards type="Pocket" player="RNGsus">X X</cards>
<action no="6" player="oreiasccp" type="23" sum="520"/>
<action no="7" player="d0nsamag0n" type="7" discard="1" dealt="1" sum="625"/>
<action no="8" player="RNGsus" type="0" discard="1" dealt="1" sum="0"/>
</round>
<round no="2"><cards type="Flop">HQ CJ SQ</cards>
</round>
<round no="3"><cards type="Turn">C2</cards>
</round>
<round no="4"><cards type="River">C10</cards>
</round>
</game>
</session>
