<?xml version="1.0" encoding="UTF-8"?>
<session sessioncode="8384825489">
<general>
<client_version>24.7.1.16</client_version>
<mode>real</mode>
<gametype>Holdem NL</gametype>
<tablename>Twister €5 SNG, 1127561494</tablename>
<tournamentcode>1127561493</tournamentcode>
<tournamentname>Twister €5 SNG</tournamentname>
<buyin>€0 + €0.35 + €4.65</buyin>
<totalbuyin>€5</totalbuyin>
<rewarddrawn>€10</rewarddrawn>
<tournamentcurrency>EUR</tournamentcurrency>
<currency>EUR</currency>
<nickname>oreiasccp</nickname>
<gamecount>5</gamecount>
<startdate>2025-06-16 07:42:14</startdate>
<place>2</place>
<win>€0</win>
<tablesize>3</tablesize>
</general>
<game gamecode="11514791448"><general><startdate>2025-06-16 07:42:29</startdate>
<round>1</round>
<failsafecounter/>
<players><player seat="3" name="oreiasccp" chips="500" dealer="0" win="0" bet="20" muck="1" rebuy="0" addon="0" merge="0" rebuychips="0" reg_code="8384825489"/>
<player seat="6" name="pistolwave47" chips="500" dealer="1" win="0" bet="50" muck="1" rebuy="0" addon="0" merge="0" rebuychips="0" reg_code="8384825524"/>
<player seat="10" name="Gallanttriple9" chips="500" dealer="0" win="120" bet="500" muck="1" rebuy="0" addon="0" merge="0" rebuychips="0" reg_code="8384825533"/>
</players>
</general>
<round no="0"><action no="1" player="Gallanttriple9" type="1" discard="1" dealt="1" sum="10"/>
<action no="2" player="oreiasccp" type="2" sum="20"/>
</round>
<round no="1"><cards type="Pocket" player="Gallanttriple9">X X</cards>
<cards type="Pocket" player="oreiasccp">D3 S2</cards>
<cards type="Pocket" player="pistolwave47">X X</cards>
<action no="3" player="pistolwave47" type="23" discard="1" dealt="1" sum="50"/>
<action no="4" player="Gallanttriple9" type="3" discard="1" dealt="1" sum="40"/>
<action no="5" player="oreiasccp" type="0" sum="0"/>
</round>
<round no="2"><cards type="Flop">H4 S8 C2</cards>
<action no="6" player="Gallanttriple9" type="5" discard="1" dealt="1" sum="450"/>
<action no="7" player="pistolwave47" type="0" discard="1" dealt="1" sum="0"/>
</round>
</game>
<game gamecode="11514791497"><general><startdate>2025-06-16 07:42:51</startdate>
<round>1</round>
<failsafecounter/>
<players><player seat="6" name="pistolwave47" chips="450" dealer="0" win="0" bet="450" muck="0" rebuy="0" addon="0" merge="0" rebuychips="0" reg_code="8384825524"/>
<player seat="10" name="Gallanttriple9" chips="570" dealer="1" win="910" bet="450" muck="0" rebuy="0" addon="0" merge="0" rebuychips="0" reg_code="8384825533"/>
<player seat="3" name="oreiasccp" chips="480" dealer="0" win="0" bet="10" muck="1" rebuy="0" addon="0" merge="0" rebuychips="0" reg_code="8384825489"/>
</players>
</general>
<round no="0"><action no="1" player="oreiasccp" type="1" sum="10"/>
<action no="2" player="pistolwave47" type="2" discard="1" dealt="1" sum="20"/>
</round>
<round no="1"><cards type="Pocket" player="pistolwave47">HA SK</cards>
<cards type="Pocket" player="Gallanttriple9">DQ D2</cards>
<cards type="Pocket" player="oreiasccp">D8 SQ</cards>
<action no="3" player="Gallanttriple9" type="3" discard="1" dealt="1" sum="20"/>
<action no="4" player="oreiasccp" type="0" sum="0"/>
<action no="5" player="pistolwave47" type="23" discard="1" dealt="1" sum="60"/>
<action no="6" player="Gallanttriple9" type="3" discard="1" dealt="1" sum="40"/>
</round>
<round no="2"><cards type="Flop">C7 H2 S10</cards>
<action no="7" player="pistolwave47" type="5" discard="1" dealt="1" sum="390"/>
<action no="8" player="Gallanttriple9" type="3" discard="1" dealt="1" sum="390"/>
</round>
<round no="3"><cards type="Turn">C3</cards>
</round>
<round no="4"><cards type="River">C9</cards>
</round>
</game>
<game gamecode="11514791563"><general><startdate>2025-06-16 07:43:16</startdate>
<round>1</round>
<failsafecounter/>
<players><player seat="10" name="Gallanttriple9" chips="1,030" dealer="0" win="200" bet="160" muck="1" rebuy="0" addon="0" merge="0" rebuychips="0" reg_code="8384825533"/>
<player seat="3" name="oreiasccp" chips="470" dealer="1" win="0" bet="100" muck="1" rebuy="0" addon="0" merge="0" rebuychips="0" reg_code="8384825489"/>
</players>
</general>
<round no="0"><action no="1" player="oreiasccp" type="1" sum="10"/>
<action no="2" player="Gallanttriple9" type="2" discard="1" dealt="1" sum="20"/>
</round>
<round no="1"><cards type="Pocket" player="Gallanttriple9">X X</cards>
<cards type="Pocket" player="oreiasccp">HK S9</cards>
<action no="3" player="oreiasccp" type="3" sum="10"/>
<action no="4" player="Gallanttriple9" type="4" discard="1" dealt="1" sum="0"/>
</round>
<round no="2"><cards type="Flop">HQ H9 C7</cards>
<action no="5" player="Gallanttriple9" type="5" discard="1" dealt="1" sum="40"/>
<action no="6" player="oreiasccp" type="3" sum="40"/>
</round>
<round no="3"><cards type="Turn">SA</cards>
<action no="7" player="Gallanttriple9" type="5" discard="1" dealt="1" sum="40"/>
<action no="8" player="oreiasccp" type="3" sum="40"/>
</round>
<round no="4"><cards type="River">CJ</cards>
<action no="9" player="Gallanttriple9" type="5" discard="1" dealt="1" sum="60"/>
<action no="10" player="oreiasccp" type="0" sum="0"/>
</round>
</game>
<game gamecode="11514791629"><general><startdate>2025-06-16 07:43:43</startdate>
<round>1</round>
<failsafecounter/>
<players><player seat="3" name="oreiasccp" chips="370" dealer="0" win="740" bet="370" muck="0" rebuy="0" addon="0" merge="0" rebuychips="0" reg_code="8384825489"/>
<player seat="10" name="Gallanttriple9" chips="1,130" dealer="1" win="0" bet="370" muck="1" rebuy="0" addon="0" merge="0" rebuychips="0" reg_code="8384825533"/>
</players>
</general>
<round no="0"><action no="1" player="Gallanttriple9" type="1" discard="1" dealt="1" sum="10"/>
<action no="2" player="oreiasccp" type="2" sum="20"/>
</round>
<round no="1"><cards type="Pocket" player="Gallanttriple9">S7 H8</cards>
<cards type="Pocket" player="oreiasccp">HA S2</cards>
<action no="3" player="Gallanttriple9" type="3" discard="1" dealt="1" sum="10"/>
<action no="4" player="oreiasccp" type="23" sum="370"/>
<action no="5" player="Gallanttriple9" type="3" discard="1" dealt="1" sum="350"/>
</round>
<round no="2"><cards type="Flop">D9 S5 CQ</cards>
</round>
<round no="3"><cards type="Turn">C9</cards>
</round>
<round no="4"><cards type="River">C2</cards>
</round>
</game>
<game gamecode="11514795012"><general><startdate>2025-06-16 07:44:00</startdate>
<round>1</round>
<failsafecounter/>
<players><player seat="10" name="Gallanttriple9" chips="760" dealer="0" win="1,480" bet="740" muck="0" rebuy="0" addon="0" merge="0" rebuychips="0" reg_code="8384825533"/>
<player seat="3" name="oreiasccp" chips="740" dealer="1" win="0" bet="740" muck="0" rebuy="0" addon="0" merge="0" rebuychips="0" reg_code="8384825489"/>
</players>
</general>
<round no="0"><action no="1" player="oreiasccp" type="1" sum="10"/>
<action no="2" player="Gallanttriple9" type="2" discard="1" dealt="1" sum="20"/>
</round>
<round no="1"><cards type="Pocket" player="Gallanttriple9">SA SQ</cards>
<cards type="Pocket" player="oreiasccp">S8 CA</cards>
<action no="3" player="oreiasccp" type="3" sum="10"/>
<action no="4" player="Gallanttriple9" type="23" discard="1" dealt="1" sum="60"/>
<action no="5" player="oreiasccp" type="23" sum="740"/>
<action no="6" player="Gallanttriple9" type="3" discard="1" dealt="1" sum="680"/>
</round>
<round no="2"><cards type="Flop">D2 C7 H5</cards>
</round>
<round no="3"><cards type="Turn">H7</cards>
</round>
<round no="4"><cards type="River">S4</cards>
</round>
</game>
</session>
