<?xml version="1.0" encoding="UTF-8"?>
<session sessioncode="8384857535">
<general>
<client_version>24.7.1.16</client_version>
<mode>real</mode>
<gametype>Holdem NL</gametype>
<tablename>Twister €5 SNG, 1127567509</tablename>
<tournamentcode>1127567508</tournamentcode>
<tournamentname>Twister €5 SNG</tournamentname>
<buyin>€0 + €0.35 + €4.65</buyin>
<totalbuyin>€5</totalbuyin>
<rewarddrawn>€15</rewarddrawn>
<tournamentcurrency>EUR</tournamentcurrency>
<currency>EUR</currency>
<nickname>oreiasccp</nickname>
<gamecount>28</gamecount>
<startdate>2025-06-16 10:25:32</startdate>
<place>2</place>
<win>€0</win>
<tablesize>3</tablesize>
</general>
<game gamecode="11514897127"><general><startdate>2025-06-16 10:25:47</startdate>
<round>1</round>
<failsafecounter/>
<players><player seat="10" name="raven941" chips="500" dealer="0" win="0" bet="20" muck="1" rebuy="0" addon="0" merge="0" rebuychips="0" reg_code="8384857549"/>
<player seat="3" name="6SP9" chips="500" dealer="1" win="0" bet="500" muck="0" rebuy="0" addon="0" merge="0" rebuychips="0" reg_code="8384857485"/>
<player seat="6" name="oreiasccp" chips="500" dealer="0" win="1,020" bet="500" muck="0" rebuy="0" addon="0" merge="0" rebuychips="0" reg_code="8384857535"/>
</players>
</general>
<round no="0"><action no="1" player="oreiasccp" type="1" sum="10"/>
<action no="2" player="raven941" type="2" discard="1" dealt="1" sum="20"/>
</round>
<round no="1"><cards type="Pocket" player="6SP9">CK CQ</cards>
<cards type="Pocket" player="oreiasccp">CA C3</cards>
<cards type="Pocket" player="raven941">X X</cards>
<action no="3" player="6SP9" type="23" discard="1" dealt="1" sum="40"/>
<action no="4" player="oreiasccp" type="23" sum="500"/>
<action no="5" player="raven941" type="0" discard="1" dealt="1" sum="0"/>
<action no="6" player="6SP9" type="7" discard="1" dealt="1" sum="460"/>
</round>
<round no="2"><cards type="Flop">S9 H7 D7</cards>
</round>
<round no="3"><cards type="Turn">H4</cards>
</round>
<round no="4"><cards type="River">S3</cards>
</round>
</game>
<game gamecode="11514897198"><general><startdate>2025-06-16 10:26:11</startdate>
<round>1</round>
<failsafecounter/>
<players><player seat="10" name="raven941" chips="480" dealer="0" win="80" bet="80" muck="1" rebuy="0" addon="0" merge="0" rebuychips="0" reg_code="8384857549"/>
<player seat="6" name="oreiasccp" chips="1,020" dealer="1" win="0" bet="40" muck="1" rebuy="0" addon="0" merge="0" rebuychips="0" reg_code="8384857535"/>
</players>
</general>
<round no="0"><action no="1" player="oreiasccp" type="1" sum="10"/>
<action no="2" player="raven941" type="2" discard="1" dealt="1" sum="20"/>
</round>
<round no="1"><cards type="Pocket" player="oreiasccp">S3 D8</cards>
<cards type="Pocket" player="raven941">X X</cards>
<action no="3" player="oreiasccp" type="3" sum="10"/>
<action no="4" player="raven941" type="4" discard="1" dealt="1" sum="0"/>
</round>
<round no="2"><cards type="Flop">CK S2 D2</cards>
<action no="5" player="raven941" type="4" discard="1" dealt="1" sum="0"/>
<action no="6" player="oreiasccp" type="5" sum="20"/>
<action no="7" player="raven941" type="23" discard="1" dealt="1" sum="60"/>
<action no="8" player="oreiasccp" type="0" sum="0"/>
</round>
</game>
<game gamecode="11514897260"><general><startdate>2025-06-16 10:26:33</startdate>
<round>1</round>
<failsafecounter/>
<players><player seat="6" name="oreiasccp" chips="980" dealer="0" win="0" bet="20" muck="1" rebuy="0" addon="0" merge="0" rebuychips="0" reg_code="8384857535"/>
<player seat="10" name="raven941" chips="520" dealer="1" win="40" bet="40" muck="1" rebuy="0" addon="0" merge="0" rebuychips="0" reg_code="8384857549"/>
</players>
</general>
<round no="0"><action no="1" player="raven941" type="1" discard="1" dealt="1" sum="10"/>
<action no="2" player="oreiasccp" type="2" sum="20"/>
</round>
<round no="1"><cards type="Pocket" player="oreiasccp">H10 D5</cards>
<cards type="Pocket" player="raven941">X X</cards>
<action no="3" player="raven941" type="23" discard="1" dealt="1" sum="40"/>
<action no="4" player="oreiasccp" type="0" sum="0"/>
</round>
</game>
<game gamecode="11514897278"><general><startdate>2025-06-16 10:26:39</startdate>
<round>1</round>
<failsafecounter/>
<players><player seat="10" name="raven941" chips="540" dealer="0" win="40" bet="60" muck="1" rebuy="0" addon="0" merge="0" rebuychips="0" reg_code="8384857549"/>
<player seat="6" name="oreiasccp" chips="960" dealer="1" win="0" bet="20" muck="1" rebuy="0" addon="0" merge="0" rebuychips="0" reg_code="8384857535"/>
</players>
</general>
<round no="0"><action no="1" player="oreiasccp" type="1" sum="10"/>
<action no="2" player="raven941" type="2" discard="1" dealt="1" sum="20"/>
</round>
<round no="1"><cards type="Pocket" player="oreiasccp">S9 D5</cards>
<cards type="Pocket" player="raven941">X X</cards>
<action no="3" player="oreiasccp" type="3" sum="10"/>
<action no="4" player="raven941" type="4" discard="1" dealt="1" sum="0"/>
</round>
<round no="2"><cards type="Flop">D9 D6 HQ</cards>
<action no="5" player="raven941" type="4" discard="1" dealt="1" sum="0"/>
<action no="6" player="oreiasccp" type="4" sum="0"/>
</round>
<round no="3"><cards type="Turn">H10</cards>
<action no="7" player="raven941" type="4" discard="1" dealt="1" sum="0"/>
<action no="8" player="oreiasccp" type="4" sum="0"/>
</round>
<round no="4"><cards type="River">S7</cards>
<action no="9" player="raven941" type="5" discard="1" dealt="1" sum="40"/>
<action no="10" player="oreiasccp" type="0" sum="0"/>
</round>
</game>
<game gamecode="11514897408"><general><startdate>2025-06-16 10:27:19</startdate>
<round>1</round>
<failsafecounter/>
<players><player seat="6" name="oreiasccp" chips="940" dealer="0" win="40" bet="80" muck="1" rebuy="0" addon="0" merge="0" rebuychips="0" reg_code="8384857535"/>
<player seat="10" name="raven941" chips="560" dealer="1" win="0" bet="20" muck="1" rebuy="0" addon="0" merge="0" rebuychips="0" reg_code="8384857549"/>
</players>
</general>
<round no="0"><action no="1" player="raven941" type="1" discard="1" dealt="1" sum="10"/>
<action no="2" player="oreiasccp" type="2" sum="20"/>
</round>
<round no="1"><cards type="Pocket" player="oreiasccp">HQ SQ</cards>
<cards type="Pocket" player="raven941">X X</cards>
<action no="3" player="raven941" type="3" discard="1" dealt="1" sum="10"/>
<action no="4" player="oreiasccp" type="23" sum="80"/>
<action no="5" player="raven941" type="0" discard="1" dealt="1" sum="0"/>
</round>
</game>
<game gamecode="11514897445"><general><startdate>2025-06-16 10:27:29</startdate>
<round>1</round>
<failsafecounter/>
<players><player seat="10" name="raven941" chips="540" dealer="0" win="0" bet="60" muck="1" rebuy="0" addon="0" merge="0" rebuychips="0" reg_code="8384857549"/>
<player seat="6" name="oreiasccp" chips="960" dealer="1" win="120" bet="60" muck="0" rebuy="0" addon="0" merge="0" rebuychips="0" reg_code="8384857535"/>
</players>
</general>
<round no="0"><action no="1" player="oreiasccp" type="1" sum="10"/>
<action no="2" player="raven941" type="2" discard="1" dealt="1" sum="20"/>
</round>
<round no="1"><cards type="Pocket" player="oreiasccp">C10 S5</cards>
<cards type="Pocket" player="raven941">H2 HJ</cards>
<action no="3" player="oreiasccp" type="3" sum="10"/>
<action no="4" player="raven941" type="4" discard="1" dealt="1" sum="0"/>
</round>
<round no="2"><cards type="Flop">H5 D8 C3</cards>
<action no="5" player="raven941" type="4" discard="1" dealt="1" sum="0"/>
<action no="6" player="oreiasccp" type="4" sum="0"/>
</round>
<round no="3"><cards type="Turn">H4</cards>
<action no="7" player="raven941" type="5" discard="1" dealt="1" sum="40"/>
<action no="8" player="oreiasccp" type="3" sum="40"/>
</round>
<round no="4"><cards type="River">SK</cards>
<action no="9" player="raven941" type="4" discard="1" dealt="1" sum="0"/>
<action no="10" player="oreiasccp" type="4" sum="0"/>
</round>
</game>
<game gamecode="11514897581"><general><startdate>2025-06-16 10:28:06</startdate>
<round>1</round>
<failsafecounter/>
<players><player seat="6" name="oreiasccp" chips="1,020" dealer="0" win="0" bet="35" muck="1" rebuy="0" addon="0" merge="0" rebuychips="0" reg_code="8384857535"/>
<player seat="10" name="raven941" chips="480" dealer="1" win="70" bet="70" muck="1" rebuy="0" addon="0" merge="0" rebuychips="0" reg_code="8384857549"/>
</players>
</general>
<round no="0"><action no="1" player="raven941" type="15" discard="1" dealt="1" sum="5"/>
<action no="2" player="oreiasccp" type="15" sum="5"/>
<action no="3" player="raven941" type="1" discard="1" dealt="1" sum="15"/>
<action no="4" player="oreiasccp" type="2" sum="30"/>
</round>
<round no="1"><cards type="Pocket" player="raven941">X X</cards>
<cards type="Pocket" player="oreiasccp">CK C8</cards>
<action no="5" player="raven941" type="3" discard="1" dealt="1" sum="15"/>
<action no="6" player="oreiasccp" type="4" sum="0"/>
</round>
<round no="2"><cards type="Flop">S9 D6 D3</cards>
<action no="7" player="oreiasccp" type="4" sum="0"/>
<action no="8" player="raven941" type="4" discard="1" dealt="1" sum="0"/>
</round>
<round no="3"><cards type="Turn">C6</cards>
<action no="9" player="oreiasccp" type="4" sum="0"/>
<action no="10" player="raven941" type="5" discard="1" dealt="1" sum="35"/>
<action no="11" player="oreiasccp" type="0" sum="0"/>
</round>
</game>
<game gamecode="11514897694"><general><startdate>2025-06-16 10:28:38</startdate>
<round>1</round>
<failsafecounter/>
<players><player seat="10" name="raven941" chips="515" dealer="0" win="40" bet="35" muck="1" rebuy="0" addon="0" merge="0" rebuychips="0" reg_code="8384857549"/>
<player seat="6" name="oreiasccp" chips="985" dealer="1" win="0" bet="20" muck="1" rebuy="0" addon="0" merge="0" rebuychips="0" reg_code="8384857535"/>
</players>
</general>
<round no="0"><action no="1" player="oreiasccp" type="15" sum="5"/>
<action no="2" player="raven941" type="15" discard="1" dealt="1" sum="5"/>
<action no="3" player="oreiasccp" type="1" sum="15"/>
<action no="4" player="raven941" type="2" discard="1" dealt="1" sum="30"/>
</round>
<round no="1"><cards type="Pocket" player="raven941">X X</cards>
<cards type="Pocket" player="oreiasccp">D7 S2</cards>
<action no="5" player="oreiasccp" type="0" sum="0"/>
</round>
</game>
<game gamecode="11514897713"><general><startdate>2025-06-16 10:28:44</startdate>
<round>1</round>
<failsafecounter/>
<players><player seat="6" name="oreiasccp" chips="965" dealer="0" win="390" bet="195" muck="0" rebuy="0" addon="0" merge="0" rebuychips="0" reg_code="8384857535"/>
<player seat="10" name="raven941" chips="535" dealer="1" win="0" bet="195" muck="1" rebuy="0" addon="0" merge="0" rebuychips="0" reg_code="8384857549"/>
</players>
</general>
<round no="0"><action no="1" player="raven941" type="15" discard="1" dealt="1" sum="5"/>
<action no="2" player="oreiasccp" type="15" sum="5"/>
<action no="3" player="raven941" type="1" discard="1" dealt="1" sum="15"/>
<action no="4" player="oreiasccp" type="2" sum="30"/>
</round>
<round no="1"><cards type="Pocket" player="raven941">DK C8</cards>
<cards type="Pocket" player="oreiasccp">H10 H9</cards>
<action no="5" player="raven941" type="23" discard="1" dealt="1" sum="60"/>
<action no="6" player="oreiasccp" type="3" sum="30"/>
</round>
<round no="2"><cards type="Flop">CJ S8 H7</cards>
<action no="7" player="oreiasccp" type="4" sum="0"/>
<action no="8" player="raven941" type="4" discard="1" dealt="1" sum="0"/>
</round>
<round no="3"><cards type="Turn">H8</cards>
<action no="9" player="oreiasccp" type="5" sum="130"/>
<action no="10" player="raven941" type="3" discard="1" dealt="1" sum="130"/>
</round>
<round no="4"><cards type="River">C10</cards>
<action no="11" player="oreiasccp" type="4" sum="0"/>
<action no="12" player="raven941" type="4" discard="1" dealt="1" sum="0"/>
</round>
</game>
<game gamecode="11514897846"><general><startdate>2025-06-16 10:29:24</startdate>
<round>1</round>
<failsafecounter/>
<players><player seat="10" name="raven941" chips="340" dealer="0" win="0" bet="35" muck="1" rebuy="0" addon="0" merge="0" rebuychips="0" reg_code="8384857549"/>
<player seat="6" name="oreiasccp" chips="1,160" dealer="1" win="70" bet="340" muck="1" rebuy="0" addon="0" merge="0" rebuychips="0" reg_code="8384857535"/>
</players>
</general>
<round no="0"><action no="1" player="oreiasccp" type="15" sum="5"/>
<action no="2" player="raven941" type="15" discard="1" dealt="1" sum="5"/>
<action no="3" player="oreiasccp" type="1" sum="15"/>
<action no="4" player="raven941" type="2" discard="1" dealt="1" sum="30"/>
</round>
<round no="1"><cards type="Pocket" player="oreiasccp">H8 CK</cards>
<cards type="Pocket" player="raven941">X X</cards>
<action no="5" player="oreiasccp" type="23" sum="335"/>
<action no="6" player="raven941" type="0" discard="1" dealt="1" sum="0"/>
</round>
</game>
<game gamecode="11514897874"><general><startdate>2025-06-16 10:29:32</startdate>
<round>1</round>
<failsafecounter/>
<players><player seat="6" name="oreiasccp" chips="1,195" dealer="0" win="0" bet="35" muck="1" rebuy="0" addon="0" merge="0" rebuychips="0" reg_code="8384857535"/>
<player seat="10" name="raven941" chips="305" dealer="1" win="70" bet="305" muck="1" rebuy="0" addon="0" merge="0" rebuychips="0" reg_code="8384857549"/>
</players>
</general>
<round no="0"><action no="1" player="raven941" type="15" discard="1" dealt="1" sum="5"/>
<action no="2" player="oreiasccp" type="15" sum="5"/>
<action no="3" player="raven941" type="1" discard="1" dealt="1" sum="15"/>
<action no="4" player="oreiasccp" type="2" sum="30"/>
</round>
<round no="1"><cards type="Pocket" player="raven941">X X</cards>
<cards type="Pocket" player="oreiasccp">D2 S3</cards>
<action no="5" player="raven941" type="23" discard="1" dealt="1" sum="300"/>
<action no="6" player="oreiasccp" type="0" sum="0"/>
</round>
</game>
<game gamecode="11514897897"><general><startdate>2025-06-16 10:29:39</startdate>
<round>1</round>
<failsafecounter/>
<players><player seat="10" name="raven941" chips="340" dealer="0" win="70" bet="80" muck="1" rebuy="0" addon="0" merge="0" rebuychips="0" reg_code="8384857549"/>
<player seat="6" name="oreiasccp" chips="1,160" dealer="1" win="0" bet="35" muck="1" rebuy="0" addon="0" merge="0" rebuychips="0" reg_code="8384857535"/>
</players>
</general>
<round no="0"><action no="1" player="oreiasccp" type="15" sum="5"/>
<action no="2" player="raven941" type="15" discard="1" dealt="1" sum="5"/>
<action no="3" player="oreiasccp" type="1" sum="15"/>
<action no="4" player="raven941" type="2" discard="1" dealt="1" sum="30"/>
</round>
<round no="1"><cards type="Pocket" player="raven941">X X</cards>
<cards type="Pocket" player="oreiasccp">H4 C9</cards>
<action no="5" player="oreiasccp" type="3" sum="15"/>
<action no="6" player="raven941" type="23" discard="1" dealt="1" sum="75"/>
<action no="7" player="oreiasccp" type="0" sum="0"/>
</round>
</game>
<game gamecode="11514897930"><general><startdate>2025-06-16 10:29:51</startdate>
<round>1</round>
<failsafecounter/>
<players><player seat="6" name="oreiasccp" chips="1,125" dealer="0" win="0" bet="45" muck="1" rebuy="0" addon="0" merge="0" rebuychips="0" reg_code="8384857535"/>
<player seat="10" name="raven941" chips="375" dealer="1" win="90" bet="375" muck="1" rebuy="0" addon="0" merge="0" rebuychips="0" reg_code="8384857549"/>
</players>
</general>
<round no="0"><action no="1" player="raven941" type="15" discard="1" dealt="1" sum="5"/>
<action no="2" player="oreiasccp" type="15" sum="5"/>
<action no="3" player="raven941" type="1" discard="1" dealt="1" sum="20"/>
<action no="4" player="oreiasccp" type="2" sum="40"/>
</round>
<round no="1"><cards type="Pocket" player="oreiasccp">C8 S4</cards>
<cards type="Pocket" player="raven941">X X</cards>
<action no="5" player="raven941" type="23" discard="1" dealt="1" sum="370"/>
<action no="6" player="oreiasccp" type="0" sum="0"/>
</round>
</game>
<game gamecode="11514901975"><general><startdate>2025-06-16 10:30:00</startdate>
<round>1</round>
<failsafecounter/>
<players><player seat="10" name="raven941" chips="420" dealer="0" win="290" bet="145" muck="0" rebuy="0" addon="0" merge="0" rebuychips="0" reg_code="8384857549"/>
<player seat="6" name="oreiasccp" chips="1,080" dealer="1" win="0" bet="145" muck="1" rebuy="0" addon="0" merge="0" rebuychips="0" reg_code="8384857535"/>
</players>
</general>
<round no="0"><action no="1" player="oreiasccp" type="15" sum="5"/>
<action no="2" player="raven941" type="15" discard="1" dealt="1" sum="5"/>
<action no="3" player="oreiasccp" type="1" sum="20"/>
<action no="4" player="raven941" type="2" discard="1" dealt="1" sum="40"/>
</round>
<round no="1"><cards type="Pocket" player="raven941">D10 S7</cards>
<cards type="Pocket" player="oreiasccp">D6 S5</cards>
<action no="5" player="oreiasccp" type="3" sum="20"/>
<action no="6" player="raven941" type="4" discard="1" dealt="1" sum="0"/>
</round>
<round no="2"><cards type="Flop">H7 S3 C6</cards>
<action no="7" player="raven941" type="4" discard="1" dealt="1" sum="0"/>
<action no="8" player="oreiasccp" type="4" sum="0"/>
</round>
<round no="3"><cards type="Turn">C3</cards>
<action no="9" player="raven941" type="4" discard="1" dealt="1" sum="0"/>
<action no="10" player="oreiasccp" type="5" sum="40"/>
<action no="11" player="raven941" type="23" discard="1" dealt="1" sum="100"/>
<action no="12" player="oreiasccp" type="3" sum="60"/>
</round>
<round no="4"><cards type="River">S2</cards>
<action no="13" player="raven941" type="4" discard="1" dealt="1" sum="0"/>
<action no="14" player="oreiasccp" type="4" sum="0"/>
</round>
</game>
<game gamecode="11514902353"><general><startdate>2025-06-16 10:30:47</startdate>
<round>1</round>
<failsafecounter/>
<players><player seat="6" name="oreiasccp" chips="935" dealer="0" win="0" bet="45" muck="1" rebuy="0" addon="0" merge="0" rebuychips="0" reg_code="8384857535"/>
<player seat="10" name="raven941" chips="565" dealer="1" win="90" bet="105" muck="1" rebuy="0" addon="0" merge="0" rebuychips="0" reg_code="8384857549"/>
</players>
</general>
<round no="0"><action no="1" player="raven941" type="15" discard="1" dealt="1" sum="5"/>
<action no="2" player="oreiasccp" type="15" sum="5"/>
<action no="3" player="raven941" type="1" discard="1" dealt="1" sum="20"/>
<action no="4" player="oreiasccp" type="2" sum="40"/>
</round>
<round no="1"><cards type="Pocket" player="oreiasccp">D8 SJ</cards>
<cards type="Pocket" player="raven941">X X</cards>
<action no="5" player="raven941" type="3" discard="1" dealt="1" sum="20"/>
<action no="6" player="oreiasccp" type="4" sum="0"/>
</round>
<round no="2"><cards type="Flop">C3 D3 C6</cards>
<action no="7" player="oreiasccp" type="4" sum="0"/>
<action no="8" player="raven941" type="4" discard="1" dealt="1" sum="0"/>
</round>
<round no="3"><cards type="Turn">D10</cards>
<action no="9" player="oreiasccp" type="4" sum="0"/>
<action no="10" player="raven941" type="5" discard="1" dealt="1" sum="60"/>
<action no="11" player="oreiasccp" type="0" sum="0"/>
</round>
</game>
<game gamecode="11514902584"><general><startdate>2025-06-16 10:31:20</startdate>
<round>1</round>
<failsafecounter/>
<players><player seat="10" name="raven941" chips="610" dealer="0" win="50" bet="45" muck="1" rebuy="0" addon="0" merge="0" rebuychips="0" reg_code="8384857549"/>
<player seat="6" name="oreiasccp" chips="890" dealer="1" win="0" bet="25" muck="1" rebuy="0" addon="0" merge="0" rebuychips="0" reg_code="8384857535"/>
</players>
</general>
<round no="0"><action no="1" player="oreiasccp" type="15" sum="5"/>
<action no="2" player="raven941" type="15" discard="1" dealt="1" sum="5"/>
<action no="3" player="oreiasccp" type="1" sum="20"/>
<action no="4" player="raven941" type="2" discard="1" dealt="1" sum="40"/>
</round>
<round no="1"><cards type="Pocket" player="oreiasccp">S9 H2</cards>
<cards type="Pocket" player="raven941">X X</cards>
<action no="5" player="oreiasccp" type="0" sum="0"/>
</round>
</game>
<game gamecode="11514902637"><general><startdate>2025-06-16 10:31:27</startdate>
<round>1</round>
<failsafecounter/>
<players><player seat="6" name="oreiasccp" chips="865" dealer="0" win="635" bet="635" muck="0" rebuy="0" addon="0" merge="0" rebuychips="0" reg_code="8384857535"/>
<player seat="10" name="raven941" chips="635" dealer="1" win="635" bet="635" muck="0" rebuy="0" addon="0" merge="0" rebuychips="0" reg_code="8384857549"/>
</players>
</general>
<round no="0"><action no="1" player="raven941" type="15" discard="1" dealt="1" sum="5"/>
<action no="2" player="oreiasccp" type="15" sum="5"/>
<action no="3" player="raven941" type="1" discard="1" dealt="1" sum="20"/>
<action no="4" player="oreiasccp" type="2" sum="40"/>
</round>
<round no="1"><cards type="Pocket" player="oreiasccp">S7 SA</cards>
<cards type="Pocket" player="raven941">CA C9</cards>
<action no="5" player="raven941" type="3" discard="1" dealt="1" sum="20"/>
<action no="6" player="oreiasccp" type="23" sum="180"/>
<action no="7" player="raven941" type="23" discard="1" dealt="1" sum="630"/>
<action no="8" player="oreiasccp" type="3" sum="450"/>
</round>
<round no="2"><cards type="Flop">DK H4 C2</cards>
</round>
<round no="3"><cards type="Turn">S2</cards>
</round>
<round no="4"><cards type="River">C4</cards>
</round>
</game>
<game gamecode="11514902826"><general><startdate>2025-06-16 10:31:58</startdate>
<round>1</round>
<failsafecounter/>
<players><player seat="10" name="raven941" chips="635" dealer="0" win="1,270" bet="635" muck="0" rebuy="0" addon="0" merge="0" rebuychips="0" reg_code="8384857549"/>
<player seat="6" name="oreiasccp" chips="865" dealer="1" win="0" bet="635" muck="1" rebuy="0" addon="0" merge="0" rebuychips="0" reg_code="8384857535"/>
</players>
</general>
<round no="0"><action no="1" player="oreiasccp" type="15" sum="5"/>
<action no="2" player="raven941" type="15" discard="1" dealt="1" sum="5"/>
<action no="3" player="oreiasccp" type="1" sum="30"/>
<action no="4" player="raven941" type="2" discard="1" dealt="1" sum="60"/>
</round>
<round no="1"><cards type="Pocket" player="oreiasccp">CA D2</cards>
<cards type="Pocket" player="raven941">D5 C5</cards>
<action no="5" player="oreiasccp" type="23" sum="630"/>
<action no="6" player="raven941" type="7" discard="1" dealt="1" sum="570"/>
</round>
<round no="2"><cards type="Flop">D3 H5 H2</cards>
</round>
<round no="3"><cards type="Turn">DA</cards>
</round>
<round no="4"><cards type="River">S3</cards>
</round>
</game>
<game gamecode="11514902945"><general><startdate>2025-06-16 10:32:16</startdate>
<round>1</round>
<failsafecounter/>
<players><player seat="6" name="oreiasccp" chips="230" dealer="0" win="0" bet="65" muck="1" rebuy="0" addon="0" merge="0" rebuychips="0" reg_code="8384857535"/>
<player seat="10" name="raven941" chips="1,270" dealer="1" win="130" bet="1,270" muck="1" rebuy="0" addon="0" merge="0" rebuychips="0" reg_code="8384857549"/>
</players>
</general>
<round no="0"><action no="1" player="raven941" type="15" discard="1" dealt="1" sum="5"/>
<action no="2" player="oreiasccp" type="15" sum="5"/>
<action no="3" player="raven941" type="1" discard="1" dealt="1" sum="30"/>
<action no="4" player="oreiasccp" type="2" sum="60"/>
</round>
<round no="1"><cards type="Pocket" player="raven941">X X</cards>
<cards type="Pocket" player="oreiasccp">D3 S4</cards>
<action no="5" player="raven941" type="23" discard="1" dealt="1" sum="1,265"/>
<action no="6" player="oreiasccp" type="0" sum="0"/>
</round>
</game>
<game gamecode="11514903015"><general><startdate>2025-06-16 10:32:24</startdate>
<round>1</round>
<failsafecounter/>
<players><player seat="10" name="raven941" chips="1,335" dealer="0" win="0" bet="65" muck="1" rebuy="0" addon="0" merge="0" rebuychips="0" reg_code="8384857549"/>
<player seat="6" name="oreiasccp" chips="165" dealer="1" win="130" bet="165" muck="1" rebuy="0" addon="0" merge="0" rebuychips="0" reg_code="8384857535"/>
</players>
</general>
<round no="0"><action no="1" player="oreiasccp" type="15" sum="5"/>
<action no="2" player="raven941" type="15" discard="1" dealt="1" sum="5"/>
<action no="3" player="oreiasccp" type="1" sum="30"/>
<action no="4" player="raven941" type="2" discard="1" dealt="1" sum="60"/>
</round>
<round no="1"><cards type="Pocket" player="oreiasccp">S10 H7</cards>
<cards type="Pocket" player="raven941">X X</cards>
<action no="5" player="oreiasccp" type="23" sum="160"/>
<action no="6" player="raven941" type="0" discard="1" dealt="1" sum="0"/>
</round>
</game>
<game gamecode="11514903065"><general><startdate>2025-06-16 10:32:34</startdate>
<round>1</round>
<failsafecounter/>
<players><player seat="6" name="oreiasccp" chips="230" dealer="0" win="70" bet="65" muck="1" rebuy="0" addon="0" merge="0" rebuychips="0" reg_code="8384857535"/>
<player seat="10" name="raven941" chips="1,270" dealer="1" win="0" bet="35" muck="1" rebuy="0" addon="0" merge="0" rebuychips="0" reg_code="8384857549"/>
</players>
</general>
<round no="0"><action no="1" player="raven941" type="15" discard="1" dealt="1" sum="5"/>
<action no="2" player="oreiasccp" type="15" sum="5"/>
<action no="3" player="raven941" type="1" discard="1" dealt="1" sum="30"/>
<action no="4" player="oreiasccp" type="2" sum="60"/>
</round>
<round no="1"><cards type="Pocket" player="oreiasccp">CK H10</cards>
<cards type="Pocket" player="raven941">X X</cards>
<action no="5" player="raven941" type="0" discard="1" dealt="1" sum="0"/>
</round>
</game>
<game gamecode="11514903177"><general><startdate>2025-06-16 10:32:50</startdate>
<round>1</round>
<failsafecounter/>
<players><player seat="10" name="raven941" chips="1,235" dealer="0" win="70" bet="65" muck="1" rebuy="0" addon="0" merge="0" rebuychips="0" reg_code="8384857549"/>
<player seat="6" name="oreiasccp" chips="265" dealer="1" win="0" bet="35" muck="1" rebuy="0" addon="0" merge="0" rebuychips="0" reg_code="8384857535"/>
</players>
</general>
<round no="0"><action no="1" player="oreiasccp" type="15" sum="5"/>
<action no="2" player="raven941" type="15" discard="1" dealt="1" sum="5"/>
<action no="3" player="oreiasccp" type="1" sum="30"/>
<action no="4" player="raven941" type="2" discard="1" dealt="1" sum="60"/>
</round>
<round no="1"><cards type="Pocket" player="raven941">X X</cards>
<cards type="Pocket" player="oreiasccp">D2 C9</cards>
<action no="5" player="oreiasccp" type="0" sum="0"/>
</round>
</game>
<game gamecode="11514903210"><general><startdate>2025-06-16 10:32:55</startdate>
<round>1</round>
<failsafecounter/>
<players><player seat="6" name="oreiasccp" chips="230" dealer="0" win="0" bet="65" muck="1" rebuy="0" addon="0" merge="0" rebuychips="0" reg_code="8384857535"/>
<player seat="10" name="raven941" chips="1,270" dealer="1" win="130" bet="1,270" muck="1" rebuy="0" addon="0" merge="0" rebuychips="0" reg_code="8384857549"/>
</players>
</general>
<round no="0"><action no="1" player="raven941" type="15" discard="1" dealt="1" sum="5"/>
<action no="2" player="oreiasccp" type="15" sum="5"/>
<action no="3" player="raven941" type="1" discard="1" dealt="1" sum="30"/>
<action no="4" player="oreiasccp" type="2" sum="60"/>
</round>
<round no="1"><cards type="Pocket" player="oreiasccp">S6 D8</cards>
<cards type="Pocket" player="raven941">X X</cards>
<action no="5" player="raven941" type="23" discard="1" dealt="1" sum="1,265"/>
<action no="6" player="oreiasccp" type="0" sum="0"/>
</round>
</game>
<game gamecode="11514903268"><general><startdate>2025-06-16 10:33:01</startdate>
<round>1</round>
<failsafecounter/>
<players><player seat="10" name="raven941" chips="1,335" dealer="0" win="0" bet="65" muck="1" rebuy="0" addon="0" merge="0" rebuychips="0" reg_code="8384857549"/>
<player seat="6" name="oreiasccp" chips="165" dealer="1" win="130" bet="165" muck="1" rebuy="0" addon="0" merge="0" rebuychips="0" reg_code="8384857535"/>
</players>
</general>
<round no="0"><action no="1" player="oreiasccp" type="15" sum="5"/>
<action no="2" player="raven941" type="15" discard="1" dealt="1" sum="5"/>
<action no="3" player="oreiasccp" type="1" sum="30"/>
<action no="4" player="raven941" type="2" discard="1" dealt="1" sum="60"/>
</round>
<round no="1"><cards type="Pocket" player="oreiasccp">HQ C7</cards>
<cards type="Pocket" player="raven941">X X</cards>
<action no="5" player="oreiasccp" type="23" sum="160"/>
<action no="6" player="raven941" type="0" discard="1" dealt="1" sum="0"/>
</round>
</game>
<game gamecode="11514903338"><general><startdate>2025-06-16 10:33:11</startdate>
<round>1</round>
<failsafecounter/>
<players><player seat="6" name="oreiasccp" chips="230" dealer="0" win="460" bet="230" muck="0" rebuy="0" addon="0" merge="0" rebuychips="0" reg_code="8384857535"/>
<player seat="10" name="raven941" chips="1,270" dealer="1" win="0" bet="1,270" muck="1" rebuy="0" addon="0" merge="0" rebuychips="0" reg_code="8384857549"/>
</players>
</general>
<round no="0"><action no="1" player="raven941" type="15" discard="1" dealt="1" sum="5"/>
<action no="2" player="oreiasccp" type="15" sum="5"/>
<action no="3" player="raven941" type="1" discard="1" dealt="1" sum="30"/>
<action no="4" player="oreiasccp" type="2" sum="60"/>
</round>
<round no="1"><cards type="Pocket" player="raven941">D10 CK</cards>
<cards type="Pocket" player="oreiasccp">C6 SA</cards>
<action no="5" player="raven941" type="23" discard="1" dealt="1" sum="1,265"/>
<action no="6" player="oreiasccp" type="7" sum="165"/>
</round>
<round no="2"><cards type="Flop">S2 C3 H5</cards>
</round>
<round no="3"><cards type="Turn">SK</cards>
</round>
<round no="4"><cards type="River">S4</cards>
</round>
</game>
<game gamecode="11514903454"><general><startdate>2025-06-16 10:33:28</startdate>
<round>1</round>
<failsafecounter/>
<players><player seat="10" name="raven941" chips="1,040" dealer="0" win="370" bet="185" muck="0" rebuy="0" addon="0" merge="0" rebuychips="0" reg_code="8384857549"/>
<player seat="6" name="oreiasccp" chips="460" dealer="1" win="0" bet="185" muck="1" rebuy="0" addon="0" merge="0" rebuychips="0" reg_code="8384857535"/>
</players>
</general>
<round no="0"><action no="1" player="oreiasccp" type="15" sum="5"/>
<action no="2" player="raven941" type="15" discard="1" dealt="1" sum="5"/>
<action no="3" player="oreiasccp" type="1" sum="30"/>
<action no="4" player="raven941" type="2" discard="1" dealt="1" sum="60"/>
</round>
<round no="1"><cards type="Pocket" player="oreiasccp">H6 C10</cards>
<cards type="Pocket" player="raven941">HJ D5</cards>
<action no="5" player="oreiasccp" type="3" sum="30"/>
<action no="6" player="raven941" type="4" discard="1" dealt="1" sum="0"/>
</round>
<round no="2"><cards type="Flop">H10 SQ C3</cards>
<action no="7" player="raven941" type="4" discard="1" dealt="1" sum="0"/>
<action no="8" player="oreiasccp" type="4" sum="0"/>
</round>
<round no="3"><cards type="Turn">DJ</cards>
<action no="9" player="raven941" type="4" discard="1" dealt="1" sum="0"/>
<action no="10" player="oreiasccp" type="4" sum="0"/>
</round>
<round no="4"><cards type="River">C5</cards>
<action no="11" player="raven941" type="5" discard="1" dealt="1" sum="120"/>
<action no="12" player="oreiasccp" type="3" sum="120"/>
</round>
</game>
<game gamecode="11514903547"><general><startdate>2025-06-16 10:33:52</startdate>
<round>1</round>
<failsafecounter/>
<players><player seat="6" name="oreiasccp" chips="275" dealer="0" win="550" bet="275" muck="0" rebuy="0" addon="0" merge="0" rebuychips="0" reg_code="8384857535"/>
<player seat="10" name="raven941" chips="1,225" dealer="1" win="0" bet="1,225" muck="1" rebuy="0" addon="0" merge="0" rebuychips="0" reg_code="8384857549"/>
</players>
</general>
<round no="0"><action no="1" player="raven941" type="15" discard="1" dealt="1" sum="8"/>
<action no="2" player="oreiasccp" type="15" sum="8"/>
<action no="3" player="raven941" type="1" discard="1" dealt="1" sum="40"/>
<action no="4" player="oreiasccp" type="2" sum="80"/>
</round>
<round no="1"><cards type="Pocket" player="raven941">H9 S5</cards>
<cards type="Pocket" player="oreiasccp">DA SJ</cards>
<action no="5" player="raven941" type="23" discard="1" dealt="1" sum="1,217"/>
<action no="6" player="oreiasccp" type="7" sum="187"/>
</round>
<round no="2"><cards type="Flop">H10 C2 C10</cards>
</round>
<round no="3"><cards type="Turn">CA</cards>
</round>
<round no="4"><cards type="River">C3</cards>
</round>
</game>
<game gamecode="11514903621"><general><startdate>2025-06-16 10:34:15</startdate>
<round>1</round>
<failsafecounter/>
<players><player seat="10" name="raven941" chips="950" dealer="0" win="1,100" bet="550" muck="0" rebuy="0" addon="0" merge="0" rebuychips="0" reg_code="8384857549"/>
<player seat="6" name="oreiasccp" chips="550" dealer="1" win="0" bet="550" muck="0" rebuy="0" addon="0" merge="0" rebuychips="0" reg_code="8384857535"/>
</players>
</general>
<round no="0"><action no="1" player="oreiasccp" type="15" sum="8"/>
<action no="2" player="raven941" type="15" discard="1" dealt="1" sum="8"/>
<action no="3" player="oreiasccp" type="1" sum="40"/>
<action no="4" player="raven941" type="2" discard="1" dealt="1" sum="80"/>
</round>
<round no="1"><cards type="Pocket" player="oreiasccp">S10 S7</cards>
<cards type="Pocket" player="raven941">C3 SK</cards>
<action no="5" player="oreiasccp" type="23" sum="542"/>
<action no="6" player="raven941" type="3" discard="1" dealt="1" sum="462"/>
</round>
<round no="2"><cards type="Flop">HJ D5 D6</cards>
</round>
<round no="3"><cards type="Turn">HK</cards>
</round>
<round no="4"><cards type="River">C4</cards>
</round>
</game>
</session>
