<?xml version="1.0" encoding="UTF-8"?>
<session sessioncode="8384863662">
<general>
<client_version>24.7.1.16</client_version>
<mode>real</mode>
<gametype>Holdem NL</gametype>
<tablename>Twister €5 SNG, 1127568405</tablename>
<tournamentcode>1127568404</tournamentcode>
<tournamentname>Twister €5 SNG</tournamentname>
<buyin>€0 + €0.35 + €4.65</buyin>
<totalbuyin>€5</totalbuyin>
<rewarddrawn>€15</rewarddrawn>
<tournamentcurrency>EUR</tournamentcurrency>
<currency>EUR</currency>
<nickname>oreiasccp</nickname>
<gamecount>15</gamecount>
<startdate>2025-06-16 10:47:38</startdate>
<place>3</place>
<win>€0</win>
<tablesize>3</tablesize>
</general>
<game gamecode="11514913800"><general><startdate>2025-06-16 10:47:54</startdate>
<round>1</round>
<failsafecounter/>
<players><player seat="6" name="DougiStyle" chips="500" dealer="0" win="160" bet="180" muck="1" rebuy="0" addon="0" merge="0" rebuychips="0" reg_code="8384863656"/>
<player seat="10" name="oreiasccp" chips="500" dealer="1" win="0" bet="0" muck="1" rebuy="0" addon="0" merge="0" rebuychips="0" reg_code="8384863662"/>
<player seat="3" name="2easy4881" chips="500" dealer="0" win="0" bet="80" muck="1" rebuy="0" addon="0" merge="0" rebuychips="0" reg_code="8384863601"/>
</players>
</general>
<round no="0"><action no="1" player="2easy4881" type="1" discard="1" dealt="1" sum="10"/>
<action no="2" player="DougiStyle" type="2" discard="1" dealt="1" sum="20"/>
</round>
<round no="1"><cards type="Pocket" player="DougiStyle">X X</cards>
<cards type="Pocket" player="oreiasccp">D4 D8</cards>
<cards type="Pocket" player="2easy4881">X X</cards>
<action no="3" player="oreiasccp" type="0" sum="0"/>
<action no="4" player="2easy4881" type="23" discard="1" dealt="1" sum="40"/>
<action no="5" player="DougiStyle" type="3" discard="1" dealt="1" sum="20"/>
</round>
<round no="2"><cards type="Flop">SA HK H3</cards>
<action no="6" player="2easy4881" type="4" discard="1" dealt="1" sum="0"/>
<action no="7" player="DougiStyle" type="4" discard="1" dealt="1" sum="0"/>
</round>
<round no="3"><cards type="Turn">C3</cards>
<action no="8" player="2easy4881" type="4" discard="1" dealt="1" sum="0"/>
<action no="9" player="DougiStyle" type="4" discard="1" dealt="1" sum="0"/>
</round>
<round no="4"><cards type="River">S5</cards>
<action no="10" player="2easy4881" type="5" discard="1" dealt="1" sum="40"/>
<action no="11" player="DougiStyle" type="23" discard="1" dealt="1" sum="140"/>
<action no="12" player="2easy4881" type="0" discard="1" dealt="1" sum="0"/>
</round>
</game>
<game gamecode="11514913851"><general><startdate>2025-06-16 10:48:15</startdate>
<round>1</round>
<failsafecounter/>
<players><player seat="10" name="oreiasccp" chips="500" dealer="0" win="40" bet="20" muck="1" rebuy="0" addon="0" merge="0" rebuychips="0" reg_code="8384863662"/>
<player seat="3" name="2easy4881" chips="420" dealer="1" win="0" bet="0" muck="1" rebuy="0" addon="0" merge="0" rebuychips="0" reg_code="8384863601"/>
<player seat="6" name="DougiStyle" chips="580" dealer="0" win="0" bet="20" muck="1" rebuy="0" addon="0" merge="0" rebuychips="0" reg_code="8384863656"/>
</players>
</general>
<round no="0"><action no="1" player="DougiStyle" type="1" discard="1" dealt="1" sum="10"/>
<action no="2" player="oreiasccp" type="2" sum="20"/>
</round>
<round no="1"><cards type="Pocket" player="2easy4881">X X</cards>
<cards type="Pocket" player="DougiStyle">X X</cards>
<cards type="Pocket" player="oreiasccp">H9 CK</cards>
<action no="3" player="2easy4881" type="0" discard="1" dealt="1" sum="0"/>
<action no="4" player="DougiStyle" type="3" discard="1" dealt="1" sum="10"/>
<action no="5" player="oreiasccp" type="4" sum="0"/>
</round>
<round no="2"><cards type="Flop">CJ C9 SJ</cards>
<action no="6" player="DougiStyle" type="0" discard="1" dealt="1" sum="0"/>
</round>
</game>
<game gamecode="11514913901"><general><startdate>2025-06-16 10:48:29</startdate>
<round>1</round>
<failsafecounter/>
<players><player seat="3" name="2easy4881" chips="420" dealer="0" win="0" bet="20" muck="1" rebuy="0" addon="0" merge="0" rebuychips="0" reg_code="8384863601"/>
<player seat="6" name="DougiStyle" chips="560" dealer="1" win="50" bet="40" muck="1" rebuy="0" addon="0" merge="0" rebuychips="0" reg_code="8384863656"/>
<player seat="10" name="oreiasccp" chips="520" dealer="0" win="0" bet="10" muck="1" rebuy="0" addon="0" merge="0" rebuychips="0" reg_code="8384863662"/>
</players>
</general>
<round no="0"><action no="1" player="oreiasccp" type="1" sum="10"/>
<action no="2" player="2easy4881" type="2" discard="1" dealt="1" sum="20"/>
</round>
<round no="1"><cards type="Pocket" player="oreiasccp">H2 SK</cards>
<cards type="Pocket" player="DougiStyle">X X</cards>
<cards type="Pocket" player="2easy4881">X X</cards>
<action no="3" player="DougiStyle" type="23" discard="1" dealt="1" sum="40"/>
<action no="4" player="oreiasccp" type="0" sum="0"/>
<action no="5" player="2easy4881" type="0" discard="1" dealt="1" sum="0"/>
</round>
</game>
<game gamecode="11514913923"><general><startdate>2025-06-16 10:48:37</startdate>
<round>1</round>
<failsafecounter/>
<players><player seat="6" name="DougiStyle" chips="590" dealer="0" win="0" bet="40" muck="1" rebuy="0" addon="0" merge="0" rebuychips="0" reg_code="8384863656"/>
<player seat="10" name="oreiasccp" chips="510" dealer="1" win="0" bet="0" muck="1" rebuy="0" addon="0" merge="0" rebuychips="0" reg_code="8384863662"/>
<player seat="3" name="2easy4881" chips="400" dealer="0" win="80" bet="80" muck="1" rebuy="0" addon="0" merge="0" rebuychips="0" reg_code="8384863601"/>
</players>
</general>
<round no="0"><action no="1" player="2easy4881" type="1" discard="1" dealt="1" sum="10"/>
<action no="2" player="DougiStyle" type="2" discard="1" dealt="1" sum="20"/>
</round>
<round no="1"><cards type="Pocket" player="2easy4881">X X</cards>
<cards type="Pocket" player="DougiStyle">X X</cards>
<cards type="Pocket" player="oreiasccp">D2 CQ</cards>
<action no="3" player="oreiasccp" type="0" sum="0"/>
<action no="4" player="2easy4881" type="23" discard="1" dealt="1" sum="40"/>
<action no="5" player="DougiStyle" type="3" discard="1" dealt="1" sum="20"/>
</round>
<round no="2"><cards type="Flop">H8 C9 DK</cards>
<action no="6" player="2easy4881" type="4" discard="1" dealt="1" sum="0"/>
<action no="7" player="DougiStyle" type="4" discard="1" dealt="1" sum="0"/>
</round>
<round no="3"><cards type="Turn">S3</cards>
<action no="8" player="2easy4881" type="4" discard="1" dealt="1" sum="0"/>
<action no="9" player="DougiStyle" type="4" discard="1" dealt="1" sum="0"/>
</round>
<round no="4"><cards type="River">S7</cards>
<action no="10" player="2easy4881" type="5" discard="1" dealt="1" sum="40"/>
<action no="11" player="DougiStyle" type="0" discard="1" dealt="1" sum="0"/>
</round>
</game>
<game gamecode="11514913993"><general><startdate>2025-06-16 10:49:00</startdate>
<round>1</round>
<failsafecounter/>
<players><player seat="10" name="oreiasccp" chips="510" dealer="0" win="20" bet="20" muck="1" rebuy="0" addon="0" merge="0" rebuychips="0" reg_code="8384863662"/>
<player seat="3" name="2easy4881" chips="440" dealer="1" win="0" bet="0" muck="1" rebuy="0" addon="0" merge="0" rebuychips="0" reg_code="8384863601"/>
<player seat="6" name="DougiStyle" chips="550" dealer="0" win="0" bet="10" muck="1" rebuy="0" addon="0" merge="0" rebuychips="0" reg_code="8384863656"/>
</players>
</general>
<round no="0"><action no="1" player="DougiStyle" type="1" discard="1" dealt="1" sum="10"/>
<action no="2" player="oreiasccp" type="2" sum="20"/>
</round>
<round no="1"><cards type="Pocket" player="2easy4881">X X</cards>
<cards type="Pocket" player="oreiasccp">HJ SA</cards>
<cards type="Pocket" player="DougiStyle">X X</cards>
<action no="3" player="2easy4881" type="0" discard="1" dealt="1" sum="0"/>
<action no="4" player="DougiStyle" type="0" discard="1" dealt="1" sum="0"/>
</round>
</game>
<game gamecode="11514914021"><general><startdate>2025-06-16 10:49:07</startdate>
<round>1</round>
<failsafecounter/>
<players><player seat="3" name="2easy4881" chips="440" dealer="0" win="0" bet="40" muck="1" rebuy="0" addon="0" merge="0" rebuychips="0" reg_code="8384863601"/>
<player seat="6" name="DougiStyle" chips="540" dealer="1" win="90" bet="130" muck="1" rebuy="0" addon="0" merge="0" rebuychips="0" reg_code="8384863656"/>
<player seat="10" name="oreiasccp" chips="520" dealer="0" win="0" bet="10" muck="1" rebuy="0" addon="0" merge="0" rebuychips="0" reg_code="8384863662"/>
</players>
</general>
<round no="0"><action no="1" player="oreiasccp" type="1" sum="10"/>
<action no="2" player="2easy4881" type="2" discard="1" dealt="1" sum="20"/>
</round>
<round no="1"><cards type="Pocket" player="oreiasccp">CA H8</cards>
<cards type="Pocket" player="DougiStyle">X X</cards>
<cards type="Pocket" player="2easy4881">X X</cards>
<action no="3" player="DougiStyle" type="23" discard="1" dealt="1" sum="40"/>
<action no="4" player="oreiasccp" type="0" sum="0"/>
<action no="5" player="2easy4881" type="3" discard="1" dealt="1" sum="20"/>
</round>
<round no="2"><cards type="Flop">S5 CJ D10</cards>
<action no="6" player="2easy4881" type="4" discard="1" dealt="1" sum="0"/>
<action no="7" player="DougiStyle" type="4" discard="1" dealt="1" sum="0"/>
</round>
<round no="3"><cards type="Turn">C9</cards>
<action no="8" player="2easy4881" type="4" discard="1" dealt="1" sum="0"/>
<action no="9" player="DougiStyle" type="4" discard="1" dealt="1" sum="0"/>
</round>
<round no="4"><cards type="River">H5</cards>
<action no="10" player="2easy4881" type="4" discard="1" dealt="1" sum="0"/>
<action no="11" player="DougiStyle" type="5" discard="1" dealt="1" sum="90"/>
<action no="12" player="2easy4881" type="0" discard="1" dealt="1" sum="0"/>
</round>
</game>
<game gamecode="11514914103"><general><startdate>2025-06-16 10:49:36</startdate>
<round>1</round>
<failsafecounter/>
<players><player seat="6" name="DougiStyle" chips="590" dealer="0" win="20" bet="20" muck="1" rebuy="0" addon="0" merge="0" rebuychips="0" reg_code="8384863656"/>
<player seat="10" name="oreiasccp" chips="510" dealer="1" win="0" bet="0" muck="1" rebuy="0" addon="0" merge="0" rebuychips="0" reg_code="8384863662"/>
<player seat="3" name="2easy4881" chips="400" dealer="0" win="0" bet="10" muck="1" rebuy="0" addon="0" merge="0" rebuychips="0" reg_code="8384863601"/>
</players>
</general>
<round no="0"><action no="1" player="2easy4881" type="1" discard="1" dealt="1" sum="10"/>
<action no="2" player="DougiStyle" type="2" discard="1" dealt="1" sum="20"/>
</round>
<round no="1"><cards type="Pocket" player="DougiStyle">X X</cards>
<cards type="Pocket" player="2easy4881">X X</cards>
<cards type="Pocket" player="oreiasccp">H5 DK</cards>
<action no="3" player="oreiasccp" type="0" sum="0"/>
<action no="4" player="2easy4881" type="0" discard="1" dealt="1" sum="0"/>
</round>
</game>
<game gamecode="11514914144"><general><startdate>2025-06-16 10:49:49</startdate>
<round>1</round>
<failsafecounter/>
<players><player seat="10" name="oreiasccp" chips="510" dealer="0" win="20" bet="20" muck="1" rebuy="0" addon="0" merge="0" rebuychips="0" reg_code="8384863662"/>
<player seat="3" name="2easy4881" chips="390" dealer="1" win="0" bet="0" muck="1" rebuy="0" addon="0" merge="0" rebuychips="0" reg_code="8384863601"/>
<player seat="6" name="DougiStyle" chips="600" dealer="0" win="0" bet="10" muck="1" rebuy="0" addon="0" merge="0" rebuychips="0" reg_code="8384863656"/>
</players>
</general>
<round no="0"><action no="1" player="DougiStyle" type="1" discard="1" dealt="1" sum="10"/>
<action no="2" player="oreiasccp" type="2" sum="20"/>
</round>
<round no="1"><cards type="Pocket" player="2easy4881">X X</cards>
<cards type="Pocket" player="DougiStyle">X X</cards>
<cards type="Pocket" player="oreiasccp">H2 HJ</cards>
<action no="3" player="2easy4881" type="0" discard="1" dealt="1" sum="0"/>
<action no="4" player="DougiStyle" type="0" discard="1" dealt="1" sum="0"/>
</round>
</game>
<game gamecode="11514914170"><general><startdate>2025-06-16 10:49:55</startdate>
<round>1</round>
<failsafecounter/>
<players><player seat="3" name="2easy4881" chips="390" dealer="0" win="0" bet="35" muck="1" rebuy="0" addon="0" merge="0" rebuychips="0" reg_code="8384863601"/>
<player seat="6" name="DougiStyle" chips="590" dealer="1" win="105" bet="35" muck="0" rebuy="0" addon="0" merge="0" rebuychips="0" reg_code="8384863656"/>
<player seat="10" name="oreiasccp" chips="520" dealer="0" win="0" bet="35" muck="1" rebuy="0" addon="0" merge="0" rebuychips="0" reg_code="8384863662"/>
</players>
</general>
<round no="0"><action no="1" player="oreiasccp" type="15" sum="5"/>
<action no="2" player="2easy4881" type="15" discard="1" dealt="1" sum="5"/>
<action no="3" player="DougiStyle" type="15" discard="1" dealt="1" sum="5"/>
<action no="4" player="oreiasccp" type="1" sum="15"/>
<action no="5" player="2easy4881" type="2" discard="1" dealt="1" sum="30"/>
</round>
<round no="1"><cards type="Pocket" player="2easy4881">H5 H7</cards>
<cards type="Pocket" player="DougiStyle">SA S3</cards>
<cards type="Pocket" player="oreiasccp">D8 D3</cards>
<action no="6" player="DougiStyle" type="3" discard="1" dealt="1" sum="30"/>
<action no="7" player="oreiasccp" type="3" sum="15"/>
<action no="8" player="2easy4881" type="4" discard="1" dealt="1" sum="0"/>
</round>
<round no="2"><cards type="Flop">S9 HQ H2</cards>
<action no="9" player="oreiasccp" type="4" sum="0"/>
<action no="10" player="2easy4881" type="4" discard="1" dealt="1" sum="0"/>
<action no="11" player="DougiStyle" type="4" discard="1" dealt="1" sum="0"/>
</round>
<round no="3"><cards type="Turn">C4</cards>
<action no="12" player="oreiasccp" type="4" sum="0"/>
<action no="13" player="2easy4881" type="4" discard="1" dealt="1" sum="0"/>
<action no="14" player="DougiStyle" type="4" discard="1" dealt="1" sum="0"/>
</round>
<round no="4"><cards type="River">D10</cards>
<action no="15" player="oreiasccp" type="4" sum="0"/>
<action no="16" player="2easy4881" type="4" discard="1" dealt="1" sum="0"/>
<action no="17" player="DougiStyle" type="4" discard="1" dealt="1" sum="0"/>
</round>
</game>
<game gamecode="11514914272"><general><startdate>2025-06-16 10:50:25</startdate>
<round>1</round>
<failsafecounter/>
<players><player seat="6" name="DougiStyle" chips="660" dealer="0" win="45" bet="35" muck="1" rebuy="0" addon="0" merge="0" rebuychips="0" reg_code="8384863656"/>
<player seat="10" name="oreiasccp" chips="485" dealer="1" win="0" bet="5" muck="1" rebuy="0" addon="0" merge="0" rebuychips="0" reg_code="8384863662"/>
<player seat="3" name="2easy4881" chips="355" dealer="0" win="0" bet="20" muck="1" rebuy="0" addon="0" merge="0" rebuychips="0" reg_code="8384863601"/>
</players>
</general>
<round no="0"><action no="1" player="2easy4881" type="15" discard="1" dealt="1" sum="5"/>
<action no="2" player="DougiStyle" type="15" discard="1" dealt="1" sum="5"/>
<action no="3" player="oreiasccp" type="15" sum="5"/>
<action no="4" player="2easy4881" type="1" discard="1" dealt="1" sum="15"/>
<action no="5" player="DougiStyle" type="2" discard="1" dealt="1" sum="30"/>
</round>
<round no="1"><cards type="Pocket" player="2easy4881">X X</cards>
<cards type="Pocket" player="DougiStyle">X X</cards>
<cards type="Pocket" player="oreiasccp">D5 S2</cards>
<action no="6" player="oreiasccp" type="0" sum="0"/>
<action no="7" player="2easy4881" type="0" discard="1" dealt="1" sum="0"/>
</round>
</game>
<game gamecode="11514914295"><general><startdate>2025-06-16 10:50:32</startdate>
<round>1</round>
<failsafecounter/>
<players><player seat="10" name="oreiasccp" chips="480" dealer="0" win="0" bet="35" muck="1" rebuy="0" addon="0" merge="0" rebuychips="0" reg_code="8384863662"/>
<player seat="3" name="2easy4881" chips="335" dealer="1" win="0" bet="5" muck="1" rebuy="0" addon="0" merge="0" rebuychips="0" reg_code="8384863601"/>
<player seat="6" name="DougiStyle" chips="685" dealer="0" win="75" bet="65" muck="1" rebuy="0" addon="0" merge="0" rebuychips="0" reg_code="8384863656"/>
</players>
</general>
<round no="0"><action no="1" player="DougiStyle" type="15" discard="1" dealt="1" sum="5"/>
<action no="2" player="oreiasccp" type="15" sum="5"/>
<action no="3" player="2easy4881" type="15" discard="1" dealt="1" sum="5"/>
<action no="4" player="DougiStyle" type="1" discard="1" dealt="1" sum="15"/>
<action no="5" player="oreiasccp" type="2" sum="30"/>
</round>
<round no="1"><cards type="Pocket" player="oreiasccp">C3 SQ</cards>
<cards type="Pocket" player="2easy4881">X X</cards>
<cards type="Pocket" player="DougiStyle">X X</cards>
<action no="6" player="2easy4881" type="0" discard="1" dealt="1" sum="0"/>
<action no="7" player="DougiStyle" type="23" discard="1" dealt="1" sum="60"/>
<action no="8" player="oreiasccp" type="0" sum="0"/>
</round>
</game>
<game gamecode="11514914342"><general><startdate>2025-06-16 10:50:45</startdate>
<round>1</round>
<failsafecounter/>
<players><player seat="3" name="2easy4881" chips="330" dealer="0" win="665" bet="330" muck="0" rebuy="0" addon="0" merge="0" rebuychips="0" reg_code="8384863601"/>
<player seat="6" name="DougiStyle" chips="725" dealer="1" win="0" bet="5" muck="1" rebuy="0" addon="0" merge="0" rebuychips="0" reg_code="8384863656"/>
<player seat="10" name="oreiasccp" chips="445" dealer="0" win="0" bet="330" muck="1" rebuy="0" addon="0" merge="0" rebuychips="0" reg_code="8384863662"/>
</players>
</general>
<round no="0"><action no="1" player="oreiasccp" type="15" sum="5"/>
<action no="2" player="2easy4881" type="15" discard="1" dealt="1" sum="5"/>
<action no="3" player="DougiStyle" type="15" discard="1" dealt="1" sum="5"/>
<action no="4" player="oreiasccp" type="1" sum="15"/>
<action no="5" player="2easy4881" type="2" discard="1" dealt="1" sum="30"/>
</round>
<round no="1"><cards type="Pocket" player="oreiasccp">C6 D6</cards>
<cards type="Pocket" player="2easy4881">D8 CK</cards>
<cards type="Pocket" player="DougiStyle">X X</cards>
<action no="6" player="DougiStyle" type="0" discard="1" dealt="1" sum="0"/>
<action no="7" player="oreiasccp" type="23" sum="325"/>
<action no="8" player="2easy4881" type="7" discard="1" dealt="1" sum="295"/>
</round>
<round no="2"><cards type="Flop">H2 S8 H7</cards>
</round>
<round no="3"><cards type="Turn">SJ</cards>
</round>
<round no="4"><cards type="River">S5</cards>
</round>
</game>
<game gamecode="11514914423"><general><startdate>2025-06-16 10:51:10</startdate>
<round>1</round>
<failsafecounter/>
<players><player seat="6" name="DougiStyle" chips="720" dealer="0" win="0" bet="65" muck="1" rebuy="0" addon="0" merge="0" rebuychips="0" reg_code="8384863656"/>
<player seat="10" name="oreiasccp" chips="115" dealer="1" win="0" bet="5" muck="1" rebuy="0" addon="0" merge="0" rebuychips="0" reg_code="8384863662"/>
<player seat="3" name="2easy4881" chips="665" dealer="0" win="135" bet="95" muck="1" rebuy="0" addon="0" merge="0" rebuychips="0" reg_code="8384863601"/>
</players>
</general>
<round no="0"><action no="1" player="2easy4881" type="15" discard="1" dealt="1" sum="5"/>
<action no="2" player="DougiStyle" type="15" discard="1" dealt="1" sum="5"/>
<action no="3" player="oreiasccp" type="15" sum="5"/>
<action no="4" player="2easy4881" type="1" discard="1" dealt="1" sum="15"/>
<action no="5" player="DougiStyle" type="2" discard="1" dealt="1" sum="30"/>
</round>
<round no="1"><cards type="Pocket" player="DougiStyle">X X</cards>
<cards type="Pocket" player="2easy4881">X X</cards>
<cards type="Pocket" player="oreiasccp">H5 H4</cards>
<action no="6" player="oreiasccp" type="0" sum="0"/>
<action no="7" player="2easy4881" type="23" discard="1" dealt="1" sum="60"/>
<action no="8" player="DougiStyle" type="3" discard="1" dealt="1" sum="30"/>
</round>
<round no="2"><cards type="Flop">C7 D9 D5</cards>
<action no="9" player="2easy4881" type="4" discard="1" dealt="1" sum="0"/>
<action no="10" player="DougiStyle" type="4" discard="1" dealt="1" sum="0"/>
</round>
<round no="3"><cards type="Turn">CA</cards>
<action no="11" player="2easy4881" type="4" discard="1" dealt="1" sum="0"/>
<action no="12" player="DougiStyle" type="4" discard="1" dealt="1" sum="0"/>
</round>
<round no="4"><cards type="River">C4</cards>
<action no="13" player="2easy4881" type="5" discard="1" dealt="1" sum="30"/>
<action no="14" player="DougiStyle" type="0" discard="1" dealt="1" sum="0"/>
</round>
</game>
<game gamecode="11514914543"><general><startdate>2025-06-16 10:51:40</startdate>
<round>1</round>
<failsafecounter/>
<players><player seat="10" name="oreiasccp" chips="110" dealer="0" win="45" bet="35" muck="1" rebuy="0" addon="0" merge="0" rebuychips="0" reg_code="8384863662"/>
<player seat="3" name="2easy4881" chips="735" dealer="1" win="0" bet="5" muck="1" rebuy="0" addon="0" merge="0" rebuychips="0" reg_code="8384863601"/>
<player seat="6" name="DougiStyle" chips="655" dealer="0" win="0" bet="20" muck="1" rebuy="0" addon="0" merge="0" rebuychips="0" reg_code="8384863656"/>
</players>
</general>
<round no="0"><action no="1" player="DougiStyle" type="15" discard="1" dealt="1" sum="5"/>
<action no="2" player="oreiasccp" type="15" sum="5"/>
<action no="3" player="2easy4881" type="15" discard="1" dealt="1" sum="5"/>
<action no="4" player="DougiStyle" type="1" discard="1" dealt="1" sum="15"/>
<action no="5" player="oreiasccp" type="2" sum="30"/>
</round>
<round no="1"><cards type="Pocket" player="DougiStyle">X X</cards>
<cards type="Pocket" player="oreiasccp">C5 SJ</cards>
<cards type="Pocket" player="2easy4881">X X</cards>
<action no="6" player="2easy4881" type="0" discard="1" dealt="1" sum="0"/>
<action no="7" player="DougiStyle" type="0" discard="1" dealt="1" sum="0"/>
</round>
</game>
<game gamecode="11514914563"><general><startdate>2025-06-16 10:51:47</startdate>
<round>1</round>
<failsafecounter/>
<players><player seat="3" name="2easy4881" chips="730" dealer="0" win="0" bet="35" muck="1" rebuy="0" addon="0" merge="0" rebuychips="0" reg_code="8384863601"/>
<player seat="6" name="DougiStyle" chips="635" dealer="1" win="305" bet="135" muck="0" rebuy="0" addon="0" merge="0" rebuychips="0" reg_code="8384863656"/>
<player seat="10" name="oreiasccp" chips="135" dealer="0" win="0" bet="135" muck="0" rebuy="0" addon="0" merge="0" rebuychips="0" reg_code="8384863662"/>
</players>
</general>
<round no="0"><action no="1" player="oreiasccp" type="15" sum="5"/>
<action no="2" player="2easy4881" type="15" discard="1" dealt="1" sum="5"/>
<action no="3" player="DougiStyle" type="15" discard="1" dealt="1" sum="5"/>
<action no="4" player="oreiasccp" type="1" sum="15"/>
<action no="5" player="2easy4881" type="2" discard="1" dealt="1" sum="30"/>
</round>
<round no="1"><cards type="Pocket" player="2easy4881">X X</cards>
<cards type="Pocket" player="DougiStyle">S6 C5</cards>
<cards type="Pocket" player="oreiasccp">DK S9</cards>
<action no="6" player="DougiStyle" type="3" discard="1" dealt="1" sum="30"/>
<action no="7" player="oreiasccp" type="23" sum="130"/>
<action no="8" player="2easy4881" type="0" discard="1" dealt="1" sum="0"/>
<action no="9" player="DougiStyle" type="3" discard="1" dealt="1" sum="100"/>
</round>
<round no="2"><cards type="Flop">H5 D9 C3</cards>
</round>
<round no="3"><cards type="Turn">D5</cards>
</round>
<round no="4"><cards type="River">D10</cards>
</round>
</game>
</session>
