<?xml version="1.0" encoding="UTF-8"?>
<session sessioncode="8384819247">
<general>
<client_version>24.7.1.16</client_version>
<mode>real</mode>
<gametype>Holdem NL</gametype>
<tablename>Twister €5 SNG, 1127560066</tablename>
<tournamentcode>1127560065</tournamentcode>
<tournamentname>Twister €5 SNG</tournamentname>
<buyin>€0 + €0.35 + €4.65</buyin>
<totalbuyin>€5</totalbuyin>
<rewarddrawn>€10</rewarddrawn>
<tournamentcurrency>EUR</tournamentcurrency>
<currency>EUR</currency>
<nickname>oreiasccp</nickname>
<gamecount>25</gamecount>
<startdate>2025-06-16 07:00:43</startdate>
<place>1</place>
<win>€10</win>
<tablesize>3</tablesize>
</general>
<game gamecode="11514772149"><general><startdate>2025-06-16 07:00:58</startdate>
<round>1</round>
<failsafecounter/>
<players><player seat="6" name="bobbb1" chips="500" dealer="0" win="20" bet="20" muck="1" rebuy="0" addon="0" merge="0" rebuychips="0" reg_code="8384819131"/>
<player seat="10" name="oreiasccp" chips="500" dealer="1" win="0" bet="0" muck="1" rebuy="0" addon="0" merge="0" rebuychips="0" reg_code="8384819247"/>
<player seat="3" name="d0nsamag0n" chips="500" dealer="0" win="0" bet="10" muck="1" rebuy="0" addon="0" merge="0" rebuychips="0" reg_code="8384819124"/>
</players>
</general>
<round no="0"><action no="1" player="d0nsamag0n" type="1" discard="1" dealt="1" sum="10"/>
<action no="2" player="bobbb1" type="2" discard="1" dealt="1" sum="20"/>
</round>
<round no="1"><cards type="Pocket" player="oreiasccp">S2 C4</cards>
<cards type="Pocket" player="d0nsamag0n">X X</cards>
<cards type="Pocket" player="bobbb1">X X</cards>
<action no="3" player="oreiasccp" type="0" sum="0"/>
<action no="4" player="d0nsamag0n" type="0" discard="1" dealt="1" sum="0"/>
</round>
</game>
<game gamecode="11514772179"><general><startdate>2025-06-16 07:01:07</startdate>
<round>1</round>
<failsafecounter/>
<players><player seat="10" name="oreiasccp" chips="500" dealer="0" win="0" bet="85" muck="1" rebuy="0" addon="0" merge="0" rebuychips="0" reg_code="8384819247"/>
<player seat="3" name="d0nsamag0n" chips="490" dealer="1" win="180" bet="211" muck="1" rebuy="0" addon="0" merge="0" rebuychips="0" reg_code="8384819124"/>
<player seat="6" name="bobbb1" chips="510" dealer="0" win="0" bet="10" muck="1" rebuy="0" addon="0" merge="0" rebuychips="0" reg_code="8384819131"/>
</players>
</general>
<round no="0"><action no="1" player="bobbb1" type="1" discard="1" dealt="1" sum="10"/>
<action no="2" player="oreiasccp" type="2" sum="20"/>
</round>
<round no="1"><cards type="Pocket" player="oreiasccp">S2 HK</cards>
<cards type="Pocket" player="bobbb1">X X</cards>
<cards type="Pocket" player="d0nsamag0n">X X</cards>
<action no="3" player="d0nsamag0n" type="23" discard="1" dealt="1" sum="40"/>
<action no="4" player="bobbb1" type="0" discard="1" dealt="1" sum="0"/>
<action no="5" player="oreiasccp" type="3" sum="20"/>
</round>
<round no="2"><cards type="Flop">C2 D9 D8</cards>
<action no="6" player="oreiasccp" type="4" sum="0"/>
<action no="7" player="d0nsamag0n" type="5" discard="1" dealt="1" sum="45"/>
<action no="8" player="oreiasccp" type="3" sum="45"/>
</round>
<round no="3"><cards type="Turn">C6</cards>
<action no="9" player="oreiasccp" type="4" sum="0"/>
<action no="10" player="d0nsamag0n" type="5" discard="1" dealt="1" sum="126"/>
<action no="11" player="oreiasccp" type="0" sum="0"/>
</round>
</game>
<game gamecode="11514772255"><general><startdate>2025-06-16 07:01:38</startdate>
<round>1</round>
<failsafecounter/>
<players><player seat="3" name="d0nsamag0n" chips="585" dealer="0" win="0" bet="20" muck="1" rebuy="0" addon="0" merge="0" rebuychips="0" reg_code="8384819124"/>
<player seat="6" name="bobbb1" chips="500" dealer="1" win="0" bet="40" muck="1" rebuy="0" addon="0" merge="0" rebuychips="0" reg_code="8384819131"/>
<player seat="10" name="oreiasccp" chips="415" dealer="0" win="100" bet="415" muck="1" rebuy="0" addon="0" merge="0" rebuychips="0" reg_code="8384819247"/>
</players>
</general>
<round no="0"><action no="1" player="oreiasccp" type="1" sum="10"/>
<action no="2" player="d0nsamag0n" type="2" discard="1" dealt="1" sum="20"/>
</round>
<round no="1"><cards type="Pocket" player="bobbb1">X X</cards>
<cards type="Pocket" player="oreiasccp">H3 HA</cards>
<cards type="Pocket" player="d0nsamag0n">X X</cards>
<action no="3" player="bobbb1" type="23" discard="1" dealt="1" sum="40"/>
<action no="4" player="oreiasccp" type="23" sum="415"/>
<action no="5" player="d0nsamag0n" type="0" discard="1" dealt="1" sum="0"/>
<action no="6" player="bobbb1" type="0" discard="1" dealt="1" sum="0"/>
</round>
</game>
<game gamecode="11514772308"><general><startdate>2025-06-16 07:01:58</startdate>
<round>1</round>
<failsafecounter/>
<players><player seat="6" name="bobbb1" chips="460" dealer="0" win="90" bet="67" muck="1" rebuy="0" addon="0" merge="0" rebuychips="0" reg_code="8384819131"/>
<player seat="10" name="oreiasccp" chips="475" dealer="1" win="0" bet="40" muck="1" rebuy="0" addon="0" merge="0" rebuychips="0" reg_code="8384819247"/>
<player seat="3" name="d0nsamag0n" chips="565" dealer="0" win="0" bet="10" muck="1" rebuy="0" addon="0" merge="0" rebuychips="0" reg_code="8384819124"/>
</players>
</general>
<round no="0"><action no="1" player="d0nsamag0n" type="1" discard="1" dealt="1" sum="10"/>
<action no="2" player="bobbb1" type="2" discard="1" dealt="1" sum="20"/>
</round>
<round no="1"><cards type="Pocket" player="d0nsamag0n">X X</cards>
<cards type="Pocket" player="oreiasccp">CA C2</cards>
<cards type="Pocket" player="bobbb1">X X</cards>
<action no="3" player="oreiasccp" type="23" sum="40"/>
<action no="4" player="d0nsamag0n" type="0" discard="1" dealt="1" sum="0"/>
<action no="5" player="bobbb1" type="3" discard="1" dealt="1" sum="20"/>
</round>
<round no="2"><cards type="Flop">D10 S6 D2</cards>
<action no="6" player="bobbb1" type="4" discard="1" dealt="1" sum="0"/>
<action no="7" player="oreiasccp" type="4" sum="0"/>
</round>
<round no="3"><cards type="Turn">SK</cards>
<action no="8" player="bobbb1" type="4" discard="1" dealt="1" sum="0"/>
<action no="9" player="oreiasccp" type="4" sum="0"/>
</round>
<round no="4"><cards type="River">H7</cards>
<action no="10" player="bobbb1" type="5" discard="1" dealt="1" sum="27"/>
<action no="11" player="oreiasccp" type="0" sum="0"/>
</round>
</game>
<game gamecode="11514772375"><general><startdate>2025-06-16 07:02:27</startdate>
<round>1</round>
<failsafecounter/>
<players><player seat="10" name="oreiasccp" chips="435" dealer="0" win="260" bet="435" muck="1" rebuy="0" addon="0" merge="0" rebuychips="0" reg_code="8384819247"/>
<player seat="3" name="d0nsamag0n" chips="555" dealer="1" win="0" bet="125" muck="1" rebuy="0" addon="0" merge="0" rebuychips="0" reg_code="8384819124"/>
<player seat="6" name="bobbb1" chips="510" dealer="0" win="0" bet="10" muck="1" rebuy="0" addon="0" merge="0" rebuychips="0" reg_code="8384819131"/>
</players>
</general>
<round no="0"><action no="1" player="bobbb1" type="1" discard="1" dealt="1" sum="10"/>
<action no="2" player="oreiasccp" type="2" sum="20"/>
</round>
<round no="1"><cards type="Pocket" player="bobbb1">X X</cards>
<cards type="Pocket" player="d0nsamag0n">X X</cards>
<cards type="Pocket" player="oreiasccp">D4 D3</cards>
<action no="3" player="d0nsamag0n" type="23" discard="1" dealt="1" sum="40"/>
<action no="4" player="bobbb1" type="0" discard="1" dealt="1" sum="0"/>
<action no="5" player="oreiasccp" type="3" sum="20"/>
</round>
<round no="2"><cards type="Flop">HK DQ D5</cards>
<action no="6" player="oreiasccp" type="4" sum="0"/>
<action no="7" player="d0nsamag0n" type="5" discard="1" dealt="1" sum="20"/>
<action no="8" player="oreiasccp" type="3" sum="20"/>
</round>
<round no="3"><cards type="Turn">H4</cards>
<action no="9" player="oreiasccp" type="4" sum="0"/>
<action no="10" player="d0nsamag0n" type="5" discard="1" dealt="1" sum="65"/>
<action no="11" player="oreiasccp" type="3" sum="65"/>
</round>
<round no="4"><cards type="River">D9</cards>
<action no="12" player="oreiasccp" type="5" sum="310"/>
<action no="13" player="d0nsamag0n" type="0" discard="1" dealt="1" sum="0"/>
</round>
</game>
<game gamecode="11514772441"><general><startdate>2025-06-16 07:02:52</startdate>
<round>1</round>
<failsafecounter/>
<players><player seat="3" name="d0nsamag0n" chips="430" dealer="0" win="0" bet="110" muck="1" rebuy="0" addon="0" merge="0" rebuychips="0" reg_code="8384819124"/>
<player seat="6" name="bobbb1" chips="500" dealer="1" win="0" bet="0" muck="1" rebuy="0" addon="0" merge="0" rebuychips="0" reg_code="8384819131"/>
<player seat="10" name="oreiasccp" chips="570" dealer="0" win="220" bet="170" muck="1" rebuy="0" addon="0" merge="0" rebuychips="0" reg_code="8384819247"/>
</players>
</general>
<round no="0"><action no="1" player="oreiasccp" type="1" sum="10"/>
<action no="2" player="d0nsamag0n" type="2" discard="1" dealt="1" sum="20"/>
</round>
<round no="1"><cards type="Pocket" player="oreiasccp">S8 D10</cards>
<cards type="Pocket" player="bobbb1">X X</cards>
<cards type="Pocket" player="d0nsamag0n">X X</cards>
<action no="3" player="bobbb1" type="0" discard="1" dealt="1" sum="0"/>
<action no="4" player="oreiasccp" type="23" sum="40"/>
<action no="5" player="d0nsamag0n" type="3" discard="1" dealt="1" sum="20"/>
</round>
<round no="2"><cards type="Flop">C10 S10 D6</cards>
<action no="6" player="oreiasccp" type="5" sum="20"/>
<action no="7" player="d0nsamag0n" type="23" discard="1" dealt="1" sum="70"/>
<action no="8" player="oreiasccp" type="3" sum="50"/>
</round>
<round no="3"><cards type="Turn">C2</cards>
<action no="9" player="oreiasccp" type="4" sum="0"/>
<action no="10" player="d0nsamag0n" type="4" discard="1" dealt="1" sum="0"/>
</round>
<round no="4"><cards type="River">SA</cards>
<action no="11" player="oreiasccp" type="5" sum="60"/>
<action no="12" player="d0nsamag0n" type="0" discard="1" dealt="1" sum="0"/>
</round>
</game>
<game gamecode="11514772529"><general><startdate>2025-06-16 07:03:26</startdate>
<round>1</round>
<failsafecounter/>
<players><player seat="6" name="bobbb1" chips="500" dealer="0" win="0" bet="35" muck="1" rebuy="0" addon="0" merge="0" rebuychips="0" reg_code="8384819131"/>
<player seat="10" name="oreiasccp" chips="680" dealer="1" win="0" bet="5" muck="1" rebuy="0" addon="0" merge="0" rebuychips="0" reg_code="8384819247"/>
<player seat="3" name="d0nsamag0n" chips="320" dealer="0" win="75" bet="320" muck="1" rebuy="0" addon="0" merge="0" rebuychips="0" reg_code="8384819124"/>
</players>
</general>
<round no="0"><action no="1" player="d0nsamag0n" type="15" discard="1" dealt="1" sum="5"/>
<action no="2" player="bobbb1" type="15" discard="1" dealt="1" sum="5"/>
<action no="3" player="oreiasccp" type="15" sum="5"/>
<action no="4" player="d0nsamag0n" type="1" discard="1" dealt="1" sum="15"/>
<action no="5" player="bobbb1" type="2" discard="1" dealt="1" sum="30"/>
</round>
<round no="1"><cards type="Pocket" player="d0nsamag0n">X X</cards>
<cards type="Pocket" player="bobbb1">X X</cards>
<cards type="Pocket" player="oreiasccp">S3 H7</cards>
<action no="6" player="oreiasccp" type="0" sum="0"/>
<action no="7" player="d0nsamag0n" type="23" discard="1" dealt="1" sum="315"/>
<action no="8" player="bobbb1" type="0" discard="1" dealt="1" sum="0"/>
</round>
</game>
<game gamecode="11514772560"><general><startdate>2025-06-16 07:03:41</startdate>
<round>1</round>
<failsafecounter/>
<players><player seat="10" name="oreiasccp" chips="675" dealer="0" win="0" bet="35" muck="1" rebuy="0" addon="0" merge="0" rebuychips="0" reg_code="8384819247"/>
<player seat="3" name="d0nsamag0n" chips="360" dealer="1" win="90" bet="65" muck="1" rebuy="0" addon="0" merge="0" rebuychips="0" reg_code="8384819124"/>
<player seat="6" name="bobbb1" chips="465" dealer="0" win="0" bet="20" muck="1" rebuy="0" addon="0" merge="0" rebuychips="0" reg_code="8384819131"/>
</players>
</general>
<round no="0"><action no="1" player="bobbb1" type="15" discard="1" dealt="1" sum="5"/>
<action no="2" player="oreiasccp" type="15" sum="5"/>
<action no="3" player="d0nsamag0n" type="15" discard="1" dealt="1" sum="5"/>
<action no="4" player="bobbb1" type="1" discard="1" dealt="1" sum="15"/>
<action no="5" player="oreiasccp" type="2" sum="30"/>
</round>
<round no="1"><cards type="Pocket" player="oreiasccp">SQ H3</cards>
<cards type="Pocket" player="d0nsamag0n">X X</cards>
<cards type="Pocket" player="bobbb1">X X</cards>
<action no="6" player="d0nsamag0n" type="23" discard="1" dealt="1" sum="60"/>
<action no="7" player="bobbb1" type="0" discard="1" dealt="1" sum="0"/>
<action no="8" player="oreiasccp" type="0" sum="0"/>
</round>
</game>
<game gamecode="11514772581"><general><startdate>2025-06-16 07:03:49</startdate>
<round>1</round>
<failsafecounter/>
<players><player seat="3" name="d0nsamag0n" chips="415" dealer="0" win="0" bet="35" muck="1" rebuy="0" addon="0" merge="0" rebuychips="0" reg_code="8384819124"/>
<player seat="6" name="bobbb1" chips="445" dealer="1" win="90" bet="65" muck="1" rebuy="0" addon="0" merge="0" rebuychips="0" reg_code="8384819131"/>
<player seat="10" name="oreiasccp" chips="640" dealer="0" win="0" bet="20" muck="1" rebuy="0" addon="0" merge="0" rebuychips="0" reg_code="8384819247"/>
</players>
</general>
<round no="0"><action no="1" player="oreiasccp" type="15" sum="5"/>
<action no="2" player="d0nsamag0n" type="15" discard="1" dealt="1" sum="5"/>
<action no="3" player="bobbb1" type="15" discard="1" dealt="1" sum="5"/>
<action no="4" player="oreiasccp" type="1" sum="15"/>
<action no="5" player="d0nsamag0n" type="2" discard="1" dealt="1" sum="30"/>
</round>
<round no="1"><cards type="Pocket" player="oreiasccp">DA S4</cards>
<cards type="Pocket" player="d0nsamag0n">X X</cards>
<cards type="Pocket" player="bobbb1">X X</cards>
<action no="6" player="bobbb1" type="23" discard="1" dealt="1" sum="60"/>
<action no="7" player="oreiasccp" type="0" sum="0"/>
<action no="8" player="d0nsamag0n" type="0" discard="1" dealt="1" sum="0"/>
</round>
</game>
<game gamecode="11514772620"><general><startdate>2025-06-16 07:04:03</startdate>
<round>1</round>
<failsafecounter/>
<players><player seat="6" name="bobbb1" chips="500" dealer="0" win="240" bet="110" muck="0" rebuy="0" addon="0" merge="0" rebuychips="0" reg_code="8384819131"/>
<player seat="10" name="oreiasccp" chips="620" dealer="1" win="0" bet="110" muck="1" rebuy="0" addon="0" merge="0" rebuychips="0" reg_code="8384819247"/>
<player seat="3" name="d0nsamag0n" chips="380" dealer="0" win="0" bet="20" muck="1" rebuy="0" addon="0" merge="0" rebuychips="0" reg_code="8384819124"/>
</players>
</general>
<round no="0"><action no="1" player="d0nsamag0n" type="15" discard="1" dealt="1" sum="5"/>
<action no="2" player="bobbb1" type="15" discard="1" dealt="1" sum="5"/>
<action no="3" player="oreiasccp" type="15" sum="5"/>
<action no="4" player="d0nsamag0n" type="1" discard="1" dealt="1" sum="15"/>
<action no="5" player="bobbb1" type="2" discard="1" dealt="1" sum="30"/>
</round>
<round no="1"><cards type="Pocket" player="bobbb1">H4 H8</cards>
<cards type="Pocket" player="d0nsamag0n">X X</cards>
<cards type="Pocket" player="oreiasccp">D5 CA</cards>
<action no="6" player="oreiasccp" type="23" sum="60"/>
<action no="7" player="d0nsamag0n" type="0" discard="1" dealt="1" sum="0"/>
<action no="8" player="bobbb1" type="3" discard="1" dealt="1" sum="30"/>
</round>
<round no="2"><cards type="Flop">S5 H3 H7</cards>
<action no="9" player="bobbb1" type="4" discard="1" dealt="1" sum="0"/>
<action no="10" player="oreiasccp" type="4" sum="0"/>
</round>
<round no="3"><cards type="Turn">H5</cards>
<action no="11" player="bobbb1" type="5" discard="1" dealt="1" sum="45"/>
<action no="12" player="oreiasccp" type="3" sum="45"/>
</round>
<round no="4"><cards type="River">HK</cards>
<action no="13" player="bobbb1" type="4" discard="1" dealt="1" sum="0"/>
<action no="14" player="oreiasccp" type="4" sum="0"/>
</round>
</game>
<game gamecode="11514772696"><general><startdate>2025-06-16 07:04:32</startdate>
<round>1</round>
<failsafecounter/>
<players><player seat="10" name="oreiasccp" chips="510" dealer="0" win="0" bet="80" muck="1" rebuy="0" addon="0" merge="0" rebuychips="0" reg_code="8384819247"/>
<player seat="3" name="d0nsamag0n" chips="360" dealer="1" win="0" bet="5" muck="1" rebuy="0" addon="0" merge="0" rebuychips="0" reg_code="8384819124"/>
<player seat="6" name="bobbb1" chips="630" dealer="0" win="165" bet="80" muck="0" rebuy="0" addon="0" merge="0" rebuychips="0" reg_code="8384819131"/>
</players>
</general>
<round no="0"><action no="1" player="bobbb1" type="15" discard="1" dealt="1" sum="5"/>
<action no="2" player="oreiasccp" type="15" sum="5"/>
<action no="3" player="d0nsamag0n" type="15" discard="1" dealt="1" sum="5"/>
<action no="4" player="bobbb1" type="1" discard="1" dealt="1" sum="15"/>
<action no="5" player="oreiasccp" type="2" sum="30"/>
</round>
<round no="1"><cards type="Pocket" player="oreiasccp">SQ C7</cards>
<cards type="Pocket" player="bobbb1">CQ CJ</cards>
<cards type="Pocket" player="d0nsamag0n">X X</cards>
<action no="6" player="d0nsamag0n" type="0" discard="1" dealt="1" sum="0"/>
<action no="7" player="bobbb1" type="3" discard="1" dealt="1" sum="15"/>
<action no="8" player="oreiasccp" type="23" sum="75"/>
<action no="9" player="bobbb1" type="3" discard="1" dealt="1" sum="45"/>
</round>
<round no="2"><cards type="Flop">DK H6 C8</cards>
<action no="10" player="bobbb1" type="4" discard="1" dealt="1" sum="0"/>
<action no="11" player="oreiasccp" type="4" sum="0"/>
</round>
<round no="3"><cards type="Turn">H4</cards>
<action no="12" player="bobbb1" type="4" discard="1" dealt="1" sum="0"/>
<action no="13" player="oreiasccp" type="4" sum="0"/>
</round>
<round no="4"><cards type="River">C6</cards>
<action no="14" player="bobbb1" type="4" discard="1" dealt="1" sum="0"/>
<action no="15" player="oreiasccp" type="4" sum="0"/>
</round>
</game>
<game gamecode="11514772782"><general><startdate>2025-06-16 07:05:03</startdate>
<round>1</round>
<failsafecounter/>
<players><player seat="3" name="d0nsamag0n" chips="355" dealer="0" win="55" bet="45" muck="1" rebuy="0" addon="0" merge="0" rebuychips="0" reg_code="8384819124"/>
<player seat="6" name="bobbb1" chips="715" dealer="1" win="0" bet="5" muck="1" rebuy="0" addon="0" merge="0" rebuychips="0" reg_code="8384819131"/>
<player seat="10" name="oreiasccp" chips="430" dealer="0" win="0" bet="25" muck="1" rebuy="0" addon="0" merge="0" rebuychips="0" reg_code="8384819247"/>
</players>
</general>
<round no="0"><action no="1" player="oreiasccp" type="15" sum="5"/>
<action no="2" player="d0nsamag0n" type="15" discard="1" dealt="1" sum="5"/>
<action no="3" player="bobbb1" type="15" discard="1" dealt="1" sum="5"/>
<action no="4" player="oreiasccp" type="1" sum="20"/>
<action no="5" player="d0nsamag0n" type="2" discard="1" dealt="1" sum="40"/>
</round>
<round no="1"><cards type="Pocket" player="d0nsamag0n">X X</cards>
<cards type="Pocket" player="bobbb1">X X</cards>
<cards type="Pocket" player="oreiasccp">C5 H3</cards>
<action no="6" player="bobbb1" type="0" discard="1" dealt="1" sum="0"/>
<action no="7" player="oreiasccp" type="0" sum="0"/>
</round>
</game>
<game gamecode="11514772809"><general><startdate>2025-06-16 07:05:14</startdate>
<round>1</round>
<failsafecounter/>
<players><player seat="6" name="bobbb1" chips="710" dealer="0" win="0" bet="405" muck="1" rebuy="0" addon="0" merge="0" rebuychips="0" reg_code="8384819131"/>
<player seat="10" name="oreiasccp" chips="405" dealer="1" win="835" bet="405" muck="0" rebuy="0" addon="0" merge="0" rebuychips="0" reg_code="8384819247"/>
<player seat="3" name="d0nsamag0n" chips="385" dealer="0" win="0" bet="25" muck="1" rebuy="0" addon="0" merge="0" rebuychips="0" reg_code="8384819124"/>
</players>
</general>
<round no="0"><action no="1" player="d0nsamag0n" type="15" discard="1" dealt="1" sum="5"/>
<action no="2" player="bobbb1" type="15" discard="1" dealt="1" sum="5"/>
<action no="3" player="oreiasccp" type="15" sum="5"/>
<action no="4" player="d0nsamag0n" type="1" discard="1" dealt="1" sum="20"/>
<action no="5" player="bobbb1" type="2" discard="1" dealt="1" sum="40"/>
</round>
<round no="1"><cards type="Pocket" player="bobbb1">D2 C2</cards>
<cards type="Pocket" player="oreiasccp">H10 DK</cards>
<cards type="Pocket" player="d0nsamag0n">X X</cards>
<action no="6" player="oreiasccp" type="23" sum="400"/>
<action no="7" player="d0nsamag0n" type="0" discard="1" dealt="1" sum="0"/>
<action no="8" player="bobbb1" type="3" discard="1" dealt="1" sum="360"/>
</round>
<round no="2"><cards type="Flop">S7 SK HA</cards>
</round>
<round no="3"><cards type="Turn">C8</cards>
</round>
<round no="4"><cards type="River">C7</cards>
</round>
</game>
<game gamecode="11514772861"><general><startdate>2025-06-16 07:05:33</startdate>
<round>1</round>
<failsafecounter/>
<players><player seat="10" name="oreiasccp" chips="835" dealer="0" win="55" bet="45" muck="1" rebuy="0" addon="0" merge="0" rebuychips="0" reg_code="8384819247"/>
<player seat="3" name="d0nsamag0n" chips="360" dealer="1" win="0" bet="5" muck="1" rebuy="0" addon="0" merge="0" rebuychips="0" reg_code="8384819124"/>
<player seat="6" name="bobbb1" chips="305" dealer="0" win="0" bet="25" muck="1" rebuy="0" addon="0" merge="0" rebuychips="0" reg_code="8384819131"/>
</players>
</general>
<round no="0"><action no="1" player="bobbb1" type="15" discard="1" dealt="1" sum="5"/>
<action no="2" player="oreiasccp" type="15" sum="5"/>
<action no="3" player="d0nsamag0n" type="15" discard="1" dealt="1" sum="5"/>
<action no="4" player="bobbb1" type="1" discard="1" dealt="1" sum="20"/>
<action no="5" player="oreiasccp" type="2" sum="40"/>
</round>
<round no="1"><cards type="Pocket" player="d0nsamag0n">X X</cards>
<cards type="Pocket" player="bobbb1">X X</cards>
<cards type="Pocket" player="oreiasccp">SK HA</cards>
<action no="6" player="d0nsamag0n" type="0" discard="1" dealt="1" sum="0"/>
<action no="7" player="bobbb1" type="0" discard="1" dealt="1" sum="0"/>
</round>
</game>
<game gamecode="11514772884"><general><startdate>2025-06-16 07:05:44</startdate>
<round>1</round>
<failsafecounter/>
<players><player seat="3" name="d0nsamag0n" chips="355" dealer="0" win="55" bet="45" muck="1" rebuy="0" addon="0" merge="0" rebuychips="0" reg_code="8384819124"/>
<player seat="6" name="bobbb1" chips="280" dealer="1" win="0" bet="5" muck="1" rebuy="0" addon="0" merge="0" rebuychips="0" reg_code="8384819131"/>
<player seat="10" name="oreiasccp" chips="865" dealer="0" win="0" bet="25" muck="1" rebuy="0" addon="0" merge="0" rebuychips="0" reg_code="8384819247"/>
</players>
</general>
<round no="0"><action no="1" player="oreiasccp" type="15" sum="5"/>
<action no="2" player="d0nsamag0n" type="15" discard="1" dealt="1" sum="5"/>
<action no="3" player="bobbb1" type="15" discard="1" dealt="1" sum="5"/>
<action no="4" player="oreiasccp" type="1" sum="20"/>
<action no="5" player="d0nsamag0n" type="2" discard="1" dealt="1" sum="40"/>
</round>
<round no="1"><cards type="Pocket" player="oreiasccp">C2 HJ</cards>
<cards type="Pocket" player="bobbb1">X X</cards>
<cards type="Pocket" player="d0nsamag0n">X X</cards>
<action no="6" player="bobbb1" type="0" discard="1" dealt="1" sum="0"/>
<action no="7" player="oreiasccp" type="0" sum="0"/>
</round>
</game>
<game gamecode="11514772905"><general><startdate>2025-06-16 07:05:51</startdate>
<round>1</round>
<failsafecounter/>
<players><player seat="6" name="bobbb1" chips="275" dealer="0" win="0" bet="45" muck="1" rebuy="0" addon="0" merge="0" rebuychips="0" reg_code="8384819131"/>
<player seat="10" name="oreiasccp" chips="840" dealer="1" win="115" bet="385" muck="1" rebuy="0" addon="0" merge="0" rebuychips="0" reg_code="8384819247"/>
<player seat="3" name="d0nsamag0n" chips="385" dealer="0" win="0" bet="25" muck="1" rebuy="0" addon="0" merge="0" rebuychips="0" reg_code="8384819124"/>
</players>
</general>
<round no="0"><action no="1" player="d0nsamag0n" type="15" discard="1" dealt="1" sum="5"/>
<action no="2" player="bobbb1" type="15" discard="1" dealt="1" sum="5"/>
<action no="3" player="oreiasccp" type="15" sum="5"/>
<action no="4" player="d0nsamag0n" type="1" discard="1" dealt="1" sum="20"/>
<action no="5" player="bobbb1" type="2" discard="1" dealt="1" sum="40"/>
</round>
<round no="1"><cards type="Pocket" player="oreiasccp">D9 DJ</cards>
<cards type="Pocket" player="d0nsamag0n">X X</cards>
<cards type="Pocket" player="bobbb1">X X</cards>
<action no="6" player="oreiasccp" type="23" sum="380"/>
<action no="7" player="d0nsamag0n" type="0" discard="1" dealt="1" sum="0"/>
<action no="8" player="bobbb1" type="0" discard="1" dealt="1" sum="0"/>
</round>
</game>
<game gamecode="11514772940"><general><startdate>2025-06-16 07:06:04</startdate>
<round>1</round>
<failsafecounter/>
<players><player seat="10" name="oreiasccp" chips="910" dealer="0" win="0" bet="230" muck="1" rebuy="0" addon="0" merge="0" rebuychips="0" reg_code="8384819247"/>
<player seat="3" name="d0nsamag0n" chips="360" dealer="1" win="0" bet="5" muck="1" rebuy="0" addon="0" merge="0" rebuychips="0" reg_code="8384819124"/>
<player seat="6" name="bobbb1" chips="230" dealer="0" win="465" bet="230" muck="0" rebuy="0" addon="0" merge="0" rebuychips="0" reg_code="8384819131"/>
</players>
</general>
<round no="0"><action no="1" player="bobbb1" type="15" discard="1" dealt="1" sum="5"/>
<action no="2" player="oreiasccp" type="15" sum="5"/>
<action no="3" player="d0nsamag0n" type="15" discard="1" dealt="1" sum="5"/>
<action no="4" player="bobbb1" type="1" discard="1" dealt="1" sum="20"/>
<action no="5" player="oreiasccp" type="2" sum="40"/>
</round>
<round no="1"><cards type="Pocket" player="bobbb1">DA S2</cards>
<cards type="Pocket" player="oreiasccp">DQ D4</cards>
<cards type="Pocket" player="d0nsamag0n">X X</cards>
<action no="6" player="d0nsamag0n" type="0" discard="1" dealt="1" sum="0"/>
<action no="7" player="bobbb1" type="23" discard="1" dealt="1" sum="225"/>
<action no="8" player="oreiasccp" type="3" sum="185"/>
</round>
<round no="2"><cards type="Flop">H6 CK DJ</cards>
</round>
<round no="3"><cards type="Turn">H9</cards>
</round>
<round no="4"><cards type="River">CJ</cards>
</round>
</game>
<game gamecode="11514772996"><general><startdate>2025-06-16 07:06:26</startdate>
<round>1</round>
<failsafecounter/>
<players><player seat="3" name="d0nsamag0n" chips="355" dealer="0" win="0" bet="45" muck="1" rebuy="0" addon="0" merge="0" rebuychips="0" reg_code="8384819124"/>
<player seat="6" name="bobbb1" chips="465" dealer="1" win="115" bet="465" muck="1" rebuy="0" addon="0" merge="0" rebuychips="0" reg_code="8384819131"/>
<player seat="10" name="oreiasccp" chips="680" dealer="0" win="0" bet="25" muck="1" rebuy="0" addon="0" merge="0" rebuychips="0" reg_code="8384819247"/>
</players>
</general>
<round no="0"><action no="1" player="oreiasccp" type="15" sum="5"/>
<action no="2" player="d0nsamag0n" type="15" discard="1" dealt="1" sum="5"/>
<action no="3" player="bobbb1" type="15" discard="1" dealt="1" sum="5"/>
<action no="4" player="oreiasccp" type="1" sum="20"/>
<action no="5" player="d0nsamag0n" type="2" discard="1" dealt="1" sum="40"/>
</round>
<round no="1"><cards type="Pocket" player="oreiasccp">DJ C7</cards>
<cards type="Pocket" player="d0nsamag0n">X X</cards>
<cards type="Pocket" player="bobbb1">X X</cards>
<action no="6" player="bobbb1" type="23" discard="1" dealt="1" sum="460"/>
<action no="7" player="oreiasccp" type="0" sum="0"/>
<action no="8" player="d0nsamag0n" type="0" discard="1" dealt="1" sum="0"/>
</round>
</game>
<game gamecode="11514773023"><general><startdate>2025-06-16 07:06:41</startdate>
<round>1</round>
<failsafecounter/>
<players><player seat="6" name="bobbb1" chips="535" dealer="0" win="0" bet="45" muck="1" rebuy="0" addon="0" merge="0" rebuychips="0" reg_code="8384819131"/>
<player seat="10" name="oreiasccp" chips="655" dealer="1" win="0" bet="5" muck="1" rebuy="0" addon="0" merge="0" rebuychips="0" reg_code="8384819247"/>
<player seat="3" name="d0nsamag0n" chips="310" dealer="0" win="95" bet="310" muck="1" rebuy="0" addon="0" merge="0" rebuychips="0" reg_code="8384819124"/>
</players>
</general>
<round no="0"><action no="1" player="d0nsamag0n" type="15" discard="1" dealt="1" sum="5"/>
<action no="2" player="bobbb1" type="15" discard="1" dealt="1" sum="5"/>
<action no="3" player="oreiasccp" type="15" sum="5"/>
<action no="4" player="d0nsamag0n" type="1" discard="1" dealt="1" sum="20"/>
<action no="5" player="bobbb1" type="2" discard="1" dealt="1" sum="40"/>
</round>
<round no="1"><cards type="Pocket" player="oreiasccp">D9 H6</cards>
<cards type="Pocket" player="d0nsamag0n">X X</cards>
<cards type="Pocket" player="bobbb1">X X</cards>
<action no="6" player="oreiasccp" type="0" sum="0"/>
<action no="7" player="d0nsamag0n" type="23" discard="1" dealt="1" sum="305"/>
<action no="8" player="bobbb1" type="0" discard="1" dealt="1" sum="0"/>
</round>
</game>
<game gamecode="11514773066"><general><startdate>2025-06-16 07:06:58</startdate>
<round>1</round>
<failsafecounter/>
<players><player seat="10" name="oreiasccp" chips="650" dealer="0" win="0" bet="65" muck="1" rebuy="0" addon="0" merge="0" rebuychips="0" reg_code="8384819247"/>
<player seat="3" name="d0nsamag0n" chips="360" dealer="1" win="165" bet="360" muck="1" rebuy="0" addon="0" merge="0" rebuychips="0" reg_code="8384819124"/>
<player seat="6" name="bobbb1" chips="490" dealer="0" win="0" bet="35" muck="1" rebuy="0" addon="0" merge="0" rebuychips="0" reg_code="8384819131"/>
</players>
</general>
<round no="0"><action no="1" player="bobbb1" type="15" discard="1" dealt="1" sum="5"/>
<action no="2" player="oreiasccp" type="15" sum="5"/>
<action no="3" player="d0nsamag0n" type="15" discard="1" dealt="1" sum="5"/>
<action no="4" player="bobbb1" type="1" discard="1" dealt="1" sum="30"/>
<action no="5" player="oreiasccp" type="2" sum="60"/>
</round>
<round no="1"><cards type="Pocket" player="bobbb1">X X</cards>
<cards type="Pocket" player="oreiasccp">DJ S7</cards>
<cards type="Pocket" player="d0nsamag0n">X X</cards>
<action no="6" player="d0nsamag0n" type="23" discard="1" dealt="1" sum="355"/>
<action no="7" player="bobbb1" type="0" discard="1" dealt="1" sum="0"/>
<action no="8" player="oreiasccp" type="0" sum="0"/>
</round>
</game>
<game gamecode="11514773086"><general><startdate>2025-06-16 07:07:08</startdate>
<round>1</round>
<failsafecounter/>
<players><player seat="3" name="d0nsamag0n" chips="460" dealer="0" win="925" bet="460" muck="0" rebuy="0" addon="0" merge="0" rebuychips="0" reg_code="8384819124"/>
<player seat="6" name="bobbb1" chips="455" dealer="1" win="0" bet="5" muck="1" rebuy="0" addon="0" merge="0" rebuychips="0" reg_code="8384819131"/>
<player seat="10" name="oreiasccp" chips="585" dealer="0" win="0" bet="460" muck="1" rebuy="0" addon="0" merge="0" rebuychips="0" reg_code="8384819247"/>
</players>
</general>
<round no="0"><action no="1" player="oreiasccp" type="15" sum="5"/>
<action no="2" player="d0nsamag0n" type="15" discard="1" dealt="1" sum="5"/>
<action no="3" player="bobbb1" type="15" discard="1" dealt="1" sum="5"/>
<action no="4" player="oreiasccp" type="1" sum="30"/>
<action no="5" player="d0nsamag0n" type="2" discard="1" dealt="1" sum="60"/>
</round>
<round no="1"><cards type="Pocket" player="bobbb1">X X</cards>
<cards type="Pocket" player="d0nsamag0n">DJ CA</cards>
<cards type="Pocket" player="oreiasccp">HJ DK</cards>
<action no="6" player="bobbb1" type="0" discard="1" dealt="1" sum="0"/>
<action no="7" player="oreiasccp" type="23" sum="455"/>
<action no="8" player="d0nsamag0n" type="7" discard="1" dealt="1" sum="395"/>
</round>
<round no="2"><cards type="Flop">H2 C8 C4</cards>
</round>
<round no="3"><cards type="Turn">H8</cards>
</round>
<round no="4"><cards type="River">C2</cards>
</round>
</game>
<game gamecode="11514773135"><general><startdate>2025-06-16 07:07:30</startdate>
<round>1</round>
<failsafecounter/>
<players><player seat="6" name="bobbb1" chips="450" dealer="0" win="0" bet="125" muck="1" rebuy="0" addon="0" merge="0" rebuychips="0" reg_code="8384819131"/>
<player seat="10" name="oreiasccp" chips="125" dealer="1" win="285" bet="125" muck="0" rebuy="0" addon="0" merge="0" rebuychips="0" reg_code="8384819247"/>
<player seat="3" name="d0nsamag0n" chips="925" dealer="0" win="0" bet="35" muck="1" rebuy="0" addon="0" merge="0" rebuychips="0" reg_code="8384819124"/>
</players>
</general>
<round no="0"><action no="1" player="d0nsamag0n" type="15" discard="1" dealt="1" sum="5"/>
<action no="2" player="bobbb1" type="15" discard="1" dealt="1" sum="5"/>
<action no="3" player="oreiasccp" type="15" sum="5"/>
<action no="4" player="d0nsamag0n" type="1" discard="1" dealt="1" sum="30"/>
<action no="5" player="bobbb1" type="2" discard="1" dealt="1" sum="60"/>
</round>
<round no="1"><cards type="Pocket" player="oreiasccp">D8 HK</cards>
<cards type="Pocket" player="bobbb1">SQ C3</cards>
<cards type="Pocket" player="d0nsamag0n">X X</cards>
<action no="6" player="oreiasccp" type="7" sum="120"/>
<action no="7" player="d0nsamag0n" type="0" discard="1" dealt="1" sum="0"/>
<action no="8" player="bobbb1" type="3" discard="1" dealt="1" sum="60"/>
</round>
<round no="2"><cards type="Flop">S8 H10 D10</cards>
</round>
<round no="3"><cards type="Turn">DJ</cards>
</round>
<round no="4"><cards type="River">C5</cards>
</round>
</game>
<game gamecode="11514776460"><general><startdate>2025-06-16 07:08:03</startdate>
<round>1</round>
<failsafecounter/>
<players><player seat="10" name="oreiasccp" chips="285" dealer="0" win="575" bet="285" muck="0" rebuy="0" addon="0" merge="0" rebuychips="0" reg_code="8384819247"/>
<player seat="3" name="d0nsamag0n" chips="890" dealer="1" win="0" bet="5" muck="1" rebuy="0" addon="0" merge="0" rebuychips="0" reg_code="8384819124"/>
<player seat="6" name="bobbb1" chips="325" dealer="0" win="0" bet="325" muck="1" rebuy="0" addon="0" merge="0" rebuychips="0" reg_code="8384819131"/>
</players>
</general>
<round no="0"><action no="1" player="bobbb1" type="15" discard="1" dealt="1" sum="5"/>
<action no="2" player="oreiasccp" type="15" sum="5"/>
<action no="3" player="d0nsamag0n" type="15" discard="1" dealt="1" sum="5"/>
<action no="4" player="bobbb1" type="1" discard="1" dealt="1" sum="30"/>
<action no="5" player="oreiasccp" type="2" sum="60"/>
</round>
<round no="1"><cards type="Pocket" player="d0nsamag0n">X X</cards>
<cards type="Pocket" player="bobbb1">SQ H3</cards>
<cards type="Pocket" player="oreiasccp">H8 S8</cards>
<action no="6" player="d0nsamag0n" type="0" discard="1" dealt="1" sum="0"/>
<action no="7" player="bobbb1" type="23" discard="1" dealt="1" sum="320"/>
<action no="8" player="oreiasccp" type="7" sum="220"/>
</round>
<round no="2"><cards type="Flop">SA DK S10</cards>
</round>
<round no="3"><cards type="Turn">H7</cards>
</round>
<round no="4"><cards type="River">H5</cards>
</round>
</game>
<game gamecode="11514776512"><general><startdate>2025-06-16 07:08:24</startdate>
<round>1</round>
<failsafecounter/>
<players><player seat="3" name="d0nsamag0n" chips="885" dealer="0" win="0" bet="575" muck="1" rebuy="0" addon="0" merge="0" rebuychips="0" reg_code="8384819124"/>
<player seat="6" name="bobbb1" chips="40" dealer="1" win="0" bet="40" muck="0" rebuy="0" addon="0" merge="0" rebuychips="0" reg_code="8384819131"/>
<player seat="10" name="oreiasccp" chips="575" dealer="0" win="1,190" bet="575" muck="0" rebuy="0" addon="0" merge="0" rebuychips="0" reg_code="8384819247"/>
</players>
</general>
<round no="0"><action no="1" player="oreiasccp" type="15" sum="5"/>
<action no="2" player="d0nsamag0n" type="15" discard="1" dealt="1" sum="5"/>
<action no="3" player="bobbb1" type="15" discard="1" dealt="1" sum="5"/>
<action no="4" player="oreiasccp" type="1" sum="30"/>
<action no="5" player="d0nsamag0n" type="2" discard="1" dealt="1" sum="60"/>
</round>
<round no="1"><cards type="Pocket" player="d0nsamag0n">DQ SA</cards>
<cards type="Pocket" player="bobbb1">D5 C8</cards>
<cards type="Pocket" player="oreiasccp">H10 HK</cards>
<action no="6" player="bobbb1" type="7" discard="1" dealt="1" sum="35"/>
<action no="7" player="oreiasccp" type="23" sum="570"/>
<action no="8" player="d0nsamag0n" type="3" discard="1" dealt="1" sum="510"/>
</round>
<round no="2"><cards type="Flop">C10 H7 D2</cards>
</round>
<round no="3"><cards type="Turn">H6</cards>
</round>
<round no="4"><cards type="River">C5</cards>
</round>
</game>
<game gamecode="11514776556"><general><startdate>2025-06-16 07:08:43</startdate>
<round>1</round>
<failsafecounter/>
<players><player seat="3" name="d0nsamag0n" chips="310" dealer="0" win="0" bet="310" muck="0" rebuy="0" addon="0" merge="0" rebuychips="0" reg_code="8384819124"/>
<player seat="10" name="oreiasccp" chips="1,190" dealer="1" win="620" bet="310" muck="0" rebuy="0" addon="0" merge="0" rebuychips="0" reg_code="8384819247"/>
</players>
</general>
<round no="0"><action no="1" player="oreiasccp" type="15" sum="5"/>
<action no="2" player="d0nsamag0n" type="15" discard="1" dealt="1" sum="5"/>
<action no="3" player="oreiasccp" type="1" sum="30"/>
<action no="4" player="d0nsamag0n" type="2" discard="1" dealt="1" sum="60"/>
</round>
<round no="1"><cards type="Pocket" player="oreiasccp">DK SK</cards>
<cards type="Pocket" player="d0nsamag0n">C4 CK</cards>
<action no="5" player="oreiasccp" type="3" sum="30"/>
<action no="6" player="d0nsamag0n" type="23" discard="1" dealt="1" sum="305"/>
<action no="7" player="oreiasccp" type="3" sum="245"/>
</round>
<round no="2"><cards type="Flop">HA DJ H2</cards>
</round>
<round no="3"><cards type="Turn">H7</cards>
</round>
<round no="4"><cards type="River">SQ</cards>
</round>
</game>
</session>
