<?xml version="1.0" encoding="UTF-8"?>
<session sessioncode="8384808926">
<general>
<client_version>24.7.1.16</client_version>
<mode>real</mode>
<gametype>Holdem NL</gametype>
<tablename>Twister €5 SNG, 1127557788</tablename>
<tournamentcode>1127557787</tournamentcode>
<tournamentname>Twister €5 SNG</tournamentname>
<buyin>€0 + €0.35 + €4.65</buyin>
<totalbuyin>€5</totalbuyin>
<rewarddrawn>€25</rewarddrawn>
<tournamentcurrency>EUR</tournamentcurrency>
<currency>EUR</currency>
<nickname>oreiasccp</nickname>
<gamecount>24</gamecount>
<startdate>2025-06-16 05:45:24</startdate>
<place>3</place>
<win>€0</win>
<tablesize>3</tablesize>
</general>
<game gamecode="11514735658"><general><startdate>2025-06-16 05:45:39</startdate>
<round>1</round>
<failsafecounter/>
<players><player seat="10" name="oreiasccp" chips="500" dealer="0" win="0" bet="140" muck="1" rebuy="0" addon="0" merge="0" rebuychips="0" reg_code="8384808926"/>
<player seat="3" name="Br1el" chips="500" dealer="1" win="0" bet="40" muck="1" rebuy="0" addon="0" merge="0" rebuychips="0" reg_code="8384808828"/>
<player seat="6" name="trapero" chips="500" dealer="0" win="320" bet="140" muck="0" rebuy="0" addon="0" merge="0" rebuychips="0" reg_code="8384808888"/>
</players>
</general>
<round no="0"><action no="1" player="trapero" type="1" discard="1" dealt="1" sum="10"/>
<action no="2" player="oreiasccp" type="2" sum="20"/>
</round>
<round no="1"><cards type="Pocket" player="Br1el">X X</cards>
<cards type="Pocket" player="trapero">SK H5</cards>
<cards type="Pocket" player="oreiasccp">SJ HQ</cards>
<action no="3" player="Br1el" type="23" discard="1" dealt="1" sum="40"/>
<action no="4" player="trapero" type="3" discard="1" dealt="1" sum="30"/>
<action no="5" player="oreiasccp" type="3" sum="20"/>
</round>
<round no="2"><cards type="Flop">S10 C8 S3</cards>
<action no="6" player="trapero" type="4" discard="1" dealt="1" sum="0"/>
<action no="7" player="oreiasccp" type="4" sum="0"/>
<action no="8" player="Br1el" type="4" discard="1" dealt="1" sum="0"/>
</round>
<round no="3"><cards type="Turn">SA</cards>
<action no="9" player="trapero" type="4" discard="1" dealt="1" sum="0"/>
<action no="10" player="oreiasccp" type="4" sum="0"/>
<action no="11" player="Br1el" type="4" discard="1" dealt="1" sum="0"/>
</round>
<round no="4"><cards type="River">S5</cards>
<action no="12" player="trapero" type="5" discard="1" dealt="1" sum="100"/>
<action no="13" player="oreiasccp" type="3" sum="100"/>
<action no="14" player="Br1el" type="0" discard="1" dealt="1" sum="0"/>
</round>
</game>
<game gamecode="11514738295"><general><startdate>2025-06-16 05:46:27</startdate>
<round>1</round>
<failsafecounter/>
<players><player seat="3" name="Br1el" chips="460" dealer="0" win="20" bet="20" muck="1" rebuy="0" addon="0" merge="0" rebuychips="0" reg_code="8384808828"/>
<player seat="6" name="trapero" chips="680" dealer="1" win="0" bet="0" muck="1" rebuy="0" addon="0" merge="0" rebuychips="0" reg_code="8384808888"/>
<player seat="10" name="oreiasccp" chips="360" dealer="0" win="0" bet="10" muck="1" rebuy="0" addon="0" merge="0" rebuychips="0" reg_code="8384808926"/>
</players>
</general>
<round no="0"><action no="1" player="oreiasccp" type="1" sum="10"/>
<action no="2" player="Br1el" type="2" discard="1" dealt="1" sum="20"/>
</round>
<round no="1"><cards type="Pocket" player="trapero">X X</cards>
<cards type="Pocket" player="Br1el">X X</cards>
<cards type="Pocket" player="oreiasccp">S6 C5</cards>
<action no="3" player="trapero" type="0" discard="1" dealt="1" sum="0"/>
<action no="4" player="oreiasccp" type="0" sum="0"/>
</round>
</game>
<game gamecode="11514738318"><general><startdate>2025-06-16 05:46:39</startdate>
<round>1</round>
<failsafecounter/>
<players><player seat="6" name="trapero" chips="680" dealer="0" win="220" bet="185" muck="1" rebuy="0" addon="0" merge="0" rebuychips="0" reg_code="8384808888"/>
<player seat="10" name="oreiasccp" chips="350" dealer="1" win="0" bet="0" muck="1" rebuy="0" addon="0" merge="0" rebuychips="0" reg_code="8384808926"/>
<player seat="3" name="Br1el" chips="470" dealer="0" win="0" bet="110" muck="1" rebuy="0" addon="0" merge="0" rebuychips="0" reg_code="8384808828"/>
</players>
</general>
<round no="0"><action no="1" player="Br1el" type="1" discard="1" dealt="1" sum="10"/>
<action no="2" player="trapero" type="2" discard="1" dealt="1" sum="20"/>
</round>
<round no="1"><cards type="Pocket" player="oreiasccp">H3 C4</cards>
<cards type="Pocket" player="Br1el">X X</cards>
<cards type="Pocket" player="trapero">X X</cards>
<action no="3" player="oreiasccp" type="0" sum="0"/>
<action no="4" player="Br1el" type="3" discard="1" dealt="1" sum="10"/>
<action no="5" player="trapero" type="4" discard="1" dealt="1" sum="0"/>
</round>
<round no="2"><cards type="Flop">CQ H8 D3</cards>
<action no="6" player="Br1el" type="5" discard="1" dealt="1" sum="20"/>
<action no="7" player="trapero" type="3" discard="1" dealt="1" sum="20"/>
</round>
<round no="3"><cards type="Turn">D10</cards>
<action no="8" player="Br1el" type="5" discard="1" dealt="1" sum="70"/>
<action no="9" player="trapero" type="23" discard="1" dealt="1" sum="145"/>
<action no="10" player="Br1el" type="0" discard="1" dealt="1" sum="0"/>
</round>
</game>
<game gamecode="11514738393"><general><startdate>2025-06-16 05:47:12</startdate>
<round>1</round>
<failsafecounter/>
<players><player seat="10" name="oreiasccp" chips="350" dealer="0" win="0" bet="20" muck="1" rebuy="0" addon="0" merge="0" rebuychips="0" reg_code="8384808926"/>
<player seat="3" name="Br1el" chips="360" dealer="1" win="100" bet="67" muck="1" rebuy="0" addon="0" merge="0" rebuychips="0" reg_code="8384808828"/>
<player seat="6" name="trapero" chips="790" dealer="0" win="0" bet="40" muck="1" rebuy="0" addon="0" merge="0" rebuychips="0" reg_code="8384808888"/>
</players>
</general>
<round no="0"><action no="1" player="trapero" type="1" discard="1" dealt="1" sum="10"/>
<action no="2" player="oreiasccp" type="2" sum="20"/>
</round>
<round no="1"><cards type="Pocket" player="oreiasccp">H4 SJ</cards>
<cards type="Pocket" player="Br1el">X X</cards>
<cards type="Pocket" player="trapero">X X</cards>
<action no="3" player="Br1el" type="23" discard="1" dealt="1" sum="40"/>
<action no="4" player="trapero" type="3" discard="1" dealt="1" sum="30"/>
<action no="5" player="oreiasccp" type="0" sum="0"/>
</round>
<round no="2"><cards type="Flop">H3 D10 DJ</cards>
<action no="6" player="trapero" type="4" discard="1" dealt="1" sum="0"/>
<action no="7" player="Br1el" type="5" discard="1" dealt="1" sum="27"/>
<action no="8" player="trapero" type="0" discard="1" dealt="1" sum="0"/>
</round>
</game>
<game gamecode="11514738466"><general><startdate>2025-06-16 05:47:48</startdate>
<round>1</round>
<failsafecounter/>
<players><player seat="3" name="Br1el" chips="420" dealer="0" win="0" bet="35" muck="1" rebuy="0" addon="0" merge="0" rebuychips="0" reg_code="8384808828"/>
<player seat="6" name="trapero" chips="750" dealer="1" win="0" bet="35" muck="1" rebuy="0" addon="0" merge="0" rebuychips="0" reg_code="8384808888"/>
<player seat="10" name="oreiasccp" chips="330" dealer="0" win="105" bet="330" muck="1" rebuy="0" addon="0" merge="0" rebuychips="0" reg_code="8384808926"/>
</players>
</general>
<round no="0"><action no="1" player="oreiasccp" type="15" sum="5"/>
<action no="2" player="Br1el" type="15" discard="1" dealt="1" sum="5"/>
<action no="3" player="trapero" type="15" discard="1" dealt="1" sum="5"/>
<action no="4" player="oreiasccp" type="1" sum="15"/>
<action no="5" player="Br1el" type="2" discard="1" dealt="1" sum="30"/>
</round>
<round no="1"><cards type="Pocket" player="trapero">X X</cards>
<cards type="Pocket" player="Br1el">X X</cards>
<cards type="Pocket" player="oreiasccp">DK SQ</cards>
<action no="6" player="trapero" type="3" discard="1" dealt="1" sum="30"/>
<action no="7" player="oreiasccp" type="23" sum="325"/>
<action no="8" player="Br1el" type="0" discard="1" dealt="1" sum="0"/>
<action no="9" player="trapero" type="0" discard="1" dealt="1" sum="0"/>
</round>
</game>
<game gamecode="11514738506"><general><startdate>2025-06-16 05:48:04</startdate>
<round>1</round>
<failsafecounter/>
<players><player seat="6" name="trapero" chips="715" dealer="0" win="75" bet="80" muck="1" rebuy="0" addon="0" merge="0" rebuychips="0" reg_code="8384808888"/>
<player seat="10" name="oreiasccp" chips="400" dealer="1" win="0" bet="5" muck="1" rebuy="0" addon="0" merge="0" rebuychips="0" reg_code="8384808926"/>
<player seat="3" name="Br1el" chips="385" dealer="0" win="0" bet="35" muck="1" rebuy="0" addon="0" merge="0" rebuychips="0" reg_code="8384808828"/>
</players>
</general>
<round no="0"><action no="1" player="Br1el" type="15" discard="1" dealt="1" sum="5"/>
<action no="2" player="trapero" type="15" discard="1" dealt="1" sum="5"/>
<action no="3" player="oreiasccp" type="15" sum="5"/>
<action no="4" player="Br1el" type="1" discard="1" dealt="1" sum="15"/>
<action no="5" player="trapero" type="2" discard="1" dealt="1" sum="30"/>
</round>
<round no="1"><cards type="Pocket" player="Br1el">X X</cards>
<cards type="Pocket" player="trapero">X X</cards>
<cards type="Pocket" player="oreiasccp">D4 HQ</cards>
<action no="6" player="oreiasccp" type="0" sum="0"/>
<action no="7" player="Br1el" type="3" discard="1" dealt="1" sum="15"/>
<action no="8" player="trapero" type="23" discard="1" dealt="1" sum="75"/>
<action no="9" player="Br1el" type="0" discard="1" dealt="1" sum="0"/>
</round>
</game>
<game gamecode="11514738541"><general><startdate>2025-06-16 05:48:23</startdate>
<round>1</round>
<failsafecounter/>
<players><player seat="10" name="oreiasccp" chips="395" dealer="0" win="0" bet="65" muck="1" rebuy="0" addon="0" merge="0" rebuychips="0" reg_code="8384808926"/>
<player seat="3" name="Br1el" chips="350" dealer="1" win="0" bet="5" muck="1" rebuy="0" addon="0" merge="0" rebuychips="0" reg_code="8384808828"/>
<player seat="6" name="trapero" chips="755" dealer="0" win="135" bet="132" muck="1" rebuy="0" addon="0" merge="0" rebuychips="0" reg_code="8384808888"/>
</players>
</general>
<round no="0"><action no="1" player="trapero" type="15" discard="1" dealt="1" sum="5"/>
<action no="2" player="oreiasccp" type="15" sum="5"/>
<action no="3" player="Br1el" type="15" discard="1" dealt="1" sum="5"/>
<action no="4" player="trapero" type="1" discard="1" dealt="1" sum="15"/>
<action no="5" player="oreiasccp" type="2" sum="30"/>
</round>
<round no="1"><cards type="Pocket" player="oreiasccp">D6 S10</cards>
<cards type="Pocket" player="Br1el">X X</cards>
<cards type="Pocket" player="trapero">X X</cards>
<action no="6" player="Br1el" type="0" discard="1" dealt="1" sum="0"/>
<action no="7" player="trapero" type="3" discard="1" dealt="1" sum="15"/>
<action no="8" player="oreiasccp" type="4" sum="0"/>
</round>
<round no="2"><cards type="Flop">CJ C2 H4</cards>
<action no="9" player="trapero" type="4" discard="1" dealt="1" sum="0"/>
<action no="10" player="oreiasccp" type="5" sum="30"/>
<action no="11" player="trapero" type="3" discard="1" dealt="1" sum="30"/>
</round>
<round no="3"><cards type="Turn">C4</cards>
<action no="12" player="trapero" type="4" discard="1" dealt="1" sum="0"/>
<action no="13" player="oreiasccp" type="4" sum="0"/>
</round>
<round no="4"><cards type="River">SA</cards>
<action no="14" player="trapero" type="5" discard="1" dealt="1" sum="67"/>
<action no="15" player="oreiasccp" type="0" sum="0"/>
</round>
</game>
<game gamecode="11514738653"><general><startdate>2025-06-16 05:49:12</startdate>
<round>1</round>
<failsafecounter/>
<players><player seat="3" name="Br1el" chips="345" dealer="0" win="0" bet="35" muck="1" rebuy="0" addon="0" merge="0" rebuychips="0" reg_code="8384808828"/>
<player seat="6" name="trapero" chips="825" dealer="1" win="0" bet="5" muck="1" rebuy="0" addon="0" merge="0" rebuychips="0" reg_code="8384808888"/>
<player seat="10" name="oreiasccp" chips="330" dealer="0" win="75" bet="330" muck="1" rebuy="0" addon="0" merge="0" rebuychips="0" reg_code="8384808926"/>
</players>
</general>
<round no="0"><action no="1" player="oreiasccp" type="15" sum="5"/>
<action no="2" player="Br1el" type="15" discard="1" dealt="1" sum="5"/>
<action no="3" player="trapero" type="15" discard="1" dealt="1" sum="5"/>
<action no="4" player="oreiasccp" type="1" sum="15"/>
<action no="5" player="Br1el" type="2" discard="1" dealt="1" sum="30"/>
</round>
<round no="1"><cards type="Pocket" player="Br1el">X X</cards>
<cards type="Pocket" player="trapero">X X</cards>
<cards type="Pocket" player="oreiasccp">SJ S10</cards>
<action no="6" player="trapero" type="0" discard="1" dealt="1" sum="0"/>
<action no="7" player="oreiasccp" type="23" sum="325"/>
<action no="8" player="Br1el" type="0" discard="1" dealt="1" sum="0"/>
</round>
</game>
<game gamecode="11514738727"><general><startdate>2025-06-16 05:49:41</startdate>
<round>1</round>
<failsafecounter/>
<players><player seat="6" name="trapero" chips="820" dealer="0" win="0" bet="45" muck="1" rebuy="0" addon="0" merge="0" rebuychips="0" reg_code="8384808888"/>
<player seat="10" name="oreiasccp" chips="370" dealer="1" win="115" bet="370" muck="1" rebuy="0" addon="0" merge="0" rebuychips="0" reg_code="8384808926"/>
<player seat="3" name="Br1el" chips="310" dealer="0" win="0" bet="25" muck="1" rebuy="0" addon="0" merge="0" rebuychips="0" reg_code="8384808828"/>
</players>
</general>
<round no="0"><action no="1" player="Br1el" type="15" discard="1" dealt="1" sum="5"/>
<action no="2" player="trapero" type="15" discard="1" dealt="1" sum="5"/>
<action no="3" player="oreiasccp" type="15" sum="5"/>
<action no="4" player="Br1el" type="1" discard="1" dealt="1" sum="20"/>
<action no="5" player="trapero" type="2" discard="1" dealt="1" sum="40"/>
</round>
<round no="1"><cards type="Pocket" player="Br1el">X X</cards>
<cards type="Pocket" player="trapero">X X</cards>
<cards type="Pocket" player="oreiasccp">S10 SA</cards>
<action no="6" player="oreiasccp" type="23" sum="365"/>
<action no="7" player="Br1el" type="0" discard="1" dealt="1" sum="0"/>
<action no="8" player="trapero" type="0" discard="1" dealt="1" sum="0"/>
</round>
</game>
<game gamecode="11514738748"><general><startdate>2025-06-16 05:49:52</startdate>
<round>1</round>
<failsafecounter/>
<players><player seat="10" name="oreiasccp" chips="440" dealer="0" win="0" bet="45" muck="1" rebuy="0" addon="0" merge="0" rebuychips="0" reg_code="8384808926"/>
<player seat="3" name="Br1el" chips="285" dealer="1" win="115" bet="285" muck="1" rebuy="0" addon="0" merge="0" rebuychips="0" reg_code="8384808828"/>
<player seat="6" name="trapero" chips="775" dealer="0" win="0" bet="25" muck="1" rebuy="0" addon="0" merge="0" rebuychips="0" reg_code="8384808888"/>
</players>
</general>
<round no="0"><action no="1" player="trapero" type="15" discard="1" dealt="1" sum="5"/>
<action no="2" player="oreiasccp" type="15" sum="5"/>
<action no="3" player="Br1el" type="15" discard="1" dealt="1" sum="5"/>
<action no="4" player="trapero" type="1" discard="1" dealt="1" sum="20"/>
<action no="5" player="oreiasccp" type="2" sum="40"/>
</round>
<round no="1"><cards type="Pocket" player="trapero">X X</cards>
<cards type="Pocket" player="Br1el">X X</cards>
<cards type="Pocket" player="oreiasccp">D10 C4</cards>
<action no="6" player="Br1el" type="23" discard="1" dealt="1" sum="280"/>
<action no="7" player="trapero" type="0" discard="1" dealt="1" sum="0"/>
<action no="8" player="oreiasccp" type="0" sum="0"/>
</round>
</game>
<game gamecode="11514738778"><general><startdate>2025-06-16 05:50:04</startdate>
<round>1</round>
<failsafecounter/>
<players><player seat="3" name="Br1el" chips="355" dealer="0" win="0" bet="45" muck="1" rebuy="0" addon="0" merge="0" rebuychips="0" reg_code="8384808828"/>
<player seat="6" name="trapero" chips="750" dealer="1" win="0" bet="5" muck="1" rebuy="0" addon="0" merge="0" rebuychips="0" reg_code="8384808888"/>
<player seat="10" name="oreiasccp" chips="395" dealer="0" win="95" bet="355" muck="1" rebuy="0" addon="0" merge="0" rebuychips="0" reg_code="8384808926"/>
</players>
</general>
<round no="0"><action no="1" player="oreiasccp" type="15" sum="5"/>
<action no="2" player="Br1el" type="15" discard="1" dealt="1" sum="5"/>
<action no="3" player="trapero" type="15" discard="1" dealt="1" sum="5"/>
<action no="4" player="oreiasccp" type="1" sum="20"/>
<action no="5" player="Br1el" type="2" discard="1" dealt="1" sum="40"/>
</round>
<round no="1"><cards type="Pocket" player="Br1el">X X</cards>
<cards type="Pocket" player="trapero">X X</cards>
<cards type="Pocket" player="oreiasccp">HQ HA</cards>
<action no="6" player="trapero" type="0" discard="1" dealt="1" sum="0"/>
<action no="7" player="oreiasccp" type="23" sum="350"/>
<action no="8" player="Br1el" type="0" discard="1" dealt="1" sum="0"/>
</round>
</game>
<game gamecode="11514738813"><general><startdate>2025-06-16 05:50:19</startdate>
<round>1</round>
<failsafecounter/>
<players><player seat="6" name="trapero" chips="745" dealer="0" win="0" bet="45" muck="1" rebuy="0" addon="0" merge="0" rebuychips="0" reg_code="8384808888"/>
<player seat="10" name="oreiasccp" chips="445" dealer="1" win="115" bet="445" muck="1" rebuy="0" addon="0" merge="0" rebuychips="0" reg_code="8384808926"/>
<player seat="3" name="Br1el" chips="310" dealer="0" win="0" bet="25" muck="1" rebuy="0" addon="0" merge="0" rebuychips="0" reg_code="8384808828"/>
</players>
</general>
<round no="0"><action no="1" player="Br1el" type="15" discard="1" dealt="1" sum="5"/>
<action no="2" player="trapero" type="15" discard="1" dealt="1" sum="5"/>
<action no="3" player="oreiasccp" type="15" sum="5"/>
<action no="4" player="Br1el" type="1" discard="1" dealt="1" sum="20"/>
<action no="5" player="trapero" type="2" discard="1" dealt="1" sum="40"/>
</round>
<round no="1"><cards type="Pocket" player="trapero">X X</cards>
<cards type="Pocket" player="Br1el">X X</cards>
<cards type="Pocket" player="oreiasccp">D8 H8</cards>
<action no="6" player="oreiasccp" type="23" sum="440"/>
<action no="7" player="Br1el" type="0" discard="1" dealt="1" sum="0"/>
<action no="8" player="trapero" type="0" discard="1" dealt="1" sum="0"/>
</round>
</game>
<game gamecode="11514738838"><general><startdate>2025-06-16 05:50:29</startdate>
<round>1</round>
<failsafecounter/>
<players><player seat="10" name="oreiasccp" chips="515" dealer="0" win="0" bet="45" muck="1" rebuy="0" addon="0" merge="0" rebuychips="0" reg_code="8384808926"/>
<player seat="3" name="Br1el" chips="285" dealer="1" win="115" bet="285" muck="1" rebuy="0" addon="0" merge="0" rebuychips="0" reg_code="8384808828"/>
<player seat="6" name="trapero" chips="700" dealer="0" win="0" bet="25" muck="1" rebuy="0" addon="0" merge="0" rebuychips="0" reg_code="8384808888"/>
</players>
</general>
<round no="0"><action no="1" player="trapero" type="15" discard="1" dealt="1" sum="5"/>
<action no="2" player="oreiasccp" type="15" sum="5"/>
<action no="3" player="Br1el" type="15" discard="1" dealt="1" sum="5"/>
<action no="4" player="trapero" type="1" discard="1" dealt="1" sum="20"/>
<action no="5" player="oreiasccp" type="2" sum="40"/>
</round>
<round no="1"><cards type="Pocket" player="oreiasccp">S7 CQ</cards>
<cards type="Pocket" player="Br1el">X X</cards>
<cards type="Pocket" player="trapero">X X</cards>
<action no="6" player="Br1el" type="23" discard="1" dealt="1" sum="280"/>
<action no="7" player="trapero" type="0" discard="1" dealt="1" sum="0"/>
<action no="8" player="oreiasccp" type="0" sum="0"/>
</round>
</game>
<game gamecode="11514738865"><general><startdate>2025-06-16 05:50:42</startdate>
<round>1</round>
<failsafecounter/>
<players><player seat="3" name="Br1el" chips="355" dealer="0" win="755" bet="355" muck="0" rebuy="0" addon="0" merge="0" rebuychips="0" reg_code="8384808828"/>
<player seat="6" name="trapero" chips="675" dealer="1" win="0" bet="45" muck="1" rebuy="0" addon="0" merge="0" rebuychips="0" reg_code="8384808888"/>
<player seat="10" name="oreiasccp" chips="470" dealer="0" win="0" bet="470" muck="1" rebuy="0" addon="0" merge="0" rebuychips="0" reg_code="8384808926"/>
</players>
</general>
<round no="0"><action no="1" player="oreiasccp" type="15" sum="5"/>
<action no="2" player="Br1el" type="15" discard="1" dealt="1" sum="5"/>
<action no="3" player="trapero" type="15" discard="1" dealt="1" sum="5"/>
<action no="4" player="oreiasccp" type="1" sum="20"/>
<action no="5" player="Br1el" type="2" discard="1" dealt="1" sum="40"/>
</round>
<round no="1"><cards type="Pocket" player="oreiasccp">H8 SK</cards>
<cards type="Pocket" player="Br1el">D6 H6</cards>
<cards type="Pocket" player="trapero">X X</cards>
<action no="6" player="trapero" type="3" discard="1" dealt="1" sum="40"/>
<action no="7" player="oreiasccp" type="23" sum="465"/>
<action no="8" player="Br1el" type="7" discard="1" dealt="1" sum="310"/>
<action no="9" player="trapero" type="0" discard="1" dealt="1" sum="0"/>
</round>
<round no="2"><cards type="Flop">S6 H10 CK</cards>
</round>
<round no="3"><cards type="Turn">SQ</cards>
</round>
<round no="4"><cards type="River">SA</cards>
</round>
</game>
<game gamecode="11514738912"><general><startdate>2025-06-16 05:51:04</startdate>
<round>1</round>
<failsafecounter/>
<players><player seat="6" name="trapero" chips="630" dealer="0" win="0" bet="45" muck="1" rebuy="0" addon="0" merge="0" rebuychips="0" reg_code="8384808888"/>
<player seat="10" name="oreiasccp" chips="115" dealer="1" win="115" bet="115" muck="1" rebuy="0" addon="0" merge="0" rebuychips="0" reg_code="8384808926"/>
<player seat="3" name="Br1el" chips="755" dealer="0" win="0" bet="25" muck="1" rebuy="0" addon="0" merge="0" rebuychips="0" reg_code="8384808828"/>
</players>
</general>
<round no="0"><action no="1" player="Br1el" type="15" discard="1" dealt="1" sum="5"/>
<action no="2" player="trapero" type="15" discard="1" dealt="1" sum="5"/>
<action no="3" player="oreiasccp" type="15" sum="5"/>
<action no="4" player="Br1el" type="1" discard="1" dealt="1" sum="20"/>
<action no="5" player="trapero" type="2" discard="1" dealt="1" sum="40"/>
</round>
<round no="1"><cards type="Pocket" player="oreiasccp">S6 S5</cards>
<cards type="Pocket" player="trapero">X X</cards>
<cards type="Pocket" player="Br1el">X X</cards>
<action no="6" player="oreiasccp" type="23" sum="110"/>
<action no="7" player="Br1el" type="0" discard="1" dealt="1" sum="0"/>
<action no="8" player="trapero" type="0" discard="1" dealt="1" sum="0"/>
</round>
</game>
<game gamecode="11514738944"><general><startdate>2025-06-16 05:51:20</startdate>
<round>1</round>
<failsafecounter/>
<players><player seat="10" name="oreiasccp" chips="185" dealer="0" win="0" bet="45" muck="1" rebuy="0" addon="0" merge="0" rebuychips="0" reg_code="8384808926"/>
<player seat="3" name="Br1el" chips="730" dealer="1" win="0" bet="5" muck="1" rebuy="0" addon="0" merge="0" rebuychips="0" reg_code="8384808828"/>
<player seat="6" name="trapero" chips="585" dealer="0" win="95" bet="92" muck="1" rebuy="0" addon="0" merge="0" rebuychips="0" reg_code="8384808888"/>
</players>
</general>
<round no="0"><action no="1" player="trapero" type="15" discard="1" dealt="1" sum="5"/>
<action no="2" player="oreiasccp" type="15" sum="5"/>
<action no="3" player="Br1el" type="15" discard="1" dealt="1" sum="5"/>
<action no="4" player="trapero" type="1" discard="1" dealt="1" sum="20"/>
<action no="5" player="oreiasccp" type="2" sum="40"/>
</round>
<round no="1"><cards type="Pocket" player="trapero">X X</cards>
<cards type="Pocket" player="Br1el">X X</cards>
<cards type="Pocket" player="oreiasccp">D9 D3</cards>
<action no="6" player="Br1el" type="0" discard="1" dealt="1" sum="0"/>
<action no="7" player="trapero" type="3" discard="1" dealt="1" sum="20"/>
<action no="8" player="oreiasccp" type="4" sum="0"/>
</round>
<round no="2"><cards type="Flop">S8 HQ H6</cards>
<action no="9" player="trapero" type="4" discard="1" dealt="1" sum="0"/>
<action no="10" player="oreiasccp" type="4" sum="0"/>
</round>
<round no="3"><cards type="Turn">SJ</cards>
<action no="11" player="trapero" type="5" discard="1" dealt="1" sum="47"/>
<action no="12" player="oreiasccp" type="0" sum="0"/>
</round>
</game>
<game gamecode="11514738986"><general><startdate>2025-06-16 05:51:39</startdate>
<round>1</round>
<failsafecounter/>
<players><player seat="3" name="Br1el" chips="725" dealer="0" win="0" bet="65" muck="1" rebuy="0" addon="0" merge="0" rebuychips="0" reg_code="8384808828"/>
<player seat="6" name="trapero" chips="635" dealer="1" win="165" bet="155" muck="1" rebuy="0" addon="0" merge="0" rebuychips="0" reg_code="8384808888"/>
<player seat="10" name="oreiasccp" chips="140" dealer="0" win="0" bet="35" muck="1" rebuy="0" addon="0" merge="0" rebuychips="0" reg_code="8384808926"/>
</players>
</general>
<round no="0"><action no="1" player="oreiasccp" type="15" sum="5"/>
<action no="2" player="Br1el" type="15" discard="1" dealt="1" sum="5"/>
<action no="3" player="trapero" type="15" discard="1" dealt="1" sum="5"/>
<action no="4" player="oreiasccp" type="1" sum="30"/>
<action no="5" player="Br1el" type="2" discard="1" dealt="1" sum="60"/>
</round>
<round no="1"><cards type="Pocket" player="trapero">X X</cards>
<cards type="Pocket" player="oreiasccp">D6 H8</cards>
<cards type="Pocket" player="Br1el">X X</cards>
<action no="6" player="trapero" type="23" discard="1" dealt="1" sum="150"/>
<action no="7" player="oreiasccp" type="0" sum="0"/>
<action no="8" player="Br1el" type="0" discard="1" dealt="1" sum="0"/>
</round>
</game>
<game gamecode="11514739016"><general><startdate>2025-06-16 05:51:52</startdate>
<round>1</round>
<failsafecounter/>
<players><player seat="6" name="trapero" chips="735" dealer="0" win="0" bet="65" muck="1" rebuy="0" addon="0" merge="0" rebuychips="0" reg_code="8384808888"/>
<player seat="10" name="oreiasccp" chips="105" dealer="1" win="0" bet="5" muck="1" rebuy="0" addon="0" merge="0" rebuychips="0" reg_code="8384808926"/>
<player seat="3" name="Br1el" chips="660" dealer="0" win="135" bet="65" muck="0" rebuy="0" addon="0" merge="0" rebuychips="0" reg_code="8384808828"/>
</players>
</general>
<round no="0"><action no="1" player="Br1el" type="15" discard="1" dealt="1" sum="5"/>
<action no="2" player="trapero" type="15" discard="1" dealt="1" sum="5"/>
<action no="3" player="oreiasccp" type="15" sum="5"/>
<action no="4" player="Br1el" type="1" discard="1" dealt="1" sum="30"/>
<action no="5" player="trapero" type="2" discard="1" dealt="1" sum="60"/>
</round>
<round no="1"><cards type="Pocket" player="Br1el">D6 D3</cards>
<cards type="Pocket" player="oreiasccp">D10 S2</cards>
<cards type="Pocket" player="trapero">SQ C2</cards>
<action no="6" player="oreiasccp" type="0" sum="0"/>
<action no="7" player="Br1el" type="3" discard="1" dealt="1" sum="30"/>
<action no="8" player="trapero" type="4" discard="1" dealt="1" sum="0"/>
</round>
<round no="2"><cards type="Flop">CJ C6 S8</cards>
<action no="9" player="Br1el" type="4" discard="1" dealt="1" sum="0"/>
<action no="10" player="trapero" type="4" discard="1" dealt="1" sum="0"/>
</round>
<round no="3"><cards type="Turn">D9</cards>
<action no="11" player="Br1el" type="4" discard="1" dealt="1" sum="0"/>
<action no="12" player="trapero" type="4" discard="1" dealt="1" sum="0"/>
</round>
<round no="4"><cards type="River">C7</cards>
<action no="13" player="Br1el" type="4" discard="1" dealt="1" sum="0"/>
<action no="14" player="trapero" type="4" discard="1" dealt="1" sum="0"/>
</round>
</game>
<game gamecode="11514739078"><general><startdate>2025-06-16 05:52:27</startdate>
<round>1</round>
<failsafecounter/>
<players><player seat="10" name="oreiasccp" chips="100" dealer="0" win="75" bet="65" muck="1" rebuy="0" addon="0" merge="0" rebuychips="0" reg_code="8384808926"/>
<player seat="3" name="Br1el" chips="730" dealer="1" win="0" bet="5" muck="1" rebuy="0" addon="0" merge="0" rebuychips="0" reg_code="8384808828"/>
<player seat="6" name="trapero" chips="670" dealer="0" win="0" bet="35" muck="1" rebuy="0" addon="0" merge="0" rebuychips="0" reg_code="8384808888"/>
</players>
</general>
<round no="0"><action no="1" player="trapero" type="15" discard="1" dealt="1" sum="5"/>
<action no="2" player="oreiasccp" type="15" sum="5"/>
<action no="3" player="Br1el" type="15" discard="1" dealt="1" sum="5"/>
<action no="4" player="trapero" type="1" discard="1" dealt="1" sum="30"/>
<action no="5" player="oreiasccp" type="2" sum="60"/>
</round>
<round no="1"><cards type="Pocket" player="oreiasccp">D5 S9</cards>
<cards type="Pocket" player="Br1el">X X</cards>
<cards type="Pocket" player="trapero">X X</cards>
<action no="6" player="Br1el" type="0" discard="1" dealt="1" sum="0"/>
<action no="7" player="trapero" type="0" discard="1" dealt="1" sum="0"/>
</round>
</game>
<game gamecode="11514739118"><general><startdate>2025-06-16 05:52:46</startdate>
<round>1</round>
<failsafecounter/>
<players><player seat="3" name="Br1el" chips="725" dealer="0" win="165" bet="725" muck="1" rebuy="0" addon="0" merge="0" rebuychips="0" reg_code="8384808828"/>
<player seat="6" name="trapero" chips="635" dealer="1" win="0" bet="65" muck="1" rebuy="0" addon="0" merge="0" rebuychips="0" reg_code="8384808888"/>
<player seat="10" name="oreiasccp" chips="140" dealer="0" win="0" bet="35" muck="1" rebuy="0" addon="0" merge="0" rebuychips="0" reg_code="8384808926"/>
</players>
</general>
<round no="0"><action no="1" player="oreiasccp" type="15" sum="5"/>
<action no="2" player="Br1el" type="15" discard="1" dealt="1" sum="5"/>
<action no="3" player="trapero" type="15" discard="1" dealt="1" sum="5"/>
<action no="4" player="oreiasccp" type="1" sum="30"/>
<action no="5" player="Br1el" type="2" discard="1" dealt="1" sum="60"/>
</round>
<round no="1"><cards type="Pocket" player="Br1el">X X</cards>
<cards type="Pocket" player="trapero">X X</cards>
<cards type="Pocket" player="oreiasccp">H9 C3</cards>
<action no="6" player="trapero" type="3" discard="1" dealt="1" sum="60"/>
<action no="7" player="oreiasccp" type="0" sum="0"/>
<action no="8" player="Br1el" type="23" discard="1" dealt="1" sum="720"/>
<action no="9" player="trapero" type="0" discard="1" dealt="1" sum="0"/>
</round>
</game>
<game gamecode="11514739151"><general><startdate>2025-06-16 05:52:59</startdate>
<round>1</round>
<failsafecounter/>
<players><player seat="6" name="trapero" chips="570" dealer="0" win="0" bet="65" muck="1" rebuy="0" addon="0" merge="0" rebuychips="0" reg_code="8384808888"/>
<player seat="10" name="oreiasccp" chips="105" dealer="1" win="0" bet="5" muck="1" rebuy="0" addon="0" merge="0" rebuychips="0" reg_code="8384808926"/>
<player seat="3" name="Br1el" chips="825" dealer="0" win="135" bet="825" muck="1" rebuy="0" addon="0" merge="0" rebuychips="0" reg_code="8384808828"/>
</players>
</general>
<round no="0"><action no="1" player="Br1el" type="15" discard="1" dealt="1" sum="5"/>
<action no="2" player="trapero" type="15" discard="1" dealt="1" sum="5"/>
<action no="3" player="oreiasccp" type="15" sum="5"/>
<action no="4" player="Br1el" type="1" discard="1" dealt="1" sum="30"/>
<action no="5" player="trapero" type="2" discard="1" dealt="1" sum="60"/>
</round>
<round no="1"><cards type="Pocket" player="Br1el">X X</cards>
<cards type="Pocket" player="trapero">X X</cards>
<cards type="Pocket" player="oreiasccp">D2 SJ</cards>
<action no="6" player="oreiasccp" type="0" sum="0"/>
<action no="7" player="Br1el" type="23" discard="1" dealt="1" sum="820"/>
<action no="8" player="trapero" type="0" discard="1" dealt="1" sum="0"/>
</round>
</game>
<game gamecode="11514739170"><general><startdate>2025-06-16 05:53:10</startdate>
<round>1</round>
<failsafecounter/>
<players><player seat="10" name="oreiasccp" chips="100" dealer="0" win="75" bet="65" muck="1" rebuy="0" addon="0" merge="0" rebuychips="0" reg_code="8384808926"/>
<player seat="3" name="Br1el" chips="895" dealer="1" win="0" bet="5" muck="1" rebuy="0" addon="0" merge="0" rebuychips="0" reg_code="8384808828"/>
<player seat="6" name="trapero" chips="505" dealer="0" win="0" bet="35" muck="1" rebuy="0" addon="0" merge="0" rebuychips="0" reg_code="8384808888"/>
</players>
</general>
<round no="0"><action no="1" player="trapero" type="15" discard="1" dealt="1" sum="5"/>
<action no="2" player="oreiasccp" type="15" sum="5"/>
<action no="3" player="Br1el" type="15" discard="1" dealt="1" sum="5"/>
<action no="4" player="trapero" type="1" discard="1" dealt="1" sum="30"/>
<action no="5" player="oreiasccp" type="2" sum="60"/>
</round>
<round no="1"><cards type="Pocket" player="Br1el">X X</cards>
<cards type="Pocket" player="oreiasccp">DQ SJ</cards>
<cards type="Pocket" player="trapero">X X</cards>
<action no="6" player="Br1el" type="0" discard="1" dealt="1" sum="0"/>
<action no="7" player="trapero" type="0" discard="1" dealt="1" sum="0"/>
</round>
</game>
<game gamecode="11514739191"><general><startdate>2025-06-16 05:53:17</startdate>
<round>1</round>
<failsafecounter/>
<players><player seat="3" name="Br1el" chips="890" dealer="0" win="0" bet="65" muck="1" rebuy="0" addon="0" merge="0" rebuychips="0" reg_code="8384808828"/>
<player seat="6" name="trapero" chips="470" dealer="1" win="165" bet="185" muck="1" rebuy="0" addon="0" merge="0" rebuychips="0" reg_code="8384808888"/>
<player seat="10" name="oreiasccp" chips="140" dealer="0" win="0" bet="35" muck="1" rebuy="0" addon="0" merge="0" rebuychips="0" reg_code="8384808926"/>
</players>
</general>
<round no="0"><action no="1" player="oreiasccp" type="15" sum="5"/>
<action no="2" player="Br1el" type="15" discard="1" dealt="1" sum="5"/>
<action no="3" player="trapero" type="15" discard="1" dealt="1" sum="5"/>
<action no="4" player="oreiasccp" type="1" sum="30"/>
<action no="5" player="Br1el" type="2" discard="1" dealt="1" sum="60"/>
</round>
<round no="1"><cards type="Pocket" player="Br1el">X X</cards>
<cards type="Pocket" player="oreiasccp">C2 H3</cards>
<cards type="Pocket" player="trapero">X X</cards>
<action no="6" player="trapero" type="23" discard="1" dealt="1" sum="180"/>
<action no="7" player="oreiasccp" type="0" sum="0"/>
<action no="8" player="Br1el" type="0" discard="1" dealt="1" sum="0"/>
</round>
</game>
<game gamecode="11514739207"><general><startdate>2025-06-16 05:53:26</startdate>
<round>1</round>
<failsafecounter/>
<players><player seat="6" name="trapero" chips="570" dealer="0" win="0" bet="65" muck="1" rebuy="0" addon="0" merge="0" rebuychips="0" reg_code="8384808888"/>
<player seat="10" name="oreiasccp" chips="105" dealer="1" win="0" bet="105" muck="0" rebuy="0" addon="0" merge="0" rebuychips="0" reg_code="8384808926"/>
<player seat="3" name="Br1el" chips="825" dealer="0" win="275" bet="825" muck="0" rebuy="0" addon="0" merge="0" rebuychips="0" reg_code="8384808828"/>
</players>
</general>
<round no="0"><action no="1" player="Br1el" type="15" discard="1" dealt="1" sum="5"/>
<action no="2" player="trapero" type="15" discard="1" dealt="1" sum="5"/>
<action no="3" player="oreiasccp" type="15" sum="5"/>
<action no="4" player="Br1el" type="1" discard="1" dealt="1" sum="30"/>
<action no="5" player="trapero" type="2" discard="1" dealt="1" sum="60"/>
</round>
<round no="1"><cards type="Pocket" player="Br1el">C2 HA</cards>
<cards type="Pocket" player="trapero">X X</cards>
<cards type="Pocket" player="oreiasccp">HK D3</cards>
<action no="6" player="oreiasccp" type="7" sum="100"/>
<action no="7" player="Br1el" type="23" discard="1" dealt="1" sum="820"/>
<action no="8" player="trapero" type="0" discard="1" dealt="1" sum="0"/>
</round>
<round no="2"><cards type="Flop">H4 SA S6</cards>
</round>
<round no="3"><cards type="Turn">C8</cards>
</round>
<round no="4"><cards type="River">S7</cards>
</round>
</game>
</session>
