<?xml version="1.0" encoding="UTF-8"?>
<session sessioncode="8384891425">
<general>
<client_version>24.7.1.16</client_version>
<mode>real</mode>
<gametype>Holdem NL</gametype>
<tablename>Twister €5 SNG, 1127572466</tablename>
<tournamentcode>1127572465</tournamentcode>
<tournamentname>Twister €5 SNG</tournamentname>
<buyin>€0 + €0.35 + €4.65</buyin>
<totalbuyin>€5</totalbuyin>
<rewarddrawn>€15</rewarddrawn>
<tournamentcurrency>EUR</tournamentcurrency>
<currency>EUR</currency>
<nickname>oreiasccp</nickname>
<gamecount>6</gamecount>
<startdate>2025-06-16 12:07:37</startdate>
<place>2</place>
<win>€0</win>
<tablesize>3</tablesize>
</general>
<game gamecode="11514981037"><general><startdate>2025-06-16 12:07:53</startdate>
<round>1</round>
<failsafecounter/>
<players><player seat="10" name="oreiasccp" chips="500" dealer="0" win="40" bet="500" muck="1" rebuy="0" addon="0" merge="0" rebuychips="0" reg_code="8384891425"/>
<player seat="3" name="Quezada" chips="500" dealer="1" win="0" bet="0" muck="1" rebuy="0" addon="0" merge="0" rebuychips="0" reg_code="8384891401"/>
<player seat="6" name="StyleSheetsBRr" chips="500" dealer="0" win="0" bet="20" muck="1" rebuy="0" addon="0" merge="0" rebuychips="0" reg_code="8384891421"/>
</players>
</general>
<round no="0"><action no="1" player="StyleSheetsBRr" type="1" discard="1" dealt="1" sum="10"/>
<action no="2" player="oreiasccp" type="2" sum="20"/>
</round>
<round no="1"><cards type="Pocket" player="StyleSheetsBRr">X X</cards>
<cards type="Pocket" player="oreiasccp">DA S9</cards>
<cards type="Pocket" player="Quezada">X X</cards>
<action no="3" player="Quezada" type="0" discard="1" dealt="1" sum="0"/>
<action no="4" player="StyleSheetsBRr" type="3" discard="1" dealt="1" sum="10"/>
<action no="5" player="oreiasccp" type="23" sum="500"/>
<action no="6" player="StyleSheetsBRr" type="0" discard="1" dealt="1" sum="0"/>
</round>
</game>
<game gamecode="11514981107"><general><startdate>2025-06-16 12:08:11</startdate>
<round>1</round>
<failsafecounter/>
<players><player seat="3" name="Quezada" chips="500" dealer="0" win="0" bet="20" muck="1" rebuy="0" addon="0" merge="0" rebuychips="0" reg_code="8384891401"/>
<player seat="6" name="StyleSheetsBRr" chips="480" dealer="1" win="0" bet="0" muck="1" rebuy="0" addon="0" merge="0" rebuychips="0" reg_code="8384891421"/>
<player seat="10" name="oreiasccp" chips="520" dealer="0" win="40" bet="500" muck="1" rebuy="0" addon="0" merge="0" rebuychips="0" reg_code="8384891425"/>
</players>
</general>
<round no="0"><action no="1" player="oreiasccp" type="1" sum="10"/>
<action no="2" player="Quezada" type="2" discard="1" dealt="1" sum="20"/>
</round>
<round no="1"><cards type="Pocket" player="Quezada">X X</cards>
<cards type="Pocket" player="oreiasccp">H2 S2</cards>
<cards type="Pocket" player="StyleSheetsBRr">X X</cards>
<action no="3" player="StyleSheetsBRr" type="0" discard="1" dealt="1" sum="0"/>
<action no="4" player="oreiasccp" type="23" sum="500"/>
<action no="5" player="Quezada" type="0" discard="1" dealt="1" sum="0"/>
</round>
</game>
<game gamecode="11514981140"><general><startdate>2025-06-16 12:08:23</startdate>
<round>1</round>
<failsafecounter/>
<players><player seat="6" name="StyleSheetsBRr" chips="480" dealer="0" win="0" bet="480" muck="1" rebuy="0" addon="0" merge="0" rebuychips="0" reg_code="8384891421"/>
<player seat="10" name="oreiasccp" chips="540" dealer="1" win="0" bet="40" muck="1" rebuy="0" addon="0" merge="0" rebuychips="0" reg_code="8384891425"/>
<player seat="3" name="Quezada" chips="480" dealer="0" win="1,000" bet="480" muck="0" rebuy="0" addon="0" merge="0" rebuychips="0" reg_code="8384891401"/>
</players>
</general>
<round no="0"><action no="1" player="Quezada" type="1" discard="1" dealt="1" sum="10"/>
<action no="2" player="StyleSheetsBRr" type="2" discard="1" dealt="1" sum="20"/>
</round>
<round no="1"><cards type="Pocket" player="oreiasccp">DK SQ</cards>
<cards type="Pocket" player="Quezada">C7 S7</cards>
<cards type="Pocket" player="StyleSheetsBRr">HA S8</cards>
<action no="3" player="oreiasccp" type="23" sum="40"/>
<action no="4" player="Quezada" type="3" discard="1" dealt="1" sum="30"/>
<action no="5" player="StyleSheetsBRr" type="23" discard="1" dealt="1" sum="480"/>
<action no="6" player="oreiasccp" type="0" sum="0"/>
<action no="7" player="Quezada" type="7" discard="1" dealt="1" sum="440"/>
</round>
<round no="2"><cards type="Flop">H4 D10 H3</cards>
</round>
<round no="3"><cards type="Turn">C3</cards>
</round>
<round no="4"><cards type="River">DJ</cards>
</round>
</game>
<game gamecode="11514981221"><general><startdate>2025-06-16 12:08:46</startdate>
<round>1</round>
<failsafecounter/>
<players><player seat="10" name="oreiasccp" chips="500" dealer="0" win="0" bet="80" muck="1" rebuy="0" addon="0" merge="0" rebuychips="0" reg_code="8384891425"/>
<player seat="3" name="Quezada" chips="1,000" dealer="1" win="160" bet="174" muck="1" rebuy="0" addon="0" merge="0" rebuychips="0" reg_code="8384891401"/>
</players>
</general>
<round no="0"><action no="1" player="Quezada" type="1" discard="1" dealt="1" sum="10"/>
<action no="2" player="oreiasccp" type="2" sum="20"/>
</round>
<round no="1"><cards type="Pocket" player="oreiasccp">D7 DJ</cards>
<cards type="Pocket" player="Quezada">X X</cards>
<action no="3" player="Quezada" type="3" discard="1" dealt="1" sum="10"/>
<action no="4" player="oreiasccp" type="4" sum="0"/>
</round>
<round no="2"><cards type="Flop">DQ H5 S4</cards>
<action no="5" player="oreiasccp" type="4" sum="0"/>
<action no="6" player="Quezada" type="5" discard="1" dealt="1" sum="20"/>
<action no="7" player="oreiasccp" type="3" sum="20"/>
</round>
<round no="3"><cards type="Turn">D5</cards>
<action no="8" player="oreiasccp" type="5" sum="40"/>
<action no="9" player="Quezada" type="3" discard="1" dealt="1" sum="40"/>
</round>
<round no="4"><cards type="River">S6</cards>
<action no="10" player="oreiasccp" type="4" sum="0"/>
<action no="11" player="Quezada" type="5" discard="1" dealt="1" sum="94"/>
<action no="12" player="oreiasccp" type="0" sum="0"/>
</round>
</game>
<game gamecode="11514981359"><general><startdate>2025-06-16 12:09:23</startdate>
<round>1</round>
<failsafecounter/>
<players><player seat="3" name="Quezada" chips="1,080" dealer="0" win="40" bet="40" muck="1" rebuy="0" addon="0" merge="0" rebuychips="0" reg_code="8384891401"/>
<player seat="10" name="oreiasccp" chips="420" dealer="1" win="0" bet="20" muck="1" rebuy="0" addon="0" merge="0" rebuychips="0" reg_code="8384891425"/>
</players>
</general>
<round no="0"><action no="1" player="oreiasccp" type="1" sum="10"/>
<action no="2" player="Quezada" type="2" discard="1" dealt="1" sum="20"/>
</round>
<round no="1"><cards type="Pocket" player="oreiasccp">H5 C10</cards>
<cards type="Pocket" player="Quezada">X X</cards>
<action no="3" player="oreiasccp" type="3" sum="10"/>
<action no="4" player="Quezada" type="23" discard="1" dealt="1" sum="40"/>
<action no="5" player="oreiasccp" type="0" sum="0"/>
</round>
</game>
<game gamecode="11514988387"><general><startdate>2025-06-16 12:09:31</startdate>
<round>1</round>
<failsafecounter/>
<players><player seat="10" name="oreiasccp" chips="400" dealer="0" win="0" bet="400" muck="0" rebuy="0" addon="0" merge="0" rebuychips="0" reg_code="8384891425"/>
<player seat="3" name="Quezada" chips="1,100" dealer="1" win="800" bet="400" muck="0" rebuy="0" addon="0" merge="0" rebuychips="0" reg_code="8384891401"/>
</players>
</general>
<round no="0"><action no="1" player="Quezada" type="1" discard="1" dealt="1" sum="10"/>
<action no="2" player="oreiasccp" type="2" sum="20"/>
</round>
<round no="1"><cards type="Pocket" player="oreiasccp">H2 SA</cards>
<cards type="Pocket" player="Quezada">CK D10</cards>
<action no="3" player="Quezada" type="3" discard="1" dealt="1" sum="10"/>
<action no="4" player="oreiasccp" type="23" sum="400"/>
<action no="5" player="Quezada" type="3" discard="1" dealt="1" sum="380"/>
</round>
<round no="2"><cards type="Flop">SK D5 DQ</cards>
</round>
<round no="3"><cards type="Turn">H5</cards>
</round>
<round no="4"><cards type="River">S7</cards>
</round>
</game>
</session>
