<?xml version="1.0" encoding="UTF-8"?>
<session sessioncode="8384877113">
<general>
<client_version>24.7.1.16</client_version>
<mode>real</mode>
<gametype>Holdem NL</gametype>
<tablename>Twister €5 SNG, 1127570294</tablename>
<tournamentcode>1127570293</tournamentcode>
<tournamentname>Twister €5 SNG</tournamentname>
<buyin>€0 + €0.35 + €4.65</buyin>
<totalbuyin>€5</totalbuyin>
<rewarddrawn>€10</rewarddrawn>
<tournamentcurrency>EUR</tournamentcurrency>
<currency>EUR</currency>
<nickname>oreiasccp</nickname>
<gamecount>18</gamecount>
<startdate>2025-06-16 11:28:10</startdate>
<place>2</place>
<win>€0</win>
<tablesize>3</tablesize>
</general>
<game gamecode="11514947443"><general><startdate>2025-06-16 11:28:25</startdate>
<round>1</round>
<failsafecounter/>
<players><player seat="6" name="Skyder19" chips="500" dealer="0" win="0" bet="40" muck="1" rebuy="0" addon="0" merge="0" rebuychips="0" reg_code="8384877331"/>
<player seat="10" name="Flismannen" chips="500" dealer="1" win="90" bet="40" muck="0" rebuy="0" addon="0" merge="0" rebuychips="0" reg_code="8384877430"/>
<player seat="3" name="oreiasccp" chips="500" dealer="0" win="0" bet="10" muck="1" rebuy="0" addon="0" merge="0" rebuychips="0" reg_code="8384877113"/>
</players>
</general>
<round no="0"><action no="1" player="oreiasccp" type="1" sum="10"/>
<action no="2" player="Skyder19" type="2" discard="1" dealt="1" sum="20"/>
</round>
<round no="1"><cards type="Pocket" player="Skyder19">HK H5</cards>
<cards type="Pocket" player="oreiasccp">CJ C2</cards>
<cards type="Pocket" player="Flismannen">CA S5</cards>
<action no="3" player="Flismannen" type="23" discard="1" dealt="1" sum="40"/>
<action no="4" player="oreiasccp" type="0" sum="0"/>
<action no="5" player="Skyder19" type="3" discard="1" dealt="1" sum="20"/>
</round>
<round no="2"><cards type="Flop">D8 S10 D2</cards>
<action no="6" player="Skyder19" type="4" discard="1" dealt="1" sum="0"/>
<action no="7" player="Flismannen" type="4" discard="1" dealt="1" sum="0"/>
</round>
<round no="3"><cards type="Turn">HJ</cards>
<action no="8" player="Skyder19" type="4" discard="1" dealt="1" sum="0"/>
<action no="9" player="Flismannen" type="4" discard="1" dealt="1" sum="0"/>
</round>
<round no="4"><cards type="River">D10</cards>
<action no="10" player="Skyder19" type="4" discard="1" dealt="1" sum="0"/>
<action no="11" player="Flismannen" type="4" discard="1" dealt="1" sum="0"/>
</round>
</game>
<game gamecode="11514947580"><general><startdate>2025-06-16 11:28:54</startdate>
<round>1</round>
<failsafecounter/>
<players><player seat="10" name="Flismannen" chips="550" dealer="0" win="0" bet="550" muck="0" rebuy="0" addon="0" merge="0" rebuychips="0" reg_code="8384877430"/>
<player seat="3" name="oreiasccp" chips="490" dealer="1" win="0" bet="0" muck="1" rebuy="0" addon="0" merge="0" rebuychips="0" reg_code="8384877113"/>
<player seat="6" name="Skyder19" chips="460" dealer="0" win="920" bet="460" muck="0" rebuy="0" addon="0" merge="0" rebuychips="0" reg_code="8384877331"/>
</players>
</general>
<round no="0"><action no="1" player="Skyder19" type="1" discard="1" dealt="1" sum="10"/>
<action no="2" player="Flismannen" type="2" discard="1" dealt="1" sum="20"/>
</round>
<round no="1"><cards type="Pocket" player="Flismannen">C4 S4</cards>
<cards type="Pocket" player="Skyder19">SA HA</cards>
<cards type="Pocket" player="oreiasccp">S6 DJ</cards>
<action no="3" player="oreiasccp" type="0" sum="0"/>
<action no="4" player="Skyder19" type="23" discard="1" dealt="1" sum="50"/>
<action no="5" player="Flismannen" type="3" discard="1" dealt="1" sum="30"/>
</round>
<round no="2"><cards type="Flop">H5 C2 H6</cards>
<action no="6" player="Skyder19" type="5" discard="1" dealt="1" sum="50"/>
<action no="7" player="Flismannen" type="23" discard="1" dealt="1" sum="500"/>
<action no="8" player="Skyder19" type="7" discard="1" dealt="1" sum="360"/>
</round>
<round no="3"><cards type="Turn">D9</cards>
</round>
<round no="4"><cards type="River">S8</cards>
</round>
</game>
<game gamecode="11514947736"><general><startdate>2025-06-16 11:29:32</startdate>
<round>1</round>
<failsafecounter/>
<players><player seat="3" name="oreiasccp" chips="490" dealer="0" win="0" bet="20" muck="1" rebuy="0" addon="0" merge="0" rebuychips="0" reg_code="8384877113"/>
<player seat="6" name="Skyder19" chips="920" dealer="1" win="0" bet="0" muck="1" rebuy="0" addon="0" merge="0" rebuychips="0" reg_code="8384877331"/>
<player seat="10" name="Flismannen" chips="90" dealer="0" win="40" bet="90" muck="1" rebuy="0" addon="0" merge="0" rebuychips="0" reg_code="8384877430"/>
</players>
</general>
<round no="0"><action no="1" player="Flismannen" type="1" discard="1" dealt="1" sum="10"/>
<action no="2" player="oreiasccp" type="2" sum="20"/>
</round>
<round no="1"><cards type="Pocket" player="oreiasccp">S7 S5</cards>
<cards type="Pocket" player="Skyder19">X X</cards>
<cards type="Pocket" player="Flismannen">X X</cards>
<action no="3" player="Skyder19" type="0" discard="1" dealt="1" sum="0"/>
<action no="4" player="Flismannen" type="23" discard="1" dealt="1" sum="90"/>
<action no="5" player="oreiasccp" type="0" sum="0"/>
</round>
</game>
<game gamecode="11514947809"><general><startdate>2025-06-16 11:29:49</startdate>
<round>1</round>
<failsafecounter/>
<players><player seat="6" name="Skyder19" chips="920" dealer="0" win="230" bet="110" muck="0" rebuy="0" addon="0" merge="0" rebuychips="0" reg_code="8384877331"/>
<player seat="10" name="Flismannen" chips="110" dealer="1" win="0" bet="110" muck="0" rebuy="0" addon="0" merge="0" rebuychips="0" reg_code="8384877430"/>
<player seat="3" name="oreiasccp" chips="470" dealer="0" win="0" bet="10" muck="1" rebuy="0" addon="0" merge="0" rebuychips="0" reg_code="8384877113"/>
</players>
</general>
<round no="0"><action no="1" player="oreiasccp" type="1" sum="10"/>
<action no="2" player="Skyder19" type="2" discard="1" dealt="1" sum="20"/>
</round>
<round no="1"><cards type="Pocket" player="Skyder19">H5 D5</cards>
<cards type="Pocket" player="oreiasccp">H7 C8</cards>
<cards type="Pocket" player="Flismannen">HK C6</cards>
<action no="3" player="Flismannen" type="23" discard="1" dealt="1" sum="110"/>
<action no="4" player="oreiasccp" type="0" sum="0"/>
<action no="5" player="Skyder19" type="3" discard="1" dealt="1" sum="90"/>
</round>
<round no="2"><cards type="Flop">C3 S3 C5</cards>
</round>
<round no="3"><cards type="Turn">HQ</cards>
</round>
<round no="4"><cards type="River">D6</cards>
</round>
</game>
<game gamecode="11514947910"><general><startdate>2025-06-16 11:30:13</startdate>
<round>1</round>
<failsafecounter/>
<players><player seat="6" name="Skyder19" chips="1,040" dealer="0" win="0" bet="60" muck="0" rebuy="0" addon="0" merge="0" rebuychips="0" reg_code="8384877331"/>
<player seat="3" name="oreiasccp" chips="460" dealer="1" win="120" bet="60" muck="0" rebuy="0" addon="0" merge="0" rebuychips="0" reg_code="8384877113"/>
</players>
</general>
<round no="0"><action no="1" player="oreiasccp" type="1" sum="10"/>
<action no="2" player="Skyder19" type="2" discard="1" dealt="1" sum="20"/>
</round>
<round no="1"><cards type="Pocket" player="Skyder19">H5 D6</cards>
<cards type="Pocket" player="oreiasccp">H10 H9</cards>
<action no="3" player="oreiasccp" type="3" sum="10"/>
<action no="4" player="Skyder19" type="4" discard="1" dealt="1" sum="0"/>
</round>
<round no="2"><cards type="Flop">C3 S5 HK</cards>
<action no="5" player="Skyder19" type="4" discard="1" dealt="1" sum="0"/>
<action no="6" player="oreiasccp" type="5" sum="20"/>
<action no="7" player="Skyder19" type="3" discard="1" dealt="1" sum="20"/>
</round>
<round no="3"><cards type="Turn">D10</cards>
<action no="8" player="Skyder19" type="4" discard="1" dealt="1" sum="0"/>
<action no="9" player="oreiasccp" type="4" sum="0"/>
</round>
<round no="4"><cards type="River">C2</cards>
<action no="10" player="Skyder19" type="5" discard="1" dealt="1" sum="20"/>
<action no="11" player="oreiasccp" type="3" sum="20"/>
</round>
</game>
<game gamecode="11514948041"><general><startdate>2025-06-16 11:30:45</startdate>
<round>1</round>
<failsafecounter/>
<players><player seat="3" name="oreiasccp" chips="520" dealer="0" win="0" bet="65" muck="1" rebuy="0" addon="0" merge="0" rebuychips="0" reg_code="8384877113"/>
<player seat="6" name="Skyder19" chips="980" dealer="1" win="130" bet="97" muck="1" rebuy="0" addon="0" merge="0" rebuychips="0" reg_code="8384877331"/>
</players>
</general>
<round no="0"><action no="1" player="Skyder19" type="15" discard="1" dealt="1" sum="5"/>
<action no="2" player="oreiasccp" type="15" sum="5"/>
<action no="3" player="Skyder19" type="1" discard="1" dealt="1" sum="15"/>
<action no="4" player="oreiasccp" type="2" sum="30"/>
</round>
<round no="1"><cards type="Pocket" player="oreiasccp">H5 D6</cards>
<cards type="Pocket" player="Skyder19">X X</cards>
<action no="5" player="Skyder19" type="23" discard="1" dealt="1" sum="60"/>
<action no="6" player="oreiasccp" type="3" sum="30"/>
</round>
<round no="2"><cards type="Flop">HK D9 HJ</cards>
<action no="7" player="oreiasccp" type="4" sum="0"/>
<action no="8" player="Skyder19" type="5" discard="1" dealt="1" sum="32"/>
<action no="9" player="oreiasccp" type="0" sum="0"/>
</round>
</game>
<game gamecode="11514948092"><general><startdate>2025-06-16 11:31:00</startdate>
<round>1</round>
<failsafecounter/>
<players><player seat="6" name="Skyder19" chips="1,045" dealer="0" win="40" bet="35" muck="1" rebuy="0" addon="0" merge="0" rebuychips="0" reg_code="8384877331"/>
<player seat="3" name="oreiasccp" chips="455" dealer="1" win="0" bet="20" muck="1" rebuy="0" addon="0" merge="0" rebuychips="0" reg_code="8384877113"/>
</players>
</general>
<round no="0"><action no="1" player="oreiasccp" type="15" sum="5"/>
<action no="2" player="Skyder19" type="15" discard="1" dealt="1" sum="5"/>
<action no="3" player="oreiasccp" type="1" sum="15"/>
<action no="4" player="Skyder19" type="2" discard="1" dealt="1" sum="30"/>
</round>
<round no="1"><cards type="Pocket" player="Skyder19">X X</cards>
<cards type="Pocket" player="oreiasccp">C2 S7</cards>
<action no="5" player="oreiasccp" type="0" sum="0"/>
</round>
</game>
<game gamecode="11514948112"><general><startdate>2025-06-16 11:31:06</startdate>
<round>1</round>
<failsafecounter/>
<players><player seat="3" name="oreiasccp" chips="435" dealer="0" win="0" bet="70" muck="1" rebuy="0" addon="0" merge="0" rebuychips="0" reg_code="8384877113"/>
<player seat="6" name="Skyder19" chips="1,065" dealer="1" win="140" bet="140" muck="1" rebuy="0" addon="0" merge="0" rebuychips="0" reg_code="8384877331"/>
</players>
</general>
<round no="0"><action no="1" player="Skyder19" type="15" discard="1" dealt="1" sum="5"/>
<action no="2" player="oreiasccp" type="15" sum="5"/>
<action no="3" player="Skyder19" type="1" discard="1" dealt="1" sum="15"/>
<action no="4" player="oreiasccp" type="2" sum="30"/>
</round>
<round no="1"><cards type="Pocket" player="Skyder19">X X</cards>
<cards type="Pocket" player="oreiasccp">D3 SK</cards>
<action no="5" player="Skyder19" type="3" discard="1" dealt="1" sum="15"/>
<action no="6" player="oreiasccp" type="4" sum="0"/>
</round>
<round no="2"><cards type="Flop">DQ C7 H3</cards>
<action no="7" player="oreiasccp" type="4" sum="0"/>
<action no="8" player="Skyder19" type="5" discard="1" dealt="1" sum="35"/>
<action no="9" player="oreiasccp" type="3" sum="35"/>
</round>
<round no="3"><cards type="Turn">H5</cards>
<action no="10" player="oreiasccp" type="4" sum="0"/>
<action no="11" player="Skyder19" type="4" discard="1" dealt="1" sum="0"/>
</round>
<round no="4"><cards type="River">C8</cards>
<action no="12" player="oreiasccp" type="4" sum="0"/>
<action no="13" player="Skyder19" type="5" discard="1" dealt="1" sum="70"/>
<action no="14" player="oreiasccp" type="0" sum="0"/>
</round>
</game>
<game gamecode="11514948309"><general><startdate>2025-06-16 11:31:57</startdate>
<round>1</round>
<failsafecounter/>
<players><player seat="6" name="Skyder19" chips="1,135" dealer="0" win="40" bet="35" muck="1" rebuy="0" addon="0" merge="0" rebuychips="0" reg_code="8384877331"/>
<player seat="3" name="oreiasccp" chips="365" dealer="1" win="0" bet="20" muck="1" rebuy="0" addon="0" merge="0" rebuychips="0" reg_code="8384877113"/>
</players>
</general>
<round no="0"><action no="1" player="oreiasccp" type="15" sum="5"/>
<action no="2" player="Skyder19" type="15" discard="1" dealt="1" sum="5"/>
<action no="3" player="oreiasccp" type="1" sum="15"/>
<action no="4" player="Skyder19" type="2" discard="1" dealt="1" sum="30"/>
</round>
<round no="1"><cards type="Pocket" player="oreiasccp">C9 S3</cards>
<cards type="Pocket" player="Skyder19">X X</cards>
<action no="5" player="oreiasccp" type="0" sum="0"/>
</round>
</game>
<game gamecode="11514948335"><general><startdate>2025-06-16 11:32:03</startdate>
<round>1</round>
<failsafecounter/>
<players><player seat="3" name="oreiasccp" chips="345" dealer="0" win="40" bet="35" muck="1" rebuy="0" addon="0" merge="0" rebuychips="0" reg_code="8384877113"/>
<player seat="6" name="Skyder19" chips="1,155" dealer="1" win="0" bet="20" muck="1" rebuy="0" addon="0" merge="0" rebuychips="0" reg_code="8384877331"/>
</players>
</general>
<round no="0"><action no="1" player="Skyder19" type="15" discard="1" dealt="1" sum="5"/>
<action no="2" player="oreiasccp" type="15" sum="5"/>
<action no="3" player="Skyder19" type="1" discard="1" dealt="1" sum="15"/>
<action no="4" player="oreiasccp" type="2" sum="30"/>
</round>
<round no="1"><cards type="Pocket" player="oreiasccp">D9 H7</cards>
<cards type="Pocket" player="Skyder19">X X</cards>
<action no="5" player="Skyder19" type="0" discard="1" dealt="1" sum="0"/>
</round>
</game>
<game gamecode="11514948375"><general><startdate>2025-06-16 11:32:13</startdate>
<round>1</round>
<failsafecounter/>
<players><player seat="6" name="Skyder19" chips="1,135" dealer="0" win="40" bet="35" muck="1" rebuy="0" addon="0" merge="0" rebuychips="0" reg_code="8384877331"/>
<player seat="3" name="oreiasccp" chips="365" dealer="1" win="0" bet="20" muck="1" rebuy="0" addon="0" merge="0" rebuychips="0" reg_code="8384877113"/>
</players>
</general>
<round no="0"><action no="1" player="oreiasccp" type="15" sum="5"/>
<action no="2" player="Skyder19" type="15" discard="1" dealt="1" sum="5"/>
<action no="3" player="oreiasccp" type="1" sum="15"/>
<action no="4" player="Skyder19" type="2" discard="1" dealt="1" sum="30"/>
</round>
<round no="1"><cards type="Pocket" player="oreiasccp">C8 S4</cards>
<cards type="Pocket" player="Skyder19">X X</cards>
<action no="5" player="oreiasccp" type="0" sum="0"/>
</round>
</game>
<game gamecode="11514948414"><general><startdate>2025-06-16 11:32:22</startdate>
<round>1</round>
<failsafecounter/>
<players><player seat="3" name="oreiasccp" chips="345" dealer="0" win="140" bet="210" muck="1" rebuy="0" addon="0" merge="0" rebuychips="0" reg_code="8384877113"/>
<player seat="6" name="Skyder19" chips="1,155" dealer="1" win="0" bet="70" muck="1" rebuy="0" addon="0" merge="0" rebuychips="0" reg_code="8384877331"/>
</players>
</general>
<round no="0"><action no="1" player="Skyder19" type="15" discard="1" dealt="1" sum="5"/>
<action no="2" player="oreiasccp" type="15" sum="5"/>
<action no="3" player="Skyder19" type="1" discard="1" dealt="1" sum="15"/>
<action no="4" player="oreiasccp" type="2" sum="30"/>
</round>
<round no="1"><cards type="Pocket" player="Skyder19">X X</cards>
<cards type="Pocket" player="oreiasccp">C7 D5</cards>
<action no="5" player="Skyder19" type="3" discard="1" dealt="1" sum="15"/>
<action no="6" player="oreiasccp" type="4" sum="0"/>
</round>
<round no="2"><cards type="Flop">H8 C4 SJ</cards>
<action no="7" player="oreiasccp" type="4" sum="0"/>
<action no="8" player="Skyder19" type="5" discard="1" dealt="1" sum="35"/>
<action no="9" player="oreiasccp" type="3" sum="35"/>
</round>
<round no="3"><cards type="Turn">C2</cards>
<action no="10" player="oreiasccp" type="4" sum="0"/>
<action no="11" player="Skyder19" type="4" discard="1" dealt="1" sum="0"/>
</round>
<round no="4"><cards type="River">H3</cards>
<action no="12" player="oreiasccp" type="5" sum="140"/>
<action no="13" player="Skyder19" type="0" discard="1" dealt="1" sum="0"/>
</round>
</game>
<game gamecode="11514953078"><general><startdate>2025-06-16 11:33:03</startdate>
<round>1</round>
<failsafecounter/>
<players><player seat="6" name="Skyder19" chips="1,085" dealer="0" win="0" bet="45" muck="1" rebuy="0" addon="0" merge="0" rebuychips="0" reg_code="8384877331"/>
<player seat="3" name="oreiasccp" chips="415" dealer="1" win="90" bet="85" muck="1" rebuy="0" addon="0" merge="0" rebuychips="0" reg_code="8384877113"/>
</players>
</general>
<round no="0"><action no="1" player="oreiasccp" type="15" sum="5"/>
<action no="2" player="Skyder19" type="15" discard="1" dealt="1" sum="5"/>
<action no="3" player="oreiasccp" type="1" sum="20"/>
<action no="4" player="Skyder19" type="2" discard="1" dealt="1" sum="40"/>
</round>
<round no="1"><cards type="Pocket" player="Skyder19">X X</cards>
<cards type="Pocket" player="oreiasccp">S9 S2</cards>
<action no="5" player="oreiasccp" type="3" sum="20"/>
<action no="6" player="Skyder19" type="4" discard="1" dealt="1" sum="0"/>
</round>
<round no="2"><cards type="Flop">C9 HK CA</cards>
<action no="7" player="Skyder19" type="4" discard="1" dealt="1" sum="0"/>
<action no="8" player="oreiasccp" type="5" sum="40"/>
<action no="9" player="Skyder19" type="0" discard="1" dealt="1" sum="0"/>
</round>
</game>
<game gamecode="11514953164"><general><startdate>2025-06-16 11:33:25</startdate>
<round>1</round>
<failsafecounter/>
<players><player seat="3" name="oreiasccp" chips="460" dealer="0" win="90" bet="145" muck="1" rebuy="0" addon="0" merge="0" rebuychips="0" reg_code="8384877113"/>
<player seat="6" name="Skyder19" chips="1,040" dealer="1" win="0" bet="45" muck="1" rebuy="0" addon="0" merge="0" rebuychips="0" reg_code="8384877331"/>
</players>
</general>
<round no="0"><action no="1" player="Skyder19" type="15" discard="1" dealt="1" sum="5"/>
<action no="2" player="oreiasccp" type="15" sum="5"/>
<action no="3" player="Skyder19" type="1" discard="1" dealt="1" sum="20"/>
<action no="4" player="oreiasccp" type="2" sum="40"/>
</round>
<round no="1"><cards type="Pocket" player="Skyder19">X X</cards>
<cards type="Pocket" player="oreiasccp">H2 D10</cards>
<action no="5" player="Skyder19" type="3" discard="1" dealt="1" sum="20"/>
<action no="6" player="oreiasccp" type="23" sum="140"/>
<action no="7" player="Skyder19" type="0" discard="1" dealt="1" sum="0"/>
</round>
</game>
<game gamecode="11514953226"><general><startdate>2025-06-16 11:33:39</startdate>
<round>1</round>
<failsafecounter/>
<players><player seat="6" name="Skyder19" chips="995" dealer="0" win="0" bet="45" muck="1" rebuy="0" addon="0" merge="0" rebuychips="0" reg_code="8384877331"/>
<player seat="3" name="oreiasccp" chips="505" dealer="1" win="90" bet="85" muck="1" rebuy="0" addon="0" merge="0" rebuychips="0" reg_code="8384877113"/>
</players>
</general>
<round no="0"><action no="1" player="oreiasccp" type="15" sum="5"/>
<action no="2" player="Skyder19" type="15" discard="1" dealt="1" sum="5"/>
<action no="3" player="oreiasccp" type="1" sum="20"/>
<action no="4" player="Skyder19" type="2" discard="1" dealt="1" sum="40"/>
</round>
<round no="1"><cards type="Pocket" player="oreiasccp">S9 S7</cards>
<cards type="Pocket" player="Skyder19">X X</cards>
<action no="5" player="oreiasccp" type="3" sum="20"/>
<action no="6" player="Skyder19" type="4" discard="1" dealt="1" sum="0"/>
</round>
<round no="2"><cards type="Flop">S10 D9 S8</cards>
<action no="7" player="Skyder19" type="4" discard="1" dealt="1" sum="0"/>
<action no="8" player="oreiasccp" type="5" sum="40"/>
<action no="9" player="Skyder19" type="0" discard="1" dealt="1" sum="0"/>
</round>
</game>
<game gamecode="11514953296"><general><startdate>2025-06-16 11:33:57</startdate>
<round>1</round>
<failsafecounter/>
<players><player seat="3" name="oreiasccp" chips="550" dealer="0" win="90" bet="125" muck="1" rebuy="0" addon="0" merge="0" rebuychips="0" reg_code="8384877113"/>
<player seat="6" name="Skyder19" chips="950" dealer="1" win="0" bet="45" muck="1" rebuy="0" addon="0" merge="0" rebuychips="0" reg_code="8384877331"/>
</players>
</general>
<round no="0"><action no="1" player="Skyder19" type="15" discard="1" dealt="1" sum="5"/>
<action no="2" player="oreiasccp" type="15" sum="5"/>
<action no="3" player="Skyder19" type="1" discard="1" dealt="1" sum="20"/>
<action no="4" player="oreiasccp" type="2" sum="40"/>
</round>
<round no="1"><cards type="Pocket" player="oreiasccp">S8 H4</cards>
<cards type="Pocket" player="Skyder19">X X</cards>
<action no="5" player="Skyder19" type="3" discard="1" dealt="1" sum="20"/>
<action no="6" player="oreiasccp" type="23" sum="120"/>
<action no="7" player="Skyder19" type="0" discard="1" dealt="1" sum="0"/>
</round>
</game>
<game gamecode="11514953347"><general><startdate>2025-06-16 11:34:11</startdate>
<round>1</round>
<failsafecounter/>
<players><player seat="6" name="Skyder19" chips="905" dealer="0" win="90" bet="905" muck="1" rebuy="0" addon="0" merge="0" rebuychips="0" reg_code="8384877331"/>
<player seat="3" name="oreiasccp" chips="595" dealer="1" win="0" bet="45" muck="1" rebuy="0" addon="0" merge="0" rebuychips="0" reg_code="8384877113"/>
</players>
</general>
<round no="0"><action no="1" player="oreiasccp" type="15" sum="5"/>
<action no="2" player="Skyder19" type="15" discard="1" dealt="1" sum="5"/>
<action no="3" player="oreiasccp" type="1" sum="20"/>
<action no="4" player="Skyder19" type="2" discard="1" dealt="1" sum="40"/>
</round>
<round no="1"><cards type="Pocket" player="Skyder19">X X</cards>
<cards type="Pocket" player="oreiasccp">H4 S8</cards>
<action no="5" player="oreiasccp" type="3" sum="20"/>
<action no="6" player="Skyder19" type="23" discard="1" dealt="1" sum="900"/>
<action no="7" player="oreiasccp" type="0" sum="0"/>
</round>
</game>
<game gamecode="11514953393"><general><startdate>2025-06-16 11:34:23</startdate>
<round>1</round>
<failsafecounter/>
<players><player seat="3" name="oreiasccp" chips="550" dealer="0" win="0" bet="550" muck="0" rebuy="0" addon="0" merge="0" rebuychips="0" reg_code="8384877113"/>
<player seat="6" name="Skyder19" chips="950" dealer="1" win="1,100" bet="950" muck="0" rebuy="0" addon="0" merge="0" rebuychips="0" reg_code="8384877331"/>
</players>
</general>
<round no="0"><action no="1" player="Skyder19" type="15" discard="1" dealt="1" sum="5"/>
<action no="2" player="oreiasccp" type="15" sum="5"/>
<action no="3" player="Skyder19" type="1" discard="1" dealt="1" sum="20"/>
<action no="4" player="oreiasccp" type="2" sum="40"/>
</round>
<round no="1"><cards type="Pocket" player="oreiasccp">HK DQ</cards>
<cards type="Pocket" player="Skyder19">H8 SA</cards>
<action no="5" player="Skyder19" type="23" discard="1" dealt="1" sum="945"/>
<action no="6" player="oreiasccp" type="7" sum="505"/>
</round>
<round no="2"><cards type="Flop">H9 D7 S6</cards>
</round>
<round no="3"><cards type="Turn">C3</cards>
</round>
<round no="4"><cards type="River">S8</cards>
</round>
</game>
</session>
