<?xml version="1.0" encoding="UTF-8"?>
<session sessioncode="8384817849">
<general>
<client_version>24.7.1.16</client_version>
<mode>real</mode>
<gametype>Holdem NL</gametype>
<tablename>Twister €5 SNG, 1127559859</tablename>
<tournamentcode>1127559858</tournamentcode>
<tournamentname>Twister €5 SNG</tournamentname>
<buyin>€0 + €0.35 + €4.65</buyin>
<totalbuyin>€5</totalbuyin>
<rewarddrawn>€10</rewarddrawn>
<tournamentcurrency>EUR</tournamentcurrency>
<currency>EUR</currency>
<nickname>oreiasccp</nickname>
<gamecount>23</gamecount>
<startdate>2025-06-16 06:51:07</startdate>
<place>2</place>
<win>€0</win>
<tablesize>3</tablesize>
</general>
<game gamecode="11514767455"><general><startdate>2025-06-16 06:51:22</startdate>
<round>1</round>
<failsafecounter/>
<players><player seat="3" name="Amlianeni" chips="500" dealer="0" win="0" bet="20" muck="1" rebuy="0" addon="0" merge="0" rebuychips="0" reg_code="8384817844"/>
<player seat="6" name="oreiasccp" chips="500" dealer="1" win="0" bet="40" muck="1" rebuy="0" addon="0" merge="0" rebuychips="0" reg_code="8384817849"/>
<player seat="10" name="YesOrNo" chips="500" dealer="0" win="100" bet="500" muck="1" rebuy="0" addon="0" merge="0" rebuychips="0" reg_code="8384817857"/>
</players>
</general>
<round no="0"><action no="1" player="YesOrNo" type="1" discard="1" dealt="1" sum="10"/>
<action no="2" player="Amlianeni" type="2" discard="1" dealt="1" sum="20"/>
</round>
<round no="1"><cards type="Pocket" player="oreiasccp">C6 CQ</cards>
<cards type="Pocket" player="YesOrNo">X X</cards>
<cards type="Pocket" player="Amlianeni">X X</cards>
<action no="3" player="oreiasccp" type="23" sum="40"/>
<action no="4" player="YesOrNo" type="23" discard="1" dealt="1" sum="500"/>
<action no="5" player="Amlianeni" type="0" discard="1" dealt="1" sum="0"/>
<action no="6" player="oreiasccp" type="0" sum="0"/>
</round>
</game>
<game gamecode="11514767491"><general><startdate>2025-06-16 06:51:34</startdate>
<round>1</round>
<failsafecounter/>
<players><player seat="6" name="oreiasccp" chips="460" dealer="0" win="0" bet="20" muck="1" rebuy="0" addon="0" merge="0" rebuychips="0" reg_code="8384817849"/>
<player seat="10" name="YesOrNo" chips="560" dealer="1" win="0" bet="80" muck="1" rebuy="0" addon="0" merge="0" rebuychips="0" reg_code="8384817857"/>
<player seat="3" name="Amlianeni" chips="480" dealer="0" win="180" bet="480" muck="1" rebuy="0" addon="0" merge="0" rebuychips="0" reg_code="8384817844"/>
</players>
</general>
<round no="0"><action no="1" player="Amlianeni" type="1" discard="1" dealt="1" sum="10"/>
<action no="2" player="oreiasccp" type="2" sum="20"/>
</round>
<round no="1"><cards type="Pocket" player="oreiasccp">D5 H9</cards>
<cards type="Pocket" player="Amlianeni">X X</cards>
<cards type="Pocket" player="YesOrNo">X X</cards>
<action no="3" player="YesOrNo" type="23" discard="1" dealt="1" sum="40"/>
<action no="4" player="Amlianeni" type="3" discard="1" dealt="1" sum="30"/>
<action no="5" player="oreiasccp" type="0" sum="0"/>
</round>
<round no="2"><cards type="Flop">H3 C3 C7</cards>
<action no="6" player="Amlianeni" type="4" discard="1" dealt="1" sum="0"/>
<action no="7" player="YesOrNo" type="5" discard="1" dealt="1" sum="40"/>
<action no="8" player="Amlianeni" type="23" discard="1" dealt="1" sum="440"/>
<action no="9" player="YesOrNo" type="0" discard="1" dealt="1" sum="0"/>
</round>
</game>
<game gamecode="11514767555"><general><startdate>2025-06-16 06:51:59</startdate>
<round>1</round>
<failsafecounter/>
<players><player seat="10" name="YesOrNo" chips="480" dealer="0" win="20" bet="20" muck="1" rebuy="0" addon="0" merge="0" rebuychips="0" reg_code="8384817857"/>
<player seat="3" name="Amlianeni" chips="580" dealer="1" win="0" bet="0" muck="1" rebuy="0" addon="0" merge="0" rebuychips="0" reg_code="8384817844"/>
<player seat="6" name="oreiasccp" chips="440" dealer="0" win="0" bet="10" muck="1" rebuy="0" addon="0" merge="0" rebuychips="0" reg_code="8384817849"/>
</players>
</general>
<round no="0"><action no="1" player="oreiasccp" type="1" sum="10"/>
<action no="2" player="YesOrNo" type="2" discard="1" dealt="1" sum="20"/>
</round>
<round no="1"><cards type="Pocket" player="YesOrNo">X X</cards>
<cards type="Pocket" player="oreiasccp">CQ D4</cards>
<cards type="Pocket" player="Amlianeni">X X</cards>
<action no="3" player="Amlianeni" type="0" discard="1" dealt="1" sum="0"/>
<action no="4" player="oreiasccp" type="0" sum="0"/>
</round>
</game>
<game gamecode="11514767586"><general><startdate>2025-06-16 06:52:11</startdate>
<round>1</round>
<failsafecounter/>
<players><player seat="3" name="Amlianeni" chips="580" dealer="0" win="0" bet="20" muck="1" rebuy="0" addon="0" merge="0" rebuychips="0" reg_code="8384817844"/>
<player seat="6" name="oreiasccp" chips="430" dealer="1" win="0" bet="0" muck="1" rebuy="0" addon="0" merge="0" rebuychips="0" reg_code="8384817849"/>
<player seat="10" name="YesOrNo" chips="490" dealer="0" win="40" bet="50" muck="1" rebuy="0" addon="0" merge="0" rebuychips="0" reg_code="8384817857"/>
</players>
</general>
<round no="0"><action no="1" player="YesOrNo" type="1" discard="1" dealt="1" sum="10"/>
<action no="2" player="Amlianeni" type="2" discard="1" dealt="1" sum="20"/>
</round>
<round no="1"><cards type="Pocket" player="Amlianeni">X X</cards>
<cards type="Pocket" player="oreiasccp">H10 S7</cards>
<cards type="Pocket" player="YesOrNo">X X</cards>
<action no="3" player="oreiasccp" type="0" sum="0"/>
<action no="4" player="YesOrNo" type="23" discard="1" dealt="1" sum="50"/>
<action no="5" player="Amlianeni" type="0" discard="1" dealt="1" sum="0"/>
</round>
</game>
<game gamecode="11514767617"><general><startdate>2025-06-16 06:52:23</startdate>
<round>1</round>
<failsafecounter/>
<players><player seat="6" name="oreiasccp" chips="430" dealer="0" win="0" bet="20" muck="1" rebuy="0" addon="0" merge="0" rebuychips="0" reg_code="8384817849"/>
<player seat="10" name="YesOrNo" chips="510" dealer="1" win="0" bet="0" muck="1" rebuy="0" addon="0" merge="0" rebuychips="0" reg_code="8384817857"/>
<player seat="3" name="Amlianeni" chips="560" dealer="0" win="40" bet="40" muck="1" rebuy="0" addon="0" merge="0" rebuychips="0" reg_code="8384817844"/>
</players>
</general>
<round no="0"><action no="1" player="Amlianeni" type="1" discard="1" dealt="1" sum="10"/>
<action no="2" player="oreiasccp" type="2" sum="20"/>
</round>
<round no="1"><cards type="Pocket" player="YesOrNo">X X</cards>
<cards type="Pocket" player="oreiasccp">S8 H5</cards>
<cards type="Pocket" player="Amlianeni">X X</cards>
<action no="3" player="YesOrNo" type="0" discard="1" dealt="1" sum="0"/>
<action no="4" player="Amlianeni" type="3" discard="1" dealt="1" sum="10"/>
<action no="5" player="oreiasccp" type="4" sum="0"/>
</round>
<round no="2"><cards type="Flop">C4 H10 CA</cards>
<action no="6" player="Amlianeni" type="5" discard="1" dealt="1" sum="20"/>
<action no="7" player="oreiasccp" type="0" sum="0"/>
</round>
</game>
<game gamecode="11514767655"><general><startdate>2025-06-16 06:52:38</startdate>
<round>1</round>
<failsafecounter/>
<players><player seat="10" name="YesOrNo" chips="510" dealer="0" win="0" bet="75" muck="1" rebuy="0" addon="0" merge="0" rebuychips="0" reg_code="8384817857"/>
<player seat="3" name="Amlianeni" chips="580" dealer="1" win="0" bet="0" muck="1" rebuy="0" addon="0" merge="0" rebuychips="0" reg_code="8384817844"/>
<player seat="6" name="oreiasccp" chips="410" dealer="0" win="150" bet="204" muck="1" rebuy="0" addon="0" merge="0" rebuychips="0" reg_code="8384817849"/>
</players>
</general>
<round no="0"><action no="1" player="oreiasccp" type="1" sum="10"/>
<action no="2" player="YesOrNo" type="2" discard="1" dealt="1" sum="20"/>
</round>
<round no="1"><cards type="Pocket" player="YesOrNo">X X</cards>
<cards type="Pocket" player="Amlianeni">X X</cards>
<cards type="Pocket" player="oreiasccp">SQ CA</cards>
<action no="3" player="Amlianeni" type="0" discard="1" dealt="1" sum="0"/>
<action no="4" player="oreiasccp" type="23" sum="50"/>
<action no="5" player="YesOrNo" type="3" discard="1" dealt="1" sum="30"/>
</round>
<round no="2"><cards type="Flop">D5 CJ H2</cards>
<action no="6" player="oreiasccp" type="5" sum="25"/>
<action no="7" player="YesOrNo" type="3" discard="1" dealt="1" sum="25"/>
</round>
<round no="3"><cards type="Turn">SA</cards>
<action no="8" player="oreiasccp" type="5" sum="129"/>
<action no="9" player="YesOrNo" type="0" discard="1" dealt="1" sum="0"/>
</round>
</game>
<game gamecode="11514767734"><general><startdate>2025-06-16 06:53:13</startdate>
<round>1</round>
<failsafecounter/>
<players><player seat="3" name="Amlianeni" chips="580" dealer="0" win="0" bet="20" muck="1" rebuy="0" addon="0" merge="0" rebuychips="0" reg_code="8384817844"/>
<player seat="6" name="oreiasccp" chips="485" dealer="1" win="0" bet="40" muck="1" rebuy="0" addon="0" merge="0" rebuychips="0" reg_code="8384817849"/>
<player seat="10" name="YesOrNo" chips="435" dealer="0" win="100" bet="435" muck="1" rebuy="0" addon="0" merge="0" rebuychips="0" reg_code="8384817857"/>
</players>
</general>
<round no="0"><action no="1" player="YesOrNo" type="1" discard="1" dealt="1" sum="10"/>
<action no="2" player="Amlianeni" type="2" discard="1" dealt="1" sum="20"/>
</round>
<round no="1"><cards type="Pocket" player="YesOrNo">X X</cards>
<cards type="Pocket" player="oreiasccp">HK S9</cards>
<cards type="Pocket" player="Amlianeni">X X</cards>
<action no="3" player="oreiasccp" type="23" sum="40"/>
<action no="4" player="YesOrNo" type="23" discard="1" dealt="1" sum="435"/>
<action no="5" player="Amlianeni" type="0" discard="1" dealt="1" sum="0"/>
<action no="6" player="oreiasccp" type="0" sum="0"/>
</round>
</game>
<game gamecode="11514767761"><general><startdate>2025-06-16 06:53:28</startdate>
<round>1</round>
<failsafecounter/>
<players><player seat="6" name="oreiasccp" chips="445" dealer="0" win="0" bet="125" muck="1" rebuy="0" addon="0" merge="0" rebuychips="0" reg_code="8384817849"/>
<player seat="10" name="YesOrNo" chips="495" dealer="1" win="270" bet="495" muck="1" rebuy="0" addon="0" merge="0" rebuychips="0" reg_code="8384817857"/>
<player seat="3" name="Amlianeni" chips="560" dealer="0" win="0" bet="20" muck="1" rebuy="0" addon="0" merge="0" rebuychips="0" reg_code="8384817844"/>
</players>
</general>
<round no="0"><action no="1" player="Amlianeni" type="15" discard="1" dealt="1" sum="5"/>
<action no="2" player="oreiasccp" type="15" sum="5"/>
<action no="3" player="YesOrNo" type="15" discard="1" dealt="1" sum="5"/>
<action no="4" player="Amlianeni" type="1" discard="1" dealt="1" sum="15"/>
<action no="5" player="oreiasccp" type="2" sum="30"/>
</round>
<round no="1"><cards type="Pocket" player="YesOrNo">X X</cards>
<cards type="Pocket" player="oreiasccp">D7 H8</cards>
<cards type="Pocket" player="Amlianeni">X X</cards>
<action no="6" player="YesOrNo" type="23" discard="1" dealt="1" sum="60"/>
<action no="7" player="Amlianeni" type="0" discard="1" dealt="1" sum="0"/>
<action no="8" player="oreiasccp" type="3" sum="30"/>
</round>
<round no="2"><cards type="Flop">S3 S9 H7</cards>
<action no="9" player="oreiasccp" type="4" sum="0"/>
<action no="10" player="YesOrNo" type="5" discard="1" dealt="1" sum="60"/>
<action no="11" player="oreiasccp" type="3" sum="60"/>
</round>
<round no="3"><cards type="Turn">HQ</cards>
<action no="12" player="oreiasccp" type="4" sum="0"/>
<action no="13" player="YesOrNo" type="5" discard="1" dealt="1" sum="370"/>
<action no="14" player="oreiasccp" type="0" sum="0"/>
</round>
</game>
<game gamecode="11514767828"><general><startdate>2025-06-16 06:54:02</startdate>
<round>1</round>
<failsafecounter/>
<players><player seat="10" name="YesOrNo" chips="640" dealer="0" win="0" bet="320" muck="1" rebuy="0" addon="0" merge="0" rebuychips="0" reg_code="8384817857"/>
<player seat="3" name="Amlianeni" chips="540" dealer="1" win="0" bet="5" muck="1" rebuy="0" addon="0" merge="0" rebuychips="0" reg_code="8384817844"/>
<player seat="6" name="oreiasccp" chips="320" dealer="0" win="645" bet="320" muck="0" rebuy="0" addon="0" merge="0" rebuychips="0" reg_code="8384817849"/>
</players>
</general>
<round no="0"><action no="1" player="oreiasccp" type="15" sum="5"/>
<action no="2" player="YesOrNo" type="15" discard="1" dealt="1" sum="5"/>
<action no="3" player="Amlianeni" type="15" discard="1" dealt="1" sum="5"/>
<action no="4" player="oreiasccp" type="1" sum="15"/>
<action no="5" player="YesOrNo" type="2" discard="1" dealt="1" sum="30"/>
</round>
<round no="1"><cards type="Pocket" player="oreiasccp">SK C7</cards>
<cards type="Pocket" player="YesOrNo">DA C5</cards>
<cards type="Pocket" player="Amlianeni">X X</cards>
<action no="6" player="Amlianeni" type="0" discard="1" dealt="1" sum="0"/>
<action no="7" player="oreiasccp" type="23" sum="315"/>
<action no="8" player="YesOrNo" type="3" discard="1" dealt="1" sum="285"/>
</round>
<round no="2"><cards type="Flop">SJ S7 HQ</cards>
</round>
<round no="3"><cards type="Turn">H10</cards>
</round>
<round no="4"><cards type="River">S5</cards>
</round>
</game>
<game gamecode="11514767872"><general><startdate>2025-06-16 06:54:21</startdate>
<round>1</round>
<failsafecounter/>
<players><player seat="3" name="Amlianeni" chips="535" dealer="0" win="147" bet="535" muck="1" rebuy="0" addon="0" merge="0" rebuychips="0" reg_code="8384817844"/>
<player seat="6" name="oreiasccp" chips="645" dealer="1" win="0" bet="5" muck="1" rebuy="0" addon="0" merge="0" rebuychips="0" reg_code="8384817849"/>
<player seat="10" name="YesOrNo" chips="320" dealer="0" win="0" bet="71" muck="1" rebuy="0" addon="0" merge="0" rebuychips="0" reg_code="8384817857"/>
</players>
</general>
<round no="0"><action no="1" player="YesOrNo" type="15" discard="1" dealt="1" sum="5"/>
<action no="2" player="Amlianeni" type="15" discard="1" dealt="1" sum="5"/>
<action no="3" player="oreiasccp" type="15" sum="5"/>
<action no="4" player="YesOrNo" type="1" discard="1" dealt="1" sum="15"/>
<action no="5" player="Amlianeni" type="2" discard="1" dealt="1" sum="30"/>
</round>
<round no="1"><cards type="Pocket" player="Amlianeni">X X</cards>
<cards type="Pocket" player="YesOrNo">X X</cards>
<cards type="Pocket" player="oreiasccp">S4 C10</cards>
<action no="6" player="oreiasccp" type="0" sum="0"/>
<action no="7" player="YesOrNo" type="23" discard="1" dealt="1" sum="66"/>
<action no="8" player="Amlianeni" type="23" discard="1" dealt="1" sum="530"/>
<action no="9" player="YesOrNo" type="0" discard="1" dealt="1" sum="0"/>
</round>
</game>
<game gamecode="11514767899"><general><startdate>2025-06-16 06:54:36</startdate>
<round>1</round>
<failsafecounter/>
<players><player seat="6" name="oreiasccp" chips="640" dealer="0" win="0" bet="35" muck="1" rebuy="0" addon="0" merge="0" rebuychips="0" reg_code="8384817849"/>
<player seat="10" name="YesOrNo" chips="249" dealer="1" win="0" bet="5" muck="1" rebuy="0" addon="0" merge="0" rebuychips="0" reg_code="8384817857"/>
<player seat="3" name="Amlianeni" chips="611" dealer="0" win="75" bet="611" muck="1" rebuy="0" addon="0" merge="0" rebuychips="0" reg_code="8384817844"/>
</players>
</general>
<round no="0"><action no="1" player="Amlianeni" type="15" discard="1" dealt="1" sum="5"/>
<action no="2" player="oreiasccp" type="15" sum="5"/>
<action no="3" player="YesOrNo" type="15" discard="1" dealt="1" sum="5"/>
<action no="4" player="Amlianeni" type="1" discard="1" dealt="1" sum="15"/>
<action no="5" player="oreiasccp" type="2" sum="30"/>
</round>
<round no="1"><cards type="Pocket" player="Amlianeni">X X</cards>
<cards type="Pocket" player="YesOrNo">X X</cards>
<cards type="Pocket" player="oreiasccp">D10 S3</cards>
<action no="6" player="YesOrNo" type="0" discard="1" dealt="1" sum="0"/>
<action no="7" player="Amlianeni" type="23" discard="1" dealt="1" sum="606"/>
<action no="8" player="oreiasccp" type="0" sum="0"/>
</round>
</game>
<game gamecode="11514767921"><general><startdate>2025-06-16 06:54:45</startdate>
<round>1</round>
<failsafecounter/>
<players><player seat="10" name="YesOrNo" chips="244" dealer="0" win="45" bet="35" muck="1" rebuy="0" addon="0" merge="0" rebuychips="0" reg_code="8384817857"/>
<player seat="3" name="Amlianeni" chips="651" dealer="1" win="0" bet="5" muck="1" rebuy="0" addon="0" merge="0" rebuychips="0" reg_code="8384817844"/>
<player seat="6" name="oreiasccp" chips="605" dealer="0" win="0" bet="20" muck="1" rebuy="0" addon="0" merge="0" rebuychips="0" reg_code="8384817849"/>
</players>
</general>
<round no="0"><action no="1" player="oreiasccp" type="15" sum="5"/>
<action no="2" player="YesOrNo" type="15" discard="1" dealt="1" sum="5"/>
<action no="3" player="Amlianeni" type="15" discard="1" dealt="1" sum="5"/>
<action no="4" player="oreiasccp" type="1" sum="15"/>
<action no="5" player="YesOrNo" type="2" discard="1" dealt="1" sum="30"/>
</round>
<round no="1"><cards type="Pocket" player="YesOrNo">X X</cards>
<cards type="Pocket" player="Amlianeni">X X</cards>
<cards type="Pocket" player="oreiasccp">DJ H3</cards>
<action no="6" player="Amlianeni" type="0" discard="1" dealt="1" sum="0"/>
<action no="7" player="oreiasccp" type="0" sum="0"/>
</round>
</game>
<game gamecode="11514767947"><general><startdate>2025-06-16 06:54:56</startdate>
<round>1</round>
<failsafecounter/>
<players><player seat="3" name="Amlianeni" chips="646" dealer="0" win="0" bet="35" muck="1" rebuy="0" addon="0" merge="0" rebuychips="0" reg_code="8384817844"/>
<player seat="6" name="oreiasccp" chips="585" dealer="1" win="90" bet="65" muck="1" rebuy="0" addon="0" merge="0" rebuychips="0" reg_code="8384817849"/>
<player seat="10" name="YesOrNo" chips="269" dealer="0" win="0" bet="20" muck="1" rebuy="0" addon="0" merge="0" rebuychips="0" reg_code="8384817857"/>
</players>
</general>
<round no="0"><action no="1" player="YesOrNo" type="15" discard="1" dealt="1" sum="5"/>
<action no="2" player="Amlianeni" type="15" discard="1" dealt="1" sum="5"/>
<action no="3" player="oreiasccp" type="15" sum="5"/>
<action no="4" player="YesOrNo" type="1" discard="1" dealt="1" sum="15"/>
<action no="5" player="Amlianeni" type="2" discard="1" dealt="1" sum="30"/>
</round>
<round no="1"><cards type="Pocket" player="oreiasccp">C9 CA</cards>
<cards type="Pocket" player="Amlianeni">X X</cards>
<cards type="Pocket" player="YesOrNo">X X</cards>
<action no="6" player="oreiasccp" type="23" sum="60"/>
<action no="7" player="YesOrNo" type="0" discard="1" dealt="1" sum="0"/>
<action no="8" player="Amlianeni" type="0" discard="1" dealt="1" sum="0"/>
</round>
</game>
<game gamecode="11514767986"><general><startdate>2025-06-16 06:55:12</startdate>
<round>1</round>
<failsafecounter/>
<players><player seat="6" name="oreiasccp" chips="640" dealer="0" win="45" bet="35" muck="1" rebuy="0" addon="0" merge="0" rebuychips="0" reg_code="8384817849"/>
<player seat="10" name="YesOrNo" chips="249" dealer="1" win="0" bet="5" muck="1" rebuy="0" addon="0" merge="0" rebuychips="0" reg_code="8384817857"/>
<player seat="3" name="Amlianeni" chips="611" dealer="0" win="0" bet="20" muck="1" rebuy="0" addon="0" merge="0" rebuychips="0" reg_code="8384817844"/>
</players>
</general>
<round no="0"><action no="1" player="Amlianeni" type="15" discard="1" dealt="1" sum="5"/>
<action no="2" player="oreiasccp" type="15" sum="5"/>
<action no="3" player="YesOrNo" type="15" discard="1" dealt="1" sum="5"/>
<action no="4" player="Amlianeni" type="1" discard="1" dealt="1" sum="15"/>
<action no="5" player="oreiasccp" type="2" sum="30"/>
</round>
<round no="1"><cards type="Pocket" player="YesOrNo">X X</cards>
<cards type="Pocket" player="oreiasccp">D7 S8</cards>
<cards type="Pocket" player="Amlianeni">X X</cards>
<action no="6" player="YesOrNo" type="0" discard="1" dealt="1" sum="0"/>
<action no="7" player="Amlianeni" type="0" discard="1" dealt="1" sum="0"/>
</round>
</game>
<game gamecode="11514768004"><general><startdate>2025-06-16 06:55:19</startdate>
<round>1</round>
<failsafecounter/>
<players><player seat="10" name="YesOrNo" chips="244" dealer="0" win="0" bet="244" muck="0" rebuy="0" addon="0" merge="0" rebuychips="0" reg_code="8384817857"/>
<player seat="3" name="Amlianeni" chips="591" dealer="1" win="508" bet="244" muck="0" rebuy="0" addon="0" merge="0" rebuychips="0" reg_code="8384817844"/>
<player seat="6" name="oreiasccp" chips="665" dealer="0" win="0" bet="20" muck="1" rebuy="0" addon="0" merge="0" rebuychips="0" reg_code="8384817849"/>
</players>
</general>
<round no="0"><action no="1" player="oreiasccp" type="15" sum="5"/>
<action no="2" player="YesOrNo" type="15" discard="1" dealt="1" sum="5"/>
<action no="3" player="Amlianeni" type="15" discard="1" dealt="1" sum="5"/>
<action no="4" player="oreiasccp" type="1" sum="15"/>
<action no="5" player="YesOrNo" type="2" discard="1" dealt="1" sum="30"/>
</round>
<round no="1"><cards type="Pocket" player="oreiasccp">H9 C7</cards>
<cards type="Pocket" player="YesOrNo">S6 H6</cards>
<cards type="Pocket" player="Amlianeni">CA C5</cards>
<action no="6" player="Amlianeni" type="23" discard="1" dealt="1" sum="60"/>
<action no="7" player="oreiasccp" type="0" sum="0"/>
<action no="8" player="YesOrNo" type="23" discard="1" dealt="1" sum="239"/>
<action no="9" player="Amlianeni" type="3" discard="1" dealt="1" sum="179"/>
</round>
<round no="2"><cards type="Flop">SA HQ D3</cards>
</round>
<round no="3"><cards type="Turn">D10</cards>
</round>
<round no="4"><cards type="River">H5</cards>
</round>
</game>
<game gamecode="11514768057"><general><startdate>2025-06-16 06:55:40</startdate>
<round>1</round>
<failsafecounter/>
<players><player seat="3" name="Amlianeni" chips="855" dealer="0" win="0" bet="45" muck="1" rebuy="0" addon="0" merge="0" rebuychips="0" reg_code="8384817844"/>
<player seat="6" name="oreiasccp" chips="645" dealer="1" win="90" bet="85" muck="1" rebuy="0" addon="0" merge="0" rebuychips="0" reg_code="8384817849"/>
</players>
</general>
<round no="0"><action no="1" player="oreiasccp" type="15" sum="5"/>
<action no="2" player="Amlianeni" type="15" discard="1" dealt="1" sum="5"/>
<action no="3" player="oreiasccp" type="1" sum="20"/>
<action no="4" player="Amlianeni" type="2" discard="1" dealt="1" sum="40"/>
</round>
<round no="1"><cards type="Pocket" player="oreiasccp">D8 DJ</cards>
<cards type="Pocket" player="Amlianeni">X X</cards>
<action no="5" player="oreiasccp" type="3" sum="20"/>
<action no="6" player="Amlianeni" type="4" discard="1" dealt="1" sum="0"/>
</round>
<round no="2"><cards type="Flop">HQ D3 SK</cards>
<action no="7" player="Amlianeni" type="4" discard="1" dealt="1" sum="0"/>
<action no="8" player="oreiasccp" type="5" sum="40"/>
<action no="9" player="Amlianeni" type="0" discard="1" dealt="1" sum="0"/>
</round>
</game>
<game gamecode="11514768095"><general><startdate>2025-06-16 06:56:02</startdate>
<round>1</round>
<failsafecounter/>
<players><player seat="6" name="oreiasccp" chips="690" dealer="0" win="0" bet="170" muck="1" rebuy="0" addon="0" merge="0" rebuychips="0" reg_code="8384817849"/>
<player seat="3" name="Amlianeni" chips="810" dealer="1" win="340" bet="290" muck="1" rebuy="0" addon="0" merge="0" rebuychips="0" reg_code="8384817844"/>
</players>
</general>
<round no="0"><action no="1" player="Amlianeni" type="15" discard="1" dealt="1" sum="5"/>
<action no="2" player="oreiasccp" type="15" sum="5"/>
<action no="3" player="Amlianeni" type="1" discard="1" dealt="1" sum="20"/>
<action no="4" player="oreiasccp" type="2" sum="40"/>
</round>
<round no="1"><cards type="Pocket" player="Amlianeni">X X</cards>
<cards type="Pocket" player="oreiasccp">D4 C5</cards>
<action no="5" player="Amlianeni" type="23" discard="1" dealt="1" sum="80"/>
<action no="6" player="oreiasccp" type="3" sum="40"/>
</round>
<round no="2"><cards type="Flop">CA DJ C3</cards>
<action no="7" player="oreiasccp" type="4" sum="0"/>
<action no="8" player="Amlianeni" type="4" discard="1" dealt="1" sum="0"/>
</round>
<round no="3"><cards type="Turn">H4</cards>
<action no="9" player="oreiasccp" type="4" sum="0"/>
<action no="10" player="Amlianeni" type="5" discard="1" dealt="1" sum="85"/>
<action no="11" player="oreiasccp" type="3" sum="85"/>
</round>
<round no="4"><cards type="River">DQ</cards>
<action no="12" player="oreiasccp" type="4" sum="0"/>
<action no="13" player="Amlianeni" type="5" discard="1" dealt="1" sum="120"/>
<action no="14" player="oreiasccp" type="0" sum="0"/>
</round>
</game>
<game gamecode="11514768191"><general><startdate>2025-06-16 06:56:37</startdate>
<round>1</round>
<failsafecounter/>
<players><player seat="3" name="Amlianeni" chips="980" dealer="0" win="90" bet="125" muck="1" rebuy="0" addon="0" merge="0" rebuychips="0" reg_code="8384817844"/>
<player seat="6" name="oreiasccp" chips="520" dealer="1" win="0" bet="45" muck="1" rebuy="0" addon="0" merge="0" rebuychips="0" reg_code="8384817849"/>
</players>
</general>
<round no="0"><action no="1" player="oreiasccp" type="15" sum="5"/>
<action no="2" player="Amlianeni" type="15" discard="1" dealt="1" sum="5"/>
<action no="3" player="oreiasccp" type="1" sum="20"/>
<action no="4" player="Amlianeni" type="2" discard="1" dealt="1" sum="40"/>
</round>
<round no="1"><cards type="Pocket" player="Amlianeni">X X</cards>
<cards type="Pocket" player="oreiasccp">D8 CJ</cards>
<action no="5" player="oreiasccp" type="3" sum="20"/>
<action no="6" player="Amlianeni" type="23" discard="1" dealt="1" sum="120"/>
<action no="7" player="oreiasccp" type="0" sum="0"/>
</round>
</game>
<game gamecode="11514768226"><general><startdate>2025-06-16 06:56:51</startdate>
<round>1</round>
<failsafecounter/>
<players><player seat="6" name="oreiasccp" chips="475" dealer="0" win="0" bet="45" muck="1" rebuy="0" addon="0" merge="0" rebuychips="0" reg_code="8384817849"/>
<player seat="3" name="Amlianeni" chips="1,025" dealer="1" win="90" bet="85" muck="1" rebuy="0" addon="0" merge="0" rebuychips="0" reg_code="8384817844"/>
</players>
</general>
<round no="0"><action no="1" player="Amlianeni" type="15" discard="1" dealt="1" sum="5"/>
<action no="2" player="oreiasccp" type="15" sum="5"/>
<action no="3" player="Amlianeni" type="1" discard="1" dealt="1" sum="20"/>
<action no="4" player="oreiasccp" type="2" sum="40"/>
</round>
<round no="1"><cards type="Pocket" player="Amlianeni">X X</cards>
<cards type="Pocket" player="oreiasccp">S3 D2</cards>
<action no="5" player="Amlianeni" type="3" discard="1" dealt="1" sum="20"/>
<action no="6" player="oreiasccp" type="4" sum="0"/>
</round>
<round no="2"><cards type="Flop">HA C7 HQ</cards>
<action no="7" player="oreiasccp" type="4" sum="0"/>
<action no="8" player="Amlianeni" type="5" discard="1" dealt="1" sum="40"/>
<action no="9" player="oreiasccp" type="0" sum="0"/>
</round>
</game>
<game gamecode="11514768262"><general><startdate>2025-06-16 06:57:03</startdate>
<round>1</round>
<failsafecounter/>
<players><player seat="3" name="Amlianeni" chips="1,070" dealer="0" win="90" bet="1,070" muck="1" rebuy="0" addon="0" merge="0" rebuychips="0" reg_code="8384817844"/>
<player seat="6" name="oreiasccp" chips="430" dealer="1" win="0" bet="45" muck="1" rebuy="0" addon="0" merge="0" rebuychips="0" reg_code="8384817849"/>
</players>
</general>
<round no="0"><action no="1" player="oreiasccp" type="15" sum="5"/>
<action no="2" player="Amlianeni" type="15" discard="1" dealt="1" sum="5"/>
<action no="3" player="oreiasccp" type="1" sum="20"/>
<action no="4" player="Amlianeni" type="2" discard="1" dealt="1" sum="40"/>
</round>
<round no="1"><cards type="Pocket" player="Amlianeni">X X</cards>
<cards type="Pocket" player="oreiasccp">H7 S10</cards>
<action no="5" player="oreiasccp" type="3" sum="20"/>
<action no="6" player="Amlianeni" type="23" discard="1" dealt="1" sum="1,065"/>
<action no="7" player="oreiasccp" type="0" sum="0"/>
</round>
</game>
<game gamecode="11514768289"><general><startdate>2025-06-16 06:57:12</startdate>
<round>1</round>
<failsafecounter/>
<players><player seat="6" name="oreiasccp" chips="385" dealer="0" win="0" bet="45" muck="1" rebuy="0" addon="0" merge="0" rebuychips="0" reg_code="8384817849"/>
<player seat="3" name="Amlianeni" chips="1,115" dealer="1" win="90" bet="965" muck="1" rebuy="0" addon="0" merge="0" rebuychips="0" reg_code="8384817844"/>
</players>
</general>
<round no="0"><action no="1" player="Amlianeni" type="15" discard="1" dealt="1" sum="5"/>
<action no="2" player="oreiasccp" type="15" sum="5"/>
<action no="3" player="Amlianeni" type="1" discard="1" dealt="1" sum="20"/>
<action no="4" player="oreiasccp" type="2" sum="40"/>
</round>
<round no="1"><cards type="Pocket" player="oreiasccp">C10 H8</cards>
<cards type="Pocket" player="Amlianeni">X X</cards>
<action no="5" player="Amlianeni" type="23" discard="1" dealt="1" sum="960"/>
<action no="6" player="oreiasccp" type="0" sum="0"/>
</round>
</game>
<game gamecode="11514768312"><general><startdate>2025-06-16 06:57:21</startdate>
<round>1</round>
<failsafecounter/>
<players><player seat="3" name="Amlianeni" chips="1,160" dealer="0" win="70" bet="65" muck="1" rebuy="0" addon="0" merge="0" rebuychips="0" reg_code="8384817844"/>
<player seat="6" name="oreiasccp" chips="340" dealer="1" win="0" bet="35" muck="1" rebuy="0" addon="0" merge="0" rebuychips="0" reg_code="8384817849"/>
</players>
</general>
<round no="0"><action no="1" player="oreiasccp" type="15" sum="5"/>
<action no="2" player="Amlianeni" type="15" discard="1" dealt="1" sum="5"/>
<action no="3" player="oreiasccp" type="1" sum="30"/>
<action no="4" player="Amlianeni" type="2" discard="1" dealt="1" sum="60"/>
</round>
<round no="1"><cards type="Pocket" player="oreiasccp">DJ H3</cards>
<cards type="Pocket" player="Amlianeni">X X</cards>
<action no="5" player="oreiasccp" type="0" sum="0"/>
</round>
</game>
<game gamecode="11514768327"><general><startdate>2025-06-16 06:57:26</startdate>
<round>1</round>
<failsafecounter/>
<players><player seat="6" name="oreiasccp" chips="305" dealer="0" win="0" bet="305" muck="1" rebuy="0" addon="0" merge="0" rebuychips="0" reg_code="8384817849"/>
<player seat="3" name="Amlianeni" chips="1,195" dealer="1" win="610" bet="305" muck="0" rebuy="0" addon="0" merge="0" rebuychips="0" reg_code="8384817844"/>
</players>
</general>
<round no="0"><action no="1" player="Amlianeni" type="15" discard="1" dealt="1" sum="5"/>
<action no="2" player="oreiasccp" type="15" sum="5"/>
<action no="3" player="Amlianeni" type="1" discard="1" dealt="1" sum="30"/>
<action no="4" player="oreiasccp" type="2" sum="60"/>
</round>
<round no="1"><cards type="Pocket" player="oreiasccp">S6 S8</cards>
<cards type="Pocket" player="Amlianeni">DQ D3</cards>
<action no="5" player="Amlianeni" type="23" discard="1" dealt="1" sum="300"/>
<action no="6" player="oreiasccp" type="7" sum="240"/>
</round>
<round no="2"><cards type="Flop">CJ D2 C5</cards>
</round>
<round no="3"><cards type="Turn">H2</cards>
</round>
<round no="4"><cards type="River">HA</cards>
</round>
</game>
</session>
