<?xml version="1.0" encoding="UTF-8"?>
<session sessioncode="8384826311">
<general>
<client_version>24.7.1.16</client_version>
<mode>real</mode>
<gametype>Holdem NL</gametype>
<tablename>Twister €5 SNG, 1127561617</tablename>
<tournamentcode>1127561616</tournamentcode>
<tournamentname>Twister €5 SNG</tournamentname>
<buyin>€0 + €0.35 + €4.65</buyin>
<totalbuyin>€5</totalbuyin>
<rewarddrawn>€10</rewarddrawn>
<tournamentcurrency>EUR</tournamentcurrency>
<currency>EUR</currency>
<nickname>oreiasccp</nickname>
<gamecount>8</gamecount>
<startdate>2025-06-16 07:47:50</startdate>
<place>3</place>
<win>€0</win>
<tablesize>3</tablesize>
</general>
<game gamecode="11514795613"><general><startdate>2025-06-16 07:48:06</startdate>
<round>1</round>
<failsafecounter/>
<players><player seat="6" name="YesOrNo" chips="500" dealer="0" win="90" bet="500" muck="1" rebuy="0" addon="0" merge="0" rebuychips="0" reg_code="8384826303"/>
<player seat="10" name="oreiasccp" chips="500" dealer="1" win="0" bet="40" muck="1" rebuy="0" addon="0" merge="0" rebuychips="0" reg_code="8384826311"/>
<player seat="3" name="TWISTT23" chips="500" dealer="0" win="0" bet="10" muck="1" rebuy="0" addon="0" merge="0" rebuychips="0" reg_code="8384826297"/>
</players>
</general>
<round no="0"><action no="1" player="TWISTT23" type="1" discard="1" dealt="1" sum="10"/>
<action no="2" player="YesOrNo" type="2" discard="1" dealt="1" sum="20"/>
</round>
<round no="1"><cards type="Pocket" player="oreiasccp">CQ SJ</cards>
<cards type="Pocket" player="TWISTT23">X X</cards>
<cards type="Pocket" player="YesOrNo">X X</cards>
<action no="3" player="oreiasccp" type="23" sum="40"/>
<action no="4" player="TWISTT23" type="0" discard="1" dealt="1" sum="0"/>
<action no="5" player="YesOrNo" type="23" discard="1" dealt="1" sum="500"/>
<action no="6" player="oreiasccp" type="0" sum="0"/>
</round>
</game>
<game gamecode="11514795661"><general><startdate>2025-06-16 07:48:24</startdate>
<round>1</round>
<failsafecounter/>
<players><player seat="10" name="oreiasccp" chips="460" dealer="0" win="0" bet="50" muck="1" rebuy="0" addon="0" merge="0" rebuychips="0" reg_code="8384826311"/>
<player seat="3" name="TWISTT23" chips="490" dealer="1" win="0" bet="0" muck="1" rebuy="0" addon="0" merge="0" rebuychips="0" reg_code="8384826297"/>
<player seat="6" name="YesOrNo" chips="550" dealer="0" win="100" bet="110" muck="1" rebuy="0" addon="0" merge="0" rebuychips="0" reg_code="8384826303"/>
</players>
</general>
<round no="0"><action no="1" player="YesOrNo" type="1" discard="1" dealt="1" sum="10"/>
<action no="2" player="oreiasccp" type="2" sum="20"/>
</round>
<round no="1"><cards type="Pocket" player="YesOrNo">X X</cards>
<cards type="Pocket" player="oreiasccp">S7 DQ</cards>
<cards type="Pocket" player="TWISTT23">X X</cards>
<action no="3" player="TWISTT23" type="0" discard="1" dealt="1" sum="0"/>
<action no="4" player="YesOrNo" type="23" discard="1" dealt="1" sum="50"/>
<action no="5" player="oreiasccp" type="3" sum="30"/>
</round>
<round no="2"><cards type="Flop">C9 CK S10</cards>
<action no="6" player="YesOrNo" type="4" discard="1" dealt="1" sum="0"/>
<action no="7" player="oreiasccp" type="4" sum="0"/>
</round>
<round no="3"><cards type="Turn">HK</cards>
<action no="8" player="YesOrNo" type="5" discard="1" dealt="1" sum="60"/>
<action no="9" player="oreiasccp" type="0" sum="0"/>
</round>
</game>
<game gamecode="11514795725"><general><startdate>2025-06-16 07:48:52</startdate>
<round>1</round>
<failsafecounter/>
<players><player seat="3" name="TWISTT23" chips="490" dealer="0" win="0" bet="40" muck="1" rebuy="0" addon="0" merge="0" rebuychips="0" reg_code="8384826297"/>
<player seat="6" name="YesOrNo" chips="600" dealer="1" win="0" bet="0" muck="1" rebuy="0" addon="0" merge="0" rebuychips="0" reg_code="8384826303"/>
<player seat="10" name="oreiasccp" chips="410" dealer="0" win="80" bet="98" muck="1" rebuy="0" addon="0" merge="0" rebuychips="0" reg_code="8384826311"/>
</players>
</general>
<round no="0"><action no="1" player="oreiasccp" type="1" sum="10"/>
<action no="2" player="TWISTT23" type="2" discard="1" dealt="1" sum="20"/>
</round>
<round no="1"><cards type="Pocket" player="YesOrNo">X X</cards>
<cards type="Pocket" player="oreiasccp">H4 CA</cards>
<cards type="Pocket" player="TWISTT23">X X</cards>
<action no="3" player="YesOrNo" type="0" discard="1" dealt="1" sum="0"/>
<action no="4" player="oreiasccp" type="23" sum="40"/>
<action no="5" player="TWISTT23" type="3" discard="1" dealt="1" sum="20"/>
</round>
<round no="2"><cards type="Flop">D5 SK D4</cards>
<action no="6" player="oreiasccp" type="4" sum="0"/>
<action no="7" player="TWISTT23" type="4" discard="1" dealt="1" sum="0"/>
</round>
<round no="3"><cards type="Turn">HA</cards>
<action no="8" player="oreiasccp" type="5" sum="58"/>
<action no="9" player="TWISTT23" type="0" discard="1" dealt="1" sum="0"/>
</round>
</game>
<game gamecode="11514795770"><general><startdate>2025-06-16 07:49:10</startdate>
<round>1</round>
<failsafecounter/>
<players><player seat="6" name="YesOrNo" chips="600" dealer="0" win="40" bet="40" muck="1" rebuy="0" addon="0" merge="0" rebuychips="0" reg_code="8384826303"/>
<player seat="10" name="oreiasccp" chips="450" dealer="1" win="0" bet="0" muck="1" rebuy="0" addon="0" merge="0" rebuychips="0" reg_code="8384826311"/>
<player seat="3" name="TWISTT23" chips="450" dealer="0" win="0" bet="20" muck="1" rebuy="0" addon="0" merge="0" rebuychips="0" reg_code="8384826297"/>
</players>
</general>
<round no="0"><action no="1" player="TWISTT23" type="1" discard="1" dealt="1" sum="10"/>
<action no="2" player="YesOrNo" type="2" discard="1" dealt="1" sum="20"/>
</round>
<round no="1"><cards type="Pocket" player="YesOrNo">X X</cards>
<cards type="Pocket" player="oreiasccp">CK H6</cards>
<cards type="Pocket" player="TWISTT23">X X</cards>
<action no="3" player="oreiasccp" type="0" sum="0"/>
<action no="4" player="TWISTT23" type="3" discard="1" dealt="1" sum="10"/>
<action no="5" player="YesOrNo" type="4" discard="1" dealt="1" sum="0"/>
</round>
<round no="2"><cards type="Flop">C2 D8 S5</cards>
<action no="6" player="TWISTT23" type="4" discard="1" dealt="1" sum="0"/>
<action no="7" player="YesOrNo" type="5" discard="1" dealt="1" sum="20"/>
<action no="8" player="TWISTT23" type="0" discard="1" dealt="1" sum="0"/>
</round>
</game>
<game gamecode="11514795835"><general><startdate>2025-06-16 07:49:36</startdate>
<round>1</round>
<failsafecounter/>
<players><player seat="10" name="oreiasccp" chips="450" dealer="0" win="0" bet="50" muck="1" rebuy="0" addon="0" merge="0" rebuychips="0" reg_code="8384826311"/>
<player seat="3" name="TWISTT23" chips="430" dealer="1" win="0" bet="0" muck="1" rebuy="0" addon="0" merge="0" rebuychips="0" reg_code="8384826297"/>
<player seat="6" name="YesOrNo" chips="620" dealer="0" win="100" bet="90" muck="1" rebuy="0" addon="0" merge="0" rebuychips="0" reg_code="8384826303"/>
</players>
</general>
<round no="0"><action no="1" player="YesOrNo" type="1" discard="1" dealt="1" sum="10"/>
<action no="2" player="oreiasccp" type="2" sum="20"/>
</round>
<round no="1"><cards type="Pocket" player="oreiasccp">S4 H6</cards>
<cards type="Pocket" player="YesOrNo">X X</cards>
<cards type="Pocket" player="TWISTT23">X X</cards>
<action no="3" player="TWISTT23" type="0" discard="1" dealt="1" sum="0"/>
<action no="4" player="YesOrNo" type="23" discard="1" dealt="1" sum="50"/>
<action no="5" player="oreiasccp" type="3" sum="30"/>
</round>
<round no="2"><cards type="Flop">SA CJ C8</cards>
<action no="6" player="YesOrNo" type="5" discard="1" dealt="1" sum="40"/>
<action no="7" player="oreiasccp" type="0" sum="0"/>
</round>
</game>
<game gamecode="11514795883"><general><startdate>2025-06-16 07:49:59</startdate>
<round>1</round>
<failsafecounter/>
<players><player seat="3" name="TWISTT23" chips="430" dealer="0" win="80" bet="430" muck="1" rebuy="0" addon="0" merge="0" rebuychips="0" reg_code="8384826297"/>
<player seat="6" name="YesOrNo" chips="670" dealer="1" win="0" bet="0" muck="1" rebuy="0" addon="0" merge="0" rebuychips="0" reg_code="8384826303"/>
<player seat="10" name="oreiasccp" chips="400" dealer="0" win="0" bet="40" muck="1" rebuy="0" addon="0" merge="0" rebuychips="0" reg_code="8384826311"/>
</players>
</general>
<round no="0"><action no="1" player="oreiasccp" type="1" sum="10"/>
<action no="2" player="TWISTT23" type="2" discard="1" dealt="1" sum="20"/>
</round>
<round no="1"><cards type="Pocket" player="YesOrNo">X X</cards>
<cards type="Pocket" player="TWISTT23">X X</cards>
<cards type="Pocket" player="oreiasccp">D9 C8</cards>
<action no="3" player="YesOrNo" type="0" discard="1" dealt="1" sum="0"/>
<action no="4" player="oreiasccp" type="23" sum="40"/>
<action no="5" player="TWISTT23" type="23" discard="1" dealt="1" sum="430"/>
<action no="6" player="oreiasccp" type="0" sum="0"/>
</round>
</game>
<game gamecode="11514795916"><general><startdate>2025-06-16 07:50:13</startdate>
<round>1</round>
<failsafecounter/>
<players><player seat="6" name="YesOrNo" chips="670" dealer="0" win="173" bet="174" muck="1" rebuy="0" addon="0" merge="0" rebuychips="0" reg_code="8384826303"/>
<player seat="10" name="oreiasccp" chips="360" dealer="1" win="0" bet="5" muck="1" rebuy="0" addon="0" merge="0" rebuychips="0" reg_code="8384826311"/>
<player seat="3" name="TWISTT23" chips="470" dealer="0" win="0" bet="84" muck="1" rebuy="0" addon="0" merge="0" rebuychips="0" reg_code="8384826297"/>
</players>
</general>
<round no="0"><action no="1" player="TWISTT23" type="15" discard="1" dealt="1" sum="5"/>
<action no="2" player="YesOrNo" type="15" discard="1" dealt="1" sum="5"/>
<action no="3" player="oreiasccp" type="15" sum="5"/>
<action no="4" player="TWISTT23" type="1" discard="1" dealt="1" sum="15"/>
<action no="5" player="YesOrNo" type="2" discard="1" dealt="1" sum="30"/>
</round>
<round no="1"><cards type="Pocket" player="TWISTT23">X X</cards>
<cards type="Pocket" player="YesOrNo">X X</cards>
<cards type="Pocket" player="oreiasccp">CJ S7</cards>
<action no="6" player="oreiasccp" type="0" sum="0"/>
<action no="7" player="TWISTT23" type="3" discard="1" dealt="1" sum="15"/>
<action no="8" player="YesOrNo" type="4" discard="1" dealt="1" sum="0"/>
</round>
<round no="2"><cards type="Flop">D5 HQ H5</cards>
<action no="9" player="TWISTT23" type="4" discard="1" dealt="1" sum="0"/>
<action no="10" player="YesOrNo" type="4" discard="1" dealt="1" sum="0"/>
</round>
<round no="3"><cards type="Turn">D7</cards>
<action no="11" player="TWISTT23" type="4" discard="1" dealt="1" sum="0"/>
<action no="12" player="YesOrNo" type="5" discard="1" dealt="1" sum="49"/>
<action no="13" player="TWISTT23" type="3" discard="1" dealt="1" sum="49"/>
</round>
<round no="4"><cards type="River">H4</cards>
<action no="14" player="TWISTT23" type="4" discard="1" dealt="1" sum="0"/>
<action no="15" player="YesOrNo" type="5" discard="1" dealt="1" sum="90"/>
<action no="16" player="TWISTT23" type="0" discard="1" dealt="1" sum="0"/>
</round>
</game>
<game gamecode="11514795977"><general><startdate>2025-06-16 07:50:40</startdate>
<round>1</round>
<failsafecounter/>
<players><player seat="10" name="oreiasccp" chips="355" dealer="0" win="0" bet="355" muck="0" rebuy="0" addon="0" merge="0" rebuychips="0" reg_code="8384826311"/>
<player seat="3" name="TWISTT23" chips="386" dealer="1" win="730" bet="386" muck="0" rebuy="0" addon="0" merge="0" rebuychips="0" reg_code="8384826297"/>
<player seat="6" name="YesOrNo" chips="759" dealer="0" win="0" bet="20" muck="1" rebuy="0" addon="0" merge="0" rebuychips="0" reg_code="8384826303"/>
</players>
</general>
<round no="0"><action no="1" player="YesOrNo" type="15" discard="1" dealt="1" sum="5"/>
<action no="2" player="oreiasccp" type="15" sum="5"/>
<action no="3" player="TWISTT23" type="15" discard="1" dealt="1" sum="5"/>
<action no="4" player="YesOrNo" type="1" discard="1" dealt="1" sum="15"/>
<action no="5" player="oreiasccp" type="2" sum="30"/>
</round>
<round no="1"><cards type="Pocket" player="TWISTT23">CQ SA</cards>
<cards type="Pocket" player="YesOrNo">X X</cards>
<cards type="Pocket" player="oreiasccp">D8 DJ</cards>
<action no="6" player="TWISTT23" type="23" discard="1" dealt="1" sum="90"/>
<action no="7" player="YesOrNo" type="0" discard="1" dealt="1" sum="0"/>
<action no="8" player="oreiasccp" type="3" sum="60"/>
</round>
<round no="2"><cards type="Flop">S4 DQ D7</cards>
<action no="9" player="oreiasccp" type="4" sum="0"/>
<action no="10" player="TWISTT23" type="5" discard="1" dealt="1" sum="291"/>
<action no="11" player="oreiasccp" type="7" sum="260"/>
</round>
<round no="3"><cards type="Turn">S7</cards>
</round>
<round no="4"><cards type="River">S8</cards>
</round>
</game>
</session>
