<?xml version="1.0" encoding="UTF-8"?>
<session sessioncode="8384895555">
<general>
<client_version>24.7.1.16</client_version>
<mode>real</mode>
<gametype>Holdem NL</gametype>
<tablename>Twister €5 SNG, 1127572962</tablename>
<tournamentcode>1127572961</tournamentcode>
<tournamentname>Twister €5 SNG</tournamentname>
<buyin>€0 + €0.35 + €4.65</buyin>
<totalbuyin>€5</totalbuyin>
<rewarddrawn>€10</rewarddrawn>
<tournamentcurrency>EUR</tournamentcurrency>
<currency>EUR</currency>
<nickname>oreiasccp</nickname>
<gamecount>12</gamecount>
<startdate>2025-06-16 12:18:08</startdate>
<place>2</place>
<win>€0</win>
<tablesize>3</tablesize>
</general>
<game gamecode="11514998017"><general><startdate>2025-06-16 12:18:23</startdate>
<round>1</round>
<failsafecounter/>
<players><player seat="3" name="bobbb1" chips="500" dealer="0" win="120" bet="500" muck="1" rebuy="0" addon="0" merge="0" rebuychips="0" reg_code="8384895552"/>
<player seat="6" name="oreiasccp" chips="500" dealer="1" win="0" bet="0" muck="1" rebuy="0" addon="0" merge="0" rebuychips="0" reg_code="8384895555"/>
<player seat="10" name="Alchemik13" chips="500" dealer="0" win="0" bet="60" muck="1" rebuy="0" addon="0" merge="0" rebuychips="0" reg_code="8384895557"/>
</players>
</general>
<round no="0"><action no="1" player="Alchemik13" type="1" discard="1" dealt="1" sum="10"/>
<action no="2" player="bobbb1" type="2" discard="1" dealt="1" sum="20"/>
</round>
<round no="1"><cards type="Pocket" player="Alchemik13">X X</cards>
<cards type="Pocket" player="oreiasccp">H7 D4</cards>
<cards type="Pocket" player="bobbb1">X X</cards>
<action no="3" player="oreiasccp" type="0" sum="0"/>
<action no="4" player="Alchemik13" type="23" discard="1" dealt="1" sum="60"/>
<action no="5" player="bobbb1" type="23" discard="1" dealt="1" sum="500"/>
<action no="6" player="Alchemik13" type="0" discard="1" dealt="1" sum="0"/>
</round>
</game>
<game gamecode="11514998080"><general><startdate>2025-06-16 12:18:40</startdate>
<round>1</round>
<failsafecounter/>
<players><player seat="6" name="oreiasccp" chips="500" dealer="0" win="0" bet="20" muck="1" rebuy="0" addon="0" merge="0" rebuychips="0" reg_code="8384895555"/>
<player seat="10" name="Alchemik13" chips="440" dealer="1" win="0" bet="0" muck="1" rebuy="0" addon="0" merge="0" rebuychips="0" reg_code="8384895557"/>
<player seat="3" name="bobbb1" chips="560" dealer="0" win="40" bet="60" muck="1" rebuy="0" addon="0" merge="0" rebuychips="0" reg_code="8384895552"/>
</players>
</general>
<round no="0"><action no="1" player="bobbb1" type="1" discard="1" dealt="1" sum="10"/>
<action no="2" player="oreiasccp" type="2" sum="20"/>
</round>
<round no="1"><cards type="Pocket" player="oreiasccp">SQ H4</cards>
<cards type="Pocket" player="Alchemik13">X X</cards>
<cards type="Pocket" player="bobbb1">X X</cards>
<action no="3" player="Alchemik13" type="0" discard="1" dealt="1" sum="0"/>
<action no="4" player="bobbb1" type="23" discard="1" dealt="1" sum="60"/>
<action no="5" player="oreiasccp" type="0" sum="0"/>
</round>
</game>
<game gamecode="11514998116"><general><startdate>2025-06-16 12:18:50</startdate>
<round>1</round>
<failsafecounter/>
<players><player seat="10" name="Alchemik13" chips="440" dealer="0" win="0" bet="20" muck="1" rebuy="0" addon="0" merge="0" rebuychips="0" reg_code="8384895557"/>
<player seat="3" name="bobbb1" chips="580" dealer="1" win="0" bet="40" muck="1" rebuy="0" addon="0" merge="0" rebuychips="0" reg_code="8384895552"/>
<player seat="6" name="oreiasccp" chips="480" dealer="0" win="100" bet="480" muck="1" rebuy="0" addon="0" merge="0" rebuychips="0" reg_code="8384895555"/>
</players>
</general>
<round no="0"><action no="1" player="oreiasccp" type="1" sum="10"/>
<action no="2" player="Alchemik13" type="2" discard="1" dealt="1" sum="20"/>
</round>
<round no="1"><cards type="Pocket" player="oreiasccp">SQ DA</cards>
<cards type="Pocket" player="Alchemik13">X X</cards>
<cards type="Pocket" player="bobbb1">X X</cards>
<action no="3" player="bobbb1" type="23" discard="1" dealt="1" sum="40"/>
<action no="4" player="oreiasccp" type="23" sum="480"/>
<action no="5" player="Alchemik13" type="0" discard="1" dealt="1" sum="0"/>
<action no="6" player="bobbb1" type="0" discard="1" dealt="1" sum="0"/>
</round>
</game>
<game gamecode="11514998167"><general><startdate>2025-06-16 12:19:02</startdate>
<round>1</round>
<failsafecounter/>
<players><player seat="3" name="bobbb1" chips="540" dealer="0" win="840" bet="540" muck="0" rebuy="0" addon="0" merge="0" rebuychips="0" reg_code="8384895552"/>
<player seat="6" name="oreiasccp" chips="540" dealer="1" win="0" bet="0" muck="1" rebuy="0" addon="0" merge="0" rebuychips="0" reg_code="8384895555"/>
<player seat="10" name="Alchemik13" chips="420" dealer="0" win="0" bet="420" muck="1" rebuy="0" addon="0" merge="0" rebuychips="0" reg_code="8384895557"/>
</players>
</general>
<round no="0"><action no="1" player="Alchemik13" type="1" discard="1" dealt="1" sum="10"/>
<action no="2" player="bobbb1" type="2" discard="1" dealt="1" sum="20"/>
</round>
<round no="1"><cards type="Pocket" player="oreiasccp">D5 SJ</cards>
<cards type="Pocket" player="bobbb1">CK SQ</cards>
<cards type="Pocket" player="Alchemik13">HA H10</cards>
<action no="3" player="oreiasccp" type="0" sum="0"/>
<action no="4" player="Alchemik13" type="23" discard="1" dealt="1" sum="60"/>
<action no="5" player="bobbb1" type="23" discard="1" dealt="1" sum="540"/>
<action no="6" player="Alchemik13" type="7" discard="1" dealt="1" sum="360"/>
</round>
<round no="2"><cards type="Flop">H6 S5 CQ</cards>
</round>
<round no="3"><cards type="Turn">D8</cards>
</round>
<round no="4"><cards type="River">C8</cards>
</round>
</game>
<game gamecode="11514998262"><general><startdate>2025-06-16 12:19:26</startdate>
<round>1</round>
<failsafecounter/>
<players><player seat="6" name="oreiasccp" chips="540" dealer="0" win="20" bet="20" muck="1" rebuy="0" addon="0" merge="0" rebuychips="0" reg_code="8384895555"/>
<player seat="3" name="bobbb1" chips="960" dealer="1" win="0" bet="10" muck="1" rebuy="0" addon="0" merge="0" rebuychips="0" reg_code="8384895552"/>
</players>
</general>
<round no="0"><action no="1" player="bobbb1" type="1" discard="1" dealt="1" sum="10"/>
<action no="2" player="oreiasccp" type="2" sum="20"/>
</round>
<round no="1"><cards type="Pocket" player="oreiasccp">H8 CQ</cards>
<cards type="Pocket" player="bobbb1">X X</cards>
<action no="3" player="bobbb1" type="0" discard="1" dealt="1" sum="0"/>
</round>
</game>
<game gamecode="11514998280"><general><startdate>2025-06-16 12:19:33</startdate>
<round>1</round>
<failsafecounter/>
<players><player seat="3" name="bobbb1" chips="950" dealer="0" win="160" bet="80" muck="0" rebuy="0" addon="0" merge="0" rebuychips="0" reg_code="8384895552"/>
<player seat="6" name="oreiasccp" chips="550" dealer="1" win="0" bet="80" muck="1" rebuy="0" addon="0" merge="0" rebuychips="0" reg_code="8384895555"/>
</players>
</general>
<round no="0"><action no="1" player="oreiasccp" type="1" sum="10"/>
<action no="2" player="bobbb1" type="2" discard="1" dealt="1" sum="20"/>
</round>
<round no="1"><cards type="Pocket" player="bobbb1">D5 CK</cards>
<cards type="Pocket" player="oreiasccp">H7 S9</cards>
<action no="3" player="oreiasccp" type="3" sum="10"/>
<action no="4" player="bobbb1" type="4" discard="1" dealt="1" sum="0"/>
</round>
<round no="2"><cards type="Flop">H10 S10 H3</cards>
<action no="5" player="bobbb1" type="4" discard="1" dealt="1" sum="0"/>
<action no="6" player="oreiasccp" type="5" sum="20"/>
<action no="7" player="bobbb1" type="3" discard="1" dealt="1" sum="20"/>
</round>
<round no="3"><cards type="Turn">DK</cards>
<action no="8" player="bobbb1" type="4" discard="1" dealt="1" sum="0"/>
<action no="9" player="oreiasccp" type="5" sum="40"/>
<action no="10" player="bobbb1" type="3" discard="1" dealt="1" sum="40"/>
</round>
<round no="4"><cards type="River">D6</cards>
<action no="11" player="bobbb1" type="4" discard="1" dealt="1" sum="0"/>
<action no="12" player="oreiasccp" type="4" sum="0"/>
</round>
</game>
<game gamecode="11514998369"><general><startdate>2025-06-16 12:20:00</startdate>
<round>1</round>
<failsafecounter/>
<players><player seat="6" name="oreiasccp" chips="470" dealer="0" win="0" bet="20" muck="1" rebuy="0" addon="0" merge="0" rebuychips="0" reg_code="8384895555"/>
<player seat="3" name="bobbb1" chips="1,030" dealer="1" win="40" bet="40" muck="1" rebuy="0" addon="0" merge="0" rebuychips="0" reg_code="8384895552"/>
</players>
</general>
<round no="0"><action no="1" player="bobbb1" type="1" discard="1" dealt="1" sum="10"/>
<action no="2" player="oreiasccp" type="2" sum="20"/>
</round>
<round no="1"><cards type="Pocket" player="bobbb1">X X</cards>
<cards type="Pocket" player="oreiasccp">H3 H6</cards>
<action no="3" player="bobbb1" type="3" discard="1" dealt="1" sum="10"/>
<action no="4" player="oreiasccp" type="4" sum="0"/>
</round>
<round no="2"><cards type="Flop">CJ D7 H7</cards>
<action no="5" player="oreiasccp" type="4" sum="0"/>
<action no="6" player="bobbb1" type="5" discard="1" dealt="1" sum="20"/>
<action no="7" player="oreiasccp" type="0" sum="0"/>
</round>
</game>
<game gamecode="11514998410"><general><startdate>2025-06-16 12:20:13</startdate>
<round>1</round>
<failsafecounter/>
<players><player seat="3" name="bobbb1" chips="1,050" dealer="0" win="0" bet="20" muck="1" rebuy="0" addon="0" merge="0" rebuychips="0" reg_code="8384895552"/>
<player seat="6" name="oreiasccp" chips="450" dealer="1" win="40" bet="40" muck="1" rebuy="0" addon="0" merge="0" rebuychips="0" reg_code="8384895555"/>
</players>
</general>
<round no="0"><action no="1" player="oreiasccp" type="1" sum="10"/>
<action no="2" player="bobbb1" type="2" discard="1" dealt="1" sum="20"/>
</round>
<round no="1"><cards type="Pocket" player="bobbb1">X X</cards>
<cards type="Pocket" player="oreiasccp">HA SA</cards>
<action no="3" player="oreiasccp" type="23" sum="40"/>
<action no="4" player="bobbb1" type="0" discard="1" dealt="1" sum="0"/>
</round>
</game>
<game gamecode="11514998443"><general><startdate>2025-06-16 12:20:21</startdate>
<round>1</round>
<failsafecounter/>
<players><player seat="6" name="oreiasccp" chips="470" dealer="0" win="0" bet="20" muck="1" rebuy="0" addon="0" merge="0" rebuychips="0" reg_code="8384895555"/>
<player seat="3" name="bobbb1" chips="1,030" dealer="1" win="40" bet="40" muck="1" rebuy="0" addon="0" merge="0" rebuychips="0" reg_code="8384895552"/>
</players>
</general>
<round no="0"><action no="1" player="bobbb1" type="1" discard="1" dealt="1" sum="10"/>
<action no="2" player="oreiasccp" type="2" sum="20"/>
</round>
<round no="1"><cards type="Pocket" player="oreiasccp">H4 SJ</cards>
<cards type="Pocket" player="bobbb1">X X</cards>
<action no="3" player="bobbb1" type="3" discard="1" dealt="1" sum="10"/>
<action no="4" player="oreiasccp" type="4" sum="0"/>
</round>
<round no="2"><cards type="Flop">S3 S10 H10</cards>
<action no="5" player="oreiasccp" type="4" sum="0"/>
<action no="6" player="bobbb1" type="5" discard="1" dealt="1" sum="20"/>
<action no="7" player="oreiasccp" type="0" sum="0"/>
</round>
</game>
<game gamecode="11514998498"><general><startdate>2025-06-16 12:20:38</startdate>
<round>1</round>
<failsafecounter/>
<players><player seat="3" name="bobbb1" chips="1,050" dealer="0" win="40" bet="35" muck="1" rebuy="0" addon="0" merge="0" rebuychips="0" reg_code="8384895552"/>
<player seat="6" name="oreiasccp" chips="450" dealer="1" win="0" bet="20" muck="1" rebuy="0" addon="0" merge="0" rebuychips="0" reg_code="8384895555"/>
</players>
</general>
<round no="0"><action no="1" player="oreiasccp" type="15" sum="5"/>
<action no="2" player="bobbb1" type="15" discard="1" dealt="1" sum="5"/>
<action no="3" player="oreiasccp" type="1" sum="15"/>
<action no="4" player="bobbb1" type="2" discard="1" dealt="1" sum="30"/>
</round>
<round no="1"><cards type="Pocket" player="oreiasccp">S3 C2</cards>
<cards type="Pocket" player="bobbb1">X X</cards>
<action no="5" player="oreiasccp" type="0" sum="0"/>
</round>
</game>
<game gamecode="11514998517"><general><startdate>2025-06-16 12:20:44</startdate>
<round>1</round>
<failsafecounter/>
<players><player seat="6" name="oreiasccp" chips="430" dealer="0" win="0" bet="168" muck="1" rebuy="0" addon="0" merge="0" rebuychips="0" reg_code="8384895555"/>
<player seat="3" name="bobbb1" chips="1,070" dealer="1" win="336" bet="168" muck="0" rebuy="0" addon="0" merge="0" rebuychips="0" reg_code="8384895552"/>
</players>
</general>
<round no="0"><action no="1" player="bobbb1" type="15" discard="1" dealt="1" sum="5"/>
<action no="2" player="oreiasccp" type="15" sum="5"/>
<action no="3" player="bobbb1" type="1" discard="1" dealt="1" sum="15"/>
<action no="4" player="oreiasccp" type="2" sum="30"/>
</round>
<round no="1"><cards type="Pocket" player="bobbb1">H9 DK</cards>
<cards type="Pocket" player="oreiasccp">C7 C10</cards>
<action no="5" player="bobbb1" type="3" discard="1" dealt="1" sum="15"/>
<action no="6" player="oreiasccp" type="4" sum="0"/>
</round>
<round no="2"><cards type="Flop">C4 S7 D2</cards>
<action no="7" player="oreiasccp" type="4" sum="0"/>
<action no="8" player="bobbb1" type="4" discard="1" dealt="1" sum="0"/>
</round>
<round no="3"><cards type="Turn">C2</cards>
<action no="9" player="oreiasccp" type="5" sum="35"/>
<action no="10" player="bobbb1" type="3" discard="1" dealt="1" sum="35"/>
</round>
<round no="4"><cards type="River">HK</cards>
<action no="11" player="oreiasccp" type="4" sum="0"/>
<action no="12" player="bobbb1" type="5" discard="1" dealt="1" sum="98"/>
<action no="13" player="oreiasccp" type="3" sum="98"/>
</round>
</game>
<game gamecode="11514998611"><general><startdate>2025-06-16 12:21:11</startdate>
<round>1</round>
<failsafecounter/>
<players><player seat="3" name="bobbb1" chips="1,238" dealer="0" win="524" bet="262" muck="0" rebuy="0" addon="0" merge="0" rebuychips="0" reg_code="8384895552"/>
<player seat="6" name="oreiasccp" chips="262" dealer="1" win="0" bet="262" muck="0" rebuy="0" addon="0" merge="0" rebuychips="0" reg_code="8384895555"/>
</players>
</general>
<round no="0"><action no="1" player="oreiasccp" type="15" sum="5"/>
<action no="2" player="bobbb1" type="15" discard="1" dealt="1" sum="5"/>
<action no="3" player="oreiasccp" type="1" sum="15"/>
<action no="4" player="bobbb1" type="2" discard="1" dealt="1" sum="30"/>
</round>
<round no="1"><cards type="Pocket" player="bobbb1">CK H8</cards>
<cards type="Pocket" player="oreiasccp">CJ C5</cards>
<action no="5" player="oreiasccp" type="23" sum="257"/>
<action no="6" player="bobbb1" type="3" discard="1" dealt="1" sum="227"/>
</round>
<round no="2"><cards type="Flop">C10 S5 D8</cards>
</round>
<round no="3"><cards type="Turn">C2</cards>
</round>
<round no="4"><cards type="River">HQ</cards>
</round>
</game>
</session>
