<?xml version="1.0" encoding="UTF-8"?>
<session sessioncode="8384816377">
<general>
<client_version>24.7.1.16</client_version>
<mode>real</mode>
<gametype>Holdem NL</gametype>
<tablename>Twister €5 SNG, 1127559525</tablename>
<tournamentcode>1127559524</tournamentcode>
<tournamentname>Twister €5 SNG</tournamentname>
<buyin>€0 + €0.35 + €4.65</buyin>
<totalbuyin>€5</totalbuyin>
<rewarddrawn>€15</rewarddrawn>
<tournamentcurrency>EUR</tournamentcurrency>
<currency>EUR</currency>
<nickname>oreiasccp</nickname>
<gamecount>18</gamecount>
<startdate>2025-06-16 06:41:35</startdate>
<place>3</place>
<win>€0</win>
<tablesize>3</tablesize>
</general>
<game gamecode="11514764170"><general><startdate>2025-06-16 06:41:50</startdate>
<round>1</round>
<failsafecounter/>
<players><player seat="3" name="bobbb1" chips="500" dealer="0" win="0" bet="20" muck="1" rebuy="0" addon="0" merge="0" rebuychips="0" reg_code="8384816375"/>
<player seat="6" name="oreiasccp" chips="500" dealer="1" win="0" bet="0" muck="1" rebuy="0" addon="0" merge="0" rebuychips="0" reg_code="8384816377"/>
<player seat="10" name="Sp1nX" chips="500" dealer="0" win="40" bet="60" muck="1" rebuy="0" addon="0" merge="0" rebuychips="0" reg_code="8384816378"/>
</players>
</general>
<round no="0"><action no="1" player="Sp1nX" type="1" discard="1" dealt="1" sum="10"/>
<action no="2" player="bobbb1" type="2" discard="1" dealt="1" sum="20"/>
</round>
<round no="1"><cards type="Pocket" player="bobbb1">X X</cards>
<cards type="Pocket" player="oreiasccp">CQ H8</cards>
<cards type="Pocket" player="Sp1nX">X X</cards>
<action no="3" player="oreiasccp" type="0" sum="0"/>
<action no="4" player="Sp1nX" type="3" discard="1" dealt="1" sum="10"/>
<action no="5" player="bobbb1" type="4" discard="1" dealt="1" sum="0"/>
</round>
<round no="2"><cards type="Flop">C2 CK C4</cards>
<action no="6" player="Sp1nX" type="4" discard="1" dealt="1" sum="0"/>
<action no="7" player="bobbb1" type="4" discard="1" dealt="1" sum="0"/>
</round>
<round no="3"><cards type="Turn">C7</cards>
<action no="8" player="Sp1nX" type="4" discard="1" dealt="1" sum="0"/>
<action no="9" player="bobbb1" type="4" discard="1" dealt="1" sum="0"/>
</round>
<round no="4"><cards type="River">D2</cards>
<action no="10" player="Sp1nX" type="5" discard="1" dealt="1" sum="40"/>
<action no="11" player="bobbb1" type="0" discard="1" dealt="1" sum="0"/>
</round>
</game>
<game gamecode="11514764255"><general><startdate>2025-06-16 06:42:19</startdate>
<round>1</round>
<failsafecounter/>
<players><player seat="6" name="oreiasccp" chips="500" dealer="0" win="0" bet="50" muck="1" rebuy="0" addon="0" merge="0" rebuychips="0" reg_code="8384816377"/>
<player seat="10" name="Sp1nX" chips="520" dealer="1" win="0" bet="0" muck="1" rebuy="0" addon="0" merge="0" rebuychips="0" reg_code="8384816378"/>
<player seat="3" name="bobbb1" chips="480" dealer="0" win="100" bet="70" muck="1" rebuy="0" addon="0" merge="0" rebuychips="0" reg_code="8384816375"/>
</players>
</general>
<round no="0"><action no="1" player="bobbb1" type="1" discard="1" dealt="1" sum="10"/>
<action no="2" player="oreiasccp" type="2" sum="20"/>
</round>
<round no="1"><cards type="Pocket" player="oreiasccp">SQ S2</cards>
<cards type="Pocket" player="Sp1nX">X X</cards>
<cards type="Pocket" player="bobbb1">X X</cards>
<action no="3" player="Sp1nX" type="0" discard="1" dealt="1" sum="0"/>
<action no="4" player="bobbb1" type="23" discard="1" dealt="1" sum="50"/>
<action no="5" player="oreiasccp" type="3" sum="30"/>
</round>
<round no="2"><cards type="Flop">C5 CJ H10</cards>
<action no="6" player="bobbb1" type="5" discard="1" dealt="1" sum="20"/>
<action no="7" player="oreiasccp" type="0" sum="0"/>
</round>
</game>
<game gamecode="11514764326"><general><startdate>2025-06-16 06:42:45</startdate>
<round>1</round>
<failsafecounter/>
<players><player seat="10" name="Sp1nX" chips="520" dealer="0" win="20" bet="20" muck="1" rebuy="0" addon="0" merge="0" rebuychips="0" reg_code="8384816378"/>
<player seat="3" name="bobbb1" chips="530" dealer="1" win="0" bet="0" muck="1" rebuy="0" addon="0" merge="0" rebuychips="0" reg_code="8384816375"/>
<player seat="6" name="oreiasccp" chips="450" dealer="0" win="0" bet="10" muck="1" rebuy="0" addon="0" merge="0" rebuychips="0" reg_code="8384816377"/>
</players>
</general>
<round no="0"><action no="1" player="oreiasccp" type="1" sum="10"/>
<action no="2" player="Sp1nX" type="2" discard="1" dealt="1" sum="20"/>
</round>
<round no="1"><cards type="Pocket" player="oreiasccp">C10 H5</cards>
<cards type="Pocket" player="Sp1nX">X X</cards>
<cards type="Pocket" player="bobbb1">X X</cards>
<action no="3" player="bobbb1" type="0" discard="1" dealt="1" sum="0"/>
<action no="4" player="oreiasccp" type="0" sum="0"/>
</round>
</game>
<game gamecode="11514764352"><general><startdate>2025-06-16 06:42:55</startdate>
<round>1</round>
<failsafecounter/>
<players><player seat="3" name="bobbb1" chips="530" dealer="0" win="20" bet="20" muck="1" rebuy="0" addon="0" merge="0" rebuychips="0" reg_code="8384816375"/>
<player seat="6" name="oreiasccp" chips="440" dealer="1" win="0" bet="0" muck="1" rebuy="0" addon="0" merge="0" rebuychips="0" reg_code="8384816377"/>
<player seat="10" name="Sp1nX" chips="530" dealer="0" win="0" bet="10" muck="1" rebuy="0" addon="0" merge="0" rebuychips="0" reg_code="8384816378"/>
</players>
</general>
<round no="0"><action no="1" player="Sp1nX" type="1" discard="1" dealt="1" sum="10"/>
<action no="2" player="bobbb1" type="2" discard="1" dealt="1" sum="20"/>
</round>
<round no="1"><cards type="Pocket" player="bobbb1">X X</cards>
<cards type="Pocket" player="oreiasccp">H6 C7</cards>
<cards type="Pocket" player="Sp1nX">X X</cards>
<action no="3" player="oreiasccp" type="0" sum="0"/>
<action no="4" player="Sp1nX" type="0" discard="1" dealt="1" sum="0"/>
</round>
</game>
<game gamecode="11514764369"><general><startdate>2025-06-16 06:43:01</startdate>
<round>1</round>
<failsafecounter/>
<players><player seat="6" name="oreiasccp" chips="440" dealer="0" win="0" bet="20" muck="1" rebuy="0" addon="0" merge="0" rebuychips="0" reg_code="8384816377"/>
<player seat="10" name="Sp1nX" chips="520" dealer="1" win="50" bet="40" muck="1" rebuy="0" addon="0" merge="0" rebuychips="0" reg_code="8384816378"/>
<player seat="3" name="bobbb1" chips="540" dealer="0" win="0" bet="10" muck="1" rebuy="0" addon="0" merge="0" rebuychips="0" reg_code="8384816375"/>
</players>
</general>
<round no="0"><action no="1" player="bobbb1" type="1" discard="1" dealt="1" sum="10"/>
<action no="2" player="oreiasccp" type="2" sum="20"/>
</round>
<round no="1"><cards type="Pocket" player="Sp1nX">X X</cards>
<cards type="Pocket" player="bobbb1">X X</cards>
<cards type="Pocket" player="oreiasccp">D4 H9</cards>
<action no="3" player="Sp1nX" type="23" discard="1" dealt="1" sum="40"/>
<action no="4" player="bobbb1" type="0" discard="1" dealt="1" sum="0"/>
<action no="5" player="oreiasccp" type="0" sum="0"/>
</round>
</game>
<game gamecode="11514764403"><general><startdate>2025-06-16 06:43:15</startdate>
<round>1</round>
<failsafecounter/>
<players><player seat="10" name="Sp1nX" chips="550" dealer="0" win="0" bet="69" muck="1" rebuy="0" addon="0" merge="0" rebuychips="0" reg_code="8384816378"/>
<player seat="3" name="bobbb1" chips="530" dealer="1" win="0" bet="0" muck="1" rebuy="0" addon="0" merge="0" rebuychips="0" reg_code="8384816375"/>
<player seat="6" name="oreiasccp" chips="420" dealer="0" win="138" bet="188" muck="1" rebuy="0" addon="0" merge="0" rebuychips="0" reg_code="8384816377"/>
</players>
</general>
<round no="0"><action no="1" player="oreiasccp" type="1" sum="10"/>
<action no="2" player="Sp1nX" type="2" discard="1" dealt="1" sum="20"/>
</round>
<round no="1"><cards type="Pocket" player="oreiasccp">S3 HA</cards>
<cards type="Pocket" player="Sp1nX">X X</cards>
<cards type="Pocket" player="bobbb1">X X</cards>
<action no="3" player="bobbb1" type="0" discard="1" dealt="1" sum="0"/>
<action no="4" player="oreiasccp" type="23" sum="40"/>
<action no="5" player="Sp1nX" type="3" discard="1" dealt="1" sum="20"/>
</round>
<round no="2"><cards type="Flop">DQ DA CJ</cards>
<action no="6" player="oreiasccp" type="5" sum="29"/>
<action no="7" player="Sp1nX" type="3" discard="1" dealt="1" sum="29"/>
</round>
<round no="3"><cards type="Turn">CA</cards>
<action no="8" player="oreiasccp" type="5" sum="119"/>
<action no="9" player="Sp1nX" type="0" discard="1" dealt="1" sum="0"/>
</round>
</game>
<game gamecode="11514764476"><general><startdate>2025-06-16 06:43:41</startdate>
<round>1</round>
<failsafecounter/>
<players><player seat="3" name="bobbb1" chips="530" dealer="0" win="0" bet="20" muck="1" rebuy="0" addon="0" merge="0" rebuychips="0" reg_code="8384816375"/>
<player seat="6" name="oreiasccp" chips="489" dealer="1" win="0" bet="0" muck="1" rebuy="0" addon="0" merge="0" rebuychips="0" reg_code="8384816377"/>
<player seat="10" name="Sp1nX" chips="481" dealer="0" win="40" bet="50" muck="1" rebuy="0" addon="0" merge="0" rebuychips="0" reg_code="8384816378"/>
</players>
</general>
<round no="0"><action no="1" player="Sp1nX" type="1" discard="1" dealt="1" sum="10"/>
<action no="2" player="bobbb1" type="2" discard="1" dealt="1" sum="20"/>
</round>
<round no="1"><cards type="Pocket" player="Sp1nX">X X</cards>
<cards type="Pocket" player="bobbb1">X X</cards>
<cards type="Pocket" player="oreiasccp">D4 H9</cards>
<action no="3" player="oreiasccp" type="0" sum="0"/>
<action no="4" player="Sp1nX" type="23" discard="1" dealt="1" sum="50"/>
<action no="5" player="bobbb1" type="0" discard="1" dealt="1" sum="0"/>
</round>
</game>
<game gamecode="11514764503"><general><startdate>2025-06-16 06:43:52</startdate>
<round>1</round>
<failsafecounter/>
<players><player seat="6" name="oreiasccp" chips="489" dealer="0" win="0" bet="175" muck="1" rebuy="0" addon="0" merge="0" rebuychips="0" reg_code="8384816377"/>
<player seat="10" name="Sp1nX" chips="501" dealer="1" win="370" bet="175" muck="0" rebuy="0" addon="0" merge="0" rebuychips="0" reg_code="8384816378"/>
<player seat="3" name="bobbb1" chips="510" dealer="0" win="0" bet="20" muck="1" rebuy="0" addon="0" merge="0" rebuychips="0" reg_code="8384816375"/>
</players>
</general>
<round no="0"><action no="1" player="bobbb1" type="15" discard="1" dealt="1" sum="5"/>
<action no="2" player="oreiasccp" type="15" sum="5"/>
<action no="3" player="Sp1nX" type="15" discard="1" dealt="1" sum="5"/>
<action no="4" player="bobbb1" type="1" discard="1" dealt="1" sum="15"/>
<action no="5" player="oreiasccp" type="2" sum="30"/>
</round>
<round no="1"><cards type="Pocket" player="oreiasccp">H9 C10</cards>
<cards type="Pocket" player="Sp1nX">HQ S10</cards>
<cards type="Pocket" player="bobbb1">X X</cards>
<action no="6" player="Sp1nX" type="23" discard="1" dealt="1" sum="60"/>
<action no="7" player="bobbb1" type="0" discard="1" dealt="1" sum="0"/>
<action no="8" player="oreiasccp" type="3" sum="30"/>
</round>
<round no="2"><cards type="Flop">H7 H4 S3</cards>
<action no="9" player="oreiasccp" type="4" sum="0"/>
<action no="10" player="Sp1nX" type="4" discard="1" dealt="1" sum="0"/>
</round>
<round no="3"><cards type="Turn">C8</cards>
<action no="11" player="oreiasccp" type="5" sum="110"/>
<action no="12" player="Sp1nX" type="3" discard="1" dealt="1" sum="110"/>
</round>
<round no="4"><cards type="River">S7</cards>
<action no="13" player="oreiasccp" type="4" sum="0"/>
<action no="14" player="Sp1nX" type="4" discard="1" dealt="1" sum="0"/>
</round>
</game>
<game gamecode="11514764568"><general><startdate>2025-06-16 06:44:18</startdate>
<round>1</round>
<failsafecounter/>
<players><player seat="10" name="Sp1nX" chips="696" dealer="0" win="45" bet="35" muck="1" rebuy="0" addon="0" merge="0" rebuychips="0" reg_code="8384816378"/>
<player seat="3" name="bobbb1" chips="490" dealer="1" win="0" bet="5" muck="1" rebuy="0" addon="0" merge="0" rebuychips="0" reg_code="8384816375"/>
<player seat="6" name="oreiasccp" chips="314" dealer="0" win="0" bet="20" muck="1" rebuy="0" addon="0" merge="0" rebuychips="0" reg_code="8384816377"/>
</players>
</general>
<round no="0"><action no="1" player="oreiasccp" type="15" sum="5"/>
<action no="2" player="Sp1nX" type="15" discard="1" dealt="1" sum="5"/>
<action no="3" player="bobbb1" type="15" discard="1" dealt="1" sum="5"/>
<action no="4" player="oreiasccp" type="1" sum="15"/>
<action no="5" player="Sp1nX" type="2" discard="1" dealt="1" sum="30"/>
</round>
<round no="1"><cards type="Pocket" player="Sp1nX">X X</cards>
<cards type="Pocket" player="oreiasccp">H4 DQ</cards>
<cards type="Pocket" player="bobbb1">X X</cards>
<action no="6" player="bobbb1" type="0" discard="1" dealt="1" sum="0"/>
<action no="7" player="oreiasccp" type="0" sum="0"/>
</round>
</game>
<game gamecode="11514764594"><general><startdate>2025-06-16 06:44:26</startdate>
<round>1</round>
<failsafecounter/>
<players><player seat="3" name="bobbb1" chips="485" dealer="0" win="45" bet="35" muck="1" rebuy="0" addon="0" merge="0" rebuychips="0" reg_code="8384816375"/>
<player seat="6" name="oreiasccp" chips="294" dealer="1" win="0" bet="5" muck="1" rebuy="0" addon="0" merge="0" rebuychips="0" reg_code="8384816377"/>
<player seat="10" name="Sp1nX" chips="721" dealer="0" win="0" bet="20" muck="1" rebuy="0" addon="0" merge="0" rebuychips="0" reg_code="8384816378"/>
</players>
</general>
<round no="0"><action no="1" player="Sp1nX" type="15" discard="1" dealt="1" sum="5"/>
<action no="2" player="bobbb1" type="15" discard="1" dealt="1" sum="5"/>
<action no="3" player="oreiasccp" type="15" sum="5"/>
<action no="4" player="Sp1nX" type="1" discard="1" dealt="1" sum="15"/>
<action no="5" player="bobbb1" type="2" discard="1" dealt="1" sum="30"/>
</round>
<round no="1"><cards type="Pocket" player="Sp1nX">X X</cards>
<cards type="Pocket" player="oreiasccp">S2 C4</cards>
<cards type="Pocket" player="bobbb1">X X</cards>
<action no="6" player="oreiasccp" type="0" sum="0"/>
<action no="7" player="Sp1nX" type="0" discard="1" dealt="1" sum="0"/>
</round>
</game>
<game gamecode="11514764607"><general><startdate>2025-06-16 06:44:33</startdate>
<round>1</round>
<failsafecounter/>
<players><player seat="6" name="oreiasccp" chips="289" dealer="0" win="45" bet="35" muck="1" rebuy="0" addon="0" merge="0" rebuychips="0" reg_code="8384816377"/>
<player seat="10" name="Sp1nX" chips="701" dealer="1" win="0" bet="5" muck="1" rebuy="0" addon="0" merge="0" rebuychips="0" reg_code="8384816378"/>
<player seat="3" name="bobbb1" chips="510" dealer="0" win="0" bet="20" muck="1" rebuy="0" addon="0" merge="0" rebuychips="0" reg_code="8384816375"/>
</players>
</general>
<round no="0"><action no="1" player="bobbb1" type="15" discard="1" dealt="1" sum="5"/>
<action no="2" player="oreiasccp" type="15" sum="5"/>
<action no="3" player="Sp1nX" type="15" discard="1" dealt="1" sum="5"/>
<action no="4" player="bobbb1" type="1" discard="1" dealt="1" sum="15"/>
<action no="5" player="oreiasccp" type="2" sum="30"/>
</round>
<round no="1"><cards type="Pocket" player="bobbb1">X X</cards>
<cards type="Pocket" player="Sp1nX">X X</cards>
<cards type="Pocket" player="oreiasccp">H7 C3</cards>
<action no="6" player="Sp1nX" type="0" discard="1" dealt="1" sum="0"/>
<action no="7" player="bobbb1" type="0" discard="1" dealt="1" sum="0"/>
</round>
</game>
<game gamecode="11514764633"><general><startdate>2025-06-16 06:44:43</startdate>
<round>1</round>
<failsafecounter/>
<players><player seat="10" name="Sp1nX" chips="696" dealer="0" win="0" bet="35" muck="1" rebuy="0" addon="0" merge="0" rebuychips="0" reg_code="8384816378"/>
<player seat="3" name="bobbb1" chips="490" dealer="1" win="0" bet="5" muck="1" rebuy="0" addon="0" merge="0" rebuychips="0" reg_code="8384816375"/>
<player seat="6" name="oreiasccp" chips="314" dealer="0" win="75" bet="314" muck="1" rebuy="0" addon="0" merge="0" rebuychips="0" reg_code="8384816377"/>
</players>
</general>
<round no="0"><action no="1" player="oreiasccp" type="15" sum="5"/>
<action no="2" player="Sp1nX" type="15" discard="1" dealt="1" sum="5"/>
<action no="3" player="bobbb1" type="15" discard="1" dealt="1" sum="5"/>
<action no="4" player="oreiasccp" type="1" sum="15"/>
<action no="5" player="Sp1nX" type="2" discard="1" dealt="1" sum="30"/>
</round>
<round no="1"><cards type="Pocket" player="oreiasccp">CA HK</cards>
<cards type="Pocket" player="Sp1nX">X X</cards>
<cards type="Pocket" player="bobbb1">X X</cards>
<action no="6" player="bobbb1" type="0" discard="1" dealt="1" sum="0"/>
<action no="7" player="oreiasccp" type="23" sum="309"/>
<action no="8" player="Sp1nX" type="0" discard="1" dealt="1" sum="0"/>
</round>
</game>
<game gamecode="11514764662"><general><startdate>2025-06-16 06:44:53</startdate>
<round>1</round>
<failsafecounter/>
<players><player seat="3" name="bobbb1" chips="485" dealer="0" win="45" bet="35" muck="1" rebuy="0" addon="0" merge="0" rebuychips="0" reg_code="8384816375"/>
<player seat="6" name="oreiasccp" chips="354" dealer="1" win="0" bet="5" muck="1" rebuy="0" addon="0" merge="0" rebuychips="0" reg_code="8384816377"/>
<player seat="10" name="Sp1nX" chips="661" dealer="0" win="0" bet="20" muck="1" rebuy="0" addon="0" merge="0" rebuychips="0" reg_code="8384816378"/>
</players>
</general>
<round no="0"><action no="1" player="Sp1nX" type="15" discard="1" dealt="1" sum="5"/>
<action no="2" player="bobbb1" type="15" discard="1" dealt="1" sum="5"/>
<action no="3" player="oreiasccp" type="15" sum="5"/>
<action no="4" player="Sp1nX" type="1" discard="1" dealt="1" sum="15"/>
<action no="5" player="bobbb1" type="2" discard="1" dealt="1" sum="30"/>
</round>
<round no="1"><cards type="Pocket" player="oreiasccp">H9 C6</cards>
<cards type="Pocket" player="Sp1nX">X X</cards>
<cards type="Pocket" player="bobbb1">X X</cards>
<action no="6" player="oreiasccp" type="0" sum="0"/>
<action no="7" player="Sp1nX" type="0" discard="1" dealt="1" sum="0"/>
</round>
</game>
<game gamecode="11514764675"><general><startdate>2025-06-16 06:45:00</startdate>
<round>1</round>
<failsafecounter/>
<players><player seat="6" name="oreiasccp" chips="349" dealer="0" win="0" bet="35" muck="1" rebuy="0" addon="0" merge="0" rebuychips="0" reg_code="8384816377"/>
<player seat="10" name="Sp1nX" chips="641" dealer="1" win="0" bet="5" muck="1" rebuy="0" addon="0" merge="0" rebuychips="0" reg_code="8384816378"/>
<player seat="3" name="bobbb1" chips="510" dealer="0" win="75" bet="510" muck="1" rebuy="0" addon="0" merge="0" rebuychips="0" reg_code="8384816375"/>
</players>
</general>
<round no="0"><action no="1" player="bobbb1" type="15" discard="1" dealt="1" sum="5"/>
<action no="2" player="oreiasccp" type="15" sum="5"/>
<action no="3" player="Sp1nX" type="15" discard="1" dealt="1" sum="5"/>
<action no="4" player="bobbb1" type="1" discard="1" dealt="1" sum="15"/>
<action no="5" player="oreiasccp" type="2" sum="30"/>
</round>
<round no="1"><cards type="Pocket" player="bobbb1">X X</cards>
<cards type="Pocket" player="Sp1nX">X X</cards>
<cards type="Pocket" player="oreiasccp">H4 CJ</cards>
<action no="6" player="Sp1nX" type="0" discard="1" dealt="1" sum="0"/>
<action no="7" player="bobbb1" type="23" discard="1" dealt="1" sum="505"/>
<action no="8" player="oreiasccp" type="0" sum="0"/>
</round>
</game>
<game gamecode="11514764711"><general><startdate>2025-06-16 06:45:12</startdate>
<round>1</round>
<failsafecounter/>
<players><player seat="10" name="Sp1nX" chips="636" dealer="0" win="45" bet="35" muck="1" rebuy="0" addon="0" merge="0" rebuychips="0" reg_code="8384816378"/>
<player seat="3" name="bobbb1" chips="550" dealer="1" win="0" bet="5" muck="1" rebuy="0" addon="0" merge="0" rebuychips="0" reg_code="8384816375"/>
<player seat="6" name="oreiasccp" chips="314" dealer="0" win="0" bet="20" muck="1" rebuy="0" addon="0" merge="0" rebuychips="0" reg_code="8384816377"/>
</players>
</general>
<round no="0"><action no="1" player="oreiasccp" type="15" sum="5"/>
<action no="2" player="Sp1nX" type="15" discard="1" dealt="1" sum="5"/>
<action no="3" player="bobbb1" type="15" discard="1" dealt="1" sum="5"/>
<action no="4" player="oreiasccp" type="1" sum="15"/>
<action no="5" player="Sp1nX" type="2" discard="1" dealt="1" sum="30"/>
</round>
<round no="1"><cards type="Pocket" player="oreiasccp">C4 D3</cards>
<cards type="Pocket" player="Sp1nX">X X</cards>
<cards type="Pocket" player="bobbb1">X X</cards>
<action no="6" player="bobbb1" type="0" discard="1" dealt="1" sum="0"/>
<action no="7" player="oreiasccp" type="0" sum="0"/>
</round>
</game>
<game gamecode="11514764735"><general><startdate>2025-06-16 06:45:20</startdate>
<round>1</round>
<failsafecounter/>
<players><player seat="3" name="bobbb1" chips="545" dealer="0" win="0" bet="35" muck="1" rebuy="0" addon="0" merge="0" rebuychips="0" reg_code="8384816375"/>
<player seat="6" name="oreiasccp" chips="294" dealer="1" win="90" bet="294" muck="1" rebuy="0" addon="0" merge="0" rebuychips="0" reg_code="8384816377"/>
<player seat="10" name="Sp1nX" chips="661" dealer="0" win="0" bet="20" muck="1" rebuy="0" addon="0" merge="0" rebuychips="0" reg_code="8384816378"/>
</players>
</general>
<round no="0"><action no="1" player="Sp1nX" type="15" discard="1" dealt="1" sum="5"/>
<action no="2" player="bobbb1" type="15" discard="1" dealt="1" sum="5"/>
<action no="3" player="oreiasccp" type="15" sum="5"/>
<action no="4" player="Sp1nX" type="1" discard="1" dealt="1" sum="15"/>
<action no="5" player="bobbb1" type="2" discard="1" dealt="1" sum="30"/>
</round>
<round no="1"><cards type="Pocket" player="bobbb1">X X</cards>
<cards type="Pocket" player="Sp1nX">X X</cards>
<cards type="Pocket" player="oreiasccp">D5 S5</cards>
<action no="6" player="oreiasccp" type="23" sum="289"/>
<action no="7" player="Sp1nX" type="0" discard="1" dealt="1" sum="0"/>
<action no="8" player="bobbb1" type="0" discard="1" dealt="1" sum="0"/>
</round>
</game>
<game gamecode="11514764764"><general><startdate>2025-06-16 06:45:30</startdate>
<round>1</round>
<failsafecounter/>
<players><player seat="6" name="oreiasccp" chips="349" dealer="0" win="0" bet="35" muck="1" rebuy="0" addon="0" merge="0" rebuychips="0" reg_code="8384816377"/>
<player seat="10" name="Sp1nX" chips="641" dealer="1" win="90" bet="65" muck="1" rebuy="0" addon="0" merge="0" rebuychips="0" reg_code="8384816378"/>
<player seat="3" name="bobbb1" chips="510" dealer="0" win="0" bet="20" muck="1" rebuy="0" addon="0" merge="0" rebuychips="0" reg_code="8384816375"/>
</players>
</general>
<round no="0"><action no="1" player="bobbb1" type="15" discard="1" dealt="1" sum="5"/>
<action no="2" player="oreiasccp" type="15" sum="5"/>
<action no="3" player="Sp1nX" type="15" discard="1" dealt="1" sum="5"/>
<action no="4" player="bobbb1" type="1" discard="1" dealt="1" sum="15"/>
<action no="5" player="oreiasccp" type="2" sum="30"/>
</round>
<round no="1"><cards type="Pocket" player="bobbb1">X X</cards>
<cards type="Pocket" player="Sp1nX">X X</cards>
<cards type="Pocket" player="oreiasccp">S4 D3</cards>
<action no="6" player="Sp1nX" type="23" discard="1" dealt="1" sum="60"/>
<action no="7" player="bobbb1" type="0" discard="1" dealt="1" sum="0"/>
<action no="8" player="oreiasccp" type="0" sum="0"/>
</round>
</game>
<game gamecode="11514764781"><general><startdate>2025-06-16 06:45:39</startdate>
<round>1</round>
<failsafecounter/>
<players><player seat="10" name="Sp1nX" chips="696" dealer="0" win="633" bet="314" muck="0" rebuy="0" addon="0" merge="0" rebuychips="0" reg_code="8384816378"/>
<player seat="3" name="bobbb1" chips="490" dealer="1" win="0" bet="5" muck="1" rebuy="0" addon="0" merge="0" rebuychips="0" reg_code="8384816375"/>
<player seat="6" name="oreiasccp" chips="314" dealer="0" win="0" bet="314" muck="0" rebuy="0" addon="0" merge="0" rebuychips="0" reg_code="8384816377"/>
</players>
</general>
<round no="0"><action no="1" player="oreiasccp" type="15" sum="5"/>
<action no="2" player="Sp1nX" type="15" discard="1" dealt="1" sum="5"/>
<action no="3" player="bobbb1" type="15" discard="1" dealt="1" sum="5"/>
<action no="4" player="oreiasccp" type="1" sum="15"/>
<action no="5" player="Sp1nX" type="2" discard="1" dealt="1" sum="30"/>
</round>
<round no="1"><cards type="Pocket" player="bobbb1">X X</cards>
<cards type="Pocket" player="oreiasccp">CJ D8</cards>
<cards type="Pocket" player="Sp1nX">C9 DA</cards>
<action no="6" player="bobbb1" type="0" discard="1" dealt="1" sum="0"/>
<action no="7" player="oreiasccp" type="23" sum="309"/>
<action no="8" player="Sp1nX" type="3" discard="1" dealt="1" sum="279"/>
</round>
<round no="2"><cards type="Flop">D9 C8 SK</cards>
</round>
<round no="3"><cards type="Turn">SA</cards>
</round>
<round no="4"><cards type="River">DQ</cards>
</round>
</game>
</session>
