<?xml version="1.0" encoding="UTF-8"?>
<session sessioncode="8384848189">
<general>
<client_version>24.7.1.16</client_version>
<mode>real</mode>
<gametype>Holdem NL</gametype>
<tablename>Twister €5 SNG, 1127565734</tablename>
<tournamentcode>1127565733</tournamentcode>
<tournamentname>Twister €5 SNG</tournamentname>
<buyin>€0 + €0.35 + €4.65</buyin>
<totalbuyin>€5</totalbuyin>
<rewarddrawn>€25</rewarddrawn>
<tournamentcurrency>EUR</tournamentcurrency>
<currency>EUR</currency>
<nickname>oreiasccp</nickname>
<gamecount>21</gamecount>
<startdate>2025-06-16 09:41:41</startdate>
<place>2</place>
<win>€0</win>
<tablesize>3</tablesize>
</general>
<game gamecode="11514866074"><general><startdate>2025-06-16 09:41:56</startdate>
<round>1</round>
<failsafecounter/>
<players><player seat="3" name="knightoasis6" chips="500" dealer="0" win="0" bet="20" muck="1" rebuy="0" addon="0" merge="0" rebuychips="0" reg_code="8384848183"/>
<player seat="6" name="oreiasccp" chips="500" dealer="1" win="0" bet="0" muck="1" rebuy="0" addon="0" merge="0" rebuychips="0" reg_code="8384848189"/>
<player seat="10" name="kirilcho17" chips="500" dealer="0" win="40" bet="60" muck="1" rebuy="0" addon="0" merge="0" rebuychips="0" reg_code="8384848210"/>
</players>
</general>
<round no="0"><action no="1" player="kirilcho17" type="1" discard="1" dealt="1" sum="10"/>
<action no="2" player="knightoasis6" type="2" discard="1" dealt="1" sum="20"/>
</round>
<round no="1"><cards type="Pocket" player="knightoasis6">X X</cards>
<cards type="Pocket" player="oreiasccp">C10 S2</cards>
<cards type="Pocket" player="kirilcho17">X X</cards>
<action no="3" player="oreiasccp" type="0" sum="0"/>
<action no="4" player="kirilcho17" type="23" discard="1" dealt="1" sum="60"/>
<action no="5" player="knightoasis6" type="0" discard="1" dealt="1" sum="0"/>
</round>
</game>
<game gamecode="11514866112"><general><startdate>2025-06-16 09:42:07</startdate>
<round>1</round>
<failsafecounter/>
<players><player seat="6" name="oreiasccp" chips="500" dealer="0" win="0" bet="20" muck="1" rebuy="0" addon="0" merge="0" rebuychips="0" reg_code="8384848189"/>
<player seat="10" name="kirilcho17" chips="520" dealer="1" win="50" bet="70" muck="1" rebuy="0" addon="0" merge="0" rebuychips="0" reg_code="8384848210"/>
<player seat="3" name="knightoasis6" chips="480" dealer="0" win="0" bet="10" muck="1" rebuy="0" addon="0" merge="0" rebuychips="0" reg_code="8384848183"/>
</players>
</general>
<round no="0"><action no="1" player="knightoasis6" type="1" discard="1" dealt="1" sum="10"/>
<action no="2" player="oreiasccp" type="2" sum="20"/>
</round>
<round no="1"><cards type="Pocket" player="oreiasccp">H5 S9</cards>
<cards type="Pocket" player="kirilcho17">X X</cards>
<cards type="Pocket" player="knightoasis6">X X</cards>
<action no="3" player="kirilcho17" type="3" discard="1" dealt="1" sum="20"/>
<action no="4" player="knightoasis6" type="0" discard="1" dealt="1" sum="0"/>
<action no="5" player="oreiasccp" type="4" sum="0"/>
</round>
<round no="2"><cards type="Flop">HK SK H7</cards>
<action no="6" player="oreiasccp" type="4" sum="0"/>
<action no="7" player="kirilcho17" type="5" discard="1" dealt="1" sum="50"/>
<action no="8" player="oreiasccp" type="0" sum="0"/>
</round>
</game>
<game gamecode="11514866163"><general><startdate>2025-06-16 09:42:23</startdate>
<round>1</round>
<failsafecounter/>
<players><player seat="10" name="kirilcho17" chips="550" dealer="0" win="0" bet="40" muck="1" rebuy="0" addon="0" merge="0" rebuychips="0" reg_code="8384848210"/>
<player seat="3" name="knightoasis6" chips="470" dealer="1" win="0" bet="0" muck="1" rebuy="0" addon="0" merge="0" rebuychips="0" reg_code="8384848183"/>
<player seat="6" name="oreiasccp" chips="480" dealer="0" win="80" bet="60" muck="1" rebuy="0" addon="0" merge="0" rebuychips="0" reg_code="8384848189"/>
</players>
</general>
<round no="0"><action no="1" player="oreiasccp" type="1" sum="10"/>
<action no="2" player="kirilcho17" type="2" discard="1" dealt="1" sum="20"/>
</round>
<round no="1"><cards type="Pocket" player="oreiasccp">S2 SK</cards>
<cards type="Pocket" player="kirilcho17">X X</cards>
<cards type="Pocket" player="knightoasis6">X X</cards>
<action no="3" player="knightoasis6" type="0" discard="1" dealt="1" sum="0"/>
<action no="4" player="oreiasccp" type="23" sum="40"/>
<action no="5" player="kirilcho17" type="3" discard="1" dealt="1" sum="20"/>
</round>
<round no="2"><cards type="Flop">C3 HK DJ</cards>
<action no="6" player="oreiasccp" type="5" sum="20"/>
<action no="7" player="kirilcho17" type="0" discard="1" dealt="1" sum="0"/>
</round>
</game>
<game gamecode="11514866224"><general><startdate>2025-06-16 09:42:42</startdate>
<round>1</round>
<failsafecounter/>
<players><player seat="3" name="knightoasis6" chips="470" dealer="0" win="360" bet="470" muck="1" rebuy="0" addon="0" merge="0" rebuychips="0" reg_code="8384848183"/>
<player seat="6" name="oreiasccp" chips="520" dealer="1" win="0" bet="0" muck="1" rebuy="0" addon="0" merge="0" rebuychips="0" reg_code="8384848189"/>
<player seat="10" name="kirilcho17" chips="510" dealer="0" win="0" bet="180" muck="1" rebuy="0" addon="0" merge="0" rebuychips="0" reg_code="8384848210"/>
</players>
</general>
<round no="0"><action no="1" player="kirilcho17" type="1" discard="1" dealt="1" sum="10"/>
<action no="2" player="knightoasis6" type="2" discard="1" dealt="1" sum="20"/>
</round>
<round no="1"><cards type="Pocket" player="knightoasis6">X X</cards>
<cards type="Pocket" player="kirilcho17">X X</cards>
<cards type="Pocket" player="oreiasccp">D8 H2</cards>
<action no="3" player="oreiasccp" type="0" sum="0"/>
<action no="4" player="kirilcho17" type="23" discard="1" dealt="1" sum="60"/>
<action no="5" player="knightoasis6" type="3" discard="1" dealt="1" sum="40"/>
</round>
<round no="2"><cards type="Flop">S6 H3 CJ</cards>
<action no="6" player="kirilcho17" type="5" discard="1" dealt="1" sum="120"/>
<action no="7" player="knightoasis6" type="23" discard="1" dealt="1" sum="410"/>
<action no="8" player="kirilcho17" type="0" discard="1" dealt="1" sum="0"/>
</round>
</game>
<game gamecode="11514866280"><general><startdate>2025-06-16 09:43:00</startdate>
<round>1</round>
<failsafecounter/>
<players><player seat="6" name="oreiasccp" chips="520" dealer="0" win="20" bet="20" muck="1" rebuy="0" addon="0" merge="0" rebuychips="0" reg_code="8384848189"/>
<player seat="10" name="kirilcho17" chips="330" dealer="1" win="0" bet="0" muck="1" rebuy="0" addon="0" merge="0" rebuychips="0" reg_code="8384848210"/>
<player seat="3" name="knightoasis6" chips="650" dealer="0" win="0" bet="10" muck="1" rebuy="0" addon="0" merge="0" rebuychips="0" reg_code="8384848183"/>
</players>
</general>
<round no="0"><action no="1" player="knightoasis6" type="1" discard="1" dealt="1" sum="10"/>
<action no="2" player="oreiasccp" type="2" sum="20"/>
</round>
<round no="1"><cards type="Pocket" player="knightoasis6">X X</cards>
<cards type="Pocket" player="oreiasccp">SQ H5</cards>
<cards type="Pocket" player="kirilcho17">X X</cards>
<action no="3" player="kirilcho17" type="0" discard="1" dealt="1" sum="0"/>
<action no="4" player="knightoasis6" type="0" discard="1" dealt="1" sum="0"/>
</round>
</game>
<game gamecode="11514866301"><general><startdate>2025-06-16 09:43:08</startdate>
<round>1</round>
<failsafecounter/>
<players><player seat="10" name="kirilcho17" chips="330" dealer="0" win="80" bet="330" muck="1" rebuy="0" addon="0" merge="0" rebuychips="0" reg_code="8384848210"/>
<player seat="3" name="knightoasis6" chips="640" dealer="1" win="0" bet="0" muck="1" rebuy="0" addon="0" merge="0" rebuychips="0" reg_code="8384848183"/>
<player seat="6" name="oreiasccp" chips="530" dealer="0" win="0" bet="40" muck="1" rebuy="0" addon="0" merge="0" rebuychips="0" reg_code="8384848189"/>
</players>
</general>
<round no="0"><action no="1" player="oreiasccp" type="1" sum="10"/>
<action no="2" player="kirilcho17" type="2" discard="1" dealt="1" sum="20"/>
</round>
<round no="1"><cards type="Pocket" player="oreiasccp">D5 D10</cards>
<cards type="Pocket" player="knightoasis6">X X</cards>
<cards type="Pocket" player="kirilcho17">X X</cards>
<action no="3" player="knightoasis6" type="0" discard="1" dealt="1" sum="0"/>
<action no="4" player="oreiasccp" type="23" sum="40"/>
<action no="5" player="kirilcho17" type="23" discard="1" dealt="1" sum="330"/>
<action no="6" player="oreiasccp" type="0" sum="0"/>
</round>
</game>
<game gamecode="11514866354"><general><startdate>2025-06-16 09:43:21</startdate>
<round>1</round>
<failsafecounter/>
<players><player seat="3" name="knightoasis6" chips="640" dealer="0" win="740" bet="640" muck="0" rebuy="0" addon="0" merge="0" rebuychips="0" reg_code="8384848183"/>
<player seat="6" name="oreiasccp" chips="490" dealer="1" win="0" bet="0" muck="1" rebuy="0" addon="0" merge="0" rebuychips="0" reg_code="8384848189"/>
<player seat="10" name="kirilcho17" chips="370" dealer="0" win="0" bet="370" muck="1" rebuy="0" addon="0" merge="0" rebuychips="0" reg_code="8384848210"/>
</players>
</general>
<round no="0"><action no="1" player="kirilcho17" type="1" discard="1" dealt="1" sum="10"/>
<action no="2" player="knightoasis6" type="2" discard="1" dealt="1" sum="20"/>
</round>
<round no="1"><cards type="Pocket" player="oreiasccp">S9 D3</cards>
<cards type="Pocket" player="kirilcho17">CJ SQ</cards>
<cards type="Pocket" player="knightoasis6">C8 DA</cards>
<action no="3" player="oreiasccp" type="0" sum="0"/>
<action no="4" player="kirilcho17" type="3" discard="1" dealt="1" sum="10"/>
<action no="5" player="knightoasis6" type="23" discard="1" dealt="1" sum="640"/>
<action no="6" player="kirilcho17" type="7" discard="1" dealt="1" sum="350"/>
</round>
<round no="2"><cards type="Flop">S2 H7 HA</cards>
</round>
<round no="3"><cards type="Turn">DQ</cards>
</round>
<round no="4"><cards type="River">H3</cards>
</round>
</game>
<game gamecode="11514866405"><general><startdate>2025-06-16 09:43:42</startdate>
<round>1</round>
<failsafecounter/>
<players><player seat="6" name="oreiasccp" chips="490" dealer="0" win="0" bet="20" muck="1" rebuy="0" addon="0" merge="0" rebuychips="0" reg_code="8384848189"/>
<player seat="3" name="knightoasis6" chips="1,010" dealer="1" win="40" bet="1,010" muck="1" rebuy="0" addon="0" merge="0" rebuychips="0" reg_code="8384848183"/>
</players>
</general>
<round no="0"><action no="1" player="knightoasis6" type="1" discard="1" dealt="1" sum="10"/>
<action no="2" player="oreiasccp" type="2" sum="20"/>
</round>
<round no="1"><cards type="Pocket" player="oreiasccp">S8 H3</cards>
<cards type="Pocket" player="knightoasis6">X X</cards>
<action no="3" player="knightoasis6" type="23" discard="1" dealt="1" sum="1,010"/>
<action no="4" player="oreiasccp" type="0" sum="0"/>
</round>
</game>
<game gamecode="11514866448"><general><startdate>2025-06-16 09:43:57</startdate>
<round>1</round>
<failsafecounter/>
<players><player seat="3" name="knightoasis6" chips="1,030" dealer="0" win="70" bet="1,030" muck="1" rebuy="0" addon="0" merge="0" rebuychips="0" reg_code="8384848183"/>
<player seat="6" name="oreiasccp" chips="470" dealer="1" win="0" bet="35" muck="1" rebuy="0" addon="0" merge="0" rebuychips="0" reg_code="8384848189"/>
</players>
</general>
<round no="0"><action no="1" player="oreiasccp" type="15" sum="5"/>
<action no="2" player="knightoasis6" type="15" discard="1" dealt="1" sum="5"/>
<action no="3" player="oreiasccp" type="1" sum="15"/>
<action no="4" player="knightoasis6" type="2" discard="1" dealt="1" sum="30"/>
</round>
<round no="1"><cards type="Pocket" player="knightoasis6">X X</cards>
<cards type="Pocket" player="oreiasccp">S7 H9</cards>
<action no="5" player="oreiasccp" type="3" sum="15"/>
<action no="6" player="knightoasis6" type="23" discard="1" dealt="1" sum="1,025"/>
<action no="7" player="oreiasccp" type="0" sum="0"/>
</round>
</game>
<game gamecode="11514866484"><general><startdate>2025-06-16 09:44:09</startdate>
<round>1</round>
<failsafecounter/>
<players><player seat="6" name="oreiasccp" chips="435" dealer="0" win="0" bet="35" muck="1" rebuy="0" addon="0" merge="0" rebuychips="0" reg_code="8384848189"/>
<player seat="3" name="knightoasis6" chips="1,065" dealer="1" win="70" bet="1,065" muck="1" rebuy="0" addon="0" merge="0" rebuychips="0" reg_code="8384848183"/>
</players>
</general>
<round no="0"><action no="1" player="knightoasis6" type="15" discard="1" dealt="1" sum="5"/>
<action no="2" player="oreiasccp" type="15" sum="5"/>
<action no="3" player="knightoasis6" type="1" discard="1" dealt="1" sum="15"/>
<action no="4" player="oreiasccp" type="2" sum="30"/>
</round>
<round no="1"><cards type="Pocket" player="oreiasccp">D10 S6</cards>
<cards type="Pocket" player="knightoasis6">X X</cards>
<action no="5" player="knightoasis6" type="23" discard="1" dealt="1" sum="1,060"/>
<action no="6" player="oreiasccp" type="0" sum="0"/>
</round>
</game>
<game gamecode="11514866516"><general><startdate>2025-06-16 09:44:22</startdate>
<round>1</round>
<failsafecounter/>
<players><player seat="3" name="knightoasis6" chips="1,100" dealer="0" win="210" bet="210" muck="1" rebuy="0" addon="0" merge="0" rebuychips="0" reg_code="8384848183"/>
<player seat="6" name="oreiasccp" chips="400" dealer="1" win="0" bet="105" muck="1" rebuy="0" addon="0" merge="0" rebuychips="0" reg_code="8384848189"/>
</players>
</general>
<round no="0"><action no="1" player="oreiasccp" type="15" sum="5"/>
<action no="2" player="knightoasis6" type="15" discard="1" dealt="1" sum="5"/>
<action no="3" player="oreiasccp" type="1" sum="15"/>
<action no="4" player="knightoasis6" type="2" discard="1" dealt="1" sum="30"/>
</round>
<round no="1"><cards type="Pocket" player="knightoasis6">X X</cards>
<cards type="Pocket" player="oreiasccp">SJ C4</cards>
<action no="5" player="oreiasccp" type="3" sum="15"/>
<action no="6" player="knightoasis6" type="4" discard="1" dealt="1" sum="0"/>
</round>
<round no="2"><cards type="Flop">S4 D6 S5</cards>
<action no="7" player="knightoasis6" type="5" discard="1" dealt="1" sum="70"/>
<action no="8" player="oreiasccp" type="3" sum="70"/>
</round>
<round no="3"><cards type="Turn">DA</cards>
<action no="9" player="knightoasis6" type="5" discard="1" dealt="1" sum="105"/>
<action no="10" player="oreiasccp" type="0" sum="0"/>
</round>
</game>
<game gamecode="11514866591"><general><startdate>2025-06-16 09:44:44</startdate>
<round>1</round>
<failsafecounter/>
<players><player seat="6" name="oreiasccp" chips="295" dealer="0" win="0" bet="80" muck="1" rebuy="0" addon="0" merge="0" rebuychips="0" reg_code="8384848189"/>
<player seat="3" name="knightoasis6" chips="1,205" dealer="1" win="160" bet="160" muck="1" rebuy="0" addon="0" merge="0" rebuychips="0" reg_code="8384848183"/>
</players>
</general>
<round no="0"><action no="1" player="knightoasis6" type="15" discard="1" dealt="1" sum="5"/>
<action no="2" player="oreiasccp" type="15" sum="5"/>
<action no="3" player="knightoasis6" type="1" discard="1" dealt="1" sum="15"/>
<action no="4" player="oreiasccp" type="2" sum="30"/>
</round>
<round no="1"><cards type="Pocket" player="knightoasis6">X X</cards>
<cards type="Pocket" player="oreiasccp">D3 D5</cards>
<action no="5" player="knightoasis6" type="23" discard="1" dealt="1" sum="75"/>
<action no="6" player="oreiasccp" type="3" sum="45"/>
</round>
<round no="2"><cards type="Flop">C4 C9 S4</cards>
<action no="7" player="oreiasccp" type="4" sum="0"/>
<action no="8" player="knightoasis6" type="5" discard="1" dealt="1" sum="80"/>
<action no="9" player="oreiasccp" type="0" sum="0"/>
</round>
</game>
<game gamecode="11514866642"><general><startdate>2025-06-16 09:45:00</startdate>
<round>1</round>
<failsafecounter/>
<players><player seat="3" name="knightoasis6" chips="1,285" dealer="0" win="0" bet="35" muck="1" rebuy="0" addon="0" merge="0" rebuychips="0" reg_code="8384848183"/>
<player seat="6" name="oreiasccp" chips="215" dealer="1" win="70" bet="215" muck="1" rebuy="0" addon="0" merge="0" rebuychips="0" reg_code="8384848189"/>
</players>
</general>
<round no="0"><action no="1" player="oreiasccp" type="15" sum="5"/>
<action no="2" player="knightoasis6" type="15" discard="1" dealt="1" sum="5"/>
<action no="3" player="oreiasccp" type="1" sum="15"/>
<action no="4" player="knightoasis6" type="2" discard="1" dealt="1" sum="30"/>
</round>
<round no="1"><cards type="Pocket" player="knightoasis6">X X</cards>
<cards type="Pocket" player="oreiasccp">C4 HA</cards>
<action no="5" player="oreiasccp" type="23" sum="210"/>
<action no="6" player="knightoasis6" type="0" discard="1" dealt="1" sum="0"/>
</round>
</game>
<game gamecode="11514866691"><general><startdate>2025-06-16 09:45:15</startdate>
<round>1</round>
<failsafecounter/>
<players><player seat="6" name="oreiasccp" chips="250" dealer="0" win="0" bet="35" muck="1" rebuy="0" addon="0" merge="0" rebuychips="0" reg_code="8384848189"/>
<player seat="3" name="knightoasis6" chips="1,250" dealer="1" win="70" bet="125" muck="1" rebuy="0" addon="0" merge="0" rebuychips="0" reg_code="8384848183"/>
</players>
</general>
<round no="0"><action no="1" player="knightoasis6" type="15" discard="1" dealt="1" sum="5"/>
<action no="2" player="oreiasccp" type="15" sum="5"/>
<action no="3" player="knightoasis6" type="1" discard="1" dealt="1" sum="15"/>
<action no="4" player="oreiasccp" type="2" sum="30"/>
</round>
<round no="1"><cards type="Pocket" player="oreiasccp">H4 D5</cards>
<cards type="Pocket" player="knightoasis6">X X</cards>
<action no="5" player="knightoasis6" type="23" discard="1" dealt="1" sum="120"/>
<action no="6" player="oreiasccp" type="0" sum="0"/>
</round>
</game>
<game gamecode="11514866727"><general><startdate>2025-06-16 09:45:25</startdate>
<round>1</round>
<failsafecounter/>
<players><player seat="3" name="knightoasis6" chips="1,285" dealer="0" win="40" bet="35" muck="1" rebuy="0" addon="0" merge="0" rebuychips="0" reg_code="8384848183"/>
<player seat="6" name="oreiasccp" chips="215" dealer="1" win="0" bet="20" muck="1" rebuy="0" addon="0" merge="0" rebuychips="0" reg_code="8384848189"/>
</players>
</general>
<round no="0"><action no="1" player="oreiasccp" type="15" sum="5"/>
<action no="2" player="knightoasis6" type="15" discard="1" dealt="1" sum="5"/>
<action no="3" player="oreiasccp" type="1" sum="15"/>
<action no="4" player="knightoasis6" type="2" discard="1" dealt="1" sum="30"/>
</round>
<round no="1"><cards type="Pocket" player="knightoasis6">X X</cards>
<cards type="Pocket" player="oreiasccp">C3 D2</cards>
<action no="5" player="oreiasccp" type="0" sum="0"/>
</round>
</game>
<game gamecode="11514866741"><general><startdate>2025-06-16 09:45:30</startdate>
<round>1</round>
<failsafecounter/>
<players><player seat="6" name="oreiasccp" chips="195" dealer="0" win="40" bet="35" muck="1" rebuy="0" addon="0" merge="0" rebuychips="0" reg_code="8384848189"/>
<player seat="3" name="knightoasis6" chips="1,305" dealer="1" win="0" bet="20" muck="1" rebuy="0" addon="0" merge="0" rebuychips="0" reg_code="8384848183"/>
</players>
</general>
<round no="0"><action no="1" player="knightoasis6" type="15" discard="1" dealt="1" sum="5"/>
<action no="2" player="oreiasccp" type="15" sum="5"/>
<action no="3" player="knightoasis6" type="1" discard="1" dealt="1" sum="15"/>
<action no="4" player="oreiasccp" type="2" sum="30"/>
</round>
<round no="1"><cards type="Pocket" player="knightoasis6">X X</cards>
<cards type="Pocket" player="oreiasccp">S6 D2</cards>
<action no="5" player="knightoasis6" type="0" discard="1" dealt="1" sum="0"/>
</round>
</game>
<game gamecode="11514866795"><general><startdate>2025-06-16 09:45:46</startdate>
<round>1</round>
<failsafecounter/>
<players><player seat="3" name="knightoasis6" chips="1,285" dealer="0" win="70" bet="125" muck="1" rebuy="0" addon="0" merge="0" rebuychips="0" reg_code="8384848183"/>
<player seat="6" name="oreiasccp" chips="215" dealer="1" win="0" bet="35" muck="1" rebuy="0" addon="0" merge="0" rebuychips="0" reg_code="8384848189"/>
</players>
</general>
<round no="0"><action no="1" player="oreiasccp" type="15" sum="5"/>
<action no="2" player="knightoasis6" type="15" discard="1" dealt="1" sum="5"/>
<action no="3" player="oreiasccp" type="1" sum="15"/>
<action no="4" player="knightoasis6" type="2" discard="1" dealt="1" sum="30"/>
</round>
<round no="1"><cards type="Pocket" player="knightoasis6">X X</cards>
<cards type="Pocket" player="oreiasccp">SJ C5</cards>
<action no="5" player="oreiasccp" type="3" sum="15"/>
<action no="6" player="knightoasis6" type="23" discard="1" dealt="1" sum="120"/>
<action no="7" player="oreiasccp" type="0" sum="0"/>
</round>
</game>
<game gamecode="11514866830"><general><startdate>2025-06-16 09:45:58</startdate>
<round>1</round>
<failsafecounter/>
<players><player seat="6" name="oreiasccp" chips="180" dealer="0" win="0" bet="45" muck="1" rebuy="0" addon="0" merge="0" rebuychips="0" reg_code="8384848189"/>
<player seat="3" name="knightoasis6" chips="1,320" dealer="1" win="90" bet="165" muck="1" rebuy="0" addon="0" merge="0" rebuychips="0" reg_code="8384848183"/>
</players>
</general>
<round no="0"><action no="1" player="knightoasis6" type="15" discard="1" dealt="1" sum="5"/>
<action no="2" player="oreiasccp" type="15" sum="5"/>
<action no="3" player="knightoasis6" type="1" discard="1" dealt="1" sum="20"/>
<action no="4" player="oreiasccp" type="2" sum="40"/>
</round>
<round no="1"><cards type="Pocket" player="knightoasis6">X X</cards>
<cards type="Pocket" player="oreiasccp">C5 C3</cards>
<action no="5" player="knightoasis6" type="23" discard="1" dealt="1" sum="160"/>
<action no="6" player="oreiasccp" type="0" sum="0"/>
</round>
</game>
<game gamecode="11514866867"><general><startdate>2025-06-16 09:46:07</startdate>
<round>1</round>
<failsafecounter/>
<players><player seat="3" name="knightoasis6" chips="1,365" dealer="0" win="0" bet="45" muck="1" rebuy="0" addon="0" merge="0" rebuychips="0" reg_code="8384848183"/>
<player seat="6" name="oreiasccp" chips="135" dealer="1" win="90" bet="135" muck="1" rebuy="0" addon="0" merge="0" rebuychips="0" reg_code="8384848189"/>
</players>
</general>
<round no="0"><action no="1" player="oreiasccp" type="15" sum="5"/>
<action no="2" player="knightoasis6" type="15" discard="1" dealt="1" sum="5"/>
<action no="3" player="oreiasccp" type="1" sum="20"/>
<action no="4" player="knightoasis6" type="2" discard="1" dealt="1" sum="40"/>
</round>
<round no="1"><cards type="Pocket" player="knightoasis6">X X</cards>
<cards type="Pocket" player="oreiasccp">S10 S5</cards>
<action no="5" player="oreiasccp" type="23" sum="130"/>
<action no="6" player="knightoasis6" type="0" discard="1" dealt="1" sum="0"/>
</round>
</game>
<game gamecode="11514866927"><general><startdate>2025-06-16 09:46:23</startdate>
<round>1</round>
<failsafecounter/>
<players><player seat="6" name="oreiasccp" chips="180" dealer="0" win="50" bet="45" muck="1" rebuy="0" addon="0" merge="0" rebuychips="0" reg_code="8384848189"/>
<player seat="3" name="knightoasis6" chips="1,320" dealer="1" win="0" bet="25" muck="1" rebuy="0" addon="0" merge="0" rebuychips="0" reg_code="8384848183"/>
</players>
</general>
<round no="0"><action no="1" player="knightoasis6" type="15" discard="1" dealt="1" sum="5"/>
<action no="2" player="oreiasccp" type="15" sum="5"/>
<action no="3" player="knightoasis6" type="1" discard="1" dealt="1" sum="20"/>
<action no="4" player="oreiasccp" type="2" sum="40"/>
</round>
<round no="1"><cards type="Pocket" player="knightoasis6">X X</cards>
<cards type="Pocket" player="oreiasccp">S10 C4</cards>
<action no="5" player="knightoasis6" type="0" discard="1" dealt="1" sum="0"/>
</round>
</game>
<game gamecode="11514870792"><general><startdate>2025-06-16 09:46:39</startdate>
<round>1</round>
<failsafecounter/>
<players><player seat="3" name="knightoasis6" chips="1,295" dealer="0" win="410" bet="205" muck="0" rebuy="0" addon="0" merge="0" rebuychips="0" reg_code="8384848183"/>
<player seat="6" name="oreiasccp" chips="205" dealer="1" win="0" bet="205" muck="0" rebuy="0" addon="0" merge="0" rebuychips="0" reg_code="8384848189"/>
</players>
</general>
<round no="0"><action no="1" player="oreiasccp" type="15" sum="5"/>
<action no="2" player="knightoasis6" type="15" discard="1" dealt="1" sum="5"/>
<action no="3" player="oreiasccp" type="1" sum="20"/>
<action no="4" player="knightoasis6" type="2" discard="1" dealt="1" sum="40"/>
</round>
<round no="1"><cards type="Pocket" player="oreiasccp">C7 DQ</cards>
<cards type="Pocket" player="knightoasis6">S2 CA</cards>
<action no="5" player="oreiasccp" type="23" sum="200"/>
<action no="6" player="knightoasis6" type="3" discard="1" dealt="1" sum="160"/>
</round>
<round no="2"><cards type="Flop">H6 C6 D4</cards>
</round>
<round no="3"><cards type="Turn">C9</cards>
</round>
<round no="4"><cards type="River">HA</cards>
</round>
</game>
</session>
