<?xml version="1.0" encoding="UTF-8"?>
<session sessioncode="8384892269">
<general>
<client_version>24.7.1.16</client_version>
<mode>real</mode>
<gametype>Holdem NL</gametype>
<tablename>Twister €5 SNG, 1127572594</tablename>
<tournamentcode>1127572593</tournamentcode>
<tournamentname>Twister €5 SNG</tournamentname>
<buyin>€0 + €0.35 + €4.65</buyin>
<totalbuyin>€5</totalbuyin>
<rewarddrawn>€10</rewarddrawn>
<tournamentcurrency>EUR</tournamentcurrency>
<currency>EUR</currency>
<nickname>oreiasccp</nickname>
<gamecount>18</gamecount>
<startdate>2025-06-16 12:09:53</startdate>
<place>3</place>
<win>€0</win>
<tablesize>3</tablesize>
</general>
<game gamecode="11514988515"><general><startdate>2025-06-16 12:10:08</startdate>
<round>1</round>
<failsafecounter/>
<players><player seat="6" name="Flismannen" chips="500" dealer="0" win="20" bet="20" muck="1" rebuy="0" addon="0" merge="0" rebuychips="0" reg_code="8384892213"/>
<player seat="10" name="oreiasccp" chips="500" dealer="1" win="0" bet="0" muck="1" rebuy="0" addon="0" merge="0" rebuychips="0" reg_code="8384892269"/>
<player seat="3" name="2easy4881" chips="500" dealer="0" win="0" bet="10" muck="1" rebuy="0" addon="0" merge="0" rebuychips="0" reg_code="8384892210"/>
</players>
</general>
<round no="0"><action no="1" player="2easy4881" type="1" discard="1" dealt="1" sum="10"/>
<action no="2" player="Flismannen" type="2" discard="1" dealt="1" sum="20"/>
</round>
<round no="1"><cards type="Pocket" player="Flismannen">X X</cards>
<cards type="Pocket" player="oreiasccp">C5 H3</cards>
<cards type="Pocket" player="2easy4881">X X</cards>
<action no="3" player="oreiasccp" type="0" sum="0"/>
<action no="4" player="2easy4881" type="0" discard="1" dealt="1" sum="0"/>
</round>
</game>
<game gamecode="11514988541"><general><startdate>2025-06-16 12:10:15</startdate>
<round>1</round>
<failsafecounter/>
<players><player seat="10" name="oreiasccp" chips="500" dealer="0" win="0" bet="20" muck="1" rebuy="0" addon="0" merge="0" rebuychips="0" reg_code="8384892269"/>
<player seat="3" name="2easy4881" chips="490" dealer="1" win="0" bet="0" muck="1" rebuy="0" addon="0" merge="0" rebuychips="0" reg_code="8384892210"/>
<player seat="6" name="Flismannen" chips="510" dealer="0" win="40" bet="40" muck="1" rebuy="0" addon="0" merge="0" rebuychips="0" reg_code="8384892213"/>
</players>
</general>
<round no="0"><action no="1" player="Flismannen" type="1" discard="1" dealt="1" sum="10"/>
<action no="2" player="oreiasccp" type="2" sum="20"/>
</round>
<round no="1"><cards type="Pocket" player="oreiasccp">C10 D3</cards>
<cards type="Pocket" player="2easy4881">X X</cards>
<cards type="Pocket" player="Flismannen">X X</cards>
<action no="3" player="2easy4881" type="0" discard="1" dealt="1" sum="0"/>
<action no="4" player="Flismannen" type="23" discard="1" dealt="1" sum="40"/>
<action no="5" player="oreiasccp" type="0" sum="0"/>
</round>
</game>
<game gamecode="11514988575"><general><startdate>2025-06-16 12:10:24</startdate>
<round>1</round>
<failsafecounter/>
<players><player seat="3" name="2easy4881" chips="490" dealer="0" win="0" bet="20" muck="1" rebuy="0" addon="0" merge="0" rebuychips="0" reg_code="8384892210"/>
<player seat="6" name="Flismannen" chips="530" dealer="1" win="50" bet="40" muck="1" rebuy="0" addon="0" merge="0" rebuychips="0" reg_code="8384892213"/>
<player seat="10" name="oreiasccp" chips="480" dealer="0" win="0" bet="10" muck="1" rebuy="0" addon="0" merge="0" rebuychips="0" reg_code="8384892269"/>
</players>
</general>
<round no="0"><action no="1" player="oreiasccp" type="1" sum="10"/>
<action no="2" player="2easy4881" type="2" discard="1" dealt="1" sum="20"/>
</round>
<round no="1"><cards type="Pocket" player="2easy4881">X X</cards>
<cards type="Pocket" player="Flismannen">X X</cards>
<cards type="Pocket" player="oreiasccp">H7 C4</cards>
<action no="3" player="Flismannen" type="23" discard="1" dealt="1" sum="40"/>
<action no="4" player="oreiasccp" type="0" sum="0"/>
<action no="5" player="2easy4881" type="0" discard="1" dealt="1" sum="0"/>
</round>
</game>
<game gamecode="11514988634"><general><startdate>2025-06-16 12:10:44</startdate>
<round>1</round>
<failsafecounter/>
<players><player seat="6" name="Flismannen" chips="560" dealer="0" win="20" bet="20" muck="1" rebuy="0" addon="0" merge="0" rebuychips="0" reg_code="8384892213"/>
<player seat="10" name="oreiasccp" chips="470" dealer="1" win="0" bet="0" muck="1" rebuy="0" addon="0" merge="0" rebuychips="0" reg_code="8384892269"/>
<player seat="3" name="2easy4881" chips="470" dealer="0" win="0" bet="10" muck="1" rebuy="0" addon="0" merge="0" rebuychips="0" reg_code="8384892210"/>
</players>
</general>
<round no="0"><action no="1" player="2easy4881" type="1" discard="1" dealt="1" sum="10"/>
<action no="2" player="Flismannen" type="2" discard="1" dealt="1" sum="20"/>
</round>
<round no="1"><cards type="Pocket" player="oreiasccp">D5 SJ</cards>
<cards type="Pocket" player="2easy4881">X X</cards>
<cards type="Pocket" player="Flismannen">X X</cards>
<action no="3" player="oreiasccp" type="0" sum="0"/>
<action no="4" player="2easy4881" type="0" discard="1" dealt="1" sum="0"/>
</round>
</game>
<game gamecode="11514988672"><general><startdate>2025-06-16 12:10:53</startdate>
<round>1</round>
<failsafecounter/>
<players><player seat="10" name="oreiasccp" chips="470" dealer="0" win="280" bet="140" muck="0" rebuy="0" addon="0" merge="0" rebuychips="0" reg_code="8384892269"/>
<player seat="3" name="2easy4881" chips="460" dealer="1" win="0" bet="0" muck="1" rebuy="0" addon="0" merge="0" rebuychips="0" reg_code="8384892210"/>
<player seat="6" name="Flismannen" chips="570" dealer="0" win="0" bet="140" muck="1" rebuy="0" addon="0" merge="0" rebuychips="0" reg_code="8384892213"/>
</players>
</general>
<round no="0"><action no="1" player="Flismannen" type="1" discard="1" dealt="1" sum="10"/>
<action no="2" player="oreiasccp" type="2" sum="20"/>
</round>
<round no="1"><cards type="Pocket" player="oreiasccp">SA H3</cards>
<cards type="Pocket" player="Flismannen">SQ CJ</cards>
<cards type="Pocket" player="2easy4881">X X</cards>
<action no="3" player="2easy4881" type="0" discard="1" dealt="1" sum="0"/>
<action no="4" player="Flismannen" type="23" discard="1" dealt="1" sum="40"/>
<action no="5" player="oreiasccp" type="3" sum="20"/>
</round>
<round no="2"><cards type="Flop">SJ CA D9</cards>
<action no="6" player="Flismannen" type="5" discard="1" dealt="1" sum="40"/>
<action no="7" player="oreiasccp" type="3" sum="40"/>
</round>
<round no="3"><cards type="Turn">D8</cards>
<action no="8" player="Flismannen" type="5" discard="1" dealt="1" sum="60"/>
<action no="9" player="oreiasccp" type="3" sum="60"/>
</round>
<round no="4"><cards type="River">DK</cards>
<action no="10" player="Flismannen" type="4" discard="1" dealt="1" sum="0"/>
<action no="11" player="oreiasccp" type="4" sum="0"/>
</round>
</game>
<game gamecode="11514988805"><general><startdate>2025-06-16 12:11:32</startdate>
<round>1</round>
<failsafecounter/>
<players><player seat="3" name="2easy4881" chips="460" dealer="0" win="80" bet="460" muck="1" rebuy="0" addon="0" merge="0" rebuychips="0" reg_code="8384892210"/>
<player seat="6" name="Flismannen" chips="430" dealer="1" win="0" bet="0" muck="1" rebuy="0" addon="0" merge="0" rebuychips="0" reg_code="8384892213"/>
<player seat="10" name="oreiasccp" chips="610" dealer="0" win="0" bet="40" muck="1" rebuy="0" addon="0" merge="0" rebuychips="0" reg_code="8384892269"/>
</players>
</general>
<round no="0"><action no="1" player="oreiasccp" type="1" sum="10"/>
<action no="2" player="2easy4881" type="2" discard="1" dealt="1" sum="20"/>
</round>
<round no="1"><cards type="Pocket" player="2easy4881">X X</cards>
<cards type="Pocket" player="oreiasccp">D5 DK</cards>
<cards type="Pocket" player="Flismannen">X X</cards>
<action no="3" player="Flismannen" type="0" discard="1" dealt="1" sum="0"/>
<action no="4" player="oreiasccp" type="23" sum="40"/>
<action no="5" player="2easy4881" type="23" discard="1" dealt="1" sum="460"/>
<action no="6" player="oreiasccp" type="0" sum="0"/>
</round>
</game>
<game gamecode="11514988856"><general><startdate>2025-06-16 12:11:47</startdate>
<round>1</round>
<failsafecounter/>
<players><player seat="6" name="Flismannen" chips="430" dealer="0" win="20" bet="20" muck="1" rebuy="0" addon="0" merge="0" rebuychips="0" reg_code="8384892213"/>
<player seat="10" name="oreiasccp" chips="570" dealer="1" win="0" bet="0" muck="1" rebuy="0" addon="0" merge="0" rebuychips="0" reg_code="8384892269"/>
<player seat="3" name="2easy4881" chips="500" dealer="0" win="0" bet="10" muck="1" rebuy="0" addon="0" merge="0" rebuychips="0" reg_code="8384892210"/>
</players>
</general>
<round no="0"><action no="1" player="2easy4881" type="1" discard="1" dealt="1" sum="10"/>
<action no="2" player="Flismannen" type="2" discard="1" dealt="1" sum="20"/>
</round>
<round no="1"><cards type="Pocket" player="Flismannen">X X</cards>
<cards type="Pocket" player="oreiasccp">D5 C6</cards>
<cards type="Pocket" player="2easy4881">X X</cards>
<action no="3" player="oreiasccp" type="0" sum="0"/>
<action no="4" player="2easy4881" type="0" discard="1" dealt="1" sum="0"/>
</round>
</game>
<game gamecode="11514988902"><general><startdate>2025-06-16 12:11:59</startdate>
<round>1</round>
<failsafecounter/>
<players><player seat="10" name="oreiasccp" chips="570" dealer="0" win="0" bet="40" muck="1" rebuy="0" addon="0" merge="0" rebuychips="0" reg_code="8384892269"/>
<player seat="3" name="2easy4881" chips="490" dealer="1" win="90" bet="60" muck="1" rebuy="0" addon="0" merge="0" rebuychips="0" reg_code="8384892210"/>
<player seat="6" name="Flismannen" chips="440" dealer="0" win="0" bet="10" muck="1" rebuy="0" addon="0" merge="0" rebuychips="0" reg_code="8384892213"/>
</players>
</general>
<round no="0"><action no="1" player="Flismannen" type="1" discard="1" dealt="1" sum="10"/>
<action no="2" player="oreiasccp" type="2" sum="20"/>
</round>
<round no="1"><cards type="Pocket" player="oreiasccp">H9 H3</cards>
<cards type="Pocket" player="Flismannen">X X</cards>
<cards type="Pocket" player="2easy4881">X X</cards>
<action no="3" player="2easy4881" type="23" discard="1" dealt="1" sum="40"/>
<action no="4" player="Flismannen" type="0" discard="1" dealt="1" sum="0"/>
<action no="5" player="oreiasccp" type="3" sum="20"/>
</round>
<round no="2"><cards type="Flop">D6 HQ S4</cards>
<action no="6" player="oreiasccp" type="4" sum="0"/>
<action no="7" player="2easy4881" type="5" discard="1" dealt="1" sum="20"/>
<action no="8" player="oreiasccp" type="0" sum="0"/>
</round>
</game>
<game gamecode="11514988983"><general><startdate>2025-06-16 12:12:24</startdate>
<round>1</round>
<failsafecounter/>
<players><player seat="3" name="2easy4881" chips="540" dealer="0" win="0" bet="65" muck="1" rebuy="0" addon="0" merge="0" rebuychips="0" reg_code="8384892210"/>
<player seat="6" name="Flismannen" chips="430" dealer="1" win="0" bet="5" muck="1" rebuy="0" addon="0" merge="0" rebuychips="0" reg_code="8384892213"/>
<player seat="10" name="oreiasccp" chips="530" dealer="0" win="135" bet="65" muck="0" rebuy="0" addon="0" merge="0" rebuychips="0" reg_code="8384892269"/>
</players>
</general>
<round no="0"><action no="1" player="oreiasccp" type="15" sum="5"/>
<action no="2" player="2easy4881" type="15" discard="1" dealt="1" sum="5"/>
<action no="3" player="Flismannen" type="15" discard="1" dealt="1" sum="5"/>
<action no="4" player="oreiasccp" type="1" sum="15"/>
<action no="5" player="2easy4881" type="2" discard="1" dealt="1" sum="30"/>
</round>
<round no="1"><cards type="Pocket" player="Flismannen">X X</cards>
<cards type="Pocket" player="2easy4881">D9 S8</cards>
<cards type="Pocket" player="oreiasccp">C7 SK</cards>
<action no="6" player="Flismannen" type="0" discard="1" dealt="1" sum="0"/>
<action no="7" player="oreiasccp" type="23" sum="60"/>
<action no="8" player="2easy4881" type="3" discard="1" dealt="1" sum="30"/>
</round>
<round no="2"><cards type="Flop">CQ S9 D10</cards>
<action no="9" player="oreiasccp" type="4" sum="0"/>
<action no="10" player="2easy4881" type="4" discard="1" dealt="1" sum="0"/>
</round>
<round no="3"><cards type="Turn">DK</cards>
<action no="11" player="oreiasccp" type="4" sum="0"/>
<action no="12" player="2easy4881" type="4" discard="1" dealt="1" sum="0"/>
</round>
<round no="4"><cards type="River">S3</cards>
<action no="13" player="oreiasccp" type="4" sum="0"/>
<action no="14" player="2easy4881" type="4" discard="1" dealt="1" sum="0"/>
</round>
</game>
<game gamecode="11514989179"><general><startdate>2025-06-16 12:13:18</startdate>
<round>1</round>
<failsafecounter/>
<players><player seat="6" name="Flismannen" chips="425" dealer="0" win="0" bet="65" muck="1" rebuy="0" addon="0" merge="0" rebuychips="0" reg_code="8384892213"/>
<player seat="10" name="oreiasccp" chips="600" dealer="1" win="0" bet="5" muck="1" rebuy="0" addon="0" merge="0" rebuychips="0" reg_code="8384892269"/>
<player seat="3" name="2easy4881" chips="475" dealer="0" win="135" bet="65" muck="0" rebuy="0" addon="0" merge="0" rebuychips="0" reg_code="8384892210"/>
</players>
</general>
<round no="0"><action no="1" player="2easy4881" type="15" discard="1" dealt="1" sum="5"/>
<action no="2" player="Flismannen" type="15" discard="1" dealt="1" sum="5"/>
<action no="3" player="oreiasccp" type="15" sum="5"/>
<action no="4" player="2easy4881" type="1" discard="1" dealt="1" sum="15"/>
<action no="5" player="Flismannen" type="2" discard="1" dealt="1" sum="30"/>
</round>
<round no="1"><cards type="Pocket" player="Flismannen">DJ S10</cards>
<cards type="Pocket" player="oreiasccp">S2 D10</cards>
<cards type="Pocket" player="2easy4881">SQ S8</cards>
<action no="6" player="oreiasccp" type="0" sum="0"/>
<action no="7" player="2easy4881" type="23" discard="1" dealt="1" sum="60"/>
<action no="8" player="Flismannen" type="3" discard="1" dealt="1" sum="30"/>
</round>
<round no="2"><cards type="Flop">C4 H5 D2</cards>
<action no="9" player="2easy4881" type="4" discard="1" dealt="1" sum="0"/>
<action no="10" player="Flismannen" type="4" discard="1" dealt="1" sum="0"/>
</round>
<round no="3"><cards type="Turn">CK</cards>
<action no="11" player="2easy4881" type="4" discard="1" dealt="1" sum="0"/>
<action no="12" player="Flismannen" type="4" discard="1" dealt="1" sum="0"/>
</round>
<round no="4"><cards type="River">H3</cards>
<action no="13" player="2easy4881" type="4" discard="1" dealt="1" sum="0"/>
<action no="14" player="Flismannen" type="4" discard="1" dealt="1" sum="0"/>
</round>
</game>
<game gamecode="11514989265"><general><startdate>2025-06-16 12:13:46</startdate>
<round>1</round>
<failsafecounter/>
<players><player seat="10" name="oreiasccp" chips="595" dealer="0" win="45" bet="35" muck="1" rebuy="0" addon="0" merge="0" rebuychips="0" reg_code="8384892269"/>
<player seat="3" name="2easy4881" chips="545" dealer="1" win="0" bet="5" muck="1" rebuy="0" addon="0" merge="0" rebuychips="0" reg_code="8384892210"/>
<player seat="6" name="Flismannen" chips="360" dealer="0" win="0" bet="20" muck="1" rebuy="0" addon="0" merge="0" rebuychips="0" reg_code="8384892213"/>
</players>
</general>
<round no="0"><action no="1" player="Flismannen" type="15" discard="1" dealt="1" sum="5"/>
<action no="2" player="oreiasccp" type="15" sum="5"/>
<action no="3" player="2easy4881" type="15" discard="1" dealt="1" sum="5"/>
<action no="4" player="Flismannen" type="1" discard="1" dealt="1" sum="15"/>
<action no="5" player="oreiasccp" type="2" sum="30"/>
</round>
<round no="1"><cards type="Pocket" player="oreiasccp">SJ H3</cards>
<cards type="Pocket" player="2easy4881">X X</cards>
<cards type="Pocket" player="Flismannen">X X</cards>
<action no="6" player="2easy4881" type="0" discard="1" dealt="1" sum="0"/>
<action no="7" player="Flismannen" type="0" discard="1" dealt="1" sum="0"/>
</round>
</game>
<game gamecode="11514989301"><general><startdate>2025-06-16 12:13:54</startdate>
<round>1</round>
<failsafecounter/>
<players><player seat="3" name="2easy4881" chips="540" dealer="0" win="45" bet="35" muck="1" rebuy="0" addon="0" merge="0" rebuychips="0" reg_code="8384892210"/>
<player seat="6" name="Flismannen" chips="340" dealer="1" win="0" bet="5" muck="1" rebuy="0" addon="0" merge="0" rebuychips="0" reg_code="8384892213"/>
<player seat="10" name="oreiasccp" chips="620" dealer="0" win="0" bet="20" muck="1" rebuy="0" addon="0" merge="0" rebuychips="0" reg_code="8384892269"/>
</players>
</general>
<round no="0"><action no="1" player="oreiasccp" type="15" sum="5"/>
<action no="2" player="2easy4881" type="15" discard="1" dealt="1" sum="5"/>
<action no="3" player="Flismannen" type="15" discard="1" dealt="1" sum="5"/>
<action no="4" player="oreiasccp" type="1" sum="15"/>
<action no="5" player="2easy4881" type="2" discard="1" dealt="1" sum="30"/>
</round>
<round no="1"><cards type="Pocket" player="oreiasccp">D3 C5</cards>
<cards type="Pocket" player="2easy4881">X X</cards>
<cards type="Pocket" player="Flismannen">X X</cards>
<action no="6" player="Flismannen" type="0" discard="1" dealt="1" sum="0"/>
<action no="7" player="oreiasccp" type="0" sum="0"/>
</round>
</game>
<game gamecode="11514989327"><general><startdate>2025-06-16 12:14:01</startdate>
<round>1</round>
<failsafecounter/>
<players><player seat="6" name="Flismannen" chips="335" dealer="0" win="165" bet="80" muck="0" rebuy="0" addon="0" merge="0" rebuychips="0" reg_code="8384892213"/>
<player seat="10" name="oreiasccp" chips="600" dealer="1" win="0" bet="5" muck="1" rebuy="0" addon="0" merge="0" rebuychips="0" reg_code="8384892269"/>
<player seat="3" name="2easy4881" chips="565" dealer="0" win="0" bet="80" muck="1" rebuy="0" addon="0" merge="0" rebuychips="0" reg_code="8384892210"/>
</players>
</general>
<round no="0"><action no="1" player="2easy4881" type="15" discard="1" dealt="1" sum="5"/>
<action no="2" player="Flismannen" type="15" discard="1" dealt="1" sum="5"/>
<action no="3" player="oreiasccp" type="15" sum="5"/>
<action no="4" player="2easy4881" type="1" discard="1" dealt="1" sum="15"/>
<action no="5" player="Flismannen" type="2" discard="1" dealt="1" sum="30"/>
</round>
<round no="1"><cards type="Pocket" player="2easy4881">SQ S10</cards>
<cards type="Pocket" player="Flismannen">DK C10</cards>
<cards type="Pocket" player="oreiasccp">C5 SK</cards>
<action no="6" player="oreiasccp" type="0" sum="0"/>
<action no="7" player="2easy4881" type="23" discard="1" dealt="1" sum="75"/>
<action no="8" player="Flismannen" type="3" discard="1" dealt="1" sum="45"/>
</round>
<round no="2"><cards type="Flop">C9 C2 H3</cards>
<action no="9" player="2easy4881" type="4" discard="1" dealt="1" sum="0"/>
<action no="10" player="Flismannen" type="4" discard="1" dealt="1" sum="0"/>
</round>
<round no="3"><cards type="Turn">D6</cards>
<action no="11" player="2easy4881" type="4" discard="1" dealt="1" sum="0"/>
<action no="12" player="Flismannen" type="4" discard="1" dealt="1" sum="0"/>
</round>
<round no="4"><cards type="River">C4</cards>
<action no="13" player="2easy4881" type="4" discard="1" dealt="1" sum="0"/>
<action no="14" player="Flismannen" type="4" discard="1" dealt="1" sum="0"/>
</round>
</game>
<game gamecode="11514989435"><general><startdate>2025-06-16 12:14:27</startdate>
<round>1</round>
<failsafecounter/>
<players><player seat="10" name="oreiasccp" chips="595" dealer="0" win="55" bet="45" muck="1" rebuy="0" addon="0" merge="0" rebuychips="0" reg_code="8384892269"/>
<player seat="3" name="2easy4881" chips="485" dealer="1" win="0" bet="5" muck="1" rebuy="0" addon="0" merge="0" rebuychips="0" reg_code="8384892210"/>
<player seat="6" name="Flismannen" chips="420" dealer="0" win="0" bet="25" muck="1" rebuy="0" addon="0" merge="0" rebuychips="0" reg_code="8384892213"/>
</players>
</general>
<round no="0"><action no="1" player="Flismannen" type="15" discard="1" dealt="1" sum="5"/>
<action no="2" player="oreiasccp" type="15" sum="5"/>
<action no="3" player="2easy4881" type="15" discard="1" dealt="1" sum="5"/>
<action no="4" player="Flismannen" type="1" discard="1" dealt="1" sum="20"/>
<action no="5" player="oreiasccp" type="2" sum="40"/>
</round>
<round no="1"><cards type="Pocket" player="2easy4881">X X</cards>
<cards type="Pocket" player="Flismannen">X X</cards>
<cards type="Pocket" player="oreiasccp">SK D7</cards>
<action no="6" player="2easy4881" type="0" discard="1" dealt="1" sum="0"/>
<action no="7" player="Flismannen" type="0" discard="1" dealt="1" sum="0"/>
</round>
</game>
<game gamecode="11514989466"><general><startdate>2025-06-16 12:14:33</startdate>
<round>1</round>
<failsafecounter/>
<players><player seat="3" name="2easy4881" chips="480" dealer="0" win="0" bet="45" muck="1" rebuy="0" addon="0" merge="0" rebuychips="0" reg_code="8384892210"/>
<player seat="6" name="Flismannen" chips="395" dealer="1" win="115" bet="85" muck="1" rebuy="0" addon="0" merge="0" rebuychips="0" reg_code="8384892213"/>
<player seat="10" name="oreiasccp" chips="625" dealer="0" win="0" bet="25" muck="1" rebuy="0" addon="0" merge="0" rebuychips="0" reg_code="8384892269"/>
</players>
</general>
<round no="0"><action no="1" player="oreiasccp" type="15" sum="5"/>
<action no="2" player="2easy4881" type="15" discard="1" dealt="1" sum="5"/>
<action no="3" player="Flismannen" type="15" discard="1" dealt="1" sum="5"/>
<action no="4" player="oreiasccp" type="1" sum="20"/>
<action no="5" player="2easy4881" type="2" discard="1" dealt="1" sum="40"/>
</round>
<round no="1"><cards type="Pocket" player="Flismannen">X X</cards>
<cards type="Pocket" player="2easy4881">X X</cards>
<cards type="Pocket" player="oreiasccp">H4 D8</cards>
<action no="6" player="Flismannen" type="23" discard="1" dealt="1" sum="80"/>
<action no="7" player="oreiasccp" type="0" sum="0"/>
<action no="8" player="2easy4881" type="0" discard="1" dealt="1" sum="0"/>
</round>
</game>
<game gamecode="11514989506"><general><startdate>2025-06-16 12:14:42</startdate>
<round>1</round>
<failsafecounter/>
<players><player seat="6" name="Flismannen" chips="465" dealer="0" win="0" bet="45" muck="1" rebuy="0" addon="0" merge="0" rebuychips="0" reg_code="8384892213"/>
<player seat="10" name="oreiasccp" chips="600" dealer="1" win="115" bet="465" muck="1" rebuy="0" addon="0" merge="0" rebuychips="0" reg_code="8384892269"/>
<player seat="3" name="2easy4881" chips="435" dealer="0" win="0" bet="25" muck="1" rebuy="0" addon="0" merge="0" rebuychips="0" reg_code="8384892210"/>
</players>
</general>
<round no="0"><action no="1" player="2easy4881" type="15" discard="1" dealt="1" sum="5"/>
<action no="2" player="Flismannen" type="15" discard="1" dealt="1" sum="5"/>
<action no="3" player="oreiasccp" type="15" sum="5"/>
<action no="4" player="2easy4881" type="1" discard="1" dealt="1" sum="20"/>
<action no="5" player="Flismannen" type="2" discard="1" dealt="1" sum="40"/>
</round>
<round no="1"><cards type="Pocket" player="oreiasccp">HJ DA</cards>
<cards type="Pocket" player="2easy4881">X X</cards>
<cards type="Pocket" player="Flismannen">X X</cards>
<action no="6" player="oreiasccp" type="23" sum="460"/>
<action no="7" player="2easy4881" type="0" discard="1" dealt="1" sum="0"/>
<action no="8" player="Flismannen" type="0" discard="1" dealt="1" sum="0"/>
</round>
</game>
<game gamecode="11514989568"><general><startdate>2025-06-16 12:14:57</startdate>
<round>1</round>
<failsafecounter/>
<players><player seat="10" name="oreiasccp" chips="670" dealer="0" win="0" bet="420" muck="1" rebuy="0" addon="0" merge="0" rebuychips="0" reg_code="8384892269"/>
<player seat="3" name="2easy4881" chips="410" dealer="1" win="0" bet="5" muck="1" rebuy="0" addon="0" merge="0" rebuychips="0" reg_code="8384892210"/>
<player seat="6" name="Flismannen" chips="420" dealer="0" win="845" bet="420" muck="0" rebuy="0" addon="0" merge="0" rebuychips="0" reg_code="8384892213"/>
</players>
</general>
<round no="0"><action no="1" player="Flismannen" type="15" discard="1" dealt="1" sum="5"/>
<action no="2" player="oreiasccp" type="15" sum="5"/>
<action no="3" player="2easy4881" type="15" discard="1" dealt="1" sum="5"/>
<action no="4" player="Flismannen" type="1" discard="1" dealt="1" sum="20"/>
<action no="5" player="oreiasccp" type="2" sum="40"/>
</round>
<round no="1"><cards type="Pocket" player="oreiasccp">HK C2</cards>
<cards type="Pocket" player="2easy4881">X X</cards>
<cards type="Pocket" player="Flismannen">DJ CK</cards>
<action no="6" player="2easy4881" type="0" discard="1" dealt="1" sum="0"/>
<action no="7" player="Flismannen" type="23" discard="1" dealt="1" sum="80"/>
<action no="8" player="oreiasccp" type="3" sum="40"/>
</round>
<round no="2"><cards type="Flop">D6 SK S8</cards>
<action no="9" player="Flismannen" type="5" discard="1" dealt="1" sum="80"/>
<action no="10" player="oreiasccp" type="3" sum="80"/>
</round>
<round no="3"><cards type="Turn">C9</cards>
<action no="11" player="Flismannen" type="5" discard="1" dealt="1" sum="255"/>
<action no="12" player="oreiasccp" type="3" sum="255"/>
</round>
<round no="4"><cards type="River">H8</cards>
</round>
</game>
<game gamecode="11514989658"><general><startdate>2025-06-16 12:15:23</startdate>
<round>1</round>
<failsafecounter/>
<players><player seat="3" name="2easy4881" chips="405" dealer="0" win="505" bet="250" muck="0" rebuy="0" addon="0" merge="0" rebuychips="0" reg_code="8384892210"/>
<player seat="6" name="Flismannen" chips="845" dealer="1" win="0" bet="5" muck="1" rebuy="0" addon="0" merge="0" rebuychips="0" reg_code="8384892213"/>
<player seat="10" name="oreiasccp" chips="250" dealer="0" win="0" bet="250" muck="0" rebuy="0" addon="0" merge="0" rebuychips="0" reg_code="8384892269"/>
</players>
</general>
<round no="0"><action no="1" player="oreiasccp" type="15" sum="5"/>
<action no="2" player="2easy4881" type="15" discard="1" dealt="1" sum="5"/>
<action no="3" player="Flismannen" type="15" discard="1" dealt="1" sum="5"/>
<action no="4" player="oreiasccp" type="1" sum="20"/>
<action no="5" player="2easy4881" type="2" discard="1" dealt="1" sum="40"/>
</round>
<round no="1"><cards type="Pocket" player="2easy4881">DQ HJ</cards>
<cards type="Pocket" player="oreiasccp">HQ C6</cards>
<cards type="Pocket" player="Flismannen">X X</cards>
<action no="6" player="Flismannen" type="0" discard="1" dealt="1" sum="0"/>
<action no="7" player="oreiasccp" type="23" sum="245"/>
<action no="8" player="2easy4881" type="3" discard="1" dealt="1" sum="205"/>
</round>
<round no="2"><cards type="Flop">H9 C4 H2</cards>
</round>
<round no="3"><cards type="Turn">C3</cards>
</round>
<round no="4"><cards type="River">SJ</cards>
</round>
</game>
</session>
