<?xml version="1.0" encoding="UTF-8"?>
<session sessioncode="8385547794">
<general>
<client_version>24.7.1.16</client_version>
<mode>real</mode>
<gametype>Holdem NL</gametype>
<tablename>Twister €5 SNG, 1127670443</tablename>
<tournamentcode>1127670442</tournamentcode>
<tournamentname>Twister €5 SNG</tournamentname>
<buyin>€0 + €0.35 + €4.65</buyin>
<totalbuyin>€5</totalbuyin>
<rewarddrawn>€10</rewarddrawn>
<tournamentcurrency>EUR</tournamentcurrency>
<currency>EUR</currency>
<nickname>oreiasccp</nickname>
<gamecount>26</gamecount>
<startdate>2025-06-17 11:40:26</startdate>
<place>1</place>
<win>€10</win>
<tablesize>3</tablesize>
</general>
<game gamecode="11516937093"><general><startdate>2025-06-17 11:40:42</startdate>
<round>1</round>
<failsafecounter/>
<players><player seat="6" name="314SOS" chips="500" dealer="0" win="120" bet="140" muck="1" rebuy="0" addon="0" merge="0" rebuychips="0" reg_code="8385547810"/>
<player seat="10" name="propheticstone7" chips="500" dealer="1" win="0" bet="0" muck="1" rebuy="0" addon="0" merge="0" rebuychips="0" reg_code="8385547829"/>
<player seat="3" name="oreiasccp" chips="500" dealer="0" win="0" bet="60" muck="1" rebuy="0" addon="0" merge="0" rebuychips="0" reg_code="8385547794"/>
</players>
</general>
<round no="0"><action no="1" player="oreiasccp" type="1" sum="10"/>
<action no="2" player="314SOS" type="2" discard="1" dealt="1" sum="20"/>
</round>
<round no="1"><cards type="Pocket" player="oreiasccp">S7 CK</cards>
<cards type="Pocket" player="314SOS">X X</cards>
<cards type="Pocket" player="propheticstone7">X X</cards>
<action no="3" player="propheticstone7" type="0" discard="1" dealt="1" sum="0"/>
<action no="4" player="oreiasccp" type="23" sum="40"/>
<action no="5" player="314SOS" type="3" discard="1" dealt="1" sum="20"/>
</round>
<round no="2"><cards type="Flop">C3 SQ DJ</cards>
<action no="6" player="oreiasccp" type="5" sum="20"/>
<action no="7" player="314SOS" type="3" discard="1" dealt="1" sum="20"/>
</round>
<round no="3"><cards type="Turn">D8</cards>
<action no="8" player="oreiasccp" type="4" sum="0"/>
<action no="9" player="314SOS" type="5" discard="1" dealt="1" sum="80"/>
<action no="10" player="oreiasccp" type="0" sum="0"/>
</round>
</game>
<game gamecode="11516943435"><general><startdate>2025-06-17 11:41:10</startdate>
<round>1</round>
<failsafecounter/>
<players><player seat="10" name="propheticstone7" chips="500" dealer="0" win="0" bet="40" muck="1" rebuy="0" addon="0" merge="0" rebuychips="0" reg_code="8385547829"/>
<player seat="3" name="oreiasccp" chips="440" dealer="1" win="90" bet="60" muck="1" rebuy="0" addon="0" merge="0" rebuychips="0" reg_code="8385547794"/>
<player seat="6" name="314SOS" chips="560" dealer="0" win="0" bet="10" muck="1" rebuy="0" addon="0" merge="0" rebuychips="0" reg_code="8385547810"/>
</players>
</general>
<round no="0"><action no="1" player="314SOS" type="1" discard="1" dealt="1" sum="10"/>
<action no="2" player="propheticstone7" type="2" discard="1" dealt="1" sum="20"/>
</round>
<round no="1"><cards type="Pocket" player="propheticstone7">X X</cards>
<cards type="Pocket" player="314SOS">X X</cards>
<cards type="Pocket" player="oreiasccp">S10 DJ</cards>
<action no="3" player="oreiasccp" type="23" sum="40"/>
<action no="4" player="314SOS" type="0" discard="1" dealt="1" sum="0"/>
<action no="5" player="propheticstone7" type="3" discard="1" dealt="1" sum="20"/>
</round>
<round no="2"><cards type="Flop">S2 S8 CK</cards>
<action no="6" player="propheticstone7" type="4" discard="1" dealt="1" sum="0"/>
<action no="7" player="oreiasccp" type="5" sum="20"/>
<action no="8" player="propheticstone7" type="0" discard="1" dealt="1" sum="0"/>
</round>
</game>
<game gamecode="11516943532"><general><startdate>2025-06-17 11:41:36</startdate>
<round>1</round>
<failsafecounter/>
<players><player seat="3" name="oreiasccp" chips="490" dealer="0" win="0" bet="20" muck="1" rebuy="0" addon="0" merge="0" rebuychips="0" reg_code="8385547794"/>
<player seat="6" name="314SOS" chips="550" dealer="1" win="50" bet="40" muck="1" rebuy="0" addon="0" merge="0" rebuychips="0" reg_code="8385547810"/>
<player seat="10" name="propheticstone7" chips="460" dealer="0" win="0" bet="10" muck="1" rebuy="0" addon="0" merge="0" rebuychips="0" reg_code="8385547829"/>
</players>
</general>
<round no="0"><action no="1" player="propheticstone7" type="1" discard="1" dealt="1" sum="10"/>
<action no="2" player="oreiasccp" type="2" sum="20"/>
</round>
<round no="1"><cards type="Pocket" player="314SOS">X X</cards>
<cards type="Pocket" player="oreiasccp">C5 SQ</cards>
<cards type="Pocket" player="propheticstone7">X X</cards>
<action no="3" player="314SOS" type="23" discard="1" dealt="1" sum="40"/>
<action no="4" player="propheticstone7" type="0" discard="1" dealt="1" sum="0"/>
<action no="5" player="oreiasccp" type="0" sum="0"/>
</round>
</game>
<game gamecode="11516943587"><general><startdate>2025-06-17 11:41:50</startdate>
<round>1</round>
<failsafecounter/>
<players><player seat="6" name="314SOS" chips="580" dealer="0" win="120" bet="100" muck="1" rebuy="0" addon="0" merge="0" rebuychips="0" reg_code="8385547810"/>
<player seat="10" name="propheticstone7" chips="450" dealer="1" win="0" bet="0" muck="1" rebuy="0" addon="0" merge="0" rebuychips="0" reg_code="8385547829"/>
<player seat="3" name="oreiasccp" chips="470" dealer="0" win="0" bet="60" muck="1" rebuy="0" addon="0" merge="0" rebuychips="0" reg_code="8385547794"/>
</players>
</general>
<round no="0"><action no="1" player="oreiasccp" type="1" sum="10"/>
<action no="2" player="314SOS" type="2" discard="1" dealt="1" sum="20"/>
</round>
<round no="1"><cards type="Pocket" player="oreiasccp">DA H5</cards>
<cards type="Pocket" player="314SOS">X X</cards>
<cards type="Pocket" player="propheticstone7">X X</cards>
<action no="3" player="propheticstone7" type="0" discard="1" dealt="1" sum="0"/>
<action no="4" player="oreiasccp" type="23" sum="40"/>
<action no="5" player="314SOS" type="3" discard="1" dealt="1" sum="20"/>
</round>
<round no="2"><cards type="Flop">H4 H10 D9</cards>
<action no="6" player="oreiasccp" type="5" sum="20"/>
<action no="7" player="314SOS" type="23" discard="1" dealt="1" sum="60"/>
<action no="8" player="oreiasccp" type="0" sum="0"/>
</round>
</game>
<game gamecode="11516943703"><general><startdate>2025-06-17 11:42:18</startdate>
<round>1</round>
<failsafecounter/>
<players><player seat="10" name="propheticstone7" chips="450" dealer="0" win="20" bet="20" muck="1" rebuy="0" addon="0" merge="0" rebuychips="0" reg_code="8385547829"/>
<player seat="3" name="oreiasccp" chips="410" dealer="1" win="0" bet="0" muck="1" rebuy="0" addon="0" merge="0" rebuychips="0" reg_code="8385547794"/>
<player seat="6" name="314SOS" chips="640" dealer="0" win="0" bet="10" muck="1" rebuy="0" addon="0" merge="0" rebuychips="0" reg_code="8385547810"/>
</players>
</general>
<round no="0"><action no="1" player="314SOS" type="1" discard="1" dealt="1" sum="10"/>
<action no="2" player="propheticstone7" type="2" discard="1" dealt="1" sum="20"/>
</round>
<round no="1"><cards type="Pocket" player="oreiasccp">D7 S3</cards>
<cards type="Pocket" player="propheticstone7">X X</cards>
<cards type="Pocket" player="314SOS">X X</cards>
<action no="3" player="oreiasccp" type="0" sum="0"/>
<action no="4" player="314SOS" type="0" discard="1" dealt="1" sum="0"/>
</round>
</game>
<game gamecode="11516943743"><general><startdate>2025-06-17 11:42:30</startdate>
<round>1</round>
<failsafecounter/>
<players><player seat="3" name="oreiasccp" chips="410" dealer="0" win="0" bet="20" muck="1" rebuy="0" addon="0" merge="0" rebuychips="0" reg_code="8385547794"/>
<player seat="6" name="314SOS" chips="630" dealer="1" win="50" bet="40" muck="1" rebuy="0" addon="0" merge="0" rebuychips="0" reg_code="8385547810"/>
<player seat="10" name="propheticstone7" chips="460" dealer="0" win="0" bet="10" muck="1" rebuy="0" addon="0" merge="0" rebuychips="0" reg_code="8385547829"/>
</players>
</general>
<round no="0"><action no="1" player="propheticstone7" type="1" discard="1" dealt="1" sum="10"/>
<action no="2" player="oreiasccp" type="2" sum="20"/>
</round>
<round no="1"><cards type="Pocket" player="314SOS">X X</cards>
<cards type="Pocket" player="oreiasccp">C3 D8</cards>
<cards type="Pocket" player="propheticstone7">X X</cards>
<action no="3" player="314SOS" type="23" discard="1" dealt="1" sum="40"/>
<action no="4" player="propheticstone7" type="0" discard="1" dealt="1" sum="0"/>
<action no="5" player="oreiasccp" type="0" sum="0"/>
</round>
</game>
<game gamecode="11516943813"><general><startdate>2025-06-17 11:42:49</startdate>
<round>1</round>
<failsafecounter/>
<players><player seat="6" name="314SOS" chips="660" dealer="0" win="0" bet="65" muck="1" rebuy="0" addon="0" merge="0" rebuychips="0" reg_code="8385547810"/>
<player seat="10" name="propheticstone7" chips="450" dealer="1" win="0" bet="5" muck="1" rebuy="0" addon="0" merge="0" rebuychips="0" reg_code="8385547829"/>
<player seat="3" name="oreiasccp" chips="390" dealer="0" win="135" bet="114" muck="1" rebuy="0" addon="0" merge="0" rebuychips="0" reg_code="8385547794"/>
</players>
</general>
<round no="0"><action no="1" player="oreiasccp" type="15" sum="5"/>
<action no="2" player="314SOS" type="15" discard="1" dealt="1" sum="5"/>
<action no="3" player="propheticstone7" type="15" discard="1" dealt="1" sum="5"/>
<action no="4" player="oreiasccp" type="1" sum="15"/>
<action no="5" player="314SOS" type="2" discard="1" dealt="1" sum="30"/>
</round>
<round no="1"><cards type="Pocket" player="314SOS">X X</cards>
<cards type="Pocket" player="oreiasccp">SJ D9</cards>
<cards type="Pocket" player="propheticstone7">X X</cards>
<action no="6" player="propheticstone7" type="0" discard="1" dealt="1" sum="0"/>
<action no="7" player="oreiasccp" type="23" sum="60"/>
<action no="8" player="314SOS" type="3" discard="1" dealt="1" sum="30"/>
</round>
<round no="2"><cards type="Flop">S4 H6 SK</cards>
<action no="9" player="oreiasccp" type="5" sum="49"/>
<action no="10" player="314SOS" type="0" discard="1" dealt="1" sum="0"/>
</round>
</game>
<game gamecode="11516943929"><general><startdate>2025-06-17 11:43:18</startdate>
<round>1</round>
<failsafecounter/>
<players><player seat="10" name="propheticstone7" chips="445" dealer="0" win="45" bet="35" muck="1" rebuy="0" addon="0" merge="0" rebuychips="0" reg_code="8385547829"/>
<player seat="3" name="oreiasccp" chips="460" dealer="1" win="0" bet="5" muck="1" rebuy="0" addon="0" merge="0" rebuychips="0" reg_code="8385547794"/>
<player seat="6" name="314SOS" chips="595" dealer="0" win="0" bet="20" muck="1" rebuy="0" addon="0" merge="0" rebuychips="0" reg_code="8385547810"/>
</players>
</general>
<round no="0"><action no="1" player="314SOS" type="15" discard="1" dealt="1" sum="5"/>
<action no="2" player="propheticstone7" type="15" discard="1" dealt="1" sum="5"/>
<action no="3" player="oreiasccp" type="15" sum="5"/>
<action no="4" player="314SOS" type="1" discard="1" dealt="1" sum="15"/>
<action no="5" player="propheticstone7" type="2" discard="1" dealt="1" sum="30"/>
</round>
<round no="1"><cards type="Pocket" player="propheticstone7">X X</cards>
<cards type="Pocket" player="314SOS">X X</cards>
<cards type="Pocket" player="oreiasccp">H2 D5</cards>
<action no="6" player="oreiasccp" type="0" sum="0"/>
<action no="7" player="314SOS" type="0" discard="1" dealt="1" sum="0"/>
</round>
</game>
<game gamecode="11516943982"><general><startdate>2025-06-17 11:43:30</startdate>
<round>1</round>
<failsafecounter/>
<players><player seat="3" name="oreiasccp" chips="455" dealer="0" win="0" bet="35" muck="1" rebuy="0" addon="0" merge="0" rebuychips="0" reg_code="8385547794"/>
<player seat="6" name="314SOS" chips="575" dealer="1" win="0" bet="5" muck="1" rebuy="0" addon="0" merge="0" rebuychips="0" reg_code="8385547810"/>
<player seat="10" name="propheticstone7" chips="470" dealer="0" win="75" bet="470" muck="1" rebuy="0" addon="0" merge="0" rebuychips="0" reg_code="8385547829"/>
</players>
</general>
<round no="0"><action no="1" player="propheticstone7" type="15" discard="1" dealt="1" sum="5"/>
<action no="2" player="oreiasccp" type="15" sum="5"/>
<action no="3" player="314SOS" type="15" discard="1" dealt="1" sum="5"/>
<action no="4" player="propheticstone7" type="1" discard="1" dealt="1" sum="15"/>
<action no="5" player="oreiasccp" type="2" sum="30"/>
</round>
<round no="1"><cards type="Pocket" player="oreiasccp">D10 D6</cards>
<cards type="Pocket" player="propheticstone7">X X</cards>
<cards type="Pocket" player="314SOS">X X</cards>
<action no="6" player="314SOS" type="0" discard="1" dealt="1" sum="0"/>
<action no="7" player="propheticstone7" type="23" discard="1" dealt="1" sum="465"/>
<action no="8" player="oreiasccp" type="0" sum="0"/>
</round>
</game>
<game gamecode="11516944027"><general><startdate>2025-06-17 11:43:40</startdate>
<round>1</round>
<failsafecounter/>
<players><player seat="6" name="314SOS" chips="570" dealer="0" win="0" bet="35" muck="1" rebuy="0" addon="0" merge="0" rebuychips="0" reg_code="8385547810"/>
<player seat="10" name="propheticstone7" chips="510" dealer="1" win="90" bet="510" muck="1" rebuy="0" addon="0" merge="0" rebuychips="0" reg_code="8385547829"/>
<player seat="3" name="oreiasccp" chips="420" dealer="0" win="0" bet="20" muck="1" rebuy="0" addon="0" merge="0" rebuychips="0" reg_code="8385547794"/>
</players>
</general>
<round no="0"><action no="1" player="oreiasccp" type="15" sum="5"/>
<action no="2" player="314SOS" type="15" discard="1" dealt="1" sum="5"/>
<action no="3" player="propheticstone7" type="15" discard="1" dealt="1" sum="5"/>
<action no="4" player="oreiasccp" type="1" sum="15"/>
<action no="5" player="314SOS" type="2" discard="1" dealt="1" sum="30"/>
</round>
<round no="1"><cards type="Pocket" player="314SOS">X X</cards>
<cards type="Pocket" player="oreiasccp">H8 D2</cards>
<cards type="Pocket" player="propheticstone7">X X</cards>
<action no="6" player="propheticstone7" type="23" discard="1" dealt="1" sum="505"/>
<action no="7" player="oreiasccp" type="0" sum="0"/>
<action no="8" player="314SOS" type="0" discard="1" dealt="1" sum="0"/>
</round>
</game>
<game gamecode="11516944073"><general><startdate>2025-06-17 11:43:53</startdate>
<round>1</round>
<failsafecounter/>
<players><player seat="10" name="propheticstone7" chips="565" dealer="0" win="513" bet="254" muck="0" rebuy="0" addon="0" merge="0" rebuychips="0" reg_code="8385547829"/>
<player seat="3" name="oreiasccp" chips="400" dealer="1" win="0" bet="5" muck="1" rebuy="0" addon="0" merge="0" rebuychips="0" reg_code="8385547794"/>
<player seat="6" name="314SOS" chips="535" dealer="0" win="0" bet="254" muck="1" rebuy="0" addon="0" merge="0" rebuychips="0" reg_code="8385547810"/>
</players>
</general>
<round no="0"><action no="1" player="314SOS" type="15" discard="1" dealt="1" sum="5"/>
<action no="2" player="propheticstone7" type="15" discard="1" dealt="1" sum="5"/>
<action no="3" player="oreiasccp" type="15" sum="5"/>
<action no="4" player="314SOS" type="1" discard="1" dealt="1" sum="15"/>
<action no="5" player="propheticstone7" type="2" discard="1" dealt="1" sum="30"/>
</round>
<round no="1"><cards type="Pocket" player="propheticstone7">H5 SQ</cards>
<cards type="Pocket" player="oreiasccp">C4 DQ</cards>
<cards type="Pocket" player="314SOS">S8 H7</cards>
<action no="6" player="oreiasccp" type="0" sum="0"/>
<action no="7" player="314SOS" type="3" discard="1" dealt="1" sum="15"/>
<action no="8" player="propheticstone7" type="4" discard="1" dealt="1" sum="0"/>
</round>
<round no="2"><cards type="Flop">C9 HK S3</cards>
<action no="9" player="314SOS" type="5" discard="1" dealt="1" sum="30"/>
<action no="10" player="propheticstone7" type="23" discard="1" dealt="1" sum="75"/>
<action no="11" player="314SOS" type="3" discard="1" dealt="1" sum="45"/>
</round>
<round no="3"><cards type="Turn">D10</cards>
<action no="12" player="314SOS" type="4" discard="1" dealt="1" sum="0"/>
<action no="13" player="propheticstone7" type="5" discard="1" dealt="1" sum="144"/>
<action no="14" player="314SOS" type="3" discard="1" dealt="1" sum="144"/>
</round>
<round no="4"><cards type="River">C5</cards>
<action no="15" player="314SOS" type="4" discard="1" dealt="1" sum="0"/>
<action no="16" player="propheticstone7" type="4" discard="1" dealt="1" sum="0"/>
</round>
</game>
<game gamecode="11516944429"><general><startdate>2025-06-17 11:45:25</startdate>
<round>1</round>
<failsafecounter/>
<players><player seat="3" name="oreiasccp" chips="395" dealer="0" win="0" bet="45" muck="1" rebuy="0" addon="0" merge="0" rebuychips="0" reg_code="8385547794"/>
<player seat="6" name="314SOS" chips="281" dealer="1" win="115" bet="281" muck="1" rebuy="0" addon="0" merge="0" rebuychips="0" reg_code="8385547810"/>
<player seat="10" name="propheticstone7" chips="824" dealer="0" win="0" bet="25" muck="1" rebuy="0" addon="0" merge="0" rebuychips="0" reg_code="8385547829"/>
</players>
</general>
<round no="0"><action no="1" player="propheticstone7" type="15" discard="1" dealt="1" sum="5"/>
<action no="2" player="oreiasccp" type="15" sum="5"/>
<action no="3" player="314SOS" type="15" discard="1" dealt="1" sum="5"/>
<action no="4" player="propheticstone7" type="1" discard="1" dealt="1" sum="20"/>
<action no="5" player="oreiasccp" type="2" sum="40"/>
</round>
<round no="1"><cards type="Pocket" player="oreiasccp">H3 S4</cards>
<cards type="Pocket" player="propheticstone7">X X</cards>
<cards type="Pocket" player="314SOS">X X</cards>
<action no="6" player="314SOS" type="23" discard="1" dealt="1" sum="276"/>
<action no="7" player="propheticstone7" type="0" discard="1" dealt="1" sum="0"/>
<action no="8" player="oreiasccp" type="0" sum="0"/>
</round>
</game>
<game gamecode="11516944483"><general><startdate>2025-06-17 11:45:38</startdate>
<round>1</round>
<failsafecounter/>
<players><player seat="6" name="314SOS" chips="351" dealer="0" win="0" bet="45" muck="1" rebuy="0" addon="0" merge="0" rebuychips="0" reg_code="8385547810"/>
<player seat="10" name="propheticstone7" chips="799" dealer="1" win="0" bet="5" muck="1" rebuy="0" addon="0" merge="0" rebuychips="0" reg_code="8385547829"/>
<player seat="3" name="oreiasccp" chips="350" dealer="0" win="95" bet="350" muck="1" rebuy="0" addon="0" merge="0" rebuychips="0" reg_code="8385547794"/>
</players>
</general>
<round no="0"><action no="1" player="oreiasccp" type="15" sum="5"/>
<action no="2" player="314SOS" type="15" discard="1" dealt="1" sum="5"/>
<action no="3" player="propheticstone7" type="15" discard="1" dealt="1" sum="5"/>
<action no="4" player="oreiasccp" type="1" sum="20"/>
<action no="5" player="314SOS" type="2" discard="1" dealt="1" sum="40"/>
</round>
<round no="1"><cards type="Pocket" player="314SOS">X X</cards>
<cards type="Pocket" player="propheticstone7">X X</cards>
<cards type="Pocket" player="oreiasccp">H6 D6</cards>
<action no="6" player="propheticstone7" type="0" discard="1" dealt="1" sum="0"/>
<action no="7" player="oreiasccp" type="23" sum="345"/>
<action no="8" player="314SOS" type="0" discard="1" dealt="1" sum="0"/>
</round>
</game>
<game gamecode="11516944556"><general><startdate>2025-06-17 11:45:58</startdate>
<round>1</round>
<failsafecounter/>
<players><player seat="10" name="propheticstone7" chips="794" dealer="0" win="0" bet="306" muck="1" rebuy="0" addon="0" merge="0" rebuychips="0" reg_code="8385547829"/>
<player seat="3" name="oreiasccp" chips="400" dealer="1" win="0" bet="5" muck="1" rebuy="0" addon="0" merge="0" rebuychips="0" reg_code="8385547794"/>
<player seat="6" name="314SOS" chips="306" dealer="0" win="617" bet="306" muck="0" rebuy="0" addon="0" merge="0" rebuychips="0" reg_code="8385547810"/>
</players>
</general>
<round no="0"><action no="1" player="314SOS" type="15" discard="1" dealt="1" sum="5"/>
<action no="2" player="propheticstone7" type="15" discard="1" dealt="1" sum="5"/>
<action no="3" player="oreiasccp" type="15" sum="5"/>
<action no="4" player="314SOS" type="1" discard="1" dealt="1" sum="20"/>
<action no="5" player="propheticstone7" type="2" discard="1" dealt="1" sum="40"/>
</round>
<round no="1"><cards type="Pocket" player="314SOS">DK D8</cards>
<cards type="Pocket" player="oreiasccp">C7 DJ</cards>
<cards type="Pocket" player="propheticstone7">H7 DQ</cards>
<action no="6" player="oreiasccp" type="0" sum="0"/>
<action no="7" player="314SOS" type="23" discard="1" dealt="1" sum="301"/>
<action no="8" player="propheticstone7" type="3" discard="1" dealt="1" sum="261"/>
</round>
<round no="2"><cards type="Flop">C3 H2 C10</cards>
</round>
<round no="3"><cards type="Turn">H4</cards>
</round>
<round no="4"><cards type="River">C4</cards>
</round>
</game>
<game gamecode="11516944652"><general><startdate>2025-06-17 11:46:22</startdate>
<round>1</round>
<failsafecounter/>
<players><player seat="3" name="oreiasccp" chips="395" dealer="0" win="55" bet="45" muck="1" rebuy="0" addon="0" merge="0" rebuychips="0" reg_code="8385547794"/>
<player seat="6" name="314SOS" chips="617" dealer="1" win="0" bet="5" muck="1" rebuy="0" addon="0" merge="0" rebuychips="0" reg_code="8385547810"/>
<player seat="10" name="propheticstone7" chips="488" dealer="0" win="0" bet="25" muck="1" rebuy="0" addon="0" merge="0" rebuychips="0" reg_code="8385547829"/>
</players>
</general>
<round no="0"><action no="1" player="propheticstone7" type="15" discard="1" dealt="1" sum="5"/>
<action no="2" player="oreiasccp" type="15" sum="5"/>
<action no="3" player="314SOS" type="15" discard="1" dealt="1" sum="5"/>
<action no="4" player="propheticstone7" type="1" discard="1" dealt="1" sum="20"/>
<action no="5" player="oreiasccp" type="2" sum="40"/>
</round>
<round no="1"><cards type="Pocket" player="oreiasccp">S5 CA</cards>
<cards type="Pocket" player="314SOS">X X</cards>
<cards type="Pocket" player="propheticstone7">X X</cards>
<action no="6" player="314SOS" type="0" discard="1" dealt="1" sum="0"/>
<action no="7" player="propheticstone7" type="0" discard="1" dealt="1" sum="0"/>
</round>
</game>
<game gamecode="11516944706"><general><startdate>2025-06-17 11:46:34</startdate>
<round>1</round>
<failsafecounter/>
<players><player seat="6" name="314SOS" chips="612" dealer="0" win="951" bet="463" muck="0" rebuy="0" addon="0" merge="0" rebuychips="0" reg_code="8385547810"/>
<player seat="10" name="propheticstone7" chips="463" dealer="1" win="0" bet="463" muck="0" rebuy="0" addon="0" merge="0" rebuychips="0" reg_code="8385547829"/>
<player seat="3" name="oreiasccp" chips="425" dealer="0" win="0" bet="25" muck="1" rebuy="0" addon="0" merge="0" rebuychips="0" reg_code="8385547794"/>
</players>
</general>
<round no="0"><action no="1" player="oreiasccp" type="15" sum="5"/>
<action no="2" player="314SOS" type="15" discard="1" dealt="1" sum="5"/>
<action no="3" player="propheticstone7" type="15" discard="1" dealt="1" sum="5"/>
<action no="4" player="oreiasccp" type="1" sum="20"/>
<action no="5" player="314SOS" type="2" discard="1" dealt="1" sum="40"/>
</round>
<round no="1"><cards type="Pocket" player="propheticstone7">C10 SQ</cards>
<cards type="Pocket" player="314SOS">C3 DA</cards>
<cards type="Pocket" player="oreiasccp">H5 S4</cards>
<action no="6" player="propheticstone7" type="23" discard="1" dealt="1" sum="458"/>
<action no="7" player="oreiasccp" type="0" sum="0"/>
<action no="8" player="314SOS" type="3" discard="1" dealt="1" sum="418"/>
</round>
<round no="2"><cards type="Flop">DJ D2 D4</cards>
</round>
<round no="3"><cards type="Turn">D6</cards>
</round>
<round no="4"><cards type="River">S8</cards>
</round>
</game>
<game gamecode="11516944782"><general><startdate>2025-06-17 11:46:54</startdate>
<round>1</round>
<failsafecounter/>
<players><player seat="6" name="314SOS" chips="1,100" dealer="0" win="70" bet="65" muck="1" rebuy="0" addon="0" merge="0" rebuychips="0" reg_code="8385547810"/>
<player seat="3" name="oreiasccp" chips="400" dealer="1" win="0" bet="35" muck="1" rebuy="0" addon="0" merge="0" rebuychips="0" reg_code="8385547794"/>
</players>
</general>
<round no="0"><action no="1" player="oreiasccp" type="15" sum="5"/>
<action no="2" player="314SOS" type="15" discard="1" dealt="1" sum="5"/>
<action no="3" player="oreiasccp" type="1" sum="30"/>
<action no="4" player="314SOS" type="2" discard="1" dealt="1" sum="60"/>
</round>
<round no="1"><cards type="Pocket" player="oreiasccp">C6 D8</cards>
<cards type="Pocket" player="314SOS">X X</cards>
<action no="5" player="oreiasccp" type="0" sum="0"/>
</round>
</game>
<game gamecode="11516944805"><general><startdate>2025-06-17 11:47:00</startdate>
<round>1</round>
<failsafecounter/>
<players><player seat="3" name="oreiasccp" chips="365" dealer="0" win="70" bet="65" muck="1" rebuy="0" addon="0" merge="0" rebuychips="0" reg_code="8385547794"/>
<player seat="6" name="314SOS" chips="1,135" dealer="1" win="0" bet="35" muck="1" rebuy="0" addon="0" merge="0" rebuychips="0" reg_code="8385547810"/>
</players>
</general>
<round no="0"><action no="1" player="314SOS" type="15" discard="1" dealt="1" sum="5"/>
<action no="2" player="oreiasccp" type="15" sum="5"/>
<action no="3" player="314SOS" type="1" discard="1" dealt="1" sum="30"/>
<action no="4" player="oreiasccp" type="2" sum="60"/>
</round>
<round no="1"><cards type="Pocket" player="oreiasccp">H6 DJ</cards>
<cards type="Pocket" player="314SOS">X X</cards>
<action no="5" player="314SOS" type="0" discard="1" dealt="1" sum="0"/>
</round>
</game>
<game gamecode="11516944841"><general><startdate>2025-06-17 11:47:09</startdate>
<round>1</round>
<failsafecounter/>
<players><player seat="6" name="314SOS" chips="1,100" dealer="0" win="0" bet="65" muck="1" rebuy="0" addon="0" merge="0" rebuychips="0" reg_code="8385547810"/>
<player seat="3" name="oreiasccp" chips="400" dealer="1" win="130" bet="125" muck="1" rebuy="0" addon="0" merge="0" rebuychips="0" reg_code="8385547794"/>
</players>
</general>
<round no="0"><action no="1" player="oreiasccp" type="15" sum="5"/>
<action no="2" player="314SOS" type="15" discard="1" dealt="1" sum="5"/>
<action no="3" player="oreiasccp" type="1" sum="30"/>
<action no="4" player="314SOS" type="2" discard="1" dealt="1" sum="60"/>
</round>
<round no="1"><cards type="Pocket" player="314SOS">X X</cards>
<cards type="Pocket" player="oreiasccp">S3 S6</cards>
<action no="5" player="oreiasccp" type="3" sum="30"/>
<action no="6" player="314SOS" type="4" discard="1" dealt="1" sum="0"/>
</round>
<round no="2"><cards type="Flop">DA DQ S7</cards>
<action no="7" player="314SOS" type="4" discard="1" dealt="1" sum="0"/>
<action no="8" player="oreiasccp" type="5" sum="60"/>
<action no="9" player="314SOS" type="0" discard="1" dealt="1" sum="0"/>
</round>
</game>
<game gamecode="11516944985"><general><startdate>2025-06-17 11:47:46</startdate>
<round>1</round>
<failsafecounter/>
<players><player seat="3" name="oreiasccp" chips="465" dealer="0" win="0" bet="65" muck="1" rebuy="0" addon="0" merge="0" rebuychips="0" reg_code="8385547794"/>
<player seat="6" name="314SOS" chips="1,035" dealer="1" win="130" bet="1,035" muck="1" rebuy="0" addon="0" merge="0" rebuychips="0" reg_code="8385547810"/>
</players>
</general>
<round no="0"><action no="1" player="314SOS" type="15" discard="1" dealt="1" sum="5"/>
<action no="2" player="oreiasccp" type="15" sum="5"/>
<action no="3" player="314SOS" type="1" discard="1" dealt="1" sum="30"/>
<action no="4" player="oreiasccp" type="2" sum="60"/>
</round>
<round no="1"><cards type="Pocket" player="314SOS">X X</cards>
<cards type="Pocket" player="oreiasccp">D4 H2</cards>
<action no="5" player="314SOS" type="23" discard="1" dealt="1" sum="1,030"/>
<action no="6" player="oreiasccp" type="0" sum="0"/>
</round>
</game>
<game gamecode="11516945054"><general><startdate>2025-06-17 11:48:04</startdate>
<round>1</round>
<failsafecounter/>
<players><player seat="6" name="314SOS" chips="1,100" dealer="0" win="70" bet="65" muck="1" rebuy="0" addon="0" merge="0" rebuychips="0" reg_code="8385547810"/>
<player seat="3" name="oreiasccp" chips="400" dealer="1" win="0" bet="35" muck="1" rebuy="0" addon="0" merge="0" rebuychips="0" reg_code="8385547794"/>
</players>
</general>
<round no="0"><action no="1" player="oreiasccp" type="15" sum="5"/>
<action no="2" player="314SOS" type="15" discard="1" dealt="1" sum="5"/>
<action no="3" player="oreiasccp" type="1" sum="30"/>
<action no="4" player="314SOS" type="2" discard="1" dealt="1" sum="60"/>
</round>
<round no="1"><cards type="Pocket" player="314SOS">X X</cards>
<cards type="Pocket" player="oreiasccp">D7 C3</cards>
<action no="5" player="oreiasccp" type="0" sum="0"/>
</round>
</game>
<game gamecode="11516950569"><general><startdate>2025-06-17 11:48:10</startdate>
<round>1</round>
<failsafecounter/>
<players><player seat="3" name="oreiasccp" chips="365" dealer="0" win="730" bet="365" muck="0" rebuy="0" addon="0" merge="0" rebuychips="0" reg_code="8385547794"/>
<player seat="6" name="314SOS" chips="1,135" dealer="1" win="0" bet="1,135" muck="1" rebuy="0" addon="0" merge="0" rebuychips="0" reg_code="8385547810"/>
</players>
</general>
<round no="0"><action no="1" player="314SOS" type="15" discard="1" dealt="1" sum="5"/>
<action no="2" player="oreiasccp" type="15" sum="5"/>
<action no="3" player="314SOS" type="1" discard="1" dealt="1" sum="30"/>
<action no="4" player="oreiasccp" type="2" sum="60"/>
</round>
<round no="1"><cards type="Pocket" player="314SOS">DQ CA</cards>
<cards type="Pocket" player="oreiasccp">DJ CJ</cards>
<action no="5" player="314SOS" type="23" discard="1" dealt="1" sum="1,130"/>
<action no="6" player="oreiasccp" type="7" sum="300"/>
</round>
<round no="2"><cards type="Flop">D2 D4 H6</cards>
</round>
<round no="3"><cards type="Turn">C9</cards>
</round>
<round no="4"><cards type="River">H3</cards>
</round>
</game>
<game gamecode="11516950655"><general><startdate>2025-06-17 11:48:29</startdate>
<round>1</round>
<failsafecounter/>
<players><player seat="6" name="314SOS" chips="770" dealer="0" win="0" bet="65" muck="1" rebuy="0" addon="0" merge="0" rebuychips="0" reg_code="8385547810"/>
<player seat="3" name="oreiasccp" chips="730" dealer="1" win="130" bet="730" muck="1" rebuy="0" addon="0" merge="0" rebuychips="0" reg_code="8385547794"/>
</players>
</general>
<round no="0"><action no="1" player="oreiasccp" type="15" sum="5"/>
<action no="2" player="314SOS" type="15" discard="1" dealt="1" sum="5"/>
<action no="3" player="oreiasccp" type="1" sum="30"/>
<action no="4" player="314SOS" type="2" discard="1" dealt="1" sum="60"/>
</round>
<round no="1"><cards type="Pocket" player="oreiasccp">SK HJ</cards>
<cards type="Pocket" player="314SOS">X X</cards>
<action no="5" player="oreiasccp" type="23" sum="725"/>
<action no="6" player="314SOS" type="0" discard="1" dealt="1" sum="0"/>
</round>
</game>
<game gamecode="11516950731"><general><startdate>2025-06-17 11:48:46</startdate>
<round>1</round>
<failsafecounter/>
<players><player seat="3" name="oreiasccp" chips="795" dealer="0" win="336" bet="289" muck="1" rebuy="0" addon="0" merge="0" rebuychips="0" reg_code="8385547794"/>
<player seat="6" name="314SOS" chips="705" dealer="1" win="0" bet="168" muck="1" rebuy="0" addon="0" merge="0" rebuychips="0" reg_code="8385547810"/>
</players>
</general>
<round no="0"><action no="1" player="314SOS" type="15" discard="1" dealt="1" sum="8"/>
<action no="2" player="oreiasccp" type="15" sum="8"/>
<action no="3" player="314SOS" type="1" discard="1" dealt="1" sum="40"/>
<action no="4" player="oreiasccp" type="2" sum="80"/>
</round>
<round no="1"><cards type="Pocket" player="oreiasccp">S9 S6</cards>
<cards type="Pocket" player="314SOS">X X</cards>
<action no="5" player="314SOS" type="3" discard="1" dealt="1" sum="40"/>
<action no="6" player="oreiasccp" type="4" sum="0"/>
</round>
<round no="2"><cards type="Flop">C9 SQ D5</cards>
<action no="7" player="oreiasccp" type="4" sum="0"/>
<action no="8" player="314SOS" type="5" discard="1" dealt="1" sum="80"/>
<action no="9" player="oreiasccp" type="3" sum="80"/>
</round>
<round no="3"><cards type="Turn">H2</cards>
<action no="10" player="oreiasccp" type="4" sum="0"/>
<action no="11" player="314SOS" type="4" discard="1" dealt="1" sum="0"/>
</round>
<round no="4"><cards type="River">H4</cards>
<action no="12" player="oreiasccp" type="5" sum="121"/>
<action no="13" player="314SOS" type="0" discard="1" dealt="1" sum="0"/>
</round>
</game>
<game gamecode="11516950937"><general><startdate>2025-06-17 11:49:37</startdate>
<round>1</round>
<failsafecounter/>
<players><player seat="6" name="314SOS" chips="537" dealer="0" win="96" bet="88" muck="1" rebuy="0" addon="0" merge="0" rebuychips="0" reg_code="8385547810"/>
<player seat="3" name="oreiasccp" chips="963" dealer="1" win="0" bet="48" muck="1" rebuy="0" addon="0" merge="0" rebuychips="0" reg_code="8385547794"/>
</players>
</general>
<round no="0"><action no="1" player="oreiasccp" type="15" sum="8"/>
<action no="2" player="314SOS" type="15" discard="1" dealt="1" sum="8"/>
<action no="3" player="oreiasccp" type="1" sum="40"/>
<action no="4" player="314SOS" type="2" discard="1" dealt="1" sum="80"/>
</round>
<round no="1"><cards type="Pocket" player="oreiasccp">C3 HJ</cards>
<cards type="Pocket" player="314SOS">X X</cards>
<action no="5" player="oreiasccp" type="0" sum="0"/>
</round>
</game>
<game gamecode="11516950956"><general><startdate>2025-06-17 11:49:43</startdate>
<round>1</round>
<failsafecounter/>
<players><player seat="3" name="oreiasccp" chips="915" dealer="0" win="1,170" bet="585" muck="0" rebuy="0" addon="0" merge="0" rebuychips="0" reg_code="8385547794"/>
<player seat="6" name="314SOS" chips="585" dealer="1" win="0" bet="585" muck="0" rebuy="0" addon="0" merge="0" rebuychips="0" reg_code="8385547810"/>
</players>
</general>
<round no="0"><action no="1" player="314SOS" type="15" discard="1" dealt="1" sum="8"/>
<action no="2" player="oreiasccp" type="15" sum="8"/>
<action no="3" player="314SOS" type="1" discard="1" dealt="1" sum="40"/>
<action no="4" player="oreiasccp" type="2" sum="80"/>
</round>
<round no="1"><cards type="Pocket" player="oreiasccp">DA DJ</cards>
<cards type="Pocket" player="314SOS">D2 CK</cards>
<action no="5" player="314SOS" type="23" discard="1" dealt="1" sum="577"/>
<action no="6" player="oreiasccp" type="3" sum="497"/>
</round>
<round no="2"><cards type="Flop">S9 HA C2</cards>
</round>
<round no="3"><cards type="Turn">S10</cards>
</round>
<round no="4"><cards type="River">C4</cards>
</round>
</game>
</session>
