<?xml version="1.0" encoding="UTF-8"?>
<session sessioncode="8385511221">
<general>
<client_version>24.7.1.16</client_version>
<mode>real</mode>
<gametype>Holdem NL</gametype>
<tablename>Twister €5 SNG, 1127664981</tablename>
<tournamentcode>1127664980</tournamentcode>
<tournamentname>Twister €5 SNG</tournamentname>
<buyin>€0 + €0.35 + €4.65</buyin>
<totalbuyin>€5</totalbuyin>
<rewarddrawn>€10</rewarddrawn>
<tournamentcurrency>EUR</tournamentcurrency>
<currency>EUR</currency>
<nickname>oreiasccp</nickname>
<gamecount>26</gamecount>
<startdate>2025-06-17 09:40:27</startdate>
<place>1</place>
<win>€10</win>
<tablesize>3</tablesize>
</general>
<game gamecode="11516838382"><general><startdate>2025-06-17 09:40:42</startdate>
<round>1</round>
<failsafecounter/>
<players><player seat="3" name="oreiasccp" chips="500" dealer="0" win="0" bet="20" muck="1" rebuy="0" addon="0" merge="0" rebuychips="0" reg_code="8385511221"/>
<player seat="6" name="Narcizas13" chips="500" dealer="1" win="0" bet="0" muck="1" rebuy="0" addon="0" merge="0" rebuychips="0" reg_code="8385511223"/>
<player seat="10" name="OneLastGame" chips="500" dealer="0" win="40" bet="40" muck="1" rebuy="0" addon="0" merge="0" rebuychips="0" reg_code="8385511226"/>
</players>
</general>
<round no="0"><action no="1" player="OneLastGame" type="1" discard="1" dealt="1" sum="10"/>
<action no="2" player="oreiasccp" type="2" sum="20"/>
</round>
<round no="1"><cards type="Pocket" player="oreiasccp">D3 S2</cards>
<cards type="Pocket" player="OneLastGame">X X</cards>
<cards type="Pocket" player="Narcizas13">X X</cards>
<action no="3" player="Narcizas13" type="0" discard="1" dealt="1" sum="0"/>
<action no="4" player="OneLastGame" type="3" discard="1" dealt="1" sum="10"/>
<action no="5" player="oreiasccp" type="4" sum="0"/>
</round>
<round no="2"><cards type="Flop">C7 HJ S7</cards>
<action no="6" player="OneLastGame" type="5" discard="1" dealt="1" sum="20"/>
<action no="7" player="oreiasccp" type="0" sum="0"/>
</round>
</game>
<game gamecode="11516838428"><general><startdate>2025-06-17 09:40:58</startdate>
<round>1</round>
<failsafecounter/>
<players><player seat="6" name="Narcizas13" chips="500" dealer="0" win="20" bet="20" muck="1" rebuy="0" addon="0" merge="0" rebuychips="0" reg_code="8385511223"/>
<player seat="10" name="OneLastGame" chips="520" dealer="1" win="0" bet="0" muck="1" rebuy="0" addon="0" merge="0" rebuychips="0" reg_code="8385511226"/>
<player seat="3" name="oreiasccp" chips="480" dealer="0" win="0" bet="10" muck="1" rebuy="0" addon="0" merge="0" rebuychips="0" reg_code="8385511221"/>
</players>
</general>
<round no="0"><action no="1" player="oreiasccp" type="1" sum="10"/>
<action no="2" player="Narcizas13" type="2" discard="1" dealt="1" sum="20"/>
</round>
<round no="1"><cards type="Pocket" player="oreiasccp">C4 SQ</cards>
<cards type="Pocket" player="OneLastGame">X X</cards>
<cards type="Pocket" player="Narcizas13">X X</cards>
<action no="3" player="OneLastGame" type="0" discard="1" dealt="1" sum="0"/>
<action no="4" player="oreiasccp" type="0" sum="0"/>
</round>
</game>
<game gamecode="11516838457"><general><startdate>2025-06-17 09:41:05</startdate>
<round>1</round>
<failsafecounter/>
<players><player seat="10" name="OneLastGame" chips="520" dealer="0" win="0" bet="60" muck="1" rebuy="0" addon="0" merge="0" rebuychips="0" reg_code="8385511226"/>
<player seat="3" name="oreiasccp" chips="470" dealer="1" win="130" bet="155" muck="1" rebuy="0" addon="0" merge="0" rebuychips="0" reg_code="8385511221"/>
<player seat="6" name="Narcizas13" chips="510" dealer="0" win="0" bet="10" muck="1" rebuy="0" addon="0" merge="0" rebuychips="0" reg_code="8385511223"/>
</players>
</general>
<round no="0"><action no="1" player="Narcizas13" type="1" discard="1" dealt="1" sum="10"/>
<action no="2" player="OneLastGame" type="2" discard="1" dealt="1" sum="20"/>
</round>
<round no="1"><cards type="Pocket" player="OneLastGame">X X</cards>
<cards type="Pocket" player="oreiasccp">D5 SA</cards>
<cards type="Pocket" player="Narcizas13">X X</cards>
<action no="3" player="oreiasccp" type="23" sum="40"/>
<action no="4" player="Narcizas13" type="0" discard="1" dealt="1" sum="0"/>
<action no="5" player="OneLastGame" type="3" discard="1" dealt="1" sum="20"/>
</round>
<round no="2"><cards type="Flop">DQ S3 HA</cards>
<action no="6" player="OneLastGame" type="4" discard="1" dealt="1" sum="0"/>
<action no="7" player="oreiasccp" type="5" sum="20"/>
<action no="8" player="OneLastGame" type="3" discard="1" dealt="1" sum="20"/>
</round>
<round no="3"><cards type="Turn">C9</cards>
<action no="9" player="OneLastGame" type="4" discard="1" dealt="1" sum="0"/>
<action no="10" player="oreiasccp" type="5" sum="95"/>
<action no="11" player="OneLastGame" type="0" discard="1" dealt="1" sum="0"/>
</round>
</game>
<game gamecode="11516838545"><general><startdate>2025-06-17 09:41:32</startdate>
<round>1</round>
<failsafecounter/>
<players><player seat="3" name="oreiasccp" chips="540" dealer="0" win="0" bet="20" muck="1" rebuy="0" addon="0" merge="0" rebuychips="0" reg_code="8385511221"/>
<player seat="6" name="Narcizas13" chips="500" dealer="1" win="0" bet="460" muck="1" rebuy="0" addon="0" merge="0" rebuychips="0" reg_code="8385511223"/>
<player seat="10" name="OneLastGame" chips="460" dealer="0" win="940" bet="460" muck="0" rebuy="0" addon="0" merge="0" rebuychips="0" reg_code="8385511226"/>
</players>
</general>
<round no="0"><action no="1" player="OneLastGame" type="1" discard="1" dealt="1" sum="10"/>
<action no="2" player="oreiasccp" type="2" sum="20"/>
</round>
<round no="1"><cards type="Pocket" player="oreiasccp">C6 CJ</cards>
<cards type="Pocket" player="Narcizas13">HQ DA</cards>
<cards type="Pocket" player="OneLastGame">S5 D5</cards>
<action no="3" player="Narcizas13" type="3" discard="1" dealt="1" sum="20"/>
<action no="4" player="OneLastGame" type="23" discard="1" dealt="1" sum="460"/>
<action no="5" player="oreiasccp" type="0" sum="0"/>
<action no="6" player="Narcizas13" type="3" discard="1" dealt="1" sum="440"/>
</round>
<round no="2"><cards type="Flop">CK S3 H4</cards>
</round>
<round no="3"><cards type="Turn">C7</cards>
</round>
<round no="4"><cards type="River">C2</cards>
</round>
</game>
<game gamecode="11516838609"><general><startdate>2025-06-17 09:41:54</startdate>
<round>1</round>
<failsafecounter/>
<players><player seat="6" name="Narcizas13" chips="40" dealer="0" win="80" bet="40" muck="0" rebuy="0" addon="0" merge="0" rebuychips="0" reg_code="8385511223"/>
<player seat="10" name="OneLastGame" chips="940" dealer="1" win="0" bet="0" muck="1" rebuy="0" addon="0" merge="0" rebuychips="0" reg_code="8385511226"/>
<player seat="3" name="oreiasccp" chips="520" dealer="0" win="0" bet="40" muck="0" rebuy="0" addon="0" merge="0" rebuychips="0" reg_code="8385511221"/>
</players>
</general>
<round no="0"><action no="1" player="oreiasccp" type="1" sum="10"/>
<action no="2" player="Narcizas13" type="2" discard="1" dealt="1" sum="20"/>
</round>
<round no="1"><cards type="Pocket" player="oreiasccp">C9 C5</cards>
<cards type="Pocket" player="OneLastGame">X X</cards>
<cards type="Pocket" player="Narcizas13">SJ S9</cards>
<action no="3" player="OneLastGame" type="0" discard="1" dealt="1" sum="0"/>
<action no="4" player="oreiasccp" type="23" sum="40"/>
<action no="5" player="Narcizas13" type="7" discard="1" dealt="1" sum="20"/>
</round>
<round no="2"><cards type="Flop">S3 H7 DQ</cards>
</round>
<round no="3"><cards type="Turn">H6</cards>
</round>
<round no="4"><cards type="River">SK</cards>
</round>
</game>
<game gamecode="11516838683"><general><startdate>2025-06-17 09:42:14</startdate>
<round>1</round>
<failsafecounter/>
<players><player seat="10" name="OneLastGame" chips="940" dealer="0" win="20" bet="20" muck="1" rebuy="0" addon="0" merge="0" rebuychips="0" reg_code="8385511226"/>
<player seat="3" name="oreiasccp" chips="480" dealer="1" win="0" bet="0" muck="1" rebuy="0" addon="0" merge="0" rebuychips="0" reg_code="8385511221"/>
<player seat="6" name="Narcizas13" chips="80" dealer="0" win="0" bet="10" muck="1" rebuy="0" addon="0" merge="0" rebuychips="0" reg_code="8385511223"/>
</players>
</general>
<round no="0"><action no="1" player="Narcizas13" type="1" discard="1" dealt="1" sum="10"/>
<action no="2" player="OneLastGame" type="2" discard="1" dealt="1" sum="20"/>
</round>
<round no="1"><cards type="Pocket" player="OneLastGame">X X</cards>
<cards type="Pocket" player="oreiasccp">H8 C5</cards>
<cards type="Pocket" player="Narcizas13">X X</cards>
<action no="3" player="oreiasccp" type="0" sum="0"/>
<action no="4" player="Narcizas13" type="0" discard="1" dealt="1" sum="0"/>
</round>
</game>
<game gamecode="11516838703"><general><startdate>2025-06-17 09:42:21</startdate>
<round>1</round>
<failsafecounter/>
<players><player seat="3" name="oreiasccp" chips="480" dealer="0" win="0" bet="70" muck="1" rebuy="0" addon="0" merge="0" rebuychips="0" reg_code="8385511221"/>
<player seat="6" name="Narcizas13" chips="70" dealer="1" win="150" bet="70" muck="0" rebuy="0" addon="0" merge="0" rebuychips="0" reg_code="8385511223"/>
<player seat="10" name="OneLastGame" chips="950" dealer="0" win="0" bet="10" muck="1" rebuy="0" addon="0" merge="0" rebuychips="0" reg_code="8385511226"/>
</players>
</general>
<round no="0"><action no="1" player="OneLastGame" type="1" discard="1" dealt="1" sum="10"/>
<action no="2" player="oreiasccp" type="2" sum="20"/>
</round>
<round no="1"><cards type="Pocket" player="oreiasccp">CA SK</cards>
<cards type="Pocket" player="Narcizas13">HK CQ</cards>
<cards type="Pocket" player="OneLastGame">X X</cards>
<action no="3" player="Narcizas13" type="23" discard="1" dealt="1" sum="70"/>
<action no="4" player="OneLastGame" type="0" discard="1" dealt="1" sum="0"/>
<action no="5" player="oreiasccp" type="3" sum="50"/>
</round>
<round no="2"><cards type="Flop">SQ S2 D7</cards>
</round>
<round no="3"><cards type="Turn">DJ</cards>
</round>
<round no="4"><cards type="River">D5</cards>
</round>
</game>
<game gamecode="11516838757"><general><startdate>2025-06-17 09:42:38</startdate>
<round>1</round>
<failsafecounter/>
<players><player seat="6" name="Narcizas13" chips="150" dealer="0" win="0" bet="150" muck="1" rebuy="0" addon="0" merge="0" rebuychips="0" reg_code="8385511223"/>
<player seat="10" name="OneLastGame" chips="940" dealer="1" win="0" bet="0" muck="1" rebuy="0" addon="0" merge="0" rebuychips="0" reg_code="8385511226"/>
<player seat="3" name="oreiasccp" chips="410" dealer="0" win="300" bet="150" muck="0" rebuy="0" addon="0" merge="0" rebuychips="0" reg_code="8385511221"/>
</players>
</general>
<round no="0"><action no="1" player="oreiasccp" type="1" sum="10"/>
<action no="2" player="Narcizas13" type="2" discard="1" dealt="1" sum="20"/>
</round>
<round no="1"><cards type="Pocket" player="Narcizas13">SJ DA</cards>
<cards type="Pocket" player="oreiasccp">S9 HQ</cards>
<cards type="Pocket" player="OneLastGame">X X</cards>
<action no="3" player="OneLastGame" type="0" discard="1" dealt="1" sum="0"/>
<action no="4" player="oreiasccp" type="23" sum="150"/>
<action no="5" player="Narcizas13" type="7" discard="1" dealt="1" sum="130"/>
</round>
<round no="2"><cards type="Flop">H6 SK C9</cards>
</round>
<round no="3"><cards type="Turn">DQ</cards>
</round>
<round no="4"><cards type="River">C5</cards>
</round>
</game>
<game gamecode="11516838811"><general><startdate>2025-06-17 09:42:55</startdate>
<round>1</round>
<failsafecounter/>
<players><player seat="10" name="OneLastGame" chips="940" dealer="0" win="130" bet="940" muck="1" rebuy="0" addon="0" merge="0" rebuychips="0" reg_code="8385511226"/>
<player seat="3" name="oreiasccp" chips="560" dealer="1" win="0" bet="65" muck="1" rebuy="0" addon="0" merge="0" rebuychips="0" reg_code="8385511221"/>
</players>
</general>
<round no="0"><action no="1" player="oreiasccp" type="15" sum="5"/>
<action no="2" player="OneLastGame" type="15" discard="1" dealt="1" sum="5"/>
<action no="3" player="oreiasccp" type="1" sum="15"/>
<action no="4" player="OneLastGame" type="2" discard="1" dealt="1" sum="30"/>
</round>
<round no="1"><cards type="Pocket" player="oreiasccp">DQ S8</cards>
<cards type="Pocket" player="OneLastGame">X X</cards>
<action no="5" player="oreiasccp" type="23" sum="60"/>
<action no="6" player="OneLastGame" type="23" discard="1" dealt="1" sum="935"/>
<action no="7" player="oreiasccp" type="0" sum="0"/>
</round>
</game>
<game gamecode="11516838856"><general><startdate>2025-06-17 09:43:07</startdate>
<round>1</round>
<failsafecounter/>
<players><player seat="3" name="oreiasccp" chips="495" dealer="0" win="70" bet="495" muck="1" rebuy="0" addon="0" merge="0" rebuychips="0" reg_code="8385511221"/>
<player seat="10" name="OneLastGame" chips="1,005" dealer="1" win="0" bet="35" muck="1" rebuy="0" addon="0" merge="0" rebuychips="0" reg_code="8385511226"/>
</players>
</general>
<round no="0"><action no="1" player="OneLastGame" type="15" discard="1" dealt="1" sum="5"/>
<action no="2" player="oreiasccp" type="15" sum="5"/>
<action no="3" player="OneLastGame" type="1" discard="1" dealt="1" sum="15"/>
<action no="4" player="oreiasccp" type="2" sum="30"/>
</round>
<round no="1"><cards type="Pocket" player="oreiasccp">SA D8</cards>
<cards type="Pocket" player="OneLastGame">X X</cards>
<action no="5" player="OneLastGame" type="3" discard="1" dealt="1" sum="15"/>
<action no="6" player="oreiasccp" type="23" sum="490"/>
<action no="7" player="OneLastGame" type="0" discard="1" dealt="1" sum="0"/>
</round>
</game>
<game gamecode="11516843423"><general><startdate>2025-06-17 09:43:23</startdate>
<round>1</round>
<failsafecounter/>
<players><player seat="10" name="OneLastGame" chips="970" dealer="0" win="176" bet="970" muck="1" rebuy="0" addon="0" merge="0" rebuychips="0" reg_code="8385511226"/>
<player seat="3" name="oreiasccp" chips="530" dealer="1" win="0" bet="88" muck="1" rebuy="0" addon="0" merge="0" rebuychips="0" reg_code="8385511221"/>
</players>
</general>
<round no="0"><action no="1" player="oreiasccp" type="15" sum="5"/>
<action no="2" player="OneLastGame" type="15" discard="1" dealt="1" sum="5"/>
<action no="3" player="oreiasccp" type="1" sum="15"/>
<action no="4" player="OneLastGame" type="2" discard="1" dealt="1" sum="30"/>
</round>
<round no="1"><cards type="Pocket" player="OneLastGame">X X</cards>
<cards type="Pocket" player="oreiasccp">DA SJ</cards>
<action no="5" player="oreiasccp" type="3" sum="15"/>
<action no="6" player="OneLastGame" type="4" discard="1" dealt="1" sum="0"/>
</round>
<round no="2"><cards type="Flop">S8 D10 H3</cards>
<action no="7" player="OneLastGame" type="4" discard="1" dealt="1" sum="0"/>
<action no="8" player="oreiasccp" type="4" sum="0"/>
</round>
<round no="3"><cards type="Turn">C10</cards>
<action no="9" player="OneLastGame" type="5" discard="1" dealt="1" sum="53"/>
<action no="10" player="oreiasccp" type="3" sum="53"/>
</round>
<round no="4"><cards type="River">D3</cards>
<action no="11" player="OneLastGame" type="5" discard="1" dealt="1" sum="882"/>
<action no="12" player="oreiasccp" type="0" sum="0"/>
</round>
</game>
<game gamecode="11516843509"><general><startdate>2025-06-17 09:43:53</startdate>
<round>1</round>
<failsafecounter/>
<players><player seat="3" name="oreiasccp" chips="442" dealer="0" win="70" bet="442" muck="1" rebuy="0" addon="0" merge="0" rebuychips="0" reg_code="8385511221"/>
<player seat="10" name="OneLastGame" chips="1,058" dealer="1" win="0" bet="35" muck="1" rebuy="0" addon="0" merge="0" rebuychips="0" reg_code="8385511226"/>
</players>
</general>
<round no="0"><action no="1" player="OneLastGame" type="15" discard="1" dealt="1" sum="5"/>
<action no="2" player="oreiasccp" type="15" sum="5"/>
<action no="3" player="OneLastGame" type="1" discard="1" dealt="1" sum="15"/>
<action no="4" player="oreiasccp" type="2" sum="30"/>
</round>
<round no="1"><cards type="Pocket" player="oreiasccp">SA C8</cards>
<cards type="Pocket" player="OneLastGame">X X</cards>
<action no="5" player="OneLastGame" type="3" discard="1" dealt="1" sum="15"/>
<action no="6" player="oreiasccp" type="23" sum="437"/>
<action no="7" player="OneLastGame" type="0" discard="1" dealt="1" sum="0"/>
</round>
</game>
<game gamecode="11516843546"><general><startdate>2025-06-17 09:44:02</startdate>
<round>1</round>
<failsafecounter/>
<players><player seat="10" name="OneLastGame" chips="1,023" dealer="0" win="0" bet="477" muck="1" rebuy="0" addon="0" merge="0" rebuychips="0" reg_code="8385511226"/>
<player seat="3" name="oreiasccp" chips="477" dealer="1" win="954" bet="477" muck="0" rebuy="0" addon="0" merge="0" rebuychips="0" reg_code="8385511221"/>
</players>
</general>
<round no="0"><action no="1" player="oreiasccp" type="15" sum="5"/>
<action no="2" player="OneLastGame" type="15" discard="1" dealt="1" sum="5"/>
<action no="3" player="oreiasccp" type="1" sum="15"/>
<action no="4" player="OneLastGame" type="2" discard="1" dealt="1" sum="30"/>
</round>
<round no="1"><cards type="Pocket" player="OneLastGame">SA DJ</cards>
<cards type="Pocket" player="oreiasccp">C6 DA</cards>
<action no="5" player="oreiasccp" type="23" sum="472"/>
<action no="6" player="OneLastGame" type="3" discard="1" dealt="1" sum="442"/>
</round>
<round no="2"><cards type="Flop">S4 S5 C7</cards>
</round>
<round no="3"><cards type="Turn">C5</cards>
</round>
<round no="4"><cards type="River">C8</cards>
</round>
</game>
<game gamecode="11516843598"><general><startdate>2025-06-17 09:44:18</startdate>
<round>1</round>
<failsafecounter/>
<players><player seat="3" name="oreiasccp" chips="954" dealer="0" win="0" bet="35" muck="1" rebuy="0" addon="0" merge="0" rebuychips="0" reg_code="8385511221"/>
<player seat="10" name="OneLastGame" chips="546" dealer="1" win="70" bet="88" muck="1" rebuy="0" addon="0" merge="0" rebuychips="0" reg_code="8385511226"/>
</players>
</general>
<round no="0"><action no="1" player="OneLastGame" type="15" discard="1" dealt="1" sum="5"/>
<action no="2" player="oreiasccp" type="15" sum="5"/>
<action no="3" player="OneLastGame" type="1" discard="1" dealt="1" sum="15"/>
<action no="4" player="oreiasccp" type="2" sum="30"/>
</round>
<round no="1"><cards type="Pocket" player="OneLastGame">X X</cards>
<cards type="Pocket" player="oreiasccp">D6 SJ</cards>
<action no="5" player="OneLastGame" type="3" discard="1" dealt="1" sum="15"/>
<action no="6" player="oreiasccp" type="4" sum="0"/>
</round>
<round no="2"><cards type="Flop">C7 D3 D10</cards>
<action no="7" player="oreiasccp" type="4" sum="0"/>
<action no="8" player="OneLastGame" type="4" discard="1" dealt="1" sum="0"/>
</round>
<round no="3"><cards type="Turn">C2</cards>
<action no="9" player="oreiasccp" type="4" sum="0"/>
<action no="10" player="OneLastGame" type="5" discard="1" dealt="1" sum="53"/>
<action no="11" player="oreiasccp" type="0" sum="0"/>
</round>
</game>
<game gamecode="11516843658"><general><startdate>2025-06-17 09:44:39</startdate>
<round>1</round>
<failsafecounter/>
<players><player seat="10" name="OneLastGame" chips="581" dealer="0" win="0" bet="293" muck="1" rebuy="0" addon="0" merge="0" rebuychips="0" reg_code="8385511226"/>
<player seat="3" name="oreiasccp" chips="919" dealer="1" win="586" bet="581" muck="1" rebuy="0" addon="0" merge="0" rebuychips="0" reg_code="8385511221"/>
</players>
</general>
<round no="0"><action no="1" player="oreiasccp" type="15" sum="5"/>
<action no="2" player="OneLastGame" type="15" discard="1" dealt="1" sum="5"/>
<action no="3" player="oreiasccp" type="1" sum="15"/>
<action no="4" player="OneLastGame" type="2" discard="1" dealt="1" sum="30"/>
</round>
<round no="1"><cards type="Pocket" player="OneLastGame">X X</cards>
<cards type="Pocket" player="oreiasccp">S9 SK</cards>
<action no="5" player="oreiasccp" type="3" sum="15"/>
<action no="6" player="OneLastGame" type="23" discard="1" dealt="1" sum="190"/>
<action no="7" player="oreiasccp" type="3" sum="160"/>
</round>
<round no="2"><cards type="Flop">S3 SQ DK</cards>
<action no="8" player="OneLastGame" type="5" discard="1" dealt="1" sum="98"/>
<action no="9" player="oreiasccp" type="3" sum="98"/>
</round>
<round no="3"><cards type="Turn">D5</cards>
<action no="10" player="OneLastGame" type="4" discard="1" dealt="1" sum="0"/>
<action no="11" player="oreiasccp" type="5" sum="288"/>
<action no="12" player="OneLastGame" type="0" discard="1" dealt="1" sum="0"/>
</round>
</game>
<game gamecode="11516843725"><general><startdate>2025-06-17 09:45:00</startdate>
<round>1</round>
<failsafecounter/>
<players><player seat="3" name="oreiasccp" chips="1,212" dealer="0" win="50" bet="45" muck="1" rebuy="0" addon="0" merge="0" rebuychips="0" reg_code="8385511221"/>
<player seat="10" name="OneLastGame" chips="288" dealer="1" win="0" bet="25" muck="1" rebuy="0" addon="0" merge="0" rebuychips="0" reg_code="8385511226"/>
</players>
</general>
<round no="0"><action no="1" player="OneLastGame" type="15" discard="1" dealt="1" sum="5"/>
<action no="2" player="oreiasccp" type="15" sum="5"/>
<action no="3" player="OneLastGame" type="1" discard="1" dealt="1" sum="20"/>
<action no="4" player="oreiasccp" type="2" sum="40"/>
</round>
<round no="1"><cards type="Pocket" player="OneLastGame">X X</cards>
<cards type="Pocket" player="oreiasccp">H4 DA</cards>
<action no="5" player="OneLastGame" type="0" discard="1" dealt="1" sum="0"/>
</round>
</game>
<game gamecode="11516843749"><general><startdate>2025-06-17 09:45:08</startdate>
<round>1</round>
<failsafecounter/>
<players><player seat="10" name="OneLastGame" chips="263" dealer="0" win="50" bet="45" muck="1" rebuy="0" addon="0" merge="0" rebuychips="0" reg_code="8385511226"/>
<player seat="3" name="oreiasccp" chips="1,237" dealer="1" win="0" bet="25" muck="1" rebuy="0" addon="0" merge="0" rebuychips="0" reg_code="8385511221"/>
</players>
</general>
<round no="0"><action no="1" player="oreiasccp" type="15" sum="5"/>
<action no="2" player="OneLastGame" type="15" discard="1" dealt="1" sum="5"/>
<action no="3" player="oreiasccp" type="1" sum="20"/>
<action no="4" player="OneLastGame" type="2" discard="1" dealt="1" sum="40"/>
</round>
<round no="1"><cards type="Pocket" player="OneLastGame">X X</cards>
<cards type="Pocket" player="oreiasccp">D4 H3</cards>
<action no="5" player="oreiasccp" type="0" sum="0"/>
</round>
</game>
<game gamecode="11516843767"><general><startdate>2025-06-17 09:45:13</startdate>
<round>1</round>
<failsafecounter/>
<players><player seat="3" name="oreiasccp" chips="1,212" dealer="0" win="0" bet="45" muck="1" rebuy="0" addon="0" merge="0" rebuychips="0" reg_code="8385511221"/>
<player seat="10" name="OneLastGame" chips="288" dealer="1" win="90" bet="85" muck="1" rebuy="0" addon="0" merge="0" rebuychips="0" reg_code="8385511226"/>
</players>
</general>
<round no="0"><action no="1" player="OneLastGame" type="15" discard="1" dealt="1" sum="5"/>
<action no="2" player="oreiasccp" type="15" sum="5"/>
<action no="3" player="OneLastGame" type="1" discard="1" dealt="1" sum="20"/>
<action no="4" player="oreiasccp" type="2" sum="40"/>
</round>
<round no="1"><cards type="Pocket" player="OneLastGame">X X</cards>
<cards type="Pocket" player="oreiasccp">S9 D5</cards>
<action no="5" player="OneLastGame" type="3" discard="1" dealt="1" sum="20"/>
<action no="6" player="oreiasccp" type="4" sum="0"/>
</round>
<round no="2"><cards type="Flop">HA H8 D10</cards>
<action no="7" player="oreiasccp" type="4" sum="0"/>
<action no="8" player="OneLastGame" type="5" discard="1" dealt="1" sum="40"/>
<action no="9" player="oreiasccp" type="0" sum="0"/>
</round>
</game>
<game gamecode="11516843840"><general><startdate>2025-06-17 09:45:30</startdate>
<round>1</round>
<failsafecounter/>
<players><player seat="10" name="OneLastGame" chips="333" dealer="0" win="90" bet="333" muck="1" rebuy="0" addon="0" merge="0" rebuychips="0" reg_code="8385511226"/>
<player seat="3" name="oreiasccp" chips="1,167" dealer="1" win="0" bet="45" muck="1" rebuy="0" addon="0" merge="0" rebuychips="0" reg_code="8385511221"/>
</players>
</general>
<round no="0"><action no="1" player="oreiasccp" type="15" sum="5"/>
<action no="2" player="OneLastGame" type="15" discard="1" dealt="1" sum="5"/>
<action no="3" player="oreiasccp" type="1" sum="20"/>
<action no="4" player="OneLastGame" type="2" discard="1" dealt="1" sum="40"/>
</round>
<round no="1"><cards type="Pocket" player="oreiasccp">C10 D6</cards>
<cards type="Pocket" player="OneLastGame">X X</cards>
<action no="5" player="oreiasccp" type="3" sum="20"/>
<action no="6" player="OneLastGame" type="23" discard="1" dealt="1" sum="328"/>
<action no="7" player="oreiasccp" type="0" sum="0"/>
</round>
</game>
<game gamecode="11516843870"><general><startdate>2025-06-17 09:45:39</startdate>
<round>1</round>
<failsafecounter/>
<players><player seat="3" name="oreiasccp" chips="1,122" dealer="0" win="0" bet="45" muck="1" rebuy="0" addon="0" merge="0" rebuychips="0" reg_code="8385511221"/>
<player seat="10" name="OneLastGame" chips="378" dealer="1" win="90" bet="85" muck="1" rebuy="0" addon="0" merge="0" rebuychips="0" reg_code="8385511226"/>
</players>
</general>
<round no="0"><action no="1" player="OneLastGame" type="15" discard="1" dealt="1" sum="5"/>
<action no="2" player="oreiasccp" type="15" sum="5"/>
<action no="3" player="OneLastGame" type="1" discard="1" dealt="1" sum="20"/>
<action no="4" player="oreiasccp" type="2" sum="40"/>
</round>
<round no="1"><cards type="Pocket" player="OneLastGame">X X</cards>
<cards type="Pocket" player="oreiasccp">C3 H6</cards>
<action no="5" player="OneLastGame" type="3" discard="1" dealt="1" sum="20"/>
<action no="6" player="oreiasccp" type="4" sum="0"/>
</round>
<round no="2"><cards type="Flop">S10 S9 SJ</cards>
<action no="7" player="oreiasccp" type="4" sum="0"/>
<action no="8" player="OneLastGame" type="5" discard="1" dealt="1" sum="40"/>
<action no="9" player="oreiasccp" type="0" sum="0"/>
</round>
</game>
<game gamecode="11516843910"><general><startdate>2025-06-17 09:45:53</startdate>
<round>1</round>
<failsafecounter/>
<players><player seat="10" name="OneLastGame" chips="423" dealer="0" win="170" bet="213" muck="1" rebuy="0" addon="0" merge="0" rebuychips="0" reg_code="8385511226"/>
<player seat="3" name="oreiasccp" chips="1,077" dealer="1" win="0" bet="85" muck="1" rebuy="0" addon="0" merge="0" rebuychips="0" reg_code="8385511221"/>
</players>
</general>
<round no="0"><action no="1" player="oreiasccp" type="15" sum="5"/>
<action no="2" player="OneLastGame" type="15" discard="1" dealt="1" sum="5"/>
<action no="3" player="oreiasccp" type="1" sum="20"/>
<action no="4" player="OneLastGame" type="2" discard="1" dealt="1" sum="40"/>
</round>
<round no="1"><cards type="Pocket" player="oreiasccp">S8 C5</cards>
<cards type="Pocket" player="OneLastGame">X X</cards>
<action no="5" player="oreiasccp" type="3" sum="20"/>
<action no="6" player="OneLastGame" type="4" discard="1" dealt="1" sum="0"/>
</round>
<round no="2"><cards type="Flop">C10 H3 DA</cards>
<action no="7" player="OneLastGame" type="4" discard="1" dealt="1" sum="0"/>
<action no="8" player="oreiasccp" type="5" sum="40"/>
<action no="9" player="OneLastGame" type="3" discard="1" dealt="1" sum="40"/>
</round>
<round no="3"><cards type="Turn">SQ</cards>
<action no="10" player="OneLastGame" type="4" discard="1" dealt="1" sum="0"/>
<action no="11" player="oreiasccp" type="4" sum="0"/>
</round>
<round no="4"><cards type="River">C2</cards>
<action no="12" player="OneLastGame" type="5" discard="1" dealt="1" sum="128"/>
<action no="13" player="oreiasccp" type="0" sum="0"/>
</round>
</game>
<game gamecode="11516843974"><general><startdate>2025-06-17 09:46:12</startdate>
<round>1</round>
<failsafecounter/>
<players><player seat="3" name="oreiasccp" chips="992" dealer="0" win="0" bet="45" muck="1" rebuy="0" addon="0" merge="0" rebuychips="0" reg_code="8385511221"/>
<player seat="10" name="OneLastGame" chips="508" dealer="1" win="90" bet="508" muck="1" rebuy="0" addon="0" merge="0" rebuychips="0" reg_code="8385511226"/>
</players>
</general>
<round no="0"><action no="1" player="OneLastGame" type="15" discard="1" dealt="1" sum="5"/>
<action no="2" player="oreiasccp" type="15" sum="5"/>
<action no="3" player="OneLastGame" type="1" discard="1" dealt="1" sum="20"/>
<action no="4" player="oreiasccp" type="2" sum="40"/>
</round>
<round no="1"><cards type="Pocket" player="OneLastGame">X X</cards>
<cards type="Pocket" player="oreiasccp">S3 C8</cards>
<action no="5" player="OneLastGame" type="23" discard="1" dealt="1" sum="503"/>
<action no="6" player="oreiasccp" type="0" sum="0"/>
</round>
</game>
<game gamecode="11516843995"><general><startdate>2025-06-17 09:46:21</startdate>
<round>1</round>
<failsafecounter/>
<players><player seat="10" name="OneLastGame" chips="553" dealer="0" win="90" bet="553" muck="1" rebuy="0" addon="0" merge="0" rebuychips="0" reg_code="8385511226"/>
<player seat="3" name="oreiasccp" chips="947" dealer="1" win="0" bet="45" muck="1" rebuy="0" addon="0" merge="0" rebuychips="0" reg_code="8385511221"/>
</players>
</general>
<round no="0"><action no="1" player="oreiasccp" type="15" sum="5"/>
<action no="2" player="OneLastGame" type="15" discard="1" dealt="1" sum="5"/>
<action no="3" player="oreiasccp" type="1" sum="20"/>
<action no="4" player="OneLastGame" type="2" discard="1" dealt="1" sum="40"/>
</round>
<round no="1"><cards type="Pocket" player="OneLastGame">X X</cards>
<cards type="Pocket" player="oreiasccp">D7 D8</cards>
<action no="5" player="oreiasccp" type="3" sum="20"/>
<action no="6" player="OneLastGame" type="23" discard="1" dealt="1" sum="548"/>
<action no="7" player="oreiasccp" type="0" sum="0"/>
</round>
</game>
<game gamecode="11516844029"><general><startdate>2025-06-17 09:46:31</startdate>
<round>1</round>
<failsafecounter/>
<players><player seat="3" name="oreiasccp" chips="902" dealer="0" win="90" bet="125" muck="1" rebuy="0" addon="0" merge="0" rebuychips="0" reg_code="8385511221"/>
<player seat="10" name="OneLastGame" chips="598" dealer="1" win="0" bet="45" muck="1" rebuy="0" addon="0" merge="0" rebuychips="0" reg_code="8385511226"/>
</players>
</general>
<round no="0"><action no="1" player="OneLastGame" type="15" discard="1" dealt="1" sum="5"/>
<action no="2" player="oreiasccp" type="15" sum="5"/>
<action no="3" player="OneLastGame" type="1" discard="1" dealt="1" sum="20"/>
<action no="4" player="oreiasccp" type="2" sum="40"/>
</round>
<round no="1"><cards type="Pocket" player="oreiasccp">D7 CQ</cards>
<cards type="Pocket" player="OneLastGame">X X</cards>
<action no="5" player="OneLastGame" type="3" discard="1" dealt="1" sum="20"/>
<action no="6" player="oreiasccp" type="23" sum="120"/>
<action no="7" player="OneLastGame" type="0" discard="1" dealt="1" sum="0"/>
</round>
</game>
<game gamecode="11516844084"><general><startdate>2025-06-17 09:46:50</startdate>
<round>1</round>
<failsafecounter/>
<players><player seat="10" name="OneLastGame" chips="553" dealer="0" win="0" bet="125" muck="1" rebuy="0" addon="0" merge="0" rebuychips="0" reg_code="8385511226"/>
<player seat="3" name="oreiasccp" chips="947" dealer="1" win="250" bet="308" muck="1" rebuy="0" addon="0" merge="0" rebuychips="0" reg_code="8385511221"/>
</players>
</general>
<round no="0"><action no="1" player="oreiasccp" type="15" sum="5"/>
<action no="2" player="OneLastGame" type="15" discard="1" dealt="1" sum="5"/>
<action no="3" player="oreiasccp" type="1" sum="30"/>
<action no="4" player="OneLastGame" type="2" discard="1" dealt="1" sum="60"/>
</round>
<round no="1"><cards type="Pocket" player="oreiasccp">SJ D6</cards>
<cards type="Pocket" player="OneLastGame">X X</cards>
<action no="5" player="oreiasccp" type="3" sum="30"/>
<action no="6" player="OneLastGame" type="4" discard="1" dealt="1" sum="0"/>
</round>
<round no="2"><cards type="Flop">S10 D3 S5</cards>
<action no="7" player="OneLastGame" type="4" discard="1" dealt="1" sum="0"/>
<action no="8" player="oreiasccp" type="5" sum="60"/>
<action no="9" player="OneLastGame" type="3" discard="1" dealt="1" sum="60"/>
</round>
<round no="3"><cards type="Turn">HQ</cards>
<action no="10" player="OneLastGame" type="4" discard="1" dealt="1" sum="0"/>
<action no="11" player="oreiasccp" type="5" sum="183"/>
<action no="12" player="OneLastGame" type="0" discard="1" dealt="1" sum="0"/>
</round>
</game>
<game gamecode="11516844163"><general><startdate>2025-06-17 09:47:17</startdate>
<round>1</round>
<failsafecounter/>
<players><player seat="3" name="oreiasccp" chips="1,072" dealer="0" win="856" bet="428" muck="0" rebuy="0" addon="0" merge="0" rebuychips="0" reg_code="8385511221"/>
<player seat="10" name="OneLastGame" chips="428" dealer="1" win="0" bet="428" muck="0" rebuy="0" addon="0" merge="0" rebuychips="0" reg_code="8385511226"/>
</players>
</general>
<round no="0"><action no="1" player="OneLastGame" type="15" discard="1" dealt="1" sum="5"/>
<action no="2" player="oreiasccp" type="15" sum="5"/>
<action no="3" player="OneLastGame" type="1" discard="1" dealt="1" sum="30"/>
<action no="4" player="oreiasccp" type="2" sum="60"/>
</round>
<round no="1"><cards type="Pocket" player="oreiasccp">C9 S9</cards>
<cards type="Pocket" player="OneLastGame">DA C5</cards>
<action no="5" player="OneLastGame" type="23" discard="1" dealt="1" sum="423"/>
<action no="6" player="oreiasccp" type="3" sum="363"/>
</round>
<round no="2"><cards type="Flop">S3 S6 H9</cards>
</round>
<round no="3"><cards type="Turn">HA</cards>
</round>
<round no="4"><cards type="River">SA</cards>
</round>
</game>
</session>
