<?xml version="1.0" encoding="UTF-8"?>
<session sessioncode="8385520243">
<general>
<client_version>24.7.1.16</client_version>
<mode>real</mode>
<gametype>Holdem NL</gametype>
<tablename>Twister €5 SNG, 1127666687</tablename>
<tournamentcode>1127666686</tournamentcode>
<tournamentname>Twister €5 SNG</tournamentname>
<buyin>€0 + €0.35 + €4.65</buyin>
<totalbuyin>€5</totalbuyin>
<rewarddrawn>€10</rewarddrawn>
<tournamentcurrency>EUR</tournamentcurrency>
<currency>EUR</currency>
<nickname>oreiasccp</nickname>
<gamecount>23</gamecount>
<startdate>2025-06-17 10:19:14</startdate>
<place>1</place>
<win>€10</win>
<tablesize>3</tablesize>
</general>
<game gamecode="11516868424"><general><startdate>2025-06-17 10:19:30</startdate>
<round>1</round>
<failsafecounter/>
<players><player seat="6" name="oreiasccp" chips="500" dealer="0" win="40" bet="500" muck="1" rebuy="0" addon="0" merge="0" rebuychips="0" reg_code="8385520243"/>
<player seat="10" name="AnSer1" chips="500" dealer="1" win="0" bet="0" muck="1" rebuy="0" addon="0" merge="0" rebuychips="0" reg_code="8385520250"/>
<player seat="3" name="HUDROSLIDE21" chips="500" dealer="0" win="0" bet="20" muck="1" rebuy="0" addon="0" merge="0" rebuychips="0" reg_code="8385520189"/>
</players>
</general>
<round no="0"><action no="1" player="HUDROSLIDE21" type="1" discard="1" dealt="1" sum="10"/>
<action no="2" player="oreiasccp" type="2" sum="20"/>
</round>
<round no="1"><cards type="Pocket" player="AnSer1">X X</cards>
<cards type="Pocket" player="oreiasccp">CA S10</cards>
<cards type="Pocket" player="HUDROSLIDE21">X X</cards>
<action no="3" player="AnSer1" type="0" discard="1" dealt="1" sum="0"/>
<action no="4" player="HUDROSLIDE21" type="3" discard="1" dealt="1" sum="10"/>
<action no="5" player="oreiasccp" type="23" sum="500"/>
<action no="6" player="HUDROSLIDE21" type="0" discard="1" dealt="1" sum="0"/>
</round>
</game>
<game gamecode="11516868462"><general><startdate>2025-06-17 10:19:40</startdate>
<round>1</round>
<failsafecounter/>
<players><player seat="10" name="AnSer1" chips="500" dealer="0" win="0" bet="20" muck="1" rebuy="0" addon="0" merge="0" rebuychips="0" reg_code="8385520250"/>
<player seat="3" name="HUDROSLIDE21" chips="480" dealer="1" win="0" bet="0" muck="1" rebuy="0" addon="0" merge="0" rebuychips="0" reg_code="8385520189"/>
<player seat="6" name="oreiasccp" chips="520" dealer="0" win="40" bet="40" muck="1" rebuy="0" addon="0" merge="0" rebuychips="0" reg_code="8385520243"/>
</players>
</general>
<round no="0"><action no="1" player="oreiasccp" type="1" sum="10"/>
<action no="2" player="AnSer1" type="2" discard="1" dealt="1" sum="20"/>
</round>
<round no="1"><cards type="Pocket" player="AnSer1">X X</cards>
<cards type="Pocket" player="oreiasccp">SA C6</cards>
<cards type="Pocket" player="HUDROSLIDE21">X X</cards>
<action no="3" player="HUDROSLIDE21" type="0" discard="1" dealt="1" sum="0"/>
<action no="4" player="oreiasccp" type="23" sum="40"/>
<action no="5" player="AnSer1" type="0" discard="1" dealt="1" sum="0"/>
</round>
</game>
<game gamecode="11516868516"><general><startdate>2025-06-17 10:19:53</startdate>
<round>1</round>
<failsafecounter/>
<players><player seat="3" name="HUDROSLIDE21" chips="480" dealer="0" win="0" bet="40" muck="1" rebuy="0" addon="0" merge="0" rebuychips="0" reg_code="8385520189"/>
<player seat="6" name="oreiasccp" chips="540" dealer="1" win="0" bet="0" muck="1" rebuy="0" addon="0" merge="0" rebuychips="0" reg_code="8385520243"/>
<player seat="10" name="AnSer1" chips="480" dealer="0" win="80" bet="100" muck="1" rebuy="0" addon="0" merge="0" rebuychips="0" reg_code="8385520250"/>
</players>
</general>
<round no="0"><action no="1" player="AnSer1" type="1" discard="1" dealt="1" sum="10"/>
<action no="2" player="HUDROSLIDE21" type="2" discard="1" dealt="1" sum="20"/>
</round>
<round no="1"><cards type="Pocket" player="oreiasccp">D9 D3</cards>
<cards type="Pocket" player="HUDROSLIDE21">X X</cards>
<cards type="Pocket" player="AnSer1">X X</cards>
<action no="3" player="oreiasccp" type="0" sum="0"/>
<action no="4" player="AnSer1" type="3" discard="1" dealt="1" sum="10"/>
<action no="5" player="HUDROSLIDE21" type="4" discard="1" dealt="1" sum="0"/>
</round>
<round no="2"><cards type="Flop">D10 C6 D4</cards>
<action no="6" player="AnSer1" type="5" discard="1" dealt="1" sum="20"/>
<action no="7" player="HUDROSLIDE21" type="3" discard="1" dealt="1" sum="20"/>
</round>
<round no="3"><cards type="Turn">HA</cards>
<action no="8" player="AnSer1" type="5" discard="1" dealt="1" sum="60"/>
<action no="9" player="HUDROSLIDE21" type="0" discard="1" dealt="1" sum="0"/>
</round>
</game>
<game gamecode="11516868615"><general><startdate>2025-06-17 10:20:21</startdate>
<round>1</round>
<failsafecounter/>
<players><player seat="6" name="oreiasccp" chips="540" dealer="0" win="0" bet="20" muck="1" rebuy="0" addon="0" merge="0" rebuychips="0" reg_code="8385520243"/>
<player seat="10" name="AnSer1" chips="520" dealer="1" win="0" bet="0" muck="1" rebuy="0" addon="0" merge="0" rebuychips="0" reg_code="8385520250"/>
<player seat="3" name="HUDROSLIDE21" chips="440" dealer="0" win="40" bet="60" muck="1" rebuy="0" addon="0" merge="0" rebuychips="0" reg_code="8385520189"/>
</players>
</general>
<round no="0"><action no="1" player="HUDROSLIDE21" type="1" discard="1" dealt="1" sum="10"/>
<action no="2" player="oreiasccp" type="2" sum="20"/>
</round>
<round no="1"><cards type="Pocket" player="AnSer1">X X</cards>
<cards type="Pocket" player="HUDROSLIDE21">X X</cards>
<cards type="Pocket" player="oreiasccp">C4 C7</cards>
<action no="3" player="AnSer1" type="0" discard="1" dealt="1" sum="0"/>
<action no="4" player="HUDROSLIDE21" type="3" discard="1" dealt="1" sum="10"/>
<action no="5" player="oreiasccp" type="4" sum="0"/>
</round>
<round no="2"><cards type="Flop">HK D3 SA</cards>
<action no="6" player="HUDROSLIDE21" type="5" discard="1" dealt="1" sum="40"/>
<action no="7" player="oreiasccp" type="0" sum="0"/>
</round>
</game>
<game gamecode="11516868663"><general><startdate>2025-06-17 10:20:33</startdate>
<round>1</round>
<failsafecounter/>
<players><player seat="10" name="AnSer1" chips="520" dealer="0" win="0" bet="20" muck="1" rebuy="0" addon="0" merge="0" rebuychips="0" reg_code="8385520250"/>
<player seat="3" name="HUDROSLIDE21" chips="460" dealer="1" win="0" bet="0" muck="1" rebuy="0" addon="0" merge="0" rebuychips="0" reg_code="8385520189"/>
<player seat="6" name="oreiasccp" chips="520" dealer="0" win="40" bet="40" muck="1" rebuy="0" addon="0" merge="0" rebuychips="0" reg_code="8385520243"/>
</players>
</general>
<round no="0"><action no="1" player="oreiasccp" type="1" sum="10"/>
<action no="2" player="AnSer1" type="2" discard="1" dealt="1" sum="20"/>
</round>
<round no="1"><cards type="Pocket" player="HUDROSLIDE21">X X</cards>
<cards type="Pocket" player="oreiasccp">S6 C8</cards>
<cards type="Pocket" player="AnSer1">X X</cards>
<action no="3" player="HUDROSLIDE21" type="0" discard="1" dealt="1" sum="0"/>
<action no="4" player="oreiasccp" type="23" sum="40"/>
<action no="5" player="AnSer1" type="0" discard="1" dealt="1" sum="0"/>
</round>
</game>
<game gamecode="11516868706"><general><startdate>2025-06-17 10:20:46</startdate>
<round>1</round>
<failsafecounter/>
<players><player seat="3" name="HUDROSLIDE21" chips="460" dealer="0" win="360" bet="180" muck="0" rebuy="0" addon="0" merge="0" rebuychips="0" reg_code="8385520189"/>
<player seat="6" name="oreiasccp" chips="540" dealer="1" win="0" bet="0" muck="1" rebuy="0" addon="0" merge="0" rebuychips="0" reg_code="8385520243"/>
<player seat="10" name="AnSer1" chips="500" dealer="0" win="0" bet="180" muck="0" rebuy="0" addon="0" merge="0" rebuychips="0" reg_code="8385520250"/>
</players>
</general>
<round no="0"><action no="1" player="AnSer1" type="1" discard="1" dealt="1" sum="10"/>
<action no="2" player="HUDROSLIDE21" type="2" discard="1" dealt="1" sum="20"/>
</round>
<round no="1"><cards type="Pocket" player="HUDROSLIDE21">S6 S3</cards>
<cards type="Pocket" player="oreiasccp">H8 D10</cards>
<cards type="Pocket" player="AnSer1">C9 CA</cards>
<action no="3" player="oreiasccp" type="0" sum="0"/>
<action no="4" player="AnSer1" type="3" discard="1" dealt="1" sum="10"/>
<action no="5" player="HUDROSLIDE21" type="4" discard="1" dealt="1" sum="0"/>
</round>
<round no="2"><cards type="Flop">H5 HK C7</cards>
<action no="6" player="AnSer1" type="5" discard="1" dealt="1" sum="20"/>
<action no="7" player="HUDROSLIDE21" type="3" discard="1" dealt="1" sum="20"/>
</round>
<round no="3"><cards type="Turn">D6</cards>
<action no="8" player="AnSer1" type="5" discard="1" dealt="1" sum="30"/>
<action no="9" player="HUDROSLIDE21" type="3" discard="1" dealt="1" sum="30"/>
</round>
<round no="4"><cards type="River">C3</cards>
<action no="10" player="AnSer1" type="5" discard="1" dealt="1" sum="110"/>
<action no="11" player="HUDROSLIDE21" type="3" discard="1" dealt="1" sum="110"/>
</round>
</game>
<game gamecode="11516868829"><general><startdate>2025-06-17 10:21:24</startdate>
<round>1</round>
<failsafecounter/>
<players><player seat="6" name="oreiasccp" chips="540" dealer="0" win="0" bet="20" muck="1" rebuy="0" addon="0" merge="0" rebuychips="0" reg_code="8385520243"/>
<player seat="10" name="AnSer1" chips="320" dealer="1" win="50" bet="40" muck="1" rebuy="0" addon="0" merge="0" rebuychips="0" reg_code="8385520250"/>
<player seat="3" name="HUDROSLIDE21" chips="640" dealer="0" win="0" bet="10" muck="1" rebuy="0" addon="0" merge="0" rebuychips="0" reg_code="8385520189"/>
</players>
</general>
<round no="0"><action no="1" player="HUDROSLIDE21" type="1" discard="1" dealt="1" sum="10"/>
<action no="2" player="oreiasccp" type="2" sum="20"/>
</round>
<round no="1"><cards type="Pocket" player="AnSer1">X X</cards>
<cards type="Pocket" player="oreiasccp">H10 D7</cards>
<cards type="Pocket" player="HUDROSLIDE21">X X</cards>
<action no="3" player="AnSer1" type="23" discard="1" dealt="1" sum="40"/>
<action no="4" player="HUDROSLIDE21" type="0" discard="1" dealt="1" sum="0"/>
<action no="5" player="oreiasccp" type="0" sum="0"/>
</round>
</game>
<game gamecode="11516868878"><general><startdate>2025-06-17 10:21:39</startdate>
<round>1</round>
<failsafecounter/>
<players><player seat="10" name="AnSer1" chips="350" dealer="0" win="0" bet="35" muck="1" rebuy="0" addon="0" merge="0" rebuychips="0" reg_code="8385520250"/>
<player seat="3" name="HUDROSLIDE21" chips="630" dealer="1" win="90" bet="65" muck="1" rebuy="0" addon="0" merge="0" rebuychips="0" reg_code="8385520189"/>
<player seat="6" name="oreiasccp" chips="520" dealer="0" win="0" bet="20" muck="1" rebuy="0" addon="0" merge="0" rebuychips="0" reg_code="8385520243"/>
</players>
</general>
<round no="0"><action no="1" player="oreiasccp" type="15" sum="5"/>
<action no="2" player="AnSer1" type="15" discard="1" dealt="1" sum="5"/>
<action no="3" player="HUDROSLIDE21" type="15" discard="1" dealt="1" sum="5"/>
<action no="4" player="oreiasccp" type="1" sum="15"/>
<action no="5" player="AnSer1" type="2" discard="1" dealt="1" sum="30"/>
</round>
<round no="1"><cards type="Pocket" player="AnSer1">X X</cards>
<cards type="Pocket" player="HUDROSLIDE21">X X</cards>
<cards type="Pocket" player="oreiasccp">S3 CQ</cards>
<action no="6" player="HUDROSLIDE21" type="23" discard="1" dealt="1" sum="60"/>
<action no="7" player="oreiasccp" type="0" sum="0"/>
<action no="8" player="AnSer1" type="0" discard="1" dealt="1" sum="0"/>
</round>
</game>
<game gamecode="11516868968"><general><startdate>2025-06-17 10:22:02</startdate>
<round>1</round>
<failsafecounter/>
<players><player seat="3" name="HUDROSLIDE21" chips="685" dealer="0" win="635" bet="315" muck="0" rebuy="0" addon="0" merge="0" rebuychips="0" reg_code="8385520189"/>
<player seat="6" name="oreiasccp" chips="500" dealer="1" win="0" bet="5" muck="1" rebuy="0" addon="0" merge="0" rebuychips="0" reg_code="8385520243"/>
<player seat="10" name="AnSer1" chips="315" dealer="0" win="0" bet="315" muck="0" rebuy="0" addon="0" merge="0" rebuychips="0" reg_code="8385520250"/>
</players>
</general>
<round no="0"><action no="1" player="AnSer1" type="15" discard="1" dealt="1" sum="5"/>
<action no="2" player="HUDROSLIDE21" type="15" discard="1" dealt="1" sum="5"/>
<action no="3" player="oreiasccp" type="15" sum="5"/>
<action no="4" player="AnSer1" type="1" discard="1" dealt="1" sum="15"/>
<action no="5" player="HUDROSLIDE21" type="2" discard="1" dealt="1" sum="30"/>
</round>
<round no="1"><cards type="Pocket" player="HUDROSLIDE21">DA CA</cards>
<cards type="Pocket" player="oreiasccp">H3 C8</cards>
<cards type="Pocket" player="AnSer1">D7 DJ</cards>
<action no="6" player="oreiasccp" type="0" sum="0"/>
<action no="7" player="AnSer1" type="23" discard="1" dealt="1" sum="310"/>
<action no="8" player="HUDROSLIDE21" type="3" discard="1" dealt="1" sum="280"/>
</round>
<round no="2"><cards type="Flop">D6 D5 SJ</cards>
</round>
<round no="3"><cards type="Turn">S4</cards>
</round>
<round no="4"><cards type="River">SA</cards>
</round>
</game>
<game gamecode="11516869050"><general><startdate>2025-06-17 10:22:28</startdate>
<round>1</round>
<failsafecounter/>
<players><player seat="6" name="oreiasccp" chips="495" dealer="0" win="0" bet="35" muck="1" rebuy="0" addon="0" merge="0" rebuychips="0" reg_code="8385520243"/>
<player seat="3" name="HUDROSLIDE21" chips="1,005" dealer="1" win="70" bet="65" muck="1" rebuy="0" addon="0" merge="0" rebuychips="0" reg_code="8385520189"/>
</players>
</general>
<round no="0"><action no="1" player="HUDROSLIDE21" type="15" discard="1" dealt="1" sum="5"/>
<action no="2" player="oreiasccp" type="15" sum="5"/>
<action no="3" player="HUDROSLIDE21" type="1" discard="1" dealt="1" sum="15"/>
<action no="4" player="oreiasccp" type="2" sum="30"/>
</round>
<round no="1"><cards type="Pocket" player="oreiasccp">C3 HK</cards>
<cards type="Pocket" player="HUDROSLIDE21">X X</cards>
<action no="5" player="HUDROSLIDE21" type="3" discard="1" dealt="1" sum="15"/>
<action no="6" player="oreiasccp" type="4" sum="0"/>
</round>
<round no="2"><cards type="Flop">DA H5 C8</cards>
<action no="7" player="oreiasccp" type="4" sum="0"/>
<action no="8" player="HUDROSLIDE21" type="5" discard="1" dealt="1" sum="30"/>
<action no="9" player="oreiasccp" type="0" sum="0"/>
</round>
</game>
<game gamecode="11516869097"><general><startdate>2025-06-17 10:22:42</startdate>
<round>1</round>
<failsafecounter/>
<players><player seat="3" name="HUDROSLIDE21" chips="1,040" dealer="0" win="0" bet="35" muck="1" rebuy="0" addon="0" merge="0" rebuychips="0" reg_code="8385520189"/>
<player seat="6" name="oreiasccp" chips="460" dealer="1" win="70" bet="105" muck="1" rebuy="0" addon="0" merge="0" rebuychips="0" reg_code="8385520243"/>
</players>
</general>
<round no="0"><action no="1" player="oreiasccp" type="15" sum="5"/>
<action no="2" player="HUDROSLIDE21" type="15" discard="1" dealt="1" sum="5"/>
<action no="3" player="oreiasccp" type="1" sum="15"/>
<action no="4" player="HUDROSLIDE21" type="2" discard="1" dealt="1" sum="30"/>
</round>
<round no="1"><cards type="Pocket" player="oreiasccp">D9 D6</cards>
<cards type="Pocket" player="HUDROSLIDE21">X X</cards>
<action no="5" player="oreiasccp" type="3" sum="15"/>
<action no="6" player="HUDROSLIDE21" type="4" discard="1" dealt="1" sum="0"/>
</round>
<round no="2"><cards type="Flop">D3 S4 S7</cards>
<action no="7" player="HUDROSLIDE21" type="4" discard="1" dealt="1" sum="0"/>
<action no="8" player="oreiasccp" type="4" sum="0"/>
</round>
<round no="3"><cards type="Turn">C3</cards>
<action no="9" player="HUDROSLIDE21" type="4" discard="1" dealt="1" sum="0"/>
<action no="10" player="oreiasccp" type="5" sum="70"/>
<action no="11" player="HUDROSLIDE21" type="0" discard="1" dealt="1" sum="0"/>
</round>
</game>
<game gamecode="11516869163"><general><startdate>2025-06-17 10:22:59</startdate>
<round>1</round>
<failsafecounter/>
<players><player seat="6" name="oreiasccp" chips="495" dealer="0" win="70" bet="83" muck="1" rebuy="0" addon="0" merge="0" rebuychips="0" reg_code="8385520243"/>
<player seat="3" name="HUDROSLIDE21" chips="1,005" dealer="1" win="0" bet="35" muck="1" rebuy="0" addon="0" merge="0" rebuychips="0" reg_code="8385520189"/>
</players>
</general>
<round no="0"><action no="1" player="HUDROSLIDE21" type="15" discard="1" dealt="1" sum="5"/>
<action no="2" player="oreiasccp" type="15" sum="5"/>
<action no="3" player="HUDROSLIDE21" type="1" discard="1" dealt="1" sum="15"/>
<action no="4" player="oreiasccp" type="2" sum="30"/>
</round>
<round no="1"><cards type="Pocket" player="oreiasccp">SJ HJ</cards>
<cards type="Pocket" player="HUDROSLIDE21">X X</cards>
<action no="5" player="HUDROSLIDE21" type="3" discard="1" dealt="1" sum="15"/>
<action no="6" player="oreiasccp" type="23" sum="78"/>
<action no="7" player="HUDROSLIDE21" type="0" discard="1" dealt="1" sum="0"/>
</round>
</game>
<game gamecode="11516869207"><general><startdate>2025-06-17 10:23:12</startdate>
<round>1</round>
<failsafecounter/>
<players><player seat="3" name="HUDROSLIDE21" chips="970" dealer="0" win="0" bet="195" muck="0" rebuy="0" addon="0" merge="0" rebuychips="0" reg_code="8385520189"/>
<player seat="6" name="oreiasccp" chips="530" dealer="1" win="390" bet="195" muck="0" rebuy="0" addon="0" merge="0" rebuychips="0" reg_code="8385520243"/>
</players>
</general>
<round no="0"><action no="1" player="oreiasccp" type="15" sum="5"/>
<action no="2" player="HUDROSLIDE21" type="15" discard="1" dealt="1" sum="5"/>
<action no="3" player="oreiasccp" type="1" sum="15"/>
<action no="4" player="HUDROSLIDE21" type="2" discard="1" dealt="1" sum="30"/>
</round>
<round no="1"><cards type="Pocket" player="HUDROSLIDE21">S3 D6</cards>
<cards type="Pocket" player="oreiasccp">H5 C8</cards>
<action no="5" player="oreiasccp" type="3" sum="15"/>
<action no="6" player="HUDROSLIDE21" type="4" discard="1" dealt="1" sum="0"/>
</round>
<round no="2"><cards type="Flop">S5 SA D3</cards>
<action no="7" player="HUDROSLIDE21" type="4" discard="1" dealt="1" sum="0"/>
<action no="8" player="oreiasccp" type="5" sum="30"/>
<action no="9" player="HUDROSLIDE21" type="3" discard="1" dealt="1" sum="30"/>
</round>
<round no="3"><cards type="Turn">C6</cards>
<action no="10" player="HUDROSLIDE21" type="4" discard="1" dealt="1" sum="0"/>
<action no="11" player="oreiasccp" type="4" sum="0"/>
</round>
<round no="4"><cards type="River">D8</cards>
<action no="12" player="HUDROSLIDE21" type="5" discard="1" dealt="1" sum="130"/>
<action no="13" player="oreiasccp" type="3" sum="130"/>
</round>
</game>
<game gamecode="11516873364"><general><startdate>2025-06-17 10:23:33</startdate>
<round>1</round>
<failsafecounter/>
<players><player seat="6" name="oreiasccp" chips="725" dealer="0" win="0" bet="45" muck="1" rebuy="0" addon="0" merge="0" rebuychips="0" reg_code="8385520243"/>
<player seat="3" name="HUDROSLIDE21" chips="775" dealer="1" win="90" bet="85" muck="1" rebuy="0" addon="0" merge="0" rebuychips="0" reg_code="8385520189"/>
</players>
</general>
<round no="0"><action no="1" player="HUDROSLIDE21" type="15" discard="1" dealt="1" sum="5"/>
<action no="2" player="oreiasccp" type="15" sum="5"/>
<action no="3" player="HUDROSLIDE21" type="1" discard="1" dealt="1" sum="20"/>
<action no="4" player="oreiasccp" type="2" sum="40"/>
</round>
<round no="1"><cards type="Pocket" player="HUDROSLIDE21">X X</cards>
<cards type="Pocket" player="oreiasccp">C7 H6</cards>
<action no="5" player="HUDROSLIDE21" type="3" discard="1" dealt="1" sum="20"/>
<action no="6" player="oreiasccp" type="4" sum="0"/>
</round>
<round no="2"><cards type="Flop">S4 S2 HA</cards>
<action no="7" player="oreiasccp" type="4" sum="0"/>
<action no="8" player="HUDROSLIDE21" type="5" discard="1" dealt="1" sum="40"/>
<action no="9" player="oreiasccp" type="0" sum="0"/>
</round>
</game>
<game gamecode="11516873412"><general><startdate>2025-06-17 10:23:46</startdate>
<round>1</round>
<failsafecounter/>
<players><player seat="3" name="HUDROSLIDE21" chips="820" dealer="0" win="0" bet="45" muck="1" rebuy="0" addon="0" merge="0" rebuychips="0" reg_code="8385520189"/>
<player seat="6" name="oreiasccp" chips="680" dealer="1" win="90" bet="135" muck="1" rebuy="0" addon="0" merge="0" rebuychips="0" reg_code="8385520243"/>
</players>
</general>
<round no="0"><action no="1" player="oreiasccp" type="15" sum="5"/>
<action no="2" player="HUDROSLIDE21" type="15" discard="1" dealt="1" sum="5"/>
<action no="3" player="oreiasccp" type="1" sum="20"/>
<action no="4" player="HUDROSLIDE21" type="2" discard="1" dealt="1" sum="40"/>
</round>
<round no="1"><cards type="Pocket" player="oreiasccp">SQ C3</cards>
<cards type="Pocket" player="HUDROSLIDE21">X X</cards>
<action no="5" player="oreiasccp" type="3" sum="20"/>
<action no="6" player="HUDROSLIDE21" type="4" discard="1" dealt="1" sum="0"/>
</round>
<round no="2"><cards type="Flop">CQ D5 H7</cards>
<action no="7" player="HUDROSLIDE21" type="4" discard="1" dealt="1" sum="0"/>
<action no="8" player="oreiasccp" type="4" sum="0"/>
</round>
<round no="3"><cards type="Turn">H4</cards>
<action no="9" player="HUDROSLIDE21" type="4" discard="1" dealt="1" sum="0"/>
<action no="10" player="oreiasccp" type="5" sum="90"/>
<action no="11" player="HUDROSLIDE21" type="0" discard="1" dealt="1" sum="0"/>
</round>
</game>
<game gamecode="11516873472"><general><startdate>2025-06-17 10:24:05</startdate>
<round>1</round>
<failsafecounter/>
<players><player seat="6" name="oreiasccp" chips="725" dealer="0" win="90" bet="725" muck="1" rebuy="0" addon="0" merge="0" rebuychips="0" reg_code="8385520243"/>
<player seat="3" name="HUDROSLIDE21" chips="775" dealer="1" win="0" bet="45" muck="1" rebuy="0" addon="0" merge="0" rebuychips="0" reg_code="8385520189"/>
</players>
</general>
<round no="0"><action no="1" player="HUDROSLIDE21" type="15" discard="1" dealt="1" sum="5"/>
<action no="2" player="oreiasccp" type="15" sum="5"/>
<action no="3" player="HUDROSLIDE21" type="1" discard="1" dealt="1" sum="20"/>
<action no="4" player="oreiasccp" type="2" sum="40"/>
</round>
<round no="1"><cards type="Pocket" player="oreiasccp">DA D3</cards>
<cards type="Pocket" player="HUDROSLIDE21">X X</cards>
<action no="5" player="HUDROSLIDE21" type="3" discard="1" dealt="1" sum="20"/>
<action no="6" player="oreiasccp" type="23" sum="720"/>
<action no="7" player="HUDROSLIDE21" type="0" discard="1" dealt="1" sum="0"/>
</round>
</game>
<game gamecode="11516873519"><general><startdate>2025-06-17 10:24:20</startdate>
<round>1</round>
<failsafecounter/>
<players><player seat="3" name="HUDROSLIDE21" chips="730" dealer="0" win="0" bet="45" muck="1" rebuy="0" addon="0" merge="0" rebuychips="0" reg_code="8385520189"/>
<player seat="6" name="oreiasccp" chips="770" dealer="1" win="90" bet="730" muck="1" rebuy="0" addon="0" merge="0" rebuychips="0" reg_code="8385520243"/>
</players>
</general>
<round no="0"><action no="1" player="oreiasccp" type="15" sum="5"/>
<action no="2" player="HUDROSLIDE21" type="15" discard="1" dealt="1" sum="5"/>
<action no="3" player="oreiasccp" type="1" sum="20"/>
<action no="4" player="HUDROSLIDE21" type="2" discard="1" dealt="1" sum="40"/>
</round>
<round no="1"><cards type="Pocket" player="oreiasccp">S2 H2</cards>
<cards type="Pocket" player="HUDROSLIDE21">X X</cards>
<action no="5" player="oreiasccp" type="23" sum="725"/>
<action no="6" player="HUDROSLIDE21" type="0" discard="1" dealt="1" sum="0"/>
</round>
</game>
<game gamecode="11516873546"><general><startdate>2025-06-17 10:24:27</startdate>
<round>1</round>
<failsafecounter/>
<players><player seat="6" name="oreiasccp" chips="815" dealer="0" win="0" bet="45" muck="1" rebuy="0" addon="0" merge="0" rebuychips="0" reg_code="8385520243"/>
<player seat="3" name="HUDROSLIDE21" chips="685" dealer="1" win="90" bet="85" muck="1" rebuy="0" addon="0" merge="0" rebuychips="0" reg_code="8385520189"/>
</players>
</general>
<round no="0"><action no="1" player="HUDROSLIDE21" type="15" discard="1" dealt="1" sum="5"/>
<action no="2" player="oreiasccp" type="15" sum="5"/>
<action no="3" player="HUDROSLIDE21" type="1" discard="1" dealt="1" sum="20"/>
<action no="4" player="oreiasccp" type="2" sum="40"/>
</round>
<round no="1"><cards type="Pocket" player="HUDROSLIDE21">X X</cards>
<cards type="Pocket" player="oreiasccp">S6 DK</cards>
<action no="5" player="HUDROSLIDE21" type="3" discard="1" dealt="1" sum="20"/>
<action no="6" player="oreiasccp" type="4" sum="0"/>
</round>
<round no="2"><cards type="Flop">H7 DJ S2</cards>
<action no="7" player="oreiasccp" type="4" sum="0"/>
<action no="8" player="HUDROSLIDE21" type="5" discard="1" dealt="1" sum="40"/>
<action no="9" player="oreiasccp" type="0" sum="0"/>
</round>
</game>
<game gamecode="11516873599"><general><startdate>2025-06-17 10:24:42</startdate>
<round>1</round>
<failsafecounter/>
<players><player seat="3" name="HUDROSLIDE21" chips="730" dealer="0" win="0" bet="85" muck="1" rebuy="0" addon="0" merge="0" rebuychips="0" reg_code="8385520189"/>
<player seat="6" name="oreiasccp" chips="770" dealer="1" win="170" bet="209" muck="1" rebuy="0" addon="0" merge="0" rebuychips="0" reg_code="8385520243"/>
</players>
</general>
<round no="0"><action no="1" player="oreiasccp" type="15" sum="5"/>
<action no="2" player="HUDROSLIDE21" type="15" discard="1" dealt="1" sum="5"/>
<action no="3" player="oreiasccp" type="1" sum="20"/>
<action no="4" player="HUDROSLIDE21" type="2" discard="1" dealt="1" sum="40"/>
</round>
<round no="1"><cards type="Pocket" player="oreiasccp">D7 S9</cards>
<cards type="Pocket" player="HUDROSLIDE21">X X</cards>
<action no="5" player="oreiasccp" type="3" sum="20"/>
<action no="6" player="HUDROSLIDE21" type="4" discard="1" dealt="1" sum="0"/>
</round>
<round no="2"><cards type="Flop">S2 S3 C4</cards>
<action no="7" player="HUDROSLIDE21" type="4" discard="1" dealt="1" sum="0"/>
<action no="8" player="oreiasccp" type="5" sum="40"/>
<action no="9" player="HUDROSLIDE21" type="3" discard="1" dealt="1" sum="40"/>
</round>
<round no="3"><cards type="Turn">H9</cards>
<action no="10" player="HUDROSLIDE21" type="4" discard="1" dealt="1" sum="0"/>
<action no="11" player="oreiasccp" type="5" sum="124"/>
<action no="12" player="HUDROSLIDE21" type="0" discard="1" dealt="1" sum="0"/>
</round>
</game>
<game gamecode="11516873673"><general><startdate>2025-06-17 10:25:04</startdate>
<round>1</round>
<failsafecounter/>
<players><player seat="6" name="oreiasccp" chips="855" dealer="0" win="0" bet="45" muck="1" rebuy="0" addon="0" merge="0" rebuychips="0" reg_code="8385520243"/>
<player seat="3" name="HUDROSLIDE21" chips="645" dealer="1" win="90" bet="90" muck="1" rebuy="0" addon="0" merge="0" rebuychips="0" reg_code="8385520189"/>
</players>
</general>
<round no="0"><action no="1" player="HUDROSLIDE21" type="15" discard="1" dealt="1" sum="5"/>
<action no="2" player="oreiasccp" type="15" sum="5"/>
<action no="3" player="HUDROSLIDE21" type="1" discard="1" dealt="1" sum="20"/>
<action no="4" player="oreiasccp" type="2" sum="40"/>
</round>
<round no="1"><cards type="Pocket" player="oreiasccp">D5 HK</cards>
<cards type="Pocket" player="HUDROSLIDE21">X X</cards>
<action no="5" player="HUDROSLIDE21" type="3" discard="1" dealt="1" sum="20"/>
<action no="6" player="oreiasccp" type="4" sum="0"/>
</round>
<round no="2"><cards type="Flop">H4 D6 HA</cards>
<action no="7" player="oreiasccp" type="4" sum="0"/>
<action no="8" player="HUDROSLIDE21" type="5" discard="1" dealt="1" sum="45"/>
<action no="9" player="oreiasccp" type="0" sum="0"/>
</round>
</game>
<game gamecode="11516873723"><general><startdate>2025-06-17 10:25:15</startdate>
<round>1</round>
<failsafecounter/>
<players><player seat="3" name="HUDROSLIDE21" chips="690" dealer="0" win="330" bet="690" muck="1" rebuy="0" addon="0" merge="0" rebuychips="0" reg_code="8385520189"/>
<player seat="6" name="oreiasccp" chips="810" dealer="1" win="0" bet="165" muck="1" rebuy="0" addon="0" merge="0" rebuychips="0" reg_code="8385520243"/>
</players>
</general>
<round no="0"><action no="1" player="oreiasccp" type="15" sum="5"/>
<action no="2" player="HUDROSLIDE21" type="15" discard="1" dealt="1" sum="5"/>
<action no="3" player="oreiasccp" type="1" sum="20"/>
<action no="4" player="HUDROSLIDE21" type="2" discard="1" dealt="1" sum="40"/>
</round>
<round no="1"><cards type="Pocket" player="oreiasccp">C6 CK</cards>
<cards type="Pocket" player="HUDROSLIDE21">X X</cards>
<action no="5" player="oreiasccp" type="3" sum="20"/>
<action no="6" player="HUDROSLIDE21" type="4" discard="1" dealt="1" sum="0"/>
</round>
<round no="2"><cards type="Flop">H10 D10 CQ</cards>
<action no="7" player="HUDROSLIDE21" type="5" discard="1" dealt="1" sum="40"/>
<action no="8" player="oreiasccp" type="3" sum="40"/>
</round>
<round no="3"><cards type="Turn">C10</cards>
<action no="9" player="HUDROSLIDE21" type="5" discard="1" dealt="1" sum="80"/>
<action no="10" player="oreiasccp" type="3" sum="80"/>
</round>
<round no="4"><cards type="River">C5</cards>
<action no="11" player="HUDROSLIDE21" type="5" discard="1" dealt="1" sum="525"/>
<action no="12" player="oreiasccp" type="0" sum="0"/>
</round>
</game>
<game gamecode="11516873782"><general><startdate>2025-06-17 10:25:33</startdate>
<round>1</round>
<failsafecounter/>
<players><player seat="6" name="oreiasccp" chips="645" dealer="0" win="1,290" bet="645" muck="0" rebuy="0" addon="0" merge="0" rebuychips="0" reg_code="8385520243"/>
<player seat="3" name="HUDROSLIDE21" chips="855" dealer="1" win="0" bet="645" muck="0" rebuy="0" addon="0" merge="0" rebuychips="0" reg_code="8385520189"/>
</players>
</general>
<round no="0"><action no="1" player="HUDROSLIDE21" type="15" discard="1" dealt="1" sum="5"/>
<action no="2" player="oreiasccp" type="15" sum="5"/>
<action no="3" player="HUDROSLIDE21" type="1" discard="1" dealt="1" sum="30"/>
<action no="4" player="oreiasccp" type="2" sum="60"/>
</round>
<round no="1"><cards type="Pocket" player="HUDROSLIDE21">D10 D9</cards>
<cards type="Pocket" player="oreiasccp">DJ CJ</cards>
<action no="5" player="HUDROSLIDE21" type="3" discard="1" dealt="1" sum="30"/>
<action no="6" player="oreiasccp" type="23" sum="150"/>
<action no="7" player="HUDROSLIDE21" type="3" discard="1" dealt="1" sum="90"/>
</round>
<round no="2"><cards type="Flop">DQ C5 D4</cards>
<action no="8" player="oreiasccp" type="5" sum="60"/>
<action no="9" player="HUDROSLIDE21" type="23" discard="1" dealt="1" sum="490"/>
<action no="10" player="oreiasccp" type="7" sum="430"/>
</round>
<round no="3"><cards type="Turn">S4</cards>
</round>
<round no="4"><cards type="River">CA</cards>
</round>
</game>
<game gamecode="11516873868"><general><startdate>2025-06-17 10:25:58</startdate>
<round>1</round>
<failsafecounter/>
<players><player seat="3" name="HUDROSLIDE21" chips="210" dealer="0" win="0" bet="210" muck="0" rebuy="0" addon="0" merge="0" rebuychips="0" reg_code="8385520189"/>
<player seat="6" name="oreiasccp" chips="1,290" dealer="1" win="420" bet="210" muck="0" rebuy="0" addon="0" merge="0" rebuychips="0" reg_code="8385520243"/>
</players>
</general>
<round no="0"><action no="1" player="oreiasccp" type="15" sum="5"/>
<action no="2" player="HUDROSLIDE21" type="15" discard="1" dealt="1" sum="5"/>
<action no="3" player="oreiasccp" type="1" sum="30"/>
<action no="4" player="HUDROSLIDE21" type="2" discard="1" dealt="1" sum="60"/>
</round>
<round no="1"><cards type="Pocket" player="oreiasccp">C6 S6</cards>
<cards type="Pocket" player="HUDROSLIDE21">H7 D2</cards>
<action no="5" player="oreiasccp" type="23" sum="205"/>
<action no="6" player="HUDROSLIDE21" type="7" discard="1" dealt="1" sum="145"/>
</round>
<round no="2"><cards type="Flop">S4 DJ SJ</cards>
</round>
<round no="3"><cards type="Turn">D3</cards>
</round>
<round no="4"><cards type="River">HA</cards>
</round>
</game>
</session>
