<?xml version="1.0" encoding="UTF-8"?>
<session sessioncode="8385518607">
<general>
<client_version>24.7.1.16</client_version>
<mode>real</mode>
<gametype>Holdem NL</gametype>
<tablename>Twister €5 SNG, 1127666468</tablename>
<tournamentcode>1127666467</tournamentcode>
<tournamentname>Twister €5 SNG</tournamentname>
<buyin>€0 + €0.35 + €4.65</buyin>
<totalbuyin>€5</totalbuyin>
<rewarddrawn>€10</rewarddrawn>
<tournamentcurrency>EUR</tournamentcurrency>
<currency>EUR</currency>
<nickname>oreiasccp</nickname>
<gamecount>28</gamecount>
<startdate>2025-06-17 10:14:02</startdate>
<place>2</place>
<win>€0</win>
<tablesize>3</tablesize>
</general>
<game gamecode="11516864014"><general><startdate>2025-06-17 10:14:18</startdate>
<round>1</round>
<failsafecounter/>
<players><player seat="3" name="oreiasccp" chips="500" dealer="0" win="0" bet="20" muck="1" rebuy="0" addon="0" merge="0" rebuychips="0" reg_code="8385518607"/>
<player seat="6" name="Cooties69" chips="500" dealer="1" win="0" bet="0" muck="1" rebuy="0" addon="0" merge="0" rebuychips="0" reg_code="8385518781"/>
<player seat="10" name="mousemighty575" chips="500" dealer="0" win="40" bet="20" muck="0" rebuy="0" addon="0" merge="0" rebuychips="0" reg_code="8385518802"/>
</players>
</general>
<round no="0"><action no="1" player="mousemighty575" type="1" discard="1" dealt="1" sum="10"/>
<action no="2" player="oreiasccp" type="2" sum="20"/>
</round>
<round no="1"><cards type="Pocket" player="Cooties69">X X</cards>
<cards type="Pocket" player="oreiasccp">C8 C7</cards>
<cards type="Pocket" player="mousemighty575">H9 CJ</cards>
<action no="3" player="Cooties69" type="0" discard="1" dealt="1" sum="0"/>
<action no="4" player="mousemighty575" type="3" discard="1" dealt="1" sum="10"/>
<action no="5" player="oreiasccp" type="4" sum="0"/>
</round>
<round no="2"><cards type="Flop">HA C2 D4</cards>
<action no="6" player="mousemighty575" type="4" discard="1" dealt="1" sum="0"/>
<action no="7" player="oreiasccp" type="4" sum="0"/>
</round>
<round no="3"><cards type="Turn">H10</cards>
<action no="8" player="mousemighty575" type="4" discard="1" dealt="1" sum="0"/>
<action no="9" player="oreiasccp" type="4" sum="0"/>
</round>
<round no="4"><cards type="River">DA</cards>
<action no="10" player="mousemighty575" type="4" discard="1" dealt="1" sum="0"/>
<action no="11" player="oreiasccp" type="4" sum="0"/>
</round>
</game>
<game gamecode="11516864158"><general><startdate>2025-06-17 10:14:54</startdate>
<round>1</round>
<failsafecounter/>
<players><player seat="6" name="Cooties69" chips="500" dealer="0" win="0" bet="20" muck="1" rebuy="0" addon="0" merge="0" rebuychips="0" reg_code="8385518781"/>
<player seat="10" name="mousemighty575" chips="520" dealer="1" win="0" bet="0" muck="1" rebuy="0" addon="0" merge="0" rebuychips="0" reg_code="8385518802"/>
<player seat="3" name="oreiasccp" chips="480" dealer="0" win="40" bet="40" muck="1" rebuy="0" addon="0" merge="0" rebuychips="0" reg_code="8385518607"/>
</players>
</general>
<round no="0"><action no="1" player="oreiasccp" type="1" sum="10"/>
<action no="2" player="Cooties69" type="2" discard="1" dealt="1" sum="20"/>
</round>
<round no="1"><cards type="Pocket" player="mousemighty575">X X</cards>
<cards type="Pocket" player="oreiasccp">CK C10</cards>
<cards type="Pocket" player="Cooties69">X X</cards>
<action no="3" player="mousemighty575" type="0" discard="1" dealt="1" sum="0"/>
<action no="4" player="oreiasccp" type="23" sum="40"/>
<action no="5" player="Cooties69" type="0" discard="1" dealt="1" sum="0"/>
</round>
</game>
<game gamecode="11516864237"><general><startdate>2025-06-17 10:15:14</startdate>
<round>1</round>
<failsafecounter/>
<players><player seat="10" name="mousemighty575" chips="520" dealer="0" win="0" bet="20" muck="1" rebuy="0" addon="0" merge="0" rebuychips="0" reg_code="8385518802"/>
<player seat="3" name="oreiasccp" chips="500" dealer="1" win="0" bet="0" muck="1" rebuy="0" addon="0" merge="0" rebuychips="0" reg_code="8385518607"/>
<player seat="6" name="Cooties69" chips="480" dealer="0" win="40" bet="40" muck="1" rebuy="0" addon="0" merge="0" rebuychips="0" reg_code="8385518781"/>
</players>
</general>
<round no="0"><action no="1" player="Cooties69" type="1" discard="1" dealt="1" sum="10"/>
<action no="2" player="mousemighty575" type="2" discard="1" dealt="1" sum="20"/>
</round>
<round no="1"><cards type="Pocket" player="oreiasccp">S4 D6</cards>
<cards type="Pocket" player="Cooties69">X X</cards>
<cards type="Pocket" player="mousemighty575">X X</cards>
<action no="3" player="oreiasccp" type="0" sum="0"/>
<action no="4" player="Cooties69" type="3" discard="1" dealt="1" sum="10"/>
<action no="5" player="mousemighty575" type="4" discard="1" dealt="1" sum="0"/>
</round>
<round no="2"><cards type="Flop">CA C6 H9</cards>
<action no="6" player="Cooties69" type="5" discard="1" dealt="1" sum="20"/>
<action no="7" player="mousemighty575" type="0" discard="1" dealt="1" sum="0"/>
</round>
</game>
<game gamecode="11516867595"><general><startdate>2025-06-17 10:15:43</startdate>
<round>1</round>
<failsafecounter/>
<players><player seat="3" name="oreiasccp" chips="500" dealer="0" win="0" bet="180" muck="1" rebuy="0" addon="0" merge="0" rebuychips="0" reg_code="8385518607"/>
<player seat="6" name="Cooties69" chips="500" dealer="1" win="370" bet="240" muck="1" rebuy="0" addon="0" merge="0" rebuychips="0" reg_code="8385518781"/>
<player seat="10" name="mousemighty575" chips="500" dealer="0" win="0" bet="10" muck="1" rebuy="0" addon="0" merge="0" rebuychips="0" reg_code="8385518802"/>
</players>
</general>
<round no="0"><action no="1" player="mousemighty575" type="1" discard="1" dealt="1" sum="10"/>
<action no="2" player="oreiasccp" type="2" sum="20"/>
</round>
<round no="1"><cards type="Pocket" player="oreiasccp">H9 H6</cards>
<cards type="Pocket" player="mousemighty575">X X</cards>
<cards type="Pocket" player="Cooties69">X X</cards>
<action no="3" player="Cooties69" type="23" discard="1" dealt="1" sum="60"/>
<action no="4" player="mousemighty575" type="0" discard="1" dealt="1" sum="0"/>
<action no="5" player="oreiasccp" type="3" sum="40"/>
</round>
<round no="2"><cards type="Flop">H5 D8 D6</cards>
<action no="6" player="oreiasccp" type="4" sum="0"/>
<action no="7" player="Cooties69" type="5" discard="1" dealt="1" sum="60"/>
<action no="8" player="oreiasccp" type="3" sum="60"/>
</round>
<round no="3"><cards type="Turn">S5</cards>
<action no="9" player="oreiasccp" type="4" sum="0"/>
<action no="10" player="Cooties69" type="5" discard="1" dealt="1" sum="60"/>
<action no="11" player="oreiasccp" type="3" sum="60"/>
</round>
<round no="4"><cards type="River">DJ</cards>
<action no="12" player="oreiasccp" type="4" sum="0"/>
<action no="13" player="Cooties69" type="5" discard="1" dealt="1" sum="60"/>
<action no="14" player="oreiasccp" type="0" sum="0"/>
</round>
</game>
<game gamecode="11516867684"><general><startdate>2025-06-17 10:16:06</startdate>
<round>1</round>
<failsafecounter/>
<players><player seat="6" name="Cooties69" chips="690" dealer="0" win="200" bet="690" muck="1" rebuy="0" addon="0" merge="0" rebuychips="0" reg_code="8385518781"/>
<player seat="10" name="mousemighty575" chips="490" dealer="1" win="0" bet="0" muck="1" rebuy="0" addon="0" merge="0" rebuychips="0" reg_code="8385518802"/>
<player seat="3" name="oreiasccp" chips="320" dealer="0" win="0" bet="100" muck="1" rebuy="0" addon="0" merge="0" rebuychips="0" reg_code="8385518607"/>
</players>
</general>
<round no="0"><action no="1" player="oreiasccp" type="1" sum="10"/>
<action no="2" player="Cooties69" type="2" discard="1" dealt="1" sum="20"/>
</round>
<round no="1"><cards type="Pocket" player="mousemighty575">X X</cards>
<cards type="Pocket" player="oreiasccp">C10 HJ</cards>
<cards type="Pocket" player="Cooties69">X X</cards>
<action no="3" player="mousemighty575" type="0" discard="1" dealt="1" sum="0"/>
<action no="4" player="oreiasccp" type="23" sum="40"/>
<action no="5" player="Cooties69" type="3" discard="1" dealt="1" sum="20"/>
</round>
<round no="2"><cards type="Flop">D8 D3 D9</cards>
<action no="6" player="oreiasccp" type="5" sum="20"/>
<action no="7" player="Cooties69" type="23" discard="1" dealt="1" sum="60"/>
<action no="8" player="oreiasccp" type="3" sum="40"/>
</round>
<round no="3"><cards type="Turn">S5</cards>
<action no="9" player="oreiasccp" type="4" sum="0"/>
<action no="10" player="Cooties69" type="5" discard="1" dealt="1" sum="590"/>
<action no="11" player="oreiasccp" type="0" sum="0"/>
</round>
</game>
<game gamecode="11516867783"><general><startdate>2025-06-17 10:16:32</startdate>
<round>1</round>
<failsafecounter/>
<players><player seat="10" name="mousemighty575" chips="490" dealer="0" win="0" bet="35" muck="1" rebuy="0" addon="0" merge="0" rebuychips="0" reg_code="8385518802"/>
<player seat="3" name="oreiasccp" chips="220" dealer="1" win="90" bet="220" muck="1" rebuy="0" addon="0" merge="0" rebuychips="0" reg_code="8385518607"/>
<player seat="6" name="Cooties69" chips="790" dealer="0" win="0" bet="20" muck="1" rebuy="0" addon="0" merge="0" rebuychips="0" reg_code="8385518781"/>
</players>
</general>
<round no="0"><action no="1" player="Cooties69" type="15" discard="1" dealt="1" sum="5"/>
<action no="2" player="mousemighty575" type="15" discard="1" dealt="1" sum="5"/>
<action no="3" player="oreiasccp" type="15" sum="5"/>
<action no="4" player="Cooties69" type="1" discard="1" dealt="1" sum="15"/>
<action no="5" player="mousemighty575" type="2" discard="1" dealt="1" sum="30"/>
</round>
<round no="1"><cards type="Pocket" player="Cooties69">X X</cards>
<cards type="Pocket" player="mousemighty575">X X</cards>
<cards type="Pocket" player="oreiasccp">CJ HK</cards>
<action no="6" player="oreiasccp" type="23" sum="215"/>
<action no="7" player="Cooties69" type="0" discard="1" dealt="1" sum="0"/>
<action no="8" player="mousemighty575" type="0" discard="1" dealt="1" sum="0"/>
</round>
</game>
<game gamecode="11516867825"><general><startdate>2025-06-17 10:16:43</startdate>
<round>1</round>
<failsafecounter/>
<players><player seat="3" name="oreiasccp" chips="275" dealer="0" win="45" bet="35" muck="1" rebuy="0" addon="0" merge="0" rebuychips="0" reg_code="8385518607"/>
<player seat="6" name="Cooties69" chips="770" dealer="1" win="0" bet="5" muck="1" rebuy="0" addon="0" merge="0" rebuychips="0" reg_code="8385518781"/>
<player seat="10" name="mousemighty575" chips="455" dealer="0" win="0" bet="20" muck="1" rebuy="0" addon="0" merge="0" rebuychips="0" reg_code="8385518802"/>
</players>
</general>
<round no="0"><action no="1" player="mousemighty575" type="15" discard="1" dealt="1" sum="5"/>
<action no="2" player="oreiasccp" type="15" sum="5"/>
<action no="3" player="Cooties69" type="15" discard="1" dealt="1" sum="5"/>
<action no="4" player="mousemighty575" type="1" discard="1" dealt="1" sum="15"/>
<action no="5" player="oreiasccp" type="2" sum="30"/>
</round>
<round no="1"><cards type="Pocket" player="mousemighty575">X X</cards>
<cards type="Pocket" player="oreiasccp">C10 H9</cards>
<cards type="Pocket" player="Cooties69">X X</cards>
<action no="6" player="Cooties69" type="0" discard="1" dealt="1" sum="0"/>
<action no="7" player="mousemighty575" type="0" discard="1" dealt="1" sum="0"/>
</round>
</game>
<game gamecode="11516867904"><general><startdate>2025-06-17 10:17:03</startdate>
<round>1</round>
<failsafecounter/>
<players><player seat="6" name="Cooties69" chips="765" dealer="0" win="0" bet="35" muck="1" rebuy="0" addon="0" merge="0" rebuychips="0" reg_code="8385518781"/>
<player seat="10" name="mousemighty575" chips="435" dealer="1" win="0" bet="5" muck="1" rebuy="0" addon="0" merge="0" rebuychips="0" reg_code="8385518802"/>
<player seat="3" name="oreiasccp" chips="300" dealer="0" win="75" bet="300" muck="1" rebuy="0" addon="0" merge="0" rebuychips="0" reg_code="8385518607"/>
</players>
</general>
<round no="0"><action no="1" player="oreiasccp" type="15" sum="5"/>
<action no="2" player="Cooties69" type="15" discard="1" dealt="1" sum="5"/>
<action no="3" player="mousemighty575" type="15" discard="1" dealt="1" sum="5"/>
<action no="4" player="oreiasccp" type="1" sum="15"/>
<action no="5" player="Cooties69" type="2" discard="1" dealt="1" sum="30"/>
</round>
<round no="1"><cards type="Pocket" player="oreiasccp">H3 DK</cards>
<cards type="Pocket" player="mousemighty575">X X</cards>
<cards type="Pocket" player="Cooties69">X X</cards>
<action no="6" player="mousemighty575" type="0" discard="1" dealt="1" sum="0"/>
<action no="7" player="oreiasccp" type="23" sum="295"/>
<action no="8" player="Cooties69" type="0" discard="1" dealt="1" sum="0"/>
</round>
</game>
<game gamecode="11516867993"><general><startdate>2025-06-17 10:17:26</startdate>
<round>1</round>
<failsafecounter/>
<players><player seat="10" name="mousemighty575" chips="430" dealer="0" win="0" bet="95" muck="1" rebuy="0" addon="0" merge="0" rebuychips="0" reg_code="8385518802"/>
<player seat="3" name="oreiasccp" chips="340" dealer="1" win="0" bet="5" muck="1" rebuy="0" addon="0" merge="0" rebuychips="0" reg_code="8385518607"/>
<player seat="6" name="Cooties69" chips="730" dealer="0" win="195" bet="215" muck="1" rebuy="0" addon="0" merge="0" rebuychips="0" reg_code="8385518781"/>
</players>
</general>
<round no="0"><action no="1" player="Cooties69" type="15" discard="1" dealt="1" sum="5"/>
<action no="2" player="mousemighty575" type="15" discard="1" dealt="1" sum="5"/>
<action no="3" player="oreiasccp" type="15" sum="5"/>
<action no="4" player="Cooties69" type="1" discard="1" dealt="1" sum="15"/>
<action no="5" player="mousemighty575" type="2" discard="1" dealt="1" sum="30"/>
</round>
<round no="1"><cards type="Pocket" player="Cooties69">X X</cards>
<cards type="Pocket" player="oreiasccp">C10 D8</cards>
<cards type="Pocket" player="mousemighty575">X X</cards>
<action no="6" player="oreiasccp" type="0" sum="0"/>
<action no="7" player="Cooties69" type="3" discard="1" dealt="1" sum="15"/>
<action no="8" player="mousemighty575" type="23" discard="1" dealt="1" sum="90"/>
<action no="9" player="Cooties69" type="3" discard="1" dealt="1" sum="60"/>
</round>
<round no="2"><cards type="Flop">S7 S4 D2</cards>
<action no="10" player="Cooties69" type="4" discard="1" dealt="1" sum="0"/>
<action no="11" player="mousemighty575" type="4" discard="1" dealt="1" sum="0"/>
</round>
<round no="3"><cards type="Turn">DQ</cards>
<action no="12" player="Cooties69" type="5" discard="1" dealt="1" sum="120"/>
<action no="13" player="mousemighty575" type="0" discard="1" dealt="1" sum="0"/>
</round>
</game>
<game gamecode="11516868087"><general><startdate>2025-06-17 10:17:51</startdate>
<round>1</round>
<failsafecounter/>
<players><player seat="3" name="oreiasccp" chips="335" dealer="0" win="675" bet="335" muck="0" rebuy="0" addon="0" merge="0" rebuychips="0" reg_code="8385518607"/>
<player seat="6" name="Cooties69" chips="830" dealer="1" win="0" bet="5" muck="1" rebuy="0" addon="0" merge="0" rebuychips="0" reg_code="8385518781"/>
<player seat="10" name="mousemighty575" chips="335" dealer="0" win="0" bet="335" muck="1" rebuy="0" addon="0" merge="0" rebuychips="0" reg_code="8385518802"/>
</players>
</general>
<round no="0"><action no="1" player="mousemighty575" type="15" discard="1" dealt="1" sum="5"/>
<action no="2" player="oreiasccp" type="15" sum="5"/>
<action no="3" player="Cooties69" type="15" discard="1" dealt="1" sum="5"/>
<action no="4" player="mousemighty575" type="1" discard="1" dealt="1" sum="15"/>
<action no="5" player="oreiasccp" type="2" sum="30"/>
</round>
<round no="1"><cards type="Pocket" player="mousemighty575">H8 S8</cards>
<cards type="Pocket" player="oreiasccp">C5 D5</cards>
<cards type="Pocket" player="Cooties69">X X</cards>
<action no="6" player="Cooties69" type="0" discard="1" dealt="1" sum="0"/>
<action no="7" player="mousemighty575" type="23" discard="1" dealt="1" sum="60"/>
<action no="8" player="oreiasccp" type="23" sum="330"/>
<action no="9" player="mousemighty575" type="7" discard="1" dealt="1" sum="270"/>
</round>
<round no="2"><cards type="Flop">H6 D7 D8</cards>
</round>
<round no="3"><cards type="Turn">D9</cards>
</round>
<round no="4"><cards type="River">C3</cards>
</round>
</game>
<game gamecode="11516868193"><general><startdate>2025-06-17 10:18:21</startdate>
<round>1</round>
<failsafecounter/>
<players><player seat="6" name="Cooties69" chips="825" dealer="0" win="0" bet="210" muck="0" rebuy="0" addon="0" merge="0" rebuychips="0" reg_code="8385518781"/>
<player seat="3" name="oreiasccp" chips="675" dealer="1" win="420" bet="210" muck="0" rebuy="0" addon="0" merge="0" rebuychips="0" reg_code="8385518607"/>
</players>
</general>
<round no="0"><action no="1" player="oreiasccp" type="15" sum="5"/>
<action no="2" player="Cooties69" type="15" discard="1" dealt="1" sum="5"/>
<action no="3" player="oreiasccp" type="1" sum="20"/>
<action no="4" player="Cooties69" type="2" discard="1" dealt="1" sum="40"/>
</round>
<round no="1"><cards type="Pocket" player="Cooties69">HQ H4</cards>
<cards type="Pocket" player="oreiasccp">H9 S10</cards>
<action no="5" player="oreiasccp" type="23" sum="80"/>
<action no="6" player="Cooties69" type="3" discard="1" dealt="1" sum="40"/>
</round>
<round no="2"><cards type="Flop">D2 C10 CJ</cards>
<action no="7" player="Cooties69" type="4" discard="1" dealt="1" sum="0"/>
<action no="8" player="oreiasccp" type="4" sum="0"/>
</round>
<round no="3"><cards type="Turn">SJ</cards>
<action no="9" player="Cooties69" type="4" discard="1" dealt="1" sum="0"/>
<action no="10" player="oreiasccp" type="5" sum="85"/>
<action no="11" player="Cooties69" type="3" discard="1" dealt="1" sum="85"/>
</round>
<round no="4"><cards type="River">D10</cards>
<action no="12" player="Cooties69" type="5" discard="1" dealt="1" sum="40"/>
<action no="13" player="oreiasccp" type="3" sum="40"/>
</round>
</game>
<game gamecode="11516868382"><general><startdate>2025-06-17 10:19:17</startdate>
<round>1</round>
<failsafecounter/>
<players><player seat="3" name="oreiasccp" chips="885" dealer="0" win="0" bet="85" muck="1" rebuy="0" addon="0" merge="0" rebuychips="0" reg_code="8385518607"/>
<player seat="6" name="Cooties69" chips="615" dealer="1" win="170" bet="615" muck="1" rebuy="0" addon="0" merge="0" rebuychips="0" reg_code="8385518781"/>
</players>
</general>
<round no="0"><action no="1" player="Cooties69" type="15" discard="1" dealt="1" sum="5"/>
<action no="2" player="oreiasccp" type="15" sum="5"/>
<action no="3" player="Cooties69" type="1" discard="1" dealt="1" sum="20"/>
<action no="4" player="oreiasccp" type="2" sum="40"/>
</round>
<round no="1"><cards type="Pocket" player="oreiasccp">H9 C7</cards>
<cards type="Pocket" player="Cooties69">X X</cards>
<action no="5" player="Cooties69" type="23" discard="1" dealt="1" sum="80"/>
<action no="6" player="oreiasccp" type="3" sum="40"/>
</round>
<round no="2"><cards type="Flop">D5 S3 HA</cards>
<action no="7" player="oreiasccp" type="4" sum="0"/>
<action no="8" player="Cooties69" type="5" discard="1" dealt="1" sum="530"/>
<action no="9" player="oreiasccp" type="0" sum="0"/>
</round>
</game>
<game gamecode="11516868453"><general><startdate>2025-06-17 10:19:39</startdate>
<round>1</round>
<failsafecounter/>
<players><player seat="6" name="Cooties69" chips="700" dealer="0" win="90" bet="700" muck="1" rebuy="0" addon="0" merge="0" rebuychips="0" reg_code="8385518781"/>
<player seat="3" name="oreiasccp" chips="800" dealer="1" win="0" bet="45" muck="1" rebuy="0" addon="0" merge="0" rebuychips="0" reg_code="8385518607"/>
</players>
</general>
<round no="0"><action no="1" player="oreiasccp" type="15" sum="5"/>
<action no="2" player="Cooties69" type="15" discard="1" dealt="1" sum="5"/>
<action no="3" player="oreiasccp" type="1" sum="20"/>
<action no="4" player="Cooties69" type="2" discard="1" dealt="1" sum="40"/>
</round>
<round no="1"><cards type="Pocket" player="oreiasccp">C8 D4</cards>
<cards type="Pocket" player="Cooties69">X X</cards>
<action no="5" player="oreiasccp" type="3" sum="20"/>
<action no="6" player="Cooties69" type="23" discard="1" dealt="1" sum="695"/>
<action no="7" player="oreiasccp" type="0" sum="0"/>
</round>
</game>
<game gamecode="11516868512"><general><startdate>2025-06-17 10:19:53</startdate>
<round>1</round>
<failsafecounter/>
<players><player seat="3" name="oreiasccp" chips="755" dealer="0" win="0" bet="45" muck="1" rebuy="0" addon="0" merge="0" rebuychips="0" reg_code="8385518607"/>
<player seat="6" name="Cooties69" chips="745" dealer="1" win="90" bet="745" muck="1" rebuy="0" addon="0" merge="0" rebuychips="0" reg_code="8385518781"/>
</players>
</general>
<round no="0"><action no="1" player="Cooties69" type="15" discard="1" dealt="1" sum="5"/>
<action no="2" player="oreiasccp" type="15" sum="5"/>
<action no="3" player="Cooties69" type="1" discard="1" dealt="1" sum="20"/>
<action no="4" player="oreiasccp" type="2" sum="40"/>
</round>
<round no="1"><cards type="Pocket" player="oreiasccp">S5 D10</cards>
<cards type="Pocket" player="Cooties69">X X</cards>
<action no="5" player="Cooties69" type="23" discard="1" dealt="1" sum="740"/>
<action no="6" player="oreiasccp" type="0" sum="0"/>
</round>
</game>
<game gamecode="11516868543"><general><startdate>2025-06-17 10:20:02</startdate>
<round>1</round>
<failsafecounter/>
<players><player seat="6" name="Cooties69" chips="790" dealer="0" win="0" bet="85" muck="1" rebuy="0" addon="0" merge="0" rebuychips="0" reg_code="8385518781"/>
<player seat="3" name="oreiasccp" chips="710" dealer="1" win="170" bet="125" muck="1" rebuy="0" addon="0" merge="0" rebuychips="0" reg_code="8385518607"/>
</players>
</general>
<round no="0"><action no="1" player="oreiasccp" type="15" sum="5"/>
<action no="2" player="Cooties69" type="15" discard="1" dealt="1" sum="5"/>
<action no="3" player="oreiasccp" type="1" sum="20"/>
<action no="4" player="Cooties69" type="2" discard="1" dealt="1" sum="40"/>
</round>
<round no="1"><cards type="Pocket" player="oreiasccp">DJ HJ</cards>
<cards type="Pocket" player="Cooties69">X X</cards>
<action no="5" player="oreiasccp" type="23" sum="80"/>
<action no="6" player="Cooties69" type="3" discard="1" dealt="1" sum="40"/>
</round>
<round no="2"><cards type="Flop">S4 C4 S6</cards>
<action no="7" player="Cooties69" type="4" discard="1" dealt="1" sum="0"/>
<action no="8" player="oreiasccp" type="5" sum="40"/>
<action no="9" player="Cooties69" type="0" discard="1" dealt="1" sum="0"/>
</round>
</game>
<game gamecode="11516868662"><general><startdate>2025-06-17 10:20:33</startdate>
<round>1</round>
<failsafecounter/>
<players><player seat="3" name="oreiasccp" chips="795" dealer="0" win="0" bet="65" muck="1" rebuy="0" addon="0" merge="0" rebuychips="0" reg_code="8385518607"/>
<player seat="6" name="Cooties69" chips="705" dealer="1" win="130" bet="705" muck="1" rebuy="0" addon="0" merge="0" rebuychips="0" reg_code="8385518781"/>
</players>
</general>
<round no="0"><action no="1" player="Cooties69" type="15" discard="1" dealt="1" sum="5"/>
<action no="2" player="oreiasccp" type="15" sum="5"/>
<action no="3" player="Cooties69" type="1" discard="1" dealt="1" sum="30"/>
<action no="4" player="oreiasccp" type="2" sum="60"/>
</round>
<round no="1"><cards type="Pocket" player="oreiasccp">C5 C8</cards>
<cards type="Pocket" player="Cooties69">X X</cards>
<action no="5" player="Cooties69" type="23" discard="1" dealt="1" sum="700"/>
<action no="6" player="oreiasccp" type="0" sum="0"/>
</round>
</game>
<game gamecode="11516868690"><general><startdate>2025-06-17 10:20:41</startdate>
<round>1</round>
<failsafecounter/>
<players><player seat="6" name="Cooties69" chips="770" dealer="0" win="70" bet="65" muck="1" rebuy="0" addon="0" merge="0" rebuychips="0" reg_code="8385518781"/>
<player seat="3" name="oreiasccp" chips="730" dealer="1" win="0" bet="35" muck="1" rebuy="0" addon="0" merge="0" rebuychips="0" reg_code="8385518607"/>
</players>
</general>
<round no="0"><action no="1" player="oreiasccp" type="15" sum="5"/>
<action no="2" player="Cooties69" type="15" discard="1" dealt="1" sum="5"/>
<action no="3" player="oreiasccp" type="1" sum="30"/>
<action no="4" player="Cooties69" type="2" discard="1" dealt="1" sum="60"/>
</round>
<round no="1"><cards type="Pocket" player="Cooties69">X X</cards>
<cards type="Pocket" player="oreiasccp">HJ D2</cards>
<action no="5" player="oreiasccp" type="0" sum="0"/>
</round>
</game>
<game gamecode="11516868709"><general><startdate>2025-06-17 10:20:47</startdate>
<round>1</round>
<failsafecounter/>
<players><player seat="3" name="oreiasccp" chips="695" dealer="0" win="0" bet="65" muck="1" rebuy="0" addon="0" merge="0" rebuychips="0" reg_code="8385518607"/>
<player seat="6" name="Cooties69" chips="805" dealer="1" win="130" bet="805" muck="1" rebuy="0" addon="0" merge="0" rebuychips="0" reg_code="8385518781"/>
</players>
</general>
<round no="0"><action no="1" player="Cooties69" type="15" discard="1" dealt="1" sum="5"/>
<action no="2" player="oreiasccp" type="15" sum="5"/>
<action no="3" player="Cooties69" type="1" discard="1" dealt="1" sum="30"/>
<action no="4" player="oreiasccp" type="2" sum="60"/>
</round>
<round no="1"><cards type="Pocket" player="oreiasccp">C5 D8</cards>
<cards type="Pocket" player="Cooties69">X X</cards>
<action no="5" player="Cooties69" type="23" discard="1" dealt="1" sum="800"/>
<action no="6" player="oreiasccp" type="0" sum="0"/>
</round>
</game>
<game gamecode="11516868762"><general><startdate>2025-06-17 10:21:03</startdate>
<round>1</round>
<failsafecounter/>
<players><player seat="6" name="Cooties69" chips="870" dealer="0" win="70" bet="65" muck="1" rebuy="0" addon="0" merge="0" rebuychips="0" reg_code="8385518781"/>
<player seat="3" name="oreiasccp" chips="630" dealer="1" win="0" bet="35" muck="1" rebuy="0" addon="0" merge="0" rebuychips="0" reg_code="8385518607"/>
</players>
</general>
<round no="0"><action no="1" player="oreiasccp" type="15" sum="5"/>
<action no="2" player="Cooties69" type="15" discard="1" dealt="1" sum="5"/>
<action no="3" player="oreiasccp" type="1" sum="30"/>
<action no="4" player="Cooties69" type="2" discard="1" dealt="1" sum="60"/>
</round>
<round no="1"><cards type="Pocket" player="Cooties69">X X</cards>
<cards type="Pocket" player="oreiasccp">D9 C2</cards>
<action no="5" player="oreiasccp" type="0" sum="0"/>
</round>
</game>
<game gamecode="11516868812"><general><startdate>2025-06-17 10:21:18</startdate>
<round>1</round>
<failsafecounter/>
<players><player seat="3" name="oreiasccp" chips="595" dealer="0" win="0" bet="65" muck="1" rebuy="0" addon="0" merge="0" rebuychips="0" reg_code="8385518607"/>
<player seat="6" name="Cooties69" chips="905" dealer="1" win="130" bet="905" muck="1" rebuy="0" addon="0" merge="0" rebuychips="0" reg_code="8385518781"/>
</players>
</general>
<round no="0"><action no="1" player="Cooties69" type="15" discard="1" dealt="1" sum="5"/>
<action no="2" player="oreiasccp" type="15" sum="5"/>
<action no="3" player="Cooties69" type="1" discard="1" dealt="1" sum="30"/>
<action no="4" player="oreiasccp" type="2" sum="60"/>
</round>
<round no="1"><cards type="Pocket" player="oreiasccp">C10 C9</cards>
<cards type="Pocket" player="Cooties69">X X</cards>
<action no="5" player="Cooties69" type="23" discard="1" dealt="1" sum="900"/>
<action no="6" player="oreiasccp" type="0" sum="0"/>
</round>
</game>
<game gamecode="11516868885"><general><startdate>2025-06-17 10:21:41</startdate>
<round>1</round>
<failsafecounter/>
<players><player seat="6" name="Cooties69" chips="970" dealer="0" win="70" bet="65" muck="1" rebuy="0" addon="0" merge="0" rebuychips="0" reg_code="8385518781"/>
<player seat="3" name="oreiasccp" chips="530" dealer="1" win="0" bet="35" muck="1" rebuy="0" addon="0" merge="0" rebuychips="0" reg_code="8385518607"/>
</players>
</general>
<round no="0"><action no="1" player="oreiasccp" type="15" sum="5"/>
<action no="2" player="Cooties69" type="15" discard="1" dealt="1" sum="5"/>
<action no="3" player="oreiasccp" type="1" sum="30"/>
<action no="4" player="Cooties69" type="2" discard="1" dealt="1" sum="60"/>
</round>
<round no="1"><cards type="Pocket" player="oreiasccp">C6 H7</cards>
<cards type="Pocket" player="Cooties69">X X</cards>
<action no="5" player="oreiasccp" type="0" sum="0"/>
</round>
</game>
<game gamecode="11516868950"><general><startdate>2025-06-17 10:21:58</startdate>
<round>1</round>
<failsafecounter/>
<players><player seat="3" name="oreiasccp" chips="495" dealer="0" win="70" bet="65" muck="1" rebuy="0" addon="0" merge="0" rebuychips="0" reg_code="8385518607"/>
<player seat="6" name="Cooties69" chips="1,005" dealer="1" win="0" bet="35" muck="1" rebuy="0" addon="0" merge="0" rebuychips="0" reg_code="8385518781"/>
</players>
</general>
<round no="0"><action no="1" player="Cooties69" type="15" discard="1" dealt="1" sum="5"/>
<action no="2" player="oreiasccp" type="15" sum="5"/>
<action no="3" player="Cooties69" type="1" discard="1" dealt="1" sum="30"/>
<action no="4" player="oreiasccp" type="2" sum="60"/>
</round>
<round no="1"><cards type="Pocket" player="Cooties69">X X</cards>
<cards type="Pocket" player="oreiasccp">S8 D6</cards>
<action no="5" player="Cooties69" type="0" discard="1" dealt="1" sum="0"/>
</round>
</game>
<game gamecode="11516868973"><general><startdate>2025-06-17 10:22:05</startdate>
<round>1</round>
<failsafecounter/>
<players><player seat="6" name="Cooties69" chips="970" dealer="0" win="70" bet="65" muck="1" rebuy="0" addon="0" merge="0" rebuychips="0" reg_code="8385518781"/>
<player seat="3" name="oreiasccp" chips="530" dealer="1" win="0" bet="35" muck="1" rebuy="0" addon="0" merge="0" rebuychips="0" reg_code="8385518607"/>
</players>
</general>
<round no="0"><action no="1" player="oreiasccp" type="15" sum="5"/>
<action no="2" player="Cooties69" type="15" discard="1" dealt="1" sum="5"/>
<action no="3" player="oreiasccp" type="1" sum="30"/>
<action no="4" player="Cooties69" type="2" discard="1" dealt="1" sum="60"/>
</round>
<round no="1"><cards type="Pocket" player="oreiasccp">DJ S2</cards>
<cards type="Pocket" player="Cooties69">X X</cards>
<action no="5" player="oreiasccp" type="0" sum="0"/>
</round>
</game>
<game gamecode="11516868999"><general><startdate>2025-06-17 10:22:13</startdate>
<round>1</round>
<failsafecounter/>
<players><player seat="3" name="oreiasccp" chips="495" dealer="0" win="70" bet="65" muck="1" rebuy="0" addon="0" merge="0" rebuychips="0" reg_code="8385518607"/>
<player seat="6" name="Cooties69" chips="1,005" dealer="1" win="0" bet="35" muck="1" rebuy="0" addon="0" merge="0" rebuychips="0" reg_code="8385518781"/>
</players>
</general>
<round no="0"><action no="1" player="Cooties69" type="15" discard="1" dealt="1" sum="5"/>
<action no="2" player="oreiasccp" type="15" sum="5"/>
<action no="3" player="Cooties69" type="1" discard="1" dealt="1" sum="30"/>
<action no="4" player="oreiasccp" type="2" sum="60"/>
</round>
<round no="1"><cards type="Pocket" player="oreiasccp">D8 C3</cards>
<cards type="Pocket" player="Cooties69">X X</cards>
<action no="5" player="Cooties69" type="0" discard="1" dealt="1" sum="0"/>
</round>
</game>
<game gamecode="11516869022"><general><startdate>2025-06-17 10:22:19</startdate>
<round>1</round>
<failsafecounter/>
<players><player seat="6" name="Cooties69" chips="970" dealer="0" win="0" bet="530" muck="1" rebuy="0" addon="0" merge="0" rebuychips="0" reg_code="8385518781"/>
<player seat="3" name="oreiasccp" chips="530" dealer="1" win="1,060" bet="530" muck="0" rebuy="0" addon="0" merge="0" rebuychips="0" reg_code="8385518607"/>
</players>
</general>
<round no="0"><action no="1" player="oreiasccp" type="15" sum="8"/>
<action no="2" player="Cooties69" type="15" discard="1" dealt="1" sum="8"/>
<action no="3" player="oreiasccp" type="1" sum="40"/>
<action no="4" player="Cooties69" type="2" discard="1" dealt="1" sum="80"/>
</round>
<round no="1"><cards type="Pocket" player="Cooties69">S10 SJ</cards>
<cards type="Pocket" player="oreiasccp">DJ CQ</cards>
<action no="5" player="oreiasccp" type="23" sum="522"/>
<action no="6" player="Cooties69" type="3" discard="1" dealt="1" sum="442"/>
</round>
<round no="2"><cards type="Flop">S2 HJ H8</cards>
</round>
<round no="3"><cards type="Turn">C8</cards>
</round>
<round no="4"><cards type="River">C3</cards>
</round>
</game>
<game gamecode="11516869091"><general><startdate>2025-06-17 10:22:40</startdate>
<round>1</round>
<failsafecounter/>
<players><player seat="3" name="oreiasccp" chips="1,060" dealer="0" win="0" bet="88" muck="1" rebuy="0" addon="0" merge="0" rebuychips="0" reg_code="8385518607"/>
<player seat="6" name="Cooties69" chips="440" dealer="1" win="176" bet="440" muck="1" rebuy="0" addon="0" merge="0" rebuychips="0" reg_code="8385518781"/>
</players>
</general>
<round no="0"><action no="1" player="Cooties69" type="15" discard="1" dealt="1" sum="8"/>
<action no="2" player="oreiasccp" type="15" sum="8"/>
<action no="3" player="Cooties69" type="1" discard="1" dealt="1" sum="40"/>
<action no="4" player="oreiasccp" type="2" sum="80"/>
</round>
<round no="1"><cards type="Pocket" player="oreiasccp">D4 D6</cards>
<cards type="Pocket" player="Cooties69">X X</cards>
<action no="5" player="Cooties69" type="23" discard="1" dealt="1" sum="432"/>
<action no="6" player="oreiasccp" type="0" sum="0"/>
</round>
</game>
<game gamecode="11516869120"><general><startdate>2025-06-17 10:22:48</startdate>
<round>1</round>
<failsafecounter/>
<players><player seat="6" name="Cooties69" chips="528" dealer="0" win="1,056" bet="528" muck="0" rebuy="0" addon="0" merge="0" rebuychips="0" reg_code="8385518781"/>
<player seat="3" name="oreiasccp" chips="972" dealer="1" win="0" bet="528" muck="0" rebuy="0" addon="0" merge="0" rebuychips="0" reg_code="8385518607"/>
</players>
</general>
<round no="0"><action no="1" player="oreiasccp" type="15" sum="8"/>
<action no="2" player="Cooties69" type="15" discard="1" dealt="1" sum="8"/>
<action no="3" player="oreiasccp" type="1" sum="40"/>
<action no="4" player="Cooties69" type="2" discard="1" dealt="1" sum="80"/>
</round>
<round no="1"><cards type="Pocket" player="oreiasccp">S8 SQ</cards>
<cards type="Pocket" player="Cooties69">DJ DQ</cards>
<action no="5" player="oreiasccp" type="23" sum="520"/>
<action no="6" player="Cooties69" type="7" discard="1" dealt="1" sum="440"/>
</round>
<round no="2"><cards type="Flop">S5 D10 CK</cards>
</round>
<round no="3"><cards type="Turn">S4</cards>
</round>
<round no="4"><cards type="River">H3</cards>
</round>
</game>
<game gamecode="11516869189"><general><startdate>2025-06-17 10:23:04</startdate>
<round>1</round>
<failsafecounter/>
<players><player seat="3" name="oreiasccp" chips="444" dealer="0" win="0" bet="444" muck="0" rebuy="0" addon="0" merge="0" rebuychips="0" reg_code="8385518607"/>
<player seat="6" name="Cooties69" chips="1,056" dealer="1" win="888" bet="1,056" muck="0" rebuy="0" addon="0" merge="0" rebuychips="0" reg_code="8385518781"/>
</players>
</general>
<round no="0"><action no="1" player="Cooties69" type="15" discard="1" dealt="1" sum="8"/>
<action no="2" player="oreiasccp" type="15" sum="8"/>
<action no="3" player="Cooties69" type="1" discard="1" dealt="1" sum="40"/>
<action no="4" player="oreiasccp" type="2" sum="80"/>
</round>
<round no="1"><cards type="Pocket" player="Cooties69">H9 SQ</cards>
<cards type="Pocket" player="oreiasccp">SA HQ</cards>
<action no="5" player="Cooties69" type="23" discard="1" dealt="1" sum="1,048"/>
<action no="6" player="oreiasccp" type="7" sum="356"/>
</round>
<round no="2"><cards type="Flop">H4 S3 C9</cards>
</round>
<round no="3"><cards type="Turn">DJ</cards>
</round>
<round no="4"><cards type="River">D4</cards>
</round>
</game>
</session>
