<?xml version="1.0" encoding="UTF-8"?>
<session sessioncode="8385489405">
<general>
<client_version>24.7.1.16</client_version>
<mode>real</mode>
<gametype>Holdem NL</gametype>
<tablename>Twister €5 SNG, 1127660917</tablename>
<tournamentcode>1127660916</tournamentcode>
<tournamentname>Twister €5 SNG</tournamentname>
<buyin>€0 + €0.35 + €4.65</buyin>
<totalbuyin>€5</totalbuyin>
<rewarddrawn>€10</rewarddrawn>
<tournamentcurrency>EUR</tournamentcurrency>
<currency>EUR</currency>
<nickname>oreiasccp</nickname>
<gamecount>43</gamecount>
<startdate>2025-06-17 07:54:02</startdate>
<place>1</place>
<win>€10</win>
<tablesize>3</tablesize>
</general>
<game gamecode="11516769968"><general><startdate>2025-06-17 07:54:17</startdate>
<round>1</round>
<failsafecounter/>
<players><player seat="10" name="FernandesTime" chips="500" dealer="0" win="80" bet="500" muck="1" rebuy="0" addon="0" merge="0" rebuychips="0" reg_code="8385489431"/>
<player seat="3" name="3LM4G0" chips="500" dealer="1" win="0" bet="0" muck="1" rebuy="0" addon="0" merge="0" rebuychips="0" reg_code="8385489397"/>
<player seat="6" name="oreiasccp" chips="500" dealer="0" win="0" bet="40" muck="1" rebuy="0" addon="0" merge="0" rebuychips="0" reg_code="8385489405"/>
</players>
</general>
<round no="0"><action no="1" player="oreiasccp" type="1" sum="10"/>
<action no="2" player="FernandesTime" type="2" discard="1" dealt="1" sum="20"/>
</round>
<round no="1"><cards type="Pocket" player="oreiasccp">S9 S3</cards>
<cards type="Pocket" player="3LM4G0">X X</cards>
<cards type="Pocket" player="FernandesTime">X X</cards>
<action no="3" player="3LM4G0" type="0" discard="1" dealt="1" sum="0"/>
<action no="4" player="oreiasccp" type="23" sum="40"/>
<action no="5" player="FernandesTime" type="23" discard="1" dealt="1" sum="500"/>
<action no="6" player="oreiasccp" type="0" sum="0"/>
</round>
</game>
<game gamecode="11516770010"><general><startdate>2025-06-17 07:54:34</startdate>
<round>1</round>
<failsafecounter/>
<players><player seat="3" name="3LM4G0" chips="500" dealer="0" win="20" bet="20" muck="1" rebuy="0" addon="0" merge="0" rebuychips="0" reg_code="8385489397"/>
<player seat="6" name="oreiasccp" chips="460" dealer="1" win="0" bet="0" muck="1" rebuy="0" addon="0" merge="0" rebuychips="0" reg_code="8385489405"/>
<player seat="10" name="FernandesTime" chips="540" dealer="0" win="0" bet="10" muck="1" rebuy="0" addon="0" merge="0" rebuychips="0" reg_code="8385489431"/>
</players>
</general>
<round no="0"><action no="1" player="FernandesTime" type="1" discard="1" dealt="1" sum="10"/>
<action no="2" player="3LM4G0" type="2" discard="1" dealt="1" sum="20"/>
</round>
<round no="1"><cards type="Pocket" player="FernandesTime">X X</cards>
<cards type="Pocket" player="3LM4G0">X X</cards>
<cards type="Pocket" player="oreiasccp">C6 H4</cards>
<action no="3" player="oreiasccp" type="0" sum="0"/>
<action no="4" player="FernandesTime" type="0" discard="1" dealt="1" sum="0"/>
</round>
</game>
<game gamecode="11516770044"><general><startdate>2025-06-17 07:54:47</startdate>
<round>1</round>
<failsafecounter/>
<players><player seat="6" name="oreiasccp" chips="460" dealer="0" win="0" bet="40" muck="1" rebuy="0" addon="0" merge="0" rebuychips="0" reg_code="8385489405"/>
<player seat="10" name="FernandesTime" chips="530" dealer="1" win="120" bet="100" muck="1" rebuy="0" addon="0" merge="0" rebuychips="0" reg_code="8385489431"/>
<player seat="3" name="3LM4G0" chips="510" dealer="0" win="0" bet="40" muck="1" rebuy="0" addon="0" merge="0" rebuychips="0" reg_code="8385489397"/>
</players>
</general>
<round no="0"><action no="1" player="3LM4G0" type="1" discard="1" dealt="1" sum="10"/>
<action no="2" player="oreiasccp" type="2" sum="20"/>
</round>
<round no="1"><cards type="Pocket" player="oreiasccp">H5 H7</cards>
<cards type="Pocket" player="3LM4G0">X X</cards>
<cards type="Pocket" player="FernandesTime">X X</cards>
<action no="3" player="FernandesTime" type="23" discard="1" dealt="1" sum="40"/>
<action no="4" player="3LM4G0" type="3" discard="1" dealt="1" sum="30"/>
<action no="5" player="oreiasccp" type="3" sum="20"/>
</round>
<round no="2"><cards type="Flop">HJ S8 D4</cards>
<action no="6" player="3LM4G0" type="4" discard="1" dealt="1" sum="0"/>
<action no="7" player="oreiasccp" type="4" sum="0"/>
<action no="8" player="FernandesTime" type="4" discard="1" dealt="1" sum="0"/>
</round>
<round no="3"><cards type="Turn">S9</cards>
<action no="9" player="3LM4G0" type="4" discard="1" dealt="1" sum="0"/>
<action no="10" player="oreiasccp" type="4" sum="0"/>
<action no="11" player="FernandesTime" type="5" discard="1" dealt="1" sum="60"/>
<action no="12" player="3LM4G0" type="0" discard="1" dealt="1" sum="0"/>
<action no="13" player="oreiasccp" type="0" sum="0"/>
</round>
</game>
<game gamecode="11516773228"><general><startdate>2025-06-17 07:55:22</startdate>
<round>1</round>
<failsafecounter/>
<players><player seat="10" name="FernandesTime" chips="610" dealer="0" win="0" bet="20" muck="1" rebuy="0" addon="0" merge="0" rebuychips="0" reg_code="8385489431"/>
<player seat="3" name="3LM4G0" chips="470" dealer="1" win="50" bet="40" muck="1" rebuy="0" addon="0" merge="0" rebuychips="0" reg_code="8385489397"/>
<player seat="6" name="oreiasccp" chips="420" dealer="0" win="0" bet="10" muck="1" rebuy="0" addon="0" merge="0" rebuychips="0" reg_code="8385489405"/>
</players>
</general>
<round no="0"><action no="1" player="oreiasccp" type="1" sum="10"/>
<action no="2" player="FernandesTime" type="2" discard="1" dealt="1" sum="20"/>
</round>
<round no="1"><cards type="Pocket" player="FernandesTime">X X</cards>
<cards type="Pocket" player="3LM4G0">X X</cards>
<cards type="Pocket" player="oreiasccp">CK S9</cards>
<action no="3" player="3LM4G0" type="23" discard="1" dealt="1" sum="40"/>
<action no="4" player="oreiasccp" type="0" sum="0"/>
<action no="5" player="FernandesTime" type="0" discard="1" dealt="1" sum="0"/>
</round>
</game>
<game gamecode="11516773246"><general><startdate>2025-06-17 07:55:31</startdate>
<round>1</round>
<failsafecounter/>
<players><player seat="3" name="3LM4G0" chips="500" dealer="0" win="0" bet="20" muck="1" rebuy="0" addon="0" merge="0" rebuychips="0" reg_code="8385489397"/>
<player seat="6" name="oreiasccp" chips="410" dealer="1" win="50" bet="40" muck="1" rebuy="0" addon="0" merge="0" rebuychips="0" reg_code="8385489405"/>
<player seat="10" name="FernandesTime" chips="590" dealer="0" win="0" bet="10" muck="1" rebuy="0" addon="0" merge="0" rebuychips="0" reg_code="8385489431"/>
</players>
</general>
<round no="0"><action no="1" player="FernandesTime" type="1" discard="1" dealt="1" sum="10"/>
<action no="2" player="3LM4G0" type="2" discard="1" dealt="1" sum="20"/>
</round>
<round no="1"><cards type="Pocket" player="3LM4G0">X X</cards>
<cards type="Pocket" player="oreiasccp">DA CK</cards>
<cards type="Pocket" player="FernandesTime">X X</cards>
<action no="3" player="oreiasccp" type="23" sum="40"/>
<action no="4" player="FernandesTime" type="0" discard="1" dealt="1" sum="0"/>
<action no="5" player="3LM4G0" type="0" discard="1" dealt="1" sum="0"/>
</round>
</game>
<game gamecode="11516773268"><general><startdate>2025-06-17 07:55:41</startdate>
<round>1</round>
<failsafecounter/>
<players><player seat="6" name="oreiasccp" chips="440" dealer="0" win="0" bet="40" muck="1" rebuy="0" addon="0" merge="0" rebuychips="0" reg_code="8385489405"/>
<player seat="10" name="FernandesTime" chips="580" dealer="1" win="0" bet="0" muck="1" rebuy="0" addon="0" merge="0" rebuychips="0" reg_code="8385489431"/>
<player seat="3" name="3LM4G0" chips="480" dealer="0" win="80" bet="96" muck="1" rebuy="0" addon="0" merge="0" rebuychips="0" reg_code="8385489397"/>
</players>
</general>
<round no="0"><action no="1" player="3LM4G0" type="1" discard="1" dealt="1" sum="10"/>
<action no="2" player="oreiasccp" type="2" sum="20"/>
</round>
<round no="1"><cards type="Pocket" player="3LM4G0">X X</cards>
<cards type="Pocket" player="oreiasccp">S9 SJ</cards>
<cards type="Pocket" player="FernandesTime">X X</cards>
<action no="3" player="FernandesTime" type="0" discard="1" dealt="1" sum="0"/>
<action no="4" player="3LM4G0" type="23" discard="1" dealt="1" sum="40"/>
<action no="5" player="oreiasccp" type="3" sum="20"/>
</round>
<round no="2"><cards type="Flop">D7 DK DA</cards>
<action no="6" player="3LM4G0" type="5" discard="1" dealt="1" sum="56"/>
<action no="7" player="oreiasccp" type="0" sum="0"/>
</round>
</game>
<game gamecode="11516773307"><general><startdate>2025-06-17 07:55:54</startdate>
<round>1</round>
<failsafecounter/>
<players><player seat="10" name="FernandesTime" chips="580" dealer="0" win="0" bet="20" muck="1" rebuy="0" addon="0" merge="0" rebuychips="0" reg_code="8385489431"/>
<player seat="3" name="3LM4G0" chips="520" dealer="1" win="0" bet="20" muck="1" rebuy="0" addon="0" merge="0" rebuychips="0" reg_code="8385489397"/>
<player seat="6" name="oreiasccp" chips="400" dealer="0" win="60" bet="400" muck="1" rebuy="0" addon="0" merge="0" rebuychips="0" reg_code="8385489405"/>
</players>
</general>
<round no="0"><action no="1" player="oreiasccp" type="1" sum="10"/>
<action no="2" player="FernandesTime" type="2" discard="1" dealt="1" sum="20"/>
</round>
<round no="1"><cards type="Pocket" player="3LM4G0">X X</cards>
<cards type="Pocket" player="oreiasccp">H8 DA</cards>
<cards type="Pocket" player="FernandesTime">X X</cards>
<action no="3" player="3LM4G0" type="3" discard="1" dealt="1" sum="20"/>
<action no="4" player="oreiasccp" type="23" sum="400"/>
<action no="5" player="FernandesTime" type="0" discard="1" dealt="1" sum="0"/>
<action no="6" player="3LM4G0" type="0" discard="1" dealt="1" sum="0"/>
</round>
</game>
<game gamecode="11516773338"><general><startdate>2025-06-17 07:56:06</startdate>
<round>1</round>
<failsafecounter/>
<players><player seat="3" name="3LM4G0" chips="500" dealer="0" win="20" bet="20" muck="1" rebuy="0" addon="0" merge="0" rebuychips="0" reg_code="8385489397"/>
<player seat="6" name="oreiasccp" chips="440" dealer="1" win="0" bet="0" muck="1" rebuy="0" addon="0" merge="0" rebuychips="0" reg_code="8385489405"/>
<player seat="10" name="FernandesTime" chips="560" dealer="0" win="0" bet="10" muck="1" rebuy="0" addon="0" merge="0" rebuychips="0" reg_code="8385489431"/>
</players>
</general>
<round no="0"><action no="1" player="FernandesTime" type="1" discard="1" dealt="1" sum="10"/>
<action no="2" player="3LM4G0" type="2" discard="1" dealt="1" sum="20"/>
</round>
<round no="1"><cards type="Pocket" player="oreiasccp">H2 CQ</cards>
<cards type="Pocket" player="FernandesTime">X X</cards>
<cards type="Pocket" player="3LM4G0">X X</cards>
<action no="3" player="oreiasccp" type="0" sum="0"/>
<action no="4" player="FernandesTime" type="0" discard="1" dealt="1" sum="0"/>
</round>
</game>
<game gamecode="11516773358"><general><startdate>2025-06-17 07:56:14</startdate>
<round>1</round>
<failsafecounter/>
<players><player seat="6" name="oreiasccp" chips="440" dealer="0" win="20" bet="20" muck="1" rebuy="0" addon="0" merge="0" rebuychips="0" reg_code="8385489405"/>
<player seat="10" name="FernandesTime" chips="550" dealer="1" win="0" bet="0" muck="1" rebuy="0" addon="0" merge="0" rebuychips="0" reg_code="8385489431"/>
<player seat="3" name="3LM4G0" chips="510" dealer="0" win="0" bet="10" muck="1" rebuy="0" addon="0" merge="0" rebuychips="0" reg_code="8385489397"/>
</players>
</general>
<round no="0"><action no="1" player="3LM4G0" type="1" discard="1" dealt="1" sum="10"/>
<action no="2" player="oreiasccp" type="2" sum="20"/>
</round>
<round no="1"><cards type="Pocket" player="3LM4G0">X X</cards>
<cards type="Pocket" player="FernandesTime">X X</cards>
<cards type="Pocket" player="oreiasccp">H8 C10</cards>
<action no="3" player="FernandesTime" type="0" discard="1" dealt="1" sum="0"/>
<action no="4" player="3LM4G0" type="0" discard="1" dealt="1" sum="0"/>
</round>
</game>
<game gamecode="11516773378"><general><startdate>2025-06-17 07:56:22</startdate>
<round>1</round>
<failsafecounter/>
<players><player seat="10" name="FernandesTime" chips="550" dealer="0" win="0" bet="450" muck="1" rebuy="0" addon="0" merge="0" rebuychips="0" reg_code="8385489431"/>
<player seat="3" name="3LM4G0" chips="500" dealer="1" win="0" bet="5" muck="1" rebuy="0" addon="0" merge="0" rebuychips="0" reg_code="8385489397"/>
<player seat="6" name="oreiasccp" chips="450" dealer="0" win="905" bet="450" muck="0" rebuy="0" addon="0" merge="0" rebuychips="0" reg_code="8385489405"/>
</players>
</general>
<round no="0"><action no="1" player="oreiasccp" type="15" sum="5"/>
<action no="2" player="FernandesTime" type="15" discard="1" dealt="1" sum="5"/>
<action no="3" player="3LM4G0" type="15" discard="1" dealt="1" sum="5"/>
<action no="4" player="oreiasccp" type="1" sum="15"/>
<action no="5" player="FernandesTime" type="2" discard="1" dealt="1" sum="30"/>
</round>
<round no="1"><cards type="Pocket" player="oreiasccp">D9 HA</cards>
<cards type="Pocket" player="3LM4G0">X X</cards>
<cards type="Pocket" player="FernandesTime">CK DQ</cards>
<action no="6" player="3LM4G0" type="0" discard="1" dealt="1" sum="0"/>
<action no="7" player="oreiasccp" type="23" sum="445"/>
<action no="8" player="FernandesTime" type="3" discard="1" dealt="1" sum="415"/>
</round>
<round no="2"><cards type="Flop">H4 S10 C9</cards>
</round>
<round no="3"><cards type="Turn">H7</cards>
</round>
<round no="4"><cards type="River">H5</cards>
</round>
</game>
<game gamecode="11516773440"><general><startdate>2025-06-17 07:56:41</startdate>
<round>1</round>
<failsafecounter/>
<players><player seat="3" name="3LM4G0" chips="495" dealer="0" win="45" bet="35" muck="1" rebuy="0" addon="0" merge="0" rebuychips="0" reg_code="8385489397"/>
<player seat="6" name="oreiasccp" chips="905" dealer="1" win="0" bet="5" muck="1" rebuy="0" addon="0" merge="0" rebuychips="0" reg_code="8385489405"/>
<player seat="10" name="FernandesTime" chips="100" dealer="0" win="0" bet="20" muck="1" rebuy="0" addon="0" merge="0" rebuychips="0" reg_code="8385489431"/>
</players>
</general>
<round no="0"><action no="1" player="FernandesTime" type="15" discard="1" dealt="1" sum="5"/>
<action no="2" player="3LM4G0" type="15" discard="1" dealt="1" sum="5"/>
<action no="3" player="oreiasccp" type="15" sum="5"/>
<action no="4" player="FernandesTime" type="1" discard="1" dealt="1" sum="15"/>
<action no="5" player="3LM4G0" type="2" discard="1" dealt="1" sum="30"/>
</round>
<round no="1"><cards type="Pocket" player="3LM4G0">X X</cards>
<cards type="Pocket" player="oreiasccp">C3 SK</cards>
<cards type="Pocket" player="FernandesTime">X X</cards>
<action no="6" player="oreiasccp" type="0" sum="0"/>
<action no="7" player="FernandesTime" type="0" discard="1" dealt="1" sum="0"/>
</round>
</game>
<game gamecode="11516773468"><general><startdate>2025-06-17 07:56:52</startdate>
<round>1</round>
<failsafecounter/>
<players><player seat="6" name="oreiasccp" chips="900" dealer="0" win="0" bet="218" muck="1" rebuy="0" addon="0" merge="0" rebuychips="0" reg_code="8385489405"/>
<player seat="10" name="FernandesTime" chips="80" dealer="1" win="0" bet="5" muck="1" rebuy="0" addon="0" merge="0" rebuychips="0" reg_code="8385489431"/>
<player seat="3" name="3LM4G0" chips="520" dealer="0" win="441" bet="520" muck="1" rebuy="0" addon="0" merge="0" rebuychips="0" reg_code="8385489397"/>
</players>
</general>
<round no="0"><action no="1" player="3LM4G0" type="15" discard="1" dealt="1" sum="5"/>
<action no="2" player="oreiasccp" type="15" sum="5"/>
<action no="3" player="FernandesTime" type="15" discard="1" dealt="1" sum="5"/>
<action no="4" player="3LM4G0" type="1" discard="1" dealt="1" sum="15"/>
<action no="5" player="oreiasccp" type="2" sum="30"/>
</round>
<round no="1"><cards type="Pocket" player="3LM4G0">X X</cards>
<cards type="Pocket" player="FernandesTime">X X</cards>
<cards type="Pocket" player="oreiasccp">C6 S5</cards>
<action no="6" player="FernandesTime" type="0" discard="1" dealt="1" sum="0"/>
<action no="7" player="3LM4G0" type="3" discard="1" dealt="1" sum="15"/>
<action no="8" player="oreiasccp" type="4" sum="0"/>
</round>
<round no="2"><cards type="Flop">C7 D2 D8</cards>
<action no="9" player="3LM4G0" type="5" discard="1" dealt="1" sum="52"/>
<action no="10" player="oreiasccp" type="3" sum="52"/>
</round>
<round no="3"><cards type="Turn">DK</cards>
<action no="11" player="3LM4G0" type="4" discard="1" dealt="1" sum="0"/>
<action no="12" player="oreiasccp" type="5" sum="131"/>
<action no="13" player="3LM4G0" type="23" discard="1" dealt="1" sum="433"/>
<action no="14" player="oreiasccp" type="0" sum="0"/>
</round>
</game>
<game gamecode="11516773546"><general><startdate>2025-06-17 07:57:19</startdate>
<round>1</round>
<failsafecounter/>
<players><player seat="10" name="FernandesTime" chips="75" dealer="0" win="0" bet="75" muck="0" rebuy="0" addon="0" merge="0" rebuychips="0" reg_code="8385489431"/>
<player seat="3" name="3LM4G0" chips="743" dealer="1" win="0" bet="5" muck="1" rebuy="0" addon="0" merge="0" rebuychips="0" reg_code="8385489397"/>
<player seat="6" name="oreiasccp" chips="682" dealer="0" win="155" bet="75" muck="0" rebuy="0" addon="0" merge="0" rebuychips="0" reg_code="8385489405"/>
</players>
</general>
<round no="0"><action no="1" player="oreiasccp" type="15" sum="5"/>
<action no="2" player="FernandesTime" type="15" discard="1" dealt="1" sum="5"/>
<action no="3" player="3LM4G0" type="15" discard="1" dealt="1" sum="5"/>
<action no="4" player="oreiasccp" type="1" sum="15"/>
<action no="5" player="FernandesTime" type="2" discard="1" dealt="1" sum="30"/>
</round>
<round no="1"><cards type="Pocket" player="oreiasccp">CJ HJ</cards>
<cards type="Pocket" player="FernandesTime">H3 C7</cards>
<cards type="Pocket" player="3LM4G0">X X</cards>
<action no="6" player="3LM4G0" type="0" discard="1" dealt="1" sum="0"/>
<action no="7" player="oreiasccp" type="23" sum="70"/>
<action no="8" player="FernandesTime" type="7" discard="1" dealt="1" sum="40"/>
</round>
<round no="2"><cards type="Flop">H6 C9 C2</cards>
</round>
<round no="3"><cards type="Turn">C3</cards>
</round>
<round no="4"><cards type="River">S4</cards>
</round>
</game>
<game gamecode="11516773597"><general><startdate>2025-06-17 07:57:38</startdate>
<round>1</round>
<failsafecounter/>
<players><player seat="3" name="3LM4G0" chips="738" dealer="0" win="0" bet="35" muck="1" rebuy="0" addon="0" merge="0" rebuychips="0" reg_code="8385489397"/>
<player seat="6" name="oreiasccp" chips="762" dealer="1" win="70" bet="65" muck="1" rebuy="0" addon="0" merge="0" rebuychips="0" reg_code="8385489405"/>
</players>
</general>
<round no="0"><action no="1" player="oreiasccp" type="15" sum="5"/>
<action no="2" player="3LM4G0" type="15" discard="1" dealt="1" sum="5"/>
<action no="3" player="oreiasccp" type="1" sum="15"/>
<action no="4" player="3LM4G0" type="2" discard="1" dealt="1" sum="30"/>
</round>
<round no="1"><cards type="Pocket" player="3LM4G0">X X</cards>
<cards type="Pocket" player="oreiasccp">S3 CQ</cards>
<action no="5" player="oreiasccp" type="23" sum="60"/>
<action no="6" player="3LM4G0" type="0" discard="1" dealt="1" sum="0"/>
</round>
</game>
<game gamecode="11516773628"><general><startdate>2025-06-17 07:57:48</startdate>
<round>1</round>
<failsafecounter/>
<players><player seat="6" name="oreiasccp" chips="797" dealer="0" win="0" bet="35" muck="1" rebuy="0" addon="0" merge="0" rebuychips="0" reg_code="8385489405"/>
<player seat="3" name="3LM4G0" chips="703" dealer="1" win="70" bet="65" muck="1" rebuy="0" addon="0" merge="0" rebuychips="0" reg_code="8385489397"/>
</players>
</general>
<round no="0"><action no="1" player="3LM4G0" type="15" discard="1" dealt="1" sum="5"/>
<action no="2" player="oreiasccp" type="15" sum="5"/>
<action no="3" player="3LM4G0" type="1" discard="1" dealt="1" sum="15"/>
<action no="4" player="oreiasccp" type="2" sum="30"/>
</round>
<round no="1"><cards type="Pocket" player="3LM4G0">X X</cards>
<cards type="Pocket" player="oreiasccp">S10 C2</cards>
<action no="5" player="3LM4G0" type="23" discard="1" dealt="1" sum="60"/>
<action no="6" player="oreiasccp" type="0" sum="0"/>
</round>
</game>
<game gamecode="11516773658"><general><startdate>2025-06-17 07:57:59</startdate>
<round>1</round>
<failsafecounter/>
<players><player seat="3" name="3LM4G0" chips="738" dealer="0" win="370" bet="370" muck="1" rebuy="0" addon="0" merge="0" rebuychips="0" reg_code="8385489397"/>
<player seat="6" name="oreiasccp" chips="762" dealer="1" win="0" bet="185" muck="1" rebuy="0" addon="0" merge="0" rebuychips="0" reg_code="8385489405"/>
</players>
</general>
<round no="0"><action no="1" player="oreiasccp" type="15" sum="5"/>
<action no="2" player="3LM4G0" type="15" discard="1" dealt="1" sum="5"/>
<action no="3" player="oreiasccp" type="1" sum="15"/>
<action no="4" player="3LM4G0" type="2" discard="1" dealt="1" sum="30"/>
</round>
<round no="1"><cards type="Pocket" player="oreiasccp">CQ CK</cards>
<cards type="Pocket" player="3LM4G0">X X</cards>
<action no="5" player="oreiasccp" type="23" sum="60"/>
<action no="6" player="3LM4G0" type="23" discard="1" dealt="1" sum="180"/>
<action no="7" player="oreiasccp" type="3" sum="120"/>
</round>
<round no="2"><cards type="Flop">H5 S8 S2</cards>
<action no="8" player="3LM4G0" type="5" discard="1" dealt="1" sum="185"/>
<action no="9" player="oreiasccp" type="0" sum="0"/>
</round>
</game>
<game gamecode="11516773711"><general><startdate>2025-06-17 07:58:22</startdate>
<round>1</round>
<failsafecounter/>
<players><player seat="6" name="oreiasccp" chips="577" dealer="0" win="50" bet="45" muck="1" rebuy="0" addon="0" merge="0" rebuychips="0" reg_code="8385489405"/>
<player seat="3" name="3LM4G0" chips="923" dealer="1" win="0" bet="25" muck="1" rebuy="0" addon="0" merge="0" rebuychips="0" reg_code="8385489397"/>
</players>
</general>
<round no="0"><action no="1" player="3LM4G0" type="15" discard="1" dealt="1" sum="5"/>
<action no="2" player="oreiasccp" type="15" sum="5"/>
<action no="3" player="3LM4G0" type="1" discard="1" dealt="1" sum="20"/>
<action no="4" player="oreiasccp" type="2" sum="40"/>
</round>
<round no="1"><cards type="Pocket" player="oreiasccp">S8 C3</cards>
<cards type="Pocket" player="3LM4G0">X X</cards>
<action no="5" player="3LM4G0" type="0" discard="1" dealt="1" sum="0"/>
</round>
</game>
<game gamecode="11516773725"><general><startdate>2025-06-17 07:58:27</startdate>
<round>1</round>
<failsafecounter/>
<players><player seat="3" name="3LM4G0" chips="898" dealer="0" win="50" bet="45" muck="1" rebuy="0" addon="0" merge="0" rebuychips="0" reg_code="8385489397"/>
<player seat="6" name="oreiasccp" chips="602" dealer="1" win="0" bet="25" muck="1" rebuy="0" addon="0" merge="0" rebuychips="0" reg_code="8385489405"/>
</players>
</general>
<round no="0"><action no="1" player="oreiasccp" type="15" sum="5"/>
<action no="2" player="3LM4G0" type="15" discard="1" dealt="1" sum="5"/>
<action no="3" player="oreiasccp" type="1" sum="20"/>
<action no="4" player="3LM4G0" type="2" discard="1" dealt="1" sum="40"/>
</round>
<round no="1"><cards type="Pocket" player="oreiasccp">C9 S3</cards>
<cards type="Pocket" player="3LM4G0">X X</cards>
<action no="5" player="oreiasccp" type="0" sum="0"/>
</round>
</game>
<game gamecode="11516773741"><general><startdate>2025-06-17 07:58:33</startdate>
<round>1</round>
<failsafecounter/>
<players><player seat="6" name="oreiasccp" chips="577" dealer="0" win="418" bet="209" muck="0" rebuy="0" addon="0" merge="0" rebuychips="0" reg_code="8385489405"/>
<player seat="3" name="3LM4G0" chips="923" dealer="1" win="0" bet="209" muck="1" rebuy="0" addon="0" merge="0" rebuychips="0" reg_code="8385489397"/>
</players>
</general>
<round no="0"><action no="1" player="3LM4G0" type="15" discard="1" dealt="1" sum="5"/>
<action no="2" player="oreiasccp" type="15" sum="5"/>
<action no="3" player="3LM4G0" type="1" discard="1" dealt="1" sum="20"/>
<action no="4" player="oreiasccp" type="2" sum="40"/>
</round>
<round no="1"><cards type="Pocket" player="oreiasccp">HQ S2</cards>
<cards type="Pocket" player="3LM4G0">DA HA</cards>
<action no="5" player="3LM4G0" type="3" discard="1" dealt="1" sum="20"/>
<action no="6" player="oreiasccp" type="4" sum="0"/>
</round>
<round no="2"><cards type="Flop">S9 H10 H8</cards>
<action no="7" player="oreiasccp" type="4" sum="0"/>
<action no="8" player="3LM4G0" type="4" discard="1" dealt="1" sum="0"/>
</round>
<round no="3"><cards type="Turn">CJ</cards>
<action no="9" player="oreiasccp" type="5" sum="40"/>
<action no="10" player="3LM4G0" type="3" discard="1" dealt="1" sum="40"/>
</round>
<round no="4"><cards type="River">C3</cards>
<action no="11" player="oreiasccp" type="5" sum="124"/>
<action no="12" player="3LM4G0" type="3" discard="1" dealt="1" sum="124"/>
</round>
</game>
<game gamecode="11516773782"><general><startdate>2025-06-17 07:58:52</startdate>
<round>1</round>
<failsafecounter/>
<players><player seat="3" name="3LM4G0" chips="714" dealer="0" win="50" bet="45" muck="1" rebuy="0" addon="0" merge="0" rebuychips="0" reg_code="8385489397"/>
<player seat="6" name="oreiasccp" chips="786" dealer="1" win="0" bet="25" muck="1" rebuy="0" addon="0" merge="0" rebuychips="0" reg_code="8385489405"/>
</players>
</general>
<round no="0"><action no="1" player="oreiasccp" type="15" sum="5"/>
<action no="2" player="3LM4G0" type="15" discard="1" dealt="1" sum="5"/>
<action no="3" player="oreiasccp" type="1" sum="20"/>
<action no="4" player="3LM4G0" type="2" discard="1" dealt="1" sum="40"/>
</round>
<round no="1"><cards type="Pocket" player="oreiasccp">C2 D10</cards>
<cards type="Pocket" player="3LM4G0">X X</cards>
<action no="5" player="oreiasccp" type="0" sum="0"/>
</round>
</game>
<game gamecode="11516773795"><general><startdate>2025-06-17 07:58:58</startdate>
<round>1</round>
<failsafecounter/>
<players><player seat="6" name="oreiasccp" chips="761" dealer="0" win="50" bet="45" muck="1" rebuy="0" addon="0" merge="0" rebuychips="0" reg_code="8385489405"/>
<player seat="3" name="3LM4G0" chips="739" dealer="1" win="0" bet="25" muck="1" rebuy="0" addon="0" merge="0" rebuychips="0" reg_code="8385489397"/>
</players>
</general>
<round no="0"><action no="1" player="3LM4G0" type="15" discard="1" dealt="1" sum="5"/>
<action no="2" player="oreiasccp" type="15" sum="5"/>
<action no="3" player="3LM4G0" type="1" discard="1" dealt="1" sum="20"/>
<action no="4" player="oreiasccp" type="2" sum="40"/>
</round>
<round no="1"><cards type="Pocket" player="3LM4G0">X X</cards>
<cards type="Pocket" player="oreiasccp">S5 S9</cards>
<action no="5" player="3LM4G0" type="0" discard="1" dealt="1" sum="0"/>
</round>
</game>
<game gamecode="11516773813"><general><startdate>2025-06-17 07:59:03</startdate>
<round>1</round>
<failsafecounter/>
<players><player seat="3" name="3LM4G0" chips="714" dealer="0" win="50" bet="45" muck="1" rebuy="0" addon="0" merge="0" rebuychips="0" reg_code="8385489397"/>
<player seat="6" name="oreiasccp" chips="786" dealer="1" win="0" bet="25" muck="1" rebuy="0" addon="0" merge="0" rebuychips="0" reg_code="8385489405"/>
</players>
</general>
<round no="0"><action no="1" player="oreiasccp" type="15" sum="5"/>
<action no="2" player="3LM4G0" type="15" discard="1" dealt="1" sum="5"/>
<action no="3" player="oreiasccp" type="1" sum="20"/>
<action no="4" player="3LM4G0" type="2" discard="1" dealt="1" sum="40"/>
</round>
<round no="1"><cards type="Pocket" player="3LM4G0">X X</cards>
<cards type="Pocket" player="oreiasccp">D9 C3</cards>
<action no="5" player="oreiasccp" type="0" sum="0"/>
</round>
</game>
<game gamecode="11516773833"><general><startdate>2025-06-17 07:59:08</startdate>
<round>1</round>
<failsafecounter/>
<players><player seat="6" name="oreiasccp" chips="761" dealer="0" win="0" bet="125" muck="1" rebuy="0" addon="0" merge="0" rebuychips="0" reg_code="8385489405"/>
<player seat="3" name="3LM4G0" chips="739" dealer="1" win="250" bet="300" muck="1" rebuy="0" addon="0" merge="0" rebuychips="0" reg_code="8385489397"/>
</players>
</general>
<round no="0"><action no="1" player="3LM4G0" type="15" discard="1" dealt="1" sum="5"/>
<action no="2" player="oreiasccp" type="15" sum="5"/>
<action no="3" player="3LM4G0" type="1" discard="1" dealt="1" sum="20"/>
<action no="4" player="oreiasccp" type="2" sum="40"/>
</round>
<round no="1"><cards type="Pocket" player="oreiasccp">H9 HJ</cards>
<cards type="Pocket" player="3LM4G0">X X</cards>
<action no="5" player="3LM4G0" type="23" discard="1" dealt="1" sum="120"/>
<action no="6" player="oreiasccp" type="3" sum="80"/>
</round>
<round no="2"><cards type="Flop">D6 D7 S4</cards>
<action no="7" player="oreiasccp" type="4" sum="0"/>
<action no="8" player="3LM4G0" type="5" discard="1" dealt="1" sum="175"/>
<action no="9" player="oreiasccp" type="0" sum="0"/>
</round>
</game>
<game gamecode="11516773873"><general><startdate>2025-06-17 07:59:22</startdate>
<round>1</round>
<failsafecounter/>
<players><player seat="3" name="3LM4G0" chips="864" dealer="0" win="50" bet="45" muck="1" rebuy="0" addon="0" merge="0" rebuychips="0" reg_code="8385489397"/>
<player seat="6" name="oreiasccp" chips="636" dealer="1" win="0" bet="25" muck="1" rebuy="0" addon="0" merge="0" rebuychips="0" reg_code="8385489405"/>
</players>
</general>
<round no="0"><action no="1" player="oreiasccp" type="15" sum="5"/>
<action no="2" player="3LM4G0" type="15" discard="1" dealt="1" sum="5"/>
<action no="3" player="oreiasccp" type="1" sum="20"/>
<action no="4" player="3LM4G0" type="2" discard="1" dealt="1" sum="40"/>
</round>
<round no="1"><cards type="Pocket" player="3LM4G0">X X</cards>
<cards type="Pocket" player="oreiasccp">D2 H5</cards>
<action no="5" player="oreiasccp" type="0" sum="0"/>
</round>
</game>
<game gamecode="11516773891"><general><startdate>2025-06-17 07:59:27</startdate>
<round>1</round>
<failsafecounter/>
<players><player seat="6" name="oreiasccp" chips="611" dealer="0" win="50" bet="45" muck="1" rebuy="0" addon="0" merge="0" rebuychips="0" reg_code="8385489405"/>
<player seat="3" name="3LM4G0" chips="889" dealer="1" win="0" bet="25" muck="1" rebuy="0" addon="0" merge="0" rebuychips="0" reg_code="8385489397"/>
</players>
</general>
<round no="0"><action no="1" player="3LM4G0" type="15" discard="1" dealt="1" sum="5"/>
<action no="2" player="oreiasccp" type="15" sum="5"/>
<action no="3" player="3LM4G0" type="1" discard="1" dealt="1" sum="20"/>
<action no="4" player="oreiasccp" type="2" sum="40"/>
</round>
<round no="1"><cards type="Pocket" player="3LM4G0">X X</cards>
<cards type="Pocket" player="oreiasccp">D8 H5</cards>
<action no="5" player="3LM4G0" type="0" discard="1" dealt="1" sum="0"/>
</round>
</game>
<game gamecode="11516773906"><general><startdate>2025-06-17 07:59:32</startdate>
<round>1</round>
<failsafecounter/>
<players><player seat="3" name="3LM4G0" chips="864" dealer="0" win="50" bet="45" muck="1" rebuy="0" addon="0" merge="0" rebuychips="0" reg_code="8385489397"/>
<player seat="6" name="oreiasccp" chips="636" dealer="1" win="0" bet="25" muck="1" rebuy="0" addon="0" merge="0" rebuychips="0" reg_code="8385489405"/>
</players>
</general>
<round no="0"><action no="1" player="oreiasccp" type="15" sum="5"/>
<action no="2" player="3LM4G0" type="15" discard="1" dealt="1" sum="5"/>
<action no="3" player="oreiasccp" type="1" sum="20"/>
<action no="4" player="3LM4G0" type="2" discard="1" dealt="1" sum="40"/>
</round>
<round no="1"><cards type="Pocket" player="3LM4G0">X X</cards>
<cards type="Pocket" player="oreiasccp">H4 D10</cards>
<action no="5" player="oreiasccp" type="0" sum="0"/>
</round>
</game>
<game gamecode="11516773917"><general><startdate>2025-06-17 07:59:39</startdate>
<round>1</round>
<failsafecounter/>
<players><player seat="6" name="oreiasccp" chips="611" dealer="0" win="50" bet="45" muck="1" rebuy="0" addon="0" merge="0" rebuychips="0" reg_code="8385489405"/>
<player seat="3" name="3LM4G0" chips="889" dealer="1" win="0" bet="25" muck="1" rebuy="0" addon="0" merge="0" rebuychips="0" reg_code="8385489397"/>
</players>
</general>
<round no="0"><action no="1" player="3LM4G0" type="15" discard="1" dealt="1" sum="5"/>
<action no="2" player="oreiasccp" type="15" sum="5"/>
<action no="3" player="3LM4G0" type="1" discard="1" dealt="1" sum="20"/>
<action no="4" player="oreiasccp" type="2" sum="40"/>
</round>
<round no="1"><cards type="Pocket" player="3LM4G0">X X</cards>
<cards type="Pocket" player="oreiasccp">H10 C5</cards>
<action no="5" player="3LM4G0" type="0" discard="1" dealt="1" sum="0"/>
</round>
</game>
<game gamecode="11516773943"><general><startdate>2025-06-17 07:59:44</startdate>
<round>1</round>
<failsafecounter/>
<players><player seat="3" name="3LM4G0" chips="864" dealer="0" win="0" bet="45" muck="1" rebuy="0" addon="0" merge="0" rebuychips="0" reg_code="8385489397"/>
<player seat="6" name="oreiasccp" chips="636" dealer="1" win="90" bet="636" muck="1" rebuy="0" addon="0" merge="0" rebuychips="0" reg_code="8385489405"/>
</players>
</general>
<round no="0"><action no="1" player="oreiasccp" type="15" sum="5"/>
<action no="2" player="3LM4G0" type="15" discard="1" dealt="1" sum="5"/>
<action no="3" player="oreiasccp" type="1" sum="20"/>
<action no="4" player="3LM4G0" type="2" discard="1" dealt="1" sum="40"/>
</round>
<round no="1"><cards type="Pocket" player="oreiasccp">C9 SA</cards>
<cards type="Pocket" player="3LM4G0">X X</cards>
<action no="5" player="oreiasccp" type="23" sum="631"/>
<action no="6" player="3LM4G0" type="0" discard="1" dealt="1" sum="0"/>
</round>
</game>
<game gamecode="11516773961"><general><startdate>2025-06-17 07:59:52</startdate>
<round>1</round>
<failsafecounter/>
<players><player seat="6" name="oreiasccp" chips="681" dealer="0" win="0" bet="45" muck="1" rebuy="0" addon="0" merge="0" rebuychips="0" reg_code="8385489405"/>
<player seat="3" name="3LM4G0" chips="819" dealer="1" win="90" bet="85" muck="1" rebuy="0" addon="0" merge="0" rebuychips="0" reg_code="8385489397"/>
</players>
</general>
<round no="0"><action no="1" player="3LM4G0" type="15" discard="1" dealt="1" sum="5"/>
<action no="2" player="oreiasccp" type="15" sum="5"/>
<action no="3" player="3LM4G0" type="1" discard="1" dealt="1" sum="20"/>
<action no="4" player="oreiasccp" type="2" sum="40"/>
</round>
<round no="1"><cards type="Pocket" player="3LM4G0">X X</cards>
<cards type="Pocket" player="oreiasccp">D3 H10</cards>
<action no="5" player="3LM4G0" type="23" discard="1" dealt="1" sum="80"/>
<action no="6" player="oreiasccp" type="0" sum="0"/>
</round>
</game>
<game gamecode="11516773979"><general><startdate>2025-06-17 07:59:59</startdate>
<round>1</round>
<failsafecounter/>
<players><player seat="3" name="3LM4G0" chips="864" dealer="0" win="90" bet="125" muck="1" rebuy="0" addon="0" merge="0" rebuychips="0" reg_code="8385489397"/>
<player seat="6" name="oreiasccp" chips="636" dealer="1" win="0" bet="45" muck="1" rebuy="0" addon="0" merge="0" rebuychips="0" reg_code="8385489405"/>
</players>
</general>
<round no="0"><action no="1" player="oreiasccp" type="15" sum="5"/>
<action no="2" player="3LM4G0" type="15" discard="1" dealt="1" sum="5"/>
<action no="3" player="oreiasccp" type="1" sum="20"/>
<action no="4" player="3LM4G0" type="2" discard="1" dealt="1" sum="40"/>
</round>
<round no="1"><cards type="Pocket" player="3LM4G0">X X</cards>
<cards type="Pocket" player="oreiasccp">H3 CJ</cards>
<action no="5" player="oreiasccp" type="3" sum="20"/>
<action no="6" player="3LM4G0" type="23" discard="1" dealt="1" sum="120"/>
<action no="7" player="oreiasccp" type="0" sum="0"/>
</round>
</game>
<game gamecode="11516774010"><general><startdate>2025-06-17 08:00:09</startdate>
<round>1</round>
<failsafecounter/>
<players><player seat="6" name="oreiasccp" chips="591" dealer="0" win="50" bet="45" muck="1" rebuy="0" addon="0" merge="0" rebuychips="0" reg_code="8385489405"/>
<player seat="3" name="3LM4G0" chips="909" dealer="1" win="0" bet="25" muck="1" rebuy="0" addon="0" merge="0" rebuychips="0" reg_code="8385489397"/>
</players>
</general>
<round no="0"><action no="1" player="3LM4G0" type="15" discard="1" dealt="1" sum="5"/>
<action no="2" player="oreiasccp" type="15" sum="5"/>
<action no="3" player="3LM4G0" type="1" discard="1" dealt="1" sum="20"/>
<action no="4" player="oreiasccp" type="2" sum="40"/>
</round>
<round no="1"><cards type="Pocket" player="oreiasccp">S5 D6</cards>
<cards type="Pocket" player="3LM4G0">X X</cards>
<action no="5" player="3LM4G0" type="0" discard="1" dealt="1" sum="0"/>
</round>
</game>
<game gamecode="11516774023"><general><startdate>2025-06-17 08:00:14</startdate>
<round>1</round>
<failsafecounter/>
<players><player seat="3" name="3LM4G0" chips="884" dealer="0" win="90" bet="108" muck="1" rebuy="0" addon="0" merge="0" rebuychips="0" reg_code="8385489397"/>
<player seat="6" name="oreiasccp" chips="616" dealer="1" win="0" bet="45" muck="1" rebuy="0" addon="0" merge="0" rebuychips="0" reg_code="8385489405"/>
</players>
</general>
<round no="0"><action no="1" player="oreiasccp" type="15" sum="5"/>
<action no="2" player="3LM4G0" type="15" discard="1" dealt="1" sum="5"/>
<action no="3" player="oreiasccp" type="1" sum="20"/>
<action no="4" player="3LM4G0" type="2" discard="1" dealt="1" sum="40"/>
</round>
<round no="1"><cards type="Pocket" player="3LM4G0">X X</cards>
<cards type="Pocket" player="oreiasccp">C4 CJ</cards>
<action no="5" player="oreiasccp" type="3" sum="20"/>
<action no="6" player="3LM4G0" type="4" discard="1" dealt="1" sum="0"/>
</round>
<round no="2"><cards type="Flop">S5 HK S10</cards>
<action no="7" player="3LM4G0" type="5" discard="1" dealt="1" sum="63"/>
<action no="8" player="oreiasccp" type="0" sum="0"/>
</round>
</game>
<game gamecode="11516774052"><general><startdate>2025-06-17 08:00:27</startdate>
<round>1</round>
<failsafecounter/>
<players><player seat="6" name="oreiasccp" chips="571" dealer="0" win="70" bet="65" muck="1" rebuy="0" addon="0" merge="0" rebuychips="0" reg_code="8385489405"/>
<player seat="3" name="3LM4G0" chips="929" dealer="1" win="0" bet="35" muck="1" rebuy="0" addon="0" merge="0" rebuychips="0" reg_code="8385489397"/>
</players>
</general>
<round no="0"><action no="1" player="3LM4G0" type="15" discard="1" dealt="1" sum="5"/>
<action no="2" player="oreiasccp" type="15" sum="5"/>
<action no="3" player="3LM4G0" type="1" discard="1" dealt="1" sum="30"/>
<action no="4" player="oreiasccp" type="2" sum="60"/>
</round>
<round no="1"><cards type="Pocket" player="3LM4G0">X X</cards>
<cards type="Pocket" player="oreiasccp">DK HK</cards>
<action no="5" player="3LM4G0" type="0" discard="1" dealt="1" sum="0"/>
</round>
</game>
<game gamecode="11516774063"><general><startdate>2025-06-17 08:00:32</startdate>
<round>1</round>
<failsafecounter/>
<players><player seat="3" name="3LM4G0" chips="894" dealer="0" win="0" bet="65" muck="1" rebuy="0" addon="0" merge="0" rebuychips="0" reg_code="8385489397"/>
<player seat="6" name="oreiasccp" chips="606" dealer="1" win="130" bet="606" muck="1" rebuy="0" addon="0" merge="0" rebuychips="0" reg_code="8385489405"/>
</players>
</general>
<round no="0"><action no="1" player="oreiasccp" type="15" sum="5"/>
<action no="2" player="3LM4G0" type="15" discard="1" dealt="1" sum="5"/>
<action no="3" player="oreiasccp" type="1" sum="30"/>
<action no="4" player="3LM4G0" type="2" discard="1" dealt="1" sum="60"/>
</round>
<round no="1"><cards type="Pocket" player="oreiasccp">D7 DK</cards>
<cards type="Pocket" player="3LM4G0">X X</cards>
<action no="5" player="oreiasccp" type="23" sum="601"/>
<action no="6" player="3LM4G0" type="0" discard="1" dealt="1" sum="0"/>
</round>
</game>
<game gamecode="11516774081"><general><startdate>2025-06-17 08:00:39</startdate>
<round>1</round>
<failsafecounter/>
<players><player seat="6" name="oreiasccp" chips="671" dealer="0" win="70" bet="65" muck="1" rebuy="0" addon="0" merge="0" rebuychips="0" reg_code="8385489405"/>
<player seat="3" name="3LM4G0" chips="829" dealer="1" win="0" bet="35" muck="1" rebuy="0" addon="0" merge="0" rebuychips="0" reg_code="8385489397"/>
</players>
</general>
<round no="0"><action no="1" player="3LM4G0" type="15" discard="1" dealt="1" sum="5"/>
<action no="2" player="oreiasccp" type="15" sum="5"/>
<action no="3" player="3LM4G0" type="1" discard="1" dealt="1" sum="30"/>
<action no="4" player="oreiasccp" type="2" sum="60"/>
</round>
<round no="1"><cards type="Pocket" player="3LM4G0">X X</cards>
<cards type="Pocket" player="oreiasccp">S4 C6</cards>
<action no="5" player="3LM4G0" type="0" discard="1" dealt="1" sum="0"/>
</round>
</game>
<game gamecode="11516774099"><general><startdate>2025-06-17 08:00:44</startdate>
<round>1</round>
<failsafecounter/>
<players><player seat="3" name="3LM4G0" chips="794" dealer="0" win="0" bet="65" muck="1" rebuy="0" addon="0" merge="0" rebuychips="0" reg_code="8385489397"/>
<player seat="6" name="oreiasccp" chips="706" dealer="1" win="130" bet="125" muck="1" rebuy="0" addon="0" merge="0" rebuychips="0" reg_code="8385489405"/>
</players>
</general>
<round no="0"><action no="1" player="oreiasccp" type="15" sum="5"/>
<action no="2" player="3LM4G0" type="15" discard="1" dealt="1" sum="5"/>
<action no="3" player="oreiasccp" type="1" sum="30"/>
<action no="4" player="3LM4G0" type="2" discard="1" dealt="1" sum="60"/>
</round>
<round no="1"><cards type="Pocket" player="oreiasccp">S6 S10</cards>
<cards type="Pocket" player="3LM4G0">X X</cards>
<action no="5" player="oreiasccp" type="3" sum="30"/>
<action no="6" player="3LM4G0" type="4" discard="1" dealt="1" sum="0"/>
</round>
<round no="2"><cards type="Flop">C6 S2 SA</cards>
<action no="7" player="3LM4G0" type="4" discard="1" dealt="1" sum="0"/>
<action no="8" player="oreiasccp" type="5" sum="60"/>
<action no="9" player="3LM4G0" type="0" discard="1" dealt="1" sum="0"/>
</round>
</game>
<game gamecode="11516774128"><general><startdate>2025-06-17 08:00:56</startdate>
<round>1</round>
<failsafecounter/>
<players><player seat="6" name="oreiasccp" chips="771" dealer="0" win="70" bet="65" muck="1" rebuy="0" addon="0" merge="0" rebuychips="0" reg_code="8385489405"/>
<player seat="3" name="3LM4G0" chips="729" dealer="1" win="0" bet="35" muck="1" rebuy="0" addon="0" merge="0" rebuychips="0" reg_code="8385489397"/>
</players>
</general>
<round no="0"><action no="1" player="3LM4G0" type="15" discard="1" dealt="1" sum="5"/>
<action no="2" player="oreiasccp" type="15" sum="5"/>
<action no="3" player="3LM4G0" type="1" discard="1" dealt="1" sum="30"/>
<action no="4" player="oreiasccp" type="2" sum="60"/>
</round>
<round no="1"><cards type="Pocket" player="3LM4G0">X X</cards>
<cards type="Pocket" player="oreiasccp">C3 S4</cards>
<action no="5" player="3LM4G0" type="0" discard="1" dealt="1" sum="0"/>
</round>
</game>
<game gamecode="11516774142"><general><startdate>2025-06-17 08:01:01</startdate>
<round>1</round>
<failsafecounter/>
<players><player seat="3" name="3LM4G0" chips="694" dealer="0" win="0" bet="65" muck="1" rebuy="0" addon="0" merge="0" rebuychips="0" reg_code="8385489397"/>
<player seat="6" name="oreiasccp" chips="806" dealer="1" win="130" bet="694" muck="1" rebuy="0" addon="0" merge="0" rebuychips="0" reg_code="8385489405"/>
</players>
</general>
<round no="0"><action no="1" player="oreiasccp" type="15" sum="5"/>
<action no="2" player="3LM4G0" type="15" discard="1" dealt="1" sum="5"/>
<action no="3" player="oreiasccp" type="1" sum="30"/>
<action no="4" player="3LM4G0" type="2" discard="1" dealt="1" sum="60"/>
</round>
<round no="1"><cards type="Pocket" player="3LM4G0">X X</cards>
<cards type="Pocket" player="oreiasccp">D5 SA</cards>
<action no="5" player="oreiasccp" type="23" sum="689"/>
<action no="6" player="3LM4G0" type="0" discard="1" dealt="1" sum="0"/>
</round>
</game>
<game gamecode="11516774165"><general><startdate>2025-06-17 08:01:08</startdate>
<round>1</round>
<failsafecounter/>
<players><player seat="6" name="oreiasccp" chips="871" dealer="0" win="0" bet="65" muck="1" rebuy="0" addon="0" merge="0" rebuychips="0" reg_code="8385489405"/>
<player seat="3" name="3LM4G0" chips="629" dealer="1" win="130" bet="125" muck="1" rebuy="0" addon="0" merge="0" rebuychips="0" reg_code="8385489397"/>
</players>
</general>
<round no="0"><action no="1" player="3LM4G0" type="15" discard="1" dealt="1" sum="5"/>
<action no="2" player="oreiasccp" type="15" sum="5"/>
<action no="3" player="3LM4G0" type="1" discard="1" dealt="1" sum="30"/>
<action no="4" player="oreiasccp" type="2" sum="60"/>
</round>
<round no="1"><cards type="Pocket" player="oreiasccp">H4 D5</cards>
<cards type="Pocket" player="3LM4G0">X X</cards>
<action no="5" player="3LM4G0" type="23" discard="1" dealt="1" sum="120"/>
<action no="6" player="oreiasccp" type="0" sum="0"/>
</round>
</game>
<game gamecode="11516774185"><general><startdate>2025-06-17 08:01:16</startdate>
<round>1</round>
<failsafecounter/>
<players><player seat="3" name="3LM4G0" chips="694" dealer="0" win="70" bet="65" muck="1" rebuy="0" addon="0" merge="0" rebuychips="0" reg_code="8385489397"/>
<player seat="6" name="oreiasccp" chips="806" dealer="1" win="0" bet="35" muck="1" rebuy="0" addon="0" merge="0" rebuychips="0" reg_code="8385489405"/>
</players>
</general>
<round no="0"><action no="1" player="oreiasccp" type="15" sum="5"/>
<action no="2" player="3LM4G0" type="15" discard="1" dealt="1" sum="5"/>
<action no="3" player="oreiasccp" type="1" sum="30"/>
<action no="4" player="3LM4G0" type="2" discard="1" dealt="1" sum="60"/>
</round>
<round no="1"><cards type="Pocket" player="oreiasccp">C9 D3</cards>
<cards type="Pocket" player="3LM4G0">X X</cards>
<action no="5" player="oreiasccp" type="0" sum="0"/>
</round>
</game>
<game gamecode="11516774201"><general><startdate>2025-06-17 08:01:22</startdate>
<round>1</round>
<failsafecounter/>
<players><player seat="6" name="oreiasccp" chips="771" dealer="0" win="0" bet="65" muck="1" rebuy="0" addon="0" merge="0" rebuychips="0" reg_code="8385489405"/>
<player seat="3" name="3LM4G0" chips="729" dealer="1" win="130" bet="125" muck="1" rebuy="0" addon="0" merge="0" rebuychips="0" reg_code="8385489397"/>
</players>
</general>
<round no="0"><action no="1" player="3LM4G0" type="15" discard="1" dealt="1" sum="5"/>
<action no="2" player="oreiasccp" type="15" sum="5"/>
<action no="3" player="3LM4G0" type="1" discard="1" dealt="1" sum="30"/>
<action no="4" player="oreiasccp" type="2" sum="60"/>
</round>
<round no="1"><cards type="Pocket" player="3LM4G0">X X</cards>
<cards type="Pocket" player="oreiasccp">C2 S4</cards>
<action no="5" player="3LM4G0" type="23" discard="1" dealt="1" sum="120"/>
<action no="6" player="oreiasccp" type="0" sum="0"/>
</round>
</game>
<game gamecode="11516774224"><general><startdate>2025-06-17 08:01:30</startdate>
<round>1</round>
<failsafecounter/>
<players><player seat="3" name="3LM4G0" chips="794" dealer="0" win="0" bet="268" muck="1" rebuy="0" addon="0" merge="0" rebuychips="0" reg_code="8385489397"/>
<player seat="6" name="oreiasccp" chips="706" dealer="1" win="536" bet="268" muck="0" rebuy="0" addon="0" merge="0" rebuychips="0" reg_code="8385489405"/>
</players>
</general>
<round no="0"><action no="1" player="oreiasccp" type="15" sum="5"/>
<action no="2" player="3LM4G0" type="15" discard="1" dealt="1" sum="5"/>
<action no="3" player="oreiasccp" type="1" sum="30"/>
<action no="4" player="3LM4G0" type="2" discard="1" dealt="1" sum="60"/>
</round>
<round no="1"><cards type="Pocket" player="oreiasccp">S8 HJ</cards>
<cards type="Pocket" player="3LM4G0">H5 C2</cards>
<action no="5" player="oreiasccp" type="3" sum="30"/>
<action no="6" player="3LM4G0" type="4" discard="1" dealt="1" sum="0"/>
</round>
<round no="2"><cards type="Flop">S5 HQ H8</cards>
<action no="7" player="3LM4G0" type="4" discard="1" dealt="1" sum="0"/>
<action no="8" player="oreiasccp" type="4" sum="0"/>
</round>
<round no="3"><cards type="Turn">H6</cards>
<action no="9" player="3LM4G0" type="5" discard="1" dealt="1" sum="91"/>
<action no="10" player="oreiasccp" type="3" sum="91"/>
</round>
<round no="4"><cards type="River">H4</cards>
<action no="11" player="3LM4G0" type="4" discard="1" dealt="1" sum="0"/>
<action no="12" player="oreiasccp" type="5" sum="112"/>
<action no="13" player="3LM4G0" type="3" discard="1" dealt="1" sum="112"/>
</round>
</game>
<game gamecode="11516774277"><general><startdate>2025-06-17 08:01:53</startdate>
<round>1</round>
<failsafecounter/>
<players><player seat="6" name="oreiasccp" chips="974" dealer="0" win="1,052" bet="526" muck="0" rebuy="0" addon="0" merge="0" rebuychips="0" reg_code="8385489405"/>
<player seat="3" name="3LM4G0" chips="526" dealer="1" win="0" bet="526" muck="0" rebuy="0" addon="0" merge="0" rebuychips="0" reg_code="8385489397"/>
</players>
</general>
<round no="0"><action no="1" player="3LM4G0" type="15" discard="1" dealt="1" sum="5"/>
<action no="2" player="oreiasccp" type="15" sum="5"/>
<action no="3" player="3LM4G0" type="1" discard="1" dealt="1" sum="30"/>
<action no="4" player="oreiasccp" type="2" sum="60"/>
</round>
<round no="1"><cards type="Pocket" player="3LM4G0">DJ D4</cards>
<cards type="Pocket" player="oreiasccp">HJ DA</cards>
<action no="5" player="3LM4G0" type="23" discard="1" dealt="1" sum="120"/>
<action no="6" player="oreiasccp" type="23" sum="521"/>
<action no="7" player="3LM4G0" type="7" discard="1" dealt="1" sum="401"/>
</round>
<round no="2"><cards type="Flop">S2 H8 C2</cards>
</round>
<round no="3"><cards type="Turn">H5</cards>
</round>
<round no="4"><cards type="River">HA</cards>
</round>
</game>
</session>
