<?xml version="1.0" encoding="UTF-8"?>
<session sessioncode="8385514281">
<general>
<client_version>24.7.1.16</client_version>
<mode>real</mode>
<gametype>Holdem NL</gametype>
<tablename>Twister €5 SNG, 1127665542</tablename>
<tournamentcode>1127665541</tournamentcode>
<tournamentname>Twister €5 SNG</tournamentname>
<buyin>€0 + €0.35 + €4.65</buyin>
<totalbuyin>€5</totalbuyin>
<rewarddrawn>€15</rewarddrawn>
<tournamentcurrency>EUR</tournamentcurrency>
<currency>EUR</currency>
<nickname>oreiasccp</nickname>
<gamecount>25</gamecount>
<startdate>2025-06-17 09:56:02</startdate>
<place>1</place>
<win>€15</win>
<tablesize>3</tablesize>
</general>
<game gamecode="11516849940"><general><startdate>2025-06-17 09:56:18</startdate>
<round>1</round>
<failsafecounter/>
<players><player seat="6" name="AnSer1" chips="500" dealer="0" win="240" bet="230" muck="1" rebuy="0" addon="0" merge="0" rebuychips="0" reg_code="8385514262"/>
<player seat="10" name="oreiasccp" chips="500" dealer="1" win="0" bet="40" muck="1" rebuy="0" addon="0" merge="0" rebuychips="0" reg_code="8385514281"/>
<player seat="3" name="lemonround244" chips="500" dealer="0" win="0" bet="100" muck="1" rebuy="0" addon="0" merge="0" rebuychips="0" reg_code="8385514247"/>
</players>
</general>
<round no="0"><action no="1" player="lemonround244" type="1" discard="1" dealt="1" sum="10"/>
<action no="2" player="AnSer1" type="2" discard="1" dealt="1" sum="20"/>
</round>
<round no="1"><cards type="Pocket" player="oreiasccp">HJ D10</cards>
<cards type="Pocket" player="AnSer1">X X</cards>
<cards type="Pocket" player="lemonround244">X X</cards>
<action no="3" player="oreiasccp" type="23" sum="40"/>
<action no="4" player="lemonround244" type="3" discard="1" dealt="1" sum="30"/>
<action no="5" player="AnSer1" type="3" discard="1" dealt="1" sum="20"/>
</round>
<round no="2"><cards type="Flop">SK D2 S9</cards>
<action no="6" player="lemonround244" type="4" discard="1" dealt="1" sum="0"/>
<action no="7" player="AnSer1" type="4" discard="1" dealt="1" sum="0"/>
<action no="8" player="oreiasccp" type="4" sum="0"/>
</round>
<round no="3"><cards type="Turn">C7</cards>
<action no="9" player="lemonround244" type="5" discard="1" dealt="1" sum="60"/>
<action no="10" player="AnSer1" type="23" discard="1" dealt="1" sum="190"/>
<action no="11" player="oreiasccp" type="0" sum="0"/>
<action no="12" player="lemonround244" type="0" discard="1" dealt="1" sum="0"/>
</round>
</game>
<game gamecode="11516850047"><general><startdate>2025-06-17 09:56:53</startdate>
<round>1</round>
<failsafecounter/>
<players><player seat="10" name="oreiasccp" chips="460" dealer="0" win="40" bet="40" muck="1" rebuy="0" addon="0" merge="0" rebuychips="0" reg_code="8385514281"/>
<player seat="3" name="lemonround244" chips="400" dealer="1" win="0" bet="0" muck="1" rebuy="0" addon="0" merge="0" rebuychips="0" reg_code="8385514247"/>
<player seat="6" name="AnSer1" chips="640" dealer="0" win="0" bet="20" muck="1" rebuy="0" addon="0" merge="0" rebuychips="0" reg_code="8385514262"/>
</players>
</general>
<round no="0"><action no="1" player="AnSer1" type="1" discard="1" dealt="1" sum="10"/>
<action no="2" player="oreiasccp" type="2" sum="20"/>
</round>
<round no="1"><cards type="Pocket" player="oreiasccp">C6 D8</cards>
<cards type="Pocket" player="lemonround244">X X</cards>
<cards type="Pocket" player="AnSer1">X X</cards>
<action no="3" player="lemonround244" type="0" discard="1" dealt="1" sum="0"/>
<action no="4" player="AnSer1" type="3" discard="1" dealt="1" sum="10"/>
<action no="5" player="oreiasccp" type="4" sum="0"/>
</round>
<round no="2"><cards type="Flop">HQ H9 H6</cards>
<action no="6" player="AnSer1" type="4" discard="1" dealt="1" sum="0"/>
<action no="7" player="oreiasccp" type="4" sum="0"/>
</round>
<round no="3"><cards type="Turn">C4</cards>
<action no="8" player="AnSer1" type="4" discard="1" dealt="1" sum="0"/>
<action no="9" player="oreiasccp" type="5" sum="20"/>
<action no="10" player="AnSer1" type="0" discard="1" dealt="1" sum="0"/>
</round>
</game>
<game gamecode="11516850116"><general><startdate>2025-06-17 09:57:15</startdate>
<round>1</round>
<failsafecounter/>
<players><player seat="3" name="lemonround244" chips="400" dealer="0" win="120" bet="300" muck="1" rebuy="0" addon="0" merge="0" rebuychips="0" reg_code="8385514247"/>
<player seat="6" name="AnSer1" chips="620" dealer="1" win="0" bet="0" muck="1" rebuy="0" addon="0" merge="0" rebuychips="0" reg_code="8385514262"/>
<player seat="10" name="oreiasccp" chips="480" dealer="0" win="0" bet="60" muck="1" rebuy="0" addon="0" merge="0" rebuychips="0" reg_code="8385514281"/>
</players>
</general>
<round no="0"><action no="1" player="oreiasccp" type="1" sum="10"/>
<action no="2" player="lemonround244" type="2" discard="1" dealt="1" sum="20"/>
</round>
<round no="1"><cards type="Pocket" player="AnSer1">X X</cards>
<cards type="Pocket" player="oreiasccp">CQ HJ</cards>
<cards type="Pocket" player="lemonround244">X X</cards>
<action no="3" player="AnSer1" type="0" discard="1" dealt="1" sum="0"/>
<action no="4" player="oreiasccp" type="23" sum="40"/>
<action no="5" player="lemonround244" type="3" discard="1" dealt="1" sum="20"/>
</round>
<round no="2"><cards type="Flop">C6 H10 H7</cards>
<action no="6" player="oreiasccp" type="5" sum="20"/>
<action no="7" player="lemonround244" type="3" discard="1" dealt="1" sum="20"/>
</round>
<round no="3"><cards type="Turn">S3</cards>
<action no="8" player="oreiasccp" type="4" sum="0"/>
<action no="9" player="lemonround244" type="4" discard="1" dealt="1" sum="0"/>
</round>
<round no="4"><cards type="River">S8</cards>
<action no="10" player="oreiasccp" type="4" sum="0"/>
<action no="11" player="lemonround244" type="5" discard="1" dealt="1" sum="240"/>
<action no="12" player="oreiasccp" type="0" sum="0"/>
</round>
</game>
<game gamecode="11516850209"><general><startdate>2025-06-17 09:57:46</startdate>
<round>1</round>
<failsafecounter/>
<players><player seat="6" name="AnSer1" chips="620" dealer="0" win="920" bet="620" muck="0" rebuy="0" addon="0" merge="0" rebuychips="0" reg_code="8385514262"/>
<player seat="10" name="oreiasccp" chips="420" dealer="1" win="0" bet="0" muck="1" rebuy="0" addon="0" merge="0" rebuychips="0" reg_code="8385514281"/>
<player seat="3" name="lemonround244" chips="460" dealer="0" win="0" bet="460" muck="0" rebuy="0" addon="0" merge="0" rebuychips="0" reg_code="8385514247"/>
</players>
</general>
<round no="0"><action no="1" player="lemonround244" type="1" discard="1" dealt="1" sum="10"/>
<action no="2" player="AnSer1" type="2" discard="1" dealt="1" sum="20"/>
</round>
<round no="1"><cards type="Pocket" player="oreiasccp">C7 S10</cards>
<cards type="Pocket" player="AnSer1">HA DJ</cards>
<cards type="Pocket" player="lemonround244">HQ H9</cards>
<action no="3" player="oreiasccp" type="0" sum="0"/>
<action no="4" player="lemonround244" type="23" discard="1" dealt="1" sum="60"/>
<action no="5" player="AnSer1" type="23" discard="1" dealt="1" sum="620"/>
<action no="6" player="lemonround244" type="7" discard="1" dealt="1" sum="400"/>
</round>
<round no="2"><cards type="Flop">C9 S8 CK</cards>
</round>
<round no="3"><cards type="Turn">D6</cards>
</round>
<round no="4"><cards type="River">SA</cards>
</round>
</game>
<game gamecode="11516850272"><general><startdate>2025-06-17 09:58:07</startdate>
<round>1</round>
<failsafecounter/>
<players><player seat="10" name="oreiasccp" chips="420" dealer="0" win="80" bet="40" muck="0" rebuy="0" addon="0" merge="0" rebuychips="0" reg_code="8385514281"/>
<player seat="6" name="AnSer1" chips="1,080" dealer="1" win="0" bet="40" muck="1" rebuy="0" addon="0" merge="0" rebuychips="0" reg_code="8385514262"/>
</players>
</general>
<round no="0"><action no="1" player="AnSer1" type="1" discard="1" dealt="1" sum="10"/>
<action no="2" player="oreiasccp" type="2" sum="20"/>
</round>
<round no="1"><cards type="Pocket" player="oreiasccp">H6 H2</cards>
<cards type="Pocket" player="AnSer1">S5 D9</cards>
<action no="3" player="AnSer1" type="3" discard="1" dealt="1" sum="10"/>
<action no="4" player="oreiasccp" type="4" sum="0"/>
</round>
<round no="2"><cards type="Flop">D7 C6 H3</cards>
<action no="5" player="oreiasccp" type="4" sum="0"/>
<action no="6" player="AnSer1" type="5" discard="1" dealt="1" sum="20"/>
<action no="7" player="oreiasccp" type="3" sum="20"/>
</round>
<round no="3"><cards type="Turn">D10</cards>
<action no="8" player="oreiasccp" type="4" sum="0"/>
<action no="9" player="AnSer1" type="4" discard="1" dealt="1" sum="0"/>
</round>
<round no="4"><cards type="River">S10</cards>
<action no="10" player="oreiasccp" type="4" sum="0"/>
<action no="11" player="AnSer1" type="4" discard="1" dealt="1" sum="0"/>
</round>
</game>
<game gamecode="11516850378"><general><startdate>2025-06-17 09:58:39</startdate>
<round>1</round>
<failsafecounter/>
<players><player seat="6" name="AnSer1" chips="1,040" dealer="0" win="0" bet="35" muck="1" rebuy="0" addon="0" merge="0" rebuychips="0" reg_code="8385514262"/>
<player seat="10" name="oreiasccp" chips="460" dealer="1" win="70" bet="65" muck="1" rebuy="0" addon="0" merge="0" rebuychips="0" reg_code="8385514281"/>
</players>
</general>
<round no="0"><action no="1" player="oreiasccp" type="15" sum="5"/>
<action no="2" player="AnSer1" type="15" discard="1" dealt="1" sum="5"/>
<action no="3" player="oreiasccp" type="1" sum="15"/>
<action no="4" player="AnSer1" type="2" discard="1" dealt="1" sum="30"/>
</round>
<round no="1"><cards type="Pocket" player="AnSer1">X X</cards>
<cards type="Pocket" player="oreiasccp">C5 C6</cards>
<action no="5" player="oreiasccp" type="3" sum="15"/>
<action no="6" player="AnSer1" type="4" discard="1" dealt="1" sum="0"/>
</round>
<round no="2"><cards type="Flop">SK HA S3</cards>
<action no="7" player="AnSer1" type="4" discard="1" dealt="1" sum="0"/>
<action no="8" player="oreiasccp" type="5" sum="30"/>
<action no="9" player="AnSer1" type="0" discard="1" dealt="1" sum="0"/>
</round>
</game>
<game gamecode="11516850457"><general><startdate>2025-06-17 09:59:02</startdate>
<round>1</round>
<failsafecounter/>
<players><player seat="10" name="oreiasccp" chips="495" dealer="0" win="0" bet="35" muck="1" rebuy="0" addon="0" merge="0" rebuychips="0" reg_code="8385514281"/>
<player seat="6" name="AnSer1" chips="1,005" dealer="1" win="70" bet="80" muck="1" rebuy="0" addon="0" merge="0" rebuychips="0" reg_code="8385514262"/>
</players>
</general>
<round no="0"><action no="1" player="AnSer1" type="15" discard="1" dealt="1" sum="5"/>
<action no="2" player="oreiasccp" type="15" sum="5"/>
<action no="3" player="AnSer1" type="1" discard="1" dealt="1" sum="15"/>
<action no="4" player="oreiasccp" type="2" sum="30"/>
</round>
<round no="1"><cards type="Pocket" player="AnSer1">X X</cards>
<cards type="Pocket" player="oreiasccp">C10 S8</cards>
<action no="5" player="AnSer1" type="3" discard="1" dealt="1" sum="15"/>
<action no="6" player="oreiasccp" type="4" sum="0"/>
</round>
<round no="2"><cards type="Flop">D10 DA HQ</cards>
<action no="7" player="oreiasccp" type="4" sum="0"/>
<action no="8" player="AnSer1" type="4" discard="1" dealt="1" sum="0"/>
</round>
<round no="3"><cards type="Turn">DQ</cards>
<action no="9" player="oreiasccp" type="4" sum="0"/>
<action no="10" player="AnSer1" type="5" discard="1" dealt="1" sum="45"/>
<action no="11" player="oreiasccp" type="0" sum="0"/>
</round>
</game>
<game gamecode="11516850601"><general><startdate>2025-06-17 09:59:44</startdate>
<round>1</round>
<failsafecounter/>
<players><player seat="6" name="AnSer1" chips="1,040" dealer="0" win="0" bet="35" muck="1" rebuy="0" addon="0" merge="0" rebuychips="0" reg_code="8385514262"/>
<player seat="10" name="oreiasccp" chips="460" dealer="1" win="70" bet="460" muck="1" rebuy="0" addon="0" merge="0" rebuychips="0" reg_code="8385514281"/>
</players>
</general>
<round no="0"><action no="1" player="oreiasccp" type="15" sum="5"/>
<action no="2" player="AnSer1" type="15" discard="1" dealt="1" sum="5"/>
<action no="3" player="oreiasccp" type="1" sum="15"/>
<action no="4" player="AnSer1" type="2" discard="1" dealt="1" sum="30"/>
</round>
<round no="1"><cards type="Pocket" player="oreiasccp">D2 SA</cards>
<cards type="Pocket" player="AnSer1">X X</cards>
<action no="5" player="oreiasccp" type="23" sum="455"/>
<action no="6" player="AnSer1" type="0" discard="1" dealt="1" sum="0"/>
</round>
</game>
<game gamecode="11516854508"><general><startdate>2025-06-17 09:59:54</startdate>
<round>1</round>
<failsafecounter/>
<players><player seat="10" name="oreiasccp" chips="495" dealer="0" win="160" bet="80" muck="0" rebuy="0" addon="0" merge="0" rebuychips="0" reg_code="8385514281"/>
<player seat="6" name="AnSer1" chips="1,005" dealer="1" win="0" bet="80" muck="1" rebuy="0" addon="0" merge="0" rebuychips="0" reg_code="8385514262"/>
</players>
</general>
<round no="0"><action no="1" player="AnSer1" type="15" discard="1" dealt="1" sum="5"/>
<action no="2" player="oreiasccp" type="15" sum="5"/>
<action no="3" player="AnSer1" type="1" discard="1" dealt="1" sum="15"/>
<action no="4" player="oreiasccp" type="2" sum="30"/>
</round>
<round no="1"><cards type="Pocket" player="oreiasccp">S7 H9</cards>
<cards type="Pocket" player="AnSer1">S4 S6</cards>
<action no="5" player="AnSer1" type="3" discard="1" dealt="1" sum="15"/>
<action no="6" player="oreiasccp" type="4" sum="0"/>
</round>
<round no="2"><cards type="Flop">D6 D2 H7</cards>
<action no="7" player="oreiasccp" type="4" sum="0"/>
<action no="8" player="AnSer1" type="4" discard="1" dealt="1" sum="0"/>
</round>
<round no="3"><cards type="Turn">D5</cards>
<action no="9" player="oreiasccp" type="4" sum="0"/>
<action no="10" player="AnSer1" type="5" discard="1" dealt="1" sum="45"/>
<action no="11" player="oreiasccp" type="3" sum="45"/>
</round>
<round no="4"><cards type="River">C9</cards>
<action no="12" player="oreiasccp" type="4" sum="0"/>
<action no="13" player="AnSer1" type="4" discard="1" dealt="1" sum="0"/>
</round>
</game>
<game gamecode="11516854594"><general><startdate>2025-06-17 10:00:19</startdate>
<round>1</round>
<failsafecounter/>
<players><player seat="6" name="AnSer1" chips="925" dealer="0" win="90" bet="925" muck="1" rebuy="0" addon="0" merge="0" rebuychips="0" reg_code="8385514262"/>
<player seat="10" name="oreiasccp" chips="575" dealer="1" win="0" bet="45" muck="1" rebuy="0" addon="0" merge="0" rebuychips="0" reg_code="8385514281"/>
</players>
</general>
<round no="0"><action no="1" player="oreiasccp" type="15" sum="5"/>
<action no="2" player="AnSer1" type="15" discard="1" dealt="1" sum="5"/>
<action no="3" player="oreiasccp" type="1" sum="20"/>
<action no="4" player="AnSer1" type="2" discard="1" dealt="1" sum="40"/>
</round>
<round no="1"><cards type="Pocket" player="oreiasccp">D3 DJ</cards>
<cards type="Pocket" player="AnSer1">X X</cards>
<action no="5" player="oreiasccp" type="3" sum="20"/>
<action no="6" player="AnSer1" type="23" discard="1" dealt="1" sum="920"/>
<action no="7" player="oreiasccp" type="0" sum="0"/>
</round>
</game>
<game gamecode="11516854640"><general><startdate>2025-06-17 10:00:31</startdate>
<round>1</round>
<failsafecounter/>
<players><player seat="10" name="oreiasccp" chips="530" dealer="0" win="0" bet="45" muck="1" rebuy="0" addon="0" merge="0" rebuychips="0" reg_code="8385514281"/>
<player seat="6" name="AnSer1" chips="970" dealer="1" win="90" bet="85" muck="1" rebuy="0" addon="0" merge="0" rebuychips="0" reg_code="8385514262"/>
</players>
</general>
<round no="0"><action no="1" player="AnSer1" type="15" discard="1" dealt="1" sum="5"/>
<action no="2" player="oreiasccp" type="15" sum="5"/>
<action no="3" player="AnSer1" type="1" discard="1" dealt="1" sum="20"/>
<action no="4" player="oreiasccp" type="2" sum="40"/>
</round>
<round no="1"><cards type="Pocket" player="oreiasccp">H7 H10</cards>
<cards type="Pocket" player="AnSer1">X X</cards>
<action no="5" player="AnSer1" type="3" discard="1" dealt="1" sum="20"/>
<action no="6" player="oreiasccp" type="4" sum="0"/>
</round>
<round no="2"><cards type="Flop">C9 HA CK</cards>
<action no="7" player="oreiasccp" type="4" sum="0"/>
<action no="8" player="AnSer1" type="5" discard="1" dealt="1" sum="40"/>
<action no="9" player="oreiasccp" type="0" sum="0"/>
</round>
</game>
<game gamecode="11516854713"><general><startdate>2025-06-17 10:00:52</startdate>
<round>1</round>
<failsafecounter/>
<players><player seat="6" name="AnSer1" chips="1,015" dealer="0" win="90" bet="1,015" muck="1" rebuy="0" addon="0" merge="0" rebuychips="0" reg_code="8385514262"/>
<player seat="10" name="oreiasccp" chips="485" dealer="1" win="0" bet="45" muck="1" rebuy="0" addon="0" merge="0" rebuychips="0" reg_code="8385514281"/>
</players>
</general>
<round no="0"><action no="1" player="oreiasccp" type="15" sum="5"/>
<action no="2" player="AnSer1" type="15" discard="1" dealt="1" sum="5"/>
<action no="3" player="oreiasccp" type="1" sum="20"/>
<action no="4" player="AnSer1" type="2" discard="1" dealt="1" sum="40"/>
</round>
<round no="1"><cards type="Pocket" player="oreiasccp">D5 D8</cards>
<cards type="Pocket" player="AnSer1">X X</cards>
<action no="5" player="oreiasccp" type="3" sum="20"/>
<action no="6" player="AnSer1" type="23" discard="1" dealt="1" sum="1,010"/>
<action no="7" player="oreiasccp" type="0" sum="0"/>
</round>
</game>
<game gamecode="11516854755"><general><startdate>2025-06-17 10:01:06</startdate>
<round>1</round>
<failsafecounter/>
<players><player seat="10" name="oreiasccp" chips="440" dealer="0" win="90" bet="440" muck="1" rebuy="0" addon="0" merge="0" rebuychips="0" reg_code="8385514281"/>
<player seat="6" name="AnSer1" chips="1,060" dealer="1" win="0" bet="45" muck="1" rebuy="0" addon="0" merge="0" rebuychips="0" reg_code="8385514262"/>
</players>
</general>
<round no="0"><action no="1" player="AnSer1" type="15" discard="1" dealt="1" sum="5"/>
<action no="2" player="oreiasccp" type="15" sum="5"/>
<action no="3" player="AnSer1" type="1" discard="1" dealt="1" sum="20"/>
<action no="4" player="oreiasccp" type="2" sum="40"/>
</round>
<round no="1"><cards type="Pocket" player="AnSer1">X X</cards>
<cards type="Pocket" player="oreiasccp">S7 DA</cards>
<action no="5" player="AnSer1" type="3" discard="1" dealt="1" sum="20"/>
<action no="6" player="oreiasccp" type="23" sum="435"/>
<action no="7" player="AnSer1" type="0" discard="1" dealt="1" sum="0"/>
</round>
</game>
<game gamecode="11516854798"><general><startdate>2025-06-17 10:01:19</startdate>
<round>1</round>
<failsafecounter/>
<players><player seat="6" name="AnSer1" chips="1,015" dealer="0" win="0" bet="45" muck="1" rebuy="0" addon="0" merge="0" rebuychips="0" reg_code="8385514262"/>
<player seat="10" name="oreiasccp" chips="485" dealer="1" win="90" bet="485" muck="1" rebuy="0" addon="0" merge="0" rebuychips="0" reg_code="8385514281"/>
</players>
</general>
<round no="0"><action no="1" player="oreiasccp" type="15" sum="5"/>
<action no="2" player="AnSer1" type="15" discard="1" dealt="1" sum="5"/>
<action no="3" player="oreiasccp" type="1" sum="20"/>
<action no="4" player="AnSer1" type="2" discard="1" dealt="1" sum="40"/>
</round>
<round no="1"><cards type="Pocket" player="oreiasccp">DJ HQ</cards>
<cards type="Pocket" player="AnSer1">X X</cards>
<action no="5" player="oreiasccp" type="23" sum="480"/>
<action no="6" player="AnSer1" type="0" discard="1" dealt="1" sum="0"/>
</round>
</game>
<game gamecode="11516854823"><general><startdate>2025-06-17 10:01:26</startdate>
<round>1</round>
<failsafecounter/>
<players><player seat="10" name="oreiasccp" chips="530" dealer="0" win="0" bet="45" muck="1" rebuy="0" addon="0" merge="0" rebuychips="0" reg_code="8385514281"/>
<player seat="6" name="AnSer1" chips="970" dealer="1" win="90" bet="970" muck="1" rebuy="0" addon="0" merge="0" rebuychips="0" reg_code="8385514262"/>
</players>
</general>
<round no="0"><action no="1" player="AnSer1" type="15" discard="1" dealt="1" sum="5"/>
<action no="2" player="oreiasccp" type="15" sum="5"/>
<action no="3" player="AnSer1" type="1" discard="1" dealt="1" sum="20"/>
<action no="4" player="oreiasccp" type="2" sum="40"/>
</round>
<round no="1"><cards type="Pocket" player="oreiasccp">D5 D3</cards>
<cards type="Pocket" player="AnSer1">X X</cards>
<action no="5" player="AnSer1" type="23" discard="1" dealt="1" sum="965"/>
<action no="6" player="oreiasccp" type="0" sum="0"/>
</round>
</game>
<game gamecode="11516854854"><general><startdate>2025-06-17 10:01:37</startdate>
<round>1</round>
<failsafecounter/>
<players><player seat="6" name="AnSer1" chips="1,015" dealer="0" win="0" bet="485" muck="1" rebuy="0" addon="0" merge="0" rebuychips="0" reg_code="8385514262"/>
<player seat="10" name="oreiasccp" chips="485" dealer="1" win="970" bet="485" muck="0" rebuy="0" addon="0" merge="0" rebuychips="0" reg_code="8385514281"/>
</players>
</general>
<round no="0"><action no="1" player="oreiasccp" type="15" sum="5"/>
<action no="2" player="AnSer1" type="15" discard="1" dealt="1" sum="5"/>
<action no="3" player="oreiasccp" type="1" sum="20"/>
<action no="4" player="AnSer1" type="2" discard="1" dealt="1" sum="40"/>
</round>
<round no="1"><cards type="Pocket" player="AnSer1">S8 H8</cards>
<cards type="Pocket" player="oreiasccp">HJ D9</cards>
<action no="5" player="oreiasccp" type="3" sum="20"/>
<action no="6" player="AnSer1" type="23" discard="1" dealt="1" sum="100"/>
<action no="7" player="oreiasccp" type="3" sum="60"/>
</round>
<round no="2"><cards type="Flop">H3 C9 H7</cards>
<action no="8" player="AnSer1" type="5" discard="1" dealt="1" sum="40"/>
<action no="9" player="oreiasccp" type="3" sum="40"/>
</round>
<round no="3"><cards type="Turn">C6</cards>
<action no="10" player="AnSer1" type="4" discard="1" dealt="1" sum="0"/>
<action no="11" player="oreiasccp" type="5" sum="340"/>
<action no="12" player="AnSer1" type="3" discard="1" dealt="1" sum="340"/>
</round>
<round no="4"><cards type="River">HK</cards>
</round>
</game>
<game gamecode="11516854940"><general><startdate>2025-06-17 10:02:02</startdate>
<round>1</round>
<failsafecounter/>
<players><player seat="10" name="oreiasccp" chips="970" dealer="0" win="0" bet="45" muck="1" rebuy="0" addon="0" merge="0" rebuychips="0" reg_code="8385514281"/>
<player seat="6" name="AnSer1" chips="530" dealer="1" win="90" bet="530" muck="1" rebuy="0" addon="0" merge="0" rebuychips="0" reg_code="8385514262"/>
</players>
</general>
<round no="0"><action no="1" player="AnSer1" type="15" discard="1" dealt="1" sum="5"/>
<action no="2" player="oreiasccp" type="15" sum="5"/>
<action no="3" player="AnSer1" type="1" discard="1" dealt="1" sum="20"/>
<action no="4" player="oreiasccp" type="2" sum="40"/>
</round>
<round no="1"><cards type="Pocket" player="AnSer1">X X</cards>
<cards type="Pocket" player="oreiasccp">CK C2</cards>
<action no="5" player="AnSer1" type="23" discard="1" dealt="1" sum="525"/>
<action no="6" player="oreiasccp" type="0" sum="0"/>
</round>
</game>
<game gamecode="11516854968"><general><startdate>2025-06-17 10:02:09</startdate>
<round>1</round>
<failsafecounter/>
<players><player seat="6" name="AnSer1" chips="575" dealer="0" win="575" bet="575" muck="0" rebuy="0" addon="0" merge="0" rebuychips="0" reg_code="8385514262"/>
<player seat="10" name="oreiasccp" chips="925" dealer="1" win="575" bet="575" muck="0" rebuy="0" addon="0" merge="0" rebuychips="0" reg_code="8385514281"/>
</players>
</general>
<round no="0"><action no="1" player="oreiasccp" type="15" sum="5"/>
<action no="2" player="AnSer1" type="15" discard="1" dealt="1" sum="5"/>
<action no="3" player="oreiasccp" type="1" sum="20"/>
<action no="4" player="AnSer1" type="2" discard="1" dealt="1" sum="40"/>
</round>
<round no="1"><cards type="Pocket" player="oreiasccp">S5 HA</cards>
<cards type="Pocket" player="AnSer1">SA C5</cards>
<action no="5" player="oreiasccp" type="23" sum="570"/>
<action no="6" player="AnSer1" type="7" discard="1" dealt="1" sum="530"/>
</round>
<round no="2"><cards type="Flop">S9 DJ D3</cards>
</round>
<round no="3"><cards type="Turn">CK</cards>
</round>
<round no="4"><cards type="River">CA</cards>
</round>
</game>
<game gamecode="11516855033"><general><startdate>2025-06-17 10:02:26</startdate>
<round>1</round>
<failsafecounter/>
<players><player seat="10" name="oreiasccp" chips="925" dealer="0" win="0" bet="65" muck="1" rebuy="0" addon="0" merge="0" rebuychips="0" reg_code="8385514281"/>
<player seat="6" name="AnSer1" chips="575" dealer="1" win="130" bet="575" muck="1" rebuy="0" addon="0" merge="0" rebuychips="0" reg_code="8385514262"/>
</players>
</general>
<round no="0"><action no="1" player="AnSer1" type="15" discard="1" dealt="1" sum="5"/>
<action no="2" player="oreiasccp" type="15" sum="5"/>
<action no="3" player="AnSer1" type="1" discard="1" dealt="1" sum="30"/>
<action no="4" player="oreiasccp" type="2" sum="60"/>
</round>
<round no="1"><cards type="Pocket" player="AnSer1">X X</cards>
<cards type="Pocket" player="oreiasccp">D6 C5</cards>
<action no="5" player="AnSer1" type="23" discard="1" dealt="1" sum="570"/>
<action no="6" player="oreiasccp" type="0" sum="0"/>
</round>
</game>
<game gamecode="11516855057"><general><startdate>2025-06-17 10:02:33</startdate>
<round>1</round>
<failsafecounter/>
<players><player seat="6" name="AnSer1" chips="640" dealer="0" win="130" bet="640" muck="1" rebuy="0" addon="0" merge="0" rebuychips="0" reg_code="8385514262"/>
<player seat="10" name="oreiasccp" chips="860" dealer="1" win="0" bet="65" muck="1" rebuy="0" addon="0" merge="0" rebuychips="0" reg_code="8385514281"/>
</players>
</general>
<round no="0"><action no="1" player="oreiasccp" type="15" sum="5"/>
<action no="2" player="AnSer1" type="15" discard="1" dealt="1" sum="5"/>
<action no="3" player="oreiasccp" type="1" sum="30"/>
<action no="4" player="AnSer1" type="2" discard="1" dealt="1" sum="60"/>
</round>
<round no="1"><cards type="Pocket" player="AnSer1">X X</cards>
<cards type="Pocket" player="oreiasccp">D7 D4</cards>
<action no="5" player="oreiasccp" type="3" sum="30"/>
<action no="6" player="AnSer1" type="23" discard="1" dealt="1" sum="635"/>
<action no="7" player="oreiasccp" type="0" sum="0"/>
</round>
</game>
<game gamecode="11516855088"><general><startdate>2025-06-17 10:02:41</startdate>
<round>1</round>
<failsafecounter/>
<players><player seat="10" name="oreiasccp" chips="795" dealer="0" win="0" bet="185" muck="1" rebuy="0" addon="0" merge="0" rebuychips="0" reg_code="8385514281"/>
<player seat="6" name="AnSer1" chips="705" dealer="1" win="370" bet="185" muck="0" rebuy="0" addon="0" merge="0" rebuychips="0" reg_code="8385514262"/>
</players>
</general>
<round no="0"><action no="1" player="AnSer1" type="15" discard="1" dealt="1" sum="5"/>
<action no="2" player="oreiasccp" type="15" sum="5"/>
<action no="3" player="AnSer1" type="1" discard="1" dealt="1" sum="30"/>
<action no="4" player="oreiasccp" type="2" sum="60"/>
</round>
<round no="1"><cards type="Pocket" player="oreiasccp">S9 CK</cards>
<cards type="Pocket" player="AnSer1">D7 DJ</cards>
<action no="5" player="AnSer1" type="3" discard="1" dealt="1" sum="30"/>
<action no="6" player="oreiasccp" type="23" sum="120"/>
<action no="7" player="AnSer1" type="3" discard="1" dealt="1" sum="60"/>
</round>
<round no="2"><cards type="Flop">D4 H5 H7</cards>
<action no="8" player="oreiasccp" type="5" sum="60"/>
<action no="9" player="AnSer1" type="3" discard="1" dealt="1" sum="60"/>
</round>
<round no="3"><cards type="Turn">C3</cards>
<action no="10" player="oreiasccp" type="4" sum="0"/>
<action no="11" player="AnSer1" type="4" discard="1" dealt="1" sum="0"/>
</round>
<round no="4"><cards type="River">CA</cards>
<action no="12" player="oreiasccp" type="4" sum="0"/>
<action no="13" player="AnSer1" type="4" discard="1" dealt="1" sum="0"/>
</round>
</game>
<game gamecode="11516855179"><general><startdate>2025-06-17 10:03:11</startdate>
<round>1</round>
<failsafecounter/>
<players><player seat="6" name="AnSer1" chips="890" dealer="0" win="0" bet="610" muck="1" rebuy="0" addon="0" merge="0" rebuychips="0" reg_code="8385514262"/>
<player seat="10" name="oreiasccp" chips="610" dealer="1" win="1,220" bet="610" muck="0" rebuy="0" addon="0" merge="0" rebuychips="0" reg_code="8385514281"/>
</players>
</general>
<round no="0"><action no="1" player="oreiasccp" type="15" sum="5"/>
<action no="2" player="AnSer1" type="15" discard="1" dealt="1" sum="5"/>
<action no="3" player="oreiasccp" type="1" sum="30"/>
<action no="4" player="AnSer1" type="2" discard="1" dealt="1" sum="60"/>
</round>
<round no="1"><cards type="Pocket" player="AnSer1">CJ SJ</cards>
<cards type="Pocket" player="oreiasccp">H7 S7</cards>
<action no="5" player="oreiasccp" type="3" sum="30"/>
<action no="6" player="AnSer1" type="23" discard="1" dealt="1" sum="120"/>
<action no="7" player="oreiasccp" type="23" sum="605"/>
<action no="8" player="AnSer1" type="3" discard="1" dealt="1" sum="485"/>
</round>
<round no="2"><cards type="Flop">CQ H8 HA</cards>
</round>
<round no="3"><cards type="Turn">D7</cards>
</round>
<round no="4"><cards type="River">H3</cards>
</round>
</game>
<game gamecode="11516855244"><general><startdate>2025-06-17 10:03:30</startdate>
<round>1</round>
<failsafecounter/>
<players><player seat="10" name="oreiasccp" chips="1,220" dealer="0" win="70" bet="65" muck="1" rebuy="0" addon="0" merge="0" rebuychips="0" reg_code="8385514281"/>
<player seat="6" name="AnSer1" chips="280" dealer="1" win="0" bet="35" muck="1" rebuy="0" addon="0" merge="0" rebuychips="0" reg_code="8385514262"/>
</players>
</general>
<round no="0"><action no="1" player="AnSer1" type="15" discard="1" dealt="1" sum="5"/>
<action no="2" player="oreiasccp" type="15" sum="5"/>
<action no="3" player="AnSer1" type="1" discard="1" dealt="1" sum="30"/>
<action no="4" player="oreiasccp" type="2" sum="60"/>
</round>
<round no="1"><cards type="Pocket" player="AnSer1">X X</cards>
<cards type="Pocket" player="oreiasccp">C5 HK</cards>
<action no="5" player="AnSer1" type="0" discard="1" dealt="1" sum="0"/>
</round>
</game>
<game gamecode="11516855260"><general><startdate>2025-06-17 10:03:35</startdate>
<round>1</round>
<failsafecounter/>
<players><player seat="6" name="AnSer1" chips="245" dealer="0" win="70" bet="65" muck="1" rebuy="0" addon="0" merge="0" rebuychips="0" reg_code="8385514262"/>
<player seat="10" name="oreiasccp" chips="1,255" dealer="1" win="0" bet="35" muck="1" rebuy="0" addon="0" merge="0" rebuychips="0" reg_code="8385514281"/>
</players>
</general>
<round no="0"><action no="1" player="oreiasccp" type="15" sum="5"/>
<action no="2" player="AnSer1" type="15" discard="1" dealt="1" sum="5"/>
<action no="3" player="oreiasccp" type="1" sum="30"/>
<action no="4" player="AnSer1" type="2" discard="1" dealt="1" sum="60"/>
</round>
<round no="1"><cards type="Pocket" player="AnSer1">X X</cards>
<cards type="Pocket" player="oreiasccp">H2 D8</cards>
<action no="5" player="oreiasccp" type="0" sum="0"/>
</round>
</game>
<game gamecode="11516855279"><general><startdate>2025-06-17 10:03:41</startdate>
<round>1</round>
<failsafecounter/>
<players><player seat="10" name="oreiasccp" chips="1,220" dealer="0" win="560" bet="280" muck="0" rebuy="0" addon="0" merge="0" rebuychips="0" reg_code="8385514281"/>
<player seat="6" name="AnSer1" chips="280" dealer="1" win="0" bet="280" muck="0" rebuy="0" addon="0" merge="0" rebuychips="0" reg_code="8385514262"/>
</players>
</general>
<round no="0"><action no="1" player="AnSer1" type="15" discard="1" dealt="1" sum="5"/>
<action no="2" player="oreiasccp" type="15" sum="5"/>
<action no="3" player="AnSer1" type="1" discard="1" dealt="1" sum="30"/>
<action no="4" player="oreiasccp" type="2" sum="60"/>
</round>
<round no="1"><cards type="Pocket" player="AnSer1">D6 H6</cards>
<cards type="Pocket" player="oreiasccp">D9 DJ</cards>
<action no="5" player="AnSer1" type="23" discard="1" dealt="1" sum="275"/>
<action no="6" player="oreiasccp" type="3" sum="215"/>
</round>
<round no="2"><cards type="Flop">DK D8 D4</cards>
</round>
<round no="3"><cards type="Turn">C6</cards>
</round>
<round no="4"><cards type="River">SA</cards>
</round>
</game>
</session>
