<?xml version="1.0" encoding="UTF-8"?>
<session sessioncode="8385520140">
<general>
<client_version>24.7.1.16</client_version>
<mode>real</mode>
<gametype>Holdem NL</gametype>
<tablename>Twister €5 SNG, 1127666644</tablename>
<tournamentcode>1127666643</tournamentcode>
<tournamentname>Twister €5 SNG</tournamentname>
<buyin>€0 + €0.35 + €4.65</buyin>
<totalbuyin>€5</totalbuyin>
<rewarddrawn>€25</rewarddrawn>
<tournamentcurrency>EUR</tournamentcurrency>
<currency>EUR</currency>
<nickname>oreiasccp</nickname>
<gamecount>24</gamecount>
<startdate>2025-06-17 10:18:54</startdate>
<place>2</place>
<win>€0</win>
<tablesize>3</tablesize>
</general>
<game gamecode="11516868354"><general><startdate>2025-06-17 10:19:09</startdate>
<round>1</round>
<failsafecounter/>
<players><player seat="3" name="Xlabuda" chips="500" dealer="0" win="0" bet="40" muck="1" rebuy="0" addon="0" merge="0" rebuychips="0" reg_code="8385520105"/>
<player seat="6" name="oreiasccp" chips="500" dealer="1" win="90" bet="60" muck="1" rebuy="0" addon="0" merge="0" rebuychips="0" reg_code="8385520140"/>
<player seat="10" name="gasgas" chips="500" dealer="0" win="0" bet="10" muck="1" rebuy="0" addon="0" merge="0" rebuychips="0" reg_code="8385520161"/>
</players>
</general>
<round no="0"><action no="1" player="gasgas" type="1" discard="1" dealt="1" sum="10"/>
<action no="2" player="Xlabuda" type="2" discard="1" dealt="1" sum="20"/>
</round>
<round no="1"><cards type="Pocket" player="Xlabuda">X X</cards>
<cards type="Pocket" player="oreiasccp">D9 SK</cards>
<cards type="Pocket" player="gasgas">X X</cards>
<action no="3" player="oreiasccp" type="23" sum="40"/>
<action no="4" player="gasgas" type="0" discard="1" dealt="1" sum="0"/>
<action no="5" player="Xlabuda" type="3" discard="1" dealt="1" sum="20"/>
</round>
<round no="2"><cards type="Flop">S2 C3 C5</cards>
<action no="6" player="Xlabuda" type="4" discard="1" dealt="1" sum="0"/>
<action no="7" player="oreiasccp" type="5" sum="20"/>
<action no="8" player="Xlabuda" type="0" discard="1" dealt="1" sum="0"/>
</round>
</game>
<game gamecode="11516868468"><general><startdate>2025-06-17 10:19:41</startdate>
<round>1</round>
<failsafecounter/>
<players><player seat="6" name="oreiasccp" chips="550" dealer="0" win="0" bet="20" muck="1" rebuy="0" addon="0" merge="0" rebuychips="0" reg_code="8385520140"/>
<player seat="10" name="gasgas" chips="490" dealer="1" win="50" bet="40" muck="1" rebuy="0" addon="0" merge="0" rebuychips="0" reg_code="8385520161"/>
<player seat="3" name="Xlabuda" chips="460" dealer="0" win="0" bet="10" muck="1" rebuy="0" addon="0" merge="0" rebuychips="0" reg_code="8385520105"/>
</players>
</general>
<round no="0"><action no="1" player="Xlabuda" type="1" discard="1" dealt="1" sum="10"/>
<action no="2" player="oreiasccp" type="2" sum="20"/>
</round>
<round no="1"><cards type="Pocket" player="gasgas">X X</cards>
<cards type="Pocket" player="oreiasccp">D4 SQ</cards>
<cards type="Pocket" player="Xlabuda">X X</cards>
<action no="3" player="gasgas" type="23" discard="1" dealt="1" sum="40"/>
<action no="4" player="Xlabuda" type="0" discard="1" dealt="1" sum="0"/>
<action no="5" player="oreiasccp" type="0" sum="0"/>
</round>
</game>
<game gamecode="11516868509"><general><startdate>2025-06-17 10:19:52</startdate>
<round>1</round>
<failsafecounter/>
<players><player seat="10" name="gasgas" chips="520" dealer="0" win="20" bet="20" muck="1" rebuy="0" addon="0" merge="0" rebuychips="0" reg_code="8385520161"/>
<player seat="3" name="Xlabuda" chips="450" dealer="1" win="0" bet="0" muck="1" rebuy="0" addon="0" merge="0" rebuychips="0" reg_code="8385520105"/>
<player seat="6" name="oreiasccp" chips="530" dealer="0" win="0" bet="10" muck="1" rebuy="0" addon="0" merge="0" rebuychips="0" reg_code="8385520140"/>
</players>
</general>
<round no="0"><action no="1" player="oreiasccp" type="1" sum="10"/>
<action no="2" player="gasgas" type="2" discard="1" dealt="1" sum="20"/>
</round>
<round no="1"><cards type="Pocket" player="Xlabuda">X X</cards>
<cards type="Pocket" player="gasgas">X X</cards>
<cards type="Pocket" player="oreiasccp">HJ S2</cards>
<action no="3" player="Xlabuda" type="0" discard="1" dealt="1" sum="0"/>
<action no="4" player="oreiasccp" type="0" sum="0"/>
</round>
</game>
<game gamecode="11516868536"><general><startdate>2025-06-17 10:20:00</startdate>
<round>1</round>
<failsafecounter/>
<players><player seat="3" name="Xlabuda" chips="450" dealer="0" win="20" bet="20" muck="1" rebuy="0" addon="0" merge="0" rebuychips="0" reg_code="8385520105"/>
<player seat="6" name="oreiasccp" chips="520" dealer="1" win="0" bet="0" muck="1" rebuy="0" addon="0" merge="0" rebuychips="0" reg_code="8385520140"/>
<player seat="10" name="gasgas" chips="530" dealer="0" win="0" bet="10" muck="1" rebuy="0" addon="0" merge="0" rebuychips="0" reg_code="8385520161"/>
</players>
</general>
<round no="0"><action no="1" player="gasgas" type="1" discard="1" dealt="1" sum="10"/>
<action no="2" player="Xlabuda" type="2" discard="1" dealt="1" sum="20"/>
</round>
<round no="1"><cards type="Pocket" player="oreiasccp">D8 H3</cards>
<cards type="Pocket" player="gasgas">X X</cards>
<cards type="Pocket" player="Xlabuda">X X</cards>
<action no="3" player="oreiasccp" type="0" sum="0"/>
<action no="4" player="gasgas" type="0" discard="1" dealt="1" sum="0"/>
</round>
</game>
<game gamecode="11516868563"><general><startdate>2025-06-17 10:20:08</startdate>
<round>1</round>
<failsafecounter/>
<players><player seat="6" name="oreiasccp" chips="520" dealer="0" win="0" bet="70" muck="1" rebuy="0" addon="0" merge="0" rebuychips="0" reg_code="8385520140"/>
<player seat="10" name="gasgas" chips="520" dealer="1" win="150" bet="119" muck="1" rebuy="0" addon="0" merge="0" rebuychips="0" reg_code="8385520161"/>
<player seat="3" name="Xlabuda" chips="460" dealer="0" win="0" bet="10" muck="1" rebuy="0" addon="0" merge="0" rebuychips="0" reg_code="8385520105"/>
</players>
</general>
<round no="0"><action no="1" player="Xlabuda" type="1" discard="1" dealt="1" sum="10"/>
<action no="2" player="oreiasccp" type="2" sum="20"/>
</round>
<round no="1"><cards type="Pocket" player="oreiasccp">C9 HK</cards>
<cards type="Pocket" player="Xlabuda">X X</cards>
<cards type="Pocket" player="gasgas">X X</cards>
<action no="3" player="gasgas" type="23" discard="1" dealt="1" sum="40"/>
<action no="4" player="Xlabuda" type="0" discard="1" dealt="1" sum="0"/>
<action no="5" player="oreiasccp" type="3" sum="20"/>
</round>
<round no="2"><cards type="Flop">H9 D10 DQ</cards>
<action no="6" player="oreiasccp" type="4" sum="0"/>
<action no="7" player="gasgas" type="5" discard="1" dealt="1" sum="30"/>
<action no="8" player="oreiasccp" type="3" sum="30"/>
</round>
<round no="3"><cards type="Turn">DA</cards>
<action no="9" player="oreiasccp" type="4" sum="0"/>
<action no="10" player="gasgas" type="5" discard="1" dealt="1" sum="49"/>
<action no="11" player="oreiasccp" type="0" sum="0"/>
</round>
</game>
<game gamecode="11516868675"><general><startdate>2025-06-17 10:20:38</startdate>
<round>1</round>
<failsafecounter/>
<players><player seat="10" name="gasgas" chips="600" dealer="0" win="0" bet="20" muck="1" rebuy="0" addon="0" merge="0" rebuychips="0" reg_code="8385520161"/>
<player seat="3" name="Xlabuda" chips="450" dealer="1" win="50" bet="40" muck="1" rebuy="0" addon="0" merge="0" rebuychips="0" reg_code="8385520105"/>
<player seat="6" name="oreiasccp" chips="450" dealer="0" win="0" bet="10" muck="1" rebuy="0" addon="0" merge="0" rebuychips="0" reg_code="8385520140"/>
</players>
</general>
<round no="0"><action no="1" player="oreiasccp" type="1" sum="10"/>
<action no="2" player="gasgas" type="2" discard="1" dealt="1" sum="20"/>
</round>
<round no="1"><cards type="Pocket" player="Xlabuda">X X</cards>
<cards type="Pocket" player="oreiasccp">SK C2</cards>
<cards type="Pocket" player="gasgas">X X</cards>
<action no="3" player="Xlabuda" type="23" discard="1" dealt="1" sum="40"/>
<action no="4" player="oreiasccp" type="0" sum="0"/>
<action no="5" player="gasgas" type="0" discard="1" dealt="1" sum="0"/>
</round>
</game>
<game gamecode="11516868729"><general><startdate>2025-06-17 10:20:52</startdate>
<round>1</round>
<failsafecounter/>
<players><player seat="3" name="Xlabuda" chips="480" dealer="0" win="100" bet="480" muck="1" rebuy="0" addon="0" merge="0" rebuychips="0" reg_code="8385520105"/>
<player seat="6" name="oreiasccp" chips="440" dealer="1" win="0" bet="0" muck="1" rebuy="0" addon="0" merge="0" rebuychips="0" reg_code="8385520140"/>
<player seat="10" name="gasgas" chips="580" dealer="0" win="0" bet="50" muck="1" rebuy="0" addon="0" merge="0" rebuychips="0" reg_code="8385520161"/>
</players>
</general>
<round no="0"><action no="1" player="gasgas" type="1" discard="1" dealt="1" sum="10"/>
<action no="2" player="Xlabuda" type="2" discard="1" dealt="1" sum="20"/>
</round>
<round no="1"><cards type="Pocket" player="Xlabuda">X X</cards>
<cards type="Pocket" player="oreiasccp">H5 S3</cards>
<cards type="Pocket" player="gasgas">X X</cards>
<action no="3" player="oreiasccp" type="0" sum="0"/>
<action no="4" player="gasgas" type="23" discard="1" dealt="1" sum="50"/>
<action no="5" player="Xlabuda" type="23" discard="1" dealt="1" sum="480"/>
<action no="6" player="gasgas" type="0" discard="1" dealt="1" sum="0"/>
</round>
</game>
<game gamecode="11516868803"><general><startdate>2025-06-17 10:21:14</startdate>
<round>1</round>
<failsafecounter/>
<players><player seat="6" name="oreiasccp" chips="440" dealer="0" win="0" bet="35" muck="1" rebuy="0" addon="0" merge="0" rebuychips="0" reg_code="8385520140"/>
<player seat="10" name="gasgas" chips="530" dealer="1" win="0" bet="5" muck="1" rebuy="0" addon="0" merge="0" rebuychips="0" reg_code="8385520161"/>
<player seat="3" name="Xlabuda" chips="530" dealer="0" win="75" bet="530" muck="1" rebuy="0" addon="0" merge="0" rebuychips="0" reg_code="8385520105"/>
</players>
</general>
<round no="0"><action no="1" player="Xlabuda" type="15" discard="1" dealt="1" sum="5"/>
<action no="2" player="oreiasccp" type="15" sum="5"/>
<action no="3" player="gasgas" type="15" discard="1" dealt="1" sum="5"/>
<action no="4" player="Xlabuda" type="1" discard="1" dealt="1" sum="15"/>
<action no="5" player="oreiasccp" type="2" sum="30"/>
</round>
<round no="1"><cards type="Pocket" player="Xlabuda">X X</cards>
<cards type="Pocket" player="gasgas">X X</cards>
<cards type="Pocket" player="oreiasccp">CJ C2</cards>
<action no="6" player="gasgas" type="0" discard="1" dealt="1" sum="0"/>
<action no="7" player="Xlabuda" type="23" discard="1" dealt="1" sum="525"/>
<action no="8" player="oreiasccp" type="0" sum="0"/>
</round>
</game>
<game gamecode="11516868872"><general><startdate>2025-06-17 10:21:37</startdate>
<round>1</round>
<failsafecounter/>
<players><player seat="10" name="gasgas" chips="525" dealer="0" win="0" bet="35" muck="1" rebuy="0" addon="0" merge="0" rebuychips="0" reg_code="8385520161"/>
<player seat="3" name="Xlabuda" chips="570" dealer="1" win="90" bet="65" muck="1" rebuy="0" addon="0" merge="0" rebuychips="0" reg_code="8385520105"/>
<player seat="6" name="oreiasccp" chips="405" dealer="0" win="0" bet="20" muck="1" rebuy="0" addon="0" merge="0" rebuychips="0" reg_code="8385520140"/>
</players>
</general>
<round no="0"><action no="1" player="oreiasccp" type="15" sum="5"/>
<action no="2" player="gasgas" type="15" discard="1" dealt="1" sum="5"/>
<action no="3" player="Xlabuda" type="15" discard="1" dealt="1" sum="5"/>
<action no="4" player="oreiasccp" type="1" sum="15"/>
<action no="5" player="gasgas" type="2" discard="1" dealt="1" sum="30"/>
</round>
<round no="1"><cards type="Pocket" player="gasgas">X X</cards>
<cards type="Pocket" player="Xlabuda">X X</cards>
<cards type="Pocket" player="oreiasccp">C4 S3</cards>
<action no="6" player="Xlabuda" type="23" discard="1" dealt="1" sum="60"/>
<action no="7" player="oreiasccp" type="0" sum="0"/>
<action no="8" player="gasgas" type="0" discard="1" dealt="1" sum="0"/>
</round>
</game>
<game gamecode="11516868956"><general><startdate>2025-06-17 10:22:00</startdate>
<round>1</round>
<failsafecounter/>
<players><player seat="3" name="Xlabuda" chips="625" dealer="0" win="45" bet="35" muck="1" rebuy="0" addon="0" merge="0" rebuychips="0" reg_code="8385520105"/>
<player seat="6" name="oreiasccp" chips="385" dealer="1" win="0" bet="5" muck="1" rebuy="0" addon="0" merge="0" rebuychips="0" reg_code="8385520140"/>
<player seat="10" name="gasgas" chips="490" dealer="0" win="0" bet="20" muck="1" rebuy="0" addon="0" merge="0" rebuychips="0" reg_code="8385520161"/>
</players>
</general>
<round no="0"><action no="1" player="gasgas" type="15" discard="1" dealt="1" sum="5"/>
<action no="2" player="Xlabuda" type="15" discard="1" dealt="1" sum="5"/>
<action no="3" player="oreiasccp" type="15" sum="5"/>
<action no="4" player="gasgas" type="1" discard="1" dealt="1" sum="15"/>
<action no="5" player="Xlabuda" type="2" discard="1" dealt="1" sum="30"/>
</round>
<round no="1"><cards type="Pocket" player="gasgas">X X</cards>
<cards type="Pocket" player="Xlabuda">X X</cards>
<cards type="Pocket" player="oreiasccp">D2 HQ</cards>
<action no="6" player="oreiasccp" type="0" sum="0"/>
<action no="7" player="gasgas" type="0" discard="1" dealt="1" sum="0"/>
</round>
</game>
<game gamecode="11516869013"><general><startdate>2025-06-17 10:22:16</startdate>
<round>1</round>
<failsafecounter/>
<players><player seat="6" name="oreiasccp" chips="380" dealer="0" win="0" bet="35" muck="1" rebuy="0" addon="0" merge="0" rebuychips="0" reg_code="8385520140"/>
<player seat="10" name="gasgas" chips="470" dealer="1" win="90" bet="470" muck="1" rebuy="0" addon="0" merge="0" rebuychips="0" reg_code="8385520161"/>
<player seat="3" name="Xlabuda" chips="650" dealer="0" win="0" bet="20" muck="1" rebuy="0" addon="0" merge="0" rebuychips="0" reg_code="8385520105"/>
</players>
</general>
<round no="0"><action no="1" player="Xlabuda" type="15" discard="1" dealt="1" sum="5"/>
<action no="2" player="oreiasccp" type="15" sum="5"/>
<action no="3" player="gasgas" type="15" discard="1" dealt="1" sum="5"/>
<action no="4" player="Xlabuda" type="1" discard="1" dealt="1" sum="15"/>
<action no="5" player="oreiasccp" type="2" sum="30"/>
</round>
<round no="1"><cards type="Pocket" player="Xlabuda">X X</cards>
<cards type="Pocket" player="gasgas">X X</cards>
<cards type="Pocket" player="oreiasccp">D7 H9</cards>
<action no="6" player="gasgas" type="23" discard="1" dealt="1" sum="465"/>
<action no="7" player="Xlabuda" type="0" discard="1" dealt="1" sum="0"/>
<action no="8" player="oreiasccp" type="0" sum="0"/>
</round>
</game>
<game gamecode="11516869055"><general><startdate>2025-06-17 10:22:30</startdate>
<round>1</round>
<failsafecounter/>
<players><player seat="10" name="gasgas" chips="525" dealer="0" win="0" bet="345" muck="1" rebuy="0" addon="0" merge="0" rebuychips="0" reg_code="8385520161"/>
<player seat="3" name="Xlabuda" chips="630" dealer="1" win="0" bet="5" muck="1" rebuy="0" addon="0" merge="0" rebuychips="0" reg_code="8385520105"/>
<player seat="6" name="oreiasccp" chips="345" dealer="0" win="695" bet="345" muck="0" rebuy="0" addon="0" merge="0" rebuychips="0" reg_code="8385520140"/>
</players>
</general>
<round no="0"><action no="1" player="oreiasccp" type="15" sum="5"/>
<action no="2" player="gasgas" type="15" discard="1" dealt="1" sum="5"/>
<action no="3" player="Xlabuda" type="15" discard="1" dealt="1" sum="5"/>
<action no="4" player="oreiasccp" type="1" sum="15"/>
<action no="5" player="gasgas" type="2" discard="1" dealt="1" sum="30"/>
</round>
<round no="1"><cards type="Pocket" player="gasgas">H10 H9</cards>
<cards type="Pocket" player="oreiasccp">HK S5</cards>
<cards type="Pocket" player="Xlabuda">X X</cards>
<action no="6" player="Xlabuda" type="0" discard="1" dealt="1" sum="0"/>
<action no="7" player="oreiasccp" type="23" sum="340"/>
<action no="8" player="gasgas" type="3" discard="1" dealt="1" sum="310"/>
</round>
<round no="2"><cards type="Flop">CA D8 D7</cards>
</round>
<round no="3"><cards type="Turn">C3</cards>
</round>
<round no="4"><cards type="River">S3</cards>
</round>
</game>
<game gamecode="11516869141"><general><startdate>2025-06-17 10:22:53</startdate>
<round>1</round>
<failsafecounter/>
<players><player seat="3" name="Xlabuda" chips="625" dealer="0" win="0" bet="35" muck="1" rebuy="0" addon="0" merge="0" rebuychips="0" reg_code="8385520105"/>
<player seat="6" name="oreiasccp" chips="695" dealer="1" win="0" bet="5" muck="1" rebuy="0" addon="0" merge="0" rebuychips="0" reg_code="8385520140"/>
<player seat="10" name="gasgas" chips="180" dealer="0" win="75" bet="180" muck="1" rebuy="0" addon="0" merge="0" rebuychips="0" reg_code="8385520161"/>
</players>
</general>
<round no="0"><action no="1" player="gasgas" type="15" discard="1" dealt="1" sum="5"/>
<action no="2" player="Xlabuda" type="15" discard="1" dealt="1" sum="5"/>
<action no="3" player="oreiasccp" type="15" sum="5"/>
<action no="4" player="gasgas" type="1" discard="1" dealt="1" sum="15"/>
<action no="5" player="Xlabuda" type="2" discard="1" dealt="1" sum="30"/>
</round>
<round no="1"><cards type="Pocket" player="Xlabuda">X X</cards>
<cards type="Pocket" player="oreiasccp">CQ H4</cards>
<cards type="Pocket" player="gasgas">X X</cards>
<action no="6" player="oreiasccp" type="0" sum="0"/>
<action no="7" player="gasgas" type="23" discard="1" dealt="1" sum="175"/>
<action no="8" player="Xlabuda" type="0" discard="1" dealt="1" sum="0"/>
</round>
</game>
<game gamecode="11516869193"><general><startdate>2025-06-17 10:23:06</startdate>
<round>1</round>
<failsafecounter/>
<players><player seat="6" name="oreiasccp" chips="690" dealer="0" win="0" bet="252" muck="1" rebuy="0" addon="0" merge="0" rebuychips="0" reg_code="8385520140"/>
<player seat="10" name="gasgas" chips="220" dealer="1" win="0" bet="5" muck="1" rebuy="0" addon="0" merge="0" rebuychips="0" reg_code="8385520161"/>
<player seat="3" name="Xlabuda" chips="590" dealer="0" win="509" bet="252" muck="0" rebuy="0" addon="0" merge="0" rebuychips="0" reg_code="8385520105"/>
</players>
</general>
<round no="0"><action no="1" player="Xlabuda" type="15" discard="1" dealt="1" sum="5"/>
<action no="2" player="oreiasccp" type="15" sum="5"/>
<action no="3" player="gasgas" type="15" discard="1" dealt="1" sum="5"/>
<action no="4" player="Xlabuda" type="1" discard="1" dealt="1" sum="15"/>
<action no="5" player="oreiasccp" type="2" sum="30"/>
</round>
<round no="1"><cards type="Pocket" player="gasgas">X X</cards>
<cards type="Pocket" player="Xlabuda">CJ H9</cards>
<cards type="Pocket" player="oreiasccp">HK H4</cards>
<action no="6" player="gasgas" type="0" discard="1" dealt="1" sum="0"/>
<action no="7" player="Xlabuda" type="23" discard="1" dealt="1" sum="75"/>
<action no="8" player="oreiasccp" type="3" sum="45"/>
</round>
<round no="2"><cards type="Flop">C5 C7 D6</cards>
<action no="9" player="Xlabuda" type="4" discard="1" dealt="1" sum="0"/>
<action no="10" player="oreiasccp" type="4" sum="0"/>
</round>
<round no="3"><cards type="Turn">S8</cards>
<action no="11" player="Xlabuda" type="5" discard="1" dealt="1" sum="82"/>
<action no="12" player="oreiasccp" type="3" sum="82"/>
</round>
<round no="4"><cards type="River">H8</cards>
<action no="13" player="Xlabuda" type="5" discard="1" dealt="1" sum="90"/>
<action no="14" player="oreiasccp" type="3" sum="90"/>
</round>
</game>
<game gamecode="11516873448"><general><startdate>2025-06-17 10:23:56</startdate>
<round>1</round>
<failsafecounter/>
<players><player seat="10" name="gasgas" chips="215" dealer="0" win="0" bet="215" muck="0" rebuy="0" addon="0" merge="0" rebuychips="0" reg_code="8385520161"/>
<player seat="3" name="Xlabuda" chips="847" dealer="1" win="0" bet="5" muck="1" rebuy="0" addon="0" merge="0" rebuychips="0" reg_code="8385520105"/>
<player seat="6" name="oreiasccp" chips="438" dealer="0" win="435" bet="215" muck="0" rebuy="0" addon="0" merge="0" rebuychips="0" reg_code="8385520140"/>
</players>
</general>
<round no="0"><action no="1" player="oreiasccp" type="15" sum="5"/>
<action no="2" player="gasgas" type="15" discard="1" dealt="1" sum="5"/>
<action no="3" player="Xlabuda" type="15" discard="1" dealt="1" sum="5"/>
<action no="4" player="oreiasccp" type="1" sum="20"/>
<action no="5" player="gasgas" type="2" discard="1" dealt="1" sum="40"/>
</round>
<round no="1"><cards type="Pocket" player="Xlabuda">X X</cards>
<cards type="Pocket" player="oreiasccp">SA CQ</cards>
<cards type="Pocket" player="gasgas">SQ D9</cards>
<action no="6" player="Xlabuda" type="0" discard="1" dealt="1" sum="0"/>
<action no="7" player="oreiasccp" type="23" sum="210"/>
<action no="8" player="gasgas" type="7" discard="1" dealt="1" sum="170"/>
</round>
<round no="2"><cards type="Flop">S5 S7 S9</cards>
</round>
<round no="3"><cards type="Turn">D7</cards>
</round>
<round no="4"><cards type="River">S8</cards>
</round>
</game>
<game gamecode="11516873508"><general><startdate>2025-06-17 10:24:17</startdate>
<round>1</round>
<failsafecounter/>
<players><player seat="3" name="Xlabuda" chips="842" dealer="0" win="0" bet="85" muck="1" rebuy="0" addon="0" merge="0" rebuychips="0" reg_code="8385520105"/>
<player seat="6" name="oreiasccp" chips="658" dealer="1" win="170" bet="125" muck="1" rebuy="0" addon="0" merge="0" rebuychips="0" reg_code="8385520140"/>
</players>
</general>
<round no="0"><action no="1" player="oreiasccp" type="15" sum="5"/>
<action no="2" player="Xlabuda" type="15" discard="1" dealt="1" sum="5"/>
<action no="3" player="oreiasccp" type="1" sum="20"/>
<action no="4" player="Xlabuda" type="2" discard="1" dealt="1" sum="40"/>
</round>
<round no="1"><cards type="Pocket" player="Xlabuda">X X</cards>
<cards type="Pocket" player="oreiasccp">C8 H10</cards>
<action no="5" player="oreiasccp" type="3" sum="20"/>
<action no="6" player="Xlabuda" type="4" discard="1" dealt="1" sum="0"/>
</round>
<round no="2"><cards type="Flop">C10 H2 HA</cards>
<action no="7" player="Xlabuda" type="4" discard="1" dealt="1" sum="0"/>
<action no="8" player="oreiasccp" type="5" sum="40"/>
<action no="9" player="Xlabuda" type="3" discard="1" dealt="1" sum="40"/>
</round>
<round no="3"><cards type="Turn">D3</cards>
<action no="10" player="Xlabuda" type="4" discard="1" dealt="1" sum="0"/>
<action no="11" player="oreiasccp" type="5" sum="40"/>
<action no="12" player="Xlabuda" type="0" discard="1" dealt="1" sum="0"/>
</round>
</game>
<game gamecode="11516873654"><general><startdate>2025-06-17 10:24:58</startdate>
<round>1</round>
<failsafecounter/>
<players><player seat="6" name="oreiasccp" chips="743" dealer="0" win="50" bet="45" muck="1" rebuy="0" addon="0" merge="0" rebuychips="0" reg_code="8385520140"/>
<player seat="3" name="Xlabuda" chips="757" dealer="1" win="0" bet="25" muck="1" rebuy="0" addon="0" merge="0" rebuychips="0" reg_code="8385520105"/>
</players>
</general>
<round no="0"><action no="1" player="Xlabuda" type="15" discard="1" dealt="1" sum="5"/>
<action no="2" player="oreiasccp" type="15" sum="5"/>
<action no="3" player="Xlabuda" type="1" discard="1" dealt="1" sum="20"/>
<action no="4" player="oreiasccp" type="2" sum="40"/>
</round>
<round no="1"><cards type="Pocket" player="oreiasccp">S4 DK</cards>
<cards type="Pocket" player="Xlabuda">X X</cards>
<action no="5" player="Xlabuda" type="0" discard="1" dealt="1" sum="0"/>
</round>
</game>
<game gamecode="11516873689"><general><startdate>2025-06-17 10:25:07</startdate>
<round>1</round>
<failsafecounter/>
<players><player seat="3" name="Xlabuda" chips="732" dealer="0" win="0" bet="125" muck="1" rebuy="0" addon="0" merge="0" rebuychips="0" reg_code="8385520105"/>
<player seat="6" name="oreiasccp" chips="768" dealer="1" win="250" bet="732" muck="1" rebuy="0" addon="0" merge="0" rebuychips="0" reg_code="8385520140"/>
</players>
</general>
<round no="0"><action no="1" player="oreiasccp" type="15" sum="5"/>
<action no="2" player="Xlabuda" type="15" discard="1" dealt="1" sum="5"/>
<action no="3" player="oreiasccp" type="1" sum="20"/>
<action no="4" player="Xlabuda" type="2" discard="1" dealt="1" sum="40"/>
</round>
<round no="1"><cards type="Pocket" player="Xlabuda">X X</cards>
<cards type="Pocket" player="oreiasccp">HA S9</cards>
<action no="5" player="oreiasccp" type="3" sum="20"/>
<action no="6" player="Xlabuda" type="23" discard="1" dealt="1" sum="120"/>
<action no="7" player="oreiasccp" type="23" sum="727"/>
<action no="8" player="Xlabuda" type="0" discard="1" dealt="1" sum="0"/>
</round>
</game>
<game gamecode="11516873758"><general><startdate>2025-06-17 10:25:25</startdate>
<round>1</round>
<failsafecounter/>
<players><player seat="6" name="oreiasccp" chips="893" dealer="0" win="0" bet="65" muck="1" rebuy="0" addon="0" merge="0" rebuychips="0" reg_code="8385520140"/>
<player seat="3" name="Xlabuda" chips="607" dealer="1" win="130" bet="607" muck="1" rebuy="0" addon="0" merge="0" rebuychips="0" reg_code="8385520105"/>
</players>
</general>
<round no="0"><action no="1" player="Xlabuda" type="15" discard="1" dealt="1" sum="5"/>
<action no="2" player="oreiasccp" type="15" sum="5"/>
<action no="3" player="Xlabuda" type="1" discard="1" dealt="1" sum="30"/>
<action no="4" player="oreiasccp" type="2" sum="60"/>
</round>
<round no="1"><cards type="Pocket" player="oreiasccp">D8 D4</cards>
<cards type="Pocket" player="Xlabuda">X X</cards>
<action no="5" player="Xlabuda" type="23" discard="1" dealt="1" sum="602"/>
<action no="6" player="oreiasccp" type="0" sum="0"/>
</round>
</game>
<game gamecode="11516873787"><general><startdate>2025-06-17 10:25:35</startdate>
<round>1</round>
<failsafecounter/>
<players><player seat="3" name="Xlabuda" chips="672" dealer="0" win="0" bet="65" muck="1" rebuy="0" addon="0" merge="0" rebuychips="0" reg_code="8385520105"/>
<player seat="6" name="oreiasccp" chips="828" dealer="1" win="130" bet="672" muck="1" rebuy="0" addon="0" merge="0" rebuychips="0" reg_code="8385520140"/>
</players>
</general>
<round no="0"><action no="1" player="oreiasccp" type="15" sum="5"/>
<action no="2" player="Xlabuda" type="15" discard="1" dealt="1" sum="5"/>
<action no="3" player="oreiasccp" type="1" sum="30"/>
<action no="4" player="Xlabuda" type="2" discard="1" dealt="1" sum="60"/>
</round>
<round no="1"><cards type="Pocket" player="oreiasccp">SA D7</cards>
<cards type="Pocket" player="Xlabuda">X X</cards>
<action no="5" player="oreiasccp" type="23" sum="667"/>
<action no="6" player="Xlabuda" type="0" discard="1" dealt="1" sum="0"/>
</round>
</game>
<game gamecode="11516873832"><general><startdate>2025-06-17 10:25:46</startdate>
<round>1</round>
<failsafecounter/>
<players><player seat="6" name="oreiasccp" chips="893" dealer="0" win="70" bet="65" muck="1" rebuy="0" addon="0" merge="0" rebuychips="0" reg_code="8385520140"/>
<player seat="3" name="Xlabuda" chips="607" dealer="1" win="0" bet="35" muck="1" rebuy="0" addon="0" merge="0" rebuychips="0" reg_code="8385520105"/>
</players>
</general>
<round no="0"><action no="1" player="Xlabuda" type="15" discard="1" dealt="1" sum="5"/>
<action no="2" player="oreiasccp" type="15" sum="5"/>
<action no="3" player="Xlabuda" type="1" discard="1" dealt="1" sum="30"/>
<action no="4" player="oreiasccp" type="2" sum="60"/>
</round>
<round no="1"><cards type="Pocket" player="oreiasccp">S5 H5</cards>
<cards type="Pocket" player="Xlabuda">X X</cards>
<action no="5" player="Xlabuda" type="0" discard="1" dealt="1" sum="0"/>
</round>
</game>
<game gamecode="11516873854"><general><startdate>2025-06-17 10:25:53</startdate>
<round>1</round>
<failsafecounter/>
<players><player seat="3" name="Xlabuda" chips="572" dealer="0" win="1,144" bet="572" muck="0" rebuy="0" addon="0" merge="0" rebuychips="0" reg_code="8385520105"/>
<player seat="6" name="oreiasccp" chips="928" dealer="1" win="0" bet="572" muck="1" rebuy="0" addon="0" merge="0" rebuychips="0" reg_code="8385520140"/>
</players>
</general>
<round no="0"><action no="1" player="oreiasccp" type="15" sum="5"/>
<action no="2" player="Xlabuda" type="15" discard="1" dealt="1" sum="5"/>
<action no="3" player="oreiasccp" type="1" sum="30"/>
<action no="4" player="Xlabuda" type="2" discard="1" dealt="1" sum="60"/>
</round>
<round no="1"><cards type="Pocket" player="oreiasccp">DQ D3</cards>
<cards type="Pocket" player="Xlabuda">CK S5</cards>
<action no="5" player="oreiasccp" type="23" sum="567"/>
<action no="6" player="Xlabuda" type="7" discard="1" dealt="1" sum="507"/>
</round>
<round no="2"><cards type="Flop">H9 S4 S2</cards>
</round>
<round no="3"><cards type="Turn">S8</cards>
</round>
<round no="4"><cards type="River">DA</cards>
</round>
</game>
<game gamecode="11516873921"><general><startdate>2025-06-17 10:26:12</startdate>
<round>1</round>
<failsafecounter/>
<players><player seat="6" name="oreiasccp" chips="356" dealer="0" win="0" bet="65" muck="1" rebuy="0" addon="0" merge="0" rebuychips="0" reg_code="8385520140"/>
<player seat="3" name="Xlabuda" chips="1,144" dealer="1" win="130" bet="1,144" muck="1" rebuy="0" addon="0" merge="0" rebuychips="0" reg_code="8385520105"/>
</players>
</general>
<round no="0"><action no="1" player="Xlabuda" type="15" discard="1" dealt="1" sum="5"/>
<action no="2" player="oreiasccp" type="15" sum="5"/>
<action no="3" player="Xlabuda" type="1" discard="1" dealt="1" sum="30"/>
<action no="4" player="oreiasccp" type="2" sum="60"/>
</round>
<round no="1"><cards type="Pocket" player="Xlabuda">X X</cards>
<cards type="Pocket" player="oreiasccp">S4 H8</cards>
<action no="5" player="Xlabuda" type="23" discard="1" dealt="1" sum="1,139"/>
<action no="6" player="oreiasccp" type="0" sum="0"/>
</round>
</game>
<game gamecode="11516873970"><general><startdate>2025-06-17 10:26:25</startdate>
<round>1</round>
<failsafecounter/>
<players><player seat="3" name="Xlabuda" chips="1,209" dealer="0" win="582" bet="291" muck="0" rebuy="0" addon="0" merge="0" rebuychips="0" reg_code="8385520105"/>
<player seat="6" name="oreiasccp" chips="291" dealer="1" win="0" bet="291" muck="0" rebuy="0" addon="0" merge="0" rebuychips="0" reg_code="8385520140"/>
</players>
</general>
<round no="0"><action no="1" player="oreiasccp" type="15" sum="5"/>
<action no="2" player="Xlabuda" type="15" discard="1" dealt="1" sum="5"/>
<action no="3" player="oreiasccp" type="1" sum="30"/>
<action no="4" player="Xlabuda" type="2" discard="1" dealt="1" sum="60"/>
</round>
<round no="1"><cards type="Pocket" player="Xlabuda">HJ S7</cards>
<cards type="Pocket" player="oreiasccp">S6 D10</cards>
<action no="5" player="oreiasccp" type="23" sum="286"/>
<action no="6" player="Xlabuda" type="3" discard="1" dealt="1" sum="226"/>
</round>
<round no="2"><cards type="Flop">DJ DQ C4</cards>
</round>
<round no="3"><cards type="Turn">S2</cards>
</round>
<round no="4"><cards type="River">CQ</cards>
</round>
</game>
</session>
