<?xml version="1.0" encoding="UTF-8"?>
<session sessioncode="8385496750">
<general>
<client_version>24.7.1.16</client_version>
<mode>real</mode>
<gametype>Holdem NL</gametype>
<tablename>Twister €5 SNG, 1127662534</tablename>
<tournamentcode>1127662533</tournamentcode>
<tournamentname>Twister €5 SNG</tournamentname>
<buyin>€0 + €0.35 + €4.65</buyin>
<totalbuyin>€5</totalbuyin>
<rewarddrawn>€10</rewarddrawn>
<tournamentcurrency>EUR</tournamentcurrency>
<currency>EUR</currency>
<nickname>oreiasccp</nickname>
<gamecount>28</gamecount>
<startdate>2025-06-17 08:35:10</startdate>
<place>2</place>
<win>€0</win>
<tablesize>3</tablesize>
</general>
<game gamecode="11516796405"><general><startdate>2025-06-17 08:35:26</startdate>
<round>1</round>
<failsafecounter/>
<players><player seat="3" name="oreiasccp" chips="500" dealer="0" win="50" bet="500" muck="1" rebuy="0" addon="0" merge="0" rebuychips="0" reg_code="8385496750"/>
<player seat="6" name="Mikiki123" chips="500" dealer="1" win="0" bet="20" muck="1" rebuy="0" addon="0" merge="0" rebuychips="0" reg_code="8385496774"/>
<player seat="10" name="acetough444" chips="500" dealer="0" win="0" bet="10" muck="1" rebuy="0" addon="0" merge="0" rebuychips="0" reg_code="8385496782"/>
</players>
</general>
<round no="0"><action no="1" player="acetough444" type="1" discard="1" dealt="1" sum="10"/>
<action no="2" player="oreiasccp" type="2" sum="20"/>
</round>
<round no="1"><cards type="Pocket" player="Mikiki123">X X</cards>
<cards type="Pocket" player="acetough444">X X</cards>
<cards type="Pocket" player="oreiasccp">D4 H4</cards>
<action no="3" player="Mikiki123" type="3" discard="1" dealt="1" sum="20"/>
<action no="4" player="acetough444" type="0" discard="1" dealt="1" sum="0"/>
<action no="5" player="oreiasccp" type="23" sum="500"/>
<action no="6" player="Mikiki123" type="0" discard="1" dealt="1" sum="0"/>
</round>
</game>
<game gamecode="11516796446"><general><startdate>2025-06-17 08:35:39</startdate>
<round>1</round>
<failsafecounter/>
<players><player seat="6" name="Mikiki123" chips="480" dealer="0" win="20" bet="20" muck="1" rebuy="0" addon="0" merge="0" rebuychips="0" reg_code="8385496774"/>
<player seat="10" name="acetough444" chips="490" dealer="1" win="0" bet="0" muck="1" rebuy="0" addon="0" merge="0" rebuychips="0" reg_code="8385496782"/>
<player seat="3" name="oreiasccp" chips="530" dealer="0" win="0" bet="10" muck="1" rebuy="0" addon="0" merge="0" rebuychips="0" reg_code="8385496750"/>
</players>
</general>
<round no="0"><action no="1" player="oreiasccp" type="1" sum="10"/>
<action no="2" player="Mikiki123" type="2" discard="1" dealt="1" sum="20"/>
</round>
<round no="1"><cards type="Pocket" player="acetough444">X X</cards>
<cards type="Pocket" player="oreiasccp">H4 C5</cards>
<cards type="Pocket" player="Mikiki123">X X</cards>
<action no="3" player="acetough444" type="0" discard="1" dealt="1" sum="0"/>
<action no="4" player="oreiasccp" type="0" sum="0"/>
</round>
</game>
<game gamecode="11516796474"><general><startdate>2025-06-17 08:35:47</startdate>
<round>1</round>
<failsafecounter/>
<players><player seat="10" name="acetough444" chips="490" dealer="0" win="0" bet="20" muck="1" rebuy="0" addon="0" merge="0" rebuychips="0" reg_code="8385496782"/>
<player seat="3" name="oreiasccp" chips="520" dealer="1" win="500" bet="490" muck="0" rebuy="0" addon="0" merge="0" rebuychips="0" reg_code="8385496750"/>
<player seat="6" name="Mikiki123" chips="490" dealer="0" win="500" bet="490" muck="0" rebuy="0" addon="0" merge="0" rebuychips="0" reg_code="8385496774"/>
</players>
</general>
<round no="0"><action no="1" player="Mikiki123" type="1" discard="1" dealt="1" sum="10"/>
<action no="2" player="acetough444" type="2" discard="1" dealt="1" sum="20"/>
</round>
<round no="1"><cards type="Pocket" player="Mikiki123">SJ D10</cards>
<cards type="Pocket" player="acetough444">X X</cards>
<cards type="Pocket" player="oreiasccp">CA H10</cards>
<action no="3" player="oreiasccp" type="23" sum="40"/>
<action no="4" player="Mikiki123" type="23" discard="1" dealt="1" sum="60"/>
<action no="5" player="acetough444" type="0" discard="1" dealt="1" sum="0"/>
<action no="6" player="oreiasccp" type="23" sum="490"/>
<action no="7" player="Mikiki123" type="7" discard="1" dealt="1" sum="430"/>
</round>
<round no="2"><cards type="Flop">C7 HJ C8</cards>
</round>
<round no="3"><cards type="Turn">D9</cards>
</round>
<round no="4"><cards type="River">D5</cards>
</round>
</game>
<game gamecode="11516796560"><general><startdate>2025-06-17 08:36:17</startdate>
<round>1</round>
<failsafecounter/>
<players><player seat="3" name="oreiasccp" chips="530" dealer="0" win="0" bet="20" muck="1" rebuy="0" addon="0" merge="0" rebuychips="0" reg_code="8385496750"/>
<player seat="6" name="Mikiki123" chips="500" dealer="1" win="140" bet="500" muck="1" rebuy="0" addon="0" merge="0" rebuychips="0" reg_code="8385496774"/>
<player seat="10" name="acetough444" chips="470" dealer="0" win="0" bet="60" muck="1" rebuy="0" addon="0" merge="0" rebuychips="0" reg_code="8385496782"/>
</players>
</general>
<round no="0"><action no="1" player="acetough444" type="1" discard="1" dealt="1" sum="10"/>
<action no="2" player="oreiasccp" type="2" sum="20"/>
</round>
<round no="1"><cards type="Pocket" player="Mikiki123">X X</cards>
<cards type="Pocket" player="acetough444">X X</cards>
<cards type="Pocket" player="oreiasccp">D3 C8</cards>
<action no="3" player="Mikiki123" type="3" discard="1" dealt="1" sum="20"/>
<action no="4" player="acetough444" type="3" discard="1" dealt="1" sum="10"/>
<action no="5" player="oreiasccp" type="4" sum="0"/>
</round>
<round no="2"><cards type="Flop">H5 H4 S9</cards>
<action no="6" player="acetough444" type="4" discard="1" dealt="1" sum="0"/>
<action no="7" player="oreiasccp" type="4" sum="0"/>
<action no="8" player="Mikiki123" type="5" discard="1" dealt="1" sum="20"/>
<action no="9" player="acetough444" type="3" discard="1" dealt="1" sum="20"/>
<action no="10" player="oreiasccp" type="0" sum="0"/>
</round>
<round no="3"><cards type="Turn">HA</cards>
<action no="11" player="acetough444" type="4" discard="1" dealt="1" sum="0"/>
<action no="12" player="Mikiki123" type="5" discard="1" dealt="1" sum="20"/>
<action no="13" player="acetough444" type="3" discard="1" dealt="1" sum="20"/>
</round>
<round no="4"><cards type="River">H2</cards>
<action no="14" player="acetough444" type="4" discard="1" dealt="1" sum="0"/>
<action no="15" player="Mikiki123" type="5" discard="1" dealt="1" sum="440"/>
<action no="16" player="acetough444" type="0" discard="1" dealt="1" sum="0"/>
</round>
</game>
<game gamecode="11516796678"><general><startdate>2025-06-17 08:37:03</startdate>
<round>1</round>
<failsafecounter/>
<players><player seat="6" name="Mikiki123" chips="580" dealer="0" win="0" bet="410" muck="1" rebuy="0" addon="0" merge="0" rebuychips="0" reg_code="8385496774"/>
<player seat="10" name="acetough444" chips="410" dealer="1" win="830" bet="410" muck="0" rebuy="0" addon="0" merge="0" rebuychips="0" reg_code="8385496782"/>
<player seat="3" name="oreiasccp" chips="510" dealer="0" win="0" bet="10" muck="1" rebuy="0" addon="0" merge="0" rebuychips="0" reg_code="8385496750"/>
</players>
</general>
<round no="0"><action no="1" player="oreiasccp" type="1" sum="10"/>
<action no="2" player="Mikiki123" type="2" discard="1" dealt="1" sum="20"/>
</round>
<round no="1"><cards type="Pocket" player="Mikiki123">C7 D7</cards>
<cards type="Pocket" player="acetough444">D5 CA</cards>
<cards type="Pocket" player="oreiasccp">H5 DK</cards>
<action no="3" player="acetough444" type="23" discard="1" dealt="1" sum="410"/>
<action no="4" player="oreiasccp" type="0" sum="0"/>
<action no="5" player="Mikiki123" type="3" discard="1" dealt="1" sum="390"/>
</round>
<round no="2"><cards type="Flop">C2 DQ H8</cards>
</round>
<round no="3"><cards type="Turn">HA</cards>
</round>
<round no="4"><cards type="River">D3</cards>
</round>
</game>
<game gamecode="11516796727"><general><startdate>2025-06-17 08:37:24</startdate>
<round>1</round>
<failsafecounter/>
<players><player seat="10" name="acetough444" chips="830" dealer="0" win="0" bet="20" muck="1" rebuy="0" addon="0" merge="0" rebuychips="0" reg_code="8385496782"/>
<player seat="3" name="oreiasccp" chips="500" dealer="1" win="360" bet="170" muck="0" rebuy="0" addon="0" merge="0" rebuychips="0" reg_code="8385496750"/>
<player seat="6" name="Mikiki123" chips="170" dealer="0" win="0" bet="170" muck="0" rebuy="0" addon="0" merge="0" rebuychips="0" reg_code="8385496774"/>
</players>
</general>
<round no="0"><action no="1" player="Mikiki123" type="1" discard="1" dealt="1" sum="10"/>
<action no="2" player="acetough444" type="2" discard="1" dealt="1" sum="20"/>
</round>
<round no="1"><cards type="Pocket" player="acetough444">X X</cards>
<cards type="Pocket" player="oreiasccp">DJ DK</cards>
<cards type="Pocket" player="Mikiki123">C9 C4</cards>
<action no="3" player="oreiasccp" type="23" sum="40"/>
<action no="4" player="Mikiki123" type="23" discard="1" dealt="1" sum="170"/>
<action no="5" player="acetough444" type="0" discard="1" dealt="1" sum="0"/>
<action no="6" player="oreiasccp" type="3" sum="130"/>
</round>
<round no="2"><cards type="Flop">D4 C10 D9</cards>
</round>
<round no="3"><cards type="Turn">SQ</cards>
</round>
<round no="4"><cards type="River">DQ</cards>
</round>
</game>
<game gamecode="11516796778"><general><startdate>2025-06-17 08:37:48</startdate>
<round>1</round>
<failsafecounter/>
<players><player seat="3" name="oreiasccp" chips="690" dealer="0" win="40" bet="35" muck="1" rebuy="0" addon="0" merge="0" rebuychips="0" reg_code="8385496750"/>
<player seat="10" name="acetough444" chips="810" dealer="1" win="0" bet="20" muck="1" rebuy="0" addon="0" merge="0" rebuychips="0" reg_code="8385496782"/>
</players>
</general>
<round no="0"><action no="1" player="acetough444" type="15" discard="1" dealt="1" sum="5"/>
<action no="2" player="oreiasccp" type="15" sum="5"/>
<action no="3" player="acetough444" type="1" discard="1" dealt="1" sum="15"/>
<action no="4" player="oreiasccp" type="2" sum="30"/>
</round>
<round no="1"><cards type="Pocket" player="oreiasccp">CJ C4</cards>
<cards type="Pocket" player="acetough444">X X</cards>
<action no="5" player="acetough444" type="0" discard="1" dealt="1" sum="0"/>
</round>
</game>
<game gamecode="11516796827"><general><startdate>2025-06-17 08:38:08</startdate>
<round>1</round>
<failsafecounter/>
<players><player seat="10" name="acetough444" chips="790" dealer="0" win="0" bet="65" muck="1" rebuy="0" addon="0" merge="0" rebuychips="0" reg_code="8385496782"/>
<player seat="3" name="oreiasccp" chips="710" dealer="1" win="130" bet="65" muck="0" rebuy="0" addon="0" merge="0" rebuychips="0" reg_code="8385496750"/>
</players>
</general>
<round no="0"><action no="1" player="oreiasccp" type="15" sum="5"/>
<action no="2" player="acetough444" type="15" discard="1" dealt="1" sum="5"/>
<action no="3" player="oreiasccp" type="1" sum="15"/>
<action no="4" player="acetough444" type="2" discard="1" dealt="1" sum="30"/>
</round>
<round no="1"><cards type="Pocket" player="oreiasccp">S6 C9</cards>
<cards type="Pocket" player="acetough444">C8 D4</cards>
<action no="5" player="oreiasccp" type="3" sum="15"/>
<action no="6" player="acetough444" type="4" discard="1" dealt="1" sum="0"/>
</round>
<round no="2"><cards type="Flop">C6 S10 DJ</cards>
<action no="7" player="acetough444" type="4" discard="1" dealt="1" sum="0"/>
<action no="8" player="oreiasccp" type="4" sum="0"/>
</round>
<round no="3"><cards type="Turn">S5</cards>
<action no="9" player="acetough444" type="5" discard="1" dealt="1" sum="30"/>
<action no="10" player="oreiasccp" type="3" sum="30"/>
</round>
<round no="4"><cards type="River">SQ</cards>
<action no="11" player="acetough444" type="4" discard="1" dealt="1" sum="0"/>
<action no="12" player="oreiasccp" type="4" sum="0"/>
</round>
</game>
<game gamecode="11516796872"><general><startdate>2025-06-17 08:38:27</startdate>
<round>1</round>
<failsafecounter/>
<players><player seat="3" name="oreiasccp" chips="775" dealer="0" win="40" bet="35" muck="1" rebuy="0" addon="0" merge="0" rebuychips="0" reg_code="8385496750"/>
<player seat="10" name="acetough444" chips="725" dealer="1" win="0" bet="20" muck="1" rebuy="0" addon="0" merge="0" rebuychips="0" reg_code="8385496782"/>
</players>
</general>
<round no="0"><action no="1" player="acetough444" type="15" discard="1" dealt="1" sum="5"/>
<action no="2" player="oreiasccp" type="15" sum="5"/>
<action no="3" player="acetough444" type="1" discard="1" dealt="1" sum="15"/>
<action no="4" player="oreiasccp" type="2" sum="30"/>
</round>
<round no="1"><cards type="Pocket" player="acetough444">X X</cards>
<cards type="Pocket" player="oreiasccp">H9 C4</cards>
<action no="5" player="acetough444" type="0" discard="1" dealt="1" sum="0"/>
</round>
</game>
<game gamecode="11516796887"><general><startdate>2025-06-17 08:38:33</startdate>
<round>1</round>
<failsafecounter/>
<players><player seat="10" name="acetough444" chips="705" dealer="0" win="40" bet="35" muck="1" rebuy="0" addon="0" merge="0" rebuychips="0" reg_code="8385496782"/>
<player seat="3" name="oreiasccp" chips="795" dealer="1" win="0" bet="20" muck="1" rebuy="0" addon="0" merge="0" rebuychips="0" reg_code="8385496750"/>
</players>
</general>
<round no="0"><action no="1" player="oreiasccp" type="15" sum="5"/>
<action no="2" player="acetough444" type="15" discard="1" dealt="1" sum="5"/>
<action no="3" player="oreiasccp" type="1" sum="15"/>
<action no="4" player="acetough444" type="2" discard="1" dealt="1" sum="30"/>
</round>
<round no="1"><cards type="Pocket" player="acetough444">X X</cards>
<cards type="Pocket" player="oreiasccp">H9 S3</cards>
<action no="5" player="oreiasccp" type="0" sum="0"/>
</round>
</game>
<game gamecode="11516796910"><general><startdate>2025-06-17 08:38:40</startdate>
<round>1</round>
<failsafecounter/>
<players><player seat="3" name="oreiasccp" chips="775" dealer="0" win="0" bet="35" muck="1" rebuy="0" addon="0" merge="0" rebuychips="0" reg_code="8385496750"/>
<player seat="10" name="acetough444" chips="725" dealer="1" win="70" bet="65" muck="1" rebuy="0" addon="0" merge="0" rebuychips="0" reg_code="8385496782"/>
</players>
</general>
<round no="0"><action no="1" player="acetough444" type="15" discard="1" dealt="1" sum="5"/>
<action no="2" player="oreiasccp" type="15" sum="5"/>
<action no="3" player="acetough444" type="1" discard="1" dealt="1" sum="15"/>
<action no="4" player="oreiasccp" type="2" sum="30"/>
</round>
<round no="1"><cards type="Pocket" player="oreiasccp">H3 S9</cards>
<cards type="Pocket" player="acetough444">X X</cards>
<action no="5" player="acetough444" type="23" discard="1" dealt="1" sum="60"/>
<action no="6" player="oreiasccp" type="0" sum="0"/>
</round>
</game>
<game gamecode="11516796930"><general><startdate>2025-06-17 08:38:48</startdate>
<round>1</round>
<failsafecounter/>
<players><player seat="10" name="acetough444" chips="760" dealer="0" win="70" bet="760" muck="1" rebuy="0" addon="0" merge="0" rebuychips="0" reg_code="8385496782"/>
<player seat="3" name="oreiasccp" chips="740" dealer="1" win="0" bet="35" muck="1" rebuy="0" addon="0" merge="0" rebuychips="0" reg_code="8385496750"/>
</players>
</general>
<round no="0"><action no="1" player="oreiasccp" type="15" sum="5"/>
<action no="2" player="acetough444" type="15" discard="1" dealt="1" sum="5"/>
<action no="3" player="oreiasccp" type="1" sum="15"/>
<action no="4" player="acetough444" type="2" discard="1" dealt="1" sum="30"/>
</round>
<round no="1"><cards type="Pocket" player="oreiasccp">H7 D8</cards>
<cards type="Pocket" player="acetough444">X X</cards>
<action no="5" player="oreiasccp" type="3" sum="15"/>
<action no="6" player="acetough444" type="23" discard="1" dealt="1" sum="755"/>
<action no="7" player="oreiasccp" type="0" sum="0"/>
</round>
</game>
<game gamecode="11516796964"><general><startdate>2025-06-17 08:38:58</startdate>
<round>1</round>
<failsafecounter/>
<players><player seat="3" name="oreiasccp" chips="705" dealer="0" win="0" bet="35" muck="1" rebuy="0" addon="0" merge="0" rebuychips="0" reg_code="8385496750"/>
<player seat="10" name="acetough444" chips="795" dealer="1" win="70" bet="65" muck="1" rebuy="0" addon="0" merge="0" rebuychips="0" reg_code="8385496782"/>
</players>
</general>
<round no="0"><action no="1" player="acetough444" type="15" discard="1" dealt="1" sum="5"/>
<action no="2" player="oreiasccp" type="15" sum="5"/>
<action no="3" player="acetough444" type="1" discard="1" dealt="1" sum="15"/>
<action no="4" player="oreiasccp" type="2" sum="30"/>
</round>
<round no="1"><cards type="Pocket" player="oreiasccp">HJ S2</cards>
<cards type="Pocket" player="acetough444">X X</cards>
<action no="5" player="acetough444" type="23" discard="1" dealt="1" sum="60"/>
<action no="6" player="oreiasccp" type="0" sum="0"/>
</round>
</game>
<game gamecode="11516796977"><general><startdate>2025-06-17 08:39:05</startdate>
<round>1</round>
<failsafecounter/>
<players><player seat="10" name="acetough444" chips="830" dealer="0" win="0" bet="65" muck="1" rebuy="0" addon="0" merge="0" rebuychips="0" reg_code="8385496782"/>
<player seat="3" name="oreiasccp" chips="670" dealer="1" win="130" bet="112" muck="1" rebuy="0" addon="0" merge="0" rebuychips="0" reg_code="8385496750"/>
</players>
</general>
<round no="0"><action no="1" player="oreiasccp" type="15" sum="5"/>
<action no="2" player="acetough444" type="15" discard="1" dealt="1" sum="5"/>
<action no="3" player="oreiasccp" type="1" sum="15"/>
<action no="4" player="acetough444" type="2" discard="1" dealt="1" sum="30"/>
</round>
<round no="1"><cards type="Pocket" player="acetough444">X X</cards>
<cards type="Pocket" player="oreiasccp">C6 S6</cards>
<action no="5" player="oreiasccp" type="3" sum="15"/>
<action no="6" player="acetough444" type="4" discard="1" dealt="1" sum="0"/>
</round>
<round no="2"><cards type="Flop">DK D6 D5</cards>
<action no="7" player="acetough444" type="4" discard="1" dealt="1" sum="0"/>
<action no="8" player="oreiasccp" type="5" sum="30"/>
<action no="9" player="acetough444" type="3" discard="1" dealt="1" sum="30"/>
</round>
<round no="3"><cards type="Turn">D2</cards>
<action no="10" player="acetough444" type="4" discard="1" dealt="1" sum="0"/>
<action no="11" player="oreiasccp" type="5" sum="47"/>
<action no="12" player="acetough444" type="0" discard="1" dealt="1" sum="0"/>
</round>
</game>
<game gamecode="11516797031"><general><startdate>2025-06-17 08:39:24</startdate>
<round>1</round>
<failsafecounter/>
<players><player seat="3" name="oreiasccp" chips="735" dealer="0" win="50" bet="45" muck="1" rebuy="0" addon="0" merge="0" rebuychips="0" reg_code="8385496750"/>
<player seat="10" name="acetough444" chips="765" dealer="1" win="0" bet="25" muck="1" rebuy="0" addon="0" merge="0" rebuychips="0" reg_code="8385496782"/>
</players>
</general>
<round no="0"><action no="1" player="acetough444" type="15" discard="1" dealt="1" sum="5"/>
<action no="2" player="oreiasccp" type="15" sum="5"/>
<action no="3" player="acetough444" type="1" discard="1" dealt="1" sum="20"/>
<action no="4" player="oreiasccp" type="2" sum="40"/>
</round>
<round no="1"><cards type="Pocket" player="acetough444">X X</cards>
<cards type="Pocket" player="oreiasccp">SA S6</cards>
<action no="5" player="acetough444" type="0" discard="1" dealt="1" sum="0"/>
</round>
</game>
<game gamecode="11516797049"><general><startdate>2025-06-17 08:39:32</startdate>
<round>1</round>
<failsafecounter/>
<players><player seat="10" name="acetough444" chips="740" dealer="0" win="0" bet="45" muck="1" rebuy="0" addon="0" merge="0" rebuychips="0" reg_code="8385496782"/>
<player seat="3" name="oreiasccp" chips="760" dealer="1" win="90" bet="740" muck="1" rebuy="0" addon="0" merge="0" rebuychips="0" reg_code="8385496750"/>
</players>
</general>
<round no="0"><action no="1" player="oreiasccp" type="15" sum="5"/>
<action no="2" player="acetough444" type="15" discard="1" dealt="1" sum="5"/>
<action no="3" player="oreiasccp" type="1" sum="20"/>
<action no="4" player="acetough444" type="2" discard="1" dealt="1" sum="40"/>
</round>
<round no="1"><cards type="Pocket" player="oreiasccp">S3 H3</cards>
<cards type="Pocket" player="acetough444">X X</cards>
<action no="5" player="oreiasccp" type="23" sum="735"/>
<action no="6" player="acetough444" type="0" discard="1" dealt="1" sum="0"/>
</round>
</game>
<game gamecode="11516797080"><general><startdate>2025-06-17 08:39:42</startdate>
<round>1</round>
<failsafecounter/>
<players><player seat="3" name="oreiasccp" chips="805" dealer="0" win="50" bet="45" muck="1" rebuy="0" addon="0" merge="0" rebuychips="0" reg_code="8385496750"/>
<player seat="10" name="acetough444" chips="695" dealer="1" win="0" bet="25" muck="1" rebuy="0" addon="0" merge="0" rebuychips="0" reg_code="8385496782"/>
</players>
</general>
<round no="0"><action no="1" player="acetough444" type="15" discard="1" dealt="1" sum="5"/>
<action no="2" player="oreiasccp" type="15" sum="5"/>
<action no="3" player="acetough444" type="1" discard="1" dealt="1" sum="20"/>
<action no="4" player="oreiasccp" type="2" sum="40"/>
</round>
<round no="1"><cards type="Pocket" player="oreiasccp">C3 C9</cards>
<cards type="Pocket" player="acetough444">X X</cards>
<action no="5" player="acetough444" type="0" discard="1" dealt="1" sum="0"/>
</round>
</game>
<game gamecode="11516797098"><general><startdate>2025-06-17 08:39:49</startdate>
<round>1</round>
<failsafecounter/>
<players><player seat="10" name="acetough444" chips="670" dealer="0" win="50" bet="45" muck="1" rebuy="0" addon="0" merge="0" rebuychips="0" reg_code="8385496782"/>
<player seat="3" name="oreiasccp" chips="830" dealer="1" win="0" bet="25" muck="1" rebuy="0" addon="0" merge="0" rebuychips="0" reg_code="8385496750"/>
</players>
</general>
<round no="0"><action no="1" player="oreiasccp" type="15" sum="5"/>
<action no="2" player="acetough444" type="15" discard="1" dealt="1" sum="5"/>
<action no="3" player="oreiasccp" type="1" sum="20"/>
<action no="4" player="acetough444" type="2" discard="1" dealt="1" sum="40"/>
</round>
<round no="1"><cards type="Pocket" player="acetough444">X X</cards>
<cards type="Pocket" player="oreiasccp">C5 H2</cards>
<action no="5" player="oreiasccp" type="0" sum="0"/>
</round>
</game>
<game gamecode="11516797112"><general><startdate>2025-06-17 08:39:54</startdate>
<round>1</round>
<failsafecounter/>
<players><player seat="3" name="oreiasccp" chips="805" dealer="0" win="0" bet="85" muck="1" rebuy="0" addon="0" merge="0" rebuychips="0" reg_code="8385496750"/>
<player seat="10" name="acetough444" chips="695" dealer="1" win="170" bet="125" muck="1" rebuy="0" addon="0" merge="0" rebuychips="0" reg_code="8385496782"/>
</players>
</general>
<round no="0"><action no="1" player="acetough444" type="15" discard="1" dealt="1" sum="5"/>
<action no="2" player="oreiasccp" type="15" sum="5"/>
<action no="3" player="acetough444" type="1" discard="1" dealt="1" sum="20"/>
<action no="4" player="oreiasccp" type="2" sum="40"/>
</round>
<round no="1"><cards type="Pocket" player="acetough444">X X</cards>
<cards type="Pocket" player="oreiasccp">H6 HQ</cards>
<action no="5" player="acetough444" type="3" discard="1" dealt="1" sum="20"/>
<action no="6" player="oreiasccp" type="4" sum="0"/>
</round>
<round no="2"><cards type="Flop">H10 HA CA</cards>
<action no="7" player="oreiasccp" type="4" sum="0"/>
<action no="8" player="acetough444" type="4" discard="1" dealt="1" sum="0"/>
</round>
<round no="3"><cards type="Turn">S9</cards>
<action no="9" player="oreiasccp" type="5" sum="40"/>
<action no="10" player="acetough444" type="3" discard="1" dealt="1" sum="40"/>
</round>
<round no="4"><cards type="River">D3</cards>
<action no="11" player="oreiasccp" type="4" sum="0"/>
<action no="12" player="acetough444" type="5" discard="1" dealt="1" sum="40"/>
<action no="13" player="oreiasccp" type="0" sum="0"/>
</round>
</game>
<game gamecode="11516797151"><general><startdate>2025-06-17 08:40:14</startdate>
<round>1</round>
<failsafecounter/>
<players><player seat="10" name="acetough444" chips="780" dealer="0" win="0" bet="85" muck="1" rebuy="0" addon="0" merge="0" rebuychips="0" reg_code="8385496782"/>
<player seat="3" name="oreiasccp" chips="720" dealer="1" win="170" bet="170" muck="1" rebuy="0" addon="0" merge="0" rebuychips="0" reg_code="8385496750"/>
</players>
</general>
<round no="0"><action no="1" player="oreiasccp" type="15" sum="5"/>
<action no="2" player="acetough444" type="15" discard="1" dealt="1" sum="5"/>
<action no="3" player="oreiasccp" type="1" sum="20"/>
<action no="4" player="acetough444" type="2" discard="1" dealt="1" sum="40"/>
</round>
<round no="1"><cards type="Pocket" player="oreiasccp">C10 C6</cards>
<cards type="Pocket" player="acetough444">X X</cards>
<action no="5" player="oreiasccp" type="3" sum="20"/>
<action no="6" player="acetough444" type="4" discard="1" dealt="1" sum="0"/>
</round>
<round no="2"><cards type="Flop">SJ CK DA</cards>
<action no="7" player="acetough444" type="4" discard="1" dealt="1" sum="0"/>
<action no="8" player="oreiasccp" type="5" sum="40"/>
<action no="9" player="acetough444" type="3" discard="1" dealt="1" sum="40"/>
</round>
<round no="3"><cards type="Turn">HA</cards>
<action no="10" player="acetough444" type="4" discard="1" dealt="1" sum="0"/>
<action no="11" player="oreiasccp" type="5" sum="85"/>
<action no="12" player="acetough444" type="0" discard="1" dealt="1" sum="0"/>
</round>
</game>
<game gamecode="11516797200"><general><startdate>2025-06-17 08:40:32</startdate>
<round>1</round>
<failsafecounter/>
<players><player seat="3" name="oreiasccp" chips="805" dealer="0" win="0" bet="45" muck="1" rebuy="0" addon="0" merge="0" rebuychips="0" reg_code="8385496750"/>
<player seat="10" name="acetough444" chips="695" dealer="1" win="90" bet="85" muck="1" rebuy="0" addon="0" merge="0" rebuychips="0" reg_code="8385496782"/>
</players>
</general>
<round no="0"><action no="1" player="acetough444" type="15" discard="1" dealt="1" sum="5"/>
<action no="2" player="oreiasccp" type="15" sum="5"/>
<action no="3" player="acetough444" type="1" discard="1" dealt="1" sum="20"/>
<action no="4" player="oreiasccp" type="2" sum="40"/>
</round>
<round no="1"><cards type="Pocket" player="oreiasccp">HQ S4</cards>
<cards type="Pocket" player="acetough444">X X</cards>
<action no="5" player="acetough444" type="23" discard="1" dealt="1" sum="80"/>
<action no="6" player="oreiasccp" type="0" sum="0"/>
</round>
</game>
<game gamecode="11516797218"><general><startdate>2025-06-17 08:40:40</startdate>
<round>1</round>
<failsafecounter/>
<players><player seat="10" name="acetough444" chips="740" dealer="0" win="0" bet="45" muck="1" rebuy="0" addon="0" merge="0" rebuychips="0" reg_code="8385496782"/>
<player seat="3" name="oreiasccp" chips="760" dealer="1" win="90" bet="85" muck="1" rebuy="0" addon="0" merge="0" rebuychips="0" reg_code="8385496750"/>
</players>
</general>
<round no="0"><action no="1" player="oreiasccp" type="15" sum="5"/>
<action no="2" player="acetough444" type="15" discard="1" dealt="1" sum="5"/>
<action no="3" player="oreiasccp" type="1" sum="20"/>
<action no="4" player="acetough444" type="2" discard="1" dealt="1" sum="40"/>
</round>
<round no="1"><cards type="Pocket" player="oreiasccp">S8 C5</cards>
<cards type="Pocket" player="acetough444">X X</cards>
<action no="5" player="oreiasccp" type="3" sum="20"/>
<action no="6" player="acetough444" type="4" discard="1" dealt="1" sum="0"/>
</round>
<round no="2"><cards type="Flop">H6 D9 HQ</cards>
<action no="7" player="acetough444" type="4" discard="1" dealt="1" sum="0"/>
<action no="8" player="oreiasccp" type="5" sum="40"/>
<action no="9" player="acetough444" type="0" discard="1" dealt="1" sum="0"/>
</round>
</game>
<game gamecode="11516797248"><general><startdate>2025-06-17 08:40:52</startdate>
<round>1</round>
<failsafecounter/>
<players><player seat="3" name="oreiasccp" chips="805" dealer="0" win="0" bet="45" muck="1" rebuy="0" addon="0" merge="0" rebuychips="0" reg_code="8385496750"/>
<player seat="10" name="acetough444" chips="695" dealer="1" win="90" bet="85" muck="1" rebuy="0" addon="0" merge="0" rebuychips="0" reg_code="8385496782"/>
</players>
</general>
<round no="0"><action no="1" player="acetough444" type="15" discard="1" dealt="1" sum="5"/>
<action no="2" player="oreiasccp" type="15" sum="5"/>
<action no="3" player="acetough444" type="1" discard="1" dealt="1" sum="20"/>
<action no="4" player="oreiasccp" type="2" sum="40"/>
</round>
<round no="1"><cards type="Pocket" player="acetough444">X X</cards>
<cards type="Pocket" player="oreiasccp">H4 S10</cards>
<action no="5" player="acetough444" type="23" discard="1" dealt="1" sum="80"/>
<action no="6" player="oreiasccp" type="0" sum="0"/>
</round>
</game>
<game gamecode="11516797264"><general><startdate>2025-06-17 08:40:59</startdate>
<round>1</round>
<failsafecounter/>
<players><player seat="10" name="acetough444" chips="740" dealer="0" win="170" bet="170" muck="1" rebuy="0" addon="0" merge="0" rebuychips="0" reg_code="8385496782"/>
<player seat="3" name="oreiasccp" chips="760" dealer="1" win="0" bet="85" muck="1" rebuy="0" addon="0" merge="0" rebuychips="0" reg_code="8385496750"/>
</players>
</general>
<round no="0"><action no="1" player="oreiasccp" type="15" sum="5"/>
<action no="2" player="acetough444" type="15" discard="1" dealt="1" sum="5"/>
<action no="3" player="oreiasccp" type="1" sum="20"/>
<action no="4" player="acetough444" type="2" discard="1" dealt="1" sum="40"/>
</round>
<round no="1"><cards type="Pocket" player="oreiasccp">D6 D10</cards>
<cards type="Pocket" player="acetough444">X X</cards>
<action no="5" player="oreiasccp" type="3" sum="20"/>
<action no="6" player="acetough444" type="4" discard="1" dealt="1" sum="0"/>
</round>
<round no="2"><cards type="Flop">CQ C8 C5</cards>
<action no="7" player="acetough444" type="4" discard="1" dealt="1" sum="0"/>
<action no="8" player="oreiasccp" type="5" sum="40"/>
<action no="9" player="acetough444" type="3" discard="1" dealt="1" sum="40"/>
</round>
<round no="3"><cards type="Turn">D9</cards>
<action no="10" player="acetough444" type="4" discard="1" dealt="1" sum="0"/>
<action no="11" player="oreiasccp" type="4" sum="0"/>
</round>
<round no="4"><cards type="River">D5</cards>
<action no="12" player="acetough444" type="5" discard="1" dealt="1" sum="85"/>
<action no="13" player="oreiasccp" type="0" sum="0"/>
</round>
</game>
<game gamecode="11516797322"><general><startdate>2025-06-17 08:41:20</startdate>
<round>1</round>
<failsafecounter/>
<players><player seat="3" name="oreiasccp" chips="675" dealer="0" win="90" bet="111" muck="1" rebuy="0" addon="0" merge="0" rebuychips="0" reg_code="8385496750"/>
<player seat="10" name="acetough444" chips="825" dealer="1" win="0" bet="45" muck="1" rebuy="0" addon="0" merge="0" rebuychips="0" reg_code="8385496782"/>
</players>
</general>
<round no="0"><action no="1" player="acetough444" type="15" discard="1" dealt="1" sum="5"/>
<action no="2" player="oreiasccp" type="15" sum="5"/>
<action no="3" player="acetough444" type="1" discard="1" dealt="1" sum="20"/>
<action no="4" player="oreiasccp" type="2" sum="40"/>
</round>
<round no="1"><cards type="Pocket" player="oreiasccp">D8 D5</cards>
<cards type="Pocket" player="acetough444">X X</cards>
<action no="5" player="acetough444" type="3" discard="1" dealt="1" sum="20"/>
<action no="6" player="oreiasccp" type="4" sum="0"/>
</round>
<round no="2"><cards type="Flop">D2 DA S6</cards>
<action no="7" player="oreiasccp" type="4" sum="0"/>
<action no="8" player="acetough444" type="4" discard="1" dealt="1" sum="0"/>
</round>
<round no="3"><cards type="Turn">SJ</cards>
<action no="9" player="oreiasccp" type="5" sum="66"/>
<action no="10" player="acetough444" type="0" discard="1" dealt="1" sum="0"/>
</round>
</game>
<game gamecode="11516797352"><general><startdate>2025-06-17 08:41:35</startdate>
<round>1</round>
<failsafecounter/>
<players><player seat="10" name="acetough444" chips="780" dealer="0" win="0" bet="65" muck="1" rebuy="0" addon="0" merge="0" rebuychips="0" reg_code="8385496782"/>
<player seat="3" name="oreiasccp" chips="720" dealer="1" win="130" bet="720" muck="1" rebuy="0" addon="0" merge="0" rebuychips="0" reg_code="8385496750"/>
</players>
</general>
<round no="0"><action no="1" player="oreiasccp" type="15" sum="5"/>
<action no="2" player="acetough444" type="15" discard="1" dealt="1" sum="5"/>
<action no="3" player="oreiasccp" type="1" sum="30"/>
<action no="4" player="acetough444" type="2" discard="1" dealt="1" sum="60"/>
</round>
<round no="1"><cards type="Pocket" player="acetough444">X X</cards>
<cards type="Pocket" player="oreiasccp">SA H8</cards>
<action no="5" player="oreiasccp" type="23" sum="715"/>
<action no="6" player="acetough444" type="0" discard="1" dealt="1" sum="0"/>
</round>
</game>
<game gamecode="11516797375"><general><startdate>2025-06-17 08:41:42</startdate>
<round>1</round>
<failsafecounter/>
<players><player seat="3" name="oreiasccp" chips="785" dealer="0" win="0" bet="715" muck="0" rebuy="0" addon="0" merge="0" rebuychips="0" reg_code="8385496750"/>
<player seat="10" name="acetough444" chips="715" dealer="1" win="1,430" bet="715" muck="0" rebuy="0" addon="0" merge="0" rebuychips="0" reg_code="8385496782"/>
</players>
</general>
<round no="0"><action no="1" player="acetough444" type="15" discard="1" dealt="1" sum="5"/>
<action no="2" player="oreiasccp" type="15" sum="5"/>
<action no="3" player="acetough444" type="1" discard="1" dealt="1" sum="30"/>
<action no="4" player="oreiasccp" type="2" sum="60"/>
</round>
<round no="1"><cards type="Pocket" player="oreiasccp">CK H8</cards>
<cards type="Pocket" player="acetough444">D2 H2</cards>
<action no="5" player="acetough444" type="3" discard="1" dealt="1" sum="30"/>
<action no="6" player="oreiasccp" type="23" sum="710"/>
<action no="7" player="acetough444" type="7" discard="1" dealt="1" sum="650"/>
</round>
<round no="2"><cards type="Flop">H4 D3 D7</cards>
</round>
<round no="3"><cards type="Turn">C3</cards>
</round>
<round no="4"><cards type="River">CQ</cards>
</round>
</game>
<game gamecode="11516797432"><general><startdate>2025-06-17 08:42:02</startdate>
<round>1</round>
<failsafecounter/>
<players><player seat="10" name="acetough444" chips="1,430" dealer="0" win="140" bet="70" muck="0" rebuy="0" addon="0" merge="0" rebuychips="0" reg_code="8385496782"/>
<player seat="3" name="oreiasccp" chips="70" dealer="1" win="0" bet="70" muck="0" rebuy="0" addon="0" merge="0" rebuychips="0" reg_code="8385496750"/>
</players>
</general>
<round no="0"><action no="1" player="oreiasccp" type="15" sum="5"/>
<action no="2" player="acetough444" type="15" discard="1" dealt="1" sum="5"/>
<action no="3" player="oreiasccp" type="1" sum="30"/>
<action no="4" player="acetough444" type="2" discard="1" dealt="1" sum="60"/>
</round>
<round no="1"><cards type="Pocket" player="oreiasccp">D2 D3</cards>
<cards type="Pocket" player="acetough444">HJ HQ</cards>
<action no="5" player="oreiasccp" type="7" sum="35"/>
<action no="6" player="acetough444" type="3" discard="1" dealt="1" sum="5"/>
</round>
<round no="2"><cards type="Flop">CJ H6 H10</cards>
</round>
<round no="3"><cards type="Turn">S10</cards>
</round>
<round no="4"><cards type="River">HA</cards>
</round>
</game>
</session>
