<?xml version="1.0" encoding="UTF-8"?>
<session sessioncode="8385474911">
<general>
<client_version>24.7.1.16</client_version>
<mode>real</mode>
<gametype>Holdem NL</gametype>
<tablename>Twister €5 SNG, 1127657984</tablename>
<tournamentcode>1127657983</tournamentcode>
<tournamentname>Twister €5 SNG</tournamentname>
<buyin>€0 + €0.35 + €4.65</buyin>
<totalbuyin>€5</totalbuyin>
<rewarddrawn>€10</rewarddrawn>
<tournamentcurrency>EUR</tournamentcurrency>
<currency>EUR</currency>
<nickname>oreiasccp</nickname>
<gamecount>24</gamecount>
<startdate>2025-06-17 06:18:53</startdate>
<place>1</place>
<win>€10</win>
<tablesize>3</tablesize>
</general>
<game gamecode="11516725756"><general><startdate>2025-06-17 06:19:09</startdate>
<round>1</round>
<failsafecounter/>
<players><player seat="6" name="BahTOBUK" chips="500" dealer="0" win="50" bet="70" muck="1" rebuy="0" addon="0" merge="0" rebuychips="0" reg_code="8385474909"/>
<player seat="10" name="bossbleak418" chips="500" dealer="1" win="0" bet="20" muck="1" rebuy="0" addon="0" merge="0" rebuychips="0" reg_code="8385474928"/>
<player seat="3" name="oreiasccp" chips="500" dealer="0" win="0" bet="10" muck="1" rebuy="0" addon="0" merge="0" rebuychips="0" reg_code="8385474911"/>
</players>
</general>
<round no="0"><action no="1" player="oreiasccp" type="1" sum="10"/>
<action no="2" player="BahTOBUK" type="2" discard="1" dealt="1" sum="20"/>
</round>
<round no="1"><cards type="Pocket" player="BahTOBUK">X X</cards>
<cards type="Pocket" player="bossbleak418">X X</cards>
<cards type="Pocket" player="oreiasccp">H6 DQ</cards>
<action no="3" player="bossbleak418" type="3" discard="1" dealt="1" sum="20"/>
<action no="4" player="oreiasccp" type="0" sum="0"/>
<action no="5" player="BahTOBUK" type="4" discard="1" dealt="1" sum="0"/>
</round>
<round no="2"><cards type="Flop">S9 DJ D9</cards>
<action no="6" player="BahTOBUK" type="4" discard="1" dealt="1" sum="0"/>
<action no="7" player="bossbleak418" type="4" discard="1" dealt="1" sum="0"/>
</round>
<round no="3"><cards type="Turn">S8</cards>
<action no="8" player="BahTOBUK" type="5" discard="1" dealt="1" sum="50"/>
<action no="9" player="bossbleak418" type="0" discard="1" dealt="1" sum="0"/>
</round>
</game>
<game gamecode="11516725787"><general><startdate>2025-06-17 06:19:24</startdate>
<round>1</round>
<failsafecounter/>
<players><player seat="10" name="bossbleak418" chips="480" dealer="0" win="20" bet="20" muck="1" rebuy="0" addon="0" merge="0" rebuychips="0" reg_code="8385474928"/>
<player seat="3" name="oreiasccp" chips="490" dealer="1" win="0" bet="0" muck="1" rebuy="0" addon="0" merge="0" rebuychips="0" reg_code="8385474911"/>
<player seat="6" name="BahTOBUK" chips="530" dealer="0" win="0" bet="10" muck="1" rebuy="0" addon="0" merge="0" rebuychips="0" reg_code="8385474909"/>
</players>
</general>
<round no="0"><action no="1" player="BahTOBUK" type="1" discard="1" dealt="1" sum="10"/>
<action no="2" player="bossbleak418" type="2" discard="1" dealt="1" sum="20"/>
</round>
<round no="1"><cards type="Pocket" player="oreiasccp">S7 H10</cards>
<cards type="Pocket" player="bossbleak418">X X</cards>
<cards type="Pocket" player="BahTOBUK">X X</cards>
<action no="3" player="oreiasccp" type="0" sum="0"/>
<action no="4" player="BahTOBUK" type="0" discard="1" dealt="1" sum="0"/>
</round>
</game>
<game gamecode="11516725804"><general><startdate>2025-06-17 06:19:33</startdate>
<round>1</round>
<failsafecounter/>
<players><player seat="3" name="oreiasccp" chips="490" dealer="0" win="20" bet="20" muck="1" rebuy="0" addon="0" merge="0" rebuychips="0" reg_code="8385474911"/>
<player seat="6" name="BahTOBUK" chips="520" dealer="1" win="0" bet="0" muck="1" rebuy="0" addon="0" merge="0" rebuychips="0" reg_code="8385474909"/>
<player seat="10" name="bossbleak418" chips="490" dealer="0" win="0" bet="10" muck="1" rebuy="0" addon="0" merge="0" rebuychips="0" reg_code="8385474928"/>
</players>
</general>
<round no="0"><action no="1" player="bossbleak418" type="1" discard="1" dealt="1" sum="10"/>
<action no="2" player="oreiasccp" type="2" sum="20"/>
</round>
<round no="1"><cards type="Pocket" player="oreiasccp">H9 H5</cards>
<cards type="Pocket" player="BahTOBUK">X X</cards>
<cards type="Pocket" player="bossbleak418">X X</cards>
<action no="3" player="BahTOBUK" type="0" discard="1" dealt="1" sum="0"/>
<action no="4" player="bossbleak418" type="0" discard="1" dealt="1" sum="0"/>
</round>
</game>
<game gamecode="11516725824"><general><startdate>2025-06-17 06:19:41</startdate>
<round>1</round>
<failsafecounter/>
<players><player seat="6" name="BahTOBUK" chips="520" dealer="0" win="0" bet="20" muck="1" rebuy="0" addon="0" merge="0" rebuychips="0" reg_code="8385474909"/>
<player seat="10" name="bossbleak418" chips="480" dealer="1" win="0" bet="20" muck="1" rebuy="0" addon="0" merge="0" rebuychips="0" reg_code="8385474928"/>
<player seat="3" name="oreiasccp" chips="500" dealer="0" win="60" bet="120" muck="1" rebuy="0" addon="0" merge="0" rebuychips="0" reg_code="8385474911"/>
</players>
</general>
<round no="0"><action no="1" player="oreiasccp" type="1" sum="10"/>
<action no="2" player="BahTOBUK" type="2" discard="1" dealt="1" sum="20"/>
</round>
<round no="1"><cards type="Pocket" player="bossbleak418">X X</cards>
<cards type="Pocket" player="BahTOBUK">X X</cards>
<cards type="Pocket" player="oreiasccp">DA DK</cards>
<action no="3" player="bossbleak418" type="3" discard="1" dealt="1" sum="20"/>
<action no="4" player="oreiasccp" type="23" sum="120"/>
<action no="5" player="BahTOBUK" type="0" discard="1" dealt="1" sum="0"/>
<action no="6" player="bossbleak418" type="0" discard="1" dealt="1" sum="0"/>
</round>
</game>
<game gamecode="11516725891"><general><startdate>2025-06-17 06:20:12</startdate>
<round>1</round>
<failsafecounter/>
<players><player seat="10" name="bossbleak418" chips="460" dealer="0" win="130" bet="120" muck="1" rebuy="0" addon="0" merge="0" rebuychips="0" reg_code="8385474928"/>
<player seat="3" name="oreiasccp" chips="540" dealer="1" win="0" bet="60" muck="1" rebuy="0" addon="0" merge="0" rebuychips="0" reg_code="8385474911"/>
<player seat="6" name="BahTOBUK" chips="500" dealer="0" win="0" bet="10" muck="1" rebuy="0" addon="0" merge="0" rebuychips="0" reg_code="8385474909"/>
</players>
</general>
<round no="0"><action no="1" player="BahTOBUK" type="1" discard="1" dealt="1" sum="10"/>
<action no="2" player="bossbleak418" type="2" discard="1" dealt="1" sum="20"/>
</round>
<round no="1"><cards type="Pocket" player="oreiasccp">H9 DK</cards>
<cards type="Pocket" player="bossbleak418">X X</cards>
<cards type="Pocket" player="BahTOBUK">X X</cards>
<action no="3" player="oreiasccp" type="23" sum="40"/>
<action no="4" player="BahTOBUK" type="0" discard="1" dealt="1" sum="0"/>
<action no="5" player="bossbleak418" type="3" discard="1" dealt="1" sum="20"/>
</round>
<round no="2"><cards type="Flop">HA C9 SA</cards>
<action no="6" player="bossbleak418" type="4" discard="1" dealt="1" sum="0"/>
<action no="7" player="oreiasccp" type="5" sum="20"/>
<action no="8" player="bossbleak418" type="3" discard="1" dealt="1" sum="20"/>
</round>
<round no="3"><cards type="Turn">HJ</cards>
<action no="9" player="bossbleak418" type="4" discard="1" dealt="1" sum="0"/>
<action no="10" player="oreiasccp" type="4" sum="0"/>
</round>
<round no="4"><cards type="River">D6</cards>
<action no="11" player="bossbleak418" type="5" discard="1" dealt="1" sum="60"/>
<action no="12" player="oreiasccp" type="0" sum="0"/>
</round>
</game>
<game gamecode="11516725955"><general><startdate>2025-06-17 06:20:40</startdate>
<round>1</round>
<failsafecounter/>
<players><player seat="3" name="oreiasccp" chips="480" dealer="0" win="40" bet="80" muck="1" rebuy="0" addon="0" merge="0" rebuychips="0" reg_code="8385474911"/>
<player seat="6" name="BahTOBUK" chips="490" dealer="1" win="0" bet="0" muck="1" rebuy="0" addon="0" merge="0" rebuychips="0" reg_code="8385474909"/>
<player seat="10" name="bossbleak418" chips="530" dealer="0" win="0" bet="20" muck="1" rebuy="0" addon="0" merge="0" rebuychips="0" reg_code="8385474928"/>
</players>
</general>
<round no="0"><action no="1" player="bossbleak418" type="1" discard="1" dealt="1" sum="10"/>
<action no="2" player="oreiasccp" type="2" sum="20"/>
</round>
<round no="1"><cards type="Pocket" player="bossbleak418">X X</cards>
<cards type="Pocket" player="BahTOBUK">X X</cards>
<cards type="Pocket" player="oreiasccp">H2 C4</cards>
<action no="3" player="BahTOBUK" type="0" discard="1" dealt="1" sum="0"/>
<action no="4" player="bossbleak418" type="3" discard="1" dealt="1" sum="10"/>
<action no="5" player="oreiasccp" type="4" sum="0"/>
</round>
<round no="2"><cards type="Flop">SK D5 SJ</cards>
<action no="6" player="bossbleak418" type="4" discard="1" dealt="1" sum="0"/>
<action no="7" player="oreiasccp" type="4" sum="0"/>
</round>
<round no="3"><cards type="Turn">D10</cards>
<action no="8" player="bossbleak418" type="4" discard="1" dealt="1" sum="0"/>
<action no="9" player="oreiasccp" type="4" sum="0"/>
</round>
<round no="4"><cards type="River">DJ</cards>
<action no="10" player="bossbleak418" type="4" discard="1" dealt="1" sum="0"/>
<action no="11" player="oreiasccp" type="5" sum="60"/>
<action no="12" player="bossbleak418" type="0" discard="1" dealt="1" sum="0"/>
</round>
</game>
<game gamecode="11516726022"><general><startdate>2025-06-17 06:21:17</startdate>
<round>1</round>
<failsafecounter/>
<players><player seat="6" name="BahTOBUK" chips="490" dealer="0" win="0" bet="35" muck="1" rebuy="0" addon="0" merge="0" rebuychips="0" reg_code="8385474909"/>
<player seat="10" name="bossbleak418" chips="510" dealer="1" win="90" bet="65" muck="1" rebuy="0" addon="0" merge="0" rebuychips="0" reg_code="8385474928"/>
<player seat="3" name="oreiasccp" chips="500" dealer="0" win="0" bet="20" muck="1" rebuy="0" addon="0" merge="0" rebuychips="0" reg_code="8385474911"/>
</players>
</general>
<round no="0"><action no="1" player="oreiasccp" type="15" sum="5"/>
<action no="2" player="BahTOBUK" type="15" discard="1" dealt="1" sum="5"/>
<action no="3" player="bossbleak418" type="15" discard="1" dealt="1" sum="5"/>
<action no="4" player="oreiasccp" type="1" sum="15"/>
<action no="5" player="BahTOBUK" type="2" discard="1" dealt="1" sum="30"/>
</round>
<round no="1"><cards type="Pocket" player="bossbleak418">X X</cards>
<cards type="Pocket" player="BahTOBUK">X X</cards>
<cards type="Pocket" player="oreiasccp">C9 C2</cards>
<action no="6" player="bossbleak418" type="23" discard="1" dealt="1" sum="60"/>
<action no="7" player="oreiasccp" type="0" sum="0"/>
<action no="8" player="BahTOBUK" type="0" discard="1" dealt="1" sum="0"/>
</round>
</game>
<game gamecode="11516726046"><general><startdate>2025-06-17 06:21:29</startdate>
<round>1</round>
<failsafecounter/>
<players><player seat="10" name="bossbleak418" chips="565" dealer="0" win="0" bet="35" muck="1" rebuy="0" addon="0" merge="0" rebuychips="0" reg_code="8385474928"/>
<player seat="3" name="oreiasccp" chips="480" dealer="1" win="0" bet="5" muck="1" rebuy="0" addon="0" merge="0" rebuychips="0" reg_code="8385474911"/>
<player seat="6" name="BahTOBUK" chips="455" dealer="0" win="75" bet="80" muck="1" rebuy="0" addon="0" merge="0" rebuychips="0" reg_code="8385474909"/>
</players>
</general>
<round no="0"><action no="1" player="BahTOBUK" type="15" discard="1" dealt="1" sum="5"/>
<action no="2" player="bossbleak418" type="15" discard="1" dealt="1" sum="5"/>
<action no="3" player="oreiasccp" type="15" sum="5"/>
<action no="4" player="BahTOBUK" type="1" discard="1" dealt="1" sum="15"/>
<action no="5" player="bossbleak418" type="2" discard="1" dealt="1" sum="30"/>
</round>
<round no="1"><cards type="Pocket" player="bossbleak418">X X</cards>
<cards type="Pocket" player="oreiasccp">C10 D4</cards>
<cards type="Pocket" player="BahTOBUK">X X</cards>
<action no="6" player="oreiasccp" type="0" sum="0"/>
<action no="7" player="BahTOBUK" type="23" discard="1" dealt="1" sum="75"/>
<action no="8" player="bossbleak418" type="0" discard="1" dealt="1" sum="0"/>
</round>
</game>
<game gamecode="11516728368"><general><startdate>2025-06-17 06:21:42</startdate>
<round>1</round>
<failsafecounter/>
<players><player seat="3" name="oreiasccp" chips="475" dealer="0" win="0" bet="65" muck="1" rebuy="0" addon="0" merge="0" rebuychips="0" reg_code="8385474911"/>
<player seat="6" name="BahTOBUK" chips="495" dealer="1" win="150" bet="105" muck="1" rebuy="0" addon="0" merge="0" rebuychips="0" reg_code="8385474909"/>
<player seat="10" name="bossbleak418" chips="530" dealer="0" win="0" bet="20" muck="1" rebuy="0" addon="0" merge="0" rebuychips="0" reg_code="8385474928"/>
</players>
</general>
<round no="0"><action no="1" player="bossbleak418" type="15" discard="1" dealt="1" sum="5"/>
<action no="2" player="oreiasccp" type="15" sum="5"/>
<action no="3" player="BahTOBUK" type="15" discard="1" dealt="1" sum="5"/>
<action no="4" player="bossbleak418" type="1" discard="1" dealt="1" sum="15"/>
<action no="5" player="oreiasccp" type="2" sum="30"/>
</round>
<round no="1"><cards type="Pocket" player="bossbleak418">X X</cards>
<cards type="Pocket" player="oreiasccp">H10 HJ</cards>
<cards type="Pocket" player="BahTOBUK">X X</cards>
<action no="6" player="BahTOBUK" type="23" discard="1" dealt="1" sum="60"/>
<action no="7" player="bossbleak418" type="0" discard="1" dealt="1" sum="0"/>
<action no="8" player="oreiasccp" type="3" sum="30"/>
</round>
<round no="2"><cards type="Flop">C9 CA S9</cards>
<action no="9" player="oreiasccp" type="4" sum="0"/>
<action no="10" player="BahTOBUK" type="5" discard="1" dealt="1" sum="40"/>
<action no="11" player="oreiasccp" type="0" sum="0"/>
</round>
</game>
<game gamecode="11516728414"><general><startdate>2025-06-17 06:22:02</startdate>
<round>1</round>
<failsafecounter/>
<players><player seat="6" name="BahTOBUK" chips="580" dealer="0" win="0" bet="35" muck="1" rebuy="0" addon="0" merge="0" rebuychips="0" reg_code="8385474909"/>
<player seat="10" name="bossbleak418" chips="510" dealer="1" win="90" bet="65" muck="1" rebuy="0" addon="0" merge="0" rebuychips="0" reg_code="8385474928"/>
<player seat="3" name="oreiasccp" chips="410" dealer="0" win="0" bet="20" muck="1" rebuy="0" addon="0" merge="0" rebuychips="0" reg_code="8385474911"/>
</players>
</general>
<round no="0"><action no="1" player="oreiasccp" type="15" sum="5"/>
<action no="2" player="BahTOBUK" type="15" discard="1" dealt="1" sum="5"/>
<action no="3" player="bossbleak418" type="15" discard="1" dealt="1" sum="5"/>
<action no="4" player="oreiasccp" type="1" sum="15"/>
<action no="5" player="BahTOBUK" type="2" discard="1" dealt="1" sum="30"/>
</round>
<round no="1"><cards type="Pocket" player="BahTOBUK">X X</cards>
<cards type="Pocket" player="bossbleak418">X X</cards>
<cards type="Pocket" player="oreiasccp">D4 H10</cards>
<action no="6" player="bossbleak418" type="3" discard="1" dealt="1" sum="30"/>
<action no="7" player="oreiasccp" type="0" sum="0"/>
<action no="8" player="BahTOBUK" type="4" discard="1" dealt="1" sum="0"/>
</round>
<round no="2"><cards type="Flop">CQ D8 CJ</cards>
<action no="9" player="BahTOBUK" type="4" discard="1" dealt="1" sum="0"/>
<action no="10" player="bossbleak418" type="4" discard="1" dealt="1" sum="0"/>
</round>
<round no="3"><cards type="Turn">H3</cards>
<action no="11" player="BahTOBUK" type="4" discard="1" dealt="1" sum="0"/>
<action no="12" player="bossbleak418" type="5" discard="1" dealt="1" sum="30"/>
<action no="13" player="BahTOBUK" type="0" discard="1" dealt="1" sum="0"/>
</round>
</game>
<game gamecode="11516728479"><general><startdate>2025-06-17 06:22:32</startdate>
<round>1</round>
<failsafecounter/>
<players><player seat="10" name="bossbleak418" chips="565" dealer="0" win="547" bet="545" muck="0" rebuy="0" addon="0" merge="0" rebuychips="0" reg_code="8385474928"/>
<player seat="3" name="oreiasccp" chips="390" dealer="1" win="0" bet="5" muck="1" rebuy="0" addon="0" merge="0" rebuychips="0" reg_code="8385474911"/>
<player seat="6" name="BahTOBUK" chips="545" dealer="0" win="548" bet="545" muck="0" rebuy="0" addon="0" merge="0" rebuychips="0" reg_code="8385474909"/>
</players>
</general>
<round no="0"><action no="1" player="BahTOBUK" type="15" discard="1" dealt="1" sum="5"/>
<action no="2" player="bossbleak418" type="15" discard="1" dealt="1" sum="5"/>
<action no="3" player="oreiasccp" type="15" sum="5"/>
<action no="4" player="BahTOBUK" type="1" discard="1" dealt="1" sum="15"/>
<action no="5" player="bossbleak418" type="2" discard="1" dealt="1" sum="30"/>
</round>
<round no="1"><cards type="Pocket" player="BahTOBUK">S6 SQ</cards>
<cards type="Pocket" player="bossbleak418">C6 HQ</cards>
<cards type="Pocket" player="oreiasccp">C3 C7</cards>
<action no="6" player="oreiasccp" type="0" sum="0"/>
<action no="7" player="BahTOBUK" type="23" discard="1" dealt="1" sum="60"/>
<action no="8" player="bossbleak418" type="3" discard="1" dealt="1" sum="30"/>
</round>
<round no="2"><cards type="Flop">D3 DQ S9</cards>
<action no="9" player="BahTOBUK" type="4" discard="1" dealt="1" sum="0"/>
<action no="10" player="bossbleak418" type="4" discard="1" dealt="1" sum="0"/>
</round>
<round no="3"><cards type="Turn">CQ</cards>
<action no="11" player="BahTOBUK" type="5" discard="1" dealt="1" sum="101"/>
<action no="12" player="bossbleak418" type="23" discard="1" dealt="1" sum="202"/>
<action no="13" player="BahTOBUK" type="23" discard="1" dealt="1" sum="480"/>
<action no="14" player="bossbleak418" type="3" discard="1" dealt="1" sum="278"/>
</round>
<round no="4"><cards type="River">H10</cards>
</round>
</game>
<game gamecode="11516728559"><general><startdate>2025-06-17 06:23:12</startdate>
<round>1</round>
<failsafecounter/>
<players><player seat="3" name="oreiasccp" chips="385" dealer="0" win="0" bet="45" muck="1" rebuy="0" addon="0" merge="0" rebuychips="0" reg_code="8385474911"/>
<player seat="6" name="BahTOBUK" chips="548" dealer="1" win="0" bet="5" muck="1" rebuy="0" addon="0" merge="0" rebuychips="0" reg_code="8385474909"/>
<player seat="10" name="bossbleak418" chips="567" dealer="0" win="95" bet="125" muck="1" rebuy="0" addon="0" merge="0" rebuychips="0" reg_code="8385474928"/>
</players>
</general>
<round no="0"><action no="1" player="bossbleak418" type="15" discard="1" dealt="1" sum="5"/>
<action no="2" player="oreiasccp" type="15" sum="5"/>
<action no="3" player="BahTOBUK" type="15" discard="1" dealt="1" sum="5"/>
<action no="4" player="bossbleak418" type="1" discard="1" dealt="1" sum="20"/>
<action no="5" player="oreiasccp" type="2" sum="40"/>
</round>
<round no="1"><cards type="Pocket" player="BahTOBUK">X X</cards>
<cards type="Pocket" player="oreiasccp">C8 H9</cards>
<cards type="Pocket" player="bossbleak418">X X</cards>
<action no="6" player="BahTOBUK" type="0" discard="1" dealt="1" sum="0"/>
<action no="7" player="bossbleak418" type="3" discard="1" dealt="1" sum="20"/>
<action no="8" player="oreiasccp" type="4" sum="0"/>
</round>
<round no="2"><cards type="Flop">H3 C7 S10</cards>
<action no="9" player="bossbleak418" type="4" discard="1" dealt="1" sum="0"/>
<action no="10" player="oreiasccp" type="4" sum="0"/>
</round>
<round no="3"><cards type="Turn">SK</cards>
<action no="11" player="bossbleak418" type="4" discard="1" dealt="1" sum="0"/>
<action no="12" player="oreiasccp" type="4" sum="0"/>
</round>
<round no="4"><cards type="River">HA</cards>
<action no="13" player="bossbleak418" type="5" discard="1" dealt="1" sum="80"/>
<action no="14" player="oreiasccp" type="0" sum="0"/>
</round>
</game>
<game gamecode="11516728635"><general><startdate>2025-06-17 06:23:50</startdate>
<round>1</round>
<failsafecounter/>
<players><player seat="6" name="BahTOBUK" chips="543" dealer="0" win="0" bet="45" muck="1" rebuy="0" addon="0" merge="0" rebuychips="0" reg_code="8385474909"/>
<player seat="10" name="bossbleak418" chips="617" dealer="1" win="0" bet="5" muck="1" rebuy="0" addon="0" merge="0" rebuychips="0" reg_code="8385474928"/>
<player seat="3" name="oreiasccp" chips="340" dealer="0" win="95" bet="340" muck="1" rebuy="0" addon="0" merge="0" rebuychips="0" reg_code="8385474911"/>
</players>
</general>
<round no="0"><action no="1" player="oreiasccp" type="15" sum="5"/>
<action no="2" player="BahTOBUK" type="15" discard="1" dealt="1" sum="5"/>
<action no="3" player="bossbleak418" type="15" discard="1" dealt="1" sum="5"/>
<action no="4" player="oreiasccp" type="1" sum="20"/>
<action no="5" player="BahTOBUK" type="2" discard="1" dealt="1" sum="40"/>
</round>
<round no="1"><cards type="Pocket" player="bossbleak418">X X</cards>
<cards type="Pocket" player="oreiasccp">S7 DQ</cards>
<cards type="Pocket" player="BahTOBUK">X X</cards>
<action no="6" player="bossbleak418" type="0" discard="1" dealt="1" sum="0"/>
<action no="7" player="oreiasccp" type="23" sum="335"/>
<action no="8" player="BahTOBUK" type="0" discard="1" dealt="1" sum="0"/>
</round>
</game>
<game gamecode="11516728659"><general><startdate>2025-06-17 06:24:02</startdate>
<round>1</round>
<failsafecounter/>
<players><player seat="10" name="bossbleak418" chips="612" dealer="0" win="55" bet="45" muck="1" rebuy="0" addon="0" merge="0" rebuychips="0" reg_code="8385474928"/>
<player seat="3" name="oreiasccp" chips="390" dealer="1" win="0" bet="5" muck="1" rebuy="0" addon="0" merge="0" rebuychips="0" reg_code="8385474911"/>
<player seat="6" name="BahTOBUK" chips="498" dealer="0" win="0" bet="25" muck="1" rebuy="0" addon="0" merge="0" rebuychips="0" reg_code="8385474909"/>
</players>
</general>
<round no="0"><action no="1" player="BahTOBUK" type="15" discard="1" dealt="1" sum="5"/>
<action no="2" player="bossbleak418" type="15" discard="1" dealt="1" sum="5"/>
<action no="3" player="oreiasccp" type="15" sum="5"/>
<action no="4" player="BahTOBUK" type="1" discard="1" dealt="1" sum="20"/>
<action no="5" player="bossbleak418" type="2" discard="1" dealt="1" sum="40"/>
</round>
<round no="1"><cards type="Pocket" player="oreiasccp">H9 D7</cards>
<cards type="Pocket" player="BahTOBUK">X X</cards>
<cards type="Pocket" player="bossbleak418">X X</cards>
<action no="6" player="oreiasccp" type="0" sum="0"/>
<action no="7" player="BahTOBUK" type="0" discard="1" dealt="1" sum="0"/>
</round>
</game>
<game gamecode="11516728673"><general><startdate>2025-06-17 06:24:10</startdate>
<round>1</round>
<failsafecounter/>
<players><player seat="3" name="oreiasccp" chips="385" dealer="0" win="95" bet="85" muck="1" rebuy="0" addon="0" merge="0" rebuychips="0" reg_code="8385474911"/>
<player seat="6" name="BahTOBUK" chips="473" dealer="1" win="0" bet="5" muck="1" rebuy="0" addon="0" merge="0" rebuychips="0" reg_code="8385474909"/>
<player seat="10" name="bossbleak418" chips="642" dealer="0" win="0" bet="45" muck="1" rebuy="0" addon="0" merge="0" rebuychips="0" reg_code="8385474928"/>
</players>
</general>
<round no="0"><action no="1" player="bossbleak418" type="15" discard="1" dealt="1" sum="5"/>
<action no="2" player="oreiasccp" type="15" sum="5"/>
<action no="3" player="BahTOBUK" type="15" discard="1" dealt="1" sum="5"/>
<action no="4" player="bossbleak418" type="1" discard="1" dealt="1" sum="20"/>
<action no="5" player="oreiasccp" type="2" sum="40"/>
</round>
<round no="1"><cards type="Pocket" player="bossbleak418">X X</cards>
<cards type="Pocket" player="BahTOBUK">X X</cards>
<cards type="Pocket" player="oreiasccp">S10 H2</cards>
<action no="6" player="BahTOBUK" type="0" discard="1" dealt="1" sum="0"/>
<action no="7" player="bossbleak418" type="3" discard="1" dealt="1" sum="20"/>
<action no="8" player="oreiasccp" type="4" sum="0"/>
</round>
<round no="2"><cards type="Flop">C6 H5 SK</cards>
<action no="9" player="bossbleak418" type="4" discard="1" dealt="1" sum="0"/>
<action no="10" player="oreiasccp" type="5" sum="40"/>
<action no="11" player="bossbleak418" type="0" discard="1" dealt="1" sum="0"/>
</round>
</game>
<game gamecode="11516728708"><general><startdate>2025-06-17 06:24:27</startdate>
<round>1</round>
<failsafecounter/>
<players><player seat="6" name="BahTOBUK" chips="468" dealer="0" win="0" bet="435" muck="1" rebuy="0" addon="0" merge="0" rebuychips="0" reg_code="8385474909"/>
<player seat="10" name="bossbleak418" chips="597" dealer="1" win="0" bet="5" muck="1" rebuy="0" addon="0" merge="0" rebuychips="0" reg_code="8385474928"/>
<player seat="3" name="oreiasccp" chips="435" dealer="0" win="875" bet="435" muck="0" rebuy="0" addon="0" merge="0" rebuychips="0" reg_code="8385474911"/>
</players>
</general>
<round no="0"><action no="1" player="oreiasccp" type="15" sum="5"/>
<action no="2" player="BahTOBUK" type="15" discard="1" dealt="1" sum="5"/>
<action no="3" player="bossbleak418" type="15" discard="1" dealt="1" sum="5"/>
<action no="4" player="oreiasccp" type="1" sum="20"/>
<action no="5" player="BahTOBUK" type="2" discard="1" dealt="1" sum="40"/>
</round>
<round no="1"><cards type="Pocket" player="oreiasccp">S6 D6</cards>
<cards type="Pocket" player="bossbleak418">X X</cards>
<cards type="Pocket" player="BahTOBUK">SK CJ</cards>
<action no="6" player="bossbleak418" type="0" discard="1" dealt="1" sum="0"/>
<action no="7" player="oreiasccp" type="23" sum="430"/>
<action no="8" player="BahTOBUK" type="3" discard="1" dealt="1" sum="390"/>
</round>
<round no="2"><cards type="Flop">SA D4 C4</cards>
</round>
<round no="3"><cards type="Turn">C3</cards>
</round>
<round no="4"><cards type="River">C6</cards>
</round>
</game>
<game gamecode="11516728755"><general><startdate>2025-06-17 06:24:46</startdate>
<round>1</round>
<failsafecounter/>
<players><player seat="10" name="bossbleak418" chips="592" dealer="0" win="0" bet="45" muck="0" rebuy="0" addon="0" merge="0" rebuychips="0" reg_code="8385474928"/>
<player seat="3" name="oreiasccp" chips="875" dealer="1" win="0" bet="5" muck="1" rebuy="0" addon="0" merge="0" rebuychips="0" reg_code="8385474911"/>
<player seat="6" name="BahTOBUK" chips="33" dealer="0" win="71" bet="33" muck="0" rebuy="0" addon="0" merge="0" rebuychips="0" reg_code="8385474909"/>
</players>
</general>
<round no="0"><action no="1" player="BahTOBUK" type="15" discard="1" dealt="1" sum="5"/>
<action no="2" player="bossbleak418" type="15" discard="1" dealt="1" sum="5"/>
<action no="3" player="oreiasccp" type="15" sum="5"/>
<action no="4" player="BahTOBUK" type="1" discard="1" dealt="1" sum="20"/>
<action no="5" player="bossbleak418" type="2" discard="1" dealt="1" sum="40"/>
</round>
<round no="1"><cards type="Pocket" player="BahTOBUK">C6 S3</cards>
<cards type="Pocket" player="bossbleak418">DA D10</cards>
<cards type="Pocket" player="oreiasccp">D4 H5</cards>
<action no="6" player="oreiasccp" type="0" sum="0"/>
<action no="7" player="BahTOBUK" type="7" discard="1" dealt="1" sum="8"/>
</round>
<round no="2"><cards type="Flop">D6 D5 H7</cards>
</round>
<round no="3"><cards type="Turn">S4</cards>
</round>
<round no="4"><cards type="River">H2</cards>
</round>
</game>
<game gamecode="11516728789"><general><startdate>2025-06-17 06:25:03</startdate>
<round>1</round>
<failsafecounter/>
<players><player seat="3" name="oreiasccp" chips="870" dealer="0" win="0" bet="45" muck="1" rebuy="0" addon="0" merge="0" rebuychips="0" reg_code="8385474911"/>
<player seat="6" name="BahTOBUK" chips="71" dealer="1" win="0" bet="5" muck="1" rebuy="0" addon="0" merge="0" rebuychips="0" reg_code="8385474909"/>
<player seat="10" name="bossbleak418" chips="559" dealer="0" win="95" bet="85" muck="1" rebuy="0" addon="0" merge="0" rebuychips="0" reg_code="8385474928"/>
</players>
</general>
<round no="0"><action no="1" player="bossbleak418" type="15" discard="1" dealt="1" sum="5"/>
<action no="2" player="oreiasccp" type="15" sum="5"/>
<action no="3" player="BahTOBUK" type="15" discard="1" dealt="1" sum="5"/>
<action no="4" player="bossbleak418" type="1" discard="1" dealt="1" sum="20"/>
<action no="5" player="oreiasccp" type="2" sum="40"/>
</round>
<round no="1"><cards type="Pocket" player="bossbleak418">X X</cards>
<cards type="Pocket" player="oreiasccp">H4 CQ</cards>
<cards type="Pocket" player="BahTOBUK">X X</cards>
<action no="6" player="BahTOBUK" type="0" discard="1" dealt="1" sum="0"/>
<action no="7" player="bossbleak418" type="23" discard="1" dealt="1" sum="80"/>
<action no="8" player="oreiasccp" type="0" sum="0"/>
</round>
</game>
<game gamecode="11516728815"><general><startdate>2025-06-17 06:25:13</startdate>
<round>1</round>
<failsafecounter/>
<players><player seat="6" name="BahTOBUK" chips="66" dealer="0" win="0" bet="66" muck="1" rebuy="0" addon="0" merge="0" rebuychips="0" reg_code="8385474909"/>
<player seat="10" name="bossbleak418" chips="609" dealer="1" win="0" bet="65" muck="1" rebuy="0" addon="0" merge="0" rebuychips="0" reg_code="8385474928"/>
<player seat="3" name="oreiasccp" chips="825" dealer="0" win="197" bet="609" muck="0" rebuy="0" addon="0" merge="0" rebuychips="0" reg_code="8385474911"/>
</players>
</general>
<round no="0"><action no="1" player="oreiasccp" type="15" sum="5"/>
<action no="2" player="BahTOBUK" type="15" discard="1" dealt="1" sum="5"/>
<action no="3" player="bossbleak418" type="15" discard="1" dealt="1" sum="5"/>
<action no="4" player="oreiasccp" type="1" sum="30"/>
<action no="5" player="BahTOBUK" type="2" discard="1" dealt="1" sum="60"/>
</round>
<round no="1"><cards type="Pocket" player="BahTOBUK">D2 C8</cards>
<cards type="Pocket" player="bossbleak418">X X</cards>
<cards type="Pocket" player="oreiasccp">SQ HK</cards>
<action no="6" player="bossbleak418" type="3" discard="1" dealt="1" sum="60"/>
<action no="7" player="oreiasccp" type="23" sum="604"/>
<action no="8" player="BahTOBUK" type="7" discard="1" dealt="1" sum="1"/>
<action no="9" player="bossbleak418" type="0" discard="1" dealt="1" sum="0"/>
</round>
<round no="2"><cards type="Flop">D4 S4 H9</cards>
</round>
<round no="3"><cards type="Turn">D3</cards>
</round>
<round no="4"><cards type="River">SA</cards>
</round>
</game>
<game gamecode="11516728861"><general><startdate>2025-06-17 06:25:36</startdate>
<round>1</round>
<failsafecounter/>
<players><player seat="10" name="bossbleak418" chips="544" dealer="0" win="70" bet="65" muck="1" rebuy="0" addon="0" merge="0" rebuychips="0" reg_code="8385474928"/>
<player seat="3" name="oreiasccp" chips="956" dealer="1" win="0" bet="35" muck="1" rebuy="0" addon="0" merge="0" rebuychips="0" reg_code="8385474911"/>
</players>
</general>
<round no="0"><action no="1" player="oreiasccp" type="15" sum="5"/>
<action no="2" player="bossbleak418" type="15" discard="1" dealt="1" sum="5"/>
<action no="3" player="oreiasccp" type="1" sum="30"/>
<action no="4" player="bossbleak418" type="2" discard="1" dealt="1" sum="60"/>
</round>
<round no="1"><cards type="Pocket" player="bossbleak418">X X</cards>
<cards type="Pocket" player="oreiasccp">S3 H9</cards>
<action no="5" player="oreiasccp" type="0" sum="0"/>
</round>
</game>
<game gamecode="11516728871"><general><startdate>2025-06-17 06:25:41</startdate>
<round>1</round>
<failsafecounter/>
<players><player seat="3" name="oreiasccp" chips="921" dealer="0" win="0" bet="65" muck="1" rebuy="0" addon="0" merge="0" rebuychips="0" reg_code="8385474911"/>
<player seat="10" name="bossbleak418" chips="579" dealer="1" win="130" bet="125" muck="1" rebuy="0" addon="0" merge="0" rebuychips="0" reg_code="8385474928"/>
</players>
</general>
<round no="0"><action no="1" player="bossbleak418" type="15" discard="1" dealt="1" sum="5"/>
<action no="2" player="oreiasccp" type="15" sum="5"/>
<action no="3" player="bossbleak418" type="1" discard="1" dealt="1" sum="30"/>
<action no="4" player="oreiasccp" type="2" sum="60"/>
</round>
<round no="1"><cards type="Pocket" player="bossbleak418">X X</cards>
<cards type="Pocket" player="oreiasccp">C2 H3</cards>
<action no="5" player="bossbleak418" type="23" discard="1" dealt="1" sum="120"/>
<action no="6" player="oreiasccp" type="0" sum="0"/>
</round>
</game>
<game gamecode="11516728889"><general><startdate>2025-06-17 06:25:48</startdate>
<round>1</round>
<failsafecounter/>
<players><player seat="10" name="bossbleak418" chips="644" dealer="0" win="70" bet="65" muck="1" rebuy="0" addon="0" merge="0" rebuychips="0" reg_code="8385474928"/>
<player seat="3" name="oreiasccp" chips="856" dealer="1" win="0" bet="35" muck="1" rebuy="0" addon="0" merge="0" rebuychips="0" reg_code="8385474911"/>
</players>
</general>
<round no="0"><action no="1" player="oreiasccp" type="15" sum="5"/>
<action no="2" player="bossbleak418" type="15" discard="1" dealt="1" sum="5"/>
<action no="3" player="oreiasccp" type="1" sum="30"/>
<action no="4" player="bossbleak418" type="2" discard="1" dealt="1" sum="60"/>
</round>
<round no="1"><cards type="Pocket" player="oreiasccp">C4 H3</cards>
<cards type="Pocket" player="bossbleak418">X X</cards>
<action no="5" player="oreiasccp" type="0" sum="0"/>
</round>
</game>
<game gamecode="11516728902"><general><startdate>2025-06-17 06:25:53</startdate>
<round>1</round>
<failsafecounter/>
<players><player seat="3" name="oreiasccp" chips="821" dealer="0" win="70" bet="65" muck="1" rebuy="0" addon="0" merge="0" rebuychips="0" reg_code="8385474911"/>
<player seat="10" name="bossbleak418" chips="679" dealer="1" win="0" bet="35" muck="1" rebuy="0" addon="0" merge="0" rebuychips="0" reg_code="8385474928"/>
</players>
</general>
<round no="0"><action no="1" player="bossbleak418" type="15" discard="1" dealt="1" sum="5"/>
<action no="2" player="oreiasccp" type="15" sum="5"/>
<action no="3" player="bossbleak418" type="1" discard="1" dealt="1" sum="30"/>
<action no="4" player="oreiasccp" type="2" sum="60"/>
</round>
<round no="1"><cards type="Pocket" player="oreiasccp">SA D7</cards>
<cards type="Pocket" player="bossbleak418">X X</cards>
<action no="5" player="bossbleak418" type="0" discard="1" dealt="1" sum="0"/>
</round>
</game>
<game gamecode="11516728919"><general><startdate>2025-06-17 06:26:00</startdate>
<round>1</round>
<failsafecounter/>
<players><player seat="10" name="bossbleak418" chips="644" dealer="0" win="0" bet="644" muck="1" rebuy="0" addon="0" merge="0" rebuychips="0" reg_code="8385474928"/>
<player seat="3" name="oreiasccp" chips="856" dealer="1" win="1,288" bet="644" muck="0" rebuy="0" addon="0" merge="0" rebuychips="0" reg_code="8385474911"/>
</players>
</general>
<round no="0"><action no="1" player="oreiasccp" type="15" sum="5"/>
<action no="2" player="bossbleak418" type="15" discard="1" dealt="1" sum="5"/>
<action no="3" player="oreiasccp" type="1" sum="30"/>
<action no="4" player="bossbleak418" type="2" discard="1" dealt="1" sum="60"/>
</round>
<round no="1"><cards type="Pocket" player="bossbleak418">DA H10</cards>
<cards type="Pocket" player="oreiasccp">H5 SK</cards>
<action no="5" player="oreiasccp" type="23" sum="639"/>
<action no="6" player="bossbleak418" type="7" discard="1" dealt="1" sum="579"/>
</round>
<round no="2"><cards type="Flop">SQ DK H3</cards>
</round>
<round no="3"><cards type="Turn">S4</cards>
</round>
<round no="4"><cards type="River">DQ</cards>
</round>
</game>
</session>
