<?xml version="1.0" encoding="UTF-8"?>
<session sessioncode="8385508766">
<general>
<client_version>24.7.1.16</client_version>
<mode>real</mode>
<gametype>Holdem NL</gametype>
<tablename>Twister €5 SNG, 1127664639</tablename>
<tournamentcode>1127664638</tournamentcode>
<tournamentname>Twister €5 SNG</tournamentname>
<buyin>€0 + €0.35 + €4.65</buyin>
<totalbuyin>€5</totalbuyin>
<rewarddrawn>€10</rewarddrawn>
<tournamentcurrency>EUR</tournamentcurrency>
<currency>EUR</currency>
<nickname>oreiasccp</nickname>
<gamecount>24</gamecount>
<startdate>2025-06-17 09:29:46</startdate>
<place>2</place>
<win>€0</win>
<tablesize>3</tablesize>
</general>
<game gamecode="11516831155"><general><startdate>2025-06-17 09:30:01</startdate>
<round>1</round>
<failsafecounter/>
<players><player seat="6" name="oreiasccp" chips="500" dealer="0" win="0" bet="20" muck="1" rebuy="0" addon="0" merge="0" rebuychips="0" reg_code="8385508766"/>
<player seat="10" name="gasgas" chips="500" dealer="1" win="0" bet="0" muck="1" rebuy="0" addon="0" merge="0" rebuychips="0" reg_code="8385508768"/>
<player seat="3" name="dicebusted138" chips="500" dealer="0" win="40" bet="80" muck="1" rebuy="0" addon="0" merge="0" rebuychips="0" reg_code="8385508752"/>
</players>
</general>
<round no="0"><action no="1" player="dicebusted138" type="1" discard="1" dealt="1" sum="10"/>
<action no="2" player="oreiasccp" type="2" sum="20"/>
</round>
<round no="1"><cards type="Pocket" player="gasgas">X X</cards>
<cards type="Pocket" player="oreiasccp">H5 S10</cards>
<cards type="Pocket" player="dicebusted138">X X</cards>
<action no="3" player="gasgas" type="0" discard="1" dealt="1" sum="0"/>
<action no="4" player="dicebusted138" type="23" discard="1" dealt="1" sum="80"/>
<action no="5" player="oreiasccp" type="0" sum="0"/>
</round>
</game>
<game gamecode="11516831180"><general><startdate>2025-06-17 09:30:10</startdate>
<round>1</round>
<failsafecounter/>
<players><player seat="10" name="gasgas" chips="500" dealer="0" win="0" bet="90" muck="1" rebuy="0" addon="0" merge="0" rebuychips="0" reg_code="8385508768"/>
<player seat="3" name="dicebusted138" chips="520" dealer="1" win="0" bet="0" muck="1" rebuy="0" addon="0" merge="0" rebuychips="0" reg_code="8385508752"/>
<player seat="6" name="oreiasccp" chips="480" dealer="0" win="180" bet="90" muck="0" rebuy="0" addon="0" merge="0" rebuychips="0" reg_code="8385508766"/>
</players>
</general>
<round no="0"><action no="1" player="oreiasccp" type="1" sum="10"/>
<action no="2" player="gasgas" type="2" discard="1" dealt="1" sum="20"/>
</round>
<round no="1"><cards type="Pocket" player="oreiasccp">D3 DA</cards>
<cards type="Pocket" player="dicebusted138">X X</cards>
<cards type="Pocket" player="gasgas">DK H10</cards>
<action no="3" player="dicebusted138" type="0" discard="1" dealt="1" sum="0"/>
<action no="4" player="oreiasccp" type="23" sum="40"/>
<action no="5" player="gasgas" type="3" discard="1" dealt="1" sum="20"/>
</round>
<round no="2"><cards type="Flop">HA H6 S6</cards>
<action no="6" player="oreiasccp" type="5" sum="20"/>
<action no="7" player="gasgas" type="23" discard="1" dealt="1" sum="50"/>
<action no="8" player="oreiasccp" type="3" sum="30"/>
</round>
<round no="3"><cards type="Turn">D5</cards>
<action no="9" player="oreiasccp" type="4" sum="0"/>
<action no="10" player="gasgas" type="4" discard="1" dealt="1" sum="0"/>
</round>
<round no="4"><cards type="River">CK</cards>
<action no="11" player="oreiasccp" type="4" sum="0"/>
<action no="12" player="gasgas" type="4" discard="1" dealt="1" sum="0"/>
</round>
</game>
<game gamecode="11516831272"><general><startdate>2025-06-17 09:30:42</startdate>
<round>1</round>
<failsafecounter/>
<players><player seat="3" name="dicebusted138" chips="520" dealer="0" win="20" bet="20" muck="1" rebuy="0" addon="0" merge="0" rebuychips="0" reg_code="8385508752"/>
<player seat="6" name="oreiasccp" chips="570" dealer="1" win="0" bet="0" muck="1" rebuy="0" addon="0" merge="0" rebuychips="0" reg_code="8385508766"/>
<player seat="10" name="gasgas" chips="410" dealer="0" win="0" bet="10" muck="1" rebuy="0" addon="0" merge="0" rebuychips="0" reg_code="8385508768"/>
</players>
</general>
<round no="0"><action no="1" player="gasgas" type="1" discard="1" dealt="1" sum="10"/>
<action no="2" player="dicebusted138" type="2" discard="1" dealt="1" sum="20"/>
</round>
<round no="1"><cards type="Pocket" player="dicebusted138">X X</cards>
<cards type="Pocket" player="gasgas">X X</cards>
<cards type="Pocket" player="oreiasccp">D5 CK</cards>
<action no="3" player="oreiasccp" type="0" sum="0"/>
<action no="4" player="gasgas" type="0" discard="1" dealt="1" sum="0"/>
</round>
</game>
<game gamecode="11516831298"><general><startdate>2025-06-17 09:30:50</startdate>
<round>1</round>
<failsafecounter/>
<players><player seat="6" name="oreiasccp" chips="570" dealer="0" win="0" bet="20" muck="1" rebuy="0" addon="0" merge="0" rebuychips="0" reg_code="8385508766"/>
<player seat="10" name="gasgas" chips="400" dealer="1" win="50" bet="40" muck="1" rebuy="0" addon="0" merge="0" rebuychips="0" reg_code="8385508768"/>
<player seat="3" name="dicebusted138" chips="530" dealer="0" win="0" bet="10" muck="1" rebuy="0" addon="0" merge="0" rebuychips="0" reg_code="8385508752"/>
</players>
</general>
<round no="0"><action no="1" player="dicebusted138" type="1" discard="1" dealt="1" sum="10"/>
<action no="2" player="oreiasccp" type="2" sum="20"/>
</round>
<round no="1"><cards type="Pocket" player="gasgas">X X</cards>
<cards type="Pocket" player="dicebusted138">X X</cards>
<cards type="Pocket" player="oreiasccp">H2 S9</cards>
<action no="3" player="gasgas" type="23" discard="1" dealt="1" sum="40"/>
<action no="4" player="dicebusted138" type="0" discard="1" dealt="1" sum="0"/>
<action no="5" player="oreiasccp" type="0" sum="0"/>
</round>
</game>
<game gamecode="11516831333"><general><startdate>2025-06-17 09:31:00</startdate>
<round>1</round>
<failsafecounter/>
<players><player seat="10" name="gasgas" chips="430" dealer="0" win="0" bet="20" muck="1" rebuy="0" addon="0" merge="0" rebuychips="0" reg_code="8385508768"/>
<player seat="3" name="dicebusted138" chips="520" dealer="1" win="50" bet="520" muck="1" rebuy="0" addon="0" merge="0" rebuychips="0" reg_code="8385508752"/>
<player seat="6" name="oreiasccp" chips="550" dealer="0" win="0" bet="10" muck="1" rebuy="0" addon="0" merge="0" rebuychips="0" reg_code="8385508766"/>
</players>
</general>
<round no="0"><action no="1" player="oreiasccp" type="1" sum="10"/>
<action no="2" player="gasgas" type="2" discard="1" dealt="1" sum="20"/>
</round>
<round no="1"><cards type="Pocket" player="oreiasccp">S5 H9</cards>
<cards type="Pocket" player="dicebusted138">X X</cards>
<cards type="Pocket" player="gasgas">X X</cards>
<action no="3" player="dicebusted138" type="23" discard="1" dealt="1" sum="520"/>
<action no="4" player="oreiasccp" type="0" sum="0"/>
<action no="5" player="gasgas" type="0" discard="1" dealt="1" sum="0"/>
</round>
</game>
<game gamecode="11516831372"><general><startdate>2025-06-17 09:31:13</startdate>
<round>1</round>
<failsafecounter/>
<players><player seat="3" name="dicebusted138" chips="550" dealer="0" win="0" bet="137" muck="1" rebuy="0" addon="0" merge="0" rebuychips="0" reg_code="8385508752"/>
<player seat="6" name="oreiasccp" chips="540" dealer="1" win="0" bet="0" muck="1" rebuy="0" addon="0" merge="0" rebuychips="0" reg_code="8385508766"/>
<player seat="10" name="gasgas" chips="410" dealer="0" win="274" bet="410" muck="1" rebuy="0" addon="0" merge="0" rebuychips="0" reg_code="8385508768"/>
</players>
</general>
<round no="0"><action no="1" player="gasgas" type="1" discard="1" dealt="1" sum="10"/>
<action no="2" player="dicebusted138" type="2" discard="1" dealt="1" sum="20"/>
</round>
<round no="1"><cards type="Pocket" player="oreiasccp">CK D4</cards>
<cards type="Pocket" player="gasgas">X X</cards>
<cards type="Pocket" player="dicebusted138">X X</cards>
<action no="3" player="oreiasccp" type="0" sum="0"/>
<action no="4" player="gasgas" type="23" discard="1" dealt="1" sum="50"/>
<action no="5" player="dicebusted138" type="3" discard="1" dealt="1" sum="30"/>
</round>
<round no="2"><cards type="Flop">HA SA H6</cards>
<action no="6" player="gasgas" type="5" discard="1" dealt="1" sum="33"/>
<action no="7" player="dicebusted138" type="3" discard="1" dealt="1" sum="33"/>
</round>
<round no="3"><cards type="Turn">H4</cards>
<action no="8" player="gasgas" type="5" discard="1" dealt="1" sum="54"/>
<action no="9" player="dicebusted138" type="3" discard="1" dealt="1" sum="54"/>
</round>
<round no="4"><cards type="River">D7</cards>
<action no="10" player="gasgas" type="5" discard="1" dealt="1" sum="273"/>
<action no="11" player="dicebusted138" type="0" discard="1" dealt="1" sum="0"/>
</round>
</game>
<game gamecode="11516831451"><general><startdate>2025-06-17 09:31:39</startdate>
<round>1</round>
<failsafecounter/>
<players><player seat="6" name="oreiasccp" chips="540" dealer="0" win="0" bet="20" muck="1" rebuy="0" addon="0" merge="0" rebuychips="0" reg_code="8385508766"/>
<player seat="10" name="gasgas" chips="547" dealer="1" win="0" bet="40" muck="1" rebuy="0" addon="0" merge="0" rebuychips="0" reg_code="8385508768"/>
<player seat="3" name="dicebusted138" chips="413" dealer="0" win="100" bet="80" muck="1" rebuy="0" addon="0" merge="0" rebuychips="0" reg_code="8385508752"/>
</players>
</general>
<round no="0"><action no="1" player="dicebusted138" type="1" discard="1" dealt="1" sum="10"/>
<action no="2" player="oreiasccp" type="2" sum="20"/>
</round>
<round no="1"><cards type="Pocket" player="gasgas">X X</cards>
<cards type="Pocket" player="oreiasccp">S4 H10</cards>
<cards type="Pocket" player="dicebusted138">X X</cards>
<action no="3" player="gasgas" type="23" discard="1" dealt="1" sum="40"/>
<action no="4" player="dicebusted138" type="23" discard="1" dealt="1" sum="80"/>
<action no="5" player="oreiasccp" type="0" sum="0"/>
<action no="6" player="gasgas" type="0" discard="1" dealt="1" sum="0"/>
</round>
</game>
<game gamecode="11516831489"><general><startdate>2025-06-17 09:31:51</startdate>
<round>1</round>
<failsafecounter/>
<players><player seat="10" name="gasgas" chips="507" dealer="0" win="0" bet="20" muck="1" rebuy="0" addon="0" merge="0" rebuychips="0" reg_code="8385508768"/>
<player seat="3" name="dicebusted138" chips="473" dealer="1" win="50" bet="473" muck="1" rebuy="0" addon="0" merge="0" rebuychips="0" reg_code="8385508752"/>
<player seat="6" name="oreiasccp" chips="520" dealer="0" win="0" bet="10" muck="1" rebuy="0" addon="0" merge="0" rebuychips="0" reg_code="8385508766"/>
</players>
</general>
<round no="0"><action no="1" player="oreiasccp" type="1" sum="10"/>
<action no="2" player="gasgas" type="2" discard="1" dealt="1" sum="20"/>
</round>
<round no="1"><cards type="Pocket" player="gasgas">X X</cards>
<cards type="Pocket" player="dicebusted138">X X</cards>
<cards type="Pocket" player="oreiasccp">S9 C3</cards>
<action no="3" player="dicebusted138" type="23" discard="1" dealt="1" sum="473"/>
<action no="4" player="oreiasccp" type="0" sum="0"/>
<action no="5" player="gasgas" type="0" discard="1" dealt="1" sum="0"/>
</round>
</game>
<game gamecode="11516831527"><general><startdate>2025-06-17 09:32:02</startdate>
<round>1</round>
<failsafecounter/>
<players><player seat="3" name="dicebusted138" chips="503" dealer="0" win="0" bet="487" muck="1" rebuy="0" addon="0" merge="0" rebuychips="0" reg_code="8385508752"/>
<player seat="6" name="oreiasccp" chips="510" dealer="1" win="0" bet="5" muck="1" rebuy="0" addon="0" merge="0" rebuychips="0" reg_code="8385508766"/>
<player seat="10" name="gasgas" chips="487" dealer="0" win="979" bet="487" muck="0" rebuy="0" addon="0" merge="0" rebuychips="0" reg_code="8385508768"/>
</players>
</general>
<round no="0"><action no="1" player="gasgas" type="15" discard="1" dealt="1" sum="5"/>
<action no="2" player="dicebusted138" type="15" discard="1" dealt="1" sum="5"/>
<action no="3" player="oreiasccp" type="15" sum="5"/>
<action no="4" player="gasgas" type="1" discard="1" dealt="1" sum="15"/>
<action no="5" player="dicebusted138" type="2" discard="1" dealt="1" sum="30"/>
</round>
<round no="1"><cards type="Pocket" player="oreiasccp">S9 S3</cards>
<cards type="Pocket" player="dicebusted138">HK SJ</cards>
<cards type="Pocket" player="gasgas">CA D2</cards>
<action no="6" player="oreiasccp" type="0" sum="0"/>
<action no="7" player="gasgas" type="23" discard="1" dealt="1" sum="482"/>
<action no="8" player="dicebusted138" type="3" discard="1" dealt="1" sum="452"/>
</round>
<round no="2"><cards type="Flop">C7 H6 H7</cards>
</round>
<round no="3"><cards type="Turn">HQ</cards>
</round>
<round no="4"><cards type="River">S8</cards>
</round>
</game>
<game gamecode="11516831595"><general><startdate>2025-06-17 09:32:25</startdate>
<round>1</round>
<failsafecounter/>
<players><player seat="6" name="oreiasccp" chips="505" dealer="0" win="37" bet="35" muck="0" rebuy="0" addon="0" merge="0" rebuychips="0" reg_code="8385508766"/>
<player seat="10" name="gasgas" chips="979" dealer="1" win="0" bet="5" muck="1" rebuy="0" addon="0" merge="0" rebuychips="0" reg_code="8385508768"/>
<player seat="3" name="dicebusted138" chips="16" dealer="0" win="0" bet="16" muck="0" rebuy="0" addon="0" merge="0" rebuychips="0" reg_code="8385508752"/>
</players>
</general>
<round no="0"><action no="1" player="dicebusted138" type="15" discard="1" dealt="1" sum="5"/>
<action no="2" player="oreiasccp" type="15" sum="5"/>
<action no="3" player="gasgas" type="15" discard="1" dealt="1" sum="5"/>
<action no="4" player="dicebusted138" type="1" discard="1" dealt="1" sum="11"/>
<action no="5" player="oreiasccp" type="2" sum="30"/>
</round>
<round no="1"><cards type="Pocket" player="oreiasccp">D9 DA</cards>
<cards type="Pocket" player="dicebusted138">S2 D4</cards>
<cards type="Pocket" player="gasgas">X X</cards>
<action no="6" player="gasgas" type="0" discard="1" dealt="1" sum="0"/>
</round>
<round no="2"><cards type="Flop">D8 D2 S6</cards>
</round>
<round no="3"><cards type="Turn">D6</cards>
</round>
<round no="4"><cards type="River">D5</cards>
</round>
</game>
<game gamecode="11516831640"><general><startdate>2025-06-17 09:32:42</startdate>
<round>1</round>
<failsafecounter/>
<players><player seat="10" name="gasgas" chips="974" dealer="0" win="70" bet="974" muck="1" rebuy="0" addon="0" merge="0" rebuychips="0" reg_code="8385508768"/>
<player seat="6" name="oreiasccp" chips="526" dealer="1" win="0" bet="35" muck="1" rebuy="0" addon="0" merge="0" rebuychips="0" reg_code="8385508766"/>
</players>
</general>
<round no="0"><action no="1" player="oreiasccp" type="15" sum="5"/>
<action no="2" player="gasgas" type="15" discard="1" dealt="1" sum="5"/>
<action no="3" player="oreiasccp" type="1" sum="15"/>
<action no="4" player="gasgas" type="2" discard="1" dealt="1" sum="30"/>
</round>
<round no="1"><cards type="Pocket" player="oreiasccp">H7 HJ</cards>
<cards type="Pocket" player="gasgas">X X</cards>
<action no="5" player="oreiasccp" type="3" sum="15"/>
<action no="6" player="gasgas" type="23" discard="1" dealt="1" sum="969"/>
<action no="7" player="oreiasccp" type="0" sum="0"/>
</round>
</game>
<game gamecode="11516831667"><general><startdate>2025-06-17 09:32:51</startdate>
<round>1</round>
<failsafecounter/>
<players><player seat="6" name="oreiasccp" chips="491" dealer="0" win="0" bet="65" muck="1" rebuy="0" addon="0" merge="0" rebuychips="0" reg_code="8385508766"/>
<player seat="10" name="gasgas" chips="1,009" dealer="1" win="130" bet="95" muck="1" rebuy="0" addon="0" merge="0" rebuychips="0" reg_code="8385508768"/>
</players>
</general>
<round no="0"><action no="1" player="gasgas" type="15" discard="1" dealt="1" sum="5"/>
<action no="2" player="oreiasccp" type="15" sum="5"/>
<action no="3" player="gasgas" type="1" discard="1" dealt="1" sum="15"/>
<action no="4" player="oreiasccp" type="2" sum="30"/>
</round>
<round no="1"><cards type="Pocket" player="oreiasccp">HQ H6</cards>
<cards type="Pocket" player="gasgas">X X</cards>
<action no="5" player="gasgas" type="23" discard="1" dealt="1" sum="60"/>
<action no="6" player="oreiasccp" type="3" sum="30"/>
</round>
<round no="2"><cards type="Flop">D2 D3 C2</cards>
<action no="7" player="oreiasccp" type="4" sum="0"/>
<action no="8" player="gasgas" type="5" discard="1" dealt="1" sum="30"/>
<action no="9" player="oreiasccp" type="0" sum="0"/>
</round>
</game>
<game gamecode="11516831719"><general><startdate>2025-06-17 09:33:11</startdate>
<round>1</round>
<failsafecounter/>
<players><player seat="10" name="gasgas" chips="1,074" dealer="0" win="0" bet="65" muck="1" rebuy="0" addon="0" merge="0" rebuychips="0" reg_code="8385508768"/>
<player seat="6" name="oreiasccp" chips="426" dealer="1" win="130" bet="112" muck="1" rebuy="0" addon="0" merge="0" rebuychips="0" reg_code="8385508766"/>
</players>
</general>
<round no="0"><action no="1" player="oreiasccp" type="15" sum="5"/>
<action no="2" player="gasgas" type="15" discard="1" dealt="1" sum="5"/>
<action no="3" player="oreiasccp" type="1" sum="15"/>
<action no="4" player="gasgas" type="2" discard="1" dealt="1" sum="30"/>
</round>
<round no="1"><cards type="Pocket" player="gasgas">X X</cards>
<cards type="Pocket" player="oreiasccp">DQ S8</cards>
<action no="5" player="oreiasccp" type="23" sum="60"/>
<action no="6" player="gasgas" type="3" discard="1" dealt="1" sum="30"/>
</round>
<round no="2"><cards type="Flop">C3 CJ HJ</cards>
<action no="7" player="gasgas" type="4" discard="1" dealt="1" sum="0"/>
<action no="8" player="oreiasccp" type="5" sum="47"/>
<action no="9" player="gasgas" type="0" discard="1" dealt="1" sum="0"/>
</round>
</game>
<game gamecode="11516831766"><general><startdate>2025-06-17 09:33:25</startdate>
<round>1</round>
<failsafecounter/>
<players><player seat="6" name="oreiasccp" chips="491" dealer="0" win="35" bet="35" muck="0" rebuy="0" addon="0" merge="0" rebuychips="0" reg_code="8385508766"/>
<player seat="10" name="gasgas" chips="1,009" dealer="1" win="35" bet="35" muck="0" rebuy="0" addon="0" merge="0" rebuychips="0" reg_code="8385508768"/>
</players>
</general>
<round no="0"><action no="1" player="gasgas" type="15" discard="1" dealt="1" sum="5"/>
<action no="2" player="oreiasccp" type="15" sum="5"/>
<action no="3" player="gasgas" type="1" discard="1" dealt="1" sum="15"/>
<action no="4" player="oreiasccp" type="2" sum="30"/>
</round>
<round no="1"><cards type="Pocket" player="oreiasccp">DQ H2</cards>
<cards type="Pocket" player="gasgas">HQ H5</cards>
<action no="5" player="gasgas" type="3" discard="1" dealt="1" sum="15"/>
<action no="6" player="oreiasccp" type="4" sum="0"/>
</round>
<round no="2"><cards type="Flop">C7 S4 S10</cards>
<action no="7" player="oreiasccp" type="4" sum="0"/>
<action no="8" player="gasgas" type="4" discard="1" dealt="1" sum="0"/>
</round>
<round no="3"><cards type="Turn">C4</cards>
<action no="9" player="oreiasccp" type="4" sum="0"/>
<action no="10" player="gasgas" type="4" discard="1" dealt="1" sum="0"/>
</round>
<round no="4"><cards type="River">H3</cards>
<action no="11" player="oreiasccp" type="4" sum="0"/>
<action no="12" player="gasgas" type="4" discard="1" dealt="1" sum="0"/>
</round>
</game>
<game gamecode="11516831848"><general><startdate>2025-06-17 09:33:52</startdate>
<round>1</round>
<failsafecounter/>
<players><player seat="10" name="gasgas" chips="1,009" dealer="0" win="0" bet="491" muck="1" rebuy="0" addon="0" merge="0" rebuychips="0" reg_code="8385508768"/>
<player seat="6" name="oreiasccp" chips="491" dealer="1" win="982" bet="491" muck="0" rebuy="0" addon="0" merge="0" rebuychips="0" reg_code="8385508766"/>
</players>
</general>
<round no="0"><action no="1" player="oreiasccp" type="15" sum="5"/>
<action no="2" player="gasgas" type="15" discard="1" dealt="1" sum="5"/>
<action no="3" player="oreiasccp" type="1" sum="15"/>
<action no="4" player="gasgas" type="2" discard="1" dealt="1" sum="30"/>
</round>
<round no="1"><cards type="Pocket" player="oreiasccp">D10 DJ</cards>
<cards type="Pocket" player="gasgas">HJ S7</cards>
<action no="5" player="oreiasccp" type="3" sum="15"/>
<action no="6" player="gasgas" type="4" discard="1" dealt="1" sum="0"/>
</round>
<round no="2"><cards type="Flop">D6 SJ C8</cards>
<action no="7" player="gasgas" type="4" discard="1" dealt="1" sum="0"/>
<action no="8" player="oreiasccp" type="5" sum="30"/>
<action no="9" player="gasgas" type="3" discard="1" dealt="1" sum="30"/>
</round>
<round no="3"><cards type="Turn">C10</cards>
<action no="10" player="gasgas" type="4" discard="1" dealt="1" sum="0"/>
<action no="11" player="oreiasccp" type="5" sum="95"/>
<action no="12" player="gasgas" type="23" discard="1" dealt="1" sum="205"/>
<action no="13" player="oreiasccp" type="23" sum="426"/>
<action no="14" player="gasgas" type="3" discard="1" dealt="1" sum="221"/>
</round>
<round no="4"><cards type="River">D8</cards>
</round>
</game>
<game gamecode="11516831941"><general><startdate>2025-06-17 09:34:24</startdate>
<round>1</round>
<failsafecounter/>
<players><player seat="6" name="oreiasccp" chips="982" dealer="0" win="0" bet="85" muck="1" rebuy="0" addon="0" merge="0" rebuychips="0" reg_code="8385508766"/>
<player seat="10" name="gasgas" chips="518" dealer="1" win="170" bet="197" muck="1" rebuy="0" addon="0" merge="0" rebuychips="0" reg_code="8385508768"/>
</players>
</general>
<round no="0"><action no="1" player="gasgas" type="15" discard="1" dealt="1" sum="5"/>
<action no="2" player="oreiasccp" type="15" sum="5"/>
<action no="3" player="gasgas" type="1" discard="1" dealt="1" sum="20"/>
<action no="4" player="oreiasccp" type="2" sum="40"/>
</round>
<round no="1"><cards type="Pocket" player="gasgas">X X</cards>
<cards type="Pocket" player="oreiasccp">S2 S6</cards>
<action no="5" player="gasgas" type="3" discard="1" dealt="1" sum="20"/>
<action no="6" player="oreiasccp" type="4" sum="0"/>
</round>
<round no="2"><cards type="Flop">S10 D2 C5</cards>
<action no="7" player="oreiasccp" type="4" sum="0"/>
<action no="8" player="gasgas" type="5" discard="1" dealt="1" sum="40"/>
<action no="9" player="oreiasccp" type="3" sum="40"/>
</round>
<round no="3"><cards type="Turn">H7</cards>
<action no="10" player="oreiasccp" type="4" sum="0"/>
<action no="11" player="gasgas" type="4" discard="1" dealt="1" sum="0"/>
</round>
<round no="4"><cards type="River">H8</cards>
<action no="12" player="oreiasccp" type="4" sum="0"/>
<action no="13" player="gasgas" type="5" discard="1" dealt="1" sum="112"/>
<action no="14" player="oreiasccp" type="0" sum="0"/>
</round>
</game>
<game gamecode="11516832024"><general><startdate>2025-06-17 09:34:51</startdate>
<round>1</round>
<failsafecounter/>
<players><player seat="10" name="gasgas" chips="603" dealer="0" win="170" bet="197" muck="1" rebuy="0" addon="0" merge="0" rebuychips="0" reg_code="8385508768"/>
<player seat="6" name="oreiasccp" chips="897" dealer="1" win="0" bet="85" muck="1" rebuy="0" addon="0" merge="0" rebuychips="0" reg_code="8385508766"/>
</players>
</general>
<round no="0"><action no="1" player="oreiasccp" type="15" sum="5"/>
<action no="2" player="gasgas" type="15" discard="1" dealt="1" sum="5"/>
<action no="3" player="oreiasccp" type="1" sum="20"/>
<action no="4" player="gasgas" type="2" discard="1" dealt="1" sum="40"/>
</round>
<round no="1"><cards type="Pocket" player="gasgas">X X</cards>
<cards type="Pocket" player="oreiasccp">S5 HK</cards>
<action no="5" player="oreiasccp" type="23" sum="80"/>
<action no="6" player="gasgas" type="3" discard="1" dealt="1" sum="40"/>
</round>
<round no="2"><cards type="Flop">C8 C4 HJ</cards>
<action no="7" player="gasgas" type="4" discard="1" dealt="1" sum="0"/>
<action no="8" player="oreiasccp" type="4" sum="0"/>
</round>
<round no="3"><cards type="Turn">S2</cards>
<action no="9" player="gasgas" type="5" discard="1" dealt="1" sum="112"/>
<action no="10" player="oreiasccp" type="0" sum="0"/>
</round>
</game>
<game gamecode="11516837318"><general><startdate>2025-06-17 09:35:10</startdate>
<round>1</round>
<failsafecounter/>
<players><player seat="6" name="oreiasccp" chips="812" dealer="0" win="420" bet="210" muck="0" rebuy="0" addon="0" merge="0" rebuychips="0" reg_code="8385508766"/>
<player seat="10" name="gasgas" chips="688" dealer="1" win="0" bet="210" muck="1" rebuy="0" addon="0" merge="0" rebuychips="0" reg_code="8385508768"/>
</players>
</general>
<round no="0"><action no="1" player="gasgas" type="15" discard="1" dealt="1" sum="5"/>
<action no="2" player="oreiasccp" type="15" sum="5"/>
<action no="3" player="gasgas" type="1" discard="1" dealt="1" sum="20"/>
<action no="4" player="oreiasccp" type="2" sum="40"/>
</round>
<round no="1"><cards type="Pocket" player="oreiasccp">D2 H10</cards>
<cards type="Pocket" player="gasgas">CQ S8</cards>
<action no="5" player="gasgas" type="3" discard="1" dealt="1" sum="20"/>
<action no="6" player="oreiasccp" type="4" sum="0"/>
</round>
<round no="2"><cards type="Flop">H2 D10 H8</cards>
<action no="7" player="oreiasccp" type="4" sum="0"/>
<action no="8" player="gasgas" type="5" discard="1" dealt="1" sum="60"/>
<action no="9" player="oreiasccp" type="3" sum="60"/>
</round>
<round no="3"><cards type="Turn">HK</cards>
<action no="10" player="oreiasccp" type="4" sum="0"/>
<action no="11" player="gasgas" type="4" discard="1" dealt="1" sum="0"/>
</round>
<round no="4"><cards type="River">CJ</cards>
<action no="12" player="oreiasccp" type="5" sum="105"/>
<action no="13" player="gasgas" type="3" discard="1" dealt="1" sum="105"/>
</round>
</game>
<game gamecode="11516837401"><general><startdate>2025-06-17 09:35:42</startdate>
<round>1</round>
<failsafecounter/>
<players><player seat="10" name="gasgas" chips="478" dealer="0" win="0" bet="45" muck="1" rebuy="0" addon="0" merge="0" rebuychips="0" reg_code="8385508768"/>
<player seat="6" name="oreiasccp" chips="1,022" dealer="1" win="90" bet="478" muck="1" rebuy="0" addon="0" merge="0" rebuychips="0" reg_code="8385508766"/>
</players>
</general>
<round no="0"><action no="1" player="oreiasccp" type="15" sum="5"/>
<action no="2" player="gasgas" type="15" discard="1" dealt="1" sum="5"/>
<action no="3" player="oreiasccp" type="1" sum="20"/>
<action no="4" player="gasgas" type="2" discard="1" dealt="1" sum="40"/>
</round>
<round no="1"><cards type="Pocket" player="gasgas">X X</cards>
<cards type="Pocket" player="oreiasccp">DK CQ</cards>
<action no="5" player="oreiasccp" type="23" sum="473"/>
<action no="6" player="gasgas" type="0" discard="1" dealt="1" sum="0"/>
</round>
</game>
<game gamecode="11516837426"><general><startdate>2025-06-17 09:35:50</startdate>
<round>1</round>
<failsafecounter/>
<players><player seat="6" name="oreiasccp" chips="1,067" dealer="0" win="90" bet="433" muck="1" rebuy="0" addon="0" merge="0" rebuychips="0" reg_code="8385508766"/>
<player seat="10" name="gasgas" chips="433" dealer="1" win="0" bet="45" muck="1" rebuy="0" addon="0" merge="0" rebuychips="0" reg_code="8385508768"/>
</players>
</general>
<round no="0"><action no="1" player="gasgas" type="15" discard="1" dealt="1" sum="5"/>
<action no="2" player="oreiasccp" type="15" sum="5"/>
<action no="3" player="gasgas" type="1" discard="1" dealt="1" sum="20"/>
<action no="4" player="oreiasccp" type="2" sum="40"/>
</round>
<round no="1"><cards type="Pocket" player="oreiasccp">S5 CA</cards>
<cards type="Pocket" player="gasgas">X X</cards>
<action no="5" player="gasgas" type="3" discard="1" dealt="1" sum="20"/>
<action no="6" player="oreiasccp" type="23" sum="428"/>
<action no="7" player="gasgas" type="0" discard="1" dealt="1" sum="0"/>
</round>
</game>
<game gamecode="11516837470"><general><startdate>2025-06-17 09:36:02</startdate>
<round>1</round>
<failsafecounter/>
<players><player seat="10" name="gasgas" chips="388" dealer="0" win="776" bet="388" muck="0" rebuy="0" addon="0" merge="0" rebuychips="0" reg_code="8385508768"/>
<player seat="6" name="oreiasccp" chips="1,112" dealer="1" win="0" bet="388" muck="1" rebuy="0" addon="0" merge="0" rebuychips="0" reg_code="8385508766"/>
</players>
</general>
<round no="0"><action no="1" player="oreiasccp" type="15" sum="5"/>
<action no="2" player="gasgas" type="15" discard="1" dealt="1" sum="5"/>
<action no="3" player="oreiasccp" type="1" sum="30"/>
<action no="4" player="gasgas" type="2" discard="1" dealt="1" sum="60"/>
</round>
<round no="1"><cards type="Pocket" player="gasgas">S6 HQ</cards>
<cards type="Pocket" player="oreiasccp">CJ CQ</cards>
<action no="5" player="oreiasccp" type="23" sum="383"/>
<action no="6" player="gasgas" type="7" discard="1" dealt="1" sum="323"/>
</round>
<round no="2"><cards type="Flop">D4 S7 D5</cards>
</round>
<round no="3"><cards type="Turn">C3</cards>
</round>
<round no="4"><cards type="River">H2</cards>
</round>
</game>
<game gamecode="11516837541"><general><startdate>2025-06-17 09:36:21</startdate>
<round>1</round>
<failsafecounter/>
<players><player seat="6" name="oreiasccp" chips="724" dealer="0" win="0" bet="65" muck="1" rebuy="0" addon="0" merge="0" rebuychips="0" reg_code="8385508766"/>
<player seat="10" name="gasgas" chips="776" dealer="1" win="130" bet="125" muck="1" rebuy="0" addon="0" merge="0" rebuychips="0" reg_code="8385508768"/>
</players>
</general>
<round no="0"><action no="1" player="gasgas" type="15" discard="1" dealt="1" sum="5"/>
<action no="2" player="oreiasccp" type="15" sum="5"/>
<action no="3" player="gasgas" type="1" discard="1" dealt="1" sum="30"/>
<action no="4" player="oreiasccp" type="2" sum="60"/>
</round>
<round no="1"><cards type="Pocket" player="gasgas">X X</cards>
<cards type="Pocket" player="oreiasccp">D4 D3</cards>
<action no="5" player="gasgas" type="3" discard="1" dealt="1" sum="30"/>
<action no="6" player="oreiasccp" type="4" sum="0"/>
</round>
<round no="2"><cards type="Flop">H2 H9 CK</cards>
<action no="7" player="oreiasccp" type="4" sum="0"/>
<action no="8" player="gasgas" type="5" discard="1" dealt="1" sum="60"/>
<action no="9" player="oreiasccp" type="0" sum="0"/>
</round>
</game>
<game gamecode="11516837589"><general><startdate>2025-06-17 09:36:35</startdate>
<round>1</round>
<failsafecounter/>
<players><player seat="10" name="gasgas" chips="841" dealer="0" win="130" bet="245" muck="1" rebuy="0" addon="0" merge="0" rebuychips="0" reg_code="8385508768"/>
<player seat="6" name="oreiasccp" chips="659" dealer="1" win="0" bet="65" muck="1" rebuy="0" addon="0" merge="0" rebuychips="0" reg_code="8385508766"/>
</players>
</general>
<round no="0"><action no="1" player="oreiasccp" type="15" sum="5"/>
<action no="2" player="gasgas" type="15" discard="1" dealt="1" sum="5"/>
<action no="3" player="oreiasccp" type="1" sum="30"/>
<action no="4" player="gasgas" type="2" discard="1" dealt="1" sum="60"/>
</round>
<round no="1"><cards type="Pocket" player="oreiasccp">DJ D5</cards>
<cards type="Pocket" player="gasgas">X X</cards>
<action no="5" player="oreiasccp" type="3" sum="30"/>
<action no="6" player="gasgas" type="23" discard="1" dealt="1" sum="240"/>
<action no="7" player="oreiasccp" type="0" sum="0"/>
</round>
</game>
<game gamecode="11516837620"><general><startdate>2025-06-17 09:36:45</startdate>
<round>1</round>
<failsafecounter/>
<players><player seat="6" name="oreiasccp" chips="594" dealer="0" win="0" bet="594" muck="0" rebuy="0" addon="0" merge="0" rebuychips="0" reg_code="8385508766"/>
<player seat="10" name="gasgas" chips="906" dealer="1" win="1,188" bet="906" muck="0" rebuy="0" addon="0" merge="0" rebuychips="0" reg_code="8385508768"/>
</players>
</general>
<round no="0"><action no="1" player="gasgas" type="15" discard="1" dealt="1" sum="5"/>
<action no="2" player="oreiasccp" type="15" sum="5"/>
<action no="3" player="gasgas" type="1" discard="1" dealt="1" sum="30"/>
<action no="4" player="oreiasccp" type="2" sum="60"/>
</round>
<round no="1"><cards type="Pocket" player="oreiasccp">D10 CK</cards>
<cards type="Pocket" player="gasgas">HA C3</cards>
<action no="5" player="gasgas" type="23" discard="1" dealt="1" sum="901"/>
<action no="6" player="oreiasccp" type="7" sum="529"/>
</round>
<round no="2"><cards type="Flop">HJ DQ D4</cards>
</round>
<round no="3"><cards type="Turn">D2</cards>
</round>
<round no="4"><cards type="River">HQ</cards>
</round>
</game>
</session>
