<?xml version="1.0" encoding="UTF-8"?>
<session sessioncode="8385522356">
<general>
<client_version>24.7.1.16</client_version>
<mode>real</mode>
<gametype>Holdem NL</gametype>
<tablename>Twister €5 SNG, 1127666961</tablename>
<tournamentcode>1127666960</tournamentcode>
<tournamentname>Twister €5 SNG</tournamentname>
<buyin>€0 + €0.35 + €4.65</buyin>
<totalbuyin>€5</totalbuyin>
<rewarddrawn>€10</rewarddrawn>
<tournamentcurrency>EUR</tournamentcurrency>
<currency>EUR</currency>
<nickname>oreiasccp</nickname>
<gamecount>24</gamecount>
<startdate>2025-06-17 10:26:44</startdate>
<place>1</place>
<win>€10</win>
<tablesize>3</tablesize>
</general>
<game gamecode="11516874171"><general><startdate>2025-06-17 10:26:59</startdate>
<round>1</round>
<failsafecounter/>
<players><player seat="10" name="Xlabuda" chips="500" dealer="0" win="0" bet="20" muck="1" rebuy="0" addon="0" merge="0" rebuychips="0" reg_code="8385522359"/>
<player seat="3" name="Vasilas007" chips="500" dealer="1" win="50" bet="60" muck="1" rebuy="0" addon="0" merge="0" rebuychips="0" reg_code="8385522334"/>
<player seat="6" name="oreiasccp" chips="500" dealer="0" win="0" bet="10" muck="1" rebuy="0" addon="0" merge="0" rebuychips="0" reg_code="8385522356"/>
</players>
</general>
<round no="0"><action no="1" player="oreiasccp" type="1" sum="10"/>
<action no="2" player="Xlabuda" type="2" discard="1" dealt="1" sum="20"/>
</round>
<round no="1"><cards type="Pocket" player="Xlabuda">X X</cards>
<cards type="Pocket" player="oreiasccp">D9 CQ</cards>
<cards type="Pocket" player="Vasilas007">X X</cards>
<action no="3" player="Vasilas007" type="23" discard="1" dealt="1" sum="60"/>
<action no="4" player="oreiasccp" type="0" sum="0"/>
<action no="5" player="Xlabuda" type="0" discard="1" dealt="1" sum="0"/>
</round>
</game>
<game gamecode="11516874269"><general><startdate>2025-06-17 10:27:13</startdate>
<round>1</round>
<failsafecounter/>
<players><player seat="3" name="Vasilas007" chips="530" dealer="0" win="20" bet="20" muck="1" rebuy="0" addon="0" merge="0" rebuychips="0" reg_code="8385522334"/>
<player seat="6" name="oreiasccp" chips="490" dealer="1" win="0" bet="0" muck="1" rebuy="0" addon="0" merge="0" rebuychips="0" reg_code="8385522356"/>
<player seat="10" name="Xlabuda" chips="480" dealer="0" win="0" bet="10" muck="1" rebuy="0" addon="0" merge="0" rebuychips="0" reg_code="8385522359"/>
</players>
</general>
<round no="0"><action no="1" player="Xlabuda" type="1" discard="1" dealt="1" sum="10"/>
<action no="2" player="Vasilas007" type="2" discard="1" dealt="1" sum="20"/>
</round>
<round no="1"><cards type="Pocket" player="Vasilas007">X X</cards>
<cards type="Pocket" player="Xlabuda">X X</cards>
<cards type="Pocket" player="oreiasccp">D10 C6</cards>
<action no="3" player="oreiasccp" type="0" sum="0"/>
<action no="4" player="Xlabuda" type="0" discard="1" dealt="1" sum="0"/>
</round>
</game>
<game gamecode="11516874294"><general><startdate>2025-06-17 10:27:21</startdate>
<round>1</round>
<failsafecounter/>
<players><player seat="6" name="oreiasccp" chips="490" dealer="0" win="40" bet="50" muck="1" rebuy="0" addon="0" merge="0" rebuychips="0" reg_code="8385522356"/>
<player seat="10" name="Xlabuda" chips="470" dealer="1" win="0" bet="0" muck="1" rebuy="0" addon="0" merge="0" rebuychips="0" reg_code="8385522359"/>
<player seat="3" name="Vasilas007" chips="540" dealer="0" win="0" bet="20" muck="1" rebuy="0" addon="0" merge="0" rebuychips="0" reg_code="8385522334"/>
</players>
</general>
<round no="0"><action no="1" player="Vasilas007" type="1" discard="1" dealt="1" sum="10"/>
<action no="2" player="oreiasccp" type="2" sum="20"/>
</round>
<round no="1"><cards type="Pocket" player="oreiasccp">SK D10</cards>
<cards type="Pocket" player="Vasilas007">X X</cards>
<cards type="Pocket" player="Xlabuda">X X</cards>
<action no="3" player="Xlabuda" type="0" discard="1" dealt="1" sum="0"/>
<action no="4" player="Vasilas007" type="3" discard="1" dealt="1" sum="10"/>
<action no="5" player="oreiasccp" type="23" sum="50"/>
<action no="6" player="Vasilas007" type="0" discard="1" dealt="1" sum="0"/>
</round>
</game>
<game gamecode="11516874363"><general><startdate>2025-06-17 10:27:38</startdate>
<round>1</round>
<failsafecounter/>
<players><player seat="10" name="Xlabuda" chips="470" dealer="0" win="0" bet="20" muck="1" rebuy="0" addon="0" merge="0" rebuychips="0" reg_code="8385522359"/>
<player seat="3" name="Vasilas007" chips="520" dealer="1" win="50" bet="40" muck="1" rebuy="0" addon="0" merge="0" rebuychips="0" reg_code="8385522334"/>
<player seat="6" name="oreiasccp" chips="510" dealer="0" win="0" bet="10" muck="1" rebuy="0" addon="0" merge="0" rebuychips="0" reg_code="8385522356"/>
</players>
</general>
<round no="0"><action no="1" player="oreiasccp" type="1" sum="10"/>
<action no="2" player="Xlabuda" type="2" discard="1" dealt="1" sum="20"/>
</round>
<round no="1"><cards type="Pocket" player="oreiasccp">S6 CJ</cards>
<cards type="Pocket" player="Xlabuda">X X</cards>
<cards type="Pocket" player="Vasilas007">X X</cards>
<action no="3" player="Vasilas007" type="3" discard="1" dealt="1" sum="20"/>
<action no="4" player="oreiasccp" type="0" sum="0"/>
<action no="5" player="Xlabuda" type="4" discard="1" dealt="1" sum="0"/>
</round>
<round no="2"><cards type="Flop">HK H10 S9</cards>
<action no="6" player="Xlabuda" type="4" discard="1" dealt="1" sum="0"/>
<action no="7" player="Vasilas007" type="5" discard="1" dealt="1" sum="20"/>
<action no="8" player="Xlabuda" type="0" discard="1" dealt="1" sum="0"/>
</round>
</game>
<game gamecode="11516874472"><general><startdate>2025-06-17 10:28:07</startdate>
<round>1</round>
<failsafecounter/>
<players><player seat="3" name="Vasilas007" chips="550" dealer="0" win="0" bet="107" muck="1" rebuy="0" addon="0" merge="0" rebuychips="0" reg_code="8385522334"/>
<player seat="6" name="oreiasccp" chips="500" dealer="1" win="224" bet="107" muck="0" rebuy="0" addon="0" merge="0" rebuychips="0" reg_code="8385522356"/>
<player seat="10" name="Xlabuda" chips="450" dealer="0" win="0" bet="10" muck="1" rebuy="0" addon="0" merge="0" rebuychips="0" reg_code="8385522359"/>
</players>
</general>
<round no="0"><action no="1" player="Xlabuda" type="1" discard="1" dealt="1" sum="10"/>
<action no="2" player="Vasilas007" type="2" discard="1" dealt="1" sum="20"/>
</round>
<round no="1"><cards type="Pocket" player="Vasilas007">H8 H9</cards>
<cards type="Pocket" player="oreiasccp">C8 CJ</cards>
<cards type="Pocket" player="Xlabuda">X X</cards>
<action no="3" player="oreiasccp" type="23" sum="40"/>
<action no="4" player="Xlabuda" type="0" discard="1" dealt="1" sum="0"/>
<action no="5" player="Vasilas007" type="3" discard="1" dealt="1" sum="20"/>
</round>
<round no="2"><cards type="Flop">HK D8 D3</cards>
<action no="6" player="Vasilas007" type="4" discard="1" dealt="1" sum="0"/>
<action no="7" player="oreiasccp" type="5" sum="20"/>
<action no="8" player="Vasilas007" type="3" discard="1" dealt="1" sum="20"/>
</round>
<round no="3"><cards type="Turn">S5</cards>
<action no="9" player="Vasilas007" type="4" discard="1" dealt="1" sum="0"/>
<action no="10" player="oreiasccp" type="5" sum="47"/>
<action no="11" player="Vasilas007" type="3" discard="1" dealt="1" sum="47"/>
</round>
<round no="4"><cards type="River">H6</cards>
<action no="12" player="Vasilas007" type="4" discard="1" dealt="1" sum="0"/>
<action no="13" player="oreiasccp" type="4" sum="0"/>
</round>
</game>
<game gamecode="11516874567"><general><startdate>2025-06-17 10:28:33</startdate>
<round>1</round>
<failsafecounter/>
<players><player seat="6" name="oreiasccp" chips="617" dealer="0" win="120" bet="40" muck="0" rebuy="0" addon="0" merge="0" rebuychips="0" reg_code="8385522356"/>
<player seat="10" name="Xlabuda" chips="440" dealer="1" win="0" bet="40" muck="1" rebuy="0" addon="0" merge="0" rebuychips="0" reg_code="8385522359"/>
<player seat="3" name="Vasilas007" chips="443" dealer="0" win="0" bet="40" muck="1" rebuy="0" addon="0" merge="0" rebuychips="0" reg_code="8385522334"/>
</players>
</general>
<round no="0"><action no="1" player="Vasilas007" type="1" discard="1" dealt="1" sum="10"/>
<action no="2" player="oreiasccp" type="2" sum="20"/>
</round>
<round no="1"><cards type="Pocket" player="Vasilas007">C3 DQ</cards>
<cards type="Pocket" player="Xlabuda">CK DJ</cards>
<cards type="Pocket" player="oreiasccp">H6 D5</cards>
<action no="3" player="Xlabuda" type="23" discard="1" dealt="1" sum="40"/>
<action no="4" player="Vasilas007" type="3" discard="1" dealt="1" sum="30"/>
<action no="5" player="oreiasccp" type="3" sum="20"/>
</round>
<round no="2"><cards type="Flop">S5 S2 D2</cards>
<action no="6" player="Vasilas007" type="4" discard="1" dealt="1" sum="0"/>
<action no="7" player="oreiasccp" type="4" sum="0"/>
<action no="8" player="Xlabuda" type="4" discard="1" dealt="1" sum="0"/>
</round>
<round no="3"><cards type="Turn">C8</cards>
<action no="9" player="Vasilas007" type="4" discard="1" dealt="1" sum="0"/>
<action no="10" player="oreiasccp" type="4" sum="0"/>
<action no="11" player="Xlabuda" type="4" discard="1" dealt="1" sum="0"/>
</round>
<round no="4"><cards type="River">S6</cards>
<action no="12" player="Vasilas007" type="4" discard="1" dealt="1" sum="0"/>
<action no="13" player="oreiasccp" type="4" sum="0"/>
<action no="14" player="Xlabuda" type="4" discard="1" dealt="1" sum="0"/>
</round>
</game>
<game gamecode="11516874739"><general><startdate>2025-06-17 10:29:21</startdate>
<round>1</round>
<failsafecounter/>
<players><player seat="10" name="Xlabuda" chips="400" dealer="0" win="0" bet="35" muck="1" rebuy="0" addon="0" merge="0" rebuychips="0" reg_code="8385522359"/>
<player seat="3" name="Vasilas007" chips="403" dealer="1" win="90" bet="65" muck="1" rebuy="0" addon="0" merge="0" rebuychips="0" reg_code="8385522334"/>
<player seat="6" name="oreiasccp" chips="697" dealer="0" win="0" bet="20" muck="1" rebuy="0" addon="0" merge="0" rebuychips="0" reg_code="8385522356"/>
</players>
</general>
<round no="0"><action no="1" player="oreiasccp" type="15" sum="5"/>
<action no="2" player="Xlabuda" type="15" discard="1" dealt="1" sum="5"/>
<action no="3" player="Vasilas007" type="15" discard="1" dealt="1" sum="5"/>
<action no="4" player="oreiasccp" type="1" sum="15"/>
<action no="5" player="Xlabuda" type="2" discard="1" dealt="1" sum="30"/>
</round>
<round no="1"><cards type="Pocket" player="Vasilas007">X X</cards>
<cards type="Pocket" player="Xlabuda">X X</cards>
<cards type="Pocket" player="oreiasccp">D4 CK</cards>
<action no="6" player="Vasilas007" type="23" discard="1" dealt="1" sum="60"/>
<action no="7" player="oreiasccp" type="0" sum="0"/>
<action no="8" player="Xlabuda" type="0" discard="1" dealt="1" sum="0"/>
</round>
</game>
<game gamecode="11516874803"><general><startdate>2025-06-17 10:29:37</startdate>
<round>1</round>
<failsafecounter/>
<players><player seat="3" name="Vasilas007" chips="458" dealer="0" win="0" bet="35" muck="1" rebuy="0" addon="0" merge="0" rebuychips="0" reg_code="8385522334"/>
<player seat="6" name="oreiasccp" chips="677" dealer="1" win="0" bet="5" muck="1" rebuy="0" addon="0" merge="0" rebuychips="0" reg_code="8385522356"/>
<player seat="10" name="Xlabuda" chips="365" dealer="0" win="75" bet="365" muck="1" rebuy="0" addon="0" merge="0" rebuychips="0" reg_code="8385522359"/>
</players>
</general>
<round no="0"><action no="1" player="Xlabuda" type="15" discard="1" dealt="1" sum="5"/>
<action no="2" player="Vasilas007" type="15" discard="1" dealt="1" sum="5"/>
<action no="3" player="oreiasccp" type="15" sum="5"/>
<action no="4" player="Xlabuda" type="1" discard="1" dealt="1" sum="15"/>
<action no="5" player="Vasilas007" type="2" discard="1" dealt="1" sum="30"/>
</round>
<round no="1"><cards type="Pocket" player="Vasilas007">X X</cards>
<cards type="Pocket" player="Xlabuda">X X</cards>
<cards type="Pocket" player="oreiasccp">H4 C7</cards>
<action no="6" player="oreiasccp" type="0" sum="0"/>
<action no="7" player="Xlabuda" type="23" discard="1" dealt="1" sum="360"/>
<action no="8" player="Vasilas007" type="0" discard="1" dealt="1" sum="0"/>
</round>
</game>
<game gamecode="11516874856"><general><startdate>2025-06-17 10:29:49</startdate>
<round>1</round>
<failsafecounter/>
<players><player seat="6" name="oreiasccp" chips="672" dealer="0" win="0" bet="35" muck="1" rebuy="0" addon="0" merge="0" rebuychips="0" reg_code="8385522356"/>
<player seat="10" name="Xlabuda" chips="405" dealer="1" win="90" bet="405" muck="1" rebuy="0" addon="0" merge="0" rebuychips="0" reg_code="8385522359"/>
<player seat="3" name="Vasilas007" chips="423" dealer="0" win="0" bet="20" muck="1" rebuy="0" addon="0" merge="0" rebuychips="0" reg_code="8385522334"/>
</players>
</general>
<round no="0"><action no="1" player="Vasilas007" type="15" discard="1" dealt="1" sum="5"/>
<action no="2" player="oreiasccp" type="15" sum="5"/>
<action no="3" player="Xlabuda" type="15" discard="1" dealt="1" sum="5"/>
<action no="4" player="Vasilas007" type="1" discard="1" dealt="1" sum="15"/>
<action no="5" player="oreiasccp" type="2" sum="30"/>
</round>
<round no="1"><cards type="Pocket" player="Xlabuda">X X</cards>
<cards type="Pocket" player="Vasilas007">X X</cards>
<cards type="Pocket" player="oreiasccp">C3 H4</cards>
<action no="6" player="Xlabuda" type="23" discard="1" dealt="1" sum="400"/>
<action no="7" player="Vasilas007" type="0" discard="1" dealt="1" sum="0"/>
<action no="8" player="oreiasccp" type="0" sum="0"/>
</round>
</game>
<game gamecode="11516874897"><general><startdate>2025-06-17 10:30:00</startdate>
<round>1</round>
<failsafecounter/>
<players><player seat="10" name="Xlabuda" chips="460" dealer="0" win="0" bet="35" muck="1" rebuy="0" addon="0" merge="0" rebuychips="0" reg_code="8385522359"/>
<player seat="3" name="Vasilas007" chips="403" dealer="1" win="0" bet="5" muck="1" rebuy="0" addon="0" merge="0" rebuychips="0" reg_code="8385522334"/>
<player seat="6" name="oreiasccp" chips="637" dealer="0" win="75" bet="65" muck="1" rebuy="0" addon="0" merge="0" rebuychips="0" reg_code="8385522356"/>
</players>
</general>
<round no="0"><action no="1" player="oreiasccp" type="15" sum="5"/>
<action no="2" player="Xlabuda" type="15" discard="1" dealt="1" sum="5"/>
<action no="3" player="Vasilas007" type="15" discard="1" dealt="1" sum="5"/>
<action no="4" player="oreiasccp" type="1" sum="15"/>
<action no="5" player="Xlabuda" type="2" discard="1" dealt="1" sum="30"/>
</round>
<round no="1"><cards type="Pocket" player="Vasilas007">X X</cards>
<cards type="Pocket" player="oreiasccp">C10 DJ</cards>
<cards type="Pocket" player="Xlabuda">X X</cards>
<action no="6" player="Vasilas007" type="0" discard="1" dealt="1" sum="0"/>
<action no="7" player="oreiasccp" type="23" sum="60"/>
<action no="8" player="Xlabuda" type="0" discard="1" dealt="1" sum="0"/>
</round>
</game>
<game gamecode="11516874947"><general><startdate>2025-06-17 10:30:12</startdate>
<round>1</round>
<failsafecounter/>
<players><player seat="3" name="Vasilas007" chips="398" dealer="0" win="45" bet="35" muck="1" rebuy="0" addon="0" merge="0" rebuychips="0" reg_code="8385522334"/>
<player seat="6" name="oreiasccp" chips="677" dealer="1" win="0" bet="5" muck="1" rebuy="0" addon="0" merge="0" rebuychips="0" reg_code="8385522356"/>
<player seat="10" name="Xlabuda" chips="425" dealer="0" win="0" bet="20" muck="1" rebuy="0" addon="0" merge="0" rebuychips="0" reg_code="8385522359"/>
</players>
</general>
<round no="0"><action no="1" player="Xlabuda" type="15" discard="1" dealt="1" sum="5"/>
<action no="2" player="Vasilas007" type="15" discard="1" dealt="1" sum="5"/>
<action no="3" player="oreiasccp" type="15" sum="5"/>
<action no="4" player="Xlabuda" type="1" discard="1" dealt="1" sum="15"/>
<action no="5" player="Vasilas007" type="2" discard="1" dealt="1" sum="30"/>
</round>
<round no="1"><cards type="Pocket" player="oreiasccp">HK D4</cards>
<cards type="Pocket" player="Vasilas007">X X</cards>
<cards type="Pocket" player="Xlabuda">X X</cards>
<action no="6" player="oreiasccp" type="0" sum="0"/>
<action no="7" player="Xlabuda" type="0" discard="1" dealt="1" sum="0"/>
</round>
</game>
<game gamecode="11516874999"><general><startdate>2025-06-17 10:30:26</startdate>
<round>1</round>
<failsafecounter/>
<players><player seat="6" name="oreiasccp" chips="672" dealer="0" win="45" bet="35" muck="1" rebuy="0" addon="0" merge="0" rebuychips="0" reg_code="8385522356"/>
<player seat="10" name="Xlabuda" chips="405" dealer="1" win="0" bet="5" muck="1" rebuy="0" addon="0" merge="0" rebuychips="0" reg_code="8385522359"/>
<player seat="3" name="Vasilas007" chips="423" dealer="0" win="0" bet="20" muck="1" rebuy="0" addon="0" merge="0" rebuychips="0" reg_code="8385522334"/>
</players>
</general>
<round no="0"><action no="1" player="Vasilas007" type="15" discard="1" dealt="1" sum="5"/>
<action no="2" player="oreiasccp" type="15" sum="5"/>
<action no="3" player="Xlabuda" type="15" discard="1" dealt="1" sum="5"/>
<action no="4" player="Vasilas007" type="1" discard="1" dealt="1" sum="15"/>
<action no="5" player="oreiasccp" type="2" sum="30"/>
</round>
<round no="1"><cards type="Pocket" player="oreiasccp">D5 D8</cards>
<cards type="Pocket" player="Vasilas007">X X</cards>
<cards type="Pocket" player="Xlabuda">X X</cards>
<action no="6" player="Xlabuda" type="0" discard="1" dealt="1" sum="0"/>
<action no="7" player="Vasilas007" type="0" discard="1" dealt="1" sum="0"/>
</round>
</game>
<game gamecode="11516875037"><general><startdate>2025-06-17 10:30:36</startdate>
<round>1</round>
<failsafecounter/>
<players><player seat="10" name="Xlabuda" chips="400" dealer="0" win="0" bet="400" muck="0" rebuy="0" addon="0" merge="0" rebuychips="0" reg_code="8385522359"/>
<player seat="3" name="Vasilas007" chips="403" dealer="1" win="0" bet="5" muck="1" rebuy="0" addon="0" merge="0" rebuychips="0" reg_code="8385522334"/>
<player seat="6" name="oreiasccp" chips="697" dealer="0" win="805" bet="400" muck="0" rebuy="0" addon="0" merge="0" rebuychips="0" reg_code="8385522356"/>
</players>
</general>
<round no="0"><action no="1" player="oreiasccp" type="15" sum="5"/>
<action no="2" player="Xlabuda" type="15" discard="1" dealt="1" sum="5"/>
<action no="3" player="Vasilas007" type="15" discard="1" dealt="1" sum="5"/>
<action no="4" player="oreiasccp" type="1" sum="15"/>
<action no="5" player="Xlabuda" type="2" discard="1" dealt="1" sum="30"/>
</round>
<round no="1"><cards type="Pocket" player="Xlabuda">CJ HA</cards>
<cards type="Pocket" player="Vasilas007">X X</cards>
<cards type="Pocket" player="oreiasccp">SA H7</cards>
<action no="6" player="Vasilas007" type="0" discard="1" dealt="1" sum="0"/>
<action no="7" player="oreiasccp" type="23" sum="395"/>
<action no="8" player="Xlabuda" type="7" discard="1" dealt="1" sum="365"/>
</round>
<round no="2"><cards type="Flop">S8 S7 H10</cards>
</round>
<round no="3"><cards type="Turn">D5</cards>
</round>
<round no="4"><cards type="River">S3</cards>
</round>
</game>
<game gamecode="11516875110"><general><startdate>2025-06-17 10:30:55</startdate>
<round>1</round>
<failsafecounter/>
<players><player seat="3" name="Vasilas007" chips="398" dealer="0" win="70" bet="65" muck="1" rebuy="0" addon="0" merge="0" rebuychips="0" reg_code="8385522334"/>
<player seat="6" name="oreiasccp" chips="1,102" dealer="1" win="0" bet="35" muck="1" rebuy="0" addon="0" merge="0" rebuychips="0" reg_code="8385522356"/>
</players>
</general>
<round no="0"><action no="1" player="oreiasccp" type="15" sum="5"/>
<action no="2" player="Vasilas007" type="15" discard="1" dealt="1" sum="5"/>
<action no="3" player="oreiasccp" type="1" sum="15"/>
<action no="4" player="Vasilas007" type="2" discard="1" dealt="1" sum="30"/>
</round>
<round no="1"><cards type="Pocket" player="Vasilas007">X X</cards>
<cards type="Pocket" player="oreiasccp">D5 S4</cards>
<action no="5" player="oreiasccp" type="3" sum="15"/>
<action no="6" player="Vasilas007" type="23" discard="1" dealt="1" sum="60"/>
<action no="7" player="oreiasccp" type="0" sum="0"/>
</round>
</game>
<game gamecode="11516875148"><general><startdate>2025-06-17 10:31:03</startdate>
<round>1</round>
<failsafecounter/>
<players><player seat="6" name="oreiasccp" chips="1,067" dealer="0" win="244" bet="433" muck="1" rebuy="0" addon="0" merge="0" rebuychips="0" reg_code="8385522356"/>
<player seat="3" name="Vasilas007" chips="433" dealer="1" win="0" bet="122" muck="1" rebuy="0" addon="0" merge="0" rebuychips="0" reg_code="8385522334"/>
</players>
</general>
<round no="0"><action no="1" player="Vasilas007" type="15" discard="1" dealt="1" sum="5"/>
<action no="2" player="oreiasccp" type="15" sum="5"/>
<action no="3" player="Vasilas007" type="1" discard="1" dealt="1" sum="20"/>
<action no="4" player="oreiasccp" type="2" sum="40"/>
</round>
<round no="1"><cards type="Pocket" player="Vasilas007">X X</cards>
<cards type="Pocket" player="oreiasccp">D5 D2</cards>
<action no="5" player="Vasilas007" type="3" discard="1" dealt="1" sum="20"/>
<action no="6" player="oreiasccp" type="4" sum="0"/>
</round>
<round no="2"><cards type="Flop">DK C2 S2</cards>
<action no="7" player="oreiasccp" type="4" sum="0"/>
<action no="8" player="Vasilas007" type="4" discard="1" dealt="1" sum="0"/>
</round>
<round no="3"><cards type="Turn">SJ</cards>
<action no="9" player="oreiasccp" type="5" sum="77"/>
<action no="10" player="Vasilas007" type="3" discard="1" dealt="1" sum="77"/>
</round>
<round no="4"><cards type="River">C9</cards>
<action no="11" player="oreiasccp" type="5" sum="311"/>
<action no="12" player="Vasilas007" type="0" discard="1" dealt="1" sum="0"/>
</round>
</game>
<game gamecode="11516880446"><general><startdate>2025-06-17 10:31:22</startdate>
<round>1</round>
<failsafecounter/>
<players><player seat="3" name="Vasilas007" chips="311" dealer="0" win="50" bet="45" muck="1" rebuy="0" addon="0" merge="0" rebuychips="0" reg_code="8385522334"/>
<player seat="6" name="oreiasccp" chips="1,189" dealer="1" win="0" bet="25" muck="1" rebuy="0" addon="0" merge="0" rebuychips="0" reg_code="8385522356"/>
</players>
</general>
<round no="0"><action no="1" player="oreiasccp" type="15" sum="5"/>
<action no="2" player="Vasilas007" type="15" discard="1" dealt="1" sum="5"/>
<action no="3" player="oreiasccp" type="1" sum="20"/>
<action no="4" player="Vasilas007" type="2" discard="1" dealt="1" sum="40"/>
</round>
<round no="1"><cards type="Pocket" player="Vasilas007">X X</cards>
<cards type="Pocket" player="oreiasccp">S6 D4</cards>
<action no="5" player="oreiasccp" type="0" sum="0"/>
</round>
</game>
<game gamecode="11516880465"><general><startdate>2025-06-17 10:31:27</startdate>
<round>1</round>
<failsafecounter/>
<players><player seat="6" name="oreiasccp" chips="1,164" dealer="0" win="170" bet="146" muck="1" rebuy="0" addon="0" merge="0" rebuychips="0" reg_code="8385522356"/>
<player seat="3" name="Vasilas007" chips="336" dealer="1" win="0" bet="85" muck="1" rebuy="0" addon="0" merge="0" rebuychips="0" reg_code="8385522334"/>
</players>
</general>
<round no="0"><action no="1" player="Vasilas007" type="15" discard="1" dealt="1" sum="5"/>
<action no="2" player="oreiasccp" type="15" sum="5"/>
<action no="3" player="Vasilas007" type="1" discard="1" dealt="1" sum="20"/>
<action no="4" player="oreiasccp" type="2" sum="40"/>
</round>
<round no="1"><cards type="Pocket" player="Vasilas007">X X</cards>
<cards type="Pocket" player="oreiasccp">D8 C4</cards>
<action no="5" player="Vasilas007" type="3" discard="1" dealt="1" sum="20"/>
<action no="6" player="oreiasccp" type="23" sum="80"/>
<action no="7" player="Vasilas007" type="3" discard="1" dealt="1" sum="40"/>
</round>
<round no="2"><cards type="Flop">H3 C7 S2</cards>
<action no="8" player="oreiasccp" type="5" sum="61"/>
<action no="9" player="Vasilas007" type="0" discard="1" dealt="1" sum="0"/>
</round>
</game>
<game gamecode="11516880522"><general><startdate>2025-06-17 10:31:40</startdate>
<round>1</round>
<failsafecounter/>
<players><player seat="3" name="Vasilas007" chips="251" dealer="0" win="0" bet="45" muck="1" rebuy="0" addon="0" merge="0" rebuychips="0" reg_code="8385522334"/>
<player seat="6" name="oreiasccp" chips="1,249" dealer="1" win="90" bet="251" muck="1" rebuy="0" addon="0" merge="0" rebuychips="0" reg_code="8385522356"/>
</players>
</general>
<round no="0"><action no="1" player="oreiasccp" type="15" sum="5"/>
<action no="2" player="Vasilas007" type="15" discard="1" dealt="1" sum="5"/>
<action no="3" player="oreiasccp" type="1" sum="20"/>
<action no="4" player="Vasilas007" type="2" discard="1" dealt="1" sum="40"/>
</round>
<round no="1"><cards type="Pocket" player="Vasilas007">X X</cards>
<cards type="Pocket" player="oreiasccp">SQ C5</cards>
<action no="5" player="oreiasccp" type="23" sum="246"/>
<action no="6" player="Vasilas007" type="0" discard="1" dealt="1" sum="0"/>
</round>
</game>
<game gamecode="11516880565"><general><startdate>2025-06-17 10:31:51</startdate>
<round>1</round>
<failsafecounter/>
<players><player seat="6" name="oreiasccp" chips="1,294" dealer="0" win="0" bet="206" muck="1" rebuy="0" addon="0" merge="0" rebuychips="0" reg_code="8385522356"/>
<player seat="3" name="Vasilas007" chips="206" dealer="1" win="412" bet="206" muck="0" rebuy="0" addon="0" merge="0" rebuychips="0" reg_code="8385522334"/>
</players>
</general>
<round no="0"><action no="1" player="Vasilas007" type="15" discard="1" dealt="1" sum="5"/>
<action no="2" player="oreiasccp" type="15" sum="5"/>
<action no="3" player="Vasilas007" type="1" discard="1" dealt="1" sum="20"/>
<action no="4" player="oreiasccp" type="2" sum="40"/>
</round>
<round no="1"><cards type="Pocket" player="Vasilas007">CA C3</cards>
<cards type="Pocket" player="oreiasccp">HQ S10</cards>
<action no="5" player="Vasilas007" type="3" discard="1" dealt="1" sum="20"/>
<action no="6" player="oreiasccp" type="23" sum="201"/>
<action no="7" player="Vasilas007" type="7" discard="1" dealt="1" sum="161"/>
</round>
<round no="2"><cards type="Flop">S6 C4 S5</cards>
</round>
<round no="3"><cards type="Turn">DA</cards>
</round>
<round no="4"><cards type="River">D3</cards>
</round>
</game>
<game gamecode="11516880624"><general><startdate>2025-06-17 10:32:09</startdate>
<round>1</round>
<failsafecounter/>
<players><player seat="3" name="Vasilas007" chips="412" dealer="0" win="0" bet="45" muck="1" rebuy="0" addon="0" merge="0" rebuychips="0" reg_code="8385522334"/>
<player seat="6" name="oreiasccp" chips="1,088" dealer="1" win="90" bet="412" muck="1" rebuy="0" addon="0" merge="0" rebuychips="0" reg_code="8385522356"/>
</players>
</general>
<round no="0"><action no="1" player="oreiasccp" type="15" sum="5"/>
<action no="2" player="Vasilas007" type="15" discard="1" dealt="1" sum="5"/>
<action no="3" player="oreiasccp" type="1" sum="20"/>
<action no="4" player="Vasilas007" type="2" discard="1" dealt="1" sum="40"/>
</round>
<round no="1"><cards type="Pocket" player="oreiasccp">S5 HA</cards>
<cards type="Pocket" player="Vasilas007">X X</cards>
<action no="5" player="oreiasccp" type="23" sum="407"/>
<action no="6" player="Vasilas007" type="0" discard="1" dealt="1" sum="0"/>
</round>
</game>
<game gamecode="11516880657"><general><startdate>2025-06-17 10:32:16</startdate>
<round>1</round>
<failsafecounter/>
<players><player seat="6" name="oreiasccp" chips="1,133" dealer="0" win="90" bet="165" muck="1" rebuy="0" addon="0" merge="0" rebuychips="0" reg_code="8385522356"/>
<player seat="3" name="Vasilas007" chips="367" dealer="1" win="0" bet="45" muck="1" rebuy="0" addon="0" merge="0" rebuychips="0" reg_code="8385522334"/>
</players>
</general>
<round no="0"><action no="1" player="Vasilas007" type="15" discard="1" dealt="1" sum="5"/>
<action no="2" player="oreiasccp" type="15" sum="5"/>
<action no="3" player="Vasilas007" type="1" discard="1" dealt="1" sum="20"/>
<action no="4" player="oreiasccp" type="2" sum="40"/>
</round>
<round no="1"><cards type="Pocket" player="Vasilas007">X X</cards>
<cards type="Pocket" player="oreiasccp">H8 H10</cards>
<action no="5" player="Vasilas007" type="3" discard="1" dealt="1" sum="20"/>
<action no="6" player="oreiasccp" type="4" sum="0"/>
</round>
<round no="2"><cards type="Flop">H5 H6 C7</cards>
<action no="7" player="oreiasccp" type="4" sum="0"/>
<action no="8" player="Vasilas007" type="4" discard="1" dealt="1" sum="0"/>
</round>
<round no="3"><cards type="Turn">SA</cards>
<action no="9" player="oreiasccp" type="4" sum="0"/>
<action no="10" player="Vasilas007" type="4" discard="1" dealt="1" sum="0"/>
</round>
<round no="4"><cards type="River">HQ</cards>
<action no="11" player="oreiasccp" type="5" sum="120"/>
<action no="12" player="Vasilas007" type="0" discard="1" dealt="1" sum="0"/>
</round>
</game>
<game gamecode="11516880790"><general><startdate>2025-06-17 10:32:47</startdate>
<round>1</round>
<failsafecounter/>
<players><player seat="3" name="Vasilas007" chips="322" dealer="0" win="90" bet="85" muck="1" rebuy="0" addon="0" merge="0" rebuychips="0" reg_code="8385522334"/>
<player seat="6" name="oreiasccp" chips="1,178" dealer="1" win="0" bet="45" muck="1" rebuy="0" addon="0" merge="0" rebuychips="0" reg_code="8385522356"/>
</players>
</general>
<round no="0"><action no="1" player="oreiasccp" type="15" sum="5"/>
<action no="2" player="Vasilas007" type="15" discard="1" dealt="1" sum="5"/>
<action no="3" player="oreiasccp" type="1" sum="20"/>
<action no="4" player="Vasilas007" type="2" discard="1" dealt="1" sum="40"/>
</round>
<round no="1"><cards type="Pocket" player="oreiasccp">CJ H6</cards>
<cards type="Pocket" player="Vasilas007">X X</cards>
<action no="5" player="oreiasccp" type="3" sum="20"/>
<action no="6" player="Vasilas007" type="23" discard="1" dealt="1" sum="80"/>
<action no="7" player="oreiasccp" type="0" sum="0"/>
</round>
</game>
<game gamecode="11516880831"><general><startdate>2025-06-17 10:32:57</startdate>
<round>1</round>
<failsafecounter/>
<players><player seat="6" name="oreiasccp" chips="1,133" dealer="0" win="90" bet="85" muck="1" rebuy="0" addon="0" merge="0" rebuychips="0" reg_code="8385522356"/>
<player seat="3" name="Vasilas007" chips="367" dealer="1" win="0" bet="45" muck="1" rebuy="0" addon="0" merge="0" rebuychips="0" reg_code="8385522334"/>
</players>
</general>
<round no="0"><action no="1" player="Vasilas007" type="15" discard="1" dealt="1" sum="5"/>
<action no="2" player="oreiasccp" type="15" sum="5"/>
<action no="3" player="Vasilas007" type="1" discard="1" dealt="1" sum="20"/>
<action no="4" player="oreiasccp" type="2" sum="40"/>
</round>
<round no="1"><cards type="Pocket" player="oreiasccp">H6 D10</cards>
<cards type="Pocket" player="Vasilas007">X X</cards>
<action no="5" player="Vasilas007" type="3" discard="1" dealt="1" sum="20"/>
<action no="6" player="oreiasccp" type="4" sum="0"/>
</round>
<round no="2"><cards type="Flop">H5 HK H8</cards>
<action no="7" player="oreiasccp" type="4" sum="0"/>
<action no="8" player="Vasilas007" type="4" discard="1" dealt="1" sum="0"/>
</round>
<round no="3"><cards type="Turn">S9</cards>
<action no="9" player="oreiasccp" type="5" sum="40"/>
<action no="10" player="Vasilas007" type="0" discard="1" dealt="1" sum="0"/>
</round>
</game>
<game gamecode="11516880916"><general><startdate>2025-06-17 10:33:21</startdate>
<round>1</round>
<failsafecounter/>
<players><player seat="3" name="Vasilas007" chips="322" dealer="0" win="0" bet="322" muck="0" rebuy="0" addon="0" merge="0" rebuychips="0" reg_code="8385522334"/>
<player seat="6" name="oreiasccp" chips="1,178" dealer="1" win="644" bet="322" muck="0" rebuy="0" addon="0" merge="0" rebuychips="0" reg_code="8385522356"/>
</players>
</general>
<round no="0"><action no="1" player="oreiasccp" type="15" sum="5"/>
<action no="2" player="Vasilas007" type="15" discard="1" dealt="1" sum="5"/>
<action no="3" player="oreiasccp" type="1" sum="30"/>
<action no="4" player="Vasilas007" type="2" discard="1" dealt="1" sum="60"/>
</round>
<round no="1"><cards type="Pocket" player="Vasilas007">HK H10</cards>
<cards type="Pocket" player="oreiasccp">SA D4</cards>
<action no="5" player="oreiasccp" type="23" sum="317"/>
<action no="6" player="Vasilas007" type="7" discard="1" dealt="1" sum="257"/>
</round>
<round no="2"><cards type="Flop">C4 DA H2</cards>
</round>
<round no="3"><cards type="Turn">D3</cards>
</round>
<round no="4"><cards type="River">H9</cards>
</round>
</game>
</session>
