<?xml version="1.0" encoding="UTF-8"?>
<session sessioncode="8385483047">
<general>
<client_version>24.7.1.16</client_version>
<mode>real</mode>
<gametype>Holdem NL</gametype>
<tablename>Twister €5 SNG, 1127659615</tablename>
<tournamentcode>1127659614</tournamentcode>
<tournamentname>Twister €5 SNG</tournamentname>
<buyin>€0 + €0.35 + €4.65</buyin>
<totalbuyin>€5</totalbuyin>
<rewarddrawn>€25</rewarddrawn>
<tournamentcurrency>EUR</tournamentcurrency>
<currency>EUR</currency>
<nickname>oreiasccp</nickname>
<gamecount>20</gamecount>
<startdate>2025-06-17 07:14:52</startdate>
<place>3</place>
<win>€0</win>
<tablesize>3</tablesize>
</general>
<game gamecode="11516751653"><general><startdate>2025-06-17 07:15:07</startdate>
<round>1</round>
<failsafecounter/>
<players><player seat="6" name="6663366834535111" chips="500" dealer="0" win="200" bet="340" muck="1" rebuy="0" addon="0" merge="0" rebuychips="0" reg_code="8385483072"/>
<player seat="10" name="Sp1nX" chips="500" dealer="1" win="0" bet="0" muck="1" rebuy="0" addon="0" merge="0" rebuychips="0" reg_code="8385483074"/>
<player seat="3" name="oreiasccp" chips="500" dealer="0" win="0" bet="100" muck="1" rebuy="0" addon="0" merge="0" rebuychips="0" reg_code="8385483047"/>
</players>
</general>
<round no="0"><action no="1" player="oreiasccp" type="1" sum="10"/>
<action no="2" player="6663366834535111" type="2" discard="1" dealt="1" sum="20"/>
</round>
<round no="1"><cards type="Pocket" player="Sp1nX">X X</cards>
<cards type="Pocket" player="oreiasccp">S8 H9</cards>
<cards type="Pocket" player="6663366834535111">X X</cards>
<action no="3" player="Sp1nX" type="0" discard="1" dealt="1" sum="0"/>
<action no="4" player="oreiasccp" type="23" sum="40"/>
<action no="5" player="6663366834535111" type="3" discard="1" dealt="1" sum="20"/>
</round>
<round no="2"><cards type="Flop">CA D2 SK</cards>
<action no="6" player="oreiasccp" type="5" sum="20"/>
<action no="7" player="6663366834535111" type="3" discard="1" dealt="1" sum="20"/>
</round>
<round no="3"><cards type="Turn">H4</cards>
<action no="8" player="oreiasccp" type="4" sum="0"/>
<action no="9" player="6663366834535111" type="5" discard="1" dealt="1" sum="40"/>
<action no="10" player="oreiasccp" type="3" sum="40"/>
</round>
<round no="4"><cards type="River">H3</cards>
<action no="11" player="oreiasccp" type="4" sum="0"/>
<action no="12" player="6663366834535111" type="5" discard="1" dealt="1" sum="240"/>
<action no="13" player="oreiasccp" type="0" sum="0"/>
</round>
</game>
<game gamecode="11516751750"><general><startdate>2025-06-17 07:15:42</startdate>
<round>1</round>
<failsafecounter/>
<players><player seat="10" name="Sp1nX" chips="500" dealer="0" win="210" bet="185" muck="1" rebuy="0" addon="0" merge="0" rebuychips="0" reg_code="8385483074"/>
<player seat="3" name="oreiasccp" chips="400" dealer="1" win="0" bet="70" muck="1" rebuy="0" addon="0" merge="0" rebuychips="0" reg_code="8385483047"/>
<player seat="6" name="6663366834535111" chips="600" dealer="0" win="0" bet="70" muck="1" rebuy="0" addon="0" merge="0" rebuychips="0" reg_code="8385483072"/>
</players>
</general>
<round no="0"><action no="1" player="6663366834535111" type="1" discard="1" dealt="1" sum="10"/>
<action no="2" player="Sp1nX" type="2" discard="1" dealt="1" sum="20"/>
</round>
<round no="1"><cards type="Pocket" player="6663366834535111">X X</cards>
<cards type="Pocket" player="oreiasccp">CA D8</cards>
<cards type="Pocket" player="Sp1nX">X X</cards>
<action no="3" player="oreiasccp" type="23" sum="40"/>
<action no="4" player="6663366834535111" type="3" discard="1" dealt="1" sum="30"/>
<action no="5" player="Sp1nX" type="3" discard="1" dealt="1" sum="20"/>
</round>
<round no="2"><cards type="Flop">SA D6 S7</cards>
<action no="6" player="6663366834535111" type="4" discard="1" dealt="1" sum="0"/>
<action no="7" player="Sp1nX" type="4" discard="1" dealt="1" sum="0"/>
<action no="8" player="oreiasccp" type="5" sum="30"/>
<action no="9" player="6663366834535111" type="3" discard="1" dealt="1" sum="30"/>
<action no="10" player="Sp1nX" type="3" discard="1" dealt="1" sum="30"/>
</round>
<round no="3"><cards type="Turn">S4</cards>
<action no="11" player="6663366834535111" type="4" discard="1" dealt="1" sum="0"/>
<action no="12" player="Sp1nX" type="4" discard="1" dealt="1" sum="0"/>
<action no="13" player="oreiasccp" type="4" sum="0"/>
</round>
<round no="4"><cards type="River">C3</cards>
<action no="14" player="6663366834535111" type="4" discard="1" dealt="1" sum="0"/>
<action no="15" player="Sp1nX" type="5" discard="1" dealt="1" sum="115"/>
<action no="16" player="oreiasccp" type="0" sum="0"/>
<action no="17" player="6663366834535111" type="0" discard="1" dealt="1" sum="0"/>
</round>
</game>
<game gamecode="11516751878"><general><startdate>2025-06-17 07:16:22</startdate>
<round>1</round>
<failsafecounter/>
<players><player seat="3" name="oreiasccp" chips="330" dealer="0" win="20" bet="20" muck="1" rebuy="0" addon="0" merge="0" rebuychips="0" reg_code="8385483047"/>
<player seat="6" name="6663366834535111" chips="530" dealer="1" win="0" bet="0" muck="1" rebuy="0" addon="0" merge="0" rebuychips="0" reg_code="8385483072"/>
<player seat="10" name="Sp1nX" chips="640" dealer="0" win="0" bet="10" muck="1" rebuy="0" addon="0" merge="0" rebuychips="0" reg_code="8385483074"/>
</players>
</general>
<round no="0"><action no="1" player="Sp1nX" type="1" discard="1" dealt="1" sum="10"/>
<action no="2" player="oreiasccp" type="2" sum="20"/>
</round>
<round no="1"><cards type="Pocket" player="6663366834535111">X X</cards>
<cards type="Pocket" player="oreiasccp">S10 SK</cards>
<cards type="Pocket" player="Sp1nX">X X</cards>
<action no="3" player="6663366834535111" type="0" discard="1" dealt="1" sum="0"/>
<action no="4" player="Sp1nX" type="0" discard="1" dealt="1" sum="0"/>
</round>
</game>
<game gamecode="11516751905"><general><startdate>2025-06-17 07:16:31</startdate>
<round>1</round>
<failsafecounter/>
<players><player seat="6" name="6663366834535111" chips="530" dealer="0" win="0" bet="80" muck="1" rebuy="0" addon="0" merge="0" rebuychips="0" reg_code="8385483072"/>
<player seat="10" name="Sp1nX" chips="630" dealer="1" win="170" bet="630" muck="1" rebuy="0" addon="0" merge="0" rebuychips="0" reg_code="8385483074"/>
<player seat="3" name="oreiasccp" chips="340" dealer="0" win="0" bet="10" muck="1" rebuy="0" addon="0" merge="0" rebuychips="0" reg_code="8385483047"/>
</players>
</general>
<round no="0"><action no="1" player="oreiasccp" type="1" sum="10"/>
<action no="2" player="6663366834535111" type="2" discard="1" dealt="1" sum="20"/>
</round>
<round no="1"><cards type="Pocket" player="Sp1nX">X X</cards>
<cards type="Pocket" player="oreiasccp">H5 S2</cards>
<cards type="Pocket" player="6663366834535111">X X</cards>
<action no="3" player="Sp1nX" type="23" discard="1" dealt="1" sum="40"/>
<action no="4" player="oreiasccp" type="0" sum="0"/>
<action no="5" player="6663366834535111" type="3" discard="1" dealt="1" sum="20"/>
</round>
<round no="2"><cards type="Flop">SJ SK C9</cards>
<action no="6" player="6663366834535111" type="4" discard="1" dealt="1" sum="0"/>
<action no="7" player="Sp1nX" type="4" discard="1" dealt="1" sum="0"/>
</round>
<round no="3"><cards type="Turn">S6</cards>
<action no="8" player="6663366834535111" type="5" discard="1" dealt="1" sum="40"/>
<action no="9" player="Sp1nX" type="23" discard="1" dealt="1" sum="590"/>
<action no="10" player="6663366834535111" type="0" discard="1" dealt="1" sum="0"/>
</round>
</game>
<game gamecode="11516751961"><general><startdate>2025-06-17 07:16:50</startdate>
<round>1</round>
<failsafecounter/>
<players><player seat="10" name="Sp1nX" chips="720" dealer="0" win="0" bet="70" muck="1" rebuy="0" addon="0" merge="0" rebuychips="0" reg_code="8385483074"/>
<player seat="3" name="oreiasccp" chips="330" dealer="1" win="210" bet="330" muck="1" rebuy="0" addon="0" merge="0" rebuychips="0" reg_code="8385483047"/>
<player seat="6" name="6663366834535111" chips="450" dealer="0" win="0" bet="70" muck="1" rebuy="0" addon="0" merge="0" rebuychips="0" reg_code="8385483072"/>
</players>
</general>
<round no="0"><action no="1" player="6663366834535111" type="1" discard="1" dealt="1" sum="10"/>
<action no="2" player="Sp1nX" type="2" discard="1" dealt="1" sum="20"/>
</round>
<round no="1"><cards type="Pocket" player="Sp1nX">X X</cards>
<cards type="Pocket" player="oreiasccp">CQ C9</cards>
<cards type="Pocket" player="6663366834535111">X X</cards>
<action no="3" player="oreiasccp" type="23" sum="40"/>
<action no="4" player="6663366834535111" type="3" discard="1" dealt="1" sum="30"/>
<action no="5" player="Sp1nX" type="3" discard="1" dealt="1" sum="20"/>
</round>
<round no="2"><cards type="Flop">S9 D3 SA</cards>
<action no="6" player="6663366834535111" type="4" discard="1" dealt="1" sum="0"/>
<action no="7" player="Sp1nX" type="4" discard="1" dealt="1" sum="0"/>
<action no="8" player="oreiasccp" type="5" sum="30"/>
<action no="9" player="6663366834535111" type="3" discard="1" dealt="1" sum="30"/>
<action no="10" player="Sp1nX" type="3" discard="1" dealt="1" sum="30"/>
</round>
<round no="3"><cards type="Turn">DQ</cards>
<action no="11" player="6663366834535111" type="4" discard="1" dealt="1" sum="0"/>
<action no="12" player="Sp1nX" type="4" discard="1" dealt="1" sum="0"/>
<action no="13" player="oreiasccp" type="5" sum="260"/>
<action no="14" player="6663366834535111" type="0" discard="1" dealt="1" sum="0"/>
<action no="15" player="Sp1nX" type="0" discard="1" dealt="1" sum="0"/>
</round>
</game>
<game gamecode="11516752052"><general><startdate>2025-06-17 07:17:18</startdate>
<round>1</round>
<failsafecounter/>
<players><player seat="3" name="oreiasccp" chips="470" dealer="0" win="0" bet="35" muck="1" rebuy="0" addon="0" merge="0" rebuychips="0" reg_code="8385483047"/>
<player seat="6" name="6663366834535111" chips="380" dealer="1" win="0" bet="5" muck="1" rebuy="0" addon="0" merge="0" rebuychips="0" reg_code="8385483072"/>
<player seat="10" name="Sp1nX" chips="650" dealer="0" win="75" bet="650" muck="1" rebuy="0" addon="0" merge="0" rebuychips="0" reg_code="8385483074"/>
</players>
</general>
<round no="0"><action no="1" player="Sp1nX" type="15" discard="1" dealt="1" sum="5"/>
<action no="2" player="oreiasccp" type="15" sum="5"/>
<action no="3" player="6663366834535111" type="15" discard="1" dealt="1" sum="5"/>
<action no="4" player="Sp1nX" type="1" discard="1" dealt="1" sum="15"/>
<action no="5" player="oreiasccp" type="2" sum="30"/>
</round>
<round no="1"><cards type="Pocket" player="oreiasccp">SK HJ</cards>
<cards type="Pocket" player="6663366834535111">X X</cards>
<cards type="Pocket" player="Sp1nX">X X</cards>
<action no="6" player="6663366834535111" type="0" discard="1" dealt="1" sum="0"/>
<action no="7" player="Sp1nX" type="23" discard="1" dealt="1" sum="645"/>
<action no="8" player="oreiasccp" type="0" sum="0"/>
</round>
</game>
<game gamecode="11516752084"><general><startdate>2025-06-17 07:17:28</startdate>
<round>1</round>
<failsafecounter/>
<players><player seat="6" name="6663366834535111" chips="375" dealer="0" win="0" bet="35" muck="1" rebuy="0" addon="0" merge="0" rebuychips="0" reg_code="8385483072"/>
<player seat="10" name="Sp1nX" chips="690" dealer="1" win="90" bet="690" muck="1" rebuy="0" addon="0" merge="0" rebuychips="0" reg_code="8385483074"/>
<player seat="3" name="oreiasccp" chips="435" dealer="0" win="0" bet="20" muck="1" rebuy="0" addon="0" merge="0" rebuychips="0" reg_code="8385483047"/>
</players>
</general>
<round no="0"><action no="1" player="oreiasccp" type="15" sum="5"/>
<action no="2" player="6663366834535111" type="15" discard="1" dealt="1" sum="5"/>
<action no="3" player="Sp1nX" type="15" discard="1" dealt="1" sum="5"/>
<action no="4" player="oreiasccp" type="1" sum="15"/>
<action no="5" player="6663366834535111" type="2" discard="1" dealt="1" sum="30"/>
</round>
<round no="1"><cards type="Pocket" player="Sp1nX">X X</cards>
<cards type="Pocket" player="oreiasccp">HA H6</cards>
<cards type="Pocket" player="6663366834535111">X X</cards>
<action no="6" player="Sp1nX" type="23" discard="1" dealt="1" sum="685"/>
<action no="7" player="oreiasccp" type="0" sum="0"/>
<action no="8" player="6663366834535111" type="0" discard="1" dealt="1" sum="0"/>
</round>
</game>
<game gamecode="11516752135"><general><startdate>2025-06-17 07:17:46</startdate>
<round>1</round>
<failsafecounter/>
<players><player seat="10" name="Sp1nX" chips="745" dealer="0" win="0" bet="125" muck="1" rebuy="0" addon="0" merge="0" rebuychips="0" reg_code="8385483074"/>
<player seat="3" name="oreiasccp" chips="415" dealer="1" win="0" bet="5" muck="1" rebuy="0" addon="0" merge="0" rebuychips="0" reg_code="8385483047"/>
<player seat="6" name="6663366834535111" chips="340" dealer="0" win="255" bet="245" muck="1" rebuy="0" addon="0" merge="0" rebuychips="0" reg_code="8385483072"/>
</players>
</general>
<round no="0"><action no="1" player="6663366834535111" type="15" discard="1" dealt="1" sum="5"/>
<action no="2" player="Sp1nX" type="15" discard="1" dealt="1" sum="5"/>
<action no="3" player="oreiasccp" type="15" sum="5"/>
<action no="4" player="6663366834535111" type="1" discard="1" dealt="1" sum="15"/>
<action no="5" player="Sp1nX" type="2" discard="1" dealt="1" sum="30"/>
</round>
<round no="1"><cards type="Pocket" player="6663366834535111">X X</cards>
<cards type="Pocket" player="oreiasccp">DJ H4</cards>
<cards type="Pocket" player="Sp1nX">X X</cards>
<action no="6" player="oreiasccp" type="0" sum="0"/>
<action no="7" player="6663366834535111" type="3" discard="1" dealt="1" sum="15"/>
<action no="8" player="Sp1nX" type="4" discard="1" dealt="1" sum="0"/>
</round>
<round no="2"><cards type="Flop">SA C6 D9</cards>
<action no="9" player="6663366834535111" type="4" discard="1" dealt="1" sum="0"/>
<action no="10" player="Sp1nX" type="4" discard="1" dealt="1" sum="0"/>
</round>
<round no="3"><cards type="Turn">D10</cards>
<action no="11" player="6663366834535111" type="4" discard="1" dealt="1" sum="0"/>
<action no="12" player="Sp1nX" type="5" discard="1" dealt="1" sum="30"/>
<action no="13" player="6663366834535111" type="3" discard="1" dealt="1" sum="30"/>
</round>
<round no="4"><cards type="River">S7</cards>
<action no="14" player="6663366834535111" type="4" discard="1" dealt="1" sum="0"/>
<action no="15" player="Sp1nX" type="5" discard="1" dealt="1" sum="60"/>
<action no="16" player="6663366834535111" type="23" discard="1" dealt="1" sum="180"/>
<action no="17" player="Sp1nX" type="0" discard="1" dealt="1" sum="0"/>
</round>
</game>
<game gamecode="11516752236"><general><startdate>2025-06-17 07:18:18</startdate>
<round>1</round>
<failsafecounter/>
<players><player seat="3" name="oreiasccp" chips="410" dealer="0" win="45" bet="35" muck="1" rebuy="0" addon="0" merge="0" rebuychips="0" reg_code="8385483047"/>
<player seat="6" name="6663366834535111" chips="470" dealer="1" win="0" bet="5" muck="1" rebuy="0" addon="0" merge="0" rebuychips="0" reg_code="8385483072"/>
<player seat="10" name="Sp1nX" chips="620" dealer="0" win="0" bet="20" muck="1" rebuy="0" addon="0" merge="0" rebuychips="0" reg_code="8385483074"/>
</players>
</general>
<round no="0"><action no="1" player="Sp1nX" type="15" discard="1" dealt="1" sum="5"/>
<action no="2" player="oreiasccp" type="15" sum="5"/>
<action no="3" player="6663366834535111" type="15" discard="1" dealt="1" sum="5"/>
<action no="4" player="Sp1nX" type="1" discard="1" dealt="1" sum="15"/>
<action no="5" player="oreiasccp" type="2" sum="30"/>
</round>
<round no="1"><cards type="Pocket" player="oreiasccp">H7 CA</cards>
<cards type="Pocket" player="6663366834535111">X X</cards>
<cards type="Pocket" player="Sp1nX">X X</cards>
<action no="6" player="6663366834535111" type="0" discard="1" dealt="1" sum="0"/>
<action no="7" player="Sp1nX" type="0" discard="1" dealt="1" sum="0"/>
</round>
</game>
<game gamecode="11516752254"><general><startdate>2025-06-17 07:18:25</startdate>
<round>1</round>
<failsafecounter/>
<players><player seat="6" name="6663366834535111" chips="465" dealer="0" win="270" bet="215" muck="1" rebuy="0" addon="0" merge="0" rebuychips="0" reg_code="8385483072"/>
<player seat="10" name="Sp1nX" chips="600" dealer="1" win="0" bet="125" muck="1" rebuy="0" addon="0" merge="0" rebuychips="0" reg_code="8385483074"/>
<player seat="3" name="oreiasccp" chips="435" dealer="0" win="0" bet="20" muck="1" rebuy="0" addon="0" merge="0" rebuychips="0" reg_code="8385483047"/>
</players>
</general>
<round no="0"><action no="1" player="oreiasccp" type="15" sum="5"/>
<action no="2" player="6663366834535111" type="15" discard="1" dealt="1" sum="5"/>
<action no="3" player="Sp1nX" type="15" discard="1" dealt="1" sum="5"/>
<action no="4" player="oreiasccp" type="1" sum="15"/>
<action no="5" player="6663366834535111" type="2" discard="1" dealt="1" sum="30"/>
</round>
<round no="1"><cards type="Pocket" player="oreiasccp">S6 S8</cards>
<cards type="Pocket" player="Sp1nX">X X</cards>
<cards type="Pocket" player="6663366834535111">X X</cards>
<action no="6" player="Sp1nX" type="23" discard="1" dealt="1" sum="60"/>
<action no="7" player="oreiasccp" type="0" sum="0"/>
<action no="8" player="6663366834535111" type="3" discard="1" dealt="1" sum="30"/>
</round>
<round no="2"><cards type="Flop">S10 D5 HJ</cards>
<action no="9" player="6663366834535111" type="5" discard="1" dealt="1" sum="60"/>
<action no="10" player="Sp1nX" type="3" discard="1" dealt="1" sum="60"/>
</round>
<round no="3"><cards type="Turn">S5</cards>
<action no="11" player="6663366834535111" type="4" discard="1" dealt="1" sum="0"/>
<action no="12" player="Sp1nX" type="4" discard="1" dealt="1" sum="0"/>
</round>
<round no="4"><cards type="River">C2</cards>
<action no="13" player="6663366834535111" type="5" discard="1" dealt="1" sum="90"/>
<action no="14" player="Sp1nX" type="0" discard="1" dealt="1" sum="0"/>
</round>
</game>
<game gamecode="11516752336"><general><startdate>2025-06-17 07:18:50</startdate>
<round>1</round>
<failsafecounter/>
<players><player seat="10" name="Sp1nX" chips="475" dealer="0" win="0" bet="35" muck="1" rebuy="0" addon="0" merge="0" rebuychips="0" reg_code="8385483074"/>
<player seat="3" name="oreiasccp" chips="415" dealer="1" win="90" bet="415" muck="1" rebuy="0" addon="0" merge="0" rebuychips="0" reg_code="8385483047"/>
<player seat="6" name="6663366834535111" chips="610" dealer="0" win="0" bet="20" muck="1" rebuy="0" addon="0" merge="0" rebuychips="0" reg_code="8385483072"/>
</players>
</general>
<round no="0"><action no="1" player="6663366834535111" type="15" discard="1" dealt="1" sum="5"/>
<action no="2" player="Sp1nX" type="15" discard="1" dealt="1" sum="5"/>
<action no="3" player="oreiasccp" type="15" sum="5"/>
<action no="4" player="6663366834535111" type="1" discard="1" dealt="1" sum="15"/>
<action no="5" player="Sp1nX" type="2" discard="1" dealt="1" sum="30"/>
</round>
<round no="1"><cards type="Pocket" player="Sp1nX">X X</cards>
<cards type="Pocket" player="6663366834535111">X X</cards>
<cards type="Pocket" player="oreiasccp">S6 D6</cards>
<action no="6" player="oreiasccp" type="23" sum="410"/>
<action no="7" player="6663366834535111" type="0" discard="1" dealt="1" sum="0"/>
<action no="8" player="Sp1nX" type="0" discard="1" dealt="1" sum="0"/>
</round>
</game>
<game gamecode="11516752363"><general><startdate>2025-06-17 07:18:57</startdate>
<round>1</round>
<failsafecounter/>
<players><player seat="3" name="oreiasccp" chips="470" dealer="0" win="0" bet="35" muck="1" rebuy="0" addon="0" merge="0" rebuychips="0" reg_code="8385483047"/>
<player seat="6" name="6663366834535111" chips="590" dealer="1" win="0" bet="5" muck="1" rebuy="0" addon="0" merge="0" rebuychips="0" reg_code="8385483072"/>
<player seat="10" name="Sp1nX" chips="440" dealer="0" win="75" bet="440" muck="1" rebuy="0" addon="0" merge="0" rebuychips="0" reg_code="8385483074"/>
</players>
</general>
<round no="0"><action no="1" player="Sp1nX" type="15" discard="1" dealt="1" sum="5"/>
<action no="2" player="oreiasccp" type="15" sum="5"/>
<action no="3" player="6663366834535111" type="15" discard="1" dealt="1" sum="5"/>
<action no="4" player="Sp1nX" type="1" discard="1" dealt="1" sum="15"/>
<action no="5" player="oreiasccp" type="2" sum="30"/>
</round>
<round no="1"><cards type="Pocket" player="oreiasccp">S9 DQ</cards>
<cards type="Pocket" player="Sp1nX">X X</cards>
<cards type="Pocket" player="6663366834535111">X X</cards>
<action no="6" player="6663366834535111" type="0" discard="1" dealt="1" sum="0"/>
<action no="7" player="Sp1nX" type="23" discard="1" dealt="1" sum="435"/>
<action no="8" player="oreiasccp" type="0" sum="0"/>
</round>
</game>
<game gamecode="11516752393"><general><startdate>2025-06-17 07:19:06</startdate>
<round>1</round>
<failsafecounter/>
<players><player seat="6" name="6663366834535111" chips="585" dealer="0" win="255" bet="225" muck="1" rebuy="0" addon="0" merge="0" rebuychips="0" reg_code="8385483072"/>
<player seat="10" name="Sp1nX" chips="480" dealer="1" win="0" bet="5" muck="1" rebuy="0" addon="0" merge="0" rebuychips="0" reg_code="8385483074"/>
<player seat="3" name="oreiasccp" chips="435" dealer="0" win="0" bet="125" muck="1" rebuy="0" addon="0" merge="0" rebuychips="0" reg_code="8385483047"/>
</players>
</general>
<round no="0"><action no="1" player="oreiasccp" type="15" sum="5"/>
<action no="2" player="6663366834535111" type="15" discard="1" dealt="1" sum="5"/>
<action no="3" player="Sp1nX" type="15" discard="1" dealt="1" sum="5"/>
<action no="4" player="oreiasccp" type="1" sum="20"/>
<action no="5" player="6663366834535111" type="2" discard="1" dealt="1" sum="40"/>
</round>
<round no="1"><cards type="Pocket" player="oreiasccp">S10 C7</cards>
<cards type="Pocket" player="6663366834535111">X X</cards>
<cards type="Pocket" player="Sp1nX">X X</cards>
<action no="6" player="Sp1nX" type="0" discard="1" dealt="1" sum="0"/>
<action no="7" player="oreiasccp" type="23" sum="80"/>
<action no="8" player="6663366834535111" type="3" discard="1" dealt="1" sum="40"/>
</round>
<round no="2"><cards type="Flop">DA D8 C2</cards>
<action no="9" player="oreiasccp" type="5" sum="40"/>
<action no="10" player="6663366834535111" type="3" discard="1" dealt="1" sum="40"/>
</round>
<round no="3"><cards type="Turn">CQ</cards>
<action no="11" player="oreiasccp" type="4" sum="0"/>
<action no="12" player="6663366834535111" type="4" discard="1" dealt="1" sum="0"/>
</round>
<round no="4"><cards type="River">SA</cards>
<action no="13" player="oreiasccp" type="4" sum="0"/>
<action no="14" player="6663366834535111" type="5" discard="1" dealt="1" sum="100"/>
<action no="15" player="oreiasccp" type="0" sum="0"/>
</round>
</game>
<game gamecode="11516752501"><general><startdate>2025-06-17 07:19:41</startdate>
<round>1</round>
<failsafecounter/>
<players><player seat="10" name="Sp1nX" chips="475" dealer="0" win="955" bet="475" muck="0" rebuy="0" addon="0" merge="0" rebuychips="0" reg_code="8385483074"/>
<player seat="3" name="oreiasccp" chips="310" dealer="1" win="0" bet="5" muck="1" rebuy="0" addon="0" merge="0" rebuychips="0" reg_code="8385483047"/>
<player seat="6" name="6663366834535111" chips="715" dealer="0" win="0" bet="475" muck="1" rebuy="0" addon="0" merge="0" rebuychips="0" reg_code="8385483072"/>
</players>
</general>
<round no="0"><action no="1" player="6663366834535111" type="15" discard="1" dealt="1" sum="5"/>
<action no="2" player="Sp1nX" type="15" discard="1" dealt="1" sum="5"/>
<action no="3" player="oreiasccp" type="15" sum="5"/>
<action no="4" player="6663366834535111" type="1" discard="1" dealt="1" sum="20"/>
<action no="5" player="Sp1nX" type="2" discard="1" dealt="1" sum="40"/>
</round>
<round no="1"><cards type="Pocket" player="oreiasccp">S10 D9</cards>
<cards type="Pocket" player="Sp1nX">DA C10</cards>
<cards type="Pocket" player="6663366834535111">CJ SA</cards>
<action no="6" player="oreiasccp" type="0" sum="0"/>
<action no="7" player="6663366834535111" type="3" discard="1" dealt="1" sum="20"/>
<action no="8" player="Sp1nX" type="23" discard="1" dealt="1" sum="470"/>
<action no="9" player="6663366834535111" type="3" discard="1" dealt="1" sum="430"/>
</round>
<round no="2"><cards type="Flop">SK S2 SQ</cards>
</round>
<round no="3"><cards type="Turn">DJ</cards>
</round>
<round no="4"><cards type="River">D5</cards>
</round>
</game>
<game gamecode="11516752556"><general><startdate>2025-06-17 07:20:00</startdate>
<round>1</round>
<failsafecounter/>
<players><player seat="3" name="oreiasccp" chips="305" dealer="0" win="0" bet="45" muck="1" rebuy="0" addon="0" merge="0" rebuychips="0" reg_code="8385483047"/>
<player seat="6" name="6663366834535111" chips="240" dealer="1" win="0" bet="5" muck="1" rebuy="0" addon="0" merge="0" rebuychips="0" reg_code="8385483072"/>
<player seat="10" name="Sp1nX" chips="955" dealer="0" win="95" bet="955" muck="1" rebuy="0" addon="0" merge="0" rebuychips="0" reg_code="8385483074"/>
</players>
</general>
<round no="0"><action no="1" player="Sp1nX" type="15" discard="1" dealt="1" sum="5"/>
<action no="2" player="oreiasccp" type="15" sum="5"/>
<action no="3" player="6663366834535111" type="15" discard="1" dealt="1" sum="5"/>
<action no="4" player="Sp1nX" type="1" discard="1" dealt="1" sum="20"/>
<action no="5" player="oreiasccp" type="2" sum="40"/>
</round>
<round no="1"><cards type="Pocket" player="Sp1nX">X X</cards>
<cards type="Pocket" player="6663366834535111">X X</cards>
<cards type="Pocket" player="oreiasccp">D9 H2</cards>
<action no="6" player="6663366834535111" type="0" discard="1" dealt="1" sum="0"/>
<action no="7" player="Sp1nX" type="23" discard="1" dealt="1" sum="950"/>
<action no="8" player="oreiasccp" type="0" sum="0"/>
</round>
</game>
<game gamecode="11516752580"><general><startdate>2025-06-17 07:20:08</startdate>
<round>1</round>
<failsafecounter/>
<players><player seat="6" name="6663366834535111" chips="235" dealer="0" win="0" bet="45" muck="1" rebuy="0" addon="0" merge="0" rebuychips="0" reg_code="8385483072"/>
<player seat="10" name="Sp1nX" chips="1,005" dealer="1" win="115" bet="1,005" muck="1" rebuy="0" addon="0" merge="0" rebuychips="0" reg_code="8385483074"/>
<player seat="3" name="oreiasccp" chips="260" dealer="0" win="0" bet="25" muck="1" rebuy="0" addon="0" merge="0" rebuychips="0" reg_code="8385483047"/>
</players>
</general>
<round no="0"><action no="1" player="oreiasccp" type="15" sum="5"/>
<action no="2" player="6663366834535111" type="15" discard="1" dealt="1" sum="5"/>
<action no="3" player="Sp1nX" type="15" discard="1" dealt="1" sum="5"/>
<action no="4" player="oreiasccp" type="1" sum="20"/>
<action no="5" player="6663366834535111" type="2" discard="1" dealt="1" sum="40"/>
</round>
<round no="1"><cards type="Pocket" player="oreiasccp">C10 C5</cards>
<cards type="Pocket" player="6663366834535111">X X</cards>
<cards type="Pocket" player="Sp1nX">X X</cards>
<action no="6" player="Sp1nX" type="23" discard="1" dealt="1" sum="1,000"/>
<action no="7" player="oreiasccp" type="0" sum="0"/>
<action no="8" player="6663366834535111" type="0" discard="1" dealt="1" sum="0"/>
</round>
</game>
<game gamecode="11516752613"><general><startdate>2025-06-17 07:20:18</startdate>
<round>1</round>
<failsafecounter/>
<players><player seat="10" name="Sp1nX" chips="1,075" dealer="0" win="55" bet="45" muck="1" rebuy="0" addon="0" merge="0" rebuychips="0" reg_code="8385483074"/>
<player seat="3" name="oreiasccp" chips="235" dealer="1" win="0" bet="5" muck="1" rebuy="0" addon="0" merge="0" rebuychips="0" reg_code="8385483047"/>
<player seat="6" name="6663366834535111" chips="190" dealer="0" win="0" bet="25" muck="1" rebuy="0" addon="0" merge="0" rebuychips="0" reg_code="8385483072"/>
</players>
</general>
<round no="0"><action no="1" player="6663366834535111" type="15" discard="1" dealt="1" sum="5"/>
<action no="2" player="Sp1nX" type="15" discard="1" dealt="1" sum="5"/>
<action no="3" player="oreiasccp" type="15" sum="5"/>
<action no="4" player="6663366834535111" type="1" discard="1" dealt="1" sum="20"/>
<action no="5" player="Sp1nX" type="2" discard="1" dealt="1" sum="40"/>
</round>
<round no="1"><cards type="Pocket" player="oreiasccp">S4 D7</cards>
<cards type="Pocket" player="6663366834535111">X X</cards>
<cards type="Pocket" player="Sp1nX">X X</cards>
<action no="6" player="oreiasccp" type="0" sum="0"/>
<action no="7" player="6663366834535111" type="0" discard="1" dealt="1" sum="0"/>
</round>
</game>
<game gamecode="11516752638"><general><startdate>2025-06-17 07:20:24</startdate>
<round>1</round>
<failsafecounter/>
<players><player seat="3" name="oreiasccp" chips="230" dealer="0" win="465" bet="230" muck="0" rebuy="0" addon="0" merge="0" rebuychips="0" reg_code="8385483047"/>
<player seat="6" name="6663366834535111" chips="165" dealer="1" win="0" bet="5" muck="1" rebuy="0" addon="0" merge="0" rebuychips="0" reg_code="8385483072"/>
<player seat="10" name="Sp1nX" chips="1,105" dealer="0" win="0" bet="1,105" muck="1" rebuy="0" addon="0" merge="0" rebuychips="0" reg_code="8385483074"/>
</players>
</general>
<round no="0"><action no="1" player="Sp1nX" type="15" discard="1" dealt="1" sum="5"/>
<action no="2" player="oreiasccp" type="15" sum="5"/>
<action no="3" player="6663366834535111" type="15" discard="1" dealt="1" sum="5"/>
<action no="4" player="Sp1nX" type="1" discard="1" dealt="1" sum="20"/>
<action no="5" player="oreiasccp" type="2" sum="40"/>
</round>
<round no="1"><cards type="Pocket" player="oreiasccp">HK SA</cards>
<cards type="Pocket" player="Sp1nX">HA CQ</cards>
<cards type="Pocket" player="6663366834535111">X X</cards>
<action no="6" player="6663366834535111" type="0" discard="1" dealt="1" sum="0"/>
<action no="7" player="Sp1nX" type="23" discard="1" dealt="1" sum="1,100"/>
<action no="8" player="oreiasccp" type="7" sum="185"/>
</round>
<round no="2"><cards type="Flop">C8 S4 CA</cards>
</round>
<round no="3"><cards type="Turn">D4</cards>
</round>
<round no="4"><cards type="River">H5</cards>
</round>
</game>
<game gamecode="11516755744"><general><startdate>2025-06-17 07:20:50</startdate>
<round>1</round>
<failsafecounter/>
<players><player seat="6" name="6663366834535111" chips="160" dealer="0" win="325" bet="160" muck="0" rebuy="0" addon="0" merge="0" rebuychips="0" reg_code="8385483072"/>
<player seat="10" name="Sp1nX" chips="875" dealer="1" win="0" bet="5" muck="1" rebuy="0" addon="0" merge="0" rebuychips="0" reg_code="8385483074"/>
<player seat="3" name="oreiasccp" chips="465" dealer="0" win="0" bet="160" muck="0" rebuy="0" addon="0" merge="0" rebuychips="0" reg_code="8385483047"/>
</players>
</general>
<round no="0"><action no="1" player="oreiasccp" type="15" sum="5"/>
<action no="2" player="6663366834535111" type="15" discard="1" dealt="1" sum="5"/>
<action no="3" player="Sp1nX" type="15" discard="1" dealt="1" sum="5"/>
<action no="4" player="oreiasccp" type="1" sum="20"/>
<action no="5" player="6663366834535111" type="2" discard="1" dealt="1" sum="40"/>
</round>
<round no="1"><cards type="Pocket" player="oreiasccp">D5 HQ</cards>
<cards type="Pocket" player="Sp1nX">X X</cards>
<cards type="Pocket" player="6663366834535111">SQ CK</cards>
<action no="6" player="Sp1nX" type="0" discard="1" dealt="1" sum="0"/>
<action no="7" player="oreiasccp" type="23" sum="155"/>
<action no="8" player="6663366834535111" type="7" discard="1" dealt="1" sum="115"/>
</round>
<round no="2"><cards type="Flop">CA H5 D6</cards>
</round>
<round no="3"><cards type="Turn">HK</cards>
</round>
<round no="4"><cards type="River">S7</cards>
</round>
</game>
<game gamecode="11516755794"><general><startdate>2025-06-17 07:21:09</startdate>
<round>1</round>
<failsafecounter/>
<players><player seat="10" name="Sp1nX" chips="870" dealer="0" win="0" bet="65" muck="1" rebuy="0" addon="0" merge="0" rebuychips="0" reg_code="8385483074"/>
<player seat="3" name="oreiasccp" chips="305" dealer="1" win="0" bet="305" muck="0" rebuy="0" addon="0" merge="0" rebuychips="0" reg_code="8385483047"/>
<player seat="6" name="6663366834535111" chips="325" dealer="0" win="675" bet="325" muck="0" rebuy="0" addon="0" merge="0" rebuychips="0" reg_code="8385483072"/>
</players>
</general>
<round no="0"><action no="1" player="6663366834535111" type="15" discard="1" dealt="1" sum="5"/>
<action no="2" player="Sp1nX" type="15" discard="1" dealt="1" sum="5"/>
<action no="3" player="oreiasccp" type="15" sum="5"/>
<action no="4" player="6663366834535111" type="1" discard="1" dealt="1" sum="30"/>
<action no="5" player="Sp1nX" type="2" discard="1" dealt="1" sum="60"/>
</round>
<round no="1"><cards type="Pocket" player="oreiasccp">DK C8</cards>
<cards type="Pocket" player="6663366834535111">CQ CK</cards>
<cards type="Pocket" player="Sp1nX">X X</cards>
<action no="6" player="oreiasccp" type="23" sum="300"/>
<action no="7" player="6663366834535111" type="7" discard="1" dealt="1" sum="290"/>
<action no="8" player="Sp1nX" type="0" discard="1" dealt="1" sum="0"/>
</round>
<round no="2"><cards type="Flop">C10 D10 D4</cards>
</round>
<round no="3"><cards type="Turn">S10</cards>
</round>
<round no="4"><cards type="River">SJ</cards>
</round>
</game>
</session>
