<?xml version="1.0" encoding="UTF-8"?>
<session sessioncode="8385569066">
<general>
<client_version>24.7.1.16</client_version>
<mode>real</mode>
<gametype>Holdem NL</gametype>
<tablename>Twister €5 SNG, 1127673789</tablename>
<tournamentcode>1127673788</tournamentcode>
<tournamentname>Twister €5 SNG</tournamentname>
<buyin>€0 + €0.35 + €4.65</buyin>
<totalbuyin>€5</totalbuyin>
<rewarddrawn>€10</rewarddrawn>
<tournamentcurrency>EUR</tournamentcurrency>
<currency>EUR</currency>
<nickname>oreiasccp</nickname>
<gamecount>7</gamecount>
<startdate>2025-06-17 12:41:57</startdate>
<place>1</place>
<win>€10</win>
<tablesize>3</tablesize>
</general>
<game gamecode="11517001576"><general><startdate>2025-06-17 12:42:13</startdate>
<round>1</round>
<failsafecounter/>
<players><player seat="6" name="roseyellow671" chips="500" dealer="0" win="0" bet="120" muck="0" rebuy="0" addon="0" merge="0" rebuychips="0" reg_code="8385569063"/>
<player seat="10" name="oreiasccp" chips="500" dealer="1" win="0" bet="0" muck="1" rebuy="0" addon="0" merge="0" rebuychips="0" reg_code="8385569066"/>
<player seat="3" name="AnSer1" chips="500" dealer="0" win="240" bet="120" muck="0" rebuy="0" addon="0" merge="0" rebuychips="0" reg_code="8385569061"/>
</players>
</general>
<round no="0"><action no="1" player="AnSer1" type="1" discard="1" dealt="1" sum="10"/>
<action no="2" player="roseyellow671" type="2" discard="1" dealt="1" sum="20"/>
</round>
<round no="1"><cards type="Pocket" player="AnSer1">H4 SK</cards>
<cards type="Pocket" player="roseyellow671">C4 H5</cards>
<cards type="Pocket" player="oreiasccp">S3 CK</cards>
<action no="3" player="oreiasccp" type="0" sum="0"/>
<action no="4" player="AnSer1" type="3" discard="1" dealt="1" sum="10"/>
<action no="5" player="roseyellow671" type="4" discard="1" dealt="1" sum="0"/>
</round>
<round no="2"><cards type="Flop">D10 S2 DA</cards>
<action no="6" player="AnSer1" type="4" discard="1" dealt="1" sum="0"/>
<action no="7" player="roseyellow671" type="4" discard="1" dealt="1" sum="0"/>
</round>
<round no="3"><cards type="Turn">HA</cards>
<action no="8" player="AnSer1" type="4" discard="1" dealt="1" sum="0"/>
<action no="9" player="roseyellow671" type="5" discard="1" dealt="1" sum="40"/>
<action no="10" player="AnSer1" type="3" discard="1" dealt="1" sum="40"/>
</round>
<round no="4"><cards type="River">S10</cards>
<action no="11" player="AnSer1" type="4" discard="1" dealt="1" sum="0"/>
<action no="12" player="roseyellow671" type="5" discard="1" dealt="1" sum="60"/>
<action no="13" player="AnSer1" type="3" discard="1" dealt="1" sum="60"/>
</round>
</game>
<game gamecode="11517001775"><general><startdate>2025-06-17 12:43:01</startdate>
<round>1</round>
<failsafecounter/>
<players><player seat="10" name="oreiasccp" chips="500" dealer="0" win="40" bet="20" muck="0" rebuy="0" addon="0" merge="0" rebuychips="0" reg_code="8385569066"/>
<player seat="3" name="AnSer1" chips="620" dealer="1" win="0" bet="0" muck="1" rebuy="0" addon="0" merge="0" rebuychips="0" reg_code="8385569061"/>
<player seat="6" name="roseyellow671" chips="380" dealer="0" win="0" bet="20" muck="1" rebuy="0" addon="0" merge="0" rebuychips="0" reg_code="8385569063"/>
</players>
</general>
<round no="0"><action no="1" player="roseyellow671" type="1" discard="1" dealt="1" sum="10"/>
<action no="2" player="oreiasccp" type="2" sum="20"/>
</round>
<round no="1"><cards type="Pocket" player="AnSer1">X X</cards>
<cards type="Pocket" player="oreiasccp">HJ C8</cards>
<cards type="Pocket" player="roseyellow671">D6 S4</cards>
<action no="3" player="AnSer1" type="0" discard="1" dealt="1" sum="0"/>
<action no="4" player="roseyellow671" type="3" discard="1" dealt="1" sum="10"/>
<action no="5" player="oreiasccp" type="4" sum="0"/>
</round>
<round no="2"><cards type="Flop">HQ S8 CA</cards>
<action no="6" player="roseyellow671" type="4" discard="1" dealt="1" sum="0"/>
<action no="7" player="oreiasccp" type="4" sum="0"/>
</round>
<round no="3"><cards type="Turn">D10</cards>
<action no="8" player="roseyellow671" type="4" discard="1" dealt="1" sum="0"/>
<action no="9" player="oreiasccp" type="4" sum="0"/>
</round>
<round no="4"><cards type="River">SJ</cards>
<action no="10" player="roseyellow671" type="4" discard="1" dealt="1" sum="0"/>
<action no="11" player="oreiasccp" type="4" sum="0"/>
</round>
</game>
<game gamecode="11517002037"><general><startdate>2025-06-17 12:43:56</startdate>
<round>1</round>
<failsafecounter/>
<players><player seat="3" name="AnSer1" chips="620" dealer="0" win="0" bet="20" muck="1" rebuy="0" addon="0" merge="0" rebuychips="0" reg_code="8385569061"/>
<player seat="6" name="roseyellow671" chips="360" dealer="1" win="0" bet="360" muck="0" rebuy="0" addon="0" merge="0" rebuychips="0" reg_code="8385569063"/>
<player seat="10" name="oreiasccp" chips="520" dealer="0" win="740" bet="520" muck="0" rebuy="0" addon="0" merge="0" rebuychips="0" reg_code="8385569066"/>
</players>
</general>
<round no="0"><action no="1" player="oreiasccp" type="1" sum="10"/>
<action no="2" player="AnSer1" type="2" discard="1" dealt="1" sum="20"/>
</round>
<round no="1"><cards type="Pocket" player="roseyellow671">H5 HA</cards>
<cards type="Pocket" player="oreiasccp">HK CA</cards>
<cards type="Pocket" player="AnSer1">X X</cards>
<action no="3" player="roseyellow671" type="23" discard="1" dealt="1" sum="60"/>
<action no="4" player="oreiasccp" type="23" sum="520"/>
<action no="5" player="AnSer1" type="0" discard="1" dealt="1" sum="0"/>
<action no="6" player="roseyellow671" type="7" discard="1" dealt="1" sum="300"/>
</round>
<round no="2"><cards type="Flop">S7 SA D9</cards>
</round>
<round no="3"><cards type="Turn">D2</cards>
</round>
<round no="4"><cards type="River">C10</cards>
</round>
</game>
<game gamecode="11517002161"><general><startdate>2025-06-17 12:44:22</startdate>
<round>1</round>
<failsafecounter/>
<players><player seat="3" name="AnSer1" chips="600" dealer="0" win="70" bet="600" muck="1" rebuy="0" addon="0" merge="0" rebuychips="0" reg_code="8385569061"/>
<player seat="10" name="oreiasccp" chips="900" dealer="1" win="0" bet="35" muck="1" rebuy="0" addon="0" merge="0" rebuychips="0" reg_code="8385569066"/>
</players>
</general>
<round no="0"><action no="1" player="oreiasccp" type="15" sum="5"/>
<action no="2" player="AnSer1" type="15" discard="1" dealt="1" sum="5"/>
<action no="3" player="oreiasccp" type="1" sum="15"/>
<action no="4" player="AnSer1" type="2" discard="1" dealt="1" sum="30"/>
</round>
<round no="1"><cards type="Pocket" player="oreiasccp">C9 HK</cards>
<cards type="Pocket" player="AnSer1">X X</cards>
<action no="5" player="oreiasccp" type="3" sum="15"/>
<action no="6" player="AnSer1" type="23" discard="1" dealt="1" sum="595"/>
<action no="7" player="oreiasccp" type="0" sum="0"/>
</round>
</game>
<game gamecode="11517002217"><general><startdate>2025-06-17 12:44:35</startdate>
<round>1</round>
<failsafecounter/>
<players><player seat="10" name="oreiasccp" chips="865" dealer="0" win="0" bet="140" muck="1" rebuy="0" addon="0" merge="0" rebuychips="0" reg_code="8385569066"/>
<player seat="3" name="AnSer1" chips="635" dealer="1" win="280" bet="280" muck="1" rebuy="0" addon="0" merge="0" rebuychips="0" reg_code="8385569061"/>
</players>
</general>
<round no="0"><action no="1" player="AnSer1" type="15" discard="1" dealt="1" sum="5"/>
<action no="2" player="oreiasccp" type="15" sum="5"/>
<action no="3" player="AnSer1" type="1" discard="1" dealt="1" sum="15"/>
<action no="4" player="oreiasccp" type="2" sum="30"/>
</round>
<round no="1"><cards type="Pocket" player="AnSer1">X X</cards>
<cards type="Pocket" player="oreiasccp">S3 H7</cards>
<action no="5" player="AnSer1" type="3" discard="1" dealt="1" sum="15"/>
<action no="6" player="oreiasccp" type="4" sum="0"/>
</round>
<round no="2"><cards type="Flop">H10 C7 HQ</cards>
<action no="7" player="oreiasccp" type="4" sum="0"/>
<action no="8" player="AnSer1" type="5" discard="1" dealt="1" sum="30"/>
<action no="9" player="oreiasccp" type="3" sum="30"/>
</round>
<round no="3"><cards type="Turn">H2</cards>
<action no="10" player="oreiasccp" type="4" sum="0"/>
<action no="11" player="AnSer1" type="5" discard="1" dealt="1" sum="75"/>
<action no="12" player="oreiasccp" type="3" sum="75"/>
</round>
<round no="4"><cards type="River">D8</cards>
<action no="13" player="oreiasccp" type="4" sum="0"/>
<action no="14" player="AnSer1" type="5" discard="1" dealt="1" sum="140"/>
<action no="15" player="oreiasccp" type="0" sum="0"/>
</round>
</game>
<game gamecode="11517007585"><general><startdate>2025-06-17 12:45:41</startdate>
<round>1</round>
<failsafecounter/>
<players><player seat="3" name="AnSer1" chips="775" dealer="0" win="0" bet="35" muck="1" rebuy="0" addon="0" merge="0" rebuychips="0" reg_code="8385569061"/>
<player seat="10" name="oreiasccp" chips="725" dealer="1" win="70" bet="35" muck="0" rebuy="0" addon="0" merge="0" rebuychips="0" reg_code="8385569066"/>
</players>
</general>
<round no="0"><action no="1" player="oreiasccp" type="15" sum="5"/>
<action no="2" player="AnSer1" type="15" discard="1" dealt="1" sum="5"/>
<action no="3" player="oreiasccp" type="1" sum="15"/>
<action no="4" player="AnSer1" type="2" discard="1" dealt="1" sum="30"/>
</round>
<round no="1"><cards type="Pocket" player="AnSer1">S4 HJ</cards>
<cards type="Pocket" player="oreiasccp">SA H4</cards>
<action no="5" player="oreiasccp" type="3" sum="15"/>
<action no="6" player="AnSer1" type="4" discard="1" dealt="1" sum="0"/>
</round>
<round no="2"><cards type="Flop">D6 C5 S9</cards>
<action no="7" player="AnSer1" type="4" discard="1" dealt="1" sum="0"/>
<action no="8" player="oreiasccp" type="4" sum="0"/>
</round>
<round no="3"><cards type="Turn">S2</cards>
<action no="9" player="AnSer1" type="4" discard="1" dealt="1" sum="0"/>
<action no="10" player="oreiasccp" type="4" sum="0"/>
</round>
<round no="4"><cards type="River">S8</cards>
<action no="11" player="AnSer1" type="4" discard="1" dealt="1" sum="0"/>
<action no="12" player="oreiasccp" type="4" sum="0"/>
</round>
</game>
<game gamecode="11517007751"><general><startdate>2025-06-17 12:46:18</startdate>
<round>1</round>
<failsafecounter/>
<players><player seat="10" name="oreiasccp" chips="760" dealer="0" win="1,480" bet="740" muck="0" rebuy="0" addon="0" merge="0" rebuychips="0" reg_code="8385569066"/>
<player seat="3" name="AnSer1" chips="740" dealer="1" win="0" bet="740" muck="0" rebuy="0" addon="0" merge="0" rebuychips="0" reg_code="8385569061"/>
</players>
</general>
<round no="0"><action no="1" player="AnSer1" type="15" discard="1" dealt="1" sum="5"/>
<action no="2" player="oreiasccp" type="15" sum="5"/>
<action no="3" player="AnSer1" type="1" discard="1" dealt="1" sum="20"/>
<action no="4" player="oreiasccp" type="2" sum="40"/>
</round>
<round no="1"><cards type="Pocket" player="oreiasccp">S9 D9</cards>
<cards type="Pocket" player="AnSer1">S5 SK</cards>
<action no="5" player="AnSer1" type="3" discard="1" dealt="1" sum="20"/>
<action no="6" player="oreiasccp" type="23" sum="120"/>
<action no="7" player="AnSer1" type="3" discard="1" dealt="1" sum="80"/>
</round>
<round no="2"><cards type="Flop">H4 D4 C9</cards>
<action no="8" player="oreiasccp" type="4" sum="0"/>
<action no="9" player="AnSer1" type="4" discard="1" dealt="1" sum="0"/>
</round>
<round no="3"><cards type="Turn">S8</cards>
<action no="10" player="oreiasccp" type="4" sum="0"/>
<action no="11" player="AnSer1" type="5" discard="1" dealt="1" sum="175"/>
<action no="12" player="oreiasccp" type="3" sum="175"/>
</round>
<round no="4"><cards type="River">CJ</cards>
<action no="13" player="oreiasccp" type="4" sum="0"/>
<action no="14" player="AnSer1" type="5" discard="1" dealt="1" sum="440"/>
<action no="15" player="oreiasccp" type="3" sum="440"/>
</round>
</game>
</session>
