<?xml version="1.0" encoding="UTF-8"?>
<session sessioncode="8385516221">
<general>
<client_version>24.7.1.16</client_version>
<mode>real</mode>
<gametype>Holdem NL</gametype>
<tablename>Twister €5 SNG, 1127666058</tablename>
<tournamentcode>1127666057</tournamentcode>
<tournamentname>Twister €5 SNG</tournamentname>
<buyin>€0 + €0.35 + €4.65</buyin>
<totalbuyin>€5</totalbuyin>
<rewarddrawn>€10</rewarddrawn>
<tournamentcurrency>EUR</tournamentcurrency>
<currency>EUR</currency>
<nickname>oreiasccp</nickname>
<gamecount>34</gamecount>
<startdate>2025-06-17 10:03:52</startdate>
<place>2</place>
<win>€0</win>
<tablesize>3</tablesize>
</general>
<game gamecode="11516855368"><general><startdate>2025-06-17 10:04:07</startdate>
<round>1</round>
<failsafecounter/>
<players><player seat="10" name="oreiasccp" chips="500" dealer="0" win="0" bet="40" muck="1" rebuy="0" addon="0" merge="0" rebuychips="0" reg_code="8385516221"/>
<player seat="3" name="AnSer1" chips="500" dealer="1" win="0" bet="0" muck="1" rebuy="0" addon="0" merge="0" rebuychips="0" reg_code="8385516173"/>
<player seat="6" name="Degreek" chips="500" dealer="0" win="80" bet="80" muck="1" rebuy="0" addon="0" merge="0" rebuychips="0" reg_code="8385516220"/>
</players>
</general>
<round no="0"><action no="1" player="Degreek" type="1" discard="1" dealt="1" sum="10"/>
<action no="2" player="oreiasccp" type="2" sum="20"/>
</round>
<round no="1"><cards type="Pocket" player="oreiasccp">HQ C9</cards>
<cards type="Pocket" player="AnSer1">X X</cards>
<cards type="Pocket" player="Degreek">X X</cards>
<action no="3" player="AnSer1" type="0" discard="1" dealt="1" sum="0"/>
<action no="4" player="Degreek" type="23" discard="1" dealt="1" sum="40"/>
<action no="5" player="oreiasccp" type="3" sum="20"/>
</round>
<round no="2"><cards type="Flop">C6 D6 C10</cards>
<action no="6" player="Degreek" type="4" discard="1" dealt="1" sum="0"/>
<action no="7" player="oreiasccp" type="4" sum="0"/>
</round>
<round no="3"><cards type="Turn">S10</cards>
<action no="8" player="Degreek" type="5" discard="1" dealt="1" sum="40"/>
<action no="9" player="oreiasccp" type="0" sum="0"/>
</round>
</game>
<game gamecode="11516855444"><general><startdate>2025-06-17 10:04:29</startdate>
<round>1</round>
<failsafecounter/>
<players><player seat="3" name="AnSer1" chips="500" dealer="0" win="80" bet="500" muck="1" rebuy="0" addon="0" merge="0" rebuychips="0" reg_code="8385516173"/>
<player seat="6" name="Degreek" chips="540" dealer="1" win="0" bet="0" muck="1" rebuy="0" addon="0" merge="0" rebuychips="0" reg_code="8385516220"/>
<player seat="10" name="oreiasccp" chips="460" dealer="0" win="0" bet="40" muck="1" rebuy="0" addon="0" merge="0" rebuychips="0" reg_code="8385516221"/>
</players>
</general>
<round no="0"><action no="1" player="oreiasccp" type="1" sum="10"/>
<action no="2" player="AnSer1" type="2" discard="1" dealt="1" sum="20"/>
</round>
<round no="1"><cards type="Pocket" player="Degreek">X X</cards>
<cards type="Pocket" player="oreiasccp">C7 C9</cards>
<cards type="Pocket" player="AnSer1">X X</cards>
<action no="3" player="Degreek" type="0" discard="1" dealt="1" sum="0"/>
<action no="4" player="oreiasccp" type="23" sum="40"/>
<action no="5" player="AnSer1" type="23" discard="1" dealt="1" sum="500"/>
<action no="6" player="oreiasccp" type="0" sum="0"/>
</round>
</game>
<game gamecode="11516855500"><general><startdate>2025-06-17 10:04:48</startdate>
<round>1</round>
<failsafecounter/>
<players><player seat="6" name="Degreek" chips="540" dealer="0" win="480" bet="240" muck="0" rebuy="0" addon="0" merge="0" rebuychips="0" reg_code="8385516220"/>
<player seat="10" name="oreiasccp" chips="420" dealer="1" win="0" bet="0" muck="1" rebuy="0" addon="0" merge="0" rebuychips="0" reg_code="8385516221"/>
<player seat="3" name="AnSer1" chips="540" dealer="0" win="0" bet="240" muck="1" rebuy="0" addon="0" merge="0" rebuychips="0" reg_code="8385516173"/>
</players>
</general>
<round no="0"><action no="1" player="AnSer1" type="1" discard="1" dealt="1" sum="10"/>
<action no="2" player="Degreek" type="2" discard="1" dealt="1" sum="20"/>
</round>
<round no="1"><cards type="Pocket" player="AnSer1">CQ SQ</cards>
<cards type="Pocket" player="oreiasccp">S6 D4</cards>
<cards type="Pocket" player="Degreek">H8 D7</cards>
<action no="3" player="oreiasccp" type="0" sum="0"/>
<action no="4" player="AnSer1" type="23" discard="1" dealt="1" sum="50"/>
<action no="5" player="Degreek" type="3" discard="1" dealt="1" sum="30"/>
</round>
<round no="2"><cards type="Flop">H7 C5 D6</cards>
<action no="6" player="AnSer1" type="5" discard="1" dealt="1" sum="70"/>
<action no="7" player="Degreek" type="3" discard="1" dealt="1" sum="70"/>
</round>
<round no="3"><cards type="Turn">C8</cards>
<action no="8" player="AnSer1" type="4" discard="1" dealt="1" sum="0"/>
<action no="9" player="Degreek" type="4" discard="1" dealt="1" sum="0"/>
</round>
<round no="4"><cards type="River">H3</cards>
<action no="10" player="AnSer1" type="4" discard="1" dealt="1" sum="0"/>
<action no="11" player="Degreek" type="5" discard="1" dealt="1" sum="120"/>
<action no="12" player="AnSer1" type="3" discard="1" dealt="1" sum="120"/>
</round>
</game>
<game gamecode="11516855628"><general><startdate>2025-06-17 10:05:20</startdate>
<round>1</round>
<failsafecounter/>
<players><player seat="10" name="oreiasccp" chips="420" dealer="0" win="0" bet="20" muck="1" rebuy="0" addon="0" merge="0" rebuychips="0" reg_code="8385516221"/>
<player seat="3" name="AnSer1" chips="300" dealer="1" win="0" bet="0" muck="1" rebuy="0" addon="0" merge="0" rebuychips="0" reg_code="8385516173"/>
<player seat="6" name="Degreek" chips="780" dealer="0" win="40" bet="40" muck="1" rebuy="0" addon="0" merge="0" rebuychips="0" reg_code="8385516220"/>
</players>
</general>
<round no="0"><action no="1" player="Degreek" type="1" discard="1" dealt="1" sum="10"/>
<action no="2" player="oreiasccp" type="2" sum="20"/>
</round>
<round no="1"><cards type="Pocket" player="AnSer1">X X</cards>
<cards type="Pocket" player="oreiasccp">CJ H5</cards>
<cards type="Pocket" player="Degreek">X X</cards>
<action no="3" player="AnSer1" type="0" discard="1" dealt="1" sum="0"/>
<action no="4" player="Degreek" type="23" discard="1" dealt="1" sum="40"/>
<action no="5" player="oreiasccp" type="0" sum="0"/>
</round>
</game>
<game gamecode="11516855655"><general><startdate>2025-06-17 10:05:28</startdate>
<round>1</round>
<failsafecounter/>
<players><player seat="3" name="AnSer1" chips="300" dealer="0" win="0" bet="20" muck="1" rebuy="0" addon="0" merge="0" rebuychips="0" reg_code="8385516173"/>
<player seat="6" name="Degreek" chips="800" dealer="1" win="50" bet="60" muck="1" rebuy="0" addon="0" merge="0" rebuychips="0" reg_code="8385516220"/>
<player seat="10" name="oreiasccp" chips="400" dealer="0" win="0" bet="10" muck="1" rebuy="0" addon="0" merge="0" rebuychips="0" reg_code="8385516221"/>
</players>
</general>
<round no="0"><action no="1" player="oreiasccp" type="1" sum="10"/>
<action no="2" player="AnSer1" type="2" discard="1" dealt="1" sum="20"/>
</round>
<round no="1"><cards type="Pocket" player="AnSer1">X X</cards>
<cards type="Pocket" player="oreiasccp">D9 H5</cards>
<cards type="Pocket" player="Degreek">X X</cards>
<action no="3" player="Degreek" type="23" discard="1" dealt="1" sum="60"/>
<action no="4" player="oreiasccp" type="0" sum="0"/>
<action no="5" player="AnSer1" type="0" discard="1" dealt="1" sum="0"/>
</round>
</game>
<game gamecode="11516855738"><general><startdate>2025-06-17 10:05:54</startdate>
<round>1</round>
<failsafecounter/>
<players><player seat="6" name="Degreek" chips="830" dealer="0" win="0" bet="20" muck="1" rebuy="0" addon="0" merge="0" rebuychips="0" reg_code="8385516220"/>
<player seat="10" name="oreiasccp" chips="390" dealer="1" win="50" bet="40" muck="1" rebuy="0" addon="0" merge="0" rebuychips="0" reg_code="8385516221"/>
<player seat="3" name="AnSer1" chips="280" dealer="0" win="0" bet="10" muck="1" rebuy="0" addon="0" merge="0" rebuychips="0" reg_code="8385516173"/>
</players>
</general>
<round no="0"><action no="1" player="AnSer1" type="1" discard="1" dealt="1" sum="10"/>
<action no="2" player="Degreek" type="2" discard="1" dealt="1" sum="20"/>
</round>
<round no="1"><cards type="Pocket" player="Degreek">X X</cards>
<cards type="Pocket" player="oreiasccp">C8 C9</cards>
<cards type="Pocket" player="AnSer1">X X</cards>
<action no="3" player="oreiasccp" type="23" sum="40"/>
<action no="4" player="AnSer1" type="0" discard="1" dealt="1" sum="0"/>
<action no="5" player="Degreek" type="0" discard="1" dealt="1" sum="0"/>
</round>
</game>
<game gamecode="11516855775"><general><startdate>2025-06-17 10:06:03</startdate>
<round>1</round>
<failsafecounter/>
<players><player seat="10" name="oreiasccp" chips="420" dealer="0" win="20" bet="20" muck="1" rebuy="0" addon="0" merge="0" rebuychips="0" reg_code="8385516221"/>
<player seat="3" name="AnSer1" chips="270" dealer="1" win="0" bet="0" muck="1" rebuy="0" addon="0" merge="0" rebuychips="0" reg_code="8385516173"/>
<player seat="6" name="Degreek" chips="810" dealer="0" win="0" bet="10" muck="1" rebuy="0" addon="0" merge="0" rebuychips="0" reg_code="8385516220"/>
</players>
</general>
<round no="0"><action no="1" player="Degreek" type="1" discard="1" dealt="1" sum="10"/>
<action no="2" player="oreiasccp" type="2" sum="20"/>
</round>
<round no="1"><cards type="Pocket" player="AnSer1">X X</cards>
<cards type="Pocket" player="Degreek">X X</cards>
<cards type="Pocket" player="oreiasccp">H2 H6</cards>
<action no="3" player="AnSer1" type="0" discard="1" dealt="1" sum="0"/>
<action no="4" player="Degreek" type="0" discard="1" dealt="1" sum="0"/>
</round>
</game>
<game gamecode="11516855800"><general><startdate>2025-06-17 10:06:09</startdate>
<round>1</round>
<failsafecounter/>
<players><player seat="3" name="AnSer1" chips="270" dealer="0" win="45" bet="35" muck="1" rebuy="0" addon="0" merge="0" rebuychips="0" reg_code="8385516173"/>
<player seat="6" name="Degreek" chips="800" dealer="1" win="0" bet="5" muck="1" rebuy="0" addon="0" merge="0" rebuychips="0" reg_code="8385516220"/>
<player seat="10" name="oreiasccp" chips="430" dealer="0" win="0" bet="20" muck="1" rebuy="0" addon="0" merge="0" rebuychips="0" reg_code="8385516221"/>
</players>
</general>
<round no="0"><action no="1" player="oreiasccp" type="15" sum="5"/>
<action no="2" player="AnSer1" type="15" discard="1" dealt="1" sum="5"/>
<action no="3" player="Degreek" type="15" discard="1" dealt="1" sum="5"/>
<action no="4" player="oreiasccp" type="1" sum="15"/>
<action no="5" player="AnSer1" type="2" discard="1" dealt="1" sum="30"/>
</round>
<round no="1"><cards type="Pocket" player="Degreek">X X</cards>
<cards type="Pocket" player="AnSer1">X X</cards>
<cards type="Pocket" player="oreiasccp">H7 C3</cards>
<action no="6" player="Degreek" type="0" discard="1" dealt="1" sum="0"/>
<action no="7" player="oreiasccp" type="0" sum="0"/>
</round>
</game>
<game gamecode="11516855825"><general><startdate>2025-06-17 10:06:16</startdate>
<round>1</round>
<failsafecounter/>
<players><player seat="6" name="Degreek" chips="795" dealer="0" win="0" bet="35" muck="1" rebuy="0" addon="0" merge="0" rebuychips="0" reg_code="8385516220"/>
<player seat="10" name="oreiasccp" chips="410" dealer="1" win="0" bet="5" muck="1" rebuy="0" addon="0" merge="0" rebuychips="0" reg_code="8385516221"/>
<player seat="3" name="AnSer1" chips="295" dealer="0" win="75" bet="295" muck="1" rebuy="0" addon="0" merge="0" rebuychips="0" reg_code="8385516173"/>
</players>
</general>
<round no="0"><action no="1" player="AnSer1" type="15" discard="1" dealt="1" sum="5"/>
<action no="2" player="Degreek" type="15" discard="1" dealt="1" sum="5"/>
<action no="3" player="oreiasccp" type="15" sum="5"/>
<action no="4" player="AnSer1" type="1" discard="1" dealt="1" sum="15"/>
<action no="5" player="Degreek" type="2" discard="1" dealt="1" sum="30"/>
</round>
<round no="1"><cards type="Pocket" player="Degreek">X X</cards>
<cards type="Pocket" player="AnSer1">X X</cards>
<cards type="Pocket" player="oreiasccp">DK H5</cards>
<action no="6" player="oreiasccp" type="0" sum="0"/>
<action no="7" player="AnSer1" type="23" discard="1" dealt="1" sum="290"/>
<action no="8" player="Degreek" type="0" discard="1" dealt="1" sum="0"/>
</round>
</game>
<game gamecode="11516855864"><general><startdate>2025-06-17 10:06:27</startdate>
<round>1</round>
<failsafecounter/>
<players><player seat="10" name="oreiasccp" chips="405" dealer="0" win="135" bet="405" muck="1" rebuy="0" addon="0" merge="0" rebuychips="0" reg_code="8385516221"/>
<player seat="3" name="AnSer1" chips="335" dealer="1" win="0" bet="5" muck="1" rebuy="0" addon="0" merge="0" rebuychips="0" reg_code="8385516173"/>
<player seat="6" name="Degreek" chips="760" dealer="0" win="0" bet="65" muck="1" rebuy="0" addon="0" merge="0" rebuychips="0" reg_code="8385516220"/>
</players>
</general>
<round no="0"><action no="1" player="Degreek" type="15" discard="1" dealt="1" sum="5"/>
<action no="2" player="oreiasccp" type="15" sum="5"/>
<action no="3" player="AnSer1" type="15" discard="1" dealt="1" sum="5"/>
<action no="4" player="Degreek" type="1" discard="1" dealt="1" sum="15"/>
<action no="5" player="oreiasccp" type="2" sum="30"/>
</round>
<round no="1"><cards type="Pocket" player="oreiasccp">DK HQ</cards>
<cards type="Pocket" player="AnSer1">X X</cards>
<cards type="Pocket" player="Degreek">X X</cards>
<action no="6" player="AnSer1" type="0" discard="1" dealt="1" sum="0"/>
<action no="7" player="Degreek" type="23" discard="1" dealt="1" sum="60"/>
<action no="8" player="oreiasccp" type="23" sum="400"/>
<action no="9" player="Degreek" type="0" discard="1" dealt="1" sum="0"/>
</round>
</game>
<game gamecode="11516855907"><general><startdate>2025-06-17 10:06:40</startdate>
<round>1</round>
<failsafecounter/>
<players><player seat="3" name="AnSer1" chips="330" dealer="0" win="680" bet="330" muck="0" rebuy="0" addon="0" merge="0" rebuychips="0" reg_code="8385516173"/>
<player seat="6" name="Degreek" chips="695" dealer="1" win="0" bet="330" muck="1" rebuy="0" addon="0" merge="0" rebuychips="0" reg_code="8385516220"/>
<player seat="10" name="oreiasccp" chips="475" dealer="0" win="0" bet="20" muck="1" rebuy="0" addon="0" merge="0" rebuychips="0" reg_code="8385516221"/>
</players>
</general>
<round no="0"><action no="1" player="oreiasccp" type="15" sum="5"/>
<action no="2" player="AnSer1" type="15" discard="1" dealt="1" sum="5"/>
<action no="3" player="Degreek" type="15" discard="1" dealt="1" sum="5"/>
<action no="4" player="oreiasccp" type="1" sum="15"/>
<action no="5" player="AnSer1" type="2" discard="1" dealt="1" sum="30"/>
</round>
<round no="1"><cards type="Pocket" player="oreiasccp">C8 HA</cards>
<cards type="Pocket" player="AnSer1">CQ DK</cards>
<cards type="Pocket" player="Degreek">DA DJ</cards>
<action no="6" player="Degreek" type="23" discard="1" dealt="1" sum="90"/>
<action no="7" player="oreiasccp" type="0" sum="0"/>
<action no="8" player="AnSer1" type="23" discard="1" dealt="1" sum="325"/>
<action no="9" player="Degreek" type="3" discard="1" dealt="1" sum="235"/>
</round>
<round no="2"><cards type="Flop">DQ D9 S5</cards>
</round>
<round no="3"><cards type="Turn">C4</cards>
</round>
<round no="4"><cards type="River">S4</cards>
</round>
</game>
<game gamecode="11516855983"><general><startdate>2025-06-17 10:07:05</startdate>
<round>1</round>
<failsafecounter/>
<players><player seat="6" name="Degreek" chips="365" dealer="0" win="0" bet="35" muck="1" rebuy="0" addon="0" merge="0" rebuychips="0" reg_code="8385516220"/>
<player seat="10" name="oreiasccp" chips="455" dealer="1" win="90" bet="455" muck="1" rebuy="0" addon="0" merge="0" rebuychips="0" reg_code="8385516221"/>
<player seat="3" name="AnSer1" chips="680" dealer="0" win="0" bet="20" muck="1" rebuy="0" addon="0" merge="0" rebuychips="0" reg_code="8385516173"/>
</players>
</general>
<round no="0"><action no="1" player="AnSer1" type="15" discard="1" dealt="1" sum="5"/>
<action no="2" player="Degreek" type="15" discard="1" dealt="1" sum="5"/>
<action no="3" player="oreiasccp" type="15" sum="5"/>
<action no="4" player="AnSer1" type="1" discard="1" dealt="1" sum="15"/>
<action no="5" player="Degreek" type="2" discard="1" dealt="1" sum="30"/>
</round>
<round no="1"><cards type="Pocket" player="AnSer1">X X</cards>
<cards type="Pocket" player="oreiasccp">DQ DJ</cards>
<cards type="Pocket" player="Degreek">X X</cards>
<action no="6" player="oreiasccp" type="23" sum="450"/>
<action no="7" player="AnSer1" type="0" discard="1" dealt="1" sum="0"/>
<action no="8" player="Degreek" type="0" discard="1" dealt="1" sum="0"/>
</round>
</game>
<game gamecode="11516856021"><general><startdate>2025-06-17 10:07:14</startdate>
<round>1</round>
<failsafecounter/>
<players><player seat="10" name="oreiasccp" chips="510" dealer="0" win="0" bet="35" muck="1" rebuy="0" addon="0" merge="0" rebuychips="0" reg_code="8385516221"/>
<player seat="3" name="AnSer1" chips="660" dealer="1" win="0" bet="5" muck="1" rebuy="0" addon="0" merge="0" rebuychips="0" reg_code="8385516173"/>
<player seat="6" name="Degreek" chips="330" dealer="0" win="75" bet="330" muck="1" rebuy="0" addon="0" merge="0" rebuychips="0" reg_code="8385516220"/>
</players>
</general>
<round no="0"><action no="1" player="Degreek" type="15" discard="1" dealt="1" sum="5"/>
<action no="2" player="oreiasccp" type="15" sum="5"/>
<action no="3" player="AnSer1" type="15" discard="1" dealt="1" sum="5"/>
<action no="4" player="Degreek" type="1" discard="1" dealt="1" sum="15"/>
<action no="5" player="oreiasccp" type="2" sum="30"/>
</round>
<round no="1"><cards type="Pocket" player="Degreek">X X</cards>
<cards type="Pocket" player="AnSer1">X X</cards>
<cards type="Pocket" player="oreiasccp">S3 H5</cards>
<action no="6" player="AnSer1" type="0" discard="1" dealt="1" sum="0"/>
<action no="7" player="Degreek" type="3" discard="1" dealt="1" sum="15"/>
<action no="8" player="oreiasccp" type="4" sum="0"/>
</round>
<round no="2"><cards type="Flop">D6 C4 H8</cards>
<action no="9" player="Degreek" type="5" discard="1" dealt="1" sum="295"/>
<action no="10" player="oreiasccp" type="0" sum="0"/>
</round>
</game>
<game gamecode="11516856066"><general><startdate>2025-06-17 10:07:27</startdate>
<round>1</round>
<failsafecounter/>
<players><player seat="3" name="AnSer1" chips="655" dealer="0" win="0" bet="35" muck="1" rebuy="0" addon="0" merge="0" rebuychips="0" reg_code="8385516173"/>
<player seat="6" name="Degreek" chips="370" dealer="1" win="90" bet="65" muck="1" rebuy="0" addon="0" merge="0" rebuychips="0" reg_code="8385516220"/>
<player seat="10" name="oreiasccp" chips="475" dealer="0" win="0" bet="20" muck="1" rebuy="0" addon="0" merge="0" rebuychips="0" reg_code="8385516221"/>
</players>
</general>
<round no="0"><action no="1" player="oreiasccp" type="15" sum="5"/>
<action no="2" player="AnSer1" type="15" discard="1" dealt="1" sum="5"/>
<action no="3" player="Degreek" type="15" discard="1" dealt="1" sum="5"/>
<action no="4" player="oreiasccp" type="1" sum="15"/>
<action no="5" player="AnSer1" type="2" discard="1" dealt="1" sum="30"/>
</round>
<round no="1"><cards type="Pocket" player="Degreek">X X</cards>
<cards type="Pocket" player="AnSer1">X X</cards>
<cards type="Pocket" player="oreiasccp">CQ DJ</cards>
<action no="6" player="Degreek" type="23" discard="1" dealt="1" sum="60"/>
<action no="7" player="oreiasccp" type="0" sum="0"/>
<action no="8" player="AnSer1" type="0" discard="1" dealt="1" sum="0"/>
</round>
</game>
<game gamecode="11516856105"><general><startdate>2025-06-17 10:07:40</startdate>
<round>1</round>
<failsafecounter/>
<players><player seat="6" name="Degreek" chips="425" dealer="0" win="75" bet="95" muck="1" rebuy="0" addon="0" merge="0" rebuychips="0" reg_code="8385516220"/>
<player seat="10" name="oreiasccp" chips="455" dealer="1" win="0" bet="5" muck="1" rebuy="0" addon="0" merge="0" rebuychips="0" reg_code="8385516221"/>
<player seat="3" name="AnSer1" chips="620" dealer="0" win="0" bet="35" muck="1" rebuy="0" addon="0" merge="0" rebuychips="0" reg_code="8385516173"/>
</players>
</general>
<round no="0"><action no="1" player="AnSer1" type="15" discard="1" dealt="1" sum="5"/>
<action no="2" player="Degreek" type="15" discard="1" dealt="1" sum="5"/>
<action no="3" player="oreiasccp" type="15" sum="5"/>
<action no="4" player="AnSer1" type="1" discard="1" dealt="1" sum="15"/>
<action no="5" player="Degreek" type="2" discard="1" dealt="1" sum="30"/>
</round>
<round no="1"><cards type="Pocket" player="Degreek">X X</cards>
<cards type="Pocket" player="AnSer1">X X</cards>
<cards type="Pocket" player="oreiasccp">H3 D5</cards>
<action no="6" player="oreiasccp" type="0" sum="0"/>
<action no="7" player="AnSer1" type="3" discard="1" dealt="1" sum="15"/>
<action no="8" player="Degreek" type="23" discard="1" dealt="1" sum="90"/>
<action no="9" player="AnSer1" type="0" discard="1" dealt="1" sum="0"/>
</round>
</game>
<game gamecode="11516862659"><general><startdate>2025-06-17 10:07:51</startdate>
<round>1</round>
<failsafecounter/>
<players><player seat="10" name="oreiasccp" chips="450" dealer="0" win="0" bet="35" muck="1" rebuy="0" addon="0" merge="0" rebuychips="0" reg_code="8385516221"/>
<player seat="3" name="AnSer1" chips="585" dealer="1" win="0" bet="5" muck="1" rebuy="0" addon="0" merge="0" rebuychips="0" reg_code="8385516173"/>
<player seat="6" name="Degreek" chips="465" dealer="0" win="75" bet="95" muck="1" rebuy="0" addon="0" merge="0" rebuychips="0" reg_code="8385516220"/>
</players>
</general>
<round no="0"><action no="1" player="Degreek" type="15" discard="1" dealt="1" sum="5"/>
<action no="2" player="oreiasccp" type="15" sum="5"/>
<action no="3" player="AnSer1" type="15" discard="1" dealt="1" sum="5"/>
<action no="4" player="Degreek" type="1" discard="1" dealt="1" sum="15"/>
<action no="5" player="oreiasccp" type="2" sum="30"/>
</round>
<round no="1"><cards type="Pocket" player="AnSer1">X X</cards>
<cards type="Pocket" player="oreiasccp">C8 D4</cards>
<cards type="Pocket" player="Degreek">X X</cards>
<action no="6" player="AnSer1" type="0" discard="1" dealt="1" sum="0"/>
<action no="7" player="Degreek" type="23" discard="1" dealt="1" sum="90"/>
<action no="8" player="oreiasccp" type="0" sum="0"/>
</round>
</game>
<game gamecode="11516862708"><general><startdate>2025-06-17 10:08:07</startdate>
<round>1</round>
<failsafecounter/>
<players><player seat="3" name="AnSer1" chips="580" dealer="0" win="0" bet="580" muck="0" rebuy="0" addon="0" merge="0" rebuychips="0" reg_code="8385516173"/>
<player seat="6" name="Degreek" chips="505" dealer="1" win="1,035" bet="505" muck="0" rebuy="0" addon="0" merge="0" rebuychips="0" reg_code="8385516220"/>
<player seat="10" name="oreiasccp" chips="415" dealer="0" win="0" bet="25" muck="1" rebuy="0" addon="0" merge="0" rebuychips="0" reg_code="8385516221"/>
</players>
</general>
<round no="0"><action no="1" player="oreiasccp" type="15" sum="5"/>
<action no="2" player="AnSer1" type="15" discard="1" dealt="1" sum="5"/>
<action no="3" player="Degreek" type="15" discard="1" dealt="1" sum="5"/>
<action no="4" player="oreiasccp" type="1" sum="20"/>
<action no="5" player="AnSer1" type="2" discard="1" dealt="1" sum="40"/>
</round>
<round no="1"><cards type="Pocket" player="oreiasccp">S8 C5</cards>
<cards type="Pocket" player="Degreek">HQ CQ</cards>
<cards type="Pocket" player="AnSer1">CA S2</cards>
<action no="6" player="Degreek" type="23" discard="1" dealt="1" sum="120"/>
<action no="7" player="oreiasccp" type="0" sum="0"/>
<action no="8" player="AnSer1" type="23" discard="1" dealt="1" sum="575"/>
<action no="9" player="Degreek" type="7" discard="1" dealt="1" sum="380"/>
</round>
<round no="2"><cards type="Flop">D3 S7 H10</cards>
</round>
<round no="3"><cards type="Turn">H3</cards>
</round>
<round no="4"><cards type="River">H7</cards>
</round>
</game>
<game gamecode="11516862810"><general><startdate>2025-06-17 10:08:37</startdate>
<round>1</round>
<failsafecounter/>
<players><player seat="6" name="Degreek" chips="1,035" dealer="0" win="155" bet="75" muck="0" rebuy="0" addon="0" merge="0" rebuychips="0" reg_code="8385516220"/>
<player seat="10" name="oreiasccp" chips="390" dealer="1" win="0" bet="5" muck="1" rebuy="0" addon="0" merge="0" rebuychips="0" reg_code="8385516221"/>
<player seat="3" name="AnSer1" chips="75" dealer="0" win="0" bet="75" muck="0" rebuy="0" addon="0" merge="0" rebuychips="0" reg_code="8385516173"/>
</players>
</general>
<round no="0"><action no="1" player="AnSer1" type="15" discard="1" dealt="1" sum="5"/>
<action no="2" player="Degreek" type="15" discard="1" dealt="1" sum="5"/>
<action no="3" player="oreiasccp" type="15" sum="5"/>
<action no="4" player="AnSer1" type="1" discard="1" dealt="1" sum="20"/>
<action no="5" player="Degreek" type="2" discard="1" dealt="1" sum="40"/>
</round>
<round no="1"><cards type="Pocket" player="Degreek">SJ CA</cards>
<cards type="Pocket" player="AnSer1">H7 S2</cards>
<cards type="Pocket" player="oreiasccp">C5 C3</cards>
<action no="6" player="oreiasccp" type="0" sum="0"/>
<action no="7" player="AnSer1" type="7" discard="1" dealt="1" sum="50"/>
<action no="8" player="Degreek" type="3" discard="1" dealt="1" sum="30"/>
</round>
<round no="2"><cards type="Flop">H10 HJ D5</cards>
</round>
<round no="3"><cards type="Turn">D9</cards>
</round>
<round no="4"><cards type="River">SA</cards>
</round>
</game>
<game gamecode="11516862901"><general><startdate>2025-06-17 10:09:04</startdate>
<round>1</round>
<failsafecounter/>
<players><player seat="10" name="oreiasccp" chips="385" dealer="0" win="0" bet="45" muck="1" rebuy="0" addon="0" merge="0" rebuychips="0" reg_code="8385516221"/>
<player seat="6" name="Degreek" chips="1,115" dealer="1" win="90" bet="85" muck="1" rebuy="0" addon="0" merge="0" rebuychips="0" reg_code="8385516220"/>
</players>
</general>
<round no="0"><action no="1" player="Degreek" type="15" discard="1" dealt="1" sum="5"/>
<action no="2" player="oreiasccp" type="15" sum="5"/>
<action no="3" player="Degreek" type="1" discard="1" dealt="1" sum="20"/>
<action no="4" player="oreiasccp" type="2" sum="40"/>
</round>
<round no="1"><cards type="Pocket" player="oreiasccp">C2 S4</cards>
<cards type="Pocket" player="Degreek">X X</cards>
<action no="5" player="Degreek" type="23" discard="1" dealt="1" sum="80"/>
<action no="6" player="oreiasccp" type="0" sum="0"/>
</round>
</game>
<game gamecode="11516862926"><general><startdate>2025-06-17 10:09:11</startdate>
<round>1</round>
<failsafecounter/>
<players><player seat="6" name="Degreek" chips="1,160" dealer="0" win="50" bet="45" muck="1" rebuy="0" addon="0" merge="0" rebuychips="0" reg_code="8385516220"/>
<player seat="10" name="oreiasccp" chips="340" dealer="1" win="0" bet="25" muck="1" rebuy="0" addon="0" merge="0" rebuychips="0" reg_code="8385516221"/>
</players>
</general>
<round no="0"><action no="1" player="oreiasccp" type="15" sum="5"/>
<action no="2" player="Degreek" type="15" discard="1" dealt="1" sum="5"/>
<action no="3" player="oreiasccp" type="1" sum="20"/>
<action no="4" player="Degreek" type="2" discard="1" dealt="1" sum="40"/>
</round>
<round no="1"><cards type="Pocket" player="oreiasccp">D10 S2</cards>
<cards type="Pocket" player="Degreek">X X</cards>
<action no="5" player="oreiasccp" type="0" sum="0"/>
</round>
</game>
<game gamecode="11516862943"><general><startdate>2025-06-17 10:09:16</startdate>
<round>1</round>
<failsafecounter/>
<players><player seat="10" name="oreiasccp" chips="315" dealer="0" win="0" bet="45" muck="1" rebuy="0" addon="0" merge="0" rebuychips="0" reg_code="8385516221"/>
<player seat="6" name="Degreek" chips="1,185" dealer="1" win="90" bet="85" muck="1" rebuy="0" addon="0" merge="0" rebuychips="0" reg_code="8385516220"/>
</players>
</general>
<round no="0"><action no="1" player="Degreek" type="15" discard="1" dealt="1" sum="5"/>
<action no="2" player="oreiasccp" type="15" sum="5"/>
<action no="3" player="Degreek" type="1" discard="1" dealt="1" sum="20"/>
<action no="4" player="oreiasccp" type="2" sum="40"/>
</round>
<round no="1"><cards type="Pocket" player="Degreek">X X</cards>
<cards type="Pocket" player="oreiasccp">S2 CQ</cards>
<action no="5" player="Degreek" type="23" discard="1" dealt="1" sum="80"/>
<action no="6" player="oreiasccp" type="0" sum="0"/>
</round>
</game>
<game gamecode="11516862979"><general><startdate>2025-06-17 10:09:24</startdate>
<round>1</round>
<failsafecounter/>
<players><player seat="6" name="Degreek" chips="1,230" dealer="0" win="50" bet="45" muck="1" rebuy="0" addon="0" merge="0" rebuychips="0" reg_code="8385516220"/>
<player seat="10" name="oreiasccp" chips="270" dealer="1" win="0" bet="25" muck="1" rebuy="0" addon="0" merge="0" rebuychips="0" reg_code="8385516221"/>
</players>
</general>
<round no="0"><action no="1" player="oreiasccp" type="15" sum="5"/>
<action no="2" player="Degreek" type="15" discard="1" dealt="1" sum="5"/>
<action no="3" player="oreiasccp" type="1" sum="20"/>
<action no="4" player="Degreek" type="2" discard="1" dealt="1" sum="40"/>
</round>
<round no="1"><cards type="Pocket" player="Degreek">X X</cards>
<cards type="Pocket" player="oreiasccp">H3 C9</cards>
<action no="5" player="oreiasccp" type="0" sum="0"/>
</round>
</game>
<game gamecode="11516862996"><general><startdate>2025-06-17 10:09:30</startdate>
<round>1</round>
<failsafecounter/>
<players><player seat="10" name="oreiasccp" chips="245" dealer="0" win="0" bet="45" muck="1" rebuy="0" addon="0" merge="0" rebuychips="0" reg_code="8385516221"/>
<player seat="6" name="Degreek" chips="1,255" dealer="1" win="90" bet="1,255" muck="1" rebuy="0" addon="0" merge="0" rebuychips="0" reg_code="8385516220"/>
</players>
</general>
<round no="0"><action no="1" player="Degreek" type="15" discard="1" dealt="1" sum="5"/>
<action no="2" player="oreiasccp" type="15" sum="5"/>
<action no="3" player="Degreek" type="1" discard="1" dealt="1" sum="20"/>
<action no="4" player="oreiasccp" type="2" sum="40"/>
</round>
<round no="1"><cards type="Pocket" player="oreiasccp">S2 CK</cards>
<cards type="Pocket" player="Degreek">X X</cards>
<action no="5" player="Degreek" type="23" discard="1" dealt="1" sum="1,250"/>
<action no="6" player="oreiasccp" type="0" sum="0"/>
</round>
</game>
<game gamecode="11516863034"><general><startdate>2025-06-17 10:09:39</startdate>
<round>1</round>
<failsafecounter/>
<players><player seat="6" name="Degreek" chips="1,300" dealer="0" win="0" bet="45" muck="1" rebuy="0" addon="0" merge="0" rebuychips="0" reg_code="8385516220"/>
<player seat="10" name="oreiasccp" chips="200" dealer="1" win="90" bet="200" muck="1" rebuy="0" addon="0" merge="0" rebuychips="0" reg_code="8385516221"/>
</players>
</general>
<round no="0"><action no="1" player="oreiasccp" type="15" sum="5"/>
<action no="2" player="Degreek" type="15" discard="1" dealt="1" sum="5"/>
<action no="3" player="oreiasccp" type="1" sum="20"/>
<action no="4" player="Degreek" type="2" discard="1" dealt="1" sum="40"/>
</round>
<round no="1"><cards type="Pocket" player="oreiasccp">D5 SJ</cards>
<cards type="Pocket" player="Degreek">X X</cards>
<action no="5" player="oreiasccp" type="23" sum="195"/>
<action no="6" player="Degreek" type="0" discard="1" dealt="1" sum="0"/>
</round>
</game>
<game gamecode="11516863062"><general><startdate>2025-06-17 10:09:46</startdate>
<round>1</round>
<failsafecounter/>
<players><player seat="10" name="oreiasccp" chips="245" dealer="0" win="50" bet="45" muck="1" rebuy="0" addon="0" merge="0" rebuychips="0" reg_code="8385516221"/>
<player seat="6" name="Degreek" chips="1,255" dealer="1" win="0" bet="25" muck="1" rebuy="0" addon="0" merge="0" rebuychips="0" reg_code="8385516220"/>
</players>
</general>
<round no="0"><action no="1" player="Degreek" type="15" discard="1" dealt="1" sum="5"/>
<action no="2" player="oreiasccp" type="15" sum="5"/>
<action no="3" player="Degreek" type="1" discard="1" dealt="1" sum="20"/>
<action no="4" player="oreiasccp" type="2" sum="40"/>
</round>
<round no="1"><cards type="Pocket" player="Degreek">X X</cards>
<cards type="Pocket" player="oreiasccp">C9 S6</cards>
<action no="5" player="Degreek" type="0" discard="1" dealt="1" sum="0"/>
</round>
</game>
<game gamecode="11516863087"><general><startdate>2025-06-17 10:09:52</startdate>
<round>1</round>
<failsafecounter/>
<players><player seat="6" name="Degreek" chips="1,230" dealer="0" win="50" bet="45" muck="1" rebuy="0" addon="0" merge="0" rebuychips="0" reg_code="8385516220"/>
<player seat="10" name="oreiasccp" chips="270" dealer="1" win="0" bet="25" muck="1" rebuy="0" addon="0" merge="0" rebuychips="0" reg_code="8385516221"/>
</players>
</general>
<round no="0"><action no="1" player="oreiasccp" type="15" sum="5"/>
<action no="2" player="Degreek" type="15" discard="1" dealt="1" sum="5"/>
<action no="3" player="oreiasccp" type="1" sum="20"/>
<action no="4" player="Degreek" type="2" discard="1" dealt="1" sum="40"/>
</round>
<round no="1"><cards type="Pocket" player="oreiasccp">D6 H3</cards>
<cards type="Pocket" player="Degreek">X X</cards>
<action no="5" player="oreiasccp" type="0" sum="0"/>
</round>
</game>
<game gamecode="11516863116"><general><startdate>2025-06-17 10:09:59</startdate>
<round>1</round>
<failsafecounter/>
<players><player seat="10" name="oreiasccp" chips="245" dealer="0" win="340" bet="245" muck="1" rebuy="0" addon="0" merge="0" rebuychips="0" reg_code="8385516221"/>
<player seat="6" name="Degreek" chips="1,255" dealer="1" win="0" bet="170" muck="1" rebuy="0" addon="0" merge="0" rebuychips="0" reg_code="8385516220"/>
</players>
</general>
<round no="0"><action no="1" player="Degreek" type="15" discard="1" dealt="1" sum="5"/>
<action no="2" player="oreiasccp" type="15" sum="5"/>
<action no="3" player="Degreek" type="1" discard="1" dealt="1" sum="20"/>
<action no="4" player="oreiasccp" type="2" sum="40"/>
</round>
<round no="1"><cards type="Pocket" player="Degreek">X X</cards>
<cards type="Pocket" player="oreiasccp">D10 HQ</cards>
<action no="5" player="Degreek" type="23" discard="1" dealt="1" sum="80"/>
<action no="6" player="oreiasccp" type="3" sum="40"/>
</round>
<round no="2"><cards type="Flop">D3 CA D8</cards>
<action no="7" player="oreiasccp" type="4" sum="0"/>
<action no="8" player="Degreek" type="4" discard="1" dealt="1" sum="0"/>
</round>
<round no="3"><cards type="Turn">S10</cards>
<action no="9" player="oreiasccp" type="4" sum="0"/>
<action no="10" player="Degreek" type="5" discard="1" dealt="1" sum="85"/>
<action no="11" player="oreiasccp" type="7" sum="160"/>
<action no="12" player="Degreek" type="0" discard="1" dealt="1" sum="0"/>
</round>
</game>
<game gamecode="11516863185"><general><startdate>2025-06-17 10:10:19</startdate>
<round>1</round>
<failsafecounter/>
<players><player seat="6" name="Degreek" chips="1,085" dealer="0" win="0" bet="415" muck="1" rebuy="0" addon="0" merge="0" rebuychips="0" reg_code="8385516220"/>
<player seat="10" name="oreiasccp" chips="415" dealer="1" win="830" bet="415" muck="0" rebuy="0" addon="0" merge="0" rebuychips="0" reg_code="8385516221"/>
</players>
</general>
<round no="0"><action no="1" player="oreiasccp" type="15" sum="5"/>
<action no="2" player="Degreek" type="15" discard="1" dealt="1" sum="5"/>
<action no="3" player="oreiasccp" type="1" sum="30"/>
<action no="4" player="Degreek" type="2" discard="1" dealt="1" sum="60"/>
</round>
<round no="1"><cards type="Pocket" player="oreiasccp">S2 DK</cards>
<cards type="Pocket" player="Degreek">HJ C10</cards>
<action no="5" player="oreiasccp" type="23" sum="410"/>
<action no="6" player="Degreek" type="3" discard="1" dealt="1" sum="350"/>
</round>
<round no="2"><cards type="Flop">H5 HQ DQ</cards>
</round>
<round no="3"><cards type="Turn">HA</cards>
</round>
<round no="4"><cards type="River">DA</cards>
</round>
</game>
<game gamecode="11516863249"><general><startdate>2025-06-17 10:10:37</startdate>
<round>1</round>
<failsafecounter/>
<players><player seat="10" name="oreiasccp" chips="830" dealer="0" win="0" bet="670" muck="0" rebuy="0" addon="0" merge="0" rebuychips="0" reg_code="8385516221"/>
<player seat="6" name="Degreek" chips="670" dealer="1" win="1,340" bet="670" muck="0" rebuy="0" addon="0" merge="0" rebuychips="0" reg_code="8385516220"/>
</players>
</general>
<round no="0"><action no="1" player="Degreek" type="15" discard="1" dealt="1" sum="5"/>
<action no="2" player="oreiasccp" type="15" sum="5"/>
<action no="3" player="Degreek" type="1" discard="1" dealt="1" sum="30"/>
<action no="4" player="oreiasccp" type="2" sum="60"/>
</round>
<round no="1"><cards type="Pocket" player="Degreek">CQ HQ</cards>
<cards type="Pocket" player="oreiasccp">D10 SA</cards>
<action no="5" player="Degreek" type="23" discard="1" dealt="1" sum="120"/>
<action no="6" player="oreiasccp" type="23" sum="665"/>
<action no="7" player="Degreek" type="7" discard="1" dealt="1" sum="545"/>
</round>
<round no="2"><cards type="Flop">CA D6 CJ</cards>
</round>
<round no="3"><cards type="Turn">SQ</cards>
</round>
<round no="4"><cards type="River">HA</cards>
</round>
</game>
<game gamecode="11516863310"><general><startdate>2025-06-17 10:10:54</startdate>
<round>1</round>
<failsafecounter/>
<players><player seat="6" name="Degreek" chips="1,340" dealer="0" win="0" bet="65" muck="1" rebuy="0" addon="0" merge="0" rebuychips="0" reg_code="8385516220"/>
<player seat="10" name="oreiasccp" chips="160" dealer="1" win="130" bet="160" muck="1" rebuy="0" addon="0" merge="0" rebuychips="0" reg_code="8385516221"/>
</players>
</general>
<round no="0"><action no="1" player="oreiasccp" type="15" sum="5"/>
<action no="2" player="Degreek" type="15" discard="1" dealt="1" sum="5"/>
<action no="3" player="oreiasccp" type="1" sum="30"/>
<action no="4" player="Degreek" type="2" discard="1" dealt="1" sum="60"/>
</round>
<round no="1"><cards type="Pocket" player="oreiasccp">C8 D9</cards>
<cards type="Pocket" player="Degreek">X X</cards>
<action no="5" player="oreiasccp" type="23" sum="155"/>
<action no="6" player="Degreek" type="0" discard="1" dealt="1" sum="0"/>
</round>
</game>
<game gamecode="11516863340"><general><startdate>2025-06-17 10:11:02</startdate>
<round>1</round>
<failsafecounter/>
<players><player seat="10" name="oreiasccp" chips="225" dealer="0" win="0" bet="65" muck="1" rebuy="0" addon="0" merge="0" rebuychips="0" reg_code="8385516221"/>
<player seat="6" name="Degreek" chips="1,275" dealer="1" win="130" bet="125" muck="1" rebuy="0" addon="0" merge="0" rebuychips="0" reg_code="8385516220"/>
</players>
</general>
<round no="0"><action no="1" player="Degreek" type="15" discard="1" dealt="1" sum="5"/>
<action no="2" player="oreiasccp" type="15" sum="5"/>
<action no="3" player="Degreek" type="1" discard="1" dealt="1" sum="30"/>
<action no="4" player="oreiasccp" type="2" sum="60"/>
</round>
<round no="1"><cards type="Pocket" player="oreiasccp">H4 C10</cards>
<cards type="Pocket" player="Degreek">X X</cards>
<action no="5" player="Degreek" type="23" discard="1" dealt="1" sum="120"/>
<action no="6" player="oreiasccp" type="0" sum="0"/>
</round>
</game>
<game gamecode="11516863362"><general><startdate>2025-06-17 10:11:08</startdate>
<round>1</round>
<failsafecounter/>
<players><player seat="6" name="Degreek" chips="1,340" dealer="0" win="70" bet="65" muck="1" rebuy="0" addon="0" merge="0" rebuychips="0" reg_code="8385516220"/>
<player seat="10" name="oreiasccp" chips="160" dealer="1" win="0" bet="35" muck="1" rebuy="0" addon="0" merge="0" rebuychips="0" reg_code="8385516221"/>
</players>
</general>
<round no="0"><action no="1" player="oreiasccp" type="15" sum="5"/>
<action no="2" player="Degreek" type="15" discard="1" dealt="1" sum="5"/>
<action no="3" player="oreiasccp" type="1" sum="30"/>
<action no="4" player="Degreek" type="2" discard="1" dealt="1" sum="60"/>
</round>
<round no="1"><cards type="Pocket" player="oreiasccp">D2 C5</cards>
<cards type="Pocket" player="Degreek">X X</cards>
<action no="5" player="oreiasccp" type="0" sum="0"/>
</round>
</game>
<game gamecode="11516863380"><general><startdate>2025-06-17 10:11:13</startdate>
<round>1</round>
<failsafecounter/>
<players><player seat="10" name="oreiasccp" chips="125" dealer="0" win="0" bet="65" muck="1" rebuy="0" addon="0" merge="0" rebuychips="0" reg_code="8385516221"/>
<player seat="6" name="Degreek" chips="1,375" dealer="1" win="130" bet="125" muck="1" rebuy="0" addon="0" merge="0" rebuychips="0" reg_code="8385516220"/>
</players>
</general>
<round no="0"><action no="1" player="Degreek" type="15" discard="1" dealt="1" sum="5"/>
<action no="2" player="oreiasccp" type="15" sum="5"/>
<action no="3" player="Degreek" type="1" discard="1" dealt="1" sum="30"/>
<action no="4" player="oreiasccp" type="2" sum="60"/>
</round>
<round no="1"><cards type="Pocket" player="Degreek">X X</cards>
<cards type="Pocket" player="oreiasccp">C5 S2</cards>
<action no="5" player="Degreek" type="23" discard="1" dealt="1" sum="120"/>
<action no="6" player="oreiasccp" type="0" sum="0"/>
</round>
</game>
<game gamecode="11516863416"><general><startdate>2025-06-17 10:11:23</startdate>
<round>1</round>
<failsafecounter/>
<players><player seat="6" name="Degreek" chips="1,440" dealer="0" win="120" bet="65" muck="0" rebuy="0" addon="0" merge="0" rebuychips="0" reg_code="8385516220"/>
<player seat="10" name="oreiasccp" chips="60" dealer="1" win="0" bet="60" muck="1" rebuy="0" addon="0" merge="0" rebuychips="0" reg_code="8385516221"/>
</players>
</general>
<round no="0"><action no="1" player="oreiasccp" type="15" sum="5"/>
<action no="2" player="Degreek" type="15" discard="1" dealt="1" sum="5"/>
<action no="3" player="oreiasccp" type="1" sum="30"/>
<action no="4" player="Degreek" type="2" discard="1" dealt="1" sum="60"/>
</round>
<round no="1"><cards type="Pocket" player="oreiasccp">SK CQ</cards>
<cards type="Pocket" player="Degreek">CA H3</cards>
<action no="5" player="oreiasccp" type="7" sum="25"/>
</round>
<round no="2"><cards type="Flop">C2 DA S3</cards>
</round>
<round no="3"><cards type="Turn">D10</cards>
</round>
<round no="4"><cards type="River">H5</cards>
</round>
</game>
</session>
