<?xml version="1.0" encoding="UTF-8"?>
<session sessioncode="8385510417">
<general>
<client_version>24.7.1.16</client_version>
<mode>real</mode>
<gametype>Holdem NL</gametype>
<tablename>Twister €5 SNG, 1127664860</tablename>
<tournamentcode>1127664859</tournamentcode>
<tournamentname>Twister €5 SNG</tournamentname>
<buyin>€0 + €0.35 + €4.65</buyin>
<totalbuyin>€5</totalbuyin>
<rewarddrawn>€10</rewarddrawn>
<tournamentcurrency>EUR</tournamentcurrency>
<currency>EUR</currency>
<nickname>oreiasccp</nickname>
<gamecount>14</gamecount>
<startdate>2025-06-17 09:37:05</startdate>
<place>1</place>
<win>€10</win>
<tablesize>3</tablesize>
</general>
<game gamecode="11516837739"><general><startdate>2025-06-17 09:37:20</startdate>
<round>1</round>
<failsafecounter/>
<players><player seat="10" name="gasgas" chips="500" dealer="0" win="20" bet="20" muck="1" rebuy="0" addon="0" merge="0" rebuychips="0" reg_code="8385510449"/>
<player seat="3" name="oreiasccp" chips="500" dealer="1" win="0" bet="0" muck="1" rebuy="0" addon="0" merge="0" rebuychips="0" reg_code="8385510417"/>
<player seat="6" name="Pale111" chips="500" dealer="0" win="0" bet="10" muck="1" rebuy="0" addon="0" merge="0" rebuychips="0" reg_code="8385510434"/>
</players>
</general>
<round no="0"><action no="1" player="Pale111" type="1" discard="1" dealt="1" sum="10"/>
<action no="2" player="gasgas" type="2" discard="1" dealt="1" sum="20"/>
</round>
<round no="1"><cards type="Pocket" player="gasgas">X X</cards>
<cards type="Pocket" player="oreiasccp">S6 H5</cards>
<cards type="Pocket" player="Pale111">X X</cards>
<action no="3" player="oreiasccp" type="0" sum="0"/>
<action no="4" player="Pale111" type="0" discard="1" dealt="1" sum="0"/>
</round>
</game>
<game gamecode="11516837777"><general><startdate>2025-06-17 09:37:31</startdate>
<round>1</round>
<failsafecounter/>
<players><player seat="3" name="oreiasccp" chips="500" dealer="0" win="0" bet="20" muck="1" rebuy="0" addon="0" merge="0" rebuychips="0" reg_code="8385510417"/>
<player seat="6" name="Pale111" chips="490" dealer="1" win="60" bet="20" muck="0" rebuy="0" addon="0" merge="0" rebuychips="0" reg_code="8385510434"/>
<player seat="10" name="gasgas" chips="510" dealer="0" win="0" bet="20" muck="1" rebuy="0" addon="0" merge="0" rebuychips="0" reg_code="8385510449"/>
</players>
</general>
<round no="0"><action no="1" player="gasgas" type="1" discard="1" dealt="1" sum="10"/>
<action no="2" player="oreiasccp" type="2" sum="20"/>
</round>
<round no="1"><cards type="Pocket" player="Pale111">CK H7</cards>
<cards type="Pocket" player="gasgas">S7 H9</cards>
<cards type="Pocket" player="oreiasccp">H3 C9</cards>
<action no="3" player="Pale111" type="3" discard="1" dealt="1" sum="20"/>
<action no="4" player="gasgas" type="3" discard="1" dealt="1" sum="10"/>
<action no="5" player="oreiasccp" type="4" sum="0"/>
</round>
<round no="2"><cards type="Flop">HJ D10 D2</cards>
<action no="6" player="gasgas" type="4" discard="1" dealt="1" sum="0"/>
<action no="7" player="oreiasccp" type="4" sum="0"/>
<action no="8" player="Pale111" type="4" discard="1" dealt="1" sum="0"/>
</round>
<round no="3"><cards type="Turn">SA</cards>
<action no="9" player="gasgas" type="4" discard="1" dealt="1" sum="0"/>
<action no="10" player="oreiasccp" type="4" sum="0"/>
<action no="11" player="Pale111" type="4" discard="1" dealt="1" sum="0"/>
</round>
<round no="4"><cards type="River">S5</cards>
<action no="12" player="gasgas" type="4" discard="1" dealt="1" sum="0"/>
<action no="13" player="oreiasccp" type="4" sum="0"/>
<action no="14" player="Pale111" type="4" discard="1" dealt="1" sum="0"/>
</round>
</game>
<game gamecode="11516837978"><general><startdate>2025-06-17 09:38:32</startdate>
<round>1</round>
<failsafecounter/>
<players><player seat="6" name="Pale111" chips="530" dealer="0" win="0" bet="489" muck="1" rebuy="0" addon="0" merge="0" rebuychips="0" reg_code="8385510434"/>
<player seat="10" name="gasgas" chips="490" dealer="1" win="0" bet="0" muck="1" rebuy="0" addon="0" merge="0" rebuychips="0" reg_code="8385510449"/>
<player seat="3" name="oreiasccp" chips="480" dealer="0" win="960" bet="480" muck="0" rebuy="0" addon="0" merge="0" rebuychips="0" reg_code="8385510417"/>
</players>
</general>
<round no="0"><action no="1" player="oreiasccp" type="1" sum="10"/>
<action no="2" player="Pale111" type="2" discard="1" dealt="1" sum="20"/>
</round>
<round no="1"><cards type="Pocket" player="Pale111">DJ CQ</cards>
<cards type="Pocket" player="gasgas">X X</cards>
<cards type="Pocket" player="oreiasccp">SQ C8</cards>
<action no="3" player="gasgas" type="0" discard="1" dealt="1" sum="0"/>
<action no="4" player="oreiasccp" type="23" sum="40"/>
<action no="5" player="Pale111" type="3" discard="1" dealt="1" sum="20"/>
</round>
<round no="2"><cards type="Flop">D7 C9 H10</cards>
<action no="6" player="oreiasccp" type="5" sum="20"/>
<action no="7" player="Pale111" type="3" discard="1" dealt="1" sum="20"/>
</round>
<round no="3"><cards type="Turn">CJ</cards>
<action no="8" player="oreiasccp" type="5" sum="103"/>
<action no="9" player="Pale111" type="23" discard="1" dealt="1" sum="429"/>
<action no="10" player="oreiasccp" type="7" sum="317"/>
</round>
<round no="4"><cards type="River">D4</cards>
</round>
</game>
<game gamecode="11516838072"><general><startdate>2025-06-17 09:39:00</startdate>
<round>1</round>
<failsafecounter/>
<players><player seat="10" name="gasgas" chips="490" dealer="0" win="0" bet="20" muck="1" rebuy="0" addon="0" merge="0" rebuychips="0" reg_code="8385510449"/>
<player seat="3" name="oreiasccp" chips="960" dealer="1" win="0" bet="50" muck="1" rebuy="0" addon="0" merge="0" rebuychips="0" reg_code="8385510417"/>
<player seat="6" name="Pale111" chips="50" dealer="0" win="120" bet="50" muck="0" rebuy="0" addon="0" merge="0" rebuychips="0" reg_code="8385510434"/>
</players>
</general>
<round no="0"><action no="1" player="Pale111" type="1" discard="1" dealt="1" sum="10"/>
<action no="2" player="gasgas" type="2" discard="1" dealt="1" sum="20"/>
</round>
<round no="1"><cards type="Pocket" player="gasgas">X X</cards>
<cards type="Pocket" player="oreiasccp">H4 S4</cards>
<cards type="Pocket" player="Pale111">D2 HJ</cards>
<action no="3" player="oreiasccp" type="23" sum="40"/>
<action no="4" player="Pale111" type="7" discard="1" dealt="1" sum="40"/>
<action no="5" player="gasgas" type="0" discard="1" dealt="1" sum="0"/>
<action no="6" player="oreiasccp" type="3" sum="10"/>
</round>
<round no="2"><cards type="Flop">D6 C6 SQ</cards>
</round>
<round no="3"><cards type="Turn">H9</cards>
</round>
<round no="4"><cards type="River">SJ</cards>
</round>
</game>
<game gamecode="11516838156"><general><startdate>2025-06-17 09:39:25</startdate>
<round>1</round>
<failsafecounter/>
<players><player seat="3" name="oreiasccp" chips="910" dealer="0" win="0" bet="35" muck="1" rebuy="0" addon="0" merge="0" rebuychips="0" reg_code="8385510417"/>
<player seat="6" name="Pale111" chips="120" dealer="1" win="90" bet="120" muck="1" rebuy="0" addon="0" merge="0" rebuychips="0" reg_code="8385510434"/>
<player seat="10" name="gasgas" chips="470" dealer="0" win="0" bet="20" muck="1" rebuy="0" addon="0" merge="0" rebuychips="0" reg_code="8385510449"/>
</players>
</general>
<round no="0"><action no="1" player="gasgas" type="15" discard="1" dealt="1" sum="5"/>
<action no="2" player="oreiasccp" type="15" sum="5"/>
<action no="3" player="Pale111" type="15" discard="1" dealt="1" sum="5"/>
<action no="4" player="gasgas" type="1" discard="1" dealt="1" sum="15"/>
<action no="5" player="oreiasccp" type="2" sum="30"/>
</round>
<round no="1"><cards type="Pocket" player="Pale111">X X</cards>
<cards type="Pocket" player="gasgas">X X</cards>
<cards type="Pocket" player="oreiasccp">D5 S4</cards>
<action no="6" player="Pale111" type="23" discard="1" dealt="1" sum="115"/>
<action no="7" player="gasgas" type="0" discard="1" dealt="1" sum="0"/>
<action no="8" player="oreiasccp" type="0" sum="0"/>
</round>
</game>
<game gamecode="11516838188"><general><startdate>2025-06-17 09:39:37</startdate>
<round>1</round>
<failsafecounter/>
<players><player seat="6" name="Pale111" chips="175" dealer="0" win="370" bet="175" muck="0" rebuy="0" addon="0" merge="0" rebuychips="0" reg_code="8385510434"/>
<player seat="10" name="gasgas" chips="450" dealer="1" win="0" bet="175" muck="1" rebuy="0" addon="0" merge="0" rebuychips="0" reg_code="8385510449"/>
<player seat="3" name="oreiasccp" chips="875" dealer="0" win="0" bet="20" muck="1" rebuy="0" addon="0" merge="0" rebuychips="0" reg_code="8385510417"/>
</players>
</general>
<round no="0"><action no="1" player="oreiasccp" type="15" sum="5"/>
<action no="2" player="Pale111" type="15" discard="1" dealt="1" sum="5"/>
<action no="3" player="gasgas" type="15" discard="1" dealt="1" sum="5"/>
<action no="4" player="oreiasccp" type="1" sum="15"/>
<action no="5" player="Pale111" type="2" discard="1" dealt="1" sum="30"/>
</round>
<round no="1"><cards type="Pocket" player="oreiasccp">CJ H9</cards>
<cards type="Pocket" player="Pale111">HJ SK</cards>
<cards type="Pocket" player="gasgas">D9 DQ</cards>
<action no="6" player="gasgas" type="23" discard="1" dealt="1" sum="60"/>
<action no="7" player="oreiasccp" type="0" sum="0"/>
<action no="8" player="Pale111" type="23" discard="1" dealt="1" sum="170"/>
<action no="9" player="gasgas" type="3" discard="1" dealt="1" sum="110"/>
</round>
<round no="2"><cards type="Flop">H5 C3 CA</cards>
</round>
<round no="3"><cards type="Turn">SJ</cards>
</round>
<round no="4"><cards type="River">D8</cards>
</round>
</game>
<game gamecode="11516838252"><general><startdate>2025-06-17 09:39:59</startdate>
<round>1</round>
<failsafecounter/>
<players><player seat="10" name="gasgas" chips="275" dealer="0" win="45" bet="35" muck="1" rebuy="0" addon="0" merge="0" rebuychips="0" reg_code="8385510449"/>
<player seat="3" name="oreiasccp" chips="855" dealer="1" win="0" bet="5" muck="1" rebuy="0" addon="0" merge="0" rebuychips="0" reg_code="8385510417"/>
<player seat="6" name="Pale111" chips="370" dealer="0" win="0" bet="20" muck="1" rebuy="0" addon="0" merge="0" rebuychips="0" reg_code="8385510434"/>
</players>
</general>
<round no="0"><action no="1" player="Pale111" type="15" discard="1" dealt="1" sum="5"/>
<action no="2" player="gasgas" type="15" discard="1" dealt="1" sum="5"/>
<action no="3" player="oreiasccp" type="15" sum="5"/>
<action no="4" player="Pale111" type="1" discard="1" dealt="1" sum="15"/>
<action no="5" player="gasgas" type="2" discard="1" dealt="1" sum="30"/>
</round>
<round no="1"><cards type="Pocket" player="Pale111">X X</cards>
<cards type="Pocket" player="oreiasccp">CJ C2</cards>
<cards type="Pocket" player="gasgas">X X</cards>
<action no="6" player="oreiasccp" type="0" sum="0"/>
<action no="7" player="Pale111" type="0" discard="1" dealt="1" sum="0"/>
</round>
</game>
<game gamecode="11516838273"><general><startdate>2025-06-17 09:40:07</startdate>
<round>1</round>
<failsafecounter/>
<players><player seat="3" name="oreiasccp" chips="850" dealer="0" win="203" bet="99" muck="0" rebuy="0" addon="0" merge="0" rebuychips="0" reg_code="8385510417"/>
<player seat="6" name="Pale111" chips="350" dealer="1" win="0" bet="5" muck="1" rebuy="0" addon="0" merge="0" rebuychips="0" reg_code="8385510434"/>
<player seat="10" name="gasgas" chips="300" dealer="0" win="0" bet="99" muck="1" rebuy="0" addon="0" merge="0" rebuychips="0" reg_code="8385510449"/>
</players>
</general>
<round no="0"><action no="1" player="gasgas" type="15" discard="1" dealt="1" sum="5"/>
<action no="2" player="oreiasccp" type="15" sum="5"/>
<action no="3" player="Pale111" type="15" discard="1" dealt="1" sum="5"/>
<action no="4" player="gasgas" type="1" discard="1" dealt="1" sum="15"/>
<action no="5" player="oreiasccp" type="2" sum="30"/>
</round>
<round no="1"><cards type="Pocket" player="oreiasccp">D5 DQ</cards>
<cards type="Pocket" player="Pale111">X X</cards>
<cards type="Pocket" player="gasgas">SK S10</cards>
<action no="6" player="Pale111" type="0" discard="1" dealt="1" sum="0"/>
<action no="7" player="gasgas" type="23" discard="1" dealt="1" sum="60"/>
<action no="8" player="oreiasccp" type="3" sum="30"/>
</round>
<round no="2"><cards type="Flop">HQ H2 H10</cards>
<action no="9" player="gasgas" type="4" discard="1" dealt="1" sum="0"/>
<action no="10" player="oreiasccp" type="4" sum="0"/>
</round>
<round no="3"><cards type="Turn">H8</cards>
<action no="11" player="gasgas" type="4" discard="1" dealt="1" sum="0"/>
<action no="12" player="oreiasccp" type="5" sum="34"/>
<action no="13" player="gasgas" type="3" discard="1" dealt="1" sum="34"/>
</round>
<round no="4"><cards type="River">D6</cards>
<action no="14" player="gasgas" type="4" discard="1" dealt="1" sum="0"/>
<action no="15" player="oreiasccp" type="4" sum="0"/>
</round>
</game>
<game gamecode="11516838375"><general><startdate>2025-06-17 09:40:39</startdate>
<round>1</round>
<failsafecounter/>
<players><player seat="6" name="Pale111" chips="345" dealer="0" win="0" bet="35" muck="1" rebuy="0" addon="0" merge="0" rebuychips="0" reg_code="8385510434"/>
<player seat="10" name="gasgas" chips="201" dealer="1" win="90" bet="201" muck="1" rebuy="0" addon="0" merge="0" rebuychips="0" reg_code="8385510449"/>
<player seat="3" name="oreiasccp" chips="954" dealer="0" win="0" bet="20" muck="1" rebuy="0" addon="0" merge="0" rebuychips="0" reg_code="8385510417"/>
</players>
</general>
<round no="0"><action no="1" player="oreiasccp" type="15" sum="5"/>
<action no="2" player="Pale111" type="15" discard="1" dealt="1" sum="5"/>
<action no="3" player="gasgas" type="15" discard="1" dealt="1" sum="5"/>
<action no="4" player="oreiasccp" type="1" sum="15"/>
<action no="5" player="Pale111" type="2" discard="1" dealt="1" sum="30"/>
</round>
<round no="1"><cards type="Pocket" player="Pale111">X X</cards>
<cards type="Pocket" player="oreiasccp">S8 HK</cards>
<cards type="Pocket" player="gasgas">X X</cards>
<action no="6" player="gasgas" type="23" discard="1" dealt="1" sum="196"/>
<action no="7" player="oreiasccp" type="0" sum="0"/>
<action no="8" player="Pale111" type="0" discard="1" dealt="1" sum="0"/>
</round>
</game>
<game gamecode="11516838403"><general><startdate>2025-06-17 09:40:49</startdate>
<round>1</round>
<failsafecounter/>
<players><player seat="10" name="gasgas" chips="256" dealer="0" win="45" bet="35" muck="1" rebuy="0" addon="0" merge="0" rebuychips="0" reg_code="8385510449"/>
<player seat="3" name="oreiasccp" chips="934" dealer="1" win="0" bet="5" muck="1" rebuy="0" addon="0" merge="0" rebuychips="0" reg_code="8385510417"/>
<player seat="6" name="Pale111" chips="310" dealer="0" win="0" bet="20" muck="1" rebuy="0" addon="0" merge="0" rebuychips="0" reg_code="8385510434"/>
</players>
</general>
<round no="0"><action no="1" player="Pale111" type="15" discard="1" dealt="1" sum="5"/>
<action no="2" player="gasgas" type="15" discard="1" dealt="1" sum="5"/>
<action no="3" player="oreiasccp" type="15" sum="5"/>
<action no="4" player="Pale111" type="1" discard="1" dealt="1" sum="15"/>
<action no="5" player="gasgas" type="2" discard="1" dealt="1" sum="30"/>
</round>
<round no="1"><cards type="Pocket" player="oreiasccp">S5 D8</cards>
<cards type="Pocket" player="Pale111">X X</cards>
<cards type="Pocket" player="gasgas">X X</cards>
<action no="6" player="oreiasccp" type="0" sum="0"/>
<action no="7" player="Pale111" type="0" discard="1" dealt="1" sum="0"/>
</round>
</game>
<game gamecode="11516838422"><general><startdate>2025-06-17 09:40:55</startdate>
<round>1</round>
<failsafecounter/>
<players><player seat="3" name="oreiasccp" chips="929" dealer="0" win="0" bet="35" muck="1" rebuy="0" addon="0" merge="0" rebuychips="0" reg_code="8385510417"/>
<player seat="6" name="Pale111" chips="290" dealer="1" win="0" bet="5" muck="1" rebuy="0" addon="0" merge="0" rebuychips="0" reg_code="8385510434"/>
<player seat="10" name="gasgas" chips="281" dealer="0" win="75" bet="65" muck="1" rebuy="0" addon="0" merge="0" rebuychips="0" reg_code="8385510449"/>
</players>
</general>
<round no="0"><action no="1" player="gasgas" type="15" discard="1" dealt="1" sum="5"/>
<action no="2" player="oreiasccp" type="15" sum="5"/>
<action no="3" player="Pale111" type="15" discard="1" dealt="1" sum="5"/>
<action no="4" player="gasgas" type="1" discard="1" dealt="1" sum="15"/>
<action no="5" player="oreiasccp" type="2" sum="30"/>
</round>
<round no="1"><cards type="Pocket" player="gasgas">X X</cards>
<cards type="Pocket" player="oreiasccp">SK H3</cards>
<cards type="Pocket" player="Pale111">X X</cards>
<action no="6" player="Pale111" type="0" discard="1" dealt="1" sum="0"/>
<action no="7" player="gasgas" type="3" discard="1" dealt="1" sum="15"/>
<action no="8" player="oreiasccp" type="4" sum="0"/>
</round>
<round no="2"><cards type="Flop">C9 C8 H6</cards>
<action no="9" player="gasgas" type="5" discard="1" dealt="1" sum="30"/>
<action no="10" player="oreiasccp" type="0" sum="0"/>
</round>
</game>
<game gamecode="11516838469"><general><startdate>2025-06-17 09:41:09</startdate>
<round>1</round>
<failsafecounter/>
<players><player seat="6" name="Pale111" chips="285" dealer="0" win="0" bet="35" muck="1" rebuy="0" addon="0" merge="0" rebuychips="0" reg_code="8385510434"/>
<player seat="10" name="gasgas" chips="321" dealer="1" win="90" bet="321" muck="1" rebuy="0" addon="0" merge="0" rebuychips="0" reg_code="8385510449"/>
<player seat="3" name="oreiasccp" chips="894" dealer="0" win="0" bet="20" muck="1" rebuy="0" addon="0" merge="0" rebuychips="0" reg_code="8385510417"/>
</players>
</general>
<round no="0"><action no="1" player="oreiasccp" type="15" sum="5"/>
<action no="2" player="Pale111" type="15" discard="1" dealt="1" sum="5"/>
<action no="3" player="gasgas" type="15" discard="1" dealt="1" sum="5"/>
<action no="4" player="oreiasccp" type="1" sum="15"/>
<action no="5" player="Pale111" type="2" discard="1" dealt="1" sum="30"/>
</round>
<round no="1"><cards type="Pocket" player="oreiasccp">C8 S2</cards>
<cards type="Pocket" player="Pale111">X X</cards>
<cards type="Pocket" player="gasgas">X X</cards>
<action no="6" player="gasgas" type="23" discard="1" dealt="1" sum="316"/>
<action no="7" player="oreiasccp" type="0" sum="0"/>
<action no="8" player="Pale111" type="0" discard="1" dealt="1" sum="0"/>
</round>
</game>
<game gamecode="11516838498"><general><startdate>2025-06-17 09:41:17</startdate>
<round>1</round>
<failsafecounter/>
<players><player seat="10" name="gasgas" chips="376" dealer="0" win="293" bet="210" muck="1" rebuy="0" addon="0" merge="0" rebuychips="0" reg_code="8385510449"/>
<player seat="3" name="oreiasccp" chips="874" dealer="1" win="0" bet="114" muck="1" rebuy="0" addon="0" merge="0" rebuychips="0" reg_code="8385510417"/>
<player seat="6" name="Pale111" chips="250" dealer="0" win="0" bet="65" muck="1" rebuy="0" addon="0" merge="0" rebuychips="0" reg_code="8385510434"/>
</players>
</general>
<round no="0"><action no="1" player="Pale111" type="15" discard="1" dealt="1" sum="5"/>
<action no="2" player="gasgas" type="15" discard="1" dealt="1" sum="5"/>
<action no="3" player="oreiasccp" type="15" sum="5"/>
<action no="4" player="Pale111" type="1" discard="1" dealt="1" sum="15"/>
<action no="5" player="gasgas" type="2" discard="1" dealt="1" sum="30"/>
</round>
<round no="1"><cards type="Pocket" player="Pale111">X X</cards>
<cards type="Pocket" player="oreiasccp">S10 DQ</cards>
<cards type="Pocket" player="gasgas">X X</cards>
<action no="6" player="oreiasccp" type="23" sum="60"/>
<action no="7" player="Pale111" type="3" discard="1" dealt="1" sum="45"/>
<action no="8" player="gasgas" type="3" discard="1" dealt="1" sum="30"/>
</round>
<round no="2"><cards type="Flop">CK DK S8</cards>
<action no="9" player="Pale111" type="4" discard="1" dealt="1" sum="0"/>
<action no="10" player="gasgas" type="4" discard="1" dealt="1" sum="0"/>
<action no="11" player="oreiasccp" type="5" sum="49"/>
<action no="12" player="Pale111" type="0" discard="1" dealt="1" sum="0"/>
<action no="13" player="gasgas" type="3" discard="1" dealt="1" sum="49"/>
</round>
<round no="3"><cards type="Turn">H4</cards>
<action no="14" player="gasgas" type="4" discard="1" dealt="1" sum="0"/>
<action no="15" player="oreiasccp" type="4" sum="0"/>
</round>
<round no="4"><cards type="River">SA</cards>
<action no="16" player="gasgas" type="5" discard="1" dealt="1" sum="96"/>
<action no="17" player="oreiasccp" type="0" sum="0"/>
</round>
</game>
<game gamecode="11516838687"><general><startdate>2025-06-17 09:42:16</startdate>
<round>1</round>
<failsafecounter/>
<players><player seat="3" name="oreiasccp" chips="760" dealer="0" win="1,295" bet="760" muck="0" rebuy="0" addon="0" merge="0" rebuychips="0" reg_code="8385510417"/>
<player seat="6" name="Pale111" chips="185" dealer="1" win="0" bet="185" muck="1" rebuy="0" addon="0" merge="0" rebuychips="0" reg_code="8385510434"/>
<player seat="10" name="gasgas" chips="555" dealer="0" win="0" bet="555" muck="1" rebuy="0" addon="0" merge="0" rebuychips="0" reg_code="8385510449"/>
</players>
</general>
<round no="0"><action no="1" player="gasgas" type="15" discard="1" dealt="1" sum="5"/>
<action no="2" player="oreiasccp" type="15" sum="5"/>
<action no="3" player="Pale111" type="15" discard="1" dealt="1" sum="5"/>
<action no="4" player="gasgas" type="1" discard="1" dealt="1" sum="20"/>
<action no="5" player="oreiasccp" type="2" sum="40"/>
</round>
<round no="1"><cards type="Pocket" player="oreiasccp">HK CK</cards>
<cards type="Pocket" player="Pale111">HJ H4</cards>
<cards type="Pocket" player="gasgas">HA S8</cards>
<action no="6" player="Pale111" type="3" discard="1" dealt="1" sum="40"/>
<action no="7" player="gasgas" type="23" discard="1" dealt="1" sum="550"/>
<action no="8" player="oreiasccp" type="7" sum="715"/>
<action no="9" player="Pale111" type="7" discard="1" dealt="1" sum="140"/>
</round>
<round no="2"><cards type="Flop">C9 C7 C8</cards>
</round>
<round no="3"><cards type="Turn">DJ</cards>
</round>
<round no="4"><cards type="River">H2</cards>
</round>
</game>
</session>
