<?xml version="1.0" encoding="UTF-8"?>
<session sessioncode="8385488839">
<general>
<client_version>24.7.1.16</client_version>
<mode>real</mode>
<gametype>Holdem NL</gametype>
<tablename>Twister €5 SNG, 1127660856</tablename>
<tournamentcode>1127660855</tournamentcode>
<tournamentname>Twister €5 SNG</tournamentname>
<buyin>€0 + €0.35 + €4.65</buyin>
<totalbuyin>€5</totalbuyin>
<rewarddrawn>€15</rewarddrawn>
<tournamentcurrency>EUR</tournamentcurrency>
<currency>EUR</currency>
<nickname>oreiasccp</nickname>
<gamecount>23</gamecount>
<startdate>2025-06-17 07:50:26</startdate>
<place>3</place>
<win>€0</win>
<tablesize>3</tablesize>
</general>
<game gamecode="11516769365"><general><startdate>2025-06-17 07:50:41</startdate>
<round>1</round>
<failsafecounter/>
<players><player seat="6" name="gabitomasnaki" chips="500" dealer="0" win="80" bet="500" muck="1" rebuy="0" addon="0" merge="0" rebuychips="0" reg_code="8385488849"/>
<player seat="10" name="Alchemik13" chips="500" dealer="1" win="0" bet="0" muck="1" rebuy="0" addon="0" merge="0" rebuychips="0" reg_code="8385488859"/>
<player seat="3" name="oreiasccp" chips="500" dealer="0" win="0" bet="40" muck="1" rebuy="0" addon="0" merge="0" rebuychips="0" reg_code="8385488839"/>
</players>
</general>
<round no="0"><action no="1" player="oreiasccp" type="1" sum="10"/>
<action no="2" player="gabitomasnaki" type="2" discard="1" dealt="1" sum="20"/>
</round>
<round no="1"><cards type="Pocket" player="Alchemik13">X X</cards>
<cards type="Pocket" player="oreiasccp">H3 DK</cards>
<cards type="Pocket" player="gabitomasnaki">X X</cards>
<action no="3" player="Alchemik13" type="0" discard="1" dealt="1" sum="0"/>
<action no="4" player="oreiasccp" type="23" sum="40"/>
<action no="5" player="gabitomasnaki" type="23" discard="1" dealt="1" sum="500"/>
<action no="6" player="oreiasccp" type="0" sum="0"/>
</round>
</game>
<game gamecode="11516769396"><general><startdate>2025-06-17 07:50:53</startdate>
<round>1</round>
<failsafecounter/>
<players><player seat="10" name="Alchemik13" chips="500" dealer="0" win="40" bet="40" muck="1" rebuy="0" addon="0" merge="0" rebuychips="0" reg_code="8385488859"/>
<player seat="3" name="oreiasccp" chips="460" dealer="1" win="0" bet="0" muck="1" rebuy="0" addon="0" merge="0" rebuychips="0" reg_code="8385488839"/>
<player seat="6" name="gabitomasnaki" chips="540" dealer="0" win="0" bet="20" muck="1" rebuy="0" addon="0" merge="0" rebuychips="0" reg_code="8385488849"/>
</players>
</general>
<round no="0"><action no="1" player="gabitomasnaki" type="1" discard="1" dealt="1" sum="10"/>
<action no="2" player="Alchemik13" type="2" discard="1" dealt="1" sum="20"/>
</round>
<round no="1"><cards type="Pocket" player="Alchemik13">X X</cards>
<cards type="Pocket" player="oreiasccp">D7 S6</cards>
<cards type="Pocket" player="gabitomasnaki">X X</cards>
<action no="3" player="oreiasccp" type="0" sum="0"/>
<action no="4" player="gabitomasnaki" type="3" discard="1" dealt="1" sum="10"/>
<action no="5" player="Alchemik13" type="4" discard="1" dealt="1" sum="0"/>
</round>
<round no="2"><cards type="Flop">D9 HJ DA</cards>
<action no="6" player="gabitomasnaki" type="4" discard="1" dealt="1" sum="0"/>
<action no="7" player="Alchemik13" type="5" discard="1" dealt="1" sum="20"/>
<action no="8" player="gabitomasnaki" type="0" discard="1" dealt="1" sum="0"/>
</round>
</game>
<game gamecode="11516769437"><general><startdate>2025-06-17 07:51:06</startdate>
<round>1</round>
<failsafecounter/>
<players><player seat="3" name="oreiasccp" chips="460" dealer="0" win="0" bet="20" muck="1" rebuy="0" addon="0" merge="0" rebuychips="0" reg_code="8385488839"/>
<player seat="6" name="gabitomasnaki" chips="520" dealer="1" win="50" bet="45" muck="1" rebuy="0" addon="0" merge="0" rebuychips="0" reg_code="8385488849"/>
<player seat="10" name="Alchemik13" chips="520" dealer="0" win="0" bet="10" muck="1" rebuy="0" addon="0" merge="0" rebuychips="0" reg_code="8385488859"/>
</players>
</general>
<round no="0"><action no="1" player="Alchemik13" type="1" discard="1" dealt="1" sum="10"/>
<action no="2" player="oreiasccp" type="2" sum="20"/>
</round>
<round no="1"><cards type="Pocket" player="Alchemik13">X X</cards>
<cards type="Pocket" player="gabitomasnaki">X X</cards>
<cards type="Pocket" player="oreiasccp">C7 H6</cards>
<action no="3" player="gabitomasnaki" type="3" discard="1" dealt="1" sum="20"/>
<action no="4" player="Alchemik13" type="0" discard="1" dealt="1" sum="0"/>
<action no="5" player="oreiasccp" type="4" sum="0"/>
</round>
<round no="2"><cards type="Flop">HJ C10 CA</cards>
<action no="6" player="oreiasccp" type="4" sum="0"/>
<action no="7" player="gabitomasnaki" type="5" discard="1" dealt="1" sum="25"/>
<action no="8" player="oreiasccp" type="0" sum="0"/>
</round>
</game>
<game gamecode="11516769483"><general><startdate>2025-06-17 07:51:22</startdate>
<round>1</round>
<failsafecounter/>
<players><player seat="6" name="gabitomasnaki" chips="550" dealer="0" win="0" bet="50" muck="1" rebuy="0" addon="0" merge="0" rebuychips="0" reg_code="8385488849"/>
<player seat="10" name="Alchemik13" chips="510" dealer="1" win="0" bet="0" muck="1" rebuy="0" addon="0" merge="0" rebuychips="0" reg_code="8385488859"/>
<player seat="3" name="oreiasccp" chips="440" dealer="0" win="100" bet="86" muck="1" rebuy="0" addon="0" merge="0" rebuychips="0" reg_code="8385488839"/>
</players>
</general>
<round no="0"><action no="1" player="oreiasccp" type="1" sum="10"/>
<action no="2" player="gabitomasnaki" type="2" discard="1" dealt="1" sum="20"/>
</round>
<round no="1"><cards type="Pocket" player="oreiasccp">CK CJ</cards>
<cards type="Pocket" player="gabitomasnaki">X X</cards>
<cards type="Pocket" player="Alchemik13">X X</cards>
<action no="3" player="Alchemik13" type="0" discard="1" dealt="1" sum="0"/>
<action no="4" player="oreiasccp" type="23" sum="50"/>
<action no="5" player="gabitomasnaki" type="3" discard="1" dealt="1" sum="30"/>
</round>
<round no="2"><cards type="Flop">D3 SA C10</cards>
<action no="6" player="oreiasccp" type="5" sum="36"/>
<action no="7" player="gabitomasnaki" type="0" discard="1" dealt="1" sum="0"/>
</round>
</game>
<game gamecode="11516769532"><general><startdate>2025-06-17 07:51:40</startdate>
<round>1</round>
<failsafecounter/>
<players><player seat="10" name="Alchemik13" chips="510" dealer="0" win="320" bet="510" muck="1" rebuy="0" addon="0" merge="0" rebuychips="0" reg_code="8385488859"/>
<player seat="3" name="oreiasccp" chips="490" dealer="1" win="0" bet="0" muck="1" rebuy="0" addon="0" merge="0" rebuychips="0" reg_code="8385488839"/>
<player seat="6" name="gabitomasnaki" chips="500" dealer="0" win="0" bet="160" muck="1" rebuy="0" addon="0" merge="0" rebuychips="0" reg_code="8385488849"/>
</players>
</general>
<round no="0"><action no="1" player="gabitomasnaki" type="1" discard="1" dealt="1" sum="10"/>
<action no="2" player="Alchemik13" type="2" discard="1" dealt="1" sum="20"/>
</round>
<round no="1"><cards type="Pocket" player="Alchemik13">X X</cards>
<cards type="Pocket" player="oreiasccp">DJ C8</cards>
<cards type="Pocket" player="gabitomasnaki">X X</cards>
<action no="3" player="oreiasccp" type="0" sum="0"/>
<action no="4" player="gabitomasnaki" type="23" discard="1" dealt="1" sum="50"/>
<action no="5" player="Alchemik13" type="3" discard="1" dealt="1" sum="30"/>
</round>
<round no="2"><cards type="Flop">SA H6 DK</cards>
<action no="6" player="gabitomasnaki" type="5" discard="1" dealt="1" sum="50"/>
<action no="7" player="Alchemik13" type="3" discard="1" dealt="1" sum="50"/>
</round>
<round no="3"><cards type="Turn">D10</cards>
<action no="8" player="gabitomasnaki" type="5" discard="1" dealt="1" sum="60"/>
<action no="9" player="Alchemik13" type="3" discard="1" dealt="1" sum="60"/>
</round>
<round no="4"><cards type="River">HK</cards>
<action no="10" player="gabitomasnaki" type="4" discard="1" dealt="1" sum="0"/>
<action no="11" player="Alchemik13" type="5" discard="1" dealt="1" sum="350"/>
<action no="12" player="gabitomasnaki" type="0" discard="1" dealt="1" sum="0"/>
</round>
</game>
<game gamecode="11516769635"><general><startdate>2025-06-17 07:52:17</startdate>
<round>1</round>
<failsafecounter/>
<players><player seat="3" name="oreiasccp" chips="490" dealer="0" win="90" bet="40" muck="0" rebuy="0" addon="0" merge="0" rebuychips="0" reg_code="8385488839"/>
<player seat="6" name="gabitomasnaki" chips="340" dealer="1" win="0" bet="40" muck="1" rebuy="0" addon="0" merge="0" rebuychips="0" reg_code="8385488849"/>
<player seat="10" name="Alchemik13" chips="670" dealer="0" win="0" bet="10" muck="1" rebuy="0" addon="0" merge="0" rebuychips="0" reg_code="8385488859"/>
</players>
</general>
<round no="0"><action no="1" player="Alchemik13" type="1" discard="1" dealt="1" sum="10"/>
<action no="2" player="oreiasccp" type="2" sum="20"/>
</round>
<round no="1"><cards type="Pocket" player="oreiasccp">DK S2</cards>
<cards type="Pocket" player="gabitomasnaki">SK D3</cards>
<cards type="Pocket" player="Alchemik13">X X</cards>
<action no="3" player="gabitomasnaki" type="3" discard="1" dealt="1" sum="20"/>
<action no="4" player="Alchemik13" type="0" discard="1" dealt="1" sum="0"/>
<action no="5" player="oreiasccp" type="4" sum="0"/>
</round>
<round no="2"><cards type="Flop">S4 SJ C6</cards>
<action no="6" player="oreiasccp" type="4" sum="0"/>
<action no="7" player="gabitomasnaki" type="4" discard="1" dealt="1" sum="0"/>
</round>
<round no="3"><cards type="Turn">H2</cards>
<action no="8" player="oreiasccp" type="4" sum="0"/>
<action no="9" player="gabitomasnaki" type="4" discard="1" dealt="1" sum="0"/>
</round>
<round no="4"><cards type="River">H4</cards>
<action no="10" player="oreiasccp" type="5" sum="20"/>
<action no="11" player="gabitomasnaki" type="3" discard="1" dealt="1" sum="20"/>
</round>
</game>
<game gamecode="11516769709"><general><startdate>2025-06-17 07:52:41</startdate>
<round>1</round>
<failsafecounter/>
<players><player seat="6" name="gabitomasnaki" chips="300" dealer="0" win="0" bet="35" muck="1" rebuy="0" addon="0" merge="0" rebuychips="0" reg_code="8385488849"/>
<player seat="10" name="Alchemik13" chips="660" dealer="1" win="0" bet="5" muck="1" rebuy="0" addon="0" merge="0" rebuychips="0" reg_code="8385488859"/>
<player seat="3" name="oreiasccp" chips="540" dealer="0" win="75" bet="300" muck="1" rebuy="0" addon="0" merge="0" rebuychips="0" reg_code="8385488839"/>
</players>
</general>
<round no="0"><action no="1" player="oreiasccp" type="15" sum="5"/>
<action no="2" player="gabitomasnaki" type="15" discard="1" dealt="1" sum="5"/>
<action no="3" player="Alchemik13" type="15" discard="1" dealt="1" sum="5"/>
<action no="4" player="oreiasccp" type="1" sum="15"/>
<action no="5" player="gabitomasnaki" type="2" discard="1" dealt="1" sum="30"/>
</round>
<round no="1"><cards type="Pocket" player="oreiasccp">D6 HA</cards>
<cards type="Pocket" player="Alchemik13">X X</cards>
<cards type="Pocket" player="gabitomasnaki">X X</cards>
<action no="6" player="Alchemik13" type="0" discard="1" dealt="1" sum="0"/>
<action no="7" player="oreiasccp" type="23" sum="295"/>
<action no="8" player="gabitomasnaki" type="0" discard="1" dealt="1" sum="0"/>
</round>
</game>
<game gamecode="11516769737"><general><startdate>2025-06-17 07:52:51</startdate>
<round>1</round>
<failsafecounter/>
<players><player seat="10" name="Alchemik13" chips="655" dealer="0" win="0" bet="35" muck="1" rebuy="0" addon="0" merge="0" rebuychips="0" reg_code="8385488859"/>
<player seat="3" name="oreiasccp" chips="580" dealer="1" win="247" bet="106" muck="0" rebuy="0" addon="0" merge="0" rebuychips="0" reg_code="8385488839"/>
<player seat="6" name="gabitomasnaki" chips="265" dealer="0" win="0" bet="106" muck="1" rebuy="0" addon="0" merge="0" rebuychips="0" reg_code="8385488849"/>
</players>
</general>
<round no="0"><action no="1" player="gabitomasnaki" type="15" discard="1" dealt="1" sum="5"/>
<action no="2" player="Alchemik13" type="15" discard="1" dealt="1" sum="5"/>
<action no="3" player="oreiasccp" type="15" sum="5"/>
<action no="4" player="gabitomasnaki" type="1" discard="1" dealt="1" sum="15"/>
<action no="5" player="Alchemik13" type="2" discard="1" dealt="1" sum="30"/>
</round>
<round no="1"><cards type="Pocket" player="oreiasccp">S6 D6</cards>
<cards type="Pocket" player="gabitomasnaki">S10 CK</cards>
<cards type="Pocket" player="Alchemik13">X X</cards>
<action no="6" player="oreiasccp" type="23" sum="60"/>
<action no="7" player="gabitomasnaki" type="3" discard="1" dealt="1" sum="45"/>
<action no="8" player="Alchemik13" type="0" discard="1" dealt="1" sum="0"/>
</round>
<round no="2"><cards type="Flop">C4 DJ CA</cards>
<action no="9" player="gabitomasnaki" type="4" discard="1" dealt="1" sum="0"/>
<action no="10" player="oreiasccp" type="4" sum="0"/>
</round>
<round no="3"><cards type="Turn">D8</cards>
<action no="11" player="gabitomasnaki" type="4" discard="1" dealt="1" sum="0"/>
<action no="12" player="oreiasccp" type="5" sum="41"/>
<action no="13" player="gabitomasnaki" type="3" discard="1" dealt="1" sum="41"/>
</round>
<round no="4"><cards type="River">H2</cards>
<action no="14" player="gabitomasnaki" type="4" discard="1" dealt="1" sum="0"/>
<action no="15" player="oreiasccp" type="4" sum="0"/>
</round>
</game>
<game gamecode="11516769807"><general><startdate>2025-06-17 07:53:19</startdate>
<round>1</round>
<failsafecounter/>
<players><player seat="3" name="oreiasccp" chips="721" dealer="0" win="0" bet="162" muck="1" rebuy="0" addon="0" merge="0" rebuychips="0" reg_code="8385488839"/>
<player seat="6" name="gabitomasnaki" chips="159" dealer="1" win="0" bet="5" muck="1" rebuy="0" addon="0" merge="0" rebuychips="0" reg_code="8385488849"/>
<player seat="10" name="Alchemik13" chips="620" dealer="0" win="329" bet="620" muck="1" rebuy="0" addon="0" merge="0" rebuychips="0" reg_code="8385488859"/>
</players>
</general>
<round no="0"><action no="1" player="Alchemik13" type="15" discard="1" dealt="1" sum="5"/>
<action no="2" player="oreiasccp" type="15" sum="5"/>
<action no="3" player="gabitomasnaki" type="15" discard="1" dealt="1" sum="5"/>
<action no="4" player="Alchemik13" type="1" discard="1" dealt="1" sum="15"/>
<action no="5" player="oreiasccp" type="2" sum="30"/>
</round>
<round no="1"><cards type="Pocket" player="Alchemik13">X X</cards>
<cards type="Pocket" player="gabitomasnaki">X X</cards>
<cards type="Pocket" player="oreiasccp">C7 D5</cards>
<action no="6" player="gabitomasnaki" type="0" discard="1" dealt="1" sum="0"/>
<action no="7" player="Alchemik13" type="23" discard="1" dealt="1" sum="75"/>
<action no="8" player="oreiasccp" type="3" sum="45"/>
</round>
<round no="2"><cards type="Flop">D8 S10 H7</cards>
<action no="9" player="Alchemik13" type="5" discard="1" dealt="1" sum="82"/>
<action no="10" player="oreiasccp" type="3" sum="82"/>
</round>
<round no="3"><cards type="Turn">HA</cards>
<action no="11" player="Alchemik13" type="5" discard="1" dealt="1" sum="458"/>
<action no="12" player="oreiasccp" type="0" sum="0"/>
</round>
</game>
<game gamecode="11516769881"><general><startdate>2025-06-17 07:53:43</startdate>
<round>1</round>
<failsafecounter/>
<players><player seat="6" name="gabitomasnaki" chips="154" dealer="0" win="313" bet="154" muck="0" rebuy="0" addon="0" merge="0" rebuychips="0" reg_code="8385488849"/>
<player seat="10" name="Alchemik13" chips="787" dealer="1" win="0" bet="5" muck="1" rebuy="0" addon="0" merge="0" rebuychips="0" reg_code="8385488859"/>
<player seat="3" name="oreiasccp" chips="559" dealer="0" win="0" bet="154" muck="0" rebuy="0" addon="0" merge="0" rebuychips="0" reg_code="8385488839"/>
</players>
</general>
<round no="0"><action no="1" player="oreiasccp" type="15" sum="5"/>
<action no="2" player="gabitomasnaki" type="15" discard="1" dealt="1" sum="5"/>
<action no="3" player="Alchemik13" type="15" discard="1" dealt="1" sum="5"/>
<action no="4" player="oreiasccp" type="1" sum="15"/>
<action no="5" player="gabitomasnaki" type="2" discard="1" dealt="1" sum="30"/>
</round>
<round no="1"><cards type="Pocket" player="oreiasccp">C5 C8</cards>
<cards type="Pocket" player="Alchemik13">X X</cards>
<cards type="Pocket" player="gabitomasnaki">H7 DJ</cards>
<action no="6" player="Alchemik13" type="0" discard="1" dealt="1" sum="0"/>
<action no="7" player="oreiasccp" type="23" sum="149"/>
<action no="8" player="gabitomasnaki" type="7" discard="1" dealt="1" sum="119"/>
</round>
<round no="2"><cards type="Flop">HJ S7 D2</cards>
</round>
<round no="3"><cards type="Turn">SJ</cards>
</round>
<round no="4"><cards type="River">H5</cards>
</round>
</game>
<game gamecode="11516769923"><general><startdate>2025-06-17 07:54:02</startdate>
<round>1</round>
<failsafecounter/>
<players><player seat="10" name="Alchemik13" chips="782" dealer="0" win="45" bet="35" muck="1" rebuy="0" addon="0" merge="0" rebuychips="0" reg_code="8385488859"/>
<player seat="3" name="oreiasccp" chips="405" dealer="1" win="0" bet="5" muck="1" rebuy="0" addon="0" merge="0" rebuychips="0" reg_code="8385488839"/>
<player seat="6" name="gabitomasnaki" chips="313" dealer="0" win="0" bet="20" muck="1" rebuy="0" addon="0" merge="0" rebuychips="0" reg_code="8385488849"/>
</players>
</general>
<round no="0"><action no="1" player="gabitomasnaki" type="15" discard="1" dealt="1" sum="5"/>
<action no="2" player="Alchemik13" type="15" discard="1" dealt="1" sum="5"/>
<action no="3" player="oreiasccp" type="15" sum="5"/>
<action no="4" player="gabitomasnaki" type="1" discard="1" dealt="1" sum="15"/>
<action no="5" player="Alchemik13" type="2" discard="1" dealt="1" sum="30"/>
</round>
<round no="1"><cards type="Pocket" player="Alchemik13">X X</cards>
<cards type="Pocket" player="oreiasccp">C7 DQ</cards>
<cards type="Pocket" player="gabitomasnaki">X X</cards>
<action no="6" player="oreiasccp" type="0" sum="0"/>
<action no="7" player="gabitomasnaki" type="0" discard="1" dealt="1" sum="0"/>
</round>
</game>
<game gamecode="11516769938"><general><startdate>2025-06-17 07:54:09</startdate>
<round>1</round>
<failsafecounter/>
<players><player seat="3" name="oreiasccp" chips="400" dealer="0" win="0" bet="35" muck="1" rebuy="0" addon="0" merge="0" rebuychips="0" reg_code="8385488839"/>
<player seat="6" name="gabitomasnaki" chips="293" dealer="1" win="0" bet="5" muck="1" rebuy="0" addon="0" merge="0" rebuychips="0" reg_code="8385488849"/>
<player seat="10" name="Alchemik13" chips="807" dealer="0" win="75" bet="807" muck="1" rebuy="0" addon="0" merge="0" rebuychips="0" reg_code="8385488859"/>
</players>
</general>
<round no="0"><action no="1" player="Alchemik13" type="15" discard="1" dealt="1" sum="5"/>
<action no="2" player="oreiasccp" type="15" sum="5"/>
<action no="3" player="gabitomasnaki" type="15" discard="1" dealt="1" sum="5"/>
<action no="4" player="Alchemik13" type="1" discard="1" dealt="1" sum="15"/>
<action no="5" player="oreiasccp" type="2" sum="30"/>
</round>
<round no="1"><cards type="Pocket" player="oreiasccp">C6 H9</cards>
<cards type="Pocket" player="Alchemik13">X X</cards>
<cards type="Pocket" player="gabitomasnaki">X X</cards>
<action no="6" player="gabitomasnaki" type="0" discard="1" dealt="1" sum="0"/>
<action no="7" player="Alchemik13" type="23" discard="1" dealt="1" sum="802"/>
<action no="8" player="oreiasccp" type="0" sum="0"/>
</round>
</game>
<game gamecode="11516769970"><general><startdate>2025-06-17 07:54:17</startdate>
<round>1</round>
<failsafecounter/>
<players><player seat="6" name="gabitomasnaki" chips="288" dealer="0" win="0" bet="35" muck="1" rebuy="0" addon="0" merge="0" rebuychips="0" reg_code="8385488849"/>
<player seat="10" name="Alchemik13" chips="847" dealer="1" win="0" bet="5" muck="1" rebuy="0" addon="0" merge="0" rebuychips="0" reg_code="8385488859"/>
<player seat="3" name="oreiasccp" chips="365" dealer="0" win="75" bet="288" muck="1" rebuy="0" addon="0" merge="0" rebuychips="0" reg_code="8385488839"/>
</players>
</general>
<round no="0"><action no="1" player="oreiasccp" type="15" sum="5"/>
<action no="2" player="gabitomasnaki" type="15" discard="1" dealt="1" sum="5"/>
<action no="3" player="Alchemik13" type="15" discard="1" dealt="1" sum="5"/>
<action no="4" player="oreiasccp" type="1" sum="15"/>
<action no="5" player="gabitomasnaki" type="2" discard="1" dealt="1" sum="30"/>
</round>
<round no="1"><cards type="Pocket" player="Alchemik13">X X</cards>
<cards type="Pocket" player="oreiasccp">C9 D10</cards>
<cards type="Pocket" player="gabitomasnaki">X X</cards>
<action no="6" player="Alchemik13" type="0" discard="1" dealt="1" sum="0"/>
<action no="7" player="oreiasccp" type="23" sum="283"/>
<action no="8" player="gabitomasnaki" type="0" discard="1" dealt="1" sum="0"/>
</round>
</game>
<game gamecode="11516769990"><general><startdate>2025-06-17 07:54:25</startdate>
<round>1</round>
<failsafecounter/>
<players><player seat="10" name="Alchemik13" chips="842" dealer="0" win="45" bet="35" muck="1" rebuy="0" addon="0" merge="0" rebuychips="0" reg_code="8385488859"/>
<player seat="3" name="oreiasccp" chips="405" dealer="1" win="0" bet="5" muck="1" rebuy="0" addon="0" merge="0" rebuychips="0" reg_code="8385488839"/>
<player seat="6" name="gabitomasnaki" chips="253" dealer="0" win="0" bet="20" muck="1" rebuy="0" addon="0" merge="0" rebuychips="0" reg_code="8385488849"/>
</players>
</general>
<round no="0"><action no="1" player="gabitomasnaki" type="15" discard="1" dealt="1" sum="5"/>
<action no="2" player="Alchemik13" type="15" discard="1" dealt="1" sum="5"/>
<action no="3" player="oreiasccp" type="15" sum="5"/>
<action no="4" player="gabitomasnaki" type="1" discard="1" dealt="1" sum="15"/>
<action no="5" player="Alchemik13" type="2" discard="1" dealt="1" sum="30"/>
</round>
<round no="1"><cards type="Pocket" player="oreiasccp">S4 DJ</cards>
<cards type="Pocket" player="Alchemik13">X X</cards>
<cards type="Pocket" player="gabitomasnaki">X X</cards>
<action no="6" player="oreiasccp" type="0" sum="0"/>
<action no="7" player="gabitomasnaki" type="0" discard="1" dealt="1" sum="0"/>
</round>
</game>
<game gamecode="11516770006"><general><startdate>2025-06-17 07:54:32</startdate>
<round>1</round>
<failsafecounter/>
<players><player seat="3" name="oreiasccp" chips="400" dealer="0" win="45" bet="35" muck="1" rebuy="0" addon="0" merge="0" rebuychips="0" reg_code="8385488839"/>
<player seat="6" name="gabitomasnaki" chips="233" dealer="1" win="0" bet="5" muck="1" rebuy="0" addon="0" merge="0" rebuychips="0" reg_code="8385488849"/>
<player seat="10" name="Alchemik13" chips="867" dealer="0" win="0" bet="20" muck="1" rebuy="0" addon="0" merge="0" rebuychips="0" reg_code="8385488859"/>
</players>
</general>
<round no="0"><action no="1" player="Alchemik13" type="15" discard="1" dealt="1" sum="5"/>
<action no="2" player="oreiasccp" type="15" sum="5"/>
<action no="3" player="gabitomasnaki" type="15" discard="1" dealt="1" sum="5"/>
<action no="4" player="Alchemik13" type="1" discard="1" dealt="1" sum="15"/>
<action no="5" player="oreiasccp" type="2" sum="30"/>
</round>
<round no="1"><cards type="Pocket" player="Alchemik13">X X</cards>
<cards type="Pocket" player="gabitomasnaki">X X</cards>
<cards type="Pocket" player="oreiasccp">H3 S10</cards>
<action no="6" player="gabitomasnaki" type="0" discard="1" dealt="1" sum="0"/>
<action no="7" player="Alchemik13" type="0" discard="1" dealt="1" sum="0"/>
</round>
</game>
<game gamecode="11516770019"><general><startdate>2025-06-17 07:54:38</startdate>
<round>1</round>
<failsafecounter/>
<players><player seat="6" name="gabitomasnaki" chips="228" dealer="0" win="461" bet="228" muck="0" rebuy="0" addon="0" merge="0" rebuychips="0" reg_code="8385488849"/>
<player seat="10" name="Alchemik13" chips="847" dealer="1" win="0" bet="5" muck="1" rebuy="0" addon="0" merge="0" rebuychips="0" reg_code="8385488859"/>
<player seat="3" name="oreiasccp" chips="425" dealer="0" win="0" bet="228" muck="0" rebuy="0" addon="0" merge="0" rebuychips="0" reg_code="8385488839"/>
</players>
</general>
<round no="0"><action no="1" player="oreiasccp" type="15" sum="5"/>
<action no="2" player="gabitomasnaki" type="15" discard="1" dealt="1" sum="5"/>
<action no="3" player="Alchemik13" type="15" discard="1" dealt="1" sum="5"/>
<action no="4" player="oreiasccp" type="1" sum="15"/>
<action no="5" player="gabitomasnaki" type="2" discard="1" dealt="1" sum="30"/>
</round>
<round no="1"><cards type="Pocket" player="gabitomasnaki">D2 DQ</cards>
<cards type="Pocket" player="oreiasccp">C3 CQ</cards>
<cards type="Pocket" player="Alchemik13">X X</cards>
<action no="6" player="Alchemik13" type="0" discard="1" dealt="1" sum="0"/>
<action no="7" player="oreiasccp" type="23" sum="223"/>
<action no="8" player="gabitomasnaki" type="7" discard="1" dealt="1" sum="193"/>
</round>
<round no="2"><cards type="Flop">HQ S9 DK</cards>
</round>
<round no="3"><cards type="Turn">D6</cards>
</round>
<round no="4"><cards type="River">C2</cards>
</round>
</game>
<game gamecode="11516773162"><general><startdate>2025-06-17 07:54:56</startdate>
<round>1</round>
<failsafecounter/>
<players><player seat="10" name="Alchemik13" chips="842" dealer="0" win="189" bet="186" muck="1" rebuy="0" addon="0" merge="0" rebuychips="0" reg_code="8385488859"/>
<player seat="3" name="oreiasccp" chips="197" dealer="1" win="0" bet="5" muck="1" rebuy="0" addon="0" merge="0" rebuychips="0" reg_code="8385488839"/>
<player seat="6" name="gabitomasnaki" chips="461" dealer="0" win="0" bet="92" muck="1" rebuy="0" addon="0" merge="0" rebuychips="0" reg_code="8385488849"/>
</players>
</general>
<round no="0"><action no="1" player="gabitomasnaki" type="15" discard="1" dealt="1" sum="5"/>
<action no="2" player="Alchemik13" type="15" discard="1" dealt="1" sum="5"/>
<action no="3" player="oreiasccp" type="15" sum="5"/>
<action no="4" player="gabitomasnaki" type="1" discard="1" dealt="1" sum="20"/>
<action no="5" player="Alchemik13" type="2" discard="1" dealt="1" sum="40"/>
</round>
<round no="1"><cards type="Pocket" player="gabitomasnaki">X X</cards>
<cards type="Pocket" player="oreiasccp">S6 C9</cards>
<cards type="Pocket" player="Alchemik13">X X</cards>
<action no="6" player="oreiasccp" type="0" sum="0"/>
<action no="7" player="gabitomasnaki" type="3" discard="1" dealt="1" sum="20"/>
<action no="8" player="Alchemik13" type="4" discard="1" dealt="1" sum="0"/>
</round>
<round no="2"><cards type="Flop">DK S2 DJ</cards>
<action no="9" player="gabitomasnaki" type="4" discard="1" dealt="1" sum="0"/>
<action no="10" player="Alchemik13" type="4" discard="1" dealt="1" sum="0"/>
</round>
<round no="3"><cards type="Turn">D5</cards>
<action no="11" player="gabitomasnaki" type="4" discard="1" dealt="1" sum="0"/>
<action no="12" player="Alchemik13" type="5" discard="1" dealt="1" sum="47"/>
<action no="13" player="gabitomasnaki" type="3" discard="1" dealt="1" sum="47"/>
</round>
<round no="4"><cards type="River">S8</cards>
<action no="14" player="gabitomasnaki" type="4" discard="1" dealt="1" sum="0"/>
<action no="15" player="Alchemik13" type="5" discard="1" dealt="1" sum="94"/>
<action no="16" player="gabitomasnaki" type="0" discard="1" dealt="1" sum="0"/>
</round>
</game>
<game gamecode="11516773244"><general><startdate>2025-06-17 07:55:30</startdate>
<round>1</round>
<failsafecounter/>
<players><player seat="3" name="oreiasccp" chips="192" dealer="0" win="55" bet="45" muck="1" rebuy="0" addon="0" merge="0" rebuychips="0" reg_code="8385488839"/>
<player seat="6" name="gabitomasnaki" chips="369" dealer="1" win="0" bet="5" muck="1" rebuy="0" addon="0" merge="0" rebuychips="0" reg_code="8385488849"/>
<player seat="10" name="Alchemik13" chips="939" dealer="0" win="0" bet="25" muck="1" rebuy="0" addon="0" merge="0" rebuychips="0" reg_code="8385488859"/>
</players>
</general>
<round no="0"><action no="1" player="Alchemik13" type="15" discard="1" dealt="1" sum="5"/>
<action no="2" player="oreiasccp" type="15" sum="5"/>
<action no="3" player="gabitomasnaki" type="15" discard="1" dealt="1" sum="5"/>
<action no="4" player="Alchemik13" type="1" discard="1" dealt="1" sum="20"/>
<action no="5" player="oreiasccp" type="2" sum="40"/>
</round>
<round no="1"><cards type="Pocket" player="oreiasccp">SQ S4</cards>
<cards type="Pocket" player="Alchemik13">X X</cards>
<cards type="Pocket" player="gabitomasnaki">X X</cards>
<action no="6" player="gabitomasnaki" type="0" discard="1" dealt="1" sum="0"/>
<action no="7" player="Alchemik13" type="0" discard="1" dealt="1" sum="0"/>
</round>
</game>
<game gamecode="11516773263"><general><startdate>2025-06-17 07:55:39</startdate>
<round>1</round>
<failsafecounter/>
<players><player seat="6" name="gabitomasnaki" chips="364" dealer="0" win="0" bet="45" muck="1" rebuy="0" addon="0" merge="0" rebuychips="0" reg_code="8385488849"/>
<player seat="10" name="Alchemik13" chips="914" dealer="1" win="115" bet="914" muck="1" rebuy="0" addon="0" merge="0" rebuychips="0" reg_code="8385488859"/>
<player seat="3" name="oreiasccp" chips="222" dealer="0" win="0" bet="25" muck="1" rebuy="0" addon="0" merge="0" rebuychips="0" reg_code="8385488839"/>
</players>
</general>
<round no="0"><action no="1" player="oreiasccp" type="15" sum="5"/>
<action no="2" player="gabitomasnaki" type="15" discard="1" dealt="1" sum="5"/>
<action no="3" player="Alchemik13" type="15" discard="1" dealt="1" sum="5"/>
<action no="4" player="oreiasccp" type="1" sum="20"/>
<action no="5" player="gabitomasnaki" type="2" discard="1" dealt="1" sum="40"/>
</round>
<round no="1"><cards type="Pocket" player="Alchemik13">X X</cards>
<cards type="Pocket" player="gabitomasnaki">X X</cards>
<cards type="Pocket" player="oreiasccp">C9 HJ</cards>
<action no="6" player="Alchemik13" type="23" discard="1" dealt="1" sum="909"/>
<action no="7" player="oreiasccp" type="0" sum="0"/>
<action no="8" player="gabitomasnaki" type="0" discard="1" dealt="1" sum="0"/>
</round>
</game>
<game gamecode="11516773334"><general><startdate>2025-06-17 07:56:05</startdate>
<round>1</round>
<failsafecounter/>
<players><player seat="10" name="Alchemik13" chips="984" dealer="0" win="55" bet="45" muck="1" rebuy="0" addon="0" merge="0" rebuychips="0" reg_code="8385488859"/>
<player seat="3" name="oreiasccp" chips="197" dealer="1" win="0" bet="5" muck="1" rebuy="0" addon="0" merge="0" rebuychips="0" reg_code="8385488839"/>
<player seat="6" name="gabitomasnaki" chips="319" dealer="0" win="0" bet="25" muck="1" rebuy="0" addon="0" merge="0" rebuychips="0" reg_code="8385488849"/>
</players>
</general>
<round no="0"><action no="1" player="gabitomasnaki" type="15" discard="1" dealt="1" sum="5"/>
<action no="2" player="Alchemik13" type="15" discard="1" dealt="1" sum="5"/>
<action no="3" player="oreiasccp" type="15" sum="5"/>
<action no="4" player="gabitomasnaki" type="1" discard="1" dealt="1" sum="20"/>
<action no="5" player="Alchemik13" type="2" discard="1" dealt="1" sum="40"/>
</round>
<round no="1"><cards type="Pocket" player="oreiasccp">C5 D8</cards>
<cards type="Pocket" player="Alchemik13">X X</cards>
<cards type="Pocket" player="gabitomasnaki">X X</cards>
<action no="6" player="oreiasccp" type="0" sum="0"/>
<action no="7" player="gabitomasnaki" type="0" discard="1" dealt="1" sum="0"/>
</round>
</game>
<game gamecode="11516773348"><general><startdate>2025-06-17 07:56:12</startdate>
<round>1</round>
<failsafecounter/>
<players><player seat="3" name="oreiasccp" chips="192" dealer="0" win="0" bet="45" muck="1" rebuy="0" addon="0" merge="0" rebuychips="0" reg_code="8385488839"/>
<player seat="6" name="gabitomasnaki" chips="294" dealer="1" win="0" bet="5" muck="1" rebuy="0" addon="0" merge="0" rebuychips="0" reg_code="8385488849"/>
<player seat="10" name="Alchemik13" chips="1,014" dealer="0" win="95" bet="1,014" muck="1" rebuy="0" addon="0" merge="0" rebuychips="0" reg_code="8385488859"/>
</players>
</general>
<round no="0"><action no="1" player="Alchemik13" type="15" discard="1" dealt="1" sum="5"/>
<action no="2" player="oreiasccp" type="15" sum="5"/>
<action no="3" player="gabitomasnaki" type="15" discard="1" dealt="1" sum="5"/>
<action no="4" player="Alchemik13" type="1" discard="1" dealt="1" sum="20"/>
<action no="5" player="oreiasccp" type="2" sum="40"/>
</round>
<round no="1"><cards type="Pocket" player="Alchemik13">X X</cards>
<cards type="Pocket" player="gabitomasnaki">X X</cards>
<cards type="Pocket" player="oreiasccp">C6 C3</cards>
<action no="6" player="gabitomasnaki" type="0" discard="1" dealt="1" sum="0"/>
<action no="7" player="Alchemik13" type="23" discard="1" dealt="1" sum="1,009"/>
<action no="8" player="oreiasccp" type="0" sum="0"/>
</round>
</game>
<game gamecode="11516773377"><general><startdate>2025-06-17 07:56:22</startdate>
<round>1</round>
<failsafecounter/>
<players><player seat="6" name="gabitomasnaki" chips="289" dealer="0" win="0" bet="45" muck="1" rebuy="0" addon="0" merge="0" rebuychips="0" reg_code="8385488849"/>
<player seat="10" name="Alchemik13" chips="1,064" dealer="1" win="0" bet="5" muck="1" rebuy="0" addon="0" merge="0" rebuychips="0" reg_code="8385488859"/>
<player seat="3" name="oreiasccp" chips="147" dealer="0" win="95" bet="147" muck="1" rebuy="0" addon="0" merge="0" rebuychips="0" reg_code="8385488839"/>
</players>
</general>
<round no="0"><action no="1" player="oreiasccp" type="15" sum="5"/>
<action no="2" player="gabitomasnaki" type="15" discard="1" dealt="1" sum="5"/>
<action no="3" player="Alchemik13" type="15" discard="1" dealt="1" sum="5"/>
<action no="4" player="oreiasccp" type="1" sum="20"/>
<action no="5" player="gabitomasnaki" type="2" discard="1" dealt="1" sum="40"/>
</round>
<round no="1"><cards type="Pocket" player="oreiasccp">H9 SJ</cards>
<cards type="Pocket" player="gabitomasnaki">X X</cards>
<cards type="Pocket" player="Alchemik13">X X</cards>
<action no="6" player="Alchemik13" type="0" discard="1" dealt="1" sum="0"/>
<action no="7" player="oreiasccp" type="23" sum="142"/>
<action no="8" player="gabitomasnaki" type="0" discard="1" dealt="1" sum="0"/>
</round>
</game>
<game gamecode="11516773413"><general><startdate>2025-06-17 07:56:32</startdate>
<round>1</round>
<failsafecounter/>
<players><player seat="10" name="Alchemik13" chips="1,059" dealer="0" win="419" bet="197" muck="0" rebuy="0" addon="0" merge="0" rebuychips="0" reg_code="8385488859"/>
<player seat="3" name="oreiasccp" chips="197" dealer="1" win="0" bet="197" muck="0" rebuy="0" addon="0" merge="0" rebuychips="0" reg_code="8385488839"/>
<player seat="6" name="gabitomasnaki" chips="244" dealer="0" win="0" bet="25" muck="1" rebuy="0" addon="0" merge="0" rebuychips="0" reg_code="8385488849"/>
</players>
</general>
<round no="0"><action no="1" player="gabitomasnaki" type="15" discard="1" dealt="1" sum="5"/>
<action no="2" player="Alchemik13" type="15" discard="1" dealt="1" sum="5"/>
<action no="3" player="oreiasccp" type="15" sum="5"/>
<action no="4" player="gabitomasnaki" type="1" discard="1" dealt="1" sum="20"/>
<action no="5" player="Alchemik13" type="2" discard="1" dealt="1" sum="40"/>
</round>
<round no="1"><cards type="Pocket" player="Alchemik13">CA C5</cards>
<cards type="Pocket" player="gabitomasnaki">X X</cards>
<cards type="Pocket" player="oreiasccp">C6 HA</cards>
<action no="6" player="oreiasccp" type="23" sum="192"/>
<action no="7" player="gabitomasnaki" type="0" discard="1" dealt="1" sum="0"/>
<action no="8" player="Alchemik13" type="3" discard="1" dealt="1" sum="152"/>
</round>
<round no="2"><cards type="Flop">SA CQ CK</cards>
</round>
<round no="3"><cards type="Turn">C10</cards>
</round>
<round no="4"><cards type="River">DA</cards>
</round>
</game>
</session>
