<?xml version="1.0" encoding="UTF-8"?>
<session sessioncode="8385496686">
<general>
<client_version>24.7.1.16</client_version>
<mode>real</mode>
<gametype>Holdem NL</gametype>
<tablename>Twister €5 SNG, 1127662512</tablename>
<tournamentcode>1127662511</tournamentcode>
<tournamentname>Twister €5 SNG</tournamentname>
<buyin>€0 + €0.35 + €4.65</buyin>
<totalbuyin>€5</totalbuyin>
<rewarddrawn>€25</rewarddrawn>
<tournamentcurrency>EUR</tournamentcurrency>
<currency>EUR</currency>
<nickname>oreiasccp</nickname>
<gamecount>29</gamecount>
<startdate>2025-06-17 08:34:35</startdate>
<place>2</place>
<win>€0</win>
<tablesize>3</tablesize>
</general>
<game gamecode="11516796306"><general><startdate>2025-06-17 08:34:50</startdate>
<round>1</round>
<failsafecounter/>
<players><player seat="6" name="Darnok210" chips="500" dealer="0" win="20" bet="20" muck="1" rebuy="0" addon="0" merge="0" rebuychips="0" reg_code="8385496682"/>
<player seat="10" name="oreiasccp" chips="500" dealer="1" win="0" bet="0" muck="1" rebuy="0" addon="0" merge="0" rebuychips="0" reg_code="8385496686"/>
<player seat="3" name="bobbb1" chips="500" dealer="0" win="0" bet="10" muck="1" rebuy="0" addon="0" merge="0" rebuychips="0" reg_code="8385496674"/>
</players>
</general>
<round no="0"><action no="1" player="bobbb1" type="1" discard="1" dealt="1" sum="10"/>
<action no="2" player="Darnok210" type="2" discard="1" dealt="1" sum="20"/>
</round>
<round no="1"><cards type="Pocket" player="oreiasccp">D10 C7</cards>
<cards type="Pocket" player="bobbb1">X X</cards>
<cards type="Pocket" player="Darnok210">X X</cards>
<action no="3" player="oreiasccp" type="0" sum="0"/>
<action no="4" player="bobbb1" type="0" discard="1" dealt="1" sum="0"/>
</round>
</game>
<game gamecode="11516796327"><general><startdate>2025-06-17 08:34:58</startdate>
<round>1</round>
<failsafecounter/>
<players><player seat="10" name="oreiasccp" chips="500" dealer="0" win="0" bet="40" muck="1" rebuy="0" addon="0" merge="0" rebuychips="0" reg_code="8385496686"/>
<player seat="3" name="bobbb1" chips="490" dealer="1" win="90" bet="70" muck="1" rebuy="0" addon="0" merge="0" rebuychips="0" reg_code="8385496674"/>
<player seat="6" name="Darnok210" chips="510" dealer="0" win="0" bet="10" muck="1" rebuy="0" addon="0" merge="0" rebuychips="0" reg_code="8385496682"/>
</players>
</general>
<round no="0"><action no="1" player="Darnok210" type="1" discard="1" dealt="1" sum="10"/>
<action no="2" player="oreiasccp" type="2" sum="20"/>
</round>
<round no="1"><cards type="Pocket" player="oreiasccp">DK D2</cards>
<cards type="Pocket" player="Darnok210">X X</cards>
<cards type="Pocket" player="bobbb1">X X</cards>
<action no="3" player="bobbb1" type="23" discard="1" dealt="1" sum="40"/>
<action no="4" player="Darnok210" type="0" discard="1" dealt="1" sum="0"/>
<action no="5" player="oreiasccp" type="3" sum="20"/>
</round>
<round no="2"><cards type="Flop">C7 HQ SA</cards>
<action no="6" player="oreiasccp" type="4" sum="0"/>
<action no="7" player="bobbb1" type="5" discard="1" dealt="1" sum="30"/>
<action no="8" player="oreiasccp" type="0" sum="0"/>
</round>
</game>
<game gamecode="11516796388"><general><startdate>2025-06-17 08:35:19</startdate>
<round>1</round>
<failsafecounter/>
<players><player seat="3" name="bobbb1" chips="540" dealer="0" win="0" bet="20" muck="1" rebuy="0" addon="0" merge="0" rebuychips="0" reg_code="8385496674"/>
<player seat="6" name="Darnok210" chips="500" dealer="1" win="50" bet="40" muck="1" rebuy="0" addon="0" merge="0" rebuychips="0" reg_code="8385496682"/>
<player seat="10" name="oreiasccp" chips="460" dealer="0" win="0" bet="10" muck="1" rebuy="0" addon="0" merge="0" rebuychips="0" reg_code="8385496686"/>
</players>
</general>
<round no="0"><action no="1" player="oreiasccp" type="1" sum="10"/>
<action no="2" player="bobbb1" type="2" discard="1" dealt="1" sum="20"/>
</round>
<round no="1"><cards type="Pocket" player="Darnok210">X X</cards>
<cards type="Pocket" player="bobbb1">X X</cards>
<cards type="Pocket" player="oreiasccp">D3 CJ</cards>
<action no="3" player="Darnok210" type="23" discard="1" dealt="1" sum="40"/>
<action no="4" player="oreiasccp" type="0" sum="0"/>
<action no="5" player="bobbb1" type="0" discard="1" dealt="1" sum="0"/>
</round>
</game>
<game gamecode="11516796415"><general><startdate>2025-06-17 08:35:29</startdate>
<round>1</round>
<failsafecounter/>
<players><player seat="6" name="Darnok210" chips="530" dealer="0" win="0" bet="20" muck="1" rebuy="0" addon="0" merge="0" rebuychips="0" reg_code="8385496682"/>
<player seat="10" name="oreiasccp" chips="450" dealer="1" win="50" bet="40" muck="1" rebuy="0" addon="0" merge="0" rebuychips="0" reg_code="8385496686"/>
<player seat="3" name="bobbb1" chips="520" dealer="0" win="0" bet="10" muck="1" rebuy="0" addon="0" merge="0" rebuychips="0" reg_code="8385496674"/>
</players>
</general>
<round no="0"><action no="1" player="bobbb1" type="1" discard="1" dealt="1" sum="10"/>
<action no="2" player="Darnok210" type="2" discard="1" dealt="1" sum="20"/>
</round>
<round no="1"><cards type="Pocket" player="oreiasccp">DK S9</cards>
<cards type="Pocket" player="bobbb1">X X</cards>
<cards type="Pocket" player="Darnok210">X X</cards>
<action no="3" player="oreiasccp" type="23" sum="40"/>
<action no="4" player="bobbb1" type="0" discard="1" dealt="1" sum="0"/>
<action no="5" player="Darnok210" type="0" discard="1" dealt="1" sum="0"/>
</round>
</game>
<game gamecode="11516796444"><general><startdate>2025-06-17 08:35:39</startdate>
<round>1</round>
<failsafecounter/>
<players><player seat="10" name="oreiasccp" chips="480" dealer="0" win="80" bet="480" muck="1" rebuy="0" addon="0" merge="0" rebuychips="0" reg_code="8385496686"/>
<player seat="3" name="bobbb1" chips="510" dealer="1" win="0" bet="0" muck="1" rebuy="0" addon="0" merge="0" rebuychips="0" reg_code="8385496674"/>
<player seat="6" name="Darnok210" chips="510" dealer="0" win="0" bet="40" muck="1" rebuy="0" addon="0" merge="0" rebuychips="0" reg_code="8385496682"/>
</players>
</general>
<round no="0"><action no="1" player="Darnok210" type="1" discard="1" dealt="1" sum="10"/>
<action no="2" player="oreiasccp" type="2" sum="20"/>
</round>
<round no="1"><cards type="Pocket" player="Darnok210">X X</cards>
<cards type="Pocket" player="bobbb1">X X</cards>
<cards type="Pocket" player="oreiasccp">S10 D10</cards>
<action no="3" player="bobbb1" type="0" discard="1" dealt="1" sum="0"/>
<action no="4" player="Darnok210" type="23" discard="1" dealt="1" sum="40"/>
<action no="5" player="oreiasccp" type="23" sum="480"/>
<action no="6" player="Darnok210" type="0" discard="1" dealt="1" sum="0"/>
</round>
</game>
<game gamecode="11516796500"><general><startdate>2025-06-17 08:35:55</startdate>
<round>1</round>
<failsafecounter/>
<players><player seat="3" name="bobbb1" chips="510" dealer="0" win="0" bet="40" muck="1" rebuy="0" addon="0" merge="0" rebuychips="0" reg_code="8385496674"/>
<player seat="6" name="Darnok210" chips="470" dealer="1" win="90" bet="70" muck="1" rebuy="0" addon="0" merge="0" rebuychips="0" reg_code="8385496682"/>
<player seat="10" name="oreiasccp" chips="520" dealer="0" win="0" bet="10" muck="1" rebuy="0" addon="0" merge="0" rebuychips="0" reg_code="8385496686"/>
</players>
</general>
<round no="0"><action no="1" player="oreiasccp" type="1" sum="10"/>
<action no="2" player="bobbb1" type="2" discard="1" dealt="1" sum="20"/>
</round>
<round no="1"><cards type="Pocket" player="oreiasccp">SJ D7</cards>
<cards type="Pocket" player="bobbb1">X X</cards>
<cards type="Pocket" player="Darnok210">X X</cards>
<action no="3" player="Darnok210" type="23" discard="1" dealt="1" sum="40"/>
<action no="4" player="oreiasccp" type="0" sum="0"/>
<action no="5" player="bobbb1" type="3" discard="1" dealt="1" sum="20"/>
</round>
<round no="2"><cards type="Flop">S5 C6 HA</cards>
<action no="6" player="bobbb1" type="4" discard="1" dealt="1" sum="0"/>
<action no="7" player="Darnok210" type="5" discard="1" dealt="1" sum="30"/>
<action no="8" player="bobbb1" type="0" discard="1" dealt="1" sum="0"/>
</round>
</game>
<game gamecode="11516796554"><general><startdate>2025-06-17 08:36:15</startdate>
<round>1</round>
<failsafecounter/>
<players><player seat="6" name="Darnok210" chips="520" dealer="0" win="20" bet="20" muck="1" rebuy="0" addon="0" merge="0" rebuychips="0" reg_code="8385496682"/>
<player seat="10" name="oreiasccp" chips="510" dealer="1" win="0" bet="0" muck="1" rebuy="0" addon="0" merge="0" rebuychips="0" reg_code="8385496686"/>
<player seat="3" name="bobbb1" chips="470" dealer="0" win="0" bet="10" muck="1" rebuy="0" addon="0" merge="0" rebuychips="0" reg_code="8385496674"/>
</players>
</general>
<round no="0"><action no="1" player="bobbb1" type="1" discard="1" dealt="1" sum="10"/>
<action no="2" player="Darnok210" type="2" discard="1" dealt="1" sum="20"/>
</round>
<round no="1"><cards type="Pocket" player="Darnok210">X X</cards>
<cards type="Pocket" player="oreiasccp">DQ H4</cards>
<cards type="Pocket" player="bobbb1">X X</cards>
<action no="3" player="oreiasccp" type="0" sum="0"/>
<action no="4" player="bobbb1" type="0" discard="1" dealt="1" sum="0"/>
</round>
</game>
<game gamecode="11516796575"><general><startdate>2025-06-17 08:36:23</startdate>
<round>1</round>
<failsafecounter/>
<players><player seat="10" name="oreiasccp" chips="510" dealer="0" win="20" bet="20" muck="1" rebuy="0" addon="0" merge="0" rebuychips="0" reg_code="8385496686"/>
<player seat="3" name="bobbb1" chips="460" dealer="1" win="0" bet="0" muck="1" rebuy="0" addon="0" merge="0" rebuychips="0" reg_code="8385496674"/>
<player seat="6" name="Darnok210" chips="530" dealer="0" win="0" bet="10" muck="1" rebuy="0" addon="0" merge="0" rebuychips="0" reg_code="8385496682"/>
</players>
</general>
<round no="0"><action no="1" player="Darnok210" type="1" discard="1" dealt="1" sum="10"/>
<action no="2" player="oreiasccp" type="2" sum="20"/>
</round>
<round no="1"><cards type="Pocket" player="oreiasccp">D7 CA</cards>
<cards type="Pocket" player="bobbb1">X X</cards>
<cards type="Pocket" player="Darnok210">X X</cards>
<action no="3" player="bobbb1" type="0" discard="1" dealt="1" sum="0"/>
<action no="4" player="Darnok210" type="0" discard="1" dealt="1" sum="0"/>
</round>
</game>
<game gamecode="11516796604"><general><startdate>2025-06-17 08:36:34</startdate>
<round>1</round>
<failsafecounter/>
<players><player seat="3" name="bobbb1" chips="460" dealer="0" win="0" bet="20" muck="1" rebuy="0" addon="0" merge="0" rebuychips="0" reg_code="8385496674"/>
<player seat="6" name="Darnok210" chips="520" dealer="1" win="50" bet="520" muck="1" rebuy="0" addon="0" merge="0" rebuychips="0" reg_code="8385496682"/>
<player seat="10" name="oreiasccp" chips="520" dealer="0" win="0" bet="10" muck="1" rebuy="0" addon="0" merge="0" rebuychips="0" reg_code="8385496686"/>
</players>
</general>
<round no="0"><action no="1" player="oreiasccp" type="1" sum="10"/>
<action no="2" player="bobbb1" type="2" discard="1" dealt="1" sum="20"/>
</round>
<round no="1"><cards type="Pocket" player="oreiasccp">C8 CQ</cards>
<cards type="Pocket" player="bobbb1">X X</cards>
<cards type="Pocket" player="Darnok210">X X</cards>
<action no="3" player="Darnok210" type="23" discard="1" dealt="1" sum="520"/>
<action no="4" player="oreiasccp" type="0" sum="0"/>
<action no="5" player="bobbb1" type="0" discard="1" dealt="1" sum="0"/>
</round>
</game>
<game gamecode="11516796641"><general><startdate>2025-06-17 08:36:48</startdate>
<round>1</round>
<failsafecounter/>
<players><player seat="6" name="Darnok210" chips="550" dealer="0" win="20" bet="20" muck="1" rebuy="0" addon="0" merge="0" rebuychips="0" reg_code="8385496682"/>
<player seat="10" name="oreiasccp" chips="510" dealer="1" win="0" bet="0" muck="1" rebuy="0" addon="0" merge="0" rebuychips="0" reg_code="8385496686"/>
<player seat="3" name="bobbb1" chips="440" dealer="0" win="0" bet="10" muck="1" rebuy="0" addon="0" merge="0" rebuychips="0" reg_code="8385496674"/>
</players>
</general>
<round no="0"><action no="1" player="bobbb1" type="1" discard="1" dealt="1" sum="10"/>
<action no="2" player="Darnok210" type="2" discard="1" dealt="1" sum="20"/>
</round>
<round no="1"><cards type="Pocket" player="bobbb1">X X</cards>
<cards type="Pocket" player="oreiasccp">D3 S2</cards>
<cards type="Pocket" player="Darnok210">X X</cards>
<action no="3" player="oreiasccp" type="0" sum="0"/>
<action no="4" player="bobbb1" type="0" discard="1" dealt="1" sum="0"/>
</round>
</game>
<game gamecode="11516796659"><general><startdate>2025-06-17 08:36:56</startdate>
<round>1</round>
<failsafecounter/>
<players><player seat="10" name="oreiasccp" chips="510" dealer="0" win="45" bet="35" muck="1" rebuy="0" addon="0" merge="0" rebuychips="0" reg_code="8385496686"/>
<player seat="3" name="bobbb1" chips="430" dealer="1" win="0" bet="5" muck="1" rebuy="0" addon="0" merge="0" rebuychips="0" reg_code="8385496674"/>
<player seat="6" name="Darnok210" chips="560" dealer="0" win="0" bet="20" muck="1" rebuy="0" addon="0" merge="0" rebuychips="0" reg_code="8385496682"/>
</players>
</general>
<round no="0"><action no="1" player="Darnok210" type="15" discard="1" dealt="1" sum="5"/>
<action no="2" player="oreiasccp" type="15" sum="5"/>
<action no="3" player="bobbb1" type="15" discard="1" dealt="1" sum="5"/>
<action no="4" player="Darnok210" type="1" discard="1" dealt="1" sum="15"/>
<action no="5" player="oreiasccp" type="2" sum="30"/>
</round>
<round no="1"><cards type="Pocket" player="Darnok210">X X</cards>
<cards type="Pocket" player="oreiasccp">SA C6</cards>
<cards type="Pocket" player="bobbb1">X X</cards>
<action no="6" player="bobbb1" type="0" discard="1" dealt="1" sum="0"/>
<action no="7" player="Darnok210" type="0" discard="1" dealt="1" sum="0"/>
</round>
</game>
<game gamecode="11516796682"><general><startdate>2025-06-17 08:37:04</startdate>
<round>1</round>
<failsafecounter/>
<players><player seat="3" name="bobbb1" chips="425" dealer="0" win="0" bet="35" muck="1" rebuy="0" addon="0" merge="0" rebuychips="0" reg_code="8385496674"/>
<player seat="6" name="Darnok210" chips="540" dealer="1" win="0" bet="5" muck="1" rebuy="0" addon="0" merge="0" rebuychips="0" reg_code="8385496682"/>
<player seat="10" name="oreiasccp" chips="535" dealer="0" win="75" bet="425" muck="1" rebuy="0" addon="0" merge="0" rebuychips="0" reg_code="8385496686"/>
</players>
</general>
<round no="0"><action no="1" player="oreiasccp" type="15" sum="5"/>
<action no="2" player="bobbb1" type="15" discard="1" dealt="1" sum="5"/>
<action no="3" player="Darnok210" type="15" discard="1" dealt="1" sum="5"/>
<action no="4" player="oreiasccp" type="1" sum="15"/>
<action no="5" player="bobbb1" type="2" discard="1" dealt="1" sum="30"/>
</round>
<round no="1"><cards type="Pocket" player="Darnok210">X X</cards>
<cards type="Pocket" player="bobbb1">X X</cards>
<cards type="Pocket" player="oreiasccp">S10 DA</cards>
<action no="6" player="Darnok210" type="0" discard="1" dealt="1" sum="0"/>
<action no="7" player="oreiasccp" type="23" sum="420"/>
<action no="8" player="bobbb1" type="0" discard="1" dealt="1" sum="0"/>
</round>
</game>
<game gamecode="11516796709"><general><startdate>2025-06-17 08:37:17</startdate>
<round>1</round>
<failsafecounter/>
<players><player seat="6" name="Darnok210" chips="535" dealer="0" win="785" bet="390" muck="0" rebuy="0" addon="0" merge="0" rebuychips="0" reg_code="8385496682"/>
<player seat="10" name="oreiasccp" chips="575" dealer="1" win="0" bet="5" muck="1" rebuy="0" addon="0" merge="0" rebuychips="0" reg_code="8385496686"/>
<player seat="3" name="bobbb1" chips="390" dealer="0" win="0" bet="390" muck="0" rebuy="0" addon="0" merge="0" rebuychips="0" reg_code="8385496674"/>
</players>
</general>
<round no="0"><action no="1" player="bobbb1" type="15" discard="1" dealt="1" sum="5"/>
<action no="2" player="Darnok210" type="15" discard="1" dealt="1" sum="5"/>
<action no="3" player="oreiasccp" type="15" sum="5"/>
<action no="4" player="bobbb1" type="1" discard="1" dealt="1" sum="15"/>
<action no="5" player="Darnok210" type="2" discard="1" dealt="1" sum="30"/>
</round>
<round no="1"><cards type="Pocket" player="Darnok210">C9 C7</cards>
<cards type="Pocket" player="oreiasccp">C5 D9</cards>
<cards type="Pocket" player="bobbb1">CQ DQ</cards>
<action no="6" player="oreiasccp" type="0" sum="0"/>
<action no="7" player="bobbb1" type="23" discard="1" dealt="1" sum="60"/>
<action no="8" player="Darnok210" type="3" discard="1" dealt="1" sum="30"/>
</round>
<round no="2"><cards type="Flop">D7 H9 CJ</cards>
<action no="9" player="bobbb1" type="5" discard="1" dealt="1" sum="45"/>
<action no="10" player="Darnok210" type="23" discard="1" dealt="1" sum="135"/>
<action no="11" player="bobbb1" type="23" discard="1" dealt="1" sum="325"/>
<action no="12" player="Darnok210" type="3" discard="1" dealt="1" sum="190"/>
</round>
<round no="3"><cards type="Turn">H2</cards>
</round>
<round no="4"><cards type="River">DA</cards>
</round>
</game>
<game gamecode="11516796794"><general><startdate>2025-06-17 08:37:55</startdate>
<round>1</round>
<failsafecounter/>
<players><player seat="10" name="oreiasccp" chips="570" dealer="0" win="130" bet="65" muck="0" rebuy="0" addon="0" merge="0" rebuychips="0" reg_code="8385496686"/>
<player seat="6" name="Darnok210" chips="930" dealer="1" win="0" bet="65" muck="1" rebuy="0" addon="0" merge="0" rebuychips="0" reg_code="8385496682"/>
</players>
</general>
<round no="0"><action no="1" player="Darnok210" type="15" discard="1" dealt="1" sum="5"/>
<action no="2" player="oreiasccp" type="15" sum="5"/>
<action no="3" player="Darnok210" type="1" discard="1" dealt="1" sum="15"/>
<action no="4" player="oreiasccp" type="2" sum="30"/>
</round>
<round no="1"><cards type="Pocket" player="Darnok210">D8 D4</cards>
<cards type="Pocket" player="oreiasccp">S7 H10</cards>
<action no="5" player="Darnok210" type="3" discard="1" dealt="1" sum="15"/>
<action no="6" player="oreiasccp" type="4" sum="0"/>
</round>
<round no="2"><cards type="Flop">H2 HA S10</cards>
<action no="7" player="oreiasccp" type="4" sum="0"/>
<action no="8" player="Darnok210" type="5" discard="1" dealt="1" sum="30"/>
<action no="9" player="oreiasccp" type="3" sum="30"/>
</round>
<round no="3"><cards type="Turn">D9</cards>
<action no="10" player="oreiasccp" type="4" sum="0"/>
<action no="11" player="Darnok210" type="4" discard="1" dealt="1" sum="0"/>
</round>
<round no="4"><cards type="River">CQ</cards>
<action no="12" player="oreiasccp" type="4" sum="0"/>
<action no="13" player="Darnok210" type="4" discard="1" dealt="1" sum="0"/>
</round>
</game>
<game gamecode="11516796862"><general><startdate>2025-06-17 08:38:24</startdate>
<round>1</round>
<failsafecounter/>
<players><player seat="6" name="Darnok210" chips="865" dealer="0" win="250" bet="865" muck="1" rebuy="0" addon="0" merge="0" rebuychips="0" reg_code="8385496682"/>
<player seat="10" name="oreiasccp" chips="635" dealer="1" win="0" bet="125" muck="1" rebuy="0" addon="0" merge="0" rebuychips="0" reg_code="8385496686"/>
</players>
</general>
<round no="0"><action no="1" player="oreiasccp" type="15" sum="5"/>
<action no="2" player="Darnok210" type="15" discard="1" dealt="1" sum="5"/>
<action no="3" player="oreiasccp" type="1" sum="15"/>
<action no="4" player="Darnok210" type="2" discard="1" dealt="1" sum="30"/>
</round>
<round no="1"><cards type="Pocket" player="oreiasccp">HK H2</cards>
<cards type="Pocket" player="Darnok210">X X</cards>
<action no="5" player="oreiasccp" type="3" sum="15"/>
<action no="6" player="Darnok210" type="4" discard="1" dealt="1" sum="0"/>
</round>
<round no="2"><cards type="Flop">H4 D2 H10</cards>
<action no="7" player="Darnok210" type="4" discard="1" dealt="1" sum="0"/>
<action no="8" player="oreiasccp" type="5" sum="30"/>
<action no="9" player="Darnok210" type="23" discard="1" dealt="1" sum="90"/>
<action no="10" player="oreiasccp" type="3" sum="60"/>
</round>
<round no="3"><cards type="Turn">D4</cards>
<action no="11" player="Darnok210" type="5" discard="1" dealt="1" sum="740"/>
<action no="12" player="oreiasccp" type="0" sum="0"/>
</round>
</game>
<game gamecode="11516796924"><general><startdate>2025-06-17 08:38:45</startdate>
<round>1</round>
<failsafecounter/>
<players><player seat="10" name="oreiasccp" chips="510" dealer="0" win="130" bet="65" muck="0" rebuy="0" addon="0" merge="0" rebuychips="0" reg_code="8385496686"/>
<player seat="6" name="Darnok210" chips="990" dealer="1" win="0" bet="65" muck="1" rebuy="0" addon="0" merge="0" rebuychips="0" reg_code="8385496682"/>
</players>
</general>
<round no="0"><action no="1" player="Darnok210" type="15" discard="1" dealt="1" sum="5"/>
<action no="2" player="oreiasccp" type="15" sum="5"/>
<action no="3" player="Darnok210" type="1" discard="1" dealt="1" sum="15"/>
<action no="4" player="oreiasccp" type="2" sum="30"/>
</round>
<round no="1"><cards type="Pocket" player="Darnok210">SQ D7</cards>
<cards type="Pocket" player="oreiasccp">D4 SK</cards>
<action no="5" player="Darnok210" type="3" discard="1" dealt="1" sum="15"/>
<action no="6" player="oreiasccp" type="4" sum="0"/>
</round>
<round no="2"><cards type="Flop">D10 DA D2</cards>
<action no="7" player="oreiasccp" type="4" sum="0"/>
<action no="8" player="Darnok210" type="5" discard="1" dealt="1" sum="30"/>
<action no="9" player="oreiasccp" type="3" sum="30"/>
</round>
<round no="3"><cards type="Turn">S3</cards>
<action no="10" player="oreiasccp" type="4" sum="0"/>
<action no="11" player="Darnok210" type="4" discard="1" dealt="1" sum="0"/>
</round>
<round no="4"><cards type="River">HK</cards>
<action no="12" player="oreiasccp" type="4" sum="0"/>
<action no="13" player="Darnok210" type="4" discard="1" dealt="1" sum="0"/>
</round>
</game>
<game gamecode="11516796984"><general><startdate>2025-06-17 08:39:09</startdate>
<round>1</round>
<failsafecounter/>
<players><player seat="6" name="Darnok210" chips="925" dealer="0" win="340" bet="340" muck="1" rebuy="0" addon="0" merge="0" rebuychips="0" reg_code="8385496682"/>
<player seat="10" name="oreiasccp" chips="575" dealer="1" win="0" bet="170" muck="1" rebuy="0" addon="0" merge="0" rebuychips="0" reg_code="8385496686"/>
</players>
</general>
<round no="0"><action no="1" player="oreiasccp" type="15" sum="5"/>
<action no="2" player="Darnok210" type="15" discard="1" dealt="1" sum="5"/>
<action no="3" player="oreiasccp" type="1" sum="20"/>
<action no="4" player="Darnok210" type="2" discard="1" dealt="1" sum="40"/>
</round>
<round no="1"><cards type="Pocket" player="Darnok210">X X</cards>
<cards type="Pocket" player="oreiasccp">HQ S7</cards>
<action no="5" player="oreiasccp" type="23" sum="80"/>
<action no="6" player="Darnok210" type="3" discard="1" dealt="1" sum="40"/>
</round>
<round no="2"><cards type="Flop">S4 D8 D5</cards>
<action no="7" player="Darnok210" type="4" discard="1" dealt="1" sum="0"/>
<action no="8" player="oreiasccp" type="4" sum="0"/>
</round>
<round no="3"><cards type="Turn">HK</cards>
<action no="9" player="Darnok210" type="5" discard="1" dealt="1" sum="85"/>
<action no="10" player="oreiasccp" type="3" sum="85"/>
</round>
<round no="4"><cards type="River">H5</cards>
<action no="11" player="Darnok210" type="5" discard="1" dealt="1" sum="170"/>
<action no="12" player="oreiasccp" type="0" sum="0"/>
</round>
</game>
<game gamecode="11516797046"><general><startdate>2025-06-17 08:39:31</startdate>
<round>1</round>
<failsafecounter/>
<players><player seat="10" name="oreiasccp" chips="405" dealer="0" win="90" bet="145" muck="1" rebuy="0" addon="0" merge="0" rebuychips="0" reg_code="8385496686"/>
<player seat="6" name="Darnok210" chips="1,095" dealer="1" win="0" bet="45" muck="1" rebuy="0" addon="0" merge="0" rebuychips="0" reg_code="8385496682"/>
</players>
</general>
<round no="0"><action no="1" player="Darnok210" type="15" discard="1" dealt="1" sum="5"/>
<action no="2" player="oreiasccp" type="15" sum="5"/>
<action no="3" player="Darnok210" type="1" discard="1" dealt="1" sum="20"/>
<action no="4" player="oreiasccp" type="2" sum="40"/>
</round>
<round no="1"><cards type="Pocket" player="oreiasccp">DQ HA</cards>
<cards type="Pocket" player="Darnok210">X X</cards>
<action no="5" player="Darnok210" type="3" discard="1" dealt="1" sum="20"/>
<action no="6" player="oreiasccp" type="23" sum="140"/>
<action no="7" player="Darnok210" type="0" discard="1" dealt="1" sum="0"/>
</round>
</game>
<game gamecode="11516797081"><general><startdate>2025-06-17 08:39:42</startdate>
<round>1</round>
<failsafecounter/>
<players><player seat="6" name="Darnok210" chips="1,050" dealer="0" win="50" bet="45" muck="1" rebuy="0" addon="0" merge="0" rebuychips="0" reg_code="8385496682"/>
<player seat="10" name="oreiasccp" chips="450" dealer="1" win="0" bet="25" muck="1" rebuy="0" addon="0" merge="0" rebuychips="0" reg_code="8385496686"/>
</players>
</general>
<round no="0"><action no="1" player="oreiasccp" type="15" sum="5"/>
<action no="2" player="Darnok210" type="15" discard="1" dealt="1" sum="5"/>
<action no="3" player="oreiasccp" type="1" sum="20"/>
<action no="4" player="Darnok210" type="2" discard="1" dealt="1" sum="40"/>
</round>
<round no="1"><cards type="Pocket" player="Darnok210">X X</cards>
<cards type="Pocket" player="oreiasccp">C4 D2</cards>
<action no="5" player="oreiasccp" type="0" sum="0"/>
</round>
</game>
<game gamecode="11516797097"><general><startdate>2025-06-17 08:39:48</startdate>
<round>1</round>
<failsafecounter/>
<players><player seat="10" name="oreiasccp" chips="425" dealer="0" win="0" bet="85" muck="1" rebuy="0" addon="0" merge="0" rebuychips="0" reg_code="8385496686"/>
<player seat="6" name="Darnok210" chips="1,075" dealer="1" win="170" bet="170" muck="1" rebuy="0" addon="0" merge="0" rebuychips="0" reg_code="8385496682"/>
</players>
</general>
<round no="0"><action no="1" player="Darnok210" type="15" discard="1" dealt="1" sum="5"/>
<action no="2" player="oreiasccp" type="15" sum="5"/>
<action no="3" player="Darnok210" type="1" discard="1" dealt="1" sum="20"/>
<action no="4" player="oreiasccp" type="2" sum="40"/>
</round>
<round no="1"><cards type="Pocket" player="oreiasccp">D5 D10</cards>
<cards type="Pocket" player="Darnok210">X X</cards>
<action no="5" player="Darnok210" type="23" discard="1" dealt="1" sum="80"/>
<action no="6" player="oreiasccp" type="3" sum="40"/>
</round>
<round no="2"><cards type="Flop">DK C2 HQ</cards>
<action no="7" player="oreiasccp" type="4" sum="0"/>
<action no="8" player="Darnok210" type="4" discard="1" dealt="1" sum="0"/>
</round>
<round no="3"><cards type="Turn">SK</cards>
<action no="9" player="oreiasccp" type="4" sum="0"/>
<action no="10" player="Darnok210" type="5" discard="1" dealt="1" sum="85"/>
<action no="11" player="oreiasccp" type="0" sum="0"/>
</round>
</game>
<game gamecode="11516797138"><general><startdate>2025-06-17 08:40:08</startdate>
<round>1</round>
<failsafecounter/>
<players><player seat="6" name="Darnok210" chips="1,160" dealer="0" win="0" bet="45" muck="1" rebuy="0" addon="0" merge="0" rebuychips="0" reg_code="8385496682"/>
<player seat="10" name="oreiasccp" chips="340" dealer="1" win="90" bet="340" muck="1" rebuy="0" addon="0" merge="0" rebuychips="0" reg_code="8385496686"/>
</players>
</general>
<round no="0"><action no="1" player="oreiasccp" type="15" sum="5"/>
<action no="2" player="Darnok210" type="15" discard="1" dealt="1" sum="5"/>
<action no="3" player="oreiasccp" type="1" sum="20"/>
<action no="4" player="Darnok210" type="2" discard="1" dealt="1" sum="40"/>
</round>
<round no="1"><cards type="Pocket" player="Darnok210">X X</cards>
<cards type="Pocket" player="oreiasccp">D8 HJ</cards>
<action no="5" player="oreiasccp" type="23" sum="335"/>
<action no="6" player="Darnok210" type="0" discard="1" dealt="1" sum="0"/>
</round>
</game>
<game gamecode="11516797156"><general><startdate>2025-06-17 08:40:16</startdate>
<round>1</round>
<failsafecounter/>
<players><player seat="10" name="oreiasccp" chips="385" dealer="0" win="0" bet="45" muck="1" rebuy="0" addon="0" merge="0" rebuychips="0" reg_code="8385496686"/>
<player seat="6" name="Darnok210" chips="1,115" dealer="1" win="90" bet="85" muck="1" rebuy="0" addon="0" merge="0" rebuychips="0" reg_code="8385496682"/>
</players>
</general>
<round no="0"><action no="1" player="Darnok210" type="15" discard="1" dealt="1" sum="5"/>
<action no="2" player="oreiasccp" type="15" sum="5"/>
<action no="3" player="Darnok210" type="1" discard="1" dealt="1" sum="20"/>
<action no="4" player="oreiasccp" type="2" sum="40"/>
</round>
<round no="1"><cards type="Pocket" player="oreiasccp">HJ C8</cards>
<cards type="Pocket" player="Darnok210">X X</cards>
<action no="5" player="Darnok210" type="3" discard="1" dealt="1" sum="20"/>
<action no="6" player="oreiasccp" type="4" sum="0"/>
</round>
<round no="2"><cards type="Flop">D7 DQ C6</cards>
<action no="7" player="oreiasccp" type="4" sum="0"/>
<action no="8" player="Darnok210" type="5" discard="1" dealt="1" sum="40"/>
<action no="9" player="oreiasccp" type="0" sum="0"/>
</round>
</game>
<game gamecode="11516797216"><general><startdate>2025-06-17 08:40:39</startdate>
<round>1</round>
<failsafecounter/>
<players><player seat="6" name="Darnok210" chips="1,160" dealer="0" win="0" bet="45" muck="1" rebuy="0" addon="0" merge="0" rebuychips="0" reg_code="8385496682"/>
<player seat="10" name="oreiasccp" chips="340" dealer="1" win="90" bet="340" muck="1" rebuy="0" addon="0" merge="0" rebuychips="0" reg_code="8385496686"/>
</players>
</general>
<round no="0"><action no="1" player="oreiasccp" type="15" sum="5"/>
<action no="2" player="Darnok210" type="15" discard="1" dealt="1" sum="5"/>
<action no="3" player="oreiasccp" type="1" sum="20"/>
<action no="4" player="Darnok210" type="2" discard="1" dealt="1" sum="40"/>
</round>
<round no="1"><cards type="Pocket" player="Darnok210">X X</cards>
<cards type="Pocket" player="oreiasccp">D7 CJ</cards>
<action no="5" player="oreiasccp" type="23" sum="335"/>
<action no="6" player="Darnok210" type="0" discard="1" dealt="1" sum="0"/>
</round>
</game>
<game gamecode="11516797236"><general><startdate>2025-06-17 08:40:46</startdate>
<round>1</round>
<failsafecounter/>
<players><player seat="10" name="oreiasccp" chips="385" dealer="0" win="290" bet="145" muck="0" rebuy="0" addon="0" merge="0" rebuychips="0" reg_code="8385496686"/>
<player seat="6" name="Darnok210" chips="1,115" dealer="1" win="0" bet="145" muck="1" rebuy="0" addon="0" merge="0" rebuychips="0" reg_code="8385496682"/>
</players>
</general>
<round no="0"><action no="1" player="Darnok210" type="15" discard="1" dealt="1" sum="5"/>
<action no="2" player="oreiasccp" type="15" sum="5"/>
<action no="3" player="Darnok210" type="1" discard="1" dealt="1" sum="20"/>
<action no="4" player="oreiasccp" type="2" sum="40"/>
</round>
<round no="1"><cards type="Pocket" player="oreiasccp">DJ H9</cards>
<cards type="Pocket" player="Darnok210">HA DQ</cards>
<action no="5" player="Darnok210" type="23" discard="1" dealt="1" sum="80"/>
<action no="6" player="oreiasccp" type="3" sum="40"/>
</round>
<round no="2"><cards type="Flop">SJ C5 D7</cards>
<action no="7" player="oreiasccp" type="4" sum="0"/>
<action no="8" player="Darnok210" type="5" discard="1" dealt="1" sum="60"/>
<action no="9" player="oreiasccp" type="3" sum="60"/>
</round>
<round no="3"><cards type="Turn">CK</cards>
<action no="10" player="oreiasccp" type="4" sum="0"/>
<action no="11" player="Darnok210" type="4" discard="1" dealt="1" sum="0"/>
</round>
<round no="4"><cards type="River">H5</cards>
<action no="12" player="oreiasccp" type="4" sum="0"/>
<action no="13" player="Darnok210" type="4" discard="1" dealt="1" sum="0"/>
</round>
</game>
<game gamecode="11516797294"><general><startdate>2025-06-17 08:41:11</startdate>
<round>1</round>
<failsafecounter/>
<players><player seat="6" name="Darnok210" chips="970" dealer="0" win="70" bet="65" muck="1" rebuy="0" addon="0" merge="0" rebuychips="0" reg_code="8385496682"/>
<player seat="10" name="oreiasccp" chips="530" dealer="1" win="0" bet="35" muck="1" rebuy="0" addon="0" merge="0" rebuychips="0" reg_code="8385496686"/>
</players>
</general>
<round no="0"><action no="1" player="oreiasccp" type="15" sum="5"/>
<action no="2" player="Darnok210" type="15" discard="1" dealt="1" sum="5"/>
<action no="3" player="oreiasccp" type="1" sum="30"/>
<action no="4" player="Darnok210" type="2" discard="1" dealt="1" sum="60"/>
</round>
<round no="1"><cards type="Pocket" player="oreiasccp">H5 SJ</cards>
<cards type="Pocket" player="Darnok210">X X</cards>
<action no="5" player="oreiasccp" type="0" sum="0"/>
</round>
</game>
<game gamecode="11516797315"><general><startdate>2025-06-17 08:41:17</startdate>
<round>1</round>
<failsafecounter/>
<players><player seat="10" name="oreiasccp" chips="495" dealer="0" win="0" bet="65" muck="1" rebuy="0" addon="0" merge="0" rebuychips="0" reg_code="8385496686"/>
<player seat="6" name="Darnok210" chips="1,005" dealer="1" win="130" bet="125" muck="1" rebuy="0" addon="0" merge="0" rebuychips="0" reg_code="8385496682"/>
</players>
</general>
<round no="0"><action no="1" player="Darnok210" type="15" discard="1" dealt="1" sum="5"/>
<action no="2" player="oreiasccp" type="15" sum="5"/>
<action no="3" player="Darnok210" type="1" discard="1" dealt="1" sum="30"/>
<action no="4" player="oreiasccp" type="2" sum="60"/>
</round>
<round no="1"><cards type="Pocket" player="oreiasccp">D3 HJ</cards>
<cards type="Pocket" player="Darnok210">X X</cards>
<action no="5" player="Darnok210" type="3" discard="1" dealt="1" sum="30"/>
<action no="6" player="oreiasccp" type="4" sum="0"/>
</round>
<round no="2"><cards type="Flop">H10 S7 S2</cards>
<action no="7" player="oreiasccp" type="4" sum="0"/>
<action no="8" player="Darnok210" type="5" discard="1" dealt="1" sum="60"/>
<action no="9" player="oreiasccp" type="0" sum="0"/>
</round>
</game>
<game gamecode="11516797343"><general><startdate>2025-06-17 08:41:31</startdate>
<round>1</round>
<failsafecounter/>
<players><player seat="6" name="Darnok210" chips="1,070" dealer="0" win="0" bet="65" muck="1" rebuy="0" addon="0" merge="0" rebuychips="0" reg_code="8385496682"/>
<player seat="10" name="oreiasccp" chips="430" dealer="1" win="130" bet="430" muck="1" rebuy="0" addon="0" merge="0" rebuychips="0" reg_code="8385496686"/>
</players>
</general>
<round no="0"><action no="1" player="oreiasccp" type="15" sum="5"/>
<action no="2" player="Darnok210" type="15" discard="1" dealt="1" sum="5"/>
<action no="3" player="oreiasccp" type="1" sum="30"/>
<action no="4" player="Darnok210" type="2" discard="1" dealt="1" sum="60"/>
</round>
<round no="1"><cards type="Pocket" player="Darnok210">X X</cards>
<cards type="Pocket" player="oreiasccp">D4 SK</cards>
<action no="5" player="oreiasccp" type="23" sum="425"/>
<action no="6" player="Darnok210" type="0" discard="1" dealt="1" sum="0"/>
</round>
</game>
<game gamecode="11516797362"><general><startdate>2025-06-17 08:41:38</startdate>
<round>1</round>
<failsafecounter/>
<players><player seat="10" name="oreiasccp" chips="495" dealer="0" win="0" bet="65" muck="1" rebuy="0" addon="0" merge="0" rebuychips="0" reg_code="8385496686"/>
<player seat="6" name="Darnok210" chips="1,005" dealer="1" win="130" bet="1,005" muck="1" rebuy="0" addon="0" merge="0" rebuychips="0" reg_code="8385496682"/>
</players>
</general>
<round no="0"><action no="1" player="Darnok210" type="15" discard="1" dealt="1" sum="5"/>
<action no="2" player="oreiasccp" type="15" sum="5"/>
<action no="3" player="Darnok210" type="1" discard="1" dealt="1" sum="30"/>
<action no="4" player="oreiasccp" type="2" sum="60"/>
</round>
<round no="1"><cards type="Pocket" player="oreiasccp">DQ D6</cards>
<cards type="Pocket" player="Darnok210">X X</cards>
<action no="5" player="Darnok210" type="23" discard="1" dealt="1" sum="1,000"/>
<action no="6" player="oreiasccp" type="0" sum="0"/>
</round>
</game>
<game gamecode="11516797383"><general><startdate>2025-06-17 08:41:46</startdate>
<round>1</round>
<failsafecounter/>
<players><player seat="6" name="Darnok210" chips="1,070" dealer="0" win="860" bet="430" muck="0" rebuy="0" addon="0" merge="0" rebuychips="0" reg_code="8385496682"/>
<player seat="10" name="oreiasccp" chips="430" dealer="1" win="0" bet="430" muck="0" rebuy="0" addon="0" merge="0" rebuychips="0" reg_code="8385496686"/>
</players>
</general>
<round no="0"><action no="1" player="oreiasccp" type="15" sum="5"/>
<action no="2" player="Darnok210" type="15" discard="1" dealt="1" sum="5"/>
<action no="3" player="oreiasccp" type="1" sum="30"/>
<action no="4" player="Darnok210" type="2" discard="1" dealt="1" sum="60"/>
</round>
<round no="1"><cards type="Pocket" player="Darnok210">S8 HK</cards>
<cards type="Pocket" player="oreiasccp">DQ C2</cards>
<action no="5" player="oreiasccp" type="23" sum="425"/>
<action no="6" player="Darnok210" type="3" discard="1" dealt="1" sum="365"/>
</round>
<round no="2"><cards type="Flop">H3 H4 S10</cards>
</round>
<round no="3"><cards type="Turn">SK</cards>
</round>
<round no="4"><cards type="River">D7</cards>
</round>
</game>
</session>
