<?xml version="1.0" encoding="UTF-8"?>
<session sessioncode="8385507466">
<general>
<client_version>24.7.1.16</client_version>
<mode>real</mode>
<gametype>Holdem NL</gametype>
<tablename>Twister €5 SNG, 1127664411</tablename>
<tournamentcode>1127664410</tournamentcode>
<tournamentname>Twister €5 SNG</tournamentname>
<buyin>€0 + €0.35 + €4.65</buyin>
<totalbuyin>€5</totalbuyin>
<rewarddrawn>€10</rewarddrawn>
<tournamentcurrency>EUR</tournamentcurrency>
<currency>EUR</currency>
<nickname>oreiasccp</nickname>
<gamecount>2</gamecount>
<startdate>2025-06-17 09:25:13</startdate>
<place>3</place>
<win>€0</win>
<tablesize>3</tablesize>
</general>
<game gamecode="11516826462"><general><startdate>2025-06-17 09:25:28</startdate>
<round>1</round>
<failsafecounter/>
<players><player seat="10" name="MikeWazowski1" chips="500" dealer="0" win="0" bet="40" muck="1" rebuy="0" addon="0" merge="0" rebuychips="0" reg_code="8385507622"/>
<player seat="3" name="oreiasccp" chips="500" dealer="1" win="0" bet="40" muck="1" rebuy="0" addon="0" merge="0" rebuychips="0" reg_code="8385507466"/>
<player seat="6" name="Helgasons" chips="500" dealer="0" win="120" bet="100" muck="1" rebuy="0" addon="0" merge="0" rebuychips="0" reg_code="8385507595"/>
</players>
</general>
<round no="0"><action no="1" player="Helgasons" type="1" discard="1" dealt="1" sum="10"/>
<action no="2" player="MikeWazowski1" type="2" discard="1" dealt="1" sum="20"/>
</round>
<round no="1"><cards type="Pocket" player="oreiasccp">CQ CJ</cards>
<cards type="Pocket" player="MikeWazowski1">X X</cards>
<cards type="Pocket" player="Helgasons">X X</cards>
<action no="3" player="oreiasccp" type="23" sum="40"/>
<action no="4" player="Helgasons" type="3" discard="1" dealt="1" sum="30"/>
<action no="5" player="MikeWazowski1" type="3" discard="1" dealt="1" sum="20"/>
</round>
<round no="2"><cards type="Flop">HA H2 D5</cards>
<action no="6" player="Helgasons" type="5" discard="1" dealt="1" sum="60"/>
<action no="7" player="MikeWazowski1" type="0" discard="1" dealt="1" sum="0"/>
<action no="8" player="oreiasccp" type="0" sum="0"/>
</round>
</game>
<game gamecode="11516826505"><general><startdate>2025-06-17 09:25:44</startdate>
<round>1</round>
<failsafecounter/>
<players><player seat="3" name="oreiasccp" chips="460" dealer="0" win="0" bet="460" muck="0" rebuy="0" addon="0" merge="0" rebuychips="0" reg_code="8385507466"/>
<player seat="6" name="Helgasons" chips="580" dealer="1" win="0" bet="0" muck="1" rebuy="0" addon="0" merge="0" rebuychips="0" reg_code="8385507595"/>
<player seat="10" name="MikeWazowski1" chips="460" dealer="0" win="920" bet="460" muck="0" rebuy="0" addon="0" merge="0" rebuychips="0" reg_code="8385507622"/>
</players>
</general>
<round no="0"><action no="1" player="MikeWazowski1" type="1" discard="1" dealt="1" sum="10"/>
<action no="2" player="oreiasccp" type="2" sum="20"/>
</round>
<round no="1"><cards type="Pocket" player="Helgasons">X X</cards>
<cards type="Pocket" player="MikeWazowski1">C7 D7</cards>
<cards type="Pocket" player="oreiasccp">H4 C4</cards>
<action no="3" player="Helgasons" type="0" discard="1" dealt="1" sum="0"/>
<action no="4" player="MikeWazowski1" type="23" discard="1" dealt="1" sum="460"/>
<action no="5" player="oreiasccp" type="7" sum="440"/>
</round>
<round no="2"><cards type="Flop">D6 CQ H8</cards>
</round>
<round no="3"><cards type="Turn">DQ</cards>
</round>
<round no="4"><cards type="River">DA</cards>
</round>
</game>
</session>
