<?xml version="1.0" encoding="UTF-8"?>
<session sessioncode="8385563868">
<general>
<client_version>24.7.1.16</client_version>
<mode>real</mode>
<gametype>Holdem NL</gametype>
<tablename>Twister €5 SNG, 1127672903</tablename>
<tournamentcode>1127672901</tournamentcode>
<tournamentname>Twister €5 SNG</tournamentname>
<buyin>€0 + €0.35 + €4.65</buyin>
<totalbuyin>€5</totalbuyin>
<rewarddrawn>€10</rewarddrawn>
<tournamentcurrency>EUR</tournamentcurrency>
<currency>EUR</currency>
<nickname>oreiasccp</nickname>
<gamecount>22</gamecount>
<startdate>2025-06-17 12:25:54</startdate>
<place>1</place>
<win>€10</win>
<tablesize>3</tablesize>
</general>
<game gamecode="11516986011"><general><startdate>2025-06-17 12:26:09</startdate>
<round>1</round>
<failsafecounter/>
<players><player seat="10" name="quadsvalley53" chips="500" dealer="0" win="0" bet="40" muck="1" rebuy="0" addon="0" merge="0" rebuychips="0" reg_code="8385563928"/>
<player seat="3" name="oreiasccp" chips="500" dealer="1" win="0" bet="0" muck="1" rebuy="0" addon="0" merge="0" rebuychips="0" reg_code="8385563868"/>
<player seat="6" name="Degreek" chips="500" dealer="0" win="80" bet="80" muck="1" rebuy="0" addon="0" merge="0" rebuychips="0" reg_code="8385563879"/>
</players>
</general>
<round no="0"><action no="1" player="Degreek" type="1" discard="1" dealt="1" sum="10"/>
<action no="2" player="quadsvalley53" type="2" discard="1" dealt="1" sum="20"/>
</round>
<round no="1"><cards type="Pocket" player="quadsvalley53">X X</cards>
<cards type="Pocket" player="oreiasccp">S2 DQ</cards>
<cards type="Pocket" player="Degreek">X X</cards>
<action no="3" player="oreiasccp" type="0" sum="0"/>
<action no="4" player="Degreek" type="23" discard="1" dealt="1" sum="40"/>
<action no="5" player="quadsvalley53" type="3" discard="1" dealt="1" sum="20"/>
</round>
<round no="2"><cards type="Flop">H5 C7 D6</cards>
<action no="6" player="Degreek" type="5" discard="1" dealt="1" sum="40"/>
<action no="7" player="quadsvalley53" type="0" discard="1" dealt="1" sum="0"/>
</round>
</game>
<game gamecode="11516986060"><general><startdate>2025-06-17 12:26:22</startdate>
<round>1</round>
<failsafecounter/>
<players><player seat="3" name="oreiasccp" chips="500" dealer="0" win="0" bet="20" muck="1" rebuy="0" addon="0" merge="0" rebuychips="0" reg_code="8385563868"/>
<player seat="6" name="Degreek" chips="540" dealer="1" win="940" bet="540" muck="0" rebuy="0" addon="0" merge="0" rebuychips="0" reg_code="8385563879"/>
<player seat="10" name="quadsvalley53" chips="460" dealer="0" win="0" bet="460" muck="1" rebuy="0" addon="0" merge="0" rebuychips="0" reg_code="8385563928"/>
</players>
</general>
<round no="0"><action no="1" player="quadsvalley53" type="1" discard="1" dealt="1" sum="10"/>
<action no="2" player="oreiasccp" type="2" sum="20"/>
</round>
<round no="1"><cards type="Pocket" player="oreiasccp">D4 H7</cards>
<cards type="Pocket" player="quadsvalley53">D5 C4</cards>
<cards type="Pocket" player="Degreek">DQ SQ</cards>
<action no="3" player="Degreek" type="23" discard="1" dealt="1" sum="60"/>
<action no="4" player="quadsvalley53" type="3" discard="1" dealt="1" sum="50"/>
<action no="5" player="oreiasccp" type="0" sum="0"/>
</round>
<round no="2"><cards type="Flop">H2 S2 S7</cards>
<action no="6" player="quadsvalley53" type="4" discard="1" dealt="1" sum="0"/>
<action no="7" player="Degreek" type="5" discard="1" dealt="1" sum="70"/>
<action no="8" player="quadsvalley53" type="23" discard="1" dealt="1" sum="350"/>
<action no="9" player="Degreek" type="7" discard="1" dealt="1" sum="410"/>
<action no="10" player="quadsvalley53" type="7" discard="1" dealt="1" sum="50"/>
</round>
<round no="3"><cards type="Turn">CK</cards>
</round>
<round no="4"><cards type="River">H8</cards>
</round>
</game>
<game gamecode="11516986211"><general><startdate>2025-06-17 12:26:53</startdate>
<round>1</round>
<failsafecounter/>
<players><player seat="6" name="Degreek" chips="1,020" dealer="0" win="412" bet="206" muck="0" rebuy="0" addon="0" merge="0" rebuychips="0" reg_code="8385563879"/>
<player seat="3" name="oreiasccp" chips="480" dealer="1" win="0" bet="206" muck="1" rebuy="0" addon="0" merge="0" rebuychips="0" reg_code="8385563868"/>
</players>
</general>
<round no="0"><action no="1" player="oreiasccp" type="1" sum="10"/>
<action no="2" player="Degreek" type="2" discard="1" dealt="1" sum="20"/>
</round>
<round no="1"><cards type="Pocket" player="Degreek">H9 DQ</cards>
<cards type="Pocket" player="oreiasccp">S8 CK</cards>
<action no="3" player="oreiasccp" type="23" sum="40"/>
<action no="4" player="Degreek" type="3" discard="1" dealt="1" sum="20"/>
</round>
<round no="2"><cards type="Flop">D8 S10 S6</cards>
<action no="5" player="Degreek" type="5" discard="1" dealt="1" sum="80"/>
<action no="6" player="oreiasccp" type="3" sum="80"/>
</round>
<round no="3"><cards type="Turn">D4</cards>
<action no="7" player="Degreek" type="4" discard="1" dealt="1" sum="0"/>
<action no="8" player="oreiasccp" type="5" sum="86"/>
<action no="9" player="Degreek" type="3" discard="1" dealt="1" sum="86"/>
</round>
<round no="4"><cards type="River">CJ</cards>
<action no="10" player="Degreek" type="4" discard="1" dealt="1" sum="0"/>
<action no="11" player="oreiasccp" type="4" sum="0"/>
</round>
</game>
<game gamecode="11516986328"><general><startdate>2025-06-17 12:27:21</startdate>
<round>1</round>
<failsafecounter/>
<players><player seat="3" name="oreiasccp" chips="274" dealer="0" win="0" bet="20" muck="1" rebuy="0" addon="0" merge="0" rebuychips="0" reg_code="8385563868"/>
<player seat="6" name="Degreek" chips="1,226" dealer="1" win="40" bet="1,226" muck="1" rebuy="0" addon="0" merge="0" rebuychips="0" reg_code="8385563879"/>
</players>
</general>
<round no="0"><action no="1" player="Degreek" type="1" discard="1" dealt="1" sum="10"/>
<action no="2" player="oreiasccp" type="2" sum="20"/>
</round>
<round no="1"><cards type="Pocket" player="oreiasccp">H10 D3</cards>
<cards type="Pocket" player="Degreek">X X</cards>
<action no="3" player="Degreek" type="23" discard="1" dealt="1" sum="1,226"/>
<action no="4" player="oreiasccp" type="0" sum="0"/>
</round>
</game>
<game gamecode="11516986368"><general><startdate>2025-06-17 12:27:29</startdate>
<round>1</round>
<failsafecounter/>
<players><player seat="6" name="Degreek" chips="1,246" dealer="0" win="0" bet="20" muck="1" rebuy="0" addon="0" merge="0" rebuychips="0" reg_code="8385563879"/>
<player seat="3" name="oreiasccp" chips="254" dealer="1" win="40" bet="254" muck="1" rebuy="0" addon="0" merge="0" rebuychips="0" reg_code="8385563868"/>
</players>
</general>
<round no="0"><action no="1" player="oreiasccp" type="1" sum="10"/>
<action no="2" player="Degreek" type="2" discard="1" dealt="1" sum="20"/>
</round>
<round no="1"><cards type="Pocket" player="Degreek">X X</cards>
<cards type="Pocket" player="oreiasccp">C4 S4</cards>
<action no="3" player="oreiasccp" type="23" sum="254"/>
<action no="4" player="Degreek" type="0" discard="1" dealt="1" sum="0"/>
</round>
</game>
<game gamecode="11516986394"><general><startdate>2025-06-17 12:27:36</startdate>
<round>1</round>
<failsafecounter/>
<players><player seat="3" name="oreiasccp" chips="274" dealer="0" win="0" bet="20" muck="1" rebuy="0" addon="0" merge="0" rebuychips="0" reg_code="8385563868"/>
<player seat="6" name="Degreek" chips="1,226" dealer="1" win="40" bet="1,226" muck="1" rebuy="0" addon="0" merge="0" rebuychips="0" reg_code="8385563879"/>
</players>
</general>
<round no="0"><action no="1" player="Degreek" type="1" discard="1" dealt="1" sum="10"/>
<action no="2" player="oreiasccp" type="2" sum="20"/>
</round>
<round no="1"><cards type="Pocket" player="oreiasccp">D2 HQ</cards>
<cards type="Pocket" player="Degreek">X X</cards>
<action no="3" player="Degreek" type="23" discard="1" dealt="1" sum="1,226"/>
<action no="4" player="oreiasccp" type="0" sum="0"/>
</round>
</game>
<game gamecode="11516986433"><general><startdate>2025-06-17 12:27:44</startdate>
<round>1</round>
<failsafecounter/>
<players><player seat="6" name="Degreek" chips="1,246" dealer="0" win="0" bet="20" muck="1" rebuy="0" addon="0" merge="0" rebuychips="0" reg_code="8385563879"/>
<player seat="3" name="oreiasccp" chips="254" dealer="1" win="40" bet="254" muck="1" rebuy="0" addon="0" merge="0" rebuychips="0" reg_code="8385563868"/>
</players>
</general>
<round no="0"><action no="1" player="oreiasccp" type="1" sum="10"/>
<action no="2" player="Degreek" type="2" discard="1" dealt="1" sum="20"/>
</round>
<round no="1"><cards type="Pocket" player="oreiasccp">SA C3</cards>
<cards type="Pocket" player="Degreek">X X</cards>
<action no="3" player="oreiasccp" type="23" sum="254"/>
<action no="4" player="Degreek" type="0" discard="1" dealt="1" sum="0"/>
</round>
</game>
<game gamecode="11516986468"><general><startdate>2025-06-17 12:27:53</startdate>
<round>1</round>
<failsafecounter/>
<players><player seat="3" name="oreiasccp" chips="274" dealer="0" win="20" bet="20" muck="1" rebuy="0" addon="0" merge="0" rebuychips="0" reg_code="8385563868"/>
<player seat="6" name="Degreek" chips="1,226" dealer="1" win="0" bet="10" muck="1" rebuy="0" addon="0" merge="0" rebuychips="0" reg_code="8385563879"/>
</players>
</general>
<round no="0"><action no="1" player="Degreek" type="1" discard="1" dealt="1" sum="10"/>
<action no="2" player="oreiasccp" type="2" sum="20"/>
</round>
<round no="1"><cards type="Pocket" player="oreiasccp">H2 S3</cards>
<cards type="Pocket" player="Degreek">X X</cards>
<action no="3" player="Degreek" type="0" discard="1" dealt="1" sum="0"/>
</round>
</game>
<game gamecode="11516986489"><general><startdate>2025-06-17 12:27:59</startdate>
<round>1</round>
<failsafecounter/>
<players><player seat="6" name="Degreek" chips="1,216" dealer="0" win="0" bet="1,216" muck="1" rebuy="0" addon="0" merge="0" rebuychips="0" reg_code="8385563879"/>
<player seat="3" name="oreiasccp" chips="284" dealer="1" win="568" bet="284" muck="0" rebuy="0" addon="0" merge="0" rebuychips="0" reg_code="8385563868"/>
</players>
</general>
<round no="0"><action no="1" player="oreiasccp" type="1" sum="10"/>
<action no="2" player="Degreek" type="2" discard="1" dealt="1" sum="20"/>
</round>
<round no="1"><cards type="Pocket" player="Degreek">S10 CK</cards>
<cards type="Pocket" player="oreiasccp">SK HQ</cards>
<action no="3" player="oreiasccp" type="3" sum="10"/>
<action no="4" player="Degreek" type="23" discard="1" dealt="1" sum="1,216"/>
<action no="5" player="oreiasccp" type="7" sum="264"/>
</round>
<round no="2"><cards type="Flop">SQ D6 DJ</cards>
</round>
<round no="3"><cards type="Turn">D4</cards>
</round>
<round no="4"><cards type="River">D3</cards>
</round>
</game>
<game gamecode="11516986616"><general><startdate>2025-06-17 12:28:29</startdate>
<round>1</round>
<failsafecounter/>
<players><player seat="3" name="oreiasccp" chips="568" dealer="0" win="40" bet="35" muck="1" rebuy="0" addon="0" merge="0" rebuychips="0" reg_code="8385563868"/>
<player seat="6" name="Degreek" chips="932" dealer="1" win="0" bet="20" muck="1" rebuy="0" addon="0" merge="0" rebuychips="0" reg_code="8385563879"/>
</players>
</general>
<round no="0"><action no="1" player="Degreek" type="15" discard="1" dealt="1" sum="5"/>
<action no="2" player="oreiasccp" type="15" sum="5"/>
<action no="3" player="Degreek" type="1" discard="1" dealt="1" sum="15"/>
<action no="4" player="oreiasccp" type="2" sum="30"/>
</round>
<round no="1"><cards type="Pocket" player="oreiasccp">C4 DK</cards>
<cards type="Pocket" player="Degreek">X X</cards>
<action no="5" player="Degreek" type="0" discard="1" dealt="1" sum="0"/>
</round>
</game>
<game gamecode="11516986637"><general><startdate>2025-06-17 12:28:35</startdate>
<round>1</round>
<failsafecounter/>
<players><player seat="6" name="Degreek" chips="912" dealer="0" win="0" bet="210" muck="1" rebuy="0" addon="0" merge="0" rebuychips="0" reg_code="8385563879"/>
<player seat="3" name="oreiasccp" chips="588" dealer="1" win="420" bet="450" muck="1" rebuy="0" addon="0" merge="0" rebuychips="0" reg_code="8385563868"/>
</players>
</general>
<round no="0"><action no="1" player="oreiasccp" type="15" sum="5"/>
<action no="2" player="Degreek" type="15" discard="1" dealt="1" sum="5"/>
<action no="3" player="oreiasccp" type="1" sum="15"/>
<action no="4" player="Degreek" type="2" discard="1" dealt="1" sum="30"/>
</round>
<round no="1"><cards type="Pocket" player="Degreek">X X</cards>
<cards type="Pocket" player="oreiasccp">SJ HK</cards>
<action no="5" player="oreiasccp" type="3" sum="15"/>
<action no="6" player="Degreek" type="4" discard="1" dealt="1" sum="0"/>
</round>
<round no="2"><cards type="Flop">H4 S2 CJ</cards>
<action no="7" player="Degreek" type="5" discard="1" dealt="1" sum="70"/>
<action no="8" player="oreiasccp" type="3" sum="70"/>
</round>
<round no="3"><cards type="Turn">SK</cards>
<action no="9" player="Degreek" type="5" discard="1" dealt="1" sum="105"/>
<action no="10" player="oreiasccp" type="3" sum="105"/>
</round>
<round no="4"><cards type="River">H3</cards>
<action no="11" player="Degreek" type="4" discard="1" dealt="1" sum="0"/>
<action no="12" player="oreiasccp" type="5" sum="240"/>
<action no="13" player="Degreek" type="0" discard="1" dealt="1" sum="0"/>
</round>
</game>
<game gamecode="11516986741"><general><startdate>2025-06-17 12:29:02</startdate>
<round>1</round>
<failsafecounter/>
<players><player seat="3" name="oreiasccp" chips="798" dealer="0" win="0" bet="35" muck="1" rebuy="0" addon="0" merge="0" rebuychips="0" reg_code="8385563868"/>
<player seat="6" name="Degreek" chips="702" dealer="1" win="70" bet="702" muck="1" rebuy="0" addon="0" merge="0" rebuychips="0" reg_code="8385563879"/>
</players>
</general>
<round no="0"><action no="1" player="Degreek" type="15" discard="1" dealt="1" sum="5"/>
<action no="2" player="oreiasccp" type="15" sum="5"/>
<action no="3" player="Degreek" type="1" discard="1" dealt="1" sum="15"/>
<action no="4" player="oreiasccp" type="2" sum="30"/>
</round>
<round no="1"><cards type="Pocket" player="Degreek">X X</cards>
<cards type="Pocket" player="oreiasccp">S4 S7</cards>
<action no="5" player="Degreek" type="23" discard="1" dealt="1" sum="697"/>
<action no="6" player="oreiasccp" type="0" sum="0"/>
</round>
</game>
<game gamecode="11516986775"><general><startdate>2025-06-17 12:29:10</startdate>
<round>1</round>
<failsafecounter/>
<players><player seat="6" name="Degreek" chips="737" dealer="0" win="190" bet="285" muck="1" rebuy="0" addon="0" merge="0" rebuychips="0" reg_code="8385563879"/>
<player seat="3" name="oreiasccp" chips="763" dealer="1" win="0" bet="95" muck="1" rebuy="0" addon="0" merge="0" rebuychips="0" reg_code="8385563868"/>
</players>
</general>
<round no="0"><action no="1" player="oreiasccp" type="15" sum="5"/>
<action no="2" player="Degreek" type="15" discard="1" dealt="1" sum="5"/>
<action no="3" player="oreiasccp" type="1" sum="15"/>
<action no="4" player="Degreek" type="2" discard="1" dealt="1" sum="30"/>
</round>
<round no="1"><cards type="Pocket" player="Degreek">X X</cards>
<cards type="Pocket" player="oreiasccp">CK D7</cards>
<action no="5" player="oreiasccp" type="23" sum="60"/>
<action no="6" player="Degreek" type="3" discard="1" dealt="1" sum="30"/>
</round>
<round no="2"><cards type="Flop">SJ H3 HA</cards>
<action no="7" player="Degreek" type="4" discard="1" dealt="1" sum="0"/>
<action no="8" player="oreiasccp" type="5" sum="30"/>
<action no="9" player="Degreek" type="3" discard="1" dealt="1" sum="30"/>
</round>
<round no="3"><cards type="Turn">S4</cards>
<action no="10" player="Degreek" type="4" discard="1" dealt="1" sum="0"/>
<action no="11" player="oreiasccp" type="4" sum="0"/>
</round>
<round no="4"><cards type="River">H9</cards>
<action no="12" player="Degreek" type="5" discard="1" dealt="1" sum="190"/>
<action no="13" player="oreiasccp" type="0" sum="0"/>
</round>
</game>
<game gamecode="11516986837"><general><startdate>2025-06-17 12:29:26</startdate>
<round>1</round>
<failsafecounter/>
<players><player seat="3" name="oreiasccp" chips="668" dealer="0" win="1,336" bet="668" muck="0" rebuy="0" addon="0" merge="0" rebuychips="0" reg_code="8385563868"/>
<player seat="6" name="Degreek" chips="832" dealer="1" win="0" bet="668" muck="1" rebuy="0" addon="0" merge="0" rebuychips="0" reg_code="8385563879"/>
</players>
</general>
<round no="0"><action no="1" player="Degreek" type="15" discard="1" dealt="1" sum="5"/>
<action no="2" player="oreiasccp" type="15" sum="5"/>
<action no="3" player="Degreek" type="1" discard="1" dealt="1" sum="15"/>
<action no="4" player="oreiasccp" type="2" sum="30"/>
</round>
<round no="1"><cards type="Pocket" player="oreiasccp">H8 S8</cards>
<cards type="Pocket" player="Degreek">S9 C10</cards>
<action no="5" player="Degreek" type="23" discard="1" dealt="1" sum="75"/>
<action no="6" player="oreiasccp" type="23" sum="663"/>
<action no="7" player="Degreek" type="3" discard="1" dealt="1" sum="588"/>
</round>
<round no="2"><cards type="Flop">H2 CK S6</cards>
</round>
<round no="3"><cards type="Turn">C3</cards>
</round>
<round no="4"><cards type="River">D8</cards>
</round>
</game>
<game gamecode="11516986909"><general><startdate>2025-06-17 12:29:43</startdate>
<round>1</round>
<failsafecounter/>
<players><player seat="6" name="Degreek" chips="164" dealer="0" win="328" bet="164" muck="0" rebuy="0" addon="0" merge="0" rebuychips="0" reg_code="8385563879"/>
<player seat="3" name="oreiasccp" chips="1,336" dealer="1" win="0" bet="164" muck="0" rebuy="0" addon="0" merge="0" rebuychips="0" reg_code="8385563868"/>
</players>
</general>
<round no="0"><action no="1" player="oreiasccp" type="15" sum="5"/>
<action no="2" player="Degreek" type="15" discard="1" dealt="1" sum="5"/>
<action no="3" player="oreiasccp" type="1" sum="15"/>
<action no="4" player="Degreek" type="2" discard="1" dealt="1" sum="30"/>
</round>
<round no="1"><cards type="Pocket" player="oreiasccp">HJ SQ</cards>
<cards type="Pocket" player="Degreek">SK C5</cards>
<action no="5" player="oreiasccp" type="23" sum="159"/>
<action no="6" player="Degreek" type="7" discard="1" dealt="1" sum="129"/>
</round>
<round no="2"><cards type="Flop">S10 S2 D6</cards>
</round>
<round no="3"><cards type="Turn">H4</cards>
</round>
<round no="4"><cards type="River">D9</cards>
</round>
</game>
<game gamecode="11516986971"><general><startdate>2025-06-17 12:29:59</startdate>
<round>1</round>
<failsafecounter/>
<players><player seat="3" name="oreiasccp" chips="1,172" dealer="0" win="40" bet="35" muck="1" rebuy="0" addon="0" merge="0" rebuychips="0" reg_code="8385563868"/>
<player seat="6" name="Degreek" chips="328" dealer="1" win="0" bet="20" muck="1" rebuy="0" addon="0" merge="0" rebuychips="0" reg_code="8385563879"/>
</players>
</general>
<round no="0"><action no="1" player="Degreek" type="15" discard="1" dealt="1" sum="5"/>
<action no="2" player="oreiasccp" type="15" sum="5"/>
<action no="3" player="Degreek" type="1" discard="1" dealt="1" sum="15"/>
<action no="4" player="oreiasccp" type="2" sum="30"/>
</round>
<round no="1"><cards type="Pocket" player="oreiasccp">C10 C8</cards>
<cards type="Pocket" player="Degreek">X X</cards>
<action no="5" player="Degreek" type="0" discard="1" dealt="1" sum="0"/>
</round>
</game>
<game gamecode="11516987001"><general><startdate>2025-06-17 12:30:05</startdate>
<round>1</round>
<failsafecounter/>
<players><player seat="6" name="Degreek" chips="308" dealer="0" win="70" bet="308" muck="1" rebuy="0" addon="0" merge="0" rebuychips="0" reg_code="8385563879"/>
<player seat="3" name="oreiasccp" chips="1,192" dealer="1" win="0" bet="35" muck="1" rebuy="0" addon="0" merge="0" rebuychips="0" reg_code="8385563868"/>
</players>
</general>
<round no="0"><action no="1" player="oreiasccp" type="15" sum="5"/>
<action no="2" player="Degreek" type="15" discard="1" dealt="1" sum="5"/>
<action no="3" player="oreiasccp" type="1" sum="15"/>
<action no="4" player="Degreek" type="2" discard="1" dealt="1" sum="30"/>
</round>
<round no="1"><cards type="Pocket" player="Degreek">X X</cards>
<cards type="Pocket" player="oreiasccp">C3 C5</cards>
<action no="5" player="oreiasccp" type="3" sum="15"/>
<action no="6" player="Degreek" type="23" discard="1" dealt="1" sum="303"/>
<action no="7" player="oreiasccp" type="0" sum="0"/>
</round>
</game>
<game gamecode="11516987040"><general><startdate>2025-06-17 12:30:14</startdate>
<round>1</round>
<failsafecounter/>
<players><player seat="3" name="oreiasccp" chips="1,157" dealer="0" win="0" bet="45" muck="1" rebuy="0" addon="0" merge="0" rebuychips="0" reg_code="8385563868"/>
<player seat="6" name="Degreek" chips="343" dealer="1" win="90" bet="343" muck="1" rebuy="0" addon="0" merge="0" rebuychips="0" reg_code="8385563879"/>
</players>
</general>
<round no="0"><action no="1" player="Degreek" type="15" discard="1" dealt="1" sum="5"/>
<action no="2" player="oreiasccp" type="15" sum="5"/>
<action no="3" player="Degreek" type="1" discard="1" dealt="1" sum="20"/>
<action no="4" player="oreiasccp" type="2" sum="40"/>
</round>
<round no="1"><cards type="Pocket" player="Degreek">X X</cards>
<cards type="Pocket" player="oreiasccp">H7 CJ</cards>
<action no="5" player="Degreek" type="23" discard="1" dealt="1" sum="338"/>
<action no="6" player="oreiasccp" type="0" sum="0"/>
</round>
</game>
<game gamecode="11516987067"><general><startdate>2025-06-17 12:30:21</startdate>
<round>1</round>
<failsafecounter/>
<players><player seat="6" name="Degreek" chips="388" dealer="0" win="50" bet="45" muck="1" rebuy="0" addon="0" merge="0" rebuychips="0" reg_code="8385563879"/>
<player seat="3" name="oreiasccp" chips="1,112" dealer="1" win="0" bet="25" muck="1" rebuy="0" addon="0" merge="0" rebuychips="0" reg_code="8385563868"/>
</players>
</general>
<round no="0"><action no="1" player="oreiasccp" type="15" sum="5"/>
<action no="2" player="Degreek" type="15" discard="1" dealt="1" sum="5"/>
<action no="3" player="oreiasccp" type="1" sum="20"/>
<action no="4" player="Degreek" type="2" discard="1" dealt="1" sum="40"/>
</round>
<round no="1"><cards type="Pocket" player="oreiasccp">S3 H9</cards>
<cards type="Pocket" player="Degreek">X X</cards>
<action no="5" player="oreiasccp" type="0" sum="0"/>
</round>
</game>
<game gamecode="11516987103"><general><startdate>2025-06-17 12:30:28</startdate>
<round>1</round>
<failsafecounter/>
<players><player seat="3" name="oreiasccp" chips="1,087" dealer="0" win="0" bet="45" muck="1" rebuy="0" addon="0" merge="0" rebuychips="0" reg_code="8385563868"/>
<player seat="6" name="Degreek" chips="413" dealer="1" win="90" bet="135" muck="1" rebuy="0" addon="0" merge="0" rebuychips="0" reg_code="8385563879"/>
</players>
</general>
<round no="0"><action no="1" player="Degreek" type="15" discard="1" dealt="1" sum="5"/>
<action no="2" player="oreiasccp" type="15" sum="5"/>
<action no="3" player="Degreek" type="1" discard="1" dealt="1" sum="20"/>
<action no="4" player="oreiasccp" type="2" sum="40"/>
</round>
<round no="1"><cards type="Pocket" player="oreiasccp">CJ D6</cards>
<cards type="Pocket" player="Degreek">X X</cards>
<action no="5" player="Degreek" type="3" discard="1" dealt="1" sum="20"/>
<action no="6" player="oreiasccp" type="4" sum="0"/>
</round>
<round no="2"><cards type="Flop">D7 H7 D5</cards>
<action no="7" player="oreiasccp" type="4" sum="0"/>
<action no="8" player="Degreek" type="4" discard="1" dealt="1" sum="0"/>
</round>
<round no="3"><cards type="Turn">S7</cards>
<action no="9" player="oreiasccp" type="4" sum="0"/>
<action no="10" player="Degreek" type="4" discard="1" dealt="1" sum="0"/>
</round>
<round no="4"><cards type="River">C3</cards>
<action no="11" player="oreiasccp" type="4" sum="0"/>
<action no="12" player="Degreek" type="5" discard="1" dealt="1" sum="90"/>
<action no="13" player="oreiasccp" type="0" sum="0"/>
</round>
</game>
<game gamecode="11516987204"><general><startdate>2025-06-17 12:30:50</startdate>
<round>1</round>
<failsafecounter/>
<players><player seat="6" name="Degreek" chips="458" dealer="0" win="90" bet="458" muck="1" rebuy="0" addon="0" merge="0" rebuychips="0" reg_code="8385563879"/>
<player seat="3" name="oreiasccp" chips="1,042" dealer="1" win="0" bet="45" muck="1" rebuy="0" addon="0" merge="0" rebuychips="0" reg_code="8385563868"/>
</players>
</general>
<round no="0"><action no="1" player="oreiasccp" type="15" sum="5"/>
<action no="2" player="Degreek" type="15" discard="1" dealt="1" sum="5"/>
<action no="3" player="oreiasccp" type="1" sum="20"/>
<action no="4" player="Degreek" type="2" discard="1" dealt="1" sum="40"/>
</round>
<round no="1"><cards type="Pocket" player="Degreek">X X</cards>
<cards type="Pocket" player="oreiasccp">S7 S6</cards>
<action no="5" player="oreiasccp" type="3" sum="20"/>
<action no="6" player="Degreek" type="23" discard="1" dealt="1" sum="453"/>
<action no="7" player="oreiasccp" type="0" sum="0"/>
</round>
</game>
<game gamecode="11516987243"><general><startdate>2025-06-17 12:30:58</startdate>
<round>1</round>
<failsafecounter/>
<players><player seat="3" name="oreiasccp" chips="997" dealer="0" win="1,006" bet="503" muck="0" rebuy="0" addon="0" merge="0" rebuychips="0" reg_code="8385563868"/>
<player seat="6" name="Degreek" chips="503" dealer="1" win="0" bet="503" muck="0" rebuy="0" addon="0" merge="0" rebuychips="0" reg_code="8385563879"/>
</players>
</general>
<round no="0"><action no="1" player="Degreek" type="15" discard="1" dealt="1" sum="5"/>
<action no="2" player="oreiasccp" type="15" sum="5"/>
<action no="3" player="Degreek" type="1" discard="1" dealt="1" sum="20"/>
<action no="4" player="oreiasccp" type="2" sum="40"/>
</round>
<round no="1"><cards type="Pocket" player="Degreek">CA HJ</cards>
<cards type="Pocket" player="oreiasccp">SA C10</cards>
<action no="5" player="Degreek" type="23" discard="1" dealt="1" sum="498"/>
<action no="6" player="oreiasccp" type="3" sum="458"/>
</round>
<round no="2"><cards type="Flop">C3 HA S9</cards>
</round>
<round no="3"><cards type="Turn">SK</cards>
</round>
<round no="4"><cards type="River">H10</cards>
</round>
</game>
</session>
