<?xml version="1.0" encoding="UTF-8"?>
<session sessioncode="8385575670">
<general>
<client_version>24.7.1.16</client_version>
<mode>real</mode>
<gametype>Holdem NL</gametype>
<tablename>Twister €5 SNG, 1127674820</tablename>
<tournamentcode>1127674819</tournamentcode>
<tournamentname>Twister €5 SNG</tournamentname>
<buyin>€0 + €0.35 + €4.65</buyin>
<totalbuyin>€5</totalbuyin>
<rewarddrawn>€10</rewarddrawn>
<tournamentcurrency>EUR</tournamentcurrency>
<currency>EUR</currency>
<nickname>oreiasccp</nickname>
<gamecount>15</gamecount>
<startdate>2025-06-17 13:00:59</startdate>
<place>2</place>
<win>€0</win>
<tablesize>3</tablesize>
</general>
<game gamecode="11517023036"><general><startdate>2025-06-17 13:01:14</startdate>
<round>1</round>
<failsafecounter/>
<players><player seat="6" name="oreiasccp" chips="500" dealer="0" win="0" bet="20" muck="1" rebuy="0" addon="0" merge="0" rebuychips="0" reg_code="8385575670"/>
<player seat="10" name="Diablito" chips="500" dealer="1" win="0" bet="500" muck="0" rebuy="0" addon="0" merge="0" rebuychips="0" reg_code="8385575677"/>
<player seat="3" name="Skyder19" chips="500" dealer="0" win="1,020" bet="500" muck="0" rebuy="0" addon="0" merge="0" rebuychips="0" reg_code="8385575651"/>
</players>
</general>
<round no="0"><action no="1" player="Skyder19" type="1" discard="1" dealt="1" sum="10"/>
<action no="2" player="oreiasccp" type="2" sum="20"/>
</round>
<round no="1"><cards type="Pocket" player="oreiasccp">HQ SK</cards>
<cards type="Pocket" player="Skyder19">D5 H5</cards>
<cards type="Pocket" player="Diablito">HA D3</cards>
<action no="3" player="Diablito" type="23" discard="1" dealt="1" sum="40"/>
<action no="4" player="Skyder19" type="23" discard="1" dealt="1" sum="500"/>
<action no="5" player="oreiasccp" type="0" sum="0"/>
<action no="6" player="Diablito" type="7" discard="1" dealt="1" sum="460"/>
</round>
<round no="2"><cards type="Flop">S3 S9 D9</cards>
</round>
<round no="3"><cards type="Turn">S4</cards>
</round>
<round no="4"><cards type="River">SQ</cards>
</round>
</game>
<game gamecode="11517023120"><general><startdate>2025-06-17 13:01:35</startdate>
<round>1</round>
<failsafecounter/>
<players><player seat="6" name="oreiasccp" chips="480" dealer="0" win="0" bet="40" muck="1" rebuy="0" addon="0" merge="0" rebuychips="0" reg_code="8385575670"/>
<player seat="3" name="Skyder19" chips="1,020" dealer="1" win="80" bet="66" muck="1" rebuy="0" addon="0" merge="0" rebuychips="0" reg_code="8385575651"/>
</players>
</general>
<round no="0"><action no="1" player="Skyder19" type="1" discard="1" dealt="1" sum="10"/>
<action no="2" player="oreiasccp" type="2" sum="20"/>
</round>
<round no="1"><cards type="Pocket" player="oreiasccp">H3 HQ</cards>
<cards type="Pocket" player="Skyder19">X X</cards>
<action no="3" player="Skyder19" type="23" discard="1" dealt="1" sum="40"/>
<action no="4" player="oreiasccp" type="3" sum="20"/>
</round>
<round no="2"><cards type="Flop">DJ HJ S8</cards>
<action no="5" player="oreiasccp" type="4" sum="0"/>
<action no="6" player="Skyder19" type="5" discard="1" dealt="1" sum="26"/>
<action no="7" player="oreiasccp" type="0" sum="0"/>
</round>
</game>
<game gamecode="11517023182"><general><startdate>2025-06-17 13:01:52</startdate>
<round>1</round>
<failsafecounter/>
<players><player seat="3" name="Skyder19" chips="1,060" dealer="0" win="0" bet="20" muck="1" rebuy="0" addon="0" merge="0" rebuychips="0" reg_code="8385575651"/>
<player seat="6" name="oreiasccp" chips="440" dealer="1" win="40" bet="40" muck="1" rebuy="0" addon="0" merge="0" rebuychips="0" reg_code="8385575670"/>
</players>
</general>
<round no="0"><action no="1" player="oreiasccp" type="1" sum="10"/>
<action no="2" player="Skyder19" type="2" discard="1" dealt="1" sum="20"/>
</round>
<round no="1"><cards type="Pocket" player="oreiasccp">SA D2</cards>
<cards type="Pocket" player="Skyder19">X X</cards>
<action no="3" player="oreiasccp" type="3" sum="10"/>
<action no="4" player="Skyder19" type="4" discard="1" dealt="1" sum="0"/>
</round>
<round no="2"><cards type="Flop">CJ H10 HK</cards>
<action no="5" player="Skyder19" type="4" discard="1" dealt="1" sum="0"/>
<action no="6" player="oreiasccp" type="5" sum="20"/>
<action no="7" player="Skyder19" type="0" discard="1" dealt="1" sum="0"/>
</round>
</game>
<game gamecode="11517023283"><general><startdate>2025-06-17 13:02:14</startdate>
<round>1</round>
<failsafecounter/>
<players><player seat="6" name="oreiasccp" chips="460" dealer="0" win="20" bet="20" muck="1" rebuy="0" addon="0" merge="0" rebuychips="0" reg_code="8385575670"/>
<player seat="3" name="Skyder19" chips="1,040" dealer="1" win="0" bet="10" muck="1" rebuy="0" addon="0" merge="0" rebuychips="0" reg_code="8385575651"/>
</players>
</general>
<round no="0"><action no="1" player="Skyder19" type="1" discard="1" dealt="1" sum="10"/>
<action no="2" player="oreiasccp" type="2" sum="20"/>
</round>
<round no="1"><cards type="Pocket" player="Skyder19">X X</cards>
<cards type="Pocket" player="oreiasccp">SK H2</cards>
<action no="3" player="Skyder19" type="0" discard="1" dealt="1" sum="0"/>
</round>
</game>
<game gamecode="11517023320"><general><startdate>2025-06-17 13:02:21</startdate>
<round>1</round>
<failsafecounter/>
<players><player seat="3" name="Skyder19" chips="1,030" dealer="0" win="20" bet="20" muck="1" rebuy="0" addon="0" merge="0" rebuychips="0" reg_code="8385575651"/>
<player seat="6" name="oreiasccp" chips="470" dealer="1" win="0" bet="10" muck="1" rebuy="0" addon="0" merge="0" rebuychips="0" reg_code="8385575670"/>
</players>
</general>
<round no="0"><action no="1" player="oreiasccp" type="1" sum="10"/>
<action no="2" player="Skyder19" type="2" discard="1" dealt="1" sum="20"/>
</round>
<round no="1"><cards type="Pocket" player="Skyder19">X X</cards>
<cards type="Pocket" player="oreiasccp">H2 C7</cards>
<action no="3" player="oreiasccp" type="0" sum="0"/>
</round>
</game>
<game gamecode="11517023342"><general><startdate>2025-06-17 13:02:26</startdate>
<round>1</round>
<failsafecounter/>
<players><player seat="6" name="oreiasccp" chips="460" dealer="0" win="40" bet="40" muck="1" rebuy="0" addon="0" merge="0" rebuychips="0" reg_code="8385575670"/>
<player seat="3" name="Skyder19" chips="1,040" dealer="1" win="0" bet="20" muck="1" rebuy="0" addon="0" merge="0" rebuychips="0" reg_code="8385575651"/>
</players>
</general>
<round no="0"><action no="1" player="Skyder19" type="1" discard="1" dealt="1" sum="10"/>
<action no="2" player="oreiasccp" type="2" sum="20"/>
</round>
<round no="1"><cards type="Pocket" player="oreiasccp">SJ S8</cards>
<cards type="Pocket" player="Skyder19">X X</cards>
<action no="3" player="Skyder19" type="3" discard="1" dealt="1" sum="10"/>
<action no="4" player="oreiasccp" type="4" sum="0"/>
</round>
<round no="2"><cards type="Flop">S4 H10 SQ</cards>
<action no="5" player="oreiasccp" type="4" sum="0"/>
<action no="6" player="Skyder19" type="4" discard="1" dealt="1" sum="0"/>
</round>
<round no="3"><cards type="Turn">HJ</cards>
<action no="7" player="oreiasccp" type="5" sum="20"/>
<action no="8" player="Skyder19" type="0" discard="1" dealt="1" sum="0"/>
</round>
</game>
<game gamecode="11517023446"><general><startdate>2025-06-17 13:02:52</startdate>
<round>1</round>
<failsafecounter/>
<players><player seat="3" name="Skyder19" chips="1,020" dealer="0" win="0" bet="20" muck="1" rebuy="0" addon="0" merge="0" rebuychips="0" reg_code="8385575651"/>
<player seat="6" name="oreiasccp" chips="480" dealer="1" win="40" bet="40" muck="1" rebuy="0" addon="0" merge="0" rebuychips="0" reg_code="8385575670"/>
</players>
</general>
<round no="0"><action no="1" player="oreiasccp" type="1" sum="10"/>
<action no="2" player="Skyder19" type="2" discard="1" dealt="1" sum="20"/>
</round>
<round no="1"><cards type="Pocket" player="Skyder19">X X</cards>
<cards type="Pocket" player="oreiasccp">C2 C10</cards>
<action no="3" player="oreiasccp" type="23" sum="40"/>
<action no="4" player="Skyder19" type="0" discard="1" dealt="1" sum="0"/>
</round>
</game>
<game gamecode="11517023485"><general><startdate>2025-06-17 13:03:01</startdate>
<round>1</round>
<failsafecounter/>
<players><player seat="6" name="oreiasccp" chips="500" dealer="0" win="0" bet="20" muck="1" rebuy="0" addon="0" merge="0" rebuychips="0" reg_code="8385575670"/>
<player seat="3" name="Skyder19" chips="1,000" dealer="1" win="40" bet="40" muck="1" rebuy="0" addon="0" merge="0" rebuychips="0" reg_code="8385575651"/>
</players>
</general>
<round no="0"><action no="1" player="Skyder19" type="1" discard="1" dealt="1" sum="10"/>
<action no="2" player="oreiasccp" type="2" sum="20"/>
</round>
<round no="1"><cards type="Pocket" player="Skyder19">X X</cards>
<cards type="Pocket" player="oreiasccp">C2 S5</cards>
<action no="3" player="Skyder19" type="23" discard="1" dealt="1" sum="40"/>
<action no="4" player="oreiasccp" type="0" sum="0"/>
</round>
</game>
<game gamecode="11517023530"><general><startdate>2025-06-17 13:03:10</startdate>
<round>1</round>
<failsafecounter/>
<players><player seat="3" name="Skyder19" chips="1,020" dealer="0" win="100" bet="120" muck="1" rebuy="0" addon="0" merge="0" rebuychips="0" reg_code="8385575651"/>
<player seat="6" name="oreiasccp" chips="480" dealer="1" win="0" bet="50" muck="1" rebuy="0" addon="0" merge="0" rebuychips="0" reg_code="8385575670"/>
</players>
</general>
<round no="0"><action no="1" player="oreiasccp" type="1" sum="10"/>
<action no="2" player="Skyder19" type="2" discard="1" dealt="1" sum="20"/>
</round>
<round no="1"><cards type="Pocket" player="Skyder19">X X</cards>
<cards type="Pocket" player="oreiasccp">C5 HA</cards>
<action no="3" player="oreiasccp" type="3" sum="10"/>
<action no="4" player="Skyder19" type="4" discard="1" dealt="1" sum="0"/>
</round>
<round no="2"><cards type="Flop">H2 D2 S6</cards>
<action no="5" player="Skyder19" type="4" discard="1" dealt="1" sum="0"/>
<action no="6" player="oreiasccp" type="4" sum="0"/>
</round>
<round no="3"><cards type="Turn">H7</cards>
<action no="7" player="Skyder19" type="5" discard="1" dealt="1" sum="30"/>
<action no="8" player="oreiasccp" type="3" sum="30"/>
</round>
<round no="4"><cards type="River">S3</cards>
<action no="9" player="Skyder19" type="5" discard="1" dealt="1" sum="70"/>
<action no="10" player="oreiasccp" type="0" sum="0"/>
</round>
</game>
<game gamecode="11517023658"><general><startdate>2025-06-17 13:03:40</startdate>
<round>1</round>
<failsafecounter/>
<players><player seat="6" name="oreiasccp" chips="430" dealer="0" win="70" bet="65" muck="1" rebuy="0" addon="0" merge="0" rebuychips="0" reg_code="8385575670"/>
<player seat="3" name="Skyder19" chips="1,070" dealer="1" win="0" bet="35" muck="1" rebuy="0" addon="0" merge="0" rebuychips="0" reg_code="8385575651"/>
</players>
</general>
<round no="0"><action no="1" player="Skyder19" type="15" discard="1" dealt="1" sum="5"/>
<action no="2" player="oreiasccp" type="15" sum="5"/>
<action no="3" player="Skyder19" type="1" discard="1" dealt="1" sum="15"/>
<action no="4" player="oreiasccp" type="2" sum="30"/>
</round>
<round no="1"><cards type="Pocket" player="oreiasccp">D6 C2</cards>
<cards type="Pocket" player="Skyder19">X X</cards>
<action no="5" player="Skyder19" type="3" discard="1" dealt="1" sum="15"/>
<action no="6" player="oreiasccp" type="4" sum="0"/>
</round>
<round no="2"><cards type="Flop">H9 S7 C6</cards>
<action no="7" player="oreiasccp" type="4" sum="0"/>
<action no="8" player="Skyder19" type="4" discard="1" dealt="1" sum="0"/>
</round>
<round no="3"><cards type="Turn">S9</cards>
<action no="9" player="oreiasccp" type="4" sum="0"/>
<action no="10" player="Skyder19" type="4" discard="1" dealt="1" sum="0"/>
</round>
<round no="4"><cards type="River">H5</cards>
<action no="11" player="oreiasccp" type="5" sum="30"/>
<action no="12" player="Skyder19" type="0" discard="1" dealt="1" sum="0"/>
</round>
</game>
<game gamecode="11517023780"><general><startdate>2025-06-17 13:04:12</startdate>
<round>1</round>
<failsafecounter/>
<players><player seat="3" name="Skyder19" chips="1,035" dealer="0" win="0" bet="65" muck="1" rebuy="0" addon="0" merge="0" rebuychips="0" reg_code="8385575651"/>
<player seat="6" name="oreiasccp" chips="465" dealer="1" win="130" bet="160" muck="1" rebuy="0" addon="0" merge="0" rebuychips="0" reg_code="8385575670"/>
</players>
</general>
<round no="0"><action no="1" player="oreiasccp" type="15" sum="5"/>
<action no="2" player="Skyder19" type="15" discard="1" dealt="1" sum="5"/>
<action no="3" player="oreiasccp" type="1" sum="15"/>
<action no="4" player="Skyder19" type="2" discard="1" dealt="1" sum="30"/>
</round>
<round no="1"><cards type="Pocket" player="Skyder19">X X</cards>
<cards type="Pocket" player="oreiasccp">SK S9</cards>
<action no="5" player="oreiasccp" type="3" sum="15"/>
<action no="6" player="Skyder19" type="4" discard="1" dealt="1" sum="0"/>
</round>
<round no="2"><cards type="Flop">CA H7 S5</cards>
<action no="7" player="Skyder19" type="4" discard="1" dealt="1" sum="0"/>
<action no="8" player="oreiasccp" type="5" sum="30"/>
<action no="9" player="Skyder19" type="3" discard="1" dealt="1" sum="30"/>
</round>
<round no="3"><cards type="Turn">D10</cards>
<action no="10" player="Skyder19" type="4" discard="1" dealt="1" sum="0"/>
<action no="11" player="oreiasccp" type="5" sum="95"/>
<action no="12" player="Skyder19" type="0" discard="1" dealt="1" sum="0"/>
</round>
</game>
<game gamecode="11517023994"><general><startdate>2025-06-17 13:05:07</startdate>
<round>1</round>
<failsafecounter/>
<players><player seat="6" name="oreiasccp" chips="530" dealer="0" win="0" bet="35" muck="1" rebuy="0" addon="0" merge="0" rebuychips="0" reg_code="8385575670"/>
<player seat="3" name="Skyder19" chips="970" dealer="1" win="70" bet="70" muck="1" rebuy="0" addon="0" merge="0" rebuychips="0" reg_code="8385575651"/>
</players>
</general>
<round no="0"><action no="1" player="Skyder19" type="15" discard="1" dealt="1" sum="5"/>
<action no="2" player="oreiasccp" type="15" sum="5"/>
<action no="3" player="Skyder19" type="1" discard="1" dealt="1" sum="15"/>
<action no="4" player="oreiasccp" type="2" sum="30"/>
</round>
<round no="1"><cards type="Pocket" player="Skyder19">X X</cards>
<cards type="Pocket" player="oreiasccp">S3 D6</cards>
<action no="5" player="Skyder19" type="3" discard="1" dealt="1" sum="15"/>
<action no="6" player="oreiasccp" type="4" sum="0"/>
</round>
<round no="2"><cards type="Flop">D9 H4 H9</cards>
<action no="7" player="oreiasccp" type="4" sum="0"/>
<action no="8" player="Skyder19" type="5" discard="1" dealt="1" sum="35"/>
<action no="9" player="oreiasccp" type="0" sum="0"/>
</round>
</game>
<game gamecode="11517024132"><general><startdate>2025-06-17 13:05:39</startdate>
<round>1</round>
<failsafecounter/>
<players><player seat="3" name="Skyder19" chips="1,005" dealer="0" win="90" bet="1,005" muck="1" rebuy="0" addon="0" merge="0" rebuychips="0" reg_code="8385575651"/>
<player seat="6" name="oreiasccp" chips="495" dealer="1" win="0" bet="45" muck="1" rebuy="0" addon="0" merge="0" rebuychips="0" reg_code="8385575670"/>
</players>
</general>
<round no="0"><action no="1" player="oreiasccp" type="15" sum="5"/>
<action no="2" player="Skyder19" type="15" discard="1" dealt="1" sum="5"/>
<action no="3" player="oreiasccp" type="1" sum="20"/>
<action no="4" player="Skyder19" type="2" discard="1" dealt="1" sum="40"/>
</round>
<round no="1"><cards type="Pocket" player="Skyder19">X X</cards>
<cards type="Pocket" player="oreiasccp">CQ H3</cards>
<action no="5" player="oreiasccp" type="3" sum="20"/>
<action no="6" player="Skyder19" type="23" discard="1" dealt="1" sum="1,000"/>
<action no="7" player="oreiasccp" type="0" sum="0"/>
</round>
</game>
<game gamecode="11517024169"><general><startdate>2025-06-17 13:05:48</startdate>
<round>1</round>
<failsafecounter/>
<players><player seat="6" name="oreiasccp" chips="450" dealer="0" win="0" bet="45" muck="1" rebuy="0" addon="0" merge="0" rebuychips="0" reg_code="8385575670"/>
<player seat="3" name="Skyder19" chips="1,050" dealer="1" win="90" bet="1,050" muck="1" rebuy="0" addon="0" merge="0" rebuychips="0" reg_code="8385575651"/>
</players>
</general>
<round no="0"><action no="1" player="Skyder19" type="15" discard="1" dealt="1" sum="5"/>
<action no="2" player="oreiasccp" type="15" sum="5"/>
<action no="3" player="Skyder19" type="1" discard="1" dealt="1" sum="20"/>
<action no="4" player="oreiasccp" type="2" sum="40"/>
</round>
<round no="1"><cards type="Pocket" player="Skyder19">X X</cards>
<cards type="Pocket" player="oreiasccp">C2 D8</cards>
<action no="5" player="Skyder19" type="23" discard="1" dealt="1" sum="1,045"/>
<action no="6" player="oreiasccp" type="0" sum="0"/>
</round>
</game>
<game gamecode="11517024214"><general><startdate>2025-06-17 13:05:58</startdate>
<round>1</round>
<failsafecounter/>
<players><player seat="3" name="Skyder19" chips="1,095" dealer="0" win="810" bet="405" muck="0" rebuy="0" addon="0" merge="0" rebuychips="0" reg_code="8385575651"/>
<player seat="6" name="oreiasccp" chips="405" dealer="1" win="0" bet="405" muck="0" rebuy="0" addon="0" merge="0" rebuychips="0" reg_code="8385575670"/>
</players>
</general>
<round no="0"><action no="1" player="oreiasccp" type="15" sum="5"/>
<action no="2" player="Skyder19" type="15" discard="1" dealt="1" sum="5"/>
<action no="3" player="oreiasccp" type="1" sum="20"/>
<action no="4" player="Skyder19" type="2" discard="1" dealt="1" sum="40"/>
</round>
<round no="1"><cards type="Pocket" player="Skyder19">D10 CQ</cards>
<cards type="Pocket" player="oreiasccp">CK D7</cards>
<action no="5" player="oreiasccp" type="23" sum="400"/>
<action no="6" player="Skyder19" type="3" discard="1" dealt="1" sum="360"/>
</round>
<round no="2"><cards type="Flop">C6 CJ S8</cards>
</round>
<round no="3"><cards type="Turn">D3</cards>
</round>
<round no="4"><cards type="River">C9</cards>
</round>
</game>
</session>
