<?xml version="1.0" encoding="UTF-8"?>
<session sessioncode="8385497723">
<general>
<client_version>24.7.1.16</client_version>
<mode>real</mode>
<gametype>Holdem NL</gametype>
<tablename>Twister €5 SNG, 1127662743</tablename>
<tournamentcode>1127662742</tournamentcode>
<tournamentname>Twister €5 SNG</tournamentname>
<buyin>€0 + €0.35 + €4.65</buyin>
<totalbuyin>€5</totalbuyin>
<rewarddrawn>€10</rewarddrawn>
<tournamentcurrency>EUR</tournamentcurrency>
<currency>EUR</currency>
<nickname>oreiasccp</nickname>
<gamecount>12</gamecount>
<startdate>2025-06-17 08:40:31</startdate>
<place>2</place>
<win>€0</win>
<tablesize>3</tablesize>
</general>
<game gamecode="11516797237"><general><startdate>2025-06-17 08:40:46</startdate>
<round>1</round>
<failsafecounter/>
<players><player seat="10" name="OneLastGame" chips="500" dealer="0" win="0" bet="50" muck="1" rebuy="0" addon="0" merge="0" rebuychips="0" reg_code="8385497740"/>
<player seat="3" name="oreiasccp" chips="500" dealer="1" win="0" bet="0" muck="1" rebuy="0" addon="0" merge="0" rebuychips="0" reg_code="8385497723"/>
<player seat="6" name="PeRIverNuTsAA" chips="500" dealer="0" win="100" bet="80" muck="1" rebuy="0" addon="0" merge="0" rebuychips="0" reg_code="8385497728"/>
</players>
</general>
<round no="0"><action no="1" player="PeRIverNuTsAA" type="1" discard="1" dealt="1" sum="10"/>
<action no="2" player="OneLastGame" type="2" discard="1" dealt="1" sum="20"/>
</round>
<round no="1"><cards type="Pocket" player="oreiasccp">D10 C4</cards>
<cards type="Pocket" player="OneLastGame">X X</cards>
<cards type="Pocket" player="PeRIverNuTsAA">X X</cards>
<action no="3" player="oreiasccp" type="0" sum="0"/>
<action no="4" player="PeRIverNuTsAA" type="23" discard="1" dealt="1" sum="50"/>
<action no="5" player="OneLastGame" type="3" discard="1" dealt="1" sum="30"/>
</round>
<round no="2"><cards type="Flop">CA D6 H2</cards>
<action no="6" player="PeRIverNuTsAA" type="5" discard="1" dealt="1" sum="30"/>
<action no="7" player="OneLastGame" type="0" discard="1" dealt="1" sum="0"/>
</round>
</game>
<game gamecode="11516797282"><general><startdate>2025-06-17 08:41:05</startdate>
<round>1</round>
<failsafecounter/>
<players><player seat="3" name="oreiasccp" chips="500" dealer="0" win="0" bet="20" muck="1" rebuy="0" addon="0" merge="0" rebuychips="0" reg_code="8385497723"/>
<player seat="6" name="PeRIverNuTsAA" chips="550" dealer="1" win="360" bet="170" muck="0" rebuy="0" addon="0" merge="0" rebuychips="0" reg_code="8385497728"/>
<player seat="10" name="OneLastGame" chips="450" dealer="0" win="0" bet="170" muck="0" rebuy="0" addon="0" merge="0" rebuychips="0" reg_code="8385497740"/>
</players>
</general>
<round no="0"><action no="1" player="OneLastGame" type="1" discard="1" dealt="1" sum="10"/>
<action no="2" player="oreiasccp" type="2" sum="20"/>
</round>
<round no="1"><cards type="Pocket" player="OneLastGame">HK SQ</cards>
<cards type="Pocket" player="oreiasccp">S5 HQ</cards>
<cards type="Pocket" player="PeRIverNuTsAA">CJ H9</cards>
<action no="3" player="PeRIverNuTsAA" type="23" discard="1" dealt="1" sum="40"/>
<action no="4" player="OneLastGame" type="3" discard="1" dealt="1" sum="30"/>
<action no="5" player="oreiasccp" type="0" sum="0"/>
</round>
<round no="2"><cards type="Flop">H2 D4 SJ</cards>
<action no="6" player="OneLastGame" type="4" discard="1" dealt="1" sum="0"/>
<action no="7" player="PeRIverNuTsAA" type="5" discard="1" dealt="1" sum="40"/>
<action no="8" player="OneLastGame" type="3" discard="1" dealt="1" sum="40"/>
</round>
<round no="3"><cards type="Turn">H3</cards>
<action no="9" player="OneLastGame" type="4" discard="1" dealt="1" sum="0"/>
<action no="10" player="PeRIverNuTsAA" type="4" discard="1" dealt="1" sum="0"/>
</round>
<round no="4"><cards type="River">S8</cards>
<action no="11" player="OneLastGame" type="5" discard="1" dealt="1" sum="90"/>
<action no="12" player="PeRIverNuTsAA" type="3" discard="1" dealt="1" sum="90"/>
</round>
</game>
<game gamecode="11516797414"><general><startdate>2025-06-17 08:41:56</startdate>
<round>1</round>
<failsafecounter/>
<players><player seat="6" name="PeRIverNuTsAA" chips="740" dealer="0" win="120" bet="130" muck="1" rebuy="0" addon="0" merge="0" rebuychips="0" reg_code="8385497728"/>
<player seat="10" name="OneLastGame" chips="280" dealer="1" win="0" bet="0" muck="1" rebuy="0" addon="0" merge="0" rebuychips="0" reg_code="8385497740"/>
<player seat="3" name="oreiasccp" chips="480" dealer="0" win="0" bet="60" muck="1" rebuy="0" addon="0" merge="0" rebuychips="0" reg_code="8385497723"/>
</players>
</general>
<round no="0"><action no="1" player="oreiasccp" type="1" sum="10"/>
<action no="2" player="PeRIverNuTsAA" type="2" discard="1" dealt="1" sum="20"/>
</round>
<round no="1"><cards type="Pocket" player="oreiasccp">H7 CJ</cards>
<cards type="Pocket" player="OneLastGame">X X</cards>
<cards type="Pocket" player="PeRIverNuTsAA">X X</cards>
<action no="3" player="OneLastGame" type="0" discard="1" dealt="1" sum="0"/>
<action no="4" player="oreiasccp" type="23" sum="40"/>
<action no="5" player="PeRIverNuTsAA" type="3" discard="1" dealt="1" sum="20"/>
</round>
<round no="2"><cards type="Flop">CK D2 D6</cards>
<action no="6" player="oreiasccp" type="5" sum="20"/>
<action no="7" player="PeRIverNuTsAA" type="3" discard="1" dealt="1" sum="20"/>
</round>
<round no="3"><cards type="Turn">C6</cards>
<action no="8" player="oreiasccp" type="4" sum="0"/>
<action no="9" player="PeRIverNuTsAA" type="5" discard="1" dealt="1" sum="70"/>
<action no="10" player="oreiasccp" type="0" sum="0"/>
</round>
</game>
<game gamecode="11516797474"><general><startdate>2025-06-17 08:42:20</startdate>
<round>1</round>
<failsafecounter/>
<players><player seat="10" name="OneLastGame" chips="280" dealer="0" win="80" bet="60" muck="1" rebuy="0" addon="0" merge="0" rebuychips="0" reg_code="8385497740"/>
<player seat="3" name="oreiasccp" chips="420" dealer="1" win="0" bet="0" muck="1" rebuy="0" addon="0" merge="0" rebuychips="0" reg_code="8385497723"/>
<player seat="6" name="PeRIverNuTsAA" chips="800" dealer="0" win="0" bet="40" muck="1" rebuy="0" addon="0" merge="0" rebuychips="0" reg_code="8385497728"/>
</players>
</general>
<round no="0"><action no="1" player="PeRIverNuTsAA" type="1" discard="1" dealt="1" sum="10"/>
<action no="2" player="OneLastGame" type="2" discard="1" dealt="1" sum="20"/>
</round>
<round no="1"><cards type="Pocket" player="oreiasccp">H4 C5</cards>
<cards type="Pocket" player="PeRIverNuTsAA">X X</cards>
<cards type="Pocket" player="OneLastGame">X X</cards>
<action no="3" player="oreiasccp" type="0" sum="0"/>
<action no="4" player="PeRIverNuTsAA" type="3" discard="1" dealt="1" sum="10"/>
<action no="5" player="OneLastGame" type="4" discard="1" dealt="1" sum="0"/>
</round>
<round no="2"><cards type="Flop">DQ C3 D6</cards>
<action no="6" player="PeRIverNuTsAA" type="5" discard="1" dealt="1" sum="20"/>
<action no="7" player="OneLastGame" type="3" discard="1" dealt="1" sum="20"/>
</round>
<round no="3"><cards type="Turn">S5</cards>
<action no="8" player="PeRIverNuTsAA" type="4" discard="1" dealt="1" sum="0"/>
<action no="9" player="OneLastGame" type="5" discard="1" dealt="1" sum="20"/>
<action no="10" player="PeRIverNuTsAA" type="0" discard="1" dealt="1" sum="0"/>
</round>
</game>
<game gamecode="11516797579"><general><startdate>2025-06-17 08:42:55</startdate>
<round>1</round>
<failsafecounter/>
<players><player seat="3" name="oreiasccp" chips="420" dealer="0" win="45" bet="35" muck="1" rebuy="0" addon="0" merge="0" rebuychips="0" reg_code="8385497723"/>
<player seat="6" name="PeRIverNuTsAA" chips="760" dealer="1" win="0" bet="5" muck="1" rebuy="0" addon="0" merge="0" rebuychips="0" reg_code="8385497728"/>
<player seat="10" name="OneLastGame" chips="320" dealer="0" win="0" bet="20" muck="1" rebuy="0" addon="0" merge="0" rebuychips="0" reg_code="8385497740"/>
</players>
</general>
<round no="0"><action no="1" player="OneLastGame" type="15" discard="1" dealt="1" sum="5"/>
<action no="2" player="oreiasccp" type="15" sum="5"/>
<action no="3" player="PeRIverNuTsAA" type="15" discard="1" dealt="1" sum="5"/>
<action no="4" player="OneLastGame" type="1" discard="1" dealt="1" sum="15"/>
<action no="5" player="oreiasccp" type="2" sum="30"/>
</round>
<round no="1"><cards type="Pocket" player="OneLastGame">X X</cards>
<cards type="Pocket" player="oreiasccp">CK CJ</cards>
<cards type="Pocket" player="PeRIverNuTsAA">X X</cards>
<action no="6" player="PeRIverNuTsAA" type="0" discard="1" dealt="1" sum="0"/>
<action no="7" player="OneLastGame" type="0" discard="1" dealt="1" sum="0"/>
</round>
</game>
<game gamecode="11516797602"><general><startdate>2025-06-17 08:43:06</startdate>
<round>1</round>
<failsafecounter/>
<players><player seat="6" name="PeRIverNuTsAA" chips="755" dealer="0" win="233" bet="189" muck="1" rebuy="0" addon="0" merge="0" rebuychips="0" reg_code="8385497728"/>
<player seat="10" name="OneLastGame" chips="300" dealer="1" win="0" bet="5" muck="1" rebuy="0" addon="0" merge="0" rebuychips="0" reg_code="8385497740"/>
<player seat="3" name="oreiasccp" chips="445" dealer="0" win="0" bet="114" muck="1" rebuy="0" addon="0" merge="0" rebuychips="0" reg_code="8385497723"/>
</players>
</general>
<round no="0"><action no="1" player="oreiasccp" type="15" sum="5"/>
<action no="2" player="PeRIverNuTsAA" type="15" discard="1" dealt="1" sum="5"/>
<action no="3" player="OneLastGame" type="15" discard="1" dealt="1" sum="5"/>
<action no="4" player="oreiasccp" type="1" sum="15"/>
<action no="5" player="PeRIverNuTsAA" type="2" discard="1" dealt="1" sum="30"/>
</round>
<round no="1"><cards type="Pocket" player="oreiasccp">C7 HK</cards>
<cards type="Pocket" player="PeRIverNuTsAA">X X</cards>
<cards type="Pocket" player="OneLastGame">X X</cards>
<action no="6" player="OneLastGame" type="0" discard="1" dealt="1" sum="0"/>
<action no="7" player="oreiasccp" type="23" sum="60"/>
<action no="8" player="PeRIverNuTsAA" type="3" discard="1" dealt="1" sum="30"/>
</round>
<round no="2"><cards type="Flop">H6 S8 C8</cards>
<action no="9" player="oreiasccp" type="5" sum="49"/>
<action no="10" player="PeRIverNuTsAA" type="3" discard="1" dealt="1" sum="49"/>
</round>
<round no="3"><cards type="Turn">C2</cards>
<action no="11" player="oreiasccp" type="4" sum="0"/>
<action no="12" player="PeRIverNuTsAA" type="5" discard="1" dealt="1" sum="75"/>
<action no="13" player="oreiasccp" type="0" sum="0"/>
</round>
</game>
<game gamecode="11516797672"><general><startdate>2025-06-17 08:43:31</startdate>
<round>1</round>
<failsafecounter/>
<players><player seat="10" name="OneLastGame" chips="295" dealer="0" win="0" bet="295" muck="0" rebuy="0" addon="0" merge="0" rebuychips="0" reg_code="8385497740"/>
<player seat="3" name="oreiasccp" chips="331" dealer="1" win="610" bet="331" muck="0" rebuy="0" addon="0" merge="0" rebuychips="0" reg_code="8385497723"/>
<player seat="6" name="PeRIverNuTsAA" chips="874" dealer="0" win="0" bet="20" muck="1" rebuy="0" addon="0" merge="0" rebuychips="0" reg_code="8385497728"/>
</players>
</general>
<round no="0"><action no="1" player="PeRIverNuTsAA" type="15" discard="1" dealt="1" sum="5"/>
<action no="2" player="OneLastGame" type="15" discard="1" dealt="1" sum="5"/>
<action no="3" player="oreiasccp" type="15" sum="5"/>
<action no="4" player="PeRIverNuTsAA" type="1" discard="1" dealt="1" sum="15"/>
<action no="5" player="OneLastGame" type="2" discard="1" dealt="1" sum="30"/>
</round>
<round no="1"><cards type="Pocket" player="PeRIverNuTsAA">X X</cards>
<cards type="Pocket" player="oreiasccp">S10 DK</cards>
<cards type="Pocket" player="OneLastGame">C4 SA</cards>
<action no="6" player="oreiasccp" type="23" sum="326"/>
<action no="7" player="PeRIverNuTsAA" type="0" discard="1" dealt="1" sum="0"/>
<action no="8" player="OneLastGame" type="7" discard="1" dealt="1" sum="260"/>
</round>
<round no="2"><cards type="Flop">C7 S9 CK</cards>
</round>
<round no="3"><cards type="Turn">S3</cards>
</round>
<round no="4"><cards type="River">S4</cards>
</round>
</game>
<game gamecode="11516797721"><general><startdate>2025-06-17 08:43:49</startdate>
<round>1</round>
<failsafecounter/>
<players><player seat="3" name="oreiasccp" chips="646" dealer="0" win="310" bet="155" muck="0" rebuy="0" addon="0" merge="0" rebuychips="0" reg_code="8385497723"/>
<player seat="6" name="PeRIverNuTsAA" chips="854" dealer="1" win="0" bet="155" muck="1" rebuy="0" addon="0" merge="0" rebuychips="0" reg_code="8385497728"/>
</players>
</general>
<round no="0"><action no="1" player="PeRIverNuTsAA" type="15" discard="1" dealt="1" sum="5"/>
<action no="2" player="oreiasccp" type="15" sum="5"/>
<action no="3" player="PeRIverNuTsAA" type="1" discard="1" dealt="1" sum="15"/>
<action no="4" player="oreiasccp" type="2" sum="30"/>
</round>
<round no="1"><cards type="Pocket" player="PeRIverNuTsAA">H10 DJ</cards>
<cards type="Pocket" player="oreiasccp">S4 C6</cards>
<action no="5" player="PeRIverNuTsAA" type="23" discard="1" dealt="1" sum="60"/>
<action no="6" player="oreiasccp" type="3" sum="30"/>
</round>
<round no="2"><cards type="Flop">D9 H4 S2</cards>
<action no="7" player="oreiasccp" type="4" sum="0"/>
<action no="8" player="PeRIverNuTsAA" type="4" discard="1" dealt="1" sum="0"/>
</round>
<round no="3"><cards type="Turn">CA</cards>
<action no="9" player="oreiasccp" type="4" sum="0"/>
<action no="10" player="PeRIverNuTsAA" type="5" discard="1" dealt="1" sum="90"/>
<action no="11" player="oreiasccp" type="3" sum="90"/>
</round>
<round no="4"><cards type="River">HQ</cards>
<action no="12" player="oreiasccp" type="4" sum="0"/>
<action no="13" player="PeRIverNuTsAA" type="4" discard="1" dealt="1" sum="0"/>
</round>
</game>
<game gamecode="11516801959"><general><startdate>2025-06-17 08:44:17</startdate>
<round>1</round>
<failsafecounter/>
<players><player seat="6" name="PeRIverNuTsAA" chips="699" dealer="0" win="130" bet="65" muck="0" rebuy="0" addon="0" merge="0" rebuychips="0" reg_code="8385497728"/>
<player seat="3" name="oreiasccp" chips="801" dealer="1" win="0" bet="65" muck="1" rebuy="0" addon="0" merge="0" rebuychips="0" reg_code="8385497723"/>
</players>
</general>
<round no="0"><action no="1" player="oreiasccp" type="15" sum="5"/>
<action no="2" player="PeRIverNuTsAA" type="15" discard="1" dealt="1" sum="5"/>
<action no="3" player="oreiasccp" type="1" sum="15"/>
<action no="4" player="PeRIverNuTsAA" type="2" discard="1" dealt="1" sum="30"/>
</round>
<round no="1"><cards type="Pocket" player="oreiasccp">S10 S8</cards>
<cards type="Pocket" player="PeRIverNuTsAA">SK D4</cards>
<action no="5" player="oreiasccp" type="3" sum="15"/>
<action no="6" player="PeRIverNuTsAA" type="4" discard="1" dealt="1" sum="0"/>
</round>
<round no="2"><cards type="Flop">HQ C5 CQ</cards>
<action no="7" player="PeRIverNuTsAA" type="4" discard="1" dealt="1" sum="0"/>
<action no="8" player="oreiasccp" type="5" sum="30"/>
<action no="9" player="PeRIverNuTsAA" type="3" discard="1" dealt="1" sum="30"/>
</round>
<round no="3"><cards type="Turn">CK</cards>
<action no="10" player="PeRIverNuTsAA" type="4" discard="1" dealt="1" sum="0"/>
<action no="11" player="oreiasccp" type="4" sum="0"/>
</round>
<round no="4"><cards type="River">S7</cards>
<action no="12" player="PeRIverNuTsAA" type="4" discard="1" dealt="1" sum="0"/>
<action no="13" player="oreiasccp" type="4" sum="0"/>
</round>
</game>
<game gamecode="11516802021"><general><startdate>2025-06-17 08:44:40</startdate>
<round>1</round>
<failsafecounter/>
<players><player seat="3" name="oreiasccp" chips="736" dealer="0" win="0" bet="35" muck="1" rebuy="0" addon="0" merge="0" rebuychips="0" reg_code="8385497723"/>
<player seat="6" name="PeRIverNuTsAA" chips="764" dealer="1" win="70" bet="65" muck="1" rebuy="0" addon="0" merge="0" rebuychips="0" reg_code="8385497728"/>
</players>
</general>
<round no="0"><action no="1" player="PeRIverNuTsAA" type="15" discard="1" dealt="1" sum="5"/>
<action no="2" player="oreiasccp" type="15" sum="5"/>
<action no="3" player="PeRIverNuTsAA" type="1" discard="1" dealt="1" sum="15"/>
<action no="4" player="oreiasccp" type="2" sum="30"/>
</round>
<round no="1"><cards type="Pocket" player="oreiasccp">C2 H10</cards>
<cards type="Pocket" player="PeRIverNuTsAA">X X</cards>
<action no="5" player="PeRIverNuTsAA" type="23" discard="1" dealt="1" sum="60"/>
<action no="6" player="oreiasccp" type="0" sum="0"/>
</round>
</game>
<game gamecode="11516802050"><general><startdate>2025-06-17 08:44:51</startdate>
<round>1</round>
<failsafecounter/>
<players><player seat="6" name="PeRIverNuTsAA" chips="799" dealer="0" win="90" bet="145" muck="1" rebuy="0" addon="0" merge="0" rebuychips="0" reg_code="8385497728"/>
<player seat="3" name="oreiasccp" chips="701" dealer="1" win="0" bet="45" muck="1" rebuy="0" addon="0" merge="0" rebuychips="0" reg_code="8385497723"/>
</players>
</general>
<round no="0"><action no="1" player="oreiasccp" type="15" sum="5"/>
<action no="2" player="PeRIverNuTsAA" type="15" discard="1" dealt="1" sum="5"/>
<action no="3" player="oreiasccp" type="1" sum="20"/>
<action no="4" player="PeRIverNuTsAA" type="2" discard="1" dealt="1" sum="40"/>
</round>
<round no="1"><cards type="Pocket" player="PeRIverNuTsAA">X X</cards>
<cards type="Pocket" player="oreiasccp">D4 D9</cards>
<action no="5" player="oreiasccp" type="3" sum="20"/>
<action no="6" player="PeRIverNuTsAA" type="23" discard="1" dealt="1" sum="140"/>
<action no="7" player="oreiasccp" type="0" sum="0"/>
</round>
</game>
<game gamecode="11516802080"><general><startdate>2025-06-17 08:45:02</startdate>
<round>1</round>
<failsafecounter/>
<players><player seat="3" name="oreiasccp" chips="656" dealer="0" win="0" bet="656" muck="0" rebuy="0" addon="0" merge="0" rebuychips="0" reg_code="8385497723"/>
<player seat="6" name="PeRIverNuTsAA" chips="844" dealer="1" win="1,312" bet="844" muck="0" rebuy="0" addon="0" merge="0" rebuychips="0" reg_code="8385497728"/>
</players>
</general>
<round no="0"><action no="1" player="PeRIverNuTsAA" type="15" discard="1" dealt="1" sum="5"/>
<action no="2" player="oreiasccp" type="15" sum="5"/>
<action no="3" player="PeRIverNuTsAA" type="1" discard="1" dealt="1" sum="20"/>
<action no="4" player="oreiasccp" type="2" sum="40"/>
</round>
<round no="1"><cards type="Pocket" player="PeRIverNuTsAA">C5 D4</cards>
<cards type="Pocket" player="oreiasccp">S7 S9</cards>
<action no="5" player="PeRIverNuTsAA" type="3" discard="1" dealt="1" sum="20"/>
<action no="6" player="oreiasccp" type="4" sum="0"/>
</round>
<round no="2"><cards type="Flop">S4 SA H4</cards>
<action no="7" player="oreiasccp" type="4" sum="0"/>
<action no="8" player="PeRIverNuTsAA" type="5" discard="1" dealt="1" sum="40"/>
<action no="9" player="oreiasccp" type="23" sum="325"/>
<action no="10" player="PeRIverNuTsAA" type="23" discard="1" dealt="1" sum="799"/>
<action no="11" player="oreiasccp" type="7" sum="286"/>
</round>
<round no="3"><cards type="Turn">HQ</cards>
</round>
<round no="4"><cards type="River">C2</cards>
</round>
</game>
</session>
