<?xml version="1.0" encoding="UTF-8"?>
<session sessioncode="8385479519">
<general>
<client_version>24.7.1.16</client_version>
<mode>real</mode>
<gametype>Holdem NL</gametype>
<tablename>Twister €5 SNG, 1127658940</tablename>
<tournamentcode>1127658939</tournamentcode>
<tournamentname>Twister €5 SNG</tournamentname>
<buyin>€0 + €0.35 + €4.65</buyin>
<totalbuyin>€5</totalbuyin>
<rewarddrawn>€10</rewarddrawn>
<tournamentcurrency>EUR</tournamentcurrency>
<currency>EUR</currency>
<nickname>oreiasccp</nickname>
<gamecount>11</gamecount>
<startdate>2025-06-17 06:52:29</startdate>
<place>3</place>
<win>€0</win>
<tablesize>3</tablesize>
</general>
<game gamecode="11516742291"><general><startdate>2025-06-17 06:52:44</startdate>
<round>1</round>
<failsafecounter/>
<players><player seat="6" name="oreiasccp" chips="500" dealer="0" win="20" bet="20" muck="1" rebuy="0" addon="0" merge="0" rebuychips="0" reg_code="8385479519"/>
<player seat="10" name="petaman10" chips="500" dealer="1" win="0" bet="0" muck="1" rebuy="0" addon="0" merge="0" rebuychips="0" reg_code="8385479530"/>
<player seat="3" name="GinkobilobAA" chips="500" dealer="0" win="0" bet="10" muck="1" rebuy="0" addon="0" merge="0" rebuychips="0" reg_code="8385479502"/>
</players>
</general>
<round no="0"><action no="1" player="GinkobilobAA" type="1" discard="1" dealt="1" sum="10"/>
<action no="2" player="oreiasccp" type="2" sum="20"/>
</round>
<round no="1"><cards type="Pocket" player="GinkobilobAA">X X</cards>
<cards type="Pocket" player="petaman10">X X</cards>
<cards type="Pocket" player="oreiasccp">DA HA</cards>
<action no="3" player="petaman10" type="0" discard="1" dealt="1" sum="0"/>
<action no="4" player="GinkobilobAA" type="0" discard="1" dealt="1" sum="0"/>
</round>
</game>
<game gamecode="11516742317"><general><startdate>2025-06-17 06:52:54</startdate>
<round>1</round>
<failsafecounter/>
<players><player seat="10" name="petaman10" chips="500" dealer="0" win="1,000" bet="500" muck="0" rebuy="0" addon="0" merge="0" rebuychips="0" reg_code="8385479530"/>
<player seat="3" name="GinkobilobAA" chips="490" dealer="1" win="0" bet="0" muck="1" rebuy="0" addon="0" merge="0" rebuychips="0" reg_code="8385479502"/>
<player seat="6" name="oreiasccp" chips="510" dealer="0" win="0" bet="500" muck="1" rebuy="0" addon="0" merge="0" rebuychips="0" reg_code="8385479519"/>
</players>
</general>
<round no="0"><action no="1" player="oreiasccp" type="1" sum="10"/>
<action no="2" player="petaman10" type="2" discard="1" dealt="1" sum="20"/>
</round>
<round no="1"><cards type="Pocket" player="GinkobilobAA">X X</cards>
<cards type="Pocket" player="petaman10">H9 SJ</cards>
<cards type="Pocket" player="oreiasccp">CA DQ</cards>
<action no="3" player="GinkobilobAA" type="0" discard="1" dealt="1" sum="0"/>
<action no="4" player="oreiasccp" type="3" sum="10"/>
<action no="5" player="petaman10" type="4" discard="1" dealt="1" sum="0"/>
</round>
<round no="2"><cards type="Flop">C10 H4 CQ</cards>
<action no="6" player="oreiasccp" type="4" sum="0"/>
<action no="7" player="petaman10" type="5" discard="1" dealt="1" sum="40"/>
<action no="8" player="oreiasccp" type="23" sum="120"/>
<action no="9" player="petaman10" type="3" discard="1" dealt="1" sum="80"/>
</round>
<round no="3"><cards type="Turn">H8</cards>
<action no="10" player="oreiasccp" type="5" sum="204"/>
<action no="11" player="petaman10" type="7" discard="1" dealt="1" sum="360"/>
<action no="12" player="oreiasccp" type="3" sum="156"/>
</round>
<round no="4"><cards type="River">D7</cards>
</round>
</game>
<game gamecode="11516742415"><general><startdate>2025-06-17 06:53:30</startdate>
<round>1</round>
<failsafecounter/>
<players><player seat="3" name="GinkobilobAA" chips="490" dealer="0" win="0" bet="60" muck="1" rebuy="0" addon="0" merge="0" rebuychips="0" reg_code="8385479502"/>
<player seat="6" name="oreiasccp" chips="10" dealer="1" win="30" bet="10" muck="0" rebuy="0" addon="0" merge="0" rebuychips="0" reg_code="8385479519"/>
<player seat="10" name="petaman10" chips="1,000" dealer="0" win="100" bet="120" muck="0" rebuy="0" addon="0" merge="0" rebuychips="0" reg_code="8385479530"/>
</players>
</general>
<round no="0"><action no="1" player="petaman10" type="1" discard="1" dealt="1" sum="10"/>
<action no="2" player="GinkobilobAA" type="2" discard="1" dealt="1" sum="20"/>
</round>
<round no="1"><cards type="Pocket" player="petaman10">H3 H6</cards>
<cards type="Pocket" player="oreiasccp">HK SK</cards>
<cards type="Pocket" player="GinkobilobAA">X X</cards>
<action no="3" player="oreiasccp" type="7" sum="10"/>
<action no="4" player="petaman10" type="3" discard="1" dealt="1" sum="10"/>
<action no="5" player="GinkobilobAA" type="4" discard="1" dealt="1" sum="0"/>
</round>
<round no="2"><cards type="Flop">C9 C2 H8</cards>
<action no="6" player="petaman10" type="4" discard="1" dealt="1" sum="0"/>
<action no="7" player="GinkobilobAA" type="4" discard="1" dealt="1" sum="0"/>
</round>
<round no="3"><cards type="Turn">H2</cards>
<action no="8" player="petaman10" type="5" discard="1" dealt="1" sum="40"/>
<action no="9" player="GinkobilobAA" type="3" discard="1" dealt="1" sum="40"/>
</round>
<round no="4"><cards type="River">D8</cards>
<action no="10" player="petaman10" type="5" discard="1" dealt="1" sum="60"/>
<action no="11" player="GinkobilobAA" type="0" discard="1" dealt="1" sum="0"/>
</round>
</game>
<game gamecode="11516742525"><general><startdate>2025-06-17 06:54:09</startdate>
<round>1</round>
<failsafecounter/>
<players><player seat="6" name="oreiasccp" chips="30" dealer="0" win="70" bet="30" muck="0" rebuy="0" addon="0" merge="0" rebuychips="0" reg_code="8385479519"/>
<player seat="10" name="petaman10" chips="1,040" dealer="1" win="0" bet="1,040" muck="0" rebuy="0" addon="0" merge="0" rebuychips="0" reg_code="8385479530"/>
<player seat="3" name="GinkobilobAA" chips="430" dealer="0" win="0" bet="10" muck="1" rebuy="0" addon="0" merge="0" rebuychips="0" reg_code="8385479502"/>
</players>
</general>
<round no="0"><action no="1" player="GinkobilobAA" type="1" discard="1" dealt="1" sum="10"/>
<action no="2" player="oreiasccp" type="2" sum="20"/>
</round>
<round no="1"><cards type="Pocket" player="GinkobilobAA">X X</cards>
<cards type="Pocket" player="petaman10">DQ CA</cards>
<cards type="Pocket" player="oreiasccp">H6 C5</cards>
<action no="3" player="petaman10" type="23" discard="1" dealt="1" sum="1,040"/>
<action no="4" player="GinkobilobAA" type="0" discard="1" dealt="1" sum="0"/>
<action no="5" player="oreiasccp" type="7" sum="10"/>
</round>
<round no="2"><cards type="Flop">S8 H2 CK</cards>
</round>
<round no="3"><cards type="Turn">H5</cards>
</round>
<round no="4"><cards type="River">C7</cards>
</round>
</game>
<game gamecode="11516742592"><general><startdate>2025-06-17 06:54:33</startdate>
<round>1</round>
<failsafecounter/>
<players><player seat="10" name="petaman10" chips="1,010" dealer="0" win="20" bet="20" muck="1" rebuy="0" addon="0" merge="0" rebuychips="0" reg_code="8385479530"/>
<player seat="3" name="GinkobilobAA" chips="420" dealer="1" win="0" bet="0" muck="1" rebuy="0" addon="0" merge="0" rebuychips="0" reg_code="8385479502"/>
<player seat="6" name="oreiasccp" chips="70" dealer="0" win="0" bet="10" muck="1" rebuy="0" addon="0" merge="0" rebuychips="0" reg_code="8385479519"/>
</players>
</general>
<round no="0"><action no="1" player="oreiasccp" type="1" sum="10"/>
<action no="2" player="petaman10" type="2" discard="1" dealt="1" sum="20"/>
</round>
<round no="1"><cards type="Pocket" player="petaman10">X X</cards>
<cards type="Pocket" player="oreiasccp">H5 D6</cards>
<cards type="Pocket" player="GinkobilobAA">X X</cards>
<action no="3" player="GinkobilobAA" type="0" discard="1" dealt="1" sum="0"/>
<action no="4" player="oreiasccp" type="0" sum="0"/>
</round>
</game>
<game gamecode="11516742615"><general><startdate>2025-06-17 06:54:42</startdate>
<round>1</round>
<failsafecounter/>
<players><player seat="3" name="GinkobilobAA" chips="420" dealer="0" win="0" bet="60" muck="1" rebuy="0" addon="0" merge="0" rebuychips="0" reg_code="8385479502"/>
<player seat="6" name="oreiasccp" chips="60" dealer="1" win="130" bet="60" muck="0" rebuy="0" addon="0" merge="0" rebuychips="0" reg_code="8385479519"/>
<player seat="10" name="petaman10" chips="1,020" dealer="0" win="0" bet="10" muck="1" rebuy="0" addon="0" merge="0" rebuychips="0" reg_code="8385479530"/>
</players>
</general>
<round no="0"><action no="1" player="petaman10" type="1" discard="1" dealt="1" sum="10"/>
<action no="2" player="GinkobilobAA" type="2" discard="1" dealt="1" sum="20"/>
</round>
<round no="1"><cards type="Pocket" player="oreiasccp">SK CQ</cards>
<cards type="Pocket" player="GinkobilobAA">D10 D3</cards>
<cards type="Pocket" player="petaman10">X X</cards>
<action no="3" player="oreiasccp" type="23" sum="60"/>
<action no="4" player="petaman10" type="0" discard="1" dealt="1" sum="0"/>
<action no="5" player="GinkobilobAA" type="3" discard="1" dealt="1" sum="40"/>
</round>
<round no="2"><cards type="Flop">DA DJ C6</cards>
</round>
<round no="3"><cards type="Turn">C4</cards>
</round>
<round no="4"><cards type="River">S8</cards>
</round>
</game>
<game gamecode="11516742682"><general><startdate>2025-06-17 06:55:04</startdate>
<round>1</round>
<failsafecounter/>
<players><player seat="6" name="oreiasccp" chips="130" dealer="0" win="0" bet="35" muck="1" rebuy="0" addon="0" merge="0" rebuychips="0" reg_code="8385479519"/>
<player seat="10" name="petaman10" chips="1,010" dealer="1" win="0" bet="5" muck="1" rebuy="0" addon="0" merge="0" rebuychips="0" reg_code="8385479530"/>
<player seat="3" name="GinkobilobAA" chips="360" dealer="0" win="75" bet="360" muck="1" rebuy="0" addon="0" merge="0" rebuychips="0" reg_code="8385479502"/>
</players>
</general>
<round no="0"><action no="1" player="GinkobilobAA" type="15" discard="1" dealt="1" sum="5"/>
<action no="2" player="oreiasccp" type="15" sum="5"/>
<action no="3" player="petaman10" type="15" discard="1" dealt="1" sum="5"/>
<action no="4" player="GinkobilobAA" type="1" discard="1" dealt="1" sum="15"/>
<action no="5" player="oreiasccp" type="2" sum="30"/>
</round>
<round no="1"><cards type="Pocket" player="petaman10">X X</cards>
<cards type="Pocket" player="GinkobilobAA">X X</cards>
<cards type="Pocket" player="oreiasccp">D2 D4</cards>
<action no="6" player="petaman10" type="0" discard="1" dealt="1" sum="0"/>
<action no="7" player="GinkobilobAA" type="23" discard="1" dealt="1" sum="355"/>
<action no="8" player="oreiasccp" type="0" sum="0"/>
</round>
</game>
<game gamecode="11516742714"><general><startdate>2025-06-17 06:55:15</startdate>
<round>1</round>
<failsafecounter/>
<players><player seat="10" name="petaman10" chips="1,005" dealer="0" win="0" bet="95" muck="1" rebuy="0" addon="0" merge="0" rebuychips="0" reg_code="8385479530"/>
<player seat="3" name="GinkobilobAA" chips="400" dealer="1" win="0" bet="5" muck="1" rebuy="0" addon="0" merge="0" rebuychips="0" reg_code="8385479502"/>
<player seat="6" name="oreiasccp" chips="95" dealer="0" win="195" bet="95" muck="0" rebuy="0" addon="0" merge="0" rebuychips="0" reg_code="8385479519"/>
</players>
</general>
<round no="0"><action no="1" player="oreiasccp" type="15" sum="5"/>
<action no="2" player="petaman10" type="15" discard="1" dealt="1" sum="5"/>
<action no="3" player="GinkobilobAA" type="15" discard="1" dealt="1" sum="5"/>
<action no="4" player="oreiasccp" type="1" sum="15"/>
<action no="5" player="petaman10" type="2" discard="1" dealt="1" sum="30"/>
</round>
<round no="1"><cards type="Pocket" player="oreiasccp">C8 SQ</cards>
<cards type="Pocket" player="GinkobilobAA">X X</cards>
<cards type="Pocket" player="petaman10">H8 H4</cards>
<action no="6" player="GinkobilobAA" type="0" discard="1" dealt="1" sum="0"/>
<action no="7" player="oreiasccp" type="23" sum="90"/>
<action no="8" player="petaman10" type="3" discard="1" dealt="1" sum="60"/>
</round>
<round no="2"><cards type="Flop">CA S7 D8</cards>
</round>
<round no="3"><cards type="Turn">S5</cards>
</round>
<round no="4"><cards type="River">SK</cards>
</round>
</game>
<game gamecode="11516742760"><general><startdate>2025-06-17 06:55:33</startdate>
<round>1</round>
<failsafecounter/>
<players><player seat="3" name="GinkobilobAA" chips="395" dealer="0" win="0" bet="95" muck="1" rebuy="0" addon="0" merge="0" rebuychips="0" reg_code="8385479502"/>
<player seat="6" name="oreiasccp" chips="195" dealer="1" win="0" bet="5" muck="1" rebuy="0" addon="0" merge="0" rebuychips="0" reg_code="8385479519"/>
<player seat="10" name="petaman10" chips="910" dealer="0" win="195" bet="155" muck="1" rebuy="0" addon="0" merge="0" rebuychips="0" reg_code="8385479530"/>
</players>
</general>
<round no="0"><action no="1" player="petaman10" type="15" discard="1" dealt="1" sum="5"/>
<action no="2" player="GinkobilobAA" type="15" discard="1" dealt="1" sum="5"/>
<action no="3" player="oreiasccp" type="15" sum="5"/>
<action no="4" player="petaman10" type="1" discard="1" dealt="1" sum="15"/>
<action no="5" player="GinkobilobAA" type="2" discard="1" dealt="1" sum="30"/>
</round>
<round no="1"><cards type="Pocket" player="oreiasccp">H6 H8</cards>
<cards type="Pocket" player="petaman10">X X</cards>
<cards type="Pocket" player="GinkobilobAA">X X</cards>
<action no="6" player="oreiasccp" type="0" sum="0"/>
<action no="7" player="petaman10" type="3" discard="1" dealt="1" sum="15"/>
<action no="8" player="GinkobilobAA" type="4" discard="1" dealt="1" sum="0"/>
</round>
<round no="2"><cards type="Flop">HJ S5 HA</cards>
<action no="9" player="petaman10" type="4" discard="1" dealt="1" sum="0"/>
<action no="10" player="GinkobilobAA" type="4" discard="1" dealt="1" sum="0"/>
</round>
<round no="3"><cards type="Turn">D9</cards>
<action no="11" player="petaman10" type="5" discard="1" dealt="1" sum="60"/>
<action no="12" player="GinkobilobAA" type="3" discard="1" dealt="1" sum="60"/>
</round>
<round no="4"><cards type="River">C3</cards>
<action no="13" player="petaman10" type="5" discard="1" dealt="1" sum="60"/>
<action no="14" player="GinkobilobAA" type="0" discard="1" dealt="1" sum="0"/>
</round>
</game>
<game gamecode="11516742856"><general><startdate>2025-06-17 06:56:09</startdate>
<round>1</round>
<failsafecounter/>
<players><player seat="6" name="oreiasccp" chips="190" dealer="0" win="45" bet="35" muck="1" rebuy="0" addon="0" merge="0" rebuychips="0" reg_code="8385479519"/>
<player seat="10" name="petaman10" chips="1,010" dealer="1" win="0" bet="5" muck="1" rebuy="0" addon="0" merge="0" rebuychips="0" reg_code="8385479530"/>
<player seat="3" name="GinkobilobAA" chips="300" dealer="0" win="0" bet="20" muck="1" rebuy="0" addon="0" merge="0" rebuychips="0" reg_code="8385479502"/>
</players>
</general>
<round no="0"><action no="1" player="GinkobilobAA" type="15" discard="1" dealt="1" sum="5"/>
<action no="2" player="oreiasccp" type="15" sum="5"/>
<action no="3" player="petaman10" type="15" discard="1" dealt="1" sum="5"/>
<action no="4" player="GinkobilobAA" type="1" discard="1" dealt="1" sum="15"/>
<action no="5" player="oreiasccp" type="2" sum="30"/>
</round>
<round no="1"><cards type="Pocket" player="oreiasccp">CJ C3</cards>
<cards type="Pocket" player="petaman10">X X</cards>
<cards type="Pocket" player="GinkobilobAA">X X</cards>
<action no="6" player="petaman10" type="0" discard="1" dealt="1" sum="0"/>
<action no="7" player="GinkobilobAA" type="0" discard="1" dealt="1" sum="0"/>
</round>
</game>
<game gamecode="11516742883"><general><startdate>2025-06-17 06:56:21</startdate>
<round>1</round>
<failsafecounter/>
<players><player seat="10" name="petaman10" chips="1,005" dealer="0" win="0" bet="280" muck="1" rebuy="0" addon="0" merge="0" rebuychips="0" reg_code="8385479530"/>
<player seat="3" name="GinkobilobAA" chips="280" dealer="1" win="775" bet="280" muck="0" rebuy="0" addon="0" merge="0" rebuychips="0" reg_code="8385479502"/>
<player seat="6" name="oreiasccp" chips="215" dealer="0" win="0" bet="215" muck="1" rebuy="0" addon="0" merge="0" rebuychips="0" reg_code="8385479519"/>
</players>
</general>
<round no="0"><action no="1" player="oreiasccp" type="15" sum="5"/>
<action no="2" player="petaman10" type="15" discard="1" dealt="1" sum="5"/>
<action no="3" player="GinkobilobAA" type="15" discard="1" dealt="1" sum="5"/>
<action no="4" player="oreiasccp" type="1" sum="15"/>
<action no="5" player="petaman10" type="2" discard="1" dealt="1" sum="30"/>
</round>
<round no="1"><cards type="Pocket" player="oreiasccp">DQ DJ</cards>
<cards type="Pocket" player="GinkobilobAA">DK CQ</cards>
<cards type="Pocket" player="petaman10">D7 D2</cards>
<action no="6" player="GinkobilobAA" type="23" discard="1" dealt="1" sum="275"/>
<action no="7" player="oreiasccp" type="7" sum="195"/>
<action no="8" player="petaman10" type="3" discard="1" dealt="1" sum="245"/>
</round>
<round no="2"><cards type="Flop">HJ D9 S7</cards>
</round>
<round no="3"><cards type="Turn">D5</cards>
</round>
<round no="4"><cards type="River">CK</cards>
</round>
</game>
</session>
