<?xml version="1.0" encoding="UTF-8"?>
<session sessioncode="8385548719">
<general>
<client_version>24.7.1.16</client_version>
<mode>real</mode>
<gametype>Holdem NL</gametype>
<tablename>Twister €5 SNG, 1127670565</tablename>
<tournamentcode>1127670564</tournamentcode>
<tournamentname>Twister €5 SNG</tournamentname>
<buyin>€0 + €0.35 + €4.65</buyin>
<totalbuyin>€5</totalbuyin>
<rewarddrawn>€15</rewarddrawn>
<tournamentcurrency>EUR</tournamentcurrency>
<currency>EUR</currency>
<nickname>oreiasccp</nickname>
<gamecount>41</gamecount>
<startdate>2025-06-17 11:43:02</startdate>
<place>2</place>
<win>€0</win>
<tablesize>3</tablesize>
</general>
<game gamecode="11516943923"><general><startdate>2025-06-17 11:43:17</startdate>
<round>1</round>
<failsafecounter/>
<players><player seat="10" name="raven941" chips="500" dealer="0" win="0" bet="40" muck="1" rebuy="0" addon="0" merge="0" rebuychips="0" reg_code="8385548793"/>
<player seat="3" name="oreiasccp" chips="500" dealer="1" win="90" bet="60" muck="1" rebuy="0" addon="0" merge="0" rebuychips="0" reg_code="8385548719"/>
<player seat="6" name="minijones62" chips="500" dealer="0" win="0" bet="10" muck="1" rebuy="0" addon="0" merge="0" rebuychips="0" reg_code="8385548784"/>
</players>
</general>
<round no="0"><action no="1" player="minijones62" type="1" discard="1" dealt="1" sum="10"/>
<action no="2" player="raven941" type="2" discard="1" dealt="1" sum="20"/>
</round>
<round no="1"><cards type="Pocket" player="oreiasccp">C5 HA</cards>
<cards type="Pocket" player="minijones62">X X</cards>
<cards type="Pocket" player="raven941">X X</cards>
<action no="3" player="oreiasccp" type="23" sum="40"/>
<action no="4" player="minijones62" type="0" discard="1" dealt="1" sum="0"/>
<action no="5" player="raven941" type="3" discard="1" dealt="1" sum="20"/>
</round>
<round no="2"><cards type="Flop">D2 H6 SJ</cards>
<action no="6" player="raven941" type="4" discard="1" dealt="1" sum="0"/>
<action no="7" player="oreiasccp" type="5" sum="20"/>
<action no="8" player="raven941" type="0" discard="1" dealt="1" sum="0"/>
</round>
</game>
<game gamecode="11516943989"><general><startdate>2025-06-17 11:43:32</startdate>
<round>1</round>
<failsafecounter/>
<players><player seat="3" name="oreiasccp" chips="550" dealer="0" win="0" bet="50" muck="1" rebuy="0" addon="0" merge="0" rebuychips="0" reg_code="8385548719"/>
<player seat="6" name="minijones62" chips="490" dealer="1" win="0" bet="0" muck="1" rebuy="0" addon="0" merge="0" rebuychips="0" reg_code="8385548784"/>
<player seat="10" name="raven941" chips="460" dealer="0" win="100" bet="130" muck="1" rebuy="0" addon="0" merge="0" rebuychips="0" reg_code="8385548793"/>
</players>
</general>
<round no="0"><action no="1" player="raven941" type="1" discard="1" dealt="1" sum="10"/>
<action no="2" player="oreiasccp" type="2" sum="20"/>
</round>
<round no="1"><cards type="Pocket" player="minijones62">X X</cards>
<cards type="Pocket" player="oreiasccp">S10 SJ</cards>
<cards type="Pocket" player="raven941">X X</cards>
<action no="3" player="minijones62" type="0" discard="1" dealt="1" sum="0"/>
<action no="4" player="raven941" type="23" discard="1" dealt="1" sum="50"/>
<action no="5" player="oreiasccp" type="3" sum="30"/>
</round>
<round no="2"><cards type="Flop">S7 D2 D4</cards>
<action no="6" player="raven941" type="4" discard="1" dealt="1" sum="0"/>
<action no="7" player="oreiasccp" type="4" sum="0"/>
</round>
<round no="3"><cards type="Turn">H9</cards>
<action no="8" player="raven941" type="5" discard="1" dealt="1" sum="80"/>
<action no="9" player="oreiasccp" type="0" sum="0"/>
</round>
</game>
<game gamecode="11516944114"><general><startdate>2025-06-17 11:44:02</startdate>
<round>1</round>
<failsafecounter/>
<players><player seat="6" name="minijones62" chips="490" dealer="0" win="20" bet="20" muck="1" rebuy="0" addon="0" merge="0" rebuychips="0" reg_code="8385548784"/>
<player seat="10" name="raven941" chips="510" dealer="1" win="0" bet="0" muck="1" rebuy="0" addon="0" merge="0" rebuychips="0" reg_code="8385548793"/>
<player seat="3" name="oreiasccp" chips="500" dealer="0" win="0" bet="10" muck="1" rebuy="0" addon="0" merge="0" rebuychips="0" reg_code="8385548719"/>
</players>
</general>
<round no="0"><action no="1" player="oreiasccp" type="1" sum="10"/>
<action no="2" player="minijones62" type="2" discard="1" dealt="1" sum="20"/>
</round>
<round no="1"><cards type="Pocket" player="raven941">X X</cards>
<cards type="Pocket" player="minijones62">X X</cards>
<cards type="Pocket" player="oreiasccp">D9 C3</cards>
<action no="3" player="raven941" type="0" discard="1" dealt="1" sum="0"/>
<action no="4" player="oreiasccp" type="0" sum="0"/>
</round>
</game>
<game gamecode="11516944141"><general><startdate>2025-06-17 11:44:10</startdate>
<round>1</round>
<failsafecounter/>
<players><player seat="10" name="raven941" chips="510" dealer="0" win="20" bet="20" muck="1" rebuy="0" addon="0" merge="0" rebuychips="0" reg_code="8385548793"/>
<player seat="3" name="oreiasccp" chips="490" dealer="1" win="0" bet="0" muck="1" rebuy="0" addon="0" merge="0" rebuychips="0" reg_code="8385548719"/>
<player seat="6" name="minijones62" chips="500" dealer="0" win="0" bet="10" muck="1" rebuy="0" addon="0" merge="0" rebuychips="0" reg_code="8385548784"/>
</players>
</general>
<round no="0"><action no="1" player="minijones62" type="1" discard="1" dealt="1" sum="10"/>
<action no="2" player="raven941" type="2" discard="1" dealt="1" sum="20"/>
</round>
<round no="1"><cards type="Pocket" player="raven941">X X</cards>
<cards type="Pocket" player="minijones62">X X</cards>
<cards type="Pocket" player="oreiasccp">H4 H9</cards>
<action no="3" player="oreiasccp" type="0" sum="0"/>
<action no="4" player="minijones62" type="0" discard="1" dealt="1" sum="0"/>
</round>
</game>
<game gamecode="11516944175"><general><startdate>2025-06-17 11:44:18</startdate>
<round>1</round>
<failsafecounter/>
<players><player seat="3" name="oreiasccp" chips="490" dealer="0" win="20" bet="20" muck="1" rebuy="0" addon="0" merge="0" rebuychips="0" reg_code="8385548719"/>
<player seat="6" name="minijones62" chips="490" dealer="1" win="0" bet="0" muck="1" rebuy="0" addon="0" merge="0" rebuychips="0" reg_code="8385548784"/>
<player seat="10" name="raven941" chips="520" dealer="0" win="0" bet="10" muck="1" rebuy="0" addon="0" merge="0" rebuychips="0" reg_code="8385548793"/>
</players>
</general>
<round no="0"><action no="1" player="raven941" type="1" discard="1" dealt="1" sum="10"/>
<action no="2" player="oreiasccp" type="2" sum="20"/>
</round>
<round no="1"><cards type="Pocket" player="oreiasccp">DK CK</cards>
<cards type="Pocket" player="minijones62">X X</cards>
<cards type="Pocket" player="raven941">X X</cards>
<action no="3" player="minijones62" type="0" discard="1" dealt="1" sum="0"/>
<action no="4" player="raven941" type="0" discard="1" dealt="1" sum="0"/>
</round>
</game>
<game gamecode="11516944215"><general><startdate>2025-06-17 11:44:27</startdate>
<round>1</round>
<failsafecounter/>
<players><player seat="6" name="minijones62" chips="490" dealer="0" win="0" bet="104" muck="1" rebuy="0" addon="0" merge="0" rebuychips="0" reg_code="8385548784"/>
<player seat="10" name="raven941" chips="510" dealer="1" win="0" bet="0" muck="1" rebuy="0" addon="0" merge="0" rebuychips="0" reg_code="8385548793"/>
<player seat="3" name="oreiasccp" chips="500" dealer="0" win="208" bet="104" muck="0" rebuy="0" addon="0" merge="0" rebuychips="0" reg_code="8385548719"/>
</players>
</general>
<round no="0"><action no="1" player="oreiasccp" type="1" sum="10"/>
<action no="2" player="minijones62" type="2" discard="1" dealt="1" sum="20"/>
</round>
<round no="1"><cards type="Pocket" player="minijones62">D9 C10</cards>
<cards type="Pocket" player="oreiasccp">CQ S9</cards>
<cards type="Pocket" player="raven941">X X</cards>
<action no="3" player="raven941" type="0" discard="1" dealt="1" sum="0"/>
<action no="4" player="oreiasccp" type="23" sum="40"/>
<action no="5" player="minijones62" type="3" discard="1" dealt="1" sum="20"/>
</round>
<round no="2"><cards type="Flop">C5 D2 C2</cards>
<action no="6" player="oreiasccp" type="5" sum="29"/>
<action no="7" player="minijones62" type="3" discard="1" dealt="1" sum="29"/>
</round>
<round no="3"><cards type="Turn">S3</cards>
<action no="8" player="oreiasccp" type="4" sum="0"/>
<action no="9" player="minijones62" type="4" discard="1" dealt="1" sum="0"/>
</round>
<round no="4"><cards type="River">H9</cards>
<action no="10" player="oreiasccp" type="5" sum="35"/>
<action no="11" player="minijones62" type="3" discard="1" dealt="1" sum="35"/>
</round>
</game>
<game gamecode="11516944313"><general><startdate>2025-06-17 11:44:53</startdate>
<round>1</round>
<failsafecounter/>
<players><player seat="10" name="raven941" chips="510" dealer="0" win="90" bet="510" muck="1" rebuy="0" addon="0" merge="0" rebuychips="0" reg_code="8385548793"/>
<player seat="3" name="oreiasccp" chips="604" dealer="1" win="0" bet="40" muck="1" rebuy="0" addon="0" merge="0" rebuychips="0" reg_code="8385548719"/>
<player seat="6" name="minijones62" chips="386" dealer="0" win="0" bet="10" muck="1" rebuy="0" addon="0" merge="0" rebuychips="0" reg_code="8385548784"/>
</players>
</general>
<round no="0"><action no="1" player="minijones62" type="1" discard="1" dealt="1" sum="10"/>
<action no="2" player="raven941" type="2" discard="1" dealt="1" sum="20"/>
</round>
<round no="1"><cards type="Pocket" player="minijones62">X X</cards>
<cards type="Pocket" player="oreiasccp">DK D10</cards>
<cards type="Pocket" player="raven941">X X</cards>
<action no="3" player="oreiasccp" type="23" sum="40"/>
<action no="4" player="minijones62" type="0" discard="1" dealt="1" sum="0"/>
<action no="5" player="raven941" type="23" discard="1" dealt="1" sum="510"/>
<action no="6" player="oreiasccp" type="0" sum="0"/>
</round>
</game>
<game gamecode="11516944366"><general><startdate>2025-06-17 11:45:05</startdate>
<round>1</round>
<failsafecounter/>
<players><player seat="3" name="oreiasccp" chips="564" dealer="0" win="250" bet="245" muck="1" rebuy="0" addon="0" merge="0" rebuychips="0" reg_code="8385548719"/>
<player seat="6" name="minijones62" chips="376" dealer="1" win="0" bet="0" muck="1" rebuy="0" addon="0" merge="0" rebuychips="0" reg_code="8385548784"/>
<player seat="10" name="raven941" chips="560" dealer="0" win="0" bet="125" muck="1" rebuy="0" addon="0" merge="0" rebuychips="0" reg_code="8385548793"/>
</players>
</general>
<round no="0"><action no="1" player="raven941" type="1" discard="1" dealt="1" sum="10"/>
<action no="2" player="oreiasccp" type="2" sum="20"/>
</round>
<round no="1"><cards type="Pocket" player="raven941">X X</cards>
<cards type="Pocket" player="oreiasccp">CK H3</cards>
<cards type="Pocket" player="minijones62">X X</cards>
<action no="3" player="minijones62" type="0" discard="1" dealt="1" sum="0"/>
<action no="4" player="raven941" type="23" discard="1" dealt="1" sum="50"/>
<action no="5" player="oreiasccp" type="3" sum="30"/>
</round>
<round no="2"><cards type="Flop">C9 C5 S3</cards>
<action no="6" player="raven941" type="5" discard="1" dealt="1" sum="75"/>
<action no="7" player="oreiasccp" type="3" sum="75"/>
</round>
<round no="3"><cards type="Turn">S2</cards>
<action no="8" player="raven941" type="4" discard="1" dealt="1" sum="0"/>
<action no="9" player="oreiasccp" type="5" sum="120"/>
<action no="10" player="raven941" type="0" discard="1" dealt="1" sum="0"/>
</round>
</game>
<game gamecode="11516944489"><general><startdate>2025-06-17 11:45:39</startdate>
<round>1</round>
<failsafecounter/>
<players><player seat="6" name="minijones62" chips="376" dealer="0" win="195" bet="290" muck="1" rebuy="0" addon="0" merge="0" rebuychips="0" reg_code="8385548784"/>
<player seat="10" name="raven941" chips="435" dealer="1" win="0" bet="5" muck="1" rebuy="0" addon="0" merge="0" rebuychips="0" reg_code="8385548793"/>
<player seat="3" name="oreiasccp" chips="689" dealer="0" win="0" bet="95" muck="1" rebuy="0" addon="0" merge="0" rebuychips="0" reg_code="8385548719"/>
</players>
</general>
<round no="0"><action no="1" player="oreiasccp" type="15" sum="5"/>
<action no="2" player="minijones62" type="15" discard="1" dealt="1" sum="5"/>
<action no="3" player="raven941" type="15" discard="1" dealt="1" sum="5"/>
<action no="4" player="oreiasccp" type="1" sum="15"/>
<action no="5" player="minijones62" type="2" discard="1" dealt="1" sum="30"/>
</round>
<round no="1"><cards type="Pocket" player="oreiasccp">HQ D8</cards>
<cards type="Pocket" player="raven941">X X</cards>
<cards type="Pocket" player="minijones62">X X</cards>
<action no="6" player="raven941" type="0" discard="1" dealt="1" sum="0"/>
<action no="7" player="oreiasccp" type="23" sum="60"/>
<action no="8" player="minijones62" type="3" discard="1" dealt="1" sum="30"/>
</round>
<round no="2"><cards type="Flop">H9 H5 C2</cards>
<action no="9" player="oreiasccp" type="5" sum="30"/>
<action no="10" player="minijones62" type="3" discard="1" dealt="1" sum="30"/>
</round>
<round no="3"><cards type="Turn">D7</cards>
<action no="11" player="oreiasccp" type="4" sum="0"/>
<action no="12" player="minijones62" type="5" discard="1" dealt="1" sum="195"/>
<action no="13" player="oreiasccp" type="0" sum="0"/>
</round>
</game>
<game gamecode="11516944583"><general><startdate>2025-06-17 11:46:05</startdate>
<round>1</round>
<failsafecounter/>
<players><player seat="10" name="raven941" chips="430" dealer="0" win="75" bet="91" muck="1" rebuy="0" addon="0" merge="0" rebuychips="0" reg_code="8385548793"/>
<player seat="3" name="oreiasccp" chips="594" dealer="1" win="0" bet="5" muck="1" rebuy="0" addon="0" merge="0" rebuychips="0" reg_code="8385548719"/>
<player seat="6" name="minijones62" chips="476" dealer="0" win="0" bet="35" muck="1" rebuy="0" addon="0" merge="0" rebuychips="0" reg_code="8385548784"/>
</players>
</general>
<round no="0"><action no="1" player="minijones62" type="15" discard="1" dealt="1" sum="5"/>
<action no="2" player="raven941" type="15" discard="1" dealt="1" sum="5"/>
<action no="3" player="oreiasccp" type="15" sum="5"/>
<action no="4" player="minijones62" type="1" discard="1" dealt="1" sum="15"/>
<action no="5" player="raven941" type="2" discard="1" dealt="1" sum="30"/>
</round>
<round no="1"><cards type="Pocket" player="minijones62">X X</cards>
<cards type="Pocket" player="raven941">X X</cards>
<cards type="Pocket" player="oreiasccp">S7 C4</cards>
<action no="6" player="oreiasccp" type="0" sum="0"/>
<action no="7" player="minijones62" type="3" discard="1" dealt="1" sum="15"/>
<action no="8" player="raven941" type="4" discard="1" dealt="1" sum="0"/>
</round>
<round no="2"><cards type="Flop">D8 D6 S5</cards>
<action no="9" player="minijones62" type="4" discard="1" dealt="1" sum="0"/>
<action no="10" player="raven941" type="4" discard="1" dealt="1" sum="0"/>
</round>
<round no="3"><cards type="Turn">C8</cards>
<action no="11" player="minijones62" type="4" discard="1" dealt="1" sum="0"/>
<action no="12" player="raven941" type="5" discard="1" dealt="1" sum="56"/>
<action no="13" player="minijones62" type="0" discard="1" dealt="1" sum="0"/>
</round>
</game>
<game gamecode="11516944734"><general><startdate>2025-06-17 11:46:42</startdate>
<round>1</round>
<failsafecounter/>
<players><player seat="3" name="oreiasccp" chips="589" dealer="0" win="0" bet="35" muck="1" rebuy="0" addon="0" merge="0" rebuychips="0" reg_code="8385548719"/>
<player seat="6" name="minijones62" chips="441" dealer="1" win="90" bet="125" muck="1" rebuy="0" addon="0" merge="0" rebuychips="0" reg_code="8385548784"/>
<player seat="10" name="raven941" chips="470" dealer="0" win="0" bet="20" muck="1" rebuy="0" addon="0" merge="0" rebuychips="0" reg_code="8385548793"/>
</players>
</general>
<round no="0"><action no="1" player="raven941" type="15" discard="1" dealt="1" sum="5"/>
<action no="2" player="oreiasccp" type="15" sum="5"/>
<action no="3" player="minijones62" type="15" discard="1" dealt="1" sum="5"/>
<action no="4" player="raven941" type="1" discard="1" dealt="1" sum="15"/>
<action no="5" player="oreiasccp" type="2" sum="30"/>
</round>
<round no="1"><cards type="Pocket" player="oreiasccp">DQ D3</cards>
<cards type="Pocket" player="raven941">X X</cards>
<cards type="Pocket" player="minijones62">X X</cards>
<action no="6" player="minijones62" type="3" discard="1" dealt="1" sum="30"/>
<action no="7" player="raven941" type="0" discard="1" dealt="1" sum="0"/>
<action no="8" player="oreiasccp" type="4" sum="0"/>
</round>
<round no="2"><cards type="Flop">S7 S8 C10</cards>
<action no="9" player="oreiasccp" type="4" sum="0"/>
<action no="10" player="minijones62" type="5" discard="1" dealt="1" sum="90"/>
<action no="11" player="oreiasccp" type="0" sum="0"/>
</round>
</game>
<game gamecode="11516944809"><general><startdate>2025-06-17 11:47:00</startdate>
<round>1</round>
<failsafecounter/>
<players><player seat="6" name="minijones62" chips="496" dealer="0" win="0" bet="35" muck="1" rebuy="0" addon="0" merge="0" rebuychips="0" reg_code="8385548784"/>
<player seat="10" name="raven941" chips="450" dealer="1" win="90" bet="450" muck="1" rebuy="0" addon="0" merge="0" rebuychips="0" reg_code="8385548793"/>
<player seat="3" name="oreiasccp" chips="554" dealer="0" win="0" bet="20" muck="1" rebuy="0" addon="0" merge="0" rebuychips="0" reg_code="8385548719"/>
</players>
</general>
<round no="0"><action no="1" player="oreiasccp" type="15" sum="5"/>
<action no="2" player="minijones62" type="15" discard="1" dealt="1" sum="5"/>
<action no="3" player="raven941" type="15" discard="1" dealt="1" sum="5"/>
<action no="4" player="oreiasccp" type="1" sum="15"/>
<action no="5" player="minijones62" type="2" discard="1" dealt="1" sum="30"/>
</round>
<round no="1"><cards type="Pocket" player="oreiasccp">H6 HK</cards>
<cards type="Pocket" player="raven941">X X</cards>
<cards type="Pocket" player="minijones62">X X</cards>
<action no="6" player="raven941" type="23" discard="1" dealt="1" sum="445"/>
<action no="7" player="oreiasccp" type="0" sum="0"/>
<action no="8" player="minijones62" type="0" discard="1" dealt="1" sum="0"/>
</round>
</game>
<game gamecode="11516944844"><general><startdate>2025-06-17 11:47:09</startdate>
<round>1</round>
<failsafecounter/>
<players><player seat="10" name="raven941" chips="505" dealer="0" win="225" bet="110" muck="0" rebuy="0" addon="0" merge="0" rebuychips="0" reg_code="8385548793"/>
<player seat="3" name="oreiasccp" chips="534" dealer="1" win="0" bet="5" muck="1" rebuy="0" addon="0" merge="0" rebuychips="0" reg_code="8385548719"/>
<player seat="6" name="minijones62" chips="461" dealer="0" win="0" bet="110" muck="1" rebuy="0" addon="0" merge="0" rebuychips="0" reg_code="8385548784"/>
</players>
</general>
<round no="0"><action no="1" player="minijones62" type="15" discard="1" dealt="1" sum="5"/>
<action no="2" player="raven941" type="15" discard="1" dealt="1" sum="5"/>
<action no="3" player="oreiasccp" type="15" sum="5"/>
<action no="4" player="minijones62" type="1" discard="1" dealt="1" sum="15"/>
<action no="5" player="raven941" type="2" discard="1" dealt="1" sum="30"/>
</round>
<round no="1"><cards type="Pocket" player="minijones62">DA DK</cards>
<cards type="Pocket" player="raven941">H7 S8</cards>
<cards type="Pocket" player="oreiasccp">C3 SJ</cards>
<action no="6" player="oreiasccp" type="0" sum="0"/>
<action no="7" player="minijones62" type="3" discard="1" dealt="1" sum="15"/>
<action no="8" player="raven941" type="4" discard="1" dealt="1" sum="0"/>
</round>
<round no="2"><cards type="Flop">C8 D9 SQ</cards>
<action no="9" player="minijones62" type="4" discard="1" dealt="1" sum="0"/>
<action no="10" player="raven941" type="4" discard="1" dealt="1" sum="0"/>
</round>
<round no="3"><cards type="Turn">C2</cards>
<action no="11" player="minijones62" type="5" discard="1" dealt="1" sum="75"/>
<action no="12" player="raven941" type="3" discard="1" dealt="1" sum="75"/>
</round>
<round no="4"><cards type="River">D3</cards>
<action no="13" player="minijones62" type="4" discard="1" dealt="1" sum="0"/>
<action no="14" player="raven941" type="4" discard="1" dealt="1" sum="0"/>
</round>
</game>
<game gamecode="11516944990"><general><startdate>2025-06-17 11:47:47</startdate>
<round>1</round>
<failsafecounter/>
<players><player seat="3" name="oreiasccp" chips="529" dealer="0" win="0" bet="45" muck="1" rebuy="0" addon="0" merge="0" rebuychips="0" reg_code="8385548719"/>
<player seat="6" name="minijones62" chips="351" dealer="1" win="747" bet="351" muck="0" rebuy="0" addon="0" merge="0" rebuychips="0" reg_code="8385548784"/>
<player seat="10" name="raven941" chips="620" dealer="0" win="0" bet="620" muck="1" rebuy="0" addon="0" merge="0" rebuychips="0" reg_code="8385548793"/>
</players>
</general>
<round no="0"><action no="1" player="raven941" type="15" discard="1" dealt="1" sum="5"/>
<action no="2" player="oreiasccp" type="15" sum="5"/>
<action no="3" player="minijones62" type="15" discard="1" dealt="1" sum="5"/>
<action no="4" player="raven941" type="1" discard="1" dealt="1" sum="20"/>
<action no="5" player="oreiasccp" type="2" sum="40"/>
</round>
<round no="1"><cards type="Pocket" player="oreiasccp">C9 D10</cards>
<cards type="Pocket" player="minijones62">C8 C7</cards>
<cards type="Pocket" player="raven941">SA S10</cards>
<action no="6" player="minijones62" type="3" discard="1" dealt="1" sum="40"/>
<action no="7" player="raven941" type="23" discard="1" dealt="1" sum="615"/>
<action no="8" player="oreiasccp" type="0" sum="0"/>
<action no="9" player="minijones62" type="7" discard="1" dealt="1" sum="306"/>
</round>
<round no="2"><cards type="Flop">D7 H2 D8</cards>
</round>
<round no="3"><cards type="Turn">D3</cards>
</round>
<round no="4"><cards type="River">DJ</cards>
</round>
</game>
<game gamecode="11516950571"><general><startdate>2025-06-17 11:48:11</startdate>
<round>1</round>
<failsafecounter/>
<players><player seat="6" name="minijones62" chips="747" dealer="0" win="0" bet="45" muck="1" rebuy="0" addon="0" merge="0" rebuychips="0" reg_code="8385548784"/>
<player seat="10" name="raven941" chips="269" dealer="1" win="583" bet="269" muck="0" rebuy="0" addon="0" merge="0" rebuychips="0" reg_code="8385548793"/>
<player seat="3" name="oreiasccp" chips="484" dealer="0" win="0" bet="484" muck="1" rebuy="0" addon="0" merge="0" rebuychips="0" reg_code="8385548719"/>
</players>
</general>
<round no="0"><action no="1" player="oreiasccp" type="15" sum="5"/>
<action no="2" player="minijones62" type="15" discard="1" dealt="1" sum="5"/>
<action no="3" player="raven941" type="15" discard="1" dealt="1" sum="5"/>
<action no="4" player="oreiasccp" type="1" sum="20"/>
<action no="5" player="minijones62" type="2" discard="1" dealt="1" sum="40"/>
</round>
<round no="1"><cards type="Pocket" player="raven941">S3 HA</cards>
<cards type="Pocket" player="minijones62">X X</cards>
<cards type="Pocket" player="oreiasccp">CA C9</cards>
<action no="6" player="raven941" type="23" discard="1" dealt="1" sum="264"/>
<action no="7" player="oreiasccp" type="7" sum="459"/>
<action no="8" player="minijones62" type="0" discard="1" dealt="1" sum="0"/>
</round>
<round no="2"><cards type="Flop">H3 C10 SJ</cards>
</round>
<round no="3"><cards type="Turn">C2</cards>
</round>
<round no="4"><cards type="River">DK</cards>
</round>
</game>
<game gamecode="11516950670"><general><startdate>2025-06-17 11:48:33</startdate>
<round>1</round>
<failsafecounter/>
<players><player seat="10" name="raven941" chips="583" dealer="0" win="55" bet="45" muck="1" rebuy="0" addon="0" merge="0" rebuychips="0" reg_code="8385548793"/>
<player seat="3" name="oreiasccp" chips="215" dealer="1" win="0" bet="5" muck="1" rebuy="0" addon="0" merge="0" rebuychips="0" reg_code="8385548719"/>
<player seat="6" name="minijones62" chips="702" dealer="0" win="0" bet="25" muck="1" rebuy="0" addon="0" merge="0" rebuychips="0" reg_code="8385548784"/>
</players>
</general>
<round no="0"><action no="1" player="minijones62" type="15" discard="1" dealt="1" sum="5"/>
<action no="2" player="raven941" type="15" discard="1" dealt="1" sum="5"/>
<action no="3" player="oreiasccp" type="15" sum="5"/>
<action no="4" player="minijones62" type="1" discard="1" dealt="1" sum="20"/>
<action no="5" player="raven941" type="2" discard="1" dealt="1" sum="40"/>
</round>
<round no="1"><cards type="Pocket" player="minijones62">X X</cards>
<cards type="Pocket" player="raven941">X X</cards>
<cards type="Pocket" player="oreiasccp">D4 C5</cards>
<action no="6" player="oreiasccp" type="0" sum="0"/>
<action no="7" player="minijones62" type="0" discard="1" dealt="1" sum="0"/>
</round>
</game>
<game gamecode="11516950722"><general><startdate>2025-06-17 11:48:45</startdate>
<round>1</round>
<failsafecounter/>
<players><player seat="3" name="oreiasccp" chips="210" dealer="0" win="425" bet="210" muck="0" rebuy="0" addon="0" merge="0" rebuychips="0" reg_code="8385548719"/>
<player seat="6" name="minijones62" chips="677" dealer="1" win="0" bet="5" muck="1" rebuy="0" addon="0" merge="0" rebuychips="0" reg_code="8385548784"/>
<player seat="10" name="raven941" chips="613" dealer="0" win="0" bet="613" muck="1" rebuy="0" addon="0" merge="0" rebuychips="0" reg_code="8385548793"/>
</players>
</general>
<round no="0"><action no="1" player="raven941" type="15" discard="1" dealt="1" sum="5"/>
<action no="2" player="oreiasccp" type="15" sum="5"/>
<action no="3" player="minijones62" type="15" discard="1" dealt="1" sum="5"/>
<action no="4" player="raven941" type="1" discard="1" dealt="1" sum="20"/>
<action no="5" player="oreiasccp" type="2" sum="40"/>
</round>
<round no="1"><cards type="Pocket" player="oreiasccp">S8 SA</cards>
<cards type="Pocket" player="raven941">D10 SK</cards>
<cards type="Pocket" player="minijones62">X X</cards>
<action no="6" player="minijones62" type="0" discard="1" dealt="1" sum="0"/>
<action no="7" player="raven941" type="23" discard="1" dealt="1" sum="608"/>
<action no="8" player="oreiasccp" type="7" sum="165"/>
</round>
<round no="2"><cards type="Flop">H4 C7 SQ</cards>
</round>
<round no="3"><cards type="Turn">C3</cards>
</round>
<round no="4"><cards type="River">D7</cards>
</round>
</game>
<game gamecode="11516950793"><general><startdate>2025-06-17 11:49:05</startdate>
<round>1</round>
<failsafecounter/>
<players><player seat="6" name="minijones62" chips="672" dealer="0" win="55" bet="45" muck="1" rebuy="0" addon="0" merge="0" rebuychips="0" reg_code="8385548784"/>
<player seat="10" name="raven941" chips="403" dealer="1" win="0" bet="5" muck="1" rebuy="0" addon="0" merge="0" rebuychips="0" reg_code="8385548793"/>
<player seat="3" name="oreiasccp" chips="425" dealer="0" win="0" bet="25" muck="1" rebuy="0" addon="0" merge="0" rebuychips="0" reg_code="8385548719"/>
</players>
</general>
<round no="0"><action no="1" player="oreiasccp" type="15" sum="5"/>
<action no="2" player="minijones62" type="15" discard="1" dealt="1" sum="5"/>
<action no="3" player="raven941" type="15" discard="1" dealt="1" sum="5"/>
<action no="4" player="oreiasccp" type="1" sum="20"/>
<action no="5" player="minijones62" type="2" discard="1" dealt="1" sum="40"/>
</round>
<round no="1"><cards type="Pocket" player="raven941">X X</cards>
<cards type="Pocket" player="oreiasccp">C5 H10</cards>
<cards type="Pocket" player="minijones62">X X</cards>
<action no="6" player="raven941" type="0" discard="1" dealt="1" sum="0"/>
<action no="7" player="oreiasccp" type="0" sum="0"/>
</round>
</game>
<game gamecode="11516950846"><general><startdate>2025-06-17 11:49:15</startdate>
<round>1</round>
<failsafecounter/>
<players><player seat="10" name="raven941" chips="398" dealer="0" win="75" bet="65" muck="1" rebuy="0" addon="0" merge="0" rebuychips="0" reg_code="8385548793"/>
<player seat="3" name="oreiasccp" chips="400" dealer="1" win="0" bet="5" muck="1" rebuy="0" addon="0" merge="0" rebuychips="0" reg_code="8385548719"/>
<player seat="6" name="minijones62" chips="702" dealer="0" win="0" bet="35" muck="1" rebuy="0" addon="0" merge="0" rebuychips="0" reg_code="8385548784"/>
</players>
</general>
<round no="0"><action no="1" player="minijones62" type="15" discard="1" dealt="1" sum="5"/>
<action no="2" player="raven941" type="15" discard="1" dealt="1" sum="5"/>
<action no="3" player="oreiasccp" type="15" sum="5"/>
<action no="4" player="minijones62" type="1" discard="1" dealt="1" sum="30"/>
<action no="5" player="raven941" type="2" discard="1" dealt="1" sum="60"/>
</round>
<round no="1"><cards type="Pocket" player="oreiasccp">C10 S3</cards>
<cards type="Pocket" player="minijones62">X X</cards>
<cards type="Pocket" player="raven941">X X</cards>
<action no="6" player="oreiasccp" type="0" sum="0"/>
<action no="7" player="minijones62" type="0" discard="1" dealt="1" sum="0"/>
</round>
</game>
<game gamecode="11516950899"><general><startdate>2025-06-17 11:49:29</startdate>
<round>1</round>
<failsafecounter/>
<players><player seat="3" name="oreiasccp" chips="395" dealer="0" win="165" bet="125" muck="1" rebuy="0" addon="0" merge="0" rebuychips="0" reg_code="8385548719"/>
<player seat="6" name="minijones62" chips="667" dealer="1" win="0" bet="65" muck="1" rebuy="0" addon="0" merge="0" rebuychips="0" reg_code="8385548784"/>
<player seat="10" name="raven941" chips="438" dealer="0" win="0" bet="35" muck="1" rebuy="0" addon="0" merge="0" rebuychips="0" reg_code="8385548793"/>
</players>
</general>
<round no="0"><action no="1" player="raven941" type="15" discard="1" dealt="1" sum="5"/>
<action no="2" player="oreiasccp" type="15" sum="5"/>
<action no="3" player="minijones62" type="15" discard="1" dealt="1" sum="5"/>
<action no="4" player="raven941" type="1" discard="1" dealt="1" sum="30"/>
<action no="5" player="oreiasccp" type="2" sum="60"/>
</round>
<round no="1"><cards type="Pocket" player="oreiasccp">SQ D6</cards>
<cards type="Pocket" player="minijones62">X X</cards>
<cards type="Pocket" player="raven941">X X</cards>
<action no="6" player="minijones62" type="3" discard="1" dealt="1" sum="60"/>
<action no="7" player="raven941" type="0" discard="1" dealt="1" sum="0"/>
<action no="8" player="oreiasccp" type="4" sum="0"/>
</round>
<round no="2"><cards type="Flop">HQ H6 H7</cards>
<action no="9" player="oreiasccp" type="4" sum="0"/>
<action no="10" player="minijones62" type="4" discard="1" dealt="1" sum="0"/>
</round>
<round no="3"><cards type="Turn">H5</cards>
<action no="11" player="oreiasccp" type="5" sum="60"/>
<action no="12" player="minijones62" type="0" discard="1" dealt="1" sum="0"/>
</round>
</game>
<game gamecode="11516950980"><general><startdate>2025-06-17 11:49:50</startdate>
<round>1</round>
<failsafecounter/>
<players><player seat="6" name="minijones62" chips="602" dealer="0" win="75" bet="65" muck="1" rebuy="0" addon="0" merge="0" rebuychips="0" reg_code="8385548784"/>
<player seat="10" name="raven941" chips="403" dealer="1" win="0" bet="5" muck="1" rebuy="0" addon="0" merge="0" rebuychips="0" reg_code="8385548793"/>
<player seat="3" name="oreiasccp" chips="495" dealer="0" win="0" bet="35" muck="1" rebuy="0" addon="0" merge="0" rebuychips="0" reg_code="8385548719"/>
</players>
</general>
<round no="0"><action no="1" player="oreiasccp" type="15" sum="5"/>
<action no="2" player="minijones62" type="15" discard="1" dealt="1" sum="5"/>
<action no="3" player="raven941" type="15" discard="1" dealt="1" sum="5"/>
<action no="4" player="oreiasccp" type="1" sum="30"/>
<action no="5" player="minijones62" type="2" discard="1" dealt="1" sum="60"/>
</round>
<round no="1"><cards type="Pocket" player="minijones62">X X</cards>
<cards type="Pocket" player="raven941">X X</cards>
<cards type="Pocket" player="oreiasccp">H4 D9</cards>
<action no="6" player="raven941" type="0" discard="1" dealt="1" sum="0"/>
<action no="7" player="oreiasccp" type="0" sum="0"/>
</round>
</game>
<game gamecode="11516951002"><general><startdate>2025-06-17 11:49:57</startdate>
<round>1</round>
<failsafecounter/>
<players><player seat="10" name="raven941" chips="398" dealer="0" win="0" bet="65" muck="1" rebuy="0" addon="0" merge="0" rebuychips="0" reg_code="8385548793"/>
<player seat="3" name="oreiasccp" chips="460" dealer="1" win="0" bet="5" muck="1" rebuy="0" addon="0" merge="0" rebuychips="0" reg_code="8385548719"/>
<player seat="6" name="minijones62" chips="642" dealer="0" win="135" bet="65" muck="0" rebuy="0" addon="0" merge="0" rebuychips="0" reg_code="8385548784"/>
</players>
</general>
<round no="0"><action no="1" player="minijones62" type="15" discard="1" dealt="1" sum="5"/>
<action no="2" player="raven941" type="15" discard="1" dealt="1" sum="5"/>
<action no="3" player="oreiasccp" type="15" sum="5"/>
<action no="4" player="minijones62" type="1" discard="1" dealt="1" sum="30"/>
<action no="5" player="raven941" type="2" discard="1" dealt="1" sum="60"/>
</round>
<round no="1"><cards type="Pocket" player="minijones62">H6 CA</cards>
<cards type="Pocket" player="raven941">D10 S2</cards>
<cards type="Pocket" player="oreiasccp">H8 C2</cards>
<action no="6" player="oreiasccp" type="0" sum="0"/>
<action no="7" player="minijones62" type="3" discard="1" dealt="1" sum="30"/>
<action no="8" player="raven941" type="4" discard="1" dealt="1" sum="0"/>
</round>
<round no="2"><cards type="Flop">HK CJ SQ</cards>
<action no="9" player="minijones62" type="4" discard="1" dealt="1" sum="0"/>
<action no="10" player="raven941" type="4" discard="1" dealt="1" sum="0"/>
</round>
<round no="3"><cards type="Turn">HJ</cards>
<action no="11" player="minijones62" type="4" discard="1" dealt="1" sum="0"/>
<action no="12" player="raven941" type="4" discard="1" dealt="1" sum="0"/>
</round>
<round no="4"><cards type="River">C6</cards>
<action no="13" player="minijones62" type="4" discard="1" dealt="1" sum="0"/>
<action no="14" player="raven941" type="4" discard="1" dealt="1" sum="0"/>
</round>
</game>
<game gamecode="11516951123"><general><startdate>2025-06-17 11:50:30</startdate>
<round>1</round>
<failsafecounter/>
<players><player seat="3" name="oreiasccp" chips="455" dealer="0" win="0" bet="333" muck="1" rebuy="0" addon="0" merge="0" rebuychips="0" reg_code="8385548719"/>
<player seat="6" name="minijones62" chips="712" dealer="1" win="0" bet="5" muck="1" rebuy="0" addon="0" merge="0" rebuychips="0" reg_code="8385548784"/>
<player seat="10" name="raven941" chips="333" dealer="0" win="671" bet="333" muck="0" rebuy="0" addon="0" merge="0" rebuychips="0" reg_code="8385548793"/>
</players>
</general>
<round no="0"><action no="1" player="raven941" type="15" discard="1" dealt="1" sum="5"/>
<action no="2" player="oreiasccp" type="15" sum="5"/>
<action no="3" player="minijones62" type="15" discard="1" dealt="1" sum="5"/>
<action no="4" player="raven941" type="1" discard="1" dealt="1" sum="30"/>
<action no="5" player="oreiasccp" type="2" sum="60"/>
</round>
<round no="1"><cards type="Pocket" player="oreiasccp">SQ S7</cards>
<cards type="Pocket" player="minijones62">X X</cards>
<cards type="Pocket" player="raven941">DQ C9</cards>
<action no="6" player="minijones62" type="0" discard="1" dealt="1" sum="0"/>
<action no="7" player="raven941" type="23" discard="1" dealt="1" sum="328"/>
<action no="8" player="oreiasccp" type="3" sum="268"/>
</round>
<round no="2"><cards type="Flop">H8 D9 D5</cards>
</round>
<round no="3"><cards type="Turn">HK</cards>
</round>
<round no="4"><cards type="River">H3</cards>
</round>
</game>
<game gamecode="11516951209"><general><startdate>2025-06-17 11:50:50</startdate>
<round>1</round>
<failsafecounter/>
<players><player seat="6" name="minijones62" chips="707" dealer="0" win="0" bet="65" muck="1" rebuy="0" addon="0" merge="0" rebuychips="0" reg_code="8385548784"/>
<player seat="10" name="raven941" chips="671" dealer="1" win="165" bet="671" muck="1" rebuy="0" addon="0" merge="0" rebuychips="0" reg_code="8385548793"/>
<player seat="3" name="oreiasccp" chips="122" dealer="0" win="0" bet="35" muck="1" rebuy="0" addon="0" merge="0" rebuychips="0" reg_code="8385548719"/>
</players>
</general>
<round no="0"><action no="1" player="oreiasccp" type="15" sum="5"/>
<action no="2" player="minijones62" type="15" discard="1" dealt="1" sum="5"/>
<action no="3" player="raven941" type="15" discard="1" dealt="1" sum="5"/>
<action no="4" player="oreiasccp" type="1" sum="30"/>
<action no="5" player="minijones62" type="2" discard="1" dealt="1" sum="60"/>
</round>
<round no="1"><cards type="Pocket" player="oreiasccp">D7 C10</cards>
<cards type="Pocket" player="raven941">X X</cards>
<cards type="Pocket" player="minijones62">X X</cards>
<action no="6" player="raven941" type="23" discard="1" dealt="1" sum="666"/>
<action no="7" player="oreiasccp" type="0" sum="0"/>
<action no="8" player="minijones62" type="0" discard="1" dealt="1" sum="0"/>
</round>
</game>
<game gamecode="11516951261"><general><startdate>2025-06-17 11:51:04</startdate>
<round>1</round>
<failsafecounter/>
<players><player seat="10" name="raven941" chips="771" dealer="0" win="0" bet="771" muck="0" rebuy="0" addon="0" merge="0" rebuychips="0" reg_code="8385548793"/>
<player seat="3" name="oreiasccp" chips="87" dealer="1" win="0" bet="5" muck="1" rebuy="0" addon="0" merge="0" rebuychips="0" reg_code="8385548719"/>
<player seat="6" name="minijones62" chips="642" dealer="0" win="1,289" bet="642" muck="0" rebuy="0" addon="0" merge="0" rebuychips="0" reg_code="8385548784"/>
</players>
</general>
<round no="0"><action no="1" player="minijones62" type="15" discard="1" dealt="1" sum="5"/>
<action no="2" player="raven941" type="15" discard="1" dealt="1" sum="5"/>
<action no="3" player="oreiasccp" type="15" sum="5"/>
<action no="4" player="minijones62" type="1" discard="1" dealt="1" sum="30"/>
<action no="5" player="raven941" type="2" discard="1" dealt="1" sum="60"/>
</round>
<round no="1"><cards type="Pocket" player="raven941">C7 HJ</cards>
<cards type="Pocket" player="oreiasccp">H3 C9</cards>
<cards type="Pocket" player="minijones62">S9 SA</cards>
<action no="6" player="oreiasccp" type="0" sum="0"/>
<action no="7" player="minijones62" type="3" discard="1" dealt="1" sum="30"/>
<action no="8" player="raven941" type="4" discard="1" dealt="1" sum="0"/>
</round>
<round no="2"><cards type="Flop">HK HA H5</cards>
<action no="9" player="minijones62" type="5" discard="1" dealt="1" sum="135"/>
<action no="10" player="raven941" type="23" discard="1" dealt="1" sum="706"/>
<action no="11" player="minijones62" type="7" discard="1" dealt="1" sum="442"/>
</round>
<round no="3"><cards type="Turn">S5</cards>
</round>
<round no="4"><cards type="River">SJ</cards>
</round>
</game>
<game gamecode="11516951388"><general><startdate>2025-06-17 11:51:33</startdate>
<round>1</round>
<failsafecounter/>
<players><player seat="3" name="oreiasccp" chips="82" dealer="0" win="172" bet="82" muck="0" rebuy="0" addon="0" merge="0" rebuychips="0" reg_code="8385548719"/>
<player seat="6" name="minijones62" chips="1,289" dealer="1" win="0" bet="8" muck="1" rebuy="0" addon="0" merge="0" rebuychips="0" reg_code="8385548784"/>
<player seat="10" name="raven941" chips="129" dealer="0" win="0" bet="82" muck="1" rebuy="0" addon="0" merge="0" rebuychips="0" reg_code="8385548793"/>
</players>
</general>
<round no="0"><action no="1" player="raven941" type="15" discard="1" dealt="1" sum="8"/>
<action no="2" player="oreiasccp" type="15" sum="8"/>
<action no="3" player="minijones62" type="15" discard="1" dealt="1" sum="8"/>
<action no="4" player="raven941" type="1" discard="1" dealt="1" sum="40"/>
<action no="5" player="oreiasccp" type="2" sum="74"/>
</round>
<round no="1"><cards type="Pocket" player="minijones62">X X</cards>
<cards type="Pocket" player="oreiasccp">D6 S2</cards>
<cards type="Pocket" player="raven941">C3 C5</cards>
<action no="6" player="minijones62" type="0" discard="1" dealt="1" sum="0"/>
<action no="7" player="raven941" type="3" discard="1" dealt="1" sum="34"/>
</round>
<round no="2"><cards type="Flop">D9 HQ C7</cards>
</round>
<round no="3"><cards type="Turn">DQ</cards>
</round>
<round no="4"><cards type="River">S6</cards>
</round>
</game>
<game gamecode="11516951480"><general><startdate>2025-06-17 11:51:56</startdate>
<round>1</round>
<failsafecounter/>
<players><player seat="6" name="minijones62" chips="1,281" dealer="0" win="0" bet="172" muck="1" rebuy="0" addon="0" merge="0" rebuychips="0" reg_code="8385548784"/>
<player seat="10" name="raven941" chips="47" dealer="1" win="141" bet="47" muck="0" rebuy="0" addon="0" merge="0" rebuychips="0" reg_code="8385548793"/>
<player seat="3" name="oreiasccp" chips="172" dealer="0" win="250" bet="172" muck="0" rebuy="0" addon="0" merge="0" rebuychips="0" reg_code="8385548719"/>
</players>
</general>
<round no="0"><action no="1" player="oreiasccp" type="15" sum="8"/>
<action no="2" player="minijones62" type="15" discard="1" dealt="1" sum="8"/>
<action no="3" player="raven941" type="15" discard="1" dealt="1" sum="8"/>
<action no="4" player="oreiasccp" type="1" sum="40"/>
<action no="5" player="minijones62" type="2" discard="1" dealt="1" sum="80"/>
</round>
<round no="1"><cards type="Pocket" player="oreiasccp">DK DQ</cards>
<cards type="Pocket" player="raven941">SA D3</cards>
<cards type="Pocket" player="minijones62">S9 D9</cards>
<action no="6" player="raven941" type="7" discard="1" dealt="1" sum="39"/>
<action no="7" player="oreiasccp" type="23" sum="164"/>
<action no="8" player="minijones62" type="3" discard="1" dealt="1" sum="84"/>
</round>
<round no="2"><cards type="Flop">HQ S2 D8</cards>
</round>
<round no="3"><cards type="Turn">H2</cards>
</round>
<round no="4"><cards type="River">HA</cards>
</round>
</game>
<game gamecode="11516951560"><general><startdate>2025-06-17 11:52:15</startdate>
<round>1</round>
<failsafecounter/>
<players><player seat="10" name="raven941" chips="141" dealer="0" win="0" bet="141" muck="0" rebuy="0" addon="0" merge="0" rebuychips="0" reg_code="8385548793"/>
<player seat="3" name="oreiasccp" chips="250" dealer="1" win="0" bet="8" muck="1" rebuy="0" addon="0" merge="0" rebuychips="0" reg_code="8385548719"/>
<player seat="6" name="minijones62" chips="1,109" dealer="0" win="290" bet="141" muck="0" rebuy="0" addon="0" merge="0" rebuychips="0" reg_code="8385548784"/>
</players>
</general>
<round no="0"><action no="1" player="minijones62" type="15" discard="1" dealt="1" sum="8"/>
<action no="2" player="raven941" type="15" discard="1" dealt="1" sum="8"/>
<action no="3" player="oreiasccp" type="15" sum="8"/>
<action no="4" player="minijones62" type="1" discard="1" dealt="1" sum="40"/>
<action no="5" player="raven941" type="2" discard="1" dealt="1" sum="80"/>
</round>
<round no="1"><cards type="Pocket" player="raven941">D10 H2</cards>
<cards type="Pocket" player="oreiasccp">S8 C6</cards>
<cards type="Pocket" player="minijones62">SA D7</cards>
<action no="6" player="oreiasccp" type="0" sum="0"/>
<action no="7" player="minijones62" type="3" discard="1" dealt="1" sum="40"/>
<action no="8" player="raven941" type="4" discard="1" dealt="1" sum="0"/>
</round>
<round no="2"><cards type="Flop">CK DQ S2</cards>
<action no="9" player="minijones62" type="4" discard="1" dealt="1" sum="0"/>
<action no="10" player="raven941" type="7" discard="1" dealt="1" sum="53"/>
<action no="11" player="minijones62" type="3" discard="1" dealt="1" sum="53"/>
</round>
<round no="3"><cards type="Turn">CA</cards>
</round>
<round no="4"><cards type="River">S7</cards>
</round>
</game>
<game gamecode="11516951683"><general><startdate>2025-06-17 11:52:42</startdate>
<round>1</round>
<failsafecounter/>
<players><player seat="3" name="oreiasccp" chips="242" dealer="0" win="96" bet="88" muck="1" rebuy="0" addon="0" merge="0" rebuychips="0" reg_code="8385548719"/>
<player seat="6" name="minijones62" chips="1,258" dealer="1" win="0" bet="48" muck="1" rebuy="0" addon="0" merge="0" rebuychips="0" reg_code="8385548784"/>
</players>
</general>
<round no="0"><action no="1" player="minijones62" type="15" discard="1" dealt="1" sum="8"/>
<action no="2" player="oreiasccp" type="15" sum="8"/>
<action no="3" player="minijones62" type="1" discard="1" dealt="1" sum="40"/>
<action no="4" player="oreiasccp" type="2" sum="80"/>
</round>
<round no="1"><cards type="Pocket" player="minijones62">X X</cards>
<cards type="Pocket" player="oreiasccp">DJ HA</cards>
<action no="5" player="minijones62" type="0" discard="1" dealt="1" sum="0"/>
</round>
</game>
<game gamecode="11516951719"><general><startdate>2025-06-17 11:52:50</startdate>
<round>1</round>
<failsafecounter/>
<players><player seat="6" name="minijones62" chips="1,210" dealer="0" win="96" bet="88" muck="1" rebuy="0" addon="0" merge="0" rebuychips="0" reg_code="8385548784"/>
<player seat="3" name="oreiasccp" chips="290" dealer="1" win="0" bet="48" muck="1" rebuy="0" addon="0" merge="0" rebuychips="0" reg_code="8385548719"/>
</players>
</general>
<round no="0"><action no="1" player="oreiasccp" type="15" sum="8"/>
<action no="2" player="minijones62" type="15" discard="1" dealt="1" sum="8"/>
<action no="3" player="oreiasccp" type="1" sum="40"/>
<action no="4" player="minijones62" type="2" discard="1" dealt="1" sum="80"/>
</round>
<round no="1"><cards type="Pocket" player="minijones62">X X</cards>
<cards type="Pocket" player="oreiasccp">D3 H7</cards>
<action no="5" player="oreiasccp" type="0" sum="0"/>
</round>
</game>
<game gamecode="11516951741"><general><startdate>2025-06-17 11:52:55</startdate>
<round>1</round>
<failsafecounter/>
<players><player seat="3" name="oreiasccp" chips="242" dealer="0" win="96" bet="88" muck="1" rebuy="0" addon="0" merge="0" rebuychips="0" reg_code="8385548719"/>
<player seat="6" name="minijones62" chips="1,258" dealer="1" win="0" bet="48" muck="1" rebuy="0" addon="0" merge="0" rebuychips="0" reg_code="8385548784"/>
</players>
</general>
<round no="0"><action no="1" player="minijones62" type="15" discard="1" dealt="1" sum="8"/>
<action no="2" player="oreiasccp" type="15" sum="8"/>
<action no="3" player="minijones62" type="1" discard="1" dealt="1" sum="40"/>
<action no="4" player="oreiasccp" type="2" sum="80"/>
</round>
<round no="1"><cards type="Pocket" player="oreiasccp">H7 S10</cards>
<cards type="Pocket" player="minijones62">X X</cards>
<action no="5" player="minijones62" type="0" discard="1" dealt="1" sum="0"/>
</round>
</game>
<game gamecode="11516951773"><general><startdate>2025-06-17 11:53:01</startdate>
<round>1</round>
<failsafecounter/>
<players><player seat="6" name="minijones62" chips="1,210" dealer="0" win="0" bet="88" muck="1" rebuy="0" addon="0" merge="0" rebuychips="0" reg_code="8385548784"/>
<player seat="3" name="oreiasccp" chips="290" dealer="1" win="176" bet="290" muck="1" rebuy="0" addon="0" merge="0" rebuychips="0" reg_code="8385548719"/>
</players>
</general>
<round no="0"><action no="1" player="oreiasccp" type="15" sum="8"/>
<action no="2" player="minijones62" type="15" discard="1" dealt="1" sum="8"/>
<action no="3" player="oreiasccp" type="1" sum="40"/>
<action no="4" player="minijones62" type="2" discard="1" dealt="1" sum="80"/>
</round>
<round no="1"><cards type="Pocket" player="oreiasccp">H8 HA</cards>
<cards type="Pocket" player="minijones62">X X</cards>
<action no="5" player="oreiasccp" type="23" sum="282"/>
<action no="6" player="minijones62" type="0" discard="1" dealt="1" sum="0"/>
</round>
</game>
<game gamecode="11516951809"><general><startdate>2025-06-17 11:53:09</startdate>
<round>1</round>
<failsafecounter/>
<players><player seat="3" name="oreiasccp" chips="378" dealer="0" win="0" bet="88" muck="1" rebuy="0" addon="0" merge="0" rebuychips="0" reg_code="8385548719"/>
<player seat="6" name="minijones62" chips="1,122" dealer="1" win="176" bet="264" muck="1" rebuy="0" addon="0" merge="0" rebuychips="0" reg_code="8385548784"/>
</players>
</general>
<round no="0"><action no="1" player="minijones62" type="15" discard="1" dealt="1" sum="8"/>
<action no="2" player="oreiasccp" type="15" sum="8"/>
<action no="3" player="minijones62" type="1" discard="1" dealt="1" sum="40"/>
<action no="4" player="oreiasccp" type="2" sum="80"/>
</round>
<round no="1"><cards type="Pocket" player="oreiasccp">D9 C6</cards>
<cards type="Pocket" player="minijones62">X X</cards>
<action no="5" player="minijones62" type="3" discard="1" dealt="1" sum="40"/>
<action no="6" player="oreiasccp" type="4" sum="0"/>
</round>
<round no="2"><cards type="Flop">S4 DJ C8</cards>
<action no="7" player="oreiasccp" type="4" sum="0"/>
<action no="8" player="minijones62" type="5" discard="1" dealt="1" sum="176"/>
<action no="9" player="oreiasccp" type="0" sum="0"/>
</round>
</game>
<game gamecode="11516951867"><general><startdate>2025-06-17 11:53:23</startdate>
<round>1</round>
<failsafecounter/>
<players><player seat="6" name="minijones62" chips="1,210" dealer="0" win="0" bet="290" muck="1" rebuy="0" addon="0" merge="0" rebuychips="0" reg_code="8385548784"/>
<player seat="3" name="oreiasccp" chips="290" dealer="1" win="580" bet="290" muck="0" rebuy="0" addon="0" merge="0" rebuychips="0" reg_code="8385548719"/>
</players>
</general>
<round no="0"><action no="1" player="oreiasccp" type="15" sum="10"/>
<action no="2" player="minijones62" type="15" discard="1" dealt="1" sum="10"/>
<action no="3" player="oreiasccp" type="1" sum="50"/>
<action no="4" player="minijones62" type="2" discard="1" dealt="1" sum="100"/>
</round>
<round no="1"><cards type="Pocket" player="minijones62">SK C6</cards>
<cards type="Pocket" player="oreiasccp">D4 CA</cards>
<action no="5" player="oreiasccp" type="23" sum="280"/>
<action no="6" player="minijones62" type="3" discard="1" dealt="1" sum="180"/>
</round>
<round no="2"><cards type="Flop">CK HJ HA</cards>
</round>
<round no="3"><cards type="Turn">D5</cards>
</round>
<round no="4"><cards type="River">S4</cards>
</round>
</game>
<game gamecode="11516951928"><general><startdate>2025-06-17 11:53:39</startdate>
<round>1</round>
<failsafecounter/>
<players><player seat="3" name="oreiasccp" chips="580" dealer="0" win="0" bet="110" muck="1" rebuy="0" addon="0" merge="0" rebuychips="0" reg_code="8385548719"/>
<player seat="6" name="minijones62" chips="920" dealer="1" win="220" bet="330" muck="1" rebuy="0" addon="0" merge="0" rebuychips="0" reg_code="8385548784"/>
</players>
</general>
<round no="0"><action no="1" player="minijones62" type="15" discard="1" dealt="1" sum="10"/>
<action no="2" player="oreiasccp" type="15" sum="10"/>
<action no="3" player="minijones62" type="1" discard="1" dealt="1" sum="50"/>
<action no="4" player="oreiasccp" type="2" sum="100"/>
</round>
<round no="1"><cards type="Pocket" player="minijones62">X X</cards>
<cards type="Pocket" player="oreiasccp">S6 D2</cards>
<action no="5" player="minijones62" type="3" discard="1" dealt="1" sum="50"/>
<action no="6" player="oreiasccp" type="4" sum="0"/>
</round>
<round no="2"><cards type="Flop">C4 CQ H8</cards>
<action no="7" player="oreiasccp" type="4" sum="0"/>
<action no="8" player="minijones62" type="5" discard="1" dealt="1" sum="220"/>
<action no="9" player="oreiasccp" type="0" sum="0"/>
</round>
</game>
<game gamecode="11516951976"><general><startdate>2025-06-17 11:53:51</startdate>
<round>1</round>
<failsafecounter/>
<players><player seat="6" name="minijones62" chips="1,030" dealer="0" win="0" bet="110" muck="1" rebuy="0" addon="0" merge="0" rebuychips="0" reg_code="8385548784"/>
<player seat="3" name="oreiasccp" chips="470" dealer="1" win="220" bet="470" muck="1" rebuy="0" addon="0" merge="0" rebuychips="0" reg_code="8385548719"/>
</players>
</general>
<round no="0"><action no="1" player="oreiasccp" type="15" sum="10"/>
<action no="2" player="minijones62" type="15" discard="1" dealt="1" sum="10"/>
<action no="3" player="oreiasccp" type="1" sum="50"/>
<action no="4" player="minijones62" type="2" discard="1" dealt="1" sum="100"/>
</round>
<round no="1"><cards type="Pocket" player="oreiasccp">C6 C9</cards>
<cards type="Pocket" player="minijones62">X X</cards>
<action no="5" player="oreiasccp" type="23" sum="460"/>
<action no="6" player="minijones62" type="0" discard="1" dealt="1" sum="0"/>
</round>
</game>
<game gamecode="11516952002"><general><startdate>2025-06-17 11:53:59</startdate>
<round>1</round>
<failsafecounter/>
<players><player seat="3" name="oreiasccp" chips="580" dealer="0" win="0" bet="310" muck="0" rebuy="0" addon="0" merge="0" rebuychips="0" reg_code="8385548719"/>
<player seat="6" name="minijones62" chips="920" dealer="1" win="620" bet="310" muck="0" rebuy="0" addon="0" merge="0" rebuychips="0" reg_code="8385548784"/>
</players>
</general>
<round no="0"><action no="1" player="minijones62" type="15" discard="1" dealt="1" sum="10"/>
<action no="2" player="oreiasccp" type="15" sum="10"/>
<action no="3" player="minijones62" type="1" discard="1" dealt="1" sum="50"/>
<action no="4" player="oreiasccp" type="2" sum="100"/>
</round>
<round no="1"><cards type="Pocket" player="oreiasccp">C6 CQ</cards>
<cards type="Pocket" player="minijones62">D4 DK</cards>
<action no="5" player="minijones62" type="3" discard="1" dealt="1" sum="50"/>
<action no="6" player="oreiasccp" type="4" sum="0"/>
</round>
<round no="2"><cards type="Flop">SJ H10 D9</cards>
<action no="7" player="oreiasccp" type="4" sum="0"/>
<action no="8" player="minijones62" type="4" discard="1" dealt="1" sum="0"/>
</round>
<round no="3"><cards type="Turn">SQ</cards>
<action no="9" player="oreiasccp" type="5" sum="100"/>
<action no="10" player="minijones62" type="3" discard="1" dealt="1" sum="100"/>
</round>
<round no="4"><cards type="River">S7</cards>
<action no="11" player="oreiasccp" type="5" sum="100"/>
<action no="12" player="minijones62" type="3" discard="1" dealt="1" sum="100"/>
</round>
</game>
<game gamecode="11516952108"><general><startdate>2025-06-17 11:54:25</startdate>
<round>1</round>
<failsafecounter/>
<players><player seat="6" name="minijones62" chips="1,230" dealer="0" win="120" bet="110" muck="1" rebuy="0" addon="0" merge="0" rebuychips="0" reg_code="8385548784"/>
<player seat="3" name="oreiasccp" chips="270" dealer="1" win="0" bet="60" muck="1" rebuy="0" addon="0" merge="0" rebuychips="0" reg_code="8385548719"/>
</players>
</general>
<round no="0"><action no="1" player="oreiasccp" type="15" sum="10"/>
<action no="2" player="minijones62" type="15" discard="1" dealt="1" sum="10"/>
<action no="3" player="oreiasccp" type="1" sum="50"/>
<action no="4" player="minijones62" type="2" discard="1" dealt="1" sum="100"/>
</round>
<round no="1"><cards type="Pocket" player="minijones62">X X</cards>
<cards type="Pocket" player="oreiasccp">D8 S2</cards>
<action no="5" player="oreiasccp" type="0" sum="0"/>
</round>
</game>
<game gamecode="11516952123"><general><startdate>2025-06-17 11:54:30</startdate>
<round>1</round>
<failsafecounter/>
<players><player seat="3" name="oreiasccp" chips="210" dealer="0" win="420" bet="210" muck="0" rebuy="0" addon="0" merge="0" rebuychips="0" reg_code="8385548719"/>
<player seat="6" name="minijones62" chips="1,290" dealer="1" win="0" bet="210" muck="1" rebuy="0" addon="0" merge="0" rebuychips="0" reg_code="8385548784"/>
</players>
</general>
<round no="0"><action no="1" player="minijones62" type="15" discard="1" dealt="1" sum="10"/>
<action no="2" player="oreiasccp" type="15" sum="10"/>
<action no="3" player="minijones62" type="1" discard="1" dealt="1" sum="50"/>
<action no="4" player="oreiasccp" type="2" sum="100"/>
</round>
<round no="1"><cards type="Pocket" player="oreiasccp">S10 C6</cards>
<cards type="Pocket" player="minijones62">D4 C4</cards>
<action no="5" player="minijones62" type="3" discard="1" dealt="1" sum="50"/>
<action no="6" player="oreiasccp" type="7" sum="100"/>
<action no="7" player="minijones62" type="3" discard="1" dealt="1" sum="100"/>
</round>
<round no="2"><cards type="Flop">D2 D8 C10</cards>
</round>
<round no="3"><cards type="Turn">DA</cards>
</round>
<round no="4"><cards type="River">S2</cards>
</round>
</game>
<game gamecode="11516952200"><general><startdate>2025-06-17 11:54:49</startdate>
<round>1</round>
<failsafecounter/>
<players><player seat="6" name="minijones62" chips="1,080" dealer="0" win="0" bet="110" muck="1" rebuy="0" addon="0" merge="0" rebuychips="0" reg_code="8385548784"/>
<player seat="3" name="oreiasccp" chips="420" dealer="1" win="220" bet="420" muck="1" rebuy="0" addon="0" merge="0" rebuychips="0" reg_code="8385548719"/>
</players>
</general>
<round no="0"><action no="1" player="oreiasccp" type="15" sum="10"/>
<action no="2" player="minijones62" type="15" discard="1" dealt="1" sum="10"/>
<action no="3" player="oreiasccp" type="1" sum="50"/>
<action no="4" player="minijones62" type="2" discard="1" dealt="1" sum="100"/>
</round>
<round no="1"><cards type="Pocket" player="oreiasccp">DQ H5</cards>
<cards type="Pocket" player="minijones62">X X</cards>
<action no="5" player="oreiasccp" type="23" sum="410"/>
<action no="6" player="minijones62" type="0" discard="1" dealt="1" sum="0"/>
</round>
</game>
<game gamecode="11516952226"><general><startdate>2025-06-17 11:54:57</startdate>
<round>1</round>
<failsafecounter/>
<players><player seat="3" name="oreiasccp" chips="530" dealer="0" win="0" bet="530" muck="0" rebuy="0" addon="0" merge="0" rebuychips="0" reg_code="8385548719"/>
<player seat="6" name="minijones62" chips="970" dealer="1" win="1,060" bet="530" muck="0" rebuy="0" addon="0" merge="0" rebuychips="0" reg_code="8385548784"/>
</players>
</general>
<round no="0"><action no="1" player="minijones62" type="15" discard="1" dealt="1" sum="10"/>
<action no="2" player="oreiasccp" type="15" sum="10"/>
<action no="3" player="minijones62" type="1" discard="1" dealt="1" sum="50"/>
<action no="4" player="oreiasccp" type="2" sum="100"/>
</round>
<round no="1"><cards type="Pocket" player="oreiasccp">S7 D10</cards>
<cards type="Pocket" player="minijones62">C9 D8</cards>
<action no="5" player="minijones62" type="3" discard="1" dealt="1" sum="50"/>
<action no="6" player="oreiasccp" type="4" sum="0"/>
</round>
<round no="2"><cards type="Flop">D9 SJ DQ</cards>
<action no="7" player="oreiasccp" type="4" sum="0"/>
<action no="8" player="minijones62" type="5" discard="1" dealt="1" sum="220"/>
<action no="9" player="oreiasccp" type="3" sum="220"/>
</round>
<round no="3"><cards type="Turn">H9</cards>
<action no="10" player="oreiasccp" type="4" sum="0"/>
<action no="11" player="minijones62" type="5" discard="1" dealt="1" sum="100"/>
<action no="12" player="oreiasccp" type="3" sum="100"/>
</round>
<round no="4"><cards type="River">H8</cards>
<action no="13" player="oreiasccp" type="7" sum="100"/>
<action no="14" player="minijones62" type="3" discard="1" dealt="1" sum="100"/>
</round>
</game>
</session>
