<?xml version="1.0" encoding="UTF-8"?>
<session sessioncode="8385566483">
<general>
<client_version>24.7.1.16</client_version>
<mode>real</mode>
<gametype>Holdem NL</gametype>
<tablename>Twister €5 SNG, 1127673315</tablename>
<tournamentcode>1127673314</tournamentcode>
<tournamentname>Twister €5 SNG</tournamentname>
<buyin>€0 + €0.35 + €4.65</buyin>
<totalbuyin>€5</totalbuyin>
<rewarddrawn>€10</rewarddrawn>
<tournamentcurrency>EUR</tournamentcurrency>
<currency>EUR</currency>
<nickname>oreiasccp</nickname>
<gamecount>24</gamecount>
<startdate>2025-06-17 12:34:12</startdate>
<place>2</place>
<win>€0</win>
<tablesize>3</tablesize>
</general>
<game gamecode="11516993121"><general><startdate>2025-06-17 12:34:27</startdate>
<round>1</round>
<failsafecounter/>
<players><player seat="3" name="oreiasccp" chips="500" dealer="0" win="0" bet="20" muck="1" rebuy="0" addon="0" merge="0" rebuychips="0" reg_code="8385566483"/>
<player seat="6" name="Nimaaaa" chips="500" dealer="1" win="0" bet="40" muck="1" rebuy="0" addon="0" merge="0" rebuychips="0" reg_code="8385566521"/>
<player seat="10" name="Freya761" chips="500" dealer="0" win="100" bet="500" muck="1" rebuy="0" addon="0" merge="0" rebuychips="0" reg_code="8385566584"/>
</players>
</general>
<round no="0"><action no="1" player="Freya761" type="1" discard="1" dealt="1" sum="10"/>
<action no="2" player="oreiasccp" type="2" sum="20"/>
</round>
<round no="1"><cards type="Pocket" player="oreiasccp">C5 DA</cards>
<cards type="Pocket" player="Nimaaaa">X X</cards>
<cards type="Pocket" player="Freya761">X X</cards>
<action no="3" player="Nimaaaa" type="23" discard="1" dealt="1" sum="40"/>
<action no="4" player="Freya761" type="23" discard="1" dealt="1" sum="500"/>
<action no="5" player="oreiasccp" type="0" sum="0"/>
<action no="6" player="Nimaaaa" type="0" discard="1" dealt="1" sum="0"/>
</round>
</game>
<game gamecode="11516993200"><general><startdate>2025-06-17 12:34:41</startdate>
<round>1</round>
<failsafecounter/>
<players><player seat="6" name="Nimaaaa" chips="460" dealer="0" win="0" bet="60" muck="1" rebuy="0" addon="0" merge="0" rebuychips="0" reg_code="8385566521"/>
<player seat="10" name="Freya761" chips="560" dealer="1" win="0" bet="0" muck="1" rebuy="0" addon="0" merge="0" rebuychips="0" reg_code="8385566584"/>
<player seat="3" name="oreiasccp" chips="480" dealer="0" win="120" bet="90" muck="1" rebuy="0" addon="0" merge="0" rebuychips="0" reg_code="8385566483"/>
</players>
</general>
<round no="0"><action no="1" player="oreiasccp" type="1" sum="10"/>
<action no="2" player="Nimaaaa" type="2" discard="1" dealt="1" sum="20"/>
</round>
<round no="1"><cards type="Pocket" player="oreiasccp">D9 H9</cards>
<cards type="Pocket" player="Freya761">X X</cards>
<cards type="Pocket" player="Nimaaaa">X X</cards>
<action no="3" player="Freya761" type="0" discard="1" dealt="1" sum="0"/>
<action no="4" player="oreiasccp" type="23" sum="60"/>
<action no="5" player="Nimaaaa" type="3" discard="1" dealt="1" sum="40"/>
</round>
<round no="2"><cards type="Flop">H7 S2 DA</cards>
<action no="6" player="oreiasccp" type="5" sum="30"/>
<action no="7" player="Nimaaaa" type="0" discard="1" dealt="1" sum="0"/>
</round>
</game>
<game gamecode="11516993268"><general><startdate>2025-06-17 12:34:58</startdate>
<round>1</round>
<failsafecounter/>
<players><player seat="10" name="Freya761" chips="560" dealer="0" win="0" bet="40" muck="1" rebuy="0" addon="0" merge="0" rebuychips="0" reg_code="8385566584"/>
<player seat="3" name="oreiasccp" chips="540" dealer="1" win="0" bet="0" muck="1" rebuy="0" addon="0" merge="0" rebuychips="0" reg_code="8385566483"/>
<player seat="6" name="Nimaaaa" chips="400" dealer="0" win="80" bet="60" muck="1" rebuy="0" addon="0" merge="0" rebuychips="0" reg_code="8385566521"/>
</players>
</general>
<round no="0"><action no="1" player="Nimaaaa" type="1" discard="1" dealt="1" sum="10"/>
<action no="2" player="Freya761" type="2" discard="1" dealt="1" sum="20"/>
</round>
<round no="1"><cards type="Pocket" player="Freya761">X X</cards>
<cards type="Pocket" player="oreiasccp">H2 S7</cards>
<cards type="Pocket" player="Nimaaaa">X X</cards>
<action no="3" player="oreiasccp" type="0" sum="0"/>
<action no="4" player="Nimaaaa" type="23" discard="1" dealt="1" sum="40"/>
<action no="5" player="Freya761" type="3" discard="1" dealt="1" sum="20"/>
</round>
<round no="2"><cards type="Flop">H5 S6 HJ</cards>
<action no="6" player="Nimaaaa" type="5" discard="1" dealt="1" sum="20"/>
<action no="7" player="Freya761" type="0" discard="1" dealt="1" sum="0"/>
</round>
</game>
<game gamecode="11516993341"><general><startdate>2025-06-17 12:35:14</startdate>
<round>1</round>
<failsafecounter/>
<players><player seat="3" name="oreiasccp" chips="540" dealer="0" win="374" bet="374" muck="1" rebuy="0" addon="0" merge="0" rebuychips="0" reg_code="8385566483"/>
<player seat="6" name="Nimaaaa" chips="440" dealer="1" win="0" bet="0" muck="1" rebuy="0" addon="0" merge="0" rebuychips="0" reg_code="8385566521"/>
<player seat="10" name="Freya761" chips="520" dealer="0" win="0" bet="187" muck="1" rebuy="0" addon="0" merge="0" rebuychips="0" reg_code="8385566584"/>
</players>
</general>
<round no="0"><action no="1" player="Freya761" type="1" discard="1" dealt="1" sum="10"/>
<action no="2" player="oreiasccp" type="2" sum="20"/>
</round>
<round no="1"><cards type="Pocket" player="Nimaaaa">X X</cards>
<cards type="Pocket" player="oreiasccp">C8 SJ</cards>
<cards type="Pocket" player="Freya761">X X</cards>
<action no="3" player="Nimaaaa" type="0" discard="1" dealt="1" sum="0"/>
<action no="4" player="Freya761" type="23" discard="1" dealt="1" sum="50"/>
<action no="5" player="oreiasccp" type="3" sum="30"/>
</round>
<round no="2"><cards type="Flop">SA D7 S6</cards>
<action no="6" player="Freya761" type="5" discard="1" dealt="1" sum="25"/>
<action no="7" player="oreiasccp" type="3" sum="25"/>
</round>
<round no="3"><cards type="Turn">D5</cards>
<action no="8" player="Freya761" type="5" discard="1" dealt="1" sum="112"/>
<action no="9" player="oreiasccp" type="3" sum="112"/>
</round>
<round no="4"><cards type="River">S4</cards>
<action no="10" player="Freya761" type="4" discard="1" dealt="1" sum="0"/>
<action no="11" player="oreiasccp" type="5" sum="187"/>
<action no="12" player="Freya761" type="0" discard="1" dealt="1" sum="0"/>
</round>
</game>
<game gamecode="11516993474"><general><startdate>2025-06-17 12:35:40</startdate>
<round>1</round>
<failsafecounter/>
<players><player seat="6" name="Nimaaaa" chips="440" dealer="0" win="0" bet="62" muck="1" rebuy="0" addon="0" merge="0" rebuychips="0" reg_code="8385566521"/>
<player seat="10" name="Freya761" chips="333" dealer="1" win="134" bet="162" muck="1" rebuy="0" addon="0" merge="0" rebuychips="0" reg_code="8385566584"/>
<player seat="3" name="oreiasccp" chips="727" dealer="0" win="0" bet="10" muck="1" rebuy="0" addon="0" merge="0" rebuychips="0" reg_code="8385566483"/>
</players>
</general>
<round no="0"><action no="1" player="oreiasccp" type="1" sum="10"/>
<action no="2" player="Nimaaaa" type="2" discard="1" dealt="1" sum="20"/>
</round>
<round no="1"><cards type="Pocket" player="Freya761">X X</cards>
<cards type="Pocket" player="Nimaaaa">X X</cards>
<cards type="Pocket" player="oreiasccp">H2 D10</cards>
<action no="3" player="Freya761" type="23" discard="1" dealt="1" sum="40"/>
<action no="4" player="oreiasccp" type="0" sum="0"/>
<action no="5" player="Nimaaaa" type="3" discard="1" dealt="1" sum="20"/>
</round>
<round no="2"><cards type="Flop">CA C5 S8</cards>
<action no="6" player="Nimaaaa" type="5" discard="1" dealt="1" sum="22"/>
<action no="7" player="Freya761" type="3" discard="1" dealt="1" sum="22"/>
</round>
<round no="3"><cards type="Turn">S4</cards>
<action no="8" player="Nimaaaa" type="4" discard="1" dealt="1" sum="0"/>
<action no="9" player="Freya761" type="5" discard="1" dealt="1" sum="100"/>
<action no="10" player="Nimaaaa" type="0" discard="1" dealt="1" sum="0"/>
</round>
</game>
<game gamecode="11516993658"><general><startdate>2025-06-17 12:36:17</startdate>
<round>1</round>
<failsafecounter/>
<players><player seat="10" name="Freya761" chips="405" dealer="0" win="20" bet="20" muck="1" rebuy="0" addon="0" merge="0" rebuychips="0" reg_code="8385566584"/>
<player seat="3" name="oreiasccp" chips="717" dealer="1" win="0" bet="0" muck="1" rebuy="0" addon="0" merge="0" rebuychips="0" reg_code="8385566483"/>
<player seat="6" name="Nimaaaa" chips="378" dealer="0" win="0" bet="10" muck="1" rebuy="0" addon="0" merge="0" rebuychips="0" reg_code="8385566521"/>
</players>
</general>
<round no="0"><action no="1" player="Nimaaaa" type="1" discard="1" dealt="1" sum="10"/>
<action no="2" player="Freya761" type="2" discard="1" dealt="1" sum="20"/>
</round>
<round no="1"><cards type="Pocket" player="Nimaaaa">X X</cards>
<cards type="Pocket" player="oreiasccp">CJ S7</cards>
<cards type="Pocket" player="Freya761">X X</cards>
<action no="3" player="oreiasccp" type="0" sum="0"/>
<action no="4" player="Nimaaaa" type="0" discard="1" dealt="1" sum="0"/>
</round>
</game>
<game gamecode="11516993696"><general><startdate>2025-06-17 12:36:24</startdate>
<round>1</round>
<failsafecounter/>
<players><player seat="3" name="oreiasccp" chips="717" dealer="0" win="0" bet="20" muck="1" rebuy="0" addon="0" merge="0" rebuychips="0" reg_code="8385566483"/>
<player seat="6" name="Nimaaaa" chips="368" dealer="1" win="50" bet="40" muck="1" rebuy="0" addon="0" merge="0" rebuychips="0" reg_code="8385566521"/>
<player seat="10" name="Freya761" chips="415" dealer="0" win="0" bet="10" muck="1" rebuy="0" addon="0" merge="0" rebuychips="0" reg_code="8385566584"/>
</players>
</general>
<round no="0"><action no="1" player="Freya761" type="1" discard="1" dealt="1" sum="10"/>
<action no="2" player="oreiasccp" type="2" sum="20"/>
</round>
<round no="1"><cards type="Pocket" player="Nimaaaa">X X</cards>
<cards type="Pocket" player="Freya761">X X</cards>
<cards type="Pocket" player="oreiasccp">D7 H4</cards>
<action no="3" player="Nimaaaa" type="23" discard="1" dealt="1" sum="40"/>
<action no="4" player="Freya761" type="0" discard="1" dealt="1" sum="0"/>
<action no="5" player="oreiasccp" type="0" sum="0"/>
</round>
</game>
<game gamecode="11516993754"><general><startdate>2025-06-17 12:36:36</startdate>
<round>1</round>
<failsafecounter/>
<players><player seat="6" name="Nimaaaa" chips="398" dealer="0" win="801" bet="398" muck="0" rebuy="0" addon="0" merge="0" rebuychips="0" reg_code="8385566521"/>
<player seat="10" name="Freya761" chips="405" dealer="1" win="0" bet="5" muck="1" rebuy="0" addon="0" merge="0" rebuychips="0" reg_code="8385566584"/>
<player seat="3" name="oreiasccp" chips="697" dealer="0" win="0" bet="398" muck="0" rebuy="0" addon="0" merge="0" rebuychips="0" reg_code="8385566483"/>
</players>
</general>
<round no="0"><action no="1" player="oreiasccp" type="15" sum="5"/>
<action no="2" player="Nimaaaa" type="15" discard="1" dealt="1" sum="5"/>
<action no="3" player="Freya761" type="15" discard="1" dealt="1" sum="5"/>
<action no="4" player="oreiasccp" type="1" sum="15"/>
<action no="5" player="Nimaaaa" type="2" discard="1" dealt="1" sum="30"/>
</round>
<round no="1"><cards type="Pocket" player="Freya761">X X</cards>
<cards type="Pocket" player="Nimaaaa">S10 DA</cards>
<cards type="Pocket" player="oreiasccp">CK SA</cards>
<action no="6" player="Freya761" type="0" discard="1" dealt="1" sum="0"/>
<action no="7" player="oreiasccp" type="23" sum="393"/>
<action no="8" player="Nimaaaa" type="7" discard="1" dealt="1" sum="363"/>
</round>
<round no="2"><cards type="Flop">D4 DQ H10</cards>
</round>
<round no="3"><cards type="Turn">C10</cards>
</round>
<round no="4"><cards type="River">D7</cards>
</round>
</game>
<game gamecode="11516993852"><general><startdate>2025-06-17 12:36:56</startdate>
<round>1</round>
<failsafecounter/>
<players><player seat="10" name="Freya761" chips="400" dealer="0" win="135" bet="400" muck="1" rebuy="0" addon="0" merge="0" rebuychips="0" reg_code="8385566584"/>
<player seat="3" name="oreiasccp" chips="299" dealer="1" win="0" bet="5" muck="1" rebuy="0" addon="0" merge="0" rebuychips="0" reg_code="8385566483"/>
<player seat="6" name="Nimaaaa" chips="801" dealer="0" win="0" bet="65" muck="1" rebuy="0" addon="0" merge="0" rebuychips="0" reg_code="8385566521"/>
</players>
</general>
<round no="0"><action no="1" player="Nimaaaa" type="15" discard="1" dealt="1" sum="5"/>
<action no="2" player="Freya761" type="15" discard="1" dealt="1" sum="5"/>
<action no="3" player="oreiasccp" type="15" sum="5"/>
<action no="4" player="Nimaaaa" type="1" discard="1" dealt="1" sum="15"/>
<action no="5" player="Freya761" type="2" discard="1" dealt="1" sum="30"/>
</round>
<round no="1"><cards type="Pocket" player="Freya761">X X</cards>
<cards type="Pocket" player="oreiasccp">C5 D9</cards>
<cards type="Pocket" player="Nimaaaa">X X</cards>
<action no="6" player="oreiasccp" type="0" sum="0"/>
<action no="7" player="Nimaaaa" type="3" discard="1" dealt="1" sum="15"/>
<action no="8" player="Freya761" type="4" discard="1" dealt="1" sum="0"/>
</round>
<round no="2"><cards type="Flop">D2 S5 S4</cards>
<action no="9" player="Nimaaaa" type="5" discard="1" dealt="1" sum="30"/>
<action no="10" player="Freya761" type="23" discard="1" dealt="1" sum="365"/>
<action no="11" player="Nimaaaa" type="0" discard="1" dealt="1" sum="0"/>
</round>
</game>
<game gamecode="11516993959"><general><startdate>2025-06-17 12:37:19</startdate>
<round>1</round>
<failsafecounter/>
<players><player seat="3" name="oreiasccp" chips="294" dealer="0" win="0" bet="35" muck="1" rebuy="0" addon="0" merge="0" rebuychips="0" reg_code="8385566483"/>
<player seat="6" name="Nimaaaa" chips="736" dealer="1" win="0" bet="5" muck="1" rebuy="0" addon="0" merge="0" rebuychips="0" reg_code="8385566521"/>
<player seat="10" name="Freya761" chips="470" dealer="0" win="75" bet="91" muck="1" rebuy="0" addon="0" merge="0" rebuychips="0" reg_code="8385566584"/>
</players>
</general>
<round no="0"><action no="1" player="Freya761" type="15" discard="1" dealt="1" sum="5"/>
<action no="2" player="oreiasccp" type="15" sum="5"/>
<action no="3" player="Nimaaaa" type="15" discard="1" dealt="1" sum="5"/>
<action no="4" player="Freya761" type="1" discard="1" dealt="1" sum="15"/>
<action no="5" player="oreiasccp" type="2" sum="30"/>
</round>
<round no="1"><cards type="Pocket" player="Nimaaaa">X X</cards>
<cards type="Pocket" player="Freya761">X X</cards>
<cards type="Pocket" player="oreiasccp">C7 HQ</cards>
<action no="6" player="Nimaaaa" type="0" discard="1" dealt="1" sum="0"/>
<action no="7" player="Freya761" type="3" discard="1" dealt="1" sum="15"/>
<action no="8" player="oreiasccp" type="4" sum="0"/>
</round>
<round no="2"><cards type="Flop">S6 DJ S4</cards>
<action no="9" player="Freya761" type="4" discard="1" dealt="1" sum="0"/>
<action no="10" player="oreiasccp" type="4" sum="0"/>
</round>
<round no="3"><cards type="Turn">C6</cards>
<action no="11" player="Freya761" type="5" discard="1" dealt="1" sum="56"/>
<action no="12" player="oreiasccp" type="0" sum="0"/>
</round>
</game>
<game gamecode="11516994087"><general><startdate>2025-06-17 12:37:44</startdate>
<round>1</round>
<failsafecounter/>
<players><player seat="6" name="Nimaaaa" chips="731" dealer="0" win="0" bet="35" muck="1" rebuy="0" addon="0" merge="0" rebuychips="0" reg_code="8385566521"/>
<player seat="10" name="Freya761" chips="510" dealer="1" win="90" bet="65" muck="1" rebuy="0" addon="0" merge="0" rebuychips="0" reg_code="8385566584"/>
<player seat="3" name="oreiasccp" chips="259" dealer="0" win="0" bet="20" muck="1" rebuy="0" addon="0" merge="0" rebuychips="0" reg_code="8385566483"/>
</players>
</general>
<round no="0"><action no="1" player="oreiasccp" type="15" sum="5"/>
<action no="2" player="Nimaaaa" type="15" discard="1" dealt="1" sum="5"/>
<action no="3" player="Freya761" type="15" discard="1" dealt="1" sum="5"/>
<action no="4" player="oreiasccp" type="1" sum="15"/>
<action no="5" player="Nimaaaa" type="2" discard="1" dealt="1" sum="30"/>
</round>
<round no="1"><cards type="Pocket" player="oreiasccp">D2 D3</cards>
<cards type="Pocket" player="Nimaaaa">X X</cards>
<cards type="Pocket" player="Freya761">X X</cards>
<action no="6" player="Freya761" type="23" discard="1" dealt="1" sum="60"/>
<action no="7" player="oreiasccp" type="0" sum="0"/>
<action no="8" player="Nimaaaa" type="0" discard="1" dealt="1" sum="0"/>
</round>
</game>
<game gamecode="11516994153"><general><startdate>2025-06-17 12:37:57</startdate>
<round>1</round>
<failsafecounter/>
<players><player seat="10" name="Freya761" chips="565" dealer="0" win="135" bet="275" muck="1" rebuy="0" addon="0" merge="0" rebuychips="0" reg_code="8385566584"/>
<player seat="3" name="oreiasccp" chips="239" dealer="1" win="0" bet="5" muck="1" rebuy="0" addon="0" merge="0" rebuychips="0" reg_code="8385566483"/>
<player seat="6" name="Nimaaaa" chips="696" dealer="0" win="0" bet="65" muck="1" rebuy="0" addon="0" merge="0" rebuychips="0" reg_code="8385566521"/>
</players>
</general>
<round no="0"><action no="1" player="Nimaaaa" type="15" discard="1" dealt="1" sum="5"/>
<action no="2" player="Freya761" type="15" discard="1" dealt="1" sum="5"/>
<action no="3" player="oreiasccp" type="15" sum="5"/>
<action no="4" player="Nimaaaa" type="1" discard="1" dealt="1" sum="15"/>
<action no="5" player="Freya761" type="2" discard="1" dealt="1" sum="30"/>
</round>
<round no="1"><cards type="Pocket" player="oreiasccp">D6 D10</cards>
<cards type="Pocket" player="Nimaaaa">X X</cards>
<cards type="Pocket" player="Freya761">X X</cards>
<action no="6" player="oreiasccp" type="0" sum="0"/>
<action no="7" player="Nimaaaa" type="3" discard="1" dealt="1" sum="15"/>
<action no="8" player="Freya761" type="4" discard="1" dealt="1" sum="0"/>
</round>
<round no="2"><cards type="Flop">S6 S9 H5</cards>
<action no="9" player="Nimaaaa" type="5" discard="1" dealt="1" sum="30"/>
<action no="10" player="Freya761" type="23" discard="1" dealt="1" sum="240"/>
<action no="11" player="Nimaaaa" type="0" discard="1" dealt="1" sum="0"/>
</round>
</game>
<game gamecode="11516994269"><general><startdate>2025-06-17 12:38:24</startdate>
<round>1</round>
<failsafecounter/>
<players><player seat="3" name="oreiasccp" chips="234" dealer="0" win="0" bet="35" muck="1" rebuy="0" addon="0" merge="0" rebuychips="0" reg_code="8385566483"/>
<player seat="6" name="Nimaaaa" chips="631" dealer="1" win="90" bet="631" muck="1" rebuy="0" addon="0" merge="0" rebuychips="0" reg_code="8385566521"/>
<player seat="10" name="Freya761" chips="635" dealer="0" win="0" bet="20" muck="1" rebuy="0" addon="0" merge="0" rebuychips="0" reg_code="8385566584"/>
</players>
</general>
<round no="0"><action no="1" player="Freya761" type="15" discard="1" dealt="1" sum="5"/>
<action no="2" player="oreiasccp" type="15" sum="5"/>
<action no="3" player="Nimaaaa" type="15" discard="1" dealt="1" sum="5"/>
<action no="4" player="Freya761" type="1" discard="1" dealt="1" sum="15"/>
<action no="5" player="oreiasccp" type="2" sum="30"/>
</round>
<round no="1"><cards type="Pocket" player="oreiasccp">S8 HJ</cards>
<cards type="Pocket" player="Freya761">X X</cards>
<cards type="Pocket" player="Nimaaaa">X X</cards>
<action no="6" player="Nimaaaa" type="23" discard="1" dealt="1" sum="626"/>
<action no="7" player="Freya761" type="0" discard="1" dealt="1" sum="0"/>
<action no="8" player="oreiasccp" type="0" sum="0"/>
</round>
</game>
<game gamecode="11517000594"><general><startdate>2025-06-17 12:38:36</startdate>
<round>1</round>
<failsafecounter/>
<players><player seat="6" name="Nimaaaa" chips="686" dealer="0" win="55" bet="45" muck="1" rebuy="0" addon="0" merge="0" rebuychips="0" reg_code="8385566521"/>
<player seat="10" name="Freya761" chips="615" dealer="1" win="0" bet="5" muck="1" rebuy="0" addon="0" merge="0" rebuychips="0" reg_code="8385566584"/>
<player seat="3" name="oreiasccp" chips="199" dealer="0" win="0" bet="25" muck="1" rebuy="0" addon="0" merge="0" rebuychips="0" reg_code="8385566483"/>
</players>
</general>
<round no="0"><action no="1" player="oreiasccp" type="15" sum="5"/>
<action no="2" player="Nimaaaa" type="15" discard="1" dealt="1" sum="5"/>
<action no="3" player="Freya761" type="15" discard="1" dealt="1" sum="5"/>
<action no="4" player="oreiasccp" type="1" sum="20"/>
<action no="5" player="Nimaaaa" type="2" discard="1" dealt="1" sum="40"/>
</round>
<round no="1"><cards type="Pocket" player="Nimaaaa">X X</cards>
<cards type="Pocket" player="oreiasccp">H6 C9</cards>
<cards type="Pocket" player="Freya761">X X</cards>
<action no="6" player="Freya761" type="0" discard="1" dealt="1" sum="0"/>
<action no="7" player="oreiasccp" type="0" sum="0"/>
</round>
</game>
<game gamecode="11517000630"><general><startdate>2025-06-17 12:38:45</startdate>
<round>1</round>
<failsafecounter/>
<players><player seat="10" name="Freya761" chips="610" dealer="0" win="0" bet="45" muck="1" rebuy="0" addon="0" merge="0" rebuychips="0" reg_code="8385566584"/>
<player seat="3" name="oreiasccp" chips="174" dealer="1" win="115" bet="174" muck="1" rebuy="0" addon="0" merge="0" rebuychips="0" reg_code="8385566483"/>
<player seat="6" name="Nimaaaa" chips="716" dealer="0" win="0" bet="25" muck="1" rebuy="0" addon="0" merge="0" rebuychips="0" reg_code="8385566521"/>
</players>
</general>
<round no="0"><action no="1" player="Nimaaaa" type="15" discard="1" dealt="1" sum="5"/>
<action no="2" player="Freya761" type="15" discard="1" dealt="1" sum="5"/>
<action no="3" player="oreiasccp" type="15" sum="5"/>
<action no="4" player="Nimaaaa" type="1" discard="1" dealt="1" sum="20"/>
<action no="5" player="Freya761" type="2" discard="1" dealt="1" sum="40"/>
</round>
<round no="1"><cards type="Pocket" player="Freya761">X X</cards>
<cards type="Pocket" player="Nimaaaa">X X</cards>
<cards type="Pocket" player="oreiasccp">HA C2</cards>
<action no="6" player="oreiasccp" type="23" sum="169"/>
<action no="7" player="Nimaaaa" type="0" discard="1" dealt="1" sum="0"/>
<action no="8" player="Freya761" type="0" discard="1" dealt="1" sum="0"/>
</round>
</game>
<game gamecode="11517000677"><general><startdate>2025-06-17 12:38:55</startdate>
<round>1</round>
<failsafecounter/>
<players><player seat="3" name="oreiasccp" chips="244" dealer="0" win="246" bet="244" muck="0" rebuy="0" addon="0" merge="0" rebuychips="0" reg_code="8385566483"/>
<player seat="6" name="Nimaaaa" chips="691" dealer="1" win="0" bet="5" muck="1" rebuy="0" addon="0" merge="0" rebuychips="0" reg_code="8385566521"/>
<player seat="10" name="Freya761" chips="565" dealer="0" win="247" bet="565" muck="0" rebuy="0" addon="0" merge="0" rebuychips="0" reg_code="8385566584"/>
</players>
</general>
<round no="0"><action no="1" player="Freya761" type="15" discard="1" dealt="1" sum="5"/>
<action no="2" player="oreiasccp" type="15" sum="5"/>
<action no="3" player="Nimaaaa" type="15" discard="1" dealt="1" sum="5"/>
<action no="4" player="Freya761" type="1" discard="1" dealt="1" sum="20"/>
<action no="5" player="oreiasccp" type="2" sum="40"/>
</round>
<round no="1"><cards type="Pocket" player="Nimaaaa">X X</cards>
<cards type="Pocket" player="oreiasccp">S6 CK</cards>
<cards type="Pocket" player="Freya761">H4 H6</cards>
<action no="6" player="Nimaaaa" type="0" discard="1" dealt="1" sum="0"/>
<action no="7" player="Freya761" type="23" discard="1" dealt="1" sum="560"/>
<action no="8" player="oreiasccp" type="7" sum="199"/>
</round>
<round no="2"><cards type="Flop">CQ DA C6</cards>
</round>
<round no="3"><cards type="Turn">DQ</cards>
</round>
<round no="4"><cards type="River">H8</cards>
</round>
</game>
<game gamecode="11517000752"><general><startdate>2025-06-17 12:39:16</startdate>
<round>1</round>
<failsafecounter/>
<players><player seat="6" name="Nimaaaa" chips="686" dealer="0" win="0" bet="246" muck="1" rebuy="0" addon="0" merge="0" rebuychips="0" reg_code="8385566521"/>
<player seat="10" name="Freya761" chips="568" dealer="1" win="0" bet="5" muck="1" rebuy="0" addon="0" merge="0" rebuychips="0" reg_code="8385566584"/>
<player seat="3" name="oreiasccp" chips="246" dealer="0" win="497" bet="246" muck="0" rebuy="0" addon="0" merge="0" rebuychips="0" reg_code="8385566483"/>
</players>
</general>
<round no="0"><action no="1" player="oreiasccp" type="15" sum="5"/>
<action no="2" player="Nimaaaa" type="15" discard="1" dealt="1" sum="5"/>
<action no="3" player="Freya761" type="15" discard="1" dealt="1" sum="5"/>
<action no="4" player="oreiasccp" type="1" sum="20"/>
<action no="5" player="Nimaaaa" type="2" discard="1" dealt="1" sum="40"/>
</round>
<round no="1"><cards type="Pocket" player="Nimaaaa">C3 H3</cards>
<cards type="Pocket" player="Freya761">X X</cards>
<cards type="Pocket" player="oreiasccp">D2 CK</cards>
<action no="6" player="Freya761" type="0" discard="1" dealt="1" sum="0"/>
<action no="7" player="oreiasccp" type="23" sum="241"/>
<action no="8" player="Nimaaaa" type="3" discard="1" dealt="1" sum="201"/>
</round>
<round no="2"><cards type="Flop">H5 DK SQ</cards>
</round>
<round no="3"><cards type="Turn">C2</cards>
</round>
<round no="4"><cards type="River">D7</cards>
</round>
</game>
<game gamecode="11517000885"><general><startdate>2025-06-17 12:39:45</startdate>
<round>1</round>
<failsafecounter/>
<players><player seat="10" name="Freya761" chips="563" dealer="0" win="0" bet="45" muck="1" rebuy="0" addon="0" merge="0" rebuychips="0" reg_code="8385566584"/>
<player seat="3" name="oreiasccp" chips="497" dealer="1" win="115" bet="497" muck="1" rebuy="0" addon="0" merge="0" rebuychips="0" reg_code="8385566483"/>
<player seat="6" name="Nimaaaa" chips="440" dealer="0" win="0" bet="25" muck="1" rebuy="0" addon="0" merge="0" rebuychips="0" reg_code="8385566521"/>
</players>
</general>
<round no="0"><action no="1" player="Nimaaaa" type="15" discard="1" dealt="1" sum="5"/>
<action no="2" player="Freya761" type="15" discard="1" dealt="1" sum="5"/>
<action no="3" player="oreiasccp" type="15" sum="5"/>
<action no="4" player="Nimaaaa" type="1" discard="1" dealt="1" sum="20"/>
<action no="5" player="Freya761" type="2" discard="1" dealt="1" sum="40"/>
</round>
<round no="1"><cards type="Pocket" player="oreiasccp">HA H10</cards>
<cards type="Pocket" player="Freya761">X X</cards>
<cards type="Pocket" player="Nimaaaa">X X</cards>
<action no="6" player="oreiasccp" type="23" sum="492"/>
<action no="7" player="Nimaaaa" type="0" discard="1" dealt="1" sum="0"/>
<action no="8" player="Freya761" type="0" discard="1" dealt="1" sum="0"/>
</round>
</game>
<game gamecode="11517000981"><general><startdate>2025-06-17 12:40:05</startdate>
<round>1</round>
<failsafecounter/>
<players><player seat="3" name="oreiasccp" chips="567" dealer="0" win="0" bet="518" muck="1" rebuy="0" addon="0" merge="0" rebuychips="0" reg_code="8385566483"/>
<player seat="6" name="Nimaaaa" chips="415" dealer="1" win="0" bet="415" muck="0" rebuy="0" addon="0" merge="0" rebuychips="0" reg_code="8385566521"/>
<player seat="10" name="Freya761" chips="518" dealer="0" win="1,451" bet="518" muck="0" rebuy="0" addon="0" merge="0" rebuychips="0" reg_code="8385566584"/>
</players>
</general>
<round no="0"><action no="1" player="Freya761" type="15" discard="1" dealt="1" sum="5"/>
<action no="2" player="oreiasccp" type="15" sum="5"/>
<action no="3" player="Nimaaaa" type="15" discard="1" dealt="1" sum="5"/>
<action no="4" player="Freya761" type="1" discard="1" dealt="1" sum="20"/>
<action no="5" player="oreiasccp" type="2" sum="40"/>
</round>
<round no="1"><cards type="Pocket" player="Freya761">D6 HA</cards>
<cards type="Pocket" player="oreiasccp">S8 H8</cards>
<cards type="Pocket" player="Nimaaaa">S2 H2</cards>
<action no="6" player="Nimaaaa" type="23" discard="1" dealt="1" sum="410"/>
<action no="7" player="Freya761" type="7" discard="1" dealt="1" sum="493"/>
<action no="8" player="oreiasccp" type="3" sum="473"/>
</round>
<round no="2"><cards type="Flop">D2 SQ D8</cards>
</round>
<round no="3"><cards type="Turn">DK</cards>
</round>
<round no="4"><cards type="River">D5</cards>
</round>
</game>
<game gamecode="11517001099"><general><startdate>2025-06-17 12:40:29</startdate>
<round>1</round>
<failsafecounter/>
<players><player seat="3" name="oreiasccp" chips="49" dealer="0" win="98" bet="49" muck="0" rebuy="0" addon="0" merge="0" rebuychips="0" reg_code="8385566483"/>
<player seat="10" name="Freya761" chips="1,451" dealer="1" win="0" bet="49" muck="1" rebuy="0" addon="0" merge="0" rebuychips="0" reg_code="8385566584"/>
</players>
</general>
<round no="0"><action no="1" player="Freya761" type="15" discard="1" dealt="1" sum="5"/>
<action no="2" player="oreiasccp" type="15" sum="5"/>
<action no="3" player="Freya761" type="1" discard="1" dealt="1" sum="30"/>
<action no="4" player="oreiasccp" type="2" sum="44"/>
</round>
<round no="1"><cards type="Pocket" player="Freya761">D6 D3</cards>
<cards type="Pocket" player="oreiasccp">H4 HA</cards>
<action no="5" player="Freya761" type="3" discard="1" dealt="1" sum="14"/>
</round>
<round no="2"><cards type="Flop">DK S8 D5</cards>
</round>
<round no="3"><cards type="Turn">H10</cards>
</round>
<round no="4"><cards type="River">S9</cards>
</round>
</game>
<game gamecode="11517001163"><general><startdate>2025-06-17 12:40:43</startdate>
<round>1</round>
<failsafecounter/>
<players><player seat="10" name="Freya761" chips="1,402" dealer="0" win="70" bet="65" muck="1" rebuy="0" addon="0" merge="0" rebuychips="0" reg_code="8385566584"/>
<player seat="3" name="oreiasccp" chips="98" dealer="1" win="0" bet="35" muck="1" rebuy="0" addon="0" merge="0" rebuychips="0" reg_code="8385566483"/>
</players>
</general>
<round no="0"><action no="1" player="oreiasccp" type="15" sum="5"/>
<action no="2" player="Freya761" type="15" discard="1" dealt="1" sum="5"/>
<action no="3" player="oreiasccp" type="1" sum="30"/>
<action no="4" player="Freya761" type="2" discard="1" dealt="1" sum="60"/>
</round>
<round no="1"><cards type="Pocket" player="Freya761">X X</cards>
<cards type="Pocket" player="oreiasccp">H2 C5</cards>
<action no="5" player="oreiasccp" type="0" sum="0"/>
</round>
</game>
<game gamecode="11517001193"><general><startdate>2025-06-17 12:40:48</startdate>
<round>1</round>
<failsafecounter/>
<players><player seat="3" name="oreiasccp" chips="63" dealer="0" win="126" bet="63" muck="0" rebuy="0" addon="0" merge="0" rebuychips="0" reg_code="8385566483"/>
<player seat="10" name="Freya761" chips="1,437" dealer="1" win="0" bet="63" muck="1" rebuy="0" addon="0" merge="0" rebuychips="0" reg_code="8385566584"/>
</players>
</general>
<round no="0"><action no="1" player="Freya761" type="15" discard="1" dealt="1" sum="5"/>
<action no="2" player="oreiasccp" type="15" sum="5"/>
<action no="3" player="Freya761" type="1" discard="1" dealt="1" sum="30"/>
<action no="4" player="oreiasccp" type="2" sum="58"/>
</round>
<round no="1"><cards type="Pocket" player="Freya761">H6 HK</cards>
<cards type="Pocket" player="oreiasccp">CJ SA</cards>
<action no="5" player="Freya761" type="3" discard="1" dealt="1" sum="28"/>
</round>
<round no="2"><cards type="Flop">D8 D4 H8</cards>
</round>
<round no="3"><cards type="Turn">D9</cards>
</round>
<round no="4"><cards type="River">SJ</cards>
</round>
</game>
<game gamecode="11517001261"><general><startdate>2025-06-17 12:41:02</startdate>
<round>1</round>
<failsafecounter/>
<players><player seat="10" name="Freya761" chips="1,374" dealer="0" win="70" bet="65" muck="1" rebuy="0" addon="0" merge="0" rebuychips="0" reg_code="8385566584"/>
<player seat="3" name="oreiasccp" chips="126" dealer="1" win="0" bet="35" muck="1" rebuy="0" addon="0" merge="0" rebuychips="0" reg_code="8385566483"/>
</players>
</general>
<round no="0"><action no="1" player="oreiasccp" type="15" sum="5"/>
<action no="2" player="Freya761" type="15" discard="1" dealt="1" sum="5"/>
<action no="3" player="oreiasccp" type="1" sum="30"/>
<action no="4" player="Freya761" type="2" discard="1" dealt="1" sum="60"/>
</round>
<round no="1"><cards type="Pocket" player="Freya761">X X</cards>
<cards type="Pocket" player="oreiasccp">S4 H9</cards>
<action no="5" player="oreiasccp" type="0" sum="0"/>
</round>
</game>
<game gamecode="11517001286"><general><startdate>2025-06-17 12:41:07</startdate>
<round>1</round>
<failsafecounter/>
<players><player seat="3" name="oreiasccp" chips="91" dealer="0" win="0" bet="91" muck="0" rebuy="0" addon="0" merge="0" rebuychips="0" reg_code="8385566483"/>
<player seat="10" name="Freya761" chips="1,409" dealer="1" win="182" bet="1,409" muck="0" rebuy="0" addon="0" merge="0" rebuychips="0" reg_code="8385566584"/>
</players>
</general>
<round no="0"><action no="1" player="Freya761" type="15" discard="1" dealt="1" sum="5"/>
<action no="2" player="oreiasccp" type="15" sum="5"/>
<action no="3" player="Freya761" type="1" discard="1" dealt="1" sum="30"/>
<action no="4" player="oreiasccp" type="2" sum="60"/>
</round>
<round no="1"><cards type="Pocket" player="oreiasccp">HJ H10</cards>
<cards type="Pocket" player="Freya761">DK HQ</cards>
<action no="5" player="Freya761" type="23" discard="1" dealt="1" sum="1,404"/>
<action no="6" player="oreiasccp" type="7" sum="26"/>
</round>
<round no="2"><cards type="Flop">D3 D7 SA</cards>
</round>
<round no="3"><cards type="Turn">S3</cards>
</round>
<round no="4"><cards type="River">S5</cards>
</round>
</game>
</session>
