<?xml version="1.0" encoding="UTF-8"?>
<session sessioncode="8385525085">
<general>
<client_version>24.7.1.16</client_version>
<mode>real</mode>
<gametype>Holdem NL</gametype>
<tablename>Twister €5 SNG, 1127667462</tablename>
<tournamentcode>1127667461</tournamentcode>
<tournamentname>Twister €5 SNG</tournamentname>
<buyin>€0 + €0.35 + €4.65</buyin>
<totalbuyin>€5</totalbuyin>
<rewarddrawn>€10</rewarddrawn>
<tournamentcurrency>EUR</tournamentcurrency>
<currency>EUR</currency>
<nickname>oreiasccp</nickname>
<gamecount>34</gamecount>
<startdate>2025-06-17 10:35:48</startdate>
<place>1</place>
<win>€10</win>
<tablesize>3</tablesize>
</general>
<game gamecode="11516881562"><general><startdate>2025-06-17 10:36:03</startdate>
<round>1</round>
<failsafecounter/>
<players><player seat="10" name="9699478116003799" chips="500" dealer="0" win="130" bet="160" muck="1" rebuy="0" addon="0" merge="0" rebuychips="0" reg_code="8385525105"/>
<player seat="3" name="Tahi0n" chips="500" dealer="1" win="0" bet="60" muck="1" rebuy="0" addon="0" merge="0" rebuychips="0" reg_code="8385524995"/>
<player seat="6" name="oreiasccp" chips="500" dealer="0" win="0" bet="10" muck="1" rebuy="0" addon="0" merge="0" rebuychips="0" reg_code="8385525085"/>
</players>
</general>
<round no="0"><action no="1" player="oreiasccp" type="1" sum="10"/>
<action no="2" player="9699478116003799" type="2" discard="1" dealt="1" sum="20"/>
</round>
<round no="1"><cards type="Pocket" player="9699478116003799">X X</cards>
<cards type="Pocket" player="Tahi0n">X X</cards>
<cards type="Pocket" player="oreiasccp">C9 H7</cards>
<action no="3" player="Tahi0n" type="23" discard="1" dealt="1" sum="40"/>
<action no="4" player="oreiasccp" type="0" sum="0"/>
<action no="5" player="9699478116003799" type="3" discard="1" dealt="1" sum="20"/>
</round>
<round no="2"><cards type="Flop">CA CQ D2</cards>
<action no="6" player="9699478116003799" type="4" discard="1" dealt="1" sum="0"/>
<action no="7" player="Tahi0n" type="5" discard="1" dealt="1" sum="20"/>
<action no="8" player="9699478116003799" type="3" discard="1" dealt="1" sum="20"/>
</round>
<round no="3"><cards type="Turn">HQ</cards>
<action no="9" player="9699478116003799" type="4" discard="1" dealt="1" sum="0"/>
<action no="10" player="Tahi0n" type="4" discard="1" dealt="1" sum="0"/>
</round>
<round no="4"><cards type="River">S5</cards>
<action no="11" player="9699478116003799" type="5" discard="1" dealt="1" sum="100"/>
<action no="12" player="Tahi0n" type="0" discard="1" dealt="1" sum="0"/>
</round>
</game>
<game gamecode="11516881686"><general><startdate>2025-06-17 10:36:30</startdate>
<round>1</round>
<failsafecounter/>
<players><player seat="3" name="Tahi0n" chips="440" dealer="0" win="0" bet="20" muck="1" rebuy="0" addon="0" merge="0" rebuychips="0" reg_code="8385524995"/>
<player seat="6" name="oreiasccp" chips="490" dealer="1" win="100" bet="40" muck="0" rebuy="0" addon="0" merge="0" rebuychips="0" reg_code="8385525085"/>
<player seat="10" name="9699478116003799" chips="570" dealer="0" win="0" bet="40" muck="1" rebuy="0" addon="0" merge="0" rebuychips="0" reg_code="8385525105"/>
</players>
</general>
<round no="0"><action no="1" player="9699478116003799" type="1" discard="1" dealt="1" sum="10"/>
<action no="2" player="Tahi0n" type="2" discard="1" dealt="1" sum="20"/>
</round>
<round no="1"><cards type="Pocket" player="oreiasccp">S8 HA</cards>
<cards type="Pocket" player="9699478116003799">D3 CA</cards>
<cards type="Pocket" player="Tahi0n">X X</cards>
<action no="3" player="oreiasccp" type="23" sum="40"/>
<action no="4" player="9699478116003799" type="3" discard="1" dealt="1" sum="30"/>
<action no="5" player="Tahi0n" type="0" discard="1" dealt="1" sum="0"/>
</round>
<round no="2"><cards type="Flop">H10 C10 CQ</cards>
<action no="6" player="9699478116003799" type="4" discard="1" dealt="1" sum="0"/>
<action no="7" player="oreiasccp" type="4" sum="0"/>
</round>
<round no="3"><cards type="Turn">C6</cards>
<action no="8" player="9699478116003799" type="4" discard="1" dealt="1" sum="0"/>
<action no="9" player="oreiasccp" type="4" sum="0"/>
</round>
<round no="4"><cards type="River">S2</cards>
<action no="10" player="9699478116003799" type="4" discard="1" dealt="1" sum="0"/>
<action no="11" player="oreiasccp" type="4" sum="0"/>
</round>
</game>
<game gamecode="11516881858"><general><startdate>2025-06-17 10:37:12</startdate>
<round>1</round>
<failsafecounter/>
<players><player seat="6" name="oreiasccp" chips="550" dealer="0" win="1,070" bet="530" muck="0" rebuy="0" addon="0" merge="0" rebuychips="0" reg_code="8385525085"/>
<player seat="10" name="9699478116003799" chips="530" dealer="1" win="0" bet="530" muck="0" rebuy="0" addon="0" merge="0" rebuychips="0" reg_code="8385525105"/>
<player seat="3" name="Tahi0n" chips="420" dealer="0" win="0" bet="10" muck="1" rebuy="0" addon="0" merge="0" rebuychips="0" reg_code="8385524995"/>
</players>
</general>
<round no="0"><action no="1" player="Tahi0n" type="1" discard="1" dealt="1" sum="10"/>
<action no="2" player="oreiasccp" type="2" sum="20"/>
</round>
<round no="1"><cards type="Pocket" player="Tahi0n">X X</cards>
<cards type="Pocket" player="oreiasccp">SQ DQ</cards>
<cards type="Pocket" player="9699478116003799">HA CA</cards>
<action no="3" player="9699478116003799" type="23" discard="1" dealt="1" sum="60"/>
<action no="4" player="Tahi0n" type="0" discard="1" dealt="1" sum="0"/>
<action no="5" player="oreiasccp" type="23" sum="160"/>
<action no="6" player="9699478116003799" type="23" discard="1" dealt="1" sum="530"/>
<action no="7" player="oreiasccp" type="3" sum="370"/>
</round>
<round no="2"><cards type="Flop">H5 H2 S3</cards>
</round>
<round no="3"><cards type="Turn">D6</cards>
</round>
<round no="4"><cards type="River">HQ</cards>
</round>
</game>
<game gamecode="11516881980"><general><startdate>2025-06-17 10:37:41</startdate>
<round>1</round>
<failsafecounter/>
<players><player seat="6" name="oreiasccp" chips="1,090" dealer="0" win="0" bet="50" muck="1" rebuy="0" addon="0" merge="0" rebuychips="0" reg_code="8385525085"/>
<player seat="3" name="Tahi0n" chips="410" dealer="1" win="100" bet="50" muck="0" rebuy="0" addon="0" merge="0" rebuychips="0" reg_code="8385524995"/>
</players>
</general>
<round no="0"><action no="1" player="Tahi0n" type="1" discard="1" dealt="1" sum="10"/>
<action no="2" player="oreiasccp" type="2" sum="20"/>
</round>
<round no="1"><cards type="Pocket" player="oreiasccp">D7 DK</cards>
<cards type="Pocket" player="Tahi0n">HJ S3</cards>
<action no="3" player="Tahi0n" type="3" discard="1" dealt="1" sum="10"/>
<action no="4" player="oreiasccp" type="4" sum="0"/>
</round>
<round no="2"><cards type="Flop">HA SJ D4</cards>
<action no="5" player="oreiasccp" type="4" sum="0"/>
<action no="6" player="Tahi0n" type="4" discard="1" dealt="1" sum="0"/>
</round>
<round no="3"><cards type="Turn">C4</cards>
<action no="7" player="oreiasccp" type="4" sum="0"/>
<action no="8" player="Tahi0n" type="4" discard="1" dealt="1" sum="0"/>
</round>
<round no="4"><cards type="River">CJ</cards>
<action no="9" player="oreiasccp" type="4" sum="0"/>
<action no="10" player="Tahi0n" type="5" discard="1" dealt="1" sum="30"/>
<action no="11" player="oreiasccp" type="3" sum="30"/>
</round>
</game>
<game gamecode="11516887567"><general><startdate>2025-06-17 10:38:06</startdate>
<round>1</round>
<failsafecounter/>
<players><player seat="3" name="Tahi0n" chips="460" dealer="0" win="0" bet="35" muck="1" rebuy="0" addon="0" merge="0" rebuychips="0" reg_code="8385524995"/>
<player seat="6" name="oreiasccp" chips="1,040" dealer="1" win="70" bet="460" muck="1" rebuy="0" addon="0" merge="0" rebuychips="0" reg_code="8385525085"/>
</players>
</general>
<round no="0"><action no="1" player="oreiasccp" type="15" sum="5"/>
<action no="2" player="Tahi0n" type="15" discard="1" dealt="1" sum="5"/>
<action no="3" player="oreiasccp" type="1" sum="15"/>
<action no="4" player="Tahi0n" type="2" discard="1" dealt="1" sum="30"/>
</round>
<round no="1"><cards type="Pocket" player="oreiasccp">S5 CA</cards>
<cards type="Pocket" player="Tahi0n">X X</cards>
<action no="5" player="oreiasccp" type="23" sum="455"/>
<action no="6" player="Tahi0n" type="0" discard="1" dealt="1" sum="0"/>
</round>
</game>
<game gamecode="11516887614"><general><startdate>2025-06-17 10:38:16</startdate>
<round>1</round>
<failsafecounter/>
<players><player seat="6" name="oreiasccp" chips="1,075" dealer="0" win="0" bet="425" muck="1" rebuy="0" addon="0" merge="0" rebuychips="0" reg_code="8385525085"/>
<player seat="3" name="Tahi0n" chips="425" dealer="1" win="850" bet="425" muck="0" rebuy="0" addon="0" merge="0" rebuychips="0" reg_code="8385524995"/>
</players>
</general>
<round no="0"><action no="1" player="Tahi0n" type="15" discard="1" dealt="1" sum="5"/>
<action no="2" player="oreiasccp" type="15" sum="5"/>
<action no="3" player="Tahi0n" type="1" discard="1" dealt="1" sum="15"/>
<action no="4" player="oreiasccp" type="2" sum="30"/>
</round>
<round no="1"><cards type="Pocket" player="oreiasccp">D2 D3</cards>
<cards type="Pocket" player="Tahi0n">D7 DA</cards>
<action no="5" player="Tahi0n" type="3" discard="1" dealt="1" sum="15"/>
<action no="6" player="oreiasccp" type="4" sum="0"/>
</round>
<round no="2"><cards type="Flop">H2 S5 DQ</cards>
<action no="7" player="oreiasccp" type="4" sum="0"/>
<action no="8" player="Tahi0n" type="5" discard="1" dealt="1" sum="30"/>
<action no="9" player="oreiasccp" type="3" sum="30"/>
</round>
<round no="3"><cards type="Turn">D8</cards>
<action no="10" player="oreiasccp" type="4" sum="0"/>
<action no="11" player="Tahi0n" type="5" discard="1" dealt="1" sum="65"/>
<action no="12" player="oreiasccp" type="3" sum="65"/>
</round>
<round no="4"><cards type="River">D9</cards>
<action no="13" player="oreiasccp" type="4" sum="0"/>
<action no="14" player="Tahi0n" type="5" discard="1" dealt="1" sum="295"/>
<action no="15" player="oreiasccp" type="3" sum="295"/>
</round>
</game>
<game gamecode="11516887736"><general><startdate>2025-06-17 10:38:45</startdate>
<round>1</round>
<failsafecounter/>
<players><player seat="3" name="Tahi0n" chips="850" dealer="0" win="0" bet="35" muck="1" rebuy="0" addon="0" merge="0" rebuychips="0" reg_code="8385524995"/>
<player seat="6" name="oreiasccp" chips="650" dealer="1" win="70" bet="65" muck="1" rebuy="0" addon="0" merge="0" rebuychips="0" reg_code="8385525085"/>
</players>
</general>
<round no="0"><action no="1" player="oreiasccp" type="15" sum="5"/>
<action no="2" player="Tahi0n" type="15" discard="1" dealt="1" sum="5"/>
<action no="3" player="oreiasccp" type="1" sum="15"/>
<action no="4" player="Tahi0n" type="2" discard="1" dealt="1" sum="30"/>
</round>
<round no="1"><cards type="Pocket" player="Tahi0n">X X</cards>
<cards type="Pocket" player="oreiasccp">S3 H10</cards>
<action no="5" player="oreiasccp" type="3" sum="15"/>
<action no="6" player="Tahi0n" type="4" discard="1" dealt="1" sum="0"/>
</round>
<round no="2"><cards type="Flop">D6 HA S8</cards>
<action no="7" player="Tahi0n" type="4" discard="1" dealt="1" sum="0"/>
<action no="8" player="oreiasccp" type="5" sum="30"/>
<action no="9" player="Tahi0n" type="0" discard="1" dealt="1" sum="0"/>
</round>
</game>
<game gamecode="11516887812"><general><startdate>2025-06-17 10:39:02</startdate>
<round>1</round>
<failsafecounter/>
<players><player seat="6" name="oreiasccp" chips="685" dealer="0" win="70" bet="110" muck="1" rebuy="0" addon="0" merge="0" rebuychips="0" reg_code="8385525085"/>
<player seat="3" name="Tahi0n" chips="815" dealer="1" win="0" bet="35" muck="1" rebuy="0" addon="0" merge="0" rebuychips="0" reg_code="8385524995"/>
</players>
</general>
<round no="0"><action no="1" player="Tahi0n" type="15" discard="1" dealt="1" sum="5"/>
<action no="2" player="oreiasccp" type="15" sum="5"/>
<action no="3" player="Tahi0n" type="1" discard="1" dealt="1" sum="15"/>
<action no="4" player="oreiasccp" type="2" sum="30"/>
</round>
<round no="1"><cards type="Pocket" player="Tahi0n">X X</cards>
<cards type="Pocket" player="oreiasccp">SA S9</cards>
<action no="5" player="Tahi0n" type="3" discard="1" dealt="1" sum="15"/>
<action no="6" player="oreiasccp" type="23" sum="105"/>
<action no="7" player="Tahi0n" type="0" discard="1" dealt="1" sum="0"/>
</round>
</game>
<game gamecode="11516887894"><general><startdate>2025-06-17 10:39:21</startdate>
<round>1</round>
<failsafecounter/>
<players><player seat="3" name="Tahi0n" chips="780" dealer="0" win="190" bet="237" muck="1" rebuy="0" addon="0" merge="0" rebuychips="0" reg_code="8385524995"/>
<player seat="6" name="oreiasccp" chips="720" dealer="1" win="0" bet="95" muck="1" rebuy="0" addon="0" merge="0" rebuychips="0" reg_code="8385525085"/>
</players>
</general>
<round no="0"><action no="1" player="oreiasccp" type="15" sum="5"/>
<action no="2" player="Tahi0n" type="15" discard="1" dealt="1" sum="5"/>
<action no="3" player="oreiasccp" type="1" sum="15"/>
<action no="4" player="Tahi0n" type="2" discard="1" dealt="1" sum="30"/>
</round>
<round no="1"><cards type="Pocket" player="Tahi0n">X X</cards>
<cards type="Pocket" player="oreiasccp">S9 S3</cards>
<action no="5" player="oreiasccp" type="23" sum="60"/>
<action no="6" player="Tahi0n" type="3" discard="1" dealt="1" sum="30"/>
</round>
<round no="2"><cards type="Flop">CK D8 C5</cards>
<action no="7" player="Tahi0n" type="4" discard="1" dealt="1" sum="0"/>
<action no="8" player="oreiasccp" type="5" sum="30"/>
<action no="9" player="Tahi0n" type="3" discard="1" dealt="1" sum="30"/>
</round>
<round no="3"><cards type="Turn">D7</cards>
<action no="10" player="Tahi0n" type="5" discard="1" dealt="1" sum="142"/>
<action no="11" player="oreiasccp" type="0" sum="0"/>
</round>
</game>
<game gamecode="11516888009"><general><startdate>2025-06-17 10:39:51</startdate>
<round>1</round>
<failsafecounter/>
<players><player seat="6" name="oreiasccp" chips="625" dealer="0" win="0" bet="35" muck="1" rebuy="0" addon="0" merge="0" rebuychips="0" reg_code="8385525085"/>
<player seat="3" name="Tahi0n" chips="875" dealer="1" win="70" bet="65" muck="1" rebuy="0" addon="0" merge="0" rebuychips="0" reg_code="8385524995"/>
</players>
</general>
<round no="0"><action no="1" player="Tahi0n" type="15" discard="1" dealt="1" sum="5"/>
<action no="2" player="oreiasccp" type="15" sum="5"/>
<action no="3" player="Tahi0n" type="1" discard="1" dealt="1" sum="15"/>
<action no="4" player="oreiasccp" type="2" sum="30"/>
</round>
<round no="1"><cards type="Pocket" player="Tahi0n">X X</cards>
<cards type="Pocket" player="oreiasccp">HJ S5</cards>
<action no="5" player="Tahi0n" type="3" discard="1" dealt="1" sum="15"/>
<action no="6" player="oreiasccp" type="4" sum="0"/>
</round>
<round no="2"><cards type="Flop">C2 D2 S10</cards>
<action no="7" player="oreiasccp" type="4" sum="0"/>
<action no="8" player="Tahi0n" type="5" discard="1" dealt="1" sum="30"/>
<action no="9" player="oreiasccp" type="0" sum="0"/>
</round>
</game>
<game gamecode="11516888067"><general><startdate>2025-06-17 10:40:03</startdate>
<round>1</round>
<failsafecounter/>
<players><player seat="3" name="Tahi0n" chips="910" dealer="0" win="0" bet="45" muck="1" rebuy="0" addon="0" merge="0" rebuychips="0" reg_code="8385524995"/>
<player seat="6" name="oreiasccp" chips="590" dealer="1" win="90" bet="245" muck="1" rebuy="0" addon="0" merge="0" rebuychips="0" reg_code="8385525085"/>
</players>
</general>
<round no="0"><action no="1" player="oreiasccp" type="15" sum="5"/>
<action no="2" player="Tahi0n" type="15" discard="1" dealt="1" sum="5"/>
<action no="3" player="oreiasccp" type="1" sum="20"/>
<action no="4" player="Tahi0n" type="2" discard="1" dealt="1" sum="40"/>
</round>
<round no="1"><cards type="Pocket" player="oreiasccp">HQ S4</cards>
<cards type="Pocket" player="Tahi0n">X X</cards>
<action no="5" player="oreiasccp" type="3" sum="20"/>
<action no="6" player="Tahi0n" type="4" discard="1" dealt="1" sum="0"/>
</round>
<round no="2"><cards type="Flop">D7 C8 D10</cards>
<action no="7" player="Tahi0n" type="4" discard="1" dealt="1" sum="0"/>
<action no="8" player="oreiasccp" type="4" sum="0"/>
</round>
<round no="3"><cards type="Turn">D9</cards>
<action no="9" player="Tahi0n" type="4" discard="1" dealt="1" sum="0"/>
<action no="10" player="oreiasccp" type="4" sum="0"/>
</round>
<round no="4"><cards type="River">S6</cards>
<action no="11" player="Tahi0n" type="4" discard="1" dealt="1" sum="0"/>
<action no="12" player="oreiasccp" type="5" sum="200"/>
<action no="13" player="Tahi0n" type="0" discard="1" dealt="1" sum="0"/>
</round>
</game>
<game gamecode="11516888196"><general><startdate>2025-06-17 10:40:34</startdate>
<round>1</round>
<failsafecounter/>
<players><player seat="6" name="oreiasccp" chips="635" dealer="0" win="0" bet="45" muck="1" rebuy="0" addon="0" merge="0" rebuychips="0" reg_code="8385525085"/>
<player seat="3" name="Tahi0n" chips="865" dealer="1" win="90" bet="85" muck="1" rebuy="0" addon="0" merge="0" rebuychips="0" reg_code="8385524995"/>
</players>
</general>
<round no="0"><action no="1" player="Tahi0n" type="15" discard="1" dealt="1" sum="5"/>
<action no="2" player="oreiasccp" type="15" sum="5"/>
<action no="3" player="Tahi0n" type="1" discard="1" dealt="1" sum="20"/>
<action no="4" player="oreiasccp" type="2" sum="40"/>
</round>
<round no="1"><cards type="Pocket" player="Tahi0n">X X</cards>
<cards type="Pocket" player="oreiasccp">SK S6</cards>
<action no="5" player="Tahi0n" type="3" discard="1" dealt="1" sum="20"/>
<action no="6" player="oreiasccp" type="4" sum="0"/>
</round>
<round no="2"><cards type="Flop">DA D4 C7</cards>
<action no="7" player="oreiasccp" type="4" sum="0"/>
<action no="8" player="Tahi0n" type="5" discard="1" dealt="1" sum="40"/>
<action no="9" player="oreiasccp" type="0" sum="0"/>
</round>
</game>
<game gamecode="11516888245"><general><startdate>2025-06-17 10:40:45</startdate>
<round>1</round>
<failsafecounter/>
<players><player seat="3" name="Tahi0n" chips="910" dealer="0" win="0" bet="318" muck="1" rebuy="0" addon="0" merge="0" rebuychips="0" reg_code="8385524995"/>
<player seat="6" name="oreiasccp" chips="590" dealer="1" win="636" bet="318" muck="0" rebuy="0" addon="0" merge="0" rebuychips="0" reg_code="8385525085"/>
</players>
</general>
<round no="0"><action no="1" player="oreiasccp" type="15" sum="5"/>
<action no="2" player="Tahi0n" type="15" discard="1" dealt="1" sum="5"/>
<action no="3" player="oreiasccp" type="1" sum="20"/>
<action no="4" player="Tahi0n" type="2" discard="1" dealt="1" sum="40"/>
</round>
<round no="1"><cards type="Pocket" player="oreiasccp">S8 HJ</cards>
<cards type="Pocket" player="Tahi0n">D3 CK</cards>
<action no="5" player="oreiasccp" type="23" sum="80"/>
<action no="6" player="Tahi0n" type="3" discard="1" dealt="1" sum="40"/>
</round>
<round no="2"><cards type="Flop">S3 CJ D5</cards>
<action no="7" player="Tahi0n" type="4" discard="1" dealt="1" sum="0"/>
<action no="8" player="oreiasccp" type="5" sum="40"/>
<action no="9" player="Tahi0n" type="23" discard="1" dealt="1" sum="100"/>
<action no="10" player="oreiasccp" type="3" sum="60"/>
</round>
<round no="3"><cards type="Turn">CQ</cards>
<action no="11" player="Tahi0n" type="4" discard="1" dealt="1" sum="0"/>
<action no="12" player="oreiasccp" type="4" sum="0"/>
</round>
<round no="4"><cards type="River">H2</cards>
<action no="13" player="Tahi0n" type="4" discard="1" dealt="1" sum="0"/>
<action no="14" player="oreiasccp" type="5" sum="133"/>
<action no="15" player="Tahi0n" type="3" discard="1" dealt="1" sum="133"/>
</round>
</game>
<game gamecode="11516888385"><general><startdate>2025-06-17 10:41:18</startdate>
<round>1</round>
<failsafecounter/>
<players><player seat="6" name="oreiasccp" chips="908" dealer="0" win="0" bet="45" muck="1" rebuy="0" addon="0" merge="0" rebuychips="0" reg_code="8385525085"/>
<player seat="3" name="Tahi0n" chips="592" dealer="1" win="90" bet="85" muck="1" rebuy="0" addon="0" merge="0" rebuychips="0" reg_code="8385524995"/>
</players>
</general>
<round no="0"><action no="1" player="Tahi0n" type="15" discard="1" dealt="1" sum="5"/>
<action no="2" player="oreiasccp" type="15" sum="5"/>
<action no="3" player="Tahi0n" type="1" discard="1" dealt="1" sum="20"/>
<action no="4" player="oreiasccp" type="2" sum="40"/>
</round>
<round no="1"><cards type="Pocket" player="oreiasccp">D4 C3</cards>
<cards type="Pocket" player="Tahi0n">X X</cards>
<action no="5" player="Tahi0n" type="23" discard="1" dealt="1" sum="80"/>
<action no="6" player="oreiasccp" type="0" sum="0"/>
</round>
</game>
<game gamecode="11516888412"><general><startdate>2025-06-17 10:41:26</startdate>
<round>1</round>
<failsafecounter/>
<players><player seat="3" name="Tahi0n" chips="637" dealer="0" win="90" bet="637" muck="1" rebuy="0" addon="0" merge="0" rebuychips="0" reg_code="8385524995"/>
<player seat="6" name="oreiasccp" chips="863" dealer="1" win="0" bet="45" muck="1" rebuy="0" addon="0" merge="0" rebuychips="0" reg_code="8385525085"/>
</players>
</general>
<round no="0"><action no="1" player="oreiasccp" type="15" sum="5"/>
<action no="2" player="Tahi0n" type="15" discard="1" dealt="1" sum="5"/>
<action no="3" player="oreiasccp" type="1" sum="20"/>
<action no="4" player="Tahi0n" type="2" discard="1" dealt="1" sum="40"/>
</round>
<round no="1"><cards type="Pocket" player="oreiasccp">DK D5</cards>
<cards type="Pocket" player="Tahi0n">X X</cards>
<action no="5" player="oreiasccp" type="3" sum="20"/>
<action no="6" player="Tahi0n" type="23" discard="1" dealt="1" sum="632"/>
<action no="7" player="oreiasccp" type="0" sum="0"/>
</round>
</game>
<game gamecode="11516888450"><general><startdate>2025-06-17 10:41:36</startdate>
<round>1</round>
<failsafecounter/>
<players><player seat="6" name="oreiasccp" chips="818" dealer="0" win="250" bet="125" muck="0" rebuy="0" addon="0" merge="0" rebuychips="0" reg_code="8385525085"/>
<player seat="3" name="Tahi0n" chips="682" dealer="1" win="0" bet="125" muck="1" rebuy="0" addon="0" merge="0" rebuychips="0" reg_code="8385524995"/>
</players>
</general>
<round no="0"><action no="1" player="Tahi0n" type="15" discard="1" dealt="1" sum="5"/>
<action no="2" player="oreiasccp" type="15" sum="5"/>
<action no="3" player="Tahi0n" type="1" discard="1" dealt="1" sum="20"/>
<action no="4" player="oreiasccp" type="2" sum="40"/>
</round>
<round no="1"><cards type="Pocket" player="oreiasccp">D7 D3</cards>
<cards type="Pocket" player="Tahi0n">CK S6</cards>
<action no="5" player="Tahi0n" type="23" discard="1" dealt="1" sum="80"/>
<action no="6" player="oreiasccp" type="3" sum="40"/>
</round>
<round no="2"><cards type="Flop">H3 SQ S4</cards>
<action no="7" player="oreiasccp" type="4" sum="0"/>
<action no="8" player="Tahi0n" type="5" discard="1" dealt="1" sum="40"/>
<action no="9" player="oreiasccp" type="3" sum="40"/>
</round>
<round no="3"><cards type="Turn">C4</cards>
<action no="10" player="oreiasccp" type="4" sum="0"/>
<action no="11" player="Tahi0n" type="4" discard="1" dealt="1" sum="0"/>
</round>
<round no="4"><cards type="River">S8</cards>
<action no="12" player="oreiasccp" type="4" sum="0"/>
<action no="13" player="Tahi0n" type="4" discard="1" dealt="1" sum="0"/>
</round>
</game>
<game gamecode="11516888588"><general><startdate>2025-06-17 10:42:09</startdate>
<round>1</round>
<failsafecounter/>
<players><player seat="3" name="Tahi0n" chips="557" dealer="0" win="70" bet="65" muck="1" rebuy="0" addon="0" merge="0" rebuychips="0" reg_code="8385524995"/>
<player seat="6" name="oreiasccp" chips="943" dealer="1" win="0" bet="35" muck="1" rebuy="0" addon="0" merge="0" rebuychips="0" reg_code="8385525085"/>
</players>
</general>
<round no="0"><action no="1" player="oreiasccp" type="15" sum="5"/>
<action no="2" player="Tahi0n" type="15" discard="1" dealt="1" sum="5"/>
<action no="3" player="oreiasccp" type="1" sum="30"/>
<action no="4" player="Tahi0n" type="2" discard="1" dealt="1" sum="60"/>
</round>
<round no="1"><cards type="Pocket" player="Tahi0n">X X</cards>
<cards type="Pocket" player="oreiasccp">H10 C4</cards>
<action no="5" player="oreiasccp" type="0" sum="0"/>
</round>
</game>
<game gamecode="11516888616"><general><startdate>2025-06-17 10:42:15</startdate>
<round>1</round>
<failsafecounter/>
<players><player seat="6" name="oreiasccp" chips="908" dealer="0" win="70" bet="65" muck="1" rebuy="0" addon="0" merge="0" rebuychips="0" reg_code="8385525085"/>
<player seat="3" name="Tahi0n" chips="592" dealer="1" win="0" bet="35" muck="1" rebuy="0" addon="0" merge="0" rebuychips="0" reg_code="8385524995"/>
</players>
</general>
<round no="0"><action no="1" player="Tahi0n" type="15" discard="1" dealt="1" sum="5"/>
<action no="2" player="oreiasccp" type="15" sum="5"/>
<action no="3" player="Tahi0n" type="1" discard="1" dealt="1" sum="30"/>
<action no="4" player="oreiasccp" type="2" sum="60"/>
</round>
<round no="1"><cards type="Pocket" player="oreiasccp">HQ DJ</cards>
<cards type="Pocket" player="Tahi0n">X X</cards>
<action no="5" player="Tahi0n" type="0" discard="1" dealt="1" sum="0"/>
</round>
</game>
<game gamecode="11516888641"><general><startdate>2025-06-17 10:42:22</startdate>
<round>1</round>
<failsafecounter/>
<players><player seat="3" name="Tahi0n" chips="557" dealer="0" win="0" bet="65" muck="1" rebuy="0" addon="0" merge="0" rebuychips="0" reg_code="8385524995"/>
<player seat="6" name="oreiasccp" chips="943" dealer="1" win="130" bet="557" muck="1" rebuy="0" addon="0" merge="0" rebuychips="0" reg_code="8385525085"/>
</players>
</general>
<round no="0"><action no="1" player="oreiasccp" type="15" sum="5"/>
<action no="2" player="Tahi0n" type="15" discard="1" dealt="1" sum="5"/>
<action no="3" player="oreiasccp" type="1" sum="30"/>
<action no="4" player="Tahi0n" type="2" discard="1" dealt="1" sum="60"/>
</round>
<round no="1"><cards type="Pocket" player="oreiasccp">D7 HK</cards>
<cards type="Pocket" player="Tahi0n">X X</cards>
<action no="5" player="oreiasccp" type="23" sum="552"/>
<action no="6" player="Tahi0n" type="0" discard="1" dealt="1" sum="0"/>
</round>
</game>
<game gamecode="11516888667"><general><startdate>2025-06-17 10:42:29</startdate>
<round>1</round>
<failsafecounter/>
<players><player seat="6" name="oreiasccp" chips="1,008" dealer="0" win="0" bet="492" muck="1" rebuy="0" addon="0" merge="0" rebuychips="0" reg_code="8385525085"/>
<player seat="3" name="Tahi0n" chips="492" dealer="1" win="984" bet="492" muck="0" rebuy="0" addon="0" merge="0" rebuychips="0" reg_code="8385524995"/>
</players>
</general>
<round no="0"><action no="1" player="Tahi0n" type="15" discard="1" dealt="1" sum="5"/>
<action no="2" player="oreiasccp" type="15" sum="5"/>
<action no="3" player="Tahi0n" type="1" discard="1" dealt="1" sum="30"/>
<action no="4" player="oreiasccp" type="2" sum="60"/>
</round>
<round no="1"><cards type="Pocket" player="oreiasccp">SK DQ</cards>
<cards type="Pocket" player="Tahi0n">D6 SA</cards>
<action no="5" player="Tahi0n" type="23" discard="1" dealt="1" sum="487"/>
<action no="6" player="oreiasccp" type="3" sum="427"/>
</round>
<round no="2"><cards type="Flop">HA S4 CJ</cards>
</round>
<round no="3"><cards type="Turn">S9</cards>
</round>
<round no="4"><cards type="River">C4</cards>
</round>
</game>
<game gamecode="11516888730"><general><startdate>2025-06-17 10:42:44</startdate>
<round>1</round>
<failsafecounter/>
<players><player seat="3" name="Tahi0n" chips="984" dealer="0" win="0" bet="65" muck="1" rebuy="0" addon="0" merge="0" rebuychips="0" reg_code="8385524995"/>
<player seat="6" name="oreiasccp" chips="516" dealer="1" win="130" bet="516" muck="1" rebuy="0" addon="0" merge="0" rebuychips="0" reg_code="8385525085"/>
</players>
</general>
<round no="0"><action no="1" player="oreiasccp" type="15" sum="5"/>
<action no="2" player="Tahi0n" type="15" discard="1" dealt="1" sum="5"/>
<action no="3" player="oreiasccp" type="1" sum="30"/>
<action no="4" player="Tahi0n" type="2" discard="1" dealt="1" sum="60"/>
</round>
<round no="1"><cards type="Pocket" player="Tahi0n">X X</cards>
<cards type="Pocket" player="oreiasccp">H4 HQ</cards>
<action no="5" player="oreiasccp" type="23" sum="511"/>
<action no="6" player="Tahi0n" type="0" discard="1" dealt="1" sum="0"/>
</round>
</game>
<game gamecode="11516888761"><general><startdate>2025-06-17 10:42:52</startdate>
<round>1</round>
<failsafecounter/>
<players><player seat="6" name="oreiasccp" chips="581" dealer="0" win="130" bet="581" muck="1" rebuy="0" addon="0" merge="0" rebuychips="0" reg_code="8385525085"/>
<player seat="3" name="Tahi0n" chips="919" dealer="1" win="0" bet="65" muck="1" rebuy="0" addon="0" merge="0" rebuychips="0" reg_code="8385524995"/>
</players>
</general>
<round no="0"><action no="1" player="Tahi0n" type="15" discard="1" dealt="1" sum="5"/>
<action no="2" player="oreiasccp" type="15" sum="5"/>
<action no="3" player="Tahi0n" type="1" discard="1" dealt="1" sum="30"/>
<action no="4" player="oreiasccp" type="2" sum="60"/>
</round>
<round no="1"><cards type="Pocket" player="Tahi0n">X X</cards>
<cards type="Pocket" player="oreiasccp">DA C2</cards>
<action no="5" player="Tahi0n" type="3" discard="1" dealt="1" sum="30"/>
<action no="6" player="oreiasccp" type="23" sum="576"/>
<action no="7" player="Tahi0n" type="0" discard="1" dealt="1" sum="0"/>
</round>
</game>
<game gamecode="11516888798"><general><startdate>2025-06-17 10:43:02</startdate>
<round>1</round>
<failsafecounter/>
<players><player seat="3" name="Tahi0n" chips="854" dealer="0" win="0" bet="646" muck="1" rebuy="0" addon="0" merge="0" rebuychips="0" reg_code="8385524995"/>
<player seat="6" name="oreiasccp" chips="646" dealer="1" win="1,292" bet="646" muck="0" rebuy="0" addon="0" merge="0" rebuychips="0" reg_code="8385525085"/>
</players>
</general>
<round no="0"><action no="1" player="oreiasccp" type="15" sum="5"/>
<action no="2" player="Tahi0n" type="15" discard="1" dealt="1" sum="5"/>
<action no="3" player="oreiasccp" type="1" sum="30"/>
<action no="4" player="Tahi0n" type="2" discard="1" dealt="1" sum="60"/>
</round>
<round no="1"><cards type="Pocket" player="Tahi0n">HA D2</cards>
<cards type="Pocket" player="oreiasccp">DA SJ</cards>
<action no="5" player="oreiasccp" type="23" sum="641"/>
<action no="6" player="Tahi0n" type="3" discard="1" dealt="1" sum="581"/>
</round>
<round no="2"><cards type="Flop">D5 C10 H10</cards>
</round>
<round no="3"><cards type="Turn">S10</cards>
</round>
<round no="4"><cards type="River">HJ</cards>
</round>
</game>
<game gamecode="11516888865"><general><startdate>2025-06-17 10:43:17</startdate>
<round>1</round>
<failsafecounter/>
<players><player seat="6" name="oreiasccp" chips="1,292" dealer="0" win="0" bet="208" muck="1" rebuy="0" addon="0" merge="0" rebuychips="0" reg_code="8385525085"/>
<player seat="3" name="Tahi0n" chips="208" dealer="1" win="416" bet="208" muck="0" rebuy="0" addon="0" merge="0" rebuychips="0" reg_code="8385524995"/>
</players>
</general>
<round no="0"><action no="1" player="Tahi0n" type="15" discard="1" dealt="1" sum="5"/>
<action no="2" player="oreiasccp" type="15" sum="5"/>
<action no="3" player="Tahi0n" type="1" discard="1" dealt="1" sum="30"/>
<action no="4" player="oreiasccp" type="2" sum="60"/>
</round>
<round no="1"><cards type="Pocket" player="oreiasccp">HJ C9</cards>
<cards type="Pocket" player="Tahi0n">DQ SK</cards>
<action no="5" player="Tahi0n" type="23" discard="1" dealt="1" sum="203"/>
<action no="6" player="oreiasccp" type="3" sum="143"/>
</round>
<round no="2"><cards type="Flop">S5 D6 SQ</cards>
</round>
<round no="3"><cards type="Turn">S10</cards>
</round>
<round no="4"><cards type="River">H10</cards>
</round>
</game>
<game gamecode="11516888921"><general><startdate>2025-06-17 10:43:34</startdate>
<round>1</round>
<failsafecounter/>
<players><player seat="3" name="Tahi0n" chips="416" dealer="0" win="70" bet="65" muck="1" rebuy="0" addon="0" merge="0" rebuychips="0" reg_code="8385524995"/>
<player seat="6" name="oreiasccp" chips="1,084" dealer="1" win="0" bet="35" muck="1" rebuy="0" addon="0" merge="0" rebuychips="0" reg_code="8385525085"/>
</players>
</general>
<round no="0"><action no="1" player="oreiasccp" type="15" sum="5"/>
<action no="2" player="Tahi0n" type="15" discard="1" dealt="1" sum="5"/>
<action no="3" player="oreiasccp" type="1" sum="30"/>
<action no="4" player="Tahi0n" type="2" discard="1" dealt="1" sum="60"/>
</round>
<round no="1"><cards type="Pocket" player="oreiasccp">H4 S7</cards>
<cards type="Pocket" player="Tahi0n">X X</cards>
<action no="5" player="oreiasccp" type="0" sum="0"/>
</round>
</game>
<game gamecode="11516888942"><general><startdate>2025-06-17 10:43:39</startdate>
<round>1</round>
<failsafecounter/>
<players><player seat="6" name="oreiasccp" chips="1,049" dealer="0" win="130" bet="451" muck="1" rebuy="0" addon="0" merge="0" rebuychips="0" reg_code="8385525085"/>
<player seat="3" name="Tahi0n" chips="451" dealer="1" win="0" bet="65" muck="1" rebuy="0" addon="0" merge="0" rebuychips="0" reg_code="8385524995"/>
</players>
</general>
<round no="0"><action no="1" player="Tahi0n" type="15" discard="1" dealt="1" sum="5"/>
<action no="2" player="oreiasccp" type="15" sum="5"/>
<action no="3" player="Tahi0n" type="1" discard="1" dealt="1" sum="30"/>
<action no="4" player="oreiasccp" type="2" sum="60"/>
</round>
<round no="1"><cards type="Pocket" player="oreiasccp">D2 SK</cards>
<cards type="Pocket" player="Tahi0n">X X</cards>
<action no="5" player="Tahi0n" type="3" discard="1" dealt="1" sum="30"/>
<action no="6" player="oreiasccp" type="23" sum="446"/>
<action no="7" player="Tahi0n" type="0" discard="1" dealt="1" sum="0"/>
</round>
</game>
<game gamecode="11516888999"><general><startdate>2025-06-17 10:43:55</startdate>
<round>1</round>
<failsafecounter/>
<players><player seat="3" name="Tahi0n" chips="386" dealer="0" win="772" bet="386" muck="0" rebuy="0" addon="0" merge="0" rebuychips="0" reg_code="8385524995"/>
<player seat="6" name="oreiasccp" chips="1,114" dealer="1" win="0" bet="386" muck="1" rebuy="0" addon="0" merge="0" rebuychips="0" reg_code="8385525085"/>
</players>
</general>
<round no="0"><action no="1" player="oreiasccp" type="15" sum="5"/>
<action no="2" player="Tahi0n" type="15" discard="1" dealt="1" sum="5"/>
<action no="3" player="oreiasccp" type="1" sum="30"/>
<action no="4" player="Tahi0n" type="2" discard="1" dealt="1" sum="60"/>
</round>
<round no="1"><cards type="Pocket" player="Tahi0n">CJ S10</cards>
<cards type="Pocket" player="oreiasccp">CA H9</cards>
<action no="5" player="oreiasccp" type="23" sum="381"/>
<action no="6" player="Tahi0n" type="7" discard="1" dealt="1" sum="321"/>
</round>
<round no="2"><cards type="Flop">S3 C10 C9</cards>
</round>
<round no="3"><cards type="Turn">H6</cards>
</round>
<round no="4"><cards type="River">H3</cards>
</round>
</game>
<game gamecode="11516889060"><general><startdate>2025-06-17 10:44:11</startdate>
<round>1</round>
<failsafecounter/>
<players><player seat="6" name="oreiasccp" chips="728" dealer="0" win="96" bet="88" muck="1" rebuy="0" addon="0" merge="0" rebuychips="0" reg_code="8385525085"/>
<player seat="3" name="Tahi0n" chips="772" dealer="1" win="0" bet="48" muck="1" rebuy="0" addon="0" merge="0" rebuychips="0" reg_code="8385524995"/>
</players>
</general>
<round no="0"><action no="1" player="Tahi0n" type="15" discard="1" dealt="1" sum="8"/>
<action no="2" player="oreiasccp" type="15" sum="8"/>
<action no="3" player="Tahi0n" type="1" discard="1" dealt="1" sum="40"/>
<action no="4" player="oreiasccp" type="2" sum="80"/>
</round>
<round no="1"><cards type="Pocket" player="oreiasccp">H8 H7</cards>
<cards type="Pocket" player="Tahi0n">X X</cards>
<action no="5" player="Tahi0n" type="0" discard="1" dealt="1" sum="0"/>
</round>
</game>
<game gamecode="11516889084"><general><startdate>2025-06-17 10:44:16</startdate>
<round>1</round>
<failsafecounter/>
<players><player seat="3" name="Tahi0n" chips="724" dealer="0" win="96" bet="88" muck="1" rebuy="0" addon="0" merge="0" rebuychips="0" reg_code="8385524995"/>
<player seat="6" name="oreiasccp" chips="776" dealer="1" win="0" bet="48" muck="1" rebuy="0" addon="0" merge="0" rebuychips="0" reg_code="8385525085"/>
</players>
</general>
<round no="0"><action no="1" player="oreiasccp" type="15" sum="8"/>
<action no="2" player="Tahi0n" type="15" discard="1" dealt="1" sum="8"/>
<action no="3" player="oreiasccp" type="1" sum="40"/>
<action no="4" player="Tahi0n" type="2" discard="1" dealt="1" sum="80"/>
</round>
<round no="1"><cards type="Pocket" player="Tahi0n">X X</cards>
<cards type="Pocket" player="oreiasccp">H4 S2</cards>
<action no="5" player="oreiasccp" type="0" sum="0"/>
</round>
</game>
<game gamecode="11516889103"><general><startdate>2025-06-17 10:44:21</startdate>
<round>1</round>
<failsafecounter/>
<players><player seat="6" name="oreiasccp" chips="728" dealer="0" win="0" bet="88" muck="1" rebuy="0" addon="0" merge="0" rebuychips="0" reg_code="8385525085"/>
<player seat="3" name="Tahi0n" chips="772" dealer="1" win="176" bet="264" muck="1" rebuy="0" addon="0" merge="0" rebuychips="0" reg_code="8385524995"/>
</players>
</general>
<round no="0"><action no="1" player="Tahi0n" type="15" discard="1" dealt="1" sum="8"/>
<action no="2" player="oreiasccp" type="15" sum="8"/>
<action no="3" player="Tahi0n" type="1" discard="1" dealt="1" sum="40"/>
<action no="4" player="oreiasccp" type="2" sum="80"/>
</round>
<round no="1"><cards type="Pocket" player="Tahi0n">X X</cards>
<cards type="Pocket" player="oreiasccp">S2 C5</cards>
<action no="5" player="Tahi0n" type="3" discard="1" dealt="1" sum="40"/>
<action no="6" player="oreiasccp" type="4" sum="0"/>
</round>
<round no="2"><cards type="Flop">C10 S7 C6</cards>
<action no="7" player="oreiasccp" type="4" sum="0"/>
<action no="8" player="Tahi0n" type="5" discard="1" dealt="1" sum="176"/>
<action no="9" player="oreiasccp" type="0" sum="0"/>
</round>
</game>
<game gamecode="11516889144"><general><startdate>2025-06-17 10:44:34</startdate>
<round>1</round>
<failsafecounter/>
<players><player seat="3" name="Tahi0n" chips="860" dealer="0" win="96" bet="88" muck="1" rebuy="0" addon="0" merge="0" rebuychips="0" reg_code="8385524995"/>
<player seat="6" name="oreiasccp" chips="640" dealer="1" win="0" bet="48" muck="1" rebuy="0" addon="0" merge="0" rebuychips="0" reg_code="8385525085"/>
</players>
</general>
<round no="0"><action no="1" player="oreiasccp" type="15" sum="8"/>
<action no="2" player="Tahi0n" type="15" discard="1" dealt="1" sum="8"/>
<action no="3" player="oreiasccp" type="1" sum="40"/>
<action no="4" player="Tahi0n" type="2" discard="1" dealt="1" sum="80"/>
</round>
<round no="1"><cards type="Pocket" player="Tahi0n">X X</cards>
<cards type="Pocket" player="oreiasccp">D2 H7</cards>
<action no="5" player="oreiasccp" type="0" sum="0"/>
</round>
</game>
<game gamecode="11516889165"><general><startdate>2025-06-17 10:44:39</startdate>
<round>1</round>
<failsafecounter/>
<players><player seat="6" name="oreiasccp" chips="592" dealer="0" win="0" bet="88" muck="1" rebuy="0" addon="0" merge="0" rebuychips="0" reg_code="8385525085"/>
<player seat="3" name="Tahi0n" chips="908" dealer="1" win="176" bet="908" muck="1" rebuy="0" addon="0" merge="0" rebuychips="0" reg_code="8385524995"/>
</players>
</general>
<round no="0"><action no="1" player="Tahi0n" type="15" discard="1" dealt="1" sum="8"/>
<action no="2" player="oreiasccp" type="15" sum="8"/>
<action no="3" player="Tahi0n" type="1" discard="1" dealt="1" sum="40"/>
<action no="4" player="oreiasccp" type="2" sum="80"/>
</round>
<round no="1"><cards type="Pocket" player="Tahi0n">X X</cards>
<cards type="Pocket" player="oreiasccp">S3 H5</cards>
<action no="5" player="Tahi0n" type="23" discard="1" dealt="1" sum="900"/>
<action no="6" player="oreiasccp" type="0" sum="0"/>
</round>
</game>
<game gamecode="11516889191"><general><startdate>2025-06-17 10:44:46</startdate>
<round>1</round>
<failsafecounter/>
<players><player seat="3" name="Tahi0n" chips="996" dealer="0" win="0" bet="504" muck="1" rebuy="0" addon="0" merge="0" rebuychips="0" reg_code="8385524995"/>
<player seat="6" name="oreiasccp" chips="504" dealer="1" win="1,008" bet="504" muck="0" rebuy="0" addon="0" merge="0" rebuychips="0" reg_code="8385525085"/>
</players>
</general>
<round no="0"><action no="1" player="oreiasccp" type="15" sum="8"/>
<action no="2" player="Tahi0n" type="15" discard="1" dealt="1" sum="8"/>
<action no="3" player="oreiasccp" type="1" sum="40"/>
<action no="4" player="Tahi0n" type="2" discard="1" dealt="1" sum="80"/>
</round>
<round no="1"><cards type="Pocket" player="Tahi0n">SQ C6</cards>
<cards type="Pocket" player="oreiasccp">HA C7</cards>
<action no="5" player="oreiasccp" type="23" sum="496"/>
<action no="6" player="Tahi0n" type="3" discard="1" dealt="1" sum="416"/>
</round>
<round no="2"><cards type="Flop">H9 C10 H8</cards>
</round>
<round no="3"><cards type="Turn">CQ</cards>
</round>
<round no="4"><cards type="River">CA</cards>
</round>
</game>
<game gamecode="11516889258"><general><startdate>2025-06-17 10:45:02</startdate>
<round>1</round>
<failsafecounter/>
<players><player seat="6" name="oreiasccp" chips="1,008" dealer="0" win="984" bet="492" muck="0" rebuy="0" addon="0" merge="0" rebuychips="0" reg_code="8385525085"/>
<player seat="3" name="Tahi0n" chips="492" dealer="1" win="0" bet="492" muck="0" rebuy="0" addon="0" merge="0" rebuychips="0" reg_code="8385524995"/>
</players>
</general>
<round no="0"><action no="1" player="Tahi0n" type="15" discard="1" dealt="1" sum="8"/>
<action no="2" player="oreiasccp" type="15" sum="8"/>
<action no="3" player="Tahi0n" type="1" discard="1" dealt="1" sum="40"/>
<action no="4" player="oreiasccp" type="2" sum="80"/>
</round>
<round no="1"><cards type="Pocket" player="oreiasccp">C7 HA</cards>
<cards type="Pocket" player="Tahi0n">D6 D4</cards>
<action no="5" player="Tahi0n" type="23" discard="1" dealt="1" sum="484"/>
<action no="6" player="oreiasccp" type="3" sum="404"/>
</round>
<round no="2"><cards type="Flop">H5 C8 SQ</cards>
</round>
<round no="3"><cards type="Turn">CQ</cards>
</round>
<round no="4"><cards type="River">H10</cards>
</round>
</game>
</session>
