<?xml version="1.0" encoding="UTF-8"?>
<session sessioncode="8385552362">
<general>
<client_version>24.7.1.16</client_version>
<mode>real</mode>
<gametype>Holdem NL</gametype>
<tablename>Twister €5 SNG, 1127671115</tablename>
<tournamentcode>1127671114</tournamentcode>
<tournamentname>Twister €5 SNG</tournamentname>
<buyin>€0 + €0.35 + €4.65</buyin>
<totalbuyin>€5</totalbuyin>
<rewarddrawn>€10</rewarddrawn>
<tournamentcurrency>EUR</tournamentcurrency>
<currency>EUR</currency>
<nickname>oreiasccp</nickname>
<gamecount>32</gamecount>
<startdate>2025-06-17 11:53:36</startdate>
<place>1</place>
<win>€10</win>
<tablesize>3</tablesize>
</general>
<game gamecode="11516951973"><general><startdate>2025-06-17 11:53:51</startdate>
<round>1</round>
<failsafecounter/>
<players><player seat="6" name="Degreek" chips="500" dealer="0" win="120" bet="120" muck="1" rebuy="0" addon="0" merge="0" rebuychips="0" reg_code="8385552364"/>
<player seat="10" name="GaciCar" chips="500" dealer="1" win="0" bet="0" muck="1" rebuy="0" addon="0" merge="0" rebuychips="0" reg_code="8385552452"/>
<player seat="3" name="oreiasccp" chips="500" dealer="0" win="0" bet="60" muck="1" rebuy="0" addon="0" merge="0" rebuychips="0" reg_code="8385552362"/>
</players>
</general>
<round no="0"><action no="1" player="oreiasccp" type="1" sum="10"/>
<action no="2" player="Degreek" type="2" discard="1" dealt="1" sum="20"/>
</round>
<round no="1"><cards type="Pocket" player="GaciCar">X X</cards>
<cards type="Pocket" player="oreiasccp">H7 D9</cards>
<cards type="Pocket" player="Degreek">X X</cards>
<action no="3" player="GaciCar" type="0" discard="1" dealt="1" sum="0"/>
<action no="4" player="oreiasccp" type="23" sum="40"/>
<action no="5" player="Degreek" type="3" discard="1" dealt="1" sum="20"/>
</round>
<round no="2"><cards type="Flop">H6 C4 D3</cards>
<action no="6" player="oreiasccp" type="5" sum="20"/>
<action no="7" player="Degreek" type="3" discard="1" dealt="1" sum="20"/>
</round>
<round no="3"><cards type="Turn">HA</cards>
<action no="8" player="oreiasccp" type="4" sum="0"/>
<action no="9" player="Degreek" type="5" discard="1" dealt="1" sum="60"/>
<action no="10" player="oreiasccp" type="0" sum="0"/>
</round>
</game>
<game gamecode="11516952072"><general><startdate>2025-06-17 11:54:17</startdate>
<round>1</round>
<failsafecounter/>
<players><player seat="10" name="GaciCar" chips="500" dealer="0" win="480" bet="420" muck="1" rebuy="0" addon="0" merge="0" rebuychips="0" reg_code="8385552452"/>
<player seat="3" name="oreiasccp" chips="440" dealer="1" win="0" bet="0" muck="1" rebuy="0" addon="0" merge="0" rebuychips="0" reg_code="8385552362"/>
<player seat="6" name="Degreek" chips="560" dealer="0" win="0" bet="240" muck="1" rebuy="0" addon="0" merge="0" rebuychips="0" reg_code="8385552364"/>
</players>
</general>
<round no="0"><action no="1" player="Degreek" type="1" discard="1" dealt="1" sum="10"/>
<action no="2" player="GaciCar" type="2" discard="1" dealt="1" sum="20"/>
</round>
<round no="1"><cards type="Pocket" player="GaciCar">X X</cards>
<cards type="Pocket" player="Degreek">X X</cards>
<cards type="Pocket" player="oreiasccp">SK D7</cards>
<action no="3" player="oreiasccp" type="0" sum="0"/>
<action no="4" player="Degreek" type="3" discard="1" dealt="1" sum="10"/>
<action no="5" player="GaciCar" type="23" discard="1" dealt="1" sum="40"/>
<action no="6" player="Degreek" type="3" discard="1" dealt="1" sum="20"/>
</round>
<round no="2"><cards type="Flop">C6 D2 SA</cards>
<action no="7" player="Degreek" type="5" discard="1" dealt="1" sum="40"/>
<action no="8" player="GaciCar" type="3" discard="1" dealt="1" sum="40"/>
</round>
<round no="3"><cards type="Turn">D6</cards>
<action no="9" player="Degreek" type="5" discard="1" dealt="1" sum="160"/>
<action no="10" player="GaciCar" type="3" discard="1" dealt="1" sum="160"/>
</round>
<round no="4"><cards type="River">HQ</cards>
<action no="11" player="Degreek" type="4" discard="1" dealt="1" sum="0"/>
<action no="12" player="GaciCar" type="5" discard="1" dealt="1" sum="180"/>
<action no="13" player="Degreek" type="0" discard="1" dealt="1" sum="0"/>
</round>
</game>
<game gamecode="11516952238"><general><startdate>2025-06-17 11:54:59</startdate>
<round>1</round>
<failsafecounter/>
<players><player seat="3" name="oreiasccp" chips="440" dealer="0" win="0" bet="20" muck="1" rebuy="0" addon="0" merge="0" rebuychips="0" reg_code="8385552362"/>
<player seat="6" name="Degreek" chips="320" dealer="1" win="50" bet="320" muck="1" rebuy="0" addon="0" merge="0" rebuychips="0" reg_code="8385552364"/>
<player seat="10" name="GaciCar" chips="740" dealer="0" win="0" bet="10" muck="1" rebuy="0" addon="0" merge="0" rebuychips="0" reg_code="8385552452"/>
</players>
</general>
<round no="0"><action no="1" player="GaciCar" type="1" discard="1" dealt="1" sum="10"/>
<action no="2" player="oreiasccp" type="2" sum="20"/>
</round>
<round no="1"><cards type="Pocket" player="oreiasccp">HK DQ</cards>
<cards type="Pocket" player="GaciCar">X X</cards>
<cards type="Pocket" player="Degreek">X X</cards>
<action no="3" player="Degreek" type="23" discard="1" dealt="1" sum="320"/>
<action no="4" player="GaciCar" type="0" discard="1" dealt="1" sum="0"/>
<action no="5" player="oreiasccp" type="0" sum="0"/>
</round>
</game>
<game gamecode="11516952281"><general><startdate>2025-06-17 11:55:10</startdate>
<round>1</round>
<failsafecounter/>
<players><player seat="6" name="Degreek" chips="350" dealer="0" win="80" bet="350" muck="1" rebuy="0" addon="0" merge="0" rebuychips="0" reg_code="8385552364"/>
<player seat="10" name="GaciCar" chips="730" dealer="1" win="0" bet="0" muck="1" rebuy="0" addon="0" merge="0" rebuychips="0" reg_code="8385552452"/>
<player seat="3" name="oreiasccp" chips="420" dealer="0" win="0" bet="40" muck="1" rebuy="0" addon="0" merge="0" rebuychips="0" reg_code="8385552362"/>
</players>
</general>
<round no="0"><action no="1" player="oreiasccp" type="1" sum="10"/>
<action no="2" player="Degreek" type="2" discard="1" dealt="1" sum="20"/>
</round>
<round no="1"><cards type="Pocket" player="Degreek">X X</cards>
<cards type="Pocket" player="oreiasccp">H10 H9</cards>
<cards type="Pocket" player="GaciCar">X X</cards>
<action no="3" player="GaciCar" type="0" discard="1" dealt="1" sum="0"/>
<action no="4" player="oreiasccp" type="23" sum="40"/>
<action no="5" player="Degreek" type="3" discard="1" dealt="1" sum="20"/>
</round>
<round no="2"><cards type="Flop">D7 C3 S4</cards>
<action no="6" player="oreiasccp" type="4" sum="0"/>
<action no="7" player="Degreek" type="5" discard="1" dealt="1" sum="310"/>
<action no="8" player="oreiasccp" type="0" sum="0"/>
</round>
</game>
<game gamecode="11516957889"><general><startdate>2025-06-17 11:55:25</startdate>
<round>1</round>
<failsafecounter/>
<players><player seat="10" name="GaciCar" chips="730" dealer="0" win="0" bet="20" muck="1" rebuy="0" addon="0" merge="0" rebuychips="0" reg_code="8385552452"/>
<player seat="3" name="oreiasccp" chips="380" dealer="1" win="0" bet="0" muck="1" rebuy="0" addon="0" merge="0" rebuychips="0" reg_code="8385552362"/>
<player seat="6" name="Degreek" chips="390" dealer="0" win="40" bet="390" muck="1" rebuy="0" addon="0" merge="0" rebuychips="0" reg_code="8385552364"/>
</players>
</general>
<round no="0"><action no="1" player="Degreek" type="1" discard="1" dealt="1" sum="10"/>
<action no="2" player="GaciCar" type="2" discard="1" dealt="1" sum="20"/>
</round>
<round no="1"><cards type="Pocket" player="Degreek">X X</cards>
<cards type="Pocket" player="oreiasccp">C9 S7</cards>
<cards type="Pocket" player="GaciCar">X X</cards>
<action no="3" player="oreiasccp" type="0" sum="0"/>
<action no="4" player="Degreek" type="23" discard="1" dealt="1" sum="390"/>
<action no="5" player="GaciCar" type="0" discard="1" dealt="1" sum="0"/>
</round>
</game>
<game gamecode="11516957930"><general><startdate>2025-06-17 11:55:34</startdate>
<round>1</round>
<failsafecounter/>
<players><player seat="3" name="oreiasccp" chips="380" dealer="0" win="0" bet="20" muck="1" rebuy="0" addon="0" merge="0" rebuychips="0" reg_code="8385552362"/>
<player seat="6" name="Degreek" chips="410" dealer="1" win="60" bet="410" muck="1" rebuy="0" addon="0" merge="0" rebuychips="0" reg_code="8385552364"/>
<player seat="10" name="GaciCar" chips="710" dealer="0" win="0" bet="20" muck="1" rebuy="0" addon="0" merge="0" rebuychips="0" reg_code="8385552452"/>
</players>
</general>
<round no="0"><action no="1" player="GaciCar" type="1" discard="1" dealt="1" sum="10"/>
<action no="2" player="oreiasccp" type="2" sum="20"/>
</round>
<round no="1"><cards type="Pocket" player="GaciCar">X X</cards>
<cards type="Pocket" player="oreiasccp">C10 D3</cards>
<cards type="Pocket" player="Degreek">X X</cards>
<action no="3" player="Degreek" type="3" discard="1" dealt="1" sum="20"/>
<action no="4" player="GaciCar" type="3" discard="1" dealt="1" sum="10"/>
<action no="5" player="oreiasccp" type="4" sum="0"/>
</round>
<round no="2"><cards type="Flop">C2 S3 D7</cards>
<action no="6" player="GaciCar" type="4" discard="1" dealt="1" sum="0"/>
<action no="7" player="oreiasccp" type="4" sum="0"/>
<action no="8" player="Degreek" type="4" discard="1" dealt="1" sum="0"/>
</round>
<round no="3"><cards type="Turn">DJ</cards>
<action no="9" player="GaciCar" type="4" discard="1" dealt="1" sum="0"/>
<action no="10" player="oreiasccp" type="4" sum="0"/>
<action no="11" player="Degreek" type="5" discard="1" dealt="1" sum="390"/>
<action no="12" player="GaciCar" type="0" discard="1" dealt="1" sum="0"/>
<action no="13" player="oreiasccp" type="0" sum="0"/>
</round>
</game>
<game gamecode="11516958024"><general><startdate>2025-06-17 11:55:56</startdate>
<round>1</round>
<failsafecounter/>
<players><player seat="6" name="Degreek" chips="450" dealer="0" win="210" bet="200" muck="1" rebuy="0" addon="0" merge="0" rebuychips="0" reg_code="8385552364"/>
<player seat="10" name="GaciCar" chips="690" dealer="1" win="0" bet="95" muck="1" rebuy="0" addon="0" merge="0" rebuychips="0" reg_code="8385552452"/>
<player seat="3" name="oreiasccp" chips="360" dealer="0" win="0" bet="20" muck="1" rebuy="0" addon="0" merge="0" rebuychips="0" reg_code="8385552362"/>
</players>
</general>
<round no="0"><action no="1" player="oreiasccp" type="15" sum="5"/>
<action no="2" player="Degreek" type="15" discard="1" dealt="1" sum="5"/>
<action no="3" player="GaciCar" type="15" discard="1" dealt="1" sum="5"/>
<action no="4" player="oreiasccp" type="1" sum="15"/>
<action no="5" player="Degreek" type="2" discard="1" dealt="1" sum="30"/>
</round>
<round no="1"><cards type="Pocket" player="oreiasccp">C9 SJ</cards>
<cards type="Pocket" player="GaciCar">X X</cards>
<cards type="Pocket" player="Degreek">X X</cards>
<action no="6" player="GaciCar" type="23" discard="1" dealt="1" sum="60"/>
<action no="7" player="oreiasccp" type="0" sum="0"/>
<action no="8" player="Degreek" type="3" discard="1" dealt="1" sum="30"/>
</round>
<round no="2"><cards type="Flop">HJ H9 CK</cards>
<action no="9" player="Degreek" type="4" discard="1" dealt="1" sum="0"/>
<action no="10" player="GaciCar" type="5" discard="1" dealt="1" sum="30"/>
<action no="11" player="Degreek" type="3" discard="1" dealt="1" sum="30"/>
</round>
<round no="3"><cards type="Turn">H3</cards>
<action no="12" player="Degreek" type="4" discard="1" dealt="1" sum="0"/>
<action no="13" player="GaciCar" type="4" discard="1" dealt="1" sum="0"/>
</round>
<round no="4"><cards type="River">SQ</cards>
<action no="14" player="Degreek" type="5" discard="1" dealt="1" sum="105"/>
<action no="15" player="GaciCar" type="0" discard="1" dealt="1" sum="0"/>
</round>
</game>
<game gamecode="11516958124"><general><startdate>2025-06-17 11:56:22</startdate>
<round>1</round>
<failsafecounter/>
<players><player seat="10" name="GaciCar" chips="595" dealer="0" win="0" bet="35" muck="1" rebuy="0" addon="0" merge="0" rebuychips="0" reg_code="8385552452"/>
<player seat="3" name="oreiasccp" chips="340" dealer="1" win="0" bet="5" muck="1" rebuy="0" addon="0" merge="0" rebuychips="0" reg_code="8385552362"/>
<player seat="6" name="Degreek" chips="565" dealer="0" win="75" bet="565" muck="1" rebuy="0" addon="0" merge="0" rebuychips="0" reg_code="8385552364"/>
</players>
</general>
<round no="0"><action no="1" player="Degreek" type="15" discard="1" dealt="1" sum="5"/>
<action no="2" player="GaciCar" type="15" discard="1" dealt="1" sum="5"/>
<action no="3" player="oreiasccp" type="15" sum="5"/>
<action no="4" player="Degreek" type="1" discard="1" dealt="1" sum="15"/>
<action no="5" player="GaciCar" type="2" discard="1" dealt="1" sum="30"/>
</round>
<round no="1"><cards type="Pocket" player="Degreek">X X</cards>
<cards type="Pocket" player="oreiasccp">D3 C4</cards>
<cards type="Pocket" player="GaciCar">X X</cards>
<action no="6" player="oreiasccp" type="0" sum="0"/>
<action no="7" player="Degreek" type="23" discard="1" dealt="1" sum="560"/>
<action no="8" player="GaciCar" type="0" discard="1" dealt="1" sum="0"/>
</round>
</game>
<game gamecode="11516958167"><general><startdate>2025-06-17 11:56:33</startdate>
<round>1</round>
<failsafecounter/>
<players><player seat="3" name="oreiasccp" chips="335" dealer="0" win="0" bet="35" muck="1" rebuy="0" addon="0" merge="0" rebuychips="0" reg_code="8385552362"/>
<player seat="6" name="Degreek" chips="605" dealer="1" win="90" bet="605" muck="1" rebuy="0" addon="0" merge="0" rebuychips="0" reg_code="8385552364"/>
<player seat="10" name="GaciCar" chips="560" dealer="0" win="0" bet="20" muck="1" rebuy="0" addon="0" merge="0" rebuychips="0" reg_code="8385552452"/>
</players>
</general>
<round no="0"><action no="1" player="GaciCar" type="15" discard="1" dealt="1" sum="5"/>
<action no="2" player="oreiasccp" type="15" sum="5"/>
<action no="3" player="Degreek" type="15" discard="1" dealt="1" sum="5"/>
<action no="4" player="GaciCar" type="1" discard="1" dealt="1" sum="15"/>
<action no="5" player="oreiasccp" type="2" sum="30"/>
</round>
<round no="1"><cards type="Pocket" player="oreiasccp">H3 HA</cards>
<cards type="Pocket" player="GaciCar">X X</cards>
<cards type="Pocket" player="Degreek">X X</cards>
<action no="6" player="Degreek" type="23" discard="1" dealt="1" sum="600"/>
<action no="7" player="GaciCar" type="0" discard="1" dealt="1" sum="0"/>
<action no="8" player="oreiasccp" type="0" sum="0"/>
</round>
</game>
<game gamecode="11516958210"><general><startdate>2025-06-17 11:56:43</startdate>
<round>1</round>
<failsafecounter/>
<players><player seat="6" name="Degreek" chips="660" dealer="0" win="45" bet="35" muck="1" rebuy="0" addon="0" merge="0" rebuychips="0" reg_code="8385552364"/>
<player seat="10" name="GaciCar" chips="540" dealer="1" win="0" bet="5" muck="1" rebuy="0" addon="0" merge="0" rebuychips="0" reg_code="8385552452"/>
<player seat="3" name="oreiasccp" chips="300" dealer="0" win="0" bet="20" muck="1" rebuy="0" addon="0" merge="0" rebuychips="0" reg_code="8385552362"/>
</players>
</general>
<round no="0"><action no="1" player="oreiasccp" type="15" sum="5"/>
<action no="2" player="Degreek" type="15" discard="1" dealt="1" sum="5"/>
<action no="3" player="GaciCar" type="15" discard="1" dealt="1" sum="5"/>
<action no="4" player="oreiasccp" type="1" sum="15"/>
<action no="5" player="Degreek" type="2" discard="1" dealt="1" sum="30"/>
</round>
<round no="1"><cards type="Pocket" player="oreiasccp">H3 H10</cards>
<cards type="Pocket" player="Degreek">X X</cards>
<cards type="Pocket" player="GaciCar">X X</cards>
<action no="6" player="GaciCar" type="0" discard="1" dealt="1" sum="0"/>
<action no="7" player="oreiasccp" type="0" sum="0"/>
</round>
</game>
<game gamecode="11516958241"><general><startdate>2025-06-17 11:56:52</startdate>
<round>1</round>
<failsafecounter/>
<players><player seat="10" name="GaciCar" chips="535" dealer="0" win="1,075" bet="535" muck="0" rebuy="0" addon="0" merge="0" rebuychips="0" reg_code="8385552452"/>
<player seat="3" name="oreiasccp" chips="280" dealer="1" win="0" bet="5" muck="1" rebuy="0" addon="0" merge="0" rebuychips="0" reg_code="8385552362"/>
<player seat="6" name="Degreek" chips="685" dealer="0" win="0" bet="685" muck="1" rebuy="0" addon="0" merge="0" rebuychips="0" reg_code="8385552364"/>
</players>
</general>
<round no="0"><action no="1" player="Degreek" type="15" discard="1" dealt="1" sum="5"/>
<action no="2" player="GaciCar" type="15" discard="1" dealt="1" sum="5"/>
<action no="3" player="oreiasccp" type="15" sum="5"/>
<action no="4" player="Degreek" type="1" discard="1" dealt="1" sum="15"/>
<action no="5" player="GaciCar" type="2" discard="1" dealt="1" sum="30"/>
</round>
<round no="1"><cards type="Pocket" player="GaciCar">D9 D10</cards>
<cards type="Pocket" player="oreiasccp">D8 CJ</cards>
<cards type="Pocket" player="Degreek">HK H4</cards>
<action no="6" player="oreiasccp" type="0" sum="0"/>
<action no="7" player="Degreek" type="3" discard="1" dealt="1" sum="15"/>
<action no="8" player="GaciCar" type="4" discard="1" dealt="1" sum="0"/>
</round>
<round no="2"><cards type="Flop">S4 SQ C8</cards>
<action no="9" player="Degreek" type="4" discard="1" dealt="1" sum="0"/>
<action no="10" player="GaciCar" type="5" discard="1" dealt="1" sum="30"/>
<action no="11" player="Degreek" type="3" discard="1" dealt="1" sum="30"/>
</round>
<round no="3"><cards type="Turn">C4</cards>
<action no="12" player="Degreek" type="4" discard="1" dealt="1" sum="0"/>
<action no="13" player="GaciCar" type="4" discard="1" dealt="1" sum="0"/>
</round>
<round no="4"><cards type="River">DJ</cards>
<action no="14" player="Degreek" type="5" discard="1" dealt="1" sum="620"/>
<action no="15" player="GaciCar" type="7" discard="1" dealt="1" sum="470"/>
</round>
</game>
<game gamecode="11516958335"><general><startdate>2025-06-17 11:57:16</startdate>
<round>1</round>
<failsafecounter/>
<players><player seat="3" name="oreiasccp" chips="275" dealer="0" win="0" bet="35" muck="1" rebuy="0" addon="0" merge="0" rebuychips="0" reg_code="8385552362"/>
<player seat="6" name="Degreek" chips="150" dealer="1" win="335" bet="150" muck="0" rebuy="0" addon="0" merge="0" rebuychips="0" reg_code="8385552364"/>
<player seat="10" name="GaciCar" chips="1,075" dealer="0" win="0" bet="1,075" muck="1" rebuy="0" addon="0" merge="0" rebuychips="0" reg_code="8385552452"/>
</players>
</general>
<round no="0"><action no="1" player="GaciCar" type="15" discard="1" dealt="1" sum="5"/>
<action no="2" player="oreiasccp" type="15" sum="5"/>
<action no="3" player="Degreek" type="15" discard="1" dealt="1" sum="5"/>
<action no="4" player="GaciCar" type="1" discard="1" dealt="1" sum="15"/>
<action no="5" player="oreiasccp" type="2" sum="30"/>
</round>
<round no="1"><cards type="Pocket" player="GaciCar">SA S9</cards>
<cards type="Pocket" player="oreiasccp">CQ D3</cards>
<cards type="Pocket" player="Degreek">HJ H10</cards>
<action no="6" player="Degreek" type="23" discard="1" dealt="1" sum="145"/>
<action no="7" player="GaciCar" type="23" discard="1" dealt="1" sum="1,070"/>
<action no="8" player="oreiasccp" type="0" sum="0"/>
</round>
<round no="2"><cards type="Flop">CJ D10 HK</cards>
</round>
<round no="3"><cards type="Turn">S8</cards>
</round>
<round no="4"><cards type="River">DA</cards>
</round>
</game>
<game gamecode="11516958406"><general><startdate>2025-06-17 11:57:32</startdate>
<round>1</round>
<failsafecounter/>
<players><player seat="6" name="Degreek" chips="335" dealer="0" win="0" bet="35" muck="1" rebuy="0" addon="0" merge="0" rebuychips="0" reg_code="8385552364"/>
<player seat="10" name="GaciCar" chips="925" dealer="1" win="90" bet="925" muck="1" rebuy="0" addon="0" merge="0" rebuychips="0" reg_code="8385552452"/>
<player seat="3" name="oreiasccp" chips="240" dealer="0" win="0" bet="20" muck="1" rebuy="0" addon="0" merge="0" rebuychips="0" reg_code="8385552362"/>
</players>
</general>
<round no="0"><action no="1" player="oreiasccp" type="15" sum="5"/>
<action no="2" player="Degreek" type="15" discard="1" dealt="1" sum="5"/>
<action no="3" player="GaciCar" type="15" discard="1" dealt="1" sum="5"/>
<action no="4" player="oreiasccp" type="1" sum="15"/>
<action no="5" player="Degreek" type="2" discard="1" dealt="1" sum="30"/>
</round>
<round no="1"><cards type="Pocket" player="GaciCar">X X</cards>
<cards type="Pocket" player="oreiasccp">H2 S10</cards>
<cards type="Pocket" player="Degreek">X X</cards>
<action no="6" player="GaciCar" type="23" discard="1" dealt="1" sum="920"/>
<action no="7" player="oreiasccp" type="0" sum="0"/>
<action no="8" player="Degreek" type="0" discard="1" dealt="1" sum="0"/>
</round>
</game>
<game gamecode="11516958434"><general><startdate>2025-06-17 11:57:40</startdate>
<round>1</round>
<failsafecounter/>
<players><player seat="10" name="GaciCar" chips="980" dealer="0" win="45" bet="35" muck="1" rebuy="0" addon="0" merge="0" rebuychips="0" reg_code="8385552452"/>
<player seat="3" name="oreiasccp" chips="220" dealer="1" win="0" bet="5" muck="1" rebuy="0" addon="0" merge="0" rebuychips="0" reg_code="8385552362"/>
<player seat="6" name="Degreek" chips="300" dealer="0" win="0" bet="20" muck="1" rebuy="0" addon="0" merge="0" rebuychips="0" reg_code="8385552364"/>
</players>
</general>
<round no="0"><action no="1" player="Degreek" type="15" discard="1" dealt="1" sum="5"/>
<action no="2" player="GaciCar" type="15" discard="1" dealt="1" sum="5"/>
<action no="3" player="oreiasccp" type="15" sum="5"/>
<action no="4" player="Degreek" type="1" discard="1" dealt="1" sum="15"/>
<action no="5" player="GaciCar" type="2" discard="1" dealt="1" sum="30"/>
</round>
<round no="1"><cards type="Pocket" player="oreiasccp">S6 D9</cards>
<cards type="Pocket" player="GaciCar">X X</cards>
<cards type="Pocket" player="Degreek">X X</cards>
<action no="6" player="oreiasccp" type="0" sum="0"/>
<action no="7" player="Degreek" type="0" discard="1" dealt="1" sum="0"/>
</round>
</game>
<game gamecode="11516958457"><general><startdate>2025-06-17 11:57:46</startdate>
<round>1</round>
<failsafecounter/>
<players><player seat="3" name="oreiasccp" chips="215" dealer="0" win="0" bet="35" muck="1" rebuy="0" addon="0" merge="0" rebuychips="0" reg_code="8385552362"/>
<player seat="6" name="Degreek" chips="280" dealer="1" win="90" bet="280" muck="1" rebuy="0" addon="0" merge="0" rebuychips="0" reg_code="8385552364"/>
<player seat="10" name="GaciCar" chips="1,005" dealer="0" win="0" bet="20" muck="1" rebuy="0" addon="0" merge="0" rebuychips="0" reg_code="8385552452"/>
</players>
</general>
<round no="0"><action no="1" player="GaciCar" type="15" discard="1" dealt="1" sum="5"/>
<action no="2" player="oreiasccp" type="15" sum="5"/>
<action no="3" player="Degreek" type="15" discard="1" dealt="1" sum="5"/>
<action no="4" player="GaciCar" type="1" discard="1" dealt="1" sum="15"/>
<action no="5" player="oreiasccp" type="2" sum="30"/>
</round>
<round no="1"><cards type="Pocket" player="oreiasccp">H5 C4</cards>
<cards type="Pocket" player="GaciCar">X X</cards>
<cards type="Pocket" player="Degreek">X X</cards>
<action no="6" player="Degreek" type="23" discard="1" dealt="1" sum="275"/>
<action no="7" player="GaciCar" type="0" discard="1" dealt="1" sum="0"/>
<action no="8" player="oreiasccp" type="0" sum="0"/>
</round>
</game>
<game gamecode="11516958494"><general><startdate>2025-06-17 11:57:54</startdate>
<round>1</round>
<failsafecounter/>
<players><player seat="6" name="Degreek" chips="335" dealer="0" win="0" bet="45" muck="1" rebuy="0" addon="0" merge="0" rebuychips="0" reg_code="8385552364"/>
<player seat="10" name="GaciCar" chips="985" dealer="1" win="0" bet="5" muck="1" rebuy="0" addon="0" merge="0" rebuychips="0" reg_code="8385552452"/>
<player seat="3" name="oreiasccp" chips="180" dealer="0" win="95" bet="180" muck="1" rebuy="0" addon="0" merge="0" rebuychips="0" reg_code="8385552362"/>
</players>
</general>
<round no="0"><action no="1" player="oreiasccp" type="15" sum="5"/>
<action no="2" player="Degreek" type="15" discard="1" dealt="1" sum="5"/>
<action no="3" player="GaciCar" type="15" discard="1" dealt="1" sum="5"/>
<action no="4" player="oreiasccp" type="1" sum="20"/>
<action no="5" player="Degreek" type="2" discard="1" dealt="1" sum="40"/>
</round>
<round no="1"><cards type="Pocket" player="Degreek">X X</cards>
<cards type="Pocket" player="oreiasccp">CJ HK</cards>
<cards type="Pocket" player="GaciCar">X X</cards>
<action no="6" player="GaciCar" type="0" discard="1" dealt="1" sum="0"/>
<action no="7" player="oreiasccp" type="23" sum="175"/>
<action no="8" player="Degreek" type="0" discard="1" dealt="1" sum="0"/>
</round>
</game>
<game gamecode="11516958534"><general><startdate>2025-06-17 11:58:06</startdate>
<round>1</round>
<failsafecounter/>
<players><player seat="10" name="GaciCar" chips="980" dealer="0" win="0" bet="45" muck="1" rebuy="0" addon="0" merge="0" rebuychips="0" reg_code="8385552452"/>
<player seat="3" name="oreiasccp" chips="230" dealer="1" win="0" bet="5" muck="1" rebuy="0" addon="0" merge="0" rebuychips="0" reg_code="8385552362"/>
<player seat="6" name="Degreek" chips="290" dealer="0" win="95" bet="290" muck="1" rebuy="0" addon="0" merge="0" rebuychips="0" reg_code="8385552364"/>
</players>
</general>
<round no="0"><action no="1" player="Degreek" type="15" discard="1" dealt="1" sum="5"/>
<action no="2" player="GaciCar" type="15" discard="1" dealt="1" sum="5"/>
<action no="3" player="oreiasccp" type="15" sum="5"/>
<action no="4" player="Degreek" type="1" discard="1" dealt="1" sum="20"/>
<action no="5" player="GaciCar" type="2" discard="1" dealt="1" sum="40"/>
</round>
<round no="1"><cards type="Pocket" player="Degreek">X X</cards>
<cards type="Pocket" player="GaciCar">X X</cards>
<cards type="Pocket" player="oreiasccp">D2 D4</cards>
<action no="6" player="oreiasccp" type="0" sum="0"/>
<action no="7" player="Degreek" type="23" discard="1" dealt="1" sum="285"/>
<action no="8" player="GaciCar" type="0" discard="1" dealt="1" sum="0"/>
</round>
</game>
<game gamecode="11516958584"><general><startdate>2025-06-17 11:58:18</startdate>
<round>1</round>
<failsafecounter/>
<players><player seat="3" name="oreiasccp" chips="225" dealer="0" win="0" bet="45" muck="1" rebuy="0" addon="0" merge="0" rebuychips="0" reg_code="8385552362"/>
<player seat="6" name="Degreek" chips="340" dealer="1" win="0" bet="5" muck="1" rebuy="0" addon="0" merge="0" rebuychips="0" reg_code="8385552364"/>
<player seat="10" name="GaciCar" chips="935" dealer="0" win="95" bet="140" muck="1" rebuy="0" addon="0" merge="0" rebuychips="0" reg_code="8385552452"/>
</players>
</general>
<round no="0"><action no="1" player="GaciCar" type="15" discard="1" dealt="1" sum="5"/>
<action no="2" player="oreiasccp" type="15" sum="5"/>
<action no="3" player="Degreek" type="15" discard="1" dealt="1" sum="5"/>
<action no="4" player="GaciCar" type="1" discard="1" dealt="1" sum="20"/>
<action no="5" player="oreiasccp" type="2" sum="40"/>
</round>
<round no="1"><cards type="Pocket" player="GaciCar">X X</cards>
<cards type="Pocket" player="oreiasccp">H8 DQ</cards>
<cards type="Pocket" player="Degreek">X X</cards>
<action no="6" player="Degreek" type="0" discard="1" dealt="1" sum="0"/>
<action no="7" player="GaciCar" type="3" discard="1" dealt="1" sum="20"/>
<action no="8" player="oreiasccp" type="4" sum="0"/>
</round>
<round no="2"><cards type="Flop">S7 C5 CK</cards>
<action no="9" player="GaciCar" type="4" discard="1" dealt="1" sum="0"/>
<action no="10" player="oreiasccp" type="4" sum="0"/>
</round>
<round no="3"><cards type="Turn">HK</cards>
<action no="11" player="GaciCar" type="4" discard="1" dealt="1" sum="0"/>
<action no="12" player="oreiasccp" type="4" sum="0"/>
</round>
<round no="4"><cards type="River">C4</cards>
<action no="13" player="GaciCar" type="5" discard="1" dealt="1" sum="95"/>
<action no="14" player="oreiasccp" type="0" sum="0"/>
</round>
</game>
<game gamecode="11516958690"><general><startdate>2025-06-17 11:58:46</startdate>
<round>1</round>
<failsafecounter/>
<players><player seat="6" name="Degreek" chips="335" dealer="0" win="0" bet="45" muck="1" rebuy="0" addon="0" merge="0" rebuychips="0" reg_code="8385552364"/>
<player seat="10" name="GaciCar" chips="985" dealer="1" win="0" bet="180" muck="1" rebuy="0" addon="0" merge="0" rebuychips="0" reg_code="8385552452"/>
<player seat="3" name="oreiasccp" chips="180" dealer="0" win="405" bet="180" muck="0" rebuy="0" addon="0" merge="0" rebuychips="0" reg_code="8385552362"/>
</players>
</general>
<round no="0"><action no="1" player="oreiasccp" type="15" sum="5"/>
<action no="2" player="Degreek" type="15" discard="1" dealt="1" sum="5"/>
<action no="3" player="GaciCar" type="15" discard="1" dealt="1" sum="5"/>
<action no="4" player="oreiasccp" type="1" sum="20"/>
<action no="5" player="Degreek" type="2" discard="1" dealt="1" sum="40"/>
</round>
<round no="1"><cards type="Pocket" player="GaciCar">HK S9</cards>
<cards type="Pocket" player="oreiasccp">C4 CA</cards>
<cards type="Pocket" player="Degreek">X X</cards>
<action no="6" player="GaciCar" type="3" discard="1" dealt="1" sum="40"/>
<action no="7" player="oreiasccp" type="23" sum="175"/>
<action no="8" player="Degreek" type="0" discard="1" dealt="1" sum="0"/>
<action no="9" player="GaciCar" type="3" discard="1" dealt="1" sum="135"/>
</round>
<round no="2"><cards type="Flop">DA S3 CQ</cards>
</round>
<round no="3"><cards type="Turn">C9</cards>
</round>
<round no="4"><cards type="River">D10</cards>
</round>
</game>
<game gamecode="11516958785"><general><startdate>2025-06-17 11:59:06</startdate>
<round>1</round>
<failsafecounter/>
<players><player seat="10" name="GaciCar" chips="805" dealer="0" win="95" bet="45" muck="0" rebuy="0" addon="0" merge="0" rebuychips="0" reg_code="8385552452"/>
<player seat="3" name="oreiasccp" chips="405" dealer="1" win="0" bet="5" muck="1" rebuy="0" addon="0" merge="0" rebuychips="0" reg_code="8385552362"/>
<player seat="6" name="Degreek" chips="290" dealer="0" win="0" bet="45" muck="1" rebuy="0" addon="0" merge="0" rebuychips="0" reg_code="8385552364"/>
</players>
</general>
<round no="0"><action no="1" player="Degreek" type="15" discard="1" dealt="1" sum="5"/>
<action no="2" player="GaciCar" type="15" discard="1" dealt="1" sum="5"/>
<action no="3" player="oreiasccp" type="15" sum="5"/>
<action no="4" player="Degreek" type="1" discard="1" dealt="1" sum="20"/>
<action no="5" player="GaciCar" type="2" discard="1" dealt="1" sum="40"/>
</round>
<round no="1"><cards type="Pocket" player="oreiasccp">C8 SK</cards>
<cards type="Pocket" player="Degreek">D10 D2</cards>
<cards type="Pocket" player="GaciCar">D9 HK</cards>
<action no="6" player="oreiasccp" type="0" sum="0"/>
<action no="7" player="Degreek" type="3" discard="1" dealt="1" sum="20"/>
<action no="8" player="GaciCar" type="4" discard="1" dealt="1" sum="0"/>
</round>
<round no="2"><cards type="Flop">HQ DQ SQ</cards>
<action no="9" player="Degreek" type="4" discard="1" dealt="1" sum="0"/>
<action no="10" player="GaciCar" type="4" discard="1" dealt="1" sum="0"/>
</round>
<round no="3"><cards type="Turn">S3</cards>
<action no="11" player="Degreek" type="4" discard="1" dealt="1" sum="0"/>
<action no="12" player="GaciCar" type="4" discard="1" dealt="1" sum="0"/>
</round>
<round no="4"><cards type="River">SJ</cards>
<action no="13" player="Degreek" type="4" discard="1" dealt="1" sum="0"/>
<action no="14" player="GaciCar" type="4" discard="1" dealt="1" sum="0"/>
</round>
</game>
<game gamecode="11516958867"><general><startdate>2025-06-17 11:59:28</startdate>
<round>1</round>
<failsafecounter/>
<players><player seat="3" name="oreiasccp" chips="400" dealer="0" win="95" bet="114" muck="1" rebuy="0" addon="0" merge="0" rebuychips="0" reg_code="8385552362"/>
<player seat="6" name="Degreek" chips="245" dealer="1" win="0" bet="5" muck="1" rebuy="0" addon="0" merge="0" rebuychips="0" reg_code="8385552364"/>
<player seat="10" name="GaciCar" chips="855" dealer="0" win="0" bet="45" muck="1" rebuy="0" addon="0" merge="0" rebuychips="0" reg_code="8385552452"/>
</players>
</general>
<round no="0"><action no="1" player="GaciCar" type="15" discard="1" dealt="1" sum="5"/>
<action no="2" player="oreiasccp" type="15" sum="5"/>
<action no="3" player="Degreek" type="15" discard="1" dealt="1" sum="5"/>
<action no="4" player="GaciCar" type="1" discard="1" dealt="1" sum="20"/>
<action no="5" player="oreiasccp" type="2" sum="40"/>
</round>
<round no="1"><cards type="Pocket" player="oreiasccp">S6 S8</cards>
<cards type="Pocket" player="Degreek">X X</cards>
<cards type="Pocket" player="GaciCar">X X</cards>
<action no="6" player="Degreek" type="0" discard="1" dealt="1" sum="0"/>
<action no="7" player="GaciCar" type="3" discard="1" dealt="1" sum="20"/>
<action no="8" player="oreiasccp" type="4" sum="0"/>
</round>
<round no="2"><cards type="Flop">D3 CA DK</cards>
<action no="9" player="GaciCar" type="4" discard="1" dealt="1" sum="0"/>
<action no="10" player="oreiasccp" type="4" sum="0"/>
</round>
<round no="3"><cards type="Turn">D5</cards>
<action no="11" player="GaciCar" type="4" discard="1" dealt="1" sum="0"/>
<action no="12" player="oreiasccp" type="5" sum="69"/>
<action no="13" player="GaciCar" type="0" discard="1" dealt="1" sum="0"/>
</round>
</game>
<game gamecode="11516958964"><general><startdate>2025-06-17 11:59:50</startdate>
<round>1</round>
<failsafecounter/>
<players><player seat="6" name="Degreek" chips="240" dealer="0" win="75" bet="65" muck="1" rebuy="0" addon="0" merge="0" rebuychips="0" reg_code="8385552364"/>
<player seat="10" name="GaciCar" chips="810" dealer="1" win="0" bet="5" muck="1" rebuy="0" addon="0" merge="0" rebuychips="0" reg_code="8385552452"/>
<player seat="3" name="oreiasccp" chips="450" dealer="0" win="0" bet="35" muck="1" rebuy="0" addon="0" merge="0" rebuychips="0" reg_code="8385552362"/>
</players>
</general>
<round no="0"><action no="1" player="oreiasccp" type="15" sum="5"/>
<action no="2" player="Degreek" type="15" discard="1" dealt="1" sum="5"/>
<action no="3" player="GaciCar" type="15" discard="1" dealt="1" sum="5"/>
<action no="4" player="oreiasccp" type="1" sum="30"/>
<action no="5" player="Degreek" type="2" discard="1" dealt="1" sum="60"/>
</round>
<round no="1"><cards type="Pocket" player="GaciCar">X X</cards>
<cards type="Pocket" player="Degreek">X X</cards>
<cards type="Pocket" player="oreiasccp">H3 C2</cards>
<action no="6" player="GaciCar" type="0" discard="1" dealt="1" sum="0"/>
<action no="7" player="oreiasccp" type="0" sum="0"/>
</round>
</game>
<game gamecode="11516958998"><general><startdate>2025-06-17 11:59:57</startdate>
<round>1</round>
<failsafecounter/>
<players><player seat="10" name="GaciCar" chips="805" dealer="0" win="0" bet="65" muck="1" rebuy="0" addon="0" merge="0" rebuychips="0" reg_code="8385552452"/>
<player seat="3" name="oreiasccp" chips="415" dealer="1" win="625" bet="280" muck="0" rebuy="0" addon="0" merge="0" rebuychips="0" reg_code="8385552362"/>
<player seat="6" name="Degreek" chips="280" dealer="0" win="0" bet="280" muck="0" rebuy="0" addon="0" merge="0" rebuychips="0" reg_code="8385552364"/>
</players>
</general>
<round no="0"><action no="1" player="Degreek" type="15" discard="1" dealt="1" sum="5"/>
<action no="2" player="GaciCar" type="15" discard="1" dealt="1" sum="5"/>
<action no="3" player="oreiasccp" type="15" sum="5"/>
<action no="4" player="Degreek" type="1" discard="1" dealt="1" sum="30"/>
<action no="5" player="GaciCar" type="2" discard="1" dealt="1" sum="60"/>
</round>
<round no="1"><cards type="Pocket" player="oreiasccp">HK DK</cards>
<cards type="Pocket" player="GaciCar">X X</cards>
<cards type="Pocket" player="Degreek">CK C3</cards>
<action no="6" player="oreiasccp" type="3" sum="60"/>
<action no="7" player="Degreek" type="23" discard="1" dealt="1" sum="275"/>
<action no="8" player="GaciCar" type="0" discard="1" dealt="1" sum="0"/>
<action no="9" player="oreiasccp" type="3" sum="215"/>
</round>
<round no="2"><cards type="Flop">S5 H7 SQ</cards>
</round>
<round no="3"><cards type="Turn">H8</cards>
</round>
<round no="4"><cards type="River">DA</cards>
</round>
</game>
<game gamecode="11516959076"><general><startdate>2025-06-17 12:00:18</startdate>
<round>1</round>
<failsafecounter/>
<players><player seat="3" name="oreiasccp" chips="760" dealer="0" win="70" bet="65" muck="1" rebuy="0" addon="0" merge="0" rebuychips="0" reg_code="8385552362"/>
<player seat="10" name="GaciCar" chips="740" dealer="1" win="0" bet="35" muck="1" rebuy="0" addon="0" merge="0" rebuychips="0" reg_code="8385552452"/>
</players>
</general>
<round no="0"><action no="1" player="GaciCar" type="15" discard="1" dealt="1" sum="5"/>
<action no="2" player="oreiasccp" type="15" sum="5"/>
<action no="3" player="GaciCar" type="1" discard="1" dealt="1" sum="30"/>
<action no="4" player="oreiasccp" type="2" sum="60"/>
</round>
<round no="1"><cards type="Pocket" player="GaciCar">X X</cards>
<cards type="Pocket" player="oreiasccp">H5 D5</cards>
<action no="5" player="GaciCar" type="0" discard="1" dealt="1" sum="0"/>
</round>
</game>
<game gamecode="11516959106"><general><startdate>2025-06-17 12:00:24</startdate>
<round>1</round>
<failsafecounter/>
<players><player seat="10" name="GaciCar" chips="705" dealer="0" win="70" bet="65" muck="1" rebuy="0" addon="0" merge="0" rebuychips="0" reg_code="8385552452"/>
<player seat="3" name="oreiasccp" chips="795" dealer="1" win="0" bet="35" muck="1" rebuy="0" addon="0" merge="0" rebuychips="0" reg_code="8385552362"/>
</players>
</general>
<round no="0"><action no="1" player="oreiasccp" type="15" sum="5"/>
<action no="2" player="GaciCar" type="15" discard="1" dealt="1" sum="5"/>
<action no="3" player="oreiasccp" type="1" sum="30"/>
<action no="4" player="GaciCar" type="2" discard="1" dealt="1" sum="60"/>
</round>
<round no="1"><cards type="Pocket" player="oreiasccp">D10 H4</cards>
<cards type="Pocket" player="GaciCar">X X</cards>
<action no="5" player="oreiasccp" type="0" sum="0"/>
</round>
</game>
<game gamecode="11516959124"><general><startdate>2025-06-17 12:00:29</startdate>
<round>1</round>
<failsafecounter/>
<players><player seat="3" name="oreiasccp" chips="760" dealer="0" win="130" bet="740" muck="1" rebuy="0" addon="0" merge="0" rebuychips="0" reg_code="8385552362"/>
<player seat="10" name="GaciCar" chips="740" dealer="1" win="0" bet="65" muck="1" rebuy="0" addon="0" merge="0" rebuychips="0" reg_code="8385552452"/>
</players>
</general>
<round no="0"><action no="1" player="GaciCar" type="15" discard="1" dealt="1" sum="5"/>
<action no="2" player="oreiasccp" type="15" sum="5"/>
<action no="3" player="GaciCar" type="1" discard="1" dealt="1" sum="30"/>
<action no="4" player="oreiasccp" type="2" sum="60"/>
</round>
<round no="1"><cards type="Pocket" player="GaciCar">X X</cards>
<cards type="Pocket" player="oreiasccp">C6 SA</cards>
<action no="5" player="GaciCar" type="3" discard="1" dealt="1" sum="30"/>
<action no="6" player="oreiasccp" type="23" sum="735"/>
<action no="7" player="GaciCar" type="0" discard="1" dealt="1" sum="0"/>
</round>
</game>
<game gamecode="11516959182"><general><startdate>2025-06-17 12:00:40</startdate>
<round>1</round>
<failsafecounter/>
<players><player seat="10" name="GaciCar" chips="675" dealer="0" win="0" bet="65" muck="1" rebuy="0" addon="0" merge="0" rebuychips="0" reg_code="8385552452"/>
<player seat="3" name="oreiasccp" chips="825" dealer="1" win="130" bet="125" muck="1" rebuy="0" addon="0" merge="0" rebuychips="0" reg_code="8385552362"/>
</players>
</general>
<round no="0"><action no="1" player="oreiasccp" type="15" sum="5"/>
<action no="2" player="GaciCar" type="15" discard="1" dealt="1" sum="5"/>
<action no="3" player="oreiasccp" type="1" sum="30"/>
<action no="4" player="GaciCar" type="2" discard="1" dealt="1" sum="60"/>
</round>
<round no="1"><cards type="Pocket" player="GaciCar">X X</cards>
<cards type="Pocket" player="oreiasccp">S6 D5</cards>
<action no="5" player="oreiasccp" type="3" sum="30"/>
<action no="6" player="GaciCar" type="4" discard="1" dealt="1" sum="0"/>
</round>
<round no="2"><cards type="Flop">SA D3 HA</cards>
<action no="7" player="GaciCar" type="4" discard="1" dealt="1" sum="0"/>
<action no="8" player="oreiasccp" type="5" sum="60"/>
<action no="9" player="GaciCar" type="0" discard="1" dealt="1" sum="0"/>
</round>
</game>
<game gamecode="11516959240"><general><startdate>2025-06-17 12:00:52</startdate>
<round>1</round>
<failsafecounter/>
<players><player seat="3" name="oreiasccp" chips="890" dealer="0" win="70" bet="65" muck="1" rebuy="0" addon="0" merge="0" rebuychips="0" reg_code="8385552362"/>
<player seat="10" name="GaciCar" chips="610" dealer="1" win="0" bet="35" muck="1" rebuy="0" addon="0" merge="0" rebuychips="0" reg_code="8385552452"/>
</players>
</general>
<round no="0"><action no="1" player="GaciCar" type="15" discard="1" dealt="1" sum="5"/>
<action no="2" player="oreiasccp" type="15" sum="5"/>
<action no="3" player="GaciCar" type="1" discard="1" dealt="1" sum="30"/>
<action no="4" player="oreiasccp" type="2" sum="60"/>
</round>
<round no="1"><cards type="Pocket" player="oreiasccp">DA D4</cards>
<cards type="Pocket" player="GaciCar">X X</cards>
<action no="5" player="GaciCar" type="0" discard="1" dealt="1" sum="0"/>
</round>
</game>
<game gamecode="11516959258"><general><startdate>2025-06-17 12:00:58</startdate>
<round>1</round>
<failsafecounter/>
<players><player seat="10" name="GaciCar" chips="575" dealer="0" win="0" bet="125" muck="1" rebuy="0" addon="0" merge="0" rebuychips="0" reg_code="8385552452"/>
<player seat="3" name="oreiasccp" chips="925" dealer="1" win="250" bet="308" muck="1" rebuy="0" addon="0" merge="0" rebuychips="0" reg_code="8385552362"/>
</players>
</general>
<round no="0"><action no="1" player="oreiasccp" type="15" sum="5"/>
<action no="2" player="GaciCar" type="15" discard="1" dealt="1" sum="5"/>
<action no="3" player="oreiasccp" type="1" sum="30"/>
<action no="4" player="GaciCar" type="2" discard="1" dealt="1" sum="60"/>
</round>
<round no="1"><cards type="Pocket" player="GaciCar">X X</cards>
<cards type="Pocket" player="oreiasccp">DK D10</cards>
<action no="5" player="oreiasccp" type="3" sum="30"/>
<action no="6" player="GaciCar" type="4" discard="1" dealt="1" sum="0"/>
</round>
<round no="2"><cards type="Flop">HQ HJ HK</cards>
<action no="7" player="GaciCar" type="5" discard="1" dealt="1" sum="60"/>
<action no="8" player="oreiasccp" type="3" sum="60"/>
</round>
<round no="3"><cards type="Turn">S8</cards>
<action no="9" player="GaciCar" type="4" discard="1" dealt="1" sum="0"/>
<action no="10" player="oreiasccp" type="5" sum="183"/>
<action no="11" player="GaciCar" type="0" discard="1" dealt="1" sum="0"/>
</round>
</game>
<game gamecode="11516959329"><general><startdate>2025-06-17 12:01:17</startdate>
<round>1</round>
<failsafecounter/>
<players><player seat="3" name="oreiasccp" chips="1,050" dealer="0" win="70" bet="65" muck="1" rebuy="0" addon="0" merge="0" rebuychips="0" reg_code="8385552362"/>
<player seat="10" name="GaciCar" chips="450" dealer="1" win="0" bet="35" muck="1" rebuy="0" addon="0" merge="0" rebuychips="0" reg_code="8385552452"/>
</players>
</general>
<round no="0"><action no="1" player="GaciCar" type="15" discard="1" dealt="1" sum="5"/>
<action no="2" player="oreiasccp" type="15" sum="5"/>
<action no="3" player="GaciCar" type="1" discard="1" dealt="1" sum="30"/>
<action no="4" player="oreiasccp" type="2" sum="60"/>
</round>
<round no="1"><cards type="Pocket" player="oreiasccp">D9 C4</cards>
<cards type="Pocket" player="GaciCar">X X</cards>
<action no="5" player="GaciCar" type="0" discard="1" dealt="1" sum="0"/>
</round>
</game>
<game gamecode="11516959373"><general><startdate>2025-06-17 12:01:25</startdate>
<round>1</round>
<failsafecounter/>
<players><player seat="10" name="GaciCar" chips="415" dealer="0" win="0" bet="65" muck="1" rebuy="0" addon="0" merge="0" rebuychips="0" reg_code="8385552452"/>
<player seat="3" name="oreiasccp" chips="1,085" dealer="1" win="130" bet="415" muck="1" rebuy="0" addon="0" merge="0" rebuychips="0" reg_code="8385552362"/>
</players>
</general>
<round no="0"><action no="1" player="oreiasccp" type="15" sum="5"/>
<action no="2" player="GaciCar" type="15" discard="1" dealt="1" sum="5"/>
<action no="3" player="oreiasccp" type="1" sum="30"/>
<action no="4" player="GaciCar" type="2" discard="1" dealt="1" sum="60"/>
</round>
<round no="1"><cards type="Pocket" player="oreiasccp">SA D3</cards>
<cards type="Pocket" player="GaciCar">X X</cards>
<action no="5" player="oreiasccp" type="23" sum="410"/>
<action no="6" player="GaciCar" type="0" discard="1" dealt="1" sum="0"/>
</round>
</game>
<game gamecode="11516959405"><general><startdate>2025-06-17 12:01:33</startdate>
<round>1</round>
<failsafecounter/>
<players><player seat="3" name="oreiasccp" chips="1,150" dealer="0" win="700" bet="350" muck="0" rebuy="0" addon="0" merge="0" rebuychips="0" reg_code="8385552362"/>
<player seat="10" name="GaciCar" chips="350" dealer="1" win="0" bet="350" muck="0" rebuy="0" addon="0" merge="0" rebuychips="0" reg_code="8385552452"/>
</players>
</general>
<round no="0"><action no="1" player="GaciCar" type="15" discard="1" dealt="1" sum="5"/>
<action no="2" player="oreiasccp" type="15" sum="5"/>
<action no="3" player="GaciCar" type="1" discard="1" dealt="1" sum="30"/>
<action no="4" player="oreiasccp" type="2" sum="60"/>
</round>
<round no="1"><cards type="Pocket" player="oreiasccp">C6 D6</cards>
<cards type="Pocket" player="GaciCar">H5 SK</cards>
<action no="5" player="GaciCar" type="23" discard="1" dealt="1" sum="345"/>
<action no="6" player="oreiasccp" type="3" sum="285"/>
</round>
<round no="2"><cards type="Flop">S8 HK H6</cards>
</round>
<round no="3"><cards type="Turn">C3</cards>
</round>
<round no="4"><cards type="River">S4</cards>
</round>
</game>
</session>
