<?xml version="1.0" encoding="UTF-8"?>
<session sessioncode="8385500835">
<general>
<client_version>24.7.1.16</client_version>
<mode>real</mode>
<gametype>Holdem NL</gametype>
<tablename>Twister €5 SNG, 1127663371</tablename>
<tournamentcode>1127663370</tournamentcode>
<tournamentname>Twister €5 SNG</tournamentname>
<buyin>€0 + €0.35 + €4.65</buyin>
<totalbuyin>€5</totalbuyin>
<rewarddrawn>€15</rewarddrawn>
<tournamentcurrency>EUR</tournamentcurrency>
<currency>EUR</currency>
<nickname>oreiasccp</nickname>
<gamecount>22</gamecount>
<startdate>2025-06-17 08:57:44</startdate>
<place>2</place>
<win>€0</win>
<tablesize>3</tablesize>
</general>
<game gamecode="11516808398"><general><startdate>2025-06-17 08:57:59</startdate>
<round>1</round>
<failsafecounter/>
<players><player seat="6" name="gasgas" chips="500" dealer="0" win="80" bet="40" muck="0" rebuy="0" addon="0" merge="0" rebuychips="0" reg_code="8385500918"/>
<player seat="10" name="Vasilas007" chips="500" dealer="1" win="0" bet="0" muck="1" rebuy="0" addon="0" merge="0" rebuychips="0" reg_code="8385500957"/>
<player seat="3" name="oreiasccp" chips="500" dealer="0" win="0" bet="40" muck="1" rebuy="0" addon="0" merge="0" rebuychips="0" reg_code="8385500835"/>
</players>
</general>
<round no="0"><action no="1" player="oreiasccp" type="1" sum="10"/>
<action no="2" player="gasgas" type="2" discard="1" dealt="1" sum="20"/>
</round>
<round no="1"><cards type="Pocket" player="gasgas">H7 S4</cards>
<cards type="Pocket" player="oreiasccp">C6 CA</cards>
<cards type="Pocket" player="Vasilas007">X X</cards>
<action no="3" player="Vasilas007" type="0" discard="1" dealt="1" sum="0"/>
<action no="4" player="oreiasccp" type="23" sum="40"/>
<action no="5" player="gasgas" type="3" discard="1" dealt="1" sum="20"/>
</round>
<round no="2"><cards type="Flop">D10 H3 D9</cards>
<action no="6" player="oreiasccp" type="4" sum="0"/>
<action no="7" player="gasgas" type="4" discard="1" dealt="1" sum="0"/>
</round>
<round no="3"><cards type="Turn">C5</cards>
<action no="8" player="oreiasccp" type="4" sum="0"/>
<action no="9" player="gasgas" type="4" discard="1" dealt="1" sum="0"/>
</round>
<round no="4"><cards type="River">D7</cards>
<action no="10" player="oreiasccp" type="4" sum="0"/>
<action no="11" player="gasgas" type="4" discard="1" dealt="1" sum="0"/>
</round>
</game>
<game gamecode="11516808495"><general><startdate>2025-06-17 08:58:29</startdate>
<round>1</round>
<failsafecounter/>
<players><player seat="10" name="Vasilas007" chips="500" dealer="0" win="0" bet="20" muck="1" rebuy="0" addon="0" merge="0" rebuychips="0" reg_code="8385500957"/>
<player seat="3" name="oreiasccp" chips="460" dealer="1" win="0" bet="40" muck="1" rebuy="0" addon="0" merge="0" rebuychips="0" reg_code="8385500835"/>
<player seat="6" name="gasgas" chips="540" dealer="0" win="100" bet="540" muck="1" rebuy="0" addon="0" merge="0" rebuychips="0" reg_code="8385500918"/>
</players>
</general>
<round no="0"><action no="1" player="gasgas" type="1" discard="1" dealt="1" sum="10"/>
<action no="2" player="Vasilas007" type="2" discard="1" dealt="1" sum="20"/>
</round>
<round no="1"><cards type="Pocket" player="oreiasccp">DK H9</cards>
<cards type="Pocket" player="Vasilas007">X X</cards>
<cards type="Pocket" player="gasgas">X X</cards>
<action no="3" player="oreiasccp" type="23" sum="40"/>
<action no="4" player="gasgas" type="23" discard="1" dealt="1" sum="540"/>
<action no="5" player="Vasilas007" type="0" discard="1" dealt="1" sum="0"/>
<action no="6" player="oreiasccp" type="0" sum="0"/>
</round>
</game>
<game gamecode="11516808532"><general><startdate>2025-06-17 08:58:42</startdate>
<round>1</round>
<failsafecounter/>
<players><player seat="3" name="oreiasccp" chips="420" dealer="0" win="120" bet="260" muck="1" rebuy="0" addon="0" merge="0" rebuychips="0" reg_code="8385500835"/>
<player seat="6" name="gasgas" chips="600" dealer="1" win="0" bet="0" muck="1" rebuy="0" addon="0" merge="0" rebuychips="0" reg_code="8385500918"/>
<player seat="10" name="Vasilas007" chips="480" dealer="0" win="0" bet="60" muck="1" rebuy="0" addon="0" merge="0" rebuychips="0" reg_code="8385500957"/>
</players>
</general>
<round no="0"><action no="1" player="Vasilas007" type="1" discard="1" dealt="1" sum="10"/>
<action no="2" player="oreiasccp" type="2" sum="20"/>
</round>
<round no="1"><cards type="Pocket" player="gasgas">X X</cards>
<cards type="Pocket" player="Vasilas007">X X</cards>
<cards type="Pocket" player="oreiasccp">S4 SQ</cards>
<action no="3" player="gasgas" type="0" discard="1" dealt="1" sum="0"/>
<action no="4" player="Vasilas007" type="3" discard="1" dealt="1" sum="10"/>
<action no="5" player="oreiasccp" type="4" sum="0"/>
</round>
<round no="2"><cards type="Flop">HJ C3 H2</cards>
<action no="6" player="Vasilas007" type="4" discard="1" dealt="1" sum="0"/>
<action no="7" player="oreiasccp" type="4" sum="0"/>
</round>
<round no="3"><cards type="Turn">H5</cards>
<action no="8" player="Vasilas007" type="5" discard="1" dealt="1" sum="40"/>
<action no="9" player="oreiasccp" type="3" sum="40"/>
</round>
<round no="4"><cards type="River">H7</cards>
<action no="10" player="Vasilas007" type="4" discard="1" dealt="1" sum="0"/>
<action no="11" player="oreiasccp" type="5" sum="200"/>
<action no="12" player="Vasilas007" type="0" discard="1" dealt="1" sum="0"/>
</round>
</game>
<game gamecode="11516808614"><general><startdate>2025-06-17 08:59:08</startdate>
<round>1</round>
<failsafecounter/>
<players><player seat="6" name="gasgas" chips="600" dealer="0" win="280" bet="140" muck="0" rebuy="0" addon="0" merge="0" rebuychips="0" reg_code="8385500918"/>
<player seat="10" name="Vasilas007" chips="420" dealer="1" win="0" bet="0" muck="1" rebuy="0" addon="0" merge="0" rebuychips="0" reg_code="8385500957"/>
<player seat="3" name="oreiasccp" chips="480" dealer="0" win="0" bet="140" muck="1" rebuy="0" addon="0" merge="0" rebuychips="0" reg_code="8385500835"/>
</players>
</general>
<round no="0"><action no="1" player="oreiasccp" type="1" sum="10"/>
<action no="2" player="gasgas" type="2" discard="1" dealt="1" sum="20"/>
</round>
<round no="1"><cards type="Pocket" player="gasgas">S9 S3</cards>
<cards type="Pocket" player="Vasilas007">X X</cards>
<cards type="Pocket" player="oreiasccp">DK DJ</cards>
<action no="3" player="Vasilas007" type="0" discard="1" dealt="1" sum="0"/>
<action no="4" player="oreiasccp" type="23" sum="40"/>
<action no="5" player="gasgas" type="3" discard="1" dealt="1" sum="20"/>
</round>
<round no="2"><cards type="Flop">CA D3 S7</cards>
<action no="6" player="oreiasccp" type="5" sum="20"/>
<action no="7" player="gasgas" type="3" discard="1" dealt="1" sum="20"/>
</round>
<round no="3"><cards type="Turn">S10</cards>
<action no="8" player="oreiasccp" type="5" sum="80"/>
<action no="9" player="gasgas" type="3" discard="1" dealt="1" sum="80"/>
</round>
<round no="4"><cards type="River">H10</cards>
<action no="10" player="oreiasccp" type="4" sum="0"/>
<action no="11" player="gasgas" type="4" discard="1" dealt="1" sum="0"/>
</round>
</game>
<game gamecode="11516808744"><general><startdate>2025-06-17 08:59:44</startdate>
<round>1</round>
<failsafecounter/>
<players><player seat="10" name="Vasilas007" chips="420" dealer="0" win="274" bet="137" muck="0" rebuy="0" addon="0" merge="0" rebuychips="0" reg_code="8385500957"/>
<player seat="3" name="oreiasccp" chips="340" dealer="1" win="0" bet="0" muck="1" rebuy="0" addon="0" merge="0" rebuychips="0" reg_code="8385500835"/>
<player seat="6" name="gasgas" chips="740" dealer="0" win="0" bet="137" muck="1" rebuy="0" addon="0" merge="0" rebuychips="0" reg_code="8385500918"/>
</players>
</general>
<round no="0"><action no="1" player="gasgas" type="1" discard="1" dealt="1" sum="10"/>
<action no="2" player="Vasilas007" type="2" discard="1" dealt="1" sum="20"/>
</round>
<round no="1"><cards type="Pocket" player="oreiasccp">H8 SQ</cards>
<cards type="Pocket" player="Vasilas007">S8 DA</cards>
<cards type="Pocket" player="gasgas">D10 HQ</cards>
<action no="3" player="oreiasccp" type="0" sum="0"/>
<action no="4" player="gasgas" type="23" discard="1" dealt="1" sum="50"/>
<action no="5" player="Vasilas007" type="3" discard="1" dealt="1" sum="30"/>
</round>
<round no="2"><cards type="Flop">S9 CA S10</cards>
<action no="6" player="gasgas" type="5" discard="1" dealt="1" sum="33"/>
<action no="7" player="Vasilas007" type="3" discard="1" dealt="1" sum="33"/>
</round>
<round no="3"><cards type="Turn">HK</cards>
<action no="8" player="gasgas" type="5" discard="1" dealt="1" sum="54"/>
<action no="9" player="Vasilas007" type="3" discard="1" dealt="1" sum="54"/>
</round>
<round no="4"><cards type="River">C7</cards>
<action no="10" player="gasgas" type="4" discard="1" dealt="1" sum="0"/>
<action no="11" player="Vasilas007" type="4" discard="1" dealt="1" sum="0"/>
</round>
</game>
<game gamecode="11516808821"><general><startdate>2025-06-17 09:00:09</startdate>
<round>1</round>
<failsafecounter/>
<players><player seat="3" name="oreiasccp" chips="340" dealer="0" win="75" bet="340" muck="1" rebuy="0" addon="0" merge="0" rebuychips="0" reg_code="8385500835"/>
<player seat="6" name="gasgas" chips="603" dealer="1" win="0" bet="5" muck="1" rebuy="0" addon="0" merge="0" rebuychips="0" reg_code="8385500918"/>
<player seat="10" name="Vasilas007" chips="557" dealer="0" win="0" bet="35" muck="1" rebuy="0" addon="0" merge="0" rebuychips="0" reg_code="8385500957"/>
</players>
</general>
<round no="0"><action no="1" player="Vasilas007" type="15" discard="1" dealt="1" sum="5"/>
<action no="2" player="oreiasccp" type="15" sum="5"/>
<action no="3" player="gasgas" type="15" discard="1" dealt="1" sum="5"/>
<action no="4" player="Vasilas007" type="1" discard="1" dealt="1" sum="15"/>
<action no="5" player="oreiasccp" type="2" sum="30"/>
</round>
<round no="1"><cards type="Pocket" player="gasgas">X X</cards>
<cards type="Pocket" player="oreiasccp">H8 CA</cards>
<cards type="Pocket" player="Vasilas007">X X</cards>
<action no="6" player="gasgas" type="0" discard="1" dealt="1" sum="0"/>
<action no="7" player="Vasilas007" type="3" discard="1" dealt="1" sum="15"/>
<action no="8" player="oreiasccp" type="23" sum="335"/>
<action no="9" player="Vasilas007" type="0" discard="1" dealt="1" sum="0"/>
</round>
</game>
<game gamecode="11516808846"><general><startdate>2025-06-17 09:00:19</startdate>
<round>1</round>
<failsafecounter/>
<players><player seat="6" name="gasgas" chips="598" dealer="0" win="0" bet="380" muck="1" rebuy="0" addon="0" merge="0" rebuychips="0" reg_code="8385500918"/>
<player seat="10" name="Vasilas007" chips="522" dealer="1" win="0" bet="5" muck="1" rebuy="0" addon="0" merge="0" rebuychips="0" reg_code="8385500957"/>
<player seat="3" name="oreiasccp" chips="380" dealer="0" win="765" bet="380" muck="0" rebuy="0" addon="0" merge="0" rebuychips="0" reg_code="8385500835"/>
</players>
</general>
<round no="0"><action no="1" player="oreiasccp" type="15" sum="5"/>
<action no="2" player="gasgas" type="15" discard="1" dealt="1" sum="5"/>
<action no="3" player="Vasilas007" type="15" discard="1" dealt="1" sum="5"/>
<action no="4" player="oreiasccp" type="1" sum="15"/>
<action no="5" player="gasgas" type="2" discard="1" dealt="1" sum="30"/>
</round>
<round no="1"><cards type="Pocket" player="gasgas">C8 HA</cards>
<cards type="Pocket" player="Vasilas007">X X</cards>
<cards type="Pocket" player="oreiasccp">H3 CK</cards>
<action no="6" player="Vasilas007" type="0" discard="1" dealt="1" sum="0"/>
<action no="7" player="oreiasccp" type="23" sum="375"/>
<action no="8" player="gasgas" type="3" discard="1" dealt="1" sum="345"/>
</round>
<round no="2"><cards type="Flop">D8 S9 DK</cards>
</round>
<round no="3"><cards type="Turn">H6</cards>
</round>
<round no="4"><cards type="River">D7</cards>
</round>
</game>
<game gamecode="11516808917"><general><startdate>2025-06-17 09:00:43</startdate>
<round>1</round>
<failsafecounter/>
<players><player seat="10" name="Vasilas007" chips="517" dealer="0" win="441" bet="218" muck="0" rebuy="0" addon="0" merge="0" rebuychips="0" reg_code="8385500957"/>
<player seat="3" name="oreiasccp" chips="765" dealer="1" win="0" bet="5" muck="1" rebuy="0" addon="0" merge="0" rebuychips="0" reg_code="8385500835"/>
<player seat="6" name="gasgas" chips="218" dealer="0" win="0" bet="218" muck="0" rebuy="0" addon="0" merge="0" rebuychips="0" reg_code="8385500918"/>
</players>
</general>
<round no="0"><action no="1" player="gasgas" type="15" discard="1" dealt="1" sum="5"/>
<action no="2" player="Vasilas007" type="15" discard="1" dealt="1" sum="5"/>
<action no="3" player="oreiasccp" type="15" sum="5"/>
<action no="4" player="gasgas" type="1" discard="1" dealt="1" sum="15"/>
<action no="5" player="Vasilas007" type="2" discard="1" dealt="1" sum="30"/>
</round>
<round no="1"><cards type="Pocket" player="Vasilas007">H7 CA</cards>
<cards type="Pocket" player="oreiasccp">D4 S3</cards>
<cards type="Pocket" player="gasgas">HQ H6</cards>
<action no="6" player="oreiasccp" type="0" sum="0"/>
<action no="7" player="gasgas" type="23" discard="1" dealt="1" sum="213"/>
<action no="8" player="Vasilas007" type="3" discard="1" dealt="1" sum="183"/>
</round>
<round no="2"><cards type="Flop">S2 C9 C7</cards>
</round>
<round no="3"><cards type="Turn">SK</cards>
</round>
<round no="4"><cards type="River">HA</cards>
</round>
</game>
<game gamecode="11516808972"><general><startdate>2025-06-17 09:01:02</startdate>
<round>1</round>
<failsafecounter/>
<players><player seat="3" name="oreiasccp" chips="760" dealer="0" win="0" bet="86" muck="0" rebuy="0" addon="0" merge="0" rebuychips="0" reg_code="8385500835"/>
<player seat="10" name="Vasilas007" chips="740" dealer="1" win="172" bet="86" muck="0" rebuy="0" addon="0" merge="0" rebuychips="0" reg_code="8385500957"/>
</players>
</general>
<round no="0"><action no="1" player="Vasilas007" type="15" discard="1" dealt="1" sum="5"/>
<action no="2" player="oreiasccp" type="15" sum="5"/>
<action no="3" player="Vasilas007" type="1" discard="1" dealt="1" sum="15"/>
<action no="4" player="oreiasccp" type="2" sum="30"/>
</round>
<round no="1"><cards type="Pocket" player="Vasilas007">H4 HJ</cards>
<cards type="Pocket" player="oreiasccp">C4 H8</cards>
<action no="5" player="Vasilas007" type="3" discard="1" dealt="1" sum="15"/>
<action no="6" player="oreiasccp" type="4" sum="0"/>
</round>
<round no="2"><cards type="Flop">DJ C3 C7</cards>
<action no="7" player="oreiasccp" type="4" sum="0"/>
<action no="8" player="Vasilas007" type="4" discard="1" dealt="1" sum="0"/>
</round>
<round no="3"><cards type="Turn">DK</cards>
<action no="9" player="oreiasccp" type="4" sum="0"/>
<action no="10" player="Vasilas007" type="4" discard="1" dealt="1" sum="0"/>
</round>
<round no="4"><cards type="River">S6</cards>
<action no="11" player="oreiasccp" type="5" sum="51"/>
<action no="12" player="Vasilas007" type="3" discard="1" dealt="1" sum="51"/>
</round>
</game>
<game gamecode="11516809036"><general><startdate>2025-06-17 09:01:22</startdate>
<round>1</round>
<failsafecounter/>
<players><player seat="10" name="Vasilas007" chips="826" dealer="0" win="0" bet="65" muck="1" rebuy="0" addon="0" merge="0" rebuychips="0" reg_code="8385500957"/>
<player seat="3" name="oreiasccp" chips="674" dealer="1" win="130" bet="160" muck="1" rebuy="0" addon="0" merge="0" rebuychips="0" reg_code="8385500835"/>
</players>
</general>
<round no="0"><action no="1" player="oreiasccp" type="15" sum="5"/>
<action no="2" player="Vasilas007" type="15" discard="1" dealt="1" sum="5"/>
<action no="3" player="oreiasccp" type="1" sum="15"/>
<action no="4" player="Vasilas007" type="2" discard="1" dealt="1" sum="30"/>
</round>
<round no="1"><cards type="Pocket" player="Vasilas007">X X</cards>
<cards type="Pocket" player="oreiasccp">C5 S4</cards>
<action no="5" player="oreiasccp" type="3" sum="15"/>
<action no="6" player="Vasilas007" type="4" discard="1" dealt="1" sum="0"/>
</round>
<round no="2"><cards type="Flop">D4 HJ C4</cards>
<action no="7" player="Vasilas007" type="4" discard="1" dealt="1" sum="0"/>
<action no="8" player="oreiasccp" type="5" sum="30"/>
<action no="9" player="Vasilas007" type="3" discard="1" dealt="1" sum="30"/>
</round>
<round no="3"><cards type="Turn">S9</cards>
<action no="10" player="Vasilas007" type="4" discard="1" dealt="1" sum="0"/>
<action no="11" player="oreiasccp" type="5" sum="95"/>
<action no="12" player="Vasilas007" type="0" discard="1" dealt="1" sum="0"/>
</round>
</game>
<game gamecode="11516809071"><general><startdate>2025-06-17 09:01:35</startdate>
<round>1</round>
<failsafecounter/>
<players><player seat="3" name="oreiasccp" chips="739" dealer="0" win="0" bet="65" muck="0" rebuy="0" addon="0" merge="0" rebuychips="0" reg_code="8385500835"/>
<player seat="10" name="Vasilas007" chips="761" dealer="1" win="130" bet="65" muck="0" rebuy="0" addon="0" merge="0" rebuychips="0" reg_code="8385500957"/>
</players>
</general>
<round no="0"><action no="1" player="Vasilas007" type="15" discard="1" dealt="1" sum="5"/>
<action no="2" player="oreiasccp" type="15" sum="5"/>
<action no="3" player="Vasilas007" type="1" discard="1" dealt="1" sum="15"/>
<action no="4" player="oreiasccp" type="2" sum="30"/>
</round>
<round no="1"><cards type="Pocket" player="Vasilas007">D10 S9</cards>
<cards type="Pocket" player="oreiasccp">D3 D7</cards>
<action no="5" player="Vasilas007" type="3" discard="1" dealt="1" sum="15"/>
<action no="6" player="oreiasccp" type="4" sum="0"/>
</round>
<round no="2"><cards type="Flop">C10 CJ H2</cards>
<action no="7" player="oreiasccp" type="4" sum="0"/>
<action no="8" player="Vasilas007" type="4" discard="1" dealt="1" sum="0"/>
</round>
<round no="3"><cards type="Turn">C2</cards>
<action no="9" player="oreiasccp" type="4" sum="0"/>
<action no="10" player="Vasilas007" type="4" discard="1" dealt="1" sum="0"/>
</round>
<round no="4"><cards type="River">HK</cards>
<action no="11" player="oreiasccp" type="5" sum="30"/>
<action no="12" player="Vasilas007" type="3" discard="1" dealt="1" sum="30"/>
</round>
</game>
<game gamecode="11516813651"><general><startdate>2025-06-17 09:01:52</startdate>
<round>1</round>
<failsafecounter/>
<players><player seat="10" name="Vasilas007" chips="826" dealer="0" win="40" bet="35" muck="1" rebuy="0" addon="0" merge="0" rebuychips="0" reg_code="8385500957"/>
<player seat="3" name="oreiasccp" chips="674" dealer="1" win="0" bet="20" muck="1" rebuy="0" addon="0" merge="0" rebuychips="0" reg_code="8385500835"/>
</players>
</general>
<round no="0"><action no="1" player="oreiasccp" type="15" sum="5"/>
<action no="2" player="Vasilas007" type="15" discard="1" dealt="1" sum="5"/>
<action no="3" player="oreiasccp" type="1" sum="15"/>
<action no="4" player="Vasilas007" type="2" discard="1" dealt="1" sum="30"/>
</round>
<round no="1"><cards type="Pocket" player="Vasilas007">X X</cards>
<cards type="Pocket" player="oreiasccp">H2 S7</cards>
<action no="5" player="oreiasccp" type="0" sum="0"/>
</round>
</game>
<game gamecode="11516813674"><general><startdate>2025-06-17 09:01:57</startdate>
<round>1</round>
<failsafecounter/>
<players><player seat="3" name="oreiasccp" chips="654" dealer="0" win="0" bet="330" muck="1" rebuy="0" addon="0" merge="0" rebuychips="0" reg_code="8385500835"/>
<player seat="10" name="Vasilas007" chips="846" dealer="1" win="660" bet="330" muck="0" rebuy="0" addon="0" merge="0" rebuychips="0" reg_code="8385500957"/>
</players>
</general>
<round no="0"><action no="1" player="Vasilas007" type="15" discard="1" dealt="1" sum="5"/>
<action no="2" player="oreiasccp" type="15" sum="5"/>
<action no="3" player="Vasilas007" type="1" discard="1" dealt="1" sum="20"/>
<action no="4" player="oreiasccp" type="2" sum="40"/>
</round>
<round no="1"><cards type="Pocket" player="Vasilas007">H5 D3</cards>
<cards type="Pocket" player="oreiasccp">D8 S8</cards>
<action no="5" player="Vasilas007" type="3" discard="1" dealt="1" sum="20"/>
<action no="6" player="oreiasccp" type="23" sum="80"/>
<action no="7" player="Vasilas007" type="3" discard="1" dealt="1" sum="40"/>
</round>
<round no="2"><cards type="Flop">D9 S6 D4</cards>
<action no="8" player="oreiasccp" type="5" sum="40"/>
<action no="9" player="Vasilas007" type="3" discard="1" dealt="1" sum="40"/>
</round>
<round no="3"><cards type="Turn">H2</cards>
<action no="10" player="oreiasccp" type="4" sum="0"/>
<action no="11" player="Vasilas007" type="5" discard="1" dealt="1" sum="40"/>
<action no="12" player="oreiasccp" type="3" sum="40"/>
</round>
<round no="4"><cards type="River">S9</cards>
<action no="13" player="oreiasccp" type="4" sum="0"/>
<action no="14" player="Vasilas007" type="5" discard="1" dealt="1" sum="165"/>
<action no="15" player="oreiasccp" type="3" sum="165"/>
</round>
</game>
<game gamecode="11516813749"><general><startdate>2025-06-17 09:02:21</startdate>
<round>1</round>
<failsafecounter/>
<players><player seat="10" name="Vasilas007" chips="1,176" dealer="0" win="0" bet="324" muck="1" rebuy="0" addon="0" merge="0" rebuychips="0" reg_code="8385500957"/>
<player seat="3" name="oreiasccp" chips="324" dealer="1" win="648" bet="324" muck="0" rebuy="0" addon="0" merge="0" rebuychips="0" reg_code="8385500835"/>
</players>
</general>
<round no="0"><action no="1" player="oreiasccp" type="15" sum="5"/>
<action no="2" player="Vasilas007" type="15" discard="1" dealt="1" sum="5"/>
<action no="3" player="oreiasccp" type="1" sum="20"/>
<action no="4" player="Vasilas007" type="2" discard="1" dealt="1" sum="40"/>
</round>
<round no="1"><cards type="Pocket" player="Vasilas007">H6 S7</cards>
<cards type="Pocket" player="oreiasccp">CK HK</cards>
<action no="5" player="oreiasccp" type="3" sum="20"/>
<action no="6" player="Vasilas007" type="4" discard="1" dealt="1" sum="0"/>
</round>
<round no="2"><cards type="Flop">C3 D10 D7</cards>
<action no="7" player="Vasilas007" type="4" discard="1" dealt="1" sum="0"/>
<action no="8" player="oreiasccp" type="5" sum="40"/>
<action no="9" player="Vasilas007" type="3" discard="1" dealt="1" sum="40"/>
</round>
<round no="3"><cards type="Turn">HQ</cards>
<action no="10" player="Vasilas007" type="4" discard="1" dealt="1" sum="0"/>
<action no="11" player="oreiasccp" type="5" sum="85"/>
<action no="12" player="Vasilas007" type="3" discard="1" dealt="1" sum="85"/>
</round>
<round no="4"><cards type="River">H5</cards>
<action no="13" player="Vasilas007" type="4" discard="1" dealt="1" sum="0"/>
<action no="14" player="oreiasccp" type="5" sum="154"/>
<action no="15" player="Vasilas007" type="3" discard="1" dealt="1" sum="154"/>
</round>
</game>
<game gamecode="11516813828"><general><startdate>2025-06-17 09:02:45</startdate>
<round>1</round>
<failsafecounter/>
<players><player seat="3" name="oreiasccp" chips="648" dealer="0" win="0" bet="218" muck="1" rebuy="0" addon="0" merge="0" rebuychips="0" reg_code="8385500835"/>
<player seat="10" name="Vasilas007" chips="852" dealer="1" win="436" bet="654" muck="1" rebuy="0" addon="0" merge="0" rebuychips="0" reg_code="8385500957"/>
</players>
</general>
<round no="0"><action no="1" player="Vasilas007" type="15" discard="1" dealt="1" sum="5"/>
<action no="2" player="oreiasccp" type="15" sum="5"/>
<action no="3" player="Vasilas007" type="1" discard="1" dealt="1" sum="20"/>
<action no="4" player="oreiasccp" type="2" sum="40"/>
</round>
<round no="1"><cards type="Pocket" player="Vasilas007">X X</cards>
<cards type="Pocket" player="oreiasccp">CA SQ</cards>
<action no="5" player="Vasilas007" type="3" discard="1" dealt="1" sum="20"/>
<action no="6" player="oreiasccp" type="23" sum="140"/>
<action no="7" player="Vasilas007" type="3" discard="1" dealt="1" sum="100"/>
</round>
<round no="2"><cards type="Flop">CJ S5 S2</cards>
<action no="8" player="oreiasccp" type="5" sum="73"/>
<action no="9" player="Vasilas007" type="3" discard="1" dealt="1" sum="73"/>
</round>
<round no="3"><cards type="Turn">H5</cards>
<action no="10" player="oreiasccp" type="4" sum="0"/>
<action no="11" player="Vasilas007" type="5" discard="1" dealt="1" sum="436"/>
<action no="12" player="oreiasccp" type="0" sum="0"/>
</round>
</game>
<game gamecode="11516813878"><general><startdate>2025-06-17 09:03:04</startdate>
<round>1</round>
<failsafecounter/>
<players><player seat="10" name="Vasilas007" chips="1,070" dealer="0" win="0" bet="111" muck="1" rebuy="0" addon="0" merge="0" rebuychips="0" reg_code="8385500957"/>
<player seat="3" name="oreiasccp" chips="430" dealer="1" win="222" bet="191" muck="1" rebuy="0" addon="0" merge="0" rebuychips="0" reg_code="8385500835"/>
</players>
</general>
<round no="0"><action no="1" player="oreiasccp" type="15" sum="5"/>
<action no="2" player="Vasilas007" type="15" discard="1" dealt="1" sum="5"/>
<action no="3" player="oreiasccp" type="1" sum="20"/>
<action no="4" player="Vasilas007" type="2" discard="1" dealt="1" sum="40"/>
</round>
<round no="1"><cards type="Pocket" player="Vasilas007">X X</cards>
<cards type="Pocket" player="oreiasccp">SJ CQ</cards>
<action no="5" player="oreiasccp" type="3" sum="20"/>
<action no="6" player="Vasilas007" type="4" discard="1" dealt="1" sum="0"/>
</round>
<round no="2"><cards type="Flop">C5 D9 H4</cards>
<action no="7" player="Vasilas007" type="4" discard="1" dealt="1" sum="0"/>
<action no="8" player="oreiasccp" type="4" sum="0"/>
</round>
<round no="3"><cards type="Turn">CJ</cards>
<action no="9" player="Vasilas007" type="4" discard="1" dealt="1" sum="0"/>
<action no="10" player="oreiasccp" type="5" sum="66"/>
<action no="11" player="Vasilas007" type="3" discard="1" dealt="1" sum="66"/>
</round>
<round no="4"><cards type="River">C3</cards>
<action no="12" player="Vasilas007" type="4" discard="1" dealt="1" sum="0"/>
<action no="13" player="oreiasccp" type="5" sum="80"/>
<action no="14" player="Vasilas007" type="0" discard="1" dealt="1" sum="0"/>
</round>
</game>
<game gamecode="11516813960"><general><startdate>2025-06-17 09:03:27</startdate>
<round>1</round>
<failsafecounter/>
<players><player seat="3" name="oreiasccp" chips="541" dealer="0" win="90" bet="145" muck="1" rebuy="0" addon="0" merge="0" rebuychips="0" reg_code="8385500835"/>
<player seat="10" name="Vasilas007" chips="959" dealer="1" win="0" bet="45" muck="1" rebuy="0" addon="0" merge="0" rebuychips="0" reg_code="8385500957"/>
</players>
</general>
<round no="0"><action no="1" player="Vasilas007" type="15" discard="1" dealt="1" sum="5"/>
<action no="2" player="oreiasccp" type="15" sum="5"/>
<action no="3" player="Vasilas007" type="1" discard="1" dealt="1" sum="20"/>
<action no="4" player="oreiasccp" type="2" sum="40"/>
</round>
<round no="1"><cards type="Pocket" player="Vasilas007">X X</cards>
<cards type="Pocket" player="oreiasccp">DA H10</cards>
<action no="5" player="Vasilas007" type="3" discard="1" dealt="1" sum="20"/>
<action no="6" player="oreiasccp" type="23" sum="140"/>
<action no="7" player="Vasilas007" type="0" discard="1" dealt="1" sum="0"/>
</round>
</game>
<game gamecode="11516813982"><general><startdate>2025-06-17 09:03:35</startdate>
<round>1</round>
<failsafecounter/>
<players><player seat="10" name="Vasilas007" chips="914" dealer="0" win="0" bet="45" muck="1" rebuy="0" addon="0" merge="0" rebuychips="0" reg_code="8385500957"/>
<player seat="3" name="oreiasccp" chips="586" dealer="1" win="90" bet="85" muck="1" rebuy="0" addon="0" merge="0" rebuychips="0" reg_code="8385500835"/>
</players>
</general>
<round no="0"><action no="1" player="oreiasccp" type="15" sum="5"/>
<action no="2" player="Vasilas007" type="15" discard="1" dealt="1" sum="5"/>
<action no="3" player="oreiasccp" type="1" sum="20"/>
<action no="4" player="Vasilas007" type="2" discard="1" dealt="1" sum="40"/>
</round>
<round no="1"><cards type="Pocket" player="oreiasccp">H2 SK</cards>
<cards type="Pocket" player="Vasilas007">X X</cards>
<action no="5" player="oreiasccp" type="3" sum="20"/>
<action no="6" player="Vasilas007" type="4" discard="1" dealt="1" sum="0"/>
</round>
<round no="2"><cards type="Flop">D3 H8 S9</cards>
<action no="7" player="Vasilas007" type="4" discard="1" dealt="1" sum="0"/>
<action no="8" player="oreiasccp" type="5" sum="40"/>
<action no="9" player="Vasilas007" type="0" discard="1" dealt="1" sum="0"/>
</round>
</game>
<game gamecode="11516814043"><general><startdate>2025-06-17 09:03:54</startdate>
<round>1</round>
<failsafecounter/>
<players><player seat="3" name="oreiasccp" chips="631" dealer="0" win="0" bet="125" muck="1" rebuy="0" addon="0" merge="0" rebuychips="0" reg_code="8385500835"/>
<player seat="10" name="Vasilas007" chips="869" dealer="1" win="250" bet="285" muck="1" rebuy="0" addon="0" merge="0" rebuychips="0" reg_code="8385500957"/>
</players>
</general>
<round no="0"><action no="1" player="Vasilas007" type="15" discard="1" dealt="1" sum="5"/>
<action no="2" player="oreiasccp" type="15" sum="5"/>
<action no="3" player="Vasilas007" type="1" discard="1" dealt="1" sum="20"/>
<action no="4" player="oreiasccp" type="2" sum="40"/>
</round>
<round no="1"><cards type="Pocket" player="Vasilas007">X X</cards>
<cards type="Pocket" player="oreiasccp">S7 C6</cards>
<action no="5" player="Vasilas007" type="3" discard="1" dealt="1" sum="20"/>
<action no="6" player="oreiasccp" type="4" sum="0"/>
</round>
<round no="2"><cards type="Flop">S8 H6 C2</cards>
<action no="7" player="oreiasccp" type="4" sum="0"/>
<action no="8" player="Vasilas007" type="5" discard="1" dealt="1" sum="40"/>
<action no="9" player="oreiasccp" type="3" sum="40"/>
</round>
<round no="3"><cards type="Turn">C7</cards>
<action no="10" player="oreiasccp" type="4" sum="0"/>
<action no="11" player="Vasilas007" type="4" discard="1" dealt="1" sum="0"/>
</round>
<round no="4"><cards type="River">H8</cards>
<action no="12" player="oreiasccp" type="5" sum="40"/>
<action no="13" player="Vasilas007" type="23" discard="1" dealt="1" sum="200"/>
<action no="14" player="oreiasccp" type="0" sum="0"/>
</round>
</game>
<game gamecode="11516814120"><general><startdate>2025-06-17 09:04:18</startdate>
<round>1</round>
<failsafecounter/>
<players><player seat="10" name="Vasilas007" chips="994" dealer="0" win="0" bet="65" muck="1" rebuy="0" addon="0" merge="0" rebuychips="0" reg_code="8385500957"/>
<player seat="3" name="oreiasccp" chips="506" dealer="1" win="130" bet="506" muck="1" rebuy="0" addon="0" merge="0" rebuychips="0" reg_code="8385500835"/>
</players>
</general>
<round no="0"><action no="1" player="oreiasccp" type="15" sum="5"/>
<action no="2" player="Vasilas007" type="15" discard="1" dealt="1" sum="5"/>
<action no="3" player="oreiasccp" type="1" sum="30"/>
<action no="4" player="Vasilas007" type="2" discard="1" dealt="1" sum="60"/>
</round>
<round no="1"><cards type="Pocket" player="oreiasccp">D8 SK</cards>
<cards type="Pocket" player="Vasilas007">X X</cards>
<action no="5" player="oreiasccp" type="23" sum="501"/>
<action no="6" player="Vasilas007" type="0" discard="1" dealt="1" sum="0"/>
</round>
</game>
<game gamecode="11516814152"><general><startdate>2025-06-17 09:04:25</startdate>
<round>1</round>
<failsafecounter/>
<players><player seat="3" name="oreiasccp" chips="571" dealer="0" win="0" bet="160" muck="0" rebuy="0" addon="0" merge="0" rebuychips="0" reg_code="8385500835"/>
<player seat="10" name="Vasilas007" chips="929" dealer="1" win="320" bet="160" muck="0" rebuy="0" addon="0" merge="0" rebuychips="0" reg_code="8385500957"/>
</players>
</general>
<round no="0"><action no="1" player="Vasilas007" type="15" discard="1" dealt="1" sum="5"/>
<action no="2" player="oreiasccp" type="15" sum="5"/>
<action no="3" player="Vasilas007" type="1" discard="1" dealt="1" sum="30"/>
<action no="4" player="oreiasccp" type="2" sum="60"/>
</round>
<round no="1"><cards type="Pocket" player="oreiasccp">D9 C6</cards>
<cards type="Pocket" player="Vasilas007">HK H3</cards>
<action no="5" player="Vasilas007" type="3" discard="1" dealt="1" sum="30"/>
<action no="6" player="oreiasccp" type="4" sum="0"/>
</round>
<round no="2"><cards type="Flop">D6 D4 S4</cards>
<action no="7" player="oreiasccp" type="4" sum="0"/>
<action no="8" player="Vasilas007" type="4" discard="1" dealt="1" sum="0"/>
</round>
<round no="3"><cards type="Turn">C5</cards>
<action no="9" player="oreiasccp" type="4" sum="0"/>
<action no="10" player="Vasilas007" type="4" discard="1" dealt="1" sum="0"/>
</round>
<round no="4"><cards type="River">C2</cards>
<action no="11" player="oreiasccp" type="5" sum="95"/>
<action no="12" player="Vasilas007" type="3" discard="1" dealt="1" sum="95"/>
</round>
</game>
<game gamecode="11516814229"><general><startdate>2025-06-17 09:04:48</startdate>
<round>1</round>
<failsafecounter/>
<players><player seat="10" name="Vasilas007" chips="1,089" dealer="0" win="822" bet="411" muck="0" rebuy="0" addon="0" merge="0" rebuychips="0" reg_code="8385500957"/>
<player seat="3" name="oreiasccp" chips="411" dealer="1" win="0" bet="411" muck="0" rebuy="0" addon="0" merge="0" rebuychips="0" reg_code="8385500835"/>
</players>
</general>
<round no="0"><action no="1" player="oreiasccp" type="15" sum="5"/>
<action no="2" player="Vasilas007" type="15" discard="1" dealt="1" sum="5"/>
<action no="3" player="oreiasccp" type="1" sum="30"/>
<action no="4" player="Vasilas007" type="2" discard="1" dealt="1" sum="60"/>
</round>
<round no="1"><cards type="Pocket" player="oreiasccp">DJ H10</cards>
<cards type="Pocket" player="Vasilas007">CA DA</cards>
<action no="5" player="oreiasccp" type="23" sum="406"/>
<action no="6" player="Vasilas007" type="3" discard="1" dealt="1" sum="346"/>
</round>
<round no="2"><cards type="Flop">S7 D5 SJ</cards>
</round>
<round no="3"><cards type="Turn">S9</cards>
</round>
<round no="4"><cards type="River">SQ</cards>
</round>
</game>
</session>
