<?xml version="1.0" encoding="UTF-8"?>
<session sessioncode="8385577761">
<general>
<client_version>24.7.1.16</client_version>
<mode>real</mode>
<gametype>Holdem NL</gametype>
<tablename>Twister €5 SNG, 1127675140</tablename>
<tournamentcode>1127675139</tournamentcode>
<tournamentname>Twister €5 SNG</tournamentname>
<buyin>€0 + €0.35 + €4.65</buyin>
<totalbuyin>€5</totalbuyin>
<rewarddrawn>€10</rewarddrawn>
<tournamentcurrency>EUR</tournamentcurrency>
<currency>EUR</currency>
<nickname>oreiasccp</nickname>
<gamecount>32</gamecount>
<startdate>2025-06-17 13:06:28</startdate>
<place>1</place>
<win>€10</win>
<tablesize>3</tablesize>
</general>
<game gamecode="11517024396"><general><startdate>2025-06-17 13:06:43</startdate>
<round>1</round>
<failsafecounter/>
<players><player seat="6" name="OneLastGame" chips="500" dealer="0" win="0" bet="20" muck="1" rebuy="0" addon="0" merge="0" rebuychips="0" reg_code="8385577806"/>
<player seat="10" name="knifered374" chips="500" dealer="1" win="0" bet="0" muck="1" rebuy="0" addon="0" merge="0" rebuychips="0" reg_code="8385577822"/>
<player seat="3" name="oreiasccp" chips="500" dealer="0" win="40" bet="40" muck="1" rebuy="0" addon="0" merge="0" rebuychips="0" reg_code="8385577761"/>
</players>
</general>
<round no="0"><action no="1" player="oreiasccp" type="1" sum="10"/>
<action no="2" player="OneLastGame" type="2" discard="1" dealt="1" sum="20"/>
</round>
<round no="1"><cards type="Pocket" player="oreiasccp">S10 S7</cards>
<cards type="Pocket" player="knifered374">X X</cards>
<cards type="Pocket" player="OneLastGame">X X</cards>
<action no="3" player="knifered374" type="0" discard="1" dealt="1" sum="0"/>
<action no="4" player="oreiasccp" type="23" sum="40"/>
<action no="5" player="OneLastGame" type="0" discard="1" dealt="1" sum="0"/>
</round>
</game>
<game gamecode="11517024443"><general><startdate>2025-06-17 13:06:56</startdate>
<round>1</round>
<failsafecounter/>
<players><player seat="10" name="knifered374" chips="500" dealer="0" win="0" bet="72" muck="1" rebuy="0" addon="0" merge="0" rebuychips="0" reg_code="8385577822"/>
<player seat="3" name="oreiasccp" chips="520" dealer="1" win="154" bet="184" muck="1" rebuy="0" addon="0" merge="0" rebuychips="0" reg_code="8385577761"/>
<player seat="6" name="OneLastGame" chips="480" dealer="0" win="0" bet="10" muck="1" rebuy="0" addon="0" merge="0" rebuychips="0" reg_code="8385577806"/>
</players>
</general>
<round no="0"><action no="1" player="OneLastGame" type="1" discard="1" dealt="1" sum="10"/>
<action no="2" player="knifered374" type="2" discard="1" dealt="1" sum="20"/>
</round>
<round no="1"><cards type="Pocket" player="oreiasccp">H9 DA</cards>
<cards type="Pocket" player="knifered374">X X</cards>
<cards type="Pocket" player="OneLastGame">X X</cards>
<action no="3" player="oreiasccp" type="23" sum="40"/>
<action no="4" player="OneLastGame" type="0" discard="1" dealt="1" sum="0"/>
<action no="5" player="knifered374" type="3" discard="1" dealt="1" sum="20"/>
</round>
<round no="2"><cards type="Flop">HJ SA D9</cards>
<action no="6" player="knifered374" type="4" discard="1" dealt="1" sum="0"/>
<action no="7" player="oreiasccp" type="5" sum="32"/>
<action no="8" player="knifered374" type="3" discard="1" dealt="1" sum="32"/>
</round>
<round no="3"><cards type="Turn">S6</cards>
<action no="9" player="knifered374" type="4" discard="1" dealt="1" sum="0"/>
<action no="10" player="oreiasccp" type="5" sum="112"/>
<action no="11" player="knifered374" type="0" discard="1" dealt="1" sum="0"/>
</round>
</game>
<game gamecode="11517024564"><general><startdate>2025-06-17 13:07:24</startdate>
<round>1</round>
<failsafecounter/>
<players><player seat="3" name="oreiasccp" chips="602" dealer="0" win="0" bet="40" muck="1" rebuy="0" addon="0" merge="0" rebuychips="0" reg_code="8385577761"/>
<player seat="6" name="OneLastGame" chips="470" dealer="1" win="0" bet="428" muck="1" rebuy="0" addon="0" merge="0" rebuychips="0" reg_code="8385577806"/>
<player seat="10" name="knifered374" chips="428" dealer="0" win="896" bet="428" muck="0" rebuy="0" addon="0" merge="0" rebuychips="0" reg_code="8385577822"/>
</players>
</general>
<round no="0"><action no="1" player="knifered374" type="1" discard="1" dealt="1" sum="10"/>
<action no="2" player="oreiasccp" type="2" sum="20"/>
</round>
<round no="1"><cards type="Pocket" player="OneLastGame">S10 H10</cards>
<cards type="Pocket" player="oreiasccp">D9 HJ</cards>
<cards type="Pocket" player="knifered374">C9 D8</cards>
<action no="3" player="OneLastGame" type="23" discard="1" dealt="1" sum="40"/>
<action no="4" player="knifered374" type="3" discard="1" dealt="1" sum="30"/>
<action no="5" player="oreiasccp" type="3" sum="20"/>
</round>
<round no="2"><cards type="Flop">S2 D7 HQ</cards>
<action no="6" player="knifered374" type="4" discard="1" dealt="1" sum="0"/>
<action no="7" player="oreiasccp" type="4" sum="0"/>
<action no="8" player="OneLastGame" type="4" discard="1" dealt="1" sum="0"/>
</round>
<round no="3"><cards type="Turn">H6</cards>
<action no="9" player="knifered374" type="5" discard="1" dealt="1" sum="60"/>
<action no="10" player="oreiasccp" type="0" sum="0"/>
<action no="11" player="OneLastGame" type="3" discard="1" dealt="1" sum="60"/>
</round>
<round no="4"><cards type="River">S5</cards>
<action no="12" player="knifered374" type="5" discard="1" dealt="1" sum="328"/>
<action no="13" player="OneLastGame" type="3" discard="1" dealt="1" sum="328"/>
</round>
</game>
<game gamecode="11517030198"><general><startdate>2025-06-17 13:08:03</startdate>
<round>1</round>
<failsafecounter/>
<players><player seat="6" name="OneLastGame" chips="42" dealer="0" win="84" bet="42" muck="0" rebuy="0" addon="0" merge="0" rebuychips="0" reg_code="8385577806"/>
<player seat="10" name="knifered374" chips="896" dealer="1" win="0" bet="0" muck="1" rebuy="0" addon="0" merge="0" rebuychips="0" reg_code="8385577822"/>
<player seat="3" name="oreiasccp" chips="562" dealer="0" win="0" bet="42" muck="0" rebuy="0" addon="0" merge="0" rebuychips="0" reg_code="8385577761"/>
</players>
</general>
<round no="0"><action no="1" player="oreiasccp" type="1" sum="10"/>
<action no="2" player="OneLastGame" type="2" discard="1" dealt="1" sum="20"/>
</round>
<round no="1"><cards type="Pocket" player="oreiasccp">HQ C6</cards>
<cards type="Pocket" player="OneLastGame">CA SJ</cards>
<cards type="Pocket" player="knifered374">X X</cards>
<action no="3" player="knifered374" type="0" discard="1" dealt="1" sum="0"/>
<action no="4" player="oreiasccp" type="23" sum="42"/>
<action no="5" player="OneLastGame" type="7" discard="1" dealt="1" sum="22"/>
</round>
<round no="2"><cards type="Flop">SA CQ CK</cards>
</round>
<round no="3"><cards type="Turn">S8</cards>
</round>
<round no="4"><cards type="River">C4</cards>
</round>
</game>
<game gamecode="11517030281"><general><startdate>2025-06-17 13:08:22</startdate>
<round>1</round>
<failsafecounter/>
<players><player seat="10" name="knifered374" chips="896" dealer="0" win="0" bet="84" muck="1" rebuy="0" addon="0" merge="0" rebuychips="0" reg_code="8385577822"/>
<player seat="3" name="oreiasccp" chips="520" dealer="1" win="0" bet="0" muck="1" rebuy="0" addon="0" merge="0" rebuychips="0" reg_code="8385577761"/>
<player seat="6" name="OneLastGame" chips="84" dealer="0" win="168" bet="84" muck="0" rebuy="0" addon="0" merge="0" rebuychips="0" reg_code="8385577806"/>
</players>
</general>
<round no="0"><action no="1" player="OneLastGame" type="1" discard="1" dealt="1" sum="10"/>
<action no="2" player="knifered374" type="2" discard="1" dealt="1" sum="20"/>
</round>
<round no="1"><cards type="Pocket" player="knifered374">C2 S9</cards>
<cards type="Pocket" player="OneLastGame">CQ CK</cards>
<cards type="Pocket" player="oreiasccp">H6 H5</cards>
<action no="3" player="oreiasccp" type="0" sum="0"/>
<action no="4" player="OneLastGame" type="23" discard="1" dealt="1" sum="84"/>
<action no="5" player="knifered374" type="3" discard="1" dealt="1" sum="64"/>
</round>
<round no="2"><cards type="Flop">S10 D8 D7</cards>
</round>
<round no="3"><cards type="Turn">C7</cards>
</round>
<round no="4"><cards type="River">S5</cards>
</round>
</game>
<game gamecode="11517030382"><general><startdate>2025-06-17 13:08:46</startdate>
<round>1</round>
<failsafecounter/>
<players><player seat="3" name="oreiasccp" chips="520" dealer="0" win="0" bet="35" muck="1" rebuy="0" addon="0" merge="0" rebuychips="0" reg_code="8385577761"/>
<player seat="6" name="OneLastGame" chips="168" dealer="1" win="90" bet="168" muck="1" rebuy="0" addon="0" merge="0" rebuychips="0" reg_code="8385577806"/>
<player seat="10" name="knifered374" chips="812" dealer="0" win="0" bet="20" muck="1" rebuy="0" addon="0" merge="0" rebuychips="0" reg_code="8385577822"/>
</players>
</general>
<round no="0"><action no="1" player="knifered374" type="15" discard="1" dealt="1" sum="5"/>
<action no="2" player="oreiasccp" type="15" sum="5"/>
<action no="3" player="OneLastGame" type="15" discard="1" dealt="1" sum="5"/>
<action no="4" player="knifered374" type="1" discard="1" dealt="1" sum="15"/>
<action no="5" player="oreiasccp" type="2" sum="30"/>
</round>
<round no="1"><cards type="Pocket" player="oreiasccp">S9 DJ</cards>
<cards type="Pocket" player="knifered374">X X</cards>
<cards type="Pocket" player="OneLastGame">X X</cards>
<action no="6" player="OneLastGame" type="23" discard="1" dealt="1" sum="163"/>
<action no="7" player="knifered374" type="0" discard="1" dealt="1" sum="0"/>
<action no="8" player="oreiasccp" type="0" sum="0"/>
</round>
</game>
<game gamecode="11517030428"><general><startdate>2025-06-17 13:08:55</startdate>
<round>1</round>
<failsafecounter/>
<players><player seat="6" name="OneLastGame" chips="223" dealer="0" win="45" bet="35" muck="1" rebuy="0" addon="0" merge="0" rebuychips="0" reg_code="8385577806"/>
<player seat="10" name="knifered374" chips="792" dealer="1" win="0" bet="5" muck="1" rebuy="0" addon="0" merge="0" rebuychips="0" reg_code="8385577822"/>
<player seat="3" name="oreiasccp" chips="485" dealer="0" win="0" bet="20" muck="1" rebuy="0" addon="0" merge="0" rebuychips="0" reg_code="8385577761"/>
</players>
</general>
<round no="0"><action no="1" player="oreiasccp" type="15" sum="5"/>
<action no="2" player="OneLastGame" type="15" discard="1" dealt="1" sum="5"/>
<action no="3" player="knifered374" type="15" discard="1" dealt="1" sum="5"/>
<action no="4" player="oreiasccp" type="1" sum="15"/>
<action no="5" player="OneLastGame" type="2" discard="1" dealt="1" sum="30"/>
</round>
<round no="1"><cards type="Pocket" player="knifered374">X X</cards>
<cards type="Pocket" player="OneLastGame">X X</cards>
<cards type="Pocket" player="oreiasccp">S3 S6</cards>
<action no="6" player="knifered374" type="0" discard="1" dealt="1" sum="0"/>
<action no="7" player="oreiasccp" type="0" sum="0"/>
</round>
</game>
<game gamecode="11517030469"><general><startdate>2025-06-17 13:09:04</startdate>
<round>1</round>
<failsafecounter/>
<players><player seat="10" name="knifered374" chips="787" dealer="0" win="45" bet="35" muck="1" rebuy="0" addon="0" merge="0" rebuychips="0" reg_code="8385577822"/>
<player seat="3" name="oreiasccp" chips="465" dealer="1" win="0" bet="5" muck="1" rebuy="0" addon="0" merge="0" rebuychips="0" reg_code="8385577761"/>
<player seat="6" name="OneLastGame" chips="248" dealer="0" win="0" bet="20" muck="1" rebuy="0" addon="0" merge="0" rebuychips="0" reg_code="8385577806"/>
</players>
</general>
<round no="0"><action no="1" player="OneLastGame" type="15" discard="1" dealt="1" sum="5"/>
<action no="2" player="knifered374" type="15" discard="1" dealt="1" sum="5"/>
<action no="3" player="oreiasccp" type="15" sum="5"/>
<action no="4" player="OneLastGame" type="1" discard="1" dealt="1" sum="15"/>
<action no="5" player="knifered374" type="2" discard="1" dealt="1" sum="30"/>
</round>
<round no="1"><cards type="Pocket" player="oreiasccp">S6 SQ</cards>
<cards type="Pocket" player="OneLastGame">X X</cards>
<cards type="Pocket" player="knifered374">X X</cards>
<action no="6" player="oreiasccp" type="0" sum="0"/>
<action no="7" player="OneLastGame" type="0" discard="1" dealt="1" sum="0"/>
</round>
</game>
<game gamecode="11517030503"><general><startdate>2025-06-17 13:09:12</startdate>
<round>1</round>
<failsafecounter/>
<players><player seat="3" name="oreiasccp" chips="460" dealer="0" win="0" bet="35" muck="1" rebuy="0" addon="0" merge="0" rebuychips="0" reg_code="8385577761"/>
<player seat="6" name="OneLastGame" chips="228" dealer="1" win="0" bet="5" muck="1" rebuy="0" addon="0" merge="0" rebuychips="0" reg_code="8385577806"/>
<player seat="10" name="knifered374" chips="812" dealer="0" win="75" bet="65" muck="1" rebuy="0" addon="0" merge="0" rebuychips="0" reg_code="8385577822"/>
</players>
</general>
<round no="0"><action no="1" player="knifered374" type="15" discard="1" dealt="1" sum="5"/>
<action no="2" player="oreiasccp" type="15" sum="5"/>
<action no="3" player="OneLastGame" type="15" discard="1" dealt="1" sum="5"/>
<action no="4" player="knifered374" type="1" discard="1" dealt="1" sum="15"/>
<action no="5" player="oreiasccp" type="2" sum="30"/>
</round>
<round no="1"><cards type="Pocket" player="oreiasccp">D3 C6</cards>
<cards type="Pocket" player="knifered374">X X</cards>
<cards type="Pocket" player="OneLastGame">X X</cards>
<action no="6" player="OneLastGame" type="0" discard="1" dealt="1" sum="0"/>
<action no="7" player="knifered374" type="23" discard="1" dealt="1" sum="60"/>
<action no="8" player="oreiasccp" type="0" sum="0"/>
</round>
</game>
<game gamecode="11517030556"><general><startdate>2025-06-17 13:09:25</startdate>
<round>1</round>
<failsafecounter/>
<players><player seat="6" name="OneLastGame" chips="223" dealer="0" win="0" bet="35" muck="1" rebuy="0" addon="0" merge="0" rebuychips="0" reg_code="8385577806"/>
<player seat="10" name="knifered374" chips="852" dealer="1" win="90" bet="80" muck="1" rebuy="0" addon="0" merge="0" rebuychips="0" reg_code="8385577822"/>
<player seat="3" name="oreiasccp" chips="425" dealer="0" win="0" bet="20" muck="1" rebuy="0" addon="0" merge="0" rebuychips="0" reg_code="8385577761"/>
</players>
</general>
<round no="0"><action no="1" player="oreiasccp" type="15" sum="5"/>
<action no="2" player="OneLastGame" type="15" discard="1" dealt="1" sum="5"/>
<action no="3" player="knifered374" type="15" discard="1" dealt="1" sum="5"/>
<action no="4" player="oreiasccp" type="1" sum="15"/>
<action no="5" player="OneLastGame" type="2" discard="1" dealt="1" sum="30"/>
</round>
<round no="1"><cards type="Pocket" player="oreiasccp">D4 H7</cards>
<cards type="Pocket" player="OneLastGame">X X</cards>
<cards type="Pocket" player="knifered374">X X</cards>
<action no="6" player="knifered374" type="23" discard="1" dealt="1" sum="75"/>
<action no="7" player="oreiasccp" type="0" sum="0"/>
<action no="8" player="OneLastGame" type="0" discard="1" dealt="1" sum="0"/>
</round>
</game>
<game gamecode="11517030605"><general><startdate>2025-06-17 13:09:36</startdate>
<round>1</round>
<failsafecounter/>
<players><player seat="10" name="knifered374" chips="907" dealer="0" win="0" bet="35" muck="1" rebuy="0" addon="0" merge="0" rebuychips="0" reg_code="8385577822"/>
<player seat="3" name="oreiasccp" chips="405" dealer="1" win="0" bet="5" muck="1" rebuy="0" addon="0" merge="0" rebuychips="0" reg_code="8385577761"/>
<player seat="6" name="OneLastGame" chips="188" dealer="0" win="75" bet="188" muck="1" rebuy="0" addon="0" merge="0" rebuychips="0" reg_code="8385577806"/>
</players>
</general>
<round no="0"><action no="1" player="OneLastGame" type="15" discard="1" dealt="1" sum="5"/>
<action no="2" player="knifered374" type="15" discard="1" dealt="1" sum="5"/>
<action no="3" player="oreiasccp" type="15" sum="5"/>
<action no="4" player="OneLastGame" type="1" discard="1" dealt="1" sum="15"/>
<action no="5" player="knifered374" type="2" discard="1" dealt="1" sum="30"/>
</round>
<round no="1"><cards type="Pocket" player="OneLastGame">X X</cards>
<cards type="Pocket" player="oreiasccp">C4 D10</cards>
<cards type="Pocket" player="knifered374">X X</cards>
<action no="6" player="oreiasccp" type="0" sum="0"/>
<action no="7" player="OneLastGame" type="23" discard="1" dealt="1" sum="183"/>
<action no="8" player="knifered374" type="0" discard="1" dealt="1" sum="0"/>
</round>
</game>
<game gamecode="11517030653"><general><startdate>2025-06-17 13:09:46</startdate>
<round>1</round>
<failsafecounter/>
<players><player seat="3" name="oreiasccp" chips="400" dealer="0" win="45" bet="35" muck="1" rebuy="0" addon="0" merge="0" rebuychips="0" reg_code="8385577761"/>
<player seat="6" name="OneLastGame" chips="228" dealer="1" win="0" bet="5" muck="1" rebuy="0" addon="0" merge="0" rebuychips="0" reg_code="8385577806"/>
<player seat="10" name="knifered374" chips="872" dealer="0" win="0" bet="20" muck="1" rebuy="0" addon="0" merge="0" rebuychips="0" reg_code="8385577822"/>
</players>
</general>
<round no="0"><action no="1" player="knifered374" type="15" discard="1" dealt="1" sum="5"/>
<action no="2" player="oreiasccp" type="15" sum="5"/>
<action no="3" player="OneLastGame" type="15" discard="1" dealt="1" sum="5"/>
<action no="4" player="knifered374" type="1" discard="1" dealt="1" sum="15"/>
<action no="5" player="oreiasccp" type="2" sum="30"/>
</round>
<round no="1"><cards type="Pocket" player="OneLastGame">X X</cards>
<cards type="Pocket" player="knifered374">X X</cards>
<cards type="Pocket" player="oreiasccp">S7 S6</cards>
<action no="6" player="OneLastGame" type="0" discard="1" dealt="1" sum="0"/>
<action no="7" player="knifered374" type="0" discard="1" dealt="1" sum="0"/>
</round>
</game>
<game gamecode="11517030746"><general><startdate>2025-06-17 13:10:05</startdate>
<round>1</round>
<failsafecounter/>
<players><player seat="6" name="OneLastGame" chips="223" dealer="0" win="0" bet="35" muck="1" rebuy="0" addon="0" merge="0" rebuychips="0" reg_code="8385577806"/>
<player seat="10" name="knifered374" chips="852" dealer="1" win="0" bet="5" muck="1" rebuy="0" addon="0" merge="0" rebuychips="0" reg_code="8385577822"/>
<player seat="3" name="oreiasccp" chips="425" dealer="0" win="75" bet="223" muck="1" rebuy="0" addon="0" merge="0" rebuychips="0" reg_code="8385577761"/>
</players>
</general>
<round no="0"><action no="1" player="oreiasccp" type="15" sum="5"/>
<action no="2" player="OneLastGame" type="15" discard="1" dealt="1" sum="5"/>
<action no="3" player="knifered374" type="15" discard="1" dealt="1" sum="5"/>
<action no="4" player="oreiasccp" type="1" sum="15"/>
<action no="5" player="OneLastGame" type="2" discard="1" dealt="1" sum="30"/>
</round>
<round no="1"><cards type="Pocket" player="oreiasccp">S4 D4</cards>
<cards type="Pocket" player="knifered374">X X</cards>
<cards type="Pocket" player="OneLastGame">X X</cards>
<action no="6" player="knifered374" type="0" discard="1" dealt="1" sum="0"/>
<action no="7" player="oreiasccp" type="23" sum="218"/>
<action no="8" player="OneLastGame" type="0" discard="1" dealt="1" sum="0"/>
</round>
</game>
<game gamecode="11517030797"><general><startdate>2025-06-17 13:10:15</startdate>
<round>1</round>
<failsafecounter/>
<players><player seat="10" name="knifered374" chips="847" dealer="0" win="0" bet="35" muck="1" rebuy="0" addon="0" merge="0" rebuychips="0" reg_code="8385577822"/>
<player seat="3" name="oreiasccp" chips="465" dealer="1" win="90" bet="465" muck="1" rebuy="0" addon="0" merge="0" rebuychips="0" reg_code="8385577761"/>
<player seat="6" name="OneLastGame" chips="188" dealer="0" win="0" bet="20" muck="1" rebuy="0" addon="0" merge="0" rebuychips="0" reg_code="8385577806"/>
</players>
</general>
<round no="0"><action no="1" player="OneLastGame" type="15" discard="1" dealt="1" sum="5"/>
<action no="2" player="knifered374" type="15" discard="1" dealt="1" sum="5"/>
<action no="3" player="oreiasccp" type="15" sum="5"/>
<action no="4" player="OneLastGame" type="1" discard="1" dealt="1" sum="15"/>
<action no="5" player="knifered374" type="2" discard="1" dealt="1" sum="30"/>
</round>
<round no="1"><cards type="Pocket" player="OneLastGame">X X</cards>
<cards type="Pocket" player="knifered374">X X</cards>
<cards type="Pocket" player="oreiasccp">DA H9</cards>
<action no="6" player="oreiasccp" type="23" sum="460"/>
<action no="7" player="OneLastGame" type="0" discard="1" dealt="1" sum="0"/>
<action no="8" player="knifered374" type="0" discard="1" dealt="1" sum="0"/>
</round>
</game>
<game gamecode="11517030845"><general><startdate>2025-06-17 13:10:25</startdate>
<round>1</round>
<failsafecounter/>
<players><player seat="3" name="oreiasccp" chips="520" dealer="0" win="0" bet="168" muck="1" rebuy="0" addon="0" merge="0" rebuychips="0" reg_code="8385577761"/>
<player seat="6" name="OneLastGame" chips="168" dealer="1" win="356" bet="168" muck="0" rebuy="0" addon="0" merge="0" rebuychips="0" reg_code="8385577806"/>
<player seat="10" name="knifered374" chips="812" dealer="0" win="0" bet="20" muck="1" rebuy="0" addon="0" merge="0" rebuychips="0" reg_code="8385577822"/>
</players>
</general>
<round no="0"><action no="1" player="knifered374" type="15" discard="1" dealt="1" sum="5"/>
<action no="2" player="oreiasccp" type="15" sum="5"/>
<action no="3" player="OneLastGame" type="15" discard="1" dealt="1" sum="5"/>
<action no="4" player="knifered374" type="1" discard="1" dealt="1" sum="15"/>
<action no="5" player="oreiasccp" type="2" sum="30"/>
</round>
<round no="1"><cards type="Pocket" player="knifered374">X X</cards>
<cards type="Pocket" player="oreiasccp">C7 HA</cards>
<cards type="Pocket" player="OneLastGame">H8 DK</cards>
<action no="6" player="OneLastGame" type="23" discard="1" dealt="1" sum="163"/>
<action no="7" player="knifered374" type="0" discard="1" dealt="1" sum="0"/>
<action no="8" player="oreiasccp" type="3" sum="133"/>
</round>
<round no="2"><cards type="Flop">SJ SK CQ</cards>
</round>
<round no="3"><cards type="Turn">DA</cards>
</round>
<round no="4"><cards type="River">HK</cards>
</round>
</game>
<game gamecode="11517030933"><general><startdate>2025-06-17 13:10:44</startdate>
<round>1</round>
<failsafecounter/>
<players><player seat="6" name="OneLastGame" chips="356" dealer="0" win="195" bet="356" muck="1" rebuy="0" addon="0" merge="0" rebuychips="0" reg_code="8385577806"/>
<player seat="10" name="knifered374" chips="792" dealer="1" win="0" bet="85" muck="1" rebuy="0" addon="0" merge="0" rebuychips="0" reg_code="8385577822"/>
<player seat="3" name="oreiasccp" chips="352" dealer="0" win="0" bet="25" muck="1" rebuy="0" addon="0" merge="0" rebuychips="0" reg_code="8385577761"/>
</players>
</general>
<round no="0"><action no="1" player="oreiasccp" type="15" sum="5"/>
<action no="2" player="OneLastGame" type="15" discard="1" dealt="1" sum="5"/>
<action no="3" player="knifered374" type="15" discard="1" dealt="1" sum="5"/>
<action no="4" player="oreiasccp" type="1" sum="20"/>
<action no="5" player="OneLastGame" type="2" discard="1" dealt="1" sum="40"/>
</round>
<round no="1"><cards type="Pocket" player="oreiasccp">S7 D8</cards>
<cards type="Pocket" player="knifered374">X X</cards>
<cards type="Pocket" player="OneLastGame">X X</cards>
<action no="6" player="knifered374" type="23" discard="1" dealt="1" sum="80"/>
<action no="7" player="oreiasccp" type="0" sum="0"/>
<action no="8" player="OneLastGame" type="3" discard="1" dealt="1" sum="40"/>
</round>
<round no="2"><cards type="Flop">C7 S8 H3</cards>
<action no="9" player="OneLastGame" type="5" discard="1" dealt="1" sum="271"/>
<action no="10" player="knifered374" type="0" discard="1" dealt="1" sum="0"/>
</round>
</game>
<game gamecode="11517031010"><general><startdate>2025-06-17 13:11:00</startdate>
<round>1</round>
<failsafecounter/>
<players><player seat="10" name="knifered374" chips="707" dealer="0" win="55" bet="45" muck="1" rebuy="0" addon="0" merge="0" rebuychips="0" reg_code="8385577822"/>
<player seat="3" name="oreiasccp" chips="327" dealer="1" win="0" bet="5" muck="1" rebuy="0" addon="0" merge="0" rebuychips="0" reg_code="8385577761"/>
<player seat="6" name="OneLastGame" chips="466" dealer="0" win="0" bet="25" muck="1" rebuy="0" addon="0" merge="0" rebuychips="0" reg_code="8385577806"/>
</players>
</general>
<round no="0"><action no="1" player="OneLastGame" type="15" discard="1" dealt="1" sum="5"/>
<action no="2" player="knifered374" type="15" discard="1" dealt="1" sum="5"/>
<action no="3" player="oreiasccp" type="15" sum="5"/>
<action no="4" player="OneLastGame" type="1" discard="1" dealt="1" sum="20"/>
<action no="5" player="knifered374" type="2" discard="1" dealt="1" sum="40"/>
</round>
<round no="1"><cards type="Pocket" player="knifered374">X X</cards>
<cards type="Pocket" player="OneLastGame">X X</cards>
<cards type="Pocket" player="oreiasccp">D2 C9</cards>
<action no="6" player="oreiasccp" type="0" sum="0"/>
<action no="7" player="OneLastGame" type="0" discard="1" dealt="1" sum="0"/>
</round>
</game>
<game gamecode="11517031046"><general><startdate>2025-06-17 13:11:08</startdate>
<round>1</round>
<failsafecounter/>
<players><player seat="3" name="oreiasccp" chips="322" dealer="0" win="0" bet="85" muck="1" rebuy="0" addon="0" merge="0" rebuychips="0" reg_code="8385577761"/>
<player seat="6" name="OneLastGame" chips="441" dealer="1" win="255" bet="169" muck="1" rebuy="0" addon="0" merge="0" rebuychips="0" reg_code="8385577806"/>
<player seat="10" name="knifered374" chips="737" dealer="0" win="0" bet="85" muck="1" rebuy="0" addon="0" merge="0" rebuychips="0" reg_code="8385577822"/>
</players>
</general>
<round no="0"><action no="1" player="knifered374" type="15" discard="1" dealt="1" sum="5"/>
<action no="2" player="oreiasccp" type="15" sum="5"/>
<action no="3" player="OneLastGame" type="15" discard="1" dealt="1" sum="5"/>
<action no="4" player="knifered374" type="1" discard="1" dealt="1" sum="20"/>
<action no="5" player="oreiasccp" type="2" sum="40"/>
</round>
<round no="1"><cards type="Pocket" player="knifered374">X X</cards>
<cards type="Pocket" player="oreiasccp">HJ C10</cards>
<cards type="Pocket" player="OneLastGame">X X</cards>
<action no="6" player="OneLastGame" type="23" discard="1" dealt="1" sum="80"/>
<action no="7" player="knifered374" type="3" discard="1" dealt="1" sum="60"/>
<action no="8" player="oreiasccp" type="3" sum="40"/>
</round>
<round no="2"><cards type="Flop">SA H2 H10</cards>
<action no="9" player="knifered374" type="4" discard="1" dealt="1" sum="0"/>
<action no="10" player="oreiasccp" type="4" sum="0"/>
<action no="11" player="OneLastGame" type="5" discard="1" dealt="1" sum="84"/>
<action no="12" player="knifered374" type="0" discard="1" dealt="1" sum="0"/>
<action no="13" player="oreiasccp" type="0" sum="0"/>
</round>
</game>
<game gamecode="11517031147"><general><startdate>2025-06-17 13:11:31</startdate>
<round>1</round>
<failsafecounter/>
<players><player seat="6" name="OneLastGame" chips="611" dealer="0" win="0" bet="45" muck="1" rebuy="0" addon="0" merge="0" rebuychips="0" reg_code="8385577806"/>
<player seat="10" name="knifered374" chips="652" dealer="1" win="0" bet="237" muck="1" rebuy="0" addon="0" merge="0" rebuychips="0" reg_code="8385577822"/>
<player seat="3" name="oreiasccp" chips="237" dealer="0" win="519" bet="237" muck="0" rebuy="0" addon="0" merge="0" rebuychips="0" reg_code="8385577761"/>
</players>
</general>
<round no="0"><action no="1" player="oreiasccp" type="15" sum="5"/>
<action no="2" player="OneLastGame" type="15" discard="1" dealt="1" sum="5"/>
<action no="3" player="knifered374" type="15" discard="1" dealt="1" sum="5"/>
<action no="4" player="oreiasccp" type="1" sum="20"/>
<action no="5" player="OneLastGame" type="2" discard="1" dealt="1" sum="40"/>
</round>
<round no="1"><cards type="Pocket" player="OneLastGame">X X</cards>
<cards type="Pocket" player="oreiasccp">S9 SA</cards>
<cards type="Pocket" player="knifered374">D10 H8</cards>
<action no="6" player="knifered374" type="23" discard="1" dealt="1" sum="80"/>
<action no="7" player="oreiasccp" type="23" sum="232"/>
<action no="8" player="OneLastGame" type="0" discard="1" dealt="1" sum="0"/>
<action no="9" player="knifered374" type="3" discard="1" dealt="1" sum="152"/>
</round>
<round no="2"><cards type="Flop">SK H10 DJ</cards>
</round>
<round no="3"><cards type="Turn">HQ</cards>
</round>
<round no="4"><cards type="River">HK</cards>
</round>
</game>
<game gamecode="11517031247"><general><startdate>2025-06-17 13:11:54</startdate>
<round>1</round>
<failsafecounter/>
<players><player seat="10" name="knifered374" chips="415" dealer="0" win="0" bet="45" muck="1" rebuy="0" addon="0" merge="0" rebuychips="0" reg_code="8385577822"/>
<player seat="3" name="oreiasccp" chips="519" dealer="1" win="115" bet="519" muck="1" rebuy="0" addon="0" merge="0" rebuychips="0" reg_code="8385577761"/>
<player seat="6" name="OneLastGame" chips="566" dealer="0" win="0" bet="25" muck="1" rebuy="0" addon="0" merge="0" rebuychips="0" reg_code="8385577806"/>
</players>
</general>
<round no="0"><action no="1" player="OneLastGame" type="15" discard="1" dealt="1" sum="5"/>
<action no="2" player="knifered374" type="15" discard="1" dealt="1" sum="5"/>
<action no="3" player="oreiasccp" type="15" sum="5"/>
<action no="4" player="OneLastGame" type="1" discard="1" dealt="1" sum="20"/>
<action no="5" player="knifered374" type="2" discard="1" dealt="1" sum="40"/>
</round>
<round no="1"><cards type="Pocket" player="knifered374">X X</cards>
<cards type="Pocket" player="oreiasccp">HA DJ</cards>
<cards type="Pocket" player="OneLastGame">X X</cards>
<action no="6" player="oreiasccp" type="23" sum="514"/>
<action no="7" player="OneLastGame" type="0" discard="1" dealt="1" sum="0"/>
<action no="8" player="knifered374" type="0" discard="1" dealt="1" sum="0"/>
</round>
</game>
<game gamecode="11517031280"><general><startdate>2025-06-17 13:12:03</startdate>
<round>1</round>
<failsafecounter/>
<players><player seat="3" name="oreiasccp" chips="589" dealer="0" win="0" bet="45" muck="1" rebuy="0" addon="0" merge="0" rebuychips="0" reg_code="8385577761"/>
<player seat="6" name="OneLastGame" chips="541" dealer="1" win="0" bet="5" muck="1" rebuy="0" addon="0" merge="0" rebuychips="0" reg_code="8385577806"/>
<player seat="10" name="knifered374" chips="370" dealer="0" win="95" bet="370" muck="1" rebuy="0" addon="0" merge="0" rebuychips="0" reg_code="8385577822"/>
</players>
</general>
<round no="0"><action no="1" player="knifered374" type="15" discard="1" dealt="1" sum="5"/>
<action no="2" player="oreiasccp" type="15" sum="5"/>
<action no="3" player="OneLastGame" type="15" discard="1" dealt="1" sum="5"/>
<action no="4" player="knifered374" type="1" discard="1" dealt="1" sum="20"/>
<action no="5" player="oreiasccp" type="2" sum="40"/>
</round>
<round no="1"><cards type="Pocket" player="knifered374">X X</cards>
<cards type="Pocket" player="oreiasccp">SQ D5</cards>
<cards type="Pocket" player="OneLastGame">X X</cards>
<action no="6" player="OneLastGame" type="0" discard="1" dealt="1" sum="0"/>
<action no="7" player="knifered374" type="23" discard="1" dealt="1" sum="365"/>
<action no="8" player="oreiasccp" type="0" sum="0"/>
</round>
</game>
<game gamecode="11517031335"><general><startdate>2025-06-17 13:12:12</startdate>
<round>1</round>
<failsafecounter/>
<players><player seat="6" name="OneLastGame" chips="536" dealer="0" win="0" bet="45" muck="1" rebuy="0" addon="0" merge="0" rebuychips="0" reg_code="8385577806"/>
<player seat="10" name="knifered374" chips="420" dealer="1" win="115" bet="420" muck="1" rebuy="0" addon="0" merge="0" rebuychips="0" reg_code="8385577822"/>
<player seat="3" name="oreiasccp" chips="544" dealer="0" win="0" bet="25" muck="1" rebuy="0" addon="0" merge="0" rebuychips="0" reg_code="8385577761"/>
</players>
</general>
<round no="0"><action no="1" player="oreiasccp" type="15" sum="5"/>
<action no="2" player="OneLastGame" type="15" discard="1" dealt="1" sum="5"/>
<action no="3" player="knifered374" type="15" discard="1" dealt="1" sum="5"/>
<action no="4" player="oreiasccp" type="1" sum="20"/>
<action no="5" player="OneLastGame" type="2" discard="1" dealt="1" sum="40"/>
</round>
<round no="1"><cards type="Pocket" player="oreiasccp">DJ CK</cards>
<cards type="Pocket" player="OneLastGame">X X</cards>
<cards type="Pocket" player="knifered374">X X</cards>
<action no="6" player="knifered374" type="23" discard="1" dealt="1" sum="415"/>
<action no="7" player="oreiasccp" type="0" sum="0"/>
<action no="8" player="OneLastGame" type="0" discard="1" dealt="1" sum="0"/>
</round>
</game>
<game gamecode="11517031376"><general><startdate>2025-06-17 13:12:21</startdate>
<round>1</round>
<failsafecounter/>
<players><player seat="10" name="knifered374" chips="490" dealer="0" win="0" bet="45" muck="1" rebuy="0" addon="0" merge="0" rebuychips="0" reg_code="8385577822"/>
<player seat="3" name="oreiasccp" chips="519" dealer="1" win="0" bet="5" muck="1" rebuy="0" addon="0" merge="0" rebuychips="0" reg_code="8385577761"/>
<player seat="6" name="OneLastGame" chips="491" dealer="0" win="95" bet="491" muck="1" rebuy="0" addon="0" merge="0" rebuychips="0" reg_code="8385577806"/>
</players>
</general>
<round no="0"><action no="1" player="OneLastGame" type="15" discard="1" dealt="1" sum="5"/>
<action no="2" player="knifered374" type="15" discard="1" dealt="1" sum="5"/>
<action no="3" player="oreiasccp" type="15" sum="5"/>
<action no="4" player="OneLastGame" type="1" discard="1" dealt="1" sum="20"/>
<action no="5" player="knifered374" type="2" discard="1" dealt="1" sum="40"/>
</round>
<round no="1"><cards type="Pocket" player="oreiasccp">S10 C7</cards>
<cards type="Pocket" player="knifered374">X X</cards>
<cards type="Pocket" player="OneLastGame">X X</cards>
<action no="6" player="oreiasccp" type="0" sum="0"/>
<action no="7" player="OneLastGame" type="23" discard="1" dealt="1" sum="486"/>
<action no="8" player="knifered374" type="0" discard="1" dealt="1" sum="0"/>
</round>
</game>
<game gamecode="11517031411"><general><startdate>2025-06-17 13:12:28</startdate>
<round>1</round>
<failsafecounter/>
<players><player seat="3" name="oreiasccp" chips="514" dealer="0" win="895" bet="445" muck="0" rebuy="0" addon="0" merge="0" rebuychips="0" reg_code="8385577761"/>
<player seat="6" name="OneLastGame" chips="541" dealer="1" win="0" bet="5" muck="1" rebuy="0" addon="0" merge="0" rebuychips="0" reg_code="8385577806"/>
<player seat="10" name="knifered374" chips="445" dealer="0" win="0" bet="445" muck="0" rebuy="0" addon="0" merge="0" rebuychips="0" reg_code="8385577822"/>
</players>
</general>
<round no="0"><action no="1" player="knifered374" type="15" discard="1" dealt="1" sum="5"/>
<action no="2" player="oreiasccp" type="15" sum="5"/>
<action no="3" player="OneLastGame" type="15" discard="1" dealt="1" sum="5"/>
<action no="4" player="knifered374" type="1" discard="1" dealt="1" sum="20"/>
<action no="5" player="oreiasccp" type="2" sum="40"/>
</round>
<round no="1"><cards type="Pocket" player="knifered374">D9 S8</cards>
<cards type="Pocket" player="oreiasccp">H10 HJ</cards>
<cards type="Pocket" player="OneLastGame">X X</cards>
<action no="6" player="OneLastGame" type="0" discard="1" dealt="1" sum="0"/>
<action no="7" player="knifered374" type="3" discard="1" dealt="1" sum="20"/>
<action no="8" player="oreiasccp" type="23" sum="100"/>
<action no="9" player="knifered374" type="3" discard="1" dealt="1" sum="60"/>
</round>
<round no="2"><cards type="Flop">H8 DJ S2</cards>
<action no="10" player="knifered374" type="4" discard="1" dealt="1" sum="0"/>
<action no="11" player="oreiasccp" type="5" sum="54"/>
<action no="12" player="knifered374" type="23" discard="1" dealt="1" sum="340"/>
<action no="13" player="oreiasccp" type="3" sum="286"/>
</round>
<round no="3"><cards type="Turn">SQ</cards>
</round>
<round no="4"><cards type="River">S9</cards>
</round>
</game>
<game gamecode="11517031518"><general><startdate>2025-06-17 13:12:53</startdate>
<round>1</round>
<failsafecounter/>
<players><player seat="6" name="OneLastGame" chips="536" dealer="0" win="0" bet="65" muck="1" rebuy="0" addon="0" merge="0" rebuychips="0" reg_code="8385577806"/>
<player seat="3" name="oreiasccp" chips="964" dealer="1" win="130" bet="536" muck="1" rebuy="0" addon="0" merge="0" rebuychips="0" reg_code="8385577761"/>
</players>
</general>
<round no="0"><action no="1" player="oreiasccp" type="15" sum="5"/>
<action no="2" player="OneLastGame" type="15" discard="1" dealt="1" sum="5"/>
<action no="3" player="oreiasccp" type="1" sum="30"/>
<action no="4" player="OneLastGame" type="2" discard="1" dealt="1" sum="60"/>
</round>
<round no="1"><cards type="Pocket" player="oreiasccp">S2 SQ</cards>
<cards type="Pocket" player="OneLastGame">X X</cards>
<action no="5" player="oreiasccp" type="23" sum="531"/>
<action no="6" player="OneLastGame" type="0" discard="1" dealt="1" sum="0"/>
</round>
</game>
<game gamecode="11517031565"><general><startdate>2025-06-17 13:13:03</startdate>
<round>1</round>
<failsafecounter/>
<players><player seat="3" name="oreiasccp" chips="1,029" dealer="0" win="0" bet="65" muck="1" rebuy="0" addon="0" merge="0" rebuychips="0" reg_code="8385577761"/>
<player seat="6" name="OneLastGame" chips="471" dealer="1" win="130" bet="125" muck="1" rebuy="0" addon="0" merge="0" rebuychips="0" reg_code="8385577806"/>
</players>
</general>
<round no="0"><action no="1" player="OneLastGame" type="15" discard="1" dealt="1" sum="5"/>
<action no="2" player="oreiasccp" type="15" sum="5"/>
<action no="3" player="OneLastGame" type="1" discard="1" dealt="1" sum="30"/>
<action no="4" player="oreiasccp" type="2" sum="60"/>
</round>
<round no="1"><cards type="Pocket" player="oreiasccp">S6 C5</cards>
<cards type="Pocket" player="OneLastGame">X X</cards>
<action no="5" player="OneLastGame" type="3" discard="1" dealt="1" sum="30"/>
<action no="6" player="oreiasccp" type="4" sum="0"/>
</round>
<round no="2"><cards type="Flop">HK HA D2</cards>
<action no="7" player="oreiasccp" type="4" sum="0"/>
<action no="8" player="OneLastGame" type="5" discard="1" dealt="1" sum="60"/>
<action no="9" player="oreiasccp" type="0" sum="0"/>
</round>
</game>
<game gamecode="11517031627"><general><startdate>2025-06-17 13:13:16</startdate>
<round>1</round>
<failsafecounter/>
<players><player seat="6" name="OneLastGame" chips="536" dealer="0" win="1,072" bet="536" muck="0" rebuy="0" addon="0" merge="0" rebuychips="0" reg_code="8385577806"/>
<player seat="3" name="oreiasccp" chips="964" dealer="1" win="0" bet="536" muck="0" rebuy="0" addon="0" merge="0" rebuychips="0" reg_code="8385577761"/>
</players>
</general>
<round no="0"><action no="1" player="oreiasccp" type="15" sum="5"/>
<action no="2" player="OneLastGame" type="15" discard="1" dealt="1" sum="5"/>
<action no="3" player="oreiasccp" type="1" sum="30"/>
<action no="4" player="OneLastGame" type="2" discard="1" dealt="1" sum="60"/>
</round>
<round no="1"><cards type="Pocket" player="OneLastGame">SQ C9</cards>
<cards type="Pocket" player="oreiasccp">C6 SK</cards>
<action no="5" player="oreiasccp" type="23" sum="531"/>
<action no="6" player="OneLastGame" type="7" discard="1" dealt="1" sum="471"/>
</round>
<round no="2"><cards type="Flop">SJ HA D5</cards>
</round>
<round no="3"><cards type="Turn">C4</cards>
</round>
<round no="4"><cards type="River">H9</cards>
</round>
</game>
<game gamecode="11517031714"><general><startdate>2025-06-17 13:13:34</startdate>
<round>1</round>
<failsafecounter/>
<players><player seat="3" name="oreiasccp" chips="428" dealer="0" win="130" bet="428" muck="1" rebuy="0" addon="0" merge="0" rebuychips="0" reg_code="8385577761"/>
<player seat="6" name="OneLastGame" chips="1,072" dealer="1" win="0" bet="65" muck="1" rebuy="0" addon="0" merge="0" rebuychips="0" reg_code="8385577806"/>
</players>
</general>
<round no="0"><action no="1" player="OneLastGame" type="15" discard="1" dealt="1" sum="5"/>
<action no="2" player="oreiasccp" type="15" sum="5"/>
<action no="3" player="OneLastGame" type="1" discard="1" dealt="1" sum="30"/>
<action no="4" player="oreiasccp" type="2" sum="60"/>
</round>
<round no="1"><cards type="Pocket" player="oreiasccp">S10 HA</cards>
<cards type="Pocket" player="OneLastGame">X X</cards>
<action no="5" player="OneLastGame" type="3" discard="1" dealt="1" sum="30"/>
<action no="6" player="oreiasccp" type="23" sum="423"/>
<action no="7" player="OneLastGame" type="0" discard="1" dealt="1" sum="0"/>
</round>
</game>
<game gamecode="11517031759"><general><startdate>2025-06-17 13:13:45</startdate>
<round>1</round>
<failsafecounter/>
<players><player seat="6" name="OneLastGame" chips="1,007" dealer="0" win="0" bet="65" muck="1" rebuy="0" addon="0" merge="0" rebuychips="0" reg_code="8385577806"/>
<player seat="3" name="oreiasccp" chips="493" dealer="1" win="130" bet="493" muck="1" rebuy="0" addon="0" merge="0" rebuychips="0" reg_code="8385577761"/>
</players>
</general>
<round no="0"><action no="1" player="oreiasccp" type="15" sum="5"/>
<action no="2" player="OneLastGame" type="15" discard="1" dealt="1" sum="5"/>
<action no="3" player="oreiasccp" type="1" sum="30"/>
<action no="4" player="OneLastGame" type="2" discard="1" dealt="1" sum="60"/>
</round>
<round no="1"><cards type="Pocket" player="OneLastGame">X X</cards>
<cards type="Pocket" player="oreiasccp">H10 S9</cards>
<action no="5" player="oreiasccp" type="23" sum="488"/>
<action no="6" player="OneLastGame" type="0" discard="1" dealt="1" sum="0"/>
</round>
</game>
<game gamecode="11517031785"><general><startdate>2025-06-17 13:13:52</startdate>
<round>1</round>
<failsafecounter/>
<players><player seat="3" name="oreiasccp" chips="558" dealer="0" win="0" bet="125" muck="1" rebuy="0" addon="0" merge="0" rebuychips="0" reg_code="8385577761"/>
<player seat="6" name="OneLastGame" chips="942" dealer="1" win="250" bet="188" muck="1" rebuy="0" addon="0" merge="0" rebuychips="0" reg_code="8385577806"/>
</players>
</general>
<round no="0"><action no="1" player="OneLastGame" type="15" discard="1" dealt="1" sum="5"/>
<action no="2" player="oreiasccp" type="15" sum="5"/>
<action no="3" player="OneLastGame" type="1" discard="1" dealt="1" sum="30"/>
<action no="4" player="oreiasccp" type="2" sum="60"/>
</round>
<round no="1"><cards type="Pocket" player="OneLastGame">X X</cards>
<cards type="Pocket" player="oreiasccp">H5 CJ</cards>
<action no="5" player="OneLastGame" type="3" discard="1" dealt="1" sum="30"/>
<action no="6" player="oreiasccp" type="4" sum="0"/>
</round>
<round no="2"><cards type="Flop">C5 D4 H7</cards>
<action no="7" player="oreiasccp" type="4" sum="0"/>
<action no="8" player="OneLastGame" type="5" discard="1" dealt="1" sum="60"/>
<action no="9" player="oreiasccp" type="3" sum="60"/>
</round>
<round no="3"><cards type="Turn">D3</cards>
<action no="10" player="oreiasccp" type="4" sum="0"/>
<action no="11" player="OneLastGame" type="5" discard="1" dealt="1" sum="63"/>
<action no="12" player="oreiasccp" type="0" sum="0"/>
</round>
</game>
<game gamecode="11517031899"><general><startdate>2025-06-17 13:14:15</startdate>
<round>1</round>
<failsafecounter/>
<players><player seat="6" name="OneLastGame" chips="1,067" dealer="0" win="0" bet="433" muck="1" rebuy="0" addon="0" merge="0" rebuychips="0" reg_code="8385577806"/>
<player seat="3" name="oreiasccp" chips="433" dealer="1" win="866" bet="433" muck="0" rebuy="0" addon="0" merge="0" rebuychips="0" reg_code="8385577761"/>
</players>
</general>
<round no="0"><action no="1" player="oreiasccp" type="15" sum="5"/>
<action no="2" player="OneLastGame" type="15" discard="1" dealt="1" sum="5"/>
<action no="3" player="oreiasccp" type="1" sum="30"/>
<action no="4" player="OneLastGame" type="2" discard="1" dealt="1" sum="60"/>
</round>
<round no="1"><cards type="Pocket" player="oreiasccp">DJ DQ</cards>
<cards type="Pocket" player="OneLastGame">D5 HA</cards>
<action no="5" player="oreiasccp" type="23" sum="428"/>
<action no="6" player="OneLastGame" type="3" discard="1" dealt="1" sum="368"/>
</round>
<round no="2"><cards type="Flop">DA DK C3</cards>
</round>
<round no="3"><cards type="Turn">S10</cards>
</round>
<round no="4"><cards type="River">S7</cards>
</round>
</game>
<game gamecode="11517036838"><general><startdate>2025-06-17 13:14:34</startdate>
<round>1</round>
<failsafecounter/>
<players><player seat="3" name="oreiasccp" chips="866" dealer="0" win="1,268" bet="634" muck="0" rebuy="0" addon="0" merge="0" rebuychips="0" reg_code="8385577761"/>
<player seat="6" name="OneLastGame" chips="634" dealer="1" win="0" bet="634" muck="0" rebuy="0" addon="0" merge="0" rebuychips="0" reg_code="8385577806"/>
</players>
</general>
<round no="0"><action no="1" player="OneLastGame" type="15" discard="1" dealt="1" sum="5"/>
<action no="2" player="oreiasccp" type="15" sum="5"/>
<action no="3" player="OneLastGame" type="1" discard="1" dealt="1" sum="30"/>
<action no="4" player="oreiasccp" type="2" sum="60"/>
</round>
<round no="1"><cards type="Pocket" player="oreiasccp">HK SK</cards>
<cards type="Pocket" player="OneLastGame">H4 C4</cards>
<action no="5" player="OneLastGame" type="23" discard="1" dealt="1" sum="629"/>
<action no="6" player="oreiasccp" type="3" sum="569"/>
</round>
<round no="2"><cards type="Flop">S10 S3 D9</cards>
</round>
<round no="3"><cards type="Turn">C5</cards>
</round>
<round no="4"><cards type="River">H5</cards>
</round>
</game>
</session>
