<?xml version="1.0" encoding="UTF-8"?>
<session sessioncode="8385527979">
<general>
<client_version>24.7.1.16</client_version>
<mode>real</mode>
<gametype>Holdem NL</gametype>
<tablename>Twister €5 SNG, 1127667836</tablename>
<tournamentcode>1127667835</tournamentcode>
<tournamentname>Twister €5 SNG</tournamentname>
<buyin>€0 + €0.35 + €4.65</buyin>
<totalbuyin>€5</totalbuyin>
<rewarddrawn>€10</rewarddrawn>
<tournamentcurrency>EUR</tournamentcurrency>
<currency>EUR</currency>
<nickname>oreiasccp</nickname>
<gamecount>33</gamecount>
<startdate>2025-06-17 10:44:02</startdate>
<place>1</place>
<win>€10</win>
<tablesize>3</tablesize>
</general>
<game gamecode="11516889087"><general><startdate>2025-06-17 10:44:17</startdate>
<round>1</round>
<failsafecounter/>
<players><player seat="6" name="cowslip" chips="500" dealer="0" win="205" bet="200" muck="0" rebuy="0" addon="0" merge="0" rebuychips="0" reg_code="8385527933"/>
<player seat="10" name="oreiasccp" chips="500" dealer="1" win="205" bet="200" muck="0" rebuy="0" addon="0" merge="0" rebuychips="0" reg_code="8385527979"/>
<player seat="3" name="saiger1" chips="500" dealer="0" win="0" bet="10" muck="1" rebuy="0" addon="0" merge="0" rebuychips="0" reg_code="8385527925"/>
</players>
</general>
<round no="0"><action no="1" player="saiger1" type="1" discard="1" dealt="1" sum="10"/>
<action no="2" player="cowslip" type="2" discard="1" dealt="1" sum="20"/>
</round>
<round no="1"><cards type="Pocket" player="oreiasccp">SJ H9</cards>
<cards type="Pocket" player="saiger1">X X</cards>
<cards type="Pocket" player="cowslip">CJ CA</cards>
<action no="3" player="oreiasccp" type="23" sum="40"/>
<action no="4" player="saiger1" type="0" discard="1" dealt="1" sum="0"/>
<action no="5" player="cowslip" type="3" discard="1" dealt="1" sum="20"/>
</round>
<round no="2"><cards type="Flop">C9 S10 H7</cards>
<action no="6" player="cowslip" type="4" discard="1" dealt="1" sum="0"/>
<action no="7" player="oreiasccp" type="5" sum="20"/>
<action no="8" player="cowslip" type="3" discard="1" dealt="1" sum="20"/>
</round>
<round no="3"><cards type="Turn">S8</cards>
<action no="9" player="cowslip" type="5" discard="1" dealt="1" sum="20"/>
<action no="10" player="oreiasccp" type="23" sum="60"/>
<action no="11" player="cowslip" type="3" discard="1" dealt="1" sum="40"/>
</round>
<round no="4"><cards type="River">C10</cards>
<action no="12" player="cowslip" type="5" discard="1" dealt="1" sum="20"/>
<action no="13" player="oreiasccp" type="23" sum="80"/>
<action no="14" player="cowslip" type="3" discard="1" dealt="1" sum="60"/>
</round>
</game>
<game gamecode="11516889237"><general><startdate>2025-06-17 10:44:57</startdate>
<round>1</round>
<failsafecounter/>
<players><player seat="10" name="oreiasccp" chips="505" dealer="0" win="0" bet="40" muck="1" rebuy="0" addon="0" merge="0" rebuychips="0" reg_code="8385527979"/>
<player seat="3" name="saiger1" chips="490" dealer="1" win="0" bet="0" muck="1" rebuy="0" addon="0" merge="0" rebuychips="0" reg_code="8385527925"/>
<player seat="6" name="cowslip" chips="505" dealer="0" win="80" bet="80" muck="1" rebuy="0" addon="0" merge="0" rebuychips="0" reg_code="8385527933"/>
</players>
</general>
<round no="0"><action no="1" player="cowslip" type="1" discard="1" dealt="1" sum="10"/>
<action no="2" player="oreiasccp" type="2" sum="20"/>
</round>
<round no="1"><cards type="Pocket" player="saiger1">X X</cards>
<cards type="Pocket" player="oreiasccp">H3 SQ</cards>
<cards type="Pocket" player="cowslip">X X</cards>
<action no="3" player="saiger1" type="0" discard="1" dealt="1" sum="0"/>
<action no="4" player="cowslip" type="3" discard="1" dealt="1" sum="10"/>
<action no="5" player="oreiasccp" type="4" sum="0"/>
</round>
<round no="2"><cards type="Flop">S8 H5 H9</cards>
<action no="6" player="cowslip" type="4" discard="1" dealt="1" sum="0"/>
<action no="7" player="oreiasccp" type="4" sum="0"/>
</round>
<round no="3"><cards type="Turn">DJ</cards>
<action no="8" player="cowslip" type="5" discard="1" dealt="1" sum="20"/>
<action no="9" player="oreiasccp" type="3" sum="20"/>
</round>
<round no="4"><cards type="River">HA</cards>
<action no="10" player="cowslip" type="5" discard="1" dealt="1" sum="40"/>
<action no="11" player="oreiasccp" type="0" sum="0"/>
</round>
</game>
<game gamecode="11516893212"><general><startdate>2025-06-17 10:45:34</startdate>
<round>1</round>
<failsafecounter/>
<players><player seat="3" name="saiger1" chips="490" dealer="0" win="0" bet="20" muck="1" rebuy="0" addon="0" merge="0" rebuychips="0" reg_code="8385527925"/>
<player seat="6" name="cowslip" chips="545" dealer="1" win="50" bet="40" muck="1" rebuy="0" addon="0" merge="0" rebuychips="0" reg_code="8385527933"/>
<player seat="10" name="oreiasccp" chips="465" dealer="0" win="0" bet="10" muck="1" rebuy="0" addon="0" merge="0" rebuychips="0" reg_code="8385527979"/>
</players>
</general>
<round no="0"><action no="1" player="oreiasccp" type="1" sum="10"/>
<action no="2" player="saiger1" type="2" discard="1" dealt="1" sum="20"/>
</round>
<round no="1"><cards type="Pocket" player="cowslip">X X</cards>
<cards type="Pocket" player="oreiasccp">S5 D6</cards>
<cards type="Pocket" player="saiger1">X X</cards>
<action no="3" player="cowslip" type="3" discard="1" dealt="1" sum="20"/>
<action no="4" player="oreiasccp" type="0" sum="0"/>
<action no="5" player="saiger1" type="4" discard="1" dealt="1" sum="0"/>
</round>
<round no="2"><cards type="Flop">HA S3 CA</cards>
<action no="6" player="saiger1" type="4" discard="1" dealt="1" sum="0"/>
<action no="7" player="cowslip" type="4" discard="1" dealt="1" sum="0"/>
</round>
<round no="3"><cards type="Turn">S2</cards>
<action no="8" player="saiger1" type="4" discard="1" dealt="1" sum="0"/>
<action no="9" player="cowslip" type="5" discard="1" dealt="1" sum="20"/>
<action no="10" player="saiger1" type="0" discard="1" dealt="1" sum="0"/>
</round>
</game>
<game gamecode="11516893278"><general><startdate>2025-06-17 10:45:52</startdate>
<round>1</round>
<failsafecounter/>
<players><player seat="6" name="cowslip" chips="575" dealer="0" win="0" bet="20" muck="1" rebuy="0" addon="0" merge="0" rebuychips="0" reg_code="8385527933"/>
<player seat="10" name="oreiasccp" chips="455" dealer="1" win="0" bet="0" muck="1" rebuy="0" addon="0" merge="0" rebuychips="0" reg_code="8385527979"/>
<player seat="3" name="saiger1" chips="470" dealer="0" win="40" bet="60" muck="1" rebuy="0" addon="0" merge="0" rebuychips="0" reg_code="8385527925"/>
</players>
</general>
<round no="0"><action no="1" player="saiger1" type="1" discard="1" dealt="1" sum="10"/>
<action no="2" player="cowslip" type="2" discard="1" dealt="1" sum="20"/>
</round>
<round no="1"><cards type="Pocket" player="oreiasccp">D8 HQ</cards>
<cards type="Pocket" player="cowslip">X X</cards>
<cards type="Pocket" player="saiger1">X X</cards>
<action no="3" player="oreiasccp" type="0" sum="0"/>
<action no="4" player="saiger1" type="23" discard="1" dealt="1" sum="60"/>
<action no="5" player="cowslip" type="0" discard="1" dealt="1" sum="0"/>
</round>
</game>
<game gamecode="11516893319"><general><startdate>2025-06-17 10:46:05</startdate>
<round>1</round>
<failsafecounter/>
<players><player seat="10" name="oreiasccp" chips="455" dealer="0" win="950" bet="455" muck="0" rebuy="0" addon="0" merge="0" rebuychips="0" reg_code="8385527979"/>
<player seat="3" name="saiger1" chips="490" dealer="1" win="0" bet="490" muck="1" rebuy="0" addon="0" merge="0" rebuychips="0" reg_code="8385527925"/>
<player seat="6" name="cowslip" chips="555" dealer="0" win="0" bet="40" muck="1" rebuy="0" addon="0" merge="0" rebuychips="0" reg_code="8385527933"/>
</players>
</general>
<round no="0"><action no="1" player="cowslip" type="1" discard="1" dealt="1" sum="10"/>
<action no="2" player="oreiasccp" type="2" sum="20"/>
</round>
<round no="1"><cards type="Pocket" player="cowslip">X X</cards>
<cards type="Pocket" player="saiger1">DA CJ</cards>
<cards type="Pocket" player="oreiasccp">HA SQ</cards>
<action no="3" player="saiger1" type="23" discard="1" dealt="1" sum="40"/>
<action no="4" player="cowslip" type="3" discard="1" dealt="1" sum="30"/>
<action no="5" player="oreiasccp" type="23" sum="455"/>
<action no="6" player="saiger1" type="7" discard="1" dealt="1" sum="450"/>
<action no="7" player="cowslip" type="0" discard="1" dealt="1" sum="0"/>
</round>
<round no="2"><cards type="Flop">H6 C3 C4</cards>
</round>
<round no="3"><cards type="Turn">S7</cards>
</round>
<round no="4"><cards type="River">C7</cards>
</round>
</game>
<game gamecode="11516893392"><general><startdate>2025-06-17 10:46:27</startdate>
<round>1</round>
<failsafecounter/>
<players><player seat="3" name="saiger1" chips="35" dealer="0" win="0" bet="35" muck="0" rebuy="0" addon="0" merge="0" rebuychips="0" reg_code="8385527925"/>
<player seat="6" name="cowslip" chips="515" dealer="1" win="90" bet="35" muck="0" rebuy="0" addon="0" merge="0" rebuychips="0" reg_code="8385527933"/>
<player seat="10" name="oreiasccp" chips="950" dealer="0" win="0" bet="20" muck="1" rebuy="0" addon="0" merge="0" rebuychips="0" reg_code="8385527979"/>
</players>
</general>
<round no="0"><action no="1" player="oreiasccp" type="15" sum="5"/>
<action no="2" player="saiger1" type="15" discard="1" dealt="1" sum="5"/>
<action no="3" player="cowslip" type="15" discard="1" dealt="1" sum="5"/>
<action no="4" player="oreiasccp" type="1" sum="15"/>
<action no="5" player="saiger1" type="2" discard="1" dealt="1" sum="30"/>
</round>
<round no="1"><cards type="Pocket" player="cowslip">H6 HQ</cards>
<cards type="Pocket" player="oreiasccp">H9 C2</cards>
<cards type="Pocket" player="saiger1">H10 C6</cards>
<action no="6" player="cowslip" type="3" discard="1" dealt="1" sum="30"/>
<action no="7" player="oreiasccp" type="0" sum="0"/>
</round>
<round no="2"><cards type="Flop">CA DQ S5</cards>
</round>
<round no="3"><cards type="Turn">H4</cards>
</round>
<round no="4"><cards type="River">S4</cards>
</round>
</game>
<game gamecode="11516893452"><general><startdate>2025-06-17 10:46:44</startdate>
<round>1</round>
<failsafecounter/>
<players><player seat="6" name="cowslip" chips="570" dealer="0" win="0" bet="250" muck="1" rebuy="0" addon="0" merge="0" rebuychips="0" reg_code="8385527933"/>
<player seat="10" name="oreiasccp" chips="930" dealer="1" win="500" bet="250" muck="0" rebuy="0" addon="0" merge="0" rebuychips="0" reg_code="8385527979"/>
</players>
</general>
<round no="0"><action no="1" player="oreiasccp" type="15" sum="5"/>
<action no="2" player="cowslip" type="15" discard="1" dealt="1" sum="5"/>
<action no="3" player="oreiasccp" type="1" sum="15"/>
<action no="4" player="cowslip" type="2" discard="1" dealt="1" sum="30"/>
</round>
<round no="1"><cards type="Pocket" player="oreiasccp">D9 C9</cards>
<cards type="Pocket" player="cowslip">HQ HA</cards>
<action no="5" player="oreiasccp" type="23" sum="60"/>
<action no="6" player="cowslip" type="3" discard="1" dealt="1" sum="30"/>
</round>
<round no="2"><cards type="Flop">H3 H2 S6</cards>
<action no="7" player="cowslip" type="4" discard="1" dealt="1" sum="0"/>
<action no="8" player="oreiasccp" type="5" sum="95"/>
<action no="9" player="cowslip" type="3" discard="1" dealt="1" sum="95"/>
</round>
<round no="3"><cards type="Turn">C5</cards>
<action no="10" player="cowslip" type="5" discard="1" dealt="1" sum="30"/>
<action no="11" player="oreiasccp" type="23" sum="90"/>
<action no="12" player="cowslip" type="3" discard="1" dealt="1" sum="60"/>
</round>
<round no="4"><cards type="River">S9</cards>
<action no="13" player="cowslip" type="4" discard="1" dealt="1" sum="0"/>
<action no="14" player="oreiasccp" type="4" sum="0"/>
</round>
</game>
<game gamecode="11516893594"><general><startdate>2025-06-17 10:47:20</startdate>
<round>1</round>
<failsafecounter/>
<players><player seat="10" name="oreiasccp" chips="1,180" dealer="0" win="130" bet="112" muck="1" rebuy="0" addon="0" merge="0" rebuychips="0" reg_code="8385527979"/>
<player seat="6" name="cowslip" chips="320" dealer="1" win="0" bet="65" muck="1" rebuy="0" addon="0" merge="0" rebuychips="0" reg_code="8385527933"/>
</players>
</general>
<round no="0"><action no="1" player="cowslip" type="15" discard="1" dealt="1" sum="5"/>
<action no="2" player="oreiasccp" type="15" sum="5"/>
<action no="3" player="cowslip" type="1" discard="1" dealt="1" sum="15"/>
<action no="4" player="oreiasccp" type="2" sum="30"/>
</round>
<round no="1"><cards type="Pocket" player="cowslip">X X</cards>
<cards type="Pocket" player="oreiasccp">CA HA</cards>
<action no="5" player="cowslip" type="3" discard="1" dealt="1" sum="15"/>
<action no="6" player="oreiasccp" type="23" sum="60"/>
<action no="7" player="cowslip" type="3" discard="1" dealt="1" sum="30"/>
</round>
<round no="2"><cards type="Flop">H10 S4 C7</cards>
<action no="8" player="oreiasccp" type="5" sum="47"/>
<action no="9" player="cowslip" type="0" discard="1" dealt="1" sum="0"/>
</round>
</game>
<game gamecode="11516893656"><general><startdate>2025-06-17 10:47:36</startdate>
<round>1</round>
<failsafecounter/>
<players><player seat="6" name="cowslip" chips="255" dealer="0" win="0" bet="35" muck="1" rebuy="0" addon="0" merge="0" rebuychips="0" reg_code="8385527933"/>
<player seat="10" name="oreiasccp" chips="1,245" dealer="1" win="70" bet="255" muck="1" rebuy="0" addon="0" merge="0" rebuychips="0" reg_code="8385527979"/>
</players>
</general>
<round no="0"><action no="1" player="oreiasccp" type="15" sum="5"/>
<action no="2" player="cowslip" type="15" discard="1" dealt="1" sum="5"/>
<action no="3" player="oreiasccp" type="1" sum="15"/>
<action no="4" player="cowslip" type="2" discard="1" dealt="1" sum="30"/>
</round>
<round no="1"><cards type="Pocket" player="cowslip">X X</cards>
<cards type="Pocket" player="oreiasccp">DK S5</cards>
<action no="5" player="oreiasccp" type="23" sum="250"/>
<action no="6" player="cowslip" type="0" discard="1" dealt="1" sum="0"/>
</round>
</game>
<game gamecode="11516893681"><general><startdate>2025-06-17 10:47:44</startdate>
<round>1</round>
<failsafecounter/>
<players><player seat="10" name="oreiasccp" chips="1,280" dealer="0" win="70" bet="35" muck="0" rebuy="0" addon="0" merge="0" rebuychips="0" reg_code="8385527979"/>
<player seat="6" name="cowslip" chips="220" dealer="1" win="0" bet="35" muck="1" rebuy="0" addon="0" merge="0" rebuychips="0" reg_code="8385527933"/>
</players>
</general>
<round no="0"><action no="1" player="cowslip" type="15" discard="1" dealt="1" sum="5"/>
<action no="2" player="oreiasccp" type="15" sum="5"/>
<action no="3" player="cowslip" type="1" discard="1" dealt="1" sum="15"/>
<action no="4" player="oreiasccp" type="2" sum="30"/>
</round>
<round no="1"><cards type="Pocket" player="cowslip">D9 C5</cards>
<cards type="Pocket" player="oreiasccp">SJ S2</cards>
<action no="5" player="cowslip" type="3" discard="1" dealt="1" sum="15"/>
<action no="6" player="oreiasccp" type="4" sum="0"/>
</round>
<round no="2"><cards type="Flop">C8 DA C4</cards>
<action no="7" player="oreiasccp" type="4" sum="0"/>
<action no="8" player="cowslip" type="4" discard="1" dealt="1" sum="0"/>
</round>
<round no="3"><cards type="Turn">SQ</cards>
<action no="9" player="oreiasccp" type="4" sum="0"/>
<action no="10" player="cowslip" type="4" discard="1" dealt="1" sum="0"/>
</round>
<round no="4"><cards type="River">CQ</cards>
<action no="11" player="oreiasccp" type="4" sum="0"/>
<action no="12" player="cowslip" type="4" discard="1" dealt="1" sum="0"/>
</round>
</game>
<game gamecode="11516893786"><general><startdate>2025-06-17 10:48:10</startdate>
<round>1</round>
<failsafecounter/>
<players><player seat="6" name="cowslip" chips="185" dealer="0" win="370" bet="185" muck="0" rebuy="0" addon="0" merge="0" rebuychips="0" reg_code="8385527933"/>
<player seat="10" name="oreiasccp" chips="1,315" dealer="1" win="0" bet="185" muck="1" rebuy="0" addon="0" merge="0" rebuychips="0" reg_code="8385527979"/>
</players>
</general>
<round no="0"><action no="1" player="oreiasccp" type="15" sum="5"/>
<action no="2" player="cowslip" type="15" discard="1" dealt="1" sum="5"/>
<action no="3" player="oreiasccp" type="1" sum="15"/>
<action no="4" player="cowslip" type="2" discard="1" dealt="1" sum="30"/>
</round>
<round no="1"><cards type="Pocket" player="cowslip">H4 HQ</cards>
<cards type="Pocket" player="oreiasccp">H8 SJ</cards>
<action no="5" player="oreiasccp" type="23" sum="180"/>
<action no="6" player="cowslip" type="7" discard="1" dealt="1" sum="150"/>
</round>
<round no="2"><cards type="Flop">CJ CK DA</cards>
</round>
<round no="3"><cards type="Turn">DQ</cards>
</round>
<round no="4"><cards type="River">S7</cards>
</round>
</game>
<game gamecode="11516893845"><general><startdate>2025-06-17 10:48:29</startdate>
<round>1</round>
<failsafecounter/>
<players><player seat="10" name="oreiasccp" chips="1,130" dealer="0" win="90" bet="85" muck="1" rebuy="0" addon="0" merge="0" rebuychips="0" reg_code="8385527979"/>
<player seat="6" name="cowslip" chips="370" dealer="1" win="0" bet="45" muck="1" rebuy="0" addon="0" merge="0" rebuychips="0" reg_code="8385527933"/>
</players>
</general>
<round no="0"><action no="1" player="cowslip" type="15" discard="1" dealt="1" sum="5"/>
<action no="2" player="oreiasccp" type="15" sum="5"/>
<action no="3" player="cowslip" type="1" discard="1" dealt="1" sum="20"/>
<action no="4" player="oreiasccp" type="2" sum="40"/>
</round>
<round no="1"><cards type="Pocket" player="cowslip">X X</cards>
<cards type="Pocket" player="oreiasccp">C8 D10</cards>
<action no="5" player="cowslip" type="3" discard="1" dealt="1" sum="20"/>
<action no="6" player="oreiasccp" type="4" sum="0"/>
</round>
<round no="2"><cards type="Flop">C3 C5 C2</cards>
<action no="7" player="oreiasccp" type="4" sum="0"/>
<action no="8" player="cowslip" type="4" discard="1" dealt="1" sum="0"/>
</round>
<round no="3"><cards type="Turn">DA</cards>
<action no="9" player="oreiasccp" type="5" sum="40"/>
<action no="10" player="cowslip" type="0" discard="1" dealt="1" sum="0"/>
</round>
</game>
<game gamecode="11516893913"><general><startdate>2025-06-17 10:48:48</startdate>
<round>1</round>
<failsafecounter/>
<players><player seat="6" name="cowslip" chips="325" dealer="0" win="50" bet="45" muck="1" rebuy="0" addon="0" merge="0" rebuychips="0" reg_code="8385527933"/>
<player seat="10" name="oreiasccp" chips="1,175" dealer="1" win="0" bet="25" muck="1" rebuy="0" addon="0" merge="0" rebuychips="0" reg_code="8385527979"/>
</players>
</general>
<round no="0"><action no="1" player="oreiasccp" type="15" sum="5"/>
<action no="2" player="cowslip" type="15" discard="1" dealt="1" sum="5"/>
<action no="3" player="oreiasccp" type="1" sum="20"/>
<action no="4" player="cowslip" type="2" discard="1" dealt="1" sum="40"/>
</round>
<round no="1"><cards type="Pocket" player="cowslip">X X</cards>
<cards type="Pocket" player="oreiasccp">H4 C9</cards>
<action no="5" player="oreiasccp" type="0" sum="0"/>
</round>
</game>
<game gamecode="11516893936"><general><startdate>2025-06-17 10:48:54</startdate>
<round>1</round>
<failsafecounter/>
<players><player seat="10" name="oreiasccp" chips="1,150" dealer="0" win="50" bet="45" muck="1" rebuy="0" addon="0" merge="0" rebuychips="0" reg_code="8385527979"/>
<player seat="6" name="cowslip" chips="350" dealer="1" win="0" bet="25" muck="1" rebuy="0" addon="0" merge="0" rebuychips="0" reg_code="8385527933"/>
</players>
</general>
<round no="0"><action no="1" player="cowslip" type="15" discard="1" dealt="1" sum="5"/>
<action no="2" player="oreiasccp" type="15" sum="5"/>
<action no="3" player="cowslip" type="1" discard="1" dealt="1" sum="20"/>
<action no="4" player="oreiasccp" type="2" sum="40"/>
</round>
<round no="1"><cards type="Pocket" player="cowslip">X X</cards>
<cards type="Pocket" player="oreiasccp">S10 HA</cards>
<action no="5" player="cowslip" type="0" discard="1" dealt="1" sum="0"/>
</round>
</game>
<game gamecode="11516893966"><general><startdate>2025-06-17 10:49:01</startdate>
<round>1</round>
<failsafecounter/>
<players><player seat="6" name="cowslip" chips="325" dealer="0" win="325" bet="325" muck="0" rebuy="0" addon="0" merge="0" rebuychips="0" reg_code="8385527933"/>
<player seat="10" name="oreiasccp" chips="1,175" dealer="1" win="325" bet="325" muck="0" rebuy="0" addon="0" merge="0" rebuychips="0" reg_code="8385527979"/>
</players>
</general>
<round no="0"><action no="1" player="oreiasccp" type="15" sum="5"/>
<action no="2" player="cowslip" type="15" discard="1" dealt="1" sum="5"/>
<action no="3" player="oreiasccp" type="1" sum="20"/>
<action no="4" player="cowslip" type="2" discard="1" dealt="1" sum="40"/>
</round>
<round no="1"><cards type="Pocket" player="cowslip">CK C10</cards>
<cards type="Pocket" player="oreiasccp">HK CJ</cards>
<action no="5" player="oreiasccp" type="23" sum="320"/>
<action no="6" player="cowslip" type="7" discard="1" dealt="1" sum="280"/>
</round>
<round no="2"><cards type="Flop">D8 S4 C4</cards>
</round>
<round no="3"><cards type="Turn">H5</cards>
</round>
<round no="4"><cards type="River">S5</cards>
</round>
</game>
<game gamecode="11516894034"><general><startdate>2025-06-17 10:49:18</startdate>
<round>1</round>
<failsafecounter/>
<players><player seat="10" name="oreiasccp" chips="1,175" dealer="0" win="0" bet="45" muck="1" rebuy="0" addon="0" merge="0" rebuychips="0" reg_code="8385527979"/>
<player seat="6" name="cowslip" chips="325" dealer="1" win="90" bet="325" muck="1" rebuy="0" addon="0" merge="0" rebuychips="0" reg_code="8385527933"/>
</players>
</general>
<round no="0"><action no="1" player="cowslip" type="15" discard="1" dealt="1" sum="5"/>
<action no="2" player="oreiasccp" type="15" sum="5"/>
<action no="3" player="cowslip" type="1" discard="1" dealt="1" sum="20"/>
<action no="4" player="oreiasccp" type="2" sum="40"/>
</round>
<round no="1"><cards type="Pocket" player="oreiasccp">HQ C3</cards>
<cards type="Pocket" player="cowslip">X X</cards>
<action no="5" player="cowslip" type="23" discard="1" dealt="1" sum="320"/>
<action no="6" player="oreiasccp" type="0" sum="0"/>
</round>
</game>
<game gamecode="11516894063"><general><startdate>2025-06-17 10:49:27</startdate>
<round>1</round>
<failsafecounter/>
<players><player seat="6" name="cowslip" chips="370" dealer="0" win="90" bet="85" muck="1" rebuy="0" addon="0" merge="0" rebuychips="0" reg_code="8385527933"/>
<player seat="10" name="oreiasccp" chips="1,130" dealer="1" win="0" bet="45" muck="1" rebuy="0" addon="0" merge="0" rebuychips="0" reg_code="8385527979"/>
</players>
</general>
<round no="0"><action no="1" player="oreiasccp" type="15" sum="5"/>
<action no="2" player="cowslip" type="15" discard="1" dealt="1" sum="5"/>
<action no="3" player="oreiasccp" type="1" sum="20"/>
<action no="4" player="cowslip" type="2" discard="1" dealt="1" sum="40"/>
</round>
<round no="1"><cards type="Pocket" player="cowslip">X X</cards>
<cards type="Pocket" player="oreiasccp">S8 DJ</cards>
<action no="5" player="oreiasccp" type="3" sum="20"/>
<action no="6" player="cowslip" type="23" discard="1" dealt="1" sum="80"/>
<action no="7" player="oreiasccp" type="0" sum="0"/>
</round>
</game>
<game gamecode="11516894114"><general><startdate>2025-06-17 10:49:40</startdate>
<round>1</round>
<failsafecounter/>
<players><player seat="10" name="oreiasccp" chips="1,085" dealer="0" win="50" bet="45" muck="1" rebuy="0" addon="0" merge="0" rebuychips="0" reg_code="8385527979"/>
<player seat="6" name="cowslip" chips="415" dealer="1" win="0" bet="25" muck="1" rebuy="0" addon="0" merge="0" rebuychips="0" reg_code="8385527933"/>
</players>
</general>
<round no="0"><action no="1" player="cowslip" type="15" discard="1" dealt="1" sum="5"/>
<action no="2" player="oreiasccp" type="15" sum="5"/>
<action no="3" player="cowslip" type="1" discard="1" dealt="1" sum="20"/>
<action no="4" player="oreiasccp" type="2" sum="40"/>
</round>
<round no="1"><cards type="Pocket" player="cowslip">X X</cards>
<cards type="Pocket" player="oreiasccp">D7 SQ</cards>
<action no="5" player="cowslip" type="0" discard="1" dealt="1" sum="0"/>
</round>
</game>
<game gamecode="11516894144"><general><startdate>2025-06-17 10:49:47</startdate>
<round>1</round>
<failsafecounter/>
<players><player seat="6" name="cowslip" chips="390" dealer="0" win="0" bet="45" muck="1" rebuy="0" addon="0" merge="0" rebuychips="0" reg_code="8385527933"/>
<player seat="10" name="oreiasccp" chips="1,110" dealer="1" win="90" bet="85" muck="1" rebuy="0" addon="0" merge="0" rebuychips="0" reg_code="8385527979"/>
</players>
</general>
<round no="0"><action no="1" player="oreiasccp" type="15" sum="5"/>
<action no="2" player="cowslip" type="15" discard="1" dealt="1" sum="5"/>
<action no="3" player="oreiasccp" type="1" sum="20"/>
<action no="4" player="cowslip" type="2" discard="1" dealt="1" sum="40"/>
</round>
<round no="1"><cards type="Pocket" player="oreiasccp">S8 S2</cards>
<cards type="Pocket" player="cowslip">X X</cards>
<action no="5" player="oreiasccp" type="3" sum="20"/>
<action no="6" player="cowslip" type="4" discard="1" dealt="1" sum="0"/>
</round>
<round no="2"><cards type="Flop">D7 C3 S10</cards>
<action no="7" player="cowslip" type="4" discard="1" dealt="1" sum="0"/>
<action no="8" player="oreiasccp" type="5" sum="40"/>
<action no="9" player="cowslip" type="0" discard="1" dealt="1" sum="0"/>
</round>
</game>
<game gamecode="11516894202"><general><startdate>2025-06-17 10:50:02</startdate>
<round>1</round>
<failsafecounter/>
<players><player seat="10" name="oreiasccp" chips="1,155" dealer="0" win="50" bet="45" muck="1" rebuy="0" addon="0" merge="0" rebuychips="0" reg_code="8385527979"/>
<player seat="6" name="cowslip" chips="345" dealer="1" win="0" bet="25" muck="1" rebuy="0" addon="0" merge="0" rebuychips="0" reg_code="8385527933"/>
</players>
</general>
<round no="0"><action no="1" player="cowslip" type="15" discard="1" dealt="1" sum="5"/>
<action no="2" player="oreiasccp" type="15" sum="5"/>
<action no="3" player="cowslip" type="1" discard="1" dealt="1" sum="20"/>
<action no="4" player="oreiasccp" type="2" sum="40"/>
</round>
<round no="1"><cards type="Pocket" player="cowslip">X X</cards>
<cards type="Pocket" player="oreiasccp">S6 S4</cards>
<action no="5" player="cowslip" type="0" discard="1" dealt="1" sum="0"/>
</round>
</game>
<game gamecode="11516894230"><general><startdate>2025-06-17 10:50:11</startdate>
<round>1</round>
<failsafecounter/>
<players><player seat="6" name="cowslip" chips="320" dealer="0" win="0" bet="45" muck="1" rebuy="0" addon="0" merge="0" rebuychips="0" reg_code="8385527933"/>
<player seat="10" name="oreiasccp" chips="1,180" dealer="1" win="90" bet="320" muck="1" rebuy="0" addon="0" merge="0" rebuychips="0" reg_code="8385527979"/>
</players>
</general>
<round no="0"><action no="1" player="oreiasccp" type="15" sum="5"/>
<action no="2" player="cowslip" type="15" discard="1" dealt="1" sum="5"/>
<action no="3" player="oreiasccp" type="1" sum="20"/>
<action no="4" player="cowslip" type="2" discard="1" dealt="1" sum="40"/>
</round>
<round no="1"><cards type="Pocket" player="cowslip">X X</cards>
<cards type="Pocket" player="oreiasccp">CA D8</cards>
<action no="5" player="oreiasccp" type="23" sum="315"/>
<action no="6" player="cowslip" type="0" discard="1" dealt="1" sum="0"/>
</round>
</game>
<game gamecode="11516894268"><general><startdate>2025-06-17 10:50:18</startdate>
<round>1</round>
<failsafecounter/>
<players><player seat="10" name="oreiasccp" chips="1,225" dealer="0" win="0" bet="275" muck="0" rebuy="0" addon="0" merge="0" rebuychips="0" reg_code="8385527979"/>
<player seat="6" name="cowslip" chips="275" dealer="1" win="550" bet="275" muck="0" rebuy="0" addon="0" merge="0" rebuychips="0" reg_code="8385527933"/>
</players>
</general>
<round no="0"><action no="1" player="cowslip" type="15" discard="1" dealt="1" sum="5"/>
<action no="2" player="oreiasccp" type="15" sum="5"/>
<action no="3" player="cowslip" type="1" discard="1" dealt="1" sum="30"/>
<action no="4" player="oreiasccp" type="2" sum="60"/>
</round>
<round no="1"><cards type="Pocket" player="cowslip">D2 DA</cards>
<cards type="Pocket" player="oreiasccp">S8 HQ</cards>
<action no="5" player="cowslip" type="3" discard="1" dealt="1" sum="30"/>
<action no="6" player="oreiasccp" type="23" sum="270"/>
<action no="7" player="cowslip" type="7" discard="1" dealt="1" sum="210"/>
</round>
<round no="2"><cards type="Flop">DK C7 CK</cards>
</round>
<round no="3"><cards type="Turn">C5</cards>
</round>
<round no="4"><cards type="River">S9</cards>
</round>
</game>
<game gamecode="11516894334"><general><startdate>2025-06-17 10:50:37</startdate>
<round>1</round>
<failsafecounter/>
<players><player seat="6" name="cowslip" chips="550" dealer="0" win="70" bet="65" muck="1" rebuy="0" addon="0" merge="0" rebuychips="0" reg_code="8385527933"/>
<player seat="10" name="oreiasccp" chips="950" dealer="1" win="0" bet="35" muck="1" rebuy="0" addon="0" merge="0" rebuychips="0" reg_code="8385527979"/>
</players>
</general>
<round no="0"><action no="1" player="oreiasccp" type="15" sum="5"/>
<action no="2" player="cowslip" type="15" discard="1" dealt="1" sum="5"/>
<action no="3" player="oreiasccp" type="1" sum="30"/>
<action no="4" player="cowslip" type="2" discard="1" dealt="1" sum="60"/>
</round>
<round no="1"><cards type="Pocket" player="cowslip">X X</cards>
<cards type="Pocket" player="oreiasccp">C2 D7</cards>
<action no="5" player="oreiasccp" type="0" sum="0"/>
</round>
</game>
<game gamecode="11516894352"><general><startdate>2025-06-17 10:50:42</startdate>
<round>1</round>
<failsafecounter/>
<players><player seat="10" name="oreiasccp" chips="915" dealer="0" win="0" bet="65" muck="1" rebuy="0" addon="0" merge="0" rebuychips="0" reg_code="8385527979"/>
<player seat="6" name="cowslip" chips="585" dealer="1" win="130" bet="125" muck="1" rebuy="0" addon="0" merge="0" rebuychips="0" reg_code="8385527933"/>
</players>
</general>
<round no="0"><action no="1" player="cowslip" type="15" discard="1" dealt="1" sum="5"/>
<action no="2" player="oreiasccp" type="15" sum="5"/>
<action no="3" player="cowslip" type="1" discard="1" dealt="1" sum="30"/>
<action no="4" player="oreiasccp" type="2" sum="60"/>
</round>
<round no="1"><cards type="Pocket" player="oreiasccp">DJ D2</cards>
<cards type="Pocket" player="cowslip">X X</cards>
<action no="5" player="cowslip" type="3" discard="1" dealt="1" sum="30"/>
<action no="6" player="oreiasccp" type="4" sum="0"/>
</round>
<round no="2"><cards type="Flop">S10 S9 SJ</cards>
<action no="7" player="oreiasccp" type="4" sum="0"/>
<action no="8" player="cowslip" type="4" discard="1" dealt="1" sum="0"/>
</round>
<round no="3"><cards type="Turn">S8</cards>
<action no="9" player="oreiasccp" type="4" sum="0"/>
<action no="10" player="cowslip" type="5" discard="1" dealt="1" sum="60"/>
<action no="11" player="oreiasccp" type="0" sum="0"/>
</round>
</game>
<game gamecode="11516894447"><general><startdate>2025-06-17 10:51:06</startdate>
<round>1</round>
<failsafecounter/>
<players><player seat="6" name="cowslip" chips="650" dealer="0" win="0" bet="65" muck="1" rebuy="0" addon="0" merge="0" rebuychips="0" reg_code="8385527933"/>
<player seat="10" name="oreiasccp" chips="850" dealer="1" win="130" bet="65" muck="0" rebuy="0" addon="0" merge="0" rebuychips="0" reg_code="8385527979"/>
</players>
</general>
<round no="0"><action no="1" player="oreiasccp" type="15" sum="5"/>
<action no="2" player="cowslip" type="15" discard="1" dealt="1" sum="5"/>
<action no="3" player="oreiasccp" type="1" sum="30"/>
<action no="4" player="cowslip" type="2" discard="1" dealt="1" sum="60"/>
</round>
<round no="1"><cards type="Pocket" player="oreiasccp">SA S7</cards>
<cards type="Pocket" player="cowslip">C8 H9</cards>
<action no="5" player="oreiasccp" type="3" sum="30"/>
<action no="6" player="cowslip" type="4" discard="1" dealt="1" sum="0"/>
</round>
<round no="2"><cards type="Flop">C4 C6 D4</cards>
<action no="7" player="cowslip" type="4" discard="1" dealt="1" sum="0"/>
<action no="8" player="oreiasccp" type="4" sum="0"/>
</round>
<round no="3"><cards type="Turn">DQ</cards>
<action no="9" player="cowslip" type="4" discard="1" dealt="1" sum="0"/>
<action no="10" player="oreiasccp" type="4" sum="0"/>
</round>
<round no="4"><cards type="River">CJ</cards>
<action no="11" player="cowslip" type="4" discard="1" dealt="1" sum="0"/>
<action no="12" player="oreiasccp" type="4" sum="0"/>
</round>
</game>
<game gamecode="11516894528"><general><startdate>2025-06-17 10:51:27</startdate>
<round>1</round>
<failsafecounter/>
<players><player seat="10" name="oreiasccp" chips="915" dealer="0" win="0" bet="65" muck="1" rebuy="0" addon="0" merge="0" rebuychips="0" reg_code="8385527979"/>
<player seat="6" name="cowslip" chips="585" dealer="1" win="130" bet="125" muck="1" rebuy="0" addon="0" merge="0" rebuychips="0" reg_code="8385527933"/>
</players>
</general>
<round no="0"><action no="1" player="cowslip" type="15" discard="1" dealt="1" sum="5"/>
<action no="2" player="oreiasccp" type="15" sum="5"/>
<action no="3" player="cowslip" type="1" discard="1" dealt="1" sum="30"/>
<action no="4" player="oreiasccp" type="2" sum="60"/>
</round>
<round no="1"><cards type="Pocket" player="oreiasccp">S9 H7</cards>
<cards type="Pocket" player="cowslip">X X</cards>
<action no="5" player="cowslip" type="3" discard="1" dealt="1" sum="30"/>
<action no="6" player="oreiasccp" type="4" sum="0"/>
</round>
<round no="2"><cards type="Flop">D2 D5 D10</cards>
<action no="7" player="oreiasccp" type="4" sum="0"/>
<action no="8" player="cowslip" type="4" discard="1" dealt="1" sum="0"/>
</round>
<round no="3"><cards type="Turn">DA</cards>
<action no="9" player="oreiasccp" type="4" sum="0"/>
<action no="10" player="cowslip" type="4" discard="1" dealt="1" sum="0"/>
</round>
<round no="4"><cards type="River">S4</cards>
<action no="11" player="oreiasccp" type="4" sum="0"/>
<action no="12" player="cowslip" type="5" discard="1" dealt="1" sum="60"/>
<action no="13" player="oreiasccp" type="0" sum="0"/>
</round>
</game>
<game gamecode="11516894616"><general><startdate>2025-06-17 10:51:47</startdate>
<round>1</round>
<failsafecounter/>
<players><player seat="6" name="cowslip" chips="650" dealer="0" win="130" bet="125" muck="1" rebuy="0" addon="0" merge="0" rebuychips="0" reg_code="8385527933"/>
<player seat="10" name="oreiasccp" chips="850" dealer="1" win="0" bet="65" muck="1" rebuy="0" addon="0" merge="0" rebuychips="0" reg_code="8385527979"/>
</players>
</general>
<round no="0"><action no="1" player="oreiasccp" type="15" sum="5"/>
<action no="2" player="cowslip" type="15" discard="1" dealt="1" sum="5"/>
<action no="3" player="oreiasccp" type="1" sum="30"/>
<action no="4" player="cowslip" type="2" discard="1" dealt="1" sum="60"/>
</round>
<round no="1"><cards type="Pocket" player="oreiasccp">D9 S7</cards>
<cards type="Pocket" player="cowslip">X X</cards>
<action no="5" player="oreiasccp" type="3" sum="30"/>
<action no="6" player="cowslip" type="4" discard="1" dealt="1" sum="0"/>
</round>
<round no="2"><cards type="Flop">S3 H6 SQ</cards>
<action no="7" player="cowslip" type="5" discard="1" dealt="1" sum="60"/>
<action no="8" player="oreiasccp" type="0" sum="0"/>
</round>
</game>
<game gamecode="11516894687"><general><startdate>2025-06-17 10:52:02</startdate>
<round>1</round>
<failsafecounter/>
<players><player seat="10" name="oreiasccp" chips="785" dealer="0" win="130" bet="65" muck="0" rebuy="0" addon="0" merge="0" rebuychips="0" reg_code="8385527979"/>
<player seat="6" name="cowslip" chips="715" dealer="1" win="0" bet="65" muck="1" rebuy="0" addon="0" merge="0" rebuychips="0" reg_code="8385527933"/>
</players>
</general>
<round no="0"><action no="1" player="cowslip" type="15" discard="1" dealt="1" sum="5"/>
<action no="2" player="oreiasccp" type="15" sum="5"/>
<action no="3" player="cowslip" type="1" discard="1" dealt="1" sum="30"/>
<action no="4" player="oreiasccp" type="2" sum="60"/>
</round>
<round no="1"><cards type="Pocket" player="oreiasccp">H9 S7</cards>
<cards type="Pocket" player="cowslip">H5 H4</cards>
<action no="5" player="cowslip" type="3" discard="1" dealt="1" sum="30"/>
<action no="6" player="oreiasccp" type="4" sum="0"/>
</round>
<round no="2"><cards type="Flop">S8 D7 HK</cards>
<action no="7" player="oreiasccp" type="4" sum="0"/>
<action no="8" player="cowslip" type="4" discard="1" dealt="1" sum="0"/>
</round>
<round no="3"><cards type="Turn">CJ</cards>
<action no="9" player="oreiasccp" type="4" sum="0"/>
<action no="10" player="cowslip" type="4" discard="1" dealt="1" sum="0"/>
</round>
<round no="4"><cards type="River">H2</cards>
<action no="11" player="oreiasccp" type="4" sum="0"/>
<action no="12" player="cowslip" type="4" discard="1" dealt="1" sum="0"/>
</round>
</game>
<game gamecode="11516894781"><general><startdate>2025-06-17 10:52:24</startdate>
<round>1</round>
<failsafecounter/>
<players><player seat="6" name="cowslip" chips="650" dealer="0" win="96" bet="88" muck="1" rebuy="0" addon="0" merge="0" rebuychips="0" reg_code="8385527933"/>
<player seat="10" name="oreiasccp" chips="850" dealer="1" win="0" bet="48" muck="1" rebuy="0" addon="0" merge="0" rebuychips="0" reg_code="8385527979"/>
</players>
</general>
<round no="0"><action no="1" player="oreiasccp" type="15" sum="8"/>
<action no="2" player="cowslip" type="15" discard="1" dealt="1" sum="8"/>
<action no="3" player="oreiasccp" type="1" sum="40"/>
<action no="4" player="cowslip" type="2" discard="1" dealt="1" sum="80"/>
</round>
<round no="1"><cards type="Pocket" player="oreiasccp">D4 C6</cards>
<cards type="Pocket" player="cowslip">X X</cards>
<action no="5" player="oreiasccp" type="0" sum="0"/>
</round>
</game>
<game gamecode="11516894802"><general><startdate>2025-06-17 10:52:30</startdate>
<round>1</round>
<failsafecounter/>
<players><player seat="10" name="oreiasccp" chips="802" dealer="0" win="0" bet="88" muck="1" rebuy="0" addon="0" merge="0" rebuychips="0" reg_code="8385527979"/>
<player seat="6" name="cowslip" chips="698" dealer="1" win="176" bet="168" muck="1" rebuy="0" addon="0" merge="0" rebuychips="0" reg_code="8385527933"/>
</players>
</general>
<round no="0"><action no="1" player="cowslip" type="15" discard="1" dealt="1" sum="8"/>
<action no="2" player="oreiasccp" type="15" sum="8"/>
<action no="3" player="cowslip" type="1" discard="1" dealt="1" sum="40"/>
<action no="4" player="oreiasccp" type="2" sum="80"/>
</round>
<round no="1"><cards type="Pocket" player="oreiasccp">D10 C8</cards>
<cards type="Pocket" player="cowslip">X X</cards>
<action no="5" player="cowslip" type="3" discard="1" dealt="1" sum="40"/>
<action no="6" player="oreiasccp" type="4" sum="0"/>
</round>
<round no="2"><cards type="Flop">CK C5 D2</cards>
<action no="7" player="oreiasccp" type="4" sum="0"/>
<action no="8" player="cowslip" type="5" discard="1" dealt="1" sum="80"/>
<action no="9" player="oreiasccp" type="0" sum="0"/>
</round>
</game>
<game gamecode="11516894856"><general><startdate>2025-06-17 10:52:43</startdate>
<round>1</round>
<failsafecounter/>
<players><player seat="6" name="cowslip" chips="786" dealer="0" win="0" bet="88" muck="1" rebuy="0" addon="0" merge="0" rebuychips="0" reg_code="8385527933"/>
<player seat="10" name="oreiasccp" chips="714" dealer="1" win="176" bet="168" muck="1" rebuy="0" addon="0" merge="0" rebuychips="0" reg_code="8385527979"/>
</players>
</general>
<round no="0"><action no="1" player="oreiasccp" type="15" sum="8"/>
<action no="2" player="cowslip" type="15" discard="1" dealt="1" sum="8"/>
<action no="3" player="oreiasccp" type="1" sum="40"/>
<action no="4" player="cowslip" type="2" discard="1" dealt="1" sum="80"/>
</round>
<round no="1"><cards type="Pocket" player="oreiasccp">H7 SJ</cards>
<cards type="Pocket" player="cowslip">X X</cards>
<action no="5" player="oreiasccp" type="3" sum="40"/>
<action no="6" player="cowslip" type="4" discard="1" dealt="1" sum="0"/>
</round>
<round no="2"><cards type="Flop">SK C2 DQ</cards>
<action no="7" player="cowslip" type="4" discard="1" dealt="1" sum="0"/>
<action no="8" player="oreiasccp" type="5" sum="80"/>
<action no="9" player="cowslip" type="0" discard="1" dealt="1" sum="0"/>
</round>
</game>
<game gamecode="11516894915"><general><startdate>2025-06-17 10:52:59</startdate>
<round>1</round>
<failsafecounter/>
<players><player seat="10" name="oreiasccp" chips="802" dealer="0" win="176" bet="208" muck="1" rebuy="0" addon="0" merge="0" rebuychips="0" reg_code="8385527979"/>
<player seat="6" name="cowslip" chips="698" dealer="1" win="0" bet="88" muck="1" rebuy="0" addon="0" merge="0" rebuychips="0" reg_code="8385527933"/>
</players>
</general>
<round no="0"><action no="1" player="cowslip" type="15" discard="1" dealt="1" sum="8"/>
<action no="2" player="oreiasccp" type="15" sum="8"/>
<action no="3" player="cowslip" type="1" discard="1" dealt="1" sum="40"/>
<action no="4" player="oreiasccp" type="2" sum="80"/>
</round>
<round no="1"><cards type="Pocket" player="oreiasccp">CJ H8</cards>
<cards type="Pocket" player="cowslip">X X</cards>
<action no="5" player="cowslip" type="3" discard="1" dealt="1" sum="40"/>
<action no="6" player="oreiasccp" type="23" sum="200"/>
<action no="7" player="cowslip" type="0" discard="1" dealt="1" sum="0"/>
</round>
</game>
<game gamecode="11516894972"><general><startdate>2025-06-17 10:53:13</startdate>
<round>1</round>
<failsafecounter/>
<players><player seat="6" name="cowslip" chips="610" dealer="0" win="0" bet="610" muck="0" rebuy="0" addon="0" merge="0" rebuychips="0" reg_code="8385527933"/>
<player seat="10" name="oreiasccp" chips="890" dealer="1" win="1,220" bet="610" muck="0" rebuy="0" addon="0" merge="0" rebuychips="0" reg_code="8385527979"/>
</players>
</general>
<round no="0"><action no="1" player="oreiasccp" type="15" sum="8"/>
<action no="2" player="cowslip" type="15" discard="1" dealt="1" sum="8"/>
<action no="3" player="oreiasccp" type="1" sum="40"/>
<action no="4" player="cowslip" type="2" discard="1" dealt="1" sum="80"/>
</round>
<round no="1"><cards type="Pocket" player="cowslip">C9 SK</cards>
<cards type="Pocket" player="oreiasccp">DQ C6</cards>
<action no="5" player="oreiasccp" type="3" sum="40"/>
<action no="6" player="cowslip" type="4" discard="1" dealt="1" sum="0"/>
</round>
<round no="2"><cards type="Flop">SQ D7 H9</cards>
<action no="7" player="cowslip" type="5" discard="1" dealt="1" sum="80"/>
<action no="8" player="oreiasccp" type="3" sum="80"/>
</round>
<round no="3"><cards type="Turn">HQ</cards>
<action no="9" player="cowslip" type="5" discard="1" dealt="1" sum="80"/>
<action no="10" player="oreiasccp" type="3" sum="80"/>
</round>
<round no="4"><cards type="River">D5</cards>
<action no="11" player="cowslip" type="5" discard="1" dealt="1" sum="80"/>
<action no="12" player="oreiasccp" type="23" sum="362"/>
<action no="13" player="cowslip" type="7" discard="1" dealt="1" sum="282"/>
</round>
</game>
</session>
