<?xml version="1.0" encoding="UTF-8"?>
<session sessioncode="8385516485">
<general>
<client_version>24.7.1.16</client_version>
<mode>real</mode>
<gametype>Holdem NL</gametype>
<tablename>Twister €5 SNG, 1127666122</tablename>
<tournamentcode>1127666121</tournamentcode>
<tournamentname>Twister €5 SNG</tournamentname>
<buyin>€0 + €0.35 + €4.65</buyin>
<totalbuyin>€5</totalbuyin>
<rewarddrawn>€10</rewarddrawn>
<tournamentcurrency>EUR</tournamentcurrency>
<currency>EUR</currency>
<nickname>oreiasccp</nickname>
<gamecount>14</gamecount>
<startdate>2025-06-17 10:05:03</startdate>
<place>1</place>
<win>€10</win>
<tablesize>3</tablesize>
</general>
<game gamecode="11516855620"><general><startdate>2025-06-17 10:05:18</startdate>
<round>1</round>
<failsafecounter/>
<players><player seat="10" name="Zaranit" chips="500" dealer="0" win="90" bet="85" muck="1" rebuy="0" addon="0" merge="0" rebuychips="0" reg_code="8385516508"/>
<player seat="3" name="DBoris555" chips="500" dealer="1" win="0" bet="40" muck="1" rebuy="0" addon="0" merge="0" rebuychips="0" reg_code="8385516460"/>
<player seat="6" name="oreiasccp" chips="500" dealer="0" win="0" bet="10" muck="1" rebuy="0" addon="0" merge="0" rebuychips="0" reg_code="8385516485"/>
</players>
</general>
<round no="0"><action no="1" player="oreiasccp" type="1" sum="10"/>
<action no="2" player="Zaranit" type="2" discard="1" dealt="1" sum="20"/>
</round>
<round no="1"><cards type="Pocket" player="Zaranit">X X</cards>
<cards type="Pocket" player="oreiasccp">C4 H8</cards>
<cards type="Pocket" player="DBoris555">X X</cards>
<action no="3" player="DBoris555" type="23" discard="1" dealt="1" sum="40"/>
<action no="4" player="oreiasccp" type="0" sum="0"/>
<action no="5" player="Zaranit" type="3" discard="1" dealt="1" sum="20"/>
</round>
<round no="2"><cards type="Flop">D6 DJ D2</cards>
<action no="6" player="Zaranit" type="4" discard="1" dealt="1" sum="0"/>
<action no="7" player="DBoris555" type="4" discard="1" dealt="1" sum="0"/>
</round>
<round no="3"><cards type="Turn">DQ</cards>
<action no="8" player="Zaranit" type="4" discard="1" dealt="1" sum="0"/>
<action no="9" player="DBoris555" type="4" discard="1" dealt="1" sum="0"/>
</round>
<round no="4"><cards type="River">H6</cards>
<action no="10" player="Zaranit" type="5" discard="1" dealt="1" sum="45"/>
<action no="11" player="DBoris555" type="0" discard="1" dealt="1" sum="0"/>
</round>
</game>
<game gamecode="11516855709"><general><startdate>2025-06-17 10:05:44</startdate>
<round>1</round>
<failsafecounter/>
<players><player seat="3" name="DBoris555" chips="460" dealer="0" win="40" bet="40" muck="0" rebuy="0" addon="0" merge="0" rebuychips="0" reg_code="8385516460"/>
<player seat="6" name="oreiasccp" chips="490" dealer="1" win="0" bet="0" muck="1" rebuy="0" addon="0" merge="0" rebuychips="0" reg_code="8385516485"/>
<player seat="10" name="Zaranit" chips="550" dealer="0" win="40" bet="40" muck="0" rebuy="0" addon="0" merge="0" rebuychips="0" reg_code="8385516508"/>
</players>
</general>
<round no="0"><action no="1" player="Zaranit" type="1" discard="1" dealt="1" sum="10"/>
<action no="2" player="DBoris555" type="2" discard="1" dealt="1" sum="20"/>
</round>
<round no="1"><cards type="Pocket" player="DBoris555">SA H3</cards>
<cards type="Pocket" player="Zaranit">S3 DA</cards>
<cards type="Pocket" player="oreiasccp">D2 C4</cards>
<action no="3" player="oreiasccp" type="0" sum="0"/>
<action no="4" player="Zaranit" type="23" discard="1" dealt="1" sum="40"/>
<action no="5" player="DBoris555" type="3" discard="1" dealt="1" sum="20"/>
</round>
<round no="2"><cards type="Flop">C8 CJ SJ</cards>
<action no="6" player="Zaranit" type="4" discard="1" dealt="1" sum="0"/>
<action no="7" player="DBoris555" type="4" discard="1" dealt="1" sum="0"/>
</round>
<round no="3"><cards type="Turn">C2</cards>
<action no="8" player="Zaranit" type="4" discard="1" dealt="1" sum="0"/>
<action no="9" player="DBoris555" type="4" discard="1" dealt="1" sum="0"/>
</round>
<round no="4"><cards type="River">S10</cards>
<action no="10" player="Zaranit" type="4" discard="1" dealt="1" sum="0"/>
<action no="11" player="DBoris555" type="4" discard="1" dealt="1" sum="0"/>
</round>
</game>
<game gamecode="11516855849"><general><startdate>2025-06-17 10:06:22</startdate>
<round>1</round>
<failsafecounter/>
<players><player seat="6" name="oreiasccp" chips="490" dealer="0" win="0" bet="20" muck="1" rebuy="0" addon="0" merge="0" rebuychips="0" reg_code="8385516485"/>
<player seat="10" name="Zaranit" chips="550" dealer="1" win="0" bet="0" muck="1" rebuy="0" addon="0" merge="0" rebuychips="0" reg_code="8385516508"/>
<player seat="3" name="DBoris555" chips="460" dealer="0" win="40" bet="40" muck="1" rebuy="0" addon="0" merge="0" rebuychips="0" reg_code="8385516460"/>
</players>
</general>
<round no="0"><action no="1" player="DBoris555" type="1" discard="1" dealt="1" sum="10"/>
<action no="2" player="oreiasccp" type="2" sum="20"/>
</round>
<round no="1"><cards type="Pocket" player="Zaranit">X X</cards>
<cards type="Pocket" player="DBoris555">X X</cards>
<cards type="Pocket" player="oreiasccp">C2 D6</cards>
<action no="3" player="Zaranit" type="0" discard="1" dealt="1" sum="0"/>
<action no="4" player="DBoris555" type="23" discard="1" dealt="1" sum="40"/>
<action no="5" player="oreiasccp" type="0" sum="0"/>
</round>
</game>
<game gamecode="11516855887"><general><startdate>2025-06-17 10:06:33</startdate>
<round>1</round>
<failsafecounter/>
<players><player seat="10" name="Zaranit" chips="550" dealer="0" win="0" bet="20" muck="1" rebuy="0" addon="0" merge="0" rebuychips="0" reg_code="8385516508"/>
<player seat="3" name="DBoris555" chips="480" dealer="1" win="0" bet="470" muck="1" rebuy="0" addon="0" merge="0" rebuychips="0" reg_code="8385516460"/>
<player seat="6" name="oreiasccp" chips="470" dealer="0" win="960" bet="470" muck="0" rebuy="0" addon="0" merge="0" rebuychips="0" reg_code="8385516485"/>
</players>
</general>
<round no="0"><action no="1" player="oreiasccp" type="1" sum="10"/>
<action no="2" player="Zaranit" type="2" discard="1" dealt="1" sum="20"/>
</round>
<round no="1"><cards type="Pocket" player="oreiasccp">HA H9</cards>
<cards type="Pocket" player="DBoris555">SA C8</cards>
<cards type="Pocket" player="Zaranit">X X</cards>
<action no="3" player="DBoris555" type="23" discard="1" dealt="1" sum="40"/>
<action no="4" player="oreiasccp" type="23" sum="470"/>
<action no="5" player="Zaranit" type="0" discard="1" dealt="1" sum="0"/>
<action no="6" player="DBoris555" type="3" discard="1" dealt="1" sum="430"/>
</round>
<round no="2"><cards type="Flop">DJ HQ D10</cards>
</round>
<round no="3"><cards type="Turn">H6</cards>
</round>
<round no="4"><cards type="River">S3</cards>
</round>
</game>
<game gamecode="11516855945"><general><startdate>2025-06-17 10:06:55</startdate>
<round>1</round>
<failsafecounter/>
<players><player seat="3" name="DBoris555" chips="10" dealer="0" win="0" bet="10" muck="0" rebuy="0" addon="0" merge="0" rebuychips="0" reg_code="8385516460"/>
<player seat="6" name="oreiasccp" chips="960" dealer="1" win="30" bet="40" muck="0" rebuy="0" addon="0" merge="0" rebuychips="0" reg_code="8385516485"/>
<player seat="10" name="Zaranit" chips="530" dealer="0" win="0" bet="10" muck="1" rebuy="0" addon="0" merge="0" rebuychips="0" reg_code="8385516508"/>
</players>
</general>
<round no="0"><action no="1" player="Zaranit" type="1" discard="1" dealt="1" sum="10"/>
<action no="2" player="DBoris555" type="2" discard="1" dealt="1" sum="10"/>
</round>
<round no="1"><cards type="Pocket" player="Zaranit">X X</cards>
<cards type="Pocket" player="oreiasccp">C2 CK</cards>
<cards type="Pocket" player="DBoris555">H10 CJ</cards>
<action no="3" player="oreiasccp" type="23" sum="40"/>
<action no="4" player="Zaranit" type="0" discard="1" dealt="1" sum="0"/>
</round>
<round no="2"><cards type="Flop">S9 S7 HQ</cards>
</round>
<round no="3"><cards type="Turn">DQ</cards>
</round>
<round no="4"><cards type="River">H9</cards>
</round>
</game>
<game gamecode="11516856010"><general><startdate>2025-06-17 10:07:11</startdate>
<round>1</round>
<failsafecounter/>
<players><player seat="6" name="oreiasccp" chips="980" dealer="0" win="0" bet="40" muck="1" rebuy="0" addon="0" merge="0" rebuychips="0" reg_code="8385516485"/>
<player seat="10" name="Zaranit" chips="520" dealer="1" win="80" bet="520" muck="1" rebuy="0" addon="0" merge="0" rebuychips="0" reg_code="8385516508"/>
</players>
</general>
<round no="0"><action no="1" player="Zaranit" type="1" discard="1" dealt="1" sum="10"/>
<action no="2" player="oreiasccp" type="2" sum="20"/>
</round>
<round no="1"><cards type="Pocket" player="oreiasccp">SJ HQ</cards>
<cards type="Pocket" player="Zaranit">X X</cards>
<action no="3" player="Zaranit" type="3" discard="1" dealt="1" sum="10"/>
<action no="4" player="oreiasccp" type="23" sum="40"/>
<action no="5" player="Zaranit" type="23" discard="1" dealt="1" sum="520"/>
<action no="6" player="oreiasccp" type="0" sum="0"/>
</round>
</game>
<game gamecode="11516856068"><general><startdate>2025-06-17 10:07:28</startdate>
<round>1</round>
<failsafecounter/>
<players><player seat="10" name="Zaranit" chips="560" dealer="0" win="70" bet="88" muck="1" rebuy="0" addon="0" merge="0" rebuychips="0" reg_code="8385516508"/>
<player seat="6" name="oreiasccp" chips="940" dealer="1" win="0" bet="35" muck="1" rebuy="0" addon="0" merge="0" rebuychips="0" reg_code="8385516485"/>
</players>
</general>
<round no="0"><action no="1" player="oreiasccp" type="15" sum="5"/>
<action no="2" player="Zaranit" type="15" discard="1" dealt="1" sum="5"/>
<action no="3" player="oreiasccp" type="1" sum="15"/>
<action no="4" player="Zaranit" type="2" discard="1" dealt="1" sum="30"/>
</round>
<round no="1"><cards type="Pocket" player="oreiasccp">C9 CQ</cards>
<cards type="Pocket" player="Zaranit">X X</cards>
<action no="5" player="oreiasccp" type="3" sum="15"/>
<action no="6" player="Zaranit" type="4" discard="1" dealt="1" sum="0"/>
</round>
<round no="2"><cards type="Flop">D5 CK D3</cards>
<action no="7" player="Zaranit" type="4" discard="1" dealt="1" sum="0"/>
<action no="8" player="oreiasccp" type="4" sum="0"/>
</round>
<round no="3"><cards type="Turn">D4</cards>
<action no="9" player="Zaranit" type="5" discard="1" dealt="1" sum="53"/>
<action no="10" player="oreiasccp" type="0" sum="0"/>
</round>
</game>
<game gamecode="11516862666"><general><startdate>2025-06-17 10:07:53</startdate>
<round>1</round>
<failsafecounter/>
<players><player seat="6" name="oreiasccp" chips="905" dealer="0" win="70" bet="595" muck="1" rebuy="0" addon="0" merge="0" rebuychips="0" reg_code="8385516485"/>
<player seat="10" name="Zaranit" chips="595" dealer="1" win="0" bet="35" muck="1" rebuy="0" addon="0" merge="0" rebuychips="0" reg_code="8385516508"/>
</players>
</general>
<round no="0"><action no="1" player="Zaranit" type="15" discard="1" dealt="1" sum="5"/>
<action no="2" player="oreiasccp" type="15" sum="5"/>
<action no="3" player="Zaranit" type="1" discard="1" dealt="1" sum="15"/>
<action no="4" player="oreiasccp" type="2" sum="30"/>
</round>
<round no="1"><cards type="Pocket" player="oreiasccp">H2 D2</cards>
<cards type="Pocket" player="Zaranit">X X</cards>
<action no="5" player="Zaranit" type="3" discard="1" dealt="1" sum="15"/>
<action no="6" player="oreiasccp" type="23" sum="590"/>
<action no="7" player="Zaranit" type="0" discard="1" dealt="1" sum="0"/>
</round>
</game>
<game gamecode="11516862690"><general><startdate>2025-06-17 10:08:02</startdate>
<round>1</round>
<failsafecounter/>
<players><player seat="10" name="Zaranit" chips="560" dealer="0" win="190" bet="190" muck="1" rebuy="0" addon="0" merge="0" rebuychips="0" reg_code="8385516508"/>
<player seat="6" name="oreiasccp" chips="940" dealer="1" win="0" bet="95" muck="1" rebuy="0" addon="0" merge="0" rebuychips="0" reg_code="8385516485"/>
</players>
</general>
<round no="0"><action no="1" player="oreiasccp" type="15" sum="5"/>
<action no="2" player="Zaranit" type="15" discard="1" dealt="1" sum="5"/>
<action no="3" player="oreiasccp" type="1" sum="15"/>
<action no="4" player="Zaranit" type="2" discard="1" dealt="1" sum="30"/>
</round>
<round no="1"><cards type="Pocket" player="Zaranit">X X</cards>
<cards type="Pocket" player="oreiasccp">S5 C7</cards>
<action no="5" player="oreiasccp" type="3" sum="15"/>
<action no="6" player="Zaranit" type="4" discard="1" dealt="1" sum="0"/>
</round>
<round no="2"><cards type="Flop">SQ D3 C5</cards>
<action no="7" player="Zaranit" type="4" discard="1" dealt="1" sum="0"/>
<action no="8" player="oreiasccp" type="4" sum="0"/>
</round>
<round no="3"><cards type="Turn">H6</cards>
<action no="9" player="Zaranit" type="5" discard="1" dealt="1" sum="60"/>
<action no="10" player="oreiasccp" type="3" sum="60"/>
</round>
<round no="4"><cards type="River">HA</cards>
<action no="11" player="Zaranit" type="5" discard="1" dealt="1" sum="95"/>
<action no="12" player="oreiasccp" type="0" sum="0"/>
</round>
</game>
<game gamecode="11516862785"><general><startdate>2025-06-17 10:08:30</startdate>
<round>1</round>
<failsafecounter/>
<players><player seat="6" name="oreiasccp" chips="845" dealer="0" win="130" bet="655" muck="1" rebuy="0" addon="0" merge="0" rebuychips="0" reg_code="8385516485"/>
<player seat="10" name="Zaranit" chips="655" dealer="1" win="0" bet="65" muck="1" rebuy="0" addon="0" merge="0" rebuychips="0" reg_code="8385516508"/>
</players>
</general>
<round no="0"><action no="1" player="Zaranit" type="15" discard="1" dealt="1" sum="5"/>
<action no="2" player="oreiasccp" type="15" sum="5"/>
<action no="3" player="Zaranit" type="1" discard="1" dealt="1" sum="15"/>
<action no="4" player="oreiasccp" type="2" sum="30"/>
</round>
<round no="1"><cards type="Pocket" player="oreiasccp">C8 S8</cards>
<cards type="Pocket" player="Zaranit">X X</cards>
<action no="5" player="Zaranit" type="23" discard="1" dealt="1" sum="60"/>
<action no="6" player="oreiasccp" type="23" sum="650"/>
<action no="7" player="Zaranit" type="0" discard="1" dealt="1" sum="0"/>
</round>
</game>
<game gamecode="11516862825"><general><startdate>2025-06-17 10:08:42</startdate>
<round>1</round>
<failsafecounter/>
<players><player seat="10" name="Zaranit" chips="590" dealer="0" win="0" bet="125" muck="1" rebuy="0" addon="0" merge="0" rebuychips="0" reg_code="8385516508"/>
<player seat="6" name="oreiasccp" chips="910" dealer="1" win="250" bet="590" muck="1" rebuy="0" addon="0" merge="0" rebuychips="0" reg_code="8385516485"/>
</players>
</general>
<round no="0"><action no="1" player="oreiasccp" type="15" sum="5"/>
<action no="2" player="Zaranit" type="15" discard="1" dealt="1" sum="5"/>
<action no="3" player="oreiasccp" type="1" sum="15"/>
<action no="4" player="Zaranit" type="2" discard="1" dealt="1" sum="30"/>
</round>
<round no="1"><cards type="Pocket" player="oreiasccp">H10 HA</cards>
<cards type="Pocket" player="Zaranit">X X</cards>
<action no="5" player="oreiasccp" type="3" sum="15"/>
<action no="6" player="Zaranit" type="23" discard="1" dealt="1" sum="120"/>
<action no="7" player="oreiasccp" type="23" sum="585"/>
<action no="8" player="Zaranit" type="0" discard="1" dealt="1" sum="0"/>
</round>
</game>
<game gamecode="11516862880"><general><startdate>2025-06-17 10:08:58</startdate>
<round>1</round>
<failsafecounter/>
<players><player seat="6" name="oreiasccp" chips="1,035" dealer="0" win="0" bet="35" muck="1" rebuy="0" addon="0" merge="0" rebuychips="0" reg_code="8385516485"/>
<player seat="10" name="Zaranit" chips="465" dealer="1" win="70" bet="65" muck="1" rebuy="0" addon="0" merge="0" rebuychips="0" reg_code="8385516508"/>
</players>
</general>
<round no="0"><action no="1" player="Zaranit" type="15" discard="1" dealt="1" sum="5"/>
<action no="2" player="oreiasccp" type="15" sum="5"/>
<action no="3" player="Zaranit" type="1" discard="1" dealt="1" sum="15"/>
<action no="4" player="oreiasccp" type="2" sum="30"/>
</round>
<round no="1"><cards type="Pocket" player="Zaranit">X X</cards>
<cards type="Pocket" player="oreiasccp">DJ H8</cards>
<action no="5" player="Zaranit" type="3" discard="1" dealt="1" sum="15"/>
<action no="6" player="oreiasccp" type="4" sum="0"/>
</round>
<round no="2"><cards type="Flop">D5 C4 HK</cards>
<action no="7" player="oreiasccp" type="4" sum="0"/>
<action no="8" player="Zaranit" type="5" discard="1" dealt="1" sum="30"/>
<action no="9" player="oreiasccp" type="0" sum="0"/>
</round>
</game>
<game gamecode="11516862959"><general><startdate>2025-06-17 10:09:21</startdate>
<round>1</round>
<failsafecounter/>
<players><player seat="10" name="Zaranit" chips="500" dealer="0" win="0" bet="45" muck="1" rebuy="0" addon="0" merge="0" rebuychips="0" reg_code="8385516508"/>
<player seat="6" name="oreiasccp" chips="1,000" dealer="1" win="90" bet="500" muck="1" rebuy="0" addon="0" merge="0" rebuychips="0" reg_code="8385516485"/>
</players>
</general>
<round no="0"><action no="1" player="oreiasccp" type="15" sum="5"/>
<action no="2" player="Zaranit" type="15" discard="1" dealt="1" sum="5"/>
<action no="3" player="oreiasccp" type="1" sum="20"/>
<action no="4" player="Zaranit" type="2" discard="1" dealt="1" sum="40"/>
</round>
<round no="1"><cards type="Pocket" player="Zaranit">X X</cards>
<cards type="Pocket" player="oreiasccp">C6 DK</cards>
<action no="5" player="oreiasccp" type="23" sum="495"/>
<action no="6" player="Zaranit" type="0" discard="1" dealt="1" sum="0"/>
</round>
</game>
<game gamecode="11516862990"><general><startdate>2025-06-17 10:09:28</startdate>
<round>1</round>
<failsafecounter/>
<players><player seat="6" name="oreiasccp" chips="1,045" dealer="0" win="910" bet="455" muck="0" rebuy="0" addon="0" merge="0" rebuychips="0" reg_code="8385516485"/>
<player seat="10" name="Zaranit" chips="455" dealer="1" win="0" bet="455" muck="1" rebuy="0" addon="0" merge="0" rebuychips="0" reg_code="8385516508"/>
</players>
</general>
<round no="0"><action no="1" player="Zaranit" type="15" discard="1" dealt="1" sum="5"/>
<action no="2" player="oreiasccp" type="15" sum="5"/>
<action no="3" player="Zaranit" type="1" discard="1" dealt="1" sum="20"/>
<action no="4" player="oreiasccp" type="2" sum="40"/>
</round>
<round no="1"><cards type="Pocket" player="Zaranit">C10 D9</cards>
<cards type="Pocket" player="oreiasccp">HA DA</cards>
<action no="5" player="Zaranit" type="3" discard="1" dealt="1" sum="20"/>
<action no="6" player="oreiasccp" type="23" sum="100"/>
<action no="7" player="Zaranit" type="3" discard="1" dealt="1" sum="60"/>
</round>
<round no="2"><cards type="Flop">S10 SK SQ</cards>
<action no="8" player="oreiasccp" type="5" sum="105"/>
<action no="9" player="Zaranit" type="3" discard="1" dealt="1" sum="105"/>
</round>
<round no="3"><cards type="Turn">C4</cards>
<action no="10" player="oreiasccp" type="5" sum="245"/>
<action no="11" player="Zaranit" type="7" discard="1" dealt="1" sum="245"/>
</round>
<round no="4"><cards type="River">S8</cards>
</round>
</game>
</session>
