<?xml version="1.0" encoding="UTF-8"?>
<session sessioncode="8385576708">
<general>
<client_version>24.7.1.16</client_version>
<mode>real</mode>
<gametype>Holdem NL</gametype>
<tablename>Twister €5 SNG, 1127674989</tablename>
<tournamentcode>1127674988</tournamentcode>
<tournamentname>Twister €5 SNG</tournamentname>
<buyin>€0 + €0.35 + €4.65</buyin>
<totalbuyin>€5</totalbuyin>
<rewarddrawn>€10</rewarddrawn>
<tournamentcurrency>EUR</tournamentcurrency>
<currency>EUR</currency>
<nickname>oreiasccp</nickname>
<gamecount>34</gamecount>
<startdate>2025-06-17 13:03:48</startdate>
<place>2</place>
<win>€0</win>
<tablesize>3</tablesize>
</general>
<game gamecode="11517023751"><general><startdate>2025-06-17 13:04:04</startdate>
<round>1</round>
<failsafecounter/>
<players><player seat="10" name="Scorpionatom" chips="500" dealer="0" win="0" bet="20" muck="1" rebuy="0" addon="0" merge="0" rebuychips="0" reg_code="8385576790"/>
<player seat="3" name="oreiasccp" chips="500" dealer="1" win="50" bet="40" muck="1" rebuy="0" addon="0" merge="0" rebuychips="0" reg_code="8385576708"/>
<player seat="6" name="AnSer1" chips="500" dealer="0" win="0" bet="10" muck="1" rebuy="0" addon="0" merge="0" rebuychips="0" reg_code="8385576707"/>
</players>
</general>
<round no="0"><action no="1" player="AnSer1" type="1" discard="1" dealt="1" sum="10"/>
<action no="2" player="Scorpionatom" type="2" discard="1" dealt="1" sum="20"/>
</round>
<round no="1"><cards type="Pocket" player="Scorpionatom">X X</cards>
<cards type="Pocket" player="oreiasccp">SA H9</cards>
<cards type="Pocket" player="AnSer1">X X</cards>
<action no="3" player="oreiasccp" type="23" sum="40"/>
<action no="4" player="AnSer1" type="0" discard="1" dealt="1" sum="0"/>
<action no="5" player="Scorpionatom" type="0" discard="1" dealt="1" sum="0"/>
</round>
</game>
<game gamecode="11517023826"><general><startdate>2025-06-17 13:04:23</startdate>
<round>1</round>
<failsafecounter/>
<players><player seat="3" name="oreiasccp" chips="530" dealer="0" win="40" bet="40" muck="1" rebuy="0" addon="0" merge="0" rebuychips="0" reg_code="8385576708"/>
<player seat="6" name="AnSer1" chips="490" dealer="1" win="0" bet="0" muck="1" rebuy="0" addon="0" merge="0" rebuychips="0" reg_code="8385576707"/>
<player seat="10" name="Scorpionatom" chips="480" dealer="0" win="0" bet="20" muck="1" rebuy="0" addon="0" merge="0" rebuychips="0" reg_code="8385576790"/>
</players>
</general>
<round no="0"><action no="1" player="Scorpionatom" type="1" discard="1" dealt="1" sum="10"/>
<action no="2" player="oreiasccp" type="2" sum="20"/>
</round>
<round no="1"><cards type="Pocket" player="AnSer1">X X</cards>
<cards type="Pocket" player="oreiasccp">D2 DQ</cards>
<cards type="Pocket" player="Scorpionatom">X X</cards>
<action no="3" player="AnSer1" type="0" discard="1" dealt="1" sum="0"/>
<action no="4" player="Scorpionatom" type="3" discard="1" dealt="1" sum="10"/>
<action no="5" player="oreiasccp" type="4" sum="0"/>
</round>
<round no="2"><cards type="Flop">HQ H9 DJ</cards>
<action no="6" player="Scorpionatom" type="4" discard="1" dealt="1" sum="0"/>
<action no="7" player="oreiasccp" type="5" sum="20"/>
<action no="8" player="Scorpionatom" type="0" discard="1" dealt="1" sum="0"/>
</round>
</game>
<game gamecode="11517023920"><general><startdate>2025-06-17 13:04:48</startdate>
<round>1</round>
<failsafecounter/>
<players><player seat="6" name="AnSer1" chips="490" dealer="0" win="0" bet="20" muck="1" rebuy="0" addon="0" merge="0" rebuychips="0" reg_code="8385576707"/>
<player seat="10" name="Scorpionatom" chips="460" dealer="1" win="0" bet="0" muck="1" rebuy="0" addon="0" merge="0" rebuychips="0" reg_code="8385576790"/>
<player seat="3" name="oreiasccp" chips="550" dealer="0" win="40" bet="60" muck="1" rebuy="0" addon="0" merge="0" rebuychips="0" reg_code="8385576708"/>
</players>
</general>
<round no="0"><action no="1" player="oreiasccp" type="1" sum="10"/>
<action no="2" player="AnSer1" type="2" discard="1" dealt="1" sum="20"/>
</round>
<round no="1"><cards type="Pocket" player="AnSer1">X X</cards>
<cards type="Pocket" player="Scorpionatom">X X</cards>
<cards type="Pocket" player="oreiasccp">HQ DA</cards>
<action no="3" player="Scorpionatom" type="0" discard="1" dealt="1" sum="0"/>
<action no="4" player="oreiasccp" type="23" sum="60"/>
<action no="5" player="AnSer1" type="0" discard="1" dealt="1" sum="0"/>
</round>
</game>
<game gamecode="11517024006"><general><startdate>2025-06-17 13:05:09</startdate>
<round>1</round>
<failsafecounter/>
<players><player seat="10" name="Scorpionatom" chips="460" dealer="0" win="20" bet="20" muck="1" rebuy="0" addon="0" merge="0" rebuychips="0" reg_code="8385576790"/>
<player seat="3" name="oreiasccp" chips="570" dealer="1" win="0" bet="0" muck="1" rebuy="0" addon="0" merge="0" rebuychips="0" reg_code="8385576708"/>
<player seat="6" name="AnSer1" chips="470" dealer="0" win="0" bet="10" muck="1" rebuy="0" addon="0" merge="0" rebuychips="0" reg_code="8385576707"/>
</players>
</general>
<round no="0"><action no="1" player="AnSer1" type="1" discard="1" dealt="1" sum="10"/>
<action no="2" player="Scorpionatom" type="2" discard="1" dealt="1" sum="20"/>
</round>
<round no="1"><cards type="Pocket" player="Scorpionatom">X X</cards>
<cards type="Pocket" player="AnSer1">X X</cards>
<cards type="Pocket" player="oreiasccp">H6 S2</cards>
<action no="3" player="oreiasccp" type="0" sum="0"/>
<action no="4" player="AnSer1" type="0" discard="1" dealt="1" sum="0"/>
</round>
</game>
<game gamecode="11517024058"><general><startdate>2025-06-17 13:05:20</startdate>
<round>1</round>
<failsafecounter/>
<players><player seat="3" name="oreiasccp" chips="570" dealer="0" win="0" bet="20" muck="1" rebuy="0" addon="0" merge="0" rebuychips="0" reg_code="8385576708"/>
<player seat="6" name="AnSer1" chips="460" dealer="1" win="0" bet="0" muck="1" rebuy="0" addon="0" merge="0" rebuychips="0" reg_code="8385576707"/>
<player seat="10" name="Scorpionatom" chips="470" dealer="0" win="40" bet="470" muck="1" rebuy="0" addon="0" merge="0" rebuychips="0" reg_code="8385576790"/>
</players>
</general>
<round no="0"><action no="1" player="Scorpionatom" type="1" discard="1" dealt="1" sum="10"/>
<action no="2" player="oreiasccp" type="2" sum="20"/>
</round>
<round no="1"><cards type="Pocket" player="oreiasccp">S7 SQ</cards>
<cards type="Pocket" player="AnSer1">X X</cards>
<cards type="Pocket" player="Scorpionatom">X X</cards>
<action no="3" player="AnSer1" type="0" discard="1" dealt="1" sum="0"/>
<action no="4" player="Scorpionatom" type="23" discard="1" dealt="1" sum="470"/>
<action no="5" player="oreiasccp" type="0" sum="0"/>
</round>
</game>
<game gamecode="11517024146"><general><startdate>2025-06-17 13:05:42</startdate>
<round>1</round>
<failsafecounter/>
<players><player seat="6" name="AnSer1" chips="460" dealer="0" win="20" bet="20" muck="1" rebuy="0" addon="0" merge="0" rebuychips="0" reg_code="8385576707"/>
<player seat="10" name="Scorpionatom" chips="490" dealer="1" win="0" bet="0" muck="1" rebuy="0" addon="0" merge="0" rebuychips="0" reg_code="8385576790"/>
<player seat="3" name="oreiasccp" chips="550" dealer="0" win="0" bet="10" muck="1" rebuy="0" addon="0" merge="0" rebuychips="0" reg_code="8385576708"/>
</players>
</general>
<round no="0"><action no="1" player="oreiasccp" type="1" sum="10"/>
<action no="2" player="AnSer1" type="2" discard="1" dealt="1" sum="20"/>
</round>
<round no="1"><cards type="Pocket" player="Scorpionatom">X X</cards>
<cards type="Pocket" player="oreiasccp">C5 S8</cards>
<cards type="Pocket" player="AnSer1">X X</cards>
<action no="3" player="Scorpionatom" type="0" discard="1" dealt="1" sum="0"/>
<action no="4" player="oreiasccp" type="0" sum="0"/>
</round>
</game>
<game gamecode="11517024172"><general><startdate>2025-06-17 13:05:48</startdate>
<round>1</round>
<failsafecounter/>
<players><player seat="10" name="Scorpionatom" chips="490" dealer="0" win="0" bet="20" muck="1" rebuy="0" addon="0" merge="0" rebuychips="0" reg_code="8385576790"/>
<player seat="3" name="oreiasccp" chips="540" dealer="1" win="50" bet="40" muck="1" rebuy="0" addon="0" merge="0" rebuychips="0" reg_code="8385576708"/>
<player seat="6" name="AnSer1" chips="470" dealer="0" win="0" bet="10" muck="1" rebuy="0" addon="0" merge="0" rebuychips="0" reg_code="8385576707"/>
</players>
</general>
<round no="0"><action no="1" player="AnSer1" type="1" discard="1" dealt="1" sum="10"/>
<action no="2" player="Scorpionatom" type="2" discard="1" dealt="1" sum="20"/>
</round>
<round no="1"><cards type="Pocket" player="oreiasccp">CA D3</cards>
<cards type="Pocket" player="Scorpionatom">X X</cards>
<cards type="Pocket" player="AnSer1">X X</cards>
<action no="3" player="oreiasccp" type="23" sum="40"/>
<action no="4" player="AnSer1" type="0" discard="1" dealt="1" sum="0"/>
<action no="5" player="Scorpionatom" type="0" discard="1" dealt="1" sum="0"/>
</round>
</game>
<game gamecode="11517024241"><general><startdate>2025-06-17 13:06:04</startdate>
<round>1</round>
<failsafecounter/>
<players><player seat="3" name="oreiasccp" chips="570" dealer="0" win="0" bet="35" muck="1" rebuy="0" addon="0" merge="0" rebuychips="0" reg_code="8385576708"/>
<player seat="6" name="AnSer1" chips="460" dealer="1" win="0" bet="5" muck="1" rebuy="0" addon="0" merge="0" rebuychips="0" reg_code="8385576707"/>
<player seat="10" name="Scorpionatom" chips="470" dealer="0" win="75" bet="65" muck="1" rebuy="0" addon="0" merge="0" rebuychips="0" reg_code="8385576790"/>
</players>
</general>
<round no="0"><action no="1" player="Scorpionatom" type="15" discard="1" dealt="1" sum="5"/>
<action no="2" player="oreiasccp" type="15" sum="5"/>
<action no="3" player="AnSer1" type="15" discard="1" dealt="1" sum="5"/>
<action no="4" player="Scorpionatom" type="1" discard="1" dealt="1" sum="15"/>
<action no="5" player="oreiasccp" type="2" sum="30"/>
</round>
<round no="1"><cards type="Pocket" player="oreiasccp">H9 S5</cards>
<cards type="Pocket" player="Scorpionatom">X X</cards>
<cards type="Pocket" player="AnSer1">X X</cards>
<action no="6" player="AnSer1" type="0" discard="1" dealt="1" sum="0"/>
<action no="7" player="Scorpionatom" type="3" discard="1" dealt="1" sum="15"/>
<action no="8" player="oreiasccp" type="4" sum="0"/>
</round>
<round no="2"><cards type="Flop">C7 C3 H3</cards>
<action no="9" player="Scorpionatom" type="4" discard="1" dealt="1" sum="0"/>
<action no="10" player="oreiasccp" type="4" sum="0"/>
</round>
<round no="3"><cards type="Turn">SK</cards>
<action no="11" player="Scorpionatom" type="5" discard="1" dealt="1" sum="30"/>
<action no="12" player="oreiasccp" type="0" sum="0"/>
</round>
</game>
<game gamecode="11517024317"><general><startdate>2025-06-17 13:06:24</startdate>
<round>1</round>
<failsafecounter/>
<players><player seat="6" name="AnSer1" chips="455" dealer="0" win="0" bet="65" muck="1" rebuy="0" addon="0" merge="0" rebuychips="0" reg_code="8385576707"/>
<player seat="10" name="Scorpionatom" chips="510" dealer="1" win="150" bet="102" muck="1" rebuy="0" addon="0" merge="0" rebuychips="0" reg_code="8385576790"/>
<player seat="3" name="oreiasccp" chips="535" dealer="0" win="0" bet="20" muck="1" rebuy="0" addon="0" merge="0" rebuychips="0" reg_code="8385576708"/>
</players>
</general>
<round no="0"><action no="1" player="oreiasccp" type="15" sum="5"/>
<action no="2" player="AnSer1" type="15" discard="1" dealt="1" sum="5"/>
<action no="3" player="Scorpionatom" type="15" discard="1" dealt="1" sum="5"/>
<action no="4" player="oreiasccp" type="1" sum="15"/>
<action no="5" player="AnSer1" type="2" discard="1" dealt="1" sum="30"/>
</round>
<round no="1"><cards type="Pocket" player="oreiasccp">H9 D10</cards>
<cards type="Pocket" player="AnSer1">X X</cards>
<cards type="Pocket" player="Scorpionatom">X X</cards>
<action no="6" player="Scorpionatom" type="23" discard="1" dealt="1" sum="60"/>
<action no="7" player="oreiasccp" type="0" sum="0"/>
<action no="8" player="AnSer1" type="3" discard="1" dealt="1" sum="30"/>
</round>
<round no="2"><cards type="Flop">HA DA C10</cards>
<action no="9" player="AnSer1" type="4" discard="1" dealt="1" sum="0"/>
<action no="10" player="Scorpionatom" type="5" discard="1" dealt="1" sum="37"/>
<action no="11" player="AnSer1" type="0" discard="1" dealt="1" sum="0"/>
</round>
</game>
<game gamecode="11517024436"><general><startdate>2025-06-17 13:06:53</startdate>
<round>1</round>
<failsafecounter/>
<players><player seat="10" name="Scorpionatom" chips="595" dealer="0" win="0" bet="35" muck="1" rebuy="0" addon="0" merge="0" rebuychips="0" reg_code="8385576790"/>
<player seat="3" name="oreiasccp" chips="515" dealer="1" win="0" bet="5" muck="1" rebuy="0" addon="0" merge="0" rebuychips="0" reg_code="8385576708"/>
<player seat="6" name="AnSer1" chips="390" dealer="0" win="75" bet="390" muck="1" rebuy="0" addon="0" merge="0" rebuychips="0" reg_code="8385576707"/>
</players>
</general>
<round no="0"><action no="1" player="AnSer1" type="15" discard="1" dealt="1" sum="5"/>
<action no="2" player="Scorpionatom" type="15" discard="1" dealt="1" sum="5"/>
<action no="3" player="oreiasccp" type="15" sum="5"/>
<action no="4" player="AnSer1" type="1" discard="1" dealt="1" sum="15"/>
<action no="5" player="Scorpionatom" type="2" discard="1" dealt="1" sum="30"/>
</round>
<round no="1"><cards type="Pocket" player="AnSer1">X X</cards>
<cards type="Pocket" player="oreiasccp">SQ H2</cards>
<cards type="Pocket" player="Scorpionatom">X X</cards>
<action no="6" player="oreiasccp" type="0" sum="0"/>
<action no="7" player="AnSer1" type="23" discard="1" dealt="1" sum="385"/>
<action no="8" player="Scorpionatom" type="0" discard="1" dealt="1" sum="0"/>
</round>
</game>
<game gamecode="11517024503"><general><startdate>2025-06-17 13:07:09</startdate>
<round>1</round>
<failsafecounter/>
<players><player seat="3" name="oreiasccp" chips="510" dealer="0" win="45" bet="35" muck="1" rebuy="0" addon="0" merge="0" rebuychips="0" reg_code="8385576708"/>
<player seat="6" name="AnSer1" chips="430" dealer="1" win="0" bet="5" muck="1" rebuy="0" addon="0" merge="0" rebuychips="0" reg_code="8385576707"/>
<player seat="10" name="Scorpionatom" chips="560" dealer="0" win="0" bet="20" muck="1" rebuy="0" addon="0" merge="0" rebuychips="0" reg_code="8385576790"/>
</players>
</general>
<round no="0"><action no="1" player="Scorpionatom" type="15" discard="1" dealt="1" sum="5"/>
<action no="2" player="oreiasccp" type="15" sum="5"/>
<action no="3" player="AnSer1" type="15" discard="1" dealt="1" sum="5"/>
<action no="4" player="Scorpionatom" type="1" discard="1" dealt="1" sum="15"/>
<action no="5" player="oreiasccp" type="2" sum="30"/>
</round>
<round no="1"><cards type="Pocket" player="oreiasccp">D6 S10</cards>
<cards type="Pocket" player="Scorpionatom">X X</cards>
<cards type="Pocket" player="AnSer1">X X</cards>
<action no="6" player="AnSer1" type="0" discard="1" dealt="1" sum="0"/>
<action no="7" player="Scorpionatom" type="0" discard="1" dealt="1" sum="0"/>
</round>
</game>
<game gamecode="11517024569"><general><startdate>2025-06-17 13:07:25</startdate>
<round>1</round>
<failsafecounter/>
<players><player seat="6" name="AnSer1" chips="425" dealer="0" win="135" bet="110" muck="1" rebuy="0" addon="0" merge="0" rebuychips="0" reg_code="8385576707"/>
<player seat="10" name="Scorpionatom" chips="540" dealer="1" win="0" bet="5" muck="1" rebuy="0" addon="0" merge="0" rebuychips="0" reg_code="8385576790"/>
<player seat="3" name="oreiasccp" chips="535" dealer="0" win="0" bet="65" muck="1" rebuy="0" addon="0" merge="0" rebuychips="0" reg_code="8385576708"/>
</players>
</general>
<round no="0"><action no="1" player="oreiasccp" type="15" sum="5"/>
<action no="2" player="AnSer1" type="15" discard="1" dealt="1" sum="5"/>
<action no="3" player="Scorpionatom" type="15" discard="1" dealt="1" sum="5"/>
<action no="4" player="oreiasccp" type="1" sum="15"/>
<action no="5" player="AnSer1" type="2" discard="1" dealt="1" sum="30"/>
</round>
<round no="1"><cards type="Pocket" player="Scorpionatom">X X</cards>
<cards type="Pocket" player="oreiasccp">HQ D8</cards>
<cards type="Pocket" player="AnSer1">X X</cards>
<action no="6" player="Scorpionatom" type="0" discard="1" dealt="1" sum="0"/>
<action no="7" player="oreiasccp" type="23" sum="60"/>
<action no="8" player="AnSer1" type="23" discard="1" dealt="1" sum="105"/>
<action no="9" player="oreiasccp" type="0" sum="0"/>
</round>
</game>
<game gamecode="11517024650"><general><startdate>2025-06-17 13:07:44</startdate>
<round>1</round>
<failsafecounter/>
<players><player seat="10" name="Scorpionatom" chips="535" dealer="0" win="0" bet="80" muck="1" rebuy="0" addon="0" merge="0" rebuychips="0" reg_code="8385576790"/>
<player seat="3" name="oreiasccp" chips="470" dealer="1" win="0" bet="5" muck="1" rebuy="0" addon="0" merge="0" rebuychips="0" reg_code="8385576708"/>
<player seat="6" name="AnSer1" chips="495" dealer="0" win="165" bet="110" muck="1" rebuy="0" addon="0" merge="0" rebuychips="0" reg_code="8385576707"/>
</players>
</general>
<round no="0"><action no="1" player="AnSer1" type="15" discard="1" dealt="1" sum="5"/>
<action no="2" player="Scorpionatom" type="15" discard="1" dealt="1" sum="5"/>
<action no="3" player="oreiasccp" type="15" sum="5"/>
<action no="4" player="AnSer1" type="1" discard="1" dealt="1" sum="15"/>
<action no="5" player="Scorpionatom" type="2" discard="1" dealt="1" sum="30"/>
</round>
<round no="1"><cards type="Pocket" player="AnSer1">X X</cards>
<cards type="Pocket" player="oreiasccp">HK S6</cards>
<cards type="Pocket" player="Scorpionatom">X X</cards>
<action no="6" player="oreiasccp" type="0" sum="0"/>
<action no="7" player="AnSer1" type="3" discard="1" dealt="1" sum="15"/>
<action no="8" player="Scorpionatom" type="4" discard="1" dealt="1" sum="0"/>
</round>
<round no="2"><cards type="Flop">D8 D9 H7</cards>
<action no="9" player="AnSer1" type="5" discard="1" dealt="1" sum="45"/>
<action no="10" player="Scorpionatom" type="3" discard="1" dealt="1" sum="45"/>
</round>
<round no="3"><cards type="Turn">CJ</cards>
<action no="11" player="AnSer1" type="4" discard="1" dealt="1" sum="0"/>
<action no="12" player="Scorpionatom" type="4" discard="1" dealt="1" sum="0"/>
</round>
<round no="4"><cards type="River">C2</cards>
<action no="13" player="AnSer1" type="5" discard="1" dealt="1" sum="30"/>
<action no="14" player="Scorpionatom" type="0" discard="1" dealt="1" sum="0"/>
</round>
</game>
<game gamecode="11517030285"><general><startdate>2025-06-17 13:08:23</startdate>
<round>1</round>
<failsafecounter/>
<players><player seat="3" name="oreiasccp" chips="465" dealer="0" win="0" bet="45" muck="1" rebuy="0" addon="0" merge="0" rebuychips="0" reg_code="8385576708"/>
<player seat="6" name="AnSer1" chips="580" dealer="1" win="0" bet="5" muck="1" rebuy="0" addon="0" merge="0" rebuychips="0" reg_code="8385576707"/>
<player seat="10" name="Scorpionatom" chips="455" dealer="0" win="95" bet="455" muck="1" rebuy="0" addon="0" merge="0" rebuychips="0" reg_code="8385576790"/>
</players>
</general>
<round no="0"><action no="1" player="Scorpionatom" type="15" discard="1" dealt="1" sum="5"/>
<action no="2" player="oreiasccp" type="15" sum="5"/>
<action no="3" player="AnSer1" type="15" discard="1" dealt="1" sum="5"/>
<action no="4" player="Scorpionatom" type="1" discard="1" dealt="1" sum="20"/>
<action no="5" player="oreiasccp" type="2" sum="40"/>
</round>
<round no="1"><cards type="Pocket" player="Scorpionatom">X X</cards>
<cards type="Pocket" player="oreiasccp">HJ S5</cards>
<cards type="Pocket" player="AnSer1">X X</cards>
<action no="6" player="AnSer1" type="0" discard="1" dealt="1" sum="0"/>
<action no="7" player="Scorpionatom" type="23" discard="1" dealt="1" sum="450"/>
<action no="8" player="oreiasccp" type="0" sum="0"/>
</round>
</game>
<game gamecode="11517030317"><general><startdate>2025-06-17 13:08:32</startdate>
<round>1</round>
<failsafecounter/>
<players><player seat="6" name="AnSer1" chips="575" dealer="0" win="0" bet="45" muck="1" rebuy="0" addon="0" merge="0" rebuychips="0" reg_code="8385576707"/>
<player seat="10" name="Scorpionatom" chips="505" dealer="1" win="0" bet="5" muck="1" rebuy="0" addon="0" merge="0" rebuychips="0" reg_code="8385576790"/>
<player seat="3" name="oreiasccp" chips="420" dealer="0" win="95" bet="420" muck="1" rebuy="0" addon="0" merge="0" rebuychips="0" reg_code="8385576708"/>
</players>
</general>
<round no="0"><action no="1" player="oreiasccp" type="15" sum="5"/>
<action no="2" player="AnSer1" type="15" discard="1" dealt="1" sum="5"/>
<action no="3" player="Scorpionatom" type="15" discard="1" dealt="1" sum="5"/>
<action no="4" player="oreiasccp" type="1" sum="20"/>
<action no="5" player="AnSer1" type="2" discard="1" dealt="1" sum="40"/>
</round>
<round no="1"><cards type="Pocket" player="oreiasccp">D7 D10</cards>
<cards type="Pocket" player="Scorpionatom">X X</cards>
<cards type="Pocket" player="AnSer1">X X</cards>
<action no="6" player="Scorpionatom" type="0" discard="1" dealt="1" sum="0"/>
<action no="7" player="oreiasccp" type="23" sum="415"/>
<action no="8" player="AnSer1" type="0" discard="1" dealt="1" sum="0"/>
</round>
</game>
<game gamecode="11517030363"><general><startdate>2025-06-17 13:08:41</startdate>
<round>1</round>
<failsafecounter/>
<players><player seat="10" name="Scorpionatom" chips="500" dealer="0" win="0" bet="45" muck="1" rebuy="0" addon="0" merge="0" rebuychips="0" reg_code="8385576790"/>
<player seat="3" name="oreiasccp" chips="470" dealer="1" win="115" bet="470" muck="1" rebuy="0" addon="0" merge="0" rebuychips="0" reg_code="8385576708"/>
<player seat="6" name="AnSer1" chips="530" dealer="0" win="0" bet="25" muck="1" rebuy="0" addon="0" merge="0" rebuychips="0" reg_code="8385576707"/>
</players>
</general>
<round no="0"><action no="1" player="AnSer1" type="15" discard="1" dealt="1" sum="5"/>
<action no="2" player="Scorpionatom" type="15" discard="1" dealt="1" sum="5"/>
<action no="3" player="oreiasccp" type="15" sum="5"/>
<action no="4" player="AnSer1" type="1" discard="1" dealt="1" sum="20"/>
<action no="5" player="Scorpionatom" type="2" discard="1" dealt="1" sum="40"/>
</round>
<round no="1"><cards type="Pocket" player="oreiasccp">CA S3</cards>
<cards type="Pocket" player="AnSer1">X X</cards>
<cards type="Pocket" player="Scorpionatom">X X</cards>
<action no="6" player="oreiasccp" type="23" sum="465"/>
<action no="7" player="AnSer1" type="0" discard="1" dealt="1" sum="0"/>
<action no="8" player="Scorpionatom" type="0" discard="1" dealt="1" sum="0"/>
</round>
</game>
<game gamecode="11517030467"><general><startdate>2025-06-17 13:09:03</startdate>
<round>1</round>
<failsafecounter/>
<players><player seat="3" name="oreiasccp" chips="540" dealer="0" win="0" bet="45" muck="1" rebuy="0" addon="0" merge="0" rebuychips="0" reg_code="8385576708"/>
<player seat="6" name="AnSer1" chips="505" dealer="1" win="0" bet="5" muck="1" rebuy="0" addon="0" merge="0" rebuychips="0" reg_code="8385576707"/>
<player seat="10" name="Scorpionatom" chips="455" dealer="0" win="95" bet="455" muck="1" rebuy="0" addon="0" merge="0" rebuychips="0" reg_code="8385576790"/>
</players>
</general>
<round no="0"><action no="1" player="Scorpionatom" type="15" discard="1" dealt="1" sum="5"/>
<action no="2" player="oreiasccp" type="15" sum="5"/>
<action no="3" player="AnSer1" type="15" discard="1" dealt="1" sum="5"/>
<action no="4" player="Scorpionatom" type="1" discard="1" dealt="1" sum="20"/>
<action no="5" player="oreiasccp" type="2" sum="40"/>
</round>
<round no="1"><cards type="Pocket" player="oreiasccp">C6 C8</cards>
<cards type="Pocket" player="AnSer1">X X</cards>
<cards type="Pocket" player="Scorpionatom">X X</cards>
<action no="6" player="AnSer1" type="0" discard="1" dealt="1" sum="0"/>
<action no="7" player="Scorpionatom" type="23" discard="1" dealt="1" sum="450"/>
<action no="8" player="oreiasccp" type="0" sum="0"/>
</round>
</game>
<game gamecode="11517030561"><general><startdate>2025-06-17 13:09:27</startdate>
<round>1</round>
<failsafecounter/>
<players><player seat="6" name="AnSer1" chips="500" dealer="0" win="55" bet="45" muck="1" rebuy="0" addon="0" merge="0" rebuychips="0" reg_code="8385576707"/>
<player seat="10" name="Scorpionatom" chips="505" dealer="1" win="0" bet="5" muck="1" rebuy="0" addon="0" merge="0" rebuychips="0" reg_code="8385576790"/>
<player seat="3" name="oreiasccp" chips="495" dealer="0" win="0" bet="25" muck="1" rebuy="0" addon="0" merge="0" rebuychips="0" reg_code="8385576708"/>
</players>
</general>
<round no="0"><action no="1" player="oreiasccp" type="15" sum="5"/>
<action no="2" player="AnSer1" type="15" discard="1" dealt="1" sum="5"/>
<action no="3" player="Scorpionatom" type="15" discard="1" dealt="1" sum="5"/>
<action no="4" player="oreiasccp" type="1" sum="20"/>
<action no="5" player="AnSer1" type="2" discard="1" dealt="1" sum="40"/>
</round>
<round no="1"><cards type="Pocket" player="oreiasccp">C10 S4</cards>
<cards type="Pocket" player="AnSer1">X X</cards>
<cards type="Pocket" player="Scorpionatom">X X</cards>
<action no="6" player="Scorpionatom" type="0" discard="1" dealt="1" sum="0"/>
<action no="7" player="oreiasccp" type="0" sum="0"/>
</round>
</game>
<game gamecode="11517030602"><general><startdate>2025-06-17 13:09:35</startdate>
<round>1</round>
<failsafecounter/>
<players><player seat="10" name="Scorpionatom" chips="500" dealer="0" win="175" bet="165" muck="1" rebuy="0" addon="0" merge="0" rebuychips="0" reg_code="8385576790"/>
<player seat="3" name="oreiasccp" chips="470" dealer="1" win="0" bet="5" muck="1" rebuy="0" addon="0" merge="0" rebuychips="0" reg_code="8385576708"/>
<player seat="6" name="AnSer1" chips="530" dealer="0" win="0" bet="85" muck="1" rebuy="0" addon="0" merge="0" rebuychips="0" reg_code="8385576707"/>
</players>
</general>
<round no="0"><action no="1" player="AnSer1" type="15" discard="1" dealt="1" sum="5"/>
<action no="2" player="Scorpionatom" type="15" discard="1" dealt="1" sum="5"/>
<action no="3" player="oreiasccp" type="15" sum="5"/>
<action no="4" player="AnSer1" type="1" discard="1" dealt="1" sum="20"/>
<action no="5" player="Scorpionatom" type="2" discard="1" dealt="1" sum="40"/>
</round>
<round no="1"><cards type="Pocket" player="Scorpionatom">X X</cards>
<cards type="Pocket" player="AnSer1">X X</cards>
<cards type="Pocket" player="oreiasccp">C3 S9</cards>
<action no="6" player="oreiasccp" type="0" sum="0"/>
<action no="7" player="AnSer1" type="3" discard="1" dealt="1" sum="20"/>
<action no="8" player="Scorpionatom" type="4" discard="1" dealt="1" sum="0"/>
</round>
<round no="2"><cards type="Flop">D10 CJ HK</cards>
<action no="9" player="AnSer1" type="5" discard="1" dealt="1" sum="40"/>
<action no="10" player="Scorpionatom" type="23" discard="1" dealt="1" sum="120"/>
<action no="11" player="AnSer1" type="0" discard="1" dealt="1" sum="0"/>
</round>
</game>
<game gamecode="11517030773"><general><startdate>2025-06-17 13:10:09</startdate>
<round>1</round>
<failsafecounter/>
<players><player seat="3" name="oreiasccp" chips="465" dealer="0" win="0" bet="65" muck="1" rebuy="0" addon="0" merge="0" rebuychips="0" reg_code="8385576708"/>
<player seat="6" name="AnSer1" chips="445" dealer="1" win="165" bet="445" muck="1" rebuy="0" addon="0" merge="0" rebuychips="0" reg_code="8385576707"/>
<player seat="10" name="Scorpionatom" chips="590" dealer="0" win="0" bet="35" muck="1" rebuy="0" addon="0" merge="0" rebuychips="0" reg_code="8385576790"/>
</players>
</general>
<round no="0"><action no="1" player="Scorpionatom" type="15" discard="1" dealt="1" sum="5"/>
<action no="2" player="oreiasccp" type="15" sum="5"/>
<action no="3" player="AnSer1" type="15" discard="1" dealt="1" sum="5"/>
<action no="4" player="Scorpionatom" type="1" discard="1" dealt="1" sum="30"/>
<action no="5" player="oreiasccp" type="2" sum="60"/>
</round>
<round no="1"><cards type="Pocket" player="AnSer1">X X</cards>
<cards type="Pocket" player="oreiasccp">HJ S4</cards>
<cards type="Pocket" player="Scorpionatom">X X</cards>
<action no="6" player="AnSer1" type="23" discard="1" dealt="1" sum="440"/>
<action no="7" player="Scorpionatom" type="0" discard="1" dealt="1" sum="0"/>
<action no="8" player="oreiasccp" type="0" sum="0"/>
</round>
</game>
<game gamecode="11517030809"><general><startdate>2025-06-17 13:10:17</startdate>
<round>1</round>
<failsafecounter/>
<players><player seat="6" name="AnSer1" chips="545" dealer="0" win="75" bet="65" muck="1" rebuy="0" addon="0" merge="0" rebuychips="0" reg_code="8385576707"/>
<player seat="10" name="Scorpionatom" chips="555" dealer="1" win="0" bet="5" muck="1" rebuy="0" addon="0" merge="0" rebuychips="0" reg_code="8385576790"/>
<player seat="3" name="oreiasccp" chips="400" dealer="0" win="0" bet="35" muck="1" rebuy="0" addon="0" merge="0" rebuychips="0" reg_code="8385576708"/>
</players>
</general>
<round no="0"><action no="1" player="oreiasccp" type="15" sum="5"/>
<action no="2" player="AnSer1" type="15" discard="1" dealt="1" sum="5"/>
<action no="3" player="Scorpionatom" type="15" discard="1" dealt="1" sum="5"/>
<action no="4" player="oreiasccp" type="1" sum="30"/>
<action no="5" player="AnSer1" type="2" discard="1" dealt="1" sum="60"/>
</round>
<round no="1"><cards type="Pocket" player="AnSer1">X X</cards>
<cards type="Pocket" player="oreiasccp">C6 H5</cards>
<cards type="Pocket" player="Scorpionatom">X X</cards>
<action no="6" player="Scorpionatom" type="0" discard="1" dealt="1" sum="0"/>
<action no="7" player="oreiasccp" type="0" sum="0"/>
</round>
</game>
<game gamecode="11517030844"><general><startdate>2025-06-17 13:10:25</startdate>
<round>1</round>
<failsafecounter/>
<players><player seat="10" name="Scorpionatom" chips="550" dealer="0" win="0" bet="125" muck="1" rebuy="0" addon="0" merge="0" rebuychips="0" reg_code="8385576790"/>
<player seat="3" name="oreiasccp" chips="365" dealer="1" win="0" bet="5" muck="1" rebuy="0" addon="0" merge="0" rebuychips="0" reg_code="8385576708"/>
<player seat="6" name="AnSer1" chips="585" dealer="0" win="255" bet="215" muck="1" rebuy="0" addon="0" merge="0" rebuychips="0" reg_code="8385576707"/>
</players>
</general>
<round no="0"><action no="1" player="AnSer1" type="15" discard="1" dealt="1" sum="5"/>
<action no="2" player="Scorpionatom" type="15" discard="1" dealt="1" sum="5"/>
<action no="3" player="oreiasccp" type="15" sum="5"/>
<action no="4" player="AnSer1" type="1" discard="1" dealt="1" sum="30"/>
<action no="5" player="Scorpionatom" type="2" discard="1" dealt="1" sum="60"/>
</round>
<round no="1"><cards type="Pocket" player="oreiasccp">H9 H4</cards>
<cards type="Pocket" player="Scorpionatom">X X</cards>
<cards type="Pocket" player="AnSer1">X X</cards>
<action no="6" player="oreiasccp" type="0" sum="0"/>
<action no="7" player="AnSer1" type="3" discard="1" dealt="1" sum="30"/>
<action no="8" player="Scorpionatom" type="4" discard="1" dealt="1" sum="0"/>
</round>
<round no="2"><cards type="Flop">HQ HJ SA</cards>
<action no="9" player="AnSer1" type="4" discard="1" dealt="1" sum="0"/>
<action no="10" player="Scorpionatom" type="5" discard="1" dealt="1" sum="60"/>
<action no="11" player="AnSer1" type="3" discard="1" dealt="1" sum="60"/>
</round>
<round no="3"><cards type="Turn">DK</cards>
<action no="12" player="AnSer1" type="5" discard="1" dealt="1" sum="90"/>
<action no="13" player="Scorpionatom" type="0" discard="1" dealt="1" sum="0"/>
</round>
</game>
<game gamecode="11517030993"><general><startdate>2025-06-17 13:10:56</startdate>
<round>1</round>
<failsafecounter/>
<players><player seat="3" name="oreiasccp" chips="360" dealer="0" win="75" bet="65" muck="1" rebuy="0" addon="0" merge="0" rebuychips="0" reg_code="8385576708"/>
<player seat="6" name="AnSer1" chips="715" dealer="1" win="0" bet="5" muck="1" rebuy="0" addon="0" merge="0" rebuychips="0" reg_code="8385576707"/>
<player seat="10" name="Scorpionatom" chips="425" dealer="0" win="0" bet="35" muck="1" rebuy="0" addon="0" merge="0" rebuychips="0" reg_code="8385576790"/>
</players>
</general>
<round no="0"><action no="1" player="Scorpionatom" type="15" discard="1" dealt="1" sum="5"/>
<action no="2" player="oreiasccp" type="15" sum="5"/>
<action no="3" player="AnSer1" type="15" discard="1" dealt="1" sum="5"/>
<action no="4" player="Scorpionatom" type="1" discard="1" dealt="1" sum="30"/>
<action no="5" player="oreiasccp" type="2" sum="60"/>
</round>
<round no="1"><cards type="Pocket" player="oreiasccp">H10 C7</cards>
<cards type="Pocket" player="Scorpionatom">X X</cards>
<cards type="Pocket" player="AnSer1">X X</cards>
<action no="6" player="AnSer1" type="0" discard="1" dealt="1" sum="0"/>
<action no="7" player="Scorpionatom" type="0" discard="1" dealt="1" sum="0"/>
</round>
</game>
<game gamecode="11517031030"><general><startdate>2025-06-17 13:11:05</startdate>
<round>1</round>
<failsafecounter/>
<players><player seat="6" name="AnSer1" chips="710" dealer="0" win="255" bet="125" muck="0" rebuy="0" addon="0" merge="0" rebuychips="0" reg_code="8385576707"/>
<player seat="10" name="Scorpionatom" chips="390" dealer="1" win="0" bet="5" muck="1" rebuy="0" addon="0" merge="0" rebuychips="0" reg_code="8385576790"/>
<player seat="3" name="oreiasccp" chips="400" dealer="0" win="0" bet="125" muck="1" rebuy="0" addon="0" merge="0" rebuychips="0" reg_code="8385576708"/>
</players>
</general>
<round no="0"><action no="1" player="oreiasccp" type="15" sum="5"/>
<action no="2" player="AnSer1" type="15" discard="1" dealt="1" sum="5"/>
<action no="3" player="Scorpionatom" type="15" discard="1" dealt="1" sum="5"/>
<action no="4" player="oreiasccp" type="1" sum="30"/>
<action no="5" player="AnSer1" type="2" discard="1" dealt="1" sum="60"/>
</round>
<round no="1"><cards type="Pocket" player="AnSer1">D5 D4</cards>
<cards type="Pocket" player="oreiasccp">C7 D6</cards>
<cards type="Pocket" player="Scorpionatom">X X</cards>
<action no="6" player="Scorpionatom" type="0" discard="1" dealt="1" sum="0"/>
<action no="7" player="oreiasccp" type="3" sum="30"/>
<action no="8" player="AnSer1" type="4" discard="1" dealt="1" sum="0"/>
</round>
<round no="2"><cards type="Flop">S5 HJ DA</cards>
<action no="9" player="oreiasccp" type="5" sum="60"/>
<action no="10" player="AnSer1" type="3" discard="1" dealt="1" sum="60"/>
</round>
<round no="3"><cards type="Turn">HK</cards>
<action no="11" player="oreiasccp" type="4" sum="0"/>
<action no="12" player="AnSer1" type="4" discard="1" dealt="1" sum="0"/>
</round>
<round no="4"><cards type="River">DQ</cards>
<action no="13" player="oreiasccp" type="4" sum="0"/>
<action no="14" player="AnSer1" type="4" discard="1" dealt="1" sum="0"/>
</round>
</game>
<game gamecode="11517031221"><general><startdate>2025-06-17 13:11:50</startdate>
<round>1</round>
<failsafecounter/>
<players><player seat="10" name="Scorpionatom" chips="385" dealer="0" win="0" bet="385" muck="0" rebuy="0" addon="0" merge="0" rebuychips="0" reg_code="8385576790"/>
<player seat="3" name="oreiasccp" chips="275" dealer="1" win="825" bet="275" muck="0" rebuy="0" addon="0" merge="0" rebuychips="0" reg_code="8385576708"/>
<player seat="6" name="AnSer1" chips="840" dealer="0" win="220" bet="840" muck="0" rebuy="0" addon="0" merge="0" rebuychips="0" reg_code="8385576707"/>
</players>
</general>
<round no="0"><action no="1" player="AnSer1" type="15" discard="1" dealt="1" sum="5"/>
<action no="2" player="Scorpionatom" type="15" discard="1" dealt="1" sum="5"/>
<action no="3" player="oreiasccp" type="15" sum="5"/>
<action no="4" player="AnSer1" type="1" discard="1" dealt="1" sum="30"/>
<action no="5" player="Scorpionatom" type="2" discard="1" dealt="1" sum="60"/>
</round>
<round no="1"><cards type="Pocket" player="AnSer1">C6 DK</cards>
<cards type="Pocket" player="oreiasccp">S5 D5</cards>
<cards type="Pocket" player="Scorpionatom">H10 H9</cards>
<action no="6" player="oreiasccp" type="23" sum="270"/>
<action no="7" player="AnSer1" type="23" discard="1" dealt="1" sum="835"/>
<action no="8" player="Scorpionatom" type="7" discard="1" dealt="1" sum="320"/>
</round>
<round no="2"><cards type="Flop">C7 D2 CJ</cards>
</round>
<round no="3"><cards type="Turn">H5</cards>
</round>
<round no="4"><cards type="River">HK</cards>
</round>
</game>
<game gamecode="11517031315"><general><startdate>2025-06-17 13:12:09</startdate>
<round>1</round>
<failsafecounter/>
<players><player seat="3" name="oreiasccp" chips="825" dealer="0" win="96" bet="88" muck="1" rebuy="0" addon="0" merge="0" rebuychips="0" reg_code="8385576708"/>
<player seat="6" name="AnSer1" chips="675" dealer="1" win="0" bet="48" muck="1" rebuy="0" addon="0" merge="0" rebuychips="0" reg_code="8385576707"/>
</players>
</general>
<round no="0"><action no="1" player="AnSer1" type="15" discard="1" dealt="1" sum="8"/>
<action no="2" player="oreiasccp" type="15" sum="8"/>
<action no="3" player="AnSer1" type="1" discard="1" dealt="1" sum="40"/>
<action no="4" player="oreiasccp" type="2" sum="80"/>
</round>
<round no="1"><cards type="Pocket" player="oreiasccp">S5 HA</cards>
<cards type="Pocket" player="AnSer1">X X</cards>
<action no="5" player="AnSer1" type="0" discard="1" dealt="1" sum="0"/>
</round>
</game>
<game gamecode="11517031360"><general><startdate>2025-06-17 13:12:17</startdate>
<round>1</round>
<failsafecounter/>
<players><player seat="6" name="AnSer1" chips="627" dealer="0" win="0" bet="88" muck="1" rebuy="0" addon="0" merge="0" rebuychips="0" reg_code="8385576707"/>
<player seat="3" name="oreiasccp" chips="873" dealer="1" win="176" bet="627" muck="1" rebuy="0" addon="0" merge="0" rebuychips="0" reg_code="8385576708"/>
</players>
</general>
<round no="0"><action no="1" player="oreiasccp" type="15" sum="8"/>
<action no="2" player="AnSer1" type="15" discard="1" dealt="1" sum="8"/>
<action no="3" player="oreiasccp" type="1" sum="40"/>
<action no="4" player="AnSer1" type="2" discard="1" dealt="1" sum="80"/>
</round>
<round no="1"><cards type="Pocket" player="AnSer1">X X</cards>
<cards type="Pocket" player="oreiasccp">HK H7</cards>
<action no="5" player="oreiasccp" type="23" sum="619"/>
<action no="6" player="AnSer1" type="0" discard="1" dealt="1" sum="0"/>
</round>
</game>
<game gamecode="11517031399"><general><startdate>2025-06-17 13:12:26</startdate>
<round>1</round>
<failsafecounter/>
<players><player seat="3" name="oreiasccp" chips="961" dealer="0" win="0" bet="168" muck="1" rebuy="0" addon="0" merge="0" rebuychips="0" reg_code="8385576708"/>
<player seat="6" name="AnSer1" chips="539" dealer="1" win="336" bet="168" muck="0" rebuy="0" addon="0" merge="0" rebuychips="0" reg_code="8385576707"/>
</players>
</general>
<round no="0"><action no="1" player="AnSer1" type="15" discard="1" dealt="1" sum="8"/>
<action no="2" player="oreiasccp" type="15" sum="8"/>
<action no="3" player="AnSer1" type="1" discard="1" dealt="1" sum="40"/>
<action no="4" player="oreiasccp" type="2" sum="80"/>
</round>
<round no="1"><cards type="Pocket" player="AnSer1">H4 DJ</cards>
<cards type="Pocket" player="oreiasccp">C8 D10</cards>
<action no="5" player="AnSer1" type="3" discard="1" dealt="1" sum="40"/>
<action no="6" player="oreiasccp" type="4" sum="0"/>
</round>
<round no="2"><cards type="Flop">SJ H10 SA</cards>
<action no="7" player="oreiasccp" type="4" sum="0"/>
<action no="8" player="AnSer1" type="5" discard="1" dealt="1" sum="80"/>
<action no="9" player="oreiasccp" type="3" sum="80"/>
</round>
<round no="3"><cards type="Turn">CQ</cards>
<action no="10" player="oreiasccp" type="4" sum="0"/>
<action no="11" player="AnSer1" type="4" discard="1" dealt="1" sum="0"/>
</round>
<round no="4"><cards type="River">H6</cards>
<action no="12" player="oreiasccp" type="4" sum="0"/>
<action no="13" player="AnSer1" type="4" discard="1" dealt="1" sum="0"/>
</round>
</game>
<game gamecode="11517031555"><general><startdate>2025-06-17 13:13:00</startdate>
<round>1</round>
<failsafecounter/>
<players><player seat="6" name="AnSer1" chips="707" dealer="0" win="176" bet="288" muck="1" rebuy="0" addon="0" merge="0" rebuychips="0" reg_code="8385576707"/>
<player seat="3" name="oreiasccp" chips="793" dealer="1" win="0" bet="88" muck="1" rebuy="0" addon="0" merge="0" rebuychips="0" reg_code="8385576708"/>
</players>
</general>
<round no="0"><action no="1" player="oreiasccp" type="15" sum="8"/>
<action no="2" player="AnSer1" type="15" discard="1" dealt="1" sum="8"/>
<action no="3" player="oreiasccp" type="1" sum="40"/>
<action no="4" player="AnSer1" type="2" discard="1" dealt="1" sum="80"/>
</round>
<round no="1"><cards type="Pocket" player="AnSer1">X X</cards>
<cards type="Pocket" player="oreiasccp">S10 S2</cards>
<action no="5" player="oreiasccp" type="3" sum="40"/>
<action no="6" player="AnSer1" type="4" discard="1" dealt="1" sum="0"/>
</round>
<round no="2"><cards type="Flop">H8 C2 H7</cards>
<action no="7" player="AnSer1" type="4" discard="1" dealt="1" sum="0"/>
<action no="8" player="oreiasccp" type="4" sum="0"/>
</round>
<round no="3"><cards type="Turn">C8</cards>
<action no="9" player="AnSer1" type="5" discard="1" dealt="1" sum="200"/>
<action no="10" player="oreiasccp" type="0" sum="0"/>
</round>
</game>
<game gamecode="11517031703"><general><startdate>2025-06-17 13:13:32</startdate>
<round>1</round>
<failsafecounter/>
<players><player seat="3" name="oreiasccp" chips="705" dealer="0" win="96" bet="88" muck="1" rebuy="0" addon="0" merge="0" rebuychips="0" reg_code="8385576708"/>
<player seat="6" name="AnSer1" chips="795" dealer="1" win="0" bet="48" muck="1" rebuy="0" addon="0" merge="0" rebuychips="0" reg_code="8385576707"/>
</players>
</general>
<round no="0"><action no="1" player="AnSer1" type="15" discard="1" dealt="1" sum="8"/>
<action no="2" player="oreiasccp" type="15" sum="8"/>
<action no="3" player="AnSer1" type="1" discard="1" dealt="1" sum="40"/>
<action no="4" player="oreiasccp" type="2" sum="80"/>
</round>
<round no="1"><cards type="Pocket" player="AnSer1">X X</cards>
<cards type="Pocket" player="oreiasccp">HJ C5</cards>
<action no="5" player="AnSer1" type="0" discard="1" dealt="1" sum="0"/>
</round>
</game>
<game gamecode="11517031745"><general><startdate>2025-06-17 13:13:43</startdate>
<round>1</round>
<failsafecounter/>
<players><player seat="6" name="AnSer1" chips="747" dealer="0" win="96" bet="88" muck="1" rebuy="0" addon="0" merge="0" rebuychips="0" reg_code="8385576707"/>
<player seat="3" name="oreiasccp" chips="753" dealer="1" win="0" bet="48" muck="1" rebuy="0" addon="0" merge="0" rebuychips="0" reg_code="8385576708"/>
</players>
</general>
<round no="0"><action no="1" player="oreiasccp" type="15" sum="8"/>
<action no="2" player="AnSer1" type="15" discard="1" dealt="1" sum="8"/>
<action no="3" player="oreiasccp" type="1" sum="40"/>
<action no="4" player="AnSer1" type="2" discard="1" dealt="1" sum="80"/>
</round>
<round no="1"><cards type="Pocket" player="AnSer1">X X</cards>
<cards type="Pocket" player="oreiasccp">D10 D2</cards>
<action no="5" player="oreiasccp" type="0" sum="0"/>
</round>
</game>
<game gamecode="11517031775"><general><startdate>2025-06-17 13:13:50</startdate>
<round>1</round>
<failsafecounter/>
<players><player seat="3" name="oreiasccp" chips="705" dealer="0" win="176" bet="88" muck="0" rebuy="0" addon="0" merge="0" rebuychips="0" reg_code="8385576708"/>
<player seat="6" name="AnSer1" chips="795" dealer="1" win="0" bet="88" muck="1" rebuy="0" addon="0" merge="0" rebuychips="0" reg_code="8385576707"/>
</players>
</general>
<round no="0"><action no="1" player="AnSer1" type="15" discard="1" dealt="1" sum="8"/>
<action no="2" player="oreiasccp" type="15" sum="8"/>
<action no="3" player="AnSer1" type="1" discard="1" dealt="1" sum="40"/>
<action no="4" player="oreiasccp" type="2" sum="80"/>
</round>
<round no="1"><cards type="Pocket" player="AnSer1">D10 C4</cards>
<cards type="Pocket" player="oreiasccp">S8 SQ</cards>
<action no="5" player="AnSer1" type="3" discard="1" dealt="1" sum="40"/>
<action no="6" player="oreiasccp" type="4" sum="0"/>
</round>
<round no="2"><cards type="Flop">C2 D2 SK</cards>
<action no="7" player="oreiasccp" type="4" sum="0"/>
<action no="8" player="AnSer1" type="4" discard="1" dealt="1" sum="0"/>
</round>
<round no="3"><cards type="Turn">CQ</cards>
<action no="9" player="oreiasccp" type="4" sum="0"/>
<action no="10" player="AnSer1" type="4" discard="1" dealt="1" sum="0"/>
</round>
<round no="4"><cards type="River">D3</cards>
<action no="11" player="oreiasccp" type="4" sum="0"/>
<action no="12" player="AnSer1" type="4" discard="1" dealt="1" sum="0"/>
</round>
</game>
<game gamecode="11517031871"><general><startdate>2025-06-17 13:14:11</startdate>
<round>1</round>
<failsafecounter/>
<players><player seat="6" name="AnSer1" chips="707" dealer="0" win="120" bet="110" muck="1" rebuy="0" addon="0" merge="0" rebuychips="0" reg_code="8385576707"/>
<player seat="3" name="oreiasccp" chips="793" dealer="1" win="0" bet="60" muck="1" rebuy="0" addon="0" merge="0" rebuychips="0" reg_code="8385576708"/>
</players>
</general>
<round no="0"><action no="1" player="oreiasccp" type="15" sum="10"/>
<action no="2" player="AnSer1" type="15" discard="1" dealt="1" sum="10"/>
<action no="3" player="oreiasccp" type="1" sum="50"/>
<action no="4" player="AnSer1" type="2" discard="1" dealt="1" sum="100"/>
</round>
<round no="1"><cards type="Pocket" player="oreiasccp">SJ D4</cards>
<cards type="Pocket" player="AnSer1">X X</cards>
<action no="5" player="oreiasccp" type="0" sum="0"/>
</round>
</game>
<game gamecode="11517031907"><general><startdate>2025-06-17 13:14:16</startdate>
<round>1</round>
<failsafecounter/>
<players><player seat="3" name="oreiasccp" chips="733" dealer="0" win="0" bet="733" muck="0" rebuy="0" addon="0" merge="0" rebuychips="0" reg_code="8385576708"/>
<player seat="6" name="AnSer1" chips="767" dealer="1" win="1,466" bet="767" muck="0" rebuy="0" addon="0" merge="0" rebuychips="0" reg_code="8385576707"/>
</players>
</general>
<round no="0"><action no="1" player="AnSer1" type="15" discard="1" dealt="1" sum="10"/>
<action no="2" player="oreiasccp" type="15" sum="10"/>
<action no="3" player="AnSer1" type="1" discard="1" dealt="1" sum="50"/>
<action no="4" player="oreiasccp" type="2" sum="100"/>
</round>
<round no="1"><cards type="Pocket" player="oreiasccp">SJ S9</cards>
<cards type="Pocket" player="AnSer1">S8 HA</cards>
<action no="5" player="AnSer1" type="23" discard="1" dealt="1" sum="757"/>
<action no="6" player="oreiasccp" type="7" sum="623"/>
</round>
<round no="2"><cards type="Flop">H4 H2 S2</cards>
</round>
<round no="3"><cards type="Turn">S7</cards>
</round>
<round no="4"><cards type="River">C8</cards>
</round>
</game>
</session>
