<?xml version="1.0" encoding="UTF-8"?>
<session sessioncode="8385513060">
<general>
<client_version>24.7.1.16</client_version>
<mode>real</mode>
<gametype>Holdem NL</gametype>
<tablename>Twister €5 SNG, 1127665362</tablename>
<tournamentcode>1127665361</tournamentcode>
<tournamentname>Twister €5 SNG</tournamentname>
<buyin>€0 + €0.35 + €4.65</buyin>
<totalbuyin>€5</totalbuyin>
<rewarddrawn>€10</rewarddrawn>
<tournamentcurrency>EUR</tournamentcurrency>
<currency>EUR</currency>
<nickname>oreiasccp</nickname>
<gamecount>21</gamecount>
<startdate>2025-06-17 09:50:15</startdate>
<place>1</place>
<win>€10</win>
<tablesize>3</tablesize>
</general>
<game gamecode="11516844785"><general><startdate>2025-06-17 09:50:30</startdate>
<round>1</round>
<failsafecounter/>
<players><player seat="3" name="oreiasccp" chips="500" dealer="0" win="260" bet="125" muck="0" rebuy="0" addon="0" merge="0" rebuychips="0" reg_code="8385513060"/>
<player seat="6" name="blueRabbit" chips="500" dealer="1" win="0" bet="125" muck="1" rebuy="0" addon="0" merge="0" rebuychips="0" reg_code="8385513067"/>
<player seat="10" name="pigeonteal88" chips="500" dealer="0" win="0" bet="10" muck="1" rebuy="0" addon="0" merge="0" rebuychips="0" reg_code="8385513074"/>
</players>
</general>
<round no="0"><action no="1" player="pigeonteal88" type="1" discard="1" dealt="1" sum="10"/>
<action no="2" player="oreiasccp" type="2" sum="20"/>
</round>
<round no="1"><cards type="Pocket" player="pigeonteal88">X X</cards>
<cards type="Pocket" player="oreiasccp">C7 C3</cards>
<cards type="Pocket" player="blueRabbit">H5 C5</cards>
<action no="3" player="blueRabbit" type="23" discard="1" dealt="1" sum="60"/>
<action no="4" player="pigeonteal88" type="0" discard="1" dealt="1" sum="0"/>
<action no="5" player="oreiasccp" type="3" sum="40"/>
</round>
<round no="2"><cards type="Flop">DK S7 SJ</cards>
<action no="6" player="oreiasccp" type="4" sum="0"/>
<action no="7" player="blueRabbit" type="5" discard="1" dealt="1" sum="65"/>
<action no="8" player="oreiasccp" type="3" sum="65"/>
</round>
<round no="3"><cards type="Turn">SK</cards>
<action no="9" player="oreiasccp" type="4" sum="0"/>
<action no="10" player="blueRabbit" type="4" discard="1" dealt="1" sum="0"/>
</round>
<round no="4"><cards type="River">H10</cards>
<action no="11" player="oreiasccp" type="4" sum="0"/>
<action no="12" player="blueRabbit" type="4" discard="1" dealt="1" sum="0"/>
</round>
</game>
<game gamecode="11516844862"><general><startdate>2025-06-17 09:50:54</startdate>
<round>1</round>
<failsafecounter/>
<players><player seat="6" name="blueRabbit" chips="375" dealer="0" win="0" bet="60" muck="1" rebuy="0" addon="0" merge="0" rebuychips="0" reg_code="8385513067"/>
<player seat="10" name="pigeonteal88" chips="490" dealer="1" win="0" bet="0" muck="1" rebuy="0" addon="0" merge="0" rebuychips="0" reg_code="8385513074"/>
<player seat="3" name="oreiasccp" chips="635" dealer="0" win="120" bet="120" muck="1" rebuy="0" addon="0" merge="0" rebuychips="0" reg_code="8385513060"/>
</players>
</general>
<round no="0"><action no="1" player="oreiasccp" type="1" sum="10"/>
<action no="2" player="blueRabbit" type="2" discard="1" dealt="1" sum="20"/>
</round>
<round no="1"><cards type="Pocket" player="blueRabbit">X X</cards>
<cards type="Pocket" player="pigeonteal88">X X</cards>
<cards type="Pocket" player="oreiasccp">CQ S8</cards>
<action no="3" player="pigeonteal88" type="0" discard="1" dealt="1" sum="0"/>
<action no="4" player="oreiasccp" type="23" sum="40"/>
<action no="5" player="blueRabbit" type="3" discard="1" dealt="1" sum="20"/>
</round>
<round no="2"><cards type="Flop">C3 H4 SQ</cards>
<action no="6" player="oreiasccp" type="5" sum="20"/>
<action no="7" player="blueRabbit" type="3" discard="1" dealt="1" sum="20"/>
</round>
<round no="3"><cards type="Turn">C10</cards>
<action no="8" player="oreiasccp" type="5" sum="60"/>
<action no="9" player="blueRabbit" type="0" discard="1" dealt="1" sum="0"/>
</round>
</game>
<game gamecode="11516844920"><general><startdate>2025-06-17 09:51:12</startdate>
<round>1</round>
<failsafecounter/>
<players><player seat="10" name="pigeonteal88" chips="490" dealer="0" win="20" bet="20" muck="1" rebuy="0" addon="0" merge="0" rebuychips="0" reg_code="8385513074"/>
<player seat="3" name="oreiasccp" chips="695" dealer="1" win="0" bet="0" muck="1" rebuy="0" addon="0" merge="0" rebuychips="0" reg_code="8385513060"/>
<player seat="6" name="blueRabbit" chips="315" dealer="0" win="0" bet="10" muck="1" rebuy="0" addon="0" merge="0" rebuychips="0" reg_code="8385513067"/>
</players>
</general>
<round no="0"><action no="1" player="blueRabbit" type="1" discard="1" dealt="1" sum="10"/>
<action no="2" player="pigeonteal88" type="2" discard="1" dealt="1" sum="20"/>
</round>
<round no="1"><cards type="Pocket" player="blueRabbit">X X</cards>
<cards type="Pocket" player="pigeonteal88">X X</cards>
<cards type="Pocket" player="oreiasccp">C2 DJ</cards>
<action no="3" player="oreiasccp" type="0" sum="0"/>
<action no="4" player="blueRabbit" type="0" discard="1" dealt="1" sum="0"/>
</round>
</game>
<game gamecode="11516844951"><general><startdate>2025-06-17 09:51:21</startdate>
<round>1</round>
<failsafecounter/>
<players><player seat="3" name="oreiasccp" chips="695" dealer="0" win="0" bet="20" muck="1" rebuy="0" addon="0" merge="0" rebuychips="0" reg_code="8385513060"/>
<player seat="6" name="blueRabbit" chips="305" dealer="1" win="50" bet="305" muck="1" rebuy="0" addon="0" merge="0" rebuychips="0" reg_code="8385513067"/>
<player seat="10" name="pigeonteal88" chips="500" dealer="0" win="0" bet="10" muck="1" rebuy="0" addon="0" merge="0" rebuychips="0" reg_code="8385513074"/>
</players>
</general>
<round no="0"><action no="1" player="pigeonteal88" type="1" discard="1" dealt="1" sum="10"/>
<action no="2" player="oreiasccp" type="2" sum="20"/>
</round>
<round no="1"><cards type="Pocket" player="blueRabbit">X X</cards>
<cards type="Pocket" player="oreiasccp">S7 S8</cards>
<cards type="Pocket" player="pigeonteal88">X X</cards>
<action no="3" player="blueRabbit" type="23" discard="1" dealt="1" sum="305"/>
<action no="4" player="pigeonteal88" type="0" discard="1" dealt="1" sum="0"/>
<action no="5" player="oreiasccp" type="0" sum="0"/>
</round>
</game>
<game gamecode="11516844982"><general><startdate>2025-06-17 09:51:30</startdate>
<round>1</round>
<failsafecounter/>
<players><player seat="6" name="blueRabbit" chips="335" dealer="0" win="0" bet="20" muck="1" rebuy="0" addon="0" merge="0" rebuychips="0" reg_code="8385513067"/>
<player seat="10" name="pigeonteal88" chips="490" dealer="1" win="0" bet="20" muck="1" rebuy="0" addon="0" merge="0" rebuychips="0" reg_code="8385513074"/>
<player seat="3" name="oreiasccp" chips="675" dealer="0" win="60" bet="120" muck="1" rebuy="0" addon="0" merge="0" rebuychips="0" reg_code="8385513060"/>
</players>
</general>
<round no="0"><action no="1" player="oreiasccp" type="1" sum="10"/>
<action no="2" player="blueRabbit" type="2" discard="1" dealt="1" sum="20"/>
</round>
<round no="1"><cards type="Pocket" player="blueRabbit">X X</cards>
<cards type="Pocket" player="oreiasccp">SQ HQ</cards>
<cards type="Pocket" player="pigeonteal88">X X</cards>
<action no="3" player="pigeonteal88" type="3" discard="1" dealt="1" sum="20"/>
<action no="4" player="oreiasccp" type="23" sum="120"/>
<action no="5" player="blueRabbit" type="0" discard="1" dealt="1" sum="0"/>
<action no="6" player="pigeonteal88" type="0" discard="1" dealt="1" sum="0"/>
</round>
</game>
<game gamecode="11516849052"><general><startdate>2025-06-17 09:51:43</startdate>
<round>1</round>
<failsafecounter/>
<players><player seat="10" name="pigeonteal88" chips="470" dealer="0" win="0" bet="40" muck="1" rebuy="0" addon="0" merge="0" rebuychips="0" reg_code="8385513074"/>
<player seat="3" name="oreiasccp" chips="715" dealer="1" win="90" bet="60" muck="1" rebuy="0" addon="0" merge="0" rebuychips="0" reg_code="8385513060"/>
<player seat="6" name="blueRabbit" chips="315" dealer="0" win="0" bet="10" muck="1" rebuy="0" addon="0" merge="0" rebuychips="0" reg_code="8385513067"/>
</players>
</general>
<round no="0"><action no="1" player="blueRabbit" type="1" discard="1" dealt="1" sum="10"/>
<action no="2" player="pigeonteal88" type="2" discard="1" dealt="1" sum="20"/>
</round>
<round no="1"><cards type="Pocket" player="blueRabbit">X X</cards>
<cards type="Pocket" player="oreiasccp">S8 CA</cards>
<cards type="Pocket" player="pigeonteal88">X X</cards>
<action no="3" player="oreiasccp" type="23" sum="40"/>
<action no="4" player="blueRabbit" type="0" discard="1" dealt="1" sum="0"/>
<action no="5" player="pigeonteal88" type="3" discard="1" dealt="1" sum="20"/>
</round>
<round no="2"><cards type="Flop">SQ H5 D9</cards>
<action no="6" player="pigeonteal88" type="4" discard="1" dealt="1" sum="0"/>
<action no="7" player="oreiasccp" type="5" sum="20"/>
<action no="8" player="pigeonteal88" type="0" discard="1" dealt="1" sum="0"/>
</round>
</game>
<game gamecode="11516849111"><general><startdate>2025-06-17 09:51:58</startdate>
<round>1</round>
<failsafecounter/>
<players><player seat="3" name="oreiasccp" chips="765" dealer="0" win="0" bet="430" muck="0" rebuy="0" addon="0" merge="0" rebuychips="0" reg_code="8385513060"/>
<player seat="6" name="blueRabbit" chips="305" dealer="1" win="650" bet="305" muck="0" rebuy="0" addon="0" merge="0" rebuychips="0" reg_code="8385513067"/>
<player seat="10" name="pigeonteal88" chips="430" dealer="0" win="0" bet="40" muck="1" rebuy="0" addon="0" merge="0" rebuychips="0" reg_code="8385513074"/>
</players>
</general>
<round no="0"><action no="1" player="pigeonteal88" type="1" discard="1" dealt="1" sum="10"/>
<action no="2" player="oreiasccp" type="2" sum="20"/>
</round>
<round no="1"><cards type="Pocket" player="blueRabbit">SQ CJ</cards>
<cards type="Pocket" player="pigeonteal88">X X</cards>
<cards type="Pocket" player="oreiasccp">S4 DA</cards>
<action no="3" player="blueRabbit" type="23" discard="1" dealt="1" sum="40"/>
<action no="4" player="pigeonteal88" type="3" discard="1" dealt="1" sum="30"/>
<action no="5" player="oreiasccp" type="23" sum="430"/>
<action no="6" player="blueRabbit" type="7" discard="1" dealt="1" sum="265"/>
<action no="7" player="pigeonteal88" type="0" discard="1" dealt="1" sum="0"/>
</round>
<round no="2"><cards type="Flop">S3 HA C10</cards>
</round>
<round no="3"><cards type="Turn">HK</cards>
</round>
<round no="4"><cards type="River">H8</cards>
</round>
</game>
<game gamecode="11516849181"><general><startdate>2025-06-17 09:52:21</startdate>
<round>1</round>
<failsafecounter/>
<players><player seat="6" name="blueRabbit" chips="650" dealer="0" win="0" bet="20" muck="1" rebuy="0" addon="0" merge="0" rebuychips="0" reg_code="8385513067"/>
<player seat="10" name="pigeonteal88" chips="390" dealer="1" win="400" bet="390" muck="0" rebuy="0" addon="0" merge="0" rebuychips="0" reg_code="8385513074"/>
<player seat="3" name="oreiasccp" chips="460" dealer="0" win="400" bet="460" muck="0" rebuy="0" addon="0" merge="0" rebuychips="0" reg_code="8385513060"/>
</players>
</general>
<round no="0"><action no="1" player="oreiasccp" type="1" sum="10"/>
<action no="2" player="blueRabbit" type="2" discard="1" dealt="1" sum="20"/>
</round>
<round no="1"><cards type="Pocket" player="oreiasccp">DK SA</cards>
<cards type="Pocket" player="blueRabbit">X X</cards>
<cards type="Pocket" player="pigeonteal88">CK HA</cards>
<action no="3" player="pigeonteal88" type="23" discard="1" dealt="1" sum="390"/>
<action no="4" player="oreiasccp" type="7" sum="450"/>
<action no="5" player="blueRabbit" type="0" discard="1" dealt="1" sum="0"/>
</round>
<round no="2"><cards type="Flop">D3 SJ S2</cards>
</round>
<round no="3"><cards type="Turn">C5</cards>
</round>
<round no="4"><cards type="River">H9</cards>
</round>
</game>
<game gamecode="11516849263"><general><startdate>2025-06-17 09:52:42</startdate>
<round>1</round>
<failsafecounter/>
<players><player seat="10" name="pigeonteal88" chips="400" dealer="0" win="75" bet="65" muck="1" rebuy="0" addon="0" merge="0" rebuychips="0" reg_code="8385513074"/>
<player seat="3" name="oreiasccp" chips="470" dealer="1" win="0" bet="5" muck="1" rebuy="0" addon="0" merge="0" rebuychips="0" reg_code="8385513060"/>
<player seat="6" name="blueRabbit" chips="630" dealer="0" win="0" bet="35" muck="1" rebuy="0" addon="0" merge="0" rebuychips="0" reg_code="8385513067"/>
</players>
</general>
<round no="0"><action no="1" player="blueRabbit" type="15" discard="1" dealt="1" sum="5"/>
<action no="2" player="pigeonteal88" type="15" discard="1" dealt="1" sum="5"/>
<action no="3" player="oreiasccp" type="15" sum="5"/>
<action no="4" player="blueRabbit" type="1" discard="1" dealt="1" sum="15"/>
<action no="5" player="pigeonteal88" type="2" discard="1" dealt="1" sum="30"/>
</round>
<round no="1"><cards type="Pocket" player="pigeonteal88">X X</cards>
<cards type="Pocket" player="oreiasccp">S8 D9</cards>
<cards type="Pocket" player="blueRabbit">X X</cards>
<action no="6" player="oreiasccp" type="0" sum="0"/>
<action no="7" player="blueRabbit" type="3" discard="1" dealt="1" sum="15"/>
<action no="8" player="pigeonteal88" type="4" discard="1" dealt="1" sum="0"/>
</round>
<round no="2"><cards type="Flop">C9 H6 C8</cards>
<action no="9" player="blueRabbit" type="4" discard="1" dealt="1" sum="0"/>
<action no="10" player="pigeonteal88" type="5" discard="1" dealt="1" sum="30"/>
<action no="11" player="blueRabbit" type="0" discard="1" dealt="1" sum="0"/>
</round>
</game>
<game gamecode="11516849313"><general><startdate>2025-06-17 09:52:57</startdate>
<round>1</round>
<failsafecounter/>
<players><player seat="3" name="oreiasccp" chips="465" dealer="0" win="375" bet="155" muck="0" rebuy="0" addon="0" merge="0" rebuychips="0" reg_code="8385513060"/>
<player seat="6" name="blueRabbit" chips="595" dealer="1" win="0" bet="155" muck="1" rebuy="0" addon="0" merge="0" rebuychips="0" reg_code="8385513067"/>
<player seat="10" name="pigeonteal88" chips="440" dealer="0" win="0" bet="65" muck="1" rebuy="0" addon="0" merge="0" rebuychips="0" reg_code="8385513074"/>
</players>
</general>
<round no="0"><action no="1" player="pigeonteal88" type="15" discard="1" dealt="1" sum="5"/>
<action no="2" player="oreiasccp" type="15" sum="5"/>
<action no="3" player="blueRabbit" type="15" discard="1" dealt="1" sum="5"/>
<action no="4" player="pigeonteal88" type="1" discard="1" dealt="1" sum="15"/>
<action no="5" player="oreiasccp" type="2" sum="30"/>
</round>
<round no="1"><cards type="Pocket" player="blueRabbit">HA D2</cards>
<cards type="Pocket" player="oreiasccp">H8 H6</cards>
<cards type="Pocket" player="pigeonteal88">X X</cards>
<action no="6" player="blueRabbit" type="23" discard="1" dealt="1" sum="60"/>
<action no="7" player="pigeonteal88" type="3" discard="1" dealt="1" sum="45"/>
<action no="8" player="oreiasccp" type="3" sum="30"/>
</round>
<round no="2"><cards type="Flop">C3 S5 H9</cards>
<action no="9" player="pigeonteal88" type="4" discard="1" dealt="1" sum="0"/>
<action no="10" player="oreiasccp" type="5" sum="30"/>
<action no="11" player="blueRabbit" type="23" discard="1" dealt="1" sum="90"/>
<action no="12" player="pigeonteal88" type="0" discard="1" dealt="1" sum="0"/>
<action no="13" player="oreiasccp" type="3" sum="60"/>
</round>
<round no="3"><cards type="Turn">H2</cards>
<action no="14" player="oreiasccp" type="4" sum="0"/>
<action no="15" player="blueRabbit" type="4" discard="1" dealt="1" sum="0"/>
</round>
<round no="4"><cards type="River">C6</cards>
<action no="16" player="oreiasccp" type="4" sum="0"/>
<action no="17" player="blueRabbit" type="4" discard="1" dealt="1" sum="0"/>
</round>
</game>
<game gamecode="11516849392"><general><startdate>2025-06-17 09:53:28</startdate>
<round>1</round>
<failsafecounter/>
<players><player seat="6" name="blueRabbit" chips="440" dealer="0" win="770" bet="375" muck="0" rebuy="0" addon="0" merge="0" rebuychips="0" reg_code="8385513067"/>
<player seat="10" name="pigeonteal88" chips="375" dealer="1" win="0" bet="375" muck="0" rebuy="0" addon="0" merge="0" rebuychips="0" reg_code="8385513074"/>
<player seat="3" name="oreiasccp" chips="685" dealer="0" win="0" bet="20" muck="1" rebuy="0" addon="0" merge="0" rebuychips="0" reg_code="8385513060"/>
</players>
</general>
<round no="0"><action no="1" player="oreiasccp" type="15" sum="5"/>
<action no="2" player="blueRabbit" type="15" discard="1" dealt="1" sum="5"/>
<action no="3" player="pigeonteal88" type="15" discard="1" dealt="1" sum="5"/>
<action no="4" player="oreiasccp" type="1" sum="15"/>
<action no="5" player="blueRabbit" type="2" discard="1" dealt="1" sum="30"/>
</round>
<round no="1"><cards type="Pocket" player="blueRabbit">C8 DJ</cards>
<cards type="Pocket" player="oreiasccp">C6 SJ</cards>
<cards type="Pocket" player="pigeonteal88">H9 HJ</cards>
<action no="6" player="pigeonteal88" type="3" discard="1" dealt="1" sum="30"/>
<action no="7" player="oreiasccp" type="0" sum="0"/>
<action no="8" player="blueRabbit" type="23" discard="1" dealt="1" sum="60"/>
<action no="9" player="pigeonteal88" type="3" discard="1" dealt="1" sum="30"/>
</round>
<round no="2"><cards type="Flop">H7 H2 C3</cards>
<action no="10" player="blueRabbit" type="5" discard="1" dealt="1" sum="75"/>
<action no="11" player="pigeonteal88" type="3" discard="1" dealt="1" sum="75"/>
</round>
<round no="3"><cards type="Turn">S8</cards>
<action no="12" player="blueRabbit" type="5" discard="1" dealt="1" sum="210"/>
<action no="13" player="pigeonteal88" type="3" discard="1" dealt="1" sum="210"/>
</round>
<round no="4"><cards type="River">S7</cards>
<action no="14" player="blueRabbit" type="4" discard="1" dealt="1" sum="0"/>
<action no="15" player="pigeonteal88" type="7" discard="1" dealt="1" sum="25"/>
<action no="16" player="blueRabbit" type="3" discard="1" dealt="1" sum="25"/>
</round>
</game>
<game gamecode="11516849475"><general><startdate>2025-06-17 09:53:52</startdate>
<round>1</round>
<failsafecounter/>
<players><player seat="6" name="blueRabbit" chips="835" dealer="0" win="0" bet="159" muck="1" rebuy="0" addon="0" merge="0" rebuychips="0" reg_code="8385513067"/>
<player seat="3" name="oreiasccp" chips="665" dealer="1" win="318" bet="391" muck="1" rebuy="0" addon="0" merge="0" rebuychips="0" reg_code="8385513060"/>
</players>
</general>
<round no="0"><action no="1" player="oreiasccp" type="15" sum="5"/>
<action no="2" player="blueRabbit" type="15" discard="1" dealt="1" sum="5"/>
<action no="3" player="oreiasccp" type="1" sum="15"/>
<action no="4" player="blueRabbit" type="2" discard="1" dealt="1" sum="30"/>
</round>
<round no="1"><cards type="Pocket" player="oreiasccp">CJ S10</cards>
<cards type="Pocket" player="blueRabbit">X X</cards>
<action no="5" player="oreiasccp" type="23" sum="60"/>
<action no="6" player="blueRabbit" type="3" discard="1" dealt="1" sum="30"/>
</round>
<round no="2"><cards type="Flop">S8 D6 SJ</cards>
<action no="7" player="blueRabbit" type="4" discard="1" dealt="1" sum="0"/>
<action no="8" player="oreiasccp" type="5" sum="47"/>
<action no="9" player="blueRabbit" type="23" discard="1" dealt="1" sum="94"/>
<action no="10" player="oreiasccp" type="3" sum="47"/>
</round>
<round no="3"><cards type="Turn">C2</cards>
<action no="11" player="blueRabbit" type="4" discard="1" dealt="1" sum="0"/>
<action no="12" player="oreiasccp" type="5" sum="232"/>
<action no="13" player="blueRabbit" type="0" discard="1" dealt="1" sum="0"/>
</round>
</game>
<game gamecode="11516849551"><general><startdate>2025-06-17 09:54:16</startdate>
<round>1</round>
<failsafecounter/>
<players><player seat="3" name="oreiasccp" chips="824" dealer="0" win="250" bet="308" muck="1" rebuy="0" addon="0" merge="0" rebuychips="0" reg_code="8385513060"/>
<player seat="6" name="blueRabbit" chips="676" dealer="1" win="0" bet="125" muck="1" rebuy="0" addon="0" merge="0" rebuychips="0" reg_code="8385513067"/>
</players>
</general>
<round no="0"><action no="1" player="blueRabbit" type="15" discard="1" dealt="1" sum="5"/>
<action no="2" player="oreiasccp" type="15" sum="5"/>
<action no="3" player="blueRabbit" type="1" discard="1" dealt="1" sum="15"/>
<action no="4" player="oreiasccp" type="2" sum="30"/>
</round>
<round no="1"><cards type="Pocket" player="blueRabbit">X X</cards>
<cards type="Pocket" player="oreiasccp">SJ S10</cards>
<action no="5" player="blueRabbit" type="23" discard="1" dealt="1" sum="120"/>
<action no="6" player="oreiasccp" type="3" sum="90"/>
</round>
<round no="2"><cards type="Flop">D9 S7 C5</cards>
<action no="7" player="oreiasccp" type="4" sum="0"/>
<action no="8" player="blueRabbit" type="4" discard="1" dealt="1" sum="0"/>
</round>
<round no="3"><cards type="Turn">C2</cards>
<action no="9" player="oreiasccp" type="5" sum="183"/>
<action no="10" player="blueRabbit" type="0" discard="1" dealt="1" sum="0"/>
</round>
</game>
<game gamecode="11516849599"><general><startdate>2025-06-17 09:54:30</startdate>
<round>1</round>
<failsafecounter/>
<players><player seat="6" name="blueRabbit" chips="551" dealer="0" win="0" bet="250" muck="1" rebuy="0" addon="0" merge="0" rebuychips="0" reg_code="8385513067"/>
<player seat="3" name="oreiasccp" chips="949" dealer="1" win="500" bet="551" muck="1" rebuy="0" addon="0" merge="0" rebuychips="0" reg_code="8385513060"/>
</players>
</general>
<round no="0"><action no="1" player="oreiasccp" type="15" sum="5"/>
<action no="2" player="blueRabbit" type="15" discard="1" dealt="1" sum="5"/>
<action no="3" player="oreiasccp" type="1" sum="20"/>
<action no="4" player="blueRabbit" type="2" discard="1" dealt="1" sum="40"/>
</round>
<round no="1"><cards type="Pocket" player="oreiasccp">D10 H8</cards>
<cards type="Pocket" player="blueRabbit">X X</cards>
<action no="5" player="oreiasccp" type="3" sum="20"/>
<action no="6" player="blueRabbit" type="4" discard="1" dealt="1" sum="0"/>
</round>
<round no="2"><cards type="Flop">S9 C7 D2</cards>
<action no="7" player="blueRabbit" type="4" discard="1" dealt="1" sum="0"/>
<action no="8" player="oreiasccp" type="5" sum="40"/>
<action no="9" player="blueRabbit" type="23" discard="1" dealt="1" sum="80"/>
<action no="10" player="oreiasccp" type="3" sum="40"/>
</round>
<round no="3"><cards type="Turn">S10</cards>
<action no="11" player="blueRabbit" type="5" discard="1" dealt="1" sum="125"/>
<action no="12" player="oreiasccp" type="3" sum="125"/>
</round>
<round no="4"><cards type="River">H3</cards>
<action no="13" player="blueRabbit" type="4" discard="1" dealt="1" sum="0"/>
<action no="14" player="oreiasccp" type="5" sum="301"/>
<action no="15" player="blueRabbit" type="0" discard="1" dealt="1" sum="0"/>
</round>
</game>
<game gamecode="11516849650"><general><startdate>2025-06-17 09:54:48</startdate>
<round>1</round>
<failsafecounter/>
<players><player seat="3" name="oreiasccp" chips="1,199" dealer="0" win="50" bet="45" muck="1" rebuy="0" addon="0" merge="0" rebuychips="0" reg_code="8385513060"/>
<player seat="6" name="blueRabbit" chips="301" dealer="1" win="0" bet="25" muck="1" rebuy="0" addon="0" merge="0" rebuychips="0" reg_code="8385513067"/>
</players>
</general>
<round no="0"><action no="1" player="blueRabbit" type="15" discard="1" dealt="1" sum="5"/>
<action no="2" player="oreiasccp" type="15" sum="5"/>
<action no="3" player="blueRabbit" type="1" discard="1" dealt="1" sum="20"/>
<action no="4" player="oreiasccp" type="2" sum="40"/>
</round>
<round no="1"><cards type="Pocket" player="oreiasccp">SJ D9</cards>
<cards type="Pocket" player="blueRabbit">X X</cards>
<action no="5" player="blueRabbit" type="0" discard="1" dealt="1" sum="0"/>
</round>
</game>
<game gamecode="11516849667"><general><startdate>2025-06-17 09:54:53</startdate>
<round>1</round>
<failsafecounter/>
<players><player seat="6" name="blueRabbit" chips="276" dealer="0" win="170" bet="276" muck="1" rebuy="0" addon="0" merge="0" rebuychips="0" reg_code="8385513067"/>
<player seat="3" name="oreiasccp" chips="1,224" dealer="1" win="0" bet="85" muck="1" rebuy="0" addon="0" merge="0" rebuychips="0" reg_code="8385513060"/>
</players>
</general>
<round no="0"><action no="1" player="oreiasccp" type="15" sum="5"/>
<action no="2" player="blueRabbit" type="15" discard="1" dealt="1" sum="5"/>
<action no="3" player="oreiasccp" type="1" sum="20"/>
<action no="4" player="blueRabbit" type="2" discard="1" dealt="1" sum="40"/>
</round>
<round no="1"><cards type="Pocket" player="blueRabbit">X X</cards>
<cards type="Pocket" player="oreiasccp">D5 H7</cards>
<action no="5" player="oreiasccp" type="3" sum="20"/>
<action no="6" player="blueRabbit" type="4" discard="1" dealt="1" sum="0"/>
</round>
<round no="2"><cards type="Flop">DJ S2 H5</cards>
<action no="7" player="blueRabbit" type="4" discard="1" dealt="1" sum="0"/>
<action no="8" player="oreiasccp" type="4" sum="0"/>
</round>
<round no="3"><cards type="Turn">S6</cards>
<action no="9" player="blueRabbit" type="5" discard="1" dealt="1" sum="40"/>
<action no="10" player="oreiasccp" type="3" sum="40"/>
</round>
<round no="4"><cards type="River">S4</cards>
<action no="11" player="blueRabbit" type="5" discard="1" dealt="1" sum="191"/>
<action no="12" player="oreiasccp" type="0" sum="0"/>
</round>
</game>
<game gamecode="11516849714"><general><startdate>2025-06-17 09:55:08</startdate>
<round>1</round>
<failsafecounter/>
<players><player seat="3" name="oreiasccp" chips="1,139" dealer="0" win="50" bet="45" muck="1" rebuy="0" addon="0" merge="0" rebuychips="0" reg_code="8385513060"/>
<player seat="6" name="blueRabbit" chips="361" dealer="1" win="0" bet="25" muck="1" rebuy="0" addon="0" merge="0" rebuychips="0" reg_code="8385513067"/>
</players>
</general>
<round no="0"><action no="1" player="blueRabbit" type="15" discard="1" dealt="1" sum="5"/>
<action no="2" player="oreiasccp" type="15" sum="5"/>
<action no="3" player="blueRabbit" type="1" discard="1" dealt="1" sum="20"/>
<action no="4" player="oreiasccp" type="2" sum="40"/>
</round>
<round no="1"><cards type="Pocket" player="blueRabbit">X X</cards>
<cards type="Pocket" player="oreiasccp">H6 S8</cards>
<action no="5" player="blueRabbit" type="0" discard="1" dealt="1" sum="0"/>
</round>
</game>
<game gamecode="11516849732"><general><startdate>2025-06-17 09:55:14</startdate>
<round>1</round>
<failsafecounter/>
<players><player seat="6" name="blueRabbit" chips="336" dealer="0" win="672" bet="336" muck="0" rebuy="0" addon="0" merge="0" rebuychips="0" reg_code="8385513067"/>
<player seat="3" name="oreiasccp" chips="1,164" dealer="1" win="0" bet="336" muck="0" rebuy="0" addon="0" merge="0" rebuychips="0" reg_code="8385513060"/>
</players>
</general>
<round no="0"><action no="1" player="oreiasccp" type="15" sum="5"/>
<action no="2" player="blueRabbit" type="15" discard="1" dealt="1" sum="5"/>
<action no="3" player="oreiasccp" type="1" sum="20"/>
<action no="4" player="blueRabbit" type="2" discard="1" dealt="1" sum="40"/>
</round>
<round no="1"><cards type="Pocket" player="oreiasccp">D9 D8</cards>
<cards type="Pocket" player="blueRabbit">CK SK</cards>
<action no="5" player="oreiasccp" type="23" sum="331"/>
<action no="6" player="blueRabbit" type="7" discard="1" dealt="1" sum="291"/>
</round>
<round no="2"><cards type="Flop">CA HA S3</cards>
</round>
<round no="3"><cards type="Turn">D2</cards>
</round>
<round no="4"><cards type="River">SJ</cards>
</round>
</game>
<game gamecode="11516849780"><general><startdate>2025-06-17 09:55:29</startdate>
<round>1</round>
<failsafecounter/>
<players><player seat="3" name="oreiasccp" chips="828" dealer="0" win="90" bet="85" muck="1" rebuy="0" addon="0" merge="0" rebuychips="0" reg_code="8385513060"/>
<player seat="6" name="blueRabbit" chips="672" dealer="1" win="0" bet="45" muck="1" rebuy="0" addon="0" merge="0" rebuychips="0" reg_code="8385513067"/>
</players>
</general>
<round no="0"><action no="1" player="blueRabbit" type="15" discard="1" dealt="1" sum="5"/>
<action no="2" player="oreiasccp" type="15" sum="5"/>
<action no="3" player="blueRabbit" type="1" discard="1" dealt="1" sum="20"/>
<action no="4" player="oreiasccp" type="2" sum="40"/>
</round>
<round no="1"><cards type="Pocket" player="blueRabbit">X X</cards>
<cards type="Pocket" player="oreiasccp">SJ C5</cards>
<action no="5" player="blueRabbit" type="3" discard="1" dealt="1" sum="20"/>
<action no="6" player="oreiasccp" type="4" sum="0"/>
</round>
<round no="2"><cards type="Flop">S3 S9 HJ</cards>
<action no="7" player="oreiasccp" type="4" sum="0"/>
<action no="8" player="blueRabbit" type="4" discard="1" dealt="1" sum="0"/>
</round>
<round no="3"><cards type="Turn">S5</cards>
<action no="9" player="oreiasccp" type="5" sum="40"/>
<action no="10" player="blueRabbit" type="0" discard="1" dealt="1" sum="0"/>
</round>
</game>
<game gamecode="11516849823"><general><startdate>2025-06-17 09:55:42</startdate>
<round>1</round>
<failsafecounter/>
<players><player seat="6" name="blueRabbit" chips="627" dealer="0" win="50" bet="45" muck="1" rebuy="0" addon="0" merge="0" rebuychips="0" reg_code="8385513067"/>
<player seat="3" name="oreiasccp" chips="873" dealer="1" win="0" bet="25" muck="1" rebuy="0" addon="0" merge="0" rebuychips="0" reg_code="8385513060"/>
</players>
</general>
<round no="0"><action no="1" player="oreiasccp" type="15" sum="5"/>
<action no="2" player="blueRabbit" type="15" discard="1" dealt="1" sum="5"/>
<action no="3" player="oreiasccp" type="1" sum="20"/>
<action no="4" player="blueRabbit" type="2" discard="1" dealt="1" sum="40"/>
</round>
<round no="1"><cards type="Pocket" player="blueRabbit">X X</cards>
<cards type="Pocket" player="oreiasccp">C7 D3</cards>
<action no="5" player="oreiasccp" type="0" sum="0"/>
</round>
</game>
<game gamecode="11516849837"><general><startdate>2025-06-17 09:55:47</startdate>
<round>1</round>
<failsafecounter/>
<players><player seat="3" name="oreiasccp" chips="848" dealer="0" win="1,304" bet="652" muck="0" rebuy="0" addon="0" merge="0" rebuychips="0" reg_code="8385513060"/>
<player seat="6" name="blueRabbit" chips="652" dealer="1" win="0" bet="652" muck="1" rebuy="0" addon="0" merge="0" rebuychips="0" reg_code="8385513067"/>
</players>
</general>
<round no="0"><action no="1" player="blueRabbit" type="15" discard="1" dealt="1" sum="5"/>
<action no="2" player="oreiasccp" type="15" sum="5"/>
<action no="3" player="blueRabbit" type="1" discard="1" dealt="1" sum="20"/>
<action no="4" player="oreiasccp" type="2" sum="40"/>
</round>
<round no="1"><cards type="Pocket" player="oreiasccp">H6 SA</cards>
<cards type="Pocket" player="blueRabbit">DA D7</cards>
<action no="5" player="blueRabbit" type="23" discard="1" dealt="1" sum="80"/>
<action no="6" player="oreiasccp" type="23" sum="647"/>
<action no="7" player="blueRabbit" type="7" discard="1" dealt="1" sum="567"/>
</round>
<round no="2"><cards type="Flop">S4 H9 S6</cards>
</round>
<round no="3"><cards type="Turn">H2</cards>
</round>
<round no="4"><cards type="River">C10</cards>
</round>
</game>
</session>
