<?xml version="1.0" encoding="UTF-8"?>
<session sessioncode="8385504320">
<general>
<client_version>24.7.1.16</client_version>
<mode>real</mode>
<gametype>Holdem NL</gametype>
<tablename>Twister €5 SNG, 1127664074</tablename>
<tournamentcode>1127664073</tournamentcode>
<tournamentname>Twister €5 SNG</tournamentname>
<buyin>€0 + €0.35 + €4.65</buyin>
<totalbuyin>€5</totalbuyin>
<rewarddrawn>€10</rewarddrawn>
<tournamentcurrency>EUR</tournamentcurrency>
<currency>EUR</currency>
<nickname>oreiasccp</nickname>
<gamecount>19</gamecount>
<startdate>2025-06-17 09:14:58</startdate>
<place>1</place>
<win>€10</win>
<tablesize>3</tablesize>
</general>
<game gamecode="11516820871"><general><startdate>2025-06-17 09:15:13</startdate>
<round>1</round>
<failsafecounter/>
<players><player seat="6" name="RNGsus" chips="500" dealer="0" win="510" bet="500" muck="0" rebuy="0" addon="0" merge="0" rebuychips="0" reg_code="8385504330"/>
<player seat="10" name="risa98" chips="500" dealer="1" win="510" bet="500" muck="0" rebuy="0" addon="0" merge="0" rebuychips="0" reg_code="8385504341"/>
<player seat="3" name="oreiasccp" chips="500" dealer="0" win="0" bet="20" muck="1" rebuy="0" addon="0" merge="0" rebuychips="0" reg_code="8385504320"/>
</players>
</general>
<round no="0"><action no="1" player="oreiasccp" type="1" sum="10"/>
<action no="2" player="RNGsus" type="2" discard="1" dealt="1" sum="20"/>
</round>
<round no="1"><cards type="Pocket" player="oreiasccp">CQ C4</cards>
<cards type="Pocket" player="RNGsus">S10 HA</cards>
<cards type="Pocket" player="risa98">SA S6</cards>
<action no="3" player="risa98" type="3" discard="1" dealt="1" sum="20"/>
<action no="4" player="oreiasccp" type="3" sum="10"/>
<action no="5" player="RNGsus" type="23" discard="1" dealt="1" sum="500"/>
<action no="6" player="risa98" type="7" discard="1" dealt="1" sum="480"/>
<action no="7" player="oreiasccp" type="0" sum="0"/>
</round>
<round no="2"><cards type="Flop">C9 HK CA</cards>
</round>
<round no="3"><cards type="Turn">HQ</cards>
</round>
<round no="4"><cards type="River">DQ</cards>
</round>
</game>
<game gamecode="11516820954"><general><startdate>2025-06-17 09:15:36</startdate>
<round>1</round>
<failsafecounter/>
<players><player seat="10" name="risa98" chips="510" dealer="0" win="160" bet="160" muck="1" rebuy="0" addon="0" merge="0" rebuychips="0" reg_code="8385504341"/>
<player seat="3" name="oreiasccp" chips="480" dealer="1" win="0" bet="0" muck="1" rebuy="0" addon="0" merge="0" rebuychips="0" reg_code="8385504320"/>
<player seat="6" name="RNGsus" chips="510" dealer="0" win="0" bet="80" muck="1" rebuy="0" addon="0" merge="0" rebuychips="0" reg_code="8385504330"/>
</players>
</general>
<round no="0"><action no="1" player="RNGsus" type="1" discard="1" dealt="1" sum="10"/>
<action no="2" player="risa98" type="2" discard="1" dealt="1" sum="20"/>
</round>
<round no="1"><cards type="Pocket" player="RNGsus">X X</cards>
<cards type="Pocket" player="risa98">X X</cards>
<cards type="Pocket" player="oreiasccp">H4 D2</cards>
<action no="3" player="oreiasccp" type="0" sum="0"/>
<action no="4" player="RNGsus" type="23" discard="1" dealt="1" sum="50"/>
<action no="5" player="risa98" type="3" discard="1" dealt="1" sum="30"/>
</round>
<round no="2"><cards type="Flop">S3 S8 SK</cards>
<action no="6" player="RNGsus" type="5" discard="1" dealt="1" sum="30"/>
<action no="7" player="risa98" type="3" discard="1" dealt="1" sum="30"/>
</round>
<round no="3"><cards type="Turn">DA</cards>
<action no="8" player="RNGsus" type="4" discard="1" dealt="1" sum="0"/>
<action no="9" player="risa98" type="4" discard="1" dealt="1" sum="0"/>
</round>
<round no="4"><cards type="River">SJ</cards>
<action no="10" player="RNGsus" type="4" discard="1" dealt="1" sum="0"/>
<action no="11" player="risa98" type="5" discard="1" dealt="1" sum="80"/>
<action no="12" player="RNGsus" type="0" discard="1" dealt="1" sum="0"/>
</round>
</game>
<game gamecode="11516821057"><general><startdate>2025-06-17 09:16:06</startdate>
<round>1</round>
<failsafecounter/>
<players><player seat="3" name="oreiasccp" chips="480" dealer="0" win="40" bet="20" muck="0" rebuy="0" addon="0" merge="0" rebuychips="0" reg_code="8385504320"/>
<player seat="6" name="RNGsus" chips="430" dealer="1" win="0" bet="0" muck="1" rebuy="0" addon="0" merge="0" rebuychips="0" reg_code="8385504330"/>
<player seat="10" name="risa98" chips="590" dealer="0" win="0" bet="20" muck="1" rebuy="0" addon="0" merge="0" rebuychips="0" reg_code="8385504341"/>
</players>
</general>
<round no="0"><action no="1" player="risa98" type="1" discard="1" dealt="1" sum="10"/>
<action no="2" player="oreiasccp" type="2" sum="20"/>
</round>
<round no="1"><cards type="Pocket" player="oreiasccp">SA H3</cards>
<cards type="Pocket" player="risa98">CK HJ</cards>
<cards type="Pocket" player="RNGsus">X X</cards>
<action no="3" player="RNGsus" type="0" discard="1" dealt="1" sum="0"/>
<action no="4" player="risa98" type="3" discard="1" dealt="1" sum="10"/>
<action no="5" player="oreiasccp" type="4" sum="0"/>
</round>
<round no="2"><cards type="Flop">S6 CQ H6</cards>
<action no="6" player="risa98" type="4" discard="1" dealt="1" sum="0"/>
<action no="7" player="oreiasccp" type="4" sum="0"/>
</round>
<round no="3"><cards type="Turn">C7</cards>
<action no="8" player="risa98" type="4" discard="1" dealt="1" sum="0"/>
<action no="9" player="oreiasccp" type="4" sum="0"/>
</round>
<round no="4"><cards type="River">S2</cards>
<action no="10" player="risa98" type="4" discard="1" dealt="1" sum="0"/>
<action no="11" player="oreiasccp" type="4" sum="0"/>
</round>
</game>
<game gamecode="11516821144"><general><startdate>2025-06-17 09:16:31</startdate>
<round>1</round>
<failsafecounter/>
<players><player seat="6" name="RNGsus" chips="430" dealer="0" win="0" bet="20" muck="1" rebuy="0" addon="0" merge="0" rebuychips="0" reg_code="8385504330"/>
<player seat="10" name="risa98" chips="570" dealer="1" win="0" bet="20" muck="1" rebuy="0" addon="0" merge="0" rebuychips="0" reg_code="8385504341"/>
<player seat="3" name="oreiasccp" chips="500" dealer="0" win="60" bet="500" muck="1" rebuy="0" addon="0" merge="0" rebuychips="0" reg_code="8385504320"/>
</players>
</general>
<round no="0"><action no="1" player="oreiasccp" type="1" sum="10"/>
<action no="2" player="RNGsus" type="2" discard="1" dealt="1" sum="20"/>
</round>
<round no="1"><cards type="Pocket" player="oreiasccp">C7 D7</cards>
<cards type="Pocket" player="risa98">X X</cards>
<cards type="Pocket" player="RNGsus">X X</cards>
<action no="3" player="risa98" type="3" discard="1" dealt="1" sum="20"/>
<action no="4" player="oreiasccp" type="23" sum="500"/>
<action no="5" player="RNGsus" type="0" discard="1" dealt="1" sum="0"/>
<action no="6" player="risa98" type="0" discard="1" dealt="1" sum="0"/>
</round>
</game>
<game gamecode="11516821185"><general><startdate>2025-06-17 09:16:41</startdate>
<round>1</round>
<failsafecounter/>
<players><player seat="10" name="risa98" chips="550" dealer="0" win="820" bet="410" muck="0" rebuy="0" addon="0" merge="0" rebuychips="0" reg_code="8385504341"/>
<player seat="3" name="oreiasccp" chips="540" dealer="1" win="0" bet="0" muck="1" rebuy="0" addon="0" merge="0" rebuychips="0" reg_code="8385504320"/>
<player seat="6" name="RNGsus" chips="410" dealer="0" win="0" bet="410" muck="0" rebuy="0" addon="0" merge="0" rebuychips="0" reg_code="8385504330"/>
</players>
</general>
<round no="0"><action no="1" player="RNGsus" type="1" discard="1" dealt="1" sum="10"/>
<action no="2" player="risa98" type="2" discard="1" dealt="1" sum="20"/>
</round>
<round no="1"><cards type="Pocket" player="risa98">HA DA</cards>
<cards type="Pocket" player="oreiasccp">DK S8</cards>
<cards type="Pocket" player="RNGsus">HQ SA</cards>
<action no="3" player="oreiasccp" type="0" sum="0"/>
<action no="4" player="RNGsus" type="23" discard="1" dealt="1" sum="410"/>
<action no="5" player="risa98" type="3" discard="1" dealt="1" sum="390"/>
</round>
<round no="2"><cards type="Flop">SK D6 S7</cards>
</round>
<round no="3"><cards type="Turn">CA</cards>
</round>
<round no="4"><cards type="River">C3</cards>
</round>
</game>
<game gamecode="11516821249"><general><startdate>2025-06-17 09:17:00</startdate>
<round>1</round>
<failsafecounter/>
<players><player seat="3" name="oreiasccp" chips="540" dealer="0" win="0" bet="40" muck="1" rebuy="0" addon="0" merge="0" rebuychips="0" reg_code="8385504320"/>
<player seat="10" name="risa98" chips="960" dealer="1" win="80" bet="60" muck="1" rebuy="0" addon="0" merge="0" rebuychips="0" reg_code="8385504341"/>
</players>
</general>
<round no="0"><action no="1" player="risa98" type="1" discard="1" dealt="1" sum="10"/>
<action no="2" player="oreiasccp" type="2" sum="20"/>
</round>
<round no="1"><cards type="Pocket" player="oreiasccp">H6 CK</cards>
<cards type="Pocket" player="risa98">X X</cards>
<action no="3" player="risa98" type="3" discard="1" dealt="1" sum="10"/>
<action no="4" player="oreiasccp" type="4" sum="0"/>
</round>
<round no="2"><cards type="Flop">S6 S8 SJ</cards>
<action no="5" player="oreiasccp" type="4" sum="0"/>
<action no="6" player="risa98" type="5" discard="1" dealt="1" sum="20"/>
<action no="7" player="oreiasccp" type="3" sum="20"/>
</round>
<round no="3"><cards type="Turn">C9</cards>
<action no="8" player="oreiasccp" type="4" sum="0"/>
<action no="9" player="risa98" type="5" discard="1" dealt="1" sum="20"/>
<action no="10" player="oreiasccp" type="0" sum="0"/>
</round>
</game>
<game gamecode="11516821304"><general><startdate>2025-06-17 09:17:17</startdate>
<round>1</round>
<failsafecounter/>
<players><player seat="10" name="risa98" chips="1,000" dealer="0" win="0" bet="35" muck="1" rebuy="0" addon="0" merge="0" rebuychips="0" reg_code="8385504341"/>
<player seat="3" name="oreiasccp" chips="500" dealer="1" win="70" bet="65" muck="1" rebuy="0" addon="0" merge="0" rebuychips="0" reg_code="8385504320"/>
</players>
</general>
<round no="0"><action no="1" player="oreiasccp" type="15" sum="5"/>
<action no="2" player="risa98" type="15" discard="1" dealt="1" sum="5"/>
<action no="3" player="oreiasccp" type="1" sum="15"/>
<action no="4" player="risa98" type="2" discard="1" dealt="1" sum="30"/>
</round>
<round no="1"><cards type="Pocket" player="risa98">X X</cards>
<cards type="Pocket" player="oreiasccp">SJ SA</cards>
<action no="5" player="oreiasccp" type="3" sum="15"/>
<action no="6" player="risa98" type="4" discard="1" dealt="1" sum="0"/>
</round>
<round no="2"><cards type="Flop">C4 H5 CK</cards>
<action no="7" player="risa98" type="4" discard="1" dealt="1" sum="0"/>
<action no="8" player="oreiasccp" type="4" sum="0"/>
</round>
<round no="3"><cards type="Turn">HK</cards>
<action no="9" player="risa98" type="4" discard="1" dealt="1" sum="0"/>
<action no="10" player="oreiasccp" type="5" sum="30"/>
<action no="11" player="risa98" type="0" discard="1" dealt="1" sum="0"/>
</round>
</game>
<game gamecode="11516825067"><general><startdate>2025-06-17 09:17:57</startdate>
<round>1</round>
<failsafecounter/>
<players><player seat="3" name="oreiasccp" chips="535" dealer="0" win="0" bet="86" muck="0" rebuy="0" addon="0" merge="0" rebuychips="0" reg_code="8385504320"/>
<player seat="10" name="risa98" chips="965" dealer="1" win="172" bet="86" muck="0" rebuy="0" addon="0" merge="0" rebuychips="0" reg_code="8385504341"/>
</players>
</general>
<round no="0"><action no="1" player="risa98" type="15" discard="1" dealt="1" sum="5"/>
<action no="2" player="oreiasccp" type="15" sum="5"/>
<action no="3" player="risa98" type="1" discard="1" dealt="1" sum="15"/>
<action no="4" player="oreiasccp" type="2" sum="30"/>
</round>
<round no="1"><cards type="Pocket" player="oreiasccp">S6 H9</cards>
<cards type="Pocket" player="risa98">H3 D5</cards>
<action no="5" player="risa98" type="3" discard="1" dealt="1" sum="15"/>
<action no="6" player="oreiasccp" type="4" sum="0"/>
</round>
<round no="2"><cards type="Flop">S4 D2 H8</cards>
<action no="7" player="oreiasccp" type="4" sum="0"/>
<action no="8" player="risa98" type="4" discard="1" dealt="1" sum="0"/>
</round>
<round no="3"><cards type="Turn">C2</cards>
<action no="9" player="oreiasccp" type="4" sum="0"/>
<action no="10" player="risa98" type="4" discard="1" dealt="1" sum="0"/>
</round>
<round no="4"><cards type="River">C5</cards>
<action no="11" player="oreiasccp" type="5" sum="51"/>
<action no="12" player="risa98" type="3" discard="1" dealt="1" sum="51"/>
</round>
</game>
<game gamecode="11516825130"><general><startdate>2025-06-17 09:18:16</startdate>
<round>1</round>
<failsafecounter/>
<players><player seat="10" name="risa98" chips="1,051" dealer="0" win="0" bet="65" muck="1" rebuy="0" addon="0" merge="0" rebuychips="0" reg_code="8385504341"/>
<player seat="3" name="oreiasccp" chips="449" dealer="1" win="130" bet="195" muck="1" rebuy="0" addon="0" merge="0" rebuychips="0" reg_code="8385504320"/>
</players>
</general>
<round no="0"><action no="1" player="oreiasccp" type="15" sum="5"/>
<action no="2" player="risa98" type="15" discard="1" dealt="1" sum="5"/>
<action no="3" player="oreiasccp" type="1" sum="15"/>
<action no="4" player="risa98" type="2" discard="1" dealt="1" sum="30"/>
</round>
<round no="1"><cards type="Pocket" player="oreiasccp">SK SA</cards>
<cards type="Pocket" player="risa98">X X</cards>
<action no="5" player="oreiasccp" type="3" sum="15"/>
<action no="6" player="risa98" type="4" discard="1" dealt="1" sum="0"/>
</round>
<round no="2"><cards type="Flop">D2 SJ HA</cards>
<action no="7" player="risa98" type="5" discard="1" dealt="1" sum="30"/>
<action no="8" player="oreiasccp" type="3" sum="30"/>
</round>
<round no="3"><cards type="Turn">C8</cards>
<action no="9" player="risa98" type="4" discard="1" dealt="1" sum="0"/>
<action no="10" player="oreiasccp" type="4" sum="0"/>
</round>
<round no="4"><cards type="River">D5</cards>
<action no="11" player="risa98" type="4" discard="1" dealt="1" sum="0"/>
<action no="12" player="oreiasccp" type="5" sum="130"/>
<action no="13" player="risa98" type="0" discard="1" dealt="1" sum="0"/>
</round>
</game>
<game gamecode="11516825199"><general><startdate>2025-06-17 09:18:39</startdate>
<round>1</round>
<failsafecounter/>
<players><player seat="3" name="oreiasccp" chips="514" dealer="0" win="0" bet="35" muck="1" rebuy="0" addon="0" merge="0" rebuychips="0" reg_code="8385504320"/>
<player seat="10" name="risa98" chips="986" dealer="1" win="70" bet="65" muck="1" rebuy="0" addon="0" merge="0" rebuychips="0" reg_code="8385504341"/>
</players>
</general>
<round no="0"><action no="1" player="risa98" type="15" discard="1" dealt="1" sum="5"/>
<action no="2" player="oreiasccp" type="15" sum="5"/>
<action no="3" player="risa98" type="1" discard="1" dealt="1" sum="15"/>
<action no="4" player="oreiasccp" type="2" sum="30"/>
</round>
<round no="1"><cards type="Pocket" player="oreiasccp">S4 C2</cards>
<cards type="Pocket" player="risa98">X X</cards>
<action no="5" player="risa98" type="3" discard="1" dealt="1" sum="15"/>
<action no="6" player="oreiasccp" type="4" sum="0"/>
</round>
<round no="2"><cards type="Flop">HJ H7 DK</cards>
<action no="7" player="oreiasccp" type="4" sum="0"/>
<action no="8" player="risa98" type="5" discard="1" dealt="1" sum="30"/>
<action no="9" player="oreiasccp" type="0" sum="0"/>
</round>
</game>
<game gamecode="11516825239"><general><startdate>2025-06-17 09:18:51</startdate>
<round>1</round>
<failsafecounter/>
<players><player seat="10" name="risa98" chips="1,021" dealer="0" win="70" bet="70" muck="1" rebuy="0" addon="0" merge="0" rebuychips="0" reg_code="8385504341"/>
<player seat="3" name="oreiasccp" chips="479" dealer="1" win="0" bet="35" muck="1" rebuy="0" addon="0" merge="0" rebuychips="0" reg_code="8385504320"/>
</players>
</general>
<round no="0"><action no="1" player="oreiasccp" type="15" sum="5"/>
<action no="2" player="risa98" type="15" discard="1" dealt="1" sum="5"/>
<action no="3" player="oreiasccp" type="1" sum="15"/>
<action no="4" player="risa98" type="2" discard="1" dealt="1" sum="30"/>
</round>
<round no="1"><cards type="Pocket" player="oreiasccp">D6 H8</cards>
<cards type="Pocket" player="risa98">X X</cards>
<action no="5" player="oreiasccp" type="3" sum="15"/>
<action no="6" player="risa98" type="4" discard="1" dealt="1" sum="0"/>
</round>
<round no="2"><cards type="Flop">DQ C9 H2</cards>
<action no="7" player="risa98" type="5" discard="1" dealt="1" sum="35"/>
<action no="8" player="oreiasccp" type="0" sum="0"/>
</round>
</game>
<game gamecode="11516825268"><general><startdate>2025-06-17 09:19:01</startdate>
<round>1</round>
<failsafecounter/>
<players><player seat="3" name="oreiasccp" chips="444" dealer="0" win="0" bet="35" muck="1" rebuy="0" addon="0" merge="0" rebuychips="0" reg_code="8385504320"/>
<player seat="10" name="risa98" chips="1,056" dealer="1" win="70" bet="35" muck="0" rebuy="0" addon="0" merge="0" rebuychips="0" reg_code="8385504341"/>
</players>
</general>
<round no="0"><action no="1" player="risa98" type="15" discard="1" dealt="1" sum="5"/>
<action no="2" player="oreiasccp" type="15" sum="5"/>
<action no="3" player="risa98" type="1" discard="1" dealt="1" sum="15"/>
<action no="4" player="oreiasccp" type="2" sum="30"/>
</round>
<round no="1"><cards type="Pocket" player="risa98">C8 S8</cards>
<cards type="Pocket" player="oreiasccp">H8 C7</cards>
<action no="5" player="risa98" type="3" discard="1" dealt="1" sum="15"/>
<action no="6" player="oreiasccp" type="4" sum="0"/>
</round>
<round no="2"><cards type="Flop">DK H6 D7</cards>
<action no="7" player="oreiasccp" type="4" sum="0"/>
<action no="8" player="risa98" type="4" discard="1" dealt="1" sum="0"/>
</round>
<round no="3"><cards type="Turn">C2</cards>
<action no="9" player="oreiasccp" type="4" sum="0"/>
<action no="10" player="risa98" type="4" discard="1" dealt="1" sum="0"/>
</round>
<round no="4"><cards type="River">CA</cards>
<action no="11" player="oreiasccp" type="4" sum="0"/>
<action no="12" player="risa98" type="4" discard="1" dealt="1" sum="0"/>
</round>
</game>
<game gamecode="11516825345"><general><startdate>2025-06-17 09:19:27</startdate>
<round>1</round>
<failsafecounter/>
<players><player seat="10" name="risa98" chips="1,091" dealer="0" win="90" bet="85" muck="1" rebuy="0" addon="0" merge="0" rebuychips="0" reg_code="8385504341"/>
<player seat="3" name="oreiasccp" chips="409" dealer="1" win="0" bet="45" muck="1" rebuy="0" addon="0" merge="0" rebuychips="0" reg_code="8385504320"/>
</players>
</general>
<round no="0"><action no="1" player="oreiasccp" type="15" sum="5"/>
<action no="2" player="risa98" type="15" discard="1" dealt="1" sum="5"/>
<action no="3" player="oreiasccp" type="1" sum="20"/>
<action no="4" player="risa98" type="2" discard="1" dealt="1" sum="40"/>
</round>
<round no="1"><cards type="Pocket" player="risa98">X X</cards>
<cards type="Pocket" player="oreiasccp">S4 S9</cards>
<action no="5" player="oreiasccp" type="3" sum="20"/>
<action no="6" player="risa98" type="4" discard="1" dealt="1" sum="0"/>
</round>
<round no="2"><cards type="Flop">H5 HA H6</cards>
<action no="7" player="risa98" type="5" discard="1" dealt="1" sum="40"/>
<action no="8" player="oreiasccp" type="0" sum="0"/>
</round>
</game>
<game gamecode="11516825397"><general><startdate>2025-06-17 09:19:42</startdate>
<round>1</round>
<failsafecounter/>
<players><player seat="3" name="oreiasccp" chips="364" dealer="0" win="0" bet="45" muck="1" rebuy="0" addon="0" merge="0" rebuychips="0" reg_code="8385504320"/>
<player seat="10" name="risa98" chips="1,136" dealer="1" win="90" bet="85" muck="1" rebuy="0" addon="0" merge="0" rebuychips="0" reg_code="8385504341"/>
</players>
</general>
<round no="0"><action no="1" player="risa98" type="15" discard="1" dealt="1" sum="5"/>
<action no="2" player="oreiasccp" type="15" sum="5"/>
<action no="3" player="risa98" type="1" discard="1" dealt="1" sum="20"/>
<action no="4" player="oreiasccp" type="2" sum="40"/>
</round>
<round no="1"><cards type="Pocket" player="risa98">X X</cards>
<cards type="Pocket" player="oreiasccp">CJ S5</cards>
<action no="5" player="risa98" type="3" discard="1" dealt="1" sum="20"/>
<action no="6" player="oreiasccp" type="4" sum="0"/>
</round>
<round no="2"><cards type="Flop">H7 D3 CQ</cards>
<action no="7" player="oreiasccp" type="4" sum="0"/>
<action no="8" player="risa98" type="4" discard="1" dealt="1" sum="0"/>
</round>
<round no="3"><cards type="Turn">H3</cards>
<action no="9" player="oreiasccp" type="4" sum="0"/>
<action no="10" player="risa98" type="5" discard="1" dealt="1" sum="40"/>
<action no="11" player="oreiasccp" type="0" sum="0"/>
</round>
</game>
<game gamecode="11516825458"><general><startdate>2025-06-17 09:20:03</startdate>
<round>1</round>
<failsafecounter/>
<players><player seat="10" name="risa98" chips="1,181" dealer="0" win="0" bet="319" muck="1" rebuy="0" addon="0" merge="0" rebuychips="0" reg_code="8385504341"/>
<player seat="3" name="oreiasccp" chips="319" dealer="1" win="638" bet="319" muck="0" rebuy="0" addon="0" merge="0" rebuychips="0" reg_code="8385504320"/>
</players>
</general>
<round no="0"><action no="1" player="oreiasccp" type="15" sum="5"/>
<action no="2" player="risa98" type="15" discard="1" dealt="1" sum="5"/>
<action no="3" player="oreiasccp" type="1" sum="20"/>
<action no="4" player="risa98" type="2" discard="1" dealt="1" sum="40"/>
</round>
<round no="1"><cards type="Pocket" player="risa98">S7 S6</cards>
<cards type="Pocket" player="oreiasccp">SQ H7</cards>
<action no="5" player="oreiasccp" type="23" sum="314"/>
<action no="6" player="risa98" type="3" discard="1" dealt="1" sum="274"/>
</round>
<round no="2"><cards type="Flop">C7 H3 S5</cards>
</round>
<round no="3"><cards type="Turn">D2</cards>
</round>
<round no="4"><cards type="River">D3</cards>
</round>
</game>
<game gamecode="11516825536"><general><startdate>2025-06-17 09:20:26</startdate>
<round>1</round>
<failsafecounter/>
<players><player seat="3" name="oreiasccp" chips="638" dealer="0" win="0" bet="45" muck="1" rebuy="0" addon="0" merge="0" rebuychips="0" reg_code="8385504320"/>
<player seat="10" name="risa98" chips="862" dealer="1" win="90" bet="85" muck="1" rebuy="0" addon="0" merge="0" rebuychips="0" reg_code="8385504341"/>
</players>
</general>
<round no="0"><action no="1" player="risa98" type="15" discard="1" dealt="1" sum="5"/>
<action no="2" player="oreiasccp" type="15" sum="5"/>
<action no="3" player="risa98" type="1" discard="1" dealt="1" sum="20"/>
<action no="4" player="oreiasccp" type="2" sum="40"/>
</round>
<round no="1"><cards type="Pocket" player="risa98">X X</cards>
<cards type="Pocket" player="oreiasccp">D10 S4</cards>
<action no="5" player="risa98" type="3" discard="1" dealt="1" sum="20"/>
<action no="6" player="oreiasccp" type="4" sum="0"/>
</round>
<round no="2"><cards type="Flop">C5 D5 CJ</cards>
<action no="7" player="oreiasccp" type="4" sum="0"/>
<action no="8" player="risa98" type="5" discard="1" dealt="1" sum="40"/>
<action no="9" player="oreiasccp" type="0" sum="0"/>
</round>
</game>
<game gamecode="11516825588"><general><startdate>2025-06-17 09:20:45</startdate>
<round>1</round>
<failsafecounter/>
<players><player seat="10" name="risa98" chips="907" dealer="0" win="0" bet="593" muck="1" rebuy="0" addon="0" merge="0" rebuychips="0" reg_code="8385504341"/>
<player seat="3" name="oreiasccp" chips="593" dealer="1" win="1,186" bet="593" muck="0" rebuy="0" addon="0" merge="0" rebuychips="0" reg_code="8385504320"/>
</players>
</general>
<round no="0"><action no="1" player="oreiasccp" type="15" sum="5"/>
<action no="2" player="risa98" type="15" discard="1" dealt="1" sum="5"/>
<action no="3" player="oreiasccp" type="1" sum="20"/>
<action no="4" player="risa98" type="2" discard="1" dealt="1" sum="40"/>
</round>
<round no="1"><cards type="Pocket" player="oreiasccp">HK HJ</cards>
<cards type="Pocket" player="risa98">CA DQ</cards>
<action no="5" player="oreiasccp" type="3" sum="20"/>
<action no="6" player="risa98" type="4" discard="1" dealt="1" sum="0"/>
</round>
<round no="2"><cards type="Flop">H5 SA C3</cards>
<action no="7" player="risa98" type="5" discard="1" dealt="1" sum="40"/>
<action no="8" player="oreiasccp" type="23" sum="80"/>
<action no="9" player="risa98" type="3" discard="1" dealt="1" sum="40"/>
</round>
<round no="3"><cards type="Turn">H2</cards>
<action no="10" player="risa98" type="5" discard="1" dealt="1" sum="40"/>
<action no="11" player="oreiasccp" type="3" sum="40"/>
</round>
<round no="4"><cards type="River">H4</cards>
<action no="12" player="risa98" type="5" discard="1" dealt="1" sum="40"/>
<action no="13" player="oreiasccp" type="23" sum="428"/>
<action no="14" player="risa98" type="3" discard="1" dealt="1" sum="388"/>
</round>
</game>
<game gamecode="11516825669"><general><startdate>2025-06-17 09:21:10</startdate>
<round>1</round>
<failsafecounter/>
<players><player seat="3" name="oreiasccp" chips="1,186" dealer="0" win="0" bet="45" muck="1" rebuy="0" addon="0" merge="0" rebuychips="0" reg_code="8385504320"/>
<player seat="10" name="risa98" chips="314" dealer="1" win="90" bet="314" muck="1" rebuy="0" addon="0" merge="0" rebuychips="0" reg_code="8385504341"/>
</players>
</general>
<round no="0"><action no="1" player="risa98" type="15" discard="1" dealt="1" sum="5"/>
<action no="2" player="oreiasccp" type="15" sum="5"/>
<action no="3" player="risa98" type="1" discard="1" dealt="1" sum="20"/>
<action no="4" player="oreiasccp" type="2" sum="40"/>
</round>
<round no="1"><cards type="Pocket" player="risa98">X X</cards>
<cards type="Pocket" player="oreiasccp">H9 C3</cards>
<action no="5" player="risa98" type="3" discard="1" dealt="1" sum="20"/>
<action no="6" player="oreiasccp" type="4" sum="0"/>
</round>
<round no="2"><cards type="Flop">C7 CJ C10</cards>
<action no="7" player="oreiasccp" type="4" sum="0"/>
<action no="8" player="risa98" type="4" discard="1" dealt="1" sum="0"/>
</round>
<round no="3"><cards type="Turn">CQ</cards>
<action no="9" player="oreiasccp" type="4" sum="0"/>
<action no="10" player="risa98" type="5" discard="1" dealt="1" sum="269"/>
<action no="11" player="oreiasccp" type="0" sum="0"/>
</round>
</game>
<game gamecode="11516825722"><general><startdate>2025-06-17 09:21:27</startdate>
<round>1</round>
<failsafecounter/>
<players><player seat="10" name="risa98" chips="359" dealer="0" win="0" bet="359" muck="1" rebuy="0" addon="0" merge="0" rebuychips="0" reg_code="8385504341"/>
<player seat="3" name="oreiasccp" chips="1,141" dealer="1" win="718" bet="359" muck="0" rebuy="0" addon="0" merge="0" rebuychips="0" reg_code="8385504320"/>
</players>
</general>
<round no="0"><action no="1" player="oreiasccp" type="15" sum="5"/>
<action no="2" player="risa98" type="15" discard="1" dealt="1" sum="5"/>
<action no="3" player="oreiasccp" type="1" sum="30"/>
<action no="4" player="risa98" type="2" discard="1" dealt="1" sum="60"/>
</round>
<round no="1"><cards type="Pocket" player="oreiasccp">S10 HA</cards>
<cards type="Pocket" player="risa98">H8 SA</cards>
<action no="5" player="oreiasccp" type="23" sum="354"/>
<action no="6" player="risa98" type="7" discard="1" dealt="1" sum="294"/>
</round>
<round no="2"><cards type="Flop">D5 D4 CA</cards>
</round>
<round no="3"><cards type="Turn">D9</cards>
</round>
<round no="4"><cards type="River">C6</cards>
</round>
</game>
</session>
