<?xml version="1.0" encoding="UTF-8"?>
<session sessioncode="8385513797">
<general>
<client_version>24.7.1.16</client_version>
<mode>real</mode>
<gametype>Holdem NL</gametype>
<tablename>Twister €5 SNG, 1127665468</tablename>
<tournamentcode>1127665467</tournamentcode>
<tournamentname>Twister €5 SNG</tournamentname>
<buyin>€0 + €0.35 + €4.65</buyin>
<totalbuyin>€5</totalbuyin>
<rewarddrawn>€10</rewarddrawn>
<tournamentcurrency>EUR</tournamentcurrency>
<currency>EUR</currency>
<nickname>oreiasccp</nickname>
<gamecount>8</gamecount>
<startdate>2025-06-17 09:53:52</startdate>
<place>1</place>
<win>€10</win>
<tablesize>3</tablesize>
</general>
<game gamecode="11516849524"><general><startdate>2025-06-17 09:54:07</startdate>
<round>1</round>
<failsafecounter/>
<players><player seat="6" name="Diligentcharm64" chips="500" dealer="0" win="0" bet="500" muck="1" rebuy="0" addon="0" merge="0" rebuychips="0" reg_code="8385513758"/>
<player seat="10" name="oreiasccp" chips="500" dealer="1" win="1,010" bet="500" muck="0" rebuy="0" addon="0" merge="0" rebuychips="0" reg_code="8385513797"/>
<player seat="3" name="Xlabuda" chips="500" dealer="0" win="0" bet="10" muck="1" rebuy="0" addon="0" merge="0" rebuychips="0" reg_code="8385513726"/>
</players>
</general>
<round no="0"><action no="1" player="Xlabuda" type="1" discard="1" dealt="1" sum="10"/>
<action no="2" player="Diligentcharm64" type="2" discard="1" dealt="1" sum="20"/>
</round>
<round no="1"><cards type="Pocket" player="Xlabuda">X X</cards>
<cards type="Pocket" player="oreiasccp">D5 C5</cards>
<cards type="Pocket" player="Diligentcharm64">D4 HA</cards>
<action no="3" player="oreiasccp" type="23" sum="40"/>
<action no="4" player="Xlabuda" type="0" discard="1" dealt="1" sum="0"/>
<action no="5" player="Diligentcharm64" type="23" discard="1" dealt="1" sum="100"/>
<action no="6" player="oreiasccp" type="23" sum="500"/>
<action no="7" player="Diligentcharm64" type="7" discard="1" dealt="1" sum="400"/>
</round>
<round no="2"><cards type="Flop">DJ D7 H4</cards>
</round>
<round no="3"><cards type="Turn">C3</cards>
</round>
<round no="4"><cards type="River">S7</cards>
</round>
</game>
<game gamecode="11516849611"><general><startdate>2025-06-17 09:54:35</startdate>
<round>1</round>
<failsafecounter/>
<players><player seat="10" name="oreiasccp" chips="1,010" dealer="0" win="40" bet="40" muck="1" rebuy="0" addon="0" merge="0" rebuychips="0" reg_code="8385513797"/>
<player seat="3" name="Xlabuda" chips="490" dealer="1" win="0" bet="20" muck="1" rebuy="0" addon="0" merge="0" rebuychips="0" reg_code="8385513726"/>
</players>
</general>
<round no="0"><action no="1" player="Xlabuda" type="1" discard="1" dealt="1" sum="10"/>
<action no="2" player="oreiasccp" type="2" sum="20"/>
</round>
<round no="1"><cards type="Pocket" player="Xlabuda">X X</cards>
<cards type="Pocket" player="oreiasccp">D5 H10</cards>
<action no="3" player="Xlabuda" type="3" discard="1" dealt="1" sum="10"/>
<action no="4" player="oreiasccp" type="4" sum="0"/>
</round>
<round no="2"><cards type="Flop">C9 S8 C3</cards>
<action no="5" player="oreiasccp" type="4" sum="0"/>
<action no="6" player="Xlabuda" type="4" discard="1" dealt="1" sum="0"/>
</round>
<round no="3"><cards type="Turn">SJ</cards>
<action no="7" player="oreiasccp" type="5" sum="20"/>
<action no="8" player="Xlabuda" type="0" discard="1" dealt="1" sum="0"/>
</round>
</game>
<game gamecode="11516849733"><general><startdate>2025-06-17 09:55:14</startdate>
<round>1</round>
<failsafecounter/>
<players><player seat="3" name="Xlabuda" chips="470" dealer="0" win="40" bet="470" muck="1" rebuy="0" addon="0" merge="0" rebuychips="0" reg_code="8385513726"/>
<player seat="10" name="oreiasccp" chips="1,030" dealer="1" win="0" bet="20" muck="1" rebuy="0" addon="0" merge="0" rebuychips="0" reg_code="8385513797"/>
</players>
</general>
<round no="0"><action no="1" player="oreiasccp" type="1" sum="10"/>
<action no="2" player="Xlabuda" type="2" discard="1" dealt="1" sum="20"/>
</round>
<round no="1"><cards type="Pocket" player="oreiasccp">S7 DA</cards>
<cards type="Pocket" player="Xlabuda">X X</cards>
<action no="3" player="oreiasccp" type="3" sum="10"/>
<action no="4" player="Xlabuda" type="23" discard="1" dealt="1" sum="470"/>
<action no="5" player="oreiasccp" type="0" sum="0"/>
</round>
</game>
<game gamecode="11516849788"><general><startdate>2025-06-17 09:55:32</startdate>
<round>1</round>
<failsafecounter/>
<players><player seat="10" name="oreiasccp" chips="1,010" dealer="0" win="80" bet="98" muck="1" rebuy="0" addon="0" merge="0" rebuychips="0" reg_code="8385513797"/>
<player seat="3" name="Xlabuda" chips="490" dealer="1" win="0" bet="40" muck="1" rebuy="0" addon="0" merge="0" rebuychips="0" reg_code="8385513726"/>
</players>
</general>
<round no="0"><action no="1" player="Xlabuda" type="1" discard="1" dealt="1" sum="10"/>
<action no="2" player="oreiasccp" type="2" sum="20"/>
</round>
<round no="1"><cards type="Pocket" player="oreiasccp">S10 S5</cards>
<cards type="Pocket" player="Xlabuda">X X</cards>
<action no="3" player="Xlabuda" type="23" discard="1" dealt="1" sum="40"/>
<action no="4" player="oreiasccp" type="3" sum="20"/>
</round>
<round no="2"><cards type="Flop">H4 H6 H7</cards>
<action no="5" player="oreiasccp" type="4" sum="0"/>
<action no="6" player="Xlabuda" type="4" discard="1" dealt="1" sum="0"/>
</round>
<round no="3"><cards type="Turn">D2</cards>
<action no="7" player="oreiasccp" type="5" sum="58"/>
<action no="8" player="Xlabuda" type="0" discard="1" dealt="1" sum="0"/>
</round>
</game>
<game gamecode="11516849883"><general><startdate>2025-06-17 09:55:59</startdate>
<round>1</round>
<failsafecounter/>
<players><player seat="3" name="Xlabuda" chips="450" dealer="0" win="20" bet="20" muck="1" rebuy="0" addon="0" merge="0" rebuychips="0" reg_code="8385513726"/>
<player seat="10" name="oreiasccp" chips="1,050" dealer="1" win="0" bet="10" muck="1" rebuy="0" addon="0" merge="0" rebuychips="0" reg_code="8385513797"/>
</players>
</general>
<round no="0"><action no="1" player="oreiasccp" type="1" sum="10"/>
<action no="2" player="Xlabuda" type="2" discard="1" dealt="1" sum="20"/>
</round>
<round no="1"><cards type="Pocket" player="Xlabuda">X X</cards>
<cards type="Pocket" player="oreiasccp">C4 D2</cards>
<action no="3" player="oreiasccp" type="0" sum="0"/>
</round>
</game>
<game gamecode="11516849899"><general><startdate>2025-06-17 09:56:04</startdate>
<round>1</round>
<failsafecounter/>
<players><player seat="10" name="oreiasccp" chips="1,040" dealer="0" win="40" bet="460" muck="1" rebuy="0" addon="0" merge="0" rebuychips="0" reg_code="8385513797"/>
<player seat="3" name="Xlabuda" chips="460" dealer="1" win="0" bet="20" muck="1" rebuy="0" addon="0" merge="0" rebuychips="0" reg_code="8385513726"/>
</players>
</general>
<round no="0"><action no="1" player="Xlabuda" type="1" discard="1" dealt="1" sum="10"/>
<action no="2" player="oreiasccp" type="2" sum="20"/>
</round>
<round no="1"><cards type="Pocket" player="oreiasccp">SA D4</cards>
<cards type="Pocket" player="Xlabuda">X X</cards>
<action no="3" player="Xlabuda" type="3" discard="1" dealt="1" sum="10"/>
<action no="4" player="oreiasccp" type="23" sum="460"/>
<action no="5" player="Xlabuda" type="0" discard="1" dealt="1" sum="0"/>
</round>
</game>
<game gamecode="11516849942"><general><startdate>2025-06-17 09:56:19</startdate>
<round>1</round>
<failsafecounter/>
<players><player seat="3" name="Xlabuda" chips="440" dealer="0" win="0" bet="35" muck="1" rebuy="0" addon="0" merge="0" rebuychips="0" reg_code="8385513726"/>
<player seat="10" name="oreiasccp" chips="1,060" dealer="1" win="70" bet="65" muck="1" rebuy="0" addon="0" merge="0" rebuychips="0" reg_code="8385513797"/>
</players>
</general>
<round no="0"><action no="1" player="oreiasccp" type="15" sum="5"/>
<action no="2" player="Xlabuda" type="15" discard="1" dealt="1" sum="5"/>
<action no="3" player="oreiasccp" type="1" sum="15"/>
<action no="4" player="Xlabuda" type="2" discard="1" dealt="1" sum="30"/>
</round>
<round no="1"><cards type="Pocket" player="oreiasccp">C10 S9</cards>
<cards type="Pocket" player="Xlabuda">X X</cards>
<action no="5" player="oreiasccp" type="23" sum="60"/>
<action no="6" player="Xlabuda" type="0" discard="1" dealt="1" sum="0"/>
</round>
</game>
<game gamecode="11516849974"><general><startdate>2025-06-17 09:56:28</startdate>
<round>1</round>
<failsafecounter/>
<players><player seat="10" name="oreiasccp" chips="1,095" dealer="0" win="810" bet="405" muck="0" rebuy="0" addon="0" merge="0" rebuychips="0" reg_code="8385513797"/>
<player seat="3" name="Xlabuda" chips="405" dealer="1" win="0" bet="405" muck="0" rebuy="0" addon="0" merge="0" rebuychips="0" reg_code="8385513726"/>
</players>
</general>
<round no="0"><action no="1" player="Xlabuda" type="15" discard="1" dealt="1" sum="5"/>
<action no="2" player="oreiasccp" type="15" sum="5"/>
<action no="3" player="Xlabuda" type="1" discard="1" dealt="1" sum="15"/>
<action no="4" player="oreiasccp" type="2" sum="30"/>
</round>
<round no="1"><cards type="Pocket" player="oreiasccp">S5 HA</cards>
<cards type="Pocket" player="Xlabuda">CA S2</cards>
<action no="5" player="Xlabuda" type="23" discard="1" dealt="1" sum="400"/>
<action no="6" player="oreiasccp" type="3" sum="370"/>
</round>
<round no="2"><cards type="Flop">D6 H6 C9</cards>
</round>
<round no="3"><cards type="Turn">H5</cards>
</round>
<round no="4"><cards type="River">C5</cards>
</round>
</game>
</session>
