<?xml version="1.0" encoding="UTF-8"?>
<session sessioncode="8385480229">
<general>
<client_version>24.7.1.16</client_version>
<mode>real</mode>
<gametype>Holdem NL</gametype>
<tablename>Twister €5 SNG, 1127659063</tablename>
<tournamentcode>1127659062</tournamentcode>
<tournamentname>Twister €5 SNG</tournamentname>
<buyin>€0 + €0.35 + €4.65</buyin>
<totalbuyin>€5</totalbuyin>
<rewarddrawn>€10</rewarddrawn>
<tournamentcurrency>EUR</tournamentcurrency>
<currency>EUR</currency>
<nickname>oreiasccp</nickname>
<gamecount>8</gamecount>
<startdate>2025-06-17 06:57:58</startdate>
<place>3</place>
<win>€0</win>
<tablesize>3</tablesize>
</general>
<game gamecode="11516743170"><general><startdate>2025-06-17 06:58:13</startdate>
<round>1</round>
<failsafecounter/>
<players><player seat="6" name="oreiasccp" chips="500" dealer="0" win="0" bet="20" muck="1" rebuy="0" addon="0" merge="0" rebuychips="0" reg_code="8385480229"/>
<player seat="10" name="YesOrNo" chips="500" dealer="1" win="0" bet="0" muck="1" rebuy="0" addon="0" merge="0" rebuychips="0" reg_code="8385480274"/>
<player seat="3" name="bobbb1" chips="500" dealer="0" win="40" bet="20" muck="0" rebuy="0" addon="0" merge="0" rebuychips="0" reg_code="8385480172"/>
</players>
</general>
<round no="0"><action no="1" player="bobbb1" type="1" discard="1" dealt="1" sum="10"/>
<action no="2" player="oreiasccp" type="2" sum="20"/>
</round>
<round no="1"><cards type="Pocket" player="bobbb1">C4 SK</cards>
<cards type="Pocket" player="oreiasccp">HA C6</cards>
<cards type="Pocket" player="YesOrNo">X X</cards>
<action no="3" player="YesOrNo" type="0" discard="1" dealt="1" sum="0"/>
<action no="4" player="bobbb1" type="3" discard="1" dealt="1" sum="10"/>
<action no="5" player="oreiasccp" type="4" sum="0"/>
</round>
<round no="2"><cards type="Flop">HJ H3 CQ</cards>
<action no="6" player="bobbb1" type="4" discard="1" dealt="1" sum="0"/>
<action no="7" player="oreiasccp" type="4" sum="0"/>
</round>
<round no="3"><cards type="Turn">D4</cards>
<action no="8" player="bobbb1" type="4" discard="1" dealt="1" sum="0"/>
<action no="9" player="oreiasccp" type="4" sum="0"/>
</round>
<round no="4"><cards type="River">D10</cards>
<action no="10" player="bobbb1" type="4" discard="1" dealt="1" sum="0"/>
<action no="11" player="oreiasccp" type="4" sum="0"/>
</round>
</game>
<game gamecode="11516743242"><general><startdate>2025-06-17 06:58:42</startdate>
<round>1</round>
<failsafecounter/>
<players><player seat="10" name="YesOrNo" chips="500" dealer="0" win="0" bet="20" muck="1" rebuy="0" addon="0" merge="0" rebuychips="0" reg_code="8385480274"/>
<player seat="3" name="bobbb1" chips="520" dealer="1" win="0" bet="0" muck="1" rebuy="0" addon="0" merge="0" rebuychips="0" reg_code="8385480172"/>
<player seat="6" name="oreiasccp" chips="480" dealer="0" win="40" bet="60" muck="1" rebuy="0" addon="0" merge="0" rebuychips="0" reg_code="8385480229"/>
</players>
</general>
<round no="0"><action no="1" player="oreiasccp" type="1" sum="10"/>
<action no="2" player="YesOrNo" type="2" discard="1" dealt="1" sum="20"/>
</round>
<round no="1"><cards type="Pocket" player="YesOrNo">X X</cards>
<cards type="Pocket" player="oreiasccp">HA SK</cards>
<cards type="Pocket" player="bobbb1">X X</cards>
<action no="3" player="bobbb1" type="0" discard="1" dealt="1" sum="0"/>
<action no="4" player="oreiasccp" type="23" sum="60"/>
<action no="5" player="YesOrNo" type="0" discard="1" dealt="1" sum="0"/>
</round>
</game>
<game gamecode="11516743274"><general><startdate>2025-06-17 06:58:56</startdate>
<round>1</round>
<failsafecounter/>
<players><player seat="3" name="bobbb1" chips="520" dealer="0" win="0" bet="50" muck="1" rebuy="0" addon="0" merge="0" rebuychips="0" reg_code="8385480172"/>
<player seat="6" name="oreiasccp" chips="500" dealer="1" win="0" bet="0" muck="1" rebuy="0" addon="0" merge="0" rebuychips="0" reg_code="8385480229"/>
<player seat="10" name="YesOrNo" chips="480" dealer="0" win="100" bet="116" muck="1" rebuy="0" addon="0" merge="0" rebuychips="0" reg_code="8385480274"/>
</players>
</general>
<round no="0"><action no="1" player="YesOrNo" type="1" discard="1" dealt="1" sum="10"/>
<action no="2" player="bobbb1" type="2" discard="1" dealt="1" sum="20"/>
</round>
<round no="1"><cards type="Pocket" player="bobbb1">X X</cards>
<cards type="Pocket" player="oreiasccp">H9 D2</cards>
<cards type="Pocket" player="YesOrNo">X X</cards>
<action no="3" player="oreiasccp" type="0" sum="0"/>
<action no="4" player="YesOrNo" type="23" discard="1" dealt="1" sum="50"/>
<action no="5" player="bobbb1" type="3" discard="1" dealt="1" sum="30"/>
</round>
<round no="2"><cards type="Flop">C6 S10 S3</cards>
<action no="6" player="YesOrNo" type="5" discard="1" dealt="1" sum="66"/>
<action no="7" player="bobbb1" type="0" discard="1" dealt="1" sum="0"/>
</round>
</game>
<game gamecode="11516743331"><general><startdate>2025-06-17 06:59:21</startdate>
<round>1</round>
<failsafecounter/>
<players><player seat="6" name="oreiasccp" chips="500" dealer="0" win="0" bet="40" muck="1" rebuy="0" addon="0" merge="0" rebuychips="0" reg_code="8385480229"/>
<player seat="10" name="YesOrNo" chips="530" dealer="1" win="90" bet="100" muck="1" rebuy="0" addon="0" merge="0" rebuychips="0" reg_code="8385480274"/>
<player seat="3" name="bobbb1" chips="470" dealer="0" win="0" bet="10" muck="1" rebuy="0" addon="0" merge="0" rebuychips="0" reg_code="8385480172"/>
</players>
</general>
<round no="0"><action no="1" player="bobbb1" type="1" discard="1" dealt="1" sum="10"/>
<action no="2" player="oreiasccp" type="2" sum="20"/>
</round>
<round no="1"><cards type="Pocket" player="YesOrNo">X X</cards>
<cards type="Pocket" player="bobbb1">X X</cards>
<cards type="Pocket" player="oreiasccp">H10 S9</cards>
<action no="3" player="YesOrNo" type="23" discard="1" dealt="1" sum="40"/>
<action no="4" player="bobbb1" type="0" discard="1" dealt="1" sum="0"/>
<action no="5" player="oreiasccp" type="3" sum="20"/>
</round>
<round no="2"><cards type="Flop">S4 D4 CA</cards>
<action no="6" player="oreiasccp" type="4" sum="0"/>
<action no="7" player="YesOrNo" type="4" discard="1" dealt="1" sum="0"/>
</round>
<round no="3"><cards type="Turn">D6</cards>
<action no="8" player="oreiasccp" type="4" sum="0"/>
<action no="9" player="YesOrNo" type="5" discard="1" dealt="1" sum="60"/>
<action no="10" player="oreiasccp" type="0" sum="0"/>
</round>
</game>
<game gamecode="11516743390"><general><startdate>2025-06-17 06:59:44</startdate>
<round>1</round>
<failsafecounter/>
<players><player seat="10" name="YesOrNo" chips="580" dealer="0" win="80" bet="140" muck="1" rebuy="0" addon="0" merge="0" rebuychips="0" reg_code="8385480274"/>
<player seat="3" name="bobbb1" chips="460" dealer="1" win="0" bet="0" muck="1" rebuy="0" addon="0" merge="0" rebuychips="0" reg_code="8385480172"/>
<player seat="6" name="oreiasccp" chips="460" dealer="0" win="0" bet="40" muck="1" rebuy="0" addon="0" merge="0" rebuychips="0" reg_code="8385480229"/>
</players>
</general>
<round no="0"><action no="1" player="oreiasccp" type="1" sum="10"/>
<action no="2" player="YesOrNo" type="2" discard="1" dealt="1" sum="20"/>
</round>
<round no="1"><cards type="Pocket" player="bobbb1">X X</cards>
<cards type="Pocket" player="oreiasccp">C7 HJ</cards>
<cards type="Pocket" player="YesOrNo">X X</cards>
<action no="3" player="bobbb1" type="0" discard="1" dealt="1" sum="0"/>
<action no="4" player="oreiasccp" type="23" sum="40"/>
<action no="5" player="YesOrNo" type="23" discard="1" dealt="1" sum="140"/>
<action no="6" player="oreiasccp" type="0" sum="0"/>
</round>
</game>
<game gamecode="11516743442"><general><startdate>2025-06-17 07:00:02</startdate>
<round>1</round>
<failsafecounter/>
<players><player seat="3" name="bobbb1" chips="460" dealer="0" win="0" bet="40" muck="1" rebuy="0" addon="0" merge="0" rebuychips="0" reg_code="8385480172"/>
<player seat="6" name="oreiasccp" chips="420" dealer="1" win="90" bet="60" muck="1" rebuy="0" addon="0" merge="0" rebuychips="0" reg_code="8385480229"/>
<player seat="10" name="YesOrNo" chips="620" dealer="0" win="0" bet="10" muck="1" rebuy="0" addon="0" merge="0" rebuychips="0" reg_code="8385480274"/>
</players>
</general>
<round no="0"><action no="1" player="YesOrNo" type="1" discard="1" dealt="1" sum="10"/>
<action no="2" player="bobbb1" type="2" discard="1" dealt="1" sum="20"/>
</round>
<round no="1"><cards type="Pocket" player="bobbb1">X X</cards>
<cards type="Pocket" player="oreiasccp">CK HA</cards>
<cards type="Pocket" player="YesOrNo">X X</cards>
<action no="3" player="oreiasccp" type="23" sum="40"/>
<action no="4" player="YesOrNo" type="0" discard="1" dealt="1" sum="0"/>
<action no="5" player="bobbb1" type="3" discard="1" dealt="1" sum="20"/>
</round>
<round no="2"><cards type="Flop">SQ HJ H4</cards>
<action no="6" player="bobbb1" type="4" discard="1" dealt="1" sum="0"/>
<action no="7" player="oreiasccp" type="5" sum="20"/>
<action no="8" player="bobbb1" type="0" discard="1" dealt="1" sum="0"/>
</round>
</game>
<game gamecode="11516743485"><general><startdate>2025-06-17 07:00:20</startdate>
<round>1</round>
<failsafecounter/>
<players><player seat="6" name="oreiasccp" chips="470" dealer="0" win="135" bet="133" muck="1" rebuy="0" addon="0" merge="0" rebuychips="0" reg_code="8385480229"/>
<player seat="10" name="YesOrNo" chips="610" dealer="1" win="0" bet="5" muck="1" rebuy="0" addon="0" merge="0" rebuychips="0" reg_code="8385480274"/>
<player seat="3" name="bobbb1" chips="420" dealer="0" win="0" bet="65" muck="1" rebuy="0" addon="0" merge="0" rebuychips="0" reg_code="8385480172"/>
</players>
</general>
<round no="0"><action no="1" player="bobbb1" type="15" discard="1" dealt="1" sum="5"/>
<action no="2" player="oreiasccp" type="15" sum="5"/>
<action no="3" player="YesOrNo" type="15" discard="1" dealt="1" sum="5"/>
<action no="4" player="bobbb1" type="1" discard="1" dealt="1" sum="15"/>
<action no="5" player="oreiasccp" type="2" sum="30"/>
</round>
<round no="1"><cards type="Pocket" player="oreiasccp">C10 CK</cards>
<cards type="Pocket" player="YesOrNo">X X</cards>
<cards type="Pocket" player="bobbb1">X X</cards>
<action no="6" player="YesOrNo" type="0" discard="1" dealt="1" sum="0"/>
<action no="7" player="bobbb1" type="23" discard="1" dealt="1" sum="60"/>
<action no="8" player="oreiasccp" type="3" sum="30"/>
</round>
<round no="2"><cards type="Flop">D10 D2 S6</cards>
<action no="9" player="bobbb1" type="4" discard="1" dealt="1" sum="0"/>
<action no="10" player="oreiasccp" type="5" sum="68"/>
<action no="11" player="bobbb1" type="0" discard="1" dealt="1" sum="0"/>
</round>
</game>
<game gamecode="11516743535"><general><startdate>2025-06-17 07:00:40</startdate>
<round>1</round>
<failsafecounter/>
<players><player seat="10" name="YesOrNo" chips="605" dealer="0" win="1,085" bet="605" muck="0" rebuy="0" addon="0" merge="0" rebuychips="0" reg_code="8385480274"/>
<player seat="3" name="bobbb1" chips="355" dealer="1" win="0" bet="5" muck="1" rebuy="0" addon="0" merge="0" rebuychips="0" reg_code="8385480172"/>
<player seat="6" name="oreiasccp" chips="540" dealer="0" win="0" bet="540" muck="1" rebuy="0" addon="0" merge="0" rebuychips="0" reg_code="8385480229"/>
</players>
</general>
<round no="0"><action no="1" player="oreiasccp" type="15" sum="5"/>
<action no="2" player="YesOrNo" type="15" discard="1" dealt="1" sum="5"/>
<action no="3" player="bobbb1" type="15" discard="1" dealt="1" sum="5"/>
<action no="4" player="oreiasccp" type="1" sum="15"/>
<action no="5" player="YesOrNo" type="2" discard="1" dealt="1" sum="30"/>
</round>
<round no="1"><cards type="Pocket" player="YesOrNo">H10 S10</cards>
<cards type="Pocket" player="bobbb1">X X</cards>
<cards type="Pocket" player="oreiasccp">DA DQ</cards>
<action no="6" player="bobbb1" type="0" discard="1" dealt="1" sum="0"/>
<action no="7" player="oreiasccp" type="23" sum="75"/>
<action no="8" player="YesOrNo" type="23" discard="1" dealt="1" sum="600"/>
<action no="9" player="oreiasccp" type="7" sum="460"/>
</round>
<round no="2"><cards type="Flop">SQ D9 S2</cards>
</round>
<round no="3"><cards type="Turn">C2</cards>
</round>
<round no="4"><cards type="River">D10</cards>
</round>
</game>
</session>
