<?xml version="1.0" encoding="UTF-8"?>
<session sessioncode="8385532564">
<general>
<client_version>24.7.1.16</client_version>
<mode>real</mode>
<gametype>Holdem NL</gametype>
<tablename>Twister €5 SNG, 1127668517</tablename>
<tournamentcode>1127668516</tournamentcode>
<tournamentname>Twister €5 SNG</tournamentname>
<buyin>€0 + €0.35 + €4.65</buyin>
<totalbuyin>€5</totalbuyin>
<rewarddrawn>€10</rewarddrawn>
<tournamentcurrency>EUR</tournamentcurrency>
<currency>EUR</currency>
<nickname>oreiasccp</nickname>
<gamecount>31</gamecount>
<startdate>2025-06-17 10:57:37</startdate>
<place>2</place>
<win>€0</win>
<tablesize>3</tablesize>
</general>
<game gamecode="11516901053"><general><startdate>2025-06-17 10:57:53</startdate>
<round>1</round>
<failsafecounter/>
<players><player seat="10" name="YesOrNo" chips="500" dealer="0" win="0" bet="85" muck="1" rebuy="0" addon="0" merge="0" rebuychips="0" reg_code="8385532598"/>
<player seat="3" name="oreiasccp" chips="500" dealer="1" win="180" bet="216" muck="1" rebuy="0" addon="0" merge="0" rebuychips="0" reg_code="8385532564"/>
<player seat="6" name="gasgas" chips="500" dealer="0" win="0" bet="10" muck="1" rebuy="0" addon="0" merge="0" rebuychips="0" reg_code="8385532586"/>
</players>
</general>
<round no="0"><action no="1" player="gasgas" type="1" discard="1" dealt="1" sum="10"/>
<action no="2" player="YesOrNo" type="2" discard="1" dealt="1" sum="20"/>
</round>
<round no="1"><cards type="Pocket" player="YesOrNo">X X</cards>
<cards type="Pocket" player="oreiasccp">H5 HA</cards>
<cards type="Pocket" player="gasgas">X X</cards>
<action no="3" player="oreiasccp" type="23" sum="40"/>
<action no="4" player="gasgas" type="0" discard="1" dealt="1" sum="0"/>
<action no="5" player="YesOrNo" type="3" discard="1" dealt="1" sum="20"/>
</round>
<round no="2"><cards type="Flop">D6 D2 DA</cards>
<action no="6" player="YesOrNo" type="4" discard="1" dealt="1" sum="0"/>
<action no="7" player="oreiasccp" type="5" sum="45"/>
<action no="8" player="YesOrNo" type="3" discard="1" dealt="1" sum="45"/>
</round>
<round no="3"><cards type="Turn">HK</cards>
<action no="9" player="YesOrNo" type="4" discard="1" dealt="1" sum="0"/>
<action no="10" player="oreiasccp" type="5" sum="131"/>
<action no="11" player="YesOrNo" type="0" discard="1" dealt="1" sum="0"/>
</round>
</game>
<game gamecode="11516901165"><general><startdate>2025-06-17 10:58:22</startdate>
<round>1</round>
<failsafecounter/>
<players><player seat="3" name="oreiasccp" chips="595" dealer="0" win="340" bet="170" muck="0" rebuy="0" addon="0" merge="0" rebuychips="0" reg_code="8385532564"/>
<player seat="6" name="gasgas" chips="490" dealer="1" win="0" bet="0" muck="1" rebuy="0" addon="0" merge="0" rebuychips="0" reg_code="8385532586"/>
<player seat="10" name="YesOrNo" chips="415" dealer="0" win="0" bet="170" muck="1" rebuy="0" addon="0" merge="0" rebuychips="0" reg_code="8385532598"/>
</players>
</general>
<round no="0"><action no="1" player="YesOrNo" type="1" discard="1" dealt="1" sum="10"/>
<action no="2" player="oreiasccp" type="2" sum="20"/>
</round>
<round no="1"><cards type="Pocket" player="gasgas">X X</cards>
<cards type="Pocket" player="oreiasccp">CQ C3</cards>
<cards type="Pocket" player="YesOrNo">H8 D10</cards>
<action no="3" player="gasgas" type="0" discard="1" dealt="1" sum="0"/>
<action no="4" player="YesOrNo" type="23" discard="1" dealt="1" sum="50"/>
<action no="5" player="oreiasccp" type="3" sum="30"/>
</round>
<round no="2"><cards type="Flop">C2 HK H3</cards>
<action no="6" player="YesOrNo" type="5" discard="1" dealt="1" sum="40"/>
<action no="7" player="oreiasccp" type="3" sum="40"/>
</round>
<round no="3"><cards type="Turn">S9</cards>
<action no="8" player="YesOrNo" type="5" discard="1" dealt="1" sum="80"/>
<action no="9" player="oreiasccp" type="3" sum="80"/>
</round>
<round no="4"><cards type="River">C4</cards>
<action no="10" player="YesOrNo" type="4" discard="1" dealt="1" sum="0"/>
<action no="11" player="oreiasccp" type="4" sum="0"/>
</round>
</game>
<game gamecode="11516901263"><general><startdate>2025-06-17 10:58:50</startdate>
<round>1</round>
<failsafecounter/>
<players><player seat="6" name="gasgas" chips="490" dealer="0" win="0" bet="20" muck="1" rebuy="0" addon="0" merge="0" rebuychips="0" reg_code="8385532586"/>
<player seat="10" name="YesOrNo" chips="245" dealer="1" win="0" bet="0" muck="1" rebuy="0" addon="0" merge="0" rebuychips="0" reg_code="8385532598"/>
<player seat="3" name="oreiasccp" chips="765" dealer="0" win="40" bet="40" muck="1" rebuy="0" addon="0" merge="0" rebuychips="0" reg_code="8385532564"/>
</players>
</general>
<round no="0"><action no="1" player="oreiasccp" type="1" sum="10"/>
<action no="2" player="gasgas" type="2" discard="1" dealt="1" sum="20"/>
</round>
<round no="1"><cards type="Pocket" player="gasgas">X X</cards>
<cards type="Pocket" player="YesOrNo">X X</cards>
<cards type="Pocket" player="oreiasccp">H8 C8</cards>
<action no="3" player="YesOrNo" type="0" discard="1" dealt="1" sum="0"/>
<action no="4" player="oreiasccp" type="23" sum="40"/>
<action no="5" player="gasgas" type="0" discard="1" dealt="1" sum="0"/>
</round>
</game>
<game gamecode="11516901306"><general><startdate>2025-06-17 10:59:02</startdate>
<round>1</round>
<failsafecounter/>
<players><player seat="10" name="YesOrNo" chips="245" dealer="0" win="20" bet="20" muck="1" rebuy="0" addon="0" merge="0" rebuychips="0" reg_code="8385532598"/>
<player seat="3" name="oreiasccp" chips="785" dealer="1" win="0" bet="0" muck="1" rebuy="0" addon="0" merge="0" rebuychips="0" reg_code="8385532564"/>
<player seat="6" name="gasgas" chips="470" dealer="0" win="0" bet="10" muck="1" rebuy="0" addon="0" merge="0" rebuychips="0" reg_code="8385532586"/>
</players>
</general>
<round no="0"><action no="1" player="gasgas" type="1" discard="1" dealt="1" sum="10"/>
<action no="2" player="YesOrNo" type="2" discard="1" dealt="1" sum="20"/>
</round>
<round no="1"><cards type="Pocket" player="YesOrNo">X X</cards>
<cards type="Pocket" player="oreiasccp">H3 SK</cards>
<cards type="Pocket" player="gasgas">X X</cards>
<action no="3" player="oreiasccp" type="0" sum="0"/>
<action no="4" player="gasgas" type="0" discard="1" dealt="1" sum="0"/>
</round>
</game>
<game gamecode="11516901343"><general><startdate>2025-06-17 10:59:13</startdate>
<round>1</round>
<failsafecounter/>
<players><player seat="3" name="oreiasccp" chips="785" dealer="0" win="510" bet="255" muck="0" rebuy="0" addon="0" merge="0" rebuychips="0" reg_code="8385532564"/>
<player seat="6" name="gasgas" chips="460" dealer="1" win="0" bet="0" muck="1" rebuy="0" addon="0" merge="0" rebuychips="0" reg_code="8385532586"/>
<player seat="10" name="YesOrNo" chips="255" dealer="0" win="0" bet="255" muck="0" rebuy="0" addon="0" merge="0" rebuychips="0" reg_code="8385532598"/>
</players>
</general>
<round no="0"><action no="1" player="YesOrNo" type="1" discard="1" dealt="1" sum="10"/>
<action no="2" player="oreiasccp" type="2" sum="20"/>
</round>
<round no="1"><cards type="Pocket" player="oreiasccp">S4 HA</cards>
<cards type="Pocket" player="gasgas">X X</cards>
<cards type="Pocket" player="YesOrNo">SJ S7</cards>
<action no="3" player="gasgas" type="0" discard="1" dealt="1" sum="0"/>
<action no="4" player="YesOrNo" type="23" discard="1" dealt="1" sum="255"/>
<action no="5" player="oreiasccp" type="3" sum="235"/>
</round>
<round no="2"><cards type="Flop">H5 C7 CA</cards>
</round>
<round no="3"><cards type="Turn">HQ</cards>
</round>
<round no="4"><cards type="River">CQ</cards>
</round>
</game>
<game gamecode="11516901424"><general><startdate>2025-06-17 10:59:34</startdate>
<round>1</round>
<failsafecounter/>
<players><player seat="6" name="gasgas" chips="460" dealer="0" win="0" bet="20" muck="1" rebuy="0" addon="0" merge="0" rebuychips="0" reg_code="8385532586"/>
<player seat="3" name="oreiasccp" chips="1,040" dealer="1" win="40" bet="40" muck="1" rebuy="0" addon="0" merge="0" rebuychips="0" reg_code="8385532564"/>
</players>
</general>
<round no="0"><action no="1" player="oreiasccp" type="1" sum="10"/>
<action no="2" player="gasgas" type="2" discard="1" dealt="1" sum="20"/>
</round>
<round no="1"><cards type="Pocket" player="oreiasccp">D10 D6</cards>
<cards type="Pocket" player="gasgas">X X</cards>
<action no="3" player="oreiasccp" type="23" sum="40"/>
<action no="4" player="gasgas" type="0" discard="1" dealt="1" sum="0"/>
</round>
</game>
<game gamecode="11516901463"><general><startdate>2025-06-17 10:59:44</startdate>
<round>1</round>
<failsafecounter/>
<players><player seat="3" name="oreiasccp" chips="1,060" dealer="0" win="440" bet="440" muck="0" rebuy="0" addon="0" merge="0" rebuychips="0" reg_code="8385532564"/>
<player seat="6" name="gasgas" chips="440" dealer="1" win="440" bet="440" muck="0" rebuy="0" addon="0" merge="0" rebuychips="0" reg_code="8385532586"/>
</players>
</general>
<round no="0"><action no="1" player="gasgas" type="1" discard="1" dealt="1" sum="10"/>
<action no="2" player="oreiasccp" type="2" sum="20"/>
</round>
<round no="1"><cards type="Pocket" player="gasgas">DA CJ</cards>
<cards type="Pocket" player="oreiasccp">CA HJ</cards>
<action no="3" player="gasgas" type="3" discard="1" dealt="1" sum="10"/>
<action no="4" player="oreiasccp" type="23" sum="440"/>
<action no="5" player="gasgas" type="7" discard="1" dealt="1" sum="420"/>
</round>
<round no="2"><cards type="Flop">CK H4 SJ</cards>
</round>
<round no="3"><cards type="Turn">C9</cards>
</round>
<round no="4"><cards type="River">D9</cards>
</round>
</game>
<game gamecode="11516901545"><general><startdate>2025-06-17 11:00:06</startdate>
<round>1</round>
<failsafecounter/>
<players><player seat="6" name="gasgas" chips="440" dealer="0" win="0" bet="35" muck="1" rebuy="0" addon="0" merge="0" rebuychips="0" reg_code="8385532586"/>
<player seat="3" name="oreiasccp" chips="1,060" dealer="1" win="70" bet="440" muck="1" rebuy="0" addon="0" merge="0" rebuychips="0" reg_code="8385532564"/>
</players>
</general>
<round no="0"><action no="1" player="oreiasccp" type="15" sum="5"/>
<action no="2" player="gasgas" type="15" discard="1" dealt="1" sum="5"/>
<action no="3" player="oreiasccp" type="1" sum="15"/>
<action no="4" player="gasgas" type="2" discard="1" dealt="1" sum="30"/>
</round>
<round no="1"><cards type="Pocket" player="gasgas">X X</cards>
<cards type="Pocket" player="oreiasccp">D5 CA</cards>
<action no="5" player="oreiasccp" type="23" sum="435"/>
<action no="6" player="gasgas" type="0" discard="1" dealt="1" sum="0"/>
</round>
</game>
<game gamecode="11516901581"><general><startdate>2025-06-17 11:00:15</startdate>
<round>1</round>
<failsafecounter/>
<players><player seat="3" name="oreiasccp" chips="1,095" dealer="0" win="70" bet="86" muck="1" rebuy="0" addon="0" merge="0" rebuychips="0" reg_code="8385532564"/>
<player seat="6" name="gasgas" chips="405" dealer="1" win="0" bet="35" muck="1" rebuy="0" addon="0" merge="0" rebuychips="0" reg_code="8385532586"/>
</players>
</general>
<round no="0"><action no="1" player="gasgas" type="15" discard="1" dealt="1" sum="5"/>
<action no="2" player="oreiasccp" type="15" sum="5"/>
<action no="3" player="gasgas" type="1" discard="1" dealt="1" sum="15"/>
<action no="4" player="oreiasccp" type="2" sum="30"/>
</round>
<round no="1"><cards type="Pocket" player="gasgas">X X</cards>
<cards type="Pocket" player="oreiasccp">S3 HQ</cards>
<action no="5" player="gasgas" type="3" discard="1" dealt="1" sum="15"/>
<action no="6" player="oreiasccp" type="4" sum="0"/>
</round>
<round no="2"><cards type="Flop">C9 S6 D9</cards>
<action no="7" player="oreiasccp" type="4" sum="0"/>
<action no="8" player="gasgas" type="4" discard="1" dealt="1" sum="0"/>
</round>
<round no="3"><cards type="Turn">DJ</cards>
<action no="9" player="oreiasccp" type="4" sum="0"/>
<action no="10" player="gasgas" type="4" discard="1" dealt="1" sum="0"/>
</round>
<round no="4"><cards type="River">DQ</cards>
<action no="11" player="oreiasccp" type="5" sum="51"/>
<action no="12" player="gasgas" type="0" discard="1" dealt="1" sum="0"/>
</round>
</game>
<game gamecode="11516901694"><general><startdate>2025-06-17 11:00:43</startdate>
<round>1</round>
<failsafecounter/>
<players><player seat="6" name="gasgas" chips="370" dealer="0" win="740" bet="370" muck="0" rebuy="0" addon="0" merge="0" rebuychips="0" reg_code="8385532586"/>
<player seat="3" name="oreiasccp" chips="1,130" dealer="1" win="0" bet="370" muck="0" rebuy="0" addon="0" merge="0" rebuychips="0" reg_code="8385532564"/>
</players>
</general>
<round no="0"><action no="1" player="oreiasccp" type="15" sum="5"/>
<action no="2" player="gasgas" type="15" discard="1" dealt="1" sum="5"/>
<action no="3" player="oreiasccp" type="1" sum="15"/>
<action no="4" player="gasgas" type="2" discard="1" dealt="1" sum="30"/>
</round>
<round no="1"><cards type="Pocket" player="oreiasccp">D10 CA</cards>
<cards type="Pocket" player="gasgas">HQ SQ</cards>
<action no="5" player="oreiasccp" type="3" sum="15"/>
<action no="6" player="gasgas" type="23" discard="1" dealt="1" sum="75"/>
<action no="7" player="oreiasccp" type="23" sum="365"/>
<action no="8" player="gasgas" type="7" discard="1" dealt="1" sum="290"/>
</round>
<round no="2"><cards type="Flop">H2 H10 C7</cards>
</round>
<round no="3"><cards type="Turn">D8</cards>
</round>
<round no="4"><cards type="River">CK</cards>
</round>
</game>
<game gamecode="11516906442"><general><startdate>2025-06-17 11:01:05</startdate>
<round>1</round>
<failsafecounter/>
<players><player seat="3" name="oreiasccp" chips="760" dealer="0" win="130" bet="740" muck="1" rebuy="0" addon="0" merge="0" rebuychips="0" reg_code="8385532564"/>
<player seat="6" name="gasgas" chips="740" dealer="1" win="0" bet="65" muck="1" rebuy="0" addon="0" merge="0" rebuychips="0" reg_code="8385532586"/>
</players>
</general>
<round no="0"><action no="1" player="gasgas" type="15" discard="1" dealt="1" sum="5"/>
<action no="2" player="oreiasccp" type="15" sum="5"/>
<action no="3" player="gasgas" type="1" discard="1" dealt="1" sum="15"/>
<action no="4" player="oreiasccp" type="2" sum="30"/>
</round>
<round no="1"><cards type="Pocket" player="gasgas">X X</cards>
<cards type="Pocket" player="oreiasccp">CA H4</cards>
<action no="5" player="gasgas" type="23" discard="1" dealt="1" sum="60"/>
<action no="6" player="oreiasccp" type="23" sum="735"/>
<action no="7" player="gasgas" type="0" discard="1" dealt="1" sum="0"/>
</round>
</game>
<game gamecode="11516906491"><general><startdate>2025-06-17 11:01:19</startdate>
<round>1</round>
<failsafecounter/>
<players><player seat="6" name="gasgas" chips="675" dealer="0" win="0" bet="65" muck="0" rebuy="0" addon="0" merge="0" rebuychips="0" reg_code="8385532586"/>
<player seat="3" name="oreiasccp" chips="825" dealer="1" win="130" bet="65" muck="0" rebuy="0" addon="0" merge="0" rebuychips="0" reg_code="8385532564"/>
</players>
</general>
<round no="0"><action no="1" player="oreiasccp" type="15" sum="5"/>
<action no="2" player="gasgas" type="15" discard="1" dealt="1" sum="5"/>
<action no="3" player="oreiasccp" type="1" sum="15"/>
<action no="4" player="gasgas" type="2" discard="1" dealt="1" sum="30"/>
</round>
<round no="1"><cards type="Pocket" player="oreiasccp">HA D4</cards>
<cards type="Pocket" player="gasgas">C3 HK</cards>
<action no="5" player="oreiasccp" type="3" sum="15"/>
<action no="6" player="gasgas" type="4" discard="1" dealt="1" sum="0"/>
</round>
<round no="2"><cards type="Flop">C8 D6 H6</cards>
<action no="7" player="gasgas" type="4" discard="1" dealt="1" sum="0"/>
<action no="8" player="oreiasccp" type="4" sum="0"/>
</round>
<round no="3"><cards type="Turn">H8</cards>
<action no="9" player="gasgas" type="4" discard="1" dealt="1" sum="0"/>
<action no="10" player="oreiasccp" type="4" sum="0"/>
</round>
<round no="4"><cards type="River">H3</cards>
<action no="11" player="gasgas" type="5" discard="1" dealt="1" sum="30"/>
<action no="12" player="oreiasccp" type="3" sum="30"/>
</round>
</game>
<game gamecode="11516906590"><general><startdate>2025-06-17 11:01:44</startdate>
<round>1</round>
<failsafecounter/>
<players><player seat="3" name="oreiasccp" chips="890" dealer="0" win="70" bet="610" muck="1" rebuy="0" addon="0" merge="0" rebuychips="0" reg_code="8385532564"/>
<player seat="6" name="gasgas" chips="610" dealer="1" win="0" bet="35" muck="1" rebuy="0" addon="0" merge="0" rebuychips="0" reg_code="8385532586"/>
</players>
</general>
<round no="0"><action no="1" player="gasgas" type="15" discard="1" dealt="1" sum="5"/>
<action no="2" player="oreiasccp" type="15" sum="5"/>
<action no="3" player="gasgas" type="1" discard="1" dealt="1" sum="15"/>
<action no="4" player="oreiasccp" type="2" sum="30"/>
</round>
<round no="1"><cards type="Pocket" player="gasgas">X X</cards>
<cards type="Pocket" player="oreiasccp">D3 S3</cards>
<action no="5" player="gasgas" type="3" discard="1" dealt="1" sum="15"/>
<action no="6" player="oreiasccp" type="23" sum="605"/>
<action no="7" player="gasgas" type="0" discard="1" dealt="1" sum="0"/>
</round>
</game>
<game gamecode="11516906630"><general><startdate>2025-06-17 11:01:54</startdate>
<round>1</round>
<failsafecounter/>
<players><player seat="6" name="gasgas" chips="575" dealer="0" win="170" bet="141" muck="1" rebuy="0" addon="0" merge="0" rebuychips="0" reg_code="8385532586"/>
<player seat="3" name="oreiasccp" chips="925" dealer="1" win="0" bet="85" muck="1" rebuy="0" addon="0" merge="0" rebuychips="0" reg_code="8385532564"/>
</players>
</general>
<round no="0"><action no="1" player="oreiasccp" type="15" sum="5"/>
<action no="2" player="gasgas" type="15" discard="1" dealt="1" sum="5"/>
<action no="3" player="oreiasccp" type="1" sum="20"/>
<action no="4" player="gasgas" type="2" discard="1" dealt="1" sum="40"/>
</round>
<round no="1"><cards type="Pocket" player="gasgas">X X</cards>
<cards type="Pocket" player="oreiasccp">D7 D3</cards>
<action no="5" player="oreiasccp" type="3" sum="20"/>
<action no="6" player="gasgas" type="4" discard="1" dealt="1" sum="0"/>
</round>
<round no="2"><cards type="Flop">SJ HK C10</cards>
<action no="7" player="gasgas" type="4" discard="1" dealt="1" sum="0"/>
<action no="8" player="oreiasccp" type="5" sum="40"/>
<action no="9" player="gasgas" type="3" discard="1" dealt="1" sum="40"/>
</round>
<round no="3"><cards type="Turn">H8</cards>
<action no="10" player="gasgas" type="4" discard="1" dealt="1" sum="0"/>
<action no="11" player="oreiasccp" type="4" sum="0"/>
</round>
<round no="4"><cards type="River">H7</cards>
<action no="12" player="gasgas" type="5" discard="1" dealt="1" sum="56"/>
<action no="13" player="oreiasccp" type="0" sum="0"/>
</round>
</game>
<game gamecode="11516906737"><general><startdate>2025-06-17 11:02:21</startdate>
<round>1</round>
<failsafecounter/>
<players><player seat="3" name="oreiasccp" chips="840" dealer="0" win="0" bet="85" muck="1" rebuy="0" addon="0" merge="0" rebuychips="0" reg_code="8385532564"/>
<player seat="6" name="gasgas" chips="660" dealer="1" win="170" bet="141" muck="1" rebuy="0" addon="0" merge="0" rebuychips="0" reg_code="8385532586"/>
</players>
</general>
<round no="0"><action no="1" player="gasgas" type="15" discard="1" dealt="1" sum="5"/>
<action no="2" player="oreiasccp" type="15" sum="5"/>
<action no="3" player="gasgas" type="1" discard="1" dealt="1" sum="20"/>
<action no="4" player="oreiasccp" type="2" sum="40"/>
</round>
<round no="1"><cards type="Pocket" player="gasgas">X X</cards>
<cards type="Pocket" player="oreiasccp">HK D3</cards>
<action no="5" player="gasgas" type="23" discard="1" dealt="1" sum="80"/>
<action no="6" player="oreiasccp" type="3" sum="40"/>
</round>
<round no="2"><cards type="Flop">S10 D2 C6</cards>
<action no="7" player="oreiasccp" type="4" sum="0"/>
<action no="8" player="gasgas" type="5" discard="1" dealt="1" sum="56"/>
<action no="9" player="oreiasccp" type="0" sum="0"/>
</round>
</game>
<game gamecode="11516906797"><general><startdate>2025-06-17 11:02:35</startdate>
<round>1</round>
<failsafecounter/>
<players><player seat="6" name="gasgas" chips="745" dealer="0" win="0" bet="85" muck="1" rebuy="0" addon="0" merge="0" rebuychips="0" reg_code="8385532586"/>
<player seat="3" name="oreiasccp" chips="755" dealer="1" win="170" bet="85" muck="0" rebuy="0" addon="0" merge="0" rebuychips="0" reg_code="8385532564"/>
</players>
</general>
<round no="0"><action no="1" player="oreiasccp" type="15" sum="5"/>
<action no="2" player="gasgas" type="15" discard="1" dealt="1" sum="5"/>
<action no="3" player="oreiasccp" type="1" sum="20"/>
<action no="4" player="gasgas" type="2" discard="1" dealt="1" sum="40"/>
</round>
<round no="1"><cards type="Pocket" player="oreiasccp">C2 DJ</cards>
<cards type="Pocket" player="gasgas">C3 S9</cards>
<action no="5" player="oreiasccp" type="3" sum="20"/>
<action no="6" player="gasgas" type="4" discard="1" dealt="1" sum="0"/>
</round>
<round no="2"><cards type="Flop">C9 HK H2</cards>
<action no="7" player="gasgas" type="4" discard="1" dealt="1" sum="0"/>
<action no="8" player="oreiasccp" type="4" sum="0"/>
</round>
<round no="3"><cards type="Turn">HJ</cards>
<action no="9" player="gasgas" type="4" discard="1" dealt="1" sum="0"/>
<action no="10" player="oreiasccp" type="5" sum="40"/>
<action no="11" player="gasgas" type="3" discard="1" dealt="1" sum="40"/>
</round>
<round no="4"><cards type="River">HQ</cards>
<action no="12" player="gasgas" type="4" discard="1" dealt="1" sum="0"/>
<action no="13" player="oreiasccp" type="4" sum="0"/>
</round>
</game>
<game gamecode="11516906921"><general><startdate>2025-06-17 11:03:05</startdate>
<round>1</round>
<failsafecounter/>
<players><player seat="3" name="oreiasccp" chips="840" dealer="0" win="170" bet="165" muck="1" rebuy="0" addon="0" merge="0" rebuychips="0" reg_code="8385532564"/>
<player seat="6" name="gasgas" chips="660" dealer="1" win="0" bet="85" muck="1" rebuy="0" addon="0" merge="0" rebuychips="0" reg_code="8385532586"/>
</players>
</general>
<round no="0"><action no="1" player="gasgas" type="15" discard="1" dealt="1" sum="5"/>
<action no="2" player="oreiasccp" type="15" sum="5"/>
<action no="3" player="gasgas" type="1" discard="1" dealt="1" sum="20"/>
<action no="4" player="oreiasccp" type="2" sum="40"/>
</round>
<round no="1"><cards type="Pocket" player="oreiasccp">C5 D4</cards>
<cards type="Pocket" player="gasgas">X X</cards>
<action no="5" player="gasgas" type="3" discard="1" dealt="1" sum="20"/>
<action no="6" player="oreiasccp" type="4" sum="0"/>
</round>
<round no="2"><cards type="Flop">CK D5 C4</cards>
<action no="7" player="oreiasccp" type="4" sum="0"/>
<action no="8" player="gasgas" type="5" discard="1" dealt="1" sum="40"/>
<action no="9" player="oreiasccp" type="23" sum="120"/>
<action no="10" player="gasgas" type="0" discard="1" dealt="1" sum="0"/>
</round>
</game>
<game gamecode="11516906993"><general><startdate>2025-06-17 11:03:23</startdate>
<round>1</round>
<failsafecounter/>
<players><player seat="6" name="gasgas" chips="575" dealer="0" win="170" bet="575" muck="1" rebuy="0" addon="0" merge="0" rebuychips="0" reg_code="8385532586"/>
<player seat="3" name="oreiasccp" chips="925" dealer="1" win="0" bet="85" muck="1" rebuy="0" addon="0" merge="0" rebuychips="0" reg_code="8385532564"/>
</players>
</general>
<round no="0"><action no="1" player="oreiasccp" type="15" sum="5"/>
<action no="2" player="gasgas" type="15" discard="1" dealt="1" sum="5"/>
<action no="3" player="oreiasccp" type="1" sum="20"/>
<action no="4" player="gasgas" type="2" discard="1" dealt="1" sum="40"/>
</round>
<round no="1"><cards type="Pocket" player="gasgas">X X</cards>
<cards type="Pocket" player="oreiasccp">S7 H5</cards>
<action no="5" player="oreiasccp" type="3" sum="20"/>
<action no="6" player="gasgas" type="4" discard="1" dealt="1" sum="0"/>
</round>
<round no="2"><cards type="Flop">H9 D3 S2</cards>
<action no="7" player="gasgas" type="4" discard="1" dealt="1" sum="0"/>
<action no="8" player="oreiasccp" type="5" sum="40"/>
<action no="9" player="gasgas" type="3" discard="1" dealt="1" sum="40"/>
</round>
<round no="3"><cards type="Turn">S9</cards>
<action no="10" player="gasgas" type="4" discard="1" dealt="1" sum="0"/>
<action no="11" player="oreiasccp" type="4" sum="0"/>
</round>
<round no="4"><cards type="River">H3</cards>
<action no="12" player="gasgas" type="5" discard="1" dealt="1" sum="490"/>
<action no="13" player="oreiasccp" type="0" sum="0"/>
</round>
</game>
<game gamecode="11516907086"><general><startdate>2025-06-17 11:03:48</startdate>
<round>1</round>
<failsafecounter/>
<players><player seat="3" name="oreiasccp" chips="840" dealer="0" win="482" bet="241" muck="0" rebuy="0" addon="0" merge="0" rebuychips="0" reg_code="8385532564"/>
<player seat="6" name="gasgas" chips="660" dealer="1" win="0" bet="241" muck="0" rebuy="0" addon="0" merge="0" rebuychips="0" reg_code="8385532586"/>
</players>
</general>
<round no="0"><action no="1" player="gasgas" type="15" discard="1" dealt="1" sum="5"/>
<action no="2" player="oreiasccp" type="15" sum="5"/>
<action no="3" player="gasgas" type="1" discard="1" dealt="1" sum="20"/>
<action no="4" player="oreiasccp" type="2" sum="40"/>
</round>
<round no="1"><cards type="Pocket" player="gasgas">S7 DK</cards>
<cards type="Pocket" player="oreiasccp">H7 C4</cards>
<action no="5" player="gasgas" type="3" discard="1" dealt="1" sum="20"/>
<action no="6" player="oreiasccp" type="4" sum="0"/>
</round>
<round no="2"><cards type="Flop">S6 C2 D4</cards>
<action no="7" player="oreiasccp" type="4" sum="0"/>
<action no="8" player="gasgas" type="5" discard="1" dealt="1" sum="59"/>
<action no="9" player="oreiasccp" type="3" sum="59"/>
</round>
<round no="3"><cards type="Turn">C8</cards>
<action no="10" player="oreiasccp" type="4" sum="0"/>
<action no="11" player="gasgas" type="4" discard="1" dealt="1" sum="0"/>
</round>
<round no="4"><cards type="River">D7</cards>
<action no="12" player="oreiasccp" type="4" sum="0"/>
<action no="13" player="gasgas" type="5" discard="1" dealt="1" sum="137"/>
<action no="14" player="oreiasccp" type="3" sum="137"/>
</round>
</game>
<game gamecode="11516907189"><general><startdate>2025-06-17 11:04:17</startdate>
<round>1</round>
<failsafecounter/>
<players><player seat="6" name="gasgas" chips="419" dealer="0" win="0" bet="65" muck="1" rebuy="0" addon="0" merge="0" rebuychips="0" reg_code="8385532586"/>
<player seat="3" name="oreiasccp" chips="1,081" dealer="1" win="130" bet="419" muck="1" rebuy="0" addon="0" merge="0" rebuychips="0" reg_code="8385532564"/>
</players>
</general>
<round no="0"><action no="1" player="oreiasccp" type="15" sum="5"/>
<action no="2" player="gasgas" type="15" discard="1" dealt="1" sum="5"/>
<action no="3" player="oreiasccp" type="1" sum="30"/>
<action no="4" player="gasgas" type="2" discard="1" dealt="1" sum="60"/>
</round>
<round no="1"><cards type="Pocket" player="gasgas">X X</cards>
<cards type="Pocket" player="oreiasccp">HQ D3</cards>
<action no="5" player="oreiasccp" type="23" sum="414"/>
<action no="6" player="gasgas" type="0" discard="1" dealt="1" sum="0"/>
</round>
</game>
<game gamecode="11516907238"><general><startdate>2025-06-17 11:04:29</startdate>
<round>1</round>
<failsafecounter/>
<players><player seat="3" name="oreiasccp" chips="1,146" dealer="0" win="0" bet="65" muck="1" rebuy="0" addon="0" merge="0" rebuychips="0" reg_code="8385532564"/>
<player seat="6" name="gasgas" chips="354" dealer="1" win="130" bet="354" muck="1" rebuy="0" addon="0" merge="0" rebuychips="0" reg_code="8385532586"/>
</players>
</general>
<round no="0"><action no="1" player="gasgas" type="15" discard="1" dealt="1" sum="5"/>
<action no="2" player="oreiasccp" type="15" sum="5"/>
<action no="3" player="gasgas" type="1" discard="1" dealt="1" sum="30"/>
<action no="4" player="oreiasccp" type="2" sum="60"/>
</round>
<round no="1"><cards type="Pocket" player="oreiasccp">D5 C10</cards>
<cards type="Pocket" player="gasgas">X X</cards>
<action no="5" player="gasgas" type="23" discard="1" dealt="1" sum="349"/>
<action no="6" player="oreiasccp" type="0" sum="0"/>
</round>
</game>
<game gamecode="11516907275"><general><startdate>2025-06-17 11:04:38</startdate>
<round>1</round>
<failsafecounter/>
<players><player seat="6" name="gasgas" chips="419" dealer="0" win="838" bet="419" muck="0" rebuy="0" addon="0" merge="0" rebuychips="0" reg_code="8385532586"/>
<player seat="3" name="oreiasccp" chips="1,081" dealer="1" win="0" bet="419" muck="0" rebuy="0" addon="0" merge="0" rebuychips="0" reg_code="8385532564"/>
</players>
</general>
<round no="0"><action no="1" player="oreiasccp" type="15" sum="5"/>
<action no="2" player="gasgas" type="15" discard="1" dealt="1" sum="5"/>
<action no="3" player="oreiasccp" type="1" sum="30"/>
<action no="4" player="gasgas" type="2" discard="1" dealt="1" sum="60"/>
</round>
<round no="1"><cards type="Pocket" player="oreiasccp">D7 SJ</cards>
<cards type="Pocket" player="gasgas">S10 SK</cards>
<action no="5" player="oreiasccp" type="23" sum="414"/>
<action no="6" player="gasgas" type="7" discard="1" dealt="1" sum="354"/>
</round>
<round no="2"><cards type="Flop">CK H3 S4</cards>
</round>
<round no="3"><cards type="Turn">S9</cards>
</round>
<round no="4"><cards type="River">S5</cards>
</round>
</game>
<game gamecode="11516907333"><general><startdate>2025-06-17 11:04:54</startdate>
<round>1</round>
<failsafecounter/>
<players><player seat="3" name="oreiasccp" chips="662" dealer="0" win="130" bet="185" muck="1" rebuy="0" addon="0" merge="0" rebuychips="0" reg_code="8385532564"/>
<player seat="6" name="gasgas" chips="838" dealer="1" win="0" bet="65" muck="1" rebuy="0" addon="0" merge="0" rebuychips="0" reg_code="8385532586"/>
</players>
</general>
<round no="0"><action no="1" player="gasgas" type="15" discard="1" dealt="1" sum="5"/>
<action no="2" player="oreiasccp" type="15" sum="5"/>
<action no="3" player="gasgas" type="1" discard="1" dealt="1" sum="30"/>
<action no="4" player="oreiasccp" type="2" sum="60"/>
</round>
<round no="1"><cards type="Pocket" player="oreiasccp">DJ S8</cards>
<cards type="Pocket" player="gasgas">X X</cards>
<action no="5" player="gasgas" type="3" discard="1" dealt="1" sum="30"/>
<action no="6" player="oreiasccp" type="23" sum="180"/>
<action no="7" player="gasgas" type="0" discard="1" dealt="1" sum="0"/>
</round>
</game>
<game gamecode="11516907375"><general><startdate>2025-06-17 11:05:05</startdate>
<round>1</round>
<failsafecounter/>
<players><player seat="6" name="gasgas" chips="773" dealer="0" win="0" bet="65" muck="1" rebuy="0" addon="0" merge="0" rebuychips="0" reg_code="8385532586"/>
<player seat="3" name="oreiasccp" chips="727" dealer="1" win="130" bet="125" muck="1" rebuy="0" addon="0" merge="0" rebuychips="0" reg_code="8385532564"/>
</players>
</general>
<round no="0"><action no="1" player="oreiasccp" type="15" sum="5"/>
<action no="2" player="gasgas" type="15" discard="1" dealt="1" sum="5"/>
<action no="3" player="oreiasccp" type="1" sum="30"/>
<action no="4" player="gasgas" type="2" discard="1" dealt="1" sum="60"/>
</round>
<round no="1"><cards type="Pocket" player="oreiasccp">H10 D10</cards>
<cards type="Pocket" player="gasgas">X X</cards>
<action no="5" player="oreiasccp" type="3" sum="30"/>
<action no="6" player="gasgas" type="4" discard="1" dealt="1" sum="0"/>
</round>
<round no="2"><cards type="Flop">SQ S8 CA</cards>
<action no="7" player="gasgas" type="4" discard="1" dealt="1" sum="0"/>
<action no="8" player="oreiasccp" type="5" sum="60"/>
<action no="9" player="gasgas" type="0" discard="1" dealt="1" sum="0"/>
</round>
</game>
<game gamecode="11516907427"><general><startdate>2025-06-17 11:05:21</startdate>
<round>1</round>
<failsafecounter/>
<players><player seat="3" name="oreiasccp" chips="792" dealer="0" win="0" bet="323" muck="1" rebuy="0" addon="0" merge="0" rebuychips="0" reg_code="8385532564"/>
<player seat="6" name="gasgas" chips="708" dealer="1" win="646" bet="708" muck="1" rebuy="0" addon="0" merge="0" rebuychips="0" reg_code="8385532586"/>
</players>
</general>
<round no="0"><action no="1" player="gasgas" type="15" discard="1" dealt="1" sum="5"/>
<action no="2" player="oreiasccp" type="15" sum="5"/>
<action no="3" player="gasgas" type="1" discard="1" dealt="1" sum="30"/>
<action no="4" player="oreiasccp" type="2" sum="60"/>
</round>
<round no="1"><cards type="Pocket" player="gasgas">X X</cards>
<cards type="Pocket" player="oreiasccp">S9 D10</cards>
<action no="5" player="gasgas" type="3" discard="1" dealt="1" sum="30"/>
<action no="6" player="oreiasccp" type="4" sum="0"/>
</round>
<round no="2"><cards type="Flop">D9 C6 CQ</cards>
<action no="7" player="oreiasccp" type="4" sum="0"/>
<action no="8" player="gasgas" type="5" discard="1" dealt="1" sum="130"/>
<action no="9" player="oreiasccp" type="3" sum="130"/>
</round>
<round no="3"><cards type="Turn">S7</cards>
<action no="10" player="oreiasccp" type="4" sum="0"/>
<action no="11" player="gasgas" type="5" discard="1" dealt="1" sum="128"/>
<action no="12" player="oreiasccp" type="3" sum="128"/>
</round>
<round no="4"><cards type="River">HK</cards>
<action no="13" player="oreiasccp" type="4" sum="0"/>
<action no="14" player="gasgas" type="5" discard="1" dealt="1" sum="385"/>
<action no="15" player="oreiasccp" type="0" sum="0"/>
</round>
</game>
<game gamecode="11516907536"><general><startdate>2025-06-17 11:05:55</startdate>
<round>1</round>
<failsafecounter/>
<players><player seat="6" name="gasgas" chips="1,031" dealer="0" win="0" bet="88" muck="1" rebuy="0" addon="0" merge="0" rebuychips="0" reg_code="8385532586"/>
<player seat="3" name="oreiasccp" chips="469" dealer="1" win="176" bet="469" muck="1" rebuy="0" addon="0" merge="0" rebuychips="0" reg_code="8385532564"/>
</players>
</general>
<round no="0"><action no="1" player="oreiasccp" type="15" sum="8"/>
<action no="2" player="gasgas" type="15" discard="1" dealt="1" sum="8"/>
<action no="3" player="oreiasccp" type="1" sum="40"/>
<action no="4" player="gasgas" type="2" discard="1" dealt="1" sum="80"/>
</round>
<round no="1"><cards type="Pocket" player="oreiasccp">DJ CA</cards>
<cards type="Pocket" player="gasgas">X X</cards>
<action no="5" player="oreiasccp" type="23" sum="461"/>
<action no="6" player="gasgas" type="0" discard="1" dealt="1" sum="0"/>
</round>
</game>
<game gamecode="11516907561"><general><startdate>2025-06-17 11:06:02</startdate>
<round>1</round>
<failsafecounter/>
<players><player seat="3" name="oreiasccp" chips="557" dealer="0" win="0" bet="88" muck="1" rebuy="0" addon="0" merge="0" rebuychips="0" reg_code="8385532564"/>
<player seat="6" name="gasgas" chips="943" dealer="1" win="176" bet="943" muck="1" rebuy="0" addon="0" merge="0" rebuychips="0" reg_code="8385532586"/>
</players>
</general>
<round no="0"><action no="1" player="gasgas" type="15" discard="1" dealt="1" sum="8"/>
<action no="2" player="oreiasccp" type="15" sum="8"/>
<action no="3" player="gasgas" type="1" discard="1" dealt="1" sum="40"/>
<action no="4" player="oreiasccp" type="2" sum="80"/>
</round>
<round no="1"><cards type="Pocket" player="oreiasccp">S8 H3</cards>
<cards type="Pocket" player="gasgas">X X</cards>
<action no="5" player="gasgas" type="23" discard="1" dealt="1" sum="935"/>
<action no="6" player="oreiasccp" type="0" sum="0"/>
</round>
</game>
<game gamecode="11516907584"><general><startdate>2025-06-17 11:06:09</startdate>
<round>1</round>
<failsafecounter/>
<players><player seat="6" name="gasgas" chips="1,031" dealer="0" win="0" bet="88" muck="1" rebuy="0" addon="0" merge="0" rebuychips="0" reg_code="8385532586"/>
<player seat="3" name="oreiasccp" chips="469" dealer="1" win="176" bet="469" muck="1" rebuy="0" addon="0" merge="0" rebuychips="0" reg_code="8385532564"/>
</players>
</general>
<round no="0"><action no="1" player="oreiasccp" type="15" sum="8"/>
<action no="2" player="gasgas" type="15" discard="1" dealt="1" sum="8"/>
<action no="3" player="oreiasccp" type="1" sum="40"/>
<action no="4" player="gasgas" type="2" discard="1" dealt="1" sum="80"/>
</round>
<round no="1"><cards type="Pocket" player="gasgas">X X</cards>
<cards type="Pocket" player="oreiasccp">SJ S5</cards>
<action no="5" player="oreiasccp" type="23" sum="461"/>
<action no="6" player="gasgas" type="0" discard="1" dealt="1" sum="0"/>
</round>
</game>
<game gamecode="11516907616"><general><startdate>2025-06-17 11:06:17</startdate>
<round>1</round>
<failsafecounter/>
<players><player seat="3" name="oreiasccp" chips="557" dealer="0" win="176" bet="557" muck="1" rebuy="0" addon="0" merge="0" rebuychips="0" reg_code="8385532564"/>
<player seat="6" name="gasgas" chips="943" dealer="1" win="0" bet="88" muck="1" rebuy="0" addon="0" merge="0" rebuychips="0" reg_code="8385532586"/>
</players>
</general>
<round no="0"><action no="1" player="gasgas" type="15" discard="1" dealt="1" sum="8"/>
<action no="2" player="oreiasccp" type="15" sum="8"/>
<action no="3" player="gasgas" type="1" discard="1" dealt="1" sum="40"/>
<action no="4" player="oreiasccp" type="2" sum="80"/>
</round>
<round no="1"><cards type="Pocket" player="gasgas">X X</cards>
<cards type="Pocket" player="oreiasccp">C4 SQ</cards>
<action no="5" player="gasgas" type="3" discard="1" dealt="1" sum="40"/>
<action no="6" player="oreiasccp" type="23" sum="549"/>
<action no="7" player="gasgas" type="0" discard="1" dealt="1" sum="0"/>
</round>
</game>
<game gamecode="11516907649"><general><startdate>2025-06-17 11:06:28</startdate>
<round>1</round>
<failsafecounter/>
<players><player seat="6" name="gasgas" chips="855" dealer="0" win="176" bet="248" muck="1" rebuy="0" addon="0" merge="0" rebuychips="0" reg_code="8385532586"/>
<player seat="3" name="oreiasccp" chips="645" dealer="1" win="0" bet="88" muck="1" rebuy="0" addon="0" merge="0" rebuychips="0" reg_code="8385532564"/>
</players>
</general>
<round no="0"><action no="1" player="oreiasccp" type="15" sum="8"/>
<action no="2" player="gasgas" type="15" discard="1" dealt="1" sum="8"/>
<action no="3" player="oreiasccp" type="1" sum="40"/>
<action no="4" player="gasgas" type="2" discard="1" dealt="1" sum="80"/>
</round>
<round no="1"><cards type="Pocket" player="gasgas">X X</cards>
<cards type="Pocket" player="oreiasccp">D3 D10</cards>
<action no="5" player="oreiasccp" type="3" sum="40"/>
<action no="6" player="gasgas" type="23" discard="1" dealt="1" sum="240"/>
<action no="7" player="oreiasccp" type="0" sum="0"/>
</round>
</game>
<game gamecode="11516907678"><general><startdate>2025-06-17 11:06:38</startdate>
<round>1</round>
<failsafecounter/>
<players><player seat="3" name="oreiasccp" chips="557" dealer="0" win="0" bet="557" muck="0" rebuy="0" addon="0" merge="0" rebuychips="0" reg_code="8385532564"/>
<player seat="6" name="gasgas" chips="943" dealer="1" win="1,114" bet="943" muck="0" rebuy="0" addon="0" merge="0" rebuychips="0" reg_code="8385532586"/>
</players>
</general>
<round no="0"><action no="1" player="gasgas" type="15" discard="1" dealt="1" sum="8"/>
<action no="2" player="oreiasccp" type="15" sum="8"/>
<action no="3" player="gasgas" type="1" discard="1" dealt="1" sum="40"/>
<action no="4" player="oreiasccp" type="2" sum="80"/>
</round>
<round no="1"><cards type="Pocket" player="oreiasccp">C10 D10</cards>
<cards type="Pocket" player="gasgas">CK H5</cards>
<action no="5" player="gasgas" type="23" discard="1" dealt="1" sum="935"/>
<action no="6" player="oreiasccp" type="7" sum="469"/>
</round>
<round no="2"><cards type="Flop">CQ SK S6</cards>
</round>
<round no="3"><cards type="Turn">D5</cards>
</round>
<round no="4"><cards type="River">H7</cards>
</round>
</game>
</session>
