<?xml version="1.0" encoding="UTF-8"?>
<session sessioncode="8385518187">
<general>
<client_version>24.7.1.16</client_version>
<mode>real</mode>
<gametype>Holdem NL</gametype>
<tablename>Twister €5 SNG, 1127666413</tablename>
<tournamentcode>1127666412</tournamentcode>
<tournamentname>Twister €5 SNG</tournamentname>
<buyin>€0 + €0.35 + €4.65</buyin>
<totalbuyin>€5</totalbuyin>
<rewarddrawn>€10</rewarddrawn>
<tournamentcurrency>EUR</tournamentcurrency>
<currency>EUR</currency>
<nickname>oreiasccp</nickname>
<gamecount>3</gamecount>
<startdate>2025-06-17 10:11:46</startdate>
<place>3</place>
<win>€0</win>
<tablesize>3</tablesize>
</general>
<game gamecode="11516863537"><general><startdate>2025-06-17 10:12:01</startdate>
<round>1</round>
<failsafecounter/>
<players><player seat="10" name="gasgas" chips="500" dealer="0" win="40" bet="40" muck="1" rebuy="0" addon="0" merge="0" rebuychips="0" reg_code="8385518203"/>
<player seat="3" name="oreiasccp" chips="500" dealer="1" win="0" bet="0" muck="1" rebuy="0" addon="0" merge="0" rebuychips="0" reg_code="8385518187"/>
<player seat="6" name="Vasilas007" chips="500" dealer="0" win="0" bet="20" muck="1" rebuy="0" addon="0" merge="0" rebuychips="0" reg_code="8385518189"/>
</players>
</general>
<round no="0"><action no="1" player="Vasilas007" type="1" discard="1" dealt="1" sum="10"/>
<action no="2" player="gasgas" type="2" discard="1" dealt="1" sum="20"/>
</round>
<round no="1"><cards type="Pocket" player="gasgas">X X</cards>
<cards type="Pocket" player="Vasilas007">X X</cards>
<cards type="Pocket" player="oreiasccp">D5 HQ</cards>
<action no="3" player="oreiasccp" type="0" sum="0"/>
<action no="4" player="Vasilas007" type="3" discard="1" dealt="1" sum="10"/>
<action no="5" player="gasgas" type="4" discard="1" dealt="1" sum="0"/>
</round>
<round no="2"><cards type="Flop">HK S5 D6</cards>
<action no="6" player="Vasilas007" type="4" discard="1" dealt="1" sum="0"/>
<action no="7" player="gasgas" type="5" discard="1" dealt="1" sum="20"/>
<action no="8" player="Vasilas007" type="0" discard="1" dealt="1" sum="0"/>
</round>
</game>
<game gamecode="11516863592"><general><startdate>2025-06-17 10:12:17</startdate>
<round>1</round>
<failsafecounter/>
<players><player seat="3" name="oreiasccp" chips="500" dealer="0" win="0" bet="480" muck="0" rebuy="0" addon="0" merge="0" rebuychips="0" reg_code="8385518187"/>
<player seat="6" name="Vasilas007" chips="480" dealer="1" win="980" bet="480" muck="0" rebuy="0" addon="0" merge="0" rebuychips="0" reg_code="8385518189"/>
<player seat="10" name="gasgas" chips="520" dealer="0" win="0" bet="20" muck="1" rebuy="0" addon="0" merge="0" rebuychips="0" reg_code="8385518203"/>
</players>
</general>
<round no="0"><action no="1" player="gasgas" type="1" discard="1" dealt="1" sum="10"/>
<action no="2" player="oreiasccp" type="2" sum="20"/>
</round>
<round no="1"><cards type="Pocket" player="gasgas">X X</cards>
<cards type="Pocket" player="Vasilas007">C5 H5</cards>
<cards type="Pocket" player="oreiasccp">D3 D9</cards>
<action no="3" player="Vasilas007" type="3" discard="1" dealt="1" sum="20"/>
<action no="4" player="gasgas" type="3" discard="1" dealt="1" sum="10"/>
<action no="5" player="oreiasccp" type="4" sum="0"/>
</round>
<round no="2"><cards type="Flop">C9 H6 HJ</cards>
<action no="6" player="gasgas" type="4" discard="1" dealt="1" sum="0"/>
<action no="7" player="oreiasccp" type="4" sum="0"/>
<action no="8" player="Vasilas007" type="4" discard="1" dealt="1" sum="0"/>
</round>
<round no="3"><cards type="Turn">D5</cards>
<action no="9" player="gasgas" type="4" discard="1" dealt="1" sum="0"/>
<action no="10" player="oreiasccp" type="4" sum="0"/>
<action no="11" player="Vasilas007" type="5" discard="1" dealt="1" sum="30"/>
<action no="12" player="gasgas" type="0" discard="1" dealt="1" sum="0"/>
<action no="13" player="oreiasccp" type="3" sum="30"/>
</round>
<round no="4"><cards type="River">S9</cards>
<action no="14" player="oreiasccp" type="4" sum="0"/>
<action no="15" player="Vasilas007" type="5" discard="1" dealt="1" sum="120"/>
<action no="16" player="oreiasccp" type="23" sum="430"/>
<action no="17" player="Vasilas007" type="7" discard="1" dealt="1" sum="310"/>
</round>
</game>
<game gamecode="11516863723"><general><startdate>2025-06-17 10:12:53</startdate>
<round>1</round>
<failsafecounter/>
<players><player seat="6" name="Vasilas007" chips="980" dealer="0" win="40" bet="20" muck="0" rebuy="0" addon="0" merge="0" rebuychips="0" reg_code="8385518189"/>
<player seat="10" name="gasgas" chips="500" dealer="1" win="0" bet="0" muck="1" rebuy="0" addon="0" merge="0" rebuychips="0" reg_code="8385518203"/>
<player seat="3" name="oreiasccp" chips="20" dealer="0" win="0" bet="20" muck="0" rebuy="0" addon="0" merge="0" rebuychips="0" reg_code="8385518187"/>
</players>
</general>
<round no="0"><action no="1" player="oreiasccp" type="1" sum="10"/>
<action no="2" player="Vasilas007" type="2" discard="1" dealt="1" sum="20"/>
</round>
<round no="1"><cards type="Pocket" player="oreiasccp">DQ HK</cards>
<cards type="Pocket" player="Vasilas007">SJ HJ</cards>
<cards type="Pocket" player="gasgas">X X</cards>
<action no="3" player="gasgas" type="0" discard="1" dealt="1" sum="0"/>
<action no="4" player="oreiasccp" type="7" sum="10"/>
</round>
<round no="2"><cards type="Flop">D5 HA S2</cards>
</round>
<round no="3"><cards type="Turn">H5</cards>
</round>
<round no="4"><cards type="River">D2</cards>
</round>
</game>
</session>
