<?xml version="1.0" encoding="UTF-8"?>
<session sessioncode="8385472378">
<general>
<client_version>24.7.1.16</client_version>
<mode>real</mode>
<gametype>Holdem NL</gametype>
<tablename>Twister €5 SNG, 1127657235</tablename>
<tournamentcode>1127657234</tournamentcode>
<tournamentname>Twister €5 SNG</tournamentname>
<buyin>€0 + €0.35 + €4.65</buyin>
<totalbuyin>€5</totalbuyin>
<rewarddrawn>€15</rewarddrawn>
<tournamentcurrency>EUR</tournamentcurrency>
<currency>EUR</currency>
<nickname>oreiasccp</nickname>
<gamecount>8</gamecount>
<startdate>2025-06-17 05:57:53</startdate>
<place>3</place>
<win>€0</win>
<tablesize>3</tablesize>
</general>
<game gamecode="11516713864"><general><startdate>2025-06-17 05:58:08</startdate>
<round>1</round>
<failsafecounter/>
<players><player seat="6" name="HUDROSLIDE21" chips="500" dealer="0" win="0" bet="20" muck="1" rebuy="0" addon="0" merge="0" rebuychips="0" reg_code="8385472416"/>
<player seat="10" name="PapaOurs85" chips="500" dealer="1" win="0" bet="20" muck="1" rebuy="0" addon="0" merge="0" rebuychips="0" reg_code="8385472427"/>
<player seat="3" name="oreiasccp" chips="500" dealer="0" win="60" bet="500" muck="1" rebuy="0" addon="0" merge="0" rebuychips="0" reg_code="8385472378"/>
</players>
</general>
<round no="0"><action no="1" player="oreiasccp" type="1" sum="10"/>
<action no="2" player="HUDROSLIDE21" type="2" discard="1" dealt="1" sum="20"/>
</round>
<round no="1"><cards type="Pocket" player="HUDROSLIDE21">X X</cards>
<cards type="Pocket" player="oreiasccp">C7 HA</cards>
<cards type="Pocket" player="PapaOurs85">X X</cards>
<action no="3" player="PapaOurs85" type="3" discard="1" dealt="1" sum="20"/>
<action no="4" player="oreiasccp" type="23" sum="500"/>
<action no="5" player="HUDROSLIDE21" type="0" discard="1" dealt="1" sum="0"/>
<action no="6" player="PapaOurs85" type="0" discard="1" dealt="1" sum="0"/>
</round>
</game>
<game gamecode="11516713893"><general><startdate>2025-06-17 05:58:20</startdate>
<round>1</round>
<failsafecounter/>
<players><player seat="10" name="PapaOurs85" chips="480" dealer="0" win="20" bet="20" muck="1" rebuy="0" addon="0" merge="0" rebuychips="0" reg_code="8385472427"/>
<player seat="3" name="oreiasccp" chips="540" dealer="1" win="0" bet="0" muck="1" rebuy="0" addon="0" merge="0" rebuychips="0" reg_code="8385472378"/>
<player seat="6" name="HUDROSLIDE21" chips="480" dealer="0" win="0" bet="10" muck="1" rebuy="0" addon="0" merge="0" rebuychips="0" reg_code="8385472416"/>
</players>
</general>
<round no="0"><action no="1" player="HUDROSLIDE21" type="1" discard="1" dealt="1" sum="10"/>
<action no="2" player="PapaOurs85" type="2" discard="1" dealt="1" sum="20"/>
</round>
<round no="1"><cards type="Pocket" player="HUDROSLIDE21">X X</cards>
<cards type="Pocket" player="oreiasccp">SQ H3</cards>
<cards type="Pocket" player="PapaOurs85">X X</cards>
<action no="3" player="oreiasccp" type="0" sum="0"/>
<action no="4" player="HUDROSLIDE21" type="0" discard="1" dealt="1" sum="0"/>
</round>
</game>
<game gamecode="11516713913"><general><startdate>2025-06-17 05:58:29</startdate>
<round>1</round>
<failsafecounter/>
<players><player seat="3" name="oreiasccp" chips="540" dealer="0" win="80" bet="40" muck="0" rebuy="0" addon="0" merge="0" rebuychips="0" reg_code="8385472378"/>
<player seat="6" name="HUDROSLIDE21" chips="470" dealer="1" win="0" bet="0" muck="1" rebuy="0" addon="0" merge="0" rebuychips="0" reg_code="8385472416"/>
<player seat="10" name="PapaOurs85" chips="490" dealer="0" win="0" bet="40" muck="1" rebuy="0" addon="0" merge="0" rebuychips="0" reg_code="8385472427"/>
</players>
</general>
<round no="0"><action no="1" player="PapaOurs85" type="1" discard="1" dealt="1" sum="10"/>
<action no="2" player="oreiasccp" type="2" sum="20"/>
</round>
<round no="1"><cards type="Pocket" player="oreiasccp">D6 D10</cards>
<cards type="Pocket" player="PapaOurs85">CA D4</cards>
<cards type="Pocket" player="HUDROSLIDE21">X X</cards>
<action no="3" player="HUDROSLIDE21" type="0" discard="1" dealt="1" sum="0"/>
<action no="4" player="PapaOurs85" type="3" discard="1" dealt="1" sum="10"/>
<action no="5" player="oreiasccp" type="4" sum="0"/>
</round>
<round no="2"><cards type="Flop">C8 HJ C7</cards>
<action no="6" player="PapaOurs85" type="4" discard="1" dealt="1" sum="0"/>
<action no="7" player="oreiasccp" type="4" sum="0"/>
</round>
<round no="3"><cards type="Turn">SJ</cards>
<action no="8" player="PapaOurs85" type="4" discard="1" dealt="1" sum="0"/>
<action no="9" player="oreiasccp" type="4" sum="0"/>
</round>
<round no="4"><cards type="River">H10</cards>
<action no="10" player="PapaOurs85" type="4" discard="1" dealt="1" sum="0"/>
<action no="11" player="oreiasccp" type="5" sum="20"/>
<action no="12" player="PapaOurs85" type="3" discard="1" dealt="1" sum="20"/>
</round>
</game>
<game gamecode="11516713986"><general><startdate>2025-06-17 05:59:07</startdate>
<round>1</round>
<failsafecounter/>
<players><player seat="6" name="HUDROSLIDE21" chips="470" dealer="0" win="0" bet="20" muck="1" rebuy="0" addon="0" merge="0" rebuychips="0" reg_code="8385472416"/>
<player seat="10" name="PapaOurs85" chips="450" dealer="1" win="920" bet="450" muck="0" rebuy="0" addon="0" merge="0" rebuychips="0" reg_code="8385472427"/>
<player seat="3" name="oreiasccp" chips="580" dealer="0" win="0" bet="580" muck="1" rebuy="0" addon="0" merge="0" rebuychips="0" reg_code="8385472378"/>
</players>
</general>
<round no="0"><action no="1" player="oreiasccp" type="1" sum="10"/>
<action no="2" player="HUDROSLIDE21" type="2" discard="1" dealt="1" sum="20"/>
</round>
<round no="1"><cards type="Pocket" player="HUDROSLIDE21">X X</cards>
<cards type="Pocket" player="PapaOurs85">S4 H4</cards>
<cards type="Pocket" player="oreiasccp">D8 SA</cards>
<action no="3" player="PapaOurs85" type="3" discard="1" dealt="1" sum="20"/>
<action no="4" player="oreiasccp" type="23" sum="580"/>
<action no="5" player="HUDROSLIDE21" type="0" discard="1" dealt="1" sum="0"/>
<action no="6" player="PapaOurs85" type="7" discard="1" dealt="1" sum="430"/>
</round>
<round no="2"><cards type="Flop">C4 H10 H2</cards>
</round>
<round no="3"><cards type="Turn">S2</cards>
</round>
<round no="4"><cards type="River">C3</cards>
</round>
</game>
<game gamecode="11516714039"><general><startdate>2025-06-17 05:59:30</startdate>
<round>1</round>
<failsafecounter/>
<players><player seat="10" name="PapaOurs85" chips="920" dealer="0" win="160" bet="80" muck="0" rebuy="0" addon="0" merge="0" rebuychips="0" reg_code="8385472427"/>
<player seat="3" name="oreiasccp" chips="130" dealer="1" win="0" bet="0" muck="1" rebuy="0" addon="0" merge="0" rebuychips="0" reg_code="8385472378"/>
<player seat="6" name="HUDROSLIDE21" chips="450" dealer="0" win="0" bet="80" muck="0" rebuy="0" addon="0" merge="0" rebuychips="0" reg_code="8385472416"/>
</players>
</general>
<round no="0"><action no="1" player="HUDROSLIDE21" type="1" discard="1" dealt="1" sum="10"/>
<action no="2" player="PapaOurs85" type="2" discard="1" dealt="1" sum="20"/>
</round>
<round no="1"><cards type="Pocket" player="PapaOurs85">H9 C3</cards>
<cards type="Pocket" player="HUDROSLIDE21">D10 H7</cards>
<cards type="Pocket" player="oreiasccp">H2 C10</cards>
<action no="3" player="oreiasccp" type="0" sum="0"/>
<action no="4" player="HUDROSLIDE21" type="3" discard="1" dealt="1" sum="10"/>
<action no="5" player="PapaOurs85" type="4" discard="1" dealt="1" sum="0"/>
</round>
<round no="2"><cards type="Flop">C9 S4 D7</cards>
<action no="6" player="HUDROSLIDE21" type="5" discard="1" dealt="1" sum="20"/>
<action no="7" player="PapaOurs85" type="3" discard="1" dealt="1" sum="20"/>
</round>
<round no="3"><cards type="Turn">HJ</cards>
<action no="8" player="HUDROSLIDE21" type="5" discard="1" dealt="1" sum="20"/>
<action no="9" player="PapaOurs85" type="3" discard="1" dealt="1" sum="20"/>
</round>
<round no="4"><cards type="River">H6</cards>
<action no="10" player="HUDROSLIDE21" type="5" discard="1" dealt="1" sum="20"/>
<action no="11" player="PapaOurs85" type="3" discard="1" dealt="1" sum="20"/>
</round>
</game>
<game gamecode="11516717311"><general><startdate>2025-06-17 05:59:50</startdate>
<round>1</round>
<failsafecounter/>
<players><player seat="3" name="oreiasccp" chips="130" dealer="0" win="0" bet="60" muck="1" rebuy="0" addon="0" merge="0" rebuychips="0" reg_code="8385472378"/>
<player seat="6" name="HUDROSLIDE21" chips="370" dealer="1" win="0" bet="0" muck="1" rebuy="0" addon="0" merge="0" rebuychips="0" reg_code="8385472416"/>
<player seat="10" name="PapaOurs85" chips="1,000" dealer="0" win="120" bet="180" muck="1" rebuy="0" addon="0" merge="0" rebuychips="0" reg_code="8385472427"/>
</players>
</general>
<round no="0"><action no="1" player="PapaOurs85" type="1" discard="1" dealt="1" sum="10"/>
<action no="2" player="oreiasccp" type="2" sum="20"/>
</round>
<round no="1"><cards type="Pocket" player="oreiasccp">C3 H7</cards>
<cards type="Pocket" player="HUDROSLIDE21">X X</cards>
<cards type="Pocket" player="PapaOurs85">X X</cards>
<action no="3" player="HUDROSLIDE21" type="0" discard="1" dealt="1" sum="0"/>
<action no="4" player="PapaOurs85" type="3" discard="1" dealt="1" sum="10"/>
<action no="5" player="oreiasccp" type="4" sum="0"/>
</round>
<round no="2"><cards type="Flop">H3 C8 CQ</cards>
<action no="6" player="PapaOurs85" type="4" discard="1" dealt="1" sum="0"/>
<action no="7" player="oreiasccp" type="4" sum="0"/>
</round>
<round no="3"><cards type="Turn">H2</cards>
<action no="8" player="PapaOurs85" type="5" discard="1" dealt="1" sum="40"/>
<action no="9" player="oreiasccp" type="3" sum="40"/>
</round>
<round no="4"><cards type="River">C6</cards>
<action no="10" player="PapaOurs85" type="5" discard="1" dealt="1" sum="120"/>
<action no="11" player="oreiasccp" type="0" sum="0"/>
</round>
</game>
<game gamecode="11516717376"><general><startdate>2025-06-17 06:00:19</startdate>
<round>1</round>
<failsafecounter/>
<players><player seat="6" name="HUDROSLIDE21" chips="370" dealer="0" win="0" bet="35" muck="1" rebuy="0" addon="0" merge="0" rebuychips="0" reg_code="8385472416"/>
<player seat="10" name="PapaOurs85" chips="1,060" dealer="1" win="90" bet="35" muck="0" rebuy="0" addon="0" merge="0" rebuychips="0" reg_code="8385472427"/>
<player seat="3" name="oreiasccp" chips="70" dealer="0" win="0" bet="20" muck="1" rebuy="0" addon="0" merge="0" rebuychips="0" reg_code="8385472378"/>
</players>
</general>
<round no="0"><action no="1" player="oreiasccp" type="15" sum="5"/>
<action no="2" player="HUDROSLIDE21" type="15" discard="1" dealt="1" sum="5"/>
<action no="3" player="PapaOurs85" type="15" discard="1" dealt="1" sum="5"/>
<action no="4" player="oreiasccp" type="1" sum="15"/>
<action no="5" player="HUDROSLIDE21" type="2" discard="1" dealt="1" sum="30"/>
</round>
<round no="1"><cards type="Pocket" player="oreiasccp">SQ C9</cards>
<cards type="Pocket" player="PapaOurs85">H6 S6</cards>
<cards type="Pocket" player="HUDROSLIDE21">C3 DK</cards>
<action no="6" player="PapaOurs85" type="3" discard="1" dealt="1" sum="30"/>
<action no="7" player="oreiasccp" type="0" sum="0"/>
<action no="8" player="HUDROSLIDE21" type="4" discard="1" dealt="1" sum="0"/>
</round>
<round no="2"><cards type="Flop">S3 H2 CQ</cards>
<action no="9" player="HUDROSLIDE21" type="4" discard="1" dealt="1" sum="0"/>
<action no="10" player="PapaOurs85" type="4" discard="1" dealt="1" sum="0"/>
</round>
<round no="3"><cards type="Turn">DJ</cards>
<action no="11" player="HUDROSLIDE21" type="4" discard="1" dealt="1" sum="0"/>
<action no="12" player="PapaOurs85" type="4" discard="1" dealt="1" sum="0"/>
</round>
<round no="4"><cards type="River">D8</cards>
<action no="13" player="HUDROSLIDE21" type="4" discard="1" dealt="1" sum="0"/>
<action no="14" player="PapaOurs85" type="4" discard="1" dealt="1" sum="0"/>
</round>
</game>
<game gamecode="11516717448"><general><startdate>2025-06-17 06:00:49</startdate>
<round>1</round>
<failsafecounter/>
<players><player seat="10" name="PapaOurs85" chips="1,115" dealer="0" win="0" bet="335" muck="1" rebuy="0" addon="0" merge="0" rebuychips="0" reg_code="8385472427"/>
<player seat="3" name="oreiasccp" chips="50" dealer="1" win="0" bet="50" muck="0" rebuy="0" addon="0" merge="0" rebuychips="0" reg_code="8385472378"/>
<player seat="6" name="HUDROSLIDE21" chips="335" dealer="0" win="720" bet="335" muck="0" rebuy="0" addon="0" merge="0" rebuychips="0" reg_code="8385472416"/>
</players>
</general>
<round no="0"><action no="1" player="HUDROSLIDE21" type="15" discard="1" dealt="1" sum="5"/>
<action no="2" player="PapaOurs85" type="15" discard="1" dealt="1" sum="5"/>
<action no="3" player="oreiasccp" type="15" sum="5"/>
<action no="4" player="HUDROSLIDE21" type="1" discard="1" dealt="1" sum="15"/>
<action no="5" player="PapaOurs85" type="2" discard="1" dealt="1" sum="30"/>
</round>
<round no="1"><cards type="Pocket" player="PapaOurs85">S4 S2</cards>
<cards type="Pocket" player="oreiasccp">CJ SA</cards>
<cards type="Pocket" player="HUDROSLIDE21">D8 S10</cards>
<action no="6" player="oreiasccp" type="7" sum="45"/>
<action no="7" player="HUDROSLIDE21" type="3" discard="1" dealt="1" sum="30"/>
<action no="8" player="PapaOurs85" type="3" discard="1" dealt="1" sum="15"/>
</round>
<round no="2"><cards type="Flop">C8 C6 H4</cards>
<action no="9" player="HUDROSLIDE21" type="5" discard="1" dealt="1" sum="150"/>
<action no="10" player="PapaOurs85" type="3" discard="1" dealt="1" sum="150"/>
</round>
<round no="3"><cards type="Turn">H6</cards>
<action no="11" player="HUDROSLIDE21" type="5" discard="1" dealt="1" sum="135"/>
<action no="12" player="PapaOurs85" type="3" discard="1" dealt="1" sum="135"/>
</round>
<round no="4"><cards type="River">CK</cards>
</round>
</game>
</session>
