<?xml version="1.0" encoding="UTF-8"?>
<session sessioncode="8385472311">
<general>
<client_version>24.7.1.16</client_version>
<mode>real</mode>
<gametype>Holdem NL</gametype>
<tablename>Twister €5 SNG, 1127657217</tablename>
<tournamentcode>1127657216</tournamentcode>
<tournamentname>Twister €5 SNG</tournamentname>
<buyin>€0 + €0.35 + €4.65</buyin>
<totalbuyin>€5</totalbuyin>
<rewarddrawn>€15</rewarddrawn>
<tournamentcurrency>EUR</tournamentcurrency>
<currency>EUR</currency>
<nickname>oreiasccp</nickname>
<gamecount>6</gamecount>
<startdate>2025-06-17 05:57:03</startdate>
<place>1</place>
<win>€15</win>
<tablesize>3</tablesize>
</general>
<game gamecode="11516713768"><general><startdate>2025-06-17 05:57:18</startdate>
<round>1</round>
<failsafecounter/>
<players><player seat="3" name="oreiasccp" chips="500" dealer="0" win="1,010" bet="500" muck="0" rebuy="0" addon="0" merge="0" rebuychips="0" reg_code="8385472311"/>
<player seat="6" name="HUDROSLIDE21" chips="500" dealer="1" win="0" bet="500" muck="1" rebuy="0" addon="0" merge="0" rebuychips="0" reg_code="8385472322"/>
<player seat="10" name="ARRWST0S7" chips="500" dealer="0" win="0" bet="10" muck="1" rebuy="0" addon="0" merge="0" rebuychips="0" reg_code="8385472325"/>
</players>
</general>
<round no="0"><action no="1" player="ARRWST0S7" type="1" discard="1" dealt="1" sum="10"/>
<action no="2" player="oreiasccp" type="2" sum="20"/>
</round>
<round no="1"><cards type="Pocket" player="HUDROSLIDE21">H10 D10</cards>
<cards type="Pocket" player="oreiasccp">S9 C9</cards>
<cards type="Pocket" player="ARRWST0S7">X X</cards>
<action no="3" player="HUDROSLIDE21" type="23" discard="1" dealt="1" sum="40"/>
<action no="4" player="ARRWST0S7" type="0" discard="1" dealt="1" sum="0"/>
<action no="5" player="oreiasccp" type="23" sum="500"/>
<action no="6" player="HUDROSLIDE21" type="7" discard="1" dealt="1" sum="460"/>
</round>
<round no="2"><cards type="Flop">D9 D4 H2</cards>
</round>
<round no="3"><cards type="Turn">CK</cards>
</round>
<round no="4"><cards type="River">HA</cards>
</round>
</game>
<game gamecode="11516713814"><general><startdate>2025-06-17 05:57:42</startdate>
<round>1</round>
<failsafecounter/>
<players><player seat="3" name="oreiasccp" chips="1,010" dealer="0" win="0" bet="40" muck="1" rebuy="0" addon="0" merge="0" rebuychips="0" reg_code="8385472311"/>
<player seat="10" name="ARRWST0S7" chips="490" dealer="1" win="80" bet="96" muck="1" rebuy="0" addon="0" merge="0" rebuychips="0" reg_code="8385472325"/>
</players>
</general>
<round no="0"><action no="1" player="ARRWST0S7" type="1" discard="1" dealt="1" sum="10"/>
<action no="2" player="oreiasccp" type="2" sum="20"/>
</round>
<round no="1"><cards type="Pocket" player="ARRWST0S7">X X</cards>
<cards type="Pocket" player="oreiasccp">H9 H7</cards>
<action no="3" player="ARRWST0S7" type="23" discard="1" dealt="1" sum="40"/>
<action no="4" player="oreiasccp" type="3" sum="20"/>
</round>
<round no="2"><cards type="Flop">CA C6 C3</cards>
<action no="5" player="oreiasccp" type="4" sum="0"/>
<action no="6" player="ARRWST0S7" type="5" discard="1" dealt="1" sum="56"/>
<action no="7" player="oreiasccp" type="0" sum="0"/>
</round>
</game>
<game gamecode="11516713842"><general><startdate>2025-06-17 05:57:55</startdate>
<round>1</round>
<failsafecounter/>
<players><player seat="10" name="ARRWST0S7" chips="530" dealer="0" win="40" bet="80" muck="1" rebuy="0" addon="0" merge="0" rebuychips="0" reg_code="8385472325"/>
<player seat="3" name="oreiasccp" chips="970" dealer="1" win="0" bet="20" muck="1" rebuy="0" addon="0" merge="0" rebuychips="0" reg_code="8385472311"/>
</players>
</general>
<round no="0"><action no="1" player="oreiasccp" type="1" sum="10"/>
<action no="2" player="ARRWST0S7" type="2" discard="1" dealt="1" sum="20"/>
</round>
<round no="1"><cards type="Pocket" player="oreiasccp">H9 H3</cards>
<cards type="Pocket" player="ARRWST0S7">X X</cards>
<action no="3" player="oreiasccp" type="3" sum="10"/>
<action no="4" player="ARRWST0S7" type="23" discard="1" dealt="1" sum="80"/>
<action no="5" player="oreiasccp" type="0" sum="0"/>
</round>
</game>
<game gamecode="11516713861"><general><startdate>2025-06-17 05:58:04</startdate>
<round>1</round>
<failsafecounter/>
<players><player seat="3" name="oreiasccp" chips="950" dealer="0" win="80" bet="950" muck="1" rebuy="0" addon="0" merge="0" rebuychips="0" reg_code="8385472311"/>
<player seat="10" name="ARRWST0S7" chips="550" dealer="1" win="0" bet="40" muck="1" rebuy="0" addon="0" merge="0" rebuychips="0" reg_code="8385472325"/>
</players>
</general>
<round no="0"><action no="1" player="ARRWST0S7" type="1" discard="1" dealt="1" sum="10"/>
<action no="2" player="oreiasccp" type="2" sum="20"/>
</round>
<round no="1"><cards type="Pocket" player="oreiasccp">HA S10</cards>
<cards type="Pocket" player="ARRWST0S7">X X</cards>
<action no="3" player="ARRWST0S7" type="23" discard="1" dealt="1" sum="40"/>
<action no="4" player="oreiasccp" type="23" sum="950"/>
<action no="5" player="ARRWST0S7" type="0" discard="1" dealt="1" sum="0"/>
</round>
</game>
<game gamecode="11516713886"><general><startdate>2025-06-17 05:58:16</startdate>
<round>1</round>
<failsafecounter/>
<players><player seat="10" name="ARRWST0S7" chips="510" dealer="0" win="0" bet="20" muck="1" rebuy="0" addon="0" merge="0" rebuychips="0" reg_code="8385472325"/>
<player seat="3" name="oreiasccp" chips="990" dealer="1" win="40" bet="40" muck="1" rebuy="0" addon="0" merge="0" rebuychips="0" reg_code="8385472311"/>
</players>
</general>
<round no="0"><action no="1" player="oreiasccp" type="1" sum="10"/>
<action no="2" player="ARRWST0S7" type="2" discard="1" dealt="1" sum="20"/>
</round>
<round no="1"><cards type="Pocket" player="ARRWST0S7">X X</cards>
<cards type="Pocket" player="oreiasccp">D5 HJ</cards>
<action no="3" player="oreiasccp" type="3" sum="10"/>
<action no="4" player="ARRWST0S7" type="4" discard="1" dealt="1" sum="0"/>
</round>
<round no="2"><cards type="Flop">H9 D4 SA</cards>
<action no="5" player="ARRWST0S7" type="4" discard="1" dealt="1" sum="0"/>
<action no="6" player="oreiasccp" type="5" sum="20"/>
<action no="7" player="ARRWST0S7" type="0" discard="1" dealt="1" sum="0"/>
</round>
</game>
<game gamecode="11516713951"><general><startdate>2025-06-17 05:58:48</startdate>
<round>1</round>
<failsafecounter/>
<players><player seat="3" name="oreiasccp" chips="1,010" dealer="0" win="980" bet="1,010" muck="0" rebuy="0" addon="0" merge="0" rebuychips="0" reg_code="8385472311"/>
<player seat="10" name="ARRWST0S7" chips="490" dealer="1" win="0" bet="490" muck="1" rebuy="0" addon="0" merge="0" rebuychips="0" reg_code="8385472325"/>
</players>
</general>
<round no="0"><action no="1" player="ARRWST0S7" type="1" discard="1" dealt="1" sum="10"/>
<action no="2" player="oreiasccp" type="2" sum="20"/>
</round>
<round no="1"><cards type="Pocket" player="oreiasccp">CA DJ</cards>
<cards type="Pocket" player="ARRWST0S7">DK HQ</cards>
<action no="3" player="ARRWST0S7" type="23" discard="1" dealt="1" sum="40"/>
<action no="4" player="oreiasccp" type="23" sum="1,010"/>
<action no="5" player="ARRWST0S7" type="7" discard="1" dealt="1" sum="450"/>
</round>
<round no="2"><cards type="Flop">SA H10 SK</cards>
</round>
<round no="3"><cards type="Turn">D6</cards>
</round>
<round no="4"><cards type="River">C4</cards>
</round>
</game>
</session>
