<?xml version="1.0" encoding="UTF-8"?>
<session sessioncode="8385507217">
<general>
<client_version>24.7.1.16</client_version>
<mode>real</mode>
<gametype>Holdem NL</gametype>
<tablename>Twister €5 SNG, 1127664387</tablename>
<tournamentcode>1127664386</tournamentcode>
<tournamentname>Twister €5 SNG</tournamentname>
<buyin>€0 + €0.35 + €4.65</buyin>
<totalbuyin>€5</totalbuyin>
<rewarddrawn>€15</rewarddrawn>
<tournamentcurrency>EUR</tournamentcurrency>
<currency>EUR</currency>
<nickname>oreiasccp</nickname>
<gamecount>14</gamecount>
<startdate>2025-06-17 09:24:13</startdate>
<place>3</place>
<win>€0</win>
<tablesize>3</tablesize>
</general>
<game gamecode="11516826279"><general><startdate>2025-06-17 09:24:28</startdate>
<round>1</round>
<failsafecounter/>
<players><player seat="3" name="oreiasccp" chips="500" dealer="0" win="20" bet="20" muck="1" rebuy="0" addon="0" merge="0" rebuychips="0" reg_code="8385507217"/>
<player seat="6" name="Alchemik13" chips="500" dealer="1" win="0" bet="0" muck="1" rebuy="0" addon="0" merge="0" rebuychips="0" reg_code="8385507241"/>
<player seat="10" name="gasgas" chips="500" dealer="0" win="0" bet="10" muck="1" rebuy="0" addon="0" merge="0" rebuychips="0" reg_code="8385507337"/>
</players>
</general>
<round no="0"><action no="1" player="gasgas" type="1" discard="1" dealt="1" sum="10"/>
<action no="2" player="oreiasccp" type="2" sum="20"/>
</round>
<round no="1"><cards type="Pocket" player="Alchemik13">X X</cards>
<cards type="Pocket" player="gasgas">X X</cards>
<cards type="Pocket" player="oreiasccp">H9 S2</cards>
<action no="3" player="Alchemik13" type="0" discard="1" dealt="1" sum="0"/>
<action no="4" player="gasgas" type="0" discard="1" dealt="1" sum="0"/>
</round>
</game>
<game gamecode="11516826313"><general><startdate>2025-06-17 09:24:37</startdate>
<round>1</round>
<failsafecounter/>
<players><player seat="6" name="Alchemik13" chips="500" dealer="0" win="80" bet="500" muck="1" rebuy="0" addon="0" merge="0" rebuychips="0" reg_code="8385507241"/>
<player seat="10" name="gasgas" chips="490" dealer="1" win="0" bet="0" muck="1" rebuy="0" addon="0" merge="0" rebuychips="0" reg_code="8385507337"/>
<player seat="3" name="oreiasccp" chips="510" dealer="0" win="0" bet="40" muck="1" rebuy="0" addon="0" merge="0" rebuychips="0" reg_code="8385507217"/>
</players>
</general>
<round no="0"><action no="1" player="oreiasccp" type="1" sum="10"/>
<action no="2" player="Alchemik13" type="2" discard="1" dealt="1" sum="20"/>
</round>
<round no="1"><cards type="Pocket" player="Alchemik13">X X</cards>
<cards type="Pocket" player="gasgas">X X</cards>
<cards type="Pocket" player="oreiasccp">S5 SK</cards>
<action no="3" player="gasgas" type="0" discard="1" dealt="1" sum="0"/>
<action no="4" player="oreiasccp" type="23" sum="40"/>
<action no="5" player="Alchemik13" type="23" discard="1" dealt="1" sum="500"/>
<action no="6" player="oreiasccp" type="0" sum="0"/>
</round>
</game>
<game gamecode="11516826364"><general><startdate>2025-06-17 09:24:57</startdate>
<round>1</round>
<failsafecounter/>
<players><player seat="10" name="gasgas" chips="490" dealer="0" win="20" bet="20" muck="1" rebuy="0" addon="0" merge="0" rebuychips="0" reg_code="8385507337"/>
<player seat="3" name="oreiasccp" chips="470" dealer="1" win="0" bet="0" muck="1" rebuy="0" addon="0" merge="0" rebuychips="0" reg_code="8385507217"/>
<player seat="6" name="Alchemik13" chips="540" dealer="0" win="0" bet="10" muck="1" rebuy="0" addon="0" merge="0" rebuychips="0" reg_code="8385507241"/>
</players>
</general>
<round no="0"><action no="1" player="Alchemik13" type="1" discard="1" dealt="1" sum="10"/>
<action no="2" player="gasgas" type="2" discard="1" dealt="1" sum="20"/>
</round>
<round no="1"><cards type="Pocket" player="gasgas">X X</cards>
<cards type="Pocket" player="oreiasccp">H6 S8</cards>
<cards type="Pocket" player="Alchemik13">X X</cards>
<action no="3" player="oreiasccp" type="0" sum="0"/>
<action no="4" player="Alchemik13" type="0" discard="1" dealt="1" sum="0"/>
</round>
</game>
<game gamecode="11516826386"><general><startdate>2025-06-17 09:25:05</startdate>
<round>1</round>
<failsafecounter/>
<players><player seat="3" name="oreiasccp" chips="470" dealer="0" win="0" bet="20" muck="1" rebuy="0" addon="0" merge="0" rebuychips="0" reg_code="8385507217"/>
<player seat="6" name="Alchemik13" chips="530" dealer="1" win="50" bet="40" muck="1" rebuy="0" addon="0" merge="0" rebuychips="0" reg_code="8385507241"/>
<player seat="10" name="gasgas" chips="500" dealer="0" win="0" bet="10" muck="1" rebuy="0" addon="0" merge="0" rebuychips="0" reg_code="8385507337"/>
</players>
</general>
<round no="0"><action no="1" player="gasgas" type="1" discard="1" dealt="1" sum="10"/>
<action no="2" player="oreiasccp" type="2" sum="20"/>
</round>
<round no="1"><cards type="Pocket" player="oreiasccp">C9 H2</cards>
<cards type="Pocket" player="gasgas">X X</cards>
<cards type="Pocket" player="Alchemik13">X X</cards>
<action no="3" player="Alchemik13" type="23" discard="1" dealt="1" sum="40"/>
<action no="4" player="gasgas" type="0" discard="1" dealt="1" sum="0"/>
<action no="5" player="oreiasccp" type="0" sum="0"/>
</round>
</game>
<game gamecode="11516826425"><general><startdate>2025-06-17 09:25:16</startdate>
<round>1</round>
<failsafecounter/>
<players><player seat="6" name="Alchemik13" chips="560" dealer="0" win="0" bet="20" muck="1" rebuy="0" addon="0" merge="0" rebuychips="0" reg_code="8385507241"/>
<player seat="10" name="gasgas" chips="490" dealer="1" win="50" bet="40" muck="1" rebuy="0" addon="0" merge="0" rebuychips="0" reg_code="8385507337"/>
<player seat="3" name="oreiasccp" chips="450" dealer="0" win="0" bet="10" muck="1" rebuy="0" addon="0" merge="0" rebuychips="0" reg_code="8385507217"/>
</players>
</general>
<round no="0"><action no="1" player="oreiasccp" type="1" sum="10"/>
<action no="2" player="Alchemik13" type="2" discard="1" dealt="1" sum="20"/>
</round>
<round no="1"><cards type="Pocket" player="Alchemik13">X X</cards>
<cards type="Pocket" player="oreiasccp">S4 HA</cards>
<cards type="Pocket" player="gasgas">X X</cards>
<action no="3" player="gasgas" type="23" discard="1" dealt="1" sum="40"/>
<action no="4" player="oreiasccp" type="0" sum="0"/>
<action no="5" player="Alchemik13" type="0" discard="1" dealt="1" sum="0"/>
</round>
</game>
<game gamecode="11516826464"><general><startdate>2025-06-17 09:25:29</startdate>
<round>1</round>
<failsafecounter/>
<players><player seat="10" name="gasgas" chips="520" dealer="0" win="120" bet="99" muck="1" rebuy="0" addon="0" merge="0" rebuychips="0" reg_code="8385507337"/>
<player seat="3" name="oreiasccp" chips="440" dealer="1" win="0" bet="0" muck="1" rebuy="0" addon="0" merge="0" rebuychips="0" reg_code="8385507217"/>
<player seat="6" name="Alchemik13" chips="540" dealer="0" win="0" bet="60" muck="1" rebuy="0" addon="0" merge="0" rebuychips="0" reg_code="8385507241"/>
</players>
</general>
<round no="0"><action no="1" player="Alchemik13" type="1" discard="1" dealt="1" sum="10"/>
<action no="2" player="gasgas" type="2" discard="1" dealt="1" sum="20"/>
</round>
<round no="1"><cards type="Pocket" player="gasgas">X X</cards>
<cards type="Pocket" player="Alchemik13">X X</cards>
<cards type="Pocket" player="oreiasccp">H9 D6</cards>
<action no="3" player="oreiasccp" type="0" sum="0"/>
<action no="4" player="Alchemik13" type="23" discard="1" dealt="1" sum="60"/>
<action no="5" player="gasgas" type="3" discard="1" dealt="1" sum="40"/>
</round>
<round no="2"><cards type="Flop">C6 S7 S5</cards>
<action no="6" player="Alchemik13" type="4" discard="1" dealt="1" sum="0"/>
<action no="7" player="gasgas" type="5" discard="1" dealt="1" sum="39"/>
<action no="8" player="Alchemik13" type="0" discard="1" dealt="1" sum="0"/>
</round>
</game>
<game gamecode="11516826509"><general><startdate>2025-06-17 09:25:46</startdate>
<round>1</round>
<failsafecounter/>
<players><player seat="3" name="oreiasccp" chips="440" dealer="0" win="20" bet="20" muck="1" rebuy="0" addon="0" merge="0" rebuychips="0" reg_code="8385507217"/>
<player seat="6" name="Alchemik13" chips="480" dealer="1" win="0" bet="0" muck="1" rebuy="0" addon="0" merge="0" rebuychips="0" reg_code="8385507241"/>
<player seat="10" name="gasgas" chips="580" dealer="0" win="0" bet="10" muck="1" rebuy="0" addon="0" merge="0" rebuychips="0" reg_code="8385507337"/>
</players>
</general>
<round no="0"><action no="1" player="gasgas" type="1" discard="1" dealt="1" sum="10"/>
<action no="2" player="oreiasccp" type="2" sum="20"/>
</round>
<round no="1"><cards type="Pocket" player="oreiasccp">D2 SA</cards>
<cards type="Pocket" player="gasgas">X X</cards>
<cards type="Pocket" player="Alchemik13">X X</cards>
<action no="3" player="Alchemik13" type="0" discard="1" dealt="1" sum="0"/>
<action no="4" player="gasgas" type="0" discard="1" dealt="1" sum="0"/>
</round>
</game>
<game gamecode="11516826538"><general><startdate>2025-06-17 09:25:56</startdate>
<round>1</round>
<failsafecounter/>
<players><player seat="6" name="Alchemik13" chips="480" dealer="0" win="80" bet="120" muck="1" rebuy="0" addon="0" merge="0" rebuychips="0" reg_code="8385507241"/>
<player seat="10" name="gasgas" chips="570" dealer="1" win="0" bet="0" muck="1" rebuy="0" addon="0" merge="0" rebuychips="0" reg_code="8385507337"/>
<player seat="3" name="oreiasccp" chips="450" dealer="0" win="0" bet="40" muck="1" rebuy="0" addon="0" merge="0" rebuychips="0" reg_code="8385507217"/>
</players>
</general>
<round no="0"><action no="1" player="oreiasccp" type="1" sum="10"/>
<action no="2" player="Alchemik13" type="2" discard="1" dealt="1" sum="20"/>
</round>
<round no="1"><cards type="Pocket" player="oreiasccp">H10 H7</cards>
<cards type="Pocket" player="Alchemik13">X X</cards>
<cards type="Pocket" player="gasgas">X X</cards>
<action no="3" player="gasgas" type="0" discard="1" dealt="1" sum="0"/>
<action no="4" player="oreiasccp" type="23" sum="40"/>
<action no="5" player="Alchemik13" type="23" discard="1" dealt="1" sum="120"/>
<action no="6" player="oreiasccp" type="0" sum="0"/>
</round>
</game>
<game gamecode="11516826615"><general><startdate>2025-06-17 09:26:21</startdate>
<round>1</round>
<failsafecounter/>
<players><player seat="10" name="gasgas" chips="570" dealer="0" win="0" bet="20" muck="1" rebuy="0" addon="0" merge="0" rebuychips="0" reg_code="8385507337"/>
<player seat="3" name="oreiasccp" chips="410" dealer="1" win="0" bet="0" muck="1" rebuy="0" addon="0" merge="0" rebuychips="0" reg_code="8385507217"/>
<player seat="6" name="Alchemik13" chips="520" dealer="0" win="40" bet="50" muck="1" rebuy="0" addon="0" merge="0" rebuychips="0" reg_code="8385507241"/>
</players>
</general>
<round no="0"><action no="1" player="Alchemik13" type="1" discard="1" dealt="1" sum="10"/>
<action no="2" player="gasgas" type="2" discard="1" dealt="1" sum="20"/>
</round>
<round no="1"><cards type="Pocket" player="gasgas">X X</cards>
<cards type="Pocket" player="oreiasccp">HJ H2</cards>
<cards type="Pocket" player="Alchemik13">X X</cards>
<action no="3" player="oreiasccp" type="0" sum="0"/>
<action no="4" player="Alchemik13" type="23" discard="1" dealt="1" sum="50"/>
<action no="5" player="gasgas" type="0" discard="1" dealt="1" sum="0"/>
</round>
</game>
<game gamecode="11516830549"><general><startdate>2025-06-17 09:26:38</startdate>
<round>1</round>
<failsafecounter/>
<players><player seat="3" name="oreiasccp" chips="410" dealer="0" win="0" bet="35" muck="1" rebuy="0" addon="0" merge="0" rebuychips="0" reg_code="8385507217"/>
<player seat="6" name="Alchemik13" chips="540" dealer="1" win="90" bet="540" muck="1" rebuy="0" addon="0" merge="0" rebuychips="0" reg_code="8385507241"/>
<player seat="10" name="gasgas" chips="550" dealer="0" win="0" bet="20" muck="1" rebuy="0" addon="0" merge="0" rebuychips="0" reg_code="8385507337"/>
</players>
</general>
<round no="0"><action no="1" player="gasgas" type="15" discard="1" dealt="1" sum="5"/>
<action no="2" player="oreiasccp" type="15" sum="5"/>
<action no="3" player="Alchemik13" type="15" discard="1" dealt="1" sum="5"/>
<action no="4" player="gasgas" type="1" discard="1" dealt="1" sum="15"/>
<action no="5" player="oreiasccp" type="2" sum="30"/>
</round>
<round no="1"><cards type="Pocket" player="oreiasccp">CJ D4</cards>
<cards type="Pocket" player="Alchemik13">X X</cards>
<cards type="Pocket" player="gasgas">X X</cards>
<action no="6" player="Alchemik13" type="23" discard="1" dealt="1" sum="535"/>
<action no="7" player="gasgas" type="0" discard="1" dealt="1" sum="0"/>
<action no="8" player="oreiasccp" type="0" sum="0"/>
</round>
</game>
<game gamecode="11516830581"><general><startdate>2025-06-17 09:26:48</startdate>
<round>1</round>
<failsafecounter/>
<players><player seat="6" name="Alchemik13" chips="595" dealer="0" win="0" bet="35" muck="1" rebuy="0" addon="0" merge="0" rebuychips="0" reg_code="8385507241"/>
<player seat="10" name="gasgas" chips="530" dealer="1" win="0" bet="5" muck="1" rebuy="0" addon="0" merge="0" rebuychips="0" reg_code="8385507337"/>
<player seat="3" name="oreiasccp" chips="375" dealer="0" win="75" bet="375" muck="1" rebuy="0" addon="0" merge="0" rebuychips="0" reg_code="8385507217"/>
</players>
</general>
<round no="0"><action no="1" player="oreiasccp" type="15" sum="5"/>
<action no="2" player="Alchemik13" type="15" discard="1" dealt="1" sum="5"/>
<action no="3" player="gasgas" type="15" discard="1" dealt="1" sum="5"/>
<action no="4" player="oreiasccp" type="1" sum="15"/>
<action no="5" player="Alchemik13" type="2" discard="1" dealt="1" sum="30"/>
</round>
<round no="1"><cards type="Pocket" player="gasgas">X X</cards>
<cards type="Pocket" player="oreiasccp">S5 S4</cards>
<cards type="Pocket" player="Alchemik13">X X</cards>
<action no="6" player="gasgas" type="0" discard="1" dealt="1" sum="0"/>
<action no="7" player="oreiasccp" type="23" sum="370"/>
<action no="8" player="Alchemik13" type="0" discard="1" dealt="1" sum="0"/>
</round>
</game>
<game gamecode="11516830616"><general><startdate>2025-06-17 09:27:01</startdate>
<round>1</round>
<failsafecounter/>
<players><player seat="10" name="gasgas" chips="525" dealer="0" win="45" bet="35" muck="1" rebuy="0" addon="0" merge="0" rebuychips="0" reg_code="8385507337"/>
<player seat="3" name="oreiasccp" chips="415" dealer="1" win="0" bet="5" muck="1" rebuy="0" addon="0" merge="0" rebuychips="0" reg_code="8385507217"/>
<player seat="6" name="Alchemik13" chips="560" dealer="0" win="0" bet="20" muck="1" rebuy="0" addon="0" merge="0" rebuychips="0" reg_code="8385507241"/>
</players>
</general>
<round no="0"><action no="1" player="Alchemik13" type="15" discard="1" dealt="1" sum="5"/>
<action no="2" player="gasgas" type="15" discard="1" dealt="1" sum="5"/>
<action no="3" player="oreiasccp" type="15" sum="5"/>
<action no="4" player="Alchemik13" type="1" discard="1" dealt="1" sum="15"/>
<action no="5" player="gasgas" type="2" discard="1" dealt="1" sum="30"/>
</round>
<round no="1"><cards type="Pocket" player="gasgas">X X</cards>
<cards type="Pocket" player="oreiasccp">C10 D3</cards>
<cards type="Pocket" player="Alchemik13">X X</cards>
<action no="6" player="oreiasccp" type="0" sum="0"/>
<action no="7" player="Alchemik13" type="0" discard="1" dealt="1" sum="0"/>
</round>
</game>
<game gamecode="11516830633"><general><startdate>2025-06-17 09:27:07</startdate>
<round>1</round>
<failsafecounter/>
<players><player seat="3" name="oreiasccp" chips="410" dealer="0" win="0" bet="95" muck="1" rebuy="0" addon="0" merge="0" rebuychips="0" reg_code="8385507217"/>
<player seat="6" name="Alchemik13" chips="540" dealer="1" win="0" bet="5" muck="1" rebuy="0" addon="0" merge="0" rebuychips="0" reg_code="8385507241"/>
<player seat="10" name="gasgas" chips="550" dealer="0" win="195" bet="550" muck="1" rebuy="0" addon="0" merge="0" rebuychips="0" reg_code="8385507337"/>
</players>
</general>
<round no="0"><action no="1" player="gasgas" type="15" discard="1" dealt="1" sum="5"/>
<action no="2" player="oreiasccp" type="15" sum="5"/>
<action no="3" player="Alchemik13" type="15" discard="1" dealt="1" sum="5"/>
<action no="4" player="gasgas" type="1" discard="1" dealt="1" sum="15"/>
<action no="5" player="oreiasccp" type="2" sum="30"/>
</round>
<round no="1"><cards type="Pocket" player="gasgas">X X</cards>
<cards type="Pocket" player="oreiasccp">C6 CK</cards>
<cards type="Pocket" player="Alchemik13">X X</cards>
<action no="6" player="Alchemik13" type="0" discard="1" dealt="1" sum="0"/>
<action no="7" player="gasgas" type="3" discard="1" dealt="1" sum="15"/>
<action no="8" player="oreiasccp" type="4" sum="0"/>
</round>
<round no="2"><cards type="Flop">H10 SA H4</cards>
<action no="9" player="gasgas" type="4" discard="1" dealt="1" sum="0"/>
<action no="10" player="oreiasccp" type="4" sum="0"/>
</round>
<round no="3"><cards type="Turn">S8</cards>
<action no="11" player="gasgas" type="4" discard="1" dealt="1" sum="0"/>
<action no="12" player="oreiasccp" type="4" sum="0"/>
</round>
<round no="4"><cards type="River">SK</cards>
<action no="13" player="gasgas" type="5" discard="1" dealt="1" sum="30"/>
<action no="14" player="oreiasccp" type="23" sum="60"/>
<action no="15" player="gasgas" type="23" discard="1" dealt="1" sum="515"/>
<action no="16" player="oreiasccp" type="0" sum="0"/>
</round>
</game>
<game gamecode="11516830750"><general><startdate>2025-06-17 09:27:46</startdate>
<round>1</round>
<failsafecounter/>
<players><player seat="6" name="Alchemik13" chips="535" dealer="0" win="635" bet="315" muck="0" rebuy="0" addon="0" merge="0" rebuychips="0" reg_code="8385507241"/>
<player seat="10" name="gasgas" chips="650" dealer="1" win="0" bet="5" muck="1" rebuy="0" addon="0" merge="0" rebuychips="0" reg_code="8385507337"/>
<player seat="3" name="oreiasccp" chips="315" dealer="0" win="0" bet="315" muck="0" rebuy="0" addon="0" merge="0" rebuychips="0" reg_code="8385507217"/>
</players>
</general>
<round no="0"><action no="1" player="oreiasccp" type="15" sum="5"/>
<action no="2" player="Alchemik13" type="15" discard="1" dealt="1" sum="5"/>
<action no="3" player="gasgas" type="15" discard="1" dealt="1" sum="5"/>
<action no="4" player="oreiasccp" type="1" sum="15"/>
<action no="5" player="Alchemik13" type="2" discard="1" dealt="1" sum="30"/>
</round>
<round no="1"><cards type="Pocket" player="oreiasccp">DJ D9</cards>
<cards type="Pocket" player="Alchemik13">HJ SA</cards>
<cards type="Pocket" player="gasgas">X X</cards>
<action no="6" player="gasgas" type="0" discard="1" dealt="1" sum="0"/>
<action no="7" player="oreiasccp" type="23" sum="310"/>
<action no="8" player="Alchemik13" type="3" discard="1" dealt="1" sum="280"/>
</round>
<round no="2"><cards type="Flop">S9 CA DQ</cards>
</round>
<round no="3"><cards type="Turn">C8</cards>
</round>
<round no="4"><cards type="River">H7</cards>
</round>
</game>
</session>
