<?xml version="1.0" encoding="UTF-8"?>
<session sessioncode="8385508389">
<general>
<client_version>24.7.1.16</client_version>
<mode>real</mode>
<gametype>Holdem NL</gametype>
<tablename>Twister €5 SNG, 1127664533</tablename>
<tournamentcode>1127664532</tournamentcode>
<tournamentname>Twister €5 SNG</tournamentname>
<buyin>€0 + €0.35 + €4.65</buyin>
<totalbuyin>€5</totalbuyin>
<rewarddrawn>€15</rewarddrawn>
<tournamentcurrency>EUR</tournamentcurrency>
<currency>EUR</currency>
<nickname>oreiasccp</nickname>
<gamecount>29</gamecount>
<startdate>2025-06-17 09:28:18</startdate>
<place>2</place>
<win>€0</win>
<tablesize>3</tablesize>
</general>
<game gamecode="11516830874"><general><startdate>2025-06-17 09:28:33</startdate>
<round>1</round>
<failsafecounter/>
<players><player seat="10" name="rexsoft169" chips="500" dealer="0" win="0" bet="60" muck="1" rebuy="0" addon="0" merge="0" rebuychips="0" reg_code="8385508414"/>
<player seat="3" name="danielbrad" chips="500" dealer="1" win="0" bet="0" muck="1" rebuy="0" addon="0" merge="0" rebuychips="0" reg_code="8385508348"/>
<player seat="6" name="oreiasccp" chips="500" dealer="0" win="120" bet="120" muck="1" rebuy="0" addon="0" merge="0" rebuychips="0" reg_code="8385508389"/>
</players>
</general>
<round no="0"><action no="1" player="oreiasccp" type="1" sum="10"/>
<action no="2" player="rexsoft169" type="2" discard="1" dealt="1" sum="20"/>
</round>
<round no="1"><cards type="Pocket" player="rexsoft169">X X</cards>
<cards type="Pocket" player="oreiasccp">C8 SQ</cards>
<cards type="Pocket" player="danielbrad">X X</cards>
<action no="3" player="danielbrad" type="0" discard="1" dealt="1" sum="0"/>
<action no="4" player="oreiasccp" type="23" sum="40"/>
<action no="5" player="rexsoft169" type="3" discard="1" dealt="1" sum="20"/>
</round>
<round no="2"><cards type="Flop">D6 H8 H5</cards>
<action no="6" player="oreiasccp" type="5" sum="20"/>
<action no="7" player="rexsoft169" type="3" discard="1" dealt="1" sum="20"/>
</round>
<round no="3"><cards type="Turn">H2</cards>
<action no="8" player="oreiasccp" type="4" sum="0"/>
<action no="9" player="rexsoft169" type="4" discard="1" dealt="1" sum="0"/>
</round>
<round no="4"><cards type="River">DQ</cards>
<action no="10" player="oreiasccp" type="5" sum="60"/>
<action no="11" player="rexsoft169" type="0" discard="1" dealt="1" sum="0"/>
</round>
</game>
<game gamecode="11516830989"><general><startdate>2025-06-17 09:29:08</startdate>
<round>1</round>
<failsafecounter/>
<players><player seat="3" name="danielbrad" chips="500" dealer="0" win="0" bet="20" muck="1" rebuy="0" addon="0" merge="0" rebuychips="0" reg_code="8385508348"/>
<player seat="6" name="oreiasccp" chips="560" dealer="1" win="0" bet="0" muck="1" rebuy="0" addon="0" merge="0" rebuychips="0" reg_code="8385508389"/>
<player seat="10" name="rexsoft169" chips="440" dealer="0" win="40" bet="60" muck="1" rebuy="0" addon="0" merge="0" rebuychips="0" reg_code="8385508414"/>
</players>
</general>
<round no="0"><action no="1" player="rexsoft169" type="1" discard="1" dealt="1" sum="10"/>
<action no="2" player="danielbrad" type="2" discard="1" dealt="1" sum="20"/>
</round>
<round no="1"><cards type="Pocket" player="rexsoft169">X X</cards>
<cards type="Pocket" player="danielbrad">X X</cards>
<cards type="Pocket" player="oreiasccp">C3 C5</cards>
<action no="3" player="oreiasccp" type="0" sum="0"/>
<action no="4" player="rexsoft169" type="3" discard="1" dealt="1" sum="10"/>
<action no="5" player="danielbrad" type="4" discard="1" dealt="1" sum="0"/>
</round>
<round no="2"><cards type="Flop">C2 C7 DA</cards>
<action no="6" player="rexsoft169" type="4" discard="1" dealt="1" sum="0"/>
<action no="7" player="danielbrad" type="4" discard="1" dealt="1" sum="0"/>
</round>
<round no="3"><cards type="Turn">D6</cards>
<action no="8" player="rexsoft169" type="5" discard="1" dealt="1" sum="40"/>
<action no="9" player="danielbrad" type="0" discard="1" dealt="1" sum="0"/>
</round>
</game>
<game gamecode="11516831055"><general><startdate>2025-06-17 09:29:28</startdate>
<round>1</round>
<failsafecounter/>
<players><player seat="6" name="oreiasccp" chips="560" dealer="0" win="100" bet="480" muck="1" rebuy="0" addon="0" merge="0" rebuychips="0" reg_code="8385508389"/>
<player seat="10" name="rexsoft169" chips="460" dealer="1" win="0" bet="0" muck="1" rebuy="0" addon="0" merge="0" rebuychips="0" reg_code="8385508414"/>
<player seat="3" name="danielbrad" chips="480" dealer="0" win="0" bet="50" muck="1" rebuy="0" addon="0" merge="0" rebuychips="0" reg_code="8385508348"/>
</players>
</general>
<round no="0"><action no="1" player="danielbrad" type="1" discard="1" dealt="1" sum="10"/>
<action no="2" player="oreiasccp" type="2" sum="20"/>
</round>
<round no="1"><cards type="Pocket" player="oreiasccp">D8 H8</cards>
<cards type="Pocket" player="rexsoft169">X X</cards>
<cards type="Pocket" player="danielbrad">X X</cards>
<action no="3" player="rexsoft169" type="0" discard="1" dealt="1" sum="0"/>
<action no="4" player="danielbrad" type="23" discard="1" dealt="1" sum="50"/>
<action no="5" player="oreiasccp" type="23" sum="480"/>
<action no="6" player="danielbrad" type="0" discard="1" dealt="1" sum="0"/>
</round>
</game>
<game gamecode="11516831105"><general><startdate>2025-06-17 09:29:46</startdate>
<round>1</round>
<failsafecounter/>
<players><player seat="10" name="rexsoft169" chips="460" dealer="0" win="0" bet="20" muck="1" rebuy="0" addon="0" merge="0" rebuychips="0" reg_code="8385508414"/>
<player seat="3" name="danielbrad" chips="430" dealer="1" win="0" bet="0" muck="1" rebuy="0" addon="0" merge="0" rebuychips="0" reg_code="8385508348"/>
<player seat="6" name="oreiasccp" chips="610" dealer="0" win="40" bet="40" muck="1" rebuy="0" addon="0" merge="0" rebuychips="0" reg_code="8385508389"/>
</players>
</general>
<round no="0"><action no="1" player="oreiasccp" type="1" sum="10"/>
<action no="2" player="rexsoft169" type="2" discard="1" dealt="1" sum="20"/>
</round>
<round no="1"><cards type="Pocket" player="oreiasccp">SQ S3</cards>
<cards type="Pocket" player="danielbrad">X X</cards>
<cards type="Pocket" player="rexsoft169">X X</cards>
<action no="3" player="danielbrad" type="0" discard="1" dealt="1" sum="0"/>
<action no="4" player="oreiasccp" type="23" sum="40"/>
<action no="5" player="rexsoft169" type="0" discard="1" dealt="1" sum="0"/>
</round>
</game>
<game gamecode="11516831141"><general><startdate>2025-06-17 09:29:56</startdate>
<round>1</round>
<failsafecounter/>
<players><player seat="3" name="danielbrad" chips="430" dealer="0" win="0" bet="40" muck="1" rebuy="0" addon="0" merge="0" rebuychips="0" reg_code="8385508348"/>
<player seat="6" name="oreiasccp" chips="630" dealer="1" win="0" bet="40" muck="1" rebuy="0" addon="0" merge="0" rebuychips="0" reg_code="8385508389"/>
<player seat="10" name="rexsoft169" chips="440" dealer="0" win="120" bet="40" muck="0" rebuy="0" addon="0" merge="0" rebuychips="0" reg_code="8385508414"/>
</players>
</general>
<round no="0"><action no="1" player="rexsoft169" type="1" discard="1" dealt="1" sum="10"/>
<action no="2" player="danielbrad" type="2" discard="1" dealt="1" sum="20"/>
</round>
<round no="1"><cards type="Pocket" player="danielbrad">H7 C6</cards>
<cards type="Pocket" player="rexsoft169">DA D7</cards>
<cards type="Pocket" player="oreiasccp">S4 HA</cards>
<action no="3" player="oreiasccp" type="23" sum="40"/>
<action no="4" player="rexsoft169" type="3" discard="1" dealt="1" sum="30"/>
<action no="5" player="danielbrad" type="3" discard="1" dealt="1" sum="20"/>
</round>
<round no="2"><cards type="Flop">SJ S8 S7</cards>
<action no="6" player="rexsoft169" type="4" discard="1" dealt="1" sum="0"/>
<action no="7" player="danielbrad" type="4" discard="1" dealt="1" sum="0"/>
<action no="8" player="oreiasccp" type="4" sum="0"/>
</round>
<round no="3"><cards type="Turn">C10</cards>
<action no="9" player="rexsoft169" type="4" discard="1" dealt="1" sum="0"/>
<action no="10" player="danielbrad" type="4" discard="1" dealt="1" sum="0"/>
<action no="11" player="oreiasccp" type="4" sum="0"/>
</round>
<round no="4"><cards type="River">H2</cards>
<action no="12" player="rexsoft169" type="4" discard="1" dealt="1" sum="0"/>
<action no="13" player="danielbrad" type="4" discard="1" dealt="1" sum="0"/>
<action no="14" player="oreiasccp" type="4" sum="0"/>
</round>
</game>
<game gamecode="11516831248"><general><startdate>2025-06-17 09:30:35</startdate>
<round>1</round>
<failsafecounter/>
<players><player seat="6" name="oreiasccp" chips="590" dealer="0" win="45" bet="35" muck="1" rebuy="0" addon="0" merge="0" rebuychips="0" reg_code="8385508389"/>
<player seat="10" name="rexsoft169" chips="520" dealer="1" win="0" bet="5" muck="1" rebuy="0" addon="0" merge="0" rebuychips="0" reg_code="8385508414"/>
<player seat="3" name="danielbrad" chips="390" dealer="0" win="0" bet="20" muck="1" rebuy="0" addon="0" merge="0" rebuychips="0" reg_code="8385508348"/>
</players>
</general>
<round no="0"><action no="1" player="danielbrad" type="15" discard="1" dealt="1" sum="5"/>
<action no="2" player="oreiasccp" type="15" sum="5"/>
<action no="3" player="rexsoft169" type="15" discard="1" dealt="1" sum="5"/>
<action no="4" player="danielbrad" type="1" discard="1" dealt="1" sum="15"/>
<action no="5" player="oreiasccp" type="2" sum="30"/>
</round>
<round no="1"><cards type="Pocket" player="danielbrad">X X</cards>
<cards type="Pocket" player="oreiasccp">S6 H5</cards>
<cards type="Pocket" player="rexsoft169">X X</cards>
<action no="6" player="rexsoft169" type="0" discard="1" dealt="1" sum="0"/>
<action no="7" player="danielbrad" type="0" discard="1" dealt="1" sum="0"/>
</round>
</game>
<game gamecode="11516831284"><general><startdate>2025-06-17 09:30:46</startdate>
<round>1</round>
<failsafecounter/>
<players><player seat="10" name="rexsoft169" chips="515" dealer="0" win="0" bet="35" muck="1" rebuy="0" addon="0" merge="0" rebuychips="0" reg_code="8385508414"/>
<player seat="3" name="danielbrad" chips="370" dealer="1" win="90" bet="370" muck="1" rebuy="0" addon="0" merge="0" rebuychips="0" reg_code="8385508348"/>
<player seat="6" name="oreiasccp" chips="615" dealer="0" win="0" bet="20" muck="1" rebuy="0" addon="0" merge="0" rebuychips="0" reg_code="8385508389"/>
</players>
</general>
<round no="0"><action no="1" player="oreiasccp" type="15" sum="5"/>
<action no="2" player="rexsoft169" type="15" discard="1" dealt="1" sum="5"/>
<action no="3" player="danielbrad" type="15" discard="1" dealt="1" sum="5"/>
<action no="4" player="oreiasccp" type="1" sum="15"/>
<action no="5" player="rexsoft169" type="2" discard="1" dealt="1" sum="30"/>
</round>
<round no="1"><cards type="Pocket" player="danielbrad">X X</cards>
<cards type="Pocket" player="oreiasccp">D9 S10</cards>
<cards type="Pocket" player="rexsoft169">X X</cards>
<action no="6" player="danielbrad" type="23" discard="1" dealt="1" sum="365"/>
<action no="7" player="oreiasccp" type="0" sum="0"/>
<action no="8" player="rexsoft169" type="0" discard="1" dealt="1" sum="0"/>
</round>
</game>
<game gamecode="11516831334"><general><startdate>2025-06-17 09:31:01</startdate>
<round>1</round>
<failsafecounter/>
<players><player seat="3" name="danielbrad" chips="425" dealer="0" win="0" bet="35" muck="1" rebuy="0" addon="0" merge="0" rebuychips="0" reg_code="8385508348"/>
<player seat="6" name="oreiasccp" chips="595" dealer="1" win="90" bet="65" muck="1" rebuy="0" addon="0" merge="0" rebuychips="0" reg_code="8385508389"/>
<player seat="10" name="rexsoft169" chips="480" dealer="0" win="0" bet="20" muck="1" rebuy="0" addon="0" merge="0" rebuychips="0" reg_code="8385508414"/>
</players>
</general>
<round no="0"><action no="1" player="rexsoft169" type="15" discard="1" dealt="1" sum="5"/>
<action no="2" player="danielbrad" type="15" discard="1" dealt="1" sum="5"/>
<action no="3" player="oreiasccp" type="15" sum="5"/>
<action no="4" player="rexsoft169" type="1" discard="1" dealt="1" sum="15"/>
<action no="5" player="danielbrad" type="2" discard="1" dealt="1" sum="30"/>
</round>
<round no="1"><cards type="Pocket" player="danielbrad">X X</cards>
<cards type="Pocket" player="rexsoft169">X X</cards>
<cards type="Pocket" player="oreiasccp">SQ SA</cards>
<action no="6" player="oreiasccp" type="23" sum="60"/>
<action no="7" player="rexsoft169" type="0" discard="1" dealt="1" sum="0"/>
<action no="8" player="danielbrad" type="0" discard="1" dealt="1" sum="0"/>
</round>
</game>
<game gamecode="11516831369"><general><startdate>2025-06-17 09:31:12</startdate>
<round>1</round>
<failsafecounter/>
<players><player seat="6" name="oreiasccp" chips="650" dealer="0" win="0" bet="133" muck="1" rebuy="0" addon="0" merge="0" rebuychips="0" reg_code="8385508389"/>
<player seat="10" name="rexsoft169" chips="460" dealer="1" win="0" bet="5" muck="1" rebuy="0" addon="0" merge="0" rebuychips="0" reg_code="8385508414"/>
<player seat="3" name="danielbrad" chips="390" dealer="0" win="271" bet="133" muck="0" rebuy="0" addon="0" merge="0" rebuychips="0" reg_code="8385508348"/>
</players>
</general>
<round no="0"><action no="1" player="danielbrad" type="15" discard="1" dealt="1" sum="5"/>
<action no="2" player="oreiasccp" type="15" sum="5"/>
<action no="3" player="rexsoft169" type="15" discard="1" dealt="1" sum="5"/>
<action no="4" player="danielbrad" type="1" discard="1" dealt="1" sum="15"/>
<action no="5" player="oreiasccp" type="2" sum="30"/>
</round>
<round no="1"><cards type="Pocket" player="oreiasccp">S8 S10</cards>
<cards type="Pocket" player="rexsoft169">X X</cards>
<cards type="Pocket" player="danielbrad">C8 D8</cards>
<action no="6" player="rexsoft169" type="0" discard="1" dealt="1" sum="0"/>
<action no="7" player="danielbrad" type="3" discard="1" dealt="1" sum="15"/>
<action no="8" player="oreiasccp" type="4" sum="0"/>
</round>
<round no="2"><cards type="Flop">H4 HA S5</cards>
<action no="9" player="danielbrad" type="5" discard="1" dealt="1" sum="30"/>
<action no="10" player="oreiasccp" type="3" sum="30"/>
</round>
<round no="3"><cards type="Turn">H3</cards>
<action no="11" player="danielbrad" type="4" discard="1" dealt="1" sum="0"/>
<action no="12" player="oreiasccp" type="5" sum="68"/>
<action no="13" player="danielbrad" type="3" discard="1" dealt="1" sum="68"/>
</round>
<round no="4"><cards type="River">D6</cards>
<action no="14" player="danielbrad" type="4" discard="1" dealt="1" sum="0"/>
<action no="15" player="oreiasccp" type="4" sum="0"/>
</round>
</game>
<game gamecode="11516831452"><general><startdate>2025-06-17 09:31:39</startdate>
<round>1</round>
<failsafecounter/>
<players><player seat="10" name="rexsoft169" chips="455" dealer="0" win="240" bet="455" muck="1" rebuy="0" addon="0" merge="0" rebuychips="0" reg_code="8385508414"/>
<player seat="3" name="danielbrad" chips="528" dealer="1" win="0" bet="110" muck="1" rebuy="0" addon="0" merge="0" rebuychips="0" reg_code="8385508348"/>
<player seat="6" name="oreiasccp" chips="517" dealer="0" win="0" bet="20" muck="1" rebuy="0" addon="0" merge="0" rebuychips="0" reg_code="8385508389"/>
</players>
</general>
<round no="0"><action no="1" player="oreiasccp" type="15" sum="5"/>
<action no="2" player="rexsoft169" type="15" discard="1" dealt="1" sum="5"/>
<action no="3" player="danielbrad" type="15" discard="1" dealt="1" sum="5"/>
<action no="4" player="oreiasccp" type="1" sum="15"/>
<action no="5" player="rexsoft169" type="2" discard="1" dealt="1" sum="30"/>
</round>
<round no="1"><cards type="Pocket" player="rexsoft169">X X</cards>
<cards type="Pocket" player="oreiasccp">C9 C7</cards>
<cards type="Pocket" player="danielbrad">X X</cards>
<action no="6" player="danielbrad" type="23" discard="1" dealt="1" sum="60"/>
<action no="7" player="oreiasccp" type="0" sum="0"/>
<action no="8" player="rexsoft169" type="3" discard="1" dealt="1" sum="30"/>
</round>
<round no="2"><cards type="Flop">H10 H7 H9</cards>
<action no="9" player="rexsoft169" type="4" discard="1" dealt="1" sum="0"/>
<action no="10" player="danielbrad" type="5" discard="1" dealt="1" sum="45"/>
<action no="11" player="rexsoft169" type="23" discard="1" dealt="1" sum="390"/>
<action no="12" player="danielbrad" type="0" discard="1" dealt="1" sum="0"/>
</round>
</game>
<game gamecode="11516831530"><general><startdate>2025-06-17 09:32:03</startdate>
<round>1</round>
<failsafecounter/>
<players><player seat="3" name="danielbrad" chips="418" dealer="0" win="0" bet="65" muck="1" rebuy="0" addon="0" merge="0" rebuychips="0" reg_code="8385508348"/>
<player seat="6" name="oreiasccp" chips="497" dealer="1" win="0" bet="5" muck="1" rebuy="0" addon="0" merge="0" rebuychips="0" reg_code="8385508389"/>
<player seat="10" name="rexsoft169" chips="585" dealer="0" win="135" bet="95" muck="1" rebuy="0" addon="0" merge="0" rebuychips="0" reg_code="8385508414"/>
</players>
</general>
<round no="0"><action no="1" player="rexsoft169" type="15" discard="1" dealt="1" sum="5"/>
<action no="2" player="danielbrad" type="15" discard="1" dealt="1" sum="5"/>
<action no="3" player="oreiasccp" type="15" sum="5"/>
<action no="4" player="rexsoft169" type="1" discard="1" dealt="1" sum="15"/>
<action no="5" player="danielbrad" type="2" discard="1" dealt="1" sum="30"/>
</round>
<round no="1"><cards type="Pocket" player="rexsoft169">X X</cards>
<cards type="Pocket" player="danielbrad">X X</cards>
<cards type="Pocket" player="oreiasccp">D4 SK</cards>
<action no="6" player="oreiasccp" type="0" sum="0"/>
<action no="7" player="rexsoft169" type="3" discard="1" dealt="1" sum="15"/>
<action no="8" player="danielbrad" type="4" discard="1" dealt="1" sum="0"/>
</round>
<round no="2"><cards type="Flop">CJ S10 S7</cards>
<action no="9" player="rexsoft169" type="4" discard="1" dealt="1" sum="0"/>
<action no="10" player="danielbrad" type="5" discard="1" dealt="1" sum="30"/>
<action no="11" player="rexsoft169" type="3" discard="1" dealt="1" sum="30"/>
</round>
<round no="3"><cards type="Turn">H6</cards>
<action no="12" player="rexsoft169" type="4" discard="1" dealt="1" sum="0"/>
<action no="13" player="danielbrad" type="4" discard="1" dealt="1" sum="0"/>
</round>
<round no="4"><cards type="River">CQ</cards>
<action no="14" player="rexsoft169" type="5" discard="1" dealt="1" sum="30"/>
<action no="15" player="danielbrad" type="0" discard="1" dealt="1" sum="0"/>
</round>
</game>
<game gamecode="11516831606"><general><startdate>2025-06-17 09:32:30</startdate>
<round>1</round>
<failsafecounter/>
<players><player seat="6" name="oreiasccp" chips="492" dealer="0" win="45" bet="35" muck="1" rebuy="0" addon="0" merge="0" rebuychips="0" reg_code="8385508389"/>
<player seat="10" name="rexsoft169" chips="655" dealer="1" win="0" bet="5" muck="1" rebuy="0" addon="0" merge="0" rebuychips="0" reg_code="8385508414"/>
<player seat="3" name="danielbrad" chips="353" dealer="0" win="0" bet="20" muck="1" rebuy="0" addon="0" merge="0" rebuychips="0" reg_code="8385508348"/>
</players>
</general>
<round no="0"><action no="1" player="danielbrad" type="15" discard="1" dealt="1" sum="5"/>
<action no="2" player="oreiasccp" type="15" sum="5"/>
<action no="3" player="rexsoft169" type="15" discard="1" dealt="1" sum="5"/>
<action no="4" player="danielbrad" type="1" discard="1" dealt="1" sum="15"/>
<action no="5" player="oreiasccp" type="2" sum="30"/>
</round>
<round no="1"><cards type="Pocket" player="rexsoft169">X X</cards>
<cards type="Pocket" player="oreiasccp">CJ H6</cards>
<cards type="Pocket" player="danielbrad">X X</cards>
<action no="6" player="rexsoft169" type="0" discard="1" dealt="1" sum="0"/>
<action no="7" player="danielbrad" type="0" discard="1" dealt="1" sum="0"/>
</round>
</game>
<game gamecode="11516831633"><general><startdate>2025-06-17 09:32:38</startdate>
<round>1</round>
<failsafecounter/>
<players><player seat="10" name="rexsoft169" chips="650" dealer="0" win="0" bet="45" muck="1" rebuy="0" addon="0" merge="0" rebuychips="0" reg_code="8385508414"/>
<player seat="3" name="danielbrad" chips="333" dealer="1" win="0" bet="5" muck="1" rebuy="0" addon="0" merge="0" rebuychips="0" reg_code="8385508348"/>
<player seat="6" name="oreiasccp" chips="517" dealer="0" win="95" bet="517" muck="1" rebuy="0" addon="0" merge="0" rebuychips="0" reg_code="8385508389"/>
</players>
</general>
<round no="0"><action no="1" player="oreiasccp" type="15" sum="5"/>
<action no="2" player="rexsoft169" type="15" discard="1" dealt="1" sum="5"/>
<action no="3" player="danielbrad" type="15" discard="1" dealt="1" sum="5"/>
<action no="4" player="oreiasccp" type="1" sum="20"/>
<action no="5" player="rexsoft169" type="2" discard="1" dealt="1" sum="40"/>
</round>
<round no="1"><cards type="Pocket" player="oreiasccp">D7 SK</cards>
<cards type="Pocket" player="rexsoft169">X X</cards>
<cards type="Pocket" player="danielbrad">X X</cards>
<action no="6" player="danielbrad" type="0" discard="1" dealt="1" sum="0"/>
<action no="7" player="oreiasccp" type="23" sum="512"/>
<action no="8" player="rexsoft169" type="0" discard="1" dealt="1" sum="0"/>
</round>
</game>
<game gamecode="11516831666"><general><startdate>2025-06-17 09:32:51</startdate>
<round>1</round>
<failsafecounter/>
<players><player seat="3" name="danielbrad" chips="328" dealer="0" win="95" bet="328" muck="1" rebuy="0" addon="0" merge="0" rebuychips="0" reg_code="8385508348"/>
<player seat="6" name="oreiasccp" chips="567" dealer="1" win="0" bet="5" muck="1" rebuy="0" addon="0" merge="0" rebuychips="0" reg_code="8385508389"/>
<player seat="10" name="rexsoft169" chips="605" dealer="0" win="0" bet="45" muck="1" rebuy="0" addon="0" merge="0" rebuychips="0" reg_code="8385508414"/>
</players>
</general>
<round no="0"><action no="1" player="rexsoft169" type="15" discard="1" dealt="1" sum="5"/>
<action no="2" player="danielbrad" type="15" discard="1" dealt="1" sum="5"/>
<action no="3" player="oreiasccp" type="15" sum="5"/>
<action no="4" player="rexsoft169" type="1" discard="1" dealt="1" sum="20"/>
<action no="5" player="danielbrad" type="2" discard="1" dealt="1" sum="40"/>
</round>
<round no="1"><cards type="Pocket" player="danielbrad">X X</cards>
<cards type="Pocket" player="rexsoft169">X X</cards>
<cards type="Pocket" player="oreiasccp">H3 S9</cards>
<action no="6" player="oreiasccp" type="0" sum="0"/>
<action no="7" player="rexsoft169" type="3" discard="1" dealt="1" sum="20"/>
<action no="8" player="danielbrad" type="23" discard="1" dealt="1" sum="323"/>
<action no="9" player="rexsoft169" type="0" discard="1" dealt="1" sum="0"/>
</round>
</game>
<game gamecode="11516831706"><general><startdate>2025-06-17 09:33:05</startdate>
<round>1</round>
<failsafecounter/>
<players><player seat="6" name="oreiasccp" chips="562" dealer="0" win="0" bet="45" muck="1" rebuy="0" addon="0" merge="0" rebuychips="0" reg_code="8385508389"/>
<player seat="10" name="rexsoft169" chips="560" dealer="1" win="0" bet="5" muck="1" rebuy="0" addon="0" merge="0" rebuychips="0" reg_code="8385508414"/>
<player seat="3" name="danielbrad" chips="378" dealer="0" win="95" bet="378" muck="1" rebuy="0" addon="0" merge="0" rebuychips="0" reg_code="8385508348"/>
</players>
</general>
<round no="0"><action no="1" player="danielbrad" type="15" discard="1" dealt="1" sum="5"/>
<action no="2" player="oreiasccp" type="15" sum="5"/>
<action no="3" player="rexsoft169" type="15" discard="1" dealt="1" sum="5"/>
<action no="4" player="danielbrad" type="1" discard="1" dealt="1" sum="20"/>
<action no="5" player="oreiasccp" type="2" sum="40"/>
</round>
<round no="1"><cards type="Pocket" player="oreiasccp">HJ D8</cards>
<cards type="Pocket" player="rexsoft169">X X</cards>
<cards type="Pocket" player="danielbrad">X X</cards>
<action no="6" player="rexsoft169" type="0" discard="1" dealt="1" sum="0"/>
<action no="7" player="danielbrad" type="23" discard="1" dealt="1" sum="373"/>
<action no="8" player="oreiasccp" type="0" sum="0"/>
</round>
</game>
<game gamecode="11516831742"><general><startdate>2025-06-17 09:33:18</startdate>
<round>1</round>
<failsafecounter/>
<players><player seat="10" name="rexsoft169" chips="555" dealer="0" win="55" bet="45" muck="1" rebuy="0" addon="0" merge="0" rebuychips="0" reg_code="8385508414"/>
<player seat="3" name="danielbrad" chips="428" dealer="1" win="0" bet="5" muck="1" rebuy="0" addon="0" merge="0" rebuychips="0" reg_code="8385508348"/>
<player seat="6" name="oreiasccp" chips="517" dealer="0" win="0" bet="25" muck="1" rebuy="0" addon="0" merge="0" rebuychips="0" reg_code="8385508389"/>
</players>
</general>
<round no="0"><action no="1" player="oreiasccp" type="15" sum="5"/>
<action no="2" player="rexsoft169" type="15" discard="1" dealt="1" sum="5"/>
<action no="3" player="danielbrad" type="15" discard="1" dealt="1" sum="5"/>
<action no="4" player="oreiasccp" type="1" sum="20"/>
<action no="5" player="rexsoft169" type="2" discard="1" dealt="1" sum="40"/>
</round>
<round no="1"><cards type="Pocket" player="danielbrad">X X</cards>
<cards type="Pocket" player="oreiasccp">S4 D8</cards>
<cards type="Pocket" player="rexsoft169">X X</cards>
<action no="6" player="danielbrad" type="0" discard="1" dealt="1" sum="0"/>
<action no="7" player="oreiasccp" type="0" sum="0"/>
</round>
</game>
<game gamecode="11516831764"><general><startdate>2025-06-17 09:33:24</startdate>
<round>1</round>
<failsafecounter/>
<players><player seat="3" name="danielbrad" chips="423" dealer="0" win="0" bet="45" muck="1" rebuy="0" addon="0" merge="0" rebuychips="0" reg_code="8385508348"/>
<player seat="6" name="oreiasccp" chips="492" dealer="1" win="0" bet="5" muck="1" rebuy="0" addon="0" merge="0" rebuychips="0" reg_code="8385508389"/>
<player seat="10" name="rexsoft169" chips="585" dealer="0" win="95" bet="85" muck="1" rebuy="0" addon="0" merge="0" rebuychips="0" reg_code="8385508414"/>
</players>
</general>
<round no="0"><action no="1" player="rexsoft169" type="15" discard="1" dealt="1" sum="5"/>
<action no="2" player="danielbrad" type="15" discard="1" dealt="1" sum="5"/>
<action no="3" player="oreiasccp" type="15" sum="5"/>
<action no="4" player="rexsoft169" type="1" discard="1" dealt="1" sum="20"/>
<action no="5" player="danielbrad" type="2" discard="1" dealt="1" sum="40"/>
</round>
<round no="1"><cards type="Pocket" player="danielbrad">X X</cards>
<cards type="Pocket" player="rexsoft169">X X</cards>
<cards type="Pocket" player="oreiasccp">C5 SQ</cards>
<action no="6" player="oreiasccp" type="0" sum="0"/>
<action no="7" player="rexsoft169" type="3" discard="1" dealt="1" sum="20"/>
<action no="8" player="danielbrad" type="4" discard="1" dealt="1" sum="0"/>
</round>
<round no="2"><cards type="Flop">D5 S6 SA</cards>
<action no="9" player="rexsoft169" type="5" discard="1" dealt="1" sum="40"/>
<action no="10" player="danielbrad" type="0" discard="1" dealt="1" sum="0"/>
</round>
</game>
<game gamecode="11516831820"><general><startdate>2025-06-17 09:33:42</startdate>
<round>1</round>
<failsafecounter/>
<players><player seat="6" name="oreiasccp" chips="487" dealer="0" win="55" bet="45" muck="1" rebuy="0" addon="0" merge="0" rebuychips="0" reg_code="8385508389"/>
<player seat="10" name="rexsoft169" chips="635" dealer="1" win="0" bet="5" muck="1" rebuy="0" addon="0" merge="0" rebuychips="0" reg_code="8385508414"/>
<player seat="3" name="danielbrad" chips="378" dealer="0" win="0" bet="25" muck="1" rebuy="0" addon="0" merge="0" rebuychips="0" reg_code="8385508348"/>
</players>
</general>
<round no="0"><action no="1" player="danielbrad" type="15" discard="1" dealt="1" sum="5"/>
<action no="2" player="oreiasccp" type="15" sum="5"/>
<action no="3" player="rexsoft169" type="15" discard="1" dealt="1" sum="5"/>
<action no="4" player="danielbrad" type="1" discard="1" dealt="1" sum="20"/>
<action no="5" player="oreiasccp" type="2" sum="40"/>
</round>
<round no="1"><cards type="Pocket" player="oreiasccp">H8 HA</cards>
<cards type="Pocket" player="rexsoft169">X X</cards>
<cards type="Pocket" player="danielbrad">X X</cards>
<action no="6" player="rexsoft169" type="0" discard="1" dealt="1" sum="0"/>
<action no="7" player="danielbrad" type="0" discard="1" dealt="1" sum="0"/>
</round>
</game>
<game gamecode="11516831849"><general><startdate>2025-06-17 09:33:52</startdate>
<round>1</round>
<failsafecounter/>
<players><player seat="10" name="rexsoft169" chips="630" dealer="0" win="0" bet="45" muck="1" rebuy="0" addon="0" merge="0" rebuychips="0" reg_code="8385508414"/>
<player seat="3" name="danielbrad" chips="353" dealer="1" win="0" bet="5" muck="1" rebuy="0" addon="0" merge="0" rebuychips="0" reg_code="8385508348"/>
<player seat="6" name="oreiasccp" chips="517" dealer="0" win="95" bet="517" muck="1" rebuy="0" addon="0" merge="0" rebuychips="0" reg_code="8385508389"/>
</players>
</general>
<round no="0"><action no="1" player="oreiasccp" type="15" sum="5"/>
<action no="2" player="rexsoft169" type="15" discard="1" dealt="1" sum="5"/>
<action no="3" player="danielbrad" type="15" discard="1" dealt="1" sum="5"/>
<action no="4" player="oreiasccp" type="1" sum="20"/>
<action no="5" player="rexsoft169" type="2" discard="1" dealt="1" sum="40"/>
</round>
<round no="1"><cards type="Pocket" player="danielbrad">X X</cards>
<cards type="Pocket" player="oreiasccp">SK D10</cards>
<cards type="Pocket" player="rexsoft169">X X</cards>
<action no="6" player="danielbrad" type="0" discard="1" dealt="1" sum="0"/>
<action no="7" player="oreiasccp" type="23" sum="512"/>
<action no="8" player="rexsoft169" type="0" discard="1" dealt="1" sum="0"/>
</round>
</game>
<game gamecode="11516831894"><general><startdate>2025-06-17 09:34:06</startdate>
<round>1</round>
<failsafecounter/>
<players><player seat="3" name="danielbrad" chips="348" dealer="0" win="95" bet="348" muck="1" rebuy="0" addon="0" merge="0" rebuychips="0" reg_code="8385508348"/>
<player seat="6" name="oreiasccp" chips="567" dealer="1" win="0" bet="5" muck="1" rebuy="0" addon="0" merge="0" rebuychips="0" reg_code="8385508389"/>
<player seat="10" name="rexsoft169" chips="585" dealer="0" win="0" bet="45" muck="1" rebuy="0" addon="0" merge="0" rebuychips="0" reg_code="8385508414"/>
</players>
</general>
<round no="0"><action no="1" player="rexsoft169" type="15" discard="1" dealt="1" sum="5"/>
<action no="2" player="danielbrad" type="15" discard="1" dealt="1" sum="5"/>
<action no="3" player="oreiasccp" type="15" sum="5"/>
<action no="4" player="rexsoft169" type="1" discard="1" dealt="1" sum="20"/>
<action no="5" player="danielbrad" type="2" discard="1" dealt="1" sum="40"/>
</round>
<round no="1"><cards type="Pocket" player="danielbrad">X X</cards>
<cards type="Pocket" player="oreiasccp">C2 C7</cards>
<cards type="Pocket" player="rexsoft169">X X</cards>
<action no="6" player="oreiasccp" type="0" sum="0"/>
<action no="7" player="rexsoft169" type="3" discard="1" dealt="1" sum="20"/>
<action no="8" player="danielbrad" type="23" discard="1" dealt="1" sum="343"/>
<action no="9" player="rexsoft169" type="0" discard="1" dealt="1" sum="0"/>
</round>
</game>
<game gamecode="11516831938"><general><startdate>2025-06-17 09:34:23</startdate>
<round>1</round>
<failsafecounter/>
<players><player seat="6" name="oreiasccp" chips="562" dealer="0" win="0" bet="125" muck="1" rebuy="0" addon="0" merge="0" rebuychips="0" reg_code="8385508389"/>
<player seat="10" name="rexsoft169" chips="540" dealer="1" win="275" bet="540" muck="1" rebuy="0" addon="0" merge="0" rebuychips="0" reg_code="8385508414"/>
<player seat="3" name="danielbrad" chips="398" dealer="0" win="0" bet="25" muck="1" rebuy="0" addon="0" merge="0" rebuychips="0" reg_code="8385508348"/>
</players>
</general>
<round no="0"><action no="1" player="danielbrad" type="15" discard="1" dealt="1" sum="5"/>
<action no="2" player="oreiasccp" type="15" sum="5"/>
<action no="3" player="rexsoft169" type="15" discard="1" dealt="1" sum="5"/>
<action no="4" player="danielbrad" type="1" discard="1" dealt="1" sum="20"/>
<action no="5" player="oreiasccp" type="2" sum="40"/>
</round>
<round no="1"><cards type="Pocket" player="oreiasccp">S6 DJ</cards>
<cards type="Pocket" player="danielbrad">X X</cards>
<cards type="Pocket" player="rexsoft169">X X</cards>
<action no="6" player="rexsoft169" type="3" discard="1" dealt="1" sum="40"/>
<action no="7" player="danielbrad" type="0" discard="1" dealt="1" sum="0"/>
<action no="8" player="oreiasccp" type="4" sum="0"/>
</round>
<round no="2"><cards type="Flop">DQ C6 CK</cards>
<action no="9" player="oreiasccp" type="4" sum="0"/>
<action no="10" player="rexsoft169" type="5" discard="1" dealt="1" sum="80"/>
<action no="11" player="oreiasccp" type="3" sum="80"/>
</round>
<round no="3"><cards type="Turn">SA</cards>
<action no="12" player="oreiasccp" type="4" sum="0"/>
<action no="13" player="rexsoft169" type="5" discard="1" dealt="1" sum="415"/>
<action no="14" player="oreiasccp" type="0" sum="0"/>
</round>
</game>
<game gamecode="11516832027"><general><startdate>2025-06-17 09:34:52</startdate>
<round>1</round>
<failsafecounter/>
<players><player seat="10" name="rexsoft169" chips="690" dealer="0" win="0" bet="65" muck="1" rebuy="0" addon="0" merge="0" rebuychips="0" reg_code="8385508414"/>
<player seat="3" name="danielbrad" chips="373" dealer="1" win="165" bet="373" muck="1" rebuy="0" addon="0" merge="0" rebuychips="0" reg_code="8385508348"/>
<player seat="6" name="oreiasccp" chips="437" dealer="0" win="0" bet="35" muck="1" rebuy="0" addon="0" merge="0" rebuychips="0" reg_code="8385508389"/>
</players>
</general>
<round no="0"><action no="1" player="oreiasccp" type="15" sum="5"/>
<action no="2" player="rexsoft169" type="15" discard="1" dealt="1" sum="5"/>
<action no="3" player="danielbrad" type="15" discard="1" dealt="1" sum="5"/>
<action no="4" player="oreiasccp" type="1" sum="30"/>
<action no="5" player="rexsoft169" type="2" discard="1" dealt="1" sum="60"/>
</round>
<round no="1"><cards type="Pocket" player="oreiasccp">H3 C5</cards>
<cards type="Pocket" player="danielbrad">X X</cards>
<cards type="Pocket" player="rexsoft169">X X</cards>
<action no="6" player="danielbrad" type="23" discard="1" dealt="1" sum="368"/>
<action no="7" player="oreiasccp" type="0" sum="0"/>
<action no="8" player="rexsoft169" type="0" discard="1" dealt="1" sum="0"/>
</round>
</game>
<game gamecode="11516832070"><general><startdate>2025-06-17 09:35:05</startdate>
<round>1</round>
<failsafecounter/>
<players><player seat="3" name="danielbrad" chips="473" dealer="0" win="0" bet="402" muck="1" rebuy="0" addon="0" merge="0" rebuychips="0" reg_code="8385508348"/>
<player seat="6" name="oreiasccp" chips="402" dealer="1" win="839" bet="402" muck="0" rebuy="0" addon="0" merge="0" rebuychips="0" reg_code="8385508389"/>
<player seat="10" name="rexsoft169" chips="625" dealer="0" win="0" bet="35" muck="1" rebuy="0" addon="0" merge="0" rebuychips="0" reg_code="8385508414"/>
</players>
</general>
<round no="0"><action no="1" player="rexsoft169" type="15" discard="1" dealt="1" sum="5"/>
<action no="2" player="danielbrad" type="15" discard="1" dealt="1" sum="5"/>
<action no="3" player="oreiasccp" type="15" sum="5"/>
<action no="4" player="rexsoft169" type="1" discard="1" dealt="1" sum="30"/>
<action no="5" player="danielbrad" type="2" discard="1" dealt="1" sum="60"/>
</round>
<round no="1"><cards type="Pocket" player="danielbrad">C9 S9</cards>
<cards type="Pocket" player="rexsoft169">X X</cards>
<cards type="Pocket" player="oreiasccp">HK S10</cards>
<action no="6" player="oreiasccp" type="23" sum="397"/>
<action no="7" player="rexsoft169" type="0" discard="1" dealt="1" sum="0"/>
<action no="8" player="danielbrad" type="3" discard="1" dealt="1" sum="337"/>
</round>
<round no="2"><cards type="Flop">S5 H10 C7</cards>
</round>
<round no="3"><cards type="Turn">D5</cards>
</round>
<round no="4"><cards type="River">C4</cards>
</round>
</game>
<game gamecode="11516837349"><general><startdate>2025-06-17 09:35:23</startdate>
<round>1</round>
<failsafecounter/>
<players><player seat="6" name="oreiasccp" chips="839" dealer="0" win="0" bet="65" muck="1" rebuy="0" addon="0" merge="0" rebuychips="0" reg_code="8385508389"/>
<player seat="10" name="rexsoft169" chips="590" dealer="1" win="207" bet="590" muck="0" rebuy="0" addon="0" merge="0" rebuychips="0" reg_code="8385508414"/>
<player seat="3" name="danielbrad" chips="71" dealer="0" win="0" bet="71" muck="1" rebuy="0" addon="0" merge="0" rebuychips="0" reg_code="8385508348"/>
</players>
</general>
<round no="0"><action no="1" player="danielbrad" type="15" discard="1" dealt="1" sum="5"/>
<action no="2" player="oreiasccp" type="15" sum="5"/>
<action no="3" player="rexsoft169" type="15" discard="1" dealt="1" sum="5"/>
<action no="4" player="danielbrad" type="1" discard="1" dealt="1" sum="30"/>
<action no="5" player="oreiasccp" type="2" sum="60"/>
</round>
<round no="1"><cards type="Pocket" player="rexsoft169">HJ CQ</cards>
<cards type="Pocket" player="oreiasccp">C8 D5</cards>
<cards type="Pocket" player="danielbrad">S9 DJ</cards>
<action no="6" player="rexsoft169" type="23" discard="1" dealt="1" sum="585"/>
<action no="7" player="danielbrad" type="7" discard="1" dealt="1" sum="36"/>
<action no="8" player="oreiasccp" type="0" sum="0"/>
</round>
<round no="2"><cards type="Flop">HA C7 D3</cards>
</round>
<round no="3"><cards type="Turn">H8</cards>
</round>
<round no="4"><cards type="River">H6</cards>
</round>
</game>
<game gamecode="11516837409"><general><startdate>2025-06-17 09:35:44</startdate>
<round>1</round>
<failsafecounter/>
<players><player seat="10" name="rexsoft169" chips="726" dealer="0" win="250" bet="726" muck="1" rebuy="0" addon="0" merge="0" rebuychips="0" reg_code="8385508414"/>
<player seat="6" name="oreiasccp" chips="774" dealer="1" win="0" bet="125" muck="1" rebuy="0" addon="0" merge="0" rebuychips="0" reg_code="8385508389"/>
</players>
</general>
<round no="0"><action no="1" player="oreiasccp" type="15" sum="5"/>
<action no="2" player="rexsoft169" type="15" discard="1" dealt="1" sum="5"/>
<action no="3" player="oreiasccp" type="1" sum="30"/>
<action no="4" player="rexsoft169" type="2" discard="1" dealt="1" sum="60"/>
</round>
<round no="1"><cards type="Pocket" player="oreiasccp">H6 D5</cards>
<cards type="Pocket" player="rexsoft169">X X</cards>
<action no="5" player="oreiasccp" type="3" sum="30"/>
<action no="6" player="rexsoft169" type="4" discard="1" dealt="1" sum="0"/>
</round>
<round no="2"><cards type="Flop">DJ D9 HK</cards>
<action no="7" player="rexsoft169" type="4" discard="1" dealt="1" sum="0"/>
<action no="8" player="oreiasccp" type="5" sum="60"/>
<action no="9" player="rexsoft169" type="23" discard="1" dealt="1" sum="661"/>
<action no="10" player="oreiasccp" type="0" sum="0"/>
</round>
</game>
<game gamecode="11516837469"><general><startdate>2025-06-17 09:36:02</startdate>
<round>1</round>
<failsafecounter/>
<players><player seat="6" name="oreiasccp" chips="649" dealer="0" win="0" bet="125" muck="1" rebuy="0" addon="0" merge="0" rebuychips="0" reg_code="8385508389"/>
<player seat="10" name="rexsoft169" chips="851" dealer="1" win="250" bet="125" muck="0" rebuy="0" addon="0" merge="0" rebuychips="0" reg_code="8385508414"/>
</players>
</general>
<round no="0"><action no="1" player="rexsoft169" type="15" discard="1" dealt="1" sum="5"/>
<action no="2" player="oreiasccp" type="15" sum="5"/>
<action no="3" player="rexsoft169" type="1" discard="1" dealt="1" sum="30"/>
<action no="4" player="oreiasccp" type="2" sum="60"/>
</round>
<round no="1"><cards type="Pocket" player="oreiasccp">C5 DJ</cards>
<cards type="Pocket" player="rexsoft169">DQ CJ</cards>
<action no="5" player="rexsoft169" type="3" discard="1" dealt="1" sum="30"/>
<action no="6" player="oreiasccp" type="4" sum="0"/>
</round>
<round no="2"><cards type="Flop">C8 S7 D6</cards>
<action no="7" player="oreiasccp" type="4" sum="0"/>
<action no="8" player="rexsoft169" type="4" discard="1" dealt="1" sum="0"/>
</round>
<round no="3"><cards type="Turn">C10</cards>
<action no="9" player="oreiasccp" type="5" sum="60"/>
<action no="10" player="rexsoft169" type="3" discard="1" dealt="1" sum="60"/>
</round>
<round no="4"><cards type="River">H10</cards>
<action no="11" player="oreiasccp" type="4" sum="0"/>
<action no="12" player="rexsoft169" type="4" discard="1" dealt="1" sum="0"/>
</round>
</game>
<game gamecode="11516837545"><general><startdate>2025-06-17 09:36:23</startdate>
<round>1</round>
<failsafecounter/>
<players><player seat="10" name="rexsoft169" chips="976" dealer="0" win="70" bet="65" muck="1" rebuy="0" addon="0" merge="0" rebuychips="0" reg_code="8385508414"/>
<player seat="6" name="oreiasccp" chips="524" dealer="1" win="0" bet="35" muck="1" rebuy="0" addon="0" merge="0" rebuychips="0" reg_code="8385508389"/>
</players>
</general>
<round no="0"><action no="1" player="oreiasccp" type="15" sum="5"/>
<action no="2" player="rexsoft169" type="15" discard="1" dealt="1" sum="5"/>
<action no="3" player="oreiasccp" type="1" sum="30"/>
<action no="4" player="rexsoft169" type="2" discard="1" dealt="1" sum="60"/>
</round>
<round no="1"><cards type="Pocket" player="rexsoft169">X X</cards>
<cards type="Pocket" player="oreiasccp">H6 C4</cards>
<action no="5" player="oreiasccp" type="0" sum="0"/>
</round>
</game>
<game gamecode="11516837563"><general><startdate>2025-06-17 09:36:28</startdate>
<round>1</round>
<failsafecounter/>
<players><player seat="6" name="oreiasccp" chips="489" dealer="0" win="70" bet="65" muck="1" rebuy="0" addon="0" merge="0" rebuychips="0" reg_code="8385508389"/>
<player seat="10" name="rexsoft169" chips="1,011" dealer="1" win="0" bet="35" muck="1" rebuy="0" addon="0" merge="0" rebuychips="0" reg_code="8385508414"/>
</players>
</general>
<round no="0"><action no="1" player="rexsoft169" type="15" discard="1" dealt="1" sum="5"/>
<action no="2" player="oreiasccp" type="15" sum="5"/>
<action no="3" player="rexsoft169" type="1" discard="1" dealt="1" sum="30"/>
<action no="4" player="oreiasccp" type="2" sum="60"/>
</round>
<round no="1"><cards type="Pocket" player="rexsoft169">X X</cards>
<cards type="Pocket" player="oreiasccp">S5 CJ</cards>
<action no="5" player="rexsoft169" type="0" discard="1" dealt="1" sum="0"/>
</round>
</game>
<game gamecode="11516837592"><general><startdate>2025-06-17 09:36:36</startdate>
<round>1</round>
<failsafecounter/>
<players><player seat="10" name="rexsoft169" chips="976" dealer="0" win="1,048" bet="524" muck="0" rebuy="0" addon="0" merge="0" rebuychips="0" reg_code="8385508414"/>
<player seat="6" name="oreiasccp" chips="524" dealer="1" win="0" bet="524" muck="0" rebuy="0" addon="0" merge="0" rebuychips="0" reg_code="8385508389"/>
</players>
</general>
<round no="0"><action no="1" player="oreiasccp" type="15" sum="8"/>
<action no="2" player="rexsoft169" type="15" discard="1" dealt="1" sum="8"/>
<action no="3" player="oreiasccp" type="1" sum="40"/>
<action no="4" player="rexsoft169" type="2" discard="1" dealt="1" sum="80"/>
</round>
<round no="1"><cards type="Pocket" player="oreiasccp">D10 HK</cards>
<cards type="Pocket" player="rexsoft169">DA HA</cards>
<action no="5" player="oreiasccp" type="23" sum="516"/>
<action no="6" player="rexsoft169" type="3" discard="1" dealt="1" sum="436"/>
</round>
<round no="2"><cards type="Flop">CJ C4 S5</cards>
</round>
<round no="3"><cards type="Turn">C5</cards>
</round>
<round no="4"><cards type="River">H9</cards>
</round>
</game>
</session>
