<?xml version="1.0" encoding="UTF-8"?>
<session sessioncode="8385479421">
<general>
<client_version>24.7.1.16</client_version>
<mode>real</mode>
<gametype>Holdem NL</gametype>
<tablename>Twister €5 SNG, 1127658926</tablename>
<tournamentcode>1127658925</tournamentcode>
<tournamentname>Twister €5 SNG</tournamentname>
<buyin>€0 + €0.35 + €4.65</buyin>
<totalbuyin>€5</totalbuyin>
<rewarddrawn>€15</rewarddrawn>
<tournamentcurrency>EUR</tournamentcurrency>
<currency>EUR</currency>
<nickname>oreiasccp</nickname>
<gamecount>14</gamecount>
<startdate>2025-06-17 06:51:47</startdate>
<place>2</place>
<win>€0</win>
<tablesize>3</tablesize>
</general>
<game gamecode="11516739243"><general><startdate>2025-06-17 06:52:03</startdate>
<round>1</round>
<failsafecounter/>
<players><player seat="6" name="oreiasccp" chips="500" dealer="0" win="0" bet="90" muck="1" rebuy="0" addon="0" merge="0" rebuychips="0" reg_code="8385479421"/>
<player seat="10" name="Zaranit" chips="500" dealer="1" win="0" bet="0" muck="1" rebuy="0" addon="0" merge="0" rebuychips="0" reg_code="8385479437"/>
<player seat="3" name="bobbb1" chips="500" dealer="0" win="180" bet="90" muck="0" rebuy="0" addon="0" merge="0" rebuychips="0" reg_code="8385479261"/>
</players>
</general>
<round no="0"><action no="1" player="bobbb1" type="1" discard="1" dealt="1" sum="10"/>
<action no="2" player="oreiasccp" type="2" sum="20"/>
</round>
<round no="1"><cards type="Pocket" player="oreiasccp">S9 S3</cards>
<cards type="Pocket" player="bobbb1">SK D10</cards>
<cards type="Pocket" player="Zaranit">X X</cards>
<action no="3" player="Zaranit" type="0" discard="1" dealt="1" sum="0"/>
<action no="4" player="bobbb1" type="23" discard="1" dealt="1" sum="60"/>
<action no="5" player="oreiasccp" type="3" sum="40"/>
</round>
<round no="2"><cards type="Flop">C3 DA HQ</cards>
<action no="6" player="bobbb1" type="5" discard="1" dealt="1" sum="30"/>
<action no="7" player="oreiasccp" type="3" sum="30"/>
</round>
<round no="3"><cards type="Turn">D6</cards>
<action no="8" player="bobbb1" type="4" discard="1" dealt="1" sum="0"/>
<action no="9" player="oreiasccp" type="4" sum="0"/>
</round>
<round no="4"><cards type="River">S10</cards>
<action no="10" player="bobbb1" type="4" discard="1" dealt="1" sum="0"/>
<action no="11" player="oreiasccp" type="4" sum="0"/>
</round>
</game>
<game gamecode="11516739317"><general><startdate>2025-06-17 06:52:34</startdate>
<round>1</round>
<failsafecounter/>
<players><player seat="10" name="Zaranit" chips="500" dealer="0" win="120" bet="180" muck="1" rebuy="0" addon="0" merge="0" rebuychips="0" reg_code="8385479437"/>
<player seat="3" name="bobbb1" chips="590" dealer="1" win="0" bet="0" muck="1" rebuy="0" addon="0" merge="0" rebuychips="0" reg_code="8385479261"/>
<player seat="6" name="oreiasccp" chips="410" dealer="0" win="0" bet="60" muck="1" rebuy="0" addon="0" merge="0" rebuychips="0" reg_code="8385479421"/>
</players>
</general>
<round no="0"><action no="1" player="oreiasccp" type="1" sum="10"/>
<action no="2" player="Zaranit" type="2" discard="1" dealt="1" sum="20"/>
</round>
<round no="1"><cards type="Pocket" player="bobbb1">X X</cards>
<cards type="Pocket" player="Zaranit">X X</cards>
<cards type="Pocket" player="oreiasccp">D3 CA</cards>
<action no="3" player="bobbb1" type="0" discard="1" dealt="1" sum="0"/>
<action no="4" player="oreiasccp" type="23" sum="40"/>
<action no="5" player="Zaranit" type="3" discard="1" dealt="1" sum="20"/>
</round>
<round no="2"><cards type="Flop">D8 S6 CQ</cards>
<action no="6" player="oreiasccp" type="5" sum="20"/>
<action no="7" player="Zaranit" type="3" discard="1" dealt="1" sum="20"/>
</round>
<round no="3"><cards type="Turn">HK</cards>
<action no="8" player="oreiasccp" type="4" sum="0"/>
<action no="9" player="Zaranit" type="4" discard="1" dealt="1" sum="0"/>
</round>
<round no="4"><cards type="River">C6</cards>
<action no="10" player="oreiasccp" type="4" sum="0"/>
<action no="11" player="Zaranit" type="5" discard="1" dealt="1" sum="120"/>
<action no="12" player="oreiasccp" type="0" sum="0"/>
</round>
</game>
<game gamecode="11516742378"><general><startdate>2025-06-17 06:53:16</startdate>
<round>1</round>
<failsafecounter/>
<players><player seat="3" name="bobbb1" chips="590" dealer="0" win="0" bet="590" muck="0" rebuy="0" addon="0" merge="0" rebuychips="0" reg_code="8385479261"/>
<player seat="6" name="oreiasccp" chips="350" dealer="1" win="710" bet="350" muck="0" rebuy="0" addon="0" merge="0" rebuychips="0" reg_code="8385479421"/>
<player seat="10" name="Zaranit" chips="560" dealer="0" win="0" bet="10" muck="1" rebuy="0" addon="0" merge="0" rebuychips="0" reg_code="8385479437"/>
</players>
</general>
<round no="0"><action no="1" player="Zaranit" type="1" discard="1" dealt="1" sum="10"/>
<action no="2" player="bobbb1" type="2" discard="1" dealt="1" sum="20"/>
</round>
<round no="1"><cards type="Pocket" player="oreiasccp">CQ HA</cards>
<cards type="Pocket" player="bobbb1">C2 S2</cards>
<cards type="Pocket" player="Zaranit">X X</cards>
<action no="3" player="oreiasccp" type="23" sum="40"/>
<action no="4" player="Zaranit" type="0" discard="1" dealt="1" sum="0"/>
<action no="5" player="bobbb1" type="23" discard="1" dealt="1" sum="590"/>
<action no="6" player="oreiasccp" type="7" sum="310"/>
</round>
<round no="2"><cards type="Flop">DJ S9 H3</cards>
</round>
<round no="3"><cards type="Turn">D10</cards>
</round>
<round no="4"><cards type="River">HK</cards>
</round>
</game>
<game gamecode="11516742454"><general><startdate>2025-06-17 06:53:44</startdate>
<round>1</round>
<failsafecounter/>
<players><player seat="6" name="oreiasccp" chips="710" dealer="0" win="65" bet="60" muck="0" rebuy="0" addon="0" merge="0" rebuychips="0" reg_code="8385479421"/>
<player seat="10" name="Zaranit" chips="550" dealer="1" win="65" bet="60" muck="0" rebuy="0" addon="0" merge="0" rebuychips="0" reg_code="8385479437"/>
<player seat="3" name="bobbb1" chips="240" dealer="0" win="0" bet="10" muck="1" rebuy="0" addon="0" merge="0" rebuychips="0" reg_code="8385479261"/>
</players>
</general>
<round no="0"><action no="1" player="bobbb1" type="1" discard="1" dealt="1" sum="10"/>
<action no="2" player="oreiasccp" type="2" sum="20"/>
</round>
<round no="1"><cards type="Pocket" player="oreiasccp">S3 HA</cards>
<cards type="Pocket" player="Zaranit">DA C8</cards>
<cards type="Pocket" player="bobbb1">X X</cards>
<action no="3" player="Zaranit" type="23" discard="1" dealt="1" sum="40"/>
<action no="4" player="bobbb1" type="0" discard="1" dealt="1" sum="0"/>
<action no="5" player="oreiasccp" type="3" sum="20"/>
</round>
<round no="2"><cards type="Flop">C4 S4 HK</cards>
<action no="6" player="oreiasccp" type="4" sum="0"/>
<action no="7" player="Zaranit" type="5" discard="1" dealt="1" sum="20"/>
<action no="8" player="oreiasccp" type="3" sum="20"/>
</round>
<round no="3"><cards type="Turn">H10</cards>
<action no="9" player="oreiasccp" type="4" sum="0"/>
<action no="10" player="Zaranit" type="4" discard="1" dealt="1" sum="0"/>
</round>
<round no="4"><cards type="River">CJ</cards>
<action no="11" player="oreiasccp" type="4" sum="0"/>
<action no="12" player="Zaranit" type="4" discard="1" dealt="1" sum="0"/>
</round>
</game>
<game gamecode="11516742607"><general><startdate>2025-06-17 06:54:36</startdate>
<round>1</round>
<failsafecounter/>
<players><player seat="10" name="Zaranit" chips="555" dealer="0" win="0" bet="35" muck="1" rebuy="0" addon="0" merge="0" rebuychips="0" reg_code="8385479437"/>
<player seat="3" name="bobbb1" chips="230" dealer="1" win="90" bet="230" muck="1" rebuy="0" addon="0" merge="0" rebuychips="0" reg_code="8385479261"/>
<player seat="6" name="oreiasccp" chips="715" dealer="0" win="0" bet="20" muck="1" rebuy="0" addon="0" merge="0" rebuychips="0" reg_code="8385479421"/>
</players>
</general>
<round no="0"><action no="1" player="oreiasccp" type="15" sum="5"/>
<action no="2" player="Zaranit" type="15" discard="1" dealt="1" sum="5"/>
<action no="3" player="bobbb1" type="15" discard="1" dealt="1" sum="5"/>
<action no="4" player="oreiasccp" type="1" sum="15"/>
<action no="5" player="Zaranit" type="2" discard="1" dealt="1" sum="30"/>
</round>
<round no="1"><cards type="Pocket" player="Zaranit">X X</cards>
<cards type="Pocket" player="oreiasccp">D4 C3</cards>
<cards type="Pocket" player="bobbb1">X X</cards>
<action no="6" player="bobbb1" type="23" discard="1" dealt="1" sum="225"/>
<action no="7" player="oreiasccp" type="0" sum="0"/>
<action no="8" player="Zaranit" type="0" discard="1" dealt="1" sum="0"/>
</round>
</game>
<game gamecode="11516742628"><general><startdate>2025-06-17 06:54:46</startdate>
<round>1</round>
<failsafecounter/>
<players><player seat="3" name="bobbb1" chips="285" dealer="0" win="0" bet="285" muck="0" rebuy="0" addon="0" merge="0" rebuychips="0" reg_code="8385479261"/>
<player seat="6" name="oreiasccp" chips="695" dealer="1" win="0" bet="5" muck="1" rebuy="0" addon="0" merge="0" rebuychips="0" reg_code="8385479421"/>
<player seat="10" name="Zaranit" chips="520" dealer="0" win="575" bet="520" muck="0" rebuy="0" addon="0" merge="0" rebuychips="0" reg_code="8385479437"/>
</players>
</general>
<round no="0"><action no="1" player="Zaranit" type="15" discard="1" dealt="1" sum="5"/>
<action no="2" player="bobbb1" type="15" discard="1" dealt="1" sum="5"/>
<action no="3" player="oreiasccp" type="15" sum="5"/>
<action no="4" player="Zaranit" type="1" discard="1" dealt="1" sum="15"/>
<action no="5" player="bobbb1" type="2" discard="1" dealt="1" sum="30"/>
</round>
<round no="1"><cards type="Pocket" player="oreiasccp">S8 D3</cards>
<cards type="Pocket" player="bobbb1">H10 HA</cards>
<cards type="Pocket" player="Zaranit">H8 H7</cards>
<action no="6" player="oreiasccp" type="0" sum="0"/>
<action no="7" player="Zaranit" type="23" discard="1" dealt="1" sum="515"/>
<action no="8" player="bobbb1" type="7" discard="1" dealt="1" sum="250"/>
</round>
<round no="2"><cards type="Flop">D8 C5 H2</cards>
</round>
<round no="3"><cards type="Turn">SK</cards>
</round>
<round no="4"><cards type="River">C2</cards>
</round>
</game>
<game gamecode="11516742697"><general><startdate>2025-06-17 06:55:10</startdate>
<round>1</round>
<failsafecounter/>
<players><player seat="6" name="oreiasccp" chips="690" dealer="0" win="0" bet="35" muck="1" rebuy="0" addon="0" merge="0" rebuychips="0" reg_code="8385479421"/>
<player seat="10" name="Zaranit" chips="810" dealer="1" win="70" bet="65" muck="1" rebuy="0" addon="0" merge="0" rebuychips="0" reg_code="8385479437"/>
</players>
</general>
<round no="0"><action no="1" player="Zaranit" type="15" discard="1" dealt="1" sum="5"/>
<action no="2" player="oreiasccp" type="15" sum="5"/>
<action no="3" player="Zaranit" type="1" discard="1" dealt="1" sum="15"/>
<action no="4" player="oreiasccp" type="2" sum="30"/>
</round>
<round no="1"><cards type="Pocket" player="oreiasccp">S4 H9</cards>
<cards type="Pocket" player="Zaranit">X X</cards>
<action no="5" player="Zaranit" type="3" discard="1" dealt="1" sum="15"/>
<action no="6" player="oreiasccp" type="4" sum="0"/>
</round>
<round no="2"><cards type="Flop">CK HK CA</cards>
<action no="7" player="oreiasccp" type="4" sum="0"/>
<action no="8" player="Zaranit" type="5" discard="1" dealt="1" sum="30"/>
<action no="9" player="oreiasccp" type="0" sum="0"/>
</round>
</game>
<game gamecode="11516742773"><general><startdate>2025-06-17 06:55:37</startdate>
<round>1</round>
<failsafecounter/>
<players><player seat="10" name="Zaranit" chips="845" dealer="0" win="224" bet="186" muck="1" rebuy="0" addon="0" merge="0" rebuychips="0" reg_code="8385479437"/>
<player seat="6" name="oreiasccp" chips="655" dealer="1" win="0" bet="112" muck="1" rebuy="0" addon="0" merge="0" rebuychips="0" reg_code="8385479421"/>
</players>
</general>
<round no="0"><action no="1" player="oreiasccp" type="15" sum="5"/>
<action no="2" player="Zaranit" type="15" discard="1" dealt="1" sum="5"/>
<action no="3" player="oreiasccp" type="1" sum="15"/>
<action no="4" player="Zaranit" type="2" discard="1" dealt="1" sum="30"/>
</round>
<round no="1"><cards type="Pocket" player="Zaranit">X X</cards>
<cards type="Pocket" player="oreiasccp">CJ S7</cards>
<action no="5" player="oreiasccp" type="23" sum="60"/>
<action no="6" player="Zaranit" type="3" discard="1" dealt="1" sum="30"/>
</round>
<round no="2"><cards type="Flop">S3 D5 S5</cards>
<action no="7" player="Zaranit" type="4" discard="1" dealt="1" sum="0"/>
<action no="8" player="oreiasccp" type="5" sum="47"/>
<action no="9" player="Zaranit" type="23" discard="1" dealt="1" sum="121"/>
<action no="10" player="oreiasccp" type="0" sum="0"/>
</round>
</game>
<game gamecode="11516742831"><general><startdate>2025-06-17 06:55:57</startdate>
<round>1</round>
<failsafecounter/>
<players><player seat="6" name="oreiasccp" chips="543" dealer="0" win="0" bet="260" muck="1" rebuy="0" addon="0" merge="0" rebuychips="0" reg_code="8385479421"/>
<player seat="10" name="Zaranit" chips="957" dealer="1" win="520" bet="260" muck="0" rebuy="0" addon="0" merge="0" rebuychips="0" reg_code="8385479437"/>
</players>
</general>
<round no="0"><action no="1" player="Zaranit" type="15" discard="1" dealt="1" sum="5"/>
<action no="2" player="oreiasccp" type="15" sum="5"/>
<action no="3" player="Zaranit" type="1" discard="1" dealt="1" sum="15"/>
<action no="4" player="oreiasccp" type="2" sum="30"/>
</round>
<round no="1"><cards type="Pocket" player="oreiasccp">D9 CJ</cards>
<cards type="Pocket" player="Zaranit">C7 S4</cards>
<action no="5" player="Zaranit" type="23" discard="1" dealt="1" sum="60"/>
<action no="6" player="oreiasccp" type="3" sum="30"/>
</round>
<round no="2"><cards type="Flop">C3 D8 S10</cards>
<action no="7" player="oreiasccp" type="4" sum="0"/>
<action no="8" player="Zaranit" type="5" discard="1" dealt="1" sum="39"/>
<action no="9" player="oreiasccp" type="3" sum="39"/>
</round>
<round no="3"><cards type="Turn">C4</cards>
<action no="10" player="oreiasccp" type="4" sum="0"/>
<action no="11" player="Zaranit" type="5" discard="1" dealt="1" sum="156"/>
<action no="12" player="oreiasccp" type="3" sum="156"/>
</round>
<round no="4"><cards type="River">H8</cards>
<action no="13" player="oreiasccp" type="4" sum="0"/>
<action no="14" player="Zaranit" type="4" discard="1" dealt="1" sum="0"/>
</round>
</game>
<game gamecode="11516742934"><general><startdate>2025-06-17 06:56:40</startdate>
<round>1</round>
<failsafecounter/>
<players><player seat="10" name="Zaranit" chips="1,217" dealer="0" win="0" bet="45" muck="1" rebuy="0" addon="0" merge="0" rebuychips="0" reg_code="8385479437"/>
<player seat="6" name="oreiasccp" chips="283" dealer="1" win="90" bet="283" muck="1" rebuy="0" addon="0" merge="0" rebuychips="0" reg_code="8385479421"/>
</players>
</general>
<round no="0"><action no="1" player="oreiasccp" type="15" sum="5"/>
<action no="2" player="Zaranit" type="15" discard="1" dealt="1" sum="5"/>
<action no="3" player="oreiasccp" type="1" sum="20"/>
<action no="4" player="Zaranit" type="2" discard="1" dealt="1" sum="40"/>
</round>
<round no="1"><cards type="Pocket" player="Zaranit">X X</cards>
<cards type="Pocket" player="oreiasccp">C5 C4</cards>
<action no="5" player="oreiasccp" type="23" sum="278"/>
<action no="6" player="Zaranit" type="0" discard="1" dealt="1" sum="0"/>
</round>
</game>
<game gamecode="11516742953"><general><startdate>2025-06-17 06:56:47</startdate>
<round>1</round>
<failsafecounter/>
<players><player seat="6" name="oreiasccp" chips="328" dealer="0" win="90" bet="328" muck="1" rebuy="0" addon="0" merge="0" rebuychips="0" reg_code="8385479421"/>
<player seat="10" name="Zaranit" chips="1,172" dealer="1" win="0" bet="45" muck="1" rebuy="0" addon="0" merge="0" rebuychips="0" reg_code="8385479437"/>
</players>
</general>
<round no="0"><action no="1" player="Zaranit" type="15" discard="1" dealt="1" sum="5"/>
<action no="2" player="oreiasccp" type="15" sum="5"/>
<action no="3" player="Zaranit" type="1" discard="1" dealt="1" sum="20"/>
<action no="4" player="oreiasccp" type="2" sum="40"/>
</round>
<round no="1"><cards type="Pocket" player="oreiasccp">SQ C6</cards>
<cards type="Pocket" player="Zaranit">X X</cards>
<action no="5" player="Zaranit" type="3" discard="1" dealt="1" sum="20"/>
<action no="6" player="oreiasccp" type="23" sum="323"/>
<action no="7" player="Zaranit" type="0" discard="1" dealt="1" sum="0"/>
</round>
</game>
<game gamecode="11516742985"><general><startdate>2025-06-17 06:56:57</startdate>
<round>1</round>
<failsafecounter/>
<players><player seat="10" name="Zaranit" chips="1,127" dealer="0" win="0" bet="45" muck="1" rebuy="0" addon="0" merge="0" rebuychips="0" reg_code="8385479437"/>
<player seat="6" name="oreiasccp" chips="373" dealer="1" win="90" bet="373" muck="1" rebuy="0" addon="0" merge="0" rebuychips="0" reg_code="8385479421"/>
</players>
</general>
<round no="0"><action no="1" player="oreiasccp" type="15" sum="5"/>
<action no="2" player="Zaranit" type="15" discard="1" dealt="1" sum="5"/>
<action no="3" player="oreiasccp" type="1" sum="20"/>
<action no="4" player="Zaranit" type="2" discard="1" dealt="1" sum="40"/>
</round>
<round no="1"><cards type="Pocket" player="oreiasccp">DQ HJ</cards>
<cards type="Pocket" player="Zaranit">X X</cards>
<action no="5" player="oreiasccp" type="23" sum="368"/>
<action no="6" player="Zaranit" type="0" discard="1" dealt="1" sum="0"/>
</round>
</game>
<game gamecode="11516743005"><general><startdate>2025-06-17 06:57:05</startdate>
<round>1</round>
<failsafecounter/>
<players><player seat="6" name="oreiasccp" chips="418" dealer="0" win="0" bet="45" muck="1" rebuy="0" addon="0" merge="0" rebuychips="0" reg_code="8385479421"/>
<player seat="10" name="Zaranit" chips="1,082" dealer="1" win="90" bet="1,082" muck="1" rebuy="0" addon="0" merge="0" rebuychips="0" reg_code="8385479437"/>
</players>
</general>
<round no="0"><action no="1" player="Zaranit" type="15" discard="1" dealt="1" sum="5"/>
<action no="2" player="oreiasccp" type="15" sum="5"/>
<action no="3" player="Zaranit" type="1" discard="1" dealt="1" sum="20"/>
<action no="4" player="oreiasccp" type="2" sum="40"/>
</round>
<round no="1"><cards type="Pocket" player="Zaranit">X X</cards>
<cards type="Pocket" player="oreiasccp">SK D4</cards>
<action no="5" player="Zaranit" type="23" discard="1" dealt="1" sum="1,077"/>
<action no="6" player="oreiasccp" type="0" sum="0"/>
</round>
</game>
<game gamecode="11516743026"><general><startdate>2025-06-17 06:57:14</startdate>
<round>1</round>
<failsafecounter/>
<players><player seat="10" name="Zaranit" chips="1,127" dealer="0" win="746" bet="373" muck="0" rebuy="0" addon="0" merge="0" rebuychips="0" reg_code="8385479437"/>
<player seat="6" name="oreiasccp" chips="373" dealer="1" win="0" bet="373" muck="0" rebuy="0" addon="0" merge="0" rebuychips="0" reg_code="8385479421"/>
</players>
</general>
<round no="0"><action no="1" player="oreiasccp" type="15" sum="5"/>
<action no="2" player="Zaranit" type="15" discard="1" dealt="1" sum="5"/>
<action no="3" player="oreiasccp" type="1" sum="20"/>
<action no="4" player="Zaranit" type="2" discard="1" dealt="1" sum="40"/>
</round>
<round no="1"><cards type="Pocket" player="oreiasccp">C2 CQ</cards>
<cards type="Pocket" player="Zaranit">SK CJ</cards>
<action no="5" player="oreiasccp" type="23" sum="368"/>
<action no="6" player="Zaranit" type="3" discard="1" dealt="1" sum="328"/>
</round>
<round no="2"><cards type="Flop">C10 DJ SA</cards>
</round>
<round no="3"><cards type="Turn">H8</cards>
</round>
<round no="4"><cards type="River">H7</cards>
</round>
</game>
</session>
