<?xml version="1.0" encoding="UTF-8"?>
<session sessioncode="8385495172">
<general>
<client_version>24.7.1.16</client_version>
<mode>real</mode>
<gametype>Holdem NL</gametype>
<tablename>Twister €5 SNG, 1127662288</tablename>
<tournamentcode>1127662287</tournamentcode>
<tournamentname>Twister €5 SNG</tournamentname>
<buyin>€0 + €0.35 + €4.65</buyin>
<totalbuyin>€5</totalbuyin>
<rewarddrawn>€10</rewarddrawn>
<tournamentcurrency>EUR</tournamentcurrency>
<currency>EUR</currency>
<nickname>oreiasccp</nickname>
<gamecount>25</gamecount>
<startdate>2025-06-17 08:27:21</startdate>
<place>3</place>
<win>€0</win>
<tablesize>3</tablesize>
</general>
<game gamecode="11516791185"><general><startdate>2025-06-17 08:27:36</startdate>
<round>1</round>
<failsafecounter/>
<players><player seat="6" name="bobbb1" chips="500" dealer="0" win="0" bet="40" muck="1" rebuy="0" addon="0" merge="0" rebuychips="0" reg_code="8385495397"/>
<player seat="10" name="Darnok210" chips="500" dealer="1" win="0" bet="0" muck="1" rebuy="0" addon="0" merge="0" rebuychips="0" reg_code="8385495446"/>
<player seat="3" name="oreiasccp" chips="500" dealer="0" win="80" bet="40" muck="0" rebuy="0" addon="0" merge="0" rebuychips="0" reg_code="8385495172"/>
</players>
</general>
<round no="0"><action no="1" player="oreiasccp" type="1" sum="10"/>
<action no="2" player="bobbb1" type="2" discard="1" dealt="1" sum="20"/>
</round>
<round no="1"><cards type="Pocket" player="bobbb1">CK H8</cards>
<cards type="Pocket" player="oreiasccp">C9 C3</cards>
<cards type="Pocket" player="Darnok210">X X</cards>
<action no="3" player="Darnok210" type="0" discard="1" dealt="1" sum="0"/>
<action no="4" player="oreiasccp" type="23" sum="40"/>
<action no="5" player="bobbb1" type="3" discard="1" dealt="1" sum="20"/>
</round>
<round no="2"><cards type="Flop">C2 H10 H3</cards>
<action no="6" player="oreiasccp" type="4" sum="0"/>
<action no="7" player="bobbb1" type="4" discard="1" dealt="1" sum="0"/>
</round>
<round no="3"><cards type="Turn">SA</cards>
<action no="8" player="oreiasccp" type="4" sum="0"/>
<action no="9" player="bobbb1" type="4" discard="1" dealt="1" sum="0"/>
</round>
<round no="4"><cards type="River">D7</cards>
<action no="10" player="oreiasccp" type="4" sum="0"/>
<action no="11" player="bobbb1" type="4" discard="1" dealt="1" sum="0"/>
</round>
</game>
<game gamecode="11516791268"><general><startdate>2025-06-17 08:28:11</startdate>
<round>1</round>
<failsafecounter/>
<players><player seat="10" name="Darnok210" chips="500" dealer="0" win="20" bet="20" muck="1" rebuy="0" addon="0" merge="0" rebuychips="0" reg_code="8385495446"/>
<player seat="3" name="oreiasccp" chips="540" dealer="1" win="0" bet="0" muck="1" rebuy="0" addon="0" merge="0" rebuychips="0" reg_code="8385495172"/>
<player seat="6" name="bobbb1" chips="460" dealer="0" win="0" bet="10" muck="1" rebuy="0" addon="0" merge="0" rebuychips="0" reg_code="8385495397"/>
</players>
</general>
<round no="0"><action no="1" player="bobbb1" type="1" discard="1" dealt="1" sum="10"/>
<action no="2" player="Darnok210" type="2" discard="1" dealt="1" sum="20"/>
</round>
<round no="1"><cards type="Pocket" player="bobbb1">X X</cards>
<cards type="Pocket" player="Darnok210">X X</cards>
<cards type="Pocket" player="oreiasccp">C2 D6</cards>
<action no="3" player="oreiasccp" type="0" sum="0"/>
<action no="4" player="bobbb1" type="0" discard="1" dealt="1" sum="0"/>
</round>
</game>
<game gamecode="11516791295"><general><startdate>2025-06-17 08:28:21</startdate>
<round>1</round>
<failsafecounter/>
<players><player seat="3" name="oreiasccp" chips="540" dealer="0" win="0" bet="40" muck="1" rebuy="0" addon="0" merge="0" rebuychips="0" reg_code="8385495172"/>
<player seat="6" name="bobbb1" chips="450" dealer="1" win="90" bet="70" muck="1" rebuy="0" addon="0" merge="0" rebuychips="0" reg_code="8385495397"/>
<player seat="10" name="Darnok210" chips="510" dealer="0" win="0" bet="10" muck="1" rebuy="0" addon="0" merge="0" rebuychips="0" reg_code="8385495446"/>
</players>
</general>
<round no="0"><action no="1" player="Darnok210" type="1" discard="1" dealt="1" sum="10"/>
<action no="2" player="oreiasccp" type="2" sum="20"/>
</round>
<round no="1"><cards type="Pocket" player="Darnok210">X X</cards>
<cards type="Pocket" player="oreiasccp">S9 HK</cards>
<cards type="Pocket" player="bobbb1">X X</cards>
<action no="3" player="bobbb1" type="23" discard="1" dealt="1" sum="40"/>
<action no="4" player="Darnok210" type="0" discard="1" dealt="1" sum="0"/>
<action no="5" player="oreiasccp" type="3" sum="20"/>
</round>
<round no="2"><cards type="Flop">HQ H6 CA</cards>
<action no="6" player="oreiasccp" type="4" sum="0"/>
<action no="7" player="bobbb1" type="5" discard="1" dealt="1" sum="30"/>
<action no="8" player="oreiasccp" type="0" sum="0"/>
</round>
</game>
<game gamecode="11516791346"><general><startdate>2025-06-17 08:28:40</startdate>
<round>1</round>
<failsafecounter/>
<players><player seat="6" name="bobbb1" chips="500" dealer="0" win="0" bet="67" muck="0" rebuy="0" addon="0" merge="0" rebuychips="0" reg_code="8385495397"/>
<player seat="10" name="Darnok210" chips="500" dealer="1" win="144" bet="67" muck="0" rebuy="0" addon="0" merge="0" rebuychips="0" reg_code="8385495446"/>
<player seat="3" name="oreiasccp" chips="500" dealer="0" win="0" bet="10" muck="1" rebuy="0" addon="0" merge="0" rebuychips="0" reg_code="8385495172"/>
</players>
</general>
<round no="0"><action no="1" player="oreiasccp" type="1" sum="10"/>
<action no="2" player="bobbb1" type="2" discard="1" dealt="1" sum="20"/>
</round>
<round no="1"><cards type="Pocket" player="oreiasccp">H8 H3</cards>
<cards type="Pocket" player="bobbb1">D3 D10</cards>
<cards type="Pocket" player="Darnok210">SJ CJ</cards>
<action no="3" player="Darnok210" type="23" discard="1" dealt="1" sum="40"/>
<action no="4" player="oreiasccp" type="0" sum="0"/>
<action no="5" player="bobbb1" type="3" discard="1" dealt="1" sum="20"/>
</round>
<round no="2"><cards type="Flop">H10 DK C7</cards>
<action no="6" player="bobbb1" type="4" discard="1" dealt="1" sum="0"/>
<action no="7" player="Darnok210" type="4" discard="1" dealt="1" sum="0"/>
</round>
<round no="3"><cards type="Turn">D7</cards>
<action no="8" player="bobbb1" type="4" discard="1" dealt="1" sum="0"/>
<action no="9" player="Darnok210" type="4" discard="1" dealt="1" sum="0"/>
</round>
<round no="4"><cards type="River">H2</cards>
<action no="10" player="bobbb1" type="5" discard="1" dealt="1" sum="27"/>
<action no="11" player="Darnok210" type="3" discard="1" dealt="1" sum="27"/>
</round>
</game>
<game gamecode="11516791452"><general><startdate>2025-06-17 08:29:14</startdate>
<round>1</round>
<failsafecounter/>
<players><player seat="10" name="Darnok210" chips="577" dealer="0" win="0" bet="20" muck="1" rebuy="0" addon="0" merge="0" rebuychips="0" reg_code="8385495446"/>
<player seat="3" name="oreiasccp" chips="490" dealer="1" win="0" bet="0" muck="1" rebuy="0" addon="0" merge="0" rebuychips="0" reg_code="8385495172"/>
<player seat="6" name="bobbb1" chips="433" dealer="0" win="40" bet="50" muck="1" rebuy="0" addon="0" merge="0" rebuychips="0" reg_code="8385495397"/>
</players>
</general>
<round no="0"><action no="1" player="bobbb1" type="1" discard="1" dealt="1" sum="10"/>
<action no="2" player="Darnok210" type="2" discard="1" dealt="1" sum="20"/>
</round>
<round no="1"><cards type="Pocket" player="bobbb1">X X</cards>
<cards type="Pocket" player="oreiasccp">H4 SJ</cards>
<cards type="Pocket" player="Darnok210">X X</cards>
<action no="3" player="oreiasccp" type="0" sum="0"/>
<action no="4" player="bobbb1" type="23" discard="1" dealt="1" sum="50"/>
<action no="5" player="Darnok210" type="0" discard="1" dealt="1" sum="0"/>
</round>
</game>
<game gamecode="11516791486"><general><startdate>2025-06-17 08:29:27</startdate>
<round>1</round>
<failsafecounter/>
<players><player seat="3" name="oreiasccp" chips="490" dealer="0" win="160" bet="80" muck="0" rebuy="0" addon="0" merge="0" rebuychips="0" reg_code="8385495172"/>
<player seat="6" name="bobbb1" chips="453" dealer="1" win="0" bet="0" muck="1" rebuy="0" addon="0" merge="0" rebuychips="0" reg_code="8385495397"/>
<player seat="10" name="Darnok210" chips="557" dealer="0" win="0" bet="80" muck="1" rebuy="0" addon="0" merge="0" rebuychips="0" reg_code="8385495446"/>
</players>
</general>
<round no="0"><action no="1" player="Darnok210" type="1" discard="1" dealt="1" sum="10"/>
<action no="2" player="oreiasccp" type="2" sum="20"/>
</round>
<round no="1"><cards type="Pocket" player="oreiasccp">H6 C10</cards>
<cards type="Pocket" player="Darnok210">C8 C4</cards>
<cards type="Pocket" player="bobbb1">X X</cards>
<action no="3" player="bobbb1" type="0" discard="1" dealt="1" sum="0"/>
<action no="4" player="Darnok210" type="3" discard="1" dealt="1" sum="10"/>
<action no="5" player="oreiasccp" type="4" sum="0"/>
</round>
<round no="2"><cards type="Flop">H10 H2 D2</cards>
<action no="6" player="Darnok210" type="5" discard="1" dealt="1" sum="20"/>
<action no="7" player="oreiasccp" type="3" sum="20"/>
</round>
<round no="3"><cards type="Turn">HA</cards>
<action no="8" player="Darnok210" type="5" discard="1" dealt="1" sum="40"/>
<action no="9" player="oreiasccp" type="3" sum="40"/>
</round>
<round no="4"><cards type="River">DA</cards>
<action no="10" player="Darnok210" type="4" discard="1" dealt="1" sum="0"/>
<action no="11" player="oreiasccp" type="4" sum="0"/>
</round>
</game>
<game gamecode="11516791567"><general><startdate>2025-06-17 08:29:55</startdate>
<round>1</round>
<failsafecounter/>
<players><player seat="6" name="bobbb1" chips="453" dealer="0" win="45" bet="35" muck="1" rebuy="0" addon="0" merge="0" rebuychips="0" reg_code="8385495397"/>
<player seat="10" name="Darnok210" chips="477" dealer="1" win="0" bet="5" muck="1" rebuy="0" addon="0" merge="0" rebuychips="0" reg_code="8385495446"/>
<player seat="3" name="oreiasccp" chips="570" dealer="0" win="0" bet="20" muck="1" rebuy="0" addon="0" merge="0" rebuychips="0" reg_code="8385495172"/>
</players>
</general>
<round no="0"><action no="1" player="oreiasccp" type="15" sum="5"/>
<action no="2" player="bobbb1" type="15" discard="1" dealt="1" sum="5"/>
<action no="3" player="Darnok210" type="15" discard="1" dealt="1" sum="5"/>
<action no="4" player="oreiasccp" type="1" sum="15"/>
<action no="5" player="bobbb1" type="2" discard="1" dealt="1" sum="30"/>
</round>
<round no="1"><cards type="Pocket" player="oreiasccp">S8 H2</cards>
<cards type="Pocket" player="bobbb1">X X</cards>
<cards type="Pocket" player="Darnok210">X X</cards>
<action no="6" player="Darnok210" type="0" discard="1" dealt="1" sum="0"/>
<action no="7" player="oreiasccp" type="0" sum="0"/>
</round>
</game>
<game gamecode="11516791591"><general><startdate>2025-06-17 08:30:03</startdate>
<round>1</round>
<failsafecounter/>
<players><player seat="10" name="Darnok210" chips="472" dealer="0" win="150" bet="472" muck="1" rebuy="0" addon="0" merge="0" rebuychips="0" reg_code="8385495446"/>
<player seat="3" name="oreiasccp" chips="550" dealer="1" win="0" bet="65" muck="1" rebuy="0" addon="0" merge="0" rebuychips="0" reg_code="8385495172"/>
<player seat="6" name="bobbb1" chips="478" dealer="0" win="0" bet="20" muck="1" rebuy="0" addon="0" merge="0" rebuychips="0" reg_code="8385495397"/>
</players>
</general>
<round no="0"><action no="1" player="bobbb1" type="15" discard="1" dealt="1" sum="5"/>
<action no="2" player="Darnok210" type="15" discard="1" dealt="1" sum="5"/>
<action no="3" player="oreiasccp" type="15" sum="5"/>
<action no="4" player="bobbb1" type="1" discard="1" dealt="1" sum="15"/>
<action no="5" player="Darnok210" type="2" discard="1" dealt="1" sum="30"/>
</round>
<round no="1"><cards type="Pocket" player="bobbb1">X X</cards>
<cards type="Pocket" player="oreiasccp">C9 CJ</cards>
<cards type="Pocket" player="Darnok210">X X</cards>
<action no="6" player="oreiasccp" type="23" sum="60"/>
<action no="7" player="bobbb1" type="0" discard="1" dealt="1" sum="0"/>
<action no="8" player="Darnok210" type="23" discard="1" dealt="1" sum="467"/>
<action no="9" player="oreiasccp" type="0" sum="0"/>
</round>
</game>
<game gamecode="11516791635"><general><startdate>2025-06-17 08:30:17</startdate>
<round>1</round>
<failsafecounter/>
<players><player seat="3" name="oreiasccp" chips="485" dealer="0" win="0" bet="35" muck="1" rebuy="0" addon="0" merge="0" rebuychips="0" reg_code="8385495172"/>
<player seat="6" name="bobbb1" chips="458" dealer="1" win="90" bet="458" muck="1" rebuy="0" addon="0" merge="0" rebuychips="0" reg_code="8385495397"/>
<player seat="10" name="Darnok210" chips="557" dealer="0" win="0" bet="20" muck="1" rebuy="0" addon="0" merge="0" rebuychips="0" reg_code="8385495446"/>
</players>
</general>
<round no="0"><action no="1" player="Darnok210" type="15" discard="1" dealt="1" sum="5"/>
<action no="2" player="oreiasccp" type="15" sum="5"/>
<action no="3" player="bobbb1" type="15" discard="1" dealt="1" sum="5"/>
<action no="4" player="Darnok210" type="1" discard="1" dealt="1" sum="15"/>
<action no="5" player="oreiasccp" type="2" sum="30"/>
</round>
<round no="1"><cards type="Pocket" player="Darnok210">X X</cards>
<cards type="Pocket" player="bobbb1">X X</cards>
<cards type="Pocket" player="oreiasccp">D4 D5</cards>
<action no="6" player="bobbb1" type="23" discard="1" dealt="1" sum="453"/>
<action no="7" player="Darnok210" type="0" discard="1" dealt="1" sum="0"/>
<action no="8" player="oreiasccp" type="0" sum="0"/>
</round>
</game>
<game gamecode="11516791671"><general><startdate>2025-06-17 08:30:28</startdate>
<round>1</round>
<failsafecounter/>
<players><player seat="6" name="bobbb1" chips="513" dealer="0" win="233" bet="193" muck="1" rebuy="0" addon="0" merge="0" rebuychips="0" reg_code="8385495397"/>
<player seat="10" name="Darnok210" chips="537" dealer="1" win="0" bet="5" muck="1" rebuy="0" addon="0" merge="0" rebuychips="0" reg_code="8385495446"/>
<player seat="3" name="oreiasccp" chips="450" dealer="0" win="0" bet="114" muck="1" rebuy="0" addon="0" merge="0" rebuychips="0" reg_code="8385495172"/>
</players>
</general>
<round no="0"><action no="1" player="oreiasccp" type="15" sum="5"/>
<action no="2" player="bobbb1" type="15" discard="1" dealt="1" sum="5"/>
<action no="3" player="Darnok210" type="15" discard="1" dealt="1" sum="5"/>
<action no="4" player="oreiasccp" type="1" sum="15"/>
<action no="5" player="bobbb1" type="2" discard="1" dealt="1" sum="30"/>
</round>
<round no="1"><cards type="Pocket" player="Darnok210">X X</cards>
<cards type="Pocket" player="oreiasccp">S7 D8</cards>
<cards type="Pocket" player="bobbb1">X X</cards>
<action no="6" player="Darnok210" type="0" discard="1" dealt="1" sum="0"/>
<action no="7" player="oreiasccp" type="23" sum="60"/>
<action no="8" player="bobbb1" type="3" discard="1" dealt="1" sum="30"/>
</round>
<round no="2"><cards type="Flop">C2 H2 H3</cards>
<action no="9" player="oreiasccp" type="5" sum="49"/>
<action no="10" player="bobbb1" type="23" discard="1" dealt="1" sum="128"/>
<action no="11" player="oreiasccp" type="0" sum="0"/>
</round>
</game>
<game gamecode="11516791758"><general><startdate>2025-06-17 08:30:55</startdate>
<round>1</round>
<failsafecounter/>
<players><player seat="10" name="Darnok210" chips="532" dealer="0" win="0" bet="35" muck="1" rebuy="0" addon="0" merge="0" rebuychips="0" reg_code="8385495446"/>
<player seat="3" name="oreiasccp" chips="336" dealer="1" win="0" bet="5" muck="1" rebuy="0" addon="0" merge="0" rebuychips="0" reg_code="8385495172"/>
<player seat="6" name="bobbb1" chips="632" dealer="0" win="75" bet="80" muck="1" rebuy="0" addon="0" merge="0" rebuychips="0" reg_code="8385495397"/>
</players>
</general>
<round no="0"><action no="1" player="bobbb1" type="15" discard="1" dealt="1" sum="5"/>
<action no="2" player="Darnok210" type="15" discard="1" dealt="1" sum="5"/>
<action no="3" player="oreiasccp" type="15" sum="5"/>
<action no="4" player="bobbb1" type="1" discard="1" dealt="1" sum="15"/>
<action no="5" player="Darnok210" type="2" discard="1" dealt="1" sum="30"/>
</round>
<round no="1"><cards type="Pocket" player="Darnok210">X X</cards>
<cards type="Pocket" player="bobbb1">X X</cards>
<cards type="Pocket" player="oreiasccp">S2 D3</cards>
<action no="6" player="oreiasccp" type="0" sum="0"/>
<action no="7" player="bobbb1" type="23" discard="1" dealt="1" sum="75"/>
<action no="8" player="Darnok210" type="0" discard="1" dealt="1" sum="0"/>
</round>
</game>
<game gamecode="11516791794"><general><startdate>2025-06-17 08:31:07</startdate>
<round>1</round>
<failsafecounter/>
<players><player seat="3" name="oreiasccp" chips="331" dealer="0" win="0" bet="35" muck="1" rebuy="0" addon="0" merge="0" rebuychips="0" reg_code="8385495172"/>
<player seat="6" name="bobbb1" chips="672" dealer="1" win="90" bet="65" muck="1" rebuy="0" addon="0" merge="0" rebuychips="0" reg_code="8385495397"/>
<player seat="10" name="Darnok210" chips="497" dealer="0" win="0" bet="20" muck="1" rebuy="0" addon="0" merge="0" rebuychips="0" reg_code="8385495446"/>
</players>
</general>
<round no="0"><action no="1" player="Darnok210" type="15" discard="1" dealt="1" sum="5"/>
<action no="2" player="oreiasccp" type="15" sum="5"/>
<action no="3" player="bobbb1" type="15" discard="1" dealt="1" sum="5"/>
<action no="4" player="Darnok210" type="1" discard="1" dealt="1" sum="15"/>
<action no="5" player="oreiasccp" type="2" sum="30"/>
</round>
<round no="1"><cards type="Pocket" player="oreiasccp">D3 HJ</cards>
<cards type="Pocket" player="bobbb1">X X</cards>
<cards type="Pocket" player="Darnok210">X X</cards>
<action no="6" player="bobbb1" type="23" discard="1" dealt="1" sum="60"/>
<action no="7" player="Darnok210" type="0" discard="1" dealt="1" sum="0"/>
<action no="8" player="oreiasccp" type="0" sum="0"/>
</round>
</game>
<game gamecode="11516791845"><general><startdate>2025-06-17 08:31:21</startdate>
<round>1</round>
<failsafecounter/>
<players><player seat="6" name="bobbb1" chips="727" dealer="0" win="0" bet="35" muck="1" rebuy="0" addon="0" merge="0" rebuychips="0" reg_code="8385495397"/>
<player seat="10" name="Darnok210" chips="477" dealer="1" win="0" bet="5" muck="1" rebuy="0" addon="0" merge="0" rebuychips="0" reg_code="8385495446"/>
<player seat="3" name="oreiasccp" chips="296" dealer="0" win="75" bet="296" muck="1" rebuy="0" addon="0" merge="0" rebuychips="0" reg_code="8385495172"/>
</players>
</general>
<round no="0"><action no="1" player="oreiasccp" type="15" sum="5"/>
<action no="2" player="bobbb1" type="15" discard="1" dealt="1" sum="5"/>
<action no="3" player="Darnok210" type="15" discard="1" dealt="1" sum="5"/>
<action no="4" player="oreiasccp" type="1" sum="15"/>
<action no="5" player="bobbb1" type="2" discard="1" dealt="1" sum="30"/>
</round>
<round no="1"><cards type="Pocket" player="bobbb1">X X</cards>
<cards type="Pocket" player="oreiasccp">H8 SA</cards>
<cards type="Pocket" player="Darnok210">X X</cards>
<action no="6" player="Darnok210" type="0" discard="1" dealt="1" sum="0"/>
<action no="7" player="oreiasccp" type="23" sum="291"/>
<action no="8" player="bobbb1" type="0" discard="1" dealt="1" sum="0"/>
</round>
</game>
<game gamecode="11516791879"><general><startdate>2025-06-17 08:31:32</startdate>
<round>1</round>
<failsafecounter/>
<players><player seat="10" name="Darnok210" chips="472" dealer="0" win="0" bet="35" muck="1" rebuy="0" addon="0" merge="0" rebuychips="0" reg_code="8385495446"/>
<player seat="3" name="oreiasccp" chips="336" dealer="1" win="0" bet="5" muck="1" rebuy="0" addon="0" merge="0" rebuychips="0" reg_code="8385495172"/>
<player seat="6" name="bobbb1" chips="692" dealer="0" win="75" bet="692" muck="1" rebuy="0" addon="0" merge="0" rebuychips="0" reg_code="8385495397"/>
</players>
</general>
<round no="0"><action no="1" player="bobbb1" type="15" discard="1" dealt="1" sum="5"/>
<action no="2" player="Darnok210" type="15" discard="1" dealt="1" sum="5"/>
<action no="3" player="oreiasccp" type="15" sum="5"/>
<action no="4" player="bobbb1" type="1" discard="1" dealt="1" sum="15"/>
<action no="5" player="Darnok210" type="2" discard="1" dealt="1" sum="30"/>
</round>
<round no="1"><cards type="Pocket" player="Darnok210">X X</cards>
<cards type="Pocket" player="bobbb1">X X</cards>
<cards type="Pocket" player="oreiasccp">HQ D8</cards>
<action no="6" player="oreiasccp" type="0" sum="0"/>
<action no="7" player="bobbb1" type="23" discard="1" dealt="1" sum="687"/>
<action no="8" player="Darnok210" type="0" discard="1" dealt="1" sum="0"/>
</round>
</game>
<game gamecode="11516791915"><general><startdate>2025-06-17 08:31:45</startdate>
<round>1</round>
<failsafecounter/>
<players><player seat="3" name="oreiasccp" chips="331" dealer="0" win="55" bet="45" muck="1" rebuy="0" addon="0" merge="0" rebuychips="0" reg_code="8385495172"/>
<player seat="6" name="bobbb1" chips="732" dealer="1" win="0" bet="5" muck="1" rebuy="0" addon="0" merge="0" rebuychips="0" reg_code="8385495397"/>
<player seat="10" name="Darnok210" chips="437" dealer="0" win="0" bet="25" muck="1" rebuy="0" addon="0" merge="0" rebuychips="0" reg_code="8385495446"/>
</players>
</general>
<round no="0"><action no="1" player="Darnok210" type="15" discard="1" dealt="1" sum="5"/>
<action no="2" player="oreiasccp" type="15" sum="5"/>
<action no="3" player="bobbb1" type="15" discard="1" dealt="1" sum="5"/>
<action no="4" player="Darnok210" type="1" discard="1" dealt="1" sum="20"/>
<action no="5" player="oreiasccp" type="2" sum="40"/>
</round>
<round no="1"><cards type="Pocket" player="bobbb1">X X</cards>
<cards type="Pocket" player="oreiasccp">H3 C2</cards>
<cards type="Pocket" player="Darnok210">X X</cards>
<action no="6" player="bobbb1" type="0" discard="1" dealt="1" sum="0"/>
<action no="7" player="Darnok210" type="0" discard="1" dealt="1" sum="0"/>
</round>
</game>
<game gamecode="11516791944"><general><startdate>2025-06-17 08:31:56</startdate>
<round>1</round>
<failsafecounter/>
<players><player seat="6" name="bobbb1" chips="727" dealer="0" win="0" bet="45" muck="1" rebuy="0" addon="0" merge="0" rebuychips="0" reg_code="8385495397"/>
<player seat="10" name="Darnok210" chips="412" dealer="1" win="0" bet="5" muck="1" rebuy="0" addon="0" merge="0" rebuychips="0" reg_code="8385495446"/>
<player seat="3" name="oreiasccp" chips="361" dealer="0" win="95" bet="361" muck="1" rebuy="0" addon="0" merge="0" rebuychips="0" reg_code="8385495172"/>
</players>
</general>
<round no="0"><action no="1" player="oreiasccp" type="15" sum="5"/>
<action no="2" player="bobbb1" type="15" discard="1" dealt="1" sum="5"/>
<action no="3" player="Darnok210" type="15" discard="1" dealt="1" sum="5"/>
<action no="4" player="oreiasccp" type="1" sum="20"/>
<action no="5" player="bobbb1" type="2" discard="1" dealt="1" sum="40"/>
</round>
<round no="1"><cards type="Pocket" player="bobbb1">X X</cards>
<cards type="Pocket" player="Darnok210">X X</cards>
<cards type="Pocket" player="oreiasccp">SQ C6</cards>
<action no="6" player="Darnok210" type="0" discard="1" dealt="1" sum="0"/>
<action no="7" player="oreiasccp" type="23" sum="356"/>
<action no="8" player="bobbb1" type="0" discard="1" dealt="1" sum="0"/>
</round>
</game>
<game gamecode="11516791998"><general><startdate>2025-06-17 08:32:11</startdate>
<round>1</round>
<failsafecounter/>
<players><player seat="10" name="Darnok210" chips="407" dealer="0" win="55" bet="45" muck="1" rebuy="0" addon="0" merge="0" rebuychips="0" reg_code="8385495446"/>
<player seat="3" name="oreiasccp" chips="411" dealer="1" win="0" bet="5" muck="1" rebuy="0" addon="0" merge="0" rebuychips="0" reg_code="8385495172"/>
<player seat="6" name="bobbb1" chips="682" dealer="0" win="0" bet="25" muck="1" rebuy="0" addon="0" merge="0" rebuychips="0" reg_code="8385495397"/>
</players>
</general>
<round no="0"><action no="1" player="bobbb1" type="15" discard="1" dealt="1" sum="5"/>
<action no="2" player="Darnok210" type="15" discard="1" dealt="1" sum="5"/>
<action no="3" player="oreiasccp" type="15" sum="5"/>
<action no="4" player="bobbb1" type="1" discard="1" dealt="1" sum="20"/>
<action no="5" player="Darnok210" type="2" discard="1" dealt="1" sum="40"/>
</round>
<round no="1"><cards type="Pocket" player="bobbb1">X X</cards>
<cards type="Pocket" player="Darnok210">X X</cards>
<cards type="Pocket" player="oreiasccp">D6 C7</cards>
<action no="6" player="oreiasccp" type="0" sum="0"/>
<action no="7" player="bobbb1" type="0" discard="1" dealt="1" sum="0"/>
</round>
</game>
<game gamecode="11516792026"><general><startdate>2025-06-17 08:32:19</startdate>
<round>1</round>
<failsafecounter/>
<players><player seat="3" name="oreiasccp" chips="406" dealer="0" win="55" bet="45" muck="1" rebuy="0" addon="0" merge="0" rebuychips="0" reg_code="8385495172"/>
<player seat="6" name="bobbb1" chips="657" dealer="1" win="0" bet="5" muck="1" rebuy="0" addon="0" merge="0" rebuychips="0" reg_code="8385495397"/>
<player seat="10" name="Darnok210" chips="437" dealer="0" win="0" bet="25" muck="1" rebuy="0" addon="0" merge="0" rebuychips="0" reg_code="8385495446"/>
</players>
</general>
<round no="0"><action no="1" player="Darnok210" type="15" discard="1" dealt="1" sum="5"/>
<action no="2" player="oreiasccp" type="15" sum="5"/>
<action no="3" player="bobbb1" type="15" discard="1" dealt="1" sum="5"/>
<action no="4" player="Darnok210" type="1" discard="1" dealt="1" sum="20"/>
<action no="5" player="oreiasccp" type="2" sum="40"/>
</round>
<round no="1"><cards type="Pocket" player="oreiasccp">SJ D9</cards>
<cards type="Pocket" player="Darnok210">X X</cards>
<cards type="Pocket" player="bobbb1">X X</cards>
<action no="6" player="bobbb1" type="0" discard="1" dealt="1" sum="0"/>
<action no="7" player="Darnok210" type="0" discard="1" dealt="1" sum="0"/>
</round>
</game>
<game gamecode="11516792053"><general><startdate>2025-06-17 08:32:28</startdate>
<round>1</round>
<failsafecounter/>
<players><player seat="6" name="bobbb1" chips="652" dealer="0" win="55" bet="45" muck="1" rebuy="0" addon="0" merge="0" rebuychips="0" reg_code="8385495397"/>
<player seat="10" name="Darnok210" chips="412" dealer="1" win="0" bet="5" muck="1" rebuy="0" addon="0" merge="0" rebuychips="0" reg_code="8385495446"/>
<player seat="3" name="oreiasccp" chips="436" dealer="0" win="0" bet="25" muck="1" rebuy="0" addon="0" merge="0" rebuychips="0" reg_code="8385495172"/>
</players>
</general>
<round no="0"><action no="1" player="oreiasccp" type="15" sum="5"/>
<action no="2" player="bobbb1" type="15" discard="1" dealt="1" sum="5"/>
<action no="3" player="Darnok210" type="15" discard="1" dealt="1" sum="5"/>
<action no="4" player="oreiasccp" type="1" sum="20"/>
<action no="5" player="bobbb1" type="2" discard="1" dealt="1" sum="40"/>
</round>
<round no="1"><cards type="Pocket" player="Darnok210">X X</cards>
<cards type="Pocket" player="oreiasccp">D10 S6</cards>
<cards type="Pocket" player="bobbb1">X X</cards>
<action no="6" player="Darnok210" type="0" discard="1" dealt="1" sum="0"/>
<action no="7" player="oreiasccp" type="0" sum="0"/>
</round>
</game>
<game gamecode="11516792093"><general><startdate>2025-06-17 08:32:41</startdate>
<round>1</round>
<failsafecounter/>
<players><player seat="10" name="Darnok210" chips="407" dealer="0" win="55" bet="45" muck="1" rebuy="0" addon="0" merge="0" rebuychips="0" reg_code="8385495446"/>
<player seat="3" name="oreiasccp" chips="411" dealer="1" win="0" bet="5" muck="1" rebuy="0" addon="0" merge="0" rebuychips="0" reg_code="8385495172"/>
<player seat="6" name="bobbb1" chips="682" dealer="0" win="0" bet="25" muck="1" rebuy="0" addon="0" merge="0" rebuychips="0" reg_code="8385495397"/>
</players>
</general>
<round no="0"><action no="1" player="bobbb1" type="15" discard="1" dealt="1" sum="5"/>
<action no="2" player="Darnok210" type="15" discard="1" dealt="1" sum="5"/>
<action no="3" player="oreiasccp" type="15" sum="5"/>
<action no="4" player="bobbb1" type="1" discard="1" dealt="1" sum="20"/>
<action no="5" player="Darnok210" type="2" discard="1" dealt="1" sum="40"/>
</round>
<round no="1"><cards type="Pocket" player="oreiasccp">S8 D2</cards>
<cards type="Pocket" player="bobbb1">X X</cards>
<cards type="Pocket" player="Darnok210">X X</cards>
<action no="6" player="oreiasccp" type="0" sum="0"/>
<action no="7" player="bobbb1" type="0" discard="1" dealt="1" sum="0"/>
</round>
</game>
<game gamecode="11516792119"><general><startdate>2025-06-17 08:32:50</startdate>
<round>1</round>
<failsafecounter/>
<players><player seat="3" name="oreiasccp" chips="406" dealer="0" win="55" bet="45" muck="1" rebuy="0" addon="0" merge="0" rebuychips="0" reg_code="8385495172"/>
<player seat="6" name="bobbb1" chips="657" dealer="1" win="0" bet="5" muck="1" rebuy="0" addon="0" merge="0" rebuychips="0" reg_code="8385495397"/>
<player seat="10" name="Darnok210" chips="437" dealer="0" win="0" bet="25" muck="1" rebuy="0" addon="0" merge="0" rebuychips="0" reg_code="8385495446"/>
</players>
</general>
<round no="0"><action no="1" player="Darnok210" type="15" discard="1" dealt="1" sum="5"/>
<action no="2" player="oreiasccp" type="15" sum="5"/>
<action no="3" player="bobbb1" type="15" discard="1" dealt="1" sum="5"/>
<action no="4" player="Darnok210" type="1" discard="1" dealt="1" sum="20"/>
<action no="5" player="oreiasccp" type="2" sum="40"/>
</round>
<round no="1"><cards type="Pocket" player="oreiasccp">H8 S4</cards>
<cards type="Pocket" player="bobbb1">X X</cards>
<cards type="Pocket" player="Darnok210">X X</cards>
<action no="6" player="bobbb1" type="0" discard="1" dealt="1" sum="0"/>
<action no="7" player="Darnok210" type="0" discard="1" dealt="1" sum="0"/>
</round>
</game>
<game gamecode="11516792160"><general><startdate>2025-06-17 08:33:03</startdate>
<round>1</round>
<failsafecounter/>
<players><player seat="6" name="bobbb1" chips="652" dealer="0" win="55" bet="45" muck="1" rebuy="0" addon="0" merge="0" rebuychips="0" reg_code="8385495397"/>
<player seat="10" name="Darnok210" chips="412" dealer="1" win="0" bet="5" muck="1" rebuy="0" addon="0" merge="0" rebuychips="0" reg_code="8385495446"/>
<player seat="3" name="oreiasccp" chips="436" dealer="0" win="0" bet="25" muck="1" rebuy="0" addon="0" merge="0" rebuychips="0" reg_code="8385495172"/>
</players>
</general>
<round no="0"><action no="1" player="oreiasccp" type="15" sum="5"/>
<action no="2" player="bobbb1" type="15" discard="1" dealt="1" sum="5"/>
<action no="3" player="Darnok210" type="15" discard="1" dealt="1" sum="5"/>
<action no="4" player="oreiasccp" type="1" sum="20"/>
<action no="5" player="bobbb1" type="2" discard="1" dealt="1" sum="40"/>
</round>
<round no="1"><cards type="Pocket" player="bobbb1">X X</cards>
<cards type="Pocket" player="Darnok210">X X</cards>
<cards type="Pocket" player="oreiasccp">S3 C10</cards>
<action no="6" player="Darnok210" type="0" discard="1" dealt="1" sum="0"/>
<action no="7" player="oreiasccp" type="0" sum="0"/>
</round>
</game>
<game gamecode="11516792214"><general><startdate>2025-06-17 08:33:22</startdate>
<round>1</round>
<failsafecounter/>
<players><player seat="10" name="Darnok210" chips="407" dealer="0" win="0" bet="45" muck="1" rebuy="0" addon="0" merge="0" rebuychips="0" reg_code="8385495446"/>
<player seat="3" name="oreiasccp" chips="411" dealer="1" win="0" bet="5" muck="1" rebuy="0" addon="0" merge="0" rebuychips="0" reg_code="8385495172"/>
<player seat="6" name="bobbb1" chips="682" dealer="0" win="95" bet="682" muck="1" rebuy="0" addon="0" merge="0" rebuychips="0" reg_code="8385495397"/>
</players>
</general>
<round no="0"><action no="1" player="bobbb1" type="15" discard="1" dealt="1" sum="5"/>
<action no="2" player="Darnok210" type="15" discard="1" dealt="1" sum="5"/>
<action no="3" player="oreiasccp" type="15" sum="5"/>
<action no="4" player="bobbb1" type="1" discard="1" dealt="1" sum="20"/>
<action no="5" player="Darnok210" type="2" discard="1" dealt="1" sum="40"/>
</round>
<round no="1"><cards type="Pocket" player="oreiasccp">SK C3</cards>
<cards type="Pocket" player="bobbb1">X X</cards>
<cards type="Pocket" player="Darnok210">X X</cards>
<action no="6" player="oreiasccp" type="0" sum="0"/>
<action no="7" player="bobbb1" type="23" discard="1" dealt="1" sum="677"/>
<action no="8" player="Darnok210" type="0" discard="1" dealt="1" sum="0"/>
</round>
</game>
<game gamecode="11516792248"><general><startdate>2025-06-17 08:33:35</startdate>
<round>1</round>
<failsafecounter/>
<players><player seat="3" name="oreiasccp" chips="406" dealer="0" win="75" bet="65" muck="1" rebuy="0" addon="0" merge="0" rebuychips="0" reg_code="8385495172"/>
<player seat="6" name="bobbb1" chips="732" dealer="1" win="0" bet="5" muck="1" rebuy="0" addon="0" merge="0" rebuychips="0" reg_code="8385495397"/>
<player seat="10" name="Darnok210" chips="362" dealer="0" win="0" bet="35" muck="1" rebuy="0" addon="0" merge="0" rebuychips="0" reg_code="8385495446"/>
</players>
</general>
<round no="0"><action no="1" player="Darnok210" type="15" discard="1" dealt="1" sum="5"/>
<action no="2" player="oreiasccp" type="15" sum="5"/>
<action no="3" player="bobbb1" type="15" discard="1" dealt="1" sum="5"/>
<action no="4" player="Darnok210" type="1" discard="1" dealt="1" sum="30"/>
<action no="5" player="oreiasccp" type="2" sum="60"/>
</round>
<round no="1"><cards type="Pocket" player="oreiasccp">SJ D9</cards>
<cards type="Pocket" player="bobbb1">X X</cards>
<cards type="Pocket" player="Darnok210">X X</cards>
<action no="6" player="bobbb1" type="0" discard="1" dealt="1" sum="0"/>
<action no="7" player="Darnok210" type="0" discard="1" dealt="1" sum="0"/>
</round>
</game>
<game gamecode="11516792276"><general><startdate>2025-06-17 08:33:45</startdate>
<round>1</round>
<failsafecounter/>
<players><player seat="6" name="bobbb1" chips="727" dealer="0" win="897" bet="446" muck="0" rebuy="0" addon="0" merge="0" rebuychips="0" reg_code="8385495397"/>
<player seat="10" name="Darnok210" chips="327" dealer="1" win="0" bet="5" muck="1" rebuy="0" addon="0" merge="0" rebuychips="0" reg_code="8385495446"/>
<player seat="3" name="oreiasccp" chips="446" dealer="0" win="0" bet="446" muck="0" rebuy="0" addon="0" merge="0" rebuychips="0" reg_code="8385495172"/>
</players>
</general>
<round no="0"><action no="1" player="oreiasccp" type="15" sum="5"/>
<action no="2" player="bobbb1" type="15" discard="1" dealt="1" sum="5"/>
<action no="3" player="Darnok210" type="15" discard="1" dealt="1" sum="5"/>
<action no="4" player="oreiasccp" type="1" sum="30"/>
<action no="5" player="bobbb1" type="2" discard="1" dealt="1" sum="60"/>
</round>
<round no="1"><cards type="Pocket" player="Darnok210">X X</cards>
<cards type="Pocket" player="oreiasccp">D8 SQ</cards>
<cards type="Pocket" player="bobbb1">C7 HK</cards>
<action no="6" player="Darnok210" type="0" discard="1" dealt="1" sum="0"/>
<action no="7" player="oreiasccp" type="23" sum="441"/>
<action no="8" player="bobbb1" type="3" discard="1" dealt="1" sum="381"/>
</round>
<round no="2"><cards type="Flop">C4 H2 D3</cards>
</round>
<round no="3"><cards type="Turn">C6</cards>
</round>
<round no="4"><cards type="River">CK</cards>
</round>
</game>
</session>
