<?xml version="1.0" encoding="UTF-8"?>
<session sessioncode="8385473200">
<general>
<client_version>24.7.1.16</client_version>
<mode>real</mode>
<gametype>Holdem NL</gametype>
<tablename>Twister €5 SNG, 1127657597</tablename>
<tournamentcode>1127657596</tournamentcode>
<tournamentname>Twister €5 SNG</tournamentname>
<buyin>€0 + €0.35 + €4.65</buyin>
<totalbuyin>€5</totalbuyin>
<rewarddrawn>€15</rewarddrawn>
<tournamentcurrency>EUR</tournamentcurrency>
<currency>EUR</currency>
<nickname>oreiasccp</nickname>
<gamecount>19</gamecount>
<startdate>2025-06-17 06:04:58</startdate>
<place>3</place>
<win>€0</win>
<tablesize>3</tablesize>
</general>
<game gamecode="11516718020"><general><startdate>2025-06-17 06:05:13</startdate>
<round>1</round>
<failsafecounter/>
<players><player seat="10" name="Almu" chips="500" dealer="0" win="160" bet="240" muck="1" rebuy="0" addon="0" merge="0" rebuychips="0" reg_code="8385473209"/>
<player seat="3" name="ARRWST0S7" chips="500" dealer="1" win="0" bet="0" muck="1" rebuy="0" addon="0" merge="0" rebuychips="0" reg_code="8385473182"/>
<player seat="6" name="oreiasccp" chips="500" dealer="0" win="0" bet="80" muck="1" rebuy="0" addon="0" merge="0" rebuychips="0" reg_code="8385473200"/>
</players>
</general>
<round no="0"><action no="1" player="oreiasccp" type="1" sum="10"/>
<action no="2" player="Almu" type="2" discard="1" dealt="1" sum="20"/>
</round>
<round no="1"><cards type="Pocket" player="ARRWST0S7">X X</cards>
<cards type="Pocket" player="oreiasccp">SA C5</cards>
<cards type="Pocket" player="Almu">X X</cards>
<action no="3" player="ARRWST0S7" type="0" discard="1" dealt="1" sum="0"/>
<action no="4" player="oreiasccp" type="23" sum="40"/>
<action no="5" player="Almu" type="3" discard="1" dealt="1" sum="20"/>
</round>
<round no="2"><cards type="Flop">CK DQ S7</cards>
<action no="6" player="oreiasccp" type="5" sum="20"/>
<action no="7" player="Almu" type="3" discard="1" dealt="1" sum="20"/>
</round>
<round no="3"><cards type="Turn">DK</cards>
<action no="8" player="oreiasccp" type="4" sum="0"/>
<action no="9" player="Almu" type="4" discard="1" dealt="1" sum="0"/>
</round>
<round no="4"><cards type="River">SQ</cards>
<action no="10" player="oreiasccp" type="5" sum="20"/>
<action no="11" player="Almu" type="23" discard="1" dealt="1" sum="180"/>
<action no="12" player="oreiasccp" type="0" sum="0"/>
</round>
</game>
<game gamecode="11516718069"><general><startdate>2025-06-17 06:05:36</startdate>
<round>1</round>
<failsafecounter/>
<players><player seat="3" name="ARRWST0S7" chips="500" dealer="0" win="40" bet="60" muck="1" rebuy="0" addon="0" merge="0" rebuychips="0" reg_code="8385473182"/>
<player seat="6" name="oreiasccp" chips="420" dealer="1" win="0" bet="0" muck="1" rebuy="0" addon="0" merge="0" rebuychips="0" reg_code="8385473200"/>
<player seat="10" name="Almu" chips="580" dealer="0" win="0" bet="20" muck="1" rebuy="0" addon="0" merge="0" rebuychips="0" reg_code="8385473209"/>
</players>
</general>
<round no="0"><action no="1" player="Almu" type="1" discard="1" dealt="1" sum="10"/>
<action no="2" player="ARRWST0S7" type="2" discard="1" dealt="1" sum="20"/>
</round>
<round no="1"><cards type="Pocket" player="Almu">X X</cards>
<cards type="Pocket" player="ARRWST0S7">X X</cards>
<cards type="Pocket" player="oreiasccp">H7 C9</cards>
<action no="3" player="oreiasccp" type="0" sum="0"/>
<action no="4" player="Almu" type="3" discard="1" dealt="1" sum="10"/>
<action no="5" player="ARRWST0S7" type="23" discard="1" dealt="1" sum="60"/>
<action no="6" player="Almu" type="0" discard="1" dealt="1" sum="0"/>
</round>
</game>
<game gamecode="11516718093"><general><startdate>2025-06-17 06:05:46</startdate>
<round>1</round>
<failsafecounter/>
<players><player seat="6" name="oreiasccp" chips="420" dealer="0" win="0" bet="40" muck="1" rebuy="0" addon="0" merge="0" rebuychips="0" reg_code="8385473200"/>
<player seat="10" name="Almu" chips="560" dealer="1" win="0" bet="0" muck="1" rebuy="0" addon="0" merge="0" rebuychips="0" reg_code="8385473209"/>
<player seat="3" name="ARRWST0S7" chips="520" dealer="0" win="80" bet="80" muck="1" rebuy="0" addon="0" merge="0" rebuychips="0" reg_code="8385473182"/>
</players>
</general>
<round no="0"><action no="1" player="ARRWST0S7" type="1" discard="1" dealt="1" sum="10"/>
<action no="2" player="oreiasccp" type="2" sum="20"/>
</round>
<round no="1"><cards type="Pocket" player="oreiasccp">H9 C10</cards>
<cards type="Pocket" player="ARRWST0S7">X X</cards>
<cards type="Pocket" player="Almu">X X</cards>
<action no="3" player="Almu" type="0" discard="1" dealt="1" sum="0"/>
<action no="4" player="ARRWST0S7" type="23" discard="1" dealt="1" sum="40"/>
<action no="5" player="oreiasccp" type="3" sum="20"/>
</round>
<round no="2"><cards type="Flop">CA S6 DA</cards>
<action no="6" player="ARRWST0S7" type="5" discard="1" dealt="1" sum="40"/>
<action no="7" player="oreiasccp" type="0" sum="0"/>
</round>
</game>
<game gamecode="11516718123"><general><startdate>2025-06-17 06:06:01</startdate>
<round>1</round>
<failsafecounter/>
<players><player seat="10" name="Almu" chips="560" dealer="0" win="0" bet="20" muck="1" rebuy="0" addon="0" merge="0" rebuychips="0" reg_code="8385473209"/>
<player seat="3" name="ARRWST0S7" chips="560" dealer="1" win="50" bet="40" muck="1" rebuy="0" addon="0" merge="0" rebuychips="0" reg_code="8385473182"/>
<player seat="6" name="oreiasccp" chips="380" dealer="0" win="0" bet="10" muck="1" rebuy="0" addon="0" merge="0" rebuychips="0" reg_code="8385473200"/>
</players>
</general>
<round no="0"><action no="1" player="oreiasccp" type="1" sum="10"/>
<action no="2" player="Almu" type="2" discard="1" dealt="1" sum="20"/>
</round>
<round no="1"><cards type="Pocket" player="oreiasccp">C10 H5</cards>
<cards type="Pocket" player="Almu">X X</cards>
<cards type="Pocket" player="ARRWST0S7">X X</cards>
<action no="3" player="ARRWST0S7" type="23" discard="1" dealt="1" sum="40"/>
<action no="4" player="oreiasccp" type="0" sum="0"/>
<action no="5" player="Almu" type="0" discard="1" dealt="1" sum="0"/>
</round>
</game>
<game gamecode="11516718144"><general><startdate>2025-06-17 06:06:13</startdate>
<round>1</round>
<failsafecounter/>
<players><player seat="3" name="ARRWST0S7" chips="590" dealer="0" win="0" bet="40" muck="1" rebuy="0" addon="0" merge="0" rebuychips="0" reg_code="8385473182"/>
<player seat="6" name="oreiasccp" chips="370" dealer="1" win="0" bet="0" muck="1" rebuy="0" addon="0" merge="0" rebuychips="0" reg_code="8385473200"/>
<player seat="10" name="Almu" chips="540" dealer="0" win="80" bet="80" muck="1" rebuy="0" addon="0" merge="0" rebuychips="0" reg_code="8385473209"/>
</players>
</general>
<round no="0"><action no="1" player="Almu" type="1" discard="1" dealt="1" sum="10"/>
<action no="2" player="ARRWST0S7" type="2" discard="1" dealt="1" sum="20"/>
</round>
<round no="1"><cards type="Pocket" player="oreiasccp">C7 H6</cards>
<cards type="Pocket" player="ARRWST0S7">X X</cards>
<cards type="Pocket" player="Almu">X X</cards>
<action no="3" player="oreiasccp" type="0" sum="0"/>
<action no="4" player="Almu" type="23" discard="1" dealt="1" sum="40"/>
<action no="5" player="ARRWST0S7" type="3" discard="1" dealt="1" sum="20"/>
</round>
<round no="2"><cards type="Flop">D3 DQ H7</cards>
<action no="6" player="Almu" type="5" discard="1" dealt="1" sum="40"/>
<action no="7" player="ARRWST0S7" type="0" discard="1" dealt="1" sum="0"/>
</round>
</game>
<game gamecode="11516718172"><general><startdate>2025-06-17 06:06:29</startdate>
<round>1</round>
<failsafecounter/>
<players><player seat="6" name="oreiasccp" chips="370" dealer="0" win="20" bet="20" muck="1" rebuy="0" addon="0" merge="0" rebuychips="0" reg_code="8385473200"/>
<player seat="10" name="Almu" chips="580" dealer="1" win="0" bet="0" muck="1" rebuy="0" addon="0" merge="0" rebuychips="0" reg_code="8385473209"/>
<player seat="3" name="ARRWST0S7" chips="550" dealer="0" win="0" bet="10" muck="1" rebuy="0" addon="0" merge="0" rebuychips="0" reg_code="8385473182"/>
</players>
</general>
<round no="0"><action no="1" player="ARRWST0S7" type="1" discard="1" dealt="1" sum="10"/>
<action no="2" player="oreiasccp" type="2" sum="20"/>
</round>
<round no="1"><cards type="Pocket" player="oreiasccp">D10 C7</cards>
<cards type="Pocket" player="Almu">X X</cards>
<cards type="Pocket" player="ARRWST0S7">X X</cards>
<action no="3" player="Almu" type="0" discard="1" dealt="1" sum="0"/>
<action no="4" player="ARRWST0S7" type="0" discard="1" dealt="1" sum="0"/>
</round>
</game>
<game gamecode="11516718187"><general><startdate>2025-06-17 06:06:36</startdate>
<round>1</round>
<failsafecounter/>
<players><player seat="10" name="Almu" chips="580" dealer="0" win="20" bet="20" muck="1" rebuy="0" addon="0" merge="0" rebuychips="0" reg_code="8385473209"/>
<player seat="3" name="ARRWST0S7" chips="540" dealer="1" win="0" bet="0" muck="1" rebuy="0" addon="0" merge="0" rebuychips="0" reg_code="8385473182"/>
<player seat="6" name="oreiasccp" chips="380" dealer="0" win="0" bet="10" muck="1" rebuy="0" addon="0" merge="0" rebuychips="0" reg_code="8385473200"/>
</players>
</general>
<round no="0"><action no="1" player="oreiasccp" type="1" sum="10"/>
<action no="2" player="Almu" type="2" discard="1" dealt="1" sum="20"/>
</round>
<round no="1"><cards type="Pocket" player="oreiasccp">C8 C2</cards>
<cards type="Pocket" player="ARRWST0S7">X X</cards>
<cards type="Pocket" player="Almu">X X</cards>
<action no="3" player="ARRWST0S7" type="0" discard="1" dealt="1" sum="0"/>
<action no="4" player="oreiasccp" type="0" sum="0"/>
</round>
</game>
<game gamecode="11516718204"><general><startdate>2025-06-17 06:06:44</startdate>
<round>1</round>
<failsafecounter/>
<players><player seat="3" name="ARRWST0S7" chips="540" dealer="0" win="0" bet="40" muck="1" rebuy="0" addon="0" merge="0" rebuychips="0" reg_code="8385473182"/>
<player seat="6" name="oreiasccp" chips="370" dealer="1" win="0" bet="0" muck="1" rebuy="0" addon="0" merge="0" rebuychips="0" reg_code="8385473200"/>
<player seat="10" name="Almu" chips="590" dealer="0" win="80" bet="80" muck="1" rebuy="0" addon="0" merge="0" rebuychips="0" reg_code="8385473209"/>
</players>
</general>
<round no="0"><action no="1" player="Almu" type="1" discard="1" dealt="1" sum="10"/>
<action no="2" player="ARRWST0S7" type="2" discard="1" dealt="1" sum="20"/>
</round>
<round no="1"><cards type="Pocket" player="oreiasccp">S5 H9</cards>
<cards type="Pocket" player="Almu">X X</cards>
<cards type="Pocket" player="ARRWST0S7">X X</cards>
<action no="3" player="oreiasccp" type="0" sum="0"/>
<action no="4" player="Almu" type="3" discard="1" dealt="1" sum="10"/>
<action no="5" player="ARRWST0S7" type="23" discard="1" dealt="1" sum="40"/>
<action no="6" player="Almu" type="3" discard="1" dealt="1" sum="20"/>
</round>
<round no="2"><cards type="Flop">DJ D7 C3</cards>
<action no="7" player="Almu" type="4" discard="1" dealt="1" sum="0"/>
<action no="8" player="ARRWST0S7" type="4" discard="1" dealt="1" sum="0"/>
</round>
<round no="3"><cards type="Turn">S8</cards>
<action no="9" player="Almu" type="4" discard="1" dealt="1" sum="0"/>
<action no="10" player="ARRWST0S7" type="4" discard="1" dealt="1" sum="0"/>
</round>
<round no="4"><cards type="River">H7</cards>
<action no="11" player="Almu" type="5" discard="1" dealt="1" sum="40"/>
<action no="12" player="ARRWST0S7" type="0" discard="1" dealt="1" sum="0"/>
</round>
</game>
<game gamecode="11516718244"><general><startdate>2025-06-17 06:07:03</startdate>
<round>1</round>
<failsafecounter/>
<players><player seat="6" name="oreiasccp" chips="370" dealer="0" win="60" bet="42" muck="1" rebuy="0" addon="0" merge="0" rebuychips="0" reg_code="8385473200"/>
<player seat="10" name="Almu" chips="630" dealer="1" win="0" bet="20" muck="1" rebuy="0" addon="0" merge="0" rebuychips="0" reg_code="8385473209"/>
<player seat="3" name="ARRWST0S7" chips="500" dealer="0" win="0" bet="20" muck="1" rebuy="0" addon="0" merge="0" rebuychips="0" reg_code="8385473182"/>
</players>
</general>
<round no="0"><action no="1" player="ARRWST0S7" type="1" discard="1" dealt="1" sum="10"/>
<action no="2" player="oreiasccp" type="2" sum="20"/>
</round>
<round no="1"><cards type="Pocket" player="Almu">X X</cards>
<cards type="Pocket" player="oreiasccp">CQ HJ</cards>
<cards type="Pocket" player="ARRWST0S7">X X</cards>
<action no="3" player="Almu" type="3" discard="1" dealt="1" sum="20"/>
<action no="4" player="ARRWST0S7" type="3" discard="1" dealt="1" sum="10"/>
<action no="5" player="oreiasccp" type="4" sum="0"/>
</round>
<round no="2"><cards type="Flop">DJ H5 SK</cards>
<action no="6" player="ARRWST0S7" type="4" discard="1" dealt="1" sum="0"/>
<action no="7" player="oreiasccp" type="4" sum="0"/>
<action no="8" player="Almu" type="4" discard="1" dealt="1" sum="0"/>
</round>
<round no="3"><cards type="Turn">H3</cards>
<action no="9" player="ARRWST0S7" type="4" discard="1" dealt="1" sum="0"/>
<action no="10" player="oreiasccp" type="5" sum="22"/>
<action no="11" player="Almu" type="0" discard="1" dealt="1" sum="0"/>
<action no="12" player="ARRWST0S7" type="0" discard="1" dealt="1" sum="0"/>
</round>
</game>
<game gamecode="11516718296"><general><startdate>2025-06-17 06:07:25</startdate>
<round>1</round>
<failsafecounter/>
<players><player seat="10" name="Almu" chips="610" dealer="0" win="0" bet="35" muck="1" rebuy="0" addon="0" merge="0" rebuychips="0" reg_code="8385473209"/>
<player seat="3" name="ARRWST0S7" chips="480" dealer="1" win="0" bet="5" muck="1" rebuy="0" addon="0" merge="0" rebuychips="0" reg_code="8385473182"/>
<player seat="6" name="oreiasccp" chips="410" dealer="0" win="75" bet="410" muck="1" rebuy="0" addon="0" merge="0" rebuychips="0" reg_code="8385473200"/>
</players>
</general>
<round no="0"><action no="1" player="oreiasccp" type="15" sum="5"/>
<action no="2" player="Almu" type="15" discard="1" dealt="1" sum="5"/>
<action no="3" player="ARRWST0S7" type="15" discard="1" dealt="1" sum="5"/>
<action no="4" player="oreiasccp" type="1" sum="15"/>
<action no="5" player="Almu" type="2" discard="1" dealt="1" sum="30"/>
</round>
<round no="1"><cards type="Pocket" player="Almu">X X</cards>
<cards type="Pocket" player="ARRWST0S7">X X</cards>
<cards type="Pocket" player="oreiasccp">HA H9</cards>
<action no="6" player="ARRWST0S7" type="0" discard="1" dealt="1" sum="0"/>
<action no="7" player="oreiasccp" type="23" sum="405"/>
<action no="8" player="Almu" type="0" discard="1" dealt="1" sum="0"/>
</round>
</game>
<game gamecode="11516718317"><general><startdate>2025-06-17 06:07:34</startdate>
<round>1</round>
<failsafecounter/>
<players><player seat="3" name="ARRWST0S7" chips="475" dealer="0" win="165" bet="162" muck="1" rebuy="0" addon="0" merge="0" rebuychips="0" reg_code="8385473182"/>
<player seat="6" name="oreiasccp" chips="450" dealer="1" win="0" bet="5" muck="1" rebuy="0" addon="0" merge="0" rebuychips="0" reg_code="8385473200"/>
<player seat="10" name="Almu" chips="575" dealer="0" win="0" bet="80" muck="1" rebuy="0" addon="0" merge="0" rebuychips="0" reg_code="8385473209"/>
</players>
</general>
<round no="0"><action no="1" player="Almu" type="15" discard="1" dealt="1" sum="5"/>
<action no="2" player="ARRWST0S7" type="15" discard="1" dealt="1" sum="5"/>
<action no="3" player="oreiasccp" type="15" sum="5"/>
<action no="4" player="Almu" type="1" discard="1" dealt="1" sum="15"/>
<action no="5" player="ARRWST0S7" type="2" discard="1" dealt="1" sum="30"/>
</round>
<round no="1"><cards type="Pocket" player="Almu">X X</cards>
<cards type="Pocket" player="ARRWST0S7">X X</cards>
<cards type="Pocket" player="oreiasccp">H6 C3</cards>
<action no="6" player="oreiasccp" type="0" sum="0"/>
<action no="7" player="Almu" type="3" discard="1" dealt="1" sum="15"/>
<action no="8" player="ARRWST0S7" type="23" discard="1" dealt="1" sum="75"/>
<action no="9" player="Almu" type="3" discard="1" dealt="1" sum="45"/>
</round>
<round no="2"><cards type="Flop">D4 D2 S7</cards>
<action no="10" player="Almu" type="4" discard="1" dealt="1" sum="0"/>
<action no="11" player="ARRWST0S7" type="5" discard="1" dealt="1" sum="82"/>
<action no="12" player="Almu" type="0" discard="1" dealt="1" sum="0"/>
</round>
</game>
<game gamecode="11516718349"><general><startdate>2025-06-17 06:07:50</startdate>
<round>1</round>
<failsafecounter/>
<players><player seat="6" name="oreiasccp" chips="445" dealer="0" win="0" bet="35" muck="1" rebuy="0" addon="0" merge="0" rebuychips="0" reg_code="8385473200"/>
<player seat="10" name="Almu" chips="495" dealer="1" win="105" bet="35" muck="0" rebuy="0" addon="0" merge="0" rebuychips="0" reg_code="8385473209"/>
<player seat="3" name="ARRWST0S7" chips="560" dealer="0" win="0" bet="35" muck="1" rebuy="0" addon="0" merge="0" rebuychips="0" reg_code="8385473182"/>
</players>
</general>
<round no="0"><action no="1" player="ARRWST0S7" type="15" discard="1" dealt="1" sum="5"/>
<action no="2" player="oreiasccp" type="15" sum="5"/>
<action no="3" player="Almu" type="15" discard="1" dealt="1" sum="5"/>
<action no="4" player="ARRWST0S7" type="1" discard="1" dealt="1" sum="15"/>
<action no="5" player="oreiasccp" type="2" sum="30"/>
</round>
<round no="1"><cards type="Pocket" player="oreiasccp">C4 DQ</cards>
<cards type="Pocket" player="Almu">SJ HQ</cards>
<cards type="Pocket" player="ARRWST0S7">H3 C5</cards>
<action no="6" player="Almu" type="3" discard="1" dealt="1" sum="30"/>
<action no="7" player="ARRWST0S7" type="3" discard="1" dealt="1" sum="15"/>
<action no="8" player="oreiasccp" type="4" sum="0"/>
</round>
<round no="2"><cards type="Flop">DA CK C9</cards>
<action no="9" player="ARRWST0S7" type="4" discard="1" dealt="1" sum="0"/>
<action no="10" player="oreiasccp" type="4" sum="0"/>
<action no="11" player="Almu" type="4" discard="1" dealt="1" sum="0"/>
</round>
<round no="3"><cards type="Turn">HA</cards>
<action no="12" player="ARRWST0S7" type="4" discard="1" dealt="1" sum="0"/>
<action no="13" player="oreiasccp" type="4" sum="0"/>
<action no="14" player="Almu" type="4" discard="1" dealt="1" sum="0"/>
</round>
<round no="4"><cards type="River">C8</cards>
<action no="15" player="ARRWST0S7" type="4" discard="1" dealt="1" sum="0"/>
<action no="16" player="oreiasccp" type="4" sum="0"/>
<action no="17" player="Almu" type="4" discard="1" dealt="1" sum="0"/>
</round>
</game>
<game gamecode="11516718390"><general><startdate>2025-06-17 06:08:10</startdate>
<round>1</round>
<failsafecounter/>
<players><player seat="10" name="Almu" chips="565" dealer="0" win="0" bet="35" muck="1" rebuy="0" addon="0" merge="0" rebuychips="0" reg_code="8385473209"/>
<player seat="3" name="ARRWST0S7" chips="525" dealer="1" win="0" bet="5" muck="1" rebuy="0" addon="0" merge="0" rebuychips="0" reg_code="8385473182"/>
<player seat="6" name="oreiasccp" chips="410" dealer="0" win="75" bet="410" muck="1" rebuy="0" addon="0" merge="0" rebuychips="0" reg_code="8385473200"/>
</players>
</general>
<round no="0"><action no="1" player="oreiasccp" type="15" sum="5"/>
<action no="2" player="Almu" type="15" discard="1" dealt="1" sum="5"/>
<action no="3" player="ARRWST0S7" type="15" discard="1" dealt="1" sum="5"/>
<action no="4" player="oreiasccp" type="1" sum="15"/>
<action no="5" player="Almu" type="2" discard="1" dealt="1" sum="30"/>
</round>
<round no="1"><cards type="Pocket" player="ARRWST0S7">X X</cards>
<cards type="Pocket" player="Almu">X X</cards>
<cards type="Pocket" player="oreiasccp">D9 DQ</cards>
<action no="6" player="ARRWST0S7" type="0" discard="1" dealt="1" sum="0"/>
<action no="7" player="oreiasccp" type="23" sum="405"/>
<action no="8" player="Almu" type="0" discard="1" dealt="1" sum="0"/>
</round>
</game>
<game gamecode="11516718421"><general><startdate>2025-06-17 06:08:25</startdate>
<round>1</round>
<failsafecounter/>
<players><player seat="3" name="ARRWST0S7" chips="520" dealer="0" win="45" bet="35" muck="1" rebuy="0" addon="0" merge="0" rebuychips="0" reg_code="8385473182"/>
<player seat="6" name="oreiasccp" chips="450" dealer="1" win="0" bet="5" muck="1" rebuy="0" addon="0" merge="0" rebuychips="0" reg_code="8385473200"/>
<player seat="10" name="Almu" chips="530" dealer="0" win="0" bet="20" muck="1" rebuy="0" addon="0" merge="0" rebuychips="0" reg_code="8385473209"/>
</players>
</general>
<round no="0"><action no="1" player="Almu" type="15" discard="1" dealt="1" sum="5"/>
<action no="2" player="ARRWST0S7" type="15" discard="1" dealt="1" sum="5"/>
<action no="3" player="oreiasccp" type="15" sum="5"/>
<action no="4" player="Almu" type="1" discard="1" dealt="1" sum="15"/>
<action no="5" player="ARRWST0S7" type="2" discard="1" dealt="1" sum="30"/>
</round>
<round no="1"><cards type="Pocket" player="Almu">X X</cards>
<cards type="Pocket" player="ARRWST0S7">X X</cards>
<cards type="Pocket" player="oreiasccp">D3 H2</cards>
<action no="6" player="oreiasccp" type="0" sum="0"/>
<action no="7" player="Almu" type="0" discard="1" dealt="1" sum="0"/>
</round>
</game>
<game gamecode="11516718432"><general><startdate>2025-06-17 06:08:31</startdate>
<round>1</round>
<failsafecounter/>
<players><player seat="6" name="oreiasccp" chips="445" dealer="0" win="75" bet="445" muck="1" rebuy="0" addon="0" merge="0" rebuychips="0" reg_code="8385473200"/>
<player seat="10" name="Almu" chips="510" dealer="1" win="0" bet="5" muck="1" rebuy="0" addon="0" merge="0" rebuychips="0" reg_code="8385473209"/>
<player seat="3" name="ARRWST0S7" chips="545" dealer="0" win="0" bet="35" muck="1" rebuy="0" addon="0" merge="0" rebuychips="0" reg_code="8385473182"/>
</players>
</general>
<round no="0"><action no="1" player="ARRWST0S7" type="15" discard="1" dealt="1" sum="5"/>
<action no="2" player="oreiasccp" type="15" sum="5"/>
<action no="3" player="Almu" type="15" discard="1" dealt="1" sum="5"/>
<action no="4" player="ARRWST0S7" type="1" discard="1" dealt="1" sum="15"/>
<action no="5" player="oreiasccp" type="2" sum="30"/>
</round>
<round no="1"><cards type="Pocket" player="ARRWST0S7">X X</cards>
<cards type="Pocket" player="Almu">X X</cards>
<cards type="Pocket" player="oreiasccp">H6 S6</cards>
<action no="6" player="Almu" type="0" discard="1" dealt="1" sum="0"/>
<action no="7" player="ARRWST0S7" type="3" discard="1" dealt="1" sum="15"/>
<action no="8" player="oreiasccp" type="23" sum="440"/>
<action no="9" player="ARRWST0S7" type="0" discard="1" dealt="1" sum="0"/>
</round>
</game>
<game gamecode="11516718456"><general><startdate>2025-06-17 06:08:41</startdate>
<round>1</round>
<failsafecounter/>
<players><player seat="10" name="Almu" chips="505" dealer="0" win="0" bet="35" muck="1" rebuy="0" addon="0" merge="0" rebuychips="0" reg_code="8385473209"/>
<player seat="3" name="ARRWST0S7" chips="510" dealer="1" win="0" bet="5" muck="1" rebuy="0" addon="0" merge="0" rebuychips="0" reg_code="8385473182"/>
<player seat="6" name="oreiasccp" chips="485" dealer="0" win="75" bet="485" muck="1" rebuy="0" addon="0" merge="0" rebuychips="0" reg_code="8385473200"/>
</players>
</general>
<round no="0"><action no="1" player="oreiasccp" type="15" sum="5"/>
<action no="2" player="Almu" type="15" discard="1" dealt="1" sum="5"/>
<action no="3" player="ARRWST0S7" type="15" discard="1" dealt="1" sum="5"/>
<action no="4" player="oreiasccp" type="1" sum="15"/>
<action no="5" player="Almu" type="2" discard="1" dealt="1" sum="30"/>
</round>
<round no="1"><cards type="Pocket" player="ARRWST0S7">X X</cards>
<cards type="Pocket" player="Almu">X X</cards>
<cards type="Pocket" player="oreiasccp">HA CK</cards>
<action no="6" player="ARRWST0S7" type="0" discard="1" dealt="1" sum="0"/>
<action no="7" player="oreiasccp" type="23" sum="480"/>
<action no="8" player="Almu" type="0" discard="1" dealt="1" sum="0"/>
</round>
</game>
<game gamecode="11516718479"><general><startdate>2025-06-17 06:08:49</startdate>
<round>1</round>
<failsafecounter/>
<players><player seat="3" name="ARRWST0S7" chips="505" dealer="0" win="0" bet="35" muck="1" rebuy="0" addon="0" merge="0" rebuychips="0" reg_code="8385473182"/>
<player seat="6" name="oreiasccp" chips="525" dealer="1" win="0" bet="505" muck="0" rebuy="0" addon="0" merge="0" rebuychips="0" reg_code="8385473200"/>
<player seat="10" name="Almu" chips="470" dealer="0" win="975" bet="470" muck="0" rebuy="0" addon="0" merge="0" rebuychips="0" reg_code="8385473209"/>
</players>
</general>
<round no="0"><action no="1" player="Almu" type="15" discard="1" dealt="1" sum="5"/>
<action no="2" player="ARRWST0S7" type="15" discard="1" dealt="1" sum="5"/>
<action no="3" player="oreiasccp" type="15" sum="5"/>
<action no="4" player="Almu" type="1" discard="1" dealt="1" sum="15"/>
<action no="5" player="ARRWST0S7" type="2" discard="1" dealt="1" sum="30"/>
</round>
<round no="1"><cards type="Pocket" player="oreiasccp">C10 DA</cards>
<cards type="Pocket" player="ARRWST0S7">X X</cards>
<cards type="Pocket" player="Almu">H8 C8</cards>
<action no="6" player="oreiasccp" type="23" sum="500"/>
<action no="7" player="Almu" type="7" discard="1" dealt="1" sum="450"/>
<action no="8" player="ARRWST0S7" type="0" discard="1" dealt="1" sum="0"/>
</round>
<round no="2"><cards type="Flop">D6 C9 SK</cards>
</round>
<round no="3"><cards type="Turn">D9</cards>
</round>
<round no="4"><cards type="River">DJ</cards>
</round>
</game>
<game gamecode="11516718523"><general><startdate>2025-06-17 06:09:07</startdate>
<round>1</round>
<failsafecounter/>
<players><player seat="6" name="oreiasccp" chips="55" dealer="0" win="115" bet="55" muck="0" rebuy="0" addon="0" merge="0" rebuychips="0" reg_code="8385473200"/>
<player seat="10" name="Almu" chips="975" dealer="1" win="0" bet="5" muck="1" rebuy="0" addon="0" merge="0" rebuychips="0" reg_code="8385473209"/>
<player seat="3" name="ARRWST0S7" chips="470" dealer="0" win="0" bet="65" muck="0" rebuy="0" addon="0" merge="0" rebuychips="0" reg_code="8385473182"/>
</players>
</general>
<round no="0"><action no="1" player="ARRWST0S7" type="15" discard="1" dealt="1" sum="5"/>
<action no="2" player="oreiasccp" type="15" sum="5"/>
<action no="3" player="Almu" type="15" discard="1" dealt="1" sum="5"/>
<action no="4" player="ARRWST0S7" type="1" discard="1" dealt="1" sum="15"/>
<action no="5" player="oreiasccp" type="2" sum="30"/>
</round>
<round no="1"><cards type="Pocket" player="Almu">X X</cards>
<cards type="Pocket" player="oreiasccp">S6 S7</cards>
<cards type="Pocket" player="ARRWST0S7">C6 HK</cards>
<action no="6" player="Almu" type="0" discard="1" dealt="1" sum="0"/>
<action no="7" player="ARRWST0S7" type="23" discard="1" dealt="1" sum="60"/>
<action no="8" player="oreiasccp" type="7" sum="20"/>
</round>
<round no="2"><cards type="Flop">SJ DA C7</cards>
</round>
<round no="3"><cards type="Turn">H10</cards>
</round>
<round no="4"><cards type="River">D7</cards>
</round>
</game>
<game gamecode="11516718562"><general><startdate>2025-06-17 06:09:29</startdate>
<round>1</round>
<failsafecounter/>
<players><player seat="10" name="Almu" chips="970" dealer="0" win="235" bet="115" muck="0" rebuy="0" addon="0" merge="0" rebuychips="0" reg_code="8385473209"/>
<player seat="3" name="ARRWST0S7" chips="415" dealer="1" win="0" bet="5" muck="1" rebuy="0" addon="0" merge="0" rebuychips="0" reg_code="8385473182"/>
<player seat="6" name="oreiasccp" chips="115" dealer="0" win="0" bet="115" muck="0" rebuy="0" addon="0" merge="0" rebuychips="0" reg_code="8385473200"/>
</players>
</general>
<round no="0"><action no="1" player="oreiasccp" type="15" sum="5"/>
<action no="2" player="Almu" type="15" discard="1" dealt="1" sum="5"/>
<action no="3" player="ARRWST0S7" type="15" discard="1" dealt="1" sum="5"/>
<action no="4" player="oreiasccp" type="1" sum="20"/>
<action no="5" player="Almu" type="2" discard="1" dealt="1" sum="40"/>
</round>
<round no="1"><cards type="Pocket" player="Almu">DA HA</cards>
<cards type="Pocket" player="ARRWST0S7">X X</cards>
<cards type="Pocket" player="oreiasccp">S7 CA</cards>
<action no="6" player="ARRWST0S7" type="0" discard="1" dealt="1" sum="0"/>
<action no="7" player="oreiasccp" type="23" sum="110"/>
<action no="8" player="Almu" type="3" discard="1" dealt="1" sum="70"/>
</round>
<round no="2"><cards type="Flop">DK CK HQ</cards>
</round>
<round no="3"><cards type="Turn">H9</cards>
</round>
<round no="4"><cards type="River">S2</cards>
</round>
</game>
</session>
