<?xml version="1.0" encoding="UTF-8"?>
<session sessioncode="8385474710">
<general>
<client_version>24.7.1.16</client_version>
<mode>real</mode>
<gametype>Holdem NL</gametype>
<tablename>Twister €5 SNG, 1127657940</tablename>
<tournamentcode>1127657939</tournamentcode>
<tournamentname>Twister €5 SNG</tournamentname>
<buyin>€0 + €0.35 + €4.65</buyin>
<totalbuyin>€5</totalbuyin>
<rewarddrawn>€10</rewarddrawn>
<tournamentcurrency>EUR</tournamentcurrency>
<currency>EUR</currency>
<nickname>oreiasccp</nickname>
<gamecount>19</gamecount>
<startdate>2025-06-17 06:17:23</startdate>
<place>1</place>
<win>€10</win>
<tablesize>3</tablesize>
</general>
<game gamecode="11516725561"><general><startdate>2025-06-17 06:17:38</startdate>
<round>1</round>
<failsafecounter/>
<players><player seat="6" name="Frankii55" chips="500" dealer="0" win="0" bet="89" muck="1" rebuy="0" addon="0" merge="0" rebuychips="0" reg_code="8385474746"/>
<player seat="10" name="GinkobilobAA" chips="500" dealer="1" win="0" bet="0" muck="1" rebuy="0" addon="0" merge="0" rebuychips="0" reg_code="8385474754"/>
<player seat="3" name="oreiasccp" chips="500" dealer="0" win="178" bet="89" muck="0" rebuy="0" addon="0" merge="0" rebuychips="0" reg_code="8385474710"/>
</players>
</general>
<round no="0"><action no="1" player="oreiasccp" type="1" sum="10"/>
<action no="2" player="Frankii55" type="2" discard="1" dealt="1" sum="20"/>
</round>
<round no="1"><cards type="Pocket" player="GinkobilobAA">X X</cards>
<cards type="Pocket" player="Frankii55">D4 S2</cards>
<cards type="Pocket" player="oreiasccp">HJ C10</cards>
<action no="3" player="GinkobilobAA" type="0" discard="1" dealt="1" sum="0"/>
<action no="4" player="oreiasccp" type="23" sum="40"/>
<action no="5" player="Frankii55" type="3" discard="1" dealt="1" sum="20"/>
</round>
<round no="2"><cards type="Flop">D7 H7 D5</cards>
<action no="6" player="oreiasccp" type="5" sum="29"/>
<action no="7" player="Frankii55" type="3" discard="1" dealt="1" sum="29"/>
</round>
<round no="3"><cards type="Turn">D10</cards>
<action no="8" player="oreiasccp" type="4" sum="0"/>
<action no="9" player="Frankii55" type="4" discard="1" dealt="1" sum="0"/>
</round>
<round no="4"><cards type="River">H5</cards>
<action no="10" player="oreiasccp" type="5" sum="20"/>
<action no="11" player="Frankii55" type="3" discard="1" dealt="1" sum="20"/>
</round>
</game>
<game gamecode="11516725623"><general><startdate>2025-06-17 06:18:07</startdate>
<round>1</round>
<failsafecounter/>
<players><player seat="10" name="GinkobilobAA" chips="500" dealer="0" win="20" bet="20" muck="1" rebuy="0" addon="0" merge="0" rebuychips="0" reg_code="8385474754"/>
<player seat="3" name="oreiasccp" chips="589" dealer="1" win="0" bet="0" muck="1" rebuy="0" addon="0" merge="0" rebuychips="0" reg_code="8385474710"/>
<player seat="6" name="Frankii55" chips="411" dealer="0" win="0" bet="10" muck="1" rebuy="0" addon="0" merge="0" rebuychips="0" reg_code="8385474746"/>
</players>
</general>
<round no="0"><action no="1" player="Frankii55" type="1" discard="1" dealt="1" sum="10"/>
<action no="2" player="GinkobilobAA" type="2" discard="1" dealt="1" sum="20"/>
</round>
<round no="1"><cards type="Pocket" player="Frankii55">X X</cards>
<cards type="Pocket" player="oreiasccp">CJ C3</cards>
<cards type="Pocket" player="GinkobilobAA">X X</cards>
<action no="3" player="oreiasccp" type="0" sum="0"/>
<action no="4" player="Frankii55" type="0" discard="1" dealt="1" sum="0"/>
</round>
</game>
<game gamecode="11516725639"><general><startdate>2025-06-17 06:18:17</startdate>
<round>1</round>
<failsafecounter/>
<players><player seat="3" name="oreiasccp" chips="589" dealer="0" win="0" bet="50" muck="1" rebuy="0" addon="0" merge="0" rebuychips="0" reg_code="8385474710"/>
<player seat="6" name="Frankii55" chips="401" dealer="1" win="0" bet="0" muck="1" rebuy="0" addon="0" merge="0" rebuychips="0" reg_code="8385474746"/>
<player seat="10" name="GinkobilobAA" chips="510" dealer="0" win="100" bet="101" muck="1" rebuy="0" addon="0" merge="0" rebuychips="0" reg_code="8385474754"/>
</players>
</general>
<round no="0"><action no="1" player="GinkobilobAA" type="1" discard="1" dealt="1" sum="10"/>
<action no="2" player="oreiasccp" type="2" sum="20"/>
</round>
<round no="1"><cards type="Pocket" player="GinkobilobAA">X X</cards>
<cards type="Pocket" player="oreiasccp">DA S2</cards>
<cards type="Pocket" player="Frankii55">X X</cards>
<action no="3" player="Frankii55" type="0" discard="1" dealt="1" sum="0"/>
<action no="4" player="GinkobilobAA" type="23" discard="1" dealt="1" sum="50"/>
<action no="5" player="oreiasccp" type="3" sum="30"/>
</round>
<round no="2"><cards type="Flop">S5 C8 C6</cards>
<action no="6" player="GinkobilobAA" type="4" discard="1" dealt="1" sum="0"/>
<action no="7" player="oreiasccp" type="4" sum="0"/>
</round>
<round no="3"><cards type="Turn">D9</cards>
<action no="8" player="GinkobilobAA" type="5" discard="1" dealt="1" sum="51"/>
<action no="9" player="oreiasccp" type="0" sum="0"/>
</round>
</game>
<game gamecode="11516725694"><general><startdate>2025-06-17 06:18:39</startdate>
<round>1</round>
<failsafecounter/>
<players><player seat="6" name="Frankii55" chips="401" dealer="0" win="20" bet="20" muck="1" rebuy="0" addon="0" merge="0" rebuychips="0" reg_code="8385474746"/>
<player seat="10" name="GinkobilobAA" chips="560" dealer="1" win="0" bet="0" muck="1" rebuy="0" addon="0" merge="0" rebuychips="0" reg_code="8385474754"/>
<player seat="3" name="oreiasccp" chips="539" dealer="0" win="0" bet="10" muck="1" rebuy="0" addon="0" merge="0" rebuychips="0" reg_code="8385474710"/>
</players>
</general>
<round no="0"><action no="1" player="oreiasccp" type="1" sum="10"/>
<action no="2" player="Frankii55" type="2" discard="1" dealt="1" sum="20"/>
</round>
<round no="1"><cards type="Pocket" player="Frankii55">X X</cards>
<cards type="Pocket" player="GinkobilobAA">X X</cards>
<cards type="Pocket" player="oreiasccp">S3 CQ</cards>
<action no="3" player="GinkobilobAA" type="0" discard="1" dealt="1" sum="0"/>
<action no="4" player="oreiasccp" type="0" sum="0"/>
</round>
</game>
<game gamecode="11516725714"><general><startdate>2025-06-17 06:18:48</startdate>
<round>1</round>
<failsafecounter/>
<players><player seat="10" name="GinkobilobAA" chips="560" dealer="0" win="0" bet="20" muck="1" rebuy="0" addon="0" merge="0" rebuychips="0" reg_code="8385474754"/>
<player seat="3" name="oreiasccp" chips="529" dealer="1" win="0" bet="0" muck="1" rebuy="0" addon="0" merge="0" rebuychips="0" reg_code="8385474710"/>
<player seat="6" name="Frankii55" chips="411" dealer="0" win="40" bet="60" muck="1" rebuy="0" addon="0" merge="0" rebuychips="0" reg_code="8385474746"/>
</players>
</general>
<round no="0"><action no="1" player="Frankii55" type="1" discard="1" dealt="1" sum="10"/>
<action no="2" player="GinkobilobAA" type="2" discard="1" dealt="1" sum="20"/>
</round>
<round no="1"><cards type="Pocket" player="oreiasccp">D10 D5</cards>
<cards type="Pocket" player="GinkobilobAA">X X</cards>
<cards type="Pocket" player="Frankii55">X X</cards>
<action no="3" player="oreiasccp" type="0" sum="0"/>
<action no="4" player="Frankii55" type="3" discard="1" dealt="1" sum="10"/>
<action no="5" player="GinkobilobAA" type="4" discard="1" dealt="1" sum="0"/>
</round>
<round no="2"><cards type="Flop">H7 CJ H6</cards>
<action no="6" player="Frankii55" type="4" discard="1" dealt="1" sum="0"/>
<action no="7" player="GinkobilobAA" type="4" discard="1" dealt="1" sum="0"/>
</round>
<round no="3"><cards type="Turn">S10</cards>
<action no="8" player="Frankii55" type="4" discard="1" dealt="1" sum="0"/>
<action no="9" player="GinkobilobAA" type="4" discard="1" dealt="1" sum="0"/>
</round>
<round no="4"><cards type="River">SA</cards>
<action no="10" player="Frankii55" type="5" discard="1" dealt="1" sum="40"/>
<action no="11" player="GinkobilobAA" type="0" discard="1" dealt="1" sum="0"/>
</round>
</game>
<game gamecode="11516725790"><general><startdate>2025-06-17 06:19:25</startdate>
<round>1</round>
<failsafecounter/>
<players><player seat="3" name="oreiasccp" chips="529" dealer="0" win="0" bet="20" muck="1" rebuy="0" addon="0" merge="0" rebuychips="0" reg_code="8385474710"/>
<player seat="6" name="Frankii55" chips="431" dealer="1" win="0" bet="20" muck="1" rebuy="0" addon="0" merge="0" rebuychips="0" reg_code="8385474746"/>
<player seat="10" name="GinkobilobAA" chips="540" dealer="0" win="60" bet="50" muck="1" rebuy="0" addon="0" merge="0" rebuychips="0" reg_code="8385474754"/>
</players>
</general>
<round no="0"><action no="1" player="GinkobilobAA" type="1" discard="1" dealt="1" sum="10"/>
<action no="2" player="oreiasccp" type="2" sum="20"/>
</round>
<round no="1"><cards type="Pocket" player="GinkobilobAA">X X</cards>
<cards type="Pocket" player="Frankii55">X X</cards>
<cards type="Pocket" player="oreiasccp">C3 C10</cards>
<action no="3" player="Frankii55" type="3" discard="1" dealt="1" sum="20"/>
<action no="4" player="GinkobilobAA" type="3" discard="1" dealt="1" sum="10"/>
<action no="5" player="oreiasccp" type="4" sum="0"/>
</round>
<round no="2"><cards type="Flop">C5 DK S5</cards>
<action no="6" player="GinkobilobAA" type="5" discard="1" dealt="1" sum="30"/>
<action no="7" player="oreiasccp" type="0" sum="0"/>
<action no="8" player="Frankii55" type="0" discard="1" dealt="1" sum="0"/>
</round>
</game>
<game gamecode="11516725851"><general><startdate>2025-06-17 06:19:55</startdate>
<round>1</round>
<failsafecounter/>
<players><player seat="6" name="Frankii55" chips="411" dealer="0" win="0" bet="95" muck="1" rebuy="0" addon="0" merge="0" rebuychips="0" reg_code="8385474746"/>
<player seat="10" name="GinkobilobAA" chips="580" dealer="1" win="0" bet="5" muck="1" rebuy="0" addon="0" merge="0" rebuychips="0" reg_code="8385474754"/>
<player seat="3" name="oreiasccp" chips="509" dealer="0" win="195" bet="290" muck="1" rebuy="0" addon="0" merge="0" rebuychips="0" reg_code="8385474710"/>
</players>
</general>
<round no="0"><action no="1" player="oreiasccp" type="15" sum="5"/>
<action no="2" player="Frankii55" type="15" discard="1" dealt="1" sum="5"/>
<action no="3" player="GinkobilobAA" type="15" discard="1" dealt="1" sum="5"/>
<action no="4" player="oreiasccp" type="1" sum="15"/>
<action no="5" player="Frankii55" type="2" discard="1" dealt="1" sum="30"/>
</round>
<round no="1"><cards type="Pocket" player="GinkobilobAA">X X</cards>
<cards type="Pocket" player="oreiasccp">C8 S6</cards>
<cards type="Pocket" player="Frankii55">X X</cards>
<action no="6" player="GinkobilobAA" type="0" discard="1" dealt="1" sum="0"/>
<action no="7" player="oreiasccp" type="23" sum="60"/>
<action no="8" player="Frankii55" type="3" discard="1" dealt="1" sum="30"/>
</round>
<round no="2"><cards type="Flop">D7 S3 HA</cards>
<action no="9" player="oreiasccp" type="5" sum="30"/>
<action no="10" player="Frankii55" type="3" discard="1" dealt="1" sum="30"/>
</round>
<round no="3"><cards type="Turn">C2</cards>
<action no="11" player="oreiasccp" type="4" sum="0"/>
<action no="12" player="Frankii55" type="4" discard="1" dealt="1" sum="0"/>
</round>
<round no="4"><cards type="River">S10</cards>
<action no="13" player="oreiasccp" type="5" sum="195"/>
<action no="14" player="Frankii55" type="0" discard="1" dealt="1" sum="0"/>
</round>
</game>
<game gamecode="11516725954"><general><startdate>2025-06-17 06:20:40</startdate>
<round>1</round>
<failsafecounter/>
<players><player seat="10" name="GinkobilobAA" chips="575" dealer="0" win="135" bet="140" muck="1" rebuy="0" addon="0" merge="0" rebuychips="0" reg_code="8385474754"/>
<player seat="3" name="oreiasccp" chips="609" dealer="1" win="0" bet="5" muck="1" rebuy="0" addon="0" merge="0" rebuychips="0" reg_code="8385474710"/>
<player seat="6" name="Frankii55" chips="316" dealer="0" win="0" bet="65" muck="1" rebuy="0" addon="0" merge="0" rebuychips="0" reg_code="8385474746"/>
</players>
</general>
<round no="0"><action no="1" player="Frankii55" type="15" discard="1" dealt="1" sum="5"/>
<action no="2" player="GinkobilobAA" type="15" discard="1" dealt="1" sum="5"/>
<action no="3" player="oreiasccp" type="15" sum="5"/>
<action no="4" player="Frankii55" type="1" discard="1" dealt="1" sum="15"/>
<action no="5" player="GinkobilobAA" type="2" discard="1" dealt="1" sum="30"/>
</round>
<round no="1"><cards type="Pocket" player="Frankii55">X X</cards>
<cards type="Pocket" player="GinkobilobAA">X X</cards>
<cards type="Pocket" player="oreiasccp">C10 S2</cards>
<action no="6" player="oreiasccp" type="0" sum="0"/>
<action no="7" player="Frankii55" type="23" discard="1" dealt="1" sum="60"/>
<action no="8" player="GinkobilobAA" type="3" discard="1" dealt="1" sum="30"/>
</round>
<round no="2"><cards type="Flop">H9 DJ H6</cards>
<action no="9" player="Frankii55" type="4" discard="1" dealt="1" sum="0"/>
<action no="10" player="GinkobilobAA" type="4" discard="1" dealt="1" sum="0"/>
</round>
<round no="3"><cards type="Turn">D3</cards>
<action no="11" player="Frankii55" type="4" discard="1" dealt="1" sum="0"/>
<action no="12" player="GinkobilobAA" type="4" discard="1" dealt="1" sum="0"/>
</round>
<round no="4"><cards type="River">SK</cards>
<action no="13" player="Frankii55" type="4" discard="1" dealt="1" sum="0"/>
<action no="14" player="GinkobilobAA" type="5" discard="1" dealt="1" sum="75"/>
<action no="15" player="Frankii55" type="0" discard="1" dealt="1" sum="0"/>
</round>
</game>
<game gamecode="11516726012"><general><startdate>2025-06-17 06:21:11</startdate>
<round>1</round>
<failsafecounter/>
<players><player seat="3" name="oreiasccp" chips="604" dealer="0" win="0" bet="35" muck="1" rebuy="0" addon="0" merge="0" rebuychips="0" reg_code="8385474710"/>
<player seat="6" name="Frankii55" chips="251" dealer="1" win="0" bet="251" muck="0" rebuy="0" addon="0" merge="0" rebuychips="0" reg_code="8385474746"/>
<player seat="10" name="GinkobilobAA" chips="645" dealer="0" win="537" bet="645" muck="0" rebuy="0" addon="0" merge="0" rebuychips="0" reg_code="8385474754"/>
</players>
</general>
<round no="0"><action no="1" player="GinkobilobAA" type="15" discard="1" dealt="1" sum="5"/>
<action no="2" player="oreiasccp" type="15" sum="5"/>
<action no="3" player="Frankii55" type="15" discard="1" dealt="1" sum="5"/>
<action no="4" player="GinkobilobAA" type="1" discard="1" dealt="1" sum="15"/>
<action no="5" player="oreiasccp" type="2" sum="30"/>
</round>
<round no="1"><cards type="Pocket" player="Frankii55">SK HJ</cards>
<cards type="Pocket" player="oreiasccp">C8 CK</cards>
<cards type="Pocket" player="GinkobilobAA">SQ S10</cards>
<action no="6" player="Frankii55" type="3" discard="1" dealt="1" sum="30"/>
<action no="7" player="GinkobilobAA" type="23" discard="1" dealt="1" sum="640"/>
<action no="8" player="oreiasccp" type="0" sum="0"/>
<action no="9" player="Frankii55" type="7" discard="1" dealt="1" sum="216"/>
</round>
<round no="2"><cards type="Flop">S3 S2 H2</cards>
</round>
<round no="3"><cards type="Turn">SJ</cards>
</round>
<round no="4"><cards type="River">DQ</cards>
</round>
</game>
<game gamecode="11516728345"><general><startdate>2025-06-17 06:21:31</startdate>
<round>1</round>
<failsafecounter/>
<players><player seat="3" name="oreiasccp" chips="569" dealer="0" win="130" bet="569" muck="1" rebuy="0" addon="0" merge="0" rebuychips="0" reg_code="8385474710"/>
<player seat="10" name="GinkobilobAA" chips="931" dealer="1" win="0" bet="65" muck="1" rebuy="0" addon="0" merge="0" rebuychips="0" reg_code="8385474754"/>
</players>
</general>
<round no="0"><action no="1" player="GinkobilobAA" type="15" discard="1" dealt="1" sum="5"/>
<action no="2" player="oreiasccp" type="15" sum="5"/>
<action no="3" player="GinkobilobAA" type="1" discard="1" dealt="1" sum="15"/>
<action no="4" player="oreiasccp" type="2" sum="30"/>
</round>
<round no="1"><cards type="Pocket" player="oreiasccp">DJ SJ</cards>
<cards type="Pocket" player="GinkobilobAA">X X</cards>
<action no="5" player="GinkobilobAA" type="23" discard="1" dealt="1" sum="60"/>
<action no="6" player="oreiasccp" type="23" sum="564"/>
<action no="7" player="GinkobilobAA" type="0" discard="1" dealt="1" sum="0"/>
</round>
</game>
<game gamecode="11516728373"><general><startdate>2025-06-17 06:21:45</startdate>
<round>1</round>
<failsafecounter/>
<players><player seat="10" name="GinkobilobAA" chips="866" dealer="0" win="50" bet="45" muck="1" rebuy="0" addon="0" merge="0" rebuychips="0" reg_code="8385474754"/>
<player seat="3" name="oreiasccp" chips="634" dealer="1" win="0" bet="25" muck="1" rebuy="0" addon="0" merge="0" rebuychips="0" reg_code="8385474710"/>
</players>
</general>
<round no="0"><action no="1" player="oreiasccp" type="15" sum="5"/>
<action no="2" player="GinkobilobAA" type="15" discard="1" dealt="1" sum="5"/>
<action no="3" player="oreiasccp" type="1" sum="20"/>
<action no="4" player="GinkobilobAA" type="2" discard="1" dealt="1" sum="40"/>
</round>
<round no="1"><cards type="Pocket" player="GinkobilobAA">X X</cards>
<cards type="Pocket" player="oreiasccp">D2 C9</cards>
<action no="5" player="oreiasccp" type="0" sum="0"/>
</round>
</game>
<game gamecode="11516728383"><general><startdate>2025-06-17 06:21:51</startdate>
<round>1</round>
<failsafecounter/>
<players><player seat="3" name="oreiasccp" chips="609" dealer="0" win="0" bet="45" muck="1" rebuy="0" addon="0" merge="0" rebuychips="0" reg_code="8385474710"/>
<player seat="10" name="GinkobilobAA" chips="891" dealer="1" win="90" bet="891" muck="1" rebuy="0" addon="0" merge="0" rebuychips="0" reg_code="8385474754"/>
</players>
</general>
<round no="0"><action no="1" player="GinkobilobAA" type="15" discard="1" dealt="1" sum="5"/>
<action no="2" player="oreiasccp" type="15" sum="5"/>
<action no="3" player="GinkobilobAA" type="1" discard="1" dealt="1" sum="20"/>
<action no="4" player="oreiasccp" type="2" sum="40"/>
</round>
<round no="1"><cards type="Pocket" player="GinkobilobAA">X X</cards>
<cards type="Pocket" player="oreiasccp">H4 SA</cards>
<action no="5" player="GinkobilobAA" type="23" discard="1" dealt="1" sum="886"/>
<action no="6" player="oreiasccp" type="0" sum="0"/>
</round>
</game>
<game gamecode="11516728410"><general><startdate>2025-06-17 06:22:00</startdate>
<round>1</round>
<failsafecounter/>
<players><player seat="10" name="GinkobilobAA" chips="936" dealer="0" win="90" bet="936" muck="1" rebuy="0" addon="0" merge="0" rebuychips="0" reg_code="8385474754"/>
<player seat="3" name="oreiasccp" chips="564" dealer="1" win="0" bet="45" muck="1" rebuy="0" addon="0" merge="0" rebuychips="0" reg_code="8385474710"/>
</players>
</general>
<round no="0"><action no="1" player="oreiasccp" type="15" sum="5"/>
<action no="2" player="GinkobilobAA" type="15" discard="1" dealt="1" sum="5"/>
<action no="3" player="oreiasccp" type="1" sum="20"/>
<action no="4" player="GinkobilobAA" type="2" discard="1" dealt="1" sum="40"/>
</round>
<round no="1"><cards type="Pocket" player="GinkobilobAA">X X</cards>
<cards type="Pocket" player="oreiasccp">DK HJ</cards>
<action no="5" player="oreiasccp" type="3" sum="20"/>
<action no="6" player="GinkobilobAA" type="23" discard="1" dealt="1" sum="931"/>
<action no="7" player="oreiasccp" type="0" sum="0"/>
</round>
</game>
<game gamecode="11516728439"><general><startdate>2025-06-17 06:22:14</startdate>
<round>1</round>
<failsafecounter/>
<players><player seat="3" name="oreiasccp" chips="519" dealer="0" win="0" bet="45" muck="1" rebuy="0" addon="0" merge="0" rebuychips="0" reg_code="8385474710"/>
<player seat="10" name="GinkobilobAA" chips="981" dealer="1" win="90" bet="85" muck="1" rebuy="0" addon="0" merge="0" rebuychips="0" reg_code="8385474754"/>
</players>
</general>
<round no="0"><action no="1" player="GinkobilobAA" type="15" discard="1" dealt="1" sum="5"/>
<action no="2" player="oreiasccp" type="15" sum="5"/>
<action no="3" player="GinkobilobAA" type="1" discard="1" dealt="1" sum="20"/>
<action no="4" player="oreiasccp" type="2" sum="40"/>
</round>
<round no="1"><cards type="Pocket" player="oreiasccp">C10 S2</cards>
<cards type="Pocket" player="GinkobilobAA">X X</cards>
<action no="5" player="GinkobilobAA" type="3" discard="1" dealt="1" sum="20"/>
<action no="6" player="oreiasccp" type="4" sum="0"/>
</round>
<round no="2"><cards type="Flop">SQ HA D3</cards>
<action no="7" player="oreiasccp" type="4" sum="0"/>
<action no="8" player="GinkobilobAA" type="4" discard="1" dealt="1" sum="0"/>
</round>
<round no="3"><cards type="Turn">S8</cards>
<action no="9" player="oreiasccp" type="4" sum="0"/>
<action no="10" player="GinkobilobAA" type="5" discard="1" dealt="1" sum="40"/>
<action no="11" player="oreiasccp" type="0" sum="0"/>
</round>
</game>
<game gamecode="11516728510"><general><startdate>2025-06-17 06:22:48</startdate>
<round>1</round>
<failsafecounter/>
<players><player seat="10" name="GinkobilobAA" chips="1,026" dealer="0" win="0" bet="45" muck="1" rebuy="0" addon="0" merge="0" rebuychips="0" reg_code="8385474754"/>
<player seat="3" name="oreiasccp" chips="474" dealer="1" win="90" bet="474" muck="1" rebuy="0" addon="0" merge="0" rebuychips="0" reg_code="8385474710"/>
</players>
</general>
<round no="0"><action no="1" player="oreiasccp" type="15" sum="5"/>
<action no="2" player="GinkobilobAA" type="15" discard="1" dealt="1" sum="5"/>
<action no="3" player="oreiasccp" type="1" sum="20"/>
<action no="4" player="GinkobilobAA" type="2" discard="1" dealt="1" sum="40"/>
</round>
<round no="1"><cards type="Pocket" player="oreiasccp">CK S10</cards>
<cards type="Pocket" player="GinkobilobAA">X X</cards>
<action no="5" player="oreiasccp" type="23" sum="469"/>
<action no="6" player="GinkobilobAA" type="0" discard="1" dealt="1" sum="0"/>
</round>
</game>
<game gamecode="11516728533"><general><startdate>2025-06-17 06:22:57</startdate>
<round>1</round>
<failsafecounter/>
<players><player seat="3" name="oreiasccp" chips="519" dealer="0" win="0" bet="210" muck="1" rebuy="0" addon="0" merge="0" rebuychips="0" reg_code="8385474710"/>
<player seat="10" name="GinkobilobAA" chips="981" dealer="1" win="420" bet="981" muck="1" rebuy="0" addon="0" merge="0" rebuychips="0" reg_code="8385474754"/>
</players>
</general>
<round no="0"><action no="1" player="GinkobilobAA" type="15" discard="1" dealt="1" sum="5"/>
<action no="2" player="oreiasccp" type="15" sum="5"/>
<action no="3" player="GinkobilobAA" type="1" discard="1" dealt="1" sum="20"/>
<action no="4" player="oreiasccp" type="2" sum="40"/>
</round>
<round no="1"><cards type="Pocket" player="GinkobilobAA">X X</cards>
<cards type="Pocket" player="oreiasccp">C7 S8</cards>
<action no="5" player="GinkobilobAA" type="3" discard="1" dealt="1" sum="20"/>
<action no="6" player="oreiasccp" type="4" sum="0"/>
</round>
<round no="2"><cards type="Flop">D9 H5 S3</cards>
<action no="7" player="oreiasccp" type="4" sum="0"/>
<action no="8" player="GinkobilobAA" type="5" discard="1" dealt="1" sum="45"/>
<action no="9" player="oreiasccp" type="3" sum="45"/>
</round>
<round no="3"><cards type="Turn">S10</cards>
<action no="10" player="oreiasccp" type="4" sum="0"/>
<action no="11" player="GinkobilobAA" type="4" discard="1" dealt="1" sum="0"/>
</round>
<round no="4"><cards type="River">C9</cards>
<action no="12" player="oreiasccp" type="5" sum="120"/>
<action no="13" player="GinkobilobAA" type="23" discard="1" dealt="1" sum="891"/>
<action no="14" player="oreiasccp" type="0" sum="0"/>
</round>
</game>
<game gamecode="11516728611"><general><startdate>2025-06-17 06:23:39</startdate>
<round>1</round>
<failsafecounter/>
<players><player seat="10" name="GinkobilobAA" chips="1,191" dealer="0" win="0" bet="309" muck="1" rebuy="0" addon="0" merge="0" rebuychips="0" reg_code="8385474754"/>
<player seat="3" name="oreiasccp" chips="309" dealer="1" win="618" bet="309" muck="0" rebuy="0" addon="0" merge="0" rebuychips="0" reg_code="8385474710"/>
</players>
</general>
<round no="0"><action no="1" player="oreiasccp" type="15" sum="5"/>
<action no="2" player="GinkobilobAA" type="15" discard="1" dealt="1" sum="5"/>
<action no="3" player="oreiasccp" type="1" sum="30"/>
<action no="4" player="GinkobilobAA" type="2" discard="1" dealt="1" sum="60"/>
</round>
<round no="1"><cards type="Pocket" player="GinkobilobAA">DA C3</cards>
<cards type="Pocket" player="oreiasccp">SA C10</cards>
<action no="5" player="oreiasccp" type="23" sum="304"/>
<action no="6" player="GinkobilobAA" type="3" discard="1" dealt="1" sum="244"/>
</round>
<round no="2"><cards type="Flop">H2 DJ S8</cards>
</round>
<round no="3"><cards type="Turn">C5</cards>
</round>
<round no="4"><cards type="River">DK</cards>
</round>
</game>
<game gamecode="11516728641"><general><startdate>2025-06-17 06:23:54</startdate>
<round>1</round>
<failsafecounter/>
<players><player seat="3" name="oreiasccp" chips="618" dealer="0" win="1,236" bet="618" muck="0" rebuy="0" addon="0" merge="0" rebuychips="0" reg_code="8385474710"/>
<player seat="10" name="GinkobilobAA" chips="882" dealer="1" win="0" bet="882" muck="1" rebuy="0" addon="0" merge="0" rebuychips="0" reg_code="8385474754"/>
</players>
</general>
<round no="0"><action no="1" player="GinkobilobAA" type="15" discard="1" dealt="1" sum="5"/>
<action no="2" player="oreiasccp" type="15" sum="5"/>
<action no="3" player="GinkobilobAA" type="1" discard="1" dealt="1" sum="30"/>
<action no="4" player="oreiasccp" type="2" sum="60"/>
</round>
<round no="1"><cards type="Pocket" player="oreiasccp">DQ CK</cards>
<cards type="Pocket" player="GinkobilobAA">H5 H4</cards>
<action no="5" player="GinkobilobAA" type="23" discard="1" dealt="1" sum="877"/>
<action no="6" player="oreiasccp" type="7" sum="553"/>
</round>
<round no="2"><cards type="Flop">S8 H8 SJ</cards>
</round>
<round no="3"><cards type="Turn">HK</cards>
</round>
<round no="4"><cards type="River">C10</cards>
</round>
</game>
<game gamecode="11516728679"><general><startdate>2025-06-17 06:24:13</startdate>
<round>1</round>
<failsafecounter/>
<players><player seat="10" name="GinkobilobAA" chips="264" dealer="0" win="0" bet="264" muck="1" rebuy="0" addon="0" merge="0" rebuychips="0" reg_code="8385474754"/>
<player seat="3" name="oreiasccp" chips="1,236" dealer="1" win="528" bet="264" muck="0" rebuy="0" addon="0" merge="0" rebuychips="0" reg_code="8385474710"/>
</players>
</general>
<round no="0"><action no="1" player="oreiasccp" type="15" sum="5"/>
<action no="2" player="GinkobilobAA" type="15" discard="1" dealt="1" sum="5"/>
<action no="3" player="oreiasccp" type="1" sum="30"/>
<action no="4" player="GinkobilobAA" type="2" discard="1" dealt="1" sum="60"/>
</round>
<round no="1"><cards type="Pocket" player="GinkobilobAA">DK D5</cards>
<cards type="Pocket" player="oreiasccp">CJ CK</cards>
<action no="5" player="oreiasccp" type="23" sum="259"/>
<action no="6" player="GinkobilobAA" type="7" discard="1" dealt="1" sum="199"/>
</round>
<round no="2"><cards type="Flop">D9 S8 H7</cards>
</round>
<round no="3"><cards type="Turn">S10</cards>
</round>
<round no="4"><cards type="River">C4</cards>
</round>
</game>
</session>
