<?xml version="1.0" encoding="UTF-8"?>
<session sessioncode="8385507863">
<general>
<client_version>24.7.1.16</client_version>
<mode>real</mode>
<gametype>Holdem NL</gametype>
<tablename>Twister €5 SNG, 1127664454</tablename>
<tournamentcode>1127664453</tournamentcode>
<tournamentname>Twister €5 SNG</tournamentname>
<buyin>€0 + €0.35 + €4.65</buyin>
<totalbuyin>€5</totalbuyin>
<rewarddrawn>€15</rewarddrawn>
<tournamentcurrency>EUR</tournamentcurrency>
<currency>EUR</currency>
<nickname>oreiasccp</nickname>
<gamecount>12</gamecount>
<startdate>2025-06-17 09:26:11</startdate>
<place>2</place>
<win>€0</win>
<tablesize>3</tablesize>
</general>
<game gamecode="11516826636"><general><startdate>2025-06-17 09:26:26</startdate>
<round>1</round>
<failsafecounter/>
<players><player seat="6" name="oreiasccp" chips="500" dealer="0" win="0" bet="20" muck="1" rebuy="0" addon="0" merge="0" rebuychips="0" reg_code="8385507863"/>
<player seat="10" name="dukefeather91" chips="500" dealer="1" win="50" bet="500" muck="1" rebuy="0" addon="0" merge="0" rebuychips="0" reg_code="8385507867"/>
<player seat="3" name="Tessan" chips="500" dealer="0" win="0" bet="10" muck="1" rebuy="0" addon="0" merge="0" rebuychips="0" reg_code="8385507855"/>
</players>
</general>
<round no="0"><action no="1" player="Tessan" type="1" discard="1" dealt="1" sum="10"/>
<action no="2" player="oreiasccp" type="2" sum="20"/>
</round>
<round no="1"><cards type="Pocket" player="dukefeather91">X X</cards>
<cards type="Pocket" player="oreiasccp">SJ D2</cards>
<cards type="Pocket" player="Tessan">X X</cards>
<action no="3" player="dukefeather91" type="23" discard="1" dealt="1" sum="500"/>
<action no="4" player="Tessan" type="0" discard="1" dealt="1" sum="0"/>
<action no="5" player="oreiasccp" type="0" sum="0"/>
</round>
</game>
<game gamecode="11516830543"><general><startdate>2025-06-17 09:26:36</startdate>
<round>1</round>
<failsafecounter/>
<players><player seat="10" name="dukefeather91" chips="530" dealer="0" win="0" bet="20" muck="1" rebuy="0" addon="0" merge="0" rebuychips="0" reg_code="8385507867"/>
<player seat="3" name="Tessan" chips="490" dealer="1" win="100" bet="60" muck="1" rebuy="0" addon="0" merge="0" rebuychips="0" reg_code="8385507855"/>
<player seat="6" name="oreiasccp" chips="480" dealer="0" win="0" bet="40" muck="1" rebuy="0" addon="0" merge="0" rebuychips="0" reg_code="8385507863"/>
</players>
</general>
<round no="0"><action no="1" player="oreiasccp" type="1" sum="10"/>
<action no="2" player="dukefeather91" type="2" discard="1" dealt="1" sum="20"/>
</round>
<round no="1"><cards type="Pocket" player="dukefeather91">X X</cards>
<cards type="Pocket" player="oreiasccp">S8 S10</cards>
<cards type="Pocket" player="Tessan">X X</cards>
<action no="3" player="Tessan" type="23" discard="1" dealt="1" sum="40"/>
<action no="4" player="oreiasccp" type="3" sum="30"/>
<action no="5" player="dukefeather91" type="0" discard="1" dealt="1" sum="0"/>
</round>
<round no="2"><cards type="Flop">D5 HA H6</cards>
<action no="6" player="oreiasccp" type="4" sum="0"/>
<action no="7" player="Tessan" type="5" discard="1" dealt="1" sum="20"/>
<action no="8" player="oreiasccp" type="0" sum="0"/>
</round>
</game>
<game gamecode="11516830602"><general><startdate>2025-06-17 09:26:56</startdate>
<round>1</round>
<failsafecounter/>
<players><player seat="3" name="Tessan" chips="550" dealer="0" win="0" bet="20" muck="1" rebuy="0" addon="0" merge="0" rebuychips="0" reg_code="8385507855"/>
<player seat="6" name="oreiasccp" chips="440" dealer="1" win="0" bet="0" muck="1" rebuy="0" addon="0" merge="0" rebuychips="0" reg_code="8385507863"/>
<player seat="10" name="dukefeather91" chips="510" dealer="0" win="40" bet="510" muck="1" rebuy="0" addon="0" merge="0" rebuychips="0" reg_code="8385507867"/>
</players>
</general>
<round no="0"><action no="1" player="dukefeather91" type="1" discard="1" dealt="1" sum="10"/>
<action no="2" player="Tessan" type="2" discard="1" dealt="1" sum="20"/>
</round>
<round no="1"><cards type="Pocket" player="Tessan">X X</cards>
<cards type="Pocket" player="oreiasccp">SQ D4</cards>
<cards type="Pocket" player="dukefeather91">X X</cards>
<action no="3" player="oreiasccp" type="0" sum="0"/>
<action no="4" player="dukefeather91" type="23" discard="1" dealt="1" sum="510"/>
<action no="5" player="Tessan" type="0" discard="1" dealt="1" sum="0"/>
</round>
</game>
<game gamecode="11516830636"><general><startdate>2025-06-17 09:27:07</startdate>
<round>1</round>
<failsafecounter/>
<players><player seat="6" name="oreiasccp" chips="440" dealer="0" win="160" bet="120" muck="1" rebuy="0" addon="0" merge="0" rebuychips="0" reg_code="8385507863"/>
<player seat="10" name="dukefeather91" chips="530" dealer="1" win="0" bet="0" muck="1" rebuy="0" addon="0" merge="0" rebuychips="0" reg_code="8385507867"/>
<player seat="3" name="Tessan" chips="530" dealer="0" win="0" bet="80" muck="1" rebuy="0" addon="0" merge="0" rebuychips="0" reg_code="8385507855"/>
</players>
</general>
<round no="0"><action no="1" player="Tessan" type="1" discard="1" dealt="1" sum="10"/>
<action no="2" player="oreiasccp" type="2" sum="20"/>
</round>
<round no="1"><cards type="Pocket" player="dukefeather91">X X</cards>
<cards type="Pocket" player="Tessan">X X</cards>
<cards type="Pocket" player="oreiasccp">D4 HQ</cards>
<action no="3" player="dukefeather91" type="0" discard="1" dealt="1" sum="0"/>
<action no="4" player="Tessan" type="23" discard="1" dealt="1" sum="40"/>
<action no="5" player="oreiasccp" type="3" sum="20"/>
</round>
<round no="2"><cards type="Flop">S10 C4 D3</cards>
<action no="6" player="Tessan" type="5" discard="1" dealt="1" sum="20"/>
<action no="7" player="oreiasccp" type="3" sum="20"/>
</round>
<round no="3"><cards type="Turn">S2</cards>
<action no="8" player="Tessan" type="5" discard="1" dealt="1" sum="20"/>
<action no="9" player="oreiasccp" type="23" sum="60"/>
<action no="10" player="Tessan" type="0" discard="1" dealt="1" sum="0"/>
</round>
</game>
<game gamecode="11516830709"><general><startdate>2025-06-17 09:27:34</startdate>
<round>1</round>
<failsafecounter/>
<players><player seat="10" name="dukefeather91" chips="530" dealer="0" win="60" bet="530" muck="1" rebuy="0" addon="0" merge="0" rebuychips="0" reg_code="8385507867"/>
<player seat="3" name="Tessan" chips="450" dealer="1" win="0" bet="20" muck="1" rebuy="0" addon="0" merge="0" rebuychips="0" reg_code="8385507855"/>
<player seat="6" name="oreiasccp" chips="520" dealer="0" win="0" bet="20" muck="1" rebuy="0" addon="0" merge="0" rebuychips="0" reg_code="8385507863"/>
</players>
</general>
<round no="0"><action no="1" player="oreiasccp" type="1" sum="10"/>
<action no="2" player="dukefeather91" type="2" discard="1" dealt="1" sum="20"/>
</round>
<round no="1"><cards type="Pocket" player="Tessan">X X</cards>
<cards type="Pocket" player="oreiasccp">DJ S9</cards>
<cards type="Pocket" player="dukefeather91">X X</cards>
<action no="3" player="Tessan" type="3" discard="1" dealt="1" sum="20"/>
<action no="4" player="oreiasccp" type="3" sum="10"/>
<action no="5" player="dukefeather91" type="23" discard="1" dealt="1" sum="530"/>
<action no="6" player="Tessan" type="0" discard="1" dealt="1" sum="0"/>
<action no="7" player="oreiasccp" type="0" sum="0"/>
</round>
</game>
<game gamecode="11516830753"><general><startdate>2025-06-17 09:27:49</startdate>
<round>1</round>
<failsafecounter/>
<players><player seat="3" name="Tessan" chips="430" dealer="0" win="0" bet="430" muck="0" rebuy="0" addon="0" merge="0" rebuychips="0" reg_code="8385507855"/>
<player seat="6" name="oreiasccp" chips="500" dealer="1" win="870" bet="430" muck="0" rebuy="0" addon="0" merge="0" rebuychips="0" reg_code="8385507863"/>
<player seat="10" name="dukefeather91" chips="570" dealer="0" win="0" bet="10" muck="1" rebuy="0" addon="0" merge="0" rebuychips="0" reg_code="8385507867"/>
</players>
</general>
<round no="0"><action no="1" player="dukefeather91" type="1" discard="1" dealt="1" sum="10"/>
<action no="2" player="Tessan" type="2" discard="1" dealt="1" sum="20"/>
</round>
<round no="1"><cards type="Pocket" player="oreiasccp">S8 HA</cards>
<cards type="Pocket" player="Tessan">CA S6</cards>
<cards type="Pocket" player="dukefeather91">X X</cards>
<action no="3" player="oreiasccp" type="23" sum="40"/>
<action no="4" player="dukefeather91" type="0" discard="1" dealt="1" sum="0"/>
<action no="5" player="Tessan" type="3" discard="1" dealt="1" sum="20"/>
</round>
<round no="2"><cards type="Flop">S3 H8 D4</cards>
<action no="6" player="Tessan" type="4" discard="1" dealt="1" sum="0"/>
<action no="7" player="oreiasccp" type="5" sum="66"/>
<action no="8" player="Tessan" type="3" discard="1" dealt="1" sum="66"/>
</round>
<round no="3"><cards type="Turn">C6</cards>
<action no="9" player="Tessan" type="4" discard="1" dealt="1" sum="0"/>
<action no="10" player="oreiasccp" type="5" sum="324"/>
<action no="11" player="Tessan" type="7" discard="1" dealt="1" sum="324"/>
</round>
<round no="4"><cards type="River">S4</cards>
</round>
</game>
<game gamecode="11516830848"><general><startdate>2025-06-17 09:28:24</startdate>
<round>1</round>
<failsafecounter/>
<players><player seat="6" name="oreiasccp" chips="940" dealer="0" win="40" bet="49" muck="1" rebuy="0" addon="0" merge="0" rebuychips="0" reg_code="8385507863"/>
<player seat="10" name="dukefeather91" chips="560" dealer="1" win="0" bet="20" muck="1" rebuy="0" addon="0" merge="0" rebuychips="0" reg_code="8385507867"/>
</players>
</general>
<round no="0"><action no="1" player="dukefeather91" type="1" discard="1" dealt="1" sum="10"/>
<action no="2" player="oreiasccp" type="2" sum="20"/>
</round>
<round no="1"><cards type="Pocket" player="oreiasccp">S2 DK</cards>
<cards type="Pocket" player="dukefeather91">X X</cards>
<action no="3" player="dukefeather91" type="3" discard="1" dealt="1" sum="10"/>
<action no="4" player="oreiasccp" type="4" sum="0"/>
</round>
<round no="2"><cards type="Flop">C9 HK DJ</cards>
<action no="5" player="oreiasccp" type="4" sum="0"/>
<action no="6" player="dukefeather91" type="4" discard="1" dealt="1" sum="0"/>
</round>
<round no="3"><cards type="Turn">D3</cards>
<action no="7" player="oreiasccp" type="5" sum="29"/>
<action no="8" player="dukefeather91" type="0" discard="1" dealt="1" sum="0"/>
</round>
</game>
<game gamecode="11516830899"><general><startdate>2025-06-17 09:28:42</startdate>
<round>1</round>
<failsafecounter/>
<players><player seat="10" name="dukefeather91" chips="540" dealer="0" win="70" bet="540" muck="1" rebuy="0" addon="0" merge="0" rebuychips="0" reg_code="8385507867"/>
<player seat="6" name="oreiasccp" chips="960" dealer="1" win="0" bet="35" muck="1" rebuy="0" addon="0" merge="0" rebuychips="0" reg_code="8385507863"/>
</players>
</general>
<round no="0"><action no="1" player="oreiasccp" type="15" sum="5"/>
<action no="2" player="dukefeather91" type="15" discard="1" dealt="1" sum="5"/>
<action no="3" player="oreiasccp" type="1" sum="15"/>
<action no="4" player="dukefeather91" type="2" discard="1" dealt="1" sum="30"/>
</round>
<round no="1"><cards type="Pocket" player="oreiasccp">HA S5</cards>
<cards type="Pocket" player="dukefeather91">X X</cards>
<action no="5" player="oreiasccp" type="3" sum="15"/>
<action no="6" player="dukefeather91" type="23" discard="1" dealt="1" sum="535"/>
<action no="7" player="oreiasccp" type="0" sum="0"/>
</round>
</game>
<game gamecode="11516830934"><general><startdate>2025-06-17 09:28:53</startdate>
<round>1</round>
<failsafecounter/>
<players><player seat="6" name="oreiasccp" chips="925" dealer="0" win="0" bet="35" muck="1" rebuy="0" addon="0" merge="0" rebuychips="0" reg_code="8385507863"/>
<player seat="10" name="dukefeather91" chips="575" dealer="1" win="70" bet="575" muck="1" rebuy="0" addon="0" merge="0" rebuychips="0" reg_code="8385507867"/>
</players>
</general>
<round no="0"><action no="1" player="dukefeather91" type="15" discard="1" dealt="1" sum="5"/>
<action no="2" player="oreiasccp" type="15" sum="5"/>
<action no="3" player="dukefeather91" type="1" discard="1" dealt="1" sum="15"/>
<action no="4" player="oreiasccp" type="2" sum="30"/>
</round>
<round no="1"><cards type="Pocket" player="dukefeather91">X X</cards>
<cards type="Pocket" player="oreiasccp">CA S2</cards>
<action no="5" player="dukefeather91" type="23" discard="1" dealt="1" sum="570"/>
<action no="6" player="oreiasccp" type="0" sum="0"/>
</round>
</game>
<game gamecode="11516830973"><general><startdate>2025-06-17 09:29:03</startdate>
<round>1</round>
<failsafecounter/>
<players><player seat="10" name="dukefeather91" chips="610" dealer="0" win="130" bet="610" muck="1" rebuy="0" addon="0" merge="0" rebuychips="0" reg_code="8385507867"/>
<player seat="6" name="oreiasccp" chips="890" dealer="1" win="0" bet="65" muck="1" rebuy="0" addon="0" merge="0" rebuychips="0" reg_code="8385507863"/>
</players>
</general>
<round no="0"><action no="1" player="oreiasccp" type="15" sum="5"/>
<action no="2" player="dukefeather91" type="15" discard="1" dealt="1" sum="5"/>
<action no="3" player="oreiasccp" type="1" sum="15"/>
<action no="4" player="dukefeather91" type="2" discard="1" dealt="1" sum="30"/>
</round>
<round no="1"><cards type="Pocket" player="dukefeather91">X X</cards>
<cards type="Pocket" player="oreiasccp">D9 HJ</cards>
<action no="5" player="oreiasccp" type="23" sum="60"/>
<action no="6" player="dukefeather91" type="23" discard="1" dealt="1" sum="605"/>
<action no="7" player="oreiasccp" type="0" sum="0"/>
</round>
</game>
<game gamecode="11516831002"><general><startdate>2025-06-17 09:29:12</startdate>
<round>1</round>
<failsafecounter/>
<players><player seat="6" name="oreiasccp" chips="825" dealer="0" win="0" bet="675" muck="1" rebuy="0" addon="0" merge="0" rebuychips="0" reg_code="8385507863"/>
<player seat="10" name="dukefeather91" chips="675" dealer="1" win="1,350" bet="675" muck="0" rebuy="0" addon="0" merge="0" rebuychips="0" reg_code="8385507867"/>
</players>
</general>
<round no="0"><action no="1" player="dukefeather91" type="15" discard="1" dealt="1" sum="5"/>
<action no="2" player="oreiasccp" type="15" sum="5"/>
<action no="3" player="dukefeather91" type="1" discard="1" dealt="1" sum="15"/>
<action no="4" player="oreiasccp" type="2" sum="30"/>
</round>
<round no="1"><cards type="Pocket" player="dukefeather91">S10 S3</cards>
<cards type="Pocket" player="oreiasccp">S7 H7</cards>
<action no="5" player="dukefeather91" type="23" discard="1" dealt="1" sum="670"/>
<action no="6" player="oreiasccp" type="3" sum="640"/>
</round>
<round no="2"><cards type="Flop">HJ C10 S9</cards>
</round>
<round no="3"><cards type="Turn">C6</cards>
</round>
<round no="4"><cards type="River">CJ</cards>
</round>
</game>
<game gamecode="11516831057"><general><startdate>2025-06-17 09:29:28</startdate>
<round>1</round>
<failsafecounter/>
<players><player seat="10" name="dukefeather91" chips="1,350" dealer="0" win="300" bet="150" muck="0" rebuy="0" addon="0" merge="0" rebuychips="0" reg_code="8385507867"/>
<player seat="6" name="oreiasccp" chips="150" dealer="1" win="0" bet="150" muck="0" rebuy="0" addon="0" merge="0" rebuychips="0" reg_code="8385507863"/>
</players>
</general>
<round no="0"><action no="1" player="oreiasccp" type="15" sum="5"/>
<action no="2" player="dukefeather91" type="15" discard="1" dealt="1" sum="5"/>
<action no="3" player="oreiasccp" type="1" sum="15"/>
<action no="4" player="dukefeather91" type="2" discard="1" dealt="1" sum="30"/>
</round>
<round no="1"><cards type="Pocket" player="oreiasccp">SK C2</cards>
<cards type="Pocket" player="dukefeather91">C10 C4</cards>
<action no="5" player="oreiasccp" type="23" sum="145"/>
<action no="6" player="dukefeather91" type="3" discard="1" dealt="1" sum="115"/>
</round>
<round no="2"><cards type="Flop">S7 HQ S3</cards>
</round>
<round no="3"><cards type="Turn">D4</cards>
</round>
<round no="4"><cards type="River">S10</cards>
</round>
</game>
</session>
