<?xml version="1.0" encoding="UTF-8"?>
<session sessioncode="8385503278">
<general>
<client_version>24.7.1.16</client_version>
<mode>real</mode>
<gametype>Holdem NL</gametype>
<tablename>Twister €5 SNG, 1127663826</tablename>
<tournamentcode>1127663825</tournamentcode>
<tournamentname>Twister €5 SNG</tournamentname>
<buyin>€0 + €0.35 + €4.65</buyin>
<totalbuyin>€5</totalbuyin>
<rewarddrawn>€15</rewarddrawn>
<tournamentcurrency>EUR</tournamentcurrency>
<currency>EUR</currency>
<nickname>oreiasccp</nickname>
<gamecount>21</gamecount>
<startdate>2025-06-17 09:09:06</startdate>
<place>2</place>
<win>€0</win>
<tablesize>3</tablesize>
</general>
<game gamecode="11516815098"><general><startdate>2025-06-17 09:09:21</startdate>
<round>1</round>
<failsafecounter/>
<players><player seat="10" name="oreiasccp" chips="500" dealer="0" win="0" bet="60" muck="1" rebuy="0" addon="0" merge="0" rebuychips="0" reg_code="8385503278"/>
<player seat="3" name="lemonround244" chips="500" dealer="1" win="0" bet="60" muck="1" rebuy="0" addon="0" merge="0" rebuychips="0" reg_code="8385503271"/>
<player seat="6" name="mrprasident" chips="500" dealer="0" win="180" bet="240" muck="1" rebuy="0" addon="0" merge="0" rebuychips="0" reg_code="8385503272"/>
</players>
</general>
<round no="0"><action no="1" player="mrprasident" type="1" discard="1" dealt="1" sum="10"/>
<action no="2" player="oreiasccp" type="2" sum="20"/>
</round>
<round no="1"><cards type="Pocket" player="oreiasccp">SK CQ</cards>
<cards type="Pocket" player="lemonround244">X X</cards>
<cards type="Pocket" player="mrprasident">X X</cards>
<action no="3" player="lemonround244" type="3" discard="1" dealt="1" sum="20"/>
<action no="4" player="mrprasident" type="23" discard="1" dealt="1" sum="60"/>
<action no="5" player="oreiasccp" type="3" sum="40"/>
<action no="6" player="lemonround244" type="3" discard="1" dealt="1" sum="40"/>
</round>
<round no="2"><cards type="Flop">H3 D10 H10</cards>
<action no="7" player="mrprasident" type="5" discard="1" dealt="1" sum="180"/>
<action no="8" player="oreiasccp" type="0" sum="0"/>
<action no="9" player="lemonround244" type="0" discard="1" dealt="1" sum="0"/>
</round>
</game>
<game gamecode="11516815179"><general><startdate>2025-06-17 09:09:46</startdate>
<round>1</round>
<failsafecounter/>
<players><player seat="3" name="lemonround244" chips="440" dealer="0" win="890" bet="440" muck="0" rebuy="0" addon="0" merge="0" rebuychips="0" reg_code="8385503271"/>
<player seat="6" name="mrprasident" chips="620" dealer="1" win="0" bet="440" muck="1" rebuy="0" addon="0" merge="0" rebuychips="0" reg_code="8385503272"/>
<player seat="10" name="oreiasccp" chips="440" dealer="0" win="0" bet="10" muck="1" rebuy="0" addon="0" merge="0" rebuychips="0" reg_code="8385503278"/>
</players>
</general>
<round no="0"><action no="1" player="oreiasccp" type="1" sum="10"/>
<action no="2" player="lemonround244" type="2" discard="1" dealt="1" sum="20"/>
</round>
<round no="1"><cards type="Pocket" player="mrprasident">HQ DA</cards>
<cards type="Pocket" player="lemonround244">H3 S3</cards>
<cards type="Pocket" player="oreiasccp">H6 C2</cards>
<action no="3" player="mrprasident" type="23" discard="1" dealt="1" sum="60"/>
<action no="4" player="oreiasccp" type="0" sum="0"/>
<action no="5" player="lemonround244" type="23" discard="1" dealt="1" sum="120"/>
<action no="6" player="mrprasident" type="23" discard="1" dealt="1" sum="180"/>
<action no="7" player="lemonround244" type="23" discard="1" dealt="1" sum="440"/>
<action no="8" player="mrprasident" type="3" discard="1" dealt="1" sum="260"/>
</round>
<round no="2"><cards type="Flop">C3 S8 C8</cards>
</round>
<round no="3"><cards type="Turn">CK</cards>
</round>
<round no="4"><cards type="River">SA</cards>
</round>
</game>
<game gamecode="11516819805"><general><startdate>2025-06-17 09:10:14</startdate>
<round>1</round>
<failsafecounter/>
<players><player seat="6" name="mrprasident" chips="180" dealer="0" win="0" bet="180" muck="0" rebuy="0" addon="0" merge="0" rebuychips="0" reg_code="8385503272"/>
<player seat="10" name="oreiasccp" chips="430" dealer="1" win="0" bet="0" muck="1" rebuy="0" addon="0" merge="0" rebuychips="0" reg_code="8385503278"/>
<player seat="3" name="lemonround244" chips="890" dealer="0" win="360" bet="180" muck="0" rebuy="0" addon="0" merge="0" rebuychips="0" reg_code="8385503271"/>
</players>
</general>
<round no="0"><action no="1" player="lemonround244" type="1" discard="1" dealt="1" sum="10"/>
<action no="2" player="mrprasident" type="2" discard="1" dealt="1" sum="20"/>
</round>
<round no="1"><cards type="Pocket" player="lemonround244">DJ H7</cards>
<cards type="Pocket" player="mrprasident">C9 HA</cards>
<cards type="Pocket" player="oreiasccp">D2 H8</cards>
<action no="3" player="oreiasccp" type="0" sum="0"/>
<action no="4" player="lemonround244" type="3" discard="1" dealt="1" sum="10"/>
<action no="5" player="mrprasident" type="23" discard="1" dealt="1" sum="60"/>
<action no="6" player="lemonround244" type="3" discard="1" dealt="1" sum="40"/>
</round>
<round no="2"><cards type="Flop">CQ S7 D7</cards>
<action no="7" player="lemonround244" type="4" discard="1" dealt="1" sum="0"/>
<action no="8" player="mrprasident" type="5" discard="1" dealt="1" sum="120"/>
<action no="9" player="lemonround244" type="3" discard="1" dealt="1" sum="120"/>
</round>
<round no="3"><cards type="Turn">HK</cards>
</round>
<round no="4"><cards type="River">D10</cards>
</round>
</game>
<game gamecode="11516819905"><general><startdate>2025-06-17 09:10:43</startdate>
<round>1</round>
<failsafecounter/>
<players><player seat="10" name="oreiasccp" chips="430" dealer="0" win="20" bet="20" muck="1" rebuy="0" addon="0" merge="0" rebuychips="0" reg_code="8385503278"/>
<player seat="3" name="lemonround244" chips="1,070" dealer="1" win="0" bet="10" muck="1" rebuy="0" addon="0" merge="0" rebuychips="0" reg_code="8385503271"/>
</players>
</general>
<round no="0"><action no="1" player="lemonround244" type="1" discard="1" dealt="1" sum="10"/>
<action no="2" player="oreiasccp" type="2" sum="20"/>
</round>
<round no="1"><cards type="Pocket" player="oreiasccp">CA D4</cards>
<cards type="Pocket" player="lemonround244">X X</cards>
<action no="3" player="lemonround244" type="0" discard="1" dealt="1" sum="0"/>
</round>
</game>
<game gamecode="11516819929"><general><startdate>2025-06-17 09:10:50</startdate>
<round>1</round>
<failsafecounter/>
<players><player seat="3" name="lemonround244" chips="1,060" dealer="0" win="120" bet="60" muck="0" rebuy="0" addon="0" merge="0" rebuychips="0" reg_code="8385503271"/>
<player seat="10" name="oreiasccp" chips="440" dealer="1" win="0" bet="60" muck="1" rebuy="0" addon="0" merge="0" rebuychips="0" reg_code="8385503278"/>
</players>
</general>
<round no="0"><action no="1" player="oreiasccp" type="1" sum="10"/>
<action no="2" player="lemonround244" type="2" discard="1" dealt="1" sum="20"/>
</round>
<round no="1"><cards type="Pocket" player="lemonround244">C3 HK</cards>
<cards type="Pocket" player="oreiasccp">D4 H6</cards>
<action no="3" player="oreiasccp" type="3" sum="10"/>
<action no="4" player="lemonround244" type="4" discard="1" dealt="1" sum="0"/>
</round>
<round no="2"><cards type="Flop">DJ C5 H8</cards>
<action no="5" player="lemonround244" type="4" discard="1" dealt="1" sum="0"/>
<action no="6" player="oreiasccp" type="4" sum="0"/>
</round>
<round no="3"><cards type="Turn">C9</cards>
<action no="7" player="lemonround244" type="4" discard="1" dealt="1" sum="0"/>
<action no="8" player="oreiasccp" type="5" sum="40"/>
<action no="9" player="lemonround244" type="3" discard="1" dealt="1" sum="40"/>
</round>
<round no="4"><cards type="River">D9</cards>
<action no="10" player="lemonround244" type="4" discard="1" dealt="1" sum="0"/>
<action no="11" player="oreiasccp" type="4" sum="0"/>
</round>
</game>
<game gamecode="11516819995"><general><startdate>2025-06-17 09:11:09</startdate>
<round>1</round>
<failsafecounter/>
<players><player seat="10" name="oreiasccp" chips="380" dealer="0" win="200" bet="100" muck="0" rebuy="0" addon="0" merge="0" rebuychips="0" reg_code="8385503278"/>
<player seat="3" name="lemonround244" chips="1,120" dealer="1" win="0" bet="100" muck="0" rebuy="0" addon="0" merge="0" rebuychips="0" reg_code="8385503271"/>
</players>
</general>
<round no="0"><action no="1" player="lemonround244" type="1" discard="1" dealt="1" sum="10"/>
<action no="2" player="oreiasccp" type="2" sum="20"/>
</round>
<round no="1"><cards type="Pocket" player="oreiasccp">SK H7</cards>
<cards type="Pocket" player="lemonround244">CK H2</cards>
<action no="3" player="lemonround244" type="3" discard="1" dealt="1" sum="10"/>
<action no="4" player="oreiasccp" type="4" sum="0"/>
</round>
<round no="2"><cards type="Flop">D4 H6 HK</cards>
<action no="5" player="oreiasccp" type="4" sum="0"/>
<action no="6" player="lemonround244" type="4" discard="1" dealt="1" sum="0"/>
</round>
<round no="3"><cards type="Turn">H3</cards>
<action no="7" player="oreiasccp" type="5" sum="20"/>
<action no="8" player="lemonround244" type="3" discard="1" dealt="1" sum="20"/>
</round>
<round no="4"><cards type="River">HA</cards>
<action no="9" player="oreiasccp" type="4" sum="0"/>
<action no="10" player="lemonround244" type="5" discard="1" dealt="1" sum="60"/>
<action no="11" player="oreiasccp" type="3" sum="60"/>
</round>
</game>
<game gamecode="11516820089"><general><startdate>2025-06-17 09:11:35</startdate>
<round>1</round>
<failsafecounter/>
<players><player seat="3" name="lemonround244" chips="1,020" dealer="0" win="130" bet="155" muck="1" rebuy="0" addon="0" merge="0" rebuychips="0" reg_code="8385503271"/>
<player seat="10" name="oreiasccp" chips="480" dealer="1" win="0" bet="65" muck="1" rebuy="0" addon="0" merge="0" rebuychips="0" reg_code="8385503278"/>
</players>
</general>
<round no="0"><action no="1" player="oreiasccp" type="15" sum="5"/>
<action no="2" player="lemonround244" type="15" discard="1" dealt="1" sum="5"/>
<action no="3" player="oreiasccp" type="1" sum="15"/>
<action no="4" player="lemonround244" type="2" discard="1" dealt="1" sum="30"/>
</round>
<round no="1"><cards type="Pocket" player="lemonround244">X X</cards>
<cards type="Pocket" player="oreiasccp">SK H8</cards>
<action no="5" player="oreiasccp" type="23" sum="60"/>
<action no="6" player="lemonround244" type="3" discard="1" dealt="1" sum="30"/>
</round>
<round no="2"><cards type="Flop">D5 H10 C9</cards>
<action no="7" player="lemonround244" type="5" discard="1" dealt="1" sum="90"/>
<action no="8" player="oreiasccp" type="0" sum="0"/>
</round>
</game>
<game gamecode="11516820141"><general><startdate>2025-06-17 09:11:48</startdate>
<round>1</round>
<failsafecounter/>
<players><player seat="10" name="oreiasccp" chips="415" dealer="0" win="0" bet="35" muck="1" rebuy="0" addon="0" merge="0" rebuychips="0" reg_code="8385503278"/>
<player seat="3" name="lemonround244" chips="1,085" dealer="1" win="70" bet="65" muck="1" rebuy="0" addon="0" merge="0" rebuychips="0" reg_code="8385503271"/>
</players>
</general>
<round no="0"><action no="1" player="lemonround244" type="15" discard="1" dealt="1" sum="5"/>
<action no="2" player="oreiasccp" type="15" sum="5"/>
<action no="3" player="lemonround244" type="1" discard="1" dealt="1" sum="15"/>
<action no="4" player="oreiasccp" type="2" sum="30"/>
</round>
<round no="1"><cards type="Pocket" player="lemonround244">X X</cards>
<cards type="Pocket" player="oreiasccp">S4 CK</cards>
<action no="5" player="lemonround244" type="3" discard="1" dealt="1" sum="15"/>
<action no="6" player="oreiasccp" type="4" sum="0"/>
</round>
<round no="2"><cards type="Flop">H6 H9 C9</cards>
<action no="7" player="oreiasccp" type="4" sum="0"/>
<action no="8" player="lemonround244" type="5" discard="1" dealt="1" sum="30"/>
<action no="9" player="oreiasccp" type="0" sum="0"/>
</round>
</game>
<game gamecode="11516820180"><general><startdate>2025-06-17 09:12:01</startdate>
<round>1</round>
<failsafecounter/>
<players><player seat="3" name="lemonround244" chips="1,120" dealer="0" win="0" bet="125" muck="1" rebuy="0" addon="0" merge="0" rebuychips="0" reg_code="8385503271"/>
<player seat="10" name="oreiasccp" chips="380" dealer="1" win="250" bet="125" muck="0" rebuy="0" addon="0" merge="0" rebuychips="0" reg_code="8385503278"/>
</players>
</general>
<round no="0"><action no="1" player="oreiasccp" type="15" sum="5"/>
<action no="2" player="lemonround244" type="15" discard="1" dealt="1" sum="5"/>
<action no="3" player="oreiasccp" type="1" sum="15"/>
<action no="4" player="lemonround244" type="2" discard="1" dealt="1" sum="30"/>
</round>
<round no="1"><cards type="Pocket" player="lemonround244">S4 D3</cards>
<cards type="Pocket" player="oreiasccp">HQ S5</cards>
<action no="5" player="oreiasccp" type="3" sum="15"/>
<action no="6" player="lemonround244" type="4" discard="1" dealt="1" sum="0"/>
</round>
<round no="2"><cards type="Flop">DK D9 C5</cards>
<action no="7" player="lemonround244" type="4" discard="1" dealt="1" sum="0"/>
<action no="8" player="oreiasccp" type="4" sum="0"/>
</round>
<round no="3"><cards type="Turn">C2</cards>
<action no="9" player="lemonround244" type="5" discard="1" dealt="1" sum="90"/>
<action no="10" player="oreiasccp" type="3" sum="90"/>
</round>
<round no="4"><cards type="River">H7</cards>
<action no="11" player="lemonround244" type="4" discard="1" dealt="1" sum="0"/>
<action no="12" player="oreiasccp" type="4" sum="0"/>
</round>
</game>
<game gamecode="11516820266"><general><startdate>2025-06-17 09:12:27</startdate>
<round>1</round>
<failsafecounter/>
<players><player seat="10" name="oreiasccp" chips="505" dealer="0" win="40" bet="35" muck="1" rebuy="0" addon="0" merge="0" rebuychips="0" reg_code="8385503278"/>
<player seat="3" name="lemonround244" chips="995" dealer="1" win="0" bet="20" muck="1" rebuy="0" addon="0" merge="0" rebuychips="0" reg_code="8385503271"/>
</players>
</general>
<round no="0"><action no="1" player="lemonround244" type="15" discard="1" dealt="1" sum="5"/>
<action no="2" player="oreiasccp" type="15" sum="5"/>
<action no="3" player="lemonround244" type="1" discard="1" dealt="1" sum="15"/>
<action no="4" player="oreiasccp" type="2" sum="30"/>
</round>
<round no="1"><cards type="Pocket" player="lemonround244">X X</cards>
<cards type="Pocket" player="oreiasccp">D3 S8</cards>
<action no="5" player="lemonround244" type="0" discard="1" dealt="1" sum="0"/>
</round>
</game>
<game gamecode="11516820295"><general><startdate>2025-06-17 09:12:32</startdate>
<round>1</round>
<failsafecounter/>
<players><player seat="3" name="lemonround244" chips="975" dealer="0" win="70" bet="95" muck="1" rebuy="0" addon="0" merge="0" rebuychips="0" reg_code="8385503271"/>
<player seat="10" name="oreiasccp" chips="525" dealer="1" win="0" bet="35" muck="1" rebuy="0" addon="0" merge="0" rebuychips="0" reg_code="8385503278"/>
</players>
</general>
<round no="0"><action no="1" player="oreiasccp" type="15" sum="5"/>
<action no="2" player="lemonround244" type="15" discard="1" dealt="1" sum="5"/>
<action no="3" player="oreiasccp" type="1" sum="15"/>
<action no="4" player="lemonround244" type="2" discard="1" dealt="1" sum="30"/>
</round>
<round no="1"><cards type="Pocket" player="lemonround244">X X</cards>
<cards type="Pocket" player="oreiasccp">C5 H4</cards>
<action no="5" player="oreiasccp" type="3" sum="15"/>
<action no="6" player="lemonround244" type="23" discard="1" dealt="1" sum="90"/>
<action no="7" player="oreiasccp" type="0" sum="0"/>
</round>
</game>
<game gamecode="11516820337"><general><startdate>2025-06-17 09:12:43</startdate>
<round>1</round>
<failsafecounter/>
<players><player seat="10" name="oreiasccp" chips="490" dealer="0" win="0" bet="65" muck="1" rebuy="0" addon="0" merge="0" rebuychips="0" reg_code="8385503278"/>
<player seat="3" name="lemonround244" chips="1,010" dealer="1" win="130" bet="125" muck="1" rebuy="0" addon="0" merge="0" rebuychips="0" reg_code="8385503271"/>
</players>
</general>
<round no="0"><action no="1" player="lemonround244" type="15" discard="1" dealt="1" sum="5"/>
<action no="2" player="oreiasccp" type="15" sum="5"/>
<action no="3" player="lemonround244" type="1" discard="1" dealt="1" sum="15"/>
<action no="4" player="oreiasccp" type="2" sum="30"/>
</round>
<round no="1"><cards type="Pocket" player="lemonround244">X X</cards>
<cards type="Pocket" player="oreiasccp">H7 C5</cards>
<action no="5" player="lemonround244" type="23" discard="1" dealt="1" sum="60"/>
<action no="6" player="oreiasccp" type="3" sum="30"/>
</round>
<round no="2"><cards type="Flop">S9 C9 H3</cards>
<action no="7" player="oreiasccp" type="4" sum="0"/>
<action no="8" player="lemonround244" type="5" discard="1" dealt="1" sum="60"/>
<action no="9" player="oreiasccp" type="0" sum="0"/>
</round>
</game>
<game gamecode="11516820384"><general><startdate>2025-06-17 09:12:56</startdate>
<round>1</round>
<failsafecounter/>
<players><player seat="3" name="lemonround244" chips="1,075" dealer="0" win="0" bet="95" muck="1" rebuy="0" addon="0" merge="0" rebuychips="0" reg_code="8385503271"/>
<player seat="10" name="oreiasccp" chips="425" dealer="1" win="190" bet="425" muck="1" rebuy="0" addon="0" merge="0" rebuychips="0" reg_code="8385503278"/>
</players>
</general>
<round no="0"><action no="1" player="oreiasccp" type="15" sum="5"/>
<action no="2" player="lemonround244" type="15" discard="1" dealt="1" sum="5"/>
<action no="3" player="oreiasccp" type="1" sum="15"/>
<action no="4" player="lemonround244" type="2" discard="1" dealt="1" sum="30"/>
</round>
<round no="1"><cards type="Pocket" player="lemonround244">X X</cards>
<cards type="Pocket" player="oreiasccp">S5 S4</cards>
<action no="5" player="oreiasccp" type="3" sum="15"/>
<action no="6" player="lemonround244" type="4" discard="1" dealt="1" sum="0"/>
</round>
<round no="2"><cards type="Flop">HJ S8 H6</cards>
<action no="7" player="lemonround244" type="4" discard="1" dealt="1" sum="0"/>
<action no="8" player="oreiasccp" type="4" sum="0"/>
</round>
<round no="3"><cards type="Turn">D7</cards>
<action no="9" player="lemonround244" type="5" discard="1" dealt="1" sum="60"/>
<action no="10" player="oreiasccp" type="23" sum="390"/>
<action no="11" player="lemonround244" type="0" discard="1" dealt="1" sum="0"/>
</round>
</game>
<game gamecode="11516820477"><general><startdate>2025-06-17 09:13:21</startdate>
<round>1</round>
<failsafecounter/>
<players><player seat="10" name="oreiasccp" chips="520" dealer="0" win="50" bet="45" muck="1" rebuy="0" addon="0" merge="0" rebuychips="0" reg_code="8385503278"/>
<player seat="3" name="lemonround244" chips="980" dealer="1" win="0" bet="25" muck="1" rebuy="0" addon="0" merge="0" rebuychips="0" reg_code="8385503271"/>
</players>
</general>
<round no="0"><action no="1" player="lemonround244" type="15" discard="1" dealt="1" sum="5"/>
<action no="2" player="oreiasccp" type="15" sum="5"/>
<action no="3" player="lemonround244" type="1" discard="1" dealt="1" sum="20"/>
<action no="4" player="oreiasccp" type="2" sum="40"/>
</round>
<round no="1"><cards type="Pocket" player="lemonround244">X X</cards>
<cards type="Pocket" player="oreiasccp">HA S7</cards>
<action no="5" player="lemonround244" type="0" discard="1" dealt="1" sum="0"/>
</round>
</game>
<game gamecode="11516820503"><general><startdate>2025-06-17 09:13:27</startdate>
<round>1</round>
<failsafecounter/>
<players><player seat="3" name="lemonround244" chips="955" dealer="0" win="50" bet="45" muck="1" rebuy="0" addon="0" merge="0" rebuychips="0" reg_code="8385503271"/>
<player seat="10" name="oreiasccp" chips="545" dealer="1" win="0" bet="25" muck="1" rebuy="0" addon="0" merge="0" rebuychips="0" reg_code="8385503278"/>
</players>
</general>
<round no="0"><action no="1" player="oreiasccp" type="15" sum="5"/>
<action no="2" player="lemonround244" type="15" discard="1" dealt="1" sum="5"/>
<action no="3" player="oreiasccp" type="1" sum="20"/>
<action no="4" player="lemonround244" type="2" discard="1" dealt="1" sum="40"/>
</round>
<round no="1"><cards type="Pocket" player="oreiasccp">H4 S2</cards>
<cards type="Pocket" player="lemonround244">X X</cards>
<action no="5" player="oreiasccp" type="0" sum="0"/>
</round>
</game>
<game gamecode="11516820524"><general><startdate>2025-06-17 09:13:32</startdate>
<round>1</round>
<failsafecounter/>
<players><player seat="10" name="oreiasccp" chips="520" dealer="0" win="170" bet="85" muck="0" rebuy="0" addon="0" merge="0" rebuychips="0" reg_code="8385503278"/>
<player seat="3" name="lemonround244" chips="980" dealer="1" win="0" bet="85" muck="1" rebuy="0" addon="0" merge="0" rebuychips="0" reg_code="8385503271"/>
</players>
</general>
<round no="0"><action no="1" player="lemonround244" type="15" discard="1" dealt="1" sum="5"/>
<action no="2" player="oreiasccp" type="15" sum="5"/>
<action no="3" player="lemonround244" type="1" discard="1" dealt="1" sum="20"/>
<action no="4" player="oreiasccp" type="2" sum="40"/>
</round>
<round no="1"><cards type="Pocket" player="oreiasccp">D10 S7</cards>
<cards type="Pocket" player="lemonround244">S3 S9</cards>
<action no="5" player="lemonround244" type="3" discard="1" dealt="1" sum="20"/>
<action no="6" player="oreiasccp" type="4" sum="0"/>
</round>
<round no="2"><cards type="Flop">S8 H2 CK</cards>
<action no="7" player="oreiasccp" type="4" sum="0"/>
<action no="8" player="lemonround244" type="4" discard="1" dealt="1" sum="0"/>
</round>
<round no="3"><cards type="Turn">D8</cards>
<action no="9" player="oreiasccp" type="4" sum="0"/>
<action no="10" player="lemonround244" type="4" discard="1" dealt="1" sum="0"/>
</round>
<round no="4"><cards type="River">C8</cards>
<action no="11" player="oreiasccp" type="5" sum="40"/>
<action no="12" player="lemonround244" type="3" discard="1" dealt="1" sum="40"/>
</round>
</game>
<game gamecode="11516820630"><general><startdate>2025-06-17 09:14:05</startdate>
<round>1</round>
<failsafecounter/>
<players><player seat="3" name="lemonround244" chips="895" dealer="0" win="0" bet="85" muck="1" rebuy="0" addon="0" merge="0" rebuychips="0" reg_code="8385503271"/>
<player seat="10" name="oreiasccp" chips="605" dealer="1" win="170" bet="146" muck="1" rebuy="0" addon="0" merge="0" rebuychips="0" reg_code="8385503278"/>
</players>
</general>
<round no="0"><action no="1" player="oreiasccp" type="15" sum="5"/>
<action no="2" player="lemonround244" type="15" discard="1" dealt="1" sum="5"/>
<action no="3" player="oreiasccp" type="1" sum="20"/>
<action no="4" player="lemonround244" type="2" discard="1" dealt="1" sum="40"/>
</round>
<round no="1"><cards type="Pocket" player="oreiasccp">HJ C8</cards>
<cards type="Pocket" player="lemonround244">X X</cards>
<action no="5" player="oreiasccp" type="23" sum="80"/>
<action no="6" player="lemonround244" type="3" discard="1" dealt="1" sum="40"/>
</round>
<round no="2"><cards type="Flop">D9 D3 C9</cards>
<action no="7" player="lemonround244" type="4" discard="1" dealt="1" sum="0"/>
<action no="8" player="oreiasccp" type="5" sum="61"/>
<action no="9" player="lemonround244" type="0" discard="1" dealt="1" sum="0"/>
</round>
</game>
<game gamecode="11516820671"><general><startdate>2025-06-17 09:14:18</startdate>
<round>1</round>
<failsafecounter/>
<players><player seat="10" name="oreiasccp" chips="690" dealer="0" win="50" bet="45" muck="1" rebuy="0" addon="0" merge="0" rebuychips="0" reg_code="8385503278"/>
<player seat="3" name="lemonround244" chips="810" dealer="1" win="0" bet="25" muck="1" rebuy="0" addon="0" merge="0" rebuychips="0" reg_code="8385503271"/>
</players>
</general>
<round no="0"><action no="1" player="lemonround244" type="15" discard="1" dealt="1" sum="5"/>
<action no="2" player="oreiasccp" type="15" sum="5"/>
<action no="3" player="lemonround244" type="1" discard="1" dealt="1" sum="20"/>
<action no="4" player="oreiasccp" type="2" sum="40"/>
</round>
<round no="1"><cards type="Pocket" player="lemonround244">X X</cards>
<cards type="Pocket" player="oreiasccp">S10 D3</cards>
<action no="5" player="lemonround244" type="0" discard="1" dealt="1" sum="0"/>
</round>
</game>
<game gamecode="11516820686"><general><startdate>2025-06-17 09:14:23</startdate>
<round>1</round>
<failsafecounter/>
<players><player seat="3" name="lemonround244" chips="785" dealer="0" win="650" bet="325" muck="0" rebuy="0" addon="0" merge="0" rebuychips="0" reg_code="8385503271"/>
<player seat="10" name="oreiasccp" chips="715" dealer="1" win="0" bet="325" muck="1" rebuy="0" addon="0" merge="0" rebuychips="0" reg_code="8385503278"/>
</players>
</general>
<round no="0"><action no="1" player="oreiasccp" type="15" sum="5"/>
<action no="2" player="lemonround244" type="15" discard="1" dealt="1" sum="5"/>
<action no="3" player="oreiasccp" type="1" sum="20"/>
<action no="4" player="lemonround244" type="2" discard="1" dealt="1" sum="40"/>
</round>
<round no="1"><cards type="Pocket" player="lemonround244">D9 HK</cards>
<cards type="Pocket" player="oreiasccp">S10 HQ</cards>
<action no="5" player="oreiasccp" type="3" sum="20"/>
<action no="6" player="lemonround244" type="23" discard="1" dealt="1" sum="80"/>
<action no="7" player="oreiasccp" type="3" sum="40"/>
</round>
<round no="2"><cards type="Flop">CK H10 S3</cards>
<action no="8" player="lemonround244" type="4" discard="1" dealt="1" sum="0"/>
<action no="9" player="oreiasccp" type="4" sum="0"/>
</round>
<round no="3"><cards type="Turn">D4</cards>
<action no="10" player="lemonround244" type="5" discard="1" dealt="1" sum="80"/>
<action no="11" player="oreiasccp" type="3" sum="80"/>
</round>
<round no="4"><cards type="River">H2</cards>
<action no="12" player="lemonround244" type="5" discard="1" dealt="1" sum="160"/>
<action no="13" player="oreiasccp" type="3" sum="160"/>
</round>
</game>
<game gamecode="11516820794"><general><startdate>2025-06-17 09:14:53</startdate>
<round>1</round>
<failsafecounter/>
<players><player seat="10" name="oreiasccp" chips="390" dealer="0" win="0" bet="45" muck="1" rebuy="0" addon="0" merge="0" rebuychips="0" reg_code="8385503278"/>
<player seat="3" name="lemonround244" chips="1,110" dealer="1" win="90" bet="205" muck="1" rebuy="0" addon="0" merge="0" rebuychips="0" reg_code="8385503271"/>
</players>
</general>
<round no="0"><action no="1" player="lemonround244" type="15" discard="1" dealt="1" sum="5"/>
<action no="2" player="oreiasccp" type="15" sum="5"/>
<action no="3" player="lemonround244" type="1" discard="1" dealt="1" sum="20"/>
<action no="4" player="oreiasccp" type="2" sum="40"/>
</round>
<round no="1"><cards type="Pocket" player="lemonround244">X X</cards>
<cards type="Pocket" player="oreiasccp">H6 HQ</cards>
<action no="5" player="lemonround244" type="3" discard="1" dealt="1" sum="20"/>
<action no="6" player="oreiasccp" type="4" sum="0"/>
</round>
<round no="2"><cards type="Flop">C9 DA H4</cards>
<action no="7" player="oreiasccp" type="4" sum="0"/>
<action no="8" player="lemonround244" type="4" discard="1" dealt="1" sum="0"/>
</round>
<round no="3"><cards type="Turn">C3</cards>
<action no="9" player="oreiasccp" type="4" sum="0"/>
<action no="10" player="lemonround244" type="4" discard="1" dealt="1" sum="0"/>
</round>
<round no="4"><cards type="River">D8</cards>
<action no="11" player="oreiasccp" type="4" sum="0"/>
<action no="12" player="lemonround244" type="5" discard="1" dealt="1" sum="160"/>
<action no="13" player="oreiasccp" type="0" sum="0"/>
</round>
</game>
<game gamecode="11516820901"><general><startdate>2025-06-17 09:15:23</startdate>
<round>1</round>
<failsafecounter/>
<players><player seat="3" name="lemonround244" chips="1,155" dealer="0" win="690" bet="345" muck="0" rebuy="0" addon="0" merge="0" rebuychips="0" reg_code="8385503271"/>
<player seat="10" name="oreiasccp" chips="345" dealer="1" win="0" bet="345" muck="0" rebuy="0" addon="0" merge="0" rebuychips="0" reg_code="8385503278"/>
</players>
</general>
<round no="0"><action no="1" player="oreiasccp" type="15" sum="5"/>
<action no="2" player="lemonround244" type="15" discard="1" dealt="1" sum="5"/>
<action no="3" player="oreiasccp" type="1" sum="30"/>
<action no="4" player="lemonround244" type="2" discard="1" dealt="1" sum="60"/>
</round>
<round no="1"><cards type="Pocket" player="oreiasccp">H10 S8</cards>
<cards type="Pocket" player="lemonround244">CQ DA</cards>
<action no="5" player="oreiasccp" type="23" sum="340"/>
<action no="6" player="lemonround244" type="3" discard="1" dealt="1" sum="280"/>
</round>
<round no="2"><cards type="Flop">HJ H3 C3</cards>
</round>
<round no="3"><cards type="Turn">CK</cards>
</round>
<round no="4"><cards type="River">SK</cards>
</round>
</game>
</session>
