<?xml version="1.0" encoding="UTF-8"?>
<session sessioncode="8385512535">
<general>
<client_version>24.7.1.16</client_version>
<mode>real</mode>
<gametype>Holdem NL</gametype>
<tablename>Twister €5 SNG, 1127665270</tablename>
<tournamentcode>1127665269</tournamentcode>
<tournamentname>Twister €5 SNG</tournamentname>
<buyin>€0 + €0.35 + €4.65</buyin>
<totalbuyin>€5</totalbuyin>
<rewarddrawn>€10</rewarddrawn>
<tournamentcurrency>EUR</tournamentcurrency>
<currency>EUR</currency>
<nickname>oreiasccp</nickname>
<gamecount>6</gamecount>
<startdate>2025-06-17 09:47:32</startdate>
<place>3</place>
<win>€0</win>
<tablesize>3</tablesize>
</general>
<game gamecode="11516844263"><general><startdate>2025-06-17 09:47:47</startdate>
<round>1</round>
<failsafecounter/>
<players><player seat="3" name="Amlianeni" chips="500" dealer="0" win="0" bet="20" muck="1" rebuy="0" addon="0" merge="0" rebuychips="0" reg_code="8385512453"/>
<player seat="6" name="pigeonteal88" chips="500" dealer="1" win="360" bet="250" muck="1" rebuy="0" addon="0" merge="0" rebuychips="0" reg_code="8385512521"/>
<player seat="10" name="oreiasccp" chips="500" dealer="0" win="0" bet="170" muck="1" rebuy="0" addon="0" merge="0" rebuychips="0" reg_code="8385512535"/>
</players>
</general>
<round no="0"><action no="1" player="oreiasccp" type="1" sum="10"/>
<action no="2" player="Amlianeni" type="2" discard="1" dealt="1" sum="20"/>
</round>
<round no="1"><cards type="Pocket" player="pigeonteal88">X X</cards>
<cards type="Pocket" player="oreiasccp">SQ CK</cards>
<cards type="Pocket" player="Amlianeni">X X</cards>
<action no="3" player="pigeonteal88" type="3" discard="1" dealt="1" sum="20"/>
<action no="4" player="oreiasccp" type="23" sum="70"/>
<action no="5" player="Amlianeni" type="0" discard="1" dealt="1" sum="0"/>
<action no="6" player="pigeonteal88" type="3" discard="1" dealt="1" sum="50"/>
</round>
<round no="2"><cards type="Flop">CJ C2 C6</cards>
<action no="7" player="oreiasccp" type="5" sum="40"/>
<action no="8" player="pigeonteal88" type="3" discard="1" dealt="1" sum="40"/>
</round>
<round no="3"><cards type="Turn">H6</cards>
<action no="9" player="oreiasccp" type="4" sum="0"/>
<action no="10" player="pigeonteal88" type="5" discard="1" dealt="1" sum="60"/>
<action no="11" player="oreiasccp" type="3" sum="60"/>
</round>
<round no="4"><cards type="River">D6</cards>
<action no="12" player="oreiasccp" type="4" sum="0"/>
<action no="13" player="pigeonteal88" type="5" discard="1" dealt="1" sum="80"/>
<action no="14" player="oreiasccp" type="0" sum="0"/>
</round>
</game>
<game gamecode="11516844343"><general><startdate>2025-06-17 09:48:14</startdate>
<round>1</round>
<failsafecounter/>
<players><player seat="6" name="pigeonteal88" chips="690" dealer="0" win="20" bet="20" muck="1" rebuy="0" addon="0" merge="0" rebuychips="0" reg_code="8385512521"/>
<player seat="10" name="oreiasccp" chips="330" dealer="1" win="0" bet="0" muck="1" rebuy="0" addon="0" merge="0" rebuychips="0" reg_code="8385512535"/>
<player seat="3" name="Amlianeni" chips="480" dealer="0" win="0" bet="10" muck="1" rebuy="0" addon="0" merge="0" rebuychips="0" reg_code="8385512453"/>
</players>
</general>
<round no="0"><action no="1" player="Amlianeni" type="1" discard="1" dealt="1" sum="10"/>
<action no="2" player="pigeonteal88" type="2" discard="1" dealt="1" sum="20"/>
</round>
<round no="1"><cards type="Pocket" player="Amlianeni">X X</cards>
<cards type="Pocket" player="oreiasccp">S8 C6</cards>
<cards type="Pocket" player="pigeonteal88">X X</cards>
<action no="3" player="oreiasccp" type="0" sum="0"/>
<action no="4" player="Amlianeni" type="0" discard="1" dealt="1" sum="0"/>
</round>
</game>
<game gamecode="11516844370"><general><startdate>2025-06-17 09:48:22</startdate>
<round>1</round>
<failsafecounter/>
<players><player seat="10" name="oreiasccp" chips="330" dealer="0" win="222" bet="106" muck="0" rebuy="0" addon="0" merge="0" rebuychips="0" reg_code="8385512535"/>
<player seat="3" name="Amlianeni" chips="470" dealer="1" win="0" bet="106" muck="1" rebuy="0" addon="0" merge="0" rebuychips="0" reg_code="8385512453"/>
<player seat="6" name="pigeonteal88" chips="700" dealer="0" win="0" bet="10" muck="1" rebuy="0" addon="0" merge="0" rebuychips="0" reg_code="8385512521"/>
</players>
</general>
<round no="0"><action no="1" player="pigeonteal88" type="1" discard="1" dealt="1" sum="10"/>
<action no="2" player="oreiasccp" type="2" sum="20"/>
</round>
<round no="1"><cards type="Pocket" player="pigeonteal88">X X</cards>
<cards type="Pocket" player="oreiasccp">SQ D9</cards>
<cards type="Pocket" player="Amlianeni">C5 DA</cards>
<action no="3" player="Amlianeni" type="23" discard="1" dealt="1" sum="40"/>
<action no="4" player="pigeonteal88" type="0" discard="1" dealt="1" sum="0"/>
<action no="5" player="oreiasccp" type="3" sum="20"/>
</round>
<round no="2"><cards type="Flop">C7 H8 H5</cards>
<action no="6" player="oreiasccp" type="4" sum="0"/>
<action no="7" player="Amlianeni" type="4" discard="1" dealt="1" sum="0"/>
</round>
<round no="3"><cards type="Turn">S7</cards>
<action no="8" player="oreiasccp" type="5" sum="66"/>
<action no="9" player="Amlianeni" type="3" discard="1" dealt="1" sum="66"/>
</round>
<round no="4"><cards type="River">H9</cards>
<action no="10" player="oreiasccp" type="4" sum="0"/>
<action no="11" player="Amlianeni" type="4" discard="1" dealt="1" sum="0"/>
</round>
</game>
<game gamecode="11516844448"><general><startdate>2025-06-17 09:48:48</startdate>
<round>1</round>
<failsafecounter/>
<players><player seat="3" name="Amlianeni" chips="364" dealer="0" win="0" bet="20" muck="1" rebuy="0" addon="0" merge="0" rebuychips="0" reg_code="8385512453"/>
<player seat="6" name="pigeonteal88" chips="690" dealer="1" win="50" bet="60" muck="1" rebuy="0" addon="0" merge="0" rebuychips="0" reg_code="8385512521"/>
<player seat="10" name="oreiasccp" chips="446" dealer="0" win="0" bet="10" muck="1" rebuy="0" addon="0" merge="0" rebuychips="0" reg_code="8385512535"/>
</players>
</general>
<round no="0"><action no="1" player="oreiasccp" type="1" sum="10"/>
<action no="2" player="Amlianeni" type="2" discard="1" dealt="1" sum="20"/>
</round>
<round no="1"><cards type="Pocket" player="oreiasccp">DA C8</cards>
<cards type="Pocket" player="pigeonteal88">X X</cards>
<cards type="Pocket" player="Amlianeni">X X</cards>
<action no="3" player="pigeonteal88" type="23" discard="1" dealt="1" sum="60"/>
<action no="4" player="oreiasccp" type="0" sum="0"/>
<action no="5" player="Amlianeni" type="0" discard="1" dealt="1" sum="0"/>
</round>
</game>
<game gamecode="11516844482"><general><startdate>2025-06-17 09:48:57</startdate>
<round>1</round>
<failsafecounter/>
<players><player seat="6" name="pigeonteal88" chips="720" dealer="0" win="0" bet="20" muck="1" rebuy="0" addon="0" merge="0" rebuychips="0" reg_code="8385512521"/>
<player seat="10" name="oreiasccp" chips="436" dealer="1" win="0" bet="0" muck="1" rebuy="0" addon="0" merge="0" rebuychips="0" reg_code="8385512535"/>
<player seat="3" name="Amlianeni" chips="344" dealer="0" win="40" bet="40" muck="1" rebuy="0" addon="0" merge="0" rebuychips="0" reg_code="8385512453"/>
</players>
</general>
<round no="0"><action no="1" player="Amlianeni" type="1" discard="1" dealt="1" sum="10"/>
<action no="2" player="pigeonteal88" type="2" discard="1" dealt="1" sum="20"/>
</round>
<round no="1"><cards type="Pocket" player="pigeonteal88">X X</cards>
<cards type="Pocket" player="oreiasccp">S2 H7</cards>
<cards type="Pocket" player="Amlianeni">X X</cards>
<action no="3" player="oreiasccp" type="0" sum="0"/>
<action no="4" player="Amlianeni" type="3" discard="1" dealt="1" sum="10"/>
<action no="5" player="pigeonteal88" type="4" discard="1" dealt="1" sum="0"/>
</round>
<round no="2"><cards type="Flop">DK H2 D7</cards>
<action no="6" player="Amlianeni" type="5" discard="1" dealt="1" sum="20"/>
<action no="7" player="pigeonteal88" type="0" discard="1" dealt="1" sum="0"/>
</round>
</game>
<game gamecode="11516844526"><general><startdate>2025-06-17 09:49:10</startdate>
<round>1</round>
<failsafecounter/>
<players><player seat="10" name="oreiasccp" chips="436" dealer="0" win="0" bet="436" muck="0" rebuy="0" addon="0" merge="0" rebuychips="0" reg_code="8385512535"/>
<player seat="3" name="Amlianeni" chips="364" dealer="1" win="0" bet="0" muck="1" rebuy="0" addon="0" merge="0" rebuychips="0" reg_code="8385512453"/>
<player seat="6" name="pigeonteal88" chips="700" dealer="0" win="872" bet="436" muck="0" rebuy="0" addon="0" merge="0" rebuychips="0" reg_code="8385512521"/>
</players>
</general>
<round no="0"><action no="1" player="pigeonteal88" type="1" discard="1" dealt="1" sum="10"/>
<action no="2" player="oreiasccp" type="2" sum="20"/>
</round>
<round no="1"><cards type="Pocket" player="oreiasccp">DA SK</cards>
<cards type="Pocket" player="pigeonteal88">CK C9</cards>
<cards type="Pocket" player="Amlianeni">X X</cards>
<action no="3" player="Amlianeni" type="0" discard="1" dealt="1" sum="0"/>
<action no="4" player="pigeonteal88" type="23" discard="1" dealt="1" sum="40"/>
<action no="5" player="oreiasccp" type="23" sum="436"/>
<action no="6" player="pigeonteal88" type="3" discard="1" dealt="1" sum="396"/>
</round>
<round no="2"><cards type="Flop">CQ SJ C10</cards>
</round>
<round no="3"><cards type="Turn">C6</cards>
</round>
<round no="4"><cards type="River">D3</cards>
</round>
</game>
</session>
