<?xml version="1.0" encoding="UTF-8"?>
<session sessioncode="8385504083">
<general>
<client_version>24.7.1.16</client_version>
<mode>real</mode>
<gametype>Holdem NL</gametype>
<tablename>Twister €5 SNG, 1127663992</tablename>
<tournamentcode>1127663991</tournamentcode>
<tournamentname>Twister €5 SNG</tournamentname>
<buyin>€0 + €0.35 + €4.65</buyin>
<totalbuyin>€5</totalbuyin>
<rewarddrawn>€10</rewarddrawn>
<tournamentcurrency>EUR</tournamentcurrency>
<currency>EUR</currency>
<nickname>oreiasccp</nickname>
<gamecount>6</gamecount>
<startdate>2025-06-17 09:13:35</startdate>
<place>3</place>
<win>€0</win>
<tablesize>3</tablesize>
</general>
<game gamecode="11516820582"><general><startdate>2025-06-17 09:13:50</startdate>
<round>1</round>
<failsafecounter/>
<players><player seat="3" name="HUDROSLIDE21" chips="500" dealer="0" win="0" bet="20" muck="1" rebuy="0" addon="0" merge="0" rebuychips="0" reg_code="8385504082"/>
<player seat="6" name="Nikam9" chips="500" dealer="1" win="50" bet="40" muck="1" rebuy="0" addon="0" merge="0" rebuychips="0" reg_code="8385504080"/>
<player seat="10" name="oreiasccp" chips="500" dealer="0" win="0" bet="10" muck="1" rebuy="0" addon="0" merge="0" rebuychips="0" reg_code="8385504083"/>
</players>
</general>
<round no="0"><action no="1" player="oreiasccp" type="1" sum="10"/>
<action no="2" player="HUDROSLIDE21" type="2" discard="1" dealt="1" sum="20"/>
</round>
<round no="1"><cards type="Pocket" player="oreiasccp">S4 DK</cards>
<cards type="Pocket" player="HUDROSLIDE21">X X</cards>
<cards type="Pocket" player="Nikam9">X X</cards>
<action no="3" player="Nikam9" type="23" discard="1" dealt="1" sum="40"/>
<action no="4" player="oreiasccp" type="0" sum="0"/>
<action no="5" player="HUDROSLIDE21" type="0" discard="1" dealt="1" sum="0"/>
</round>
</game>
<game gamecode="11516820638"><general><startdate>2025-06-17 09:14:08</startdate>
<round>1</round>
<failsafecounter/>
<players><player seat="6" name="Nikam9" chips="530" dealer="0" win="0" bet="40" muck="1" rebuy="0" addon="0" merge="0" rebuychips="0" reg_code="8385504080"/>
<player seat="10" name="oreiasccp" chips="490" dealer="1" win="0" bet="110" muck="1" rebuy="0" addon="0" merge="0" rebuychips="0" reg_code="8385504083"/>
<player seat="3" name="HUDROSLIDE21" chips="480" dealer="0" win="260" bet="110" muck="0" rebuy="0" addon="0" merge="0" rebuychips="0" reg_code="8385504082"/>
</players>
</general>
<round no="0"><action no="1" player="HUDROSLIDE21" type="1" discard="1" dealt="1" sum="10"/>
<action no="2" player="Nikam9" type="2" discard="1" dealt="1" sum="20"/>
</round>
<round no="1"><cards type="Pocket" player="Nikam9">X X</cards>
<cards type="Pocket" player="oreiasccp">HJ H7</cards>
<cards type="Pocket" player="HUDROSLIDE21">S9 C8</cards>
<action no="3" player="oreiasccp" type="23" sum="40"/>
<action no="4" player="HUDROSLIDE21" type="3" discard="1" dealt="1" sum="30"/>
<action no="5" player="Nikam9" type="3" discard="1" dealt="1" sum="20"/>
</round>
<round no="2"><cards type="Flop">SA D5 C7</cards>
<action no="6" player="HUDROSLIDE21" type="4" discard="1" dealt="1" sum="0"/>
<action no="7" player="Nikam9" type="4" discard="1" dealt="1" sum="0"/>
<action no="8" player="oreiasccp" type="5" sum="30"/>
<action no="9" player="HUDROSLIDE21" type="3" discard="1" dealt="1" sum="30"/>
<action no="10" player="Nikam9" type="0" discard="1" dealt="1" sum="0"/>
</round>
<round no="3"><cards type="Turn">C2</cards>
<action no="11" player="HUDROSLIDE21" type="4" discard="1" dealt="1" sum="0"/>
<action no="12" player="oreiasccp" type="5" sum="40"/>
<action no="13" player="HUDROSLIDE21" type="3" discard="1" dealt="1" sum="40"/>
</round>
<round no="4"><cards type="River">D9</cards>
<action no="14" player="HUDROSLIDE21" type="4" discard="1" dealt="1" sum="0"/>
<action no="15" player="oreiasccp" type="4" sum="0"/>
</round>
</game>
<game gamecode="11516820723"><general><startdate>2025-06-17 09:14:35</startdate>
<round>1</round>
<failsafecounter/>
<players><player seat="10" name="oreiasccp" chips="380" dealer="0" win="0" bet="20" muck="1" rebuy="0" addon="0" merge="0" rebuychips="0" reg_code="8385504083"/>
<player seat="3" name="HUDROSLIDE21" chips="630" dealer="1" win="0" bet="0" muck="1" rebuy="0" addon="0" merge="0" rebuychips="0" reg_code="8385504082"/>
<player seat="6" name="Nikam9" chips="490" dealer="0" win="40" bet="80" muck="1" rebuy="0" addon="0" merge="0" rebuychips="0" reg_code="8385504080"/>
</players>
</general>
<round no="0"><action no="1" player="Nikam9" type="1" discard="1" dealt="1" sum="10"/>
<action no="2" player="oreiasccp" type="2" sum="20"/>
</round>
<round no="1"><cards type="Pocket" player="oreiasccp">DJ D5</cards>
<cards type="Pocket" player="HUDROSLIDE21">X X</cards>
<cards type="Pocket" player="Nikam9">X X</cards>
<action no="3" player="HUDROSLIDE21" type="0" discard="1" dealt="1" sum="0"/>
<action no="4" player="Nikam9" type="3" discard="1" dealt="1" sum="10"/>
<action no="5" player="oreiasccp" type="4" sum="0"/>
</round>
<round no="2"><cards type="Flop">HQ H8 C10</cards>
<action no="6" player="Nikam9" type="4" discard="1" dealt="1" sum="0"/>
<action no="7" player="oreiasccp" type="4" sum="0"/>
</round>
<round no="3"><cards type="Turn">S3</cards>
<action no="8" player="Nikam9" type="4" discard="1" dealt="1" sum="0"/>
<action no="9" player="oreiasccp" type="4" sum="0"/>
</round>
<round no="4"><cards type="River">H5</cards>
<action no="10" player="Nikam9" type="5" discard="1" dealt="1" sum="60"/>
<action no="11" player="oreiasccp" type="0" sum="0"/>
</round>
</game>
<game gamecode="11516820810"><general><startdate>2025-06-17 09:14:56</startdate>
<round>1</round>
<failsafecounter/>
<players><player seat="3" name="HUDROSLIDE21" chips="630" dealer="0" win="0" bet="20" muck="1" rebuy="0" addon="0" merge="0" rebuychips="0" reg_code="8385504082"/>
<player seat="6" name="Nikam9" chips="510" dealer="1" win="50" bet="40" muck="1" rebuy="0" addon="0" merge="0" rebuychips="0" reg_code="8385504080"/>
<player seat="10" name="oreiasccp" chips="360" dealer="0" win="0" bet="10" muck="1" rebuy="0" addon="0" merge="0" rebuychips="0" reg_code="8385504083"/>
</players>
</general>
<round no="0"><action no="1" player="oreiasccp" type="1" sum="10"/>
<action no="2" player="HUDROSLIDE21" type="2" discard="1" dealt="1" sum="20"/>
</round>
<round no="1"><cards type="Pocket" player="oreiasccp">HK C8</cards>
<cards type="Pocket" player="Nikam9">X X</cards>
<cards type="Pocket" player="HUDROSLIDE21">X X</cards>
<action no="3" player="Nikam9" type="23" discard="1" dealt="1" sum="40"/>
<action no="4" player="oreiasccp" type="0" sum="0"/>
<action no="5" player="HUDROSLIDE21" type="0" discard="1" dealt="1" sum="0"/>
</round>
</game>
<game gamecode="11516820840"><general><startdate>2025-06-17 09:15:04</startdate>
<round>1</round>
<failsafecounter/>
<players><player seat="6" name="Nikam9" chips="540" dealer="0" win="20" bet="20" muck="1" rebuy="0" addon="0" merge="0" rebuychips="0" reg_code="8385504080"/>
<player seat="10" name="oreiasccp" chips="350" dealer="1" win="0" bet="0" muck="1" rebuy="0" addon="0" merge="0" rebuychips="0" reg_code="8385504083"/>
<player seat="3" name="HUDROSLIDE21" chips="610" dealer="0" win="0" bet="10" muck="1" rebuy="0" addon="0" merge="0" rebuychips="0" reg_code="8385504082"/>
</players>
</general>
<round no="0"><action no="1" player="HUDROSLIDE21" type="1" discard="1" dealt="1" sum="10"/>
<action no="2" player="Nikam9" type="2" discard="1" dealt="1" sum="20"/>
</round>
<round no="1"><cards type="Pocket" player="Nikam9">X X</cards>
<cards type="Pocket" player="HUDROSLIDE21">X X</cards>
<cards type="Pocket" player="oreiasccp">S9 C3</cards>
<action no="3" player="oreiasccp" type="0" sum="0"/>
<action no="4" player="HUDROSLIDE21" type="0" discard="1" dealt="1" sum="0"/>
</round>
</game>
<game gamecode="11516820866"><general><startdate>2025-06-17 09:15:11</startdate>
<round>1</round>
<failsafecounter/>
<players><player seat="10" name="oreiasccp" chips="350" dealer="0" win="0" bet="350" muck="0" rebuy="0" addon="0" merge="0" rebuychips="0" reg_code="8385504083"/>
<player seat="3" name="HUDROSLIDE21" chips="600" dealer="1" win="0" bet="0" muck="1" rebuy="0" addon="0" merge="0" rebuychips="0" reg_code="8385504082"/>
<player seat="6" name="Nikam9" chips="550" dealer="0" win="700" bet="350" muck="0" rebuy="0" addon="0" merge="0" rebuychips="0" reg_code="8385504080"/>
</players>
</general>
<round no="0"><action no="1" player="Nikam9" type="1" discard="1" dealt="1" sum="10"/>
<action no="2" player="oreiasccp" type="2" sum="20"/>
</round>
<round no="1"><cards type="Pocket" player="oreiasccp">DA HQ</cards>
<cards type="Pocket" player="HUDROSLIDE21">X X</cards>
<cards type="Pocket" player="Nikam9">C8 SA</cards>
<action no="3" player="HUDROSLIDE21" type="0" discard="1" dealt="1" sum="0"/>
<action no="4" player="Nikam9" type="23" discard="1" dealt="1" sum="40"/>
<action no="5" player="oreiasccp" type="23" sum="350"/>
<action no="6" player="Nikam9" type="3" discard="1" dealt="1" sum="310"/>
</round>
<round no="2"><cards type="Flop">S8 D6 S3</cards>
</round>
<round no="3"><cards type="Turn">H4</cards>
</round>
<round no="4"><cards type="River">S7</cards>
</round>
</game>
</session>
