<?xml version="1.0" encoding="UTF-8"?>
<session sessioncode="8385498615">
<general>
<client_version>24.7.1.16</client_version>
<mode>real</mode>
<gametype>Holdem NL</gametype>
<tablename>Twister €5 SNG, 1127662904</tablename>
<tournamentcode>1127662903</tournamentcode>
<tournamentname>Twister €5 SNG</tournamentname>
<buyin>€0 + €0.35 + €4.65</buyin>
<totalbuyin>€5</totalbuyin>
<rewarddrawn>€10</rewarddrawn>
<tournamentcurrency>EUR</tournamentcurrency>
<currency>EUR</currency>
<nickname>oreiasccp</nickname>
<gamecount>19</gamecount>
<startdate>2025-06-17 08:46:02</startdate>
<place>1</place>
<win>€10</win>
<tablesize>3</tablesize>
</general>
<game gamecode="11516802283"><general><startdate>2025-06-17 08:46:18</startdate>
<round>1</round>
<failsafecounter/>
<players><player seat="6" name="DBoris555" chips="500" dealer="0" win="0" bet="20" muck="1" rebuy="0" addon="0" merge="0" rebuychips="0" reg_code="8385498695"/>
<player seat="10" name="CLAMA75" chips="500" dealer="1" win="50" bet="60" muck="1" rebuy="0" addon="0" merge="0" rebuychips="0" reg_code="8385498714"/>
<player seat="3" name="oreiasccp" chips="500" dealer="0" win="0" bet="10" muck="1" rebuy="0" addon="0" merge="0" rebuychips="0" reg_code="8385498615"/>
</players>
</general>
<round no="0"><action no="1" player="oreiasccp" type="1" sum="10"/>
<action no="2" player="DBoris555" type="2" discard="1" dealt="1" sum="20"/>
</round>
<round no="1"><cards type="Pocket" player="DBoris555">X X</cards>
<cards type="Pocket" player="oreiasccp">CQ C6</cards>
<cards type="Pocket" player="CLAMA75">X X</cards>
<action no="3" player="CLAMA75" type="23" discard="1" dealt="1" sum="60"/>
<action no="4" player="oreiasccp" type="0" sum="0"/>
<action no="5" player="DBoris555" type="0" discard="1" dealt="1" sum="0"/>
</round>
</game>
<game gamecode="11516802312"><general><startdate>2025-06-17 08:46:28</startdate>
<round>1</round>
<failsafecounter/>
<players><player seat="10" name="CLAMA75" chips="530" dealer="0" win="20" bet="20" muck="1" rebuy="0" addon="0" merge="0" rebuychips="0" reg_code="8385498714"/>
<player seat="3" name="oreiasccp" chips="490" dealer="1" win="0" bet="0" muck="1" rebuy="0" addon="0" merge="0" rebuychips="0" reg_code="8385498615"/>
<player seat="6" name="DBoris555" chips="480" dealer="0" win="0" bet="10" muck="1" rebuy="0" addon="0" merge="0" rebuychips="0" reg_code="8385498695"/>
</players>
</general>
<round no="0"><action no="1" player="DBoris555" type="1" discard="1" dealt="1" sum="10"/>
<action no="2" player="CLAMA75" type="2" discard="1" dealt="1" sum="20"/>
</round>
<round no="1"><cards type="Pocket" player="oreiasccp">D8 D3</cards>
<cards type="Pocket" player="DBoris555">X X</cards>
<cards type="Pocket" player="CLAMA75">X X</cards>
<action no="3" player="oreiasccp" type="0" sum="0"/>
<action no="4" player="DBoris555" type="0" discard="1" dealt="1" sum="0"/>
</round>
</game>
<game gamecode="11516802331"><general><startdate>2025-06-17 08:46:35</startdate>
<round>1</round>
<failsafecounter/>
<players><player seat="3" name="oreiasccp" chips="490" dealer="0" win="20" bet="20" muck="1" rebuy="0" addon="0" merge="0" rebuychips="0" reg_code="8385498615"/>
<player seat="6" name="DBoris555" chips="470" dealer="1" win="0" bet="0" muck="1" rebuy="0" addon="0" merge="0" rebuychips="0" reg_code="8385498695"/>
<player seat="10" name="CLAMA75" chips="540" dealer="0" win="0" bet="10" muck="1" rebuy="0" addon="0" merge="0" rebuychips="0" reg_code="8385498714"/>
</players>
</general>
<round no="0"><action no="1" player="CLAMA75" type="1" discard="1" dealt="1" sum="10"/>
<action no="2" player="oreiasccp" type="2" sum="20"/>
</round>
<round no="1"><cards type="Pocket" player="oreiasccp">S9 DK</cards>
<cards type="Pocket" player="CLAMA75">X X</cards>
<cards type="Pocket" player="DBoris555">X X</cards>
<action no="3" player="DBoris555" type="0" discard="1" dealt="1" sum="0"/>
<action no="4" player="CLAMA75" type="0" discard="1" dealt="1" sum="0"/>
</round>
</game>
<game gamecode="11516802394"><general><startdate>2025-06-17 08:46:57</startdate>
<round>1</round>
<failsafecounter/>
<players><player seat="6" name="DBoris555" chips="470" dealer="0" win="0" bet="20" muck="1" rebuy="0" addon="0" merge="0" rebuychips="0" reg_code="8385498695"/>
<player seat="10" name="CLAMA75" chips="530" dealer="1" win="0" bet="0" muck="1" rebuy="0" addon="0" merge="0" rebuychips="0" reg_code="8385498714"/>
<player seat="3" name="oreiasccp" chips="500" dealer="0" win="40" bet="40" muck="1" rebuy="0" addon="0" merge="0" rebuychips="0" reg_code="8385498615"/>
</players>
</general>
<round no="0"><action no="1" player="oreiasccp" type="1" sum="10"/>
<action no="2" player="DBoris555" type="2" discard="1" dealt="1" sum="20"/>
</round>
<round no="1"><cards type="Pocket" player="CLAMA75">X X</cards>
<cards type="Pocket" player="DBoris555">X X</cards>
<cards type="Pocket" player="oreiasccp">C10 HJ</cards>
<action no="3" player="CLAMA75" type="0" discard="1" dealt="1" sum="0"/>
<action no="4" player="oreiasccp" type="23" sum="40"/>
<action no="5" player="DBoris555" type="0" discard="1" dealt="1" sum="0"/>
</round>
</game>
<game gamecode="11516802449"><general><startdate>2025-06-17 08:47:20</startdate>
<round>1</round>
<failsafecounter/>
<players><player seat="10" name="CLAMA75" chips="530" dealer="0" win="20" bet="20" muck="1" rebuy="0" addon="0" merge="0" rebuychips="0" reg_code="8385498714"/>
<player seat="3" name="oreiasccp" chips="520" dealer="1" win="0" bet="0" muck="1" rebuy="0" addon="0" merge="0" rebuychips="0" reg_code="8385498615"/>
<player seat="6" name="DBoris555" chips="450" dealer="0" win="0" bet="10" muck="1" rebuy="0" addon="0" merge="0" rebuychips="0" reg_code="8385498695"/>
</players>
</general>
<round no="0"><action no="1" player="DBoris555" type="1" discard="1" dealt="1" sum="10"/>
<action no="2" player="CLAMA75" type="2" discard="1" dealt="1" sum="20"/>
</round>
<round no="1"><cards type="Pocket" player="DBoris555">X X</cards>
<cards type="Pocket" player="CLAMA75">X X</cards>
<cards type="Pocket" player="oreiasccp">C6 C3</cards>
<action no="3" player="oreiasccp" type="0" sum="0"/>
<action no="4" player="DBoris555" type="0" discard="1" dealt="1" sum="0"/>
</round>
</game>
<game gamecode="11516802473"><general><startdate>2025-06-17 08:47:27</startdate>
<round>1</round>
<failsafecounter/>
<players><player seat="3" name="oreiasccp" chips="520" dealer="0" win="20" bet="20" muck="1" rebuy="0" addon="0" merge="0" rebuychips="0" reg_code="8385498615"/>
<player seat="6" name="DBoris555" chips="440" dealer="1" win="0" bet="0" muck="1" rebuy="0" addon="0" merge="0" rebuychips="0" reg_code="8385498695"/>
<player seat="10" name="CLAMA75" chips="540" dealer="0" win="0" bet="10" muck="1" rebuy="0" addon="0" merge="0" rebuychips="0" reg_code="8385498714"/>
</players>
</general>
<round no="0"><action no="1" player="CLAMA75" type="1" discard="1" dealt="1" sum="10"/>
<action no="2" player="oreiasccp" type="2" sum="20"/>
</round>
<round no="1"><cards type="Pocket" player="oreiasccp">DQ H9</cards>
<cards type="Pocket" player="CLAMA75">X X</cards>
<cards type="Pocket" player="DBoris555">X X</cards>
<action no="3" player="DBoris555" type="0" discard="1" dealt="1" sum="0"/>
<action no="4" player="CLAMA75" type="0" discard="1" dealt="1" sum="0"/>
</round>
</game>
<game gamecode="11516802542"><general><startdate>2025-06-17 08:47:49</startdate>
<round>1</round>
<failsafecounter/>
<players><player seat="6" name="DBoris555" chips="440" dealer="0" win="0" bet="440" muck="1" rebuy="0" addon="0" merge="0" rebuychips="0" reg_code="8385498695"/>
<player seat="10" name="CLAMA75" chips="530" dealer="1" win="0" bet="0" muck="1" rebuy="0" addon="0" merge="0" rebuychips="0" reg_code="8385498714"/>
<player seat="3" name="oreiasccp" chips="530" dealer="0" win="880" bet="440" muck="0" rebuy="0" addon="0" merge="0" rebuychips="0" reg_code="8385498615"/>
</players>
</general>
<round no="0"><action no="1" player="oreiasccp" type="1" sum="10"/>
<action no="2" player="DBoris555" type="2" discard="1" dealt="1" sum="20"/>
</round>
<round no="1"><cards type="Pocket" player="CLAMA75">X X</cards>
<cards type="Pocket" player="oreiasccp">CA D9</cards>
<cards type="Pocket" player="DBoris555">D8 SA</cards>
<action no="3" player="CLAMA75" type="0" discard="1" dealt="1" sum="0"/>
<action no="4" player="oreiasccp" type="23" sum="440"/>
<action no="5" player="DBoris555" type="7" discard="1" dealt="1" sum="420"/>
</round>
<round no="2"><cards type="Flop">H7 SQ D2</cards>
</round>
<round no="3"><cards type="Turn">C6</cards>
</round>
<round no="4"><cards type="River">S5</cards>
</round>
</game>
<game gamecode="11516802591"><general><startdate>2025-06-17 08:48:05</startdate>
<round>1</round>
<failsafecounter/>
<players><player seat="10" name="CLAMA75" chips="530" dealer="0" win="40" bet="80" muck="1" rebuy="0" addon="0" merge="0" rebuychips="0" reg_code="8385498714"/>
<player seat="3" name="oreiasccp" chips="970" dealer="1" win="0" bet="20" muck="1" rebuy="0" addon="0" merge="0" rebuychips="0" reg_code="8385498615"/>
</players>
</general>
<round no="0"><action no="1" player="oreiasccp" type="1" sum="10"/>
<action no="2" player="CLAMA75" type="2" discard="1" dealt="1" sum="20"/>
</round>
<round no="1"><cards type="Pocket" player="oreiasccp">D2 DA</cards>
<cards type="Pocket" player="CLAMA75">X X</cards>
<action no="3" player="oreiasccp" type="3" sum="10"/>
<action no="4" player="CLAMA75" type="4" discard="1" dealt="1" sum="0"/>
</round>
<round no="2"><cards type="Flop">S7 S9 SJ</cards>
<action no="5" player="CLAMA75" type="5" discard="1" dealt="1" sum="60"/>
<action no="6" player="oreiasccp" type="0" sum="0"/>
</round>
</game>
<game gamecode="11516802642"><general><startdate>2025-06-17 08:48:22</startdate>
<round>1</round>
<failsafecounter/>
<players><player seat="3" name="oreiasccp" chips="950" dealer="0" win="0" bet="35" muck="1" rebuy="0" addon="0" merge="0" rebuychips="0" reg_code="8385498615"/>
<player seat="10" name="CLAMA75" chips="550" dealer="1" win="70" bet="550" muck="1" rebuy="0" addon="0" merge="0" rebuychips="0" reg_code="8385498714"/>
</players>
</general>
<round no="0"><action no="1" player="CLAMA75" type="15" discard="1" dealt="1" sum="5"/>
<action no="2" player="oreiasccp" type="15" sum="5"/>
<action no="3" player="CLAMA75" type="1" discard="1" dealt="1" sum="15"/>
<action no="4" player="oreiasccp" type="2" sum="30"/>
</round>
<round no="1"><cards type="Pocket" player="oreiasccp">C8 SK</cards>
<cards type="Pocket" player="CLAMA75">X X</cards>
<action no="5" player="CLAMA75" type="23" discard="1" dealt="1" sum="545"/>
<action no="6" player="oreiasccp" type="0" sum="0"/>
</round>
</game>
<game gamecode="11516802663"><general><startdate>2025-06-17 08:48:30</startdate>
<round>1</round>
<failsafecounter/>
<players><player seat="10" name="CLAMA75" chips="585" dealer="0" win="0" bet="35" muck="1" rebuy="0" addon="0" merge="0" rebuychips="0" reg_code="8385498714"/>
<player seat="3" name="oreiasccp" chips="915" dealer="1" win="70" bet="65" muck="1" rebuy="0" addon="0" merge="0" rebuychips="0" reg_code="8385498615"/>
</players>
</general>
<round no="0"><action no="1" player="oreiasccp" type="15" sum="5"/>
<action no="2" player="CLAMA75" type="15" discard="1" dealt="1" sum="5"/>
<action no="3" player="oreiasccp" type="1" sum="15"/>
<action no="4" player="CLAMA75" type="2" discard="1" dealt="1" sum="30"/>
</round>
<round no="1"><cards type="Pocket" player="CLAMA75">X X</cards>
<cards type="Pocket" player="oreiasccp">S8 S6</cards>
<action no="5" player="oreiasccp" type="3" sum="15"/>
<action no="6" player="CLAMA75" type="4" discard="1" dealt="1" sum="0"/>
</round>
<round no="2"><cards type="Flop">S3 SJ HQ</cards>
<action no="7" player="CLAMA75" type="4" discard="1" dealt="1" sum="0"/>
<action no="8" player="oreiasccp" type="5" sum="30"/>
<action no="9" player="CLAMA75" type="0" discard="1" dealt="1" sum="0"/>
</round>
</game>
<game gamecode="11516802724"><general><startdate>2025-06-17 08:48:52</startdate>
<round>1</round>
<failsafecounter/>
<players><player seat="3" name="oreiasccp" chips="950" dealer="0" win="0" bet="35" muck="1" rebuy="0" addon="0" merge="0" rebuychips="0" reg_code="8385498615"/>
<player seat="10" name="CLAMA75" chips="550" dealer="1" win="70" bet="550" muck="1" rebuy="0" addon="0" merge="0" rebuychips="0" reg_code="8385498714"/>
</players>
</general>
<round no="0"><action no="1" player="CLAMA75" type="15" discard="1" dealt="1" sum="5"/>
<action no="2" player="oreiasccp" type="15" sum="5"/>
<action no="3" player="CLAMA75" type="1" discard="1" dealt="1" sum="15"/>
<action no="4" player="oreiasccp" type="2" sum="30"/>
</round>
<round no="1"><cards type="Pocket" player="oreiasccp">H6 DJ</cards>
<cards type="Pocket" player="CLAMA75">X X</cards>
<action no="5" player="CLAMA75" type="23" discard="1" dealt="1" sum="545"/>
<action no="6" player="oreiasccp" type="0" sum="0"/>
</round>
</game>
<game gamecode="11516802753"><general><startdate>2025-06-17 08:49:02</startdate>
<round>1</round>
<failsafecounter/>
<players><player seat="10" name="CLAMA75" chips="585" dealer="0" win="130" bet="585" muck="1" rebuy="0" addon="0" merge="0" rebuychips="0" reg_code="8385498714"/>
<player seat="3" name="oreiasccp" chips="915" dealer="1" win="0" bet="65" muck="1" rebuy="0" addon="0" merge="0" rebuychips="0" reg_code="8385498615"/>
</players>
</general>
<round no="0"><action no="1" player="oreiasccp" type="15" sum="5"/>
<action no="2" player="CLAMA75" type="15" discard="1" dealt="1" sum="5"/>
<action no="3" player="oreiasccp" type="1" sum="15"/>
<action no="4" player="CLAMA75" type="2" discard="1" dealt="1" sum="30"/>
</round>
<round no="1"><cards type="Pocket" player="CLAMA75">X X</cards>
<cards type="Pocket" player="oreiasccp">S5 DQ</cards>
<action no="5" player="oreiasccp" type="23" sum="60"/>
<action no="6" player="CLAMA75" type="23" discard="1" dealt="1" sum="580"/>
<action no="7" player="oreiasccp" type="0" sum="0"/>
</round>
</game>
<game gamecode="11516802783"><general><startdate>2025-06-17 08:49:13</startdate>
<round>1</round>
<failsafecounter/>
<players><player seat="3" name="oreiasccp" chips="850" dealer="0" win="0" bet="35" muck="1" rebuy="0" addon="0" merge="0" rebuychips="0" reg_code="8385498615"/>
<player seat="10" name="CLAMA75" chips="650" dealer="1" win="70" bet="650" muck="1" rebuy="0" addon="0" merge="0" rebuychips="0" reg_code="8385498714"/>
</players>
</general>
<round no="0"><action no="1" player="CLAMA75" type="15" discard="1" dealt="1" sum="5"/>
<action no="2" player="oreiasccp" type="15" sum="5"/>
<action no="3" player="CLAMA75" type="1" discard="1" dealt="1" sum="15"/>
<action no="4" player="oreiasccp" type="2" sum="30"/>
</round>
<round no="1"><cards type="Pocket" player="CLAMA75">X X</cards>
<cards type="Pocket" player="oreiasccp">D9 C3</cards>
<action no="5" player="CLAMA75" type="23" discard="1" dealt="1" sum="645"/>
<action no="6" player="oreiasccp" type="0" sum="0"/>
</round>
</game>
<game gamecode="11516802812"><general><startdate>2025-06-17 08:49:21</startdate>
<round>1</round>
<failsafecounter/>
<players><player seat="10" name="CLAMA75" chips="685" dealer="0" win="0" bet="35" muck="1" rebuy="0" addon="0" merge="0" rebuychips="0" reg_code="8385498714"/>
<player seat="3" name="oreiasccp" chips="815" dealer="1" win="70" bet="65" muck="1" rebuy="0" addon="0" merge="0" rebuychips="0" reg_code="8385498615"/>
</players>
</general>
<round no="0"><action no="1" player="oreiasccp" type="15" sum="5"/>
<action no="2" player="CLAMA75" type="15" discard="1" dealt="1" sum="5"/>
<action no="3" player="oreiasccp" type="1" sum="15"/>
<action no="4" player="CLAMA75" type="2" discard="1" dealt="1" sum="30"/>
</round>
<round no="1"><cards type="Pocket" player="oreiasccp">HQ S9</cards>
<cards type="Pocket" player="CLAMA75">X X</cards>
<action no="5" player="oreiasccp" type="3" sum="15"/>
<action no="6" player="CLAMA75" type="4" discard="1" dealt="1" sum="0"/>
</round>
<round no="2"><cards type="Flop">SQ CJ D2</cards>
<action no="7" player="CLAMA75" type="4" discard="1" dealt="1" sum="0"/>
<action no="8" player="oreiasccp" type="5" sum="30"/>
<action no="9" player="CLAMA75" type="0" discard="1" dealt="1" sum="0"/>
</round>
</game>
<game gamecode="11516802857"><general><startdate>2025-06-17 08:49:41</startdate>
<round>1</round>
<failsafecounter/>
<players><player seat="3" name="oreiasccp" chips="850" dealer="0" win="0" bet="35" muck="1" rebuy="0" addon="0" merge="0" rebuychips="0" reg_code="8385498615"/>
<player seat="10" name="CLAMA75" chips="650" dealer="1" win="70" bet="650" muck="1" rebuy="0" addon="0" merge="0" rebuychips="0" reg_code="8385498714"/>
</players>
</general>
<round no="0"><action no="1" player="CLAMA75" type="15" discard="1" dealt="1" sum="5"/>
<action no="2" player="oreiasccp" type="15" sum="5"/>
<action no="3" player="CLAMA75" type="1" discard="1" dealt="1" sum="15"/>
<action no="4" player="oreiasccp" type="2" sum="30"/>
</round>
<round no="1"><cards type="Pocket" player="CLAMA75">X X</cards>
<cards type="Pocket" player="oreiasccp">S9 C3</cards>
<action no="5" player="CLAMA75" type="23" discard="1" dealt="1" sum="645"/>
<action no="6" player="oreiasccp" type="0" sum="0"/>
</round>
</game>
<game gamecode="11516802889"><general><startdate>2025-06-17 08:49:50</startdate>
<round>1</round>
<failsafecounter/>
<players><player seat="10" name="CLAMA75" chips="685" dealer="0" win="0" bet="35" muck="1" rebuy="0" addon="0" merge="0" rebuychips="0" reg_code="8385498714"/>
<player seat="3" name="oreiasccp" chips="815" dealer="1" win="70" bet="65" muck="1" rebuy="0" addon="0" merge="0" rebuychips="0" reg_code="8385498615"/>
</players>
</general>
<round no="0"><action no="1" player="oreiasccp" type="15" sum="5"/>
<action no="2" player="CLAMA75" type="15" discard="1" dealt="1" sum="5"/>
<action no="3" player="oreiasccp" type="1" sum="15"/>
<action no="4" player="CLAMA75" type="2" discard="1" dealt="1" sum="30"/>
</round>
<round no="1"><cards type="Pocket" player="oreiasccp">D6 D8</cards>
<cards type="Pocket" player="CLAMA75">X X</cards>
<action no="5" player="oreiasccp" type="3" sum="15"/>
<action no="6" player="CLAMA75" type="4" discard="1" dealt="1" sum="0"/>
</round>
<round no="2"><cards type="Flop">D5 C8 D4</cards>
<action no="7" player="CLAMA75" type="4" discard="1" dealt="1" sum="0"/>
<action no="8" player="oreiasccp" type="5" sum="30"/>
<action no="9" player="CLAMA75" type="0" discard="1" dealt="1" sum="0"/>
</round>
</game>
<game gamecode="11516802934"><general><startdate>2025-06-17 08:50:07</startdate>
<round>1</round>
<failsafecounter/>
<players><player seat="3" name="oreiasccp" chips="850" dealer="0" win="0" bet="35" muck="1" rebuy="0" addon="0" merge="0" rebuychips="0" reg_code="8385498615"/>
<player seat="10" name="CLAMA75" chips="650" dealer="1" win="70" bet="650" muck="1" rebuy="0" addon="0" merge="0" rebuychips="0" reg_code="8385498714"/>
</players>
</general>
<round no="0"><action no="1" player="CLAMA75" type="15" discard="1" dealt="1" sum="5"/>
<action no="2" player="oreiasccp" type="15" sum="5"/>
<action no="3" player="CLAMA75" type="1" discard="1" dealt="1" sum="15"/>
<action no="4" player="oreiasccp" type="2" sum="30"/>
</round>
<round no="1"><cards type="Pocket" player="oreiasccp">C10 H3</cards>
<cards type="Pocket" player="CLAMA75">X X</cards>
<action no="5" player="CLAMA75" type="23" discard="1" dealt="1" sum="645"/>
<action no="6" player="oreiasccp" type="0" sum="0"/>
</round>
</game>
<game gamecode="11516802967"><general><startdate>2025-06-17 08:50:19</startdate>
<round>1</round>
<failsafecounter/>
<players><player seat="10" name="CLAMA75" chips="685" dealer="0" win="0" bet="325" muck="0" rebuy="0" addon="0" merge="0" rebuychips="0" reg_code="8385498714"/>
<player seat="3" name="oreiasccp" chips="815" dealer="1" win="650" bet="325" muck="0" rebuy="0" addon="0" merge="0" rebuychips="0" reg_code="8385498615"/>
</players>
</general>
<round no="0"><action no="1" player="oreiasccp" type="15" sum="5"/>
<action no="2" player="CLAMA75" type="15" discard="1" dealt="1" sum="5"/>
<action no="3" player="oreiasccp" type="1" sum="20"/>
<action no="4" player="CLAMA75" type="2" discard="1" dealt="1" sum="40"/>
</round>
<round no="1"><cards type="Pocket" player="CLAMA75">S9 S10</cards>
<cards type="Pocket" player="oreiasccp">DJ DQ</cards>
<action no="5" player="oreiasccp" type="3" sum="20"/>
<action no="6" player="CLAMA75" type="23" discard="1" dealt="1" sum="80"/>
<action no="7" player="oreiasccp" type="3" sum="40"/>
</round>
<round no="2"><cards type="Flop">D8 HJ C2</cards>
<action no="8" player="CLAMA75" type="5" discard="1" dealt="1" sum="80"/>
<action no="9" player="oreiasccp" type="3" sum="80"/>
</round>
<round no="3"><cards type="Turn">H9</cards>
<action no="10" player="CLAMA75" type="5" discard="1" dealt="1" sum="80"/>
<action no="11" player="oreiasccp" type="3" sum="80"/>
</round>
<round no="4"><cards type="River">S6</cards>
<action no="12" player="CLAMA75" type="5" discard="1" dealt="1" sum="80"/>
<action no="13" player="oreiasccp" type="3" sum="80"/>
</round>
</game>
<game gamecode="11516803046"><general><startdate>2025-06-17 08:50:48</startdate>
<round>1</round>
<failsafecounter/>
<players><player seat="3" name="oreiasccp" chips="1,140" dealer="0" win="720" bet="360" muck="0" rebuy="0" addon="0" merge="0" rebuychips="0" reg_code="8385498615"/>
<player seat="10" name="CLAMA75" chips="360" dealer="1" win="0" bet="360" muck="0" rebuy="0" addon="0" merge="0" rebuychips="0" reg_code="8385498714"/>
</players>
</general>
<round no="0"><action no="1" player="CLAMA75" type="15" discard="1" dealt="1" sum="5"/>
<action no="2" player="oreiasccp" type="15" sum="5"/>
<action no="3" player="CLAMA75" type="1" discard="1" dealt="1" sum="20"/>
<action no="4" player="oreiasccp" type="2" sum="40"/>
</round>
<round no="1"><cards type="Pocket" player="oreiasccp">C3 SA</cards>
<cards type="Pocket" player="CLAMA75">DQ D9</cards>
<action no="5" player="CLAMA75" type="23" discard="1" dealt="1" sum="355"/>
<action no="6" player="oreiasccp" type="3" sum="315"/>
</round>
<round no="2"><cards type="Flop">D6 C5 DJ</cards>
</round>
<round no="3"><cards type="Turn">SK</cards>
</round>
<round no="4"><cards type="River">S3</cards>
</round>
</game>
</session>
