<?xml version="1.0" encoding="UTF-8"?>
<session sessioncode="8385497878">
<general>
<client_version>24.7.1.16</client_version>
<mode>real</mode>
<gametype>Holdem NL</gametype>
<tablename>Twister €5 SNG, 1127662751</tablename>
<tournamentcode>1127662750</tournamentcode>
<tournamentname>Twister €5 SNG</tournamentname>
<buyin>€0 + €0.35 + €4.65</buyin>
<totalbuyin>€5</totalbuyin>
<rewarddrawn>€25</rewarddrawn>
<tournamentcurrency>EUR</tournamentcurrency>
<currency>EUR</currency>
<nickname>oreiasccp</nickname>
<gamecount>10</gamecount>
<startdate>2025-06-17 08:41:16</startdate>
<place>2</place>
<win>€0</win>
<tablesize>3</tablesize>
</general>
<game gamecode="11516797344"><general><startdate>2025-06-17 08:41:31</startdate>
<round>1</round>
<failsafecounter/>
<players><player seat="6" name="Solin123" chips="500" dealer="0" win="0" bet="500" muck="1" rebuy="0" addon="0" merge="0" rebuychips="0" reg_code="8385497803"/>
<player seat="10" name="oreiasccp" chips="500" dealer="1" win="0" bet="0" muck="1" rebuy="0" addon="0" merge="0" rebuychips="0" reg_code="8385497878"/>
<player seat="3" name="bobbb1" chips="500" dealer="0" win="1,000" bet="500" muck="0" rebuy="0" addon="0" merge="0" rebuychips="0" reg_code="8385497766"/>
</players>
</general>
<round no="0"><action no="1" player="bobbb1" type="1" discard="1" dealt="1" sum="10"/>
<action no="2" player="Solin123" type="2" discard="1" dealt="1" sum="20"/>
</round>
<round no="1"><cards type="Pocket" player="Solin123">DJ S9</cards>
<cards type="Pocket" player="oreiasccp">H2 SJ</cards>
<cards type="Pocket" player="bobbb1">S10 H10</cards>
<action no="3" player="oreiasccp" type="0" sum="0"/>
<action no="4" player="bobbb1" type="23" discard="1" dealt="1" sum="50"/>
<action no="5" player="Solin123" type="3" discard="1" dealt="1" sum="30"/>
</round>
<round no="2"><cards type="Flop">D3 HQ H4</cards>
<action no="6" player="bobbb1" type="5" discard="1" dealt="1" sum="30"/>
<action no="7" player="Solin123" type="3" discard="1" dealt="1" sum="30"/>
</round>
<round no="3"><cards type="Turn">S4</cards>
<action no="8" player="bobbb1" type="4" discard="1" dealt="1" sum="0"/>
<action no="9" player="Solin123" type="5" discard="1" dealt="1" sum="120"/>
<action no="10" player="bobbb1" type="3" discard="1" dealt="1" sum="120"/>
</round>
<round no="4"><cards type="River">D10</cards>
<action no="11" player="bobbb1" type="4" discard="1" dealt="1" sum="0"/>
<action no="12" player="Solin123" type="5" discard="1" dealt="1" sum="300"/>
<action no="13" player="bobbb1" type="7" discard="1" dealt="1" sum="300"/>
</round>
</game>
<game gamecode="11516797448"><general><startdate>2025-06-17 08:42:08</startdate>
<round>1</round>
<failsafecounter/>
<players><player seat="10" name="oreiasccp" chips="500" dealer="0" win="80" bet="69" muck="1" rebuy="0" addon="0" merge="0" rebuychips="0" reg_code="8385497878"/>
<player seat="3" name="bobbb1" chips="1,000" dealer="1" win="0" bet="40" muck="1" rebuy="0" addon="0" merge="0" rebuychips="0" reg_code="8385497766"/>
</players>
</general>
<round no="0"><action no="1" player="bobbb1" type="1" discard="1" dealt="1" sum="10"/>
<action no="2" player="oreiasccp" type="2" sum="20"/>
</round>
<round no="1"><cards type="Pocket" player="oreiasccp">SK C7</cards>
<cards type="Pocket" player="bobbb1">X X</cards>
<action no="3" player="bobbb1" type="3" discard="1" dealt="1" sum="10"/>
<action no="4" player="oreiasccp" type="4" sum="0"/>
</round>
<round no="2"><cards type="Flop">HA SQ HQ</cards>
<action no="5" player="oreiasccp" type="4" sum="0"/>
<action no="6" player="bobbb1" type="5" discard="1" dealt="1" sum="20"/>
<action no="7" player="oreiasccp" type="3" sum="20"/>
</round>
<round no="3"><cards type="Turn">S8</cards>
<action no="8" player="oreiasccp" type="4" sum="0"/>
<action no="9" player="bobbb1" type="4" discard="1" dealt="1" sum="0"/>
</round>
<round no="4"><cards type="River">SA</cards>
<action no="10" player="oreiasccp" type="5" sum="29"/>
<action no="11" player="bobbb1" type="0" discard="1" dealt="1" sum="0"/>
</round>
</game>
<game gamecode="11516797526"><general><startdate>2025-06-17 08:42:39</startdate>
<round>1</round>
<failsafecounter/>
<players><player seat="3" name="bobbb1" chips="960" dealer="0" win="392" bet="196" muck="0" rebuy="0" addon="0" merge="0" rebuychips="0" reg_code="8385497766"/>
<player seat="10" name="oreiasccp" chips="540" dealer="1" win="0" bet="196" muck="1" rebuy="0" addon="0" merge="0" rebuychips="0" reg_code="8385497878"/>
</players>
</general>
<round no="0"><action no="1" player="oreiasccp" type="1" sum="10"/>
<action no="2" player="bobbb1" type="2" discard="1" dealt="1" sum="20"/>
</round>
<round no="1"><cards type="Pocket" player="oreiasccp">DJ H10</cards>
<cards type="Pocket" player="bobbb1">S7 SQ</cards>
<action no="3" player="oreiasccp" type="23" sum="40"/>
<action no="4" player="bobbb1" type="3" discard="1" dealt="1" sum="20"/>
</round>
<round no="2"><cards type="Flop">SK C4 SJ</cards>
<action no="5" player="bobbb1" type="4" discard="1" dealt="1" sum="0"/>
<action no="6" player="oreiasccp" type="4" sum="0"/>
</round>
<round no="3"><cards type="Turn">C10</cards>
<action no="7" player="bobbb1" type="4" discard="1" dealt="1" sum="0"/>
<action no="8" player="oreiasccp" type="5" sum="58"/>
<action no="9" player="bobbb1" type="3" discard="1" dealt="1" sum="58"/>
</round>
<round no="4"><cards type="River">S4</cards>
<action no="10" player="bobbb1" type="5" discard="1" dealt="1" sum="98"/>
<action no="11" player="oreiasccp" type="3" sum="98"/>
</round>
</game>
<game gamecode="11516797633"><general><startdate>2025-06-17 08:43:16</startdate>
<round>1</round>
<failsafecounter/>
<players><player seat="10" name="oreiasccp" chips="344" dealer="0" win="0" bet="40" muck="1" rebuy="0" addon="0" merge="0" rebuychips="0" reg_code="8385497878"/>
<player seat="3" name="bobbb1" chips="1,156" dealer="1" win="80" bet="60" muck="1" rebuy="0" addon="0" merge="0" rebuychips="0" reg_code="8385497766"/>
</players>
</general>
<round no="0"><action no="1" player="bobbb1" type="1" discard="1" dealt="1" sum="10"/>
<action no="2" player="oreiasccp" type="2" sum="20"/>
</round>
<round no="1"><cards type="Pocket" player="bobbb1">X X</cards>
<cards type="Pocket" player="oreiasccp">H6 H3</cards>
<action no="3" player="bobbb1" type="23" discard="1" dealt="1" sum="40"/>
<action no="4" player="oreiasccp" type="3" sum="20"/>
</round>
<round no="2"><cards type="Flop">DQ C5 HQ</cards>
<action no="5" player="oreiasccp" type="4" sum="0"/>
<action no="6" player="bobbb1" type="5" discard="1" dealt="1" sum="20"/>
<action no="7" player="oreiasccp" type="0" sum="0"/>
</round>
</game>
<game gamecode="11516797678"><general><startdate>2025-06-17 08:43:34</startdate>
<round>1</round>
<failsafecounter/>
<players><player seat="3" name="bobbb1" chips="1,196" dealer="0" win="40" bet="35" muck="1" rebuy="0" addon="0" merge="0" rebuychips="0" reg_code="8385497766"/>
<player seat="10" name="oreiasccp" chips="304" dealer="1" win="0" bet="20" muck="1" rebuy="0" addon="0" merge="0" rebuychips="0" reg_code="8385497878"/>
</players>
</general>
<round no="0"><action no="1" player="oreiasccp" type="15" sum="5"/>
<action no="2" player="bobbb1" type="15" discard="1" dealt="1" sum="5"/>
<action no="3" player="oreiasccp" type="1" sum="15"/>
<action no="4" player="bobbb1" type="2" discard="1" dealt="1" sum="30"/>
</round>
<round no="1"><cards type="Pocket" player="bobbb1">X X</cards>
<cards type="Pocket" player="oreiasccp">C3 S9</cards>
<action no="5" player="oreiasccp" type="0" sum="0"/>
</round>
</game>
<game gamecode="11516797717"><general><startdate>2025-06-17 08:43:47</startdate>
<round>1</round>
<failsafecounter/>
<players><player seat="10" name="oreiasccp" chips="284" dealer="0" win="0" bet="35" muck="1" rebuy="0" addon="0" merge="0" rebuychips="0" reg_code="8385497878"/>
<player seat="3" name="bobbb1" chips="1,216" dealer="1" win="70" bet="1,216" muck="1" rebuy="0" addon="0" merge="0" rebuychips="0" reg_code="8385497766"/>
</players>
</general>
<round no="0"><action no="1" player="bobbb1" type="15" discard="1" dealt="1" sum="5"/>
<action no="2" player="oreiasccp" type="15" sum="5"/>
<action no="3" player="bobbb1" type="1" discard="1" dealt="1" sum="15"/>
<action no="4" player="oreiasccp" type="2" sum="30"/>
</round>
<round no="1"><cards type="Pocket" player="oreiasccp">CQ H7</cards>
<cards type="Pocket" player="bobbb1">X X</cards>
<action no="5" player="bobbb1" type="23" discard="1" dealt="1" sum="1,211"/>
<action no="6" player="oreiasccp" type="0" sum="0"/>
</round>
</game>
<game gamecode="11516801905"><general><startdate>2025-06-17 08:43:58</startdate>
<round>1</round>
<failsafecounter/>
<players><player seat="3" name="bobbb1" chips="1,251" dealer="0" win="0" bet="35" muck="1" rebuy="0" addon="0" merge="0" rebuychips="0" reg_code="8385497766"/>
<player seat="10" name="oreiasccp" chips="249" dealer="1" win="70" bet="249" muck="1" rebuy="0" addon="0" merge="0" rebuychips="0" reg_code="8385497878"/>
</players>
</general>
<round no="0"><action no="1" player="oreiasccp" type="15" sum="5"/>
<action no="2" player="bobbb1" type="15" discard="1" dealt="1" sum="5"/>
<action no="3" player="oreiasccp" type="1" sum="15"/>
<action no="4" player="bobbb1" type="2" discard="1" dealt="1" sum="30"/>
</round>
<round no="1"><cards type="Pocket" player="oreiasccp">D8 SA</cards>
<cards type="Pocket" player="bobbb1">X X</cards>
<action no="5" player="oreiasccp" type="23" sum="244"/>
<action no="6" player="bobbb1" type="0" discard="1" dealt="1" sum="0"/>
</round>
</game>
<game gamecode="11516801932"><general><startdate>2025-06-17 08:44:10</startdate>
<round>1</round>
<failsafecounter/>
<players><player seat="10" name="oreiasccp" chips="284" dealer="0" win="0" bet="35" muck="1" rebuy="0" addon="0" merge="0" rebuychips="0" reg_code="8385497878"/>
<player seat="3" name="bobbb1" chips="1,216" dealer="1" win="70" bet="1,216" muck="1" rebuy="0" addon="0" merge="0" rebuychips="0" reg_code="8385497766"/>
</players>
</general>
<round no="0"><action no="1" player="bobbb1" type="15" discard="1" dealt="1" sum="5"/>
<action no="2" player="oreiasccp" type="15" sum="5"/>
<action no="3" player="bobbb1" type="1" discard="1" dealt="1" sum="15"/>
<action no="4" player="oreiasccp" type="2" sum="30"/>
</round>
<round no="1"><cards type="Pocket" player="oreiasccp">DQ C9</cards>
<cards type="Pocket" player="bobbb1">X X</cards>
<action no="5" player="bobbb1" type="23" discard="1" dealt="1" sum="1,211"/>
<action no="6" player="oreiasccp" type="0" sum="0"/>
</round>
</game>
<game gamecode="11516801964"><general><startdate>2025-06-17 08:44:18</startdate>
<round>1</round>
<failsafecounter/>
<players><player seat="3" name="bobbb1" chips="1,251" dealer="0" win="0" bet="35" muck="1" rebuy="0" addon="0" merge="0" rebuychips="0" reg_code="8385497766"/>
<player seat="10" name="oreiasccp" chips="249" dealer="1" win="70" bet="249" muck="1" rebuy="0" addon="0" merge="0" rebuychips="0" reg_code="8385497878"/>
</players>
</general>
<round no="0"><action no="1" player="oreiasccp" type="15" sum="5"/>
<action no="2" player="bobbb1" type="15" discard="1" dealt="1" sum="5"/>
<action no="3" player="oreiasccp" type="1" sum="15"/>
<action no="4" player="bobbb1" type="2" discard="1" dealt="1" sum="30"/>
</round>
<round no="1"><cards type="Pocket" player="bobbb1">X X</cards>
<cards type="Pocket" player="oreiasccp">H8 S9</cards>
<action no="5" player="oreiasccp" type="23" sum="244"/>
<action no="6" player="bobbb1" type="0" discard="1" dealt="1" sum="0"/>
</round>
</game>
<game gamecode="11516801986"><general><startdate>2025-06-17 08:44:25</startdate>
<round>1</round>
<failsafecounter/>
<players><player seat="10" name="oreiasccp" chips="284" dealer="0" win="0" bet="284" muck="1" rebuy="0" addon="0" merge="0" rebuychips="0" reg_code="8385497878"/>
<player seat="3" name="bobbb1" chips="1,216" dealer="1" win="568" bet="1,216" muck="0" rebuy="0" addon="0" merge="0" rebuychips="0" reg_code="8385497766"/>
</players>
</general>
<round no="0"><action no="1" player="bobbb1" type="15" discard="1" dealt="1" sum="5"/>
<action no="2" player="oreiasccp" type="15" sum="5"/>
<action no="3" player="bobbb1" type="1" discard="1" dealt="1" sum="15"/>
<action no="4" player="oreiasccp" type="2" sum="30"/>
</round>
<round no="1"><cards type="Pocket" player="bobbb1">S10 DA</cards>
<cards type="Pocket" player="oreiasccp">HJ CK</cards>
<action no="5" player="bobbb1" type="23" discard="1" dealt="1" sum="1,211"/>
<action no="6" player="oreiasccp" type="7" sum="249"/>
</round>
<round no="2"><cards type="Flop">S9 H4 D9</cards>
</round>
<round no="3"><cards type="Turn">S4</cards>
</round>
<round no="4"><cards type="River">C3</cards>
</round>
</game>
</session>
