<?xml version="1.0" encoding="UTF-8"?>
<session sessioncode="8385576796">
<general>
<client_version>24.7.1.16</client_version>
<mode>real</mode>
<gametype>Holdem NL</gametype>
<tablename>Twister €5 SNG, 1127675010</tablename>
<tournamentcode>1127675009</tournamentcode>
<tournamentname>Twister €5 SNG</tournamentname>
<buyin>€0 + €0.35 + €4.65</buyin>
<totalbuyin>€5</totalbuyin>
<rewarddrawn>€10</rewarddrawn>
<tournamentcurrency>EUR</tournamentcurrency>
<currency>EUR</currency>
<nickname>oreiasccp</nickname>
<gamecount>14</gamecount>
<startdate>2025-06-17 13:03:56</startdate>
<place>3</place>
<win>€0</win>
<tablesize>3</tablesize>
</general>
<game gamecode="11517023776"><general><startdate>2025-06-17 13:04:11</startdate>
<round>1</round>
<failsafecounter/>
<players><player seat="6" name="oreiasccp" chips="500" dealer="0" win="40" bet="60" muck="1" rebuy="0" addon="0" merge="0" rebuychips="0" reg_code="8385576796"/>
<player seat="10" name="gundaRajjj" chips="500" dealer="1" win="0" bet="0" muck="1" rebuy="0" addon="0" merge="0" rebuychips="0" reg_code="8385576843"/>
<player seat="3" name="Scorpionatom" chips="500" dealer="0" win="0" bet="20" muck="1" rebuy="0" addon="0" merge="0" rebuychips="0" reg_code="8385576791"/>
</players>
</general>
<round no="0"><action no="1" player="Scorpionatom" type="1" discard="1" dealt="1" sum="10"/>
<action no="2" player="oreiasccp" type="2" sum="20"/>
</round>
<round no="1"><cards type="Pocket" player="oreiasccp">SK HK</cards>
<cards type="Pocket" player="gundaRajjj">X X</cards>
<cards type="Pocket" player="Scorpionatom">X X</cards>
<action no="3" player="gundaRajjj" type="0" discard="1" dealt="1" sum="0"/>
<action no="4" player="Scorpionatom" type="3" discard="1" dealt="1" sum="10"/>
<action no="5" player="oreiasccp" type="23" sum="60"/>
<action no="6" player="Scorpionatom" type="0" discard="1" dealt="1" sum="0"/>
</round>
</game>
<game gamecode="11517023833"><general><startdate>2025-06-17 13:04:24</startdate>
<round>1</round>
<failsafecounter/>
<players><player seat="10" name="gundaRajjj" chips="500" dealer="0" win="0" bet="69" muck="1" rebuy="0" addon="0" merge="0" rebuychips="0" reg_code="8385576843"/>
<player seat="3" name="Scorpionatom" chips="480" dealer="1" win="0" bet="0" muck="1" rebuy="0" addon="0" merge="0" rebuychips="0" reg_code="8385576791"/>
<player seat="6" name="oreiasccp" chips="520" dealer="0" win="138" bet="170" muck="1" rebuy="0" addon="0" merge="0" rebuychips="0" reg_code="8385576796"/>
</players>
</general>
<round no="0"><action no="1" player="oreiasccp" type="1" sum="10"/>
<action no="2" player="gundaRajjj" type="2" discard="1" dealt="1" sum="20"/>
</round>
<round no="1"><cards type="Pocket" player="gundaRajjj">X X</cards>
<cards type="Pocket" player="oreiasccp">S6 S4</cards>
<cards type="Pocket" player="Scorpionatom">X X</cards>
<action no="3" player="Scorpionatom" type="0" discard="1" dealt="1" sum="0"/>
<action no="4" player="oreiasccp" type="23" sum="40"/>
<action no="5" player="gundaRajjj" type="3" discard="1" dealt="1" sum="20"/>
</round>
<round no="2"><cards type="Flop">S5 S7 DQ</cards>
<action no="6" player="oreiasccp" type="5" sum="29"/>
<action no="7" player="gundaRajjj" type="3" discard="1" dealt="1" sum="29"/>
</round>
<round no="3"><cards type="Turn">CA</cards>
<action no="8" player="oreiasccp" type="5" sum="101"/>
<action no="9" player="gundaRajjj" type="0" discard="1" dealt="1" sum="0"/>
</round>
</game>
<game gamecode="11517023951"><general><startdate>2025-06-17 13:04:56</startdate>
<round>1</round>
<failsafecounter/>
<players><player seat="3" name="Scorpionatom" chips="480" dealer="0" win="80" bet="120" muck="1" rebuy="0" addon="0" merge="0" rebuychips="0" reg_code="8385576791"/>
<player seat="6" name="oreiasccp" chips="589" dealer="1" win="0" bet="0" muck="1" rebuy="0" addon="0" merge="0" rebuychips="0" reg_code="8385576796"/>
<player seat="10" name="gundaRajjj" chips="431" dealer="0" win="0" bet="40" muck="1" rebuy="0" addon="0" merge="0" rebuychips="0" reg_code="8385576843"/>
</players>
</general>
<round no="0"><action no="1" player="gundaRajjj" type="1" discard="1" dealt="1" sum="10"/>
<action no="2" player="Scorpionatom" type="2" discard="1" dealt="1" sum="20"/>
</round>
<round no="1"><cards type="Pocket" player="oreiasccp">H7 D10</cards>
<cards type="Pocket" player="gundaRajjj">X X</cards>
<cards type="Pocket" player="Scorpionatom">X X</cards>
<action no="3" player="oreiasccp" type="0" sum="0"/>
<action no="4" player="gundaRajjj" type="3" discard="1" dealt="1" sum="10"/>
<action no="5" player="Scorpionatom" type="4" discard="1" dealt="1" sum="0"/>
</round>
<round no="2"><cards type="Flop">H5 HK HA</cards>
<action no="6" player="gundaRajjj" type="5" discard="1" dealt="1" sum="20"/>
<action no="7" player="Scorpionatom" type="3" discard="1" dealt="1" sum="20"/>
</round>
<round no="3"><cards type="Turn">HJ</cards>
<action no="8" player="gundaRajjj" type="4" discard="1" dealt="1" sum="0"/>
<action no="9" player="Scorpionatom" type="4" discard="1" dealt="1" sum="0"/>
</round>
<round no="4"><cards type="River">H4</cards>
<action no="10" player="gundaRajjj" type="4" discard="1" dealt="1" sum="0"/>
<action no="11" player="Scorpionatom" type="5" discard="1" dealt="1" sum="80"/>
<action no="12" player="gundaRajjj" type="0" discard="1" dealt="1" sum="0"/>
</round>
</game>
<game gamecode="11517024113"><general><startdate>2025-06-17 13:05:34</startdate>
<round>1</round>
<failsafecounter/>
<players><player seat="6" name="oreiasccp" chips="589" dealer="0" win="100" bet="105" muck="1" rebuy="0" addon="0" merge="0" rebuychips="0" reg_code="8385576796"/>
<player seat="10" name="gundaRajjj" chips="391" dealer="1" win="0" bet="45" muck="1" rebuy="0" addon="0" merge="0" rebuychips="0" reg_code="8385576843"/>
<player seat="3" name="Scorpionatom" chips="520" dealer="0" win="0" bet="10" muck="1" rebuy="0" addon="0" merge="0" rebuychips="0" reg_code="8385576791"/>
</players>
</general>
<round no="0"><action no="1" player="Scorpionatom" type="1" discard="1" dealt="1" sum="10"/>
<action no="2" player="oreiasccp" type="2" sum="20"/>
</round>
<round no="1"><cards type="Pocket" player="oreiasccp">D5 S9</cards>
<cards type="Pocket" player="Scorpionatom">X X</cards>
<cards type="Pocket" player="gundaRajjj">X X</cards>
<action no="3" player="gundaRajjj" type="3" discard="1" dealt="1" sum="20"/>
<action no="4" player="Scorpionatom" type="0" discard="1" dealt="1" sum="0"/>
<action no="5" player="oreiasccp" type="4" sum="0"/>
</round>
<round no="2"><cards type="Flop">D7 H8 C10</cards>
<action no="6" player="oreiasccp" type="4" sum="0"/>
<action no="7" player="gundaRajjj" type="5" discard="1" dealt="1" sum="25"/>
<action no="8" player="oreiasccp" type="3" sum="25"/>
</round>
<round no="3"><cards type="Turn">H4</cards>
<action no="9" player="oreiasccp" type="4" sum="0"/>
<action no="10" player="gundaRajjj" type="4" discard="1" dealt="1" sum="0"/>
</round>
<round no="4"><cards type="River">HQ</cards>
<action no="11" player="oreiasccp" type="5" sum="60"/>
<action no="12" player="gundaRajjj" type="0" discard="1" dealt="1" sum="0"/>
</round>
</game>
<game gamecode="11517024316"><general><startdate>2025-06-17 13:06:24</startdate>
<round>1</round>
<failsafecounter/>
<players><player seat="10" name="gundaRajjj" chips="346" dealer="0" win="0" bet="35" muck="1" rebuy="0" addon="0" merge="0" rebuychips="0" reg_code="8385576843"/>
<player seat="3" name="Scorpionatom" chips="510" dealer="1" win="0" bet="5" muck="1" rebuy="0" addon="0" merge="0" rebuychips="0" reg_code="8385576791"/>
<player seat="6" name="oreiasccp" chips="644" dealer="0" win="75" bet="346" muck="1" rebuy="0" addon="0" merge="0" rebuychips="0" reg_code="8385576796"/>
</players>
</general>
<round no="0"><action no="1" player="oreiasccp" type="15" sum="5"/>
<action no="2" player="gundaRajjj" type="15" discard="1" dealt="1" sum="5"/>
<action no="3" player="Scorpionatom" type="15" discard="1" dealt="1" sum="5"/>
<action no="4" player="oreiasccp" type="1" sum="15"/>
<action no="5" player="gundaRajjj" type="2" discard="1" dealt="1" sum="30"/>
</round>
<round no="1"><cards type="Pocket" player="Scorpionatom">X X</cards>
<cards type="Pocket" player="oreiasccp">D8 D7</cards>
<cards type="Pocket" player="gundaRajjj">X X</cards>
<action no="6" player="Scorpionatom" type="0" discard="1" dealt="1" sum="0"/>
<action no="7" player="oreiasccp" type="23" sum="341"/>
<action no="8" player="gundaRajjj" type="0" discard="1" dealt="1" sum="0"/>
</round>
</game>
<game gamecode="11517024381"><general><startdate>2025-06-17 13:06:40</startdate>
<round>1</round>
<failsafecounter/>
<players><player seat="3" name="Scorpionatom" chips="505" dealer="0" win="0" bet="95" muck="1" rebuy="0" addon="0" merge="0" rebuychips="0" reg_code="8385576791"/>
<player seat="6" name="oreiasccp" chips="684" dealer="1" win="210" bet="148" muck="1" rebuy="0" addon="0" merge="0" rebuychips="0" reg_code="8385576796"/>
<player seat="10" name="gundaRajjj" chips="311" dealer="0" win="0" bet="20" muck="1" rebuy="0" addon="0" merge="0" rebuychips="0" reg_code="8385576843"/>
</players>
</general>
<round no="0"><action no="1" player="gundaRajjj" type="15" discard="1" dealt="1" sum="5"/>
<action no="2" player="Scorpionatom" type="15" discard="1" dealt="1" sum="5"/>
<action no="3" player="oreiasccp" type="15" sum="5"/>
<action no="4" player="gundaRajjj" type="1" discard="1" dealt="1" sum="15"/>
<action no="5" player="Scorpionatom" type="2" discard="1" dealt="1" sum="30"/>
</round>
<round no="1"><cards type="Pocket" player="oreiasccp">D2 SA</cards>
<cards type="Pocket" player="gundaRajjj">X X</cards>
<cards type="Pocket" player="Scorpionatom">X X</cards>
<action no="6" player="oreiasccp" type="23" sum="60"/>
<action no="7" player="gundaRajjj" type="0" discard="1" dealt="1" sum="0"/>
<action no="8" player="Scorpionatom" type="3" discard="1" dealt="1" sum="30"/>
</round>
<round no="2"><cards type="Flop">C4 H10 C6</cards>
<action no="9" player="Scorpionatom" type="4" discard="1" dealt="1" sum="0"/>
<action no="10" player="oreiasccp" type="5" sum="30"/>
<action no="11" player="Scorpionatom" type="3" discard="1" dealt="1" sum="30"/>
</round>
<round no="3"><cards type="Turn">H3</cards>
<action no="12" player="Scorpionatom" type="4" discard="1" dealt="1" sum="0"/>
<action no="13" player="oreiasccp" type="4" sum="0"/>
</round>
<round no="4"><cards type="River">H5</cards>
<action no="14" player="Scorpionatom" type="4" discard="1" dealt="1" sum="0"/>
<action no="15" player="oreiasccp" type="5" sum="53"/>
<action no="16" player="Scorpionatom" type="0" discard="1" dealt="1" sum="0"/>
</round>
</game>
<game gamecode="11517024549"><general><startdate>2025-06-17 13:07:21</startdate>
<round>1</round>
<failsafecounter/>
<players><player seat="6" name="oreiasccp" chips="799" dealer="0" win="105" bet="65" muck="1" rebuy="0" addon="0" merge="0" rebuychips="0" reg_code="8385576796"/>
<player seat="10" name="gundaRajjj" chips="291" dealer="1" win="0" bet="35" muck="1" rebuy="0" addon="0" merge="0" rebuychips="0" reg_code="8385576843"/>
<player seat="3" name="Scorpionatom" chips="410" dealer="0" win="0" bet="35" muck="1" rebuy="0" addon="0" merge="0" rebuychips="0" reg_code="8385576791"/>
</players>
</general>
<round no="0"><action no="1" player="Scorpionatom" type="15" discard="1" dealt="1" sum="5"/>
<action no="2" player="oreiasccp" type="15" sum="5"/>
<action no="3" player="gundaRajjj" type="15" discard="1" dealt="1" sum="5"/>
<action no="4" player="Scorpionatom" type="1" discard="1" dealt="1" sum="15"/>
<action no="5" player="oreiasccp" type="2" sum="30"/>
</round>
<round no="1"><cards type="Pocket" player="Scorpionatom">X X</cards>
<cards type="Pocket" player="oreiasccp">H5 HJ</cards>
<cards type="Pocket" player="gundaRajjj">X X</cards>
<action no="6" player="gundaRajjj" type="3" discard="1" dealt="1" sum="30"/>
<action no="7" player="Scorpionatom" type="3" discard="1" dealt="1" sum="15"/>
<action no="8" player="oreiasccp" type="4" sum="0"/>
</round>
<round no="2"><cards type="Flop">D8 DA DJ</cards>
<action no="9" player="Scorpionatom" type="4" discard="1" dealt="1" sum="0"/>
<action no="10" player="oreiasccp" type="4" sum="0"/>
<action no="11" player="gundaRajjj" type="4" discard="1" dealt="1" sum="0"/>
</round>
<round no="3"><cards type="Turn">C10</cards>
<action no="12" player="Scorpionatom" type="4" discard="1" dealt="1" sum="0"/>
<action no="13" player="oreiasccp" type="4" sum="0"/>
<action no="14" player="gundaRajjj" type="4" discard="1" dealt="1" sum="0"/>
</round>
<round no="4"><cards type="River">S2</cards>
<action no="15" player="Scorpionatom" type="4" discard="1" dealt="1" sum="0"/>
<action no="16" player="oreiasccp" type="5" sum="30"/>
<action no="17" player="gundaRajjj" type="0" discard="1" dealt="1" sum="0"/>
<action no="18" player="Scorpionatom" type="0" discard="1" dealt="1" sum="0"/>
</round>
</game>
<game gamecode="11517030196"><general><startdate>2025-06-17 13:08:02</startdate>
<round>1</round>
<failsafecounter/>
<players><player seat="10" name="gundaRajjj" chips="256" dealer="0" win="517" bet="256" muck="0" rebuy="0" addon="0" merge="0" rebuychips="0" reg_code="8385576843"/>
<player seat="3" name="Scorpionatom" chips="375" dealer="1" win="0" bet="5" muck="1" rebuy="0" addon="0" merge="0" rebuychips="0" reg_code="8385576791"/>
<player seat="6" name="oreiasccp" chips="869" dealer="0" win="0" bet="256" muck="1" rebuy="0" addon="0" merge="0" rebuychips="0" reg_code="8385576796"/>
</players>
</general>
<round no="0"><action no="1" player="oreiasccp" type="15" sum="5"/>
<action no="2" player="gundaRajjj" type="15" discard="1" dealt="1" sum="5"/>
<action no="3" player="Scorpionatom" type="15" discard="1" dealt="1" sum="5"/>
<action no="4" player="oreiasccp" type="1" sum="15"/>
<action no="5" player="gundaRajjj" type="2" discard="1" dealt="1" sum="30"/>
</round>
<round no="1"><cards type="Pocket" player="oreiasccp">CJ H8</cards>
<cards type="Pocket" player="gundaRajjj">H3 C3</cards>
<cards type="Pocket" player="Scorpionatom">X X</cards>
<action no="6" player="Scorpionatom" type="0" discard="1" dealt="1" sum="0"/>
<action no="7" player="oreiasccp" type="23" sum="251"/>
<action no="8" player="gundaRajjj" type="7" discard="1" dealt="1" sum="221"/>
</round>
<round no="2"><cards type="Flop">D2 D3 S9</cards>
</round>
<round no="3"><cards type="Turn">D9</cards>
</round>
<round no="4"><cards type="River">S5</cards>
</round>
</game>
<game gamecode="11517030282"><general><startdate>2025-06-17 13:08:22</startdate>
<round>1</round>
<failsafecounter/>
<players><player seat="3" name="Scorpionatom" chips="370" dealer="0" win="175" bet="205" muck="1" rebuy="0" addon="0" merge="0" rebuychips="0" reg_code="8385576791"/>
<player seat="6" name="oreiasccp" chips="613" dealer="1" win="0" bet="5" muck="1" rebuy="0" addon="0" merge="0" rebuychips="0" reg_code="8385576796"/>
<player seat="10" name="gundaRajjj" chips="517" dealer="0" win="0" bet="85" muck="1" rebuy="0" addon="0" merge="0" rebuychips="0" reg_code="8385576843"/>
</players>
</general>
<round no="0"><action no="1" player="gundaRajjj" type="15" discard="1" dealt="1" sum="5"/>
<action no="2" player="Scorpionatom" type="15" discard="1" dealt="1" sum="5"/>
<action no="3" player="oreiasccp" type="15" sum="5"/>
<action no="4" player="gundaRajjj" type="1" discard="1" dealt="1" sum="20"/>
<action no="5" player="Scorpionatom" type="2" discard="1" dealt="1" sum="40"/>
</round>
<round no="1"><cards type="Pocket" player="gundaRajjj">X X</cards>
<cards type="Pocket" player="oreiasccp">HQ S3</cards>
<cards type="Pocket" player="Scorpionatom">X X</cards>
<action no="6" player="oreiasccp" type="0" sum="0"/>
<action no="7" player="gundaRajjj" type="3" discard="1" dealt="1" sum="20"/>
<action no="8" player="Scorpionatom" type="4" discard="1" dealt="1" sum="0"/>
</round>
<round no="2"><cards type="Flop">H8 C9 SJ</cards>
<action no="9" player="gundaRajjj" type="4" discard="1" dealt="1" sum="0"/>
<action no="10" player="Scorpionatom" type="5" discard="1" dealt="1" sum="40"/>
<action no="11" player="gundaRajjj" type="3" discard="1" dealt="1" sum="40"/>
</round>
<round no="3"><cards type="Turn">D2</cards>
<action no="12" player="gundaRajjj" type="4" discard="1" dealt="1" sum="0"/>
<action no="13" player="Scorpionatom" type="5" discard="1" dealt="1" sum="120"/>
<action no="14" player="gundaRajjj" type="0" discard="1" dealt="1" sum="0"/>
</round>
</game>
<game gamecode="11517030417"><general><startdate>2025-06-17 13:08:53</startdate>
<round>1</round>
<failsafecounter/>
<players><player seat="6" name="oreiasccp" chips="608" dealer="0" win="0" bet="45" muck="1" rebuy="0" addon="0" merge="0" rebuychips="0" reg_code="8385576796"/>
<player seat="10" name="gundaRajjj" chips="432" dealer="1" win="135" bet="85" muck="1" rebuy="0" addon="0" merge="0" rebuychips="0" reg_code="8385576843"/>
<player seat="3" name="Scorpionatom" chips="460" dealer="0" win="0" bet="45" muck="1" rebuy="0" addon="0" merge="0" rebuychips="0" reg_code="8385576791"/>
</players>
</general>
<round no="0"><action no="1" player="Scorpionatom" type="15" discard="1" dealt="1" sum="5"/>
<action no="2" player="oreiasccp" type="15" sum="5"/>
<action no="3" player="gundaRajjj" type="15" discard="1" dealt="1" sum="5"/>
<action no="4" player="Scorpionatom" type="1" discard="1" dealt="1" sum="20"/>
<action no="5" player="oreiasccp" type="2" sum="40"/>
</round>
<round no="1"><cards type="Pocket" player="gundaRajjj">X X</cards>
<cards type="Pocket" player="Scorpionatom">X X</cards>
<cards type="Pocket" player="oreiasccp">H7 D3</cards>
<action no="6" player="gundaRajjj" type="3" discard="1" dealt="1" sum="40"/>
<action no="7" player="Scorpionatom" type="3" discard="1" dealt="1" sum="20"/>
<action no="8" player="oreiasccp" type="4" sum="0"/>
</round>
<round no="2"><cards type="Flop">HK DA D10</cards>
<action no="9" player="Scorpionatom" type="4" discard="1" dealt="1" sum="0"/>
<action no="10" player="oreiasccp" type="4" sum="0"/>
<action no="11" player="gundaRajjj" type="5" discard="1" dealt="1" sum="40"/>
<action no="12" player="Scorpionatom" type="0" discard="1" dealt="1" sum="0"/>
<action no="13" player="oreiasccp" type="0" sum="0"/>
</round>
</game>
<game gamecode="11517030529"><general><startdate>2025-06-17 13:09:18</startdate>
<round>1</round>
<failsafecounter/>
<players><player seat="10" name="gundaRajjj" chips="522" dealer="0" win="55" bet="45" muck="1" rebuy="0" addon="0" merge="0" rebuychips="0" reg_code="8385576843"/>
<player seat="3" name="Scorpionatom" chips="415" dealer="1" win="0" bet="5" muck="1" rebuy="0" addon="0" merge="0" rebuychips="0" reg_code="8385576791"/>
<player seat="6" name="oreiasccp" chips="563" dealer="0" win="0" bet="25" muck="1" rebuy="0" addon="0" merge="0" rebuychips="0" reg_code="8385576796"/>
</players>
</general>
<round no="0"><action no="1" player="oreiasccp" type="15" sum="5"/>
<action no="2" player="gundaRajjj" type="15" discard="1" dealt="1" sum="5"/>
<action no="3" player="Scorpionatom" type="15" discard="1" dealt="1" sum="5"/>
<action no="4" player="oreiasccp" type="1" sum="20"/>
<action no="5" player="gundaRajjj" type="2" discard="1" dealt="1" sum="40"/>
</round>
<round no="1"><cards type="Pocket" player="gundaRajjj">X X</cards>
<cards type="Pocket" player="oreiasccp">D3 C4</cards>
<cards type="Pocket" player="Scorpionatom">X X</cards>
<action no="6" player="Scorpionatom" type="0" discard="1" dealt="1" sum="0"/>
<action no="7" player="oreiasccp" type="0" sum="0"/>
</round>
</game>
<game gamecode="11517030558"><general><startdate>2025-06-17 13:09:26</startdate>
<round>1</round>
<failsafecounter/>
<players><player seat="3" name="Scorpionatom" chips="410" dealer="0" win="845" bet="410" muck="0" rebuy="0" addon="0" merge="0" rebuychips="0" reg_code="8385576791"/>
<player seat="6" name="oreiasccp" chips="538" dealer="1" win="0" bet="538" muck="1" rebuy="0" addon="0" merge="0" rebuychips="0" reg_code="8385576796"/>
<player seat="10" name="gundaRajjj" chips="552" dealer="0" win="0" bet="25" muck="1" rebuy="0" addon="0" merge="0" rebuychips="0" reg_code="8385576843"/>
</players>
</general>
<round no="0"><action no="1" player="gundaRajjj" type="15" discard="1" dealt="1" sum="5"/>
<action no="2" player="Scorpionatom" type="15" discard="1" dealt="1" sum="5"/>
<action no="3" player="oreiasccp" type="15" sum="5"/>
<action no="4" player="gundaRajjj" type="1" discard="1" dealt="1" sum="20"/>
<action no="5" player="Scorpionatom" type="2" discard="1" dealt="1" sum="40"/>
</round>
<round no="1"><cards type="Pocket" player="oreiasccp">H9 HA</cards>
<cards type="Pocket" player="Scorpionatom">D10 C10</cards>
<cards type="Pocket" player="gundaRajjj">X X</cards>
<action no="6" player="oreiasccp" type="23" sum="533"/>
<action no="7" player="gundaRajjj" type="0" discard="1" dealt="1" sum="0"/>
<action no="8" player="Scorpionatom" type="7" discard="1" dealt="1" sum="365"/>
</round>
<round no="2"><cards type="Flop">HJ D6 SK</cards>
</round>
<round no="3"><cards type="Turn">S8</cards>
</round>
<round no="4"><cards type="River">D8</cards>
</round>
</game>
<game gamecode="11517030646"><general><startdate>2025-06-17 13:09:45</startdate>
<round>1</round>
<failsafecounter/>
<players><player seat="6" name="oreiasccp" chips="128" dealer="0" win="55" bet="45" muck="1" rebuy="0" addon="0" merge="0" rebuychips="0" reg_code="8385576796"/>
<player seat="10" name="gundaRajjj" chips="527" dealer="1" win="0" bet="5" muck="1" rebuy="0" addon="0" merge="0" rebuychips="0" reg_code="8385576843"/>
<player seat="3" name="Scorpionatom" chips="845" dealer="0" win="0" bet="25" muck="1" rebuy="0" addon="0" merge="0" rebuychips="0" reg_code="8385576791"/>
</players>
</general>
<round no="0"><action no="1" player="Scorpionatom" type="15" discard="1" dealt="1" sum="5"/>
<action no="2" player="oreiasccp" type="15" sum="5"/>
<action no="3" player="gundaRajjj" type="15" discard="1" dealt="1" sum="5"/>
<action no="4" player="Scorpionatom" type="1" discard="1" dealt="1" sum="20"/>
<action no="5" player="oreiasccp" type="2" sum="40"/>
</round>
<round no="1"><cards type="Pocket" player="Scorpionatom">X X</cards>
<cards type="Pocket" player="gundaRajjj">X X</cards>
<cards type="Pocket" player="oreiasccp">S5 C7</cards>
<action no="6" player="gundaRajjj" type="0" discard="1" dealt="1" sum="0"/>
<action no="7" player="Scorpionatom" type="0" discard="1" dealt="1" sum="0"/>
</round>
</game>
<game gamecode="11517030741"><general><startdate>2025-06-17 13:10:04</startdate>
<round>1</round>
<failsafecounter/>
<players><player seat="10" name="gundaRajjj" chips="522" dealer="0" win="321" bet="158" muck="0" rebuy="0" addon="0" merge="0" rebuychips="0" reg_code="8385576843"/>
<player seat="3" name="Scorpionatom" chips="820" dealer="1" win="0" bet="5" muck="1" rebuy="0" addon="0" merge="0" rebuychips="0" reg_code="8385576791"/>
<player seat="6" name="oreiasccp" chips="158" dealer="0" win="0" bet="158" muck="0" rebuy="0" addon="0" merge="0" rebuychips="0" reg_code="8385576796"/>
</players>
</general>
<round no="0"><action no="1" player="oreiasccp" type="15" sum="5"/>
<action no="2" player="gundaRajjj" type="15" discard="1" dealt="1" sum="5"/>
<action no="3" player="Scorpionatom" type="15" discard="1" dealt="1" sum="5"/>
<action no="4" player="oreiasccp" type="1" sum="20"/>
<action no="5" player="gundaRajjj" type="2" discard="1" dealt="1" sum="40"/>
</round>
<round no="1"><cards type="Pocket" player="Scorpionatom">X X</cards>
<cards type="Pocket" player="oreiasccp">S7 S10</cards>
<cards type="Pocket" player="gundaRajjj">DK C8</cards>
<action no="6" player="Scorpionatom" type="0" discard="1" dealt="1" sum="0"/>
<action no="7" player="oreiasccp" type="23" sum="153"/>
<action no="8" player="gundaRajjj" type="3" discard="1" dealt="1" sum="113"/>
</round>
<round no="2"><cards type="Flop">S4 D2 CK</cards>
</round>
<round no="3"><cards type="Turn">H5</cards>
</round>
<round no="4"><cards type="River">D3</cards>
</round>
</game>
</session>
