<?xml version="1.0" encoding="UTF-8"?>
<session sessioncode="8385483755">
<general>
<client_version>24.7.1.16</client_version>
<mode>real</mode>
<gametype>Holdem NL</gametype>
<tablename>Twister €5 SNG, 1127659826</tablename>
<tournamentcode>1127659825</tournamentcode>
<tournamentname>Twister €5 SNG</tournamentname>
<buyin>€0 + €0.35 + €4.65</buyin>
<totalbuyin>€5</totalbuyin>
<rewarddrawn>€10</rewarddrawn>
<tournamentcurrency>EUR</tournamentcurrency>
<currency>EUR</currency>
<nickname>oreiasccp</nickname>
<gamecount>28</gamecount>
<startdate>2025-06-17 07:20:09</startdate>
<place>2</place>
<win>€0</win>
<tablesize>3</tablesize>
</general>
<game gamecode="11516752636"><general><startdate>2025-06-17 07:20:24</startdate>
<round>1</round>
<failsafecounter/>
<players><player seat="6" name="YesOrNo" chips="500" dealer="0" win="0" bet="60" muck="1" rebuy="0" addon="0" merge="0" rebuychips="0" reg_code="8385483763"/>
<player seat="10" name="danielbrad" chips="500" dealer="1" win="0" bet="0" muck="1" rebuy="0" addon="0" merge="0" rebuychips="0" reg_code="8385483799"/>
<player seat="3" name="oreiasccp" chips="500" dealer="0" win="120" bet="148" muck="1" rebuy="0" addon="0" merge="0" rebuychips="0" reg_code="8385483755"/>
</players>
</general>
<round no="0"><action no="1" player="oreiasccp" type="1" sum="10"/>
<action no="2" player="YesOrNo" type="2" discard="1" dealt="1" sum="20"/>
</round>
<round no="1"><cards type="Pocket" player="danielbrad">X X</cards>
<cards type="Pocket" player="YesOrNo">X X</cards>
<cards type="Pocket" player="oreiasccp">H2 H9</cards>
<action no="3" player="danielbrad" type="0" discard="1" dealt="1" sum="0"/>
<action no="4" player="oreiasccp" type="23" sum="40"/>
<action no="5" player="YesOrNo" type="3" discard="1" dealt="1" sum="20"/>
</round>
<round no="2"><cards type="Flop">S8 S4 D5</cards>
<action no="6" player="oreiasccp" type="5" sum="20"/>
<action no="7" player="YesOrNo" type="3" discard="1" dealt="1" sum="20"/>
</round>
<round no="3"><cards type="Turn">H10</cards>
<action no="8" player="oreiasccp" type="4" sum="0"/>
<action no="9" player="YesOrNo" type="4" discard="1" dealt="1" sum="0"/>
</round>
<round no="4"><cards type="River">HK</cards>
<action no="10" player="oreiasccp" type="5" sum="88"/>
<action no="11" player="YesOrNo" type="0" discard="1" dealt="1" sum="0"/>
</round>
</game>
<game gamecode="11516755781"><general><startdate>2025-06-17 07:21:06</startdate>
<round>1</round>
<failsafecounter/>
<players><player seat="10" name="danielbrad" chips="500" dealer="0" win="0" bet="20" muck="1" rebuy="0" addon="0" merge="0" rebuychips="0" reg_code="8385483799"/>
<player seat="3" name="oreiasccp" chips="560" dealer="1" win="0" bet="0" muck="1" rebuy="0" addon="0" merge="0" rebuychips="0" reg_code="8385483755"/>
<player seat="6" name="YesOrNo" chips="440" dealer="0" win="40" bet="46" muck="1" rebuy="0" addon="0" merge="0" rebuychips="0" reg_code="8385483763"/>
</players>
</general>
<round no="0"><action no="1" player="YesOrNo" type="1" discard="1" dealt="1" sum="10"/>
<action no="2" player="danielbrad" type="2" discard="1" dealt="1" sum="20"/>
</round>
<round no="1"><cards type="Pocket" player="YesOrNo">X X</cards>
<cards type="Pocket" player="danielbrad">X X</cards>
<cards type="Pocket" player="oreiasccp">C4 S10</cards>
<action no="3" player="oreiasccp" type="0" sum="0"/>
<action no="4" player="YesOrNo" type="3" discard="1" dealt="1" sum="10"/>
<action no="5" player="danielbrad" type="4" discard="1" dealt="1" sum="0"/>
</round>
<round no="2"><cards type="Flop">C8 D7 CA</cards>
<action no="6" player="YesOrNo" type="5" discard="1" dealt="1" sum="26"/>
<action no="7" player="danielbrad" type="0" discard="1" dealt="1" sum="0"/>
</round>
</game>
<game gamecode="11516755836"><general><startdate>2025-06-17 07:21:24</startdate>
<round>1</round>
<failsafecounter/>
<players><player seat="3" name="oreiasccp" chips="560" dealer="0" win="100" bet="480" muck="1" rebuy="0" addon="0" merge="0" rebuychips="0" reg_code="8385483755"/>
<player seat="6" name="YesOrNo" chips="460" dealer="1" win="0" bet="0" muck="1" rebuy="0" addon="0" merge="0" rebuychips="0" reg_code="8385483763"/>
<player seat="10" name="danielbrad" chips="480" dealer="0" win="0" bet="50" muck="1" rebuy="0" addon="0" merge="0" rebuychips="0" reg_code="8385483799"/>
</players>
</general>
<round no="0"><action no="1" player="danielbrad" type="1" discard="1" dealt="1" sum="10"/>
<action no="2" player="oreiasccp" type="2" sum="20"/>
</round>
<round no="1"><cards type="Pocket" player="danielbrad">X X</cards>
<cards type="Pocket" player="YesOrNo">X X</cards>
<cards type="Pocket" player="oreiasccp">CA H10</cards>
<action no="3" player="YesOrNo" type="0" discard="1" dealt="1" sum="0"/>
<action no="4" player="danielbrad" type="23" discard="1" dealt="1" sum="50"/>
<action no="5" player="oreiasccp" type="23" sum="480"/>
<action no="6" player="danielbrad" type="0" discard="1" dealt="1" sum="0"/>
</round>
</game>
<game gamecode="11516755880"><general><startdate>2025-06-17 07:21:37</startdate>
<round>1</round>
<failsafecounter/>
<players><player seat="6" name="YesOrNo" chips="460" dealer="0" win="20" bet="20" muck="1" rebuy="0" addon="0" merge="0" rebuychips="0" reg_code="8385483763"/>
<player seat="10" name="danielbrad" chips="430" dealer="1" win="0" bet="0" muck="1" rebuy="0" addon="0" merge="0" rebuychips="0" reg_code="8385483799"/>
<player seat="3" name="oreiasccp" chips="610" dealer="0" win="0" bet="10" muck="1" rebuy="0" addon="0" merge="0" rebuychips="0" reg_code="8385483755"/>
</players>
</general>
<round no="0"><action no="1" player="oreiasccp" type="1" sum="10"/>
<action no="2" player="YesOrNo" type="2" discard="1" dealt="1" sum="20"/>
</round>
<round no="1"><cards type="Pocket" player="oreiasccp">C4 DQ</cards>
<cards type="Pocket" player="danielbrad">X X</cards>
<cards type="Pocket" player="YesOrNo">X X</cards>
<action no="3" player="danielbrad" type="0" discard="1" dealt="1" sum="0"/>
<action no="4" player="oreiasccp" type="0" sum="0"/>
</round>
</game>
<game gamecode="11516755906"><general><startdate>2025-06-17 07:21:44</startdate>
<round>1</round>
<failsafecounter/>
<players><player seat="10" name="danielbrad" chips="430" dealer="0" win="0" bet="44" muck="1" rebuy="0" addon="0" merge="0" rebuychips="0" reg_code="8385483799"/>
<player seat="3" name="oreiasccp" chips="600" dealer="1" win="0" bet="0" muck="1" rebuy="0" addon="0" merge="0" rebuychips="0" reg_code="8385483755"/>
<player seat="6" name="YesOrNo" chips="470" dealer="0" win="88" bet="70" muck="1" rebuy="0" addon="0" merge="0" rebuychips="0" reg_code="8385483763"/>
</players>
</general>
<round no="0"><action no="1" player="YesOrNo" type="1" discard="1" dealt="1" sum="10"/>
<action no="2" player="danielbrad" type="2" discard="1" dealt="1" sum="20"/>
</round>
<round no="1"><cards type="Pocket" player="danielbrad">X X</cards>
<cards type="Pocket" player="oreiasccp">HJ S7</cards>
<cards type="Pocket" player="YesOrNo">X X</cards>
<action no="3" player="oreiasccp" type="0" sum="0"/>
<action no="4" player="YesOrNo" type="23" discard="1" dealt="1" sum="44"/>
<action no="5" player="danielbrad" type="3" discard="1" dealt="1" sum="24"/>
</round>
<round no="2"><cards type="Flop">D2 H7 SJ</cards>
<action no="6" player="YesOrNo" type="5" discard="1" dealt="1" sum="26"/>
<action no="7" player="danielbrad" type="0" discard="1" dealt="1" sum="0"/>
</round>
</game>
<game gamecode="11516755967"><general><startdate>2025-06-17 07:22:03</startdate>
<round>1</round>
<failsafecounter/>
<players><player seat="3" name="oreiasccp" chips="600" dealer="0" win="0" bet="210" muck="1" rebuy="0" addon="0" merge="0" rebuychips="0" reg_code="8385483755"/>
<player seat="6" name="YesOrNo" chips="514" dealer="1" win="0" bet="0" muck="1" rebuy="0" addon="0" merge="0" rebuychips="0" reg_code="8385483763"/>
<player seat="10" name="danielbrad" chips="386" dealer="0" win="420" bet="210" muck="0" rebuy="0" addon="0" merge="0" rebuychips="0" reg_code="8385483799"/>
</players>
</general>
<round no="0"><action no="1" player="danielbrad" type="1" discard="1" dealt="1" sum="10"/>
<action no="2" player="oreiasccp" type="2" sum="20"/>
</round>
<round no="1"><cards type="Pocket" player="danielbrad">HK H6</cards>
<cards type="Pocket" player="oreiasccp">H8 S6</cards>
<cards type="Pocket" player="YesOrNo">X X</cards>
<action no="3" player="YesOrNo" type="0" discard="1" dealt="1" sum="0"/>
<action no="4" player="danielbrad" type="23" discard="1" dealt="1" sum="50"/>
<action no="5" player="oreiasccp" type="3" sum="30"/>
</round>
<round no="2"><cards type="Flop">S8 CK S4</cards>
<action no="6" player="danielbrad" type="5" discard="1" dealt="1" sum="30"/>
<action no="7" player="oreiasccp" type="3" sum="30"/>
</round>
<round no="3"><cards type="Turn">C5</cards>
<action no="8" player="danielbrad" type="5" discard="1" dealt="1" sum="130"/>
<action no="9" player="oreiasccp" type="3" sum="130"/>
</round>
<round no="4"><cards type="River">S9</cards>
<action no="10" player="danielbrad" type="4" discard="1" dealt="1" sum="0"/>
<action no="11" player="oreiasccp" type="4" sum="0"/>
</round>
</game>
<game gamecode="11516756086"><general><startdate>2025-06-17 07:22:41</startdate>
<round>1</round>
<failsafecounter/>
<players><player seat="6" name="YesOrNo" chips="514" dealer="0" win="0" bet="35" muck="1" rebuy="0" addon="0" merge="0" rebuychips="0" reg_code="8385483763"/>
<player seat="10" name="danielbrad" chips="596" dealer="1" win="0" bet="5" muck="1" rebuy="0" addon="0" merge="0" rebuychips="0" reg_code="8385483799"/>
<player seat="3" name="oreiasccp" chips="390" dealer="0" win="75" bet="390" muck="1" rebuy="0" addon="0" merge="0" rebuychips="0" reg_code="8385483755"/>
</players>
</general>
<round no="0"><action no="1" player="oreiasccp" type="15" sum="5"/>
<action no="2" player="YesOrNo" type="15" discard="1" dealt="1" sum="5"/>
<action no="3" player="danielbrad" type="15" discard="1" dealt="1" sum="5"/>
<action no="4" player="oreiasccp" type="1" sum="15"/>
<action no="5" player="YesOrNo" type="2" discard="1" dealt="1" sum="30"/>
</round>
<round no="1"><cards type="Pocket" player="oreiasccp">S8 HA</cards>
<cards type="Pocket" player="YesOrNo">X X</cards>
<cards type="Pocket" player="danielbrad">X X</cards>
<action no="6" player="danielbrad" type="0" discard="1" dealt="1" sum="0"/>
<action no="7" player="oreiasccp" type="23" sum="385"/>
<action no="8" player="YesOrNo" type="0" discard="1" dealt="1" sum="0"/>
</round>
</game>
<game gamecode="11516756131"><general><startdate>2025-06-17 07:22:56</startdate>
<round>1</round>
<failsafecounter/>
<players><player seat="10" name="danielbrad" chips="591" dealer="0" win="0" bet="35" muck="1" rebuy="0" addon="0" merge="0" rebuychips="0" reg_code="8385483799"/>
<player seat="3" name="oreiasccp" chips="430" dealer="1" win="0" bet="65" muck="1" rebuy="0" addon="0" merge="0" rebuychips="0" reg_code="8385483755"/>
<player seat="6" name="YesOrNo" chips="479" dealer="0" win="165" bet="479" muck="1" rebuy="0" addon="0" merge="0" rebuychips="0" reg_code="8385483763"/>
</players>
</general>
<round no="0"><action no="1" player="YesOrNo" type="15" discard="1" dealt="1" sum="5"/>
<action no="2" player="danielbrad" type="15" discard="1" dealt="1" sum="5"/>
<action no="3" player="oreiasccp" type="15" sum="5"/>
<action no="4" player="YesOrNo" type="1" discard="1" dealt="1" sum="15"/>
<action no="5" player="danielbrad" type="2" discard="1" dealt="1" sum="30"/>
</round>
<round no="1"><cards type="Pocket" player="danielbrad">X X</cards>
<cards type="Pocket" player="oreiasccp">S8 SK</cards>
<cards type="Pocket" player="YesOrNo">X X</cards>
<action no="6" player="oreiasccp" type="23" sum="60"/>
<action no="7" player="YesOrNo" type="23" discard="1" dealt="1" sum="474"/>
<action no="8" player="danielbrad" type="0" discard="1" dealt="1" sum="0"/>
<action no="9" player="oreiasccp" type="0" sum="0"/>
</round>
</game>
<game gamecode="11516756179"><general><startdate>2025-06-17 07:23:13</startdate>
<round>1</round>
<failsafecounter/>
<players><player seat="3" name="oreiasccp" chips="365" dealer="0" win="0" bet="35" muck="1" rebuy="0" addon="0" merge="0" rebuychips="0" reg_code="8385483755"/>
<player seat="6" name="YesOrNo" chips="579" dealer="1" win="90" bet="65" muck="1" rebuy="0" addon="0" merge="0" rebuychips="0" reg_code="8385483763"/>
<player seat="10" name="danielbrad" chips="556" dealer="0" win="0" bet="20" muck="1" rebuy="0" addon="0" merge="0" rebuychips="0" reg_code="8385483799"/>
</players>
</general>
<round no="0"><action no="1" player="danielbrad" type="15" discard="1" dealt="1" sum="5"/>
<action no="2" player="oreiasccp" type="15" sum="5"/>
<action no="3" player="YesOrNo" type="15" discard="1" dealt="1" sum="5"/>
<action no="4" player="danielbrad" type="1" discard="1" dealt="1" sum="15"/>
<action no="5" player="oreiasccp" type="2" sum="30"/>
</round>
<round no="1"><cards type="Pocket" player="oreiasccp">D9 H5</cards>
<cards type="Pocket" player="YesOrNo">X X</cards>
<cards type="Pocket" player="danielbrad">X X</cards>
<action no="6" player="YesOrNo" type="23" discard="1" dealt="1" sum="60"/>
<action no="7" player="danielbrad" type="0" discard="1" dealt="1" sum="0"/>
<action no="8" player="oreiasccp" type="0" sum="0"/>
</round>
</game>
<game gamecode="11516756220"><general><startdate>2025-06-17 07:23:28</startdate>
<round>1</round>
<failsafecounter/>
<players><player seat="6" name="YesOrNo" chips="634" dealer="0" win="1,092" bet="634" muck="0" rebuy="0" addon="0" merge="0" rebuychips="0" reg_code="8385483763"/>
<player seat="10" name="danielbrad" chips="536" dealer="1" win="0" bet="536" muck="0" rebuy="0" addon="0" merge="0" rebuychips="0" reg_code="8385483799"/>
<player seat="3" name="oreiasccp" chips="330" dealer="0" win="0" bet="20" muck="1" rebuy="0" addon="0" merge="0" rebuychips="0" reg_code="8385483755"/>
</players>
</general>
<round no="0"><action no="1" player="oreiasccp" type="15" sum="5"/>
<action no="2" player="YesOrNo" type="15" discard="1" dealt="1" sum="5"/>
<action no="3" player="danielbrad" type="15" discard="1" dealt="1" sum="5"/>
<action no="4" player="oreiasccp" type="1" sum="15"/>
<action no="5" player="YesOrNo" type="2" discard="1" dealt="1" sum="30"/>
</round>
<round no="1"><cards type="Pocket" player="YesOrNo">HA HK</cards>
<cards type="Pocket" player="danielbrad">CA SQ</cards>
<cards type="Pocket" player="oreiasccp">H4 S3</cards>
<action no="6" player="danielbrad" type="23" discard="1" dealt="1" sum="60"/>
<action no="7" player="oreiasccp" type="0" sum="0"/>
<action no="8" player="YesOrNo" type="23" discard="1" dealt="1" sum="629"/>
<action no="9" player="danielbrad" type="7" discard="1" dealt="1" sum="471"/>
</round>
<round no="2"><cards type="Flop">D8 D4 S4</cards>
</round>
<round no="3"><cards type="Turn">H9</cards>
</round>
<round no="4"><cards type="River">HJ</cards>
</round>
</game>
<game gamecode="11516756301"><general><startdate>2025-06-17 07:23:55</startdate>
<round>1</round>
<failsafecounter/>
<players><player seat="6" name="YesOrNo" chips="1,190" dealer="0" win="160" bet="128" muck="1" rebuy="0" addon="0" merge="0" rebuychips="0" reg_code="8385483763"/>
<player seat="3" name="oreiasccp" chips="310" dealer="1" win="0" bet="80" muck="1" rebuy="0" addon="0" merge="0" rebuychips="0" reg_code="8385483755"/>
</players>
</general>
<round no="0"><action no="1" player="oreiasccp" type="15" sum="5"/>
<action no="2" player="YesOrNo" type="15" discard="1" dealt="1" sum="5"/>
<action no="3" player="oreiasccp" type="1" sum="15"/>
<action no="4" player="YesOrNo" type="2" discard="1" dealt="1" sum="30"/>
</round>
<round no="1"><cards type="Pocket" player="oreiasccp">S9 S6</cards>
<cards type="Pocket" player="YesOrNo">X X</cards>
<action no="5" player="oreiasccp" type="3" sum="15"/>
<action no="6" player="YesOrNo" type="23" discard="1" dealt="1" sum="75"/>
<action no="7" player="oreiasccp" type="3" sum="45"/>
</round>
<round no="2"><cards type="Flop">S4 HJ CK</cards>
<action no="8" player="YesOrNo" type="5" discard="1" dealt="1" sum="48"/>
<action no="9" player="oreiasccp" type="0" sum="0"/>
</round>
</game>
<game gamecode="11516756358"><general><startdate>2025-06-17 07:24:15</startdate>
<round>1</round>
<failsafecounter/>
<players><player seat="3" name="oreiasccp" chips="230" dealer="0" win="0" bet="35" muck="1" rebuy="0" addon="0" merge="0" rebuychips="0" reg_code="8385483755"/>
<player seat="6" name="YesOrNo" chips="1,270" dealer="1" win="70" bet="1,270" muck="1" rebuy="0" addon="0" merge="0" rebuychips="0" reg_code="8385483763"/>
</players>
</general>
<round no="0"><action no="1" player="YesOrNo" type="15" discard="1" dealt="1" sum="5"/>
<action no="2" player="oreiasccp" type="15" sum="5"/>
<action no="3" player="YesOrNo" type="1" discard="1" dealt="1" sum="15"/>
<action no="4" player="oreiasccp" type="2" sum="30"/>
</round>
<round no="1"><cards type="Pocket" player="YesOrNo">X X</cards>
<cards type="Pocket" player="oreiasccp">S2 S8</cards>
<action no="5" player="YesOrNo" type="23" discard="1" dealt="1" sum="1,265"/>
<action no="6" player="oreiasccp" type="0" sum="0"/>
</round>
</game>
<game gamecode="11516756380"><general><startdate>2025-06-17 07:24:23</startdate>
<round>1</round>
<failsafecounter/>
<players><player seat="6" name="YesOrNo" chips="1,305" dealer="0" win="0" bet="45" muck="1" rebuy="0" addon="0" merge="0" rebuychips="0" reg_code="8385483763"/>
<player seat="3" name="oreiasccp" chips="195" dealer="1" win="90" bet="195" muck="1" rebuy="0" addon="0" merge="0" rebuychips="0" reg_code="8385483755"/>
</players>
</general>
<round no="0"><action no="1" player="oreiasccp" type="15" sum="5"/>
<action no="2" player="YesOrNo" type="15" discard="1" dealt="1" sum="5"/>
<action no="3" player="oreiasccp" type="1" sum="20"/>
<action no="4" player="YesOrNo" type="2" discard="1" dealt="1" sum="40"/>
</round>
<round no="1"><cards type="Pocket" player="oreiasccp">CQ C9</cards>
<cards type="Pocket" player="YesOrNo">X X</cards>
<action no="5" player="oreiasccp" type="23" sum="190"/>
<action no="6" player="YesOrNo" type="0" discard="1" dealt="1" sum="0"/>
</round>
</game>
<game gamecode="11516756407"><general><startdate>2025-06-17 07:24:32</startdate>
<round>1</round>
<failsafecounter/>
<players><player seat="3" name="oreiasccp" chips="240" dealer="0" win="50" bet="45" muck="1" rebuy="0" addon="0" merge="0" rebuychips="0" reg_code="8385483755"/>
<player seat="6" name="YesOrNo" chips="1,260" dealer="1" win="0" bet="25" muck="1" rebuy="0" addon="0" merge="0" rebuychips="0" reg_code="8385483763"/>
</players>
</general>
<round no="0"><action no="1" player="YesOrNo" type="15" discard="1" dealt="1" sum="5"/>
<action no="2" player="oreiasccp" type="15" sum="5"/>
<action no="3" player="YesOrNo" type="1" discard="1" dealt="1" sum="20"/>
<action no="4" player="oreiasccp" type="2" sum="40"/>
</round>
<round no="1"><cards type="Pocket" player="oreiasccp">D6 CQ</cards>
<cards type="Pocket" player="YesOrNo">X X</cards>
<action no="5" player="YesOrNo" type="0" discard="1" dealt="1" sum="0"/>
</round>
</game>
<game gamecode="11516756423"><general><startdate>2025-06-17 07:24:37</startdate>
<round>1</round>
<failsafecounter/>
<players><player seat="6" name="YesOrNo" chips="1,235" dealer="0" win="50" bet="45" muck="1" rebuy="0" addon="0" merge="0" rebuychips="0" reg_code="8385483763"/>
<player seat="3" name="oreiasccp" chips="265" dealer="1" win="0" bet="25" muck="1" rebuy="0" addon="0" merge="0" rebuychips="0" reg_code="8385483755"/>
</players>
</general>
<round no="0"><action no="1" player="oreiasccp" type="15" sum="5"/>
<action no="2" player="YesOrNo" type="15" discard="1" dealt="1" sum="5"/>
<action no="3" player="oreiasccp" type="1" sum="20"/>
<action no="4" player="YesOrNo" type="2" discard="1" dealt="1" sum="40"/>
</round>
<round no="1"><cards type="Pocket" player="oreiasccp">S6 C10</cards>
<cards type="Pocket" player="YesOrNo">X X</cards>
<action no="5" player="oreiasccp" type="0" sum="0"/>
</round>
</game>
<game gamecode="11516756446"><general><startdate>2025-06-17 07:24:47</startdate>
<round>1</round>
<failsafecounter/>
<players><player seat="3" name="oreiasccp" chips="240" dealer="0" win="480" bet="240" muck="0" rebuy="0" addon="0" merge="0" rebuychips="0" reg_code="8385483755"/>
<player seat="6" name="YesOrNo" chips="1,260" dealer="1" win="0" bet="1,260" muck="1" rebuy="0" addon="0" merge="0" rebuychips="0" reg_code="8385483763"/>
</players>
</general>
<round no="0"><action no="1" player="YesOrNo" type="15" discard="1" dealt="1" sum="5"/>
<action no="2" player="oreiasccp" type="15" sum="5"/>
<action no="3" player="YesOrNo" type="1" discard="1" dealt="1" sum="20"/>
<action no="4" player="oreiasccp" type="2" sum="40"/>
</round>
<round no="1"><cards type="Pocket" player="YesOrNo">SQ C4</cards>
<cards type="Pocket" player="oreiasccp">CQ H7</cards>
<action no="5" player="YesOrNo" type="23" discard="1" dealt="1" sum="1,255"/>
<action no="6" player="oreiasccp" type="7" sum="195"/>
</round>
<round no="2"><cards type="Flop">S5 S10 H2</cards>
</round>
<round no="3"><cards type="Turn">H9</cards>
</round>
<round no="4"><cards type="River">H10</cards>
</round>
</game>
<game gamecode="11516756507"><general><startdate>2025-06-17 07:25:11</startdate>
<round>1</round>
<failsafecounter/>
<players><player seat="6" name="YesOrNo" chips="1,020" dealer="0" win="50" bet="45" muck="1" rebuy="0" addon="0" merge="0" rebuychips="0" reg_code="8385483763"/>
<player seat="3" name="oreiasccp" chips="480" dealer="1" win="0" bet="25" muck="1" rebuy="0" addon="0" merge="0" rebuychips="0" reg_code="8385483755"/>
</players>
</general>
<round no="0"><action no="1" player="oreiasccp" type="15" sum="5"/>
<action no="2" player="YesOrNo" type="15" discard="1" dealt="1" sum="5"/>
<action no="3" player="oreiasccp" type="1" sum="20"/>
<action no="4" player="YesOrNo" type="2" discard="1" dealt="1" sum="40"/>
</round>
<round no="1"><cards type="Pocket" player="YesOrNo">X X</cards>
<cards type="Pocket" player="oreiasccp">H3 S10</cards>
<action no="5" player="oreiasccp" type="0" sum="0"/>
</round>
</game>
<game gamecode="11516756527"><general><startdate>2025-06-17 07:25:17</startdate>
<round>1</round>
<failsafecounter/>
<players><player seat="3" name="oreiasccp" chips="455" dealer="0" win="0" bet="264" muck="1" rebuy="0" addon="0" merge="0" rebuychips="0" reg_code="8385483755"/>
<player seat="6" name="YesOrNo" chips="1,045" dealer="1" win="528" bet="1,045" muck="1" rebuy="0" addon="0" merge="0" rebuychips="0" reg_code="8385483763"/>
</players>
</general>
<round no="0"><action no="1" player="YesOrNo" type="15" discard="1" dealt="1" sum="5"/>
<action no="2" player="oreiasccp" type="15" sum="5"/>
<action no="3" player="YesOrNo" type="1" discard="1" dealt="1" sum="20"/>
<action no="4" player="oreiasccp" type="2" sum="40"/>
</round>
<round no="1"><cards type="Pocket" player="YesOrNo">X X</cards>
<cards type="Pocket" player="oreiasccp">S3 D4</cards>
<action no="5" player="YesOrNo" type="3" discard="1" dealt="1" sum="20"/>
<action no="6" player="oreiasccp" type="4" sum="0"/>
</round>
<round no="2"><cards type="Flop">S2 S5 D9</cards>
<action no="7" player="oreiasccp" type="4" sum="0"/>
<action no="8" player="YesOrNo" type="5" discard="1" dealt="1" sum="59"/>
<action no="9" player="oreiasccp" type="3" sum="59"/>
</round>
<round no="3"><cards type="Turn">H5</cards>
<action no="10" player="oreiasccp" type="4" sum="0"/>
<action no="11" player="YesOrNo" type="4" discard="1" dealt="1" sum="0"/>
</round>
<round no="4"><cards type="River">SJ</cards>
<action no="12" player="oreiasccp" type="5" sum="160"/>
<action no="13" player="YesOrNo" type="23" discard="1" dealt="1" sum="941"/>
<action no="14" player="oreiasccp" type="0" sum="0"/>
</round>
</game>
<game gamecode="11516756603"><general><startdate>2025-06-17 07:25:47</startdate>
<round>1</round>
<failsafecounter/>
<players><player seat="6" name="YesOrNo" chips="1,309" dealer="0" win="0" bet="191" muck="1" rebuy="0" addon="0" merge="0" rebuychips="0" reg_code="8385483763"/>
<player seat="3" name="oreiasccp" chips="191" dealer="1" win="382" bet="191" muck="0" rebuy="0" addon="0" merge="0" rebuychips="0" reg_code="8385483755"/>
</players>
</general>
<round no="0"><action no="1" player="oreiasccp" type="15" sum="5"/>
<action no="2" player="YesOrNo" type="15" discard="1" dealt="1" sum="5"/>
<action no="3" player="oreiasccp" type="1" sum="20"/>
<action no="4" player="YesOrNo" type="2" discard="1" dealt="1" sum="40"/>
</round>
<round no="1"><cards type="Pocket" player="oreiasccp">C3 SA</cards>
<cards type="Pocket" player="YesOrNo">D9 DK</cards>
<action no="5" player="oreiasccp" type="23" sum="186"/>
<action no="6" player="YesOrNo" type="3" discard="1" dealt="1" sum="146"/>
</round>
<round no="2"><cards type="Flop">H9 H3 S2</cards>
</round>
<round no="3"><cards type="Turn">DA</cards>
</round>
<round no="4"><cards type="River">D6</cards>
</round>
</game>
<game gamecode="11516756666"><general><startdate>2025-06-17 07:26:07</startdate>
<round>1</round>
<failsafecounter/>
<players><player seat="3" name="oreiasccp" chips="382" dealer="0" win="0" bet="45" muck="1" rebuy="0" addon="0" merge="0" rebuychips="0" reg_code="8385483755"/>
<player seat="6" name="YesOrNo" chips="1,118" dealer="1" win="90" bet="1,118" muck="1" rebuy="0" addon="0" merge="0" rebuychips="0" reg_code="8385483763"/>
</players>
</general>
<round no="0"><action no="1" player="YesOrNo" type="15" discard="1" dealt="1" sum="5"/>
<action no="2" player="oreiasccp" type="15" sum="5"/>
<action no="3" player="YesOrNo" type="1" discard="1" dealt="1" sum="20"/>
<action no="4" player="oreiasccp" type="2" sum="40"/>
</round>
<round no="1"><cards type="Pocket" player="YesOrNo">X X</cards>
<cards type="Pocket" player="oreiasccp">C3 D2</cards>
<action no="5" player="YesOrNo" type="23" discard="1" dealt="1" sum="1,113"/>
<action no="6" player="oreiasccp" type="0" sum="0"/>
</round>
</game>
<game gamecode="11516756684"><general><startdate>2025-06-17 07:26:14</startdate>
<round>1</round>
<failsafecounter/>
<players><player seat="6" name="YesOrNo" chips="1,163" dealer="0" win="90" bet="1,163" muck="1" rebuy="0" addon="0" merge="0" rebuychips="0" reg_code="8385483763"/>
<player seat="3" name="oreiasccp" chips="337" dealer="1" win="0" bet="45" muck="1" rebuy="0" addon="0" merge="0" rebuychips="0" reg_code="8385483755"/>
</players>
</general>
<round no="0"><action no="1" player="oreiasccp" type="15" sum="5"/>
<action no="2" player="YesOrNo" type="15" discard="1" dealt="1" sum="5"/>
<action no="3" player="oreiasccp" type="1" sum="20"/>
<action no="4" player="YesOrNo" type="2" discard="1" dealt="1" sum="40"/>
</round>
<round no="1"><cards type="Pocket" player="oreiasccp">S7 S5</cards>
<cards type="Pocket" player="YesOrNo">X X</cards>
<action no="5" player="oreiasccp" type="3" sum="20"/>
<action no="6" player="YesOrNo" type="23" discard="1" dealt="1" sum="1,158"/>
<action no="7" player="oreiasccp" type="0" sum="0"/>
</round>
</game>
<game gamecode="11516756719"><general><startdate>2025-06-17 07:26:26</startdate>
<round>1</round>
<failsafecounter/>
<players><player seat="3" name="oreiasccp" chips="292" dealer="0" win="0" bet="65" muck="1" rebuy="0" addon="0" merge="0" rebuychips="0" reg_code="8385483755"/>
<player seat="6" name="YesOrNo" chips="1,208" dealer="1" win="130" bet="1,208" muck="1" rebuy="0" addon="0" merge="0" rebuychips="0" reg_code="8385483763"/>
</players>
</general>
<round no="0"><action no="1" player="YesOrNo" type="15" discard="1" dealt="1" sum="5"/>
<action no="2" player="oreiasccp" type="15" sum="5"/>
<action no="3" player="YesOrNo" type="1" discard="1" dealt="1" sum="30"/>
<action no="4" player="oreiasccp" type="2" sum="60"/>
</round>
<round no="1"><cards type="Pocket" player="YesOrNo">X X</cards>
<cards type="Pocket" player="oreiasccp">D4 D9</cards>
<action no="5" player="YesOrNo" type="23" discard="1" dealt="1" sum="1,203"/>
<action no="6" player="oreiasccp" type="0" sum="0"/>
</round>
</game>
<game gamecode="11516756742"><general><startdate>2025-06-17 07:26:36</startdate>
<round>1</round>
<failsafecounter/>
<players><player seat="6" name="YesOrNo" chips="1,273" dealer="0" win="0" bet="227" muck="1" rebuy="0" addon="0" merge="0" rebuychips="0" reg_code="8385483763"/>
<player seat="3" name="oreiasccp" chips="227" dealer="1" win="454" bet="227" muck="0" rebuy="0" addon="0" merge="0" rebuychips="0" reg_code="8385483755"/>
</players>
</general>
<round no="0"><action no="1" player="oreiasccp" type="15" sum="5"/>
<action no="2" player="YesOrNo" type="15" discard="1" dealt="1" sum="5"/>
<action no="3" player="oreiasccp" type="1" sum="30"/>
<action no="4" player="YesOrNo" type="2" discard="1" dealt="1" sum="60"/>
</round>
<round no="1"><cards type="Pocket" player="YesOrNo">C10 D9</cards>
<cards type="Pocket" player="oreiasccp">HK D5</cards>
<action no="5" player="oreiasccp" type="23" sum="222"/>
<action no="6" player="YesOrNo" type="3" discard="1" dealt="1" sum="162"/>
</round>
<round no="2"><cards type="Flop">S2 D4 C7</cards>
</round>
<round no="3"><cards type="Turn">CK</cards>
</round>
<round no="4"><cards type="River">S8</cards>
</round>
</game>
<game gamecode="11516756792"><general><startdate>2025-06-17 07:26:53</startdate>
<round>1</round>
<failsafecounter/>
<players><player seat="3" name="oreiasccp" chips="454" dealer="0" win="0" bet="65" muck="1" rebuy="0" addon="0" merge="0" rebuychips="0" reg_code="8385483755"/>
<player seat="6" name="YesOrNo" chips="1,046" dealer="1" win="130" bet="1,046" muck="1" rebuy="0" addon="0" merge="0" rebuychips="0" reg_code="8385483763"/>
</players>
</general>
<round no="0"><action no="1" player="YesOrNo" type="15" discard="1" dealt="1" sum="5"/>
<action no="2" player="oreiasccp" type="15" sum="5"/>
<action no="3" player="YesOrNo" type="1" discard="1" dealt="1" sum="30"/>
<action no="4" player="oreiasccp" type="2" sum="60"/>
</round>
<round no="1"><cards type="Pocket" player="oreiasccp">C4 SK</cards>
<cards type="Pocket" player="YesOrNo">X X</cards>
<action no="5" player="YesOrNo" type="23" discard="1" dealt="1" sum="1,041"/>
<action no="6" player="oreiasccp" type="0" sum="0"/>
</round>
</game>
<game gamecode="11516756836"><general><startdate>2025-06-17 07:27:08</startdate>
<round>1</round>
<failsafecounter/>
<players><player seat="6" name="YesOrNo" chips="1,111" dealer="0" win="0" bet="65" muck="1" rebuy="0" addon="0" merge="0" rebuychips="0" reg_code="8385483763"/>
<player seat="3" name="oreiasccp" chips="389" dealer="1" win="130" bet="389" muck="1" rebuy="0" addon="0" merge="0" rebuychips="0" reg_code="8385483755"/>
</players>
</general>
<round no="0"><action no="1" player="oreiasccp" type="15" sum="5"/>
<action no="2" player="YesOrNo" type="15" discard="1" dealt="1" sum="5"/>
<action no="3" player="oreiasccp" type="1" sum="30"/>
<action no="4" player="YesOrNo" type="2" discard="1" dealt="1" sum="60"/>
</round>
<round no="1"><cards type="Pocket" player="YesOrNo">X X</cards>
<cards type="Pocket" player="oreiasccp">CA SJ</cards>
<action no="5" player="oreiasccp" type="23" sum="384"/>
<action no="6" player="YesOrNo" type="0" discard="1" dealt="1" sum="0"/>
</round>
</game>
<game gamecode="11516756853"><general><startdate>2025-06-17 07:27:15</startdate>
<round>1</round>
<failsafecounter/>
<players><player seat="3" name="oreiasccp" chips="454" dealer="0" win="0" bet="65" muck="1" rebuy="0" addon="0" merge="0" rebuychips="0" reg_code="8385483755"/>
<player seat="6" name="YesOrNo" chips="1,046" dealer="1" win="130" bet="1,046" muck="1" rebuy="0" addon="0" merge="0" rebuychips="0" reg_code="8385483763"/>
</players>
</general>
<round no="0"><action no="1" player="YesOrNo" type="15" discard="1" dealt="1" sum="5"/>
<action no="2" player="oreiasccp" type="15" sum="5"/>
<action no="3" player="YesOrNo" type="1" discard="1" dealt="1" sum="30"/>
<action no="4" player="oreiasccp" type="2" sum="60"/>
</round>
<round no="1"><cards type="Pocket" player="YesOrNo">X X</cards>
<cards type="Pocket" player="oreiasccp">D4 CK</cards>
<action no="5" player="YesOrNo" type="23" discard="1" dealt="1" sum="1,041"/>
<action no="6" player="oreiasccp" type="0" sum="0"/>
</round>
</game>
<game gamecode="11516756880"><general><startdate>2025-06-17 07:27:25</startdate>
<round>1</round>
<failsafecounter/>
<players><player seat="6" name="YesOrNo" chips="1,111" dealer="0" win="70" bet="65" muck="1" rebuy="0" addon="0" merge="0" rebuychips="0" reg_code="8385483763"/>
<player seat="3" name="oreiasccp" chips="389" dealer="1" win="0" bet="35" muck="1" rebuy="0" addon="0" merge="0" rebuychips="0" reg_code="8385483755"/>
</players>
</general>
<round no="0"><action no="1" player="oreiasccp" type="15" sum="5"/>
<action no="2" player="YesOrNo" type="15" discard="1" dealt="1" sum="5"/>
<action no="3" player="oreiasccp" type="1" sum="30"/>
<action no="4" player="YesOrNo" type="2" discard="1" dealt="1" sum="60"/>
</round>
<round no="1"><cards type="Pocket" player="YesOrNo">X X</cards>
<cards type="Pocket" player="oreiasccp">D4 H6</cards>
<action no="5" player="oreiasccp" type="0" sum="0"/>
</round>
</game>
<game gamecode="11516756902"><general><startdate>2025-06-17 07:27:31</startdate>
<round>1</round>
<failsafecounter/>
<players><player seat="3" name="oreiasccp" chips="354" dealer="0" win="0" bet="354" muck="0" rebuy="0" addon="0" merge="0" rebuychips="0" reg_code="8385483755"/>
<player seat="6" name="YesOrNo" chips="1,146" dealer="1" win="708" bet="1,146" muck="0" rebuy="0" addon="0" merge="0" rebuychips="0" reg_code="8385483763"/>
</players>
</general>
<round no="0"><action no="1" player="YesOrNo" type="15" discard="1" dealt="1" sum="5"/>
<action no="2" player="oreiasccp" type="15" sum="5"/>
<action no="3" player="YesOrNo" type="1" discard="1" dealt="1" sum="30"/>
<action no="4" player="oreiasccp" type="2" sum="60"/>
</round>
<round no="1"><cards type="Pocket" player="oreiasccp">DK S6</cards>
<cards type="Pocket" player="YesOrNo">D8 DJ</cards>
<action no="5" player="YesOrNo" type="23" discard="1" dealt="1" sum="1,141"/>
<action no="6" player="oreiasccp" type="7" sum="289"/>
</round>
<round no="2"><cards type="Flop">H7 C5 SJ</cards>
</round>
<round no="3"><cards type="Turn">S9</cards>
</round>
<round no="4"><cards type="River">S3</cards>
</round>
</game>
</session>
