<?xml version="1.0" encoding="UTF-8"?>
<session sessioncode="8385473768">
<general>
<client_version>24.7.1.16</client_version>
<mode>real</mode>
<gametype>Holdem NL</gametype>
<tablename>Twister €5 SNG, 1127657752</tablename>
<tournamentcode>1127657751</tournamentcode>
<tournamentname>Twister €5 SNG</tournamentname>
<buyin>€0 + €0.35 + €4.65</buyin>
<totalbuyin>€5</totalbuyin>
<rewarddrawn>€10</rewarddrawn>
<tournamentcurrency>EUR</tournamentcurrency>
<currency>EUR</currency>
<nickname>oreiasccp</nickname>
<gamecount>7</gamecount>
<startdate>2025-06-17 06:09:50</startdate>
<place>1</place>
<win>€10</win>
<tablesize>3</tablesize>
</general>
<game gamecode="11516718653"><general><startdate>2025-06-17 06:10:05</startdate>
<round>1</round>
<failsafecounter/>
<players><player seat="3" name="BahTOBUK" chips="500" dealer="0" win="0" bet="20" muck="1" rebuy="0" addon="0" merge="0" rebuychips="0" reg_code="8385473737"/>
<player seat="6" name="Zaranit" chips="500" dealer="1" win="0" bet="0" muck="1" rebuy="0" addon="0" merge="0" rebuychips="0" reg_code="8385473741"/>
<player seat="10" name="oreiasccp" chips="500" dealer="0" win="40" bet="40" muck="1" rebuy="0" addon="0" merge="0" rebuychips="0" reg_code="8385473768"/>
</players>
</general>
<round no="0"><action no="1" player="oreiasccp" type="1" sum="10"/>
<action no="2" player="BahTOBUK" type="2" discard="1" dealt="1" sum="20"/>
</round>
<round no="1"><cards type="Pocket" player="oreiasccp">C6 D5</cards>
<cards type="Pocket" player="BahTOBUK">X X</cards>
<cards type="Pocket" player="Zaranit">X X</cards>
<action no="3" player="Zaranit" type="0" discard="1" dealt="1" sum="0"/>
<action no="4" player="oreiasccp" type="23" sum="40"/>
<action no="5" player="BahTOBUK" type="0" discard="1" dealt="1" sum="0"/>
</round>
</game>
<game gamecode="11516718686"><general><startdate>2025-06-17 06:10:19</startdate>
<round>1</round>
<failsafecounter/>
<players><player seat="6" name="Zaranit" chips="500" dealer="0" win="0" bet="20" muck="1" rebuy="0" addon="0" merge="0" rebuychips="0" reg_code="8385473741"/>
<player seat="10" name="oreiasccp" chips="520" dealer="1" win="0" bet="0" muck="1" rebuy="0" addon="0" merge="0" rebuychips="0" reg_code="8385473768"/>
<player seat="3" name="BahTOBUK" chips="480" dealer="0" win="40" bet="50" muck="1" rebuy="0" addon="0" merge="0" rebuychips="0" reg_code="8385473737"/>
</players>
</general>
<round no="0"><action no="1" player="BahTOBUK" type="1" discard="1" dealt="1" sum="10"/>
<action no="2" player="Zaranit" type="2" discard="1" dealt="1" sum="20"/>
</round>
<round no="1"><cards type="Pocket" player="BahTOBUK">X X</cards>
<cards type="Pocket" player="Zaranit">X X</cards>
<cards type="Pocket" player="oreiasccp">S7 C9</cards>
<action no="3" player="oreiasccp" type="0" sum="0"/>
<action no="4" player="BahTOBUK" type="23" discard="1" dealt="1" sum="50"/>
<action no="5" player="Zaranit" type="0" discard="1" dealt="1" sum="0"/>
</round>
</game>
<game gamecode="11516718710"><general><startdate>2025-06-17 06:10:29</startdate>
<round>1</round>
<failsafecounter/>
<players><player seat="10" name="oreiasccp" chips="520" dealer="0" win="960" bet="480" muck="0" rebuy="0" addon="0" merge="0" rebuychips="0" reg_code="8385473768"/>
<player seat="3" name="BahTOBUK" chips="500" dealer="1" win="0" bet="0" muck="1" rebuy="0" addon="0" merge="0" rebuychips="0" reg_code="8385473737"/>
<player seat="6" name="Zaranit" chips="480" dealer="0" win="0" bet="480" muck="0" rebuy="0" addon="0" merge="0" rebuychips="0" reg_code="8385473741"/>
</players>
</general>
<round no="0"><action no="1" player="Zaranit" type="1" discard="1" dealt="1" sum="10"/>
<action no="2" player="oreiasccp" type="2" sum="20"/>
</round>
<round no="1"><cards type="Pocket" player="oreiasccp">SA H4</cards>
<cards type="Pocket" player="BahTOBUK">X X</cards>
<cards type="Pocket" player="Zaranit">S7 D7</cards>
<action no="3" player="BahTOBUK" type="0" discard="1" dealt="1" sum="0"/>
<action no="4" player="Zaranit" type="23" discard="1" dealt="1" sum="50"/>
<action no="5" player="oreiasccp" type="3" sum="30"/>
</round>
<round no="2"><cards type="Flop">SJ HA DK</cards>
<action no="6" player="Zaranit" type="5" discard="1" dealt="1" sum="50"/>
<action no="7" player="oreiasccp" type="3" sum="50"/>
</round>
<round no="3"><cards type="Turn">C5</cards>
<action no="8" player="Zaranit" type="5" discard="1" dealt="1" sum="120"/>
<action no="9" player="oreiasccp" type="3" sum="120"/>
</round>
<round no="4"><cards type="River">C3</cards>
<action no="10" player="Zaranit" type="5" discard="1" dealt="1" sum="260"/>
<action no="11" player="oreiasccp" type="3" sum="260"/>
</round>
</game>
<game gamecode="11516724690"><general><startdate>2025-06-17 06:11:07</startdate>
<round>1</round>
<failsafecounter/>
<players><player seat="3" name="BahTOBUK" chips="500" dealer="0" win="0" bet="20" muck="1" rebuy="0" addon="0" merge="0" rebuychips="0" reg_code="8385473737"/>
<player seat="10" name="oreiasccp" chips="1,000" dealer="1" win="40" bet="40" muck="1" rebuy="0" addon="0" merge="0" rebuychips="0" reg_code="8385473768"/>
</players>
</general>
<round no="0"><action no="1" player="oreiasccp" type="1" sum="10"/>
<action no="2" player="BahTOBUK" type="2" discard="1" dealt="1" sum="20"/>
</round>
<round no="1"><cards type="Pocket" player="oreiasccp">SA S4</cards>
<cards type="Pocket" player="BahTOBUK">X X</cards>
<action no="3" player="oreiasccp" type="3" sum="10"/>
<action no="4" player="BahTOBUK" type="4" discard="1" dealt="1" sum="0"/>
</round>
<round no="2"><cards type="Flop">S3 HK CA</cards>
<action no="5" player="BahTOBUK" type="4" discard="1" dealt="1" sum="0"/>
<action no="6" player="oreiasccp" type="5" sum="20"/>
<action no="7" player="BahTOBUK" type="0" discard="1" dealt="1" sum="0"/>
</round>
</game>
<game gamecode="11516724745"><general><startdate>2025-06-17 06:11:29</startdate>
<round>1</round>
<failsafecounter/>
<players><player seat="10" name="oreiasccp" chips="1,020" dealer="0" win="120" bet="60" muck="0" rebuy="0" addon="0" merge="0" rebuychips="0" reg_code="8385473768"/>
<player seat="3" name="BahTOBUK" chips="480" dealer="1" win="0" bet="60" muck="1" rebuy="0" addon="0" merge="0" rebuychips="0" reg_code="8385473737"/>
</players>
</general>
<round no="0"><action no="1" player="BahTOBUK" type="1" discard="1" dealt="1" sum="10"/>
<action no="2" player="oreiasccp" type="2" sum="20"/>
</round>
<round no="1"><cards type="Pocket" player="oreiasccp">CK C4</cards>
<cards type="Pocket" player="BahTOBUK">HQ SJ</cards>
<action no="3" player="BahTOBUK" type="23" discard="1" dealt="1" sum="40"/>
<action no="4" player="oreiasccp" type="3" sum="20"/>
</round>
<round no="2"><cards type="Flop">S10 D4 D7</cards>
<action no="5" player="oreiasccp" type="4" sum="0"/>
<action no="6" player="BahTOBUK" type="4" discard="1" dealt="1" sum="0"/>
</round>
<round no="3"><cards type="Turn">S6</cards>
<action no="7" player="oreiasccp" type="4" sum="0"/>
<action no="8" player="BahTOBUK" type="4" discard="1" dealt="1" sum="0"/>
</round>
<round no="4"><cards type="River">C6</cards>
<action no="9" player="oreiasccp" type="5" sum="20"/>
<action no="10" player="BahTOBUK" type="3" discard="1" dealt="1" sum="20"/>
</round>
</game>
<game gamecode="11516724793"><general><startdate>2025-06-17 06:11:48</startdate>
<round>1</round>
<failsafecounter/>
<players><player seat="3" name="BahTOBUK" chips="420" dealer="0" win="40" bet="420" muck="1" rebuy="0" addon="0" merge="0" rebuychips="0" reg_code="8385473737"/>
<player seat="10" name="oreiasccp" chips="1,080" dealer="1" win="0" bet="20" muck="1" rebuy="0" addon="0" merge="0" rebuychips="0" reg_code="8385473768"/>
</players>
</general>
<round no="0"><action no="1" player="oreiasccp" type="1" sum="10"/>
<action no="2" player="BahTOBUK" type="2" discard="1" dealt="1" sum="20"/>
</round>
<round no="1"><cards type="Pocket" player="oreiasccp">S9 S7</cards>
<cards type="Pocket" player="BahTOBUK">X X</cards>
<action no="3" player="oreiasccp" type="3" sum="10"/>
<action no="4" player="BahTOBUK" type="23" discard="1" dealt="1" sum="420"/>
<action no="5" player="oreiasccp" type="0" sum="0"/>
</round>
</game>
<game gamecode="11516724808"><general><startdate>2025-06-17 06:11:56</startdate>
<round>1</round>
<failsafecounter/>
<players><player seat="10" name="oreiasccp" chips="1,060" dealer="0" win="880" bet="440" muck="0" rebuy="0" addon="0" merge="0" rebuychips="0" reg_code="8385473768"/>
<player seat="3" name="BahTOBUK" chips="440" dealer="1" win="0" bet="440" muck="0" rebuy="0" addon="0" merge="0" rebuychips="0" reg_code="8385473737"/>
</players>
</general>
<round no="0"><action no="1" player="BahTOBUK" type="1" discard="1" dealt="1" sum="10"/>
<action no="2" player="oreiasccp" type="2" sum="20"/>
</round>
<round no="1"><cards type="Pocket" player="oreiasccp">HQ H2</cards>
<cards type="Pocket" player="BahTOBUK">CK SJ</cards>
<action no="3" player="BahTOBUK" type="23" discard="1" dealt="1" sum="40"/>
<action no="4" player="oreiasccp" type="3" sum="20"/>
</round>
<round no="2"><cards type="Flop">H3 D9 HK</cards>
<action no="5" player="oreiasccp" type="4" sum="0"/>
<action no="6" player="BahTOBUK" type="5" discard="1" dealt="1" sum="21"/>
<action no="7" player="oreiasccp" type="3" sum="21"/>
</round>
<round no="3"><cards type="Turn">C8</cards>
<action no="8" player="oreiasccp" type="4" sum="0"/>
<action no="9" player="BahTOBUK" type="5" discard="1" dealt="1" sum="91"/>
<action no="10" player="oreiasccp" type="3" sum="91"/>
</round>
<round no="4"><cards type="River">H7</cards>
<action no="11" player="oreiasccp" type="5" sum="288"/>
<action no="12" player="BahTOBUK" type="7" discard="1" dealt="1" sum="288"/>
</round>
</game>
</session>
