<?xml version="1.0" encoding="UTF-8"?>
<session sessioncode="8385498492">
<general>
<client_version>24.7.1.16</client_version>
<mode>real</mode>
<gametype>Holdem NL</gametype>
<tablename>Twister €5 SNG, 1127662885</tablename>
<tournamentcode>1127662884</tournamentcode>
<tournamentname>Twister €5 SNG</tournamentname>
<buyin>€0 + €0.35 + €4.65</buyin>
<totalbuyin>€5</totalbuyin>
<rewarddrawn>€10</rewarddrawn>
<tournamentcurrency>EUR</tournamentcurrency>
<currency>EUR</currency>
<nickname>oreiasccp</nickname>
<gamecount>15</gamecount>
<startdate>2025-06-17 08:45:15</startdate>
<place>3</place>
<win>€0</win>
<tablesize>3</tablesize>
</general>
<game gamecode="11516802155"><general><startdate>2025-06-17 08:45:31</startdate>
<round>1</round>
<failsafecounter/>
<players><player seat="10" name="vovven72" chips="500" dealer="0" win="0" bet="20" muck="1" rebuy="0" addon="0" merge="0" rebuychips="0" reg_code="8385498586"/>
<player seat="3" name="bobbb1" chips="500" dealer="1" win="0" bet="0" muck="1" rebuy="0" addon="0" merge="0" rebuychips="0" reg_code="8385498490"/>
<player seat="6" name="oreiasccp" chips="500" dealer="0" win="40" bet="40" muck="1" rebuy="0" addon="0" merge="0" rebuychips="0" reg_code="8385498492"/>
</players>
</general>
<round no="0"><action no="1" player="oreiasccp" type="1" sum="10"/>
<action no="2" player="vovven72" type="2" discard="1" dealt="1" sum="20"/>
</round>
<round no="1"><cards type="Pocket" player="bobbb1">X X</cards>
<cards type="Pocket" player="oreiasccp">C8 DK</cards>
<cards type="Pocket" player="vovven72">X X</cards>
<action no="3" player="bobbb1" type="0" discard="1" dealt="1" sum="0"/>
<action no="4" player="oreiasccp" type="23" sum="40"/>
<action no="5" player="vovven72" type="0" discard="1" dealt="1" sum="0"/>
</round>
</game>
<game gamecode="11516802194"><general><startdate>2025-06-17 08:45:45</startdate>
<round>1</round>
<failsafecounter/>
<players><player seat="3" name="bobbb1" chips="500" dealer="0" win="0" bet="60" muck="1" rebuy="0" addon="0" merge="0" rebuychips="0" reg_code="8385498490"/>
<player seat="6" name="oreiasccp" chips="520" dealer="1" win="0" bet="0" muck="1" rebuy="0" addon="0" merge="0" rebuychips="0" reg_code="8385498492"/>
<player seat="10" name="vovven72" chips="480" dealer="0" win="120" bet="180" muck="1" rebuy="0" addon="0" merge="0" rebuychips="0" reg_code="8385498586"/>
</players>
</general>
<round no="0"><action no="1" player="vovven72" type="1" discard="1" dealt="1" sum="10"/>
<action no="2" player="bobbb1" type="2" discard="1" dealt="1" sum="20"/>
</round>
<round no="1"><cards type="Pocket" player="oreiasccp">D5 H8</cards>
<cards type="Pocket" player="bobbb1">X X</cards>
<cards type="Pocket" player="vovven72">X X</cards>
<action no="3" player="oreiasccp" type="0" sum="0"/>
<action no="4" player="vovven72" type="3" discard="1" dealt="1" sum="10"/>
<action no="5" player="bobbb1" type="4" discard="1" dealt="1" sum="0"/>
</round>
<round no="2"><cards type="Flop">SA HK H2</cards>
<action no="6" player="vovven72" type="4" discard="1" dealt="1" sum="0"/>
<action no="7" player="bobbb1" type="5" discard="1" dealt="1" sum="20"/>
<action no="8" player="vovven72" type="3" discard="1" dealt="1" sum="20"/>
</round>
<round no="3"><cards type="Turn">DK</cards>
<action no="9" player="vovven72" type="5" discard="1" dealt="1" sum="20"/>
<action no="10" player="bobbb1" type="3" discard="1" dealt="1" sum="20"/>
</round>
<round no="4"><cards type="River">CK</cards>
<action no="11" player="vovven72" type="5" discard="1" dealt="1" sum="120"/>
<action no="12" player="bobbb1" type="0" discard="1" dealt="1" sum="0"/>
</round>
</game>
<game gamecode="11516802305"><general><startdate>2025-06-17 08:46:26</startdate>
<round>1</round>
<failsafecounter/>
<players><player seat="6" name="oreiasccp" chips="520" dealer="0" win="0" bet="20" muck="1" rebuy="0" addon="0" merge="0" rebuychips="0" reg_code="8385498492"/>
<player seat="10" name="vovven72" chips="540" dealer="1" win="0" bet="20" muck="1" rebuy="0" addon="0" merge="0" rebuychips="0" reg_code="8385498586"/>
<player seat="3" name="bobbb1" chips="440" dealer="0" win="60" bet="440" muck="1" rebuy="0" addon="0" merge="0" rebuychips="0" reg_code="8385498490"/>
</players>
</general>
<round no="0"><action no="1" player="bobbb1" type="1" discard="1" dealt="1" sum="10"/>
<action no="2" player="oreiasccp" type="2" sum="20"/>
</round>
<round no="1"><cards type="Pocket" player="bobbb1">X X</cards>
<cards type="Pocket" player="oreiasccp">C9 C4</cards>
<cards type="Pocket" player="vovven72">X X</cards>
<action no="3" player="vovven72" type="3" discard="1" dealt="1" sum="20"/>
<action no="4" player="bobbb1" type="23" discard="1" dealt="1" sum="440"/>
<action no="5" player="oreiasccp" type="0" sum="0"/>
<action no="6" player="vovven72" type="0" discard="1" dealt="1" sum="0"/>
</round>
</game>
<game gamecode="11516802341"><general><startdate>2025-06-17 08:46:38</startdate>
<round>1</round>
<failsafecounter/>
<players><player seat="10" name="vovven72" chips="520" dealer="0" win="170" bet="100" muck="1" rebuy="0" addon="0" merge="0" rebuychips="0" reg_code="8385498586"/>
<player seat="3" name="bobbb1" chips="480" dealer="1" win="0" bet="80" muck="1" rebuy="0" addon="0" merge="0" rebuychips="0" reg_code="8385498490"/>
<player seat="6" name="oreiasccp" chips="500" dealer="0" win="0" bet="10" muck="1" rebuy="0" addon="0" merge="0" rebuychips="0" reg_code="8385498492"/>
</players>
</general>
<round no="0"><action no="1" player="oreiasccp" type="1" sum="10"/>
<action no="2" player="vovven72" type="2" discard="1" dealt="1" sum="20"/>
</round>
<round no="1"><cards type="Pocket" player="oreiasccp">D4 D8</cards>
<cards type="Pocket" player="bobbb1">X X</cards>
<cards type="Pocket" player="vovven72">X X</cards>
<action no="3" player="bobbb1" type="23" discard="1" dealt="1" sum="40"/>
<action no="4" player="oreiasccp" type="0" sum="0"/>
<action no="5" player="vovven72" type="3" discard="1" dealt="1" sum="20"/>
</round>
<round no="2"><cards type="Flop">D9 C3 HQ</cards>
<action no="6" player="vovven72" type="4" discard="1" dealt="1" sum="0"/>
<action no="7" player="bobbb1" type="5" discard="1" dealt="1" sum="20"/>
<action no="8" player="vovven72" type="3" discard="1" dealt="1" sum="20"/>
</round>
<round no="3"><cards type="Turn">S3</cards>
<action no="9" player="vovven72" type="5" discard="1" dealt="1" sum="20"/>
<action no="10" player="bobbb1" type="3" discard="1" dealt="1" sum="20"/>
</round>
<round no="4"><cards type="River">H10</cards>
<action no="11" player="vovven72" type="5" discard="1" dealt="1" sum="20"/>
<action no="12" player="bobbb1" type="0" discard="1" dealt="1" sum="0"/>
</round>
</game>
<game gamecode="11516802422"><general><startdate>2025-06-17 08:47:06</startdate>
<round>1</round>
<failsafecounter/>
<players><player seat="3" name="bobbb1" chips="400" dealer="0" win="40" bet="60" muck="1" rebuy="0" addon="0" merge="0" rebuychips="0" reg_code="8385498490"/>
<player seat="6" name="oreiasccp" chips="490" dealer="1" win="0" bet="0" muck="1" rebuy="0" addon="0" merge="0" rebuychips="0" reg_code="8385498492"/>
<player seat="10" name="vovven72" chips="610" dealer="0" win="0" bet="20" muck="1" rebuy="0" addon="0" merge="0" rebuychips="0" reg_code="8385498586"/>
</players>
</general>
<round no="0"><action no="1" player="vovven72" type="1" discard="1" dealt="1" sum="10"/>
<action no="2" player="bobbb1" type="2" discard="1" dealt="1" sum="20"/>
</round>
<round no="1"><cards type="Pocket" player="vovven72">X X</cards>
<cards type="Pocket" player="oreiasccp">S3 HJ</cards>
<cards type="Pocket" player="bobbb1">X X</cards>
<action no="3" player="oreiasccp" type="0" sum="0"/>
<action no="4" player="vovven72" type="3" discard="1" dealt="1" sum="10"/>
<action no="5" player="bobbb1" type="23" discard="1" dealt="1" sum="60"/>
<action no="6" player="vovven72" type="0" discard="1" dealt="1" sum="0"/>
</round>
</game>
<game gamecode="11516802453"><general><startdate>2025-06-17 08:47:21</startdate>
<round>1</round>
<failsafecounter/>
<players><player seat="6" name="oreiasccp" chips="490" dealer="0" win="0" bet="20" muck="1" rebuy="0" addon="0" merge="0" rebuychips="0" reg_code="8385498492"/>
<player seat="10" name="vovven72" chips="590" dealer="1" win="50" bet="40" muck="1" rebuy="0" addon="0" merge="0" rebuychips="0" reg_code="8385498586"/>
<player seat="3" name="bobbb1" chips="420" dealer="0" win="0" bet="10" muck="1" rebuy="0" addon="0" merge="0" rebuychips="0" reg_code="8385498490"/>
</players>
</general>
<round no="0"><action no="1" player="bobbb1" type="1" discard="1" dealt="1" sum="10"/>
<action no="2" player="oreiasccp" type="2" sum="20"/>
</round>
<round no="1"><cards type="Pocket" player="vovven72">X X</cards>
<cards type="Pocket" player="bobbb1">X X</cards>
<cards type="Pocket" player="oreiasccp">S3 C9</cards>
<action no="3" player="vovven72" type="23" discard="1" dealt="1" sum="40"/>
<action no="4" player="bobbb1" type="0" discard="1" dealt="1" sum="0"/>
<action no="5" player="oreiasccp" type="0" sum="0"/>
</round>
</game>
<game gamecode="11516802485"><general><startdate>2025-06-17 08:47:30</startdate>
<round>1</round>
<failsafecounter/>
<players><player seat="10" name="vovven72" chips="620" dealer="0" win="0" bet="35" muck="1" rebuy="0" addon="0" merge="0" rebuychips="0" reg_code="8385498586"/>
<player seat="3" name="bobbb1" chips="410" dealer="1" win="90" bet="410" muck="1" rebuy="0" addon="0" merge="0" rebuychips="0" reg_code="8385498490"/>
<player seat="6" name="oreiasccp" chips="470" dealer="0" win="0" bet="20" muck="1" rebuy="0" addon="0" merge="0" rebuychips="0" reg_code="8385498492"/>
</players>
</general>
<round no="0"><action no="1" player="oreiasccp" type="15" sum="5"/>
<action no="2" player="vovven72" type="15" discard="1" dealt="1" sum="5"/>
<action no="3" player="bobbb1" type="15" discard="1" dealt="1" sum="5"/>
<action no="4" player="oreiasccp" type="1" sum="15"/>
<action no="5" player="vovven72" type="2" discard="1" dealt="1" sum="30"/>
</round>
<round no="1"><cards type="Pocket" player="oreiasccp">S9 SQ</cards>
<cards type="Pocket" player="vovven72">X X</cards>
<cards type="Pocket" player="bobbb1">X X</cards>
<action no="6" player="bobbb1" type="23" discard="1" dealt="1" sum="405"/>
<action no="7" player="oreiasccp" type="0" sum="0"/>
<action no="8" player="vovven72" type="0" discard="1" dealt="1" sum="0"/>
</round>
</game>
<game gamecode="11516802527"><general><startdate>2025-06-17 08:47:42</startdate>
<round>1</round>
<failsafecounter/>
<players><player seat="3" name="bobbb1" chips="465" dealer="0" win="195" bet="200" muck="1" rebuy="0" addon="0" merge="0" rebuychips="0" reg_code="8385498490"/>
<player seat="6" name="oreiasccp" chips="450" dealer="1" win="0" bet="5" muck="1" rebuy="0" addon="0" merge="0" rebuychips="0" reg_code="8385498492"/>
<player seat="10" name="vovven72" chips="585" dealer="0" win="0" bet="95" muck="1" rebuy="0" addon="0" merge="0" rebuychips="0" reg_code="8385498586"/>
</players>
</general>
<round no="0"><action no="1" player="vovven72" type="15" discard="1" dealt="1" sum="5"/>
<action no="2" player="bobbb1" type="15" discard="1" dealt="1" sum="5"/>
<action no="3" player="oreiasccp" type="15" sum="5"/>
<action no="4" player="vovven72" type="1" discard="1" dealt="1" sum="15"/>
<action no="5" player="bobbb1" type="2" discard="1" dealt="1" sum="30"/>
</round>
<round no="1"><cards type="Pocket" player="oreiasccp">D8 D6</cards>
<cards type="Pocket" player="bobbb1">X X</cards>
<cards type="Pocket" player="vovven72">X X</cards>
<action no="6" player="oreiasccp" type="0" sum="0"/>
<action no="7" player="vovven72" type="3" discard="1" dealt="1" sum="15"/>
<action no="8" player="bobbb1" type="4" discard="1" dealt="1" sum="0"/>
</round>
<round no="2"><cards type="Flop">D5 C5 SK</cards>
<action no="9" player="vovven72" type="4" discard="1" dealt="1" sum="0"/>
<action no="10" player="bobbb1" type="4" discard="1" dealt="1" sum="0"/>
</round>
<round no="3"><cards type="Turn">S4</cards>
<action no="11" player="vovven72" type="5" discard="1" dealt="1" sum="30"/>
<action no="12" player="bobbb1" type="3" discard="1" dealt="1" sum="30"/>
</round>
<round no="4"><cards type="River">C2</cards>
<action no="13" player="vovven72" type="5" discard="1" dealt="1" sum="30"/>
<action no="14" player="bobbb1" type="23" discard="1" dealt="1" sum="135"/>
<action no="15" player="vovven72" type="0" discard="1" dealt="1" sum="0"/>
</round>
</game>
<game gamecode="11516802632"><general><startdate>2025-06-17 08:48:18</startdate>
<round>1</round>
<failsafecounter/>
<players><player seat="6" name="oreiasccp" chips="445" dealer="0" win="0" bet="35" muck="1" rebuy="0" addon="0" merge="0" rebuychips="0" reg_code="8385498492"/>
<player seat="10" name="vovven72" chips="490" dealer="1" win="90" bet="65" muck="1" rebuy="0" addon="0" merge="0" rebuychips="0" reg_code="8385498586"/>
<player seat="3" name="bobbb1" chips="565" dealer="0" win="0" bet="20" muck="1" rebuy="0" addon="0" merge="0" rebuychips="0" reg_code="8385498490"/>
</players>
</general>
<round no="0"><action no="1" player="bobbb1" type="15" discard="1" dealt="1" sum="5"/>
<action no="2" player="oreiasccp" type="15" sum="5"/>
<action no="3" player="vovven72" type="15" discard="1" dealt="1" sum="5"/>
<action no="4" player="bobbb1" type="1" discard="1" dealt="1" sum="15"/>
<action no="5" player="oreiasccp" type="2" sum="30"/>
</round>
<round no="1"><cards type="Pocket" player="oreiasccp">DK S4</cards>
<cards type="Pocket" player="bobbb1">X X</cards>
<cards type="Pocket" player="vovven72">X X</cards>
<action no="6" player="vovven72" type="3" discard="1" dealt="1" sum="30"/>
<action no="7" player="bobbb1" type="0" discard="1" dealt="1" sum="0"/>
<action no="8" player="oreiasccp" type="4" sum="0"/>
</round>
<round no="2"><cards type="Flop">D10 SA H2</cards>
<action no="9" player="oreiasccp" type="4" sum="0"/>
<action no="10" player="vovven72" type="4" discard="1" dealt="1" sum="0"/>
</round>
<round no="3"><cards type="Turn">C9</cards>
<action no="11" player="oreiasccp" type="4" sum="0"/>
<action no="12" player="vovven72" type="5" discard="1" dealt="1" sum="30"/>
<action no="13" player="oreiasccp" type="0" sum="0"/>
</round>
</game>
<game gamecode="11516802692"><general><startdate>2025-06-17 08:48:40</startdate>
<round>1</round>
<failsafecounter/>
<players><player seat="10" name="vovven72" chips="545" dealer="0" win="0" bet="35" muck="1" rebuy="0" addon="0" merge="0" rebuychips="0" reg_code="8385498586"/>
<player seat="3" name="bobbb1" chips="545" dealer="1" win="0" bet="5" muck="1" rebuy="0" addon="0" merge="0" rebuychips="0" reg_code="8385498490"/>
<player seat="6" name="oreiasccp" chips="410" dealer="0" win="75" bet="65" muck="1" rebuy="0" addon="0" merge="0" rebuychips="0" reg_code="8385498492"/>
</players>
</general>
<round no="0"><action no="1" player="oreiasccp" type="15" sum="5"/>
<action no="2" player="vovven72" type="15" discard="1" dealt="1" sum="5"/>
<action no="3" player="bobbb1" type="15" discard="1" dealt="1" sum="5"/>
<action no="4" player="oreiasccp" type="1" sum="15"/>
<action no="5" player="vovven72" type="2" discard="1" dealt="1" sum="30"/>
</round>
<round no="1"><cards type="Pocket" player="oreiasccp">C7 DQ</cards>
<cards type="Pocket" player="vovven72">X X</cards>
<cards type="Pocket" player="bobbb1">X X</cards>
<action no="6" player="bobbb1" type="0" discard="1" dealt="1" sum="0"/>
<action no="7" player="oreiasccp" type="23" sum="60"/>
<action no="8" player="vovven72" type="0" discard="1" dealt="1" sum="0"/>
</round>
</game>
<game gamecode="11516802726"><general><startdate>2025-06-17 08:48:53</startdate>
<round>1</round>
<failsafecounter/>
<players><player seat="3" name="bobbb1" chips="540" dealer="0" win="0" bet="35" muck="1" rebuy="0" addon="0" merge="0" rebuychips="0" reg_code="8385498490"/>
<player seat="6" name="oreiasccp" chips="450" dealer="1" win="90" bet="450" muck="1" rebuy="0" addon="0" merge="0" rebuychips="0" reg_code="8385498492"/>
<player seat="10" name="vovven72" chips="510" dealer="0" win="0" bet="20" muck="1" rebuy="0" addon="0" merge="0" rebuychips="0" reg_code="8385498586"/>
</players>
</general>
<round no="0"><action no="1" player="vovven72" type="15" discard="1" dealt="1" sum="5"/>
<action no="2" player="bobbb1" type="15" discard="1" dealt="1" sum="5"/>
<action no="3" player="oreiasccp" type="15" sum="5"/>
<action no="4" player="vovven72" type="1" discard="1" dealt="1" sum="15"/>
<action no="5" player="bobbb1" type="2" discard="1" dealt="1" sum="30"/>
</round>
<round no="1"><cards type="Pocket" player="oreiasccp">HA S5</cards>
<cards type="Pocket" player="bobbb1">X X</cards>
<cards type="Pocket" player="vovven72">X X</cards>
<action no="6" player="oreiasccp" type="23" sum="445"/>
<action no="7" player="vovven72" type="0" discard="1" dealt="1" sum="0"/>
<action no="8" player="bobbb1" type="0" discard="1" dealt="1" sum="0"/>
</round>
</game>
<game gamecode="11516802760"><general><startdate>2025-06-17 08:49:07</startdate>
<round>1</round>
<failsafecounter/>
<players><player seat="6" name="oreiasccp" chips="505" dealer="0" win="45" bet="35" muck="1" rebuy="0" addon="0" merge="0" rebuychips="0" reg_code="8385498492"/>
<player seat="10" name="vovven72" chips="490" dealer="1" win="0" bet="5" muck="1" rebuy="0" addon="0" merge="0" rebuychips="0" reg_code="8385498586"/>
<player seat="3" name="bobbb1" chips="505" dealer="0" win="0" bet="20" muck="1" rebuy="0" addon="0" merge="0" rebuychips="0" reg_code="8385498490"/>
</players>
</general>
<round no="0"><action no="1" player="bobbb1" type="15" discard="1" dealt="1" sum="5"/>
<action no="2" player="oreiasccp" type="15" sum="5"/>
<action no="3" player="vovven72" type="15" discard="1" dealt="1" sum="5"/>
<action no="4" player="bobbb1" type="1" discard="1" dealt="1" sum="15"/>
<action no="5" player="oreiasccp" type="2" sum="30"/>
</round>
<round no="1"><cards type="Pocket" player="vovven72">X X</cards>
<cards type="Pocket" player="oreiasccp">C6 SJ</cards>
<cards type="Pocket" player="bobbb1">X X</cards>
<action no="6" player="vovven72" type="0" discard="1" dealt="1" sum="0"/>
<action no="7" player="bobbb1" type="0" discard="1" dealt="1" sum="0"/>
</round>
</game>
<game gamecode="11516802796"><general><startdate>2025-06-17 08:49:16</startdate>
<round>1</round>
<failsafecounter/>
<players><player seat="10" name="vovven72" chips="485" dealer="0" win="0" bet="155" muck="0" rebuy="0" addon="0" merge="0" rebuychips="0" reg_code="8385498586"/>
<player seat="3" name="bobbb1" chips="485" dealer="1" win="330" bet="155" muck="0" rebuy="0" addon="0" merge="0" rebuychips="0" reg_code="8385498490"/>
<player seat="6" name="oreiasccp" chips="530" dealer="0" win="0" bet="20" muck="1" rebuy="0" addon="0" merge="0" rebuychips="0" reg_code="8385498492"/>
</players>
</general>
<round no="0"><action no="1" player="oreiasccp" type="15" sum="5"/>
<action no="2" player="vovven72" type="15" discard="1" dealt="1" sum="5"/>
<action no="3" player="bobbb1" type="15" discard="1" dealt="1" sum="5"/>
<action no="4" player="oreiasccp" type="1" sum="15"/>
<action no="5" player="vovven72" type="2" discard="1" dealt="1" sum="30"/>
</round>
<round no="1"><cards type="Pocket" player="oreiasccp">D5 HJ</cards>
<cards type="Pocket" player="vovven72">S2 C5</cards>
<cards type="Pocket" player="bobbb1">HA S5</cards>
<action no="6" player="bobbb1" type="23" discard="1" dealt="1" sum="60"/>
<action no="7" player="oreiasccp" type="0" sum="0"/>
<action no="8" player="vovven72" type="3" discard="1" dealt="1" sum="30"/>
</round>
<round no="2"><cards type="Flop">CQ H5 S8</cards>
<action no="9" player="vovven72" type="5" discard="1" dealt="1" sum="30"/>
<action no="10" player="bobbb1" type="3" discard="1" dealt="1" sum="30"/>
</round>
<round no="3"><cards type="Turn">S6</cards>
<action no="11" player="vovven72" type="5" discard="1" dealt="1" sum="30"/>
<action no="12" player="bobbb1" type="3" discard="1" dealt="1" sum="30"/>
</round>
<round no="4"><cards type="River">C3</cards>
<action no="13" player="vovven72" type="5" discard="1" dealt="1" sum="30"/>
<action no="14" player="bobbb1" type="3" discard="1" dealt="1" sum="30"/>
</round>
</game>
<game gamecode="11516802872"><general><startdate>2025-06-17 08:49:46</startdate>
<round>1</round>
<failsafecounter/>
<players><player seat="3" name="bobbb1" chips="660" dealer="0" win="0" bet="45" muck="1" rebuy="0" addon="0" merge="0" rebuychips="0" reg_code="8385498490"/>
<player seat="6" name="oreiasccp" chips="510" dealer="1" win="115" bet="510" muck="1" rebuy="0" addon="0" merge="0" rebuychips="0" reg_code="8385498492"/>
<player seat="10" name="vovven72" chips="330" dealer="0" win="0" bet="25" muck="1" rebuy="0" addon="0" merge="0" rebuychips="0" reg_code="8385498586"/>
</players>
</general>
<round no="0"><action no="1" player="vovven72" type="15" discard="1" dealt="1" sum="5"/>
<action no="2" player="bobbb1" type="15" discard="1" dealt="1" sum="5"/>
<action no="3" player="oreiasccp" type="15" sum="5"/>
<action no="4" player="vovven72" type="1" discard="1" dealt="1" sum="20"/>
<action no="5" player="bobbb1" type="2" discard="1" dealt="1" sum="40"/>
</round>
<round no="1"><cards type="Pocket" player="oreiasccp">S6 SA</cards>
<cards type="Pocket" player="bobbb1">X X</cards>
<cards type="Pocket" player="vovven72">X X</cards>
<action no="6" player="oreiasccp" type="23" sum="505"/>
<action no="7" player="vovven72" type="0" discard="1" dealt="1" sum="0"/>
<action no="8" player="bobbb1" type="0" discard="1" dealt="1" sum="0"/>
</round>
</game>
<game gamecode="11516802910"><general><startdate>2025-06-17 08:49:59</startdate>
<round>1</round>
<failsafecounter/>
<players><player seat="6" name="oreiasccp" chips="580" dealer="0" win="0" bet="580" muck="1" rebuy="0" addon="0" merge="0" rebuychips="0" reg_code="8385498492"/>
<player seat="10" name="vovven72" chips="305" dealer="1" win="0" bet="5" muck="1" rebuy="0" addon="0" merge="0" rebuychips="0" reg_code="8385498586"/>
<player seat="3" name="bobbb1" chips="615" dealer="0" win="1,165" bet="615" muck="0" rebuy="0" addon="0" merge="0" rebuychips="0" reg_code="8385498490"/>
</players>
</general>
<round no="0"><action no="1" player="bobbb1" type="15" discard="1" dealt="1" sum="5"/>
<action no="2" player="oreiasccp" type="15" sum="5"/>
<action no="3" player="vovven72" type="15" discard="1" dealt="1" sum="5"/>
<action no="4" player="bobbb1" type="1" discard="1" dealt="1" sum="20"/>
<action no="5" player="oreiasccp" type="2" sum="40"/>
</round>
<round no="1"><cards type="Pocket" player="oreiasccp">C10 DA</cards>
<cards type="Pocket" player="vovven72">X X</cards>
<cards type="Pocket" player="bobbb1">C8 H7</cards>
<action no="6" player="vovven72" type="0" discard="1" dealt="1" sum="0"/>
<action no="7" player="bobbb1" type="23" discard="1" dealt="1" sum="610"/>
<action no="8" player="oreiasccp" type="7" sum="535"/>
</round>
<round no="2"><cards type="Flop">CJ H9 D3</cards>
</round>
<round no="3"><cards type="Turn">CQ</cards>
</round>
<round no="4"><cards type="River">H10</cards>
</round>
</game>
</session>
