<?xml version="1.0" encoding="UTF-8"?>
<session sessioncode="8385551217">
<general>
<client_version>24.7.1.16</client_version>
<mode>real</mode>
<gametype>Holdem NL</gametype>
<tablename>Twister €5 SNG, 1127670875</tablename>
<tournamentcode>1127670874</tournamentcode>
<tournamentname>Twister €5 SNG</tournamentname>
<buyin>€0 + €0.35 + €4.65</buyin>
<totalbuyin>€5</totalbuyin>
<rewarddrawn>€10</rewarddrawn>
<tournamentcurrency>EUR</tournamentcurrency>
<currency>EUR</currency>
<nickname>oreiasccp</nickname>
<gamecount>7</gamecount>
<startdate>2025-06-17 11:50:14</startdate>
<place>3</place>
<win>€0</win>
<tablesize>3</tablesize>
</general>
<game gamecode="11516951116"><general><startdate>2025-06-17 11:50:29</startdate>
<round>1</round>
<failsafecounter/>
<players><player seat="10" name="doctorgrey613" chips="500" dealer="0" win="130" bet="125" muck="1" rebuy="0" addon="0" merge="0" rebuychips="0" reg_code="8385551255"/>
<player seat="3" name="oreiasccp" chips="500" dealer="1" win="0" bet="60" muck="1" rebuy="0" addon="0" merge="0" rebuychips="0" reg_code="8385551217"/>
<player seat="6" name="314SOS" chips="500" dealer="0" win="0" bet="10" muck="1" rebuy="0" addon="0" merge="0" rebuychips="0" reg_code="8385551228"/>
</players>
</general>
<round no="0"><action no="1" player="314SOS" type="1" discard="1" dealt="1" sum="10"/>
<action no="2" player="doctorgrey613" type="2" discard="1" dealt="1" sum="20"/>
</round>
<round no="1"><cards type="Pocket" player="doctorgrey613">X X</cards>
<cards type="Pocket" player="oreiasccp">C8 C9</cards>
<cards type="Pocket" player="314SOS">X X</cards>
<action no="3" player="oreiasccp" type="23" sum="40"/>
<action no="4" player="314SOS" type="0" discard="1" dealt="1" sum="0"/>
<action no="5" player="doctorgrey613" type="3" discard="1" dealt="1" sum="20"/>
</round>
<round no="2"><cards type="Flop">DQ SK HJ</cards>
<action no="6" player="doctorgrey613" type="4" discard="1" dealt="1" sum="0"/>
<action no="7" player="oreiasccp" type="5" sum="20"/>
<action no="8" player="doctorgrey613" type="3" discard="1" dealt="1" sum="20"/>
</round>
<round no="3"><cards type="Turn">H3</cards>
<action no="9" player="doctorgrey613" type="4" discard="1" dealt="1" sum="0"/>
<action no="10" player="oreiasccp" type="4" sum="0"/>
</round>
<round no="4"><cards type="River">H6</cards>
<action no="11" player="doctorgrey613" type="5" discard="1" dealt="1" sum="65"/>
<action no="12" player="oreiasccp" type="0" sum="0"/>
</round>
</game>
<game gamecode="11516951220"><general><startdate>2025-06-17 11:50:54</startdate>
<round>1</round>
<failsafecounter/>
<players><player seat="3" name="oreiasccp" chips="440" dealer="0" win="0" bet="20" muck="1" rebuy="0" addon="0" merge="0" rebuychips="0" reg_code="8385551217"/>
<player seat="6" name="314SOS" chips="490" dealer="1" win="50" bet="40" muck="1" rebuy="0" addon="0" merge="0" rebuychips="0" reg_code="8385551228"/>
<player seat="10" name="doctorgrey613" chips="570" dealer="0" win="0" bet="10" muck="1" rebuy="0" addon="0" merge="0" rebuychips="0" reg_code="8385551255"/>
</players>
</general>
<round no="0"><action no="1" player="doctorgrey613" type="1" discard="1" dealt="1" sum="10"/>
<action no="2" player="oreiasccp" type="2" sum="20"/>
</round>
<round no="1"><cards type="Pocket" player="doctorgrey613">X X</cards>
<cards type="Pocket" player="oreiasccp">D3 SQ</cards>
<cards type="Pocket" player="314SOS">X X</cards>
<action no="3" player="314SOS" type="23" discard="1" dealt="1" sum="40"/>
<action no="4" player="doctorgrey613" type="0" discard="1" dealt="1" sum="0"/>
<action no="5" player="oreiasccp" type="0" sum="0"/>
</round>
</game>
<game gamecode="11516951289"><general><startdate>2025-06-17 11:51:10</startdate>
<round>1</round>
<failsafecounter/>
<players><player seat="6" name="314SOS" chips="520" dealer="0" win="20" bet="20" muck="1" rebuy="0" addon="0" merge="0" rebuychips="0" reg_code="8385551228"/>
<player seat="10" name="doctorgrey613" chips="560" dealer="1" win="0" bet="0" muck="1" rebuy="0" addon="0" merge="0" rebuychips="0" reg_code="8385551255"/>
<player seat="3" name="oreiasccp" chips="420" dealer="0" win="0" bet="10" muck="1" rebuy="0" addon="0" merge="0" rebuychips="0" reg_code="8385551217"/>
</players>
</general>
<round no="0"><action no="1" player="oreiasccp" type="1" sum="10"/>
<action no="2" player="314SOS" type="2" discard="1" dealt="1" sum="20"/>
</round>
<round no="1"><cards type="Pocket" player="314SOS">X X</cards>
<cards type="Pocket" player="oreiasccp">SQ D5</cards>
<cards type="Pocket" player="doctorgrey613">X X</cards>
<action no="3" player="doctorgrey613" type="0" discard="1" dealt="1" sum="0"/>
<action no="4" player="oreiasccp" type="0" sum="0"/>
</round>
</game>
<game gamecode="11516951321"><general><startdate>2025-06-17 11:51:18</startdate>
<round>1</round>
<failsafecounter/>
<players><player seat="10" name="doctorgrey613" chips="560" dealer="0" win="40" bet="40" muck="1" rebuy="0" addon="0" merge="0" rebuychips="0" reg_code="8385551255"/>
<player seat="3" name="oreiasccp" chips="410" dealer="1" win="0" bet="0" muck="1" rebuy="0" addon="0" merge="0" rebuychips="0" reg_code="8385551217"/>
<player seat="6" name="314SOS" chips="530" dealer="0" win="0" bet="20" muck="1" rebuy="0" addon="0" merge="0" rebuychips="0" reg_code="8385551228"/>
</players>
</general>
<round no="0"><action no="1" player="314SOS" type="1" discard="1" dealt="1" sum="10"/>
<action no="2" player="doctorgrey613" type="2" discard="1" dealt="1" sum="20"/>
</round>
<round no="1"><cards type="Pocket" player="doctorgrey613">X X</cards>
<cards type="Pocket" player="314SOS">X X</cards>
<cards type="Pocket" player="oreiasccp">S9 S2</cards>
<action no="3" player="oreiasccp" type="0" sum="0"/>
<action no="4" player="314SOS" type="3" discard="1" dealt="1" sum="10"/>
<action no="5" player="doctorgrey613" type="4" discard="1" dealt="1" sum="0"/>
</round>
<round no="2"><cards type="Flop">CJ D4 H7</cards>
<action no="6" player="314SOS" type="4" discard="1" dealt="1" sum="0"/>
<action no="7" player="doctorgrey613" type="4" discard="1" dealt="1" sum="0"/>
</round>
<round no="3"><cards type="Turn">S7</cards>
<action no="8" player="314SOS" type="4" discard="1" dealt="1" sum="0"/>
<action no="9" player="doctorgrey613" type="5" discard="1" dealt="1" sum="20"/>
<action no="10" player="314SOS" type="0" discard="1" dealt="1" sum="0"/>
</round>
</game>
<game gamecode="11516951490"><general><startdate>2025-06-17 11:51:58</startdate>
<round>1</round>
<failsafecounter/>
<players><player seat="3" name="oreiasccp" chips="410" dealer="0" win="0" bet="20" muck="1" rebuy="0" addon="0" merge="0" rebuychips="0" reg_code="8385551217"/>
<player seat="6" name="314SOS" chips="510" dealer="1" win="0" bet="0" muck="1" rebuy="0" addon="0" merge="0" rebuychips="0" reg_code="8385551228"/>
<player seat="10" name="doctorgrey613" chips="580" dealer="0" win="40" bet="40" muck="1" rebuy="0" addon="0" merge="0" rebuychips="0" reg_code="8385551255"/>
</players>
</general>
<round no="0"><action no="1" player="doctorgrey613" type="1" discard="1" dealt="1" sum="10"/>
<action no="2" player="oreiasccp" type="2" sum="20"/>
</round>
<round no="1"><cards type="Pocket" player="314SOS">X X</cards>
<cards type="Pocket" player="doctorgrey613">X X</cards>
<cards type="Pocket" player="oreiasccp">S7 C3</cards>
<action no="3" player="314SOS" type="0" discard="1" dealt="1" sum="0"/>
<action no="4" player="doctorgrey613" type="23" discard="1" dealt="1" sum="40"/>
<action no="5" player="oreiasccp" type="0" sum="0"/>
</round>
</game>
<game gamecode="11516951536"><general><startdate>2025-06-17 11:52:08</startdate>
<round>1</round>
<failsafecounter/>
<players><player seat="6" name="314SOS" chips="510" dealer="0" win="0" bet="40" muck="1" rebuy="0" addon="0" merge="0" rebuychips="0" reg_code="8385551228"/>
<player seat="10" name="doctorgrey613" chips="600" dealer="1" win="0" bet="0" muck="1" rebuy="0" addon="0" merge="0" rebuychips="0" reg_code="8385551255"/>
<player seat="3" name="oreiasccp" chips="390" dealer="0" win="80" bet="60" muck="1" rebuy="0" addon="0" merge="0" rebuychips="0" reg_code="8385551217"/>
</players>
</general>
<round no="0"><action no="1" player="oreiasccp" type="1" sum="10"/>
<action no="2" player="314SOS" type="2" discard="1" dealt="1" sum="20"/>
</round>
<round no="1"><cards type="Pocket" player="doctorgrey613">X X</cards>
<cards type="Pocket" player="314SOS">X X</cards>
<cards type="Pocket" player="oreiasccp">DK H9</cards>
<action no="3" player="doctorgrey613" type="0" discard="1" dealt="1" sum="0"/>
<action no="4" player="oreiasccp" type="23" sum="40"/>
<action no="5" player="314SOS" type="3" discard="1" dealt="1" sum="20"/>
</round>
<round no="2"><cards type="Flop">H7 H3 DJ</cards>
<action no="6" player="oreiasccp" type="5" sum="20"/>
<action no="7" player="314SOS" type="0" discard="1" dealt="1" sum="0"/>
</round>
</game>
<game gamecode="11516951668"><general><startdate>2025-06-17 11:52:40</startdate>
<round>1</round>
<failsafecounter/>
<players><player seat="10" name="doctorgrey613" chips="600" dealer="0" win="0" bet="35" muck="1" rebuy="0" addon="0" merge="0" rebuychips="0" reg_code="8385551255"/>
<player seat="3" name="oreiasccp" chips="430" dealer="1" win="0" bet="430" muck="0" rebuy="0" addon="0" merge="0" rebuychips="0" reg_code="8385551217"/>
<player seat="6" name="314SOS" chips="470" dealer="0" win="895" bet="470" muck="0" rebuy="0" addon="0" merge="0" rebuychips="0" reg_code="8385551228"/>
</players>
</general>
<round no="0"><action no="1" player="314SOS" type="15" discard="1" dealt="1" sum="5"/>
<action no="2" player="doctorgrey613" type="15" discard="1" dealt="1" sum="5"/>
<action no="3" player="oreiasccp" type="15" sum="5"/>
<action no="4" player="314SOS" type="1" discard="1" dealt="1" sum="15"/>
<action no="5" player="doctorgrey613" type="2" discard="1" dealt="1" sum="30"/>
</round>
<round no="1"><cards type="Pocket" player="314SOS">SA C9</cards>
<cards type="Pocket" player="oreiasccp">DA C7</cards>
<cards type="Pocket" player="doctorgrey613">X X</cards>
<action no="6" player="oreiasccp" type="23" sum="425"/>
<action no="7" player="314SOS" type="7" discard="1" dealt="1" sum="450"/>
<action no="8" player="doctorgrey613" type="0" discard="1" dealt="1" sum="0"/>
</round>
<round no="2"><cards type="Flop">S9 H2 H6</cards>
</round>
<round no="3"><cards type="Turn">CK</cards>
</round>
<round no="4"><cards type="River">H10</cards>
</round>
</game>
</session>
