<?xml version="1.0" encoding="UTF-8"?>
<session sessioncode="8385566872">
<general>
<client_version>24.7.1.16</client_version>
<mode>real</mode>
<gametype>Holdem NL</gametype>
<tablename>Twister €5 SNG, 1127673394</tablename>
<tournamentcode>1127673393</tournamentcode>
<tournamentname>Twister €5 SNG</tournamentname>
<buyin>€0 + €0.35 + €4.65</buyin>
<totalbuyin>€5</totalbuyin>
<rewarddrawn>€10</rewarddrawn>
<tournamentcurrency>EUR</tournamentcurrency>
<currency>EUR</currency>
<nickname>oreiasccp</nickname>
<gamecount>50</gamecount>
<startdate>2025-06-17 12:35:15</startdate>
<place>2</place>
<win>€0</win>
<tablesize>3</tablesize>
</general>
<game gamecode="11516993423"><general><startdate>2025-06-17 12:35:30</startdate>
<round>1</round>
<failsafecounter/>
<players><player seat="6" name="oreiasccp" chips="500" dealer="0" win="1,020" bet="500" muck="0" rebuy="0" addon="0" merge="0" rebuychips="0" reg_code="8385566872"/>
<player seat="10" name="RipRapRoo" chips="500" dealer="1" win="0" bet="20" muck="1" rebuy="0" addon="0" merge="0" rebuychips="0" reg_code="8385566875"/>
<player seat="3" name="frankbetty" chips="500" dealer="0" win="0" bet="500" muck="0" rebuy="0" addon="0" merge="0" rebuychips="0" reg_code="8385566844"/>
</players>
</general>
<round no="0"><action no="1" player="frankbetty" type="1" discard="1" dealt="1" sum="10"/>
<action no="2" player="oreiasccp" type="2" sum="20"/>
</round>
<round no="1"><cards type="Pocket" player="RipRapRoo">X X</cards>
<cards type="Pocket" player="oreiasccp">HA SK</cards>
<cards type="Pocket" player="frankbetty">CQ SQ</cards>
<action no="3" player="RipRapRoo" type="3" discard="1" dealt="1" sum="20"/>
<action no="4" player="frankbetty" type="23" discard="1" dealt="1" sum="120"/>
<action no="5" player="oreiasccp" type="23" sum="500"/>
<action no="6" player="RipRapRoo" type="0" discard="1" dealt="1" sum="0"/>
<action no="7" player="frankbetty" type="7" discard="1" dealt="1" sum="380"/>
</round>
<round no="2"><cards type="Flop">DJ S4 H6</cards>
</round>
<round no="3"><cards type="Turn">C3</cards>
</round>
<round no="4"><cards type="River">CK</cards>
</round>
</game>
<game gamecode="11516993629"><general><startdate>2025-06-17 12:36:11</startdate>
<round>1</round>
<failsafecounter/>
<players><player seat="10" name="RipRapRoo" chips="480" dealer="0" win="0" bet="69" muck="1" rebuy="0" addon="0" merge="0" rebuychips="0" reg_code="8385566875"/>
<player seat="6" name="oreiasccp" chips="1,020" dealer="1" win="138" bet="175" muck="1" rebuy="0" addon="0" merge="0" rebuychips="0" reg_code="8385566872"/>
</players>
</general>
<round no="0"><action no="1" player="oreiasccp" type="1" sum="10"/>
<action no="2" player="RipRapRoo" type="2" discard="1" dealt="1" sum="20"/>
</round>
<round no="1"><cards type="Pocket" player="RipRapRoo">X X</cards>
<cards type="Pocket" player="oreiasccp">S8 C10</cards>
<action no="3" player="oreiasccp" type="23" sum="40"/>
<action no="4" player="RipRapRoo" type="3" discard="1" dealt="1" sum="20"/>
</round>
<round no="2"><cards type="Flop">S4 D8 H10</cards>
<action no="5" player="RipRapRoo" type="4" discard="1" dealt="1" sum="0"/>
<action no="6" player="oreiasccp" type="5" sum="29"/>
<action no="7" player="RipRapRoo" type="3" discard="1" dealt="1" sum="29"/>
</round>
<round no="3"><cards type="Turn">C5</cards>
<action no="8" player="RipRapRoo" type="4" discard="1" dealt="1" sum="0"/>
<action no="9" player="oreiasccp" type="5" sum="106"/>
<action no="10" player="RipRapRoo" type="0" discard="1" dealt="1" sum="0"/>
</round>
</game>
<game gamecode="11516993810"><general><startdate>2025-06-17 12:36:46</startdate>
<round>1</round>
<failsafecounter/>
<players><player seat="6" name="oreiasccp" chips="1,089" dealer="0" win="0" bet="40" muck="1" rebuy="0" addon="0" merge="0" rebuychips="0" reg_code="8385566872"/>
<player seat="10" name="RipRapRoo" chips="411" dealer="1" win="80" bet="80" muck="1" rebuy="0" addon="0" merge="0" rebuychips="0" reg_code="8385566875"/>
</players>
</general>
<round no="0"><action no="1" player="RipRapRoo" type="1" discard="1" dealt="1" sum="10"/>
<action no="2" player="oreiasccp" type="2" sum="20"/>
</round>
<round no="1"><cards type="Pocket" player="RipRapRoo">X X</cards>
<cards type="Pocket" player="oreiasccp">H4 HQ</cards>
<action no="3" player="RipRapRoo" type="3" discard="1" dealt="1" sum="10"/>
<action no="4" player="oreiasccp" type="4" sum="0"/>
</round>
<round no="2"><cards type="Flop">DA H9 S8</cards>
<action no="5" player="oreiasccp" type="4" sum="0"/>
<action no="6" player="RipRapRoo" type="4" discard="1" dealt="1" sum="0"/>
</round>
<round no="3"><cards type="Turn">CJ</cards>
<action no="7" player="oreiasccp" type="5" sum="20"/>
<action no="8" player="RipRapRoo" type="3" discard="1" dealt="1" sum="20"/>
</round>
<round no="4"><cards type="River">SJ</cards>
<action no="9" player="oreiasccp" type="4" sum="0"/>
<action no="10" player="RipRapRoo" type="5" discard="1" dealt="1" sum="40"/>
<action no="11" player="oreiasccp" type="0" sum="0"/>
</round>
</game>
<game gamecode="11516994023"><general><startdate>2025-06-17 12:37:31</startdate>
<round>1</round>
<failsafecounter/>
<players><player seat="10" name="RipRapRoo" chips="451" dealer="0" win="0" bet="35" muck="1" rebuy="0" addon="0" merge="0" rebuychips="0" reg_code="8385566875"/>
<player seat="6" name="oreiasccp" chips="1,049" dealer="1" win="70" bet="65" muck="1" rebuy="0" addon="0" merge="0" rebuychips="0" reg_code="8385566872"/>
</players>
</general>
<round no="0"><action no="1" player="oreiasccp" type="15" sum="5"/>
<action no="2" player="RipRapRoo" type="15" discard="1" dealt="1" sum="5"/>
<action no="3" player="oreiasccp" type="1" sum="15"/>
<action no="4" player="RipRapRoo" type="2" discard="1" dealt="1" sum="30"/>
</round>
<round no="1"><cards type="Pocket" player="oreiasccp">D9 C7</cards>
<cards type="Pocket" player="RipRapRoo">X X</cards>
<action no="5" player="oreiasccp" type="3" sum="15"/>
<action no="6" player="RipRapRoo" type="4" discard="1" dealt="1" sum="0"/>
</round>
<round no="2"><cards type="Flop">CA S9 S7</cards>
<action no="7" player="RipRapRoo" type="4" discard="1" dealt="1" sum="0"/>
<action no="8" player="oreiasccp" type="5" sum="30"/>
<action no="9" player="RipRapRoo" type="0" discard="1" dealt="1" sum="0"/>
</round>
</game>
<game gamecode="11516994180"><general><startdate>2025-06-17 12:38:05</startdate>
<round>1</round>
<failsafecounter/>
<players><player seat="6" name="oreiasccp" chips="1,084" dealer="0" win="40" bet="35" muck="1" rebuy="0" addon="0" merge="0" rebuychips="0" reg_code="8385566872"/>
<player seat="10" name="RipRapRoo" chips="416" dealer="1" win="0" bet="20" muck="1" rebuy="0" addon="0" merge="0" rebuychips="0" reg_code="8385566875"/>
</players>
</general>
<round no="0"><action no="1" player="RipRapRoo" type="15" discard="1" dealt="1" sum="5"/>
<action no="2" player="oreiasccp" type="15" sum="5"/>
<action no="3" player="RipRapRoo" type="1" discard="1" dealt="1" sum="15"/>
<action no="4" player="oreiasccp" type="2" sum="30"/>
</round>
<round no="1"><cards type="Pocket" player="oreiasccp">D10 CK</cards>
<cards type="Pocket" player="RipRapRoo">X X</cards>
<action no="5" player="RipRapRoo" type="0" discard="1" dealt="1" sum="0"/>
</round>
</game>
<game gamecode="11516994195"><general><startdate>2025-06-17 12:38:09</startdate>
<round>1</round>
<failsafecounter/>
<players><player seat="10" name="RipRapRoo" chips="396" dealer="0" win="40" bet="35" muck="1" rebuy="0" addon="0" merge="0" rebuychips="0" reg_code="8385566875"/>
<player seat="6" name="oreiasccp" chips="1,104" dealer="1" win="0" bet="20" muck="1" rebuy="0" addon="0" merge="0" rebuychips="0" reg_code="8385566872"/>
</players>
</general>
<round no="0"><action no="1" player="oreiasccp" type="15" sum="5"/>
<action no="2" player="RipRapRoo" type="15" discard="1" dealt="1" sum="5"/>
<action no="3" player="oreiasccp" type="1" sum="15"/>
<action no="4" player="RipRapRoo" type="2" discard="1" dealt="1" sum="30"/>
</round>
<round no="1"><cards type="Pocket" player="oreiasccp">D10 S3</cards>
<cards type="Pocket" player="RipRapRoo">X X</cards>
<action no="5" player="oreiasccp" type="0" sum="0"/>
</round>
</game>
<game gamecode="11516994222"><general><startdate>2025-06-17 12:38:13</startdate>
<round>1</round>
<failsafecounter/>
<players><player seat="6" name="oreiasccp" chips="1,084" dealer="0" win="0" bet="74" muck="0" rebuy="0" addon="0" merge="0" rebuychips="0" reg_code="8385566872"/>
<player seat="10" name="RipRapRoo" chips="416" dealer="1" win="148" bet="74" muck="0" rebuy="0" addon="0" merge="0" rebuychips="0" reg_code="8385566875"/>
</players>
</general>
<round no="0"><action no="1" player="RipRapRoo" type="15" discard="1" dealt="1" sum="5"/>
<action no="2" player="oreiasccp" type="15" sum="5"/>
<action no="3" player="RipRapRoo" type="1" discard="1" dealt="1" sum="15"/>
<action no="4" player="oreiasccp" type="2" sum="30"/>
</round>
<round no="1"><cards type="Pocket" player="oreiasccp">DJ D9</cards>
<cards type="Pocket" player="RipRapRoo">H9 DQ</cards>
<action no="5" player="RipRapRoo" type="3" discard="1" dealt="1" sum="15"/>
<action no="6" player="oreiasccp" type="4" sum="0"/>
</round>
<round no="2"><cards type="Flop">C4 H2 C3</cards>
<action no="7" player="oreiasccp" type="4" sum="0"/>
<action no="8" player="RipRapRoo" type="4" discard="1" dealt="1" sum="0"/>
</round>
<round no="3"><cards type="Turn">D10</cards>
<action no="9" player="oreiasccp" type="4" sum="0"/>
<action no="10" player="RipRapRoo" type="4" discard="1" dealt="1" sum="0"/>
</round>
<round no="4"><cards type="River">S8</cards>
<action no="11" player="oreiasccp" type="5" sum="39"/>
<action no="12" player="RipRapRoo" type="3" discard="1" dealt="1" sum="39"/>
</round>
</game>
<game gamecode="11517000651"><general><startdate>2025-06-17 12:38:49</startdate>
<round>1</round>
<failsafecounter/>
<players><player seat="10" name="RipRapRoo" chips="490" dealer="0" win="0" bet="224" muck="0" rebuy="0" addon="0" merge="0" rebuychips="0" reg_code="8385566875"/>
<player seat="6" name="oreiasccp" chips="1,010" dealer="1" win="448" bet="224" muck="0" rebuy="0" addon="0" merge="0" rebuychips="0" reg_code="8385566872"/>
</players>
</general>
<round no="0"><action no="1" player="oreiasccp" type="15" sum="5"/>
<action no="2" player="RipRapRoo" type="15" discard="1" dealt="1" sum="5"/>
<action no="3" player="oreiasccp" type="1" sum="15"/>
<action no="4" player="RipRapRoo" type="2" discard="1" dealt="1" sum="30"/>
</round>
<round no="1"><cards type="Pocket" player="RipRapRoo">HA H6</cards>
<cards type="Pocket" player="oreiasccp">CJ SQ</cards>
<action no="5" player="oreiasccp" type="3" sum="15"/>
<action no="6" player="RipRapRoo" type="4" discard="1" dealt="1" sum="0"/>
</round>
<round no="2"><cards type="Flop">D3 S3 DJ</cards>
<action no="7" player="RipRapRoo" type="4" discard="1" dealt="1" sum="0"/>
<action no="8" player="oreiasccp" type="5" sum="30"/>
<action no="9" player="RipRapRoo" type="3" discard="1" dealt="1" sum="30"/>
</round>
<round no="3"><cards type="Turn">C10</cards>
<action no="10" player="RipRapRoo" type="4" discard="1" dealt="1" sum="0"/>
<action no="11" player="oreiasccp" type="5" sum="47"/>
<action no="12" player="RipRapRoo" type="3" discard="1" dealt="1" sum="47"/>
</round>
<round no="4"><cards type="River">H9</cards>
<action no="13" player="RipRapRoo" type="5" discard="1" dealt="1" sum="112"/>
<action no="14" player="oreiasccp" type="3" sum="112"/>
</round>
</game>
<game gamecode="11517000802"><general><startdate>2025-06-17 12:39:26</startdate>
<round>1</round>
<failsafecounter/>
<players><player seat="6" name="oreiasccp" chips="1,234" dealer="0" win="70" bet="105" muck="1" rebuy="0" addon="0" merge="0" rebuychips="0" reg_code="8385566872"/>
<player seat="10" name="RipRapRoo" chips="266" dealer="1" win="0" bet="35" muck="1" rebuy="0" addon="0" merge="0" rebuychips="0" reg_code="8385566875"/>
</players>
</general>
<round no="0"><action no="1" player="RipRapRoo" type="15" discard="1" dealt="1" sum="5"/>
<action no="2" player="oreiasccp" type="15" sum="5"/>
<action no="3" player="RipRapRoo" type="1" discard="1" dealt="1" sum="15"/>
<action no="4" player="oreiasccp" type="2" sum="30"/>
</round>
<round no="1"><cards type="Pocket" player="RipRapRoo">X X</cards>
<cards type="Pocket" player="oreiasccp">SJ S3</cards>
<action no="5" player="RipRapRoo" type="3" discard="1" dealt="1" sum="15"/>
<action no="6" player="oreiasccp" type="4" sum="0"/>
</round>
<round no="2"><cards type="Flop">HJ H10 CJ</cards>
<action no="7" player="oreiasccp" type="4" sum="0"/>
<action no="8" player="RipRapRoo" type="4" discard="1" dealt="1" sum="0"/>
</round>
<round no="3"><cards type="Turn">HQ</cards>
<action no="9" player="oreiasccp" type="5" sum="70"/>
<action no="10" player="RipRapRoo" type="0" discard="1" dealt="1" sum="0"/>
</round>
</game>
<game gamecode="11517000894"><general><startdate>2025-06-17 12:39:46</startdate>
<round>1</round>
<failsafecounter/>
<players><player seat="10" name="RipRapRoo" chips="231" dealer="0" win="0" bet="85" muck="1" rebuy="0" addon="0" merge="0" rebuychips="0" reg_code="8385566875"/>
<player seat="6" name="oreiasccp" chips="1,269" dealer="1" win="170" bet="231" muck="1" rebuy="0" addon="0" merge="0" rebuychips="0" reg_code="8385566872"/>
</players>
</general>
<round no="0"><action no="1" player="oreiasccp" type="15" sum="5"/>
<action no="2" player="RipRapRoo" type="15" discard="1" dealt="1" sum="5"/>
<action no="3" player="oreiasccp" type="1" sum="20"/>
<action no="4" player="RipRapRoo" type="2" discard="1" dealt="1" sum="40"/>
</round>
<round no="1"><cards type="Pocket" player="RipRapRoo">X X</cards>
<cards type="Pocket" player="oreiasccp">SQ CQ</cards>
<action no="5" player="oreiasccp" type="3" sum="20"/>
<action no="6" player="RipRapRoo" type="4" discard="1" dealt="1" sum="0"/>
</round>
<round no="2"><cards type="Flop">H3 D6 DJ</cards>
<action no="7" player="RipRapRoo" type="4" discard="1" dealt="1" sum="0"/>
<action no="8" player="oreiasccp" type="5" sum="40"/>
<action no="9" player="RipRapRoo" type="3" discard="1" dealt="1" sum="40"/>
</round>
<round no="3"><cards type="Turn">S8</cards>
<action no="10" player="RipRapRoo" type="4" discard="1" dealt="1" sum="0"/>
<action no="11" player="oreiasccp" type="5" sum="146"/>
<action no="12" player="RipRapRoo" type="0" discard="1" dealt="1" sum="0"/>
</round>
</game>
<game gamecode="11517001018"><general><startdate>2025-06-17 12:40:13</startdate>
<round>1</round>
<failsafecounter/>
<players><player seat="6" name="oreiasccp" chips="1,354" dealer="0" win="146" bet="146" muck="0" rebuy="0" addon="0" merge="0" rebuychips="0" reg_code="8385566872"/>
<player seat="10" name="RipRapRoo" chips="146" dealer="1" win="146" bet="146" muck="0" rebuy="0" addon="0" merge="0" rebuychips="0" reg_code="8385566875"/>
</players>
</general>
<round no="0"><action no="1" player="RipRapRoo" type="15" discard="1" dealt="1" sum="5"/>
<action no="2" player="oreiasccp" type="15" sum="5"/>
<action no="3" player="RipRapRoo" type="1" discard="1" dealt="1" sum="20"/>
<action no="4" player="oreiasccp" type="2" sum="40"/>
</round>
<round no="1"><cards type="Pocket" player="oreiasccp">C7 DK</cards>
<cards type="Pocket" player="RipRapRoo">DQ HK</cards>
<action no="5" player="RipRapRoo" type="3" discard="1" dealt="1" sum="20"/>
<action no="6" player="oreiasccp" type="23" sum="141"/>
<action no="7" player="RipRapRoo" type="7" discard="1" dealt="1" sum="101"/>
</round>
<round no="2"><cards type="Flop">C6 D6 C3</cards>
</round>
<round no="3"><cards type="Turn">D5</cards>
</round>
<round no="4"><cards type="River">H3</cards>
</round>
</game>
<game gamecode="11517001126"><general><startdate>2025-06-17 12:40:36</startdate>
<round>1</round>
<failsafecounter/>
<players><player seat="10" name="RipRapRoo" chips="146" dealer="0" win="0" bet="45" muck="1" rebuy="0" addon="0" merge="0" rebuychips="0" reg_code="8385566875"/>
<player seat="6" name="oreiasccp" chips="1,354" dealer="1" win="90" bet="146" muck="1" rebuy="0" addon="0" merge="0" rebuychips="0" reg_code="8385566872"/>
</players>
</general>
<round no="0"><action no="1" player="oreiasccp" type="15" sum="5"/>
<action no="2" player="RipRapRoo" type="15" discard="1" dealt="1" sum="5"/>
<action no="3" player="oreiasccp" type="1" sum="20"/>
<action no="4" player="RipRapRoo" type="2" discard="1" dealt="1" sum="40"/>
</round>
<round no="1"><cards type="Pocket" player="oreiasccp">CK S8</cards>
<cards type="Pocket" player="RipRapRoo">X X</cards>
<action no="5" player="oreiasccp" type="23" sum="141"/>
<action no="6" player="RipRapRoo" type="0" discard="1" dealt="1" sum="0"/>
</round>
</game>
<game gamecode="11517001199"><general><startdate>2025-06-17 12:40:49</startdate>
<round>1</round>
<failsafecounter/>
<players><player seat="6" name="oreiasccp" chips="1,399" dealer="0" win="0" bet="45" muck="1" rebuy="0" addon="0" merge="0" rebuychips="0" reg_code="8385566872"/>
<player seat="10" name="RipRapRoo" chips="101" dealer="1" win="90" bet="101" muck="1" rebuy="0" addon="0" merge="0" rebuychips="0" reg_code="8385566875"/>
</players>
</general>
<round no="0"><action no="1" player="RipRapRoo" type="15" discard="1" dealt="1" sum="5"/>
<action no="2" player="oreiasccp" type="15" sum="5"/>
<action no="3" player="RipRapRoo" type="1" discard="1" dealt="1" sum="20"/>
<action no="4" player="oreiasccp" type="2" sum="40"/>
</round>
<round no="1"><cards type="Pocket" player="oreiasccp">C7 CJ</cards>
<cards type="Pocket" player="RipRapRoo">X X</cards>
<action no="5" player="RipRapRoo" type="3" discard="1" dealt="1" sum="20"/>
<action no="6" player="oreiasccp" type="4" sum="0"/>
</round>
<round no="2"><cards type="Flop">H6 SA D3</cards>
<action no="7" player="oreiasccp" type="4" sum="0"/>
<action no="8" player="RipRapRoo" type="4" discard="1" dealt="1" sum="0"/>
</round>
<round no="3"><cards type="Turn">C3</cards>
<action no="9" player="oreiasccp" type="4" sum="0"/>
<action no="10" player="RipRapRoo" type="5" discard="1" dealt="1" sum="56"/>
<action no="11" player="oreiasccp" type="0" sum="0"/>
</round>
</game>
<game gamecode="11517001296"><general><startdate>2025-06-17 12:41:10</startdate>
<round>1</round>
<failsafecounter/>
<players><player seat="10" name="RipRapRoo" chips="146" dealer="0" win="292" bet="146" muck="0" rebuy="0" addon="0" merge="0" rebuychips="0" reg_code="8385566875"/>
<player seat="6" name="oreiasccp" chips="1,354" dealer="1" win="0" bet="146" muck="1" rebuy="0" addon="0" merge="0" rebuychips="0" reg_code="8385566872"/>
</players>
</general>
<round no="0"><action no="1" player="oreiasccp" type="15" sum="5"/>
<action no="2" player="RipRapRoo" type="15" discard="1" dealt="1" sum="5"/>
<action no="3" player="oreiasccp" type="1" sum="20"/>
<action no="4" player="RipRapRoo" type="2" discard="1" dealt="1" sum="40"/>
</round>
<round no="1"><cards type="Pocket" player="oreiasccp">D9 CQ</cards>
<cards type="Pocket" player="RipRapRoo">SQ DQ</cards>
<action no="5" player="oreiasccp" type="23" sum="141"/>
<action no="6" player="RipRapRoo" type="7" discard="1" dealt="1" sum="101"/>
</round>
<round no="2"><cards type="Flop">C4 HJ CJ</cards>
</round>
<round no="3"><cards type="Turn">HK</cards>
</round>
<round no="4"><cards type="River">C9</cards>
</round>
</game>
<game gamecode="11517001374"><general><startdate>2025-06-17 12:41:26</startdate>
<round>1</round>
<failsafecounter/>
<players><player seat="6" name="oreiasccp" chips="1,208" dealer="0" win="90" bet="292" muck="1" rebuy="0" addon="0" merge="0" rebuychips="0" reg_code="8385566872"/>
<player seat="10" name="RipRapRoo" chips="292" dealer="1" win="0" bet="45" muck="1" rebuy="0" addon="0" merge="0" rebuychips="0" reg_code="8385566875"/>
</players>
</general>
<round no="0"><action no="1" player="RipRapRoo" type="15" discard="1" dealt="1" sum="5"/>
<action no="2" player="oreiasccp" type="15" sum="5"/>
<action no="3" player="RipRapRoo" type="1" discard="1" dealt="1" sum="20"/>
<action no="4" player="oreiasccp" type="2" sum="40"/>
</round>
<round no="1"><cards type="Pocket" player="oreiasccp">HA S5</cards>
<cards type="Pocket" player="RipRapRoo">X X</cards>
<action no="5" player="RipRapRoo" type="3" discard="1" dealt="1" sum="20"/>
<action no="6" player="oreiasccp" type="23" sum="287"/>
<action no="7" player="RipRapRoo" type="0" discard="1" dealt="1" sum="0"/>
</round>
</game>
<game gamecode="11517001469"><general><startdate>2025-06-17 12:41:48</startdate>
<round>1</round>
<failsafecounter/>
<players><player seat="10" name="RipRapRoo" chips="247" dealer="0" win="70" bet="65" muck="1" rebuy="0" addon="0" merge="0" rebuychips="0" reg_code="8385566875"/>
<player seat="6" name="oreiasccp" chips="1,253" dealer="1" win="0" bet="35" muck="1" rebuy="0" addon="0" merge="0" rebuychips="0" reg_code="8385566872"/>
</players>
</general>
<round no="0"><action no="1" player="oreiasccp" type="15" sum="5"/>
<action no="2" player="RipRapRoo" type="15" discard="1" dealt="1" sum="5"/>
<action no="3" player="oreiasccp" type="1" sum="30"/>
<action no="4" player="RipRapRoo" type="2" discard="1" dealt="1" sum="60"/>
</round>
<round no="1"><cards type="Pocket" player="oreiasccp">D10 H2</cards>
<cards type="Pocket" player="RipRapRoo">X X</cards>
<action no="5" player="oreiasccp" type="0" sum="0"/>
</round>
</game>
<game gamecode="11517001495"><general><startdate>2025-06-17 12:41:53</startdate>
<round>1</round>
<failsafecounter/>
<players><player seat="6" name="oreiasccp" chips="1,218" dealer="0" win="0" bet="65" muck="1" rebuy="0" addon="0" merge="0" rebuychips="0" reg_code="8385566872"/>
<player seat="10" name="RipRapRoo" chips="282" dealer="1" win="130" bet="125" muck="1" rebuy="0" addon="0" merge="0" rebuychips="0" reg_code="8385566875"/>
</players>
</general>
<round no="0"><action no="1" player="RipRapRoo" type="15" discard="1" dealt="1" sum="5"/>
<action no="2" player="oreiasccp" type="15" sum="5"/>
<action no="3" player="RipRapRoo" type="1" discard="1" dealt="1" sum="30"/>
<action no="4" player="oreiasccp" type="2" sum="60"/>
</round>
<round no="1"><cards type="Pocket" player="oreiasccp">H3 C6</cards>
<cards type="Pocket" player="RipRapRoo">X X</cards>
<action no="5" player="RipRapRoo" type="3" discard="1" dealt="1" sum="30"/>
<action no="6" player="oreiasccp" type="4" sum="0"/>
</round>
<round no="2"><cards type="Flop">DQ S4 S8</cards>
<action no="7" player="oreiasccp" type="4" sum="0"/>
<action no="8" player="RipRapRoo" type="4" discard="1" dealt="1" sum="0"/>
</round>
<round no="3"><cards type="Turn">C7</cards>
<action no="9" player="oreiasccp" type="4" sum="0"/>
<action no="10" player="RipRapRoo" type="4" discard="1" dealt="1" sum="0"/>
</round>
<round no="4"><cards type="River">H6</cards>
<action no="11" player="oreiasccp" type="4" sum="0"/>
<action no="12" player="RipRapRoo" type="5" discard="1" dealt="1" sum="60"/>
<action no="13" player="oreiasccp" type="0" sum="0"/>
</round>
</game>
<game gamecode="11517001616"><general><startdate>2025-06-17 12:42:23</startdate>
<round>1</round>
<failsafecounter/>
<players><player seat="10" name="RipRapRoo" chips="347" dealer="0" win="250" bet="347" muck="1" rebuy="0" addon="0" merge="0" rebuychips="0" reg_code="8385566875"/>
<player seat="6" name="oreiasccp" chips="1,153" dealer="1" win="0" bet="125" muck="1" rebuy="0" addon="0" merge="0" rebuychips="0" reg_code="8385566872"/>
</players>
</general>
<round no="0"><action no="1" player="oreiasccp" type="15" sum="5"/>
<action no="2" player="RipRapRoo" type="15" discard="1" dealt="1" sum="5"/>
<action no="3" player="oreiasccp" type="1" sum="30"/>
<action no="4" player="RipRapRoo" type="2" discard="1" dealt="1" sum="60"/>
</round>
<round no="1"><cards type="Pocket" player="oreiasccp">C9 D7</cards>
<cards type="Pocket" player="RipRapRoo">X X</cards>
<action no="5" player="oreiasccp" type="3" sum="30"/>
<action no="6" player="RipRapRoo" type="4" discard="1" dealt="1" sum="0"/>
</round>
<round no="2"><cards type="Flop">H5 D10 S3</cards>
<action no="7" player="RipRapRoo" type="4" discard="1" dealt="1" sum="0"/>
<action no="8" player="oreiasccp" type="5" sum="60"/>
<action no="9" player="RipRapRoo" type="23" discard="1" dealt="1" sum="282"/>
<action no="10" player="oreiasccp" type="0" sum="0"/>
</round>
</game>
<game gamecode="11517001679"><general><startdate>2025-06-17 12:42:39</startdate>
<round>1</round>
<failsafecounter/>
<players><player seat="6" name="oreiasccp" chips="1,028" dealer="0" win="0" bet="125" muck="1" rebuy="0" addon="0" merge="0" rebuychips="0" reg_code="8385566872"/>
<player seat="10" name="RipRapRoo" chips="472" dealer="1" win="250" bet="185" muck="1" rebuy="0" addon="0" merge="0" rebuychips="0" reg_code="8385566875"/>
</players>
</general>
<round no="0"><action no="1" player="RipRapRoo" type="15" discard="1" dealt="1" sum="5"/>
<action no="2" player="oreiasccp" type="15" sum="5"/>
<action no="3" player="RipRapRoo" type="1" discard="1" dealt="1" sum="30"/>
<action no="4" player="oreiasccp" type="2" sum="60"/>
</round>
<round no="1"><cards type="Pocket" player="oreiasccp">C10 H3</cards>
<cards type="Pocket" player="RipRapRoo">X X</cards>
<action no="5" player="RipRapRoo" type="3" discard="1" dealt="1" sum="30"/>
<action no="6" player="oreiasccp" type="4" sum="0"/>
</round>
<round no="2"><cards type="Flop">D6 H2 S9</cards>
<action no="7" player="oreiasccp" type="4" sum="0"/>
<action no="8" player="RipRapRoo" type="4" discard="1" dealt="1" sum="0"/>
</round>
<round no="3"><cards type="Turn">SK</cards>
<action no="9" player="oreiasccp" type="5" sum="60"/>
<action no="10" player="RipRapRoo" type="23" discard="1" dealt="1" sum="120"/>
<action no="11" player="oreiasccp" type="0" sum="0"/>
</round>
</game>
<game gamecode="11517001783"><general><startdate>2025-06-17 12:43:02</startdate>
<round>1</round>
<failsafecounter/>
<players><player seat="10" name="RipRapRoo" chips="597" dealer="0" win="70" bet="65" muck="1" rebuy="0" addon="0" merge="0" rebuychips="0" reg_code="8385566875"/>
<player seat="6" name="oreiasccp" chips="903" dealer="1" win="0" bet="35" muck="1" rebuy="0" addon="0" merge="0" rebuychips="0" reg_code="8385566872"/>
</players>
</general>
<round no="0"><action no="1" player="oreiasccp" type="15" sum="5"/>
<action no="2" player="RipRapRoo" type="15" discard="1" dealt="1" sum="5"/>
<action no="3" player="oreiasccp" type="1" sum="30"/>
<action no="4" player="RipRapRoo" type="2" discard="1" dealt="1" sum="60"/>
</round>
<round no="1"><cards type="Pocket" player="RipRapRoo">X X</cards>
<cards type="Pocket" player="oreiasccp">D3 S2</cards>
<action no="5" player="oreiasccp" type="0" sum="0"/>
</round>
</game>
<game gamecode="11517001799"><general><startdate>2025-06-17 12:43:07</startdate>
<round>1</round>
<failsafecounter/>
<players><player seat="6" name="oreiasccp" chips="868" dealer="0" win="0" bet="65" muck="1" rebuy="0" addon="0" merge="0" rebuychips="0" reg_code="8385566872"/>
<player seat="10" name="RipRapRoo" chips="632" dealer="1" win="130" bet="130" muck="1" rebuy="0" addon="0" merge="0" rebuychips="0" reg_code="8385566875"/>
</players>
</general>
<round no="0"><action no="1" player="RipRapRoo" type="15" discard="1" dealt="1" sum="5"/>
<action no="2" player="oreiasccp" type="15" sum="5"/>
<action no="3" player="RipRapRoo" type="1" discard="1" dealt="1" sum="30"/>
<action no="4" player="oreiasccp" type="2" sum="60"/>
</round>
<round no="1"><cards type="Pocket" player="oreiasccp">C8 D7</cards>
<cards type="Pocket" player="RipRapRoo">X X</cards>
<action no="5" player="RipRapRoo" type="3" discard="1" dealt="1" sum="30"/>
<action no="6" player="oreiasccp" type="4" sum="0"/>
</round>
<round no="2"><cards type="Flop">D4 S2 H9</cards>
<action no="7" player="oreiasccp" type="4" sum="0"/>
<action no="8" player="RipRapRoo" type="4" discard="1" dealt="1" sum="0"/>
</round>
<round no="3"><cards type="Turn">S4</cards>
<action no="9" player="oreiasccp" type="4" sum="0"/>
<action no="10" player="RipRapRoo" type="4" discard="1" dealt="1" sum="0"/>
</round>
<round no="4"><cards type="River">S9</cards>
<action no="11" player="oreiasccp" type="4" sum="0"/>
<action no="12" player="RipRapRoo" type="5" discard="1" dealt="1" sum="65"/>
<action no="13" player="oreiasccp" type="0" sum="0"/>
</round>
</game>
<game gamecode="11517002015"><general><startdate>2025-06-17 12:43:52</startdate>
<round>1</round>
<failsafecounter/>
<players><player seat="10" name="RipRapRoo" chips="697" dealer="0" win="0" bet="88" muck="1" rebuy="0" addon="0" merge="0" rebuychips="0" reg_code="8385566875"/>
<player seat="6" name="oreiasccp" chips="803" dealer="1" win="176" bet="697" muck="1" rebuy="0" addon="0" merge="0" rebuychips="0" reg_code="8385566872"/>
</players>
</general>
<round no="0"><action no="1" player="oreiasccp" type="15" sum="8"/>
<action no="2" player="RipRapRoo" type="15" discard="1" dealt="1" sum="8"/>
<action no="3" player="oreiasccp" type="1" sum="40"/>
<action no="4" player="RipRapRoo" type="2" discard="1" dealt="1" sum="80"/>
</round>
<round no="1"><cards type="Pocket" player="oreiasccp">S8 SJ</cards>
<cards type="Pocket" player="RipRapRoo">X X</cards>
<action no="5" player="oreiasccp" type="23" sum="689"/>
<action no="6" player="RipRapRoo" type="0" discard="1" dealt="1" sum="0"/>
</round>
</game>
<game gamecode="11517002062"><general><startdate>2025-06-17 12:44:03</startdate>
<round>1</round>
<failsafecounter/>
<players><player seat="6" name="oreiasccp" chips="891" dealer="0" win="176" bet="609" muck="1" rebuy="0" addon="0" merge="0" rebuychips="0" reg_code="8385566872"/>
<player seat="10" name="RipRapRoo" chips="609" dealer="1" win="0" bet="88" muck="1" rebuy="0" addon="0" merge="0" rebuychips="0" reg_code="8385566875"/>
</players>
</general>
<round no="0"><action no="1" player="RipRapRoo" type="15" discard="1" dealt="1" sum="8"/>
<action no="2" player="oreiasccp" type="15" sum="8"/>
<action no="3" player="RipRapRoo" type="1" discard="1" dealt="1" sum="40"/>
<action no="4" player="oreiasccp" type="2" sum="80"/>
</round>
<round no="1"><cards type="Pocket" player="oreiasccp">CK D9</cards>
<cards type="Pocket" player="RipRapRoo">X X</cards>
<action no="5" player="RipRapRoo" type="3" discard="1" dealt="1" sum="40"/>
<action no="6" player="oreiasccp" type="23" sum="601"/>
<action no="7" player="RipRapRoo" type="0" discard="1" dealt="1" sum="0"/>
</round>
</game>
<game gamecode="11517002114"><general><startdate>2025-06-17 12:44:12</startdate>
<round>1</round>
<failsafecounter/>
<players><player seat="10" name="RipRapRoo" chips="521" dealer="0" win="0" bet="88" muck="1" rebuy="0" addon="0" merge="0" rebuychips="0" reg_code="8385566875"/>
<player seat="6" name="oreiasccp" chips="979" dealer="1" win="176" bet="521" muck="1" rebuy="0" addon="0" merge="0" rebuychips="0" reg_code="8385566872"/>
</players>
</general>
<round no="0"><action no="1" player="oreiasccp" type="15" sum="8"/>
<action no="2" player="RipRapRoo" type="15" discard="1" dealt="1" sum="8"/>
<action no="3" player="oreiasccp" type="1" sum="40"/>
<action no="4" player="RipRapRoo" type="2" discard="1" dealt="1" sum="80"/>
</round>
<round no="1"><cards type="Pocket" player="RipRapRoo">X X</cards>
<cards type="Pocket" player="oreiasccp">C8 S7</cards>
<action no="5" player="oreiasccp" type="23" sum="513"/>
<action no="6" player="RipRapRoo" type="0" discard="1" dealt="1" sum="0"/>
</round>
</game>
<game gamecode="11517002174"><general><startdate>2025-06-17 12:44:24</startdate>
<round>1</round>
<failsafecounter/>
<players><player seat="6" name="oreiasccp" chips="1,067" dealer="0" win="0" bet="168" muck="1" rebuy="0" addon="0" merge="0" rebuychips="0" reg_code="8385566872"/>
<player seat="10" name="RipRapRoo" chips="433" dealer="1" win="336" bet="248" muck="1" rebuy="0" addon="0" merge="0" rebuychips="0" reg_code="8385566875"/>
</players>
</general>
<round no="0"><action no="1" player="RipRapRoo" type="15" discard="1" dealt="1" sum="8"/>
<action no="2" player="oreiasccp" type="15" sum="8"/>
<action no="3" player="RipRapRoo" type="1" discard="1" dealt="1" sum="40"/>
<action no="4" player="oreiasccp" type="2" sum="80"/>
</round>
<round no="1"><cards type="Pocket" player="RipRapRoo">X X</cards>
<cards type="Pocket" player="oreiasccp">S7 S2</cards>
<action no="5" player="RipRapRoo" type="3" discard="1" dealt="1" sum="40"/>
<action no="6" player="oreiasccp" type="4" sum="0"/>
</round>
<round no="2"><cards type="Flop">C7 C10 HA</cards>
<action no="7" player="oreiasccp" type="4" sum="0"/>
<action no="8" player="RipRapRoo" type="5" discard="1" dealt="1" sum="80"/>
<action no="9" player="oreiasccp" type="3" sum="80"/>
</round>
<round no="3"><cards type="Turn">HQ</cards>
<action no="10" player="oreiasccp" type="4" sum="0"/>
<action no="11" player="RipRapRoo" type="5" discard="1" dealt="1" sum="80"/>
<action no="12" player="oreiasccp" type="0" sum="0"/>
</round>
</game>
<game gamecode="11517002274"><general><startdate>2025-06-17 12:44:46</startdate>
<round>1</round>
<failsafecounter/>
<players><player seat="10" name="RipRapRoo" chips="601" dealer="0" win="0" bet="88" muck="1" rebuy="0" addon="0" merge="0" rebuychips="0" reg_code="8385566875"/>
<player seat="6" name="oreiasccp" chips="899" dealer="1" win="176" bet="601" muck="1" rebuy="0" addon="0" merge="0" rebuychips="0" reg_code="8385566872"/>
</players>
</general>
<round no="0"><action no="1" player="oreiasccp" type="15" sum="8"/>
<action no="2" player="RipRapRoo" type="15" discard="1" dealt="1" sum="8"/>
<action no="3" player="oreiasccp" type="1" sum="40"/>
<action no="4" player="RipRapRoo" type="2" discard="1" dealt="1" sum="80"/>
</round>
<round no="1"><cards type="Pocket" player="oreiasccp">SJ H10</cards>
<cards type="Pocket" player="RipRapRoo">X X</cards>
<action no="5" player="oreiasccp" type="23" sum="593"/>
<action no="6" player="RipRapRoo" type="0" discard="1" dealt="1" sum="0"/>
</round>
</game>
<game gamecode="11517002319"><general><startdate>2025-06-17 12:44:55</startdate>
<round>1</round>
<failsafecounter/>
<players><player seat="6" name="oreiasccp" chips="987" dealer="0" win="0" bet="88" muck="1" rebuy="0" addon="0" merge="0" rebuychips="0" reg_code="8385566872"/>
<player seat="10" name="RipRapRoo" chips="513" dealer="1" win="176" bet="168" muck="1" rebuy="0" addon="0" merge="0" rebuychips="0" reg_code="8385566875"/>
</players>
</general>
<round no="0"><action no="1" player="RipRapRoo" type="15" discard="1" dealt="1" sum="8"/>
<action no="2" player="oreiasccp" type="15" sum="8"/>
<action no="3" player="RipRapRoo" type="1" discard="1" dealt="1" sum="40"/>
<action no="4" player="oreiasccp" type="2" sum="80"/>
</round>
<round no="1"><cards type="Pocket" player="RipRapRoo">X X</cards>
<cards type="Pocket" player="oreiasccp">S5 H2</cards>
<action no="5" player="RipRapRoo" type="3" discard="1" dealt="1" sum="40"/>
<action no="6" player="oreiasccp" type="4" sum="0"/>
</round>
<round no="2"><cards type="Flop">HQ C7 D9</cards>
<action no="7" player="oreiasccp" type="4" sum="0"/>
<action no="8" player="RipRapRoo" type="4" discard="1" dealt="1" sum="0"/>
</round>
<round no="3"><cards type="Turn">S3</cards>
<action no="9" player="oreiasccp" type="4" sum="0"/>
<action no="10" player="RipRapRoo" type="5" discard="1" dealt="1" sum="80"/>
<action no="11" player="oreiasccp" type="0" sum="0"/>
</round>
</game>
<game gamecode="11517002377"><general><startdate>2025-06-17 12:45:09</startdate>
<round>1</round>
<failsafecounter/>
<players><player seat="10" name="RipRapRoo" chips="601" dealer="0" win="0" bet="88" muck="1" rebuy="0" addon="0" merge="0" rebuychips="0" reg_code="8385566875"/>
<player seat="6" name="oreiasccp" chips="899" dealer="1" win="176" bet="601" muck="1" rebuy="0" addon="0" merge="0" rebuychips="0" reg_code="8385566872"/>
</players>
</general>
<round no="0"><action no="1" player="oreiasccp" type="15" sum="8"/>
<action no="2" player="RipRapRoo" type="15" discard="1" dealt="1" sum="8"/>
<action no="3" player="oreiasccp" type="1" sum="40"/>
<action no="4" player="RipRapRoo" type="2" discard="1" dealt="1" sum="80"/>
</round>
<round no="1"><cards type="Pocket" player="RipRapRoo">X X</cards>
<cards type="Pocket" player="oreiasccp">H8 SJ</cards>
<action no="5" player="oreiasccp" type="23" sum="593"/>
<action no="6" player="RipRapRoo" type="0" discard="1" dealt="1" sum="0"/>
</round>
</game>
<game gamecode="11517002423"><general><startdate>2025-06-17 12:45:19</startdate>
<round>1</round>
<failsafecounter/>
<players><player seat="6" name="oreiasccp" chips="987" dealer="0" win="96" bet="88" muck="1" rebuy="0" addon="0" merge="0" rebuychips="0" reg_code="8385566872"/>
<player seat="10" name="RipRapRoo" chips="513" dealer="1" win="0" bet="48" muck="1" rebuy="0" addon="0" merge="0" rebuychips="0" reg_code="8385566875"/>
</players>
</general>
<round no="0"><action no="1" player="RipRapRoo" type="15" discard="1" dealt="1" sum="8"/>
<action no="2" player="oreiasccp" type="15" sum="8"/>
<action no="3" player="RipRapRoo" type="1" discard="1" dealt="1" sum="40"/>
<action no="4" player="oreiasccp" type="2" sum="80"/>
</round>
<round no="1"><cards type="Pocket" player="RipRapRoo">X X</cards>
<cards type="Pocket" player="oreiasccp">H6 D3</cards>
<action no="5" player="RipRapRoo" type="0" discard="1" dealt="1" sum="0"/>
</round>
</game>
<game gamecode="11517002449"><general><startdate>2025-06-17 12:45:26</startdate>
<round>1</round>
<failsafecounter/>
<players><player seat="10" name="RipRapRoo" chips="465" dealer="0" win="0" bet="88" muck="1" rebuy="0" addon="0" merge="0" rebuychips="0" reg_code="8385566875"/>
<player seat="6" name="oreiasccp" chips="1,035" dealer="1" win="176" bet="465" muck="1" rebuy="0" addon="0" merge="0" rebuychips="0" reg_code="8385566872"/>
</players>
</general>
<round no="0"><action no="1" player="oreiasccp" type="15" sum="8"/>
<action no="2" player="RipRapRoo" type="15" discard="1" dealt="1" sum="8"/>
<action no="3" player="oreiasccp" type="1" sum="40"/>
<action no="4" player="RipRapRoo" type="2" discard="1" dealt="1" sum="80"/>
</round>
<round no="1"><cards type="Pocket" player="oreiasccp">D8 D4</cards>
<cards type="Pocket" player="RipRapRoo">X X</cards>
<action no="5" player="oreiasccp" type="23" sum="457"/>
<action no="6" player="RipRapRoo" type="0" discard="1" dealt="1" sum="0"/>
</round>
</game>
<game gamecode="11517007568"><general><startdate>2025-06-17 12:45:36</startdate>
<round>1</round>
<failsafecounter/>
<players><player seat="6" name="oreiasccp" chips="1,123" dealer="0" win="120" bet="110" muck="1" rebuy="0" addon="0" merge="0" rebuychips="0" reg_code="8385566872"/>
<player seat="10" name="RipRapRoo" chips="377" dealer="1" win="0" bet="60" muck="1" rebuy="0" addon="0" merge="0" rebuychips="0" reg_code="8385566875"/>
</players>
</general>
<round no="0"><action no="1" player="RipRapRoo" type="15" discard="1" dealt="1" sum="10"/>
<action no="2" player="oreiasccp" type="15" sum="10"/>
<action no="3" player="RipRapRoo" type="1" discard="1" dealt="1" sum="50"/>
<action no="4" player="oreiasccp" type="2" sum="100"/>
</round>
<round no="1"><cards type="Pocket" player="oreiasccp">D9 S3</cards>
<cards type="Pocket" player="RipRapRoo">X X</cards>
<action no="5" player="RipRapRoo" type="0" discard="1" dealt="1" sum="0"/>
</round>
</game>
<game gamecode="11517007606"><general><startdate>2025-06-17 12:45:44</startdate>
<round>1</round>
<failsafecounter/>
<players><player seat="10" name="RipRapRoo" chips="317" dealer="0" win="0" bet="110" muck="1" rebuy="0" addon="0" merge="0" rebuychips="0" reg_code="8385566875"/>
<player seat="6" name="oreiasccp" chips="1,183" dealer="1" win="220" bet="317" muck="1" rebuy="0" addon="0" merge="0" rebuychips="0" reg_code="8385566872"/>
</players>
</general>
<round no="0"><action no="1" player="oreiasccp" type="15" sum="10"/>
<action no="2" player="RipRapRoo" type="15" discard="1" dealt="1" sum="10"/>
<action no="3" player="oreiasccp" type="1" sum="50"/>
<action no="4" player="RipRapRoo" type="2" discard="1" dealt="1" sum="100"/>
</round>
<round no="1"><cards type="Pocket" player="oreiasccp">SK C9</cards>
<cards type="Pocket" player="RipRapRoo">X X</cards>
<action no="5" player="oreiasccp" type="23" sum="307"/>
<action no="6" player="RipRapRoo" type="0" discard="1" dealt="1" sum="0"/>
</round>
</game>
<game gamecode="11517007646"><general><startdate>2025-06-17 12:45:54</startdate>
<round>1</round>
<failsafecounter/>
<players><player seat="6" name="oreiasccp" chips="1,293" dealer="0" win="120" bet="110" muck="1" rebuy="0" addon="0" merge="0" rebuychips="0" reg_code="8385566872"/>
<player seat="10" name="RipRapRoo" chips="207" dealer="1" win="0" bet="60" muck="1" rebuy="0" addon="0" merge="0" rebuychips="0" reg_code="8385566875"/>
</players>
</general>
<round no="0"><action no="1" player="RipRapRoo" type="15" discard="1" dealt="1" sum="10"/>
<action no="2" player="oreiasccp" type="15" sum="10"/>
<action no="3" player="RipRapRoo" type="1" discard="1" dealt="1" sum="50"/>
<action no="4" player="oreiasccp" type="2" sum="100"/>
</round>
<round no="1"><cards type="Pocket" player="oreiasccp">D4 SQ</cards>
<cards type="Pocket" player="RipRapRoo">X X</cards>
<action no="5" player="RipRapRoo" type="0" discard="1" dealt="1" sum="0"/>
</round>
</game>
<game gamecode="11517007695"><general><startdate>2025-06-17 12:46:04</startdate>
<round>1</round>
<failsafecounter/>
<players><player seat="10" name="RipRapRoo" chips="147" dealer="0" win="0" bet="110" muck="1" rebuy="0" addon="0" merge="0" rebuychips="0" reg_code="8385566875"/>
<player seat="6" name="oreiasccp" chips="1,353" dealer="1" win="220" bet="210" muck="1" rebuy="0" addon="0" merge="0" rebuychips="0" reg_code="8385566872"/>
</players>
</general>
<round no="0"><action no="1" player="oreiasccp" type="15" sum="10"/>
<action no="2" player="RipRapRoo" type="15" discard="1" dealt="1" sum="10"/>
<action no="3" player="oreiasccp" type="1" sum="50"/>
<action no="4" player="RipRapRoo" type="2" discard="1" dealt="1" sum="100"/>
</round>
<round no="1"><cards type="Pocket" player="oreiasccp">HA D2</cards>
<cards type="Pocket" player="RipRapRoo">X X</cards>
<action no="5" player="oreiasccp" type="23" sum="200"/>
<action no="6" player="RipRapRoo" type="0" discard="1" dealt="1" sum="0"/>
</round>
</game>
<game gamecode="11517007762"><general><startdate>2025-06-17 12:46:20</startdate>
<round>1</round>
<failsafecounter/>
<players><player seat="6" name="oreiasccp" chips="1,463" dealer="0" win="0" bet="110" muck="0" rebuy="0" addon="0" merge="0" rebuychips="0" reg_code="8385566872"/>
<player seat="10" name="RipRapRoo" chips="37" dealer="1" win="74" bet="37" muck="0" rebuy="0" addon="0" merge="0" rebuychips="0" reg_code="8385566875"/>
</players>
</general>
<round no="0"><action no="1" player="RipRapRoo" type="15" discard="1" dealt="1" sum="10"/>
<action no="2" player="oreiasccp" type="15" sum="10"/>
<action no="3" player="RipRapRoo" type="1" discard="1" dealt="1" sum="27"/>
<action no="4" player="oreiasccp" type="2" sum="100"/>
</round>
<round no="1"><cards type="Pocket" player="oreiasccp">C3 SA</cards>
<cards type="Pocket" player="RipRapRoo">HK HA</cards>
</round>
<round no="2"><cards type="Flop">CK D4 D5</cards>
</round>
<round no="3"><cards type="Turn">D9</cards>
</round>
<round no="4"><cards type="River">C7</cards>
</round>
</game>
<game gamecode="11517007821"><general><startdate>2025-06-17 12:46:33</startdate>
<round>1</round>
<failsafecounter/>
<players><player seat="10" name="RipRapRoo" chips="74" dealer="0" win="148" bet="74" muck="0" rebuy="0" addon="0" merge="0" rebuychips="0" reg_code="8385566875"/>
<player seat="6" name="oreiasccp" chips="1,426" dealer="1" win="0" bet="74" muck="1" rebuy="0" addon="0" merge="0" rebuychips="0" reg_code="8385566872"/>
</players>
</general>
<round no="0"><action no="1" player="oreiasccp" type="15" sum="10"/>
<action no="2" player="RipRapRoo" type="15" discard="1" dealt="1" sum="10"/>
<action no="3" player="oreiasccp" type="1" sum="50"/>
<action no="4" player="RipRapRoo" type="2" discard="1" dealt="1" sum="64"/>
</round>
<round no="1"><cards type="Pocket" player="oreiasccp">S8 S9</cards>
<cards type="Pocket" player="RipRapRoo">D7 S4</cards>
<action no="5" player="oreiasccp" type="3" sum="14"/>
</round>
<round no="2"><cards type="Flop">C7 HQ C5</cards>
</round>
<round no="3"><cards type="Turn">S2</cards>
</round>
<round no="4"><cards type="River">C4</cards>
</round>
</game>
<game gamecode="11517007877"><general><startdate>2025-06-17 12:46:46</startdate>
<round>1</round>
<failsafecounter/>
<players><player seat="6" name="oreiasccp" chips="1,352" dealer="0" win="0" bet="148" muck="1" rebuy="0" addon="0" merge="0" rebuychips="0" reg_code="8385566872"/>
<player seat="10" name="RipRapRoo" chips="148" dealer="1" win="296" bet="148" muck="0" rebuy="0" addon="0" merge="0" rebuychips="0" reg_code="8385566875"/>
</players>
</general>
<round no="0"><action no="1" player="RipRapRoo" type="15" discard="1" dealt="1" sum="10"/>
<action no="2" player="oreiasccp" type="15" sum="10"/>
<action no="3" player="RipRapRoo" type="1" discard="1" dealt="1" sum="50"/>
<action no="4" player="oreiasccp" type="2" sum="100"/>
</round>
<round no="1"><cards type="Pocket" player="oreiasccp">D6 S7</cards>
<cards type="Pocket" player="RipRapRoo">H6 SQ</cards>
<action no="5" player="RipRapRoo" type="7" discard="1" dealt="1" sum="88"/>
<action no="6" player="oreiasccp" type="3" sum="38"/>
</round>
<round no="2"><cards type="Flop">DQ S8 C8</cards>
</round>
<round no="3"><cards type="Turn">D8</cards>
</round>
<round no="4"><cards type="River">H3</cards>
</round>
</game>
<game gamecode="11517007962"><general><startdate>2025-06-17 12:47:06</startdate>
<round>1</round>
<failsafecounter/>
<players><player seat="10" name="RipRapRoo" chips="296" dealer="0" win="592" bet="296" muck="0" rebuy="0" addon="0" merge="0" rebuychips="0" reg_code="8385566875"/>
<player seat="6" name="oreiasccp" chips="1,204" dealer="1" win="0" bet="296" muck="1" rebuy="0" addon="0" merge="0" rebuychips="0" reg_code="8385566872"/>
</players>
</general>
<round no="0"><action no="1" player="oreiasccp" type="15" sum="10"/>
<action no="2" player="RipRapRoo" type="15" discard="1" dealt="1" sum="10"/>
<action no="3" player="oreiasccp" type="1" sum="50"/>
<action no="4" player="RipRapRoo" type="2" discard="1" dealt="1" sum="100"/>
</round>
<round no="1"><cards type="Pocket" player="RipRapRoo">S8 CJ</cards>
<cards type="Pocket" player="oreiasccp">HA S6</cards>
<action no="5" player="oreiasccp" type="23" sum="286"/>
<action no="6" player="RipRapRoo" type="7" discard="1" dealt="1" sum="186"/>
</round>
<round no="2"><cards type="Flop">S9 S10 S3</cards>
</round>
<round no="3"><cards type="Turn">D6</cards>
</round>
<round no="4"><cards type="River">S4</cards>
</round>
</game>
<game gamecode="11517008032"><general><startdate>2025-06-17 12:47:22</startdate>
<round>1</round>
<failsafecounter/>
<players><player seat="6" name="oreiasccp" chips="908" dealer="0" win="0" bet="210" muck="1" rebuy="0" addon="0" merge="0" rebuychips="0" reg_code="8385566872"/>
<player seat="10" name="RipRapRoo" chips="592" dealer="1" win="420" bet="592" muck="1" rebuy="0" addon="0" merge="0" rebuychips="0" reg_code="8385566875"/>
</players>
</general>
<round no="0"><action no="1" player="RipRapRoo" type="15" discard="1" dealt="1" sum="10"/>
<action no="2" player="oreiasccp" type="15" sum="10"/>
<action no="3" player="RipRapRoo" type="1" discard="1" dealt="1" sum="50"/>
<action no="4" player="oreiasccp" type="2" sum="100"/>
</round>
<round no="1"><cards type="Pocket" player="oreiasccp">HJ S10</cards>
<cards type="Pocket" player="RipRapRoo">X X</cards>
<action no="5" player="RipRapRoo" type="3" discard="1" dealt="1" sum="50"/>
<action no="6" player="oreiasccp" type="4" sum="0"/>
</round>
<round no="2"><cards type="Flop">SA D10 SJ</cards>
<action no="7" player="oreiasccp" type="4" sum="0"/>
<action no="8" player="RipRapRoo" type="4" discard="1" dealt="1" sum="0"/>
</round>
<round no="3"><cards type="Turn">CK</cards>
<action no="9" player="oreiasccp" type="4" sum="0"/>
<action no="10" player="RipRapRoo" type="5" discard="1" dealt="1" sum="100"/>
<action no="11" player="oreiasccp" type="3" sum="100"/>
</round>
<round no="4"><cards type="River">H2</cards>
<action no="12" player="oreiasccp" type="4" sum="0"/>
<action no="13" player="RipRapRoo" type="5" discard="1" dealt="1" sum="382"/>
<action no="14" player="oreiasccp" type="0" sum="0"/>
</round>
</game>
<game gamecode="11517008129"><general><startdate>2025-06-17 12:47:44</startdate>
<round>1</round>
<failsafecounter/>
<players><player seat="10" name="RipRapRoo" chips="802" dealer="0" win="140" bet="130" muck="1" rebuy="0" addon="0" merge="0" rebuychips="0" reg_code="8385566875"/>
<player seat="6" name="oreiasccp" chips="698" dealer="1" win="0" bet="70" muck="1" rebuy="0" addon="0" merge="0" rebuychips="0" reg_code="8385566872"/>
</players>
</general>
<round no="0"><action no="1" player="oreiasccp" type="15" sum="10"/>
<action no="2" player="RipRapRoo" type="15" discard="1" dealt="1" sum="10"/>
<action no="3" player="oreiasccp" type="1" sum="60"/>
<action no="4" player="RipRapRoo" type="2" discard="1" dealt="1" sum="120"/>
</round>
<round no="1"><cards type="Pocket" player="oreiasccp">C10 S5</cards>
<cards type="Pocket" player="RipRapRoo">X X</cards>
<action no="5" player="oreiasccp" type="0" sum="0"/>
</round>
</game>
<game gamecode="11517008146"><general><startdate>2025-06-17 12:47:49</startdate>
<round>1</round>
<failsafecounter/>
<players><player seat="6" name="oreiasccp" chips="628" dealer="0" win="0" bet="130" muck="1" rebuy="0" addon="0" merge="0" rebuychips="0" reg_code="8385566872"/>
<player seat="10" name="RipRapRoo" chips="872" dealer="1" win="260" bet="872" muck="1" rebuy="0" addon="0" merge="0" rebuychips="0" reg_code="8385566875"/>
</players>
</general>
<round no="0"><action no="1" player="RipRapRoo" type="15" discard="1" dealt="1" sum="10"/>
<action no="2" player="oreiasccp" type="15" sum="10"/>
<action no="3" player="RipRapRoo" type="1" discard="1" dealt="1" sum="60"/>
<action no="4" player="oreiasccp" type="2" sum="120"/>
</round>
<round no="1"><cards type="Pocket" player="oreiasccp">D3 H5</cards>
<cards type="Pocket" player="RipRapRoo">X X</cards>
<action no="5" player="RipRapRoo" type="3" discard="1" dealt="1" sum="60"/>
<action no="6" player="oreiasccp" type="4" sum="0"/>
</round>
<round no="2"><cards type="Flop">C10 C7 C9</cards>
<action no="7" player="oreiasccp" type="4" sum="0"/>
<action no="8" player="RipRapRoo" type="5" discard="1" dealt="1" sum="742"/>
<action no="9" player="oreiasccp" type="0" sum="0"/>
</round>
</game>
<game gamecode="11517008208"><general><startdate>2025-06-17 12:48:02</startdate>
<round>1</round>
<failsafecounter/>
<players><player seat="10" name="RipRapRoo" chips="1,002" dealer="0" win="140" bet="130" muck="1" rebuy="0" addon="0" merge="0" rebuychips="0" reg_code="8385566875"/>
<player seat="6" name="oreiasccp" chips="498" dealer="1" win="0" bet="70" muck="1" rebuy="0" addon="0" merge="0" rebuychips="0" reg_code="8385566872"/>
</players>
</general>
<round no="0"><action no="1" player="oreiasccp" type="15" sum="10"/>
<action no="2" player="RipRapRoo" type="15" discard="1" dealt="1" sum="10"/>
<action no="3" player="oreiasccp" type="1" sum="60"/>
<action no="4" player="RipRapRoo" type="2" discard="1" dealt="1" sum="120"/>
</round>
<round no="1"><cards type="Pocket" player="oreiasccp">D9 C2</cards>
<cards type="Pocket" player="RipRapRoo">X X</cards>
<action no="5" player="oreiasccp" type="0" sum="0"/>
</round>
</game>
<game gamecode="11517008232"><general><startdate>2025-06-17 12:48:08</startdate>
<round>1</round>
<failsafecounter/>
<players><player seat="6" name="oreiasccp" chips="428" dealer="0" win="856" bet="428" muck="0" rebuy="0" addon="0" merge="0" rebuychips="0" reg_code="8385566872"/>
<player seat="10" name="RipRapRoo" chips="1,072" dealer="1" win="0" bet="1,072" muck="1" rebuy="0" addon="0" merge="0" rebuychips="0" reg_code="8385566875"/>
</players>
</general>
<round no="0"><action no="1" player="RipRapRoo" type="15" discard="1" dealt="1" sum="10"/>
<action no="2" player="oreiasccp" type="15" sum="10"/>
<action no="3" player="RipRapRoo" type="1" discard="1" dealt="1" sum="60"/>
<action no="4" player="oreiasccp" type="2" sum="120"/>
</round>
<round no="1"><cards type="Pocket" player="oreiasccp">HJ S3</cards>
<cards type="Pocket" player="RipRapRoo">S6 D6</cards>
<action no="5" player="RipRapRoo" type="3" discard="1" dealt="1" sum="60"/>
<action no="6" player="oreiasccp" type="4" sum="0"/>
</round>
<round no="2"><cards type="Flop">CJ C10 SJ</cards>
<action no="7" player="oreiasccp" type="4" sum="0"/>
<action no="8" player="RipRapRoo" type="5" discard="1" dealt="1" sum="130"/>
<action no="9" player="oreiasccp" type="3" sum="130"/>
</round>
<round no="3"><cards type="Turn">DA</cards>
<action no="10" player="oreiasccp" type="4" sum="0"/>
<action no="11" player="RipRapRoo" type="5" discard="1" dealt="1" sum="812"/>
<action no="12" player="oreiasccp" type="7" sum="168"/>
</round>
<round no="4"><cards type="River">DJ</cards>
</round>
</game>
<game gamecode="11517008348"><general><startdate>2025-06-17 12:48:38</startdate>
<round>1</round>
<failsafecounter/>
<players><player seat="10" name="RipRapRoo" chips="644" dealer="0" win="0" bet="130" muck="1" rebuy="0" addon="0" merge="0" rebuychips="0" reg_code="8385566875"/>
<player seat="6" name="oreiasccp" chips="856" dealer="1" win="260" bet="644" muck="1" rebuy="0" addon="0" merge="0" rebuychips="0" reg_code="8385566872"/>
</players>
</general>
<round no="0"><action no="1" player="oreiasccp" type="15" sum="10"/>
<action no="2" player="RipRapRoo" type="15" discard="1" dealt="1" sum="10"/>
<action no="3" player="oreiasccp" type="1" sum="60"/>
<action no="4" player="RipRapRoo" type="2" discard="1" dealt="1" sum="120"/>
</round>
<round no="1"><cards type="Pocket" player="oreiasccp">S9 C7</cards>
<cards type="Pocket" player="RipRapRoo">X X</cards>
<action no="5" player="oreiasccp" type="23" sum="634"/>
<action no="6" player="RipRapRoo" type="0" discard="1" dealt="1" sum="0"/>
</round>
</game>
<game gamecode="11517008409"><general><startdate>2025-06-17 12:48:51</startdate>
<round>1</round>
<failsafecounter/>
<players><player seat="6" name="oreiasccp" chips="986" dealer="0" win="140" bet="130" muck="1" rebuy="0" addon="0" merge="0" rebuychips="0" reg_code="8385566872"/>
<player seat="10" name="RipRapRoo" chips="514" dealer="1" win="0" bet="70" muck="1" rebuy="0" addon="0" merge="0" rebuychips="0" reg_code="8385566875"/>
</players>
</general>
<round no="0"><action no="1" player="RipRapRoo" type="15" discard="1" dealt="1" sum="10"/>
<action no="2" player="oreiasccp" type="15" sum="10"/>
<action no="3" player="RipRapRoo" type="1" discard="1" dealt="1" sum="60"/>
<action no="4" player="oreiasccp" type="2" sum="120"/>
</round>
<round no="1"><cards type="Pocket" player="oreiasccp">H5 H10</cards>
<cards type="Pocket" player="RipRapRoo">X X</cards>
<action no="5" player="RipRapRoo" type="0" discard="1" dealt="1" sum="0"/>
</round>
</game>
<game gamecode="11517008450"><general><startdate>2025-06-17 12:48:59</startdate>
<round>1</round>
<failsafecounter/>
<players><player seat="10" name="RipRapRoo" chips="444" dealer="0" win="0" bet="130" muck="1" rebuy="0" addon="0" merge="0" rebuychips="0" reg_code="8385566875"/>
<player seat="6" name="oreiasccp" chips="1,056" dealer="1" win="260" bet="444" muck="1" rebuy="0" addon="0" merge="0" rebuychips="0" reg_code="8385566872"/>
</players>
</general>
<round no="0"><action no="1" player="oreiasccp" type="15" sum="10"/>
<action no="2" player="RipRapRoo" type="15" discard="1" dealt="1" sum="10"/>
<action no="3" player="oreiasccp" type="1" sum="60"/>
<action no="4" player="RipRapRoo" type="2" discard="1" dealt="1" sum="120"/>
</round>
<round no="1"><cards type="Pocket" player="oreiasccp">C3 SQ</cards>
<cards type="Pocket" player="RipRapRoo">X X</cards>
<action no="5" player="oreiasccp" type="23" sum="434"/>
<action no="6" player="RipRapRoo" type="0" discard="1" dealt="1" sum="0"/>
</round>
</game>
<game gamecode="11517008499"><general><startdate>2025-06-17 12:49:10</startdate>
<round>1</round>
<failsafecounter/>
<players><player seat="6" name="oreiasccp" chips="1,186" dealer="0" win="0" bet="314" muck="1" rebuy="0" addon="0" merge="0" rebuychips="0" reg_code="8385566872"/>
<player seat="10" name="RipRapRoo" chips="314" dealer="1" win="628" bet="314" muck="0" rebuy="0" addon="0" merge="0" rebuychips="0" reg_code="8385566875"/>
</players>
</general>
<round no="0"><action no="1" player="RipRapRoo" type="15" discard="1" dealt="1" sum="10"/>
<action no="2" player="oreiasccp" type="15" sum="10"/>
<action no="3" player="RipRapRoo" type="1" discard="1" dealt="1" sum="60"/>
<action no="4" player="oreiasccp" type="2" sum="120"/>
</round>
<round no="1"><cards type="Pocket" player="RipRapRoo">C9 HJ</cards>
<cards type="Pocket" player="oreiasccp">D8 H9</cards>
<action no="5" player="RipRapRoo" type="23" discard="1" dealt="1" sum="304"/>
<action no="6" player="oreiasccp" type="3" sum="184"/>
</round>
<round no="2"><cards type="Flop">D3 CA CQ</cards>
</round>
<round no="3"><cards type="Turn">S5</cards>
</round>
<round no="4"><cards type="River">D4</cards>
</round>
</game>
<game gamecode="11517008572"><general><startdate>2025-06-17 12:49:27</startdate>
<round>1</round>
<failsafecounter/>
<players><player seat="10" name="RipRapRoo" chips="628" dealer="0" win="140" bet="130" muck="1" rebuy="0" addon="0" merge="0" rebuychips="0" reg_code="8385566875"/>
<player seat="6" name="oreiasccp" chips="872" dealer="1" win="0" bet="70" muck="1" rebuy="0" addon="0" merge="0" rebuychips="0" reg_code="8385566872"/>
</players>
</general>
<round no="0"><action no="1" player="oreiasccp" type="15" sum="10"/>
<action no="2" player="RipRapRoo" type="15" discard="1" dealt="1" sum="10"/>
<action no="3" player="oreiasccp" type="1" sum="60"/>
<action no="4" player="RipRapRoo" type="2" discard="1" dealt="1" sum="120"/>
</round>
<round no="1"><cards type="Pocket" player="RipRapRoo">X X</cards>
<cards type="Pocket" player="oreiasccp">S3 D2</cards>
<action no="5" player="oreiasccp" type="0" sum="0"/>
</round>
</game>
<game gamecode="11517008599"><general><startdate>2025-06-17 12:49:32</startdate>
<round>1</round>
<failsafecounter/>
<players><player seat="6" name="oreiasccp" chips="802" dealer="0" win="0" bet="175" muck="1" rebuy="0" addon="0" merge="0" rebuychips="0" reg_code="8385566872"/>
<player seat="10" name="RipRapRoo" chips="698" dealer="1" win="350" bet="335" muck="1" rebuy="0" addon="0" merge="0" rebuychips="0" reg_code="8385566875"/>
</players>
</general>
<round no="0"><action no="1" player="RipRapRoo" type="15" discard="1" dealt="1" sum="15"/>
<action no="2" player="oreiasccp" type="15" sum="15"/>
<action no="3" player="RipRapRoo" type="1" discard="1" dealt="1" sum="80"/>
<action no="4" player="oreiasccp" type="2" sum="160"/>
</round>
<round no="1"><cards type="Pocket" player="RipRapRoo">X X</cards>
<cards type="Pocket" player="oreiasccp">DQ S6</cards>
<action no="5" player="RipRapRoo" type="23" discard="1" dealt="1" sum="320"/>
<action no="6" player="oreiasccp" type="0" sum="0"/>
</round>
</game>
<game gamecode="11517008668"><general><startdate>2025-06-17 12:49:48</startdate>
<round>1</round>
<failsafecounter/>
<players><player seat="10" name="RipRapRoo" chips="873" dealer="0" win="1,254" bet="627" muck="0" rebuy="0" addon="0" merge="0" rebuychips="0" reg_code="8385566875"/>
<player seat="6" name="oreiasccp" chips="627" dealer="1" win="0" bet="627" muck="0" rebuy="0" addon="0" merge="0" rebuychips="0" reg_code="8385566872"/>
</players>
</general>
<round no="0"><action no="1" player="oreiasccp" type="15" sum="15"/>
<action no="2" player="RipRapRoo" type="15" discard="1" dealt="1" sum="15"/>
<action no="3" player="oreiasccp" type="1" sum="80"/>
<action no="4" player="RipRapRoo" type="2" discard="1" dealt="1" sum="160"/>
</round>
<round no="1"><cards type="Pocket" player="RipRapRoo">H7 C7</cards>
<cards type="Pocket" player="oreiasccp">CQ C5</cards>
<action no="5" player="oreiasccp" type="23" sum="612"/>
<action no="6" player="RipRapRoo" type="3" discard="1" dealt="1" sum="452"/>
</round>
<round no="2"><cards type="Flop">C2 D9 HK</cards>
</round>
<round no="3"><cards type="Turn">HJ</cards>
</round>
<round no="4"><cards type="River">DK</cards>
</round>
</game>
</session>
