<?xml version="1.0" encoding="UTF-8"?>
<session sessioncode="8385481454">
<general>
<client_version>24.7.1.16</client_version>
<mode>real</mode>
<gametype>Holdem NL</gametype>
<tablename>Twister €5 SNG, 1127659269</tablename>
<tournamentcode>1127659268</tournamentcode>
<tournamentname>Twister €5 SNG</tournamentname>
<buyin>€0 + €0.35 + €4.65</buyin>
<totalbuyin>€5</totalbuyin>
<rewarddrawn>€10</rewarddrawn>
<tournamentcurrency>EUR</tournamentcurrency>
<currency>EUR</currency>
<nickname>oreiasccp</nickname>
<gamecount>11</gamecount>
<startdate>2025-06-17 07:05:01</startdate>
<place>1</place>
<win>€10</win>
<tablesize>3</tablesize>
</general>
<game gamecode="11516746999"><general><startdate>2025-06-17 07:05:16</startdate>
<round>1</round>
<failsafecounter/>
<players><player seat="10" name="spademeadow45" chips="500" dealer="0" win="130" bet="80" muck="1" rebuy="0" addon="0" merge="0" rebuychips="0" reg_code="8385481455"/>
<player seat="3" name="bobbb1" chips="500" dealer="1" win="0" bet="60" muck="1" rebuy="0" addon="0" merge="0" rebuychips="0" reg_code="8385481423"/>
<player seat="6" name="oreiasccp" chips="500" dealer="0" win="0" bet="10" muck="1" rebuy="0" addon="0" merge="0" rebuychips="0" reg_code="8385481454"/>
</players>
</general>
<round no="0"><action no="1" player="oreiasccp" type="1" sum="10"/>
<action no="2" player="spademeadow45" type="2" discard="1" dealt="1" sum="20"/>
</round>
<round no="1"><cards type="Pocket" player="bobbb1">X X</cards>
<cards type="Pocket" player="spademeadow45">X X</cards>
<cards type="Pocket" player="oreiasccp">SK C8</cards>
<action no="3" player="bobbb1" type="23" discard="1" dealt="1" sum="40"/>
<action no="4" player="oreiasccp" type="0" sum="0"/>
<action no="5" player="spademeadow45" type="3" discard="1" dealt="1" sum="20"/>
</round>
<round no="2"><cards type="Flop">H9 D6 S4</cards>
<action no="6" player="spademeadow45" type="5" discard="1" dealt="1" sum="20"/>
<action no="7" player="bobbb1" type="3" discard="1" dealt="1" sum="20"/>
</round>
<round no="3"><cards type="Turn">C3</cards>
<action no="8" player="spademeadow45" type="5" discard="1" dealt="1" sum="20"/>
<action no="9" player="bobbb1" type="0" discard="1" dealt="1" sum="0"/>
</round>
</game>
<game gamecode="11516747067"><general><startdate>2025-06-17 07:05:38</startdate>
<round>1</round>
<failsafecounter/>
<players><player seat="3" name="bobbb1" chips="440" dealer="0" win="0" bet="40" muck="1" rebuy="0" addon="0" merge="0" rebuychips="0" reg_code="8385481423"/>
<player seat="6" name="oreiasccp" chips="490" dealer="1" win="180" bet="70" muck="0" rebuy="0" addon="0" merge="0" rebuychips="0" reg_code="8385481454"/>
<player seat="10" name="spademeadow45" chips="570" dealer="0" win="0" bet="70" muck="1" rebuy="0" addon="0" merge="0" rebuychips="0" reg_code="8385481455"/>
</players>
</general>
<round no="0"><action no="1" player="spademeadow45" type="1" discard="1" dealt="1" sum="10"/>
<action no="2" player="bobbb1" type="2" discard="1" dealt="1" sum="20"/>
</round>
<round no="1"><cards type="Pocket" player="bobbb1">X X</cards>
<cards type="Pocket" player="oreiasccp">S2 SA</cards>
<cards type="Pocket" player="spademeadow45">D8 H8</cards>
<action no="3" player="oreiasccp" type="23" sum="40"/>
<action no="4" player="spademeadow45" type="3" discard="1" dealt="1" sum="30"/>
<action no="5" player="bobbb1" type="3" discard="1" dealt="1" sum="20"/>
</round>
<round no="2"><cards type="Flop">DJ C2 S3</cards>
<action no="6" player="spademeadow45" type="4" discard="1" dealt="1" sum="0"/>
<action no="7" player="bobbb1" type="4" discard="1" dealt="1" sum="0"/>
<action no="8" player="oreiasccp" type="4" sum="0"/>
</round>
<round no="3"><cards type="Turn">H9</cards>
<action no="9" player="spademeadow45" type="4" discard="1" dealt="1" sum="0"/>
<action no="10" player="bobbb1" type="4" discard="1" dealt="1" sum="0"/>
<action no="11" player="oreiasccp" type="4" sum="0"/>
</round>
<round no="4"><cards type="River">DA</cards>
<action no="12" player="spademeadow45" type="4" discard="1" dealt="1" sum="0"/>
<action no="13" player="bobbb1" type="4" discard="1" dealt="1" sum="0"/>
<action no="14" player="oreiasccp" type="5" sum="30"/>
<action no="15" player="spademeadow45" type="3" discard="1" dealt="1" sum="30"/>
<action no="16" player="bobbb1" type="0" discard="1" dealt="1" sum="0"/>
</round>
</game>
<game gamecode="11516747213"><general><startdate>2025-06-17 07:06:34</startdate>
<round>1</round>
<failsafecounter/>
<players><player seat="6" name="oreiasccp" chips="600" dealer="0" win="0" bet="20" muck="1" rebuy="0" addon="0" merge="0" rebuychips="0" reg_code="8385481454"/>
<player seat="10" name="spademeadow45" chips="500" dealer="1" win="0" bet="20" muck="1" rebuy="0" addon="0" merge="0" rebuychips="0" reg_code="8385481455"/>
<player seat="3" name="bobbb1" chips="400" dealer="0" win="60" bet="400" muck="1" rebuy="0" addon="0" merge="0" rebuychips="0" reg_code="8385481423"/>
</players>
</general>
<round no="0"><action no="1" player="bobbb1" type="1" discard="1" dealt="1" sum="10"/>
<action no="2" player="oreiasccp" type="2" sum="20"/>
</round>
<round no="1"><cards type="Pocket" player="spademeadow45">X X</cards>
<cards type="Pocket" player="oreiasccp">C7 S5</cards>
<cards type="Pocket" player="bobbb1">X X</cards>
<action no="3" player="spademeadow45" type="3" discard="1" dealt="1" sum="20"/>
<action no="4" player="bobbb1" type="23" discard="1" dealt="1" sum="400"/>
<action no="5" player="oreiasccp" type="0" sum="0"/>
<action no="6" player="spademeadow45" type="0" discard="1" dealt="1" sum="0"/>
</round>
</game>
<game gamecode="11516747249"><general><startdate>2025-06-17 07:06:47</startdate>
<round>1</round>
<failsafecounter/>
<players><player seat="10" name="spademeadow45" chips="480" dealer="0" win="0" bet="60" muck="1" rebuy="0" addon="0" merge="0" rebuychips="0" reg_code="8385481455"/>
<player seat="3" name="bobbb1" chips="440" dealer="1" win="0" bet="0" muck="1" rebuy="0" addon="0" merge="0" rebuychips="0" reg_code="8385481423"/>
<player seat="6" name="oreiasccp" chips="580" dealer="0" win="120" bet="90" muck="1" rebuy="0" addon="0" merge="0" rebuychips="0" reg_code="8385481454"/>
</players>
</general>
<round no="0"><action no="1" player="oreiasccp" type="1" sum="10"/>
<action no="2" player="spademeadow45" type="2" discard="1" dealt="1" sum="20"/>
</round>
<round no="1"><cards type="Pocket" player="bobbb1">X X</cards>
<cards type="Pocket" player="spademeadow45">X X</cards>
<cards type="Pocket" player="oreiasccp">HA HK</cards>
<action no="3" player="bobbb1" type="0" discard="1" dealt="1" sum="0"/>
<action no="4" player="oreiasccp" type="23" sum="60"/>
<action no="5" player="spademeadow45" type="3" discard="1" dealt="1" sum="40"/>
</round>
<round no="2"><cards type="Flop">DK H6 S8</cards>
<action no="6" player="oreiasccp" type="5" sum="30"/>
<action no="7" player="spademeadow45" type="0" discard="1" dealt="1" sum="0"/>
</round>
</game>
<game gamecode="11516747330"><general><startdate>2025-06-17 07:07:15</startdate>
<round>1</round>
<failsafecounter/>
<players><player seat="3" name="bobbb1" chips="440" dealer="0" win="452" bet="440" muck="0" rebuy="0" addon="0" merge="0" rebuychips="0" reg_code="8385481423"/>
<player seat="6" name="oreiasccp" chips="640" dealer="1" win="0" bet="65" muck="1" rebuy="0" addon="0" merge="0" rebuychips="0" reg_code="8385481454"/>
<player seat="10" name="spademeadow45" chips="420" dealer="0" win="453" bet="420" muck="0" rebuy="0" addon="0" merge="0" rebuychips="0" reg_code="8385481455"/>
</players>
</general>
<round no="0"><action no="1" player="spademeadow45" type="15" discard="1" dealt="1" sum="5"/>
<action no="2" player="bobbb1" type="15" discard="1" dealt="1" sum="5"/>
<action no="3" player="oreiasccp" type="15" sum="5"/>
<action no="4" player="spademeadow45" type="1" discard="1" dealt="1" sum="15"/>
<action no="5" player="bobbb1" type="2" discard="1" dealt="1" sum="30"/>
</round>
<round no="1"><cards type="Pocket" player="oreiasccp">D9 DK</cards>
<cards type="Pocket" player="spademeadow45">SK D8</cards>
<cards type="Pocket" player="bobbb1">HK H8</cards>
<action no="6" player="oreiasccp" type="23" sum="60"/>
<action no="7" player="spademeadow45" type="3" discard="1" dealt="1" sum="45"/>
<action no="8" player="bobbb1" type="3" discard="1" dealt="1" sum="30"/>
</round>
<round no="2"><cards type="Flop">S3 C2 S8</cards>
<action no="9" player="spademeadow45" type="5" discard="1" dealt="1" sum="30"/>
<action no="10" player="bobbb1" type="23" discard="1" dealt="1" sum="375"/>
<action no="11" player="oreiasccp" type="0" sum="0"/>
<action no="12" player="spademeadow45" type="7" discard="1" dealt="1" sum="325"/>
</round>
<round no="3"><cards type="Turn">CK</cards>
</round>
<round no="4"><cards type="River">D4</cards>
</round>
</game>
<game gamecode="11516747399"><general><startdate>2025-06-17 07:07:43</startdate>
<round>1</round>
<failsafecounter/>
<players><player seat="6" name="oreiasccp" chips="575" dealer="0" win="105" bet="125" muck="1" rebuy="0" addon="0" merge="0" rebuychips="0" reg_code="8385481454"/>
<player seat="10" name="spademeadow45" chips="453" dealer="1" win="0" bet="35" muck="1" rebuy="0" addon="0" merge="0" rebuychips="0" reg_code="8385481455"/>
<player seat="3" name="bobbb1" chips="472" dealer="0" win="0" bet="35" muck="1" rebuy="0" addon="0" merge="0" rebuychips="0" reg_code="8385481423"/>
</players>
</general>
<round no="0"><action no="1" player="bobbb1" type="15" discard="1" dealt="1" sum="5"/>
<action no="2" player="oreiasccp" type="15" sum="5"/>
<action no="3" player="spademeadow45" type="15" discard="1" dealt="1" sum="5"/>
<action no="4" player="bobbb1" type="1" discard="1" dealt="1" sum="15"/>
<action no="5" player="oreiasccp" type="2" sum="30"/>
</round>
<round no="1"><cards type="Pocket" player="bobbb1">X X</cards>
<cards type="Pocket" player="oreiasccp">C10 DQ</cards>
<cards type="Pocket" player="spademeadow45">X X</cards>
<action no="6" player="spademeadow45" type="3" discard="1" dealt="1" sum="30"/>
<action no="7" player="bobbb1" type="3" discard="1" dealt="1" sum="15"/>
<action no="8" player="oreiasccp" type="4" sum="0"/>
</round>
<round no="2"><cards type="Flop">SJ S10 S3</cards>
<action no="9" player="bobbb1" type="4" discard="1" dealt="1" sum="0"/>
<action no="10" player="oreiasccp" type="4" sum="0"/>
<action no="11" player="spademeadow45" type="4" discard="1" dealt="1" sum="0"/>
</round>
<round no="3"><cards type="Turn">HQ</cards>
<action no="12" player="bobbb1" type="4" discard="1" dealt="1" sum="0"/>
<action no="13" player="oreiasccp" type="5" sum="90"/>
<action no="14" player="spademeadow45" type="0" discard="1" dealt="1" sum="0"/>
<action no="15" player="bobbb1" type="0" discard="1" dealt="1" sum="0"/>
</round>
</game>
<game gamecode="11516747472"><general><startdate>2025-06-17 07:08:14</startdate>
<round>1</round>
<failsafecounter/>
<players><player seat="10" name="spademeadow45" chips="418" dealer="0" win="0" bet="418" muck="0" rebuy="0" addon="0" merge="0" rebuychips="0" reg_code="8385481455"/>
<player seat="3" name="bobbb1" chips="437" dealer="1" win="0" bet="5" muck="1" rebuy="0" addon="0" merge="0" rebuychips="0" reg_code="8385481423"/>
<player seat="6" name="oreiasccp" chips="645" dealer="0" win="841" bet="418" muck="0" rebuy="0" addon="0" merge="0" rebuychips="0" reg_code="8385481454"/>
</players>
</general>
<round no="0"><action no="1" player="oreiasccp" type="15" sum="5"/>
<action no="2" player="spademeadow45" type="15" discard="1" dealt="1" sum="5"/>
<action no="3" player="bobbb1" type="15" discard="1" dealt="1" sum="5"/>
<action no="4" player="oreiasccp" type="1" sum="15"/>
<action no="5" player="spademeadow45" type="2" discard="1" dealt="1" sum="30"/>
</round>
<round no="1"><cards type="Pocket" player="oreiasccp">CA C7</cards>
<cards type="Pocket" player="spademeadow45">SJ C9</cards>
<cards type="Pocket" player="bobbb1">X X</cards>
<action no="6" player="bobbb1" type="0" discard="1" dealt="1" sum="0"/>
<action no="7" player="oreiasccp" type="23" sum="413"/>
<action no="8" player="spademeadow45" type="7" discard="1" dealt="1" sum="383"/>
</round>
<round no="2"><cards type="Flop">D2 D7 D3</cards>
</round>
<round no="3"><cards type="Turn">H7</cards>
</round>
<round no="4"><cards type="River">S9</cards>
</round>
</game>
<game gamecode="11516747531"><general><startdate>2025-06-17 07:08:36</startdate>
<round>1</round>
<failsafecounter/>
<players><player seat="3" name="bobbb1" chips="432" dealer="0" win="70" bet="68" muck="1" rebuy="0" addon="0" merge="0" rebuychips="0" reg_code="8385481423"/>
<player seat="6" name="oreiasccp" chips="1,068" dealer="1" win="0" bet="35" muck="1" rebuy="0" addon="0" merge="0" rebuychips="0" reg_code="8385481454"/>
</players>
</general>
<round no="0"><action no="1" player="oreiasccp" type="15" sum="5"/>
<action no="2" player="bobbb1" type="15" discard="1" dealt="1" sum="5"/>
<action no="3" player="oreiasccp" type="1" sum="15"/>
<action no="4" player="bobbb1" type="2" discard="1" dealt="1" sum="30"/>
</round>
<round no="1"><cards type="Pocket" player="bobbb1">X X</cards>
<cards type="Pocket" player="oreiasccp">SJ DQ</cards>
<action no="5" player="oreiasccp" type="3" sum="15"/>
<action no="6" player="bobbb1" type="4" discard="1" dealt="1" sum="0"/>
</round>
<round no="2"><cards type="Flop">C8 H5 S6</cards>
<action no="7" player="bobbb1" type="4" discard="1" dealt="1" sum="0"/>
<action no="8" player="oreiasccp" type="4" sum="0"/>
</round>
<round no="3"><cards type="Turn">S7</cards>
<action no="9" player="bobbb1" type="5" discard="1" dealt="1" sum="33"/>
<action no="10" player="oreiasccp" type="0" sum="0"/>
</round>
</game>
<game gamecode="11516747607"><general><startdate>2025-06-17 07:09:05</startdate>
<round>1</round>
<failsafecounter/>
<players><player seat="6" name="oreiasccp" chips="1,033" dealer="0" win="70" bet="467" muck="1" rebuy="0" addon="0" merge="0" rebuychips="0" reg_code="8385481454"/>
<player seat="3" name="bobbb1" chips="467" dealer="1" win="0" bet="35" muck="1" rebuy="0" addon="0" merge="0" rebuychips="0" reg_code="8385481423"/>
</players>
</general>
<round no="0"><action no="1" player="bobbb1" type="15" discard="1" dealt="1" sum="5"/>
<action no="2" player="oreiasccp" type="15" sum="5"/>
<action no="3" player="bobbb1" type="1" discard="1" dealt="1" sum="15"/>
<action no="4" player="oreiasccp" type="2" sum="30"/>
</round>
<round no="1"><cards type="Pocket" player="oreiasccp">C2 HA</cards>
<cards type="Pocket" player="bobbb1">X X</cards>
<action no="5" player="bobbb1" type="3" discard="1" dealt="1" sum="15"/>
<action no="6" player="oreiasccp" type="23" sum="462"/>
<action no="7" player="bobbb1" type="0" discard="1" dealt="1" sum="0"/>
</round>
</game>
<game gamecode="11516747636"><general><startdate>2025-06-17 07:09:17</startdate>
<round>1</round>
<failsafecounter/>
<players><player seat="3" name="bobbb1" chips="432" dealer="0" win="50" bet="45" muck="1" rebuy="0" addon="0" merge="0" rebuychips="0" reg_code="8385481423"/>
<player seat="6" name="oreiasccp" chips="1,068" dealer="1" win="0" bet="25" muck="1" rebuy="0" addon="0" merge="0" rebuychips="0" reg_code="8385481454"/>
</players>
</general>
<round no="0"><action no="1" player="oreiasccp" type="15" sum="5"/>
<action no="2" player="bobbb1" type="15" discard="1" dealt="1" sum="5"/>
<action no="3" player="oreiasccp" type="1" sum="20"/>
<action no="4" player="bobbb1" type="2" discard="1" dealt="1" sum="40"/>
</round>
<round no="1"><cards type="Pocket" player="bobbb1">X X</cards>
<cards type="Pocket" player="oreiasccp">H3 D4</cards>
<action no="5" player="oreiasccp" type="0" sum="0"/>
</round>
</game>
<game gamecode="11516747656"><general><startdate>2025-06-17 07:09:22</startdate>
<round>1</round>
<failsafecounter/>
<players><player seat="6" name="oreiasccp" chips="1,043" dealer="0" win="914" bet="457" muck="0" rebuy="0" addon="0" merge="0" rebuychips="0" reg_code="8385481454"/>
<player seat="3" name="bobbb1" chips="457" dealer="1" win="0" bet="457" muck="0" rebuy="0" addon="0" merge="0" rebuychips="0" reg_code="8385481423"/>
</players>
</general>
<round no="0"><action no="1" player="bobbb1" type="15" discard="1" dealt="1" sum="5"/>
<action no="2" player="oreiasccp" type="15" sum="5"/>
<action no="3" player="bobbb1" type="1" discard="1" dealt="1" sum="20"/>
<action no="4" player="oreiasccp" type="2" sum="40"/>
</round>
<round no="1"><cards type="Pocket" player="bobbb1">SA HJ</cards>
<cards type="Pocket" player="oreiasccp">S10 DK</cards>
<action no="5" player="bobbb1" type="3" discard="1" dealt="1" sum="20"/>
<action no="6" player="oreiasccp" type="23" sum="160"/>
<action no="7" player="bobbb1" type="23" discard="1" dealt="1" sum="452"/>
<action no="8" player="oreiasccp" type="3" sum="292"/>
</round>
<round no="2"><cards type="Flop">CQ H5 SK</cards>
</round>
<round no="3"><cards type="Turn">C3</cards>
</round>
<round no="4"><cards type="River">H8</cards>
</round>
</game>
</session>
