<?xml version="1.0" encoding="UTF-8"?>
<session sessioncode="8385528010">
<general>
<client_version>24.7.1.16</client_version>
<mode>real</mode>
<gametype>Holdem NL</gametype>
<tablename>Twister €5 SNG, 1127667859</tablename>
<tournamentcode>1127667858</tournamentcode>
<tournamentname>Twister €5 SNG</tournamentname>
<buyin>€0 + €0.35 + €4.65</buyin>
<totalbuyin>€5</totalbuyin>
<rewarddrawn>€15</rewarddrawn>
<tournamentcurrency>EUR</tournamentcurrency>
<currency>EUR</currency>
<nickname>oreiasccp</nickname>
<gamecount>14</gamecount>
<startdate>2025-06-17 10:44:15</startdate>
<place>2</place>
<win>€0</win>
<tablesize>3</tablesize>
</general>
<game gamecode="11516889131"><general><startdate>2025-06-17 10:44:30</startdate>
<round>1</round>
<failsafecounter/>
<players><player seat="10" name="Skar26" chips="500" dealer="0" win="0" bet="40" muck="1" rebuy="0" addon="0" merge="0" rebuychips="0" reg_code="8385528062"/>
<player seat="3" name="oreiasccp" chips="500" dealer="1" win="90" bet="106" muck="1" rebuy="0" addon="0" merge="0" rebuychips="0" reg_code="8385528010"/>
<player seat="6" name="2easy4881" chips="500" dealer="0" win="0" bet="10" muck="1" rebuy="0" addon="0" merge="0" rebuychips="0" reg_code="8385528001"/>
</players>
</general>
<round no="0"><action no="1" player="2easy4881" type="1" discard="1" dealt="1" sum="10"/>
<action no="2" player="Skar26" type="2" discard="1" dealt="1" sum="20"/>
</round>
<round no="1"><cards type="Pocket" player="Skar26">X X</cards>
<cards type="Pocket" player="oreiasccp">SA C10</cards>
<cards type="Pocket" player="2easy4881">X X</cards>
<action no="3" player="oreiasccp" type="23" sum="40"/>
<action no="4" player="2easy4881" type="0" discard="1" dealt="1" sum="0"/>
<action no="5" player="Skar26" type="3" discard="1" dealt="1" sum="20"/>
</round>
<round no="2"><cards type="Flop">S6 H10 D8</cards>
<action no="6" player="Skar26" type="4" discard="1" dealt="1" sum="0"/>
<action no="7" player="oreiasccp" type="5" sum="66"/>
<action no="8" player="Skar26" type="0" discard="1" dealt="1" sum="0"/>
</round>
</game>
<game gamecode="11516889186"><general><startdate>2025-06-17 10:44:44</startdate>
<round>1</round>
<failsafecounter/>
<players><player seat="3" name="oreiasccp" chips="550" dealer="0" win="120" bet="190" muck="1" rebuy="0" addon="0" merge="0" rebuychips="0" reg_code="8385528010"/>
<player seat="6" name="2easy4881" chips="490" dealer="1" win="0" bet="0" muck="1" rebuy="0" addon="0" merge="0" rebuychips="0" reg_code="8385528001"/>
<player seat="10" name="Skar26" chips="460" dealer="0" win="0" bet="60" muck="1" rebuy="0" addon="0" merge="0" rebuychips="0" reg_code="8385528062"/>
</players>
</general>
<round no="0"><action no="1" player="Skar26" type="1" discard="1" dealt="1" sum="10"/>
<action no="2" player="oreiasccp" type="2" sum="20"/>
</round>
<round no="1"><cards type="Pocket" player="2easy4881">X X</cards>
<cards type="Pocket" player="oreiasccp">H9 S10</cards>
<cards type="Pocket" player="Skar26">X X</cards>
<action no="3" player="2easy4881" type="0" discard="1" dealt="1" sum="0"/>
<action no="4" player="Skar26" type="3" discard="1" dealt="1" sum="10"/>
<action no="5" player="oreiasccp" type="4" sum="0"/>
</round>
<round no="2"><cards type="Flop">DK C9 C2</cards>
<action no="6" player="Skar26" type="4" discard="1" dealt="1" sum="0"/>
<action no="7" player="oreiasccp" type="4" sum="0"/>
</round>
<round no="3"><cards type="Turn">C4</cards>
<action no="8" player="Skar26" type="5" discard="1" dealt="1" sum="20"/>
<action no="9" player="oreiasccp" type="3" sum="20"/>
</round>
<round no="4"><cards type="River">HK</cards>
<action no="10" player="Skar26" type="5" discard="1" dealt="1" sum="20"/>
<action no="11" player="oreiasccp" type="23" sum="150"/>
<action no="12" player="Skar26" type="0" discard="1" dealt="1" sum="0"/>
</round>
</game>
<game gamecode="11516893178"><general><startdate>2025-06-17 10:45:22</startdate>
<round>1</round>
<failsafecounter/>
<players><player seat="6" name="2easy4881" chips="490" dealer="0" win="20" bet="20" muck="1" rebuy="0" addon="0" merge="0" rebuychips="0" reg_code="8385528001"/>
<player seat="10" name="Skar26" chips="400" dealer="1" win="0" bet="0" muck="1" rebuy="0" addon="0" merge="0" rebuychips="0" reg_code="8385528062"/>
<player seat="3" name="oreiasccp" chips="610" dealer="0" win="0" bet="10" muck="1" rebuy="0" addon="0" merge="0" rebuychips="0" reg_code="8385528010"/>
</players>
</general>
<round no="0"><action no="1" player="oreiasccp" type="1" sum="10"/>
<action no="2" player="2easy4881" type="2" discard="1" dealt="1" sum="20"/>
</round>
<round no="1"><cards type="Pocket" player="oreiasccp">H2 S4</cards>
<cards type="Pocket" player="2easy4881">X X</cards>
<cards type="Pocket" player="Skar26">X X</cards>
<action no="3" player="Skar26" type="0" discard="1" dealt="1" sum="0"/>
<action no="4" player="oreiasccp" type="0" sum="0"/>
</round>
</game>
<game gamecode="11516893201"><general><startdate>2025-06-17 10:45:30</startdate>
<round>1</round>
<failsafecounter/>
<players><player seat="10" name="Skar26" chips="400" dealer="0" win="0" bet="400" muck="0" rebuy="0" addon="0" merge="0" rebuychips="0" reg_code="8385528062"/>
<player seat="3" name="oreiasccp" chips="600" dealer="1" win="0" bet="0" muck="1" rebuy="0" addon="0" merge="0" rebuychips="0" reg_code="8385528010"/>
<player seat="6" name="2easy4881" chips="500" dealer="0" win="800" bet="500" muck="0" rebuy="0" addon="0" merge="0" rebuychips="0" reg_code="8385528001"/>
</players>
</general>
<round no="0"><action no="1" player="2easy4881" type="1" discard="1" dealt="1" sum="10"/>
<action no="2" player="Skar26" type="2" discard="1" dealt="1" sum="20"/>
</round>
<round no="1"><cards type="Pocket" player="Skar26">S10 HQ</cards>
<cards type="Pocket" player="2easy4881">H10 CA</cards>
<cards type="Pocket" player="oreiasccp">D3 H6</cards>
<action no="3" player="oreiasccp" type="0" sum="0"/>
<action no="4" player="2easy4881" type="23" discard="1" dealt="1" sum="500"/>
<action no="5" player="Skar26" type="7" discard="1" dealt="1" sum="380"/>
</round>
<round no="2"><cards type="Flop">D5 D7 H3</cards>
</round>
<round no="3"><cards type="Turn">S8</cards>
</round>
<round no="4"><cards type="River">C9</cards>
</round>
</game>
<game gamecode="11516893263"><general><startdate>2025-06-17 10:45:48</startdate>
<round>1</round>
<failsafecounter/>
<players><player seat="3" name="oreiasccp" chips="600" dealer="0" win="0" bet="40" muck="1" rebuy="0" addon="0" merge="0" rebuychips="0" reg_code="8385528010"/>
<player seat="6" name="2easy4881" chips="900" dealer="1" win="80" bet="100" muck="1" rebuy="0" addon="0" merge="0" rebuychips="0" reg_code="8385528001"/>
</players>
</general>
<round no="0"><action no="1" player="2easy4881" type="1" discard="1" dealt="1" sum="10"/>
<action no="2" player="oreiasccp" type="2" sum="20"/>
</round>
<round no="1"><cards type="Pocket" player="oreiasccp">HK C6</cards>
<cards type="Pocket" player="2easy4881">X X</cards>
<action no="3" player="2easy4881" type="3" discard="1" dealt="1" sum="10"/>
<action no="4" player="oreiasccp" type="4" sum="0"/>
</round>
<round no="2"><cards type="Flop">C10 HJ SQ</cards>
<action no="5" player="oreiasccp" type="4" sum="0"/>
<action no="6" player="2easy4881" type="5" discard="1" dealt="1" sum="20"/>
<action no="7" player="oreiasccp" type="3" sum="20"/>
</round>
<round no="3"><cards type="Turn">CQ</cards>
<action no="8" player="oreiasccp" type="4" sum="0"/>
<action no="9" player="2easy4881" type="5" discard="1" dealt="1" sum="60"/>
<action no="10" player="oreiasccp" type="0" sum="0"/>
</round>
</game>
<game gamecode="11516893360"><general><startdate>2025-06-17 10:46:18</startdate>
<round>1</round>
<failsafecounter/>
<players><player seat="6" name="2easy4881" chips="940" dealer="0" win="0" bet="40" muck="1" rebuy="0" addon="0" merge="0" rebuychips="0" reg_code="8385528001"/>
<player seat="3" name="oreiasccp" chips="560" dealer="1" win="80" bet="60" muck="1" rebuy="0" addon="0" merge="0" rebuychips="0" reg_code="8385528010"/>
</players>
</general>
<round no="0"><action no="1" player="oreiasccp" type="1" sum="10"/>
<action no="2" player="2easy4881" type="2" discard="1" dealt="1" sum="20"/>
</round>
<round no="1"><cards type="Pocket" player="oreiasccp">SA HA</cards>
<cards type="Pocket" player="2easy4881">X X</cards>
<action no="3" player="oreiasccp" type="23" sum="40"/>
<action no="4" player="2easy4881" type="3" discard="1" dealt="1" sum="20"/>
</round>
<round no="2"><cards type="Flop">D3 S3 SJ</cards>
<action no="5" player="2easy4881" type="4" discard="1" dealt="1" sum="0"/>
<action no="6" player="oreiasccp" type="5" sum="20"/>
<action no="7" player="2easy4881" type="0" discard="1" dealt="1" sum="0"/>
</round>
</game>
<game gamecode="11516893457"><general><startdate>2025-06-17 10:46:45</startdate>
<round>1</round>
<failsafecounter/>
<players><player seat="3" name="oreiasccp" chips="600" dealer="0" win="0" bet="35" muck="1" rebuy="0" addon="0" merge="0" rebuychips="0" reg_code="8385528010"/>
<player seat="6" name="2easy4881" chips="900" dealer="1" win="70" bet="87" muck="1" rebuy="0" addon="0" merge="0" rebuychips="0" reg_code="8385528001"/>
</players>
</general>
<round no="0"><action no="1" player="2easy4881" type="15" discard="1" dealt="1" sum="5"/>
<action no="2" player="oreiasccp" type="15" sum="5"/>
<action no="3" player="2easy4881" type="1" discard="1" dealt="1" sum="15"/>
<action no="4" player="oreiasccp" type="2" sum="30"/>
</round>
<round no="1"><cards type="Pocket" player="2easy4881">X X</cards>
<cards type="Pocket" player="oreiasccp">C2 S8</cards>
<action no="5" player="2easy4881" type="3" discard="1" dealt="1" sum="15"/>
<action no="6" player="oreiasccp" type="4" sum="0"/>
</round>
<round no="2"><cards type="Flop">DK SJ DQ</cards>
<action no="7" player="oreiasccp" type="4" sum="0"/>
<action no="8" player="2easy4881" type="4" discard="1" dealt="1" sum="0"/>
</round>
<round no="3"><cards type="Turn">HQ</cards>
<action no="9" player="oreiasccp" type="4" sum="0"/>
<action no="10" player="2easy4881" type="5" discard="1" dealt="1" sum="52"/>
<action no="11" player="oreiasccp" type="0" sum="0"/>
</round>
</game>
<game gamecode="11516893521"><general><startdate>2025-06-17 10:47:04</startdate>
<round>1</round>
<failsafecounter/>
<players><player seat="6" name="2easy4881" chips="935" dealer="0" win="70" bet="935" muck="1" rebuy="0" addon="0" merge="0" rebuychips="0" reg_code="8385528001"/>
<player seat="3" name="oreiasccp" chips="565" dealer="1" win="0" bet="35" muck="1" rebuy="0" addon="0" merge="0" rebuychips="0" reg_code="8385528010"/>
</players>
</general>
<round no="0"><action no="1" player="oreiasccp" type="15" sum="5"/>
<action no="2" player="2easy4881" type="15" discard="1" dealt="1" sum="5"/>
<action no="3" player="oreiasccp" type="1" sum="15"/>
<action no="4" player="2easy4881" type="2" discard="1" dealt="1" sum="30"/>
</round>
<round no="1"><cards type="Pocket" player="2easy4881">X X</cards>
<cards type="Pocket" player="oreiasccp">D7 D9</cards>
<action no="5" player="oreiasccp" type="3" sum="15"/>
<action no="6" player="2easy4881" type="23" discard="1" dealt="1" sum="930"/>
<action no="7" player="oreiasccp" type="0" sum="0"/>
</round>
</game>
<game gamecode="11516893596"><general><startdate>2025-06-17 10:47:21</startdate>
<round>1</round>
<failsafecounter/>
<players><player seat="3" name="oreiasccp" chips="530" dealer="0" win="0" bet="35" muck="1" rebuy="0" addon="0" merge="0" rebuychips="0" reg_code="8385528010"/>
<player seat="6" name="2easy4881" chips="970" dealer="1" win="70" bet="970" muck="1" rebuy="0" addon="0" merge="0" rebuychips="0" reg_code="8385528001"/>
</players>
</general>
<round no="0"><action no="1" player="2easy4881" type="15" discard="1" dealt="1" sum="5"/>
<action no="2" player="oreiasccp" type="15" sum="5"/>
<action no="3" player="2easy4881" type="1" discard="1" dealt="1" sum="15"/>
<action no="4" player="oreiasccp" type="2" sum="30"/>
</round>
<round no="1"><cards type="Pocket" player="2easy4881">X X</cards>
<cards type="Pocket" player="oreiasccp">S9 C2</cards>
<action no="5" player="2easy4881" type="23" discard="1" dealt="1" sum="965"/>
<action no="6" player="oreiasccp" type="0" sum="0"/>
</round>
</game>
<game gamecode="11516893633"><general><startdate>2025-06-17 10:47:31</startdate>
<round>1</round>
<failsafecounter/>
<players><player seat="6" name="2easy4881" chips="1,005" dealer="0" win="0" bet="65" muck="1" rebuy="0" addon="0" merge="0" rebuychips="0" reg_code="8385528001"/>
<player seat="3" name="oreiasccp" chips="495" dealer="1" win="130" bet="95" muck="1" rebuy="0" addon="0" merge="0" rebuychips="0" reg_code="8385528010"/>
</players>
</general>
<round no="0"><action no="1" player="oreiasccp" type="15" sum="5"/>
<action no="2" player="2easy4881" type="15" discard="1" dealt="1" sum="5"/>
<action no="3" player="oreiasccp" type="1" sum="15"/>
<action no="4" player="2easy4881" type="2" discard="1" dealt="1" sum="30"/>
</round>
<round no="1"><cards type="Pocket" player="2easy4881">X X</cards>
<cards type="Pocket" player="oreiasccp">C3 CJ</cards>
<action no="5" player="oreiasccp" type="23" sum="60"/>
<action no="6" player="2easy4881" type="3" discard="1" dealt="1" sum="30"/>
</round>
<round no="2"><cards type="Flop">DA H5 D10</cards>
<action no="7" player="2easy4881" type="4" discard="1" dealt="1" sum="0"/>
<action no="8" player="oreiasccp" type="5" sum="30"/>
<action no="9" player="2easy4881" type="0" discard="1" dealt="1" sum="0"/>
</round>
</game>
<game gamecode="11516893686"><general><startdate>2025-06-17 10:47:45</startdate>
<round>1</round>
<failsafecounter/>
<players><player seat="3" name="oreiasccp" chips="560" dealer="0" win="0" bet="35" muck="1" rebuy="0" addon="0" merge="0" rebuychips="0" reg_code="8385528010"/>
<player seat="6" name="2easy4881" chips="940" dealer="1" win="70" bet="65" muck="1" rebuy="0" addon="0" merge="0" rebuychips="0" reg_code="8385528001"/>
</players>
</general>
<round no="0"><action no="1" player="2easy4881" type="15" discard="1" dealt="1" sum="5"/>
<action no="2" player="oreiasccp" type="15" sum="5"/>
<action no="3" player="2easy4881" type="1" discard="1" dealt="1" sum="15"/>
<action no="4" player="oreiasccp" type="2" sum="30"/>
</round>
<round no="1"><cards type="Pocket" player="oreiasccp">S10 D2</cards>
<cards type="Pocket" player="2easy4881">X X</cards>
<action no="5" player="2easy4881" type="3" discard="1" dealt="1" sum="15"/>
<action no="6" player="oreiasccp" type="4" sum="0"/>
</round>
<round no="2"><cards type="Flop">D9 DK C5</cards>
<action no="7" player="oreiasccp" type="4" sum="0"/>
<action no="8" player="2easy4881" type="5" discard="1" dealt="1" sum="30"/>
<action no="9" player="oreiasccp" type="0" sum="0"/>
</round>
</game>
<game gamecode="11516893728"><general><startdate>2025-06-17 10:47:55</startdate>
<round>1</round>
<failsafecounter/>
<players><player seat="6" name="2easy4881" chips="975" dealer="0" win="130" bet="975" muck="1" rebuy="0" addon="0" merge="0" rebuychips="0" reg_code="8385528001"/>
<player seat="3" name="oreiasccp" chips="525" dealer="1" win="0" bet="65" muck="1" rebuy="0" addon="0" merge="0" rebuychips="0" reg_code="8385528010"/>
</players>
</general>
<round no="0"><action no="1" player="oreiasccp" type="15" sum="5"/>
<action no="2" player="2easy4881" type="15" discard="1" dealt="1" sum="5"/>
<action no="3" player="oreiasccp" type="1" sum="15"/>
<action no="4" player="2easy4881" type="2" discard="1" dealt="1" sum="30"/>
</round>
<round no="1"><cards type="Pocket" player="oreiasccp">HQ S7</cards>
<cards type="Pocket" player="2easy4881">X X</cards>
<action no="5" player="oreiasccp" type="23" sum="60"/>
<action no="6" player="2easy4881" type="23" discard="1" dealt="1" sum="970"/>
<action no="7" player="oreiasccp" type="0" sum="0"/>
</round>
</game>
<game gamecode="11516893774"><general><startdate>2025-06-17 10:48:06</startdate>
<round>1</round>
<failsafecounter/>
<players><player seat="3" name="oreiasccp" chips="460" dealer="0" win="0" bet="215" muck="1" rebuy="0" addon="0" merge="0" rebuychips="0" reg_code="8385528010"/>
<player seat="6" name="2easy4881" chips="1,040" dealer="1" win="430" bet="430" muck="1" rebuy="0" addon="0" merge="0" rebuychips="0" reg_code="8385528001"/>
</players>
</general>
<round no="0"><action no="1" player="2easy4881" type="15" discard="1" dealt="1" sum="5"/>
<action no="2" player="oreiasccp" type="15" sum="5"/>
<action no="3" player="2easy4881" type="1" discard="1" dealt="1" sum="15"/>
<action no="4" player="oreiasccp" type="2" sum="30"/>
</round>
<round no="1"><cards type="Pocket" player="2easy4881">X X</cards>
<cards type="Pocket" player="oreiasccp">CJ SA</cards>
<action no="5" player="2easy4881" type="3" discard="1" dealt="1" sum="15"/>
<action no="6" player="oreiasccp" type="23" sum="150"/>
<action no="7" player="2easy4881" type="3" discard="1" dealt="1" sum="120"/>
</round>
<round no="2"><cards type="Flop">S5 H4 H9</cards>
<action no="8" player="oreiasccp" type="5" sum="60"/>
<action no="9" player="2easy4881" type="3" discard="1" dealt="1" sum="60"/>
</round>
<round no="3"><cards type="Turn">H3</cards>
<action no="10" player="oreiasccp" type="4" sum="0"/>
<action no="11" player="2easy4881" type="4" discard="1" dealt="1" sum="0"/>
</round>
<round no="4"><cards type="River">DQ</cards>
<action no="12" player="oreiasccp" type="4" sum="0"/>
<action no="13" player="2easy4881" type="5" discard="1" dealt="1" sum="215"/>
<action no="14" player="oreiasccp" type="0" sum="0"/>
</round>
</game>
<game gamecode="11516893885"><general><startdate>2025-06-17 10:48:41</startdate>
<round>1</round>
<failsafecounter/>
<players><player seat="6" name="2easy4881" chips="1,255" dealer="0" win="490" bet="245" muck="0" rebuy="0" addon="0" merge="0" rebuychips="0" reg_code="8385528001"/>
<player seat="3" name="oreiasccp" chips="245" dealer="1" win="0" bet="245" muck="0" rebuy="0" addon="0" merge="0" rebuychips="0" reg_code="8385528010"/>
</players>
</general>
<round no="0"><action no="1" player="oreiasccp" type="15" sum="5"/>
<action no="2" player="2easy4881" type="15" discard="1" dealt="1" sum="5"/>
<action no="3" player="oreiasccp" type="1" sum="20"/>
<action no="4" player="2easy4881" type="2" discard="1" dealt="1" sum="40"/>
</round>
<round no="1"><cards type="Pocket" player="2easy4881">HJ DJ</cards>
<cards type="Pocket" player="oreiasccp">S4 H4</cards>
<action no="5" player="oreiasccp" type="23" sum="240"/>
<action no="6" player="2easy4881" type="3" discard="1" dealt="1" sum="200"/>
</round>
<round no="2"><cards type="Flop">C9 C10 S5</cards>
</round>
<round no="3"><cards type="Turn">D5</cards>
</round>
<round no="4"><cards type="River">D2</cards>
</round>
</game>
</session>
