<?xml version="1.0" encoding="UTF-8"?>
<session sessioncode="8385495170">
<general>
<client_version>24.7.1.16</client_version>
<mode>real</mode>
<gametype>Holdem NL</gametype>
<tablename>Twister €5 SNG, 1127662272</tablename>
<tournamentcode>1127662271</tournamentcode>
<tournamentname>Twister €5 SNG</tournamentname>
<buyin>€0 + €0.35 + €4.65</buyin>
<totalbuyin>€5</totalbuyin>
<rewarddrawn>€15</rewarddrawn>
<tournamentcurrency>EUR</tournamentcurrency>
<currency>EUR</currency>
<nickname>oreiasccp</nickname>
<gamecount>39</gamecount>
<startdate>2025-06-17 08:26:21</startdate>
<place>2</place>
<win>€0</win>
<tablesize>3</tablesize>
</general>
<game gamecode="11516791036"><general><startdate>2025-06-17 08:26:37</startdate>
<round>1</round>
<failsafecounter/>
<players><player seat="3" name="oreiasccp" chips="500" dealer="0" win="20" bet="20" muck="1" rebuy="0" addon="0" merge="0" rebuychips="0" reg_code="8385495170"/>
<player seat="6" name="Mundimagic" chips="500" dealer="1" win="0" bet="0" muck="1" rebuy="0" addon="0" merge="0" rebuychips="0" reg_code="8385495204"/>
<player seat="10" name="aceoasis84" chips="500" dealer="0" win="0" bet="10" muck="1" rebuy="0" addon="0" merge="0" rebuychips="0" reg_code="8385495275"/>
</players>
</general>
<round no="0"><action no="1" player="aceoasis84" type="1" discard="1" dealt="1" sum="10"/>
<action no="2" player="oreiasccp" type="2" sum="20"/>
</round>
<round no="1"><cards type="Pocket" player="Mundimagic">X X</cards>
<cards type="Pocket" player="aceoasis84">X X</cards>
<cards type="Pocket" player="oreiasccp">D4 C5</cards>
<action no="3" player="Mundimagic" type="0" discard="1" dealt="1" sum="0"/>
<action no="4" player="aceoasis84" type="0" discard="1" dealt="1" sum="0"/>
</round>
</game>
<game gamecode="11516791063"><general><startdate>2025-06-17 08:26:45</startdate>
<round>1</round>
<failsafecounter/>
<players><player seat="6" name="Mundimagic" chips="500" dealer="0" win="50" bet="500" muck="1" rebuy="0" addon="0" merge="0" rebuychips="0" reg_code="8385495204"/>
<player seat="10" name="aceoasis84" chips="490" dealer="1" win="0" bet="20" muck="1" rebuy="0" addon="0" merge="0" rebuychips="0" reg_code="8385495275"/>
<player seat="3" name="oreiasccp" chips="510" dealer="0" win="0" bet="10" muck="1" rebuy="0" addon="0" merge="0" rebuychips="0" reg_code="8385495170"/>
</players>
</general>
<round no="0"><action no="1" player="oreiasccp" type="1" sum="10"/>
<action no="2" player="Mundimagic" type="2" discard="1" dealt="1" sum="20"/>
</round>
<round no="1"><cards type="Pocket" player="oreiasccp">D2 C6</cards>
<cards type="Pocket" player="aceoasis84">X X</cards>
<cards type="Pocket" player="Mundimagic">X X</cards>
<action no="3" player="aceoasis84" type="3" discard="1" dealt="1" sum="20"/>
<action no="4" player="oreiasccp" type="0" sum="0"/>
<action no="5" player="Mundimagic" type="23" discard="1" dealt="1" sum="500"/>
<action no="6" player="aceoasis84" type="0" discard="1" dealt="1" sum="0"/>
</round>
</game>
<game gamecode="11516791120"><general><startdate>2025-06-17 08:27:10</startdate>
<round>1</round>
<failsafecounter/>
<players><player seat="10" name="aceoasis84" chips="470" dealer="0" win="0" bet="40" muck="1" rebuy="0" addon="0" merge="0" rebuychips="0" reg_code="8385495275"/>
<player seat="3" name="oreiasccp" chips="500" dealer="1" win="90" bet="60" muck="1" rebuy="0" addon="0" merge="0" rebuychips="0" reg_code="8385495170"/>
<player seat="6" name="Mundimagic" chips="530" dealer="0" win="0" bet="10" muck="1" rebuy="0" addon="0" merge="0" rebuychips="0" reg_code="8385495204"/>
</players>
</general>
<round no="0"><action no="1" player="Mundimagic" type="1" discard="1" dealt="1" sum="10"/>
<action no="2" player="aceoasis84" type="2" discard="1" dealt="1" sum="20"/>
</round>
<round no="1"><cards type="Pocket" player="Mundimagic">X X</cards>
<cards type="Pocket" player="aceoasis84">X X</cards>
<cards type="Pocket" player="oreiasccp">C4 CK</cards>
<action no="3" player="oreiasccp" type="23" sum="40"/>
<action no="4" player="Mundimagic" type="0" discard="1" dealt="1" sum="0"/>
<action no="5" player="aceoasis84" type="3" discard="1" dealt="1" sum="20"/>
</round>
<round no="2"><cards type="Flop">H8 H3 CJ</cards>
<action no="6" player="aceoasis84" type="4" discard="1" dealt="1" sum="0"/>
<action no="7" player="oreiasccp" type="5" sum="20"/>
<action no="8" player="aceoasis84" type="0" discard="1" dealt="1" sum="0"/>
</round>
</game>
<game gamecode="11516791171"><general><startdate>2025-06-17 08:27:31</startdate>
<round>1</round>
<failsafecounter/>
<players><player seat="3" name="oreiasccp" chips="550" dealer="0" win="0" bet="20" muck="1" rebuy="0" addon="0" merge="0" rebuychips="0" reg_code="8385495170"/>
<player seat="6" name="Mundimagic" chips="520" dealer="1" win="0" bet="440" muck="0" rebuy="0" addon="0" merge="0" rebuychips="0" reg_code="8385495204"/>
<player seat="10" name="aceoasis84" chips="430" dealer="0" win="880" bet="430" muck="0" rebuy="0" addon="0" merge="0" rebuychips="0" reg_code="8385495275"/>
</players>
</general>
<round no="0"><action no="1" player="aceoasis84" type="1" discard="1" dealt="1" sum="10"/>
<action no="2" player="oreiasccp" type="2" sum="20"/>
</round>
<round no="1"><cards type="Pocket" player="Mundimagic">H9 CA</cards>
<cards type="Pocket" player="aceoasis84">SA H4</cards>
<cards type="Pocket" player="oreiasccp">SJ S4</cards>
<action no="3" player="Mundimagic" type="3" discard="1" dealt="1" sum="20"/>
<action no="4" player="aceoasis84" type="23" discard="1" dealt="1" sum="80"/>
<action no="5" player="oreiasccp" type="0" sum="0"/>
<action no="6" player="Mundimagic" type="3" discard="1" dealt="1" sum="60"/>
</round>
<round no="2"><cards type="Flop">C2 S5 HA</cards>
<action no="7" player="aceoasis84" type="5" discard="1" dealt="1" sum="180"/>
<action no="8" player="Mundimagic" type="23" discard="1" dealt="1" sum="360"/>
<action no="9" player="aceoasis84" type="7" discard="1" dealt="1" sum="170"/>
</round>
<round no="3"><cards type="Turn">C4</cards>
</round>
<round no="4"><cards type="River">DJ</cards>
</round>
</game>
<game gamecode="11516791236"><general><startdate>2025-06-17 08:27:58</startdate>
<round>1</round>
<failsafecounter/>
<players><player seat="6" name="Mundimagic" chips="90" dealer="0" win="90" bet="90" muck="0" rebuy="0" addon="0" merge="0" rebuychips="0" reg_code="8385495204"/>
<player seat="10" name="aceoasis84" chips="880" dealer="1" win="0" bet="0" muck="1" rebuy="0" addon="0" merge="0" rebuychips="0" reg_code="8385495275"/>
<player seat="3" name="oreiasccp" chips="530" dealer="0" win="90" bet="90" muck="0" rebuy="0" addon="0" merge="0" rebuychips="0" reg_code="8385495170"/>
</players>
</general>
<round no="0"><action no="1" player="oreiasccp" type="1" sum="10"/>
<action no="2" player="Mundimagic" type="2" discard="1" dealt="1" sum="20"/>
</round>
<round no="1"><cards type="Pocket" player="Mundimagic">CK HA</cards>
<cards type="Pocket" player="aceoasis84">X X</cards>
<cards type="Pocket" player="oreiasccp">CA DK</cards>
<action no="3" player="aceoasis84" type="0" discard="1" dealt="1" sum="0"/>
<action no="4" player="oreiasccp" type="23" sum="60"/>
<action no="5" player="Mundimagic" type="7" discard="1" dealt="1" sum="70"/>
<action no="6" player="oreiasccp" type="3" sum="30"/>
</round>
<round no="2"><cards type="Flop">DA DJ S4</cards>
</round>
<round no="3"><cards type="Turn">D6</cards>
</round>
<round no="4"><cards type="River">S10</cards>
</round>
</game>
<game gamecode="11516791292"><general><startdate>2025-06-17 08:28:20</startdate>
<round>1</round>
<failsafecounter/>
<players><player seat="10" name="aceoasis84" chips="880" dealer="0" win="0" bet="20" muck="1" rebuy="0" addon="0" merge="0" rebuychips="0" reg_code="8385495275"/>
<player seat="3" name="oreiasccp" chips="530" dealer="1" win="0" bet="0" muck="1" rebuy="0" addon="0" merge="0" rebuychips="0" reg_code="8385495170"/>
<player seat="6" name="Mundimagic" chips="90" dealer="0" win="40" bet="90" muck="1" rebuy="0" addon="0" merge="0" rebuychips="0" reg_code="8385495204"/>
</players>
</general>
<round no="0"><action no="1" player="Mundimagic" type="1" discard="1" dealt="1" sum="10"/>
<action no="2" player="aceoasis84" type="2" discard="1" dealt="1" sum="20"/>
</round>
<round no="1"><cards type="Pocket" player="oreiasccp">S7 H6</cards>
<cards type="Pocket" player="aceoasis84">X X</cards>
<cards type="Pocket" player="Mundimagic">X X</cards>
<action no="3" player="oreiasccp" type="0" sum="0"/>
<action no="4" player="Mundimagic" type="23" discard="1" dealt="1" sum="90"/>
<action no="5" player="aceoasis84" type="0" discard="1" dealt="1" sum="0"/>
</round>
</game>
<game gamecode="11516791322"><general><startdate>2025-06-17 08:28:29</startdate>
<round>1</round>
<failsafecounter/>
<players><player seat="3" name="oreiasccp" chips="530" dealer="0" win="40" bet="60" muck="1" rebuy="0" addon="0" merge="0" rebuychips="0" reg_code="8385495170"/>
<player seat="6" name="Mundimagic" chips="110" dealer="1" win="0" bet="0" muck="1" rebuy="0" addon="0" merge="0" rebuychips="0" reg_code="8385495204"/>
<player seat="10" name="aceoasis84" chips="860" dealer="0" win="0" bet="20" muck="1" rebuy="0" addon="0" merge="0" rebuychips="0" reg_code="8385495275"/>
</players>
</general>
<round no="0"><action no="1" player="aceoasis84" type="1" discard="1" dealt="1" sum="10"/>
<action no="2" player="oreiasccp" type="2" sum="20"/>
</round>
<round no="1"><cards type="Pocket" player="oreiasccp">S10 H6</cards>
<cards type="Pocket" player="aceoasis84">X X</cards>
<cards type="Pocket" player="Mundimagic">X X</cards>
<action no="3" player="Mundimagic" type="0" discard="1" dealt="1" sum="0"/>
<action no="4" player="aceoasis84" type="3" discard="1" dealt="1" sum="10"/>
<action no="5" player="oreiasccp" type="4" sum="0"/>
</round>
<round no="2"><cards type="Flop">C9 D7 DA</cards>
<action no="6" player="aceoasis84" type="4" discard="1" dealt="1" sum="0"/>
<action no="7" player="oreiasccp" type="4" sum="0"/>
</round>
<round no="3"><cards type="Turn">SA</cards>
<action no="8" player="aceoasis84" type="4" discard="1" dealt="1" sum="0"/>
<action no="9" player="oreiasccp" type="4" sum="0"/>
</round>
<round no="4"><cards type="River">C8</cards>
<action no="10" player="aceoasis84" type="4" discard="1" dealt="1" sum="0"/>
<action no="11" player="oreiasccp" type="5" sum="40"/>
<action no="12" player="aceoasis84" type="0" discard="1" dealt="1" sum="0"/>
</round>
</game>
<game gamecode="11516791380"><general><startdate>2025-06-17 08:28:50</startdate>
<round>1</round>
<failsafecounter/>
<players><player seat="6" name="Mundimagic" chips="110" dealer="0" win="0" bet="110" muck="0" rebuy="0" addon="0" merge="0" rebuychips="0" reg_code="8385495204"/>
<player seat="10" name="aceoasis84" chips="840" dealer="1" win="240" bet="110" muck="0" rebuy="0" addon="0" merge="0" rebuychips="0" reg_code="8385495275"/>
<player seat="3" name="oreiasccp" chips="550" dealer="0" win="0" bet="20" muck="1" rebuy="0" addon="0" merge="0" rebuychips="0" reg_code="8385495170"/>
</players>
</general>
<round no="0"><action no="1" player="oreiasccp" type="15" sum="5"/>
<action no="2" player="Mundimagic" type="15" discard="1" dealt="1" sum="5"/>
<action no="3" player="aceoasis84" type="15" discard="1" dealt="1" sum="5"/>
<action no="4" player="oreiasccp" type="1" sum="15"/>
<action no="5" player="Mundimagic" type="2" discard="1" dealt="1" sum="30"/>
</round>
<round no="1"><cards type="Pocket" player="oreiasccp">D3 S6</cards>
<cards type="Pocket" player="Mundimagic">HA D9</cards>
<cards type="Pocket" player="aceoasis84">D10 S10</cards>
<action no="6" player="aceoasis84" type="23" discard="1" dealt="1" sum="60"/>
<action no="7" player="oreiasccp" type="0" sum="0"/>
<action no="8" player="Mundimagic" type="23" discard="1" dealt="1" sum="105"/>
<action no="9" player="aceoasis84" type="3" discard="1" dealt="1" sum="45"/>
</round>
<round no="2"><cards type="Flop">HJ D4 CJ</cards>
</round>
<round no="3"><cards type="Turn">DJ</cards>
</round>
<round no="4"><cards type="River">C5</cards>
</round>
</game>
<game gamecode="11516791437"><general><startdate>2025-06-17 08:29:10</startdate>
<round>1</round>
<failsafecounter/>
<players><player seat="10" name="aceoasis84" chips="970" dealer="0" win="0" bet="65" muck="1" rebuy="0" addon="0" merge="0" rebuychips="0" reg_code="8385495275"/>
<player seat="3" name="oreiasccp" chips="530" dealer="1" win="130" bet="95" muck="1" rebuy="0" addon="0" merge="0" rebuychips="0" reg_code="8385495170"/>
</players>
</general>
<round no="0"><action no="1" player="oreiasccp" type="15" sum="5"/>
<action no="2" player="aceoasis84" type="15" discard="1" dealt="1" sum="5"/>
<action no="3" player="oreiasccp" type="1" sum="15"/>
<action no="4" player="aceoasis84" type="2" discard="1" dealt="1" sum="30"/>
</round>
<round no="1"><cards type="Pocket" player="aceoasis84">X X</cards>
<cards type="Pocket" player="oreiasccp">CJ HA</cards>
<action no="5" player="oreiasccp" type="23" sum="60"/>
<action no="6" player="aceoasis84" type="3" discard="1" dealt="1" sum="30"/>
</round>
<round no="2"><cards type="Flop">H6 SA D7</cards>
<action no="7" player="aceoasis84" type="4" discard="1" dealt="1" sum="0"/>
<action no="8" player="oreiasccp" type="5" sum="30"/>
<action no="9" player="aceoasis84" type="0" discard="1" dealt="1" sum="0"/>
</round>
</game>
<game gamecode="11516791471"><general><startdate>2025-06-17 08:29:22</startdate>
<round>1</round>
<failsafecounter/>
<players><player seat="3" name="oreiasccp" chips="595" dealer="0" win="0" bet="35" muck="1" rebuy="0" addon="0" merge="0" rebuychips="0" reg_code="8385495170"/>
<player seat="10" name="aceoasis84" chips="905" dealer="1" win="70" bet="65" muck="1" rebuy="0" addon="0" merge="0" rebuychips="0" reg_code="8385495275"/>
</players>
</general>
<round no="0"><action no="1" player="aceoasis84" type="15" discard="1" dealt="1" sum="5"/>
<action no="2" player="oreiasccp" type="15" sum="5"/>
<action no="3" player="aceoasis84" type="1" discard="1" dealt="1" sum="15"/>
<action no="4" player="oreiasccp" type="2" sum="30"/>
</round>
<round no="1"><cards type="Pocket" player="aceoasis84">X X</cards>
<cards type="Pocket" player="oreiasccp">S7 H3</cards>
<action no="5" player="aceoasis84" type="23" discard="1" dealt="1" sum="60"/>
<action no="6" player="oreiasccp" type="0" sum="0"/>
</round>
</game>
<game gamecode="11516791491"><general><startdate>2025-06-17 08:29:29</startdate>
<round>1</round>
<failsafecounter/>
<players><player seat="10" name="aceoasis84" chips="940" dealer="0" win="40" bet="35" muck="1" rebuy="0" addon="0" merge="0" rebuychips="0" reg_code="8385495275"/>
<player seat="3" name="oreiasccp" chips="560" dealer="1" win="0" bet="20" muck="1" rebuy="0" addon="0" merge="0" rebuychips="0" reg_code="8385495170"/>
</players>
</general>
<round no="0"><action no="1" player="oreiasccp" type="15" sum="5"/>
<action no="2" player="aceoasis84" type="15" discard="1" dealt="1" sum="5"/>
<action no="3" player="oreiasccp" type="1" sum="15"/>
<action no="4" player="aceoasis84" type="2" discard="1" dealt="1" sum="30"/>
</round>
<round no="1"><cards type="Pocket" player="aceoasis84">X X</cards>
<cards type="Pocket" player="oreiasccp">S9 C2</cards>
<action no="5" player="oreiasccp" type="0" sum="0"/>
</round>
</game>
<game gamecode="11516791499"><general><startdate>2025-06-17 08:29:34</startdate>
<round>1</round>
<failsafecounter/>
<players><player seat="3" name="oreiasccp" chips="540" dealer="0" win="40" bet="35" muck="1" rebuy="0" addon="0" merge="0" rebuychips="0" reg_code="8385495170"/>
<player seat="10" name="aceoasis84" chips="960" dealer="1" win="0" bet="20" muck="1" rebuy="0" addon="0" merge="0" rebuychips="0" reg_code="8385495275"/>
</players>
</general>
<round no="0"><action no="1" player="aceoasis84" type="15" discard="1" dealt="1" sum="5"/>
<action no="2" player="oreiasccp" type="15" sum="5"/>
<action no="3" player="aceoasis84" type="1" discard="1" dealt="1" sum="15"/>
<action no="4" player="oreiasccp" type="2" sum="30"/>
</round>
<round no="1"><cards type="Pocket" player="oreiasccp">H10 DK</cards>
<cards type="Pocket" player="aceoasis84">X X</cards>
<action no="5" player="aceoasis84" type="0" discard="1" dealt="1" sum="0"/>
</round>
</game>
<game gamecode="11516791521"><general><startdate>2025-06-17 08:29:40</startdate>
<round>1</round>
<failsafecounter/>
<players><player seat="10" name="aceoasis84" chips="940" dealer="0" win="0" bet="35" muck="1" rebuy="0" addon="0" merge="0" rebuychips="0" reg_code="8385495275"/>
<player seat="3" name="oreiasccp" chips="560" dealer="1" win="70" bet="65" muck="1" rebuy="0" addon="0" merge="0" rebuychips="0" reg_code="8385495170"/>
</players>
</general>
<round no="0"><action no="1" player="oreiasccp" type="15" sum="5"/>
<action no="2" player="aceoasis84" type="15" discard="1" dealt="1" sum="5"/>
<action no="3" player="oreiasccp" type="1" sum="15"/>
<action no="4" player="aceoasis84" type="2" discard="1" dealt="1" sum="30"/>
</round>
<round no="1"><cards type="Pocket" player="oreiasccp">H10 D10</cards>
<cards type="Pocket" player="aceoasis84">X X</cards>
<action no="5" player="oreiasccp" type="23" sum="60"/>
<action no="6" player="aceoasis84" type="0" discard="1" dealt="1" sum="0"/>
</round>
</game>
<game gamecode="11516791540"><general><startdate>2025-06-17 08:29:48</startdate>
<round>1</round>
<failsafecounter/>
<players><player seat="3" name="oreiasccp" chips="595" dealer="0" win="70" bet="86" muck="1" rebuy="0" addon="0" merge="0" rebuychips="0" reg_code="8385495170"/>
<player seat="10" name="aceoasis84" chips="905" dealer="1" win="0" bet="35" muck="1" rebuy="0" addon="0" merge="0" rebuychips="0" reg_code="8385495275"/>
</players>
</general>
<round no="0"><action no="1" player="aceoasis84" type="15" discard="1" dealt="1" sum="5"/>
<action no="2" player="oreiasccp" type="15" sum="5"/>
<action no="3" player="aceoasis84" type="1" discard="1" dealt="1" sum="15"/>
<action no="4" player="oreiasccp" type="2" sum="30"/>
</round>
<round no="1"><cards type="Pocket" player="oreiasccp">HJ C6</cards>
<cards type="Pocket" player="aceoasis84">X X</cards>
<action no="5" player="aceoasis84" type="3" discard="1" dealt="1" sum="15"/>
<action no="6" player="oreiasccp" type="4" sum="0"/>
</round>
<round no="2"><cards type="Flop">C2 S5 H3</cards>
<action no="7" player="oreiasccp" type="4" sum="0"/>
<action no="8" player="aceoasis84" type="4" discard="1" dealt="1" sum="0"/>
</round>
<round no="3"><cards type="Turn">D2</cards>
<action no="9" player="oreiasccp" type="5" sum="51"/>
<action no="10" player="aceoasis84" type="0" discard="1" dealt="1" sum="0"/>
</round>
</game>
<game gamecode="11516791590"><general><startdate>2025-06-17 08:30:02</startdate>
<round>1</round>
<failsafecounter/>
<players><player seat="10" name="aceoasis84" chips="870" dealer="0" win="0" bet="35" muck="1" rebuy="0" addon="0" merge="0" rebuychips="0" reg_code="8385495275"/>
<player seat="3" name="oreiasccp" chips="630" dealer="1" win="70" bet="65" muck="1" rebuy="0" addon="0" merge="0" rebuychips="0" reg_code="8385495170"/>
</players>
</general>
<round no="0"><action no="1" player="oreiasccp" type="15" sum="5"/>
<action no="2" player="aceoasis84" type="15" discard="1" dealt="1" sum="5"/>
<action no="3" player="oreiasccp" type="1" sum="15"/>
<action no="4" player="aceoasis84" type="2" discard="1" dealt="1" sum="30"/>
</round>
<round no="1"><cards type="Pocket" player="aceoasis84">X X</cards>
<cards type="Pocket" player="oreiasccp">S8 SK</cards>
<action no="5" player="oreiasccp" type="3" sum="15"/>
<action no="6" player="aceoasis84" type="4" discard="1" dealt="1" sum="0"/>
</round>
<round no="2"><cards type="Flop">S6 SA C7</cards>
<action no="7" player="aceoasis84" type="4" discard="1" dealt="1" sum="0"/>
<action no="8" player="oreiasccp" type="5" sum="30"/>
<action no="9" player="aceoasis84" type="0" discard="1" dealt="1" sum="0"/>
</round>
</game>
<game gamecode="11516791624"><general><startdate>2025-06-17 08:30:14</startdate>
<round>1</round>
<failsafecounter/>
<players><player seat="3" name="oreiasccp" chips="665" dealer="0" win="130" bet="112" muck="1" rebuy="0" addon="0" merge="0" rebuychips="0" reg_code="8385495170"/>
<player seat="10" name="aceoasis84" chips="835" dealer="1" win="0" bet="65" muck="1" rebuy="0" addon="0" merge="0" rebuychips="0" reg_code="8385495275"/>
</players>
</general>
<round no="0"><action no="1" player="aceoasis84" type="15" discard="1" dealt="1" sum="5"/>
<action no="2" player="oreiasccp" type="15" sum="5"/>
<action no="3" player="aceoasis84" type="1" discard="1" dealt="1" sum="15"/>
<action no="4" player="oreiasccp" type="2" sum="30"/>
</round>
<round no="1"><cards type="Pocket" player="aceoasis84">X X</cards>
<cards type="Pocket" player="oreiasccp">D10 CJ</cards>
<action no="5" player="aceoasis84" type="23" discard="1" dealt="1" sum="60"/>
<action no="6" player="oreiasccp" type="3" sum="30"/>
</round>
<round no="2"><cards type="Flop">S4 H10 S10</cards>
<action no="7" player="oreiasccp" type="4" sum="0"/>
<action no="8" player="aceoasis84" type="4" discard="1" dealt="1" sum="0"/>
</round>
<round no="3"><cards type="Turn">H5</cards>
<action no="9" player="oreiasccp" type="5" sum="47"/>
<action no="10" player="aceoasis84" type="0" discard="1" dealt="1" sum="0"/>
</round>
</game>
<game gamecode="11516791683"><general><startdate>2025-06-17 08:30:32</startdate>
<round>1</round>
<failsafecounter/>
<players><player seat="10" name="aceoasis84" chips="770" dealer="0" win="190" bet="190" muck="1" rebuy="0" addon="0" merge="0" rebuychips="0" reg_code="8385495275"/>
<player seat="3" name="oreiasccp" chips="730" dealer="1" win="0" bet="95" muck="1" rebuy="0" addon="0" merge="0" rebuychips="0" reg_code="8385495170"/>
</players>
</general>
<round no="0"><action no="1" player="oreiasccp" type="15" sum="5"/>
<action no="2" player="aceoasis84" type="15" discard="1" dealt="1" sum="5"/>
<action no="3" player="oreiasccp" type="1" sum="15"/>
<action no="4" player="aceoasis84" type="2" discard="1" dealt="1" sum="30"/>
</round>
<round no="1"><cards type="Pocket" player="aceoasis84">X X</cards>
<cards type="Pocket" player="oreiasccp">D8 D7</cards>
<action no="5" player="oreiasccp" type="3" sum="15"/>
<action no="6" player="aceoasis84" type="4" discard="1" dealt="1" sum="0"/>
</round>
<round no="2"><cards type="Flop">H7 SA H10</cards>
<action no="7" player="aceoasis84" type="5" discard="1" dealt="1" sum="30"/>
<action no="8" player="oreiasccp" type="3" sum="30"/>
</round>
<round no="3"><cards type="Turn">H6</cards>
<action no="9" player="aceoasis84" type="5" discard="1" dealt="1" sum="30"/>
<action no="10" player="oreiasccp" type="3" sum="30"/>
</round>
<round no="4"><cards type="River">S5</cards>
<action no="11" player="aceoasis84" type="5" discard="1" dealt="1" sum="95"/>
<action no="12" player="oreiasccp" type="0" sum="0"/>
</round>
</game>
<game gamecode="11516791736"><general><startdate>2025-06-17 08:30:51</startdate>
<round>1</round>
<failsafecounter/>
<players><player seat="3" name="oreiasccp" chips="635" dealer="0" win="50" bet="45" muck="1" rebuy="0" addon="0" merge="0" rebuychips="0" reg_code="8385495170"/>
<player seat="10" name="aceoasis84" chips="865" dealer="1" win="0" bet="25" muck="1" rebuy="0" addon="0" merge="0" rebuychips="0" reg_code="8385495275"/>
</players>
</general>
<round no="0"><action no="1" player="aceoasis84" type="15" discard="1" dealt="1" sum="5"/>
<action no="2" player="oreiasccp" type="15" sum="5"/>
<action no="3" player="aceoasis84" type="1" discard="1" dealt="1" sum="20"/>
<action no="4" player="oreiasccp" type="2" sum="40"/>
</round>
<round no="1"><cards type="Pocket" player="aceoasis84">X X</cards>
<cards type="Pocket" player="oreiasccp">S2 S9</cards>
<action no="5" player="aceoasis84" type="0" discard="1" dealt="1" sum="0"/>
</round>
</game>
<game gamecode="11516791766"><general><startdate>2025-06-17 08:30:58</startdate>
<round>1</round>
<failsafecounter/>
<players><player seat="10" name="aceoasis84" chips="840" dealer="0" win="50" bet="45" muck="1" rebuy="0" addon="0" merge="0" rebuychips="0" reg_code="8385495275"/>
<player seat="3" name="oreiasccp" chips="660" dealer="1" win="0" bet="25" muck="1" rebuy="0" addon="0" merge="0" rebuychips="0" reg_code="8385495170"/>
</players>
</general>
<round no="0"><action no="1" player="oreiasccp" type="15" sum="5"/>
<action no="2" player="aceoasis84" type="15" discard="1" dealt="1" sum="5"/>
<action no="3" player="oreiasccp" type="1" sum="20"/>
<action no="4" player="aceoasis84" type="2" discard="1" dealt="1" sum="40"/>
</round>
<round no="1"><cards type="Pocket" player="aceoasis84">X X</cards>
<cards type="Pocket" player="oreiasccp">D2 C10</cards>
<action no="5" player="oreiasccp" type="0" sum="0"/>
</round>
</game>
<game gamecode="11516791786"><general><startdate>2025-06-17 08:31:04</startdate>
<round>1</round>
<failsafecounter/>
<players><player seat="3" name="oreiasccp" chips="635" dealer="0" win="0" bet="207" muck="1" rebuy="0" addon="0" merge="0" rebuychips="0" reg_code="8385495170"/>
<player seat="10" name="aceoasis84" chips="865" dealer="1" win="414" bet="247" muck="1" rebuy="0" addon="0" merge="0" rebuychips="0" reg_code="8385495275"/>
</players>
</general>
<round no="0"><action no="1" player="aceoasis84" type="15" discard="1" dealt="1" sum="5"/>
<action no="2" player="oreiasccp" type="15" sum="5"/>
<action no="3" player="aceoasis84" type="1" discard="1" dealt="1" sum="20"/>
<action no="4" player="oreiasccp" type="2" sum="40"/>
</round>
<round no="1"><cards type="Pocket" player="aceoasis84">X X</cards>
<cards type="Pocket" player="oreiasccp">SK D9</cards>
<action no="5" player="aceoasis84" type="23" discard="1" dealt="1" sum="80"/>
<action no="6" player="oreiasccp" type="3" sum="40"/>
</round>
<round no="2"><cards type="Flop">S4 C3 C10</cards>
<action no="7" player="oreiasccp" type="4" sum="0"/>
<action no="8" player="aceoasis84" type="4" discard="1" dealt="1" sum="0"/>
</round>
<round no="3"><cards type="Turn">SQ</cards>
<action no="9" player="oreiasccp" type="5" sum="61"/>
<action no="10" player="aceoasis84" type="23" discard="1" dealt="1" sum="122"/>
<action no="11" player="oreiasccp" type="3" sum="61"/>
</round>
<round no="4"><cards type="River">HQ</cards>
<action no="12" player="oreiasccp" type="4" sum="0"/>
<action no="13" player="aceoasis84" type="5" discard="1" dealt="1" sum="40"/>
<action no="14" player="oreiasccp" type="0" sum="0"/>
</round>
</game>
<game gamecode="11516791847"><general><startdate>2025-06-17 08:31:22</startdate>
<round>1</round>
<failsafecounter/>
<players><player seat="10" name="aceoasis84" chips="1,072" dealer="0" win="0" bet="45" muck="1" rebuy="0" addon="0" merge="0" rebuychips="0" reg_code="8385495275"/>
<player seat="3" name="oreiasccp" chips="428" dealer="1" win="90" bet="428" muck="1" rebuy="0" addon="0" merge="0" rebuychips="0" reg_code="8385495170"/>
</players>
</general>
<round no="0"><action no="1" player="oreiasccp" type="15" sum="5"/>
<action no="2" player="aceoasis84" type="15" discard="1" dealt="1" sum="5"/>
<action no="3" player="oreiasccp" type="1" sum="20"/>
<action no="4" player="aceoasis84" type="2" discard="1" dealt="1" sum="40"/>
</round>
<round no="1"><cards type="Pocket" player="aceoasis84">X X</cards>
<cards type="Pocket" player="oreiasccp">D5 S5</cards>
<action no="5" player="oreiasccp" type="23" sum="423"/>
<action no="6" player="aceoasis84" type="0" discard="1" dealt="1" sum="0"/>
</round>
</game>
<game gamecode="11516791881"><general><startdate>2025-06-17 08:31:33</startdate>
<round>1</round>
<failsafecounter/>
<players><player seat="3" name="oreiasccp" chips="473" dealer="0" win="50" bet="45" muck="1" rebuy="0" addon="0" merge="0" rebuychips="0" reg_code="8385495170"/>
<player seat="10" name="aceoasis84" chips="1,027" dealer="1" win="0" bet="25" muck="1" rebuy="0" addon="0" merge="0" rebuychips="0" reg_code="8385495275"/>
</players>
</general>
<round no="0"><action no="1" player="aceoasis84" type="15" discard="1" dealt="1" sum="5"/>
<action no="2" player="oreiasccp" type="15" sum="5"/>
<action no="3" player="aceoasis84" type="1" discard="1" dealt="1" sum="20"/>
<action no="4" player="oreiasccp" type="2" sum="40"/>
</round>
<round no="1"><cards type="Pocket" player="oreiasccp">DQ SA</cards>
<cards type="Pocket" player="aceoasis84">X X</cards>
<action no="5" player="aceoasis84" type="0" discard="1" dealt="1" sum="0"/>
</round>
</game>
<game gamecode="11516791902"><general><startdate>2025-06-17 08:31:39</startdate>
<round>1</round>
<failsafecounter/>
<players><player seat="10" name="aceoasis84" chips="1,002" dealer="0" win="330" bet="205" muck="1" rebuy="0" addon="0" merge="0" rebuychips="0" reg_code="8385495275"/>
<player seat="3" name="oreiasccp" chips="498" dealer="1" win="0" bet="165" muck="1" rebuy="0" addon="0" merge="0" rebuychips="0" reg_code="8385495170"/>
</players>
</general>
<round no="0"><action no="1" player="oreiasccp" type="15" sum="5"/>
<action no="2" player="aceoasis84" type="15" discard="1" dealt="1" sum="5"/>
<action no="3" player="oreiasccp" type="1" sum="20"/>
<action no="4" player="aceoasis84" type="2" discard="1" dealt="1" sum="40"/>
</round>
<round no="1"><cards type="Pocket" player="oreiasccp">SQ SJ</cards>
<cards type="Pocket" player="aceoasis84">X X</cards>
<action no="5" player="oreiasccp" type="3" sum="20"/>
<action no="6" player="aceoasis84" type="23" discard="1" dealt="1" sum="80"/>
<action no="7" player="oreiasccp" type="3" sum="40"/>
</round>
<round no="2"><cards type="Flop">C8 C2 H6</cards>
<action no="8" player="aceoasis84" type="5" discard="1" dealt="1" sum="40"/>
<action no="9" player="oreiasccp" type="3" sum="40"/>
</round>
<round no="3"><cards type="Turn">H8</cards>
<action no="10" player="aceoasis84" type="5" discard="1" dealt="1" sum="40"/>
<action no="11" player="oreiasccp" type="3" sum="40"/>
</round>
<round no="4"><cards type="River">S2</cards>
<action no="12" player="aceoasis84" type="5" discard="1" dealt="1" sum="40"/>
<action no="13" player="oreiasccp" type="0" sum="0"/>
</round>
</game>
<game gamecode="11516791950"><general><startdate>2025-06-17 08:31:57</startdate>
<round>1</round>
<failsafecounter/>
<players><player seat="3" name="oreiasccp" chips="333" dealer="0" win="50" bet="45" muck="1" rebuy="0" addon="0" merge="0" rebuychips="0" reg_code="8385495170"/>
<player seat="10" name="aceoasis84" chips="1,167" dealer="1" win="0" bet="25" muck="1" rebuy="0" addon="0" merge="0" rebuychips="0" reg_code="8385495275"/>
</players>
</general>
<round no="0"><action no="1" player="aceoasis84" type="15" discard="1" dealt="1" sum="5"/>
<action no="2" player="oreiasccp" type="15" sum="5"/>
<action no="3" player="aceoasis84" type="1" discard="1" dealt="1" sum="20"/>
<action no="4" player="oreiasccp" type="2" sum="40"/>
</round>
<round no="1"><cards type="Pocket" player="oreiasccp">CK HA</cards>
<cards type="Pocket" player="aceoasis84">X X</cards>
<action no="5" player="aceoasis84" type="0" discard="1" dealt="1" sum="0"/>
</round>
</game>
<game gamecode="11516791971"><general><startdate>2025-06-17 08:32:04</startdate>
<round>1</round>
<failsafecounter/>
<players><player seat="10" name="aceoasis84" chips="1,142" dealer="0" win="0" bet="45" muck="1" rebuy="0" addon="0" merge="0" rebuychips="0" reg_code="8385495275"/>
<player seat="3" name="oreiasccp" chips="358" dealer="1" win="90" bet="358" muck="1" rebuy="0" addon="0" merge="0" rebuychips="0" reg_code="8385495170"/>
</players>
</general>
<round no="0"><action no="1" player="oreiasccp" type="15" sum="5"/>
<action no="2" player="aceoasis84" type="15" discard="1" dealt="1" sum="5"/>
<action no="3" player="oreiasccp" type="1" sum="20"/>
<action no="4" player="aceoasis84" type="2" discard="1" dealt="1" sum="40"/>
</round>
<round no="1"><cards type="Pocket" player="oreiasccp">S6 S8</cards>
<cards type="Pocket" player="aceoasis84">X X</cards>
<action no="5" player="oreiasccp" type="23" sum="353"/>
<action no="6" player="aceoasis84" type="0" discard="1" dealt="1" sum="0"/>
</round>
</game>
<game gamecode="11516791999"><general><startdate>2025-06-17 08:32:12</startdate>
<round>1</round>
<failsafecounter/>
<players><player seat="3" name="oreiasccp" chips="403" dealer="0" win="0" bet="45" muck="1" rebuy="0" addon="0" merge="0" rebuychips="0" reg_code="8385495170"/>
<player seat="10" name="aceoasis84" chips="1,097" dealer="1" win="90" bet="85" muck="1" rebuy="0" addon="0" merge="0" rebuychips="0" reg_code="8385495275"/>
</players>
</general>
<round no="0"><action no="1" player="aceoasis84" type="15" discard="1" dealt="1" sum="5"/>
<action no="2" player="oreiasccp" type="15" sum="5"/>
<action no="3" player="aceoasis84" type="1" discard="1" dealt="1" sum="20"/>
<action no="4" player="oreiasccp" type="2" sum="40"/>
</round>
<round no="1"><cards type="Pocket" player="oreiasccp">S5 H9</cards>
<cards type="Pocket" player="aceoasis84">X X</cards>
<action no="5" player="aceoasis84" type="23" discard="1" dealt="1" sum="80"/>
<action no="6" player="oreiasccp" type="0" sum="0"/>
</round>
</game>
<game gamecode="11516792028"><general><startdate>2025-06-17 08:32:19</startdate>
<round>1</round>
<failsafecounter/>
<players><player seat="10" name="aceoasis84" chips="1,142" dealer="0" win="250" bet="165" muck="1" rebuy="0" addon="0" merge="0" rebuychips="0" reg_code="8385495275"/>
<player seat="3" name="oreiasccp" chips="358" dealer="1" win="0" bet="125" muck="1" rebuy="0" addon="0" merge="0" rebuychips="0" reg_code="8385495170"/>
</players>
</general>
<round no="0"><action no="1" player="oreiasccp" type="15" sum="5"/>
<action no="2" player="aceoasis84" type="15" discard="1" dealt="1" sum="5"/>
<action no="3" player="oreiasccp" type="1" sum="20"/>
<action no="4" player="aceoasis84" type="2" discard="1" dealt="1" sum="40"/>
</round>
<round no="1"><cards type="Pocket" player="aceoasis84">X X</cards>
<cards type="Pocket" player="oreiasccp">SQ D2</cards>
<action no="5" player="oreiasccp" type="3" sum="20"/>
<action no="6" player="aceoasis84" type="4" discard="1" dealt="1" sum="0"/>
</round>
<round no="2"><cards type="Flop">S2 CK D10</cards>
<action no="7" player="aceoasis84" type="5" discard="1" dealt="1" sum="40"/>
<action no="8" player="oreiasccp" type="3" sum="40"/>
</round>
<round no="3"><cards type="Turn">S8</cards>
<action no="9" player="aceoasis84" type="5" discard="1" dealt="1" sum="40"/>
<action no="10" player="oreiasccp" type="3" sum="40"/>
</round>
<round no="4"><cards type="River">D6</cards>
<action no="11" player="aceoasis84" type="5" discard="1" dealt="1" sum="40"/>
<action no="12" player="oreiasccp" type="0" sum="0"/>
</round>
</game>
<game gamecode="11516792076"><general><startdate>2025-06-17 08:32:35</startdate>
<round>1</round>
<failsafecounter/>
<players><player seat="3" name="oreiasccp" chips="233" dealer="0" win="70" bet="65" muck="1" rebuy="0" addon="0" merge="0" rebuychips="0" reg_code="8385495170"/>
<player seat="10" name="aceoasis84" chips="1,267" dealer="1" win="0" bet="35" muck="1" rebuy="0" addon="0" merge="0" rebuychips="0" reg_code="8385495275"/>
</players>
</general>
<round no="0"><action no="1" player="aceoasis84" type="15" discard="1" dealt="1" sum="5"/>
<action no="2" player="oreiasccp" type="15" sum="5"/>
<action no="3" player="aceoasis84" type="1" discard="1" dealt="1" sum="30"/>
<action no="4" player="oreiasccp" type="2" sum="60"/>
</round>
<round no="1"><cards type="Pocket" player="oreiasccp">H3 S10</cards>
<cards type="Pocket" player="aceoasis84">X X</cards>
<action no="5" player="aceoasis84" type="0" discard="1" dealt="1" sum="0"/>
</round>
</game>
<game gamecode="11516792095"><general><startdate>2025-06-17 08:32:41</startdate>
<round>1</round>
<failsafecounter/>
<players><player seat="10" name="aceoasis84" chips="1,232" dealer="0" win="70" bet="65" muck="1" rebuy="0" addon="0" merge="0" rebuychips="0" reg_code="8385495275"/>
<player seat="3" name="oreiasccp" chips="268" dealer="1" win="0" bet="35" muck="1" rebuy="0" addon="0" merge="0" rebuychips="0" reg_code="8385495170"/>
</players>
</general>
<round no="0"><action no="1" player="oreiasccp" type="15" sum="5"/>
<action no="2" player="aceoasis84" type="15" discard="1" dealt="1" sum="5"/>
<action no="3" player="oreiasccp" type="1" sum="30"/>
<action no="4" player="aceoasis84" type="2" discard="1" dealt="1" sum="60"/>
</round>
<round no="1"><cards type="Pocket" player="aceoasis84">X X</cards>
<cards type="Pocket" player="oreiasccp">C2 D8</cards>
<action no="5" player="oreiasccp" type="0" sum="0"/>
</round>
</game>
<game gamecode="11516792105"><general><startdate>2025-06-17 08:32:46</startdate>
<round>1</round>
<failsafecounter/>
<players><player seat="3" name="oreiasccp" chips="233" dealer="0" win="70" bet="65" muck="1" rebuy="0" addon="0" merge="0" rebuychips="0" reg_code="8385495170"/>
<player seat="10" name="aceoasis84" chips="1,267" dealer="1" win="0" bet="35" muck="1" rebuy="0" addon="0" merge="0" rebuychips="0" reg_code="8385495275"/>
</players>
</general>
<round no="0"><action no="1" player="aceoasis84" type="15" discard="1" dealt="1" sum="5"/>
<action no="2" player="oreiasccp" type="15" sum="5"/>
<action no="3" player="aceoasis84" type="1" discard="1" dealt="1" sum="30"/>
<action no="4" player="oreiasccp" type="2" sum="60"/>
</round>
<round no="1"><cards type="Pocket" player="oreiasccp">C10 DA</cards>
<cards type="Pocket" player="aceoasis84">X X</cards>
<action no="5" player="aceoasis84" type="0" discard="1" dealt="1" sum="0"/>
</round>
</game>
<game gamecode="11516792122"><general><startdate>2025-06-17 08:32:52</startdate>
<round>1</round>
<failsafecounter/>
<players><player seat="10" name="aceoasis84" chips="1,232" dealer="0" win="0" bet="268" muck="1" rebuy="0" addon="0" merge="0" rebuychips="0" reg_code="8385495275"/>
<player seat="3" name="oreiasccp" chips="268" dealer="1" win="536" bet="268" muck="0" rebuy="0" addon="0" merge="0" rebuychips="0" reg_code="8385495170"/>
</players>
</general>
<round no="0"><action no="1" player="oreiasccp" type="15" sum="5"/>
<action no="2" player="aceoasis84" type="15" discard="1" dealt="1" sum="5"/>
<action no="3" player="oreiasccp" type="1" sum="30"/>
<action no="4" player="aceoasis84" type="2" discard="1" dealt="1" sum="60"/>
</round>
<round no="1"><cards type="Pocket" player="aceoasis84">H2 C2</cards>
<cards type="Pocket" player="oreiasccp">H5 H9</cards>
<action no="5" player="oreiasccp" type="23" sum="263"/>
<action no="6" player="aceoasis84" type="3" discard="1" dealt="1" sum="203"/>
</round>
<round no="2"><cards type="Flop">S7 HJ H10</cards>
</round>
<round no="3"><cards type="Turn">HQ</cards>
</round>
<round no="4"><cards type="River">D2</cards>
</round>
</game>
<game gamecode="11516792171"><general><startdate>2025-06-17 08:33:07</startdate>
<round>1</round>
<failsafecounter/>
<players><player seat="3" name="oreiasccp" chips="536" dealer="0" win="0" bet="65" muck="1" rebuy="0" addon="0" merge="0" rebuychips="0" reg_code="8385495170"/>
<player seat="10" name="aceoasis84" chips="964" dealer="1" win="130" bet="125" muck="1" rebuy="0" addon="0" merge="0" rebuychips="0" reg_code="8385495275"/>
</players>
</general>
<round no="0"><action no="1" player="aceoasis84" type="15" discard="1" dealt="1" sum="5"/>
<action no="2" player="oreiasccp" type="15" sum="5"/>
<action no="3" player="aceoasis84" type="1" discard="1" dealt="1" sum="30"/>
<action no="4" player="oreiasccp" type="2" sum="60"/>
</round>
<round no="1"><cards type="Pocket" player="oreiasccp">DJ H10</cards>
<cards type="Pocket" player="aceoasis84">X X</cards>
<action no="5" player="aceoasis84" type="3" discard="1" dealt="1" sum="30"/>
<action no="6" player="oreiasccp" type="4" sum="0"/>
</round>
<round no="2"><cards type="Flop">D5 C7 C5</cards>
<action no="7" player="oreiasccp" type="4" sum="0"/>
<action no="8" player="aceoasis84" type="4" discard="1" dealt="1" sum="0"/>
</round>
<round no="3"><cards type="Turn">C6</cards>
<action no="9" player="oreiasccp" type="4" sum="0"/>
<action no="10" player="aceoasis84" type="5" discard="1" dealt="1" sum="60"/>
<action no="11" player="oreiasccp" type="0" sum="0"/>
</round>
</game>
<game gamecode="11516792235"><general><startdate>2025-06-17 08:33:30</startdate>
<round>1</round>
<failsafecounter/>
<players><player seat="10" name="aceoasis84" chips="1,029" dealer="0" win="0" bet="65" muck="1" rebuy="0" addon="0" merge="0" rebuychips="0" reg_code="8385495275"/>
<player seat="3" name="oreiasccp" chips="471" dealer="1" win="130" bet="471" muck="1" rebuy="0" addon="0" merge="0" rebuychips="0" reg_code="8385495170"/>
</players>
</general>
<round no="0"><action no="1" player="oreiasccp" type="15" sum="5"/>
<action no="2" player="aceoasis84" type="15" discard="1" dealt="1" sum="5"/>
<action no="3" player="oreiasccp" type="1" sum="30"/>
<action no="4" player="aceoasis84" type="2" discard="1" dealt="1" sum="60"/>
</round>
<round no="1"><cards type="Pocket" player="aceoasis84">X X</cards>
<cards type="Pocket" player="oreiasccp">S4 HA</cards>
<action no="5" player="oreiasccp" type="23" sum="466"/>
<action no="6" player="aceoasis84" type="0" discard="1" dealt="1" sum="0"/>
</round>
</game>
<game gamecode="11516792254"><general><startdate>2025-06-17 08:33:37</startdate>
<round>1</round>
<failsafecounter/>
<players><player seat="3" name="oreiasccp" chips="536" dealer="0" win="0" bet="65" muck="1" rebuy="0" addon="0" merge="0" rebuychips="0" reg_code="8385495170"/>
<player seat="10" name="aceoasis84" chips="964" dealer="1" win="130" bet="125" muck="1" rebuy="0" addon="0" merge="0" rebuychips="0" reg_code="8385495275"/>
</players>
</general>
<round no="0"><action no="1" player="aceoasis84" type="15" discard="1" dealt="1" sum="5"/>
<action no="2" player="oreiasccp" type="15" sum="5"/>
<action no="3" player="aceoasis84" type="1" discard="1" dealt="1" sum="30"/>
<action no="4" player="oreiasccp" type="2" sum="60"/>
</round>
<round no="1"><cards type="Pocket" player="aceoasis84">X X</cards>
<cards type="Pocket" player="oreiasccp">D7 S5</cards>
<action no="5" player="aceoasis84" type="23" discard="1" dealt="1" sum="120"/>
<action no="6" player="oreiasccp" type="0" sum="0"/>
</round>
</game>
<game gamecode="11516792283"><general><startdate>2025-06-17 08:33:49</startdate>
<round>1</round>
<failsafecounter/>
<players><player seat="10" name="aceoasis84" chips="1,029" dealer="0" win="0" bet="471" muck="1" rebuy="0" addon="0" merge="0" rebuychips="0" reg_code="8385495275"/>
<player seat="3" name="oreiasccp" chips="471" dealer="1" win="942" bet="471" muck="0" rebuy="0" addon="0" merge="0" rebuychips="0" reg_code="8385495170"/>
</players>
</general>
<round no="0"><action no="1" player="oreiasccp" type="15" sum="5"/>
<action no="2" player="aceoasis84" type="15" discard="1" dealt="1" sum="5"/>
<action no="3" player="oreiasccp" type="1" sum="30"/>
<action no="4" player="aceoasis84" type="2" discard="1" dealt="1" sum="60"/>
</round>
<round no="1"><cards type="Pocket" player="oreiasccp">S8 D10</cards>
<cards type="Pocket" player="aceoasis84">SA C3</cards>
<action no="5" player="oreiasccp" type="23" sum="466"/>
<action no="6" player="aceoasis84" type="3" discard="1" dealt="1" sum="406"/>
</round>
<round no="2"><cards type="Flop">DJ H10 S10</cards>
</round>
<round no="3"><cards type="Turn">D6</cards>
</round>
<round no="4"><cards type="River">S2</cards>
</round>
</game>
<game gamecode="11516796172"><general><startdate>2025-06-17 08:34:05</startdate>
<round>1</round>
<failsafecounter/>
<players><player seat="3" name="oreiasccp" chips="942" dealer="0" win="70" bet="65" muck="1" rebuy="0" addon="0" merge="0" rebuychips="0" reg_code="8385495170"/>
<player seat="10" name="aceoasis84" chips="558" dealer="1" win="0" bet="35" muck="1" rebuy="0" addon="0" merge="0" rebuychips="0" reg_code="8385495275"/>
</players>
</general>
<round no="0"><action no="1" player="aceoasis84" type="15" discard="1" dealt="1" sum="5"/>
<action no="2" player="oreiasccp" type="15" sum="5"/>
<action no="3" player="aceoasis84" type="1" discard="1" dealt="1" sum="30"/>
<action no="4" player="oreiasccp" type="2" sum="60"/>
</round>
<round no="1"><cards type="Pocket" player="aceoasis84">X X</cards>
<cards type="Pocket" player="oreiasccp">S3 S2</cards>
<action no="5" player="aceoasis84" type="0" discard="1" dealt="1" sum="0"/>
</round>
</game>
<game gamecode="11516796192"><general><startdate>2025-06-17 08:34:11</startdate>
<round>1</round>
<failsafecounter/>
<players><player seat="10" name="aceoasis84" chips="523" dealer="0" win="70" bet="65" muck="1" rebuy="0" addon="0" merge="0" rebuychips="0" reg_code="8385495275"/>
<player seat="3" name="oreiasccp" chips="977" dealer="1" win="0" bet="35" muck="1" rebuy="0" addon="0" merge="0" rebuychips="0" reg_code="8385495170"/>
</players>
</general>
<round no="0"><action no="1" player="oreiasccp" type="15" sum="5"/>
<action no="2" player="aceoasis84" type="15" discard="1" dealt="1" sum="5"/>
<action no="3" player="oreiasccp" type="1" sum="30"/>
<action no="4" player="aceoasis84" type="2" discard="1" dealt="1" sum="60"/>
</round>
<round no="1"><cards type="Pocket" player="aceoasis84">X X</cards>
<cards type="Pocket" player="oreiasccp">S10 D4</cards>
<action no="5" player="oreiasccp" type="0" sum="0"/>
</round>
</game>
<game gamecode="11516796208"><general><startdate>2025-06-17 08:34:16</startdate>
<round>1</round>
<failsafecounter/>
<players><player seat="3" name="oreiasccp" chips="942" dealer="0" win="0" bet="558" muck="0" rebuy="0" addon="0" merge="0" rebuychips="0" reg_code="8385495170"/>
<player seat="10" name="aceoasis84" chips="558" dealer="1" win="1,116" bet="558" muck="0" rebuy="0" addon="0" merge="0" rebuychips="0" reg_code="8385495275"/>
</players>
</general>
<round no="0"><action no="1" player="aceoasis84" type="15" discard="1" dealt="1" sum="5"/>
<action no="2" player="oreiasccp" type="15" sum="5"/>
<action no="3" player="aceoasis84" type="1" discard="1" dealt="1" sum="30"/>
<action no="4" player="oreiasccp" type="2" sum="60"/>
</round>
<round no="1"><cards type="Pocket" player="aceoasis84">D10 CQ</cards>
<cards type="Pocket" player="oreiasccp">DK S2</cards>
<action no="5" player="aceoasis84" type="3" discard="1" dealt="1" sum="30"/>
<action no="6" player="oreiasccp" type="23" sum="553"/>
<action no="7" player="aceoasis84" type="7" discard="1" dealt="1" sum="493"/>
</round>
<round no="2"><cards type="Flop">S3 D6 H10</cards>
</round>
<round no="3"><cards type="Turn">H4</cards>
</round>
<round no="4"><cards type="River">D8</cards>
</round>
</game>
<game gamecode="11516796274"><general><startdate>2025-06-17 08:34:40</startdate>
<round>1</round>
<failsafecounter/>
<players><player seat="10" name="aceoasis84" chips="1,116" dealer="0" win="768" bet="384" muck="0" rebuy="0" addon="0" merge="0" rebuychips="0" reg_code="8385495275"/>
<player seat="3" name="oreiasccp" chips="384" dealer="1" win="0" bet="384" muck="0" rebuy="0" addon="0" merge="0" rebuychips="0" reg_code="8385495170"/>
</players>
</general>
<round no="0"><action no="1" player="oreiasccp" type="15" sum="8"/>
<action no="2" player="aceoasis84" type="15" discard="1" dealt="1" sum="8"/>
<action no="3" player="oreiasccp" type="1" sum="40"/>
<action no="4" player="aceoasis84" type="2" discard="1" dealt="1" sum="80"/>
</round>
<round no="1"><cards type="Pocket" player="aceoasis84">C9 D9</cards>
<cards type="Pocket" player="oreiasccp">D6 C6</cards>
<action no="5" player="oreiasccp" type="23" sum="376"/>
<action no="6" player="aceoasis84" type="3" discard="1" dealt="1" sum="296"/>
</round>
<round no="2"><cards type="Flop">C5 S9 H10</cards>
</round>
<round no="3"><cards type="Turn">S8</cards>
</round>
<round no="4"><cards type="River">HJ</cards>
</round>
</game>
</session>
