<?xml version="1.0" encoding="UTF-8"?>
<session sessioncode="8385525601">
<general>
<client_version>24.7.1.16</client_version>
<mode>real</mode>
<gametype>Holdem NL</gametype>
<tablename>Twister €5 SNG, 1127667535</tablename>
<tournamentcode>1127667534</tournamentcode>
<tournamentname>Twister €5 SNG</tournamentname>
<buyin>€0 + €0.35 + €4.65</buyin>
<totalbuyin>€5</totalbuyin>
<rewarddrawn>€10</rewarddrawn>
<tournamentcurrency>EUR</tournamentcurrency>
<currency>EUR</currency>
<nickname>oreiasccp</nickname>
<gamecount>26</gamecount>
<startdate>2025-06-17 10:37:21</startdate>
<place>2</place>
<win>€0</win>
<tablesize>3</tablesize>
</general>
<game gamecode="11516881956"><general><startdate>2025-06-17 10:37:36</startdate>
<round>1</round>
<failsafecounter/>
<players><player seat="6" name="georgi84" chips="500" dealer="0" win="80" bet="500" muck="1" rebuy="0" addon="0" merge="0" rebuychips="0" reg_code="8385525618"/>
<player seat="10" name="Strongmask12" chips="500" dealer="1" win="0" bet="0" muck="1" rebuy="0" addon="0" merge="0" rebuychips="0" reg_code="8385525648"/>
<player seat="3" name="oreiasccp" chips="500" dealer="0" win="0" bet="40" muck="1" rebuy="0" addon="0" merge="0" rebuychips="0" reg_code="8385525601"/>
</players>
</general>
<round no="0"><action no="1" player="oreiasccp" type="1" sum="10"/>
<action no="2" player="georgi84" type="2" discard="1" dealt="1" sum="20"/>
</round>
<round no="1"><cards type="Pocket" player="oreiasccp">D4 D8</cards>
<cards type="Pocket" player="Strongmask12">X X</cards>
<cards type="Pocket" player="georgi84">X X</cards>
<action no="3" player="Strongmask12" type="0" discard="1" dealt="1" sum="0"/>
<action no="4" player="oreiasccp" type="23" sum="40"/>
<action no="5" player="georgi84" type="23" discard="1" dealt="1" sum="500"/>
<action no="6" player="oreiasccp" type="0" sum="0"/>
</round>
</game>
<game gamecode="11516882014"><general><startdate>2025-06-17 10:37:47</startdate>
<round>1</round>
<failsafecounter/>
<players><player seat="10" name="Strongmask12" chips="500" dealer="0" win="1,000" bet="500" muck="0" rebuy="0" addon="0" merge="0" rebuychips="0" reg_code="8385525648"/>
<player seat="3" name="oreiasccp" chips="460" dealer="1" win="0" bet="0" muck="1" rebuy="0" addon="0" merge="0" rebuychips="0" reg_code="8385525601"/>
<player seat="6" name="georgi84" chips="540" dealer="0" win="0" bet="540" muck="1" rebuy="0" addon="0" merge="0" rebuychips="0" reg_code="8385525618"/>
</players>
</general>
<round no="0"><action no="1" player="georgi84" type="1" discard="1" dealt="1" sum="10"/>
<action no="2" player="Strongmask12" type="2" discard="1" dealt="1" sum="20"/>
</round>
<round no="1"><cards type="Pocket" player="oreiasccp">DQ H8</cards>
<cards type="Pocket" player="georgi84">H3 S3</cards>
<cards type="Pocket" player="Strongmask12">S4 S8</cards>
<action no="3" player="oreiasccp" type="0" sum="0"/>
<action no="4" player="georgi84" type="3" discard="1" dealt="1" sum="10"/>
<action no="5" player="Strongmask12" type="23" discard="1" dealt="1" sum="80"/>
<action no="6" player="georgi84" type="23" discard="1" dealt="1" sum="540"/>
<action no="7" player="Strongmask12" type="7" discard="1" dealt="1" sum="420"/>
</round>
<round no="2"><cards type="Flop">D8 HK H5</cards>
</round>
<round no="3"><cards type="Turn">D10</cards>
</round>
<round no="4"><cards type="River">C5</cards>
</round>
</game>
<game gamecode="11516887580"><general><startdate>2025-06-17 10:38:09</startdate>
<round>1</round>
<failsafecounter/>
<players><player seat="3" name="oreiasccp" chips="460" dealer="0" win="0" bet="40" muck="1" rebuy="0" addon="0" merge="0" rebuychips="0" reg_code="8385525601"/>
<player seat="6" name="georgi84" chips="40" dealer="1" win="90" bet="40" muck="0" rebuy="0" addon="0" merge="0" rebuychips="0" reg_code="8385525618"/>
<player seat="10" name="Strongmask12" chips="1,000" dealer="0" win="0" bet="10" muck="1" rebuy="0" addon="0" merge="0" rebuychips="0" reg_code="8385525648"/>
</players>
</general>
<round no="0"><action no="1" player="Strongmask12" type="1" discard="1" dealt="1" sum="10"/>
<action no="2" player="oreiasccp" type="2" sum="20"/>
</round>
<round no="1"><cards type="Pocket" player="Strongmask12">X X</cards>
<cards type="Pocket" player="oreiasccp">S5 SK</cards>
<cards type="Pocket" player="georgi84">C8 S8</cards>
<action no="3" player="georgi84" type="7" discard="1" dealt="1" sum="40"/>
<action no="4" player="Strongmask12" type="0" discard="1" dealt="1" sum="0"/>
<action no="5" player="oreiasccp" type="3" sum="20"/>
</round>
<round no="2"><cards type="Flop">H6 D9 S6</cards>
</round>
<round no="3"><cards type="Turn">C10</cards>
</round>
<round no="4"><cards type="River">DJ</cards>
</round>
</game>
<game gamecode="11516887696"><general><startdate>2025-06-17 10:38:35</startdate>
<round>1</round>
<failsafecounter/>
<players><player seat="6" name="georgi84" chips="90" dealer="0" win="0" bet="90" muck="1" rebuy="0" addon="0" merge="0" rebuychips="0" reg_code="8385525618"/>
<player seat="10" name="Strongmask12" chips="990" dealer="1" win="0" bet="0" muck="1" rebuy="0" addon="0" merge="0" rebuychips="0" reg_code="8385525648"/>
<player seat="3" name="oreiasccp" chips="420" dealer="0" win="180" bet="90" muck="0" rebuy="0" addon="0" merge="0" rebuychips="0" reg_code="8385525601"/>
</players>
</general>
<round no="0"><action no="1" player="oreiasccp" type="1" sum="10"/>
<action no="2" player="georgi84" type="2" discard="1" dealt="1" sum="20"/>
</round>
<round no="1"><cards type="Pocket" player="Strongmask12">X X</cards>
<cards type="Pocket" player="georgi84">C3 CQ</cards>
<cards type="Pocket" player="oreiasccp">S4 SJ</cards>
<action no="3" player="Strongmask12" type="0" discard="1" dealt="1" sum="0"/>
<action no="4" player="oreiasccp" type="23" sum="90"/>
<action no="5" player="georgi84" type="7" discard="1" dealt="1" sum="70"/>
</round>
<round no="2"><cards type="Flop">H4 H9 HJ</cards>
</round>
<round no="3"><cards type="Turn">HK</cards>
</round>
<round no="4"><cards type="River">D4</cards>
</round>
</game>
<game gamecode="11516887767"><general><startdate>2025-06-17 10:38:53</startdate>
<round>1</round>
<failsafecounter/>
<players><player seat="10" name="Strongmask12" chips="990" dealer="0" win="160" bet="160" muck="1" rebuy="0" addon="0" merge="0" rebuychips="0" reg_code="8385525648"/>
<player seat="3" name="oreiasccp" chips="510" dealer="1" win="0" bet="80" muck="1" rebuy="0" addon="0" merge="0" rebuychips="0" reg_code="8385525601"/>
</players>
</general>
<round no="0"><action no="1" player="oreiasccp" type="1" sum="10"/>
<action no="2" player="Strongmask12" type="2" discard="1" dealt="1" sum="20"/>
</round>
<round no="1"><cards type="Pocket" player="Strongmask12">X X</cards>
<cards type="Pocket" player="oreiasccp">DA C8</cards>
<action no="3" player="oreiasccp" type="3" sum="10"/>
<action no="4" player="Strongmask12" type="23" discard="1" dealt="1" sum="80"/>
<action no="5" player="oreiasccp" type="3" sum="60"/>
</round>
<round no="2"><cards type="Flop">C5 DJ S4</cards>
<action no="6" player="Strongmask12" type="5" discard="1" dealt="1" sum="80"/>
<action no="7" player="oreiasccp" type="0" sum="0"/>
</round>
</game>
<game gamecode="11516887840"><general><startdate>2025-06-17 10:39:09</startdate>
<round>1</round>
<failsafecounter/>
<players><player seat="3" name="oreiasccp" chips="430" dealer="0" win="0" bet="20" muck="1" rebuy="0" addon="0" merge="0" rebuychips="0" reg_code="8385525601"/>
<player seat="10" name="Strongmask12" chips="1,070" dealer="1" win="40" bet="40" muck="1" rebuy="0" addon="0" merge="0" rebuychips="0" reg_code="8385525648"/>
</players>
</general>
<round no="0"><action no="1" player="Strongmask12" type="1" discard="1" dealt="1" sum="10"/>
<action no="2" player="oreiasccp" type="2" sum="20"/>
</round>
<round no="1"><cards type="Pocket" player="Strongmask12">X X</cards>
<cards type="Pocket" player="oreiasccp">C2 S10</cards>
<action no="3" player="Strongmask12" type="3" discard="1" dealt="1" sum="10"/>
<action no="4" player="oreiasccp" type="4" sum="0"/>
</round>
<round no="2"><cards type="Flop">H8 D7 CK</cards>
<action no="5" player="oreiasccp" type="4" sum="0"/>
<action no="6" player="Strongmask12" type="5" discard="1" dealt="1" sum="20"/>
<action no="7" player="oreiasccp" type="0" sum="0"/>
</round>
</game>
<game gamecode="11516887890"><general><startdate>2025-06-17 10:39:20</startdate>
<round>1</round>
<failsafecounter/>
<players><player seat="10" name="Strongmask12" chips="1,090" dealer="0" win="0" bet="20" muck="1" rebuy="0" addon="0" merge="0" rebuychips="0" reg_code="8385525648"/>
<player seat="3" name="oreiasccp" chips="410" dealer="1" win="40" bet="40" muck="1" rebuy="0" addon="0" merge="0" rebuychips="0" reg_code="8385525601"/>
</players>
</general>
<round no="0"><action no="1" player="oreiasccp" type="1" sum="10"/>
<action no="2" player="Strongmask12" type="2" discard="1" dealt="1" sum="20"/>
</round>
<round no="1"><cards type="Pocket" player="oreiasccp">HJ S5</cards>
<cards type="Pocket" player="Strongmask12">X X</cards>
<action no="3" player="oreiasccp" type="3" sum="10"/>
<action no="4" player="Strongmask12" type="4" discard="1" dealt="1" sum="0"/>
</round>
<round no="2"><cards type="Flop">C8 D6 CK</cards>
<action no="5" player="Strongmask12" type="4" discard="1" dealt="1" sum="0"/>
<action no="6" player="oreiasccp" type="5" sum="20"/>
<action no="7" player="Strongmask12" type="0" discard="1" dealt="1" sum="0"/>
</round>
</game>
<game gamecode="11516887940"><general><startdate>2025-06-17 10:39:31</startdate>
<round>1</round>
<failsafecounter/>
<players><player seat="3" name="oreiasccp" chips="430" dealer="0" win="0" bet="60" muck="1" rebuy="0" addon="0" merge="0" rebuychips="0" reg_code="8385525601"/>
<player seat="10" name="Strongmask12" chips="1,070" dealer="1" win="120" bet="132" muck="1" rebuy="0" addon="0" merge="0" rebuychips="0" reg_code="8385525648"/>
</players>
</general>
<round no="0"><action no="1" player="Strongmask12" type="1" discard="1" dealt="1" sum="10"/>
<action no="2" player="oreiasccp" type="2" sum="20"/>
</round>
<round no="1"><cards type="Pocket" player="Strongmask12">X X</cards>
<cards type="Pocket" player="oreiasccp">S7 C3</cards>
<action no="3" player="Strongmask12" type="3" discard="1" dealt="1" sum="10"/>
<action no="4" player="oreiasccp" type="4" sum="0"/>
</round>
<round no="2"><cards type="Flop">C8 C10 C4</cards>
<action no="5" player="oreiasccp" type="4" sum="0"/>
<action no="6" player="Strongmask12" type="4" discard="1" dealt="1" sum="0"/>
</round>
<round no="3"><cards type="Turn">HJ</cards>
<action no="7" player="oreiasccp" type="4" sum="0"/>
<action no="8" player="Strongmask12" type="4" discard="1" dealt="1" sum="0"/>
</round>
<round no="4"><cards type="River">H9</cards>
<action no="9" player="oreiasccp" type="5" sum="40"/>
<action no="10" player="Strongmask12" type="23" discard="1" dealt="1" sum="112"/>
<action no="11" player="oreiasccp" type="0" sum="0"/>
</round>
</game>
<game gamecode="11516888041"><general><startdate>2025-06-17 10:39:59</startdate>
<round>1</round>
<failsafecounter/>
<players><player seat="10" name="Strongmask12" chips="1,130" dealer="0" win="130" bet="65" muck="0" rebuy="0" addon="0" merge="0" rebuychips="0" reg_code="8385525648"/>
<player seat="3" name="oreiasccp" chips="370" dealer="1" win="0" bet="65" muck="1" rebuy="0" addon="0" merge="0" rebuychips="0" reg_code="8385525601"/>
</players>
</general>
<round no="0"><action no="1" player="oreiasccp" type="15" sum="5"/>
<action no="2" player="Strongmask12" type="15" discard="1" dealt="1" sum="5"/>
<action no="3" player="oreiasccp" type="1" sum="15"/>
<action no="4" player="Strongmask12" type="2" discard="1" dealt="1" sum="30"/>
</round>
<round no="1"><cards type="Pocket" player="Strongmask12">S10 H8</cards>
<cards type="Pocket" player="oreiasccp">C6 D10</cards>
<action no="5" player="oreiasccp" type="3" sum="15"/>
<action no="6" player="Strongmask12" type="4" discard="1" dealt="1" sum="0"/>
</round>
<round no="2"><cards type="Flop">D4 S2 H4</cards>
<action no="7" player="Strongmask12" type="4" discard="1" dealt="1" sum="0"/>
<action no="8" player="oreiasccp" type="5" sum="30"/>
<action no="9" player="Strongmask12" type="3" discard="1" dealt="1" sum="30"/>
</round>
<round no="3"><cards type="Turn">S3</cards>
<action no="10" player="Strongmask12" type="4" discard="1" dealt="1" sum="0"/>
<action no="11" player="oreiasccp" type="4" sum="0"/>
</round>
<round no="4"><cards type="River">HJ</cards>
<action no="12" player="Strongmask12" type="4" discard="1" dealt="1" sum="0"/>
<action no="13" player="oreiasccp" type="4" sum="0"/>
</round>
</game>
<game gamecode="11516888133"><general><startdate>2025-06-17 10:40:17</startdate>
<round>1</round>
<failsafecounter/>
<players><player seat="3" name="oreiasccp" chips="305" dealer="0" win="0" bet="35" muck="1" rebuy="0" addon="0" merge="0" rebuychips="0" reg_code="8385525601"/>
<player seat="10" name="Strongmask12" chips="1,195" dealer="1" win="70" bet="65" muck="1" rebuy="0" addon="0" merge="0" rebuychips="0" reg_code="8385525648"/>
</players>
</general>
<round no="0"><action no="1" player="Strongmask12" type="15" discard="1" dealt="1" sum="5"/>
<action no="2" player="oreiasccp" type="15" sum="5"/>
<action no="3" player="Strongmask12" type="1" discard="1" dealt="1" sum="15"/>
<action no="4" player="oreiasccp" type="2" sum="30"/>
</round>
<round no="1"><cards type="Pocket" player="Strongmask12">X X</cards>
<cards type="Pocket" player="oreiasccp">H5 D8</cards>
<action no="5" player="Strongmask12" type="23" discard="1" dealt="1" sum="60"/>
<action no="6" player="oreiasccp" type="0" sum="0"/>
</round>
</game>
<game gamecode="11516888166"><general><startdate>2025-06-17 10:40:25</startdate>
<round>1</round>
<failsafecounter/>
<players><player seat="10" name="Strongmask12" chips="1,230" dealer="0" win="40" bet="35" muck="1" rebuy="0" addon="0" merge="0" rebuychips="0" reg_code="8385525648"/>
<player seat="3" name="oreiasccp" chips="270" dealer="1" win="0" bet="20" muck="1" rebuy="0" addon="0" merge="0" rebuychips="0" reg_code="8385525601"/>
</players>
</general>
<round no="0"><action no="1" player="oreiasccp" type="15" sum="5"/>
<action no="2" player="Strongmask12" type="15" discard="1" dealt="1" sum="5"/>
<action no="3" player="oreiasccp" type="1" sum="15"/>
<action no="4" player="Strongmask12" type="2" discard="1" dealt="1" sum="30"/>
</round>
<round no="1"><cards type="Pocket" player="Strongmask12">X X</cards>
<cards type="Pocket" player="oreiasccp">SJ D2</cards>
<action no="5" player="oreiasccp" type="0" sum="0"/>
</round>
</game>
<game gamecode="11516888189"><general><startdate>2025-06-17 10:40:31</startdate>
<round>1</round>
<failsafecounter/>
<players><player seat="3" name="oreiasccp" chips="250" dealer="0" win="40" bet="35" muck="1" rebuy="0" addon="0" merge="0" rebuychips="0" reg_code="8385525601"/>
<player seat="10" name="Strongmask12" chips="1,250" dealer="1" win="0" bet="20" muck="1" rebuy="0" addon="0" merge="0" rebuychips="0" reg_code="8385525648"/>
</players>
</general>
<round no="0"><action no="1" player="Strongmask12" type="15" discard="1" dealt="1" sum="5"/>
<action no="2" player="oreiasccp" type="15" sum="5"/>
<action no="3" player="Strongmask12" type="1" discard="1" dealt="1" sum="15"/>
<action no="4" player="oreiasccp" type="2" sum="30"/>
</round>
<round no="1"><cards type="Pocket" player="Strongmask12">X X</cards>
<cards type="Pocket" player="oreiasccp">D4 H4</cards>
<action no="5" player="Strongmask12" type="0" discard="1" dealt="1" sum="0"/>
</round>
</game>
<game gamecode="11516888207"><general><startdate>2025-06-17 10:40:36</startdate>
<round>1</round>
<failsafecounter/>
<players><player seat="10" name="Strongmask12" chips="1,230" dealer="0" win="40" bet="35" muck="1" rebuy="0" addon="0" merge="0" rebuychips="0" reg_code="8385525648"/>
<player seat="3" name="oreiasccp" chips="270" dealer="1" win="0" bet="20" muck="1" rebuy="0" addon="0" merge="0" rebuychips="0" reg_code="8385525601"/>
</players>
</general>
<round no="0"><action no="1" player="oreiasccp" type="15" sum="5"/>
<action no="2" player="Strongmask12" type="15" discard="1" dealt="1" sum="5"/>
<action no="3" player="oreiasccp" type="1" sum="15"/>
<action no="4" player="Strongmask12" type="2" discard="1" dealt="1" sum="30"/>
</round>
<round no="1"><cards type="Pocket" player="oreiasccp">S10 H2</cards>
<cards type="Pocket" player="Strongmask12">X X</cards>
<action no="5" player="oreiasccp" type="0" sum="0"/>
</round>
</game>
<game gamecode="11516888230"><general><startdate>2025-06-17 10:40:42</startdate>
<round>1</round>
<failsafecounter/>
<players><player seat="3" name="oreiasccp" chips="250" dealer="0" win="250" bet="250" muck="0" rebuy="0" addon="0" merge="0" rebuychips="0" reg_code="8385525601"/>
<player seat="10" name="Strongmask12" chips="1,250" dealer="1" win="250" bet="1,055" muck="0" rebuy="0" addon="0" merge="0" rebuychips="0" reg_code="8385525648"/>
</players>
</general>
<round no="0"><action no="1" player="Strongmask12" type="15" discard="1" dealt="1" sum="5"/>
<action no="2" player="oreiasccp" type="15" sum="5"/>
<action no="3" player="Strongmask12" type="1" discard="1" dealt="1" sum="15"/>
<action no="4" player="oreiasccp" type="2" sum="30"/>
</round>
<round no="1"><cards type="Pocket" player="oreiasccp">H8 SK</cards>
<cards type="Pocket" player="Strongmask12">H6 HK</cards>
<action no="5" player="Strongmask12" type="23" discard="1" dealt="1" sum="1,050"/>
<action no="6" player="oreiasccp" type="7" sum="215"/>
</round>
<round no="2"><cards type="Flop">DJ C3 D3</cards>
</round>
<round no="3"><cards type="Turn">D2</cards>
</round>
<round no="4"><cards type="River">HJ</cards>
</round>
</game>
<game gamecode="11516888324"><general><startdate>2025-06-17 10:41:05</startdate>
<round>1</round>
<failsafecounter/>
<players><player seat="10" name="Strongmask12" chips="1,250" dealer="0" win="0" bet="250" muck="1" rebuy="0" addon="0" merge="0" rebuychips="0" reg_code="8385525648"/>
<player seat="3" name="oreiasccp" chips="250" dealer="1" win="500" bet="250" muck="0" rebuy="0" addon="0" merge="0" rebuychips="0" reg_code="8385525601"/>
</players>
</general>
<round no="0"><action no="1" player="oreiasccp" type="15" sum="5"/>
<action no="2" player="Strongmask12" type="15" discard="1" dealt="1" sum="5"/>
<action no="3" player="oreiasccp" type="1" sum="15"/>
<action no="4" player="Strongmask12" type="2" discard="1" dealt="1" sum="30"/>
</round>
<round no="1"><cards type="Pocket" player="oreiasccp">C6 D6</cards>
<cards type="Pocket" player="Strongmask12">C9 H9</cards>
<action no="5" player="oreiasccp" type="23" sum="245"/>
<action no="6" player="Strongmask12" type="3" discard="1" dealt="1" sum="215"/>
</round>
<round no="2"><cards type="Flop">S2 H5 HJ</cards>
</round>
<round no="3"><cards type="Turn">H6</cards>
</round>
<round no="4"><cards type="River">SK</cards>
</round>
</game>
<game gamecode="11516888400"><general><startdate>2025-06-17 10:41:22</startdate>
<round>1</round>
<failsafecounter/>
<players><player seat="3" name="oreiasccp" chips="500" dealer="0" win="312" bet="156" muck="0" rebuy="0" addon="0" merge="0" rebuychips="0" reg_code="8385525601"/>
<player seat="10" name="Strongmask12" chips="1,000" dealer="1" win="0" bet="156" muck="1" rebuy="0" addon="0" merge="0" rebuychips="0" reg_code="8385525648"/>
</players>
</general>
<round no="0"><action no="1" player="Strongmask12" type="15" discard="1" dealt="1" sum="5"/>
<action no="2" player="oreiasccp" type="15" sum="5"/>
<action no="3" player="Strongmask12" type="1" discard="1" dealt="1" sum="15"/>
<action no="4" player="oreiasccp" type="2" sum="30"/>
</round>
<round no="1"><cards type="Pocket" player="oreiasccp">CK H3</cards>
<cards type="Pocket" player="Strongmask12">S4 HA</cards>
<action no="5" player="Strongmask12" type="23" discard="1" dealt="1" sum="60"/>
<action no="6" player="oreiasccp" type="3" sum="30"/>
</round>
<round no="2"><cards type="Flop">H2 DK H9</cards>
<action no="7" player="oreiasccp" type="4" sum="0"/>
<action no="8" player="Strongmask12" type="5" discard="1" dealt="1" sum="91"/>
<action no="9" player="oreiasccp" type="3" sum="91"/>
</round>
<round no="3"><cards type="Turn">C7</cards>
<action no="10" player="oreiasccp" type="4" sum="0"/>
<action no="11" player="Strongmask12" type="4" discard="1" dealt="1" sum="0"/>
</round>
<round no="4"><cards type="River">S10</cards>
<action no="12" player="oreiasccp" type="4" sum="0"/>
<action no="13" player="Strongmask12" type="4" discard="1" dealt="1" sum="0"/>
</round>
</game>
<game gamecode="11516888476"><general><startdate>2025-06-17 10:41:42</startdate>
<round>1</round>
<failsafecounter/>
<players><player seat="10" name="Strongmask12" chips="844" dealer="0" win="0" bet="85" muck="1" rebuy="0" addon="0" merge="0" rebuychips="0" reg_code="8385525648"/>
<player seat="3" name="oreiasccp" chips="656" dealer="1" win="170" bet="365" muck="1" rebuy="0" addon="0" merge="0" rebuychips="0" reg_code="8385525601"/>
</players>
</general>
<round no="0"><action no="1" player="oreiasccp" type="15" sum="5"/>
<action no="2" player="Strongmask12" type="15" discard="1" dealt="1" sum="5"/>
<action no="3" player="oreiasccp" type="1" sum="20"/>
<action no="4" player="Strongmask12" type="2" discard="1" dealt="1" sum="40"/>
</round>
<round no="1"><cards type="Pocket" player="Strongmask12">X X</cards>
<cards type="Pocket" player="oreiasccp">H8 H7</cards>
<action no="5" player="oreiasccp" type="3" sum="20"/>
<action no="6" player="Strongmask12" type="4" discard="1" dealt="1" sum="0"/>
</round>
<round no="2"><cards type="Flop">H10 C4 S2</cards>
<action no="7" player="Strongmask12" type="4" discard="1" dealt="1" sum="0"/>
<action no="8" player="oreiasccp" type="5" sum="40"/>
<action no="9" player="Strongmask12" type="3" discard="1" dealt="1" sum="40"/>
</round>
<round no="3"><cards type="Turn">D5</cards>
<action no="10" player="Strongmask12" type="4" discard="1" dealt="1" sum="0"/>
<action no="11" player="oreiasccp" type="4" sum="0"/>
</round>
<round no="4"><cards type="River">H9</cards>
<action no="12" player="Strongmask12" type="4" discard="1" dealt="1" sum="0"/>
<action no="13" player="oreiasccp" type="5" sum="280"/>
<action no="14" player="Strongmask12" type="0" discard="1" dealt="1" sum="0"/>
</round>
</game>
<game gamecode="11516888567"><general><startdate>2025-06-17 10:42:04</startdate>
<round>1</round>
<failsafecounter/>
<players><player seat="3" name="oreiasccp" chips="741" dealer="0" win="0" bet="45" muck="1" rebuy="0" addon="0" merge="0" rebuychips="0" reg_code="8385525601"/>
<player seat="10" name="Strongmask12" chips="759" dealer="1" win="90" bet="85" muck="1" rebuy="0" addon="0" merge="0" rebuychips="0" reg_code="8385525648"/>
</players>
</general>
<round no="0"><action no="1" player="Strongmask12" type="15" discard="1" dealt="1" sum="5"/>
<action no="2" player="oreiasccp" type="15" sum="5"/>
<action no="3" player="Strongmask12" type="1" discard="1" dealt="1" sum="20"/>
<action no="4" player="oreiasccp" type="2" sum="40"/>
</round>
<round no="1"><cards type="Pocket" player="Strongmask12">X X</cards>
<cards type="Pocket" player="oreiasccp">S9 C2</cards>
<action no="5" player="Strongmask12" type="23" discard="1" dealt="1" sum="80"/>
<action no="6" player="oreiasccp" type="0" sum="0"/>
</round>
</game>
<game gamecode="11516888598"><general><startdate>2025-06-17 10:42:11</startdate>
<round>1</round>
<failsafecounter/>
<players><player seat="10" name="Strongmask12" chips="804" dealer="0" win="784" bet="592" muck="1" rebuy="0" addon="0" merge="0" rebuychips="0" reg_code="8385525648"/>
<player seat="3" name="oreiasccp" chips="696" dealer="1" win="0" bet="392" muck="1" rebuy="0" addon="0" merge="0" rebuychips="0" reg_code="8385525601"/>
</players>
</general>
<round no="0"><action no="1" player="oreiasccp" type="15" sum="5"/>
<action no="2" player="Strongmask12" type="15" discard="1" dealt="1" sum="5"/>
<action no="3" player="oreiasccp" type="1" sum="20"/>
<action no="4" player="Strongmask12" type="2" discard="1" dealt="1" sum="40"/>
</round>
<round no="1"><cards type="Pocket" player="oreiasccp">C5 S7</cards>
<cards type="Pocket" player="Strongmask12">X X</cards>
<action no="5" player="oreiasccp" type="3" sum="20"/>
<action no="6" player="Strongmask12" type="4" discard="1" dealt="1" sum="0"/>
</round>
<round no="2"><cards type="Flop">CA S2 H3</cards>
<action no="7" player="Strongmask12" type="4" discard="1" dealt="1" sum="0"/>
<action no="8" player="oreiasccp" type="5" sum="40"/>
<action no="9" player="Strongmask12" type="23" discard="1" dealt="1" sum="147"/>
<action no="10" player="oreiasccp" type="3" sum="107"/>
</round>
<round no="3"><cards type="Turn">D3</cards>
<action no="11" player="Strongmask12" type="4" discard="1" dealt="1" sum="0"/>
<action no="12" player="oreiasccp" type="5" sum="200"/>
<action no="13" player="Strongmask12" type="23" discard="1" dealt="1" sum="400"/>
<action no="14" player="oreiasccp" type="0" sum="0"/>
</round>
</game>
<game gamecode="11516888682"><general><startdate>2025-06-17 10:42:34</startdate>
<round>1</round>
<failsafecounter/>
<players><player seat="3" name="oreiasccp" chips="304" dealer="0" win="0" bet="192" muck="1" rebuy="0" addon="0" merge="0" rebuychips="0" reg_code="8385525601"/>
<player seat="10" name="Strongmask12" chips="1,196" dealer="1" win="384" bet="576" muck="1" rebuy="0" addon="0" merge="0" rebuychips="0" reg_code="8385525648"/>
</players>
</general>
<round no="0"><action no="1" player="Strongmask12" type="15" discard="1" dealt="1" sum="5"/>
<action no="2" player="oreiasccp" type="15" sum="5"/>
<action no="3" player="Strongmask12" type="1" discard="1" dealt="1" sum="20"/>
<action no="4" player="oreiasccp" type="2" sum="40"/>
</round>
<round no="1"><cards type="Pocket" player="Strongmask12">X X</cards>
<cards type="Pocket" player="oreiasccp">HJ H8</cards>
<action no="5" player="Strongmask12" type="3" discard="1" dealt="1" sum="20"/>
<action no="6" player="oreiasccp" type="4" sum="0"/>
</round>
<round no="2"><cards type="Flop">CA H2 H3</cards>
<action no="7" player="oreiasccp" type="4" sum="0"/>
<action no="8" player="Strongmask12" type="4" discard="1" dealt="1" sum="0"/>
</round>
<round no="3"><cards type="Turn">SK</cards>
<action no="9" player="oreiasccp" type="5" sum="40"/>
<action no="10" player="Strongmask12" type="23" discard="1" dealt="1" sum="147"/>
<action no="11" player="oreiasccp" type="3" sum="107"/>
</round>
<round no="4"><cards type="River">D3</cards>
<action no="12" player="oreiasccp" type="4" sum="0"/>
<action no="13" player="Strongmask12" type="5" discard="1" dealt="1" sum="384"/>
<action no="14" player="oreiasccp" type="0" sum="0"/>
</round>
</game>
<game gamecode="11516888751"><general><startdate>2025-06-17 10:42:49</startdate>
<round>1</round>
<failsafecounter/>
<players><player seat="10" name="Strongmask12" chips="1,388" dealer="0" win="0" bet="112" muck="1" rebuy="0" addon="0" merge="0" rebuychips="0" reg_code="8385525648"/>
<player seat="3" name="oreiasccp" chips="112" dealer="1" win="224" bet="112" muck="0" rebuy="0" addon="0" merge="0" rebuychips="0" reg_code="8385525601"/>
</players>
</general>
<round no="0"><action no="1" player="oreiasccp" type="15" sum="5"/>
<action no="2" player="Strongmask12" type="15" discard="1" dealt="1" sum="5"/>
<action no="3" player="oreiasccp" type="1" sum="20"/>
<action no="4" player="Strongmask12" type="2" discard="1" dealt="1" sum="40"/>
</round>
<round no="1"><cards type="Pocket" player="oreiasccp">D6 SK</cards>
<cards type="Pocket" player="Strongmask12">C6 HQ</cards>
<action no="5" player="oreiasccp" type="23" sum="107"/>
<action no="6" player="Strongmask12" type="3" discard="1" dealt="1" sum="67"/>
</round>
<round no="2"><cards type="Flop">C3 C7 C4</cards>
</round>
<round no="3"><cards type="Turn">DJ</cards>
</round>
<round no="4"><cards type="River">D8</cards>
</round>
</game>
<game gamecode="11516888805"><general><startdate>2025-06-17 10:43:04</startdate>
<round>1</round>
<failsafecounter/>
<players><player seat="3" name="oreiasccp" chips="224" dealer="0" win="50" bet="45" muck="1" rebuy="0" addon="0" merge="0" rebuychips="0" reg_code="8385525601"/>
<player seat="10" name="Strongmask12" chips="1,276" dealer="1" win="0" bet="25" muck="1" rebuy="0" addon="0" merge="0" rebuychips="0" reg_code="8385525648"/>
</players>
</general>
<round no="0"><action no="1" player="Strongmask12" type="15" discard="1" dealt="1" sum="5"/>
<action no="2" player="oreiasccp" type="15" sum="5"/>
<action no="3" player="Strongmask12" type="1" discard="1" dealt="1" sum="20"/>
<action no="4" player="oreiasccp" type="2" sum="40"/>
</round>
<round no="1"><cards type="Pocket" player="oreiasccp">D7 HA</cards>
<cards type="Pocket" player="Strongmask12">X X</cards>
<action no="5" player="Strongmask12" type="0" discard="1" dealt="1" sum="0"/>
</round>
</game>
<game gamecode="11516888834"><general><startdate>2025-06-17 10:43:09</startdate>
<round>1</round>
<failsafecounter/>
<players><player seat="10" name="Strongmask12" chips="1,251" dealer="0" win="0" bet="45" muck="1" rebuy="0" addon="0" merge="0" rebuychips="0" reg_code="8385525648"/>
<player seat="3" name="oreiasccp" chips="249" dealer="1" win="90" bet="249" muck="1" rebuy="0" addon="0" merge="0" rebuychips="0" reg_code="8385525601"/>
</players>
</general>
<round no="0"><action no="1" player="oreiasccp" type="15" sum="5"/>
<action no="2" player="Strongmask12" type="15" discard="1" dealt="1" sum="5"/>
<action no="3" player="oreiasccp" type="1" sum="20"/>
<action no="4" player="Strongmask12" type="2" discard="1" dealt="1" sum="40"/>
</round>
<round no="1"><cards type="Pocket" player="Strongmask12">X X</cards>
<cards type="Pocket" player="oreiasccp">DQ D6</cards>
<action no="5" player="oreiasccp" type="23" sum="244"/>
<action no="6" player="Strongmask12" type="0" discard="1" dealt="1" sum="0"/>
</round>
</game>
<game gamecode="11516888858"><general><startdate>2025-06-17 10:43:15</startdate>
<round>1</round>
<failsafecounter/>
<players><player seat="3" name="oreiasccp" chips="294" dealer="0" win="588" bet="294" muck="0" rebuy="0" addon="0" merge="0" rebuychips="0" reg_code="8385525601"/>
<player seat="10" name="Strongmask12" chips="1,206" dealer="1" win="0" bet="605" muck="1" rebuy="0" addon="0" merge="0" rebuychips="0" reg_code="8385525648"/>
</players>
</general>
<round no="0"><action no="1" player="Strongmask12" type="15" discard="1" dealt="1" sum="5"/>
<action no="2" player="oreiasccp" type="15" sum="5"/>
<action no="3" player="Strongmask12" type="1" discard="1" dealt="1" sum="20"/>
<action no="4" player="oreiasccp" type="2" sum="40"/>
</round>
<round no="1"><cards type="Pocket" player="oreiasccp">CK C2</cards>
<cards type="Pocket" player="Strongmask12">D8 HA</cards>
<action no="5" player="Strongmask12" type="23" discard="1" dealt="1" sum="600"/>
<action no="6" player="oreiasccp" type="7" sum="249"/>
</round>
<round no="2"><cards type="Flop">H5 HK D9</cards>
</round>
<round no="3"><cards type="Turn">S7</cards>
</round>
<round no="4"><cards type="River">H7</cards>
</round>
</game>
<game gamecode="11516888930"><general><startdate>2025-06-17 10:43:35</startdate>
<round>1</round>
<failsafecounter/>
<players><player seat="10" name="Strongmask12" chips="912" dealer="0" win="0" bet="45" muck="1" rebuy="0" addon="0" merge="0" rebuychips="0" reg_code="8385525648"/>
<player seat="3" name="oreiasccp" chips="588" dealer="1" win="90" bet="85" muck="1" rebuy="0" addon="0" merge="0" rebuychips="0" reg_code="8385525601"/>
</players>
</general>
<round no="0"><action no="1" player="oreiasccp" type="15" sum="5"/>
<action no="2" player="Strongmask12" type="15" discard="1" dealt="1" sum="5"/>
<action no="3" player="oreiasccp" type="1" sum="20"/>
<action no="4" player="Strongmask12" type="2" discard="1" dealt="1" sum="40"/>
</round>
<round no="1"><cards type="Pocket" player="Strongmask12">X X</cards>
<cards type="Pocket" player="oreiasccp">SQ HA</cards>
<action no="5" player="oreiasccp" type="23" sum="80"/>
<action no="6" player="Strongmask12" type="0" discard="1" dealt="1" sum="0"/>
</round>
</game>
<game gamecode="11516888956"><general><startdate>2025-06-17 10:43:43</startdate>
<round>1</round>
<failsafecounter/>
<players><player seat="3" name="oreiasccp" chips="633" dealer="0" win="0" bet="633" muck="0" rebuy="0" addon="0" merge="0" rebuychips="0" reg_code="8385525601"/>
<player seat="10" name="Strongmask12" chips="867" dealer="1" win="1,266" bet="633" muck="0" rebuy="0" addon="0" merge="0" rebuychips="0" reg_code="8385525648"/>
</players>
</general>
<round no="0"><action no="1" player="Strongmask12" type="15" discard="1" dealt="1" sum="5"/>
<action no="2" player="oreiasccp" type="15" sum="5"/>
<action no="3" player="Strongmask12" type="1" discard="1" dealt="1" sum="30"/>
<action no="4" player="oreiasccp" type="2" sum="60"/>
</round>
<round no="1"><cards type="Pocket" player="Strongmask12">HA CA</cards>
<cards type="Pocket" player="oreiasccp">DA CK</cards>
<action no="5" player="Strongmask12" type="23" discard="1" dealt="1" sum="120"/>
<action no="6" player="oreiasccp" type="23" sum="628"/>
<action no="7" player="Strongmask12" type="3" discard="1" dealt="1" sum="508"/>
</round>
<round no="2"><cards type="Flop">S9 HQ H4</cards>
</round>
<round no="3"><cards type="Turn">SQ</cards>
</round>
<round no="4"><cards type="River">D7</cards>
</round>
</game>
</session>
