<?xml version="1.0" encoding="UTF-8"?>
<session sessioncode="8385502656">
<general>
<client_version>24.7.1.16</client_version>
<mode>real</mode>
<gametype>Holdem NL</gametype>
<tablename>Twister €5 SNG, 1127663734</tablename>
<tournamentcode>1127663733</tournamentcode>
<tournamentname>Twister €5 SNG</tournamentname>
<buyin>€0 + €0.35 + €4.65</buyin>
<totalbuyin>€5</totalbuyin>
<rewarddrawn>€15</rewarddrawn>
<tournamentcurrency>EUR</tournamentcurrency>
<currency>EUR</currency>
<nickname>oreiasccp</nickname>
<gamecount>25</gamecount>
<startdate>2025-06-17 09:07:16</startdate>
<place>2</place>
<win>€0</win>
<tablesize>3</tablesize>
</general>
<game gamecode="11516814750"><general><startdate>2025-06-17 09:07:31</startdate>
<round>1</round>
<failsafecounter/>
<players><player seat="3" name="oreiasccp" chips="500" dealer="0" win="0" bet="20" muck="1" rebuy="0" addon="0" merge="0" rebuychips="0" reg_code="8385502656"/>
<player seat="6" name="HUDROSLIDE21" chips="500" dealer="1" win="0" bet="0" muck="1" rebuy="0" addon="0" merge="0" rebuychips="0" reg_code="8385502734"/>
<player seat="10" name="RNGsus" chips="500" dealer="0" win="40" bet="50" muck="1" rebuy="0" addon="0" merge="0" rebuychips="0" reg_code="8385502871"/>
</players>
</general>
<round no="0"><action no="1" player="RNGsus" type="1" discard="1" dealt="1" sum="10"/>
<action no="2" player="oreiasccp" type="2" sum="20"/>
</round>
<round no="1"><cards type="Pocket" player="HUDROSLIDE21">X X</cards>
<cards type="Pocket" player="RNGsus">X X</cards>
<cards type="Pocket" player="oreiasccp">D2 H6</cards>
<action no="3" player="HUDROSLIDE21" type="0" discard="1" dealt="1" sum="0"/>
<action no="4" player="RNGsus" type="23" discard="1" dealt="1" sum="50"/>
<action no="5" player="oreiasccp" type="0" sum="0"/>
</round>
</game>
<game gamecode="11516814787"><general><startdate>2025-06-17 09:07:43</startdate>
<round>1</round>
<failsafecounter/>
<players><player seat="6" name="HUDROSLIDE21" chips="500" dealer="0" win="20" bet="20" muck="1" rebuy="0" addon="0" merge="0" rebuychips="0" reg_code="8385502734"/>
<player seat="10" name="RNGsus" chips="520" dealer="1" win="0" bet="0" muck="1" rebuy="0" addon="0" merge="0" rebuychips="0" reg_code="8385502871"/>
<player seat="3" name="oreiasccp" chips="480" dealer="0" win="0" bet="10" muck="1" rebuy="0" addon="0" merge="0" rebuychips="0" reg_code="8385502656"/>
</players>
</general>
<round no="0"><action no="1" player="oreiasccp" type="1" sum="10"/>
<action no="2" player="HUDROSLIDE21" type="2" discard="1" dealt="1" sum="20"/>
</round>
<round no="1"><cards type="Pocket" player="HUDROSLIDE21">X X</cards>
<cards type="Pocket" player="RNGsus">X X</cards>
<cards type="Pocket" player="oreiasccp">HJ S2</cards>
<action no="3" player="RNGsus" type="0" discard="1" dealt="1" sum="0"/>
<action no="4" player="oreiasccp" type="0" sum="0"/>
</round>
</game>
<game gamecode="11516814811"><general><startdate>2025-06-17 09:07:51</startdate>
<round>1</round>
<failsafecounter/>
<players><player seat="10" name="RNGsus" chips="520" dealer="0" win="0" bet="40" muck="1" rebuy="0" addon="0" merge="0" rebuychips="0" reg_code="8385502871"/>
<player seat="3" name="oreiasccp" chips="470" dealer="1" win="0" bet="0" muck="1" rebuy="0" addon="0" merge="0" rebuychips="0" reg_code="8385502656"/>
<player seat="6" name="HUDROSLIDE21" chips="510" dealer="0" win="80" bet="100" muck="1" rebuy="0" addon="0" merge="0" rebuychips="0" reg_code="8385502734"/>
</players>
</general>
<round no="0"><action no="1" player="HUDROSLIDE21" type="1" discard="1" dealt="1" sum="10"/>
<action no="2" player="RNGsus" type="2" discard="1" dealt="1" sum="20"/>
</round>
<round no="1"><cards type="Pocket" player="oreiasccp">S10 S6</cards>
<cards type="Pocket" player="RNGsus">X X</cards>
<cards type="Pocket" player="HUDROSLIDE21">X X</cards>
<action no="3" player="oreiasccp" type="0" sum="0"/>
<action no="4" player="HUDROSLIDE21" type="3" discard="1" dealt="1" sum="10"/>
<action no="5" player="RNGsus" type="4" discard="1" dealt="1" sum="0"/>
</round>
<round no="2"><cards type="Flop">H8 S2 H4</cards>
<action no="6" player="HUDROSLIDE21" type="5" discard="1" dealt="1" sum="20"/>
<action no="7" player="RNGsus" type="3" discard="1" dealt="1" sum="20"/>
</round>
<round no="3"><cards type="Turn">HQ</cards>
<action no="8" player="HUDROSLIDE21" type="5" discard="1" dealt="1" sum="60"/>
<action no="9" player="RNGsus" type="0" discard="1" dealt="1" sum="0"/>
</round>
</game>
<game gamecode="11516814882"><general><startdate>2025-06-17 09:08:11</startdate>
<round>1</round>
<failsafecounter/>
<players><player seat="3" name="oreiasccp" chips="470" dealer="0" win="0" bet="20" muck="1" rebuy="0" addon="0" merge="0" rebuychips="0" reg_code="8385502656"/>
<player seat="6" name="HUDROSLIDE21" chips="550" dealer="1" win="0" bet="0" muck="1" rebuy="0" addon="0" merge="0" rebuychips="0" reg_code="8385502734"/>
<player seat="10" name="RNGsus" chips="480" dealer="0" win="40" bet="50" muck="1" rebuy="0" addon="0" merge="0" rebuychips="0" reg_code="8385502871"/>
</players>
</general>
<round no="0"><action no="1" player="RNGsus" type="1" discard="1" dealt="1" sum="10"/>
<action no="2" player="oreiasccp" type="2" sum="20"/>
</round>
<round no="1"><cards type="Pocket" player="RNGsus">X X</cards>
<cards type="Pocket" player="HUDROSLIDE21">X X</cards>
<cards type="Pocket" player="oreiasccp">H4 S8</cards>
<action no="3" player="HUDROSLIDE21" type="0" discard="1" dealt="1" sum="0"/>
<action no="4" player="RNGsus" type="23" discard="1" dealt="1" sum="50"/>
<action no="5" player="oreiasccp" type="0" sum="0"/>
</round>
</game>
<game gamecode="11516814911"><general><startdate>2025-06-17 09:08:19</startdate>
<round>1</round>
<failsafecounter/>
<players><player seat="6" name="HUDROSLIDE21" chips="550" dealer="0" win="0" bet="40" muck="1" rebuy="0" addon="0" merge="0" rebuychips="0" reg_code="8385502734"/>
<player seat="10" name="RNGsus" chips="500" dealer="1" win="0" bet="0" muck="1" rebuy="0" addon="0" merge="0" rebuychips="0" reg_code="8385502871"/>
<player seat="3" name="oreiasccp" chips="450" dealer="0" win="80" bet="69" muck="1" rebuy="0" addon="0" merge="0" rebuychips="0" reg_code="8385502656"/>
</players>
</general>
<round no="0"><action no="1" player="oreiasccp" type="1" sum="10"/>
<action no="2" player="HUDROSLIDE21" type="2" discard="1" dealt="1" sum="20"/>
</round>
<round no="1"><cards type="Pocket" player="RNGsus">X X</cards>
<cards type="Pocket" player="oreiasccp">HK SQ</cards>
<cards type="Pocket" player="HUDROSLIDE21">X X</cards>
<action no="3" player="RNGsus" type="0" discard="1" dealt="1" sum="0"/>
<action no="4" player="oreiasccp" type="23" sum="40"/>
<action no="5" player="HUDROSLIDE21" type="3" discard="1" dealt="1" sum="20"/>
</round>
<round no="2"><cards type="Flop">S9 CK S8</cards>
<action no="6" player="oreiasccp" type="5" sum="29"/>
<action no="7" player="HUDROSLIDE21" type="0" discard="1" dealt="1" sum="0"/>
</round>
</game>
<game gamecode="11516814954"><general><startdate>2025-06-17 09:08:35</startdate>
<round>1</round>
<failsafecounter/>
<players><player seat="10" name="RNGsus" chips="500" dealer="0" win="0" bet="20" muck="1" rebuy="0" addon="0" merge="0" rebuychips="0" reg_code="8385502871"/>
<player seat="3" name="oreiasccp" chips="490" dealer="1" win="50" bet="40" muck="1" rebuy="0" addon="0" merge="0" rebuychips="0" reg_code="8385502656"/>
<player seat="6" name="HUDROSLIDE21" chips="510" dealer="0" win="0" bet="10" muck="1" rebuy="0" addon="0" merge="0" rebuychips="0" reg_code="8385502734"/>
</players>
</general>
<round no="0"><action no="1" player="HUDROSLIDE21" type="1" discard="1" dealt="1" sum="10"/>
<action no="2" player="RNGsus" type="2" discard="1" dealt="1" sum="20"/>
</round>
<round no="1"><cards type="Pocket" player="HUDROSLIDE21">X X</cards>
<cards type="Pocket" player="RNGsus">X X</cards>
<cards type="Pocket" player="oreiasccp">C8 C7</cards>
<action no="3" player="oreiasccp" type="23" sum="40"/>
<action no="4" player="HUDROSLIDE21" type="0" discard="1" dealt="1" sum="0"/>
<action no="5" player="RNGsus" type="0" discard="1" dealt="1" sum="0"/>
</round>
</game>
<game gamecode="11516814991"><general><startdate>2025-06-17 09:08:48</startdate>
<round>1</round>
<failsafecounter/>
<players><player seat="3" name="oreiasccp" chips="520" dealer="0" win="0" bet="20" muck="1" rebuy="0" addon="0" merge="0" rebuychips="0" reg_code="8385502656"/>
<player seat="6" name="HUDROSLIDE21" chips="500" dealer="1" win="0" bet="0" muck="1" rebuy="0" addon="0" merge="0" rebuychips="0" reg_code="8385502734"/>
<player seat="10" name="RNGsus" chips="480" dealer="0" win="40" bet="50" muck="1" rebuy="0" addon="0" merge="0" rebuychips="0" reg_code="8385502871"/>
</players>
</general>
<round no="0"><action no="1" player="RNGsus" type="1" discard="1" dealt="1" sum="10"/>
<action no="2" player="oreiasccp" type="2" sum="20"/>
</round>
<round no="1"><cards type="Pocket" player="HUDROSLIDE21">X X</cards>
<cards type="Pocket" player="RNGsus">X X</cards>
<cards type="Pocket" player="oreiasccp">S3 D5</cards>
<action no="3" player="HUDROSLIDE21" type="0" discard="1" dealt="1" sum="0"/>
<action no="4" player="RNGsus" type="23" discard="1" dealt="1" sum="50"/>
<action no="5" player="oreiasccp" type="0" sum="0"/>
</round>
</game>
<game gamecode="11516815041"><general><startdate>2025-06-17 09:09:02</startdate>
<round>1</round>
<failsafecounter/>
<players><player seat="6" name="HUDROSLIDE21" chips="500" dealer="0" win="0" bet="40" muck="1" rebuy="0" addon="0" merge="0" rebuychips="0" reg_code="8385502734"/>
<player seat="10" name="RNGsus" chips="500" dealer="1" win="0" bet="0" muck="1" rebuy="0" addon="0" merge="0" rebuychips="0" reg_code="8385502871"/>
<player seat="3" name="oreiasccp" chips="500" dealer="0" win="80" bet="160" muck="1" rebuy="0" addon="0" merge="0" rebuychips="0" reg_code="8385502656"/>
</players>
</general>
<round no="0"><action no="1" player="oreiasccp" type="1" sum="10"/>
<action no="2" player="HUDROSLIDE21" type="2" discard="1" dealt="1" sum="20"/>
</round>
<round no="1"><cards type="Pocket" player="oreiasccp">CA SA</cards>
<cards type="Pocket" player="RNGsus">X X</cards>
<cards type="Pocket" player="HUDROSLIDE21">X X</cards>
<action no="3" player="RNGsus" type="0" discard="1" dealt="1" sum="0"/>
<action no="4" player="oreiasccp" type="23" sum="40"/>
<action no="5" player="HUDROSLIDE21" type="3" discard="1" dealt="1" sum="20"/>
</round>
<round no="2"><cards type="Flop">S9 C5 C10</cards>
<action no="6" player="oreiasccp" type="5" sum="120"/>
<action no="7" player="HUDROSLIDE21" type="0" discard="1" dealt="1" sum="0"/>
</round>
</game>
<game gamecode="11516815100"><general><startdate>2025-06-17 09:09:21</startdate>
<round>1</round>
<failsafecounter/>
<players><player seat="10" name="RNGsus" chips="500" dealer="0" win="120" bet="500" muck="1" rebuy="0" addon="0" merge="0" rebuychips="0" reg_code="8385502871"/>
<player seat="3" name="oreiasccp" chips="540" dealer="1" win="0" bet="40" muck="1" rebuy="0" addon="0" merge="0" rebuychips="0" reg_code="8385502656"/>
<player seat="6" name="HUDROSLIDE21" chips="460" dealer="0" win="0" bet="40" muck="1" rebuy="0" addon="0" merge="0" rebuychips="0" reg_code="8385502734"/>
</players>
</general>
<round no="0"><action no="1" player="HUDROSLIDE21" type="1" discard="1" dealt="1" sum="10"/>
<action no="2" player="RNGsus" type="2" discard="1" dealt="1" sum="20"/>
</round>
<round no="1"><cards type="Pocket" player="HUDROSLIDE21">X X</cards>
<cards type="Pocket" player="oreiasccp">SK S7</cards>
<cards type="Pocket" player="RNGsus">X X</cards>
<action no="3" player="oreiasccp" type="23" sum="40"/>
<action no="4" player="HUDROSLIDE21" type="3" discard="1" dealt="1" sum="30"/>
<action no="5" player="RNGsus" type="23" discard="1" dealt="1" sum="500"/>
<action no="6" player="oreiasccp" type="0" sum="0"/>
<action no="7" player="HUDROSLIDE21" type="0" discard="1" dealt="1" sum="0"/>
</round>
</game>
<game gamecode="11516815133"><general><startdate>2025-06-17 09:09:33</startdate>
<round>1</round>
<failsafecounter/>
<players><player seat="3" name="oreiasccp" chips="500" dealer="0" win="285" bet="140" muck="0" rebuy="0" addon="0" merge="0" rebuychips="0" reg_code="8385502656"/>
<player seat="6" name="HUDROSLIDE21" chips="420" dealer="1" win="0" bet="5" muck="1" rebuy="0" addon="0" merge="0" rebuychips="0" reg_code="8385502734"/>
<player seat="10" name="RNGsus" chips="580" dealer="0" win="0" bet="140" muck="1" rebuy="0" addon="0" merge="0" rebuychips="0" reg_code="8385502871"/>
</players>
</general>
<round no="0"><action no="1" player="RNGsus" type="15" discard="1" dealt="1" sum="5"/>
<action no="2" player="oreiasccp" type="15" sum="5"/>
<action no="3" player="HUDROSLIDE21" type="15" discard="1" dealt="1" sum="5"/>
<action no="4" player="RNGsus" type="1" discard="1" dealt="1" sum="15"/>
<action no="5" player="oreiasccp" type="2" sum="30"/>
</round>
<round no="1"><cards type="Pocket" player="HUDROSLIDE21">X X</cards>
<cards type="Pocket" player="RNGsus">SJ DQ</cards>
<cards type="Pocket" player="oreiasccp">S5 S4</cards>
<action no="6" player="HUDROSLIDE21" type="0" discard="1" dealt="1" sum="0"/>
<action no="7" player="RNGsus" type="23" discard="1" dealt="1" sum="75"/>
<action no="8" player="oreiasccp" type="3" sum="45"/>
</round>
<round no="2"><cards type="Flop">DA H5 C9</cards>
<action no="9" player="RNGsus" type="5" discard="1" dealt="1" sum="60"/>
<action no="10" player="oreiasccp" type="3" sum="60"/>
</round>
<round no="3"><cards type="Turn">D9</cards>
<action no="11" player="RNGsus" type="4" discard="1" dealt="1" sum="0"/>
<action no="12" player="oreiasccp" type="4" sum="0"/>
</round>
<round no="4"><cards type="River">S6</cards>
<action no="13" player="RNGsus" type="4" discard="1" dealt="1" sum="0"/>
<action no="14" player="oreiasccp" type="4" sum="0"/>
</round>
</game>
<game gamecode="11516819765"><general><startdate>2025-06-17 09:10:00</startdate>
<round>1</round>
<failsafecounter/>
<players><player seat="6" name="HUDROSLIDE21" chips="415" dealer="0" win="0" bet="65" muck="1" rebuy="0" addon="0" merge="0" rebuychips="0" reg_code="8385502734"/>
<player seat="10" name="RNGsus" chips="440" dealer="1" win="0" bet="5" muck="1" rebuy="0" addon="0" merge="0" rebuychips="0" reg_code="8385502871"/>
<player seat="3" name="oreiasccp" chips="645" dealer="0" win="135" bet="164" muck="1" rebuy="0" addon="0" merge="0" rebuychips="0" reg_code="8385502656"/>
</players>
</general>
<round no="0"><action no="1" player="oreiasccp" type="15" sum="5"/>
<action no="2" player="HUDROSLIDE21" type="15" discard="1" dealt="1" sum="5"/>
<action no="3" player="RNGsus" type="15" discard="1" dealt="1" sum="5"/>
<action no="4" player="oreiasccp" type="1" sum="15"/>
<action no="5" player="HUDROSLIDE21" type="2" discard="1" dealt="1" sum="30"/>
</round>
<round no="1"><cards type="Pocket" player="RNGsus">X X</cards>
<cards type="Pocket" player="HUDROSLIDE21">X X</cards>
<cards type="Pocket" player="oreiasccp">S4 S5</cards>
<action no="6" player="RNGsus" type="0" discard="1" dealt="1" sum="0"/>
<action no="7" player="oreiasccp" type="3" sum="15"/>
<action no="8" player="HUDROSLIDE21" type="4" discard="1" dealt="1" sum="0"/>
</round>
<round no="2"><cards type="Flop">DA H3 C8</cards>
<action no="9" player="oreiasccp" type="5" sum="30"/>
<action no="10" player="HUDROSLIDE21" type="3" discard="1" dealt="1" sum="30"/>
</round>
<round no="3"><cards type="Turn">D9</cards>
<action no="11" player="oreiasccp" type="5" sum="99"/>
<action no="12" player="HUDROSLIDE21" type="0" discard="1" dealt="1" sum="0"/>
</round>
</game>
<game gamecode="11516819831"><general><startdate>2025-06-17 09:10:23</startdate>
<round>1</round>
<failsafecounter/>
<players><player seat="10" name="RNGsus" chips="435" dealer="0" win="0" bet="35" muck="1" rebuy="0" addon="0" merge="0" rebuychips="0" reg_code="8385502871"/>
<player seat="3" name="oreiasccp" chips="715" dealer="1" win="90" bet="65" muck="1" rebuy="0" addon="0" merge="0" rebuychips="0" reg_code="8385502656"/>
<player seat="6" name="HUDROSLIDE21" chips="350" dealer="0" win="0" bet="20" muck="1" rebuy="0" addon="0" merge="0" rebuychips="0" reg_code="8385502734"/>
</players>
</general>
<round no="0"><action no="1" player="HUDROSLIDE21" type="15" discard="1" dealt="1" sum="5"/>
<action no="2" player="RNGsus" type="15" discard="1" dealt="1" sum="5"/>
<action no="3" player="oreiasccp" type="15" sum="5"/>
<action no="4" player="HUDROSLIDE21" type="1" discard="1" dealt="1" sum="15"/>
<action no="5" player="RNGsus" type="2" discard="1" dealt="1" sum="30"/>
</round>
<round no="1"><cards type="Pocket" player="oreiasccp">SQ CJ</cards>
<cards type="Pocket" player="RNGsus">X X</cards>
<cards type="Pocket" player="HUDROSLIDE21">X X</cards>
<action no="6" player="oreiasccp" type="23" sum="60"/>
<action no="7" player="HUDROSLIDE21" type="0" discard="1" dealt="1" sum="0"/>
<action no="8" player="RNGsus" type="0" discard="1" dealt="1" sum="0"/>
</round>
</game>
<game gamecode="11516819867"><general><startdate>2025-06-17 09:10:33</startdate>
<round>1</round>
<failsafecounter/>
<players><player seat="3" name="oreiasccp" chips="770" dealer="0" win="0" bet="35" muck="1" rebuy="0" addon="0" merge="0" rebuychips="0" reg_code="8385502656"/>
<player seat="6" name="HUDROSLIDE21" chips="330" dealer="1" win="90" bet="330" muck="1" rebuy="0" addon="0" merge="0" rebuychips="0" reg_code="8385502734"/>
<player seat="10" name="RNGsus" chips="400" dealer="0" win="0" bet="20" muck="1" rebuy="0" addon="0" merge="0" rebuychips="0" reg_code="8385502871"/>
</players>
</general>
<round no="0"><action no="1" player="RNGsus" type="15" discard="1" dealt="1" sum="5"/>
<action no="2" player="oreiasccp" type="15" sum="5"/>
<action no="3" player="HUDROSLIDE21" type="15" discard="1" dealt="1" sum="5"/>
<action no="4" player="RNGsus" type="1" discard="1" dealt="1" sum="15"/>
<action no="5" player="oreiasccp" type="2" sum="30"/>
</round>
<round no="1"><cards type="Pocket" player="RNGsus">X X</cards>
<cards type="Pocket" player="oreiasccp">S10 CQ</cards>
<cards type="Pocket" player="HUDROSLIDE21">X X</cards>
<action no="6" player="HUDROSLIDE21" type="23" discard="1" dealt="1" sum="325"/>
<action no="7" player="RNGsus" type="0" discard="1" dealt="1" sum="0"/>
<action no="8" player="oreiasccp" type="0" sum="0"/>
</round>
</game>
<game gamecode="11516819935"><general><startdate>2025-06-17 09:10:51</startdate>
<round>1</round>
<failsafecounter/>
<players><player seat="6" name="HUDROSLIDE21" chips="385" dealer="0" win="135" bet="125" muck="1" rebuy="0" addon="0" merge="0" rebuychips="0" reg_code="8385502734"/>
<player seat="10" name="RNGsus" chips="380" dealer="1" win="0" bet="5" muck="1" rebuy="0" addon="0" merge="0" rebuychips="0" reg_code="8385502871"/>
<player seat="3" name="oreiasccp" chips="735" dealer="0" win="0" bet="65" muck="1" rebuy="0" addon="0" merge="0" rebuychips="0" reg_code="8385502656"/>
</players>
</general>
<round no="0"><action no="1" player="oreiasccp" type="15" sum="5"/>
<action no="2" player="HUDROSLIDE21" type="15" discard="1" dealt="1" sum="5"/>
<action no="3" player="RNGsus" type="15" discard="1" dealt="1" sum="5"/>
<action no="4" player="oreiasccp" type="1" sum="15"/>
<action no="5" player="HUDROSLIDE21" type="2" discard="1" dealt="1" sum="30"/>
</round>
<round no="1"><cards type="Pocket" player="RNGsus">X X</cards>
<cards type="Pocket" player="HUDROSLIDE21">X X</cards>
<cards type="Pocket" player="oreiasccp">H5 H2</cards>
<action no="6" player="RNGsus" type="0" discard="1" dealt="1" sum="0"/>
<action no="7" player="oreiasccp" type="3" sum="15"/>
<action no="8" player="HUDROSLIDE21" type="4" discard="1" dealt="1" sum="0"/>
</round>
<round no="2"><cards type="Flop">SK H10 C6</cards>
<action no="9" player="oreiasccp" type="5" sum="30"/>
<action no="10" player="HUDROSLIDE21" type="3" discard="1" dealt="1" sum="30"/>
</round>
<round no="3"><cards type="Turn">S6</cards>
<action no="11" player="oreiasccp" type="4" sum="0"/>
<action no="12" player="HUDROSLIDE21" type="5" discard="1" dealt="1" sum="60"/>
<action no="13" player="oreiasccp" type="0" sum="0"/>
</round>
</game>
<game gamecode="11516820007"><general><startdate>2025-06-17 09:11:12</startdate>
<round>1</round>
<failsafecounter/>
<players><player seat="10" name="RNGsus" chips="375" dealer="0" win="150" bet="375" muck="1" rebuy="0" addon="0" merge="0" rebuychips="0" reg_code="8385502871"/>
<player seat="3" name="oreiasccp" chips="670" dealer="1" win="0" bet="65" muck="1" rebuy="0" addon="0" merge="0" rebuychips="0" reg_code="8385502656"/>
<player seat="6" name="HUDROSLIDE21" chips="455" dealer="0" win="0" bet="20" muck="1" rebuy="0" addon="0" merge="0" rebuychips="0" reg_code="8385502734"/>
</players>
</general>
<round no="0"><action no="1" player="HUDROSLIDE21" type="15" discard="1" dealt="1" sum="5"/>
<action no="2" player="RNGsus" type="15" discard="1" dealt="1" sum="5"/>
<action no="3" player="oreiasccp" type="15" sum="5"/>
<action no="4" player="HUDROSLIDE21" type="1" discard="1" dealt="1" sum="15"/>
<action no="5" player="RNGsus" type="2" discard="1" dealt="1" sum="30"/>
</round>
<round no="1"><cards type="Pocket" player="oreiasccp">D7 DJ</cards>
<cards type="Pocket" player="RNGsus">X X</cards>
<cards type="Pocket" player="HUDROSLIDE21">X X</cards>
<action no="6" player="oreiasccp" type="23" sum="60"/>
<action no="7" player="HUDROSLIDE21" type="0" discard="1" dealt="1" sum="0"/>
<action no="8" player="RNGsus" type="23" discard="1" dealt="1" sum="370"/>
<action no="9" player="oreiasccp" type="0" sum="0"/>
</round>
</game>
<game gamecode="11516820061"><general><startdate>2025-06-17 09:11:27</startdate>
<round>1</round>
<failsafecounter/>
<players><player seat="3" name="oreiasccp" chips="605" dealer="0" win="0" bet="35" muck="1" rebuy="0" addon="0" merge="0" rebuychips="0" reg_code="8385502656"/>
<player seat="6" name="HUDROSLIDE21" chips="435" dealer="1" win="90" bet="95" muck="1" rebuy="0" addon="0" merge="0" rebuychips="0" reg_code="8385502734"/>
<player seat="10" name="RNGsus" chips="460" dealer="0" win="0" bet="20" muck="1" rebuy="0" addon="0" merge="0" rebuychips="0" reg_code="8385502871"/>
</players>
</general>
<round no="0"><action no="1" player="RNGsus" type="15" discard="1" dealt="1" sum="5"/>
<action no="2" player="oreiasccp" type="15" sum="5"/>
<action no="3" player="HUDROSLIDE21" type="15" discard="1" dealt="1" sum="5"/>
<action no="4" player="RNGsus" type="1" discard="1" dealt="1" sum="15"/>
<action no="5" player="oreiasccp" type="2" sum="30"/>
</round>
<round no="1"><cards type="Pocket" player="RNGsus">X X</cards>
<cards type="Pocket" player="HUDROSLIDE21">X X</cards>
<cards type="Pocket" player="oreiasccp">DJ H8</cards>
<action no="6" player="HUDROSLIDE21" type="23" discard="1" dealt="1" sum="90"/>
<action no="7" player="RNGsus" type="0" discard="1" dealt="1" sum="0"/>
<action no="8" player="oreiasccp" type="0" sum="0"/>
</round>
</game>
<game gamecode="11516820105"><general><startdate>2025-06-17 09:11:39</startdate>
<round>1</round>
<failsafecounter/>
<players><player seat="6" name="HUDROSLIDE21" chips="490" dealer="0" win="0" bet="45" muck="1" rebuy="0" addon="0" merge="0" rebuychips="0" reg_code="8385502734"/>
<player seat="10" name="RNGsus" chips="440" dealer="1" win="0" bet="5" muck="1" rebuy="0" addon="0" merge="0" rebuychips="0" reg_code="8385502871"/>
<player seat="3" name="oreiasccp" chips="570" dealer="0" win="95" bet="490" muck="1" rebuy="0" addon="0" merge="0" rebuychips="0" reg_code="8385502656"/>
</players>
</general>
<round no="0"><action no="1" player="oreiasccp" type="15" sum="5"/>
<action no="2" player="HUDROSLIDE21" type="15" discard="1" dealt="1" sum="5"/>
<action no="3" player="RNGsus" type="15" discard="1" dealt="1" sum="5"/>
<action no="4" player="oreiasccp" type="1" sum="20"/>
<action no="5" player="HUDROSLIDE21" type="2" discard="1" dealt="1" sum="40"/>
</round>
<round no="1"><cards type="Pocket" player="oreiasccp">S8 DK</cards>
<cards type="Pocket" player="RNGsus">X X</cards>
<cards type="Pocket" player="HUDROSLIDE21">X X</cards>
<action no="6" player="RNGsus" type="0" discard="1" dealt="1" sum="0"/>
<action no="7" player="oreiasccp" type="23" sum="485"/>
<action no="8" player="HUDROSLIDE21" type="0" discard="1" dealt="1" sum="0"/>
</round>
</game>
<game gamecode="11516820137"><general><startdate>2025-06-17 09:11:48</startdate>
<round>1</round>
<failsafecounter/>
<players><player seat="10" name="RNGsus" chips="435" dealer="0" win="0" bet="435" muck="0" rebuy="0" addon="0" merge="0" rebuychips="0" reg_code="8385502871"/>
<player seat="3" name="oreiasccp" chips="620" dealer="1" win="0" bet="5" muck="1" rebuy="0" addon="0" merge="0" rebuychips="0" reg_code="8385502656"/>
<player seat="6" name="HUDROSLIDE21" chips="445" dealer="0" win="875" bet="435" muck="0" rebuy="0" addon="0" merge="0" rebuychips="0" reg_code="8385502734"/>
</players>
</general>
<round no="0"><action no="1" player="HUDROSLIDE21" type="15" discard="1" dealt="1" sum="5"/>
<action no="2" player="RNGsus" type="15" discard="1" dealt="1" sum="5"/>
<action no="3" player="oreiasccp" type="15" sum="5"/>
<action no="4" player="HUDROSLIDE21" type="1" discard="1" dealt="1" sum="20"/>
<action no="5" player="RNGsus" type="2" discard="1" dealt="1" sum="40"/>
</round>
<round no="1"><cards type="Pocket" player="HUDROSLIDE21">H10 D10</cards>
<cards type="Pocket" player="oreiasccp">H8 C2</cards>
<cards type="Pocket" player="RNGsus">CK D7</cards>
<action no="6" player="oreiasccp" type="0" sum="0"/>
<action no="7" player="HUDROSLIDE21" type="3" discard="1" dealt="1" sum="20"/>
<action no="8" player="RNGsus" type="23" discard="1" dealt="1" sum="430"/>
<action no="9" player="HUDROSLIDE21" type="3" discard="1" dealt="1" sum="390"/>
</round>
<round no="2"><cards type="Flop">S4 C3 D8</cards>
</round>
<round no="3"><cards type="Turn">H6</cards>
</round>
<round no="4"><cards type="River">H7</cards>
</round>
</game>
<game gamecode="11516820205"><general><startdate>2025-06-17 09:12:10</startdate>
<round>1</round>
<failsafecounter/>
<players><player seat="3" name="oreiasccp" chips="615" dealer="0" win="0" bet="45" muck="1" rebuy="0" addon="0" merge="0" rebuychips="0" reg_code="8385502656"/>
<player seat="6" name="HUDROSLIDE21" chips="885" dealer="1" win="90" bet="85" muck="1" rebuy="0" addon="0" merge="0" rebuychips="0" reg_code="8385502734"/>
</players>
</general>
<round no="0"><action no="1" player="HUDROSLIDE21" type="15" discard="1" dealt="1" sum="5"/>
<action no="2" player="oreiasccp" type="15" sum="5"/>
<action no="3" player="HUDROSLIDE21" type="1" discard="1" dealt="1" sum="20"/>
<action no="4" player="oreiasccp" type="2" sum="40"/>
</round>
<round no="1"><cards type="Pocket" player="HUDROSLIDE21">X X</cards>
<cards type="Pocket" player="oreiasccp">D5 H2</cards>
<action no="5" player="HUDROSLIDE21" type="3" discard="1" dealt="1" sum="20"/>
<action no="6" player="oreiasccp" type="4" sum="0"/>
</round>
<round no="2"><cards type="Flop">HA DQ D6</cards>
<action no="7" player="oreiasccp" type="4" sum="0"/>
<action no="8" player="HUDROSLIDE21" type="5" discard="1" dealt="1" sum="40"/>
<action no="9" player="oreiasccp" type="0" sum="0"/>
</round>
</game>
<game gamecode="11516820251"><general><startdate>2025-06-17 09:12:24</startdate>
<round>1</round>
<failsafecounter/>
<players><player seat="6" name="HUDROSLIDE21" chips="930" dealer="0" win="0" bet="45" muck="1" rebuy="0" addon="0" merge="0" rebuychips="0" reg_code="8385502734"/>
<player seat="3" name="oreiasccp" chips="570" dealer="1" win="90" bet="570" muck="1" rebuy="0" addon="0" merge="0" rebuychips="0" reg_code="8385502656"/>
</players>
</general>
<round no="0"><action no="1" player="oreiasccp" type="15" sum="5"/>
<action no="2" player="HUDROSLIDE21" type="15" discard="1" dealt="1" sum="5"/>
<action no="3" player="oreiasccp" type="1" sum="20"/>
<action no="4" player="HUDROSLIDE21" type="2" discard="1" dealt="1" sum="40"/>
</round>
<round no="1"><cards type="Pocket" player="oreiasccp">H2 S2</cards>
<cards type="Pocket" player="HUDROSLIDE21">X X</cards>
<action no="5" player="oreiasccp" type="23" sum="565"/>
<action no="6" player="HUDROSLIDE21" type="0" discard="1" dealt="1" sum="0"/>
</round>
</game>
<game gamecode="11516820280"><general><startdate>2025-06-17 09:12:30</startdate>
<round>1</round>
<failsafecounter/>
<players><player seat="3" name="oreiasccp" chips="615" dealer="0" win="0" bet="45" muck="1" rebuy="0" addon="0" merge="0" rebuychips="0" reg_code="8385502656"/>
<player seat="6" name="HUDROSLIDE21" chips="885" dealer="1" win="90" bet="85" muck="1" rebuy="0" addon="0" merge="0" rebuychips="0" reg_code="8385502734"/>
</players>
</general>
<round no="0"><action no="1" player="HUDROSLIDE21" type="15" discard="1" dealt="1" sum="5"/>
<action no="2" player="oreiasccp" type="15" sum="5"/>
<action no="3" player="HUDROSLIDE21" type="1" discard="1" dealt="1" sum="20"/>
<action no="4" player="oreiasccp" type="2" sum="40"/>
</round>
<round no="1"><cards type="Pocket" player="HUDROSLIDE21">X X</cards>
<cards type="Pocket" player="oreiasccp">DJ C7</cards>
<action no="5" player="HUDROSLIDE21" type="3" discard="1" dealt="1" sum="20"/>
<action no="6" player="oreiasccp" type="4" sum="0"/>
</round>
<round no="2"><cards type="Flop">HK C4 SA</cards>
<action no="7" player="oreiasccp" type="4" sum="0"/>
<action no="8" player="HUDROSLIDE21" type="5" discard="1" dealt="1" sum="40"/>
<action no="9" player="oreiasccp" type="0" sum="0"/>
</round>
</game>
<game gamecode="11516820336"><general><startdate>2025-06-17 09:12:43</startdate>
<round>1</round>
<failsafecounter/>
<players><player seat="6" name="HUDROSLIDE21" chips="930" dealer="0" win="50" bet="45" muck="1" rebuy="0" addon="0" merge="0" rebuychips="0" reg_code="8385502734"/>
<player seat="3" name="oreiasccp" chips="570" dealer="1" win="0" bet="25" muck="1" rebuy="0" addon="0" merge="0" rebuychips="0" reg_code="8385502656"/>
</players>
</general>
<round no="0"><action no="1" player="oreiasccp" type="15" sum="5"/>
<action no="2" player="HUDROSLIDE21" type="15" discard="1" dealt="1" sum="5"/>
<action no="3" player="oreiasccp" type="1" sum="20"/>
<action no="4" player="HUDROSLIDE21" type="2" discard="1" dealt="1" sum="40"/>
</round>
<round no="1"><cards type="Pocket" player="HUDROSLIDE21">X X</cards>
<cards type="Pocket" player="oreiasccp">C5 H3</cards>
<action no="5" player="oreiasccp" type="0" sum="0"/>
</round>
</game>
<game gamecode="11516820352"><general><startdate>2025-06-17 09:12:48</startdate>
<round>1</round>
<failsafecounter/>
<players><player seat="3" name="oreiasccp" chips="545" dealer="0" win="0" bet="45" muck="1" rebuy="0" addon="0" merge="0" rebuychips="0" reg_code="8385502656"/>
<player seat="6" name="HUDROSLIDE21" chips="955" dealer="1" win="90" bet="125" muck="1" rebuy="0" addon="0" merge="0" rebuychips="0" reg_code="8385502734"/>
</players>
</general>
<round no="0"><action no="1" player="HUDROSLIDE21" type="15" discard="1" dealt="1" sum="5"/>
<action no="2" player="oreiasccp" type="15" sum="5"/>
<action no="3" player="HUDROSLIDE21" type="1" discard="1" dealt="1" sum="20"/>
<action no="4" player="oreiasccp" type="2" sum="40"/>
</round>
<round no="1"><cards type="Pocket" player="oreiasccp">H3 S6</cards>
<cards type="Pocket" player="HUDROSLIDE21">X X</cards>
<action no="5" player="HUDROSLIDE21" type="23" discard="1" dealt="1" sum="120"/>
<action no="6" player="oreiasccp" type="0" sum="0"/>
</round>
</game>
<game gamecode="11516820382"><general><startdate>2025-06-17 09:12:56</startdate>
<round>1</round>
<failsafecounter/>
<players><player seat="6" name="HUDROSLIDE21" chips="1,000" dealer="0" win="0" bet="45" muck="1" rebuy="0" addon="0" merge="0" rebuychips="0" reg_code="8385502734"/>
<player seat="3" name="oreiasccp" chips="500" dealer="1" win="90" bet="45" muck="0" rebuy="0" addon="0" merge="0" rebuychips="0" reg_code="8385502656"/>
</players>
</general>
<round no="0"><action no="1" player="oreiasccp" type="15" sum="5"/>
<action no="2" player="HUDROSLIDE21" type="15" discard="1" dealt="1" sum="5"/>
<action no="3" player="oreiasccp" type="1" sum="20"/>
<action no="4" player="HUDROSLIDE21" type="2" discard="1" dealt="1" sum="40"/>
</round>
<round no="1"><cards type="Pocket" player="oreiasccp">CA C3</cards>
<cards type="Pocket" player="HUDROSLIDE21">S3 S2</cards>
<action no="5" player="oreiasccp" type="3" sum="20"/>
<action no="6" player="HUDROSLIDE21" type="4" discard="1" dealt="1" sum="0"/>
</round>
<round no="2"><cards type="Flop">D10 CQ S5</cards>
<action no="7" player="HUDROSLIDE21" type="4" discard="1" dealt="1" sum="0"/>
<action no="8" player="oreiasccp" type="4" sum="0"/>
</round>
<round no="3"><cards type="Turn">D3</cards>
<action no="9" player="HUDROSLIDE21" type="4" discard="1" dealt="1" sum="0"/>
<action no="10" player="oreiasccp" type="4" sum="0"/>
</round>
<round no="4"><cards type="River">D6</cards>
<action no="11" player="HUDROSLIDE21" type="4" discard="1" dealt="1" sum="0"/>
<action no="12" player="oreiasccp" type="4" sum="0"/>
</round>
</game>
<game gamecode="11516820449"><general><startdate>2025-06-17 09:13:15</startdate>
<round>1</round>
<failsafecounter/>
<players><player seat="3" name="oreiasccp" chips="545" dealer="0" win="0" bet="545" muck="0" rebuy="0" addon="0" merge="0" rebuychips="0" reg_code="8385502656"/>
<player seat="6" name="HUDROSLIDE21" chips="955" dealer="1" win="1,090" bet="955" muck="0" rebuy="0" addon="0" merge="0" rebuychips="0" reg_code="8385502734"/>
</players>
</general>
<round no="0"><action no="1" player="HUDROSLIDE21" type="15" discard="1" dealt="1" sum="5"/>
<action no="2" player="oreiasccp" type="15" sum="5"/>
<action no="3" player="HUDROSLIDE21" type="1" discard="1" dealt="1" sum="20"/>
<action no="4" player="oreiasccp" type="2" sum="40"/>
</round>
<round no="1"><cards type="Pocket" player="HUDROSLIDE21">DA S9</cards>
<cards type="Pocket" player="oreiasccp">H3 C3</cards>
<action no="5" player="HUDROSLIDE21" type="23" discard="1" dealt="1" sum="950"/>
<action no="6" player="oreiasccp" type="7" sum="500"/>
</round>
<round no="2"><cards type="Flop">CA H2 S10</cards>
</round>
<round no="3"><cards type="Turn">C9</cards>
</round>
<round no="4"><cards type="River">CJ</cards>
</round>
</game>
</session>
