<?xml version="1.0" encoding="UTF-8"?>
<session sessioncode="8385535237">
<general>
<client_version>24.7.1.16</client_version>
<mode>real</mode>
<gametype>Holdem NL</gametype>
<tablename>Twister €5 SNG, 1127668838</tablename>
<tournamentcode>1127668837</tournamentcode>
<tournamentname>Twister €5 SNG</tournamentname>
<buyin>€0 + €0.35 + €4.65</buyin>
<totalbuyin>€5</totalbuyin>
<rewarddrawn>€10</rewarddrawn>
<tournamentcurrency>EUR</tournamentcurrency>
<currency>EUR</currency>
<nickname>oreiasccp</nickname>
<gamecount>6</gamecount>
<startdate>2025-06-17 11:04:39</startdate>
<place>3</place>
<win>€0</win>
<tablesize>3</tablesize>
</general>
<game gamecode="11516907336"><general><startdate>2025-06-17 11:04:55</startdate>
<round>1</round>
<failsafecounter/>
<players><player seat="6" name="gasgas" chips="500" dealer="0" win="0" bet="20" muck="1" rebuy="0" addon="0" merge="0" rebuychips="0" reg_code="8385535226"/>
<player seat="10" name="oreiasccp" chips="500" dealer="1" win="0" bet="0" muck="1" rebuy="0" addon="0" merge="0" rebuychips="0" reg_code="8385535237"/>
<player seat="3" name="Diligentcharm64" chips="500" dealer="0" win="40" bet="500" muck="1" rebuy="0" addon="0" merge="0" rebuychips="0" reg_code="8385535204"/>
</players>
</general>
<round no="0"><action no="1" player="Diligentcharm64" type="1" discard="1" dealt="1" sum="10"/>
<action no="2" player="gasgas" type="2" discard="1" dealt="1" sum="20"/>
</round>
<round no="1"><cards type="Pocket" player="Diligentcharm64">X X</cards>
<cards type="Pocket" player="gasgas">X X</cards>
<cards type="Pocket" player="oreiasccp">S7 C9</cards>
<action no="3" player="oreiasccp" type="0" sum="0"/>
<action no="4" player="Diligentcharm64" type="23" discard="1" dealt="1" sum="500"/>
<action no="5" player="gasgas" type="0" discard="1" dealt="1" sum="0"/>
</round>
</game>
<game gamecode="11516907373"><general><startdate>2025-06-17 11:05:05</startdate>
<round>1</round>
<failsafecounter/>
<players><player seat="10" name="oreiasccp" chips="500" dealer="0" win="0" bet="20" muck="1" rebuy="0" addon="0" merge="0" rebuychips="0" reg_code="8385535237"/>
<player seat="3" name="Diligentcharm64" chips="520" dealer="1" win="0" bet="0" muck="1" rebuy="0" addon="0" merge="0" rebuychips="0" reg_code="8385535204"/>
<player seat="6" name="gasgas" chips="480" dealer="0" win="40" bet="50" muck="1" rebuy="0" addon="0" merge="0" rebuychips="0" reg_code="8385535226"/>
</players>
</general>
<round no="0"><action no="1" player="gasgas" type="1" discard="1" dealt="1" sum="10"/>
<action no="2" player="oreiasccp" type="2" sum="20"/>
</round>
<round no="1"><cards type="Pocket" player="gasgas">X X</cards>
<cards type="Pocket" player="oreiasccp">H10 C5</cards>
<cards type="Pocket" player="Diligentcharm64">X X</cards>
<action no="3" player="Diligentcharm64" type="0" discard="1" dealt="1" sum="0"/>
<action no="4" player="gasgas" type="23" discard="1" dealt="1" sum="50"/>
<action no="5" player="oreiasccp" type="0" sum="0"/>
</round>
</game>
<game gamecode="11516907411"><general><startdate>2025-06-17 11:05:17</startdate>
<round>1</round>
<failsafecounter/>
<players><player seat="3" name="Diligentcharm64" chips="520" dealer="0" win="0" bet="20" muck="1" rebuy="0" addon="0" merge="0" rebuychips="0" reg_code="8385535204"/>
<player seat="6" name="gasgas" chips="500" dealer="1" win="50" bet="40" muck="1" rebuy="0" addon="0" merge="0" rebuychips="0" reg_code="8385535226"/>
<player seat="10" name="oreiasccp" chips="480" dealer="0" win="0" bet="10" muck="1" rebuy="0" addon="0" merge="0" rebuychips="0" reg_code="8385535237"/>
</players>
</general>
<round no="0"><action no="1" player="oreiasccp" type="1" sum="10"/>
<action no="2" player="Diligentcharm64" type="2" discard="1" dealt="1" sum="20"/>
</round>
<round no="1"><cards type="Pocket" player="Diligentcharm64">X X</cards>
<cards type="Pocket" player="oreiasccp">CJ H4</cards>
<cards type="Pocket" player="gasgas">X X</cards>
<action no="3" player="gasgas" type="23" discard="1" dealt="1" sum="40"/>
<action no="4" player="oreiasccp" type="0" sum="0"/>
<action no="5" player="Diligentcharm64" type="0" discard="1" dealt="1" sum="0"/>
</round>
</game>
<game gamecode="11516907443"><general><startdate>2025-06-17 11:05:25</startdate>
<round>1</round>
<failsafecounter/>
<players><player seat="6" name="gasgas" chips="530" dealer="0" win="0" bet="180" muck="1" rebuy="0" addon="0" merge="0" rebuychips="0" reg_code="8385535226"/>
<player seat="10" name="oreiasccp" chips="470" dealer="1" win="0" bet="0" muck="1" rebuy="0" addon="0" merge="0" rebuychips="0" reg_code="8385535237"/>
<player seat="3" name="Diligentcharm64" chips="500" dealer="0" win="360" bet="360" muck="1" rebuy="0" addon="0" merge="0" rebuychips="0" reg_code="8385535204"/>
</players>
</general>
<round no="0"><action no="1" player="Diligentcharm64" type="1" discard="1" dealt="1" sum="10"/>
<action no="2" player="gasgas" type="2" discard="1" dealt="1" sum="20"/>
</round>
<round no="1"><cards type="Pocket" player="gasgas">X X</cards>
<cards type="Pocket" player="oreiasccp">H5 D10</cards>
<cards type="Pocket" player="Diligentcharm64">X X</cards>
<action no="3" player="oreiasccp" type="0" sum="0"/>
<action no="4" player="Diligentcharm64" type="23" discard="1" dealt="1" sum="60"/>
<action no="5" player="gasgas" type="3" discard="1" dealt="1" sum="40"/>
</round>
<round no="2"><cards type="Flop">D5 DJ H4</cards>
<action no="6" player="Diligentcharm64" type="5" discard="1" dealt="1" sum="120"/>
<action no="7" player="gasgas" type="3" discard="1" dealt="1" sum="120"/>
</round>
<round no="3"><cards type="Turn">HJ</cards>
<action no="8" player="Diligentcharm64" type="5" discard="1" dealt="1" sum="180"/>
<action no="9" player="gasgas" type="0" discard="1" dealt="1" sum="0"/>
</round>
</game>
<game gamecode="11516907523"><general><startdate>2025-06-17 11:05:51</startdate>
<round>1</round>
<failsafecounter/>
<players><player seat="10" name="oreiasccp" chips="470" dealer="0" win="0" bet="470" muck="0" rebuy="0" addon="0" merge="0" rebuychips="0" reg_code="8385535237"/>
<player seat="3" name="Diligentcharm64" chips="680" dealer="1" win="0" bet="20" muck="1" rebuy="0" addon="0" merge="0" rebuychips="0" reg_code="8385535204"/>
<player seat="6" name="gasgas" chips="350" dealer="0" win="720" bet="350" muck="0" rebuy="0" addon="0" merge="0" rebuychips="0" reg_code="8385535226"/>
</players>
</general>
<round no="0"><action no="1" player="gasgas" type="1" discard="1" dealt="1" sum="10"/>
<action no="2" player="oreiasccp" type="2" sum="20"/>
</round>
<round no="1"><cards type="Pocket" player="oreiasccp">HA D9</cards>
<cards type="Pocket" player="gasgas">H3 C3</cards>
<cards type="Pocket" player="Diligentcharm64">X X</cards>
<action no="3" player="Diligentcharm64" type="3" discard="1" dealt="1" sum="20"/>
<action no="4" player="gasgas" type="23" discard="1" dealt="1" sum="350"/>
<action no="5" player="oreiasccp" type="7" sum="450"/>
<action no="6" player="Diligentcharm64" type="0" discard="1" dealt="1" sum="0"/>
</round>
<round no="2"><cards type="Flop">D4 DJ H6</cards>
</round>
<round no="3"><cards type="Turn">S8</cards>
</round>
<round no="4"><cards type="River">D8</cards>
</round>
</game>
<game gamecode="11516907626"><general><startdate>2025-06-17 11:06:20</startdate>
<round>1</round>
<failsafecounter/>
<players><player seat="3" name="Diligentcharm64" chips="660" dealer="0" win="240" bet="120" muck="0" rebuy="0" addon="0" merge="0" rebuychips="0" reg_code="8385535204"/>
<player seat="6" name="gasgas" chips="720" dealer="1" win="0" bet="0" muck="1" rebuy="0" addon="0" merge="0" rebuychips="0" reg_code="8385535226"/>
<player seat="10" name="oreiasccp" chips="120" dealer="0" win="0" bet="120" muck="0" rebuy="0" addon="0" merge="0" rebuychips="0" reg_code="8385535237"/>
</players>
</general>
<round no="0"><action no="1" player="oreiasccp" type="1" sum="10"/>
<action no="2" player="Diligentcharm64" type="2" discard="1" dealt="1" sum="20"/>
</round>
<round no="1"><cards type="Pocket" player="Diligentcharm64">HJ HK</cards>
<cards type="Pocket" player="gasgas">X X</cards>
<cards type="Pocket" player="oreiasccp">H5 H4</cards>
<action no="3" player="gasgas" type="0" discard="1" dealt="1" sum="0"/>
<action no="4" player="oreiasccp" type="23" sum="120"/>
<action no="5" player="Diligentcharm64" type="3" discard="1" dealt="1" sum="100"/>
</round>
<round no="2"><cards type="Flop">DJ CK C7</cards>
</round>
<round no="3"><cards type="Turn">C2</cards>
</round>
<round no="4"><cards type="River">DQ</cards>
</round>
</game>
</session>
