<?xml version="1.0" encoding="UTF-8"?>
<session sessioncode="8385532690">
<general>
<client_version>24.7.1.16</client_version>
<mode>real</mode>
<gametype>Holdem NL</gametype>
<tablename>Twister €5 SNG, 1127668531</tablename>
<tournamentcode>1127668530</tournamentcode>
<tournamentname>Twister €5 SNG</tournamentname>
<buyin>€0 + €0.35 + €4.65</buyin>
<totalbuyin>€5</totalbuyin>
<rewarddrawn>€10</rewarddrawn>
<tournamentcurrency>EUR</tournamentcurrency>
<currency>EUR</currency>
<nickname>oreiasccp</nickname>
<gamecount>10</gamecount>
<startdate>2025-06-17 10:57:54</startdate>
<place>3</place>
<win>€0</win>
<tablesize>3</tablesize>
</general>
<game gamecode="11516901116"><general><startdate>2025-06-17 10:58:09</startdate>
<round>1</round>
<failsafecounter/>
<players><player seat="10" name="kamushek1" chips="500" dealer="0" win="0" bet="40" muck="1" rebuy="0" addon="0" merge="0" rebuychips="0" reg_code="8385532694"/>
<player seat="3" name="gasgas" chips="500" dealer="1" win="0" bet="0" muck="1" rebuy="0" addon="0" merge="0" rebuychips="0" reg_code="8385532662"/>
<player seat="6" name="oreiasccp" chips="500" dealer="0" win="80" bet="60" muck="1" rebuy="0" addon="0" merge="0" rebuychips="0" reg_code="8385532690"/>
</players>
</general>
<round no="0"><action no="1" player="oreiasccp" type="1" sum="10"/>
<action no="2" player="kamushek1" type="2" discard="1" dealt="1" sum="20"/>
</round>
<round no="1"><cards type="Pocket" player="oreiasccp">H5 H7</cards>
<cards type="Pocket" player="kamushek1">X X</cards>
<cards type="Pocket" player="gasgas">X X</cards>
<action no="3" player="gasgas" type="0" discard="1" dealt="1" sum="0"/>
<action no="4" player="oreiasccp" type="23" sum="40"/>
<action no="5" player="kamushek1" type="3" discard="1" dealt="1" sum="20"/>
</round>
<round no="2"><cards type="Flop">CA HJ C8</cards>
<action no="6" player="oreiasccp" type="5" sum="20"/>
<action no="7" player="kamushek1" type="0" discard="1" dealt="1" sum="0"/>
</round>
</game>
<game gamecode="11516901190"><general><startdate>2025-06-17 10:58:30</startdate>
<round>1</round>
<failsafecounter/>
<players><player seat="3" name="gasgas" chips="500" dealer="0" win="0" bet="180" muck="1" rebuy="0" addon="0" merge="0" rebuychips="0" reg_code="8385532662"/>
<player seat="6" name="oreiasccp" chips="540" dealer="1" win="0" bet="0" muck="1" rebuy="0" addon="0" merge="0" rebuychips="0" reg_code="8385532690"/>
<player seat="10" name="kamushek1" chips="460" dealer="0" win="360" bet="460" muck="1" rebuy="0" addon="0" merge="0" rebuychips="0" reg_code="8385532694"/>
</players>
</general>
<round no="0"><action no="1" player="kamushek1" type="1" discard="1" dealt="1" sum="10"/>
<action no="2" player="gasgas" type="2" discard="1" dealt="1" sum="20"/>
</round>
<round no="1"><cards type="Pocket" player="kamushek1">X X</cards>
<cards type="Pocket" player="gasgas">X X</cards>
<cards type="Pocket" player="oreiasccp">D2 H6</cards>
<action no="3" player="oreiasccp" type="0" sum="0"/>
<action no="4" player="kamushek1" type="23" discard="1" dealt="1" sum="50"/>
<action no="5" player="gasgas" type="3" discard="1" dealt="1" sum="30"/>
</round>
<round no="2"><cards type="Flop">DK HJ C5</cards>
<action no="6" player="kamushek1" type="5" discard="1" dealt="1" sum="35"/>
<action no="7" player="gasgas" type="3" discard="1" dealt="1" sum="35"/>
</round>
<round no="3"><cards type="Turn">D7</cards>
<action no="8" player="kamushek1" type="5" discard="1" dealt="1" sum="95"/>
<action no="9" player="gasgas" type="3" discard="1" dealt="1" sum="95"/>
</round>
<round no="4"><cards type="River">S3</cards>
<action no="10" player="kamushek1" type="5" discard="1" dealt="1" sum="280"/>
<action no="11" player="gasgas" type="0" discard="1" dealt="1" sum="0"/>
</round>
</game>
<game gamecode="11516901372"><general><startdate>2025-06-17 10:59:20</startdate>
<round>1</round>
<failsafecounter/>
<players><player seat="6" name="oreiasccp" chips="540" dealer="0" win="0" bet="20" muck="1" rebuy="0" addon="0" merge="0" rebuychips="0" reg_code="8385532690"/>
<player seat="10" name="kamushek1" chips="640" dealer="1" win="0" bet="40" muck="1" rebuy="0" addon="0" merge="0" rebuychips="0" reg_code="8385532694"/>
<player seat="3" name="gasgas" chips="320" dealer="0" win="100" bet="320" muck="1" rebuy="0" addon="0" merge="0" rebuychips="0" reg_code="8385532662"/>
</players>
</general>
<round no="0"><action no="1" player="gasgas" type="1" discard="1" dealt="1" sum="10"/>
<action no="2" player="oreiasccp" type="2" sum="20"/>
</round>
<round no="1"><cards type="Pocket" player="oreiasccp">D10 D4</cards>
<cards type="Pocket" player="kamushek1">X X</cards>
<cards type="Pocket" player="gasgas">X X</cards>
<action no="3" player="kamushek1" type="23" discard="1" dealt="1" sum="40"/>
<action no="4" player="gasgas" type="23" discard="1" dealt="1" sum="320"/>
<action no="5" player="oreiasccp" type="0" sum="0"/>
<action no="6" player="kamushek1" type="0" discard="1" dealt="1" sum="0"/>
</round>
</game>
<game gamecode="11516901454"><general><startdate>2025-06-17 10:59:42</startdate>
<round>1</round>
<failsafecounter/>
<players><player seat="10" name="kamushek1" chips="600" dealer="0" win="80" bet="120" muck="1" rebuy="0" addon="0" merge="0" rebuychips="0" reg_code="8385532694"/>
<player seat="3" name="gasgas" chips="380" dealer="1" win="0" bet="0" muck="1" rebuy="0" addon="0" merge="0" rebuychips="0" reg_code="8385532662"/>
<player seat="6" name="oreiasccp" chips="520" dealer="0" win="0" bet="40" muck="1" rebuy="0" addon="0" merge="0" rebuychips="0" reg_code="8385532690"/>
</players>
</general>
<round no="0"><action no="1" player="oreiasccp" type="1" sum="10"/>
<action no="2" player="kamushek1" type="2" discard="1" dealt="1" sum="20"/>
</round>
<round no="1"><cards type="Pocket" player="kamushek1">X X</cards>
<cards type="Pocket" player="gasgas">X X</cards>
<cards type="Pocket" player="oreiasccp">D4 D9</cards>
<action no="3" player="gasgas" type="0" discard="1" dealt="1" sum="0"/>
<action no="4" player="oreiasccp" type="23" sum="40"/>
<action no="5" player="kamushek1" type="3" discard="1" dealt="1" sum="20"/>
</round>
<round no="2"><cards type="Flop">H5 S4 SQ</cards>
<action no="6" player="oreiasccp" type="4" sum="0"/>
<action no="7" player="kamushek1" type="4" discard="1" dealt="1" sum="0"/>
</round>
<round no="3"><cards type="Turn">C7</cards>
<action no="8" player="oreiasccp" type="4" sum="0"/>
<action no="9" player="kamushek1" type="5" discard="1" dealt="1" sum="80"/>
<action no="10" player="oreiasccp" type="0" sum="0"/>
</round>
</game>
<game gamecode="11516901579"><general><startdate>2025-06-17 11:00:14</startdate>
<round>1</round>
<failsafecounter/>
<players><player seat="3" name="gasgas" chips="380" dealer="0" win="0" bet="35" muck="1" rebuy="0" addon="0" merge="0" rebuychips="0" reg_code="8385532662"/>
<player seat="6" name="oreiasccp" chips="480" dealer="1" win="90" bet="65" muck="1" rebuy="0" addon="0" merge="0" rebuychips="0" reg_code="8385532690"/>
<player seat="10" name="kamushek1" chips="640" dealer="0" win="0" bet="20" muck="1" rebuy="0" addon="0" merge="0" rebuychips="0" reg_code="8385532694"/>
</players>
</general>
<round no="0"><action no="1" player="kamushek1" type="15" discard="1" dealt="1" sum="5"/>
<action no="2" player="gasgas" type="15" discard="1" dealt="1" sum="5"/>
<action no="3" player="oreiasccp" type="15" sum="5"/>
<action no="4" player="kamushek1" type="1" discard="1" dealt="1" sum="15"/>
<action no="5" player="gasgas" type="2" discard="1" dealt="1" sum="30"/>
</round>
<round no="1"><cards type="Pocket" player="gasgas">X X</cards>
<cards type="Pocket" player="oreiasccp">H10 SQ</cards>
<cards type="Pocket" player="kamushek1">X X</cards>
<action no="6" player="oreiasccp" type="23" sum="60"/>
<action no="7" player="kamushek1" type="0" discard="1" dealt="1" sum="0"/>
<action no="8" player="gasgas" type="0" discard="1" dealt="1" sum="0"/>
</round>
</game>
<game gamecode="11516901615"><general><startdate>2025-06-17 11:00:24</startdate>
<round>1</round>
<failsafecounter/>
<players><player seat="6" name="oreiasccp" chips="535" dealer="0" win="0" bet="175" muck="1" rebuy="0" addon="0" merge="0" rebuychips="0" reg_code="8385532690"/>
<player seat="10" name="kamushek1" chips="620" dealer="1" win="370" bet="175" muck="0" rebuy="0" addon="0" merge="0" rebuychips="0" reg_code="8385532694"/>
<player seat="3" name="gasgas" chips="345" dealer="0" win="0" bet="20" muck="1" rebuy="0" addon="0" merge="0" rebuychips="0" reg_code="8385532662"/>
</players>
</general>
<round no="0"><action no="1" player="gasgas" type="15" discard="1" dealt="1" sum="5"/>
<action no="2" player="oreiasccp" type="15" sum="5"/>
<action no="3" player="kamushek1" type="15" discard="1" dealt="1" sum="5"/>
<action no="4" player="gasgas" type="1" discard="1" dealt="1" sum="15"/>
<action no="5" player="oreiasccp" type="2" sum="30"/>
</round>
<round no="1"><cards type="Pocket" player="kamushek1">S9 HQ</cards>
<cards type="Pocket" player="oreiasccp">D6 C7</cards>
<cards type="Pocket" player="gasgas">X X</cards>
<action no="6" player="kamushek1" type="23" discard="1" dealt="1" sum="60"/>
<action no="7" player="gasgas" type="0" discard="1" dealt="1" sum="0"/>
<action no="8" player="oreiasccp" type="3" sum="30"/>
</round>
<round no="2"><cards type="Flop">D4 HK CQ</cards>
<action no="9" player="oreiasccp" type="4" sum="0"/>
<action no="10" player="kamushek1" type="4" discard="1" dealt="1" sum="0"/>
</round>
<round no="3"><cards type="Turn">S3</cards>
<action no="11" player="oreiasccp" type="5" sum="110"/>
<action no="12" player="kamushek1" type="3" discard="1" dealt="1" sum="110"/>
</round>
<round no="4"><cards type="River">C10</cards>
<action no="13" player="oreiasccp" type="4" sum="0"/>
<action no="14" player="kamushek1" type="4" discard="1" dealt="1" sum="0"/>
</round>
</game>
<game gamecode="11516906464"><general><startdate>2025-06-17 11:01:12</startdate>
<round>1</round>
<failsafecounter/>
<players><player seat="10" name="kamushek1" chips="815" dealer="0" win="0" bet="35" muck="1" rebuy="0" addon="0" merge="0" rebuychips="0" reg_code="8385532694"/>
<player seat="3" name="gasgas" chips="325" dealer="1" win="0" bet="5" muck="1" rebuy="0" addon="0" merge="0" rebuychips="0" reg_code="8385532662"/>
<player seat="6" name="oreiasccp" chips="360" dealer="0" win="75" bet="360" muck="1" rebuy="0" addon="0" merge="0" rebuychips="0" reg_code="8385532690"/>
</players>
</general>
<round no="0"><action no="1" player="oreiasccp" type="15" sum="5"/>
<action no="2" player="kamushek1" type="15" discard="1" dealt="1" sum="5"/>
<action no="3" player="gasgas" type="15" discard="1" dealt="1" sum="5"/>
<action no="4" player="oreiasccp" type="1" sum="15"/>
<action no="5" player="kamushek1" type="2" discard="1" dealt="1" sum="30"/>
</round>
<round no="1"><cards type="Pocket" player="oreiasccp">HJ H10</cards>
<cards type="Pocket" player="kamushek1">X X</cards>
<cards type="Pocket" player="gasgas">X X</cards>
<action no="6" player="gasgas" type="0" discard="1" dealt="1" sum="0"/>
<action no="7" player="oreiasccp" type="23" sum="355"/>
<action no="8" player="kamushek1" type="0" discard="1" dealt="1" sum="0"/>
</round>
</game>
<game gamecode="11516906506"><general><startdate>2025-06-17 11:01:23</startdate>
<round>1</round>
<failsafecounter/>
<players><player seat="3" name="gasgas" chips="320" dealer="0" win="45" bet="35" muck="1" rebuy="0" addon="0" merge="0" rebuychips="0" reg_code="8385532662"/>
<player seat="6" name="oreiasccp" chips="400" dealer="1" win="0" bet="5" muck="1" rebuy="0" addon="0" merge="0" rebuychips="0" reg_code="8385532690"/>
<player seat="10" name="kamushek1" chips="780" dealer="0" win="0" bet="20" muck="1" rebuy="0" addon="0" merge="0" rebuychips="0" reg_code="8385532694"/>
</players>
</general>
<round no="0"><action no="1" player="kamushek1" type="15" discard="1" dealt="1" sum="5"/>
<action no="2" player="gasgas" type="15" discard="1" dealt="1" sum="5"/>
<action no="3" player="oreiasccp" type="15" sum="5"/>
<action no="4" player="kamushek1" type="1" discard="1" dealt="1" sum="15"/>
<action no="5" player="gasgas" type="2" discard="1" dealt="1" sum="30"/>
</round>
<round no="1"><cards type="Pocket" player="oreiasccp">S2 C6</cards>
<cards type="Pocket" player="kamushek1">X X</cards>
<cards type="Pocket" player="gasgas">X X</cards>
<action no="6" player="oreiasccp" type="0" sum="0"/>
<action no="7" player="kamushek1" type="0" discard="1" dealt="1" sum="0"/>
</round>
</game>
<game gamecode="11516906543"><general><startdate>2025-06-17 11:01:33</startdate>
<round>1</round>
<failsafecounter/>
<players><player seat="6" name="oreiasccp" chips="395" dealer="0" win="135" bet="164" muck="1" rebuy="0" addon="0" merge="0" rebuychips="0" reg_code="8385532690"/>
<player seat="10" name="kamushek1" chips="760" dealer="1" win="0" bet="5" muck="1" rebuy="0" addon="0" merge="0" rebuychips="0" reg_code="8385532694"/>
<player seat="3" name="gasgas" chips="345" dealer="0" win="0" bet="65" muck="1" rebuy="0" addon="0" merge="0" rebuychips="0" reg_code="8385532662"/>
</players>
</general>
<round no="0"><action no="1" player="gasgas" type="15" discard="1" dealt="1" sum="5"/>
<action no="2" player="oreiasccp" type="15" sum="5"/>
<action no="3" player="kamushek1" type="15" discard="1" dealt="1" sum="5"/>
<action no="4" player="gasgas" type="1" discard="1" dealt="1" sum="15"/>
<action no="5" player="oreiasccp" type="2" sum="30"/>
</round>
<round no="1"><cards type="Pocket" player="kamushek1">X X</cards>
<cards type="Pocket" player="oreiasccp">HQ DJ</cards>
<cards type="Pocket" player="gasgas">X X</cards>
<action no="6" player="kamushek1" type="0" discard="1" dealt="1" sum="0"/>
<action no="7" player="gasgas" type="3" discard="1" dealt="1" sum="15"/>
<action no="8" player="oreiasccp" type="4" sum="0"/>
</round>
<round no="2"><cards type="Flop">HJ S7 C4</cards>
<action no="9" player="gasgas" type="4" discard="1" dealt="1" sum="0"/>
<action no="10" player="oreiasccp" type="5" sum="30"/>
<action no="11" player="gasgas" type="3" discard="1" dealt="1" sum="30"/>
</round>
<round no="3"><cards type="Turn">S8</cards>
<action no="12" player="gasgas" type="4" discard="1" dealt="1" sum="0"/>
<action no="13" player="oreiasccp" type="5" sum="99"/>
<action no="14" player="gasgas" type="0" discard="1" dealt="1" sum="0"/>
</round>
</game>
<game gamecode="11516906696"><general><startdate>2025-06-17 11:02:10</startdate>
<round>1</round>
<failsafecounter/>
<players><player seat="10" name="kamushek1" chips="755" dealer="0" win="935" bet="465" muck="0" rebuy="0" addon="0" merge="0" rebuychips="0" reg_code="8385532694"/>
<player seat="3" name="gasgas" chips="280" dealer="1" win="0" bet="5" muck="1" rebuy="0" addon="0" merge="0" rebuychips="0" reg_code="8385532662"/>
<player seat="6" name="oreiasccp" chips="465" dealer="0" win="0" bet="465" muck="0" rebuy="0" addon="0" merge="0" rebuychips="0" reg_code="8385532690"/>
</players>
</general>
<round no="0"><action no="1" player="oreiasccp" type="15" sum="5"/>
<action no="2" player="kamushek1" type="15" discard="1" dealt="1" sum="5"/>
<action no="3" player="gasgas" type="15" discard="1" dealt="1" sum="5"/>
<action no="4" player="oreiasccp" type="1" sum="20"/>
<action no="5" player="kamushek1" type="2" discard="1" dealt="1" sum="40"/>
</round>
<round no="1"><cards type="Pocket" player="kamushek1">SK HJ</cards>
<cards type="Pocket" player="oreiasccp">DQ C9</cards>
<cards type="Pocket" player="gasgas">X X</cards>
<action no="6" player="gasgas" type="0" discard="1" dealt="1" sum="0"/>
<action no="7" player="oreiasccp" type="23" sum="460"/>
<action no="8" player="kamushek1" type="3" discard="1" dealt="1" sum="420"/>
</round>
<round no="2"><cards type="Flop">S5 H3 D3</cards>
</round>
<round no="3"><cards type="Turn">H6</cards>
</round>
<round no="4"><cards type="River">HA</cards>
</round>
</game>
</session>
