<?xml version="1.0" encoding="UTF-8"?>
<session sessioncode="8385475824">
<general>
<client_version>24.7.1.16</client_version>
<mode>real</mode>
<gametype>Holdem NL</gametype>
<tablename>Twister €5 SNG, 1127658140</tablename>
<tournamentcode>1127658139</tournamentcode>
<tournamentname>Twister €5 SNG</tournamentname>
<buyin>€0 + €0.35 + €4.65</buyin>
<totalbuyin>€5</totalbuyin>
<rewarddrawn>€15</rewarddrawn>
<tournamentcurrency>EUR</tournamentcurrency>
<currency>EUR</currency>
<nickname>oreiasccp</nickname>
<gamecount>8</gamecount>
<startdate>2025-06-17 06:26:18</startdate>
<place>1</place>
<win>€15</win>
<tablesize>3</tablesize>
</general>
<game gamecode="11516728983"><general><startdate>2025-06-17 06:26:33</startdate>
<round>1</round>
<failsafecounter/>
<players><player seat="10" name="Zaranit" chips="500" dealer="0" win="0" bet="20" muck="1" rebuy="0" addon="0" merge="0" rebuychips="0" reg_code="8385475825"/>
<player seat="3" name="Sp1nX" chips="500" dealer="1" win="0" bet="40" muck="1" rebuy="0" addon="0" merge="0" rebuychips="0" reg_code="8385475752"/>
<player seat="6" name="oreiasccp" chips="500" dealer="0" win="100" bet="120" muck="1" rebuy="0" addon="0" merge="0" rebuychips="0" reg_code="8385475824"/>
</players>
</general>
<round no="0"><action no="1" player="oreiasccp" type="1" sum="10"/>
<action no="2" player="Zaranit" type="2" discard="1" dealt="1" sum="20"/>
</round>
<round no="1"><cards type="Pocket" player="Sp1nX">X X</cards>
<cards type="Pocket" player="oreiasccp">H10 CK</cards>
<cards type="Pocket" player="Zaranit">X X</cards>
<action no="3" player="Sp1nX" type="23" discard="1" dealt="1" sum="40"/>
<action no="4" player="oreiasccp" type="23" sum="120"/>
<action no="5" player="Zaranit" type="0" discard="1" dealt="1" sum="0"/>
<action no="6" player="Sp1nX" type="0" discard="1" dealt="1" sum="0"/>
</round>
</game>
<game gamecode="11516729016"><general><startdate>2025-06-17 06:26:49</startdate>
<round>1</round>
<failsafecounter/>
<players><player seat="3" name="Sp1nX" chips="460" dealer="0" win="454" bet="222" muck="0" rebuy="0" addon="0" merge="0" rebuychips="0" reg_code="8385475752"/>
<player seat="6" name="oreiasccp" chips="560" dealer="1" win="0" bet="222" muck="1" rebuy="0" addon="0" merge="0" rebuychips="0" reg_code="8385475824"/>
<player seat="10" name="Zaranit" chips="480" dealer="0" win="0" bet="10" muck="1" rebuy="0" addon="0" merge="0" rebuychips="0" reg_code="8385475825"/>
</players>
</general>
<round no="0"><action no="1" player="Zaranit" type="1" discard="1" dealt="1" sum="10"/>
<action no="2" player="Sp1nX" type="2" discard="1" dealt="1" sum="20"/>
</round>
<round no="1"><cards type="Pocket" player="oreiasccp">CK HQ</cards>
<cards type="Pocket" player="Zaranit">X X</cards>
<cards type="Pocket" player="Sp1nX">C7 C5</cards>
<action no="3" player="oreiasccp" type="23" sum="40"/>
<action no="4" player="Zaranit" type="0" discard="1" dealt="1" sum="0"/>
<action no="5" player="Sp1nX" type="3" discard="1" dealt="1" sum="20"/>
</round>
<round no="2"><cards type="Flop">C4 H4 H8</cards>
<action no="6" player="Sp1nX" type="4" discard="1" dealt="1" sum="0"/>
<action no="7" player="oreiasccp" type="5" sum="20"/>
<action no="8" player="Sp1nX" type="23" discard="1" dealt="1" sum="82"/>
<action no="9" player="oreiasccp" type="3" sum="62"/>
</round>
<round no="3"><cards type="Turn">H9</cards>
<action no="10" player="Sp1nX" type="5" discard="1" dealt="1" sum="100"/>
<action no="11" player="oreiasccp" type="3" sum="100"/>
</round>
<round no="4"><cards type="River">S5</cards>
<action no="12" player="Sp1nX" type="4" discard="1" dealt="1" sum="0"/>
<action no="13" player="oreiasccp" type="4" sum="0"/>
</round>
</game>
<game gamecode="11516729090"><general><startdate>2025-06-17 06:27:23</startdate>
<round>1</round>
<failsafecounter/>
<players><player seat="6" name="oreiasccp" chips="338" dealer="0" win="676" bet="338" muck="0" rebuy="0" addon="0" merge="0" rebuychips="0" reg_code="8385475824"/>
<player seat="10" name="Zaranit" chips="470" dealer="1" win="0" bet="0" muck="1" rebuy="0" addon="0" merge="0" rebuychips="0" reg_code="8385475825"/>
<player seat="3" name="Sp1nX" chips="692" dealer="0" win="0" bet="338" muck="1" rebuy="0" addon="0" merge="0" rebuychips="0" reg_code="8385475752"/>
</players>
</general>
<round no="0"><action no="1" player="Sp1nX" type="1" discard="1" dealt="1" sum="10"/>
<action no="2" player="oreiasccp" type="2" sum="20"/>
</round>
<round no="1"><cards type="Pocket" player="Sp1nX">SK SJ</cards>
<cards type="Pocket" player="oreiasccp">D4 S4</cards>
<cards type="Pocket" player="Zaranit">X X</cards>
<action no="3" player="Zaranit" type="0" discard="1" dealt="1" sum="0"/>
<action no="4" player="Sp1nX" type="23" discard="1" dealt="1" sum="50"/>
<action no="5" player="oreiasccp" type="23" sum="338"/>
<action no="6" player="Sp1nX" type="3" discard="1" dealt="1" sum="288"/>
</round>
<round no="2"><cards type="Flop">D2 D3 C8</cards>
</round>
<round no="3"><cards type="Turn">S10</cards>
</round>
<round no="4"><cards type="River">CQ</cards>
</round>
</game>
<game gamecode="11516729154"><general><startdate>2025-06-17 06:27:45</startdate>
<round>1</round>
<failsafecounter/>
<players><player seat="10" name="Zaranit" chips="470" dealer="0" win="20" bet="20" muck="1" rebuy="0" addon="0" merge="0" rebuychips="0" reg_code="8385475825"/>
<player seat="3" name="Sp1nX" chips="354" dealer="1" win="0" bet="0" muck="1" rebuy="0" addon="0" merge="0" rebuychips="0" reg_code="8385475752"/>
<player seat="6" name="oreiasccp" chips="676" dealer="0" win="0" bet="10" muck="1" rebuy="0" addon="0" merge="0" rebuychips="0" reg_code="8385475824"/>
</players>
</general>
<round no="0"><action no="1" player="oreiasccp" type="1" sum="10"/>
<action no="2" player="Zaranit" type="2" discard="1" dealt="1" sum="20"/>
</round>
<round no="1"><cards type="Pocket" player="Sp1nX">X X</cards>
<cards type="Pocket" player="Zaranit">X X</cards>
<cards type="Pocket" player="oreiasccp">C4 H2</cards>
<action no="3" player="Sp1nX" type="0" discard="1" dealt="1" sum="0"/>
<action no="4" player="oreiasccp" type="0" sum="0"/>
</round>
</game>
<game gamecode="11516729168"><general><startdate>2025-06-17 06:27:53</startdate>
<round>1</round>
<failsafecounter/>
<players><player seat="3" name="Sp1nX" chips="354" dealer="0" win="0" bet="354" muck="0" rebuy="0" addon="0" merge="0" rebuychips="0" reg_code="8385475752"/>
<player seat="6" name="oreiasccp" chips="666" dealer="1" win="0" bet="0" muck="1" rebuy="0" addon="0" merge="0" rebuychips="0" reg_code="8385475824"/>
<player seat="10" name="Zaranit" chips="480" dealer="0" win="708" bet="354" muck="0" rebuy="0" addon="0" merge="0" rebuychips="0" reg_code="8385475825"/>
</players>
</general>
<round no="0"><action no="1" player="Zaranit" type="1" discard="1" dealt="1" sum="10"/>
<action no="2" player="Sp1nX" type="2" discard="1" dealt="1" sum="20"/>
</round>
<round no="1"><cards type="Pocket" player="Sp1nX">DJ SJ</cards>
<cards type="Pocket" player="Zaranit">HQ CQ</cards>
<cards type="Pocket" player="oreiasccp">C6 C2</cards>
<action no="3" player="oreiasccp" type="0" sum="0"/>
<action no="4" player="Zaranit" type="23" discard="1" dealt="1" sum="60"/>
<action no="5" player="Sp1nX" type="23" discard="1" dealt="1" sum="354"/>
<action no="6" player="Zaranit" type="3" discard="1" dealt="1" sum="294"/>
</round>
<round no="2"><cards type="Flop">S6 D7 H2</cards>
</round>
<round no="3"><cards type="Turn">S7</cards>
</round>
<round no="4"><cards type="River">D6</cards>
</round>
</game>
<game gamecode="11516729231"><general><startdate>2025-06-17 06:28:21</startdate>
<round>1</round>
<failsafecounter/>
<players><player seat="6" name="oreiasccp" chips="666" dealer="0" win="0" bet="20" muck="1" rebuy="0" addon="0" merge="0" rebuychips="0" reg_code="8385475824"/>
<player seat="10" name="Zaranit" chips="834" dealer="1" win="40" bet="40" muck="1" rebuy="0" addon="0" merge="0" rebuychips="0" reg_code="8385475825"/>
</players>
</general>
<round no="0"><action no="1" player="Zaranit" type="1" discard="1" dealt="1" sum="10"/>
<action no="2" player="oreiasccp" type="2" sum="20"/>
</round>
<round no="1"><cards type="Pocket" player="Zaranit">X X</cards>
<cards type="Pocket" player="oreiasccp">CJ H4</cards>
<action no="3" player="Zaranit" type="23" discard="1" dealt="1" sum="40"/>
<action no="4" player="oreiasccp" type="0" sum="0"/>
</round>
</game>
<game gamecode="11516729255"><general><startdate>2025-06-17 06:28:30</startdate>
<round>1</round>
<failsafecounter/>
<players><player seat="10" name="Zaranit" chips="854" dealer="0" win="0" bet="854" muck="0" rebuy="0" addon="0" merge="0" rebuychips="0" reg_code="8385475825"/>
<player seat="6" name="oreiasccp" chips="646" dealer="1" win="1,292" bet="646" muck="0" rebuy="0" addon="0" merge="0" rebuychips="0" reg_code="8385475824"/>
</players>
</general>
<round no="0"><action no="1" player="oreiasccp" type="1" sum="10"/>
<action no="2" player="Zaranit" type="2" discard="1" dealt="1" sum="20"/>
</round>
<round no="1"><cards type="Pocket" player="Zaranit">C4 H4</cards>
<cards type="Pocket" player="oreiasccp">DA DJ</cards>
<action no="3" player="oreiasccp" type="23" sum="40"/>
<action no="4" player="Zaranit" type="23" discard="1" dealt="1" sum="854"/>
<action no="5" player="oreiasccp" type="7" sum="606"/>
</round>
<round no="2"><cards type="Flop">SA D10 D3</cards>
</round>
<round no="3"><cards type="Turn">S6</cards>
</round>
<round no="4"><cards type="River">H5</cards>
</round>
</game>
<game gamecode="11516729305"><general><startdate>2025-06-17 06:28:54</startdate>
<round>1</round>
<failsafecounter/>
<players><player seat="6" name="oreiasccp" chips="1,292" dealer="0" win="416" bet="208" muck="0" rebuy="0" addon="0" merge="0" rebuychips="0" reg_code="8385475824"/>
<player seat="10" name="Zaranit" chips="208" dealer="1" win="0" bet="208" muck="0" rebuy="0" addon="0" merge="0" rebuychips="0" reg_code="8385475825"/>
</players>
</general>
<round no="0"><action no="1" player="Zaranit" type="15" discard="1" dealt="1" sum="5"/>
<action no="2" player="oreiasccp" type="15" sum="5"/>
<action no="3" player="Zaranit" type="1" discard="1" dealt="1" sum="15"/>
<action no="4" player="oreiasccp" type="2" sum="30"/>
</round>
<round no="1"><cards type="Pocket" player="Zaranit">H4 H7</cards>
<cards type="Pocket" player="oreiasccp">SK DJ</cards>
<action no="5" player="Zaranit" type="23" discard="1" dealt="1" sum="203"/>
<action no="6" player="oreiasccp" type="3" sum="173"/>
</round>
<round no="2"><cards type="Flop">SA S10 H2</cards>
</round>
<round no="3"><cards type="Turn">SJ</cards>
</round>
<round no="4"><cards type="River">DQ</cards>
</round>
</game>
</session>
