<?xml version="1.0" encoding="UTF-8"?>
<session sessioncode="8385565182">
<general>
<client_version>24.7.1.16</client_version>
<mode>real</mode>
<gametype>Holdem NL</gametype>
<tablename>Twister €5 SNG, 1127673101</tablename>
<tournamentcode>1127673100</tournamentcode>
<tournamentname>Twister €5 SNG</tournamentname>
<buyin>€0 + €0.35 + €4.65</buyin>
<totalbuyin>€5</totalbuyin>
<rewarddrawn>€10</rewarddrawn>
<tournamentcurrency>EUR</tournamentcurrency>
<currency>EUR</currency>
<nickname>oreiasccp</nickname>
<gamecount>9</gamecount>
<startdate>2025-06-17 12:29:50</startdate>
<place>3</place>
<win>€0</win>
<tablesize>3</tablesize>
</general>
<game gamecode="11516986999"><general><startdate>2025-06-17 12:30:05</startdate>
<round>1</round>
<failsafecounter/>
<players><player seat="6" name="OneLastGame" chips="500" dealer="0" win="0" bet="90" muck="1" rebuy="0" addon="0" merge="0" rebuychips="0" reg_code="8385565195"/>
<player seat="10" name="HTNTN" chips="500" dealer="1" win="0" bet="0" muck="1" rebuy="0" addon="0" merge="0" rebuychips="0" reg_code="8385565211"/>
<player seat="3" name="oreiasccp" chips="500" dealer="0" win="180" bet="245" muck="1" rebuy="0" addon="0" merge="0" rebuychips="0" reg_code="8385565182"/>
</players>
</general>
<round no="0"><action no="1" player="oreiasccp" type="1" sum="10"/>
<action no="2" player="OneLastGame" type="2" discard="1" dealt="1" sum="20"/>
</round>
<round no="1"><cards type="Pocket" player="oreiasccp">DK DQ</cards>
<cards type="Pocket" player="OneLastGame">X X</cards>
<cards type="Pocket" player="HTNTN">X X</cards>
<action no="3" player="HTNTN" type="0" discard="1" dealt="1" sum="0"/>
<action no="4" player="oreiasccp" type="23" sum="60"/>
<action no="5" player="OneLastGame" type="3" discard="1" dealt="1" sum="40"/>
</round>
<round no="2"><cards type="Flop">D6 CQ D5</cards>
<action no="6" player="oreiasccp" type="5" sum="30"/>
<action no="7" player="OneLastGame" type="3" discard="1" dealt="1" sum="30"/>
</round>
<round no="3"><cards type="Turn">D10</cards>
<action no="8" player="oreiasccp" type="4" sum="0"/>
<action no="9" player="OneLastGame" type="4" discard="1" dealt="1" sum="0"/>
</round>
<round no="4"><cards type="River">C4</cards>
<action no="10" player="oreiasccp" type="5" sum="155"/>
<action no="11" player="OneLastGame" type="0" discard="1" dealt="1" sum="0"/>
</round>
</game>
<game gamecode="11516987231"><general><startdate>2025-06-17 12:30:55</startdate>
<round>1</round>
<failsafecounter/>
<players><player seat="10" name="HTNTN" chips="500" dealer="0" win="20" bet="20" muck="1" rebuy="0" addon="0" merge="0" rebuychips="0" reg_code="8385565211"/>
<player seat="3" name="oreiasccp" chips="590" dealer="1" win="0" bet="0" muck="1" rebuy="0" addon="0" merge="0" rebuychips="0" reg_code="8385565182"/>
<player seat="6" name="OneLastGame" chips="410" dealer="0" win="0" bet="10" muck="1" rebuy="0" addon="0" merge="0" rebuychips="0" reg_code="8385565195"/>
</players>
</general>
<round no="0"><action no="1" player="OneLastGame" type="1" discard="1" dealt="1" sum="10"/>
<action no="2" player="HTNTN" type="2" discard="1" dealt="1" sum="20"/>
</round>
<round no="1"><cards type="Pocket" player="oreiasccp">H6 H9</cards>
<cards type="Pocket" player="OneLastGame">X X</cards>
<cards type="Pocket" player="HTNTN">X X</cards>
<action no="3" player="oreiasccp" type="0" sum="0"/>
<action no="4" player="OneLastGame" type="0" discard="1" dealt="1" sum="0"/>
</round>
</game>
<game gamecode="11516987254"><general><startdate>2025-06-17 12:31:01</startdate>
<round>1</round>
<failsafecounter/>
<players><player seat="3" name="oreiasccp" chips="590" dealer="0" win="20" bet="20" muck="1" rebuy="0" addon="0" merge="0" rebuychips="0" reg_code="8385565182"/>
<player seat="6" name="OneLastGame" chips="400" dealer="1" win="0" bet="0" muck="1" rebuy="0" addon="0" merge="0" rebuychips="0" reg_code="8385565195"/>
<player seat="10" name="HTNTN" chips="510" dealer="0" win="0" bet="10" muck="1" rebuy="0" addon="0" merge="0" rebuychips="0" reg_code="8385565211"/>
</players>
</general>
<round no="0"><action no="1" player="HTNTN" type="1" discard="1" dealt="1" sum="10"/>
<action no="2" player="oreiasccp" type="2" sum="20"/>
</round>
<round no="1"><cards type="Pocket" player="oreiasccp">HK C4</cards>
<cards type="Pocket" player="HTNTN">X X</cards>
<cards type="Pocket" player="OneLastGame">X X</cards>
<action no="3" player="OneLastGame" type="0" discard="1" dealt="1" sum="0"/>
<action no="4" player="HTNTN" type="0" discard="1" dealt="1" sum="0"/>
</round>
</game>
<game gamecode="11516987300"><general><startdate>2025-06-17 12:31:10</startdate>
<round>1</round>
<failsafecounter/>
<players><player seat="6" name="OneLastGame" chips="400" dealer="0" win="0" bet="20" muck="1" rebuy="0" addon="0" merge="0" rebuychips="0" reg_code="8385565195"/>
<player seat="10" name="HTNTN" chips="500" dealer="1" win="50" bet="40" muck="1" rebuy="0" addon="0" merge="0" rebuychips="0" reg_code="8385565211"/>
<player seat="3" name="oreiasccp" chips="600" dealer="0" win="0" bet="10" muck="1" rebuy="0" addon="0" merge="0" rebuychips="0" reg_code="8385565182"/>
</players>
</general>
<round no="0"><action no="1" player="oreiasccp" type="1" sum="10"/>
<action no="2" player="OneLastGame" type="2" discard="1" dealt="1" sum="20"/>
</round>
<round no="1"><cards type="Pocket" player="HTNTN">X X</cards>
<cards type="Pocket" player="OneLastGame">X X</cards>
<cards type="Pocket" player="oreiasccp">D7 S6</cards>
<action no="3" player="HTNTN" type="23" discard="1" dealt="1" sum="40"/>
<action no="4" player="oreiasccp" type="0" sum="0"/>
<action no="5" player="OneLastGame" type="0" discard="1" dealt="1" sum="0"/>
</round>
</game>
<game gamecode="11516987343"><general><startdate>2025-06-17 12:31:20</startdate>
<round>1</round>
<failsafecounter/>
<players><player seat="10" name="HTNTN" chips="530" dealer="0" win="20" bet="20" muck="1" rebuy="0" addon="0" merge="0" rebuychips="0" reg_code="8385565211"/>
<player seat="3" name="oreiasccp" chips="590" dealer="1" win="0" bet="0" muck="1" rebuy="0" addon="0" merge="0" rebuychips="0" reg_code="8385565182"/>
<player seat="6" name="OneLastGame" chips="380" dealer="0" win="0" bet="10" muck="1" rebuy="0" addon="0" merge="0" rebuychips="0" reg_code="8385565195"/>
</players>
</general>
<round no="0"><action no="1" player="OneLastGame" type="1" discard="1" dealt="1" sum="10"/>
<action no="2" player="HTNTN" type="2" discard="1" dealt="1" sum="20"/>
</round>
<round no="1"><cards type="Pocket" player="oreiasccp">S6 H9</cards>
<cards type="Pocket" player="HTNTN">X X</cards>
<cards type="Pocket" player="OneLastGame">X X</cards>
<action no="3" player="oreiasccp" type="0" sum="0"/>
<action no="4" player="OneLastGame" type="0" discard="1" dealt="1" sum="0"/>
</round>
</game>
<game gamecode="11516987367"><general><startdate>2025-06-17 12:31:26</startdate>
<round>1</round>
<failsafecounter/>
<players><player seat="3" name="oreiasccp" chips="590" dealer="0" win="0" bet="110" muck="1" rebuy="0" addon="0" merge="0" rebuychips="0" reg_code="8385565182"/>
<player seat="6" name="OneLastGame" chips="370" dealer="1" win="0" bet="0" muck="1" rebuy="0" addon="0" merge="0" rebuychips="0" reg_code="8385565195"/>
<player seat="10" name="HTNTN" chips="540" dealer="0" win="220" bet="110" muck="0" rebuy="0" addon="0" merge="0" rebuychips="0" reg_code="8385565211"/>
</players>
</general>
<round no="0"><action no="1" player="HTNTN" type="1" discard="1" dealt="1" sum="10"/>
<action no="2" player="oreiasccp" type="2" sum="20"/>
</round>
<round no="1"><cards type="Pocket" player="oreiasccp">S7 DK</cards>
<cards type="Pocket" player="OneLastGame">X X</cards>
<cards type="Pocket" player="HTNTN">CA SK</cards>
<action no="3" player="OneLastGame" type="0" discard="1" dealt="1" sum="0"/>
<action no="4" player="HTNTN" type="23" discard="1" dealt="1" sum="50"/>
<action no="5" player="oreiasccp" type="3" sum="30"/>
</round>
<round no="2"><cards type="Flop">H9 S10 C6</cards>
<action no="6" player="HTNTN" type="4" discard="1" dealt="1" sum="0"/>
<action no="7" player="oreiasccp" type="4" sum="0"/>
</round>
<round no="3"><cards type="Turn">HK</cards>
<action no="8" player="HTNTN" type="5" discard="1" dealt="1" sum="60"/>
<action no="9" player="oreiasccp" type="3" sum="60"/>
</round>
<round no="4"><cards type="River">CJ</cards>
<action no="10" player="HTNTN" type="4" discard="1" dealt="1" sum="0"/>
<action no="11" player="oreiasccp" type="4" sum="0"/>
</round>
</game>
<game gamecode="11516992422"><general><startdate>2025-06-17 12:31:52</startdate>
<round>1</round>
<failsafecounter/>
<players><player seat="6" name="OneLastGame" chips="370" dealer="0" win="90" bet="85" muck="0" rebuy="0" addon="0" merge="0" rebuychips="0" reg_code="8385565195"/>
<player seat="10" name="HTNTN" chips="650" dealer="1" win="90" bet="85" muck="0" rebuy="0" addon="0" merge="0" rebuychips="0" reg_code="8385565211"/>
<player seat="3" name="oreiasccp" chips="480" dealer="0" win="0" bet="10" muck="1" rebuy="0" addon="0" merge="0" rebuychips="0" reg_code="8385565182"/>
</players>
</general>
<round no="0"><action no="1" player="oreiasccp" type="1" sum="10"/>
<action no="2" player="OneLastGame" type="2" discard="1" dealt="1" sum="20"/>
</round>
<round no="1"><cards type="Pocket" player="oreiasccp">DA H6</cards>
<cards type="Pocket" player="OneLastGame">D9 HQ</cards>
<cards type="Pocket" player="HTNTN">DQ H9</cards>
<action no="3" player="HTNTN" type="23" discard="1" dealt="1" sum="40"/>
<action no="4" player="oreiasccp" type="0" sum="0"/>
<action no="5" player="OneLastGame" type="3" discard="1" dealt="1" sum="20"/>
</round>
<round no="2"><cards type="Flop">D6 SQ S7</cards>
<action no="6" player="OneLastGame" type="4" discard="1" dealt="1" sum="0"/>
<action no="7" player="HTNTN" type="5" discard="1" dealt="1" sum="45"/>
<action no="8" player="OneLastGame" type="3" discard="1" dealt="1" sum="45"/>
</round>
<round no="3"><cards type="Turn">HK</cards>
<action no="9" player="OneLastGame" type="4" discard="1" dealt="1" sum="0"/>
<action no="10" player="HTNTN" type="4" discard="1" dealt="1" sum="0"/>
</round>
<round no="4"><cards type="River">C7</cards>
<action no="11" player="OneLastGame" type="4" discard="1" dealt="1" sum="0"/>
<action no="12" player="HTNTN" type="4" discard="1" dealt="1" sum="0"/>
</round>
</game>
<game gamecode="11516992566"><general><startdate>2025-06-17 12:32:26</startdate>
<round>1</round>
<failsafecounter/>
<players><player seat="10" name="HTNTN" chips="655" dealer="0" win="0" bet="35" muck="1" rebuy="0" addon="0" merge="0" rebuychips="0" reg_code="8385565211"/>
<player seat="3" name="oreiasccp" chips="470" dealer="1" win="0" bet="65" muck="1" rebuy="0" addon="0" merge="0" rebuychips="0" reg_code="8385565182"/>
<player seat="6" name="OneLastGame" chips="375" dealer="0" win="165" bet="375" muck="1" rebuy="0" addon="0" merge="0" rebuychips="0" reg_code="8385565195"/>
</players>
</general>
<round no="0"><action no="1" player="OneLastGame" type="15" discard="1" dealt="1" sum="5"/>
<action no="2" player="HTNTN" type="15" discard="1" dealt="1" sum="5"/>
<action no="3" player="oreiasccp" type="15" sum="5"/>
<action no="4" player="OneLastGame" type="1" discard="1" dealt="1" sum="15"/>
<action no="5" player="HTNTN" type="2" discard="1" dealt="1" sum="30"/>
</round>
<round no="1"><cards type="Pocket" player="HTNTN">X X</cards>
<cards type="Pocket" player="oreiasccp">D8 D9</cards>
<cards type="Pocket" player="OneLastGame">X X</cards>
<action no="6" player="oreiasccp" type="23" sum="60"/>
<action no="7" player="OneLastGame" type="23" discard="1" dealt="1" sum="370"/>
<action no="8" player="HTNTN" type="0" discard="1" dealt="1" sum="0"/>
<action no="9" player="oreiasccp" type="0" sum="0"/>
</round>
</game>
<game gamecode="11516992626"><general><startdate>2025-06-17 12:32:41</startdate>
<round>1</round>
<failsafecounter/>
<players><player seat="3" name="oreiasccp" chips="405" dealer="0" win="0" bet="405" muck="0" rebuy="0" addon="0" merge="0" rebuychips="0" reg_code="8385565182"/>
<player seat="6" name="OneLastGame" chips="475" dealer="1" win="0" bet="5" muck="1" rebuy="0" addon="0" merge="0" rebuychips="0" reg_code="8385565195"/>
<player seat="10" name="HTNTN" chips="620" dealer="0" win="815" bet="405" muck="0" rebuy="0" addon="0" merge="0" rebuychips="0" reg_code="8385565211"/>
</players>
</general>
<round no="0"><action no="1" player="HTNTN" type="15" discard="1" dealt="1" sum="5"/>
<action no="2" player="oreiasccp" type="15" sum="5"/>
<action no="3" player="OneLastGame" type="15" discard="1" dealt="1" sum="5"/>
<action no="4" player="HTNTN" type="1" discard="1" dealt="1" sum="15"/>
<action no="5" player="oreiasccp" type="2" sum="30"/>
</round>
<round no="1"><cards type="Pocket" player="oreiasccp">C7 HA</cards>
<cards type="Pocket" player="HTNTN">D9 S9</cards>
<cards type="Pocket" player="OneLastGame">X X</cards>
<action no="6" player="OneLastGame" type="0" discard="1" dealt="1" sum="0"/>
<action no="7" player="HTNTN" type="3" discard="1" dealt="1" sum="15"/>
<action no="8" player="oreiasccp" type="23" sum="400"/>
<action no="9" player="HTNTN" type="3" discard="1" dealt="1" sum="370"/>
</round>
<round no="2"><cards type="Flop">S2 DK CJ</cards>
</round>
<round no="3"><cards type="Turn">D2</cards>
</round>
<round no="4"><cards type="River">C4</cards>
</round>
</game>
</session>
