<?xml version="1.0" encoding="UTF-8"?>
<session sessioncode="8385474085">
<general>
<client_version>24.7.1.16</client_version>
<mode>real</mode>
<gametype>Holdem NL</gametype>
<tablename>Twister €5 SNG, 1127657813</tablename>
<tournamentcode>1127657812</tournamentcode>
<tournamentname>Twister €5 SNG</tournamentname>
<buyin>€0 + €0.35 + €4.65</buyin>
<totalbuyin>€5</totalbuyin>
<rewarddrawn>€10</rewarddrawn>
<tournamentcurrency>EUR</tournamentcurrency>
<currency>EUR</currency>
<nickname>oreiasccp</nickname>
<gamecount>14</gamecount>
<startdate>2025-06-17 06:12:26</startdate>
<place>2</place>
<win>€0</win>
<tablesize>3</tablesize>
</general>
<game gamecode="11516724897"><general><startdate>2025-06-17 06:12:41</startdate>
<round>1</round>
<failsafecounter/>
<players><player seat="3" name="Sp1nX" chips="500" dealer="0" win="0" bet="20" muck="1" rebuy="0" addon="0" merge="0" rebuychips="0" reg_code="8385474048"/>
<player seat="6" name="oreiasccp" chips="500" dealer="1" win="50" bet="40" muck="1" rebuy="0" addon="0" merge="0" rebuychips="0" reg_code="8385474085"/>
<player seat="10" name="BahTOBUK" chips="500" dealer="0" win="0" bet="10" muck="1" rebuy="0" addon="0" merge="0" rebuychips="0" reg_code="8385474094"/>
</players>
</general>
<round no="0"><action no="1" player="BahTOBUK" type="1" discard="1" dealt="1" sum="10"/>
<action no="2" player="Sp1nX" type="2" discard="1" dealt="1" sum="20"/>
</round>
<round no="1"><cards type="Pocket" player="oreiasccp">HA D6</cards>
<cards type="Pocket" player="BahTOBUK">X X</cards>
<cards type="Pocket" player="Sp1nX">X X</cards>
<action no="3" player="oreiasccp" type="23" sum="40"/>
<action no="4" player="BahTOBUK" type="0" discard="1" dealt="1" sum="0"/>
<action no="5" player="Sp1nX" type="0" discard="1" dealt="1" sum="0"/>
</round>
</game>
<game gamecode="11516724921"><general><startdate>2025-06-17 06:12:50</startdate>
<round>1</round>
<failsafecounter/>
<players><player seat="6" name="oreiasccp" chips="530" dealer="0" win="138" bet="183" muck="1" rebuy="0" addon="0" merge="0" rebuychips="0" reg_code="8385474085"/>
<player seat="10" name="BahTOBUK" chips="490" dealer="1" win="0" bet="64" muck="1" rebuy="0" addon="0" merge="0" rebuychips="0" reg_code="8385474094"/>
<player seat="3" name="Sp1nX" chips="480" dealer="0" win="0" bet="10" muck="1" rebuy="0" addon="0" merge="0" rebuychips="0" reg_code="8385474048"/>
</players>
</general>
<round no="0"><action no="1" player="Sp1nX" type="1" discard="1" dealt="1" sum="10"/>
<action no="2" player="oreiasccp" type="2" sum="20"/>
</round>
<round no="1"><cards type="Pocket" player="Sp1nX">X X</cards>
<cards type="Pocket" player="BahTOBUK">X X</cards>
<cards type="Pocket" player="oreiasccp">D10 DK</cards>
<action no="3" player="BahTOBUK" type="23" discard="1" dealt="1" sum="40"/>
<action no="4" player="Sp1nX" type="0" discard="1" dealt="1" sum="0"/>
<action no="5" player="oreiasccp" type="3" sum="20"/>
</round>
<round no="2"><cards type="Flop">DJ D3 H7</cards>
<action no="6" player="oreiasccp" type="4" sum="0"/>
<action no="7" player="BahTOBUK" type="5" discard="1" dealt="1" sum="24"/>
<action no="8" player="oreiasccp" type="3" sum="24"/>
</round>
<round no="3"><cards type="Turn">C3</cards>
<action no="9" player="oreiasccp" type="4" sum="0"/>
<action no="10" player="BahTOBUK" type="4" discard="1" dealt="1" sum="0"/>
</round>
<round no="4"><cards type="River">C4</cards>
<action no="11" player="oreiasccp" type="5" sum="119"/>
<action no="12" player="BahTOBUK" type="0" discard="1" dealt="1" sum="0"/>
</round>
</game>
<game gamecode="11516724985"><general><startdate>2025-06-17 06:13:22</startdate>
<round>1</round>
<failsafecounter/>
<players><player seat="10" name="BahTOBUK" chips="426" dealer="0" win="0" bet="20" muck="1" rebuy="0" addon="0" merge="0" rebuychips="0" reg_code="8385474094"/>
<player seat="3" name="Sp1nX" chips="470" dealer="1" win="0" bet="0" muck="1" rebuy="0" addon="0" merge="0" rebuychips="0" reg_code="8385474048"/>
<player seat="6" name="oreiasccp" chips="604" dealer="0" win="40" bet="60" muck="1" rebuy="0" addon="0" merge="0" rebuychips="0" reg_code="8385474085"/>
</players>
</general>
<round no="0"><action no="1" player="oreiasccp" type="1" sum="10"/>
<action no="2" player="BahTOBUK" type="2" discard="1" dealt="1" sum="20"/>
</round>
<round no="1"><cards type="Pocket" player="BahTOBUK">X X</cards>
<cards type="Pocket" player="Sp1nX">X X</cards>
<cards type="Pocket" player="oreiasccp">SA SK</cards>
<action no="3" player="Sp1nX" type="0" discard="1" dealt="1" sum="0"/>
<action no="4" player="oreiasccp" type="23" sum="60"/>
<action no="5" player="BahTOBUK" type="0" discard="1" dealt="1" sum="0"/>
</round>
</game>
<game gamecode="11516725021"><general><startdate>2025-06-17 06:13:35</startdate>
<round>1</round>
<failsafecounter/>
<players><player seat="3" name="Sp1nX" chips="470" dealer="0" win="0" bet="40" muck="1" rebuy="0" addon="0" merge="0" rebuychips="0" reg_code="8385474048"/>
<player seat="6" name="oreiasccp" chips="624" dealer="1" win="0" bet="40" muck="1" rebuy="0" addon="0" merge="0" rebuychips="0" reg_code="8385474085"/>
<player seat="10" name="BahTOBUK" chips="406" dealer="0" win="120" bet="40" muck="0" rebuy="0" addon="0" merge="0" rebuychips="0" reg_code="8385474094"/>
</players>
</general>
<round no="0"><action no="1" player="BahTOBUK" type="1" discard="1" dealt="1" sum="10"/>
<action no="2" player="Sp1nX" type="2" discard="1" dealt="1" sum="20"/>
</round>
<round no="1"><cards type="Pocket" player="BahTOBUK">CK S10</cards>
<cards type="Pocket" player="oreiasccp">S9 C9</cards>
<cards type="Pocket" player="Sp1nX">D10 CQ</cards>
<action no="3" player="oreiasccp" type="23" sum="40"/>
<action no="4" player="BahTOBUK" type="3" discard="1" dealt="1" sum="30"/>
<action no="5" player="Sp1nX" type="3" discard="1" dealt="1" sum="20"/>
</round>
<round no="2"><cards type="Flop">HQ H3 SK</cards>
<action no="6" player="BahTOBUK" type="4" discard="1" dealt="1" sum="0"/>
<action no="7" player="Sp1nX" type="4" discard="1" dealt="1" sum="0"/>
<action no="8" player="oreiasccp" type="4" sum="0"/>
</round>
<round no="3"><cards type="Turn">HA</cards>
<action no="9" player="BahTOBUK" type="4" discard="1" dealt="1" sum="0"/>
<action no="10" player="Sp1nX" type="4" discard="1" dealt="1" sum="0"/>
<action no="11" player="oreiasccp" type="4" sum="0"/>
</round>
<round no="4"><cards type="River">D3</cards>
<action no="12" player="BahTOBUK" type="4" discard="1" dealt="1" sum="0"/>
<action no="13" player="Sp1nX" type="4" discard="1" dealt="1" sum="0"/>
<action no="14" player="oreiasccp" type="4" sum="0"/>
</round>
</game>
<game gamecode="11516725100"><general><startdate>2025-06-17 06:14:08</startdate>
<round>1</round>
<failsafecounter/>
<players><player seat="6" name="oreiasccp" chips="584" dealer="0" win="0" bet="50" muck="1" rebuy="0" addon="0" merge="0" rebuychips="0" reg_code="8385474085"/>
<player seat="10" name="BahTOBUK" chips="486" dealer="1" win="0" bet="0" muck="1" rebuy="0" addon="0" merge="0" rebuychips="0" reg_code="8385474094"/>
<player seat="3" name="Sp1nX" chips="430" dealer="0" win="100" bet="105" muck="1" rebuy="0" addon="0" merge="0" rebuychips="0" reg_code="8385474048"/>
</players>
</general>
<round no="0"><action no="1" player="Sp1nX" type="1" discard="1" dealt="1" sum="10"/>
<action no="2" player="oreiasccp" type="2" sum="20"/>
</round>
<round no="1"><cards type="Pocket" player="Sp1nX">X X</cards>
<cards type="Pocket" player="oreiasccp">DA S2</cards>
<cards type="Pocket" player="BahTOBUK">X X</cards>
<action no="3" player="BahTOBUK" type="0" discard="1" dealt="1" sum="0"/>
<action no="4" player="Sp1nX" type="23" discard="1" dealt="1" sum="50"/>
<action no="5" player="oreiasccp" type="3" sum="30"/>
</round>
<round no="2"><cards type="Flop">C9 D8 C7</cards>
<action no="6" player="Sp1nX" type="4" discard="1" dealt="1" sum="0"/>
<action no="7" player="oreiasccp" type="4" sum="0"/>
</round>
<round no="3"><cards type="Turn">S3</cards>
<action no="8" player="Sp1nX" type="5" discard="1" dealt="1" sum="55"/>
<action no="9" player="oreiasccp" type="0" sum="0"/>
</round>
</game>
<game gamecode="11516725141"><general><startdate>2025-06-17 06:14:27</startdate>
<round>1</round>
<failsafecounter/>
<players><player seat="10" name="BahTOBUK" chips="486" dealer="0" win="0" bet="20" muck="1" rebuy="0" addon="0" merge="0" rebuychips="0" reg_code="8385474094"/>
<player seat="3" name="Sp1nX" chips="480" dealer="1" win="50" bet="40" muck="1" rebuy="0" addon="0" merge="0" rebuychips="0" reg_code="8385474048"/>
<player seat="6" name="oreiasccp" chips="534" dealer="0" win="0" bet="10" muck="1" rebuy="0" addon="0" merge="0" rebuychips="0" reg_code="8385474085"/>
</players>
</general>
<round no="0"><action no="1" player="oreiasccp" type="1" sum="10"/>
<action no="2" player="BahTOBUK" type="2" discard="1" dealt="1" sum="20"/>
</round>
<round no="1"><cards type="Pocket" player="oreiasccp">H4 DA</cards>
<cards type="Pocket" player="BahTOBUK">X X</cards>
<cards type="Pocket" player="Sp1nX">X X</cards>
<action no="3" player="Sp1nX" type="23" discard="1" dealt="1" sum="40"/>
<action no="4" player="oreiasccp" type="0" sum="0"/>
<action no="5" player="BahTOBUK" type="0" discard="1" dealt="1" sum="0"/>
</round>
</game>
<game gamecode="11516725162"><general><startdate>2025-06-17 06:14:35</startdate>
<round>1</round>
<failsafecounter/>
<players><player seat="3" name="Sp1nX" chips="510" dealer="0" win="0" bet="510" muck="0" rebuy="0" addon="0" merge="0" rebuychips="0" reg_code="8385474048"/>
<player seat="6" name="oreiasccp" chips="524" dealer="1" win="0" bet="40" muck="1" rebuy="0" addon="0" merge="0" rebuychips="0" reg_code="8385474085"/>
<player seat="10" name="BahTOBUK" chips="466" dealer="0" win="972" bet="466" muck="0" rebuy="0" addon="0" merge="0" rebuychips="0" reg_code="8385474094"/>
</players>
</general>
<round no="0"><action no="1" player="BahTOBUK" type="1" discard="1" dealt="1" sum="10"/>
<action no="2" player="Sp1nX" type="2" discard="1" dealt="1" sum="20"/>
</round>
<round no="1"><cards type="Pocket" player="BahTOBUK">S3 C3</cards>
<cards type="Pocket" player="oreiasccp">C5 DA</cards>
<cards type="Pocket" player="Sp1nX">D10 C10</cards>
<action no="3" player="oreiasccp" type="23" sum="40"/>
<action no="4" player="BahTOBUK" type="23" discard="1" dealt="1" sum="466"/>
<action no="5" player="Sp1nX" type="7" discard="1" dealt="1" sum="490"/>
<action no="6" player="oreiasccp" type="0" sum="0"/>
</round>
<round no="2"><cards type="Flop">S10 S6 HA</cards>
</round>
<round no="3"><cards type="Turn">SK</cards>
</round>
<round no="4"><cards type="River">S7</cards>
</round>
</game>
<game gamecode="11516725208"><general><startdate>2025-06-17 06:14:54</startdate>
<round>1</round>
<failsafecounter/>
<players><player seat="6" name="oreiasccp" chips="484" dealer="0" win="93" bet="44" muck="0" rebuy="0" addon="0" merge="0" rebuychips="0" reg_code="8385474085"/>
<player seat="10" name="BahTOBUK" chips="972" dealer="1" win="0" bet="5" muck="1" rebuy="0" addon="0" merge="0" rebuychips="0" reg_code="8385474094"/>
<player seat="3" name="Sp1nX" chips="44" dealer="0" win="0" bet="44" muck="0" rebuy="0" addon="0" merge="0" rebuychips="0" reg_code="8385474048"/>
</players>
</general>
<round no="0"><action no="1" player="Sp1nX" type="15" discard="1" dealt="1" sum="5"/>
<action no="2" player="oreiasccp" type="15" sum="5"/>
<action no="3" player="BahTOBUK" type="15" discard="1" dealt="1" sum="5"/>
<action no="4" player="Sp1nX" type="1" discard="1" dealt="1" sum="15"/>
<action no="5" player="oreiasccp" type="2" sum="30"/>
</round>
<round no="1"><cards type="Pocket" player="oreiasccp">HJ H6</cards>
<cards type="Pocket" player="BahTOBUK">X X</cards>
<cards type="Pocket" player="Sp1nX">H5 C7</cards>
<action no="6" player="BahTOBUK" type="0" discard="1" dealt="1" sum="0"/>
<action no="7" player="Sp1nX" type="7" discard="1" dealt="1" sum="24"/>
<action no="8" player="oreiasccp" type="3" sum="9"/>
</round>
<round no="2"><cards type="Flop">SA S6 SQ</cards>
</round>
<round no="3"><cards type="Turn">CA</cards>
</round>
<round no="4"><cards type="River">D6</cards>
</round>
</game>
<game gamecode="11516725247"><general><startdate>2025-06-17 06:15:11</startdate>
<round>1</round>
<failsafecounter/>
<players><player seat="10" name="BahTOBUK" chips="967" dealer="0" win="70" bet="967" muck="1" rebuy="0" addon="0" merge="0" rebuychips="0" reg_code="8385474094"/>
<player seat="6" name="oreiasccp" chips="533" dealer="1" win="0" bet="35" muck="1" rebuy="0" addon="0" merge="0" rebuychips="0" reg_code="8385474085"/>
</players>
</general>
<round no="0"><action no="1" player="oreiasccp" type="15" sum="5"/>
<action no="2" player="BahTOBUK" type="15" discard="1" dealt="1" sum="5"/>
<action no="3" player="oreiasccp" type="1" sum="15"/>
<action no="4" player="BahTOBUK" type="2" discard="1" dealt="1" sum="30"/>
</round>
<round no="1"><cards type="Pocket" player="BahTOBUK">X X</cards>
<cards type="Pocket" player="oreiasccp">C8 C10</cards>
<action no="5" player="oreiasccp" type="3" sum="15"/>
<action no="6" player="BahTOBUK" type="23" discard="1" dealt="1" sum="962"/>
<action no="7" player="oreiasccp" type="0" sum="0"/>
</round>
</game>
<game gamecode="11516725267"><general><startdate>2025-06-17 06:15:20</startdate>
<round>1</round>
<failsafecounter/>
<players><player seat="6" name="oreiasccp" chips="498" dealer="0" win="0" bet="35" muck="1" rebuy="0" addon="0" merge="0" rebuychips="0" reg_code="8385474085"/>
<player seat="10" name="BahTOBUK" chips="1,002" dealer="1" win="70" bet="65" muck="1" rebuy="0" addon="0" merge="0" rebuychips="0" reg_code="8385474094"/>
</players>
</general>
<round no="0"><action no="1" player="BahTOBUK" type="15" discard="1" dealt="1" sum="5"/>
<action no="2" player="oreiasccp" type="15" sum="5"/>
<action no="3" player="BahTOBUK" type="1" discard="1" dealt="1" sum="15"/>
<action no="4" player="oreiasccp" type="2" sum="30"/>
</round>
<round no="1"><cards type="Pocket" player="oreiasccp">S2 D10</cards>
<cards type="Pocket" player="BahTOBUK">X X</cards>
<action no="5" player="BahTOBUK" type="23" discard="1" dealt="1" sum="60"/>
<action no="6" player="oreiasccp" type="0" sum="0"/>
</round>
</game>
<game gamecode="11516725281"><general><startdate>2025-06-17 06:15:27</startdate>
<round>1</round>
<failsafecounter/>
<players><player seat="10" name="BahTOBUK" chips="1,037" dealer="0" win="174" bet="1,037" muck="1" rebuy="0" addon="0" merge="0" rebuychips="0" reg_code="8385474094"/>
<player seat="6" name="oreiasccp" chips="463" dealer="1" win="0" bet="87" muck="1" rebuy="0" addon="0" merge="0" rebuychips="0" reg_code="8385474085"/>
</players>
</general>
<round no="0"><action no="1" player="oreiasccp" type="15" sum="5"/>
<action no="2" player="BahTOBUK" type="15" discard="1" dealt="1" sum="5"/>
<action no="3" player="oreiasccp" type="1" sum="15"/>
<action no="4" player="BahTOBUK" type="2" discard="1" dealt="1" sum="30"/>
</round>
<round no="1"><cards type="Pocket" player="BahTOBUK">X X</cards>
<cards type="Pocket" player="oreiasccp">D2 SQ</cards>
<action no="5" player="oreiasccp" type="3" sum="15"/>
<action no="6" player="BahTOBUK" type="4" discard="1" dealt="1" sum="0"/>
</round>
<round no="2"><cards type="Flop">H4 H2 D7</cards>
<action no="7" player="BahTOBUK" type="4" discard="1" dealt="1" sum="0"/>
<action no="8" player="oreiasccp" type="4" sum="0"/>
</round>
<round no="3"><cards type="Turn">C4</cards>
<action no="9" player="BahTOBUK" type="5" discard="1" dealt="1" sum="52"/>
<action no="10" player="oreiasccp" type="3" sum="52"/>
</round>
<round no="4"><cards type="River">C10</cards>
<action no="11" player="BahTOBUK" type="5" discard="1" dealt="1" sum="950"/>
<action no="12" player="oreiasccp" type="0" sum="0"/>
</round>
</game>
<game gamecode="11516725332"><general><startdate>2025-06-17 06:15:50</startdate>
<round>1</round>
<failsafecounter/>
<players><player seat="6" name="oreiasccp" chips="376" dealer="0" win="0" bet="35" muck="1" rebuy="0" addon="0" merge="0" rebuychips="0" reg_code="8385474085"/>
<player seat="10" name="BahTOBUK" chips="1,124" dealer="1" win="70" bet="1,124" muck="1" rebuy="0" addon="0" merge="0" rebuychips="0" reg_code="8385474094"/>
</players>
</general>
<round no="0"><action no="1" player="BahTOBUK" type="15" discard="1" dealt="1" sum="5"/>
<action no="2" player="oreiasccp" type="15" sum="5"/>
<action no="3" player="BahTOBUK" type="1" discard="1" dealt="1" sum="15"/>
<action no="4" player="oreiasccp" type="2" sum="30"/>
</round>
<round no="1"><cards type="Pocket" player="oreiasccp">H7 SQ</cards>
<cards type="Pocket" player="BahTOBUK">X X</cards>
<action no="5" player="BahTOBUK" type="23" discard="1" dealt="1" sum="1,119"/>
<action no="6" player="oreiasccp" type="0" sum="0"/>
</round>
</game>
<game gamecode="11516725343"><general><startdate>2025-06-17 06:15:57</startdate>
<round>1</round>
<failsafecounter/>
<players><player seat="10" name="BahTOBUK" chips="1,159" dealer="0" win="0" bet="35" muck="1" rebuy="0" addon="0" merge="0" rebuychips="0" reg_code="8385474094"/>
<player seat="6" name="oreiasccp" chips="341" dealer="1" win="70" bet="65" muck="1" rebuy="0" addon="0" merge="0" rebuychips="0" reg_code="8385474085"/>
</players>
</general>
<round no="0"><action no="1" player="oreiasccp" type="15" sum="5"/>
<action no="2" player="BahTOBUK" type="15" discard="1" dealt="1" sum="5"/>
<action no="3" player="oreiasccp" type="1" sum="15"/>
<action no="4" player="BahTOBUK" type="2" discard="1" dealt="1" sum="30"/>
</round>
<round no="1"><cards type="Pocket" player="BahTOBUK">X X</cards>
<cards type="Pocket" player="oreiasccp">H9 CJ</cards>
<action no="5" player="oreiasccp" type="3" sum="15"/>
<action no="6" player="BahTOBUK" type="4" discard="1" dealt="1" sum="0"/>
</round>
<round no="2"><cards type="Flop">D8 H10 CK</cards>
<action no="7" player="BahTOBUK" type="4" discard="1" dealt="1" sum="0"/>
<action no="8" player="oreiasccp" type="5" sum="30"/>
<action no="9" player="BahTOBUK" type="0" discard="1" dealt="1" sum="0"/>
</round>
</game>
<game gamecode="11516725421"><general><startdate>2025-06-17 06:16:28</startdate>
<round>1</round>
<failsafecounter/>
<players><player seat="6" name="oreiasccp" chips="376" dealer="0" win="0" bet="376" muck="0" rebuy="0" addon="0" merge="0" rebuychips="0" reg_code="8385474085"/>
<player seat="10" name="BahTOBUK" chips="1,124" dealer="1" win="752" bet="376" muck="0" rebuy="0" addon="0" merge="0" rebuychips="0" reg_code="8385474094"/>
</players>
</general>
<round no="0"><action no="1" player="BahTOBUK" type="15" discard="1" dealt="1" sum="5"/>
<action no="2" player="oreiasccp" type="15" sum="5"/>
<action no="3" player="BahTOBUK" type="1" discard="1" dealt="1" sum="15"/>
<action no="4" player="oreiasccp" type="2" sum="30"/>
</round>
<round no="1"><cards type="Pocket" player="oreiasccp">H8 D5</cards>
<cards type="Pocket" player="BahTOBUK">D6 S7</cards>
<action no="5" player="BahTOBUK" type="3" discard="1" dealt="1" sum="15"/>
<action no="6" player="oreiasccp" type="4" sum="0"/>
</round>
<round no="2"><cards type="Flop">D8 S5 S2</cards>
<action no="7" player="oreiasccp" type="4" sum="0"/>
<action no="8" player="BahTOBUK" type="5" discard="1" dealt="1" sum="30"/>
<action no="9" player="oreiasccp" type="23" sum="90"/>
<action no="10" player="BahTOBUK" type="3" discard="1" dealt="1" sum="60"/>
</round>
<round no="3"><cards type="Turn">C4</cards>
<action no="11" player="oreiasccp" type="5" sum="251"/>
<action no="12" player="BahTOBUK" type="3" discard="1" dealt="1" sum="251"/>
</round>
<round no="4"><cards type="River">SQ</cards>
</round>
</game>
</session>
