<?xml version="1.0" encoding="UTF-8"?>
<session sessioncode="8385476518">
<general>
<client_version>24.7.1.16</client_version>
<mode>real</mode>
<gametype>Holdem NL</gametype>
<tablename>Twister €5 SNG, 1127658351</tablename>
<tournamentcode>1127658350</tournamentcode>
<tournamentname>Twister €5 SNG</tournamentname>
<buyin>€0 + €0.35 + €4.65</buyin>
<totalbuyin>€5</totalbuyin>
<rewarddrawn>€10</rewarddrawn>
<tournamentcurrency>EUR</tournamentcurrency>
<currency>EUR</currency>
<nickname>oreiasccp</nickname>
<gamecount>11</gamecount>
<startdate>2025-06-17 06:32:54</startdate>
<place>3</place>
<win>€0</win>
<tablesize>3</tablesize>
</general>
<game gamecode="11516733092"><general><startdate>2025-06-17 06:33:09</startdate>
<round>1</round>
<failsafecounter/>
<players><player seat="6" name="oreiasccp" chips="500" dealer="0" win="0" bet="20" muck="1" rebuy="0" addon="0" merge="0" rebuychips="0" reg_code="8385476518"/>
<player seat="10" name="ALEXMAV25" chips="500" dealer="1" win="50" bet="70" muck="1" rebuy="0" addon="0" merge="0" rebuychips="0" reg_code="8385476588"/>
<player seat="3" name="VolteSempre" chips="500" dealer="0" win="0" bet="10" muck="1" rebuy="0" addon="0" merge="0" rebuychips="0" reg_code="8385476391"/>
</players>
</general>
<round no="0"><action no="1" player="VolteSempre" type="1" discard="1" dealt="1" sum="10"/>
<action no="2" player="oreiasccp" type="2" sum="20"/>
</round>
<round no="1"><cards type="Pocket" player="oreiasccp">SK S2</cards>
<cards type="Pocket" player="ALEXMAV25">X X</cards>
<cards type="Pocket" player="VolteSempre">X X</cards>
<action no="3" player="ALEXMAV25" type="3" discard="1" dealt="1" sum="20"/>
<action no="4" player="VolteSempre" type="0" discard="1" dealt="1" sum="0"/>
<action no="5" player="oreiasccp" type="4" sum="0"/>
</round>
<round no="2"><cards type="Flop">DA CJ C9</cards>
<action no="6" player="oreiasccp" type="4" sum="0"/>
<action no="7" player="ALEXMAV25" type="5" discard="1" dealt="1" sum="50"/>
<action no="8" player="oreiasccp" type="0" sum="0"/>
</round>
</game>
<game gamecode="11516733128"><general><startdate>2025-06-17 06:33:24</startdate>
<round>1</round>
<failsafecounter/>
<players><player seat="10" name="ALEXMAV25" chips="530" dealer="0" win="296" bet="296" muck="1" rebuy="0" addon="0" merge="0" rebuychips="0" reg_code="8385476588"/>
<player seat="3" name="VolteSempre" chips="490" dealer="1" win="0" bet="0" muck="1" rebuy="0" addon="0" merge="0" rebuychips="0" reg_code="8385476391"/>
<player seat="6" name="oreiasccp" chips="480" dealer="0" win="0" bet="148" muck="1" rebuy="0" addon="0" merge="0" rebuychips="0" reg_code="8385476518"/>
</players>
</general>
<round no="0"><action no="1" player="oreiasccp" type="1" sum="10"/>
<action no="2" player="ALEXMAV25" type="2" discard="1" dealt="1" sum="20"/>
</round>
<round no="1"><cards type="Pocket" player="ALEXMAV25">X X</cards>
<cards type="Pocket" player="VolteSempre">X X</cards>
<cards type="Pocket" player="oreiasccp">S10 DQ</cards>
<action no="3" player="VolteSempre" type="0" discard="1" dealt="1" sum="0"/>
<action no="4" player="oreiasccp" type="23" sum="40"/>
<action no="5" player="ALEXMAV25" type="3" discard="1" dealt="1" sum="20"/>
</round>
<round no="2"><cards type="Flop">H3 SK DA</cards>
<action no="6" player="oreiasccp" type="5" sum="20"/>
<action no="7" player="ALEXMAV25" type="3" discard="1" dealt="1" sum="20"/>
</round>
<round no="3"><cards type="Turn">D6</cards>
<action no="8" player="oreiasccp" type="5" sum="88"/>
<action no="9" player="ALEXMAV25" type="3" discard="1" dealt="1" sum="88"/>
</round>
<round no="4"><cards type="River">D8</cards>
<action no="10" player="oreiasccp" type="4" sum="0"/>
<action no="11" player="ALEXMAV25" type="5" discard="1" dealt="1" sum="148"/>
<action no="12" player="oreiasccp" type="0" sum="0"/>
</round>
</game>
<game gamecode="11516733193"><general><startdate>2025-06-17 06:33:57</startdate>
<round>1</round>
<failsafecounter/>
<players><player seat="3" name="VolteSempre" chips="490" dealer="0" win="0" bet="20" muck="1" rebuy="0" addon="0" merge="0" rebuychips="0" reg_code="8385476391"/>
<player seat="6" name="oreiasccp" chips="332" dealer="1" win="0" bet="40" muck="1" rebuy="0" addon="0" merge="0" rebuychips="0" reg_code="8385476518"/>
<player seat="10" name="ALEXMAV25" chips="678" dealer="0" win="100" bet="110" muck="1" rebuy="0" addon="0" merge="0" rebuychips="0" reg_code="8385476588"/>
</players>
</general>
<round no="0"><action no="1" player="ALEXMAV25" type="1" discard="1" dealt="1" sum="10"/>
<action no="2" player="VolteSempre" type="2" discard="1" dealt="1" sum="20"/>
</round>
<round no="1"><cards type="Pocket" player="ALEXMAV25">X X</cards>
<cards type="Pocket" player="oreiasccp">H10 SQ</cards>
<cards type="Pocket" player="VolteSempre">X X</cards>
<action no="3" player="oreiasccp" type="23" sum="40"/>
<action no="4" player="ALEXMAV25" type="3" discard="1" dealt="1" sum="30"/>
<action no="5" player="VolteSempre" type="0" discard="1" dealt="1" sum="0"/>
</round>
<round no="2"><cards type="Flop">C5 CJ D3</cards>
<action no="6" player="ALEXMAV25" type="5" discard="1" dealt="1" sum="70"/>
<action no="7" player="oreiasccp" type="0" sum="0"/>
</round>
</game>
<game gamecode="11516733229"><general><startdate>2025-06-17 06:34:14</startdate>
<round>1</round>
<failsafecounter/>
<players><player seat="6" name="oreiasccp" chips="292" dealer="0" win="0" bet="20" muck="1" rebuy="0" addon="0" merge="0" rebuychips="0" reg_code="8385476518"/>
<player seat="10" name="ALEXMAV25" chips="738" dealer="1" win="50" bet="40" muck="1" rebuy="0" addon="0" merge="0" rebuychips="0" reg_code="8385476588"/>
<player seat="3" name="VolteSempre" chips="470" dealer="0" win="0" bet="10" muck="1" rebuy="0" addon="0" merge="0" rebuychips="0" reg_code="8385476391"/>
</players>
</general>
<round no="0"><action no="1" player="VolteSempre" type="1" discard="1" dealt="1" sum="10"/>
<action no="2" player="oreiasccp" type="2" sum="20"/>
</round>
<round no="1"><cards type="Pocket" player="ALEXMAV25">X X</cards>
<cards type="Pocket" player="VolteSempre">X X</cards>
<cards type="Pocket" player="oreiasccp">D2 S7</cards>
<action no="3" player="ALEXMAV25" type="23" discard="1" dealt="1" sum="40"/>
<action no="4" player="VolteSempre" type="0" discard="1" dealt="1" sum="0"/>
<action no="5" player="oreiasccp" type="0" sum="0"/>
</round>
</game>
<game gamecode="11516733252"><general><startdate>2025-06-17 06:34:24</startdate>
<round>1</round>
<failsafecounter/>
<players><player seat="10" name="ALEXMAV25" chips="768" dealer="0" win="90" bet="60" muck="1" rebuy="0" addon="0" merge="0" rebuychips="0" reg_code="8385476588"/>
<player seat="3" name="VolteSempre" chips="460" dealer="1" win="0" bet="40" muck="1" rebuy="0" addon="0" merge="0" rebuychips="0" reg_code="8385476391"/>
<player seat="6" name="oreiasccp" chips="272" dealer="0" win="0" bet="10" muck="1" rebuy="0" addon="0" merge="0" rebuychips="0" reg_code="8385476518"/>
</players>
</general>
<round no="0"><action no="1" player="oreiasccp" type="1" sum="10"/>
<action no="2" player="ALEXMAV25" type="2" discard="1" dealt="1" sum="20"/>
</round>
<round no="1"><cards type="Pocket" player="ALEXMAV25">X X</cards>
<cards type="Pocket" player="oreiasccp">H4 SJ</cards>
<cards type="Pocket" player="VolteSempre">X X</cards>
<action no="3" player="VolteSempre" type="23" discard="1" dealt="1" sum="40"/>
<action no="4" player="oreiasccp" type="0" sum="0"/>
<action no="5" player="ALEXMAV25" type="3" discard="1" dealt="1" sum="20"/>
</round>
<round no="2"><cards type="Flop">S4 DK D3</cards>
<action no="6" player="ALEXMAV25" type="5" discard="1" dealt="1" sum="20"/>
<action no="7" player="VolteSempre" type="0" discard="1" dealt="1" sum="0"/>
</round>
</game>
<game gamecode="11516733306"><general><startdate>2025-06-17 06:34:47</startdate>
<round>1</round>
<failsafecounter/>
<players><player seat="3" name="VolteSempre" chips="420" dealer="0" win="0" bet="20" muck="1" rebuy="0" addon="0" merge="0" rebuychips="0" reg_code="8385476391"/>
<player seat="6" name="oreiasccp" chips="262" dealer="1" win="0" bet="90" muck="1" rebuy="0" addon="0" merge="0" rebuychips="0" reg_code="8385476518"/>
<player seat="10" name="ALEXMAV25" chips="818" dealer="0" win="200" bet="190" muck="1" rebuy="0" addon="0" merge="0" rebuychips="0" reg_code="8385476588"/>
</players>
</general>
<round no="0"><action no="1" player="ALEXMAV25" type="1" discard="1" dealt="1" sum="10"/>
<action no="2" player="VolteSempre" type="2" discard="1" dealt="1" sum="20"/>
</round>
<round no="1"><cards type="Pocket" player="oreiasccp">SQ D10</cards>
<cards type="Pocket" player="ALEXMAV25">X X</cards>
<cards type="Pocket" player="VolteSempre">X X</cards>
<action no="3" player="oreiasccp" type="23" sum="40"/>
<action no="4" player="ALEXMAV25" type="3" discard="1" dealt="1" sum="30"/>
<action no="5" player="VolteSempre" type="0" discard="1" dealt="1" sum="0"/>
</round>
<round no="2"><cards type="Flop">HK C7 C9</cards>
<action no="6" player="ALEXMAV25" type="5" discard="1" dealt="1" sum="50"/>
<action no="7" player="oreiasccp" type="3" sum="50"/>
</round>
<round no="3"><cards type="Turn">H7</cards>
<action no="8" player="ALEXMAV25" type="5" discard="1" dealt="1" sum="100"/>
<action no="9" player="oreiasccp" type="0" sum="0"/>
</round>
</game>
<game gamecode="11516733351"><general><startdate>2025-06-17 06:35:06</startdate>
<round>1</round>
<failsafecounter/>
<players><player seat="6" name="oreiasccp" chips="172" dealer="0" win="0" bet="45" muck="1" rebuy="0" addon="0" merge="0" rebuychips="0" reg_code="8385476518"/>
<player seat="10" name="ALEXMAV25" chips="928" dealer="1" win="100" bet="115" muck="1" rebuy="0" addon="0" merge="0" rebuychips="0" reg_code="8385476588"/>
<player seat="3" name="VolteSempre" chips="400" dealer="0" win="0" bet="10" muck="1" rebuy="0" addon="0" merge="0" rebuychips="0" reg_code="8385476391"/>
</players>
</general>
<round no="0"><action no="1" player="VolteSempre" type="1" discard="1" dealt="1" sum="10"/>
<action no="2" player="oreiasccp" type="2" sum="20"/>
</round>
<round no="1"><cards type="Pocket" player="oreiasccp">S8 H9</cards>
<cards type="Pocket" player="ALEXMAV25">X X</cards>
<cards type="Pocket" player="VolteSempre">X X</cards>
<action no="3" player="ALEXMAV25" type="3" discard="1" dealt="1" sum="20"/>
<action no="4" player="VolteSempre" type="0" discard="1" dealt="1" sum="0"/>
<action no="5" player="oreiasccp" type="4" sum="0"/>
</round>
<round no="2"><cards type="Flop">D6 C10 HJ</cards>
<action no="6" player="oreiasccp" type="4" sum="0"/>
<action no="7" player="ALEXMAV25" type="5" discard="1" dealt="1" sum="25"/>
<action no="8" player="oreiasccp" type="3" sum="25"/>
</round>
<round no="3"><cards type="Turn">CJ</cards>
<action no="9" player="oreiasccp" type="4" sum="0"/>
<action no="10" player="ALEXMAV25" type="4" discard="1" dealt="1" sum="0"/>
</round>
<round no="4"><cards type="River">H6</cards>
<action no="11" player="oreiasccp" type="4" sum="0"/>
<action no="12" player="ALEXMAV25" type="5" discard="1" dealt="1" sum="70"/>
<action no="13" player="oreiasccp" type="0" sum="0"/>
</round>
</game>
<game gamecode="11516733441"><general><startdate>2025-06-17 06:35:48</startdate>
<round>1</round>
<failsafecounter/>
<players><player seat="10" name="ALEXMAV25" chips="983" dealer="0" win="0" bet="35" muck="1" rebuy="0" addon="0" merge="0" rebuychips="0" reg_code="8385476588"/>
<player seat="3" name="VolteSempre" chips="390" dealer="1" win="90" bet="390" muck="1" rebuy="0" addon="0" merge="0" rebuychips="0" reg_code="8385476391"/>
<player seat="6" name="oreiasccp" chips="127" dealer="0" win="0" bet="20" muck="1" rebuy="0" addon="0" merge="0" rebuychips="0" reg_code="8385476518"/>
</players>
</general>
<round no="0"><action no="1" player="oreiasccp" type="15" sum="5"/>
<action no="2" player="ALEXMAV25" type="15" discard="1" dealt="1" sum="5"/>
<action no="3" player="VolteSempre" type="15" discard="1" dealt="1" sum="5"/>
<action no="4" player="oreiasccp" type="1" sum="15"/>
<action no="5" player="ALEXMAV25" type="2" discard="1" dealt="1" sum="30"/>
</round>
<round no="1"><cards type="Pocket" player="VolteSempre">X X</cards>
<cards type="Pocket" player="ALEXMAV25">X X</cards>
<cards type="Pocket" player="oreiasccp">H10 H6</cards>
<action no="6" player="VolteSempre" type="23" discard="1" dealt="1" sum="385"/>
<action no="7" player="oreiasccp" type="0" sum="0"/>
<action no="8" player="ALEXMAV25" type="0" discard="1" dealt="1" sum="0"/>
</round>
</game>
<game gamecode="11516733474"><general><startdate>2025-06-17 06:36:02</startdate>
<round>1</round>
<failsafecounter/>
<players><player seat="3" name="VolteSempre" chips="445" dealer="0" win="0" bet="35" muck="1" rebuy="0" addon="0" merge="0" rebuychips="0" reg_code="8385476391"/>
<player seat="6" name="oreiasccp" chips="107" dealer="1" win="0" bet="5" muck="1" rebuy="0" addon="0" merge="0" rebuychips="0" reg_code="8385476518"/>
<player seat="10" name="ALEXMAV25" chips="948" dealer="0" win="75" bet="65" muck="1" rebuy="0" addon="0" merge="0" rebuychips="0" reg_code="8385476588"/>
</players>
</general>
<round no="0"><action no="1" player="ALEXMAV25" type="15" discard="1" dealt="1" sum="5"/>
<action no="2" player="VolteSempre" type="15" discard="1" dealt="1" sum="5"/>
<action no="3" player="oreiasccp" type="15" sum="5"/>
<action no="4" player="ALEXMAV25" type="1" discard="1" dealt="1" sum="15"/>
<action no="5" player="VolteSempre" type="2" discard="1" dealt="1" sum="30"/>
</round>
<round no="1"><cards type="Pocket" player="ALEXMAV25">X X</cards>
<cards type="Pocket" player="VolteSempre">X X</cards>
<cards type="Pocket" player="oreiasccp">C4 S3</cards>
<action no="6" player="oreiasccp" type="0" sum="0"/>
<action no="7" player="ALEXMAV25" type="3" discard="1" dealt="1" sum="15"/>
<action no="8" player="VolteSempre" type="4" discard="1" dealt="1" sum="0"/>
</round>
<round no="2"><cards type="Flop">CA H8 H6</cards>
<action no="9" player="ALEXMAV25" type="5" discard="1" dealt="1" sum="30"/>
<action no="10" player="VolteSempre" type="0" discard="1" dealt="1" sum="0"/>
</round>
</game>
<game gamecode="11516733510"><general><startdate>2025-06-17 06:36:17</startdate>
<round>1</round>
<failsafecounter/>
<players><player seat="6" name="oreiasccp" chips="102" dealer="0" win="0" bet="35" muck="1" rebuy="0" addon="0" merge="0" rebuychips="0" reg_code="8385476518"/>
<player seat="10" name="ALEXMAV25" chips="988" dealer="1" win="90" bet="125" muck="1" rebuy="0" addon="0" merge="0" rebuychips="0" reg_code="8385476588"/>
<player seat="3" name="VolteSempre" chips="410" dealer="0" win="0" bet="20" muck="1" rebuy="0" addon="0" merge="0" rebuychips="0" reg_code="8385476391"/>
</players>
</general>
<round no="0"><action no="1" player="VolteSempre" type="15" discard="1" dealt="1" sum="5"/>
<action no="2" player="oreiasccp" type="15" sum="5"/>
<action no="3" player="ALEXMAV25" type="15" discard="1" dealt="1" sum="5"/>
<action no="4" player="VolteSempre" type="1" discard="1" dealt="1" sum="15"/>
<action no="5" player="oreiasccp" type="2" sum="30"/>
</round>
<round no="1"><cards type="Pocket" player="oreiasccp">H10 D2</cards>
<cards type="Pocket" player="VolteSempre">X X</cards>
<cards type="Pocket" player="ALEXMAV25">X X</cards>
<action no="6" player="ALEXMAV25" type="3" discard="1" dealt="1" sum="30"/>
<action no="7" player="VolteSempre" type="0" discard="1" dealt="1" sum="0"/>
<action no="8" player="oreiasccp" type="4" sum="0"/>
</round>
<round no="2"><cards type="Flop">SK H5 SJ</cards>
<action no="9" player="oreiasccp" type="4" sum="0"/>
<action no="10" player="ALEXMAV25" type="5" discard="1" dealt="1" sum="90"/>
<action no="11" player="oreiasccp" type="0" sum="0"/>
</round>
</game>
<game gamecode="11516733548"><general><startdate>2025-06-17 06:36:33</startdate>
<round>1</round>
<failsafecounter/>
<players><player seat="10" name="ALEXMAV25" chips="1,043" dealer="0" win="139" bet="67" muck="0" rebuy="0" addon="0" merge="0" rebuychips="0" reg_code="8385476588"/>
<player seat="3" name="VolteSempre" chips="390" dealer="1" win="0" bet="5" muck="1" rebuy="0" addon="0" merge="0" rebuychips="0" reg_code="8385476391"/>
<player seat="6" name="oreiasccp" chips="67" dealer="0" win="0" bet="67" muck="0" rebuy="0" addon="0" merge="0" rebuychips="0" reg_code="8385476518"/>
</players>
</general>
<round no="0"><action no="1" player="oreiasccp" type="15" sum="5"/>
<action no="2" player="ALEXMAV25" type="15" discard="1" dealt="1" sum="5"/>
<action no="3" player="VolteSempre" type="15" discard="1" dealt="1" sum="5"/>
<action no="4" player="oreiasccp" type="1" sum="15"/>
<action no="5" player="ALEXMAV25" type="2" discard="1" dealt="1" sum="30"/>
</round>
<round no="1"><cards type="Pocket" player="oreiasccp">C7 H10</cards>
<cards type="Pocket" player="VolteSempre">X X</cards>
<cards type="Pocket" player="ALEXMAV25">C6 HQ</cards>
<action no="6" player="VolteSempre" type="0" discard="1" dealt="1" sum="0"/>
<action no="7" player="oreiasccp" type="23" sum="62"/>
<action no="8" player="ALEXMAV25" type="3" discard="1" dealt="1" sum="32"/>
</round>
<round no="2"><cards type="Flop">SQ S4 SA</cards>
</round>
<round no="3"><cards type="Turn">DK</cards>
</round>
<round no="4"><cards type="River">D2</cards>
</round>
</game>
</session>
