<?xml version="1.0" encoding="UTF-8"?>
<session sessioncode="8385514360">
<general>
<client_version>24.7.1.16</client_version>
<mode>real</mode>
<gametype>Holdem NL</gametype>
<tablename>Twister €5 SNG, 1127665554</tablename>
<tournamentcode>1127665553</tournamentcode>
<tournamentname>Twister €5 SNG</tournamentname>
<buyin>€0 + €0.35 + €4.65</buyin>
<totalbuyin>€5</totalbuyin>
<rewarddrawn>€40</rewarddrawn>
<tournamentcurrency>EUR</tournamentcurrency>
<currency>EUR</currency>
<nickname>oreiasccp</nickname>
<gamecount>6</gamecount>
<startdate>2025-06-17 09:56:49</startdate>
<place>3</place>
<win>€0</win>
<tablesize>3</tablesize>
</general>
<game gamecode="11516850086"><general><startdate>2025-06-17 09:57:05</startdate>
<round>1</round>
<failsafecounter/>
<players><player seat="3" name="AnSer1" chips="500" dealer="0" win="0" bet="20" muck="1" rebuy="0" addon="0" merge="0" rebuychips="0" reg_code="8385514353"/>
<player seat="6" name="oreiasccp" chips="500" dealer="1" win="0" bet="0" muck="1" rebuy="0" addon="0" merge="0" rebuychips="0" reg_code="8385514360"/>
<player seat="10" name="Xlabuda" chips="500" dealer="0" win="40" bet="60" muck="1" rebuy="0" addon="0" merge="0" rebuychips="0" reg_code="8385514483"/>
</players>
</general>
<round no="0"><action no="1" player="Xlabuda" type="1" discard="1" dealt="1" sum="10"/>
<action no="2" player="AnSer1" type="2" discard="1" dealt="1" sum="20"/>
</round>
<round no="1"><cards type="Pocket" player="Xlabuda">X X</cards>
<cards type="Pocket" player="oreiasccp">C3 C6</cards>
<cards type="Pocket" player="AnSer1">X X</cards>
<action no="3" player="oreiasccp" type="0" sum="0"/>
<action no="4" player="Xlabuda" type="23" discard="1" dealt="1" sum="60"/>
<action no="5" player="AnSer1" type="0" discard="1" dealt="1" sum="0"/>
</round>
</game>
<game gamecode="11516850130"><general><startdate>2025-06-17 09:57:21</startdate>
<round>1</round>
<failsafecounter/>
<players><player seat="6" name="oreiasccp" chips="500" dealer="0" win="0" bet="100" muck="1" rebuy="0" addon="0" merge="0" rebuychips="0" reg_code="8385514360"/>
<player seat="10" name="Xlabuda" chips="520" dealer="1" win="0" bet="0" muck="1" rebuy="0" addon="0" merge="0" rebuychips="0" reg_code="8385514483"/>
<player seat="3" name="AnSer1" chips="480" dealer="0" win="200" bet="100" muck="0" rebuy="0" addon="0" merge="0" rebuychips="0" reg_code="8385514353"/>
</players>
</general>
<round no="0"><action no="1" player="AnSer1" type="1" discard="1" dealt="1" sum="10"/>
<action no="2" player="oreiasccp" type="2" sum="20"/>
</round>
<round no="1"><cards type="Pocket" player="AnSer1">C4 C2</cards>
<cards type="Pocket" player="Xlabuda">X X</cards>
<cards type="Pocket" player="oreiasccp">SQ HK</cards>
<action no="3" player="Xlabuda" type="0" discard="1" dealt="1" sum="0"/>
<action no="4" player="AnSer1" type="3" discard="1" dealt="1" sum="10"/>
<action no="5" player="oreiasccp" type="23" sum="40"/>
<action no="6" player="AnSer1" type="3" discard="1" dealt="1" sum="20"/>
</round>
<round no="2"><cards type="Flop">D9 C10 S8</cards>
<action no="7" player="AnSer1" type="4" discard="1" dealt="1" sum="0"/>
<action no="8" player="oreiasccp" type="4" sum="0"/>
</round>
<round no="3"><cards type="Turn">C3</cards>
<action no="9" player="AnSer1" type="5" discard="1" dealt="1" sum="60"/>
<action no="10" player="oreiasccp" type="3" sum="60"/>
</round>
<round no="4"><cards type="River">H4</cards>
<action no="11" player="AnSer1" type="4" discard="1" dealt="1" sum="0"/>
<action no="12" player="oreiasccp" type="4" sum="0"/>
</round>
</game>
<game gamecode="11516850241"><general><startdate>2025-06-17 09:57:57</startdate>
<round>1</round>
<failsafecounter/>
<players><player seat="10" name="Xlabuda" chips="520" dealer="0" win="0" bet="20" muck="1" rebuy="0" addon="0" merge="0" rebuychips="0" reg_code="8385514483"/>
<player seat="3" name="AnSer1" chips="580" dealer="1" win="0" bet="0" muck="1" rebuy="0" addon="0" merge="0" rebuychips="0" reg_code="8385514353"/>
<player seat="6" name="oreiasccp" chips="400" dealer="0" win="40" bet="400" muck="1" rebuy="0" addon="0" merge="0" rebuychips="0" reg_code="8385514360"/>
</players>
</general>
<round no="0"><action no="1" player="oreiasccp" type="1" sum="10"/>
<action no="2" player="Xlabuda" type="2" discard="1" dealt="1" sum="20"/>
</round>
<round no="1"><cards type="Pocket" player="Xlabuda">X X</cards>
<cards type="Pocket" player="AnSer1">X X</cards>
<cards type="Pocket" player="oreiasccp">DA H10</cards>
<action no="3" player="AnSer1" type="0" discard="1" dealt="1" sum="0"/>
<action no="4" player="oreiasccp" type="23" sum="400"/>
<action no="5" player="Xlabuda" type="0" discard="1" dealt="1" sum="0"/>
</round>
</game>
<game gamecode="11516850276"><general><startdate>2025-06-17 09:58:08</startdate>
<round>1</round>
<failsafecounter/>
<players><player seat="3" name="AnSer1" chips="580" dealer="0" win="154" bet="133" muck="1" rebuy="0" addon="0" merge="0" rebuychips="0" reg_code="8385514353"/>
<player seat="6" name="oreiasccp" chips="420" dealer="1" win="0" bet="72" muck="1" rebuy="0" addon="0" merge="0" rebuychips="0" reg_code="8385514360"/>
<player seat="10" name="Xlabuda" chips="500" dealer="0" win="0" bet="10" muck="1" rebuy="0" addon="0" merge="0" rebuychips="0" reg_code="8385514483"/>
</players>
</general>
<round no="0"><action no="1" player="Xlabuda" type="1" discard="1" dealt="1" sum="10"/>
<action no="2" player="AnSer1" type="2" discard="1" dealt="1" sum="20"/>
</round>
<round no="1"><cards type="Pocket" player="AnSer1">X X</cards>
<cards type="Pocket" player="oreiasccp">S10 C9</cards>
<cards type="Pocket" player="Xlabuda">X X</cards>
<action no="3" player="oreiasccp" type="23" sum="40"/>
<action no="4" player="Xlabuda" type="0" discard="1" dealt="1" sum="0"/>
<action no="5" player="AnSer1" type="3" discard="1" dealt="1" sum="20"/>
</round>
<round no="2"><cards type="Flop">S2 H7 D3</cards>
<action no="6" player="AnSer1" type="4" discard="1" dealt="1" sum="0"/>
<action no="7" player="oreiasccp" type="5" sum="32"/>
<action no="8" player="AnSer1" type="3" discard="1" dealt="1" sum="32"/>
</round>
<round no="3"><cards type="Turn">D7</cards>
<action no="9" player="AnSer1" type="5" discard="1" dealt="1" sum="61"/>
<action no="10" player="oreiasccp" type="0" sum="0"/>
</round>
</game>
<game gamecode="11516850436"><general><startdate>2025-06-17 09:58:57</startdate>
<round>1</round>
<failsafecounter/>
<players><player seat="6" name="oreiasccp" chips="348" dealer="0" win="40" bet="40" muck="0" rebuy="0" addon="0" merge="0" rebuychips="0" reg_code="8385514360"/>
<player seat="10" name="Xlabuda" chips="490" dealer="1" win="0" bet="0" muck="1" rebuy="0" addon="0" merge="0" rebuychips="0" reg_code="8385514483"/>
<player seat="3" name="AnSer1" chips="662" dealer="0" win="40" bet="40" muck="0" rebuy="0" addon="0" merge="0" rebuychips="0" reg_code="8385514353"/>
</players>
</general>
<round no="0"><action no="1" player="AnSer1" type="1" discard="1" dealt="1" sum="10"/>
<action no="2" player="oreiasccp" type="2" sum="20"/>
</round>
<round no="1"><cards type="Pocket" player="AnSer1">H2 H7</cards>
<cards type="Pocket" player="Xlabuda">X X</cards>
<cards type="Pocket" player="oreiasccp">D2 D7</cards>
<action no="3" player="Xlabuda" type="0" discard="1" dealt="1" sum="0"/>
<action no="4" player="AnSer1" type="3" discard="1" dealt="1" sum="10"/>
<action no="5" player="oreiasccp" type="4" sum="0"/>
</round>
<round no="2"><cards type="Flop">SQ HJ S10</cards>
<action no="6" player="AnSer1" type="4" discard="1" dealt="1" sum="0"/>
<action no="7" player="oreiasccp" type="4" sum="0"/>
</round>
<round no="3"><cards type="Turn">H5</cards>
<action no="8" player="AnSer1" type="4" discard="1" dealt="1" sum="0"/>
<action no="9" player="oreiasccp" type="5" sum="20"/>
<action no="10" player="AnSer1" type="3" discard="1" dealt="1" sum="20"/>
</round>
<round no="4"><cards type="River">C4</cards>
<action no="11" player="AnSer1" type="4" discard="1" dealt="1" sum="0"/>
<action no="12" player="oreiasccp" type="4" sum="0"/>
</round>
</game>
<game gamecode="11516850583"><general><startdate>2025-06-17 09:59:39</startdate>
<round>1</round>
<failsafecounter/>
<players><player seat="10" name="Xlabuda" chips="490" dealer="0" win="701" bet="348" muck="0" rebuy="0" addon="0" merge="0" rebuychips="0" reg_code="8385514483"/>
<player seat="3" name="AnSer1" chips="662" dealer="1" win="0" bet="5" muck="1" rebuy="0" addon="0" merge="0" rebuychips="0" reg_code="8385514353"/>
<player seat="6" name="oreiasccp" chips="348" dealer="0" win="0" bet="348" muck="0" rebuy="0" addon="0" merge="0" rebuychips="0" reg_code="8385514360"/>
</players>
</general>
<round no="0"><action no="1" player="oreiasccp" type="15" sum="5"/>
<action no="2" player="Xlabuda" type="15" discard="1" dealt="1" sum="5"/>
<action no="3" player="AnSer1" type="15" discard="1" dealt="1" sum="5"/>
<action no="4" player="oreiasccp" type="1" sum="15"/>
<action no="5" player="Xlabuda" type="2" discard="1" dealt="1" sum="30"/>
</round>
<round no="1"><cards type="Pocket" player="oreiasccp">H7 SJ</cards>
<cards type="Pocket" player="Xlabuda">C10 H10</cards>
<cards type="Pocket" player="AnSer1">X X</cards>
<action no="6" player="AnSer1" type="0" discard="1" dealt="1" sum="0"/>
<action no="7" player="oreiasccp" type="23" sum="343"/>
<action no="8" player="Xlabuda" type="3" discard="1" dealt="1" sum="313"/>
</round>
<round no="2"><cards type="Flop">S8 S2 H4</cards>
</round>
<round no="3"><cards type="Turn">C5</cards>
</round>
<round no="4"><cards type="River">S10</cards>
</round>
</game>
</session>
