<?xml version="1.0" encoding="UTF-8"?>
<session sessioncode="8385476241">
<general>
<client_version>24.7.1.16</client_version>
<mode>real</mode>
<gametype>Holdem NL</gametype>
<tablename>Twister €5 SNG, 1127658285</tablename>
<tournamentcode>1127658284</tournamentcode>
<tournamentname>Twister €5 SNG</tournamentname>
<buyin>€0 + €0.35 + €4.65</buyin>
<totalbuyin>€5</totalbuyin>
<rewarddrawn>€10</rewarddrawn>
<tournamentcurrency>EUR</tournamentcurrency>
<currency>EUR</currency>
<nickname>oreiasccp</nickname>
<gamecount>40</gamecount>
<startdate>2025-06-17 06:30:11</startdate>
<place>1</place>
<win>€10</win>
<tablesize>3</tablesize>
</general>
<game gamecode="11516729514"><general><startdate>2025-06-17 06:30:26</startdate>
<round>1</round>
<failsafecounter/>
<players><player seat="6" name="BenjaModello" chips="500" dealer="0" win="50" bet="20" muck="0" rebuy="0" addon="0" merge="0" rebuychips="0" reg_code="8385476282"/>
<player seat="10" name="doctorglad172" chips="500" dealer="1" win="0" bet="20" muck="1" rebuy="0" addon="0" merge="0" rebuychips="0" reg_code="8385476286"/>
<player seat="3" name="oreiasccp" chips="500" dealer="0" win="0" bet="10" muck="1" rebuy="0" addon="0" merge="0" rebuychips="0" reg_code="8385476241"/>
</players>
</general>
<round no="0"><action no="1" player="oreiasccp" type="1" sum="10"/>
<action no="2" player="BenjaModello" type="2" discard="1" dealt="1" sum="20"/>
</round>
<round no="1"><cards type="Pocket" player="BenjaModello">S7 DJ</cards>
<cards type="Pocket" player="oreiasccp">D10 H4</cards>
<cards type="Pocket" player="doctorglad172">S4 D8</cards>
<action no="3" player="doctorglad172" type="3" discard="1" dealt="1" sum="20"/>
<action no="4" player="oreiasccp" type="0" sum="0"/>
<action no="5" player="BenjaModello" type="4" discard="1" dealt="1" sum="0"/>
</round>
<round no="2"><cards type="Flop">CK C9 C3</cards>
<action no="6" player="BenjaModello" type="4" discard="1" dealt="1" sum="0"/>
<action no="7" player="doctorglad172" type="4" discard="1" dealt="1" sum="0"/>
</round>
<round no="3"><cards type="Turn">SQ</cards>
<action no="8" player="BenjaModello" type="4" discard="1" dealt="1" sum="0"/>
<action no="9" player="doctorglad172" type="4" discard="1" dealt="1" sum="0"/>
</round>
<round no="4"><cards type="River">S6</cards>
<action no="10" player="BenjaModello" type="4" discard="1" dealt="1" sum="0"/>
<action no="11" player="doctorglad172" type="4" discard="1" dealt="1" sum="0"/>
</round>
</game>
<game gamecode="11516729578"><general><startdate>2025-06-17 06:30:51</startdate>
<round>1</round>
<failsafecounter/>
<players><player seat="10" name="doctorglad172" chips="480" dealer="0" win="80" bet="80" muck="1" rebuy="0" addon="0" merge="0" rebuychips="0" reg_code="8385476286"/>
<player seat="3" name="oreiasccp" chips="490" dealer="1" win="0" bet="0" muck="1" rebuy="0" addon="0" merge="0" rebuychips="0" reg_code="8385476241"/>
<player seat="6" name="BenjaModello" chips="530" dealer="0" win="0" bet="40" muck="1" rebuy="0" addon="0" merge="0" rebuychips="0" reg_code="8385476282"/>
</players>
</general>
<round no="0"><action no="1" player="BenjaModello" type="1" discard="1" dealt="1" sum="10"/>
<action no="2" player="doctorglad172" type="2" discard="1" dealt="1" sum="20"/>
</round>
<round no="1"><cards type="Pocket" player="oreiasccp">C5 D4</cards>
<cards type="Pocket" player="doctorglad172">X X</cards>
<cards type="Pocket" player="BenjaModello">X X</cards>
<action no="3" player="oreiasccp" type="0" sum="0"/>
<action no="4" player="BenjaModello" type="3" discard="1" dealt="1" sum="10"/>
<action no="5" player="doctorglad172" type="23" discard="1" dealt="1" sum="40"/>
<action no="6" player="BenjaModello" type="3" discard="1" dealt="1" sum="20"/>
</round>
<round no="2"><cards type="Flop">SA C9 S6</cards>
<action no="7" player="BenjaModello" type="4" discard="1" dealt="1" sum="0"/>
<action no="8" player="doctorglad172" type="5" discard="1" dealt="1" sum="40"/>
<action no="9" player="BenjaModello" type="0" discard="1" dealt="1" sum="0"/>
</round>
</game>
<game gamecode="11516729631"><general><startdate>2025-06-17 06:31:15</startdate>
<round>1</round>
<failsafecounter/>
<players><player seat="3" name="oreiasccp" chips="490" dealer="0" win="0" bet="20" muck="1" rebuy="0" addon="0" merge="0" rebuychips="0" reg_code="8385476241"/>
<player seat="6" name="BenjaModello" chips="490" dealer="1" win="0" bet="0" muck="1" rebuy="0" addon="0" merge="0" rebuychips="0" reg_code="8385476282"/>
<player seat="10" name="doctorglad172" chips="520" dealer="0" win="40" bet="40" muck="1" rebuy="0" addon="0" merge="0" rebuychips="0" reg_code="8385476286"/>
</players>
</general>
<round no="0"><action no="1" player="doctorglad172" type="1" discard="1" dealt="1" sum="10"/>
<action no="2" player="oreiasccp" type="2" sum="20"/>
</round>
<round no="1"><cards type="Pocket" player="oreiasccp">S10 C2</cards>
<cards type="Pocket" player="BenjaModello">X X</cards>
<cards type="Pocket" player="doctorglad172">X X</cards>
<action no="3" player="BenjaModello" type="0" discard="1" dealt="1" sum="0"/>
<action no="4" player="doctorglad172" type="3" discard="1" dealt="1" sum="10"/>
<action no="5" player="oreiasccp" type="4" sum="0"/>
</round>
<round no="2"><cards type="Flop">C3 D7 CJ</cards>
<action no="6" player="doctorglad172" type="5" discard="1" dealt="1" sum="20"/>
<action no="7" player="oreiasccp" type="0" sum="0"/>
</round>
</game>
<game gamecode="11516729684"><general><startdate>2025-06-17 06:31:37</startdate>
<round>1</round>
<failsafecounter/>
<players><player seat="6" name="BenjaModello" chips="490" dealer="0" win="0" bet="20" muck="1" rebuy="0" addon="0" merge="0" rebuychips="0" reg_code="8385476282"/>
<player seat="10" name="doctorglad172" chips="540" dealer="1" win="50" bet="40" muck="1" rebuy="0" addon="0" merge="0" rebuychips="0" reg_code="8385476286"/>
<player seat="3" name="oreiasccp" chips="470" dealer="0" win="0" bet="10" muck="1" rebuy="0" addon="0" merge="0" rebuychips="0" reg_code="8385476241"/>
</players>
</general>
<round no="0"><action no="1" player="oreiasccp" type="1" sum="10"/>
<action no="2" player="BenjaModello" type="2" discard="1" dealt="1" sum="20"/>
</round>
<round no="1"><cards type="Pocket" player="doctorglad172">X X</cards>
<cards type="Pocket" player="BenjaModello">X X</cards>
<cards type="Pocket" player="oreiasccp">D2 SK</cards>
<action no="3" player="doctorglad172" type="23" discard="1" dealt="1" sum="40"/>
<action no="4" player="oreiasccp" type="0" sum="0"/>
<action no="5" player="BenjaModello" type="0" discard="1" dealt="1" sum="0"/>
</round>
</game>
<game gamecode="11516729708"><general><startdate>2025-06-17 06:31:48</startdate>
<round>1</round>
<failsafecounter/>
<players><player seat="10" name="doctorglad172" chips="570" dealer="0" win="0" bet="83" muck="1" rebuy="0" addon="0" merge="0" rebuychips="0" reg_code="8385476286"/>
<player seat="3" name="oreiasccp" chips="460" dealer="1" win="393" bet="155" muck="0" rebuy="0" addon="0" merge="0" rebuychips="0" reg_code="8385476241"/>
<player seat="6" name="BenjaModello" chips="470" dealer="0" win="0" bet="155" muck="1" rebuy="0" addon="0" merge="0" rebuychips="0" reg_code="8385476282"/>
</players>
</general>
<round no="0"><action no="1" player="BenjaModello" type="1" discard="1" dealt="1" sum="10"/>
<action no="2" player="doctorglad172" type="2" discard="1" dealt="1" sum="20"/>
</round>
<round no="1"><cards type="Pocket" player="BenjaModello">DQ CJ</cards>
<cards type="Pocket" player="oreiasccp">SA H8</cards>
<cards type="Pocket" player="doctorglad172">X X</cards>
<action no="3" player="oreiasccp" type="23" sum="40"/>
<action no="4" player="BenjaModello" type="3" discard="1" dealt="1" sum="30"/>
<action no="5" player="doctorglad172" type="3" discard="1" dealt="1" sum="20"/>
</round>
<round no="2"><cards type="Flop">SJ C10 DA</cards>
<action no="6" player="BenjaModello" type="4" discard="1" dealt="1" sum="0"/>
<action no="7" player="doctorglad172" type="4" discard="1" dealt="1" sum="0"/>
<action no="8" player="oreiasccp" type="5" sum="43"/>
<action no="9" player="BenjaModello" type="3" discard="1" dealt="1" sum="43"/>
<action no="10" player="doctorglad172" type="3" discard="1" dealt="1" sum="43"/>
</round>
<round no="3"><cards type="Turn">H3</cards>
<action no="11" player="BenjaModello" type="4" discard="1" dealt="1" sum="0"/>
<action no="12" player="doctorglad172" type="4" discard="1" dealt="1" sum="0"/>
<action no="13" player="oreiasccp" type="4" sum="0"/>
</round>
<round no="4"><cards type="River">H4</cards>
<action no="14" player="BenjaModello" type="4" discard="1" dealt="1" sum="0"/>
<action no="15" player="doctorglad172" type="4" discard="1" dealt="1" sum="0"/>
<action no="16" player="oreiasccp" type="5" sum="72"/>
<action no="17" player="BenjaModello" type="3" discard="1" dealt="1" sum="72"/>
<action no="18" player="doctorglad172" type="0" discard="1" dealt="1" sum="0"/>
</round>
</game>
<game gamecode="11516733036"><general><startdate>2025-06-17 06:32:41</startdate>
<round>1</round>
<failsafecounter/>
<players><player seat="3" name="oreiasccp" chips="698" dealer="0" win="1,009" bet="487" muck="0" rebuy="0" addon="0" merge="0" rebuychips="0" reg_code="8385476241"/>
<player seat="6" name="BenjaModello" chips="315" dealer="1" win="0" bet="35" muck="1" rebuy="0" addon="0" merge="0" rebuychips="0" reg_code="8385476282"/>
<player seat="10" name="doctorglad172" chips="487" dealer="0" win="0" bet="487" muck="1" rebuy="0" addon="0" merge="0" rebuychips="0" reg_code="8385476286"/>
</players>
</general>
<round no="0"><action no="1" player="doctorglad172" type="15" discard="1" dealt="1" sum="5"/>
<action no="2" player="oreiasccp" type="15" sum="5"/>
<action no="3" player="BenjaModello" type="15" discard="1" dealt="1" sum="5"/>
<action no="4" player="doctorglad172" type="1" discard="1" dealt="1" sum="15"/>
<action no="5" player="oreiasccp" type="2" sum="30"/>
</round>
<round no="1"><cards type="Pocket" player="BenjaModello">X X</cards>
<cards type="Pocket" player="doctorglad172">SQ H10</cards>
<cards type="Pocket" player="oreiasccp">SA CK</cards>
<action no="6" player="BenjaModello" type="3" discard="1" dealt="1" sum="30"/>
<action no="7" player="doctorglad172" type="23" discard="1" dealt="1" sum="60"/>
<action no="8" player="oreiasccp" type="23" sum="482"/>
<action no="9" player="BenjaModello" type="0" discard="1" dealt="1" sum="0"/>
<action no="10" player="doctorglad172" type="7" discard="1" dealt="1" sum="422"/>
</round>
<round no="2"><cards type="Flop">H3 S2 S3</cards>
</round>
<round no="3"><cards type="Turn">SK</cards>
</round>
<round no="4"><cards type="River">DA</cards>
</round>
</game>
<game gamecode="11516733087"><general><startdate>2025-06-17 06:33:07</startdate>
<round>1</round>
<failsafecounter/>
<players><player seat="6" name="BenjaModello" chips="280" dealer="0" win="0" bet="35" muck="1" rebuy="0" addon="0" merge="0" rebuychips="0" reg_code="8385476282"/>
<player seat="3" name="oreiasccp" chips="1,220" dealer="1" win="70" bet="280" muck="1" rebuy="0" addon="0" merge="0" rebuychips="0" reg_code="8385476241"/>
</players>
</general>
<round no="0"><action no="1" player="oreiasccp" type="15" sum="5"/>
<action no="2" player="BenjaModello" type="15" discard="1" dealt="1" sum="5"/>
<action no="3" player="oreiasccp" type="1" sum="15"/>
<action no="4" player="BenjaModello" type="2" discard="1" dealt="1" sum="30"/>
</round>
<round no="1"><cards type="Pocket" player="BenjaModello">X X</cards>
<cards type="Pocket" player="oreiasccp">H5 H6</cards>
<action no="5" player="oreiasccp" type="23" sum="275"/>
<action no="6" player="BenjaModello" type="0" discard="1" dealt="1" sum="0"/>
</round>
</game>
<game gamecode="11516733107"><general><startdate>2025-06-17 06:33:16</startdate>
<round>1</round>
<failsafecounter/>
<players><player seat="3" name="oreiasccp" chips="1,255" dealer="0" win="0" bet="35" muck="1" rebuy="0" addon="0" merge="0" rebuychips="0" reg_code="8385476241"/>
<player seat="6" name="BenjaModello" chips="245" dealer="1" win="70" bet="245" muck="1" rebuy="0" addon="0" merge="0" rebuychips="0" reg_code="8385476282"/>
</players>
</general>
<round no="0"><action no="1" player="BenjaModello" type="15" discard="1" dealt="1" sum="5"/>
<action no="2" player="oreiasccp" type="15" sum="5"/>
<action no="3" player="BenjaModello" type="1" discard="1" dealt="1" sum="15"/>
<action no="4" player="oreiasccp" type="2" sum="30"/>
</round>
<round no="1"><cards type="Pocket" player="BenjaModello">X X</cards>
<cards type="Pocket" player="oreiasccp">S3 H7</cards>
<action no="5" player="BenjaModello" type="23" discard="1" dealt="1" sum="240"/>
<action no="6" player="oreiasccp" type="0" sum="0"/>
</round>
</game>
<game gamecode="11516733132"><general><startdate>2025-06-17 06:33:28</startdate>
<round>1</round>
<failsafecounter/>
<players><player seat="6" name="BenjaModello" chips="280" dealer="0" win="70" bet="280" muck="1" rebuy="0" addon="0" merge="0" rebuychips="0" reg_code="8385476282"/>
<player seat="3" name="oreiasccp" chips="1,220" dealer="1" win="0" bet="35" muck="1" rebuy="0" addon="0" merge="0" rebuychips="0" reg_code="8385476241"/>
</players>
</general>
<round no="0"><action no="1" player="oreiasccp" type="15" sum="5"/>
<action no="2" player="BenjaModello" type="15" discard="1" dealt="1" sum="5"/>
<action no="3" player="oreiasccp" type="1" sum="15"/>
<action no="4" player="BenjaModello" type="2" discard="1" dealt="1" sum="30"/>
</round>
<round no="1"><cards type="Pocket" player="BenjaModello">X X</cards>
<cards type="Pocket" player="oreiasccp">S4 H7</cards>
<action no="5" player="oreiasccp" type="3" sum="15"/>
<action no="6" player="BenjaModello" type="23" discard="1" dealt="1" sum="275"/>
<action no="7" player="oreiasccp" type="0" sum="0"/>
</round>
</game>
<game gamecode="11516733158"><general><startdate>2025-06-17 06:33:40</startdate>
<round>1</round>
<failsafecounter/>
<players><player seat="3" name="oreiasccp" chips="1,185" dealer="0" win="0" bet="35" muck="1" rebuy="0" addon="0" merge="0" rebuychips="0" reg_code="8385476241"/>
<player seat="6" name="BenjaModello" chips="315" dealer="1" win="70" bet="315" muck="1" rebuy="0" addon="0" merge="0" rebuychips="0" reg_code="8385476282"/>
</players>
</general>
<round no="0"><action no="1" player="BenjaModello" type="15" discard="1" dealt="1" sum="5"/>
<action no="2" player="oreiasccp" type="15" sum="5"/>
<action no="3" player="BenjaModello" type="1" discard="1" dealt="1" sum="15"/>
<action no="4" player="oreiasccp" type="2" sum="30"/>
</round>
<round no="1"><cards type="Pocket" player="oreiasccp">HJ S10</cards>
<cards type="Pocket" player="BenjaModello">X X</cards>
<action no="5" player="BenjaModello" type="3" discard="1" dealt="1" sum="15"/>
<action no="6" player="oreiasccp" type="4" sum="0"/>
</round>
<round no="2"><cards type="Flop">DK S3 CK</cards>
<action no="7" player="oreiasccp" type="4" sum="0"/>
<action no="8" player="BenjaModello" type="5" discard="1" dealt="1" sum="280"/>
<action no="9" player="oreiasccp" type="0" sum="0"/>
</round>
</game>
<game gamecode="11516733200"><general><startdate>2025-06-17 06:33:59</startdate>
<round>1</round>
<failsafecounter/>
<players><player seat="6" name="BenjaModello" chips="350" dealer="0" win="70" bet="350" muck="1" rebuy="0" addon="0" merge="0" rebuychips="0" reg_code="8385476282"/>
<player seat="3" name="oreiasccp" chips="1,150" dealer="1" win="0" bet="35" muck="1" rebuy="0" addon="0" merge="0" rebuychips="0" reg_code="8385476241"/>
</players>
</general>
<round no="0"><action no="1" player="oreiasccp" type="15" sum="5"/>
<action no="2" player="BenjaModello" type="15" discard="1" dealt="1" sum="5"/>
<action no="3" player="oreiasccp" type="1" sum="15"/>
<action no="4" player="BenjaModello" type="2" discard="1" dealt="1" sum="30"/>
</round>
<round no="1"><cards type="Pocket" player="BenjaModello">X X</cards>
<cards type="Pocket" player="oreiasccp">C3 CQ</cards>
<action no="5" player="oreiasccp" type="3" sum="15"/>
<action no="6" player="BenjaModello" type="23" discard="1" dealt="1" sum="345"/>
<action no="7" player="oreiasccp" type="0" sum="0"/>
</round>
</game>
<game gamecode="11516733217"><general><startdate>2025-06-17 06:34:10</startdate>
<round>1</round>
<failsafecounter/>
<players><player seat="3" name="oreiasccp" chips="1,115" dealer="0" win="40" bet="35" muck="1" rebuy="0" addon="0" merge="0" rebuychips="0" reg_code="8385476241"/>
<player seat="6" name="BenjaModello" chips="385" dealer="1" win="0" bet="20" muck="1" rebuy="0" addon="0" merge="0" rebuychips="0" reg_code="8385476282"/>
</players>
</general>
<round no="0"><action no="1" player="BenjaModello" type="15" discard="1" dealt="1" sum="5"/>
<action no="2" player="oreiasccp" type="15" sum="5"/>
<action no="3" player="BenjaModello" type="1" discard="1" dealt="1" sum="15"/>
<action no="4" player="oreiasccp" type="2" sum="30"/>
</round>
<round no="1"><cards type="Pocket" player="oreiasccp">SQ S10</cards>
<cards type="Pocket" player="BenjaModello">X X</cards>
<action no="5" player="BenjaModello" type="0" discard="1" dealt="1" sum="0"/>
</round>
</game>
<game gamecode="11516733239"><general><startdate>2025-06-17 06:34:17</startdate>
<round>1</round>
<failsafecounter/>
<players><player seat="6" name="BenjaModello" chips="365" dealer="0" win="0" bet="35" muck="1" rebuy="0" addon="0" merge="0" rebuychips="0" reg_code="8385476282"/>
<player seat="3" name="oreiasccp" chips="1,135" dealer="1" win="70" bet="365" muck="1" rebuy="0" addon="0" merge="0" rebuychips="0" reg_code="8385476241"/>
</players>
</general>
<round no="0"><action no="1" player="oreiasccp" type="15" sum="5"/>
<action no="2" player="BenjaModello" type="15" discard="1" dealt="1" sum="5"/>
<action no="3" player="oreiasccp" type="1" sum="15"/>
<action no="4" player="BenjaModello" type="2" discard="1" dealt="1" sum="30"/>
</round>
<round no="1"><cards type="Pocket" player="oreiasccp">HK C10</cards>
<cards type="Pocket" player="BenjaModello">X X</cards>
<action no="5" player="oreiasccp" type="23" sum="360"/>
<action no="6" player="BenjaModello" type="0" discard="1" dealt="1" sum="0"/>
</round>
</game>
<game gamecode="11516733258"><general><startdate>2025-06-17 06:34:25</startdate>
<round>1</round>
<failsafecounter/>
<players><player seat="3" name="oreiasccp" chips="1,170" dealer="0" win="50" bet="45" muck="1" rebuy="0" addon="0" merge="0" rebuychips="0" reg_code="8385476241"/>
<player seat="6" name="BenjaModello" chips="330" dealer="1" win="0" bet="25" muck="1" rebuy="0" addon="0" merge="0" rebuychips="0" reg_code="8385476282"/>
</players>
</general>
<round no="0"><action no="1" player="BenjaModello" type="15" discard="1" dealt="1" sum="5"/>
<action no="2" player="oreiasccp" type="15" sum="5"/>
<action no="3" player="BenjaModello" type="1" discard="1" dealt="1" sum="20"/>
<action no="4" player="oreiasccp" type="2" sum="40"/>
</round>
<round no="1"><cards type="Pocket" player="BenjaModello">X X</cards>
<cards type="Pocket" player="oreiasccp">SA DK</cards>
<action no="5" player="BenjaModello" type="0" discard="1" dealt="1" sum="0"/>
</round>
</game>
<game gamecode="11516733279"><general><startdate>2025-06-17 06:34:32</startdate>
<round>1</round>
<failsafecounter/>
<players><player seat="6" name="BenjaModello" chips="305" dealer="0" win="0" bet="45" muck="1" rebuy="0" addon="0" merge="0" rebuychips="0" reg_code="8385476282"/>
<player seat="3" name="oreiasccp" chips="1,195" dealer="1" win="90" bet="85" muck="1" rebuy="0" addon="0" merge="0" rebuychips="0" reg_code="8385476241"/>
</players>
</general>
<round no="0"><action no="1" player="oreiasccp" type="15" sum="5"/>
<action no="2" player="BenjaModello" type="15" discard="1" dealt="1" sum="5"/>
<action no="3" player="oreiasccp" type="1" sum="20"/>
<action no="4" player="BenjaModello" type="2" discard="1" dealt="1" sum="40"/>
</round>
<round no="1"><cards type="Pocket" player="BenjaModello">X X</cards>
<cards type="Pocket" player="oreiasccp">D7 S8</cards>
<action no="5" player="oreiasccp" type="3" sum="20"/>
<action no="6" player="BenjaModello" type="4" discard="1" dealt="1" sum="0"/>
</round>
<round no="2"><cards type="Flop">H8 SA DQ</cards>
<action no="7" player="BenjaModello" type="4" discard="1" dealt="1" sum="0"/>
<action no="8" player="oreiasccp" type="5" sum="40"/>
<action no="9" player="BenjaModello" type="0" discard="1" dealt="1" sum="0"/>
</round>
</game>
<game gamecode="11516733316"><general><startdate>2025-06-17 06:34:50</startdate>
<round>1</round>
<failsafecounter/>
<players><player seat="3" name="oreiasccp" chips="1,240" dealer="0" win="0" bet="260" muck="1" rebuy="0" addon="0" merge="0" rebuychips="0" reg_code="8385476241"/>
<player seat="6" name="BenjaModello" chips="260" dealer="1" win="520" bet="260" muck="0" rebuy="0" addon="0" merge="0" rebuychips="0" reg_code="8385476282"/>
</players>
</general>
<round no="0"><action no="1" player="BenjaModello" type="15" discard="1" dealt="1" sum="5"/>
<action no="2" player="oreiasccp" type="15" sum="5"/>
<action no="3" player="BenjaModello" type="1" discard="1" dealt="1" sum="20"/>
<action no="4" player="oreiasccp" type="2" sum="40"/>
</round>
<round no="1"><cards type="Pocket" player="BenjaModello">H7 HQ</cards>
<cards type="Pocket" player="oreiasccp">C6 CA</cards>
<action no="5" player="BenjaModello" type="23" discard="1" dealt="1" sum="255"/>
<action no="6" player="oreiasccp" type="3" sum="215"/>
</round>
<round no="2"><cards type="Flop">C7 H5 H10</cards>
</round>
<round no="3"><cards type="Turn">DJ</cards>
</round>
<round no="4"><cards type="River">H3</cards>
</round>
</game>
<game gamecode="11516733356"><general><startdate>2025-06-17 06:35:07</startdate>
<round>1</round>
<failsafecounter/>
<players><player seat="6" name="BenjaModello" chips="520" dealer="0" win="0" bet="45" muck="1" rebuy="0" addon="0" merge="0" rebuychips="0" reg_code="8385476282"/>
<player seat="3" name="oreiasccp" chips="980" dealer="1" win="90" bet="85" muck="1" rebuy="0" addon="0" merge="0" rebuychips="0" reg_code="8385476241"/>
</players>
</general>
<round no="0"><action no="1" player="oreiasccp" type="15" sum="5"/>
<action no="2" player="BenjaModello" type="15" discard="1" dealt="1" sum="5"/>
<action no="3" player="oreiasccp" type="1" sum="20"/>
<action no="4" player="BenjaModello" type="2" discard="1" dealt="1" sum="40"/>
</round>
<round no="1"><cards type="Pocket" player="oreiasccp">DJ CJ</cards>
<cards type="Pocket" player="BenjaModello">X X</cards>
<action no="5" player="oreiasccp" type="3" sum="20"/>
<action no="6" player="BenjaModello" type="4" discard="1" dealt="1" sum="0"/>
</round>
<round no="2"><cards type="Flop">C10 D9 SJ</cards>
<action no="7" player="BenjaModello" type="4" discard="1" dealt="1" sum="0"/>
<action no="8" player="oreiasccp" type="5" sum="40"/>
<action no="9" player="BenjaModello" type="0" discard="1" dealt="1" sum="0"/>
</round>
</game>
<game gamecode="11516733385"><general><startdate>2025-06-17 06:35:21</startdate>
<round>1</round>
<failsafecounter/>
<players><player seat="3" name="oreiasccp" chips="1,025" dealer="0" win="0" bet="45" muck="1" rebuy="0" addon="0" merge="0" rebuychips="0" reg_code="8385476241"/>
<player seat="6" name="BenjaModello" chips="475" dealer="1" win="90" bet="135" muck="1" rebuy="0" addon="0" merge="0" rebuychips="0" reg_code="8385476282"/>
</players>
</general>
<round no="0"><action no="1" player="BenjaModello" type="15" discard="1" dealt="1" sum="5"/>
<action no="2" player="oreiasccp" type="15" sum="5"/>
<action no="3" player="BenjaModello" type="1" discard="1" dealt="1" sum="20"/>
<action no="4" player="oreiasccp" type="2" sum="40"/>
</round>
<round no="1"><cards type="Pocket" player="BenjaModello">X X</cards>
<cards type="Pocket" player="oreiasccp">S7 SK</cards>
<action no="5" player="BenjaModello" type="3" discard="1" dealt="1" sum="20"/>
<action no="6" player="oreiasccp" type="4" sum="0"/>
</round>
<round no="2"><cards type="Flop">C8 SA C4</cards>
<action no="7" player="oreiasccp" type="4" sum="0"/>
<action no="8" player="BenjaModello" type="5" discard="1" dealt="1" sum="90"/>
<action no="9" player="oreiasccp" type="0" sum="0"/>
</round>
</game>
<game gamecode="11516733430"><general><startdate>2025-06-17 06:35:43</startdate>
<round>1</round>
<failsafecounter/>
<players><player seat="6" name="BenjaModello" chips="520" dealer="0" win="50" bet="45" muck="1" rebuy="0" addon="0" merge="0" rebuychips="0" reg_code="8385476282"/>
<player seat="3" name="oreiasccp" chips="980" dealer="1" win="0" bet="25" muck="1" rebuy="0" addon="0" merge="0" rebuychips="0" reg_code="8385476241"/>
</players>
</general>
<round no="0"><action no="1" player="oreiasccp" type="15" sum="5"/>
<action no="2" player="BenjaModello" type="15" discard="1" dealt="1" sum="5"/>
<action no="3" player="oreiasccp" type="1" sum="20"/>
<action no="4" player="BenjaModello" type="2" discard="1" dealt="1" sum="40"/>
</round>
<round no="1"><cards type="Pocket" player="BenjaModello">X X</cards>
<cards type="Pocket" player="oreiasccp">D8 H2</cards>
<action no="5" player="oreiasccp" type="0" sum="0"/>
</round>
</game>
<game gamecode="11516733446"><general><startdate>2025-06-17 06:35:49</startdate>
<round>1</round>
<failsafecounter/>
<players><player seat="3" name="oreiasccp" chips="955" dealer="0" win="0" bet="545" muck="0" rebuy="0" addon="0" merge="0" rebuychips="0" reg_code="8385476241"/>
<player seat="6" name="BenjaModello" chips="545" dealer="1" win="1,090" bet="545" muck="0" rebuy="0" addon="0" merge="0" rebuychips="0" reg_code="8385476282"/>
</players>
</general>
<round no="0"><action no="1" player="BenjaModello" type="15" discard="1" dealt="1" sum="5"/>
<action no="2" player="oreiasccp" type="15" sum="5"/>
<action no="3" player="BenjaModello" type="1" discard="1" dealt="1" sum="20"/>
<action no="4" player="oreiasccp" type="2" sum="40"/>
</round>
<round no="1"><cards type="Pocket" player="oreiasccp">C5 D9</cards>
<cards type="Pocket" player="BenjaModello">CQ HJ</cards>
<action no="5" player="BenjaModello" type="3" discard="1" dealt="1" sum="20"/>
<action no="6" player="oreiasccp" type="23" sum="160"/>
<action no="7" player="BenjaModello" type="3" discard="1" dealt="1" sum="120"/>
</round>
<round no="2"><cards type="Flop">DJ H7 H9</cards>
<action no="8" player="oreiasccp" type="5" sum="380"/>
<action no="9" player="BenjaModello" type="7" discard="1" dealt="1" sum="380"/>
</round>
<round no="3"><cards type="Turn">S6</cards>
</round>
<round no="4"><cards type="River">S4</cards>
</round>
</game>
<game gamecode="11516733501"><general><startdate>2025-06-17 06:36:14</startdate>
<round>1</round>
<failsafecounter/>
<players><player seat="6" name="BenjaModello" chips="1,090" dealer="0" win="0" bet="410" muck="1" rebuy="0" addon="0" merge="0" rebuychips="0" reg_code="8385476282"/>
<player seat="3" name="oreiasccp" chips="410" dealer="1" win="820" bet="410" muck="0" rebuy="0" addon="0" merge="0" rebuychips="0" reg_code="8385476241"/>
</players>
</general>
<round no="0"><action no="1" player="oreiasccp" type="15" sum="5"/>
<action no="2" player="BenjaModello" type="15" discard="1" dealt="1" sum="5"/>
<action no="3" player="oreiasccp" type="1" sum="20"/>
<action no="4" player="BenjaModello" type="2" discard="1" dealt="1" sum="40"/>
</round>
<round no="1"><cards type="Pocket" player="BenjaModello">DQ D10</cards>
<cards type="Pocket" player="oreiasccp">CK C8</cards>
<action no="5" player="oreiasccp" type="23" sum="405"/>
<action no="6" player="BenjaModello" type="3" discard="1" dealt="1" sum="365"/>
</round>
<round no="2"><cards type="Flop">H2 SK D6</cards>
</round>
<round no="3"><cards type="Turn">H4</cards>
</round>
<round no="4"><cards type="River">HQ</cards>
</round>
</game>
<game gamecode="11516733547"><general><startdate>2025-06-17 06:36:32</startdate>
<round>1</round>
<failsafecounter/>
<players><player seat="3" name="oreiasccp" chips="820" dealer="0" win="0" bet="65" muck="1" rebuy="0" addon="0" merge="0" rebuychips="0" reg_code="8385476241"/>
<player seat="6" name="BenjaModello" chips="680" dealer="1" win="130" bet="195" muck="1" rebuy="0" addon="0" merge="0" rebuychips="0" reg_code="8385476282"/>
</players>
</general>
<round no="0"><action no="1" player="BenjaModello" type="15" discard="1" dealt="1" sum="5"/>
<action no="2" player="oreiasccp" type="15" sum="5"/>
<action no="3" player="BenjaModello" type="1" discard="1" dealt="1" sum="30"/>
<action no="4" player="oreiasccp" type="2" sum="60"/>
</round>
<round no="1"><cards type="Pocket" player="BenjaModello">X X</cards>
<cards type="Pocket" player="oreiasccp">C3 S5</cards>
<action no="5" player="BenjaModello" type="3" discard="1" dealt="1" sum="30"/>
<action no="6" player="oreiasccp" type="4" sum="0"/>
</round>
<round no="2"><cards type="Flop">SA S10 DJ</cards>
<action no="7" player="oreiasccp" type="4" sum="0"/>
<action no="8" player="BenjaModello" type="5" discard="1" dealt="1" sum="130"/>
<action no="9" player="oreiasccp" type="0" sum="0"/>
</round>
</game>
<game gamecode="11516733576"><general><startdate>2025-06-17 06:36:49</startdate>
<round>1</round>
<failsafecounter/>
<players><player seat="6" name="BenjaModello" chips="745" dealer="0" win="130" bet="195" muck="1" rebuy="0" addon="0" merge="0" rebuychips="0" reg_code="8385476282"/>
<player seat="3" name="oreiasccp" chips="755" dealer="1" win="0" bet="65" muck="1" rebuy="0" addon="0" merge="0" rebuychips="0" reg_code="8385476241"/>
</players>
</general>
<round no="0"><action no="1" player="oreiasccp" type="15" sum="5"/>
<action no="2" player="BenjaModello" type="15" discard="1" dealt="1" sum="5"/>
<action no="3" player="oreiasccp" type="1" sum="30"/>
<action no="4" player="BenjaModello" type="2" discard="1" dealt="1" sum="60"/>
</round>
<round no="1"><cards type="Pocket" player="oreiasccp">CJ S8</cards>
<cards type="Pocket" player="BenjaModello">X X</cards>
<action no="5" player="oreiasccp" type="3" sum="30"/>
<action no="6" player="BenjaModello" type="4" discard="1" dealt="1" sum="0"/>
</round>
<round no="2"><cards type="Flop">DA D7 SK</cards>
<action no="7" player="BenjaModello" type="5" discard="1" dealt="1" sum="130"/>
<action no="8" player="oreiasccp" type="0" sum="0"/>
</round>
</game>
<game gamecode="11516733612"><general><startdate>2025-06-17 06:37:06</startdate>
<round>1</round>
<failsafecounter/>
<players><player seat="3" name="oreiasccp" chips="690" dealer="0" win="250" bet="125" muck="0" rebuy="0" addon="0" merge="0" rebuychips="0" reg_code="8385476241"/>
<player seat="6" name="BenjaModello" chips="810" dealer="1" win="0" bet="125" muck="1" rebuy="0" addon="0" merge="0" rebuychips="0" reg_code="8385476282"/>
</players>
</general>
<round no="0"><action no="1" player="BenjaModello" type="15" discard="1" dealt="1" sum="5"/>
<action no="2" player="oreiasccp" type="15" sum="5"/>
<action no="3" player="BenjaModello" type="1" discard="1" dealt="1" sum="30"/>
<action no="4" player="oreiasccp" type="2" sum="60"/>
</round>
<round no="1"><cards type="Pocket" player="BenjaModello">H4 SA</cards>
<cards type="Pocket" player="oreiasccp">C6 C2</cards>
<action no="5" player="BenjaModello" type="3" discard="1" dealt="1" sum="30"/>
<action no="6" player="oreiasccp" type="4" sum="0"/>
</round>
<round no="2"><cards type="Flop">S6 D5 C5</cards>
<action no="7" player="oreiasccp" type="4" sum="0"/>
<action no="8" player="BenjaModello" type="4" discard="1" dealt="1" sum="0"/>
</round>
<round no="3"><cards type="Turn">S5</cards>
<action no="9" player="oreiasccp" type="4" sum="0"/>
<action no="10" player="BenjaModello" type="4" discard="1" dealt="1" sum="0"/>
</round>
<round no="4"><cards type="River">S10</cards>
<action no="11" player="oreiasccp" type="5" sum="60"/>
<action no="12" player="BenjaModello" type="3" discard="1" dealt="1" sum="60"/>
</round>
</game>
<game gamecode="11516733675"><general><startdate>2025-06-17 06:37:37</startdate>
<round>1</round>
<failsafecounter/>
<players><player seat="6" name="BenjaModello" chips="685" dealer="0" win="0" bet="65" muck="1" rebuy="0" addon="0" merge="0" rebuychips="0" reg_code="8385476282"/>
<player seat="3" name="oreiasccp" chips="815" dealer="1" win="130" bet="125" muck="1" rebuy="0" addon="0" merge="0" rebuychips="0" reg_code="8385476241"/>
</players>
</general>
<round no="0"><action no="1" player="oreiasccp" type="15" sum="5"/>
<action no="2" player="BenjaModello" type="15" discard="1" dealt="1" sum="5"/>
<action no="3" player="oreiasccp" type="1" sum="30"/>
<action no="4" player="BenjaModello" type="2" discard="1" dealt="1" sum="60"/>
</round>
<round no="1"><cards type="Pocket" player="oreiasccp">H7 H2</cards>
<cards type="Pocket" player="BenjaModello">X X</cards>
<action no="5" player="oreiasccp" type="3" sum="30"/>
<action no="6" player="BenjaModello" type="4" discard="1" dealt="1" sum="0"/>
</round>
<round no="2"><cards type="Flop">C2 C10 S2</cards>
<action no="7" player="BenjaModello" type="4" discard="1" dealt="1" sum="0"/>
<action no="8" player="oreiasccp" type="5" sum="60"/>
<action no="9" player="BenjaModello" type="0" discard="1" dealt="1" sum="0"/>
</round>
</game>
<game gamecode="11516733710"><general><startdate>2025-06-17 06:37:53</startdate>
<round>1</round>
<failsafecounter/>
<players><player seat="3" name="oreiasccp" chips="880" dealer="0" win="0" bet="65" muck="1" rebuy="0" addon="0" merge="0" rebuychips="0" reg_code="8385476241"/>
<player seat="6" name="BenjaModello" chips="620" dealer="1" win="130" bet="620" muck="1" rebuy="0" addon="0" merge="0" rebuychips="0" reg_code="8385476282"/>
</players>
</general>
<round no="0"><action no="1" player="BenjaModello" type="15" discard="1" dealt="1" sum="5"/>
<action no="2" player="oreiasccp" type="15" sum="5"/>
<action no="3" player="BenjaModello" type="1" discard="1" dealt="1" sum="30"/>
<action no="4" player="oreiasccp" type="2" sum="60"/>
</round>
<round no="1"><cards type="Pocket" player="BenjaModello">X X</cards>
<cards type="Pocket" player="oreiasccp">D6 H2</cards>
<action no="5" player="BenjaModello" type="23" discard="1" dealt="1" sum="615"/>
<action no="6" player="oreiasccp" type="0" sum="0"/>
</round>
</game>
<game gamecode="11516733733"><general><startdate>2025-06-17 06:38:03</startdate>
<round>1</round>
<failsafecounter/>
<players><player seat="6" name="BenjaModello" chips="685" dealer="0" win="130" bet="195" muck="1" rebuy="0" addon="0" merge="0" rebuychips="0" reg_code="8385476282"/>
<player seat="3" name="oreiasccp" chips="815" dealer="1" win="0" bet="65" muck="1" rebuy="0" addon="0" merge="0" rebuychips="0" reg_code="8385476241"/>
</players>
</general>
<round no="0"><action no="1" player="oreiasccp" type="15" sum="5"/>
<action no="2" player="BenjaModello" type="15" discard="1" dealt="1" sum="5"/>
<action no="3" player="oreiasccp" type="1" sum="30"/>
<action no="4" player="BenjaModello" type="2" discard="1" dealt="1" sum="60"/>
</round>
<round no="1"><cards type="Pocket" player="oreiasccp">H10 C7</cards>
<cards type="Pocket" player="BenjaModello">X X</cards>
<action no="5" player="oreiasccp" type="3" sum="30"/>
<action no="6" player="BenjaModello" type="4" discard="1" dealt="1" sum="0"/>
</round>
<round no="2"><cards type="Flop">SA C2 S2</cards>
<action no="7" player="BenjaModello" type="5" discard="1" dealt="1" sum="130"/>
<action no="8" player="oreiasccp" type="0" sum="0"/>
</round>
</game>
<game gamecode="11516733758"><general><startdate>2025-06-17 06:38:17</startdate>
<round>1</round>
<failsafecounter/>
<players><player seat="3" name="oreiasccp" chips="750" dealer="0" win="130" bet="177" muck="1" rebuy="0" addon="0" merge="0" rebuychips="0" reg_code="8385476241"/>
<player seat="6" name="BenjaModello" chips="750" dealer="1" win="0" bet="65" muck="1" rebuy="0" addon="0" merge="0" rebuychips="0" reg_code="8385476282"/>
</players>
</general>
<round no="0"><action no="1" player="BenjaModello" type="15" discard="1" dealt="1" sum="5"/>
<action no="2" player="oreiasccp" type="15" sum="5"/>
<action no="3" player="BenjaModello" type="1" discard="1" dealt="1" sum="30"/>
<action no="4" player="oreiasccp" type="2" sum="60"/>
</round>
<round no="1"><cards type="Pocket" player="oreiasccp">D5 H4</cards>
<cards type="Pocket" player="BenjaModello">X X</cards>
<action no="5" player="BenjaModello" type="3" discard="1" dealt="1" sum="30"/>
<action no="6" player="oreiasccp" type="4" sum="0"/>
</round>
<round no="2"><cards type="Flop">D6 S7 H2</cards>
<action no="7" player="oreiasccp" type="4" sum="0"/>
<action no="8" player="BenjaModello" type="4" discard="1" dealt="1" sum="0"/>
</round>
<round no="3"><cards type="Turn">H7</cards>
<action no="9" player="oreiasccp" type="5" sum="112"/>
<action no="10" player="BenjaModello" type="0" discard="1" dealt="1" sum="0"/>
</round>
</game>
<game gamecode="11516733803"><general><startdate>2025-06-17 06:38:39</startdate>
<round>1</round>
<failsafecounter/>
<players><player seat="6" name="BenjaModello" chips="685" dealer="0" win="176" bet="264" muck="1" rebuy="0" addon="0" merge="0" rebuychips="0" reg_code="8385476282"/>
<player seat="3" name="oreiasccp" chips="815" dealer="1" win="0" bet="88" muck="1" rebuy="0" addon="0" merge="0" rebuychips="0" reg_code="8385476241"/>
</players>
</general>
<round no="0"><action no="1" player="oreiasccp" type="15" sum="8"/>
<action no="2" player="BenjaModello" type="15" discard="1" dealt="1" sum="8"/>
<action no="3" player="oreiasccp" type="1" sum="40"/>
<action no="4" player="BenjaModello" type="2" discard="1" dealt="1" sum="80"/>
</round>
<round no="1"><cards type="Pocket" player="oreiasccp">SQ H2</cards>
<cards type="Pocket" player="BenjaModello">X X</cards>
<action no="5" player="oreiasccp" type="3" sum="40"/>
<action no="6" player="BenjaModello" type="4" discard="1" dealt="1" sum="0"/>
</round>
<round no="2"><cards type="Flop">D7 H9 HK</cards>
<action no="7" player="BenjaModello" type="5" discard="1" dealt="1" sum="176"/>
<action no="8" player="oreiasccp" type="0" sum="0"/>
</round>
</game>
<game gamecode="11516733859"><general><startdate>2025-06-17 06:38:58</startdate>
<round>1</round>
<failsafecounter/>
<players><player seat="3" name="oreiasccp" chips="727" dealer="0" win="96" bet="88" muck="1" rebuy="0" addon="0" merge="0" rebuychips="0" reg_code="8385476241"/>
<player seat="6" name="BenjaModello" chips="773" dealer="1" win="0" bet="48" muck="1" rebuy="0" addon="0" merge="0" rebuychips="0" reg_code="8385476282"/>
</players>
</general>
<round no="0"><action no="1" player="BenjaModello" type="15" discard="1" dealt="1" sum="8"/>
<action no="2" player="oreiasccp" type="15" sum="8"/>
<action no="3" player="BenjaModello" type="1" discard="1" dealt="1" sum="40"/>
<action no="4" player="oreiasccp" type="2" sum="80"/>
</round>
<round no="1"><cards type="Pocket" player="BenjaModello">X X</cards>
<cards type="Pocket" player="oreiasccp">D8 S9</cards>
<action no="5" player="BenjaModello" type="0" discard="1" dealt="1" sum="0"/>
</round>
</game>
<game gamecode="11516733873"><general><startdate>2025-06-17 06:39:05</startdate>
<round>1</round>
<failsafecounter/>
<players><player seat="6" name="BenjaModello" chips="725" dealer="0" win="496" bet="248" muck="0" rebuy="0" addon="0" merge="0" rebuychips="0" reg_code="8385476282"/>
<player seat="3" name="oreiasccp" chips="775" dealer="1" win="0" bet="248" muck="1" rebuy="0" addon="0" merge="0" rebuychips="0" reg_code="8385476241"/>
</players>
</general>
<round no="0"><action no="1" player="oreiasccp" type="15" sum="8"/>
<action no="2" player="BenjaModello" type="15" discard="1" dealt="1" sum="8"/>
<action no="3" player="oreiasccp" type="1" sum="40"/>
<action no="4" player="BenjaModello" type="2" discard="1" dealt="1" sum="80"/>
</round>
<round no="1"><cards type="Pocket" player="oreiasccp">C6 SQ</cards>
<cards type="Pocket" player="BenjaModello">CK H2</cards>
<action no="5" player="oreiasccp" type="3" sum="40"/>
<action no="6" player="BenjaModello" type="4" discard="1" dealt="1" sum="0"/>
</round>
<round no="2"><cards type="Flop">S9 D6 C4</cards>
<action no="7" player="BenjaModello" type="4" discard="1" dealt="1" sum="0"/>
<action no="8" player="oreiasccp" type="4" sum="0"/>
</round>
<round no="3"><cards type="Turn">SK</cards>
<action no="9" player="BenjaModello" type="5" discard="1" dealt="1" sum="80"/>
<action no="10" player="oreiasccp" type="3" sum="80"/>
</round>
<round no="4"><cards type="River">S5</cards>
<action no="11" player="BenjaModello" type="5" discard="1" dealt="1" sum="80"/>
<action no="12" player="oreiasccp" type="3" sum="80"/>
</round>
</game>
<game gamecode="11516733938"><general><startdate>2025-06-17 06:39:34</startdate>
<round>1</round>
<failsafecounter/>
<players><player seat="3" name="oreiasccp" chips="527" dealer="0" win="96" bet="88" muck="1" rebuy="0" addon="0" merge="0" rebuychips="0" reg_code="8385476241"/>
<player seat="6" name="BenjaModello" chips="973" dealer="1" win="0" bet="48" muck="1" rebuy="0" addon="0" merge="0" rebuychips="0" reg_code="8385476282"/>
</players>
</general>
<round no="0"><action no="1" player="BenjaModello" type="15" discard="1" dealt="1" sum="8"/>
<action no="2" player="oreiasccp" type="15" sum="8"/>
<action no="3" player="BenjaModello" type="1" discard="1" dealt="1" sum="40"/>
<action no="4" player="oreiasccp" type="2" sum="80"/>
</round>
<round no="1"><cards type="Pocket" player="oreiasccp">DK D10</cards>
<cards type="Pocket" player="BenjaModello">X X</cards>
<action no="5" player="BenjaModello" type="0" discard="1" dealt="1" sum="0"/>
</round>
</game>
<game gamecode="11516733959"><general><startdate>2025-06-17 06:39:40</startdate>
<round>1</round>
<failsafecounter/>
<players><player seat="6" name="BenjaModello" chips="925" dealer="0" win="0" bet="88" muck="1" rebuy="0" addon="0" merge="0" rebuychips="0" reg_code="8385476282"/>
<player seat="3" name="oreiasccp" chips="575" dealer="1" win="176" bet="575" muck="1" rebuy="0" addon="0" merge="0" rebuychips="0" reg_code="8385476241"/>
</players>
</general>
<round no="0"><action no="1" player="oreiasccp" type="15" sum="8"/>
<action no="2" player="BenjaModello" type="15" discard="1" dealt="1" sum="8"/>
<action no="3" player="oreiasccp" type="1" sum="40"/>
<action no="4" player="BenjaModello" type="2" discard="1" dealt="1" sum="80"/>
</round>
<round no="1"><cards type="Pocket" player="oreiasccp">HJ S9</cards>
<cards type="Pocket" player="BenjaModello">X X</cards>
<action no="5" player="oreiasccp" type="23" sum="567"/>
<action no="6" player="BenjaModello" type="0" discard="1" dealt="1" sum="0"/>
</round>
</game>
<game gamecode="11516733977"><general><startdate>2025-06-17 06:39:49</startdate>
<round>1</round>
<failsafecounter/>
<players><player seat="3" name="oreiasccp" chips="663" dealer="0" win="96" bet="88" muck="1" rebuy="0" addon="0" merge="0" rebuychips="0" reg_code="8385476241"/>
<player seat="6" name="BenjaModello" chips="837" dealer="1" win="0" bet="48" muck="1" rebuy="0" addon="0" merge="0" rebuychips="0" reg_code="8385476282"/>
</players>
</general>
<round no="0"><action no="1" player="BenjaModello" type="15" discard="1" dealt="1" sum="8"/>
<action no="2" player="oreiasccp" type="15" sum="8"/>
<action no="3" player="BenjaModello" type="1" discard="1" dealt="1" sum="40"/>
<action no="4" player="oreiasccp" type="2" sum="80"/>
</round>
<round no="1"><cards type="Pocket" player="oreiasccp">D7 SQ</cards>
<cards type="Pocket" player="BenjaModello">X X</cards>
<action no="5" player="BenjaModello" type="0" discard="1" dealt="1" sum="0"/>
</round>
</game>
<game gamecode="11516733994"><general><startdate>2025-06-17 06:39:56</startdate>
<round>1</round>
<failsafecounter/>
<players><player seat="6" name="BenjaModello" chips="789" dealer="0" win="336" bet="248" muck="1" rebuy="0" addon="0" merge="0" rebuychips="0" reg_code="8385476282"/>
<player seat="3" name="oreiasccp" chips="711" dealer="1" win="0" bet="168" muck="1" rebuy="0" addon="0" merge="0" rebuychips="0" reg_code="8385476241"/>
</players>
</general>
<round no="0"><action no="1" player="oreiasccp" type="15" sum="8"/>
<action no="2" player="BenjaModello" type="15" discard="1" dealt="1" sum="8"/>
<action no="3" player="oreiasccp" type="1" sum="40"/>
<action no="4" player="BenjaModello" type="2" discard="1" dealt="1" sum="80"/>
</round>
<round no="1"><cards type="Pocket" player="oreiasccp">D2 D3</cards>
<cards type="Pocket" player="BenjaModello">X X</cards>
<action no="5" player="oreiasccp" type="3" sum="40"/>
<action no="6" player="BenjaModello" type="4" discard="1" dealt="1" sum="0"/>
</round>
<round no="2"><cards type="Flop">S4 H7 C5</cards>
<action no="7" player="BenjaModello" type="5" discard="1" dealt="1" sum="80"/>
<action no="8" player="oreiasccp" type="3" sum="80"/>
</round>
<round no="3"><cards type="Turn">HK</cards>
<action no="9" player="BenjaModello" type="4" discard="1" dealt="1" sum="0"/>
<action no="10" player="oreiasccp" type="4" sum="0"/>
</round>
<round no="4"><cards type="River">SK</cards>
<action no="11" player="BenjaModello" type="5" discard="1" dealt="1" sum="80"/>
<action no="12" player="oreiasccp" type="0" sum="0"/>
</round>
</game>
<game gamecode="11516734052"><general><startdate>2025-06-17 06:40:23</startdate>
<round>1</round>
<failsafecounter/>
<players><player seat="3" name="oreiasccp" chips="543" dealer="0" win="96" bet="88" muck="1" rebuy="0" addon="0" merge="0" rebuychips="0" reg_code="8385476241"/>
<player seat="6" name="BenjaModello" chips="957" dealer="1" win="0" bet="48" muck="1" rebuy="0" addon="0" merge="0" rebuychips="0" reg_code="8385476282"/>
</players>
</general>
<round no="0"><action no="1" player="BenjaModello" type="15" discard="1" dealt="1" sum="8"/>
<action no="2" player="oreiasccp" type="15" sum="8"/>
<action no="3" player="BenjaModello" type="1" discard="1" dealt="1" sum="40"/>
<action no="4" player="oreiasccp" type="2" sum="80"/>
</round>
<round no="1"><cards type="Pocket" player="oreiasccp">H7 DJ</cards>
<cards type="Pocket" player="BenjaModello">X X</cards>
<action no="5" player="BenjaModello" type="0" discard="1" dealt="1" sum="0"/>
</round>
</game>
<game gamecode="11516734074"><general><startdate>2025-06-17 06:40:31</startdate>
<round>1</round>
<failsafecounter/>
<players><player seat="6" name="BenjaModello" chips="909" dealer="0" win="0" bet="591" muck="1" rebuy="0" addon="0" merge="0" rebuychips="0" reg_code="8385476282"/>
<player seat="3" name="oreiasccp" chips="591" dealer="1" win="1,182" bet="591" muck="0" rebuy="0" addon="0" merge="0" rebuychips="0" reg_code="8385476241"/>
</players>
</general>
<round no="0"><action no="1" player="oreiasccp" type="15" sum="10"/>
<action no="2" player="BenjaModello" type="15" discard="1" dealt="1" sum="10"/>
<action no="3" player="oreiasccp" type="1" sum="50"/>
<action no="4" player="BenjaModello" type="2" discard="1" dealt="1" sum="100"/>
</round>
<round no="1"><cards type="Pocket" player="BenjaModello">CQ HJ</cards>
<cards type="Pocket" player="oreiasccp">DJ C6</cards>
<action no="5" player="oreiasccp" type="23" sum="581"/>
<action no="6" player="BenjaModello" type="3" discard="1" dealt="1" sum="481"/>
</round>
<round no="2"><cards type="Flop">DK S8 S6</cards>
</round>
<round no="3"><cards type="Turn">DQ</cards>
</round>
<round no="4"><cards type="River">H6</cards>
</round>
</game>
<game gamecode="11516734146"><general><startdate>2025-06-17 06:40:56</startdate>
<round>1</round>
<failsafecounter/>
<players><player seat="3" name="oreiasccp" chips="1,182" dealer="0" win="0" bet="110" muck="1" rebuy="0" addon="0" merge="0" rebuychips="0" reg_code="8385476241"/>
<player seat="6" name="BenjaModello" chips="318" dealer="1" win="220" bet="318" muck="1" rebuy="0" addon="0" merge="0" rebuychips="0" reg_code="8385476282"/>
</players>
</general>
<round no="0"><action no="1" player="BenjaModello" type="15" discard="1" dealt="1" sum="10"/>
<action no="2" player="oreiasccp" type="15" sum="10"/>
<action no="3" player="BenjaModello" type="1" discard="1" dealt="1" sum="50"/>
<action no="4" player="oreiasccp" type="2" sum="100"/>
</round>
<round no="1"><cards type="Pocket" player="oreiasccp">H9 D4</cards>
<cards type="Pocket" player="BenjaModello">X X</cards>
<action no="5" player="BenjaModello" type="23" discard="1" dealt="1" sum="308"/>
<action no="6" player="oreiasccp" type="0" sum="0"/>
</round>
</game>
<game gamecode="11516734172"><general><startdate>2025-06-17 06:41:05</startdate>
<round>1</round>
<failsafecounter/>
<players><player seat="6" name="BenjaModello" chips="428" dealer="0" win="120" bet="110" muck="1" rebuy="0" addon="0" merge="0" rebuychips="0" reg_code="8385476282"/>
<player seat="3" name="oreiasccp" chips="1,072" dealer="1" win="0" bet="60" muck="1" rebuy="0" addon="0" merge="0" rebuychips="0" reg_code="8385476241"/>
</players>
</general>
<round no="0"><action no="1" player="oreiasccp" type="15" sum="10"/>
<action no="2" player="BenjaModello" type="15" discard="1" dealt="1" sum="10"/>
<action no="3" player="oreiasccp" type="1" sum="50"/>
<action no="4" player="BenjaModello" type="2" discard="1" dealt="1" sum="100"/>
</round>
<round no="1"><cards type="Pocket" player="BenjaModello">X X</cards>
<cards type="Pocket" player="oreiasccp">H4 C3</cards>
<action no="5" player="oreiasccp" type="0" sum="0"/>
</round>
</game>
<game gamecode="11516734187"><general><startdate>2025-06-17 06:41:11</startdate>
<round>1</round>
<failsafecounter/>
<players><player seat="3" name="oreiasccp" chips="1,012" dealer="0" win="976" bet="488" muck="0" rebuy="0" addon="0" merge="0" rebuychips="0" reg_code="8385476241"/>
<player seat="6" name="BenjaModello" chips="488" dealer="1" win="0" bet="488" muck="0" rebuy="0" addon="0" merge="0" rebuychips="0" reg_code="8385476282"/>
</players>
</general>
<round no="0"><action no="1" player="BenjaModello" type="15" discard="1" dealt="1" sum="10"/>
<action no="2" player="oreiasccp" type="15" sum="10"/>
<action no="3" player="BenjaModello" type="1" discard="1" dealt="1" sum="50"/>
<action no="4" player="oreiasccp" type="2" sum="100"/>
</round>
<round no="1"><cards type="Pocket" player="oreiasccp">C6 SK</cards>
<cards type="Pocket" player="BenjaModello">D6 D4</cards>
<action no="5" player="BenjaModello" type="23" discard="1" dealt="1" sum="478"/>
<action no="6" player="oreiasccp" type="3" sum="378"/>
</round>
<round no="2"><cards type="Flop">H2 SQ S5</cards>
</round>
<round no="3"><cards type="Turn">DA</cards>
</round>
<round no="4"><cards type="River">DQ</cards>
</round>
</game>
</session>
