<?xml version="1.0" encoding="UTF-8"?>
<session sessioncode="8385559297">
<general>
<client_version>24.7.1.16</client_version>
<mode>real</mode>
<gametype>Holdem NL</gametype>
<tablename>Twister €5 SNG, 1127672238</tablename>
<tournamentcode>1127672237</tournamentcode>
<tournamentname>Twister €5 SNG</tournamentname>
<buyin>€0 + €0.35 + €4.65</buyin>
<totalbuyin>€5</totalbuyin>
<rewarddrawn>€10</rewarddrawn>
<tournamentcurrency>EUR</tournamentcurrency>
<currency>EUR</currency>
<nickname>oreiasccp</nickname>
<gamecount>25</gamecount>
<startdate>2025-06-17 12:12:37</startdate>
<place>3</place>
<win>€0</win>
<tablesize>3</tablesize>
</general>
<game gamecode="11516971100"><general><startdate>2025-06-17 12:12:53</startdate>
<round>1</round>
<failsafecounter/>
<players><player seat="10" name="oreiasccp" chips="500" dealer="0" win="0" bet="20" muck="1" rebuy="0" addon="0" merge="0" rebuychips="0" reg_code="8385559297"/>
<player seat="3" name="Degreek" chips="500" dealer="1" win="0" bet="60" muck="1" rebuy="0" addon="0" merge="0" rebuychips="0" reg_code="8385559230"/>
<player seat="6" name="Skyder19" chips="500" dealer="0" win="140" bet="106" muck="1" rebuy="0" addon="0" merge="0" rebuychips="0" reg_code="8385559236"/>
</players>
</general>
<round no="0"><action no="1" player="Skyder19" type="1" discard="1" dealt="1" sum="10"/>
<action no="2" player="oreiasccp" type="2" sum="20"/>
</round>
<round no="1"><cards type="Pocket" player="Degreek">X X</cards>
<cards type="Pocket" player="oreiasccp">H7 DQ</cards>
<cards type="Pocket" player="Skyder19">X X</cards>
<action no="3" player="Degreek" type="3" discard="1" dealt="1" sum="20"/>
<action no="4" player="Skyder19" type="23" discard="1" dealt="1" sum="60"/>
<action no="5" player="oreiasccp" type="0" sum="0"/>
<action no="6" player="Degreek" type="3" discard="1" dealt="1" sum="40"/>
</round>
<round no="2"><cards type="Flop">C8 CA D10</cards>
<action no="7" player="Skyder19" type="5" discard="1" dealt="1" sum="46"/>
<action no="8" player="Degreek" type="0" discard="1" dealt="1" sum="0"/>
</round>
</game>
<game gamecode="11516971162"><general><startdate>2025-06-17 12:13:08</startdate>
<round>1</round>
<failsafecounter/>
<players><player seat="3" name="Degreek" chips="440" dealer="0" win="180" bet="175" muck="1" rebuy="0" addon="0" merge="0" rebuychips="0" reg_code="8385559230"/>
<player seat="6" name="Skyder19" chips="580" dealer="1" win="0" bet="85" muck="1" rebuy="0" addon="0" merge="0" rebuychips="0" reg_code="8385559236"/>
<player seat="10" name="oreiasccp" chips="480" dealer="0" win="0" bet="10" muck="1" rebuy="0" addon="0" merge="0" rebuychips="0" reg_code="8385559297"/>
</players>
</general>
<round no="0"><action no="1" player="oreiasccp" type="1" sum="10"/>
<action no="2" player="Degreek" type="2" discard="1" dealt="1" sum="20"/>
</round>
<round no="1"><cards type="Pocket" player="Skyder19">X X</cards>
<cards type="Pocket" player="Degreek">X X</cards>
<cards type="Pocket" player="oreiasccp">C8 H5</cards>
<action no="3" player="Skyder19" type="23" discard="1" dealt="1" sum="40"/>
<action no="4" player="oreiasccp" type="0" sum="0"/>
<action no="5" player="Degreek" type="3" discard="1" dealt="1" sum="20"/>
</round>
<round no="2"><cards type="Flop">SQ HQ D6</cards>
<action no="6" player="Degreek" type="4" discard="1" dealt="1" sum="0"/>
<action no="7" player="Skyder19" type="5" discard="1" dealt="1" sum="45"/>
<action no="8" player="Degreek" type="3" discard="1" dealt="1" sum="45"/>
</round>
<round no="3"><cards type="Turn">C6</cards>
<action no="9" player="Degreek" type="4" discard="1" dealt="1" sum="0"/>
<action no="10" player="Skyder19" type="4" discard="1" dealt="1" sum="0"/>
</round>
<round no="4"><cards type="River">D9</cards>
<action no="11" player="Degreek" type="5" discard="1" dealt="1" sum="90"/>
<action no="12" player="Skyder19" type="0" discard="1" dealt="1" sum="0"/>
</round>
</game>
<game gamecode="11516971272"><general><startdate>2025-06-17 12:13:38</startdate>
<round>1</round>
<failsafecounter/>
<players><player seat="6" name="Skyder19" chips="495" dealer="0" win="300" bet="250" muck="1" rebuy="0" addon="0" merge="0" rebuychips="0" reg_code="8385559236"/>
<player seat="10" name="oreiasccp" chips="470" dealer="1" win="0" bet="100" muck="1" rebuy="0" addon="0" merge="0" rebuychips="0" reg_code="8385559297"/>
<player seat="3" name="Degreek" chips="535" dealer="0" win="0" bet="100" muck="1" rebuy="0" addon="0" merge="0" rebuychips="0" reg_code="8385559230"/>
</players>
</general>
<round no="0"><action no="1" player="Degreek" type="1" discard="1" dealt="1" sum="10"/>
<action no="2" player="Skyder19" type="2" discard="1" dealt="1" sum="20"/>
</round>
<round no="1"><cards type="Pocket" player="Degreek">X X</cards>
<cards type="Pocket" player="Skyder19">X X</cards>
<cards type="Pocket" player="oreiasccp">CQ DA</cards>
<action no="3" player="oreiasccp" type="23" sum="40"/>
<action no="4" player="Degreek" type="3" discard="1" dealt="1" sum="30"/>
<action no="5" player="Skyder19" type="3" discard="1" dealt="1" sum="20"/>
</round>
<round no="2"><cards type="Flop">H10 S5 S8</cards>
<action no="6" player="Degreek" type="4" discard="1" dealt="1" sum="0"/>
<action no="7" player="Skyder19" type="4" discard="1" dealt="1" sum="0"/>
<action no="8" player="oreiasccp" type="4" sum="0"/>
</round>
<round no="3"><cards type="Turn">DJ</cards>
<action no="9" player="Degreek" type="5" discard="1" dealt="1" sum="60"/>
<action no="10" player="Skyder19" type="3" discard="1" dealt="1" sum="60"/>
<action no="11" player="oreiasccp" type="3" sum="60"/>
</round>
<round no="4"><cards type="River">H7</cards>
<action no="12" player="Degreek" type="4" discard="1" dealt="1" sum="0"/>
<action no="13" player="Skyder19" type="5" discard="1" dealt="1" sum="150"/>
<action no="14" player="oreiasccp" type="0" sum="0"/>
<action no="15" player="Degreek" type="0" discard="1" dealt="1" sum="0"/>
</round>
</game>
<game gamecode="11516971439"><general><startdate>2025-06-17 12:14:17</startdate>
<round>1</round>
<failsafecounter/>
<players><player seat="10" name="oreiasccp" chips="370" dealer="0" win="0" bet="50" muck="1" rebuy="0" addon="0" merge="0" rebuychips="0" reg_code="8385559297"/>
<player seat="3" name="Degreek" chips="435" dealer="1" win="0" bet="0" muck="1" rebuy="0" addon="0" merge="0" rebuychips="0" reg_code="8385559230"/>
<player seat="6" name="Skyder19" chips="695" dealer="0" win="100" bet="83" muck="1" rebuy="0" addon="0" merge="0" rebuychips="0" reg_code="8385559236"/>
</players>
</general>
<round no="0"><action no="1" player="Skyder19" type="1" discard="1" dealt="1" sum="10"/>
<action no="2" player="oreiasccp" type="2" sum="20"/>
</round>
<round no="1"><cards type="Pocket" player="oreiasccp">C3 C4</cards>
<cards type="Pocket" player="Degreek">X X</cards>
<cards type="Pocket" player="Skyder19">X X</cards>
<action no="3" player="Degreek" type="0" discard="1" dealt="1" sum="0"/>
<action no="4" player="Skyder19" type="23" discard="1" dealt="1" sum="50"/>
<action no="5" player="oreiasccp" type="3" sum="30"/>
</round>
<round no="2"><cards type="Flop">C10 SK D5</cards>
<action no="6" player="Skyder19" type="5" discard="1" dealt="1" sum="33"/>
<action no="7" player="oreiasccp" type="0" sum="0"/>
</round>
</game>
<game gamecode="11516971513"><general><startdate>2025-06-17 12:14:38</startdate>
<round>1</round>
<failsafecounter/>
<players><player seat="3" name="Degreek" chips="435" dealer="0" win="0" bet="69" muck="1" rebuy="0" addon="0" merge="0" rebuychips="0" reg_code="8385559230"/>
<player seat="6" name="Skyder19" chips="745" dealer="1" win="0" bet="0" muck="1" rebuy="0" addon="0" merge="0" rebuychips="0" reg_code="8385559236"/>
<player seat="10" name="oreiasccp" chips="320" dealer="0" win="138" bet="149" muck="1" rebuy="0" addon="0" merge="0" rebuychips="0" reg_code="8385559297"/>
</players>
</general>
<round no="0"><action no="1" player="oreiasccp" type="1" sum="10"/>
<action no="2" player="Degreek" type="2" discard="1" dealt="1" sum="20"/>
</round>
<round no="1"><cards type="Pocket" player="oreiasccp">HJ D8</cards>
<cards type="Pocket" player="Degreek">X X</cards>
<cards type="Pocket" player="Skyder19">X X</cards>
<action no="3" player="Skyder19" type="0" discard="1" dealt="1" sum="0"/>
<action no="4" player="oreiasccp" type="23" sum="40"/>
<action no="5" player="Degreek" type="3" discard="1" dealt="1" sum="20"/>
</round>
<round no="2"><cards type="Flop">D9 H10 DQ</cards>
<action no="6" player="oreiasccp" type="5" sum="29"/>
<action no="7" player="Degreek" type="3" discard="1" dealt="1" sum="29"/>
</round>
<round no="3"><cards type="Turn">SQ</cards>
<action no="8" player="oreiasccp" type="5" sum="80"/>
<action no="9" player="Degreek" type="0" discard="1" dealt="1" sum="0"/>
</round>
</game>
<game gamecode="11516971608"><general><startdate>2025-06-17 12:15:00</startdate>
<round>1</round>
<failsafecounter/>
<players><player seat="6" name="Skyder19" chips="745" dealer="0" win="0" bet="35" muck="1" rebuy="0" addon="0" merge="0" rebuychips="0" reg_code="8385559236"/>
<player seat="10" name="oreiasccp" chips="389" dealer="1" win="0" bet="5" muck="1" rebuy="0" addon="0" merge="0" rebuychips="0" reg_code="8385559297"/>
<player seat="3" name="Degreek" chips="366" dealer="0" win="75" bet="366" muck="1" rebuy="0" addon="0" merge="0" rebuychips="0" reg_code="8385559230"/>
</players>
</general>
<round no="0"><action no="1" player="Degreek" type="15" discard="1" dealt="1" sum="5"/>
<action no="2" player="Skyder19" type="15" discard="1" dealt="1" sum="5"/>
<action no="3" player="oreiasccp" type="15" sum="5"/>
<action no="4" player="Degreek" type="1" discard="1" dealt="1" sum="15"/>
<action no="5" player="Skyder19" type="2" discard="1" dealt="1" sum="30"/>
</round>
<round no="1"><cards type="Pocket" player="Skyder19">X X</cards>
<cards type="Pocket" player="Degreek">X X</cards>
<cards type="Pocket" player="oreiasccp">H6 D2</cards>
<action no="6" player="oreiasccp" type="0" sum="0"/>
<action no="7" player="Degreek" type="23" discard="1" dealt="1" sum="361"/>
<action no="8" player="Skyder19" type="0" discard="1" dealt="1" sum="0"/>
</round>
</game>
<game gamecode="11516971654"><general><startdate>2025-06-17 12:15:10</startdate>
<round>1</round>
<failsafecounter/>
<players><player seat="10" name="oreiasccp" chips="384" dealer="0" win="45" bet="35" muck="1" rebuy="0" addon="0" merge="0" rebuychips="0" reg_code="8385559297"/>
<player seat="3" name="Degreek" chips="406" dealer="1" win="0" bet="5" muck="1" rebuy="0" addon="0" merge="0" rebuychips="0" reg_code="8385559230"/>
<player seat="6" name="Skyder19" chips="710" dealer="0" win="0" bet="20" muck="1" rebuy="0" addon="0" merge="0" rebuychips="0" reg_code="8385559236"/>
</players>
</general>
<round no="0"><action no="1" player="Skyder19" type="15" discard="1" dealt="1" sum="5"/>
<action no="2" player="oreiasccp" type="15" sum="5"/>
<action no="3" player="Degreek" type="15" discard="1" dealt="1" sum="5"/>
<action no="4" player="Skyder19" type="1" discard="1" dealt="1" sum="15"/>
<action no="5" player="oreiasccp" type="2" sum="30"/>
</round>
<round no="1"><cards type="Pocket" player="oreiasccp">C2 D6</cards>
<cards type="Pocket" player="Skyder19">X X</cards>
<cards type="Pocket" player="Degreek">X X</cards>
<action no="6" player="Degreek" type="0" discard="1" dealt="1" sum="0"/>
<action no="7" player="Skyder19" type="0" discard="1" dealt="1" sum="0"/>
</round>
</game>
<game gamecode="11516971676"><general><startdate>2025-06-17 12:15:18</startdate>
<round>1</round>
<failsafecounter/>
<players><player seat="3" name="Degreek" chips="401" dealer="0" win="0" bet="35" muck="1" rebuy="0" addon="0" merge="0" rebuychips="0" reg_code="8385559230"/>
<player seat="6" name="Skyder19" chips="690" dealer="1" win="0" bet="5" muck="1" rebuy="0" addon="0" merge="0" rebuychips="0" reg_code="8385559236"/>
<player seat="10" name="oreiasccp" chips="409" dealer="0" win="75" bet="401" muck="1" rebuy="0" addon="0" merge="0" rebuychips="0" reg_code="8385559297"/>
</players>
</general>
<round no="0"><action no="1" player="oreiasccp" type="15" sum="5"/>
<action no="2" player="Degreek" type="15" discard="1" dealt="1" sum="5"/>
<action no="3" player="Skyder19" type="15" discard="1" dealt="1" sum="5"/>
<action no="4" player="oreiasccp" type="1" sum="15"/>
<action no="5" player="Degreek" type="2" discard="1" dealt="1" sum="30"/>
</round>
<round no="1"><cards type="Pocket" player="oreiasccp">HA H5</cards>
<cards type="Pocket" player="Skyder19">X X</cards>
<cards type="Pocket" player="Degreek">X X</cards>
<action no="6" player="Skyder19" type="0" discard="1" dealt="1" sum="0"/>
<action no="7" player="oreiasccp" type="23" sum="396"/>
<action no="8" player="Degreek" type="0" discard="1" dealt="1" sum="0"/>
</round>
</game>
<game gamecode="11516971711"><general><startdate>2025-06-17 12:15:27</startdate>
<round>1</round>
<failsafecounter/>
<players><player seat="6" name="Skyder19" chips="685" dealer="0" win="0" bet="35" muck="1" rebuy="0" addon="0" merge="0" rebuychips="0" reg_code="8385559236"/>
<player seat="10" name="oreiasccp" chips="449" dealer="1" win="0" bet="5" muck="1" rebuy="0" addon="0" merge="0" rebuychips="0" reg_code="8385559297"/>
<player seat="3" name="Degreek" chips="366" dealer="0" win="75" bet="110" muck="1" rebuy="0" addon="0" merge="0" rebuychips="0" reg_code="8385559230"/>
</players>
</general>
<round no="0"><action no="1" player="Degreek" type="15" discard="1" dealt="1" sum="5"/>
<action no="2" player="Skyder19" type="15" discard="1" dealt="1" sum="5"/>
<action no="3" player="oreiasccp" type="15" sum="5"/>
<action no="4" player="Degreek" type="1" discard="1" dealt="1" sum="15"/>
<action no="5" player="Skyder19" type="2" discard="1" dealt="1" sum="30"/>
</round>
<round no="1"><cards type="Pocket" player="Skyder19">X X</cards>
<cards type="Pocket" player="oreiasccp">C6 H8</cards>
<cards type="Pocket" player="Degreek">X X</cards>
<action no="6" player="oreiasccp" type="0" sum="0"/>
<action no="7" player="Degreek" type="3" discard="1" dealt="1" sum="15"/>
<action no="8" player="Skyder19" type="4" discard="1" dealt="1" sum="0"/>
</round>
<round no="2"><cards type="Flop">CA CK SK</cards>
<action no="9" player="Degreek" type="4" discard="1" dealt="1" sum="0"/>
<action no="10" player="Skyder19" type="4" discard="1" dealt="1" sum="0"/>
</round>
<round no="3"><cards type="Turn">D10</cards>
<action no="11" player="Degreek" type="5" discard="1" dealt="1" sum="75"/>
<action no="12" player="Skyder19" type="0" discard="1" dealt="1" sum="0"/>
</round>
</game>
<game gamecode="11516971782"><general><startdate>2025-06-17 12:15:46</startdate>
<round>1</round>
<failsafecounter/>
<players><player seat="10" name="oreiasccp" chips="444" dealer="0" win="0" bet="87" muck="1" rebuy="0" addon="0" merge="0" rebuychips="0" reg_code="8385559297"/>
<player seat="3" name="Degreek" chips="406" dealer="1" win="209" bet="87" muck="0" rebuy="0" addon="0" merge="0" rebuychips="0" reg_code="8385559230"/>
<player seat="6" name="Skyder19" chips="650" dealer="0" win="0" bet="35" muck="1" rebuy="0" addon="0" merge="0" rebuychips="0" reg_code="8385559236"/>
</players>
</general>
<round no="0"><action no="1" player="Skyder19" type="15" discard="1" dealt="1" sum="5"/>
<action no="2" player="oreiasccp" type="15" sum="5"/>
<action no="3" player="Degreek" type="15" discard="1" dealt="1" sum="5"/>
<action no="4" player="Skyder19" type="1" discard="1" dealt="1" sum="15"/>
<action no="5" player="oreiasccp" type="2" sum="30"/>
</round>
<round no="1"><cards type="Pocket" player="Skyder19">X X</cards>
<cards type="Pocket" player="Degreek">H8 DK</cards>
<cards type="Pocket" player="oreiasccp">H6 S7</cards>
<action no="6" player="Degreek" type="3" discard="1" dealt="1" sum="30"/>
<action no="7" player="Skyder19" type="3" discard="1" dealt="1" sum="15"/>
<action no="8" player="oreiasccp" type="4" sum="0"/>
</round>
<round no="2"><cards type="Flop">D8 C4 HQ</cards>
<action no="9" player="Skyder19" type="4" discard="1" dealt="1" sum="0"/>
<action no="10" player="oreiasccp" type="4" sum="0"/>
<action no="11" player="Degreek" type="5" discard="1" dealt="1" sum="52"/>
<action no="12" player="Skyder19" type="0" discard="1" dealt="1" sum="0"/>
<action no="13" player="oreiasccp" type="3" sum="52"/>
</round>
<round no="3"><cards type="Turn">H4</cards>
<action no="14" player="oreiasccp" type="4" sum="0"/>
<action no="15" player="Degreek" type="4" discard="1" dealt="1" sum="0"/>
</round>
<round no="4"><cards type="River">D6</cards>
<action no="16" player="oreiasccp" type="4" sum="0"/>
<action no="17" player="Degreek" type="4" discard="1" dealt="1" sum="0"/>
</round>
</game>
<game gamecode="11516971897"><general><startdate>2025-06-17 12:16:15</startdate>
<round>1</round>
<failsafecounter/>
<players><player seat="3" name="Degreek" chips="528" dealer="0" win="75" bet="528" muck="1" rebuy="0" addon="0" merge="0" rebuychips="0" reg_code="8385559230"/>
<player seat="6" name="Skyder19" chips="615" dealer="1" win="0" bet="5" muck="1" rebuy="0" addon="0" merge="0" rebuychips="0" reg_code="8385559236"/>
<player seat="10" name="oreiasccp" chips="357" dealer="0" win="0" bet="35" muck="1" rebuy="0" addon="0" merge="0" rebuychips="0" reg_code="8385559297"/>
</players>
</general>
<round no="0"><action no="1" player="oreiasccp" type="15" sum="5"/>
<action no="2" player="Degreek" type="15" discard="1" dealt="1" sum="5"/>
<action no="3" player="Skyder19" type="15" discard="1" dealt="1" sum="5"/>
<action no="4" player="oreiasccp" type="1" sum="15"/>
<action no="5" player="Degreek" type="2" discard="1" dealt="1" sum="30"/>
</round>
<round no="1"><cards type="Pocket" player="Degreek">X X</cards>
<cards type="Pocket" player="oreiasccp">H10 H4</cards>
<cards type="Pocket" player="Skyder19">X X</cards>
<action no="6" player="Skyder19" type="0" discard="1" dealt="1" sum="0"/>
<action no="7" player="oreiasccp" type="3" sum="15"/>
<action no="8" player="Degreek" type="23" discard="1" dealt="1" sum="523"/>
<action no="9" player="oreiasccp" type="0" sum="0"/>
</round>
</game>
<game gamecode="11516971974"><general><startdate>2025-06-17 12:16:33</startdate>
<round>1</round>
<failsafecounter/>
<players><player seat="6" name="Skyder19" chips="610" dealer="0" win="0" bet="65" muck="1" rebuy="0" addon="0" merge="0" rebuychips="0" reg_code="8385559236"/>
<player seat="10" name="oreiasccp" chips="322" dealer="1" win="0" bet="5" muck="1" rebuy="0" addon="0" merge="0" rebuychips="0" reg_code="8385559297"/>
<player seat="3" name="Degreek" chips="568" dealer="0" win="135" bet="132" muck="1" rebuy="0" addon="0" merge="0" rebuychips="0" reg_code="8385559230"/>
</players>
</general>
<round no="0"><action no="1" player="Degreek" type="15" discard="1" dealt="1" sum="5"/>
<action no="2" player="Skyder19" type="15" discard="1" dealt="1" sum="5"/>
<action no="3" player="oreiasccp" type="15" sum="5"/>
<action no="4" player="Degreek" type="1" discard="1" dealt="1" sum="15"/>
<action no="5" player="Skyder19" type="2" discard="1" dealt="1" sum="30"/>
</round>
<round no="1"><cards type="Pocket" player="Degreek">X X</cards>
<cards type="Pocket" player="Skyder19">X X</cards>
<cards type="Pocket" player="oreiasccp">S7 H2</cards>
<action no="6" player="oreiasccp" type="0" sum="0"/>
<action no="7" player="Degreek" type="23" discard="1" dealt="1" sum="60"/>
<action no="8" player="Skyder19" type="3" discard="1" dealt="1" sum="30"/>
</round>
<round no="2"><cards type="Flop">H5 S10 C9</cards>
<action no="9" player="Degreek" type="5" discard="1" dealt="1" sum="67"/>
<action no="10" player="Skyder19" type="0" discard="1" dealt="1" sum="0"/>
</round>
</game>
<game gamecode="11516972048"><general><startdate>2025-06-17 12:16:50</startdate>
<round>1</round>
<failsafecounter/>
<players><player seat="10" name="oreiasccp" chips="317" dealer="0" win="0" bet="35" muck="1" rebuy="0" addon="0" merge="0" rebuychips="0" reg_code="8385559297"/>
<player seat="3" name="Degreek" chips="638" dealer="1" win="90" bet="80" muck="1" rebuy="0" addon="0" merge="0" rebuychips="0" reg_code="8385559230"/>
<player seat="6" name="Skyder19" chips="545" dealer="0" win="0" bet="20" muck="1" rebuy="0" addon="0" merge="0" rebuychips="0" reg_code="8385559236"/>
</players>
</general>
<round no="0"><action no="1" player="Skyder19" type="15" discard="1" dealt="1" sum="5"/>
<action no="2" player="oreiasccp" type="15" sum="5"/>
<action no="3" player="Degreek" type="15" discard="1" dealt="1" sum="5"/>
<action no="4" player="Skyder19" type="1" discard="1" dealt="1" sum="15"/>
<action no="5" player="oreiasccp" type="2" sum="30"/>
</round>
<round no="1"><cards type="Pocket" player="Degreek">X X</cards>
<cards type="Pocket" player="Skyder19">X X</cards>
<cards type="Pocket" player="oreiasccp">SJ H5</cards>
<action no="6" player="Degreek" type="3" discard="1" dealt="1" sum="30"/>
<action no="7" player="Skyder19" type="0" discard="1" dealt="1" sum="0"/>
<action no="8" player="oreiasccp" type="4" sum="0"/>
</round>
<round no="2"><cards type="Flop">C4 H8 H9</cards>
<action no="9" player="oreiasccp" type="4" sum="0"/>
<action no="10" player="Degreek" type="4" discard="1" dealt="1" sum="0"/>
</round>
<round no="3"><cards type="Turn">C3</cards>
<action no="11" player="oreiasccp" type="4" sum="0"/>
<action no="12" player="Degreek" type="5" discard="1" dealt="1" sum="45"/>
<action no="13" player="oreiasccp" type="0" sum="0"/>
</round>
</game>
<game gamecode="11516972141"><general><startdate>2025-06-17 12:17:12</startdate>
<round>1</round>
<failsafecounter/>
<players><player seat="3" name="Degreek" chips="693" dealer="0" win="55" bet="45" muck="1" rebuy="0" addon="0" merge="0" rebuychips="0" reg_code="8385559230"/>
<player seat="6" name="Skyder19" chips="525" dealer="1" win="0" bet="5" muck="1" rebuy="0" addon="0" merge="0" rebuychips="0" reg_code="8385559236"/>
<player seat="10" name="oreiasccp" chips="282" dealer="0" win="0" bet="25" muck="1" rebuy="0" addon="0" merge="0" rebuychips="0" reg_code="8385559297"/>
</players>
</general>
<round no="0"><action no="1" player="oreiasccp" type="15" sum="5"/>
<action no="2" player="Degreek" type="15" discard="1" dealt="1" sum="5"/>
<action no="3" player="Skyder19" type="15" discard="1" dealt="1" sum="5"/>
<action no="4" player="oreiasccp" type="1" sum="20"/>
<action no="5" player="Degreek" type="2" discard="1" dealt="1" sum="40"/>
</round>
<round no="1"><cards type="Pocket" player="oreiasccp">S5 H10</cards>
<cards type="Pocket" player="Degreek">X X</cards>
<cards type="Pocket" player="Skyder19">X X</cards>
<action no="6" player="Skyder19" type="0" discard="1" dealt="1" sum="0"/>
<action no="7" player="oreiasccp" type="0" sum="0"/>
</round>
</game>
<game gamecode="11516972163"><general><startdate>2025-06-17 12:17:19</startdate>
<round>1</round>
<failsafecounter/>
<players><player seat="6" name="Skyder19" chips="520" dealer="0" win="0" bet="45" muck="1" rebuy="0" addon="0" merge="0" rebuychips="0" reg_code="8385559236"/>
<player seat="10" name="oreiasccp" chips="257" dealer="1" win="0" bet="5" muck="1" rebuy="0" addon="0" merge="0" rebuychips="0" reg_code="8385559297"/>
<player seat="3" name="Degreek" chips="723" dealer="0" win="95" bet="723" muck="1" rebuy="0" addon="0" merge="0" rebuychips="0" reg_code="8385559230"/>
</players>
</general>
<round no="0"><action no="1" player="Degreek" type="15" discard="1" dealt="1" sum="5"/>
<action no="2" player="Skyder19" type="15" discard="1" dealt="1" sum="5"/>
<action no="3" player="oreiasccp" type="15" sum="5"/>
<action no="4" player="Degreek" type="1" discard="1" dealt="1" sum="20"/>
<action no="5" player="Skyder19" type="2" discard="1" dealt="1" sum="40"/>
</round>
<round no="1"><cards type="Pocket" player="Skyder19">X X</cards>
<cards type="Pocket" player="oreiasccp">SQ D3</cards>
<cards type="Pocket" player="Degreek">X X</cards>
<action no="6" player="oreiasccp" type="0" sum="0"/>
<action no="7" player="Degreek" type="23" discard="1" dealt="1" sum="718"/>
<action no="8" player="Skyder19" type="0" discard="1" dealt="1" sum="0"/>
</round>
</game>
<game gamecode="11516972206"><general><startdate>2025-06-17 12:17:28</startdate>
<round>1</round>
<failsafecounter/>
<players><player seat="10" name="oreiasccp" chips="252" dealer="0" win="0" bet="45" muck="1" rebuy="0" addon="0" merge="0" rebuychips="0" reg_code="8385559297"/>
<player seat="3" name="Degreek" chips="773" dealer="1" win="115" bet="773" muck="1" rebuy="0" addon="0" merge="0" rebuychips="0" reg_code="8385559230"/>
<player seat="6" name="Skyder19" chips="475" dealer="0" win="0" bet="25" muck="1" rebuy="0" addon="0" merge="0" rebuychips="0" reg_code="8385559236"/>
</players>
</general>
<round no="0"><action no="1" player="Skyder19" type="15" discard="1" dealt="1" sum="5"/>
<action no="2" player="oreiasccp" type="15" sum="5"/>
<action no="3" player="Degreek" type="15" discard="1" dealt="1" sum="5"/>
<action no="4" player="Skyder19" type="1" discard="1" dealt="1" sum="20"/>
<action no="5" player="oreiasccp" type="2" sum="40"/>
</round>
<round no="1"><cards type="Pocket" player="Skyder19">X X</cards>
<cards type="Pocket" player="oreiasccp">H7 C4</cards>
<cards type="Pocket" player="Degreek">X X</cards>
<action no="6" player="Degreek" type="3" discard="1" dealt="1" sum="40"/>
<action no="7" player="Skyder19" type="0" discard="1" dealt="1" sum="0"/>
<action no="8" player="oreiasccp" type="4" sum="0"/>
</round>
<round no="2"><cards type="Flop">H3 C9 C10</cards>
<action no="9" player="oreiasccp" type="4" sum="0"/>
<action no="10" player="Degreek" type="5" discard="1" dealt="1" sum="728"/>
<action no="11" player="oreiasccp" type="0" sum="0"/>
</round>
</game>
<game gamecode="11516972269"><general><startdate>2025-06-17 12:17:46</startdate>
<round>1</round>
<failsafecounter/>
<players><player seat="3" name="Degreek" chips="843" dealer="0" win="209" bet="207" muck="0" rebuy="0" addon="0" merge="0" rebuychips="0" reg_code="8385559230"/>
<player seat="6" name="Skyder19" chips="450" dealer="1" win="0" bet="5" muck="1" rebuy="0" addon="0" merge="0" rebuychips="0" reg_code="8385559236"/>
<player seat="10" name="oreiasccp" chips="207" dealer="0" win="210" bet="207" muck="0" rebuy="0" addon="0" merge="0" rebuychips="0" reg_code="8385559297"/>
</players>
</general>
<round no="0"><action no="1" player="oreiasccp" type="15" sum="5"/>
<action no="2" player="Degreek" type="15" discard="1" dealt="1" sum="5"/>
<action no="3" player="Skyder19" type="15" discard="1" dealt="1" sum="5"/>
<action no="4" player="oreiasccp" type="1" sum="20"/>
<action no="5" player="Degreek" type="2" discard="1" dealt="1" sum="40"/>
</round>
<round no="1"><cards type="Pocket" player="Skyder19">X X</cards>
<cards type="Pocket" player="oreiasccp">DA D2</cards>
<cards type="Pocket" player="Degreek">SA D9</cards>
<action no="6" player="Skyder19" type="0" discard="1" dealt="1" sum="0"/>
<action no="7" player="oreiasccp" type="23" sum="202"/>
<action no="8" player="Degreek" type="3" discard="1" dealt="1" sum="162"/>
</round>
<round no="2"><cards type="Flop">D4 S4 H3</cards>
</round>
<round no="3"><cards type="Turn">HQ</cards>
</round>
<round no="4"><cards type="River">S3</cards>
</round>
</game>
<game gamecode="11516972344"><general><startdate>2025-06-17 12:18:04</startdate>
<round>1</round>
<failsafecounter/>
<players><player seat="6" name="Skyder19" chips="445" dealer="0" win="0" bet="45" muck="1" rebuy="0" addon="0" merge="0" rebuychips="0" reg_code="8385559236"/>
<player seat="10" name="oreiasccp" chips="210" dealer="1" win="0" bet="5" muck="1" rebuy="0" addon="0" merge="0" rebuychips="0" reg_code="8385559297"/>
<player seat="3" name="Degreek" chips="845" dealer="0" win="95" bet="845" muck="1" rebuy="0" addon="0" merge="0" rebuychips="0" reg_code="8385559230"/>
</players>
</general>
<round no="0"><action no="1" player="Degreek" type="15" discard="1" dealt="1" sum="5"/>
<action no="2" player="Skyder19" type="15" discard="1" dealt="1" sum="5"/>
<action no="3" player="oreiasccp" type="15" sum="5"/>
<action no="4" player="Degreek" type="1" discard="1" dealt="1" sum="20"/>
<action no="5" player="Skyder19" type="2" discard="1" dealt="1" sum="40"/>
</round>
<round no="1"><cards type="Pocket" player="oreiasccp">C5 S9</cards>
<cards type="Pocket" player="Degreek">X X</cards>
<cards type="Pocket" player="Skyder19">X X</cards>
<action no="6" player="oreiasccp" type="0" sum="0"/>
<action no="7" player="Degreek" type="23" discard="1" dealt="1" sum="840"/>
<action no="8" player="Skyder19" type="0" discard="1" dealt="1" sum="0"/>
</round>
</game>
<game gamecode="11516978639"><general><startdate>2025-06-17 12:18:14</startdate>
<round>1</round>
<failsafecounter/>
<players><player seat="10" name="oreiasccp" chips="205" dealer="0" win="55" bet="45" muck="1" rebuy="0" addon="0" merge="0" rebuychips="0" reg_code="8385559297"/>
<player seat="3" name="Degreek" chips="895" dealer="1" win="0" bet="5" muck="1" rebuy="0" addon="0" merge="0" rebuychips="0" reg_code="8385559230"/>
<player seat="6" name="Skyder19" chips="400" dealer="0" win="0" bet="25" muck="1" rebuy="0" addon="0" merge="0" rebuychips="0" reg_code="8385559236"/>
</players>
</general>
<round no="0"><action no="1" player="Skyder19" type="15" discard="1" dealt="1" sum="5"/>
<action no="2" player="oreiasccp" type="15" sum="5"/>
<action no="3" player="Degreek" type="15" discard="1" dealt="1" sum="5"/>
<action no="4" player="Skyder19" type="1" discard="1" dealt="1" sum="20"/>
<action no="5" player="oreiasccp" type="2" sum="40"/>
</round>
<round no="1"><cards type="Pocket" player="Skyder19">X X</cards>
<cards type="Pocket" player="oreiasccp">S7 D4</cards>
<cards type="Pocket" player="Degreek">X X</cards>
<action no="6" player="Degreek" type="0" discard="1" dealt="1" sum="0"/>
<action no="7" player="Skyder19" type="0" discard="1" dealt="1" sum="0"/>
</round>
</game>
<game gamecode="11516978679"><general><startdate>2025-06-17 12:18:22</startdate>
<round>1</round>
<failsafecounter/>
<players><player seat="3" name="Degreek" chips="890" dealer="0" win="0" bet="45" muck="1" rebuy="0" addon="0" merge="0" rebuychips="0" reg_code="8385559230"/>
<player seat="6" name="Skyder19" chips="375" dealer="1" win="0" bet="5" muck="1" rebuy="0" addon="0" merge="0" rebuychips="0" reg_code="8385559236"/>
<player seat="10" name="oreiasccp" chips="235" dealer="0" win="95" bet="235" muck="1" rebuy="0" addon="0" merge="0" rebuychips="0" reg_code="8385559297"/>
</players>
</general>
<round no="0"><action no="1" player="oreiasccp" type="15" sum="5"/>
<action no="2" player="Degreek" type="15" discard="1" dealt="1" sum="5"/>
<action no="3" player="Skyder19" type="15" discard="1" dealt="1" sum="5"/>
<action no="4" player="oreiasccp" type="1" sum="20"/>
<action no="5" player="Degreek" type="2" discard="1" dealt="1" sum="40"/>
</round>
<round no="1"><cards type="Pocket" player="Degreek">X X</cards>
<cards type="Pocket" player="oreiasccp">H10 D6</cards>
<cards type="Pocket" player="Skyder19">X X</cards>
<action no="6" player="Skyder19" type="0" discard="1" dealt="1" sum="0"/>
<action no="7" player="oreiasccp" type="23" sum="230"/>
<action no="8" player="Degreek" type="0" discard="1" dealt="1" sum="0"/>
</round>
</game>
<game gamecode="11516978763"><general><startdate>2025-06-17 12:18:40</startdate>
<round>1</round>
<failsafecounter/>
<players><player seat="6" name="Skyder19" chips="370" dealer="0" win="55" bet="45" muck="1" rebuy="0" addon="0" merge="0" rebuychips="0" reg_code="8385559236"/>
<player seat="10" name="oreiasccp" chips="285" dealer="1" win="0" bet="5" muck="1" rebuy="0" addon="0" merge="0" rebuychips="0" reg_code="8385559297"/>
<player seat="3" name="Degreek" chips="845" dealer="0" win="0" bet="25" muck="1" rebuy="0" addon="0" merge="0" rebuychips="0" reg_code="8385559230"/>
</players>
</general>
<round no="0"><action no="1" player="Degreek" type="15" discard="1" dealt="1" sum="5"/>
<action no="2" player="Skyder19" type="15" discard="1" dealt="1" sum="5"/>
<action no="3" player="oreiasccp" type="15" sum="5"/>
<action no="4" player="Degreek" type="1" discard="1" dealt="1" sum="20"/>
<action no="5" player="Skyder19" type="2" discard="1" dealt="1" sum="40"/>
</round>
<round no="1"><cards type="Pocket" player="Skyder19">X X</cards>
<cards type="Pocket" player="Degreek">X X</cards>
<cards type="Pocket" player="oreiasccp">C2 D8</cards>
<action no="6" player="oreiasccp" type="0" sum="0"/>
<action no="7" player="Degreek" type="0" discard="1" dealt="1" sum="0"/>
</round>
</game>
<game gamecode="11516978803"><general><startdate>2025-06-17 12:18:48</startdate>
<round>1</round>
<failsafecounter/>
<players><player seat="10" name="oreiasccp" chips="280" dealer="0" win="0" bet="45" muck="1" rebuy="0" addon="0" merge="0" rebuychips="0" reg_code="8385559297"/>
<player seat="3" name="Degreek" chips="820" dealer="1" win="115" bet="820" muck="1" rebuy="0" addon="0" merge="0" rebuychips="0" reg_code="8385559230"/>
<player seat="6" name="Skyder19" chips="400" dealer="0" win="0" bet="25" muck="1" rebuy="0" addon="0" merge="0" rebuychips="0" reg_code="8385559236"/>
</players>
</general>
<round no="0"><action no="1" player="Skyder19" type="15" discard="1" dealt="1" sum="5"/>
<action no="2" player="oreiasccp" type="15" sum="5"/>
<action no="3" player="Degreek" type="15" discard="1" dealt="1" sum="5"/>
<action no="4" player="Skyder19" type="1" discard="1" dealt="1" sum="20"/>
<action no="5" player="oreiasccp" type="2" sum="40"/>
</round>
<round no="1"><cards type="Pocket" player="Degreek">X X</cards>
<cards type="Pocket" player="oreiasccp">C4 C10</cards>
<cards type="Pocket" player="Skyder19">X X</cards>
<action no="6" player="Degreek" type="23" discard="1" dealt="1" sum="815"/>
<action no="7" player="Skyder19" type="0" discard="1" dealt="1" sum="0"/>
<action no="8" player="oreiasccp" type="0" sum="0"/>
</round>
</game>
<game gamecode="11516978854"><general><startdate>2025-06-17 12:19:00</startdate>
<round>1</round>
<failsafecounter/>
<players><player seat="3" name="Degreek" chips="890" dealer="0" win="0" bet="65" muck="1" rebuy="0" addon="0" merge="0" rebuychips="0" reg_code="8385559230"/>
<player seat="6" name="Skyder19" chips="375" dealer="1" win="0" bet="5" muck="1" rebuy="0" addon="0" merge="0" rebuychips="0" reg_code="8385559236"/>
<player seat="10" name="oreiasccp" chips="235" dealer="0" win="135" bet="235" muck="1" rebuy="0" addon="0" merge="0" rebuychips="0" reg_code="8385559297"/>
</players>
</general>
<round no="0"><action no="1" player="oreiasccp" type="15" sum="5"/>
<action no="2" player="Degreek" type="15" discard="1" dealt="1" sum="5"/>
<action no="3" player="Skyder19" type="15" discard="1" dealt="1" sum="5"/>
<action no="4" player="oreiasccp" type="1" sum="30"/>
<action no="5" player="Degreek" type="2" discard="1" dealt="1" sum="60"/>
</round>
<round no="1"><cards type="Pocket" player="oreiasccp">S2 SA</cards>
<cards type="Pocket" player="Skyder19">X X</cards>
<cards type="Pocket" player="Degreek">X X</cards>
<action no="6" player="Skyder19" type="0" discard="1" dealt="1" sum="0"/>
<action no="7" player="oreiasccp" type="23" sum="230"/>
<action no="8" player="Degreek" type="0" discard="1" dealt="1" sum="0"/>
</round>
</game>
<game gamecode="11516978902"><general><startdate>2025-06-17 12:19:12</startdate>
<round>1</round>
<failsafecounter/>
<players><player seat="6" name="Skyder19" chips="370" dealer="0" win="0" bet="65" muck="1" rebuy="0" addon="0" merge="0" rebuychips="0" reg_code="8385559236"/>
<player seat="10" name="oreiasccp" chips="305" dealer="1" win="165" bet="305" muck="1" rebuy="0" addon="0" merge="0" rebuychips="0" reg_code="8385559297"/>
<player seat="3" name="Degreek" chips="825" dealer="0" win="0" bet="35" muck="1" rebuy="0" addon="0" merge="0" rebuychips="0" reg_code="8385559230"/>
</players>
</general>
<round no="0"><action no="1" player="Degreek" type="15" discard="1" dealt="1" sum="5"/>
<action no="2" player="Skyder19" type="15" discard="1" dealt="1" sum="5"/>
<action no="3" player="oreiasccp" type="15" sum="5"/>
<action no="4" player="Degreek" type="1" discard="1" dealt="1" sum="30"/>
<action no="5" player="Skyder19" type="2" discard="1" dealt="1" sum="60"/>
</round>
<round no="1"><cards type="Pocket" player="oreiasccp">CK S9</cards>
<cards type="Pocket" player="Skyder19">X X</cards>
<cards type="Pocket" player="Degreek">X X</cards>
<action no="6" player="oreiasccp" type="23" sum="300"/>
<action no="7" player="Degreek" type="0" discard="1" dealt="1" sum="0"/>
<action no="8" player="Skyder19" type="0" discard="1" dealt="1" sum="0"/>
</round>
</game>
<game gamecode="11516978958"><general><startdate>2025-06-17 12:19:25</startdate>
<round>1</round>
<failsafecounter/>
<players><player seat="10" name="oreiasccp" chips="405" dealer="0" win="0" bet="405" muck="0" rebuy="0" addon="0" merge="0" rebuychips="0" reg_code="8385559297"/>
<player seat="3" name="Degreek" chips="790" dealer="1" win="845" bet="790" muck="0" rebuy="0" addon="0" merge="0" rebuychips="0" reg_code="8385559230"/>
<player seat="6" name="Skyder19" chips="305" dealer="0" win="0" bet="35" muck="1" rebuy="0" addon="0" merge="0" rebuychips="0" reg_code="8385559236"/>
</players>
</general>
<round no="0"><action no="1" player="Skyder19" type="15" discard="1" dealt="1" sum="5"/>
<action no="2" player="oreiasccp" type="15" sum="5"/>
<action no="3" player="Degreek" type="15" discard="1" dealt="1" sum="5"/>
<action no="4" player="Skyder19" type="1" discard="1" dealt="1" sum="30"/>
<action no="5" player="oreiasccp" type="2" sum="60"/>
</round>
<round no="1"><cards type="Pocket" player="oreiasccp">H8 DA</cards>
<cards type="Pocket" player="Skyder19">X X</cards>
<cards type="Pocket" player="Degreek">D9 HA</cards>
<action no="6" player="Degreek" type="23" discard="1" dealt="1" sum="785"/>
<action no="7" player="Skyder19" type="0" discard="1" dealt="1" sum="0"/>
<action no="8" player="oreiasccp" type="7" sum="340"/>
</round>
<round no="2"><cards type="Flop">C7 C3 CA</cards>
</round>
<round no="3"><cards type="Turn">HJ</cards>
</round>
<round no="4"><cards type="River">C2</cards>
</round>
</game>
</session>
