<?xml version="1.0" encoding="UTF-8"?>
<session sessioncode="8385525767">
<general>
<client_version>24.7.1.16</client_version>
<mode>real</mode>
<gametype>Holdem NL</gametype>
<tablename>Twister €5 SNG, 1127667543</tablename>
<tournamentcode>1127667542</tournamentcode>
<tournamentname>Twister €5 SNG</tournamentname>
<buyin>€0 + €0.35 + €4.65</buyin>
<totalbuyin>€5</totalbuyin>
<rewarddrawn>€10</rewarddrawn>
<tournamentcurrency>EUR</tournamentcurrency>
<currency>EUR</currency>
<nickname>oreiasccp</nickname>
<gamecount>8</gamecount>
<startdate>2025-06-17 10:37:55</startdate>
<place>3</place>
<win>€0</win>
<tablesize>3</tablesize>
</general>
<game gamecode="11516887584"><general><startdate>2025-06-17 10:38:10</startdate>
<round>1</round>
<failsafecounter/>
<players><player seat="6" name="oreiasccp" chips="500" dealer="0" win="0" bet="20" muck="1" rebuy="0" addon="0" merge="0" rebuychips="0" reg_code="8385525767"/>
<player seat="10" name="gasgas" chips="500" dealer="1" win="0" bet="0" muck="1" rebuy="0" addon="0" merge="0" rebuychips="0" reg_code="8385525835"/>
<player seat="3" name="OneLastGame" chips="500" dealer="0" win="40" bet="40" muck="1" rebuy="0" addon="0" merge="0" rebuychips="0" reg_code="8385525722"/>
</players>
</general>
<round no="0"><action no="1" player="OneLastGame" type="1" discard="1" dealt="1" sum="10"/>
<action no="2" player="oreiasccp" type="2" sum="20"/>
</round>
<round no="1"><cards type="Pocket" player="gasgas">X X</cards>
<cards type="Pocket" player="OneLastGame">X X</cards>
<cards type="Pocket" player="oreiasccp">D4 S7</cards>
<action no="3" player="gasgas" type="0" discard="1" dealt="1" sum="0"/>
<action no="4" player="OneLastGame" type="3" discard="1" dealt="1" sum="10"/>
<action no="5" player="oreiasccp" type="4" sum="0"/>
</round>
<round no="2"><cards type="Flop">SA SK C9</cards>
<action no="6" player="OneLastGame" type="5" discard="1" dealt="1" sum="20"/>
<action no="7" player="oreiasccp" type="0" sum="0"/>
</round>
</game>
<game gamecode="11516887703"><general><startdate>2025-06-17 10:38:38</startdate>
<round>1</round>
<failsafecounter/>
<players><player seat="10" name="gasgas" chips="500" dealer="0" win="0" bet="70" muck="1" rebuy="0" addon="0" merge="0" rebuychips="0" reg_code="8385525835"/>
<player seat="3" name="OneLastGame" chips="520" dealer="1" win="0" bet="0" muck="1" rebuy="0" addon="0" merge="0" rebuychips="0" reg_code="8385525722"/>
<player seat="6" name="oreiasccp" chips="480" dealer="0" win="140" bet="120" muck="1" rebuy="0" addon="0" merge="0" rebuychips="0" reg_code="8385525767"/>
</players>
</general>
<round no="0"><action no="1" player="oreiasccp" type="1" sum="10"/>
<action no="2" player="gasgas" type="2" discard="1" dealt="1" sum="20"/>
</round>
<round no="1"><cards type="Pocket" player="oreiasccp">D6 SK</cards>
<cards type="Pocket" player="OneLastGame">X X</cards>
<cards type="Pocket" player="gasgas">X X</cards>
<action no="3" player="OneLastGame" type="0" discard="1" dealt="1" sum="0"/>
<action no="4" player="oreiasccp" type="23" sum="40"/>
<action no="5" player="gasgas" type="3" discard="1" dealt="1" sum="20"/>
</round>
<round no="2"><cards type="Flop">C10 S6 H7</cards>
<action no="6" player="oreiasccp" type="4" sum="0"/>
<action no="7" player="gasgas" type="5" discard="1" dealt="1" sum="30"/>
<action no="8" player="oreiasccp" type="3" sum="30"/>
</round>
<round no="3"><cards type="Turn">H6</cards>
<action no="9" player="oreiasccp" type="4" sum="0"/>
<action no="10" player="gasgas" type="4" discard="1" dealt="1" sum="0"/>
</round>
<round no="4"><cards type="River">S8</cards>
<action no="11" player="oreiasccp" type="5" sum="50"/>
<action no="12" player="gasgas" type="0" discard="1" dealt="1" sum="0"/>
</round>
</game>
<game gamecode="11516887859"><general><startdate>2025-06-17 10:39:14</startdate>
<round>1</round>
<failsafecounter/>
<players><player seat="3" name="OneLastGame" chips="520" dealer="0" win="484" bet="237" muck="0" rebuy="0" addon="0" merge="0" rebuychips="0" reg_code="8385525722"/>
<player seat="6" name="oreiasccp" chips="550" dealer="1" win="0" bet="237" muck="1" rebuy="0" addon="0" merge="0" rebuychips="0" reg_code="8385525767"/>
<player seat="10" name="gasgas" chips="430" dealer="0" win="0" bet="10" muck="1" rebuy="0" addon="0" merge="0" rebuychips="0" reg_code="8385525835"/>
</players>
</general>
<round no="0"><action no="1" player="gasgas" type="1" discard="1" dealt="1" sum="10"/>
<action no="2" player="OneLastGame" type="2" discard="1" dealt="1" sum="20"/>
</round>
<round no="1"><cards type="Pocket" player="oreiasccp">SJ HJ</cards>
<cards type="Pocket" player="gasgas">X X</cards>
<cards type="Pocket" player="OneLastGame">C8 DA</cards>
<action no="3" player="oreiasccp" type="23" sum="40"/>
<action no="4" player="gasgas" type="0" discard="1" dealt="1" sum="0"/>
<action no="5" player="OneLastGame" type="3" discard="1" dealt="1" sum="20"/>
</round>
<round no="2"><cards type="Flop">CA D10 S9</cards>
<action no="6" player="OneLastGame" type="4" discard="1" dealt="1" sum="0"/>
<action no="7" player="oreiasccp" type="5" sum="23"/>
<action no="8" player="OneLastGame" type="23" discard="1" dealt="1" sum="76"/>
<action no="9" player="oreiasccp" type="3" sum="53"/>
</round>
<round no="3"><cards type="Turn">D2</cards>
<action no="10" player="OneLastGame" type="5" discard="1" dealt="1" sum="121"/>
<action no="11" player="oreiasccp" type="3" sum="121"/>
</round>
<round no="4"><cards type="River">S10</cards>
<action no="12" player="OneLastGame" type="4" discard="1" dealt="1" sum="0"/>
<action no="13" player="oreiasccp" type="4" sum="0"/>
</round>
</game>
<game gamecode="11516887996"><general><startdate>2025-06-17 10:39:47</startdate>
<round>1</round>
<failsafecounter/>
<players><player seat="6" name="oreiasccp" chips="313" dealer="0" win="0" bet="20" muck="1" rebuy="0" addon="0" merge="0" rebuychips="0" reg_code="8385525767"/>
<player seat="10" name="gasgas" chips="420" dealer="1" win="0" bet="40" muck="1" rebuy="0" addon="0" merge="0" rebuychips="0" reg_code="8385525835"/>
<player seat="3" name="OneLastGame" chips="767" dealer="0" win="100" bet="767" muck="1" rebuy="0" addon="0" merge="0" rebuychips="0" reg_code="8385525722"/>
</players>
</general>
<round no="0"><action no="1" player="OneLastGame" type="1" discard="1" dealt="1" sum="10"/>
<action no="2" player="oreiasccp" type="2" sum="20"/>
</round>
<round no="1"><cards type="Pocket" player="oreiasccp">H3 D8</cards>
<cards type="Pocket" player="OneLastGame">X X</cards>
<cards type="Pocket" player="gasgas">X X</cards>
<action no="3" player="gasgas" type="23" discard="1" dealt="1" sum="40"/>
<action no="4" player="OneLastGame" type="23" discard="1" dealt="1" sum="767"/>
<action no="5" player="oreiasccp" type="0" sum="0"/>
<action no="6" player="gasgas" type="0" discard="1" dealt="1" sum="0"/>
</round>
</game>
<game gamecode="11516888050"><general><startdate>2025-06-17 10:40:00</startdate>
<round>1</round>
<failsafecounter/>
<players><player seat="10" name="gasgas" chips="380" dealer="0" win="80" bet="380" muck="1" rebuy="0" addon="0" merge="0" rebuychips="0" reg_code="8385525835"/>
<player seat="3" name="OneLastGame" chips="827" dealer="1" win="0" bet="0" muck="1" rebuy="0" addon="0" merge="0" rebuychips="0" reg_code="8385525722"/>
<player seat="6" name="oreiasccp" chips="293" dealer="0" win="0" bet="40" muck="1" rebuy="0" addon="0" merge="0" rebuychips="0" reg_code="8385525767"/>
</players>
</general>
<round no="0"><action no="1" player="oreiasccp" type="1" sum="10"/>
<action no="2" player="gasgas" type="2" discard="1" dealt="1" sum="20"/>
</round>
<round no="1"><cards type="Pocket" player="OneLastGame">X X</cards>
<cards type="Pocket" player="oreiasccp">C7 HQ</cards>
<cards type="Pocket" player="gasgas">X X</cards>
<action no="3" player="OneLastGame" type="0" discard="1" dealt="1" sum="0"/>
<action no="4" player="oreiasccp" type="23" sum="40"/>
<action no="5" player="gasgas" type="23" discard="1" dealt="1" sum="380"/>
<action no="6" player="oreiasccp" type="0" sum="0"/>
</round>
</game>
<game gamecode="11516888113"><general><startdate>2025-06-17 10:40:14</startdate>
<round>1</round>
<failsafecounter/>
<players><player seat="3" name="OneLastGame" chips="827" dealer="0" win="0" bet="35" muck="1" rebuy="0" addon="0" merge="0" rebuychips="0" reg_code="8385525722"/>
<player seat="6" name="oreiasccp" chips="253" dealer="1" win="90" bet="253" muck="1" rebuy="0" addon="0" merge="0" rebuychips="0" reg_code="8385525767"/>
<player seat="10" name="gasgas" chips="420" dealer="0" win="0" bet="20" muck="1" rebuy="0" addon="0" merge="0" rebuychips="0" reg_code="8385525835"/>
</players>
</general>
<round no="0"><action no="1" player="gasgas" type="15" discard="1" dealt="1" sum="5"/>
<action no="2" player="OneLastGame" type="15" discard="1" dealt="1" sum="5"/>
<action no="3" player="oreiasccp" type="15" sum="5"/>
<action no="4" player="gasgas" type="1" discard="1" dealt="1" sum="15"/>
<action no="5" player="OneLastGame" type="2" discard="1" dealt="1" sum="30"/>
</round>
<round no="1"><cards type="Pocket" player="oreiasccp">C10 SA</cards>
<cards type="Pocket" player="gasgas">X X</cards>
<cards type="Pocket" player="OneLastGame">X X</cards>
<action no="6" player="oreiasccp" type="23" sum="248"/>
<action no="7" player="gasgas" type="0" discard="1" dealt="1" sum="0"/>
<action no="8" player="OneLastGame" type="0" discard="1" dealt="1" sum="0"/>
</round>
</game>
<game gamecode="11516888177"><general><startdate>2025-06-17 10:40:27</startdate>
<round>1</round>
<failsafecounter/>
<players><player seat="6" name="oreiasccp" chips="308" dealer="0" win="0" bet="35" muck="1" rebuy="0" addon="0" merge="0" rebuychips="0" reg_code="8385525767"/>
<player seat="10" name="gasgas" chips="400" dealer="1" win="0" bet="5" muck="1" rebuy="0" addon="0" merge="0" rebuychips="0" reg_code="8385525835"/>
<player seat="3" name="OneLastGame" chips="792" dealer="0" win="75" bet="792" muck="1" rebuy="0" addon="0" merge="0" rebuychips="0" reg_code="8385525722"/>
</players>
</general>
<round no="0"><action no="1" player="OneLastGame" type="15" discard="1" dealt="1" sum="5"/>
<action no="2" player="oreiasccp" type="15" sum="5"/>
<action no="3" player="gasgas" type="15" discard="1" dealt="1" sum="5"/>
<action no="4" player="OneLastGame" type="1" discard="1" dealt="1" sum="15"/>
<action no="5" player="oreiasccp" type="2" sum="30"/>
</round>
<round no="1"><cards type="Pocket" player="oreiasccp">H9 S5</cards>
<cards type="Pocket" player="gasgas">X X</cards>
<cards type="Pocket" player="OneLastGame">X X</cards>
<action no="6" player="gasgas" type="0" discard="1" dealt="1" sum="0"/>
<action no="7" player="OneLastGame" type="23" discard="1" dealt="1" sum="787"/>
<action no="8" player="oreiasccp" type="0" sum="0"/>
</round>
</game>
<game gamecode="11516888212"><general><startdate>2025-06-17 10:40:38</startdate>
<round>1</round>
<failsafecounter/>
<players><player seat="10" name="gasgas" chips="395" dealer="0" win="551" bet="273" muck="0" rebuy="0" addon="0" merge="0" rebuychips="0" reg_code="8385525835"/>
<player seat="3" name="OneLastGame" chips="832" dealer="1" win="0" bet="5" muck="1" rebuy="0" addon="0" merge="0" rebuychips="0" reg_code="8385525722"/>
<player seat="6" name="oreiasccp" chips="273" dealer="0" win="0" bet="273" muck="0" rebuy="0" addon="0" merge="0" rebuychips="0" reg_code="8385525767"/>
</players>
</general>
<round no="0"><action no="1" player="oreiasccp" type="15" sum="5"/>
<action no="2" player="gasgas" type="15" discard="1" dealt="1" sum="5"/>
<action no="3" player="OneLastGame" type="15" discard="1" dealt="1" sum="5"/>
<action no="4" player="oreiasccp" type="1" sum="15"/>
<action no="5" player="gasgas" type="2" discard="1" dealt="1" sum="30"/>
</round>
<round no="1"><cards type="Pocket" player="oreiasccp">D8 D9</cards>
<cards type="Pocket" player="OneLastGame">X X</cards>
<cards type="Pocket" player="gasgas">D10 D7</cards>
<action no="6" player="OneLastGame" type="0" discard="1" dealt="1" sum="0"/>
<action no="7" player="oreiasccp" type="23" sum="268"/>
<action no="8" player="gasgas" type="3" discard="1" dealt="1" sum="238"/>
</round>
<round no="2"><cards type="Flop">S3 DJ DA</cards>
</round>
<round no="3"><cards type="Turn">H7</cards>
</round>
<round no="4"><cards type="River">C3</cards>
</round>
</game>
</session>
