<?xml version="1.0" encoding="UTF-8"?>
<session sessioncode="8385531596">
<general>
<client_version>24.7.1.16</client_version>
<mode>real</mode>
<gametype>Holdem NL</gametype>
<tablename>Twister €5 SNG, 1127668400</tablename>
<tournamentcode>1127668399</tournamentcode>
<tournamentname>Twister €5 SNG</tournamentname>
<buyin>€0 + €0.35 + €4.65</buyin>
<totalbuyin>€5</totalbuyin>
<rewarddrawn>€25</rewarddrawn>
<tournamentcurrency>EUR</tournamentcurrency>
<currency>EUR</currency>
<nickname>oreiasccp</nickname>
<gamecount>33</gamecount>
<startdate>2025-06-17 10:54:55</startdate>
<place>1</place>
<win>€25</win>
<tablesize>3</tablesize>
</general>
<game gamecode="11516900455"><general><startdate>2025-06-17 10:55:10</startdate>
<round>1</round>
<failsafecounter/>
<players><player seat="10" name="oreiasccp" chips="500" dealer="0" win="90" bet="117" muck="1" rebuy="0" addon="0" merge="0" rebuychips="0" reg_code="8385531596"/>
<player seat="3" name="SNEBOLD28" chips="500" dealer="1" win="0" bet="40" muck="1" rebuy="0" addon="0" merge="0" rebuychips="0" reg_code="8385531451"/>
<player seat="6" name="Alchemik13" chips="500" dealer="0" win="0" bet="10" muck="1" rebuy="0" addon="0" merge="0" rebuychips="0" reg_code="8385531545"/>
</players>
</general>
<round no="0"><action no="1" player="Alchemik13" type="1" discard="1" dealt="1" sum="10"/>
<action no="2" player="oreiasccp" type="2" sum="20"/>
</round>
<round no="1"><cards type="Pocket" player="Alchemik13">X X</cards>
<cards type="Pocket" player="SNEBOLD28">X X</cards>
<cards type="Pocket" player="oreiasccp">CJ H5</cards>
<action no="3" player="SNEBOLD28" type="3" discard="1" dealt="1" sum="20"/>
<action no="4" player="Alchemik13" type="0" discard="1" dealt="1" sum="0"/>
<action no="5" player="oreiasccp" type="4" sum="0"/>
</round>
<round no="2"><cards type="Flop">C3 S5 SJ</cards>
<action no="6" player="oreiasccp" type="5" sum="20"/>
<action no="7" player="SNEBOLD28" type="3" discard="1" dealt="1" sum="20"/>
</round>
<round no="3"><cards type="Turn">S4</cards>
<action no="8" player="oreiasccp" type="5" sum="77"/>
<action no="9" player="SNEBOLD28" type="0" discard="1" dealt="1" sum="0"/>
</round>
</game>
<game gamecode="11516900537"><general><startdate>2025-06-17 10:55:34</startdate>
<round>1</round>
<failsafecounter/>
<players><player seat="3" name="SNEBOLD28" chips="460" dealer="0" win="0" bet="20" muck="1" rebuy="0" addon="0" merge="0" rebuychips="0" reg_code="8385531451"/>
<player seat="6" name="Alchemik13" chips="490" dealer="1" win="0" bet="0" muck="1" rebuy="0" addon="0" merge="0" rebuychips="0" reg_code="8385531545"/>
<player seat="10" name="oreiasccp" chips="550" dealer="0" win="40" bet="40" muck="1" rebuy="0" addon="0" merge="0" rebuychips="0" reg_code="8385531596"/>
</players>
</general>
<round no="0"><action no="1" player="oreiasccp" type="1" sum="10"/>
<action no="2" player="SNEBOLD28" type="2" discard="1" dealt="1" sum="20"/>
</round>
<round no="1"><cards type="Pocket" player="SNEBOLD28">X X</cards>
<cards type="Pocket" player="oreiasccp">S8 C7</cards>
<cards type="Pocket" player="Alchemik13">X X</cards>
<action no="3" player="Alchemik13" type="0" discard="1" dealt="1" sum="0"/>
<action no="4" player="oreiasccp" type="23" sum="40"/>
<action no="5" player="SNEBOLD28" type="0" discard="1" dealt="1" sum="0"/>
</round>
</game>
<game gamecode="11516900568"><general><startdate>2025-06-17 10:55:42</startdate>
<round>1</round>
<failsafecounter/>
<players><player seat="6" name="Alchemik13" chips="490" dealer="0" win="40" bet="40" muck="1" rebuy="0" addon="0" merge="0" rebuychips="0" reg_code="8385531545"/>
<player seat="10" name="oreiasccp" chips="570" dealer="1" win="0" bet="0" muck="1" rebuy="0" addon="0" merge="0" rebuychips="0" reg_code="8385531596"/>
<player seat="3" name="SNEBOLD28" chips="440" dealer="0" win="0" bet="20" muck="1" rebuy="0" addon="0" merge="0" rebuychips="0" reg_code="8385531451"/>
</players>
</general>
<round no="0"><action no="1" player="SNEBOLD28" type="1" discard="1" dealt="1" sum="10"/>
<action no="2" player="Alchemik13" type="2" discard="1" dealt="1" sum="20"/>
</round>
<round no="1"><cards type="Pocket" player="Alchemik13">X X</cards>
<cards type="Pocket" player="SNEBOLD28">X X</cards>
<cards type="Pocket" player="oreiasccp">D2 D4</cards>
<action no="3" player="oreiasccp" type="0" sum="0"/>
<action no="4" player="SNEBOLD28" type="3" discard="1" dealt="1" sum="10"/>
<action no="5" player="Alchemik13" type="4" discard="1" dealt="1" sum="0"/>
</round>
<round no="2"><cards type="Flop">SJ HA D9</cards>
<action no="6" player="SNEBOLD28" type="4" discard="1" dealt="1" sum="0"/>
<action no="7" player="Alchemik13" type="5" discard="1" dealt="1" sum="20"/>
<action no="8" player="SNEBOLD28" type="0" discard="1" dealt="1" sum="0"/>
</round>
</game>
<game gamecode="11516900641"><general><startdate>2025-06-17 10:56:03</startdate>
<round>1</round>
<failsafecounter/>
<players><player seat="10" name="oreiasccp" chips="570" dealer="0" win="0" bet="20" muck="1" rebuy="0" addon="0" merge="0" rebuychips="0" reg_code="8385531596"/>
<player seat="3" name="SNEBOLD28" chips="420" dealer="1" win="0" bet="20" muck="1" rebuy="0" addon="0" merge="0" rebuychips="0" reg_code="8385531451"/>
<player seat="6" name="Alchemik13" chips="510" dealer="0" win="60" bet="50" muck="1" rebuy="0" addon="0" merge="0" rebuychips="0" reg_code="8385531545"/>
</players>
</general>
<round no="0"><action no="1" player="Alchemik13" type="1" discard="1" dealt="1" sum="10"/>
<action no="2" player="oreiasccp" type="2" sum="20"/>
</round>
<round no="1"><cards type="Pocket" player="oreiasccp">H2 H8</cards>
<cards type="Pocket" player="Alchemik13">X X</cards>
<cards type="Pocket" player="SNEBOLD28">X X</cards>
<action no="3" player="SNEBOLD28" type="3" discard="1" dealt="1" sum="20"/>
<action no="4" player="Alchemik13" type="3" discard="1" dealt="1" sum="10"/>
<action no="5" player="oreiasccp" type="4" sum="0"/>
</round>
<round no="2"><cards type="Flop">D4 S9 CJ</cards>
<action no="6" player="Alchemik13" type="5" discard="1" dealt="1" sum="30"/>
<action no="7" player="oreiasccp" type="0" sum="0"/>
<action no="8" player="SNEBOLD28" type="0" discard="1" dealt="1" sum="0"/>
</round>
</game>
<game gamecode="11516900706"><general><startdate>2025-06-17 10:56:21</startdate>
<round>1</round>
<failsafecounter/>
<players><player seat="3" name="SNEBOLD28" chips="400" dealer="0" win="20" bet="20" muck="1" rebuy="0" addon="0" merge="0" rebuychips="0" reg_code="8385531451"/>
<player seat="6" name="Alchemik13" chips="550" dealer="1" win="0" bet="0" muck="1" rebuy="0" addon="0" merge="0" rebuychips="0" reg_code="8385531545"/>
<player seat="10" name="oreiasccp" chips="550" dealer="0" win="0" bet="10" muck="1" rebuy="0" addon="0" merge="0" rebuychips="0" reg_code="8385531596"/>
</players>
</general>
<round no="0"><action no="1" player="oreiasccp" type="1" sum="10"/>
<action no="2" player="SNEBOLD28" type="2" discard="1" dealt="1" sum="20"/>
</round>
<round no="1"><cards type="Pocket" player="SNEBOLD28">X X</cards>
<cards type="Pocket" player="Alchemik13">X X</cards>
<cards type="Pocket" player="oreiasccp">C3 S7</cards>
<action no="3" player="Alchemik13" type="0" discard="1" dealt="1" sum="0"/>
<action no="4" player="oreiasccp" type="0" sum="0"/>
</round>
</game>
<game gamecode="11516900729"><general><startdate>2025-06-17 10:56:27</startdate>
<round>1</round>
<failsafecounter/>
<players><player seat="6" name="Alchemik13" chips="550" dealer="0" win="0" bet="20" muck="1" rebuy="0" addon="0" merge="0" rebuychips="0" reg_code="8385531545"/>
<player seat="10" name="oreiasccp" chips="540" dealer="1" win="0" bet="40" muck="1" rebuy="0" addon="0" merge="0" rebuychips="0" reg_code="8385531596"/>
<player seat="3" name="SNEBOLD28" chips="410" dealer="0" win="100" bet="60" muck="1" rebuy="0" addon="0" merge="0" rebuychips="0" reg_code="8385531451"/>
</players>
</general>
<round no="0"><action no="1" player="SNEBOLD28" type="1" discard="1" dealt="1" sum="10"/>
<action no="2" player="Alchemik13" type="2" discard="1" dealt="1" sum="20"/>
</round>
<round no="1"><cards type="Pocket" player="Alchemik13">X X</cards>
<cards type="Pocket" player="oreiasccp">S10 H9</cards>
<cards type="Pocket" player="SNEBOLD28">X X</cards>
<action no="3" player="oreiasccp" type="23" sum="40"/>
<action no="4" player="SNEBOLD28" type="3" discard="1" dealt="1" sum="30"/>
<action no="5" player="Alchemik13" type="0" discard="1" dealt="1" sum="0"/>
</round>
<round no="2"><cards type="Flop">D5 C6 S4</cards>
<action no="6" player="SNEBOLD28" type="4" discard="1" dealt="1" sum="0"/>
<action no="7" player="oreiasccp" type="4" sum="0"/>
</round>
<round no="3"><cards type="Turn">H5</cards>
<action no="8" player="SNEBOLD28" type="4" discard="1" dealt="1" sum="0"/>
<action no="9" player="oreiasccp" type="4" sum="0"/>
</round>
<round no="4"><cards type="River">H7</cards>
<action no="10" player="SNEBOLD28" type="5" discard="1" dealt="1" sum="20"/>
<action no="11" player="oreiasccp" type="0" sum="0"/>
</round>
</game>
<game gamecode="11516900812"><general><startdate>2025-06-17 10:56:49</startdate>
<round>1</round>
<failsafecounter/>
<players><player seat="10" name="oreiasccp" chips="500" dealer="0" win="50" bet="40" muck="1" rebuy="0" addon="0" merge="0" rebuychips="0" reg_code="8385531596"/>
<player seat="3" name="SNEBOLD28" chips="470" dealer="1" win="0" bet="20" muck="1" rebuy="0" addon="0" merge="0" rebuychips="0" reg_code="8385531451"/>
<player seat="6" name="Alchemik13" chips="530" dealer="0" win="0" bet="10" muck="1" rebuy="0" addon="0" merge="0" rebuychips="0" reg_code="8385531545"/>
</players>
</general>
<round no="0"><action no="1" player="Alchemik13" type="1" discard="1" dealt="1" sum="10"/>
<action no="2" player="oreiasccp" type="2" sum="20"/>
</round>
<round no="1"><cards type="Pocket" player="SNEBOLD28">X X</cards>
<cards type="Pocket" player="oreiasccp">S5 SK</cards>
<cards type="Pocket" player="Alchemik13">X X</cards>
<action no="3" player="SNEBOLD28" type="3" discard="1" dealt="1" sum="20"/>
<action no="4" player="Alchemik13" type="0" discard="1" dealt="1" sum="0"/>
<action no="5" player="oreiasccp" type="4" sum="0"/>
</round>
<round no="2"><cards type="Flop">HQ H3 C5</cards>
<action no="6" player="oreiasccp" type="4" sum="0"/>
<action no="7" player="SNEBOLD28" type="4" discard="1" dealt="1" sum="0"/>
</round>
<round no="3"><cards type="Turn">CQ</cards>
<action no="8" player="oreiasccp" type="5" sum="20"/>
<action no="9" player="SNEBOLD28" type="0" discard="1" dealt="1" sum="0"/>
</round>
</game>
<game gamecode="11516900899"><general><startdate>2025-06-17 10:57:14</startdate>
<round>1</round>
<failsafecounter/>
<players><player seat="3" name="SNEBOLD28" chips="450" dealer="0" win="0" bet="35" muck="1" rebuy="0" addon="0" merge="0" rebuychips="0" reg_code="8385531451"/>
<player seat="6" name="Alchemik13" chips="520" dealer="1" win="90" bet="65" muck="1" rebuy="0" addon="0" merge="0" rebuychips="0" reg_code="8385531545"/>
<player seat="10" name="oreiasccp" chips="530" dealer="0" win="0" bet="20" muck="1" rebuy="0" addon="0" merge="0" rebuychips="0" reg_code="8385531596"/>
</players>
</general>
<round no="0"><action no="1" player="oreiasccp" type="15" sum="5"/>
<action no="2" player="SNEBOLD28" type="15" discard="1" dealt="1" sum="5"/>
<action no="3" player="Alchemik13" type="15" discard="1" dealt="1" sum="5"/>
<action no="4" player="oreiasccp" type="1" sum="15"/>
<action no="5" player="SNEBOLD28" type="2" discard="1" dealt="1" sum="30"/>
</round>
<round no="1"><cards type="Pocket" player="oreiasccp">D2 H4</cards>
<cards type="Pocket" player="SNEBOLD28">X X</cards>
<cards type="Pocket" player="Alchemik13">X X</cards>
<action no="6" player="Alchemik13" type="23" discard="1" dealt="1" sum="60"/>
<action no="7" player="oreiasccp" type="0" sum="0"/>
<action no="8" player="SNEBOLD28" type="0" discard="1" dealt="1" sum="0"/>
</round>
</game>
<game gamecode="11516900967"><general><startdate>2025-06-17 10:57:31</startdate>
<round>1</round>
<failsafecounter/>
<players><player seat="6" name="Alchemik13" chips="575" dealer="0" win="45" bet="35" muck="1" rebuy="0" addon="0" merge="0" rebuychips="0" reg_code="8385531545"/>
<player seat="10" name="oreiasccp" chips="510" dealer="1" win="0" bet="5" muck="1" rebuy="0" addon="0" merge="0" rebuychips="0" reg_code="8385531596"/>
<player seat="3" name="SNEBOLD28" chips="415" dealer="0" win="0" bet="20" muck="1" rebuy="0" addon="0" merge="0" rebuychips="0" reg_code="8385531451"/>
</players>
</general>
<round no="0"><action no="1" player="SNEBOLD28" type="15" discard="1" dealt="1" sum="5"/>
<action no="2" player="Alchemik13" type="15" discard="1" dealt="1" sum="5"/>
<action no="3" player="oreiasccp" type="15" sum="5"/>
<action no="4" player="SNEBOLD28" type="1" discard="1" dealt="1" sum="15"/>
<action no="5" player="Alchemik13" type="2" discard="1" dealt="1" sum="30"/>
</round>
<round no="1"><cards type="Pocket" player="SNEBOLD28">X X</cards>
<cards type="Pocket" player="oreiasccp">H4 SJ</cards>
<cards type="Pocket" player="Alchemik13">X X</cards>
<action no="6" player="oreiasccp" type="0" sum="0"/>
<action no="7" player="SNEBOLD28" type="0" discard="1" dealt="1" sum="0"/>
</round>
</game>
<game gamecode="11516900998"><general><startdate>2025-06-17 10:57:38</startdate>
<round>1</round>
<failsafecounter/>
<players><player seat="10" name="oreiasccp" chips="505" dealer="0" win="90" bet="101" muck="1" rebuy="0" addon="0" merge="0" rebuychips="0" reg_code="8385531596"/>
<player seat="3" name="SNEBOLD28" chips="395" dealer="1" win="0" bet="35" muck="1" rebuy="0" addon="0" merge="0" rebuychips="0" reg_code="8385531451"/>
<player seat="6" name="Alchemik13" chips="600" dealer="0" win="0" bet="20" muck="1" rebuy="0" addon="0" merge="0" rebuychips="0" reg_code="8385531545"/>
</players>
</general>
<round no="0"><action no="1" player="Alchemik13" type="15" discard="1" dealt="1" sum="5"/>
<action no="2" player="oreiasccp" type="15" sum="5"/>
<action no="3" player="SNEBOLD28" type="15" discard="1" dealt="1" sum="5"/>
<action no="4" player="Alchemik13" type="1" discard="1" dealt="1" sum="15"/>
<action no="5" player="oreiasccp" type="2" sum="30"/>
</round>
<round no="1"><cards type="Pocket" player="SNEBOLD28">X X</cards>
<cards type="Pocket" player="oreiasccp">CK H8</cards>
<cards type="Pocket" player="Alchemik13">X X</cards>
<action no="6" player="SNEBOLD28" type="3" discard="1" dealt="1" sum="30"/>
<action no="7" player="Alchemik13" type="0" discard="1" dealt="1" sum="0"/>
<action no="8" player="oreiasccp" type="4" sum="0"/>
</round>
<round no="2"><cards type="Flop">D10 HK D9</cards>
<action no="9" player="oreiasccp" type="4" sum="0"/>
<action no="10" player="SNEBOLD28" type="4" discard="1" dealt="1" sum="0"/>
</round>
<round no="3"><cards type="Turn">S4</cards>
<action no="11" player="oreiasccp" type="5" sum="66"/>
<action no="12" player="SNEBOLD28" type="0" discard="1" dealt="1" sum="0"/>
</round>
</game>
<game gamecode="11516901063"><general><startdate>2025-06-17 10:57:55</startdate>
<round>1</round>
<failsafecounter/>
<players><player seat="3" name="SNEBOLD28" chips="360" dealer="0" win="0" bet="35" muck="1" rebuy="0" addon="0" merge="0" rebuychips="0" reg_code="8385531451"/>
<player seat="6" name="Alchemik13" chips="580" dealer="1" win="0" bet="5" muck="1" rebuy="0" addon="0" merge="0" rebuychips="0" reg_code="8385531545"/>
<player seat="10" name="oreiasccp" chips="560" dealer="0" win="75" bet="360" muck="1" rebuy="0" addon="0" merge="0" rebuychips="0" reg_code="8385531596"/>
</players>
</general>
<round no="0"><action no="1" player="oreiasccp" type="15" sum="5"/>
<action no="2" player="SNEBOLD28" type="15" discard="1" dealt="1" sum="5"/>
<action no="3" player="Alchemik13" type="15" discard="1" dealt="1" sum="5"/>
<action no="4" player="oreiasccp" type="1" sum="15"/>
<action no="5" player="SNEBOLD28" type="2" discard="1" dealt="1" sum="30"/>
</round>
<round no="1"><cards type="Pocket" player="oreiasccp">S2 SK</cards>
<cards type="Pocket" player="Alchemik13">X X</cards>
<cards type="Pocket" player="SNEBOLD28">X X</cards>
<action no="6" player="Alchemik13" type="0" discard="1" dealt="1" sum="0"/>
<action no="7" player="oreiasccp" type="23" sum="355"/>
<action no="8" player="SNEBOLD28" type="0" discard="1" dealt="1" sum="0"/>
</round>
</game>
<game gamecode="11516901097"><general><startdate>2025-06-17 10:58:04</startdate>
<round>1</round>
<failsafecounter/>
<players><player seat="6" name="Alchemik13" chips="575" dealer="0" win="0" bet="65" muck="1" rebuy="0" addon="0" merge="0" rebuychips="0" reg_code="8385531545"/>
<player seat="10" name="oreiasccp" chips="600" dealer="1" win="0" bet="5" muck="1" rebuy="0" addon="0" merge="0" rebuychips="0" reg_code="8385531596"/>
<player seat="3" name="SNEBOLD28" chips="325" dealer="0" win="135" bet="325" muck="1" rebuy="0" addon="0" merge="0" rebuychips="0" reg_code="8385531451"/>
</players>
</general>
<round no="0"><action no="1" player="SNEBOLD28" type="15" discard="1" dealt="1" sum="5"/>
<action no="2" player="Alchemik13" type="15" discard="1" dealt="1" sum="5"/>
<action no="3" player="oreiasccp" type="15" sum="5"/>
<action no="4" player="SNEBOLD28" type="1" discard="1" dealt="1" sum="15"/>
<action no="5" player="Alchemik13" type="2" discard="1" dealt="1" sum="30"/>
</round>
<round no="1"><cards type="Pocket" player="Alchemik13">X X</cards>
<cards type="Pocket" player="SNEBOLD28">X X</cards>
<cards type="Pocket" player="oreiasccp">S4 D3</cards>
<action no="6" player="oreiasccp" type="0" sum="0"/>
<action no="7" player="SNEBOLD28" type="3" discard="1" dealt="1" sum="15"/>
<action no="8" player="Alchemik13" type="4" discard="1" dealt="1" sum="0"/>
</round>
<round no="2"><cards type="Flop">C2 CQ SK</cards>
<action no="9" player="SNEBOLD28" type="4" discard="1" dealt="1" sum="0"/>
<action no="10" player="Alchemik13" type="5" discard="1" dealt="1" sum="30"/>
<action no="11" player="SNEBOLD28" type="3" discard="1" dealt="1" sum="30"/>
</round>
<round no="3"><cards type="Turn">HQ</cards>
<action no="12" player="SNEBOLD28" type="4" discard="1" dealt="1" sum="0"/>
<action no="13" player="Alchemik13" type="4" discard="1" dealt="1" sum="0"/>
</round>
<round no="4"><cards type="River">C10</cards>
<action no="14" player="SNEBOLD28" type="5" discard="1" dealt="1" sum="260"/>
<action no="15" player="Alchemik13" type="0" discard="1" dealt="1" sum="0"/>
</round>
</game>
<game gamecode="11516901249"><general><startdate>2025-06-17 10:58:44</startdate>
<round>1</round>
<failsafecounter/>
<players><player seat="10" name="oreiasccp" chips="595" dealer="0" win="223" bet="272" muck="1" rebuy="0" addon="0" merge="0" rebuychips="0" reg_code="8385531596"/>
<player seat="3" name="SNEBOLD28" chips="395" dealer="1" win="0" bet="5" muck="1" rebuy="0" addon="0" merge="0" rebuychips="0" reg_code="8385531451"/>
<player seat="6" name="Alchemik13" chips="510" dealer="0" win="0" bet="109" muck="1" rebuy="0" addon="0" merge="0" rebuychips="0" reg_code="8385531545"/>
</players>
</general>
<round no="0"><action no="1" player="Alchemik13" type="15" discard="1" dealt="1" sum="5"/>
<action no="2" player="oreiasccp" type="15" sum="5"/>
<action no="3" player="SNEBOLD28" type="15" discard="1" dealt="1" sum="5"/>
<action no="4" player="Alchemik13" type="1" discard="1" dealt="1" sum="15"/>
<action no="5" player="oreiasccp" type="2" sum="30"/>
</round>
<round no="1"><cards type="Pocket" player="oreiasccp">DK C2</cards>
<cards type="Pocket" player="SNEBOLD28">X X</cards>
<cards type="Pocket" player="Alchemik13">X X</cards>
<action no="6" player="SNEBOLD28" type="0" discard="1" dealt="1" sum="0"/>
<action no="7" player="Alchemik13" type="23" discard="1" dealt="1" sum="60"/>
<action no="8" player="oreiasccp" type="3" sum="30"/>
</round>
<round no="2"><cards type="Flop">S2 S5 D9</cards>
<action no="9" player="Alchemik13" type="5" discard="1" dealt="1" sum="44"/>
<action no="10" player="oreiasccp" type="3" sum="44"/>
</round>
<round no="3"><cards type="Turn">SK</cards>
<action no="11" player="Alchemik13" type="4" discard="1" dealt="1" sum="0"/>
<action no="12" player="oreiasccp" type="5" sum="163"/>
<action no="13" player="Alchemik13" type="0" discard="1" dealt="1" sum="0"/>
</round>
</game>
<game gamecode="11516901375"><general><startdate>2025-06-17 10:59:21</startdate>
<round>1</round>
<failsafecounter/>
<players><player seat="3" name="SNEBOLD28" chips="390" dealer="0" win="55" bet="45" muck="1" rebuy="0" addon="0" merge="0" rebuychips="0" reg_code="8385531451"/>
<player seat="6" name="Alchemik13" chips="401" dealer="1" win="0" bet="5" muck="1" rebuy="0" addon="0" merge="0" rebuychips="0" reg_code="8385531545"/>
<player seat="10" name="oreiasccp" chips="709" dealer="0" win="0" bet="25" muck="1" rebuy="0" addon="0" merge="0" rebuychips="0" reg_code="8385531596"/>
</players>
</general>
<round no="0"><action no="1" player="oreiasccp" type="15" sum="5"/>
<action no="2" player="SNEBOLD28" type="15" discard="1" dealt="1" sum="5"/>
<action no="3" player="Alchemik13" type="15" discard="1" dealt="1" sum="5"/>
<action no="4" player="oreiasccp" type="1" sum="20"/>
<action no="5" player="SNEBOLD28" type="2" discard="1" dealt="1" sum="40"/>
</round>
<round no="1"><cards type="Pocket" player="oreiasccp">C9 S4</cards>
<cards type="Pocket" player="SNEBOLD28">X X</cards>
<cards type="Pocket" player="Alchemik13">X X</cards>
<action no="6" player="Alchemik13" type="0" discard="1" dealt="1" sum="0"/>
<action no="7" player="oreiasccp" type="0" sum="0"/>
</round>
</game>
<game gamecode="11516901402"><general><startdate>2025-06-17 10:59:29</startdate>
<round>1</round>
<failsafecounter/>
<players><player seat="6" name="Alchemik13" chips="396" dealer="0" win="0" bet="396" muck="0" rebuy="0" addon="0" merge="0" rebuychips="0" reg_code="8385531545"/>
<player seat="10" name="oreiasccp" chips="684" dealer="1" win="0" bet="5" muck="1" rebuy="0" addon="0" merge="0" rebuychips="0" reg_code="8385531596"/>
<player seat="3" name="SNEBOLD28" chips="420" dealer="0" win="797" bet="396" muck="0" rebuy="0" addon="0" merge="0" rebuychips="0" reg_code="8385531451"/>
</players>
</general>
<round no="0"><action no="1" player="SNEBOLD28" type="15" discard="1" dealt="1" sum="5"/>
<action no="2" player="Alchemik13" type="15" discard="1" dealt="1" sum="5"/>
<action no="3" player="oreiasccp" type="15" sum="5"/>
<action no="4" player="SNEBOLD28" type="1" discard="1" dealt="1" sum="20"/>
<action no="5" player="Alchemik13" type="2" discard="1" dealt="1" sum="40"/>
</round>
<round no="1"><cards type="Pocket" player="oreiasccp">C6 H7</cards>
<cards type="Pocket" player="Alchemik13">C4 CK</cards>
<cards type="Pocket" player="SNEBOLD28">SA H5</cards>
<action no="6" player="oreiasccp" type="0" sum="0"/>
<action no="7" player="SNEBOLD28" type="3" discard="1" dealt="1" sum="20"/>
<action no="8" player="Alchemik13" type="23" discard="1" dealt="1" sum="391"/>
<action no="9" player="SNEBOLD28" type="3" discard="1" dealt="1" sum="351"/>
</round>
<round no="2"><cards type="Flop">HA HQ H2</cards>
</round>
<round no="3"><cards type="Turn">D6</cards>
</round>
<round no="4"><cards type="River">C3</cards>
</round>
</game>
<game gamecode="11516901481"><general><startdate>2025-06-17 10:59:48</startdate>
<round>1</round>
<failsafecounter/>
<players><player seat="10" name="oreiasccp" chips="679" dealer="0" win="170" bet="85" muck="0" rebuy="0" addon="0" merge="0" rebuychips="0" reg_code="8385531596"/>
<player seat="3" name="SNEBOLD28" chips="821" dealer="1" win="0" bet="85" muck="0" rebuy="0" addon="0" merge="0" rebuychips="0" reg_code="8385531451"/>
</players>
</general>
<round no="0"><action no="1" player="SNEBOLD28" type="15" discard="1" dealt="1" sum="5"/>
<action no="2" player="oreiasccp" type="15" sum="5"/>
<action no="3" player="SNEBOLD28" type="1" discard="1" dealt="1" sum="20"/>
<action no="4" player="oreiasccp" type="2" sum="40"/>
</round>
<round no="1"><cards type="Pocket" player="SNEBOLD28">HA DK</cards>
<cards type="Pocket" player="oreiasccp">S2 S7</cards>
<action no="5" player="SNEBOLD28" type="3" discard="1" dealt="1" sum="20"/>
<action no="6" player="oreiasccp" type="4" sum="0"/>
</round>
<round no="2"><cards type="Flop">H9 H5 S9</cards>
<action no="7" player="oreiasccp" type="4" sum="0"/>
<action no="8" player="SNEBOLD28" type="4" discard="1" dealt="1" sum="0"/>
</round>
<round no="3"><cards type="Turn">C10</cards>
<action no="9" player="oreiasccp" type="4" sum="0"/>
<action no="10" player="SNEBOLD28" type="4" discard="1" dealt="1" sum="0"/>
</round>
<round no="4"><cards type="River">H2</cards>
<action no="11" player="oreiasccp" type="4" sum="0"/>
<action no="12" player="SNEBOLD28" type="5" discard="1" dealt="1" sum="40"/>
<action no="13" player="oreiasccp" type="3" sum="40"/>
</round>
</game>
<game gamecode="11516901559"><general><startdate>2025-06-17 11:00:09</startdate>
<round>1</round>
<failsafecounter/>
<players><player seat="3" name="SNEBOLD28" chips="736" dealer="0" win="250" bet="125" muck="0" rebuy="0" addon="0" merge="0" rebuychips="0" reg_code="8385531451"/>
<player seat="10" name="oreiasccp" chips="764" dealer="1" win="0" bet="125" muck="1" rebuy="0" addon="0" merge="0" rebuychips="0" reg_code="8385531596"/>
</players>
</general>
<round no="0"><action no="1" player="oreiasccp" type="15" sum="5"/>
<action no="2" player="SNEBOLD28" type="15" discard="1" dealt="1" sum="5"/>
<action no="3" player="oreiasccp" type="1" sum="20"/>
<action no="4" player="SNEBOLD28" type="2" discard="1" dealt="1" sum="40"/>
</round>
<round no="1"><cards type="Pocket" player="SNEBOLD28">D3 C8</cards>
<cards type="Pocket" player="oreiasccp">H3 DJ</cards>
<action no="5" player="oreiasccp" type="3" sum="20"/>
<action no="6" player="SNEBOLD28" type="4" discard="1" dealt="1" sum="0"/>
</round>
<round no="2"><cards type="Flop">DK D5 D8</cards>
<action no="7" player="SNEBOLD28" type="4" discard="1" dealt="1" sum="0"/>
<action no="8" player="oreiasccp" type="5" sum="40"/>
<action no="9" player="SNEBOLD28" type="3" discard="1" dealt="1" sum="40"/>
</round>
<round no="3"><cards type="Turn">CJ</cards>
<action no="10" player="SNEBOLD28" type="4" discard="1" dealt="1" sum="0"/>
<action no="11" player="oreiasccp" type="4" sum="0"/>
</round>
<round no="4"><cards type="River">H8</cards>
<action no="12" player="SNEBOLD28" type="5" discard="1" dealt="1" sum="40"/>
<action no="13" player="oreiasccp" type="3" sum="40"/>
</round>
</game>
<game gamecode="11516901641"><general><startdate>2025-06-17 11:00:30</startdate>
<round>1</round>
<failsafecounter/>
<players><player seat="10" name="oreiasccp" chips="639" dealer="0" win="90" bet="639" muck="1" rebuy="0" addon="0" merge="0" rebuychips="0" reg_code="8385531596"/>
<player seat="3" name="SNEBOLD28" chips="861" dealer="1" win="0" bet="45" muck="1" rebuy="0" addon="0" merge="0" rebuychips="0" reg_code="8385531451"/>
</players>
</general>
<round no="0"><action no="1" player="SNEBOLD28" type="15" discard="1" dealt="1" sum="5"/>
<action no="2" player="oreiasccp" type="15" sum="5"/>
<action no="3" player="SNEBOLD28" type="1" discard="1" dealt="1" sum="20"/>
<action no="4" player="oreiasccp" type="2" sum="40"/>
</round>
<round no="1"><cards type="Pocket" player="SNEBOLD28">X X</cards>
<cards type="Pocket" player="oreiasccp">H4 CA</cards>
<action no="5" player="SNEBOLD28" type="3" discard="1" dealt="1" sum="20"/>
<action no="6" player="oreiasccp" type="23" sum="634"/>
<action no="7" player="SNEBOLD28" type="0" discard="1" dealt="1" sum="0"/>
</round>
</game>
<game gamecode="11516901676"><general><startdate>2025-06-17 11:00:39</startdate>
<round>1</round>
<failsafecounter/>
<players><player seat="3" name="SNEBOLD28" chips="816" dealer="0" win="90" bet="85" muck="1" rebuy="0" addon="0" merge="0" rebuychips="0" reg_code="8385531451"/>
<player seat="10" name="oreiasccp" chips="684" dealer="1" win="0" bet="45" muck="1" rebuy="0" addon="0" merge="0" rebuychips="0" reg_code="8385531596"/>
</players>
</general>
<round no="0"><action no="1" player="oreiasccp" type="15" sum="5"/>
<action no="2" player="SNEBOLD28" type="15" discard="1" dealt="1" sum="5"/>
<action no="3" player="oreiasccp" type="1" sum="20"/>
<action no="4" player="SNEBOLD28" type="2" discard="1" dealt="1" sum="40"/>
</round>
<round no="1"><cards type="Pocket" player="oreiasccp">S7 D9</cards>
<cards type="Pocket" player="SNEBOLD28">X X</cards>
<action no="5" player="oreiasccp" type="3" sum="20"/>
<action no="6" player="SNEBOLD28" type="23" discard="1" dealt="1" sum="80"/>
<action no="7" player="oreiasccp" type="0" sum="0"/>
</round>
</game>
<game gamecode="11516901716"><general><startdate>2025-06-17 11:00:47</startdate>
<round>1</round>
<failsafecounter/>
<players><player seat="10" name="oreiasccp" chips="639" dealer="0" win="50" bet="45" muck="1" rebuy="0" addon="0" merge="0" rebuychips="0" reg_code="8385531596"/>
<player seat="3" name="SNEBOLD28" chips="861" dealer="1" win="0" bet="25" muck="1" rebuy="0" addon="0" merge="0" rebuychips="0" reg_code="8385531451"/>
</players>
</general>
<round no="0"><action no="1" player="SNEBOLD28" type="15" discard="1" dealt="1" sum="5"/>
<action no="2" player="oreiasccp" type="15" sum="5"/>
<action no="3" player="SNEBOLD28" type="1" discard="1" dealt="1" sum="20"/>
<action no="4" player="oreiasccp" type="2" sum="40"/>
</round>
<round no="1"><cards type="Pocket" player="SNEBOLD28">X X</cards>
<cards type="Pocket" player="oreiasccp">S4 D10</cards>
<action no="5" player="SNEBOLD28" type="0" discard="1" dealt="1" sum="0"/>
</round>
</game>
<game gamecode="11516901741"><general><startdate>2025-06-17 11:00:53</startdate>
<round>1</round>
<failsafecounter/>
<players><player seat="3" name="SNEBOLD28" chips="836" dealer="0" win="90" bet="85" muck="1" rebuy="0" addon="0" merge="0" rebuychips="0" reg_code="8385531451"/>
<player seat="10" name="oreiasccp" chips="664" dealer="1" win="0" bet="45" muck="1" rebuy="0" addon="0" merge="0" rebuychips="0" reg_code="8385531596"/>
</players>
</general>
<round no="0"><action no="1" player="oreiasccp" type="15" sum="5"/>
<action no="2" player="SNEBOLD28" type="15" discard="1" dealt="1" sum="5"/>
<action no="3" player="oreiasccp" type="1" sum="20"/>
<action no="4" player="SNEBOLD28" type="2" discard="1" dealt="1" sum="40"/>
</round>
<round no="1"><cards type="Pocket" player="SNEBOLD28">X X</cards>
<cards type="Pocket" player="oreiasccp">HJ S4</cards>
<action no="5" player="oreiasccp" type="3" sum="20"/>
<action no="6" player="SNEBOLD28" type="4" discard="1" dealt="1" sum="0"/>
</round>
<round no="2"><cards type="Flop">CQ S8 C10</cards>
<action no="7" player="SNEBOLD28" type="4" discard="1" dealt="1" sum="0"/>
<action no="8" player="oreiasccp" type="4" sum="0"/>
</round>
<round no="3"><cards type="Turn">HQ</cards>
<action no="9" player="SNEBOLD28" type="4" discard="1" dealt="1" sum="0"/>
<action no="10" player="oreiasccp" type="4" sum="0"/>
</round>
<round no="4"><cards type="River">DK</cards>
<action no="11" player="SNEBOLD28" type="5" discard="1" dealt="1" sum="40"/>
<action no="12" player="oreiasccp" type="0" sum="0"/>
</round>
</game>
<game gamecode="11516906481"><general><startdate>2025-06-17 11:01:16</startdate>
<round>1</round>
<failsafecounter/>
<players><player seat="10" name="oreiasccp" chips="619" dealer="0" win="1,238" bet="619" muck="0" rebuy="0" addon="0" merge="0" rebuychips="0" reg_code="8385531596"/>
<player seat="3" name="SNEBOLD28" chips="881" dealer="1" win="0" bet="619" muck="1" rebuy="0" addon="0" merge="0" rebuychips="0" reg_code="8385531451"/>
</players>
</general>
<round no="0"><action no="1" player="SNEBOLD28" type="15" discard="1" dealt="1" sum="5"/>
<action no="2" player="oreiasccp" type="15" sum="5"/>
<action no="3" player="SNEBOLD28" type="1" discard="1" dealt="1" sum="30"/>
<action no="4" player="oreiasccp" type="2" sum="60"/>
</round>
<round no="1"><cards type="Pocket" player="oreiasccp">S9 D9</cards>
<cards type="Pocket" player="SNEBOLD28">SA CQ</cards>
<action no="5" player="SNEBOLD28" type="23" discard="1" dealt="1" sum="120"/>
<action no="6" player="oreiasccp" type="23" sum="614"/>
<action no="7" player="SNEBOLD28" type="3" discard="1" dealt="1" sum="494"/>
</round>
<round no="2"><cards type="Flop">C9 S8 HQ</cards>
</round>
<round no="3"><cards type="Turn">HK</cards>
</round>
<round no="4"><cards type="River">D2</cards>
</round>
</game>
<game gamecode="11516906549"><general><startdate>2025-06-17 11:01:35</startdate>
<round>1</round>
<failsafecounter/>
<players><player seat="3" name="SNEBOLD28" chips="262" dealer="0" win="70" bet="65" muck="1" rebuy="0" addon="0" merge="0" rebuychips="0" reg_code="8385531451"/>
<player seat="10" name="oreiasccp" chips="1,238" dealer="1" win="0" bet="35" muck="1" rebuy="0" addon="0" merge="0" rebuychips="0" reg_code="8385531596"/>
</players>
</general>
<round no="0"><action no="1" player="oreiasccp" type="15" sum="5"/>
<action no="2" player="SNEBOLD28" type="15" discard="1" dealt="1" sum="5"/>
<action no="3" player="oreiasccp" type="1" sum="30"/>
<action no="4" player="SNEBOLD28" type="2" discard="1" dealt="1" sum="60"/>
</round>
<round no="1"><cards type="Pocket" player="SNEBOLD28">X X</cards>
<cards type="Pocket" player="oreiasccp">H4 D10</cards>
<action no="5" player="oreiasccp" type="0" sum="0"/>
</round>
</game>
<game gamecode="11516906574"><general><startdate>2025-06-17 11:01:41</startdate>
<round>1</round>
<failsafecounter/>
<players><player seat="10" name="oreiasccp" chips="1,203" dealer="0" win="70" bet="65" muck="1" rebuy="0" addon="0" merge="0" rebuychips="0" reg_code="8385531596"/>
<player seat="3" name="SNEBOLD28" chips="297" dealer="1" win="0" bet="35" muck="1" rebuy="0" addon="0" merge="0" rebuychips="0" reg_code="8385531451"/>
</players>
</general>
<round no="0"><action no="1" player="SNEBOLD28" type="15" discard="1" dealt="1" sum="5"/>
<action no="2" player="oreiasccp" type="15" sum="5"/>
<action no="3" player="SNEBOLD28" type="1" discard="1" dealt="1" sum="30"/>
<action no="4" player="oreiasccp" type="2" sum="60"/>
</round>
<round no="1"><cards type="Pocket" player="SNEBOLD28">X X</cards>
<cards type="Pocket" player="oreiasccp">CA H5</cards>
<action no="5" player="SNEBOLD28" type="0" discard="1" dealt="1" sum="0"/>
</round>
</game>
<game gamecode="11516906606"><general><startdate>2025-06-17 11:01:47</startdate>
<round>1</round>
<failsafecounter/>
<players><player seat="3" name="SNEBOLD28" chips="262" dealer="0" win="70" bet="65" muck="1" rebuy="0" addon="0" merge="0" rebuychips="0" reg_code="8385531451"/>
<player seat="10" name="oreiasccp" chips="1,238" dealer="1" win="0" bet="35" muck="1" rebuy="0" addon="0" merge="0" rebuychips="0" reg_code="8385531596"/>
</players>
</general>
<round no="0"><action no="1" player="oreiasccp" type="15" sum="5"/>
<action no="2" player="SNEBOLD28" type="15" discard="1" dealt="1" sum="5"/>
<action no="3" player="oreiasccp" type="1" sum="30"/>
<action no="4" player="SNEBOLD28" type="2" discard="1" dealt="1" sum="60"/>
</round>
<round no="1"><cards type="Pocket" player="oreiasccp">S8 H2</cards>
<cards type="Pocket" player="SNEBOLD28">X X</cards>
<action no="5" player="oreiasccp" type="0" sum="0"/>
</round>
</game>
<game gamecode="11516906622"><general><startdate>2025-06-17 11:01:52</startdate>
<round>1</round>
<failsafecounter/>
<players><player seat="10" name="oreiasccp" chips="1,203" dealer="0" win="70" bet="65" muck="1" rebuy="0" addon="0" merge="0" rebuychips="0" reg_code="8385531596"/>
<player seat="3" name="SNEBOLD28" chips="297" dealer="1" win="0" bet="35" muck="1" rebuy="0" addon="0" merge="0" rebuychips="0" reg_code="8385531451"/>
</players>
</general>
<round no="0"><action no="1" player="SNEBOLD28" type="15" discard="1" dealt="1" sum="5"/>
<action no="2" player="oreiasccp" type="15" sum="5"/>
<action no="3" player="SNEBOLD28" type="1" discard="1" dealt="1" sum="30"/>
<action no="4" player="oreiasccp" type="2" sum="60"/>
</round>
<round no="1"><cards type="Pocket" player="SNEBOLD28">X X</cards>
<cards type="Pocket" player="oreiasccp">H10 D2</cards>
<action no="5" player="SNEBOLD28" type="0" discard="1" dealt="1" sum="0"/>
</round>
</game>
<game gamecode="11516906647"><general><startdate>2025-06-17 11:01:58</startdate>
<round>1</round>
<failsafecounter/>
<players><player seat="3" name="SNEBOLD28" chips="262" dealer="0" win="524" bet="262" muck="0" rebuy="0" addon="0" merge="0" rebuychips="0" reg_code="8385531451"/>
<player seat="10" name="oreiasccp" chips="1,238" dealer="1" win="0" bet="262" muck="1" rebuy="0" addon="0" merge="0" rebuychips="0" reg_code="8385531596"/>
</players>
</general>
<round no="0"><action no="1" player="oreiasccp" type="15" sum="5"/>
<action no="2" player="SNEBOLD28" type="15" discard="1" dealt="1" sum="5"/>
<action no="3" player="oreiasccp" type="1" sum="30"/>
<action no="4" player="SNEBOLD28" type="2" discard="1" dealt="1" sum="60"/>
</round>
<round no="1"><cards type="Pocket" player="oreiasccp">DQ C4</cards>
<cards type="Pocket" player="SNEBOLD28">C2 D2</cards>
<action no="5" player="oreiasccp" type="23" sum="257"/>
<action no="6" player="SNEBOLD28" type="7" discard="1" dealt="1" sum="197"/>
</round>
<round no="2"><cards type="Flop">D10 H7 H2</cards>
</round>
<round no="3"><cards type="Turn">HA</cards>
</round>
<round no="4"><cards type="River">H6</cards>
</round>
</game>
<game gamecode="11516906707"><general><startdate>2025-06-17 11:02:14</startdate>
<round>1</round>
<failsafecounter/>
<players><player seat="10" name="oreiasccp" chips="976" dealer="0" win="70" bet="65" muck="1" rebuy="0" addon="0" merge="0" rebuychips="0" reg_code="8385531596"/>
<player seat="3" name="SNEBOLD28" chips="524" dealer="1" win="0" bet="35" muck="1" rebuy="0" addon="0" merge="0" rebuychips="0" reg_code="8385531451"/>
</players>
</general>
<round no="0"><action no="1" player="SNEBOLD28" type="15" discard="1" dealt="1" sum="5"/>
<action no="2" player="oreiasccp" type="15" sum="5"/>
<action no="3" player="SNEBOLD28" type="1" discard="1" dealt="1" sum="30"/>
<action no="4" player="oreiasccp" type="2" sum="60"/>
</round>
<round no="1"><cards type="Pocket" player="SNEBOLD28">X X</cards>
<cards type="Pocket" player="oreiasccp">CK C8</cards>
<action no="5" player="SNEBOLD28" type="0" discard="1" dealt="1" sum="0"/>
</round>
</game>
<game gamecode="11516906734"><general><startdate>2025-06-17 11:02:20</startdate>
<round>1</round>
<failsafecounter/>
<players><player seat="3" name="SNEBOLD28" chips="489" dealer="0" win="70" bet="65" muck="1" rebuy="0" addon="0" merge="0" rebuychips="0" reg_code="8385531451"/>
<player seat="10" name="oreiasccp" chips="1,011" dealer="1" win="0" bet="35" muck="1" rebuy="0" addon="0" merge="0" rebuychips="0" reg_code="8385531596"/>
</players>
</general>
<round no="0"><action no="1" player="oreiasccp" type="15" sum="5"/>
<action no="2" player="SNEBOLD28" type="15" discard="1" dealt="1" sum="5"/>
<action no="3" player="oreiasccp" type="1" sum="30"/>
<action no="4" player="SNEBOLD28" type="2" discard="1" dealt="1" sum="60"/>
</round>
<round no="1"><cards type="Pocket" player="oreiasccp">D7 S4</cards>
<cards type="Pocket" player="SNEBOLD28">X X</cards>
<action no="5" player="oreiasccp" type="0" sum="0"/>
</round>
</game>
<game gamecode="11516906759"><general><startdate>2025-06-17 11:02:25</startdate>
<round>1</round>
<failsafecounter/>
<players><player seat="10" name="oreiasccp" chips="976" dealer="0" win="70" bet="65" muck="1" rebuy="0" addon="0" merge="0" rebuychips="0" reg_code="8385531596"/>
<player seat="3" name="SNEBOLD28" chips="524" dealer="1" win="0" bet="35" muck="1" rebuy="0" addon="0" merge="0" rebuychips="0" reg_code="8385531451"/>
</players>
</general>
<round no="0"><action no="1" player="SNEBOLD28" type="15" discard="1" dealt="1" sum="5"/>
<action no="2" player="oreiasccp" type="15" sum="5"/>
<action no="3" player="SNEBOLD28" type="1" discard="1" dealt="1" sum="30"/>
<action no="4" player="oreiasccp" type="2" sum="60"/>
</round>
<round no="1"><cards type="Pocket" player="oreiasccp">DJ S8</cards>
<cards type="Pocket" player="SNEBOLD28">X X</cards>
<action no="5" player="SNEBOLD28" type="0" discard="1" dealt="1" sum="0"/>
</round>
</game>
<game gamecode="11516906781"><general><startdate>2025-06-17 11:02:33</startdate>
<round>1</round>
<failsafecounter/>
<players><player seat="3" name="SNEBOLD28" chips="489" dealer="0" win="0" bet="65" muck="1" rebuy="0" addon="0" merge="0" rebuychips="0" reg_code="8385531451"/>
<player seat="10" name="oreiasccp" chips="1,011" dealer="1" win="130" bet="125" muck="1" rebuy="0" addon="0" merge="0" rebuychips="0" reg_code="8385531596"/>
</players>
</general>
<round no="0"><action no="1" player="oreiasccp" type="15" sum="5"/>
<action no="2" player="SNEBOLD28" type="15" discard="1" dealt="1" sum="5"/>
<action no="3" player="oreiasccp" type="1" sum="30"/>
<action no="4" player="SNEBOLD28" type="2" discard="1" dealt="1" sum="60"/>
</round>
<round no="1"><cards type="Pocket" player="SNEBOLD28">X X</cards>
<cards type="Pocket" player="oreiasccp">D3 D8</cards>
<action no="5" player="oreiasccp" type="3" sum="30"/>
<action no="6" player="SNEBOLD28" type="4" discard="1" dealt="1" sum="0"/>
</round>
<round no="2"><cards type="Flop">HA CA D10</cards>
<action no="7" player="SNEBOLD28" type="4" discard="1" dealt="1" sum="0"/>
<action no="8" player="oreiasccp" type="5" sum="60"/>
<action no="9" player="SNEBOLD28" type="0" discard="1" dealt="1" sum="0"/>
</round>
</game>
<game gamecode="11516906831"><general><startdate>2025-06-17 11:02:44</startdate>
<round>1</round>
<failsafecounter/>
<players><player seat="10" name="oreiasccp" chips="1,076" dealer="0" win="0" bet="65" muck="1" rebuy="0" addon="0" merge="0" rebuychips="0" reg_code="8385531596"/>
<player seat="3" name="SNEBOLD28" chips="424" dealer="1" win="130" bet="424" muck="1" rebuy="0" addon="0" merge="0" rebuychips="0" reg_code="8385531451"/>
</players>
</general>
<round no="0"><action no="1" player="SNEBOLD28" type="15" discard="1" dealt="1" sum="5"/>
<action no="2" player="oreiasccp" type="15" sum="5"/>
<action no="3" player="SNEBOLD28" type="1" discard="1" dealt="1" sum="30"/>
<action no="4" player="oreiasccp" type="2" sum="60"/>
</round>
<round no="1"><cards type="Pocket" player="oreiasccp">S8 S5</cards>
<cards type="Pocket" player="SNEBOLD28">X X</cards>
<action no="5" player="SNEBOLD28" type="23" discard="1" dealt="1" sum="419"/>
<action no="6" player="oreiasccp" type="0" sum="0"/>
</round>
</game>
<game gamecode="11516906870"><general><startdate>2025-06-17 11:02:53</startdate>
<round>1</round>
<failsafecounter/>
<players><player seat="3" name="SNEBOLD28" chips="489" dealer="0" win="0" bet="489" muck="0" rebuy="0" addon="0" merge="0" rebuychips="0" reg_code="8385531451"/>
<player seat="10" name="oreiasccp" chips="1,011" dealer="1" win="978" bet="489" muck="0" rebuy="0" addon="0" merge="0" rebuychips="0" reg_code="8385531596"/>
</players>
</general>
<round no="0"><action no="1" player="oreiasccp" type="15" sum="5"/>
<action no="2" player="SNEBOLD28" type="15" discard="1" dealt="1" sum="5"/>
<action no="3" player="oreiasccp" type="1" sum="30"/>
<action no="4" player="SNEBOLD28" type="2" discard="1" dealt="1" sum="60"/>
</round>
<round no="1"><cards type="Pocket" player="oreiasccp">D4 D7</cards>
<cards type="Pocket" player="SNEBOLD28">C6 CA</cards>
<action no="5" player="oreiasccp" type="23" sum="484"/>
<action no="6" player="SNEBOLD28" type="7" discard="1" dealt="1" sum="424"/>
</round>
<round no="2"><cards type="Flop">D8 HJ DK</cards>
</round>
<round no="3"><cards type="Turn">H4</cards>
</round>
<round no="4"><cards type="River">C10</cards>
</round>
</game>
</session>
