<?xml version="1.0" encoding="UTF-8"?>
<session sessioncode="8385488156">
<general>
<client_version>24.7.1.16</client_version>
<mode>real</mode>
<gametype>Holdem NL</gametype>
<tablename>Twister €5 SNG, 1127660748</tablename>
<tournamentcode>1127660746</tournamentcode>
<tournamentname>Twister €5 SNG</tournamentname>
<buyin>€0 + €0.35 + €4.65</buyin>
<totalbuyin>€5</totalbuyin>
<rewarddrawn>€15</rewarddrawn>
<tournamentcurrency>EUR</tournamentcurrency>
<currency>EUR</currency>
<nickname>oreiasccp</nickname>
<gamecount>37</gamecount>
<startdate>2025-06-17 07:46:05</startdate>
<place>2</place>
<win>€0</win>
<tablesize>3</tablesize>
</general>
<game gamecode="11516768525"><general><startdate>2025-06-17 07:46:20</startdate>
<round>1</round>
<failsafecounter/>
<players><player seat="3" name="YesOrNo" chips="500" dealer="0" win="0" bet="20" muck="1" rebuy="0" addon="0" merge="0" rebuychips="0" reg_code="8385488149"/>
<player seat="6" name="oreiasccp" chips="500" dealer="1" win="0" bet="60" muck="1" rebuy="0" addon="0" merge="0" rebuychips="0" reg_code="8385488156"/>
<player seat="10" name="catmobile" chips="500" dealer="0" win="140" bet="240" muck="1" rebuy="0" addon="0" merge="0" rebuychips="0" reg_code="8385488169"/>
</players>
</general>
<round no="0"><action no="1" player="catmobile" type="1" discard="1" dealt="1" sum="10"/>
<action no="2" player="YesOrNo" type="2" discard="1" dealt="1" sum="20"/>
</round>
<round no="1"><cards type="Pocket" player="oreiasccp">DA C4</cards>
<cards type="Pocket" player="YesOrNo">X X</cards>
<cards type="Pocket" player="catmobile">X X</cards>
<action no="3" player="oreiasccp" type="23" sum="40"/>
<action no="4" player="catmobile" type="3" discard="1" dealt="1" sum="30"/>
<action no="5" player="YesOrNo" type="0" discard="1" dealt="1" sum="0"/>
</round>
<round no="2"><cards type="Flop">D3 S10 DK</cards>
<action no="6" player="catmobile" type="4" discard="1" dealt="1" sum="0"/>
<action no="7" player="oreiasccp" type="4" sum="0"/>
</round>
<round no="3"><cards type="Turn">H10</cards>
<action no="8" player="catmobile" type="5" discard="1" dealt="1" sum="20"/>
<action no="9" player="oreiasccp" type="3" sum="20"/>
</round>
<round no="4"><cards type="River">D10</cards>
<action no="10" player="catmobile" type="5" discard="1" dealt="1" sum="180"/>
<action no="11" player="oreiasccp" type="0" sum="0"/>
</round>
</game>
<game gamecode="11516768588"><general><startdate>2025-06-17 07:46:44</startdate>
<round>1</round>
<failsafecounter/>
<players><player seat="6" name="oreiasccp" chips="440" dealer="0" win="0" bet="20" muck="1" rebuy="0" addon="0" merge="0" rebuychips="0" reg_code="8385488156"/>
<player seat="10" name="catmobile" chips="580" dealer="1" win="50" bet="160" muck="1" rebuy="0" addon="0" merge="0" rebuychips="0" reg_code="8385488169"/>
<player seat="3" name="YesOrNo" chips="480" dealer="0" win="0" bet="10" muck="1" rebuy="0" addon="0" merge="0" rebuychips="0" reg_code="8385488149"/>
</players>
</general>
<round no="0"><action no="1" player="YesOrNo" type="1" discard="1" dealt="1" sum="10"/>
<action no="2" player="oreiasccp" type="2" sum="20"/>
</round>
<round no="1"><cards type="Pocket" player="oreiasccp">S8 DQ</cards>
<cards type="Pocket" player="YesOrNo">X X</cards>
<cards type="Pocket" player="catmobile">X X</cards>
<action no="3" player="catmobile" type="23" discard="1" dealt="1" sum="160"/>
<action no="4" player="YesOrNo" type="0" discard="1" dealt="1" sum="0"/>
<action no="5" player="oreiasccp" type="0" sum="0"/>
</round>
</game>
<game gamecode="11516768628"><general><startdate>2025-06-17 07:46:56</startdate>
<round>1</round>
<failsafecounter/>
<players><player seat="10" name="catmobile" chips="610" dealer="0" win="20" bet="20" muck="1" rebuy="0" addon="0" merge="0" rebuychips="0" reg_code="8385488169"/>
<player seat="3" name="YesOrNo" chips="470" dealer="1" win="0" bet="0" muck="1" rebuy="0" addon="0" merge="0" rebuychips="0" reg_code="8385488149"/>
<player seat="6" name="oreiasccp" chips="420" dealer="0" win="0" bet="10" muck="1" rebuy="0" addon="0" merge="0" rebuychips="0" reg_code="8385488156"/>
</players>
</general>
<round no="0"><action no="1" player="oreiasccp" type="1" sum="10"/>
<action no="2" player="catmobile" type="2" discard="1" dealt="1" sum="20"/>
</round>
<round no="1"><cards type="Pocket" player="YesOrNo">X X</cards>
<cards type="Pocket" player="catmobile">X X</cards>
<cards type="Pocket" player="oreiasccp">S2 H6</cards>
<action no="3" player="YesOrNo" type="0" discard="1" dealt="1" sum="0"/>
<action no="4" player="oreiasccp" type="0" sum="0"/>
</round>
</game>
<game gamecode="11516768648"><general><startdate>2025-06-17 07:47:04</startdate>
<round>1</round>
<failsafecounter/>
<players><player seat="3" name="YesOrNo" chips="470" dealer="0" win="0" bet="40" muck="1" rebuy="0" addon="0" merge="0" rebuychips="0" reg_code="8385488149"/>
<player seat="6" name="oreiasccp" chips="410" dealer="1" win="0" bet="0" muck="1" rebuy="0" addon="0" merge="0" rebuychips="0" reg_code="8385488156"/>
<player seat="10" name="catmobile" chips="620" dealer="0" win="80" bet="140" muck="1" rebuy="0" addon="0" merge="0" rebuychips="0" reg_code="8385488169"/>
</players>
</general>
<round no="0"><action no="1" player="catmobile" type="1" discard="1" dealt="1" sum="10"/>
<action no="2" player="YesOrNo" type="2" discard="1" dealt="1" sum="20"/>
</round>
<round no="1"><cards type="Pocket" player="YesOrNo">X X</cards>
<cards type="Pocket" player="catmobile">X X</cards>
<cards type="Pocket" player="oreiasccp">S6 S2</cards>
<action no="3" player="oreiasccp" type="0" sum="0"/>
<action no="4" player="catmobile" type="23" discard="1" dealt="1" sum="40"/>
<action no="5" player="YesOrNo" type="3" discard="1" dealt="1" sum="20"/>
</round>
<round no="2"><cards type="Flop">C5 H9 D10</cards>
<action no="6" player="catmobile" type="5" discard="1" dealt="1" sum="100"/>
<action no="7" player="YesOrNo" type="0" discard="1" dealt="1" sum="0"/>
</round>
</game>
<game gamecode="11516768710"><general><startdate>2025-06-17 07:47:21</startdate>
<round>1</round>
<failsafecounter/>
<players><player seat="6" name="oreiasccp" chips="410" dealer="0" win="130" bet="60" muck="0" rebuy="0" addon="0" merge="0" rebuychips="0" reg_code="8385488156"/>
<player seat="10" name="catmobile" chips="660" dealer="1" win="0" bet="60" muck="0" rebuy="0" addon="0" merge="0" rebuychips="0" reg_code="8385488169"/>
<player seat="3" name="YesOrNo" chips="430" dealer="0" win="0" bet="10" muck="1" rebuy="0" addon="0" merge="0" rebuychips="0" reg_code="8385488149"/>
</players>
</general>
<round no="0"><action no="1" player="YesOrNo" type="1" discard="1" dealt="1" sum="10"/>
<action no="2" player="oreiasccp" type="2" sum="20"/>
</round>
<round no="1"><cards type="Pocket" player="YesOrNo">X X</cards>
<cards type="Pocket" player="catmobile">C2 C8</cards>
<cards type="Pocket" player="oreiasccp">CQ D4</cards>
<action no="3" player="catmobile" type="3" discard="1" dealt="1" sum="20"/>
<action no="4" player="YesOrNo" type="0" discard="1" dealt="1" sum="0"/>
<action no="5" player="oreiasccp" type="4" sum="0"/>
</round>
<round no="2"><cards type="Flop">D10 C4 D5</cards>
<action no="6" player="oreiasccp" type="4" sum="0"/>
<action no="7" player="catmobile" type="4" discard="1" dealt="1" sum="0"/>
</round>
<round no="3"><cards type="Turn">S2</cards>
<action no="8" player="oreiasccp" type="4" sum="0"/>
<action no="9" player="catmobile" type="5" discard="1" dealt="1" sum="20"/>
<action no="10" player="oreiasccp" type="3" sum="20"/>
</round>
<round no="4"><cards type="River">HJ</cards>
<action no="11" player="oreiasccp" type="4" sum="0"/>
<action no="12" player="catmobile" type="5" discard="1" dealt="1" sum="20"/>
<action no="13" player="oreiasccp" type="3" sum="20"/>
</round>
</game>
<game gamecode="11516768796"><general><startdate>2025-06-17 07:47:50</startdate>
<round>1</round>
<failsafecounter/>
<players><player seat="10" name="catmobile" chips="600" dealer="0" win="0" bet="20" muck="1" rebuy="0" addon="0" merge="0" rebuychips="0" reg_code="8385488169"/>
<player seat="3" name="YesOrNo" chips="420" dealer="1" win="0" bet="0" muck="1" rebuy="0" addon="0" merge="0" rebuychips="0" reg_code="8385488149"/>
<player seat="6" name="oreiasccp" chips="480" dealer="0" win="40" bet="40" muck="1" rebuy="0" addon="0" merge="0" rebuychips="0" reg_code="8385488156"/>
</players>
</general>
<round no="0"><action no="1" player="oreiasccp" type="1" sum="10"/>
<action no="2" player="catmobile" type="2" discard="1" dealt="1" sum="20"/>
</round>
<round no="1"><cards type="Pocket" player="YesOrNo">X X</cards>
<cards type="Pocket" player="catmobile">X X</cards>
<cards type="Pocket" player="oreiasccp">S4 SK</cards>
<action no="3" player="YesOrNo" type="0" discard="1" dealt="1" sum="0"/>
<action no="4" player="oreiasccp" type="23" sum="40"/>
<action no="5" player="catmobile" type="0" discard="1" dealt="1" sum="0"/>
</round>
</game>
<game gamecode="11516768836"><general><startdate>2025-06-17 07:48:00</startdate>
<round>1</round>
<failsafecounter/>
<players><player seat="3" name="YesOrNo" chips="420" dealer="0" win="0" bet="20" muck="1" rebuy="0" addon="0" merge="0" rebuychips="0" reg_code="8385488149"/>
<player seat="6" name="oreiasccp" chips="500" dealer="1" win="0" bet="0" muck="1" rebuy="0" addon="0" merge="0" rebuychips="0" reg_code="8385488156"/>
<player seat="10" name="catmobile" chips="580" dealer="0" win="40" bet="80" muck="1" rebuy="0" addon="0" merge="0" rebuychips="0" reg_code="8385488169"/>
</players>
</general>
<round no="0"><action no="1" player="catmobile" type="1" discard="1" dealt="1" sum="10"/>
<action no="2" player="YesOrNo" type="2" discard="1" dealt="1" sum="20"/>
</round>
<round no="1"><cards type="Pocket" player="oreiasccp">C4 HK</cards>
<cards type="Pocket" player="catmobile">X X</cards>
<cards type="Pocket" player="YesOrNo">X X</cards>
<action no="3" player="oreiasccp" type="0" sum="0"/>
<action no="4" player="catmobile" type="23" discard="1" dealt="1" sum="80"/>
<action no="5" player="YesOrNo" type="0" discard="1" dealt="1" sum="0"/>
</round>
</game>
<game gamecode="11516768871"><general><startdate>2025-06-17 07:48:11</startdate>
<round>1</round>
<failsafecounter/>
<players><player seat="6" name="oreiasccp" chips="500" dealer="0" win="0" bet="20" muck="1" rebuy="0" addon="0" merge="0" rebuychips="0" reg_code="8385488156"/>
<player seat="10" name="catmobile" chips="600" dealer="1" win="0" bet="40" muck="1" rebuy="0" addon="0" merge="0" rebuychips="0" reg_code="8385488169"/>
<player seat="3" name="YesOrNo" chips="400" dealer="0" win="100" bet="400" muck="1" rebuy="0" addon="0" merge="0" rebuychips="0" reg_code="8385488149"/>
</players>
</general>
<round no="0"><action no="1" player="YesOrNo" type="1" discard="1" dealt="1" sum="10"/>
<action no="2" player="oreiasccp" type="2" sum="20"/>
</round>
<round no="1"><cards type="Pocket" player="catmobile">X X</cards>
<cards type="Pocket" player="oreiasccp">C6 C9</cards>
<cards type="Pocket" player="YesOrNo">X X</cards>
<action no="3" player="catmobile" type="23" discard="1" dealt="1" sum="40"/>
<action no="4" player="YesOrNo" type="23" discard="1" dealt="1" sum="400"/>
<action no="5" player="oreiasccp" type="0" sum="0"/>
<action no="6" player="catmobile" type="0" discard="1" dealt="1" sum="0"/>
</round>
</game>
<game gamecode="11516768917"><general><startdate>2025-06-17 07:48:26</startdate>
<round>1</round>
<failsafecounter/>
<players><player seat="10" name="catmobile" chips="560" dealer="0" win="195" bet="560" muck="1" rebuy="0" addon="0" merge="0" rebuychips="0" reg_code="8385488169"/>
<player seat="3" name="YesOrNo" chips="460" dealer="1" win="0" bet="5" muck="1" rebuy="0" addon="0" merge="0" rebuychips="0" reg_code="8385488149"/>
<player seat="6" name="oreiasccp" chips="480" dealer="0" win="0" bet="95" muck="1" rebuy="0" addon="0" merge="0" rebuychips="0" reg_code="8385488156"/>
</players>
</general>
<round no="0"><action no="1" player="oreiasccp" type="15" sum="5"/>
<action no="2" player="catmobile" type="15" discard="1" dealt="1" sum="5"/>
<action no="3" player="YesOrNo" type="15" discard="1" dealt="1" sum="5"/>
<action no="4" player="oreiasccp" type="1" sum="15"/>
<action no="5" player="catmobile" type="2" discard="1" dealt="1" sum="30"/>
</round>
<round no="1"><cards type="Pocket" player="catmobile">X X</cards>
<cards type="Pocket" player="YesOrNo">X X</cards>
<cards type="Pocket" player="oreiasccp">H10 CK</cards>
<action no="6" player="YesOrNo" type="0" discard="1" dealt="1" sum="0"/>
<action no="7" player="oreiasccp" type="23" sum="60"/>
<action no="8" player="catmobile" type="3" discard="1" dealt="1" sum="30"/>
</round>
<round no="2"><cards type="Flop">D4 S2 H6</cards>
<action no="9" player="oreiasccp" type="5" sum="30"/>
<action no="10" player="catmobile" type="23" discard="1" dealt="1" sum="495"/>
<action no="11" player="oreiasccp" type="0" sum="0"/>
</round>
</game>
<game gamecode="11516768963"><general><startdate>2025-06-17 07:48:41</startdate>
<round>1</round>
<failsafecounter/>
<players><player seat="3" name="YesOrNo" chips="455" dealer="0" win="0" bet="35" muck="1" rebuy="0" addon="0" merge="0" rebuychips="0" reg_code="8385488149"/>
<player seat="6" name="oreiasccp" chips="385" dealer="1" win="0" bet="5" muck="1" rebuy="0" addon="0" merge="0" rebuychips="0" reg_code="8385488156"/>
<player seat="10" name="catmobile" chips="660" dealer="0" win="75" bet="660" muck="1" rebuy="0" addon="0" merge="0" rebuychips="0" reg_code="8385488169"/>
</players>
</general>
<round no="0"><action no="1" player="catmobile" type="15" discard="1" dealt="1" sum="5"/>
<action no="2" player="YesOrNo" type="15" discard="1" dealt="1" sum="5"/>
<action no="3" player="oreiasccp" type="15" sum="5"/>
<action no="4" player="catmobile" type="1" discard="1" dealt="1" sum="15"/>
<action no="5" player="YesOrNo" type="2" discard="1" dealt="1" sum="30"/>
</round>
<round no="1"><cards type="Pocket" player="YesOrNo">X X</cards>
<cards type="Pocket" player="oreiasccp">S7 H5</cards>
<cards type="Pocket" player="catmobile">X X</cards>
<action no="6" player="oreiasccp" type="0" sum="0"/>
<action no="7" player="catmobile" type="23" discard="1" dealt="1" sum="655"/>
<action no="8" player="YesOrNo" type="0" discard="1" dealt="1" sum="0"/>
</round>
</game>
<game gamecode="11516769005"><general><startdate>2025-06-17 07:48:52</startdate>
<round>1</round>
<failsafecounter/>
<players><player seat="6" name="oreiasccp" chips="380" dealer="0" win="765" bet="380" muck="0" rebuy="0" addon="0" merge="0" rebuychips="0" reg_code="8385488156"/>
<player seat="10" name="catmobile" chips="700" dealer="1" win="0" bet="5" muck="1" rebuy="0" addon="0" merge="0" rebuychips="0" reg_code="8385488169"/>
<player seat="3" name="YesOrNo" chips="420" dealer="0" win="0" bet="420" muck="0" rebuy="0" addon="0" merge="0" rebuychips="0" reg_code="8385488149"/>
</players>
</general>
<round no="0"><action no="1" player="YesOrNo" type="15" discard="1" dealt="1" sum="5"/>
<action no="2" player="oreiasccp" type="15" sum="5"/>
<action no="3" player="catmobile" type="15" discard="1" dealt="1" sum="5"/>
<action no="4" player="YesOrNo" type="1" discard="1" dealt="1" sum="15"/>
<action no="5" player="oreiasccp" type="2" sum="30"/>
</round>
<round no="1"><cards type="Pocket" player="oreiasccp">SA HA</cards>
<cards type="Pocket" player="catmobile">X X</cards>
<cards type="Pocket" player="YesOrNo">CJ CA</cards>
<action no="6" player="catmobile" type="0" discard="1" dealt="1" sum="0"/>
<action no="7" player="YesOrNo" type="23" discard="1" dealt="1" sum="415"/>
<action no="8" player="oreiasccp" type="7" sum="345"/>
</round>
<round no="2"><cards type="Flop">D5 S9 C8</cards>
</round>
<round no="3"><cards type="Turn">DA</cards>
</round>
<round no="4"><cards type="River">H4</cards>
</round>
</game>
<game gamecode="11516769072"><general><startdate>2025-06-17 07:49:12</startdate>
<round>1</round>
<failsafecounter/>
<players><player seat="10" name="catmobile" chips="695" dealer="0" win="0" bet="40" muck="1" rebuy="0" addon="0" merge="0" rebuychips="0" reg_code="8385488169"/>
<player seat="3" name="YesOrNo" chips="40" dealer="1" win="0" bet="40" muck="0" rebuy="0" addon="0" merge="0" rebuychips="0" reg_code="8385488149"/>
<player seat="6" name="oreiasccp" chips="765" dealer="0" win="120" bet="40" muck="0" rebuy="0" addon="0" merge="0" rebuychips="0" reg_code="8385488156"/>
</players>
</general>
<round no="0"><action no="1" player="oreiasccp" type="15" sum="5"/>
<action no="2" player="catmobile" type="15" discard="1" dealt="1" sum="5"/>
<action no="3" player="YesOrNo" type="15" discard="1" dealt="1" sum="5"/>
<action no="4" player="oreiasccp" type="1" sum="15"/>
<action no="5" player="catmobile" type="2" discard="1" dealt="1" sum="30"/>
</round>
<round no="1"><cards type="Pocket" player="catmobile">X X</cards>
<cards type="Pocket" player="YesOrNo">D7 S6</cards>
<cards type="Pocket" player="oreiasccp">DK H10</cards>
<action no="6" player="YesOrNo" type="7" discard="1" dealt="1" sum="35"/>
<action no="7" player="oreiasccp" type="3" sum="20"/>
<action no="8" player="catmobile" type="3" discard="1" dealt="1" sum="5"/>
</round>
<round no="2"><cards type="Flop">HK CA HJ</cards>
<action no="9" player="oreiasccp" type="4" sum="0"/>
<action no="10" player="catmobile" type="0" discard="1" dealt="1" sum="0"/>
</round>
<round no="3"><cards type="Turn">C5</cards>
</round>
<round no="4"><cards type="River">C4</cards>
</round>
</game>
<game gamecode="11516769141"><general><startdate>2025-06-17 07:49:31</startdate>
<round>1</round>
<failsafecounter/>
<players><player seat="10" name="catmobile" chips="655" dealer="0" win="40" bet="35" muck="1" rebuy="0" addon="0" merge="0" rebuychips="0" reg_code="8385488169"/>
<player seat="6" name="oreiasccp" chips="845" dealer="1" win="0" bet="20" muck="1" rebuy="0" addon="0" merge="0" rebuychips="0" reg_code="8385488156"/>
</players>
</general>
<round no="0"><action no="1" player="oreiasccp" type="15" sum="5"/>
<action no="2" player="catmobile" type="15" discard="1" dealt="1" sum="5"/>
<action no="3" player="oreiasccp" type="1" sum="15"/>
<action no="4" player="catmobile" type="2" discard="1" dealt="1" sum="30"/>
</round>
<round no="1"><cards type="Pocket" player="oreiasccp">H2 C3</cards>
<cards type="Pocket" player="catmobile">X X</cards>
<action no="5" player="oreiasccp" type="0" sum="0"/>
</round>
</game>
<game gamecode="11516769158"><general><startdate>2025-06-17 07:49:36</startdate>
<round>1</round>
<failsafecounter/>
<players><player seat="6" name="oreiasccp" chips="825" dealer="0" win="0" bet="65" muck="1" rebuy="0" addon="0" merge="0" rebuychips="0" reg_code="8385488156"/>
<player seat="10" name="catmobile" chips="675" dealer="1" win="130" bet="95" muck="1" rebuy="0" addon="0" merge="0" rebuychips="0" reg_code="8385488169"/>
</players>
</general>
<round no="0"><action no="1" player="catmobile" type="15" discard="1" dealt="1" sum="5"/>
<action no="2" player="oreiasccp" type="15" sum="5"/>
<action no="3" player="catmobile" type="1" discard="1" dealt="1" sum="15"/>
<action no="4" player="oreiasccp" type="2" sum="30"/>
</round>
<round no="1"><cards type="Pocket" player="catmobile">X X</cards>
<cards type="Pocket" player="oreiasccp">HQ H4</cards>
<action no="5" player="catmobile" type="23" discard="1" dealt="1" sum="60"/>
<action no="6" player="oreiasccp" type="3" sum="30"/>
</round>
<round no="2"><cards type="Flop">H10 C8 C2</cards>
<action no="7" player="oreiasccp" type="4" sum="0"/>
<action no="8" player="catmobile" type="5" discard="1" dealt="1" sum="30"/>
<action no="9" player="oreiasccp" type="0" sum="0"/>
</round>
</game>
<game gamecode="11516769196"><general><startdate>2025-06-17 07:49:48</startdate>
<round>1</round>
<failsafecounter/>
<players><player seat="10" name="catmobile" chips="740" dealer="0" win="0" bet="155" muck="1" rebuy="0" addon="0" merge="0" rebuychips="0" reg_code="8385488169"/>
<player seat="6" name="oreiasccp" chips="760" dealer="1" win="310" bet="381" muck="1" rebuy="0" addon="0" merge="0" rebuychips="0" reg_code="8385488156"/>
</players>
</general>
<round no="0"><action no="1" player="oreiasccp" type="15" sum="5"/>
<action no="2" player="catmobile" type="15" discard="1" dealt="1" sum="5"/>
<action no="3" player="oreiasccp" type="1" sum="15"/>
<action no="4" player="catmobile" type="2" discard="1" dealt="1" sum="30"/>
</round>
<round no="1"><cards type="Pocket" player="catmobile">X X</cards>
<cards type="Pocket" player="oreiasccp">D8 SA</cards>
<action no="5" player="oreiasccp" type="3" sum="15"/>
<action no="6" player="catmobile" type="4" discard="1" dealt="1" sum="0"/>
</round>
<round no="2"><cards type="Flop">C7 C9 H10</cards>
<action no="7" player="catmobile" type="5" discard="1" dealt="1" sum="30"/>
<action no="8" player="oreiasccp" type="3" sum="30"/>
</round>
<round no="3"><cards type="Turn">H6</cards>
<action no="9" player="catmobile" type="5" discard="1" dealt="1" sum="30"/>
<action no="10" player="oreiasccp" type="23" sum="90"/>
<action no="11" player="catmobile" type="3" discard="1" dealt="1" sum="60"/>
</round>
<round no="4"><cards type="River">D6</cards>
<action no="12" player="catmobile" type="4" discard="1" dealt="1" sum="0"/>
<action no="13" player="oreiasccp" type="5" sum="226"/>
<action no="14" player="catmobile" type="0" discard="1" dealt="1" sum="0"/>
</round>
</game>
<game gamecode="11516769291"><general><startdate>2025-06-17 07:50:16</startdate>
<round>1</round>
<failsafecounter/>
<players><player seat="6" name="oreiasccp" chips="915" dealer="0" win="70" bet="65" muck="1" rebuy="0" addon="0" merge="0" rebuychips="0" reg_code="8385488156"/>
<player seat="10" name="catmobile" chips="585" dealer="1" win="0" bet="35" muck="1" rebuy="0" addon="0" merge="0" rebuychips="0" reg_code="8385488169"/>
</players>
</general>
<round no="0"><action no="1" player="catmobile" type="15" discard="1" dealt="1" sum="5"/>
<action no="2" player="oreiasccp" type="15" sum="5"/>
<action no="3" player="catmobile" type="1" discard="1" dealt="1" sum="15"/>
<action no="4" player="oreiasccp" type="2" sum="30"/>
</round>
<round no="1"><cards type="Pocket" player="oreiasccp">C8 S7</cards>
<cards type="Pocket" player="catmobile">X X</cards>
<action no="5" player="catmobile" type="3" discard="1" dealt="1" sum="15"/>
<action no="6" player="oreiasccp" type="4" sum="0"/>
</round>
<round no="2"><cards type="Flop">H5 C10 H2</cards>
<action no="7" player="oreiasccp" type="4" sum="0"/>
<action no="8" player="catmobile" type="4" discard="1" dealt="1" sum="0"/>
</round>
<round no="3"><cards type="Turn">S2</cards>
<action no="9" player="oreiasccp" type="4" sum="0"/>
<action no="10" player="catmobile" type="4" discard="1" dealt="1" sum="0"/>
</round>
<round no="4"><cards type="River">H8</cards>
<action no="11" player="oreiasccp" type="5" sum="30"/>
<action no="12" player="catmobile" type="0" discard="1" dealt="1" sum="0"/>
</round>
</game>
<game gamecode="11516769368"><general><startdate>2025-06-17 07:50:42</startdate>
<round>1</round>
<failsafecounter/>
<players><player seat="10" name="catmobile" chips="550" dealer="0" win="0" bet="45" muck="1" rebuy="0" addon="0" merge="0" rebuychips="0" reg_code="8385488169"/>
<player seat="6" name="oreiasccp" chips="950" dealer="1" win="90" bet="85" muck="1" rebuy="0" addon="0" merge="0" rebuychips="0" reg_code="8385488156"/>
</players>
</general>
<round no="0"><action no="1" player="oreiasccp" type="15" sum="5"/>
<action no="2" player="catmobile" type="15" discard="1" dealt="1" sum="5"/>
<action no="3" player="oreiasccp" type="1" sum="20"/>
<action no="4" player="catmobile" type="2" discard="1" dealt="1" sum="40"/>
</round>
<round no="1"><cards type="Pocket" player="catmobile">X X</cards>
<cards type="Pocket" player="oreiasccp">S5 S3</cards>
<action no="5" player="oreiasccp" type="3" sum="20"/>
<action no="6" player="catmobile" type="4" discard="1" dealt="1" sum="0"/>
</round>
<round no="2"><cards type="Flop">D5 C3 DJ</cards>
<action no="7" player="catmobile" type="4" discard="1" dealt="1" sum="0"/>
<action no="8" player="oreiasccp" type="5" sum="40"/>
<action no="9" player="catmobile" type="0" discard="1" dealt="1" sum="0"/>
</round>
</game>
<game gamecode="11516769404"><general><startdate>2025-06-17 07:50:55</startdate>
<round>1</round>
<failsafecounter/>
<players><player seat="6" name="oreiasccp" chips="995" dealer="0" win="0" bet="85" muck="1" rebuy="0" addon="0" merge="0" rebuychips="0" reg_code="8385488156"/>
<player seat="10" name="catmobile" chips="505" dealer="1" win="170" bet="125" muck="1" rebuy="0" addon="0" merge="0" rebuychips="0" reg_code="8385488169"/>
</players>
</general>
<round no="0"><action no="1" player="catmobile" type="15" discard="1" dealt="1" sum="5"/>
<action no="2" player="oreiasccp" type="15" sum="5"/>
<action no="3" player="catmobile" type="1" discard="1" dealt="1" sum="20"/>
<action no="4" player="oreiasccp" type="2" sum="40"/>
</round>
<round no="1"><cards type="Pocket" player="catmobile">X X</cards>
<cards type="Pocket" player="oreiasccp">H6 HQ</cards>
<action no="5" player="catmobile" type="23" discard="1" dealt="1" sum="80"/>
<action no="6" player="oreiasccp" type="3" sum="40"/>
</round>
<round no="2"><cards type="Flop">CA S2 DA</cards>
<action no="7" player="oreiasccp" type="4" sum="0"/>
<action no="8" player="catmobile" type="5" discard="1" dealt="1" sum="40"/>
<action no="9" player="oreiasccp" type="0" sum="0"/>
</round>
</game>
<game gamecode="11516769444"><general><startdate>2025-06-17 07:51:08</startdate>
<round>1</round>
<failsafecounter/>
<players><player seat="10" name="catmobile" chips="590" dealer="0" win="0" bet="45" muck="1" rebuy="0" addon="0" merge="0" rebuychips="0" reg_code="8385488169"/>
<player seat="6" name="oreiasccp" chips="910" dealer="1" win="90" bet="85" muck="1" rebuy="0" addon="0" merge="0" rebuychips="0" reg_code="8385488156"/>
</players>
</general>
<round no="0"><action no="1" player="oreiasccp" type="15" sum="5"/>
<action no="2" player="catmobile" type="15" discard="1" dealt="1" sum="5"/>
<action no="3" player="oreiasccp" type="1" sum="20"/>
<action no="4" player="catmobile" type="2" discard="1" dealt="1" sum="40"/>
</round>
<round no="1"><cards type="Pocket" player="oreiasccp">SQ D10</cards>
<cards type="Pocket" player="catmobile">X X</cards>
<action no="5" player="oreiasccp" type="3" sum="20"/>
<action no="6" player="catmobile" type="4" discard="1" dealt="1" sum="0"/>
</round>
<round no="2"><cards type="Flop">H7 D9 S10</cards>
<action no="7" player="catmobile" type="4" discard="1" dealt="1" sum="0"/>
<action no="8" player="oreiasccp" type="5" sum="40"/>
<action no="9" player="catmobile" type="0" discard="1" dealt="1" sum="0"/>
</round>
</game>
<game gamecode="11516769473"><general><startdate>2025-06-17 07:51:20</startdate>
<round>1</round>
<failsafecounter/>
<players><player seat="6" name="oreiasccp" chips="955" dealer="0" win="50" bet="45" muck="1" rebuy="0" addon="0" merge="0" rebuychips="0" reg_code="8385488156"/>
<player seat="10" name="catmobile" chips="545" dealer="1" win="0" bet="25" muck="1" rebuy="0" addon="0" merge="0" rebuychips="0" reg_code="8385488169"/>
</players>
</general>
<round no="0"><action no="1" player="catmobile" type="15" discard="1" dealt="1" sum="5"/>
<action no="2" player="oreiasccp" type="15" sum="5"/>
<action no="3" player="catmobile" type="1" discard="1" dealt="1" sum="20"/>
<action no="4" player="oreiasccp" type="2" sum="40"/>
</round>
<round no="1"><cards type="Pocket" player="oreiasccp">S10 D8</cards>
<cards type="Pocket" player="catmobile">X X</cards>
<action no="5" player="catmobile" type="0" discard="1" dealt="1" sum="0"/>
</round>
</game>
<game gamecode="11516769498"><general><startdate>2025-06-17 07:51:28</startdate>
<round>1</round>
<failsafecounter/>
<players><player seat="10" name="catmobile" chips="520" dealer="0" win="90" bet="85" muck="1" rebuy="0" addon="0" merge="0" rebuychips="0" reg_code="8385488169"/>
<player seat="6" name="oreiasccp" chips="980" dealer="1" win="0" bet="45" muck="1" rebuy="0" addon="0" merge="0" rebuychips="0" reg_code="8385488156"/>
</players>
</general>
<round no="0"><action no="1" player="oreiasccp" type="15" sum="5"/>
<action no="2" player="catmobile" type="15" discard="1" dealt="1" sum="5"/>
<action no="3" player="oreiasccp" type="1" sum="20"/>
<action no="4" player="catmobile" type="2" discard="1" dealt="1" sum="40"/>
</round>
<round no="1"><cards type="Pocket" player="oreiasccp">S10 C7</cards>
<cards type="Pocket" player="catmobile">X X</cards>
<action no="5" player="oreiasccp" type="3" sum="20"/>
<action no="6" player="catmobile" type="4" discard="1" dealt="1" sum="0"/>
</round>
<round no="2"><cards type="Flop">S4 HJ D2</cards>
<action no="7" player="catmobile" type="5" discard="1" dealt="1" sum="40"/>
<action no="8" player="oreiasccp" type="0" sum="0"/>
</round>
</game>
<game gamecode="11516769531"><general><startdate>2025-06-17 07:51:40</startdate>
<round>1</round>
<failsafecounter/>
<players><player seat="6" name="oreiasccp" chips="935" dealer="0" win="0" bet="85" muck="1" rebuy="0" addon="0" merge="0" rebuychips="0" reg_code="8385488156"/>
<player seat="10" name="catmobile" chips="565" dealer="1" win="170" bet="165" muck="1" rebuy="0" addon="0" merge="0" rebuychips="0" reg_code="8385488169"/>
</players>
</general>
<round no="0"><action no="1" player="catmobile" type="15" discard="1" dealt="1" sum="5"/>
<action no="2" player="oreiasccp" type="15" sum="5"/>
<action no="3" player="catmobile" type="1" discard="1" dealt="1" sum="20"/>
<action no="4" player="oreiasccp" type="2" sum="40"/>
</round>
<round no="1"><cards type="Pocket" player="catmobile">X X</cards>
<cards type="Pocket" player="oreiasccp">D2 DJ</cards>
<action no="5" player="catmobile" type="23" discard="1" dealt="1" sum="80"/>
<action no="6" player="oreiasccp" type="3" sum="40"/>
</round>
<round no="2"><cards type="Flop">S6 D4 CK</cards>
<action no="7" player="oreiasccp" type="4" sum="0"/>
<action no="8" player="catmobile" type="5" discard="1" dealt="1" sum="80"/>
<action no="9" player="oreiasccp" type="0" sum="0"/>
</round>
</game>
<game gamecode="11516769576"><general><startdate>2025-06-17 07:51:56</startdate>
<round>1</round>
<failsafecounter/>
<players><player seat="10" name="catmobile" chips="650" dealer="0" win="0" bet="45" muck="1" rebuy="0" addon="0" merge="0" rebuychips="0" reg_code="8385488169"/>
<player seat="6" name="oreiasccp" chips="850" dealer="1" win="90" bet="85" muck="1" rebuy="0" addon="0" merge="0" rebuychips="0" reg_code="8385488156"/>
</players>
</general>
<round no="0"><action no="1" player="oreiasccp" type="15" sum="5"/>
<action no="2" player="catmobile" type="15" discard="1" dealt="1" sum="5"/>
<action no="3" player="oreiasccp" type="1" sum="20"/>
<action no="4" player="catmobile" type="2" discard="1" dealt="1" sum="40"/>
</round>
<round no="1"><cards type="Pocket" player="catmobile">X X</cards>
<cards type="Pocket" player="oreiasccp">S7 D8</cards>
<action no="5" player="oreiasccp" type="23" sum="80"/>
<action no="6" player="catmobile" type="0" discard="1" dealt="1" sum="0"/>
</round>
</game>
<game gamecode="11516769596"><general><startdate>2025-06-17 07:52:03</startdate>
<round>1</round>
<failsafecounter/>
<players><player seat="6" name="oreiasccp" chips="895" dealer="0" win="0" bet="45" muck="1" rebuy="0" addon="0" merge="0" rebuychips="0" reg_code="8385488156"/>
<player seat="10" name="catmobile" chips="605" dealer="1" win="90" bet="125" muck="1" rebuy="0" addon="0" merge="0" rebuychips="0" reg_code="8385488169"/>
</players>
</general>
<round no="0"><action no="1" player="catmobile" type="15" discard="1" dealt="1" sum="5"/>
<action no="2" player="oreiasccp" type="15" sum="5"/>
<action no="3" player="catmobile" type="1" discard="1" dealt="1" sum="20"/>
<action no="4" player="oreiasccp" type="2" sum="40"/>
</round>
<round no="1"><cards type="Pocket" player="oreiasccp">S8 D3</cards>
<cards type="Pocket" player="catmobile">X X</cards>
<action no="5" player="catmobile" type="23" discard="1" dealt="1" sum="120"/>
<action no="6" player="oreiasccp" type="0" sum="0"/>
</round>
</game>
<game gamecode="11516769618"><general><startdate>2025-06-17 07:52:10</startdate>
<round>1</round>
<failsafecounter/>
<players><player seat="10" name="catmobile" chips="650" dealer="0" win="0" bet="45" muck="1" rebuy="0" addon="0" merge="0" rebuychips="0" reg_code="8385488169"/>
<player seat="6" name="oreiasccp" chips="850" dealer="1" win="90" bet="135" muck="1" rebuy="0" addon="0" merge="0" rebuychips="0" reg_code="8385488156"/>
</players>
</general>
<round no="0"><action no="1" player="oreiasccp" type="15" sum="5"/>
<action no="2" player="catmobile" type="15" discard="1" dealt="1" sum="5"/>
<action no="3" player="oreiasccp" type="1" sum="20"/>
<action no="4" player="catmobile" type="2" discard="1" dealt="1" sum="40"/>
</round>
<round no="1"><cards type="Pocket" player="oreiasccp">DQ DJ</cards>
<cards type="Pocket" player="catmobile">X X</cards>
<action no="5" player="oreiasccp" type="3" sum="20"/>
<action no="6" player="catmobile" type="4" discard="1" dealt="1" sum="0"/>
</round>
<round no="2"><cards type="Flop">H9 HK S3</cards>
<action no="7" player="catmobile" type="4" discard="1" dealt="1" sum="0"/>
<action no="8" player="oreiasccp" type="4" sum="0"/>
</round>
<round no="3"><cards type="Turn">H10</cards>
<action no="9" player="catmobile" type="4" discard="1" dealt="1" sum="0"/>
<action no="10" player="oreiasccp" type="5" sum="90"/>
<action no="11" player="catmobile" type="0" discard="1" dealt="1" sum="0"/>
</round>
</game>
<game gamecode="11516769656"><general><startdate>2025-06-17 07:52:25</startdate>
<round>1</round>
<failsafecounter/>
<players><player seat="6" name="oreiasccp" chips="895" dealer="0" win="0" bet="125" muck="1" rebuy="0" addon="0" merge="0" rebuychips="0" reg_code="8385488156"/>
<player seat="10" name="catmobile" chips="605" dealer="1" win="250" bet="605" muck="1" rebuy="0" addon="0" merge="0" rebuychips="0" reg_code="8385488169"/>
</players>
</general>
<round no="0"><action no="1" player="catmobile" type="15" discard="1" dealt="1" sum="5"/>
<action no="2" player="oreiasccp" type="15" sum="5"/>
<action no="3" player="catmobile" type="1" discard="1" dealt="1" sum="30"/>
<action no="4" player="oreiasccp" type="2" sum="60"/>
</round>
<round no="1"><cards type="Pocket" player="catmobile">X X</cards>
<cards type="Pocket" player="oreiasccp">DJ D4</cards>
<action no="5" player="catmobile" type="23" discard="1" dealt="1" sum="120"/>
<action no="6" player="oreiasccp" type="3" sum="60"/>
</round>
<round no="2"><cards type="Flop">HQ C8 H5</cards>
<action no="7" player="oreiasccp" type="4" sum="0"/>
<action no="8" player="catmobile" type="5" discard="1" dealt="1" sum="480"/>
<action no="9" player="oreiasccp" type="0" sum="0"/>
</round>
</game>
<game gamecode="11516769711"><general><startdate>2025-06-17 07:52:41</startdate>
<round>1</round>
<failsafecounter/>
<players><player seat="10" name="catmobile" chips="730" dealer="0" win="0" bet="125" muck="1" rebuy="0" addon="0" merge="0" rebuychips="0" reg_code="8385488169"/>
<player seat="6" name="oreiasccp" chips="770" dealer="1" win="250" bet="125" muck="0" rebuy="0" addon="0" merge="0" rebuychips="0" reg_code="8385488156"/>
</players>
</general>
<round no="0"><action no="1" player="oreiasccp" type="15" sum="5"/>
<action no="2" player="catmobile" type="15" discard="1" dealt="1" sum="5"/>
<action no="3" player="oreiasccp" type="1" sum="30"/>
<action no="4" player="catmobile" type="2" discard="1" dealt="1" sum="60"/>
</round>
<round no="1"><cards type="Pocket" player="oreiasccp">H7 S7</cards>
<cards type="Pocket" player="catmobile">C9 C5</cards>
<action no="5" player="oreiasccp" type="3" sum="30"/>
<action no="6" player="catmobile" type="4" discard="1" dealt="1" sum="0"/>
</round>
<round no="2"><cards type="Flop">C10 D2 D8</cards>
<action no="7" player="catmobile" type="4" discard="1" dealt="1" sum="0"/>
<action no="8" player="oreiasccp" type="4" sum="0"/>
</round>
<round no="3"><cards type="Turn">C3</cards>
<action no="9" player="catmobile" type="5" discard="1" dealt="1" sum="60"/>
<action no="10" player="oreiasccp" type="3" sum="60"/>
</round>
<round no="4"><cards type="River">H3</cards>
<action no="11" player="catmobile" type="4" discard="1" dealt="1" sum="0"/>
<action no="12" player="oreiasccp" type="4" sum="0"/>
</round>
</game>
<game gamecode="11516769759"><general><startdate>2025-06-17 07:52:59</startdate>
<round>1</round>
<failsafecounter/>
<players><player seat="6" name="oreiasccp" chips="895" dealer="0" win="0" bet="125" muck="1" rebuy="0" addon="0" merge="0" rebuychips="0" reg_code="8385488156"/>
<player seat="10" name="catmobile" chips="605" dealer="1" win="250" bet="605" muck="1" rebuy="0" addon="0" merge="0" rebuychips="0" reg_code="8385488169"/>
</players>
</general>
<round no="0"><action no="1" player="catmobile" type="15" discard="1" dealt="1" sum="5"/>
<action no="2" player="oreiasccp" type="15" sum="5"/>
<action no="3" player="catmobile" type="1" discard="1" dealt="1" sum="30"/>
<action no="4" player="oreiasccp" type="2" sum="60"/>
</round>
<round no="1"><cards type="Pocket" player="oreiasccp">D6 D3</cards>
<cards type="Pocket" player="catmobile">X X</cards>
<action no="5" player="catmobile" type="23" discard="1" dealt="1" sum="120"/>
<action no="6" player="oreiasccp" type="3" sum="60"/>
</round>
<round no="2"><cards type="Flop">DQ SK C2</cards>
<action no="7" player="oreiasccp" type="4" sum="0"/>
<action no="8" player="catmobile" type="5" discard="1" dealt="1" sum="480"/>
<action no="9" player="oreiasccp" type="0" sum="0"/>
</round>
</game>
<game gamecode="11516769793"><general><startdate>2025-06-17 07:53:13</startdate>
<round>1</round>
<failsafecounter/>
<players><player seat="10" name="catmobile" chips="730" dealer="0" win="0" bet="65" muck="1" rebuy="0" addon="0" merge="0" rebuychips="0" reg_code="8385488169"/>
<player seat="6" name="oreiasccp" chips="770" dealer="1" win="130" bet="125" muck="1" rebuy="0" addon="0" merge="0" rebuychips="0" reg_code="8385488156"/>
</players>
</general>
<round no="0"><action no="1" player="oreiasccp" type="15" sum="5"/>
<action no="2" player="catmobile" type="15" discard="1" dealt="1" sum="5"/>
<action no="3" player="oreiasccp" type="1" sum="30"/>
<action no="4" player="catmobile" type="2" discard="1" dealt="1" sum="60"/>
</round>
<round no="1"><cards type="Pocket" player="oreiasccp">H6 H4</cards>
<cards type="Pocket" player="catmobile">X X</cards>
<action no="5" player="oreiasccp" type="3" sum="30"/>
<action no="6" player="catmobile" type="4" discard="1" dealt="1" sum="0"/>
</round>
<round no="2"><cards type="Flop">D9 C7 D2</cards>
<action no="7" player="catmobile" type="4" discard="1" dealt="1" sum="0"/>
<action no="8" player="oreiasccp" type="5" sum="60"/>
<action no="9" player="catmobile" type="0" discard="1" dealt="1" sum="0"/>
</round>
</game>
<game gamecode="11516769832"><general><startdate>2025-06-17 07:53:26</startdate>
<round>1</round>
<failsafecounter/>
<players><player seat="6" name="oreiasccp" chips="835" dealer="0" win="0" bet="665" muck="1" rebuy="0" addon="0" merge="0" rebuychips="0" reg_code="8385488156"/>
<player seat="10" name="catmobile" chips="665" dealer="1" win="1,330" bet="665" muck="0" rebuy="0" addon="0" merge="0" rebuychips="0" reg_code="8385488169"/>
</players>
</general>
<round no="0"><action no="1" player="catmobile" type="15" discard="1" dealt="1" sum="5"/>
<action no="2" player="oreiasccp" type="15" sum="5"/>
<action no="3" player="catmobile" type="1" discard="1" dealt="1" sum="30"/>
<action no="4" player="oreiasccp" type="2" sum="60"/>
</round>
<round no="1"><cards type="Pocket" player="catmobile">C6 HA</cards>
<cards type="Pocket" player="oreiasccp">D9 DA</cards>
<action no="5" player="catmobile" type="23" discard="1" dealt="1" sum="660"/>
<action no="6" player="oreiasccp" type="3" sum="600"/>
</round>
<round no="2"><cards type="Flop">S4 D5 CK</cards>
</round>
<round no="3"><cards type="Turn">S10</cards>
</round>
<round no="4"><cards type="River">S6</cards>
</round>
</game>
<game gamecode="11516769879"><general><startdate>2025-06-17 07:53:43</startdate>
<round>1</round>
<failsafecounter/>
<players><player seat="10" name="catmobile" chips="1,330" dealer="0" win="0" bet="170" muck="1" rebuy="0" addon="0" merge="0" rebuychips="0" reg_code="8385488169"/>
<player seat="6" name="oreiasccp" chips="170" dealer="1" win="340" bet="170" muck="0" rebuy="0" addon="0" merge="0" rebuychips="0" reg_code="8385488156"/>
</players>
</general>
<round no="0"><action no="1" player="oreiasccp" type="15" sum="5"/>
<action no="2" player="catmobile" type="15" discard="1" dealt="1" sum="5"/>
<action no="3" player="oreiasccp" type="1" sum="30"/>
<action no="4" player="catmobile" type="2" discard="1" dealt="1" sum="60"/>
</round>
<round no="1"><cards type="Pocket" player="oreiasccp">SJ S9</cards>
<cards type="Pocket" player="catmobile">D9 H10</cards>
<action no="5" player="oreiasccp" type="23" sum="165"/>
<action no="6" player="catmobile" type="3" discard="1" dealt="1" sum="105"/>
</round>
<round no="2"><cards type="Flop">D7 D10 S7</cards>
</round>
<round no="3"><cards type="Turn">S4</cards>
</round>
<round no="4"><cards type="River">SA</cards>
</round>
</game>
<game gamecode="11516769916"><general><startdate>2025-06-17 07:53:58</startdate>
<round>1</round>
<failsafecounter/>
<players><player seat="6" name="oreiasccp" chips="340" dealer="0" win="0" bet="65" muck="1" rebuy="0" addon="0" merge="0" rebuychips="0" reg_code="8385488156"/>
<player seat="10" name="catmobile" chips="1,160" dealer="1" win="130" bet="1,160" muck="1" rebuy="0" addon="0" merge="0" rebuychips="0" reg_code="8385488169"/>
</players>
</general>
<round no="0"><action no="1" player="catmobile" type="15" discard="1" dealt="1" sum="5"/>
<action no="2" player="oreiasccp" type="15" sum="5"/>
<action no="3" player="catmobile" type="1" discard="1" dealt="1" sum="30"/>
<action no="4" player="oreiasccp" type="2" sum="60"/>
</round>
<round no="1"><cards type="Pocket" player="oreiasccp">D2 C10</cards>
<cards type="Pocket" player="catmobile">X X</cards>
<action no="5" player="catmobile" type="23" discard="1" dealt="1" sum="1,155"/>
<action no="6" player="oreiasccp" type="0" sum="0"/>
</round>
</game>
<game gamecode="11516769931"><general><startdate>2025-06-17 07:54:05</startdate>
<round>1</round>
<failsafecounter/>
<players><player seat="10" name="catmobile" chips="1,225" dealer="0" win="70" bet="65" muck="1" rebuy="0" addon="0" merge="0" rebuychips="0" reg_code="8385488169"/>
<player seat="6" name="oreiasccp" chips="275" dealer="1" win="0" bet="35" muck="1" rebuy="0" addon="0" merge="0" rebuychips="0" reg_code="8385488156"/>
</players>
</general>
<round no="0"><action no="1" player="oreiasccp" type="15" sum="5"/>
<action no="2" player="catmobile" type="15" discard="1" dealt="1" sum="5"/>
<action no="3" player="oreiasccp" type="1" sum="30"/>
<action no="4" player="catmobile" type="2" discard="1" dealt="1" sum="60"/>
</round>
<round no="1"><cards type="Pocket" player="catmobile">X X</cards>
<cards type="Pocket" player="oreiasccp">S2 D5</cards>
<action no="5" player="oreiasccp" type="0" sum="0"/>
</round>
</game>
<game gamecode="11516769946"><general><startdate>2025-06-17 07:54:10</startdate>
<round>1</round>
<failsafecounter/>
<players><player seat="6" name="oreiasccp" chips="240" dealer="0" win="70" bet="65" muck="1" rebuy="0" addon="0" merge="0" rebuychips="0" reg_code="8385488156"/>
<player seat="10" name="catmobile" chips="1,260" dealer="1" win="0" bet="35" muck="1" rebuy="0" addon="0" merge="0" rebuychips="0" reg_code="8385488169"/>
</players>
</general>
<round no="0"><action no="1" player="catmobile" type="15" discard="1" dealt="1" sum="5"/>
<action no="2" player="oreiasccp" type="15" sum="5"/>
<action no="3" player="catmobile" type="1" discard="1" dealt="1" sum="30"/>
<action no="4" player="oreiasccp" type="2" sum="60"/>
</round>
<round no="1"><cards type="Pocket" player="oreiasccp">C2 HJ</cards>
<cards type="Pocket" player="catmobile">X X</cards>
<action no="5" player="catmobile" type="0" discard="1" dealt="1" sum="0"/>
</round>
</game>
<game gamecode="11516769965"><general><startdate>2025-06-17 07:54:16</startdate>
<round>1</round>
<failsafecounter/>
<players><player seat="10" name="catmobile" chips="1,225" dealer="0" win="0" bet="65" muck="1" rebuy="0" addon="0" merge="0" rebuychips="0" reg_code="8385488169"/>
<player seat="6" name="oreiasccp" chips="275" dealer="1" win="130" bet="275" muck="1" rebuy="0" addon="0" merge="0" rebuychips="0" reg_code="8385488156"/>
</players>
</general>
<round no="0"><action no="1" player="oreiasccp" type="15" sum="5"/>
<action no="2" player="catmobile" type="15" discard="1" dealt="1" sum="5"/>
<action no="3" player="oreiasccp" type="1" sum="30"/>
<action no="4" player="catmobile" type="2" discard="1" dealt="1" sum="60"/>
</round>
<round no="1"><cards type="Pocket" player="catmobile">X X</cards>
<cards type="Pocket" player="oreiasccp">D8 CQ</cards>
<action no="5" player="oreiasccp" type="23" sum="270"/>
<action no="6" player="catmobile" type="0" discard="1" dealt="1" sum="0"/>
</round>
</game>
<game gamecode="11516769984"><general><startdate>2025-06-17 07:54:23</startdate>
<round>1</round>
<failsafecounter/>
<players><player seat="6" name="oreiasccp" chips="340" dealer="0" win="0" bet="88" muck="1" rebuy="0" addon="0" merge="0" rebuychips="0" reg_code="8385488156"/>
<player seat="10" name="catmobile" chips="1,160" dealer="1" win="176" bet="1,160" muck="1" rebuy="0" addon="0" merge="0" rebuychips="0" reg_code="8385488169"/>
</players>
</general>
<round no="0"><action no="1" player="catmobile" type="15" discard="1" dealt="1" sum="8"/>
<action no="2" player="oreiasccp" type="15" sum="8"/>
<action no="3" player="catmobile" type="1" discard="1" dealt="1" sum="40"/>
<action no="4" player="oreiasccp" type="2" sum="80"/>
</round>
<round no="1"><cards type="Pocket" player="catmobile">X X</cards>
<cards type="Pocket" player="oreiasccp">H10 D2</cards>
<action no="5" player="catmobile" type="23" discard="1" dealt="1" sum="1,152"/>
<action no="6" player="oreiasccp" type="0" sum="0"/>
</round>
</game>
<game gamecode="11516770001"><general><startdate>2025-06-17 07:54:31</startdate>
<round>1</round>
<failsafecounter/>
<players><player seat="10" name="catmobile" chips="1,248" dealer="0" win="504" bet="252" muck="0" rebuy="0" addon="0" merge="0" rebuychips="0" reg_code="8385488169"/>
<player seat="6" name="oreiasccp" chips="252" dealer="1" win="0" bet="252" muck="0" rebuy="0" addon="0" merge="0" rebuychips="0" reg_code="8385488156"/>
</players>
</general>
<round no="0"><action no="1" player="oreiasccp" type="15" sum="8"/>
<action no="2" player="catmobile" type="15" discard="1" dealt="1" sum="8"/>
<action no="3" player="oreiasccp" type="1" sum="40"/>
<action no="4" player="catmobile" type="2" discard="1" dealt="1" sum="80"/>
</round>
<round no="1"><cards type="Pocket" player="oreiasccp">DQ C4</cards>
<cards type="Pocket" player="catmobile">CQ S4</cards>
<action no="5" player="oreiasccp" type="23" sum="244"/>
<action no="6" player="catmobile" type="3" discard="1" dealt="1" sum="164"/>
</round>
<round no="2"><cards type="Flop">C9 C7 C10</cards>
</round>
<round no="3"><cards type="Turn">C2</cards>
</round>
<round no="4"><cards type="River">H10</cards>
</round>
</game>
</session>
