<?xml version="1.0" encoding="UTF-8"?>
<session sessioncode="8385508681">
<general>
<client_version>24.7.1.16</client_version>
<mode>real</mode>
<gametype>Holdem NL</gametype>
<tablename>Twister €5 SNG, 1127664637</tablename>
<tournamentcode>1127664636</tournamentcode>
<tournamentname>Twister €5 SNG</tournamentname>
<buyin>€0 + €0.35 + €4.65</buyin>
<totalbuyin>€5</totalbuyin>
<rewarddrawn>€25</rewarddrawn>
<tournamentcurrency>EUR</tournamentcurrency>
<currency>EUR</currency>
<nickname>oreiasccp</nickname>
<gamecount>36</gamecount>
<startdate>2025-06-17 09:29:28</startdate>
<place>1</place>
<win>€25</win>
<tablesize>3</tablesize>
</general>
<game gamecode="11516831095"><general><startdate>2025-06-17 09:29:43</startdate>
<round>1</round>
<failsafecounter/>
<players><player seat="6" name="oreiasccp" chips="500" dealer="0" win="0" bet="20" muck="1" rebuy="0" addon="0" merge="0" rebuychips="0" reg_code="8385508681"/>
<player seat="10" name="Alchemik13" chips="500" dealer="1" win="0" bet="0" muck="1" rebuy="0" addon="0" merge="0" rebuychips="0" reg_code="8385508689"/>
<player seat="3" name="knightoasis6" chips="500" dealer="0" win="40" bet="500" muck="1" rebuy="0" addon="0" merge="0" rebuychips="0" reg_code="8385508679"/>
</players>
</general>
<round no="0"><action no="1" player="knightoasis6" type="1" discard="1" dealt="1" sum="10"/>
<action no="2" player="oreiasccp" type="2" sum="20"/>
</round>
<round no="1"><cards type="Pocket" player="Alchemik13">X X</cards>
<cards type="Pocket" player="knightoasis6">X X</cards>
<cards type="Pocket" player="oreiasccp">H3 CA</cards>
<action no="3" player="Alchemik13" type="0" discard="1" dealt="1" sum="0"/>
<action no="4" player="knightoasis6" type="23" discard="1" dealt="1" sum="500"/>
<action no="5" player="oreiasccp" type="0" sum="0"/>
</round>
</game>
<game gamecode="11516831132"><general><startdate>2025-06-17 09:29:55</startdate>
<round>1</round>
<failsafecounter/>
<players><player seat="10" name="Alchemik13" chips="500" dealer="0" win="0" bet="20" muck="1" rebuy="0" addon="0" merge="0" rebuychips="0" reg_code="8385508689"/>
<player seat="3" name="knightoasis6" chips="520" dealer="1" win="50" bet="520" muck="1" rebuy="0" addon="0" merge="0" rebuychips="0" reg_code="8385508679"/>
<player seat="6" name="oreiasccp" chips="480" dealer="0" win="0" bet="10" muck="1" rebuy="0" addon="0" merge="0" rebuychips="0" reg_code="8385508681"/>
</players>
</general>
<round no="0"><action no="1" player="oreiasccp" type="1" sum="10"/>
<action no="2" player="Alchemik13" type="2" discard="1" dealt="1" sum="20"/>
</round>
<round no="1"><cards type="Pocket" player="Alchemik13">X X</cards>
<cards type="Pocket" player="knightoasis6">X X</cards>
<cards type="Pocket" player="oreiasccp">D8 C2</cards>
<action no="3" player="knightoasis6" type="23" discard="1" dealt="1" sum="520"/>
<action no="4" player="oreiasccp" type="0" sum="0"/>
<action no="5" player="Alchemik13" type="0" discard="1" dealt="1" sum="0"/>
</round>
</game>
<game gamecode="11516831167"><general><startdate>2025-06-17 09:30:06</startdate>
<round>1</round>
<failsafecounter/>
<players><player seat="3" name="knightoasis6" chips="550" dealer="0" win="40" bet="60" muck="1" rebuy="0" addon="0" merge="0" rebuychips="0" reg_code="8385508679"/>
<player seat="6" name="oreiasccp" chips="470" dealer="1" win="0" bet="0" muck="1" rebuy="0" addon="0" merge="0" rebuychips="0" reg_code="8385508681"/>
<player seat="10" name="Alchemik13" chips="480" dealer="0" win="0" bet="20" muck="1" rebuy="0" addon="0" merge="0" rebuychips="0" reg_code="8385508689"/>
</players>
</general>
<round no="0"><action no="1" player="Alchemik13" type="1" discard="1" dealt="1" sum="10"/>
<action no="2" player="knightoasis6" type="2" discard="1" dealt="1" sum="20"/>
</round>
<round no="1"><cards type="Pocket" player="oreiasccp">D9 C6</cards>
<cards type="Pocket" player="Alchemik13">X X</cards>
<cards type="Pocket" player="knightoasis6">X X</cards>
<action no="3" player="oreiasccp" type="0" sum="0"/>
<action no="4" player="Alchemik13" type="3" discard="1" dealt="1" sum="10"/>
<action no="5" player="knightoasis6" type="4" discard="1" dealt="1" sum="0"/>
</round>
<round no="2"><cards type="Flop">DQ H4 D3</cards>
<action no="6" player="Alchemik13" type="4" discard="1" dealt="1" sum="0"/>
<action no="7" player="knightoasis6" type="5" discard="1" dealt="1" sum="40"/>
<action no="8" player="Alchemik13" type="0" discard="1" dealt="1" sum="0"/>
</round>
</game>
<game gamecode="11516831237"><general><startdate>2025-06-17 09:30:31</startdate>
<round>1</round>
<failsafecounter/>
<players><player seat="6" name="oreiasccp" chips="470" dealer="0" win="20" bet="20" muck="1" rebuy="0" addon="0" merge="0" rebuychips="0" reg_code="8385508681"/>
<player seat="10" name="Alchemik13" chips="460" dealer="1" win="0" bet="0" muck="1" rebuy="0" addon="0" merge="0" rebuychips="0" reg_code="8385508689"/>
<player seat="3" name="knightoasis6" chips="570" dealer="0" win="0" bet="10" muck="1" rebuy="0" addon="0" merge="0" rebuychips="0" reg_code="8385508679"/>
</players>
</general>
<round no="0"><action no="1" player="knightoasis6" type="1" discard="1" dealt="1" sum="10"/>
<action no="2" player="oreiasccp" type="2" sum="20"/>
</round>
<round no="1"><cards type="Pocket" player="Alchemik13">X X</cards>
<cards type="Pocket" player="oreiasccp">DK D10</cards>
<cards type="Pocket" player="knightoasis6">X X</cards>
<action no="3" player="Alchemik13" type="0" discard="1" dealt="1" sum="0"/>
<action no="4" player="knightoasis6" type="0" discard="1" dealt="1" sum="0"/>
</round>
</game>
<game gamecode="11516831266"><general><startdate>2025-06-17 09:30:40</startdate>
<round>1</round>
<failsafecounter/>
<players><player seat="10" name="Alchemik13" chips="460" dealer="0" win="0" bet="20" muck="1" rebuy="0" addon="0" merge="0" rebuychips="0" reg_code="8385508689"/>
<player seat="3" name="knightoasis6" chips="560" dealer="1" win="50" bet="70" muck="1" rebuy="0" addon="0" merge="0" rebuychips="0" reg_code="8385508679"/>
<player seat="6" name="oreiasccp" chips="480" dealer="0" win="0" bet="10" muck="1" rebuy="0" addon="0" merge="0" rebuychips="0" reg_code="8385508681"/>
</players>
</general>
<round no="0"><action no="1" player="oreiasccp" type="1" sum="10"/>
<action no="2" player="Alchemik13" type="2" discard="1" dealt="1" sum="20"/>
</round>
<round no="1"><cards type="Pocket" player="oreiasccp">S9 D3</cards>
<cards type="Pocket" player="knightoasis6">X X</cards>
<cards type="Pocket" player="Alchemik13">X X</cards>
<action no="3" player="knightoasis6" type="3" discard="1" dealt="1" sum="20"/>
<action no="4" player="oreiasccp" type="0" sum="0"/>
<action no="5" player="Alchemik13" type="4" discard="1" dealt="1" sum="0"/>
</round>
<round no="2"><cards type="Flop">C10 H9 S3</cards>
<action no="6" player="Alchemik13" type="4" discard="1" dealt="1" sum="0"/>
<action no="7" player="knightoasis6" type="5" discard="1" dealt="1" sum="50"/>
<action no="8" player="Alchemik13" type="0" discard="1" dealt="1" sum="0"/>
</round>
</game>
<game gamecode="11516831329"><general><startdate>2025-06-17 09:30:58</startdate>
<round>1</round>
<failsafecounter/>
<players><player seat="3" name="knightoasis6" chips="590" dealer="0" win="0" bet="20" muck="1" rebuy="0" addon="0" merge="0" rebuychips="0" reg_code="8385508679"/>
<player seat="6" name="oreiasccp" chips="470" dealer="1" win="0" bet="0" muck="1" rebuy="0" addon="0" merge="0" rebuychips="0" reg_code="8385508681"/>
<player seat="10" name="Alchemik13" chips="440" dealer="0" win="40" bet="40" muck="1" rebuy="0" addon="0" merge="0" rebuychips="0" reg_code="8385508689"/>
</players>
</general>
<round no="0"><action no="1" player="Alchemik13" type="1" discard="1" dealt="1" sum="10"/>
<action no="2" player="knightoasis6" type="2" discard="1" dealt="1" sum="20"/>
</round>
<round no="1"><cards type="Pocket" player="Alchemik13">X X</cards>
<cards type="Pocket" player="knightoasis6">X X</cards>
<cards type="Pocket" player="oreiasccp">H7 C4</cards>
<action no="3" player="oreiasccp" type="0" sum="0"/>
<action no="4" player="Alchemik13" type="23" discard="1" dealt="1" sum="40"/>
<action no="5" player="knightoasis6" type="0" discard="1" dealt="1" sum="0"/>
</round>
</game>
<game gamecode="11516831389"><general><startdate>2025-06-17 09:31:19</startdate>
<round>1</round>
<failsafecounter/>
<players><player seat="6" name="oreiasccp" chips="470" dealer="0" win="0" bet="20" muck="1" rebuy="0" addon="0" merge="0" rebuychips="0" reg_code="8385508681"/>
<player seat="10" name="Alchemik13" chips="460" dealer="1" win="0" bet="0" muck="1" rebuy="0" addon="0" merge="0" rebuychips="0" reg_code="8385508689"/>
<player seat="3" name="knightoasis6" chips="570" dealer="0" win="40" bet="50" muck="1" rebuy="0" addon="0" merge="0" rebuychips="0" reg_code="8385508679"/>
</players>
</general>
<round no="0"><action no="1" player="knightoasis6" type="1" discard="1" dealt="1" sum="10"/>
<action no="2" player="oreiasccp" type="2" sum="20"/>
</round>
<round no="1"><cards type="Pocket" player="knightoasis6">X X</cards>
<cards type="Pocket" player="Alchemik13">X X</cards>
<cards type="Pocket" player="oreiasccp">D8 C3</cards>
<action no="3" player="Alchemik13" type="0" discard="1" dealt="1" sum="0"/>
<action no="4" player="knightoasis6" type="23" discard="1" dealt="1" sum="50"/>
<action no="5" player="oreiasccp" type="0" sum="0"/>
</round>
</game>
<game gamecode="11516831431"><general><startdate>2025-06-17 09:31:30</startdate>
<round>1</round>
<failsafecounter/>
<players><player seat="10" name="Alchemik13" chips="460" dealer="0" win="0" bet="20" muck="1" rebuy="0" addon="0" merge="0" rebuychips="0" reg_code="8385508689"/>
<player seat="3" name="knightoasis6" chips="590" dealer="1" win="50" bet="50" muck="1" rebuy="0" addon="0" merge="0" rebuychips="0" reg_code="8385508679"/>
<player seat="6" name="oreiasccp" chips="450" dealer="0" win="0" bet="10" muck="1" rebuy="0" addon="0" merge="0" rebuychips="0" reg_code="8385508681"/>
</players>
</general>
<round no="0"><action no="1" player="oreiasccp" type="1" sum="10"/>
<action no="2" player="Alchemik13" type="2" discard="1" dealt="1" sum="20"/>
</round>
<round no="1"><cards type="Pocket" player="oreiasccp">S7 SJ</cards>
<cards type="Pocket" player="Alchemik13">X X</cards>
<cards type="Pocket" player="knightoasis6">X X</cards>
<action no="3" player="knightoasis6" type="23" discard="1" dealt="1" sum="50"/>
<action no="4" player="oreiasccp" type="0" sum="0"/>
<action no="5" player="Alchemik13" type="0" discard="1" dealt="1" sum="0"/>
</round>
</game>
<game gamecode="11516831474"><general><startdate>2025-06-17 09:31:47</startdate>
<round>1</round>
<failsafecounter/>
<players><player seat="3" name="knightoasis6" chips="620" dealer="0" win="45" bet="35" muck="1" rebuy="0" addon="0" merge="0" rebuychips="0" reg_code="8385508679"/>
<player seat="6" name="oreiasccp" chips="440" dealer="1" win="0" bet="5" muck="1" rebuy="0" addon="0" merge="0" rebuychips="0" reg_code="8385508681"/>
<player seat="10" name="Alchemik13" chips="440" dealer="0" win="0" bet="20" muck="1" rebuy="0" addon="0" merge="0" rebuychips="0" reg_code="8385508689"/>
</players>
</general>
<round no="0"><action no="1" player="Alchemik13" type="15" discard="1" dealt="1" sum="5"/>
<action no="2" player="knightoasis6" type="15" discard="1" dealt="1" sum="5"/>
<action no="3" player="oreiasccp" type="15" sum="5"/>
<action no="4" player="Alchemik13" type="1" discard="1" dealt="1" sum="15"/>
<action no="5" player="knightoasis6" type="2" discard="1" dealt="1" sum="30"/>
</round>
<round no="1"><cards type="Pocket" player="Alchemik13">X X</cards>
<cards type="Pocket" player="knightoasis6">X X</cards>
<cards type="Pocket" player="oreiasccp">S7 H6</cards>
<action no="6" player="oreiasccp" type="0" sum="0"/>
<action no="7" player="Alchemik13" type="0" discard="1" dealt="1" sum="0"/>
</round>
</game>
<game gamecode="11516831504"><general><startdate>2025-06-17 09:31:56</startdate>
<round>1</round>
<failsafecounter/>
<players><player seat="6" name="oreiasccp" chips="435" dealer="0" win="0" bet="80" muck="1" rebuy="0" addon="0" merge="0" rebuychips="0" reg_code="8385508681"/>
<player seat="10" name="Alchemik13" chips="420" dealer="1" win="0" bet="5" muck="1" rebuy="0" addon="0" merge="0" rebuychips="0" reg_code="8385508689"/>
<player seat="3" name="knightoasis6" chips="645" dealer="0" win="165" bet="245" muck="1" rebuy="0" addon="0" merge="0" rebuychips="0" reg_code="8385508679"/>
</players>
</general>
<round no="0"><action no="1" player="knightoasis6" type="15" discard="1" dealt="1" sum="5"/>
<action no="2" player="oreiasccp" type="15" sum="5"/>
<action no="3" player="Alchemik13" type="15" discard="1" dealt="1" sum="5"/>
<action no="4" player="knightoasis6" type="1" discard="1" dealt="1" sum="15"/>
<action no="5" player="oreiasccp" type="2" sum="30"/>
</round>
<round no="1"><cards type="Pocket" player="Alchemik13">X X</cards>
<cards type="Pocket" player="knightoasis6">X X</cards>
<cards type="Pocket" player="oreiasccp">D5 D2</cards>
<action no="6" player="Alchemik13" type="0" discard="1" dealt="1" sum="0"/>
<action no="7" player="knightoasis6" type="23" discard="1" dealt="1" sum="75"/>
<action no="8" player="oreiasccp" type="3" sum="45"/>
</round>
<round no="2"><cards type="Flop">DJ HK H3</cards>
<action no="9" player="knightoasis6" type="5" discard="1" dealt="1" sum="165"/>
<action no="10" player="oreiasccp" type="0" sum="0"/>
</round>
</game>
<game gamecode="11516831568"><general><startdate>2025-06-17 09:32:16</startdate>
<round>1</round>
<failsafecounter/>
<players><player seat="10" name="Alchemik13" chips="415" dealer="0" win="0" bet="35" muck="1" rebuy="0" addon="0" merge="0" rebuychips="0" reg_code="8385508689"/>
<player seat="3" name="knightoasis6" chips="730" dealer="1" win="90" bet="730" muck="1" rebuy="0" addon="0" merge="0" rebuychips="0" reg_code="8385508679"/>
<player seat="6" name="oreiasccp" chips="355" dealer="0" win="0" bet="20" muck="1" rebuy="0" addon="0" merge="0" rebuychips="0" reg_code="8385508681"/>
</players>
</general>
<round no="0"><action no="1" player="oreiasccp" type="15" sum="5"/>
<action no="2" player="Alchemik13" type="15" discard="1" dealt="1" sum="5"/>
<action no="3" player="knightoasis6" type="15" discard="1" dealt="1" sum="5"/>
<action no="4" player="oreiasccp" type="1" sum="15"/>
<action no="5" player="Alchemik13" type="2" discard="1" dealt="1" sum="30"/>
</round>
<round no="1"><cards type="Pocket" player="Alchemik13">X X</cards>
<cards type="Pocket" player="knightoasis6">X X</cards>
<cards type="Pocket" player="oreiasccp">CK S7</cards>
<action no="6" player="knightoasis6" type="23" discard="1" dealt="1" sum="725"/>
<action no="7" player="oreiasccp" type="0" sum="0"/>
<action no="8" player="Alchemik13" type="0" discard="1" dealt="1" sum="0"/>
</round>
</game>
<game gamecode="11516831600"><general><startdate>2025-06-17 09:32:27</startdate>
<round>1</round>
<failsafecounter/>
<players><player seat="3" name="knightoasis6" chips="785" dealer="0" win="45" bet="35" muck="1" rebuy="0" addon="0" merge="0" rebuychips="0" reg_code="8385508679"/>
<player seat="6" name="oreiasccp" chips="335" dealer="1" win="0" bet="5" muck="1" rebuy="0" addon="0" merge="0" rebuychips="0" reg_code="8385508681"/>
<player seat="10" name="Alchemik13" chips="380" dealer="0" win="0" bet="20" muck="1" rebuy="0" addon="0" merge="0" rebuychips="0" reg_code="8385508689"/>
</players>
</general>
<round no="0"><action no="1" player="Alchemik13" type="15" discard="1" dealt="1" sum="5"/>
<action no="2" player="knightoasis6" type="15" discard="1" dealt="1" sum="5"/>
<action no="3" player="oreiasccp" type="15" sum="5"/>
<action no="4" player="Alchemik13" type="1" discard="1" dealt="1" sum="15"/>
<action no="5" player="knightoasis6" type="2" discard="1" dealt="1" sum="30"/>
</round>
<round no="1"><cards type="Pocket" player="oreiasccp">C8 SK</cards>
<cards type="Pocket" player="Alchemik13">X X</cards>
<cards type="Pocket" player="knightoasis6">X X</cards>
<action no="6" player="oreiasccp" type="0" sum="0"/>
<action no="7" player="Alchemik13" type="0" discard="1" dealt="1" sum="0"/>
</round>
</game>
<game gamecode="11516831626"><general><startdate>2025-06-17 09:32:37</startdate>
<round>1</round>
<failsafecounter/>
<players><player seat="6" name="oreiasccp" chips="330" dealer="0" win="665" bet="330" muck="0" rebuy="0" addon="0" merge="0" rebuychips="0" reg_code="8385508681"/>
<player seat="10" name="Alchemik13" chips="360" dealer="1" win="0" bet="5" muck="1" rebuy="0" addon="0" merge="0" rebuychips="0" reg_code="8385508689"/>
<player seat="3" name="knightoasis6" chips="810" dealer="0" win="0" bet="330" muck="1" rebuy="0" addon="0" merge="0" rebuychips="0" reg_code="8385508679"/>
</players>
</general>
<round no="0"><action no="1" player="knightoasis6" type="15" discard="1" dealt="1" sum="5"/>
<action no="2" player="oreiasccp" type="15" sum="5"/>
<action no="3" player="Alchemik13" type="15" discard="1" dealt="1" sum="5"/>
<action no="4" player="knightoasis6" type="1" discard="1" dealt="1" sum="15"/>
<action no="5" player="oreiasccp" type="2" sum="30"/>
</round>
<round no="1"><cards type="Pocket" player="oreiasccp">SQ S6</cards>
<cards type="Pocket" player="knightoasis6">C9 S10</cards>
<cards type="Pocket" player="Alchemik13">X X</cards>
<action no="6" player="Alchemik13" type="0" discard="1" dealt="1" sum="0"/>
<action no="7" player="knightoasis6" type="23" discard="1" dealt="1" sum="75"/>
<action no="8" player="oreiasccp" type="3" sum="45"/>
</round>
<round no="2"><cards type="Flop">CQ H3 S7</cards>
<action no="9" player="knightoasis6" type="5" discard="1" dealt="1" sum="165"/>
<action no="10" player="oreiasccp" type="7" sum="250"/>
<action no="11" player="knightoasis6" type="3" discard="1" dealt="1" sum="85"/>
</round>
<round no="3"><cards type="Turn">DK</cards>
</round>
<round no="4"><cards type="River">D6</cards>
</round>
</game>
<game gamecode="11516831711"><general><startdate>2025-06-17 09:33:07</startdate>
<round>1</round>
<failsafecounter/>
<players><player seat="10" name="Alchemik13" chips="355" dealer="0" win="45" bet="35" muck="1" rebuy="0" addon="0" merge="0" rebuychips="0" reg_code="8385508689"/>
<player seat="3" name="knightoasis6" chips="480" dealer="1" win="0" bet="5" muck="1" rebuy="0" addon="0" merge="0" rebuychips="0" reg_code="8385508679"/>
<player seat="6" name="oreiasccp" chips="665" dealer="0" win="0" bet="20" muck="1" rebuy="0" addon="0" merge="0" rebuychips="0" reg_code="8385508681"/>
</players>
</general>
<round no="0"><action no="1" player="oreiasccp" type="15" sum="5"/>
<action no="2" player="Alchemik13" type="15" discard="1" dealt="1" sum="5"/>
<action no="3" player="knightoasis6" type="15" discard="1" dealt="1" sum="5"/>
<action no="4" player="oreiasccp" type="1" sum="15"/>
<action no="5" player="Alchemik13" type="2" discard="1" dealt="1" sum="30"/>
</round>
<round no="1"><cards type="Pocket" player="knightoasis6">X X</cards>
<cards type="Pocket" player="oreiasccp">S2 CK</cards>
<cards type="Pocket" player="Alchemik13">X X</cards>
<action no="6" player="knightoasis6" type="0" discard="1" dealt="1" sum="0"/>
<action no="7" player="oreiasccp" type="0" sum="0"/>
</round>
</game>
<game gamecode="11516831726"><general><startdate>2025-06-17 09:33:14</startdate>
<round>1</round>
<failsafecounter/>
<players><player seat="3" name="knightoasis6" chips="475" dealer="0" win="0" bet="380" muck="1" rebuy="0" addon="0" merge="0" rebuychips="0" reg_code="8385508679"/>
<player seat="6" name="oreiasccp" chips="645" dealer="1" win="0" bet="5" muck="1" rebuy="0" addon="0" merge="0" rebuychips="0" reg_code="8385508681"/>
<player seat="10" name="Alchemik13" chips="380" dealer="0" win="765" bet="380" muck="0" rebuy="0" addon="0" merge="0" rebuychips="0" reg_code="8385508689"/>
</players>
</general>
<round no="0"><action no="1" player="Alchemik13" type="15" discard="1" dealt="1" sum="5"/>
<action no="2" player="knightoasis6" type="15" discard="1" dealt="1" sum="5"/>
<action no="3" player="oreiasccp" type="15" sum="5"/>
<action no="4" player="Alchemik13" type="1" discard="1" dealt="1" sum="15"/>
<action no="5" player="knightoasis6" type="2" discard="1" dealt="1" sum="30"/>
</round>
<round no="1"><cards type="Pocket" player="Alchemik13">HK C9</cards>
<cards type="Pocket" player="oreiasccp">S3 SJ</cards>
<cards type="Pocket" player="knightoasis6">DK H6</cards>
<action no="6" player="oreiasccp" type="0" sum="0"/>
<action no="7" player="Alchemik13" type="23" discard="1" dealt="1" sum="375"/>
<action no="8" player="knightoasis6" type="3" discard="1" dealt="1" sum="345"/>
</round>
<round no="2"><cards type="Flop">HQ D7 S4</cards>
</round>
<round no="3"><cards type="Turn">CJ</cards>
</round>
<round no="4"><cards type="River">S2</cards>
</round>
</game>
<game gamecode="11516831788"><general><startdate>2025-06-17 09:33:32</startdate>
<round>1</round>
<failsafecounter/>
<players><player seat="6" name="oreiasccp" chips="640" dealer="0" win="0" bet="95" muck="1" rebuy="0" addon="0" merge="0" rebuychips="0" reg_code="8385508681"/>
<player seat="10" name="Alchemik13" chips="765" dealer="1" win="0" bet="5" muck="1" rebuy="0" addon="0" merge="0" rebuychips="0" reg_code="8385508689"/>
<player seat="3" name="knightoasis6" chips="95" dealer="0" win="195" bet="95" muck="0" rebuy="0" addon="0" merge="0" rebuychips="0" reg_code="8385508679"/>
</players>
</general>
<round no="0"><action no="1" player="knightoasis6" type="15" discard="1" dealt="1" sum="5"/>
<action no="2" player="oreiasccp" type="15" sum="5"/>
<action no="3" player="Alchemik13" type="15" discard="1" dealt="1" sum="5"/>
<action no="4" player="knightoasis6" type="1" discard="1" dealt="1" sum="15"/>
<action no="5" player="oreiasccp" type="2" sum="30"/>
</round>
<round no="1"><cards type="Pocket" player="Alchemik13">X X</cards>
<cards type="Pocket" player="oreiasccp">D6 HA</cards>
<cards type="Pocket" player="knightoasis6">S4 H4</cards>
<action no="6" player="Alchemik13" type="0" discard="1" dealt="1" sum="0"/>
<action no="7" player="knightoasis6" type="23" discard="1" dealt="1" sum="90"/>
<action no="8" player="oreiasccp" type="3" sum="60"/>
</round>
<round no="2"><cards type="Flop">S8 H5 SK</cards>
</round>
<round no="3"><cards type="Turn">D4</cards>
</round>
<round no="4"><cards type="River">HJ</cards>
</round>
</game>
<game gamecode="11516831850"><general><startdate>2025-06-17 09:33:53</startdate>
<round>1</round>
<failsafecounter/>
<players><player seat="10" name="Alchemik13" chips="760" dealer="0" win="55" bet="45" muck="1" rebuy="0" addon="0" merge="0" rebuychips="0" reg_code="8385508689"/>
<player seat="3" name="knightoasis6" chips="195" dealer="1" win="0" bet="5" muck="1" rebuy="0" addon="0" merge="0" rebuychips="0" reg_code="8385508679"/>
<player seat="6" name="oreiasccp" chips="545" dealer="0" win="0" bet="25" muck="1" rebuy="0" addon="0" merge="0" rebuychips="0" reg_code="8385508681"/>
</players>
</general>
<round no="0"><action no="1" player="oreiasccp" type="15" sum="5"/>
<action no="2" player="Alchemik13" type="15" discard="1" dealt="1" sum="5"/>
<action no="3" player="knightoasis6" type="15" discard="1" dealt="1" sum="5"/>
<action no="4" player="oreiasccp" type="1" sum="20"/>
<action no="5" player="Alchemik13" type="2" discard="1" dealt="1" sum="40"/>
</round>
<round no="1"><cards type="Pocket" player="Alchemik13">X X</cards>
<cards type="Pocket" player="knightoasis6">X X</cards>
<cards type="Pocket" player="oreiasccp">C6 DJ</cards>
<action no="6" player="knightoasis6" type="0" discard="1" dealt="1" sum="0"/>
<action no="7" player="oreiasccp" type="0" sum="0"/>
</round>
</game>
<game gamecode="11516831887"><general><startdate>2025-06-17 09:34:02</startdate>
<round>1</round>
<failsafecounter/>
<players><player seat="3" name="knightoasis6" chips="190" dealer="0" win="55" bet="45" muck="1" rebuy="0" addon="0" merge="0" rebuychips="0" reg_code="8385508679"/>
<player seat="6" name="oreiasccp" chips="520" dealer="1" win="0" bet="5" muck="1" rebuy="0" addon="0" merge="0" rebuychips="0" reg_code="8385508681"/>
<player seat="10" name="Alchemik13" chips="790" dealer="0" win="0" bet="25" muck="1" rebuy="0" addon="0" merge="0" rebuychips="0" reg_code="8385508689"/>
</players>
</general>
<round no="0"><action no="1" player="Alchemik13" type="15" discard="1" dealt="1" sum="5"/>
<action no="2" player="knightoasis6" type="15" discard="1" dealt="1" sum="5"/>
<action no="3" player="oreiasccp" type="15" sum="5"/>
<action no="4" player="Alchemik13" type="1" discard="1" dealt="1" sum="20"/>
<action no="5" player="knightoasis6" type="2" discard="1" dealt="1" sum="40"/>
</round>
<round no="1"><cards type="Pocket" player="oreiasccp">HJ S7</cards>
<cards type="Pocket" player="knightoasis6">X X</cards>
<cards type="Pocket" player="Alchemik13">X X</cards>
<action no="6" player="oreiasccp" type="0" sum="0"/>
<action no="7" player="Alchemik13" type="0" discard="1" dealt="1" sum="0"/>
</round>
</game>
<game gamecode="11516831906"><general><startdate>2025-06-17 09:34:10</startdate>
<round>1</round>
<failsafecounter/>
<players><player seat="6" name="oreiasccp" chips="515" dealer="0" win="0" bet="45" muck="1" rebuy="0" addon="0" merge="0" rebuychips="0" reg_code="8385508681"/>
<player seat="10" name="Alchemik13" chips="765" dealer="1" win="485" bet="765" muck="0" rebuy="0" addon="0" merge="0" rebuychips="0" reg_code="8385508689"/>
<player seat="3" name="knightoasis6" chips="220" dealer="0" win="0" bet="220" muck="1" rebuy="0" addon="0" merge="0" rebuychips="0" reg_code="8385508679"/>
</players>
</general>
<round no="0"><action no="1" player="knightoasis6" type="15" discard="1" dealt="1" sum="5"/>
<action no="2" player="oreiasccp" type="15" sum="5"/>
<action no="3" player="Alchemik13" type="15" discard="1" dealt="1" sum="5"/>
<action no="4" player="knightoasis6" type="1" discard="1" dealt="1" sum="20"/>
<action no="5" player="oreiasccp" type="2" sum="40"/>
</round>
<round no="1"><cards type="Pocket" player="Alchemik13">SA DJ</cards>
<cards type="Pocket" player="oreiasccp">S2 S6</cards>
<cards type="Pocket" player="knightoasis6">H10 HK</cards>
<action no="6" player="Alchemik13" type="23" discard="1" dealt="1" sum="760"/>
<action no="7" player="knightoasis6" type="7" discard="1" dealt="1" sum="195"/>
<action no="8" player="oreiasccp" type="0" sum="0"/>
</round>
<round no="2"><cards type="Flop">DA DK D6</cards>
</round>
<round no="3"><cards type="Turn">D3</cards>
</round>
<round no="4"><cards type="River">C3</cards>
</round>
</game>
<game gamecode="11516831960"><general><startdate>2025-06-17 09:34:30</startdate>
<round>1</round>
<failsafecounter/>
<players><player seat="10" name="Alchemik13" chips="1,030" dealer="0" win="50" bet="45" muck="1" rebuy="0" addon="0" merge="0" rebuychips="0" reg_code="8385508689"/>
<player seat="6" name="oreiasccp" chips="470" dealer="1" win="0" bet="25" muck="1" rebuy="0" addon="0" merge="0" rebuychips="0" reg_code="8385508681"/>
</players>
</general>
<round no="0"><action no="1" player="oreiasccp" type="15" sum="5"/>
<action no="2" player="Alchemik13" type="15" discard="1" dealt="1" sum="5"/>
<action no="3" player="oreiasccp" type="1" sum="20"/>
<action no="4" player="Alchemik13" type="2" discard="1" dealt="1" sum="40"/>
</round>
<round no="1"><cards type="Pocket" player="Alchemik13">X X</cards>
<cards type="Pocket" player="oreiasccp">S2 C7</cards>
<action no="5" player="oreiasccp" type="0" sum="0"/>
</round>
</game>
<game gamecode="11516831978"><general><startdate>2025-06-17 09:34:35</startdate>
<round>1</round>
<failsafecounter/>
<players><player seat="6" name="oreiasccp" chips="445" dealer="0" win="50" bet="45" muck="1" rebuy="0" addon="0" merge="0" rebuychips="0" reg_code="8385508681"/>
<player seat="10" name="Alchemik13" chips="1,055" dealer="1" win="0" bet="25" muck="1" rebuy="0" addon="0" merge="0" rebuychips="0" reg_code="8385508689"/>
</players>
</general>
<round no="0"><action no="1" player="Alchemik13" type="15" discard="1" dealt="1" sum="5"/>
<action no="2" player="oreiasccp" type="15" sum="5"/>
<action no="3" player="Alchemik13" type="1" discard="1" dealt="1" sum="20"/>
<action no="4" player="oreiasccp" type="2" sum="40"/>
</round>
<round no="1"><cards type="Pocket" player="oreiasccp">D10 C8</cards>
<cards type="Pocket" player="Alchemik13">X X</cards>
<action no="5" player="Alchemik13" type="0" discard="1" dealt="1" sum="0"/>
</round>
</game>
<game gamecode="11516831997"><general><startdate>2025-06-17 09:34:41</startdate>
<round>1</round>
<failsafecounter/>
<players><player seat="10" name="Alchemik13" chips="1,030" dealer="0" win="50" bet="45" muck="1" rebuy="0" addon="0" merge="0" rebuychips="0" reg_code="8385508689"/>
<player seat="6" name="oreiasccp" chips="470" dealer="1" win="0" bet="25" muck="1" rebuy="0" addon="0" merge="0" rebuychips="0" reg_code="8385508681"/>
</players>
</general>
<round no="0"><action no="1" player="oreiasccp" type="15" sum="5"/>
<action no="2" player="Alchemik13" type="15" discard="1" dealt="1" sum="5"/>
<action no="3" player="oreiasccp" type="1" sum="20"/>
<action no="4" player="Alchemik13" type="2" discard="1" dealt="1" sum="40"/>
</round>
<round no="1"><cards type="Pocket" player="Alchemik13">X X</cards>
<cards type="Pocket" player="oreiasccp">D8 S2</cards>
<action no="5" player="oreiasccp" type="0" sum="0"/>
</round>
</game>
<game gamecode="11516832015"><general><startdate>2025-06-17 09:34:47</startdate>
<round>1</round>
<failsafecounter/>
<players><player seat="6" name="oreiasccp" chips="445" dealer="0" win="0" bet="45" muck="1" rebuy="0" addon="0" merge="0" rebuychips="0" reg_code="8385508681"/>
<player seat="10" name="Alchemik13" chips="1,055" dealer="1" win="90" bet="1,055" muck="1" rebuy="0" addon="0" merge="0" rebuychips="0" reg_code="8385508689"/>
</players>
</general>
<round no="0"><action no="1" player="Alchemik13" type="15" discard="1" dealt="1" sum="5"/>
<action no="2" player="oreiasccp" type="15" sum="5"/>
<action no="3" player="Alchemik13" type="1" discard="1" dealt="1" sum="20"/>
<action no="4" player="oreiasccp" type="2" sum="40"/>
</round>
<round no="1"><cards type="Pocket" player="oreiasccp">C10 C7</cards>
<cards type="Pocket" player="Alchemik13">X X</cards>
<action no="5" player="Alchemik13" type="23" discard="1" dealt="1" sum="1,050"/>
<action no="6" player="oreiasccp" type="0" sum="0"/>
</round>
</game>
<game gamecode="11516832046"><general><startdate>2025-06-17 09:34:59</startdate>
<round>1</round>
<failsafecounter/>
<players><player seat="10" name="Alchemik13" chips="1,100" dealer="0" win="340" bet="170" muck="0" rebuy="0" addon="0" merge="0" rebuychips="0" reg_code="8385508689"/>
<player seat="6" name="oreiasccp" chips="400" dealer="1" win="0" bet="170" muck="1" rebuy="0" addon="0" merge="0" rebuychips="0" reg_code="8385508681"/>
</players>
</general>
<round no="0"><action no="1" player="oreiasccp" type="15" sum="5"/>
<action no="2" player="Alchemik13" type="15" discard="1" dealt="1" sum="5"/>
<action no="3" player="oreiasccp" type="1" sum="20"/>
<action no="4" player="Alchemik13" type="2" discard="1" dealt="1" sum="40"/>
</round>
<round no="1"><cards type="Pocket" player="Alchemik13">D9 HJ</cards>
<cards type="Pocket" player="oreiasccp">C6 HQ</cards>
<action no="5" player="oreiasccp" type="3" sum="20"/>
<action no="6" player="Alchemik13" type="4" discard="1" dealt="1" sum="0"/>
</round>
<round no="2"><cards type="Flop">D7 DA CJ</cards>
<action no="7" player="Alchemik13" type="4" discard="1" dealt="1" sum="0"/>
<action no="8" player="oreiasccp" type="5" sum="40"/>
<action no="9" player="Alchemik13" type="3" discard="1" dealt="1" sum="40"/>
</round>
<round no="3"><cards type="Turn">S3</cards>
<action no="10" player="Alchemik13" type="4" discard="1" dealt="1" sum="0"/>
<action no="11" player="oreiasccp" type="4" sum="0"/>
</round>
<round no="4"><cards type="River">S6</cards>
<action no="12" player="Alchemik13" type="5" discard="1" dealt="1" sum="85"/>
<action no="13" player="oreiasccp" type="3" sum="85"/>
</round>
</game>
<game gamecode="11516837344"><general><startdate>2025-06-17 09:35:22</startdate>
<round>1</round>
<failsafecounter/>
<players><player seat="6" name="oreiasccp" chips="230" dealer="0" win="0" bet="45" muck="1" rebuy="0" addon="0" merge="0" rebuychips="0" reg_code="8385508681"/>
<player seat="10" name="Alchemik13" chips="1,270" dealer="1" win="90" bet="1,270" muck="1" rebuy="0" addon="0" merge="0" rebuychips="0" reg_code="8385508689"/>
</players>
</general>
<round no="0"><action no="1" player="Alchemik13" type="15" discard="1" dealt="1" sum="5"/>
<action no="2" player="oreiasccp" type="15" sum="5"/>
<action no="3" player="Alchemik13" type="1" discard="1" dealt="1" sum="20"/>
<action no="4" player="oreiasccp" type="2" sum="40"/>
</round>
<round no="1"><cards type="Pocket" player="Alchemik13">X X</cards>
<cards type="Pocket" player="oreiasccp">H10 D6</cards>
<action no="5" player="Alchemik13" type="23" discard="1" dealt="1" sum="1,265"/>
<action no="6" player="oreiasccp" type="0" sum="0"/>
</round>
</game>
<game gamecode="11516837367"><general><startdate>2025-06-17 09:35:30</startdate>
<round>1</round>
<failsafecounter/>
<players><player seat="10" name="Alchemik13" chips="1,315" dealer="0" win="0" bet="185" muck="1" rebuy="0" addon="0" merge="0" rebuychips="0" reg_code="8385508689"/>
<player seat="6" name="oreiasccp" chips="185" dealer="1" win="370" bet="185" muck="0" rebuy="0" addon="0" merge="0" rebuychips="0" reg_code="8385508681"/>
</players>
</general>
<round no="0"><action no="1" player="oreiasccp" type="15" sum="5"/>
<action no="2" player="Alchemik13" type="15" discard="1" dealt="1" sum="5"/>
<action no="3" player="oreiasccp" type="1" sum="20"/>
<action no="4" player="Alchemik13" type="2" discard="1" dealt="1" sum="40"/>
</round>
<round no="1"><cards type="Pocket" player="oreiasccp">CQ H8</cards>
<cards type="Pocket" player="Alchemik13">D2 SQ</cards>
<action no="5" player="oreiasccp" type="23" sum="180"/>
<action no="6" player="Alchemik13" type="3" discard="1" dealt="1" sum="140"/>
</round>
<round no="2"><cards type="Flop">DK D6 H7</cards>
</round>
<round no="3"><cards type="Turn">S4</cards>
</round>
<round no="4"><cards type="River">C4</cards>
</round>
</game>
<game gamecode="11516837412"><general><startdate>2025-06-17 09:35:46</startdate>
<round>1</round>
<failsafecounter/>
<players><player seat="6" name="oreiasccp" chips="370" dealer="0" win="0" bet="65" muck="1" rebuy="0" addon="0" merge="0" rebuychips="0" reg_code="8385508681"/>
<player seat="10" name="Alchemik13" chips="1,130" dealer="1" win="130" bet="1,130" muck="1" rebuy="0" addon="0" merge="0" rebuychips="0" reg_code="8385508689"/>
</players>
</general>
<round no="0"><action no="1" player="Alchemik13" type="15" discard="1" dealt="1" sum="5"/>
<action no="2" player="oreiasccp" type="15" sum="5"/>
<action no="3" player="Alchemik13" type="1" discard="1" dealt="1" sum="30"/>
<action no="4" player="oreiasccp" type="2" sum="60"/>
</round>
<round no="1"><cards type="Pocket" player="Alchemik13">X X</cards>
<cards type="Pocket" player="oreiasccp">SQ D4</cards>
<action no="5" player="Alchemik13" type="23" discard="1" dealt="1" sum="1,125"/>
<action no="6" player="oreiasccp" type="0" sum="0"/>
</round>
</game>
<game gamecode="11516837439"><general><startdate>2025-06-17 09:35:53</startdate>
<round>1</round>
<failsafecounter/>
<players><player seat="10" name="Alchemik13" chips="1,195" dealer="0" win="70" bet="65" muck="1" rebuy="0" addon="0" merge="0" rebuychips="0" reg_code="8385508689"/>
<player seat="6" name="oreiasccp" chips="305" dealer="1" win="0" bet="35" muck="1" rebuy="0" addon="0" merge="0" rebuychips="0" reg_code="8385508681"/>
</players>
</general>
<round no="0"><action no="1" player="oreiasccp" type="15" sum="5"/>
<action no="2" player="Alchemik13" type="15" discard="1" dealt="1" sum="5"/>
<action no="3" player="oreiasccp" type="1" sum="30"/>
<action no="4" player="Alchemik13" type="2" discard="1" dealt="1" sum="60"/>
</round>
<round no="1"><cards type="Pocket" player="oreiasccp">H5 D6</cards>
<cards type="Pocket" player="Alchemik13">X X</cards>
<action no="5" player="oreiasccp" type="0" sum="0"/>
</round>
</game>
<game gamecode="11516837458"><general><startdate>2025-06-17 09:35:59</startdate>
<round>1</round>
<failsafecounter/>
<players><player seat="6" name="oreiasccp" chips="270" dealer="0" win="0" bet="65" muck="1" rebuy="0" addon="0" merge="0" rebuychips="0" reg_code="8385508681"/>
<player seat="10" name="Alchemik13" chips="1,230" dealer="1" win="130" bet="1,230" muck="1" rebuy="0" addon="0" merge="0" rebuychips="0" reg_code="8385508689"/>
</players>
</general>
<round no="0"><action no="1" player="Alchemik13" type="15" discard="1" dealt="1" sum="5"/>
<action no="2" player="oreiasccp" type="15" sum="5"/>
<action no="3" player="Alchemik13" type="1" discard="1" dealt="1" sum="30"/>
<action no="4" player="oreiasccp" type="2" sum="60"/>
</round>
<round no="1"><cards type="Pocket" player="Alchemik13">X X</cards>
<cards type="Pocket" player="oreiasccp">C10 C5</cards>
<action no="5" player="Alchemik13" type="23" discard="1" dealt="1" sum="1,225"/>
<action no="6" player="oreiasccp" type="0" sum="0"/>
</round>
</game>
<game gamecode="11516837495"><general><startdate>2025-06-17 09:36:08</startdate>
<round>1</round>
<failsafecounter/>
<players><player seat="10" name="Alchemik13" chips="1,295" dealer="0" win="70" bet="65" muck="1" rebuy="0" addon="0" merge="0" rebuychips="0" reg_code="8385508689"/>
<player seat="6" name="oreiasccp" chips="205" dealer="1" win="0" bet="35" muck="1" rebuy="0" addon="0" merge="0" rebuychips="0" reg_code="8385508681"/>
</players>
</general>
<round no="0"><action no="1" player="oreiasccp" type="15" sum="5"/>
<action no="2" player="Alchemik13" type="15" discard="1" dealt="1" sum="5"/>
<action no="3" player="oreiasccp" type="1" sum="30"/>
<action no="4" player="Alchemik13" type="2" discard="1" dealt="1" sum="60"/>
</round>
<round no="1"><cards type="Pocket" player="oreiasccp">D4 H7</cards>
<cards type="Pocket" player="Alchemik13">X X</cards>
<action no="5" player="oreiasccp" type="0" sum="0"/>
</round>
</game>
<game gamecode="11516837515"><general><startdate>2025-06-17 09:36:13</startdate>
<round>1</round>
<failsafecounter/>
<players><player seat="6" name="oreiasccp" chips="170" dealer="0" win="340" bet="170" muck="0" rebuy="0" addon="0" merge="0" rebuychips="0" reg_code="8385508681"/>
<player seat="10" name="Alchemik13" chips="1,330" dealer="1" win="0" bet="1,330" muck="1" rebuy="0" addon="0" merge="0" rebuychips="0" reg_code="8385508689"/>
</players>
</general>
<round no="0"><action no="1" player="Alchemik13" type="15" discard="1" dealt="1" sum="5"/>
<action no="2" player="oreiasccp" type="15" sum="5"/>
<action no="3" player="Alchemik13" type="1" discard="1" dealt="1" sum="30"/>
<action no="4" player="oreiasccp" type="2" sum="60"/>
</round>
<round no="1"><cards type="Pocket" player="oreiasccp">CA S9</cards>
<cards type="Pocket" player="Alchemik13">H3 HA</cards>
<action no="5" player="Alchemik13" type="23" discard="1" dealt="1" sum="1,325"/>
<action no="6" player="oreiasccp" type="7" sum="105"/>
</round>
<round no="2"><cards type="Flop">C9 H5 C8</cards>
</round>
<round no="3"><cards type="Turn">HK</cards>
</round>
<round no="4"><cards type="River">SA</cards>
</round>
</game>
<game gamecode="11516837568"><general><startdate>2025-06-17 09:36:29</startdate>
<round>1</round>
<failsafecounter/>
<players><player seat="10" name="Alchemik13" chips="1,160" dealer="0" win="0" bet="65" muck="1" rebuy="0" addon="0" merge="0" rebuychips="0" reg_code="8385508689"/>
<player seat="6" name="oreiasccp" chips="340" dealer="1" win="130" bet="340" muck="1" rebuy="0" addon="0" merge="0" rebuychips="0" reg_code="8385508681"/>
</players>
</general>
<round no="0"><action no="1" player="oreiasccp" type="15" sum="5"/>
<action no="2" player="Alchemik13" type="15" discard="1" dealt="1" sum="5"/>
<action no="3" player="oreiasccp" type="1" sum="30"/>
<action no="4" player="Alchemik13" type="2" discard="1" dealt="1" sum="60"/>
</round>
<round no="1"><cards type="Pocket" player="oreiasccp">H4 SK</cards>
<cards type="Pocket" player="Alchemik13">X X</cards>
<action no="5" player="oreiasccp" type="23" sum="335"/>
<action no="6" player="Alchemik13" type="0" discard="1" dealt="1" sum="0"/>
</round>
</game>
<game gamecode="11516837596"><general><startdate>2025-06-17 09:36:37</startdate>
<round>1</round>
<failsafecounter/>
<players><player seat="6" name="oreiasccp" chips="405" dealer="0" win="70" bet="65" muck="1" rebuy="0" addon="0" merge="0" rebuychips="0" reg_code="8385508681"/>
<player seat="10" name="Alchemik13" chips="1,095" dealer="1" win="0" bet="35" muck="1" rebuy="0" addon="0" merge="0" rebuychips="0" reg_code="8385508689"/>
</players>
</general>
<round no="0"><action no="1" player="Alchemik13" type="15" discard="1" dealt="1" sum="5"/>
<action no="2" player="oreiasccp" type="15" sum="5"/>
<action no="3" player="Alchemik13" type="1" discard="1" dealt="1" sum="30"/>
<action no="4" player="oreiasccp" type="2" sum="60"/>
</round>
<round no="1"><cards type="Pocket" player="oreiasccp">SA S3</cards>
<cards type="Pocket" player="Alchemik13">X X</cards>
<action no="5" player="Alchemik13" type="0" discard="1" dealt="1" sum="0"/>
</round>
</game>
<game gamecode="11516837618"><general><startdate>2025-06-17 09:36:44</startdate>
<round>1</round>
<failsafecounter/>
<players><player seat="10" name="Alchemik13" chips="1,060" dealer="0" win="0" bet="1,060" muck="0" rebuy="0" addon="0" merge="0" rebuychips="0" reg_code="8385508689"/>
<player seat="6" name="oreiasccp" chips="440" dealer="1" win="880" bet="440" muck="0" rebuy="0" addon="0" merge="0" rebuychips="0" reg_code="8385508681"/>
</players>
</general>
<round no="0"><action no="1" player="oreiasccp" type="15" sum="5"/>
<action no="2" player="Alchemik13" type="15" discard="1" dealt="1" sum="5"/>
<action no="3" player="oreiasccp" type="1" sum="30"/>
<action no="4" player="Alchemik13" type="2" discard="1" dealt="1" sum="60"/>
</round>
<round no="1"><cards type="Pocket" player="Alchemik13">SQ CQ</cards>
<cards type="Pocket" player="oreiasccp">CA DA</cards>
<action no="5" player="oreiasccp" type="3" sum="30"/>
<action no="6" player="Alchemik13" type="23" discard="1" dealt="1" sum="150"/>
<action no="7" player="oreiasccp" type="3" sum="90"/>
</round>
<round no="2"><cards type="Flop">H5 C2 H3</cards>
<action no="8" player="Alchemik13" type="5" discard="1" dealt="1" sum="905"/>
<action no="9" player="oreiasccp" type="7" sum="285"/>
</round>
<round no="3"><cards type="Turn">HJ</cards>
</round>
<round no="4"><cards type="River">C8</cards>
</round>
</game>
<game gamecode="11516837697"><general><startdate>2025-06-17 09:37:09</startdate>
<round>1</round>
<failsafecounter/>
<players><player seat="6" name="oreiasccp" chips="880" dealer="0" win="130" bet="177" muck="1" rebuy="0" addon="0" merge="0" rebuychips="0" reg_code="8385508681"/>
<player seat="10" name="Alchemik13" chips="620" dealer="1" win="0" bet="65" muck="1" rebuy="0" addon="0" merge="0" rebuychips="0" reg_code="8385508689"/>
</players>
</general>
<round no="0"><action no="1" player="Alchemik13" type="15" discard="1" dealt="1" sum="5"/>
<action no="2" player="oreiasccp" type="15" sum="5"/>
<action no="3" player="Alchemik13" type="1" discard="1" dealt="1" sum="30"/>
<action no="4" player="oreiasccp" type="2" sum="60"/>
</round>
<round no="1"><cards type="Pocket" player="Alchemik13">X X</cards>
<cards type="Pocket" player="oreiasccp">S6 D8</cards>
<action no="5" player="Alchemik13" type="3" discard="1" dealt="1" sum="30"/>
<action no="6" player="oreiasccp" type="4" sum="0"/>
</round>
<round no="2"><cards type="Flop">D9 S4 H10</cards>
<action no="7" player="oreiasccp" type="4" sum="0"/>
<action no="8" player="Alchemik13" type="4" discard="1" dealt="1" sum="0"/>
</round>
<round no="3"><cards type="Turn">C9</cards>
<action no="9" player="oreiasccp" type="5" sum="112"/>
<action no="10" player="Alchemik13" type="0" discard="1" dealt="1" sum="0"/>
</round>
</game>
<game gamecode="11516837765"><general><startdate>2025-06-17 09:37:29</startdate>
<round>1</round>
<failsafecounter/>
<players><player seat="10" name="Alchemik13" chips="555" dealer="0" win="0" bet="555" muck="0" rebuy="0" addon="0" merge="0" rebuychips="0" reg_code="8385508689"/>
<player seat="6" name="oreiasccp" chips="945" dealer="1" win="1,110" bet="555" muck="0" rebuy="0" addon="0" merge="0" rebuychips="0" reg_code="8385508681"/>
</players>
</general>
<round no="0"><action no="1" player="oreiasccp" type="15" sum="5"/>
<action no="2" player="Alchemik13" type="15" discard="1" dealt="1" sum="5"/>
<action no="3" player="oreiasccp" type="1" sum="30"/>
<action no="4" player="Alchemik13" type="2" discard="1" dealt="1" sum="60"/>
</round>
<round no="1"><cards type="Pocket" player="oreiasccp">SQ H8</cards>
<cards type="Pocket" player="Alchemik13">SA HQ</cards>
<action no="5" player="oreiasccp" type="23" sum="550"/>
<action no="6" player="Alchemik13" type="7" discard="1" dealt="1" sum="490"/>
</round>
<round no="2"><cards type="Flop">C10 SJ S8</cards>
</round>
<round no="3"><cards type="Turn">CQ</cards>
</round>
<round no="4"><cards type="River">C5</cards>
</round>
</game>
</session>
