<?xml version="1.0" encoding="UTF-8"?>
<session sessioncode="8385525829">
<general>
<client_version>24.7.1.16</client_version>
<mode>real</mode>
<gametype>Holdem NL</gametype>
<tablename>Twister €5 SNG, 1127667551</tablename>
<tournamentcode>1127667550</tournamentcode>
<tournamentname>Twister €5 SNG</tournamentname>
<buyin>€0 + €0.35 + €4.65</buyin>
<totalbuyin>€5</totalbuyin>
<rewarddrawn>€15</rewarddrawn>
<tournamentcurrency>EUR</tournamentcurrency>
<currency>EUR</currency>
<nickname>oreiasccp</nickname>
<gamecount>21</gamecount>
<startdate>2025-06-17 10:38:16</startdate>
<place>1</place>
<win>€15</win>
<tablesize>3</tablesize>
</general>
<game gamecode="11516887683"><general><startdate>2025-06-17 10:38:32</startdate>
<round>1</round>
<failsafecounter/>
<players><player seat="10" name="saiger1" chips="500" dealer="0" win="20" bet="20" muck="1" rebuy="0" addon="0" merge="0" rebuychips="0" reg_code="8385525972"/>
<player seat="3" name="oreiasccp" chips="500" dealer="1" win="0" bet="0" muck="1" rebuy="0" addon="0" merge="0" rebuychips="0" reg_code="8385525829"/>
<player seat="6" name="Xlabuda" chips="500" dealer="0" win="0" bet="10" muck="1" rebuy="0" addon="0" merge="0" rebuychips="0" reg_code="8385525956"/>
</players>
</general>
<round no="0"><action no="1" player="Xlabuda" type="1" discard="1" dealt="1" sum="10"/>
<action no="2" player="saiger1" type="2" discard="1" dealt="1" sum="20"/>
</round>
<round no="1"><cards type="Pocket" player="oreiasccp">D6 SJ</cards>
<cards type="Pocket" player="saiger1">X X</cards>
<cards type="Pocket" player="Xlabuda">X X</cards>
<action no="3" player="oreiasccp" type="0" sum="0"/>
<action no="4" player="Xlabuda" type="0" discard="1" dealt="1" sum="0"/>
</round>
</game>
<game gamecode="11516887705"><general><startdate>2025-06-17 10:38:38</startdate>
<round>1</round>
<failsafecounter/>
<players><player seat="3" name="oreiasccp" chips="500" dealer="0" win="0" bet="20" muck="1" rebuy="0" addon="0" merge="0" rebuychips="0" reg_code="8385525829"/>
<player seat="6" name="Xlabuda" chips="490" dealer="1" win="1,000" bet="490" muck="0" rebuy="0" addon="0" merge="0" rebuychips="0" reg_code="8385525956"/>
<player seat="10" name="saiger1" chips="510" dealer="0" win="0" bet="510" muck="1" rebuy="0" addon="0" merge="0" rebuychips="0" reg_code="8385525972"/>
</players>
</general>
<round no="0"><action no="1" player="saiger1" type="1" discard="1" dealt="1" sum="10"/>
<action no="2" player="oreiasccp" type="2" sum="20"/>
</round>
<round no="1"><cards type="Pocket" player="oreiasccp">D8 H10</cards>
<cards type="Pocket" player="Xlabuda">SA CA</cards>
<cards type="Pocket" player="saiger1">S5 D5</cards>
<action no="3" player="Xlabuda" type="23" discard="1" dealt="1" sum="40"/>
<action no="4" player="saiger1" type="23" discard="1" dealt="1" sum="510"/>
<action no="5" player="oreiasccp" type="0" sum="0"/>
<action no="6" player="Xlabuda" type="7" discard="1" dealt="1" sum="450"/>
</round>
<round no="2"><cards type="Flop">C4 CK HA</cards>
</round>
<round no="3"><cards type="Turn">D10</cards>
</round>
<round no="4"><cards type="River">DA</cards>
</round>
</game>
<game gamecode="11516887816"><general><startdate>2025-06-17 10:39:03</startdate>
<round>1</round>
<failsafecounter/>
<players><player seat="6" name="Xlabuda" chips="1,000" dealer="0" win="0" bet="20" muck="1" rebuy="0" addon="0" merge="0" rebuychips="0" reg_code="8385525956"/>
<player seat="10" name="saiger1" chips="20" dealer="1" win="0" bet="0" muck="1" rebuy="0" addon="0" merge="0" rebuychips="0" reg_code="8385525972"/>
<player seat="3" name="oreiasccp" chips="480" dealer="0" win="40" bet="40" muck="1" rebuy="0" addon="0" merge="0" rebuychips="0" reg_code="8385525829"/>
</players>
</general>
<round no="0"><action no="1" player="oreiasccp" type="1" sum="10"/>
<action no="2" player="Xlabuda" type="2" discard="1" dealt="1" sum="20"/>
</round>
<round no="1"><cards type="Pocket" player="Xlabuda">X X</cards>
<cards type="Pocket" player="saiger1">X X</cards>
<cards type="Pocket" player="oreiasccp">C3 C6</cards>
<action no="3" player="saiger1" type="0" discard="1" dealt="1" sum="0"/>
<action no="4" player="oreiasccp" type="23" sum="40"/>
<action no="5" player="Xlabuda" type="0" discard="1" dealt="1" sum="0"/>
</round>
</game>
<game gamecode="11516887877"><general><startdate>2025-06-17 10:39:17</startdate>
<round>1</round>
<failsafecounter/>
<players><player seat="10" name="saiger1" chips="20" dealer="0" win="50" bet="20" muck="0" rebuy="0" addon="0" merge="0" rebuychips="0" reg_code="8385525972"/>
<player seat="3" name="oreiasccp" chips="500" dealer="1" win="0" bet="40" muck="1" rebuy="0" addon="0" merge="0" rebuychips="0" reg_code="8385525829"/>
<player seat="6" name="Xlabuda" chips="980" dealer="0" win="0" bet="10" muck="1" rebuy="0" addon="0" merge="0" rebuychips="0" reg_code="8385525956"/>
</players>
</general>
<round no="0"><action no="1" player="Xlabuda" type="1" discard="1" dealt="1" sum="10"/>
<action no="2" player="saiger1" type="2" discard="1" dealt="1" sum="20"/>
</round>
<round no="1"><cards type="Pocket" player="oreiasccp">CA H3</cards>
<cards type="Pocket" player="saiger1">D9 S2</cards>
<cards type="Pocket" player="Xlabuda">X X</cards>
<action no="3" player="oreiasccp" type="23" sum="40"/>
<action no="4" player="Xlabuda" type="0" discard="1" dealt="1" sum="0"/>
</round>
<round no="2"><cards type="Flop">H2 SJ S9</cards>
</round>
<round no="3"><cards type="Turn">CQ</cards>
</round>
<round no="4"><cards type="River">H10</cards>
</round>
</game>
<game gamecode="11516887951"><general><startdate>2025-06-17 10:39:34</startdate>
<round>1</round>
<failsafecounter/>
<players><player seat="3" name="oreiasccp" chips="480" dealer="0" win="0" bet="50" muck="1" rebuy="0" addon="0" merge="0" rebuychips="0" reg_code="8385525829"/>
<player seat="6" name="Xlabuda" chips="970" dealer="1" win="0" bet="0" muck="1" rebuy="0" addon="0" merge="0" rebuychips="0" reg_code="8385525956"/>
<player seat="10" name="saiger1" chips="50" dealer="0" win="100" bet="50" muck="0" rebuy="0" addon="0" merge="0" rebuychips="0" reg_code="8385525972"/>
</players>
</general>
<round no="0"><action no="1" player="saiger1" type="1" discard="1" dealt="1" sum="10"/>
<action no="2" player="oreiasccp" type="2" sum="20"/>
</round>
<round no="1"><cards type="Pocket" player="saiger1">C9 D8</cards>
<cards type="Pocket" player="Xlabuda">X X</cards>
<cards type="Pocket" player="oreiasccp">H4 C5</cards>
<action no="3" player="Xlabuda" type="0" discard="1" dealt="1" sum="0"/>
<action no="4" player="saiger1" type="23" discard="1" dealt="1" sum="50"/>
<action no="5" player="oreiasccp" type="3" sum="30"/>
</round>
<round no="2"><cards type="Flop">C4 S7 H2</cards>
</round>
<round no="3"><cards type="Turn">S3</cards>
</round>
<round no="4"><cards type="River">C8</cards>
</round>
</game>
<game gamecode="11516888021"><general><startdate>2025-06-17 10:39:53</startdate>
<round>1</round>
<failsafecounter/>
<players><player seat="6" name="Xlabuda" chips="970" dealer="0" win="0" bet="20" muck="1" rebuy="0" addon="0" merge="0" rebuychips="0" reg_code="8385525956"/>
<player seat="10" name="saiger1" chips="100" dealer="1" win="50" bet="100" muck="1" rebuy="0" addon="0" merge="0" rebuychips="0" reg_code="8385525972"/>
<player seat="3" name="oreiasccp" chips="430" dealer="0" win="0" bet="10" muck="1" rebuy="0" addon="0" merge="0" rebuychips="0" reg_code="8385525829"/>
</players>
</general>
<round no="0"><action no="1" player="oreiasccp" type="1" sum="10"/>
<action no="2" player="Xlabuda" type="2" discard="1" dealt="1" sum="20"/>
</round>
<round no="1"><cards type="Pocket" player="saiger1">X X</cards>
<cards type="Pocket" player="oreiasccp">S4 CJ</cards>
<cards type="Pocket" player="Xlabuda">X X</cards>
<action no="3" player="saiger1" type="23" discard="1" dealt="1" sum="100"/>
<action no="4" player="oreiasccp" type="0" sum="0"/>
<action no="5" player="Xlabuda" type="0" discard="1" dealt="1" sum="0"/>
</round>
</game>
<game gamecode="11516888070"><general><startdate>2025-06-17 10:40:04</startdate>
<round>1</round>
<failsafecounter/>
<players><player seat="10" name="saiger1" chips="130" dealer="0" win="0" bet="20" muck="1" rebuy="0" addon="0" merge="0" rebuychips="0" reg_code="8385525972"/>
<player seat="3" name="oreiasccp" chips="420" dealer="1" win="0" bet="0" muck="1" rebuy="0" addon="0" merge="0" rebuychips="0" reg_code="8385525829"/>
<player seat="6" name="Xlabuda" chips="950" dealer="0" win="40" bet="950" muck="1" rebuy="0" addon="0" merge="0" rebuychips="0" reg_code="8385525956"/>
</players>
</general>
<round no="0"><action no="1" player="Xlabuda" type="1" discard="1" dealt="1" sum="10"/>
<action no="2" player="saiger1" type="2" discard="1" dealt="1" sum="20"/>
</round>
<round no="1"><cards type="Pocket" player="saiger1">X X</cards>
<cards type="Pocket" player="Xlabuda">X X</cards>
<cards type="Pocket" player="oreiasccp">D5 S3</cards>
<action no="3" player="oreiasccp" type="0" sum="0"/>
<action no="4" player="Xlabuda" type="23" discard="1" dealt="1" sum="950"/>
<action no="5" player="saiger1" type="0" discard="1" dealt="1" sum="0"/>
</round>
</game>
<game gamecode="11516888108"><general><startdate>2025-06-17 10:40:13</startdate>
<round>1</round>
<failsafecounter/>
<players><player seat="3" name="oreiasccp" chips="420" dealer="0" win="0" bet="20" muck="1" rebuy="0" addon="0" merge="0" rebuychips="0" reg_code="8385525829"/>
<player seat="6" name="Xlabuda" chips="970" dealer="1" win="0" bet="0" muck="1" rebuy="0" addon="0" merge="0" rebuychips="0" reg_code="8385525956"/>
<player seat="10" name="saiger1" chips="110" dealer="0" win="40" bet="110" muck="1" rebuy="0" addon="0" merge="0" rebuychips="0" reg_code="8385525972"/>
</players>
</general>
<round no="0"><action no="1" player="saiger1" type="1" discard="1" dealt="1" sum="10"/>
<action no="2" player="oreiasccp" type="2" sum="20"/>
</round>
<round no="1"><cards type="Pocket" player="oreiasccp">H9 H5</cards>
<cards type="Pocket" player="saiger1">X X</cards>
<cards type="Pocket" player="Xlabuda">X X</cards>
<action no="3" player="Xlabuda" type="0" discard="1" dealt="1" sum="0"/>
<action no="4" player="saiger1" type="23" discard="1" dealt="1" sum="110"/>
<action no="5" player="oreiasccp" type="0" sum="0"/>
</round>
</game>
<game gamecode="11516888163"><general><startdate>2025-06-17 10:40:24</startdate>
<round>1</round>
<failsafecounter/>
<players><player seat="6" name="Xlabuda" chips="970" dealer="0" win="0" bet="20" muck="1" rebuy="0" addon="0" merge="0" rebuychips="0" reg_code="8385525956"/>
<player seat="10" name="saiger1" chips="130" dealer="1" win="0" bet="0" muck="1" rebuy="0" addon="0" merge="0" rebuychips="0" reg_code="8385525972"/>
<player seat="3" name="oreiasccp" chips="400" dealer="0" win="40" bet="40" muck="1" rebuy="0" addon="0" merge="0" rebuychips="0" reg_code="8385525829"/>
</players>
</general>
<round no="0"><action no="1" player="oreiasccp" type="1" sum="10"/>
<action no="2" player="Xlabuda" type="2" discard="1" dealt="1" sum="20"/>
</round>
<round no="1"><cards type="Pocket" player="oreiasccp">DQ C9</cards>
<cards type="Pocket" player="saiger1">X X</cards>
<cards type="Pocket" player="Xlabuda">X X</cards>
<action no="3" player="saiger1" type="0" discard="1" dealt="1" sum="0"/>
<action no="4" player="oreiasccp" type="23" sum="40"/>
<action no="5" player="Xlabuda" type="0" discard="1" dealt="1" sum="0"/>
</round>
</game>
<game gamecode="11516888211"><general><startdate>2025-06-17 10:40:37</startdate>
<round>1</round>
<failsafecounter/>
<players><player seat="10" name="saiger1" chips="130" dealer="0" win="45" bet="35" muck="1" rebuy="0" addon="0" merge="0" rebuychips="0" reg_code="8385525972"/>
<player seat="3" name="oreiasccp" chips="420" dealer="1" win="0" bet="5" muck="1" rebuy="0" addon="0" merge="0" rebuychips="0" reg_code="8385525829"/>
<player seat="6" name="Xlabuda" chips="950" dealer="0" win="0" bet="20" muck="1" rebuy="0" addon="0" merge="0" rebuychips="0" reg_code="8385525956"/>
</players>
</general>
<round no="0"><action no="1" player="Xlabuda" type="15" discard="1" dealt="1" sum="5"/>
<action no="2" player="saiger1" type="15" discard="1" dealt="1" sum="5"/>
<action no="3" player="oreiasccp" type="15" sum="5"/>
<action no="4" player="Xlabuda" type="1" discard="1" dealt="1" sum="15"/>
<action no="5" player="saiger1" type="2" discard="1" dealt="1" sum="30"/>
</round>
<round no="1"><cards type="Pocket" player="oreiasccp">H8 D2</cards>
<cards type="Pocket" player="saiger1">X X</cards>
<cards type="Pocket" player="Xlabuda">X X</cards>
<action no="6" player="oreiasccp" type="0" sum="0"/>
<action no="7" player="Xlabuda" type="0" discard="1" dealt="1" sum="0"/>
</round>
</game>
<game gamecode="11516888240"><general><startdate>2025-06-17 10:40:44</startdate>
<round>1</round>
<failsafecounter/>
<players><player seat="3" name="oreiasccp" chips="415" dealer="0" win="315" bet="155" muck="0" rebuy="0" addon="0" merge="0" rebuychips="0" reg_code="8385525829"/>
<player seat="6" name="Xlabuda" chips="930" dealer="1" win="0" bet="5" muck="1" rebuy="0" addon="0" merge="0" rebuychips="0" reg_code="8385525956"/>
<player seat="10" name="saiger1" chips="155" dealer="0" win="0" bet="155" muck="0" rebuy="0" addon="0" merge="0" rebuychips="0" reg_code="8385525972"/>
</players>
</general>
<round no="0"><action no="1" player="saiger1" type="15" discard="1" dealt="1" sum="5"/>
<action no="2" player="oreiasccp" type="15" sum="5"/>
<action no="3" player="Xlabuda" type="15" discard="1" dealt="1" sum="5"/>
<action no="4" player="saiger1" type="1" discard="1" dealt="1" sum="15"/>
<action no="5" player="oreiasccp" type="2" sum="30"/>
</round>
<round no="1"><cards type="Pocket" player="oreiasccp">HA D3</cards>
<cards type="Pocket" player="Xlabuda">X X</cards>
<cards type="Pocket" player="saiger1">S5 DQ</cards>
<action no="6" player="Xlabuda" type="0" discard="1" dealt="1" sum="0"/>
<action no="7" player="saiger1" type="23" discard="1" dealt="1" sum="150"/>
<action no="8" player="oreiasccp" type="3" sum="120"/>
</round>
<round no="2"><cards type="Flop">SQ C6 S7</cards>
</round>
<round no="3"><cards type="Turn">CA</cards>
</round>
<round no="4"><cards type="River">C4</cards>
</round>
</game>
<game gamecode="11516888329"><general><startdate>2025-06-17 10:41:06</startdate>
<round>1</round>
<failsafecounter/>
<players><player seat="6" name="Xlabuda" chips="925" dealer="0" win="70" bet="95" muck="1" rebuy="0" addon="0" merge="0" rebuychips="0" reg_code="8385525956"/>
<player seat="3" name="oreiasccp" chips="575" dealer="1" win="0" bet="35" muck="1" rebuy="0" addon="0" merge="0" rebuychips="0" reg_code="8385525829"/>
</players>
</general>
<round no="0"><action no="1" player="oreiasccp" type="15" sum="5"/>
<action no="2" player="Xlabuda" type="15" discard="1" dealt="1" sum="5"/>
<action no="3" player="oreiasccp" type="1" sum="15"/>
<action no="4" player="Xlabuda" type="2" discard="1" dealt="1" sum="30"/>
</round>
<round no="1"><cards type="Pocket" player="Xlabuda">X X</cards>
<cards type="Pocket" player="oreiasccp">SJ C4</cards>
<action no="5" player="oreiasccp" type="3" sum="15"/>
<action no="6" player="Xlabuda" type="23" discard="1" dealt="1" sum="90"/>
<action no="7" player="oreiasccp" type="0" sum="0"/>
</round>
</game>
<game gamecode="11516888387"><general><startdate>2025-06-17 10:41:18</startdate>
<round>1</round>
<failsafecounter/>
<players><player seat="3" name="oreiasccp" chips="540" dealer="0" win="374" bet="187" muck="0" rebuy="0" addon="0" merge="0" rebuychips="0" reg_code="8385525829"/>
<player seat="6" name="Xlabuda" chips="960" dealer="1" win="0" bet="187" muck="1" rebuy="0" addon="0" merge="0" rebuychips="0" reg_code="8385525956"/>
</players>
</general>
<round no="0"><action no="1" player="Xlabuda" type="15" discard="1" dealt="1" sum="5"/>
<action no="2" player="oreiasccp" type="15" sum="5"/>
<action no="3" player="Xlabuda" type="1" discard="1" dealt="1" sum="15"/>
<action no="4" player="oreiasccp" type="2" sum="30"/>
</round>
<round no="1"><cards type="Pocket" player="oreiasccp">H3 H10</cards>
<cards type="Pocket" player="Xlabuda">C3 CA</cards>
<action no="5" player="Xlabuda" type="3" discard="1" dealt="1" sum="15"/>
<action no="6" player="oreiasccp" type="4" sum="0"/>
</round>
<round no="2"><cards type="Flop">C5 S3 D10</cards>
<action no="7" player="oreiasccp" type="4" sum="0"/>
<action no="8" player="Xlabuda" type="5" discard="1" dealt="1" sum="30"/>
<action no="9" player="oreiasccp" type="23" sum="90"/>
<action no="10" player="Xlabuda" type="3" discard="1" dealt="1" sum="60"/>
</round>
<round no="3"><cards type="Turn">H5</cards>
<action no="11" player="oreiasccp" type="4" sum="0"/>
<action no="12" player="Xlabuda" type="5" discard="1" dealt="1" sum="62"/>
<action no="13" player="oreiasccp" type="3" sum="62"/>
</round>
<round no="4"><cards type="River">C4</cards>
<action no="14" player="oreiasccp" type="4" sum="0"/>
<action no="15" player="Xlabuda" type="4" discard="1" dealt="1" sum="0"/>
</round>
</game>
<game gamecode="11516888505"><general><startdate>2025-06-17 10:41:49</startdate>
<round>1</round>
<failsafecounter/>
<players><player seat="6" name="Xlabuda" chips="773" dealer="0" win="70" bet="170" muck="1" rebuy="0" addon="0" merge="0" rebuychips="0" reg_code="8385525956"/>
<player seat="3" name="oreiasccp" chips="727" dealer="1" win="0" bet="35" muck="1" rebuy="0" addon="0" merge="0" rebuychips="0" reg_code="8385525829"/>
</players>
</general>
<round no="0"><action no="1" player="oreiasccp" type="15" sum="5"/>
<action no="2" player="Xlabuda" type="15" discard="1" dealt="1" sum="5"/>
<action no="3" player="oreiasccp" type="1" sum="15"/>
<action no="4" player="Xlabuda" type="2" discard="1" dealt="1" sum="30"/>
</round>
<round no="1"><cards type="Pocket" player="Xlabuda">X X</cards>
<cards type="Pocket" player="oreiasccp">H5 C6</cards>
<action no="5" player="oreiasccp" type="3" sum="15"/>
<action no="6" player="Xlabuda" type="23" discard="1" dealt="1" sum="165"/>
<action no="7" player="oreiasccp" type="0" sum="0"/>
</round>
</game>
<game gamecode="11516888564"><general><startdate>2025-06-17 10:42:04</startdate>
<round>1</round>
<failsafecounter/>
<players><player seat="3" name="oreiasccp" chips="692" dealer="0" win="40" bet="35" muck="1" rebuy="0" addon="0" merge="0" rebuychips="0" reg_code="8385525829"/>
<player seat="6" name="Xlabuda" chips="808" dealer="1" win="0" bet="20" muck="1" rebuy="0" addon="0" merge="0" rebuychips="0" reg_code="8385525956"/>
</players>
</general>
<round no="0"><action no="1" player="Xlabuda" type="15" discard="1" dealt="1" sum="5"/>
<action no="2" player="oreiasccp" type="15" sum="5"/>
<action no="3" player="Xlabuda" type="1" discard="1" dealt="1" sum="15"/>
<action no="4" player="oreiasccp" type="2" sum="30"/>
</round>
<round no="1"><cards type="Pocket" player="oreiasccp">S7 DK</cards>
<cards type="Pocket" player="Xlabuda">X X</cards>
<action no="5" player="Xlabuda" type="0" discard="1" dealt="1" sum="0"/>
</round>
</game>
<game gamecode="11516888591"><general><startdate>2025-06-17 10:42:10</startdate>
<round>1</round>
<failsafecounter/>
<players><player seat="6" name="Xlabuda" chips="788" dealer="0" win="70" bet="95" muck="1" rebuy="0" addon="0" merge="0" rebuychips="0" reg_code="8385525956"/>
<player seat="3" name="oreiasccp" chips="712" dealer="1" win="0" bet="35" muck="1" rebuy="0" addon="0" merge="0" rebuychips="0" reg_code="8385525829"/>
</players>
</general>
<round no="0"><action no="1" player="oreiasccp" type="15" sum="5"/>
<action no="2" player="Xlabuda" type="15" discard="1" dealt="1" sum="5"/>
<action no="3" player="oreiasccp" type="1" sum="15"/>
<action no="4" player="Xlabuda" type="2" discard="1" dealt="1" sum="30"/>
</round>
<round no="1"><cards type="Pocket" player="Xlabuda">X X</cards>
<cards type="Pocket" player="oreiasccp">C4 D10</cards>
<action no="5" player="oreiasccp" type="3" sum="15"/>
<action no="6" player="Xlabuda" type="23" discard="1" dealt="1" sum="90"/>
<action no="7" player="oreiasccp" type="0" sum="0"/>
</round>
</game>
<game gamecode="11516888652"><general><startdate>2025-06-17 10:42:24</startdate>
<round>1</round>
<failsafecounter/>
<players><player seat="3" name="oreiasccp" chips="677" dealer="0" win="70" bet="677" muck="1" rebuy="0" addon="0" merge="0" rebuychips="0" reg_code="8385525829"/>
<player seat="6" name="Xlabuda" chips="823" dealer="1" win="0" bet="35" muck="1" rebuy="0" addon="0" merge="0" rebuychips="0" reg_code="8385525956"/>
</players>
</general>
<round no="0"><action no="1" player="Xlabuda" type="15" discard="1" dealt="1" sum="5"/>
<action no="2" player="oreiasccp" type="15" sum="5"/>
<action no="3" player="Xlabuda" type="1" discard="1" dealt="1" sum="15"/>
<action no="4" player="oreiasccp" type="2" sum="30"/>
</round>
<round no="1"><cards type="Pocket" player="Xlabuda">X X</cards>
<cards type="Pocket" player="oreiasccp">DA C5</cards>
<action no="5" player="Xlabuda" type="3" discard="1" dealt="1" sum="15"/>
<action no="6" player="oreiasccp" type="23" sum="672"/>
<action no="7" player="Xlabuda" type="0" discard="1" dealt="1" sum="0"/>
</round>
</game>
<game gamecode="11516888686"><general><startdate>2025-06-17 10:42:34</startdate>
<round>1</round>
<failsafecounter/>
<players><player seat="6" name="Xlabuda" chips="788" dealer="0" win="0" bet="165" muck="1" rebuy="0" addon="0" merge="0" rebuychips="0" reg_code="8385525956"/>
<player seat="3" name="oreiasccp" chips="712" dealer="1" win="330" bet="165" muck="0" rebuy="0" addon="0" merge="0" rebuychips="0" reg_code="8385525829"/>
</players>
</general>
<round no="0"><action no="1" player="oreiasccp" type="15" sum="5"/>
<action no="2" player="Xlabuda" type="15" discard="1" dealt="1" sum="5"/>
<action no="3" player="oreiasccp" type="1" sum="20"/>
<action no="4" player="Xlabuda" type="2" discard="1" dealt="1" sum="40"/>
</round>
<round no="1"><cards type="Pocket" player="oreiasccp">CJ S6</cards>
<cards type="Pocket" player="Xlabuda">S10 C6</cards>
<action no="5" player="oreiasccp" type="3" sum="20"/>
<action no="6" player="Xlabuda" type="4" discard="1" dealt="1" sum="0"/>
</round>
<round no="2"><cards type="Flop">C5 SJ H6</cards>
<action no="7" player="Xlabuda" type="4" discard="1" dealt="1" sum="0"/>
<action no="8" player="oreiasccp" type="5" sum="40"/>
<action no="9" player="Xlabuda" type="3" discard="1" dealt="1" sum="40"/>
</round>
<round no="3"><cards type="Turn">H5</cards>
<action no="10" player="Xlabuda" type="5" discard="1" dealt="1" sum="80"/>
<action no="11" player="oreiasccp" type="3" sum="80"/>
</round>
<round no="4"><cards type="River">H3</cards>
<action no="12" player="Xlabuda" type="4" discard="1" dealt="1" sum="0"/>
<action no="13" player="oreiasccp" type="4" sum="0"/>
</round>
</game>
<game gamecode="11516888797"><general><startdate>2025-06-17 10:43:01</startdate>
<round>1</round>
<failsafecounter/>
<players><player seat="3" name="oreiasccp" chips="877" dealer="0" win="0" bet="45" muck="1" rebuy="0" addon="0" merge="0" rebuychips="0" reg_code="8385525829"/>
<player seat="6" name="Xlabuda" chips="623" dealer="1" win="90" bet="90" muck="1" rebuy="0" addon="0" merge="0" rebuychips="0" reg_code="8385525956"/>
</players>
</general>
<round no="0"><action no="1" player="Xlabuda" type="15" discard="1" dealt="1" sum="5"/>
<action no="2" player="oreiasccp" type="15" sum="5"/>
<action no="3" player="Xlabuda" type="1" discard="1" dealt="1" sum="20"/>
<action no="4" player="oreiasccp" type="2" sum="40"/>
</round>
<round no="1"><cards type="Pocket" player="oreiasccp">CJ D4</cards>
<cards type="Pocket" player="Xlabuda">X X</cards>
<action no="5" player="Xlabuda" type="3" discard="1" dealt="1" sum="20"/>
<action no="6" player="oreiasccp" type="4" sum="0"/>
</round>
<round no="2"><cards type="Flop">S7 D6 CK</cards>
<action no="7" player="oreiasccp" type="4" sum="0"/>
<action no="8" player="Xlabuda" type="4" discard="1" dealt="1" sum="0"/>
</round>
<round no="3"><cards type="Turn">H10</cards>
<action no="9" player="oreiasccp" type="4" sum="0"/>
<action no="10" player="Xlabuda" type="5" discard="1" dealt="1" sum="45"/>
<action no="11" player="oreiasccp" type="0" sum="0"/>
</round>
</game>
<game gamecode="11516888883"><general><startdate>2025-06-17 10:43:22</startdate>
<round>1</round>
<failsafecounter/>
<players><player seat="6" name="Xlabuda" chips="668" dealer="0" win="50" bet="45" muck="1" rebuy="0" addon="0" merge="0" rebuychips="0" reg_code="8385525956"/>
<player seat="3" name="oreiasccp" chips="832" dealer="1" win="0" bet="25" muck="1" rebuy="0" addon="0" merge="0" rebuychips="0" reg_code="8385525829"/>
</players>
</general>
<round no="0"><action no="1" player="oreiasccp" type="15" sum="5"/>
<action no="2" player="Xlabuda" type="15" discard="1" dealt="1" sum="5"/>
<action no="3" player="oreiasccp" type="1" sum="20"/>
<action no="4" player="Xlabuda" type="2" discard="1" dealt="1" sum="40"/>
</round>
<round no="1"><cards type="Pocket" player="Xlabuda">X X</cards>
<cards type="Pocket" player="oreiasccp">H2 D6</cards>
<action no="5" player="oreiasccp" type="0" sum="0"/>
</round>
</game>
<game gamecode="11516888899"><general><startdate>2025-06-17 10:43:27</startdate>
<round>1</round>
<failsafecounter/>
<players><player seat="3" name="oreiasccp" chips="807" dealer="0" win="1,386" bet="693" muck="0" rebuy="0" addon="0" merge="0" rebuychips="0" reg_code="8385525829"/>
<player seat="6" name="Xlabuda" chips="693" dealer="1" win="0" bet="693" muck="1" rebuy="0" addon="0" merge="0" rebuychips="0" reg_code="8385525956"/>
</players>
</general>
<round no="0"><action no="1" player="Xlabuda" type="15" discard="1" dealt="1" sum="5"/>
<action no="2" player="oreiasccp" type="15" sum="5"/>
<action no="3" player="Xlabuda" type="1" discard="1" dealt="1" sum="20"/>
<action no="4" player="oreiasccp" type="2" sum="40"/>
</round>
<round no="1"><cards type="Pocket" player="oreiasccp">D8 DA</cards>
<cards type="Pocket" player="Xlabuda">CK HQ</cards>
<action no="5" player="Xlabuda" type="23" discard="1" dealt="1" sum="80"/>
<action no="6" player="oreiasccp" type="23" sum="688"/>
<action no="7" player="Xlabuda" type="7" discard="1" dealt="1" sum="608"/>
</round>
<round no="2"><cards type="Flop">H3 SJ C5</cards>
</round>
<round no="3"><cards type="Turn">C9</cards>
</round>
<round no="4"><cards type="River">S5</cards>
</round>
</game>
</session>
