<?xml version="1.0" encoding="UTF-8"?>
<session sessioncode="8385495171">
<general>
<client_version>24.7.1.16</client_version>
<mode>real</mode>
<gametype>Holdem NL</gametype>
<tablename>Twister €5 SNG, 1127662278</tablename>
<tournamentcode>1127662277</tournamentcode>
<tournamentname>Twister €5 SNG</tournamentname>
<buyin>€0 + €0.35 + €4.65</buyin>
<totalbuyin>€5</totalbuyin>
<rewarddrawn>€10</rewarddrawn>
<tournamentcurrency>EUR</tournamentcurrency>
<currency>EUR</currency>
<nickname>oreiasccp</nickname>
<gamecount>23</gamecount>
<startdate>2025-06-17 08:26:49</startdate>
<place>1</place>
<win>€10</win>
<tablesize>3</tablesize>
</general>
<game gamecode="11516791106"><general><startdate>2025-06-17 08:27:04</startdate>
<round>1</round>
<failsafecounter/>
<players><player seat="10" name="gabitomasnaki" chips="500" dealer="0" win="0" bet="20" muck="1" rebuy="0" addon="0" merge="0" rebuychips="0" reg_code="8385495344"/>
<player seat="3" name="oreiasccp" chips="500" dealer="1" win="0" bet="40" muck="1" rebuy="0" addon="0" merge="0" rebuychips="0" reg_code="8385495171"/>
<player seat="6" name="bobbb1" chips="500" dealer="0" win="100" bet="500" muck="1" rebuy="0" addon="0" merge="0" rebuychips="0" reg_code="8385495293"/>
</players>
</general>
<round no="0"><action no="1" player="bobbb1" type="1" discard="1" dealt="1" sum="10"/>
<action no="2" player="gabitomasnaki" type="2" discard="1" dealt="1" sum="20"/>
</round>
<round no="1"><cards type="Pocket" player="bobbb1">X X</cards>
<cards type="Pocket" player="oreiasccp">DQ C10</cards>
<cards type="Pocket" player="gabitomasnaki">X X</cards>
<action no="3" player="oreiasccp" type="23" sum="40"/>
<action no="4" player="bobbb1" type="23" discard="1" dealt="1" sum="500"/>
<action no="5" player="gabitomasnaki" type="0" discard="1" dealt="1" sum="0"/>
<action no="6" player="oreiasccp" type="0" sum="0"/>
</round>
</game>
<game gamecode="11516791131"><general><startdate>2025-06-17 08:27:16</startdate>
<round>1</round>
<failsafecounter/>
<players><player seat="3" name="oreiasccp" chips="460" dealer="0" win="0" bet="110" muck="1" rebuy="0" addon="0" merge="0" rebuychips="0" reg_code="8385495171"/>
<player seat="6" name="bobbb1" chips="560" dealer="1" win="0" bet="70" muck="1" rebuy="0" addon="0" merge="0" rebuychips="0" reg_code="8385495293"/>
<player seat="10" name="gabitomasnaki" chips="480" dealer="0" win="290" bet="110" muck="0" rebuy="0" addon="0" merge="0" rebuychips="0" reg_code="8385495344"/>
</players>
</general>
<round no="0"><action no="1" player="gabitomasnaki" type="1" discard="1" dealt="1" sum="10"/>
<action no="2" player="oreiasccp" type="2" sum="20"/>
</round>
<round no="1"><cards type="Pocket" player="bobbb1">X X</cards>
<cards type="Pocket" player="gabitomasnaki">HA H10</cards>
<cards type="Pocket" player="oreiasccp">H6 S7</cards>
<action no="3" player="bobbb1" type="23" discard="1" dealt="1" sum="40"/>
<action no="4" player="gabitomasnaki" type="3" discard="1" dealt="1" sum="30"/>
<action no="5" player="oreiasccp" type="3" sum="20"/>
</round>
<round no="2"><cards type="Flop">C5 H5 D7</cards>
<action no="6" player="gabitomasnaki" type="4" discard="1" dealt="1" sum="0"/>
<action no="7" player="oreiasccp" type="4" sum="0"/>
<action no="8" player="bobbb1" type="5" discard="1" dealt="1" sum="30"/>
<action no="9" player="gabitomasnaki" type="3" discard="1" dealt="1" sum="30"/>
<action no="10" player="oreiasccp" type="3" sum="30"/>
</round>
<round no="3"><cards type="Turn">S10</cards>
<action no="11" player="gabitomasnaki" type="5" discard="1" dealt="1" sum="40"/>
<action no="12" player="oreiasccp" type="3" sum="40"/>
<action no="13" player="bobbb1" type="0" discard="1" dealt="1" sum="0"/>
</round>
<round no="4"><cards type="River">C9</cards>
<action no="14" player="gabitomasnaki" type="4" discard="1" dealt="1" sum="0"/>
<action no="15" player="oreiasccp" type="4" sum="0"/>
</round>
</game>
<game gamecode="11516791223"><general><startdate>2025-06-17 08:27:52</startdate>
<round>1</round>
<failsafecounter/>
<players><player seat="6" name="bobbb1" chips="490" dealer="0" win="120" bet="60" muck="0" rebuy="0" addon="0" merge="0" rebuychips="0" reg_code="8385495293"/>
<player seat="10" name="gabitomasnaki" chips="660" dealer="1" win="0" bet="0" muck="1" rebuy="0" addon="0" merge="0" rebuychips="0" reg_code="8385495344"/>
<player seat="3" name="oreiasccp" chips="350" dealer="0" win="0" bet="60" muck="1" rebuy="0" addon="0" merge="0" rebuychips="0" reg_code="8385495171"/>
</players>
</general>
<round no="0"><action no="1" player="oreiasccp" type="1" sum="10"/>
<action no="2" player="bobbb1" type="2" discard="1" dealt="1" sum="20"/>
</round>
<round no="1"><cards type="Pocket" player="bobbb1">S6 HJ</cards>
<cards type="Pocket" player="gabitomasnaki">X X</cards>
<cards type="Pocket" player="oreiasccp">D4 HQ</cards>
<action no="3" player="gabitomasnaki" type="0" discard="1" dealt="1" sum="0"/>
<action no="4" player="oreiasccp" type="23" sum="40"/>
<action no="5" player="bobbb1" type="3" discard="1" dealt="1" sum="20"/>
</round>
<round no="2"><cards type="Flop">D6 DA C9</cards>
<action no="6" player="oreiasccp" type="5" sum="20"/>
<action no="7" player="bobbb1" type="3" discard="1" dealt="1" sum="20"/>
</round>
<round no="3"><cards type="Turn">C4</cards>
<action no="8" player="oreiasccp" type="4" sum="0"/>
<action no="9" player="bobbb1" type="4" discard="1" dealt="1" sum="0"/>
</round>
<round no="4"><cards type="River">H5</cards>
<action no="10" player="oreiasccp" type="4" sum="0"/>
<action no="11" player="bobbb1" type="4" discard="1" dealt="1" sum="0"/>
</round>
</game>
<game gamecode="11516791323"><general><startdate>2025-06-17 08:28:30</startdate>
<round>1</round>
<failsafecounter/>
<players><player seat="10" name="gabitomasnaki" chips="660" dealer="0" win="0" bet="20" muck="1" rebuy="0" addon="0" merge="0" rebuychips="0" reg_code="8385495344"/>
<player seat="3" name="oreiasccp" chips="290" dealer="1" win="50" bet="290" muck="1" rebuy="0" addon="0" merge="0" rebuychips="0" reg_code="8385495171"/>
<player seat="6" name="bobbb1" chips="550" dealer="0" win="0" bet="10" muck="1" rebuy="0" addon="0" merge="0" rebuychips="0" reg_code="8385495293"/>
</players>
</general>
<round no="0"><action no="1" player="bobbb1" type="1" discard="1" dealt="1" sum="10"/>
<action no="2" player="gabitomasnaki" type="2" discard="1" dealt="1" sum="20"/>
</round>
<round no="1"><cards type="Pocket" player="bobbb1">X X</cards>
<cards type="Pocket" player="gabitomasnaki">X X</cards>
<cards type="Pocket" player="oreiasccp">C5 CA</cards>
<action no="3" player="oreiasccp" type="23" sum="290"/>
<action no="4" player="bobbb1" type="0" discard="1" dealt="1" sum="0"/>
<action no="5" player="gabitomasnaki" type="0" discard="1" dealt="1" sum="0"/>
</round>
</game>
<game gamecode="11516791350"><general><startdate>2025-06-17 08:28:41</startdate>
<round>1</round>
<failsafecounter/>
<players><player seat="3" name="oreiasccp" chips="320" dealer="0" win="20" bet="20" muck="1" rebuy="0" addon="0" merge="0" rebuychips="0" reg_code="8385495171"/>
<player seat="6" name="bobbb1" chips="540" dealer="1" win="0" bet="0" muck="1" rebuy="0" addon="0" merge="0" rebuychips="0" reg_code="8385495293"/>
<player seat="10" name="gabitomasnaki" chips="640" dealer="0" win="0" bet="10" muck="1" rebuy="0" addon="0" merge="0" rebuychips="0" reg_code="8385495344"/>
</players>
</general>
<round no="0"><action no="1" player="gabitomasnaki" type="1" discard="1" dealt="1" sum="10"/>
<action no="2" player="oreiasccp" type="2" sum="20"/>
</round>
<round no="1"><cards type="Pocket" player="oreiasccp">DJ HQ</cards>
<cards type="Pocket" player="gabitomasnaki">X X</cards>
<cards type="Pocket" player="bobbb1">X X</cards>
<action no="3" player="bobbb1" type="0" discard="1" dealt="1" sum="0"/>
<action no="4" player="gabitomasnaki" type="0" discard="1" dealt="1" sum="0"/>
</round>
</game>
<game gamecode="11516791370"><general><startdate>2025-06-17 08:28:48</startdate>
<round>1</round>
<failsafecounter/>
<players><player seat="6" name="bobbb1" chips="540" dealer="0" win="90" bet="40" muck="0" rebuy="0" addon="0" merge="0" rebuychips="0" reg_code="8385495293"/>
<player seat="10" name="gabitomasnaki" chips="630" dealer="1" win="0" bet="40" muck="1" rebuy="0" addon="0" merge="0" rebuychips="0" reg_code="8385495344"/>
<player seat="3" name="oreiasccp" chips="330" dealer="0" win="0" bet="10" muck="1" rebuy="0" addon="0" merge="0" rebuychips="0" reg_code="8385495171"/>
</players>
</general>
<round no="0"><action no="1" player="oreiasccp" type="1" sum="10"/>
<action no="2" player="bobbb1" type="2" discard="1" dealt="1" sum="20"/>
</round>
<round no="1"><cards type="Pocket" player="gabitomasnaki">C9 HJ</cards>
<cards type="Pocket" player="bobbb1">H5 SA</cards>
<cards type="Pocket" player="oreiasccp">C2 D4</cards>
<action no="3" player="gabitomasnaki" type="3" discard="1" dealt="1" sum="20"/>
<action no="4" player="oreiasccp" type="0" sum="0"/>
<action no="5" player="bobbb1" type="4" discard="1" dealt="1" sum="0"/>
</round>
<round no="2"><cards type="Flop">S6 CQ S7</cards>
<action no="6" player="bobbb1" type="4" discard="1" dealt="1" sum="0"/>
<action no="7" player="gabitomasnaki" type="4" discard="1" dealt="1" sum="0"/>
</round>
<round no="3"><cards type="Turn">SK</cards>
<action no="8" player="bobbb1" type="4" discard="1" dealt="1" sum="0"/>
<action no="9" player="gabitomasnaki" type="4" discard="1" dealt="1" sum="0"/>
</round>
<round no="4"><cards type="River">DA</cards>
<action no="10" player="bobbb1" type="5" discard="1" dealt="1" sum="20"/>
<action no="11" player="gabitomasnaki" type="3" discard="1" dealt="1" sum="20"/>
</round>
</game>
<game gamecode="11516791459"><general><startdate>2025-06-17 08:29:16</startdate>
<round>1</round>
<failsafecounter/>
<players><player seat="10" name="gabitomasnaki" chips="590" dealer="0" win="0" bet="35" muck="1" rebuy="0" addon="0" merge="0" rebuychips="0" reg_code="8385495344"/>
<player seat="3" name="oreiasccp" chips="320" dealer="1" win="90" bet="320" muck="1" rebuy="0" addon="0" merge="0" rebuychips="0" reg_code="8385495171"/>
<player seat="6" name="bobbb1" chips="590" dealer="0" win="0" bet="20" muck="1" rebuy="0" addon="0" merge="0" rebuychips="0" reg_code="8385495293"/>
</players>
</general>
<round no="0"><action no="1" player="bobbb1" type="15" discard="1" dealt="1" sum="5"/>
<action no="2" player="gabitomasnaki" type="15" discard="1" dealt="1" sum="5"/>
<action no="3" player="oreiasccp" type="15" sum="5"/>
<action no="4" player="bobbb1" type="1" discard="1" dealt="1" sum="15"/>
<action no="5" player="gabitomasnaki" type="2" discard="1" dealt="1" sum="30"/>
</round>
<round no="1"><cards type="Pocket" player="oreiasccp">CQ C10</cards>
<cards type="Pocket" player="gabitomasnaki">X X</cards>
<cards type="Pocket" player="bobbb1">X X</cards>
<action no="6" player="oreiasccp" type="23" sum="315"/>
<action no="7" player="bobbb1" type="0" discard="1" dealt="1" sum="0"/>
<action no="8" player="gabitomasnaki" type="0" discard="1" dealt="1" sum="0"/>
</round>
</game>
<game gamecode="11516791481"><general><startdate>2025-06-17 08:29:26</startdate>
<round>1</round>
<failsafecounter/>
<players><player seat="3" name="oreiasccp" chips="375" dealer="0" win="408" bet="375" muck="0" rebuy="0" addon="0" merge="0" rebuychips="0" reg_code="8385495171"/>
<player seat="6" name="bobbb1" chips="570" dealer="1" win="407" bet="570" muck="0" rebuy="0" addon="0" merge="0" rebuychips="0" reg_code="8385495293"/>
<player seat="10" name="gabitomasnaki" chips="555" dealer="0" win="0" bet="65" muck="1" rebuy="0" addon="0" merge="0" rebuychips="0" reg_code="8385495344"/>
</players>
</general>
<round no="0"><action no="1" player="gabitomasnaki" type="15" discard="1" dealt="1" sum="5"/>
<action no="2" player="oreiasccp" type="15" sum="5"/>
<action no="3" player="bobbb1" type="15" discard="1" dealt="1" sum="5"/>
<action no="4" player="gabitomasnaki" type="1" discard="1" dealt="1" sum="15"/>
<action no="5" player="oreiasccp" type="2" sum="30"/>
</round>
<round no="1"><cards type="Pocket" player="bobbb1">DA C5</cards>
<cards type="Pocket" player="oreiasccp">CA S5</cards>
<cards type="Pocket" player="gabitomasnaki">X X</cards>
<action no="6" player="bobbb1" type="23" discard="1" dealt="1" sum="60"/>
<action no="7" player="gabitomasnaki" type="3" discard="1" dealt="1" sum="45"/>
<action no="8" player="oreiasccp" type="23" sum="370"/>
<action no="9" player="bobbb1" type="7" discard="1" dealt="1" sum="505"/>
<action no="10" player="gabitomasnaki" type="0" discard="1" dealt="1" sum="0"/>
</round>
<round no="2"><cards type="Flop">H10 D10 SA</cards>
</round>
<round no="3"><cards type="Turn">SJ</cards>
</round>
<round no="4"><cards type="River">C7</cards>
</round>
</game>
<game gamecode="11516791547"><general><startdate>2025-06-17 08:29:50</startdate>
<round>1</round>
<failsafecounter/>
<players><player seat="6" name="bobbb1" chips="602" dealer="0" win="0" bet="35" muck="1" rebuy="0" addon="0" merge="0" rebuychips="0" reg_code="8385495293"/>
<player seat="10" name="gabitomasnaki" chips="490" dealer="1" win="0" bet="35" muck="1" rebuy="0" addon="0" merge="0" rebuychips="0" reg_code="8385495344"/>
<player seat="3" name="oreiasccp" chips="408" dealer="0" win="105" bet="408" muck="1" rebuy="0" addon="0" merge="0" rebuychips="0" reg_code="8385495171"/>
</players>
</general>
<round no="0"><action no="1" player="oreiasccp" type="15" sum="5"/>
<action no="2" player="bobbb1" type="15" discard="1" dealt="1" sum="5"/>
<action no="3" player="gabitomasnaki" type="15" discard="1" dealt="1" sum="5"/>
<action no="4" player="oreiasccp" type="1" sum="15"/>
<action no="5" player="bobbb1" type="2" discard="1" dealt="1" sum="30"/>
</round>
<round no="1"><cards type="Pocket" player="bobbb1">X X</cards>
<cards type="Pocket" player="gabitomasnaki">X X</cards>
<cards type="Pocket" player="oreiasccp">DA S10</cards>
<action no="6" player="gabitomasnaki" type="3" discard="1" dealt="1" sum="30"/>
<action no="7" player="oreiasccp" type="23" sum="403"/>
<action no="8" player="bobbb1" type="0" discard="1" dealt="1" sum="0"/>
<action no="9" player="gabitomasnaki" type="0" discard="1" dealt="1" sum="0"/>
</round>
</game>
<game gamecode="11516791584"><general><startdate>2025-06-17 08:30:01</startdate>
<round>1</round>
<failsafecounter/>
<players><player seat="10" name="gabitomasnaki" chips="455" dealer="0" win="0" bet="35" muck="1" rebuy="0" addon="0" merge="0" rebuychips="0" reg_code="8385495344"/>
<player seat="3" name="oreiasccp" chips="478" dealer="1" win="0" bet="5" muck="1" rebuy="0" addon="0" merge="0" rebuychips="0" reg_code="8385495171"/>
<player seat="6" name="bobbb1" chips="567" dealer="0" win="75" bet="567" muck="1" rebuy="0" addon="0" merge="0" rebuychips="0" reg_code="8385495293"/>
</players>
</general>
<round no="0"><action no="1" player="bobbb1" type="15" discard="1" dealt="1" sum="5"/>
<action no="2" player="gabitomasnaki" type="15" discard="1" dealt="1" sum="5"/>
<action no="3" player="oreiasccp" type="15" sum="5"/>
<action no="4" player="bobbb1" type="1" discard="1" dealt="1" sum="15"/>
<action no="5" player="gabitomasnaki" type="2" discard="1" dealt="1" sum="30"/>
</round>
<round no="1"><cards type="Pocket" player="oreiasccp">C4 SQ</cards>
<cards type="Pocket" player="gabitomasnaki">X X</cards>
<cards type="Pocket" player="bobbb1">X X</cards>
<action no="6" player="oreiasccp" type="0" sum="0"/>
<action no="7" player="bobbb1" type="23" discard="1" dealt="1" sum="562"/>
<action no="8" player="gabitomasnaki" type="0" discard="1" dealt="1" sum="0"/>
</round>
</game>
<game gamecode="11516791627"><general><startdate>2025-06-17 08:30:15</startdate>
<round>1</round>
<failsafecounter/>
<players><player seat="3" name="oreiasccp" chips="473" dealer="0" win="0" bet="155" muck="1" rebuy="0" addon="0" merge="0" rebuychips="0" reg_code="8385495171"/>
<player seat="6" name="bobbb1" chips="607" dealer="1" win="0" bet="5" muck="1" rebuy="0" addon="0" merge="0" rebuychips="0" reg_code="8385495293"/>
<player seat="10" name="gabitomasnaki" chips="420" dealer="0" win="315" bet="155" muck="0" rebuy="0" addon="0" merge="0" rebuychips="0" reg_code="8385495344"/>
</players>
</general>
<round no="0"><action no="1" player="gabitomasnaki" type="15" discard="1" dealt="1" sum="5"/>
<action no="2" player="oreiasccp" type="15" sum="5"/>
<action no="3" player="bobbb1" type="15" discard="1" dealt="1" sum="5"/>
<action no="4" player="gabitomasnaki" type="1" discard="1" dealt="1" sum="15"/>
<action no="5" player="oreiasccp" type="2" sum="30"/>
</round>
<round no="1"><cards type="Pocket" player="oreiasccp">D8 D2</cards>
<cards type="Pocket" player="gabitomasnaki">CK C3</cards>
<cards type="Pocket" player="bobbb1">X X</cards>
<action no="6" player="bobbb1" type="0" discard="1" dealt="1" sum="0"/>
<action no="7" player="gabitomasnaki" type="23" discard="1" dealt="1" sum="60"/>
<action no="8" player="oreiasccp" type="3" sum="30"/>
</round>
<round no="2"><cards type="Flop">C8 D9 SQ</cards>
<action no="9" player="gabitomasnaki" type="5" discard="1" dealt="1" sum="30"/>
<action no="10" player="oreiasccp" type="3" sum="30"/>
</round>
<round no="3"><cards type="Turn">DK</cards>
<action no="11" player="gabitomasnaki" type="5" discard="1" dealt="1" sum="60"/>
<action no="12" player="oreiasccp" type="3" sum="60"/>
</round>
<round no="4"><cards type="River">CA</cards>
<action no="13" player="gabitomasnaki" type="4" discard="1" dealt="1" sum="0"/>
<action no="14" player="oreiasccp" type="4" sum="0"/>
</round>
</game>
<game gamecode="11516791717"><general><startdate>2025-06-17 08:30:45</startdate>
<round>1</round>
<failsafecounter/>
<players><player seat="6" name="bobbb1" chips="602" dealer="0" win="345" bet="275" muck="1" rebuy="0" addon="0" merge="0" rebuychips="0" reg_code="8385495293"/>
<player seat="10" name="gabitomasnaki" chips="580" dealer="1" win="0" bet="155" muck="1" rebuy="0" addon="0" merge="0" rebuychips="0" reg_code="8385495344"/>
<player seat="3" name="oreiasccp" chips="318" dealer="0" win="0" bet="35" muck="1" rebuy="0" addon="0" merge="0" rebuychips="0" reg_code="8385495171"/>
</players>
</general>
<round no="0"><action no="1" player="oreiasccp" type="15" sum="5"/>
<action no="2" player="bobbb1" type="15" discard="1" dealt="1" sum="5"/>
<action no="3" player="gabitomasnaki" type="15" discard="1" dealt="1" sum="5"/>
<action no="4" player="oreiasccp" type="1" sum="15"/>
<action no="5" player="bobbb1" type="2" discard="1" dealt="1" sum="30"/>
</round>
<round no="1"><cards type="Pocket" player="oreiasccp">D10 S9</cards>
<cards type="Pocket" player="gabitomasnaki">X X</cards>
<cards type="Pocket" player="bobbb1">X X</cards>
<action no="6" player="gabitomasnaki" type="3" discard="1" dealt="1" sum="30"/>
<action no="7" player="oreiasccp" type="3" sum="15"/>
<action no="8" player="bobbb1" type="23" discard="1" dealt="1" sum="90"/>
<action no="9" player="gabitomasnaki" type="3" discard="1" dealt="1" sum="60"/>
<action no="10" player="oreiasccp" type="0" sum="0"/>
</round>
<round no="2"><cards type="Flop">S10 C2 D6</cards>
<action no="11" player="bobbb1" type="5" discard="1" dealt="1" sum="60"/>
<action no="12" player="gabitomasnaki" type="3" discard="1" dealt="1" sum="60"/>
</round>
<round no="3"><cards type="Turn">H10</cards>
<action no="13" player="bobbb1" type="5" discard="1" dealt="1" sum="120"/>
<action no="14" player="gabitomasnaki" type="0" discard="1" dealt="1" sum="0"/>
</round>
</game>
<game gamecode="11516791825"><general><startdate>2025-06-17 08:31:16</startdate>
<round>1</round>
<failsafecounter/>
<players><player seat="10" name="gabitomasnaki" chips="425" dealer="0" win="0" bet="425" muck="0" rebuy="0" addon="0" merge="0" rebuychips="0" reg_code="8385495344"/>
<player seat="3" name="oreiasccp" chips="283" dealer="1" win="0" bet="5" muck="1" rebuy="0" addon="0" merge="0" rebuychips="0" reg_code="8385495171"/>
<player seat="6" name="bobbb1" chips="792" dealer="0" win="855" bet="792" muck="0" rebuy="0" addon="0" merge="0" rebuychips="0" reg_code="8385495293"/>
</players>
</general>
<round no="0"><action no="1" player="bobbb1" type="15" discard="1" dealt="1" sum="5"/>
<action no="2" player="gabitomasnaki" type="15" discard="1" dealt="1" sum="5"/>
<action no="3" player="oreiasccp" type="15" sum="5"/>
<action no="4" player="bobbb1" type="1" discard="1" dealt="1" sum="20"/>
<action no="5" player="gabitomasnaki" type="2" discard="1" dealt="1" sum="40"/>
</round>
<round no="1"><cards type="Pocket" player="gabitomasnaki">SK DJ</cards>
<cards type="Pocket" player="oreiasccp">D7 CJ</cards>
<cards type="Pocket" player="bobbb1">S10 HQ</cards>
<action no="6" player="oreiasccp" type="0" sum="0"/>
<action no="7" player="bobbb1" type="23" discard="1" dealt="1" sum="787"/>
<action no="8" player="gabitomasnaki" type="7" discard="1" dealt="1" sum="380"/>
</round>
<round no="2"><cards type="Flop">C10 H7 S4</cards>
</round>
<round no="3"><cards type="Turn">DQ</cards>
</round>
<round no="4"><cards type="River">C4</cards>
</round>
</game>
<game gamecode="11516791888"><general><startdate>2025-06-17 08:31:35</startdate>
<round>1</round>
<failsafecounter/>
<players><player seat="3" name="oreiasccp" chips="278" dealer="0" win="556" bet="278" muck="0" rebuy="0" addon="0" merge="0" rebuychips="0" reg_code="8385495171"/>
<player seat="6" name="bobbb1" chips="1,222" dealer="1" win="0" bet="278" muck="1" rebuy="0" addon="0" merge="0" rebuychips="0" reg_code="8385495293"/>
</players>
</general>
<round no="0"><action no="1" player="bobbb1" type="15" discard="1" dealt="1" sum="5"/>
<action no="2" player="oreiasccp" type="15" sum="5"/>
<action no="3" player="bobbb1" type="1" discard="1" dealt="1" sum="20"/>
<action no="4" player="oreiasccp" type="2" sum="40"/>
</round>
<round no="1"><cards type="Pocket" player="bobbb1">CJ CQ</cards>
<cards type="Pocket" player="oreiasccp">SK H6</cards>
<action no="5" player="bobbb1" type="3" discard="1" dealt="1" sum="20"/>
<action no="6" player="oreiasccp" type="23" sum="273"/>
<action no="7" player="bobbb1" type="3" discard="1" dealt="1" sum="233"/>
</round>
<round no="2"><cards type="Flop">DQ HK H2</cards>
</round>
<round no="3"><cards type="Turn">S6</cards>
</round>
<round no="4"><cards type="River">D6</cards>
</round>
</game>
<game gamecode="11516791948"><general><startdate>2025-06-17 08:31:56</startdate>
<round>1</round>
<failsafecounter/>
<players><player seat="6" name="bobbb1" chips="944" dealer="0" win="0" bet="45" muck="1" rebuy="0" addon="0" merge="0" rebuychips="0" reg_code="8385495293"/>
<player seat="3" name="oreiasccp" chips="556" dealer="1" win="90" bet="45" muck="0" rebuy="0" addon="0" merge="0" rebuychips="0" reg_code="8385495171"/>
</players>
</general>
<round no="0"><action no="1" player="oreiasccp" type="15" sum="5"/>
<action no="2" player="bobbb1" type="15" discard="1" dealt="1" sum="5"/>
<action no="3" player="oreiasccp" type="1" sum="20"/>
<action no="4" player="bobbb1" type="2" discard="1" dealt="1" sum="40"/>
</round>
<round no="1"><cards type="Pocket" player="bobbb1">D2 D10</cards>
<cards type="Pocket" player="oreiasccp">SJ DQ</cards>
<action no="5" player="oreiasccp" type="3" sum="20"/>
<action no="6" player="bobbb1" type="4" discard="1" dealt="1" sum="0"/>
</round>
<round no="2"><cards type="Flop">HK H2 S9</cards>
<action no="7" player="bobbb1" type="4" discard="1" dealt="1" sum="0"/>
<action no="8" player="oreiasccp" type="4" sum="0"/>
</round>
<round no="3"><cards type="Turn">H7</cards>
<action no="9" player="bobbb1" type="4" discard="1" dealt="1" sum="0"/>
<action no="10" player="oreiasccp" type="4" sum="0"/>
</round>
<round no="4"><cards type="River">HQ</cards>
<action no="11" player="bobbb1" type="4" discard="1" dealt="1" sum="0"/>
<action no="12" player="oreiasccp" type="4" sum="0"/>
</round>
</game>
<game gamecode="11516792046"><general><startdate>2025-06-17 08:32:26</startdate>
<round>1</round>
<failsafecounter/>
<players><player seat="3" name="oreiasccp" chips="601" dealer="0" win="0" bet="45" muck="1" rebuy="0" addon="0" merge="0" rebuychips="0" reg_code="8385495171"/>
<player seat="6" name="bobbb1" chips="899" dealer="1" win="90" bet="899" muck="1" rebuy="0" addon="0" merge="0" rebuychips="0" reg_code="8385495293"/>
</players>
</general>
<round no="0"><action no="1" player="bobbb1" type="15" discard="1" dealt="1" sum="5"/>
<action no="2" player="oreiasccp" type="15" sum="5"/>
<action no="3" player="bobbb1" type="1" discard="1" dealt="1" sum="20"/>
<action no="4" player="oreiasccp" type="2" sum="40"/>
</round>
<round no="1"><cards type="Pocket" player="oreiasccp">S10 D9</cards>
<cards type="Pocket" player="bobbb1">X X</cards>
<action no="5" player="bobbb1" type="23" discard="1" dealt="1" sum="894"/>
<action no="6" player="oreiasccp" type="0" sum="0"/>
</round>
</game>
<game gamecode="11516792072"><general><startdate>2025-06-17 08:32:34</startdate>
<round>1</round>
<failsafecounter/>
<players><player seat="6" name="bobbb1" chips="944" dealer="0" win="50" bet="45" muck="1" rebuy="0" addon="0" merge="0" rebuychips="0" reg_code="8385495293"/>
<player seat="3" name="oreiasccp" chips="556" dealer="1" win="0" bet="25" muck="1" rebuy="0" addon="0" merge="0" rebuychips="0" reg_code="8385495171"/>
</players>
</general>
<round no="0"><action no="1" player="oreiasccp" type="15" sum="5"/>
<action no="2" player="bobbb1" type="15" discard="1" dealt="1" sum="5"/>
<action no="3" player="oreiasccp" type="1" sum="20"/>
<action no="4" player="bobbb1" type="2" discard="1" dealt="1" sum="40"/>
</round>
<round no="1"><cards type="Pocket" player="oreiasccp">C8 S2</cards>
<cards type="Pocket" player="bobbb1">X X</cards>
<action no="5" player="oreiasccp" type="0" sum="0"/>
</round>
</game>
<game gamecode="11516792089"><general><startdate>2025-06-17 08:32:39</startdate>
<round>1</round>
<failsafecounter/>
<players><player seat="3" name="oreiasccp" chips="531" dealer="0" win="90" bet="45" muck="0" rebuy="0" addon="0" merge="0" rebuychips="0" reg_code="8385495171"/>
<player seat="6" name="bobbb1" chips="969" dealer="1" win="0" bet="45" muck="1" rebuy="0" addon="0" merge="0" rebuychips="0" reg_code="8385495293"/>
</players>
</general>
<round no="0"><action no="1" player="bobbb1" type="15" discard="1" dealt="1" sum="5"/>
<action no="2" player="oreiasccp" type="15" sum="5"/>
<action no="3" player="bobbb1" type="1" discard="1" dealt="1" sum="20"/>
<action no="4" player="oreiasccp" type="2" sum="40"/>
</round>
<round no="1"><cards type="Pocket" player="bobbb1">C2 S4</cards>
<cards type="Pocket" player="oreiasccp">C4 C9</cards>
<action no="5" player="bobbb1" type="3" discard="1" dealt="1" sum="20"/>
<action no="6" player="oreiasccp" type="4" sum="0"/>
</round>
<round no="2"><cards type="Flop">S8 S7 H4</cards>
<action no="7" player="oreiasccp" type="4" sum="0"/>
<action no="8" player="bobbb1" type="4" discard="1" dealt="1" sum="0"/>
</round>
<round no="3"><cards type="Turn">S10</cards>
<action no="9" player="oreiasccp" type="4" sum="0"/>
<action no="10" player="bobbb1" type="4" discard="1" dealt="1" sum="0"/>
</round>
<round no="4"><cards type="River">DA</cards>
<action no="11" player="oreiasccp" type="4" sum="0"/>
<action no="12" player="bobbb1" type="4" discard="1" dealt="1" sum="0"/>
</round>
</game>
<game gamecode="11516792173"><general><startdate>2025-06-17 08:33:10</startdate>
<round>1</round>
<failsafecounter/>
<players><player seat="6" name="bobbb1" chips="924" dealer="0" win="0" bet="65" muck="1" rebuy="0" addon="0" merge="0" rebuychips="0" reg_code="8385495293"/>
<player seat="3" name="oreiasccp" chips="576" dealer="1" win="130" bet="576" muck="1" rebuy="0" addon="0" merge="0" rebuychips="0" reg_code="8385495171"/>
</players>
</general>
<round no="0"><action no="1" player="oreiasccp" type="15" sum="5"/>
<action no="2" player="bobbb1" type="15" discard="1" dealt="1" sum="5"/>
<action no="3" player="oreiasccp" type="1" sum="30"/>
<action no="4" player="bobbb1" type="2" discard="1" dealt="1" sum="60"/>
</round>
<round no="1"><cards type="Pocket" player="oreiasccp">D2 DK</cards>
<cards type="Pocket" player="bobbb1">X X</cards>
<action no="5" player="oreiasccp" type="23" sum="571"/>
<action no="6" player="bobbb1" type="0" discard="1" dealt="1" sum="0"/>
</round>
</game>
<game gamecode="11516792220"><general><startdate>2025-06-17 08:33:25</startdate>
<round>1</round>
<failsafecounter/>
<players><player seat="3" name="oreiasccp" chips="641" dealer="0" win="130" bet="155" muck="1" rebuy="0" addon="0" merge="0" rebuychips="0" reg_code="8385495171"/>
<player seat="6" name="bobbb1" chips="859" dealer="1" win="0" bet="65" muck="1" rebuy="0" addon="0" merge="0" rebuychips="0" reg_code="8385495293"/>
</players>
</general>
<round no="0"><action no="1" player="bobbb1" type="15" discard="1" dealt="1" sum="5"/>
<action no="2" player="oreiasccp" type="15" sum="5"/>
<action no="3" player="bobbb1" type="1" discard="1" dealt="1" sum="30"/>
<action no="4" player="oreiasccp" type="2" sum="60"/>
</round>
<round no="1"><cards type="Pocket" player="oreiasccp">DK SK</cards>
<cards type="Pocket" player="bobbb1">X X</cards>
<action no="5" player="bobbb1" type="3" discard="1" dealt="1" sum="30"/>
<action no="6" player="oreiasccp" type="23" sum="150"/>
<action no="7" player="bobbb1" type="0" discard="1" dealt="1" sum="0"/>
</round>
</game>
<game gamecode="11516792255"><general><startdate>2025-06-17 08:33:37</startdate>
<round>1</round>
<failsafecounter/>
<players><player seat="6" name="bobbb1" chips="794" dealer="0" win="70" bet="65" muck="1" rebuy="0" addon="0" merge="0" rebuychips="0" reg_code="8385495293"/>
<player seat="3" name="oreiasccp" chips="706" dealer="1" win="0" bet="35" muck="1" rebuy="0" addon="0" merge="0" rebuychips="0" reg_code="8385495171"/>
</players>
</general>
<round no="0"><action no="1" player="oreiasccp" type="15" sum="5"/>
<action no="2" player="bobbb1" type="15" discard="1" dealt="1" sum="5"/>
<action no="3" player="oreiasccp" type="1" sum="30"/>
<action no="4" player="bobbb1" type="2" discard="1" dealt="1" sum="60"/>
</round>
<round no="1"><cards type="Pocket" player="oreiasccp">HJ D3</cards>
<cards type="Pocket" player="bobbb1">X X</cards>
<action no="5" player="oreiasccp" type="0" sum="0"/>
</round>
</game>
<game gamecode="11516792275"><general><startdate>2025-06-17 08:33:44</startdate>
<round>1</round>
<failsafecounter/>
<players><player seat="3" name="oreiasccp" chips="671" dealer="0" win="250" bet="540" muck="1" rebuy="0" addon="0" merge="0" rebuychips="0" reg_code="8385495171"/>
<player seat="6" name="bobbb1" chips="829" dealer="1" win="0" bet="125" muck="1" rebuy="0" addon="0" merge="0" rebuychips="0" reg_code="8385495293"/>
</players>
</general>
<round no="0"><action no="1" player="bobbb1" type="15" discard="1" dealt="1" sum="5"/>
<action no="2" player="oreiasccp" type="15" sum="5"/>
<action no="3" player="bobbb1" type="1" discard="1" dealt="1" sum="30"/>
<action no="4" player="oreiasccp" type="2" sum="60"/>
</round>
<round no="1"><cards type="Pocket" player="bobbb1">X X</cards>
<cards type="Pocket" player="oreiasccp">CJ SQ</cards>
<action no="5" player="bobbb1" type="3" discard="1" dealt="1" sum="30"/>
<action no="6" player="oreiasccp" type="4" sum="0"/>
</round>
<round no="2"><cards type="Flop">S2 D7 HJ</cards>
<action no="7" player="oreiasccp" type="4" sum="0"/>
<action no="8" player="bobbb1" type="5" discard="1" dealt="1" sum="60"/>
<action no="9" player="oreiasccp" type="23" sum="475"/>
<action no="10" player="bobbb1" type="0" discard="1" dealt="1" sum="0"/>
</round>
</game>
<game gamecode="11516796176"><general><startdate>2025-06-17 08:34:06</startdate>
<round>1</round>
<failsafecounter/>
<players><player seat="6" name="bobbb1" chips="704" dealer="0" win="0" bet="704" muck="0" rebuy="0" addon="0" merge="0" rebuychips="0" reg_code="8385495293"/>
<player seat="3" name="oreiasccp" chips="796" dealer="1" win="1,408" bet="704" muck="0" rebuy="0" addon="0" merge="0" rebuychips="0" reg_code="8385495171"/>
</players>
</general>
<round no="0"><action no="1" player="oreiasccp" type="15" sum="5"/>
<action no="2" player="bobbb1" type="15" discard="1" dealt="1" sum="5"/>
<action no="3" player="oreiasccp" type="1" sum="30"/>
<action no="4" player="bobbb1" type="2" discard="1" dealt="1" sum="60"/>
</round>
<round no="1"><cards type="Pocket" player="oreiasccp">D8 D9</cards>
<cards type="Pocket" player="bobbb1">CJ C3</cards>
<action no="5" player="oreiasccp" type="3" sum="30"/>
<action no="6" player="bobbb1" type="4" discard="1" dealt="1" sum="0"/>
</round>
<round no="2"><cards type="Flop">D6 DA DJ</cards>
<action no="7" player="bobbb1" type="4" discard="1" dealt="1" sum="0"/>
<action no="8" player="oreiasccp" type="5" sum="60"/>
<action no="9" player="bobbb1" type="3" discard="1" dealt="1" sum="60"/>
</round>
<round no="3"><cards type="Turn">SJ</cards>
<action no="10" player="bobbb1" type="4" discard="1" dealt="1" sum="0"/>
<action no="11" player="oreiasccp" type="5" sum="183"/>
<action no="12" player="bobbb1" type="23" discard="1" dealt="1" sum="579"/>
<action no="13" player="oreiasccp" type="3" sum="396"/>
</round>
<round no="4"><cards type="River">D7</cards>
</round>
</game>
</session>
