<?xml version="1.0" encoding="UTF-8"?>
<session sessioncode="8385506823">
<general>
<client_version>24.7.1.16</client_version>
<mode>real</mode>
<gametype>Holdem NL</gametype>
<tablename>Twister €5 SNG, 1127664351</tablename>
<tournamentcode>1127664348</tournamentcode>
<tournamentname>Twister €5 SNG</tournamentname>
<buyin>€0 + €0.35 + €4.65</buyin>
<totalbuyin>€5</totalbuyin>
<rewarddrawn>€10</rewarddrawn>
<tournamentcurrency>EUR</tournamentcurrency>
<currency>EUR</currency>
<nickname>oreiasccp</nickname>
<gamecount>12</gamecount>
<startdate>2025-06-17 09:21:43</startdate>
<place>3</place>
<win>€0</win>
<tablesize>3</tablesize>
</general>
<game gamecode="11516825814"><general><startdate>2025-06-17 09:21:58</startdate>
<round>1</round>
<failsafecounter/>
<players><player seat="6" name="dukefeather91" chips="500" dealer="0" win="120" bet="60" muck="0" rebuy="0" addon="0" merge="0" rebuychips="0" reg_code="8385506821"/>
<player seat="10" name="oreiasccp" chips="500" dealer="1" win="0" bet="0" muck="1" rebuy="0" addon="0" merge="0" rebuychips="0" reg_code="8385506823"/>
<player seat="3" name="jokercool47" chips="500" dealer="0" win="0" bet="60" muck="1" rebuy="0" addon="0" merge="0" rebuychips="0" reg_code="8385506808"/>
</players>
</general>
<round no="0"><action no="1" player="jokercool47" type="1" discard="1" dealt="1" sum="10"/>
<action no="2" player="dukefeather91" type="2" discard="1" dealt="1" sum="20"/>
</round>
<round no="1"><cards type="Pocket" player="dukefeather91">D5 HJ</cards>
<cards type="Pocket" player="oreiasccp">C6 S8</cards>
<cards type="Pocket" player="jokercool47">CK D6</cards>
<action no="3" player="oreiasccp" type="0" sum="0"/>
<action no="4" player="jokercool47" type="3" discard="1" dealt="1" sum="10"/>
<action no="5" player="dukefeather91" type="4" discard="1" dealt="1" sum="0"/>
</round>
<round no="2"><cards type="Flop">DJ H4 DQ</cards>
<action no="6" player="jokercool47" type="4" discard="1" dealt="1" sum="0"/>
<action no="7" player="dukefeather91" type="4" discard="1" dealt="1" sum="0"/>
</round>
<round no="3"><cards type="Turn">H2</cards>
<action no="8" player="jokercool47" type="4" discard="1" dealt="1" sum="0"/>
<action no="9" player="dukefeather91" type="4" discard="1" dealt="1" sum="0"/>
</round>
<round no="4"><cards type="River">S6</cards>
<action no="10" player="jokercool47" type="5" discard="1" dealt="1" sum="20"/>
<action no="11" player="dukefeather91" type="23" discard="1" dealt="1" sum="40"/>
<action no="12" player="jokercool47" type="3" discard="1" dealt="1" sum="20"/>
</round>
</game>
<game gamecode="11516825924"><general><startdate>2025-06-17 09:22:30</startdate>
<round>1</round>
<failsafecounter/>
<players><player seat="10" name="oreiasccp" chips="500" dealer="0" win="0" bet="20" muck="1" rebuy="0" addon="0" merge="0" rebuychips="0" reg_code="8385506823"/>
<player seat="3" name="jokercool47" chips="440" dealer="1" win="0" bet="20" muck="1" rebuy="0" addon="0" merge="0" rebuychips="0" reg_code="8385506808"/>
<player seat="6" name="dukefeather91" chips="560" dealer="0" win="60" bet="20" muck="0" rebuy="0" addon="0" merge="0" rebuychips="0" reg_code="8385506821"/>
</players>
</general>
<round no="0"><action no="1" player="dukefeather91" type="1" discard="1" dealt="1" sum="10"/>
<action no="2" player="oreiasccp" type="2" sum="20"/>
</round>
<round no="1"><cards type="Pocket" player="jokercool47">S7 D6</cards>
<cards type="Pocket" player="oreiasccp">DQ C7</cards>
<cards type="Pocket" player="dukefeather91">CJ S10</cards>
<action no="3" player="jokercool47" type="3" discard="1" dealt="1" sum="20"/>
<action no="4" player="dukefeather91" type="3" discard="1" dealt="1" sum="10"/>
<action no="5" player="oreiasccp" type="4" sum="0"/>
</round>
<round no="2"><cards type="Flop">D5 SJ SA</cards>
<action no="6" player="dukefeather91" type="4" discard="1" dealt="1" sum="0"/>
<action no="7" player="oreiasccp" type="4" sum="0"/>
<action no="8" player="jokercool47" type="4" discard="1" dealt="1" sum="0"/>
</round>
<round no="3"><cards type="Turn">S4</cards>
<action no="9" player="dukefeather91" type="4" discard="1" dealt="1" sum="0"/>
<action no="10" player="oreiasccp" type="4" sum="0"/>
<action no="11" player="jokercool47" type="4" discard="1" dealt="1" sum="0"/>
</round>
<round no="4"><cards type="River">D9</cards>
<action no="12" player="dukefeather91" type="4" discard="1" dealt="1" sum="0"/>
<action no="13" player="oreiasccp" type="4" sum="0"/>
<action no="14" player="jokercool47" type="4" discard="1" dealt="1" sum="0"/>
</round>
</game>
<game gamecode="11516826033"><general><startdate>2025-06-17 09:23:09</startdate>
<round>1</round>
<failsafecounter/>
<players><player seat="3" name="jokercool47" chips="420" dealer="0" win="120" bet="140" muck="1" rebuy="0" addon="0" merge="0" rebuychips="0" reg_code="8385506808"/>
<player seat="6" name="dukefeather91" chips="600" dealer="1" win="0" bet="0" muck="1" rebuy="0" addon="0" merge="0" rebuychips="0" reg_code="8385506821"/>
<player seat="10" name="oreiasccp" chips="480" dealer="0" win="0" bet="60" muck="1" rebuy="0" addon="0" merge="0" rebuychips="0" reg_code="8385506823"/>
</players>
</general>
<round no="0"><action no="1" player="oreiasccp" type="1" sum="10"/>
<action no="2" player="jokercool47" type="2" discard="1" dealt="1" sum="20"/>
</round>
<round no="1"><cards type="Pocket" player="oreiasccp">H8 H3</cards>
<cards type="Pocket" player="jokercool47">X X</cards>
<cards type="Pocket" player="dukefeather91">X X</cards>
<action no="3" player="dukefeather91" type="0" discard="1" dealt="1" sum="0"/>
<action no="4" player="oreiasccp" type="23" sum="40"/>
<action no="5" player="jokercool47" type="3" discard="1" dealt="1" sum="20"/>
</round>
<round no="2"><cards type="Flop">S9 S4 C2</cards>
<action no="6" player="oreiasccp" type="5" sum="20"/>
<action no="7" player="jokercool47" type="3" discard="1" dealt="1" sum="20"/>
</round>
<round no="3"><cards type="Turn">SK</cards>
<action no="8" player="oreiasccp" type="4" sum="0"/>
<action no="9" player="jokercool47" type="4" discard="1" dealt="1" sum="0"/>
</round>
<round no="4"><cards type="River">D3</cards>
<action no="10" player="oreiasccp" type="4" sum="0"/>
<action no="11" player="jokercool47" type="5" discard="1" dealt="1" sum="80"/>
<action no="12" player="oreiasccp" type="0" sum="0"/>
</round>
</game>
<game gamecode="11516826102"><general><startdate>2025-06-17 09:23:32</startdate>
<round>1</round>
<failsafecounter/>
<players><player seat="6" name="dukefeather91" chips="600" dealer="0" win="90" bet="600" muck="1" rebuy="0" addon="0" merge="0" rebuychips="0" reg_code="8385506821"/>
<player seat="10" name="oreiasccp" chips="420" dealer="1" win="0" bet="40" muck="1" rebuy="0" addon="0" merge="0" rebuychips="0" reg_code="8385506823"/>
<player seat="3" name="jokercool47" chips="480" dealer="0" win="0" bet="10" muck="1" rebuy="0" addon="0" merge="0" rebuychips="0" reg_code="8385506808"/>
</players>
</general>
<round no="0"><action no="1" player="jokercool47" type="1" discard="1" dealt="1" sum="10"/>
<action no="2" player="dukefeather91" type="2" discard="1" dealt="1" sum="20"/>
</round>
<round no="1"><cards type="Pocket" player="dukefeather91">X X</cards>
<cards type="Pocket" player="oreiasccp">S9 SK</cards>
<cards type="Pocket" player="jokercool47">X X</cards>
<action no="3" player="oreiasccp" type="23" sum="40"/>
<action no="4" player="jokercool47" type="0" discard="1" dealt="1" sum="0"/>
<action no="5" player="dukefeather91" type="23" discard="1" dealt="1" sum="600"/>
<action no="6" player="oreiasccp" type="0" sum="0"/>
</round>
</game>
<game gamecode="11516826145"><general><startdate>2025-06-17 09:23:46</startdate>
<round>1</round>
<failsafecounter/>
<players><player seat="10" name="oreiasccp" chips="380" dealer="0" win="0" bet="20" muck="1" rebuy="0" addon="0" merge="0" rebuychips="0" reg_code="8385506823"/>
<player seat="3" name="jokercool47" chips="470" dealer="1" win="50" bet="60" muck="1" rebuy="0" addon="0" merge="0" rebuychips="0" reg_code="8385506808"/>
<player seat="6" name="dukefeather91" chips="650" dealer="0" win="0" bet="10" muck="1" rebuy="0" addon="0" merge="0" rebuychips="0" reg_code="8385506821"/>
</players>
</general>
<round no="0"><action no="1" player="dukefeather91" type="1" discard="1" dealt="1" sum="10"/>
<action no="2" player="oreiasccp" type="2" sum="20"/>
</round>
<round no="1"><cards type="Pocket" player="jokercool47">X X</cards>
<cards type="Pocket" player="dukefeather91">X X</cards>
<cards type="Pocket" player="oreiasccp">DJ H4</cards>
<action no="3" player="jokercool47" type="23" discard="1" dealt="1" sum="60"/>
<action no="4" player="dukefeather91" type="0" discard="1" dealt="1" sum="0"/>
<action no="5" player="oreiasccp" type="0" sum="0"/>
</round>
</game>
<game gamecode="11516826174"><general><startdate>2025-06-17 09:23:54</startdate>
<round>1</round>
<failsafecounter/>
<players><player seat="3" name="jokercool47" chips="500" dealer="0" win="0" bet="20" muck="1" rebuy="0" addon="0" merge="0" rebuychips="0" reg_code="8385506808"/>
<player seat="6" name="dukefeather91" chips="640" dealer="1" win="0" bet="0" muck="1" rebuy="0" addon="0" merge="0" rebuychips="0" reg_code="8385506821"/>
<player seat="10" name="oreiasccp" chips="360" dealer="0" win="40" bet="360" muck="1" rebuy="0" addon="0" merge="0" rebuychips="0" reg_code="8385506823"/>
</players>
</general>
<round no="0"><action no="1" player="oreiasccp" type="1" sum="10"/>
<action no="2" player="jokercool47" type="2" discard="1" dealt="1" sum="20"/>
</round>
<round no="1"><cards type="Pocket" player="jokercool47">X X</cards>
<cards type="Pocket" player="dukefeather91">X X</cards>
<cards type="Pocket" player="oreiasccp">D5 H5</cards>
<action no="3" player="dukefeather91" type="0" discard="1" dealt="1" sum="0"/>
<action no="4" player="oreiasccp" type="23" sum="360"/>
<action no="5" player="jokercool47" type="0" discard="1" dealt="1" sum="0"/>
</round>
</game>
<game gamecode="11516826214"><general><startdate>2025-06-17 09:24:06</startdate>
<round>1</round>
<failsafecounter/>
<players><player seat="6" name="dukefeather91" chips="640" dealer="0" win="0" bet="640" muck="1" rebuy="0" addon="0" merge="0" rebuychips="0" reg_code="8385506821"/>
<player seat="10" name="oreiasccp" chips="380" dealer="1" win="0" bet="5" muck="1" rebuy="0" addon="0" merge="0" rebuychips="0" reg_code="8385506823"/>
<player seat="3" name="jokercool47" chips="480" dealer="0" win="965" bet="480" muck="0" rebuy="0" addon="0" merge="0" rebuychips="0" reg_code="8385506808"/>
</players>
</general>
<round no="0"><action no="1" player="jokercool47" type="15" discard="1" dealt="1" sum="5"/>
<action no="2" player="dukefeather91" type="15" discard="1" dealt="1" sum="5"/>
<action no="3" player="oreiasccp" type="15" sum="5"/>
<action no="4" player="jokercool47" type="1" discard="1" dealt="1" sum="15"/>
<action no="5" player="dukefeather91" type="2" discard="1" dealt="1" sum="30"/>
</round>
<round no="1"><cards type="Pocket" player="dukefeather91">H4 DJ</cards>
<cards type="Pocket" player="oreiasccp">HK C7</cards>
<cards type="Pocket" player="jokercool47">S7 C6</cards>
<action no="6" player="oreiasccp" type="0" sum="0"/>
<action no="7" player="jokercool47" type="3" discard="1" dealt="1" sum="15"/>
<action no="8" player="dukefeather91" type="4" discard="1" dealt="1" sum="0"/>
</round>
<round no="2"><cards type="Flop">D4 C5 SJ</cards>
<action no="9" player="jokercool47" type="4" discard="1" dealt="1" sum="0"/>
<action no="10" player="dukefeather91" type="4" discard="1" dealt="1" sum="0"/>
</round>
<round no="3"><cards type="Turn">SK</cards>
<action no="11" player="jokercool47" type="4" discard="1" dealt="1" sum="0"/>
<action no="12" player="dukefeather91" type="4" discard="1" dealt="1" sum="0"/>
</round>
<round no="4"><cards type="River">C8</cards>
<action no="13" player="jokercool47" type="5" discard="1" dealt="1" sum="120"/>
<action no="14" player="dukefeather91" type="23" discard="1" dealt="1" sum="605"/>
<action no="15" player="jokercool47" type="7" discard="1" dealt="1" sum="325"/>
</round>
</game>
<game gamecode="11516826287"><general><startdate>2025-06-17 09:24:31</startdate>
<round>1</round>
<failsafecounter/>
<players><player seat="10" name="oreiasccp" chips="375" dealer="0" win="0" bet="35" muck="1" rebuy="0" addon="0" merge="0" rebuychips="0" reg_code="8385506823"/>
<player seat="3" name="jokercool47" chips="965" dealer="1" win="0" bet="160" muck="1" rebuy="0" addon="0" merge="0" rebuychips="0" reg_code="8385506808"/>
<player seat="6" name="dukefeather91" chips="160" dealer="0" win="355" bet="160" muck="0" rebuy="0" addon="0" merge="0" rebuychips="0" reg_code="8385506821"/>
</players>
</general>
<round no="0"><action no="1" player="dukefeather91" type="15" discard="1" dealt="1" sum="5"/>
<action no="2" player="oreiasccp" type="15" sum="5"/>
<action no="3" player="jokercool47" type="15" discard="1" dealt="1" sum="5"/>
<action no="4" player="dukefeather91" type="1" discard="1" dealt="1" sum="15"/>
<action no="5" player="oreiasccp" type="2" sum="30"/>
</round>
<round no="1"><cards type="Pocket" player="jokercool47">D9 CA</cards>
<cards type="Pocket" player="oreiasccp">HQ C2</cards>
<cards type="Pocket" player="dukefeather91">D5 H6</cards>
<action no="6" player="jokercool47" type="3" discard="1" dealt="1" sum="30"/>
<action no="7" player="dukefeather91" type="23" discard="1" dealt="1" sum="155"/>
<action no="8" player="oreiasccp" type="0" sum="0"/>
<action no="9" player="jokercool47" type="3" discard="1" dealt="1" sum="125"/>
</round>
<round no="2"><cards type="Flop">S6 SQ D3</cards>
</round>
<round no="3"><cards type="Turn">D10</cards>
</round>
<round no="4"><cards type="River">CK</cards>
</round>
</game>
<game gamecode="11516826350"><general><startdate>2025-06-17 09:24:51</startdate>
<round>1</round>
<failsafecounter/>
<players><player seat="3" name="jokercool47" chips="805" dealer="0" win="0" bet="35" muck="1" rebuy="0" addon="0" merge="0" rebuychips="0" reg_code="8385506808"/>
<player seat="6" name="dukefeather91" chips="355" dealer="1" win="0" bet="5" muck="1" rebuy="0" addon="0" merge="0" rebuychips="0" reg_code="8385506821"/>
<player seat="10" name="oreiasccp" chips="340" dealer="0" win="75" bet="340" muck="1" rebuy="0" addon="0" merge="0" rebuychips="0" reg_code="8385506823"/>
</players>
</general>
<round no="0"><action no="1" player="oreiasccp" type="15" sum="5"/>
<action no="2" player="jokercool47" type="15" discard="1" dealt="1" sum="5"/>
<action no="3" player="dukefeather91" type="15" discard="1" dealt="1" sum="5"/>
<action no="4" player="oreiasccp" type="1" sum="15"/>
<action no="5" player="jokercool47" type="2" discard="1" dealt="1" sum="30"/>
</round>
<round no="1"><cards type="Pocket" player="dukefeather91">X X</cards>
<cards type="Pocket" player="oreiasccp">D5 H5</cards>
<cards type="Pocket" player="jokercool47">X X</cards>
<action no="6" player="dukefeather91" type="0" discard="1" dealt="1" sum="0"/>
<action no="7" player="oreiasccp" type="23" sum="335"/>
<action no="8" player="jokercool47" type="0" discard="1" dealt="1" sum="0"/>
</round>
</game>
<game gamecode="11516826380"><general><startdate>2025-06-17 09:25:01</startdate>
<round>1</round>
<failsafecounter/>
<players><player seat="6" name="dukefeather91" chips="350" dealer="0" win="0" bet="35" muck="1" rebuy="0" addon="0" merge="0" rebuychips="0" reg_code="8385506821"/>
<player seat="10" name="oreiasccp" chips="380" dealer="1" win="0" bet="5" muck="1" rebuy="0" addon="0" merge="0" rebuychips="0" reg_code="8385506823"/>
<player seat="3" name="jokercool47" chips="770" dealer="0" win="75" bet="65" muck="1" rebuy="0" addon="0" merge="0" rebuychips="0" reg_code="8385506808"/>
</players>
</general>
<round no="0"><action no="1" player="jokercool47" type="15" discard="1" dealt="1" sum="5"/>
<action no="2" player="dukefeather91" type="15" discard="1" dealt="1" sum="5"/>
<action no="3" player="oreiasccp" type="15" sum="5"/>
<action no="4" player="jokercool47" type="1" discard="1" dealt="1" sum="15"/>
<action no="5" player="dukefeather91" type="2" discard="1" dealt="1" sum="30"/>
</round>
<round no="1"><cards type="Pocket" player="dukefeather91">X X</cards>
<cards type="Pocket" player="oreiasccp">S2 SK</cards>
<cards type="Pocket" player="jokercool47">X X</cards>
<action no="6" player="oreiasccp" type="0" sum="0"/>
<action no="7" player="jokercool47" type="3" discard="1" dealt="1" sum="15"/>
<action no="8" player="dukefeather91" type="4" discard="1" dealt="1" sum="0"/>
</round>
<round no="2"><cards type="Flop">S5 C6 S10</cards>
<action no="9" player="jokercool47" type="5" discard="1" dealt="1" sum="30"/>
<action no="10" player="dukefeather91" type="0" discard="1" dealt="1" sum="0"/>
</round>
</game>
<game gamecode="11516826415"><general><startdate>2025-06-17 09:25:12</startdate>
<round>1</round>
<failsafecounter/>
<players><player seat="10" name="oreiasccp" chips="375" dealer="0" win="0" bet="35" muck="1" rebuy="0" addon="0" merge="0" rebuychips="0" reg_code="8385506823"/>
<player seat="3" name="jokercool47" chips="810" dealer="1" win="0" bet="35" muck="1" rebuy="0" addon="0" merge="0" rebuychips="0" reg_code="8385506808"/>
<player seat="6" name="dukefeather91" chips="315" dealer="0" win="105" bet="315" muck="1" rebuy="0" addon="0" merge="0" rebuychips="0" reg_code="8385506821"/>
</players>
</general>
<round no="0"><action no="1" player="dukefeather91" type="15" discard="1" dealt="1" sum="5"/>
<action no="2" player="oreiasccp" type="15" sum="5"/>
<action no="3" player="jokercool47" type="15" discard="1" dealt="1" sum="5"/>
<action no="4" player="dukefeather91" type="1" discard="1" dealt="1" sum="15"/>
<action no="5" player="oreiasccp" type="2" sum="30"/>
</round>
<round no="1"><cards type="Pocket" player="oreiasccp">H10 SK</cards>
<cards type="Pocket" player="dukefeather91">X X</cards>
<cards type="Pocket" player="jokercool47">X X</cards>
<action no="6" player="jokercool47" type="3" discard="1" dealt="1" sum="30"/>
<action no="7" player="dukefeather91" type="23" discard="1" dealt="1" sum="310"/>
<action no="8" player="oreiasccp" type="0" sum="0"/>
<action no="9" player="jokercool47" type="0" discard="1" dealt="1" sum="0"/>
</round>
</game>
<game gamecode="11516826442"><general><startdate>2025-06-17 09:25:22</startdate>
<round>1</round>
<failsafecounter/>
<players><player seat="3" name="jokercool47" chips="775" dealer="0" win="685" bet="340" muck="0" rebuy="0" addon="0" merge="0" rebuychips="0" reg_code="8385506808"/>
<player seat="6" name="dukefeather91" chips="385" dealer="1" win="0" bet="5" muck="1" rebuy="0" addon="0" merge="0" rebuychips="0" reg_code="8385506821"/>
<player seat="10" name="oreiasccp" chips="340" dealer="0" win="0" bet="340" muck="0" rebuy="0" addon="0" merge="0" rebuychips="0" reg_code="8385506823"/>
</players>
</general>
<round no="0"><action no="1" player="oreiasccp" type="15" sum="5"/>
<action no="2" player="jokercool47" type="15" discard="1" dealt="1" sum="5"/>
<action no="3" player="dukefeather91" type="15" discard="1" dealt="1" sum="5"/>
<action no="4" player="oreiasccp" type="1" sum="15"/>
<action no="5" player="jokercool47" type="2" discard="1" dealt="1" sum="30"/>
</round>
<round no="1"><cards type="Pocket" player="dukefeather91">X X</cards>
<cards type="Pocket" player="jokercool47">SA C6</cards>
<cards type="Pocket" player="oreiasccp">DK H9</cards>
<action no="6" player="dukefeather91" type="0" discard="1" dealt="1" sum="0"/>
<action no="7" player="oreiasccp" type="23" sum="335"/>
<action no="8" player="jokercool47" type="3" discard="1" dealt="1" sum="305"/>
</round>
<round no="2"><cards type="Flop">C9 C4 CA</cards>
</round>
<round no="3"><cards type="Turn">S8</cards>
</round>
<round no="4"><cards type="River">H4</cards>
</round>
</game>
</session>
