<?xml version="1.0" encoding="UTF-8"?>
<session sessioncode="8385513477">
<general>
<client_version>24.7.1.16</client_version>
<mode>real</mode>
<gametype>Holdem NL</gametype>
<tablename>Twister €5 SNG, 1127665426</tablename>
<tournamentcode>1127665425</tournamentcode>
<tournamentname>Twister €5 SNG</tournamentname>
<buyin>€0 + €0.35 + €4.65</buyin>
<totalbuyin>€5</totalbuyin>
<rewarddrawn>€10</rewarddrawn>
<tournamentcurrency>EUR</tournamentcurrency>
<currency>EUR</currency>
<nickname>oreiasccp</nickname>
<gamecount>19</gamecount>
<startdate>2025-06-17 09:52:27</startdate>
<place>2</place>
<win>€0</win>
<tablesize>3</tablesize>
</general>
<game gamecode="11516849267"><general><startdate>2025-06-17 09:52:43</startdate>
<round>1</round>
<failsafecounter/>
<players><player seat="10" name="Zaranit" chips="500" dealer="0" win="80" bet="500" muck="1" rebuy="0" addon="0" merge="0" rebuychips="0" reg_code="8385513505"/>
<player seat="3" name="HUDROSLIDE21" chips="500" dealer="1" win="0" bet="0" muck="1" rebuy="0" addon="0" merge="0" rebuychips="0" reg_code="8385513415"/>
<player seat="6" name="oreiasccp" chips="500" dealer="0" win="0" bet="40" muck="1" rebuy="0" addon="0" merge="0" rebuychips="0" reg_code="8385513477"/>
</players>
</general>
<round no="0"><action no="1" player="oreiasccp" type="1" sum="10"/>
<action no="2" player="Zaranit" type="2" discard="1" dealt="1" sum="20"/>
</round>
<round no="1"><cards type="Pocket" player="HUDROSLIDE21">X X</cards>
<cards type="Pocket" player="Zaranit">X X</cards>
<cards type="Pocket" player="oreiasccp">C5 CJ</cards>
<action no="3" player="HUDROSLIDE21" type="0" discard="1" dealt="1" sum="0"/>
<action no="4" player="oreiasccp" type="23" sum="40"/>
<action no="5" player="Zaranit" type="23" discard="1" dealt="1" sum="500"/>
<action no="6" player="oreiasccp" type="0" sum="0"/>
</round>
</game>
<game gamecode="11516849299"><general><startdate>2025-06-17 09:52:53</startdate>
<round>1</round>
<failsafecounter/>
<players><player seat="3" name="HUDROSLIDE21" chips="500" dealer="0" win="130" bet="60" muck="0" rebuy="0" addon="0" merge="0" rebuychips="0" reg_code="8385513415"/>
<player seat="6" name="oreiasccp" chips="460" dealer="1" win="0" bet="60" muck="1" rebuy="0" addon="0" merge="0" rebuychips="0" reg_code="8385513477"/>
<player seat="10" name="Zaranit" chips="540" dealer="0" win="0" bet="10" muck="1" rebuy="0" addon="0" merge="0" rebuychips="0" reg_code="8385513505"/>
</players>
</general>
<round no="0"><action no="1" player="Zaranit" type="1" discard="1" dealt="1" sum="10"/>
<action no="2" player="HUDROSLIDE21" type="2" discard="1" dealt="1" sum="20"/>
</round>
<round no="1"><cards type="Pocket" player="oreiasccp">SJ CK</cards>
<cards type="Pocket" player="Zaranit">X X</cards>
<cards type="Pocket" player="HUDROSLIDE21">S4 HQ</cards>
<action no="3" player="oreiasccp" type="23" sum="40"/>
<action no="4" player="Zaranit" type="0" discard="1" dealt="1" sum="0"/>
<action no="5" player="HUDROSLIDE21" type="3" discard="1" dealt="1" sum="20"/>
</round>
<round no="2"><cards type="Flop">D7 S10 C4</cards>
<action no="6" player="HUDROSLIDE21" type="4" discard="1" dealt="1" sum="0"/>
<action no="7" player="oreiasccp" type="5" sum="20"/>
<action no="8" player="HUDROSLIDE21" type="3" discard="1" dealt="1" sum="20"/>
</round>
<round no="3"><cards type="Turn">D6</cards>
<action no="9" player="HUDROSLIDE21" type="4" discard="1" dealt="1" sum="0"/>
<action no="10" player="oreiasccp" type="4" sum="0"/>
</round>
<round no="4"><cards type="River">H6</cards>
<action no="11" player="HUDROSLIDE21" type="4" discard="1" dealt="1" sum="0"/>
<action no="12" player="oreiasccp" type="4" sum="0"/>
</round>
</game>
<game gamecode="11516849361"><general><startdate>2025-06-17 09:53:17</startdate>
<round>1</round>
<failsafecounter/>
<players><player seat="6" name="oreiasccp" chips="400" dealer="0" win="80" bet="98" muck="1" rebuy="0" addon="0" merge="0" rebuychips="0" reg_code="8385513477"/>
<player seat="10" name="Zaranit" chips="530" dealer="1" win="0" bet="0" muck="1" rebuy="0" addon="0" merge="0" rebuychips="0" reg_code="8385513505"/>
<player seat="3" name="HUDROSLIDE21" chips="570" dealer="0" win="0" bet="40" muck="1" rebuy="0" addon="0" merge="0" rebuychips="0" reg_code="8385513415"/>
</players>
</general>
<round no="0"><action no="1" player="HUDROSLIDE21" type="1" discard="1" dealt="1" sum="10"/>
<action no="2" player="oreiasccp" type="2" sum="20"/>
</round>
<round no="1"><cards type="Pocket" player="Zaranit">X X</cards>
<cards type="Pocket" player="oreiasccp">S3 CK</cards>
<cards type="Pocket" player="HUDROSLIDE21">X X</cards>
<action no="3" player="Zaranit" type="0" discard="1" dealt="1" sum="0"/>
<action no="4" player="HUDROSLIDE21" type="3" discard="1" dealt="1" sum="10"/>
<action no="5" player="oreiasccp" type="4" sum="0"/>
</round>
<round no="2"><cards type="Flop">HK S5 D2</cards>
<action no="6" player="HUDROSLIDE21" type="5" discard="1" dealt="1" sum="20"/>
<action no="7" player="oreiasccp" type="3" sum="20"/>
</round>
<round no="3"><cards type="Turn">C3</cards>
<action no="8" player="HUDROSLIDE21" type="4" discard="1" dealt="1" sum="0"/>
<action no="9" player="oreiasccp" type="5" sum="58"/>
<action no="10" player="HUDROSLIDE21" type="0" discard="1" dealt="1" sum="0"/>
</round>
</game>
<game gamecode="11516849417"><general><startdate>2025-06-17 09:53:36</startdate>
<round>1</round>
<failsafecounter/>
<players><player seat="10" name="Zaranit" chips="530" dealer="0" win="0" bet="20" muck="1" rebuy="0" addon="0" merge="0" rebuychips="0" reg_code="8385513505"/>
<player seat="3" name="HUDROSLIDE21" chips="530" dealer="1" win="50" bet="50" muck="1" rebuy="0" addon="0" merge="0" rebuychips="0" reg_code="8385513415"/>
<player seat="6" name="oreiasccp" chips="440" dealer="0" win="0" bet="10" muck="1" rebuy="0" addon="0" merge="0" rebuychips="0" reg_code="8385513477"/>
</players>
</general>
<round no="0"><action no="1" player="oreiasccp" type="1" sum="10"/>
<action no="2" player="Zaranit" type="2" discard="1" dealt="1" sum="20"/>
</round>
<round no="1"><cards type="Pocket" player="Zaranit">X X</cards>
<cards type="Pocket" player="oreiasccp">H6 CQ</cards>
<cards type="Pocket" player="HUDROSLIDE21">X X</cards>
<action no="3" player="HUDROSLIDE21" type="23" discard="1" dealt="1" sum="50"/>
<action no="4" player="oreiasccp" type="0" sum="0"/>
<action no="5" player="Zaranit" type="0" discard="1" dealt="1" sum="0"/>
</round>
</game>
<game gamecode="11516849460"><general><startdate>2025-06-17 09:53:47</startdate>
<round>1</round>
<failsafecounter/>
<players><player seat="3" name="HUDROSLIDE21" chips="560" dealer="0" win="20" bet="20" muck="1" rebuy="0" addon="0" merge="0" rebuychips="0" reg_code="8385513415"/>
<player seat="6" name="oreiasccp" chips="430" dealer="1" win="0" bet="0" muck="1" rebuy="0" addon="0" merge="0" rebuychips="0" reg_code="8385513477"/>
<player seat="10" name="Zaranit" chips="510" dealer="0" win="0" bet="10" muck="1" rebuy="0" addon="0" merge="0" rebuychips="0" reg_code="8385513505"/>
</players>
</general>
<round no="0"><action no="1" player="Zaranit" type="1" discard="1" dealt="1" sum="10"/>
<action no="2" player="HUDROSLIDE21" type="2" discard="1" dealt="1" sum="20"/>
</round>
<round no="1"><cards type="Pocket" player="HUDROSLIDE21">X X</cards>
<cards type="Pocket" player="oreiasccp">C5 D2</cards>
<cards type="Pocket" player="Zaranit">X X</cards>
<action no="3" player="oreiasccp" type="0" sum="0"/>
<action no="4" player="Zaranit" type="0" discard="1" dealt="1" sum="0"/>
</round>
</game>
<game gamecode="11516849509"><general><startdate>2025-06-17 09:54:03</startdate>
<round>1</round>
<failsafecounter/>
<players><player seat="6" name="oreiasccp" chips="430" dealer="0" win="40" bet="40" muck="1" rebuy="0" addon="0" merge="0" rebuychips="0" reg_code="8385513477"/>
<player seat="10" name="Zaranit" chips="500" dealer="1" win="0" bet="0" muck="1" rebuy="0" addon="0" merge="0" rebuychips="0" reg_code="8385513505"/>
<player seat="3" name="HUDROSLIDE21" chips="570" dealer="0" win="0" bet="20" muck="1" rebuy="0" addon="0" merge="0" rebuychips="0" reg_code="8385513415"/>
</players>
</general>
<round no="0"><action no="1" player="HUDROSLIDE21" type="1" discard="1" dealt="1" sum="10"/>
<action no="2" player="oreiasccp" type="2" sum="20"/>
</round>
<round no="1"><cards type="Pocket" player="Zaranit">X X</cards>
<cards type="Pocket" player="oreiasccp">H3 SK</cards>
<cards type="Pocket" player="HUDROSLIDE21">X X</cards>
<action no="3" player="Zaranit" type="0" discard="1" dealt="1" sum="0"/>
<action no="4" player="HUDROSLIDE21" type="3" discard="1" dealt="1" sum="10"/>
<action no="5" player="oreiasccp" type="4" sum="0"/>
</round>
<round no="2"><cards type="Flop">S10 DA HA</cards>
<action no="6" player="HUDROSLIDE21" type="4" discard="1" dealt="1" sum="0"/>
<action no="7" player="oreiasccp" type="4" sum="0"/>
</round>
<round no="3"><cards type="Turn">SQ</cards>
<action no="8" player="HUDROSLIDE21" type="4" discard="1" dealt="1" sum="0"/>
<action no="9" player="oreiasccp" type="5" sum="20"/>
<action no="10" player="HUDROSLIDE21" type="0" discard="1" dealt="1" sum="0"/>
</round>
</game>
<game gamecode="11516849577"><general><startdate>2025-06-17 09:54:23</startdate>
<round>1</round>
<failsafecounter/>
<players><player seat="10" name="Zaranit" chips="500" dealer="0" win="0" bet="40" muck="1" rebuy="0" addon="0" merge="0" rebuychips="0" reg_code="8385513505"/>
<player seat="3" name="HUDROSLIDE21" chips="550" dealer="1" win="90" bet="80" muck="1" rebuy="0" addon="0" merge="0" rebuychips="0" reg_code="8385513415"/>
<player seat="6" name="oreiasccp" chips="450" dealer="0" win="0" bet="10" muck="1" rebuy="0" addon="0" merge="0" rebuychips="0" reg_code="8385513477"/>
</players>
</general>
<round no="0"><action no="1" player="oreiasccp" type="1" sum="10"/>
<action no="2" player="Zaranit" type="2" discard="1" dealt="1" sum="20"/>
</round>
<round no="1"><cards type="Pocket" player="oreiasccp">C9 H4</cards>
<cards type="Pocket" player="HUDROSLIDE21">X X</cards>
<cards type="Pocket" player="Zaranit">X X</cards>
<action no="3" player="HUDROSLIDE21" type="23" discard="1" dealt="1" sum="40"/>
<action no="4" player="oreiasccp" type="0" sum="0"/>
<action no="5" player="Zaranit" type="3" discard="1" dealt="1" sum="20"/>
</round>
<round no="2"><cards type="Flop">C8 D6 C10</cards>
<action no="6" player="Zaranit" type="4" discard="1" dealt="1" sum="0"/>
<action no="7" player="HUDROSLIDE21" type="5" discard="1" dealt="1" sum="40"/>
<action no="8" player="Zaranit" type="0" discard="1" dealt="1" sum="0"/>
</round>
</game>
<game gamecode="11516849668"><general><startdate>2025-06-17 09:54:54</startdate>
<round>1</round>
<failsafecounter/>
<players><player seat="3" name="HUDROSLIDE21" chips="600" dealer="0" win="0" bet="65" muck="1" rebuy="0" addon="0" merge="0" rebuychips="0" reg_code="8385513415"/>
<player seat="6" name="oreiasccp" chips="440" dealer="1" win="150" bet="103" muck="1" rebuy="0" addon="0" merge="0" rebuychips="0" reg_code="8385513477"/>
<player seat="10" name="Zaranit" chips="460" dealer="0" win="0" bet="20" muck="1" rebuy="0" addon="0" merge="0" rebuychips="0" reg_code="8385513505"/>
</players>
</general>
<round no="0"><action no="1" player="Zaranit" type="15" discard="1" dealt="1" sum="5"/>
<action no="2" player="HUDROSLIDE21" type="15" discard="1" dealt="1" sum="5"/>
<action no="3" player="oreiasccp" type="15" sum="5"/>
<action no="4" player="Zaranit" type="1" discard="1" dealt="1" sum="15"/>
<action no="5" player="HUDROSLIDE21" type="2" discard="1" dealt="1" sum="30"/>
</round>
<round no="1"><cards type="Pocket" player="oreiasccp">HK S10</cards>
<cards type="Pocket" player="Zaranit">X X</cards>
<cards type="Pocket" player="HUDROSLIDE21">X X</cards>
<action no="6" player="oreiasccp" type="23" sum="60"/>
<action no="7" player="Zaranit" type="0" discard="1" dealt="1" sum="0"/>
<action no="8" player="HUDROSLIDE21" type="3" discard="1" dealt="1" sum="30"/>
</round>
<round no="2"><cards type="Flop">H6 H8 HA</cards>
<action no="9" player="HUDROSLIDE21" type="4" discard="1" dealt="1" sum="0"/>
<action no="10" player="oreiasccp" type="5" sum="38"/>
<action no="11" player="HUDROSLIDE21" type="0" discard="1" dealt="1" sum="0"/>
</round>
</game>
<game gamecode="11516849717"><general><startdate>2025-06-17 09:55:10</startdate>
<round>1</round>
<failsafecounter/>
<players><player seat="6" name="oreiasccp" chips="525" dealer="0" win="0" bet="35" muck="1" rebuy="0" addon="0" merge="0" rebuychips="0" reg_code="8385513477"/>
<player seat="10" name="Zaranit" chips="440" dealer="1" win="915" bet="440" muck="0" rebuy="0" addon="0" merge="0" rebuychips="0" reg_code="8385513505"/>
<player seat="3" name="HUDROSLIDE21" chips="535" dealer="0" win="0" bet="535" muck="1" rebuy="0" addon="0" merge="0" rebuychips="0" reg_code="8385513415"/>
</players>
</general>
<round no="0"><action no="1" player="HUDROSLIDE21" type="15" discard="1" dealt="1" sum="5"/>
<action no="2" player="oreiasccp" type="15" sum="5"/>
<action no="3" player="Zaranit" type="15" discard="1" dealt="1" sum="5"/>
<action no="4" player="HUDROSLIDE21" type="1" discard="1" dealt="1" sum="15"/>
<action no="5" player="oreiasccp" type="2" sum="30"/>
</round>
<round no="1"><cards type="Pocket" player="HUDROSLIDE21">H5 C5</cards>
<cards type="Pocket" player="oreiasccp">HJ S6</cards>
<cards type="Pocket" player="Zaranit">D8 H8</cards>
<action no="6" player="Zaranit" type="23" discard="1" dealt="1" sum="60"/>
<action no="7" player="HUDROSLIDE21" type="23" discard="1" dealt="1" sum="530"/>
<action no="8" player="oreiasccp" type="0" sum="0"/>
<action no="9" player="Zaranit" type="7" discard="1" dealt="1" sum="375"/>
</round>
<round no="2"><cards type="Flop">CJ D6 S7</cards>
</round>
<round no="3"><cards type="Turn">H9</cards>
</round>
<round no="4"><cards type="River">SA</cards>
</round>
</game>
<game gamecode="11516849792"><general><startdate>2025-06-17 09:55:33</startdate>
<round>1</round>
<failsafecounter/>
<players><player seat="10" name="Zaranit" chips="915" dealer="0" win="45" bet="35" muck="1" rebuy="0" addon="0" merge="0" rebuychips="0" reg_code="8385513505"/>
<player seat="3" name="HUDROSLIDE21" chips="95" dealer="1" win="0" bet="5" muck="1" rebuy="0" addon="0" merge="0" rebuychips="0" reg_code="8385513415"/>
<player seat="6" name="oreiasccp" chips="490" dealer="0" win="0" bet="20" muck="1" rebuy="0" addon="0" merge="0" rebuychips="0" reg_code="8385513477"/>
</players>
</general>
<round no="0"><action no="1" player="oreiasccp" type="15" sum="5"/>
<action no="2" player="Zaranit" type="15" discard="1" dealt="1" sum="5"/>
<action no="3" player="HUDROSLIDE21" type="15" discard="1" dealt="1" sum="5"/>
<action no="4" player="oreiasccp" type="1" sum="15"/>
<action no="5" player="Zaranit" type="2" discard="1" dealt="1" sum="30"/>
</round>
<round no="1"><cards type="Pocket" player="HUDROSLIDE21">X X</cards>
<cards type="Pocket" player="oreiasccp">C3 SQ</cards>
<cards type="Pocket" player="Zaranit">X X</cards>
<action no="6" player="HUDROSLIDE21" type="0" discard="1" dealt="1" sum="0"/>
<action no="7" player="oreiasccp" type="0" sum="0"/>
</round>
</game>
<game gamecode="11516849817"><general><startdate>2025-06-17 09:55:42</startdate>
<round>1</round>
<failsafecounter/>
<players><player seat="3" name="HUDROSLIDE21" chips="90" dealer="0" win="0" bet="90" muck="0" rebuy="0" addon="0" merge="0" rebuychips="0" reg_code="8385513415"/>
<player seat="6" name="oreiasccp" chips="470" dealer="1" win="1,030" bet="470" muck="0" rebuy="0" addon="0" merge="0" rebuychips="0" reg_code="8385513477"/>
<player seat="10" name="Zaranit" chips="940" dealer="0" win="0" bet="940" muck="1" rebuy="0" addon="0" merge="0" rebuychips="0" reg_code="8385513505"/>
</players>
</general>
<round no="0"><action no="1" player="Zaranit" type="15" discard="1" dealt="1" sum="5"/>
<action no="2" player="HUDROSLIDE21" type="15" discard="1" dealt="1" sum="5"/>
<action no="3" player="oreiasccp" type="15" sum="5"/>
<action no="4" player="Zaranit" type="1" discard="1" dealt="1" sum="15"/>
<action no="5" player="HUDROSLIDE21" type="2" discard="1" dealt="1" sum="30"/>
</round>
<round no="1"><cards type="Pocket" player="Zaranit">HA S8</cards>
<cards type="Pocket" player="oreiasccp">S10 H10</cards>
<cards type="Pocket" player="HUDROSLIDE21">D9 SA</cards>
<action no="6" player="oreiasccp" type="23" sum="60"/>
<action no="7" player="Zaranit" type="23" discard="1" dealt="1" sum="935"/>
<action no="8" player="HUDROSLIDE21" type="7" discard="1" dealt="1" sum="55"/>
<action no="9" player="oreiasccp" type="7" sum="405"/>
</round>
<round no="2"><cards type="Flop">S4 H2 S7</cards>
</round>
<round no="3"><cards type="Turn">C8</cards>
</round>
<round no="4"><cards type="River">C9</cards>
</round>
</game>
<game gamecode="11516849907"><general><startdate>2025-06-17 09:56:05</startdate>
<round>1</round>
<failsafecounter/>
<players><player seat="6" name="oreiasccp" chips="1,030" dealer="0" win="0" bet="35" muck="1" rebuy="0" addon="0" merge="0" rebuychips="0" reg_code="8385513477"/>
<player seat="10" name="Zaranit" chips="470" dealer="1" win="70" bet="65" muck="1" rebuy="0" addon="0" merge="0" rebuychips="0" reg_code="8385513505"/>
</players>
</general>
<round no="0"><action no="1" player="Zaranit" type="15" discard="1" dealt="1" sum="5"/>
<action no="2" player="oreiasccp" type="15" sum="5"/>
<action no="3" player="Zaranit" type="1" discard="1" dealt="1" sum="15"/>
<action no="4" player="oreiasccp" type="2" sum="30"/>
</round>
<round no="1"><cards type="Pocket" player="oreiasccp">S2 CK</cards>
<cards type="Pocket" player="Zaranit">X X</cards>
<action no="5" player="Zaranit" type="3" discard="1" dealt="1" sum="15"/>
<action no="6" player="oreiasccp" type="4" sum="0"/>
</round>
<round no="2"><cards type="Flop">S4 C10 S6</cards>
<action no="7" player="oreiasccp" type="4" sum="0"/>
<action no="8" player="Zaranit" type="5" discard="1" dealt="1" sum="30"/>
<action no="9" player="oreiasccp" type="0" sum="0"/>
</round>
</game>
<game gamecode="11516849951"><general><startdate>2025-06-17 09:56:22</startdate>
<round>1</round>
<failsafecounter/>
<players><player seat="10" name="Zaranit" chips="505" dealer="0" win="408" bet="505" muck="1" rebuy="0" addon="0" merge="0" rebuychips="0" reg_code="8385513505"/>
<player seat="6" name="oreiasccp" chips="995" dealer="1" win="0" bet="204" muck="1" rebuy="0" addon="0" merge="0" rebuychips="0" reg_code="8385513477"/>
</players>
</general>
<round no="0"><action no="1" player="oreiasccp" type="15" sum="5"/>
<action no="2" player="Zaranit" type="15" discard="1" dealt="1" sum="5"/>
<action no="3" player="oreiasccp" type="1" sum="15"/>
<action no="4" player="Zaranit" type="2" discard="1" dealt="1" sum="30"/>
</round>
<round no="1"><cards type="Pocket" player="Zaranit">X X</cards>
<cards type="Pocket" player="oreiasccp">H10 CQ</cards>
<action no="5" player="oreiasccp" type="3" sum="15"/>
<action no="6" player="Zaranit" type="23" discard="1" dealt="1" sum="75"/>
<action no="7" player="oreiasccp" type="3" sum="45"/>
</round>
<round no="2"><cards type="Flop">S5 SK HA</cards>
<action no="8" player="Zaranit" type="5" discard="1" dealt="1" sum="48"/>
<action no="9" player="oreiasccp" type="3" sum="48"/>
</round>
<round no="3"><cards type="Turn">DK</cards>
<action no="10" player="Zaranit" type="5" discard="1" dealt="1" sum="76"/>
<action no="11" player="oreiasccp" type="3" sum="76"/>
</round>
<round no="4"><cards type="River">D7</cards>
<action no="12" player="Zaranit" type="5" discard="1" dealt="1" sum="301"/>
<action no="13" player="oreiasccp" type="0" sum="0"/>
</round>
</game>
<game gamecode="11516850097"><general><startdate>2025-06-17 09:57:09</startdate>
<round>1</round>
<failsafecounter/>
<players><player seat="6" name="oreiasccp" chips="791" dealer="0" win="632" bet="316" muck="0" rebuy="0" addon="0" merge="0" rebuychips="0" reg_code="8385513477"/>
<player seat="10" name="Zaranit" chips="709" dealer="1" win="0" bet="316" muck="1" rebuy="0" addon="0" merge="0" rebuychips="0" reg_code="8385513505"/>
</players>
</general>
<round no="0"><action no="1" player="Zaranit" type="15" discard="1" dealt="1" sum="5"/>
<action no="2" player="oreiasccp" type="15" sum="5"/>
<action no="3" player="Zaranit" type="1" discard="1" dealt="1" sum="20"/>
<action no="4" player="oreiasccp" type="2" sum="40"/>
</round>
<round no="1"><cards type="Pocket" player="oreiasccp">C10 H8</cards>
<cards type="Pocket" player="Zaranit">HK S7</cards>
<action no="5" player="Zaranit" type="23" discard="1" dealt="1" sum="80"/>
<action no="6" player="oreiasccp" type="3" sum="40"/>
</round>
<round no="2"><cards type="Flop">S10 H2 SJ</cards>
<action no="7" player="oreiasccp" type="4" sum="0"/>
<action no="8" player="Zaranit" type="5" discard="1" dealt="1" sum="51"/>
<action no="9" player="oreiasccp" type="3" sum="51"/>
</round>
<round no="3"><cards type="Turn">CA</cards>
<action no="10" player="oreiasccp" type="4" sum="0"/>
<action no="11" player="Zaranit" type="5" discard="1" dealt="1" sum="180"/>
<action no="12" player="oreiasccp" type="3" sum="180"/>
</round>
<round no="4"><cards type="River">DJ</cards>
<action no="13" player="oreiasccp" type="4" sum="0"/>
<action no="14" player="Zaranit" type="4" discard="1" dealt="1" sum="0"/>
</round>
</game>
<game gamecode="11516850250"><general><startdate>2025-06-17 09:58:00</startdate>
<round>1</round>
<failsafecounter/>
<players><player seat="10" name="Zaranit" chips="393" dealer="0" win="50" bet="45" muck="1" rebuy="0" addon="0" merge="0" rebuychips="0" reg_code="8385513505"/>
<player seat="6" name="oreiasccp" chips="1,107" dealer="1" win="0" bet="25" muck="1" rebuy="0" addon="0" merge="0" rebuychips="0" reg_code="8385513477"/>
</players>
</general>
<round no="0"><action no="1" player="oreiasccp" type="15" sum="5"/>
<action no="2" player="Zaranit" type="15" discard="1" dealt="1" sum="5"/>
<action no="3" player="oreiasccp" type="1" sum="20"/>
<action no="4" player="Zaranit" type="2" discard="1" dealt="1" sum="40"/>
</round>
<round no="1"><cards type="Pocket" player="Zaranit">X X</cards>
<cards type="Pocket" player="oreiasccp">S2 C10</cards>
<action no="5" player="oreiasccp" type="0" sum="0"/>
</round>
</game>
<game gamecode="11516850270"><general><startdate>2025-06-17 09:58:06</startdate>
<round>1</round>
<failsafecounter/>
<players><player seat="6" name="oreiasccp" chips="1,082" dealer="0" win="90" bet="125" muck="1" rebuy="0" addon="0" merge="0" rebuychips="0" reg_code="8385513477"/>
<player seat="10" name="Zaranit" chips="418" dealer="1" win="0" bet="45" muck="1" rebuy="0" addon="0" merge="0" rebuychips="0" reg_code="8385513505"/>
</players>
</general>
<round no="0"><action no="1" player="Zaranit" type="15" discard="1" dealt="1" sum="5"/>
<action no="2" player="oreiasccp" type="15" sum="5"/>
<action no="3" player="Zaranit" type="1" discard="1" dealt="1" sum="20"/>
<action no="4" player="oreiasccp" type="2" sum="40"/>
</round>
<round no="1"><cards type="Pocket" player="oreiasccp">CK HQ</cards>
<cards type="Pocket" player="Zaranit">X X</cards>
<action no="5" player="Zaranit" type="3" discard="1" dealt="1" sum="20"/>
<action no="6" player="oreiasccp" type="23" sum="120"/>
<action no="7" player="Zaranit" type="0" discard="1" dealt="1" sum="0"/>
</round>
</game>
<game gamecode="11516850310"><general><startdate>2025-06-17 09:58:19</startdate>
<round>1</round>
<failsafecounter/>
<players><player seat="10" name="Zaranit" chips="373" dealer="0" win="746" bet="373" muck="0" rebuy="0" addon="0" merge="0" rebuychips="0" reg_code="8385513505"/>
<player seat="6" name="oreiasccp" chips="1,127" dealer="1" win="0" bet="373" muck="1" rebuy="0" addon="0" merge="0" rebuychips="0" reg_code="8385513477"/>
</players>
</general>
<round no="0"><action no="1" player="oreiasccp" type="15" sum="5"/>
<action no="2" player="Zaranit" type="15" discard="1" dealt="1" sum="5"/>
<action no="3" player="oreiasccp" type="1" sum="20"/>
<action no="4" player="Zaranit" type="2" discard="1" dealt="1" sum="40"/>
</round>
<round no="1"><cards type="Pocket" player="Zaranit">SK D9</cards>
<cards type="Pocket" player="oreiasccp">DJ HA</cards>
<action no="5" player="oreiasccp" type="3" sum="20"/>
<action no="6" player="Zaranit" type="23" discard="1" dealt="1" sum="368"/>
<action no="7" player="oreiasccp" type="3" sum="328"/>
</round>
<round no="2"><cards type="Flop">CK D5 CJ</cards>
</round>
<round no="3"><cards type="Turn">H3</cards>
</round>
<round no="4"><cards type="River">H5</cards>
</round>
</game>
<game gamecode="11516850400"><general><startdate>2025-06-17 09:58:45</startdate>
<round>1</round>
<failsafecounter/>
<players><player seat="6" name="oreiasccp" chips="754" dealer="0" win="0" bet="163" muck="1" rebuy="0" addon="0" merge="0" rebuychips="0" reg_code="8385513477"/>
<player seat="10" name="Zaranit" chips="746" dealer="1" win="326" bet="163" muck="0" rebuy="0" addon="0" merge="0" rebuychips="0" reg_code="8385513505"/>
</players>
</general>
<round no="0"><action no="1" player="Zaranit" type="15" discard="1" dealt="1" sum="5"/>
<action no="2" player="oreiasccp" type="15" sum="5"/>
<action no="3" player="Zaranit" type="1" discard="1" dealt="1" sum="30"/>
<action no="4" player="oreiasccp" type="2" sum="60"/>
</round>
<round no="1"><cards type="Pocket" player="oreiasccp">C9 C7</cards>
<cards type="Pocket" player="Zaranit">DK H7</cards>
<action no="5" player="Zaranit" type="3" discard="1" dealt="1" sum="30"/>
<action no="6" player="oreiasccp" type="4" sum="0"/>
</round>
<round no="2"><cards type="Flop">H9 D6 HQ</cards>
<action no="7" player="oreiasccp" type="4" sum="0"/>
<action no="8" player="Zaranit" type="4" discard="1" dealt="1" sum="0"/>
</round>
<round no="3"><cards type="Turn">CK</cards>
<action no="9" player="oreiasccp" type="4" sum="0"/>
<action no="10" player="Zaranit" type="5" discard="1" dealt="1" sum="98"/>
<action no="11" player="oreiasccp" type="3" sum="98"/>
</round>
<round no="4"><cards type="River">S10</cards>
<action no="12" player="oreiasccp" type="4" sum="0"/>
<action no="13" player="Zaranit" type="4" discard="1" dealt="1" sum="0"/>
</round>
</game>
<game gamecode="11516850563"><general><startdate>2025-06-17 09:59:32</startdate>
<round>1</round>
<failsafecounter/>
<players><player seat="10" name="Zaranit" chips="909" dealer="0" win="1,182" bet="591" muck="0" rebuy="0" addon="0" merge="0" rebuychips="0" reg_code="8385513505"/>
<player seat="6" name="oreiasccp" chips="591" dealer="1" win="0" bet="591" muck="0" rebuy="0" addon="0" merge="0" rebuychips="0" reg_code="8385513477"/>
</players>
</general>
<round no="0"><action no="1" player="oreiasccp" type="15" sum="5"/>
<action no="2" player="Zaranit" type="15" discard="1" dealt="1" sum="5"/>
<action no="3" player="oreiasccp" type="1" sum="30"/>
<action no="4" player="Zaranit" type="2" discard="1" dealt="1" sum="60"/>
</round>
<round no="1"><cards type="Pocket" player="Zaranit">DA C6</cards>
<cards type="Pocket" player="oreiasccp">SQ S4</cards>
<action no="5" player="oreiasccp" type="23" sum="586"/>
<action no="6" player="Zaranit" type="3" discard="1" dealt="1" sum="526"/>
</round>
<round no="2"><cards type="Flop">CA CJ SA</cards>
</round>
<round no="3"><cards type="Turn">H6</cards>
</round>
<round no="4"><cards type="River">C5</cards>
</round>
</game>
</session>
