<?xml version="1.0" encoding="UTF-8"?>
<session sessioncode="8385571187">
<general>
<client_version>24.7.1.16</client_version>
<mode>real</mode>
<gametype>Holdem NL</gametype>
<tablename>Twister €5 SNG, 1127674100</tablename>
<tournamentcode>1127674099</tournamentcode>
<tournamentname>Twister €5 SNG</tournamentname>
<buyin>€0 + €0.35 + €4.65</buyin>
<totalbuyin>€5</totalbuyin>
<rewarddrawn>€10</rewarddrawn>
<tournamentcurrency>EUR</tournamentcurrency>
<currency>EUR</currency>
<nickname>oreiasccp</nickname>
<gamecount>25</gamecount>
<startdate>2025-06-17 12:48:30</startdate>
<place>1</place>
<win>€10</win>
<tablesize>3</tablesize>
</general>
<game gamecode="11517008384"><general><startdate>2025-06-17 12:48:46</startdate>
<round>1</round>
<failsafecounter/>
<players><player seat="6" name="oreiasccp" chips="500" dealer="0" win="40" bet="40" muck="1" rebuy="0" addon="0" merge="0" rebuychips="0" reg_code="8385571187"/>
<player seat="10" name="OneLastGame" chips="500" dealer="1" win="0" bet="0" muck="1" rebuy="0" addon="0" merge="0" rebuychips="0" reg_code="8385571240"/>
<player seat="3" name="kiki123" chips="500" dealer="0" win="0" bet="20" muck="1" rebuy="0" addon="0" merge="0" rebuychips="0" reg_code="8385571125"/>
</players>
</general>
<round no="0"><action no="1" player="kiki123" type="1" discard="1" dealt="1" sum="10"/>
<action no="2" player="oreiasccp" type="2" sum="20"/>
</round>
<round no="1"><cards type="Pocket" player="kiki123">X X</cards>
<cards type="Pocket" player="oreiasccp">DJ H5</cards>
<cards type="Pocket" player="OneLastGame">X X</cards>
<action no="3" player="OneLastGame" type="0" discard="1" dealt="1" sum="0"/>
<action no="4" player="kiki123" type="3" discard="1" dealt="1" sum="10"/>
<action no="5" player="oreiasccp" type="4" sum="0"/>
</round>
<round no="2"><cards type="Flop">H9 CA CJ</cards>
<action no="6" player="kiki123" type="4" discard="1" dealt="1" sum="0"/>
<action no="7" player="oreiasccp" type="4" sum="0"/>
</round>
<round no="3"><cards type="Turn">D4</cards>
<action no="8" player="kiki123" type="4" discard="1" dealt="1" sum="0"/>
<action no="9" player="oreiasccp" type="5" sum="20"/>
<action no="10" player="kiki123" type="0" discard="1" dealt="1" sum="0"/>
</round>
</game>
<game gamecode="11517008517"><general><startdate>2025-06-17 12:49:13</startdate>
<round>1</round>
<failsafecounter/>
<players><player seat="10" name="OneLastGame" chips="500" dealer="0" win="0" bet="20" muck="1" rebuy="0" addon="0" merge="0" rebuychips="0" reg_code="8385571240"/>
<player seat="3" name="kiki123" chips="480" dealer="1" win="0" bet="20" muck="1" rebuy="0" addon="0" merge="0" rebuychips="0" reg_code="8385571125"/>
<player seat="6" name="oreiasccp" chips="520" dealer="0" win="60" bet="500" muck="1" rebuy="0" addon="0" merge="0" rebuychips="0" reg_code="8385571187"/>
</players>
</general>
<round no="0"><action no="1" player="oreiasccp" type="1" sum="10"/>
<action no="2" player="OneLastGame" type="2" discard="1" dealt="1" sum="20"/>
</round>
<round no="1"><cards type="Pocket" player="OneLastGame">X X</cards>
<cards type="Pocket" player="kiki123">X X</cards>
<cards type="Pocket" player="oreiasccp">S9 D9</cards>
<action no="3" player="kiki123" type="3" discard="1" dealt="1" sum="20"/>
<action no="4" player="oreiasccp" type="23" sum="500"/>
<action no="5" player="OneLastGame" type="0" discard="1" dealt="1" sum="0"/>
<action no="6" player="kiki123" type="0" discard="1" dealt="1" sum="0"/>
</round>
</game>
<game gamecode="11517008574"><general><startdate>2025-06-17 12:49:27</startdate>
<round>1</round>
<failsafecounter/>
<players><player seat="3" name="kiki123" chips="460" dealer="0" win="0" bet="20" muck="1" rebuy="0" addon="0" merge="0" rebuychips="0" reg_code="8385571125"/>
<player seat="6" name="oreiasccp" chips="560" dealer="1" win="50" bet="40" muck="1" rebuy="0" addon="0" merge="0" rebuychips="0" reg_code="8385571187"/>
<player seat="10" name="OneLastGame" chips="480" dealer="0" win="0" bet="10" muck="1" rebuy="0" addon="0" merge="0" rebuychips="0" reg_code="8385571240"/>
</players>
</general>
<round no="0"><action no="1" player="OneLastGame" type="1" discard="1" dealt="1" sum="10"/>
<action no="2" player="kiki123" type="2" discard="1" dealt="1" sum="20"/>
</round>
<round no="1"><cards type="Pocket" player="kiki123">X X</cards>
<cards type="Pocket" player="OneLastGame">X X</cards>
<cards type="Pocket" player="oreiasccp">CA DK</cards>
<action no="3" player="oreiasccp" type="23" sum="40"/>
<action no="4" player="OneLastGame" type="0" discard="1" dealt="1" sum="0"/>
<action no="5" player="kiki123" type="0" discard="1" dealt="1" sum="0"/>
</round>
</game>
<game gamecode="11517008617"><general><startdate>2025-06-17 12:49:37</startdate>
<round>1</round>
<failsafecounter/>
<players><player seat="6" name="oreiasccp" chips="590" dealer="0" win="0" bet="20" muck="1" rebuy="0" addon="0" merge="0" rebuychips="0" reg_code="8385571187"/>
<player seat="10" name="OneLastGame" chips="470" dealer="1" win="0" bet="0" muck="1" rebuy="0" addon="0" merge="0" rebuychips="0" reg_code="8385571240"/>
<player seat="3" name="kiki123" chips="440" dealer="0" win="40" bet="60" muck="1" rebuy="0" addon="0" merge="0" rebuychips="0" reg_code="8385571125"/>
</players>
</general>
<round no="0"><action no="1" player="kiki123" type="1" discard="1" dealt="1" sum="10"/>
<action no="2" player="oreiasccp" type="2" sum="20"/>
</round>
<round no="1"><cards type="Pocket" player="OneLastGame">X X</cards>
<cards type="Pocket" player="kiki123">X X</cards>
<cards type="Pocket" player="oreiasccp">H8 C3</cards>
<action no="3" player="OneLastGame" type="0" discard="1" dealt="1" sum="0"/>
<action no="4" player="kiki123" type="3" discard="1" dealt="1" sum="10"/>
<action no="5" player="oreiasccp" type="4" sum="0"/>
</round>
<round no="2"><cards type="Flop">HK CK H10</cards>
<action no="6" player="kiki123" type="4" discard="1" dealt="1" sum="0"/>
<action no="7" player="oreiasccp" type="4" sum="0"/>
</round>
<round no="3"><cards type="Turn">S5</cards>
<action no="8" player="kiki123" type="4" discard="1" dealt="1" sum="0"/>
<action no="9" player="oreiasccp" type="4" sum="0"/>
</round>
<round no="4"><cards type="River">D9</cards>
<action no="10" player="kiki123" type="5" discard="1" dealt="1" sum="40"/>
<action no="11" player="oreiasccp" type="0" sum="0"/>
</round>
</game>
<game gamecode="11517008822"><general><startdate>2025-06-17 12:50:21</startdate>
<round>1</round>
<failsafecounter/>
<players><player seat="10" name="OneLastGame" chips="470" dealer="0" win="80" bet="470" muck="1" rebuy="0" addon="0" merge="0" rebuychips="0" reg_code="8385571240"/>
<player seat="3" name="kiki123" chips="460" dealer="1" win="0" bet="0" muck="1" rebuy="0" addon="0" merge="0" rebuychips="0" reg_code="8385571125"/>
<player seat="6" name="oreiasccp" chips="570" dealer="0" win="0" bet="40" muck="1" rebuy="0" addon="0" merge="0" rebuychips="0" reg_code="8385571187"/>
</players>
</general>
<round no="0"><action no="1" player="oreiasccp" type="1" sum="10"/>
<action no="2" player="OneLastGame" type="2" discard="1" dealt="1" sum="20"/>
</round>
<round no="1"><cards type="Pocket" player="kiki123">X X</cards>
<cards type="Pocket" player="oreiasccp">CA H8</cards>
<cards type="Pocket" player="OneLastGame">X X</cards>
<action no="3" player="kiki123" type="0" discard="1" dealt="1" sum="0"/>
<action no="4" player="oreiasccp" type="23" sum="40"/>
<action no="5" player="OneLastGame" type="23" discard="1" dealt="1" sum="470"/>
<action no="6" player="oreiasccp" type="0" sum="0"/>
</round>
</game>
<game gamecode="11517008897"><general><startdate>2025-06-17 12:50:38</startdate>
<round>1</round>
<failsafecounter/>
<players><player seat="3" name="kiki123" chips="460" dealer="0" win="0" bet="117" muck="1" rebuy="0" addon="0" merge="0" rebuychips="0" reg_code="8385571125"/>
<player seat="6" name="oreiasccp" chips="530" dealer="1" win="244" bet="239" muck="1" rebuy="0" addon="0" merge="0" rebuychips="0" reg_code="8385571187"/>
<player seat="10" name="OneLastGame" chips="510" dealer="0" win="0" bet="10" muck="1" rebuy="0" addon="0" merge="0" rebuychips="0" reg_code="8385571240"/>
</players>
</general>
<round no="0"><action no="1" player="OneLastGame" type="1" discard="1" dealt="1" sum="10"/>
<action no="2" player="kiki123" type="2" discard="1" dealt="1" sum="20"/>
</round>
<round no="1"><cards type="Pocket" player="kiki123">X X</cards>
<cards type="Pocket" player="oreiasccp">DA CQ</cards>
<cards type="Pocket" player="OneLastGame">X X</cards>
<action no="3" player="oreiasccp" type="23" sum="40"/>
<action no="4" player="OneLastGame" type="0" discard="1" dealt="1" sum="0"/>
<action no="5" player="kiki123" type="3" discard="1" dealt="1" sum="20"/>
</round>
<round no="2"><cards type="Flop">DQ SA C7</cards>
<action no="6" player="kiki123" type="4" discard="1" dealt="1" sum="0"/>
<action no="7" player="oreiasccp" type="4" sum="0"/>
</round>
<round no="3"><cards type="Turn">S3</cards>
<action no="8" player="kiki123" type="4" discard="1" dealt="1" sum="0"/>
<action no="9" player="oreiasccp" type="5" sum="77"/>
<action no="10" player="kiki123" type="3" discard="1" dealt="1" sum="77"/>
</round>
<round no="4"><cards type="River">S2</cards>
<action no="11" player="kiki123" type="4" discard="1" dealt="1" sum="0"/>
<action no="12" player="oreiasccp" type="5" sum="122"/>
<action no="13" player="kiki123" type="0" discard="1" dealt="1" sum="0"/>
</round>
</game>
<game gamecode="11517009094"><general><startdate>2025-06-17 12:51:24</startdate>
<round>1</round>
<failsafecounter/>
<players><player seat="6" name="oreiasccp" chips="657" dealer="0" win="0" bet="35" muck="1" rebuy="0" addon="0" merge="0" rebuychips="0" reg_code="8385571187"/>
<player seat="10" name="OneLastGame" chips="500" dealer="1" win="0" bet="5" muck="1" rebuy="0" addon="0" merge="0" rebuychips="0" reg_code="8385571240"/>
<player seat="3" name="kiki123" chips="343" dealer="0" win="75" bet="65" muck="1" rebuy="0" addon="0" merge="0" rebuychips="0" reg_code="8385571125"/>
</players>
</general>
<round no="0"><action no="1" player="kiki123" type="15" discard="1" dealt="1" sum="5"/>
<action no="2" player="oreiasccp" type="15" sum="5"/>
<action no="3" player="OneLastGame" type="15" discard="1" dealt="1" sum="5"/>
<action no="4" player="kiki123" type="1" discard="1" dealt="1" sum="15"/>
<action no="5" player="oreiasccp" type="2" sum="30"/>
</round>
<round no="1"><cards type="Pocket" player="OneLastGame">X X</cards>
<cards type="Pocket" player="oreiasccp">D10 H3</cards>
<cards type="Pocket" player="kiki123">X X</cards>
<action no="6" player="OneLastGame" type="0" discard="1" dealt="1" sum="0"/>
<action no="7" player="kiki123" type="3" discard="1" dealt="1" sum="15"/>
<action no="8" player="oreiasccp" type="4" sum="0"/>
</round>
<round no="2"><cards type="Flop">CA C8 SK</cards>
<action no="9" player="kiki123" type="4" discard="1" dealt="1" sum="0"/>
<action no="10" player="oreiasccp" type="4" sum="0"/>
</round>
<round no="3"><cards type="Turn">D7</cards>
<action no="11" player="kiki123" type="5" discard="1" dealt="1" sum="30"/>
<action no="12" player="oreiasccp" type="0" sum="0"/>
</round>
</game>
<game gamecode="11517009272"><general><startdate>2025-06-17 12:52:01</startdate>
<round>1</round>
<failsafecounter/>
<players><player seat="10" name="OneLastGame" chips="495" dealer="0" win="90" bet="80" muck="1" rebuy="0" addon="0" merge="0" rebuychips="0" reg_code="8385571240"/>
<player seat="3" name="kiki123" chips="383" dealer="1" win="0" bet="35" muck="1" rebuy="0" addon="0" merge="0" rebuychips="0" reg_code="8385571125"/>
<player seat="6" name="oreiasccp" chips="622" dealer="0" win="0" bet="20" muck="1" rebuy="0" addon="0" merge="0" rebuychips="0" reg_code="8385571187"/>
</players>
</general>
<round no="0"><action no="1" player="oreiasccp" type="15" sum="5"/>
<action no="2" player="OneLastGame" type="15" discard="1" dealt="1" sum="5"/>
<action no="3" player="kiki123" type="15" discard="1" dealt="1" sum="5"/>
<action no="4" player="oreiasccp" type="1" sum="15"/>
<action no="5" player="OneLastGame" type="2" discard="1" dealt="1" sum="30"/>
</round>
<round no="1"><cards type="Pocket" player="kiki123">X X</cards>
<cards type="Pocket" player="oreiasccp">C3 DK</cards>
<cards type="Pocket" player="OneLastGame">X X</cards>
<action no="6" player="kiki123" type="3" discard="1" dealt="1" sum="30"/>
<action no="7" player="oreiasccp" type="0" sum="0"/>
<action no="8" player="OneLastGame" type="4" discard="1" dealt="1" sum="0"/>
</round>
<round no="2"><cards type="Flop">CA S8 C5</cards>
<action no="9" player="OneLastGame" type="4" discard="1" dealt="1" sum="0"/>
<action no="10" player="kiki123" type="4" discard="1" dealt="1" sum="0"/>
</round>
<round no="3"><cards type="Turn">C4</cards>
<action no="11" player="OneLastGame" type="5" discard="1" dealt="1" sum="45"/>
<action no="12" player="kiki123" type="0" discard="1" dealt="1" sum="0"/>
</round>
</game>
<game gamecode="11517009376"><general><startdate>2025-06-17 12:52:22</startdate>
<round>1</round>
<failsafecounter/>
<players><player seat="3" name="kiki123" chips="348" dealer="0" win="0" bet="35" muck="1" rebuy="0" addon="0" merge="0" rebuychips="0" reg_code="8385571125"/>
<player seat="6" name="oreiasccp" chips="602" dealer="1" win="0" bet="65" muck="1" rebuy="0" addon="0" merge="0" rebuychips="0" reg_code="8385571187"/>
<player seat="10" name="OneLastGame" chips="550" dealer="0" win="165" bet="550" muck="1" rebuy="0" addon="0" merge="0" rebuychips="0" reg_code="8385571240"/>
</players>
</general>
<round no="0"><action no="1" player="OneLastGame" type="15" discard="1" dealt="1" sum="5"/>
<action no="2" player="kiki123" type="15" discard="1" dealt="1" sum="5"/>
<action no="3" player="oreiasccp" type="15" sum="5"/>
<action no="4" player="OneLastGame" type="1" discard="1" dealt="1" sum="15"/>
<action no="5" player="kiki123" type="2" discard="1" dealt="1" sum="30"/>
</round>
<round no="1"><cards type="Pocket" player="kiki123">X X</cards>
<cards type="Pocket" player="oreiasccp">DJ SK</cards>
<cards type="Pocket" player="OneLastGame">X X</cards>
<action no="6" player="oreiasccp" type="23" sum="60"/>
<action no="7" player="OneLastGame" type="23" discard="1" dealt="1" sum="545"/>
<action no="8" player="kiki123" type="0" discard="1" dealt="1" sum="0"/>
<action no="9" player="oreiasccp" type="0" sum="0"/>
</round>
</game>
<game gamecode="11517009452"><general><startdate>2025-06-17 12:52:38</startdate>
<round>1</round>
<failsafecounter/>
<players><player seat="6" name="oreiasccp" chips="537" dealer="0" win="0" bet="65" muck="1" rebuy="0" addon="0" merge="0" rebuychips="0" reg_code="8385571187"/>
<player seat="10" name="OneLastGame" chips="650" dealer="1" win="150" bet="178" muck="1" rebuy="0" addon="0" merge="0" rebuychips="0" reg_code="8385571240"/>
<player seat="3" name="kiki123" chips="313" dealer="0" win="0" bet="20" muck="1" rebuy="0" addon="0" merge="0" rebuychips="0" reg_code="8385571125"/>
</players>
</general>
<round no="0"><action no="1" player="kiki123" type="15" discard="1" dealt="1" sum="5"/>
<action no="2" player="oreiasccp" type="15" sum="5"/>
<action no="3" player="OneLastGame" type="15" discard="1" dealt="1" sum="5"/>
<action no="4" player="kiki123" type="1" discard="1" dealt="1" sum="15"/>
<action no="5" player="oreiasccp" type="2" sum="30"/>
</round>
<round no="1"><cards type="Pocket" player="kiki123">X X</cards>
<cards type="Pocket" player="oreiasccp">DQ DJ</cards>
<cards type="Pocket" player="OneLastGame">X X</cards>
<action no="6" player="OneLastGame" type="23" discard="1" dealt="1" sum="60"/>
<action no="7" player="kiki123" type="0" discard="1" dealt="1" sum="0"/>
<action no="8" player="oreiasccp" type="3" sum="30"/>
</round>
<round no="2"><cards type="Flop">C5 H9 C3</cards>
<action no="9" player="oreiasccp" type="4" sum="0"/>
<action no="10" player="OneLastGame" type="5" discard="1" dealt="1" sum="113"/>
<action no="11" player="oreiasccp" type="0" sum="0"/>
</round>
</game>
<game gamecode="11517014768"><general><startdate>2025-06-17 12:53:05</startdate>
<round>1</round>
<failsafecounter/>
<players><player seat="10" name="OneLastGame" chips="735" dealer="0" win="0" bet="45" muck="1" rebuy="0" addon="0" merge="0" rebuychips="0" reg_code="8385571240"/>
<player seat="3" name="kiki123" chips="293" dealer="1" win="0" bet="5" muck="1" rebuy="0" addon="0" merge="0" rebuychips="0" reg_code="8385571125"/>
<player seat="6" name="oreiasccp" chips="472" dealer="0" win="95" bet="472" muck="1" rebuy="0" addon="0" merge="0" rebuychips="0" reg_code="8385571187"/>
</players>
</general>
<round no="0"><action no="1" player="oreiasccp" type="15" sum="5"/>
<action no="2" player="OneLastGame" type="15" discard="1" dealt="1" sum="5"/>
<action no="3" player="kiki123" type="15" discard="1" dealt="1" sum="5"/>
<action no="4" player="oreiasccp" type="1" sum="20"/>
<action no="5" player="OneLastGame" type="2" discard="1" dealt="1" sum="40"/>
</round>
<round no="1"><cards type="Pocket" player="oreiasccp">CA SJ</cards>
<cards type="Pocket" player="kiki123">X X</cards>
<cards type="Pocket" player="OneLastGame">X X</cards>
<action no="6" player="kiki123" type="0" discard="1" dealt="1" sum="0"/>
<action no="7" player="oreiasccp" type="23" sum="467"/>
<action no="8" player="OneLastGame" type="0" discard="1" dealt="1" sum="0"/>
</round>
</game>
<game gamecode="11517014808"><general><startdate>2025-06-17 12:53:13</startdate>
<round>1</round>
<failsafecounter/>
<players><player seat="3" name="kiki123" chips="288" dealer="0" win="95" bet="288" muck="1" rebuy="0" addon="0" merge="0" rebuychips="0" reg_code="8385571125"/>
<player seat="6" name="oreiasccp" chips="522" dealer="1" win="0" bet="5" muck="1" rebuy="0" addon="0" merge="0" rebuychips="0" reg_code="8385571187"/>
<player seat="10" name="OneLastGame" chips="690" dealer="0" win="0" bet="45" muck="1" rebuy="0" addon="0" merge="0" rebuychips="0" reg_code="8385571240"/>
</players>
</general>
<round no="0"><action no="1" player="OneLastGame" type="15" discard="1" dealt="1" sum="5"/>
<action no="2" player="kiki123" type="15" discard="1" dealt="1" sum="5"/>
<action no="3" player="oreiasccp" type="15" sum="5"/>
<action no="4" player="OneLastGame" type="1" discard="1" dealt="1" sum="20"/>
<action no="5" player="kiki123" type="2" discard="1" dealt="1" sum="40"/>
</round>
<round no="1"><cards type="Pocket" player="oreiasccp">H2 DQ</cards>
<cards type="Pocket" player="kiki123">X X</cards>
<cards type="Pocket" player="OneLastGame">X X</cards>
<action no="6" player="oreiasccp" type="0" sum="0"/>
<action no="7" player="OneLastGame" type="3" discard="1" dealt="1" sum="20"/>
<action no="8" player="kiki123" type="23" discard="1" dealt="1" sum="283"/>
<action no="9" player="OneLastGame" type="0" discard="1" dealt="1" sum="0"/>
</round>
</game>
<game gamecode="11517014894"><general><startdate>2025-06-17 12:53:32</startdate>
<round>1</round>
<failsafecounter/>
<players><player seat="6" name="oreiasccp" chips="517" dealer="0" win="0" bet="45" muck="1" rebuy="0" addon="0" merge="0" rebuychips="0" reg_code="8385571187"/>
<player seat="10" name="OneLastGame" chips="645" dealer="1" win="0" bet="645" muck="0" rebuy="0" addon="0" merge="0" rebuychips="0" reg_code="8385571240"/>
<player seat="3" name="kiki123" chips="338" dealer="0" win="721" bet="338" muck="0" rebuy="0" addon="0" merge="0" rebuychips="0" reg_code="8385571125"/>
</players>
</general>
<round no="0"><action no="1" player="kiki123" type="15" discard="1" dealt="1" sum="5"/>
<action no="2" player="oreiasccp" type="15" sum="5"/>
<action no="3" player="OneLastGame" type="15" discard="1" dealt="1" sum="5"/>
<action no="4" player="kiki123" type="1" discard="1" dealt="1" sum="20"/>
<action no="5" player="oreiasccp" type="2" sum="40"/>
</round>
<round no="1"><cards type="Pocket" player="kiki123">DA SQ</cards>
<cards type="Pocket" player="OneLastGame">CJ SK</cards>
<cards type="Pocket" player="oreiasccp">DK H10</cards>
<action no="6" player="OneLastGame" type="23" discard="1" dealt="1" sum="640"/>
<action no="7" player="kiki123" type="7" discard="1" dealt="1" sum="313"/>
<action no="8" player="oreiasccp" type="0" sum="0"/>
</round>
<round no="2"><cards type="Flop">SJ C3 D4</cards>
</round>
<round no="3"><cards type="Turn">HA</cards>
</round>
<round no="4"><cards type="River">S5</cards>
</round>
</game>
<game gamecode="11517014991"><general><startdate>2025-06-17 12:53:51</startdate>
<round>1</round>
<failsafecounter/>
<players><player seat="10" name="OneLastGame" chips="307" dealer="0" win="0" bet="307" muck="0" rebuy="0" addon="0" merge="0" rebuychips="0" reg_code="8385571240"/>
<player seat="3" name="kiki123" chips="721" dealer="1" win="639" bet="307" muck="0" rebuy="0" addon="0" merge="0" rebuychips="0" reg_code="8385571125"/>
<player seat="6" name="oreiasccp" chips="472" dealer="0" win="0" bet="25" muck="1" rebuy="0" addon="0" merge="0" rebuychips="0" reg_code="8385571187"/>
</players>
</general>
<round no="0"><action no="1" player="oreiasccp" type="15" sum="5"/>
<action no="2" player="OneLastGame" type="15" discard="1" dealt="1" sum="5"/>
<action no="3" player="kiki123" type="15" discard="1" dealt="1" sum="5"/>
<action no="4" player="oreiasccp" type="1" sum="20"/>
<action no="5" player="OneLastGame" type="2" discard="1" dealt="1" sum="40"/>
</round>
<round no="1"><cards type="Pocket" player="kiki123">SQ S7</cards>
<cards type="Pocket" player="OneLastGame">C9 HA</cards>
<cards type="Pocket" player="oreiasccp">D2 CK</cards>
<action no="6" player="kiki123" type="3" discard="1" dealt="1" sum="40"/>
<action no="7" player="oreiasccp" type="0" sum="0"/>
<action no="8" player="OneLastGame" type="23" discard="1" dealt="1" sum="302"/>
<action no="9" player="kiki123" type="3" discard="1" dealt="1" sum="262"/>
</round>
<round no="2"><cards type="Flop">C7 C10 HJ</cards>
</round>
<round no="3"><cards type="Turn">SK</cards>
</round>
<round no="4"><cards type="River">C4</cards>
</round>
</game>
<game gamecode="11517015080"><general><startdate>2025-06-17 12:54:13</startdate>
<round>1</round>
<failsafecounter/>
<players><player seat="3" name="kiki123" chips="1,053" dealer="0" win="50" bet="45" muck="1" rebuy="0" addon="0" merge="0" rebuychips="0" reg_code="8385571125"/>
<player seat="6" name="oreiasccp" chips="447" dealer="1" win="0" bet="25" muck="1" rebuy="0" addon="0" merge="0" rebuychips="0" reg_code="8385571187"/>
</players>
</general>
<round no="0"><action no="1" player="oreiasccp" type="15" sum="5"/>
<action no="2" player="kiki123" type="15" discard="1" dealt="1" sum="5"/>
<action no="3" player="oreiasccp" type="1" sum="20"/>
<action no="4" player="kiki123" type="2" discard="1" dealt="1" sum="40"/>
</round>
<round no="1"><cards type="Pocket" player="kiki123">X X</cards>
<cards type="Pocket" player="oreiasccp">H5 D8</cards>
<action no="5" player="oreiasccp" type="0" sum="0"/>
</round>
</game>
<game gamecode="11517015120"><general><startdate>2025-06-17 12:54:21</startdate>
<round>1</round>
<failsafecounter/>
<players><player seat="6" name="oreiasccp" chips="422" dealer="0" win="844" bet="422" muck="0" rebuy="0" addon="0" merge="0" rebuychips="0" reg_code="8385571187"/>
<player seat="3" name="kiki123" chips="1,078" dealer="1" win="0" bet="1,078" muck="0" rebuy="0" addon="0" merge="0" rebuychips="0" reg_code="8385571125"/>
</players>
</general>
<round no="0"><action no="1" player="kiki123" type="15" discard="1" dealt="1" sum="5"/>
<action no="2" player="oreiasccp" type="15" sum="5"/>
<action no="3" player="kiki123" type="1" discard="1" dealt="1" sum="20"/>
<action no="4" player="oreiasccp" type="2" sum="40"/>
</round>
<round no="1"><cards type="Pocket" player="kiki123">HK S8</cards>
<cards type="Pocket" player="oreiasccp">DA CA</cards>
<action no="5" player="kiki123" type="3" discard="1" dealt="1" sum="20"/>
<action no="6" player="oreiasccp" type="23" sum="80"/>
<action no="7" player="kiki123" type="3" discard="1" dealt="1" sum="40"/>
</round>
<round no="2"><cards type="Flop">S5 SJ H4</cards>
<action no="8" player="oreiasccp" type="5" sum="40"/>
<action no="9" player="kiki123" type="3" discard="1" dealt="1" sum="40"/>
</round>
<round no="3"><cards type="Turn">CK</cards>
<action no="10" player="oreiasccp" type="5" sum="183"/>
<action no="11" player="kiki123" type="23" discard="1" dealt="1" sum="953"/>
<action no="12" player="oreiasccp" type="7" sum="114"/>
</round>
<round no="4"><cards type="River">S3</cards>
</round>
</game>
<game gamecode="11517015231"><general><startdate>2025-06-17 12:54:44</startdate>
<round>1</round>
<failsafecounter/>
<players><player seat="3" name="kiki123" chips="656" dealer="0" win="0" bet="85" muck="1" rebuy="0" addon="0" merge="0" rebuychips="0" reg_code="8385571125"/>
<player seat="6" name="oreiasccp" chips="844" dealer="1" win="170" bet="125" muck="1" rebuy="0" addon="0" merge="0" rebuychips="0" reg_code="8385571187"/>
</players>
</general>
<round no="0"><action no="1" player="oreiasccp" type="15" sum="5"/>
<action no="2" player="kiki123" type="15" discard="1" dealt="1" sum="5"/>
<action no="3" player="oreiasccp" type="1" sum="20"/>
<action no="4" player="kiki123" type="2" discard="1" dealt="1" sum="40"/>
</round>
<round no="1"><cards type="Pocket" player="kiki123">X X</cards>
<cards type="Pocket" player="oreiasccp">S4 C5</cards>
<action no="5" player="oreiasccp" type="3" sum="20"/>
<action no="6" player="kiki123" type="4" discard="1" dealt="1" sum="0"/>
</round>
<round no="2"><cards type="Flop">S5 H4 D3</cards>
<action no="7" player="kiki123" type="4" discard="1" dealt="1" sum="0"/>
<action no="8" player="oreiasccp" type="5" sum="40"/>
<action no="9" player="kiki123" type="3" discard="1" dealt="1" sum="40"/>
</round>
<round no="3"><cards type="Turn">H5</cards>
<action no="10" player="kiki123" type="4" discard="1" dealt="1" sum="0"/>
<action no="11" player="oreiasccp" type="5" sum="40"/>
<action no="12" player="kiki123" type="0" discard="1" dealt="1" sum="0"/>
</round>
</game>
<game gamecode="11517015307"><general><startdate>2025-06-17 12:55:01</startdate>
<round>1</round>
<failsafecounter/>
<players><player seat="6" name="oreiasccp" chips="929" dealer="0" win="0" bet="65" muck="1" rebuy="0" addon="0" merge="0" rebuychips="0" reg_code="8385571187"/>
<player seat="3" name="kiki123" chips="571" dealer="1" win="130" bet="125" muck="1" rebuy="0" addon="0" merge="0" rebuychips="0" reg_code="8385571125"/>
</players>
</general>
<round no="0"><action no="1" player="kiki123" type="15" discard="1" dealt="1" sum="5"/>
<action no="2" player="oreiasccp" type="15" sum="5"/>
<action no="3" player="kiki123" type="1" discard="1" dealt="1" sum="30"/>
<action no="4" player="oreiasccp" type="2" sum="60"/>
</round>
<round no="1"><cards type="Pocket" player="kiki123">X X</cards>
<cards type="Pocket" player="oreiasccp">S2 S6</cards>
<action no="5" player="kiki123" type="3" discard="1" dealt="1" sum="30"/>
<action no="6" player="oreiasccp" type="4" sum="0"/>
</round>
<round no="2"><cards type="Flop">DA H8 D8</cards>
<action no="7" player="oreiasccp" type="4" sum="0"/>
<action no="8" player="kiki123" type="5" discard="1" dealt="1" sum="60"/>
<action no="9" player="oreiasccp" type="0" sum="0"/>
</round>
</game>
<game gamecode="11517015371"><general><startdate>2025-06-17 12:55:16</startdate>
<round>1</round>
<failsafecounter/>
<players><player seat="3" name="kiki123" chips="636" dealer="0" win="500" bet="250" muck="0" rebuy="0" addon="0" merge="0" rebuychips="0" reg_code="8385571125"/>
<player seat="6" name="oreiasccp" chips="864" dealer="1" win="0" bet="250" muck="1" rebuy="0" addon="0" merge="0" rebuychips="0" reg_code="8385571187"/>
</players>
</general>
<round no="0"><action no="1" player="oreiasccp" type="15" sum="5"/>
<action no="2" player="kiki123" type="15" discard="1" dealt="1" sum="5"/>
<action no="3" player="oreiasccp" type="1" sum="30"/>
<action no="4" player="kiki123" type="2" discard="1" dealt="1" sum="60"/>
</round>
<round no="1"><cards type="Pocket" player="kiki123">H9 SJ</cards>
<cards type="Pocket" player="oreiasccp">C8 S9</cards>
<action no="5" player="oreiasccp" type="3" sum="30"/>
<action no="6" player="kiki123" type="4" discard="1" dealt="1" sum="0"/>
</round>
<round no="2"><cards type="Flop">C9 S2 HA</cards>
<action no="7" player="kiki123" type="4" discard="1" dealt="1" sum="0"/>
<action no="8" player="oreiasccp" type="5" sum="60"/>
<action no="9" player="kiki123" type="3" discard="1" dealt="1" sum="60"/>
</round>
<round no="3"><cards type="Turn">D5</cards>
<action no="10" player="kiki123" type="4" discard="1" dealt="1" sum="0"/>
<action no="11" player="oreiasccp" type="4" sum="0"/>
</round>
<round no="4"><cards type="River">SQ</cards>
<action no="12" player="kiki123" type="5" discard="1" dealt="1" sum="125"/>
<action no="13" player="oreiasccp" type="3" sum="125"/>
</round>
</game>
<game gamecode="11517015452"><general><startdate>2025-06-17 12:55:36</startdate>
<round>1</round>
<failsafecounter/>
<players><player seat="6" name="oreiasccp" chips="614" dealer="0" win="610" bet="305" muck="0" rebuy="0" addon="0" merge="0" rebuychips="0" reg_code="8385571187"/>
<player seat="3" name="kiki123" chips="886" dealer="1" win="0" bet="305" muck="1" rebuy="0" addon="0" merge="0" rebuychips="0" reg_code="8385571125"/>
</players>
</general>
<round no="0"><action no="1" player="kiki123" type="15" discard="1" dealt="1" sum="5"/>
<action no="2" player="oreiasccp" type="15" sum="5"/>
<action no="3" player="kiki123" type="1" discard="1" dealt="1" sum="30"/>
<action no="4" player="oreiasccp" type="2" sum="60"/>
</round>
<round no="1"><cards type="Pocket" player="kiki123">HQ C3</cards>
<cards type="Pocket" player="oreiasccp">C5 D2</cards>
<action no="5" player="kiki123" type="3" discard="1" dealt="1" sum="30"/>
<action no="6" player="oreiasccp" type="4" sum="0"/>
</round>
<round no="2"><cards type="Flop">S7 DK H5</cards>
<action no="7" player="oreiasccp" type="4" sum="0"/>
<action no="8" player="kiki123" type="4" discard="1" dealt="1" sum="0"/>
</round>
<round no="3"><cards type="Turn">S3</cards>
<action no="9" player="oreiasccp" type="4" sum="0"/>
<action no="10" player="kiki123" type="5" discard="1" dealt="1" sum="60"/>
<action no="11" player="oreiasccp" type="3" sum="60"/>
</round>
<round no="4"><cards type="River">C2</cards>
<action no="12" player="oreiasccp" type="4" sum="0"/>
<action no="13" player="kiki123" type="5" discard="1" dealt="1" sum="60"/>
<action no="14" player="oreiasccp" type="23" sum="180"/>
<action no="15" player="kiki123" type="3" discard="1" dealt="1" sum="120"/>
</round>
</game>
<game gamecode="11517015539"><general><startdate>2025-06-17 12:55:57</startdate>
<round>1</round>
<failsafecounter/>
<players><player seat="3" name="kiki123" chips="581" dealer="0" win="70" bet="65" muck="1" rebuy="0" addon="0" merge="0" rebuychips="0" reg_code="8385571125"/>
<player seat="6" name="oreiasccp" chips="919" dealer="1" win="0" bet="35" muck="1" rebuy="0" addon="0" merge="0" rebuychips="0" reg_code="8385571187"/>
</players>
</general>
<round no="0"><action no="1" player="oreiasccp" type="15" sum="5"/>
<action no="2" player="kiki123" type="15" discard="1" dealt="1" sum="5"/>
<action no="3" player="oreiasccp" type="1" sum="30"/>
<action no="4" player="kiki123" type="2" discard="1" dealt="1" sum="60"/>
</round>
<round no="1"><cards type="Pocket" player="kiki123">X X</cards>
<cards type="Pocket" player="oreiasccp">S4 HQ</cards>
<action no="5" player="oreiasccp" type="0" sum="0"/>
</round>
</game>
<game gamecode="11517015573"><general><startdate>2025-06-17 12:56:04</startdate>
<round>1</round>
<failsafecounter/>
<players><player seat="6" name="oreiasccp" chips="884" dealer="0" win="130" bet="245" muck="1" rebuy="0" addon="0" merge="0" rebuychips="0" reg_code="8385571187"/>
<player seat="3" name="kiki123" chips="616" dealer="1" win="0" bet="65" muck="1" rebuy="0" addon="0" merge="0" rebuychips="0" reg_code="8385571125"/>
</players>
</general>
<round no="0"><action no="1" player="kiki123" type="15" discard="1" dealt="1" sum="5"/>
<action no="2" player="oreiasccp" type="15" sum="5"/>
<action no="3" player="kiki123" type="1" discard="1" dealt="1" sum="30"/>
<action no="4" player="oreiasccp" type="2" sum="60"/>
</round>
<round no="1"><cards type="Pocket" player="oreiasccp">SA S7</cards>
<cards type="Pocket" player="kiki123">X X</cards>
<action no="5" player="kiki123" type="3" discard="1" dealt="1" sum="30"/>
<action no="6" player="oreiasccp" type="23" sum="240"/>
<action no="7" player="kiki123" type="0" discard="1" dealt="1" sum="0"/>
</round>
</game>
<game gamecode="11517015622"><general><startdate>2025-06-17 12:56:15</startdate>
<round>1</round>
<failsafecounter/>
<players><player seat="3" name="kiki123" chips="551" dealer="0" win="0" bet="65" muck="1" rebuy="0" addon="0" merge="0" rebuychips="0" reg_code="8385571125"/>
<player seat="6" name="oreiasccp" chips="949" dealer="1" win="130" bet="125" muck="1" rebuy="0" addon="0" merge="0" rebuychips="0" reg_code="8385571187"/>
</players>
</general>
<round no="0"><action no="1" player="oreiasccp" type="15" sum="5"/>
<action no="2" player="kiki123" type="15" discard="1" dealt="1" sum="5"/>
<action no="3" player="oreiasccp" type="1" sum="30"/>
<action no="4" player="kiki123" type="2" discard="1" dealt="1" sum="60"/>
</round>
<round no="1"><cards type="Pocket" player="oreiasccp">S6 C5</cards>
<cards type="Pocket" player="kiki123">X X</cards>
<action no="5" player="oreiasccp" type="3" sum="30"/>
<action no="6" player="kiki123" type="4" discard="1" dealt="1" sum="0"/>
</round>
<round no="2"><cards type="Flop">CJ C9 CQ</cards>
<action no="7" player="kiki123" type="4" discard="1" dealt="1" sum="0"/>
<action no="8" player="oreiasccp" type="5" sum="60"/>
<action no="9" player="kiki123" type="0" discard="1" dealt="1" sum="0"/>
</round>
</game>
<game gamecode="11517015718"><general><startdate>2025-06-17 12:56:35</startdate>
<round>1</round>
<failsafecounter/>
<players><player seat="6" name="oreiasccp" chips="1,014" dealer="0" win="130" bet="215" muck="1" rebuy="0" addon="0" merge="0" rebuychips="0" reg_code="8385571187"/>
<player seat="3" name="kiki123" chips="486" dealer="1" win="0" bet="65" muck="1" rebuy="0" addon="0" merge="0" rebuychips="0" reg_code="8385571125"/>
</players>
</general>
<round no="0"><action no="1" player="kiki123" type="15" discard="1" dealt="1" sum="5"/>
<action no="2" player="oreiasccp" type="15" sum="5"/>
<action no="3" player="kiki123" type="1" discard="1" dealt="1" sum="30"/>
<action no="4" player="oreiasccp" type="2" sum="60"/>
</round>
<round no="1"><cards type="Pocket" player="oreiasccp">SJ CQ</cards>
<cards type="Pocket" player="kiki123">X X</cards>
<action no="5" player="kiki123" type="3" discard="1" dealt="1" sum="30"/>
<action no="6" player="oreiasccp" type="23" sum="210"/>
<action no="7" player="kiki123" type="0" discard="1" dealt="1" sum="0"/>
</round>
</game>
<game gamecode="11517015789"><general><startdate>2025-06-17 12:56:49</startdate>
<round>1</round>
<failsafecounter/>
<players><player seat="3" name="kiki123" chips="421" dealer="0" win="0" bet="421" muck="0" rebuy="0" addon="0" merge="0" rebuychips="0" reg_code="8385571125"/>
<player seat="6" name="oreiasccp" chips="1,079" dealer="1" win="842" bet="421" muck="0" rebuy="0" addon="0" merge="0" rebuychips="0" reg_code="8385571187"/>
</players>
</general>
<round no="0"><action no="1" player="oreiasccp" type="15" sum="8"/>
<action no="2" player="kiki123" type="15" discard="1" dealt="1" sum="8"/>
<action no="3" player="oreiasccp" type="1" sum="40"/>
<action no="4" player="kiki123" type="2" discard="1" dealt="1" sum="80"/>
</round>
<round no="1"><cards type="Pocket" player="oreiasccp">S10 HK</cards>
<cards type="Pocket" player="kiki123">C7 C6</cards>
<action no="5" player="oreiasccp" type="23" sum="413"/>
<action no="6" player="kiki123" type="7" discard="1" dealt="1" sum="333"/>
</round>
<round no="2"><cards type="Flop">S2 S3 D9</cards>
</round>
<round no="3"><cards type="Turn">H10</cards>
</round>
<round no="4"><cards type="River">SJ</cards>
</round>
</game>
</session>
