<?xml version="1.0" encoding="UTF-8"?>
<session sessioncode="8386145775">
<general>
<client_version>24.7.1.16</client_version>
<mode>real</mode>
<gametype>Holdem NL</gametype>
<tablename>Twister €5 SNG, 1127752441</tablename>
<tournamentcode>1127752440</tournamentcode>
<tournamentname>Twister €5 SNG</tournamentname>
<buyin>€0 + €0.35 + €4.65</buyin>
<totalbuyin>€5</totalbuyin>
<rewarddrawn>€10</rewarddrawn>
<tournamentcurrency>EUR</tournamentcurrency>
<currency>EUR</currency>
<nickname>oreiasccp</nickname>
<gamecount>20</gamecount>
<startdate>2025-06-18 04:15:13</startdate>
<place>2</place>
<win>€0</win>
<tablesize>3</tablesize>
</general>
<game gamecode="11518595375"><general><startdate>2025-06-18 04:15:28</startdate>
<round>1</round>
<failsafecounter/>
<players><player seat="6" name="oreiasccp" chips="500" dealer="0" win="20" bet="20" muck="1" rebuy="0" addon="0" merge="0" rebuychips="0" reg_code="8386145775"/>
<player seat="10" name="xorox1" chips="500" dealer="1" win="0" bet="0" muck="1" rebuy="0" addon="0" merge="0" rebuychips="0" reg_code="8386145815"/>
<player seat="3" name="HakunaMatata1" chips="500" dealer="0" win="0" bet="10" muck="1" rebuy="0" addon="0" merge="0" rebuychips="0" reg_code="8386145763"/>
</players>
</general>
<round no="0"><action no="1" player="HakunaMatata1" type="1" discard="1" dealt="1" sum="10"/>
<action no="2" player="oreiasccp" type="2" sum="20"/>
</round>
<round no="1"><cards type="Pocket" player="HakunaMatata1">X X</cards>
<cards type="Pocket" player="xorox1">X X</cards>
<cards type="Pocket" player="oreiasccp">S7 HK</cards>
<action no="3" player="xorox1" type="0" discard="1" dealt="1" sum="0"/>
<action no="4" player="HakunaMatata1" type="0" discard="1" dealt="1" sum="0"/>
</round>
</game>
<game gamecode="11518595410"><general><startdate>2025-06-18 04:15:43</startdate>
<round>1</round>
<failsafecounter/>
<players><player seat="10" name="xorox1" chips="500" dealer="0" win="20" bet="20" muck="1" rebuy="0" addon="0" merge="0" rebuychips="0" reg_code="8386145815"/>
<player seat="3" name="HakunaMatata1" chips="490" dealer="1" win="0" bet="0" muck="1" rebuy="0" addon="0" merge="0" rebuychips="0" reg_code="8386145763"/>
<player seat="6" name="oreiasccp" chips="510" dealer="0" win="0" bet="10" muck="1" rebuy="0" addon="0" merge="0" rebuychips="0" reg_code="8386145775"/>
</players>
</general>
<round no="0"><action no="1" player="oreiasccp" type="1" sum="10"/>
<action no="2" player="xorox1" type="2" discard="1" dealt="1" sum="20"/>
</round>
<round no="1"><cards type="Pocket" player="xorox1">X X</cards>
<cards type="Pocket" player="oreiasccp">DJ S5</cards>
<cards type="Pocket" player="HakunaMatata1">X X</cards>
<action no="3" player="HakunaMatata1" type="0" discard="1" dealt="1" sum="0"/>
<action no="4" player="oreiasccp" type="0" sum="0"/>
</round>
</game>
<game gamecode="11518595452"><general><startdate>2025-06-18 04:15:57</startdate>
<round>1</round>
<failsafecounter/>
<players><player seat="3" name="HakunaMatata1" chips="490" dealer="0" win="0" bet="20" muck="1" rebuy="0" addon="0" merge="0" rebuychips="0" reg_code="8386145763"/>
<player seat="6" name="oreiasccp" chips="500" dealer="1" win="50" bet="40" muck="1" rebuy="0" addon="0" merge="0" rebuychips="0" reg_code="8386145775"/>
<player seat="10" name="xorox1" chips="510" dealer="0" win="0" bet="10" muck="1" rebuy="0" addon="0" merge="0" rebuychips="0" reg_code="8386145815"/>
</players>
</general>
<round no="0"><action no="1" player="xorox1" type="1" discard="1" dealt="1" sum="10"/>
<action no="2" player="HakunaMatata1" type="2" discard="1" dealt="1" sum="20"/>
</round>
<round no="1"><cards type="Pocket" player="oreiasccp">HJ CK</cards>
<cards type="Pocket" player="xorox1">X X</cards>
<cards type="Pocket" player="HakunaMatata1">X X</cards>
<action no="3" player="oreiasccp" type="23" sum="40"/>
<action no="4" player="xorox1" type="0" discard="1" dealt="1" sum="0"/>
<action no="5" player="HakunaMatata1" type="0" discard="1" dealt="1" sum="0"/>
</round>
</game>
<game gamecode="11518595525"><general><startdate>2025-06-18 04:16:19</startdate>
<round>1</round>
<failsafecounter/>
<players><player seat="6" name="oreiasccp" chips="530" dealer="0" win="120" bet="103" muck="1" rebuy="0" addon="0" merge="0" rebuychips="0" reg_code="8386145775"/>
<player seat="10" name="xorox1" chips="500" dealer="1" win="0" bet="0" muck="1" rebuy="0" addon="0" merge="0" rebuychips="0" reg_code="8386145815"/>
<player seat="3" name="HakunaMatata1" chips="470" dealer="0" win="0" bet="60" muck="1" rebuy="0" addon="0" merge="0" rebuychips="0" reg_code="8386145763"/>
</players>
</general>
<round no="0"><action no="1" player="HakunaMatata1" type="1" discard="1" dealt="1" sum="10"/>
<action no="2" player="oreiasccp" type="2" sum="20"/>
</round>
<round no="1"><cards type="Pocket" player="oreiasccp">C6 H9</cards>
<cards type="Pocket" player="xorox1">X X</cards>
<cards type="Pocket" player="HakunaMatata1">X X</cards>
<action no="3" player="xorox1" type="0" discard="1" dealt="1" sum="0"/>
<action no="4" player="HakunaMatata1" type="23" discard="1" dealt="1" sum="40"/>
<action no="5" player="oreiasccp" type="3" sum="20"/>
</round>
<round no="2"><cards type="Flop">D6 CA SA</cards>
<action no="6" player="HakunaMatata1" type="5" discard="1" dealt="1" sum="20"/>
<action no="7" player="oreiasccp" type="3" sum="20"/>
</round>
<round no="3"><cards type="Turn">S2</cards>
<action no="8" player="HakunaMatata1" type="4" discard="1" dealt="1" sum="0"/>
<action no="9" player="oreiasccp" type="5" sum="43"/>
<action no="10" player="HakunaMatata1" type="0" discard="1" dealt="1" sum="0"/>
</round>
</game>
<game gamecode="11518595677"><general><startdate>2025-06-18 04:17:12</startdate>
<round>1</round>
<failsafecounter/>
<players><player seat="10" name="xorox1" chips="500" dealer="0" win="120" bet="120" muck="1" rebuy="0" addon="0" merge="0" rebuychips="0" reg_code="8386145815"/>
<player seat="3" name="HakunaMatata1" chips="410" dealer="1" win="0" bet="0" muck="1" rebuy="0" addon="0" merge="0" rebuychips="0" reg_code="8386145763"/>
<player seat="6" name="oreiasccp" chips="590" dealer="0" win="0" bet="60" muck="1" rebuy="0" addon="0" merge="0" rebuychips="0" reg_code="8386145775"/>
</players>
</general>
<round no="0"><action no="1" player="oreiasccp" type="1" sum="10"/>
<action no="2" player="xorox1" type="2" discard="1" dealt="1" sum="20"/>
</round>
<round no="1"><cards type="Pocket" player="oreiasccp">HA D6</cards>
<cards type="Pocket" player="xorox1">X X</cards>
<cards type="Pocket" player="HakunaMatata1">X X</cards>
<action no="3" player="HakunaMatata1" type="0" discard="1" dealt="1" sum="0"/>
<action no="4" player="oreiasccp" type="23" sum="40"/>
<action no="5" player="xorox1" type="3" discard="1" dealt="1" sum="20"/>
</round>
<round no="2"><cards type="Flop">D10 HQ C2</cards>
<action no="6" player="oreiasccp" type="5" sum="20"/>
<action no="7" player="xorox1" type="23" discard="1" dealt="1" sum="80"/>
<action no="8" player="oreiasccp" type="0" sum="0"/>
</round>
</game>
<game gamecode="11518595770"><general><startdate>2025-06-18 04:17:45</startdate>
<round>1</round>
<failsafecounter/>
<players><player seat="3" name="HakunaMatata1" chips="410" dealer="0" win="0" bet="35" muck="1" rebuy="0" addon="0" merge="0" rebuychips="0" reg_code="8386145763"/>
<player seat="6" name="oreiasccp" chips="530" dealer="1" win="90" bet="65" muck="1" rebuy="0" addon="0" merge="0" rebuychips="0" reg_code="8386145775"/>
<player seat="10" name="xorox1" chips="560" dealer="0" win="0" bet="20" muck="1" rebuy="0" addon="0" merge="0" rebuychips="0" reg_code="8386145815"/>
</players>
</general>
<round no="0"><action no="1" player="xorox1" type="15" discard="1" dealt="1" sum="5"/>
<action no="2" player="HakunaMatata1" type="15" discard="1" dealt="1" sum="5"/>
<action no="3" player="oreiasccp" type="15" sum="5"/>
<action no="4" player="xorox1" type="1" discard="1" dealt="1" sum="15"/>
<action no="5" player="HakunaMatata1" type="2" discard="1" dealt="1" sum="30"/>
</round>
<round no="1"><cards type="Pocket" player="xorox1">X X</cards>
<cards type="Pocket" player="oreiasccp">CQ DJ</cards>
<cards type="Pocket" player="HakunaMatata1">X X</cards>
<action no="6" player="oreiasccp" type="23" sum="60"/>
<action no="7" player="xorox1" type="0" discard="1" dealt="1" sum="0"/>
<action no="8" player="HakunaMatata1" type="0" discard="1" dealt="1" sum="0"/>
</round>
</game>
<game gamecode="11518595806"><general><startdate>2025-06-18 04:17:58</startdate>
<round>1</round>
<failsafecounter/>
<players><player seat="6" name="oreiasccp" chips="585" dealer="0" win="0" bet="35" muck="1" rebuy="0" addon="0" merge="0" rebuychips="0" reg_code="8386145775"/>
<player seat="10" name="xorox1" chips="540" dealer="1" win="0" bet="65" muck="1" rebuy="0" addon="0" merge="0" rebuychips="0" reg_code="8386145815"/>
<player seat="3" name="HakunaMatata1" chips="375" dealer="0" win="165" bet="375" muck="1" rebuy="0" addon="0" merge="0" rebuychips="0" reg_code="8386145763"/>
</players>
</general>
<round no="0"><action no="1" player="HakunaMatata1" type="15" discard="1" dealt="1" sum="5"/>
<action no="2" player="oreiasccp" type="15" sum="5"/>
<action no="3" player="xorox1" type="15" discard="1" dealt="1" sum="5"/>
<action no="4" player="HakunaMatata1" type="1" discard="1" dealt="1" sum="15"/>
<action no="5" player="oreiasccp" type="2" sum="30"/>
</round>
<round no="1"><cards type="Pocket" player="oreiasccp">D4 D8</cards>
<cards type="Pocket" player="HakunaMatata1">X X</cards>
<cards type="Pocket" player="xorox1">X X</cards>
<action no="6" player="xorox1" type="23" discard="1" dealt="1" sum="60"/>
<action no="7" player="HakunaMatata1" type="23" discard="1" dealt="1" sum="370"/>
<action no="8" player="oreiasccp" type="0" sum="0"/>
<action no="9" player="xorox1" type="0" discard="1" dealt="1" sum="0"/>
</round>
</game>
<game gamecode="11518595867"><general><startdate>2025-06-18 04:18:18</startdate>
<round>1</round>
<failsafecounter/>
<players><player seat="10" name="xorox1" chips="475" dealer="0" win="45" bet="35" muck="1" rebuy="0" addon="0" merge="0" rebuychips="0" reg_code="8386145815"/>
<player seat="3" name="HakunaMatata1" chips="475" dealer="1" win="0" bet="5" muck="1" rebuy="0" addon="0" merge="0" rebuychips="0" reg_code="8386145763"/>
<player seat="6" name="oreiasccp" chips="550" dealer="0" win="0" bet="20" muck="1" rebuy="0" addon="0" merge="0" rebuychips="0" reg_code="8386145775"/>
</players>
</general>
<round no="0"><action no="1" player="oreiasccp" type="15" sum="5"/>
<action no="2" player="xorox1" type="15" discard="1" dealt="1" sum="5"/>
<action no="3" player="HakunaMatata1" type="15" discard="1" dealt="1" sum="5"/>
<action no="4" player="oreiasccp" type="1" sum="15"/>
<action no="5" player="xorox1" type="2" discard="1" dealt="1" sum="30"/>
</round>
<round no="1"><cards type="Pocket" player="HakunaMatata1">X X</cards>
<cards type="Pocket" player="xorox1">X X</cards>
<cards type="Pocket" player="oreiasccp">C6 H3</cards>
<action no="6" player="HakunaMatata1" type="0" discard="1" dealt="1" sum="0"/>
<action no="7" player="oreiasccp" type="0" sum="0"/>
</round>
</game>
<game gamecode="11518595898"><general><startdate>2025-06-18 04:18:27</startdate>
<round>1</round>
<failsafecounter/>
<players><player seat="3" name="HakunaMatata1" chips="470" dealer="0" win="45" bet="35" muck="1" rebuy="0" addon="0" merge="0" rebuychips="0" reg_code="8386145763"/>
<player seat="6" name="oreiasccp" chips="530" dealer="1" win="0" bet="5" muck="1" rebuy="0" addon="0" merge="0" rebuychips="0" reg_code="8386145775"/>
<player seat="10" name="xorox1" chips="500" dealer="0" win="0" bet="20" muck="1" rebuy="0" addon="0" merge="0" rebuychips="0" reg_code="8386145815"/>
</players>
</general>
<round no="0"><action no="1" player="xorox1" type="15" discard="1" dealt="1" sum="5"/>
<action no="2" player="HakunaMatata1" type="15" discard="1" dealt="1" sum="5"/>
<action no="3" player="oreiasccp" type="15" sum="5"/>
<action no="4" player="xorox1" type="1" discard="1" dealt="1" sum="15"/>
<action no="5" player="HakunaMatata1" type="2" discard="1" dealt="1" sum="30"/>
</round>
<round no="1"><cards type="Pocket" player="xorox1">X X</cards>
<cards type="Pocket" player="HakunaMatata1">X X</cards>
<cards type="Pocket" player="oreiasccp">C2 CJ</cards>
<action no="6" player="oreiasccp" type="0" sum="0"/>
<action no="7" player="xorox1" type="0" discard="1" dealt="1" sum="0"/>
</round>
</game>
<game gamecode="11518595926"><general><startdate>2025-06-18 04:18:37</startdate>
<round>1</round>
<failsafecounter/>
<players><player seat="6" name="oreiasccp" chips="525" dealer="0" win="45" bet="35" muck="1" rebuy="0" addon="0" merge="0" rebuychips="0" reg_code="8386145775"/>
<player seat="10" name="xorox1" chips="480" dealer="1" win="0" bet="5" muck="1" rebuy="0" addon="0" merge="0" rebuychips="0" reg_code="8386145815"/>
<player seat="3" name="HakunaMatata1" chips="495" dealer="0" win="0" bet="20" muck="1" rebuy="0" addon="0" merge="0" rebuychips="0" reg_code="8386145763"/>
</players>
</general>
<round no="0"><action no="1" player="HakunaMatata1" type="15" discard="1" dealt="1" sum="5"/>
<action no="2" player="oreiasccp" type="15" sum="5"/>
<action no="3" player="xorox1" type="15" discard="1" dealt="1" sum="5"/>
<action no="4" player="HakunaMatata1" type="1" discard="1" dealt="1" sum="15"/>
<action no="5" player="oreiasccp" type="2" sum="30"/>
</round>
<round no="1"><cards type="Pocket" player="oreiasccp">SJ D7</cards>
<cards type="Pocket" player="xorox1">X X</cards>
<cards type="Pocket" player="HakunaMatata1">X X</cards>
<action no="6" player="xorox1" type="0" discard="1" dealt="1" sum="0"/>
<action no="7" player="HakunaMatata1" type="0" discard="1" dealt="1" sum="0"/>
</round>
</game>
<game gamecode="11518595950"><general><startdate>2025-06-18 04:18:47</startdate>
<round>1</round>
<failsafecounter/>
<players><player seat="10" name="xorox1" chips="475" dealer="0" win="45" bet="35" muck="1" rebuy="0" addon="0" merge="0" rebuychips="0" reg_code="8386145815"/>
<player seat="3" name="HakunaMatata1" chips="475" dealer="1" win="0" bet="5" muck="1" rebuy="0" addon="0" merge="0" rebuychips="0" reg_code="8386145763"/>
<player seat="6" name="oreiasccp" chips="550" dealer="0" win="0" bet="20" muck="1" rebuy="0" addon="0" merge="0" rebuychips="0" reg_code="8386145775"/>
</players>
</general>
<round no="0"><action no="1" player="oreiasccp" type="15" sum="5"/>
<action no="2" player="xorox1" type="15" discard="1" dealt="1" sum="5"/>
<action no="3" player="HakunaMatata1" type="15" discard="1" dealt="1" sum="5"/>
<action no="4" player="oreiasccp" type="1" sum="15"/>
<action no="5" player="xorox1" type="2" discard="1" dealt="1" sum="30"/>
</round>
<round no="1"><cards type="Pocket" player="HakunaMatata1">X X</cards>
<cards type="Pocket" player="oreiasccp">S3 H6</cards>
<cards type="Pocket" player="xorox1">X X</cards>
<action no="6" player="HakunaMatata1" type="0" discard="1" dealt="1" sum="0"/>
<action no="7" player="oreiasccp" type="0" sum="0"/>
</round>
</game>
<game gamecode="11518595974"><general><startdate>2025-06-18 04:18:56</startdate>
<round>1</round>
<failsafecounter/>
<players><player seat="3" name="HakunaMatata1" chips="470" dealer="0" win="45" bet="35" muck="1" rebuy="0" addon="0" merge="0" rebuychips="0" reg_code="8386145763"/>
<player seat="6" name="oreiasccp" chips="530" dealer="1" win="0" bet="5" muck="1" rebuy="0" addon="0" merge="0" rebuychips="0" reg_code="8386145775"/>
<player seat="10" name="xorox1" chips="500" dealer="0" win="0" bet="20" muck="1" rebuy="0" addon="0" merge="0" rebuychips="0" reg_code="8386145815"/>
</players>
</general>
<round no="0"><action no="1" player="xorox1" type="15" discard="1" dealt="1" sum="5"/>
<action no="2" player="HakunaMatata1" type="15" discard="1" dealt="1" sum="5"/>
<action no="3" player="oreiasccp" type="15" sum="5"/>
<action no="4" player="xorox1" type="1" discard="1" dealt="1" sum="15"/>
<action no="5" player="HakunaMatata1" type="2" discard="1" dealt="1" sum="30"/>
</round>
<round no="1"><cards type="Pocket" player="HakunaMatata1">X X</cards>
<cards type="Pocket" player="xorox1">X X</cards>
<cards type="Pocket" player="oreiasccp">D3 S8</cards>
<action no="6" player="oreiasccp" type="0" sum="0"/>
<action no="7" player="xorox1" type="0" discard="1" dealt="1" sum="0"/>
</round>
</game>
<game gamecode="11518596008"><general><startdate>2025-06-18 04:19:10</startdate>
<round>1</round>
<failsafecounter/>
<players><player seat="6" name="oreiasccp" chips="525" dealer="0" win="0" bet="65" muck="1" rebuy="0" addon="0" merge="0" rebuychips="0" reg_code="8386145775"/>
<player seat="10" name="xorox1" chips="480" dealer="1" win="150" bet="170" muck="1" rebuy="0" addon="0" merge="0" rebuychips="0" reg_code="8386145815"/>
<player seat="3" name="HakunaMatata1" chips="495" dealer="0" win="0" bet="20" muck="1" rebuy="0" addon="0" merge="0" rebuychips="0" reg_code="8386145763"/>
</players>
</general>
<round no="0"><action no="1" player="HakunaMatata1" type="15" discard="1" dealt="1" sum="5"/>
<action no="2" player="oreiasccp" type="15" sum="5"/>
<action no="3" player="xorox1" type="15" discard="1" dealt="1" sum="5"/>
<action no="4" player="HakunaMatata1" type="1" discard="1" dealt="1" sum="15"/>
<action no="5" player="oreiasccp" type="2" sum="30"/>
</round>
<round no="1"><cards type="Pocket" player="xorox1">X X</cards>
<cards type="Pocket" player="oreiasccp">C10 C2</cards>
<cards type="Pocket" player="HakunaMatata1">X X</cards>
<action no="6" player="xorox1" type="23" discard="1" dealt="1" sum="60"/>
<action no="7" player="HakunaMatata1" type="0" discard="1" dealt="1" sum="0"/>
<action no="8" player="oreiasccp" type="3" sum="30"/>
</round>
<round no="2"><cards type="Flop">H7 C3 S5</cards>
<action no="9" player="oreiasccp" type="4" sum="0"/>
<action no="10" player="xorox1" type="4" discard="1" dealt="1" sum="0"/>
</round>
<round no="3"><cards type="Turn">DA</cards>
<action no="11" player="oreiasccp" type="4" sum="0"/>
<action no="12" player="xorox1" type="5" discard="1" dealt="1" sum="105"/>
<action no="13" player="oreiasccp" type="0" sum="0"/>
</round>
</game>
<game gamecode="11518596119"><general><startdate>2025-06-18 04:19:50</startdate>
<round>1</round>
<failsafecounter/>
<players><player seat="10" name="xorox1" chips="565" dealer="0" win="975" bet="475" muck="0" rebuy="0" addon="0" merge="0" rebuychips="0" reg_code="8386145815"/>
<player seat="3" name="HakunaMatata1" chips="475" dealer="1" win="0" bet="475" muck="0" rebuy="0" addon="0" merge="0" rebuychips="0" reg_code="8386145763"/>
<player seat="6" name="oreiasccp" chips="460" dealer="0" win="0" bet="25" muck="1" rebuy="0" addon="0" merge="0" rebuychips="0" reg_code="8386145775"/>
</players>
</general>
<round no="0"><action no="1" player="oreiasccp" type="15" sum="5"/>
<action no="2" player="xorox1" type="15" discard="1" dealt="1" sum="5"/>
<action no="3" player="HakunaMatata1" type="15" discard="1" dealt="1" sum="5"/>
<action no="4" player="oreiasccp" type="1" sum="20"/>
<action no="5" player="xorox1" type="2" discard="1" dealt="1" sum="40"/>
</round>
<round no="1"><cards type="Pocket" player="HakunaMatata1">CA C8</cards>
<cards type="Pocket" player="xorox1">SA HA</cards>
<cards type="Pocket" player="oreiasccp">CJ C2</cards>
<action no="6" player="HakunaMatata1" type="23" discard="1" dealt="1" sum="470"/>
<action no="7" player="oreiasccp" type="0" sum="0"/>
<action no="8" player="xorox1" type="3" discard="1" dealt="1" sum="430"/>
</round>
<round no="2"><cards type="Flop">CK S7 C5</cards>
</round>
<round no="3"><cards type="Turn">SQ</cards>
</round>
<round no="4"><cards type="River">D6</cards>
</round>
</game>
<game gamecode="11518596200"><general><startdate>2025-06-18 04:20:16</startdate>
<round>1</round>
<failsafecounter/>
<players><player seat="10" name="xorox1" chips="1,065" dealer="0" win="0" bet="45" muck="1" rebuy="0" addon="0" merge="0" rebuychips="0" reg_code="8386145815"/>
<player seat="6" name="oreiasccp" chips="435" dealer="1" win="90" bet="435" muck="1" rebuy="0" addon="0" merge="0" rebuychips="0" reg_code="8386145775"/>
</players>
</general>
<round no="0"><action no="1" player="oreiasccp" type="15" sum="5"/>
<action no="2" player="xorox1" type="15" discard="1" dealt="1" sum="5"/>
<action no="3" player="oreiasccp" type="1" sum="20"/>
<action no="4" player="xorox1" type="2" discard="1" dealt="1" sum="40"/>
</round>
<round no="1"><cards type="Pocket" player="xorox1">X X</cards>
<cards type="Pocket" player="oreiasccp">DA HQ</cards>
<action no="5" player="oreiasccp" type="23" sum="430"/>
<action no="6" player="xorox1" type="0" discard="1" dealt="1" sum="0"/>
</round>
</game>
<game gamecode="11518596221"><general><startdate>2025-06-18 04:20:24</startdate>
<round>1</round>
<failsafecounter/>
<players><player seat="6" name="oreiasccp" chips="480" dealer="0" win="210" bet="480" muck="1" rebuy="0" addon="0" merge="0" rebuychips="0" reg_code="8386145775"/>
<player seat="10" name="xorox1" chips="1,020" dealer="1" win="0" bet="105" muck="1" rebuy="0" addon="0" merge="0" rebuychips="0" reg_code="8386145815"/>
</players>
</general>
<round no="0"><action no="1" player="xorox1" type="15" discard="1" dealt="1" sum="5"/>
<action no="2" player="oreiasccp" type="15" sum="5"/>
<action no="3" player="xorox1" type="1" discard="1" dealt="1" sum="20"/>
<action no="4" player="oreiasccp" type="2" sum="40"/>
</round>
<round no="1"><cards type="Pocket" player="xorox1">X X</cards>
<cards type="Pocket" player="oreiasccp">SA S3</cards>
<action no="5" player="xorox1" type="23" discard="1" dealt="1" sum="100"/>
<action no="6" player="oreiasccp" type="23" sum="475"/>
<action no="7" player="xorox1" type="0" discard="1" dealt="1" sum="0"/>
</round>
</game>
<game gamecode="11518596288"><general><startdate>2025-06-18 04:20:46</startdate>
<round>1</round>
<failsafecounter/>
<players><player seat="10" name="xorox1" chips="915" dealer="0" win="340" bet="610" muck="1" rebuy="0" addon="0" merge="0" rebuychips="0" reg_code="8386145815"/>
<player seat="6" name="oreiasccp" chips="585" dealer="1" win="0" bet="170" muck="1" rebuy="0" addon="0" merge="0" rebuychips="0" reg_code="8386145775"/>
</players>
</general>
<round no="0"><action no="1" player="oreiasccp" type="15" sum="5"/>
<action no="2" player="xorox1" type="15" discard="1" dealt="1" sum="5"/>
<action no="3" player="oreiasccp" type="1" sum="20"/>
<action no="4" player="xorox1" type="2" discard="1" dealt="1" sum="40"/>
</round>
<round no="1"><cards type="Pocket" player="xorox1">X X</cards>
<cards type="Pocket" player="oreiasccp">S10 C10</cards>
<action no="5" player="oreiasccp" type="3" sum="20"/>
<action no="6" player="xorox1" type="4" discard="1" dealt="1" sum="0"/>
</round>
<round no="2"><cards type="Flop">DK D9 D7</cards>
<action no="7" player="xorox1" type="4" discard="1" dealt="1" sum="0"/>
<action no="8" player="oreiasccp" type="5" sum="40"/>
<action no="9" player="xorox1" type="3" discard="1" dealt="1" sum="40"/>
</round>
<round no="3"><cards type="Turn">H9</cards>
<action no="10" player="xorox1" type="5" discard="1" dealt="1" sum="85"/>
<action no="11" player="oreiasccp" type="3" sum="85"/>
</round>
<round no="4"><cards type="River">S8</cards>
<action no="12" player="xorox1" type="5" discard="1" dealt="1" sum="440"/>
<action no="13" player="oreiasccp" type="0" sum="0"/>
</round>
</game>
<game gamecode="11518596402"><general><startdate>2025-06-18 04:21:26</startdate>
<round>1</round>
<failsafecounter/>
<players><player seat="6" name="oreiasccp" chips="415" dealer="0" win="0" bet="65" muck="1" rebuy="0" addon="0" merge="0" rebuychips="0" reg_code="8386145775"/>
<player seat="10" name="xorox1" chips="1,085" dealer="1" win="130" bet="1,085" muck="1" rebuy="0" addon="0" merge="0" rebuychips="0" reg_code="8386145815"/>
</players>
</general>
<round no="0"><action no="1" player="xorox1" type="15" discard="1" dealt="1" sum="5"/>
<action no="2" player="oreiasccp" type="15" sum="5"/>
<action no="3" player="xorox1" type="1" discard="1" dealt="1" sum="30"/>
<action no="4" player="oreiasccp" type="2" sum="60"/>
</round>
<round no="1"><cards type="Pocket" player="xorox1">X X</cards>
<cards type="Pocket" player="oreiasccp">H4 H10</cards>
<action no="5" player="xorox1" type="23" discard="1" dealt="1" sum="1,080"/>
<action no="6" player="oreiasccp" type="0" sum="0"/>
</round>
</game>
<game gamecode="11518596443"><general><startdate>2025-06-18 04:21:41</startdate>
<round>1</round>
<failsafecounter/>
<players><player seat="10" name="xorox1" chips="1,150" dealer="0" win="0" bet="350" muck="1" rebuy="0" addon="0" merge="0" rebuychips="0" reg_code="8386145815"/>
<player seat="6" name="oreiasccp" chips="350" dealer="1" win="700" bet="350" muck="0" rebuy="0" addon="0" merge="0" rebuychips="0" reg_code="8386145775"/>
</players>
</general>
<round no="0"><action no="1" player="oreiasccp" type="15" sum="5"/>
<action no="2" player="xorox1" type="15" discard="1" dealt="1" sum="5"/>
<action no="3" player="oreiasccp" type="1" sum="30"/>
<action no="4" player="xorox1" type="2" discard="1" dealt="1" sum="60"/>
</round>
<round no="1"><cards type="Pocket" player="oreiasccp">H5 H7</cards>
<cards type="Pocket" player="xorox1">DQ C9</cards>
<action no="5" player="oreiasccp" type="23" sum="345"/>
<action no="6" player="xorox1" type="3" discard="1" dealt="1" sum="285"/>
</round>
<round no="2"><cards type="Flop">C8 H10 S9</cards>
</round>
<round no="3"><cards type="Turn">C6</cards>
</round>
<round no="4"><cards type="River">H8</cards>
</round>
</game>
<game gamecode="11518596491"><general><startdate>2025-06-18 04:22:00</startdate>
<round>1</round>
<failsafecounter/>
<players><player seat="6" name="oreiasccp" chips="700" dealer="0" win="0" bet="700" muck="0" rebuy="0" addon="0" merge="0" rebuychips="0" reg_code="8386145775"/>
<player seat="10" name="xorox1" chips="800" dealer="1" win="1,400" bet="800" muck="0" rebuy="0" addon="0" merge="0" rebuychips="0" reg_code="8386145815"/>
</players>
</general>
<round no="0"><action no="1" player="xorox1" type="15" discard="1" dealt="1" sum="5"/>
<action no="2" player="oreiasccp" type="15" sum="5"/>
<action no="3" player="xorox1" type="1" discard="1" dealt="1" sum="30"/>
<action no="4" player="oreiasccp" type="2" sum="60"/>
</round>
<round no="1"><cards type="Pocket" player="oreiasccp">DQ H10</cards>
<cards type="Pocket" player="xorox1">SK HJ</cards>
<action no="5" player="xorox1" type="3" discard="1" dealt="1" sum="30"/>
<action no="6" player="oreiasccp" type="23" sum="240"/>
<action no="7" player="xorox1" type="23" discard="1" dealt="1" sum="795"/>
<action no="8" player="oreiasccp" type="7" sum="455"/>
</round>
<round no="2"><cards type="Flop">H4 DA S7</cards>
</round>
<round no="3"><cards type="Turn">C5</cards>
</round>
<round no="4"><cards type="River">D7</cards>
</round>
</game>
</session>
