<?xml version="1.0" encoding="UTF-8"?>
<session sessioncode="8384806727">
<general>
<client_version>24.7.1.16</client_version>
<mode>real</mode>
<gametype>Holdem NL</gametype>
<tablename>Twister €5 SNG, 1127557373</tablename>
<tournamentcode>1127557372</tournamentcode>
<tournamentname>Twister €5 SNG</tournamentname>
<buyin>€0 + €0.35 + €4.65</buyin>
<totalbuyin>€5</totalbuyin>
<rewarddrawn>€10</rewarddrawn>
<tournamentcurrency>EUR</tournamentcurrency>
<currency>EUR</currency>
<nickname>oreiasccp</nickname>
<gamecount>21</gamecount>
<startdate>2025-06-16 05:28:27</startdate>
<place>3</place>
<win>€0</win>
<tablesize>3</tablesize>
</general>
<game gamecode="11514730033"><general><startdate>2025-06-16 05:28:43</startdate>
<round>1</round>
<failsafecounter/>
<players><player seat="3" name="mojorisin6" chips="500" dealer="0" win="20" bet="20" muck="1" rebuy="0" addon="0" merge="0" rebuychips="0" reg_code="8384806528"/>
<player seat="6" name="Tibi810812" chips="500" dealer="1" win="0" bet="0" muck="1" rebuy="0" addon="0" merge="0" rebuychips="0" reg_code="8384806722"/>
<player seat="10" name="oreiasccp" chips="500" dealer="0" win="0" bet="10" muck="1" rebuy="0" addon="0" merge="0" rebuychips="0" reg_code="8384806727"/>
</players>
</general>
<round no="0"><action no="1" player="oreiasccp" type="1" sum="10"/>
<action no="2" player="mojorisin6" type="2" discard="1" dealt="1" sum="20"/>
</round>
<round no="1"><cards type="Pocket" player="oreiasccp">H6 DJ</cards>
<cards type="Pocket" player="mojorisin6">X X</cards>
<cards type="Pocket" player="Tibi810812">X X</cards>
<action no="3" player="Tibi810812" type="0" discard="1" dealt="1" sum="0"/>
<action no="4" player="oreiasccp" type="0" sum="0"/>
</round>
</game>
<game gamecode="11514730081"><general><startdate>2025-06-16 05:29:08</startdate>
<round>1</round>
<failsafecounter/>
<players><player seat="6" name="Tibi810812" chips="500" dealer="0" win="0" bet="20" muck="1" rebuy="0" addon="0" merge="0" rebuychips="0" reg_code="8384806722"/>
<player seat="10" name="oreiasccp" chips="490" dealer="1" win="50" bet="40" muck="1" rebuy="0" addon="0" merge="0" rebuychips="0" reg_code="8384806727"/>
<player seat="3" name="mojorisin6" chips="510" dealer="0" win="0" bet="10" muck="1" rebuy="0" addon="0" merge="0" rebuychips="0" reg_code="8384806528"/>
</players>
</general>
<round no="0"><action no="1" player="mojorisin6" type="1" discard="1" dealt="1" sum="10"/>
<action no="2" player="Tibi810812" type="2" discard="1" dealt="1" sum="20"/>
</round>
<round no="1"><cards type="Pocket" player="oreiasccp">C10 CJ</cards>
<cards type="Pocket" player="Tibi810812">X X</cards>
<cards type="Pocket" player="mojorisin6">X X</cards>
<action no="3" player="oreiasccp" type="23" sum="40"/>
<action no="4" player="mojorisin6" type="0" discard="1" dealt="1" sum="0"/>
<action no="5" player="Tibi810812" type="0" discard="1" dealt="1" sum="0"/>
</round>
</game>
<game gamecode="11514730120"><general><startdate>2025-06-16 05:29:27</startdate>
<round>1</round>
<failsafecounter/>
<players><player seat="10" name="oreiasccp" chips="520" dealer="0" win="20" bet="20" muck="1" rebuy="0" addon="0" merge="0" rebuychips="0" reg_code="8384806727"/>
<player seat="3" name="mojorisin6" chips="500" dealer="1" win="0" bet="0" muck="1" rebuy="0" addon="0" merge="0" rebuychips="0" reg_code="8384806528"/>
<player seat="6" name="Tibi810812" chips="480" dealer="0" win="0" bet="10" muck="1" rebuy="0" addon="0" merge="0" rebuychips="0" reg_code="8384806722"/>
</players>
</general>
<round no="0"><action no="1" player="Tibi810812" type="1" discard="1" dealt="1" sum="10"/>
<action no="2" player="oreiasccp" type="2" sum="20"/>
</round>
<round no="1"><cards type="Pocket" player="Tibi810812">X X</cards>
<cards type="Pocket" player="oreiasccp">H4 HQ</cards>
<cards type="Pocket" player="mojorisin6">X X</cards>
<action no="3" player="mojorisin6" type="0" discard="1" dealt="1" sum="0"/>
<action no="4" player="Tibi810812" type="0" discard="1" dealt="1" sum="0"/>
</round>
</game>
<game gamecode="11514730141"><general><startdate>2025-06-16 05:29:39</startdate>
<round>1</round>
<failsafecounter/>
<players><player seat="3" name="mojorisin6" chips="500" dealer="0" win="0" bet="20" muck="1" rebuy="0" addon="0" merge="0" rebuychips="0" reg_code="8384806528"/>
<player seat="6" name="Tibi810812" chips="470" dealer="1" win="50" bet="40" muck="1" rebuy="0" addon="0" merge="0" rebuychips="0" reg_code="8384806722"/>
<player seat="10" name="oreiasccp" chips="530" dealer="0" win="0" bet="10" muck="1" rebuy="0" addon="0" merge="0" rebuychips="0" reg_code="8384806727"/>
</players>
</general>
<round no="0"><action no="1" player="oreiasccp" type="1" sum="10"/>
<action no="2" player="mojorisin6" type="2" discard="1" dealt="1" sum="20"/>
</round>
<round no="1"><cards type="Pocket" player="mojorisin6">X X</cards>
<cards type="Pocket" player="Tibi810812">X X</cards>
<cards type="Pocket" player="oreiasccp">S3 H2</cards>
<action no="3" player="Tibi810812" type="23" discard="1" dealt="1" sum="40"/>
<action no="4" player="oreiasccp" type="0" sum="0"/>
<action no="5" player="mojorisin6" type="0" discard="1" dealt="1" sum="0"/>
</round>
</game>
<game gamecode="11514730179"><general><startdate>2025-06-16 05:30:00</startdate>
<round>1</round>
<failsafecounter/>
<players><player seat="6" name="Tibi810812" chips="500" dealer="0" win="130" bet="60" muck="0" rebuy="0" addon="0" merge="0" rebuychips="0" reg_code="8384806722"/>
<player seat="10" name="oreiasccp" chips="520" dealer="1" win="0" bet="60" muck="1" rebuy="0" addon="0" merge="0" rebuychips="0" reg_code="8384806727"/>
<player seat="3" name="mojorisin6" chips="480" dealer="0" win="0" bet="10" muck="1" rebuy="0" addon="0" merge="0" rebuychips="0" reg_code="8384806528"/>
</players>
</general>
<round no="0"><action no="1" player="mojorisin6" type="1" discard="1" dealt="1" sum="10"/>
<action no="2" player="Tibi810812" type="2" discard="1" dealt="1" sum="20"/>
</round>
<round no="1"><cards type="Pocket" player="oreiasccp">DJ CA</cards>
<cards type="Pocket" player="Tibi810812">S2 HK</cards>
<cards type="Pocket" player="mojorisin6">X X</cards>
<action no="3" player="oreiasccp" type="23" sum="40"/>
<action no="4" player="mojorisin6" type="0" discard="1" dealt="1" sum="0"/>
<action no="5" player="Tibi810812" type="3" discard="1" dealt="1" sum="20"/>
</round>
<round no="2"><cards type="Flop">CQ CJ DK</cards>
<action no="6" player="Tibi810812" type="4" discard="1" dealt="1" sum="0"/>
<action no="7" player="oreiasccp" type="5" sum="20"/>
<action no="8" player="Tibi810812" type="3" discard="1" dealt="1" sum="20"/>
</round>
<round no="3"><cards type="Turn">C6</cards>
<action no="9" player="Tibi810812" type="4" discard="1" dealt="1" sum="0"/>
<action no="10" player="oreiasccp" type="4" sum="0"/>
</round>
<round no="4"><cards type="River">SQ</cards>
<action no="11" player="Tibi810812" type="4" discard="1" dealt="1" sum="0"/>
<action no="12" player="oreiasccp" type="4" sum="0"/>
</round>
</game>
<game gamecode="11514730239"><general><startdate>2025-06-16 05:30:32</startdate>
<round>1</round>
<failsafecounter/>
<players><player seat="10" name="oreiasccp" chips="460" dealer="0" win="0" bet="20" muck="1" rebuy="0" addon="0" merge="0" rebuychips="0" reg_code="8384806727"/>
<player seat="3" name="mojorisin6" chips="470" dealer="1" win="480" bet="470" muck="0" rebuy="0" addon="0" merge="0" rebuychips="0" reg_code="8384806528"/>
<player seat="6" name="Tibi810812" chips="570" dealer="0" win="480" bet="570" muck="0" rebuy="0" addon="0" merge="0" rebuychips="0" reg_code="8384806722"/>
</players>
</general>
<round no="0"><action no="1" player="Tibi810812" type="1" discard="1" dealt="1" sum="10"/>
<action no="2" player="oreiasccp" type="2" sum="20"/>
</round>
<round no="1"><cards type="Pocket" player="mojorisin6">D10 HA</cards>
<cards type="Pocket" player="oreiasccp">H6 S9</cards>
<cards type="Pocket" player="Tibi810812">C10 H10</cards>
<action no="3" player="mojorisin6" type="23" discard="1" dealt="1" sum="40"/>
<action no="4" player="Tibi810812" type="23" discard="1" dealt="1" sum="570"/>
<action no="5" player="oreiasccp" type="0" sum="0"/>
<action no="6" player="mojorisin6" type="7" discard="1" dealt="1" sum="430"/>
</round>
<round no="2"><cards type="Flop">C8 SQ DJ</cards>
</round>
<round no="3"><cards type="Turn">C9</cards>
</round>
<round no="4"><cards type="River">S10</cards>
</round>
</game>
<game gamecode="11514730293"><general><startdate>2025-06-16 05:31:00</startdate>
<round>1</round>
<failsafecounter/>
<players><player seat="3" name="mojorisin6" chips="480" dealer="0" win="45" bet="35" muck="1" rebuy="0" addon="0" merge="0" rebuychips="0" reg_code="8384806528"/>
<player seat="6" name="Tibi810812" chips="580" dealer="1" win="0" bet="5" muck="1" rebuy="0" addon="0" merge="0" rebuychips="0" reg_code="8384806722"/>
<player seat="10" name="oreiasccp" chips="440" dealer="0" win="0" bet="20" muck="1" rebuy="0" addon="0" merge="0" rebuychips="0" reg_code="8384806727"/>
</players>
</general>
<round no="0"><action no="1" player="oreiasccp" type="15" sum="5"/>
<action no="2" player="mojorisin6" type="15" discard="1" dealt="1" sum="5"/>
<action no="3" player="Tibi810812" type="15" discard="1" dealt="1" sum="5"/>
<action no="4" player="oreiasccp" type="1" sum="15"/>
<action no="5" player="mojorisin6" type="2" discard="1" dealt="1" sum="30"/>
</round>
<round no="1"><cards type="Pocket" player="Tibi810812">X X</cards>
<cards type="Pocket" player="mojorisin6">X X</cards>
<cards type="Pocket" player="oreiasccp">C3 D2</cards>
<action no="6" player="Tibi810812" type="0" discard="1" dealt="1" sum="0"/>
<action no="7" player="oreiasccp" type="0" sum="0"/>
</round>
</game>
<game gamecode="11514730330"><general><startdate>2025-06-16 05:31:15</startdate>
<round>1</round>
<failsafecounter/>
<players><player seat="6" name="Tibi810812" chips="575" dealer="0" win="45" bet="35" muck="1" rebuy="0" addon="0" merge="0" rebuychips="0" reg_code="8384806722"/>
<player seat="10" name="oreiasccp" chips="420" dealer="1" win="0" bet="5" muck="1" rebuy="0" addon="0" merge="0" rebuychips="0" reg_code="8384806727"/>
<player seat="3" name="mojorisin6" chips="505" dealer="0" win="0" bet="20" muck="1" rebuy="0" addon="0" merge="0" rebuychips="0" reg_code="8384806528"/>
</players>
</general>
<round no="0"><action no="1" player="mojorisin6" type="15" discard="1" dealt="1" sum="5"/>
<action no="2" player="Tibi810812" type="15" discard="1" dealt="1" sum="5"/>
<action no="3" player="oreiasccp" type="15" sum="5"/>
<action no="4" player="mojorisin6" type="1" discard="1" dealt="1" sum="15"/>
<action no="5" player="Tibi810812" type="2" discard="1" dealt="1" sum="30"/>
</round>
<round no="1"><cards type="Pocket" player="mojorisin6">X X</cards>
<cards type="Pocket" player="Tibi810812">X X</cards>
<cards type="Pocket" player="oreiasccp">H5 DQ</cards>
<action no="6" player="oreiasccp" type="0" sum="0"/>
<action no="7" player="mojorisin6" type="0" discard="1" dealt="1" sum="0"/>
</round>
</game>
<game gamecode="11514730355"><general><startdate>2025-06-16 05:31:26</startdate>
<round>1</round>
<failsafecounter/>
<players><player seat="10" name="oreiasccp" chips="415" dealer="0" win="0" bet="35" muck="1" rebuy="0" addon="0" merge="0" rebuychips="0" reg_code="8384806727"/>
<player seat="3" name="mojorisin6" chips="485" dealer="1" win="0" bet="5" muck="1" rebuy="0" addon="0" merge="0" rebuychips="0" reg_code="8384806528"/>
<player seat="6" name="Tibi810812" chips="600" dealer="0" win="75" bet="65" muck="1" rebuy="0" addon="0" merge="0" rebuychips="0" reg_code="8384806722"/>
</players>
</general>
<round no="0"><action no="1" player="Tibi810812" type="15" discard="1" dealt="1" sum="5"/>
<action no="2" player="oreiasccp" type="15" sum="5"/>
<action no="3" player="mojorisin6" type="15" discard="1" dealt="1" sum="5"/>
<action no="4" player="Tibi810812" type="1" discard="1" dealt="1" sum="15"/>
<action no="5" player="oreiasccp" type="2" sum="30"/>
</round>
<round no="1"><cards type="Pocket" player="Tibi810812">X X</cards>
<cards type="Pocket" player="mojorisin6">X X</cards>
<cards type="Pocket" player="oreiasccp">C2 D4</cards>
<action no="6" player="mojorisin6" type="0" discard="1" dealt="1" sum="0"/>
<action no="7" player="Tibi810812" type="3" discard="1" dealt="1" sum="15"/>
<action no="8" player="oreiasccp" type="4" sum="0"/>
</round>
<round no="2"><cards type="Flop">HJ C10 HQ</cards>
<action no="9" player="Tibi810812" type="5" discard="1" dealt="1" sum="30"/>
<action no="10" player="oreiasccp" type="0" sum="0"/>
</round>
</game>
<game gamecode="11514730397"><general><startdate>2025-06-16 05:31:47</startdate>
<round>1</round>
<failsafecounter/>
<players><player seat="3" name="mojorisin6" chips="480" dealer="0" win="980" bet="480" muck="0" rebuy="0" addon="0" merge="0" rebuychips="0" reg_code="8384806528"/>
<player seat="6" name="Tibi810812" chips="640" dealer="1" win="0" bet="480" muck="1" rebuy="0" addon="0" merge="0" rebuychips="0" reg_code="8384806722"/>
<player seat="10" name="oreiasccp" chips="380" dealer="0" win="0" bet="20" muck="1" rebuy="0" addon="0" merge="0" rebuychips="0" reg_code="8384806727"/>
</players>
</general>
<round no="0"><action no="1" player="oreiasccp" type="15" sum="5"/>
<action no="2" player="mojorisin6" type="15" discard="1" dealt="1" sum="5"/>
<action no="3" player="Tibi810812" type="15" discard="1" dealt="1" sum="5"/>
<action no="4" player="oreiasccp" type="1" sum="15"/>
<action no="5" player="mojorisin6" type="2" discard="1" dealt="1" sum="30"/>
</round>
<round no="1"><cards type="Pocket" player="mojorisin6">C10 S10</cards>
<cards type="Pocket" player="Tibi810812">S5 C5</cards>
<cards type="Pocket" player="oreiasccp">HA D8</cards>
<action no="6" player="Tibi810812" type="23" discard="1" dealt="1" sum="60"/>
<action no="7" player="oreiasccp" type="0" sum="0"/>
<action no="8" player="mojorisin6" type="23" discard="1" dealt="1" sum="475"/>
<action no="9" player="Tibi810812" type="3" discard="1" dealt="1" sum="415"/>
</round>
<round no="2"><cards type="Flop">C7 C9 H2</cards>
</round>
<round no="3"><cards type="Turn">S3</cards>
</round>
<round no="4"><cards type="River">S6</cards>
</round>
</game>
<game gamecode="11514730472"><general><startdate>2025-06-16 05:32:28</startdate>
<round>1</round>
<failsafecounter/>
<players><player seat="6" name="Tibi810812" chips="160" dealer="0" win="325" bet="160" muck="0" rebuy="0" addon="0" merge="0" rebuychips="0" reg_code="8384806722"/>
<player seat="10" name="oreiasccp" chips="360" dealer="1" win="0" bet="5" muck="1" rebuy="0" addon="0" merge="0" rebuychips="0" reg_code="8384806727"/>
<player seat="3" name="mojorisin6" chips="980" dealer="0" win="0" bet="980" muck="0" rebuy="0" addon="0" merge="0" rebuychips="0" reg_code="8384806528"/>
</players>
</general>
<round no="0"><action no="1" player="mojorisin6" type="15" discard="1" dealt="1" sum="5"/>
<action no="2" player="Tibi810812" type="15" discard="1" dealt="1" sum="5"/>
<action no="3" player="oreiasccp" type="15" sum="5"/>
<action no="4" player="mojorisin6" type="1" discard="1" dealt="1" sum="15"/>
<action no="5" player="Tibi810812" type="2" discard="1" dealt="1" sum="30"/>
</round>
<round no="1"><cards type="Pocket" player="mojorisin6">HJ C10</cards>
<cards type="Pocket" player="oreiasccp">C4 CQ</cards>
<cards type="Pocket" player="Tibi810812">DQ HQ</cards>
<action no="6" player="oreiasccp" type="0" sum="0"/>
<action no="7" player="mojorisin6" type="23" discard="1" dealt="1" sum="975"/>
<action no="8" player="Tibi810812" type="7" discard="1" dealt="1" sum="125"/>
</round>
<round no="2"><cards type="Flop">H5 H9 S4</cards>
</round>
<round no="3"><cards type="Turn">H7</cards>
</round>
<round no="4"><cards type="River">H8</cards>
</round>
</game>
<game gamecode="11514730514"><general><startdate>2025-06-16 05:32:49</startdate>
<round>1</round>
<failsafecounter/>
<players><player seat="10" name="oreiasccp" chips="355" dealer="0" win="175" bet="85" muck="0" rebuy="0" addon="0" merge="0" rebuychips="0" reg_code="8384806727"/>
<player seat="3" name="mojorisin6" chips="820" dealer="1" win="0" bet="5" muck="1" rebuy="0" addon="0" merge="0" rebuychips="0" reg_code="8384806528"/>
<player seat="6" name="Tibi810812" chips="325" dealer="0" win="0" bet="85" muck="1" rebuy="0" addon="0" merge="0" rebuychips="0" reg_code="8384806722"/>
</players>
</general>
<round no="0"><action no="1" player="Tibi810812" type="15" discard="1" dealt="1" sum="5"/>
<action no="2" player="oreiasccp" type="15" sum="5"/>
<action no="3" player="mojorisin6" type="15" discard="1" dealt="1" sum="5"/>
<action no="4" player="Tibi810812" type="1" discard="1" dealt="1" sum="20"/>
<action no="5" player="oreiasccp" type="2" sum="40"/>
</round>
<round no="1"><cards type="Pocket" player="mojorisin6">X X</cards>
<cards type="Pocket" player="Tibi810812">D3 SQ</cards>
<cards type="Pocket" player="oreiasccp">H2 CQ</cards>
<action no="6" player="mojorisin6" type="0" discard="1" dealt="1" sum="0"/>
<action no="7" player="Tibi810812" type="3" discard="1" dealt="1" sum="20"/>
<action no="8" player="oreiasccp" type="4" sum="0"/>
</round>
<round no="2"><cards type="Flop">S7 C2 DA</cards>
<action no="9" player="Tibi810812" type="5" discard="1" dealt="1" sum="40"/>
<action no="10" player="oreiasccp" type="3" sum="40"/>
</round>
<round no="3"><cards type="Turn">CA</cards>
<action no="11" player="Tibi810812" type="4" discard="1" dealt="1" sum="0"/>
<action no="12" player="oreiasccp" type="4" sum="0"/>
</round>
<round no="4"><cards type="River">S5</cards>
<action no="13" player="Tibi810812" type="4" discard="1" dealt="1" sum="0"/>
<action no="14" player="oreiasccp" type="4" sum="0"/>
</round>
</game>
<game gamecode="11514730588"><general><startdate>2025-06-16 05:33:27</startdate>
<round>1</round>
<failsafecounter/>
<players><player seat="3" name="mojorisin6" chips="815" dealer="0" win="55" bet="45" muck="1" rebuy="0" addon="0" merge="0" rebuychips="0" reg_code="8384806528"/>
<player seat="6" name="Tibi810812" chips="240" dealer="1" win="0" bet="5" muck="1" rebuy="0" addon="0" merge="0" rebuychips="0" reg_code="8384806722"/>
<player seat="10" name="oreiasccp" chips="445" dealer="0" win="0" bet="25" muck="1" rebuy="0" addon="0" merge="0" rebuychips="0" reg_code="8384806727"/>
</players>
</general>
<round no="0"><action no="1" player="oreiasccp" type="15" sum="5"/>
<action no="2" player="mojorisin6" type="15" discard="1" dealt="1" sum="5"/>
<action no="3" player="Tibi810812" type="15" discard="1" dealt="1" sum="5"/>
<action no="4" player="oreiasccp" type="1" sum="20"/>
<action no="5" player="mojorisin6" type="2" discard="1" dealt="1" sum="40"/>
</round>
<round no="1"><cards type="Pocket" player="Tibi810812">X X</cards>
<cards type="Pocket" player="mojorisin6">X X</cards>
<cards type="Pocket" player="oreiasccp">HQ D4</cards>
<action no="6" player="Tibi810812" type="0" discard="1" dealt="1" sum="0"/>
<action no="7" player="oreiasccp" type="0" sum="0"/>
</round>
</game>
<game gamecode="11514730645"><general><startdate>2025-06-16 05:33:53</startdate>
<round>1</round>
<failsafecounter/>
<players><player seat="6" name="Tibi810812" chips="235" dealer="0" win="0" bet="45" muck="1" rebuy="0" addon="0" merge="0" rebuychips="0" reg_code="8384806722"/>
<player seat="10" name="oreiasccp" chips="420" dealer="1" win="0" bet="5" muck="1" rebuy="0" addon="0" merge="0" rebuychips="0" reg_code="8384806727"/>
<player seat="3" name="mojorisin6" chips="845" dealer="0" win="95" bet="845" muck="1" rebuy="0" addon="0" merge="0" rebuychips="0" reg_code="8384806528"/>
</players>
</general>
<round no="0"><action no="1" player="mojorisin6" type="15" discard="1" dealt="1" sum="5"/>
<action no="2" player="Tibi810812" type="15" discard="1" dealt="1" sum="5"/>
<action no="3" player="oreiasccp" type="15" sum="5"/>
<action no="4" player="mojorisin6" type="1" discard="1" dealt="1" sum="20"/>
<action no="5" player="Tibi810812" type="2" discard="1" dealt="1" sum="40"/>
</round>
<round no="1"><cards type="Pocket" player="Tibi810812">X X</cards>
<cards type="Pocket" player="oreiasccp">SK C5</cards>
<cards type="Pocket" player="mojorisin6">X X</cards>
<action no="6" player="oreiasccp" type="0" sum="0"/>
<action no="7" player="mojorisin6" type="23" discard="1" dealt="1" sum="840"/>
<action no="8" player="Tibi810812" type="0" discard="1" dealt="1" sum="0"/>
</round>
</game>
<game gamecode="11514730675"><general><startdate>2025-06-16 05:34:07</startdate>
<round>1</round>
<failsafecounter/>
<players><player seat="10" name="oreiasccp" chips="415" dealer="0" win="0" bet="190" muck="1" rebuy="0" addon="0" merge="0" rebuychips="0" reg_code="8384806727"/>
<player seat="3" name="mojorisin6" chips="895" dealer="1" win="0" bet="5" muck="1" rebuy="0" addon="0" merge="0" rebuychips="0" reg_code="8384806528"/>
<player seat="6" name="Tibi810812" chips="190" dealer="0" win="385" bet="190" muck="0" rebuy="0" addon="0" merge="0" rebuychips="0" reg_code="8384806722"/>
</players>
</general>
<round no="0"><action no="1" player="Tibi810812" type="15" discard="1" dealt="1" sum="5"/>
<action no="2" player="oreiasccp" type="15" sum="5"/>
<action no="3" player="mojorisin6" type="15" discard="1" dealt="1" sum="5"/>
<action no="4" player="Tibi810812" type="1" discard="1" dealt="1" sum="20"/>
<action no="5" player="oreiasccp" type="2" sum="40"/>
</round>
<round no="1"><cards type="Pocket" player="mojorisin6">X X</cards>
<cards type="Pocket" player="Tibi810812">D9 CJ</cards>
<cards type="Pocket" player="oreiasccp">C4 CQ</cards>
<action no="6" player="mojorisin6" type="0" discard="1" dealt="1" sum="0"/>
<action no="7" player="Tibi810812" type="23" discard="1" dealt="1" sum="185"/>
<action no="8" player="oreiasccp" type="3" sum="145"/>
</round>
<round no="2"><cards type="Flop">S10 S9 D4</cards>
</round>
<round no="3"><cards type="Turn">H6</cards>
</round>
<round no="4"><cards type="River">SK</cards>
</round>
</game>
<game gamecode="11514730718"><general><startdate>2025-06-16 05:34:31</startdate>
<round>1</round>
<failsafecounter/>
<players><player seat="3" name="mojorisin6" chips="890" dealer="0" win="0" bet="45" muck="1" rebuy="0" addon="0" merge="0" rebuychips="0" reg_code="8384806528"/>
<player seat="6" name="Tibi810812" chips="385" dealer="1" win="0" bet="5" muck="1" rebuy="0" addon="0" merge="0" rebuychips="0" reg_code="8384806722"/>
<player seat="10" name="oreiasccp" chips="225" dealer="0" win="95" bet="225" muck="1" rebuy="0" addon="0" merge="0" rebuychips="0" reg_code="8384806727"/>
</players>
</general>
<round no="0"><action no="1" player="oreiasccp" type="15" sum="5"/>
<action no="2" player="mojorisin6" type="15" discard="1" dealt="1" sum="5"/>
<action no="3" player="Tibi810812" type="15" discard="1" dealt="1" sum="5"/>
<action no="4" player="oreiasccp" type="1" sum="20"/>
<action no="5" player="mojorisin6" type="2" discard="1" dealt="1" sum="40"/>
</round>
<round no="1"><cards type="Pocket" player="mojorisin6">X X</cards>
<cards type="Pocket" player="Tibi810812">X X</cards>
<cards type="Pocket" player="oreiasccp">S10 CA</cards>
<action no="6" player="Tibi810812" type="0" discard="1" dealt="1" sum="0"/>
<action no="7" player="oreiasccp" type="23" sum="220"/>
<action no="8" player="mojorisin6" type="0" discard="1" dealt="1" sum="0"/>
</round>
</game>
<game gamecode="11514730754"><general><startdate>2025-06-16 05:34:46</startdate>
<round>1</round>
<failsafecounter/>
<players><player seat="6" name="Tibi810812" chips="380" dealer="0" win="0" bet="65" muck="1" rebuy="0" addon="0" merge="0" rebuychips="0" reg_code="8384806722"/>
<player seat="10" name="oreiasccp" chips="275" dealer="1" win="165" bet="275" muck="1" rebuy="0" addon="0" merge="0" rebuychips="0" reg_code="8384806727"/>
<player seat="3" name="mojorisin6" chips="845" dealer="0" win="0" bet="35" muck="1" rebuy="0" addon="0" merge="0" rebuychips="0" reg_code="8384806528"/>
</players>
</general>
<round no="0"><action no="1" player="mojorisin6" type="15" discard="1" dealt="1" sum="5"/>
<action no="2" player="Tibi810812" type="15" discard="1" dealt="1" sum="5"/>
<action no="3" player="oreiasccp" type="15" sum="5"/>
<action no="4" player="mojorisin6" type="1" discard="1" dealt="1" sum="30"/>
<action no="5" player="Tibi810812" type="2" discard="1" dealt="1" sum="60"/>
</round>
<round no="1"><cards type="Pocket" player="mojorisin6">X X</cards>
<cards type="Pocket" player="Tibi810812">X X</cards>
<cards type="Pocket" player="oreiasccp">CA H7</cards>
<action no="6" player="oreiasccp" type="23" sum="270"/>
<action no="7" player="mojorisin6" type="0" discard="1" dealt="1" sum="0"/>
<action no="8" player="Tibi810812" type="0" discard="1" dealt="1" sum="0"/>
</round>
</game>
<game gamecode="11514734314"><general><startdate>2025-06-16 05:34:58</startdate>
<round>1</round>
<failsafecounter/>
<players><player seat="10" name="oreiasccp" chips="375" dealer="0" win="75" bet="65" muck="1" rebuy="0" addon="0" merge="0" rebuychips="0" reg_code="8384806727"/>
<player seat="3" name="mojorisin6" chips="810" dealer="1" win="0" bet="5" muck="1" rebuy="0" addon="0" merge="0" rebuychips="0" reg_code="8384806528"/>
<player seat="6" name="Tibi810812" chips="315" dealer="0" win="0" bet="35" muck="1" rebuy="0" addon="0" merge="0" rebuychips="0" reg_code="8384806722"/>
</players>
</general>
<round no="0"><action no="1" player="Tibi810812" type="15" discard="1" dealt="1" sum="5"/>
<action no="2" player="oreiasccp" type="15" sum="5"/>
<action no="3" player="mojorisin6" type="15" discard="1" dealt="1" sum="5"/>
<action no="4" player="Tibi810812" type="1" discard="1" dealt="1" sum="30"/>
<action no="5" player="oreiasccp" type="2" sum="60"/>
</round>
<round no="1"><cards type="Pocket" player="oreiasccp">HK C6</cards>
<cards type="Pocket" player="Tibi810812">X X</cards>
<cards type="Pocket" player="mojorisin6">X X</cards>
<action no="6" player="mojorisin6" type="0" discard="1" dealt="1" sum="0"/>
<action no="7" player="Tibi810812" type="0" discard="1" dealt="1" sum="0"/>
</round>
</game>
<game gamecode="11514734335"><general><startdate>2025-06-16 05:35:08</startdate>
<round>1</round>
<failsafecounter/>
<players><player seat="3" name="mojorisin6" chips="805" dealer="0" win="75" bet="65" muck="1" rebuy="0" addon="0" merge="0" rebuychips="0" reg_code="8384806528"/>
<player seat="6" name="Tibi810812" chips="280" dealer="1" win="0" bet="5" muck="1" rebuy="0" addon="0" merge="0" rebuychips="0" reg_code="8384806722"/>
<player seat="10" name="oreiasccp" chips="415" dealer="0" win="0" bet="35" muck="1" rebuy="0" addon="0" merge="0" rebuychips="0" reg_code="8384806727"/>
</players>
</general>
<round no="0"><action no="1" player="oreiasccp" type="15" sum="5"/>
<action no="2" player="mojorisin6" type="15" discard="1" dealt="1" sum="5"/>
<action no="3" player="Tibi810812" type="15" discard="1" dealt="1" sum="5"/>
<action no="4" player="oreiasccp" type="1" sum="30"/>
<action no="5" player="mojorisin6" type="2" discard="1" dealt="1" sum="60"/>
</round>
<round no="1"><cards type="Pocket" player="Tibi810812">X X</cards>
<cards type="Pocket" player="mojorisin6">X X</cards>
<cards type="Pocket" player="oreiasccp">D6 S5</cards>
<action no="6" player="Tibi810812" type="0" discard="1" dealt="1" sum="0"/>
<action no="7" player="oreiasccp" type="0" sum="0"/>
</round>
</game>
<game gamecode="11514734391"><general><startdate>2025-06-16 05:35:29</startdate>
<round>1</round>
<failsafecounter/>
<players><player seat="6" name="Tibi810812" chips="275" dealer="0" win="75" bet="65" muck="1" rebuy="0" addon="0" merge="0" rebuychips="0" reg_code="8384806722"/>
<player seat="10" name="oreiasccp" chips="380" dealer="1" win="0" bet="5" muck="1" rebuy="0" addon="0" merge="0" rebuychips="0" reg_code="8384806727"/>
<player seat="3" name="mojorisin6" chips="845" dealer="0" win="0" bet="35" muck="1" rebuy="0" addon="0" merge="0" rebuychips="0" reg_code="8384806528"/>
</players>
</general>
<round no="0"><action no="1" player="mojorisin6" type="15" discard="1" dealt="1" sum="5"/>
<action no="2" player="Tibi810812" type="15" discard="1" dealt="1" sum="5"/>
<action no="3" player="oreiasccp" type="15" sum="5"/>
<action no="4" player="mojorisin6" type="1" discard="1" dealt="1" sum="30"/>
<action no="5" player="Tibi810812" type="2" discard="1" dealt="1" sum="60"/>
</round>
<round no="1"><cards type="Pocket" player="oreiasccp">D3 SQ</cards>
<cards type="Pocket" player="mojorisin6">X X</cards>
<cards type="Pocket" player="Tibi810812">X X</cards>
<action no="6" player="oreiasccp" type="0" sum="0"/>
<action no="7" player="mojorisin6" type="0" discard="1" dealt="1" sum="0"/>
</round>
</game>
<game gamecode="11514734416"><general><startdate>2025-06-16 05:35:41</startdate>
<round>1</round>
<failsafecounter/>
<players><player seat="10" name="oreiasccp" chips="375" dealer="0" win="0" bet="375" muck="0" rebuy="0" addon="0" merge="0" rebuychips="0" reg_code="8384806727"/>
<player seat="3" name="mojorisin6" chips="810" dealer="1" win="785" bet="810" muck="0" rebuy="0" addon="0" merge="0" rebuychips="0" reg_code="8384806528"/>
<player seat="6" name="Tibi810812" chips="315" dealer="0" win="0" bet="35" muck="1" rebuy="0" addon="0" merge="0" rebuychips="0" reg_code="8384806722"/>
</players>
</general>
<round no="0"><action no="1" player="Tibi810812" type="15" discard="1" dealt="1" sum="5"/>
<action no="2" player="oreiasccp" type="15" sum="5"/>
<action no="3" player="mojorisin6" type="15" discard="1" dealt="1" sum="5"/>
<action no="4" player="Tibi810812" type="1" discard="1" dealt="1" sum="30"/>
<action no="5" player="oreiasccp" type="2" sum="60"/>
</round>
<round no="1"><cards type="Pocket" player="mojorisin6">S4 SK</cards>
<cards type="Pocket" player="oreiasccp">D9 CA</cards>
<cards type="Pocket" player="Tibi810812">X X</cards>
<action no="6" player="mojorisin6" type="23" discard="1" dealt="1" sum="805"/>
<action no="7" player="Tibi810812" type="0" discard="1" dealt="1" sum="0"/>
<action no="8" player="oreiasccp" type="7" sum="310"/>
</round>
<round no="2"><cards type="Flop">SJ S5 D6</cards>
</round>
<round no="3"><cards type="Turn">HK</cards>
</round>
<round no="4"><cards type="River">DJ</cards>
</round>
</game>
</session>
