<?xml version="1.0" encoding="UTF-8"?>
<session sessioncode="8384807690">
<general>
<client_version>24.7.1.16</client_version>
<mode>real</mode>
<gametype>Holdem NL</gametype>
<tablename>Twister €5 SNG, 1127557554</tablename>
<tournamentcode>1127557553</tournamentcode>
<tournamentname>Twister €5 SNG</tournamentname>
<buyin>€0 + €0.35 + €4.65</buyin>
<totalbuyin>€5</totalbuyin>
<rewarddrawn>€10</rewarddrawn>
<tournamentcurrency>EUR</tournamentcurrency>
<currency>EUR</currency>
<nickname>oreiasccp</nickname>
<gamecount>24</gamecount>
<startdate>2025-06-16 05:36:06</startdate>
<place>2</place>
<win>€0</win>
<tablesize>3</tablesize>
</general>
<game gamecode="11514734499"><general><startdate>2025-06-16 05:36:21</startdate>
<round>1</round>
<failsafecounter/>
<players><player seat="6" name="Hhudbbe" chips="500" dealer="0" win="0" bet="20" muck="1" rebuy="0" addon="0" merge="0" rebuychips="0" reg_code="8384807650"/>
<player seat="10" name="oreiasccp" chips="500" dealer="1" win="0" bet="40" muck="1" rebuy="0" addon="0" merge="0" rebuychips="0" reg_code="8384807690"/>
<player seat="3" name="mojorisin6" chips="500" dealer="0" win="100" bet="500" muck="1" rebuy="0" addon="0" merge="0" rebuychips="0" reg_code="8384807644"/>
</players>
</general>
<round no="0"><action no="1" player="mojorisin6" type="1" discard="1" dealt="1" sum="10"/>
<action no="2" player="Hhudbbe" type="2" discard="1" dealt="1" sum="20"/>
</round>
<round no="1"><cards type="Pocket" player="oreiasccp">SK SQ</cards>
<cards type="Pocket" player="mojorisin6">X X</cards>
<cards type="Pocket" player="Hhudbbe">X X</cards>
<action no="3" player="oreiasccp" type="23" sum="40"/>
<action no="4" player="mojorisin6" type="23" discard="1" dealt="1" sum="500"/>
<action no="5" player="Hhudbbe" type="0" discard="1" dealt="1" sum="0"/>
<action no="6" player="oreiasccp" type="0" sum="0"/>
</round>
</game>
<game gamecode="11514734547"><general><startdate>2025-06-16 05:36:47</startdate>
<round>1</round>
<failsafecounter/>
<players><player seat="10" name="oreiasccp" chips="460" dealer="0" win="80" bet="460" muck="1" rebuy="0" addon="0" merge="0" rebuychips="0" reg_code="8384807690"/>
<player seat="3" name="mojorisin6" chips="560" dealer="1" win="0" bet="0" muck="1" rebuy="0" addon="0" merge="0" rebuychips="0" reg_code="8384807644"/>
<player seat="6" name="Hhudbbe" chips="480" dealer="0" win="0" bet="40" muck="1" rebuy="0" addon="0" merge="0" rebuychips="0" reg_code="8384807650"/>
</players>
</general>
<round no="0"><action no="1" player="Hhudbbe" type="1" discard="1" dealt="1" sum="10"/>
<action no="2" player="oreiasccp" type="2" sum="20"/>
</round>
<round no="1"><cards type="Pocket" player="oreiasccp">C10 CA</cards>
<cards type="Pocket" player="Hhudbbe">X X</cards>
<cards type="Pocket" player="mojorisin6">X X</cards>
<action no="3" player="mojorisin6" type="0" discard="1" dealt="1" sum="0"/>
<action no="4" player="Hhudbbe" type="23" discard="1" dealt="1" sum="40"/>
<action no="5" player="oreiasccp" type="23" sum="460"/>
<action no="6" player="Hhudbbe" type="0" discard="1" dealt="1" sum="0"/>
</round>
</game>
<game gamecode="11514734589"><general><startdate>2025-06-16 05:37:02</startdate>
<round>1</round>
<failsafecounter/>
<players><player seat="3" name="mojorisin6" chips="560" dealer="0" win="20" bet="20" muck="1" rebuy="0" addon="0" merge="0" rebuychips="0" reg_code="8384807644"/>
<player seat="6" name="Hhudbbe" chips="440" dealer="1" win="0" bet="0" muck="1" rebuy="0" addon="0" merge="0" rebuychips="0" reg_code="8384807650"/>
<player seat="10" name="oreiasccp" chips="500" dealer="0" win="0" bet="10" muck="1" rebuy="0" addon="0" merge="0" rebuychips="0" reg_code="8384807690"/>
</players>
</general>
<round no="0"><action no="1" player="oreiasccp" type="1" sum="10"/>
<action no="2" player="mojorisin6" type="2" discard="1" dealt="1" sum="20"/>
</round>
<round no="1"><cards type="Pocket" player="mojorisin6">X X</cards>
<cards type="Pocket" player="oreiasccp">C8 S4</cards>
<cards type="Pocket" player="Hhudbbe">X X</cards>
<action no="3" player="Hhudbbe" type="0" discard="1" dealt="1" sum="0"/>
<action no="4" player="oreiasccp" type="0" sum="0"/>
</round>
</game>
<game gamecode="11514734603"><general><startdate>2025-06-16 05:37:09</startdate>
<round>1</round>
<failsafecounter/>
<players><player seat="6" name="Hhudbbe" chips="440" dealer="0" win="40" bet="60" muck="1" rebuy="0" addon="0" merge="0" rebuychips="0" reg_code="8384807650"/>
<player seat="10" name="oreiasccp" chips="490" dealer="1" win="0" bet="0" muck="1" rebuy="0" addon="0" merge="0" rebuychips="0" reg_code="8384807690"/>
<player seat="3" name="mojorisin6" chips="570" dealer="0" win="0" bet="20" muck="1" rebuy="0" addon="0" merge="0" rebuychips="0" reg_code="8384807644"/>
</players>
</general>
<round no="0"><action no="1" player="mojorisin6" type="1" discard="1" dealt="1" sum="10"/>
<action no="2" player="Hhudbbe" type="2" discard="1" dealt="1" sum="20"/>
</round>
<round no="1"><cards type="Pocket" player="mojorisin6">X X</cards>
<cards type="Pocket" player="Hhudbbe">X X</cards>
<cards type="Pocket" player="oreiasccp">C4 S9</cards>
<action no="3" player="oreiasccp" type="0" sum="0"/>
<action no="4" player="mojorisin6" type="3" discard="1" dealt="1" sum="10"/>
<action no="5" player="Hhudbbe" type="23" discard="1" dealt="1" sum="60"/>
<action no="6" player="mojorisin6" type="0" discard="1" dealt="1" sum="0"/>
</round>
</game>
<game gamecode="11514734662"><general><startdate>2025-06-16 05:37:37</startdate>
<round>1</round>
<failsafecounter/>
<players><player seat="10" name="oreiasccp" chips="490" dealer="0" win="20" bet="20" muck="1" rebuy="0" addon="0" merge="0" rebuychips="0" reg_code="8384807690"/>
<player seat="3" name="mojorisin6" chips="550" dealer="1" win="0" bet="0" muck="1" rebuy="0" addon="0" merge="0" rebuychips="0" reg_code="8384807644"/>
<player seat="6" name="Hhudbbe" chips="460" dealer="0" win="0" bet="10" muck="1" rebuy="0" addon="0" merge="0" rebuychips="0" reg_code="8384807650"/>
</players>
</general>
<round no="0"><action no="1" player="Hhudbbe" type="1" discard="1" dealt="1" sum="10"/>
<action no="2" player="oreiasccp" type="2" sum="20"/>
</round>
<round no="1"><cards type="Pocket" player="oreiasccp">SA D3</cards>
<cards type="Pocket" player="Hhudbbe">X X</cards>
<cards type="Pocket" player="mojorisin6">X X</cards>
<action no="3" player="mojorisin6" type="0" discard="1" dealt="1" sum="0"/>
<action no="4" player="Hhudbbe" type="0" discard="1" dealt="1" sum="0"/>
</round>
</game>
<game gamecode="11514734690"><general><startdate>2025-06-16 05:37:47</startdate>
<round>1</round>
<failsafecounter/>
<players><player seat="3" name="mojorisin6" chips="550" dealer="0" win="0" bet="20" muck="1" rebuy="0" addon="0" merge="0" rebuychips="0" reg_code="8384807644"/>
<player seat="6" name="Hhudbbe" chips="450" dealer="1" win="0" bet="0" muck="1" rebuy="0" addon="0" merge="0" rebuychips="0" reg_code="8384807650"/>
<player seat="10" name="oreiasccp" chips="500" dealer="0" win="40" bet="40" muck="1" rebuy="0" addon="0" merge="0" rebuychips="0" reg_code="8384807690"/>
</players>
</general>
<round no="0"><action no="1" player="oreiasccp" type="1" sum="10"/>
<action no="2" player="mojorisin6" type="2" discard="1" dealt="1" sum="20"/>
</round>
<round no="1"><cards type="Pocket" player="Hhudbbe">X X</cards>
<cards type="Pocket" player="oreiasccp">C5 SA</cards>
<cards type="Pocket" player="mojorisin6">X X</cards>
<action no="3" player="Hhudbbe" type="0" discard="1" dealt="1" sum="0"/>
<action no="4" player="oreiasccp" type="23" sum="40"/>
<action no="5" player="mojorisin6" type="0" discard="1" dealt="1" sum="0"/>
</round>
</game>
<game gamecode="11514734717"><general><startdate>2025-06-16 05:38:01</startdate>
<round>1</round>
<failsafecounter/>
<players><player seat="6" name="Hhudbbe" chips="450" dealer="0" win="90" bet="130" muck="1" rebuy="0" addon="0" merge="0" rebuychips="0" reg_code="8384807650"/>
<player seat="10" name="oreiasccp" chips="520" dealer="1" win="0" bet="40" muck="1" rebuy="0" addon="0" merge="0" rebuychips="0" reg_code="8384807690"/>
<player seat="3" name="mojorisin6" chips="530" dealer="0" win="0" bet="10" muck="1" rebuy="0" addon="0" merge="0" rebuychips="0" reg_code="8384807644"/>
</players>
</general>
<round no="0"><action no="1" player="mojorisin6" type="1" discard="1" dealt="1" sum="10"/>
<action no="2" player="Hhudbbe" type="2" discard="1" dealt="1" sum="20"/>
</round>
<round no="1"><cards type="Pocket" player="Hhudbbe">X X</cards>
<cards type="Pocket" player="mojorisin6">X X</cards>
<cards type="Pocket" player="oreiasccp">S8 H8</cards>
<action no="3" player="oreiasccp" type="23" sum="40"/>
<action no="4" player="mojorisin6" type="0" discard="1" dealt="1" sum="0"/>
<action no="5" player="Hhudbbe" type="3" discard="1" dealt="1" sum="20"/>
</round>
<round no="2"><cards type="Flop">CA S7 SJ</cards>
<action no="6" player="Hhudbbe" type="5" discard="1" dealt="1" sum="90"/>
<action no="7" player="oreiasccp" type="0" sum="0"/>
</round>
</game>
<game gamecode="11514734773"><general><startdate>2025-06-16 05:38:24</startdate>
<round>1</round>
<failsafecounter/>
<players><player seat="10" name="oreiasccp" chips="480" dealer="0" win="0" bet="35" muck="1" rebuy="0" addon="0" merge="0" rebuychips="0" reg_code="8384807690"/>
<player seat="3" name="mojorisin6" chips="520" dealer="1" win="0" bet="5" muck="1" rebuy="0" addon="0" merge="0" rebuychips="0" reg_code="8384807644"/>
<player seat="6" name="Hhudbbe" chips="500" dealer="0" win="75" bet="65" muck="1" rebuy="0" addon="0" merge="0" rebuychips="0" reg_code="8384807650"/>
</players>
</general>
<round no="0"><action no="1" player="Hhudbbe" type="15" discard="1" dealt="1" sum="5"/>
<action no="2" player="oreiasccp" type="15" sum="5"/>
<action no="3" player="mojorisin6" type="15" discard="1" dealt="1" sum="5"/>
<action no="4" player="Hhudbbe" type="1" discard="1" dealt="1" sum="15"/>
<action no="5" player="oreiasccp" type="2" sum="30"/>
</round>
<round no="1"><cards type="Pocket" player="oreiasccp">H6 C10</cards>
<cards type="Pocket" player="mojorisin6">X X</cards>
<cards type="Pocket" player="Hhudbbe">X X</cards>
<action no="6" player="mojorisin6" type="0" discard="1" dealt="1" sum="0"/>
<action no="7" player="Hhudbbe" type="23" discard="1" dealt="1" sum="60"/>
<action no="8" player="oreiasccp" type="0" sum="0"/>
</round>
</game>
<game gamecode="11514734806"><general><startdate>2025-06-16 05:38:42</startdate>
<round>1</round>
<failsafecounter/>
<players><player seat="3" name="mojorisin6" chips="515" dealer="0" win="0" bet="35" muck="1" rebuy="0" addon="0" merge="0" rebuychips="0" reg_code="8384807644"/>
<player seat="6" name="Hhudbbe" chips="540" dealer="1" win="90" bet="95" muck="1" rebuy="0" addon="0" merge="0" rebuychips="0" reg_code="8384807650"/>
<player seat="10" name="oreiasccp" chips="445" dealer="0" win="0" bet="20" muck="1" rebuy="0" addon="0" merge="0" rebuychips="0" reg_code="8384807690"/>
</players>
</general>
<round no="0"><action no="1" player="oreiasccp" type="15" sum="5"/>
<action no="2" player="mojorisin6" type="15" discard="1" dealt="1" sum="5"/>
<action no="3" player="Hhudbbe" type="15" discard="1" dealt="1" sum="5"/>
<action no="4" player="oreiasccp" type="1" sum="15"/>
<action no="5" player="mojorisin6" type="2" discard="1" dealt="1" sum="30"/>
</round>
<round no="1"><cards type="Pocket" player="mojorisin6">X X</cards>
<cards type="Pocket" player="oreiasccp">H4 D5</cards>
<cards type="Pocket" player="Hhudbbe">X X</cards>
<action no="6" player="Hhudbbe" type="23" discard="1" dealt="1" sum="90"/>
<action no="7" player="oreiasccp" type="0" sum="0"/>
<action no="8" player="mojorisin6" type="0" discard="1" dealt="1" sum="0"/>
</round>
</game>
<game gamecode="11514734854"><general><startdate>2025-06-16 05:39:03</startdate>
<round>1</round>
<failsafecounter/>
<players><player seat="6" name="Hhudbbe" chips="595" dealer="0" win="0" bet="480" muck="1" rebuy="0" addon="0" merge="0" rebuychips="0" reg_code="8384807650"/>
<player seat="10" name="oreiasccp" chips="425" dealer="1" win="0" bet="5" muck="1" rebuy="0" addon="0" merge="0" rebuychips="0" reg_code="8384807690"/>
<player seat="3" name="mojorisin6" chips="480" dealer="0" win="965" bet="480" muck="0" rebuy="0" addon="0" merge="0" rebuychips="0" reg_code="8384807644"/>
</players>
</general>
<round no="0"><action no="1" player="mojorisin6" type="15" discard="1" dealt="1" sum="5"/>
<action no="2" player="Hhudbbe" type="15" discard="1" dealt="1" sum="5"/>
<action no="3" player="oreiasccp" type="15" sum="5"/>
<action no="4" player="mojorisin6" type="1" discard="1" dealt="1" sum="15"/>
<action no="5" player="Hhudbbe" type="2" discard="1" dealt="1" sum="30"/>
</round>
<round no="1"><cards type="Pocket" player="mojorisin6">S7 D7</cards>
<cards type="Pocket" player="oreiasccp">D4 C3</cards>
<cards type="Pocket" player="Hhudbbe">HK SK</cards>
<action no="6" player="oreiasccp" type="0" sum="0"/>
<action no="7" player="mojorisin6" type="23" discard="1" dealt="1" sum="475"/>
<action no="8" player="Hhudbbe" type="3" discard="1" dealt="1" sum="445"/>
</round>
<round no="2"><cards type="Flop">DQ D9 S3</cards>
</round>
<round no="3"><cards type="Turn">D3</cards>
</round>
<round no="4"><cards type="River">C7</cards>
</round>
</game>
<game gamecode="11514734906"><general><startdate>2025-06-16 05:39:32</startdate>
<round>1</round>
<failsafecounter/>
<players><player seat="10" name="oreiasccp" chips="420" dealer="0" win="0" bet="115" muck="1" rebuy="0" addon="0" merge="0" rebuychips="0" reg_code="8384807690"/>
<player seat="3" name="mojorisin6" chips="965" dealer="1" win="0" bet="5" muck="1" rebuy="0" addon="0" merge="0" rebuychips="0" reg_code="8384807644"/>
<player seat="6" name="Hhudbbe" chips="115" dealer="0" win="235" bet="115" muck="0" rebuy="0" addon="0" merge="0" rebuychips="0" reg_code="8384807650"/>
</players>
</general>
<round no="0"><action no="1" player="Hhudbbe" type="15" discard="1" dealt="1" sum="5"/>
<action no="2" player="oreiasccp" type="15" sum="5"/>
<action no="3" player="mojorisin6" type="15" discard="1" dealt="1" sum="5"/>
<action no="4" player="Hhudbbe" type="1" discard="1" dealt="1" sum="15"/>
<action no="5" player="oreiasccp" type="2" sum="30"/>
</round>
<round no="1"><cards type="Pocket" player="oreiasccp">HK SK</cards>
<cards type="Pocket" player="mojorisin6">X X</cards>
<cards type="Pocket" player="Hhudbbe">C5 C2</cards>
<action no="6" player="mojorisin6" type="0" discard="1" dealt="1" sum="0"/>
<action no="7" player="Hhudbbe" type="23" discard="1" dealt="1" sum="110"/>
<action no="8" player="oreiasccp" type="3" sum="80"/>
</round>
<round no="2"><cards type="Flop">H3 S4 H4</cards>
</round>
<round no="3"><cards type="Turn">DA</cards>
</round>
<round no="4"><cards type="River">H5</cards>
</round>
</game>
<game gamecode="11514734954"><general><startdate>2025-06-16 05:40:00</startdate>
<round>1</round>
<failsafecounter/>
<players><player seat="3" name="mojorisin6" chips="960" dealer="0" win="45" bet="35" muck="1" rebuy="0" addon="0" merge="0" rebuychips="0" reg_code="8384807644"/>
<player seat="6" name="Hhudbbe" chips="235" dealer="1" win="0" bet="5" muck="1" rebuy="0" addon="0" merge="0" rebuychips="0" reg_code="8384807650"/>
<player seat="10" name="oreiasccp" chips="305" dealer="0" win="0" bet="20" muck="1" rebuy="0" addon="0" merge="0" rebuychips="0" reg_code="8384807690"/>
</players>
</general>
<round no="0"><action no="1" player="oreiasccp" type="15" sum="5"/>
<action no="2" player="mojorisin6" type="15" discard="1" dealt="1" sum="5"/>
<action no="3" player="Hhudbbe" type="15" discard="1" dealt="1" sum="5"/>
<action no="4" player="oreiasccp" type="1" sum="15"/>
<action no="5" player="mojorisin6" type="2" discard="1" dealt="1" sum="30"/>
</round>
<round no="1"><cards type="Pocket" player="Hhudbbe">X X</cards>
<cards type="Pocket" player="oreiasccp">S6 D7</cards>
<cards type="Pocket" player="mojorisin6">X X</cards>
<action no="6" player="Hhudbbe" type="0" discard="1" dealt="1" sum="0"/>
<action no="7" player="oreiasccp" type="0" sum="0"/>
</round>
</game>
<game gamecode="11514734992"><general><startdate>2025-06-16 05:40:20</startdate>
<round>1</round>
<failsafecounter/>
<players><player seat="6" name="Hhudbbe" chips="230" dealer="0" win="0" bet="45" muck="1" rebuy="0" addon="0" merge="0" rebuychips="0" reg_code="8384807650"/>
<player seat="10" name="oreiasccp" chips="285" dealer="1" win="0" bet="5" muck="1" rebuy="0" addon="0" merge="0" rebuychips="0" reg_code="8384807690"/>
<player seat="3" name="mojorisin6" chips="985" dealer="0" win="95" bet="985" muck="1" rebuy="0" addon="0" merge="0" rebuychips="0" reg_code="8384807644"/>
</players>
</general>
<round no="0"><action no="1" player="mojorisin6" type="15" discard="1" dealt="1" sum="5"/>
<action no="2" player="Hhudbbe" type="15" discard="1" dealt="1" sum="5"/>
<action no="3" player="oreiasccp" type="15" sum="5"/>
<action no="4" player="mojorisin6" type="1" discard="1" dealt="1" sum="20"/>
<action no="5" player="Hhudbbe" type="2" discard="1" dealt="1" sum="40"/>
</round>
<round no="1"><cards type="Pocket" player="Hhudbbe">X X</cards>
<cards type="Pocket" player="mojorisin6">X X</cards>
<cards type="Pocket" player="oreiasccp">S4 H10</cards>
<action no="6" player="oreiasccp" type="0" sum="0"/>
<action no="7" player="mojorisin6" type="23" discard="1" dealt="1" sum="980"/>
<action no="8" player="Hhudbbe" type="0" discard="1" dealt="1" sum="0"/>
</round>
</game>
<game gamecode="11514735023"><general><startdate>2025-06-16 05:40:35</startdate>
<round>1</round>
<failsafecounter/>
<players><player seat="10" name="oreiasccp" chips="280" dealer="0" win="0" bet="45" muck="1" rebuy="0" addon="0" merge="0" rebuychips="0" reg_code="8384807690"/>
<player seat="3" name="mojorisin6" chips="1,035" dealer="1" win="0" bet="5" muck="1" rebuy="0" addon="0" merge="0" rebuychips="0" reg_code="8384807644"/>
<player seat="6" name="Hhudbbe" chips="185" dealer="0" win="95" bet="185" muck="1" rebuy="0" addon="0" merge="0" rebuychips="0" reg_code="8384807650"/>
</players>
</general>
<round no="0"><action no="1" player="Hhudbbe" type="15" discard="1" dealt="1" sum="5"/>
<action no="2" player="oreiasccp" type="15" sum="5"/>
<action no="3" player="mojorisin6" type="15" discard="1" dealt="1" sum="5"/>
<action no="4" player="Hhudbbe" type="1" discard="1" dealt="1" sum="20"/>
<action no="5" player="oreiasccp" type="2" sum="40"/>
</round>
<round no="1"><cards type="Pocket" player="mojorisin6">X X</cards>
<cards type="Pocket" player="Hhudbbe">X X</cards>
<cards type="Pocket" player="oreiasccp">S4 S3</cards>
<action no="6" player="mojorisin6" type="0" discard="1" dealt="1" sum="0"/>
<action no="7" player="Hhudbbe" type="23" discard="1" dealt="1" sum="180"/>
<action no="8" player="oreiasccp" type="0" sum="0"/>
</round>
</game>
<game gamecode="11514735049"><general><startdate>2025-06-16 05:40:47</startdate>
<round>1</round>
<failsafecounter/>
<players><player seat="3" name="mojorisin6" chips="1,030" dealer="0" win="0" bet="45" muck="1" rebuy="0" addon="0" merge="0" rebuychips="0" reg_code="8384807644"/>
<player seat="6" name="Hhudbbe" chips="235" dealer="1" win="0" bet="5" muck="1" rebuy="0" addon="0" merge="0" rebuychips="0" reg_code="8384807650"/>
<player seat="10" name="oreiasccp" chips="235" dealer="0" win="95" bet="85" muck="1" rebuy="0" addon="0" merge="0" rebuychips="0" reg_code="8384807690"/>
</players>
</general>
<round no="0"><action no="1" player="oreiasccp" type="15" sum="5"/>
<action no="2" player="mojorisin6" type="15" discard="1" dealt="1" sum="5"/>
<action no="3" player="Hhudbbe" type="15" discard="1" dealt="1" sum="5"/>
<action no="4" player="oreiasccp" type="1" sum="20"/>
<action no="5" player="mojorisin6" type="2" discard="1" dealt="1" sum="40"/>
</round>
<round no="1"><cards type="Pocket" player="mojorisin6">X X</cards>
<cards type="Pocket" player="oreiasccp">CK SK</cards>
<cards type="Pocket" player="Hhudbbe">X X</cards>
<action no="6" player="Hhudbbe" type="0" discard="1" dealt="1" sum="0"/>
<action no="7" player="oreiasccp" type="3" sum="20"/>
<action no="8" player="mojorisin6" type="4" discard="1" dealt="1" sum="0"/>
</round>
<round no="2"><cards type="Flop">SA CJ HQ</cards>
<action no="9" player="oreiasccp" type="5" sum="40"/>
<action no="10" player="mojorisin6" type="0" discard="1" dealt="1" sum="0"/>
</round>
</game>
<game gamecode="11514735121"><general><startdate>2025-06-16 05:41:25</startdate>
<round>1</round>
<failsafecounter/>
<players><player seat="6" name="Hhudbbe" chips="230" dealer="0" win="0" bet="230" muck="1" rebuy="0" addon="0" merge="0" rebuychips="0" reg_code="8384807650"/>
<player seat="10" name="oreiasccp" chips="285" dealer="1" win="0" bet="5" muck="1" rebuy="0" addon="0" merge="0" rebuychips="0" reg_code="8384807690"/>
<player seat="3" name="mojorisin6" chips="985" dealer="0" win="465" bet="405" muck="0" rebuy="0" addon="0" merge="0" rebuychips="0" reg_code="8384807644"/>
</players>
</general>
<round no="0"><action no="1" player="mojorisin6" type="15" discard="1" dealt="1" sum="5"/>
<action no="2" player="Hhudbbe" type="15" discard="1" dealt="1" sum="5"/>
<action no="3" player="oreiasccp" type="15" sum="5"/>
<action no="4" player="mojorisin6" type="1" discard="1" dealt="1" sum="20"/>
<action no="5" player="Hhudbbe" type="2" discard="1" dealt="1" sum="40"/>
</round>
<round no="1"><cards type="Pocket" player="Hhudbbe">SK S5</cards>
<cards type="Pocket" player="mojorisin6">H10 DK</cards>
<cards type="Pocket" player="oreiasccp">H6 H3</cards>
<action no="6" player="oreiasccp" type="0" sum="0"/>
<action no="7" player="mojorisin6" type="23" discard="1" dealt="1" sum="400"/>
<action no="8" player="Hhudbbe" type="7" discard="1" dealt="1" sum="185"/>
</round>
<round no="2"><cards type="Flop">C7 H7 D9</cards>
</round>
<round no="3"><cards type="Turn">D4</cards>
</round>
<round no="4"><cards type="River">H8</cards>
</round>
</game>
<game gamecode="11514735164"><general><startdate>2025-06-16 05:41:49</startdate>
<round>1</round>
<failsafecounter/>
<players><player seat="10" name="oreiasccp" chips="280" dealer="0" win="560" bet="280" muck="0" rebuy="0" addon="0" merge="0" rebuychips="0" reg_code="8384807690"/>
<player seat="3" name="mojorisin6" chips="1,220" dealer="1" win="0" bet="1,220" muck="0" rebuy="0" addon="0" merge="0" rebuychips="0" reg_code="8384807644"/>
</players>
</general>
<round no="0"><action no="1" player="mojorisin6" type="15" discard="1" dealt="1" sum="5"/>
<action no="2" player="oreiasccp" type="15" sum="5"/>
<action no="3" player="mojorisin6" type="1" discard="1" dealt="1" sum="20"/>
<action no="4" player="oreiasccp" type="2" sum="40"/>
</round>
<round no="1"><cards type="Pocket" player="oreiasccp">CK HJ</cards>
<cards type="Pocket" player="mojorisin6">S5 SQ</cards>
<action no="5" player="mojorisin6" type="23" discard="1" dealt="1" sum="1,215"/>
<action no="6" player="oreiasccp" type="7" sum="235"/>
</round>
<round no="2"><cards type="Flop">S9 SA H7</cards>
</round>
<round no="3"><cards type="Turn">HK</cards>
</round>
<round no="4"><cards type="River">H9</cards>
</round>
</game>
<game gamecode="11514735194"><general><startdate>2025-06-16 05:42:08</startdate>
<round>1</round>
<failsafecounter/>
<players><player seat="3" name="mojorisin6" chips="940" dealer="0" win="90" bet="940" muck="1" rebuy="0" addon="0" merge="0" rebuychips="0" reg_code="8384807644"/>
<player seat="10" name="oreiasccp" chips="560" dealer="1" win="0" bet="45" muck="1" rebuy="0" addon="0" merge="0" rebuychips="0" reg_code="8384807690"/>
</players>
</general>
<round no="0"><action no="1" player="oreiasccp" type="15" sum="5"/>
<action no="2" player="mojorisin6" type="15" discard="1" dealt="1" sum="5"/>
<action no="3" player="oreiasccp" type="1" sum="20"/>
<action no="4" player="mojorisin6" type="2" discard="1" dealt="1" sum="40"/>
</round>
<round no="1"><cards type="Pocket" player="oreiasccp">SQ C2</cards>
<cards type="Pocket" player="mojorisin6">X X</cards>
<action no="5" player="oreiasccp" type="3" sum="20"/>
<action no="6" player="mojorisin6" type="23" discard="1" dealt="1" sum="935"/>
<action no="7" player="oreiasccp" type="0" sum="0"/>
</round>
</game>
<game gamecode="11514735230"><general><startdate>2025-06-16 05:42:28</startdate>
<round>1</round>
<failsafecounter/>
<players><player seat="10" name="oreiasccp" chips="515" dealer="0" win="1,030" bet="515" muck="0" rebuy="0" addon="0" merge="0" rebuychips="0" reg_code="8384807690"/>
<player seat="3" name="mojorisin6" chips="985" dealer="1" win="0" bet="985" muck="0" rebuy="0" addon="0" merge="0" rebuychips="0" reg_code="8384807644"/>
</players>
</general>
<round no="0"><action no="1" player="mojorisin6" type="15" discard="1" dealt="1" sum="5"/>
<action no="2" player="oreiasccp" type="15" sum="5"/>
<action no="3" player="mojorisin6" type="1" discard="1" dealt="1" sum="30"/>
<action no="4" player="oreiasccp" type="2" sum="60"/>
</round>
<round no="1"><cards type="Pocket" player="mojorisin6">HA H8</cards>
<cards type="Pocket" player="oreiasccp">DK H10</cards>
<action no="5" player="mojorisin6" type="23" discard="1" dealt="1" sum="980"/>
<action no="6" player="oreiasccp" type="7" sum="450"/>
</round>
<round no="2"><cards type="Flop">S6 H9 C10</cards>
</round>
<round no="3"><cards type="Turn">D9</cards>
</round>
<round no="4"><cards type="River">C6</cards>
</round>
</game>
<game gamecode="11514735281"><general><startdate>2025-06-16 05:42:49</startdate>
<round>1</round>
<failsafecounter/>
<players><player seat="3" name="mojorisin6" chips="470" dealer="0" win="940" bet="470" muck="0" rebuy="0" addon="0" merge="0" rebuychips="0" reg_code="8384807644"/>
<player seat="10" name="oreiasccp" chips="1,030" dealer="1" win="0" bet="470" muck="1" rebuy="0" addon="0" merge="0" rebuychips="0" reg_code="8384807690"/>
</players>
</general>
<round no="0"><action no="1" player="oreiasccp" type="15" sum="5"/>
<action no="2" player="mojorisin6" type="15" discard="1" dealt="1" sum="5"/>
<action no="3" player="oreiasccp" type="1" sum="30"/>
<action no="4" player="mojorisin6" type="2" discard="1" dealt="1" sum="60"/>
</round>
<round no="1"><cards type="Pocket" player="oreiasccp">S8 HK</cards>
<cards type="Pocket" player="mojorisin6">D9 CJ</cards>
<action no="5" player="oreiasccp" type="23" sum="120"/>
<action no="6" player="mojorisin6" type="23" discard="1" dealt="1" sum="465"/>
<action no="7" player="oreiasccp" type="3" sum="345"/>
</round>
<round no="2"><cards type="Flop">C9 CQ H2</cards>
</round>
<round no="3"><cards type="Turn">CK</cards>
</round>
<round no="4"><cards type="River">DJ</cards>
</round>
</game>
<game gamecode="11514735333"><general><startdate>2025-06-16 05:43:16</startdate>
<round>1</round>
<failsafecounter/>
<players><player seat="10" name="oreiasccp" chips="560" dealer="0" win="0" bet="65" muck="1" rebuy="0" addon="0" merge="0" rebuychips="0" reg_code="8384807690"/>
<player seat="3" name="mojorisin6" chips="940" dealer="1" win="130" bet="125" muck="1" rebuy="0" addon="0" merge="0" rebuychips="0" reg_code="8384807644"/>
</players>
</general>
<round no="0"><action no="1" player="mojorisin6" type="15" discard="1" dealt="1" sum="5"/>
<action no="2" player="oreiasccp" type="15" sum="5"/>
<action no="3" player="mojorisin6" type="1" discard="1" dealt="1" sum="30"/>
<action no="4" player="oreiasccp" type="2" sum="60"/>
</round>
<round no="1"><cards type="Pocket" player="oreiasccp">C8 C2</cards>
<cards type="Pocket" player="mojorisin6">X X</cards>
<action no="5" player="mojorisin6" type="3" discard="1" dealt="1" sum="30"/>
<action no="6" player="oreiasccp" type="4" sum="0"/>
</round>
<round no="2"><cards type="Flop">HJ H3 SJ</cards>
<action no="7" player="oreiasccp" type="4" sum="0"/>
<action no="8" player="mojorisin6" type="5" discard="1" dealt="1" sum="60"/>
<action no="9" player="oreiasccp" type="0" sum="0"/>
</round>
</game>
<game gamecode="11514735415"><general><startdate>2025-06-16 05:43:55</startdate>
<round>1</round>
<failsafecounter/>
<players><player seat="3" name="mojorisin6" chips="1,005" dealer="0" win="0" bet="65" muck="1" rebuy="0" addon="0" merge="0" rebuychips="0" reg_code="8384807644"/>
<player seat="10" name="oreiasccp" chips="495" dealer="1" win="130" bet="245" muck="1" rebuy="0" addon="0" merge="0" rebuychips="0" reg_code="8384807690"/>
</players>
</general>
<round no="0"><action no="1" player="oreiasccp" type="15" sum="5"/>
<action no="2" player="mojorisin6" type="15" discard="1" dealt="1" sum="5"/>
<action no="3" player="oreiasccp" type="1" sum="30"/>
<action no="4" player="mojorisin6" type="2" discard="1" dealt="1" sum="60"/>
</round>
<round no="1"><cards type="Pocket" player="mojorisin6">X X</cards>
<cards type="Pocket" player="oreiasccp">S10 SK</cards>
<action no="5" player="oreiasccp" type="3" sum="30"/>
<action no="6" player="mojorisin6" type="4" discard="1" dealt="1" sum="0"/>
</round>
<round no="2"><cards type="Flop">D7 S6 S9</cards>
<action no="7" player="mojorisin6" type="4" discard="1" dealt="1" sum="0"/>
<action no="8" player="oreiasccp" type="4" sum="0"/>
</round>
<round no="3"><cards type="Turn">D2</cards>
<action no="9" player="mojorisin6" type="4" discard="1" dealt="1" sum="0"/>
<action no="10" player="oreiasccp" type="4" sum="0"/>
</round>
<round no="4"><cards type="River">S2</cards>
<action no="11" player="mojorisin6" type="4" discard="1" dealt="1" sum="0"/>
<action no="12" player="oreiasccp" type="5" sum="180"/>
<action no="13" player="mojorisin6" type="0" discard="1" dealt="1" sum="0"/>
</round>
</game>
<game gamecode="11514735540"><general><startdate>2025-06-16 05:44:48</startdate>
<round>1</round>
<failsafecounter/>
<players><player seat="10" name="oreiasccp" chips="560" dealer="0" win="0" bet="88" muck="1" rebuy="0" addon="0" merge="0" rebuychips="0" reg_code="8384807690"/>
<player seat="3" name="mojorisin6" chips="940" dealer="1" win="176" bet="940" muck="1" rebuy="0" addon="0" merge="0" rebuychips="0" reg_code="8384807644"/>
</players>
</general>
<round no="0"><action no="1" player="mojorisin6" type="15" discard="1" dealt="1" sum="8"/>
<action no="2" player="oreiasccp" type="15" sum="8"/>
<action no="3" player="mojorisin6" type="1" discard="1" dealt="1" sum="40"/>
<action no="4" player="oreiasccp" type="2" sum="80"/>
</round>
<round no="1"><cards type="Pocket" player="oreiasccp">S8 S3</cards>
<cards type="Pocket" player="mojorisin6">X X</cards>
<action no="5" player="mojorisin6" type="23" discard="1" dealt="1" sum="932"/>
<action no="6" player="oreiasccp" type="0" sum="0"/>
</round>
</game>
<game gamecode="11514735564"><general><startdate>2025-06-16 05:44:58</startdate>
<round>1</round>
<failsafecounter/>
<players><player seat="3" name="mojorisin6" chips="1,028" dealer="0" win="944" bet="472" muck="0" rebuy="0" addon="0" merge="0" rebuychips="0" reg_code="8384807644"/>
<player seat="10" name="oreiasccp" chips="472" dealer="1" win="0" bet="472" muck="0" rebuy="0" addon="0" merge="0" rebuychips="0" reg_code="8384807690"/>
</players>
</general>
<round no="0"><action no="1" player="oreiasccp" type="15" sum="8"/>
<action no="2" player="mojorisin6" type="15" discard="1" dealt="1" sum="8"/>
<action no="3" player="oreiasccp" type="1" sum="40"/>
<action no="4" player="mojorisin6" type="2" discard="1" dealt="1" sum="80"/>
</round>
<round no="1"><cards type="Pocket" player="mojorisin6">DJ H10</cards>
<cards type="Pocket" player="oreiasccp">CK H4</cards>
<action no="5" player="oreiasccp" type="23" sum="464"/>
<action no="6" player="mojorisin6" type="3" discard="1" dealt="1" sum="384"/>
</round>
<round no="2"><cards type="Flop">CJ H8 SQ</cards>
</round>
<round no="3"><cards type="Turn">S7</cards>
</round>
<round no="4"><cards type="River">DQ</cards>
</round>
</game>
</session>
