<?xml version="1.0" encoding="UTF-8"?>
<session sessioncode="8384808101">
<general>
<client_version>24.7.1.16</client_version>
<mode>real</mode>
<gametype>Holdem NL</gametype>
<tablename>Twister €5 SNG, 1127557648</tablename>
<tournamentcode>1127557647</tournamentcode>
<tournamentname>Twister €5 SNG</tournamentname>
<buyin>€0 + €0.35 + €4.65</buyin>
<totalbuyin>€5</totalbuyin>
<rewarddrawn>€15</rewarddrawn>
<tournamentcurrency>EUR</tournamentcurrency>
<currency>EUR</currency>
<nickname>oreiasccp</nickname>
<gamecount>21</gamecount>
<startdate>2025-06-16 05:39:05</startdate>
<place>1</place>
<win>€15</win>
<tablesize>3</tablesize>
</general>
<game gamecode="11514734884"><general><startdate>2025-06-16 05:39:20</startdate>
<round>1</round>
<failsafecounter/>
<players><player seat="10" name="Dyanno" chips="500" dealer="0" win="0" bet="103" muck="0" rebuy="0" addon="0" merge="0" rebuychips="0" reg_code="8384808109"/>
<player seat="3" name="oreiasccp" chips="500" dealer="1" win="216" bet="103" muck="0" rebuy="0" addon="0" merge="0" rebuychips="0" reg_code="8384808101"/>
<player seat="6" name="BahTOBUK" chips="500" dealer="0" win="0" bet="10" muck="1" rebuy="0" addon="0" merge="0" rebuychips="0" reg_code="8384808099"/>
</players>
</general>
<round no="0"><action no="1" player="BahTOBUK" type="1" discard="1" dealt="1" sum="10"/>
<action no="2" player="Dyanno" type="2" discard="1" dealt="1" sum="20"/>
</round>
<round no="1"><cards type="Pocket" player="BahTOBUK">X X</cards>
<cards type="Pocket" player="Dyanno">H7 SJ</cards>
<cards type="Pocket" player="oreiasccp">DA SK</cards>
<action no="3" player="oreiasccp" type="23" sum="40"/>
<action no="4" player="BahTOBUK" type="0" discard="1" dealt="1" sum="0"/>
<action no="5" player="Dyanno" type="3" discard="1" dealt="1" sum="20"/>
</round>
<round no="2"><cards type="Flop">HJ H6 DQ</cards>
<action no="6" player="Dyanno" type="4" discard="1" dealt="1" sum="0"/>
<action no="7" player="oreiasccp" type="5" sum="23"/>
<action no="8" player="Dyanno" type="3" discard="1" dealt="1" sum="23"/>
</round>
<round no="3"><cards type="Turn">SQ</cards>
<action no="9" player="Dyanno" type="4" discard="1" dealt="1" sum="0"/>
<action no="10" player="oreiasccp" type="4" sum="0"/>
</round>
<round no="4"><cards type="River">HK</cards>
<action no="11" player="Dyanno" type="5" discard="1" dealt="1" sum="40"/>
<action no="12" player="oreiasccp" type="3" sum="40"/>
</round>
</game>
<game gamecode="11514734944"><general><startdate>2025-06-16 05:39:54</startdate>
<round>1</round>
<failsafecounter/>
<players><player seat="3" name="oreiasccp" chips="613" dealer="0" win="0" bet="20" muck="1" rebuy="0" addon="0" merge="0" rebuychips="0" reg_code="8384808101"/>
<player seat="6" name="BahTOBUK" chips="490" dealer="1" win="0" bet="0" muck="1" rebuy="0" addon="0" merge="0" rebuychips="0" reg_code="8384808099"/>
<player seat="10" name="Dyanno" chips="397" dealer="0" win="40" bet="40" muck="1" rebuy="0" addon="0" merge="0" rebuychips="0" reg_code="8384808109"/>
</players>
</general>
<round no="0"><action no="1" player="Dyanno" type="1" discard="1" dealt="1" sum="10"/>
<action no="2" player="oreiasccp" type="2" sum="20"/>
</round>
<round no="1"><cards type="Pocket" player="Dyanno">X X</cards>
<cards type="Pocket" player="oreiasccp">SJ C5</cards>
<cards type="Pocket" player="BahTOBUK">X X</cards>
<action no="3" player="BahTOBUK" type="0" discard="1" dealt="1" sum="0"/>
<action no="4" player="Dyanno" type="23" discard="1" dealt="1" sum="40"/>
<action no="5" player="oreiasccp" type="0" sum="0"/>
</round>
</game>
<game gamecode="11514734988"><general><startdate>2025-06-16 05:40:16</startdate>
<round>1</round>
<failsafecounter/>
<players><player seat="6" name="BahTOBUK" chips="490" dealer="0" win="206" bet="257" muck="1" rebuy="0" addon="0" merge="0" rebuychips="0" reg_code="8384808099"/>
<player seat="10" name="Dyanno" chips="417" dealer="1" win="0" bet="0" muck="1" rebuy="0" addon="0" merge="0" rebuychips="0" reg_code="8384808109"/>
<player seat="3" name="oreiasccp" chips="593" dealer="0" win="0" bet="103" muck="1" rebuy="0" addon="0" merge="0" rebuychips="0" reg_code="8384808101"/>
</players>
</general>
<round no="0"><action no="1" player="oreiasccp" type="1" sum="10"/>
<action no="2" player="BahTOBUK" type="2" discard="1" dealt="1" sum="20"/>
</round>
<round no="1"><cards type="Pocket" player="oreiasccp">S8 DJ</cards>
<cards type="Pocket" player="BahTOBUK">X X</cards>
<cards type="Pocket" player="Dyanno">X X</cards>
<action no="3" player="Dyanno" type="0" discard="1" dealt="1" sum="0"/>
<action no="4" player="oreiasccp" type="23" sum="40"/>
<action no="5" player="BahTOBUK" type="3" discard="1" dealt="1" sum="20"/>
</round>
<round no="2"><cards type="Flop">D2 S9 C10</cards>
<action no="6" player="oreiasccp" type="5" sum="20"/>
<action no="7" player="BahTOBUK" type="3" discard="1" dealt="1" sum="20"/>
</round>
<round no="3"><cards type="Turn">H6</cards>
<action no="8" player="oreiasccp" type="5" sum="43"/>
<action no="9" player="BahTOBUK" type="3" discard="1" dealt="1" sum="43"/>
</round>
<round no="4"><cards type="River">S10</cards>
<action no="10" player="oreiasccp" type="4" sum="0"/>
<action no="11" player="BahTOBUK" type="5" discard="1" dealt="1" sum="154"/>
<action no="12" player="oreiasccp" type="0" sum="0"/>
</round>
</game>
<game gamecode="11514735100"><general><startdate>2025-06-16 05:41:12</startdate>
<round>1</round>
<failsafecounter/>
<players><player seat="10" name="Dyanno" chips="417" dealer="0" win="0" bet="20" muck="1" rebuy="0" addon="0" merge="0" rebuychips="0" reg_code="8384808109"/>
<player seat="3" name="oreiasccp" chips="490" dealer="1" win="0" bet="40" muck="1" rebuy="0" addon="0" merge="0" rebuychips="0" reg_code="8384808101"/>
<player seat="6" name="BahTOBUK" chips="593" dealer="0" win="100" bet="593" muck="1" rebuy="0" addon="0" merge="0" rebuychips="0" reg_code="8384808099"/>
</players>
</general>
<round no="0"><action no="1" player="BahTOBUK" type="1" discard="1" dealt="1" sum="10"/>
<action no="2" player="Dyanno" type="2" discard="1" dealt="1" sum="20"/>
</round>
<round no="1"><cards type="Pocket" player="oreiasccp">HK DJ</cards>
<cards type="Pocket" player="Dyanno">X X</cards>
<cards type="Pocket" player="BahTOBUK">X X</cards>
<action no="3" player="oreiasccp" type="23" sum="40"/>
<action no="4" player="BahTOBUK" type="23" discard="1" dealt="1" sum="593"/>
<action no="5" player="Dyanno" type="0" discard="1" dealt="1" sum="0"/>
<action no="6" player="oreiasccp" type="0" sum="0"/>
</round>
</game>
<game gamecode="11514735130"><general><startdate>2025-06-16 05:41:30</startdate>
<round>1</round>
<failsafecounter/>
<players><player seat="3" name="oreiasccp" chips="450" dealer="0" win="0" bet="35" muck="1" rebuy="0" addon="0" merge="0" rebuychips="0" reg_code="8384808101"/>
<player seat="6" name="BahTOBUK" chips="653" dealer="1" win="829" bet="653" muck="0" rebuy="0" addon="0" merge="0" rebuychips="0" reg_code="8384808099"/>
<player seat="10" name="Dyanno" chips="397" dealer="0" win="0" bet="397" muck="1" rebuy="0" addon="0" merge="0" rebuychips="0" reg_code="8384808109"/>
</players>
</general>
<round no="0"><action no="1" player="Dyanno" type="15" discard="1" dealt="1" sum="5"/>
<action no="2" player="oreiasccp" type="15" sum="5"/>
<action no="3" player="BahTOBUK" type="15" discard="1" dealt="1" sum="5"/>
<action no="4" player="Dyanno" type="1" discard="1" dealt="1" sum="15"/>
<action no="5" player="oreiasccp" type="2" sum="30"/>
</round>
<round no="1"><cards type="Pocket" player="oreiasccp">S3 D8</cards>
<cards type="Pocket" player="BahTOBUK">CJ CQ</cards>
<cards type="Pocket" player="Dyanno">C3 HA</cards>
<action no="6" player="BahTOBUK" type="23" discard="1" dealt="1" sum="60"/>
<action no="7" player="Dyanno" type="3" discard="1" dealt="1" sum="45"/>
<action no="8" player="oreiasccp" type="0" sum="0"/>
</round>
<round no="2"><cards type="Flop">S4 C2 CA</cards>
<action no="9" player="Dyanno" type="5" discard="1" dealt="1" sum="60"/>
<action no="10" player="BahTOBUK" type="3" discard="1" dealt="1" sum="60"/>
</round>
<round no="3"><cards type="Turn">C7</cards>
<action no="11" player="Dyanno" type="4" discard="1" dealt="1" sum="0"/>
<action no="12" player="BahTOBUK" type="5" discard="1" dealt="1" sum="528"/>
<action no="13" player="Dyanno" type="7" discard="1" dealt="1" sum="272"/>
</round>
<round no="4"><cards type="River">SA</cards>
</round>
</game>
<game gamecode="11514735200"><general><startdate>2025-06-16 05:42:12</startdate>
<round>1</round>
<failsafecounter/>
<players><player seat="6" name="BahTOBUK" chips="1,085" dealer="0" win="0" bet="35" muck="1" rebuy="0" addon="0" merge="0" rebuychips="0" reg_code="8384808099"/>
<player seat="3" name="oreiasccp" chips="415" dealer="1" win="70" bet="65" muck="1" rebuy="0" addon="0" merge="0" rebuychips="0" reg_code="8384808101"/>
</players>
</general>
<round no="0"><action no="1" player="oreiasccp" type="15" sum="5"/>
<action no="2" player="BahTOBUK" type="15" discard="1" dealt="1" sum="5"/>
<action no="3" player="oreiasccp" type="1" sum="15"/>
<action no="4" player="BahTOBUK" type="2" discard="1" dealt="1" sum="30"/>
</round>
<round no="1"><cards type="Pocket" player="BahTOBUK">X X</cards>
<cards type="Pocket" player="oreiasccp">D4 D5</cards>
<action no="5" player="oreiasccp" type="3" sum="15"/>
<action no="6" player="BahTOBUK" type="4" discard="1" dealt="1" sum="0"/>
</round>
<round no="2"><cards type="Flop">D2 D9 C7</cards>
<action no="7" player="BahTOBUK" type="4" discard="1" dealt="1" sum="0"/>
<action no="8" player="oreiasccp" type="5" sum="30"/>
<action no="9" player="BahTOBUK" type="0" discard="1" dealt="1" sum="0"/>
</round>
</game>
<game gamecode="11514735228"><general><startdate>2025-06-16 05:42:26</startdate>
<round>1</round>
<failsafecounter/>
<players><player seat="3" name="oreiasccp" chips="450" dealer="0" win="40" bet="35" muck="1" rebuy="0" addon="0" merge="0" rebuychips="0" reg_code="8384808101"/>
<player seat="6" name="BahTOBUK" chips="1,050" dealer="1" win="0" bet="20" muck="1" rebuy="0" addon="0" merge="0" rebuychips="0" reg_code="8384808099"/>
</players>
</general>
<round no="0"><action no="1" player="BahTOBUK" type="15" discard="1" dealt="1" sum="5"/>
<action no="2" player="oreiasccp" type="15" sum="5"/>
<action no="3" player="BahTOBUK" type="1" discard="1" dealt="1" sum="15"/>
<action no="4" player="oreiasccp" type="2" sum="30"/>
</round>
<round no="1"><cards type="Pocket" player="oreiasccp">DJ H10</cards>
<cards type="Pocket" player="BahTOBUK">X X</cards>
<action no="5" player="BahTOBUK" type="0" discard="1" dealt="1" sum="0"/>
</round>
</game>
<game gamecode="11514735252"><general><startdate>2025-06-16 05:42:36</startdate>
<round>1</round>
<failsafecounter/>
<players><player seat="6" name="BahTOBUK" chips="1,030" dealer="0" win="70" bet="1,030" muck="1" rebuy="0" addon="0" merge="0" rebuychips="0" reg_code="8384808099"/>
<player seat="3" name="oreiasccp" chips="470" dealer="1" win="0" bet="35" muck="1" rebuy="0" addon="0" merge="0" rebuychips="0" reg_code="8384808101"/>
</players>
</general>
<round no="0"><action no="1" player="oreiasccp" type="15" sum="5"/>
<action no="2" player="BahTOBUK" type="15" discard="1" dealt="1" sum="5"/>
<action no="3" player="oreiasccp" type="1" sum="15"/>
<action no="4" player="BahTOBUK" type="2" discard="1" dealt="1" sum="30"/>
</round>
<round no="1"><cards type="Pocket" player="BahTOBUK">X X</cards>
<cards type="Pocket" player="oreiasccp">C5 SJ</cards>
<action no="5" player="oreiasccp" type="3" sum="15"/>
<action no="6" player="BahTOBUK" type="23" discard="1" dealt="1" sum="1,025"/>
<action no="7" player="oreiasccp" type="0" sum="0"/>
</round>
</game>
<game gamecode="11514735296"><general><startdate>2025-06-16 05:42:57</startdate>
<round>1</round>
<failsafecounter/>
<players><player seat="3" name="oreiasccp" chips="435" dealer="0" win="130" bet="177" muck="1" rebuy="0" addon="0" merge="0" rebuychips="0" reg_code="8384808101"/>
<player seat="6" name="BahTOBUK" chips="1,065" dealer="1" win="0" bet="65" muck="1" rebuy="0" addon="0" merge="0" rebuychips="0" reg_code="8384808099"/>
</players>
</general>
<round no="0"><action no="1" player="BahTOBUK" type="15" discard="1" dealt="1" sum="5"/>
<action no="2" player="oreiasccp" type="15" sum="5"/>
<action no="3" player="BahTOBUK" type="1" discard="1" dealt="1" sum="15"/>
<action no="4" player="oreiasccp" type="2" sum="30"/>
</round>
<round no="1"><cards type="Pocket" player="BahTOBUK">X X</cards>
<cards type="Pocket" player="oreiasccp">C5 S4</cards>
<action no="5" player="BahTOBUK" type="3" discard="1" dealt="1" sum="15"/>
<action no="6" player="oreiasccp" type="4" sum="0"/>
</round>
<round no="2"><cards type="Flop">D2 D10 H6</cards>
<action no="7" player="oreiasccp" type="4" sum="0"/>
<action no="8" player="BahTOBUK" type="5" discard="1" dealt="1" sum="30"/>
<action no="9" player="oreiasccp" type="3" sum="30"/>
</round>
<round no="3"><cards type="Turn">HJ</cards>
<action no="10" player="oreiasccp" type="4" sum="0"/>
<action no="11" player="BahTOBUK" type="4" discard="1" dealt="1" sum="0"/>
</round>
<round no="4"><cards type="River">S3</cards>
<action no="12" player="oreiasccp" type="5" sum="112"/>
<action no="13" player="BahTOBUK" type="0" discard="1" dealt="1" sum="0"/>
</round>
</game>
<game gamecode="11514735372"><general><startdate>2025-06-16 05:43:33</startdate>
<round>1</round>
<failsafecounter/>
<players><player seat="6" name="BahTOBUK" chips="1,000" dealer="0" win="170" bet="212" muck="1" rebuy="0" addon="0" merge="0" rebuychips="0" reg_code="8384808099"/>
<player seat="3" name="oreiasccp" chips="500" dealer="1" win="0" bet="85" muck="1" rebuy="0" addon="0" merge="0" rebuychips="0" reg_code="8384808101"/>
</players>
</general>
<round no="0"><action no="1" player="oreiasccp" type="15" sum="5"/>
<action no="2" player="BahTOBUK" type="15" discard="1" dealt="1" sum="5"/>
<action no="3" player="oreiasccp" type="1" sum="20"/>
<action no="4" player="BahTOBUK" type="2" discard="1" dealt="1" sum="40"/>
</round>
<round no="1"><cards type="Pocket" player="BahTOBUK">X X</cards>
<cards type="Pocket" player="oreiasccp">DJ D2</cards>
<action no="5" player="oreiasccp" type="3" sum="20"/>
<action no="6" player="BahTOBUK" type="4" discard="1" dealt="1" sum="0"/>
</round>
<round no="2"><cards type="Flop">D3 S7 C5</cards>
<action no="7" player="BahTOBUK" type="4" discard="1" dealt="1" sum="0"/>
<action no="8" player="oreiasccp" type="5" sum="40"/>
<action no="9" player="BahTOBUK" type="3" discard="1" dealt="1" sum="40"/>
</round>
<round no="3"><cards type="Turn">H6</cards>
<action no="10" player="BahTOBUK" type="4" discard="1" dealt="1" sum="0"/>
<action no="11" player="oreiasccp" type="4" sum="0"/>
</round>
<round no="4"><cards type="River">H7</cards>
<action no="12" player="BahTOBUK" type="5" discard="1" dealt="1" sum="127"/>
<action no="13" player="oreiasccp" type="0" sum="0"/>
</round>
</game>
<game gamecode="11514735469"><general><startdate>2025-06-16 05:44:20</startdate>
<round>1</round>
<failsafecounter/>
<players><player seat="3" name="oreiasccp" chips="415" dealer="0" win="90" bet="415" muck="1" rebuy="0" addon="0" merge="0" rebuychips="0" reg_code="8384808101"/>
<player seat="6" name="BahTOBUK" chips="1,085" dealer="1" win="0" bet="45" muck="1" rebuy="0" addon="0" merge="0" rebuychips="0" reg_code="8384808099"/>
</players>
</general>
<round no="0"><action no="1" player="BahTOBUK" type="15" discard="1" dealt="1" sum="5"/>
<action no="2" player="oreiasccp" type="15" sum="5"/>
<action no="3" player="BahTOBUK" type="1" discard="1" dealt="1" sum="20"/>
<action no="4" player="oreiasccp" type="2" sum="40"/>
</round>
<round no="1"><cards type="Pocket" player="BahTOBUK">X X</cards>
<cards type="Pocket" player="oreiasccp">D5 HQ</cards>
<action no="5" player="BahTOBUK" type="3" discard="1" dealt="1" sum="20"/>
<action no="6" player="oreiasccp" type="23" sum="410"/>
<action no="7" player="BahTOBUK" type="0" discard="1" dealt="1" sum="0"/>
</round>
</game>
<game gamecode="11514735495"><general><startdate>2025-06-16 05:44:29</startdate>
<round>1</round>
<failsafecounter/>
<players><player seat="6" name="BahTOBUK" chips="1,040" dealer="0" win="50" bet="45" muck="1" rebuy="0" addon="0" merge="0" rebuychips="0" reg_code="8384808099"/>
<player seat="3" name="oreiasccp" chips="460" dealer="1" win="0" bet="25" muck="1" rebuy="0" addon="0" merge="0" rebuychips="0" reg_code="8384808101"/>
</players>
</general>
<round no="0"><action no="1" player="oreiasccp" type="15" sum="5"/>
<action no="2" player="BahTOBUK" type="15" discard="1" dealt="1" sum="5"/>
<action no="3" player="oreiasccp" type="1" sum="20"/>
<action no="4" player="BahTOBUK" type="2" discard="1" dealt="1" sum="40"/>
</round>
<round no="1"><cards type="Pocket" player="oreiasccp">D3 S2</cards>
<cards type="Pocket" player="BahTOBUK">X X</cards>
<action no="5" player="oreiasccp" type="0" sum="0"/>
</round>
</game>
<game gamecode="11514735509"><general><startdate>2025-06-16 05:44:34</startdate>
<round>1</round>
<failsafecounter/>
<players><player seat="3" name="oreiasccp" chips="435" dealer="0" win="90" bet="125" muck="1" rebuy="0" addon="0" merge="0" rebuychips="0" reg_code="8384808101"/>
<player seat="6" name="BahTOBUK" chips="1,065" dealer="1" win="0" bet="45" muck="1" rebuy="0" addon="0" merge="0" rebuychips="0" reg_code="8384808099"/>
</players>
</general>
<round no="0"><action no="1" player="BahTOBUK" type="15" discard="1" dealt="1" sum="5"/>
<action no="2" player="oreiasccp" type="15" sum="5"/>
<action no="3" player="BahTOBUK" type="1" discard="1" dealt="1" sum="20"/>
<action no="4" player="oreiasccp" type="2" sum="40"/>
</round>
<round no="1"><cards type="Pocket" player="oreiasccp">S8 DJ</cards>
<cards type="Pocket" player="BahTOBUK">X X</cards>
<action no="5" player="BahTOBUK" type="3" discard="1" dealt="1" sum="20"/>
<action no="6" player="oreiasccp" type="23" sum="120"/>
<action no="7" player="BahTOBUK" type="0" discard="1" dealt="1" sum="0"/>
</round>
</game>
<game gamecode="11514735557"><general><startdate>2025-06-16 05:44:56</startdate>
<round>1</round>
<failsafecounter/>
<players><player seat="6" name="BahTOBUK" chips="1,020" dealer="0" win="90" bet="1,020" muck="1" rebuy="0" addon="0" merge="0" rebuychips="0" reg_code="8384808099"/>
<player seat="3" name="oreiasccp" chips="480" dealer="1" win="0" bet="45" muck="1" rebuy="0" addon="0" merge="0" rebuychips="0" reg_code="8384808101"/>
</players>
</general>
<round no="0"><action no="1" player="oreiasccp" type="15" sum="5"/>
<action no="2" player="BahTOBUK" type="15" discard="1" dealt="1" sum="5"/>
<action no="3" player="oreiasccp" type="1" sum="20"/>
<action no="4" player="BahTOBUK" type="2" discard="1" dealt="1" sum="40"/>
</round>
<round no="1"><cards type="Pocket" player="oreiasccp">SJ S8</cards>
<cards type="Pocket" player="BahTOBUK">X X</cards>
<action no="5" player="oreiasccp" type="3" sum="20"/>
<action no="6" player="BahTOBUK" type="23" discard="1" dealt="1" sum="1,015"/>
<action no="7" player="oreiasccp" type="0" sum="0"/>
</round>
</game>
<game gamecode="11514735597"><general><startdate>2025-06-16 05:45:12</startdate>
<round>1</round>
<failsafecounter/>
<players><player seat="3" name="oreiasccp" chips="435" dealer="0" win="50" bet="45" muck="1" rebuy="0" addon="0" merge="0" rebuychips="0" reg_code="8384808101"/>
<player seat="6" name="BahTOBUK" chips="1,065" dealer="1" win="0" bet="25" muck="1" rebuy="0" addon="0" merge="0" rebuychips="0" reg_code="8384808099"/>
</players>
</general>
<round no="0"><action no="1" player="BahTOBUK" type="15" discard="1" dealt="1" sum="5"/>
<action no="2" player="oreiasccp" type="15" sum="5"/>
<action no="3" player="BahTOBUK" type="1" discard="1" dealt="1" sum="20"/>
<action no="4" player="oreiasccp" type="2" sum="40"/>
</round>
<round no="1"><cards type="Pocket" player="BahTOBUK">X X</cards>
<cards type="Pocket" player="oreiasccp">C9 C2</cards>
<action no="5" player="BahTOBUK" type="0" discard="1" dealt="1" sum="0"/>
</round>
</game>
<game gamecode="11514735634"><general><startdate>2025-06-16 05:45:31</startdate>
<round>1</round>
<failsafecounter/>
<players><player seat="6" name="BahTOBUK" chips="1,040" dealer="0" win="0" bet="125" muck="1" rebuy="0" addon="0" merge="0" rebuychips="0" reg_code="8384808099"/>
<player seat="3" name="oreiasccp" chips="460" dealer="1" win="250" bet="125" muck="0" rebuy="0" addon="0" merge="0" rebuychips="0" reg_code="8384808101"/>
</players>
</general>
<round no="0"><action no="1" player="oreiasccp" type="15" sum="5"/>
<action no="2" player="BahTOBUK" type="15" discard="1" dealt="1" sum="5"/>
<action no="3" player="oreiasccp" type="1" sum="30"/>
<action no="4" player="BahTOBUK" type="2" discard="1" dealt="1" sum="60"/>
</round>
<round no="1"><cards type="Pocket" player="BahTOBUK">C9 S2</cards>
<cards type="Pocket" player="oreiasccp">S9 C7</cards>
<action no="5" player="oreiasccp" type="3" sum="30"/>
<action no="6" player="BahTOBUK" type="4" discard="1" dealt="1" sum="0"/>
</round>
<round no="2"><cards type="Flop">H9 D10 DJ</cards>
<action no="7" player="BahTOBUK" type="4" discard="1" dealt="1" sum="0"/>
<action no="8" player="oreiasccp" type="4" sum="0"/>
</round>
<round no="3"><cards type="Turn">H4</cards>
<action no="9" player="BahTOBUK" type="4" discard="1" dealt="1" sum="0"/>
<action no="10" player="oreiasccp" type="4" sum="0"/>
</round>
<round no="4"><cards type="River">D7</cards>
<action no="11" player="BahTOBUK" type="4" discard="1" dealt="1" sum="0"/>
<action no="12" player="oreiasccp" type="5" sum="60"/>
<action no="13" player="BahTOBUK" type="3" discard="1" dealt="1" sum="60"/>
</round>
</game>
<game gamecode="11514735704"><general><startdate>2025-06-16 05:45:59</startdate>
<round>1</round>
<failsafecounter/>
<players><player seat="3" name="oreiasccp" chips="585" dealer="0" win="70" bet="65" muck="1" rebuy="0" addon="0" merge="0" rebuychips="0" reg_code="8384808101"/>
<player seat="6" name="BahTOBUK" chips="915" dealer="1" win="0" bet="35" muck="1" rebuy="0" addon="0" merge="0" rebuychips="0" reg_code="8384808099"/>
</players>
</general>
<round no="0"><action no="1" player="BahTOBUK" type="15" discard="1" dealt="1" sum="5"/>
<action no="2" player="oreiasccp" type="15" sum="5"/>
<action no="3" player="BahTOBUK" type="1" discard="1" dealt="1" sum="30"/>
<action no="4" player="oreiasccp" type="2" sum="60"/>
</round>
<round no="1"><cards type="Pocket" player="BahTOBUK">X X</cards>
<cards type="Pocket" player="oreiasccp">H3 H7</cards>
<action no="5" player="BahTOBUK" type="0" discard="1" dealt="1" sum="0"/>
</round>
</game>
<game gamecode="11514735723"><general><startdate>2025-06-16 05:46:07</startdate>
<round>1</round>
<failsafecounter/>
<players><player seat="6" name="BahTOBUK" chips="880" dealer="0" win="0" bet="880" muck="1" rebuy="0" addon="0" merge="0" rebuychips="0" reg_code="8384808099"/>
<player seat="3" name="oreiasccp" chips="620" dealer="1" win="1,240" bet="620" muck="0" rebuy="0" addon="0" merge="0" rebuychips="0" reg_code="8384808101"/>
</players>
</general>
<round no="0"><action no="1" player="oreiasccp" type="15" sum="5"/>
<action no="2" player="BahTOBUK" type="15" discard="1" dealt="1" sum="5"/>
<action no="3" player="oreiasccp" type="1" sum="30"/>
<action no="4" player="BahTOBUK" type="2" discard="1" dealt="1" sum="60"/>
</round>
<round no="1"><cards type="Pocket" player="BahTOBUK">CQ SK</cards>
<cards type="Pocket" player="oreiasccp">SJ CA</cards>
<action no="5" player="oreiasccp" type="3" sum="30"/>
<action no="6" player="BahTOBUK" type="23" discard="1" dealt="1" sum="875"/>
<action no="7" player="oreiasccp" type="7" sum="555"/>
</round>
<round no="2"><cards type="Flop">H6 C3 DA</cards>
</round>
<round no="3"><cards type="Turn">C2</cards>
</round>
<round no="4"><cards type="River">S2</cards>
</round>
</game>
<game gamecode="11514738292"><general><startdate>2025-06-16 05:46:25</startdate>
<round>1</round>
<failsafecounter/>
<players><player seat="3" name="oreiasccp" chips="1,240" dealer="0" win="70" bet="65" muck="1" rebuy="0" addon="0" merge="0" rebuychips="0" reg_code="8384808101"/>
<player seat="6" name="BahTOBUK" chips="260" dealer="1" win="0" bet="35" muck="1" rebuy="0" addon="0" merge="0" rebuychips="0" reg_code="8384808099"/>
</players>
</general>
<round no="0"><action no="1" player="BahTOBUK" type="15" discard="1" dealt="1" sum="5"/>
<action no="2" player="oreiasccp" type="15" sum="5"/>
<action no="3" player="BahTOBUK" type="1" discard="1" dealt="1" sum="30"/>
<action no="4" player="oreiasccp" type="2" sum="60"/>
</round>
<round no="1"><cards type="Pocket" player="BahTOBUK">X X</cards>
<cards type="Pocket" player="oreiasccp">S2 S6</cards>
<action no="5" player="BahTOBUK" type="0" discard="1" dealt="1" sum="0"/>
</round>
</game>
<game gamecode="11514738304"><general><startdate>2025-06-16 05:46:32</startdate>
<round>1</round>
<failsafecounter/>
<players><player seat="6" name="BahTOBUK" chips="225" dealer="0" win="70" bet="65" muck="1" rebuy="0" addon="0" merge="0" rebuychips="0" reg_code="8384808099"/>
<player seat="3" name="oreiasccp" chips="1,275" dealer="1" win="0" bet="35" muck="1" rebuy="0" addon="0" merge="0" rebuychips="0" reg_code="8384808101"/>
</players>
</general>
<round no="0"><action no="1" player="oreiasccp" type="15" sum="5"/>
<action no="2" player="BahTOBUK" type="15" discard="1" dealt="1" sum="5"/>
<action no="3" player="oreiasccp" type="1" sum="30"/>
<action no="4" player="BahTOBUK" type="2" discard="1" dealt="1" sum="60"/>
</round>
<round no="1"><cards type="Pocket" player="BahTOBUK">X X</cards>
<cards type="Pocket" player="oreiasccp">H3 D4</cards>
<action no="5" player="oreiasccp" type="0" sum="0"/>
</round>
</game>
<game gamecode="11514738315"><general><startdate>2025-06-16 05:46:38</startdate>
<round>1</round>
<failsafecounter/>
<players><player seat="3" name="oreiasccp" chips="1,240" dealer="0" win="520" bet="260" muck="0" rebuy="0" addon="0" merge="0" rebuychips="0" reg_code="8384808101"/>
<player seat="6" name="BahTOBUK" chips="260" dealer="1" win="0" bet="260" muck="0" rebuy="0" addon="0" merge="0" rebuychips="0" reg_code="8384808099"/>
</players>
</general>
<round no="0"><action no="1" player="BahTOBUK" type="15" discard="1" dealt="1" sum="5"/>
<action no="2" player="oreiasccp" type="15" sum="5"/>
<action no="3" player="BahTOBUK" type="1" discard="1" dealt="1" sum="30"/>
<action no="4" player="oreiasccp" type="2" sum="60"/>
</round>
<round no="1"><cards type="Pocket" player="BahTOBUK">DK S8</cards>
<cards type="Pocket" player="oreiasccp">D4 DJ</cards>
<action no="5" player="BahTOBUK" type="23" discard="1" dealt="1" sum="255"/>
<action no="6" player="oreiasccp" type="3" sum="195"/>
</round>
<round no="2"><cards type="Flop">C8 S3 C10</cards>
</round>
<round no="3"><cards type="Turn">SJ</cards>
</round>
<round no="4"><cards type="River">C3</cards>
</round>
</game>
</session>
