<?xml version="1.0" encoding="UTF-8"?>
<session sessioncode="8384806423">
<general>
<client_version>24.7.1.16</client_version>
<mode>real</mode>
<gametype>Holdem NL</gametype>
<tablename>Twister €5 SNG, 1127557299</tablename>
<tournamentcode>1127557298</tournamentcode>
<tournamentname>Twister €5 SNG</tournamentname>
<buyin>€0 + €0.35 + €4.65</buyin>
<totalbuyin>€5</totalbuyin>
<rewarddrawn>€10</rewarddrawn>
<tournamentcurrency>EUR</tournamentcurrency>
<currency>EUR</currency>
<nickname>oreiasccp</nickname>
<gamecount>38</gamecount>
<startdate>2025-06-16 05:26:59</startdate>
<place>1</place>
<win>€10</win>
<tablesize>3</tablesize>
</general>
<game gamecode="11514729865"><general><startdate>2025-06-16 05:27:14</startdate>
<round>1</round>
<failsafecounter/>
<players><player seat="10" name="Neubla5634" chips="500" dealer="0" win="20" bet="20" muck="1" rebuy="0" addon="0" merge="0" rebuychips="0" reg_code="8384806513"/>
<player seat="3" name="oreiasccp" chips="500" dealer="1" win="0" bet="0" muck="1" rebuy="0" addon="0" merge="0" rebuychips="0" reg_code="8384806423"/>
<player seat="6" name="bugbleak584" chips="500" dealer="0" win="0" bet="10" muck="1" rebuy="0" addon="0" merge="0" rebuychips="0" reg_code="8384806508"/>
</players>
</general>
<round no="0"><action no="1" player="bugbleak584" type="1" discard="1" dealt="1" sum="10"/>
<action no="2" player="Neubla5634" type="2" discard="1" dealt="1" sum="20"/>
</round>
<round no="1"><cards type="Pocket" player="Neubla5634">X X</cards>
<cards type="Pocket" player="bugbleak584">X X</cards>
<cards type="Pocket" player="oreiasccp">D4 D3</cards>
<action no="3" player="oreiasccp" type="0" sum="0"/>
<action no="4" player="bugbleak584" type="0" discard="1" dealt="1" sum="0"/>
</round>
</game>
<game gamecode="11514729880"><general><startdate>2025-06-16 05:27:23</startdate>
<round>1</round>
<failsafecounter/>
<players><player seat="3" name="oreiasccp" chips="500" dealer="0" win="1,000" bet="500" muck="0" rebuy="0" addon="0" merge="0" rebuychips="0" reg_code="8384806423"/>
<player seat="6" name="bugbleak584" chips="490" dealer="1" win="0" bet="0" muck="1" rebuy="0" addon="0" merge="0" rebuychips="0" reg_code="8384806508"/>
<player seat="10" name="Neubla5634" chips="510" dealer="0" win="0" bet="500" muck="1" rebuy="0" addon="0" merge="0" rebuychips="0" reg_code="8384806513"/>
</players>
</general>
<round no="0"><action no="1" player="Neubla5634" type="1" discard="1" dealt="1" sum="10"/>
<action no="2" player="oreiasccp" type="2" sum="20"/>
</round>
<round no="1"><cards type="Pocket" player="oreiasccp">DJ SA</cards>
<cards type="Pocket" player="bugbleak584">X X</cards>
<cards type="Pocket" player="Neubla5634">S7 DQ</cards>
<action no="3" player="bugbleak584" type="0" discard="1" dealt="1" sum="0"/>
<action no="4" player="Neubla5634" type="3" discard="1" dealt="1" sum="10"/>
<action no="5" player="oreiasccp" type="23" sum="60"/>
<action no="6" player="Neubla5634" type="23" discard="1" dealt="1" sum="100"/>
<action no="7" player="oreiasccp" type="23" sum="500"/>
<action no="8" player="Neubla5634" type="3" discard="1" dealt="1" sum="400"/>
</round>
<round no="2"><cards type="Flop">D6 H10 DA</cards>
</round>
<round no="3"><cards type="Turn">C10</cards>
</round>
<round no="4"><cards type="River">D3</cards>
</round>
</game>
<game gamecode="11514729928"><general><startdate>2025-06-16 05:27:47</startdate>
<round>1</round>
<failsafecounter/>
<players><player seat="6" name="bugbleak584" chips="490" dealer="0" win="0" bet="253" muck="1" rebuy="0" addon="0" merge="0" rebuychips="0" reg_code="8384806508"/>
<player seat="10" name="Neubla5634" chips="10" dealer="1" win="0" bet="10" muck="0" rebuy="0" addon="0" merge="0" rebuychips="0" reg_code="8384806513"/>
<player seat="3" name="oreiasccp" chips="1,000" dealer="0" win="516" bet="253" muck="0" rebuy="0" addon="0" merge="0" rebuychips="0" reg_code="8384806423"/>
</players>
</general>
<round no="0"><action no="1" player="oreiasccp" type="1" sum="10"/>
<action no="2" player="bugbleak584" type="2" discard="1" dealt="1" sum="20"/>
</round>
<round no="1"><cards type="Pocket" player="bugbleak584">H9 D10</cards>
<cards type="Pocket" player="oreiasccp">SJ SA</cards>
<cards type="Pocket" player="Neubla5634">D8 S10</cards>
<action no="3" player="Neubla5634" type="7" discard="1" dealt="1" sum="10"/>
<action no="4" player="oreiasccp" type="23" sum="70"/>
<action no="5" player="bugbleak584" type="3" discard="1" dealt="1" sum="50"/>
</round>
<round no="2"><cards type="Flop">HA HK C9</cards>
<action no="6" player="oreiasccp" type="5" sum="54"/>
<action no="7" player="bugbleak584" type="3" discard="1" dealt="1" sum="54"/>
</round>
<round no="3"><cards type="Turn">SK</cards>
<action no="8" player="oreiasccp" type="4" sum="0"/>
<action no="9" player="bugbleak584" type="5" discard="1" dealt="1" sum="129"/>
<action no="10" player="oreiasccp" type="3" sum="129"/>
</round>
<round no="4"><cards type="River">H5</cards>
<action no="11" player="oreiasccp" type="4" sum="0"/>
<action no="12" player="bugbleak584" type="4" discard="1" dealt="1" sum="0"/>
</round>
</game>
<game gamecode="11514729980"><general><startdate>2025-06-16 05:28:13</startdate>
<round>1</round>
<failsafecounter/>
<players><player seat="6" name="bugbleak584" chips="237" dealer="0" win="0" bet="20" muck="1" rebuy="0" addon="0" merge="0" rebuychips="0" reg_code="8384806508"/>
<player seat="3" name="oreiasccp" chips="1,263" dealer="1" win="40" bet="40" muck="1" rebuy="0" addon="0" merge="0" rebuychips="0" reg_code="8384806423"/>
</players>
</general>
<round no="0"><action no="1" player="oreiasccp" type="1" sum="10"/>
<action no="2" player="bugbleak584" type="2" discard="1" dealt="1" sum="20"/>
</round>
<round no="1"><cards type="Pocket" player="oreiasccp">C5 C9</cards>
<cards type="Pocket" player="bugbleak584">X X</cards>
<action no="3" player="oreiasccp" type="3" sum="10"/>
<action no="4" player="bugbleak584" type="4" discard="1" dealt="1" sum="0"/>
</round>
<round no="2"><cards type="Flop">H9 HA C2</cards>
<action no="5" player="bugbleak584" type="4" discard="1" dealt="1" sum="0"/>
<action no="6" player="oreiasccp" type="5" sum="20"/>
<action no="7" player="bugbleak584" type="0" discard="1" dealt="1" sum="0"/>
</round>
</game>
<game gamecode="11514730010"><general><startdate>2025-06-16 05:28:28</startdate>
<round>1</round>
<failsafecounter/>
<players><player seat="3" name="oreiasccp" chips="1,283" dealer="0" win="0" bet="1,283" muck="0" rebuy="0" addon="0" merge="0" rebuychips="0" reg_code="8384806423"/>
<player seat="6" name="bugbleak584" chips="217" dealer="1" win="434" bet="217" muck="0" rebuy="0" addon="0" merge="0" rebuychips="0" reg_code="8384806508"/>
</players>
</general>
<round no="0"><action no="1" player="bugbleak584" type="1" discard="1" dealt="1" sum="10"/>
<action no="2" player="oreiasccp" type="2" sum="20"/>
</round>
<round no="1"><cards type="Pocket" player="bugbleak584">SK S7</cards>
<cards type="Pocket" player="oreiasccp">C5 DA</cards>
<action no="3" player="bugbleak584" type="23" discard="1" dealt="1" sum="60"/>
<action no="4" player="oreiasccp" type="23" sum="1,283"/>
<action no="5" player="bugbleak584" type="7" discard="1" dealt="1" sum="157"/>
</round>
<round no="2"><cards type="Flop">H6 SQ CK</cards>
</round>
<round no="3"><cards type="Turn">HK</cards>
</round>
<round no="4"><cards type="River">D3</cards>
</round>
</game>
<game gamecode="11514730048"><general><startdate>2025-06-16 05:28:51</startdate>
<round>1</round>
<failsafecounter/>
<players><player seat="6" name="bugbleak584" chips="434" dealer="0" win="120" bet="434" muck="1" rebuy="0" addon="0" merge="0" rebuychips="0" reg_code="8384806508"/>
<player seat="3" name="oreiasccp" chips="1,066" dealer="1" win="0" bet="60" muck="1" rebuy="0" addon="0" merge="0" rebuychips="0" reg_code="8384806423"/>
</players>
</general>
<round no="0"><action no="1" player="oreiasccp" type="1" sum="10"/>
<action no="2" player="bugbleak584" type="2" discard="1" dealt="1" sum="20"/>
</round>
<round no="1"><cards type="Pocket" player="bugbleak584">X X</cards>
<cards type="Pocket" player="oreiasccp">HA S2</cards>
<action no="3" player="oreiasccp" type="3" sum="10"/>
<action no="4" player="bugbleak584" type="4" discard="1" dealt="1" sum="0"/>
</round>
<round no="2"><cards type="Flop">D10 D2 DJ</cards>
<action no="5" player="bugbleak584" type="5" discard="1" dealt="1" sum="40"/>
<action no="6" player="oreiasccp" type="3" sum="40"/>
</round>
<round no="3"><cards type="Turn">D6</cards>
<action no="7" player="bugbleak584" type="4" discard="1" dealt="1" sum="0"/>
<action no="8" player="oreiasccp" type="4" sum="0"/>
</round>
<round no="4"><cards type="River">H8</cards>
<action no="9" player="bugbleak584" type="5" discard="1" dealt="1" sum="374"/>
<action no="10" player="oreiasccp" type="0" sum="0"/>
</round>
</game>
<game gamecode="11514730110"><general><startdate>2025-06-16 05:29:21</startdate>
<round>1</round>
<failsafecounter/>
<players><player seat="3" name="oreiasccp" chips="1,006" dealer="0" win="40" bet="35" muck="1" rebuy="0" addon="0" merge="0" rebuychips="0" reg_code="8384806423"/>
<player seat="6" name="bugbleak584" chips="494" dealer="1" win="0" bet="20" muck="1" rebuy="0" addon="0" merge="0" rebuychips="0" reg_code="8384806508"/>
</players>
</general>
<round no="0"><action no="1" player="bugbleak584" type="15" discard="1" dealt="1" sum="5"/>
<action no="2" player="oreiasccp" type="15" sum="5"/>
<action no="3" player="bugbleak584" type="1" discard="1" dealt="1" sum="15"/>
<action no="4" player="oreiasccp" type="2" sum="30"/>
</round>
<round no="1"><cards type="Pocket" player="oreiasccp">CA D4</cards>
<cards type="Pocket" player="bugbleak584">X X</cards>
<action no="5" player="bugbleak584" type="0" discard="1" dealt="1" sum="0"/>
</round>
</game>
<game gamecode="11514730121"><general><startdate>2025-06-16 05:29:27</startdate>
<round>1</round>
<failsafecounter/>
<players><player seat="6" name="bugbleak584" chips="474" dealer="0" win="948" bet="474" muck="0" rebuy="0" addon="0" merge="0" rebuychips="0" reg_code="8384806508"/>
<player seat="3" name="oreiasccp" chips="1,026" dealer="1" win="0" bet="474" muck="1" rebuy="0" addon="0" merge="0" rebuychips="0" reg_code="8384806423"/>
</players>
</general>
<round no="0"><action no="1" player="oreiasccp" type="15" sum="5"/>
<action no="2" player="bugbleak584" type="15" discard="1" dealt="1" sum="5"/>
<action no="3" player="oreiasccp" type="1" sum="15"/>
<action no="4" player="bugbleak584" type="2" discard="1" dealt="1" sum="30"/>
</round>
<round no="1"><cards type="Pocket" player="bugbleak584">D2 C8</cards>
<cards type="Pocket" player="oreiasccp">S3 S7</cards>
<action no="5" player="oreiasccp" type="3" sum="15"/>
<action no="6" player="bugbleak584" type="4" discard="1" dealt="1" sum="0"/>
</round>
<round no="2"><cards type="Flop">S8 H6 D3</cards>
<action no="7" player="bugbleak584" type="5" discard="1" dealt="1" sum="70"/>
<action no="8" player="oreiasccp" type="3" sum="70"/>
</round>
<round no="3"><cards type="Turn">S9</cards>
<action no="9" player="bugbleak584" type="5" discard="1" dealt="1" sum="369"/>
<action no="10" player="oreiasccp" type="3" sum="369"/>
</round>
<round no="4"><cards type="River">CJ</cards>
</round>
</game>
<game gamecode="11514730167"><general><startdate>2025-06-16 05:29:52</startdate>
<round>1</round>
<failsafecounter/>
<players><player seat="3" name="oreiasccp" chips="552" dealer="0" win="1,104" bet="552" muck="0" rebuy="0" addon="0" merge="0" rebuychips="0" reg_code="8384806423"/>
<player seat="6" name="bugbleak584" chips="948" dealer="1" win="0" bet="552" muck="1" rebuy="0" addon="0" merge="0" rebuychips="0" reg_code="8384806508"/>
</players>
</general>
<round no="0"><action no="1" player="bugbleak584" type="15" discard="1" dealt="1" sum="5"/>
<action no="2" player="oreiasccp" type="15" sum="5"/>
<action no="3" player="bugbleak584" type="1" discard="1" dealt="1" sum="15"/>
<action no="4" player="oreiasccp" type="2" sum="30"/>
</round>
<round no="1"><cards type="Pocket" player="oreiasccp">S4 H4</cards>
<cards type="Pocket" player="bugbleak584">SK HJ</cards>
<action no="5" player="bugbleak584" type="23" discard="1" dealt="1" sum="75"/>
<action no="6" player="oreiasccp" type="23" sum="547"/>
<action no="7" player="bugbleak584" type="3" discard="1" dealt="1" sum="472"/>
</round>
<round no="2"><cards type="Flop">SA H7 S8</cards>
</round>
<round no="3"><cards type="Turn">H5</cards>
</round>
<round no="4"><cards type="River">C5</cards>
</round>
</game>
<game gamecode="11514730208"><general><startdate>2025-06-16 05:30:14</startdate>
<round>1</round>
<failsafecounter/>
<players><player seat="6" name="bugbleak584" chips="396" dealer="0" win="40" bet="35" muck="1" rebuy="0" addon="0" merge="0" rebuychips="0" reg_code="8384806508"/>
<player seat="3" name="oreiasccp" chips="1,104" dealer="1" win="0" bet="20" muck="1" rebuy="0" addon="0" merge="0" rebuychips="0" reg_code="8384806423"/>
</players>
</general>
<round no="0"><action no="1" player="oreiasccp" type="15" sum="5"/>
<action no="2" player="bugbleak584" type="15" discard="1" dealt="1" sum="5"/>
<action no="3" player="oreiasccp" type="1" sum="15"/>
<action no="4" player="bugbleak584" type="2" discard="1" dealt="1" sum="30"/>
</round>
<round no="1"><cards type="Pocket" player="bugbleak584">X X</cards>
<cards type="Pocket" player="oreiasccp">H9 S3</cards>
<action no="5" player="oreiasccp" type="0" sum="0"/>
</round>
</game>
<game gamecode="11514730219"><general><startdate>2025-06-16 05:30:20</startdate>
<round>1</round>
<failsafecounter/>
<players><player seat="3" name="oreiasccp" chips="1,084" dealer="0" win="0" bet="35" muck="1" rebuy="0" addon="0" merge="0" rebuychips="0" reg_code="8384806423"/>
<player seat="6" name="bugbleak584" chips="416" dealer="1" win="70" bet="416" muck="1" rebuy="0" addon="0" merge="0" rebuychips="0" reg_code="8384806508"/>
</players>
</general>
<round no="0"><action no="1" player="bugbleak584" type="15" discard="1" dealt="1" sum="5"/>
<action no="2" player="oreiasccp" type="15" sum="5"/>
<action no="3" player="bugbleak584" type="1" discard="1" dealt="1" sum="15"/>
<action no="4" player="oreiasccp" type="2" sum="30"/>
</round>
<round no="1"><cards type="Pocket" player="bugbleak584">X X</cards>
<cards type="Pocket" player="oreiasccp">S7 H5</cards>
<action no="5" player="bugbleak584" type="23" discard="1" dealt="1" sum="411"/>
<action no="6" player="oreiasccp" type="0" sum="0"/>
</round>
</game>
<game gamecode="11514730245"><general><startdate>2025-06-16 05:30:34</startdate>
<round>1</round>
<failsafecounter/>
<players><player seat="6" name="bugbleak584" chips="451" dealer="0" win="40" bet="35" muck="1" rebuy="0" addon="0" merge="0" rebuychips="0" reg_code="8384806508"/>
<player seat="3" name="oreiasccp" chips="1,049" dealer="1" win="0" bet="20" muck="1" rebuy="0" addon="0" merge="0" rebuychips="0" reg_code="8384806423"/>
</players>
</general>
<round no="0"><action no="1" player="oreiasccp" type="15" sum="5"/>
<action no="2" player="bugbleak584" type="15" discard="1" dealt="1" sum="5"/>
<action no="3" player="oreiasccp" type="1" sum="15"/>
<action no="4" player="bugbleak584" type="2" discard="1" dealt="1" sum="30"/>
</round>
<round no="1"><cards type="Pocket" player="bugbleak584">X X</cards>
<cards type="Pocket" player="oreiasccp">C6 D2</cards>
<action no="5" player="oreiasccp" type="0" sum="0"/>
</round>
</game>
<game gamecode="11514730252"><general><startdate>2025-06-16 05:30:41</startdate>
<round>1</round>
<failsafecounter/>
<players><player seat="3" name="oreiasccp" chips="1,029" dealer="0" win="0" bet="35" muck="1" rebuy="0" addon="0" merge="0" rebuychips="0" reg_code="8384806423"/>
<player seat="6" name="bugbleak584" chips="471" dealer="1" win="70" bet="471" muck="1" rebuy="0" addon="0" merge="0" rebuychips="0" reg_code="8384806508"/>
</players>
</general>
<round no="0"><action no="1" player="bugbleak584" type="15" discard="1" dealt="1" sum="5"/>
<action no="2" player="oreiasccp" type="15" sum="5"/>
<action no="3" player="bugbleak584" type="1" discard="1" dealt="1" sum="15"/>
<action no="4" player="oreiasccp" type="2" sum="30"/>
</round>
<round no="1"><cards type="Pocket" player="oreiasccp">D2 S10</cards>
<cards type="Pocket" player="bugbleak584">X X</cards>
<action no="5" player="bugbleak584" type="23" discard="1" dealt="1" sum="466"/>
<action no="6" player="oreiasccp" type="0" sum="0"/>
</round>
</game>
<game gamecode="11514730271"><general><startdate>2025-06-16 05:30:49</startdate>
<round>1</round>
<failsafecounter/>
<players><player seat="6" name="bugbleak584" chips="506" dealer="0" win="70" bet="506" muck="1" rebuy="0" addon="0" merge="0" rebuychips="0" reg_code="8384806508"/>
<player seat="3" name="oreiasccp" chips="994" dealer="1" win="0" bet="35" muck="1" rebuy="0" addon="0" merge="0" rebuychips="0" reg_code="8384806423"/>
</players>
</general>
<round no="0"><action no="1" player="oreiasccp" type="15" sum="5"/>
<action no="2" player="bugbleak584" type="15" discard="1" dealt="1" sum="5"/>
<action no="3" player="oreiasccp" type="1" sum="15"/>
<action no="4" player="bugbleak584" type="2" discard="1" dealt="1" sum="30"/>
</round>
<round no="1"><cards type="Pocket" player="oreiasccp">DJ D5</cards>
<cards type="Pocket" player="bugbleak584">X X</cards>
<action no="5" player="oreiasccp" type="3" sum="15"/>
<action no="6" player="bugbleak584" type="23" discard="1" dealt="1" sum="501"/>
<action no="7" player="oreiasccp" type="0" sum="0"/>
</round>
</game>
<game gamecode="11514730291"><general><startdate>2025-06-16 05:30:58</startdate>
<round>1</round>
<failsafecounter/>
<players><player seat="3" name="oreiasccp" chips="959" dealer="0" win="40" bet="35" muck="1" rebuy="0" addon="0" merge="0" rebuychips="0" reg_code="8384806423"/>
<player seat="6" name="bugbleak584" chips="541" dealer="1" win="0" bet="20" muck="1" rebuy="0" addon="0" merge="0" rebuychips="0" reg_code="8384806508"/>
</players>
</general>
<round no="0"><action no="1" player="bugbleak584" type="15" discard="1" dealt="1" sum="5"/>
<action no="2" player="oreiasccp" type="15" sum="5"/>
<action no="3" player="bugbleak584" type="1" discard="1" dealt="1" sum="15"/>
<action no="4" player="oreiasccp" type="2" sum="30"/>
</round>
<round no="1"><cards type="Pocket" player="bugbleak584">X X</cards>
<cards type="Pocket" player="oreiasccp">D9 S4</cards>
<action no="5" player="bugbleak584" type="0" discard="1" dealt="1" sum="0"/>
</round>
</game>
<game gamecode="11514730305"><general><startdate>2025-06-16 05:31:05</startdate>
<round>1</round>
<failsafecounter/>
<players><player seat="6" name="bugbleak584" chips="521" dealer="0" win="70" bet="521" muck="1" rebuy="0" addon="0" merge="0" rebuychips="0" reg_code="8384806508"/>
<player seat="3" name="oreiasccp" chips="979" dealer="1" win="0" bet="35" muck="1" rebuy="0" addon="0" merge="0" rebuychips="0" reg_code="8384806423"/>
</players>
</general>
<round no="0"><action no="1" player="oreiasccp" type="15" sum="5"/>
<action no="2" player="bugbleak584" type="15" discard="1" dealt="1" sum="5"/>
<action no="3" player="oreiasccp" type="1" sum="15"/>
<action no="4" player="bugbleak584" type="2" discard="1" dealt="1" sum="30"/>
</round>
<round no="1"><cards type="Pocket" player="bugbleak584">X X</cards>
<cards type="Pocket" player="oreiasccp">C10 HQ</cards>
<action no="5" player="oreiasccp" type="3" sum="15"/>
<action no="6" player="bugbleak584" type="4" discard="1" dealt="1" sum="0"/>
</round>
<round no="2"><cards type="Flop">C5 S7 C7</cards>
<action no="7" player="bugbleak584" type="5" discard="1" dealt="1" sum="486"/>
<action no="8" player="oreiasccp" type="0" sum="0"/>
</round>
</game>
<game gamecode="11514730348"><general><startdate>2025-06-16 05:31:22</startdate>
<round>1</round>
<failsafecounter/>
<players><player seat="3" name="oreiasccp" chips="944" dealer="0" win="0" bet="45" muck="1" rebuy="0" addon="0" merge="0" rebuychips="0" reg_code="8384806423"/>
<player seat="6" name="bugbleak584" chips="556" dealer="1" win="90" bet="90" muck="1" rebuy="0" addon="0" merge="0" rebuychips="0" reg_code="8384806508"/>
</players>
</general>
<round no="0"><action no="1" player="bugbleak584" type="15" discard="1" dealt="1" sum="5"/>
<action no="2" player="oreiasccp" type="15" sum="5"/>
<action no="3" player="bugbleak584" type="1" discard="1" dealt="1" sum="20"/>
<action no="4" player="oreiasccp" type="2" sum="40"/>
</round>
<round no="1"><cards type="Pocket" player="oreiasccp">D3 SQ</cards>
<cards type="Pocket" player="bugbleak584">X X</cards>
<action no="5" player="bugbleak584" type="3" discard="1" dealt="1" sum="20"/>
<action no="6" player="oreiasccp" type="4" sum="0"/>
</round>
<round no="2"><cards type="Flop">S7 C10 D4</cards>
<action no="7" player="oreiasccp" type="4" sum="0"/>
<action no="8" player="bugbleak584" type="5" discard="1" dealt="1" sum="45"/>
<action no="9" player="oreiasccp" type="0" sum="0"/>
</round>
</game>
<game gamecode="11514730377"><general><startdate>2025-06-16 05:31:38</startdate>
<round>1</round>
<failsafecounter/>
<players><player seat="6" name="bugbleak584" chips="601" dealer="0" win="0" bet="45" muck="1" rebuy="0" addon="0" merge="0" rebuychips="0" reg_code="8384806508"/>
<player seat="3" name="oreiasccp" chips="899" dealer="1" win="90" bet="85" muck="1" rebuy="0" addon="0" merge="0" rebuychips="0" reg_code="8384806423"/>
</players>
</general>
<round no="0"><action no="1" player="oreiasccp" type="15" sum="5"/>
<action no="2" player="bugbleak584" type="15" discard="1" dealt="1" sum="5"/>
<action no="3" player="oreiasccp" type="1" sum="20"/>
<action no="4" player="bugbleak584" type="2" discard="1" dealt="1" sum="40"/>
</round>
<round no="1"><cards type="Pocket" player="bugbleak584">X X</cards>
<cards type="Pocket" player="oreiasccp">S5 HQ</cards>
<action no="5" player="oreiasccp" type="23" sum="80"/>
<action no="6" player="bugbleak584" type="0" discard="1" dealt="1" sum="0"/>
</round>
</game>
<game gamecode="11514730396"><general><startdate>2025-06-16 05:31:47</startdate>
<round>1</round>
<failsafecounter/>
<players><player seat="3" name="oreiasccp" chips="944" dealer="0" win="0" bet="45" muck="1" rebuy="0" addon="0" merge="0" rebuychips="0" reg_code="8384806423"/>
<player seat="6" name="bugbleak584" chips="556" dealer="1" win="90" bet="125" muck="1" rebuy="0" addon="0" merge="0" rebuychips="0" reg_code="8384806508"/>
</players>
</general>
<round no="0"><action no="1" player="bugbleak584" type="15" discard="1" dealt="1" sum="5"/>
<action no="2" player="oreiasccp" type="15" sum="5"/>
<action no="3" player="bugbleak584" type="1" discard="1" dealt="1" sum="20"/>
<action no="4" player="oreiasccp" type="2" sum="40"/>
</round>
<round no="1"><cards type="Pocket" player="oreiasccp">C8 S10</cards>
<cards type="Pocket" player="bugbleak584">X X</cards>
<action no="5" player="bugbleak584" type="23" discard="1" dealt="1" sum="120"/>
<action no="6" player="oreiasccp" type="0" sum="0"/>
</round>
</game>
<game gamecode="11514730413"><general><startdate>2025-06-16 05:31:56</startdate>
<round>1</round>
<failsafecounter/>
<players><player seat="6" name="bugbleak584" chips="601" dealer="0" win="500" bet="250" muck="0" rebuy="0" addon="0" merge="0" rebuychips="0" reg_code="8384806508"/>
<player seat="3" name="oreiasccp" chips="899" dealer="1" win="0" bet="250" muck="1" rebuy="0" addon="0" merge="0" rebuychips="0" reg_code="8384806423"/>
</players>
</general>
<round no="0"><action no="1" player="oreiasccp" type="15" sum="5"/>
<action no="2" player="bugbleak584" type="15" discard="1" dealt="1" sum="5"/>
<action no="3" player="oreiasccp" type="1" sum="20"/>
<action no="4" player="bugbleak584" type="2" discard="1" dealt="1" sum="40"/>
</round>
<round no="1"><cards type="Pocket" player="bugbleak584">D3 HQ</cards>
<cards type="Pocket" player="oreiasccp">HK D8</cards>
<action no="5" player="oreiasccp" type="23" sum="80"/>
<action no="6" player="bugbleak584" type="3" discard="1" dealt="1" sum="40"/>
</round>
<round no="2"><cards type="Flop">SQ H2 DQ</cards>
<action no="7" player="bugbleak584" type="4" discard="1" dealt="1" sum="0"/>
<action no="8" player="oreiasccp" type="5" sum="40"/>
<action no="9" player="bugbleak584" type="3" discard="1" dealt="1" sum="40"/>
</round>
<round no="3"><cards type="Turn">SK</cards>
<action no="10" player="bugbleak584" type="4" discard="1" dealt="1" sum="0"/>
<action no="11" player="oreiasccp" type="4" sum="0"/>
</round>
<round no="4"><cards type="River">S4</cards>
<action no="12" player="bugbleak584" type="5" discard="1" dealt="1" sum="125"/>
<action no="13" player="oreiasccp" type="3" sum="125"/>
</round>
</game>
<game gamecode="11514730482"><general><startdate>2025-06-16 05:32:32</startdate>
<round>1</round>
<failsafecounter/>
<players><player seat="3" name="oreiasccp" chips="649" dealer="0" win="50" bet="45" muck="1" rebuy="0" addon="0" merge="0" rebuychips="0" reg_code="8384806423"/>
<player seat="6" name="bugbleak584" chips="851" dealer="1" win="0" bet="25" muck="1" rebuy="0" addon="0" merge="0" rebuychips="0" reg_code="8384806508"/>
</players>
</general>
<round no="0"><action no="1" player="bugbleak584" type="15" discard="1" dealt="1" sum="5"/>
<action no="2" player="oreiasccp" type="15" sum="5"/>
<action no="3" player="bugbleak584" type="1" discard="1" dealt="1" sum="20"/>
<action no="4" player="oreiasccp" type="2" sum="40"/>
</round>
<round no="1"><cards type="Pocket" player="oreiasccp">S8 C3</cards>
<cards type="Pocket" player="bugbleak584">X X</cards>
<action no="5" player="bugbleak584" type="0" discard="1" dealt="1" sum="0"/>
</round>
</game>
<game gamecode="11514730494"><general><startdate>2025-06-16 05:32:38</startdate>
<round>1</round>
<failsafecounter/>
<players><player seat="6" name="bugbleak584" chips="826" dealer="0" win="0" bet="255" muck="0" rebuy="0" addon="0" merge="0" rebuychips="0" reg_code="8384806508"/>
<player seat="3" name="oreiasccp" chips="674" dealer="1" win="510" bet="255" muck="0" rebuy="0" addon="0" merge="0" rebuychips="0" reg_code="8384806423"/>
</players>
</general>
<round no="0"><action no="1" player="oreiasccp" type="15" sum="5"/>
<action no="2" player="bugbleak584" type="15" discard="1" dealt="1" sum="5"/>
<action no="3" player="oreiasccp" type="1" sum="20"/>
<action no="4" player="bugbleak584" type="2" discard="1" dealt="1" sum="40"/>
</round>
<round no="1"><cards type="Pocket" player="oreiasccp">HJ D7</cards>
<cards type="Pocket" player="bugbleak584">D4 DJ</cards>
<action no="5" player="oreiasccp" type="23" sum="80"/>
<action no="6" player="bugbleak584" type="3" discard="1" dealt="1" sum="40"/>
</round>
<round no="2"><cards type="Flop">C8 H6 H7</cards>
<action no="7" player="bugbleak584" type="4" discard="1" dealt="1" sum="0"/>
<action no="8" player="oreiasccp" type="4" sum="0"/>
</round>
<round no="3"><cards type="Turn">CQ</cards>
<action no="9" player="bugbleak584" type="4" discard="1" dealt="1" sum="0"/>
<action no="10" player="oreiasccp" type="4" sum="0"/>
</round>
<round no="4"><cards type="River">D6</cards>
<action no="11" player="bugbleak584" type="5" discard="1" dealt="1" sum="170"/>
<action no="12" player="oreiasccp" type="3" sum="170"/>
</round>
</game>
<game gamecode="11514730558"><general><startdate>2025-06-16 05:33:10</startdate>
<round>1</round>
<failsafecounter/>
<players><player seat="3" name="oreiasccp" chips="929" dealer="0" win="0" bet="45" muck="1" rebuy="0" addon="0" merge="0" rebuychips="0" reg_code="8384806423"/>
<player seat="6" name="bugbleak584" chips="571" dealer="1" win="90" bet="571" muck="1" rebuy="0" addon="0" merge="0" rebuychips="0" reg_code="8384806508"/>
</players>
</general>
<round no="0"><action no="1" player="bugbleak584" type="15" discard="1" dealt="1" sum="5"/>
<action no="2" player="oreiasccp" type="15" sum="5"/>
<action no="3" player="bugbleak584" type="1" discard="1" dealt="1" sum="20"/>
<action no="4" player="oreiasccp" type="2" sum="40"/>
</round>
<round no="1"><cards type="Pocket" player="bugbleak584">X X</cards>
<cards type="Pocket" player="oreiasccp">SQ C10</cards>
<action no="5" player="bugbleak584" type="23" discard="1" dealt="1" sum="566"/>
<action no="6" player="oreiasccp" type="0" sum="0"/>
</round>
</game>
<game gamecode="11514730575"><general><startdate>2025-06-16 05:33:19</startdate>
<round>1</round>
<failsafecounter/>
<players><player seat="6" name="bugbleak584" chips="616" dealer="0" win="0" bet="65" muck="1" rebuy="0" addon="0" merge="0" rebuychips="0" reg_code="8384806508"/>
<player seat="3" name="oreiasccp" chips="884" dealer="1" win="130" bet="125" muck="1" rebuy="0" addon="0" merge="0" rebuychips="0" reg_code="8384806423"/>
</players>
</general>
<round no="0"><action no="1" player="oreiasccp" type="15" sum="5"/>
<action no="2" player="bugbleak584" type="15" discard="1" dealt="1" sum="5"/>
<action no="3" player="oreiasccp" type="1" sum="30"/>
<action no="4" player="bugbleak584" type="2" discard="1" dealt="1" sum="60"/>
</round>
<round no="1"><cards type="Pocket" player="oreiasccp">S5 D6</cards>
<cards type="Pocket" player="bugbleak584">X X</cards>
<action no="5" player="oreiasccp" type="3" sum="30"/>
<action no="6" player="bugbleak584" type="4" discard="1" dealt="1" sum="0"/>
</round>
<round no="2"><cards type="Flop">D5 S3 DQ</cards>
<action no="7" player="bugbleak584" type="4" discard="1" dealt="1" sum="0"/>
<action no="8" player="oreiasccp" type="4" sum="0"/>
</round>
<round no="3"><cards type="Turn">SA</cards>
<action no="9" player="bugbleak584" type="4" discard="1" dealt="1" sum="0"/>
<action no="10" player="oreiasccp" type="5" sum="60"/>
<action no="11" player="bugbleak584" type="0" discard="1" dealt="1" sum="0"/>
</round>
</game>
<game gamecode="11514730615"><general><startdate>2025-06-16 05:33:40</startdate>
<round>1</round>
<failsafecounter/>
<players><player seat="3" name="oreiasccp" chips="949" dealer="0" win="0" bet="65" muck="1" rebuy="0" addon="0" merge="0" rebuychips="0" reg_code="8384806423"/>
<player seat="6" name="bugbleak584" chips="551" dealer="1" win="130" bet="155" muck="1" rebuy="0" addon="0" merge="0" rebuychips="0" reg_code="8384806508"/>
</players>
</general>
<round no="0"><action no="1" player="bugbleak584" type="15" discard="1" dealt="1" sum="5"/>
<action no="2" player="oreiasccp" type="15" sum="5"/>
<action no="3" player="bugbleak584" type="1" discard="1" dealt="1" sum="30"/>
<action no="4" player="oreiasccp" type="2" sum="60"/>
</round>
<round no="1"><cards type="Pocket" player="bugbleak584">X X</cards>
<cards type="Pocket" player="oreiasccp">D8 D2</cards>
<action no="5" player="bugbleak584" type="23" discard="1" dealt="1" sum="150"/>
<action no="6" player="oreiasccp" type="0" sum="0"/>
</round>
</game>
<game gamecode="11514730642"><general><startdate>2025-06-16 05:33:52</startdate>
<round>1</round>
<failsafecounter/>
<players><player seat="6" name="bugbleak584" chips="616" dealer="0" win="250" bet="375" muck="1" rebuy="0" addon="0" merge="0" rebuychips="0" reg_code="8384806508"/>
<player seat="3" name="oreiasccp" chips="884" dealer="1" win="0" bet="125" muck="1" rebuy="0" addon="0" merge="0" rebuychips="0" reg_code="8384806423"/>
</players>
</general>
<round no="0"><action no="1" player="oreiasccp" type="15" sum="5"/>
<action no="2" player="bugbleak584" type="15" discard="1" dealt="1" sum="5"/>
<action no="3" player="oreiasccp" type="1" sum="30"/>
<action no="4" player="bugbleak584" type="2" discard="1" dealt="1" sum="60"/>
</round>
<round no="1"><cards type="Pocket" player="bugbleak584">X X</cards>
<cards type="Pocket" player="oreiasccp">DJ HQ</cards>
<action no="5" player="oreiasccp" type="3" sum="30"/>
<action no="6" player="bugbleak584" type="4" discard="1" dealt="1" sum="0"/>
</round>
<round no="2"><cards type="Flop">C6 H10 S3</cards>
<action no="7" player="bugbleak584" type="4" discard="1" dealt="1" sum="0"/>
<action no="8" player="oreiasccp" type="5" sum="60"/>
<action no="9" player="bugbleak584" type="3" discard="1" dealt="1" sum="60"/>
</round>
<round no="3"><cards type="Turn">H3</cards>
<action no="10" player="bugbleak584" type="4" discard="1" dealt="1" sum="0"/>
<action no="11" player="oreiasccp" type="4" sum="0"/>
</round>
<round no="4"><cards type="River">C7</cards>
<action no="12" player="bugbleak584" type="5" discard="1" dealt="1" sum="250"/>
<action no="13" player="oreiasccp" type="0" sum="0"/>
</round>
</game>
<game gamecode="11514730712"><general><startdate>2025-06-16 05:34:27</startdate>
<round>1</round>
<failsafecounter/>
<players><player seat="3" name="oreiasccp" chips="759" dealer="0" win="70" bet="65" muck="1" rebuy="0" addon="0" merge="0" rebuychips="0" reg_code="8384806423"/>
<player seat="6" name="bugbleak584" chips="741" dealer="1" win="0" bet="35" muck="1" rebuy="0" addon="0" merge="0" rebuychips="0" reg_code="8384806508"/>
</players>
</general>
<round no="0"><action no="1" player="bugbleak584" type="15" discard="1" dealt="1" sum="5"/>
<action no="2" player="oreiasccp" type="15" sum="5"/>
<action no="3" player="bugbleak584" type="1" discard="1" dealt="1" sum="30"/>
<action no="4" player="oreiasccp" type="2" sum="60"/>
</round>
<round no="1"><cards type="Pocket" player="bugbleak584">X X</cards>
<cards type="Pocket" player="oreiasccp">D7 HA</cards>
<action no="5" player="bugbleak584" type="0" discard="1" dealt="1" sum="0"/>
</round>
</game>
<game gamecode="11514730721"><general><startdate>2025-06-16 05:34:33</startdate>
<round>1</round>
<failsafecounter/>
<players><player seat="6" name="bugbleak584" chips="706" dealer="0" win="130" bet="706" muck="1" rebuy="0" addon="0" merge="0" rebuychips="0" reg_code="8384806508"/>
<player seat="3" name="oreiasccp" chips="794" dealer="1" win="0" bet="65" muck="1" rebuy="0" addon="0" merge="0" rebuychips="0" reg_code="8384806423"/>
</players>
</general>
<round no="0"><action no="1" player="oreiasccp" type="15" sum="5"/>
<action no="2" player="bugbleak584" type="15" discard="1" dealt="1" sum="5"/>
<action no="3" player="oreiasccp" type="1" sum="30"/>
<action no="4" player="bugbleak584" type="2" discard="1" dealt="1" sum="60"/>
</round>
<round no="1"><cards type="Pocket" player="bugbleak584">X X</cards>
<cards type="Pocket" player="oreiasccp">HA SQ</cards>
<action no="5" player="oreiasccp" type="3" sum="30"/>
<action no="6" player="bugbleak584" type="4" discard="1" dealt="1" sum="0"/>
</round>
<round no="2"><cards type="Flop">S6 S7 S9</cards>
<action no="7" player="bugbleak584" type="5" discard="1" dealt="1" sum="641"/>
<action no="8" player="oreiasccp" type="0" sum="0"/>
</round>
</game>
<game gamecode="11514730760"><general><startdate>2025-06-16 05:34:47</startdate>
<round>1</round>
<failsafecounter/>
<players><player seat="3" name="oreiasccp" chips="729" dealer="0" win="70" bet="65" muck="1" rebuy="0" addon="0" merge="0" rebuychips="0" reg_code="8384806423"/>
<player seat="6" name="bugbleak584" chips="771" dealer="1" win="0" bet="35" muck="1" rebuy="0" addon="0" merge="0" rebuychips="0" reg_code="8384806508"/>
</players>
</general>
<round no="0"><action no="1" player="bugbleak584" type="15" discard="1" dealt="1" sum="5"/>
<action no="2" player="oreiasccp" type="15" sum="5"/>
<action no="3" player="bugbleak584" type="1" discard="1" dealt="1" sum="30"/>
<action no="4" player="oreiasccp" type="2" sum="60"/>
</round>
<round no="1"><cards type="Pocket" player="bugbleak584">X X</cards>
<cards type="Pocket" player="oreiasccp">D9 DQ</cards>
<action no="5" player="bugbleak584" type="0" discard="1" dealt="1" sum="0"/>
</round>
</game>
<game gamecode="11514730772"><general><startdate>2025-06-16 05:34:53</startdate>
<round>1</round>
<failsafecounter/>
<players><player seat="6" name="bugbleak584" chips="736" dealer="0" win="130" bet="195" muck="1" rebuy="0" addon="0" merge="0" rebuychips="0" reg_code="8384806508"/>
<player seat="3" name="oreiasccp" chips="764" dealer="1" win="0" bet="65" muck="1" rebuy="0" addon="0" merge="0" rebuychips="0" reg_code="8384806423"/>
</players>
</general>
<round no="0"><action no="1" player="oreiasccp" type="15" sum="5"/>
<action no="2" player="bugbleak584" type="15" discard="1" dealt="1" sum="5"/>
<action no="3" player="oreiasccp" type="1" sum="30"/>
<action no="4" player="bugbleak584" type="2" discard="1" dealt="1" sum="60"/>
</round>
<round no="1"><cards type="Pocket" player="bugbleak584">X X</cards>
<cards type="Pocket" player="oreiasccp">HJ DA</cards>
<action no="5" player="oreiasccp" type="3" sum="30"/>
<action no="6" player="bugbleak584" type="4" discard="1" dealt="1" sum="0"/>
</round>
<round no="2"><cards type="Flop">HQ CQ H5</cards>
<action no="7" player="bugbleak584" type="4" discard="1" dealt="1" sum="0"/>
<action no="8" player="oreiasccp" type="4" sum="0"/>
</round>
<round no="3"><cards type="Turn">S6</cards>
<action no="9" player="bugbleak584" type="4" discard="1" dealt="1" sum="0"/>
<action no="10" player="oreiasccp" type="4" sum="0"/>
</round>
<round no="4"><cards type="River">SK</cards>
<action no="11" player="bugbleak584" type="5" discard="1" dealt="1" sum="130"/>
<action no="12" player="oreiasccp" type="0" sum="0"/>
</round>
</game>
<game gamecode="11514734360"><general><startdate>2025-06-16 05:35:18</startdate>
<round>1</round>
<failsafecounter/>
<players><player seat="3" name="oreiasccp" chips="699" dealer="0" win="96" bet="88" muck="1" rebuy="0" addon="0" merge="0" rebuychips="0" reg_code="8384806423"/>
<player seat="6" name="bugbleak584" chips="801" dealer="1" win="0" bet="48" muck="1" rebuy="0" addon="0" merge="0" rebuychips="0" reg_code="8384806508"/>
</players>
</general>
<round no="0"><action no="1" player="bugbleak584" type="15" discard="1" dealt="1" sum="8"/>
<action no="2" player="oreiasccp" type="15" sum="8"/>
<action no="3" player="bugbleak584" type="1" discard="1" dealt="1" sum="40"/>
<action no="4" player="oreiasccp" type="2" sum="80"/>
</round>
<round no="1"><cards type="Pocket" player="oreiasccp">S7 H2</cards>
<cards type="Pocket" player="bugbleak584">X X</cards>
<action no="5" player="bugbleak584" type="0" discard="1" dealt="1" sum="0"/>
</round>
</game>
<game gamecode="11514734372"><general><startdate>2025-06-16 05:35:24</startdate>
<round>1</round>
<failsafecounter/>
<players><player seat="6" name="bugbleak584" chips="753" dealer="0" win="176" bet="168" muck="1" rebuy="0" addon="0" merge="0" rebuychips="0" reg_code="8384806508"/>
<player seat="3" name="oreiasccp" chips="747" dealer="1" win="0" bet="88" muck="1" rebuy="0" addon="0" merge="0" rebuychips="0" reg_code="8384806423"/>
</players>
</general>
<round no="0"><action no="1" player="oreiasccp" type="15" sum="8"/>
<action no="2" player="bugbleak584" type="15" discard="1" dealt="1" sum="8"/>
<action no="3" player="oreiasccp" type="1" sum="40"/>
<action no="4" player="bugbleak584" type="2" discard="1" dealt="1" sum="80"/>
</round>
<round no="1"><cards type="Pocket" player="oreiasccp">D2 D3</cards>
<cards type="Pocket" player="bugbleak584">X X</cards>
<action no="5" player="oreiasccp" type="3" sum="40"/>
<action no="6" player="bugbleak584" type="23" discard="1" dealt="1" sum="160"/>
<action no="7" player="oreiasccp" type="0" sum="0"/>
</round>
</game>
<game gamecode="11514734406"><general><startdate>2025-06-16 05:35:36</startdate>
<round>1</round>
<failsafecounter/>
<players><player seat="3" name="oreiasccp" chips="659" dealer="0" win="96" bet="88" muck="1" rebuy="0" addon="0" merge="0" rebuychips="0" reg_code="8384806423"/>
<player seat="6" name="bugbleak584" chips="841" dealer="1" win="0" bet="48" muck="1" rebuy="0" addon="0" merge="0" rebuychips="0" reg_code="8384806508"/>
</players>
</general>
<round no="0"><action no="1" player="bugbleak584" type="15" discard="1" dealt="1" sum="8"/>
<action no="2" player="oreiasccp" type="15" sum="8"/>
<action no="3" player="bugbleak584" type="1" discard="1" dealt="1" sum="40"/>
<action no="4" player="oreiasccp" type="2" sum="80"/>
</round>
<round no="1"><cards type="Pocket" player="oreiasccp">C2 SA</cards>
<cards type="Pocket" player="bugbleak584">X X</cards>
<action no="5" player="bugbleak584" type="0" discard="1" dealt="1" sum="0"/>
</round>
</game>
<game gamecode="11514734419"><general><startdate>2025-06-16 05:35:43</startdate>
<round>1</round>
<failsafecounter/>
<players><player seat="6" name="bugbleak584" chips="793" dealer="0" win="96" bet="88" muck="1" rebuy="0" addon="0" merge="0" rebuychips="0" reg_code="8384806508"/>
<player seat="3" name="oreiasccp" chips="707" dealer="1" win="0" bet="48" muck="1" rebuy="0" addon="0" merge="0" rebuychips="0" reg_code="8384806423"/>
</players>
</general>
<round no="0"><action no="1" player="oreiasccp" type="15" sum="8"/>
<action no="2" player="bugbleak584" type="15" discard="1" dealt="1" sum="8"/>
<action no="3" player="oreiasccp" type="1" sum="40"/>
<action no="4" player="bugbleak584" type="2" discard="1" dealt="1" sum="80"/>
</round>
<round no="1"><cards type="Pocket" player="bugbleak584">X X</cards>
<cards type="Pocket" player="oreiasccp">S5 D3</cards>
<action no="5" player="oreiasccp" type="0" sum="0"/>
</round>
</game>
<game gamecode="11514734429"><general><startdate>2025-06-16 05:35:48</startdate>
<round>1</round>
<failsafecounter/>
<players><player seat="3" name="oreiasccp" chips="659" dealer="0" win="0" bet="88" muck="1" rebuy="0" addon="0" merge="0" rebuychips="0" reg_code="8384806423"/>
<player seat="6" name="bugbleak584" chips="841" dealer="1" win="176" bet="168" muck="1" rebuy="0" addon="0" merge="0" rebuychips="0" reg_code="8384806508"/>
</players>
</general>
<round no="0"><action no="1" player="bugbleak584" type="15" discard="1" dealt="1" sum="8"/>
<action no="2" player="oreiasccp" type="15" sum="8"/>
<action no="3" player="bugbleak584" type="1" discard="1" dealt="1" sum="40"/>
<action no="4" player="oreiasccp" type="2" sum="80"/>
</round>
<round no="1"><cards type="Pocket" player="oreiasccp">C3 D7</cards>
<cards type="Pocket" player="bugbleak584">X X</cards>
<action no="5" player="bugbleak584" type="23" discard="1" dealt="1" sum="160"/>
<action no="6" player="oreiasccp" type="0" sum="0"/>
</round>
</game>
<game gamecode="11514734446"><general><startdate>2025-06-16 05:35:57</startdate>
<round>1</round>
<failsafecounter/>
<players><player seat="6" name="bugbleak584" chips="929" dealer="0" win="0" bet="571" muck="1" rebuy="0" addon="0" merge="0" rebuychips="0" reg_code="8384806508"/>
<player seat="3" name="oreiasccp" chips="571" dealer="1" win="1,142" bet="571" muck="0" rebuy="0" addon="0" merge="0" rebuychips="0" reg_code="8384806423"/>
</players>
</general>
<round no="0"><action no="1" player="oreiasccp" type="15" sum="8"/>
<action no="2" player="bugbleak584" type="15" discard="1" dealt="1" sum="8"/>
<action no="3" player="oreiasccp" type="1" sum="40"/>
<action no="4" player="bugbleak584" type="2" discard="1" dealt="1" sum="80"/>
</round>
<round no="1"><cards type="Pocket" player="oreiasccp">H8 CA</cards>
<cards type="Pocket" player="bugbleak584">DA H5</cards>
<action no="5" player="oreiasccp" type="23" sum="563"/>
<action no="6" player="bugbleak584" type="3" discard="1" dealt="1" sum="483"/>
</round>
<round no="2"><cards type="Flop">H9 S6 S2</cards>
</round>
<round no="3"><cards type="Turn">H7</cards>
</round>
<round no="4"><cards type="River">S9</cards>
</round>
</game>
<game gamecode="11514734483"><general><startdate>2025-06-16 05:36:16</startdate>
<round>1</round>
<failsafecounter/>
<players><player seat="3" name="oreiasccp" chips="1,142" dealer="0" win="0" bet="88" muck="1" rebuy="0" addon="0" merge="0" rebuychips="0" reg_code="8384806423"/>
<player seat="6" name="bugbleak584" chips="358" dealer="1" win="176" bet="358" muck="1" rebuy="0" addon="0" merge="0" rebuychips="0" reg_code="8384806508"/>
</players>
</general>
<round no="0"><action no="1" player="bugbleak584" type="15" discard="1" dealt="1" sum="8"/>
<action no="2" player="oreiasccp" type="15" sum="8"/>
<action no="3" player="bugbleak584" type="1" discard="1" dealt="1" sum="40"/>
<action no="4" player="oreiasccp" type="2" sum="80"/>
</round>
<round no="1"><cards type="Pocket" player="bugbleak584">X X</cards>
<cards type="Pocket" player="oreiasccp">H8 C7</cards>
<action no="5" player="bugbleak584" type="23" discard="1" dealt="1" sum="350"/>
<action no="6" player="oreiasccp" type="0" sum="0"/>
</round>
</game>
<game gamecode="11514734509"><general><startdate>2025-06-16 05:36:24</startdate>
<round>1</round>
<failsafecounter/>
<players><player seat="6" name="bugbleak584" chips="446" dealer="0" win="0" bet="446" muck="1" rebuy="0" addon="0" merge="0" rebuychips="0" reg_code="8384806508"/>
<player seat="3" name="oreiasccp" chips="1,054" dealer="1" win="892" bet="1,054" muck="0" rebuy="0" addon="0" merge="0" rebuychips="0" reg_code="8384806423"/>
</players>
</general>
<round no="0"><action no="1" player="oreiasccp" type="15" sum="8"/>
<action no="2" player="bugbleak584" type="15" discard="1" dealt="1" sum="8"/>
<action no="3" player="oreiasccp" type="1" sum="40"/>
<action no="4" player="bugbleak584" type="2" discard="1" dealt="1" sum="80"/>
</round>
<round no="1"><cards type="Pocket" player="bugbleak584">H8 D2</cards>
<cards type="Pocket" player="oreiasccp">SA H7</cards>
<action no="5" player="oreiasccp" type="23" sum="1,046"/>
<action no="6" player="bugbleak584" type="7" discard="1" dealt="1" sum="358"/>
</round>
<round no="2"><cards type="Flop">CA S6 DQ</cards>
</round>
<round no="3"><cards type="Turn">HJ</cards>
</round>
<round no="4"><cards type="River">D8</cards>
</round>
</game>
</session>
