<?xml version="1.0" encoding="UTF-8"?>
<session sessioncode="8384806422">
<general>
<client_version>24.7.1.16</client_version>
<mode>real</mode>
<gametype>Holdem NL</gametype>
<tablename>Twister €5 SNG, 1127557291</tablename>
<tournamentcode>1127557290</tournamentcode>
<tournamentname>Twister €5 SNG</tournamentname>
<buyin>€0 + €0.35 + €4.65</buyin>
<totalbuyin>€5</totalbuyin>
<rewarddrawn>€15</rewarddrawn>
<tournamentcurrency>EUR</tournamentcurrency>
<currency>EUR</currency>
<nickname>oreiasccp</nickname>
<gamecount>13</gamecount>
<startdate>2025-06-16 05:26:52</startdate>
<place>3</place>
<win>€0</win>
<tablesize>3</tablesize>
</general>
<game gamecode="11514729854"><general><startdate>2025-06-16 05:27:07</startdate>
<round>1</round>
<failsafecounter/>
<players><player seat="6" name="Player6769419114" chips="500" dealer="0" win="160" bet="80" muck="0" rebuy="0" addon="0" merge="0" rebuychips="0" reg_code="8384806456"/>
<player seat="10" name="SoLokoVoo20" chips="500" dealer="1" win="0" bet="0" muck="1" rebuy="0" addon="0" merge="0" rebuychips="0" reg_code="8384806500"/>
<player seat="3" name="oreiasccp" chips="500" dealer="0" win="0" bet="80" muck="1" rebuy="0" addon="0" merge="0" rebuychips="0" reg_code="8384806422"/>
</players>
</general>
<round no="0"><action no="1" player="oreiasccp" type="1" sum="10"/>
<action no="2" player="Player6769419114" type="2" discard="1" dealt="1" sum="20"/>
</round>
<round no="1"><cards type="Pocket" player="oreiasccp">H8 HA</cards>
<cards type="Pocket" player="SoLokoVoo20">X X</cards>
<cards type="Pocket" player="Player6769419114">S6 S5</cards>
<action no="3" player="SoLokoVoo20" type="0" discard="1" dealt="1" sum="0"/>
<action no="4" player="oreiasccp" type="23" sum="60"/>
<action no="5" player="Player6769419114" type="3" discard="1" dealt="1" sum="40"/>
</round>
<round no="2"><cards type="Flop">S3 C6 D7</cards>
<action no="6" player="oreiasccp" type="4" sum="0"/>
<action no="7" player="Player6769419114" type="4" discard="1" dealt="1" sum="0"/>
</round>
<round no="3"><cards type="Turn">C7</cards>
<action no="8" player="oreiasccp" type="4" sum="0"/>
<action no="9" player="Player6769419114" type="4" discard="1" dealt="1" sum="0"/>
</round>
<round no="4"><cards type="River">H2</cards>
<action no="10" player="oreiasccp" type="4" sum="0"/>
<action no="11" player="Player6769419114" type="5" discard="1" dealt="1" sum="20"/>
<action no="12" player="oreiasccp" type="3" sum="20"/>
</round>
</game>
<game gamecode="11514729909"><general><startdate>2025-06-16 05:27:39</startdate>
<round>1</round>
<failsafecounter/>
<players><player seat="10" name="SoLokoVoo20" chips="500" dealer="0" win="280" bet="500" muck="1" rebuy="0" addon="0" merge="0" rebuychips="0" reg_code="8384806500"/>
<player seat="3" name="oreiasccp" chips="420" dealer="1" win="0" bet="120" muck="1" rebuy="0" addon="0" merge="0" rebuychips="0" reg_code="8384806422"/>
<player seat="6" name="Player6769419114" chips="580" dealer="0" win="0" bet="40" muck="1" rebuy="0" addon="0" merge="0" rebuychips="0" reg_code="8384806456"/>
</players>
</general>
<round no="0"><action no="1" player="Player6769419114" type="1" discard="1" dealt="1" sum="10"/>
<action no="2" player="SoLokoVoo20" type="2" discard="1" dealt="1" sum="20"/>
</round>
<round no="1"><cards type="Pocket" player="oreiasccp">D6 HA</cards>
<cards type="Pocket" player="SoLokoVoo20">X X</cards>
<cards type="Pocket" player="Player6769419114">X X</cards>
<action no="3" player="oreiasccp" type="23" sum="40"/>
<action no="4" player="Player6769419114" type="3" discard="1" dealt="1" sum="30"/>
<action no="5" player="SoLokoVoo20" type="3" discard="1" dealt="1" sum="20"/>
</round>
<round no="2"><cards type="Flop">S7 HJ H9</cards>
<action no="6" player="Player6769419114" type="4" discard="1" dealt="1" sum="0"/>
<action no="7" player="SoLokoVoo20" type="4" discard="1" dealt="1" sum="0"/>
<action no="8" player="oreiasccp" type="4" sum="0"/>
</round>
<round no="3"><cards type="Turn">H4</cards>
<action no="9" player="Player6769419114" type="4" discard="1" dealt="1" sum="0"/>
<action no="10" player="SoLokoVoo20" type="5" discard="1" dealt="1" sum="80"/>
<action no="11" player="oreiasccp" type="3" sum="80"/>
<action no="12" player="Player6769419114" type="0" discard="1" dealt="1" sum="0"/>
</round>
<round no="4"><cards type="River">D4</cards>
<action no="13" player="SoLokoVoo20" type="5" discard="1" dealt="1" sum="380"/>
<action no="14" player="oreiasccp" type="0" sum="0"/>
</round>
</game>
<game gamecode="11514729988"><general><startdate>2025-06-16 05:28:16</startdate>
<round>1</round>
<failsafecounter/>
<players><player seat="3" name="oreiasccp" chips="300" dealer="0" win="0" bet="40" muck="1" rebuy="0" addon="0" merge="0" rebuychips="0" reg_code="8384806422"/>
<player seat="6" name="Player6769419114" chips="540" dealer="1" win="0" bet="0" muck="1" rebuy="0" addon="0" merge="0" rebuychips="0" reg_code="8384806456"/>
<player seat="10" name="SoLokoVoo20" chips="660" dealer="0" win="80" bet="80" muck="1" rebuy="0" addon="0" merge="0" rebuychips="0" reg_code="8384806500"/>
</players>
</general>
<round no="0"><action no="1" player="SoLokoVoo20" type="1" discard="1" dealt="1" sum="10"/>
<action no="2" player="oreiasccp" type="2" sum="20"/>
</round>
<round no="1"><cards type="Pocket" player="oreiasccp">H5 C4</cards>
<cards type="Pocket" player="SoLokoVoo20">X X</cards>
<cards type="Pocket" player="Player6769419114">X X</cards>
<action no="3" player="Player6769419114" type="0" discard="1" dealt="1" sum="0"/>
<action no="4" player="SoLokoVoo20" type="3" discard="1" dealt="1" sum="10"/>
<action no="5" player="oreiasccp" type="4" sum="0"/>
</round>
<round no="2"><cards type="Flop">S8 D8 D9</cards>
<action no="6" player="SoLokoVoo20" type="4" discard="1" dealt="1" sum="0"/>
<action no="7" player="oreiasccp" type="4" sum="0"/>
</round>
<round no="3"><cards type="Turn">HA</cards>
<action no="8" player="SoLokoVoo20" type="4" discard="1" dealt="1" sum="0"/>
<action no="9" player="oreiasccp" type="5" sum="20"/>
<action no="10" player="SoLokoVoo20" type="23" discard="1" dealt="1" sum="60"/>
<action no="11" player="oreiasccp" type="0" sum="0"/>
</round>
</game>
<game gamecode="11514730062"><general><startdate>2025-06-16 05:28:57</startdate>
<round>1</round>
<failsafecounter/>
<players><player seat="6" name="Player6769419114" chips="540" dealer="0" win="0" bet="40" muck="1" rebuy="0" addon="0" merge="0" rebuychips="0" reg_code="8384806456"/>
<player seat="10" name="SoLokoVoo20" chips="700" dealer="1" win="90" bet="80" muck="1" rebuy="0" addon="0" merge="0" rebuychips="0" reg_code="8384806500"/>
<player seat="3" name="oreiasccp" chips="260" dealer="0" win="0" bet="10" muck="1" rebuy="0" addon="0" merge="0" rebuychips="0" reg_code="8384806422"/>
</players>
</general>
<round no="0"><action no="1" player="oreiasccp" type="1" sum="10"/>
<action no="2" player="Player6769419114" type="2" discard="1" dealt="1" sum="20"/>
</round>
<round no="1"><cards type="Pocket" player="Player6769419114">X X</cards>
<cards type="Pocket" player="oreiasccp">C6 H10</cards>
<cards type="Pocket" player="SoLokoVoo20">X X</cards>
<action no="3" player="SoLokoVoo20" type="23" discard="1" dealt="1" sum="40"/>
<action no="4" player="oreiasccp" type="0" sum="0"/>
<action no="5" player="Player6769419114" type="3" discard="1" dealt="1" sum="20"/>
</round>
<round no="2"><cards type="Flop">C5 HJ S5</cards>
<action no="6" player="Player6769419114" type="4" discard="1" dealt="1" sum="0"/>
<action no="7" player="SoLokoVoo20" type="4" discard="1" dealt="1" sum="0"/>
</round>
<round no="3"><cards type="Turn">C4</cards>
<action no="8" player="Player6769419114" type="4" discard="1" dealt="1" sum="0"/>
<action no="9" player="SoLokoVoo20" type="5" discard="1" dealt="1" sum="40"/>
<action no="10" player="Player6769419114" type="0" discard="1" dealt="1" sum="0"/>
</round>
</game>
<game gamecode="11514730130"><general><startdate>2025-06-16 05:29:31</startdate>
<round>1</round>
<failsafecounter/>
<players><player seat="10" name="SoLokoVoo20" chips="750" dealer="0" win="0" bet="35" muck="1" rebuy="0" addon="0" merge="0" rebuychips="0" reg_code="8384806500"/>
<player seat="3" name="oreiasccp" chips="250" dealer="1" win="90" bet="250" muck="1" rebuy="0" addon="0" merge="0" rebuychips="0" reg_code="8384806422"/>
<player seat="6" name="Player6769419114" chips="500" dealer="0" win="0" bet="20" muck="1" rebuy="0" addon="0" merge="0" rebuychips="0" reg_code="8384806456"/>
</players>
</general>
<round no="0"><action no="1" player="Player6769419114" type="15" discard="1" dealt="1" sum="5"/>
<action no="2" player="SoLokoVoo20" type="15" discard="1" dealt="1" sum="5"/>
<action no="3" player="oreiasccp" type="15" sum="5"/>
<action no="4" player="Player6769419114" type="1" discard="1" dealt="1" sum="15"/>
<action no="5" player="SoLokoVoo20" type="2" discard="1" dealt="1" sum="30"/>
</round>
<round no="1"><cards type="Pocket" player="oreiasccp">HA H5</cards>
<cards type="Pocket" player="SoLokoVoo20">X X</cards>
<cards type="Pocket" player="Player6769419114">X X</cards>
<action no="6" player="oreiasccp" type="23" sum="245"/>
<action no="7" player="Player6769419114" type="0" discard="1" dealt="1" sum="0"/>
<action no="8" player="SoLokoVoo20" type="0" discard="1" dealt="1" sum="0"/>
</round>
</game>
<game gamecode="11514730144"><general><startdate>2025-06-16 05:29:40</startdate>
<round>1</round>
<failsafecounter/>
<players><player seat="3" name="oreiasccp" chips="305" dealer="0" win="0" bet="125" muck="1" rebuy="0" addon="0" merge="0" rebuychips="0" reg_code="8384806422"/>
<player seat="6" name="Player6769419114" chips="480" dealer="1" win="0" bet="5" muck="1" rebuy="0" addon="0" merge="0" rebuychips="0" reg_code="8384806456"/>
<player seat="10" name="SoLokoVoo20" chips="715" dealer="0" win="255" bet="185" muck="1" rebuy="0" addon="0" merge="0" rebuychips="0" reg_code="8384806500"/>
</players>
</general>
<round no="0"><action no="1" player="SoLokoVoo20" type="15" discard="1" dealt="1" sum="5"/>
<action no="2" player="oreiasccp" type="15" sum="5"/>
<action no="3" player="Player6769419114" type="15" discard="1" dealt="1" sum="5"/>
<action no="4" player="SoLokoVoo20" type="1" discard="1" dealt="1" sum="15"/>
<action no="5" player="oreiasccp" type="2" sum="30"/>
</round>
<round no="1"><cards type="Pocket" player="Player6769419114">X X</cards>
<cards type="Pocket" player="SoLokoVoo20">X X</cards>
<cards type="Pocket" player="oreiasccp">DK H7</cards>
<action no="6" player="Player6769419114" type="0" discard="1" dealt="1" sum="0"/>
<action no="7" player="SoLokoVoo20" type="23" discard="1" dealt="1" sum="60"/>
<action no="8" player="oreiasccp" type="3" sum="30"/>
</round>
<round no="2"><cards type="Flop">H6 H2 HA</cards>
<action no="9" player="SoLokoVoo20" type="5" discard="1" dealt="1" sum="60"/>
<action no="10" player="oreiasccp" type="3" sum="60"/>
</round>
<round no="3"><cards type="Turn">C5</cards>
<action no="11" player="SoLokoVoo20" type="5" discard="1" dealt="1" sum="60"/>
<action no="12" player="oreiasccp" type="0" sum="0"/>
</round>
</game>
<game gamecode="11514730183"><general><startdate>2025-06-16 05:30:02</startdate>
<round>1</round>
<failsafecounter/>
<players><player seat="6" name="Player6769419114" chips="475" dealer="0" win="0" bet="35" muck="1" rebuy="0" addon="0" merge="0" rebuychips="0" reg_code="8384806456"/>
<player seat="10" name="SoLokoVoo20" chips="845" dealer="1" win="90" bet="845" muck="1" rebuy="0" addon="0" merge="0" rebuychips="0" reg_code="8384806500"/>
<player seat="3" name="oreiasccp" chips="180" dealer="0" win="0" bet="20" muck="1" rebuy="0" addon="0" merge="0" rebuychips="0" reg_code="8384806422"/>
</players>
</general>
<round no="0"><action no="1" player="oreiasccp" type="15" sum="5"/>
<action no="2" player="Player6769419114" type="15" discard="1" dealt="1" sum="5"/>
<action no="3" player="SoLokoVoo20" type="15" discard="1" dealt="1" sum="5"/>
<action no="4" player="oreiasccp" type="1" sum="15"/>
<action no="5" player="Player6769419114" type="2" discard="1" dealt="1" sum="30"/>
</round>
<round no="1"><cards type="Pocket" player="SoLokoVoo20">X X</cards>
<cards type="Pocket" player="oreiasccp">S8 H5</cards>
<cards type="Pocket" player="Player6769419114">X X</cards>
<action no="6" player="SoLokoVoo20" type="23" discard="1" dealt="1" sum="840"/>
<action no="7" player="oreiasccp" type="0" sum="0"/>
<action no="8" player="Player6769419114" type="0" discard="1" dealt="1" sum="0"/>
</round>
</game>
<game gamecode="11514730220"><general><startdate>2025-06-16 05:30:20</startdate>
<round>1</round>
<failsafecounter/>
<players><player seat="10" name="SoLokoVoo20" chips="900" dealer="0" win="0" bet="160" muck="1" rebuy="0" addon="0" merge="0" rebuychips="0" reg_code="8384806500"/>
<player seat="3" name="oreiasccp" chips="160" dealer="1" win="340" bet="160" muck="0" rebuy="0" addon="0" merge="0" rebuychips="0" reg_code="8384806422"/>
<player seat="6" name="Player6769419114" chips="440" dealer="0" win="0" bet="20" muck="1" rebuy="0" addon="0" merge="0" rebuychips="0" reg_code="8384806456"/>
</players>
</general>
<round no="0"><action no="1" player="Player6769419114" type="15" discard="1" dealt="1" sum="5"/>
<action no="2" player="SoLokoVoo20" type="15" discard="1" dealt="1" sum="5"/>
<action no="3" player="oreiasccp" type="15" sum="5"/>
<action no="4" player="Player6769419114" type="1" discard="1" dealt="1" sum="15"/>
<action no="5" player="SoLokoVoo20" type="2" discard="1" dealt="1" sum="30"/>
</round>
<round no="1"><cards type="Pocket" player="SoLokoVoo20">H7 C9</cards>
<cards type="Pocket" player="oreiasccp">D7 SK</cards>
<cards type="Pocket" player="Player6769419114">X X</cards>
<action no="6" player="oreiasccp" type="23" sum="155"/>
<action no="7" player="Player6769419114" type="0" discard="1" dealt="1" sum="0"/>
<action no="8" player="SoLokoVoo20" type="3" discard="1" dealt="1" sum="125"/>
</round>
<round no="2"><cards type="Flop">DK DJ S3</cards>
</round>
<round no="3"><cards type="Turn">S4</cards>
</round>
<round no="4"><cards type="River">H3</cards>
</round>
</game>
<game gamecode="11514730268"><general><startdate>2025-06-16 05:30:46</startdate>
<round>1</round>
<failsafecounter/>
<players><player seat="3" name="oreiasccp" chips="340" dealer="0" win="0" bet="35" muck="1" rebuy="0" addon="0" merge="0" rebuychips="0" reg_code="8384806422"/>
<player seat="6" name="Player6769419114" chips="420" dealer="1" win="0" bet="5" muck="1" rebuy="0" addon="0" merge="0" rebuychips="0" reg_code="8384806456"/>
<player seat="10" name="SoLokoVoo20" chips="740" dealer="0" win="75" bet="740" muck="1" rebuy="0" addon="0" merge="0" rebuychips="0" reg_code="8384806500"/>
</players>
</general>
<round no="0"><action no="1" player="SoLokoVoo20" type="15" discard="1" dealt="1" sum="5"/>
<action no="2" player="oreiasccp" type="15" sum="5"/>
<action no="3" player="Player6769419114" type="15" discard="1" dealt="1" sum="5"/>
<action no="4" player="SoLokoVoo20" type="1" discard="1" dealt="1" sum="15"/>
<action no="5" player="oreiasccp" type="2" sum="30"/>
</round>
<round no="1"><cards type="Pocket" player="Player6769419114">X X</cards>
<cards type="Pocket" player="SoLokoVoo20">X X</cards>
<cards type="Pocket" player="oreiasccp">D2 H10</cards>
<action no="6" player="Player6769419114" type="0" discard="1" dealt="1" sum="0"/>
<action no="7" player="SoLokoVoo20" type="23" discard="1" dealt="1" sum="735"/>
<action no="8" player="oreiasccp" type="0" sum="0"/>
</round>
</game>
<game gamecode="11514730289"><general><startdate>2025-06-16 05:30:57</startdate>
<round>1</round>
<failsafecounter/>
<players><player seat="6" name="Player6769419114" chips="415" dealer="0" win="0" bet="35" muck="1" rebuy="0" addon="0" merge="0" rebuychips="0" reg_code="8384806456"/>
<player seat="10" name="SoLokoVoo20" chips="780" dealer="1" win="0" bet="5" muck="1" rebuy="0" addon="0" merge="0" rebuychips="0" reg_code="8384806500"/>
<player seat="3" name="oreiasccp" chips="305" dealer="0" win="75" bet="305" muck="1" rebuy="0" addon="0" merge="0" rebuychips="0" reg_code="8384806422"/>
</players>
</general>
<round no="0"><action no="1" player="oreiasccp" type="15" sum="5"/>
<action no="2" player="Player6769419114" type="15" discard="1" dealt="1" sum="5"/>
<action no="3" player="SoLokoVoo20" type="15" discard="1" dealt="1" sum="5"/>
<action no="4" player="oreiasccp" type="1" sum="15"/>
<action no="5" player="Player6769419114" type="2" discard="1" dealt="1" sum="30"/>
</round>
<round no="1"><cards type="Pocket" player="Player6769419114">X X</cards>
<cards type="Pocket" player="oreiasccp">CJ C3</cards>
<cards type="Pocket" player="SoLokoVoo20">X X</cards>
<action no="6" player="SoLokoVoo20" type="0" discard="1" dealt="1" sum="0"/>
<action no="7" player="oreiasccp" type="23" sum="300"/>
<action no="8" player="Player6769419114" type="0" discard="1" dealt="1" sum="0"/>
</round>
</game>
<game gamecode="11514730333"><general><startdate>2025-06-16 05:31:15</startdate>
<round>1</round>
<failsafecounter/>
<players><player seat="10" name="SoLokoVoo20" chips="775" dealer="0" win="0" bet="45" muck="1" rebuy="0" addon="0" merge="0" rebuychips="0" reg_code="8384806500"/>
<player seat="3" name="oreiasccp" chips="345" dealer="1" win="0" bet="5" muck="1" rebuy="0" addon="0" merge="0" rebuychips="0" reg_code="8384806422"/>
<player seat="6" name="Player6769419114" chips="380" dealer="0" win="95" bet="380" muck="1" rebuy="0" addon="0" merge="0" rebuychips="0" reg_code="8384806456"/>
</players>
</general>
<round no="0"><action no="1" player="Player6769419114" type="15" discard="1" dealt="1" sum="5"/>
<action no="2" player="SoLokoVoo20" type="15" discard="1" dealt="1" sum="5"/>
<action no="3" player="oreiasccp" type="15" sum="5"/>
<action no="4" player="Player6769419114" type="1" discard="1" dealt="1" sum="20"/>
<action no="5" player="SoLokoVoo20" type="2" discard="1" dealt="1" sum="40"/>
</round>
<round no="1"><cards type="Pocket" player="oreiasccp">D2 DK</cards>
<cards type="Pocket" player="Player6769419114">X X</cards>
<cards type="Pocket" player="SoLokoVoo20">X X</cards>
<action no="6" player="oreiasccp" type="0" sum="0"/>
<action no="7" player="Player6769419114" type="23" discard="1" dealt="1" sum="375"/>
<action no="8" player="SoLokoVoo20" type="0" discard="1" dealt="1" sum="0"/>
</round>
</game>
<game gamecode="11514730358"><general><startdate>2025-06-16 05:31:28</startdate>
<round>1</round>
<failsafecounter/>
<players><player seat="3" name="oreiasccp" chips="340" dealer="0" win="55" bet="45" muck="1" rebuy="0" addon="0" merge="0" rebuychips="0" reg_code="8384806422"/>
<player seat="6" name="Player6769419114" chips="430" dealer="1" win="0" bet="5" muck="1" rebuy="0" addon="0" merge="0" rebuychips="0" reg_code="8384806456"/>
<player seat="10" name="SoLokoVoo20" chips="730" dealer="0" win="0" bet="25" muck="1" rebuy="0" addon="0" merge="0" rebuychips="0" reg_code="8384806500"/>
</players>
</general>
<round no="0"><action no="1" player="SoLokoVoo20" type="15" discard="1" dealt="1" sum="5"/>
<action no="2" player="oreiasccp" type="15" sum="5"/>
<action no="3" player="Player6769419114" type="15" discard="1" dealt="1" sum="5"/>
<action no="4" player="SoLokoVoo20" type="1" discard="1" dealt="1" sum="20"/>
<action no="5" player="oreiasccp" type="2" sum="40"/>
</round>
<round no="1"><cards type="Pocket" player="Player6769419114">X X</cards>
<cards type="Pocket" player="SoLokoVoo20">X X</cards>
<cards type="Pocket" player="oreiasccp">SJ SQ</cards>
<action no="6" player="Player6769419114" type="0" discard="1" dealt="1" sum="0"/>
<action no="7" player="SoLokoVoo20" type="0" discard="1" dealt="1" sum="0"/>
</round>
</game>
<game gamecode="11514730375"><general><startdate>2025-06-16 05:31:36</startdate>
<round>1</round>
<failsafecounter/>
<players><player seat="6" name="Player6769419114" chips="425" dealer="0" win="745" bet="370" muck="0" rebuy="0" addon="0" merge="0" rebuychips="0" reg_code="8384806456"/>
<player seat="10" name="SoLokoVoo20" chips="705" dealer="1" win="0" bet="5" muck="1" rebuy="0" addon="0" merge="0" rebuychips="0" reg_code="8384806500"/>
<player seat="3" name="oreiasccp" chips="370" dealer="0" win="0" bet="370" muck="0" rebuy="0" addon="0" merge="0" rebuychips="0" reg_code="8384806422"/>
</players>
</general>
<round no="0"><action no="1" player="oreiasccp" type="15" sum="5"/>
<action no="2" player="Player6769419114" type="15" discard="1" dealt="1" sum="5"/>
<action no="3" player="SoLokoVoo20" type="15" discard="1" dealt="1" sum="5"/>
<action no="4" player="oreiasccp" type="1" sum="20"/>
<action no="5" player="Player6769419114" type="2" discard="1" dealt="1" sum="40"/>
</round>
<round no="1"><cards type="Pocket" player="SoLokoVoo20">X X</cards>
<cards type="Pocket" player="oreiasccp">D2 DA</cards>
<cards type="Pocket" player="Player6769419114">C7 SA</cards>
<action no="6" player="SoLokoVoo20" type="0" discard="1" dealt="1" sum="0"/>
<action no="7" player="oreiasccp" type="23" sum="365"/>
<action no="8" player="Player6769419114" type="3" discard="1" dealt="1" sum="325"/>
</round>
<round no="2"><cards type="Flop">C3 C6 D7</cards>
</round>
<round no="3"><cards type="Turn">DK</cards>
</round>
<round no="4"><cards type="River">HJ</cards>
</round>
</game>
</session>
