<?xml version="1.0" encoding="UTF-8"?>
<session sessioncode="8384804668">
<general>
<client_version>24.7.1.16</client_version>
<mode>real</mode>
<gametype>Holdem NL</gametype>
<tablename>Twister €1 SNG, 1127557046</tablename>
<tournamentcode>1127557045</tournamentcode>
<tournamentname>Twister €1 SNG</tournamentname>
<buyin>€0 + €0.07 + €0.93</buyin>
<totalbuyin>€1</totalbuyin>
<rewarddrawn>€3</rewarddrawn>
<tournamentcurrency>EUR</tournamentcurrency>
<currency>EUR</currency>
<nickname>oreiasccp</nickname>
<gamecount>18</gamecount>
<startdate>2025-06-16 05:13:51</startdate>
<place>1</place>
<win>€3</win>
<tablesize>3</tablesize>
</general>
<game gamecode="11514723204"><general><startdate>2025-06-16 05:14:06</startdate>
<round>1</round>
<failsafecounter/>
<players><player seat="6" name="oreiasccp" chips="500" dealer="0" win="400" bet="500" muck="1" rebuy="0" addon="0" merge="0" rebuychips="0" reg_code="8384804668"/>
<player seat="10" name="queenwitty212" chips="500" dealer="1" win="0" bet="180" muck="1" rebuy="0" addon="0" merge="0" rebuychips="0" reg_code="8384804686"/>
<player seat="3" name="sheriffbook419" chips="500" dealer="0" win="0" bet="40" muck="1" rebuy="0" addon="0" merge="0" rebuychips="0" reg_code="8384804637"/>
</players>
</general>
<round no="0"><action no="1" player="sheriffbook419" type="1" discard="1" dealt="1" sum="10"/>
<action no="2" player="oreiasccp" type="2" sum="20"/>
</round>
<round no="1"><cards type="Pocket" player="oreiasccp">S7 CK</cards>
<cards type="Pocket" player="sheriffbook419">X X</cards>
<cards type="Pocket" player="queenwitty212">X X</cards>
<action no="3" player="queenwitty212" type="23" discard="1" dealt="1" sum="40"/>
<action no="4" player="sheriffbook419" type="3" discard="1" dealt="1" sum="30"/>
<action no="5" player="oreiasccp" type="3" sum="20"/>
</round>
<round no="2"><cards type="Flop">S10 C7 HK</cards>
<action no="6" player="sheriffbook419" type="4" discard="1" dealt="1" sum="0"/>
<action no="7" player="oreiasccp" type="4" sum="0"/>
<action no="8" player="queenwitty212" type="5" discard="1" dealt="1" sum="140"/>
<action no="9" player="sheriffbook419" type="0" discard="1" dealt="1" sum="0"/>
<action no="10" player="oreiasccp" type="3" sum="140"/>
</round>
<round no="3"><cards type="Turn">D2</cards>
<action no="11" player="oreiasccp" type="4" sum="0"/>
<action no="12" player="queenwitty212" type="4" discard="1" dealt="1" sum="0"/>
</round>
<round no="4"><cards type="River">H5</cards>
<action no="13" player="oreiasccp" type="5" sum="320"/>
<action no="14" player="queenwitty212" type="0" discard="1" dealt="1" sum="0"/>
</round>
</game>
<game gamecode="11514723275"><general><startdate>2025-06-16 05:14:48</startdate>
<round>1</round>
<failsafecounter/>
<players><player seat="10" name="queenwitty212" chips="320" dealer="0" win="40" bet="40" muck="1" rebuy="0" addon="0" merge="0" rebuychips="0" reg_code="8384804686"/>
<player seat="3" name="sheriffbook419" chips="460" dealer="1" win="0" bet="0" muck="1" rebuy="0" addon="0" merge="0" rebuychips="0" reg_code="8384804637"/>
<player seat="6" name="oreiasccp" chips="720" dealer="0" win="0" bet="20" muck="1" rebuy="0" addon="0" merge="0" rebuychips="0" reg_code="8384804668"/>
</players>
</general>
<round no="0"><action no="1" player="oreiasccp" type="1" sum="10"/>
<action no="2" player="queenwitty212" type="2" discard="1" dealt="1" sum="20"/>
</round>
<round no="1"><cards type="Pocket" player="oreiasccp">C5 H8</cards>
<cards type="Pocket" player="sheriffbook419">X X</cards>
<cards type="Pocket" player="queenwitty212">X X</cards>
<action no="3" player="sheriffbook419" type="0" discard="1" dealt="1" sum="0"/>
<action no="4" player="oreiasccp" type="3" sum="10"/>
<action no="5" player="queenwitty212" type="23" discard="1" dealt="1" sum="40"/>
<action no="6" player="oreiasccp" type="0" sum="0"/>
</round>
</game>
<game gamecode="11514723300"><general><startdate>2025-06-16 05:15:02</startdate>
<round>1</round>
<failsafecounter/>
<players><player seat="3" name="sheriffbook419" chips="460" dealer="0" win="200" bet="80" muck="0" rebuy="0" addon="0" merge="0" rebuychips="0" reg_code="8384804637"/>
<player seat="6" name="oreiasccp" chips="700" dealer="1" win="0" bet="40" muck="1" rebuy="0" addon="0" merge="0" rebuychips="0" reg_code="8384804668"/>
<player seat="10" name="queenwitty212" chips="340" dealer="0" win="0" bet="80" muck="1" rebuy="0" addon="0" merge="0" rebuychips="0" reg_code="8384804686"/>
</players>
</general>
<round no="0"><action no="1" player="queenwitty212" type="1" discard="1" dealt="1" sum="10"/>
<action no="2" player="sheriffbook419" type="2" discard="1" dealt="1" sum="20"/>
</round>
<round no="1"><cards type="Pocket" player="oreiasccp">C9 HA</cards>
<cards type="Pocket" player="queenwitty212">H10 S3</cards>
<cards type="Pocket" player="sheriffbook419">H6 D5</cards>
<action no="3" player="oreiasccp" type="23" sum="40"/>
<action no="4" player="queenwitty212" type="3" discard="1" dealt="1" sum="30"/>
<action no="5" player="sheriffbook419" type="3" discard="1" dealt="1" sum="20"/>
</round>
<round no="2"><cards type="Flop">C3 C4 C6</cards>
<action no="6" player="queenwitty212" type="5" discard="1" dealt="1" sum="20"/>
<action no="7" player="sheriffbook419" type="23" discard="1" dealt="1" sum="40"/>
<action no="8" player="oreiasccp" type="0" sum="0"/>
<action no="9" player="queenwitty212" type="3" discard="1" dealt="1" sum="20"/>
</round>
<round no="3"><cards type="Turn">CQ</cards>
<action no="10" player="queenwitty212" type="4" discard="1" dealt="1" sum="0"/>
<action no="11" player="sheriffbook419" type="4" discard="1" dealt="1" sum="0"/>
</round>
<round no="4"><cards type="River">D9</cards>
<action no="12" player="queenwitty212" type="4" discard="1" dealt="1" sum="0"/>
<action no="13" player="sheriffbook419" type="4" discard="1" dealt="1" sum="0"/>
</round>
</game>
<game gamecode="11514723349"><general><startdate>2025-06-16 05:15:31</startdate>
<round>1</round>
<failsafecounter/>
<players><player seat="6" name="oreiasccp" chips="660" dealer="0" win="0" bet="40" muck="1" rebuy="0" addon="0" merge="0" rebuychips="0" reg_code="8384804668"/>
<player seat="10" name="queenwitty212" chips="260" dealer="1" win="120" bet="60" muck="1" rebuy="0" addon="0" merge="0" rebuychips="0" reg_code="8384804686"/>
<player seat="3" name="sheriffbook419" chips="580" dealer="0" win="0" bet="40" muck="1" rebuy="0" addon="0" merge="0" rebuychips="0" reg_code="8384804637"/>
</players>
</general>
<round no="0"><action no="1" player="sheriffbook419" type="1" discard="1" dealt="1" sum="10"/>
<action no="2" player="oreiasccp" type="2" sum="20"/>
</round>
<round no="1"><cards type="Pocket" player="oreiasccp">C3 CK</cards>
<cards type="Pocket" player="queenwitty212">X X</cards>
<cards type="Pocket" player="sheriffbook419">X X</cards>
<action no="3" player="queenwitty212" type="23" discard="1" dealt="1" sum="40"/>
<action no="4" player="sheriffbook419" type="3" discard="1" dealt="1" sum="30"/>
<action no="5" player="oreiasccp" type="3" sum="20"/>
</round>
<round no="2"><cards type="Flop">HA DQ C5</cards>
<action no="6" player="sheriffbook419" type="4" discard="1" dealt="1" sum="0"/>
<action no="7" player="oreiasccp" type="4" sum="0"/>
<action no="8" player="queenwitty212" type="5" discard="1" dealt="1" sum="20"/>
<action no="9" player="sheriffbook419" type="0" discard="1" dealt="1" sum="0"/>
<action no="10" player="oreiasccp" type="0" sum="0"/>
</round>
</game>
<game gamecode="11514723391"><general><startdate>2025-06-16 05:15:55</startdate>
<round>1</round>
<failsafecounter/>
<players><player seat="10" name="queenwitty212" chips="340" dealer="0" win="0" bet="340" muck="0" rebuy="0" addon="0" merge="0" rebuychips="0" reg_code="8384804686"/>
<player seat="3" name="sheriffbook419" chips="540" dealer="1" win="690" bet="360" muck="0" rebuy="0" addon="0" merge="0" rebuychips="0" reg_code="8384804637"/>
<player seat="6" name="oreiasccp" chips="620" dealer="0" win="0" bet="10" muck="1" rebuy="0" addon="0" merge="0" rebuychips="0" reg_code="8384804668"/>
</players>
</general>
<round no="0"><action no="1" player="oreiasccp" type="1" sum="10"/>
<action no="2" player="queenwitty212" type="2" discard="1" dealt="1" sum="20"/>
</round>
<round no="1"><cards type="Pocket" player="oreiasccp">DK S2</cards>
<cards type="Pocket" player="sheriffbook419">SK SJ</cards>
<cards type="Pocket" player="queenwitty212">DQ DJ</cards>
<action no="3" player="sheriffbook419" type="3" discard="1" dealt="1" sum="20"/>
<action no="4" player="oreiasccp" type="0" sum="0"/>
<action no="5" player="queenwitty212" type="23" discard="1" dealt="1" sum="40"/>
<action no="6" player="sheriffbook419" type="3" discard="1" dealt="1" sum="20"/>
</round>
<round no="2"><cards type="Flop">S5 DA SQ</cards>
<action no="7" player="queenwitty212" type="5" discard="1" dealt="1" sum="200"/>
<action no="8" player="sheriffbook419" type="3" discard="1" dealt="1" sum="200"/>
</round>
<round no="3"><cards type="Turn">S7</cards>
<action no="9" player="queenwitty212" type="5" discard="1" dealt="1" sum="60"/>
<action no="10" player="sheriffbook419" type="23" discard="1" dealt="1" sum="120"/>
<action no="11" player="queenwitty212" type="7" discard="1" dealt="1" sum="40"/>
</round>
<round no="4"><cards type="River">D4</cards>
</round>
</game>
<game gamecode="11514723467"><general><startdate>2025-06-16 05:16:37</startdate>
<round>1</round>
<failsafecounter/>
<players><player seat="3" name="sheriffbook419" chips="890" dealer="0" win="0" bet="35" muck="1" rebuy="0" addon="0" merge="0" rebuychips="0" reg_code="8384804637"/>
<player seat="6" name="oreiasccp" chips="610" dealer="1" win="70" bet="65" muck="1" rebuy="0" addon="0" merge="0" rebuychips="0" reg_code="8384804668"/>
</players>
</general>
<round no="0"><action no="1" player="oreiasccp" type="15" sum="5"/>
<action no="2" player="sheriffbook419" type="15" discard="1" dealt="1" sum="5"/>
<action no="3" player="oreiasccp" type="1" sum="15"/>
<action no="4" player="sheriffbook419" type="2" discard="1" dealt="1" sum="30"/>
</round>
<round no="1"><cards type="Pocket" player="sheriffbook419">X X</cards>
<cards type="Pocket" player="oreiasccp">C3 H5</cards>
<action no="5" player="oreiasccp" type="3" sum="15"/>
<action no="6" player="sheriffbook419" type="4" discard="1" dealt="1" sum="0"/>
</round>
<round no="2"><cards type="Flop">DA HK SA</cards>
<action no="7" player="sheriffbook419" type="4" discard="1" dealt="1" sum="0"/>
<action no="8" player="oreiasccp" type="5" sum="30"/>
<action no="9" player="sheriffbook419" type="0" discard="1" dealt="1" sum="0"/>
</round>
</game>
<game gamecode="11514723485"><general><startdate>2025-06-16 05:16:49</startdate>
<round>1</round>
<failsafecounter/>
<players><player seat="6" name="oreiasccp" chips="645" dealer="0" win="0" bet="35" muck="1" rebuy="0" addon="0" merge="0" rebuychips="0" reg_code="8384804668"/>
<player seat="3" name="sheriffbook419" chips="855" dealer="1" win="70" bet="65" muck="1" rebuy="0" addon="0" merge="0" rebuychips="0" reg_code="8384804637"/>
</players>
</general>
<round no="0"><action no="1" player="sheriffbook419" type="15" discard="1" dealt="1" sum="5"/>
<action no="2" player="oreiasccp" type="15" sum="5"/>
<action no="3" player="sheriffbook419" type="1" discard="1" dealt="1" sum="15"/>
<action no="4" player="oreiasccp" type="2" sum="30"/>
</round>
<round no="1"><cards type="Pocket" player="oreiasccp">H8 D3</cards>
<cards type="Pocket" player="sheriffbook419">X X</cards>
<action no="5" player="sheriffbook419" type="3" discard="1" dealt="1" sum="15"/>
<action no="6" player="oreiasccp" type="4" sum="0"/>
</round>
<round no="2"><cards type="Flop">H10 SK C5</cards>
<action no="7" player="oreiasccp" type="4" sum="0"/>
<action no="8" player="sheriffbook419" type="5" discard="1" dealt="1" sum="30"/>
<action no="9" player="oreiasccp" type="0" sum="0"/>
</round>
</game>
<game gamecode="11514723509"><general><startdate>2025-06-16 05:17:00</startdate>
<round>1</round>
<failsafecounter/>
<players><player seat="3" name="sheriffbook419" chips="890" dealer="0" win="130" bet="95" muck="1" rebuy="0" addon="0" merge="0" rebuychips="0" reg_code="8384804637"/>
<player seat="6" name="oreiasccp" chips="610" dealer="1" win="0" bet="65" muck="1" rebuy="0" addon="0" merge="0" rebuychips="0" reg_code="8384804668"/>
</players>
</general>
<round no="0"><action no="1" player="oreiasccp" type="15" sum="5"/>
<action no="2" player="sheriffbook419" type="15" discard="1" dealt="1" sum="5"/>
<action no="3" player="oreiasccp" type="1" sum="15"/>
<action no="4" player="sheriffbook419" type="2" discard="1" dealt="1" sum="30"/>
</round>
<round no="1"><cards type="Pocket" player="oreiasccp">C10 C8</cards>
<cards type="Pocket" player="sheriffbook419">X X</cards>
<action no="5" player="oreiasccp" type="3" sum="15"/>
<action no="6" player="sheriffbook419" type="4" discard="1" dealt="1" sum="0"/>
</round>
<round no="2"><cards type="Flop">C5 D3 D5</cards>
<action no="7" player="sheriffbook419" type="4" discard="1" dealt="1" sum="0"/>
<action no="8" player="oreiasccp" type="5" sum="30"/>
<action no="9" player="sheriffbook419" type="3" discard="1" dealt="1" sum="30"/>
</round>
<round no="3"><cards type="Turn">H7</cards>
<action no="10" player="sheriffbook419" type="4" discard="1" dealt="1" sum="0"/>
<action no="11" player="oreiasccp" type="4" sum="0"/>
</round>
<round no="4"><cards type="River">C9</cards>
<action no="12" player="sheriffbook419" type="5" discard="1" dealt="1" sum="30"/>
<action no="13" player="oreiasccp" type="0" sum="0"/>
</round>
</game>
<game gamecode="11514723548"><general><startdate>2025-06-16 05:17:21</startdate>
<round>1</round>
<failsafecounter/>
<players><player seat="6" name="oreiasccp" chips="545" dealer="0" win="0" bet="215" muck="1" rebuy="0" addon="0" merge="0" rebuychips="0" reg_code="8384804668"/>
<player seat="3" name="sheriffbook419" chips="955" dealer="1" win="430" bet="335" muck="1" rebuy="0" addon="0" merge="0" rebuychips="0" reg_code="8384804637"/>
</players>
</general>
<round no="0"><action no="1" player="sheriffbook419" type="15" discard="1" dealt="1" sum="5"/>
<action no="2" player="oreiasccp" type="15" sum="5"/>
<action no="3" player="sheriffbook419" type="1" discard="1" dealt="1" sum="15"/>
<action no="4" player="oreiasccp" type="2" sum="30"/>
</round>
<round no="1"><cards type="Pocket" player="oreiasccp">SK CA</cards>
<cards type="Pocket" player="sheriffbook419">X X</cards>
<action no="5" player="sheriffbook419" type="3" discard="1" dealt="1" sum="15"/>
<action no="6" player="oreiasccp" type="23" sum="150"/>
<action no="7" player="sheriffbook419" type="3" discard="1" dealt="1" sum="120"/>
</round>
<round no="2"><cards type="Flop">DQ HJ H8</cards>
<action no="8" player="oreiasccp" type="5" sum="60"/>
<action no="9" player="sheriffbook419" type="3" discard="1" dealt="1" sum="60"/>
</round>
<round no="3"><cards type="Turn">S8</cards>
<action no="10" player="oreiasccp" type="4" sum="0"/>
<action no="11" player="sheriffbook419" type="5" discard="1" dealt="1" sum="120"/>
<action no="12" player="oreiasccp" type="0" sum="0"/>
</round>
</game>
<game gamecode="11514723602"><general><startdate>2025-06-16 05:17:51</startdate>
<round>1</round>
<failsafecounter/>
<players><player seat="3" name="sheriffbook419" chips="1,170" dealer="0" win="0" bet="95" muck="1" rebuy="0" addon="0" merge="0" rebuychips="0" reg_code="8384804637"/>
<player seat="6" name="oreiasccp" chips="330" dealer="1" win="190" bet="95" muck="0" rebuy="0" addon="0" merge="0" rebuychips="0" reg_code="8384804668"/>
</players>
</general>
<round no="0"><action no="1" player="oreiasccp" type="15" sum="5"/>
<action no="2" player="sheriffbook419" type="15" discard="1" dealt="1" sum="5"/>
<action no="3" player="oreiasccp" type="1" sum="15"/>
<action no="4" player="sheriffbook419" type="2" discard="1" dealt="1" sum="30"/>
</round>
<round no="1"><cards type="Pocket" player="oreiasccp">H4 DQ</cards>
<cards type="Pocket" player="sheriffbook419">D8 H6</cards>
<action no="5" player="oreiasccp" type="3" sum="15"/>
<action no="6" player="sheriffbook419" type="4" discard="1" dealt="1" sum="0"/>
</round>
<round no="2"><cards type="Flop">S4 S5 C3</cards>
<action no="7" player="sheriffbook419" type="5" discard="1" dealt="1" sum="30"/>
<action no="8" player="oreiasccp" type="3" sum="30"/>
</round>
<round no="3"><cards type="Turn">C5</cards>
<action no="9" player="sheriffbook419" type="5" discard="1" dealt="1" sum="30"/>
<action no="10" player="oreiasccp" type="3" sum="30"/>
</round>
<round no="4"><cards type="River">DK</cards>
<action no="11" player="sheriffbook419" type="4" discard="1" dealt="1" sum="0"/>
<action no="12" player="oreiasccp" type="4" sum="0"/>
</round>
</game>
<game gamecode="11514723640"><general><startdate>2025-06-16 05:18:12</startdate>
<round>1</round>
<failsafecounter/>
<players><player seat="6" name="oreiasccp" chips="425" dealer="0" win="50" bet="45" muck="1" rebuy="0" addon="0" merge="0" rebuychips="0" reg_code="8384804668"/>
<player seat="3" name="sheriffbook419" chips="1,075" dealer="1" win="0" bet="25" muck="1" rebuy="0" addon="0" merge="0" rebuychips="0" reg_code="8384804637"/>
</players>
</general>
<round no="0"><action no="1" player="sheriffbook419" type="15" discard="1" dealt="1" sum="5"/>
<action no="2" player="oreiasccp" type="15" sum="5"/>
<action no="3" player="sheriffbook419" type="1" discard="1" dealt="1" sum="20"/>
<action no="4" player="oreiasccp" type="2" sum="40"/>
</round>
<round no="1"><cards type="Pocket" player="oreiasccp">S3 DJ</cards>
<cards type="Pocket" player="sheriffbook419">X X</cards>
<action no="5" player="sheriffbook419" type="0" discard="1" dealt="1" sum="0"/>
</round>
</game>
<game gamecode="11514723651"><general><startdate>2025-06-16 05:18:18</startdate>
<round>1</round>
<failsafecounter/>
<players><player seat="3" name="sheriffbook419" chips="1,050" dealer="0" win="0" bet="45" muck="1" rebuy="0" addon="0" merge="0" rebuychips="0" reg_code="8384804637"/>
<player seat="6" name="oreiasccp" chips="450" dealer="1" win="90" bet="85" muck="1" rebuy="0" addon="0" merge="0" rebuychips="0" reg_code="8384804668"/>
</players>
</general>
<round no="0"><action no="1" player="oreiasccp" type="15" sum="5"/>
<action no="2" player="sheriffbook419" type="15" discard="1" dealt="1" sum="5"/>
<action no="3" player="oreiasccp" type="1" sum="20"/>
<action no="4" player="sheriffbook419" type="2" discard="1" dealt="1" sum="40"/>
</round>
<round no="1"><cards type="Pocket" player="sheriffbook419">X X</cards>
<cards type="Pocket" player="oreiasccp">HQ D3</cards>
<action no="5" player="oreiasccp" type="3" sum="20"/>
<action no="6" player="sheriffbook419" type="4" discard="1" dealt="1" sum="0"/>
</round>
<round no="2"><cards type="Flop">HA D9 D10</cards>
<action no="7" player="sheriffbook419" type="4" discard="1" dealt="1" sum="0"/>
<action no="8" player="oreiasccp" type="5" sum="40"/>
<action no="9" player="sheriffbook419" type="0" discard="1" dealt="1" sum="0"/>
</round>
</game>
<game gamecode="11514723686"><general><startdate>2025-06-16 05:18:35</startdate>
<round>1</round>
<failsafecounter/>
<players><player seat="6" name="oreiasccp" chips="495" dealer="0" win="50" bet="45" muck="1" rebuy="0" addon="0" merge="0" rebuychips="0" reg_code="8384804668"/>
<player seat="3" name="sheriffbook419" chips="1,005" dealer="1" win="0" bet="25" muck="1" rebuy="0" addon="0" merge="0" rebuychips="0" reg_code="8384804637"/>
</players>
</general>
<round no="0"><action no="1" player="sheriffbook419" type="15" discard="1" dealt="1" sum="5"/>
<action no="2" player="oreiasccp" type="15" sum="5"/>
<action no="3" player="sheriffbook419" type="1" discard="1" dealt="1" sum="20"/>
<action no="4" player="oreiasccp" type="2" sum="40"/>
</round>
<round no="1"><cards type="Pocket" player="oreiasccp">D2 D4</cards>
<cards type="Pocket" player="sheriffbook419">X X</cards>
<action no="5" player="sheriffbook419" type="0" discard="1" dealt="1" sum="0"/>
</round>
</game>
<game gamecode="11514723702"><general><startdate>2025-06-16 05:18:43</startdate>
<round>1</round>
<failsafecounter/>
<players><player seat="3" name="sheriffbook419" chips="980" dealer="0" win="90" bet="85" muck="1" rebuy="0" addon="0" merge="0" rebuychips="0" reg_code="8384804637"/>
<player seat="6" name="oreiasccp" chips="520" dealer="1" win="0" bet="45" muck="1" rebuy="0" addon="0" merge="0" rebuychips="0" reg_code="8384804668"/>
</players>
</general>
<round no="0"><action no="1" player="oreiasccp" type="15" sum="5"/>
<action no="2" player="sheriffbook419" type="15" discard="1" dealt="1" sum="5"/>
<action no="3" player="oreiasccp" type="1" sum="20"/>
<action no="4" player="sheriffbook419" type="2" discard="1" dealt="1" sum="40"/>
</round>
<round no="1"><cards type="Pocket" player="sheriffbook419">X X</cards>
<cards type="Pocket" player="oreiasccp">H3 H5</cards>
<action no="5" player="oreiasccp" type="3" sum="20"/>
<action no="6" player="sheriffbook419" type="4" discard="1" dealt="1" sum="0"/>
</round>
<round no="2"><cards type="Flop">HQ S9 S2</cards>
<action no="7" player="sheriffbook419" type="5" discard="1" dealt="1" sum="40"/>
<action no="8" player="oreiasccp" type="0" sum="0"/>
</round>
</game>
<game gamecode="11514723724"><general><startdate>2025-06-16 05:18:54</startdate>
<round>1</round>
<failsafecounter/>
<players><player seat="6" name="oreiasccp" chips="475" dealer="0" win="250" bet="215" muck="1" rebuy="0" addon="0" merge="0" rebuychips="0" reg_code="8384804668"/>
<player seat="3" name="sheriffbook419" chips="1,025" dealer="1" win="0" bet="125" muck="1" rebuy="0" addon="0" merge="0" rebuychips="0" reg_code="8384804637"/>
</players>
</general>
<round no="0"><action no="1" player="sheriffbook419" type="15" discard="1" dealt="1" sum="5"/>
<action no="2" player="oreiasccp" type="15" sum="5"/>
<action no="3" player="sheriffbook419" type="1" discard="1" dealt="1" sum="20"/>
<action no="4" player="oreiasccp" type="2" sum="40"/>
</round>
<round no="1"><cards type="Pocket" player="sheriffbook419">X X</cards>
<cards type="Pocket" player="oreiasccp">HQ S7</cards>
<action no="5" player="sheriffbook419" type="3" discard="1" dealt="1" sum="20"/>
<action no="6" player="oreiasccp" type="23" sum="120"/>
<action no="7" player="sheriffbook419" type="3" discard="1" dealt="1" sum="80"/>
</round>
<round no="2"><cards type="Flop">D4 H4 HA</cards>
<action no="8" player="oreiasccp" type="5" sum="90"/>
<action no="9" player="sheriffbook419" type="0" discard="1" dealt="1" sum="0"/>
</round>
</game>
<game gamecode="11514723761"><general><startdate>2025-06-16 05:19:15</startdate>
<round>1</round>
<failsafecounter/>
<players><player seat="3" name="sheriffbook419" chips="900" dealer="0" win="0" bet="45" muck="1" rebuy="0" addon="0" merge="0" rebuychips="0" reg_code="8384804637"/>
<player seat="6" name="oreiasccp" chips="600" dealer="1" win="90" bet="85" muck="1" rebuy="0" addon="0" merge="0" rebuychips="0" reg_code="8384804668"/>
</players>
</general>
<round no="0"><action no="1" player="oreiasccp" type="15" sum="5"/>
<action no="2" player="sheriffbook419" type="15" discard="1" dealt="1" sum="5"/>
<action no="3" player="oreiasccp" type="1" sum="20"/>
<action no="4" player="sheriffbook419" type="2" discard="1" dealt="1" sum="40"/>
</round>
<round no="1"><cards type="Pocket" player="oreiasccp">C4 S9</cards>
<cards type="Pocket" player="sheriffbook419">X X</cards>
<action no="5" player="oreiasccp" type="3" sum="20"/>
<action no="6" player="sheriffbook419" type="4" discard="1" dealt="1" sum="0"/>
</round>
<round no="2"><cards type="Flop">C8 SA CQ</cards>
<action no="7" player="sheriffbook419" type="4" discard="1" dealt="1" sum="0"/>
<action no="8" player="oreiasccp" type="5" sum="40"/>
<action no="9" player="sheriffbook419" type="0" discard="1" dealt="1" sum="0"/>
</round>
</game>
<game gamecode="11514723790"><general><startdate>2025-06-16 05:19:27</startdate>
<round>1</round>
<failsafecounter/>
<players><player seat="6" name="oreiasccp" chips="645" dealer="0" win="1,290" bet="645" muck="0" rebuy="0" addon="0" merge="0" rebuychips="0" reg_code="8384804668"/>
<player seat="3" name="sheriffbook419" chips="855" dealer="1" win="0" bet="645" muck="1" rebuy="0" addon="0" merge="0" rebuychips="0" reg_code="8384804637"/>
</players>
</general>
<round no="0"><action no="1" player="sheriffbook419" type="15" discard="1" dealt="1" sum="5"/>
<action no="2" player="oreiasccp" type="15" sum="5"/>
<action no="3" player="sheriffbook419" type="1" discard="1" dealt="1" sum="20"/>
<action no="4" player="oreiasccp" type="2" sum="40"/>
</round>
<round no="1"><cards type="Pocket" player="oreiasccp">HA C6</cards>
<cards type="Pocket" player="sheriffbook419">HQ H3</cards>
<action no="5" player="sheriffbook419" type="23" discard="1" dealt="1" sum="80"/>
<action no="6" player="oreiasccp" type="23" sum="640"/>
<action no="7" player="sheriffbook419" type="3" discard="1" dealt="1" sum="560"/>
</round>
<round no="2"><cards type="Flop">D2 DK H10</cards>
</round>
<round no="3"><cards type="Turn">SA</cards>
</round>
<round no="4"><cards type="River">C2</cards>
</round>
</game>
<game gamecode="11514723832"><general><startdate>2025-06-16 05:19:49</startdate>
<round>1</round>
<failsafecounter/>
<players><player seat="3" name="sheriffbook419" chips="210" dealer="0" win="0" bet="210" muck="0" rebuy="0" addon="0" merge="0" rebuychips="0" reg_code="8384804637"/>
<player seat="6" name="oreiasccp" chips="1,290" dealer="1" win="420" bet="210" muck="0" rebuy="0" addon="0" merge="0" rebuychips="0" reg_code="8384804668"/>
</players>
</general>
<round no="0"><action no="1" player="oreiasccp" type="15" sum="5"/>
<action no="2" player="sheriffbook419" type="15" discard="1" dealt="1" sum="5"/>
<action no="3" player="oreiasccp" type="1" sum="20"/>
<action no="4" player="sheriffbook419" type="2" discard="1" dealt="1" sum="40"/>
</round>
<round no="1"><cards type="Pocket" player="sheriffbook419">SJ HK</cards>
<cards type="Pocket" player="oreiasccp">S8 C10</cards>
<action no="5" player="oreiasccp" type="23" sum="205"/>
<action no="6" player="sheriffbook419" type="7" discard="1" dealt="1" sum="165"/>
</round>
<round no="2"><cards type="Flop">CJ DQ DK</cards>
</round>
<round no="3"><cards type="Turn">C3</cards>
</round>
<round no="4"><cards type="River">CA</cards>
</round>
</game>
</session>
