<?xml version="1.0" encoding="UTF-8"?>
<session sessioncode="8384807181">
<general>
<client_version>24.7.1.16</client_version>
<mode>real</mode>
<gametype>Holdem NL</gametype>
<tablename>Twister €5 SNG, 1127557491</tablename>
<tournamentcode>1127557490</tournamentcode>
<tournamentname>Twister €5 SNG</tournamentname>
<buyin>€0 + €0.35 + €4.65</buyin>
<totalbuyin>€5</totalbuyin>
<rewarddrawn>€25</rewarddrawn>
<tournamentcurrency>EUR</tournamentcurrency>
<currency>EUR</currency>
<nickname>oreiasccp</nickname>
<gamecount>19</gamecount>
<startdate>2025-06-16 05:32:00</startdate>
<place>2</place>
<win>€0</win>
<tablesize>3</tablesize>
</general>
<game gamecode="11514730449"><general><startdate>2025-06-16 05:32:16</startdate>
<round>1</round>
<failsafecounter/>
<players><player seat="6" name="Hhudbbe" chips="500" dealer="0" win="0" bet="60" muck="1" rebuy="0" addon="0" merge="0" rebuychips="0" reg_code="8384807143"/>
<player seat="10" name="oreiasccp" chips="500" dealer="1" win="0" bet="0" muck="1" rebuy="0" addon="0" merge="0" rebuychips="0" reg_code="8384807181"/>
<player seat="3" name="BahTOBUK" chips="500" dealer="0" win="120" bet="500" muck="1" rebuy="0" addon="0" merge="0" rebuychips="0" reg_code="8384807129"/>
</players>
</general>
<round no="0"><action no="1" player="BahTOBUK" type="1" discard="1" dealt="1" sum="10"/>
<action no="2" player="Hhudbbe" type="2" discard="1" dealt="1" sum="20"/>
</round>
<round no="1"><cards type="Pocket" player="oreiasccp">C3 HQ</cards>
<cards type="Pocket" player="Hhudbbe">X X</cards>
<cards type="Pocket" player="BahTOBUK">X X</cards>
<action no="3" player="oreiasccp" type="0" sum="0"/>
<action no="4" player="BahTOBUK" type="3" discard="1" dealt="1" sum="10"/>
<action no="5" player="Hhudbbe" type="23" discard="1" dealt="1" sum="60"/>
<action no="6" player="BahTOBUK" type="23" discard="1" dealt="1" sum="500"/>
<action no="7" player="Hhudbbe" type="0" discard="1" dealt="1" sum="0"/>
</round>
</game>
<game gamecode="11514730503"><general><startdate>2025-06-16 05:32:42</startdate>
<round>1</round>
<failsafecounter/>
<players><player seat="10" name="oreiasccp" chips="500" dealer="0" win="0" bet="20" muck="1" rebuy="0" addon="0" merge="0" rebuychips="0" reg_code="8384807181"/>
<player seat="3" name="BahTOBUK" chips="560" dealer="1" win="140" bet="97" muck="1" rebuy="0" addon="0" merge="0" rebuychips="0" reg_code="8384807129"/>
<player seat="6" name="Hhudbbe" chips="440" dealer="0" win="0" bet="60" muck="1" rebuy="0" addon="0" merge="0" rebuychips="0" reg_code="8384807143"/>
</players>
</general>
<round no="0"><action no="1" player="Hhudbbe" type="1" discard="1" dealt="1" sum="10"/>
<action no="2" player="oreiasccp" type="2" sum="20"/>
</round>
<round no="1"><cards type="Pocket" player="BahTOBUK">X X</cards>
<cards type="Pocket" player="oreiasccp">H10 D9</cards>
<cards type="Pocket" player="Hhudbbe">X X</cards>
<action no="3" player="BahTOBUK" type="23" discard="1" dealt="1" sum="40"/>
<action no="4" player="Hhudbbe" type="23" discard="1" dealt="1" sum="60"/>
<action no="5" player="oreiasccp" type="0" sum="0"/>
<action no="6" player="BahTOBUK" type="3" discard="1" dealt="1" sum="20"/>
</round>
<round no="2"><cards type="Flop">H5 CA S8</cards>
<action no="7" player="Hhudbbe" type="4" discard="1" dealt="1" sum="0"/>
<action no="8" player="BahTOBUK" type="5" discard="1" dealt="1" sum="37"/>
<action no="9" player="Hhudbbe" type="0" discard="1" dealt="1" sum="0"/>
</round>
</game>
<game gamecode="11514730540"><general><startdate>2025-06-16 05:33:01</startdate>
<round>1</round>
<failsafecounter/>
<players><player seat="3" name="BahTOBUK" chips="640" dealer="0" win="270" bet="640" muck="1" rebuy="0" addon="0" merge="0" rebuychips="0" reg_code="8384807129"/>
<player seat="6" name="Hhudbbe" chips="380" dealer="1" win="0" bet="130" muck="1" rebuy="0" addon="0" merge="0" rebuychips="0" reg_code="8384807143"/>
<player seat="10" name="oreiasccp" chips="480" dealer="0" win="0" bet="10" muck="1" rebuy="0" addon="0" merge="0" rebuychips="0" reg_code="8384807181"/>
</players>
</general>
<round no="0"><action no="1" player="oreiasccp" type="1" sum="10"/>
<action no="2" player="BahTOBUK" type="2" discard="1" dealt="1" sum="20"/>
</round>
<round no="1"><cards type="Pocket" player="BahTOBUK">X X</cards>
<cards type="Pocket" player="oreiasccp">S6 D2</cards>
<cards type="Pocket" player="Hhudbbe">X X</cards>
<action no="3" player="Hhudbbe" type="23" discard="1" dealt="1" sum="40"/>
<action no="4" player="oreiasccp" type="0" sum="0"/>
<action no="5" player="BahTOBUK" type="3" discard="1" dealt="1" sum="20"/>
</round>
<round no="2"><cards type="Flop">H4 C7 H10</cards>
<action no="6" player="BahTOBUK" type="4" discard="1" dealt="1" sum="0"/>
<action no="7" player="Hhudbbe" type="5" discard="1" dealt="1" sum="90"/>
<action no="8" player="BahTOBUK" type="23" discard="1" dealt="1" sum="600"/>
<action no="9" player="Hhudbbe" type="0" discard="1" dealt="1" sum="0"/>
</round>
</game>
<game gamecode="11514730587"><general><startdate>2025-06-16 05:33:26</startdate>
<round>1</round>
<failsafecounter/>
<players><player seat="6" name="Hhudbbe" chips="250" dealer="0" win="80" bet="40" muck="0" rebuy="0" addon="0" merge="0" rebuychips="0" reg_code="8384807143"/>
<player seat="10" name="oreiasccp" chips="470" dealer="1" win="0" bet="0" muck="1" rebuy="0" addon="0" merge="0" rebuychips="0" reg_code="8384807181"/>
<player seat="3" name="BahTOBUK" chips="780" dealer="0" win="0" bet="40" muck="1" rebuy="0" addon="0" merge="0" rebuychips="0" reg_code="8384807129"/>
</players>
</general>
<round no="0"><action no="1" player="BahTOBUK" type="1" discard="1" dealt="1" sum="10"/>
<action no="2" player="Hhudbbe" type="2" discard="1" dealt="1" sum="20"/>
</round>
<round no="1"><cards type="Pocket" player="oreiasccp">S6 DJ</cards>
<cards type="Pocket" player="BahTOBUK">H8 S9</cards>
<cards type="Pocket" player="Hhudbbe">D2 C4</cards>
<action no="3" player="oreiasccp" type="0" sum="0"/>
<action no="4" player="BahTOBUK" type="3" discard="1" dealt="1" sum="10"/>
<action no="5" player="Hhudbbe" type="4" discard="1" dealt="1" sum="0"/>
</round>
<round no="2"><cards type="Flop">HK S5 S4</cards>
<action no="6" player="BahTOBUK" type="5" discard="1" dealt="1" sum="20"/>
<action no="7" player="Hhudbbe" type="3" discard="1" dealt="1" sum="20"/>
</round>
<round no="3"><cards type="Turn">H7</cards>
<action no="8" player="BahTOBUK" type="4" discard="1" dealt="1" sum="0"/>
<action no="9" player="Hhudbbe" type="4" discard="1" dealt="1" sum="0"/>
</round>
<round no="4"><cards type="River">HA</cards>
<action no="10" player="BahTOBUK" type="4" discard="1" dealt="1" sum="0"/>
<action no="11" player="Hhudbbe" type="4" discard="1" dealt="1" sum="0"/>
</round>
</game>
<game gamecode="11514730644"><general><startdate>2025-06-16 05:33:53</startdate>
<round>1</round>
<failsafecounter/>
<players><player seat="10" name="oreiasccp" chips="470" dealer="0" win="138" bet="114" muck="1" rebuy="0" addon="0" merge="0" rebuychips="0" reg_code="8384807181"/>
<player seat="3" name="BahTOBUK" chips="740" dealer="1" win="0" bet="64" muck="1" rebuy="0" addon="0" merge="0" rebuychips="0" reg_code="8384807129"/>
<player seat="6" name="Hhudbbe" chips="290" dealer="0" win="0" bet="10" muck="1" rebuy="0" addon="0" merge="0" rebuychips="0" reg_code="8384807143"/>
</players>
</general>
<round no="0"><action no="1" player="Hhudbbe" type="1" discard="1" dealt="1" sum="10"/>
<action no="2" player="oreiasccp" type="2" sum="20"/>
</round>
<round no="1"><cards type="Pocket" player="Hhudbbe">X X</cards>
<cards type="Pocket" player="oreiasccp">S8 S6</cards>
<cards type="Pocket" player="BahTOBUK">X X</cards>
<action no="3" player="BahTOBUK" type="23" discard="1" dealt="1" sum="40"/>
<action no="4" player="Hhudbbe" type="0" discard="1" dealt="1" sum="0"/>
<action no="5" player="oreiasccp" type="3" sum="20"/>
</round>
<round no="2"><cards type="Flop">HQ D6 HK</cards>
<action no="6" player="oreiasccp" type="4" sum="0"/>
<action no="7" player="BahTOBUK" type="5" discard="1" dealt="1" sum="24"/>
<action no="8" player="oreiasccp" type="3" sum="24"/>
</round>
<round no="3"><cards type="Turn">D3</cards>
<action no="9" player="oreiasccp" type="4" sum="0"/>
<action no="10" player="BahTOBUK" type="4" discard="1" dealt="1" sum="0"/>
</round>
<round no="4"><cards type="River">C8</cards>
<action no="11" player="oreiasccp" type="5" sum="50"/>
<action no="12" player="BahTOBUK" type="0" discard="1" dealt="1" sum="0"/>
</round>
</game>
<game gamecode="11514730738"><general><startdate>2025-06-16 05:34:38</startdate>
<round>1</round>
<failsafecounter/>
<players><player seat="3" name="BahTOBUK" chips="676" dealer="0" win="0" bet="35" muck="1" rebuy="0" addon="0" merge="0" rebuychips="0" reg_code="8384807129"/>
<player seat="6" name="Hhudbbe" chips="280" dealer="1" win="0" bet="5" muck="1" rebuy="0" addon="0" merge="0" rebuychips="0" reg_code="8384807143"/>
<player seat="10" name="oreiasccp" chips="544" dealer="0" win="75" bet="544" muck="1" rebuy="0" addon="0" merge="0" rebuychips="0" reg_code="8384807181"/>
</players>
</general>
<round no="0"><action no="1" player="oreiasccp" type="15" sum="5"/>
<action no="2" player="BahTOBUK" type="15" discard="1" dealt="1" sum="5"/>
<action no="3" player="Hhudbbe" type="15" discard="1" dealt="1" sum="5"/>
<action no="4" player="oreiasccp" type="1" sum="15"/>
<action no="5" player="BahTOBUK" type="2" discard="1" dealt="1" sum="30"/>
</round>
<round no="1"><cards type="Pocket" player="Hhudbbe">X X</cards>
<cards type="Pocket" player="oreiasccp">DJ SA</cards>
<cards type="Pocket" player="BahTOBUK">X X</cards>
<action no="6" player="Hhudbbe" type="0" discard="1" dealt="1" sum="0"/>
<action no="7" player="oreiasccp" type="23" sum="539"/>
<action no="8" player="BahTOBUK" type="0" discard="1" dealt="1" sum="0"/>
</round>
</game>
<game gamecode="11514730768"><general><startdate>2025-06-16 05:34:52</startdate>
<round>1</round>
<failsafecounter/>
<players><player seat="6" name="Hhudbbe" chips="275" dealer="0" win="0" bet="35" muck="1" rebuy="0" addon="0" merge="0" rebuychips="0" reg_code="8384807143"/>
<player seat="10" name="oreiasccp" chips="584" dealer="1" win="0" bet="5" muck="1" rebuy="0" addon="0" merge="0" rebuychips="0" reg_code="8384807181"/>
<player seat="3" name="BahTOBUK" chips="641" dealer="0" win="75" bet="641" muck="1" rebuy="0" addon="0" merge="0" rebuychips="0" reg_code="8384807129"/>
</players>
</general>
<round no="0"><action no="1" player="BahTOBUK" type="15" discard="1" dealt="1" sum="5"/>
<action no="2" player="Hhudbbe" type="15" discard="1" dealt="1" sum="5"/>
<action no="3" player="oreiasccp" type="15" sum="5"/>
<action no="4" player="BahTOBUK" type="1" discard="1" dealt="1" sum="15"/>
<action no="5" player="Hhudbbe" type="2" discard="1" dealt="1" sum="30"/>
</round>
<round no="1"><cards type="Pocket" player="oreiasccp">HK C2</cards>
<cards type="Pocket" player="Hhudbbe">X X</cards>
<cards type="Pocket" player="BahTOBUK">X X</cards>
<action no="6" player="oreiasccp" type="0" sum="0"/>
<action no="7" player="BahTOBUK" type="23" discard="1" dealt="1" sum="636"/>
<action no="8" player="Hhudbbe" type="0" discard="1" dealt="1" sum="0"/>
</round>
</game>
<game gamecode="11514734332"><general><startdate>2025-06-16 05:35:06</startdate>
<round>1</round>
<failsafecounter/>
<players><player seat="10" name="oreiasccp" chips="579" dealer="0" win="0" bet="35" muck="1" rebuy="0" addon="0" merge="0" rebuychips="0" reg_code="8384807181"/>
<player seat="3" name="BahTOBUK" chips="681" dealer="1" win="515" bet="240" muck="0" rebuy="0" addon="0" merge="0" rebuychips="0" reg_code="8384807129"/>
<player seat="6" name="Hhudbbe" chips="240" dealer="0" win="0" bet="240" muck="0" rebuy="0" addon="0" merge="0" rebuychips="0" reg_code="8384807143"/>
</players>
</general>
<round no="0"><action no="1" player="Hhudbbe" type="15" discard="1" dealt="1" sum="5"/>
<action no="2" player="oreiasccp" type="15" sum="5"/>
<action no="3" player="BahTOBUK" type="15" discard="1" dealt="1" sum="5"/>
<action no="4" player="Hhudbbe" type="1" discard="1" dealt="1" sum="15"/>
<action no="5" player="oreiasccp" type="2" sum="30"/>
</round>
<round no="1"><cards type="Pocket" player="oreiasccp">SK C2</cards>
<cards type="Pocket" player="Hhudbbe">D8 HJ</cards>
<cards type="Pocket" player="BahTOBUK">DJ SJ</cards>
<action no="6" player="BahTOBUK" type="23" discard="1" dealt="1" sum="60"/>
<action no="7" player="Hhudbbe" type="23" discard="1" dealt="1" sum="235"/>
<action no="8" player="oreiasccp" type="0" sum="0"/>
<action no="9" player="BahTOBUK" type="3" discard="1" dealt="1" sum="175"/>
</round>
<round no="2"><cards type="Flop">H4 C6 S9</cards>
</round>
<round no="3"><cards type="Turn">HK</cards>
</round>
<round no="4"><cards type="River">H10</cards>
</round>
</game>
<game gamecode="11514734407"><general><startdate>2025-06-16 05:35:36</startdate>
<round>1</round>
<failsafecounter/>
<players><player seat="3" name="BahTOBUK" chips="956" dealer="0" win="0" bet="35" muck="1" rebuy="0" addon="0" merge="0" rebuychips="0" reg_code="8384807129"/>
<player seat="10" name="oreiasccp" chips="544" dealer="1" win="70" bet="65" muck="1" rebuy="0" addon="0" merge="0" rebuychips="0" reg_code="8384807181"/>
</players>
</general>
<round no="0"><action no="1" player="oreiasccp" type="15" sum="5"/>
<action no="2" player="BahTOBUK" type="15" discard="1" dealt="1" sum="5"/>
<action no="3" player="oreiasccp" type="1" sum="15"/>
<action no="4" player="BahTOBUK" type="2" discard="1" dealt="1" sum="30"/>
</round>
<round no="1"><cards type="Pocket" player="BahTOBUK">X X</cards>
<cards type="Pocket" player="oreiasccp">H4 C10</cards>
<action no="5" player="oreiasccp" type="3" sum="15"/>
<action no="6" player="BahTOBUK" type="4" discard="1" dealt="1" sum="0"/>
</round>
<round no="2"><cards type="Flop">DQ HA D5</cards>
<action no="7" player="BahTOBUK" type="4" discard="1" dealt="1" sum="0"/>
<action no="8" player="oreiasccp" type="5" sum="30"/>
<action no="9" player="BahTOBUK" type="0" discard="1" dealt="1" sum="0"/>
</round>
</game>
<game gamecode="11514734470"><general><startdate>2025-06-16 05:36:09</startdate>
<round>1</round>
<failsafecounter/>
<players><player seat="10" name="oreiasccp" chips="579" dealer="0" win="0" bet="35" muck="1" rebuy="0" addon="0" merge="0" rebuychips="0" reg_code="8384807181"/>
<player seat="3" name="BahTOBUK" chips="921" dealer="1" win="70" bet="65" muck="1" rebuy="0" addon="0" merge="0" rebuychips="0" reg_code="8384807129"/>
</players>
</general>
<round no="0"><action no="1" player="BahTOBUK" type="15" discard="1" dealt="1" sum="5"/>
<action no="2" player="oreiasccp" type="15" sum="5"/>
<action no="3" player="BahTOBUK" type="1" discard="1" dealt="1" sum="15"/>
<action no="4" player="oreiasccp" type="2" sum="30"/>
</round>
<round no="1"><cards type="Pocket" player="BahTOBUK">X X</cards>
<cards type="Pocket" player="oreiasccp">D6 H2</cards>
<action no="5" player="BahTOBUK" type="3" discard="1" dealt="1" sum="15"/>
<action no="6" player="oreiasccp" type="4" sum="0"/>
</round>
<round no="2"><cards type="Flop">SQ C3 HJ</cards>
<action no="7" player="oreiasccp" type="4" sum="0"/>
<action no="8" player="BahTOBUK" type="5" discard="1" dealt="1" sum="30"/>
<action no="9" player="oreiasccp" type="0" sum="0"/>
</round>
</game>
<game gamecode="11514734522"><general><startdate>2025-06-16 05:36:32</startdate>
<round>1</round>
<failsafecounter/>
<players><player seat="3" name="BahTOBUK" chips="956" dealer="0" win="50" bet="45" muck="1" rebuy="0" addon="0" merge="0" rebuychips="0" reg_code="8384807129"/>
<player seat="10" name="oreiasccp" chips="544" dealer="1" win="0" bet="25" muck="1" rebuy="0" addon="0" merge="0" rebuychips="0" reg_code="8384807181"/>
</players>
</general>
<round no="0"><action no="1" player="oreiasccp" type="15" sum="5"/>
<action no="2" player="BahTOBUK" type="15" discard="1" dealt="1" sum="5"/>
<action no="3" player="oreiasccp" type="1" sum="20"/>
<action no="4" player="BahTOBUK" type="2" discard="1" dealt="1" sum="40"/>
</round>
<round no="1"><cards type="Pocket" player="BahTOBUK">X X</cards>
<cards type="Pocket" player="oreiasccp">H6 C3</cards>
<action no="5" player="oreiasccp" type="0" sum="0"/>
</round>
</game>
<game gamecode="11514734554"><general><startdate>2025-06-16 05:36:49</startdate>
<round>1</round>
<failsafecounter/>
<players><player seat="10" name="oreiasccp" chips="519" dealer="0" win="0" bet="85" muck="1" rebuy="0" addon="0" merge="0" rebuychips="0" reg_code="8384807181"/>
<player seat="3" name="BahTOBUK" chips="981" dealer="1" win="170" bet="85" muck="0" rebuy="0" addon="0" merge="0" rebuychips="0" reg_code="8384807129"/>
</players>
</general>
<round no="0"><action no="1" player="BahTOBUK" type="15" discard="1" dealt="1" sum="5"/>
<action no="2" player="oreiasccp" type="15" sum="5"/>
<action no="3" player="BahTOBUK" type="1" discard="1" dealt="1" sum="20"/>
<action no="4" player="oreiasccp" type="2" sum="40"/>
</round>
<round no="1"><cards type="Pocket" player="oreiasccp">HK H4</cards>
<cards type="Pocket" player="BahTOBUK">C10 DJ</cards>
<action no="5" player="BahTOBUK" type="3" discard="1" dealt="1" sum="20"/>
<action no="6" player="oreiasccp" type="4" sum="0"/>
</round>
<round no="2"><cards type="Flop">S10 H5 D6</cards>
<action no="7" player="oreiasccp" type="4" sum="0"/>
<action no="8" player="BahTOBUK" type="5" discard="1" dealt="1" sum="40"/>
<action no="9" player="oreiasccp" type="3" sum="40"/>
</round>
<round no="3"><cards type="Turn">S5</cards>
<action no="10" player="oreiasccp" type="4" sum="0"/>
<action no="11" player="BahTOBUK" type="4" discard="1" dealt="1" sum="0"/>
</round>
<round no="4"><cards type="River">S6</cards>
<action no="12" player="oreiasccp" type="4" sum="0"/>
<action no="13" player="BahTOBUK" type="4" discard="1" dealt="1" sum="0"/>
</round>
</game>
<game gamecode="11514734612"><general><startdate>2025-06-16 05:37:13</startdate>
<round>1</round>
<failsafecounter/>
<players><player seat="3" name="BahTOBUK" chips="1,066" dealer="0" win="170" bet="125" muck="1" rebuy="0" addon="0" merge="0" rebuychips="0" reg_code="8384807129"/>
<player seat="10" name="oreiasccp" chips="434" dealer="1" win="0" bet="85" muck="1" rebuy="0" addon="0" merge="0" rebuychips="0" reg_code="8384807181"/>
</players>
</general>
<round no="0"><action no="1" player="oreiasccp" type="15" sum="5"/>
<action no="2" player="BahTOBUK" type="15" discard="1" dealt="1" sum="5"/>
<action no="3" player="oreiasccp" type="1" sum="20"/>
<action no="4" player="BahTOBUK" type="2" discard="1" dealt="1" sum="40"/>
</round>
<round no="1"><cards type="Pocket" player="BahTOBUK">X X</cards>
<cards type="Pocket" player="oreiasccp">C3 C5</cards>
<action no="5" player="oreiasccp" type="3" sum="20"/>
<action no="6" player="BahTOBUK" type="4" discard="1" dealt="1" sum="0"/>
</round>
<round no="2"><cards type="Flop">H7 S8 DK</cards>
<action no="7" player="BahTOBUK" type="4" discard="1" dealt="1" sum="0"/>
<action no="8" player="oreiasccp" type="5" sum="40"/>
<action no="9" player="BahTOBUK" type="23" discard="1" dealt="1" sum="80"/>
<action no="10" player="oreiasccp" type="0" sum="0"/>
</round>
</game>
<game gamecode="11514734660"><general><startdate>2025-06-16 05:37:37</startdate>
<round>1</round>
<failsafecounter/>
<players><player seat="10" name="oreiasccp" chips="349" dealer="0" win="90" bet="349" muck="1" rebuy="0" addon="0" merge="0" rebuychips="0" reg_code="8384807181"/>
<player seat="3" name="BahTOBUK" chips="1,151" dealer="1" win="0" bet="45" muck="1" rebuy="0" addon="0" merge="0" rebuychips="0" reg_code="8384807129"/>
</players>
</general>
<round no="0"><action no="1" player="BahTOBUK" type="15" discard="1" dealt="1" sum="5"/>
<action no="2" player="oreiasccp" type="15" sum="5"/>
<action no="3" player="BahTOBUK" type="1" discard="1" dealt="1" sum="20"/>
<action no="4" player="oreiasccp" type="2" sum="40"/>
</round>
<round no="1"><cards type="Pocket" player="oreiasccp">DK C9</cards>
<cards type="Pocket" player="BahTOBUK">X X</cards>
<action no="5" player="BahTOBUK" type="3" discard="1" dealt="1" sum="20"/>
<action no="6" player="oreiasccp" type="23" sum="344"/>
<action no="7" player="BahTOBUK" type="0" discard="1" dealt="1" sum="0"/>
</round>
</game>
<game gamecode="11514734688"><general><startdate>2025-06-16 05:37:47</startdate>
<round>1</round>
<failsafecounter/>
<players><player seat="3" name="BahTOBUK" chips="1,106" dealer="0" win="90" bet="105" muck="1" rebuy="0" addon="0" merge="0" rebuychips="0" reg_code="8384807129"/>
<player seat="10" name="oreiasccp" chips="394" dealer="1" win="0" bet="45" muck="1" rebuy="0" addon="0" merge="0" rebuychips="0" reg_code="8384807181"/>
</players>
</general>
<round no="0"><action no="1" player="oreiasccp" type="15" sum="5"/>
<action no="2" player="BahTOBUK" type="15" discard="1" dealt="1" sum="5"/>
<action no="3" player="oreiasccp" type="1" sum="20"/>
<action no="4" player="BahTOBUK" type="2" discard="1" dealt="1" sum="40"/>
</round>
<round no="1"><cards type="Pocket" player="oreiasccp">S7 D9</cards>
<cards type="Pocket" player="BahTOBUK">X X</cards>
<action no="5" player="oreiasccp" type="3" sum="20"/>
<action no="6" player="BahTOBUK" type="23" discard="1" dealt="1" sum="100"/>
<action no="7" player="oreiasccp" type="0" sum="0"/>
</round>
</game>
<game gamecode="11514734720"><general><startdate>2025-06-16 05:38:02</startdate>
<round>1</round>
<failsafecounter/>
<players><player seat="10" name="oreiasccp" chips="349" dealer="0" win="0" bet="45" muck="1" rebuy="0" addon="0" merge="0" rebuychips="0" reg_code="8384807181"/>
<player seat="3" name="BahTOBUK" chips="1,151" dealer="1" win="90" bet="1,151" muck="1" rebuy="0" addon="0" merge="0" rebuychips="0" reg_code="8384807129"/>
</players>
</general>
<round no="0"><action no="1" player="BahTOBUK" type="15" discard="1" dealt="1" sum="5"/>
<action no="2" player="oreiasccp" type="15" sum="5"/>
<action no="3" player="BahTOBUK" type="1" discard="1" dealt="1" sum="20"/>
<action no="4" player="oreiasccp" type="2" sum="40"/>
</round>
<round no="1"><cards type="Pocket" player="BahTOBUK">X X</cards>
<cards type="Pocket" player="oreiasccp">S6 S8</cards>
<action no="5" player="BahTOBUK" type="23" discard="1" dealt="1" sum="1,146"/>
<action no="6" player="oreiasccp" type="0" sum="0"/>
</round>
</game>
<game gamecode="11514734769"><general><startdate>2025-06-16 05:38:23</startdate>
<round>1</round>
<failsafecounter/>
<players><player seat="3" name="BahTOBUK" chips="1,196" dealer="0" win="70" bet="65" muck="1" rebuy="0" addon="0" merge="0" rebuychips="0" reg_code="8384807129"/>
<player seat="10" name="oreiasccp" chips="304" dealer="1" win="0" bet="35" muck="1" rebuy="0" addon="0" merge="0" rebuychips="0" reg_code="8384807181"/>
</players>
</general>
<round no="0"><action no="1" player="oreiasccp" type="15" sum="5"/>
<action no="2" player="BahTOBUK" type="15" discard="1" dealt="1" sum="5"/>
<action no="3" player="oreiasccp" type="1" sum="30"/>
<action no="4" player="BahTOBUK" type="2" discard="1" dealt="1" sum="60"/>
</round>
<round no="1"><cards type="Pocket" player="BahTOBUK">X X</cards>
<cards type="Pocket" player="oreiasccp">C3 H6</cards>
<action no="5" player="oreiasccp" type="0" sum="0"/>
</round>
</game>
<game gamecode="11514734782"><general><startdate>2025-06-16 05:38:29</startdate>
<round>1</round>
<failsafecounter/>
<players><player seat="10" name="oreiasccp" chips="269" dealer="0" win="70" bet="65" muck="1" rebuy="0" addon="0" merge="0" rebuychips="0" reg_code="8384807181"/>
<player seat="3" name="BahTOBUK" chips="1,231" dealer="1" win="0" bet="35" muck="1" rebuy="0" addon="0" merge="0" rebuychips="0" reg_code="8384807129"/>
</players>
</general>
<round no="0"><action no="1" player="BahTOBUK" type="15" discard="1" dealt="1" sum="5"/>
<action no="2" player="oreiasccp" type="15" sum="5"/>
<action no="3" player="BahTOBUK" type="1" discard="1" dealt="1" sum="30"/>
<action no="4" player="oreiasccp" type="2" sum="60"/>
</round>
<round no="1"><cards type="Pocket" player="BahTOBUK">X X</cards>
<cards type="Pocket" player="oreiasccp">S5 HK</cards>
<action no="5" player="BahTOBUK" type="0" discard="1" dealt="1" sum="0"/>
</round>
</game>
<game gamecode="11514734796"><general><startdate>2025-06-16 05:38:35</startdate>
<round>1</round>
<failsafecounter/>
<players><player seat="3" name="BahTOBUK" chips="1,196" dealer="0" win="608" bet="304" muck="0" rebuy="0" addon="0" merge="0" rebuychips="0" reg_code="8384807129"/>
<player seat="10" name="oreiasccp" chips="304" dealer="1" win="0" bet="304" muck="0" rebuy="0" addon="0" merge="0" rebuychips="0" reg_code="8384807181"/>
</players>
</general>
<round no="0"><action no="1" player="oreiasccp" type="15" sum="5"/>
<action no="2" player="BahTOBUK" type="15" discard="1" dealt="1" sum="5"/>
<action no="3" player="oreiasccp" type="1" sum="30"/>
<action no="4" player="BahTOBUK" type="2" discard="1" dealt="1" sum="60"/>
</round>
<round no="1"><cards type="Pocket" player="oreiasccp">S9 S7</cards>
<cards type="Pocket" player="BahTOBUK">CK CJ</cards>
<action no="5" player="oreiasccp" type="23" sum="299"/>
<action no="6" player="BahTOBUK" type="3" discard="1" dealt="1" sum="239"/>
</round>
<round no="2"><cards type="Flop">H8 C9 S8</cards>
</round>
<round no="3"><cards type="Turn">HK</cards>
</round>
<round no="4"><cards type="River">D3</cards>
</round>
</game>
</session>
