<?xml version="1.0" encoding="UTF-8"?>
<session sessioncode="8384806420">
<general>
<client_version>24.7.1.16</client_version>
<mode>real</mode>
<gametype>Holdem NL</gametype>
<tablename>Twister €5 SNG, 1127557263</tablename>
<tournamentcode>1127557262</tournamentcode>
<tournamentname>Twister €5 SNG</tournamentname>
<buyin>€0 + €0.35 + €4.65</buyin>
<totalbuyin>€5</totalbuyin>
<rewarddrawn>€10</rewarddrawn>
<tournamentcurrency>EUR</tournamentcurrency>
<currency>EUR</currency>
<nickname>oreiasccp</nickname>
<gamecount>11</gamecount>
<startdate>2025-06-16 05:26:10</startdate>
<place>2</place>
<win>€0</win>
<tablesize>3</tablesize>
</general>
<game gamecode="11514729777"><general><startdate>2025-06-16 05:26:25</startdate>
<round>1</round>
<failsafecounter/>
<players><player seat="3" name="Sp1nX" chips="500" dealer="0" win="0" bet="20" muck="1" rebuy="0" addon="0" merge="0" rebuychips="0" reg_code="8384806338"/>
<player seat="6" name="oreiasccp" chips="500" dealer="1" win="0" bet="60" muck="1" rebuy="0" addon="0" merge="0" rebuychips="0" reg_code="8384806420"/>
<player seat="10" name="queenwitty212" chips="500" dealer="0" win="140" bet="300" muck="1" rebuy="0" addon="0" merge="0" rebuychips="0" reg_code="8384806428"/>
</players>
</general>
<round no="0"><action no="1" player="queenwitty212" type="1" discard="1" dealt="1" sum="10"/>
<action no="2" player="Sp1nX" type="2" discard="1" dealt="1" sum="20"/>
</round>
<round no="1"><cards type="Pocket" player="queenwitty212">X X</cards>
<cards type="Pocket" player="oreiasccp">C6 CK</cards>
<cards type="Pocket" player="Sp1nX">X X</cards>
<action no="3" player="oreiasccp" type="23" sum="40"/>
<action no="4" player="queenwitty212" type="23" discard="1" dealt="1" sum="60"/>
<action no="5" player="Sp1nX" type="0" discard="1" dealt="1" sum="0"/>
<action no="6" player="oreiasccp" type="3" sum="20"/>
</round>
<round no="2"><cards type="Flop">D5 H8 CJ</cards>
<action no="7" player="queenwitty212" type="5" discard="1" dealt="1" sum="240"/>
<action no="8" player="oreiasccp" type="0" sum="0"/>
</round>
</game>
<game gamecode="11514729805"><general><startdate>2025-06-16 05:26:42</startdate>
<round>1</round>
<failsafecounter/>
<players><player seat="6" name="oreiasccp" chips="440" dealer="0" win="0" bet="20" muck="1" rebuy="0" addon="0" merge="0" rebuychips="0" reg_code="8384806420"/>
<player seat="10" name="queenwitty212" chips="580" dealer="1" win="50" bet="320" muck="1" rebuy="0" addon="0" merge="0" rebuychips="0" reg_code="8384806428"/>
<player seat="3" name="Sp1nX" chips="480" dealer="0" win="0" bet="10" muck="1" rebuy="0" addon="0" merge="0" rebuychips="0" reg_code="8384806338"/>
</players>
</general>
<round no="0"><action no="1" player="Sp1nX" type="1" discard="1" dealt="1" sum="10"/>
<action no="2" player="oreiasccp" type="2" sum="20"/>
</round>
<round no="1"><cards type="Pocket" player="queenwitty212">X X</cards>
<cards type="Pocket" player="oreiasccp">C3 H10</cards>
<cards type="Pocket" player="Sp1nX">X X</cards>
<action no="3" player="queenwitty212" type="23" discard="1" dealt="1" sum="320"/>
<action no="4" player="Sp1nX" type="0" discard="1" dealt="1" sum="0"/>
<action no="5" player="oreiasccp" type="0" sum="0"/>
</round>
</game>
<game gamecode="11514729831"><general><startdate>2025-06-16 05:26:52</startdate>
<round>1</round>
<failsafecounter/>
<players><player seat="10" name="queenwitty212" chips="610" dealer="0" win="280" bet="300" muck="1" rebuy="0" addon="0" merge="0" rebuychips="0" reg_code="8384806428"/>
<player seat="3" name="Sp1nX" chips="470" dealer="1" win="0" bet="0" muck="1" rebuy="0" addon="0" merge="0" rebuychips="0" reg_code="8384806338"/>
<player seat="6" name="oreiasccp" chips="420" dealer="0" win="0" bet="140" muck="1" rebuy="0" addon="0" merge="0" rebuychips="0" reg_code="8384806420"/>
</players>
</general>
<round no="0"><action no="1" player="oreiasccp" type="1" sum="10"/>
<action no="2" player="queenwitty212" type="2" discard="1" dealt="1" sum="20"/>
</round>
<round no="1"><cards type="Pocket" player="Sp1nX">X X</cards>
<cards type="Pocket" player="oreiasccp">SA SK</cards>
<cards type="Pocket" player="queenwitty212">X X</cards>
<action no="3" player="Sp1nX" type="0" discard="1" dealt="1" sum="0"/>
<action no="4" player="oreiasccp" type="23" sum="60"/>
<action no="5" player="queenwitty212" type="3" discard="1" dealt="1" sum="40"/>
</round>
<round no="2"><cards type="Flop">H3 D3 S6</cards>
<action no="6" player="oreiasccp" type="5" sum="30"/>
<action no="7" player="queenwitty212" type="23" discard="1" dealt="1" sum="60"/>
<action no="8" player="oreiasccp" type="3" sum="30"/>
</round>
<round no="3"><cards type="Turn">C5</cards>
<action no="9" player="oreiasccp" type="4" sum="0"/>
<action no="10" player="queenwitty212" type="5" discard="1" dealt="1" sum="20"/>
<action no="11" player="oreiasccp" type="3" sum="20"/>
</round>
<round no="4"><cards type="River">S7</cards>
<action no="12" player="oreiasccp" type="4" sum="0"/>
<action no="13" player="queenwitty212" type="5" discard="1" dealt="1" sum="160"/>
<action no="14" player="oreiasccp" type="0" sum="0"/>
</round>
</game>
<game gamecode="11514729863"><general><startdate>2025-06-16 05:27:13</startdate>
<round>1</round>
<failsafecounter/>
<players><player seat="3" name="Sp1nX" chips="470" dealer="0" win="0" bet="140" muck="1" rebuy="0" addon="0" merge="0" rebuychips="0" reg_code="8384806338"/>
<player seat="6" name="oreiasccp" chips="280" dealer="1" win="0" bet="0" muck="1" rebuy="0" addon="0" merge="0" rebuychips="0" reg_code="8384806420"/>
<player seat="10" name="queenwitty212" chips="750" dealer="0" win="280" bet="420" muck="1" rebuy="0" addon="0" merge="0" rebuychips="0" reg_code="8384806428"/>
</players>
</general>
<round no="0"><action no="1" player="queenwitty212" type="1" discard="1" dealt="1" sum="10"/>
<action no="2" player="Sp1nX" type="2" discard="1" dealt="1" sum="20"/>
</round>
<round no="1"><cards type="Pocket" player="oreiasccp">CK C2</cards>
<cards type="Pocket" player="queenwitty212">X X</cards>
<cards type="Pocket" player="Sp1nX">X X</cards>
<action no="3" player="oreiasccp" type="0" sum="0"/>
<action no="4" player="queenwitty212" type="23" discard="1" dealt="1" sum="40"/>
<action no="5" player="Sp1nX" type="3" discard="1" dealt="1" sum="20"/>
</round>
<round no="2"><cards type="Flop">C8 H5 CQ</cards>
<action no="6" player="queenwitty212" type="5" discard="1" dealt="1" sum="20"/>
<action no="7" player="Sp1nX" type="3" discard="1" dealt="1" sum="20"/>
</round>
<round no="3"><cards type="Turn">S2</cards>
<action no="8" player="queenwitty212" type="5" discard="1" dealt="1" sum="80"/>
<action no="9" player="Sp1nX" type="3" discard="1" dealt="1" sum="80"/>
</round>
<round no="4"><cards type="River">SJ</cards>
<action no="10" player="queenwitty212" type="5" discard="1" dealt="1" sum="280"/>
<action no="11" player="Sp1nX" type="0" discard="1" dealt="1" sum="0"/>
</round>
</game>
<game gamecode="11514729894"><general><startdate>2025-06-16 05:27:32</startdate>
<round>1</round>
<failsafecounter/>
<players><player seat="6" name="oreiasccp" chips="280" dealer="0" win="0" bet="20" muck="1" rebuy="0" addon="0" merge="0" rebuychips="0" reg_code="8384806420"/>
<player seat="10" name="queenwitty212" chips="890" dealer="1" win="50" bet="40" muck="1" rebuy="0" addon="0" merge="0" rebuychips="0" reg_code="8384806428"/>
<player seat="3" name="Sp1nX" chips="330" dealer="0" win="0" bet="10" muck="1" rebuy="0" addon="0" merge="0" rebuychips="0" reg_code="8384806338"/>
</players>
</general>
<round no="0"><action no="1" player="Sp1nX" type="1" discard="1" dealt="1" sum="10"/>
<action no="2" player="oreiasccp" type="2" sum="20"/>
</round>
<round no="1"><cards type="Pocket" player="oreiasccp">D2 C10</cards>
<cards type="Pocket" player="queenwitty212">X X</cards>
<cards type="Pocket" player="Sp1nX">X X</cards>
<action no="3" player="queenwitty212" type="23" discard="1" dealt="1" sum="40"/>
<action no="4" player="Sp1nX" type="0" discard="1" dealt="1" sum="0"/>
<action no="5" player="oreiasccp" type="0" sum="0"/>
</round>
</game>
<game gamecode="11514729926"><general><startdate>2025-06-16 05:27:46</startdate>
<round>1</round>
<failsafecounter/>
<players><player seat="10" name="queenwitty212" chips="920" dealer="0" win="0" bet="320" muck="1" rebuy="0" addon="0" merge="0" rebuychips="0" reg_code="8384806428"/>
<player seat="3" name="Sp1nX" chips="320" dealer="1" win="650" bet="320" muck="0" rebuy="0" addon="0" merge="0" rebuychips="0" reg_code="8384806338"/>
<player seat="6" name="oreiasccp" chips="260" dealer="0" win="0" bet="10" muck="1" rebuy="0" addon="0" merge="0" rebuychips="0" reg_code="8384806420"/>
</players>
</general>
<round no="0"><action no="1" player="oreiasccp" type="1" sum="10"/>
<action no="2" player="queenwitty212" type="2" discard="1" dealt="1" sum="20"/>
</round>
<round no="1"><cards type="Pocket" player="Sp1nX">CA D8</cards>
<cards type="Pocket" player="queenwitty212">DJ HJ</cards>
<cards type="Pocket" player="oreiasccp">H4 S6</cards>
<action no="3" player="Sp1nX" type="23" discard="1" dealt="1" sum="320"/>
<action no="4" player="oreiasccp" type="0" sum="0"/>
<action no="5" player="queenwitty212" type="3" discard="1" dealt="1" sum="300"/>
</round>
<round no="2"><cards type="Flop">S8 CK SQ</cards>
</round>
<round no="3"><cards type="Turn">HA</cards>
</round>
<round no="4"><cards type="River">S9</cards>
</round>
</game>
<game gamecode="11514729960"><general><startdate>2025-06-16 05:28:04</startdate>
<round>1</round>
<failsafecounter/>
<players><player seat="3" name="Sp1nX" chips="650" dealer="0" win="0" bet="20" muck="1" rebuy="0" addon="0" merge="0" rebuychips="0" reg_code="8384806338"/>
<player seat="6" name="oreiasccp" chips="250" dealer="1" win="0" bet="0" muck="1" rebuy="0" addon="0" merge="0" rebuychips="0" reg_code="8384806420"/>
<player seat="10" name="queenwitty212" chips="600" dealer="0" win="40" bet="600" muck="1" rebuy="0" addon="0" merge="0" rebuychips="0" reg_code="8384806428"/>
</players>
</general>
<round no="0"><action no="1" player="queenwitty212" type="1" discard="1" dealt="1" sum="10"/>
<action no="2" player="Sp1nX" type="2" discard="1" dealt="1" sum="20"/>
</round>
<round no="1"><cards type="Pocket" player="Sp1nX">X X</cards>
<cards type="Pocket" player="oreiasccp">H6 C9</cards>
<cards type="Pocket" player="queenwitty212">X X</cards>
<action no="3" player="oreiasccp" type="0" sum="0"/>
<action no="4" player="queenwitty212" type="23" discard="1" dealt="1" sum="600"/>
<action no="5" player="Sp1nX" type="0" discard="1" dealt="1" sum="0"/>
</round>
</game>
<game gamecode="11514729979"><general><startdate>2025-06-16 05:28:13</startdate>
<round>1</round>
<failsafecounter/>
<players><player seat="6" name="oreiasccp" chips="250" dealer="0" win="0" bet="20" muck="1" rebuy="0" addon="0" merge="0" rebuychips="0" reg_code="8384806420"/>
<player seat="10" name="queenwitty212" chips="620" dealer="1" win="0" bet="620" muck="0" rebuy="0" addon="0" merge="0" rebuychips="0" reg_code="8384806428"/>
<player seat="3" name="Sp1nX" chips="630" dealer="0" win="1,260" bet="630" muck="0" rebuy="0" addon="0" merge="0" rebuychips="0" reg_code="8384806338"/>
</players>
</general>
<round no="0"><action no="1" player="Sp1nX" type="1" discard="1" dealt="1" sum="10"/>
<action no="2" player="oreiasccp" type="2" sum="20"/>
</round>
<round no="1"><cards type="Pocket" player="Sp1nX">HK DA</cards>
<cards type="Pocket" player="oreiasccp">C7 S3</cards>
<cards type="Pocket" player="queenwitty212">SQ H8</cards>
<action no="3" player="queenwitty212" type="23" discard="1" dealt="1" sum="40"/>
<action no="4" player="Sp1nX" type="23" discard="1" dealt="1" sum="630"/>
<action no="5" player="oreiasccp" type="0" sum="0"/>
<action no="6" player="queenwitty212" type="7" discard="1" dealt="1" sum="580"/>
</round>
<round no="2"><cards type="Flop">S4 C5 C8</cards>
</round>
<round no="3"><cards type="Turn">SK</cards>
</round>
<round no="4"><cards type="River">HJ</cards>
</round>
</game>
<game gamecode="11514730015"><general><startdate>2025-06-16 05:28:32</startdate>
<round>1</round>
<failsafecounter/>
<players><player seat="6" name="oreiasccp" chips="230" dealer="0" win="70" bet="230" muck="1" rebuy="0" addon="0" merge="0" rebuychips="0" reg_code="8384806420"/>
<player seat="3" name="Sp1nX" chips="1,270" dealer="1" win="0" bet="35" muck="1" rebuy="0" addon="0" merge="0" rebuychips="0" reg_code="8384806338"/>
</players>
</general>
<round no="0"><action no="1" player="Sp1nX" type="15" discard="1" dealt="1" sum="5"/>
<action no="2" player="oreiasccp" type="15" sum="5"/>
<action no="3" player="Sp1nX" type="1" discard="1" dealt="1" sum="15"/>
<action no="4" player="oreiasccp" type="2" sum="30"/>
</round>
<round no="1"><cards type="Pocket" player="Sp1nX">X X</cards>
<cards type="Pocket" player="oreiasccp">C6 SK</cards>
<action no="5" player="Sp1nX" type="3" discard="1" dealt="1" sum="15"/>
<action no="6" player="oreiasccp" type="23" sum="225"/>
<action no="7" player="Sp1nX" type="0" discard="1" dealt="1" sum="0"/>
</round>
</game>
<game gamecode="11514730041"><general><startdate>2025-06-16 05:28:48</startdate>
<round>1</round>
<failsafecounter/>
<players><player seat="3" name="Sp1nX" chips="1,235" dealer="0" win="70" bet="1,235" muck="1" rebuy="0" addon="0" merge="0" rebuychips="0" reg_code="8384806338"/>
<player seat="6" name="oreiasccp" chips="265" dealer="1" win="0" bet="35" muck="1" rebuy="0" addon="0" merge="0" rebuychips="0" reg_code="8384806420"/>
</players>
</general>
<round no="0"><action no="1" player="oreiasccp" type="15" sum="5"/>
<action no="2" player="Sp1nX" type="15" discard="1" dealt="1" sum="5"/>
<action no="3" player="oreiasccp" type="1" sum="15"/>
<action no="4" player="Sp1nX" type="2" discard="1" dealt="1" sum="30"/>
</round>
<round no="1"><cards type="Pocket" player="Sp1nX">X X</cards>
<cards type="Pocket" player="oreiasccp">H6 SJ</cards>
<action no="5" player="oreiasccp" type="3" sum="15"/>
<action no="6" player="Sp1nX" type="23" discard="1" dealt="1" sum="1,230"/>
<action no="7" player="oreiasccp" type="0" sum="0"/>
</round>
</game>
<game gamecode="11514730063"><general><startdate>2025-06-16 05:28:58</startdate>
<round>1</round>
<failsafecounter/>
<players><player seat="6" name="oreiasccp" chips="230" dealer="0" win="0" bet="230" muck="1" rebuy="0" addon="0" merge="0" rebuychips="0" reg_code="8384806420"/>
<player seat="3" name="Sp1nX" chips="1,270" dealer="1" win="460" bet="1,270" muck="0" rebuy="0" addon="0" merge="0" rebuychips="0" reg_code="8384806338"/>
</players>
</general>
<round no="0"><action no="1" player="Sp1nX" type="15" discard="1" dealt="1" sum="5"/>
<action no="2" player="oreiasccp" type="15" sum="5"/>
<action no="3" player="Sp1nX" type="1" discard="1" dealt="1" sum="15"/>
<action no="4" player="oreiasccp" type="2" sum="30"/>
</round>
<round no="1"><cards type="Pocket" player="Sp1nX">H5 CK</cards>
<cards type="Pocket" player="oreiasccp">H4 D4</cards>
<action no="5" player="Sp1nX" type="23" discard="1" dealt="1" sum="1,265"/>
<action no="6" player="oreiasccp" type="7" sum="195"/>
</round>
<round no="2"><cards type="Flop">HK S10 S2</cards>
</round>
<round no="3"><cards type="Turn">H7</cards>
</round>
<round no="4"><cards type="River">SQ</cards>
</round>
</game>
</session>
