<?xml version="1.0" encoding="UTF-8"?>
<session sessioncode="8384807774">
<general>
<client_version>24.7.1.16</client_version>
<mode>real</mode>
<gametype>Holdem NL</gametype>
<tablename>Twister €5 SNG, 1127557566</tablename>
<tournamentcode>1127557565</tournamentcode>
<tournamentname>Twister €5 SNG</tournamentname>
<buyin>€0 + €0.35 + €4.65</buyin>
<totalbuyin>€5</totalbuyin>
<rewarddrawn>€25</rewarddrawn>
<tournamentcurrency>EUR</tournamentcurrency>
<currency>EUR</currency>
<nickname>oreiasccp</nickname>
<gamecount>6</gamecount>
<startdate>2025-06-16 05:36:43</startdate>
<place>3</place>
<win>€0</win>
<tablesize>3</tablesize>
</general>
<game gamecode="11514734577"><general><startdate>2025-06-16 05:36:58</startdate>
<round>1</round>
<failsafecounter/>
<players><player seat="10" name="oreiasccp" chips="500" dealer="0" win="0" bet="20" muck="1" rebuy="0" addon="0" merge="0" rebuychips="0" reg_code="8384807774"/>
<player seat="3" name="mojorisin6" chips="500" dealer="1" win="50" bet="40" muck="1" rebuy="0" addon="0" merge="0" rebuychips="0" reg_code="8384807658"/>
<player seat="6" name="BahTOBUK" chips="500" dealer="0" win="0" bet="10" muck="1" rebuy="0" addon="0" merge="0" rebuychips="0" reg_code="8384807712"/>
</players>
</general>
<round no="0"><action no="1" player="BahTOBUK" type="1" discard="1" dealt="1" sum="10"/>
<action no="2" player="oreiasccp" type="2" sum="20"/>
</round>
<round no="1"><cards type="Pocket" player="BahTOBUK">X X</cards>
<cards type="Pocket" player="oreiasccp">H3 S9</cards>
<cards type="Pocket" player="mojorisin6">X X</cards>
<action no="3" player="mojorisin6" type="23" discard="1" dealt="1" sum="40"/>
<action no="4" player="BahTOBUK" type="0" discard="1" dealt="1" sum="0"/>
<action no="5" player="oreiasccp" type="0" sum="0"/>
</round>
</game>
<game gamecode="11514734622"><general><startdate>2025-06-16 05:37:18</startdate>
<round>1</round>
<failsafecounter/>
<players><player seat="3" name="mojorisin6" chips="530" dealer="0" win="0" bet="40" muck="1" rebuy="0" addon="0" merge="0" rebuychips="0" reg_code="8384807658"/>
<player seat="6" name="BahTOBUK" chips="490" dealer="1" win="90" bet="88" muck="1" rebuy="0" addon="0" merge="0" rebuychips="0" reg_code="8384807712"/>
<player seat="10" name="oreiasccp" chips="480" dealer="0" win="0" bet="10" muck="1" rebuy="0" addon="0" merge="0" rebuychips="0" reg_code="8384807774"/>
</players>
</general>
<round no="0"><action no="1" player="oreiasccp" type="1" sum="10"/>
<action no="2" player="mojorisin6" type="2" discard="1" dealt="1" sum="20"/>
</round>
<round no="1"><cards type="Pocket" player="mojorisin6">X X</cards>
<cards type="Pocket" player="oreiasccp">S6 SJ</cards>
<cards type="Pocket" player="BahTOBUK">X X</cards>
<action no="3" player="BahTOBUK" type="23" discard="1" dealt="1" sum="40"/>
<action no="4" player="oreiasccp" type="0" sum="0"/>
<action no="5" player="mojorisin6" type="3" discard="1" dealt="1" sum="20"/>
</round>
<round no="2"><cards type="Flop">D3 C5 H8</cards>
<action no="6" player="mojorisin6" type="4" discard="1" dealt="1" sum="0"/>
<action no="7" player="BahTOBUK" type="5" discard="1" dealt="1" sum="48"/>
<action no="8" player="mojorisin6" type="0" discard="1" dealt="1" sum="0"/>
</round>
</game>
<game gamecode="11514734705"><general><startdate>2025-06-16 05:37:54</startdate>
<round>1</round>
<failsafecounter/>
<players><player seat="6" name="BahTOBUK" chips="540" dealer="0" win="0" bet="20" muck="1" rebuy="0" addon="0" merge="0" rebuychips="0" reg_code="8384807712"/>
<player seat="10" name="oreiasccp" chips="470" dealer="1" win="0" bet="0" muck="1" rebuy="0" addon="0" merge="0" rebuychips="0" reg_code="8384807774"/>
<player seat="3" name="mojorisin6" chips="490" dealer="0" win="40" bet="60" muck="1" rebuy="0" addon="0" merge="0" rebuychips="0" reg_code="8384807658"/>
</players>
</general>
<round no="0"><action no="1" player="mojorisin6" type="1" discard="1" dealt="1" sum="10"/>
<action no="2" player="BahTOBUK" type="2" discard="1" dealt="1" sum="20"/>
</round>
<round no="1"><cards type="Pocket" player="BahTOBUK">X X</cards>
<cards type="Pocket" player="mojorisin6">X X</cards>
<cards type="Pocket" player="oreiasccp">H10 C5</cards>
<action no="3" player="oreiasccp" type="0" sum="0"/>
<action no="4" player="mojorisin6" type="23" discard="1" dealt="1" sum="60"/>
<action no="5" player="BahTOBUK" type="0" discard="1" dealt="1" sum="0"/>
</round>
</game>
<game gamecode="11514734737"><general><startdate>2025-06-16 05:38:10</startdate>
<round>1</round>
<failsafecounter/>
<players><player seat="10" name="oreiasccp" chips="470" dealer="0" win="0" bet="40" muck="1" rebuy="0" addon="0" merge="0" rebuychips="0" reg_code="8384807774"/>
<player seat="3" name="mojorisin6" chips="510" dealer="1" win="0" bet="0" muck="1" rebuy="0" addon="0" merge="0" rebuychips="0" reg_code="8384807658"/>
<player seat="6" name="BahTOBUK" chips="520" dealer="0" win="80" bet="83" muck="1" rebuy="0" addon="0" merge="0" rebuychips="0" reg_code="8384807712"/>
</players>
</general>
<round no="0"><action no="1" player="BahTOBUK" type="1" discard="1" dealt="1" sum="10"/>
<action no="2" player="oreiasccp" type="2" sum="20"/>
</round>
<round no="1"><cards type="Pocket" player="BahTOBUK">X X</cards>
<cards type="Pocket" player="mojorisin6">X X</cards>
<cards type="Pocket" player="oreiasccp">H10 H9</cards>
<action no="3" player="mojorisin6" type="0" discard="1" dealt="1" sum="0"/>
<action no="4" player="BahTOBUK" type="3" discard="1" dealt="1" sum="10"/>
<action no="5" player="oreiasccp" type="4" sum="0"/>
</round>
<round no="2"><cards type="Flop">HA D8 S8</cards>
<action no="6" player="BahTOBUK" type="5" discard="1" dealt="1" sum="20"/>
<action no="7" player="oreiasccp" type="3" sum="20"/>
</round>
<round no="3"><cards type="Turn">C6</cards>
<action no="8" player="BahTOBUK" type="5" discard="1" dealt="1" sum="43"/>
<action no="9" player="oreiasccp" type="0" sum="0"/>
</round>
</game>
<game gamecode="11514734822"><general><startdate>2025-06-16 05:38:47</startdate>
<round>1</round>
<failsafecounter/>
<players><player seat="3" name="mojorisin6" chips="510" dealer="0" win="0" bet="20" muck="1" rebuy="0" addon="0" merge="0" rebuychips="0" reg_code="8384807658"/>
<player seat="6" name="BahTOBUK" chips="560" dealer="1" win="50" bet="40" muck="1" rebuy="0" addon="0" merge="0" rebuychips="0" reg_code="8384807712"/>
<player seat="10" name="oreiasccp" chips="430" dealer="0" win="0" bet="10" muck="1" rebuy="0" addon="0" merge="0" rebuychips="0" reg_code="8384807774"/>
</players>
</general>
<round no="0"><action no="1" player="oreiasccp" type="1" sum="10"/>
<action no="2" player="mojorisin6" type="2" discard="1" dealt="1" sum="20"/>
</round>
<round no="1"><cards type="Pocket" player="mojorisin6">X X</cards>
<cards type="Pocket" player="oreiasccp">C7 S8</cards>
<cards type="Pocket" player="BahTOBUK">X X</cards>
<action no="3" player="BahTOBUK" type="23" discard="1" dealt="1" sum="40"/>
<action no="4" player="oreiasccp" type="0" sum="0"/>
<action no="5" player="mojorisin6" type="0" discard="1" dealt="1" sum="0"/>
</round>
</game>
<game gamecode="11514734858"><general><startdate>2025-06-16 05:39:07</startdate>
<round>1</round>
<failsafecounter/>
<players><player seat="6" name="BahTOBUK" chips="590" dealer="0" win="0" bet="35" muck="1" rebuy="0" addon="0" merge="0" rebuychips="0" reg_code="8384807712"/>
<player seat="10" name="oreiasccp" chips="420" dealer="1" win="0" bet="420" muck="0" rebuy="0" addon="0" merge="0" rebuychips="0" reg_code="8384807774"/>
<player seat="3" name="mojorisin6" chips="490" dealer="0" win="875" bet="490" muck="0" rebuy="0" addon="0" merge="0" rebuychips="0" reg_code="8384807658"/>
</players>
</general>
<round no="0"><action no="1" player="mojorisin6" type="15" discard="1" dealt="1" sum="5"/>
<action no="2" player="BahTOBUK" type="15" discard="1" dealt="1" sum="5"/>
<action no="3" player="oreiasccp" type="15" sum="5"/>
<action no="4" player="mojorisin6" type="1" discard="1" dealt="1" sum="15"/>
<action no="5" player="BahTOBUK" type="2" discard="1" dealt="1" sum="30"/>
</round>
<round no="1"><cards type="Pocket" player="mojorisin6">S8 C8</cards>
<cards type="Pocket" player="oreiasccp">C6 CK</cards>
<cards type="Pocket" player="BahTOBUK">X X</cards>
<action no="6" player="oreiasccp" type="23" sum="390"/>
<action no="7" player="mojorisin6" type="7" discard="1" dealt="1" sum="470"/>
<action no="8" player="BahTOBUK" type="0" discard="1" dealt="1" sum="0"/>
<action no="9" player="oreiasccp" type="7" sum="25"/>
</round>
<round no="2"><cards type="Flop">CQ SA H3</cards>
</round>
<round no="3"><cards type="Turn">C3</cards>
</round>
<round no="4"><cards type="River">D10</cards>
</round>
</game>
</session>
